t_s,gpu_util_pct,mem_used_mib,power_w,temp_c,sclk_mhz,mclk_mhz,util_nc0,util_nc1,util_nc2,util_nc3,host_mem_used_mib
0.0,,,,,,,,,,,
1.0,0.0,0.0,,,,,0.0,0.0,0.0,0.0,0.0
2.0,0.0,0.0,,,,,0.0,0.0,0.0,0.0,0.0
3.0,0.0,0.0,,,,,0.0,0.0,0.0,0.0,0.0
4.0,0.0,0.0,,,,,0.0,0.0,0.0,0.0,0.0
5.0,0.0,0.0,,,,,0.0,0.0,0.0,0.0,0.0
6.0,0.0,0.0,,,,,0.0,0.0,0.0,0.0,0.0
7.0,0.0,0.0,,,,,0.0,0.0,0.0,0.0,0.0
8.0,0.0,0.0,,,,,0.0,0.0,0.0,0.0,4486.0
9.0,0.0,0.0,,,,,0.0,0.0,0.0,0.0,4486.0
10.0,0.0,0.0,,,,,0.0,0.0,0.0,0.0,4486.0
11.0,0.0,0.0,,,,,0.0,0.0,0.0,0.0,4486.0
12.0,0.0,0.0,,,,,0.0,0.0,0.0,0.0,4486.0
13.0,0.0,10.4,,,,,0.0,0.0,0.0,0.0,4490.8
14.0,0.0,10.4,,,,,0.0,0.0,0.0,0.0,4490.8
15.0,0.0,10.4,,,,,0.0,0.0,0.0,0.0,4490.8
16.0,0.0,10.4,,,,,0.0,0.0,0.0,0.0,4490.8
17.0,0.0,10.4,,,,,0.0,0.0,0.0,0.0,4490.8
18.0,0.0,10.4,,,,,0.0,0.0,0.0,0.0,4490.8
19.0,0.0,10.4,,,,,0.0,0.0,0.0,0.0,4490.8
20.0,0.0,10.4,,,,,0.0,0.0,0.0,0.0,4490.8
21.0,0.0,10.4,,,,,0.0,0.0,0.0,0.0,4490.8
22.0,0.01,335.5,,,,,0.01,0.01,0.01,0.01,4703.1
23.0,0.0,335.5,,,,,0.0,0.0,0.0,0.0,8341.3
24.0,0.0,335.5,,,,,0.0,0.0,0.0,0.0,6776.1
25.0,0.0,335.5,,,,,0.0,0.0,0.0,0.0,7912.6
26.0,0.0,335.5,,,,,0.0,0.0,0.0,0.0,9200.6
27.0,0.0,335.5,,,,,0.0,0.0,0.0,0.0,10614.7
28.0,0.0,335.5,,,,,0.0,0.0,0.0,0.0,11759.3
29.0,0.0,335.5,,,,,0.0,0.0,0.0,0.0,13036.9
30.01,0.0,335.5,,,,,0.0,0.0,0.0,0.0,14225.2
31.01,0.0,335.5,,,,,0.0,0.0,0.0,0.0,15425.9
32.01,0.0,335.5,,,,,0.0,0.0,0.0,0.0,16620.4
33.01,0.0,335.5,,,,,0.0,0.0,0.0,0.0,17878.3
34.01,0.0,335.5,,,,,0.0,0.0,0.0,0.0,19460.3
35.01,0.0,335.5,,,,,0.0,0.0,0.0,0.0,20061.7
36.01,0.0,335.5,,,,,0.0,0.0,0.0,0.0,21190.7
37.01,0.0,335.5,,,,,0.0,0.0,0.0,0.0,22577.5
38.01,0.0,335.5,,,,,0.0,0.0,0.0,0.0,21043.0
39.01,0.0,335.5,,,,,0.0,0.0,0.0,0.0,22318.7
40.01,0.0,335.5,,,,,0.0,0.0,0.0,0.0,20892.8
41.01,0.0,335.5,,,,,0.0,0.0,0.0,0.0,22081.4
42.01,0.0,335.5,,,,,0.0,0.0,0.0,0.0,20769.5
43.01,0.0,335.5,,,,,0.0,0.0,0.0,0.0,21862.3
44.01,0.0,335.5,,,,,0.0,0.0,0.0,0.0,20653.3
45.01,0.0,335.5,,,,,0.0,0.0,0.0,0.0,21743.0
46.01,0.0,335.5,,,,,0.0,0.0,0.0,0.0,20533.8
47.01,0.0,335.5,,,,,0.0,0.0,0.0,0.0,21669.5
48.01,0.0,335.5,,,,,0.0,0.0,0.0,0.0,20401.8
49.01,0.0,335.5,,,,,0.0,0.0,0.0,0.0,21669.5
50.01,0.0,335.5,,,,,0.0,0.0,0.0,0.0,20254.2
51.01,0.0,335.5,,,,,0.0,0.0,0.0,0.0,21615.1
52.01,0.0,335.5,,,,,0.0,0.0,0.0,0.0,20123.6
53.01,0.0,335.5,,,,,0.0,0.0,0.0,0.0,21515.2
54.01,0.0,335.5,,,,,0.0,0.0,0.0,0.0,19986.9
55.01,0.0,335.5,,,,,0.0,0.0,0.0,0.0,21372.4
56.01,0.0,335.5,,,,,0.0,0.0,0.0,0.0,21614.4
57.01,0.0,335.5,,,,,0.0,0.0,0.0,0.0,22580.4
58.01,0.0,335.5,,,,,0.0,0.0,0.0,0.0,33460.9
59.01,0.0,335.5,,,,,0.0,0.0,0.0,0.0,38832.3
60.01,0.0,335.5,,,,,0.0,0.0,0.0,0.0,35973.7
61.01,0.0,335.5,,,,,0.0,0.0,0.0,0.0,36548.6
62.01,0.0,335.5,,,,,0.0,0.0,0.0,0.0,24732.0
63.01,0.02,338.7,,,,,0.02,0.02,0.02,0.02,22086.4
64.01,0.0,338.7,,,,,0.0,0.0,0.0,0.0,22093.8
65.01,0.0,338.7,,,,,0.0,0.0,0.0,0.0,22093.8
66.01,0.01,338.7,,,,,0.0,0.0,0.01,0.0,22193.0
67.01,0.02,8725.8,,,,,0.01,0.01,0.03,0.01,15536.1
68.01,0.0,16173.6,,,,,0.0,0.0,0.0,0.0,9563.2
69.01,0.0,16107.1,,,,,0.0,0.0,0.0,0.0,6426.2
70.01,0.0,16107.1,,,,,0.0,0.0,0.0,0.0,7348.0
71.01,0.0,16107.1,,,,,0.0,0.0,0.0,0.0,7348.0
72.01,0.0,16107.1,,,,,0.0,0.0,0.0,0.0,7349.1
73.01,0.0,16107.1,,,,,0.0,0.0,0.0,0.0,7654.8
74.01,0.0,16107.1,,,,,0.0,0.0,0.0,0.0,8096.2
75.02,0.0,16107.1,,,,,0.0,0.0,0.0,0.0,8152.7
76.02,0.0,16107.1,,,,,0.0,0.0,0.0,0.0,8152.7
77.02,0.0,16107.1,,,,,0.0,0.0,0.0,0.0,8152.7
78.02,0.0,16107.1,,,,,0.0,0.0,0.0,0.0,8152.7
79.02,0.0,16107.1,,,,,0.0,0.0,0.0,0.0,8655.2
80.02,0.0,16107.1,,,,,0.0,0.0,0.0,0.0,10228.1
81.02,0.0,16107.1,,,,,0.0,0.0,0.0,0.0,12757.5
82.02,0.0,16107.1,,,,,0.0,0.0,0.0,0.0,16884.1
83.02,0.0,16107.1,,,,,0.0,0.0,0.0,0.0,20841.6
84.02,0.0,16107.1,,,,,0.0,0.0,0.0,0.0,24152.0
85.02,0.0,16107.1,,,,,0.0,0.0,0.0,0.0,25873.0
86.02,0.0,16107.1,,,,,0.0,0.0,0.0,0.0,26794.4
87.02,0.0,16107.1,,,,,0.0,0.0,0.0,0.0,28007.6
88.02,0.0,16107.1,,,,,0.0,0.0,0.0,0.0,29047.9
89.02,0.0,16107.1,,,,,0.0,0.0,0.0,0.0,29439.8
90.02,0.0,25954.2,,,,,0.0,0.0,0.0,0.0,29556.2
91.02,0.0,36398.3,,,,,0.0,0.0,0.0,0.0,30559.5
92.02,0.0,36890.9,,,,,0.0,0.0,0.0,0.0,23275.3
93.02,0.0,37404.1,,,,,0.0,0.0,0.0,0.0,17703.3
94.02,0.0,37404.1,,,,,0.0,0.0,0.0,0.0,18110.1
95.02,0.0,37404.1,,,,,0.0,0.0,0.0,0.0,18111.3
96.02,100.0,37259.8,,,,,100.0,100.0,100.0,100.0,18186.6
97.02,0.0,37259.8,,,,,0.0,0.0,0.0,0.0,18480.7
98.02,0.0,37259.8,,,,,0.0,0.0,0.0,0.0,18662.2
99.02,0.0,37259.8,,,,,0.0,0.0,0.0,0.0,18691.4
100.02,0.0,37259.8,,,,,0.0,0.0,0.0,0.0,18691.4
101.02,0.0,37259.8,,,,,0.0,0.0,0.0,0.0,19145.2
102.02,0.0,37259.8,,,,,0.0,0.0,0.0,0.0,20564.1
103.02,0.0,37259.8,,,,,0.0,0.0,0.0,0.0,23697.9
104.02,0.0,37259.8,,,,,0.0,0.0,0.0,0.0,27863.0
105.02,0.0,37259.8,,,,,0.0,0.0,0.0,0.0,31657.3
106.02,0.0,37259.8,,,,,0.0,0.0,0.0,0.0,33699.6
107.02,0.0,37259.8,,,,,0.0,0.0,0.0,0.0,34798.4
108.02,0.0,37259.8,,,,,0.0,0.0,0.0,0.0,35842.4
109.02,0.0,37259.8,,,,,0.0,0.0,0.0,0.0,36838.9
110.02,0.0,37397.0,,,,,0.0,0.0,0.0,0.0,37319.4
111.02,0.0,37795.5,,,,,0.0,0.0,0.0,0.0,37145.9
112.02,0.0,38428.8,,,,,0.0,0.0,0.0,0.0,34896.3
113.02,0.0,38652.2,,,,,0.0,0.0,0.0,0.0,32341.5
114.02,0.0,39068.4,,,,,0.0,0.0,0.0,0.0,26974.9
115.02,0.0,39212.8,,,,,0.0,0.0,0.0,0.0,26967.3
116.02,100.0,39248.8,,,,,100.0,100.0,100.0,100.0,26963.7
117.02,0.0,39248.8,,,,,0.0,0.0,0.0,0.0,26982.4
118.02,0.0,39248.8,,,,,0.0,0.0,0.0,0.0,26982.4
119.02,100.0,39248.8,,,,,100.0,100.0,100.0,100.0,26989.5
120.03,0.0,39248.8,,,,,0.0,0.0,0.0,0.0,26989.5
121.03,100.0,39104.8,,,,,100.0,100.0,100.0,100.0,27374.0
122.03,0.0,39104.8,,,,,0.0,0.0,0.0,0.0,28027.0
123.03,100.0,39760.1,,,,,100.0,100.0,100.0,100.0,29231.5
124.03,0.0,39762.3,,,,,0.0,0.0,0.0,0.0,29382.4
125.03,0.0,39762.3,,,,,0.0,0.0,0.0,0.0,29382.4
126.03,100.0,39617.5,,,,,100.0,100.0,100.0,100.0,29382.4
127.03,0.0,39617.5,,,,,0.0,0.0,0.0,0.0,29382.4
128.03,100.0,39472.6,,,,,100.0,100.0,100.0,100.0,29382.4
129.03,0.0,39472.6,,,,,0.0,0.0,0.0,0.0,29382.4
130.03,0.0,39472.6,,,,,0.0,0.0,0.0,0.0,29382.4
131.03,100.0,39388.9,,,,,100.0,100.0,100.0,100.0,28478.2
132.03,0.0,39677.6,,,,,0.0,0.0,0.0,0.0,28480.5
133.03,0.0,39894.0,,,,,0.0,0.0,0.0,0.0,28463.3
134.03,100.0,39966.0,,,,,100.0,100.0,100.0,100.0,28468.5
135.03,0.0,39966.0,,,,,0.0,0.0,0.0,0.0,28481.4
136.03,100.0,39966.0,,,,,100.0,100.0,100.0,100.0,28465.2
137.03,0.0,39966.0,,,,,0.0,0.0,0.0,0.0,28481.6
138.03,0.0,39966.0,,,,,0.0,0.0,0.0,0.0,28481.6
139.03,100.0,39966.0,,,,,100.0,100.0,100.0,100.0,28486.4
140.03,0.0,39966.0,,,,,0.0,0.0,0.0,0.0,28486.4
141.03,100.0,39822.0,,,,,100.0,100.0,100.0,100.0,28960.2
142.03,0.0,39822.0,,,,,0.0,0.0,0.0,0.0,29902.7
143.03,100.0,39900.9,,,,,100.0,100.0,100.0,100.0,31060.2
144.03,0.0,39900.9,,,,,0.0,0.0,0.0,0.0,31060.2
145.03,0.0,39900.9,,,,,0.0,0.0,0.0,0.0,31060.2
146.03,100.0,39756.1,,,,,100.0,100.0,100.0,100.0,31060.2
147.03,0.0,39756.1,,,,,0.0,0.0,0.0,0.0,31060.2
148.03,100.0,39611.2,,,,,100.0,100.0,100.0,100.0,31060.2
149.03,0.0,39611.2,,,,,0.0,0.0,0.0,0.0,31060.2
150.03,0.0,39611.2,,,,,0.0,0.0,0.0,0.0,31060.2
151.03,100.0,39463.2,,,,,100.0,100.0,100.0,100.0,29772.4
152.03,0.0,39751.9,,,,,0.0,0.0,0.0,0.0,29770.3
153.03,0.0,40004.2,,,,,0.0,0.0,0.0,0.0,29796.8
154.03,100.0,40040.2,,,,,100.0,100.0,100.0,100.0,29792.5
155.03,0.0,40040.2,,,,,0.0,0.0,0.0,0.0,29798.6
156.03,100.0,40040.2,,,,,100.0,100.0,100.0,100.0,29791.8
157.03,0.0,40040.2,,,,,0.0,0.0,0.0,0.0,29798.4
158.03,100.0,40040.2,,,,,100.0,100.0,100.0,100.0,29799.5
159.03,0.0,40040.2,,,,,0.0,0.0,0.0,0.0,29800.0
160.03,0.0,40040.2,,,,,0.0,0.0,0.0,0.0,29800.0
161.03,100.0,40044.2,,,,,100.0,100.0,100.0,100.0,29804.3
162.03,0.0,40044.2,,,,,0.0,0.0,0.0,0.0,29804.3
163.03,100.0,39901.6,,,,,100.0,100.0,100.0,100.0,29813.2
164.03,0.0,39901.6,,,,,0.0,0.0,0.0,0.0,29813.2
165.03,0.0,39901.6,,,,,0.0,0.0,0.0,0.0,29813.2
166.03,100.0,39756.8,,,,,100.0,100.0,100.0,100.0,29813.6
167.03,0.0,39756.8,,,,,0.0,0.0,0.0,0.0,29813.6
168.03,100.0,39611.9,,,,,100.0,100.0,100.0,100.0,29813.6
169.03,0.0,39611.9,,,,,0.0,0.0,0.0,0.0,29813.6
170.04,100.0,39462.9,,,,,100.0,100.0,100.0,100.0,29813.7
171.04,0.0,39499.3,,,,,0.0,0.0,0.0,0.0,29790.9
172.04,0.0,39751.9,,,,,0.0,0.0,0.0,0.0,29784.2
173.04,100.0,39896.2,,,,,100.0,100.0,100.0,100.0,29783.2
174.04,0.0,40040.2,,,,,0.0,0.0,0.0,0.0,29802.5
175.04,0.0,40040.2,,,,,0.0,0.0,0.0,0.0,29802.5
176.04,100.0,40040.2,,,,,100.0,100.0,100.0,100.0,29802.3
177.04,0.0,40040.2,,,,,0.0,0.0,0.0,0.0,29802.3
178.04,100.0,40040.2,,,,,100.0,100.0,100.0,100.0,29803.9
179.04,0.0,40040.2,,,,,0.0,0.0,0.0,0.0,29803.9
180.04,0.0,40040.2,,,,,0.0,0.0,0.0,0.0,29803.9
181.04,100.0,40044.2,,,,,100.0,100.0,100.0,100.0,29808.2
182.04,0.0,40044.2,,,,,0.0,0.0,0.0,0.0,29808.2
183.04,100.0,39901.6,,,,,100.0,100.0,100.0,100.0,29816.1
184.04,0.0,39901.6,,,,,0.0,0.0,0.0,0.0,29816.1
185.04,100.0,39756.8,,,,,100.0,100.0,100.0,100.0,29816.4
186.04,0.0,39756.8,,,,,0.0,0.0,0.0,0.0,29816.4
187.04,0.0,39756.8,,,,,0.0,0.0,0.0,0.0,29816.4
188.04,100.0,39611.9,,,,,100.0,100.0,100.0,100.0,29816.4
189.04,0.0,39611.9,,,,,0.0,0.0,0.0,0.0,29816.4
190.04,100.0,39462.9,,,,,100.0,100.0,100.0,100.0,29816.8
191.04,0.0,39607.5,,,,,0.0,0.0,0.0,0.0,29766.9
192.04,0.0,39824.0,,,,,0.0,0.0,0.0,0.0,29798.1
193.04,100.0,39932.2,,,,,100.0,100.0,100.0,100.0,29797.2
194.04,0.0,40040.2,,,,,0.0,0.0,0.0,0.0,29806.2
195.04,0.0,40040.2,,,,,0.0,0.0,0.0,0.0,29806.2
196.04,100.0,40040.2,,,,,100.0,100.0,100.0,100.0,29806.2
197.04,0.0,40040.2,,,,,0.0,0.0,0.0,0.0,29806.2
198.04,100.0,40040.2,,,,,100.0,100.0,100.0,100.0,29807.5
199.04,0.0,40040.2,,,,,0.0,0.0,0.0,0.0,29807.5
200.04,100.0,40022.7,,,,,100.0,100.0,100.0,100.0,29808.9
201.04,0.0,40044.2,,,,,0.0,0.0,0.0,0.0,29811.6
202.04,0.0,40044.2,,,,,0.0,0.0,0.0,0.0,29811.6
203.04,100.0,39901.6,,,,,100.0,100.0,100.0,100.0,29819.9
204.04,0.0,39901.6,,,,,0.0,0.0,0.0,0.0,29819.9
205.04,100.0,39756.8,,,,,100.0,100.0,100.0,100.0,29820.2
206.04,0.0,39756.8,,,,,0.0,0.0,0.0,0.0,29820.2
207.04,0.0,39756.8,,,,,0.0,0.0,0.0,0.0,29820.2
208.04,100.0,39611.9,,,,,100.0,100.0,100.0,100.0,29820.2
209.04,0.0,39611.9,,,,,0.0,0.0,0.0,0.0,29820.2
210.04,100.0,39462.9,,,,,100.0,100.0,100.0,100.0,29784.3
211.04,0.0,39607.5,,,,,0.0,0.0,0.0,0.0,29787.3
212.04,0.0,39896.2,,,,,0.0,0.0,0.0,0.0,29809.9
213.04,100.0,40004.2,,,,,100.0,100.0,100.0,100.0,29790.4
214.04,0.0,40040.2,,,,,0.0,0.0,0.0,0.0,29810.0
215.04,100.0,39968.2,,,,,100.0,100.0,100.0,100.0,29810.4
216.04,0.0,40040.2,,,,,0.0,0.0,0.0,0.0,29810.0
217.04,0.0,40040.2,,,,,0.0,0.0,0.0,0.0,29810.0
218.04,100.0,40040.2,,,,,100.0,100.0,100.0,100.0,29811.2
219.04,0.0,40040.2,,,,,0.0,0.0,0.0,0.0,29811.2
220.04,100.0,40044.2,,,,,100.0,100.0,100.0,100.0,29815.5
221.05,0.0,40044.2,,,,,0.0,0.0,0.0,0.0,29815.5
222.05,0.0,40044.2,,,,,0.0,0.0,0.0,0.0,29815.5
223.05,100.0,39901.6,,,,,100.0,100.0,100.0,100.0,29822.6
224.05,0.0,39901.6,,,,,0.0,0.0,0.0,0.0,29822.6
225.05,100.0,39756.8,,,,,100.0,100.0,100.0,100.0,29822.8
226.05,0.0,39756.8,,,,,0.0,0.0,0.0,0.0,29822.8
227.05,0.0,39756.8,,,,,0.0,0.0,0.0,0.0,29822.8
228.05,100.0,39611.9,,,,,100.0,100.0,100.0,100.0,29822.9
229.05,0.0,39611.9,,,,,0.0,0.0,0.0,0.0,29822.9
230.05,100.0,39391.0,,,,,100.0,100.0,100.0,100.0,29808.1
231.05,0.0,39607.5,,,,,0.0,0.0,0.0,0.0,29798.3
232.05,0.0,39896.2,,,,,0.0,0.0,0.0,0.0,29791.7
233.05,100.0,40040.2,,,,,100.0,100.0,100.0,100.0,29802.5
234.05,0.0,40040.2,,,,,0.0,0.0,0.0,0.0,29812.3
235.05,100.0,40040.2,,,,,100.0,100.0,100.0,100.0,29779.5
236.05,0.0,40040.2,,,,,0.0,0.0,0.0,0.0,29812.5
237.05,0.0,40040.2,,,,,0.0,0.0,0.0,0.0,29812.5
238.05,100.0,40040.2,,,,,100.0,100.0,100.0,100.0,29813.8
239.05,0.0,40040.2,,,,,0.0,0.0,0.0,0.0,29813.8
240.05,100.0,40044.2,,,,,100.0,100.0,100.0,100.0,29817.9
241.05,0.0,40044.2,,,,,0.0,0.0,0.0,0.0,29817.9
242.05,0.0,40044.2,,,,,0.0,0.0,0.0,0.0,29817.9
243.05,100.0,39901.6,,,,,100.0,100.0,100.0,100.0,29825.4
244.05,0.0,39901.6,,,,,0.0,0.0,0.0,0.0,29825.4
245.05,100.0,39756.8,,,,,100.0,100.0,100.0,100.0,29825.6
246.05,0.0,39756.8,,,,,0.0,0.0,0.0,0.0,29825.6
247.05,100.0,39611.9,,,,,100.0,100.0,100.0,100.0,29825.6
248.05,0.0,39611.9,,,,,0.0,0.0,0.0,0.0,29825.6
249.05,0.0,39611.9,,,,,0.0,0.0,0.0,0.0,29825.6
250.05,100.0,39463.2,,,,,100.0,100.0,100.0,100.0,29794.6
251.05,0.0,39751.9,,,,,0.0,0.0,0.0,0.0,29813.3
252.05,0.0,39968.2,,,,,0.0,0.0,0.0,0.0,29811.1
253.05,100.0,40040.2,,,,,100.0,100.0,100.0,100.0,29799.2
254.05,0.0,40040.2,,,,,0.0,0.0,0.0,0.0,29815.3
255.05,100.0,40040.2,,,,,100.0,100.0,100.0,100.0,29810.9
256.05,0.0,40040.2,,,,,0.0,0.0,0.0,0.0,29815.3
257.05,0.0,40040.2,,,,,0.0,0.0,0.0,0.0,29815.3
258.05,100.0,40040.2,,,,,100.0,100.0,100.0,100.0,29816.5
259.05,0.0,40040.2,,,,,0.0,0.0,0.0,0.0,29816.5
260.05,100.0,40044.2,,,,,100.0,100.0,100.0,100.0,29820.6
261.05,0.0,40044.2,,,,,0.0,0.0,0.0,0.0,29820.6
262.05,100.0,39901.6,,,,,100.0,100.0,100.0,100.0,29828.7
263.05,0.0,39901.6,,,,,0.0,0.0,0.0,0.0,29828.7
264.05,0.0,39901.6,,,,,0.0,0.0,0.0,0.0,29828.7
265.05,100.0,39756.8,,,,,100.0,100.0,100.0,100.0,29829.0
266.05,0.0,39756.8,,,,,0.0,0.0,0.0,0.0,29829.0
267.05,100.0,39611.9,,,,,100.0,100.0,100.0,100.0,29829.0
268.05,0.0,39611.9,,,,,0.0,0.0,0.0,0.0,29829.0
269.05,0.0,39611.9,,,,,0.0,0.0,0.0,0.0,29829.0
270.05,100.0,39463.2,,,,,100.0,100.0,100.0,100.0,29789.9
271.05,0.0,39751.9,,,,,0.0,0.0,0.0,0.0,29784.9
272.05,0.0,40040.2,,,,,0.0,0.0,0.0,0.0,29818.8
273.06,100.0,40040.2,,,,,100.0,100.0,100.0,100.0,29814.8
274.06,0.0,40040.2,,,,,0.0,0.0,0.0,0.0,29818.4
275.06,100.0,40040.2,,,,,100.0,100.0,100.0,100.0,29802.4
276.06,0.0,40040.2,,,,,0.0,0.0,0.0,0.0,29818.6
277.06,100.0,40040.2,,,,,100.0,100.0,100.0,100.0,29819.4
278.06,0.0,40040.2,,,,,0.0,0.0,0.0,0.0,29819.8
279.06,0.0,40040.2,,,,,0.0,0.0,0.0,0.0,29819.8
280.06,100.0,40044.2,,,,,100.0,100.0,100.0,100.0,29823.7
281.06,0.0,40044.2,,,,,0.0,0.0,0.0,0.0,29823.7
282.06,100.0,39901.6,,,,,100.0,100.0,100.0,100.0,29831.4
283.06,0.0,39901.6,,,,,0.0,0.0,0.0,0.0,29831.4
284.06,0.0,39901.6,,,,,0.0,0.0,0.0,0.0,29831.4
285.06,100.0,39756.8,,,,,100.0,100.0,100.0,100.0,29831.5
286.06,0.0,39756.8,,,,,0.0,0.0,0.0,0.0,29831.5
287.06,100.0,39611.9,,,,,100.0,100.0,100.0,100.0,29831.5
288.06,0.0,39611.9,,,,,0.0,0.0,0.0,0.0,29831.5
289.06,0.0,39611.9,,,,,0.0,0.0,0.0,0.0,29831.5
290.06,100.0,39463.2,,,,,100.0,100.0,100.0,100.0,29804.0
291.06,0.0,39751.9,,,,,0.0,0.0,0.0,0.0,29795.8
292.06,100.0,39896.2,,,,,100.0,100.0,100.0,100.0,29822.2
293.06,0.0,40040.2,,,,,0.0,0.0,0.0,0.0,29821.3
294.06,0.0,40040.2,,,,,0.0,0.0,0.0,0.0,29821.3
295.06,100.0,40040.2,,,,,100.0,100.0,100.0,100.0,29821.2
296.06,0.0,40040.2,,,,,0.0,0.0,0.0,0.0,29821.2
297.06,100.0,40040.2,,,,,100.0,100.0,100.0,100.0,29822.6
298.06,0.0,40040.2,,,,,0.0,0.0,0.0,0.0,29822.6
299.06,0.0,40040.2,,,,,0.0,0.0,0.0,0.0,29822.6
300.06,100.0,40044.2,,,,,100.0,100.0,100.0,100.0,29826.6
301.06,0.0,40044.2,,,,,0.0,0.0,0.0,0.0,29826.6
302.06,100.0,39901.6,,,,,100.0,100.0,100.0,100.0,29833.5
303.06,0.0,39901.6,,,,,0.0,0.0,0.0,0.0,29833.5
304.06,0.0,39901.6,,,,,0.0,0.0,0.0,0.0,29833.5
305.06,100.0,39756.8,,,,,100.0,100.0,100.0,100.0,29833.8
306.06,0.0,39756.8,,,,,0.0,0.0,0.0,0.0,29833.8
307.06,100.0,39611.9,,,,,100.0,100.0,100.0,100.0,29833.8
308.06,0.0,39611.9,,,,,0.0,0.0,0.0,0.0,29833.8
309.06,100.0,39462.9,,,,,100.0,100.0,100.0,100.0,29834.0
310.06,0.0,39607.5,,,,,0.0,0.0,0.0,0.0,29820.1
311.06,0.0,39824.1,,,,,0.0,0.0,0.0,0.0,29800.5
312.06,100.0,39932.2,,,,,100.0,100.0,100.0,100.0,29813.6
313.06,0.0,40040.2,,,,,0.0,0.0,0.0,0.0,29823.2
314.06,0.0,40040.2,,,,,0.0,0.0,0.0,0.0,29823.2
315.06,100.0,40040.2,,,,,100.0,100.0,100.0,100.0,29823.3
316.06,0.0,40040.2,,,,,0.0,0.0,0.0,0.0,29823.3
317.06,100.0,40040.2,,,,,100.0,100.0,100.0,100.0,29824.7
318.06,0.0,40040.2,,,,,0.0,0.0,0.0,0.0,29824.7
319.06,0.0,40040.2,,,,,0.0,0.0,0.0,0.0,29824.7
320.06,100.0,40044.2,,,,,100.0,100.0,100.0,100.0,29828.7
321.06,0.0,40044.2,,,,,0.0,0.0,0.0,0.0,29828.7
322.06,100.0,39901.6,,,,,100.0,100.0,100.0,100.0,29836.3
323.06,0.0,39901.6,,,,,0.0,0.0,0.0,0.0,29836.3
324.06,100.0,39756.8,,,,,100.0,100.0,100.0,100.0,29836.5
325.07,0.0,39756.8,,,,,0.0,0.0,0.0,0.0,29836.5
326.07,0.0,39756.8,,,,,0.0,0.0,0.0,0.0,29836.5
327.07,100.0,39611.9,,,,,100.0,100.0,100.0,100.0,29836.6
328.07,0.0,39611.9,,,,,0.0,0.0,0.0,0.0,29836.6
329.07,100.0,39462.9,,,,,100.0,100.0,100.0,100.0,29798.5
330.07,0.0,39607.5,,,,,0.0,0.0,0.0,0.0,29793.9
331.07,0.0,39896.2,,,,,0.0,0.0,0.0,0.0,29826.5
332.07,100.0,40040.2,,,,,100.0,100.0,100.0,100.0,29827.1
333.07,0.0,40040.2,,,,,0.0,0.0,0.0,0.0,29826.6
334.07,0.0,40040.2,,,,,0.0,0.0,0.0,0.0,29826.6
335.07,100.0,40040.2,,,,,100.0,100.0,100.0,100.0,29826.4
336.07,0.0,40040.2,,,,,0.0,0.0,0.0,0.0,29826.4
337.07,100.0,40040.2,,,,,100.0,100.0,100.0,100.0,29827.6
338.07,0.0,40040.2,,,,,0.0,0.0,0.0,0.0,29827.6
339.07,100.0,40044.2,,,,,100.0,100.0,100.0,100.0,29831.6
340.07,0.0,40044.2,,,,,0.0,0.0,0.0,0.0,29831.6
341.07,0.0,40044.2,,,,,0.0,0.0,0.0,0.0,29831.6
342.07,100.0,39901.6,,,,,100.0,100.0,100.0,100.0,29838.3
343.07,0.0,39901.6,,,,,0.0,0.0,0.0,0.0,29838.3
344.07,100.0,39756.8,,,,,100.0,100.0,100.0,100.0,29838.4
345.07,0.0,39756.8,,,,,0.0,0.0,0.0,0.0,29838.4
346.07,0.0,39756.8,,,,,0.0,0.0,0.0,0.0,29838.4
347.07,100.0,39611.9,,,,,100.0,100.0,100.0,100.0,29838.4
348.07,0.0,39611.9,,,,,0.0,0.0,0.0,0.0,29838.4
349.07,100.0,39462.9,,,,,100.0,100.0,100.0,100.0,29814.0
350.07,0.0,39607.5,,,,,0.0,0.0,0.0,0.0,29806.7
351.07,0.0,39896.2,,,,,0.0,0.0,0.0,0.0,29804.8
352.07,100.0,40040.2,,,,,100.0,100.0,100.0,100.0,29815.3
353.07,0.0,40040.2,,,,,0.0,0.0,0.0,0.0,29828.3
354.07,100.0,40040.2,,,,,100.0,100.0,100.0,100.0,29793.1
355.07,0.0,40040.2,,,,,0.0,0.0,0.0,0.0,29828.5
356.07,0.0,40040.2,,,,,0.0,0.0,0.0,0.0,29828.5
357.07,100.0,40040.2,,,,,100.0,100.0,100.0,100.0,29829.7
358.07,0.0,40040.2,,,,,0.0,0.0,0.0,0.0,29829.7
359.07,100.0,40044.2,,,,,100.0,100.0,100.0,100.0,29833.7
360.07,0.0,40044.2,,,,,0.0,0.0,0.0,0.0,29833.7
361.07,0.0,40044.2,,,,,0.0,0.0,0.0,0.0,29833.7
362.07,100.0,39901.6,,,,,100.0,100.0,100.0,100.0,29840.0
363.07,0.0,39901.6,,,,,0.0,0.0,0.0,0.0,29840.0
364.07,100.0,39756.8,,,,,100.0,100.0,100.0,100.0,29840.2
365.07,0.0,39756.8,,,,,0.0,0.0,0.0,0.0,29840.2
366.07,100.0,39611.9,,,,,100.0,100.0,100.0,100.0,29840.2
367.07,0.0,39611.9,,,,,0.0,0.0,0.0,0.0,29840.2
368.07,0.0,39611.9,,,,,0.0,0.0,0.0,0.0,29840.2
369.07,100.0,39463.2,,,,,100.0,100.0,100.0,100.0,29787.7
370.07,0.0,39751.9,,,,,0.0,0.0,0.0,0.0,29828.3
371.07,0.0,39932.2,,,,,0.0,0.0,0.0,0.0,29823.1
372.07,100.0,40040.2,,,,,100.0,100.0,100.0,100.0,29813.9
373.07,0.0,40040.2,,,,,0.0,0.0,0.0,0.0,29830.3
374.07,100.0,40040.2,,,,,100.0,100.0,100.0,100.0,29825.1
375.07,0.0,40040.2,,,,,0.0,0.0,0.0,0.0,29830.6
376.07,0.0,40040.2,,,,,0.0,0.0,0.0,0.0,29830.6
377.08,100.0,40040.2,,,,,100.0,100.0,100.0,100.0,29831.8
378.08,0.0,40040.2,,,,,0.0,0.0,0.0,0.0,29831.8
379.08,100.0,40044.2,,,,,100.0,100.0,100.0,100.0,29835.8
380.08,0.0,40044.2,,,,,0.0,0.0,0.0,0.0,29835.8
381.08,100.0,39901.6,,,,,100.0,100.0,100.0,100.0,29842.1
382.08,0.0,39901.6,,,,,0.0,0.0,0.0,0.0,29842.1
383.08,0.0,39901.6,,,,,0.0,0.0,0.0,0.0,29842.1
384.08,100.0,39756.8,,,,,100.0,100.0,100.0,100.0,29842.3
385.08,0.0,39756.8,,,,,0.0,0.0,0.0,0.0,29842.3
386.08,100.0,39611.9,,,,,100.0,100.0,100.0,100.0,29842.3
387.08,0.0,39611.9,,,,,0.0,0.0,0.0,0.0,29842.3
388.08,0.0,39611.9,,,,,0.0,0.0,0.0,0.0,29842.3
389.08,100.0,39463.2,,,,,100.0,100.0,100.0,100.0,29829.6
390.08,0.0,39751.9,,,,,0.0,0.0,0.0,0.0,29830.6
391.08,0.0,40004.2,,,,,0.0,0.0,0.0,0.0,29814.4
392.08,100.0,40040.2,,,,,100.0,100.0,100.0,100.0,29826.0
393.08,0.0,40040.2,,,,,0.0,0.0,0.0,0.0,29832.4
394.08,100.0,40040.2,,,,,100.0,100.0,100.0,100.0,29815.8
395.08,0.0,40040.2,,,,,0.0,0.0,0.0,0.0,29832.4
396.08,100.0,40040.2,,,,,100.0,100.0,100.0,100.0,29833.1
397.08,0.0,40040.2,,,,,0.0,0.0,0.0,0.0,29833.7
398.08,0.0,40040.2,,,,,0.0,0.0,0.0,0.0,29833.7
399.08,100.0,40044.2,,,,,100.0,100.0,100.0,100.0,29837.7
400.08,0.0,40044.2,,,,,0.0,0.0,0.0,0.0,29837.7
401.08,100.0,39901.6,,,,,100.0,100.0,100.0,100.0,29843.9
402.08,0.0,39901.6,,,,,0.0,0.0,0.0,0.0,29843.9
403.08,0.0,39901.6,,,,,0.0,0.0,0.0,0.0,29843.9
404.08,100.0,39756.8,,,,,100.0,100.0,100.0,100.0,29844.2
405.08,0.0,39756.8,,,,,0.0,0.0,0.0,0.0,29844.2
406.08,100.0,39611.9,,,,,100.0,100.0,100.0,100.0,29844.2
407.08,0.0,39611.9,,,,,0.0,0.0,0.0,0.0,29844.2
408.08,0.0,39611.9,,,,,0.0,0.0,0.0,0.0,29844.2
409.08,100.0,39463.2,,,,,100.0,100.0,100.0,100.0,29809.1
410.08,0.0,39751.9,,,,,0.0,0.0,0.0,0.0,29806.2
411.08,0.0,40040.2,,,,,0.0,0.0,0.0,0.0,29834.5
412.08,100.0,40040.2,,,,,100.0,100.0,100.0,100.0,29831.9
413.08,0.0,40040.2,,,,,0.0,0.0,0.0,0.0,29834.3
414.08,100.0,40040.2,,,,,100.0,100.0,100.0,100.0,29833.8
415.08,0.0,40040.2,,,,,0.0,0.0,0.0,0.0,29833.9
416.08,100.0,40040.2,,,,,100.0,100.0,100.0,100.0,29835.1
417.08,0.0,40040.2,,,,,0.0,0.0,0.0,0.0,29835.1
418.08,0.0,40040.2,,,,,0.0,0.0,0.0,0.0,29835.1
419.08,100.0,40044.2,,,,,100.0,100.0,100.0,100.0,29839.1
420.08,0.0,40044.2,,,,,0.0,0.0,0.0,0.0,29839.1
421.08,100.0,39901.6,,,,,100.0,100.0,100.0,100.0,29844.9
422.08,0.0,39901.6,,,,,0.0,0.0,0.0,0.0,29844.9
423.08,0.0,39901.6,,,,,0.0,0.0,0.0,0.0,29844.9
424.08,100.0,39756.8,,,,,100.0,100.0,100.0,100.0,29845.1
425.08,0.0,39756.8,,,,,0.0,0.0,0.0,0.0,29845.1
426.08,100.0,39611.9,,,,,100.0,100.0,100.0,100.0,29845.1
427.08,0.0,39611.9,,,,,0.0,0.0,0.0,0.0,29845.1
428.08,100.0,39462.9,,,,,100.0,100.0,100.0,100.0,29845.3
429.08,0.0,39607.5,,,,,0.0,0.0,0.0,0.0,29831.9
430.08,0.0,39751.9,,,,,0.0,0.0,0.0,0.0,29819.5
431.08,100.0,39896.2,,,,,100.0,100.0,100.0,100.0,29815.1
432.08,0.0,40040.2,,,,,0.0,0.0,0.0,0.0,29835.2
433.09,0.0,40040.2,,,,,0.0,0.0,0.0,0.0,29835.2
434.09,100.0,40040.2,,,,,100.0,100.0,100.0,100.0,29835.5
435.09,0.0,40040.2,,,,,0.0,0.0,0.0,0.0,29835.5
436.09,100.0,40040.2,,,,,100.0,100.0,100.0,100.0,29836.8
437.09,0.0,40040.2,,,,,0.0,0.0,0.0,0.0,29836.8
438.09,0.0,40040.2,,,,,0.0,0.0,0.0,0.0,29836.8
439.09,100.0,40044.2,,,,,100.0,100.0,100.0,100.0,29840.8
440.09,0.0,40044.2,,,,,0.0,0.0,0.0,0.0,29840.8
441.09,100.0,39901.6,,,,,100.0,100.0,100.0,100.0,29846.7
442.09,0.0,39901.6,,,,,0.0,0.0,0.0,0.0,29846.7
443.09,100.0,39756.8,,,,,100.0,100.0,100.0,100.0,29847.0
444.09,0.0,39756.8,,,,,0.0,0.0,0.0,0.0,29847.0
445.09,0.0,39756.8,,,,,0.0,0.0,0.0,0.0,29847.0
446.09,100.0,39611.9,,,,,100.0,100.0,100.0,100.0,29847.0
447.09,0.0,39611.9,,,,,0.0,0.0,0.0,0.0,29847.0
448.09,100.0,39462.9,,,,,100.0,100.0,100.0,100.0,29806.8
449.09,0.0,39607.5,,,,,0.0,0.0,0.0,0.0,29800.8
450.09,0.0,39896.2,,,,,0.0,0.0,0.0,0.0,29837.1
451.09,100.0,39968.2,,,,,100.0,100.0,100.0,100.0,29831.4
452.09,0.0,40040.2,,,,,0.0,0.0,0.0,0.0,29837.1
453.09,0.0,40040.2,,,,,0.0,0.0,0.0,0.0,29837.1
454.09,100.0,40040.2,,,,,100.0,100.0,100.0,100.0,29837.5
455.09,0.0,40040.2,,,,,0.0,0.0,0.0,0.0,29837.5
456.09,100.0,40040.2,,,,,100.0,100.0,100.0,100.0,29838.8
457.09,0.0,40040.2,,,,,0.0,0.0,0.0,0.0,29838.8
458.09,100.0,40044.2,,,,,100.0,100.0,100.0,100.0,29842.8
459.09,0.0,40044.2,,,,,0.0,0.0,0.0,0.0,29842.8
460.09,0.0,40044.2,,,,,0.0,0.0,0.0,0.0,29842.8
461.09,100.0,39901.6,,,,,100.0,100.0,100.0,100.0,29848.3
462.09,0.0,39901.6,,,,,0.0,0.0,0.0,0.0,29848.3
463.09,100.0,39756.8,,,,,100.0,100.0,100.0,100.0,29848.5
464.09,0.0,39756.8,,,,,0.0,0.0,0.0,0.0,29848.5
465.09,0.0,39756.8,,,,,0.0,0.0,0.0,0.0,29848.5
466.09,100.0,39611.9,,,,,100.0,100.0,100.0,100.0,29848.5
467.09,0.0,39611.9,,,,,0.0,0.0,0.0,0.0,29848.5
468.09,100.0,39462.9,,,,,100.0,100.0,100.0,100.0,29817.4
469.09,0.0,39607.5,,,,,0.0,0.0,0.0,0.0,29818.4
470.09,0.0,39896.2,,,,,0.0,0.0,0.0,0.0,29819.2
471.09,100.0,40004.2,,,,,100.0,100.0,100.0,100.0,29815.9
472.09,0.0,40040.2,,,,,0.0,0.0,0.0,0.0,29838.3
473.09,100.0,40040.2,,,,,100.0,100.0,100.0,100.0,29839.3
474.09,0.0,40040.2,,,,,0.0,0.0,0.0,0.0,29838.4
475.09,0.0,40040.2,,,,,0.0,0.0,0.0,0.0,29838.4
476.09,100.0,40040.2,,,,,100.0,100.0,100.0,100.0,29839.7
477.09,0.0,40040.2,,,,,0.0,0.0,0.0,0.0,29839.7
478.09,100.0,40044.2,,,,,100.0,100.0,100.0,100.0,29843.8
479.09,0.0,40044.2,,,,,0.0,0.0,0.0,0.0,29843.8
480.09,0.0,40044.2,,,,,0.0,0.0,0.0,0.0,29843.8
481.09,100.0,39901.6,,,,,100.0,100.0,100.0,100.0,29849.1
482.09,0.0,39901.6,,,,,0.0,0.0,0.0,0.0,29849.1
483.09,100.0,39756.8,,,,,100.0,100.0,100.0,100.0,29849.2
484.09,0.0,39756.8,,,,,0.0,0.0,0.0,0.0,29849.2
485.09,100.0,39611.9,,,,,100.0,100.0,100.0,100.0,29849.2
486.09,0.0,39611.9,,,,,0.0,0.0,0.0,0.0,29849.2
487.1,0.0,39611.9,,,,,0.0,0.0,0.0,0.0,29849.2
488.1,100.0,39463.2,,,,,100.0,100.0,100.0,100.0,29795.5
489.1,0.0,39643.6,,,,,0.0,0.0,0.0,0.0,29832.4
490.1,0.0,39932.2,,,,,0.0,0.0,0.0,0.0,29824.9
491.1,100.0,40040.2,,,,,100.0,100.0,100.0,100.0,29838.5
492.1,0.0,40040.2,,,,,0.0,0.0,0.0,0.0,29839.7
493.1,100.0,40040.2,,,,,100.0,100.0,100.0,100.0,29812.3
494.1,0.0,40040.2,,,,,0.0,0.0,0.0,0.0,29839.7
495.1,0.0,40040.2,,,,,0.0,0.0,0.0,0.0,29839.7
496.1,100.0,40040.2,,,,,100.0,100.0,100.0,100.0,29841.1
497.1,0.0,40040.2,,,,,0.0,0.0,0.0,0.0,29841.1
498.1,100.0,40044.2,,,,,100.0,100.0,100.0,100.0,29845.2
499.1,0.0,40044.2,,,,,0.0,0.0,0.0,0.0,29845.2
500.1,100.0,39900.1,,,,,100.0,100.0,100.0,100.0,29848.8
501.1,0.0,39901.6,,,,,0.0,0.0,0.0,0.0,29851.0
502.1,0.0,39901.6,,,,,0.0,0.0,0.0,0.0,29851.0
503.1,100.0,39756.8,,,,,100.0,100.0,100.0,100.0,29851.1
504.1,0.0,39756.8,,,,,0.0,0.0,0.0,0.0,29851.1
505.1,100.0,39611.9,,,,,100.0,100.0,100.0,100.0,29851.1
506.1,0.0,39611.9,,,,,0.0,0.0,0.0,0.0,29851.1
507.1,0.0,39611.9,,,,,0.0,0.0,0.0,0.0,29851.1
508.1,100.0,39463.2,,,,,100.0,100.0,100.0,100.0,29823.3
509.1,0.0,39751.9,,,,,0.0,0.0,0.0,0.0,29840.1
510.1,0.0,40004.2,,,,,0.0,0.0,0.0,0.0,29841.5
511.1,100.0,40040.2,,,,,100.0,100.0,100.0,100.0,29834.0
512.1,0.0,40040.2,,,,,0.0,0.0,0.0,0.0,29841.6
513.1,100.0,40040.2,,,,,100.0,100.0,100.0,100.0,29823.7
514.1,0.0,40040.2,,,,,0.0,0.0,0.0,0.0,29841.6
515.1,0.0,40040.2,,,,,0.0,0.0,0.0,0.0,29841.6
516.1,100.0,40040.2,,,,,100.0,100.0,100.0,100.0,29843.0
517.1,0.0,40040.2,,,,,0.0,0.0,0.0,0.0,29843.0
518.1,100.0,40044.2,,,,,100.0,100.0,100.0,100.0,29847.0
519.1,0.0,40044.2,,,,,0.0,0.0,0.0,0.0,29847.0
520.1,100.0,39901.6,,,,,100.0,100.0,100.0,100.0,29853.2
521.1,0.0,39901.6,,,,,0.0,0.0,0.0,0.0,29853.2
522.1,0.0,39901.6,,,,,0.0,0.0,0.0,0.0,29853.2
523.1,100.0,39756.8,,,,,100.0,100.0,100.0,100.0,29853.3
524.1,0.0,39756.8,,,,,0.0,0.0,0.0,0.0,29853.3
525.1,100.0,39611.9,,,,,100.0,100.0,100.0,100.0,29853.3
526.1,0.0,39611.9,,,,,0.0,0.0,0.0,0.0,29853.3
527.1,0.0,39611.9,,,,,0.0,0.0,0.0,0.0,29853.3
528.1,100.0,39463.2,,,,,100.0,100.0,100.0,100.0,29819.5
529.1,0.0,39751.9,,,,,0.0,0.0,0.0,0.0,29819.5
530.1,0.0,40040.2,,,,,0.0,0.0,0.0,0.0,29838.0
531.1,100.0,40040.2,,,,,100.0,100.0,100.0,100.0,29843.8
532.1,0.0,40040.2,,,,,0.0,0.0,0.0,0.0,29843.8
533.1,100.0,40040.2,,,,,100.0,100.0,100.0,100.0,29844.3
534.1,0.0,40040.2,,,,,0.0,0.0,0.0,0.0,29844.3
535.1,100.0,40040.2,,,,,100.0,100.0,100.0,100.0,29845.6
536.1,0.0,40040.2,,,,,0.0,0.0,0.0,0.0,29845.6
537.1,0.0,40040.2,,,,,0.0,0.0,0.0,0.0,29845.6
538.1,100.0,40044.2,,,,,100.0,100.0,100.0,100.0,29849.6
539.1,0.0,40044.2,,,,,0.0,0.0,0.0,0.0,29849.6
540.11,100.0,39901.6,,,,,100.0,100.0,100.0,100.0,29854.5
541.11,0.0,39901.6,,,,,0.0,0.0,0.0,0.0,29854.5
542.11,0.0,39901.6,,,,,0.0,0.0,0.0,0.0,29854.5
543.11,100.0,39756.8,,,,,100.0,100.0,100.0,100.0,29854.6
544.11,0.0,39756.8,,,,,0.0,0.0,0.0,0.0,29854.6
545.11,100.0,39611.9,,,,,100.0,100.0,100.0,100.0,29854.6
546.11,0.0,39611.9,,,,,0.0,0.0,0.0,0.0,29854.6
547.11,100.0,39462.9,,,,,100.0,100.0,100.0,100.0,29854.8
548.11,0.0,39607.5,,,,,0.0,0.0,0.0,0.0,29841.6
549.11,0.0,39751.9,,,,,0.0,0.0,0.0,0.0,29829.1
550.11,100.0,39896.2,,,,,100.0,100.0,100.0,100.0,29825.8
551.11,0.0,40040.2,,,,,0.0,0.0,0.0,0.0,29845.2
552.11,0.0,40040.2,,,,,0.0,0.0,0.0,0.0,29845.2
553.11,100.0,40040.2,,,,,100.0,100.0,100.0,100.0,29845.3
554.11,0.0,40040.2,,,,,0.0,0.0,0.0,0.0,29845.3
555.11,100.0,40040.2,,,,,100.0,100.0,100.0,100.0,29846.7
556.11,0.0,40040.2,,,,,0.0,0.0,0.0,0.0,29846.7
557.11,0.0,40040.2,,,,,0.0,0.0,0.0,0.0,29846.7
558.11,100.0,40044.2,,,,,100.0,100.0,100.0,100.0,29850.6
559.11,0.0,40044.2,,,,,0.0,0.0,0.0,0.0,29850.6
560.11,100.0,39901.6,,,,,100.0,100.0,100.0,100.0,29856.1
561.11,0.0,39901.6,,,,,0.0,0.0,0.0,0.0,29856.1
562.11,100.0,39756.8,,,,,100.0,100.0,100.0,100.0,29856.3
563.11,0.0,39756.8,,,,,0.0,0.0,0.0,0.0,29856.3
564.11,0.0,39756.8,,,,,0.0,0.0,0.0,0.0,29856.3
565.11,100.0,39611.9,,,,,100.0,100.0,100.0,100.0,29856.3
566.11,0.0,39611.9,,,,,0.0,0.0,0.0,0.0,29856.3
567.11,100.0,39462.9,,,,,100.0,100.0,100.0,100.0,29856.7
568.11,0.0,39607.5,,,,,0.0,0.0,0.0,0.0,29813.2
569.11,0.0,39896.2,,,,,0.0,0.0,0.0,0.0,29828.6
570.11,100.0,40004.2,,,,,100.0,100.0,100.0,100.0,29845.9
571.11,0.0,40040.2,,,,,0.0,0.0,0.0,0.0,29847.4
572.11,0.0,40040.2,,,,,0.0,0.0,0.0,0.0,29847.4
573.11,100.0,40040.2,,,,,100.0,100.0,100.0,100.0,29846.9
574.11,0.0,40040.2,,,,,0.0,0.0,0.0,0.0,29846.9
575.11,100.0,40040.2,,,,,100.0,100.0,100.0,100.0,29848.2
576.11,0.0,40040.2,,,,,0.0,0.0,0.0,0.0,29848.2
577.11,100.0,40044.2,,,,,100.0,100.0,100.0,100.0,29852.1
578.11,0.0,40044.2,,,,,0.0,0.0,0.0,0.0,29852.1
579.11,0.0,40044.2,,,,,0.0,0.0,0.0,0.0,29852.1
580.11,100.0,39901.6,,,,,100.0,100.0,100.0,100.0,29857.2
581.11,0.0,39901.6,,,,,0.0,0.0,0.0,0.0,29857.2
582.11,100.0,39756.8,,,,,100.0,100.0,100.0,100.0,29857.3
583.11,0.0,39756.8,,,,,0.0,0.0,0.0,0.0,29857.3
584.11,0.0,39756.8,,,,,0.0,0.0,0.0,0.0,29857.3
585.11,100.0,39611.9,,,,,100.0,100.0,100.0,100.0,29857.3
586.11,0.0,39611.9,,,,,0.0,0.0,0.0,0.0,29857.3
587.11,100.0,39462.9,,,,,100.0,100.0,100.0,100.0,29827.6
588.11,0.0,39607.5,,,,,0.0,0.0,0.0,0.0,29821.1
589.11,0.0,39896.2,,,,,0.0,0.0,0.0,0.0,29848.6
590.11,100.0,40040.2,,,,,100.0,100.0,100.0,100.0,29814.8
591.12,0.0,40040.2,,,,,0.0,0.0,0.0,0.0,29848.1
592.12,100.0,40040.2,,,,,100.0,100.0,100.0,100.0,29849.3
593.12,0.0,40040.2,,,,,0.0,0.0,0.0,0.0,29848.5
594.12,0.0,40040.2,,,,,0.0,0.0,0.0,0.0,29848.5
595.12,100.0,40040.2,,,,,100.0,100.0,100.0,100.0,29849.8
596.12,0.0,40040.2,,,,,0.0,0.0,0.0,0.0,29849.8
597.12,100.0,40044.2,,,,,100.0,100.0,100.0,100.0,29853.7
598.12,0.0,40044.2,,,,,0.0,0.0,0.0,0.0,29853.7
599.12,0.0,40044.2,,,,,0.0,0.0,0.0,0.0,29853.7
600.12,100.0,39901.6,,,,,100.0,100.0,100.0,100.0,29859.4
601.12,0.0,39901.6,,,,,0.0,0.0,0.0,0.0,29859.4
602.12,100.0,39756.8,,,,,100.0,100.0,100.0,100.0,29859.7
603.12,0.0,39756.8,,,,,0.0,0.0,0.0,0.0,29859.7
604.12,100.0,39611.9,,,,,100.0,100.0,100.0,100.0,29859.7
605.12,0.0,39611.9,,,,,0.0,0.0,0.0,0.0,29859.7
606.12,0.0,39611.9,,,,,0.0,0.0,0.0,0.0,29859.7
607.12,100.0,39463.2,,,,,100.0,100.0,100.0,100.0,29847.1
608.12,0.0,39751.9,,,,,0.0,0.0,0.0,0.0,29848.5
609.12,0.0,39896.2,,,,,0.0,0.0,0.0,0.0,29839.9
610.12,100.0,40040.2,,,,,100.0,100.0,100.0,100.0,29830.2
611.12,0.0,40040.2,,,,,0.0,0.0,0.0,0.0,29850.7
612.12,100.0,40040.2,,,,,100.0,100.0,100.0,100.0,29824.6
613.12,0.0,40040.2,,,,,0.0,0.0,0.0,0.0,29850.5
614.12,0.0,40040.2,,,,,0.0,0.0,0.0,0.0,29850.5
615.12,100.0,40040.2,,,,,100.0,100.0,100.0,100.0,29851.8
616.12,0.0,40040.2,,,,,0.0,0.0,0.0,0.0,29851.8
617.12,100.0,40044.2,,,,,100.0,100.0,100.0,100.0,29855.7
618.12,0.0,40044.2,,,,,0.0,0.0,0.0,0.0,29855.7
619.12,100.0,39900.1,,,,,100.0,100.0,100.0,100.0,29859.9
620.12,0.0,39901.6,,,,,0.0,0.0,0.0,0.0,29860.8
621.12,0.0,39901.6,,,,,0.0,0.0,0.0,0.0,29860.8
622.12,100.0,39756.8,,,,,100.0,100.0,100.0,100.0,29860.9
623.12,0.0,39756.8,,,,,0.0,0.0,0.0,0.0,29860.9
624.12,100.0,39611.9,,,,,100.0,100.0,100.0,100.0,29860.9
625.12,0.0,39611.9,,,,,0.0,0.0,0.0,0.0,29860.9
626.12,0.0,39611.9,,,,,0.0,0.0,0.0,0.0,29860.9
627.12,100.0,39463.2,,,,,100.0,100.0,100.0,100.0,29818.6
628.12,0.0,39751.9,,,,,0.0,0.0,0.0,0.0,29850.2
629.12,0.0,39968.2,,,,,0.0,0.0,0.0,0.0,29847.0
630.12,100.0,40040.2,,,,,100.0,100.0,100.0,100.0,29834.8
631.12,0.0,40040.2,,,,,0.0,0.0,0.0,0.0,29851.8
632.12,100.0,40040.2,,,,,100.0,100.0,100.0,100.0,29843.1
633.12,0.0,40040.2,,,,,0.0,0.0,0.0,0.0,29851.7
634.12,100.0,39895.9,,,,,100.0,100.0,100.0,100.0,29851.9
635.12,0.0,40040.2,,,,,0.0,0.0,0.0,0.0,29853.0
636.12,0.0,40040.2,,,,,0.0,0.0,0.0,0.0,29853.0
637.12,100.0,40044.2,,,,,100.0,100.0,100.0,100.0,29856.9
638.12,0.0,40044.2,,,,,0.0,0.0,0.0,0.0,29856.9
639.12,100.0,39901.6,,,,,100.0,100.0,100.0,100.0,29862.4
640.12,0.0,39901.6,,,,,0.0,0.0,0.0,0.0,29862.4
641.12,0.0,39901.6,,,,,0.0,0.0,0.0,0.0,29862.4
642.12,100.0,39756.8,,,,,100.0,100.0,100.0,100.0,29862.5
643.12,0.0,39756.8,,,,,0.0,0.0,0.0,0.0,29862.5
644.13,100.0,39611.9,,,,,100.0,100.0,100.0,100.0,29862.5
645.13,0.0,39611.9,,,,,0.0,0.0,0.0,0.0,29862.5
646.13,0.0,39611.9,,,,,0.0,0.0,0.0,0.0,29862.5
647.13,100.0,39463.2,,,,,100.0,100.0,100.0,100.0,29830.1
648.13,0.0,39751.9,,,,,0.0,0.0,0.0,0.0,29827.0
649.13,100.0,39896.1,,,,,100.0,100.0,100.0,100.0,29839.6
650.13,0.0,40040.2,,,,,0.0,0.0,0.0,0.0,29853.6
651.13,0.0,40040.2,,,,,0.0,0.0,0.0,0.0,29853.6
652.13,100.0,40040.2,,,,,100.0,100.0,100.0,100.0,29853.5
653.13,0.0,40040.2,,,,,0.0,0.0,0.0,0.0,29853.5
654.13,100.0,40040.2,,,,,100.0,100.0,100.0,100.0,29854.7
655.13,0.0,40040.2,,,,,0.0,0.0,0.0,0.0,29854.7
656.13,0.0,40040.2,,,,,0.0,0.0,0.0,0.0,29854.7
657.13,100.0,40044.2,,,,,100.0,100.0,100.0,100.0,29858.7
658.13,0.0,40044.2,,,,,0.0,0.0,0.0,0.0,29858.7
659.13,100.0,39901.6,,,,,100.0,100.0,100.0,100.0,29863.3
660.13,0.0,39901.6,,,,,0.0,0.0,0.0,0.0,29863.3
661.13,0.0,39901.6,,,,,0.0,0.0,0.0,0.0,29863.3
662.13,100.0,39756.8,,,,,100.0,100.0,100.0,100.0,29863.5
663.13,0.0,39756.8,,,,,0.0,0.0,0.0,0.0,29863.5
664.13,100.0,39611.9,,,,,100.0,100.0,100.0,100.0,29863.5
665.13,0.0,39611.9,,,,,0.0,0.0,0.0,0.0,29863.5
666.13,100.0,39462.9,,,,,100.0,100.0,100.0,100.0,29810.6
667.13,0.0,39607.5,,,,,0.0,0.0,0.0,0.0,29851.0
668.13,0.0,39788.0,,,,,0.0,0.0,0.0,0.0,29844.3
669.13,100.0,39896.2,,,,,100.0,100.0,100.0,100.0,29834.8
670.13,0.0,40040.2,,,,,0.0,0.0,0.0,0.0,29854.2
671.13,0.0,40040.2,,,,,0.0,0.0,0.0,0.0,29854.2
672.13,100.0,40040.2,,,,,100.0,100.0,100.0,100.0,29854.4
673.13,0.0,40040.2,,,,,0.0,0.0,0.0,0.0,29854.4
674.13,100.0,40040.2,,,,,100.0,100.0,100.0,100.0,29855.6
675.13,0.0,40040.2,,,,,0.0,0.0,0.0,0.0,29855.6
676.13,0.0,40040.2,,,,,0.0,0.0,0.0,0.0,29855.6
677.13,100.0,40044.2,,,,,100.0,100.0,100.0,100.0,29859.5
678.13,0.0,40044.2,,,,,0.0,0.0,0.0,0.0,29859.5
679.13,100.0,39901.6,,,,,100.0,100.0,100.0,100.0,29864.2
680.13,0.0,39901.6,,,,,0.0,0.0,0.0,0.0,29864.2
681.13,100.0,39756.8,,,,,100.0,100.0,100.0,100.0,29864.3
682.13,0.0,39756.8,,,,,0.0,0.0,0.0,0.0,29864.3
683.13,0.0,39756.8,,,,,0.0,0.0,0.0,0.0,29864.3
684.13,100.0,39611.9,,,,,100.0,100.0,100.0,100.0,29864.4
685.13,0.0,39611.9,,,,,0.0,0.0,0.0,0.0,29864.4
686.13,100.0,39462.9,,,,,100.0,100.0,100.0,100.0,29842.1
687.13,0.0,39607.5,,,,,0.0,0.0,0.0,0.0,29852.2
688.13,0.0,39896.2,,,,,0.0,0.0,0.0,0.0,29820.9
689.13,100.0,39968.2,,,,,100.0,100.0,100.0,100.0,29843.9
690.13,0.0,40040.2,,,,,0.0,0.0,0.0,0.0,29855.2
691.13,0.0,40040.2,,,,,0.0,0.0,0.0,0.0,29855.2
692.13,100.0,40040.2,,,,,100.0,100.0,100.0,100.0,29855.2
693.14,0.0,40040.2,,,,,0.0,0.0,0.0,0.0,29855.2
694.14,100.0,40040.2,,,,,100.0,100.0,100.0,100.0,29856.4
695.14,0.0,40040.2,,,,,0.0,0.0,0.0,0.0,29856.4
696.14,100.0,40044.2,,,,,100.0,100.0,100.0,100.0,29860.4
697.14,0.0,40044.2,,,,,0.0,0.0,0.0,0.0,29860.4
698.14,0.0,40044.2,,,,,0.0,0.0,0.0,0.0,29860.4
699.14,100.0,39901.6,,,,,100.0,100.0,100.0,100.0,29865.2
700.14,0.0,39901.6,,,,,0.0,0.0,0.0,0.0,29865.2
701.14,100.0,39756.8,,,,,100.0,100.0,100.0,100.0,29865.3
702.14,0.0,39756.8,,,,,0.0,0.0,0.0,0.0,29865.3
703.14,0.0,39756.8,,,,,0.0,0.0,0.0,0.0,29865.3
704.14,100.0,39611.9,,,,,100.0,100.0,100.0,100.0,29865.3
705.14,0.0,39611.9,,,,,0.0,0.0,0.0,0.0,29865.3
706.14,100.0,39462.9,,,,,100.0,100.0,100.0,100.0,29836.2
707.14,0.0,39607.5,,,,,0.0,0.0,0.0,0.0,29829.8
708.14,0.0,39896.2,,,,,0.0,0.0,0.0,0.0,29843.4
709.14,100.0,40040.2,,,,,100.0,100.0,100.0,100.0,29857.0
710.14,0.0,40040.2,,,,,0.0,0.0,0.0,0.0,29856.2
711.14,100.0,40040.2,,,,,100.0,100.0,100.0,100.0,29857.4
712.14,0.0,40040.2,,,,,0.0,0.0,0.0,0.0,29856.4
713.14,0.0,40040.2,,,,,0.0,0.0,0.0,0.0,29856.4
714.14,100.0,40040.2,,,,,100.0,100.0,100.0,100.0,29857.8
715.14,0.0,40040.2,,,,,0.0,0.0,0.0,0.0,29857.8
716.14,100.0,40044.2,,,,,100.0,100.0,100.0,100.0,29861.7
717.14,0.0,40044.2,,,,,0.0,0.0,0.0,0.0,29861.7
718.14,0.0,40044.2,,,,,0.0,0.0,0.0,0.0,29861.7
719.14,100.0,39901.6,,,,,100.0,100.0,100.0,100.0,29866.1
720.14,0.0,39901.6,,,,,0.0,0.0,0.0,0.0,29866.1
721.14,100.0,39756.8,,,,,100.0,100.0,100.0,100.0,29866.4
722.14,0.0,39756.8,,,,,0.0,0.0,0.0,0.0,29866.4
723.14,100.0,39611.9,,,,,100.0,100.0,100.0,100.0,29866.4
724.14,0.0,39611.9,,,,,0.0,0.0,0.0,0.0,29866.4
725.14,0.0,39611.9,,,,,0.0,0.0,0.0,0.0,29866.4
726.14,100.0,39463.2,,,,,100.0,100.0,100.0,100.0,29854.0
727.14,0.0,39715.8,,,,,0.0,0.0,0.0,0.0,29851.4
728.14,0.0,39896.2,,,,,0.0,0.0,0.0,0.0,29844.6
729.14,100.0,40040.2,,,,,100.0,100.0,100.0,100.0,29838.2
730.14,0.0,40040.2,,,,,0.0,0.0,0.0,0.0,29857.1
731.14,100.0,40040.2,,,,,100.0,100.0,100.0,100.0,29830.5
732.14,0.0,40040.2,,,,,0.0,0.0,0.0,0.0,29857.3
733.14,0.0,40040.2,,,,,0.0,0.0,0.0,0.0,29857.3
734.14,100.0,40040.2,,,,,100.0,100.0,100.0,100.0,29858.6
735.14,0.0,40040.2,,,,,0.0,0.0,0.0,0.0,29858.6
736.14,100.0,40044.2,,,,,100.0,100.0,100.0,100.0,29862.4
737.14,0.0,40044.2,,,,,0.0,0.0,0.0,0.0,29862.4
738.14,0.0,40044.2,,,,,0.0,0.0,0.0,0.0,29862.4
739.14,100.0,39901.6,,,,,100.0,100.0,100.0,100.0,29866.8
740.14,0.0,39901.6,,,,,0.0,0.0,0.0,0.0,29866.8
741.14,100.0,39756.8,,,,,100.0,100.0,100.0,100.0,29867.0
742.14,0.0,39756.8,,,,,0.0,0.0,0.0,0.0,29867.0
743.14,100.0,39611.9,,,,,100.0,100.0,100.0,100.0,29867.0
744.14,0.0,39611.9,,,,,0.0,0.0,0.0,0.0,29867.0
745.15,0.0,39611.9,,,,,0.0,0.0,0.0,0.0,29867.0
746.15,100.0,39463.2,,,,,100.0,100.0,100.0,100.0,29824.6
747.15,0.0,39751.9,,,,,0.0,0.0,0.0,0.0,29847.6
748.15,0.0,39968.2,,,,,0.0,0.0,0.0,0.0,29857.5
749.15,100.0,40040.2,,,,,100.0,100.0,100.0,100.0,29844.7
750.15,0.0,40040.2,,,,,0.0,0.0,0.0,0.0,29857.9
751.15,100.0,40040.2,,,,,100.0,100.0,100.0,100.0,29836.7
752.15,0.0,40040.2,,,,,0.0,0.0,0.0,0.0,29858.3
753.15,0.0,40040.2,,,,,0.0,0.0,0.0,0.0,29858.3
754.15,100.0,40040.2,,,,,100.0,100.0,100.0,100.0,29859.6
755.15,0.0,40040.2,,,,,0.0,0.0,0.0,0.0,29859.6
756.15,100.0,40044.2,,,,,100.0,100.0,100.0,100.0,29863.5
757.15,0.0,40044.2,,,,,0.0,0.0,0.0,0.0,29863.5
758.15,100.0,39901.6,,,,,100.0,100.0,100.0,100.0,29868.6
759.15,0.0,39901.6,,,,,0.0,0.0,0.0,0.0,29868.6
760.15,0.0,39901.6,,,,,0.0,0.0,0.0,0.0,29868.6
761.15,100.0,39756.8,,,,,100.0,100.0,100.0,100.0,29868.9
762.15,0.0,39756.8,,,,,0.0,0.0,0.0,0.0,29868.9
763.15,100.0,39611.9,,,,,100.0,100.0,100.0,100.0,29868.9
764.15,0.0,39611.9,,,,,0.0,0.0,0.0,0.0,29868.9
765.15,0.0,39611.9,,,,,0.0,0.0,0.0,0.0,29868.9
766.15,100.0,39463.2,,,,,100.0,100.0,100.0,100.0,29832.0
767.15,0.0,39751.9,,,,,0.0,0.0,0.0,0.0,29832.9
768.15,0.0,40040.2,,,,,0.0,0.0,0.0,0.0,29829.8
769.15,100.0,40040.2,,,,,100.0,100.0,100.0,100.0,29859.4
770.15,0.0,40040.2,,,,,0.0,0.0,0.0,0.0,29859.4
771.15,100.0,40040.2,,,,,100.0,100.0,100.0,100.0,29854.7
772.15,0.0,40040.2,,,,,0.0,0.0,0.0,0.0,29859.2
773.15,100.0,40040.2,,,,,100.0,100.0,100.0,100.0,29860.5
774.15,0.0,40040.2,,,,,0.0,0.0,0.0,0.0,29860.5
775.15,0.0,40040.2,,,,,0.0,0.0,0.0,0.0,29860.5
776.15,100.0,40044.2,,,,,100.0,100.0,100.0,100.0,29864.4
777.15,0.0,40044.2,,,,,0.0,0.0,0.0,0.0,29864.4
778.15,100.0,39901.6,,,,,100.0,100.0,100.0,100.0,29868.8
779.15,0.0,39901.6,,,,,0.0,0.0,0.0,0.0,29868.8
780.15,0.0,39901.6,,,,,0.0,0.0,0.0,0.0,29868.8
781.15,100.0,39756.8,,,,,100.0,100.0,100.0,100.0,29869.0
782.15,0.0,39756.8,,,,,0.0,0.0,0.0,0.0,29869.0
783.15,100.0,39611.9,,,,,100.0,100.0,100.0,100.0,29869.0
784.15,0.0,39611.9,,,,,0.0,0.0,0.0,0.0,29869.0
785.15,100.0,39462.9,,,,,100.0,100.0,100.0,100.0,29869.1
786.15,0.0,39535.4,,,,,0.0,0.0,0.0,0.0,29854.2
787.15,0.0,39751.9,,,,,0.0,0.0,0.0,0.0,29841.2
788.15,100.0,39896.2,,,,,100.0,100.0,100.0,100.0,29838.0
789.15,0.0,40040.2,,,,,0.0,0.0,0.0,0.0,29860.4
790.15,0.0,40040.2,,,,,0.0,0.0,0.0,0.0,29860.4
791.15,100.0,40040.2,,,,,100.0,100.0,100.0,100.0,29860.5
792.15,0.0,40040.2,,,,,0.0,0.0,0.0,0.0,29860.5
793.15,100.0,40040.2,,,,,100.0,100.0,100.0,100.0,29861.9
794.15,0.0,40040.2,,,,,0.0,0.0,0.0,0.0,29861.9
795.16,0.0,40040.2,,,,,0.0,0.0,0.0,0.0,29861.9
796.16,100.0,40044.2,,,,,100.0,100.0,100.0,100.0,29865.8
797.16,0.0,40044.2,,,,,0.0,0.0,0.0,0.0,29865.8
798.16,100.0,39901.6,,,,,100.0,100.0,100.0,100.0,29870.3
799.16,0.0,39901.6,,,,,0.0,0.0,0.0,0.0,29870.3
800.16,100.0,39756.8,,,,,100.0,100.0,100.0,100.0,29870.5
801.16,0.0,39756.8,,,,,0.0,0.0,0.0,0.0,29870.5
802.16,0.0,39756.8,,,,,0.0,0.0,0.0,0.0,29870.5
803.16,100.0,39611.9,,,,,100.0,100.0,100.0,100.0,29870.5
804.16,0.0,39611.9,,,,,0.0,0.0,0.0,0.0,29870.5
805.16,100.0,39462.9,,,,,100.0,100.0,100.0,100.0,29824.2
806.16,0.0,39607.5,,,,,0.0,0.0,0.0,0.0,29858.3
807.16,0.0,39896.2,,,,,0.0,0.0,0.0,0.0,29861.4
808.16,100.0,39932.2,,,,,100.0,100.0,100.0,100.0,29853.8
809.16,0.0,40040.2,,,,,0.0,0.0,0.0,0.0,29861.4
810.16,0.0,40040.2,,,,,0.0,0.0,0.0,0.0,29861.4
811.16,100.0,40040.2,,,,,100.0,100.0,100.0,100.0,29861.4
812.16,0.0,40040.2,,,,,0.0,0.0,0.0,0.0,29861.4
813.16,100.0,40040.2,,,,,100.0,100.0,100.0,100.0,29862.8
814.16,0.0,40040.2,,,,,0.0,0.0,0.0,0.0,29862.8
815.16,100.0,40044.2,,,,,100.0,100.0,100.0,100.0,29866.6
816.16,0.0,40044.2,,,,,0.0,0.0,0.0,0.0,29866.6
817.16,0.0,40044.2,,,,,0.0,0.0,0.0,0.0,29866.6
818.16,100.0,39901.6,,,,,100.0,100.0,100.0,100.0,29870.9
819.16,0.0,39901.6,,,,,0.0,0.0,0.0,0.0,29870.9
820.16,100.0,39756.8,,,,,100.0,100.0,100.0,100.0,29871.0
821.16,0.0,39756.8,,,,,0.0,0.0,0.0,0.0,29871.0
822.16,0.0,39756.8,,,,,0.0,0.0,0.0,0.0,29871.0
823.16,100.0,39611.9,,,,,100.0,100.0,100.0,100.0,29871.1
824.16,0.0,39611.9,,,,,0.0,0.0,0.0,0.0,29871.1
825.16,100.0,39462.9,,,,,100.0,100.0,100.0,100.0,29836.8
826.16,0.0,39607.5,,,,,0.0,0.0,0.0,0.0,29833.6
827.16,0.0,39896.2,,,,,0.0,0.0,0.0,0.0,29847.0
828.16,100.0,40004.2,,,,,100.0,100.0,100.0,100.0,29857.2
829.16,0.0,40040.2,,,,,0.0,0.0,0.0,0.0,29862.1
830.16,100.0,40040.2,,,,,100.0,100.0,100.0,100.0,29862.8
831.16,0.0,40040.2,,,,,0.0,0.0,0.0,0.0,29862.2
832.16,0.0,40040.2,,,,,0.0,0.0,0.0,0.0,29862.2
833.16,100.0,40040.2,,,,,100.0,100.0,100.0,100.0,29863.4
834.16,0.0,40040.2,,,,,0.0,0.0,0.0,0.0,29863.4
835.16,100.0,40044.2,,,,,100.0,100.0,100.0,100.0,29867.4
836.16,0.0,40044.2,,,,,0.0,0.0,0.0,0.0,29867.4
837.16,0.0,40044.2,,,,,0.0,0.0,0.0,0.0,29867.4
838.16,100.0,39901.6,,,,,100.0,100.0,100.0,100.0,29871.8
839.16,0.0,39901.6,,,,,0.0,0.0,0.0,0.0,29871.8
840.16,100.0,39756.8,,,,,100.0,100.0,100.0,100.0,29871.9
841.16,0.0,39756.8,,,,,0.0,0.0,0.0,0.0,29871.9
842.16,0.0,39756.8,,,,,0.0,0.0,0.0,0.0,29871.9
843.16,100.0,39611.9,,,,,100.0,100.0,100.0,100.0,29872.0
844.16,0.0,39611.9,,,,,0.0,0.0,0.0,0.0,29872.0
845.16,100.0,39463.2,,,,,100.0,100.0,100.0,100.0,29859.7
846.16,0.0,39607.5,,,,,0.0,0.0,0.0,0.0,29849.6
847.16,0.0,39896.2,,,,,0.0,0.0,0.0,0.0,29841.8
848.17,100.0,40040.2,,,,,100.0,100.0,100.0,100.0,29840.4
849.17,0.0,40040.2,,,,,0.0,0.0,0.0,0.0,29863.2
850.17,100.0,40040.2,,,,,100.0,100.0,100.0,100.0,29864.6
851.17,0.0,40040.2,,,,,0.0,0.0,0.0,0.0,29863.1
852.17,0.0,40040.2,,,,,0.0,0.0,0.0,0.0,29863.1
853.17,100.0,40040.2,,,,,100.0,100.0,100.0,100.0,29864.4
854.17,0.0,40040.2,,,,,0.0,0.0,0.0,0.0,29864.4
855.17,100.0,40044.2,,,,,100.0,100.0,100.0,100.0,29868.2
856.17,0.0,40044.2,,,,,0.0,0.0,0.0,0.0,29868.2
857.17,0.0,40044.2,,,,,0.0,0.0,0.0,0.0,29868.2
858.17,100.0,39901.6,,,,,100.0,100.0,100.0,100.0,29872.6
859.17,0.0,39901.6,,,,,0.0,0.0,0.0,0.0,29872.6
860.17,100.0,39756.8,,,,,100.0,100.0,100.0,100.0,29872.7
861.17,0.0,39756.8,,,,,0.0,0.0,0.0,0.0,29872.7
862.17,100.0,39611.9,,,,,100.0,100.0,100.0,100.0,29872.8
863.17,0.0,39611.9,,,,,0.0,0.0,0.0,0.0,29872.8
864.17,0.0,39611.9,,,,,0.0,0.0,0.0,0.0,29872.8
865.17,100.0,39463.2,,,,,100.0,100.0,100.0,100.0,29826.7
866.17,0.0,39751.9,,,,,0.0,0.0,0.0,0.0,29842.6
867.17,0.0,39932.2,,,,,0.0,0.0,0.0,0.0,29858.4
868.17,100.0,40040.2,,,,,100.0,100.0,100.0,100.0,29850.1
869.17,0.0,40040.2,,,,,0.0,0.0,0.0,0.0,29863.6
870.17,100.0,40040.2,,,,,100.0,100.0,100.0,100.0,29840.8
871.17,0.0,40040.2,,,,,0.0,0.0,0.0,0.0,29863.8
872.17,0.0,40040.2,,,,,0.0,0.0,0.0,0.0,29863.8
873.17,100.0,40040.2,,,,,100.0,100.0,100.0,100.0,29865.1
874.17,0.0,40040.2,,,,,0.0,0.0,0.0,0.0,29865.1
875.17,100.0,40044.2,,,,,100.0,100.0,100.0,100.0,29869.0
876.17,0.0,40044.2,,,,,0.0,0.0,0.0,0.0,29869.0
877.17,100.0,39901.6,,,,,100.0,100.0,100.0,100.0,29873.8
878.17,0.0,39901.6,,,,,0.0,0.0,0.0,0.0,29873.8
879.17,0.0,39901.6,,,,,0.0,0.0,0.0,0.0,29873.8
880.17,100.0,39756.8,,,,,100.0,100.0,100.0,100.0,29874.0
881.17,0.0,39756.8,,,,,0.0,0.0,0.0,0.0,29874.0
882.17,100.0,39611.9,,,,,100.0,100.0,100.0,100.0,29874.0
883.17,0.0,39611.9,,,,,0.0,0.0,0.0,0.0,29874.0
884.17,0.0,39611.9,,,,,0.0,0.0,0.0,0.0,29874.0
885.17,100.0,39463.2,,,,,100.0,100.0,100.0,100.0,29835.4
886.17,0.0,39751.9,,,,,0.0,0.0,0.0,0.0,29863.8
887.17,0.0,40040.2,,,,,0.0,0.0,0.0,0.0,29866.0
888.17,100.0,40040.2,,,,,100.0,100.0,100.0,100.0,29860.6
889.17,0.0,40040.2,,,,,0.0,0.0,0.0,0.0,29865.3
890.17,100.0,40040.2,,,,,100.0,100.0,100.0,100.0,29859.7
891.17,0.0,40040.2,,,,,0.0,0.0,0.0,0.0,29865.1
892.17,100.0,40040.2,,,,,100.0,100.0,100.0,100.0,29866.4
893.17,0.0,40040.2,,,,,0.0,0.0,0.0,0.0,29866.4
894.17,0.0,40040.2,,,,,0.0,0.0,0.0,0.0,29866.4
895.17,100.0,40044.2,,,,,100.0,100.0,100.0,100.0,29870.3
896.17,0.0,40044.2,,,,,0.0,0.0,0.0,0.0,29870.3
897.17,100.0,39901.6,,,,,100.0,100.0,100.0,100.0,29874.5
898.17,0.0,39901.6,,,,,0.0,0.0,0.0,0.0,29874.5
899.17,0.0,39901.6,,,,,0.0,0.0,0.0,0.0,29874.5
900.18,100.0,39756.8,,,,,100.0,100.0,100.0,100.0,29874.6
901.18,0.0,39756.8,,,,,0.0,0.0,0.0,0.0,29874.6
902.18,100.0,39611.9,,,,,100.0,100.0,100.0,100.0,29874.6
903.18,0.0,39611.9,,,,,0.0,0.0,0.0,0.0,29874.6
904.18,100.0,39462.9,,,,,100.0,100.0,100.0,100.0,29874.8
905.18,0.0,39463.2,,,,,0.0,0.0,0.0,0.0,29856.0
906.18,0.0,39751.9,,,,,0.0,0.0,0.0,0.0,29845.1
907.18,100.0,39896.2,,,,,100.0,100.0,100.0,100.0,29840.9
908.18,0.0,40040.2,,,,,0.0,0.0,0.0,0.0,29866.3
909.18,0.0,40040.2,,,,,0.0,0.0,0.0,0.0,29866.3
910.18,100.0,40040.2,,,,,100.0,100.0,100.0,100.0,29866.6
911.18,0.0,40040.2,,,,,0.0,0.0,0.0,0.0,29866.6
912.18,100.0,40040.2,,,,,100.0,100.0,100.0,100.0,29867.9
913.18,0.0,40040.2,,,,,0.0,0.0,0.0,0.0,29867.9
914.18,0.0,40040.2,,,,,0.0,0.0,0.0,0.0,29867.9
915.18,100.0,40044.2,,,,,100.0,100.0,100.0,100.0,29871.6
916.18,0.0,40044.2,,,,,0.0,0.0,0.0,0.0,29871.6
917.18,100.0,39901.6,,,,,100.0,100.0,100.0,100.0,29875.9
918.18,0.0,39901.6,,,,,0.0,0.0,0.0,0.0,29875.9
919.18,100.0,39756.8,,,,,100.0,100.0,100.0,100.0,29876.0
920.18,0.0,39756.8,,,,,0.0,0.0,0.0,0.0,29876.0
921.18,0.0,39756.8,,,,,0.0,0.0,0.0,0.0,29876.0
922.18,100.0,39611.9,,,,,100.0,100.0,100.0,100.0,29876.0
923.18,0.0,39611.9,,,,,0.0,0.0,0.0,0.0,29876.0
924.18,100.0,39462.9,,,,,100.0,100.0,100.0,100.0,29832.1
925.18,0.0,39607.5,,,,,0.0,0.0,0.0,0.0,29864.4
926.18,0.0,39896.2,,,,,0.0,0.0,0.0,0.0,29867.3
927.18,100.0,39932.2,,,,,100.0,100.0,100.0,100.0,29860.0
928.18,0.0,40040.2,,,,,0.0,0.0,0.0,0.0,29867.1
929.18,0.0,40040.2,,,,,0.0,0.0,0.0,0.0,29867.1
930.18,100.0,40040.2,,,,,100.0,100.0,100.0,100.0,29867.2
931.18,0.0,40040.2,,,,,0.0,0.0,0.0,0.0,29867.2
932.18,100.0,40040.2,,,,,100.0,100.0,100.0,100.0,29868.4
933.18,0.0,40040.2,,,,,0.0,0.0,0.0,0.0,29868.4
934.18,100.0,40044.2,,,,,100.0,100.0,100.0,100.0,29872.3
935.18,0.0,40044.2,,,,,0.0,0.0,0.0,0.0,29872.3
936.18,0.0,40044.2,,,,,0.0,0.0,0.0,0.0,29872.3
937.18,100.0,39901.6,,,,,100.0,100.0,100.0,100.0,29876.7
938.18,0.0,39901.6,,,,,0.0,0.0,0.0,0.0,29876.7
939.18,100.0,39756.8,,,,,100.0,100.0,100.0,100.0,29877.0
940.18,0.0,39756.8,,,,,0.0,0.0,0.0,0.0,29877.0
941.18,0.0,39756.8,,,,,0.0,0.0,0.0,0.0,29877.0
942.18,100.0,39611.9,,,,,100.0,100.0,100.0,100.0,29877.0
943.18,0.0,39611.9,,,,,0.0,0.0,0.0,0.0,29877.0
944.18,100.0,39462.9,,,,,100.0,100.0,100.0,100.0,29840.7
945.18,0.0,39607.5,,,,,0.0,0.0,0.0,0.0,29840.2
946.18,0.0,39896.2,,,,,0.0,0.0,0.0,0.0,29837.7
947.18,100.0,40040.2,,,,,100.0,100.0,100.0,100.0,29861.2
948.18,0.0,40040.2,,,,,0.0,0.0,0.0,0.0,29868.3
949.18,100.0,40040.2,,,,,100.0,100.0,100.0,100.0,29869.2
950.18,0.0,40040.2,,,,,0.0,0.0,0.0,0.0,29868.5
951.18,0.0,40040.2,,,,,0.0,0.0,0.0,0.0,29868.5
952.18,100.0,40040.2,,,,,100.0,100.0,100.0,100.0,29869.7
953.18,0.0,40040.2,,,,,0.0,0.0,0.0,0.0,29869.7
954.18,100.0,40044.2,,,,,100.0,100.0,100.0,100.0,29873.6
955.19,0.0,40044.2,,,,,0.0,0.0,0.0,0.0,29873.6
956.19,0.0,40044.2,,,,,0.0,0.0,0.0,0.0,29873.6
957.19,100.0,39901.6,,,,,100.0,100.0,100.0,100.0,29877.4
958.19,0.0,39901.6,,,,,0.0,0.0,0.0,0.0,29877.4
959.19,100.0,39756.8,,,,,100.0,100.0,100.0,100.0,29877.6
960.19,0.0,39756.8,,,,,0.0,0.0,0.0,0.0,29877.6
961.19,0.0,39756.8,,,,,0.0,0.0,0.0,0.0,29877.6
962.19,100.0,39611.9,,,,,100.0,100.0,100.0,100.0,29877.6
963.19,0.0,39611.9,,,,,0.0,0.0,0.0,0.0,29877.6
964.19,100.0,39463.2,,,,,100.0,100.0,100.0,100.0,29865.3
965.19,0.0,39607.5,,,,,0.0,0.0,0.0,0.0,29854.6
966.19,0.0,39896.2,,,,,0.0,0.0,0.0,0.0,29855.6
967.19,100.0,40040.2,,,,,100.0,100.0,100.0,100.0,29846.6
968.19,0.0,40040.2,,,,,0.0,0.0,0.0,0.0,29869.0
969.19,100.0,40040.2,,,,,100.0,100.0,100.0,100.0,29870.4
970.19,0.0,40040.2,,,,,0.0,0.0,0.0,0.0,29868.7
971.19,0.0,40040.2,,,,,0.0,0.0,0.0,0.0,29868.7
972.19,100.0,40040.2,,,,,100.0,100.0,100.0,100.0,29870.1
973.19,0.0,40040.2,,,,,0.0,0.0,0.0,0.0,29870.1
974.19,100.0,40044.2,,,,,100.0,100.0,100.0,100.0,29873.8
975.19,0.0,40044.2,,,,,0.0,0.0,0.0,0.0,29873.8
976.19,0.0,40044.2,,,,,0.0,0.0,0.0,0.0,29873.8
977.19,100.0,39901.6,,,,,100.0,100.0,100.0,100.0,29877.7
978.19,0.0,39901.6,,,,,0.0,0.0,0.0,0.0,29877.7
979.19,100.0,39756.8,,,,,100.0,100.0,100.0,100.0,29877.9
980.19,0.0,39756.8,,,,,0.0,0.0,0.0,0.0,29877.9
981.19,100.0,39611.9,,,,,100.0,100.0,100.0,100.0,29877.9
982.19,0.0,39611.9,,,,,0.0,0.0,0.0,0.0,29877.9
983.19,0.0,39611.9,,,,,0.0,0.0,0.0,0.0,29877.9
984.19,100.0,39463.2,,,,,100.0,100.0,100.0,100.0,29865.9
985.19,0.0,39751.9,,,,,0.0,0.0,0.0,0.0,29828.6
986.19,0.0,40004.2,,,,,0.0,0.0,0.0,0.0,29869.2
987.19,100.0,40040.2,,,,,100.0,100.0,100.0,100.0,29855.7
988.19,0.0,40040.2,,,,,0.0,0.0,0.0,0.0,29869.3
989.19,100.0,40040.2,,,,,100.0,100.0,100.0,100.0,29847.8
990.19,0.0,40040.2,,,,,0.0,0.0,0.0,0.0,29869.2
991.19,0.0,40040.2,,,,,0.0,0.0,0.0,0.0,29869.2
992.19,100.0,40040.2,,,,,100.0,100.0,100.0,100.0,29870.5
993.19,0.0,40040.2,,,,,0.0,0.0,0.0,0.0,29870.5
994.19,100.0,40044.2,,,,,100.0,100.0,100.0,100.0,29874.4
995.19,0.0,40044.2,,,,,0.0,0.0,0.0,0.0,29874.4
996.19,100.0,39901.6,,,,,100.0,100.0,100.0,100.0,29878.2
997.19,0.0,39901.6,,,,,0.0,0.0,0.0,0.0,29878.2
998.19,0.0,39901.6,,,,,0.0,0.0,0.0,0.0,29878.2
999.19,100.0,39756.8,,,,,100.0,100.0,100.0,100.0,29878.5
1000.19,0.0,39756.8,,,,,0.0,0.0,0.0,0.0,29878.5
1001.19,100.0,39611.9,,,,,100.0,100.0,100.0,100.0,29878.6
1002.19,0.0,39611.9,,,,,0.0,0.0,0.0,0.0,29878.6
1003.19,0.0,39611.9,,,,,0.0,0.0,0.0,0.0,29878.6
1004.19,100.0,39463.2,,,,,100.0,100.0,100.0,100.0,29840.6
1005.19,0.0,39751.9,,,,,0.0,0.0,0.0,0.0,29847.1
1006.19,0.0,40040.2,,,,,0.0,0.0,0.0,0.0,29870.5
1007.19,100.0,40040.2,,,,,100.0,100.0,100.0,100.0,29869.7
1008.19,0.0,40040.2,,,,,0.0,0.0,0.0,0.0,29869.7
1009.19,100.0,40040.2,,,,,100.0,100.0,100.0,100.0,29868.6
1010.19,0.0,40040.2,,,,,0.0,0.0,0.0,0.0,29869.5
1011.19,100.0,40040.2,,,,,100.0,100.0,100.0,100.0,29870.9
1012.2,0.0,40040.2,,,,,0.0,0.0,0.0,0.0,29870.9
1013.2,0.0,40040.2,,,,,0.0,0.0,0.0,0.0,29870.9
1014.2,100.0,40044.2,,,,,100.0,100.0,100.0,100.0,29874.7
1015.2,0.0,40044.2,,,,,0.0,0.0,0.0,0.0,29874.7
1016.2,100.0,39901.6,,,,,100.0,100.0,100.0,100.0,29878.6
1017.2,0.0,39901.6,,,,,0.0,0.0,0.0,0.0,29878.6
1018.2,0.0,39901.6,,,,,0.0,0.0,0.0,0.0,29878.6
1019.2,100.0,39756.8,,,,,100.0,100.0,100.0,100.0,29878.8
1020.2,0.0,39756.8,,,,,0.0,0.0,0.0,0.0,29878.8
1021.2,100.0,39611.9,,,,,100.0,100.0,100.0,100.0,29878.8
1022.2,0.0,39611.9,,,,,0.0,0.0,0.0,0.0,29878.8
1023.2,100.0,39462.9,,,,,100.0,100.0,100.0,100.0,29879.0
1024.2,0.0,39535.4,,,,,0.0,0.0,0.0,0.0,29863.2
1025.2,0.0,39751.9,,,,,0.0,0.0,0.0,0.0,29852.2
1026.2,100.0,39896.2,,,,,100.0,100.0,100.0,100.0,29848.0
1027.2,0.0,40040.2,,,,,0.0,0.0,0.0,0.0,29870.3
1028.2,0.0,40040.2,,,,,0.0,0.0,0.0,0.0,29870.3
1029.2,100.0,40040.2,,,,,100.0,100.0,100.0,100.0,29870.4
1030.2,0.0,40040.2,,,,,0.0,0.0,0.0,0.0,29870.4
1031.2,100.0,40040.2,,,,,100.0,100.0,100.0,100.0,29871.7
1032.2,0.0,40040.2,,,,,0.0,0.0,0.0,0.0,29871.7
1033.2,0.0,40040.2,,,,,0.0,0.0,0.0,0.0,29871.7
1034.2,100.0,40044.2,,,,,100.0,100.0,100.0,100.0,29875.5
1035.2,0.0,40044.2,,,,,0.0,0.0,0.0,0.0,29875.5
1036.2,100.0,39901.6,,,,,100.0,100.0,100.0,100.0,29879.3
1037.2,0.0,39901.6,,,,,0.0,0.0,0.0,0.0,29879.3
1038.2,100.0,39756.8,,,,,100.0,100.0,100.0,100.0,29879.6
1039.2,0.0,39756.8,,,,,0.0,0.0,0.0,0.0,29879.6
1040.2,0.0,39756.8,,,,,0.0,0.0,0.0,0.0,29879.6
1041.2,100.0,39611.9,,,,,100.0,100.0,100.0,100.0,29879.6
1042.2,0.0,39611.9,,,,,0.0,0.0,0.0,0.0,29879.6
1043.2,100.0,39462.9,,,,,100.0,100.0,100.0,100.0,29833.9
1044.2,0.0,39607.5,,,,,0.0,0.0,0.0,0.0,29859.3
1045.2,0.0,39860.1,,,,,0.0,0.0,0.0,0.0,29867.9
1046.2,100.0,39896.2,,,,,100.0,100.0,100.0,100.0,29856.9
1047.2,0.0,40040.2,,,,,0.0,0.0,0.0,0.0,29871.4
1048.2,0.0,40040.2,,,,,0.0,0.0,0.0,0.0,29871.4
1049.2,100.0,40040.2,,,,,100.0,100.0,100.0,100.0,29871.3
1050.2,0.0,40040.2,,,,,0.0,0.0,0.0,0.0,29871.3
1051.2,100.0,40040.2,,,,,100.0,100.0,100.0,100.0,29872.8
1052.2,0.0,40040.2,,,,,0.0,0.0,0.0,0.0,29872.8
1053.2,100.0,39895.9,,,,,100.0,100.0,100.0,100.0,29872.8
1054.2,0.0,40044.2,,,,,0.0,0.0,0.0,0.0,29876.6
1055.2,0.0,40044.2,,,,,0.0,0.0,0.0,0.0,29876.6
1056.2,100.0,39901.6,,,,,100.0,100.0,100.0,100.0,29880.3
1057.2,0.0,39901.6,,,,,0.0,0.0,0.0,0.0,29880.3
1058.2,100.0,39756.8,,,,,100.0,100.0,100.0,100.0,29880.4
1059.2,0.0,39756.8,,,,,0.0,0.0,0.0,0.0,29880.4
1060.2,0.0,39756.8,,,,,0.0,0.0,0.0,0.0,29880.4
1061.2,100.0,39611.9,,,,,100.0,100.0,100.0,100.0,29880.4
1062.2,0.0,39611.9,,,,,0.0,0.0,0.0,0.0,29880.4
1063.2,100.0,39462.9,,,,,100.0,100.0,100.0,100.0,29841.7
1064.2,0.0,39607.5,,,,,0.0,0.0,0.0,0.0,29868.8
1065.2,0.0,39896.2,,,,,0.0,0.0,0.0,0.0,29837.4
1066.21,100.0,40004.2,,,,,100.0,100.0,100.0,100.0,29853.9
1067.21,0.0,40040.2,,,,,0.0,0.0,0.0,0.0,29871.9
1068.21,0.0,40040.2,,,,,0.0,0.0,0.0,0.0,29871.9
1069.21,100.0,40040.2,,,,,100.0,100.0,100.0,100.0,29871.6
1070.21,0.0,40040.2,,,,,0.0,0.0,0.0,0.0,29871.6
1071.21,100.0,40040.2,,,,,100.0,100.0,100.0,100.0,29872.7
1072.21,0.0,40040.2,,,,,0.0,0.0,0.0,0.0,29872.7
1073.21,100.0,40044.2,,,,,100.0,100.0,100.0,100.0,29876.6
1074.21,0.0,40044.2,,,,,0.0,0.0,0.0,0.0,29876.6
1075.21,0.0,40044.2,,,,,0.0,0.0,0.0,0.0,29876.6
1076.21,100.0,39901.6,,,,,100.0,100.0,100.0,100.0,29880.4
1077.21,0.0,39901.6,,,,,0.0,0.0,0.0,0.0,29880.4
1078.21,100.0,39756.8,,,,,100.0,100.0,100.0,100.0,29880.6
1079.21,0.0,39756.8,,,,,0.0,0.0,0.0,0.0,29880.6
1080.21,0.0,39756.8,,,,,0.0,0.0,0.0,0.0,29880.6
1081.21,100.0,39611.9,,,,,100.0,100.0,100.0,100.0,29880.6
1082.21,0.0,39611.9,,,,,0.0,0.0,0.0,0.0,29880.6
1083.21,100.0,39391.0,,,,,100.0,100.0,100.0,100.0,29867.2
1084.21,0.0,39607.5,,,,,0.0,0.0,0.0,0.0,29851.7
1085.21,0.0,39896.2,,,,,0.0,0.0,0.0,0.0,29845.7
1086.21,100.0,40040.2,,,,,100.0,100.0,100.0,100.0,29872.8
1087.21,0.0,40040.2,,,,,0.0,0.0,0.0,0.0,29872.1
1088.21,100.0,40040.2,,,,,100.0,100.0,100.0,100.0,29873.3
1089.21,0.0,40040.2,,,,,0.0,0.0,0.0,0.0,29872.0
1090.21,0.0,40040.2,,,,,0.0,0.0,0.0,0.0,29872.0
1091.21,100.0,40040.2,,,,,100.0,100.0,100.0,100.0,29873.1
1092.21,0.0,40040.2,,,,,0.0,0.0,0.0,0.0,29873.1
1093.21,100.0,40044.2,,,,,100.0,100.0,100.0,100.0,29877.0
1094.21,0.0,40044.2,,,,,0.0,0.0,0.0,0.0,29877.0
1095.21,0.0,40044.2,,,,,0.0,0.0,0.0,0.0,29877.0
1096.21,100.0,39901.6,,,,,100.0,100.0,100.0,100.0,29881.1
1097.21,0.0,39901.6,,,,,0.0,0.0,0.0,0.0,29881.1
1098.21,100.0,39756.8,,,,,100.0,100.0,100.0,100.0,29881.3
1099.21,0.0,39756.8,,,,,0.0,0.0,0.0,0.0,29881.3
1100.21,100.0,39611.9,,,,,100.0,100.0,100.0,100.0,29881.3
1101.21,0.0,39611.9,,,,,0.0,0.0,0.0,0.0,29881.3
1102.21,0.0,39611.9,,,,,0.0,0.0,0.0,0.0,29881.3
1103.21,100.0,39463.2,,,,,100.0,100.0,100.0,100.0,29870.1
1104.21,0.0,39715.8,,,,,0.0,0.0,0.0,0.0,29871.0
1105.21,0.0,39968.2,,,,,0.0,0.0,0.0,0.0,29864.1
1106.21,100.0,40040.2,,,,,100.0,100.0,100.0,100.0,29855.0
1107.21,0.0,40040.2,,,,,0.0,0.0,0.0,0.0,29873.0
1108.21,100.0,40040.2,,,,,100.0,100.0,100.0,100.0,29849.2
1109.21,0.0,40040.2,,,,,0.0,0.0,0.0,0.0,29873.1
1110.21,0.0,40040.2,,,,,0.0,0.0,0.0,0.0,29873.1
1111.21,100.0,40040.2,,,,,100.0,100.0,100.0,100.0,29874.2
1112.21,0.0,40040.2,,,,,0.0,0.0,0.0,0.0,29874.2
1113.21,100.0,40044.2,,,,,100.0,100.0,100.0,100.0,29878.1
1114.21,0.0,40044.2,,,,,0.0,0.0,0.0,0.0,29878.1
1115.21,100.0,39901.6,,,,,100.0,100.0,100.0,100.0,29882.0
1116.21,0.0,39901.6,,,,,0.0,0.0,0.0,0.0,29882.0
1117.21,0.0,39901.6,,,,,0.0,0.0,0.0,0.0,29882.0
1118.21,100.0,39756.8,,,,,100.0,100.0,100.0,100.0,29882.1
1119.21,0.0,39756.8,,,,,0.0,0.0,0.0,0.0,29882.1
1120.21,100.0,39611.9,,,,,100.0,100.0,100.0,100.0,29882.1
1121.21,0.0,39611.9,,,,,0.0,0.0,0.0,0.0,29882.1
1122.22,0.0,39611.9,,,,,0.0,0.0,0.0,0.0,29882.1
1123.22,100.0,39463.2,,,,,100.0,100.0,100.0,100.0,29867.1
1124.22,0.0,39643.6,,,,,0.0,0.0,0.0,0.0,29861.0
1125.22,0.0,39896.2,,,,,0.0,0.0,0.0,0.0,29853.1
1126.22,100.0,40040.2,,,,,100.0,100.0,100.0,100.0,29850.1
1127.22,0.0,40040.2,,,,,0.0,0.0,0.0,0.0,29871.0
1128.22,100.0,40040.2,,,,,100.0,100.0,100.0,100.0,29872.4
1129.22,0.0,40040.2,,,,,0.0,0.0,0.0,0.0,29871.4
1130.22,0.0,40040.2,,,,,0.0,0.0,0.0,0.0,29871.4
1131.22,100.0,40040.2,,,,,100.0,100.0,100.0,100.0,29872.8
1132.22,0.0,40040.2,,,,,0.0,0.0,0.0,0.0,29872.8
1133.22,100.0,40044.2,,,,,100.0,100.0,100.0,100.0,29876.8
1134.22,0.0,40044.2,,,,,0.0,0.0,0.0,0.0,29876.8
1135.22,0.0,40044.2,,,,,0.0,0.0,0.0,0.0,29876.8
1136.22,100.0,39901.6,,,,,100.0,100.0,100.0,100.0,29880.4
1137.22,0.0,39901.6,,,,,0.0,0.0,0.0,0.0,29880.4
1138.22,100.0,39756.8,,,,,100.0,100.0,100.0,100.0,29880.5
1139.22,0.0,39756.8,,,,,0.0,0.0,0.0,0.0,29880.5
1140.22,100.0,39611.9,,,,,100.0,100.0,100.0,100.0,29880.5
1141.22,0.0,39611.9,,,,,0.0,0.0,0.0,0.0,29880.5
1142.22,0.0,39611.9,,,,,0.0,0.0,0.0,0.0,29880.5
1143.22,100.0,39463.2,,,,,100.0,100.0,100.0,100.0,29869.0
1144.22,0.0,39751.9,,,,,0.0,0.0,0.0,0.0,29835.8
1145.22,0.0,40004.2,,,,,0.0,0.0,0.0,0.0,29871.0
1146.22,100.0,40040.2,,,,,100.0,100.0,100.0,100.0,29865.4
1147.22,0.0,40040.2,,,,,0.0,0.0,0.0,0.0,29872.3
1148.22,100.0,40040.2,,,,,100.0,100.0,100.0,100.0,29854.9
1149.22,0.0,40040.2,,,,,0.0,0.0,0.0,0.0,29872.1
1150.22,0.0,40040.2,,,,,0.0,0.0,0.0,0.0,29872.1
1151.22,100.0,40040.2,,,,,100.0,100.0,100.0,100.0,29873.7
1152.22,0.0,40040.2,,,,,0.0,0.0,0.0,0.0,29873.7
1153.22,100.0,40044.2,,,,,100.0,100.0,100.0,100.0,29877.7
1154.22,0.0,40044.2,,,,,0.0,0.0,0.0,0.0,29877.7
1155.22,100.0,39901.6,,,,,100.0,100.0,100.0,100.0,29881.1
1156.22,0.0,39901.6,,,,,0.0,0.0,0.0,0.0,29881.1
1157.22,0.0,39901.6,,,,,0.0,0.0,0.0,0.0,29881.1
1158.22,100.0,39756.8,,,,,100.0,100.0,100.0,100.0,29881.3
1159.22,0.0,39756.8,,,,,0.0,0.0,0.0,0.0,29881.3
1160.22,100.0,39611.9,,,,,100.0,100.0,100.0,100.0,29881.3
1161.22,0.0,39611.9,,,,,0.0,0.0,0.0,0.0,29881.3
1162.22,0.0,39611.9,,,,,0.0,0.0,0.0,0.0,29881.3
1163.22,100.0,39463.2,,,,,100.0,100.0,100.0,100.0,29847.9
1164.22,0.0,39751.9,,,,,0.0,0.0,0.0,0.0,29858.0
1165.22,0.0,40004.2,,,,,0.0,0.0,0.0,0.0,29872.8
1166.22,100.0,40040.2,,,,,100.0,100.0,100.0,100.0,29870.8
1167.22,0.0,40040.2,,,,,0.0,0.0,0.0,0.0,29873.1
1168.22,100.0,40040.2,,,,,100.0,100.0,100.0,100.0,29871.5
1169.22,0.0,40040.2,,,,,0.0,0.0,0.0,0.0,29872.6
1170.22,100.0,40040.2,,,,,100.0,100.0,100.0,100.0,29873.9
1171.22,0.0,40040.2,,,,,0.0,0.0,0.0,0.0,29873.9
1172.22,0.0,40040.2,,,,,0.0,0.0,0.0,0.0,29873.9
1173.22,100.0,40044.2,,,,,100.0,100.0,100.0,100.0,29877.8
1174.23,0.0,40044.2,,,,,0.0,0.0,0.0,0.0,29877.8
1175.23,100.0,39900.9,,,,,100.0,100.0,100.0,100.0,29881.3
1176.23,0.0,39900.9,,,,,0.0,0.0,0.0,0.0,29881.3
1177.23,0.0,39900.9,,,,,0.0,0.0,0.0,0.0,29881.3
1178.23,100.0,39756.0,,,,,100.0,100.0,100.0,100.0,29881.5
1179.23,0.0,39756.0,,,,,0.0,0.0,0.0,0.0,29881.5
1180.23,100.0,39611.2,,,,,100.0,100.0,100.0,100.0,29881.5
1181.23,0.0,39611.2,,,,,0.0,0.0,0.0,0.0,29881.5
1182.23,100.0,39462.1,,,,,100.0,100.0,100.0,100.0,29881.6
1183.23,0.0,39570.7,,,,,0.0,0.0,0.0,0.0,29867.9
1184.23,0.0,39751.1,,,,,0.0,0.0,0.0,0.0,29859.6
1185.23,100.0,39895.5,,,,,100.0,100.0,100.0,100.0,29853.5
1186.23,0.0,40039.5,,,,,0.0,0.0,0.0,0.0,29873.2
1187.23,0.0,40039.5,,,,,0.0,0.0,0.0,0.0,29873.2
1188.23,100.0,40039.5,,,,,100.0,100.0,100.0,100.0,29874.4
1189.23,0.0,40039.5,,,,,0.0,0.0,0.0,0.0,29874.4
1190.23,100.0,40043.5,,,,,100.0,100.0,100.0,100.0,29878.3
1191.23,0.0,40043.5,,,,,0.0,0.0,0.0,0.0,29878.3
1192.23,0.0,40043.5,,,,,0.0,0.0,0.0,0.0,29878.3
1193.23,100.0,39899.4,,,,,100.0,100.0,100.0,100.0,29881.0
1194.23,0.0,39899.4,,,,,0.0,0.0,0.0,0.0,29881.0
1195.23,100.0,39755.0,,,,,100.0,100.0,100.0,100.0,29881.3
1196.23,0.0,39755.0,,,,,0.0,0.0,0.0,0.0,29881.3
1197.23,100.0,39610.7,,,,,100.0,100.0,100.0,100.0,29881.3
1198.23,0.0,39610.7,,,,,0.0,0.0,0.0,0.0,29881.3
1199.23,0.0,39610.7,,,,,0.0,0.0,0.0,0.0,29881.3
1200.23,100.0,39463.2,,,,,100.0,100.0,100.0,100.0,29870.4
1201.23,0.0,39643.6,,,,,0.0,0.0,0.0,0.0,29866.5
1202.23,0.0,39896.2,,,,,0.0,0.0,0.0,0.0,29857.8
1203.23,100.0,40040.2,,,,,100.0,100.0,100.0,100.0,29855.7
1204.23,0.0,40040.2,,,,,0.0,0.0,0.0,0.0,29874.0
1205.23,100.0,40040.2,,,,,100.0,100.0,100.0,100.0,29875.5
1206.23,0.0,40040.2,,,,,0.0,0.0,0.0,0.0,29873.9
1207.23,0.0,40040.2,,,,,0.0,0.0,0.0,0.0,29873.9
1208.23,100.0,40040.2,,,,,100.0,100.0,100.0,100.0,29875.2
1209.23,0.0,40040.2,,,,,0.0,0.0,0.0,0.0,29875.2
1210.23,100.0,40044.2,,,,,100.0,100.0,100.0,100.0,29879.0
1211.23,0.0,40044.2,,,,,0.0,0.0,0.0,0.0,29879.0
1212.23,100.0,39900.1,,,,,100.0,100.0,100.0,100.0,29881.6
1213.23,0.0,39901.6,,,,,0.0,0.0,0.0,0.0,29882.5
1214.23,0.0,39901.6,,,,,0.0,0.0,0.0,0.0,29882.5
1215.23,100.0,39756.8,,,,,100.0,100.0,100.0,100.0,29882.7
1216.23,0.0,39756.8,,,,,0.0,0.0,0.0,0.0,29882.7
1217.23,100.0,39611.9,,,,,100.0,100.0,100.0,100.0,29882.7
1218.23,0.0,39611.9,,,,,0.0,0.0,0.0,0.0,29882.7
1219.23,0.0,39611.9,,,,,0.0,0.0,0.0,0.0,29882.7
1220.23,100.0,39463.2,,,,,100.0,100.0,100.0,100.0,29871.5
1221.23,0.0,39751.9,,,,,0.0,0.0,0.0,0.0,29839.4
1222.23,0.0,39968.2,,,,,0.0,0.0,0.0,0.0,29863.9
1223.23,100.0,40040.2,,,,,100.0,100.0,100.0,100.0,29866.4
1224.23,0.0,40040.2,,,,,0.0,0.0,0.0,0.0,29874.3
1225.23,100.0,40040.2,,,,,100.0,100.0,100.0,100.0,29856.7
1226.23,0.0,40040.2,,,,,0.0,0.0,0.0,0.0,29874.4
1227.23,0.0,40040.2,,,,,0.0,0.0,0.0,0.0,29874.4
1228.24,100.0,40040.2,,,,,100.0,100.0,100.0,100.0,29875.7
1229.24,0.0,40040.2,,,,,0.0,0.0,0.0,0.0,29875.7
1230.24,100.0,40044.2,,,,,100.0,100.0,100.0,100.0,29879.4
1231.24,0.0,40044.2,,,,,0.0,0.0,0.0,0.0,29879.4
1232.24,100.0,39901.6,,,,,100.0,100.0,100.0,100.0,29883.0
1233.24,0.0,39901.6,,,,,0.0,0.0,0.0,0.0,29883.0
1234.24,0.0,39901.6,,,,,0.0,0.0,0.0,0.0,29883.0
1235.24,100.0,39756.8,,,,,100.0,100.0,100.0,100.0,29883.2
1236.24,0.0,39756.8,,,,,0.0,0.0,0.0,0.0,29883.2
1237.24,100.0,39611.9,,,,,100.0,100.0,100.0,100.0,29883.2
1238.24,0.0,39611.9,,,,,0.0,0.0,0.0,0.0,29883.2
1239.24,0.0,39611.9,,,,,0.0,0.0,0.0,0.0,29883.2
1240.24,100.0,39463.2,,,,,100.0,100.0,100.0,100.0,29850.6
1241.24,0.0,39751.9,,,,,0.0,0.0,0.0,0.0,29861.8
1242.24,0.0,40040.2,,,,,0.0,0.0,0.0,0.0,29875.6
1243.24,100.0,40040.2,,,,,100.0,100.0,100.0,100.0,29872.5
1244.24,0.0,40040.2,,,,,0.0,0.0,0.0,0.0,29874.9
1245.24,100.0,40040.2,,,,,100.0,100.0,100.0,100.0,29874.8
1246.24,0.0,40040.2,,,,,0.0,0.0,0.0,0.0,29874.8
1247.24,100.0,40040.2,,,,,100.0,100.0,100.0,100.0,29876.1
1248.24,0.0,40040.2,,,,,0.0,0.0,0.0,0.0,29876.1
1249.24,0.0,40040.2,,,,,0.0,0.0,0.0,0.0,29876.1
1250.24,100.0,40044.2,,,,,100.0,100.0,100.0,100.0,29880.0
1251.24,0.0,40044.2,,,,,0.0,0.0,0.0,0.0,29880.0
1252.24,100.0,39901.6,,,,,100.0,100.0,100.0,100.0,29883.7
1253.24,0.0,39901.6,,,,,0.0,0.0,0.0,0.0,29883.7
1254.24,0.0,39901.6,,,,,0.0,0.0,0.0,0.0,29883.7
1255.24,100.0,39756.8,,,,,100.0,100.0,100.0,100.0,29883.9
1256.24,0.0,39756.8,,,,,0.0,0.0,0.0,0.0,29883.9
1257.24,100.0,39611.9,,,,,100.0,100.0,100.0,100.0,29884.0
1258.24,0.0,39611.9,,,,,0.0,0.0,0.0,0.0,29884.0
1259.24,100.0,39462.9,,,,,100.0,100.0,100.0,100.0,29884.1
1260.24,0.0,39607.5,,,,,0.0,0.0,0.0,0.0,29872.4
1261.24,0.0,39751.9,,,,,0.0,0.0,0.0,0.0,29866.1
1262.24,100.0,39896.2,,,,,100.0,100.0,100.0,100.0,29861.2
1263.24,0.0,40040.2,,,,,0.0,0.0,0.0,0.0,29875.5
1264.24,0.0,40040.2,,,,,0.0,0.0,0.0,0.0,29875.5
1265.24,100.0,40040.2,,,,,100.0,100.0,100.0,100.0,29875.8
1266.24,0.0,40040.2,,,,,0.0,0.0,0.0,0.0,29875.8
1267.24,100.0,40040.2,,,,,100.0,100.0,100.0,100.0,29877.1
1268.24,0.0,40040.2,,,,,0.0,0.0,0.0,0.0,29877.1
1269.24,0.0,40040.2,,,,,0.0,0.0,0.0,0.0,29877.1
1270.24,100.0,40044.2,,,,,100.0,100.0,100.0,100.0,29880.9
1271.24,0.0,40044.2,,,,,0.0,0.0,0.0,0.0,29880.9
1272.24,100.0,39901.6,,,,,100.0,100.0,100.0,100.0,29884.6
1273.24,0.0,39901.6,,,,,0.0,0.0,0.0,0.0,29884.6
1274.24,100.0,39756.8,,,,,100.0,100.0,100.0,100.0,29884.8
1275.24,0.0,39756.8,,,,,0.0,0.0,0.0,0.0,29884.8
1276.24,0.0,39756.8,,,,,0.0,0.0,0.0,0.0,29884.8
1277.24,100.0,39611.9,,,,,100.0,100.0,100.0,100.0,29884.8
1278.24,0.0,39611.9,,,,,0.0,0.0,0.0,0.0,29884.8
1279.24,100.0,39462.9,,,,,100.0,100.0,100.0,100.0,29846.1
1280.24,0.0,39607.5,,,,,0.0,0.0,0.0,0.0,29845.8
1281.24,0.0,39896.2,,,,,0.0,0.0,0.0,0.0,29876.0
1282.24,100.0,40040.2,,,,,100.0,100.0,100.0,100.0,29876.2
1283.25,0.0,40040.2,,,,,0.0,0.0,0.0,0.0,29876.1
1284.25,0.0,40040.2,,,,,0.0,0.0,0.0,0.0,29876.1
1285.25,100.0,40040.2,,,,,100.0,100.0,100.0,100.0,29876.3
1286.25,0.0,40040.2,,,,,0.0,0.0,0.0,0.0,29876.3
1287.25,100.0,40040.2,,,,,100.0,100.0,100.0,100.0,29877.7
1288.25,0.0,40040.2,,,,,0.0,0.0,0.0,0.0,29877.7
1289.25,100.0,40044.2,,,,,100.0,100.0,100.0,100.0,29881.6
1290.25,0.0,40044.2,,,,,0.0,0.0,0.0,0.0,29881.6
1291.25,0.0,40044.2,,,,,0.0,0.0,0.0,0.0,29881.6
1292.25,100.0,39901.6,,,,,100.0,100.0,100.0,100.0,29885.2
1293.25,0.0,39901.6,,,,,0.0,0.0,0.0,0.0,29885.2
1294.25,100.0,39756.8,,,,,100.0,100.0,100.0,100.0,29885.5
1295.25,0.0,39756.8,,,,,0.0,0.0,0.0,0.0,29885.5
1296.25,0.0,39756.8,,,,,0.0,0.0,0.0,0.0,29885.5
1297.25,100.0,39611.9,,,,,100.0,100.0,100.0,100.0,29885.5
1298.25,0.0,39611.9,,,,,0.0,0.0,0.0,0.0,29885.5
1299.25,100.0,39462.9,,,,,100.0,100.0,100.0,100.0,29856.2
1300.25,0.0,39607.5,,,,,0.0,0.0,0.0,0.0,29863.2
1301.25,0.0,39896.2,,,,,0.0,0.0,0.0,0.0,29852.3
1302.25,100.0,40040.2,,,,,100.0,100.0,100.0,100.0,29856.5
1303.25,0.0,40040.2,,,,,0.0,0.0,0.0,0.0,29876.8
1304.25,100.0,40040.2,,,,,100.0,100.0,100.0,100.0,29877.9
1305.25,0.0,40040.2,,,,,0.0,0.0,0.0,0.0,29876.8
1306.25,0.0,40040.2,,,,,0.0,0.0,0.0,0.0,29876.8
1307.25,100.0,40040.2,,,,,100.0,100.0,100.0,100.0,29878.4
1308.25,0.0,40040.2,,,,,0.0,0.0,0.0,0.0,29878.4
1309.25,100.0,40044.2,,,,,100.0,100.0,100.0,100.0,29882.2
1310.25,0.0,40044.2,,,,,0.0,0.0,0.0,0.0,29882.2
1311.25,0.0,40044.2,,,,,0.0,0.0,0.0,0.0,29882.2
1312.25,100.0,39901.6,,,,,100.0,100.0,100.0,100.0,29885.7
1313.25,0.0,39901.6,,,,,0.0,0.0,0.0,0.0,29885.7
1314.25,100.0,39756.8,,,,,100.0,100.0,100.0,100.0,29885.9
1315.25,0.0,39756.8,,,,,0.0,0.0,0.0,0.0,29885.9
1316.25,100.0,39611.9,,,,,100.0,100.0,100.0,100.0,29885.9
1317.25,0.0,39611.9,,,,,0.0,0.0,0.0,0.0,29885.9
1318.25,0.0,39611.9,,,,,0.0,0.0,0.0,0.0,29885.9
1319.25,100.0,39463.2,,,,,100.0,100.0,100.0,100.0,29832.3
1320.25,0.0,39607.5,,,,,0.0,0.0,0.0,0.0,29865.0
1321.25,0.0,39896.2,,,,,0.0,0.0,0.0,0.0,29868.4
1322.25,100.0,40040.2,,,,,100.0,100.0,100.0,100.0,29871.9
1323.25,0.0,40040.2,,,,,0.0,0.0,0.0,0.0,29877.5
1324.25,100.0,40040.2,,,,,100.0,100.0,100.0,100.0,29871.7
1325.25,0.0,40040.2,,,,,0.0,0.0,0.0,0.0,29877.3
1326.25,0.0,40040.2,,,,,0.0,0.0,0.0,0.0,29877.3
1327.25,100.0,40040.2,,,,,100.0,100.0,100.0,100.0,29878.7
1328.25,0.0,40040.2,,,,,0.0,0.0,0.0,0.0,29878.7
1329.25,100.0,40044.2,,,,,100.0,100.0,100.0,100.0,29882.6
1330.25,0.0,40044.2,,,,,0.0,0.0,0.0,0.0,29882.6
1331.25,0.0,40044.2,,,,,0.0,0.0,0.0,0.0,29882.6
1332.26,100.0,39901.6,,,,,100.0,100.0,100.0,100.0,29886.1
1333.26,0.0,39901.6,,,,,0.0,0.0,0.0,0.0,29886.1
1334.26,100.0,39756.8,,,,,100.0,100.0,100.0,100.0,29886.4
1335.26,0.0,39756.8,,,,,0.0,0.0,0.0,0.0,29886.4
1336.26,100.0,39611.9,,,,,100.0,100.0,100.0,100.0,29886.4
1337.26,0.0,39611.9,,,,,0.0,0.0,0.0,0.0,29886.4
1338.26,0.0,39611.9,,,,,0.0,0.0,0.0,0.0,29886.4
1339.26,100.0,39463.2,,,,,100.0,100.0,100.0,100.0,29874.9
1340.26,0.0,39751.9,,,,,0.0,0.0,0.0,0.0,29876.2
1341.26,0.0,40040.2,,,,,0.0,0.0,0.0,0.0,29877.9
1342.26,100.0,40040.2,,,,,100.0,100.0,100.0,100.0,29866.1
1343.26,0.0,40040.2,,,,,0.0,0.0,0.0,0.0,29877.8
1344.26,100.0,40040.2,,,,,100.0,100.0,100.0,100.0,29859.1
1345.26,0.0,40040.2,,,,,0.0,0.0,0.0,0.0,29877.8
1346.26,0.0,40040.2,,,,,0.0,0.0,0.0,0.0,29877.8
1347.26,100.0,40040.2,,,,,100.0,100.0,100.0,100.0,29879.2
1348.26,0.0,40040.2,,,,,0.0,0.0,0.0,0.0,29879.2
1349.26,100.0,40044.2,,,,,100.0,100.0,100.0,100.0,29883.0
1350.26,0.0,40044.2,,,,,0.0,0.0,0.0,0.0,29883.0
1351.26,100.0,39901.6,,,,,100.0,100.0,100.0,100.0,29886.5
1352.26,0.0,39901.6,,,,,0.0,0.0,0.0,0.0,29886.5
1353.26,0.0,39901.6,,,,,0.0,0.0,0.0,0.0,29886.5
1354.26,100.0,39756.8,,,,,100.0,100.0,100.0,100.0,29886.7
1355.26,0.0,39756.8,,,,,0.0,0.0,0.0,0.0,29886.7
1356.26,100.0,39611.9,,,,,100.0,100.0,100.0,100.0,29886.8
1357.26,0.0,39611.9,,,,,0.0,0.0,0.0,0.0,29886.8
1358.26,0.0,39611.9,,,,,0.0,0.0,0.0,0.0,29886.8
1359.26,100.0,39463.2,,,,,100.0,100.0,100.0,100.0,29855.3
1360.26,0.0,39751.9,,,,,0.0,0.0,0.0,0.0,29851.7
1361.26,0.0,40040.2,,,,,0.0,0.0,0.0,0.0,29865.9
1362.26,100.0,40040.2,,,,,100.0,100.0,100.0,100.0,29878.6
1363.26,0.0,40040.2,,,,,0.0,0.0,0.0,0.0,29878.6
1364.26,100.0,40040.2,,,,,100.0,100.0,100.0,100.0,29878.3
1365.26,0.0,40040.2,,,,,0.0,0.0,0.0,0.0,29878.3
1366.26,100.0,40040.2,,,,,100.0,100.0,100.0,100.0,29879.6
1367.26,0.0,40040.2,,,,,0.0,0.0,0.0,0.0,29879.6
1368.26,0.0,40040.2,,,,,0.0,0.0,0.0,0.0,29879.6
1369.26,100.0,40044.2,,,,,100.0,100.0,100.0,100.0,29883.5
1370.26,0.0,40044.2,,,,,0.0,0.0,0.0,0.0,29883.5
1371.26,100.0,39901.6,,,,,100.0,100.0,100.0,100.0,29886.9
1372.26,0.0,39901.6,,,,,0.0,0.0,0.0,0.0,29886.9
1373.26,0.0,39901.6,,,,,0.0,0.0,0.0,0.0,29886.9
1374.26,100.0,39756.8,,,,,100.0,100.0,100.0,100.0,29887.1
1375.26,0.0,39756.8,,,,,0.0,0.0,0.0,0.0,29887.1
1376.26,100.0,39611.9,,,,,100.0,100.0,100.0,100.0,29887.1
1377.26,0.0,39611.9,,,,,0.0,0.0,0.0,0.0,29887.1
1378.26,100.0,39462.9,,,,,100.0,100.0,100.0,100.0,29887.3
1379.26,0.0,39607.4,,,,,0.0,0.0,0.0,0.0,29875.2
1380.26,0.0,39788.0,,,,,0.0,0.0,0.0,0.0,29867.4
1381.26,100.0,39896.2,,,,,100.0,100.0,100.0,100.0,29863.0
1382.26,0.0,40040.2,,,,,0.0,0.0,0.0,0.0,29878.9
1383.26,0.0,40040.2,,,,,0.0,0.0,0.0,0.0,29878.9
1384.27,100.0,40040.2,,,,,100.0,100.0,100.0,100.0,29878.7
1385.27,0.0,40040.2,,,,,0.0,0.0,0.0,0.0,29878.7
1386.27,100.0,40040.2,,,,,100.0,100.0,100.0,100.0,29880.2
1387.27,0.0,40040.2,,,,,0.0,0.0,0.0,0.0,29880.2
1388.27,0.0,40040.2,,,,,0.0,0.0,0.0,0.0,29880.2
1389.27,100.0,40044.2,,,,,100.0,100.0,100.0,100.0,29884.0
1390.27,0.0,40044.2,,,,,0.0,0.0,0.0,0.0,29884.0
1391.27,100.0,39901.6,,,,,100.0,100.0,100.0,100.0,29887.5
1392.27,0.0,39901.6,,,,,0.0,0.0,0.0,0.0,29887.5
1393.27,100.0,39756.8,,,,,100.0,100.0,100.0,100.0,29887.6
1394.27,0.0,39756.8,,,,,0.0,0.0,0.0,0.0,29887.6
1395.27,0.0,39756.8,,,,,0.0,0.0,0.0,0.0,29887.6
1396.27,100.0,39611.9,,,,,100.0,100.0,100.0,100.0,29887.6
1397.27,0.0,39611.9,,,,,0.0,0.0,0.0,0.0,29887.6
1398.27,100.0,39462.9,,,,,100.0,100.0,100.0,100.0,29888.0
1399.27,0.0,39607.5,,,,,0.0,0.0,0.0,0.0,29845.5
1400.27,0.0,39896.2,,,,,0.0,0.0,0.0,0.0,29869.9
1401.27,100.0,39932.2,,,,,100.0,100.0,100.0,100.0,29867.1
1402.27,0.0,40040.2,,,,,0.0,0.0,0.0,0.0,29879.2
1403.27,0.0,40040.2,,,,,0.0,0.0,0.0,0.0,29879.2
1404.27,100.0,40040.2,,,,,100.0,100.0,100.0,100.0,29879.4
1405.27,0.0,40040.2,,,,,0.0,0.0,0.0,0.0,29879.4
1406.27,100.0,40040.2,,,,,100.0,100.0,100.0,100.0,29880.8
1407.27,0.0,40040.2,,,,,0.0,0.0,0.0,0.0,29880.8
1408.27,100.0,40044.2,,,,,100.0,100.0,100.0,100.0,29884.6
1409.27,0.0,40044.2,,,,,0.0,0.0,0.0,0.0,29884.6
1410.27,0.0,40044.2,,,,,0.0,0.0,0.0,0.0,29884.6
1411.27,100.0,39901.6,,,,,100.0,100.0,100.0,100.0,29888.4
1412.27,0.0,39901.6,,,,,0.0,0.0,0.0,0.0,29888.4
1413.27,100.0,39756.8,,,,,100.0,100.0,100.0,100.0,29888.6
1414.27,0.0,39756.8,,,,,0.0,0.0,0.0,0.0,29888.6
1415.27,0.0,39756.8,,,,,0.0,0.0,0.0,0.0,29888.6
1416.27,100.0,39611.9,,,,,100.0,100.0,100.0,100.0,29888.6
1417.27,0.0,39611.9,,,,,0.0,0.0,0.0,0.0,29888.6
1418.27,100.0,39462.9,,,,,100.0,100.0,100.0,100.0,29857.4
1419.27,0.0,39607.5,,,,,0.0,0.0,0.0,0.0,29859.1
1420.27,0.0,39896.2,,,,,0.0,0.0,0.0,0.0,29879.8
1421.27,100.0,40040.2,,,,,100.0,100.0,100.0,100.0,29858.8
1422.27,0.0,40040.2,,,,,0.0,0.0,0.0,0.0,29879.8
1423.27,100.0,40040.2,,,,,100.0,100.0,100.0,100.0,29881.0
1424.27,0.0,40040.2,,,,,0.0,0.0,0.0,0.0,29880.1
1425.27,0.0,40040.2,,,,,0.0,0.0,0.0,0.0,29880.1
1426.27,100.0,40040.2,,,,,100.0,100.0,100.0,100.0,29881.4
1427.27,0.0,40040.2,,,,,0.0,0.0,0.0,0.0,29881.4
1428.27,100.0,40044.2,,,,,100.0,100.0,100.0,100.0,29885.1
1429.27,0.0,40044.2,,,,,0.0,0.0,0.0,0.0,29885.1
1430.27,0.0,40044.2,,,,,0.0,0.0,0.0,0.0,29885.1
1431.27,100.0,39901.6,,,,,100.0,100.0,100.0,100.0,29888.8
1432.27,0.0,39901.6,,,,,0.0,0.0,0.0,0.0,29888.8
1433.27,100.0,39756.8,,,,,100.0,100.0,100.0,100.0,29889.0
1434.27,0.0,39756.8,,,,,0.0,0.0,0.0,0.0,29889.0
1435.27,100.0,39611.9,,,,,100.0,100.0,100.0,100.0,29889.0
1436.27,0.0,39611.9,,,,,0.0,0.0,0.0,0.0,29889.0
1437.28,0.0,39611.9,,,,,0.0,0.0,0.0,0.0,29889.0
1438.28,100.0,39463.2,,,,,100.0,100.0,100.0,100.0,29877.1
1439.28,0.0,39643.6,,,,,0.0,0.0,0.0,0.0,29872.6
1440.28,0.0,39896.2,,,,,0.0,0.0,0.0,0.0,29858.7
1441.28,100.0,40040.2,,,,,100.0,100.0,100.0,100.0,29868.6
1442.28,0.0,40040.2,,,,,0.0,0.0,0.0,0.0,29880.4
1443.28,100.0,40040.2,,,,,100.0,100.0,100.0,100.0,29853.7
1444.28,0.0,40040.2,,,,,0.0,0.0,0.0,0.0,29880.5
1445.28,0.0,40040.2,,,,,0.0,0.0,0.0,0.0,29880.5
1446.28,100.0,40040.2,,,,,100.0,100.0,100.0,100.0,29881.8
1447.28,0.0,40040.2,,,,,0.0,0.0,0.0,0.0,29881.8
1448.28,100.0,40044.2,,,,,100.0,100.0,100.0,100.0,29885.6
1449.28,0.0,40044.2,,,,,0.0,0.0,0.0,0.0,29885.6
1450.28,0.0,40044.2,,,,,0.0,0.0,0.0,0.0,29885.6
1451.28,100.0,39901.6,,,,,100.0,100.0,100.0,100.0,29889.1
1452.28,0.0,39901.6,,,,,0.0,0.0,0.0,0.0,29889.1
1453.28,100.0,39756.8,,,,,100.0,100.0,100.0,100.0,29889.3
1454.28,0.0,39756.8,,,,,0.0,0.0,0.0,0.0,29889.3
1455.28,100.0,39611.9,,,,,100.0,100.0,100.0,100.0,29889.3
1456.28,0.0,39611.9,,,,,0.0,0.0,0.0,0.0,29889.3
1457.28,0.0,39611.9,,,,,0.0,0.0,0.0,0.0,29889.3
1458.28,100.0,39463.2,,,,,100.0,100.0,100.0,100.0,29854.6
1459.28,0.0,39751.9,,,,,0.0,0.0,0.0,0.0,29879.8
1460.28,0.0,39968.2,,,,,0.0,0.0,0.0,0.0,29877.6
1461.28,100.0,40040.2,,,,,100.0,100.0,100.0,100.0,29868.8
1462.28,0.0,40040.2,,,,,0.0,0.0,0.0,0.0,29881.1
1463.28,100.0,40040.2,,,,,100.0,100.0,100.0,100.0,29865.9
1464.28,0.0,40040.2,,,,,0.0,0.0,0.0,0.0,29881.1
1465.28,0.0,40040.2,,,,,0.0,0.0,0.0,0.0,29881.1
1466.28,100.0,40040.2,,,,,100.0,100.0,100.0,100.0,29882.4
1467.28,0.0,40040.2,,,,,0.0,0.0,0.0,0.0,29882.4
1468.28,100.0,40044.2,,,,,100.0,100.0,100.0,100.0,29886.2
1469.28,0.0,40044.2,,,,,0.0,0.0,0.0,0.0,29886.2
1470.28,100.0,39901.6,,,,,100.0,100.0,100.0,100.0,29889.9
1471.28,0.0,39901.6,,,,,0.0,0.0,0.0,0.0,29889.9
1472.28,0.0,39901.6,,,,,0.0,0.0,0.0,0.0,29889.9
1473.28,100.0,39756.8,,,,,100.0,100.0,100.0,100.0,29890.0
1474.28,0.0,39756.8,,,,,0.0,0.0,0.0,0.0,29890.0
1475.28,100.0,39611.9,,,,,100.0,100.0,100.0,100.0,29890.1
1476.28,0.0,39611.9,,,,,0.0,0.0,0.0,0.0,29890.1
1477.28,0.0,39611.9,,,,,0.0,0.0,0.0,0.0,29890.1
1478.28,100.0,39463.2,,,,,100.0,100.0,100.0,100.0,29856.8
1479.28,0.0,39751.9,,,,,0.0,0.0,0.0,0.0,29853.7
1480.28,0.0,40040.2,,,,,0.0,0.0,0.0,0.0,29865.9
1481.29,100.0,40040.2,,,,,100.0,100.0,100.0,100.0,29881.5
1482.29,0.0,40040.2,,,,,0.0,0.0,0.0,0.0,29881.5
1483.29,100.0,40040.2,,,,,100.0,100.0,100.0,100.0,29878.3
1484.29,0.0,40040.2,,,,,0.0,0.0,0.0,0.0,29881.4
1485.29,100.0,40040.2,,,,,100.0,100.0,100.0,100.0,29882.7
1486.29,0.0,40040.2,,,,,0.0,0.0,0.0,0.0,29882.7
1487.29,0.0,40040.2,,,,,0.0,0.0,0.0,0.0,29882.7
1488.29,100.0,40044.2,,,,,100.0,100.0,100.0,100.0,29886.5
1489.29,0.0,40044.2,,,,,0.0,0.0,0.0,0.0,29886.5
1490.29,100.0,39901.6,,,,,100.0,100.0,100.0,100.0,29890.1
1491.29,0.0,39901.6,,,,,0.0,0.0,0.0,0.0,29890.1
1492.29,0.0,39901.6,,,,,0.0,0.0,0.0,0.0,29890.1
1493.29,100.0,39756.8,,,,,100.0,100.0,100.0,100.0,29890.4
1494.29,0.0,39756.8,,,,,0.0,0.0,0.0,0.0,29890.4
1495.29,100.0,39611.9,,,,,100.0,100.0,100.0,100.0,29890.4
1496.29,0.0,39611.9,,,,,0.0,0.0,0.0,0.0,29890.4
1497.29,100.0,39462.9,,,,,100.0,100.0,100.0,100.0,29864.5
1498.29,0.0,39535.4,,,,,0.0,0.0,0.0,0.0,29874.6
1499.29,0.0,39751.9,,,,,0.0,0.0,0.0,0.0,29865.3
1500.29,100.0,39896.2,,,,,100.0,100.0,100.0,100.0,29860.4
1501.29,0.0,40040.2,,,,,0.0,0.0,0.0,0.0,29881.9
1502.29,0.0,40040.2,,,,,0.0,0.0,0.0,0.0,29881.9
1503.29,100.0,40040.2,,,,,100.0,100.0,100.0,100.0,29881.8
1504.29,0.0,40040.2,,,,,0.0,0.0,0.0,0.0,29881.8
1505.29,100.0,40040.2,,,,,100.0,100.0,100.0,100.0,29883.2
1506.29,0.0,40040.2,,,,,0.0,0.0,0.0,0.0,29883.2
1507.29,0.0,40040.2,,,,,0.0,0.0,0.0,0.0,29883.2
1508.29,100.0,40044.2,,,,,100.0,100.0,100.0,100.0,29887.1
1509.29,0.0,40044.2,,,,,0.0,0.0,0.0,0.0,29887.1
1510.29,100.0,39901.6,,,,,100.0,100.0,100.0,100.0,29890.6
1511.29,0.0,39901.6,,,,,0.0,0.0,0.0,0.0,29890.6
1512.29,100.0,39756.8,,,,,100.0,100.0,100.0,100.0,29890.8
1513.29,0.0,39756.8,,,,,0.0,0.0,0.0,0.0,29890.8
1514.29,0.0,39756.8,,,,,0.0,0.0,0.0,0.0,29890.8
1515.29,100.0,39611.9,,,,,100.0,100.0,100.0,100.0,29890.8
1516.29,0.0,39611.9,,,,,0.0,0.0,0.0,0.0,29890.8
1517.29,100.0,39462.9,,,,,100.0,100.0,100.0,100.0,29891.1
1518.29,0.0,39607.5,,,,,0.0,0.0,0.0,0.0,29879.1
1519.29,0.0,39860.1,,,,,0.0,0.0,0.0,0.0,29879.9
1520.29,100.0,39896.2,,,,,100.0,100.0,100.0,100.0,29866.6
1521.29,0.0,40040.2,,,,,0.0,0.0,0.0,0.0,29882.2
1522.29,0.0,40040.2,,,,,0.0,0.0,0.0,0.0,29882.2
1523.29,100.0,40040.2,,,,,100.0,100.0,100.0,100.0,29882.1
1524.29,0.0,40040.2,,,,,0.0,0.0,0.0,0.0,29882.1
1525.29,100.0,40040.2,,,,,100.0,100.0,100.0,100.0,29883.5
1526.29,0.0,40040.2,,,,,0.0,0.0,0.0,0.0,29883.5
1527.29,100.0,40044.2,,,,,100.0,100.0,100.0,100.0,29887.3
1528.29,0.0,40044.2,,,,,0.0,0.0,0.0,0.0,29887.3
1529.29,0.0,40044.2,,,,,0.0,0.0,0.0,0.0,29887.3
1530.29,100.0,39901.6,,,,,100.0,100.0,100.0,100.0,29890.9
1531.29,0.0,39901.6,,,,,0.0,0.0,0.0,0.0,29890.9
1532.29,100.0,39756.8,,,,,100.0,100.0,100.0,100.0,29891.2
1533.29,0.0,39756.8,,,,,0.0,0.0,0.0,0.0,29891.2
1534.29,0.0,39756.8,,,,,0.0,0.0,0.0,0.0,29891.2
1535.3,100.0,39611.9,,,,,100.0,100.0,100.0,100.0,29891.2
1536.3,0.0,39611.9,,,,,0.0,0.0,0.0,0.0,29891.2
1537.3,100.0,39462.9,,,,,100.0,100.0,100.0,100.0,29857.5
1538.3,0.0,39607.5,,,,,0.0,0.0,0.0,0.0,29861.3
1539.3,0.0,39896.2,,,,,0.0,0.0,0.0,0.0,29876.4
1540.3,100.0,40004.2,,,,,100.0,100.0,100.0,100.0,29878.9
1541.3,0.0,40040.2,,,,,0.0,0.0,0.0,0.0,29882.7
1542.3,100.0,40040.2,,,,,100.0,100.0,100.0,100.0,29883.4
1543.3,0.0,40040.2,,,,,0.0,0.0,0.0,0.0,29882.7
1544.3,0.0,40040.2,,,,,0.0,0.0,0.0,0.0,29882.7
1545.3,100.0,40040.2,,,,,100.0,100.0,100.0,100.0,29883.8
1546.3,0.0,40040.2,,,,,0.0,0.0,0.0,0.0,29883.8
1547.3,100.0,40044.2,,,,,100.0,100.0,100.0,100.0,29887.7
1548.3,0.0,40044.2,,,,,0.0,0.0,0.0,0.0,29887.7
1549.3,0.0,40044.2,,,,,0.0,0.0,0.0,0.0,29887.7
1550.3,100.0,39901.6,,,,,100.0,100.0,100.0,100.0,29891.5
1551.3,0.0,39901.6,,,,,0.0,0.0,0.0,0.0,29891.5
1552.3,100.0,39756.8,,,,,100.0,100.0,100.0,100.0,29891.8
1553.3,0.0,39756.8,,,,,0.0,0.0,0.0,0.0,29891.8
1554.3,0.0,39756.8,,,,,0.0,0.0,0.0,0.0,29891.8
1555.3,100.0,39611.9,,,,,100.0,100.0,100.0,100.0,29891.8
1556.3,0.0,39611.9,,,,,0.0,0.0,0.0,0.0,29891.8
1557.3,100.0,39463.2,,,,,100.0,100.0,100.0,100.0,29879.5
1558.3,0.0,39607.5,,,,,0.0,0.0,0.0,0.0,29868.0
1559.3,0.0,39896.2,,,,,0.0,0.0,0.0,0.0,29861.1
1560.3,100.0,40040.2,,,,,100.0,100.0,100.0,100.0,29864.3
1561.3,0.0,40040.2,,,,,0.0,0.0,0.0,0.0,29883.2
1562.3,100.0,40040.2,,,,,100.0,100.0,100.0,100.0,29851.1
1563.3,0.0,40040.2,,,,,0.0,0.0,0.0,0.0,29883.1
1564.3,0.0,40040.2,,,,,0.0,0.0,0.0,0.0,29883.1
1565.3,100.0,40040.2,,,,,100.0,100.0,100.0,100.0,29884.4
1566.3,0.0,40040.2,,,,,0.0,0.0,0.0,0.0,29884.4
1567.3,100.0,40044.2,,,,,100.0,100.0,100.0,100.0,29888.2
1568.3,0.0,40044.2,,,,,0.0,0.0,0.0,0.0,29888.2
1569.3,0.0,40044.2,,,,,0.0,0.0,0.0,0.0,29888.2
1570.3,100.0,39901.6,,,,,100.0,100.0,100.0,100.0,29892.0
1571.3,0.0,39901.6,,,,,0.0,0.0,0.0,0.0,29892.0
1572.3,100.0,39756.8,,,,,100.0,100.0,100.0,100.0,29892.2
1573.3,0.0,39756.8,,,,,0.0,0.0,0.0,0.0,29892.2
1574.3,100.0,39611.9,,,,,100.0,100.0,100.0,100.0,29892.2
1575.3,0.0,39611.9,,,,,0.0,0.0,0.0,0.0,29892.2
1576.3,0.0,39611.9,,,,,0.0,0.0,0.0,0.0,29892.2
1577.3,100.0,39463.2,,,,,100.0,100.0,100.0,100.0,29844.7
1578.3,0.0,39751.9,,,,,0.0,0.0,0.0,0.0,29882.2
1579.3,0.0,39932.2,,,,,0.0,0.0,0.0,0.0,29873.6
1580.3,100.0,40040.2,,,,,100.0,100.0,100.0,100.0,29868.0
1581.3,0.0,40040.2,,,,,0.0,0.0,0.0,0.0,29883.9
1582.3,100.0,40040.2,,,,,100.0,100.0,100.0,100.0,29866.6
1583.3,0.0,40040.2,,,,,0.0,0.0,0.0,0.0,29883.8
1584.3,0.0,40040.2,,,,,0.0,0.0,0.0,0.0,29883.8
1585.3,100.0,40040.2,,,,,100.0,100.0,100.0,100.0,29884.9
1586.3,0.0,40040.2,,,,,0.0,0.0,0.0,0.0,29884.9
1587.31,100.0,40044.2,,,,,100.0,100.0,100.0,100.0,29888.8
1588.31,0.0,40044.2,,,,,0.0,0.0,0.0,0.0,29888.8
1589.31,100.0,39901.6,,,,,100.0,100.0,100.0,100.0,29892.3
1590.31,0.0,39901.6,,,,,0.0,0.0,0.0,0.0,29892.3
1591.31,0.0,39901.6,,,,,0.0,0.0,0.0,0.0,29892.3
1592.31,100.0,39756.8,,,,,100.0,100.0,100.0,100.0,29892.4
1593.31,0.0,39756.8,,,,,0.0,0.0,0.0,0.0,29892.4
1594.31,100.0,39611.9,,,,,100.0,100.0,100.0,100.0,29892.4
1595.31,0.0,39611.9,,,,,0.0,0.0,0.0,0.0,29892.4
1596.31,0.0,39611.9,,,,,0.0,0.0,0.0,0.0,29892.4
1597.31,100.0,39463.2,,,,,100.0,100.0,100.0,100.0,29874.3
1598.31,0.0,39751.9,,,,,0.0,0.0,0.0,0.0,29859.8
1599.31,0.0,40004.2,,,,,0.0,0.0,0.0,0.0,29861.2
1600.31,100.0,40040.2,,,,,100.0,100.0,100.0,100.0,29882.5
1601.31,0.0,40040.2,,,,,0.0,0.0,0.0,0.0,29884.0
1602.31,100.0,40040.2,,,,,100.0,100.0,100.0,100.0,29879.5
1603.31,0.0,40040.2,,,,,0.0,0.0,0.0,0.0,29884.3
1604.31,100.0,40040.2,,,,,100.0,100.0,100.0,100.0,29885.1
1605.31,0.0,40040.2,,,,,0.0,0.0,0.0,0.0,29885.4
1606.31,0.0,40040.2,,,,,0.0,0.0,0.0,0.0,29885.4
1607.31,100.0,40044.2,,,,,100.0,100.0,100.0,100.0,29889.3
1608.31,0.0,40044.2,,,,,0.0,0.0,0.0,0.0,29889.3
1609.31,100.0,39901.6,,,,,100.0,100.0,100.0,100.0,29892.9
1610.31,0.0,39901.6,,,,,0.0,0.0,0.0,0.0,29892.9
1611.31,0.0,39901.6,,,,,0.0,0.0,0.0,0.0,29892.9
1612.31,100.0,39756.8,,,,,100.0,100.0,100.0,100.0,29893.1
1613.31,0.0,39756.8,,,,,0.0,0.0,0.0,0.0,29893.1
1614.31,100.0,39611.9,,,,,100.0,100.0,100.0,100.0,29893.1
1615.31,0.0,39611.9,,,,,0.0,0.0,0.0,0.0,29893.1
1616.31,100.0,39462.9,,,,,100.0,100.0,100.0,100.0,29893.3
1617.31,0.0,39463.2,,,,,0.0,0.0,0.0,0.0,29874.5
1618.31,0.0,39751.9,,,,,0.0,0.0,0.0,0.0,29863.0
1619.31,100.0,39896.2,,,,,100.0,100.0,100.0,100.0,29880.1
1620.31,0.0,40040.2,,,,,0.0,0.0,0.0,0.0,29885.5
1621.31,0.0,40040.2,,,,,0.0,0.0,0.0,0.0,29885.5
1622.31,100.0,40040.2,,,,,100.0,100.0,100.0,100.0,29884.8
1623.31,0.0,40040.2,,,,,0.0,0.0,0.0,0.0,29884.8
1624.31,100.0,40040.2,,,,,100.0,100.0,100.0,100.0,29886.1
1625.31,0.0,40040.2,,,,,0.0,0.0,0.0,0.0,29886.1
1626.31,0.0,40040.2,,,,,0.0,0.0,0.0,0.0,29886.1
1627.31,100.0,40044.2,,,,,100.0,100.0,100.0,100.0,29889.8
1628.31,0.0,40044.2,,,,,0.0,0.0,0.0,0.0,29889.8
1629.31,100.0,39901.6,,,,,100.0,100.0,100.0,100.0,29893.3
1630.31,0.0,39901.6,,,,,0.0,0.0,0.0,0.0,29893.3
1631.31,100.0,39756.8,,,,,100.0,100.0,100.0,100.0,29893.6
1632.31,0.0,39756.8,,,,,0.0,0.0,0.0,0.0,29893.6
1633.31,0.0,39756.8,,,,,0.0,0.0,0.0,0.0,29893.6
1634.31,100.0,39611.9,,,,,100.0,100.0,100.0,100.0,29893.6
1635.31,0.0,39611.9,,,,,0.0,0.0,0.0,0.0,29893.6
1636.31,100.0,39462.9,,,,,100.0,100.0,100.0,100.0,29893.9
1637.31,0.0,39607.5,,,,,0.0,0.0,0.0,0.0,29882.2
1638.31,0.0,39824.1,,,,,0.0,0.0,0.0,0.0,29880.6
1639.31,100.0,39896.2,,,,,100.0,100.0,100.0,100.0,29870.0
1640.31,0.0,40040.2,,,,,0.0,0.0,0.0,0.0,29885.2
1641.32,0.0,40040.2,,,,,0.0,0.0,0.0,0.0,29885.2
1642.32,100.0,40040.2,,,,,100.0,100.0,100.0,100.0,29885.3
1643.32,0.0,40040.2,,,,,0.0,0.0,0.0,0.0,29885.3
1644.32,100.0,40040.2,,,,,100.0,100.0,100.0,100.0,29886.5
1645.32,0.0,40040.2,,,,,0.0,0.0,0.0,0.0,29886.5
1646.32,100.0,40044.2,,,,,100.0,100.0,100.0,100.0,29890.1
1647.32,0.0,40044.2,,,,,0.0,0.0,0.0,0.0,29890.4
1648.32,0.0,40044.2,,,,,0.0,0.0,0.0,0.0,29890.4
1649.32,100.0,39901.6,,,,,100.0,100.0,100.0,100.0,29894.0
1650.32,0.0,39901.6,,,,,0.0,0.0,0.0,0.0,29894.0
1651.32,100.0,39756.8,,,,,100.0,100.0,100.0,100.0,29894.2
1652.32,0.0,39756.8,,,,,0.0,0.0,0.0,0.0,29894.2
1653.32,0.0,39756.8,,,,,0.0,0.0,0.0,0.0,29894.2
1654.32,100.0,39611.9,,,,,100.0,100.0,100.0,100.0,29894.2
1655.32,0.0,39611.9,,,,,0.0,0.0,0.0,0.0,29894.2
1656.32,100.0,39462.9,,,,,100.0,100.0,100.0,100.0,29859.7
1657.32,0.0,39607.5,,,,,0.0,0.0,0.0,0.0,29856.6
1658.32,0.0,39896.2,,,,,0.0,0.0,0.0,0.0,29878.7
1659.32,100.0,40040.2,,,,,100.0,100.0,100.0,100.0,29886.4
1660.32,0.0,40040.2,,,,,0.0,0.0,0.0,0.0,29885.6
1661.32,100.0,39895.9,,,,,100.0,100.0,100.0,100.0,29885.6
1662.32,0.0,40040.2,,,,,0.0,0.0,0.0,0.0,29885.6
1663.32,0.0,40040.2,,,,,0.0,0.0,0.0,0.0,29885.6
1664.32,100.0,40040.2,,,,,100.0,100.0,100.0,100.0,29886.7
1665.32,0.0,40040.2,,,,,0.0,0.0,0.0,0.0,29886.7
1666.32,100.0,40044.2,,,,,100.0,100.0,100.0,100.0,29890.6
1667.32,0.0,40044.2,,,,,0.0,0.0,0.0,0.0,29890.6
1668.32,0.0,40044.2,,,,,0.0,0.0,0.0,0.0,29890.6
1669.32,100.0,39901.6,,,,,100.0,100.0,100.0,100.0,29894.1
1670.32,0.0,39901.6,,,,,0.0,0.0,0.0,0.0,29894.1
1671.32,100.0,39756.8,,,,,100.0,100.0,100.0,100.0,29894.3
1672.32,0.0,39756.8,,,,,0.0,0.0,0.0,0.0,29894.3
1673.32,0.0,39756.8,,,,,0.0,0.0,0.0,0.0,29894.3
1674.32,100.0,39611.9,,,,,100.0,100.0,100.0,100.0,29894.3
1675.32,0.0,39611.9,,,,,0.0,0.0,0.0,0.0,29894.3
1676.32,100.0,39463.2,,,,,100.0,100.0,100.0,100.0,29882.3
1677.32,0.0,39607.5,,,,,0.0,0.0,0.0,0.0,29868.2
1678.32,0.0,39896.2,,,,,0.0,0.0,0.0,0.0,29863.6
1679.32,100.0,40040.2,,,,,100.0,100.0,100.0,100.0,29860.0
1680.32,0.0,40040.2,,,,,0.0,0.0,0.0,0.0,29885.8
1681.32,100.0,40040.2,,,,,100.0,100.0,100.0,100.0,29887.2
1682.32,0.0,40040.2,,,,,0.0,0.0,0.0,0.0,29885.7
1683.32,0.0,40040.2,,,,,0.0,0.0,0.0,0.0,29885.7
1684.32,100.0,40040.2,,,,,100.0,100.0,100.0,100.0,29886.9
1685.32,0.0,40040.2,,,,,0.0,0.0,0.0,0.0,29886.9
1686.32,100.0,40044.2,,,,,100.0,100.0,100.0,100.0,29890.7
1687.32,0.0,40044.2,,,,,0.0,0.0,0.0,0.0,29890.7
1688.32,0.0,40044.2,,,,,0.0,0.0,0.0,0.0,29890.7
1689.32,100.0,39901.6,,,,,100.0,100.0,100.0,100.0,29894.7
1690.32,0.0,39901.6,,,,,0.0,0.0,0.0,0.0,29894.7
1691.32,100.0,39756.8,,,,,100.0,100.0,100.0,100.0,29894.9
1692.33,0.0,39756.8,,,,,0.0,0.0,0.0,0.0,29894.9
1693.33,100.0,39611.9,,,,,100.0,100.0,100.0,100.0,29894.9
1694.33,0.0,39611.9,,,,,0.0,0.0,0.0,0.0,29894.9
1695.33,0.0,39611.9,,,,,0.0,0.0,0.0,0.0,29894.9
1696.33,100.0,39463.2,,,,,100.0,100.0,100.0,100.0,29846.9
1697.33,0.0,39751.9,,,,,0.0,0.0,0.0,0.0,29875.4
1698.33,0.0,39968.2,,,,,0.0,0.0,0.0,0.0,29884.5
1699.33,100.0,40040.2,,,,,100.0,100.0,100.0,100.0,29871.8
1700.33,0.0,40040.2,,,,,0.0,0.0,0.0,0.0,29886.7
1701.33,100.0,40040.2,,,,,100.0,100.0,100.0,100.0,29861.7
1702.33,0.0,40040.2,,,,,0.0,0.0,0.0,0.0,29886.4
1703.33,0.0,40040.2,,,,,0.0,0.0,0.0,0.0,29886.4
1704.33,100.0,40040.2,,,,,100.0,100.0,100.0,100.0,29887.6
1705.33,0.0,40040.2,,,,,0.0,0.0,0.0,0.0,29887.6
1706.33,100.0,40044.2,,,,,100.0,100.0,100.0,100.0,29891.5
1707.33,0.0,40044.2,,,,,0.0,0.0,0.0,0.0,29891.5
1708.33,100.0,39901.6,,,,,100.0,100.0,100.0,100.0,29895.3
1709.33,0.0,39901.6,,,,,0.0,0.0,0.0,0.0,29895.3
1710.33,0.0,39901.6,,,,,0.0,0.0,0.0,0.0,29895.3
1711.33,100.0,39756.8,,,,,100.0,100.0,100.0,100.0,29895.4
1712.33,0.0,39756.8,,,,,0.0,0.0,0.0,0.0,29895.4
1713.33,100.0,39611.9,,,,,100.0,100.0,100.0,100.0,29895.4
1714.33,0.0,39611.9,,,,,0.0,0.0,0.0,0.0,29895.4
1715.33,0.0,39611.9,,,,,0.0,0.0,0.0,0.0,29895.4
1716.33,100.0,39463.2,,,,,100.0,100.0,100.0,100.0,29857.2
1717.33,0.0,39751.9,,,,,0.0,0.0,0.0,0.0,29885.6
1718.33,0.0,40040.2,,,,,0.0,0.0,0.0,0.0,29852.8
1719.33,100.0,40040.2,,,,,100.0,100.0,100.0,100.0,29886.9
1720.33,0.0,40040.2,,,,,0.0,0.0,0.0,0.0,29886.9
1721.33,100.0,40040.2,,,,,100.0,100.0,100.0,100.0,29876.4
1722.33,0.0,40040.2,,,,,0.0,0.0,0.0,0.0,29886.8
1723.33,100.0,40040.2,,,,,100.0,100.0,100.0,100.0,29887.6
1724.33,0.0,40040.2,,,,,0.0,0.0,0.0,0.0,29888.0
1725.33,0.0,40040.2,,,,,0.0,0.0,0.0,0.0,29888.0
1726.33,100.0,40044.2,,,,,100.0,100.0,100.0,100.0,29891.8
1727.33,0.0,40044.2,,,,,0.0,0.0,0.0,0.0,29891.8
1728.33,100.0,39901.6,,,,,100.0,100.0,100.0,100.0,29895.6
1729.33,0.0,39901.6,,,,,0.0,0.0,0.0,0.0,29895.6
1730.33,0.0,39901.6,,,,,0.0,0.0,0.0,0.0,29895.6
1731.33,100.0,39756.8,,,,,100.0,100.0,100.0,100.0,29895.8
1732.33,0.0,39756.8,,,,,0.0,0.0,0.0,0.0,29895.8
1733.33,100.0,39611.9,,,,,100.0,100.0,100.0,100.0,29895.8
1734.33,0.0,39611.9,,,,,0.0,0.0,0.0,0.0,29895.8
1735.33,100.0,39462.9,,,,,100.0,100.0,100.0,100.0,29896.0
1736.33,0.0,39463.2,,,,,0.0,0.0,0.0,0.0,29875.5
1737.33,0.0,39751.9,,,,,0.0,0.0,0.0,0.0,29866.2
1738.33,100.0,39896.2,,,,,100.0,100.0,100.0,100.0,29869.2
1739.33,0.0,40040.2,,,,,0.0,0.0,0.0,0.0,29887.5
1740.33,0.0,40040.2,,,,,0.0,0.0,0.0,0.0,29887.5
1741.33,100.0,40040.2,,,,,100.0,100.0,100.0,100.0,29887.2
1742.33,0.0,40040.2,,,,,0.0,0.0,0.0,0.0,29887.2
1743.33,100.0,40040.2,,,,,100.0,100.0,100.0,100.0,29888.4
1744.34,0.0,40040.2,,,,,0.0,0.0,0.0,0.0,29888.4
1745.34,0.0,40040.2,,,,,0.0,0.0,0.0,0.0,29888.4
1746.34,100.0,40044.2,,,,,100.0,100.0,100.0,100.0,29892.2
1747.34,0.0,40044.2,,,,,0.0,0.0,0.0,0.0,29892.2
1748.34,100.0,39901.6,,,,,100.0,100.0,100.0,100.0,29896.0
1749.34,0.0,39901.6,,,,,0.0,0.0,0.0,0.0,29896.0
1750.34,100.0,39756.8,,,,,100.0,100.0,100.0,100.0,29896.2
1751.34,0.0,39756.8,,,,,0.0,0.0,0.0,0.0,29896.2
1752.34,0.0,39756.8,,,,,0.0,0.0,0.0,0.0,29896.2
1753.34,100.0,39611.9,,,,,100.0,100.0,100.0,100.0,29896.3
1754.34,0.0,39611.9,,,,,0.0,0.0,0.0,0.0,29896.3
1755.34,100.0,39462.9,,,,,100.0,100.0,100.0,100.0,29851.1
1756.34,0.0,39607.5,,,,,0.0,0.0,0.0,0.0,29884.9
1757.34,0.0,39896.2,,,,,0.0,0.0,0.0,0.0,29887.7
1758.34,100.0,39968.2,,,,,100.0,100.0,100.0,100.0,29882.7
1759.34,0.0,40040.2,,,,,0.0,0.0,0.0,0.0,29887.9
1760.34,0.0,40040.2,,,,,0.0,0.0,0.0,0.0,29887.9
1761.34,100.0,40040.2,,,,,100.0,100.0,100.0,100.0,29887.9
1762.34,0.0,40040.2,,,,,0.0,0.0,0.0,0.0,29887.9
1763.34,100.0,40040.2,,,,,100.0,100.0,100.0,100.0,29889.2
1764.34,0.0,40040.2,,,,,0.0,0.0,0.0,0.0,29889.2
1765.34,100.0,39896.1,,,,,100.0,100.0,100.0,100.0,29889.2
1766.34,0.0,40044.2,,,,,0.0,0.0,0.0,0.0,29893.1
1767.34,0.0,40044.2,,,,,0.0,0.0,0.0,0.0,29893.1
1768.34,100.0,39901.6,,,,,100.0,100.0,100.0,100.0,29896.5
1769.34,0.0,39901.6,,,,,0.0,0.0,0.0,0.0,29896.5
1770.34,100.0,39756.8,,,,,100.0,100.0,100.0,100.0,29896.8
1771.34,0.0,39756.8,,,,,0.0,0.0,0.0,0.0,29896.8
1772.34,0.0,39756.8,,,,,0.0,0.0,0.0,0.0,29896.8
1773.34,100.0,39611.9,,,,,100.0,100.0,100.0,100.0,29896.8
1774.34,0.0,39611.9,,,,,0.0,0.0,0.0,0.0,29896.8
1775.34,100.0,39462.9,,,,,100.0,100.0,100.0,100.0,29861.0
1776.34,0.0,39607.5,,,,,0.0,0.0,0.0,0.0,29858.5
1777.34,0.0,39896.2,,,,,0.0,0.0,0.0,0.0,29863.1
1778.34,100.0,40004.2,,,,,100.0,100.0,100.0,100.0,29887.5
1779.34,0.0,40040.2,,,,,0.0,0.0,0.0,0.0,29888.5
1780.34,0.0,40040.2,,,,,0.0,0.0,0.0,0.0,29888.5
1781.34,100.0,40040.2,,,,,100.0,100.0,100.0,100.0,29888.3
1782.34,0.0,40040.2,,,,,0.0,0.0,0.0,0.0,29888.3
1783.34,100.0,40040.2,,,,,100.0,100.0,100.0,100.0,29889.5
1784.34,0.0,40040.2,,,,,0.0,0.0,0.0,0.0,29889.5
1785.34,100.0,40044.2,,,,,100.0,100.0,100.0,100.0,29893.3
1786.34,0.0,40044.2,,,,,0.0,0.0,0.0,0.0,29893.3
1787.34,0.0,40044.2,,,,,0.0,0.0,0.0,0.0,29893.3
1788.34,100.0,39901.6,,,,,100.0,100.0,100.0,100.0,29897.0
1789.34,0.0,39901.6,,,,,0.0,0.0,0.0,0.0,29897.0
1790.34,100.0,39756.8,,,,,100.0,100.0,100.0,100.0,29897.2
1791.34,0.0,39756.8,,,,,0.0,0.0,0.0,0.0,29897.2
1792.34,0.0,39756.8,,,,,0.0,0.0,0.0,0.0,29897.2
1793.34,100.0,39611.9,,,,,100.0,100.0,100.0,100.0,29897.2
1794.34,0.0,39611.9,,,,,0.0,0.0,0.0,0.0,29897.2
1795.34,100.0,39427.1,,,,,100.0,100.0,100.0,100.0,29884.0
1796.34,0.0,39607.5,,,,,0.0,0.0,0.0,0.0,29870.0
1797.35,0.0,39896.2,,,,,0.0,0.0,0.0,0.0,29877.5
1798.35,100.0,40040.2,,,,,100.0,100.0,100.0,100.0,29864.7
1799.35,0.0,40040.2,,,,,0.0,0.0,0.0,0.0,29888.8
1800.35,100.0,40040.2,,,,,100.0,100.0,100.0,100.0,29890.0
1801.35,0.0,40040.2,,,,,0.0,0.0,0.0,0.0,29888.5
1802.35,0.0,40040.2,,,,,0.0,0.0,0.0,0.0,29888.5
1803.35,100.0,40040.2,,,,,100.0,100.0,100.0,100.0,29889.6
1804.35,0.0,40040.2,,,,,0.0,0.0,0.0,0.0,29889.6
1805.35,100.0,40044.2,,,,,100.0,100.0,100.0,100.0,29893.5
1806.35,0.0,40044.2,,,,,0.0,0.0,0.0,0.0,29893.5
1807.35,0.0,40044.2,,,,,0.0,0.0,0.0,0.0,29893.5
1808.35,100.0,39901.6,,,,,100.0,100.0,100.0,100.0,29897.4
1809.35,0.0,39901.6,,,,,0.0,0.0,0.0,0.0,29897.4
1810.35,100.0,39756.8,,,,,100.0,100.0,100.0,100.0,29897.6
1811.35,0.0,39756.8,,,,,0.0,0.0,0.0,0.0,29897.6
1812.35,100.0,39611.9,,,,,100.0,100.0,100.0,100.0,29897.6
1813.35,0.0,39611.9,,,,,0.0,0.0,0.0,0.0,29897.6
1814.35,0.0,39611.9,,,,,0.0,0.0,0.0,0.0,29897.6
1815.35,100.0,39463.2,,,,,100.0,100.0,100.0,100.0,29886.0
1816.35,0.0,39751.9,,,,,0.0,0.0,0.0,0.0,29856.8
1817.35,0.0,39932.2,,,,,0.0,0.0,0.0,0.0,29879.9
1818.35,100.0,40040.2,,,,,100.0,100.0,100.0,100.0,29875.7
1819.35,0.0,40040.2,,,,,0.0,0.0,0.0,0.0,29889.2
1820.35,100.0,40040.2,,,,,100.0,100.0,100.0,100.0,29866.2
1821.35,0.0,40040.2,,,,,0.0,0.0,0.0,0.0,29888.9
1822.35,0.0,40040.2,,,,,0.0,0.0,0.0,0.0,29888.9
1823.35,100.0,40040.2,,,,,100.0,100.0,100.0,100.0,29890.2
1824.35,0.0,40040.2,,,,,0.0,0.0,0.0,0.0,29890.2
1825.35,100.0,40044.2,,,,,100.0,100.0,100.0,100.0,29894.0
1826.35,0.0,40044.2,,,,,0.0,0.0,0.0,0.0,29894.0
1827.35,100.0,39901.6,,,,,100.0,100.0,100.0,100.0,29897.6
1828.35,0.0,39901.6,,,,,0.0,0.0,0.0,0.0,29897.6
1829.35,0.0,39901.6,,,,,0.0,0.0,0.0,0.0,29897.6
1830.35,100.0,39756.8,,,,,100.0,100.0,100.0,100.0,29897.7
1831.35,0.0,39756.8,,,,,0.0,0.0,0.0,0.0,29897.7
1832.35,100.0,39611.9,,,,,100.0,100.0,100.0,100.0,29897.7
1833.35,0.0,39611.9,,,,,0.0,0.0,0.0,0.0,29897.7
1834.35,0.0,39611.9,,,,,0.0,0.0,0.0,0.0,29897.7
1835.35,100.0,39463.2,,,,,100.0,100.0,100.0,100.0,29858.7
1836.35,0.0,39751.9,,,,,0.0,0.0,0.0,0.0,29881.4
1837.35,0.0,39968.2,,,,,0.0,0.0,0.0,0.0,29884.0
1838.35,100.0,40040.2,,,,,100.0,100.0,100.0,100.0,29878.3
1839.35,0.0,40040.2,,,,,0.0,0.0,0.0,0.0,29890.1
1840.35,100.0,40040.2,,,,,100.0,100.0,100.0,100.0,29874.9
1841.35,0.0,40040.2,,,,,0.0,0.0,0.0,0.0,29889.8
1842.35,100.0,40040.2,,,,,100.0,100.0,100.0,100.0,29890.5
1843.35,0.0,40040.2,,,,,0.0,0.0,0.0,0.0,29891.0
1844.35,0.0,40040.2,,,,,0.0,0.0,0.0,0.0,29891.0
1845.35,100.0,40044.2,,,,,100.0,100.0,100.0,100.0,29894.9
1846.35,0.0,40044.2,,,,,0.0,0.0,0.0,0.0,29894.9
1847.36,100.0,39901.6,,,,,100.0,100.0,100.0,100.0,29898.3
1848.36,0.0,39901.6,,,,,0.0,0.0,0.0,0.0,29898.3
1849.36,0.0,39901.6,,,,,0.0,0.0,0.0,0.0,29898.3
1850.36,100.0,39756.8,,,,,100.0,100.0,100.0,100.0,29898.5
1851.36,0.0,39756.8,,,,,0.0,0.0,0.0,0.0,29898.5
1852.36,100.0,39611.9,,,,,100.0,100.0,100.0,100.0,29898.5
1853.36,0.0,39611.9,,,,,0.0,0.0,0.0,0.0,29898.5
1854.36,100.0,39463.2,,,,,100.0,100.0,100.0,100.0,29898.6
1855.36,1.21,39463.2,,,,,1.21,1.21,1.21,1.21,29873.1
1856.36,0.0,39751.9,,,,,0.0,0.0,0.0,0.0,29868.2
1857.36,100.0,39896.2,,,,,100.0,100.0,100.0,100.0,29866.5
1858.36,0.0,40040.2,,,,,0.0,0.0,0.0,0.0,29890.1
1859.36,0.0,40040.2,,,,,0.0,0.0,0.0,0.0,29890.1
1860.36,100.0,40040.2,,,,,100.0,100.0,100.0,100.0,29889.9
1861.36,0.0,40040.2,,,,,0.0,0.0,0.0,0.0,29889.9
1862.36,100.0,40040.2,,,,,100.0,100.0,100.0,100.0,29891.3
1863.36,0.0,40040.2,,,,,0.0,0.0,0.0,0.0,29891.3
1864.36,0.0,40040.2,,,,,0.0,0.0,0.0,0.0,29891.3
1865.36,100.0,40044.2,,,,,100.0,100.0,100.0,100.0,29895.0
1866.36,0.0,40044.2,,,,,0.0,0.0,0.0,0.0,29895.0
1867.36,100.0,39901.6,,,,,100.0,100.0,100.0,100.0,29898.9
1868.36,0.0,39901.6,,,,,0.0,0.0,0.0,0.0,29898.9
1869.36,0.0,39901.6,,,,,0.0,0.0,0.0,0.0,29898.9
1870.36,100.0,39756.8,,,,,100.0,100.0,100.0,100.0,29899.0
1871.36,0.0,39756.8,,,,,0.0,0.0,0.0,0.0,29899.0
1872.36,100.0,39611.9,,,,,100.0,100.0,100.0,100.0,29899.1
1873.36,0.0,39611.9,,,,,0.0,0.0,0.0,0.0,29899.1
1874.36,100.0,39462.9,,,,,100.0,100.0,100.0,100.0,29847.7
1875.36,0.0,39607.5,,,,,0.0,0.0,0.0,0.0,29887.1
1876.36,0.0,39824.1,,,,,0.0,0.0,0.0,0.0,29882.4
1877.36,100.0,39896.2,,,,,100.0,100.0,100.0,100.0,29874.1
1878.36,0.0,40040.2,,,,,0.0,0.0,0.0,0.0,29890.3
1879.36,0.0,40040.2,,,,,0.0,0.0,0.0,0.0,29890.3
1880.36,100.0,40040.2,,,,,100.0,100.0,100.0,100.0,29890.3
1881.36,0.0,40040.2,,,,,0.0,0.0,0.0,0.0,29890.3
1882.36,100.0,40040.2,,,,,100.0,100.0,100.0,100.0,29891.5
1883.36,0.0,40040.2,,,,,0.0,0.0,0.0,0.0,29891.5
1884.36,0.0,40040.2,,,,,0.0,0.0,0.0,0.0,29891.5
1885.36,100.0,40044.2,,,,,100.0,100.0,100.0,100.0,29895.5
1886.36,0.0,40044.2,,,,,0.0,0.0,0.0,0.0,29895.5
1887.36,100.0,39901.6,,,,,100.0,100.0,100.0,100.0,29899.1
1888.36,0.0,39901.6,,,,,0.0,0.0,0.0,0.0,29899.1
1889.36,100.0,39756.8,,,,,100.0,100.0,100.0,100.0,29899.3
1890.36,0.0,39756.8,,,,,0.0,0.0,0.0,0.0,29899.3
1891.36,0.0,39756.8,,,,,0.0,0.0,0.0,0.0,29899.3
1892.36,100.0,39611.9,,,,,100.0,100.0,100.0,100.0,29899.3
1893.36,0.0,39611.9,,,,,0.0,0.0,0.0,0.0,29899.3
1894.36,100.0,39462.9,,,,,100.0,100.0,100.0,100.0,29878.4
1895.36,0.0,39607.5,,,,,0.0,0.0,0.0,0.0,29888.0
1896.36,0.0,39896.2,,,,,0.0,0.0,0.0,0.0,29866.7
1897.36,100.0,39968.2,,,,,100.0,100.0,100.0,100.0,29871.8
1898.36,0.0,40040.2,,,,,0.0,0.0,0.0,0.0,29890.6
1899.36,0.0,40040.2,,,,,0.0,0.0,0.0,0.0,29890.6
1900.36,100.0,40040.2,,,,,100.0,100.0,100.0,100.0,29890.6
1901.37,0.0,40040.2,,,,,0.0,0.0,0.0,0.0,29890.6
1902.37,100.0,40040.2,,,,,100.0,100.0,100.0,100.0,29891.9
1903.37,0.0,40040.2,,,,,0.0,0.0,0.0,0.0,29891.9
1904.37,100.0,40044.2,,,,,100.0,100.0,100.0,100.0,29895.9
1905.37,0.0,40044.2,,,,,0.0,0.0,0.0,0.0,29895.9
1906.37,0.0,40044.2,,,,,0.0,0.0,0.0,0.0,29895.9
1907.37,100.0,39901.6,,,,,100.0,100.0,100.0,100.0,29899.6
1908.37,0.0,39901.6,,,,,0.0,0.0,0.0,0.0,29899.6
1909.37,100.0,39756.8,,,,,100.0,100.0,100.0,100.0,29899.6
1910.37,0.0,39756.8,,,,,0.0,0.0,0.0,0.0,29899.6
1911.37,0.0,39756.8,,,,,0.0,0.0,0.0,0.0,29899.6
1912.37,100.0,39611.9,,,,,100.0,100.0,100.0,100.0,29899.6
1913.37,0.0,39611.9,,,,,0.0,0.0,0.0,0.0,29899.6
1914.37,100.0,39462.9,,,,,100.0,100.0,100.0,100.0,29876.6
1915.37,0.0,39607.5,,,,,0.0,0.0,0.0,0.0,29866.1
1916.37,0.0,39896.2,,,,,0.0,0.0,0.0,0.0,29878.7
1917.37,100.0,40040.2,,,,,100.0,100.0,100.0,100.0,29892.3
1918.37,0.0,40040.2,,,,,0.0,0.0,0.0,0.0,29891.4
1919.37,100.0,40040.2,,,,,100.0,100.0,100.0,100.0,29892.4
1920.37,0.0,40040.2,,,,,0.0,0.0,0.0,0.0,29891.3
1921.37,0.0,40040.2,,,,,0.0,0.0,0.0,0.0,29891.3
1922.37,100.0,40040.2,,,,,100.0,100.0,100.0,100.0,29892.5
1923.37,0.0,40040.2,,,,,0.0,0.0,0.0,0.0,29892.5
1924.37,100.0,40044.2,,,,,100.0,100.0,100.0,100.0,29896.3
1925.37,0.0,40044.2,,,,,0.0,0.0,0.0,0.0,29896.3
1926.37,0.0,40044.2,,,,,0.0,0.0,0.0,0.0,29896.3
1927.37,100.0,39901.6,,,,,100.0,100.0,100.0,100.0,29900.0
1928.37,0.0,39901.6,,,,,0.0,0.0,0.0,0.0,29900.0
1929.37,100.0,39756.8,,,,,100.0,100.0,100.0,100.0,29900.2
1930.37,0.0,39756.8,,,,,0.0,0.0,0.0,0.0,29900.2
1931.37,100.0,39611.9,,,,,100.0,100.0,100.0,100.0,29900.2
1932.37,0.0,39611.9,,,,,0.0,0.0,0.0,0.0,29900.2
1933.37,0.0,39611.9,,,,,0.0,0.0,0.0,0.0,29900.2
1934.37,100.0,39463.2,,,,,100.0,100.0,100.0,100.0,29888.7
1935.37,0.0,39679.7,,,,,0.0,0.0,0.0,0.0,29888.4
1936.37,0.0,39932.2,,,,,0.0,0.0,0.0,0.0,29879.3
1937.37,100.0,40040.2,,,,,100.0,100.0,100.0,100.0,29871.9
1938.37,0.0,40040.2,,,,,0.0,0.0,0.0,0.0,29892.2
1939.37,100.0,40040.2,,,,,100.0,100.0,100.0,100.0,29865.8
1940.37,0.0,40040.2,,,,,0.0,0.0,0.0,0.0,29891.9
1941.37,0.0,40040.2,,,,,0.0,0.0,0.0,0.0,29891.9
1942.37,100.0,40040.2,,,,,100.0,100.0,100.0,100.0,29893.4
1943.37,0.0,40040.2,,,,,0.0,0.0,0.0,0.0,29893.4
1944.37,100.0,40044.2,,,,,100.0,100.0,100.0,100.0,29897.2
1945.37,0.0,40044.2,,,,,0.0,0.0,0.0,0.0,29897.2
1946.37,100.0,39900.1,,,,,100.0,100.0,100.0,100.0,29900.4
1947.37,0.0,39901.6,,,,,0.0,0.0,0.0,0.0,29900.7
1948.37,0.0,39901.6,,,,,0.0,0.0,0.0,0.0,29900.7
1949.37,100.0,39756.8,,,,,100.0,100.0,100.0,100.0,29900.8
1950.37,0.0,39756.8,,,,,0.0,0.0,0.0,0.0,29900.8
1951.38,100.0,39611.9,,,,,100.0,100.0,100.0,100.0,29900.8
1952.38,0.0,39611.9,,,,,0.0,0.0,0.0,0.0,29900.8
1953.38,0.0,39611.9,,,,,0.0,0.0,0.0,0.0,29900.8
1954.38,100.0,39463.2,,,,,100.0,100.0,100.0,100.0,29859.9
1955.38,0.0,39751.9,,,,,0.0,0.0,0.0,0.0,29883.5
1956.38,0.0,40004.2,,,,,0.0,0.0,0.0,0.0,29890.4
1957.38,100.0,40040.2,,,,,100.0,100.0,100.0,100.0,29882.4
1958.38,0.0,40040.2,,,,,0.0,0.0,0.0,0.0,29893.1
1959.38,100.0,40040.2,,,,,100.0,100.0,100.0,100.0,29871.7
1960.38,0.0,40040.2,,,,,0.0,0.0,0.0,0.0,29893.0
1961.38,100.0,40040.2,,,,,100.0,100.0,100.0,100.0,29893.8
1962.38,0.0,40040.2,,,,,0.0,0.0,0.0,0.0,29894.3
1963.38,0.0,40040.2,,,,,0.0,0.0,0.0,0.0,29894.3
1964.38,100.0,40044.2,,,,,100.0,100.0,100.0,100.0,29898.1
1965.38,0.0,40044.2,,,,,0.0,0.0,0.0,0.0,29898.1
1966.38,100.0,39901.6,,,,,100.0,100.0,100.0,100.0,29901.6
1967.38,0.0,39901.6,,,,,0.0,0.0,0.0,0.0,29901.6
1968.38,0.0,39901.6,,,,,0.0,0.0,0.0,0.0,29901.6
1969.38,100.0,39756.8,,,,,100.0,100.0,100.0,100.0,29901.9
1970.38,0.0,39756.8,,,,,0.0,0.0,0.0,0.0,29901.9
1971.38,100.0,39611.9,,,,,100.0,100.0,100.0,100.0,29901.9
1972.38,0.0,39611.9,,,,,0.0,0.0,0.0,0.0,29901.9
1973.38,0.0,39611.9,,,,,0.0,0.0,0.0,0.0,29901.9
1974.38,100.0,39463.2,,,,,100.0,100.0,100.0,100.0,29866.6
1975.38,0.0,39751.9,,,,,0.0,0.0,0.0,0.0,29865.8
1976.38,100.0,39896.2,,,,,100.0,100.0,100.0,100.0,29860.9
1977.38,0.0,40040.2,,,,,0.0,0.0,0.0,0.0,29893.2
1978.38,0.0,40040.2,,,,,0.0,0.0,0.0,0.0,29893.2
1979.38,100.0,40040.2,,,,,100.0,100.0,100.0,100.0,29893.7
1980.38,0.0,40040.2,,,,,0.0,0.0,0.0,0.0,29893.7
1981.38,100.0,40040.2,,,,,100.0,100.0,100.0,100.0,29894.9
1982.38,0.0,40040.2,,,,,0.0,0.0,0.0,0.0,29894.9
1983.38,0.0,40040.2,,,,,0.0,0.0,0.0,0.0,29894.9
1984.38,100.0,40044.2,,,,,100.0,100.0,100.0,100.0,29898.9
1985.38,0.0,40044.2,,,,,0.0,0.0,0.0,0.0,29898.9
1986.38,100.0,39901.6,,,,,100.0,100.0,100.0,100.0,29902.1
1987.38,0.0,39901.6,,,,,0.0,0.0,0.0,0.0,29902.1
1988.38,0.0,39901.6,,,,,0.0,0.0,0.0,0.0,29902.1
1989.38,100.0,39756.8,,,,,100.0,100.0,100.0,100.0,29902.2
1990.38,0.0,39756.8,,,,,0.0,0.0,0.0,0.0,29902.2
1991.38,100.0,39611.9,,,,,100.0,100.0,100.0,100.0,29902.2
1992.38,0.0,39611.9,,,,,0.0,0.0,0.0,0.0,29902.2
1993.38,100.0,39462.9,,,,,100.0,100.0,100.0,100.0,29848.9
1994.38,0.0,39607.5,,,,,0.0,0.0,0.0,0.0,29890.3
1995.38,0.0,39788.0,,,,,0.0,0.0,0.0,0.0,29880.1
1996.38,100.0,39896.2,,,,,100.0,100.0,100.0,100.0,29880.1
1997.38,0.0,40040.2,,,,,0.0,0.0,0.0,0.0,29893.6
1998.38,0.0,40040.2,,,,,0.0,0.0,0.0,0.0,29893.6
1999.38,100.0,40040.2,,,,,100.0,100.0,100.0,100.0,29893.3
2000.38,0.0,40040.2,,,,,0.0,0.0,0.0,0.0,29893.3
2001.38,100.0,40040.2,,,,,100.0,100.0,100.0,100.0,29894.6
2002.39,0.0,40040.2,,,,,0.0,0.0,0.0,0.0,29894.6
2003.39,0.0,40040.2,,,,,0.0,0.0,0.0,0.0,29894.6
2004.39,100.0,40044.2,,,,,100.0,100.0,100.0,100.0,29898.4
2005.39,0.0,40044.2,,,,,0.0,0.0,0.0,0.0,29898.4
2006.39,100.0,39901.6,,,,,100.0,100.0,100.0,100.0,29902.1
2007.39,0.0,39901.6,,,,,0.0,0.0,0.0,0.0,29902.1
2008.39,100.0,39756.8,,,,,100.0,100.0,100.0,100.0,29902.3
2009.39,0.0,39756.8,,,,,0.0,0.0,0.0,0.0,29902.3
2010.39,0.0,39756.8,,,,,0.0,0.0,0.0,0.0,29902.3
2011.39,100.0,39611.9,,,,,100.0,100.0,100.0,100.0,29902.3
2012.39,0.0,39611.9,,,,,0.0,0.0,0.0,0.0,29902.3
2013.39,100.0,39462.9,,,,,100.0,100.0,100.0,100.0,29860.0
2014.39,0.0,39607.5,,,,,0.0,0.0,0.0,0.0,29891.2
2015.39,0.0,39860.1,,,,,0.0,0.0,0.0,0.0,29892.4
2016.39,100.0,39968.2,,,,,100.0,100.0,100.0,100.0,29874.2
2017.39,0.0,40040.2,,,,,0.0,0.0,0.0,0.0,29893.9
2018.39,0.0,40040.2,,,,,0.0,0.0,0.0,0.0,29893.9
2019.39,100.0,40040.2,,,,,100.0,100.0,100.0,100.0,29893.8
2020.39,0.0,40040.2,,,,,0.0,0.0,0.0,0.0,29893.8
2021.39,100.0,40040.2,,,,,100.0,100.0,100.0,100.0,29895.1
2022.39,0.0,40040.2,,,,,0.0,0.0,0.0,0.0,29895.1
2023.39,100.0,40044.2,,,,,100.0,100.0,100.0,100.0,29899.0
2024.39,0.0,40044.2,,,,,0.0,0.0,0.0,0.0,29899.0
2025.39,0.0,40044.2,,,,,0.0,0.0,0.0,0.0,29899.0
2026.39,100.0,39901.6,,,,,100.0,100.0,100.0,100.0,29902.9
2027.39,0.0,39901.6,,,,,0.0,0.0,0.0,0.0,29902.9
2028.39,100.0,39756.8,,,,,100.0,100.0,100.0,100.0,29903.2
2029.39,0.0,39756.8,,,,,0.0,0.0,0.0,0.0,29903.2
2030.39,0.0,39756.8,,,,,0.0,0.0,0.0,0.0,29903.2
2031.39,100.0,39611.9,,,,,100.0,100.0,100.0,100.0,29903.2
2032.39,0.0,39611.9,,,,,0.0,0.0,0.0,0.0,29903.2
2033.39,100.0,39462.9,,,,,100.0,100.0,100.0,100.0,29875.4
2034.39,0.0,39607.5,,,,,0.0,0.0,0.0,0.0,29869.9
2035.39,0.0,39896.2,,,,,0.0,0.0,0.0,0.0,29874.7
2036.39,100.0,40040.2,,,,,100.0,100.0,100.0,100.0,29889.7
2037.39,0.0,40040.2,,,,,0.0,0.0,0.0,0.0,29895.0
2038.39,100.0,40040.2,,,,,100.0,100.0,100.0,100.0,29896.2
2039.39,0.0,40040.2,,,,,0.0,0.0,0.0,0.0,29895.1
2040.39,0.0,40040.2,,,,,0.0,0.0,0.0,0.0,29895.1
2041.39,100.0,40040.2,,,,,100.0,100.0,100.0,100.0,29896.4
2042.39,0.0,40040.2,,,,,0.0,0.0,0.0,0.0,29896.4
2043.39,100.0,40044.2,,,,,100.0,100.0,100.0,100.0,29900.3
2044.39,0.0,40044.2,,,,,0.0,0.0,0.0,0.0,29900.3
2045.39,0.0,40044.2,,,,,0.0,0.0,0.0,0.0,29900.3
2046.39,100.0,39901.6,,,,,100.0,100.0,100.0,100.0,29903.7
2047.39,0.0,39901.6,,,,,0.0,0.0,0.0,0.0,29903.7
2048.39,100.0,39756.8,,,,,100.0,100.0,100.0,100.0,29903.8
2049.39,0.0,39756.8,,,,,0.0,0.0,0.0,0.0,29903.8
2050.39,100.0,39611.9,,,,,100.0,100.0,100.0,100.0,29903.8
2051.39,0.0,39611.9,,,,,0.0,0.0,0.0,0.0,29903.8
2052.39,0.0,39611.9,,,,,0.0,0.0,0.0,0.0,29903.8
2053.39,100.0,39463.2,,,,,100.0,100.0,100.0,100.0,29891.7
2054.39,0.0,39679.7,,,,,0.0,0.0,0.0,0.0,29890.9
2055.39,0.0,39896.2,,,,,0.0,0.0,0.0,0.0,29874.9
2056.39,100.0,40040.2,,,,,100.0,100.0,100.0,100.0,29871.7
2057.4,0.0,40040.2,,,,,0.0,0.0,0.0,0.0,29895.5
2058.4,100.0,40040.2,,,,,100.0,100.0,100.0,100.0,29896.9
2059.4,0.0,40040.2,,,,,0.0,0.0,0.0,0.0,29895.3
2060.4,0.0,40040.2,,,,,0.0,0.0,0.0,0.0,29895.3
2061.4,100.0,40040.2,,,,,100.0,100.0,100.0,100.0,29896.6
2062.4,0.0,40040.2,,,,,0.0,0.0,0.0,0.0,29896.6
2063.4,100.0,40044.2,,,,,100.0,100.0,100.0,100.0,29900.4
2064.4,0.0,40044.2,,,,,0.0,0.0,0.0,0.0,29900.4
2065.4,100.0,39900.1,,,,,100.0,100.0,100.0,100.0,29903.4
2066.4,0.0,39901.6,,,,,0.0,0.0,0.0,0.0,29904.1
2067.4,0.0,39901.6,,,,,0.0,0.0,0.0,0.0,29904.1
2068.4,100.0,39756.8,,,,,100.0,100.0,100.0,100.0,29904.3
2069.4,0.0,39756.8,,,,,0.0,0.0,0.0,0.0,29904.3
2070.4,100.0,39611.9,,,,,100.0,100.0,100.0,100.0,29904.3
2071.4,0.0,39611.9,,,,,0.0,0.0,0.0,0.0,29904.3
2072.4,0.0,39611.9,,,,,0.0,0.0,0.0,0.0,29904.3
2073.4,100.0,39463.2,,,,,100.0,100.0,100.0,100.0,29862.5
2074.4,0.0,39751.9,,,,,0.0,0.0,0.0,0.0,29855.0
2075.4,0.0,40004.2,,,,,0.0,0.0,0.0,0.0,29895.1
2076.4,100.0,40040.2,,,,,100.0,100.0,100.0,100.0,29881.9
2077.4,0.0,40040.2,,,,,0.0,0.0,0.0,0.0,29895.9
2078.4,100.0,40040.2,,,,,100.0,100.0,100.0,100.0,29873.9
2079.4,0.0,40040.2,,,,,0.0,0.0,0.0,0.0,29895.8
2080.4,100.0,40040.2,,,,,100.0,100.0,100.0,100.0,29896.5
2081.4,0.0,40040.2,,,,,0.0,0.0,0.0,0.0,29897.0
2082.4,0.0,40040.2,,,,,0.0,0.0,0.0,0.0,29897.0
2083.4,100.0,40044.2,,,,,100.0,100.0,100.0,100.0,29900.9
2084.4,0.0,40044.2,,,,,0.0,0.0,0.0,0.0,29900.9
2085.4,100.0,39901.6,,,,,100.0,100.0,100.0,100.0,29904.6
2086.4,0.0,39901.6,,,,,0.0,0.0,0.0,0.0,29904.6
2087.4,0.0,39901.6,,,,,0.0,0.0,0.0,0.0,29904.6
2088.4,100.0,39756.8,,,,,100.0,100.0,100.0,100.0,29904.8
2089.4,0.0,39756.8,,,,,0.0,0.0,0.0,0.0,29904.8
2090.4,100.0,39611.9,,,,,100.0,100.0,100.0,100.0,29904.8
2091.4,0.0,39611.9,,,,,0.0,0.0,0.0,0.0,29904.8
2092.4,0.0,39611.9,,,,,0.0,0.0,0.0,0.0,29904.8
2093.4,100.0,39463.2,,,,,100.0,100.0,100.0,100.0,29869.6
2094.4,0.0,39751.9,,,,,0.0,0.0,0.0,0.0,29888.7
2095.4,100.0,39896.0,,,,,100.0,100.0,100.0,100.0,29861.4
2096.4,0.0,40040.2,,,,,0.0,0.0,0.0,0.0,29891.7
2097.4,0.0,40040.2,,,,,0.0,0.0,0.0,0.0,29896.4
2098.4,100.0,40040.2,,,,,100.0,100.0,100.0,100.0,29896.2
2099.4,0.0,40040.2,,,,,0.0,0.0,0.0,0.0,29896.7
2100.4,100.0,40040.2,,,,,100.0,100.0,100.0,100.0,29897.8
2101.4,0.0,40040.2,,,,,0.0,0.0,0.0,0.0,29897.8
2102.4,0.0,40040.2,,,,,0.0,0.0,0.0,0.0,29897.8
2103.4,100.0,40044.2,,,,,100.0,100.0,100.0,100.0,29901.7
2104.41,0.0,40044.2,,,,,0.0,0.0,0.0,0.0,29901.7
2105.41,100.0,39901.6,,,,,100.0,100.0,100.0,100.0,29905.4
2106.41,0.0,39901.6,,,,,0.0,0.0,0.0,0.0,29905.4
2107.41,0.0,39901.6,,,,,0.0,0.0,0.0,0.0,29905.4
2108.41,100.0,39756.8,,,,,100.0,100.0,100.0,100.0,29905.6
2109.41,0.0,39756.8,,,,,0.0,0.0,0.0,0.0,29905.6
2110.41,100.0,39611.9,,,,,100.0,100.0,100.0,100.0,29905.6
2111.41,0.0,39611.9,,,,,0.0,0.0,0.0,0.0,29905.6
2112.41,100.0,39462.9,,,,,100.0,100.0,100.0,100.0,29905.9
2113.41,0.0,39607.5,,,,,0.0,0.0,0.0,0.0,29894.2
2114.41,0.0,39751.9,,,,,0.0,0.0,0.0,0.0,29887.9
2115.41,100.0,39896.2,,,,,100.0,100.0,100.0,100.0,29880.9
2116.41,0.0,40040.2,,,,,0.0,0.0,0.0,0.0,29897.3
2117.41,0.0,40040.2,,,,,0.0,0.0,0.0,0.0,29897.3
2118.41,100.0,40040.2,,,,,100.0,100.0,100.0,100.0,29897.1
2119.41,0.0,40040.2,,,,,0.0,0.0,0.0,0.0,29897.1
2120.41,100.0,40040.2,,,,,100.0,100.0,100.0,100.0,29898.4
2121.41,0.0,40040.2,,,,,0.0,0.0,0.0,0.0,29898.4
2122.41,0.0,40040.2,,,,,0.0,0.0,0.0,0.0,29898.4
2123.41,100.0,40044.2,,,,,100.0,100.0,100.0,100.0,29902.2
2124.41,0.0,40044.2,,,,,0.0,0.0,0.0,0.0,29902.2
2125.41,100.0,39901.6,,,,,100.0,100.0,100.0,100.0,29906.0
2126.41,0.0,39901.6,,,,,0.0,0.0,0.0,0.0,29906.0
2127.41,100.0,39756.8,,,,,100.0,100.0,100.0,100.0,29906.2
2128.41,0.0,39756.8,,,,,0.0,0.0,0.0,0.0,29906.2
2129.41,0.0,39756.8,,,,,0.0,0.0,0.0,0.0,29906.2
2130.41,100.0,39611.9,,,,,100.0,100.0,100.0,100.0,29906.2
2131.41,0.0,39611.9,,,,,0.0,0.0,0.0,0.0,29906.2
2132.41,100.0,39462.9,,,,,100.0,100.0,100.0,100.0,29864.4
2133.41,0.0,39607.5,,,,,0.0,0.0,0.0,0.0,29894.9
2134.41,0.0,39860.1,,,,,0.0,0.0,0.0,0.0,29896.7
2135.41,100.0,39932.2,,,,,100.0,100.0,100.0,100.0,29890.0
2136.41,0.0,40040.2,,,,,0.0,0.0,0.0,0.0,29897.7
2137.41,0.0,40040.2,,,,,0.0,0.0,0.0,0.0,29897.7
2138.41,100.0,40040.2,,,,,100.0,100.0,100.0,100.0,29897.7
2139.41,0.0,40040.2,,,,,0.0,0.0,0.0,0.0,29897.7
2140.41,100.0,40040.2,,,,,100.0,100.0,100.0,100.0,29898.9
2141.41,0.0,40040.2,,,,,0.0,0.0,0.0,0.0,29898.9
2142.41,100.0,40044.2,,,,,100.0,100.0,100.0,100.0,29902.7
2143.41,0.0,40044.2,,,,,0.0,0.0,0.0,0.0,29902.7
2144.41,0.0,40044.2,,,,,0.0,0.0,0.0,0.0,29902.7
2145.41,100.0,39901.6,,,,,100.0,100.0,100.0,100.0,29906.3
2146.41,0.0,39901.6,,,,,0.0,0.0,0.0,0.0,29906.3
2147.41,100.0,39756.8,,,,,100.0,100.0,100.0,100.0,29906.6
2148.41,0.0,39756.8,,,,,0.0,0.0,0.0,0.0,29906.6
2149.41,0.0,39756.8,,,,,0.0,0.0,0.0,0.0,29906.6
2150.41,100.0,39611.9,,,,,100.0,100.0,100.0,100.0,29906.6
2151.41,0.0,39611.9,,,,,0.0,0.0,0.0,0.0,29906.6
2152.41,100.0,39462.9,,,,,100.0,100.0,100.0,100.0,29874.4
2153.41,0.0,39607.5,,,,,0.0,0.0,0.0,0.0,29871.4
2154.41,0.0,39896.2,,,,,0.0,0.0,0.0,0.0,29870.3
2155.41,100.0,40040.2,,,,,100.0,100.0,100.0,100.0,29899.2
2156.41,0.0,40040.2,,,,,0.0,0.0,0.0,0.0,29898.2
2157.42,100.0,40040.2,,,,,100.0,100.0,100.0,100.0,29896.7
2158.42,0.0,40040.2,,,,,0.0,0.0,0.0,0.0,29898.0
2159.42,0.0,40040.2,,,,,0.0,0.0,0.0,0.0,29898.0
2160.42,100.0,40040.2,,,,,100.0,100.0,100.0,100.0,29899.1
2161.42,0.0,40040.2,,,,,0.0,0.0,0.0,0.0,29899.1
2162.42,100.0,40044.2,,,,,100.0,100.0,100.0,100.0,29902.9
2163.42,0.0,40044.2,,,,,0.0,0.0,0.0,0.0,29902.9
2164.42,0.0,40044.2,,,,,0.0,0.0,0.0,0.0,29902.9
2165.42,100.0,39901.6,,,,,100.0,100.0,100.0,100.0,29906.8
2166.42,0.0,39901.6,,,,,0.0,0.0,0.0,0.0,29906.8
2167.42,100.0,39756.8,,,,,100.0,100.0,100.0,100.0,29907.0
2168.42,0.0,39756.8,,,,,0.0,0.0,0.0,0.0,29907.0
2169.42,100.0,39611.9,,,,,100.0,100.0,100.0,100.0,29907.0
2170.42,0.0,39611.9,,,,,0.0,0.0,0.0,0.0,29907.0
2171.42,0.0,39611.9,,,,,0.0,0.0,0.0,0.0,29907.0
2172.42,100.0,39463.2,,,,,100.0,100.0,100.0,100.0,29895.4
2173.42,0.0,39679.7,,,,,0.0,0.0,0.0,0.0,29894.0
2174.42,0.0,39896.2,,,,,0.0,0.0,0.0,0.0,29881.3
2175.42,100.0,40040.2,,,,,100.0,100.0,100.0,100.0,29876.0
2176.42,0.0,40040.2,,,,,0.0,0.0,0.0,0.0,29899.3
2177.42,100.0,40040.2,,,,,100.0,100.0,100.0,100.0,29900.8
2178.42,0.0,40040.2,,,,,0.0,0.0,0.0,0.0,29899.4
2179.42,0.0,40040.2,,,,,0.0,0.0,0.0,0.0,29899.4
2180.42,100.0,40040.2,,,,,100.0,100.0,100.0,100.0,29900.9
2181.42,0.0,40040.2,,,,,0.0,0.0,0.0,0.0,29900.9
2182.42,100.0,40044.2,,,,,100.0,100.0,100.0,100.0,29904.8
2183.42,0.0,40044.2,,,,,0.0,0.0,0.0,0.0,29904.8
2184.42,100.0,39900.1,,,,,100.0,100.0,100.0,100.0,29907.6
2185.42,0.0,39901.6,,,,,0.0,0.0,0.0,0.0,29908.2
2186.42,0.0,39901.6,,,,,0.0,0.0,0.0,0.0,29908.2
2187.42,100.0,39756.8,,,,,100.0,100.0,100.0,100.0,29908.3
2188.42,0.0,39756.8,,,,,0.0,0.0,0.0,0.0,29908.3
2189.42,100.0,39611.9,,,,,100.0,100.0,100.0,100.0,29908.3
2190.42,0.0,39611.9,,,,,0.0,0.0,0.0,0.0,29908.3
2191.42,0.0,39611.9,,,,,0.0,0.0,0.0,0.0,29908.3
2192.42,100.0,39463.2,,,,,100.0,100.0,100.0,100.0,29896.7
2193.42,0.0,39751.9,,,,,0.0,0.0,0.0,0.0,29859.4
2194.42,0.0,40004.2,,,,,0.0,0.0,0.0,0.0,29898.3
2195.42,100.0,40040.2,,,,,100.0,100.0,100.0,100.0,29891.4
2196.42,0.0,40040.2,,,,,0.0,0.0,0.0,0.0,29899.4
2197.42,100.0,40040.2,,,,,100.0,100.0,100.0,100.0,29880.0
2198.42,0.0,40040.2,,,,,0.0,0.0,0.0,0.0,29899.5
2199.42,0.0,40040.2,,,,,0.0,0.0,0.0,0.0,29899.5
2200.42,100.0,40040.2,,,,,100.0,100.0,100.0,100.0,29900.7
2201.42,0.0,40040.2,,,,,0.0,0.0,0.0,0.0,29900.7
2202.42,100.0,40044.2,,,,,100.0,100.0,100.0,100.0,29904.5
2203.42,0.0,40044.2,,,,,0.0,0.0,0.0,0.0,29904.5
2204.43,100.0,39901.6,,,,,100.0,100.0,100.0,100.0,29908.3
2205.43,0.0,39901.6,,,,,0.0,0.0,0.0,0.0,29908.3
2206.43,0.0,39901.6,,,,,0.0,0.0,0.0,0.0,29908.3
2207.43,100.0,39756.8,,,,,100.0,100.0,100.0,100.0,29908.5
2208.43,0.0,39756.8,,,,,0.0,0.0,0.0,0.0,29908.5
2209.43,100.0,39611.9,,,,,100.0,100.0,100.0,100.0,29908.5
2210.43,0.0,39611.9,,,,,0.0,0.0,0.0,0.0,29908.5
2211.43,0.0,39611.9,,,,,0.0,0.0,0.0,0.0,29908.5
2212.43,100.0,39463.2,,,,,100.0,100.0,100.0,100.0,29872.4
2213.43,0.0,39751.9,,,,,0.0,0.0,0.0,0.0,29878.1
2214.43,0.0,40040.2,,,,,0.0,0.0,0.0,0.0,29901.0
2215.43,100.0,40040.2,,,,,100.0,100.0,100.0,100.0,29900.2
2216.43,0.0,40040.2,,,,,0.0,0.0,0.0,0.0,29900.2
2217.43,100.0,40040.2,,,,,100.0,100.0,100.0,100.0,29900.6
2218.43,0.0,40040.2,,,,,0.0,0.0,0.0,0.0,29900.6
2219.43,100.0,40040.2,,,,,100.0,100.0,100.0,100.0,29901.9
2220.43,0.0,40040.2,,,,,0.0,0.0,0.0,0.0,29901.9
2221.43,0.0,40040.2,,,,,0.0,0.0,0.0,0.0,29901.9
2222.43,100.0,40044.2,,,,,100.0,100.0,100.0,100.0,29905.8
2223.43,0.0,40044.2,,,,,0.0,0.0,0.0,0.0,29905.8
2224.43,100.0,39901.6,,,,,100.0,100.0,100.0,100.0,29909.4
2225.43,0.0,39901.6,,,,,0.0,0.0,0.0,0.0,29909.4
2226.43,0.0,39901.6,,,,,0.0,0.0,0.0,0.0,29909.4
2227.43,100.0,39756.8,,,,,100.0,100.0,100.0,100.0,29909.6
2228.43,0.0,39756.8,,,,,0.0,0.0,0.0,0.0,29909.6
2229.43,100.0,39611.9,,,,,100.0,100.0,100.0,100.0,29909.6
2230.43,0.0,39611.9,,,,,0.0,0.0,0.0,0.0,29909.6
2231.43,100.0,39462.9,,,,,100.0,100.0,100.0,100.0,29909.8
2232.43,0.0,39571.4,,,,,0.0,0.0,0.0,0.0,29895.0
2233.43,0.0,39788.0,,,,,0.0,0.0,0.0,0.0,29886.5
2234.43,100.0,39896.2,,,,,100.0,100.0,100.0,100.0,29879.2
2235.43,0.0,40040.2,,,,,0.0,0.0,0.0,0.0,29901.1
2236.43,0.0,40040.2,,,,,0.0,0.0,0.0,0.0,29901.1
2237.43,100.0,40040.2,,,,,100.0,100.0,100.0,100.0,29900.8
2238.43,0.0,40040.2,,,,,0.0,0.0,0.0,0.0,29900.8
2239.43,100.0,40040.2,,,,,100.0,100.0,100.0,100.0,29902.0
2240.43,0.0,40040.2,,,,,0.0,0.0,0.0,0.0,29902.0
2241.43,0.0,40040.2,,,,,0.0,0.0,0.0,0.0,29902.0
2242.43,100.0,40044.2,,,,,100.0,100.0,100.0,100.0,29905.8
2243.43,0.0,40044.2,,,,,0.0,0.0,0.0,0.0,29905.8
2244.43,100.0,39901.6,,,,,100.0,100.0,100.0,100.0,29909.6
2245.43,0.0,39901.6,,,,,0.0,0.0,0.0,0.0,29909.6
2246.43,100.0,39756.8,,,,,100.0,100.0,100.0,100.0,29909.8
2247.43,0.0,39756.8,,,,,0.0,0.0,0.0,0.0,29909.8
2248.43,0.0,39756.8,,,,,0.0,0.0,0.0,0.0,29909.8
2249.43,100.0,39611.9,,,,,100.0,100.0,100.0,100.0,29909.8
2250.43,0.0,39611.9,,,,,0.0,0.0,0.0,0.0,29909.8
2251.43,100.0,39462.9,,,,,100.0,100.0,100.0,100.0,29866.6
2252.43,0.0,39607.5,,,,,0.0,0.0,0.0,0.0,29872.1
2253.43,0.0,39860.1,,,,,0.0,0.0,0.0,0.0,29898.7
2254.43,100.0,39968.2,,,,,100.0,100.0,100.0,100.0,29891.1
2255.43,0.0,40040.2,,,,,0.0,0.0,0.0,0.0,29901.4
2256.43,0.0,40040.2,,,,,0.0,0.0,0.0,0.0,29901.4
2257.43,100.0,40040.2,,,,,100.0,100.0,100.0,100.0,29901.1
2258.44,0.0,40040.2,,,,,0.0,0.0,0.0,0.0,29901.1
2259.44,100.0,40040.2,,,,,100.0,100.0,100.0,100.0,29902.4
2260.44,0.0,40040.2,,,,,0.0,0.0,0.0,0.0,29902.4
2261.44,100.0,40044.2,,,,,100.0,100.0,100.0,100.0,29906.3
2262.44,0.0,40044.2,,,,,0.0,0.0,0.0,0.0,29906.3
2263.44,0.0,40044.2,,,,,0.0,0.0,0.0,0.0,29906.3
2264.44,100.0,39900.9,,,,,100.0,100.0,100.0,100.0,29909.8
2265.44,0.0,39900.9,,,,,0.0,0.0,0.0,0.0,29909.8
2266.44,100.0,39756.0,,,,,100.0,100.0,100.0,100.0,29910.0
2267.44,0.0,39756.0,,,,,0.0,0.0,0.0,0.0,29910.0
2268.44,0.0,39756.0,,,,,0.0,0.0,0.0,0.0,29910.0
2269.44,100.0,39611.2,,,,,100.0,100.0,100.0,100.0,29910.0
2270.44,0.0,39611.2,,,,,0.0,0.0,0.0,0.0,29910.0
2271.44,100.0,39462.1,,,,,100.0,100.0,100.0,100.0,29875.3
2272.44,0.0,39606.8,,,,,0.0,0.0,0.0,0.0,29874.2
2273.44,0.0,39895.5,,,,,0.0,0.0,0.0,0.0,29871.9
2274.44,100.0,39895.5,,,,,100.0,100.0,100.0,100.0,29881.8
2275.44,0.0,40039.5,,,,,0.0,0.0,0.0,0.0,29898.3
2276.44,100.0,40039.5,,,,,100.0,100.0,100.0,100.0,29899.1
2277.44,0.0,40039.5,,,,,0.0,0.0,0.0,0.0,29899.7
2278.44,0.0,40039.5,,,,,0.0,0.0,0.0,0.0,29899.7
2279.44,100.0,40043.5,,,,,100.0,100.0,100.0,100.0,29903.6
2280.44,0.0,40043.5,,,,,0.0,0.0,0.0,0.0,29903.6
2281.44,100.0,39899.4,,,,,100.0,100.0,100.0,100.0,29906.3
2282.44,0.0,39899.4,,,,,0.0,0.0,0.0,0.0,29906.3
2283.44,0.0,39899.4,,,,,0.0,0.0,0.0,0.0,29906.3
2284.44,100.0,39755.0,,,,,100.0,100.0,100.0,100.0,29906.6
2285.44,0.0,39755.0,,,,,0.0,0.0,0.0,0.0,29906.6
2286.44,100.0,39610.7,,,,,100.0,100.0,100.0,100.0,29906.6
2287.44,0.0,39610.7,,,,,0.0,0.0,0.0,0.0,29906.6
2288.44,0.0,39610.7,,,,,0.0,0.0,0.0,0.0,29906.6
2289.44,100.0,39463.2,,,,,100.0,100.0,100.0,100.0,29874.0
2290.44,0.0,39751.9,,,,,0.0,0.0,0.0,0.0,29873.3
2291.44,0.0,40040.2,,,,,0.0,0.0,0.0,0.0,29899.9
2292.44,100.0,40040.2,,,,,100.0,100.0,100.0,100.0,29899.0
2293.44,0.0,40040.2,,,,,0.0,0.0,0.0,0.0,29899.0
2294.44,100.0,40040.2,,,,,100.0,100.0,100.0,100.0,29899.5
2295.44,0.0,40040.2,,,,,0.0,0.0,0.0,0.0,29899.5
2296.44,100.0,40040.2,,,,,100.0,100.0,100.0,100.0,29900.8
2297.44,0.0,40040.2,,,,,0.0,0.0,0.0,0.0,29900.8
2298.44,0.0,40040.2,,,,,0.0,0.0,0.0,0.0,29900.8
2299.44,100.0,40044.2,,,,,100.0,100.0,100.0,100.0,29904.6
2300.44,0.0,40044.2,,,,,0.0,0.0,0.0,0.0,29904.6
2301.44,100.0,39901.6,,,,,100.0,100.0,100.0,100.0,29908.0
2302.44,0.0,39901.6,,,,,0.0,0.0,0.0,0.0,29908.0
2303.44,0.0,39901.6,,,,,0.0,0.0,0.0,0.0,29908.0
2304.44,100.0,39756.8,,,,,100.0,100.0,100.0,100.0,29908.2
2305.44,0.0,39756.8,,,,,0.0,0.0,0.0,0.0,29908.2
2306.44,100.0,39611.9,,,,,100.0,100.0,100.0,100.0,29908.2
2307.44,0.0,39611.9,,,,,0.0,0.0,0.0,0.0,29908.2
2308.44,100.0,39462.9,,,,,100.0,100.0,100.0,100.0,29908.3
2309.44,0.0,39607.5,,,,,0.0,0.0,0.0,0.0,29896.2
2310.44,0.0,39787.9,,,,,0.0,0.0,0.0,0.0,29892.5
2311.44,100.0,39896.2,,,,,100.0,100.0,100.0,100.0,29882.4
2312.44,0.0,40040.2,,,,,0.0,0.0,0.0,0.0,29899.8
2313.45,0.0,40040.2,,,,,0.0,0.0,0.0,0.0,29899.8
2314.45,100.0,40040.2,,,,,100.0,100.0,100.0,100.0,29899.8
2315.45,0.0,40040.2,,,,,0.0,0.0,0.0,0.0,29899.8
2316.45,100.0,40040.2,,,,,100.0,100.0,100.0,100.0,29901.4
2317.45,0.0,40040.2,,,,,0.0,0.0,0.0,0.0,29901.4
2318.45,0.0,40040.2,,,,,0.0,0.0,0.0,0.0,29901.4
2319.45,100.0,40044.2,,,,,100.0,100.0,100.0,100.0,29905.3
2320.45,0.0,40044.2,,,,,0.0,0.0,0.0,0.0,29905.3
2321.45,100.0,39901.6,,,,,100.0,100.0,100.0,100.0,29908.5
2322.45,0.0,39901.6,,,,,0.0,0.0,0.0,0.0,29908.5
2323.45,100.0,39756.8,,,,,100.0,100.0,100.0,100.0,29908.8
2324.45,0.0,39756.8,,,,,0.0,0.0,0.0,0.0,29908.8
2325.45,0.0,39756.8,,,,,0.0,0.0,0.0,0.0,29908.8
2326.45,100.0,39611.9,,,,,100.0,100.0,100.0,100.0,29908.8
2327.45,0.0,39611.9,,,,,0.0,0.0,0.0,0.0,29908.8
2328.45,100.0,39462.9,,,,,100.0,100.0,100.0,100.0,29870.3
2329.45,0.0,39607.5,,,,,0.0,0.0,0.0,0.0,29882.2
2330.45,0.0,39824.1,,,,,0.0,0.0,0.0,0.0,29896.2
2331.45,100.0,39932.2,,,,,100.0,100.0,100.0,100.0,29890.3
2332.45,0.0,40040.2,,,,,0.0,0.0,0.0,0.0,29900.3
2333.45,0.0,40040.2,,,,,0.0,0.0,0.0,0.0,29900.3
2334.45,100.0,40040.2,,,,,100.0,100.0,100.0,100.0,29900.3
2335.45,0.0,40040.2,,,,,0.0,0.0,0.0,0.0,29900.3
2336.45,100.0,40040.2,,,,,100.0,100.0,100.0,100.0,29901.7
2337.45,0.0,40040.2,,,,,0.0,0.0,0.0,0.0,29901.7
2338.45,100.0,40044.2,,,,,100.0,100.0,100.0,100.0,29905.6
2339.45,0.0,40044.2,,,,,0.0,0.0,0.0,0.0,29905.6
2340.45,0.0,40044.2,,,,,0.0,0.0,0.0,0.0,29905.6
2341.45,100.0,39901.6,,,,,100.0,100.0,100.0,100.0,29909.0
2342.45,0.0,39901.6,,,,,0.0,0.0,0.0,0.0,29909.0
2343.45,100.0,39756.8,,,,,100.0,100.0,100.0,100.0,29909.2
2344.45,0.0,39756.8,,,,,0.0,0.0,0.0,0.0,29909.2
2345.45,0.0,39756.8,,,,,0.0,0.0,0.0,0.0,29909.2
2346.45,100.0,39611.9,,,,,100.0,100.0,100.0,100.0,29909.2
2347.45,0.0,39611.9,,,,,0.0,0.0,0.0,0.0,29909.2
2348.45,100.0,39462.9,,,,,100.0,100.0,100.0,100.0,29877.8
2349.45,0.0,39607.5,,,,,0.0,0.0,0.0,0.0,29893.0
2350.45,0.0,39896.2,,,,,0.0,0.0,0.0,0.0,29878.9
2351.45,100.0,39968.2,,,,,100.0,100.0,100.0,100.0,29879.7
2352.45,0.0,40040.2,,,,,0.0,0.0,0.0,0.0,29900.7
2353.45,100.0,40040.2,,,,,100.0,100.0,100.0,100.0,29901.8
2354.45,0.0,40040.2,,,,,0.0,0.0,0.0,0.0,29900.7
2355.45,0.0,40040.2,,,,,0.0,0.0,0.0,0.0,29900.7
2356.45,100.0,40040.2,,,,,100.0,100.0,100.0,100.0,29902.0
2357.45,0.0,40040.2,,,,,0.0,0.0,0.0,0.0,29902.0
2358.45,100.0,40044.2,,,,,100.0,100.0,100.0,100.0,29905.9
2359.45,0.0,40044.2,,,,,0.0,0.0,0.0,0.0,29905.9
2360.45,0.0,40044.2,,,,,0.0,0.0,0.0,0.0,29905.9
2361.46,100.0,39901.6,,,,,100.0,100.0,100.0,100.0,29909.5
2362.46,0.0,39901.6,,,,,0.0,0.0,0.0,0.0,29909.5
2363.46,100.0,39756.8,,,,,100.0,100.0,100.0,100.0,29909.6
2364.46,0.0,39756.8,,,,,0.0,0.0,0.0,0.0,29909.6
2365.46,0.0,39756.8,,,,,0.0,0.0,0.0,0.0,29909.6
2366.46,100.0,39611.9,,,,,100.0,100.0,100.0,100.0,29909.6
2367.46,0.0,39611.9,,,,,0.0,0.0,0.0,0.0,29909.6
2368.46,100.0,39463.2,,,,,100.0,100.0,100.0,100.0,29866.4
2369.46,0.0,39643.6,,,,,0.0,0.0,0.0,0.0,29889.8
2370.46,0.0,39896.2,,,,,0.0,0.0,0.0,0.0,29879.9
2371.46,100.0,40040.2,,,,,100.0,100.0,100.0,100.0,29896.1
2372.46,0.0,40040.2,,,,,0.0,0.0,0.0,0.0,29901.3
2373.46,100.0,40040.2,,,,,100.0,100.0,100.0,100.0,29902.8
2374.46,0.0,40040.2,,,,,0.0,0.0,0.0,0.0,29901.4
2375.46,0.0,40040.2,,,,,0.0,0.0,0.0,0.0,29901.4
2376.46,100.0,40040.2,,,,,100.0,100.0,100.0,100.0,29902.8
2377.46,0.0,40040.2,,,,,0.0,0.0,0.0,0.0,29902.8
2378.46,100.0,40044.2,,,,,100.0,100.0,100.0,100.0,29906.7
2379.46,0.0,40044.2,,,,,0.0,0.0,0.0,0.0,29906.7
2380.46,0.0,40044.2,,,,,0.0,0.0,0.0,0.0,29906.7
2381.46,100.0,39901.6,,,,,100.0,100.0,100.0,100.0,29910.5
2382.46,0.0,39901.6,,,,,0.0,0.0,0.0,0.0,29910.5
2383.46,100.0,39756.8,,,,,100.0,100.0,100.0,100.0,29910.6
2384.46,0.0,39756.8,,,,,0.0,0.0,0.0,0.0,29910.6
2385.46,100.0,39611.9,,,,,100.0,100.0,100.0,100.0,29910.6
2386.46,0.0,39611.9,,,,,0.0,0.0,0.0,0.0,29910.6
2387.46,0.0,39611.9,,,,,0.0,0.0,0.0,0.0,29910.6
2388.46,100.0,39463.2,,,,,100.0,100.0,100.0,100.0,29898.7
2389.46,0.0,39751.9,,,,,0.0,0.0,0.0,0.0,29900.0
2390.46,0.0,39896.2,,,,,0.0,0.0,0.0,0.0,29892.9
2391.46,100.0,40040.2,,,,,100.0,100.0,100.0,100.0,29882.7
2392.46,0.0,40040.2,,,,,0.0,0.0,0.0,0.0,29901.9
2393.46,100.0,40040.2,,,,,100.0,100.0,100.0,100.0,29880.5
2394.46,0.0,40040.2,,,,,0.0,0.0,0.0,0.0,29901.8
2395.46,0.0,40040.2,,,,,0.0,0.0,0.0,0.0,29901.8
2396.46,100.0,40040.2,,,,,100.0,100.0,100.0,100.0,29903.4
2397.46,0.0,40040.2,,,,,0.0,0.0,0.0,0.0,29903.4
2398.46,100.0,40044.2,,,,,100.0,100.0,100.0,100.0,29907.3
2399.46,0.0,40044.2,,,,,0.0,0.0,0.0,0.0,29907.3
2400.46,100.0,39901.6,,,,,100.0,100.0,100.0,100.0,29910.7
2401.46,0.0,39901.6,,,,,0.0,0.0,0.0,0.0,29910.7
2402.46,0.0,39901.6,,,,,0.0,0.0,0.0,0.0,29910.7
2403.46,100.0,39756.8,,,,,100.0,100.0,100.0,100.0,29910.8
2404.46,0.0,39756.8,,,,,0.0,0.0,0.0,0.0,29910.8
2405.46,100.0,39611.9,,,,,100.0,100.0,100.0,100.0,29910.9
2406.46,0.0,39611.9,,,,,0.0,0.0,0.0,0.0,29910.9
2407.46,0.0,39611.9,,,,,0.0,0.0,0.0,0.0,29910.9
2408.46,100.0,39463.2,,,,,100.0,100.0,100.0,100.0,29876.4
2409.46,0.0,39751.9,,,,,0.0,0.0,0.0,0.0,29880.1
2410.46,0.0,40040.2,,,,,0.0,0.0,0.0,0.0,29903.0
2411.46,100.0,40040.2,,,,,100.0,100.0,100.0,100.0,29894.5
2412.46,0.0,40040.2,,,,,0.0,0.0,0.0,0.0,29902.5
2413.46,100.0,40040.2,,,,,100.0,100.0,100.0,100.0,29895.0
2414.47,0.0,40040.2,,,,,0.0,0.0,0.0,0.0,29902.6
2415.47,100.0,40040.2,,,,,100.0,100.0,100.0,100.0,29903.5
2416.47,0.0,40040.2,,,,,0.0,0.0,0.0,0.0,29904.0
2417.47,0.0,40040.2,,,,,0.0,0.0,0.0,0.0,29904.0
2418.47,100.0,40044.2,,,,,100.0,100.0,100.0,100.0,29907.9
2419.47,0.0,40044.2,,,,,0.0,0.0,0.0,0.0,29907.9
2420.47,100.0,39901.6,,,,,100.0,100.0,100.0,100.0,29911.4
2421.47,0.0,39901.6,,,,,0.0,0.0,0.0,0.0,29911.4
2422.47,0.0,39901.6,,,,,0.0,0.0,0.0,0.0,29911.4
2423.47,100.0,39756.8,,,,,100.0,100.0,100.0,100.0,29911.5
2424.47,0.0,39756.8,,,,,0.0,0.0,0.0,0.0,29911.5
2425.47,100.0,39611.9,,,,,100.0,100.0,100.0,100.0,29911.5
2426.47,0.0,39611.9,,,,,0.0,0.0,0.0,0.0,29911.5
2427.47,100.0,39462.9,,,,,100.0,100.0,100.0,100.0,29911.7
2428.47,0.0,39463.2,,,,,0.0,0.0,0.0,0.0,29891.6
2429.47,0.0,39751.9,,,,,0.0,0.0,0.0,0.0,29884.1
2430.47,100.0,39896.2,,,,,100.0,100.0,100.0,100.0,29880.0
2431.47,0.0,40040.2,,,,,0.0,0.0,0.0,0.0,29903.1
2432.47,0.0,40040.2,,,,,0.0,0.0,0.0,0.0,29903.1
2433.47,100.0,40040.2,,,,,100.0,100.0,100.0,100.0,29903.3
2434.47,0.0,40040.2,,,,,0.0,0.0,0.0,0.0,29903.3
2435.47,100.0,40040.2,,,,,100.0,100.0,100.0,100.0,29904.6
2436.47,0.0,40040.2,,,,,0.0,0.0,0.0,0.0,29904.6
2437.47,0.0,40040.2,,,,,0.0,0.0,0.0,0.0,29904.6
2438.47,100.0,40044.2,,,,,100.0,100.0,100.0,100.0,29908.6
2439.47,0.0,40044.2,,,,,0.0,0.0,0.0,0.0,29908.6
2440.47,100.0,39901.6,,,,,100.0,100.0,100.0,100.0,29911.9
2441.47,0.0,39901.6,,,,,0.0,0.0,0.0,0.0,29911.9
2442.47,100.0,39756.8,,,,,100.0,100.0,100.0,100.0,29912.1
2443.47,0.0,39756.8,,,,,0.0,0.0,0.0,0.0,29912.1
2444.47,0.0,39756.8,,,,,0.0,0.0,0.0,0.0,29912.1
2445.47,100.0,39611.9,,,,,100.0,100.0,100.0,100.0,29912.1
2446.47,0.0,39611.9,,,,,0.0,0.0,0.0,0.0,29912.1
2447.47,100.0,39462.9,,,,,100.0,100.0,100.0,100.0,29912.3
2448.47,0.0,39607.5,,,,,0.0,0.0,0.0,0.0,29864.9
2449.47,0.0,39896.2,,,,,0.0,0.0,0.0,0.0,29903.4
2450.47,100.0,39896.2,,,,,100.0,100.0,100.0,100.0,29895.7
2451.47,0.0,40040.2,,,,,0.0,0.0,0.0,0.0,29903.9
2452.47,0.0,40040.2,,,,,0.0,0.0,0.0,0.0,29903.9
2453.47,100.0,40040.2,,,,,100.0,100.0,100.0,100.0,29903.7
2454.47,0.0,40040.2,,,,,0.0,0.0,0.0,0.0,29903.7
2455.47,100.0,40040.2,,,,,100.0,100.0,100.0,100.0,29905.0
2456.47,0.0,40040.2,,,,,0.0,0.0,0.0,0.0,29905.0
2457.47,100.0,40044.2,,,,,100.0,100.0,100.0,100.0,29907.1
2458.47,0.0,40044.2,,,,,0.0,0.0,0.0,0.0,29908.9
2459.47,0.0,40044.2,,,,,0.0,0.0,0.0,0.0,29908.9
2460.47,100.0,39901.6,,,,,100.0,100.0,100.0,100.0,29912.3
2461.47,0.0,39901.6,,,,,0.0,0.0,0.0,0.0,29912.3
2462.47,100.0,39756.8,,,,,100.0,100.0,100.0,100.0,29912.4
2463.47,0.0,39756.8,,,,,0.0,0.0,0.0,0.0,29912.4
2464.47,0.0,39756.8,,,,,0.0,0.0,0.0,0.0,29912.4
2465.47,100.0,39611.9,,,,,100.0,100.0,100.0,100.0,29912.4
2466.47,0.0,39611.9,,,,,0.0,0.0,0.0,0.0,29912.4
2467.47,100.0,39462.9,,,,,100.0,100.0,100.0,100.0,29876.3
2468.48,0.0,39607.5,,,,,0.0,0.0,0.0,0.0,29895.2
2469.48,0.0,39896.2,,,,,0.0,0.0,0.0,0.0,29904.5
2470.48,100.0,40004.2,,,,,100.0,100.0,100.0,100.0,29882.9
2471.48,0.0,40040.2,,,,,0.0,0.0,0.0,0.0,29904.5
2472.48,100.0,40040.2,,,,,100.0,100.0,100.0,100.0,29905.1
2473.48,0.0,40040.2,,,,,0.0,0.0,0.0,0.0,29904.2
2474.48,0.0,40040.2,,,,,0.0,0.0,0.0,0.0,29904.2
2475.48,100.0,40040.2,,,,,100.0,100.0,100.0,100.0,29905.6
2476.48,0.0,40040.2,,,,,0.0,0.0,0.0,0.0,29905.6
2477.48,100.0,40044.2,,,,,100.0,100.0,100.0,100.0,29909.6
2478.48,0.0,40044.2,,,,,0.0,0.0,0.0,0.0,29909.6
2479.48,0.0,40044.2,,,,,0.0,0.0,0.0,0.0,29909.6
2480.48,100.0,39901.6,,,,,100.0,100.0,100.0,100.0,29913.1
2481.48,0.0,39901.6,,,,,0.0,0.0,0.0,0.0,29913.1
2482.48,100.0,39756.8,,,,,100.0,100.0,100.0,100.0,29913.3
2483.48,0.0,39756.8,,,,,0.0,0.0,0.0,0.0,29913.3
2484.48,0.0,39756.8,,,,,0.0,0.0,0.0,0.0,29913.3
2485.48,100.0,39611.9,,,,,100.0,100.0,100.0,100.0,29913.3
2486.48,0.0,39611.9,,,,,0.0,0.0,0.0,0.0,29913.3
2487.48,100.0,39427.1,,,,,100.0,100.0,100.0,100.0,29899.9
2488.48,0.0,39607.5,,,,,0.0,0.0,0.0,0.0,29889.1
2489.48,0.0,39896.2,,,,,0.0,0.0,0.0,0.0,29883.3
2490.48,100.0,40040.2,,,,,100.0,100.0,100.0,100.0,29895.2
2491.48,0.0,40040.2,,,,,0.0,0.0,0.0,0.0,29904.5
2492.48,100.0,40040.2,,,,,100.0,100.0,100.0,100.0,29870.8
2493.48,0.0,40040.2,,,,,0.0,0.0,0.0,0.0,29904.8
2494.48,0.0,40040.2,,,,,0.0,0.0,0.0,0.0,29904.8
2495.48,100.0,40040.2,,,,,100.0,100.0,100.0,100.0,29906.2
2496.48,0.0,40040.2,,,,,0.0,0.0,0.0,0.0,29906.2
2497.48,100.0,40044.2,,,,,100.0,100.0,100.0,100.0,29910.1
2498.48,0.0,40044.2,,,,,0.0,0.0,0.0,0.0,29910.1
2499.48,0.0,40044.2,,,,,0.0,0.0,0.0,0.0,29910.1
2500.48,100.0,39901.6,,,,,100.0,100.0,100.0,100.0,29913.4
2501.48,0.0,39901.6,,,,,0.0,0.0,0.0,0.0,29913.4
2502.48,100.0,39756.8,,,,,100.0,100.0,100.0,100.0,29913.5
2503.48,0.0,39756.8,,,,,0.0,0.0,0.0,0.0,29913.5
2504.48,100.0,39611.9,,,,,100.0,100.0,100.0,100.0,29913.6
2505.48,0.0,39611.9,,,,,0.0,0.0,0.0,0.0,29913.6
2506.48,0.0,39611.9,,,,,0.0,0.0,0.0,0.0,29913.6
2507.48,100.0,39463.2,,,,,100.0,100.0,100.0,100.0,29901.8
2508.48,0.0,39751.9,,,,,0.0,0.0,0.0,0.0,29903.4
2509.48,0.0,39968.2,,,,,0.0,0.0,0.0,0.0,29899.8
2510.48,100.0,40040.2,,,,,100.0,100.0,100.0,100.0,29890.8
2511.48,0.0,40040.2,,,,,0.0,0.0,0.0,0.0,29905.4
2512.48,100.0,40040.2,,,,,100.0,100.0,100.0,100.0,29906.8
2513.48,0.0,40040.2,,,,,0.0,0.0,0.0,0.0,29905.3
2514.48,0.0,40040.2,,,,,0.0,0.0,0.0,0.0,29905.3
2515.48,100.0,40040.2,,,,,100.0,100.0,100.0,100.0,29906.6
2516.48,0.0,40040.2,,,,,0.0,0.0,0.0,0.0,29906.6
2517.48,100.0,40044.2,,,,,100.0,100.0,100.0,100.0,29910.4
2518.48,0.0,40044.2,,,,,0.0,0.0,0.0,0.0,29910.4
2519.49,100.0,39901.6,,,,,100.0,100.0,100.0,100.0,29913.7
2520.49,0.0,39901.6,,,,,0.0,0.0,0.0,0.0,29913.7
2521.49,0.0,39901.6,,,,,0.0,0.0,0.0,0.0,29913.7
2522.49,100.0,39756.8,,,,,100.0,100.0,100.0,100.0,29913.9
2523.49,0.0,39756.8,,,,,0.0,0.0,0.0,0.0,29913.9
2524.49,100.0,39611.9,,,,,100.0,100.0,100.0,100.0,29913.9
2525.49,0.0,39611.9,,,,,0.0,0.0,0.0,0.0,29913.9
2526.49,0.0,39611.9,,,,,0.0,0.0,0.0,0.0,29913.9
2527.49,100.0,39463.2,,,,,100.0,100.0,100.0,100.0,29876.9
2528.49,0.0,39751.9,,,,,0.0,0.0,0.0,0.0,29873.5
2529.49,0.0,40040.2,,,,,0.0,0.0,0.0,0.0,29899.3
2530.49,100.0,40040.2,,,,,100.0,100.0,100.0,100.0,29897.6
2531.49,0.0,40040.2,,,,,0.0,0.0,0.0,0.0,29905.8
2532.49,100.0,40040.2,,,,,100.0,100.0,100.0,100.0,29888.6
2533.49,0.0,40040.2,,,,,0.0,0.0,0.0,0.0,29905.6
2534.49,100.0,40040.2,,,,,100.0,100.0,100.0,100.0,29906.4
2535.49,0.0,40040.2,,,,,0.0,0.0,0.0,0.0,29907.0
2536.49,0.0,40040.2,,,,,0.0,0.0,0.0,0.0,29907.0
2537.49,100.0,40044.2,,,,,100.0,100.0,100.0,100.0,29910.8
2538.49,0.0,40044.2,,,,,0.0,0.0,0.0,0.0,29910.8
2539.49,100.0,39901.6,,,,,100.0,100.0,100.0,100.0,29914.4
2540.49,0.0,39901.6,,,,,0.0,0.0,0.0,0.0,29914.4
2541.49,0.0,39901.6,,,,,0.0,0.0,0.0,0.0,29914.4
2542.49,100.0,39756.8,,,,,100.0,100.0,100.0,100.0,29914.5
2543.49,0.0,39756.8,,,,,0.0,0.0,0.0,0.0,29914.5
2544.49,100.0,39611.9,,,,,100.0,100.0,100.0,100.0,29914.5
2545.49,0.0,39611.9,,,,,0.0,0.0,0.0,0.0,29914.5
2546.49,0.0,39611.9,,,,,0.0,0.0,0.0,0.0,29914.5
2547.49,100.0,39463.2,,,,,100.0,100.0,100.0,100.0,29884.3
2548.49,0.0,39751.9,,,,,0.0,0.0,0.0,0.0,29894.8
2549.49,100.0,39896.2,,,,,100.0,100.0,100.0,100.0,29881.9
2550.49,0.0,40040.2,,,,,0.0,0.0,0.0,0.0,29906.1
2551.49,0.0,40040.2,,,,,0.0,0.0,0.0,0.0,29906.1
2552.49,100.0,40040.2,,,,,100.0,100.0,100.0,100.0,29906.1
2553.49,0.0,40040.2,,,,,0.0,0.0,0.0,0.0,29906.1
2554.49,100.0,40040.2,,,,,100.0,100.0,100.0,100.0,29907.3
2555.49,0.0,40040.2,,,,,0.0,0.0,0.0,0.0,29907.3
2556.49,0.0,40040.2,,,,,0.0,0.0,0.0,0.0,29907.3
2557.49,100.0,40044.2,,,,,100.0,100.0,100.0,100.0,29911.2
2558.49,0.0,40044.2,,,,,0.0,0.0,0.0,0.0,29911.2
2559.49,100.0,39901.6,,,,,100.0,100.0,100.0,100.0,29914.8
2560.49,0.0,39901.6,,,,,0.0,0.0,0.0,0.0,29914.8
2561.49,0.0,39901.6,,,,,0.0,0.0,0.0,0.0,29914.8
2562.49,100.0,39756.8,,,,,100.0,100.0,100.0,100.0,29915.0
2563.49,0.0,39756.8,,,,,0.0,0.0,0.0,0.0,29915.0
2564.49,100.0,39611.9,,,,,100.0,100.0,100.0,100.0,29915.0
2565.49,0.0,39611.9,,,,,0.0,0.0,0.0,0.0,29915.0
2566.49,100.0,39462.9,,,,,100.0,100.0,100.0,100.0,29915.3
2567.49,0.0,39607.5,,,,,0.0,0.0,0.0,0.0,29904.0
2568.49,0.0,39824.1,,,,,0.0,0.0,0.0,0.0,29898.0
2569.49,100.0,39896.2,,,,,100.0,100.0,100.0,100.0,29894.5
2570.5,0.0,40040.2,,,,,0.0,0.0,0.0,0.0,29906.8
2571.5,0.0,40040.2,,,,,0.0,0.0,0.0,0.0,29906.8
2572.5,100.0,40040.2,,,,,100.0,100.0,100.0,100.0,29906.9
2573.5,0.0,40040.2,,,,,0.0,0.0,0.0,0.0,29906.9
2574.5,100.0,40040.2,,,,,100.0,100.0,100.0,100.0,29908.3
2575.5,0.0,40040.2,,,,,0.0,0.0,0.0,0.0,29908.3
2576.5,0.0,40040.2,,,,,0.0,0.0,0.0,0.0,29908.3
2577.5,100.0,40044.2,,,,,100.0,100.0,100.0,100.0,29912.2
2578.5,0.0,40044.2,,,,,0.0,0.0,0.0,0.0,29912.2
2579.5,100.0,39901.6,,,,,100.0,100.0,100.0,100.0,29915.6
2580.5,0.0,39901.6,,,,,0.0,0.0,0.0,0.0,29915.6
2581.5,100.0,39756.8,,,,,100.0,100.0,100.0,100.0,29915.9
2582.5,0.0,39756.8,,,,,0.0,0.0,0.0,0.0,29915.9
2583.5,0.0,39756.8,,,,,0.0,0.0,0.0,0.0,29915.9
2584.5,100.0,39611.9,,,,,100.0,100.0,100.0,100.0,29915.9
2585.5,0.0,39611.9,,,,,0.0,0.0,0.0,0.0,29915.9
2586.5,100.0,39462.9,,,,,100.0,100.0,100.0,100.0,29878.8
2587.5,0.0,39607.5,,,,,0.0,0.0,0.0,0.0,29883.2
2588.5,0.0,39896.2,,,,,0.0,0.0,0.0,0.0,29907.6
2589.5,100.0,40004.2,,,,,100.0,100.0,100.0,100.0,29906.2
2590.5,0.0,40040.2,,,,,0.0,0.0,0.0,0.0,29907.3
2591.5,0.0,40040.2,,,,,0.0,0.0,0.0,0.0,29907.3
2592.5,100.0,40040.2,,,,,100.0,100.0,100.0,100.0,29907.2
2593.5,0.0,40040.2,,,,,0.0,0.0,0.0,0.0,29907.2
2594.5,100.0,40040.2,,,,,100.0,100.0,100.0,100.0,29908.6
2595.5,0.0,40040.2,,,,,0.0,0.0,0.0,0.0,29908.6
2596.5,100.0,40044.2,,,,,100.0,100.0,100.0,100.0,29912.3
2597.5,0.0,40044.2,,,,,0.0,0.0,0.0,0.0,29912.3
2598.5,0.0,40044.2,,,,,0.0,0.0,0.0,0.0,29912.3
2599.5,100.0,39901.6,,,,,100.0,100.0,100.0,100.0,29915.7
2600.5,0.0,39901.6,,,,,0.0,0.0,0.0,0.0,29915.7
2601.5,100.0,39756.8,,,,,100.0,100.0,100.0,100.0,29915.9
2602.5,0.0,39756.8,,,,,0.0,0.0,0.0,0.0,29915.9
2603.5,0.0,39756.8,,,,,0.0,0.0,0.0,0.0,29915.9
2604.5,100.0,39611.9,,,,,100.0,100.0,100.0,100.0,29916.0
2605.5,0.0,39611.9,,,,,0.0,0.0,0.0,0.0,29916.0
2606.5,100.0,39426.9,,,,,100.0,100.0,100.0,100.0,29894.8
2607.5,0.0,39607.5,,,,,0.0,0.0,0.0,0.0,29887.8
2608.5,0.0,39896.2,,,,,0.0,0.0,0.0,0.0,29885.3
2609.5,100.0,40040.2,,,,,100.0,100.0,100.0,100.0,29902.3
2610.5,0.0,40040.2,,,,,0.0,0.0,0.0,0.0,29907.5
2611.5,100.0,40040.2,,,,,100.0,100.0,100.0,100.0,29872.1
2612.5,0.0,40040.2,,,,,0.0,0.0,0.0,0.0,29907.5
2613.5,0.0,40040.2,,,,,0.0,0.0,0.0,0.0,29907.5
2614.5,100.0,40040.2,,,,,100.0,100.0,100.0,100.0,29908.6
2615.5,0.0,40040.2,,,,,0.0,0.0,0.0,0.0,29908.6
2616.5,100.0,40044.2,,,,,100.0,100.0,100.0,100.0,29912.6
2617.5,0.0,40044.2,,,,,0.0,0.0,0.0,0.0,29912.6
2618.51,0.0,40044.2,,,,,0.0,0.0,0.0,0.0,29912.6
2619.51,100.0,39901.6,,,,,100.0,100.0,100.0,100.0,29916.2
2620.51,0.0,39901.6,,,,,0.0,0.0,0.0,0.0,29916.2
2621.51,100.0,39756.8,,,,,100.0,100.0,100.0,100.0,29916.5
2622.51,0.0,39756.8,,,,,0.0,0.0,0.0,0.0,29916.5
2623.51,100.0,39611.9,,,,,100.0,100.0,100.0,100.0,29916.5
2624.51,0.0,39611.9,,,,,0.0,0.0,0.0,0.0,29916.5
2625.51,0.0,39611.9,,,,,0.0,0.0,0.0,0.0,29916.5
2626.51,100.0,39463.2,,,,,100.0,100.0,100.0,100.0,29871.1
2627.51,0.0,39751.9,,,,,0.0,0.0,0.0,0.0,29906.5
2628.51,0.0,39896.2,,,,,0.0,0.0,0.0,0.0,29892.2
2629.51,100.0,40040.2,,,,,100.0,100.0,100.0,100.0,29888.5
2630.51,0.0,40040.2,,,,,0.0,0.0,0.0,0.0,29907.9
2631.51,100.0,40040.2,,,,,100.0,100.0,100.0,100.0,29909.4
2632.51,0.0,40040.2,,,,,0.0,0.0,0.0,0.0,29908.1
2633.51,0.0,40040.2,,,,,0.0,0.0,0.0,0.0,29908.1
2634.51,100.0,40040.2,,,,,100.0,100.0,100.0,100.0,29909.3
2635.51,0.0,40040.2,,,,,0.0,0.0,0.0,0.0,29909.3
2636.51,100.0,40044.2,,,,,100.0,100.0,100.0,100.0,29913.2
2637.51,0.0,40044.2,,,,,0.0,0.0,0.0,0.0,29913.2
2638.51,100.0,39900.9,,,,,100.0,100.0,100.0,100.0,29916.7
2639.51,0.0,39901.6,,,,,0.0,0.0,0.0,0.0,29916.8
2640.51,0.0,39901.6,,,,,0.0,0.0,0.0,0.0,29916.8
2641.51,100.0,39756.8,,,,,100.0,100.0,100.0,100.0,29917.0
2642.51,0.0,39756.8,,,,,0.0,0.0,0.0,0.0,29917.0
2643.51,100.0,39611.9,,,,,100.0,100.0,100.0,100.0,29917.0
2644.51,0.0,39611.9,,,,,0.0,0.0,0.0,0.0,29917.0
2645.51,0.0,39611.9,,,,,0.0,0.0,0.0,0.0,29917.0
2646.51,100.0,39463.2,,,,,100.0,100.0,100.0,100.0,29905.5
2647.51,0.0,39751.9,,,,,0.0,0.0,0.0,0.0,29875.3
2648.51,0.0,40040.2,,,,,0.0,0.0,0.0,0.0,29891.6
2649.51,100.0,40040.2,,,,,100.0,100.0,100.0,100.0,29901.0
2650.51,0.0,40040.2,,,,,0.0,0.0,0.0,0.0,29908.5
2651.51,100.0,40040.2,,,,,100.0,100.0,100.0,100.0,29893.4
2652.51,0.0,40040.2,,,,,0.0,0.0,0.0,0.0,29908.7
2653.51,100.0,40040.2,,,,,100.0,100.0,100.0,100.0,29909.3
2654.51,0.0,40040.2,,,,,0.0,0.0,0.0,0.0,29909.9
2655.51,0.0,40040.2,,,,,0.0,0.0,0.0,0.0,29909.9
2656.51,100.0,40044.2,,,,,100.0,100.0,100.0,100.0,29913.7
2657.51,0.0,40044.2,,,,,0.0,0.0,0.0,0.0,29913.7
2658.51,100.0,39901.6,,,,,100.0,100.0,100.0,100.0,29917.3
2659.51,0.0,39901.6,,,,,0.0,0.0,0.0,0.0,29917.3
2660.51,0.0,39901.6,,,,,0.0,0.0,0.0,0.0,29917.3
2661.51,100.0,39756.8,,,,,100.0,100.0,100.0,100.0,29917.5
2662.51,0.0,39756.8,,,,,0.0,0.0,0.0,0.0,29917.5
2663.51,100.0,39611.9,,,,,100.0,100.0,100.0,100.0,29917.5
2664.51,0.0,39611.9,,,,,0.0,0.0,0.0,0.0,29917.5
2665.51,0.0,39611.9,,,,,0.0,0.0,0.0,0.0,29917.5
2666.51,100.0,39463.2,,,,,100.0,100.0,100.0,100.0,29889.8
2667.51,0.0,39751.9,,,,,0.0,0.0,0.0,0.0,29896.0
2668.51,100.0,39896.2,,,,,100.0,100.0,100.0,100.0,29910.2
2669.52,0.0,40040.2,,,,,0.0,0.0,0.0,0.0,29909.8
2670.52,0.0,40040.2,,,,,0.0,0.0,0.0,0.0,29909.8
2671.52,100.0,40040.2,,,,,100.0,100.0,100.0,100.0,29908.9
2672.52,0.0,40040.2,,,,,0.0,0.0,0.0,0.0,29908.9
2673.52,100.0,40040.2,,,,,100.0,100.0,100.0,100.0,29910.1
2674.52,0.0,40040.2,,,,,0.0,0.0,0.0,0.0,29910.1
2675.52,0.0,40040.2,,,,,0.0,0.0,0.0,0.0,29910.1
2676.52,100.0,40044.2,,,,,100.0,100.0,100.0,100.0,29914.0
2677.52,0.0,40044.2,,,,,0.0,0.0,0.0,0.0,29914.0
2678.52,100.0,39901.6,,,,,100.0,100.0,100.0,100.0,29917.6
2679.52,0.0,39901.6,,,,,0.0,0.0,0.0,0.0,29917.6
2680.52,0.0,39901.6,,,,,0.0,0.0,0.0,0.0,29917.6
2681.52,100.0,39756.8,,,,,100.0,100.0,100.0,100.0,29917.8
2682.52,0.0,39756.8,,,,,0.0,0.0,0.0,0.0,29917.8
2683.52,100.0,39611.9,,,,,100.0,100.0,100.0,100.0,29917.8
2684.52,0.0,39611.9,,,,,0.0,0.0,0.0,0.0,29917.8
2685.52,100.0,39462.9,,,,,100.0,100.0,100.0,100.0,29918.1
2686.52,0.0,39607.5,,,,,0.0,0.0,0.0,0.0,29906.9
2687.52,0.0,39788.0,,,,,0.0,0.0,0.0,0.0,29903.1
2688.52,100.0,39932.2,,,,,100.0,100.0,100.0,100.0,29897.2
2689.52,0.0,40040.2,,,,,0.0,0.0,0.0,0.0,29909.9
2690.52,0.0,40040.2,,,,,0.0,0.0,0.0,0.0,29909.9
2691.52,100.0,40040.2,,,,,100.0,100.0,100.0,100.0,29909.9
2692.52,0.0,40040.2,,,,,0.0,0.0,0.0,0.0,29909.9
2693.52,100.0,40040.2,,,,,100.0,100.0,100.0,100.0,29911.3
2694.52,0.0,40040.2,,,,,0.0,0.0,0.0,0.0,29911.3
2695.52,0.0,40040.2,,,,,0.0,0.0,0.0,0.0,29911.3
2696.52,100.0,40044.2,,,,,100.0,100.0,100.0,100.0,29915.1
2697.52,0.0,40044.2,,,,,0.0,0.0,0.0,0.0,29915.1
2698.52,100.0,39901.6,,,,,100.0,100.0,100.0,100.0,29918.3
2699.52,0.0,39901.6,,,,,0.0,0.0,0.0,0.0,29918.3
2700.52,100.0,39756.8,,,,,100.0,100.0,100.0,100.0,29918.5
2701.52,0.0,39756.8,,,,,0.0,0.0,0.0,0.0,29918.5
2702.52,0.0,39756.8,,,,,0.0,0.0,0.0,0.0,29918.5
2703.52,100.0,39611.9,,,,,100.0,100.0,100.0,100.0,29918.5
2704.52,0.0,39611.9,,,,,0.0,0.0,0.0,0.0,29918.5
2705.52,100.0,39462.9,,,,,100.0,100.0,100.0,100.0,29881.1
2706.52,0.0,39607.5,,,,,0.0,0.0,0.0,0.0,29883.4
2707.52,0.0,39896.2,,,,,0.0,0.0,0.0,0.0,29910.5
2708.52,100.0,40004.2,,,,,100.0,100.0,100.0,100.0,29909.0
2709.52,0.0,40040.2,,,,,0.0,0.0,0.0,0.0,29910.0
2710.52,0.0,40040.2,,,,,0.0,0.0,0.0,0.0,29910.0
2711.52,100.0,40040.2,,,,,100.0,100.0,100.0,100.0,29910.0
2712.52,0.0,40040.2,,,,,0.0,0.0,0.0,0.0,29910.0
2713.52,100.0,40040.2,,,,,100.0,100.0,100.0,100.0,29911.2
2714.52,0.0,40040.2,,,,,0.0,0.0,0.0,0.0,29911.2
2715.52,100.0,40044.2,,,,,100.0,100.0,100.0,100.0,29915.1
2716.52,0.0,40044.2,,,,,0.0,0.0,0.0,0.0,29915.1
2717.52,0.0,40044.2,,,,,0.0,0.0,0.0,0.0,29915.1
2718.52,100.0,39901.6,,,,,100.0,100.0,100.0,100.0,29918.6
2719.52,0.0,39901.6,,,,,0.0,0.0,0.0,0.0,29918.6
2720.52,100.0,39756.8,,,,,100.0,100.0,100.0,100.0,29918.8
2721.53,0.0,39756.8,,,,,0.0,0.0,0.0,0.0,29918.8
2722.53,0.0,39756.8,,,,,0.0,0.0,0.0,0.0,29918.8
2723.53,100.0,39611.9,,,,,100.0,100.0,100.0,100.0,29918.8
2724.53,0.0,39611.9,,,,,0.0,0.0,0.0,0.0,29918.8
2725.53,100.0,39462.9,,,,,100.0,100.0,100.0,100.0,29894.4
2726.53,0.0,39607.5,,,,,0.0,0.0,0.0,0.0,29886.2
2727.53,0.0,39896.2,,,,,0.0,0.0,0.0,0.0,29884.0
2728.53,100.0,40040.2,,,,,100.0,100.0,100.0,100.0,29888.1
2729.53,0.0,40040.2,,,,,0.0,0.0,0.0,0.0,29910.3
2730.53,100.0,40040.2,,,,,100.0,100.0,100.0,100.0,29911.4
2731.53,0.0,40040.2,,,,,0.0,0.0,0.0,0.0,29910.5
2732.53,0.0,40040.2,,,,,0.0,0.0,0.0,0.0,29910.5
2733.53,100.0,40040.2,,,,,100.0,100.0,100.0,100.0,29911.9
2734.53,0.0,40040.2,,,,,0.0,0.0,0.0,0.0,29911.9
2735.53,100.0,40044.2,,,,,100.0,100.0,100.0,100.0,29915.8
2736.53,0.0,40044.2,,,,,0.0,0.0,0.0,0.0,29915.8
2737.53,0.0,40044.2,,,,,0.0,0.0,0.0,0.0,29915.8
2738.53,100.0,39901.6,,,,,100.0,100.0,100.0,100.0,29919.4
2739.53,0.0,39901.6,,,,,0.0,0.0,0.0,0.0,29919.4
2740.53,100.0,39756.8,,,,,100.0,100.0,100.0,100.0,29919.7
2741.53,0.0,39756.8,,,,,0.0,0.0,0.0,0.0,29919.7
2742.53,100.0,39611.9,,,,,100.0,100.0,100.0,100.0,29919.7
2743.53,0.0,39611.9,,,,,0.0,0.0,0.0,0.0,29919.7
2744.53,0.0,39611.9,,,,,0.0,0.0,0.0,0.0,29919.7
2745.53,100.0,39463.2,,,,,100.0,100.0,100.0,100.0,29868.9
2746.53,0.0,39715.8,,,,,0.0,0.0,0.0,0.0,29908.0
2747.53,0.0,39896.2,,,,,0.0,0.0,0.0,0.0,29899.7
2748.53,100.0,40040.2,,,,,100.0,100.0,100.0,100.0,29892.4
2749.53,0.0,40040.2,,,,,0.0,0.0,0.0,0.0,29910.9
2750.53,100.0,40040.2,,,,,100.0,100.0,100.0,100.0,29884.6
2751.53,0.0,40040.2,,,,,0.0,0.0,0.0,0.0,29910.8
2752.53,0.0,40040.2,,,,,0.0,0.0,0.0,0.0,29910.8
2753.53,100.0,40040.2,,,,,100.0,100.0,100.0,100.0,29912.0
2754.53,0.0,40040.2,,,,,0.0,0.0,0.0,0.0,29912.0
2755.53,100.0,40044.2,,,,,100.0,100.0,100.0,100.0,29915.8
2756.53,0.0,40044.2,,,,,0.0,0.0,0.0,0.0,29915.8
2757.53,100.0,39901.9,,,,,100.0,100.0,100.0,100.0,29919.5
2758.53,0.0,39901.6,,,,,0.0,0.0,0.0,0.0,29919.5
2759.53,0.0,39901.6,,,,,0.0,0.0,0.0,0.0,29919.5
2760.53,100.0,39756.8,,,,,100.0,100.0,100.0,100.0,29919.8
2761.53,0.0,39756.8,,,,,0.0,0.0,0.0,0.0,29919.8
2762.53,100.0,39611.9,,,,,100.0,100.0,100.0,100.0,29919.8
2763.53,0.0,39611.9,,,,,0.0,0.0,0.0,0.0,29919.8
2764.53,0.0,39611.9,,,,,0.0,0.0,0.0,0.0,29919.8
2765.53,100.0,39463.2,,,,,100.0,100.0,100.0,100.0,29887.3
2766.53,0.0,39751.9,,,,,0.0,0.0,0.0,0.0,29909.9
2767.53,0.0,40040.2,,,,,0.0,0.0,0.0,0.0,29878.4
2768.53,100.0,40040.2,,,,,100.0,100.0,100.0,100.0,29907.8
2769.53,0.0,40040.2,,,,,0.0,0.0,0.0,0.0,29911.3
2770.53,100.0,40040.2,,,,,100.0,100.0,100.0,100.0,29894.6
2771.54,0.0,40040.2,,,,,0.0,0.0,0.0,0.0,29911.2
2772.54,100.0,40040.2,,,,,100.0,100.0,100.0,100.0,29911.9
2773.54,0.0,40040.2,,,,,0.0,0.0,0.0,0.0,29912.6
2774.54,0.0,40040.2,,,,,0.0,0.0,0.0,0.0,29912.6
2775.54,100.0,40044.2,,,,,100.0,100.0,100.0,100.0,29916.5
2776.54,0.0,40044.2,,,,,0.0,0.0,0.0,0.0,29916.5
2777.54,100.0,39901.6,,,,,100.0,100.0,100.0,100.0,29920.1
2778.54,0.0,39901.6,,,,,0.0,0.0,0.0,0.0,29920.1
2779.54,0.0,39901.6,,,,,0.0,0.0,0.0,0.0,29920.1
2780.54,100.0,39756.8,,,,,100.0,100.0,100.0,100.0,29920.4
2781.54,0.0,39756.8,,,,,0.0,0.0,0.0,0.0,29920.4
2782.54,100.0,39611.9,,,,,100.0,100.0,100.0,100.0,29920.4
2783.54,0.0,39611.9,,,,,0.0,0.0,0.0,0.0,29920.4
2784.54,0.0,39611.9,,,,,0.0,0.0,0.0,0.0,29920.4
2785.54,100.0,39463.2,,,,,100.0,100.0,100.0,100.0,29890.6
2786.54,0.0,39751.9,,,,,0.0,0.0,0.0,0.0,29886.1
2787.54,100.0,39896.2,,,,,100.0,100.0,100.0,100.0,29900.6
2788.54,0.0,40040.2,,,,,0.0,0.0,0.0,0.0,29912.0
2789.54,0.0,40040.2,,,,,0.0,0.0,0.0,0.0,29912.0
2790.54,0.0,40040.2,,,,,0.0,0.0,0.0,0.0,29911.9
2791.54,0.0,40040.2,,,,,0.0,0.0,0.0,0.0,29911.9
2792.54,0.0,40040.2,,,,,0.0,0.0,0.0,0.0,29913.1
2793.54,0.0,40040.2,,,,,0.0,0.0,0.0,0.0,29913.1
2794.54,100.0,40044.2,,,,,100.0,100.0,100.0,100.0,29917.0
2795.54,0.0,40044.2,,,,,0.0,0.0,0.0,0.0,29917.0
2796.54,100.0,39901.6,,,,,100.0,100.0,100.0,100.0,29920.6
2797.54,0.0,39901.6,,,,,0.0,0.0,0.0,0.0,29920.6
2798.54,0.0,39901.6,,,,,0.0,0.0,0.0,0.0,29920.6
2799.54,100.0,39756.8,,,,,100.0,100.0,100.0,100.0,29920.9
2800.54,0.0,39756.8,,,,,0.0,0.0,0.0,0.0,29920.9
2801.54,100.0,39611.9,,,,,100.0,100.0,100.0,100.0,29920.9
2802.54,0.0,39611.9,,,,,0.0,0.0,0.0,0.0,29920.9
2803.54,100.0,39462.9,,,,,100.0,100.0,100.0,100.0,29921.1
2804.54,0.0,39607.5,,,,,0.0,0.0,0.0,0.0,29909.4
2805.54,0.0,39788.0,,,,,0.0,0.0,0.0,0.0,29905.5
2806.54,100.0,39896.2,,,,,100.0,100.0,100.0,100.0,29896.0
2807.54,0.0,40040.2,,,,,0.0,0.0,0.0,0.0,29912.5
2808.54,0.0,40040.2,,,,,0.0,0.0,0.0,0.0,29912.5
2809.54,100.0,40040.2,,,,,100.0,100.0,100.0,100.0,29912.5
2810.54,0.0,40040.2,,,,,0.0,0.0,0.0,0.0,29912.5
2811.54,100.0,40040.2,,,,,100.0,100.0,100.0,100.0,29913.7
2812.54,0.0,40040.2,,,,,0.0,0.0,0.0,0.0,29913.7
2813.54,0.0,40040.2,,,,,0.0,0.0,0.0,0.0,29913.7
2814.54,100.0,40044.2,,,,,100.0,100.0,100.0,100.0,29917.6
2815.54,0.0,40044.2,,,,,0.0,0.0,0.0,0.0,29917.6
2816.54,100.0,39901.6,,,,,100.0,100.0,100.0,100.0,29921.1
2817.54,0.0,39901.6,,,,,0.0,0.0,0.0,0.0,29921.1
2818.54,100.0,39756.8,,,,,100.0,100.0,100.0,100.0,29921.3
2819.54,0.0,39756.8,,,,,0.0,0.0,0.0,0.0,29921.3
2820.54,0.0,39756.8,,,,,0.0,0.0,0.0,0.0,29921.3
2821.54,100.0,39611.9,,,,,100.0,100.0,100.0,100.0,29921.3
2822.54,0.0,39611.9,,,,,0.0,0.0,0.0,0.0,29921.3
2823.54,100.0,39462.9,,,,,100.0,100.0,100.0,100.0,29882.7
2824.54,0.0,39607.5,,,,,0.0,0.0,0.0,0.0,29879.0
2825.55,0.0,39896.2,,,,,0.0,0.0,0.0,0.0,29904.0
2826.55,100.0,39968.2,,,,,100.0,100.0,100.0,100.0,29909.9
2827.55,0.0,40040.2,,,,,0.0,0.0,0.0,0.0,29913.1
2828.55,0.0,40040.2,,,,,0.0,0.0,0.0,0.0,29913.1
2829.55,100.0,40040.2,,,,,100.0,100.0,100.0,100.0,29913.3
2830.55,0.0,40040.2,,,,,0.0,0.0,0.0,0.0,29913.3
2831.55,100.0,40040.2,,,,,100.0,100.0,100.0,100.0,29914.4
2832.55,0.0,40040.2,,,,,0.0,0.0,0.0,0.0,29914.4
2833.55,100.0,40044.2,,,,,100.0,100.0,100.0,100.0,29918.3
2834.55,0.0,40044.2,,,,,0.0,0.0,0.0,0.0,29918.3
2835.55,0.0,40044.2,,,,,0.0,0.0,0.0,0.0,29918.3
2836.55,100.0,39901.6,,,,,100.0,100.0,100.0,100.0,29922.0
2837.55,0.0,39901.6,,,,,0.0,0.0,0.0,0.0,29922.0
2838.55,100.0,39756.8,,,,,100.0,100.0,100.0,100.0,29922.1
2839.55,0.0,39756.8,,,,,0.0,0.0,0.0,0.0,29922.1
2840.55,0.0,39756.8,,,,,0.0,0.0,0.0,0.0,29922.1
2841.55,100.0,39611.9,,,,,100.0,100.0,100.0,100.0,29922.1
2842.55,0.0,39611.9,,,,,0.0,0.0,0.0,0.0,29922.1
2843.55,100.0,39462.9,,,,,100.0,100.0,100.0,100.0,29890.8
2844.55,0.0,39607.5,,,,,0.0,0.0,0.0,0.0,29893.2
2845.55,0.0,39896.2,,,,,0.0,0.0,0.0,0.0,29913.8
2846.55,100.0,40004.2,,,,,100.0,100.0,100.0,100.0,29890.4
2847.55,0.0,40040.2,,,,,0.0,0.0,0.0,0.0,29913.8
2848.55,100.0,40040.2,,,,,100.0,100.0,100.0,100.0,29914.9
2849.55,0.0,40040.2,,,,,0.0,0.0,0.0,0.0,29914.0
2850.55,0.0,40040.2,,,,,0.0,0.0,0.0,0.0,29914.0
2851.55,100.0,40040.2,,,,,100.0,100.0,100.0,100.0,29915.2
2852.55,0.0,40040.2,,,,,0.0,0.0,0.0,0.0,29915.2
2853.55,100.0,40044.2,,,,,100.0,100.0,100.0,100.0,29919.1
2854.55,0.0,40044.2,,,,,0.0,0.0,0.0,0.0,29919.1
2855.55,0.0,40044.2,,,,,0.0,0.0,0.0,0.0,29919.1
2856.55,100.0,39901.6,,,,,100.0,100.0,100.0,100.0,29922.9
2857.55,0.0,39901.6,,,,,0.0,0.0,0.0,0.0,29922.9
2858.55,100.0,39756.8,,,,,100.0,100.0,100.0,100.0,29923.1
2859.55,0.0,39756.8,,,,,0.0,0.0,0.0,0.0,29923.1
2860.55,100.0,39611.9,,,,,100.0,100.0,100.0,100.0,29923.1
2861.55,0.0,39611.9,,,,,0.0,0.0,0.0,0.0,29923.1
2862.55,0.0,39611.9,,,,,0.0,0.0,0.0,0.0,29923.1
2863.55,100.0,39463.2,,,,,100.0,100.0,100.0,100.0,29911.2
2864.55,0.0,39679.7,,,,,0.0,0.0,0.0,0.0,29898.7
2865.55,0.0,39896.2,,,,,0.0,0.0,0.0,0.0,29897.1
2866.55,100.0,40040.2,,,,,100.0,100.0,100.0,100.0,29906.1
2867.55,0.0,40040.2,,,,,0.0,0.0,0.0,0.0,29914.2
2868.55,100.0,40040.2,,,,,100.0,100.0,100.0,100.0,29886.8
2869.55,0.0,40040.2,,,,,0.0,0.0,0.0,0.0,29914.0
2870.55,0.0,40040.2,,,,,0.0,0.0,0.0,0.0,29914.0
2871.55,100.0,40040.2,,,,,100.0,100.0,100.0,100.0,29915.2
2872.55,0.0,40040.2,,,,,0.0,0.0,0.0,0.0,29915.2
2873.55,100.0,40044.2,,,,,100.0,100.0,100.0,100.0,29919.1
2874.55,0.0,40044.2,,,,,0.0,0.0,0.0,0.0,29919.1
2875.55,0.0,40044.2,,,,,0.0,0.0,0.0,0.0,29919.1
2876.55,100.0,39901.6,,,,,100.0,100.0,100.0,100.0,29923.1
2877.55,0.0,39901.6,,,,,0.0,0.0,0.0,0.0,29923.1
2878.55,100.0,39756.8,,,,,100.0,100.0,100.0,100.0,29923.3
2879.55,0.0,39756.8,,,,,0.0,0.0,0.0,0.0,29923.3
2880.55,100.0,39611.9,,,,,100.0,100.0,100.0,100.0,29923.4
2881.55,0.0,39611.9,,,,,0.0,0.0,0.0,0.0,29923.4
2882.55,0.0,39611.9,,,,,0.0,0.0,0.0,0.0,29923.4
2883.56,100.0,39463.2,,,,,100.0,100.0,100.0,100.0,29888.0
2884.56,0.0,39751.9,,,,,0.0,0.0,0.0,0.0,29913.1
2885.56,0.0,40004.2,,,,,0.0,0.0,0.0,0.0,29911.3
2886.56,100.0,40040.2,,,,,100.0,100.0,100.0,100.0,29902.9
2887.56,0.0,40040.2,,,,,0.0,0.0,0.0,0.0,29914.8
2888.56,100.0,40040.2,,,,,100.0,100.0,100.0,100.0,29905.5
2889.56,0.0,40040.2,,,,,0.0,0.0,0.0,0.0,29914.6
2890.56,0.0,40040.2,,,,,0.0,0.0,0.0,0.0,29914.6
2891.56,100.0,40040.2,,,,,100.0,100.0,100.0,100.0,29915.9
2892.56,0.0,40040.2,,,,,0.0,0.0,0.0,0.0,29915.9
2893.56,100.0,40044.2,,,,,100.0,100.0,100.0,100.0,29919.7
2894.56,0.0,40044.2,,,,,0.0,0.0,0.0,0.0,29919.7
2895.56,100.0,39901.6,,,,,100.0,100.0,100.0,100.0,29923.5
2896.56,0.0,39901.6,,,,,0.0,0.0,0.0,0.0,29923.5
2897.56,0.0,39901.6,,,,,0.0,0.0,0.0,0.0,29923.5
2898.56,100.0,39756.8,,,,,100.0,100.0,100.0,100.0,29923.7
2899.56,0.0,39756.8,,,,,0.0,0.0,0.0,0.0,29923.7
2900.56,100.0,39611.9,,,,,100.0,100.0,100.0,100.0,29923.7
2901.56,0.0,39611.9,,,,,0.0,0.0,0.0,0.0,29923.7
2902.56,0.0,39611.9,,,,,0.0,0.0,0.0,0.0,29923.7
2903.56,100.0,39463.2,,,,,100.0,100.0,100.0,100.0,29891.5
2904.56,0.0,39751.9,,,,,0.0,0.0,0.0,0.0,29889.9
2905.56,0.0,40040.2,,,,,0.0,0.0,0.0,0.0,29888.4
2906.56,100.0,40040.2,,,,,100.0,100.0,100.0,100.0,29915.1
2907.56,0.0,40040.2,,,,,0.0,0.0,0.0,0.0,29915.1
2908.56,100.0,40040.2,,,,,100.0,100.0,100.0,100.0,29915.4
2909.56,0.0,40040.2,,,,,0.0,0.0,0.0,0.0,29915.4
2910.56,100.0,40040.2,,,,,100.0,100.0,100.0,100.0,29916.6
2911.56,0.0,40040.2,,,,,0.0,0.0,0.0,0.0,29916.6
2912.56,0.0,40040.2,,,,,0.0,0.0,0.0,0.0,29916.6
2913.56,100.0,40044.2,,,,,100.0,100.0,100.0,100.0,29920.7
2914.56,0.0,40044.2,,,,,0.0,0.0,0.0,0.0,29920.7
2915.56,100.0,39901.6,,,,,100.0,100.0,100.0,100.0,29924.2
2916.56,0.0,39901.6,,,,,0.0,0.0,0.0,0.0,29924.2
2917.56,0.0,39901.6,,,,,0.0,0.0,0.0,0.0,29924.2
2918.56,100.0,39756.8,,,,,100.0,100.0,100.0,100.0,29924.3
2919.56,0.0,39756.8,,,,,0.0,0.0,0.0,0.0,29924.3
2920.56,100.0,39611.9,,,,,100.0,100.0,100.0,100.0,29924.3
2921.56,0.0,39611.9,,,,,0.0,0.0,0.0,0.0,29924.3
2922.56,100.0,39462.9,,,,,100.0,100.0,100.0,100.0,29871.6
2923.56,0.0,39607.5,,,,,0.0,0.0,0.0,0.0,29912.2
2924.56,0.0,39788.0,,,,,0.0,0.0,0.0,0.0,29905.7
2925.56,100.0,39896.2,,,,,100.0,100.0,100.0,100.0,29894.4
2926.56,0.0,40040.2,,,,,0.0,0.0,0.0,0.0,29915.6
2927.56,0.0,40040.2,,,,,0.0,0.0,0.0,0.0,29915.6
2928.56,100.0,40040.2,,,,,100.0,100.0,100.0,100.0,29915.7
2929.56,0.0,40040.2,,,,,0.0,0.0,0.0,0.0,29915.7
2930.56,100.0,40040.2,,,,,100.0,100.0,100.0,100.0,29916.9
2931.56,0.0,40040.2,,,,,0.0,0.0,0.0,0.0,29916.9
2932.56,0.0,40040.2,,,,,0.0,0.0,0.0,0.0,29916.9
2933.56,100.0,40044.2,,,,,100.0,100.0,100.0,100.0,29920.8
2934.56,0.0,40044.2,,,,,0.0,0.0,0.0,0.0,29920.8
2935.56,100.0,39901.6,,,,,100.0,100.0,100.0,100.0,29924.5
2936.56,0.0,39901.6,,,,,0.0,0.0,0.0,0.0,29924.5
2937.56,100.0,39756.8,,,,,100.0,100.0,100.0,100.0,29924.7
2938.56,0.0,39756.8,,,,,0.0,0.0,0.0,0.0,29924.7
2939.56,0.0,39756.8,,,,,0.0,0.0,0.0,0.0,29924.7
2940.56,100.0,39611.9,,,,,100.0,100.0,100.0,100.0,29924.7
2941.56,0.0,39611.9,,,,,0.0,0.0,0.0,0.0,29924.7
2942.56,100.0,39462.9,,,,,100.0,100.0,100.0,100.0,29925.0
2943.56,0.0,39607.5,,,,,0.0,0.0,0.0,0.0,29913.2
2944.57,0.0,39824.1,,,,,0.0,0.0,0.0,0.0,29904.0
2945.57,100.0,39932.2,,,,,100.0,100.0,100.0,100.0,29894.9
2946.57,0.0,40040.2,,,,,0.0,0.0,0.0,0.0,29916.0
2947.57,0.0,40040.2,,,,,0.0,0.0,0.0,0.0,29916.0
2948.57,100.0,40040.2,,,,,100.0,100.0,100.0,100.0,29916.3
2949.57,0.0,40040.2,,,,,0.0,0.0,0.0,0.0,29916.3
2950.57,100.0,40040.2,,,,,100.0,100.0,100.0,100.0,29917.6
2951.57,0.0,40040.2,,,,,0.0,0.0,0.0,0.0,29917.6
2952.57,100.0,40044.2,,,,,100.0,100.0,100.0,100.0,29921.6
2953.57,0.0,40044.2,,,,,0.0,0.0,0.0,0.0,29921.6
2954.57,0.0,40044.2,,,,,0.0,0.0,0.0,0.0,29921.6
2955.57,100.0,39901.6,,,,,100.0,100.0,100.0,100.0,29925.1
2956.57,0.0,39901.6,,,,,0.0,0.0,0.0,0.0,29925.1
2957.57,100.0,39756.8,,,,,100.0,100.0,100.0,100.0,29925.4
2958.57,0.0,39756.8,,,,,0.0,0.0,0.0,0.0,29925.4
2959.57,0.0,39756.8,,,,,0.0,0.0,0.0,0.0,29925.4
2960.57,100.0,39611.9,,,,,100.0,100.0,100.0,100.0,29925.4
2961.57,0.0,39611.9,,,,,0.0,0.0,0.0,0.0,29925.4
2962.57,100.0,39462.9,,,,,100.0,100.0,100.0,100.0,29894.5
2963.57,0.0,39607.5,,,,,0.0,0.0,0.0,0.0,29889.7
2964.57,0.0,39896.2,,,,,0.0,0.0,0.0,0.0,29905.4
2965.57,100.0,40040.2,,,,,100.0,100.0,100.0,100.0,29917.5
2966.57,0.0,40040.2,,,,,0.0,0.0,0.0,0.0,29916.8
2967.57,100.0,40040.2,,,,,100.0,100.0,100.0,100.0,29917.8
2968.57,0.0,40040.2,,,,,0.0,0.0,0.0,0.0,29916.5
2969.57,0.0,40040.2,,,,,0.0,0.0,0.0,0.0,29916.5
2970.57,100.0,40040.2,,,,,100.0,100.0,100.0,100.0,29917.8
2971.57,0.0,40040.2,,,,,0.0,0.0,0.0,0.0,29917.8
2972.57,100.0,40044.2,,,,,100.0,100.0,100.0,100.0,29921.7
2973.57,0.0,40044.2,,,,,0.0,0.0,0.0,0.0,29921.7
2974.57,0.0,40044.2,,,,,0.0,0.0,0.0,0.0,29921.7
2975.57,100.0,39901.6,,,,,100.0,100.0,100.0,100.0,29925.3
2976.57,0.0,39901.6,,,,,0.0,0.0,0.0,0.0,29925.3
2977.57,100.0,39756.8,,,,,100.0,100.0,100.0,100.0,29925.5
2978.57,0.0,39756.8,,,,,0.0,0.0,0.0,0.0,29925.5
2979.57,100.0,39611.9,,,,,100.0,100.0,100.0,100.0,29925.5
2980.57,0.0,39611.9,,,,,0.0,0.0,0.0,0.0,29925.5
2981.57,0.0,39611.9,,,,,0.0,0.0,0.0,0.0,29925.5
2982.57,100.0,39463.2,,,,,100.0,100.0,100.0,100.0,29914.0
2983.57,0.0,39679.7,,,,,0.0,0.0,0.0,0.0,29910.6
2984.57,0.0,39896.2,,,,,0.0,0.0,0.0,0.0,29901.0
2985.57,100.0,40040.2,,,,,100.0,100.0,100.0,100.0,29893.8
2986.57,0.0,40040.2,,,,,0.0,0.0,0.0,0.0,29917.1
2987.57,100.0,40040.2,,,,,100.0,100.0,100.0,100.0,29891.7
2988.57,0.0,40040.2,,,,,0.0,0.0,0.0,0.0,29917.0
2989.57,0.0,40040.2,,,,,0.0,0.0,0.0,0.0,29917.0
2990.57,100.0,40040.2,,,,,100.0,100.0,100.0,100.0,29918.2
2991.57,0.0,40040.2,,,,,0.0,0.0,0.0,0.0,29918.2
2992.57,100.0,40044.2,,,,,100.0,100.0,100.0,100.0,29922.0
2993.57,0.0,40044.2,,,,,0.0,0.0,0.0,0.0,29922.0
2994.57,100.0,39900.1,,,,,100.0,100.0,100.0,100.0,29924.7
2995.57,0.0,39901.6,,,,,0.0,0.0,0.0,0.0,29925.5
2996.57,0.0,39901.6,,,,,0.0,0.0,0.0,0.0,29925.5
2997.57,100.0,39756.8,,,,,100.0,100.0,100.0,100.0,29925.8
2998.57,0.0,39756.8,,,,,0.0,0.0,0.0,0.0,29925.8
2999.57,100.0,39611.9,,,,,100.0,100.0,100.0,100.0,29925.8
3000.57,0.0,39611.9,,,,,0.0,0.0,0.0,0.0,29925.8
3001.57,0.0,39611.9,,,,,0.0,0.0,0.0,0.0,29925.8
3002.58,100.0,39463.2,,,,,100.0,100.0,100.0,100.0,29883.0
3003.58,0.0,39751.9,,,,,0.0,0.0,0.0,0.0,29916.2
3004.58,0.0,40040.2,,,,,0.0,0.0,0.0,0.0,29918.0
3005.58,100.0,40040.2,,,,,100.0,100.0,100.0,100.0,29909.9
3006.58,0.0,40040.2,,,,,0.0,0.0,0.0,0.0,29917.6
3007.58,100.0,40040.2,,,,,100.0,100.0,100.0,100.0,29897.0
3008.58,0.0,40040.2,,,,,0.0,0.0,0.0,0.0,29917.6
3009.58,0.0,40040.2,,,,,0.0,0.0,0.0,0.0,29917.6
3010.58,100.0,40040.2,,,,,100.0,100.0,100.0,100.0,29918.6
3011.58,0.0,40040.2,,,,,0.0,0.0,0.0,0.0,29918.6
3012.58,100.0,40044.2,,,,,100.0,100.0,100.0,100.0,29922.6
3013.58,0.0,40044.2,,,,,0.0,0.0,0.0,0.0,29922.6
3014.58,100.0,39901.6,,,,,100.0,100.0,100.0,100.0,29926.3
3015.58,0.0,39901.6,,,,,0.0,0.0,0.0,0.0,29926.3
3016.58,0.0,39901.6,,,,,0.0,0.0,0.0,0.0,29926.3
3017.58,100.0,39756.8,,,,,100.0,100.0,100.0,100.0,29926.5
3018.58,0.0,39756.8,,,,,0.0,0.0,0.0,0.0,29926.5
3019.58,100.0,39611.9,,,,,100.0,100.0,100.0,100.0,29926.5
3020.58,0.0,39611.9,,,,,0.0,0.0,0.0,0.0,29926.5
3021.58,0.0,39611.9,,,,,0.0,0.0,0.0,0.0,29926.5
3022.58,100.0,39463.2,,,,,100.0,100.0,100.0,100.0,29890.7
3023.58,0.0,39751.9,,,,,0.0,0.0,0.0,0.0,29891.4
3024.58,0.0,40040.2,,,,,0.0,0.0,0.0,0.0,29895.0
3025.58,100.0,40040.2,,,,,100.0,100.0,100.0,100.0,29916.7
3026.58,0.0,40040.2,,,,,0.0,0.0,0.0,0.0,29918.3
3027.58,100.0,40040.2,,,,,100.0,100.0,100.0,100.0,29917.7
3028.58,0.0,40040.2,,,,,0.0,0.0,0.0,0.0,29919.0
3029.58,100.0,40040.2,,,,,100.0,100.0,100.0,100.0,29919.8
3030.58,0.0,40040.2,,,,,0.0,0.0,0.0,0.0,29920.1
3031.58,0.0,40040.2,,,,,0.0,0.0,0.0,0.0,29920.1
3032.58,100.0,40044.2,,,,,100.0,100.0,100.0,100.0,29924.0
3033.58,0.0,40044.2,,,,,0.0,0.0,0.0,0.0,29924.0
3034.58,100.0,39901.6,,,,,100.0,100.0,100.0,100.0,29927.3
3035.58,0.0,39901.6,,,,,0.0,0.0,0.0,0.0,29927.3
3036.58,0.0,39901.6,,,,,0.0,0.0,0.0,0.0,29927.3
3037.58,100.0,39756.8,,,,,100.0,100.0,100.0,100.0,29927.5
3038.58,0.0,39756.8,,,,,0.0,0.0,0.0,0.0,29927.5
3039.58,100.0,39611.9,,,,,100.0,100.0,100.0,100.0,29927.5
3040.58,0.0,39611.9,,,,,0.0,0.0,0.0,0.0,29927.5
3041.58,100.0,39462.9,,,,,100.0,100.0,100.0,100.0,29872.8
3042.58,0.0,39535.3,,,,,0.0,0.0,0.0,0.0,29912.3
3043.58,0.0,39751.9,,,,,0.0,0.0,0.0,0.0,29900.1
3044.58,100.0,39896.2,,,,,100.0,100.0,100.0,100.0,29907.6
3045.58,0.0,40040.2,,,,,0.0,0.0,0.0,0.0,29918.8
3046.58,0.0,40040.2,,,,,0.0,0.0,0.0,0.0,29918.8
3047.58,100.0,40040.2,,,,,100.0,100.0,100.0,100.0,29919.0
3048.58,0.0,40040.2,,,,,0.0,0.0,0.0,0.0,29919.0
3049.58,100.0,40040.2,,,,,100.0,100.0,100.0,100.0,29920.2
3050.58,0.0,40040.2,,,,,0.0,0.0,0.0,0.0,29920.2
3051.58,0.0,40040.2,,,,,0.0,0.0,0.0,0.0,29920.2
3052.58,100.0,40044.2,,,,,100.0,100.0,100.0,100.0,29924.1
3053.58,0.0,40044.2,,,,,0.0,0.0,0.0,0.0,29924.1
3054.58,100.0,39901.6,,,,,100.0,100.0,100.0,100.0,29927.5
3055.58,0.0,39901.6,,,,,0.0,0.0,0.0,0.0,29927.5
3056.58,100.0,39756.8,,,,,100.0,100.0,100.0,100.0,29927.6
3057.58,0.0,39756.8,,,,,0.0,0.0,0.0,0.0,29927.6
3058.58,0.0,39756.8,,,,,0.0,0.0,0.0,0.0,29927.6
3059.58,100.0,39611.9,,,,,100.0,100.0,100.0,100.0,29927.6
3060.58,0.0,39611.9,,,,,0.0,0.0,0.0,0.0,29927.6
3061.59,100.0,39462.9,,,,,100.0,100.0,100.0,100.0,29927.9
3062.59,0.0,39607.5,,,,,0.0,0.0,0.0,0.0,29916.4
3063.59,0.0,39896.2,,,,,0.0,0.0,0.0,0.0,29918.9
3064.59,100.0,39932.2,,,,,100.0,100.0,100.0,100.0,29910.0
3065.59,0.0,40040.2,,,,,0.0,0.0,0.0,0.0,29919.5
3066.59,0.0,40040.2,,,,,0.0,0.0,0.0,0.0,29919.5
3067.59,100.0,40040.2,,,,,100.0,100.0,100.0,100.0,29919.2
3068.59,0.0,40040.2,,,,,0.0,0.0,0.0,0.0,29919.2
3069.59,100.0,40040.2,,,,,100.0,100.0,100.0,100.0,29920.4
3070.59,0.0,40040.2,,,,,0.0,0.0,0.0,0.0,29920.4
3071.59,100.0,40044.2,,,,,100.0,100.0,100.0,100.0,29924.3
3072.59,0.0,40044.2,,,,,0.0,0.0,0.0,0.0,29924.3
3073.59,0.0,40044.2,,,,,0.0,0.0,0.0,0.0,29924.3
3074.59,100.0,39901.6,,,,,100.0,100.0,100.0,100.0,29927.7
3075.59,0.0,39901.6,,,,,0.0,0.0,0.0,0.0,29927.7
3076.59,100.0,39756.8,,,,,100.0,100.0,100.0,100.0,29927.8
3077.59,0.0,39756.8,,,,,0.0,0.0,0.0,0.0,29927.8
3078.59,0.0,39756.8,,,,,0.0,0.0,0.0,0.0,29927.8
3079.59,100.0,39611.9,,,,,100.0,100.0,100.0,100.0,29927.8
3080.59,0.0,39611.9,,,,,0.0,0.0,0.0,0.0,29927.8
3081.59,100.0,39462.9,,,,,100.0,100.0,100.0,100.0,29894.9
3082.59,0.0,39607.5,,,,,0.0,0.0,0.0,0.0,29892.3
3083.59,0.0,39896.2,,,,,0.0,0.0,0.0,0.0,29912.9
3084.59,100.0,40040.2,,,,,100.0,100.0,100.0,100.0,29920.2
3085.59,0.0,40040.2,,,,,0.0,0.0,0.0,0.0,29919.9
3086.59,100.0,40040.2,,,,,100.0,100.0,100.0,100.0,29920.9
3087.59,0.0,40040.2,,,,,0.0,0.0,0.0,0.0,29919.6
3088.59,0.0,40040.2,,,,,0.0,0.0,0.0,0.0,29919.6
3089.59,100.0,40040.2,,,,,100.0,100.0,100.0,100.0,29920.8
3090.59,0.0,40040.2,,,,,0.0,0.0,0.0,0.0,29920.8
3091.59,100.0,40044.2,,,,,100.0,100.0,100.0,100.0,29924.6
3092.59,0.0,40044.2,,,,,0.0,0.0,0.0,0.0,29924.6
3093.59,0.0,40044.2,,,,,0.0,0.0,0.0,0.0,29924.6
3094.59,100.0,39901.6,,,,,100.0,100.0,100.0,100.0,29928.0
3095.59,0.0,39901.6,,,,,0.0,0.0,0.0,0.0,29928.0
3096.59,100.0,39756.8,,,,,100.0,100.0,100.0,100.0,29928.2
3097.59,0.0,39756.8,,,,,0.0,0.0,0.0,0.0,29928.2
3098.59,0.0,39756.8,,,,,0.0,0.0,0.0,0.0,29928.2
3099.59,100.0,39611.9,,,,,100.0,100.0,100.0,100.0,29928.2
3100.59,0.0,39611.9,,,,,0.0,0.0,0.0,0.0,29928.2
3101.59,100.0,39463.2,,,,,100.0,100.0,100.0,100.0,29916.9
3102.59,0.0,39643.6,,,,,0.0,0.0,0.0,0.0,29913.0
3103.59,0.0,39896.2,,,,,0.0,0.0,0.0,0.0,29904.7
3104.59,100.0,40040.2,,,,,100.0,100.0,100.0,100.0,29899.5
3105.59,0.0,40040.2,,,,,0.0,0.0,0.0,0.0,29920.0
3106.59,100.0,40040.2,,,,,100.0,100.0,100.0,100.0,29921.4
3107.59,0.0,40040.2,,,,,0.0,0.0,0.0,0.0,29920.0
3108.59,0.0,40040.2,,,,,0.0,0.0,0.0,0.0,29920.0
3109.59,100.0,40040.2,,,,,100.0,100.0,100.0,100.0,29921.2
3110.59,0.0,40040.2,,,,,0.0,0.0,0.0,0.0,29921.2
3111.59,100.0,40044.2,,,,,100.0,100.0,100.0,100.0,29925.1
3112.59,0.0,40044.2,,,,,0.0,0.0,0.0,0.0,29925.1
3113.59,0.0,40044.2,,,,,0.0,0.0,0.0,0.0,29925.1
3114.59,100.0,39901.6,,,,,100.0,100.0,100.0,100.0,29928.7
3115.6,0.0,39901.6,,,,,0.0,0.0,0.0,0.0,29928.7
3116.6,100.0,39756.8,,,,,100.0,100.0,100.0,100.0,29928.9
3117.6,0.0,39756.8,,,,,0.0,0.0,0.0,0.0,29928.9
3118.6,100.0,39611.9,,,,,100.0,100.0,100.0,100.0,29929.0
3119.6,0.0,39611.9,,,,,0.0,0.0,0.0,0.0,29929.0
3120.6,0.0,39611.9,,,,,0.0,0.0,0.0,0.0,29929.0
3121.6,100.0,39463.2,,,,,100.0,100.0,100.0,100.0,29886.3
3122.6,0.0,39751.9,,,,,0.0,0.0,0.0,0.0,29890.3
3123.6,0.0,40004.2,,,,,0.0,0.0,0.0,0.0,29919.4
3124.6,100.0,40040.2,,,,,100.0,100.0,100.0,100.0,29912.6
3125.6,0.0,40040.2,,,,,0.0,0.0,0.0,0.0,29920.6
3126.6,100.0,40040.2,,,,,100.0,100.0,100.0,100.0,29899.0
3127.6,0.0,40040.2,,,,,0.0,0.0,0.0,0.0,29920.4
3128.6,0.0,40040.2,,,,,0.0,0.0,0.0,0.0,29920.4
3129.6,100.0,40040.2,,,,,100.0,100.0,100.0,100.0,29921.5
3130.6,0.0,40040.2,,,,,0.0,0.0,0.0,0.0,29921.5
3131.6,100.0,40044.2,,,,,100.0,100.0,100.0,100.0,29925.6
3132.6,0.0,40044.2,,,,,0.0,0.0,0.0,0.0,29925.6
3133.6,100.0,39901.6,,,,,100.0,100.0,100.0,100.0,29929.1
3134.6,0.0,39901.6,,,,,0.0,0.0,0.0,0.0,29929.1
3135.6,0.0,39901.6,,,,,0.0,0.0,0.0,0.0,29929.1
3136.6,100.0,39756.8,,,,,100.0,100.0,100.0,100.0,29929.3
3137.6,0.0,39756.8,,,,,0.0,0.0,0.0,0.0,29929.3
3138.6,100.0,39611.9,,,,,100.0,100.0,100.0,100.0,29929.3
3139.6,0.0,39611.9,,,,,0.0,0.0,0.0,0.0,29929.3
3140.6,0.0,39611.9,,,,,0.0,0.0,0.0,0.0,29929.3
3141.6,100.0,39463.2,,,,,100.0,100.0,100.0,100.0,29893.8
3142.6,0.0,39751.9,,,,,0.0,0.0,0.0,0.0,29913.9
3143.6,0.0,40040.2,,,,,0.0,0.0,0.0,0.0,29889.6
3144.6,100.0,40040.2,,,,,100.0,100.0,100.0,100.0,29914.8
3145.6,0.0,40040.2,,,,,0.0,0.0,0.0,0.0,29921.1
3146.6,100.0,40040.2,,,,,100.0,100.0,100.0,100.0,29916.9
3147.6,0.0,40040.2,,,,,0.0,0.0,0.0,0.0,29921.5
3148.6,100.0,40040.2,,,,,100.0,100.0,100.0,100.0,29922.7
3149.6,0.0,40040.2,,,,,0.0,0.0,0.0,0.0,29922.7
3150.6,0.0,40040.2,,,,,0.0,0.0,0.0,0.0,29922.7
3151.6,100.0,40044.2,,,,,100.0,100.0,100.0,100.0,29926.6
3152.6,0.0,40044.2,,,,,0.0,0.0,0.0,0.0,29926.6
3153.6,100.0,39901.6,,,,,100.0,100.0,100.0,100.0,29930.2
3154.6,0.0,39901.6,,,,,0.0,0.0,0.0,0.0,29930.2
3155.6,0.0,39901.6,,,,,0.0,0.0,0.0,0.0,29930.2
3156.6,100.0,39756.8,,,,,100.0,100.0,100.0,100.0,29930.4
3157.6,0.0,39756.8,,,,,0.0,0.0,0.0,0.0,29930.4
3158.6,100.0,39611.9,,,,,100.0,100.0,100.0,100.0,29930.4
3159.6,0.0,39611.9,,,,,0.0,0.0,0.0,0.0,29930.4
3160.6,100.0,39462.9,,,,,100.0,100.0,100.0,100.0,29930.6
3161.6,0.0,39535.4,,,,,0.0,0.0,0.0,0.0,29913.9
3162.6,0.0,39751.9,,,,,0.0,0.0,0.0,0.0,29904.5
3163.6,100.0,39896.2,,,,,100.0,100.0,100.0,100.0,29905.0
3164.6,0.0,40040.2,,,,,0.0,0.0,0.0,0.0,29921.7
3165.6,0.0,40040.2,,,,,0.0,0.0,0.0,0.0,29921.7
3166.6,100.0,40040.2,,,,,100.0,100.0,100.0,100.0,29921.9
3167.61,0.0,40040.2,,,,,0.0,0.0,0.0,0.0,29921.9
3168.61,100.0,40040.2,,,,,100.0,100.0,100.0,100.0,29923.0
3169.61,0.0,40040.2,,,,,0.0,0.0,0.0,0.0,29923.0
3170.61,0.0,40040.2,,,,,0.0,0.0,0.0,0.0,29923.0
3171.61,100.0,40044.2,,,,,100.0,100.0,100.0,100.0,29927.0
3172.61,0.0,40044.2,,,,,0.0,0.0,0.0,0.0,29927.0
3173.61,100.0,39901.6,,,,,100.0,100.0,100.0,100.0,29930.6
3174.61,0.0,39901.6,,,,,0.0,0.0,0.0,0.0,29930.6
3175.61,100.0,39756.8,,,,,100.0,100.0,100.0,100.0,29930.9
3176.61,0.0,39756.8,,,,,0.0,0.0,0.0,0.0,29930.9
3177.61,0.0,39756.8,,,,,0.0,0.0,0.0,0.0,29930.9
3178.61,100.0,39611.9,,,,,100.0,100.0,100.0,100.0,29930.9
3179.61,0.0,39611.9,,,,,0.0,0.0,0.0,0.0,29930.9
3180.61,100.0,39462.9,,,,,100.0,100.0,100.0,100.0,29888.2
3181.61,0.0,39607.5,,,,,0.0,0.0,0.0,0.0,29919.4
3182.61,0.0,39860.1,,,,,0.0,0.0,0.0,0.0,29917.4
3183.61,100.0,39896.2,,,,,100.0,100.0,100.0,100.0,29911.7
3184.61,0.0,40040.2,,,,,0.0,0.0,0.0,0.0,29922.0
3185.61,0.0,40040.2,,,,,0.0,0.0,0.0,0.0,29922.0
3186.61,100.0,40040.2,,,,,100.0,100.0,100.0,100.0,29922.0
3187.61,0.0,40040.2,,,,,0.0,0.0,0.0,0.0,29922.0
3188.61,100.0,40040.2,,,,,100.0,100.0,100.0,100.0,29923.1
3189.61,0.0,40040.2,,,,,0.0,0.0,0.0,0.0,29923.1
3190.61,100.0,40044.2,,,,,100.0,100.0,100.0,100.0,29926.9
3191.61,0.0,40044.2,,,,,0.0,0.0,0.0,0.0,29926.9
3192.61,0.0,40044.2,,,,,0.0,0.0,0.0,0.0,29926.9
3193.61,100.0,39901.6,,,,,100.0,100.0,100.0,100.0,29930.6
3194.61,0.0,39901.6,,,,,0.0,0.0,0.0,0.0,29930.6
3195.61,100.0,39756.8,,,,,100.0,100.0,100.0,100.0,29930.8
3196.61,0.0,39756.8,,,,,0.0,0.0,0.0,0.0,29930.8
3197.61,0.0,39756.8,,,,,0.0,0.0,0.0,0.0,29930.8
3198.61,100.0,39611.9,,,,,100.0,100.0,100.0,100.0,29930.8
3199.61,0.0,39611.9,,,,,0.0,0.0,0.0,0.0,29930.8
3200.61,100.0,39462.9,,,,,100.0,100.0,100.0,100.0,29895.8
3201.61,0.0,39607.5,,,,,0.0,0.0,0.0,0.0,29895.5
3202.61,0.0,39896.2,,,,,0.0,0.0,0.0,0.0,29901.4
3203.61,100.0,40004.2,,,,,100.0,100.0,100.0,100.0,29921.7
3204.61,0.0,40040.2,,,,,0.0,0.0,0.0,0.0,29922.4
3205.61,100.0,40040.2,,,,,100.0,100.0,100.0,100.0,29923.1
3206.61,0.0,40040.2,,,,,0.0,0.0,0.0,0.0,29922.2
3207.61,0.0,40040.2,,,,,0.0,0.0,0.0,0.0,29922.2
3208.61,100.0,40040.2,,,,,100.0,100.0,100.0,100.0,29923.4
3209.61,0.0,40040.2,,,,,0.0,0.0,0.0,0.0,29923.4
3210.61,100.0,40044.2,,,,,100.0,100.0,100.0,100.0,29927.3
3211.61,0.0,40044.2,,,,,0.0,0.0,0.0,0.0,29927.3
3212.61,0.0,40044.2,,,,,0.0,0.0,0.0,0.0,29927.3
3213.61,100.0,39901.6,,,,,100.0,100.0,100.0,100.0,29930.9
3214.61,0.0,39901.6,,,,,0.0,0.0,0.0,0.0,29930.9
3215.61,100.0,39756.8,,,,,100.0,100.0,100.0,100.0,29931.1
3216.61,0.0,39756.8,,,,,0.0,0.0,0.0,0.0,29931.1
3217.61,0.0,39756.8,,,,,0.0,0.0,0.0,0.0,29931.1
3218.61,100.0,39611.9,,,,,100.0,100.0,100.0,100.0,29931.1
3219.61,0.0,39611.9,,,,,0.0,0.0,0.0,0.0,29931.1
3220.61,100.0,39463.2,,,,,100.0,100.0,100.0,100.0,29919.2
3221.61,0.0,39607.5,,,,,0.0,0.0,0.0,0.0,29906.9
3222.61,0.0,39896.2,,,,,0.0,0.0,0.0,0.0,29900.6
3223.61,100.0,40040.2,,,,,100.0,100.0,100.0,100.0,29898.1
3224.62,0.0,40040.2,,,,,0.0,0.0,0.0,0.0,29922.7
3225.62,100.0,40040.2,,,,,100.0,100.0,100.0,100.0,29924.1
3226.62,0.0,40040.2,,,,,0.0,0.0,0.0,0.0,29922.5
3227.62,0.0,40040.2,,,,,0.0,0.0,0.0,0.0,29922.5
3228.62,100.0,40040.2,,,,,100.0,100.0,100.0,100.0,29923.7
3229.62,0.0,40040.2,,,,,0.0,0.0,0.0,0.0,29923.7
3230.62,100.0,40044.2,,,,,100.0,100.0,100.0,100.0,29927.5
3231.62,0.0,40044.2,,,,,0.0,0.0,0.0,0.0,29927.5
3232.62,0.0,40044.2,,,,,0.0,0.0,0.0,0.0,29927.5
3233.62,100.0,39901.6,,,,,100.0,100.0,100.0,100.0,29931.4
3234.62,0.0,39901.6,,,,,0.0,0.0,0.0,0.0,29931.4
3235.62,100.0,39756.8,,,,,100.0,100.0,100.0,100.0,29931.6
3236.62,0.0,39756.8,,,,,0.0,0.0,0.0,0.0,29931.6
3237.62,100.0,39611.9,,,,,100.0,100.0,100.0,100.0,29931.7
3238.62,0.0,39611.9,,,,,0.0,0.0,0.0,0.0,29931.7
3239.62,0.0,39611.9,,,,,0.0,0.0,0.0,0.0,29931.7
3240.62,100.0,39463.2,,,,,100.0,100.0,100.0,100.0,29920.2
3241.62,0.0,39751.9,,,,,0.0,0.0,0.0,0.0,29892.6
3242.62,0.0,39932.2,,,,,0.0,0.0,0.0,0.0,29917.1
3243.62,100.0,40040.2,,,,,100.0,100.0,100.0,100.0,29915.1
3244.62,0.0,40040.2,,,,,0.0,0.0,0.0,0.0,29923.3
3245.62,100.0,40040.2,,,,,100.0,100.0,100.0,100.0,29900.0
3246.62,0.0,40040.2,,,,,0.0,0.0,0.0,0.0,29923.3
3247.62,0.0,40040.2,,,,,0.0,0.0,0.0,0.0,29923.3
3248.62,100.0,40040.2,,,,,100.0,100.0,100.0,100.0,29924.5
3249.62,0.0,40040.2,,,,,0.0,0.0,0.0,0.0,29924.5
3250.62,100.0,40044.2,,,,,100.0,100.0,100.0,100.0,29928.3
3251.62,0.0,40044.2,,,,,0.0,0.0,0.0,0.0,29928.3
3252.62,100.0,39901.6,,,,,100.0,100.0,100.0,100.0,29931.8
3253.62,0.0,39901.6,,,,,0.0,0.0,0.0,0.0,29931.8
3254.62,0.0,39901.6,,,,,0.0,0.0,0.0,0.0,29931.8
3255.62,100.0,39756.8,,,,,100.0,100.0,100.0,100.0,29932.0
3256.62,0.0,39756.8,,,,,0.0,0.0,0.0,0.0,29932.0
3257.62,100.0,39611.9,,,,,100.0,100.0,100.0,100.0,29932.0
3258.62,0.0,39611.9,,,,,0.0,0.0,0.0,0.0,29932.0
3259.62,0.0,39611.9,,,,,0.0,0.0,0.0,0.0,29932.0
3260.62,100.0,39463.2,,,,,100.0,100.0,100.0,100.0,29893.2
3261.62,0.0,39751.9,,,,,0.0,0.0,0.0,0.0,29922.4
3262.62,0.0,40004.2,,,,,0.0,0.0,0.0,0.0,29923.8
3263.62,100.0,40040.2,,,,,100.0,100.0,100.0,100.0,29919.3
3264.62,0.0,40040.2,,,,,0.0,0.0,0.0,0.0,29923.6
3265.62,100.0,40040.2,,,,,100.0,100.0,100.0,100.0,29915.1
3266.62,0.0,40040.2,,,,,0.0,0.0,0.0,0.0,29923.8
3267.62,100.0,40040.2,,,,,100.0,100.0,100.0,100.0,29924.6
3268.62,0.0,40040.2,,,,,0.0,0.0,0.0,0.0,29925.0
3269.62,0.0,40040.2,,,,,0.0,0.0,0.0,0.0,29925.0
3270.62,100.0,40044.2,,,,,100.0,100.0,100.0,100.0,29928.8
3271.62,0.0,40044.2,,,,,0.0,0.0,0.0,0.0,29928.8
3272.62,100.0,39901.6,,,,,100.0,100.0,100.0,100.0,29932.3
3273.62,0.0,39901.6,,,,,0.0,0.0,0.0,0.0,29932.3
3274.62,0.0,39901.6,,,,,0.0,0.0,0.0,0.0,29932.3
3275.62,100.0,39756.8,,,,,100.0,100.0,100.0,100.0,29932.6
3276.62,0.0,39756.8,,,,,0.0,0.0,0.0,0.0,29932.6
3277.62,100.0,39611.9,,,,,100.0,100.0,100.0,100.0,29932.6
3278.62,0.0,39611.9,,,,,0.0,0.0,0.0,0.0,29932.6
3279.62,100.0,39462.9,,,,,100.0,100.0,100.0,100.0,29932.8
3280.62,0.0,39499.3,,,,,0.0,0.0,0.0,0.0,29914.0
3281.62,0.0,39751.9,,,,,0.0,0.0,0.0,0.0,29906.8
3282.62,100.0,39896.2,,,,,100.0,100.0,100.0,100.0,29902.2
3283.63,0.0,40040.2,,,,,0.0,0.0,0.0,0.0,29924.2
3284.63,0.0,40040.2,,,,,0.0,0.0,0.0,0.0,29924.2
3285.63,100.0,40040.2,,,,,100.0,100.0,100.0,100.0,29924.2
3286.63,0.0,40040.2,,,,,0.0,0.0,0.0,0.0,29924.2
3287.63,100.0,40040.2,,,,,100.0,100.0,100.0,100.0,29925.5
3288.63,0.0,40040.2,,,,,0.0,0.0,0.0,0.0,29925.5
3289.63,0.0,40040.2,,,,,0.0,0.0,0.0,0.0,29925.5
3290.63,100.0,40044.2,,,,,100.0,100.0,100.0,100.0,29929.3
3291.63,0.0,40044.2,,,,,0.0,0.0,0.0,0.0,29929.3
3292.63,100.0,39901.6,,,,,100.0,100.0,100.0,100.0,29932.8
3293.63,0.0,39901.6,,,,,0.0,0.0,0.0,0.0,29932.8
3294.63,100.0,39756.8,,,,,100.0,100.0,100.0,100.0,29933.0
3295.63,0.0,39756.8,,,,,0.0,0.0,0.0,0.0,29933.0
3296.63,0.0,39756.8,,,,,0.0,0.0,0.0,0.0,29933.0
3297.63,100.0,39611.9,,,,,100.0,100.0,100.0,100.0,29933.0
3298.63,0.0,39611.9,,,,,0.0,0.0,0.0,0.0,29933.0
3299.63,100.0,39462.9,,,,,100.0,100.0,100.0,100.0,29890.0
3300.63,0.0,39607.5,,,,,0.0,0.0,0.0,0.0,29921.6
3301.63,0.0,39788.0,,,,,0.0,0.0,0.0,0.0,29918.1
3302.63,100.0,39932.2,,,,,100.0,100.0,100.0,100.0,29911.8
3303.63,0.0,40040.2,,,,,0.0,0.0,0.0,0.0,29924.6
3304.63,0.0,40040.2,,,,,0.0,0.0,0.0,0.0,29924.6
3305.63,100.0,40040.2,,,,,100.0,100.0,100.0,100.0,29924.4
3306.63,0.0,40040.2,,,,,0.0,0.0,0.0,0.0,29924.4
3307.63,100.0,40040.2,,,,,100.0,100.0,100.0,100.0,29925.6
3308.63,0.0,40040.2,,,,,0.0,0.0,0.0,0.0,29925.6
3309.63,100.0,40044.2,,,,,100.0,100.0,100.0,100.0,29929.4
3310.63,0.0,40044.2,,,,,0.0,0.0,0.0,0.0,29929.4
3311.63,0.0,40044.2,,,,,0.0,0.0,0.0,0.0,29929.4
3312.63,100.0,39901.6,,,,,100.0,100.0,100.0,100.0,29933.0
3313.63,0.0,39901.6,,,,,0.0,0.0,0.0,0.0,29933.0
3314.63,100.0,39756.8,,,,,100.0,100.0,100.0,100.0,29933.2
3315.63,0.0,39756.8,,,,,0.0,0.0,0.0,0.0,29933.2
3316.63,0.0,39756.8,,,,,0.0,0.0,0.0,0.0,29933.2
3317.63,100.0,39611.9,,,,,100.0,100.0,100.0,100.0,29933.3
3318.63,0.0,39611.9,,,,,0.0,0.0,0.0,0.0,29933.3
3319.63,100.0,39462.9,,,,,100.0,100.0,100.0,100.0,29896.8
3320.63,0.0,39607.5,,,,,0.0,0.0,0.0,0.0,29896.4
3321.63,0.0,39896.2,,,,,0.0,0.0,0.0,0.0,29899.2
3322.63,100.0,40040.2,,,,,100.0,100.0,100.0,100.0,29925.5
3323.63,0.0,40040.2,,,,,0.0,0.0,0.0,0.0,29925.0
3324.63,100.0,40040.2,,,,,100.0,100.0,100.0,100.0,29925.6
3325.63,0.0,40040.2,,,,,0.0,0.0,0.0,0.0,29924.9
3326.63,0.0,40040.2,,,,,0.0,0.0,0.0,0.0,29924.9
3327.63,100.0,40040.2,,,,,100.0,100.0,100.0,100.0,29926.1
3328.63,0.0,40040.2,,,,,0.0,0.0,0.0,0.0,29926.1
3329.63,100.0,40044.2,,,,,100.0,100.0,100.0,100.0,29930.0
3330.63,0.0,40044.2,,,,,0.0,0.0,0.0,0.0,29930.0
3331.63,0.0,40044.2,,,,,0.0,0.0,0.0,0.0,29930.0
3332.63,100.0,39901.6,,,,,100.0,100.0,100.0,100.0,29933.6
3333.63,0.0,39901.6,,,,,0.0,0.0,0.0,0.0,29933.6
3334.63,100.0,39756.8,,,,,100.0,100.0,100.0,100.0,29933.8
3335.64,0.0,39756.8,,,,,0.0,0.0,0.0,0.0,29933.8
3336.64,0.0,39756.8,,,,,0.0,0.0,0.0,0.0,29933.8
3337.64,100.0,39611.9,,,,,100.0,100.0,100.0,100.0,29933.8
3338.64,0.0,39611.9,,,,,0.0,0.0,0.0,0.0,29933.8
3339.64,100.0,39463.2,,,,,100.0,100.0,100.0,100.0,29921.8
3340.64,0.0,39607.5,,,,,0.0,0.0,0.0,0.0,29909.7
3341.64,0.0,39896.2,,,,,0.0,0.0,0.0,0.0,29909.8
3342.64,100.0,40040.2,,,,,100.0,100.0,100.0,100.0,29926.4
3343.64,0.0,40040.2,,,,,0.0,0.0,0.0,0.0,29925.4
3344.64,100.0,40040.2,,,,,100.0,100.0,100.0,100.0,29926.6
3345.64,0.0,40040.2,,,,,0.0,0.0,0.0,0.0,29925.5
3346.64,0.0,40040.2,,,,,0.0,0.0,0.0,0.0,29925.5
3347.64,100.0,40040.2,,,,,100.0,100.0,100.0,100.0,29926.8
3348.64,0.0,40040.2,,,,,0.0,0.0,0.0,0.0,29926.8
3349.64,100.0,40044.2,,,,,100.0,100.0,100.0,100.0,29930.7
3350.64,0.0,40044.2,,,,,0.0,0.0,0.0,0.0,29930.7
3351.64,0.0,40044.2,,,,,0.0,0.0,0.0,0.0,29930.7
3352.64,100.0,39900.9,,,,,100.0,100.0,100.0,100.0,29934.1
3353.64,0.0,39900.9,,,,,0.0,0.0,0.0,0.0,29934.1
3354.64,100.0,39756.0,,,,,100.0,100.0,100.0,100.0,29934.4
3355.64,0.0,39756.0,,,,,0.0,0.0,0.0,0.0,29934.4
3356.64,100.0,39611.2,,,,,100.0,100.0,100.0,100.0,29934.4
3357.64,0.0,39611.2,,,,,0.0,0.0,0.0,0.0,29934.4
3358.64,0.0,39611.2,,,,,0.0,0.0,0.0,0.0,29934.4
3359.64,100.0,39462.4,,,,,100.0,100.0,100.0,100.0,29923.0
3360.64,0.0,39751.1,,,,,0.0,0.0,0.0,0.0,29924.6
3361.64,0.0,40003.5,,,,,0.0,0.0,0.0,0.0,29906.1
3362.64,100.0,40039.5,,,,,100.0,100.0,100.0,100.0,29916.5
3363.64,0.0,40039.5,,,,,0.0,0.0,0.0,0.0,29925.9
3364.64,100.0,40039.5,,,,,100.0,100.0,100.0,100.0,29927.1
3365.64,0.0,40039.5,,,,,0.0,0.0,0.0,0.0,29927.1
3366.64,0.0,40039.5,,,,,0.0,0.0,0.0,0.0,29927.1
3367.64,100.0,40043.5,,,,,100.0,100.0,100.0,100.0,29931.0
3368.64,0.0,40043.5,,,,,0.0,0.0,0.0,0.0,29931.0
3369.64,100.0,39899.4,,,,,100.0,100.0,100.0,100.0,29933.5
3370.64,0.0,39899.4,,,,,0.0,0.0,0.0,0.0,29933.5
3371.64,100.0,39755.0,,,,,100.0,100.0,100.0,100.0,29933.6
3372.64,0.0,39755.0,,,,,0.0,0.0,0.0,0.0,29933.6
3373.64,0.0,39755.0,,,,,0.0,0.0,0.0,0.0,29933.6
3374.64,100.0,39610.7,,,,,100.0,100.0,100.0,100.0,29933.7
3375.64,0.0,39610.7,,,,,0.0,0.0,0.0,0.0,29933.7
3376.64,100.0,39312.9,,,,,100.0,100.0,100.0,100.0,29935.2
3377.64,0.02,39312.9,,,,,0.02,0.02,0.03,0.01,29947.7
3378.64,0.01,22662.9,,,,,0.01,0.01,0.03,0.01,30066.2
3379.64,0.0,22662.9,,,,,0.0,0.0,0.0,0.0,4.6
