t_s,gpu_util_pct,mem_used_mib,power_w,temp_c,sclk_mhz,mclk_mhz,util_nc0,util_nc1,host_mem_used_mib
0.0,,,,,,,,,
1.0,,,,,,,,,
2.0,0.0,0.0,,,,,0.0,0.0,0.0
3.0,0.0,0.0,,,,,0.0,0.0,0.0
4.0,0.0,0.0,,,,,0.0,0.0,0.0
5.0,0.0,0.0,,,,,0.0,0.0,0.0
6.0,0.0,0.0,,,,,0.0,0.0,0.0
7.0,0.0,0.0,,,,,0.0,0.0,0.0
8.0,0.0,0.0,,,,,0.0,0.0,0.0
9.0,0.0,0.0,,,,,0.0,0.0,0.0
10.0,0.0,0.0,,,,,0.0,0.0,0.0
11.0,0.0,0.0,,,,,0.0,0.0,0.0
12.0,0.0,0.0,,,,,0.0,0.0,0.0
13.0,0.0,0.0,,,,,0.0,0.0,0.0
14.0,0.0,0.0,,,,,0.0,0.0,0.0
15.0,0.0,0.0,,,,,0.0,0.0,0.0
16.0,0.0,0.0,,,,,0.0,0.0,0.0
17.0,0.0,0.0,,,,,0.0,0.0,2235.0
18.0,0.0,0.0,,,,,0.0,0.0,2235.0
19.0,0.0,0.0,,,,,0.0,0.0,2235.0
20.0,0.0,0.0,,,,,0.0,0.0,2235.0
21.0,0.0,0.0,,,,,0.0,0.0,2235.0
22.0,0.0,0.0,,,,,0.0,0.0,2235.0
23.0,0.0,3.4,,,,,0.0,0.0,2239.2
24.0,0.22,356.0,,,,,0.21,0.22,3153.6
25.0,0.0,356.0,,,,,0.0,0.0,3980.9
26.0,0.0,356.0,,,,,0.0,0.0,4702.0
27.0,0.0,356.0,,,,,0.0,0.0,6001.8
28.01,0.0,356.0,,,,,0.0,0.0,6768.7
29.01,0.0,356.0,,,,,0.0,0.0,8097.1
30.01,0.0,356.0,,,,,0.0,0.0,8873.7
31.01,0.0,356.0,,,,,0.0,0.0,10217.5
32.01,0.0,356.0,,,,,0.0,0.0,10995.9
33.01,0.0,356.0,,,,,0.0,0.0,12352.4
34.01,0.0,356.0,,,,,0.0,0.0,13055.5
35.01,0.0,356.0,,,,,0.0,0.0,14365.3
36.01,0.0,356.0,,,,,0.0,0.0,15181.9
37.01,0.0,356.0,,,,,0.0,0.0,16379.2
38.01,0.0,356.0,,,,,0.0,0.0,18092.2
39.01,0.0,356.0,,,,,0.0,0.0,17977.9
40.01,0.0,356.0,,,,,0.0,0.0,18345.3
41.01,0.0,356.0,,,,,0.0,0.0,18629.9
42.01,0.0,356.0,,,,,0.0,0.0,17605.5
43.01,0.0,356.0,,,,,0.0,0.0,17970.7
44.01,0.0,356.0,,,,,0.0,0.0,18334.3
45.01,0.0,356.0,,,,,0.0,0.0,18567.5
46.01,0.0,356.0,,,,,0.0,0.0,17572.4
47.01,0.0,356.0,,,,,0.0,0.0,17928.7
48.01,0.0,356.0,,,,,0.0,0.0,18283.6
49.01,0.0,356.0,,,,,0.0,0.0,18476.4
50.01,0.0,356.0,,,,,0.0,0.0,17521.8
51.01,0.0,356.0,,,,,0.0,0.0,17879.6
52.01,0.0,356.0,,,,,0.0,0.0,18238.3
53.01,0.0,356.0,,,,,0.0,0.0,18410.1
54.01,0.0,356.0,,,,,0.0,0.0,18159.8
55.01,0.0,356.0,,,,,0.0,0.0,17844.4
56.01,0.0,356.0,,,,,0.0,0.0,18204.7
57.01,0.0,356.0,,,,,0.0,0.0,18410.1
58.01,0.0,356.0,,,,,0.0,0.0,19006.0
59.01,0.0,356.0,,,,,0.0,0.0,17816.4
60.01,0.0,356.0,,,,,0.0,0.0,18179.0
61.01,0.0,356.0,,,,,0.0,0.0,18410.1
62.01,0.0,356.0,,,,,0.0,0.0,19048.1
63.01,0.0,356.0,,,,,0.0,0.0,17797.8
64.01,0.0,356.0,,,,,0.0,0.0,18152.8
65.01,0.0,356.0,,,,,0.0,0.0,18341.7
66.01,0.0,356.0,,,,,0.0,0.0,18992.3
67.01,0.0,356.0,,,,,0.0,0.0,19492.7
68.01,0.0,356.0,,,,,0.0,0.0,20002.8
69.01,0.0,356.0,,,,,0.0,0.0,20491.6
70.01,0.0,356.0,,,,,0.0,0.0,20992.0
71.01,0.0,356.0,,,,,0.0,0.0,21492.4
72.01,0.0,356.0,,,,,0.0,0.0,21992.2
73.01,0.0,356.0,,,,,0.0,0.0,22491.9
74.01,0.0,356.0,,,,,0.0,0.0,22991.9
75.01,0.0,356.0,,,,,0.0,0.0,23492.4
76.01,0.0,356.0,,,,,0.0,0.0,24179.2
77.01,0.0,356.0,,,,,0.0,0.0,26669.5
78.01,0.0,356.0,,,,,0.0,0.0,28489.1
79.01,0.0,356.0,,,,,0.0,0.0,29053.5
80.01,0.0,356.0,,,,,0.0,0.0,29603.0
81.01,0.0,356.0,,,,,0.0,0.0,30186.0
82.01,0.0,356.0,,,,,0.0,0.0,30756.7
83.01,0.0,356.0,,,,,0.0,0.0,31092.4
84.01,0.0,356.0,,,,,0.0,0.0,31138.5
85.01,0.0,356.0,,,,,0.0,0.0,31315.8
86.01,0.0,356.0,,,,,0.0,0.0,31413.8
87.01,0.0,356.0,,,,,0.0,0.0,31540.8
88.01,0.0,356.0,,,,,0.0,0.0,31677.3
89.01,0.0,356.0,,,,,0.0,0.0,32011.6
90.01,0.0,356.0,,,,,0.0,0.0,32202.6
91.02,0.0,356.0,,,,,0.0,0.0,32270.1
92.02,0.0,356.0,,,,,0.0,0.0,32605.4
93.02,0.0,356.0,,,,,0.0,0.0,32865.7
94.02,0.0,356.0,,,,,0.0,0.0,33089.5
95.02,0.0,356.0,,,,,0.0,0.0,33447.7
96.02,0.0,356.0,,,,,0.0,0.0,25490.5
97.02,0.0,356.0,,,,,0.0,0.0,26157.0
98.02,0.0,356.0,,,,,0.0,0.0,26631.8
99.02,0.0,356.0,,,,,0.0,0.0,27329.9
100.02,0.0,356.0,,,,,0.0,0.0,27674.8
101.02,0.0,356.0,,,,,0.0,0.0,27971.7
102.02,0.0,356.0,,,,,0.0,0.0,28436.3
103.02,0.0,356.0,,,,,0.0,0.0,28800.1
104.02,0.0,356.0,,,,,0.0,0.0,28947.3
105.02,0.0,356.0,,,,,0.0,0.0,29350.1
106.02,0.0,356.0,,,,,0.0,0.0,29216.9
107.02,0.0,356.0,,,,,0.0,0.0,29305.0
108.02,0.0,356.0,,,,,0.0,0.0,29617.6
109.02,0.0,356.0,,,,,0.0,0.0,29849.7
110.02,0.0,356.0,,,,,0.0,0.0,30122.2
111.02,0.0,356.0,,,,,0.0,0.0,30250.1
112.02,0.0,356.0,,,,,0.0,0.0,30324.5
113.02,0.0,356.0,,,,,0.0,0.0,30401.8
114.02,0.0,356.0,,,,,0.0,0.0,30519.0
115.02,0.0,356.0,,,,,0.0,0.0,30574.8
116.02,0.0,356.0,,,,,0.0,0.0,30671.2
117.05,0.0,356.0,,,,,0.0,0.0,30710.3
118.05,0.0,356.0,,,,,0.0,0.0,30764.7
119.05,0.0,356.0,,,,,0.0,0.0,30764.1
120.05,0.0,356.0,,,,,0.0,0.0,30815.8
121.05,0.0,356.0,,,,,0.0,0.0,22324.8
122.05,0.0,356.0,,,,,0.0,0.0,22379.1
123.05,0.0,356.0,,,,,0.0,0.0,22970.1
124.05,0.0,356.0,,,,,0.0,0.0,23537.0
125.05,0.0,356.0,,,,,0.0,0.0,24189.5
126.05,0.0,356.0,,,,,0.0,0.0,24927.3
127.05,0.0,356.0,,,,,0.0,0.0,25154.0
128.05,0.0,356.0,,,,,0.0,0.0,25587.6
129.05,0.0,356.0,,,,,0.0,0.0,26547.7
130.05,0.0,356.1,,,,,0.0,0.0,21177.9
131.05,0.0,356.1,,,,,0.0,0.0,16619.4
132.05,0.05,356.7,,,,,0.06,0.05,15120.9
133.05,0.0,356.7,,,,,0.0,0.0,15303.5
134.05,0.0,356.7,,,,,0.0,0.0,15305.7
135.05,13.98,356.7,,,,,0.01,27.95,15502.6
136.05,10.83,1440.0,,,,,21.64,0.01,14681.0
137.05,0.0,2278.3,,,,,0.0,0.0,14440.2
138.05,0.0,3228.6,,,,,0.0,0.0,14066.9
139.05,0.0,4067.0,,,,,0.0,0.0,13730.4
140.05,0.0,4583.7,,,,,0.0,0.0,13593.0
141.05,0.0,5744.1,,,,,0.0,0.0,12841.8
142.05,0.0,8734.6,,,,,0.0,0.0,10527.5
143.05,0.0,11459.1,,,,,0.0,0.0,8659.9
144.05,0.0,12801.8,,,,,0.0,0.0,7460.7
145.05,0.0,14575.5,,,,,0.0,0.0,4863.1
146.05,0.0,15974.5,,,,,0.0,0.0,3877.9
147.05,0.0,15974.5,,,,,0.0,0.0,2553.9
148.05,0.0,15974.5,,,,,0.0,0.0,2849.4
149.05,0.0,15974.5,,,,,0.0,0.0,2849.4
150.05,0.0,15974.5,,,,,0.0,0.0,2931.8
151.05,0.0,15974.5,,,,,0.0,0.0,2961.0
152.05,0.0,15974.5,,,,,0.0,0.0,3346.0
153.05,0.0,15974.5,,,,,0.0,0.0,4424.3
154.05,0.0,15974.5,,,,,0.0,0.0,5522.9
155.05,0.0,15974.5,,,,,0.0,0.0,6974.2
156.05,0.0,15974.5,,,,,0.0,0.0,7869.7
157.05,0.0,17882.8,,,,,0.0,0.0,8287.0
158.05,0.0,19795.3,,,,,0.0,0.0,8393.8
159.05,0.0,19920.4,,,,,0.0,0.0,8394.0
160.05,0.0,20119.5,,,,,0.0,0.0,8241.6
161.05,0.0,20305.6,,,,,0.0,0.0,7655.7
162.05,0.0,20461.7,,,,,0.0,0.0,6429.3
163.05,0.0,20670.9,,,,,0.0,0.0,5311.0
164.05,0.0,20670.9,,,,,0.0,0.0,5575.9
165.05,100.0,20636.8,,,,,100.0,100.0,5587.1
166.05,0.0,20636.8,,,,,0.0,0.0,5587.1
167.05,0.0,20636.8,,,,,0.0,0.0,5734.2
168.05,0.0,20636.8,,,,,0.0,0.0,5745.2
169.05,0.0,20636.8,,,,,0.0,0.0,6342.3
170.05,0.0,20636.8,,,,,0.0,0.0,7652.5
171.05,0.0,20636.8,,,,,0.0,0.0,8625.3
172.06,0.0,20636.8,,,,,0.0,0.0,10013.1
173.06,0.0,20682.5,,,,,0.0,0.0,10458.2
174.06,0.0,20732.1,,,,,0.0,0.0,10600.3
175.06,0.0,20860.9,,,,,0.0,0.0,10600.4
176.06,0.0,21008.7,,,,,0.0,0.0,10728.5
177.06,0.0,21134.6,,,,,0.0,0.0,9080.2
178.06,0.0,21250.5,,,,,0.0,0.0,9329.9
179.06,0.0,21340.4,,,,,0.0,0.0,7622.9
180.06,100.0,21357.4,,,,,100.0,100.0,7627.4
181.06,100.0,21378.1,,,,,100.0,100.0,7618.5
182.06,0.0,21398.9,,,,,0.0,0.0,7623.6
183.06,100.0,21381.9,,,,,100.0,100.0,7824.4
184.06,100.0,21341.6,,,,,100.0,100.0,8194.6
185.06,100.0,21824.9,,,,,100.0,100.0,8549.2
186.06,0.0,21824.9,,,,,0.0,0.0,8549.2
187.06,100.0,21783.2,,,,,100.0,100.0,8549.2
188.06,100.0,21683.2,,,,,100.0,100.0,8368.2
189.06,0.0,21724.9,,,,,0.0,0.0,8382.8
190.06,100.0,21724.9,,,,,100.0,100.0,8383.7
191.06,100.0,21724.9,,,,,100.0,100.0,8380.5
192.06,0.0,21808.0,,,,,0.0,0.0,8385.6
193.06,100.0,21808.0,,,,,100.0,100.0,8376.3
194.06,100.0,21808.0,,,,,100.0,100.0,8570.4
195.06,100.0,21766.4,,,,,100.0,100.0,8701.5
196.06,0.0,21903.2,,,,,0.0,0.0,9424.9
197.06,100.0,21861.6,,,,,100.0,100.0,9424.9
198.06,100.0,21819.9,,,,,100.0,100.0,9424.9
199.06,100.0,21719.8,,,,,100.0,100.0,9434.7
200.06,0.0,21719.9,,,,,0.0,0.0,9025.8
201.06,100.0,21761.5,,,,,100.0,100.0,9039.4
202.06,0.0,21803.0,,,,,0.0,0.0,9039.7
203.06,100.0,21823.8,,,,,100.0,100.0,9037.9
204.06,100.0,21844.6,,,,,100.0,100.0,9040.9
205.06,100.0,21944.6,,,,,100.0,100.0,9043.8
206.06,0.0,21944.6,,,,,0.0,0.0,9043.8
207.06,100.0,21903.3,,,,,100.0,100.0,9047.9
208.06,100.0,21861.7,,,,,100.0,100.0,9048.1
209.06,100.0,21820.0,,,,,100.0,100.0,9048.1
210.06,0.0,21820.0,,,,,0.0,0.0,9048.1
211.06,100.0,21719.9,,,,,100.0,100.0,9040.7
212.06,0.0,21761.5,,,,,0.0,0.0,9028.0
213.06,100.0,21782.3,,,,,100.0,100.0,9038.2
214.06,100.0,21803.0,,,,,100.0,100.0,9027.1
215.06,100.0,21823.8,,,,,100.0,100.0,9037.4
216.06,0.0,21878.6,,,,,0.0,0.0,9042.5
217.06,100.0,21944.6,,,,,100.0,100.0,9045.3
218.06,100.0,21903.3,,,,,100.0,100.0,9048.8
219.06,100.0,21861.7,,,,,100.0,100.0,9049.0
220.06,0.0,21861.7,,,,,0.0,0.0,9049.0
221.06,100.0,21820.0,,,,,100.0,100.0,9049.0
222.06,100.0,21719.8,,,,,100.0,100.0,9049.2
223.06,0.0,21757.7,,,,,0.0,0.0,9037.3
224.06,100.0,21761.5,,,,,100.0,100.0,9036.2
225.06,100.0,21782.3,,,,,100.0,100.0,9039.9
226.06,0.0,21844.6,,,,,0.0,0.0,9029.9
227.06,100.0,21844.6,,,,,100.0,100.0,9036.4
228.06,100.0,21944.6,,,,,100.0,100.0,9046.5
229.06,100.0,21903.1,,,,,100.0,100.0,9049.1
230.06,0.0,21903.3,,,,,0.0,0.0,9049.8
231.06,100.0,21861.7,,,,,100.0,100.0,9050.0
232.06,100.0,21820.0,,,,,100.0,100.0,9050.0
233.06,100.0,21719.9,,,,,100.0,100.0,9050.0
234.06,1.22,21719.9,,,,,1.22,1.23,9030.5
235.06,100.0,21719.9,,,,,100.0,100.0,9039.4
236.06,0.0,21803.0,,,,,0.0,0.0,9044.3
237.06,100.0,21823.8,,,,,100.0,100.0,9039.5
238.06,100.0,21844.6,,,,,100.0,100.0,9038.0
239.07,100.0,21944.6,,,,,100.0,100.0,9047.2
240.07,0.0,21944.6,,,,,0.0,0.0,9047.6
241.07,100.0,21903.3,,,,,100.0,100.0,9051.0
242.07,100.0,21861.7,,,,,100.0,100.0,9051.2
243.07,100.0,21820.0,,,,,100.0,100.0,9051.2
244.07,0.0,21820.0,,,,,0.0,0.0,9051.2
245.07,100.0,21719.9,,,,,100.0,100.0,9044.3
246.07,0.0,21761.5,,,,,0.0,0.0,9031.1
247.07,100.0,21782.3,,,,,100.0,100.0,9040.3
248.07,100.0,21803.0,,,,,100.0,100.0,9029.7
249.07,100.0,21803.0,,,,,100.0,100.0,9038.9
250.07,0.0,21878.6,,,,,0.0,0.0,9046.0
251.07,100.0,21903.3,,,,,100.0,100.0,9052.1
252.07,0.0,21903.3,,,,,0.0,0.0,9052.1
253.07,0.0,21903.3,,,,,0.0,0.0,9052.1
254.07,100.0,21820.0,,,,,100.0,100.0,9052.3
255.07,100.0,21719.8,,,,,100.0,100.0,9052.5
256.07,100.0,21719.8,,,,,100.0,100.0,9052.5
257.07,100.0,21761.5,,,,,100.0,100.0,9032.1
258.07,100.0,21761.5,,,,,100.0,100.0,9042.6
259.07,0.0,21844.6,,,,,0.0,0.0,9032.2
260.07,0.0,21844.6,,,,,0.0,0.0,9032.2
261.07,100.0,21944.6,,,,,100.0,100.0,9049.9
262.07,100.0,21903.1,,,,,100.0,100.0,9052.1
263.07,0.0,21903.3,,,,,0.0,0.0,9053.2
264.07,100.0,21861.7,,,,,100.0,100.0,9053.3
265.07,100.0,21820.0,,,,,100.0,100.0,9053.3
266.07,100.0,21819.9,,,,,100.0,100.0,9053.3
267.07,1.23,21719.9,,,,,1.23,1.23,9033.9
268.07,100.0,21753.9,,,,,100.0,100.0,9045.6
269.07,0.0,21803.0,,,,,0.0,0.0,9047.4
270.07,100.0,21803.0,,,,,100.0,100.0,9041.8
271.07,100.0,21844.6,,,,,100.0,100.0,9040.8
272.07,100.0,21944.6,,,,,100.0,100.0,9050.9
273.07,0.0,21944.6,,,,,0.0,0.0,9050.9
274.07,100.0,21903.3,,,,,100.0,100.0,9053.7
275.07,100.0,21861.7,,,,,100.0,100.0,9053.9
276.07,100.0,21820.0,,,,,100.0,100.0,9053.9
277.07,0.0,21820.0,,,,,0.0,0.0,9053.9
278.07,100.0,21719.9,,,,,100.0,100.0,9047.2
279.07,0.0,21761.5,,,,,0.0,0.0,9035.5
280.07,100.0,21782.3,,,,,100.0,100.0,9045.9
281.07,100.0,21803.0,,,,,100.0,100.0,9048.5
282.07,100.0,21820.0,,,,,100.0,100.0,9044.3
283.07,0.0,21878.6,,,,,0.0,0.0,9048.8
284.07,100.0,21944.6,,,,,100.0,100.0,9051.4
285.07,100.0,21903.3,,,,,100.0,100.0,9054.6
286.07,100.0,21861.7,,,,,100.0,100.0,9054.8
287.07,0.0,21861.7,,,,,0.0,0.0,9054.8
288.07,100.0,21820.0,,,,,100.0,100.0,9054.8
289.07,100.0,21719.8,,,,,100.0,100.0,9034.1
290.07,0.0,21761.5,,,,,0.0,0.0,9048.0
291.07,100.0,21761.5,,,,,100.0,100.0,9034.5
292.07,100.0,21779.7,,,,,100.0,100.0,9047.9
293.07,0.0,21844.6,,,,,0.0,0.0,9036.5
294.07,100.0,21844.6,,,,,100.0,100.0,9042.6
295.07,100.0,21944.6,,,,,100.0,100.0,9052.2
296.07,100.0,21903.3,,,,,100.0,100.0,9055.7
297.07,0.0,21903.3,,,,,0.0,0.0,9055.7
298.07,100.0,21861.7,,,,,100.0,100.0,9055.9
299.07,100.0,21820.0,,,,,100.0,100.0,9055.9
300.07,100.0,21719.8,,,,,100.0,100.0,9056.1
301.07,0.0,21719.9,,,,,0.0,0.0,9049.4
302.07,100.0,21719.9,,,,,100.0,100.0,9045.8
303.07,0.0,21803.0,,,,,0.0,0.0,9050.1
304.07,100.0,21803.0,,,,,100.0,100.0,9040.9
305.07,100.0,21844.6,,,,,100.0,100.0,9050.9
306.08,100.0,21944.6,,,,,100.0,100.0,9053.5
307.08,0.0,21944.6,,,,,0.0,0.0,9053.5
308.08,100.0,21903.3,,,,,100.0,100.0,9056.7
309.08,100.0,21861.7,,,,,100.0,100.0,9056.9
310.08,100.0,21820.0,,,,,100.0,100.0,9056.9
311.08,0.0,21820.0,,,,,0.0,0.0,9056.9
312.08,100.0,21719.9,,,,,100.0,100.0,9050.3
313.08,0.0,21761.5,,,,,0.0,0.0,9038.5
314.08,100.0,21782.3,,,,,100.0,100.0,9049.7
315.08,100.0,21803.0,,,,,100.0,100.0,9051.6
316.08,100.0,21823.8,,,,,100.0,100.0,9038.0
317.08,0.0,21878.6,,,,,0.0,0.0,9052.0
318.08,100.0,21944.6,,,,,100.0,100.0,9054.6
319.08,100.0,21903.3,,,,,100.0,100.0,9057.8
320.08,100.0,21861.7,,,,,100.0,100.0,9058.0
321.08,0.0,21861.7,,,,,0.0,0.0,9058.0
322.08,100.0,21820.0,,,,,100.0,100.0,9058.0
323.08,100.0,21719.8,,,,,100.0,100.0,9036.8
324.08,0.0,21761.5,,,,,0.0,0.0,9051.1
325.08,100.0,21761.5,,,,,100.0,100.0,9037.8
326.08,100.0,21761.5,,,,,100.0,100.0,9045.8
327.08,0.0,21844.6,,,,,0.0,0.0,9037.3
328.08,100.0,21844.6,,,,,100.0,100.0,9043.0
329.08,100.0,21944.6,,,,,100.0,100.0,9055.6
330.08,100.0,21903.1,,,,,100.0,100.0,9058.3
331.08,0.0,21903.3,,,,,0.0,0.0,9058.4
332.08,100.0,21861.7,,,,,100.0,100.0,9058.5
333.08,100.0,21820.0,,,,,100.0,100.0,9058.6
334.08,100.0,21719.9,,,,,100.0,100.0,9058.6
335.08,1.23,21719.9,,,,,1.23,1.23,9045.0
336.08,100.0,21740.7,,,,,100.0,100.0,9051.3
337.08,0.0,21803.0,,,,,0.0,0.0,9037.4
338.08,100.0,21803.0,,,,,100.0,100.0,9048.0
339.08,100.0,21844.6,,,,,100.0,100.0,9038.9
340.08,100.0,21944.6,,,,,100.0,100.0,9056.1
341.08,0.0,21944.6,,,,,0.0,0.0,9056.1
342.08,100.0,21903.3,,,,,100.0,100.0,9059.1
343.08,100.0,21861.7,,,,,100.0,100.0,9059.3
344.08,100.0,21820.0,,,,,100.0,100.0,9059.4
345.08,0.0,21820.0,,,,,0.0,0.0,9059.4
346.08,100.0,21719.9,,,,,100.0,100.0,9052.7
347.08,0.0,21761.5,,,,,0.0,0.0,9040.3
348.08,100.0,21782.3,,,,,100.0,100.0,9051.0
349.08,100.0,21803.0,,,,,100.0,100.0,9054.1
350.08,100.0,21823.8,,,,,100.0,100.0,9050.6
351.08,0.0,21878.6,,,,,0.0,0.0,9054.5
352.08,100.0,21944.6,,,,,100.0,100.0,9057.1
353.08,100.0,21903.3,,,,,100.0,100.0,9060.1
354.08,100.0,21861.7,,,,,100.0,100.0,9060.3
355.08,0.0,21861.7,,,,,0.0,0.0,9060.3
356.08,100.0,21820.0,,,,,100.0,100.0,9060.3
357.08,100.0,21719.8,,,,,100.0,100.0,9039.3
358.08,0.0,21761.5,,,,,0.0,0.0,9053.2
359.08,100.0,21761.5,,,,,100.0,100.0,9040.4
360.08,100.0,21761.5,,,,,100.0,100.0,9049.5
361.08,0.0,21844.6,,,,,0.0,0.0,9039.0
362.08,100.0,21844.6,,,,,100.0,100.0,9046.0
363.08,100.0,21944.6,,,,,100.0,100.0,9057.7
364.08,100.0,21903.3,,,,,100.0,100.0,9060.5
365.08,0.0,21903.3,,,,,0.0,0.0,9060.5
366.08,100.0,21861.7,,,,,100.0,100.0,9060.7
367.08,100.0,21820.0,,,,,100.0,100.0,9060.7
368.08,100.0,21719.8,,,,,100.0,100.0,9060.8
369.08,0.0,21719.9,,,,,0.0,0.0,9040.3
370.08,100.0,21740.7,,,,,100.0,100.0,9052.2
371.08,0.0,21803.0,,,,,0.0,0.0,9045.9
372.08,100.0,21811.5,,,,,100.0,100.0,9049.6
373.08,100.0,21844.6,,,,,100.0,100.0,9039.2
374.08,100.0,21944.6,,,,,100.0,100.0,9058.4
375.08,0.0,21944.6,,,,,0.0,0.0,9058.4
376.08,100.0,21903.3,,,,,100.0,100.0,9061.3
377.08,100.0,21861.7,,,,,100.0,100.0,9061.5
378.08,100.0,21820.0,,,,,100.0,100.0,9061.5
379.08,0.0,21820.0,,,,,0.0,0.0,9061.5
380.08,100.0,21719.9,,,,,100.0,100.0,9055.0
381.08,0.0,21761.5,,,,,0.0,0.0,9055.1
382.09,100.0,21803.0,,,,,100.0,100.0,9055.6
383.09,100.0,21803.0,,,,,100.0,100.0,9041.1
384.09,100.0,21823.8,,,,,100.0,100.0,9053.7
385.09,0.0,21878.6,,,,,0.0,0.0,9056.6
386.09,100.0,21944.6,,,,,100.0,100.0,9059.1
387.09,100.0,21903.3,,,,,100.0,100.0,9062.3
388.09,100.0,21861.7,,,,,100.0,100.0,9062.4
389.09,0.0,21861.7,,,,,0.0,0.0,9062.4
390.09,100.0,21820.0,,,,,100.0,100.0,9062.4
391.09,100.0,21719.8,,,,,100.0,100.0,9042.8
392.09,0.0,21761.5,,,,,0.0,0.0,9055.8
393.09,100.0,21761.5,,,,,100.0,100.0,9043.8
394.09,100.0,21782.3,,,,,100.0,100.0,9056.2
395.09,0.0,21844.6,,,,,0.0,0.0,9057.7
396.09,100.0,21844.6,,,,,100.0,100.0,9051.8
397.09,100.0,21944.6,,,,,100.0,100.0,9060.3
398.09,100.0,21903.3,,,,,100.0,100.0,9063.2
399.09,0.0,21903.3,,,,,0.0,0.0,9063.2
400.09,100.0,21861.7,,,,,100.0,100.0,9063.4
401.09,100.0,21820.0,,,,,100.0,100.0,9063.4
402.09,100.0,21719.8,,,,,100.0,100.0,9049.3
403.09,0.0,21719.9,,,,,0.0,0.0,9042.8
404.09,100.0,21761.5,,,,,100.0,100.0,9056.9
405.09,0.0,21803.0,,,,,0.0,0.0,9044.3
406.09,100.0,21823.8,,,,,100.0,100.0,9056.4
407.09,100.0,21844.6,,,,,100.0,100.0,9044.7
408.09,100.0,21944.6,,,,,100.0,100.0,9060.8
409.09,0.0,21944.6,,,,,0.0,0.0,9060.8
410.09,100.0,21903.3,,,,,100.0,100.0,9063.4
411.09,100.0,21861.7,,,,,100.0,100.0,9063.6
412.09,100.0,21820.0,,,,,100.0,100.0,9063.6
413.09,0.0,21820.0,,,,,0.0,0.0,9063.6
414.09,100.0,21719.9,,,,,100.0,100.0,9057.0
415.09,0.0,21761.5,,,,,0.0,0.0,9043.7
416.09,100.0,21803.0,,,,,100.0,100.0,9047.8
417.09,100.0,21803.0,,,,,100.0,100.0,9043.5
418.09,100.0,21823.8,,,,,100.0,100.0,9056.6
419.09,0.0,21878.6,,,,,0.0,0.0,9058.7
420.09,100.0,21944.6,,,,,100.0,100.0,9061.3
421.09,100.0,21903.3,,,,,100.0,100.0,9064.2
422.09,100.0,21861.7,,,,,100.0,100.0,9064.4
423.09,0.0,21861.7,,,,,0.0,0.0,9064.4
424.09,100.0,21820.0,,,,,100.0,100.0,9064.4
425.09,100.0,21719.8,,,,,100.0,100.0,9045.1
426.09,0.0,21761.5,,,,,0.0,0.0,9057.8
427.09,100.0,21761.5,,,,,100.0,100.0,9045.5
428.09,100.0,21782.3,,,,,100.0,100.0,9056.2
429.09,0.0,21844.6,,,,,0.0,0.0,9059.4
430.09,100.0,21844.6,,,,,100.0,100.0,9053.9
431.09,100.0,21944.6,,,,,100.0,100.0,9061.9
432.09,100.0,21903.3,,,,,100.0,100.0,9064.7
433.09,0.0,21903.3,,,,,0.0,0.0,9064.7
434.09,100.0,21861.7,,,,,100.0,100.0,9064.9
435.09,100.0,21820.0,,,,,100.0,100.0,9064.9
436.09,100.0,21719.8,,,,,100.0,100.0,9065.0
437.09,0.0,21719.9,,,,,0.0,0.0,9044.7
438.09,100.0,21761.5,,,,,100.0,100.0,9058.1
439.09,0.0,21803.0,,,,,0.0,0.0,9045.4
440.09,100.0,21803.0,,,,,100.0,100.0,9054.1
441.09,100.0,21844.6,,,,,100.0,100.0,9044.2
442.09,100.0,21944.6,,,,,100.0,100.0,9062.7
443.09,0.0,21944.6,,,,,0.0,0.0,9062.7
444.09,100.0,21903.3,,,,,100.0,100.0,9065.6
445.09,100.0,21861.7,,,,,100.0,100.0,9065.8
446.09,100.0,21820.0,,,,,100.0,100.0,9065.8
447.09,0.0,21820.0,,,,,0.0,0.0,9065.8
448.09,100.0,21719.9,,,,,100.0,100.0,9040.2
449.09,0.0,21761.5,,,,,0.0,0.0,9046.1
450.09,100.0,21782.3,,,,,100.0,100.0,9059.0
451.09,100.0,21803.0,,,,,100.0,100.0,9045.5
452.09,100.0,21823.8,,,,,100.0,100.0,9056.2
453.09,0.0,21878.6,,,,,0.0,0.0,9060.9
454.09,100.0,21944.6,,,,,100.0,100.0,9063.5
455.09,100.0,21903.3,,,,,100.0,100.0,9066.1
456.1,100.0,21861.7,,,,,100.0,100.0,9066.3
457.1,0.0,21861.7,,,,,0.0,0.0,9066.3
458.1,100.0,21820.0,,,,,100.0,100.0,9066.3
459.1,100.0,21719.8,,,,,100.0,100.0,9047.4
460.1,0.0,21761.5,,,,,0.0,0.0,9059.8
461.1,100.0,21761.5,,,,,100.0,100.0,9059.9
462.1,100.0,21782.3,,,,,100.0,100.0,9050.1
463.1,0.0,21844.6,,,,,0.0,0.0,9054.0
464.1,100.0,21844.6,,,,,100.0,100.0,9057.4
465.1,100.0,21944.6,,,,,100.0,100.0,9064.1
466.1,100.0,21903.3,,,,,100.0,100.0,9067.0
467.1,0.0,21903.3,,,,,0.0,0.0,9067.0
468.1,100.0,21861.7,,,,,100.0,100.0,9067.2
469.1,100.0,21820.0,,,,,100.0,100.0,9067.2
470.1,100.0,21719.8,,,,,100.0,100.0,9067.3
471.1,0.0,21719.9,,,,,0.0,0.0,9048.7
472.1,100.0,21761.5,,,,,100.0,100.0,9061.2
473.1,0.0,21803.0,,,,,0.0,0.0,9049.4
474.1,100.0,21823.8,,,,,100.0,100.0,9060.4
475.1,100.0,21844.6,,,,,100.0,100.0,9062.5
476.1,100.0,21944.6,,,,,100.0,100.0,9064.9
477.1,0.0,21944.6,,,,,0.0,0.0,9064.9
478.1,100.0,21903.3,,,,,100.0,100.0,9067.6
479.1,100.0,21861.7,,,,,100.0,100.0,9067.8
480.1,100.0,21820.0,,,,,100.0,100.0,9067.8
481.1,0.0,21820.0,,,,,0.0,0.0,9067.8
482.1,100.0,21719.9,,,,,100.0,100.0,9041.0
483.1,0.0,21761.5,,,,,0.0,0.0,9048.0
484.1,100.0,21803.0,,,,,100.0,100.0,9062.0
485.1,100.0,21803.0,,,,,100.0,100.0,9048.5
486.1,100.0,21803.0,,,,,100.0,100.0,9057.1
487.1,0.0,21878.6,,,,,0.0,0.0,9063.2
488.1,100.0,21944.6,,,,,100.0,100.0,9065.8
489.1,100.0,21903.3,,,,,100.0,100.0,9068.3
490.1,100.0,21861.7,,,,,100.0,100.0,9068.5
491.1,0.0,21861.7,,,,,0.0,0.0,9068.5
492.1,100.0,21820.0,,,,,100.0,100.0,9068.5
493.1,100.0,21719.8,,,,,100.0,100.0,9049.9
494.1,0.0,21761.5,,,,,0.0,0.0,9062.1
495.1,100.0,21761.5,,,,,100.0,100.0,9062.2
496.1,100.0,21761.5,,,,,100.0,100.0,9059.8
497.1,0.0,21844.6,,,,,0.0,0.0,9063.9
498.1,100.0,21844.6,,,,,100.0,100.0,9057.4
499.1,100.0,21944.6,,,,,100.0,100.0,9066.3
500.1,100.0,21903.3,,,,,100.0,100.0,9068.9
501.1,0.0,21903.3,,,,,0.0,0.0,9068.9
502.1,100.0,21861.7,,,,,100.0,100.0,9069.1
503.1,100.0,21820.0,,,,,100.0,100.0,9069.1
504.1,100.0,21719.8,,,,,100.0,100.0,9069.3
505.1,0.0,21719.9,,,,,0.0,0.0,9050.9
506.1,100.0,21761.5,,,,,100.0,100.0,9063.1
507.1,0.0,21803.0,,,,,0.0,0.0,9051.7
508.1,100.0,21844.6,,,,,100.0,100.0,9064.3
509.1,100.0,21844.6,,,,,100.0,100.0,9064.5
510.1,100.0,21944.6,,,,,100.0,100.0,9067.0
511.1,0.0,21944.6,,,,,0.0,0.0,9067.0
512.1,100.0,21903.3,,,,,100.0,100.0,9069.6
513.1,100.0,21861.7,,,,,100.0,100.0,9069.8
514.1,100.0,21820.0,,,,,100.0,100.0,9069.8
515.1,0.0,21820.0,,,,,0.0,0.0,9069.8
516.1,100.0,21719.9,,,,,100.0,100.0,9063.5
517.1,0.0,21761.5,,,,,0.0,0.0,9050.7
518.1,100.0,21803.0,,,,,100.0,100.0,9064.1
519.1,100.0,21803.0,,,,,100.0,100.0,9050.8
520.1,100.0,21803.0,,,,,100.0,100.0,9062.6
521.1,0.0,21878.6,,,,,0.0,0.0,9065.2
522.1,100.0,21944.6,,,,,100.0,100.0,9067.8
523.1,100.0,21903.3,,,,,100.0,100.0,9070.2
524.1,100.0,21861.7,,,,,100.0,100.0,9070.4
525.1,0.0,21861.7,,,,,0.0,0.0,9070.4
526.1,100.0,21820.0,,,,,100.0,100.0,9070.4
527.1,100.0,21719.8,,,,,100.0,100.0,9052.3
528.1,0.0,21761.5,,,,,0.0,0.0,9044.6
529.1,100.0,21761.5,,,,,100.0,100.0,9051.5
530.1,100.0,21803.0,,,,,100.0,100.0,9064.7
531.1,0.0,21844.6,,,,,0.0,0.0,9050.6
532.11,100.0,21844.6,,,,,100.0,100.0,9059.3
533.11,100.0,21944.6,,,,,100.0,100.0,9068.2
534.11,100.0,21903.3,,,,,100.0,100.0,9070.6
535.11,0.0,21903.3,,,,,0.0,0.0,9070.6
536.11,100.0,21861.7,,,,,100.0,100.0,9070.8
537.11,100.0,21820.0,,,,,100.0,100.0,9070.8
538.11,100.0,21719.8,,,,,100.0,100.0,9070.9
539.11,0.0,21719.9,,,,,0.0,0.0,9053.3
540.11,100.0,21761.5,,,,,100.0,100.0,9065.5
541.11,0.0,21803.0,,,,,0.0,0.0,9052.7
542.11,100.0,21844.6,,,,,100.0,100.0,9056.4
543.11,100.0,21844.6,,,,,100.0,100.0,9052.8
544.11,100.0,21944.6,,,,,100.0,100.0,9068.8
545.11,0.0,21944.6,,,,,0.0,0.0,9068.8
546.11,100.0,21903.3,,,,,100.0,100.0,9071.2
547.11,100.0,21861.7,,,,,100.0,100.0,9071.4
548.11,100.0,21820.0,,,,,100.0,100.0,9071.4
549.11,0.0,21820.0,,,,,0.0,0.0,9071.4
550.11,100.0,21719.9,,,,,100.0,100.0,9065.2
551.11,0.0,21761.5,,,,,0.0,0.0,9054.5
552.11,100.0,21803.0,,,,,100.0,100.0,9065.8
553.11,100.0,21803.0,,,,,100.0,100.0,9053.9
554.11,100.0,21823.8,,,,,100.0,100.0,9065.0
555.11,0.0,21878.6,,,,,0.0,0.0,9066.5
556.11,100.0,21944.6,,,,,100.0,100.0,9069.2
557.11,100.0,21903.3,,,,,100.0,100.0,9071.4
558.11,100.0,21861.7,,,,,100.0,100.0,9071.6
559.11,0.0,21861.7,,,,,0.0,0.0,9071.6
560.11,100.0,21820.0,,,,,100.0,100.0,9071.6
561.11,100.0,21719.8,,,,,100.0,100.0,9052.8
562.11,0.0,21761.5,,,,,0.0,0.0,9046.8
563.11,100.0,21761.5,,,,,100.0,100.0,9054.5
564.11,100.0,21803.0,,,,,100.0,100.0,9066.9
565.11,0.0,21844.6,,,,,0.0,0.0,9054.9
566.11,100.0,21878.6,,,,,100.0,100.0,9066.9
567.11,100.0,21944.6,,,,,100.0,100.0,9069.9
568.11,100.0,21903.3,,,,,100.0,100.0,9072.4
569.11,0.0,21903.3,,,,,0.0,0.0,9072.4
570.11,100.0,21861.7,,,,,100.0,100.0,9072.5
571.11,100.0,21820.0,,,,,100.0,100.0,9072.5
572.11,100.0,21719.8,,,,,100.0,100.0,9072.6
573.11,0.0,21719.9,,,,,0.0,0.0,9054.7
574.11,100.0,21761.5,,,,,100.0,100.0,9066.5
575.11,0.0,21803.0,,,,,0.0,0.0,9060.7
576.11,100.0,21823.8,,,,,100.0,100.0,9055.4
577.11,100.0,21844.6,,,,,100.0,100.0,9061.1
578.11,100.0,21944.6,,,,,100.0,100.0,9070.3
579.11,0.0,21944.6,,,,,0.0,0.0,9070.3
580.11,100.0,21903.3,,,,,100.0,100.0,9072.4
581.11,100.0,21861.7,,,,,100.0,100.0,9072.6
582.11,100.0,21820.0,,,,,100.0,100.0,9072.6
583.11,0.0,21820.0,,,,,0.0,0.0,9072.6
584.11,100.0,21719.9,,,,,100.0,100.0,9066.4
585.11,0.0,21761.5,,,,,0.0,0.0,9054.6
586.11,100.0,21803.0,,,,,100.0,100.0,9066.9
587.11,100.0,21803.0,,,,,100.0,100.0,9053.3
588.11,100.0,21803.0,,,,,100.0,100.0,9062.0
589.11,0.0,21878.6,,,,,0.0,0.0,9068.1
590.11,100.0,21944.6,,,,,100.0,100.0,9070.7
591.11,100.0,21903.3,,,,,100.0,100.0,9072.8
592.11,100.0,21861.7,,,,,100.0,100.0,9073.0
593.11,0.0,21861.7,,,,,0.0,0.0,9073.0
594.11,100.0,21820.0,,,,,100.0,100.0,9073.0
595.11,100.0,21719.8,,,,,100.0,100.0,9053.9
596.11,0.0,21761.5,,,,,0.0,0.0,9066.8
597.11,100.0,21761.5,,,,,100.0,100.0,9054.5
598.11,100.0,21803.0,,,,,100.0,100.0,9067.5
599.11,0.0,21844.6,,,,,0.0,0.0,9055.3
600.11,100.0,21861.6,,,,,100.0,100.0,9066.1
601.11,100.0,21944.6,,,,,100.0,100.0,9071.0
602.11,100.0,21903.3,,,,,100.0,100.0,9073.3
603.11,0.0,21903.3,,,,,0.0,0.0,9073.3
604.11,100.0,21861.7,,,,,100.0,100.0,9073.5
605.11,100.0,21820.0,,,,,100.0,100.0,9073.5
606.11,100.0,21719.8,,,,,100.0,100.0,9073.7
607.12,0.0,21719.9,,,,,0.0,0.0,9055.2
608.12,100.0,21761.5,,,,,100.0,100.0,9058.1
609.12,0.0,21803.0,,,,,0.0,0.0,9062.5
610.12,100.0,21823.8,,,,,100.0,100.0,9066.7
611.12,100.0,21844.6,,,,,100.0,100.0,9062.2
612.12,100.0,21944.6,,,,,100.0,100.0,9071.7
613.12,0.0,21944.6,,,,,0.0,0.0,9071.7
614.12,100.0,21903.3,,,,,100.0,100.0,9073.8
615.12,100.0,21861.7,,,,,100.0,100.0,9073.9
616.12,100.0,21820.0,,,,,100.0,100.0,9074.0
617.12,0.0,21820.0,,,,,0.0,0.0,9074.0
618.12,100.0,21719.9,,,,,100.0,100.0,9067.8
619.12,0.0,21761.5,,,,,0.0,0.0,9057.4
620.12,100.0,21803.0,,,,,100.0,100.0,9068.5
621.12,100.0,21803.0,,,,,100.0,100.0,9068.6
622.12,100.0,21844.6,,,,,100.0,100.0,9069.3
623.12,0.0,21878.6,,,,,0.0,0.0,9069.4
624.12,100.0,21944.6,,,,,100.0,100.0,9072.0
625.12,100.0,21903.3,,,,,100.0,100.0,9074.2
626.12,100.0,21861.7,,,,,100.0,100.0,9074.3
627.12,0.0,21861.7,,,,,0.0,0.0,9074.3
628.12,100.0,21820.0,,,,,100.0,100.0,9074.3
629.12,100.0,21719.8,,,,,100.0,100.0,9056.6
630.12,0.0,21761.5,,,,,0.0,0.0,9068.3
631.12,100.0,21761.5,,,,,100.0,100.0,9056.5
632.12,100.0,21803.0,,,,,100.0,100.0,9069.1
633.12,0.0,21844.6,,,,,0.0,0.0,9056.7
634.12,100.0,21861.6,,,,,100.0,100.0,9068.3
635.12,100.0,21944.6,,,,,100.0,100.0,9072.9
636.12,100.0,21903.3,,,,,100.0,100.0,9075.0
637.12,0.0,21903.3,,,,,0.0,0.0,9075.0
638.12,100.0,21861.7,,,,,100.0,100.0,9075.2
639.12,100.0,21820.0,,,,,100.0,100.0,9075.2
640.12,100.0,21719.8,,,,,100.0,100.0,9075.4
641.12,0.0,21719.9,,,,,0.0,0.0,9058.7
642.12,100.0,21761.5,,,,,100.0,100.0,9050.7
643.12,0.0,21803.0,,,,,0.0,0.0,9057.0
644.12,100.0,21844.6,,,,,100.0,100.0,9070.6
645.12,100.0,21844.6,,,,,100.0,100.0,9056.6
646.12,100.0,21944.6,,,,,100.0,100.0,9073.3
647.12,0.0,21944.6,,,,,0.0,0.0,9073.3
648.12,100.0,21903.3,,,,,100.0,100.0,9075.5
649.12,100.0,21861.7,,,,,100.0,100.0,9075.7
650.12,100.0,21820.0,,,,,100.0,100.0,9075.7
651.12,0.0,21820.0,,,,,0.0,0.0,9075.7
652.12,100.0,21719.9,,,,,100.0,100.0,9069.6
653.12,0.0,21761.5,,,,,0.0,0.0,9058.7
654.12,100.0,21803.0,,,,,100.0,100.0,9060.6
655.12,100.0,21803.0,,,,,100.0,100.0,9058.1
656.12,100.0,21844.6,,,,,100.0,100.0,9051.4
657.12,0.0,21878.6,,,,,0.0,0.0,9071.3
658.12,100.0,21944.6,,,,,100.0,100.0,9073.9
659.12,100.0,21903.3,,,,,100.0,100.0,9076.1
660.12,100.0,21861.7,,,,,100.0,100.0,9076.3
661.12,0.0,21861.7,,,,,0.0,0.0,9076.3
662.12,100.0,21820.0,,,,,100.0,100.0,9076.3
663.12,100.0,21719.8,,,,,100.0,100.0,9059.3
664.12,0.0,21761.5,,,,,0.0,0.0,9070.2
665.12,100.0,21761.5,,,,,100.0,100.0,9058.9
666.12,100.0,21803.0,,,,,100.0,100.0,9070.9
667.12,0.0,21844.6,,,,,0.0,0.0,9059.0
668.12,100.0,21861.6,,,,,100.0,100.0,9069.7
669.12,100.0,21944.6,,,,,100.0,100.0,9074.1
670.12,100.0,21903.3,,,,,100.0,100.0,9076.0
671.12,0.0,21903.3,,,,,0.0,0.0,9076.0
672.12,100.0,21861.7,,,,,100.0,100.0,9076.1
673.12,100.0,21820.0,,,,,100.0,100.0,9076.1
674.12,100.0,21719.8,,,,,100.0,100.0,9050.6
675.12,0.0,21719.9,,,,,0.0,0.0,9060.3
676.12,100.0,21761.5,,,,,100.0,100.0,9051.0
677.12,0.0,21803.0,,,,,0.0,0.0,9057.4
678.12,100.0,21844.6,,,,,100.0,100.0,9071.7
679.12,100.0,21844.6,,,,,100.0,100.0,9057.9
680.12,100.0,21944.6,,,,,100.0,100.0,9074.6
681.12,0.0,21944.6,,,,,0.0,0.0,9074.6
682.13,100.0,21903.3,,,,,100.0,100.0,9076.8
683.13,100.0,21861.7,,,,,100.0,100.0,9077.0
684.13,100.0,21820.0,,,,,100.0,100.0,9077.0
685.13,0.0,21820.0,,,,,0.0,0.0,9077.0
686.13,100.0,21719.9,,,,,100.0,100.0,9070.7
687.13,0.0,21761.5,,,,,0.0,0.0,9060.5
688.13,100.0,21803.0,,,,,100.0,100.0,9052.2
689.13,100.0,21803.0,,,,,100.0,100.0,9059.2
690.13,100.0,21844.6,,,,,100.0,100.0,9072.3
691.13,0.0,21878.6,,,,,0.0,0.0,9072.5
692.13,100.0,21944.6,,,,,100.0,100.0,9075.2
693.13,100.0,21903.3,,,,,100.0,100.0,9077.5
694.13,100.0,21861.7,,,,,100.0,100.0,9077.7
695.13,0.0,21861.7,,,,,0.0,0.0,9077.7
696.13,100.0,21820.0,,,,,100.0,100.0,9077.7
697.13,100.0,21719.8,,,,,100.0,100.0,9062.9
698.13,0.0,21761.5,,,,,0.0,0.0,9071.7
699.13,100.0,21761.5,,,,,100.0,100.0,9062.0
700.13,100.0,21803.0,,,,,100.0,100.0,9072.4
701.13,0.0,21844.6,,,,,0.0,0.0,9060.9
702.13,100.0,21878.6,,,,,100.0,100.0,9072.7
703.13,100.0,21944.6,,,,,100.0,100.0,9075.7
704.13,100.0,21903.3,,,,,100.0,100.0,9077.7
705.13,0.0,21903.3,,,,,0.0,0.0,9077.7
706.13,100.0,21861.7,,,,,100.0,100.0,9077.9
707.13,100.0,21820.0,,,,,100.0,100.0,9077.9
708.13,100.0,21719.8,,,,,100.0,100.0,9053.2
709.13,0.0,21719.9,,,,,0.0,0.0,9063.9
710.13,100.0,21761.5,,,,,100.0,100.0,9072.6
711.13,0.0,21803.0,,,,,0.0,0.0,9063.1
712.13,100.0,21844.6,,,,,100.0,100.0,9073.9
713.13,100.0,21844.6,,,,,100.0,100.0,9063.6
714.13,100.0,21944.6,,,,,100.0,100.0,9076.5
715.13,0.0,21944.6,,,,,0.0,0.0,9076.5
716.13,100.0,21903.3,,,,,100.0,100.0,9078.5
717.13,100.0,21861.7,,,,,100.0,100.0,9078.7
718.13,100.0,21820.0,,,,,100.0,100.0,9078.7
719.13,0.0,21820.0,,,,,0.0,0.0,9078.7
720.13,100.0,21719.9,,,,,100.0,100.0,9056.3
721.13,0.0,21761.5,,,,,0.0,0.0,9066.1
722.13,100.0,21803.0,,,,,100.0,100.0,9056.2
723.13,100.0,21803.0,,,,,100.0,100.0,9062.8
724.13,100.0,21844.6,,,,,100.0,100.0,9073.9
725.13,0.0,21878.6,,,,,0.0,0.0,9074.1
726.13,100.0,21944.6,,,,,100.0,100.0,9076.7
727.13,100.0,21903.3,,,,,100.0,100.0,9078.5
728.13,100.0,21861.7,,,,,100.0,100.0,9078.7
729.13,0.0,21861.7,,,,,0.0,0.0,9078.7
730.13,100.0,21820.0,,,,,100.0,100.0,9078.7
731.13,100.0,21719.8,,,,,100.0,100.0,9067.5
732.13,0.0,21761.5,,,,,0.0,0.0,9072.7
733.13,100.0,21761.5,,,,,100.0,100.0,9063.9
734.13,100.0,21803.0,,,,,100.0,100.0,9064.2
735.13,0.0,21844.6,,,,,0.0,0.0,9063.6
736.13,100.0,21878.6,,,,,100.0,100.0,9074.0
737.13,100.0,21944.6,,,,,100.0,100.0,9076.8
738.13,100.0,21903.3,,,,,100.0,100.0,9078.9
739.13,0.0,21903.3,,,,,0.0,0.0,9078.9
740.13,100.0,21861.7,,,,,100.0,100.0,9079.1
741.13,100.0,21820.0,,,,,100.0,100.0,9079.2
742.13,100.0,21719.8,,,,,100.0,100.0,9057.1
743.13,0.0,21719.9,,,,,0.0,0.0,9069.0
744.13,100.0,21761.5,,,,,100.0,100.0,9073.5
745.13,0.0,21803.0,,,,,0.0,0.0,9063.8
746.13,100.0,21844.6,,,,,100.0,100.0,9074.7
747.13,100.0,21844.6,,,,,100.0,100.0,9063.5
748.13,100.0,21944.6,,,,,100.0,100.0,9077.4
749.13,0.0,21944.6,,,,,0.0,0.0,9077.4
750.13,100.0,21903.3,,,,,100.0,100.0,9079.4
751.13,100.0,21861.7,,,,,100.0,100.0,9079.6
752.13,100.0,21820.0,,,,,100.0,100.0,9079.6
753.13,0.0,21820.0,,,,,0.0,0.0,9079.6
754.13,100.0,21719.9,,,,,100.0,100.0,9072.4
755.13,0.0,21761.5,,,,,0.0,0.0,9066.6
756.13,100.0,21782.3,,,,,100.0,100.0,9062.9
757.14,100.0,21803.0,,,,,100.0,100.0,9067.4
758.14,100.0,21823.8,,,,,100.0,100.0,9070.0
759.14,0.0,21878.6,,,,,0.0,0.0,9074.0
760.14,100.0,21944.6,,,,,100.0,100.0,9076.7
761.14,100.0,21903.3,,,,,100.0,100.0,9078.7
762.14,100.0,21861.7,,,,,100.0,100.0,9078.9
763.14,0.0,21861.7,,,,,0.0,0.0,9078.9
764.14,100.0,21820.0,,,,,100.0,100.0,9078.9
765.14,100.0,21719.8,,,,,100.0,100.0,9060.0
766.14,0.0,21761.5,,,,,0.0,0.0,9072.6
767.14,100.0,21761.5,,,,,100.0,100.0,9060.5
768.14,100.0,21778.5,,,,,100.0,100.0,9071.1
769.14,0.0,21844.6,,,,,0.0,0.0,9074.6
770.14,100.0,21844.6,,,,,100.0,100.0,9068.2
771.14,100.0,21944.6,,,,,100.0,100.0,9077.2
772.14,100.0,21903.3,,,,,100.0,100.0,9079.0
773.14,0.0,21903.3,,,,,0.0,0.0,9079.0
774.14,100.0,21861.7,,,,,100.0,100.0,9079.2
775.14,100.0,21820.0,,,,,100.0,100.0,9079.2
776.14,100.0,21719.8,,,,,100.0,100.0,9079.3
777.14,0.0,21719.9,,,,,0.0,0.0,9060.1
778.14,100.0,21740.7,,,,,100.0,100.0,9072.1
779.14,0.0,21803.0,,,,,0.0,0.0,9061.2
780.14,100.0,21823.8,,,,,100.0,100.0,9069.4
781.14,100.0,21844.6,,,,,100.0,100.0,9059.8
782.14,100.0,21944.6,,,,,100.0,100.0,9077.6
783.14,0.0,21944.6,,,,,0.0,0.0,9077.6
784.14,100.0,21903.3,,,,,100.0,100.0,9079.5
785.14,100.0,21861.7,,,,,100.0,100.0,9079.7
786.14,100.0,21820.0,,,,,100.0,100.0,9079.7
787.14,0.0,21820.0,,,,,0.0,0.0,9079.7
788.14,100.0,21719.9,,,,,100.0,100.0,9073.5
789.14,0.0,21761.5,,,,,0.0,0.0,9061.8
790.14,100.0,21803.0,,,,,100.0,100.0,9074.4
791.14,100.0,21803.0,,,,,100.0,100.0,9061.1
792.14,100.0,21803.0,,,,,100.0,100.0,9070.5
793.14,0.0,21878.6,,,,,0.0,0.0,9075.3
794.14,100.0,21944.6,,,,,100.0,100.0,9077.9
795.14,100.0,21903.3,,,,,100.0,100.0,9079.8
796.14,100.0,21861.7,,,,,100.0,100.0,9079.9
797.14,0.0,21861.7,,,,,0.0,0.0,9079.9
798.14,100.0,21820.0,,,,,100.0,100.0,9079.9
799.14,100.0,21719.8,,,,,100.0,100.0,9061.9
800.14,0.0,21761.5,,,,,0.0,0.0,9074.0
801.14,100.0,21761.5,,,,,100.0,100.0,9074.5
802.14,100.0,21782.3,,,,,100.0,100.0,9072.1
803.14,0.0,21844.6,,,,,0.0,0.0,9068.7
804.14,100.0,21844.6,,,,,100.0,100.0,9068.9
805.14,100.0,21944.6,,,,,100.0,100.0,9078.5
806.14,100.0,21903.3,,,,,100.0,100.0,9080.3
807.14,0.0,21903.3,,,,,0.0,0.0,9080.3
808.14,100.0,21861.7,,,,,100.0,100.0,9080.5
809.14,100.0,21820.0,,,,,100.0,100.0,9080.5
810.14,100.0,21719.8,,,,,100.0,100.0,9080.7
811.14,0.0,21719.9,,,,,0.0,0.0,9062.0
812.14,100.0,21761.5,,,,,100.0,100.0,9074.7
813.14,0.0,21803.0,,,,,0.0,0.0,9063.4
814.14,100.0,21823.8,,,,,100.0,100.0,9073.1
815.14,100.0,21844.6,,,,,100.0,100.0,9076.2
816.14,100.0,21944.6,,,,,100.0,100.0,9078.8
817.14,0.0,21944.6,,,,,0.0,0.0,9078.8
818.14,100.0,21903.3,,,,,100.0,100.0,9080.6
819.14,100.0,21861.7,,,,,100.0,100.0,9080.8
820.14,100.0,21820.0,,,,,100.0,100.0,9080.8
821.14,0.0,21820.0,,,,,0.0,0.0,9080.8
822.14,100.0,21719.9,,,,,100.0,100.0,9054.8
823.14,0.0,21761.5,,,,,0.0,0.0,9062.6
824.14,100.0,21782.3,,,,,100.0,100.0,9073.3
825.14,100.0,21803.0,,,,,100.0,100.0,9063.7
826.14,100.0,21823.8,,,,,100.0,100.0,9072.0
827.14,0.0,21878.6,,,,,0.0,0.0,9076.4
828.14,100.0,21944.6,,,,,100.0,100.0,9079.0
829.15,100.0,21903.3,,,,,100.0,100.0,9081.1
830.15,100.0,21861.7,,,,,100.0,100.0,9081.2
831.15,0.0,21861.7,,,,,0.0,0.0,9081.2
832.15,100.0,21820.0,,,,,100.0,100.0,9081.2
833.15,100.0,21719.8,,,,,100.0,100.0,9063.3
834.15,0.0,21761.5,,,,,0.0,0.0,9075.3
835.15,100.0,21761.5,,,,,100.0,100.0,9062.8
836.15,100.0,21803.0,,,,,100.0,100.0,9056.1
837.15,0.0,21844.6,,,,,0.0,0.0,9063.1
838.15,100.0,21844.6,,,,,100.0,100.0,9071.1
839.15,100.0,21944.6,,,,,100.0,100.0,9079.5
840.15,100.0,21903.3,,,,,100.0,100.0,9081.4
841.15,0.0,21903.3,,,,,0.0,0.0,9081.4
842.15,100.0,21861.7,,,,,100.0,100.0,9081.6
843.15,100.0,21820.0,,,,,100.0,100.0,9081.6
844.15,100.0,21719.8,,,,,100.0,100.0,9081.8
845.15,0.0,21719.9,,,,,0.0,0.0,9063.9
846.15,100.0,21761.5,,,,,100.0,100.0,9076.1
847.15,0.0,21803.0,,,,,0.0,0.0,9064.5
848.15,100.0,21844.6,,,,,100.0,100.0,9077.0
849.15,100.0,21844.6,,,,,100.0,100.0,9077.4
850.15,100.0,21944.6,,,,,100.0,100.0,9079.8
851.15,0.0,21944.6,,,,,0.0,0.0,9079.8
852.15,100.0,21903.3,,,,,100.0,100.0,9081.6
853.15,100.0,21861.7,,,,,100.0,100.0,9081.8
854.15,100.0,21820.0,,,,,100.0,100.0,9081.8
855.15,0.0,21820.0,,,,,0.0,0.0,9081.8
856.15,100.0,21719.9,,,,,100.0,100.0,9075.8
857.15,0.0,21761.5,,,,,0.0,0.0,9062.9
858.15,100.0,21782.3,,,,,100.0,100.0,9073.8
859.15,100.0,21803.0,,,,,100.0,100.0,9062.0
860.15,100.0,21803.0,,,,,100.0,100.0,9070.8
861.15,0.0,21878.6,,,,,0.0,0.0,9077.4
862.15,100.0,21944.6,,,,,100.0,100.0,9080.1
863.15,100.0,21903.3,,,,,100.0,100.0,9081.9
864.15,100.0,21861.7,,,,,100.0,100.0,9082.1
865.15,0.0,21861.7,,,,,0.0,0.0,9082.1
866.15,100.0,21820.0,,,,,100.0,100.0,9082.1
867.15,100.0,21719.8,,,,,100.0,100.0,9064.0
868.15,0.0,21761.5,,,,,0.0,0.0,9076.0
869.15,100.0,21761.5,,,,,100.0,100.0,9069.7
870.15,100.0,21782.3,,,,,100.0,100.0,9075.2
871.15,0.0,21844.6,,,,,0.0,0.0,9062.5
872.15,100.0,21844.6,,,,,100.0,100.0,9072.0
873.15,100.0,21944.6,,,,,100.0,100.0,9080.3
874.15,100.0,21903.3,,,,,100.0,100.0,9082.2
875.15,0.0,21903.3,,,,,0.0,0.0,9082.2
876.15,100.0,21861.7,,,,,100.0,100.0,9082.4
877.15,100.0,21820.0,,,,,100.0,100.0,9082.4
878.15,100.0,21719.8,,,,,100.0,100.0,9082.5
879.15,0.0,21719.9,,,,,0.0,0.0,9064.9
880.15,100.0,21761.5,,,,,100.0,100.0,9076.7
881.15,0.0,21803.0,,,,,0.0,0.0,9077.2
882.15,100.0,21823.8,,,,,100.0,100.0,9074.4
883.15,100.0,21844.6,,,,,100.0,100.0,9071.6
884.15,100.0,21944.6,,,,,100.0,100.0,9080.6
885.15,0.0,21944.6,,,,,0.0,0.0,9080.6
886.15,100.0,21903.3,,,,,100.0,100.0,9082.7
887.15,100.0,21861.7,,,,,100.0,100.0,9082.9
888.15,100.0,21820.0,,,,,100.0,100.0,9082.9
889.15,0.0,21820.0,,,,,0.0,0.0,9082.9
890.15,100.0,21719.9,,,,,100.0,100.0,9076.7
891.15,0.0,21761.5,,,,,0.0,0.0,9064.1
892.15,100.0,21803.0,,,,,100.0,100.0,9077.4
893.15,100.0,21803.0,,,,,100.0,100.0,9064.4
894.15,100.0,21803.0,,,,,100.0,100.0,9072.0
895.15,0.0,21878.6,,,,,0.0,0.0,9078.5
896.15,100.0,21944.6,,,,,100.0,100.0,9081.1
897.15,100.0,21903.3,,,,,100.0,100.0,9083.0
898.15,100.0,21861.7,,,,,100.0,100.0,9083.2
899.15,0.0,21861.7,,,,,0.0,0.0,9083.2
900.15,100.0,21820.0,,,,,100.0,100.0,9083.2
901.15,100.0,21719.8,,,,,100.0,100.0,9083.5
902.15,0.0,21761.5,,,,,0.0,0.0,9067.8
903.16,100.0,21761.5,,,,,100.0,100.0,9071.5
904.16,100.0,21782.3,,,,,100.0,100.0,9073.9
905.16,0.0,21844.6,,,,,0.0,0.0,9072.8
906.16,100.0,21861.6,,,,,100.0,100.0,9078.7
907.16,100.0,21944.6,,,,,100.0,100.0,9081.3
908.16,100.0,21903.3,,,,,100.0,100.0,9083.2
909.16,0.0,21903.3,,,,,0.0,0.0,9083.2
910.16,100.0,21861.7,,,,,100.0,100.0,9083.4
911.16,100.0,21820.0,,,,,100.0,100.0,9083.4
912.16,100.0,21719.8,,,,,100.0,100.0,9083.6
913.16,0.0,21719.9,,,,,0.0,0.0,9066.0
914.16,100.0,21761.5,,,,,100.0,100.0,9078.2
915.16,0.0,21803.0,,,,,0.0,0.0,9072.5
916.16,100.0,21844.6,,,,,100.0,100.0,9069.3
917.16,100.0,21844.6,,,,,100.0,100.0,9065.4
918.16,100.0,21944.6,,,,,100.0,100.0,9081.8
919.16,0.0,21944.6,,,,,0.0,0.0,9081.8
920.16,100.0,21903.3,,,,,100.0,100.0,9083.6
921.16,100.0,21861.7,,,,,100.0,100.0,9083.8
922.16,100.0,21820.0,,,,,100.0,100.0,9083.8
923.16,0.0,21820.0,,,,,0.0,0.0,9083.8
924.16,100.0,21719.9,,,,,100.0,100.0,9077.8
925.16,0.0,21761.5,,,,,0.0,0.0,9066.1
926.16,100.0,21803.0,,,,,100.0,100.0,9078.4
927.16,100.0,21803.0,,,,,100.0,100.0,9066.4
928.16,100.0,21844.6,,,,,100.0,100.0,9079.2
929.16,0.0,21878.6,,,,,0.0,0.0,9079.4
930.16,100.0,21944.6,,,,,100.0,100.0,9082.0
931.16,100.0,21903.3,,,,,100.0,100.0,9084.0
932.16,100.0,21861.7,,,,,100.0,100.0,9084.2
933.16,0.0,21861.7,,,,,0.0,0.0,9084.2
934.16,100.0,21820.0,,,,,100.0,100.0,9084.2
935.16,100.0,21719.8,,,,,100.0,100.0,9064.3
936.16,0.0,21761.5,,,,,0.0,0.0,9077.8
937.16,100.0,21761.5,,,,,100.0,100.0,9064.4
938.16,100.0,21782.3,,,,,100.0,100.0,9076.5
939.16,0.0,21844.6,,,,,0.0,0.0,9066.2
940.16,100.0,21844.6,,,,,100.0,100.0,9073.7
941.16,100.0,21944.6,,,,,100.0,100.0,9082.3
942.16,100.0,21903.3,,,,,100.0,100.0,9084.2
943.16,0.0,21903.3,,,,,0.0,0.0,9084.2
944.16,100.0,21861.7,,,,,100.0,100.0,9084.4
945.16,100.0,21820.0,,,,,100.0,100.0,9084.4
946.16,100.0,21719.8,,,,,100.0,100.0,9084.5
947.16,0.0,21719.9,,,,,0.0,0.0,9066.6
948.16,100.0,21761.5,,,,,100.0,100.0,9078.3
949.16,0.0,21803.0,,,,,0.0,0.0,9079.2
950.16,100.0,21803.0,,,,,100.0,100.0,9073.2
951.16,100.0,21844.6,,,,,100.0,100.0,9079.9
952.16,100.0,21944.6,,,,,100.0,100.0,9082.5
953.16,0.0,21944.6,,,,,0.0,0.0,9082.5
954.16,100.0,21903.3,,,,,100.0,100.0,9084.5
955.16,100.0,21861.7,,,,,100.0,100.0,9084.6
956.16,100.0,21820.0,,,,,100.0,100.0,9084.6
957.16,0.0,21820.0,,,,,0.0,0.0,9084.6
958.16,100.0,21719.9,,,,,100.0,100.0,9078.6
959.16,0.0,21761.5,,,,,0.0,0.0,9067.1
960.16,100.0,21803.0,,,,,100.0,100.0,9079.4
961.16,100.0,21803.0,,,,,100.0,100.0,9067.5
962.16,100.0,21823.8,,,,,100.0,100.0,9079.2
963.16,0.0,21878.6,,,,,0.0,0.0,9080.2
964.16,100.0,21944.6,,,,,100.0,100.0,9082.9
965.16,100.0,21903.3,,,,,100.0,100.0,9085.2
966.16,100.0,21861.7,,,,,100.0,100.0,9085.4
967.16,0.0,21861.7,,,,,0.0,0.0,9085.4
968.16,100.0,21820.0,,,,,100.0,100.0,9085.4
969.16,100.0,21719.8,,,,,100.0,100.0,9066.1
970.16,0.0,21761.5,,,,,0.0,0.0,9079.4
971.16,100.0,21761.5,,,,,100.0,100.0,9066.3
972.16,100.0,21782.3,,,,,100.0,100.0,9079.8
973.16,0.0,21844.6,,,,,0.0,0.0,9067.6
974.16,100.0,21844.6,,,,,100.0,100.0,9075.3
975.16,100.0,21944.6,,,,,100.0,100.0,9083.6
976.16,100.0,21903.3,,,,,100.0,100.0,9085.3
977.17,0.0,21903.3,,,,,0.0,0.0,9085.3
978.17,100.0,21861.7,,,,,100.0,100.0,9085.5
979.17,100.0,21820.0,,,,,100.0,100.0,9085.5
980.17,100.0,21719.8,,,,,100.0,100.0,9085.7
981.17,0.0,21719.9,,,,,0.0,0.0,9073.2
982.17,100.0,21740.7,,,,,100.0,100.0,9069.0
983.17,0.0,21803.0,,,,,0.0,0.0,9073.8
984.17,100.0,21823.8,,,,,100.0,100.0,9077.4
985.17,100.0,21844.6,,,,,100.0,100.0,9075.0
986.17,100.0,21944.6,,,,,100.0,100.0,9083.8
987.17,0.0,21944.6,,,,,0.0,0.0,9083.8
988.17,100.0,21903.3,,,,,100.0,100.0,9085.7
989.17,100.0,21861.7,,,,,100.0,100.0,9085.9
990.17,100.0,21820.0,,,,,100.0,100.0,9085.9
991.17,0.0,21820.0,,,,,0.0,0.0,9085.9
992.17,100.0,21719.9,,,,,100.0,100.0,9079.7
993.17,0.0,21761.5,,,,,0.0,0.0,9069.7
994.17,100.0,21803.0,,,,,100.0,100.0,9080.6
995.17,100.0,21803.0,,,,,100.0,100.0,9080.7
996.17,100.0,21823.8,,,,,100.0,100.0,9078.7
997.17,0.0,21878.6,,,,,0.0,0.0,9081.4
998.17,100.0,21944.6,,,,,100.0,100.0,9084.0
999.17,100.0,21903.3,,,,,100.0,100.0,9085.8
1000.17,100.0,21861.7,,,,,100.0,100.0,9086.0
1001.17,0.0,21861.7,,,,,0.0,0.0,9086.0
1002.17,100.0,21820.0,,,,,100.0,100.0,9086.0
1003.17,100.0,21719.8,,,,,100.0,100.0,9067.3
1004.17,0.0,21761.5,,,,,0.0,0.0,9080.0
1005.17,100.0,21761.5,,,,,100.0,100.0,9067.4
1006.17,100.0,21782.3,,,,,100.0,100.0,9078.4
1007.17,0.0,21844.6,,,,,0.0,0.0,9068.4
1008.17,100.0,21861.6,,,,,100.0,100.0,9077.0
1009.17,100.0,21944.6,,,,,100.0,100.0,9084.4
1010.17,100.0,21903.3,,,,,100.0,100.0,9086.2
1011.17,0.0,21903.3,,,,,0.0,0.0,9086.2
1012.17,100.0,21861.7,,,,,100.0,100.0,9086.4
1013.17,100.0,21820.0,,,,,100.0,100.0,9086.4
1014.17,100.0,21719.8,,,,,100.0,100.0,9086.5
1015.17,0.0,21719.9,,,,,0.0,0.0,9067.5
1016.17,100.0,21761.5,,,,,100.0,100.0,9060.9
1017.17,0.0,21803.0,,,,,0.0,0.0,9067.2
1018.17,100.0,21823.8,,,,,100.0,100.0,9079.0
1019.17,100.0,21844.6,,,,,100.0,100.0,9068.5
1020.17,100.0,21944.6,,,,,100.0,100.0,9084.4
1021.17,0.0,21944.6,,,,,0.0,0.0,9084.4
1022.17,100.0,21903.3,,,,,100.0,100.0,9086.3
1023.17,100.0,21861.7,,,,,100.0,100.0,9086.4
1024.17,100.0,21820.0,,,,,100.0,100.0,9086.4
1025.17,0.0,21820.0,,,,,0.0,0.0,9086.4
1026.17,100.0,21719.9,,,,,100.0,100.0,9080.5
1027.17,0.0,21761.5,,,,,0.0,0.0,9069.5
1028.17,100.0,21803.0,,,,,100.0,100.0,9081.3
1029.17,100.0,21803.0,,,,,100.0,100.0,9081.4
1030.17,100.0,21803.0,,,,,100.0,100.0,9077.8
1031.17,0.0,21878.6,,,,,0.0,0.0,9082.1
1032.17,100.0,21944.6,,,,,100.0,100.0,9084.6
1033.17,100.0,21903.3,,,,,100.0,100.0,9086.6
1034.17,100.0,21861.7,,,,,100.0,100.0,9086.8
1035.17,0.0,21861.7,,,,,0.0,0.0,9086.8
1036.17,100.0,21820.0,,,,,100.0,100.0,9086.8
1037.17,100.0,21719.8,,,,,100.0,100.0,9067.5
1038.17,0.0,21761.5,,,,,0.0,0.0,9080.9
1039.17,100.0,21761.5,,,,,100.0,100.0,9068.5
1040.17,100.0,21782.3,,,,,100.0,100.0,9080.0
1041.17,0.0,21844.6,,,,,0.0,0.0,9068.0
1042.17,100.0,21844.6,,,,,100.0,100.0,9075.6
1043.17,100.0,21944.6,,,,,100.0,100.0,9085.1
1044.17,100.0,21903.3,,,,,100.0,100.0,9086.9
1045.17,0.0,21903.3,,,,,0.0,0.0,9086.9
1046.17,100.0,21861.7,,,,,100.0,100.0,9087.0
1047.17,100.0,21820.0,,,,,100.0,100.0,9087.0
1048.17,100.0,21719.8,,,,,100.0,100.0,9087.2
1049.17,0.0,21719.9,,,,,0.0,0.0,9068.0
1050.17,100.0,21761.5,,,,,100.0,100.0,9081.0
1051.18,0.0,21803.0,,,,,0.0,0.0,9068.1
1052.18,100.0,21823.8,,,,,100.0,100.0,9077.7
1053.18,100.0,21844.6,,,,,100.0,100.0,9067.4
1054.18,100.0,21944.6,,,,,100.0,100.0,9085.5
1055.18,0.0,21944.6,,,,,0.0,0.0,9085.5
1056.18,100.0,21903.3,,,,,100.0,100.0,9087.3
1057.18,100.0,21861.7,,,,,100.0,100.0,9087.5
1058.18,100.0,21820.0,,,,,100.0,100.0,9087.5
1059.18,0.0,21820.0,,,,,0.0,0.0,9087.5
1060.18,100.0,21719.9,,,,,100.0,100.0,9081.4
1061.18,0.0,21761.5,,,,,0.0,0.0,9075.6
1062.18,100.0,21803.0,,,,,100.0,100.0,9072.2
1063.18,100.0,21803.0,,,,,100.0,100.0,9068.4
1064.18,100.0,21823.8,,,,,100.0,100.0,9081.3
1065.18,0.0,21878.6,,,,,0.0,0.0,9083.0
1066.18,100.0,21944.6,,,,,100.0,100.0,9085.6
1067.18,100.0,21903.3,,,,,100.0,100.0,9087.5
1068.18,100.0,21861.7,,,,,100.0,100.0,9087.6
1069.18,0.0,21861.7,,,,,0.0,0.0,9087.6
1070.18,100.0,21820.0,,,,,100.0,100.0,9087.6
1071.18,100.0,21719.8,,,,,100.0,100.0,9070.0
1072.18,0.0,21761.5,,,,,0.0,0.0,9081.6
1073.18,100.0,21761.5,,,,,100.0,100.0,9070.3
1074.18,100.0,21782.3,,,,,100.0,100.0,9082.1
1075.18,0.0,21844.6,,,,,0.0,0.0,9083.3
1076.18,100.0,21861.6,,,,,100.0,100.0,9080.7
1077.18,100.0,21944.6,,,,,100.0,100.0,9085.8
1078.18,100.0,21903.3,,,,,100.0,100.0,9087.6
1079.18,0.0,21903.3,,,,,0.0,0.0,9087.6
1080.18,100.0,21861.7,,,,,100.0,100.0,9087.7
1081.18,100.0,21820.0,,,,,100.0,100.0,9087.7
1082.18,100.0,21719.8,,,,,100.0,100.0,9061.4
1083.18,0.0,21719.9,,,,,0.0,0.0,9069.7
1084.18,100.0,21761.5,,,,,100.0,100.0,9082.2
1085.18,0.0,21803.0,,,,,0.0,0.0,9070.1
1086.18,100.0,21841.3,,,,,100.0,100.0,9083.1
1087.18,100.0,21844.6,,,,,100.0,100.0,9069.5
1088.18,100.0,21944.6,,,,,100.0,100.0,9085.8
1089.18,0.0,21944.6,,,,,0.0,0.0,9085.8
1090.18,100.0,21903.3,,,,,100.0,100.0,9087.9
1091.18,100.0,21861.7,,,,,100.0,100.0,9088.1
1092.18,100.0,21820.0,,,,,100.0,100.0,9088.1
1093.18,0.0,21820.0,,,,,0.0,0.0,9088.1
1094.18,100.0,21719.9,,,,,100.0,100.0,9072.2
1095.18,0.0,21761.5,,,,,0.0,0.0,9070.3
1096.18,100.0,21803.0,,,,,100.0,100.0,9063.1
1097.18,100.0,21803.0,,,,,100.0,100.0,9068.6
1098.18,100.0,21823.8,,,,,100.0,100.0,9079.6
1099.18,0.0,21878.6,,,,,0.0,0.0,9083.8
1100.18,100.0,21944.6,,,,,100.0,100.0,9086.3
1101.18,100.0,21903.3,,,,,100.0,100.0,9088.1
1102.18,100.0,21861.7,,,,,100.0,100.0,9088.3
1103.18,0.0,21861.7,,,,,0.0,0.0,9088.3
1104.18,100.0,21820.0,,,,,100.0,100.0,9088.3
1105.18,100.0,21719.8,,,,,100.0,100.0,9070.4
1106.18,0.0,21761.5,,,,,0.0,0.0,9082.3
1107.18,100.0,21761.5,,,,,100.0,100.0,9071.3
1108.18,100.0,21803.0,,,,,100.0,100.0,9083.2
1109.18,0.0,21844.6,,,,,0.0,0.0,9077.9
1110.18,100.0,21861.6,,,,,100.0,100.0,9082.1
1111.18,100.0,21944.6,,,,,100.0,100.0,9086.6
1112.18,100.0,21903.3,,,,,100.0,100.0,9088.5
1113.18,0.0,21903.3,,,,,0.0,0.0,9088.5
1114.18,100.0,21861.7,,,,,100.0,100.0,9088.7
1115.18,100.0,21820.0,,,,,100.0,100.0,9088.7
1116.18,100.0,21719.8,,,,,100.0,100.0,9088.9
1117.18,0.0,21719.9,,,,,0.0,0.0,9069.6
1118.18,100.0,21761.5,,,,,100.0,100.0,9083.0
1119.18,0.0,21803.0,,,,,0.0,0.0,9070.7
1120.18,100.0,21823.8,,,,,100.0,100.0,9082.1
1121.18,100.0,21844.6,,,,,100.0,100.0,9070.4
1122.18,100.0,21944.6,,,,,100.0,100.0,9086.8
1123.18,0.0,21944.6,,,,,0.0,0.0,9086.8
1124.18,100.0,21903.3,,,,,100.0,100.0,9088.8
1125.19,100.0,21861.7,,,,,100.0,100.0,9089.0
1126.19,100.0,21820.0,,,,,100.0,100.0,9089.0
1127.19,0.0,21820.0,,,,,0.0,0.0,9089.0
1128.19,100.0,21719.9,,,,,100.0,100.0,9063.5
1129.19,0.0,21761.5,,,,,0.0,0.0,9071.3
1130.19,100.0,21803.0,,,,,100.0,100.0,9083.8
1131.19,100.0,21803.0,,,,,100.0,100.0,9069.8
1132.19,100.0,21803.0,,,,,100.0,100.0,9080.2
1133.19,0.0,21878.6,,,,,0.0,0.0,9084.8
1134.19,100.0,21944.6,,,,,100.0,100.0,9087.4
1135.19,100.0,21903.3,,,,,100.0,100.0,9089.2
1136.19,100.0,21861.7,,,,,100.0,100.0,9089.3
1137.19,0.0,21861.7,,,,,0.0,0.0,9089.3
1138.19,100.0,21820.0,,,,,100.0,100.0,9089.3
1139.19,100.0,21719.8,,,,,100.0,100.0,9071.7
1140.19,0.0,21761.5,,,,,0.0,0.0,9083.4
1141.19,100.0,21761.5,,,,,100.0,100.0,9083.4
1142.19,100.0,21803.0,,,,,100.0,100.0,9083.9
1143.19,0.0,21844.6,,,,,0.0,0.0,9077.9
1144.19,100.0,21844.6,,,,,100.0,100.0,9079.9
1145.19,100.0,21944.6,,,,,100.0,100.0,9087.5
1146.19,100.0,21903.3,,,,,100.0,100.0,9089.5
1147.19,0.0,21903.3,,,,,0.0,0.0,9089.5
1148.19,100.0,21861.7,,,,,100.0,100.0,9089.6
1149.19,100.0,21820.0,,,,,100.0,100.0,9089.7
1150.19,100.0,21719.8,,,,,100.0,100.0,9089.8
1151.19,0.0,21719.9,,,,,0.0,0.0,9073.1
1152.19,100.0,21761.5,,,,,100.0,100.0,9084.2
1153.19,0.0,21803.0,,,,,0.0,0.0,9073.7
1154.19,100.0,21844.6,,,,,100.0,100.0,9085.6
1155.19,100.0,21844.6,,,,,100.0,100.0,9079.5
1156.19,100.0,21944.6,,,,,100.0,100.0,9088.3
1157.19,0.0,21944.6,,,,,0.0,0.0,9088.3
1158.19,100.0,21903.3,,,,,100.0,100.0,9090.0
1159.19,100.0,21861.7,,,,,100.0,100.0,9090.2
1160.19,100.0,21820.0,,,,,100.0,100.0,9090.2
1161.19,0.0,21820.0,,,,,0.0,0.0,9090.2
1162.19,100.0,21719.9,,,,,100.0,100.0,9065.3
1163.19,0.0,21761.5,,,,,0.0,0.0,9072.6
1164.19,100.0,21803.0,,,,,100.0,100.0,9084.6
1165.19,100.0,21803.0,,,,,100.0,100.0,9072.4
1166.19,100.0,21823.8,,,,,100.0,100.0,9084.9
1167.19,0.0,21878.6,,,,,0.0,0.0,9085.8
1168.19,100.0,21944.6,,,,,100.0,100.0,9088.4
1169.19,100.0,21903.3,,,,,100.0,100.0,9090.3
1170.19,100.0,21861.7,,,,,100.0,100.0,9090.5
1171.19,0.0,21861.7,,,,,0.0,0.0,9090.5
1172.19,100.0,21820.0,,,,,100.0,100.0,9090.5
1173.19,100.0,21719.8,,,,,100.0,100.0,9074.3
1174.19,0.0,21761.5,,,,,0.0,0.0,9075.7
1175.19,100.0,21761.5,,,,,100.0,100.0,9073.1
1176.19,100.0,21803.0,,,,,100.0,100.0,9065.9
1177.19,0.0,21844.6,,,,,0.0,0.0,9073.1
1178.19,100.0,21861.6,,,,,100.0,100.0,9085.5
1179.19,100.0,21944.6,,,,,100.0,100.0,9088.8
1180.19,100.0,21903.3,,,,,100.0,100.0,9090.6
1181.19,0.0,21903.3,,,,,0.0,0.0,9090.6
1182.19,100.0,21861.7,,,,,100.0,100.0,9090.8
1183.19,100.0,21820.0,,,,,100.0,100.0,9090.8
1184.19,100.0,21719.8,,,,,100.0,100.0,9091.0
1185.19,0.0,21719.9,,,,,0.0,0.0,9074.3
1186.19,100.0,21761.5,,,,,100.0,100.0,9084.7
1187.19,0.0,21803.0,,,,,0.0,0.0,9074.0
1188.19,100.0,21844.6,,,,,100.0,100.0,9076.7
1189.19,100.0,21844.6,,,,,100.0,100.0,9080.1
1190.19,100.0,21944.6,,,,,100.0,100.0,9088.4
1191.19,0.0,21944.6,,,,,0.0,0.0,9088.4
1192.19,100.0,21903.3,,,,,100.0,100.0,9090.4
1193.19,100.0,21861.7,,,,,100.0,100.0,9090.6
1194.19,100.0,21820.0,,,,,100.0,100.0,9090.6
1195.19,0.0,21820.0,,,,,0.0,0.0,9090.6
1196.19,100.0,21719.9,,,,,100.0,100.0,9084.6
1197.19,0.0,21761.5,,,,,0.0,0.0,9073.5
1198.2,100.0,21803.0,,,,,100.0,100.0,9085.4
1199.2,100.0,21803.0,,,,,100.0,100.0,9073.5
1200.2,100.0,21844.6,,,,,100.0,100.0,9086.1
1201.2,0.0,21878.6,,,,,0.0,0.0,9086.2
1202.2,100.0,21944.6,,,,,100.0,100.0,9088.8
1203.2,100.0,21903.3,,,,,100.0,100.0,9090.8
1204.2,100.0,21861.7,,,,,100.0,100.0,9090.9
1205.2,0.0,21861.7,,,,,0.0,0.0,9090.9
1206.2,100.0,21820.0,,,,,100.0,100.0,9090.9
1207.2,100.0,21719.8,,,,,100.0,100.0,9073.6
1208.2,0.0,21761.5,,,,,0.0,0.0,9066.0
1209.2,100.0,21761.5,,,,,100.0,100.0,9073.0
1210.2,100.0,21803.0,,,,,100.0,100.0,9085.7
1211.2,0.0,21844.6,,,,,0.0,0.0,9072.7
1212.2,100.0,21861.6,,,,,100.0,100.0,9083.5
1213.2,100.0,21944.6,,,,,100.0,100.0,9089.0
1214.2,100.0,21903.3,,,,,100.0,100.0,9091.0
1215.2,0.0,21903.3,,,,,0.0,0.0,9091.0
1216.2,100.0,21861.7,,,,,100.0,100.0,9091.2
1217.2,100.0,21820.0,,,,,100.0,100.0,9091.2
1218.2,100.0,21719.8,,,,,100.0,100.0,9091.4
1219.2,0.0,21719.9,,,,,0.0,0.0,9074.8
1220.2,100.0,21761.5,,,,,100.0,100.0,9085.6
1221.2,0.0,21803.0,,,,,0.0,0.0,9080.6
1222.2,100.0,21844.6,,,,,100.0,100.0,9077.3
1223.2,100.0,21844.6,,,,,100.0,100.0,9081.2
1224.2,100.0,21944.6,,,,,100.0,100.0,9089.5
1225.2,0.0,21944.6,,,,,0.0,0.0,9089.5
1226.2,100.0,21903.3,,,,,100.0,100.0,9091.2
1227.2,100.0,21861.7,,,,,100.0,100.0,9091.4
1228.2,100.0,21820.0,,,,,100.0,100.0,9091.4
1229.2,0.0,21820.0,,,,,0.0,0.0,9091.4
1230.2,100.0,21719.9,,,,,100.0,100.0,9085.5
1231.2,0.0,21761.5,,,,,0.0,0.0,9075.4
1232.2,100.0,21803.0,,,,,100.0,100.0,9086.3
1233.2,100.0,21803.0,,,,,100.0,100.0,9074.7
1234.2,100.0,21844.6,,,,,100.0,100.0,9087.2
1235.2,0.0,21878.6,,,,,0.0,0.0,9087.0
1236.2,100.0,21944.6,,,,,100.0,100.0,9089.6
1237.2,100.0,21903.3,,,,,100.0,100.0,9091.4
1238.2,100.0,21861.7,,,,,100.0,100.0,9091.6
1239.2,0.0,21861.7,,,,,0.0,0.0,9091.6
1240.2,100.0,21820.0,,,,,100.0,100.0,9091.6
1241.2,100.0,21719.8,,,,,100.0,100.0,9075.6
1242.2,0.0,21761.5,,,,,0.0,0.0,9067.5
1243.2,100.0,21761.5,,,,,100.0,100.0,9075.3
1244.2,100.0,21803.0,,,,,100.0,100.0,9086.4
1245.2,0.0,21844.6,,,,,0.0,0.0,9075.9
1246.2,100.0,21861.6,,,,,100.0,100.0,9085.6
1247.2,100.0,21944.6,,,,,100.0,100.0,9090.2
1248.2,100.0,21903.3,,,,,100.0,100.0,9092.0
1249.2,0.0,21903.3,,,,,0.0,0.0,9092.0
1250.2,100.0,21861.7,,,,,100.0,100.0,9092.1
1251.2,100.0,21820.0,,,,,100.0,100.0,9092.1
1252.2,100.0,21719.8,,,,,100.0,100.0,9092.4
1253.2,0.0,21719.9,,,,,0.0,0.0,9076.6
1254.2,100.0,21761.5,,,,,100.0,100.0,9068.0
1255.2,0.0,21803.0,,,,,0.0,0.0,9074.8
1256.2,100.0,21844.6,,,,,100.0,100.0,9067.9
1257.2,100.0,21844.6,,,,,100.0,100.0,9074.2
1258.2,100.0,21944.6,,,,,100.0,100.0,9090.2
1259.2,0.0,21944.6,,,,,0.0,0.0,9090.2
1260.2,100.0,21903.3,,,,,100.0,100.0,9091.9
1261.2,100.0,21861.7,,,,,100.0,100.0,9092.1
1262.2,100.0,21820.0,,,,,100.0,100.0,9092.1
1263.2,0.0,21820.0,,,,,0.0,0.0,9092.1
1264.2,100.0,21719.9,,,,,100.0,100.0,9086.1
1265.2,0.0,21761.5,,,,,0.0,0.0,9077.7
1266.2,100.0,21803.0,,,,,100.0,100.0,9086.8
1267.2,100.0,21803.0,,,,,100.0,100.0,9076.7
1268.2,100.0,21823.8,,,,,100.0,100.0,9076.6
1269.2,0.0,21878.6,,,,,0.0,0.0,9087.6
1270.21,100.0,21944.6,,,,,100.0,100.0,9090.2
1271.21,100.0,21903.3,,,,,100.0,100.0,9092.1
1272.21,100.0,21861.7,,,,,100.0,100.0,9092.3
1273.21,0.0,21861.7,,,,,0.0,0.0,9092.3
1274.21,100.0,21820.0,,,,,100.0,100.0,9092.3
1275.21,100.0,21719.8,,,,,100.0,100.0,9077.1
1276.21,0.0,21761.5,,,,,0.0,0.0,9069.9
1277.21,100.0,21761.5,,,,,100.0,100.0,9074.7
1278.21,100.0,21803.0,,,,,100.0,100.0,9087.2
1279.21,0.0,21844.6,,,,,0.0,0.0,9074.3
1280.21,100.0,21861.6,,,,,100.0,100.0,9085.9
1281.21,100.0,21944.6,,,,,100.0,100.0,9090.7
1282.21,100.0,21903.3,,,,,100.0,100.0,9092.4
1283.21,0.0,21903.3,,,,,0.0,0.0,9092.4
1284.21,100.0,21861.7,,,,,100.0,100.0,9092.6
1285.21,100.0,21820.0,,,,,100.0,100.0,9092.6
1286.21,100.0,21719.8,,,,,100.0,100.0,9092.8
1287.21,0.0,21719.9,,,,,0.0,0.0,9079.5
1288.21,100.0,21761.5,,,,,100.0,100.0,9070.3
1289.21,0.0,21803.0,,,,,0.0,0.0,9078.1
1290.21,100.0,21844.6,,,,,100.0,100.0,9088.3
1291.21,100.0,21844.6,,,,,100.0,100.0,9077.2
1292.21,100.0,21944.6,,,,,100.0,100.0,9090.9
1293.21,0.0,21944.6,,,,,0.0,0.0,9090.9
1294.21,100.0,21903.3,,,,,100.0,100.0,9092.6
1295.21,100.0,21861.7,,,,,100.0,100.0,9092.8
1296.21,100.0,21820.0,,,,,100.0,100.0,9092.8
1297.21,0.0,21820.0,,,,,0.0,0.0,9092.8
1298.21,100.0,21719.9,,,,,100.0,100.0,9087.0
1299.21,0.0,21761.5,,,,,0.0,0.0,9080.5
1300.21,100.0,21803.0,,,,,100.0,100.0,9080.2
1301.21,100.0,21803.0,,,,,100.0,100.0,9076.7
1302.21,100.0,21844.6,,,,,100.0,100.0,9069.6
1303.21,0.0,21878.6,,,,,0.0,0.0,9088.6
1304.21,100.0,21944.6,,,,,100.0,100.0,9091.1
1305.21,100.0,21903.3,,,,,100.0,100.0,9092.8
1306.21,100.0,21861.7,,,,,100.0,100.0,9093.0
1307.21,0.0,21861.7,,,,,0.0,0.0,9093.0
1308.21,100.0,21820.0,,,,,100.0,100.0,9093.0
1309.21,100.0,21719.8,,,,,100.0,100.0,9078.7
1310.21,0.0,21761.5,,,,,0.0,0.0,9087.1
1311.21,100.0,21761.5,,,,,100.0,100.0,9076.1
1312.21,100.0,21803.0,,,,,100.0,100.0,9088.2
1313.21,0.0,21844.6,,,,,0.0,0.0,9077.6
1314.21,100.0,21878.6,,,,,100.0,100.0,9088.8
1315.21,100.0,21944.6,,,,,100.0,100.0,9091.6
1316.21,100.0,21903.3,,,,,100.0,100.0,9093.5
1317.21,0.0,21903.3,,,,,0.0,0.0,9093.5
1318.21,100.0,21861.7,,,,,100.0,100.0,9093.6
1319.21,100.0,21820.0,,,,,100.0,100.0,9093.6
1320.21,100.0,21719.8,,,,,100.0,100.0,9069.1
1321.21,0.0,21719.9,,,,,0.0,0.0,9081.6
1322.21,100.0,21761.5,,,,,100.0,100.0,9070.9
1323.21,0.0,21803.0,,,,,0.0,0.0,9077.5
1324.21,100.0,21844.6,,,,,100.0,100.0,9089.4
1325.21,100.0,21844.6,,,,,100.0,100.0,9076.8
1326.21,100.0,21944.6,,,,,100.0,100.0,9091.9
1327.21,0.0,21944.6,,,,,0.0,0.0,9091.9
1328.21,100.0,21903.3,,,,,100.0,100.0,9093.7
1329.21,100.0,21861.7,,,,,100.0,100.0,9093.9
1330.21,100.0,21820.0,,,,,100.0,100.0,9093.9
1331.21,0.0,21820.0,,,,,0.0,0.0,9093.9
1332.21,100.0,21719.9,,,,,100.0,100.0,9087.8
1333.21,0.0,21761.5,,,,,0.0,0.0,9078.6
1334.21,100.0,21803.0,,,,,100.0,100.0,9080.8
1335.21,100.0,21803.0,,,,,100.0,100.0,9078.0
1336.21,100.0,21844.6,,,,,100.0,100.0,9069.7
1337.21,0.0,21878.6,,,,,0.0,0.0,9089.1
1338.21,100.0,21944.6,,,,,100.0,100.0,9091.8
1339.21,100.0,21903.3,,,,,100.0,100.0,9093.6
1340.21,100.0,21861.7,,,,,100.0,100.0,9093.7
1341.21,0.0,21861.7,,,,,0.0,0.0,9093.7
1342.21,100.0,21820.0,,,,,100.0,100.0,9093.7
1343.22,100.0,21719.8,,,,,100.0,100.0,9078.8
1344.22,0.0,21761.5,,,,,0.0,0.0,9088.0
1345.22,100.0,21761.5,,,,,100.0,100.0,9078.6
1346.22,100.0,21803.0,,,,,100.0,100.0,9088.8
1347.22,0.0,21844.6,,,,,0.0,0.0,9078.8
1348.22,100.0,21878.6,,,,,100.0,100.0,9089.4
1349.22,100.0,21944.6,,,,,100.0,100.0,9092.0
1350.22,100.0,21903.3,,,,,100.0,100.0,9093.8
1351.22,0.0,21903.3,,,,,0.0,0.0,9093.8
1352.22,100.0,21861.7,,,,,100.0,100.0,9094.0
1353.22,100.0,21820.0,,,,,100.0,100.0,9094.0
1354.22,100.0,21719.8,,,,,100.0,100.0,9068.9
1355.22,0.0,21719.9,,,,,0.0,0.0,9079.7
1356.22,100.0,21761.5,,,,,100.0,100.0,9071.1
1357.22,0.0,21803.0,,,,,0.0,0.0,9077.4
1358.22,100.0,21844.6,,,,,100.0,100.0,9089.6
1359.22,100.0,21844.6,,,,,100.0,100.0,9077.0
1360.22,100.0,21944.6,,,,,100.0,100.0,9092.2
1361.22,0.0,21944.6,,,,,0.0,0.0,9092.2
1362.22,100.0,21903.3,,,,,100.0,100.0,9094.2
1363.22,100.0,21861.7,,,,,100.0,100.0,9094.4
1364.22,100.0,21820.0,,,,,100.0,100.0,9094.4
1365.22,0.0,21820.0,,,,,0.0,0.0,9094.4
1366.22,100.0,21719.9,,,,,100.0,100.0,9079.6
1367.22,0.0,21761.5,,,,,0.0,0.0,9078.7
1368.22,100.0,21803.0,,,,,100.0,100.0,9070.1
1369.22,100.0,21803.0,,,,,100.0,100.0,9076.9
1370.22,100.0,21844.6,,,,,100.0,100.0,9090.4
1371.22,0.0,21878.6,,,,,0.0,0.0,9090.4
1372.22,100.0,21944.6,,,,,100.0,100.0,9092.9
1373.22,100.0,21903.3,,,,,100.0,100.0,9094.8
1374.22,100.0,21861.7,,,,,100.0,100.0,9094.9
1375.22,0.0,21861.7,,,,,0.0,0.0,9094.9
1376.22,100.0,21820.0,,,,,100.0,100.0,9094.9
1377.22,100.0,21719.8,,,,,100.0,100.0,9079.8
1378.22,0.0,21761.5,,,,,0.0,0.0,9089.1
1379.22,100.0,21761.5,,,,,100.0,100.0,9081.3
1380.22,100.0,21803.0,,,,,100.0,100.0,9089.5
1381.22,0.0,21844.6,,,,,0.0,0.0,9078.7
1382.22,100.0,21878.6,,,,,100.0,100.0,9090.3
1383.22,100.0,21944.6,,,,,100.0,100.0,9093.2
1384.22,100.0,21903.3,,,,,100.0,100.0,9095.1
1385.22,0.0,21903.3,,,,,0.0,0.0,9095.1
1386.22,100.0,21861.7,,,,,100.0,100.0,9095.3
1387.22,100.0,21820.0,,,,,100.0,100.0,9095.3
1388.22,100.0,21719.8,,,,,100.0,100.0,9070.7
1389.22,0.0,21719.9,,,,,0.0,0.0,9080.8
1390.22,100.0,21761.5,,,,,100.0,100.0,9089.9
1391.22,0.0,21803.0,,,,,0.0,0.0,9079.5
1392.22,100.0,21823.8,,,,,100.0,100.0,9089.8
1393.22,100.0,21844.6,,,,,100.0,100.0,9078.2
1394.22,100.0,21944.6,,,,,100.0,100.0,9093.3
1395.22,0.0,21944.6,,,,,0.0,0.0,9093.3
1396.22,100.0,21903.3,,,,,100.0,100.0,9095.0
1397.22,100.0,21861.7,,,,,100.0,100.0,9095.2
1398.22,100.0,21820.0,,,,,100.0,100.0,9095.2
1399.22,0.0,21820.0,,,,,0.0,0.0,9095.2
1400.22,100.0,21719.9,,,,,100.0,100.0,9073.1
1401.22,0.0,21761.5,,,,,0.0,0.0,9080.7
1402.22,100.0,21781.1,,,,,100.0,100.0,9083.6
1403.22,100.0,21803.0,,,,,100.0,100.0,9088.1
1404.22,100.0,21803.0,,,,,100.0,100.0,9080.9
1405.22,0.0,21878.6,,,,,0.0,0.0,9088.9
1406.22,100.0,21944.6,,,,,100.0,100.0,9091.4
1407.22,100.0,21903.3,,,,,100.0,100.0,9093.3
1408.22,100.0,21861.7,,,,,100.0,100.0,9093.5
1409.22,0.0,21861.7,,,,,0.0,0.0,9093.5
1410.22,100.0,21820.0,,,,,100.0,100.0,9093.5
1411.22,100.0,21719.8,,,,,100.0,100.0,9081.0
1412.22,0.0,21761.5,,,,,0.0,0.0,9087.6
1413.22,100.0,21761.5,,,,,100.0,100.0,9078.5
1414.22,100.0,21803.0,,,,,100.0,100.0,9088.6
1415.23,0.0,21844.6,,,,,0.0,0.0,9083.2
1416.23,100.0,21878.6,,,,,100.0,100.0,9089.0
1417.23,100.0,21944.6,,,,,100.0,100.0,9092.0
1418.23,100.0,21903.3,,,,,100.0,100.0,9093.8
1419.23,0.0,21903.3,,,,,0.0,0.0,9093.8
1420.23,100.0,21861.7,,,,,100.0,100.0,9094.0
1421.23,100.0,21820.0,,,,,100.0,100.0,9094.0
1422.23,100.0,21719.8,,,,,100.0,100.0,9073.1
1423.23,0.0,21719.9,,,,,0.0,0.0,9082.4
1424.23,100.0,21761.5,,,,,100.0,100.0,9088.5
1425.23,0.0,21803.0,,,,,0.0,0.0,9080.7
1426.23,100.0,21844.6,,,,,100.0,100.0,9089.6
1427.23,100.0,21844.6,,,,,100.0,100.0,9079.2
1428.23,100.0,21944.6,,,,,100.0,100.0,9092.2
1429.23,0.0,21944.6,,,,,0.0,0.0,9092.2
1430.23,100.0,21903.3,,,,,100.0,100.0,9094.1
1431.23,100.0,21861.7,,,,,100.0,100.0,9094.2
1432.23,100.0,21820.0,,,,,100.0,100.0,9094.2
1433.23,0.0,21820.0,,,,,0.0,0.0,9094.2
1434.23,100.0,21719.9,,,,,100.0,100.0,9074.2
1435.23,0.0,21761.5,,,,,0.0,0.0,9083.2
1436.23,100.0,21803.0,,,,,100.0,100.0,9074.4
1437.23,100.0,21803.0,,,,,100.0,100.0,9081.5
1438.23,100.0,21844.6,,,,,100.0,100.0,9090.1
1439.23,0.0,21878.6,,,,,0.0,0.0,9089.9
1440.23,100.0,21944.6,,,,,100.0,100.0,9092.5
1441.23,100.0,21903.3,,,,,100.0,100.0,9094.3
1442.23,100.0,21861.7,,,,,100.0,100.0,9094.5
1443.23,0.0,21861.7,,,,,0.0,0.0,9094.5
1444.23,100.0,21820.0,,,,,100.0,100.0,9094.5
1445.23,100.0,21719.8,,,,,100.0,100.0,9082.7
1446.23,0.0,21761.5,,,,,0.0,0.0,9074.7
1447.23,100.0,21782.3,,,,,100.0,100.0,9085.7
1448.23,100.0,21803.0,,,,,100.0,100.0,9074.4
1449.23,0.0,21844.6,,,,,0.0,0.0,9083.7
1450.23,100.0,21878.6,,,,,100.0,100.0,9090.0
1451.23,100.0,21944.6,,,,,100.0,100.0,9092.8
1452.23,100.0,21903.3,,,,,100.0,100.0,9094.6
1453.23,0.0,21903.3,,,,,0.0,0.0,9094.6
1454.23,100.0,21861.7,,,,,100.0,100.0,9094.8
1455.23,100.0,21820.0,,,,,100.0,100.0,9094.8
1456.23,100.0,21719.8,,,,,100.0,100.0,9095.0
1457.23,0.0,21719.9,,,,,0.0,0.0,9083.5
1458.23,100.0,21761.5,,,,,100.0,100.0,9089.4
1459.23,0.0,21803.0,,,,,0.0,0.0,9081.7
1460.23,100.0,21844.6,,,,,100.0,100.0,9090.6
1461.23,100.0,21844.6,,,,,100.0,100.0,9079.6
1462.23,100.0,21944.6,,,,,100.0,100.0,9093.1
1463.23,0.0,21944.6,,,,,0.0,0.0,9093.1
1464.23,100.0,21903.3,,,,,100.0,100.0,9095.0
1465.23,100.0,21861.7,,,,,100.0,100.0,9095.2
1466.23,100.0,21820.0,,,,,100.0,100.0,9095.2
1467.23,0.0,21820.0,,,,,0.0,0.0,9095.2
1468.23,100.0,21719.9,,,,,100.0,100.0,9075.5
1469.23,0.0,21782.3,,,,,0.0,0.0,9087.5
1470.23,100.0,21803.0,,,,,100.0,100.0,9090.0
1471.23,100.0,21803.0,,,,,100.0,100.0,9084.2
1472.23,100.0,21844.6,,,,,100.0,100.0,9083.7
1473.23,0.0,21878.6,,,,,0.0,0.0,9090.8
1474.23,100.0,21944.6,,,,,100.0,100.0,9093.4
1475.23,100.0,21903.3,,,,,100.0,100.0,9095.2
1476.23,100.0,21861.7,,,,,100.0,100.0,9095.4
1477.23,0.0,21861.7,,,,,0.0,0.0,9095.4
1478.23,100.0,21820.0,,,,,100.0,100.0,9095.4
1479.23,100.0,21719.8,,,,,100.0,100.0,9085.4
1480.23,0.0,21761.5,,,,,0.0,0.0,9075.9
1481.23,100.0,21761.5,,,,,100.0,100.0,9083.0
1482.23,100.0,21803.0,,,,,100.0,100.0,9075.0
1483.23,0.0,21844.6,,,,,0.0,0.0,9082.1
1484.23,100.0,21878.6,,,,,100.0,100.0,9091.2
1485.23,100.0,21944.6,,,,,100.0,100.0,9093.9
1486.23,100.0,21903.3,,,,,100.0,100.0,9095.6
1487.24,0.0,21903.3,,,,,0.0,0.0,9095.6
1488.24,100.0,21861.7,,,,,100.0,100.0,9095.8
1489.24,100.0,21820.0,,,,,100.0,100.0,9095.8
1490.24,100.0,21719.8,,,,,100.0,100.0,9096.1
1491.24,0.0,21740.7,,,,,0.0,0.0,9087.7
1492.24,100.0,21761.5,,,,,100.0,100.0,9089.0
1493.24,0.0,21803.0,,,,,0.0,0.0,9084.6
1494.24,100.0,21844.6,,,,,100.0,100.0,9075.5
1495.24,100.0,21844.6,,,,,100.0,100.0,9081.7
1496.24,100.0,21944.6,,,,,100.0,100.0,9094.0
1497.24,0.0,21944.6,,,,,0.0,0.0,9094.0
1498.24,100.0,21903.3,,,,,100.0,100.0,9095.9
1499.24,100.0,21861.7,,,,,100.0,100.0,9096.1
1500.24,100.0,21820.0,,,,,100.0,100.0,9096.2
1501.24,0.0,21820.0,,,,,0.0,0.0,9096.2
1502.24,100.0,21719.9,,,,,100.0,100.0,9076.4
1503.24,0.0,21761.5,,,,,0.0,0.0,9087.2
1504.24,100.0,21803.0,,,,,100.0,100.0,9091.2
1505.24,100.0,21803.0,,,,,100.0,100.0,9085.8
1506.24,100.0,21844.6,,,,,100.0,100.0,9084.7
1507.24,0.0,21878.6,,,,,0.0,0.0,9092.1
1508.24,100.0,21944.6,,,,,100.0,100.0,9094.7
1509.24,100.0,21903.3,,,,,100.0,100.0,9096.3
1510.24,100.0,21861.7,,,,,100.0,100.0,9096.5
1511.24,0.0,21861.7,,,,,0.0,0.0,9096.5
1512.24,100.0,21820.0,,,,,100.0,100.0,9096.5
1513.24,100.0,21702.8,,,,,100.0,100.0,9087.6
1514.24,0.0,21761.5,,,,,0.0,0.0,9077.5
1515.24,100.0,21761.5,,,,,100.0,100.0,9085.4
1516.24,100.0,21803.0,,,,,100.0,100.0,9075.7
1517.24,0.0,21861.6,,,,,0.0,0.0,9085.8
1518.24,100.0,21878.6,,,,,100.0,100.0,9091.8
1519.24,100.0,21944.6,,,,,100.0,100.0,9094.7
1520.24,100.0,21903.3,,,,,100.0,100.0,9096.5
1521.24,0.0,21903.3,,,,,0.0,0.0,9096.5
1522.24,100.0,21861.7,,,,,100.0,100.0,9096.7
1523.24,100.0,21820.0,,,,,100.0,100.0,9096.7
1524.24,100.0,21719.8,,,,,100.0,100.0,9096.9
1525.24,0.0,21719.9,,,,,0.0,0.0,9087.8
1526.24,100.0,21761.5,,,,,100.0,100.0,9076.1
1527.24,0.0,21803.0,,,,,0.0,0.0,9083.1
1528.24,100.0,21844.6,,,,,100.0,100.0,9075.2
1529.24,100.0,21844.6,,,,,100.0,100.0,9082.0
1530.24,100.0,21944.6,,,,,100.0,100.0,9095.0
1531.24,0.0,21944.6,,,,,0.0,0.0,9095.0
1532.24,100.0,21903.3,,,,,100.0,100.0,9096.8
1533.24,100.0,21861.7,,,,,100.0,100.0,9096.9
1534.24,100.0,21820.0,,,,,100.0,100.0,9096.9
1535.24,0.0,21820.0,,,,,0.0,0.0,9096.9
1536.24,100.0,21719.9,,,,,100.0,100.0,9090.9
1537.24,0.0,21782.3,,,,,0.0,0.0,9089.1
1538.24,100.0,21803.0,,,,,100.0,100.0,9085.1
1539.24,100.0,21823.8,,,,,100.0,100.0,9088.2
1540.24,100.0,21844.6,,,,,100.0,100.0,9085.6
1541.24,0.0,21878.6,,,,,0.0,0.0,9092.5
1542.24,100.0,21944.6,,,,,100.0,100.0,9095.1
1543.24,100.0,21903.3,,,,,100.0,100.0,9097.0
1544.24,100.0,21861.7,,,,,100.0,100.0,9097.1
1545.24,0.0,21861.7,,,,,0.0,0.0,9097.1
1546.24,100.0,21820.0,,,,,100.0,100.0,9097.2
1547.24,100.0,21694.8,,,,,100.0,100.0,9089.2
1548.24,0.0,21761.5,,,,,0.0,0.0,9077.3
1549.24,100.0,21761.5,,,,,100.0,100.0,9084.0
1550.24,100.0,21803.0,,,,,100.0,100.0,9092.1
1551.24,0.0,21844.6,,,,,0.0,0.0,9082.3
1552.24,100.0,21878.6,,,,,100.0,100.0,9093.0
1553.24,100.0,21944.6,,,,,100.0,100.0,9095.5
1554.24,100.0,21903.3,,,,,100.0,100.0,9097.2
1555.24,0.0,21903.3,,,,,0.0,0.0,9097.2
1556.24,100.0,21861.7,,,,,100.0,100.0,9097.4
1557.24,100.0,21820.0,,,,,100.0,100.0,9097.4
1558.24,100.0,21719.8,,,,,100.0,100.0,9097.6
1559.25,0.0,21740.7,,,,,0.0,0.0,9089.4
1560.25,100.0,21761.5,,,,,100.0,100.0,9077.6
1561.25,0.0,21803.0,,,,,0.0,0.0,9082.7
1562.25,100.0,21844.6,,,,,100.0,100.0,9075.4
1563.25,100.0,21844.6,,,,,100.0,100.0,9082.2
1564.25,100.0,21944.6,,,,,100.0,100.0,9095.8
1565.25,0.0,21944.6,,,,,0.0,0.0,9095.8
1566.25,100.0,21903.3,,,,,100.0,100.0,9097.4
1567.25,100.0,21861.7,,,,,100.0,100.0,9097.6
1568.25,100.0,21820.0,,,,,100.0,100.0,9097.6
1569.25,0.0,21820.0,,,,,0.0,0.0,9097.6
1570.25,100.0,21719.9,,,,,100.0,100.0,9091.9
1571.25,0.0,21761.5,,,,,0.0,0.0,9086.1
1572.25,100.0,21803.0,,,,,100.0,100.0,9092.7
1573.25,100.0,21803.0,,,,,100.0,100.0,9082.3
1574.25,100.0,21844.6,,,,,100.0,100.0,9093.4
1575.25,0.0,21878.6,,,,,0.0,0.0,9093.2
1576.25,100.0,21944.6,,,,,100.0,100.0,9095.8
1577.25,100.0,21903.3,,,,,100.0,100.0,9097.7
1578.25,100.0,21861.7,,,,,100.0,100.0,9097.9
1579.25,0.0,21861.7,,,,,0.0,0.0,9097.9
1580.25,100.0,21820.0,,,,,100.0,100.0,9097.9
1581.25,100.0,21702.8,,,,,100.0,100.0,9088.7
1582.25,0.0,21761.5,,,,,0.0,0.0,9078.6
1583.25,100.0,21782.3,,,,,100.0,100.0,9087.4
1584.25,100.0,21803.0,,,,,100.0,100.0,9093.3
1585.25,0.0,21844.6,,,,,0.0,0.0,9085.6
1586.25,100.0,21878.6,,,,,100.0,100.0,9093.6
1587.25,100.0,21944.6,,,,,100.0,100.0,9096.2
1588.25,100.0,21903.3,,,,,100.0,100.0,9098.1
1589.25,0.0,21903.3,,,,,0.0,0.0,9098.1
1590.25,100.0,21861.7,,,,,100.0,100.0,9098.3
1591.25,100.0,21820.0,,,,,100.0,100.0,9098.3
1592.25,100.0,21719.8,,,,,100.0,100.0,9077.1
1593.25,0.0,21740.7,,,,,0.0,0.0,9091.5
1594.25,100.0,21761.5,,,,,100.0,100.0,9078.8
1595.25,0.0,21803.0,,,,,0.0,0.0,9085.9
1596.25,100.0,21844.6,,,,,100.0,100.0,9078.1
1597.25,100.0,21844.6,,,,,100.0,100.0,9085.1
1598.25,100.0,21944.6,,,,,100.0,100.0,9096.4
1599.25,0.0,21944.6,,,,,0.0,0.0,9096.4
1600.25,100.0,21903.3,,,,,100.0,100.0,9098.2
1601.25,100.0,21861.7,,,,,100.0,100.0,9098.4
1602.25,100.0,21820.0,,,,,100.0,100.0,9098.4
1603.25,0.0,21820.0,,,,,0.0,0.0,9098.4
1604.25,100.0,21719.9,,,,,100.0,100.0,9092.5
1605.25,0.0,21761.5,,,,,0.0,0.0,9090.3
1606.25,100.0,21803.0,,,,,100.0,100.0,9084.7
1607.25,100.0,21803.0,,,,,100.0,100.0,9085.7
1608.25,100.0,21844.6,,,,,100.0,100.0,9085.9
1609.25,0.0,21878.6,,,,,0.0,0.0,9093.9
1610.25,100.0,21944.6,,,,,100.0,100.0,9096.5
1611.25,100.0,21903.3,,,,,100.0,100.0,9098.4
1612.25,100.0,21861.7,,,,,100.0,100.0,9098.6
1613.25,0.0,21861.7,,,,,0.0,0.0,9098.6
1614.25,100.0,21820.0,,,,,100.0,100.0,9098.6
1615.25,100.0,21702.8,,,,,100.0,100.0,9089.0
1616.25,0.0,21761.5,,,,,0.0,0.0,9079.4
1617.25,100.0,21761.5,,,,,100.0,100.0,9090.3
1618.25,100.0,21803.0,,,,,100.0,100.0,9094.1
1619.25,0.0,21844.6,,,,,0.0,0.0,9088.8
1620.25,100.0,21878.6,,,,,100.0,100.0,9094.3
1621.25,100.0,21944.6,,,,,100.0,100.0,9096.8
1622.25,100.0,21903.3,,,,,100.0,100.0,9098.6
1623.25,0.0,21903.3,,,,,0.0,0.0,9098.6
1624.25,100.0,21861.7,,,,,100.0,100.0,9098.8
1625.25,100.0,21820.0,,,,,100.0,100.0,9098.9
1626.25,100.0,21719.8,,,,,100.0,100.0,9077.1
1627.25,0.0,21719.9,,,,,0.0,0.0,9088.0
1628.25,100.0,21761.5,,,,,100.0,100.0,9077.2
1629.25,0.0,21803.0,,,,,0.0,0.0,9085.8
1630.25,100.0,21844.6,,,,,100.0,100.0,9094.6
1631.26,100.0,21844.6,,,,,100.0,100.0,9082.4
1632.26,100.0,21944.6,,,,,100.0,100.0,9097.2
1633.26,0.0,21944.6,,,,,0.0,0.0,9097.2
1634.26,100.0,21903.3,,,,,100.0,100.0,9099.0
1635.26,100.0,21861.7,,,,,100.0,100.0,9099.2
1636.26,100.0,21820.0,,,,,100.0,100.0,9099.2
1637.26,0.0,21820.0,,,,,0.0,0.0,9099.2
1638.26,100.0,21719.9,,,,,100.0,100.0,9093.3
1639.26,0.0,21761.5,,,,,0.0,0.0,9089.0
1640.26,100.0,21803.0,,,,,100.0,100.0,9087.1
1641.26,100.0,21803.0,,,,,100.0,100.0,9086.4
1642.26,100.0,21844.6,,,,,100.0,100.0,9087.7
1643.26,0.0,21878.6,,,,,0.0,0.0,9094.9
1644.26,100.0,21944.6,,,,,100.0,100.0,9097.5
1645.26,100.0,21903.3,,,,,100.0,100.0,9099.2
1646.26,100.0,21861.7,,,,,100.0,100.0,9099.4
1647.26,0.0,21861.7,,,,,0.0,0.0,9099.4
1648.26,100.0,21820.0,,,,,100.0,100.0,9099.4
1649.26,100.0,21685.8,,,,,100.0,100.0,9091.4
1650.26,0.0,21761.5,,,,,0.0,0.0,9093.8
1651.26,100.0,21761.5,,,,,100.0,100.0,9087.2
1652.26,100.0,21803.0,,,,,100.0,100.0,9086.5
1653.26,0.0,21844.6,,,,,0.0,0.0,9087.6
1654.26,100.0,21861.6,,,,,100.0,100.0,9093.8
1655.26,100.0,21944.6,,,,,100.0,100.0,9097.7
1656.26,100.0,21903.3,,,,,100.0,100.0,9099.4
1657.26,0.0,21903.3,,,,,0.0,0.0,9099.4
1658.26,100.0,21861.7,,,,,100.0,100.0,9099.6
1659.26,100.0,21820.0,,,,,100.0,100.0,9099.6
1660.26,100.0,21719.8,,,,,100.0,100.0,9079.1
1661.26,0.0,21739.0,,,,,0.0,0.0,9091.7
1662.26,100.0,21761.5,,,,,100.0,100.0,9080.1
1663.26,0.0,21803.0,,,,,0.0,0.0,9088.1
1664.26,100.0,21844.6,,,,,100.0,100.0,9095.5
1665.26,100.0,21844.6,,,,,100.0,100.0,9087.2
1666.26,100.0,21944.6,,,,,100.0,100.0,9098.2
1667.26,0.0,21944.6,,,,,0.0,0.0,9098.2
1668.26,100.0,21903.3,,,,,100.0,100.0,9100.0
1669.26,100.0,21861.7,,,,,100.0,100.0,9100.1
1670.26,100.0,21820.0,,,,,100.0,100.0,9100.2
1671.26,0.0,21820.0,,,,,0.0,0.0,9100.2
1672.26,100.0,21719.9,,,,,100.0,100.0,9078.8
1673.26,0.0,21778.5,,,,,0.0,0.0,9091.2
1674.26,100.0,21803.0,,,,,100.0,100.0,9080.6
1675.26,100.0,21803.0,,,,,100.0,100.0,9088.2
1676.26,100.0,21844.6,,,,,100.0,100.0,9078.0
1677.26,0.0,21878.6,,,,,0.0,0.0,9095.7
1678.26,100.0,21944.6,,,,,100.0,100.0,9098.3
1679.26,100.0,21903.3,,,,,100.0,100.0,9100.1
1680.26,100.0,21861.7,,,,,100.0,100.0,9100.3
1681.26,0.0,21861.7,,,,,0.0,0.0,9100.3
1682.26,100.0,21820.0,,,,,100.0,100.0,9100.3
1683.26,100.0,21719.9,,,,,100.0,100.0,9094.1
1684.26,0.0,21761.5,,,,,0.0,0.0,9094.5
1685.26,100.0,21761.5,,,,,100.0,100.0,9091.4
1686.26,100.0,21803.0,,,,,100.0,100.0,9095.2
1687.26,0.0,21844.6,,,,,0.0,0.0,9086.9
1688.26,100.0,21878.6,,,,,100.0,100.0,9095.9
1689.26,100.0,21944.6,,,,,100.0,100.0,9098.6
1690.26,100.0,21903.3,,,,,100.0,100.0,9100.2
1691.26,0.0,21903.3,,,,,0.0,0.0,9100.2
1692.26,100.0,21861.7,,,,,100.0,100.0,9100.4
1693.26,100.0,21820.0,,,,,100.0,100.0,9100.4
1694.26,100.0,21719.8,,,,,100.0,100.0,9079.9
1695.26,0.0,21740.7,,,,,0.0,0.0,9092.6
1696.26,100.0,21761.5,,,,,100.0,100.0,9080.4
1697.26,0.0,21803.0,,,,,0.0,0.0,9087.9
1698.26,100.0,21844.6,,,,,100.0,100.0,9096.4
1699.26,100.0,21844.6,,,,,100.0,100.0,9088.8
1700.26,100.0,21944.6,,,,,100.0,100.0,9098.8
1701.26,0.0,21944.6,,,,,0.0,0.0,9098.8
1702.27,100.0,21903.3,,,,,100.0,100.0,9100.5
1703.27,100.0,21861.7,,,,,100.0,100.0,9100.7
1704.27,100.0,21820.0,,,,,100.0,100.0,9100.7
1705.27,0.0,21820.0,,,,,0.0,0.0,9100.7
1706.27,100.0,21719.9,,,,,100.0,100.0,9080.4
1707.27,100.0,21740.7,,,,,100.0,100.0,9093.7
1708.27,0.0,21803.0,,,,,0.0,0.0,9081.8
1709.27,100.0,21803.0,,,,,100.0,100.0,9090.2
1710.27,100.0,21844.6,,,,,100.0,100.0,9096.7
1711.27,100.0,21839.9,,,,,100.0,100.0,9096.9
1712.27,0.0,21944.6,,,,,0.0,0.0,9099.1
1713.27,100.0,21903.3,,,,,100.0,100.0,9100.9
1714.27,100.0,21861.7,,,,,100.0,100.0,9101.1
1715.27,0.0,21861.7,,,,,0.0,0.0,9101.1
1716.27,100.0,21820.0,,,,,100.0,100.0,9101.1
1717.27,100.0,21719.9,,,,,100.0,100.0,9094.9
1718.27,0.0,21761.5,,,,,0.0,0.0,9088.0
1719.27,100.0,21761.5,,,,,100.0,100.0,9090.1
1720.27,100.0,21803.0,,,,,100.0,100.0,9095.9
1721.27,100.0,21803.0,,,,,100.0,100.0,9084.1
1722.27,0.0,21878.6,,,,,0.0,0.0,9096.5
1723.27,100.0,21944.6,,,,,100.0,100.0,9099.2
1724.27,100.0,21903.3,,,,,100.0,100.0,9101.0
1725.27,0.0,21903.3,,,,,0.0,0.0,9101.0
1726.27,100.0,21861.7,,,,,100.0,100.0,9101.2
1727.27,100.0,21820.0,,,,,100.0,100.0,9101.2
1728.27,100.0,21719.8,,,,,100.0,100.0,9081.4
1729.27,0.0,21740.7,,,,,0.0,0.0,9093.4
1730.27,100.0,21761.5,,,,,100.0,100.0,9096.0
1731.27,100.0,21761.5,,,,,100.0,100.0,9090.8
1732.27,0.0,21844.6,,,,,0.0,0.0,9097.1
1733.27,100.0,21844.6,,,,,100.0,100.0,9090.2
1734.27,100.0,21944.6,,,,,100.0,100.0,9099.6
1735.27,100.0,21903.1,,,,,100.0,100.0,9101.1
1736.27,0.0,21903.3,,,,,0.0,0.0,9101.4
1737.27,100.0,21861.7,,,,,100.0,100.0,9101.6
1738.27,100.0,21820.0,,,,,100.0,100.0,9101.6
1739.27,0.0,21820.0,,,,,0.0,0.0,9101.6
1740.27,100.0,21719.9,,,,,100.0,100.0,9082.0
1741.27,100.0,21740.7,,,,,100.0,100.0,9093.2
1742.27,0.0,21803.0,,,,,0.0,0.0,9082.0
1743.27,100.0,21823.8,,,,,100.0,100.0,9090.9
1744.27,100.0,21844.6,,,,,100.0,100.0,9097.6
1745.27,100.0,21932.1,,,,,100.0,100.0,9099.1
1746.27,0.0,21944.6,,,,,0.0,0.0,9099.9
1747.27,100.0,21903.3,,,,,100.0,100.0,9101.6
1748.27,100.0,21861.7,,,,,100.0,100.0,9101.8
1749.27,100.0,21820.0,,,,,100.0,100.0,9101.8
1750.27,0.0,21820.0,,,,,0.0,0.0,9101.8
1751.27,100.0,21719.9,,,,,100.0,100.0,9084.8
1752.27,0.0,21761.5,,,,,0.0,0.0,9081.1
1753.27,100.0,21782.3,,,,,100.0,100.0,9093.6
1754.27,100.0,21803.0,,,,,100.0,100.0,9080.6
1755.27,100.0,21803.0,,,,,100.0,100.0,9087.9
1756.27,0.0,21878.6,,,,,0.0,0.0,9097.5
1757.27,100.0,21944.6,,,,,100.0,100.0,9100.2
1758.27,100.0,21903.3,,,,,100.0,100.0,9102.0
1759.27,100.0,21861.7,,,,,100.0,100.0,9102.2
1760.27,0.0,21861.7,,,,,0.0,0.0,9102.2
1761.27,100.0,21820.0,,,,,100.0,100.0,9102.2
1762.27,100.0,21719.8,,,,,100.0,100.0,9082.0
1763.27,0.0,21761.5,,,,,0.0,0.0,9096.3
1764.27,100.0,21761.5,,,,,100.0,100.0,9096.8
1765.27,100.0,21761.5,,,,,100.0,100.0,9094.6
1766.27,0.0,21844.6,,,,,0.0,0.0,9089.7
1767.27,100.0,21844.6,,,,,100.0,100.0,9090.1
1768.27,100.0,21944.6,,,,,100.0,100.0,9100.5
1769.27,100.0,21903.1,,,,,100.0,100.0,9101.9
1770.27,0.0,21903.3,,,,,0.0,0.0,9102.2
1771.27,100.0,21861.7,,,,,100.0,100.0,9102.4
1772.27,100.0,21820.0,,,,,100.0,100.0,9102.4
1773.27,100.0,21719.9,,,,,100.0,100.0,9102.5
1774.27,1.23,21719.9,,,,,1.23,1.23,9082.2
1775.28,100.0,21719.9,,,,,100.0,100.0,9093.4
1776.28,0.0,21803.0,,,,,0.0,0.0,9083.2
1777.28,100.0,21803.0,,,,,100.0,100.0,9088.3
1778.28,100.0,21844.6,,,,,100.0,100.0,9098.5
1779.28,100.0,21944.6,,,,,100.0,100.0,9101.0
1780.28,0.0,21944.6,,,,,0.0,0.0,9101.0
1781.28,100.0,21903.3,,,,,100.0,100.0,9102.8
1782.28,100.0,21861.7,,,,,100.0,100.0,9102.9
1783.28,100.0,21820.0,,,,,100.0,100.0,9102.9
1784.28,0.0,21820.0,,,,,0.0,0.0,9102.9
1785.28,100.0,21719.9,,,,,100.0,100.0,9096.8
1786.28,0.0,21761.5,,,,,0.0,0.0,9082.8
1787.28,100.0,21761.5,,,,,100.0,100.0,9092.1
1788.28,100.0,21803.0,,,,,100.0,100.0,9081.3
1789.28,100.0,21803.0,,,,,100.0,100.0,9087.8
1790.28,0.0,21878.6,,,,,0.0,0.0,9098.2
1791.28,100.0,21944.6,,,,,100.0,100.0,9101.1
1792.28,100.0,21903.3,,,,,100.0,100.0,9102.7
1793.28,0.0,21903.3,,,,,0.0,0.0,9102.7
1794.28,100.0,21861.7,,,,,100.0,100.0,9102.8
1795.28,100.0,21820.0,,,,,100.0,100.0,9102.8
1796.28,100.0,21719.8,,,,,100.0,100.0,9103.0
1797.28,0.0,21761.5,,,,,0.0,0.0,9096.7
1798.28,100.0,21761.5,,,,,100.0,100.0,9097.0
1799.28,100.0,21761.5,,,,,100.0,100.0,9089.3
1800.28,0.0,21844.6,,,,,0.0,0.0,9098.7
1801.28,100.0,21844.6,,,,,100.0,100.0,9086.4
1802.28,100.0,21944.6,,,,,100.0,100.0,9101.6
1803.28,0.0,21944.6,,,,,0.0,0.0,9101.6
1804.28,100.0,21903.3,,,,,100.0,100.0,9103.2
1805.28,100.0,21861.7,,,,,100.0,100.0,9103.4
1806.28,100.0,21820.0,,,,,100.0,100.0,9103.5
1807.28,0.0,21820.0,,,,,0.0,0.0,9103.5
1808.28,100.0,21719.9,,,,,100.0,100.0,9083.1
1809.28,100.0,21719.9,,,,,100.0,100.0,9092.4
1810.28,0.0,21803.0,,,,,0.0,0.0,9098.6
1811.28,100.0,21803.0,,,,,100.0,100.0,9088.8
1812.28,100.0,21844.6,,,,,100.0,100.0,9099.4
1813.28,0.0,21878.6,,,,,0.0,0.0,9099.3
1814.28,100.0,21944.6,,,,,100.0,100.0,9101.9
1815.28,100.0,21903.3,,,,,100.0,100.0,9103.5
1816.28,100.0,21861.7,,,,,100.0,100.0,9103.7
1817.28,0.0,21861.7,,,,,0.0,0.0,9103.7
1818.28,100.0,21820.0,,,,,100.0,100.0,9103.7
1819.28,100.0,21702.9,,,,,100.0,100.0,9096.6
1820.28,0.0,21761.5,,,,,0.0,0.0,9083.1
1821.28,100.0,21761.5,,,,,100.0,100.0,9093.5
1822.28,100.0,21803.0,,,,,100.0,100.0,9083.5
1823.28,0.0,21844.6,,,,,0.0,0.0,9090.1
1824.28,100.0,21878.6,,,,,100.0,100.0,9099.1
1825.28,100.0,21944.6,,,,,100.0,100.0,9101.6
1826.28,100.0,21903.3,,,,,100.0,100.0,9103.3
1827.28,0.0,21903.3,,,,,0.0,0.0,9103.3
1828.28,100.0,21861.7,,,,,100.0,100.0,9103.5
1829.28,100.0,21820.0,,,,,100.0,100.0,9103.5
1830.28,100.0,21719.8,,,,,100.0,100.0,9103.8
1831.28,0.0,21719.9,,,,,0.0,0.0,9094.4
1832.28,100.0,21761.5,,,,,100.0,100.0,9098.0
1833.28,0.0,21803.0,,,,,0.0,0.0,9090.1
1834.28,100.0,21844.6,,,,,100.0,100.0,9090.5
1835.28,100.0,21844.6,,,,,100.0,100.0,9088.0
1836.28,100.0,21944.6,,,,,100.0,100.0,9102.0
1837.28,0.0,21944.6,,,,,0.0,0.0,9102.0
1838.29,100.0,21903.3,,,,,100.0,100.0,9103.5
1839.29,100.0,21861.7,,,,,100.0,100.0,9103.7
1840.29,100.0,21820.0,,,,,100.0,100.0,9103.7
1841.29,0.0,21820.0,,,,,0.0,0.0,9103.7
1842.29,100.0,21719.9,,,,,100.0,100.0,9084.1
1843.29,100.0,21761.5,,,,,100.0,100.0,9098.3
1844.29,0.0,21803.0,,,,,0.0,0.0,9099.4
1845.29,100.0,21803.0,,,,,100.0,100.0,9093.2
1846.29,100.0,21844.6,,,,,100.0,100.0,9099.8
1847.29,100.0,21838.3,,,,,100.0,100.0,9100.3
1848.29,0.0,21944.6,,,,,0.0,0.0,9102.3
1849.29,100.0,21903.3,,,,,100.0,100.0,9103.8
1850.29,100.0,21861.7,,,,,100.0,100.0,9104.0
1851.29,0.0,21861.7,,,,,0.0,0.0,9104.0
1852.29,100.0,21820.0,,,,,100.0,100.0,9104.0
1853.29,100.0,21719.9,,,,,100.0,100.0,9098.1
1854.29,0.0,21761.5,,,,,0.0,0.0,9084.8
1855.29,100.0,21782.3,,,,,100.0,100.0,9094.7
1856.29,100.0,21803.0,,,,,100.0,100.0,9084.0
1857.29,100.0,21823.8,,,,,100.0,100.0,9093.6
1858.29,0.0,21878.6,,,,,0.0,0.0,9099.7
1859.29,100.0,21944.6,,,,,100.0,100.0,9102.4
1860.29,100.0,21903.3,,,,,100.0,100.0,9103.9
1861.29,0.0,21903.3,,,,,0.0,0.0,9103.9
1862.29,100.0,21861.7,,,,,100.0,100.0,9104.1
1863.29,100.0,21820.0,,,,,100.0,100.0,9104.1
1864.29,100.0,21719.8,,,,,100.0,100.0,9104.4
1865.29,0.0,21761.5,,,,,0.0,0.0,9098.6
1866.29,100.0,21761.5,,,,,100.0,100.0,9083.6
1867.29,100.0,21782.3,,,,,100.0,100.0,9096.5
1868.29,0.0,21844.6,,,,,0.0,0.0,9085.1
1869.29,100.0,21844.6,,,,,100.0,100.0,9091.9
1870.29,100.0,21944.6,,,,,100.0,100.0,9102.7
1871.29,100.0,21903.1,,,,,100.0,100.0,9103.9
1872.29,0.0,21903.3,,,,,0.0,0.0,9104.2
1873.29,100.0,21861.7,,,,,100.0,100.0,9104.4
1874.29,100.0,21820.0,,,,,100.0,100.0,9104.4
1875.29,100.0,21719.9,,,,,100.0,100.0,9104.4
1876.29,1.23,21719.9,,,,,1.23,1.23,9085.0
1877.29,100.0,21761.5,,,,,100.0,100.0,9098.5
1878.29,0.0,21803.0,,,,,0.0,0.0,9099.6
1879.29,100.0,21803.0,,,,,100.0,100.0,9092.4
1880.29,100.0,21844.6,,,,,100.0,100.0,9092.2
1881.29,100.0,21944.6,,,,,100.0,100.0,9102.6
1882.29,0.0,21944.6,,,,,0.0,0.0,9102.9
1883.29,100.0,21903.3,,,,,100.0,100.0,9104.5
1884.29,100.0,21861.7,,,,,100.0,100.0,9104.6
1885.29,100.0,21820.0,,,,,100.0,100.0,9104.6
1886.29,0.0,21820.0,,,,,0.0,0.0,9104.6
1887.29,100.0,21719.9,,,,,100.0,100.0,9098.6
1888.29,0.0,21761.5,,,,,0.0,0.0,9085.5
1889.29,100.0,21782.3,,,,,100.0,100.0,9098.5
1890.29,100.0,21803.0,,,,,100.0,100.0,9099.7
1891.29,100.0,21803.0,,,,,100.0,100.0,9092.8
1892.29,0.0,21878.6,,,,,0.0,0.0,9100.5
1893.29,100.0,21944.6,,,,,100.0,100.0,9103.1
1894.29,100.0,21903.3,,,,,100.0,100.0,9104.6
1895.29,100.0,21861.7,,,,,100.0,100.0,9104.8
1896.29,0.0,21861.7,,,,,0.0,0.0,9104.8
1897.29,100.0,21820.0,,,,,100.0,100.0,9104.9
1898.29,100.0,21719.8,,,,,100.0,100.0,9083.0
1899.29,0.0,21740.7,,,,,0.0,0.0,9098.1
1900.29,100.0,21761.5,,,,,100.0,100.0,9084.9
1901.29,100.0,21782.3,,,,,100.0,100.0,9097.4
1902.29,0.0,21844.6,,,,,0.0,0.0,9084.3
1903.29,100.0,21844.6,,,,,100.0,100.0,9092.8
1904.29,100.0,21944.6,,,,,100.0,100.0,9103.3
1905.29,100.0,21903.1,,,,,100.0,100.0,9104.6
1906.29,0.0,21903.3,,,,,0.0,0.0,9104.9
1907.29,100.0,21861.7,,,,,100.0,100.0,9105.1
1908.29,100.0,21820.0,,,,,100.0,100.0,9105.1
1909.29,100.0,21719.9,,,,,100.0,100.0,9105.1
1910.3,1.23,21719.9,,,,,1.22,1.23,9099.5
1911.3,100.0,21740.7,,,,,100.0,100.0,9087.3
1912.3,0.0,21803.0,,,,,0.0,0.0,9093.1
1913.3,100.0,21823.8,,,,,100.0,100.0,9095.8
1914.3,100.0,21844.6,,,,,100.0,100.0,9094.1
1915.3,100.0,21944.6,,,,,100.0,100.0,9103.6
1916.3,0.0,21944.6,,,,,0.0,0.0,9103.6
1917.3,100.0,21903.3,,,,,100.0,100.0,9105.1
1918.3,100.0,21861.7,,,,,100.0,100.0,9105.3
1919.3,100.0,21820.0,,,,,100.0,100.0,9105.3
1920.3,0.0,21820.0,,,,,0.0,0.0,9105.3
1921.3,100.0,21719.9,,,,,100.0,100.0,9099.4
1922.3,0.0,21761.5,,,,,0.0,0.0,9085.9
1923.3,100.0,21782.3,,,,,100.0,100.0,9095.9
1924.3,100.0,21803.0,,,,,100.0,100.0,9100.9
1925.3,100.0,21823.8,,,,,100.0,100.0,9095.4
1926.3,0.0,21878.6,,,,,0.0,0.0,9101.0
1927.3,100.0,21944.6,,,,,100.0,100.0,9103.8
1928.3,100.0,21903.3,,,,,100.0,100.0,9105.4
1929.3,100.0,21861.7,,,,,100.0,100.0,9105.6
1930.3,0.0,21861.7,,,,,0.0,0.0,9105.6
1931.3,100.0,21820.0,,,,,100.0,100.0,9105.6
1932.3,100.0,21719.8,,,,,100.0,100.0,9084.2
1933.3,0.0,21761.5,,,,,0.0,0.0,9100.4
1934.3,100.0,21761.5,,,,,100.0,100.0,9087.1
1935.3,100.0,21803.0,,,,,100.0,100.0,9100.9
1936.3,0.0,21844.6,,,,,0.0,0.0,9087.1
1937.3,100.0,21844.6,,,,,100.0,100.0,9095.0
1938.3,100.0,21944.6,,,,,100.0,100.0,9104.5
1939.3,100.0,21903.3,,,,,100.0,100.0,9106.0
1940.3,0.0,21903.3,,,,,0.0,0.0,9106.0
1941.3,100.0,21861.7,,,,,100.0,100.0,9106.2
1942.3,100.0,21820.0,,,,,100.0,100.0,9106.2
1943.3,100.0,21719.8,,,,,100.0,100.0,9106.3
1944.3,0.0,21719.9,,,,,0.0,0.0,9092.4
1945.3,100.0,21761.5,,,,,100.0,100.0,9100.3
1946.3,0.0,21803.0,,,,,0.0,0.0,9086.1
1947.3,100.0,21823.8,,,,,100.0,100.0,9099.0
1948.3,100.0,21844.6,,,,,100.0,100.0,9086.6
1949.3,100.0,21944.6,,,,,100.0,100.0,9104.1
1950.3,0.0,21944.6,,,,,0.0,0.0,9104.1
1951.3,100.0,21903.3,,,,,100.0,100.0,9105.9
1952.3,100.0,21861.7,,,,,100.0,100.0,9106.1
1953.3,100.0,21820.0,,,,,100.0,100.0,9106.1
1954.3,0.0,21820.0,,,,,0.0,0.0,9106.1
1955.3,100.0,21719.9,,,,,100.0,100.0,9100.3
1956.3,0.0,21761.5,,,,,0.0,0.0,9086.9
1957.3,100.0,21782.3,,,,,100.0,100.0,9097.7
1958.3,100.0,21803.0,,,,,100.0,100.0,9101.3
1959.3,100.0,21803.0,,,,,100.0,100.0,9095.6
1960.3,0.0,21878.6,,,,,0.0,0.0,9101.9
1961.3,100.0,21944.6,,,,,100.0,100.0,9104.6
1962.3,100.0,21903.3,,,,,100.0,100.0,9106.2
1963.3,100.0,21861.7,,,,,100.0,100.0,9106.4
1964.3,0.0,21861.7,,,,,0.0,0.0,9106.4
1965.3,100.0,21820.0,,,,,100.0,100.0,9106.4
1966.3,100.0,21719.8,,,,,100.0,100.0,9084.8
1967.3,0.0,21761.5,,,,,0.0,0.0,9100.7
1968.3,100.0,21761.5,,,,,100.0,100.0,9087.1
1969.3,100.0,21782.3,,,,,100.0,100.0,9099.7
1970.3,0.0,21844.6,,,,,0.0,0.0,9102.3
1971.3,100.0,21861.6,,,,,100.0,100.0,9095.3
1972.3,100.0,21944.6,,,,,100.0,100.0,9104.7
1973.3,100.0,21903.2,,,,,100.0,100.0,9106.4
1974.3,0.0,21903.3,,,,,0.0,0.0,9106.4
1975.3,100.0,21861.7,,,,,100.0,100.0,9106.5
1976.3,100.0,21820.0,,,,,100.0,100.0,9106.6
1977.3,100.0,21719.8,,,,,100.0,100.0,9106.6
1978.3,0.01,21719.9,,,,,0.0,0.01,9085.7
1979.3,100.0,21761.5,,,,,100.0,100.0,9100.5
1980.3,0.0,21803.0,,,,,0.0,0.0,9086.1
1981.3,100.0,21803.0,,,,,100.0,100.0,9098.4
1982.3,100.0,21844.6,,,,,100.0,100.0,9087.5
1983.31,100.0,21944.6,,,,,100.0,100.0,9105.0
1984.31,0.0,21944.6,,,,,0.0,0.0,9105.0
1985.31,100.0,21903.3,,,,,100.0,100.0,9106.7
1986.31,100.0,21861.7,,,,,100.0,100.0,9106.8
1987.31,100.0,21820.0,,,,,100.0,100.0,9106.8
1988.31,0.0,21820.0,,,,,0.0,0.0,9106.8
1989.31,100.0,21719.9,,,,,100.0,100.0,9100.8
1990.31,0.0,21761.5,,,,,0.0,0.0,9101.2
1991.31,100.0,21782.3,,,,,100.0,100.0,9099.9
1992.31,100.0,21803.0,,,,,100.0,100.0,9102.0
1993.31,100.0,21803.0,,,,,100.0,100.0,9096.8
1994.31,0.0,21878.6,,,,,0.0,0.0,9102.9
1995.31,100.0,21944.6,,,,,100.0,100.0,9105.5
1996.31,100.0,21903.3,,,,,100.0,100.0,9107.1
1997.31,100.0,21861.7,,,,,100.0,100.0,9107.2
1998.31,0.0,21861.7,,,,,0.0,0.0,9107.2
1999.31,100.0,21820.0,,,,,100.0,100.0,9107.3
2000.31,100.0,21719.8,,,,,100.0,100.0,9086.6
2001.31,0.0,21761.5,,,,,0.0,0.0,9101.4
2002.31,100.0,21761.5,,,,,100.0,100.0,9088.0
2003.31,100.0,21782.3,,,,,100.0,100.0,9099.2
2004.31,0.0,21844.6,,,,,0.0,0.0,9103.3
2005.31,100.0,21861.6,,,,,100.0,100.0,9096.7
2006.31,100.0,21944.6,,,,,100.0,100.0,9105.8
2007.31,100.0,21903.3,,,,,100.0,100.0,9107.5
2008.31,0.0,21903.3,,,,,0.0,0.0,9107.5
2009.31,100.0,21861.7,,,,,100.0,100.0,9107.6
2010.31,100.0,21820.0,,,,,100.0,100.0,9107.6
2011.31,100.0,21719.8,,,,,100.0,100.0,9107.7
2012.31,0.0,21719.9,,,,,0.0,0.0,9086.4
2013.31,100.0,21740.7,,,,,100.0,100.0,9100.4
2014.31,0.0,21803.0,,,,,0.0,0.0,9087.4
2015.31,100.0,21803.0,,,,,100.0,100.0,9094.7
2016.31,100.0,21844.6,,,,,100.0,100.0,9085.3
2017.31,100.0,21944.6,,,,,100.0,100.0,9105.5
2018.31,0.0,21944.6,,,,,0.0,0.0,9105.5
2019.31,100.0,21903.3,,,,,100.0,100.0,9107.3
2020.31,100.0,21861.7,,,,,100.0,100.0,9107.5
2021.31,100.0,21820.0,,,,,100.0,100.0,9107.5
2022.31,0.0,21820.0,,,,,0.0,0.0,9107.5
2023.31,100.0,21719.9,,,,,100.0,100.0,9101.6
2024.31,0.0,21761.5,,,,,0.0,0.0,9087.6
2025.31,100.0,21803.0,,,,,100.0,100.0,9102.4
2026.31,100.0,21803.0,,,,,100.0,100.0,9086.9
2027.31,100.0,21803.0,,,,,100.0,100.0,9098.3
2028.31,0.0,21878.6,,,,,0.0,0.0,9103.7
2029.31,100.0,21944.6,,,,,100.0,100.0,9106.2
2030.31,100.0,21903.3,,,,,100.0,100.0,9108.1
2031.31,100.0,21861.7,,,,,100.0,100.0,9108.3
2032.31,0.0,21861.7,,,,,0.0,0.0,9108.3
2033.31,100.0,21820.0,,,,,100.0,100.0,9108.3
2034.31,100.0,21719.8,,,,,100.0,100.0,9088.1
2035.31,0.0,21761.5,,,,,0.0,0.0,9102.3
2036.31,100.0,21761.5,,,,,100.0,100.0,9087.9
2037.31,100.0,21782.3,,,,,100.0,100.0,9099.5
2038.31,0.0,21844.6,,,,,0.0,0.0,9103.8
2039.31,100.0,21844.6,,,,,100.0,100.0,9096.8
2040.31,100.0,21944.6,,,,,100.0,100.0,9106.2
2041.31,100.0,21903.3,,,,,100.0,100.0,9107.9
2042.31,0.0,21903.3,,,,,0.0,0.0,9107.9
2043.31,100.0,21861.7,,,,,100.0,100.0,9108.1
2044.31,100.0,21820.0,,,,,100.0,100.0,9108.1
2045.31,100.0,21719.8,,,,,100.0,100.0,9108.3
2046.32,0.0,21719.9,,,,,0.0,0.0,9087.4
2047.32,100.0,21761.5,,,,,100.0,100.0,9103.0
2048.32,0.0,21803.0,,,,,0.0,0.0,9089.3
2049.32,100.0,21823.3,,,,,100.0,100.0,9101.8
2050.32,100.0,21844.6,,,,,100.0,100.0,9104.1
2051.32,100.0,21944.6,,,,,100.0,100.0,9106.5
2052.32,0.0,21944.6,,,,,0.0,0.0,9106.5
2053.32,100.0,21903.3,,,,,100.0,100.0,9108.2
2054.32,100.0,21861.7,,,,,100.0,100.0,9108.4
2055.32,100.0,21820.0,,,,,100.0,100.0,9108.4
2056.32,0.0,21820.0,,,,,0.0,0.0,9108.4
2057.32,100.0,21719.9,,,,,100.0,100.0,9102.6
2058.32,0.0,21761.5,,,,,0.0,0.0,9087.4
2059.32,100.0,21761.5,,,,,100.0,100.0,9089.1
2060.32,100.0,21782.3,,,,,100.0,100.0,9099.5
2061.32,100.0,21803.0,,,,,100.0,100.0,9089.9
2062.32,0.0,21861.6,,,,,0.0,0.0,9098.6
2063.32,100.0,21944.6,,,,,100.0,100.0,9105.1
2064.32,100.0,21903.3,,,,,100.0,100.0,9106.7
2065.32,100.0,21861.7,,,,,100.0,100.0,9106.9
2066.32,0.0,21861.7,,,,,0.0,0.0,9106.9
2067.32,100.0,21820.0,,,,,100.0,100.0,9106.9
2068.32,100.0,21719.8,,,,,100.0,100.0,9088.6
2069.32,0.0,21761.5,,,,,0.0,0.0,9101.0
2070.32,100.0,21761.5,,,,,100.0,100.0,9101.2
2071.32,100.0,21782.3,,,,,100.0,100.0,9100.2
2072.32,0.0,21844.6,,,,,0.0,0.0,9102.9
2073.32,100.0,21844.6,,,,,100.0,100.0,9096.8
2074.32,100.0,21944.6,,,,,100.0,100.0,9105.5
2075.32,100.0,21903.3,,,,,100.0,100.0,9107.2
2076.32,0.0,21903.3,,,,,0.0,0.0,9107.2
2077.32,100.0,21861.7,,,,,100.0,100.0,9107.4
2078.32,100.0,21820.0,,,,,100.0,100.0,9107.4
2079.32,100.0,21719.8,,,,,100.0,100.0,9107.5
2080.32,0.0,21719.9,,,,,0.0,0.0,9089.3
2081.32,100.0,21761.5,,,,,100.0,100.0,9101.8
2082.32,0.0,21803.0,,,,,0.0,0.0,9090.3
2083.32,100.0,21823.8,,,,,100.0,100.0,9099.9
2084.32,100.0,21844.6,,,,,100.0,100.0,9097.2
2085.32,100.0,21944.6,,,,,100.0,100.0,9105.8
2086.32,0.0,21944.6,,,,,0.0,0.0,9105.8
2087.32,100.0,21903.3,,,,,100.0,100.0,9107.3
2088.32,100.0,21861.7,,,,,100.0,100.0,9107.5
2089.32,100.0,21820.0,,,,,100.0,100.0,9107.5
2090.32,0.0,21820.0,,,,,0.0,0.0,9107.5
2091.32,100.0,21719.9,,,,,100.0,100.0,9081.6
2092.32,0.0,21761.5,,,,,0.0,0.0,9088.8
2093.32,100.0,21803.0,,,,,100.0,100.0,9102.5
2094.32,100.0,21803.0,,,,,100.0,100.0,9089.7
2095.32,100.0,21803.0,,,,,100.0,100.0,9099.2
2096.32,0.0,21878.6,,,,,0.0,0.0,9103.5
2097.32,100.0,21944.6,,,,,100.0,100.0,9106.1
2098.32,100.0,21903.3,,,,,100.0,100.0,9107.6
2099.32,100.0,21861.7,,,,,100.0,100.0,9107.8
2100.32,0.0,21861.7,,,,,0.0,0.0,9107.8
2101.32,100.0,21820.0,,,,,100.0,100.0,9107.8
2102.32,100.0,21719.8,,,,,100.0,100.0,9090.0
2103.32,0.0,21761.5,,,,,0.0,0.0,9092.5
2104.32,100.0,21761.5,,,,,100.0,100.0,9095.4
2105.32,100.0,21782.3,,,,,100.0,100.0,9101.1
2106.32,0.0,21844.6,,,,,0.0,0.0,9096.4
2107.32,100.0,21844.6,,,,,100.0,100.0,9095.7
2108.32,100.0,21944.6,,,,,100.0,100.0,9106.3
2109.32,100.0,21903.3,,,,,100.0,100.0,9107.9
2110.32,0.0,21903.3,,,,,0.0,0.0,9107.9
2111.32,100.0,21861.7,,,,,100.0,100.0,9108.1
2112.32,100.0,21820.0,,,,,100.0,100.0,9108.1
2113.32,100.0,21719.8,,,,,100.0,100.0,9108.3
2114.32,0.0,21719.9,,,,,0.0,0.0,9090.5
2115.32,100.0,21761.5,,,,,100.0,100.0,9102.9
2116.33,0.0,21803.0,,,,,0.0,0.0,9090.8
2117.33,100.0,21844.6,,,,,100.0,100.0,9103.9
2118.33,100.0,21844.6,,,,,100.0,100.0,9104.1
2119.33,100.0,21944.6,,,,,100.0,100.0,9106.7
2120.33,0.0,21944.6,,,,,0.0,0.0,9106.7
2121.33,100.0,21903.3,,,,,100.0,100.0,9108.2
2122.33,100.0,21861.7,,,,,100.0,100.0,9108.4
2123.33,100.0,21820.0,,,,,100.0,100.0,9108.4
2124.33,0.0,21820.0,,,,,0.0,0.0,9108.4
2125.33,100.0,21719.9,,,,,100.0,100.0,9102.7
2126.33,0.0,21761.5,,,,,0.0,0.0,9090.5
2127.33,100.0,21803.0,,,,,100.0,100.0,9103.5
2128.33,100.0,21803.0,,,,,100.0,100.0,9091.6
2129.33,100.0,21823.8,,,,,100.0,100.0,9102.9
2130.33,0.0,21878.6,,,,,0.0,0.0,9104.6
2131.33,100.0,21944.6,,,,,100.0,100.0,9107.2
2132.33,100.0,21903.3,,,,,100.0,100.0,9108.7
2133.33,100.0,21861.7,,,,,100.0,100.0,9108.9
2134.33,0.0,21861.7,,,,,0.0,0.0,9108.9
2135.33,100.0,21820.0,,,,,100.0,100.0,9108.9
2136.33,100.0,21719.8,,,,,100.0,100.0,9091.0
2137.33,0.0,21761.5,,,,,0.0,0.0,9083.8
2138.33,100.0,21761.5,,,,,100.0,100.0,9090.2
2139.33,100.0,21803.0,,,,,100.0,100.0,9103.5
2140.33,0.0,21844.6,,,,,0.0,0.0,9089.9
2141.33,100.0,21844.6,,,,,100.0,100.0,9098.0
2142.33,100.0,21944.6,,,,,100.0,100.0,9107.3
2143.33,100.0,21903.3,,,,,100.0,100.0,9108.9
2144.33,0.0,21903.3,,,,,0.0,0.0,9108.9
2145.33,100.0,21861.7,,,,,100.0,100.0,9109.1
2146.33,100.0,21820.0,,,,,100.0,100.0,9109.1
2147.33,100.0,21719.8,,,,,100.0,100.0,9109.2
2148.33,0.0,21719.9,,,,,0.0,0.0,9092.0
2149.33,100.0,21761.5,,,,,100.0,100.0,9103.8
2150.33,0.0,21803.0,,,,,0.0,0.0,9104.3
2151.33,100.0,21823.8,,,,,100.0,100.0,9103.4
2152.33,100.0,21844.6,,,,,100.0,100.0,9098.0
2153.33,100.0,21944.6,,,,,100.0,100.0,9107.9
2154.33,0.0,21944.6,,,,,0.0,0.0,9107.9
2155.33,100.0,21903.3,,,,,100.0,100.0,9109.4
2156.33,100.0,21861.7,,,,,100.0,100.0,9109.4
2157.33,100.0,21820.0,,,,,100.0,100.0,9109.4
2158.33,0.0,21820.0,,,,,0.0,0.0,9109.4
2159.33,100.0,21719.9,,,,,100.0,100.0,9103.5
2160.33,0.0,21761.5,,,,,0.0,0.0,9091.7
2161.33,100.0,21782.3,,,,,100.0,100.0,9102.5
2162.33,100.0,21803.0,,,,,100.0,100.0,9091.5
2163.33,100.0,21823.8,,,,,100.0,100.0,9102.4
2164.33,0.0,21878.6,,,,,0.0,0.0,9105.2
2165.33,100.0,21944.6,,,,,100.0,100.0,9107.7
2166.33,100.0,21903.3,,,,,100.0,100.0,9109.5
2167.33,100.0,21861.7,,,,,100.0,100.0,9109.7
2168.33,0.0,21861.7,,,,,0.0,0.0,9109.7
2169.33,100.0,21820.0,,,,,100.0,100.0,9109.7
2170.33,100.0,21719.8,,,,,100.0,100.0,9091.3
2171.33,0.0,21761.5,,,,,0.0,0.0,9085.6
2172.33,100.0,21761.5,,,,,100.0,100.0,9091.7
2173.33,100.0,21782.3,,,,,100.0,100.0,9104.2
2174.33,0.0,21844.6,,,,,0.0,0.0,9092.5
2175.33,100.0,21844.6,,,,,100.0,100.0,9100.0
2176.33,100.0,21944.6,,,,,100.0,100.0,9108.2
2177.33,100.0,21903.3,,,,,100.0,100.0,9109.8
2178.33,0.0,21903.3,,,,,0.0,0.0,9109.8
2179.33,100.0,21861.7,,,,,100.0,100.0,9109.9
2180.33,100.0,21820.0,,,,,100.0,100.0,9109.9
2181.33,100.0,21719.8,,,,,100.0,100.0,9110.2
2182.33,0.0,21719.9,,,,,0.0,0.0,9092.6
2183.33,100.0,21761.5,,,,,100.0,100.0,9104.2
2184.33,0.0,21803.0,,,,,0.0,0.0,9105.0
2185.33,100.0,21823.8,,,,,100.0,100.0,9093.8
2186.33,100.0,21844.6,,,,,100.0,100.0,9090.4
2187.34,100.0,21944.6,,,,,100.0,100.0,9108.4
2188.34,0.0,21944.6,,,,,0.0,0.0,9108.4
2189.34,100.0,21903.3,,,,,100.0,100.0,9110.1
2190.34,100.0,21861.7,,,,,100.0,100.0,9110.3
2191.34,100.0,21820.0,,,,,100.0,100.0,9110.3
2192.34,0.0,21820.0,,,,,0.0,0.0,9110.3
2193.34,100.0,21719.9,,,,,100.0,100.0,9104.4
2194.34,0.0,21761.5,,,,,0.0,0.0,9093.4
2195.34,100.0,21803.0,,,,,100.0,100.0,9105.1
2196.34,100.0,21803.0,,,,,100.0,100.0,9093.0
2197.34,100.0,21823.8,,,,,100.0,100.0,9102.2
2198.34,0.0,21878.6,,,,,0.0,0.0,9106.1
2199.34,100.0,21944.6,,,,,100.0,100.0,9108.7
2200.34,100.0,21903.3,,,,,100.0,100.0,9110.3
2201.34,100.0,21861.7,,,,,100.0,100.0,9110.5
2202.34,0.0,21861.7,,,,,0.0,0.0,9110.5
2203.34,100.0,21820.0,,,,,100.0,100.0,9110.5
2204.34,100.0,21719.8,,,,,100.0,100.0,9092.2
2205.34,0.0,21761.5,,,,,0.0,0.0,9104.6
2206.34,100.0,21761.5,,,,,100.0,100.0,9092.0
2207.34,100.0,21803.0,,,,,100.0,100.0,9105.4
2208.34,0.0,21844.6,,,,,0.0,0.0,9093.9
2209.34,100.0,21861.6,,,,,100.0,100.0,9105.4
2210.34,100.0,21944.6,,,,,100.0,100.0,9109.0
2211.34,100.0,21903.3,,,,,100.0,100.0,9110.6
2212.34,0.0,21903.3,,,,,0.0,0.0,9110.6
2213.34,100.0,21861.7,,,,,100.0,100.0,9110.8
2214.34,100.0,21820.0,,,,,100.0,100.0,9110.8
2215.34,100.0,21719.8,,,,,100.0,100.0,9111.0
2216.34,0.0,21719.9,,,,,0.0,0.0,9093.0
2217.34,100.0,21761.5,,,,,100.0,100.0,9105.1
2218.34,0.0,21803.0,,,,,0.0,0.0,9099.3
2219.34,100.0,21844.6,,,,,100.0,100.0,9106.7
2220.34,100.0,21844.6,,,,,100.0,100.0,9091.4
2221.34,100.0,21944.6,,,,,100.0,100.0,9109.2
2222.34,0.0,21944.6,,,,,0.0,0.0,9109.2
2223.34,100.0,21903.3,,,,,100.0,100.0,9110.8
2224.34,100.0,21861.7,,,,,100.0,100.0,9111.0
2225.34,100.0,21820.0,,,,,100.0,100.0,9111.0
2226.34,0.0,21820.0,,,,,0.0,0.0,9111.0
2227.34,100.0,21719.9,,,,,100.0,100.0,9105.1
2228.34,0.0,21761.5,,,,,0.0,0.0,9094.4
2229.34,100.0,21803.0,,,,,100.0,100.0,9106.3
2230.34,100.0,21803.0,,,,,100.0,100.0,9101.8
2231.34,100.0,21823.8,,,,,100.0,100.0,9104.3
2232.34,0.0,21878.6,,,,,0.0,0.0,9107.1
2233.34,100.0,21944.6,,,,,100.0,100.0,9109.7
2234.34,100.0,21903.3,,,,,100.0,100.0,9111.2
2235.34,100.0,21861.7,,,,,100.0,100.0,9111.4
2236.34,0.0,21861.7,,,,,0.0,0.0,9111.4
2237.34,100.0,21820.0,,,,,100.0,100.0,9111.4
2238.34,100.0,21719.8,,,,,100.0,100.0,9093.1
2239.34,0.0,21761.5,,,,,0.0,0.0,9105.7
2240.34,100.0,21761.5,,,,,100.0,100.0,9094.5
2241.34,100.0,21803.0,,,,,100.0,100.0,9106.1
2242.34,0.0,21844.6,,,,,0.0,0.0,9095.0
2243.34,100.0,21861.6,,,,,100.0,100.0,9104.7
2244.34,100.0,21944.6,,,,,100.0,100.0,9110.0
2245.34,100.0,21903.3,,,,,100.0,100.0,9111.5
2246.34,0.0,21903.3,,,,,0.0,0.0,9111.5
2247.34,100.0,21861.7,,,,,100.0,100.0,9111.7
2248.34,100.0,21820.0,,,,,100.0,100.0,9111.7
2249.34,100.0,21719.8,,,,,100.0,100.0,9111.9
2250.34,0.0,21719.9,,,,,0.0,0.0,9094.2
2251.34,100.0,21761.5,,,,,100.0,100.0,9087.0
2252.34,0.0,21803.0,,,,,0.0,0.0,9093.6
2253.34,100.0,21823.8,,,,,100.0,100.0,9105.8
2254.34,100.0,21844.6,,,,,100.0,100.0,9094.1
2255.34,100.0,21944.6,,,,,100.0,100.0,9110.0
2256.34,0.0,21944.6,,,,,0.0,0.0,9110.0
2257.34,100.0,21903.3,,,,,100.0,100.0,9111.6
2258.34,100.0,21861.7,,,,,100.0,100.0,9111.8
2259.34,100.0,21820.0,,,,,100.0,100.0,9111.8
2260.35,0.0,21820.0,,,,,0.0,0.0,9111.8
2261.35,100.0,21719.9,,,,,100.0,100.0,9106.1
2262.35,0.0,21761.5,,,,,0.0,0.0,9093.9
2263.35,100.0,21803.0,,,,,100.0,100.0,9106.9
2264.35,100.0,21803.0,,,,,100.0,100.0,9100.6
2265.35,100.0,21844.6,,,,,100.0,100.0,9098.1
2266.35,0.0,21878.6,,,,,0.0,0.0,9107.8
2267.35,100.0,21944.6,,,,,100.0,100.0,9110.3
2268.35,100.0,21903.3,,,,,100.0,100.0,9111.9
2269.35,100.0,21861.7,,,,,100.0,100.0,9112.0
2270.35,0.0,21861.7,,,,,0.0,0.0,9112.0
2271.35,100.0,21820.0,,,,,100.0,100.0,9112.0
2272.35,100.0,21719.8,,,,,100.0,100.0,9094.3
2273.35,0.0,21761.5,,,,,0.0,0.0,9106.7
2274.35,100.0,21761.5,,,,,100.0,100.0,9096.4
2275.35,100.0,21803.0,,,,,100.0,100.0,9107.3
2276.35,0.0,21844.6,,,,,0.0,0.0,9095.9
2277.35,100.0,21861.6,,,,,100.0,100.0,9107.4
2278.35,100.0,21944.6,,,,,100.0,100.0,9110.6
2279.35,100.0,21903.3,,,,,100.0,100.0,9112.1
2280.35,0.0,21903.3,,,,,0.0,0.0,9112.1
2281.35,100.0,21861.7,,,,,100.0,100.0,9112.3
2282.35,100.0,21820.0,,,,,100.0,100.0,9112.3
2283.35,100.0,21719.8,,,,,100.0,100.0,9086.8
2284.35,0.0,21719.9,,,,,0.0,0.0,9095.1
2285.35,100.0,21761.5,,,,,100.0,100.0,9107.0
2286.35,0.0,21803.0,,,,,0.0,0.0,9094.9
2287.35,100.0,21823.8,,,,,100.0,100.0,9106.2
2288.35,100.0,21844.6,,,,,100.0,100.0,9095.3
2289.35,100.0,21944.6,,,,,100.0,100.0,9110.9
2290.35,0.0,21944.6,,,,,0.0,0.0,9110.9
2291.35,100.0,21903.3,,,,,100.0,100.0,9112.6
2292.35,100.0,21861.7,,,,,100.0,100.0,9112.8
2293.35,100.0,21820.0,,,,,100.0,100.0,9112.8
2294.35,0.0,21820.0,,,,,0.0,0.0,9112.8
2295.35,100.0,21719.9,,,,,100.0,100.0,9106.9
2296.35,0.0,21761.5,,,,,0.0,0.0,9096.9
2297.35,100.0,21803.0,,,,,100.0,100.0,9088.6
2298.35,100.0,21803.0,,,,,100.0,100.0,9095.1
2299.35,100.0,21844.6,,,,,100.0,100.0,9108.6
2300.35,0.0,21878.6,,,,,0.0,0.0,9108.5
2301.35,100.0,21944.6,,,,,100.0,100.0,9111.0
2302.35,100.0,21903.3,,,,,100.0,100.0,9112.6
2303.35,100.0,21861.7,,,,,100.0,100.0,9112.8
2304.35,0.0,21861.7,,,,,0.0,0.0,9112.8
2305.35,100.0,21820.0,,,,,100.0,100.0,9112.8
2306.35,100.0,21719.8,,,,,100.0,100.0,9095.2
2307.35,0.0,21761.5,,,,,0.0,0.0,9107.3
2308.35,100.0,21761.5,,,,,100.0,100.0,9097.2
2309.35,100.0,21803.0,,,,,100.0,100.0,9108.5
2310.35,0.0,21844.6,,,,,0.0,0.0,9102.7
2311.35,100.0,21878.6,,,,,100.0,100.0,9108.5
2312.35,100.0,21944.6,,,,,100.0,100.0,9111.4
2313.35,100.0,21903.3,,,,,100.0,100.0,9112.9
2314.35,0.0,21903.3,,,,,0.0,0.0,9112.9
2315.35,100.0,21861.7,,,,,100.0,100.0,9113.1
2316.35,100.0,21820.0,,,,,100.0,100.0,9113.1
2317.35,100.0,21719.8,,,,,100.0,100.0,9087.9
2318.35,0.0,21719.9,,,,,0.0,0.0,9095.4
2319.35,100.0,21761.5,,,,,100.0,100.0,9107.7
2320.35,0.0,21803.0,,,,,0.0,0.0,9095.6
2321.35,100.0,21844.6,,,,,100.0,100.0,9109.0
2322.35,100.0,21844.6,,,,,100.0,100.0,9095.1
2323.35,100.0,21944.6,,,,,100.0,100.0,9111.7
2324.35,0.0,21944.6,,,,,0.0,0.0,9111.7
2325.35,100.0,21903.3,,,,,100.0,100.0,9113.1
2326.35,100.0,21861.7,,,,,100.0,100.0,9113.3
2327.35,100.0,21820.0,,,,,100.0,100.0,9113.3
2328.35,0.0,21820.0,,,,,0.0,0.0,9113.3
2329.35,100.0,21719.9,,,,,100.0,100.0,9088.5
2330.35,0.0,21761.5,,,,,0.0,0.0,9097.3
2331.36,100.0,21803.0,,,,,100.0,100.0,9089.7
2332.36,100.0,21803.0,,,,,100.0,100.0,9096.2
2333.36,100.0,21844.6,,,,,100.0,100.0,9109.4
2334.36,0.0,21878.6,,,,,0.0,0.0,9109.5
2335.36,100.0,21944.6,,,,,100.0,100.0,9112.1
2336.36,100.0,21903.3,,,,,100.0,100.0,9113.6
2337.36,100.0,21861.7,,,,,100.0,100.0,9113.7
2338.36,0.0,21861.7,,,,,0.0,0.0,9113.7
2339.36,100.0,21820.0,,,,,100.0,100.0,9113.7
2340.36,100.0,21719.8,,,,,100.0,100.0,9097.0
2341.36,0.0,21761.5,,,,,0.0,0.0,9107.9
2342.36,100.0,21761.5,,,,,100.0,100.0,9097.1
2343.36,100.0,21782.3,,,,,100.0,100.0,9099.3
2344.36,0.0,21844.6,,,,,0.0,0.0,9104.6
2345.36,100.0,21861.6,,,,,100.0,100.0,9104.9
2346.36,100.0,21944.6,,,,,100.0,100.0,9112.1
2347.36,100.0,21903.3,,,,,100.0,100.0,9113.6
2348.36,0.0,21903.3,,,,,0.0,0.0,9113.6
2349.36,100.0,21861.7,,,,,100.0,100.0,9113.8
2350.36,100.0,21820.0,,,,,100.0,100.0,9113.8
2351.36,100.0,21719.8,,,,,100.0,100.0,9088.4
2352.36,0.0,21719.9,,,,,0.0,0.0,9095.9
2353.36,100.0,21761.5,,,,,100.0,100.0,9108.3
2354.36,0.0,21803.0,,,,,0.0,0.0,9096.4
2355.36,100.0,21823.8,,,,,100.0,100.0,9107.6
2356.36,100.0,21844.6,,,,,100.0,100.0,9095.6
2357.36,100.0,21944.6,,,,,100.0,100.0,9112.6
2358.36,0.0,21944.6,,,,,0.0,0.0,9112.6
2359.36,100.0,21903.3,,,,,100.0,100.0,9114.0
2360.36,100.0,21861.7,,,,,100.0,100.0,9114.2
2361.36,100.0,21820.0,,,,,100.0,100.0,9114.2
2362.36,0.0,21820.0,,,,,0.0,0.0,9114.2
2363.36,100.0,21719.9,,,,,100.0,100.0,9089.0
2364.36,0.0,21761.5,,,,,0.0,0.0,9098.2
2365.36,100.0,21803.0,,,,,100.0,100.0,9109.1
2366.36,100.0,21803.0,,,,,100.0,100.0,9095.6
2367.36,100.0,21823.8,,,,,100.0,100.0,9105.7
2368.36,0.0,21878.6,,,,,0.0,0.0,9110.1
2369.36,100.0,21944.6,,,,,100.0,100.0,9112.6
2370.36,100.0,21903.3,,,,,100.0,100.0,9114.2
2371.36,100.0,21861.7,,,,,100.0,100.0,9114.4
2372.36,0.0,21861.7,,,,,0.0,0.0,9114.4
2373.36,100.0,21820.0,,,,,100.0,100.0,9114.4
2374.36,100.0,21719.8,,,,,100.0,100.0,9098.4
2375.36,0.0,21761.5,,,,,0.0,0.0,9108.6
2376.36,100.0,21761.5,,,,,100.0,100.0,9096.8
2377.36,100.0,21803.0,,,,,100.0,100.0,9099.6
2378.36,0.0,21844.6,,,,,0.0,0.0,9104.1
2379.36,100.0,21861.6,,,,,100.0,100.0,9108.1
2380.36,100.0,21944.6,,,,,100.0,100.0,9112.8
2381.36,100.0,21903.3,,,,,100.0,100.0,9114.4
2382.36,0.0,21903.3,,,,,0.0,0.0,9114.4
2383.36,100.0,21861.7,,,,,100.0,100.0,9114.6
2384.36,100.0,21820.0,,,,,100.0,100.0,9114.6
2385.36,100.0,21719.8,,,,,100.0,100.0,9114.9
2386.36,0.0,21719.9,,,,,0.0,0.0,9097.7
2387.36,100.0,21761.5,,,,,100.0,100.0,9109.8
2388.36,0.0,21803.0,,,,,0.0,0.0,9099.0
2389.36,100.0,21844.6,,,,,100.0,100.0,9110.5
2390.36,100.0,21844.6,,,,,100.0,100.0,9110.7
2391.36,100.0,21944.6,,,,,100.0,100.0,9113.1
2392.36,0.0,21944.6,,,,,0.0,0.0,9113.1
2393.36,100.0,21903.3,,,,,100.0,100.0,9114.8
2394.36,100.0,21861.7,,,,,100.0,100.0,9114.9
2395.36,100.0,21820.0,,,,,100.0,100.0,9115.0
2396.36,0.0,21820.0,,,,,0.0,0.0,9115.0
2397.36,100.0,21719.9,,,,,100.0,100.0,9090.3
2398.36,0.0,21761.5,,,,,0.0,0.0,9099.9
2399.36,100.0,21803.0,,,,,100.0,100.0,9110.2
2400.36,100.0,21803.0,,,,,100.0,100.0,9098.0
2401.36,100.0,21844.6,,,,,100.0,100.0,9110.9
2402.37,0.0,21878.6,,,,,0.0,0.0,9110.9
2403.37,100.0,21944.6,,,,,100.0,100.0,9113.5
2404.37,100.0,21903.3,,,,,100.0,100.0,9115.0
2405.37,100.0,21861.7,,,,,100.0,100.0,9115.1
2406.37,0.0,21861.7,,,,,0.0,0.0,9115.1
2407.37,100.0,21820.0,,,,,100.0,100.0,9115.1
2408.37,100.0,21719.8,,,,,100.0,100.0,9099.4
2409.37,0.0,21761.5,,,,,0.0,0.0,9100.6
2410.37,100.0,21761.5,,,,,100.0,100.0,9097.4
2411.37,100.0,21803.0,,,,,100.0,100.0,9100.0
2412.37,0.0,21844.6,,,,,0.0,0.0,9095.8
2413.37,100.0,21844.6,,,,,100.0,100.0,9105.3
2414.37,100.0,21944.6,,,,,100.0,100.0,9113.5
2415.37,100.0,21903.3,,,,,100.0,100.0,9115.1
2416.37,0.0,21903.3,,,,,0.0,0.0,9115.1
2417.37,100.0,21861.7,,,,,100.0,100.0,9115.2
2418.37,100.0,21820.0,,,,,100.0,100.0,9115.3
2419.37,100.0,21719.8,,,,,100.0,100.0,9115.5
2420.37,0.0,21719.9,,,,,0.0,0.0,9099.2
2421.37,100.0,21761.5,,,,,100.0,100.0,9109.9
2422.37,0.0,21803.0,,,,,0.0,0.0,9099.2
2423.37,100.0,21844.6,,,,,100.0,100.0,9111.7
2424.37,100.0,21844.6,,,,,100.0,100.0,9111.8
2425.37,100.0,21944.6,,,,,100.0,100.0,9114.0
2426.37,0.0,21944.6,,,,,0.0,0.0,9114.0
2427.37,100.0,21903.3,,,,,100.0,100.0,9115.5
2428.37,100.0,21861.7,,,,,100.0,100.0,9115.6
2429.37,100.0,21820.0,,,,,100.0,100.0,9115.6
2430.37,0.0,21820.0,,,,,0.0,0.0,9115.6
2431.37,100.0,21719.9,,,,,100.0,100.0,9091.4
2432.37,0.0,21761.5,,,,,0.0,0.0,9099.6
2433.37,100.0,21803.0,,,,,100.0,100.0,9110.7
2434.37,100.0,21803.0,,,,,100.0,100.0,9099.5
2435.37,100.0,21844.6,,,,,100.0,100.0,9111.6
2436.37,0.0,21878.6,,,,,0.0,0.0,9111.6
2437.37,100.0,21944.6,,,,,100.0,100.0,9114.2
2438.37,100.0,21903.3,,,,,100.0,100.0,9115.6
2439.37,100.0,21861.7,,,,,100.0,100.0,9115.8
2440.37,0.0,21861.7,,,,,0.0,0.0,9115.8
2441.37,100.0,21820.0,,,,,100.0,100.0,9115.8
2442.37,100.0,21719.8,,,,,100.0,100.0,9100.0
2443.37,0.0,21761.5,,,,,0.0,0.0,9092.7
2444.37,100.0,21761.5,,,,,100.0,100.0,9099.0
2445.37,100.0,21803.0,,,,,100.0,100.0,9091.2
2446.37,0.0,21844.6,,,,,0.0,0.0,9098.4
2447.37,100.0,21878.6,,,,,100.0,100.0,9111.4
2448.37,100.0,21944.6,,,,,100.0,100.0,9114.4
2449.37,100.0,21903.3,,,,,100.0,100.0,9116.0
2450.37,0.0,21903.3,,,,,0.0,0.0,9116.0
2451.37,100.0,21861.7,,,,,100.0,100.0,9116.2
2452.37,100.0,21820.0,,,,,100.0,100.0,9116.2
2453.37,100.0,21719.8,,,,,100.0,100.0,9116.5
2454.37,0.0,21719.9,,,,,0.0,0.0,9102.2
2455.37,100.0,21761.5,,,,,100.0,100.0,9102.3
2456.37,0.0,21803.0,,,,,0.0,0.0,9101.3
2457.37,100.0,21844.6,,,,,100.0,100.0,9102.8
2458.37,100.0,21844.6,,,,,100.0,100.0,9106.0
2459.37,100.0,21944.6,,,,,100.0,100.0,9114.7
2460.37,0.0,21944.6,,,,,0.0,0.0,9114.7
2461.37,100.0,21903.3,,,,,100.0,100.0,9116.1
2462.37,100.0,21861.7,,,,,100.0,100.0,9116.3
2463.37,100.0,21820.0,,,,,100.0,100.0,9116.3
2464.37,0.0,21820.0,,,,,0.0,0.0,9116.3
2465.37,100.0,21719.9,,,,,100.0,100.0,9110.6
2466.37,0.0,21761.5,,,,,0.0,0.0,9103.9
2467.37,100.0,21803.0,,,,,100.0,100.0,9111.6
2468.37,100.0,21803.0,,,,,100.0,100.0,9103.2
2469.37,100.0,21844.6,,,,,100.0,100.0,9104.5
2470.37,0.0,21878.6,,,,,0.0,0.0,9112.4
2471.37,100.0,21944.6,,,,,100.0,100.0,9114.9
2472.37,100.0,21903.3,,,,,100.0,100.0,9116.4
2473.37,100.0,21861.7,,,,,100.0,100.0,9116.6
2474.38,0.0,21861.7,,,,,0.0,0.0,9116.6
2475.38,100.0,21820.0,,,,,100.0,100.0,9116.6
2476.38,100.0,21719.8,,,,,100.0,100.0,9101.4
2477.38,0.0,21761.5,,,,,0.0,0.0,9096.1
2478.38,100.0,21761.5,,,,,100.0,100.0,9103.2
2479.38,100.0,21803.0,,,,,100.0,100.0,9112.7
2480.38,0.0,21844.6,,,,,0.0,0.0,9101.3
2481.38,100.0,21878.6,,,,,100.0,100.0,9112.8
2482.38,100.0,21944.6,,,,,100.0,100.0,9115.5
2483.38,100.0,21903.3,,,,,100.0,100.0,9116.9
2484.38,0.0,21903.3,,,,,0.0,0.0,9116.9
2485.38,100.0,21861.7,,,,,100.0,100.0,9117.1
2486.38,100.0,21820.0,,,,,100.0,100.0,9117.1
2487.38,100.0,21719.8,,,,,100.0,100.0,9117.3
2488.38,0.0,21719.9,,,,,0.0,0.0,9101.7
2489.38,100.0,21761.5,,,,,100.0,100.0,9094.2
2490.38,0.0,21803.0,,,,,0.0,0.0,9103.7
2491.38,100.0,21844.6,,,,,100.0,100.0,9095.1
2492.38,100.0,21844.6,,,,,100.0,100.0,9101.9
2493.38,100.0,21944.6,,,,,100.0,100.0,9115.2
2494.38,0.0,21944.6,,,,,0.0,0.0,9115.2
2495.38,100.0,21903.3,,,,,100.0,100.0,9116.8
2496.38,100.0,21861.7,,,,,100.0,100.0,9117.0
2497.38,100.0,21820.0,,,,,100.0,100.0,9117.0
2498.38,0.0,21820.0,,,,,0.0,0.0,9117.0
2499.38,100.0,21719.9,,,,,100.0,100.0,9111.4
2500.38,0.0,21761.5,,,,,0.0,0.0,9102.6
2501.38,100.0,21803.0,,,,,100.0,100.0,9112.3
2502.38,100.0,21803.0,,,,,100.0,100.0,9101.7
2503.38,100.0,21844.6,,,,,100.0,100.0,9103.4
2504.38,0.0,21878.6,,,,,0.0,0.0,9113.0
2505.38,100.0,21944.6,,,,,100.0,100.0,9115.6
2506.38,100.0,21903.3,,,,,100.0,100.0,9117.0
2507.38,100.0,21861.7,,,,,100.0,100.0,9117.1
2508.38,0.0,21861.7,,,,,0.0,0.0,9117.1
2509.38,100.0,21820.0,,,,,100.0,100.0,9117.1
2510.38,100.0,21719.8,,,,,100.0,100.0,9103.3
2511.38,0.0,21761.5,,,,,0.0,0.0,9094.9
2512.38,100.0,21761.5,,,,,100.0,100.0,9101.3
2513.38,100.0,21803.0,,,,,100.0,100.0,9112.2
2514.38,0.0,21844.6,,,,,0.0,0.0,9100.7
2515.38,100.0,21878.6,,,,,100.0,100.0,9112.7
2516.38,100.0,21944.6,,,,,100.0,100.0,9115.6
2517.38,100.0,21903.3,,,,,100.0,100.0,9117.2
2518.38,0.0,21903.3,,,,,0.0,0.0,9117.2
2519.38,100.0,21861.7,,,,,100.0,100.0,9117.3
2520.38,100.0,21820.0,,,,,100.0,100.0,9117.3
2521.38,100.0,21719.8,,,,,100.0,100.0,9117.6
2522.38,0.0,21719.9,,,,,0.0,0.0,9104.9
2523.38,100.0,21761.5,,,,,100.0,100.0,9096.4
2524.38,0.0,21803.0,,,,,0.0,0.0,9102.1
2525.38,100.0,21844.6,,,,,100.0,100.0,9094.0
2526.38,100.0,21844.6,,,,,100.0,100.0,9100.9
2527.38,100.0,21944.6,,,,,100.0,100.0,9116.0
2528.38,0.0,21944.6,,,,,0.0,0.0,9116.0
2529.38,100.0,21903.3,,,,,100.0,100.0,9117.4
2530.38,100.0,21861.7,,,,,100.0,100.0,9117.6
2531.38,100.0,21820.0,,,,,100.0,100.0,9117.6
2532.38,0.0,21820.0,,,,,0.0,0.0,9117.6
2533.38,100.0,21719.9,,,,,100.0,100.0,9111.9
2534.38,0.0,21761.5,,,,,0.0,0.0,9104.8
2535.38,100.0,21803.0,,,,,100.0,100.0,9112.8
2536.38,100.0,21803.0,,,,,100.0,100.0,9100.9
2537.38,100.0,21823.8,,,,,100.0,100.0,9102.3
2538.38,0.0,21878.6,,,,,0.0,0.0,9113.6
2539.38,100.0,21944.6,,,,,100.0,100.0,9116.2
2540.38,100.0,21903.3,,,,,100.0,100.0,9117.6
2541.38,100.0,21861.7,,,,,100.0,100.0,9117.8
2542.38,0.0,21861.7,,,,,0.0,0.0,9117.8
2543.38,100.0,21820.0,,,,,100.0,100.0,9117.8
2544.38,100.0,21719.8,,,,,100.0,100.0,9105.0
2545.38,0.0,21761.5,,,,,0.0,0.0,9112.3
2546.38,100.0,21761.5,,,,,100.0,100.0,9102.1
2547.39,100.0,21803.0,,,,,100.0,100.0,9113.0
2548.39,0.0,21844.6,,,,,0.0,0.0,9102.3
2549.39,100.0,21861.6,,,,,100.0,100.0,9112.0
2550.39,100.0,21944.6,,,,,100.0,100.0,9116.9
2551.39,100.0,21903.3,,,,,100.0,100.0,9118.1
2552.39,0.0,21903.3,,,,,0.0,0.0,9118.1
2553.39,100.0,21861.7,,,,,100.0,100.0,9118.3
2554.39,100.0,21820.0,,,,,100.0,100.0,9118.3
2555.39,100.0,21719.8,,,,,100.0,100.0,9096.6
2556.39,0.0,21719.9,,,,,0.0,0.0,9108.0
2557.39,100.0,21761.5,,,,,100.0,100.0,9096.2
2558.39,0.0,21803.0,,,,,0.0,0.0,9103.9
2559.39,100.0,21844.6,,,,,100.0,100.0,9114.4
2560.39,100.0,21844.6,,,,,100.0,100.0,9102.3
2561.39,100.0,21944.6,,,,,100.0,100.0,9117.0
2562.39,0.0,21944.6,,,,,0.0,0.0,9117.0
2563.39,100.0,21903.3,,,,,100.0,100.0,9118.4
2564.39,100.0,21861.7,,,,,100.0,100.0,9118.6
2565.39,100.0,21820.0,,,,,100.0,100.0,9118.6
2566.39,0.0,21820.0,,,,,0.0,0.0,9118.6
2567.39,100.0,21719.9,,,,,100.0,100.0,9112.7
2568.39,0.0,21761.5,,,,,0.0,0.0,9107.2
2569.39,100.0,21803.0,,,,,100.0,100.0,9097.9
2570.39,100.0,21803.0,,,,,100.0,100.0,9103.4
2571.39,100.0,21844.6,,,,,100.0,100.0,9095.3
2572.39,0.0,21878.6,,,,,0.0,0.0,9114.2
2573.39,100.0,21944.6,,,,,100.0,100.0,9116.8
2574.39,100.0,21903.3,,,,,100.0,100.0,9118.3
2575.39,100.0,21861.7,,,,,100.0,100.0,9118.5
2576.39,0.0,21861.7,,,,,0.0,0.0,9118.5
2577.39,100.0,21820.0,,,,,100.0,100.0,9118.5
2578.39,100.0,21719.8,,,,,100.0,100.0,9108.0
2579.39,0.0,21761.5,,,,,0.0,0.0,9112.9
2580.39,100.0,21761.5,,,,,100.0,100.0,9105.6
2581.39,100.0,21803.0,,,,,100.0,100.0,9105.9
2582.39,0.0,21844.6,,,,,0.0,0.0,9104.8
2583.39,100.0,21878.6,,,,,100.0,100.0,9114.4
2584.39,100.0,21944.6,,,,,100.0,100.0,9117.3
2585.39,100.0,21903.3,,,,,100.0,100.0,9118.9
2586.39,0.0,21903.3,,,,,0.0,0.0,9118.9
2587.39,100.0,21861.7,,,,,100.0,100.0,9119.1
2588.39,100.0,21820.0,,,,,100.0,100.0,9119.1
2589.39,100.0,21719.8,,,,,100.0,100.0,9097.2
2590.39,0.0,21740.7,,,,,0.0,0.0,9112.2
2591.39,100.0,21761.5,,,,,100.0,100.0,9099.6
2592.39,0.0,21823.8,,,,,0.0,0.0,9109.1
2593.39,100.0,21844.6,,,,,100.0,100.0,9114.8
2594.39,100.0,21844.6,,,,,100.0,100.0,9107.8
2595.39,100.0,21944.6,,,,,100.0,100.0,9117.6
2596.39,0.0,21944.6,,,,,0.0,0.0,9117.6
2597.39,100.0,21902.9,,,,,100.0,100.0,9118.9
2598.39,100.0,21861.3,,,,,100.0,100.0,9119.1
2599.39,100.0,21819.6,,,,,100.0,100.0,9119.1
2600.39,0.0,21819.6,,,,,0.0,0.0,9119.1
2601.39,100.0,21719.5,,,,,100.0,100.0,9105.6
2602.39,0.0,21761.1,,,,,0.0,0.0,9109.1
2603.39,100.0,21902.7,,,,,100.0,100.0,9118.1
2604.39,100.0,21861.2,,,,,100.0,100.0,9118.2
2605.39,100.0,21819.6,,,,,100.0,100.0,9118.2
2606.39,0.0,21819.6,,,,,0.0,0.0,9118.2
2607.39,100.0,21719.9,,,,,100.0,100.0,9113.2
2608.39,0.0,21761.5,,,,,0.0,0.0,9105.5
2609.39,100.0,21803.0,,,,,100.0,100.0,9114.0
2610.39,100.0,21803.0,,,,,100.0,100.0,9102.7
2611.39,100.0,21844.6,,,,,100.0,100.0,9115.0
2612.39,0.0,21878.6,,,,,0.0,0.0,9115.0
2613.39,100.0,21944.6,,,,,100.0,100.0,9117.7
2614.39,100.0,21903.3,,,,,100.0,100.0,9119.1
2615.39,100.0,21861.7,,,,,100.0,100.0,9119.3
2616.39,0.0,21861.7,,,,,0.0,0.0,9119.3
2617.39,100.0,21820.0,,,,,100.0,100.0,9119.3
2618.4,100.0,21719.8,,,,,100.0,100.0,9108.7
2619.4,0.0,21761.5,,,,,0.0,0.0,9098.5
2620.4,100.0,21761.5,,,,,100.0,100.0,9104.2
2621.4,100.0,21803.0,,,,,100.0,100.0,9114.7
2622.4,0.0,21844.6,,,,,0.0,0.0,9104.1
2623.4,100.0,21878.6,,,,,100.0,100.0,9115.2
2624.4,100.0,21944.6,,,,,100.0,100.0,9118.0
2625.4,100.0,21903.3,,,,,100.0,100.0,9119.4
2626.4,0.0,21903.3,,,,,0.0,0.0,9119.4
2627.4,100.0,21861.7,,,,,100.0,100.0,9119.5
2628.4,100.0,21820.0,,,,,100.0,100.0,9119.5
2629.4,100.0,21719.8,,,,,100.0,100.0,9107.6
2630.4,0.0,21719.9,,,,,0.0,0.0,9108.9
2631.4,100.0,21761.5,,,,,100.0,100.0,9098.6
2632.4,0.0,21803.0,,,,,0.0,0.0,9104.8
2633.4,100.0,21844.6,,,,,100.0,100.0,9097.0
2634.4,100.0,21844.6,,,,,100.0,100.0,9103.1
2635.4,100.0,21944.6,,,,,100.0,100.0,9118.1
2636.4,0.0,21944.6,,,,,0.0,0.0,9118.1
2637.4,100.0,21903.3,,,,,100.0,100.0,9119.5
2638.4,100.0,21861.7,,,,,100.0,100.0,9119.7
2639.4,100.0,21820.0,,,,,100.0,100.0,9119.7
2640.4,0.0,21820.0,,,,,0.0,0.0,9119.7
2641.4,100.0,21719.9,,,,,100.0,100.0,9114.2
2642.4,0.0,21761.5,,,,,0.0,0.0,9108.0
2643.4,100.0,21803.0,,,,,100.0,100.0,9115.4
2644.4,100.0,21803.0,,,,,100.0,100.0,9103.9
2645.4,100.0,21844.6,,,,,100.0,100.0,9106.3
2646.4,0.0,21878.6,,,,,0.0,0.0,9116.1
2647.4,100.0,21944.6,,,,,100.0,100.0,9118.6
2648.4,100.0,21903.3,,,,,100.0,100.0,9120.0
2649.4,100.0,21861.7,,,,,100.0,100.0,9120.2
2650.4,0.0,21861.7,,,,,0.0,0.0,9120.2
2651.4,100.0,21820.0,,,,,100.0,100.0,9120.2
2652.4,100.0,21719.8,,,,,100.0,100.0,9110.2
2653.4,0.0,21761.5,,,,,0.0,0.0,9114.7
2654.4,100.0,21761.5,,,,,100.0,100.0,9107.9
2655.4,100.0,21803.0,,,,,100.0,100.0,9115.4
2656.4,0.0,21844.6,,,,,0.0,0.0,9105.2
2657.4,100.0,21878.6,,,,,100.0,100.0,9115.7
2658.4,100.0,21944.6,,,,,100.0,100.0,9118.7
2659.4,100.0,21903.3,,,,,100.0,100.0,9120.2
2660.4,0.0,21903.3,,,,,0.0,0.0,9120.2
2661.4,100.0,21861.7,,,,,100.0,100.0,9120.4
2662.4,100.0,21820.0,,,,,100.0,100.0,9120.4
2663.4,100.0,21719.8,,,,,100.0,100.0,9097.8
2664.4,0.0,21740.7,,,,,0.0,0.0,9112.3
2665.4,100.0,21761.5,,,,,100.0,100.0,9099.8
2666.4,0.0,21803.0,,,,,0.0,0.0,9108.3
2667.4,100.0,21844.6,,,,,100.0,100.0,9116.5
2668.4,100.0,21844.6,,,,,100.0,100.0,9104.8
2669.4,100.0,21944.6,,,,,100.0,100.0,9119.0
2670.4,0.0,21944.6,,,,,0.0,0.0,9119.0
2671.4,100.0,21903.3,,,,,100.0,100.0,9120.5
2672.4,100.0,21861.7,,,,,100.0,100.0,9120.7
2673.4,100.0,21820.0,,,,,100.0,100.0,9120.7
2674.4,0.0,21820.0,,,,,0.0,0.0,9120.7
2675.4,100.0,21719.9,,,,,100.0,100.0,9115.0
2676.4,0.0,21782.3,,,,,0.0,0.0,9114.4
2677.4,100.0,21803.0,,,,,100.0,100.0,9101.4
2678.4,100.0,21803.0,,,,,100.0,100.0,9111.2
2679.4,100.0,21844.6,,,,,100.0,100.0,9100.7
2680.4,0.0,21878.6,,,,,0.0,0.0,9116.7
2681.4,100.0,21944.6,,,,,100.0,100.0,9119.3
2682.4,100.0,21903.3,,,,,100.0,100.0,9120.7
2683.4,100.0,21861.7,,,,,100.0,100.0,9120.8
2684.4,0.0,21861.7,,,,,0.0,0.0,9120.8
2685.4,100.0,21820.0,,,,,100.0,100.0,9120.9
2686.4,100.0,21702.8,,,,,100.0,100.0,9113.6
2687.4,0.0,21761.5,,,,,0.0,0.0,9115.4
2688.4,100.0,21782.3,,,,,100.0,100.0,9115.2
2689.4,100.0,21803.0,,,,,100.0,100.0,9107.8
2690.41,0.0,21844.6,,,,,0.0,0.0,9110.5
2691.41,100.0,21878.6,,,,,100.0,100.0,9117.0
2692.41,100.0,21944.6,,,,,100.0,100.0,9119.5
2693.41,100.0,21903.3,,,,,100.0,100.0,9121.0
2694.41,0.0,21903.3,,,,,0.0,0.0,9121.0
2695.41,100.0,21861.7,,,,,100.0,100.0,9121.2
2696.41,100.0,21820.0,,,,,100.0,100.0,9121.2
2697.41,100.0,21719.8,,,,,100.0,100.0,9100.0
2698.41,0.0,21761.5,,,,,0.0,0.0,9115.6
2699.41,100.0,21761.5,,,,,100.0,100.0,9101.7
2700.41,0.0,21803.0,,,,,0.0,0.0,9111.4
2701.41,100.0,21844.6,,,,,100.0,100.0,9117.5
2702.41,100.0,21844.6,,,,,100.0,100.0,9107.3
2703.41,100.0,21944.6,,,,,100.0,100.0,9120.2
2704.41,0.0,21944.6,,,,,0.0,0.0,9120.2
2705.41,100.0,21903.3,,,,,100.0,100.0,9121.6
2706.41,100.0,21861.7,,,,,100.0,100.0,9121.8
2707.41,100.0,21820.0,,,,,100.0,100.0,9121.8
2708.41,0.0,21820.0,,,,,0.0,0.0,9121.8
2709.41,100.0,21719.9,,,,,100.0,100.0,9100.4
2710.41,0.0,21782.3,,,,,0.0,0.0,9115.1
2711.41,100.0,21803.0,,,,,100.0,100.0,9101.6
2712.41,100.0,21803.0,,,,,100.0,100.0,9107.5
2713.41,100.0,21844.6,,,,,100.0,100.0,9098.8
2714.41,0.0,21878.6,,,,,0.0,0.0,9117.8
2715.41,100.0,21944.6,,,,,100.0,100.0,9120.3
2716.41,100.0,21903.3,,,,,100.0,100.0,9121.6
2717.41,100.0,21861.7,,,,,100.0,100.0,9121.7
2718.41,0.0,21861.7,,,,,0.0,0.0,9121.7
2719.41,100.0,21820.0,,,,,100.0,100.0,9121.7
2720.41,100.0,21719.8,,,,,100.0,100.0,9100.0
2721.41,0.0,21761.5,,,,,0.0,0.0,9113.9
2722.41,100.0,21761.5,,,,,100.0,100.0,9101.3
2723.41,100.0,21782.3,,,,,100.0,100.0,9111.1
2724.41,0.0,21844.6,,,,,0.0,0.0,9102.2
2725.41,100.0,21844.6,,,,,100.0,100.0,9108.1
2726.41,100.0,21944.6,,,,,100.0,100.0,9118.2
2727.41,100.0,21903.3,,,,,100.0,100.0,9119.6
2728.41,0.0,21903.3,,,,,0.0,0.0,9119.6
2729.41,100.0,21861.7,,,,,100.0,100.0,9119.8
2730.41,100.0,21820.0,,,,,100.0,100.0,9119.9
2731.41,100.0,21719.8,,,,,100.0,100.0,9120.0
2732.41,0.0,21719.9,,,,,0.0,0.0,9101.5
2733.41,100.0,21761.5,,,,,100.0,100.0,9094.9
2734.41,0.0,21803.0,,,,,0.0,0.0,9102.3
2735.41,100.0,21844.6,,,,,100.0,100.0,9115.8
2736.41,100.0,21844.6,,,,,100.0,100.0,9103.1
2737.41,100.0,21944.6,,,,,100.0,100.0,9118.4
2738.41,0.0,21944.6,,,,,0.0,0.0,9118.4
2739.41,100.0,21903.3,,,,,100.0,100.0,9119.8
2740.41,100.0,21861.7,,,,,100.0,100.0,9120.0
2741.41,100.0,21820.0,,,,,100.0,100.0,9120.0
2742.41,0.0,21820.0,,,,,0.0,0.0,9120.0
2743.41,100.0,21719.9,,,,,100.0,100.0,9114.4
2744.41,0.0,21761.5,,,,,0.0,0.0,9103.4
2745.41,100.0,21803.0,,,,,100.0,100.0,9115.2
2746.41,100.0,21803.0,,,,,100.0,100.0,9109.0
2747.41,100.0,21823.8,,,,,100.0,100.0,9113.3
2748.41,0.0,21878.6,,,,,0.0,0.0,9116.2
2749.41,100.0,21944.6,,,,,100.0,100.0,9118.8
2750.41,100.0,21903.3,,,,,100.0,100.0,9120.2
2751.41,100.0,21861.7,,,,,100.0,100.0,9120.3
2752.41,0.0,21861.7,,,,,0.0,0.0,9120.3
2753.41,100.0,21820.0,,,,,100.0,100.0,9120.3
2754.41,100.0,21719.8,,,,,100.0,100.0,9101.9
2755.41,0.0,21761.5,,,,,0.0,0.0,9115.0
2756.41,100.0,21761.5,,,,,100.0,100.0,9102.5
2757.41,100.0,21782.3,,,,,100.0,100.0,9112.8
2758.41,0.0,21844.6,,,,,0.0,0.0,9103.6
2759.41,100.0,21844.6,,,,,100.0,100.0,9110.1
2760.41,100.0,21944.6,,,,,100.0,100.0,9119.3
2761.42,100.0,21903.3,,,,,100.0,100.0,9120.6
2762.42,0.0,21903.3,,,,,0.0,0.0,9120.6
2763.42,100.0,21861.7,,,,,100.0,100.0,9120.8
2764.42,100.0,21820.0,,,,,100.0,100.0,9120.8
2765.42,100.0,21719.8,,,,,100.0,100.0,9115.0
2766.42,0.0,21719.9,,,,,0.0,0.0,9102.4
2767.42,100.0,21761.5,,,,,100.0,100.0,9115.4
2768.42,0.0,21803.0,,,,,0.0,0.0,9102.4
2769.42,100.0,21823.8,,,,,100.0,100.0,9115.5
2770.42,100.0,21844.6,,,,,100.0,100.0,9103.9
2771.42,100.0,21944.6,,,,,100.0,100.0,9119.4
2772.42,0.0,21944.6,,,,,0.0,0.0,9119.4
2773.42,100.0,21903.3,,,,,100.0,100.0,9120.8
2774.42,100.0,21861.7,,,,,100.0,100.0,9120.9
2775.42,100.0,21820.0,,,,,100.0,100.0,9120.9
2776.42,0.0,21820.0,,,,,0.0,0.0,9120.9
2777.42,100.0,21719.9,,,,,100.0,100.0,9115.3
2778.42,0.0,21761.5,,,,,0.0,0.0,9108.8
2779.42,100.0,21803.0,,,,,100.0,100.0,9105.9
2780.42,100.0,21803.0,,,,,100.0,100.0,9102.8
2781.42,100.0,21823.8,,,,,100.0,100.0,9114.3
2782.42,0.0,21878.6,,,,,0.0,0.0,9117.0
2783.42,100.0,21944.6,,,,,100.0,100.0,9119.6
2784.42,100.0,21903.3,,,,,100.0,100.0,9121.0
2785.42,100.0,21861.7,,,,,100.0,100.0,9121.2
2786.42,0.0,21861.7,,,,,0.0,0.0,9121.2
2787.42,100.0,21820.0,,,,,100.0,100.0,9121.2
2788.42,100.0,21719.8,,,,,100.0,100.0,9103.8
2789.42,0.0,21761.5,,,,,0.0,0.0,9115.5
2790.42,100.0,21761.5,,,,,100.0,100.0,9103.6
2791.42,100.0,21803.0,,,,,100.0,100.0,9116.3
2792.42,0.0,21844.6,,,,,0.0,0.0,9117.4
2793.42,100.0,21878.6,,,,,100.0,100.0,9116.8
2794.42,100.0,21944.6,,,,,100.0,100.0,9119.8
2795.42,100.0,21903.3,,,,,100.0,100.0,9121.3
2796.42,0.0,21903.3,,,,,0.0,0.0,9121.3
2797.42,100.0,21861.7,,,,,100.0,100.0,9121.5
2798.42,100.0,21820.0,,,,,100.0,100.0,9121.5
2799.42,100.0,21719.8,,,,,100.0,100.0,9095.8
2800.42,0.0,21719.9,,,,,0.0,0.0,9103.7
2801.42,100.0,21761.5,,,,,100.0,100.0,9116.6
2802.42,0.0,21803.0,,,,,0.0,0.0,9104.9
2803.42,100.0,21823.8,,,,,100.0,100.0,9116.7
2804.42,100.0,21844.6,,,,,100.0,100.0,9104.5
2805.42,100.0,21944.6,,,,,100.0,100.0,9120.4
2806.42,0.0,21944.6,,,,,0.0,0.0,9120.4
2807.42,100.0,21903.3,,,,,100.0,100.0,9121.6
2808.42,100.0,21861.7,,,,,100.0,100.0,9121.8
2809.42,100.0,21820.0,,,,,100.0,100.0,9121.8
2810.42,0.0,21820.0,,,,,0.0,0.0,9121.8
2811.42,100.0,21719.9,,,,,100.0,100.0,9115.9
2812.42,0.0,21761.5,,,,,0.0,0.0,9104.2
2813.42,100.0,21803.0,,,,,100.0,100.0,9097.7
2814.42,100.0,21803.0,,,,,100.0,100.0,9103.6
2815.42,100.0,21823.8,,,,,100.0,100.0,9116.0
2816.42,0.0,21878.6,,,,,0.0,0.0,9117.6
2817.42,100.0,21944.6,,,,,100.0,100.0,9120.2
2818.42,100.0,21903.3,,,,,100.0,100.0,9121.8
2819.42,100.0,21861.7,,,,,100.0,100.0,9121.9
2820.42,0.0,21861.7,,,,,0.0,0.0,9121.9
2821.42,100.0,21820.0,,,,,100.0,100.0,9121.9
2822.42,100.0,21719.8,,,,,100.0,100.0,9104.4
2823.42,0.0,21761.5,,,,,0.0,0.0,9116.8
2824.42,100.0,21761.5,,,,,100.0,100.0,9104.5
2825.42,100.0,21782.3,,,,,100.0,100.0,9114.4
2826.42,0.0,21844.6,,,,,0.0,0.0,9118.3
2827.42,100.0,21844.6,,,,,100.0,100.0,9114.1
2828.42,100.0,21944.6,,,,,100.0,100.0,9120.7
2829.42,100.0,21903.3,,,,,100.0,100.0,9122.1
2830.42,0.0,21903.3,,,,,0.0,0.0,9122.1
2831.42,100.0,21861.7,,,,,100.0,100.0,9122.3
2832.42,100.0,21820.0,,,,,100.0,100.0,9122.3
2833.42,100.0,21719.8,,,,,100.0,100.0,9122.5
2834.43,0.0,21719.9,,,,,0.0,0.0,9104.1
2835.43,100.0,21761.5,,,,,100.0,100.0,9117.0
2836.43,0.0,21803.0,,,,,0.0,0.0,9105.7
2837.43,100.0,21844.6,,,,,100.0,100.0,9118.2
2838.43,100.0,21844.6,,,,,100.0,100.0,9106.0
2839.43,100.0,21944.6,,,,,100.0,100.0,9120.9
2840.43,0.0,21944.6,,,,,0.0,0.0,9120.9
2841.43,100.0,21903.3,,,,,100.0,100.0,9122.5
2842.43,100.0,21861.7,,,,,100.0,100.0,9122.7
2843.43,100.0,21820.0,,,,,100.0,100.0,9122.7
2844.43,0.0,21820.0,,,,,0.0,0.0,9122.7
2845.43,100.0,21719.9,,,,,100.0,100.0,9097.5
2846.43,0.0,21761.5,,,,,0.0,0.0,9105.2
2847.43,100.0,21782.3,,,,,100.0,100.0,9116.4
2848.43,100.0,21803.0,,,,,100.0,100.0,9114.1
2849.43,100.0,21823.8,,,,,100.0,100.0,9113.5
2850.43,0.0,21878.6,,,,,0.0,0.0,9118.7
2851.43,100.0,21944.6,,,,,100.0,100.0,9121.4
2852.43,100.0,21903.3,,,,,100.0,100.0,9122.7
2853.43,100.0,21861.7,,,,,100.0,100.0,9122.9
2854.43,0.0,21861.7,,,,,0.0,0.0,9122.9
2855.43,100.0,21820.0,,,,,100.0,100.0,9122.9
2856.43,100.0,21719.8,,,,,100.0,100.0,9105.5
2857.43,0.0,21761.5,,,,,0.0,0.0,9117.2
2858.43,100.0,21761.5,,,,,100.0,100.0,9104.5
2859.43,100.0,21803.0,,,,,100.0,100.0,9117.6
2860.43,0.0,21844.6,,,,,0.0,0.0,9112.1
2861.43,100.0,21861.6,,,,,100.0,100.0,9116.0
2862.43,100.0,21944.6,,,,,100.0,100.0,9121.5
2863.43,100.0,21903.3,,,,,100.0,100.0,9123.0
2864.43,0.0,21903.3,,,,,0.0,0.0,9123.0
2865.43,100.0,21861.7,,,,,100.0,100.0,9123.2
2866.43,100.0,21820.0,,,,,100.0,100.0,9123.2
2867.43,100.0,21719.8,,,,,100.0,100.0,9123.3
2868.43,0.0,21719.9,,,,,0.0,0.0,9106.0
2869.43,100.0,21761.5,,,,,100.0,100.0,9117.8
2870.43,0.0,21803.0,,,,,0.0,0.0,9106.7
2871.43,100.0,21844.6,,,,,100.0,100.0,9119.3
2872.43,100.0,21844.6,,,,,100.0,100.0,9119.4
2873.43,100.0,21944.6,,,,,100.0,100.0,9121.8
2874.43,0.0,21944.6,,,,,0.0,0.0,9121.8
2875.43,100.0,21903.3,,,,,100.0,100.0,9123.2
2876.43,100.0,21861.7,,,,,100.0,100.0,9123.4
2877.43,100.0,21820.0,,,,,100.0,100.0,9123.4
2878.43,0.0,21820.0,,,,,0.0,0.0,9123.4
2879.43,100.0,21719.9,,,,,100.0,100.0,9098.3
2880.43,0.0,21761.5,,,,,0.0,0.0,9105.7
2881.43,100.0,21803.0,,,,,100.0,100.0,9118.5
2882.43,100.0,21803.0,,,,,100.0,100.0,9105.1
2883.43,100.0,21803.0,,,,,100.0,100.0,9117.4
2884.43,0.0,21878.6,,,,,0.0,0.0,9119.6
2885.43,100.0,21944.6,,,,,100.0,100.0,9122.3
2886.43,100.0,21903.3,,,,,100.0,100.0,9123.7
2887.43,100.0,21861.7,,,,,100.0,100.0,9123.9
2888.43,0.0,21861.7,,,,,0.0,0.0,9123.9
2889.43,100.0,21820.0,,,,,100.0,100.0,9123.9
2890.43,100.0,21719.8,,,,,100.0,100.0,9106.4
2891.43,0.0,21761.5,,,,,0.0,0.0,9108.9
2892.43,100.0,21761.5,,,,,100.0,100.0,9113.3
2893.43,100.0,21803.0,,,,,100.0,100.0,9109.9
2894.43,0.0,21844.6,,,,,0.0,0.0,9106.5
2895.43,100.0,21878.6,,,,,100.0,100.0,9119.3
2896.43,100.0,21944.6,,,,,100.0,100.0,9122.2
2897.43,100.0,21903.3,,,,,100.0,100.0,9123.7
2898.43,0.0,21903.3,,,,,0.0,0.0,9123.7
2899.43,100.0,21861.7,,,,,100.0,100.0,9123.9
2900.43,100.0,21820.0,,,,,100.0,100.0,9123.9
2901.43,100.0,21719.8,,,,,100.0,100.0,9124.0
2902.43,0.0,21719.9,,,,,0.0,0.0,9106.5
2903.43,100.0,21761.5,,,,,100.0,100.0,9119.1
2904.43,0.0,21803.0,,,,,0.0,0.0,9107.5
2905.44,100.0,21823.8,,,,,100.0,100.0,9118.1
2906.44,100.0,21844.6,,,,,100.0,100.0,9120.0
2907.44,100.0,21944.6,,,,,100.0,100.0,9122.6
2908.44,0.0,21944.6,,,,,0.0,0.0,9122.6
2909.44,100.0,21903.3,,,,,100.0,100.0,9124.2
2910.44,100.0,21861.7,,,,,100.0,100.0,9124.4
2911.44,100.0,21820.0,,,,,100.0,100.0,9124.4
2912.44,0.0,21820.0,,,,,0.0,0.0,9124.4
2913.44,100.0,21719.9,,,,,100.0,100.0,9118.6
2914.44,0.0,21761.5,,,,,0.0,0.0,9106.6
2915.44,100.0,21803.0,,,,,100.0,100.0,9119.5
2916.44,100.0,21803.0,,,,,100.0,100.0,9107.5
2917.44,100.0,21844.6,,,,,100.0,100.0,9120.2
2918.44,0.0,21878.6,,,,,0.0,0.0,9120.6
2919.44,100.0,21944.6,,,,,100.0,100.0,9123.1
2920.44,100.0,21903.3,,,,,100.0,100.0,9124.5
2921.44,100.0,21861.7,,,,,100.0,100.0,9124.6
2922.44,0.0,21861.7,,,,,0.0,0.0,9124.6
2923.44,100.0,21820.0,,,,,100.0,100.0,9124.7
2924.44,100.0,21719.8,,,,,100.0,100.0,9107.1
2925.44,0.0,21761.5,,,,,0.0,0.0,9099.6
2926.44,100.0,21761.5,,,,,100.0,100.0,9106.3
2927.44,100.0,21803.0,,,,,100.0,100.0,9119.6
2928.44,0.0,21844.6,,,,,0.0,0.0,9105.5
2929.44,100.0,21844.6,,,,,100.0,100.0,9115.4
2930.44,100.0,21944.6,,,,,100.0,100.0,9123.3
2931.44,100.0,21903.3,,,,,100.0,100.0,9124.8
2932.44,0.0,21903.3,,,,,0.0,0.0,9124.8
2933.44,100.0,21861.7,,,,,100.0,100.0,9124.9
2934.44,100.0,21820.0,,,,,100.0,100.0,9125.0
2935.44,100.0,21719.8,,,,,100.0,100.0,9125.1
2936.44,0.0,21719.9,,,,,0.0,0.0,9108.4
2937.44,100.0,21761.5,,,,,100.0,100.0,9119.6
2938.44,0.0,21803.0,,,,,0.0,0.0,9120.2
2939.44,100.0,21844.6,,,,,100.0,100.0,9111.1
2940.44,100.0,21844.6,,,,,100.0,100.0,9114.9
2941.44,100.0,21944.6,,,,,100.0,100.0,9123.6
2942.44,0.0,21944.6,,,,,0.0,0.0,9123.6
2943.44,100.0,21903.3,,,,,100.0,100.0,9124.9
2944.44,100.0,21861.7,,,,,100.0,100.0,9125.1
2945.44,100.0,21820.0,,,,,100.0,100.0,9125.1
2946.44,0.0,21820.0,,,,,0.0,0.0,9125.1
2947.44,100.0,21719.9,,,,,100.0,100.0,9119.4
2948.44,0.0,21761.5,,,,,0.0,0.0,9107.0
2949.44,100.0,21803.0,,,,,100.0,100.0,9120.3
2950.44,100.0,21803.0,,,,,100.0,100.0,9106.8
2951.44,100.0,21823.8,,,,,100.0,100.0,9115.2
2952.44,0.0,21878.6,,,,,0.0,0.0,9121.1
2953.44,100.0,21944.6,,,,,100.0,100.0,9123.6
2954.44,100.0,21903.3,,,,,100.0,100.0,9125.2
2955.44,100.0,21861.7,,,,,100.0,100.0,9125.4
2956.44,0.0,21861.7,,,,,0.0,0.0,9125.4
2957.44,100.0,21820.0,,,,,100.0,100.0,9125.4
2958.44,100.0,21719.8,,,,,100.0,100.0,9107.3
2959.44,0.0,21761.5,,,,,0.0,0.0,9101.1
2960.44,100.0,21761.5,,,,,100.0,100.0,9107.5
2961.44,100.0,21803.0,,,,,100.0,100.0,9120.6
2962.44,0.0,21844.6,,,,,0.0,0.0,9109.3
2963.44,100.0,21861.6,,,,,100.0,100.0,9119.2
2964.44,100.0,21944.6,,,,,100.0,100.0,9124.2
2965.44,100.0,21903.3,,,,,100.0,100.0,9125.5
2966.44,0.0,21903.3,,,,,0.0,0.0,9125.5
2967.44,100.0,21861.7,,,,,100.0,100.0,9125.7
2968.44,100.0,21820.0,,,,,100.0,100.0,9125.7
2969.44,100.0,21719.8,,,,,100.0,100.0,9125.8
2970.44,0.0,21719.9,,,,,0.0,0.0,9109.8
2971.44,100.0,21761.5,,,,,100.0,100.0,9120.2
2972.44,0.0,21803.0,,,,,0.0,0.0,9107.0
2973.44,100.0,21844.6,,,,,100.0,100.0,9111.2
2974.44,100.0,21844.6,,,,,100.0,100.0,9107.1
2975.45,100.0,21944.6,,,,,100.0,100.0,9124.4
2976.45,0.0,21944.6,,,,,0.0,0.0,9124.4
2977.45,100.0,21903.3,,,,,100.0,100.0,9125.7
2978.45,100.0,21861.7,,,,,100.0,100.0,9125.9
2979.45,100.0,21820.0,,,,,100.0,100.0,9125.9
2980.45,0.0,21820.0,,,,,0.0,0.0,9125.9
2981.45,100.0,21719.9,,,,,100.0,100.0,9120.5
2982.45,0.0,21761.5,,,,,0.0,0.0,9110.8
2983.45,100.0,21803.0,,,,,100.0,100.0,9121.3
2984.45,100.0,21803.0,,,,,100.0,100.0,9109.5
2985.45,100.0,21844.6,,,,,100.0,100.0,9122.1
2986.45,0.0,21878.6,,,,,0.0,0.0,9122.1
2987.45,100.0,21944.6,,,,,100.0,100.0,9124.7
2988.45,100.0,21903.3,,,,,100.0,100.0,9126.0
2989.45,100.0,21861.7,,,,,100.0,100.0,9126.1
2990.45,0.0,21861.7,,,,,0.0,0.0,9126.1
2991.45,100.0,21820.0,,,,,100.0,100.0,9126.1
2992.45,100.0,21719.8,,,,,100.0,100.0,9109.0
2993.45,0.0,21761.5,,,,,0.0,0.0,9120.7
2994.45,100.0,21761.5,,,,,100.0,100.0,9109.7
2995.45,100.0,21803.0,,,,,100.0,100.0,9121.6
2996.45,0.0,21844.6,,,,,0.0,0.0,9109.5
2997.45,100.0,21861.6,,,,,100.0,100.0,9121.6
2998.45,100.0,21944.6,,,,,100.0,100.0,9124.9
2999.45,100.0,21903.3,,,,,100.0,100.0,9126.3
3000.45,0.0,21903.3,,,,,0.0,0.0,9126.3
3001.45,100.0,21861.7,,,,,100.0,100.0,9126.5
3002.45,100.0,21820.0,,,,,100.0,100.0,9126.5
3003.45,100.0,21719.8,,,,,100.0,100.0,9126.7
3004.45,0.0,21719.9,,,,,0.0,0.0,9110.1
3005.45,100.0,21761.5,,,,,100.0,100.0,9102.2
3006.45,0.0,21803.0,,,,,0.0,0.0,9109.9
3007.45,100.0,21844.6,,,,,100.0,100.0,9122.7
3008.45,100.0,21844.6,,,,,100.0,100.0,9110.1
3009.45,100.0,21944.6,,,,,100.0,100.0,9125.2
3010.45,0.0,21944.6,,,,,0.0,0.0,9125.2
3011.45,100.0,21903.3,,,,,100.0,100.0,9126.6
3012.45,100.0,21861.7,,,,,100.0,100.0,9126.8
3013.45,100.0,21820.0,,,,,100.0,100.0,9126.8
3014.45,0.0,21820.0,,,,,0.0,0.0,9126.8
3015.45,100.0,21719.9,,,,,100.0,100.0,9121.1
3016.45,0.0,21761.5,,,,,0.0,0.0,9112.0
3017.45,100.0,21803.0,,,,,100.0,100.0,9122.0
3018.45,100.0,21803.0,,,,,100.0,100.0,9110.1
3019.45,100.0,21844.6,,,,,100.0,100.0,9122.7
3020.45,0.0,21878.6,,,,,0.0,0.0,9122.8
3021.45,100.0,21944.6,,,,,100.0,100.0,9125.4
3022.45,100.0,21903.3,,,,,100.0,100.0,9126.8
3023.45,100.0,21861.7,,,,,100.0,100.0,9127.0
3024.45,0.0,21861.7,,,,,0.0,0.0,9127.0
3025.45,100.0,21820.0,,,,,100.0,100.0,9127.0
3026.45,100.0,21719.8,,,,,100.0,100.0,9110.8
3027.45,0.0,21761.5,,,,,0.0,0.0,9121.5
3028.45,100.0,21761.5,,,,,100.0,100.0,9109.9
3029.45,100.0,21803.0,,,,,100.0,100.0,9122.5
3030.45,0.0,21844.6,,,,,0.0,0.0,9111.1
3031.45,100.0,21878.6,,,,,100.0,100.0,9122.7
3032.45,100.0,21944.6,,,,,100.0,100.0,9125.5
3033.45,100.0,21903.3,,,,,100.0,100.0,9127.0
3034.45,0.0,21903.3,,,,,0.0,0.0,9127.0
3035.45,100.0,21861.7,,,,,100.0,100.0,9127.2
3036.45,100.0,21820.0,,,,,100.0,100.0,9127.2
3037.45,100.0,21719.8,,,,,100.0,100.0,9113.0
3038.45,0.0,21719.9,,,,,0.0,0.0,9111.5
3039.45,100.0,21761.5,,,,,100.0,100.0,9102.5
3040.45,0.0,21803.0,,,,,0.0,0.0,9109.3
3041.45,100.0,21823.8,,,,,100.0,100.0,9121.5
3042.45,100.0,21844.6,,,,,100.0,100.0,9109.1
3043.45,100.0,21944.6,,,,,100.0,100.0,9126.0
3044.45,0.0,21944.6,,,,,0.0,0.0,9126.0
3045.45,100.0,21903.3,,,,,100.0,100.0,9127.5
3046.45,100.0,21861.7,,,,,100.0,100.0,9127.6
3047.46,100.0,21820.0,,,,,100.0,100.0,9127.6
3048.46,0.0,21820.0,,,,,0.0,0.0,9127.6
3049.46,100.0,21719.9,,,,,100.0,100.0,9122.0
3050.46,0.0,21761.5,,,,,0.0,0.0,9111.9
3051.46,100.0,21803.0,,,,,100.0,100.0,9113.4
3052.46,100.0,21803.0,,,,,100.0,100.0,9117.0
3053.46,100.0,21823.8,,,,,100.0,100.0,9112.9
3054.46,0.0,21878.6,,,,,0.0,0.0,9123.6
3055.46,100.0,21944.6,,,,,100.0,100.0,9126.2
3056.46,100.0,21903.3,,,,,100.0,100.0,9127.6
3057.46,100.0,21861.7,,,,,100.0,100.0,9127.8
3058.46,0.0,21861.7,,,,,0.0,0.0,9127.8
3059.46,100.0,21820.0,,,,,100.0,100.0,9127.8
3060.46,100.0,21719.8,,,,,100.0,100.0,9111.7
3061.46,0.0,21761.5,,,,,0.0,0.0,9122.3
3062.46,100.0,21761.5,,,,,100.0,100.0,9113.1
3063.46,100.0,21803.0,,,,,100.0,100.0,9123.6
3064.46,0.0,21844.6,,,,,0.0,0.0,9112.7
3065.46,100.0,21861.6,,,,,100.0,100.0,9123.3
3066.46,100.0,21944.6,,,,,100.0,100.0,9126.4
3067.46,100.0,21903.3,,,,,100.0,100.0,9128.0
3068.46,0.0,21903.3,,,,,0.0,0.0,9128.0
3069.46,100.0,21861.7,,,,,100.0,100.0,9128.2
3070.46,100.0,21820.0,,,,,100.0,100.0,9128.2
3071.46,100.0,21719.8,,,,,100.0,100.0,9103.1
3072.46,0.0,21719.9,,,,,0.0,0.0,9111.5
3073.46,100.0,21761.5,,,,,100.0,100.0,9103.8
3074.46,0.0,21803.0,,,,,0.0,0.0,9111.2
3075.46,100.0,21844.6,,,,,100.0,100.0,9124.2
3076.46,100.0,21844.6,,,,,100.0,100.0,9111.5
3077.46,100.0,21944.6,,,,,100.0,100.0,9126.6
3078.46,0.0,21944.6,,,,,0.0,0.0,9126.6
3079.46,100.0,21903.3,,,,,100.0,100.0,9128.1
3080.46,100.0,21861.7,,,,,100.0,100.0,9128.3
3081.46,100.0,21820.0,,,,,100.0,100.0,9128.3
3082.46,0.0,21820.0,,,,,0.0,0.0,9128.3
3083.46,100.0,21719.9,,,,,100.0,100.0,9119.3
3084.46,0.0,21761.5,,,,,0.0,0.0,9113.1
3085.46,100.0,21803.0,,,,,100.0,100.0,9104.1
3086.46,100.0,21803.0,,,,,100.0,100.0,9110.2
3087.46,100.0,21844.6,,,,,100.0,100.0,9124.8
3088.46,0.0,21878.6,,,,,0.0,0.0,9124.7
3089.46,100.0,21944.6,,,,,100.0,100.0,9127.3
3090.46,100.0,21903.3,,,,,100.0,100.0,9128.8
3091.46,100.0,21861.7,,,,,100.0,100.0,9128.9
3092.46,0.0,21861.7,,,,,0.0,0.0,9128.9
3093.46,100.0,21820.0,,,,,100.0,100.0,9128.9
3094.46,100.0,21719.8,,,,,100.0,100.0,9113.7
3095.46,0.0,21761.5,,,,,0.0,0.0,9123.7
3096.46,100.0,21761.5,,,,,100.0,100.0,9115.3
3097.46,100.0,21803.0,,,,,100.0,100.0,9115.5
3098.46,0.0,21844.6,,,,,0.0,0.0,9113.8
3099.46,100.0,21878.6,,,,,100.0,100.0,9124.9
3100.46,100.0,21944.6,,,,,100.0,100.0,9127.5
3101.46,100.0,21903.3,,,,,100.0,100.0,9129.0
3102.46,0.0,21903.3,,,,,0.0,0.0,9129.0
3103.46,100.0,21861.7,,,,,100.0,100.0,9129.1
3104.46,100.0,21820.0,,,,,100.0,100.0,9129.1
3105.46,100.0,21719.8,,,,,100.0,100.0,9104.1
3106.46,0.0,21719.9,,,,,0.0,0.0,9114.3
3107.46,100.0,21761.5,,,,,100.0,100.0,9123.9
3108.46,0.0,21803.0,,,,,0.0,0.0,9113.3
3109.46,100.0,21844.6,,,,,100.0,100.0,9125.0
3110.46,100.0,21844.6,,,,,100.0,100.0,9113.0
3111.46,100.0,21944.6,,,,,100.0,100.0,9127.7
3112.46,0.0,21944.6,,,,,0.0,0.0,9127.7
3113.46,100.0,21903.3,,,,,100.0,100.0,9129.3
3114.46,100.0,21861.7,,,,,100.0,100.0,9129.5
3115.46,100.0,21820.0,,,,,100.0,100.0,9129.5
3116.46,0.0,21820.0,,,,,0.0,0.0,9129.5
3117.46,100.0,21719.9,,,,,100.0,100.0,9107.7
3118.47,0.0,21761.5,,,,,0.0,0.0,9115.5
3119.47,100.0,21803.0,,,,,100.0,100.0,9105.6
3120.47,100.0,21803.0,,,,,100.0,100.0,9111.9
3121.47,100.0,21844.6,,,,,100.0,100.0,9125.3
3122.47,0.0,21878.6,,,,,0.0,0.0,9125.2
3123.47,100.0,21944.6,,,,,100.0,100.0,9127.7
3124.47,100.0,21903.3,,,,,100.0,100.0,9129.1
3125.47,100.0,21861.7,,,,,100.0,100.0,9129.3
3126.47,0.0,21861.7,,,,,0.0,0.0,9129.3
3127.47,100.0,21820.0,,,,,100.0,100.0,9129.3
3128.47,100.0,21719.8,,,,,100.0,100.0,9116.7
3129.47,0.0,21761.5,,,,,0.0,0.0,9123.8
3130.47,100.0,21761.5,,,,,100.0,100.0,9118.0
3131.47,100.0,21803.0,,,,,100.0,100.0,9107.9
3132.47,0.0,21844.6,,,,,0.0,0.0,9116.1
3133.47,100.0,21878.6,,,,,100.0,100.0,9125.3
3134.47,100.0,21944.6,,,,,100.0,100.0,9127.9
3135.47,100.0,21903.3,,,,,100.0,100.0,9129.5
3136.47,0.0,21903.3,,,,,0.0,0.0,9129.5
3137.47,100.0,21861.7,,,,,100.0,100.0,9129.7
3138.47,100.0,21820.0,,,,,100.0,100.0,9129.7
3139.47,100.0,21719.8,,,,,100.0,100.0,9107.7
3140.47,0.0,21719.9,,,,,0.0,0.0,9115.4
3141.47,100.0,21761.5,,,,,100.0,100.0,9124.7
3142.47,0.0,21803.0,,,,,0.0,0.0,9114.7
3143.47,100.0,21840.8,,,,,100.0,100.0,9125.0
3144.47,100.0,21844.6,,,,,100.0,100.0,9113.1
3145.47,100.0,21944.6,,,,,100.0,100.0,9128.1
3146.47,0.0,21944.6,,,,,0.0,0.0,9128.1
3147.47,100.0,21903.3,,,,,100.0,100.0,9129.7
3148.47,100.0,21861.7,,,,,100.0,100.0,9129.9
3149.47,100.0,21820.0,,,,,100.0,100.0,9129.9
3150.47,0.0,21820.0,,,,,0.0,0.0,9129.9
3151.47,100.0,21719.9,,,,,100.0,100.0,9108.1
3152.47,0.0,21761.5,,,,,0.0,0.0,9117.3
3153.47,100.0,21803.0,,,,,100.0,100.0,9107.9
3154.47,100.0,21803.0,,,,,100.0,100.0,9113.1
3155.47,100.0,21844.6,,,,,100.0,100.0,9125.9
3156.47,0.0,21878.6,,,,,0.0,0.0,9125.8
3157.47,100.0,21944.6,,,,,100.0,100.0,9128.4
3158.47,100.0,21903.3,,,,,100.0,100.0,9129.9
3159.47,100.0,21861.7,,,,,100.0,100.0,9130.1
3160.47,0.0,21861.7,,,,,0.0,0.0,9130.1
3161.47,100.0,21820.0,,,,,100.0,100.0,9130.1
3162.47,100.0,21719.8,,,,,100.0,100.0,9118.0
3163.47,0.0,21761.5,,,,,0.0,0.0,9108.4
3164.47,100.0,21761.5,,,,,100.0,100.0,9114.7
3165.47,100.0,21803.0,,,,,100.0,100.0,9106.4
3166.47,0.0,21844.6,,,,,0.0,0.0,9113.8
3167.47,100.0,21878.6,,,,,100.0,100.0,9126.0
3168.47,100.0,21944.6,,,,,100.0,100.0,9128.7
3169.47,100.0,21903.3,,,,,100.0,100.0,9130.1
3170.47,0.0,21903.3,,,,,0.0,0.0,9130.1
3171.47,100.0,21861.7,,,,,100.0,100.0,9130.3
3172.47,100.0,21820.0,,,,,100.0,100.0,9130.3
3173.47,100.0,21719.8,,,,,100.0,100.0,9130.5
3174.47,0.0,21719.9,,,,,0.0,0.0,9118.6
3175.47,100.0,21761.5,,,,,100.0,100.0,9125.3
3176.47,0.0,21803.0,,,,,0.0,0.0,9116.8
3177.47,100.0,21844.6,,,,,100.0,100.0,9126.4
3178.47,100.0,21844.6,,,,,100.0,100.0,9114.7
3179.47,100.0,21944.6,,,,,100.0,100.0,9128.9
3180.47,0.0,21944.6,,,,,0.0,0.0,9128.9
3181.47,100.0,21903.3,,,,,100.0,100.0,9130.3
3182.47,100.0,21861.7,,,,,100.0,100.0,9130.5
3183.47,100.0,21820.0,,,,,100.0,100.0,9130.5
3184.47,0.0,21820.0,,,,,0.0,0.0,9130.5
3185.47,100.0,21719.9,,,,,100.0,100.0,9109.2
3186.47,0.0,21761.5,,,,,0.0,0.0,9116.2
3187.47,100.0,21803.0,,,,,100.0,100.0,9125.8
3188.47,100.0,21803.0,,,,,100.0,100.0,9113.4
3189.47,100.0,21844.6,,,,,100.0,100.0,9126.6
3190.48,0.0,21878.6,,,,,0.0,0.0,9126.7
3191.48,100.0,21944.6,,,,,100.0,100.0,9129.2
3192.48,100.0,21903.3,,,,,100.0,100.0,9130.6
3193.48,100.0,21861.7,,,,,100.0,100.0,9130.8
3194.48,0.0,21861.7,,,,,0.0,0.0,9130.8
3195.48,100.0,21820.0,,,,,100.0,100.0,9130.8
3196.48,100.0,21719.8,,,,,100.0,100.0,9118.2
3197.48,0.0,21761.5,,,,,0.0,0.0,9110.4
3198.48,100.0,21761.5,,,,,100.0,100.0,9118.8
3199.48,100.0,21803.0,,,,,100.0,100.0,9108.6
3200.48,0.0,21844.6,,,,,0.0,0.0,9115.5
3201.48,100.0,21878.6,,,,,100.0,100.0,9126.5
3202.48,100.0,21944.6,,,,,100.0,100.0,9129.2
3203.48,100.0,21903.3,,,,,100.0,100.0,9130.7
3204.48,0.0,21903.3,,,,,0.0,0.0,9130.7
3205.48,100.0,21861.7,,,,,100.0,100.0,9130.9
3206.48,100.0,21820.0,,,,,100.0,100.0,9130.9
3207.48,100.0,21719.8,,,,,100.0,100.0,9131.2
3208.48,0.0,21719.9,,,,,0.0,0.0,9118.2
3209.48,100.0,21761.5,,,,,100.0,100.0,9126.3
3210.48,0.0,21803.0,,,,,0.0,0.0,9115.1
3211.48,100.0,21844.6,,,,,100.0,100.0,9127.3
3212.48,100.0,21844.6,,,,,100.0,100.0,9127.5
3213.48,100.0,21944.6,,,,,100.0,100.0,9129.8
3214.48,0.0,21944.6,,,,,0.0,0.0,9129.8
3215.48,100.0,21903.3,,,,,100.0,100.0,9131.3
3216.48,100.0,21861.7,,,,,100.0,100.0,9131.5
3217.48,100.0,21820.0,,,,,100.0,100.0,9131.5
3218.48,0.0,21820.0,,,,,0.0,0.0,9131.5
3219.48,100.0,21719.9,,,,,100.0,100.0,9109.5
3220.48,0.0,21761.5,,,,,0.0,0.0,9118.7
3221.48,100.0,21803.0,,,,,100.0,100.0,9126.2
3222.48,100.0,21803.0,,,,,100.0,100.0,9117.2
3223.48,100.0,21844.6,,,,,100.0,100.0,9127.1
3224.48,0.0,21878.6,,,,,0.0,0.0,9127.0
3225.48,100.0,21944.6,,,,,100.0,100.0,9129.6
3226.48,100.0,21903.3,,,,,100.0,100.0,9131.2
3227.48,100.0,21861.7,,,,,100.0,100.0,9131.3
3228.48,0.0,21861.7,,,,,0.0,0.0,9131.3
3229.48,100.0,21820.0,,,,,100.0,100.0,9131.4
3230.48,100.0,21719.8,,,,,100.0,100.0,9120.0
3231.48,0.0,21761.5,,,,,0.0,0.0,9110.4
3232.48,100.0,21761.5,,,,,100.0,100.0,9116.6
3233.48,100.0,21803.0,,,,,100.0,100.0,9107.7
3234.48,0.0,21844.6,,,,,0.0,0.0,9115.9
3235.48,100.0,21878.6,,,,,100.0,100.0,9127.2
3236.48,100.0,21944.6,,,,,100.0,100.0,9129.9
3237.48,100.0,21903.3,,,,,100.0,100.0,9131.5
3238.48,0.0,21903.3,,,,,0.0,0.0,9131.5
3239.48,100.0,21861.7,,,,,100.0,100.0,9131.7
3240.48,100.0,21820.0,,,,,100.0,100.0,9131.7
3241.48,100.0,21719.8,,,,,100.0,100.0,9131.9
3242.48,0.0,21740.7,,,,,0.0,0.0,9123.7
3243.48,100.0,21761.5,,,,,100.0,100.0,9110.0
3244.48,0.0,21803.0,,,,,0.0,0.0,9120.1
3245.48,100.0,21844.6,,,,,100.0,100.0,9110.1
3246.48,100.0,21844.6,,,,,100.0,100.0,9120.0
3247.48,100.0,21944.6,,,,,100.0,100.0,9130.1
3248.48,0.0,21944.6,,,,,0.0,0.0,9130.1
3249.48,100.0,21903.3,,,,,100.0,100.0,9131.5
3250.48,100.0,21861.7,,,,,100.0,100.0,9131.7
3251.48,100.0,21820.0,,,,,100.0,100.0,9131.8
3252.48,0.0,21820.0,,,,,0.0,0.0,9131.8
3253.48,100.0,21719.9,,,,,100.0,100.0,9126.1
3254.48,0.0,21761.5,,,,,0.0,0.0,9118.9
3255.48,100.0,21803.0,,,,,100.0,100.0,9127.0
3256.48,100.0,21803.0,,,,,100.0,100.0,9117.1
3257.48,100.0,21844.6,,,,,100.0,100.0,9127.8
3258.48,0.0,21878.6,,,,,0.0,0.0,9127.7
3259.48,100.0,21944.6,,,,,100.0,100.0,9130.3
3260.49,100.0,21903.3,,,,,100.0,100.0,9131.8
3261.49,100.0,21861.7,,,,,100.0,100.0,9132.0
3262.49,0.0,21861.7,,,,,0.0,0.0,9132.0
3263.49,100.0,21820.0,,,,,100.0,100.0,9132.0
3264.49,100.0,21719.8,,,,,100.0,100.0,9121.4
3265.49,0.0,21761.5,,,,,0.0,0.0,9111.3
3266.49,100.0,21761.5,,,,,100.0,100.0,9118.4
3267.49,100.0,21803.0,,,,,100.0,100.0,9127.4
3268.49,0.0,21844.6,,,,,0.0,0.0,9115.7
3269.49,100.0,21878.6,,,,,100.0,100.0,9127.7
3270.49,100.0,21944.6,,,,,100.0,100.0,9130.5
3271.49,100.0,21903.3,,,,,100.0,100.0,9132.0
3272.49,0.0,21903.3,,,,,0.0,0.0,9132.0
3273.49,100.0,21861.7,,,,,100.0,100.0,9132.1
3274.49,100.0,21820.0,,,,,100.0,100.0,9132.1
3275.49,100.0,21719.8,,,,,100.0,100.0,9132.4
3276.49,0.0,21719.9,,,,,0.0,0.0,9124.7
3277.49,100.0,21761.5,,,,,100.0,100.0,9111.1
3278.49,0.0,21803.0,,,,,0.0,0.0,9119.6
3279.49,100.0,21844.6,,,,,100.0,100.0,9109.2
3280.49,100.0,21844.6,,,,,100.0,100.0,9115.5
3281.49,100.0,21944.6,,,,,100.0,100.0,9131.0
3282.49,0.0,21944.6,,,,,0.0,0.0,9131.0
3283.49,100.0,21903.3,,,,,100.0,100.0,9132.5
3284.49,100.0,21861.7,,,,,100.0,100.0,9132.7
3285.49,100.0,21820.0,,,,,100.0,100.0,9132.7
3286.49,0.0,21820.0,,,,,0.0,0.0,9132.7
3287.49,100.0,21719.9,,,,,100.0,100.0,9127.2
3288.49,0.0,21781.5,,,,,0.0,0.0,9123.8
3289.49,100.0,21803.0,,,,,100.0,100.0,9127.8
3290.49,100.0,21803.0,,,,,100.0,100.0,9118.3
3291.49,100.0,21844.6,,,,,100.0,100.0,9128.5
3292.49,0.0,21878.6,,,,,0.0,0.0,9128.4
3293.49,100.0,21944.6,,,,,100.0,100.0,9131.0
3294.49,100.0,21903.3,,,,,100.0,100.0,9132.5
3295.49,100.0,21861.7,,,,,100.0,100.0,9132.6
3296.49,0.0,21861.7,,,,,0.0,0.0,9132.6
3297.49,100.0,21820.0,,,,,100.0,100.0,9132.7
3298.49,100.0,21685.8,,,,,100.0,100.0,9123.5
3299.49,0.0,21761.5,,,,,0.0,0.0,9112.1
3300.49,100.0,21761.5,,,,,100.0,100.0,9122.8
3301.49,100.0,21803.0,,,,,100.0,100.0,9128.0
3302.49,0.0,21844.6,,,,,0.0,0.0,9118.6
3303.49,100.0,21878.6,,,,,100.0,100.0,9128.4
3304.49,100.0,21944.6,,,,,100.0,100.0,9131.3
3305.49,100.0,21903.3,,,,,100.0,100.0,9132.8
3306.49,0.0,21903.3,,,,,0.0,0.0,9132.8
3307.49,100.0,21861.7,,,,,100.0,100.0,9132.9
3308.49,100.0,21820.0,,,,,100.0,100.0,9133.0
3309.49,100.0,21719.8,,,,,100.0,100.0,9110.2
3310.49,0.0,21740.7,,,,,0.0,0.0,9125.1
3311.49,100.0,21761.5,,,,,100.0,100.0,9111.3
3312.49,0.0,21823.8,,,,,0.0,0.0,9122.6
3313.49,100.0,21844.6,,,,,100.0,100.0,9111.8
3314.49,100.0,21844.6,,,,,100.0,100.0,9118.6
3315.49,100.0,21944.6,,,,,100.0,100.0,9131.9
3316.49,0.0,21944.6,,,,,0.0,0.0,9131.9
3317.49,100.0,21903.3,,,,,100.0,100.0,9133.3
3318.49,100.0,21861.7,,,,,100.0,100.0,9133.5
3319.49,100.0,21820.0,,,,,100.0,100.0,9133.5
3320.49,0.0,21820.0,,,,,0.0,0.0,9133.5
3321.49,100.0,21719.9,,,,,100.0,100.0,9127.8
3322.49,0.0,21782.3,,,,,0.0,0.0,9125.9
3323.49,100.0,21803.0,,,,,100.0,100.0,9120.3
3324.49,100.0,21803.0,,,,,100.0,100.0,9117.9
3325.49,100.0,21844.6,,,,,100.0,100.0,9121.2
3326.49,0.0,21878.6,,,,,0.0,0.0,9129.0
3327.49,100.0,21944.6,,,,,100.0,100.0,9131.6
3328.49,100.0,21903.3,,,,,100.0,100.0,9133.1
3329.49,100.0,21861.7,,,,,100.0,100.0,9133.3
3330.49,0.0,21861.7,,,,,0.0,0.0,9133.3
3331.49,100.0,21820.0,,,,,100.0,100.0,9133.3
3332.5,100.0,21702.9,,,,,100.0,100.0,9125.8
3333.5,0.0,21761.5,,,,,0.0,0.0,9113.0
3334.5,100.0,21761.5,,,,,100.0,100.0,9120.9
3335.5,100.0,21803.0,,,,,100.0,100.0,9129.0
3336.5,0.0,21844.6,,,,,0.0,0.0,9119.2
3337.5,100.0,21861.6,,,,,100.0,100.0,9128.4
3338.5,100.0,21944.6,,,,,100.0,100.0,9132.1
3339.5,100.0,21903.3,,,,,100.0,100.0,9133.6
3340.5,0.0,21903.3,,,,,0.0,0.0,9133.6
3341.5,100.0,21861.7,,,,,100.0,100.0,9133.7
3342.5,100.0,21820.0,,,,,100.0,100.0,9133.7
3343.5,100.0,21719.8,,,,,100.0,100.0,9110.8
3344.5,0.0,21740.7,,,,,0.0,0.0,9126.1
3345.5,100.0,21761.5,,,,,100.0,100.0,9113.4
3346.5,0.0,21803.0,,,,,0.0,0.0,9125.6
3347.5,100.0,21844.6,,,,,100.0,100.0,9129.8
3348.5,100.0,21844.6,,,,,100.0,100.0,9122.1
3349.5,100.0,21944.6,,,,,100.0,100.0,9132.4
3350.5,0.0,21944.6,,,,,0.0,0.0,9132.4
3351.5,100.0,21903.3,,,,,100.0,100.0,9133.9
3352.5,100.0,21861.7,,,,,100.0,100.0,9134.0
3353.5,100.0,21820.0,,,,,100.0,100.0,9134.0
3354.5,0.0,21820.0,,,,,0.0,0.0,9134.0
3355.5,100.0,21719.9,,,,,100.0,100.0,9119.6
3356.5,0.0,21782.3,,,,,0.0,0.0,9125.8
3357.5,100.0,21803.0,,,,,100.0,100.0,9112.0
3358.5,100.0,21803.0,,,,,100.0,100.0,9121.5
3359.5,100.0,21844.6,,,,,100.0,100.0,9112.2
3360.5,0.0,21878.6,,,,,0.0,0.0,9130.3
3361.5,100.0,21944.6,,,,,100.0,100.0,9132.9
3362.5,100.0,21903.3,,,,,100.0,100.0,9134.5
3363.5,100.0,21861.7,,,,,100.0,100.0,9134.6
3364.5,0.0,21861.7,,,,,0.0,0.0,9134.6
3365.5,100.0,21820.0,,,,,100.0,100.0,9134.6
3366.5,100.0,21702.9,,,,,100.0,100.0,9128.0
3367.5,0.0,21761.5,,,,,0.0,0.0,9129.2
3368.5,100.0,21761.5,,,,,100.0,100.0,9124.2
3369.5,100.0,21803.0,,,,,100.0,100.0,9130.0
3370.5,0.0,21844.6,,,,,0.0,0.0,9120.2
3371.5,100.0,21844.6,,,,,100.0,100.0,9121.8
3372.5,100.0,21944.6,,,,,100.0,100.0,9131.5
3373.5,100.0,21903.3,,,,,100.0,100.0,9133.0
3374.5,0.0,21903.3,,,,,0.0,0.0,9133.0
3375.5,100.0,21861.7,,,,,100.0,100.0,9133.2
3376.5,100.0,21820.0,,,,,100.0,100.0,9133.2
3377.5,100.0,21719.8,,,,,100.0,100.0,9112.5
3378.5,0.0,21761.5,,,,,0.0,0.0,9126.8
3379.5,100.0,21761.5,,,,,100.0,100.0,9114.2
3380.5,0.0,21803.0,,,,,0.0,0.0,9124.5
3381.5,100.0,21844.6,,,,,100.0,100.0,9128.8
3382.5,100.0,21844.6,,,,,100.0,100.0,9123.2
3383.5,100.0,21944.6,,,,,100.0,100.0,9131.3
3384.5,0.0,21944.6,,,,,0.0,0.0,9131.3
3385.5,100.0,21903.3,,,,,100.0,100.0,9132.8
3386.5,100.0,21861.7,,,,,100.0,100.0,9133.0
3387.5,100.0,21820.0,,,,,100.0,100.0,9133.0
3388.5,0.0,21820.0,,,,,0.0,0.0,9133.0
3389.5,100.0,21719.9,,,,,100.0,100.0,9112.7
3390.5,0.0,21782.3,,,,,0.0,0.0,9125.0
3391.5,100.0,21803.0,,,,,100.0,100.0,9113.4
3392.5,100.0,21803.0,,,,,100.0,100.0,9121.4
3393.5,100.0,21844.6,,,,,100.0,100.0,9114.0
3394.5,0.0,21878.6,,,,,0.0,0.0,9129.2
3395.5,100.0,21944.6,,,,,100.0,100.0,9131.8
3396.5,100.0,21903.3,,,,,100.0,100.0,9133.1
3397.5,100.0,21861.7,,,,,100.0,100.0,9133.3
3398.5,0.0,21861.7,,,,,0.0,0.0,9133.3
3399.5,100.0,21820.0,,,,,100.0,100.0,9133.3
3400.5,100.0,21719.9,,,,,100.0,100.0,9127.4
3401.5,0.0,21761.5,,,,,0.0,0.0,9121.6
3402.5,100.0,21782.3,,,,,100.0,100.0,9126.5
3403.51,100.0,21803.0,,,,,100.0,100.0,9114.6
3404.51,0.0,21844.6,,,,,0.0,0.0,9125.0
3405.51,100.0,21878.6,,,,,100.0,100.0,9129.4
3406.51,100.0,21944.6,,,,,100.0,100.0,9132.0
3407.51,100.0,21903.3,,,,,100.0,100.0,9133.4
3408.51,0.0,21903.3,,,,,0.0,0.0,9133.4
3409.51,100.0,21861.7,,,,,100.0,100.0,9133.6
3410.51,100.0,21820.0,,,,,100.0,100.0,9133.6
3411.51,100.0,21719.8,,,,,100.0,100.0,9114.2
3412.51,0.0,21759.6,,,,,0.0,0.0,9127.8
3413.51,100.0,21761.5,,,,,100.0,100.0,9114.9
3414.51,100.0,21761.5,,,,,100.0,100.0,9120.7
3415.51,0.0,21844.6,,,,,0.0,0.0,9129.6
3416.51,100.0,21844.6,,,,,100.0,100.0,9120.6
3417.51,100.0,21944.6,,,,,100.0,100.0,9132.2
3418.51,100.0,21903.0,,,,,100.0,100.0,9132.5
3419.51,0.0,21903.3,,,,,0.0,0.0,9133.6
3420.51,100.0,21861.7,,,,,100.0,100.0,9133.8
3421.51,100.0,21820.0,,,,,100.0,100.0,9133.8
3422.51,0.0,21820.0,,,,,0.0,0.0,9133.8
3423.51,100.0,21719.9,,,,,100.0,100.0,9114.6
3424.51,100.0,21758.2,,,,,100.0,100.0,9128.1
3425.51,0.0,21803.0,,,,,0.0,0.0,9116.0
3426.51,100.0,21803.0,,,,,100.0,100.0,9122.3
3427.51,100.0,21844.6,,,,,100.0,100.0,9130.0
3428.51,100.0,21944.6,,,,,100.0,100.0,9132.2
3429.51,0.0,21944.6,,,,,0.0,0.0,9132.5
3430.51,100.0,21903.3,,,,,100.0,100.0,9133.9
3431.51,100.0,21861.7,,,,,100.0,100.0,9134.1
3432.51,100.0,21820.0,,,,,100.0,100.0,9134.2
3433.51,0.0,21820.0,,,,,0.0,0.0,9134.2
3434.51,100.0,21719.9,,,,,100.0,100.0,9128.3
3435.51,0.0,21761.5,,,,,0.0,0.0,9122.3
3436.51,100.0,21782.3,,,,,100.0,100.0,9126.2
3437.51,100.0,21803.0,,,,,100.0,100.0,9122.8
3438.51,100.0,21803.0,,,,,100.0,100.0,9122.6
3439.51,0.0,21878.6,,,,,0.0,0.0,9130.2
3440.51,100.0,21944.6,,,,,100.0,100.0,9132.7
3441.51,100.0,21903.3,,,,,100.0,100.0,9134.2
3442.51,100.0,21861.7,,,,,100.0,100.0,9134.3
3443.51,0.0,21861.7,,,,,0.0,0.0,9134.3
3444.51,100.0,21820.0,,,,,100.0,100.0,9134.3
3445.51,100.0,21719.8,,,,,100.0,100.0,9115.6
3446.51,0.0,21761.5,,,,,0.0,0.0,9128.6
3447.51,100.0,21761.5,,,,,100.0,100.0,9129.2
3448.51,100.0,21782.3,,,,,100.0,100.0,9127.1
3449.51,0.0,21844.6,,,,,0.0,0.0,9130.5
3450.51,100.0,21844.6,,,,,100.0,100.0,9123.0
3451.51,100.0,21944.6,,,,,100.0,100.0,9132.9
3452.51,100.0,21903.1,,,,,100.0,100.0,9134.3
3453.51,0.0,21903.3,,,,,0.0,0.0,9134.4
3454.51,100.0,21861.7,,,,,100.0,100.0,9134.5
3455.51,100.0,21820.0,,,,,100.0,100.0,9134.5
3456.51,100.0,21719.9,,,,,100.0,100.0,9134.5
3457.51,1.23,21719.9,,,,,1.22,1.23,9116.5
3458.51,100.0,21740.7,,,,,100.0,100.0,9127.9
3459.51,0.0,21803.0,,,,,0.0,0.0,9117.9
3460.51,100.0,21823.8,,,,,100.0,100.0,9125.9
3461.51,100.0,21844.6,,,,,100.0,100.0,9125.7
3462.51,100.0,21944.6,,,,,100.0,100.0,9133.5
3463.51,0.0,21944.6,,,,,0.0,0.0,9133.5
3464.51,100.0,21903.3,,,,,100.0,100.0,9134.8
3465.51,100.0,21861.7,,,,,100.0,100.0,9135.0
3466.51,100.0,21820.0,,,,,100.0,100.0,9135.0
3467.51,0.0,21820.0,,,,,0.0,0.0,9135.0
3468.51,100.0,21719.9,,,,,100.0,100.0,9118.9
3469.51,0.0,21761.5,,,,,0.0,0.0,9116.4
3470.51,100.0,21803.0,,,,,100.0,100.0,9130.1
3471.51,100.0,21803.0,,,,,100.0,100.0,9118.0
3472.51,100.0,21823.8,,,,,100.0,100.0,9129.4
3473.51,0.0,21878.6,,,,,0.0,0.0,9131.1
3474.52,100.0,21944.6,,,,,100.0,100.0,9133.6
3475.52,100.0,21903.3,,,,,100.0,100.0,9135.0
3476.52,100.0,21861.7,,,,,100.0,100.0,9135.2
3477.52,0.0,21861.7,,,,,0.0,0.0,9135.2
3478.52,100.0,21820.0,,,,,100.0,100.0,9135.2
3479.52,100.0,21719.8,,,,,100.0,100.0,9116.6
3480.52,0.0,21761.5,,,,,0.0,0.0,9129.4
3481.52,100.0,21761.5,,,,,100.0,100.0,9129.6
3482.52,100.0,21761.5,,,,,100.0,100.0,9125.8
3483.52,0.0,21844.6,,,,,0.0,0.0,9131.3
3484.52,100.0,21844.6,,,,,100.0,100.0,9121.9
3485.52,100.0,21944.6,,,,,100.0,100.0,9133.8
3486.52,100.0,21903.3,,,,,100.0,100.0,9135.3
3487.52,0.0,21903.3,,,,,0.0,0.0,9135.3
3488.52,100.0,21861.7,,,,,100.0,100.0,9135.5
3489.52,100.0,21820.0,,,,,100.0,100.0,9135.5
3490.52,100.0,21719.8,,,,,100.0,100.0,9135.6
3491.52,0.0,21719.9,,,,,0.0,0.0,9117.7
3492.52,100.0,21761.5,,,,,100.0,100.0,9130.1
3493.52,0.0,21803.0,,,,,0.0,0.0,9118.8
3494.52,100.0,21823.8,,,,,100.0,100.0,9129.3
3495.52,100.0,21844.6,,,,,100.0,100.0,9131.5
3496.52,100.0,21944.6,,,,,100.0,100.0,9134.1
3497.52,0.0,21944.6,,,,,0.0,0.0,9134.1
3498.52,100.0,21903.3,,,,,100.0,100.0,9135.5
3499.52,100.0,21861.7,,,,,100.0,100.0,9135.7
3500.52,100.0,21820.0,,,,,100.0,100.0,9135.7
3501.52,0.0,21820.0,,,,,0.0,0.0,9135.7
3502.52,100.0,21719.9,,,,,100.0,100.0,9129.9
3503.52,0.0,21761.5,,,,,0.0,0.0,9116.5
3504.52,100.0,21782.3,,,,,100.0,100.0,9128.7
3505.52,100.0,21803.0,,,,,100.0,100.0,9116.8
3506.52,100.0,21803.0,,,,,100.0,100.0,9123.9
3507.52,0.0,21878.6,,,,,0.0,0.0,9131.8
3508.52,100.0,21944.6,,,,,100.0,100.0,9134.3
3509.52,100.0,21903.3,,,,,100.0,100.0,9135.9
3510.52,100.0,21861.7,,,,,100.0,100.0,9136.1
3511.52,0.0,21861.7,,,,,0.0,0.0,9136.1
3512.52,100.0,21820.0,,,,,100.0,100.0,9136.1
3513.52,100.0,21719.8,,,,,100.0,100.0,9136.3
3514.52,0.0,21761.5,,,,,0.0,0.0,9123.1
3515.52,100.0,21761.5,,,,,100.0,100.0,9124.0
3516.52,100.0,21782.3,,,,,100.0,100.0,9129.6
3517.52,0.0,21844.6,,,,,0.0,0.0,9118.1
3518.52,100.0,21844.6,,,,,100.0,100.0,9125.5
3519.52,100.0,21944.6,,,,,100.0,100.0,9134.7
3520.52,100.0,21903.3,,,,,100.0,100.0,9136.1
3521.52,0.0,21903.3,,,,,0.0,0.0,9136.1
3522.52,100.0,21861.7,,,,,100.0,100.0,9136.3
3523.52,100.0,21820.0,,,,,100.0,100.0,9136.3
3524.52,100.0,21719.8,,,,,100.0,100.0,9136.5
3525.52,0.0,21719.9,,,,,0.0,0.0,9118.4
3526.52,100.0,21761.5,,,,,100.0,100.0,9130.5
3527.52,0.0,21803.0,,,,,0.0,0.0,9131.5
3528.52,100.0,21803.0,,,,,100.0,100.0,9127.8
3529.52,100.0,21844.6,,,,,100.0,100.0,9132.4
3530.52,100.0,21944.6,,,,,100.0,100.0,9134.7
3531.52,0.0,21944.6,,,,,0.0,0.0,9134.7
3532.52,100.0,21903.3,,,,,100.0,100.0,9136.4
3533.52,100.0,21861.7,,,,,100.0,100.0,9136.5
3534.52,100.0,21820.0,,,,,100.0,100.0,9136.5
3535.52,0.0,21820.0,,,,,0.0,0.0,9136.5
3536.52,100.0,21719.9,,,,,100.0,100.0,9130.7
3537.52,0.0,21761.5,,,,,0.0,0.0,9120.5
3538.52,100.0,21803.0,,,,,100.0,100.0,9131.5
3539.52,100.0,21803.0,,,,,100.0,100.0,9119.6
3540.52,100.0,21823.8,,,,,100.0,100.0,9130.9
3541.52,0.0,21878.6,,,,,0.0,0.0,9132.4
3542.52,100.0,21944.6,,,,,100.0,100.0,9135.0
3543.52,100.0,21903.3,,,,,100.0,100.0,9136.6
3544.52,100.0,21861.7,,,,,100.0,100.0,9136.7
3545.52,0.0,21861.7,,,,,0.0,0.0,9136.7
3546.52,100.0,21820.0,,,,,100.0,100.0,9136.8
3547.53,100.0,21719.8,,,,,100.0,100.0,9127.2
3548.53,0.0,21761.5,,,,,0.0,0.0,9111.7
3549.53,100.0,21761.5,,,,,100.0,100.0,9119.1
3550.53,100.0,21782.3,,,,,100.0,100.0,9131.0
3551.53,0.0,21844.6,,,,,0.0,0.0,9120.1
3552.53,100.0,21861.6,,,,,100.0,100.0,9129.5
3553.53,100.0,21944.6,,,,,100.0,100.0,9135.4
3554.53,100.0,21903.3,,,,,100.0,100.0,9136.9
3555.53,0.0,21903.3,,,,,0.0,0.0,9136.9
3556.53,100.0,21861.7,,,,,100.0,100.0,9137.1
3557.53,100.0,21820.0,,,,,100.0,100.0,9137.1
3558.53,100.0,21719.8,,,,,100.0,100.0,9137.3
3559.53,0.0,21719.9,,,,,0.0,0.0,9119.9
3560.53,100.0,21761.5,,,,,100.0,100.0,9131.9
3561.53,0.0,21803.0,,,,,0.0,0.0,9132.4
3562.53,100.0,21840.8,,,,,100.0,100.0,9132.3
3563.53,100.0,21844.6,,,,,100.0,100.0,9118.0
3564.53,100.0,21944.6,,,,,100.0,100.0,9135.8
3565.53,0.0,21944.6,,,,,0.0,0.0,9135.8
3566.53,100.0,21903.3,,,,,100.0,100.0,9137.2
3567.53,100.0,21861.7,,,,,100.0,100.0,9137.4
3568.53,100.0,21820.0,,,,,100.0,100.0,9137.4
3569.53,0.0,21820.0,,,,,0.0,0.0,9137.4
3570.53,100.0,21719.9,,,,,100.0,100.0,9131.6
3571.53,0.0,21761.5,,,,,0.0,0.0,9119.3
3572.53,100.0,21782.3,,,,,100.0,100.0,9128.4
3573.53,100.0,21803.0,,,,,100.0,100.0,9116.9
3574.53,100.0,21803.0,,,,,100.0,100.0,9125.9
3575.53,0.0,21878.6,,,,,0.0,0.0,9133.2
3576.53,100.0,21944.6,,,,,100.0,100.0,9136.0
3577.53,100.0,21903.3,,,,,100.0,100.0,9137.4
3578.53,100.0,21861.7,,,,,100.0,100.0,9137.6
3579.53,0.0,21861.7,,,,,0.0,0.0,9137.6
3580.53,100.0,21820.0,,,,,100.0,100.0,9137.6
3581.53,100.0,21719.8,,,,,100.0,100.0,9118.6
3582.53,0.0,21761.5,,,,,0.0,0.0,9132.0
3583.53,100.0,21761.5,,,,,100.0,100.0,9118.8
3584.53,100.0,21782.3,,,,,100.0,100.0,9129.2
3585.53,0.0,21844.6,,,,,0.0,0.0,9117.3
3586.53,100.0,21844.6,,,,,100.0,100.0,9131.4
3587.53,100.0,21944.6,,,,,100.0,100.0,9136.1
3588.53,100.0,21903.3,,,,,100.0,100.0,9137.7
3589.53,0.0,21903.3,,,,,0.0,0.0,9137.7
3590.53,100.0,21861.7,,,,,100.0,100.0,9137.8
3591.53,100.0,21820.0,,,,,100.0,100.0,9137.9
3592.53,100.0,21719.8,,,,,100.0,100.0,9138.0
3593.53,0.0,21719.9,,,,,0.0,0.0,9132.0
3594.53,100.0,21761.5,,,,,100.0,100.0,9131.9
3595.53,0.0,21803.0,,,,,0.0,0.0,9126.6
3596.53,100.0,21823.8,,,,,100.0,100.0,9128.5
3597.53,100.0,21844.6,,,,,100.0,100.0,9126.7
3598.53,100.0,21944.6,,,,,100.0,100.0,9136.4
3599.53,0.0,21944.6,,,,,0.0,0.0,9136.4
3600.53,100.0,21903.3,,,,,100.0,100.0,9137.9
3601.53,100.0,21861.7,,,,,100.0,100.0,9138.1
3602.53,100.0,21820.0,,,,,100.0,100.0,9138.1
3603.53,0.0,21820.0,,,,,0.0,0.0,9138.1
3604.53,100.0,21719.9,,,,,100.0,100.0,9132.3
3605.53,0.0,21761.5,,,,,0.0,0.0,9119.4
3606.53,100.0,21761.5,,,,,100.0,100.0,9126.8
3607.53,100.0,21803.0,,,,,100.0,100.0,9133.3
3608.53,100.0,21803.0,,,,,100.0,100.0,9124.0
3609.53,0.0,21861.6,,,,,0.0,0.0,9132.1
3610.53,100.0,21944.6,,,,,100.0,100.0,9136.8
3611.53,100.0,21903.3,,,,,100.0,100.0,9138.2
3612.54,100.0,21861.7,,,,,100.0,100.0,9138.3
3613.54,0.0,21861.7,,,,,0.0,0.0,9138.3
3614.54,100.0,21820.0,,,,,100.0,100.0,9138.3
3615.54,100.0,21719.8,,,,,100.0,100.0,9118.3
3616.54,0.0,21761.5,,,,,0.0,0.0,9132.8
3617.54,100.0,21761.5,,,,,100.0,100.0,9119.6
3618.54,100.0,21782.3,,,,,100.0,100.0,9128.4
3619.54,0.0,21844.6,,,,,0.0,0.0,9127.6
3620.54,100.0,21844.6,,,,,100.0,100.0,9129.8
3621.54,100.0,21944.6,,,,,100.0,100.0,9137.0
3622.54,100.0,21903.3,,,,,100.0,100.0,9138.5
3623.54,0.0,21903.3,,,,,0.0,0.0,9138.5
3624.54,100.0,21861.7,,,,,100.0,100.0,9138.7
3625.54,100.0,21820.0,,,,,100.0,100.0,9138.7
3626.54,100.0,21719.8,,,,,100.0,100.0,9138.8
3627.54,0.0,21719.9,,,,,0.0,0.0,9133.1
3628.54,100.0,21761.5,,,,,100.0,100.0,9123.1
3629.54,0.0,21803.0,,,,,0.0,0.0,9127.1
3630.54,100.0,21823.8,,,,,100.0,100.0,9130.1
3631.54,100.0,21844.6,,,,,100.0,100.0,9127.9
3632.54,100.0,21944.6,,,,,100.0,100.0,9137.3
3633.54,0.0,21944.6,,,,,0.0,0.0,9137.3
3634.54,100.0,21903.3,,,,,100.0,100.0,9138.7
3635.54,100.0,21861.7,,,,,100.0,100.0,9138.9
3636.54,100.0,21820.0,,,,,100.0,100.0,9138.9
3637.54,0.0,21820.0,,,,,0.0,0.0,9138.9
3638.54,100.0,21719.9,,,,,100.0,100.0,9133.1
3639.54,0.0,21761.5,,,,,0.0,0.0,9119.9
3640.54,100.0,21761.5,,,,,100.0,100.0,9124.9
3641.54,100.0,21803.0,,,,,100.0,100.0,9134.1
3642.54,100.0,21803.0,,,,,100.0,100.0,9122.9
3643.54,0.0,21861.6,,,,,0.0,0.0,9131.7
3644.54,100.0,21944.6,,,,,100.0,100.0,9137.4
3645.54,100.0,21903.3,,,,,100.0,100.0,9138.9
3646.54,100.0,21861.7,,,,,100.0,100.0,9139.0
3647.54,0.0,21861.7,,,,,0.0,0.0,9139.0
3648.54,100.0,21820.0,,,,,100.0,100.0,9139.1
3649.54,100.0,21719.8,,,,,100.0,100.0,9119.1
3650.54,0.0,21740.7,,,,,0.0,0.0,9131.5
3651.54,100.0,21761.5,,,,,100.0,100.0,9118.0
3652.54,100.0,21761.5,,,,,100.0,100.0,9127.1
3653.54,0.0,21844.6,,,,,0.0,0.0,9118.4
3654.54,100.0,21844.6,,,,,100.0,100.0,9123.9
3655.54,100.0,21944.6,,,,,100.0,100.0,9137.8
3656.54,100.0,21903.1,,,,,100.0,100.0,9139.0
3657.54,0.0,21903.3,,,,,0.0,0.0,9139.2
3658.54,100.0,21861.7,,,,,100.0,100.0,9139.4
3659.54,100.0,21820.0,,,,,100.0,100.0,9139.4
3660.54,100.0,21719.9,,,,,100.0,100.0,9139.4
3661.54,1.23,21719.9,,,,,1.22,1.23,9133.8
3662.54,100.0,21719.9,,,,,100.0,100.0,9130.1
3663.54,0.0,21803.0,,,,,0.0,0.0,9134.7
3664.54,100.0,21803.0,,,,,100.0,100.0,9125.1
3665.54,100.0,21844.6,,,,,100.0,100.0,9126.3
3666.54,100.0,21844.6,,,,,100.0,100.0,9136.2
3667.54,0.0,21944.6,,,,,0.0,0.0,9138.1
3668.54,100.0,21903.3,,,,,100.0,100.0,9139.5
3669.54,100.0,21861.7,,,,,100.0,100.0,9139.7
3670.54,100.0,21820.0,,,,,100.0,100.0,9139.7
3671.54,0.0,21820.0,,,,,0.0,0.0,9139.7
3672.54,100.0,21719.9,,,,,100.0,100.0,9133.7
3673.54,0.0,21761.5,,,,,0.0,0.0,9121.4
3674.54,100.0,21799.3,,,,,100.0,100.0,9134.4
3675.54,100.0,21803.0,,,,,100.0,100.0,9135.1
3676.54,100.0,21803.0,,,,,100.0,100.0,9128.2
3677.55,0.0,21878.6,,,,,0.0,0.0,9135.3
3678.55,100.0,21944.6,,,,,100.0,100.0,9138.1
3679.55,100.0,21903.3,,,,,100.0,100.0,9139.6
3680.55,100.0,21861.7,,,,,100.0,100.0,9139.8
3681.55,0.0,21861.7,,,,,0.0,0.0,9139.8
3682.55,100.0,21820.0,,,,,100.0,100.0,9139.8
3683.55,100.0,21719.8,,,,,100.0,100.0,9119.2
3684.55,0.0,21761.5,,,,,0.0,0.0,9134.0
3685.55,100.0,21761.5,,,,,100.0,100.0,9120.2
3686.55,100.0,21779.0,,,,,100.0,100.0,9129.7
3687.55,0.0,21844.6,,,,,0.0,0.0,9135.9
3688.55,100.0,21844.6,,,,,100.0,100.0,9125.1
3689.55,100.0,21944.6,,,,,100.0,100.0,9138.3
3690.55,100.0,21903.0,,,,,100.0,100.0,9138.7
3691.55,0.0,21903.3,,,,,0.0,0.0,9139.9
3692.55,100.0,21861.7,,,,,100.0,100.0,9140.0
3693.55,100.0,21820.0,,,,,100.0,100.0,9140.0
3694.55,0.0,21820.0,,,,,0.0,0.0,9140.0
3695.55,100.0,21719.9,,,,,100.0,100.0,9119.6
3696.55,100.0,21719.9,,,,,100.0,100.0,9129.9
3697.55,0.0,21803.0,,,,,0.0,0.0,9127.6
3698.55,100.0,21803.0,,,,,100.0,100.0,9124.6
3699.55,100.0,21844.6,,,,,100.0,100.0,9129.2
3700.55,0.0,21878.6,,,,,0.0,0.0,9136.1
3701.55,100.0,21944.6,,,,,100.0,100.0,9138.8
3702.55,100.0,21903.3,,,,,100.0,100.0,9140.1
3703.55,100.0,21861.7,,,,,100.0,100.0,9140.3
3704.55,0.0,21861.7,,,,,0.0,0.0,9140.3
3705.55,100.0,21820.0,,,,,100.0,100.0,9140.3
3706.55,100.0,21723.1,,,,,100.0,100.0,9134.3
3707.55,0.0,21761.5,,,,,0.0,0.0,9134.9
3708.55,100.0,21761.5,,,,,100.0,100.0,9127.7
3709.55,100.0,21803.0,,,,,100.0,100.0,9135.6
3710.55,0.0,21844.6,,,,,0.0,0.0,9126.4
3711.55,100.0,21878.6,,,,,100.0,100.0,9136.2
3712.55,100.0,21944.6,,,,,100.0,100.0,9138.9
3713.55,100.0,21903.3,,,,,100.0,100.0,9140.4
3714.55,0.0,21903.3,,,,,0.0,0.0,9140.4
3715.55,100.0,21861.7,,,,,100.0,100.0,9140.5
3716.55,100.0,21820.0,,,,,100.0,100.0,9140.6
3717.55,100.0,21719.8,,,,,100.0,100.0,9120.4
3718.55,0.0,21761.5,,,,,0.0,0.0,9134.7
3719.55,100.0,21761.5,,,,,100.0,100.0,9121.2
3720.55,0.0,21803.0,,,,,0.0,0.0,9129.8
3721.55,100.0,21844.6,,,,,100.0,100.0,9136.6
3722.55,100.0,21844.6,,,,,100.0,100.0,9126.9
3723.55,100.0,21944.6,,,,,100.0,100.0,9139.4
3724.55,0.0,21944.6,,,,,0.0,0.0,9139.4
3725.55,100.0,21903.3,,,,,100.0,100.0,9140.8
3726.55,100.0,21861.7,,,,,100.0,100.0,9140.9
3727.55,100.0,21820.0,,,,,100.0,100.0,9140.9
3728.55,0.0,21820.0,,,,,0.0,0.0,9140.9
3729.55,100.0,21719.9,,,,,100.0,100.0,9119.6
3730.55,0.0,21761.5,,,,,0.0,0.0,9131.9
3731.55,100.0,21803.0,,,,,100.0,100.0,9120.6
3732.55,100.0,21803.0,,,,,100.0,100.0,9126.4
3733.55,100.0,21844.6,,,,,100.0,100.0,9118.3
3734.55,0.0,21878.6,,,,,0.0,0.0,9136.9
3735.55,100.0,21944.6,,,,,100.0,100.0,9139.5
3736.55,100.0,21903.3,,,,,100.0,100.0,9140.9
3737.55,100.0,21861.7,,,,,100.0,100.0,9141.0
3738.55,0.0,21861.7,,,,,0.0,0.0,9141.0
3739.55,100.0,21820.0,,,,,100.0,100.0,9141.0
3740.55,100.0,21702.9,,,,,100.0,100.0,9133.8
3741.55,0.0,21761.5,,,,,0.0,0.0,9135.5
3742.55,100.0,21761.5,,,,,100.0,100.0,9133.6
3743.56,100.0,21803.0,,,,,100.0,100.0,9128.7
3744.56,0.0,21844.6,,,,,0.0,0.0,9128.9
3745.56,100.0,21878.6,,,,,100.0,100.0,9136.9
3746.56,100.0,21944.6,,,,,100.0,100.0,9139.6
3747.56,100.0,21903.3,,,,,100.0,100.0,9141.2
3748.56,0.0,21903.3,,,,,0.0,0.0,9141.2
3749.56,100.0,21861.7,,,,,100.0,100.0,9141.4
3750.56,100.0,21820.0,,,,,100.0,100.0,9141.4
3751.56,100.0,21719.8,,,,,100.0,100.0,9120.9
3752.56,0.0,21761.5,,,,,0.0,0.0,9135.6
3753.56,100.0,21761.5,,,,,100.0,100.0,9122.5
3754.56,0.0,21803.0,,,,,0.0,0.0,9133.4
3755.56,100.0,21844.6,,,,,100.0,100.0,9137.6
3756.56,100.0,21844.6,,,,,100.0,100.0,9130.7
3757.56,100.0,21944.6,,,,,100.0,100.0,9140.0
3758.56,0.0,21944.6,,,,,0.0,0.0,9140.0
3759.56,100.0,21903.3,,,,,100.0,100.0,9141.3
3760.56,100.0,21861.7,,,,,100.0,100.0,9141.5
3761.56,100.0,21820.0,,,,,100.0,100.0,9141.6
3762.56,0.0,21820.0,,,,,0.0,0.0,9141.6
3763.56,100.0,21719.9,,,,,100.0,100.0,9120.6
3764.56,0.0,21761.5,,,,,0.0,0.0,9130.8
3765.56,100.0,21803.0,,,,,100.0,100.0,9119.7
3766.56,100.0,21803.0,,,,,100.0,100.0,9125.7
3767.56,100.0,21844.6,,,,,100.0,100.0,9137.7
3768.56,0.0,21878.6,,,,,0.0,0.0,9137.7
3769.56,100.0,21944.6,,,,,100.0,100.0,9140.3
3770.56,100.0,21903.3,,,,,100.0,100.0,9141.7
3771.56,100.0,21861.7,,,,,100.0,100.0,9141.9
3772.56,0.0,21861.7,,,,,0.0,0.0,9141.9
3773.56,100.0,21820.0,,,,,100.0,100.0,9141.9
3774.56,100.0,21702.9,,,,,100.0,100.0,9135.3
3775.56,0.0,21761.5,,,,,0.0,0.0,9127.5
3776.56,100.0,21761.5,,,,,100.0,100.0,9131.8
3777.56,100.0,21803.0,,,,,100.0,100.0,9129.9
3778.56,0.0,21844.6,,,,,0.0,0.0,9129.9
3779.56,100.0,21878.6,,,,,100.0,100.0,9137.7
3780.56,100.0,21944.6,,,,,100.0,100.0,9140.5
3781.56,100.0,21903.3,,,,,100.0,100.0,9141.9
3782.56,0.0,21903.3,,,,,0.0,0.0,9141.9
3783.56,100.0,21861.7,,,,,100.0,100.0,9142.1
3784.56,100.0,21820.0,,,,,100.0,100.0,9142.1
3785.56,100.0,21719.8,,,,,100.0,100.0,9121.7
3786.56,0.0,21719.9,,,,,0.0,0.0,9132.8
3787.56,100.0,21761.5,,,,,100.0,100.0,9136.6
3788.56,0.0,21803.0,,,,,0.0,0.0,9129.3
3789.56,100.0,21844.6,,,,,100.0,100.0,9138.2
3790.56,100.0,21844.6,,,,,100.0,100.0,9127.1
3791.56,100.0,21944.6,,,,,100.0,100.0,9140.7
3792.56,0.0,21944.6,,,,,0.0,0.0,9140.7
3793.56,100.0,21903.3,,,,,100.0,100.0,9142.2
3794.56,100.0,21861.7,,,,,100.0,100.0,9142.4
3795.56,100.0,21820.0,,,,,100.0,100.0,9142.4
3796.56,0.0,21820.0,,,,,0.0,0.0,9142.4
3797.56,100.0,21719.9,,,,,100.0,100.0,9122.2
3798.56,0.0,21761.5,,,,,0.0,0.0,9134.8
3799.56,100.0,21803.0,,,,,100.0,100.0,9123.1
3800.56,100.0,21803.0,,,,,100.0,100.0,9127.7
3801.56,100.0,21844.6,,,,,100.0,100.0,9138.5
3802.56,0.0,21878.6,,,,,0.0,0.0,9138.4
3803.56,100.0,21944.6,,,,,100.0,100.0,9141.0
3804.56,100.0,21903.3,,,,,100.0,100.0,9142.4
3805.56,100.0,21861.7,,,,,100.0,100.0,9142.5
3806.56,0.0,21861.7,,,,,0.0,0.0,9142.5
3807.56,100.0,21820.0,,,,,100.0,100.0,9142.6
3808.56,100.0,21702.9,,,,,100.0,100.0,9135.9
3809.56,0.0,21761.5,,,,,0.0,0.0,9129.5
3810.56,100.0,21761.5,,,,,100.0,100.0,9131.6
3811.57,100.0,21803.0,,,,,100.0,100.0,9121.5
3812.57,0.0,21844.6,,,,,0.0,0.0,9128.2
3813.57,100.0,21878.6,,,,,100.0,100.0,9138.6
3814.57,100.0,21944.6,,,,,100.0,100.0,9141.2
3815.57,100.0,21903.3,,,,,100.0,100.0,9142.7
3816.57,0.0,21903.3,,,,,0.0,0.0,9142.7
3817.57,100.0,21861.7,,,,,100.0,100.0,9142.9
3818.57,100.0,21820.0,,,,,100.0,100.0,9142.9
3819.57,100.0,21719.8,,,,,100.0,100.0,9122.3
3820.57,0.0,21740.7,,,,,0.0,0.0,9134.6
3821.57,100.0,21761.5,,,,,100.0,100.0,9137.8
3822.57,0.0,21823.8,,,,,0.0,0.0,9133.1
3823.57,100.0,21844.6,,,,,100.0,100.0,9131.3
3824.57,100.0,21844.6,,,,,100.0,100.0,9131.0
3825.57,100.0,21944.6,,,,,100.0,100.0,9141.6
3826.57,0.0,21944.6,,,,,0.0,0.0,9141.6
3827.57,100.0,21903.3,,,,,100.0,100.0,9142.9
3828.57,100.0,21861.7,,,,,100.0,100.0,9143.1
3829.57,100.0,21820.0,,,,,100.0,100.0,9143.1
3830.57,0.0,21820.0,,,,,0.0,0.0,9143.1
3831.57,100.0,21719.9,,,,,100.0,100.0,9123.2
3832.57,0.0,21782.3,,,,,0.0,0.0,9134.4
3833.57,100.0,21803.0,,,,,100.0,100.0,9122.9
3834.57,100.0,21823.8,,,,,100.0,100.0,9132.8
3835.57,100.0,21844.6,,,,,100.0,100.0,9139.2
3836.57,0.0,21878.6,,,,,0.0,0.0,9139.0
3837.57,100.0,21944.6,,,,,100.0,100.0,9141.7
3838.57,100.0,21903.3,,,,,100.0,100.0,9143.1
3839.57,100.0,21861.7,,,,,100.0,100.0,9143.3
3840.57,0.0,21861.7,,,,,0.0,0.0,9143.3
3841.57,100.0,21820.0,,,,,100.0,100.0,9143.3
3842.57,100.0,21706.6,,,,,100.0,100.0,9135.7
3843.57,0.0,21761.5,,,,,0.0,0.0,9122.9
3844.57,100.0,21761.5,,,,,100.0,100.0,9135.3
3845.57,100.0,21803.0,,,,,100.0,100.0,9123.4
3846.57,0.0,21844.6,,,,,0.0,0.0,9129.7
3847.57,100.0,21878.6,,,,,100.0,100.0,9139.5
3848.57,100.0,21944.6,,,,,100.0,100.0,9142.1
3849.57,100.0,21903.3,,,,,100.0,100.0,9143.5
3850.57,0.0,21903.3,,,,,0.0,0.0,9143.5
3851.57,100.0,21861.7,,,,,100.0,100.0,9143.7
3852.57,100.0,21820.0,,,,,100.0,100.0,9143.7
3853.57,100.0,21719.8,,,,,100.0,100.0,9144.1
3854.57,0.0,21740.7,,,,,0.0,0.0,9135.4
3855.57,100.0,21761.5,,,,,100.0,100.0,9131.2
3856.57,0.0,21823.8,,,,,0.0,0.0,9133.5
3857.57,100.0,21844.6,,,,,100.0,100.0,9133.1
3858.57,100.0,21861.6,,,,,100.0,100.0,9133.1
3859.57,100.0,21944.6,,,,,100.0,100.0,9142.1
3860.57,0.0,21944.6,,,,,0.0,0.0,9142.1
3861.57,100.0,21903.3,,,,,100.0,100.0,9143.6
3862.57,100.0,21861.7,,,,,100.0,100.0,9143.7
3863.57,100.0,21820.0,,,,,100.0,100.0,9143.7
3864.57,0.0,21820.0,,,,,0.0,0.0,9143.7
3865.57,100.0,21719.9,,,,,100.0,100.0,9123.7
3866.57,100.0,21740.7,,,,,100.0,100.0,9136.9
3867.57,0.0,21803.0,,,,,0.0,0.0,9139.0
3868.57,100.0,21803.0,,,,,100.0,100.0,9130.5
3869.57,100.0,21844.6,,,,,100.0,100.0,9139.9
3870.57,0.0,21878.6,,,,,0.0,0.0,9139.7
3871.57,100.0,21944.6,,,,,100.0,100.0,9142.3
3872.57,100.0,21903.3,,,,,100.0,100.0,9143.7
3873.57,100.0,21861.7,,,,,100.0,100.0,9143.9
3874.57,0.0,21861.7,,,,,0.0,0.0,9143.9
3875.57,100.0,21820.0,,,,,100.0,100.0,9143.9
3876.57,100.0,21719.9,,,,,100.0,100.0,9138.0
3877.57,0.0,21761.5,,,,,0.0,0.0,9125.0
3878.57,100.0,21761.5,,,,,100.0,100.0,9135.2
3879.57,100.0,21803.0,,,,,100.0,100.0,9124.9
3880.58,100.0,21803.0,,,,,100.0,100.0,9133.8
3881.58,0.0,21878.6,,,,,0.0,0.0,9140.0
3882.58,100.0,21944.6,,,,,100.0,100.0,9142.6
3883.58,100.0,21903.3,,,,,100.0,100.0,9143.9
3884.58,0.0,21903.3,,,,,0.0,0.0,9143.9
3885.58,100.0,21861.7,,,,,100.0,100.0,9144.1
3886.58,100.0,21820.0,,,,,100.0,100.0,9144.1
3887.58,100.0,21719.8,,,,,100.0,100.0,9144.4
3888.58,0.0,21761.5,,,,,0.0,0.0,9128.0
3889.58,100.0,21761.5,,,,,100.0,100.0,9131.6
3890.58,100.0,21761.5,,,,,100.0,100.0,9133.2
3891.58,0.0,21844.6,,,,,0.0,0.0,9132.9
3892.58,100.0,21844.6,,,,,100.0,100.0,9129.8
3893.58,100.0,21944.6,,,,,100.0,100.0,9142.9
3894.58,0.0,21944.6,,,,,0.0,0.0,9142.9
3895.58,100.0,21903.3,,,,,100.0,100.0,9144.2
3896.58,100.0,21861.7,,,,,100.0,100.0,9144.4
3897.58,100.0,21820.0,,,,,100.0,100.0,9144.4
3898.58,0.0,21820.0,,,,,0.0,0.0,9144.4
3899.58,100.0,21719.9,,,,,100.0,100.0,9125.5
3900.58,100.0,21740.7,,,,,100.0,100.0,9137.5
3901.58,0.0,21803.0,,,,,0.0,0.0,9139.6
3902.58,100.0,21803.0,,,,,100.0,100.0,9133.2
3903.58,100.0,21844.6,,,,,100.0,100.0,9140.6
3904.58,100.0,21944.6,,,,,100.0,100.0,9143.0
3905.58,0.0,21944.6,,,,,0.0,0.0,9143.0
3906.58,100.0,21903.3,,,,,100.0,100.0,9144.5
3907.58,100.0,21861.7,,,,,100.0,100.0,9144.6
3908.58,100.0,21820.0,,,,,100.0,100.0,9144.6
3909.58,0.0,21820.0,,,,,0.0,0.0,9144.6
3910.58,100.0,21719.9,,,,,100.0,100.0,9138.8
3911.58,0.0,21761.5,,,,,0.0,0.0,9125.5
3912.58,100.0,21779.4,,,,,100.0,100.0,9136.2
3913.58,100.0,21803.0,,,,,100.0,100.0,9124.8
3914.58,100.0,21803.0,,,,,100.0,100.0,9133.1
3915.58,0.0,21878.6,,,,,0.0,0.0,9140.8
3916.58,100.0,21944.6,,,,,100.0,100.0,9143.3
3917.58,100.0,21903.3,,,,,100.0,100.0,9144.7
3918.58,100.0,21895.7,,,,,100.0,100.0,9144.9
3919.58,0.0,21861.7,,,,,0.0,0.0,9144.9
3920.58,100.0,21820.0,,,,,100.0,100.0,9144.9
3921.58,100.0,21719.8,,,,,100.0,100.0,9145.1
3922.58,0.0,21761.5,,,,,0.0,0.0,9139.2
3923.58,100.0,21761.5,,,,,100.0,100.0,9124.4
3924.58,100.0,21761.5,,,,,100.0,100.0,9134.4
3925.58,0.0,21844.6,,,,,0.0,0.0,9124.4
3926.58,100.0,21844.6,,,,,100.0,100.0,9131.8
3927.58,100.0,21944.6,,,,,100.0,100.0,9143.6
3928.58,100.0,21903.1,,,,,100.0,100.0,9144.7
3929.58,0.0,21903.3,,,,,0.0,0.0,9144.9
3930.58,100.0,21861.7,,,,,100.0,100.0,9145.1
3931.58,100.0,21820.0,,,,,100.0,100.0,9145.1
3932.58,0.0,21820.0,,,,,0.0,0.0,9145.1
3933.58,100.0,21719.9,,,,,100.0,100.0,9126.0
3934.58,100.0,21740.7,,,,,100.0,100.0,9138.9
3935.58,0.0,21803.0,,,,,0.0,0.0,9140.5
3936.58,100.0,21803.0,,,,,100.0,100.0,9134.6
3937.58,100.0,21844.6,,,,,100.0,100.0,9133.5
3938.58,100.0,21944.6,,,,,100.0,100.0,9143.7
3939.58,0.0,21944.6,,,,,0.0,0.0,9143.7
3940.58,100.0,21903.3,,,,,100.0,100.0,9145.0
3941.58,100.0,21861.7,,,,,100.0,100.0,9145.2
3942.58,100.0,21820.0,,,,,100.0,100.0,9145.2
3943.58,0.0,21820.0,,,,,0.0,0.0,9145.2
3944.58,100.0,21719.9,,,,,100.0,100.0,9139.5
3945.58,0.0,21761.5,,,,,0.0,0.0,9126.3
3946.58,100.0,21761.5,,,,,100.0,100.0,9136.8
3947.58,100.0,21803.0,,,,,100.0,100.0,9140.7
3948.58,100.0,21803.0,,,,,100.0,100.0,9133.7
3949.58,0.0,21878.6,,,,,0.0,0.0,9141.6
3950.59,100.0,21944.6,,,,,100.0,100.0,9144.2
3951.59,100.0,21903.3,,,,,100.0,100.0,9145.6
3952.59,100.0,21861.7,,,,,100.0,100.0,9145.8
3953.59,0.0,21861.7,,,,,0.0,0.0,9145.8
3954.59,100.0,21820.0,,,,,100.0,100.0,9145.8
3955.59,100.0,21719.8,,,,,100.0,100.0,9124.7
3956.59,0.0,21761.5,,,,,0.0,0.0,9140.1
3957.59,100.0,21761.5,,,,,100.0,100.0,9125.7
3958.59,100.0,21761.5,,,,,100.0,100.0,9135.5
3959.59,0.0,21844.6,,,,,0.0,0.0,9125.2
3960.59,100.0,21844.6,,,,,100.0,100.0,9133.2
3961.59,100.0,21944.6,,,,,100.0,100.0,9144.1
3962.59,100.0,21903.3,,,,,100.0,100.0,9145.5
3963.59,0.0,21903.3,,,,,0.0,0.0,9145.5
3964.59,100.0,21861.7,,,,,100.0,100.0,9145.7
3965.59,100.0,21820.0,,,,,100.0,100.0,9145.7
3966.59,100.0,21719.8,,,,,100.0,100.0,9145.7
3967.59,0.0,21719.9,,,,,0.0,0.0,9140.2
3968.59,100.0,21740.7,,,,,100.0,100.0,9127.7
3969.59,0.0,21803.0,,,,,0.0,0.0,9134.1
3970.59,100.0,21803.0,,,,,100.0,100.0,9135.4
3971.59,100.0,21844.6,,,,,100.0,100.0,9134.8
3972.59,100.0,21944.6,,,,,100.0,100.0,9144.3
3973.59,0.0,21944.6,,,,,0.0,0.0,9144.3
3974.59,100.0,21903.3,,,,,100.0,100.0,9145.7
3975.59,100.0,21861.7,,,,,100.0,100.0,9145.9
3976.59,100.0,21820.0,,,,,100.0,100.0,9145.9
3977.59,0.0,21820.0,,,,,0.0,0.0,9145.9
3978.59,100.0,21719.9,,,,,100.0,100.0,9140.2
3979.59,0.0,21761.5,,,,,0.0,0.0,9127.2
3980.59,100.0,21782.3,,,,,100.0,100.0,9135.7
3981.59,100.0,21803.0,,,,,100.0,100.0,9141.8
3982.59,100.0,21803.0,,,,,100.0,100.0,9133.9
3983.59,0.0,21878.6,,,,,0.0,0.0,9142.1
3984.59,100.0,21944.6,,,,,100.0,100.0,9144.6
3985.59,100.0,21903.3,,,,,100.0,100.0,9145.9
3986.59,100.0,21861.7,,,,,100.0,100.0,9146.1
3987.59,0.0,21861.7,,,,,0.0,0.0,9146.1
3988.59,100.0,21820.0,,,,,100.0,100.0,9146.1
3989.59,100.0,21719.8,,,,,100.0,100.0,9125.7
3990.59,0.0,21761.5,,,,,0.0,0.0,9140.4
3991.59,100.0,21761.5,,,,,100.0,100.0,9126.8
3992.59,100.0,21761.5,,,,,100.0,100.0,9137.0
3993.59,0.0,21844.6,,,,,0.0,0.0,9126.2
3994.59,100.0,21844.6,,,,,100.0,100.0,9134.1
3995.59,100.0,21944.6,,,,,100.0,100.0,9144.7
3996.59,100.0,21903.1,,,,,100.0,100.0,9146.1
3997.59,0.0,21903.3,,,,,0.0,0.0,9146.2
3998.59,100.0,21861.7,,,,,100.0,100.0,9146.4
3999.59,100.0,21820.0,,,,,100.0,100.0,9146.4
4000.59,100.0,21719.9,,,,,100.0,100.0,9146.5
4001.59,1.23,21719.9,,,,,1.23,1.23,9140.9
4002.59,100.0,21740.7,,,,,100.0,100.0,9139.5
4003.59,0.0,21803.0,,,,,0.0,0.0,9134.6
4004.59,100.0,21823.8,,,,,100.0,100.0,9137.0
4005.59,100.0,21844.6,,,,,100.0,100.0,9136.6
4006.59,100.0,21944.6,,,,,100.0,100.0,9145.2
4007.59,0.0,21944.6,,,,,0.0,0.0,9145.3
4008.59,100.0,21903.3,,,,,100.0,100.0,9146.7
4009.59,100.0,21861.7,,,,,100.0,100.0,9146.8
4010.59,100.0,21820.0,,,,,100.0,100.0,9146.9
4011.59,0.0,21820.0,,,,,0.0,0.0,9146.9
4012.59,100.0,21719.9,,,,,100.0,100.0,9141.4
4013.59,0.0,21761.5,,,,,0.0,0.0,9127.6
4014.59,100.0,21761.5,,,,,100.0,100.0,9135.5
4015.59,100.0,21803.0,,,,,100.0,100.0,9141.9
4016.59,100.0,21803.0,,,,,100.0,100.0,9132.7
4017.59,0.0,21878.6,,,,,0.0,0.0,9142.4
4018.59,100.0,21944.6,,,,,100.0,100.0,9145.2
4019.6,100.0,21903.3,,,,,100.0,100.0,9146.6
4020.6,100.0,21861.7,,,,,100.0,100.0,9146.7
4021.6,0.0,21861.7,,,,,0.0,0.0,9146.7
4022.6,100.0,21820.0,,,,,100.0,100.0,9146.7
4023.6,100.0,21719.8,,,,,100.0,100.0,9125.8
4024.6,0.0,21761.5,,,,,0.0,0.0,9141.3
4025.6,100.0,21761.5,,,,,100.0,100.0,9131.4
4026.6,100.0,21761.5,,,,,100.0,100.0,9135.5
4027.6,0.0,21844.6,,,,,0.0,0.0,9142.1
4028.6,100.0,21844.6,,,,,100.0,100.0,9128.2
4029.6,100.0,21944.6,,,,,100.0,100.0,9144.5
4030.6,100.0,21903.3,,,,,100.0,100.0,9146.1
4031.6,0.0,21903.3,,,,,0.0,0.0,9146.1
4032.6,100.0,21861.7,,,,,100.0,100.0,9146.3
4033.6,100.0,21820.0,,,,,100.0,100.0,9146.3
4034.6,100.0,21719.8,,,,,100.0,100.0,9146.4
4035.6,0.0,21719.9,,,,,0.0,0.0,9127.6
4036.6,100.0,21761.5,,,,,100.0,100.0,9140.5
4037.6,0.0,21803.0,,,,,0.0,0.0,9127.9
4038.6,100.0,21803.0,,,,,100.0,100.0,9137.4
4039.6,100.0,21844.6,,,,,100.0,100.0,9128.7
4040.6,100.0,21944.6,,,,,100.0,100.0,9145.2
4041.6,0.0,21944.6,,,,,0.0,0.0,9145.2
4042.6,100.0,21903.3,,,,,100.0,100.0,9146.7
4043.6,100.0,21861.7,,,,,100.0,100.0,9146.8
4044.6,100.0,21820.0,,,,,100.0,100.0,9146.8
4045.6,0.0,21820.0,,,,,0.0,0.0,9146.8
4046.6,100.0,21719.9,,,,,100.0,100.0,9141.0
4047.6,0.0,21761.5,,,,,0.0,0.0,9141.4
4048.6,100.0,21761.5,,,,,100.0,100.0,9138.7
4049.6,100.0,21803.0,,,,,100.0,100.0,9142.2
4050.6,100.0,21803.0,,,,,100.0,100.0,9135.5
4051.6,0.0,21878.6,,,,,0.0,0.0,9142.8
4052.6,100.0,21944.6,,,,,100.0,100.0,9145.4
4053.6,100.0,21903.3,,,,,100.0,100.0,9146.9
4054.6,100.0,21861.7,,,,,100.0,100.0,9147.1
4055.6,0.0,21861.7,,,,,0.0,0.0,9147.1
4056.6,100.0,21820.0,,,,,100.0,100.0,9147.1
4057.6,100.0,21719.8,,,,,100.0,100.0,9129.0
4058.6,0.0,21761.5,,,,,0.0,0.0,9141.4
4059.6,100.0,21761.5,,,,,100.0,100.0,9129.5
4060.6,100.0,21782.3,,,,,100.0,100.0,9140.0
4061.6,0.0,21844.6,,,,,0.0,0.0,9143.2
4062.6,100.0,21844.6,,,,,100.0,100.0,9137.6
4063.6,100.0,21944.6,,,,,100.0,100.0,9145.6
4064.6,100.0,21903.3,,,,,100.0,100.0,9147.1
4065.6,0.0,21903.3,,,,,0.0,0.0,9147.1
4066.6,100.0,21861.7,,,,,100.0,100.0,9147.2
4067.6,100.0,21820.0,,,,,100.0,100.0,9147.2
4068.6,100.0,21719.8,,,,,100.0,100.0,9147.3
4069.6,0.0,21719.9,,,,,0.0,0.0,9128.7
4070.6,100.0,21761.5,,,,,100.0,100.0,9141.6
4071.6,0.0,21803.0,,,,,0.0,0.0,9129.6
4072.6,100.0,21803.0,,,,,100.0,100.0,9135.2
4073.6,100.0,21844.6,,,,,100.0,100.0,9125.8
4074.6,100.0,21944.6,,,,,100.0,100.0,9145.9
4075.6,0.0,21944.6,,,,,0.0,0.0,9145.9
4076.6,100.0,21903.3,,,,,100.0,100.0,9147.4
4077.6,100.0,21861.7,,,,,100.0,100.0,9147.6
4078.6,100.0,21820.0,,,,,100.0,100.0,9147.6
4079.6,0.0,21820.0,,,,,0.0,0.0,9147.6
4080.6,100.0,21719.9,,,,,100.0,100.0,9141.8
4081.6,0.0,21761.5,,,,,0.0,0.0,9135.6
4082.6,100.0,21782.3,,,,,100.0,100.0,9140.8
4083.6,100.0,21803.0,,,,,100.0,100.0,9135.8
4084.6,100.0,21803.0,,,,,100.0,100.0,9136.9
4085.6,0.0,21878.6,,,,,0.0,0.0,9143.5
4086.6,100.0,21944.6,,,,,100.0,100.0,9146.1
4087.6,100.0,21903.3,,,,,100.0,100.0,9147.7
4088.6,100.0,21861.7,,,,,100.0,100.0,9147.9
4089.6,0.0,21861.7,,,,,0.0,0.0,9147.9
4090.6,100.0,21820.0,,,,,100.0,100.0,9147.9
4091.61,100.0,21719.8,,,,,100.0,100.0,9129.5
4092.61,0.0,21761.5,,,,,0.0,0.0,9142.2
4093.61,100.0,21761.5,,,,,100.0,100.0,9130.8
4094.61,100.0,21782.3,,,,,100.0,100.0,9142.3
4095.61,0.0,21844.6,,,,,0.0,0.0,9143.9
4096.61,100.0,21844.6,,,,,100.0,100.0,9137.5
4097.61,100.0,21944.6,,,,,100.0,100.0,9146.4
4098.61,100.0,21903.3,,,,,100.0,100.0,9147.9
4099.61,0.0,21903.3,,,,,0.0,0.0,9147.9
4100.61,100.0,21861.7,,,,,100.0,100.0,9148.1
4101.61,100.0,21820.0,,,,,100.0,100.0,9148.1
4102.61,100.0,21719.8,,,,,100.0,100.0,9148.2
4103.61,0.0,21719.9,,,,,0.0,0.0,9129.2
4104.61,100.0,21740.7,,,,,100.0,100.0,9140.9
4105.61,0.0,21803.0,,,,,0.0,0.0,9130.2
4106.61,100.0,21803.0,,,,,100.0,100.0,9138.0
4107.61,100.0,21844.6,,,,,100.0,100.0,9144.2
4108.61,100.0,21944.6,,,,,100.0,100.0,9146.7
4109.61,0.0,21944.6,,,,,0.0,0.0,9146.7
4110.61,100.0,21903.3,,,,,100.0,100.0,9148.2
4111.61,100.0,21861.7,,,,,100.0,100.0,9148.4
4112.61,100.0,21820.0,,,,,100.0,100.0,9148.4
4113.61,0.0,21820.0,,,,,0.0,0.0,9148.4
4114.61,100.0,21719.9,,,,,100.0,100.0,9142.4
4115.61,0.0,21761.5,,,,,0.0,0.0,9130.0
4116.61,100.0,21803.0,,,,,100.0,100.0,9143.4
4117.61,100.0,21803.0,,,,,100.0,100.0,9129.8
4118.61,100.0,21803.0,,,,,100.0,100.0,9140.6
4119.61,0.0,21878.6,,,,,0.0,0.0,9144.2
4120.61,100.0,21944.6,,,,,100.0,100.0,9146.8
4121.61,100.0,21903.3,,,,,100.0,100.0,9148.4
4122.61,100.0,21861.7,,,,,100.0,100.0,9148.6
4123.61,0.0,21861.7,,,,,0.0,0.0,9148.6
4124.61,100.0,21820.0,,,,,100.0,100.0,9148.6
4125.61,100.0,21719.8,,,,,100.0,100.0,9129.9
4126.61,0.0,21761.5,,,,,0.0,0.0,9142.9
4127.61,100.0,21761.5,,,,,100.0,100.0,9143.5
4128.61,100.0,21761.5,,,,,100.0,100.0,9140.1
4129.61,0.0,21844.6,,,,,0.0,0.0,9144.7
4130.61,100.0,21844.6,,,,,100.0,100.0,9137.5
4131.61,100.0,21944.6,,,,,100.0,100.0,9147.1
4132.61,100.0,21903.3,,,,,100.0,100.0,9148.6
4133.61,0.0,21903.3,,,,,0.0,0.0,9148.6
4134.61,100.0,21861.7,,,,,100.0,100.0,9148.8
4135.61,100.0,21820.0,,,,,100.0,100.0,9148.8
4136.61,100.0,21719.8,,,,,100.0,100.0,9148.9
4137.61,0.0,21719.9,,,,,0.0,0.0,9130.7
4138.61,100.0,21761.5,,,,,100.0,100.0,9143.4
4139.61,0.0,21803.0,,,,,0.0,0.0,9131.3
4140.61,100.0,21823.8,,,,,100.0,100.0,9141.4
4141.61,100.0,21844.6,,,,,100.0,100.0,9144.8
4142.61,100.0,21944.6,,,,,100.0,100.0,9147.2
4143.61,0.0,21944.6,,,,,0.0,0.0,9147.2
4144.61,100.0,21903.3,,,,,100.0,100.0,9148.8
4145.61,100.0,21861.7,,,,,100.0,100.0,9149.0
4146.61,100.0,21820.0,,,,,100.0,100.0,9149.0
4147.61,0.0,21820.0,,,,,0.0,0.0,9149.0
4148.61,100.0,21719.9,,,,,100.0,100.0,9122.8
4149.61,0.0,21761.5,,,,,0.0,0.0,9130.5
4150.61,100.0,21782.3,,,,,100.0,100.0,9142.3
4151.61,100.0,21803.0,,,,,100.0,100.0,9130.0
4152.61,100.0,21803.0,,,,,100.0,100.0,9138.6
4153.61,0.0,21878.6,,,,,0.0,0.0,9145.0
4154.61,100.0,21944.6,,,,,100.0,100.0,9147.7
4155.61,100.0,21903.3,,,,,100.0,100.0,9149.1
4156.61,100.0,21861.7,,,,,100.0,100.0,9149.2
4157.61,0.0,21861.7,,,,,0.0,0.0,9149.2
4158.61,100.0,21820.0,,,,,100.0,100.0,9149.3
4159.61,100.0,21719.8,,,,,100.0,100.0,9130.6
4160.61,0.0,21740.7,,,,,0.0,0.0,9142.7
4161.61,100.0,21761.5,,,,,100.0,100.0,9137.5
4162.61,100.0,21782.3,,,,,100.0,100.0,9142.1
4163.62,0.0,21844.6,,,,,0.0,0.0,9138.9
4164.62,100.0,21861.6,,,,,100.0,100.0,9140.2
4165.62,100.0,21944.6,,,,,100.0,100.0,9147.9
4166.62,100.0,21903.3,,,,,100.0,100.0,9149.3
4167.62,0.0,21903.3,,,,,0.0,0.0,9149.3
4168.62,100.0,21861.7,,,,,100.0,100.0,9149.5
4169.62,100.0,21820.0,,,,,100.0,100.0,9149.5
4170.62,100.0,21719.8,,,,,100.0,100.0,9149.6
4171.62,0.0,21719.9,,,,,0.0,0.0,9131.2
4172.62,100.0,21761.5,,,,,100.0,100.0,9144.1
4173.62,0.0,21803.0,,,,,0.0,0.0,9131.7
4174.62,100.0,21803.0,,,,,100.0,100.0,9140.0
4175.62,100.0,21844.6,,,,,100.0,100.0,9145.5
4176.62,100.0,21944.6,,,,,100.0,100.0,9148.0
4177.62,0.0,21944.6,,,,,0.0,0.0,9148.0
4178.62,100.0,21903.3,,,,,100.0,100.0,9149.4
4179.62,100.0,21861.7,,,,,100.0,100.0,9149.6
4180.62,100.0,21820.0,,,,,100.0,100.0,9149.7
4181.62,0.0,21820.0,,,,,0.0,0.0,9149.7
4182.62,100.0,21719.9,,,,,100.0,100.0,9144.0
4183.62,0.0,21761.5,,,,,0.0,0.0,9131.1
4184.62,100.0,21782.3,,,,,100.0,100.0,9142.6
4185.62,100.0,21803.0,,,,,100.0,100.0,9131.2
4186.62,100.0,21820.0,,,,,100.0,100.0,9140.5
4187.62,0.0,21878.6,,,,,0.0,0.0,9145.5
4188.62,100.0,21944.6,,,,,100.0,100.0,9148.2
4189.62,100.0,21903.3,,,,,100.0,100.0,9149.7
4190.62,100.0,21861.7,,,,,100.0,100.0,9149.9
4191.62,0.0,21861.7,,,,,0.0,0.0,9149.9
4192.62,100.0,21820.0,,,,,100.0,100.0,9149.9
4193.62,100.0,21719.8,,,,,100.0,100.0,9150.1
4194.62,0.0,21761.5,,,,,0.0,0.0,9135.0
4195.62,100.0,21761.5,,,,,100.0,100.0,9132.0
4196.62,100.0,21803.0,,,,,100.0,100.0,9145.2
4197.62,0.0,21844.6,,,,,0.0,0.0,9132.1
4198.62,100.0,21861.6,,,,,100.0,100.0,9141.7
4199.62,100.0,21944.6,,,,,100.0,100.0,9148.6
4200.62,100.0,21903.3,,,,,100.0,100.0,9149.9
4201.62,0.0,21903.3,,,,,0.0,0.0,9149.9
4202.62,100.0,21861.7,,,,,100.0,100.0,9150.1
4203.62,100.0,21820.0,,,,,100.0,100.0,9150.1
4204.62,100.0,21719.8,,,,,100.0,100.0,9150.3
4205.62,0.0,21719.9,,,,,0.0,0.0,9132.7
4206.62,100.0,21761.5,,,,,100.0,100.0,9144.8
4207.62,0.0,21803.0,,,,,0.0,0.0,9145.6
4208.62,100.0,21823.8,,,,,100.0,100.0,9144.8
4209.62,100.0,21844.6,,,,,100.0,100.0,9146.5
4210.62,100.0,21944.6,,,,,100.0,100.0,9148.8
4211.62,0.0,21944.6,,,,,0.0,0.0,9148.8
4212.62,100.0,21903.3,,,,,100.0,100.0,9150.2
4213.62,100.0,21861.7,,,,,100.0,100.0,9150.4
4214.62,100.0,21820.0,,,,,100.0,100.0,9150.4
4215.62,0.0,21820.0,,,,,0.0,0.0,9150.4
4216.62,100.0,21719.9,,,,,100.0,100.0,9144.7
4217.62,0.0,21761.5,,,,,0.0,0.0,9132.8
4218.62,100.0,21782.3,,,,,100.0,100.0,9144.8
4219.62,100.0,21803.0,,,,,100.0,100.0,9132.8
4220.62,100.0,21823.8,,,,,100.0,100.0,9141.2
4221.62,0.0,21878.6,,,,,0.0,0.0,9146.4
4222.62,100.0,21944.6,,,,,100.0,100.0,9148.9
4223.62,100.0,21903.3,,,,,100.0,100.0,9150.4
4224.62,100.0,21861.7,,,,,100.0,100.0,9150.6
4225.62,0.0,21861.7,,,,,0.0,0.0,9150.6
4226.62,100.0,21820.0,,,,,100.0,100.0,9150.6
4227.62,100.0,21719.8,,,,,100.0,100.0,9131.1
4228.62,0.0,21761.5,,,,,0.0,0.0,9125.3
4229.62,100.0,21761.5,,,,,100.0,100.0,9131.5
4230.62,100.0,21803.0,,,,,100.0,100.0,9145.6
4231.62,0.0,21844.6,,,,,0.0,0.0,9132.8
4232.62,100.0,21844.6,,,,,100.0,100.0,9139.8
4233.62,100.0,21944.6,,,,,100.0,100.0,9149.2
4234.62,100.0,21903.3,,,,,100.0,100.0,9150.6
4235.62,0.0,21903.3,,,,,0.0,0.0,9150.6
4236.63,100.0,21861.7,,,,,100.0,100.0,9150.8
4237.63,100.0,21820.0,,,,,100.0,100.0,9150.8
4238.63,100.0,21719.8,,,,,100.0,100.0,9150.9
4239.63,0.0,21719.9,,,,,0.0,0.0,9133.5
4240.63,100.0,21761.5,,,,,100.0,100.0,9145.6
4241.63,0.0,21803.0,,,,,0.0,0.0,9139.9
4242.63,100.0,21844.6,,,,,100.0,100.0,9127.2
4243.63,100.0,21844.6,,,,,100.0,100.0,9133.4
4244.63,100.0,21944.6,,,,,100.0,100.0,9149.3
4245.63,0.0,21944.6,,,,,0.0,0.0,9149.3
4246.63,100.0,21903.3,,,,,100.0,100.0,9150.8
4247.63,100.0,21861.7,,,,,100.0,100.0,9150.9
4248.63,100.0,21820.0,,,,,100.0,100.0,9151.0
4249.63,0.0,21820.0,,,,,0.0,0.0,9151.0
4250.63,100.0,21719.9,,,,,100.0,100.0,9145.3
4251.63,0.0,21761.5,,,,,0.0,0.0,9134.5
4252.63,100.0,21803.0,,,,,100.0,100.0,9146.3
4253.63,100.0,21803.0,,,,,100.0,100.0,9133.3
4254.63,100.0,21823.8,,,,,100.0,100.0,9144.3
4255.63,0.0,21878.6,,,,,0.0,0.0,9147.0
4256.63,100.0,21944.6,,,,,100.0,100.0,9149.5
4257.63,100.0,21903.3,,,,,100.0,100.0,9151.0
4258.63,100.0,21861.7,,,,,100.0,100.0,9151.2
4259.63,0.0,21861.7,,,,,0.0,0.0,9151.2
4260.63,100.0,21820.0,,,,,100.0,100.0,9151.2
4261.63,100.0,21719.8,,,,,100.0,100.0,9132.2
4262.63,0.0,21761.5,,,,,0.0,0.0,9145.7
4263.63,100.0,21761.5,,,,,100.0,100.0,9133.0
4264.63,100.0,21803.0,,,,,100.0,100.0,9146.3
4265.63,0.0,21844.6,,,,,0.0,0.0,9133.7
4266.63,100.0,21861.6,,,,,100.0,100.0,9143.3
4267.63,100.0,21944.6,,,,,100.0,100.0,9149.9
4268.63,100.0,21903.3,,,,,100.0,100.0,9151.2
4269.63,0.0,21903.3,,,,,0.0,0.0,9151.2
4270.63,100.0,21861.7,,,,,100.0,100.0,9151.4
4271.63,100.0,21820.0,,,,,100.0,100.0,9151.4
4272.63,100.0,21719.8,,,,,100.0,100.0,9151.6
4273.63,0.0,21719.9,,,,,0.0,0.0,9133.7
4274.63,100.0,21761.5,,,,,100.0,100.0,9136.4
4275.63,0.0,21803.0,,,,,0.0,0.0,9140.4
4276.63,100.0,21823.8,,,,,100.0,100.0,9145.5
4277.63,100.0,21844.6,,,,,100.0,100.0,9140.2
4278.63,100.0,21944.6,,,,,100.0,100.0,9150.3
4279.63,0.0,21944.6,,,,,0.0,0.0,9150.3
4280.63,100.0,21903.3,,,,,100.0,100.0,9151.5
4281.63,100.0,21861.7,,,,,100.0,100.0,9151.7
4282.63,100.0,21820.0,,,,,100.0,100.0,9151.7
4283.63,0.0,21820.0,,,,,0.0,0.0,9151.7
4284.63,100.0,21719.9,,,,,100.0,100.0,9146.0
4285.63,0.0,21761.5,,,,,0.0,0.0,9135.0
4286.63,100.0,21803.0,,,,,100.0,100.0,9146.9
4287.63,100.0,21803.0,,,,,100.0,100.0,9147.4
4288.63,100.0,21823.8,,,,,100.0,100.0,9134.5
4289.63,0.0,21878.6,,,,,0.0,0.0,9147.7
4290.63,100.0,21944.6,,,,,100.0,100.0,9150.4
4291.63,100.0,21903.3,,,,,100.0,100.0,9151.7
4292.63,100.0,21861.7,,,,,100.0,100.0,9151.8
4293.63,0.0,21861.7,,,,,0.0,0.0,9151.8
4294.63,100.0,21820.0,,,,,100.0,100.0,9151.8
4295.63,100.0,21719.8,,,,,100.0,100.0,9133.2
4296.63,0.0,21761.5,,,,,0.0,0.0,9146.4
4297.63,100.0,21761.5,,,,,100.0,100.0,9134.8
4298.63,100.0,21782.3,,,,,100.0,100.0,9145.5
4299.63,0.0,21844.6,,,,,0.0,0.0,9133.6
4300.63,100.0,21861.6,,,,,100.0,100.0,9142.3
4301.63,100.0,21944.6,,,,,100.0,100.0,9150.6
4302.63,100.0,21903.3,,,,,100.0,100.0,9151.9
4303.63,0.0,21903.3,,,,,0.0,0.0,9151.9
4304.63,100.0,21861.7,,,,,100.0,100.0,9152.1
4305.63,100.0,21820.0,,,,,100.0,100.0,9152.1
4306.64,100.0,21719.8,,,,,100.0,100.0,9152.2
4307.64,0.0,21719.9,,,,,0.0,0.0,9133.6
4308.64,100.0,21761.5,,,,,100.0,100.0,9127.0
4309.64,0.0,21803.0,,,,,0.0,0.0,9133.8
4310.64,100.0,21844.6,,,,,100.0,100.0,9148.0
4311.64,100.0,21844.6,,,,,100.0,100.0,9134.3
4312.64,100.0,21944.6,,,,,100.0,100.0,9150.8
4313.64,0.0,21944.6,,,,,0.0,0.0,9150.8
4314.64,100.0,21903.3,,,,,100.0,100.0,9152.1
4315.64,100.0,21861.7,,,,,100.0,100.0,9152.3
4316.64,100.0,21820.0,,,,,100.0,100.0,9152.3
4317.64,0.0,21820.0,,,,,0.0,0.0,9152.3
4318.64,100.0,21719.9,,,,,100.0,100.0,9146.7
4319.64,0.0,21761.5,,,,,0.0,0.0,9135.6
4320.64,100.0,21803.0,,,,,100.0,100.0,9147.6
4321.64,100.0,21803.0,,,,,100.0,100.0,9147.7
4322.64,100.0,21823.8,,,,,100.0,100.0,9135.5
4323.64,0.0,21878.6,,,,,0.0,0.0,9148.5
4324.64,100.0,21944.6,,,,,100.0,100.0,9151.1
4325.64,100.0,21903.3,,,,,100.0,100.0,9152.3
4326.64,100.0,21861.7,,,,,100.0,100.0,9152.5
4327.64,0.0,21861.7,,,,,0.0,0.0,9152.5
4328.64,100.0,21820.0,,,,,100.0,100.0,9152.5
4329.64,100.0,21719.8,,,,,100.0,100.0,9133.5
4330.64,0.0,21761.5,,,,,0.0,0.0,9147.1
4331.64,100.0,21761.5,,,,,100.0,100.0,9134.7
4332.64,100.0,21803.0,,,,,100.0,100.0,9147.6
4333.64,0.0,21844.6,,,,,0.0,0.0,9135.4
4334.64,100.0,21861.6,,,,,100.0,100.0,9145.9
4335.64,100.0,21944.6,,,,,100.0,100.0,9151.1
4336.64,100.0,21903.3,,,,,100.0,100.0,9152.5
4337.64,0.0,21903.3,,,,,0.0,0.0,9152.5
4338.64,100.0,21861.7,,,,,100.0,100.0,9152.7
4339.64,100.0,21820.0,,,,,100.0,100.0,9152.7
4340.64,100.0,21719.8,,,,,100.0,100.0,9152.9
4341.64,0.0,21719.9,,,,,0.0,0.0,9134.0
4342.64,100.0,21761.5,,,,,100.0,100.0,9147.6
4343.64,0.0,21803.0,,,,,0.0,0.0,9135.5
4344.64,100.0,21844.6,,,,,100.0,100.0,9148.9
4345.64,100.0,21844.6,,,,,100.0,100.0,9136.4
4346.64,100.0,21944.6,,,,,100.0,100.0,9151.4
4347.64,0.0,21944.6,,,,,0.0,0.0,9151.4
4348.64,100.0,21903.3,,,,,100.0,100.0,9152.8
4349.64,100.0,21861.7,,,,,100.0,100.0,9152.9
4350.64,100.0,21820.0,,,,,100.0,100.0,9152.9
4351.64,0.0,21820.0,,,,,0.0,0.0,9152.9
4352.64,100.0,21719.9,,,,,100.0,100.0,9147.3
4353.64,0.0,21761.5,,,,,0.0,0.0,9135.9
4354.64,100.0,21803.0,,,,,100.0,100.0,9138.5
4355.64,100.0,21803.0,,,,,100.0,100.0,9141.9
4356.64,100.0,21823.8,,,,,100.0,100.0,9146.9
4357.64,0.0,21878.6,,,,,0.0,0.0,9149.0
4358.64,100.0,21944.6,,,,,100.0,100.0,9151.6
4359.64,100.0,21903.3,,,,,100.0,100.0,9153.0
4360.64,100.0,21861.7,,,,,100.0,100.0,9153.1
4361.64,0.0,21861.7,,,,,0.0,0.0,9153.1
4362.64,100.0,21820.0,,,,,100.0,100.0,9153.2
4363.64,100.0,21719.8,,,,,100.0,100.0,9134.7
4364.64,0.0,21761.5,,,,,0.0,0.0,9147.7
4365.64,100.0,21761.5,,,,,100.0,100.0,9136.1
4366.64,100.0,21803.0,,,,,100.0,100.0,9148.7
4367.64,0.0,21844.6,,,,,0.0,0.0,9142.7
4368.64,100.0,21861.6,,,,,100.0,100.0,9143.9
4369.64,100.0,21944.6,,,,,100.0,100.0,9151.8
4370.64,100.0,21903.3,,,,,100.0,100.0,9153.2
4371.64,0.0,21903.3,,,,,0.0,0.0,9153.2
4372.64,100.0,21861.7,,,,,100.0,100.0,9153.3
4373.64,100.0,21820.0,,,,,100.0,100.0,9153.3
4374.64,100.0,21719.8,,,,,100.0,100.0,9126.9
4375.64,0.0,21719.9,,,,,0.0,0.0,9135.0
4376.65,100.0,21761.5,,,,,100.0,100.0,9147.8
4377.65,0.0,21803.0,,,,,0.0,0.0,9134.5
4378.65,100.0,21844.6,,,,,100.0,100.0,9149.1
4379.65,100.0,21844.6,,,,,100.0,100.0,9135.3
4380.65,100.0,21944.6,,,,,100.0,100.0,9151.9
4381.65,0.0,21944.6,,,,,0.0,0.0,9151.9
4382.65,100.0,21903.3,,,,,100.0,100.0,9153.4
4383.65,100.0,21861.7,,,,,100.0,100.0,9153.6
4384.65,100.0,21820.0,,,,,100.0,100.0,9153.6
4385.65,0.0,21820.0,,,,,0.0,0.0,9153.6
4386.65,100.0,21719.9,,,,,100.0,100.0,9147.9
4387.65,0.0,21761.5,,,,,0.0,0.0,9135.3
4388.65,100.0,21803.0,,,,,100.0,100.0,9139.0
4389.65,100.0,21803.0,,,,,100.0,100.0,9142.2
4390.65,100.0,21823.8,,,,,100.0,100.0,9145.2
4391.65,0.0,21878.6,,,,,0.0,0.0,9149.6
4392.65,100.0,21944.6,,,,,100.0,100.0,9152.3
4393.65,100.0,21903.3,,,,,100.0,100.0,9153.6
4394.65,100.0,21861.7,,,,,100.0,100.0,9153.8
4395.65,0.0,21861.7,,,,,0.0,0.0,9153.8
4396.65,100.0,21820.0,,,,,100.0,100.0,9153.8
4397.65,100.0,21719.8,,,,,100.0,100.0,9136.1
4398.65,0.0,21761.5,,,,,0.0,0.0,9148.2
4399.65,100.0,21761.5,,,,,100.0,100.0,9136.6
4400.65,100.0,21803.0,,,,,100.0,100.0,9149.0
4401.65,0.0,21844.6,,,,,0.0,0.0,9149.9
4402.65,100.0,21878.6,,,,,100.0,100.0,9149.5
4403.65,100.0,21944.6,,,,,100.0,100.0,9152.5
4404.65,100.0,21903.3,,,,,100.0,100.0,9153.9
4405.65,0.0,21903.3,,,,,0.0,0.0,9153.9
4406.65,100.0,21861.7,,,,,100.0,100.0,9154.1
4407.65,100.0,21820.0,,,,,100.0,100.0,9154.1
4408.65,100.0,21719.8,,,,,100.0,100.0,9127.8
4409.65,0.0,21719.9,,,,,0.0,0.0,9136.0
4410.65,100.0,21761.5,,,,,100.0,100.0,9148.8
4411.65,0.0,21803.0,,,,,0.0,0.0,9136.8
4412.65,100.0,21823.8,,,,,100.0,100.0,9147.4
4413.65,100.0,21844.6,,,,,100.0,100.0,9134.8
4414.65,100.0,21944.6,,,,,100.0,100.0,9152.7
4415.65,0.0,21944.6,,,,,0.0,0.0,9152.7
4416.65,100.0,21903.3,,,,,100.0,100.0,9154.0
4417.65,100.0,21861.7,,,,,100.0,100.0,9154.2
4418.65,100.0,21820.0,,,,,100.0,100.0,9154.2
4419.65,0.0,21820.0,,,,,0.0,0.0,9154.2
4420.65,100.0,21719.9,,,,,100.0,100.0,9128.7
4421.65,0.0,21761.5,,,,,0.0,0.0,9136.2
4422.65,100.0,21803.0,,,,,100.0,100.0,9149.7
4423.65,100.0,21803.0,,,,,100.0,100.0,9135.2
4424.65,100.0,21823.8,,,,,100.0,100.0,9146.2
4425.65,0.0,21878.6,,,,,0.0,0.0,9150.2
4426.65,100.0,21944.6,,,,,100.0,100.0,9152.8
4427.65,100.0,21903.3,,,,,100.0,100.0,9154.2
4428.65,100.0,21861.7,,,,,100.0,100.0,9154.4
4429.65,0.0,21861.7,,,,,0.0,0.0,9154.4
4430.65,100.0,21820.0,,,,,100.0,100.0,9154.4
4431.65,100.0,21719.8,,,,,100.0,100.0,9137.2
4432.65,0.0,21761.5,,,,,0.0,0.0,9149.0
4433.65,100.0,21761.5,,,,,100.0,100.0,9137.4
4434.65,100.0,21803.0,,,,,100.0,100.0,9139.8
4435.65,0.0,21844.6,,,,,0.0,0.0,9143.7
4436.65,100.0,21861.6,,,,,100.0,100.0,9148.8
4437.66,100.0,21944.6,,,,,100.0,100.0,9153.1
4438.66,100.0,21903.3,,,,,100.0,100.0,9154.5
4439.66,0.0,21903.3,,,,,0.0,0.0,9154.5
4440.66,100.0,21861.7,,,,,100.0,100.0,9154.6
4441.66,100.0,21820.0,,,,,100.0,100.0,9154.6
4442.66,100.0,21719.8,,,,,100.0,100.0,9154.8
4443.66,0.0,21719.9,,,,,0.0,0.0,9138.7
4444.66,100.0,21761.5,,,,,100.0,100.0,9149.6
4445.66,0.0,21803.0,,,,,0.0,0.0,9138.3
4446.66,100.0,21844.6,,,,,100.0,100.0,9150.7
4447.66,100.0,21844.6,,,,,100.0,100.0,9150.8
4448.66,100.0,21944.6,,,,,100.0,100.0,9153.3
4449.66,0.0,21944.6,,,,,0.0,0.0,9153.3
4450.66,100.0,21903.3,,,,,100.0,100.0,9154.7
4451.66,100.0,21861.7,,,,,100.0,100.0,9154.9
4452.66,100.0,21820.0,,,,,100.0,100.0,9154.9
4453.66,0.0,21820.0,,,,,0.0,0.0,9154.9
4454.66,100.0,21719.9,,,,,100.0,100.0,9130.1
4455.66,0.0,21761.5,,,,,0.0,0.0,9139.4
4456.66,100.0,21803.0,,,,,100.0,100.0,9150.1
4457.66,100.0,21803.0,,,,,100.0,100.0,9137.3
4458.66,100.0,21844.6,,,,,100.0,100.0,9151.2
4459.66,0.0,21878.6,,,,,0.0,0.0,9151.2
4460.66,100.0,21944.6,,,,,100.0,100.0,9153.8
4461.66,100.0,21903.3,,,,,100.0,100.0,9155.2
4462.66,100.0,21861.7,,,,,100.0,100.0,9155.4
4463.66,0.0,21861.7,,,,,0.0,0.0,9155.4
4464.66,100.0,21820.0,,,,,100.0,100.0,9155.4
4465.66,100.0,21719.8,,,,,100.0,100.0,9138.4
4466.66,0.0,21761.5,,,,,0.0,0.0,9150.0
4467.66,100.0,21761.5,,,,,100.0,100.0,9143.2
4468.66,100.0,21803.0,,,,,100.0,100.0,9140.4
4469.66,0.0,21844.6,,,,,0.0,0.0,9137.5
4470.66,100.0,21861.6,,,,,100.0,100.0,9149.3
4471.66,100.0,21944.6,,,,,100.0,100.0,9153.7
4472.66,100.0,21903.3,,,,,100.0,100.0,9155.1
4473.66,0.0,21903.3,,,,,0.0,0.0,9155.1
4474.66,100.0,21861.7,,,,,100.0,100.0,9155.3
4475.66,100.0,21820.0,,,,,100.0,100.0,9155.3
4476.66,100.0,21719.8,,,,,100.0,100.0,9155.5
4477.66,0.0,21719.9,,,,,0.0,0.0,9139.5
4478.66,100.0,21761.5,,,,,100.0,100.0,9150.0
4479.66,0.0,21803.0,,,,,0.0,0.0,9138.5
4480.66,100.0,21844.6,,,,,100.0,100.0,9151.3
4481.66,100.0,21844.6,,,,,100.0,100.0,9151.3
4482.66,100.0,21944.6,,,,,100.0,100.0,9154.0
4483.66,0.0,21944.6,,,,,0.0,0.0,9154.0
4484.66,100.0,21903.3,,,,,100.0,100.0,9155.4
4485.66,100.0,21861.7,,,,,100.0,100.0,9155.6
4486.66,100.0,21820.0,,,,,100.0,100.0,9155.6
4487.66,0.0,21820.0,,,,,0.0,0.0,9155.6
4488.66,100.0,21719.9,,,,,100.0,100.0,9130.7
4489.66,0.0,21761.5,,,,,0.0,0.0,9140.3
4490.66,100.0,21803.0,,,,,100.0,100.0,9150.8
4491.66,100.0,21803.0,,,,,100.0,100.0,9141.5
4492.66,100.0,21844.6,,,,,100.0,100.0,9152.1
4493.66,0.0,21878.6,,,,,0.0,0.0,9151.4
4494.66,100.0,21944.6,,,,,100.0,100.0,9154.1
4495.66,100.0,21903.3,,,,,100.0,100.0,9155.5
4496.66,100.0,21861.7,,,,,100.0,100.0,9155.7
4497.66,0.0,21861.7,,,,,0.0,0.0,9155.7
4498.66,100.0,21820.0,,,,,100.0,100.0,9155.7
4499.66,100.0,21719.8,,,,,100.0,100.0,9137.6
4500.66,0.0,21761.5,,,,,0.0,0.0,9130.6
4501.66,100.0,21761.5,,,,,100.0,100.0,9137.1
4502.66,100.0,21803.0,,,,,100.0,100.0,9130.0
4503.66,0.0,21844.6,,,,,0.0,0.0,9137.4
4504.66,100.0,21861.6,,,,,100.0,100.0,9149.5
4505.66,100.0,21944.6,,,,,100.0,100.0,9154.4
4506.66,100.0,21903.3,,,,,100.0,100.0,9155.8
4507.66,0.0,21903.3,,,,,0.0,0.0,9155.8
4508.66,100.0,21861.7,,,,,100.0,100.0,9156.0
4509.67,100.0,21820.0,,,,,100.0,100.0,9156.0
4510.67,100.0,21719.8,,,,,100.0,100.0,9156.1
4511.67,0.0,21719.9,,,,,0.0,0.0,9139.9
4512.67,100.0,21761.5,,,,,100.0,100.0,9150.7
4513.67,0.0,21803.0,,,,,0.0,0.0,9139.8
4514.67,100.0,21844.6,,,,,100.0,100.0,9142.2
4515.67,100.0,21844.6,,,,,100.0,100.0,9145.3
4516.67,100.0,21944.6,,,,,100.0,100.0,9154.6
4517.67,0.0,21944.6,,,,,0.0,0.0,9154.6
4518.67,100.0,21903.3,,,,,100.0,100.0,9156.0
4519.67,100.0,21861.7,,,,,100.0,100.0,9156.2
4520.67,100.0,21820.0,,,,,100.0,100.0,9156.2
4521.67,0.0,21820.0,,,,,0.0,0.0,9156.2
4522.67,100.0,21719.9,,,,,100.0,100.0,9150.4
4523.67,0.0,21761.5,,,,,0.0,0.0,9138.4
4524.67,100.0,21803.0,,,,,100.0,100.0,9151.5
4525.67,100.0,21803.0,,,,,100.0,100.0,9137.9
4526.67,100.0,21823.8,,,,,100.0,100.0,9148.9
4527.67,0.0,21878.6,,,,,0.0,0.0,9152.3
4528.67,100.0,21944.6,,,,,100.0,100.0,9155.0
4529.67,100.0,21903.3,,,,,100.0,100.0,9156.2
4530.67,100.0,21861.7,,,,,100.0,100.0,9156.3
4531.67,0.0,21861.7,,,,,0.0,0.0,9156.3
4532.67,100.0,21820.0,,,,,100.0,100.0,9156.4
4533.67,100.0,21719.8,,,,,100.0,100.0,9137.7
4534.67,0.0,21761.5,,,,,0.0,0.0,9132.2
4535.67,100.0,21761.5,,,,,100.0,100.0,9140.0
4536.67,100.0,21803.0,,,,,100.0,100.0,9152.1
4537.67,0.0,21844.6,,,,,0.0,0.0,9139.7
4538.67,100.0,21878.6,,,,,100.0,100.0,9152.2
4539.67,100.0,21944.6,,,,,100.0,100.0,9155.1
4540.67,100.0,21903.3,,,,,100.0,100.0,9156.5
4541.67,0.0,21903.3,,,,,0.0,0.0,9156.5
4542.67,100.0,21861.7,,,,,100.0,100.0,9156.6
4543.67,100.0,21820.0,,,,,100.0,100.0,9156.7
4544.67,100.0,21719.8,,,,,100.0,100.0,9156.8
4545.67,0.0,21719.9,,,,,0.0,0.0,9139.7
4546.67,100.0,21761.5,,,,,100.0,100.0,9151.9
4547.67,0.0,21803.0,,,,,0.0,0.0,9146.5
4548.67,100.0,21823.8,,,,,100.0,100.0,9141.0
4549.67,100.0,21844.6,,,,,100.0,100.0,9146.6
4550.67,100.0,21944.6,,,,,100.0,100.0,9155.6
4551.67,0.0,21944.6,,,,,0.0,0.0,9155.6
4552.67,100.0,21903.3,,,,,100.0,100.0,9157.0
4553.67,100.0,21861.7,,,,,100.0,100.0,9157.2
4554.67,100.0,21820.0,,,,,100.0,100.0,9157.2
4555.67,0.0,21820.0,,,,,0.0,0.0,9157.2
4556.67,100.0,21719.9,,,,,100.0,100.0,9151.6
4557.67,0.0,21761.5,,,,,0.0,0.0,9142.0
4558.67,100.0,21803.0,,,,,100.0,100.0,9152.2
4559.67,100.0,21803.0,,,,,100.0,100.0,9141.2
4560.67,100.0,21844.6,,,,,100.0,100.0,9143.6
4561.67,0.0,21878.6,,,,,0.0,0.0,9152.9
4562.67,100.0,21944.6,,,,,100.0,100.0,9155.6
4563.67,100.0,21903.3,,,,,100.0,100.0,9156.9
4564.67,100.0,21861.7,,,,,100.0,100.0,9157.1
4565.67,0.0,21861.7,,,,,0.0,0.0,9157.1
4566.67,100.0,21820.0,,,,,100.0,100.0,9157.1
4567.67,100.0,21719.8,,,,,100.0,100.0,9138.7
4568.67,0.0,21761.5,,,,,0.0,0.0,9131.9
4569.67,100.0,21761.5,,,,,100.0,100.0,9138.1
4570.67,100.0,21803.0,,,,,100.0,100.0,9152.1
4571.67,0.0,21844.6,,,,,0.0,0.0,9139.0
4572.67,100.0,21861.6,,,,,100.0,100.0,9148.0
4573.67,100.0,21944.6,,,,,100.0,100.0,9155.6
4574.67,100.0,21903.3,,,,,100.0,100.0,9157.1
4575.67,0.0,21903.3,,,,,0.0,0.0,9157.1
4576.67,100.0,21861.7,,,,,100.0,100.0,9157.3
4577.67,100.0,21820.0,,,,,100.0,100.0,9157.3
4578.67,100.0,21719.8,,,,,100.0,100.0,9157.5
4579.68,0.0,21719.9,,,,,0.0,0.0,9141.2
4580.68,100.0,21761.5,,,,,100.0,100.0,9142.4
4581.68,0.0,21803.0,,,,,0.0,0.0,9139.5
4582.68,100.0,21844.6,,,,,100.0,100.0,9133.3
4583.68,100.0,21844.6,,,,,100.0,100.0,9139.3
4584.68,100.0,21944.6,,,,,100.0,100.0,9155.9
4585.68,0.0,21944.6,,,,,0.0,0.0,9155.9
4586.68,100.0,21903.3,,,,,100.0,100.0,9157.3
4587.68,100.0,21861.7,,,,,100.0,100.0,9157.5
4588.68,100.0,21820.0,,,,,100.0,100.0,9157.6
4589.68,0.0,21820.0,,,,,0.0,0.0,9157.6
4590.68,100.0,21719.9,,,,,100.0,100.0,9152.0
4591.68,0.0,21761.5,,,,,0.0,0.0,9141.0
4592.68,100.0,21803.0,,,,,100.0,100.0,9152.8
4593.68,100.0,21803.0,,,,,100.0,100.0,9140.2
4594.68,100.0,21844.6,,,,,100.0,100.0,9153.6
4595.68,0.0,21878.6,,,,,0.0,0.0,9153.6
4596.68,100.0,21944.6,,,,,100.0,100.0,9156.2
4597.68,100.0,21903.3,,,,,100.0,100.0,9157.7
4598.68,100.0,21861.7,,,,,100.0,100.0,9157.9
4599.68,0.0,21861.7,,,,,0.0,0.0,9157.9
4600.68,100.0,21820.0,,,,,100.0,100.0,9157.9
4601.68,100.0,21719.8,,,,,100.0,100.0,9139.3
4602.68,0.0,21761.5,,,,,0.0,0.0,9152.3
4603.68,100.0,21761.5,,,,,100.0,100.0,9139.3
4604.68,100.0,21803.0,,,,,100.0,100.0,9153.3
4605.68,0.0,21844.6,,,,,0.0,0.0,9140.5
4606.68,100.0,21861.6,,,,,100.0,100.0,9149.8
4607.68,100.0,21944.6,,,,,100.0,100.0,9156.8
4608.68,100.0,21903.3,,,,,100.0,100.0,9158.2
4609.68,0.0,21903.3,,,,,0.0,0.0,9158.2
4610.68,100.0,21861.7,,,,,100.0,100.0,9158.4
4611.68,100.0,21820.0,,,,,100.0,100.0,9158.4
4612.68,100.0,21719.8,,,,,100.0,100.0,9158.6
4613.68,0.0,21719.9,,,,,0.0,0.0,9139.5
4614.68,100.0,21761.5,,,,,100.0,100.0,9132.6
4615.68,0.0,21803.0,,,,,0.0,0.0,9140.4
4616.68,100.0,21844.6,,,,,100.0,100.0,9154.5
4617.68,100.0,21844.6,,,,,100.0,100.0,9139.2
4618.68,100.0,21944.6,,,,,100.0,100.0,9157.0
4619.68,0.0,21944.6,,,,,0.0,0.0,9157.0
4620.68,100.0,21903.3,,,,,100.0,100.0,9158.4
4621.68,100.0,21861.7,,,,,100.0,100.0,9158.5
4622.68,100.0,21820.0,,,,,100.0,100.0,9158.5
4623.68,0.0,21820.0,,,,,0.0,0.0,9158.5
4624.68,100.0,21719.9,,,,,100.0,100.0,9152.9
4625.68,0.0,21761.5,,,,,0.0,0.0,9141.3
4626.68,100.0,21803.0,,,,,100.0,100.0,9153.5
4627.68,100.0,21803.0,,,,,100.0,100.0,9153.6
4628.68,100.0,21844.6,,,,,100.0,100.0,9154.2
4629.68,0.0,21878.6,,,,,0.0,0.0,9154.3
4630.68,100.0,21944.6,,,,,100.0,100.0,9156.9
4631.68,100.0,21903.3,,,,,100.0,100.0,9158.3
4632.68,100.0,21861.7,,,,,100.0,100.0,9158.5
4633.68,0.0,21861.7,,,,,0.0,0.0,9158.5
4634.68,100.0,21820.0,,,,,100.0,100.0,9158.5
4635.68,100.0,21719.8,,,,,100.0,100.0,9140.4
4636.68,0.0,21761.5,,,,,0.0,0.0,9153.0
4637.68,100.0,21761.5,,,,,100.0,100.0,9140.4
4638.68,100.0,21803.0,,,,,100.0,100.0,9153.6
4639.68,0.0,21844.6,,,,,0.0,0.0,9140.7
4640.68,100.0,21861.6,,,,,100.0,100.0,9150.8
4641.68,100.0,21944.6,,,,,100.0,100.0,9157.0
4642.68,100.0,21903.3,,,,,100.0,100.0,9158.4
4643.68,0.0,21903.3,,,,,0.0,0.0,9158.4
4644.68,100.0,21861.7,,,,,100.0,100.0,9158.6
4645.68,100.0,21820.0,,,,,100.0,100.0,9158.6
4646.68,100.0,21719.8,,,,,100.0,100.0,9154.1
4647.68,0.0,21719.9,,,,,0.0,0.0,9140.3
4648.68,100.0,21761.5,,,,,100.0,100.0,9133.4
4649.68,0.0,21803.0,,,,,0.0,0.0,9139.8
4650.69,100.0,21823.8,,,,,100.0,100.0,9152.6
4651.69,100.0,21844.6,,,,,100.0,100.0,9139.7
4652.69,100.0,21944.6,,,,,100.0,100.0,9157.7
4653.69,0.0,21944.6,,,,,0.0,0.0,9157.7
4654.69,100.0,21903.3,,,,,100.0,100.0,9159.1
4655.69,100.0,21861.7,,,,,100.0,100.0,9159.3
4656.69,100.0,21820.0,,,,,100.0,100.0,9159.3
4657.69,0.0,21820.0,,,,,0.0,0.0,9159.3
4658.69,100.0,21719.9,,,,,100.0,100.0,9153.5
4659.69,0.0,21761.5,,,,,0.0,0.0,9142.8
4660.69,100.0,21803.0,,,,,100.0,100.0,9154.3
4661.69,100.0,21803.0,,,,,100.0,100.0,9147.9
4662.69,100.0,21844.6,,,,,100.0,100.0,9144.8
4663.69,0.0,21878.6,,,,,0.0,0.0,9155.1
4664.69,100.0,21944.6,,,,,100.0,100.0,9157.6
4665.69,100.0,21903.3,,,,,100.0,100.0,9159.0
4666.69,100.0,21861.7,,,,,100.0,100.0,9159.2
4667.69,0.0,21861.7,,,,,0.0,0.0,9159.2
4668.69,100.0,21820.0,,,,,100.0,100.0,9159.2
4669.69,100.0,21719.8,,,,,100.0,100.0,9141.6
4670.69,0.0,21761.5,,,,,0.0,0.0,9154.1
4671.69,100.0,21761.5,,,,,100.0,100.0,9144.0
4672.69,100.0,21803.0,,,,,100.0,100.0,9155.3
4673.69,0.0,21844.6,,,,,0.0,0.0,9144.2
4674.69,100.0,21878.6,,,,,100.0,100.0,9155.0
4675.69,100.0,21944.6,,,,,100.0,100.0,9157.8
4676.69,100.0,21903.3,,,,,100.0,100.0,9159.2
4677.69,0.0,21903.3,,,,,0.0,0.0,9159.2
4678.69,100.0,21861.7,,,,,100.0,100.0,9159.4
4679.69,100.0,21820.0,,,,,100.0,100.0,9159.4
4680.69,100.0,21719.8,,,,,100.0,100.0,9133.6
4681.69,0.0,21719.9,,,,,0.0,0.0,9143.5
4682.69,100.0,21761.5,,,,,100.0,100.0,9154.0
4683.69,0.0,21803.0,,,,,0.0,0.0,9154.8
4684.69,100.0,21803.0,,,,,100.0,100.0,9143.0
4685.69,100.0,21844.6,,,,,100.0,100.0,9154.3
4686.69,100.0,21944.6,,,,,100.0,100.0,9156.8
4687.69,0.0,21944.6,,,,,0.0,0.0,9156.8
4688.69,100.0,21903.3,,,,,100.0,100.0,9158.2
4689.69,100.0,21861.7,,,,,100.0,100.0,9158.4
4690.69,100.0,21820.0,,,,,100.0,100.0,9158.4
4691.69,0.0,21820.0,,,,,0.0,0.0,9158.4
4692.69,100.0,21719.9,,,,,100.0,100.0,9152.8
4693.69,0.0,21761.5,,,,,0.0,0.0,9143.4
4694.69,100.0,21803.0,,,,,100.0,100.0,9135.8
4695.69,100.0,21803.0,,,,,100.0,100.0,9142.0
4696.69,100.0,21823.8,,,,,100.0,100.0,9153.0
4697.69,0.0,21878.6,,,,,0.0,0.0,9154.8
4698.69,100.0,21944.6,,,,,100.0,100.0,9157.4
4699.69,100.0,21903.3,,,,,100.0,100.0,9158.8
4700.69,100.0,21861.7,,,,,100.0,100.0,9159.0
4701.69,0.0,21861.7,,,,,0.0,0.0,9159.0
4702.69,100.0,21820.0,,,,,100.0,100.0,9159.0
4703.69,100.0,21719.8,,,,,100.0,100.0,9143.4
4704.69,0.0,21761.5,,,,,0.0,0.0,9153.6
4705.69,100.0,21761.5,,,,,100.0,100.0,9146.3
4706.69,100.0,21803.0,,,,,100.0,100.0,9146.0
4707.69,0.0,21844.6,,,,,0.0,0.0,9150.2
4708.69,100.0,21878.6,,,,,100.0,100.0,9154.8
4709.69,100.0,21944.6,,,,,100.0,100.0,9157.8
4710.69,100.0,21903.3,,,,,100.0,100.0,9159.1
4711.69,0.0,21903.3,,,,,0.0,0.0,9159.1
4712.69,100.0,21861.7,,,,,100.0,100.0,9159.3
4713.69,100.0,21820.0,,,,,100.0,100.0,9159.3
4714.69,100.0,21719.8,,,,,100.0,100.0,9135.8
4715.69,0.0,21719.9,,,,,0.0,0.0,9143.9
4716.69,100.0,21761.5,,,,,100.0,100.0,9153.9
4717.69,0.0,21803.0,,,,,0.0,0.0,9143.8
4718.69,100.0,21844.6,,,,,100.0,100.0,9155.4
4719.69,100.0,21844.6,,,,,100.0,100.0,9143.6
4720.7,100.0,21944.6,,,,,100.0,100.0,9158.1
4721.7,0.0,21944.6,,,,,0.0,0.0,9158.1
4722.7,100.0,21903.3,,,,,100.0,100.0,9159.4
4723.7,100.0,21861.7,,,,,100.0,100.0,9159.6
4724.7,100.0,21820.0,,,,,100.0,100.0,9159.6
4725.7,0.0,21820.0,,,,,0.0,0.0,9159.6
4726.7,100.0,21719.9,,,,,100.0,100.0,9136.5
4727.7,0.0,21761.5,,,,,0.0,0.0,9144.7
4728.7,100.0,21803.0,,,,,100.0,100.0,9136.5
4729.7,100.0,21803.0,,,,,100.0,100.0,9142.3
4730.7,100.0,21844.6,,,,,100.0,100.0,9155.5
4731.7,0.0,21878.6,,,,,0.0,0.0,9155.6
4732.7,100.0,21944.6,,,,,100.0,100.0,9158.3
4733.7,100.0,21903.3,,,,,100.0,100.0,9159.7
4734.7,100.0,21861.7,,,,,100.0,100.0,9159.8
4735.7,0.0,21861.7,,,,,0.0,0.0,9159.8
4736.7,100.0,21820.0,,,,,100.0,100.0,9159.8
4737.7,100.0,21719.8,,,,,100.0,100.0,9145.5
4738.7,0.0,21761.5,,,,,0.0,0.0,9154.3
4739.7,100.0,21761.5,,,,,100.0,100.0,9144.8
4740.7,100.0,21803.0,,,,,100.0,100.0,9146.8
4741.7,0.0,21844.6,,,,,0.0,0.0,9151.1
4742.7,100.0,21878.6,,,,,100.0,100.0,9155.7
4743.7,100.0,21944.6,,,,,100.0,100.0,9158.5
4744.7,100.0,21903.3,,,,,100.0,100.0,9159.8
4745.7,0.0,21903.3,,,,,0.0,0.0,9159.8
4746.7,100.0,21861.7,,,,,100.0,100.0,9160.0
4747.7,100.0,21820.0,,,,,100.0,100.0,9160.0
4748.7,100.0,21719.8,,,,,100.0,100.0,9136.5
4749.7,0.0,21719.9,,,,,0.0,0.0,9146.7
4750.7,100.0,21761.5,,,,,100.0,100.0,9154.7
4751.7,0.0,21803.0,,,,,0.0,0.0,9144.8
4752.7,100.0,21844.6,,,,,100.0,100.0,9156.2
4753.7,100.0,21844.6,,,,,100.0,100.0,9144.5
4754.7,100.0,21944.6,,,,,100.0,100.0,9158.7
4755.7,0.0,21944.6,,,,,0.0,0.0,9158.7
4756.7,100.0,21903.3,,,,,100.0,100.0,9160.2
4757.7,100.0,21861.7,,,,,100.0,100.0,9160.3
4758.7,100.0,21820.0,,,,,100.0,100.0,9160.3
4759.7,0.0,21820.0,,,,,0.0,0.0,9160.3
4760.7,100.0,21719.9,,,,,100.0,100.0,9140.2
4761.7,0.0,21761.5,,,,,0.0,0.0,9147.7
4762.7,100.0,21803.0,,,,,100.0,100.0,9155.7
4763.7,100.0,21803.0,,,,,100.0,100.0,9145.1
4764.7,100.0,21844.6,,,,,100.0,100.0,9156.5
4765.7,0.0,21878.6,,,,,0.0,0.0,9156.3
4766.7,100.0,21944.6,,,,,100.0,100.0,9159.0
4767.7,100.0,21903.3,,,,,100.0,100.0,9160.4
4768.7,100.0,21861.7,,,,,100.0,100.0,9160.6
4769.7,0.0,21861.7,,,,,0.0,0.0,9160.6
4770.7,100.0,21820.0,,,,,100.0,100.0,9160.6
4771.7,100.0,21719.8,,,,,100.0,100.0,9147.9
4772.7,0.0,21761.5,,,,,0.0,0.0,9147.5
4773.7,100.0,21761.5,,,,,100.0,100.0,9144.3
4774.7,100.0,21803.0,,,,,100.0,100.0,9147.2
4775.7,0.0,21844.6,,,,,0.0,0.0,9144.5
4776.7,100.0,21878.6,,,,,100.0,100.0,9156.4
4777.7,100.0,21944.6,,,,,100.0,100.0,9159.4
4778.7,100.0,21903.3,,,,,100.0,100.0,9160.8
4779.7,0.0,21903.3,,,,,0.0,0.0,9160.8
4780.7,100.0,21861.7,,,,,100.0,100.0,9161.0
4781.7,100.0,21820.0,,,,,100.0,100.0,9161.0
4782.7,100.0,21719.8,,,,,100.0,100.0,9161.1
4783.7,0.0,21719.9,,,,,0.0,0.0,9149.2
4784.7,100.0,21761.5,,,,,100.0,100.0,9155.8
4785.7,0.0,21803.0,,,,,0.0,0.0,9147.9
4786.71,100.0,21844.6,,,,,100.0,100.0,9157.0
4787.71,100.0,21844.6,,,,,100.0,100.0,9146.9
4788.71,100.0,21944.6,,,,,100.0,100.0,9159.7
4789.71,0.0,21944.6,,,,,0.0,0.0,9159.7
4790.71,100.0,21903.3,,,,,100.0,100.0,9161.0
4791.71,100.0,21861.7,,,,,100.0,100.0,9161.1
4792.71,100.0,21820.0,,,,,100.0,100.0,9161.2
4793.71,0.0,21820.0,,,,,0.0,0.0,9161.2
4794.71,100.0,21719.9,,,,,100.0,100.0,9141.5
4795.71,0.0,21761.5,,,,,0.0,0.0,9146.8
4796.71,100.0,21803.0,,,,,100.0,100.0,9156.5
4797.71,100.0,21803.0,,,,,100.0,100.0,9146.1
4798.71,100.0,21844.6,,,,,100.0,100.0,9157.4
4799.71,0.0,21878.6,,,,,0.0,0.0,9157.4
4800.71,100.0,21944.6,,,,,100.0,100.0,9160.1
4801.71,100.0,21903.3,,,,,100.0,100.0,9161.3
4802.71,100.0,21861.7,,,,,100.0,100.0,9161.4
4803.71,0.0,21861.7,,,,,0.0,0.0,9161.4
4804.71,100.0,21820.0,,,,,100.0,100.0,9161.5
4805.71,100.0,21719.8,,,,,100.0,100.0,9149.4
4806.71,0.0,21761.5,,,,,0.0,0.0,9141.3
4807.71,100.0,21761.5,,,,,100.0,100.0,9147.6
4808.71,100.0,21803.0,,,,,100.0,100.0,9139.5
4809.71,0.0,21844.6,,,,,0.0,0.0,9145.7
4810.71,100.0,21861.6,,,,,100.0,100.0,9155.0
4811.71,100.0,21944.6,,,,,100.0,100.0,9160.3
4812.71,100.0,21903.3,,,,,100.0,100.0,9161.6
4813.71,0.0,21903.3,,,,,0.0,0.0,9161.6
4814.71,100.0,21861.7,,,,,100.0,100.0,9161.7
4815.71,100.0,21820.0,,,,,100.0,100.0,9161.8
4816.71,100.0,21719.8,,,,,100.0,100.0,9162.0
4817.71,0.0,21719.9,,,,,0.0,0.0,9152.3
4818.71,100.0,21761.5,,,,,100.0,100.0,9156.4
4819.71,0.0,21803.0,,,,,0.0,0.0,9148.8
4820.71,100.0,21844.6,,,,,100.0,100.0,9149.9
4821.71,100.0,21844.6,,,,,100.0,100.0,9153.3
4822.71,100.0,21944.6,,,,,100.0,100.0,9160.4
4823.71,0.0,21944.6,,,,,0.0,0.0,9160.4
4824.71,100.0,21903.3,,,,,100.0,100.0,9161.8
4825.71,100.0,21861.7,,,,,100.0,100.0,9162.0
4826.71,100.0,21820.0,,,,,100.0,100.0,9162.0
4827.71,0.0,21820.0,,,,,0.0,0.0,9162.0
4828.71,100.0,21719.9,,,,,100.0,100.0,9142.0
4829.71,0.0,21761.5,,,,,0.0,0.0,9149.6
4830.71,100.0,21803.0,,,,,100.0,100.0,9157.3
4831.71,100.0,21803.0,,,,,100.0,100.0,9147.5
4832.71,100.0,21844.6,,,,,100.0,100.0,9158.1
4833.71,0.0,21878.6,,,,,0.0,0.0,9158.0
4834.71,100.0,21944.6,,,,,100.0,100.0,9160.6
4835.71,100.0,21903.3,,,,,100.0,100.0,9162.0
4836.71,100.0,21861.7,,,,,100.0,100.0,9162.2
4837.71,0.0,21861.7,,,,,0.0,0.0,9162.2
4838.71,100.0,21820.0,,,,,100.0,100.0,9162.2
4839.71,100.0,21719.8,,,,,100.0,100.0,9151.1
4840.71,0.0,21761.5,,,,,0.0,0.0,9143.6
4841.71,100.0,21761.5,,,,,100.0,100.0,9152.3
4842.71,100.0,21803.0,,,,,100.0,100.0,9143.6
4843.71,0.0,21844.6,,,,,0.0,0.0,9150.7
4844.71,100.0,21878.6,,,,,100.0,100.0,9158.0
4845.71,100.0,21944.6,,,,,100.0,100.0,9160.8
4846.71,100.0,21903.3,,,,,100.0,100.0,9162.2
4847.71,0.0,21903.3,,,,,0.0,0.0,9162.2
4848.71,100.0,21861.7,,,,,100.0,100.0,9162.4
4849.71,100.0,21820.0,,,,,100.0,100.0,9162.4
4850.71,100.0,21719.8,,,,,100.0,100.0,9162.6
4851.71,0.0,21719.9,,,,,0.0,0.0,9153.0
4852.71,100.0,21761.5,,,,,100.0,100.0,9149.8
4853.71,0.0,21803.0,,,,,0.0,0.0,9150.1
4854.71,100.0,21844.6,,,,,100.0,100.0,9142.2
4855.71,100.0,21844.6,,,,,100.0,100.0,9149.2
4856.71,100.0,21944.6,,,,,100.0,100.0,9161.1
4857.71,0.0,21944.6,,,,,0.0,0.0,9161.1
4858.72,100.0,21903.3,,,,,100.0,100.0,9162.5
4859.72,100.0,21861.7,,,,,100.0,100.0,9162.7
4860.72,100.0,21820.0,,,,,100.0,100.0,9162.7
4861.72,0.0,21820.0,,,,,0.0,0.0,9162.7
4862.72,100.0,21719.9,,,,,100.0,100.0,9157.0
4863.72,0.0,21761.5,,,,,0.0,0.0,9153.6
4864.72,100.0,21803.0,,,,,100.0,100.0,9157.9
4865.72,100.0,21803.0,,,,,100.0,100.0,9150.5
4866.72,100.0,21844.6,,,,,100.0,100.0,9158.8
4867.72,0.0,21878.6,,,,,0.0,0.0,9158.9
4868.72,100.0,21944.6,,,,,100.0,100.0,9161.5
4869.72,100.0,21903.3,,,,,100.0,100.0,9162.8
4870.72,100.0,21861.7,,,,,100.0,100.0,9163.0
4871.72,0.0,21861.7,,,,,0.0,0.0,9163.0
4872.72,100.0,21820.0,,,,,100.0,100.0,9163.0
4873.72,100.0,21719.8,,,,,100.0,100.0,9153.4
4874.72,0.0,21761.5,,,,,0.0,0.0,9143.7
4875.72,100.0,21761.5,,,,,100.0,100.0,9151.6
4876.72,100.0,21803.0,,,,,100.0,100.0,9158.2
4877.72,0.0,21844.6,,,,,0.0,0.0,9148.2
4878.72,100.0,21878.6,,,,,100.0,100.0,9158.7
4879.72,100.0,21944.6,,,,,100.0,100.0,9161.7
4880.72,100.0,21903.3,,,,,100.0,100.0,9162.9
4881.72,0.0,21903.3,,,,,0.0,0.0,9162.9
4882.72,100.0,21861.7,,,,,100.0,100.0,9163.1
4883.72,100.0,21820.0,,,,,100.0,100.0,9163.1
4884.72,100.0,21719.8,,,,,100.0,100.0,9163.3
4885.72,0.0,21740.7,,,,,0.0,0.0,9156.5
4886.72,100.0,21761.5,,,,,100.0,100.0,9143.5
4887.72,0.0,21803.0,,,,,0.0,0.0,9151.2
4888.72,100.0,21844.6,,,,,100.0,100.0,9142.5
4889.72,100.0,21844.6,,,,,100.0,100.0,9148.1
4890.72,100.0,21944.6,,,,,100.0,100.0,9161.8
4891.72,0.0,21944.6,,,,,0.0,0.0,9161.8
4892.72,100.0,21903.3,,,,,100.0,100.0,9163.2
4893.72,100.0,21861.7,,,,,100.0,100.0,9163.3
4894.72,100.0,21820.0,,,,,100.0,100.0,9163.3
4895.72,0.0,21820.0,,,,,0.0,0.0,9163.3
4896.72,100.0,21719.9,,,,,100.0,100.0,9157.7
4897.72,0.0,21761.5,,,,,0.0,0.0,9152.3
4898.72,100.0,21803.0,,,,,100.0,100.0,9158.7
4899.72,100.0,21803.0,,,,,100.0,100.0,9151.5
4900.72,100.0,21844.6,,,,,100.0,100.0,9152.4
4901.72,0.0,21878.6,,,,,0.0,0.0,9159.4
4902.72,100.0,21944.6,,,,,100.0,100.0,9162.0
4903.72,100.0,21903.3,,,,,100.0,100.0,9163.4
4904.72,100.0,21861.7,,,,,100.0,100.0,9163.6
4905.72,0.0,21861.7,,,,,0.0,0.0,9163.6
4906.72,100.0,21820.0,,,,,100.0,100.0,9163.6
4907.72,100.0,21685.8,,,,,100.0,100.0,9155.7
4908.72,0.0,21761.5,,,,,0.0,0.0,9144.8
4909.72,100.0,21782.3,,,,,100.0,100.0,9156.1
4910.72,100.0,21803.0,,,,,100.0,100.0,9158.9
4911.72,0.0,21844.6,,,,,0.0,0.0,9150.8
4912.72,100.0,21878.6,,,,,100.0,100.0,9159.6
4913.72,100.0,21944.6,,,,,100.0,100.0,9162.3
4914.72,100.0,21903.3,,,,,100.0,100.0,9163.6
4915.72,0.0,21903.3,,,,,0.0,0.0,9163.6
4916.72,100.0,21861.7,,,,,100.0,100.0,9163.8
4917.72,100.0,21820.0,,,,,100.0,100.0,9163.8
4918.72,100.0,21719.8,,,,,100.0,100.0,9142.6
4919.72,0.0,21740.7,,,,,0.0,0.0,9156.2
4920.72,100.0,21761.5,,,,,100.0,100.0,9144.4
4921.72,0.0,21803.0,,,,,0.0,0.0,9153.3
4922.72,100.0,21844.6,,,,,100.0,100.0,9145.0
4923.72,100.0,21844.6,,,,,100.0,100.0,9151.8
4924.72,100.0,21944.6,,,,,100.0,100.0,9162.6
4925.72,0.0,21944.6,,,,,0.0,0.0,9162.6
4926.72,100.0,21903.3,,,,,100.0,100.0,9163.9
4927.72,100.0,21861.7,,,,,100.0,100.0,9164.0
4928.73,100.0,21820.0,,,,,100.0,100.0,9164.1
4929.73,0.0,21820.0,,,,,0.0,0.0,9164.1
4930.73,100.0,21719.9,,,,,100.0,100.0,9158.6
4931.73,0.0,21803.0,,,,,0.0,0.0,9159.2
4932.73,100.0,21803.0,,,,,100.0,100.0,9145.1
4933.73,100.0,21803.0,,,,,100.0,100.0,9152.3
4934.73,100.0,21844.6,,,,,100.0,100.0,9142.4
4935.73,0.0,21878.6,,,,,0.0,0.0,9160.2
4936.73,100.0,21944.6,,,,,100.0,100.0,9162.8
4937.73,100.0,21903.3,,,,,100.0,100.0,9164.1
4938.73,100.0,21861.7,,,,,100.0,100.0,9164.3
4939.73,0.0,21861.7,,,,,0.0,0.0,9164.3
4940.73,100.0,21820.0,,,,,100.0,100.0,9164.3
4941.73,100.0,21719.9,,,,,100.0,100.0,9158.3
4942.73,0.0,21761.5,,,,,0.0,0.0,9159.0
4943.73,100.0,21782.3,,,,,100.0,100.0,9156.0
4944.73,100.0,21803.0,,,,,100.0,100.0,9152.6
4945.73,0.0,21844.6,,,,,0.0,0.0,9153.9
4946.73,100.0,21878.6,,,,,100.0,100.0,9160.4
4947.73,100.0,21944.6,,,,,100.0,100.0,9163.0
4948.73,100.0,21903.3,,,,,100.0,100.0,9164.3
4949.73,0.0,21903.3,,,,,0.0,0.0,9164.3
4950.73,100.0,21861.7,,,,,100.0,100.0,9164.5
4951.73,100.0,21820.0,,,,,100.0,100.0,9164.5
4952.73,100.0,21719.8,,,,,100.0,100.0,9143.9
4953.73,0.0,21740.7,,,,,0.0,0.0,9156.9
4954.73,100.0,21761.5,,,,,100.0,100.0,9145.6
4955.73,100.0,21761.5,,,,,100.0,100.0,9153.2
4956.73,0.0,21844.6,,,,,0.0,0.0,9160.6
4957.73,100.0,21844.6,,,,,100.0,100.0,9151.1
4958.73,100.0,21944.6,,,,,100.0,100.0,9163.3
4959.73,100.0,21903.1,,,,,100.0,100.0,9164.4
4960.73,0.0,21903.3,,,,,0.0,0.0,9164.6
4961.73,100.0,21861.7,,,,,100.0,100.0,9164.8
4962.73,100.0,21820.0,,,,,100.0,100.0,9164.8
4963.73,0.0,21820.0,,,,,0.0,0.0,9164.8
4964.73,100.0,21719.9,,,,,100.0,100.0,9144.4
4965.73,100.0,21739.5,,,,,100.0,100.0,9158.3
4966.73,0.0,21803.0,,,,,0.0,0.0,9145.8
4967.73,100.0,21823.8,,,,,100.0,100.0,9154.4
4968.73,100.0,21844.6,,,,,100.0,100.0,9144.4
4969.73,100.0,21944.6,,,,,100.0,100.0,9163.4
4970.73,0.0,21944.6,,,,,0.0,0.0,9163.4
4971.73,100.0,21903.3,,,,,100.0,100.0,9164.8
4972.73,100.0,21861.7,,,,,100.0,100.0,9165.0
4973.73,100.0,21820.0,,,,,100.0,100.0,9165.0
4974.73,0.0,21820.0,,,,,0.0,0.0,9165.0
4975.73,100.0,21719.9,,,,,100.0,100.0,9159.2
4976.73,0.0,21761.5,,,,,0.0,0.0,9159.5
4977.73,100.0,21761.5,,,,,100.0,100.0,9157.3
4978.73,100.0,21803.0,,,,,100.0,100.0,9160.3
4979.73,100.0,21803.0,,,,,100.0,100.0,9152.6
4980.73,0.0,21878.6,,,,,0.0,0.0,9161.0
4981.73,100.0,21944.6,,,,,100.0,100.0,9163.8
4982.73,100.0,21903.3,,,,,100.0,100.0,9165.0
4983.73,100.0,21861.7,,,,,100.0,100.0,9165.2
4984.73,0.0,21861.7,,,,,0.0,0.0,9165.2
4985.73,100.0,21820.0,,,,,100.0,100.0,9165.2
4986.73,100.0,21719.8,,,,,100.0,100.0,9145.9
4987.73,0.0,21761.5,,,,,0.0,0.0,9159.7
4988.73,100.0,21761.5,,,,,100.0,100.0,9147.0
4989.73,100.0,21782.3,,,,,100.0,100.0,9158.6
4990.73,0.0,21844.6,,,,,0.0,0.0,9161.4
4991.73,100.0,21844.6,,,,,100.0,100.0,9157.2
4992.73,100.0,21944.6,,,,,100.0,100.0,9163.8
4993.73,100.0,21903.3,,,,,100.0,100.0,9165.3
4994.73,0.0,21903.3,,,,,0.0,0.0,9165.3
4995.73,100.0,21861.7,,,,,100.0,100.0,9165.4
4996.73,100.0,21820.0,,,,,100.0,100.0,9165.5
4997.73,100.0,21719.8,,,,,100.0,100.0,9165.5
4998.74,0.0,21719.9,,,,,0.0,0.0,9145.5
4999.74,100.0,21740.7,,,,,100.0,100.0,9157.9
5000.74,0.0,21803.0,,,,,0.0,0.0,9145.4
5001.74,100.0,21823.8,,,,,100.0,100.0,9155.3
5002.74,100.0,21844.6,,,,,100.0,100.0,9145.2
5003.74,100.0,21944.6,,,,,100.0,100.0,9164.3
5004.74,0.0,21944.6,,,,,0.0,0.0,9164.3
5005.74,100.0,21903.3,,,,,100.0,100.0,9165.5
5006.74,100.0,21861.7,,,,,100.0,100.0,9165.7
5007.74,100.0,21820.0,,,,,100.0,100.0,9165.7
5008.74,0.0,21820.0,,,,,0.0,0.0,9165.7
5009.74,100.0,21719.9,,,,,100.0,100.0,9159.9
5010.74,0.0,21761.5,,,,,0.0,0.0,9146.2
5011.74,100.0,21799.3,,,,,100.0,100.0,9160.1
5012.74,100.0,21803.0,,,,,100.0,100.0,9146.8
5013.74,100.0,21803.0,,,,,100.0,100.0,9156.6
5014.74,0.0,21878.6,,,,,0.0,0.0,9161.8
5015.74,100.0,21944.6,,,,,100.0,100.0,9164.4
5016.74,100.0,21903.3,,,,,100.0,100.0,9165.7
5017.74,100.0,21861.7,,,,,100.0,100.0,9165.9
5018.74,0.0,21861.7,,,,,0.0,0.0,9165.9
5019.74,100.0,21820.0,,,,,100.0,100.0,9165.9
5020.74,100.0,21719.8,,,,,100.0,100.0,9146.3
5021.74,0.0,21761.5,,,,,0.0,0.0,9160.5
5022.74,100.0,21761.5,,,,,100.0,100.0,9160.9
5023.74,100.0,21782.3,,,,,100.0,100.0,9157.5
5024.74,0.0,21844.6,,,,,0.0,0.0,9155.0
5025.74,100.0,21844.6,,,,,100.0,100.0,9154.9
5026.74,100.0,21944.6,,,,,100.0,100.0,9164.6
5027.74,100.0,21902.9,,,,,100.0,100.0,9165.8
5028.74,0.0,21902.9,,,,,0.0,0.0,9165.8
5029.74,100.0,21861.3,,,,,100.0,100.0,9166.0
5030.74,100.0,21819.6,,,,,100.0,100.0,9166.0
5031.74,100.0,21719.4,,,,,100.0,100.0,9166.1
5032.74,0.0,21719.5,,,,,0.0,0.0,9146.8
5033.74,100.0,21761.1,,,,,100.0,100.0,9160.8
5034.74,0.0,21902.7,,,,,0.0,0.0,9165.2
5035.74,100.0,21861.2,,,,,100.0,100.0,9165.4
5036.74,100.0,21819.6,,,,,100.0,100.0,9165.4
5037.74,100.0,21719.8,,,,,100.0,100.0,9165.8
5038.74,0.0,21719.9,,,,,0.0,0.0,9147.1
5039.74,100.0,21761.5,,,,,100.0,100.0,9160.8
5040.74,0.0,21803.0,,,,,0.0,0.0,9147.8
5041.74,100.0,21823.8,,,,,100.0,100.0,9157.5
5042.74,100.0,21844.6,,,,,100.0,100.0,9148.8
5043.74,100.0,21944.6,,,,,100.0,100.0,9164.9
5044.74,0.0,21944.6,,,,,0.0,0.0,9164.9
5045.74,100.0,21903.3,,,,,100.0,100.0,9166.2
5046.74,100.0,21861.7,,,,,100.0,100.0,9166.4
5047.74,100.0,21820.0,,,,,100.0,100.0,9166.4
5048.74,0.0,21820.0,,,,,0.0,0.0,9166.4
5049.74,100.0,21719.9,,,,,100.0,100.0,9160.7
5050.74,0.0,21761.5,,,,,0.0,0.0,9161.0
5051.74,100.0,21782.3,,,,,100.0,100.0,9160.3
5052.74,100.0,21803.0,,,,,100.0,100.0,9161.8
5053.74,100.0,21803.0,,,,,100.0,100.0,9158.5
5054.74,0.0,21878.6,,,,,0.0,0.0,9162.6
5055.74,100.0,21944.6,,,,,100.0,100.0,9165.2
5056.74,100.0,21903.3,,,,,100.0,100.0,9166.5
5057.74,100.0,21861.7,,,,,100.0,100.0,9166.7
5058.74,0.0,21861.7,,,,,0.0,0.0,9166.7
5059.74,100.0,21820.0,,,,,100.0,100.0,9166.7
5060.74,100.0,21719.8,,,,,100.0,100.0,9147.0
5061.74,0.0,21761.5,,,,,0.0,0.0,9161.1
5062.74,100.0,21761.5,,,,,100.0,100.0,9148.5
5063.74,100.0,21782.3,,,,,100.0,100.0,9160.2
5064.74,0.0,21844.6,,,,,0.0,0.0,9162.9
5065.74,100.0,21844.6,,,,,100.0,100.0,9155.5
5066.74,100.0,21944.6,,,,,100.0,100.0,9165.4
5067.74,100.0,21903.3,,,,,100.0,100.0,9166.7
5068.74,0.0,21903.3,,,,,0.0,0.0,9166.7
5069.74,100.0,21861.7,,,,,100.0,100.0,9166.9
5070.74,100.0,21820.0,,,,,100.0,100.0,9166.9
5071.75,100.0,21719.8,,,,,100.0,100.0,9167.1
5072.75,0.0,21719.9,,,,,0.0,0.0,9147.2
5073.75,100.0,21761.5,,,,,100.0,100.0,9161.2
5074.75,0.0,21803.0,,,,,0.0,0.0,9148.3
5075.75,100.0,21803.0,,,,,100.0,100.0,9157.4
5076.75,100.0,21844.6,,,,,100.0,100.0,9147.1
5077.75,100.0,21944.6,,,,,100.0,100.0,9165.6
5078.75,0.0,21944.6,,,,,0.0,0.0,9165.6
5079.75,100.0,21903.3,,,,,100.0,100.0,9166.9
5080.75,100.0,21861.7,,,,,100.0,100.0,9167.0
5081.75,100.0,21820.0,,,,,100.0,100.0,9167.0
5082.75,0.0,21820.0,,,,,0.0,0.0,9167.0
5083.75,100.0,21719.9,,,,,100.0,100.0,9161.4
5084.75,0.0,21761.5,,,,,0.0,0.0,9155.2
5085.75,100.0,21782.3,,,,,100.0,100.0,9148.8
5086.75,100.0,21803.0,,,,,100.0,100.0,9155.2
5087.75,100.0,21803.0,,,,,100.0,100.0,9155.4
5088.75,0.0,21878.6,,,,,0.0,0.0,9163.1
5089.75,100.0,21944.6,,,,,100.0,100.0,9165.7
5090.75,100.0,21903.3,,,,,100.0,100.0,9167.1
5091.75,100.0,21861.7,,,,,100.0,100.0,9167.2
5092.75,0.0,21861.7,,,,,0.0,0.0,9167.2
5093.75,100.0,21820.0,,,,,100.0,100.0,9167.2
5094.75,100.0,21719.8,,,,,100.0,100.0,9148.7
5095.75,0.0,21761.5,,,,,0.0,0.0,9161.9
5096.75,100.0,21761.5,,,,,100.0,100.0,9149.2
5097.75,100.0,21782.3,,,,,100.0,100.0,9160.9
5098.75,0.0,21844.6,,,,,0.0,0.0,9163.6
5099.75,100.0,21844.6,,,,,100.0,100.0,9154.4
5100.75,100.0,21944.6,,,,,100.0,100.0,9166.5
5101.75,100.0,21903.3,,,,,100.0,100.0,9167.8
5102.75,0.0,21903.3,,,,,0.0,0.0,9167.8
5103.75,100.0,21861.7,,,,,100.0,100.0,9168.0
5104.75,100.0,21820.0,,,,,100.0,100.0,9168.0
5105.75,100.0,21719.8,,,,,100.0,100.0,9140.8
5106.75,0.0,21719.9,,,,,0.0,0.0,9148.5
5107.75,100.0,21761.5,,,,,100.0,100.0,9162.6
5108.75,0.0,21803.0,,,,,0.0,0.0,9149.7
5109.75,100.0,21823.8,,,,,100.0,100.0,9157.9
5110.75,100.0,21844.6,,,,,100.0,100.0,9148.0
5111.75,100.0,21944.6,,,,,100.0,100.0,9166.1
5112.75,0.0,21944.6,,,,,0.0,0.0,9166.1
5113.75,100.0,21903.3,,,,,100.0,100.0,9167.4
5114.75,100.0,21861.7,,,,,100.0,100.0,9167.5
5115.75,100.0,21820.0,,,,,100.0,100.0,9167.5
5116.75,0.0,21820.0,,,,,0.0,0.0,9167.5
5117.75,100.0,21719.9,,,,,100.0,100.0,9162.1
5118.75,0.0,21761.5,,,,,0.0,0.0,9149.5
5119.75,100.0,21803.0,,,,,100.0,100.0,9162.9
5120.75,100.0,21803.0,,,,,100.0,100.0,9148.4
5121.75,100.0,21803.0,,,,,100.0,100.0,9160.7
5122.75,0.0,21878.6,,,,,0.0,0.0,9163.7
5123.75,100.0,21944.6,,,,,100.0,100.0,9166.3
5124.75,100.0,21903.3,,,,,100.0,100.0,9167.7
5125.75,100.0,21861.7,,,,,100.0,100.0,9167.9
5126.75,0.0,21861.7,,,,,0.0,0.0,9167.9
5127.75,100.0,21820.0,,,,,100.0,100.0,9167.9
5128.75,100.0,21719.8,,,,,100.0,100.0,9149.7
5129.75,0.0,21761.5,,,,,0.0,0.0,9162.4
5130.75,100.0,21761.5,,,,,100.0,100.0,9150.4
5131.75,100.0,21803.0,,,,,100.0,100.0,9162.9
5132.75,0.0,21844.6,,,,,0.0,0.0,9164.0
5133.75,100.0,21844.6,,,,,100.0,100.0,9158.8
5134.75,100.0,21944.6,,,,,100.0,100.0,9166.8
5135.75,100.0,21903.3,,,,,100.0,100.0,9168.4
5136.75,0.0,21903.3,,,,,0.0,0.0,9168.4
5137.75,100.0,21861.7,,,,,100.0,100.0,9168.6
5138.75,100.0,21820.0,,,,,100.0,100.0,9168.6
5139.75,100.0,21719.8,,,,,100.0,100.0,9168.7
5140.75,0.0,21719.9,,,,,0.0,0.0,9150.2
5141.75,100.0,21761.5,,,,,100.0,100.0,9162.9
5142.76,0.0,21803.0,,,,,0.0,0.0,9150.2
5143.76,100.0,21803.0,,,,,100.0,100.0,9157.8
5144.76,100.0,21844.6,,,,,100.0,100.0,9164.3
5145.76,100.0,21944.6,,,,,100.0,100.0,9166.8
5146.76,0.0,21944.6,,,,,0.0,0.0,9166.8
5147.76,100.0,21903.3,,,,,100.0,100.0,9168.2
5148.76,100.0,21861.7,,,,,100.0,100.0,9168.3
5149.76,100.0,21820.0,,,,,100.0,100.0,9168.3
5150.76,0.0,21820.0,,,,,0.0,0.0,9168.3
5151.76,100.0,21719.9,,,,,100.0,100.0,9142.7
5152.76,0.0,21761.5,,,,,0.0,0.0,9150.4
5153.76,100.0,21803.0,,,,,100.0,100.0,9163.5
5154.76,100.0,21803.0,,,,,100.0,100.0,9151.3
5155.76,100.0,21844.6,,,,,100.0,100.0,9164.2
5156.76,0.0,21878.6,,,,,0.0,0.0,9164.2
5157.76,100.0,21944.6,,,,,100.0,100.0,9166.9
5158.76,100.0,21903.3,,,,,100.0,100.0,9168.4
5159.76,100.0,21861.7,,,,,100.0,100.0,9168.5
5160.76,0.0,21861.7,,,,,0.0,0.0,9168.5
5161.76,100.0,21820.0,,,,,100.0,100.0,9168.6
5162.76,100.0,21719.8,,,,,100.0,100.0,9150.9
5163.76,0.0,21761.5,,,,,0.0,0.0,9163.2
5164.76,100.0,21761.5,,,,,100.0,100.0,9160.8
5165.76,100.0,21803.0,,,,,100.0,100.0,9153.7
5166.76,0.0,21844.6,,,,,0.0,0.0,9158.2
5167.76,100.0,21844.6,,,,,100.0,100.0,9159.5
5168.76,100.0,21944.6,,,,,100.0,100.0,9167.3
5169.76,100.0,21903.3,,,,,100.0,100.0,9168.6
5170.76,0.0,21903.3,,,,,0.0,0.0,9168.6
5171.76,100.0,21861.7,,,,,100.0,100.0,9168.8
5172.76,100.0,21820.0,,,,,100.0,100.0,9168.8
5173.76,100.0,21719.8,,,,,100.0,100.0,9169.0
5174.76,0.0,21719.9,,,,,0.0,0.0,9151.9
5175.76,100.0,21761.5,,,,,100.0,100.0,9163.9
5176.76,0.0,21803.0,,,,,0.0,0.0,9151.3
5177.76,100.0,21823.8,,,,,100.0,100.0,9162.4
5178.76,100.0,21844.6,,,,,100.0,100.0,9165.0
5179.76,100.0,21944.6,,,,,100.0,100.0,9167.6
5180.76,0.0,21944.6,,,,,0.0,0.0,9167.6
5181.76,100.0,21903.3,,,,,100.0,100.0,9168.9
5182.76,100.0,21861.7,,,,,100.0,100.0,9169.0
5183.76,100.0,21820.0,,,,,100.0,100.0,9169.0
5184.76,0.0,21820.0,,,,,0.0,0.0,9169.0
5185.76,100.0,21719.9,,,,,100.0,100.0,9143.9
5186.76,0.0,21761.5,,,,,0.0,0.0,9152.0
5187.76,100.0,21803.0,,,,,100.0,100.0,9164.4
5188.76,100.0,21803.0,,,,,100.0,100.0,9151.4
5189.76,100.0,21823.8,,,,,100.0,100.0,9163.3
5190.76,0.0,21878.6,,,,,0.0,0.0,9165.1
5191.76,100.0,21944.6,,,,,100.0,100.0,9167.8
5192.76,100.0,21903.3,,,,,100.0,100.0,9169.0
5193.76,100.0,21861.7,,,,,100.0,100.0,9169.2
5194.76,0.0,21861.7,,,,,0.0,0.0,9169.2
5195.76,100.0,21820.0,,,,,100.0,100.0,9169.2
5196.76,100.0,21719.8,,,,,100.0,100.0,9151.8
5197.76,0.0,21761.5,,,,,0.0,0.0,9154.5
5198.76,100.0,21761.5,,,,,100.0,100.0,9157.8
5199.76,100.0,21782.3,,,,,100.0,100.0,9161.6
5200.76,0.0,21844.6,,,,,0.0,0.0,9159.7
5201.76,100.0,21861.6,,,,,100.0,100.0,9160.0
5202.76,100.0,21944.6,,,,,100.0,100.0,9168.0
5203.76,100.0,21903.3,,,,,100.0,100.0,9169.3
5204.76,0.0,21903.3,,,,,0.0,0.0,9169.3
5205.76,100.0,21861.7,,,,,100.0,100.0,9169.5
5206.76,100.0,21820.0,,,,,100.0,100.0,9169.5
5207.76,100.0,21719.8,,,,,100.0,100.0,9169.6
5208.76,0.0,21719.9,,,,,0.0,0.0,9152.4
5209.76,100.0,21761.5,,,,,100.0,100.0,9164.5
5210.76,0.0,21803.0,,,,,0.0,0.0,9152.3
5211.76,100.0,21844.6,,,,,100.0,100.0,9165.6
5212.76,100.0,21844.6,,,,,100.0,100.0,9165.8
5213.76,100.0,21944.6,,,,,100.0,100.0,9168.2
5214.77,0.0,21944.6,,,,,0.0,0.0,9168.2
5215.77,100.0,21903.3,,,,,100.0,100.0,9169.5
5216.77,100.0,21861.7,,,,,100.0,100.0,9169.7
5217.77,100.0,21820.0,,,,,100.0,100.0,9169.7
5218.77,0.0,21820.0,,,,,0.0,0.0,9169.7
5219.77,100.0,21719.9,,,,,100.0,100.0,9164.1
5220.77,0.0,21761.5,,,,,0.0,0.0,9152.4
5221.77,100.0,21803.0,,,,,100.0,100.0,9165.1
5222.77,100.0,21803.0,,,,,100.0,100.0,9151.0
5223.77,100.0,21803.0,,,,,100.0,100.0,9160.2
5224.77,0.0,21878.6,,,,,0.0,0.0,9165.9
5225.77,100.0,21944.6,,,,,100.0,100.0,9168.4
5226.77,100.0,21903.3,,,,,100.0,100.0,9169.7
5227.77,100.0,21861.7,,,,,100.0,100.0,9169.9
5228.77,0.0,21861.7,,,,,0.0,0.0,9169.9
5229.77,100.0,21820.0,,,,,100.0,100.0,9169.9
5230.77,100.0,21719.8,,,,,100.0,100.0,9151.6
5231.77,0.0,21761.5,,,,,0.0,0.0,9145.4
5232.77,100.0,21761.5,,,,,100.0,100.0,9151.5
5233.77,100.0,21803.0,,,,,100.0,100.0,9165.2
5234.77,0.0,21844.6,,,,,0.0,0.0,9151.6
5235.77,100.0,21861.6,,,,,100.0,100.0,9162.2
5236.77,100.0,21944.6,,,,,100.0,100.0,9168.6
5237.77,100.0,21903.3,,,,,100.0,100.0,9169.9
5238.77,0.0,21903.3,,,,,0.0,0.0,9169.9
5239.77,100.0,21861.7,,,,,100.0,100.0,9170.1
5240.77,100.0,21820.0,,,,,100.0,100.0,9170.1
5241.77,100.0,21719.8,,,,,100.0,100.0,9170.2
5242.77,0.0,21719.9,,,,,0.0,0.0,9153.7
5243.77,100.0,21761.5,,,,,100.0,100.0,9165.2
5244.77,0.0,21803.0,,,,,0.0,0.0,9159.6
5245.77,100.0,21823.8,,,,,100.0,100.0,9153.3
5246.77,100.0,21844.6,,,,,100.0,100.0,9159.8
5247.77,100.0,21944.6,,,,,100.0,100.0,9168.9
5248.77,0.0,21944.6,,,,,0.0,0.0,9168.9
5249.77,100.0,21903.3,,,,,100.0,100.0,9170.1
5250.77,100.0,21861.7,,,,,100.0,100.0,9170.3
5251.77,100.0,21820.0,,,,,100.0,100.0,9170.3
5252.77,0.0,21820.0,,,,,0.0,0.0,9170.3
5253.77,100.0,21719.9,,,,,100.0,100.0,9164.7
5254.77,0.0,21761.5,,,,,0.0,0.0,9153.9
5255.77,100.0,21803.0,,,,,100.0,100.0,9165.6
5256.77,100.0,21803.0,,,,,100.0,100.0,9153.5
5257.77,100.0,21823.8,,,,,100.0,100.0,9163.5
5258.77,0.0,21878.6,,,,,0.0,0.0,9166.4
5259.77,100.0,21944.6,,,,,100.0,100.0,9169.0
5260.77,100.0,21903.3,,,,,100.0,100.0,9170.3
5261.77,100.0,21861.7,,,,,100.0,100.0,9170.5
5262.77,0.0,21861.7,,,,,0.0,0.0,9170.5
5263.77,100.0,21820.0,,,,,100.0,100.0,9170.5
5264.77,100.0,21719.8,,,,,100.0,100.0,9152.8
5265.77,0.0,21761.5,,,,,0.0,0.0,9146.2
5266.77,100.0,21761.5,,,,,100.0,100.0,9153.0
5267.77,100.0,21803.0,,,,,100.0,100.0,9165.8
5268.77,0.0,21844.6,,,,,0.0,0.0,9152.5
5269.77,100.0,21844.6,,,,,100.0,100.0,9160.3
5270.77,100.0,21944.6,,,,,100.0,100.0,9169.6
5271.77,100.0,21903.3,,,,,100.0,100.0,9170.9
5272.77,0.0,21903.3,,,,,0.0,0.0,9170.9
5273.77,100.0,21861.7,,,,,100.0,100.0,9171.0
5274.77,100.0,21820.0,,,,,100.0,100.0,9171.0
5275.77,100.0,21719.8,,,,,100.0,100.0,9171.2
5276.77,0.0,21719.9,,,,,0.0,0.0,9155.0
5277.77,100.0,21761.5,,,,,100.0,100.0,9156.8
5278.77,0.0,21803.0,,,,,0.0,0.0,9162.4
5279.77,100.0,21844.6,,,,,100.0,100.0,9167.1
5280.77,100.0,21844.6,,,,,100.0,100.0,9154.4
5281.77,100.0,21944.6,,,,,100.0,100.0,9169.6
5282.77,0.0,21944.6,,,,,0.0,0.0,9169.6
5283.77,100.0,21903.3,,,,,100.0,100.0,9170.9
5284.77,100.0,21861.7,,,,,100.0,100.0,9171.1
5285.78,100.0,21820.0,,,,,100.0,100.0,9171.2
5286.78,0.0,21820.0,,,,,0.0,0.0,9171.2
5287.78,100.0,21719.9,,,,,100.0,100.0,9165.6
5288.78,0.0,21761.5,,,,,0.0,0.0,9155.9
5289.78,100.0,21803.0,,,,,100.0,100.0,9166.5
5290.78,100.0,21803.0,,,,,100.0,100.0,9155.4
5291.78,100.0,21823.8,,,,,100.0,100.0,9155.3
5292.78,0.0,21878.6,,,,,0.0,0.0,9167.2
5293.78,100.0,21944.6,,,,,100.0,100.0,9169.7
5294.78,100.0,21903.3,,,,,100.0,100.0,9171.0
5295.78,100.0,21861.7,,,,,100.0,100.0,9171.2
5296.78,0.0,21861.7,,,,,0.0,0.0,9171.2
5297.78,100.0,21820.0,,,,,100.0,100.0,9171.2
5298.78,100.0,21719.8,,,,,100.0,100.0,9154.5
5299.78,0.0,21761.5,,,,,0.0,0.0,9166.2
5300.78,100.0,21761.5,,,,,100.0,100.0,9154.2
5301.78,100.0,21803.0,,,,,100.0,100.0,9166.9
5302.78,0.0,21844.6,,,,,0.0,0.0,9154.5
5303.78,100.0,21861.6,,,,,100.0,100.0,9163.4
5304.78,100.0,21944.6,,,,,100.0,100.0,9170.3
5305.78,100.0,21903.3,,,,,100.0,100.0,9171.6
5306.78,0.0,21903.3,,,,,0.0,0.0,9171.6
5307.78,100.0,21861.7,,,,,100.0,100.0,9171.7
5308.78,100.0,21820.0,,,,,100.0,100.0,9171.7
5309.78,100.0,21719.8,,,,,100.0,100.0,9171.9
5310.78,0.0,21719.9,,,,,0.0,0.0,9157.1
5311.78,100.0,21761.5,,,,,100.0,100.0,9147.8
5312.78,0.0,21803.0,,,,,0.0,0.0,9155.5
5313.78,100.0,21844.6,,,,,100.0,100.0,9167.7
5314.78,100.0,21844.6,,,,,100.0,100.0,9155.1
5315.78,100.0,21944.6,,,,,100.0,100.0,9170.4
5316.78,0.0,21944.6,,,,,0.0,0.0,9170.4
5317.78,100.0,21903.3,,,,,100.0,100.0,9171.5
5318.78,100.0,21861.7,,,,,100.0,100.0,9171.7
5319.78,100.0,21820.0,,,,,100.0,100.0,9171.7
5320.78,0.0,21820.0,,,,,0.0,0.0,9171.7
5321.78,100.0,21719.9,,,,,100.0,100.0,9166.1
5322.78,0.0,21761.5,,,,,0.0,0.0,9157.0
5323.78,100.0,21803.0,,,,,100.0,100.0,9157.9
5324.78,100.0,21803.0,,,,,100.0,100.0,9155.5
5325.78,100.0,21844.6,,,,,100.0,100.0,9148.5
5326.78,0.0,21878.6,,,,,0.0,0.0,9167.7
5327.78,100.0,21944.6,,,,,100.0,100.0,9170.4
5328.78,100.0,21903.3,,,,,100.0,100.0,9171.7
5329.78,100.0,21861.7,,,,,100.0,100.0,9171.8
5330.78,0.0,21861.7,,,,,0.0,0.0,9171.8
5331.78,100.0,21820.0,,,,,100.0,100.0,9171.8
5332.78,100.0,21719.8,,,,,100.0,100.0,9156.4
5333.78,0.0,21761.5,,,,,0.0,0.0,9167.0
5334.78,100.0,21761.5,,,,,100.0,100.0,9156.7
5335.78,100.0,21803.0,,,,,100.0,100.0,9167.8
5336.78,0.0,21844.6,,,,,0.0,0.0,9156.1
5337.78,100.0,21861.6,,,,,100.0,100.0,9165.7
5338.78,100.0,21944.6,,,,,100.0,100.0,9170.7
5339.78,100.0,21903.3,,,,,100.0,100.0,9171.9
5340.78,0.0,21903.3,,,,,0.0,0.0,9171.9
5341.78,100.0,21861.7,,,,,100.0,100.0,9172.1
5342.78,100.0,21820.0,,,,,100.0,100.0,9172.2
5343.78,100.0,21719.8,,,,,100.0,100.0,9147.3
5344.78,0.0,21719.9,,,,,0.0,0.0,9159.5
5345.78,100.0,21761.5,,,,,100.0,100.0,9150.1
5346.78,0.0,21803.0,,,,,0.0,0.0,9156.7
5347.78,100.0,21844.6,,,,,100.0,100.0,9168.2
5348.78,100.0,21844.6,,,,,100.0,100.0,9159.4
5349.78,100.0,21944.6,,,,,100.0,100.0,9169.0
5350.78,0.0,21944.6,,,,,0.0,0.0,9169.0
5351.78,100.0,21903.3,,,,,100.0,100.0,9170.3
5352.78,100.0,21861.7,,,,,100.0,100.0,9170.5
5353.78,100.0,21820.0,,,,,100.0,100.0,9170.5
5354.78,0.0,21820.0,,,,,0.0,0.0,9170.5
5355.78,100.0,21719.9,,,,,100.0,100.0,9165.0
5356.79,0.0,21761.5,,,,,0.0,0.0,9158.8
5357.79,100.0,21803.0,,,,,100.0,100.0,9149.3
5358.79,100.0,21803.0,,,,,100.0,100.0,9155.5
5359.79,100.0,21844.6,,,,,100.0,100.0,9167.0
5360.79,0.0,21878.6,,,,,0.0,0.0,9166.9
5361.79,100.0,21944.6,,,,,100.0,100.0,9169.4
5362.79,100.0,21903.3,,,,,100.0,100.0,9170.8
5363.79,100.0,21861.7,,,,,100.0,100.0,9171.0
5364.79,0.0,21861.7,,,,,0.0,0.0,9171.0
5365.79,100.0,21820.0,,,,,100.0,100.0,9171.0
5366.79,100.0,21719.8,,,,,100.0,100.0,9158.1
5367.79,0.0,21761.5,,,,,0.0,0.0,9165.6
5368.79,100.0,21761.5,,,,,100.0,100.0,9157.7
5369.79,100.0,21803.0,,,,,100.0,100.0,9166.5
5370.79,0.0,21844.6,,,,,0.0,0.0,9157.3
5371.79,100.0,21878.6,,,,,100.0,100.0,9166.9
5372.79,100.0,21944.6,,,,,100.0,100.0,9169.7
5373.79,100.0,21903.3,,,,,100.0,100.0,9171.1
5374.79,0.0,21903.3,,,,,0.0,0.0,9171.1
5375.79,100.0,21861.7,,,,,100.0,100.0,9171.3
5376.79,100.0,21820.0,,,,,100.0,100.0,9171.3
5377.79,100.0,21719.8,,,,,100.0,100.0,9149.6
5378.79,0.0,21719.9,,,,,0.0,0.0,9158.1
5379.79,100.0,21761.5,,,,,100.0,100.0,9166.4
5380.79,0.0,21803.0,,,,,0.0,0.0,9157.7
5381.79,100.0,21844.6,,,,,100.0,100.0,9167.6
5382.79,100.0,21844.6,,,,,100.0,100.0,9156.8
5383.79,100.0,21944.6,,,,,100.0,100.0,9170.0
5384.79,0.0,21944.6,,,,,0.0,0.0,9170.0
5385.79,100.0,21903.3,,,,,100.0,100.0,9171.3
5386.79,100.0,21861.7,,,,,100.0,100.0,9171.5
5387.79,100.0,21820.0,,,,,100.0,100.0,9171.5
5388.79,0.0,21820.0,,,,,0.0,0.0,9171.5
5389.79,100.0,21719.9,,,,,100.0,100.0,9151.9
5390.79,0.0,21761.5,,,,,0.0,0.0,9158.1
5391.79,100.0,21803.0,,,,,100.0,100.0,9149.3
5392.79,100.0,21803.0,,,,,100.0,100.0,9155.5
5393.79,100.0,21844.6,,,,,100.0,100.0,9167.7
5394.79,0.0,21878.6,,,,,0.0,0.0,9167.7
5395.79,100.0,21944.6,,,,,100.0,100.0,9170.2
5396.79,100.0,21903.3,,,,,100.0,100.0,9171.7
5397.79,100.0,21861.7,,,,,100.0,100.0,9171.8
5398.79,0.0,21861.7,,,,,0.0,0.0,9171.8
5399.79,100.0,21820.0,,,,,100.0,100.0,9171.8
5400.79,100.0,21719.8,,,,,100.0,100.0,9160.3
5401.79,0.0,21761.5,,,,,0.0,0.0,9166.5
5402.79,100.0,21761.5,,,,,100.0,100.0,9159.1
5403.79,100.0,21803.0,,,,,100.0,100.0,9158.8
5404.79,0.0,21844.6,,,,,0.0,0.0,9156.4
5405.79,100.0,21878.6,,,,,100.0,100.0,9167.8
5406.79,100.0,21944.6,,,,,100.0,100.0,9170.6
5407.79,100.0,21903.3,,,,,100.0,100.0,9171.9
5408.79,0.0,21903.3,,,,,0.0,0.0,9171.9
5409.79,100.0,21861.7,,,,,100.0,100.0,9172.1
5410.79,100.0,21820.0,,,,,100.0,100.0,9172.1
5411.79,100.0,21719.8,,,,,100.0,100.0,9151.8
5412.79,0.0,21719.9,,,,,0.0,0.0,9160.2
5413.79,100.0,21761.5,,,,,100.0,100.0,9166.9
5414.79,0.0,21803.0,,,,,0.0,0.0,9158.0
5415.79,100.0,21844.6,,,,,100.0,100.0,9168.5
5416.79,100.0,21844.6,,,,,100.0,100.0,9158.0
5417.79,100.0,21944.6,,,,,100.0,100.0,9170.8
5418.79,0.0,21944.6,,,,,0.0,0.0,9170.8
5419.79,100.0,21903.3,,,,,100.0,100.0,9172.2
5420.79,100.0,21861.7,,,,,100.0,100.0,9172.3
5421.79,100.0,21820.0,,,,,100.0,100.0,9172.4
5422.79,0.0,21820.0,,,,,0.0,0.0,9172.4
5423.79,100.0,21719.9,,,,,100.0,100.0,9152.8
5424.79,0.0,21761.5,,,,,0.0,0.0,9162.8
5425.79,100.0,21803.0,,,,,100.0,100.0,9152.7
5426.79,100.0,21803.0,,,,,100.0,100.0,9159.8
5427.8,100.0,21844.6,,,,,100.0,100.0,9168.9
5428.8,0.0,21878.6,,,,,0.0,0.0,9168.6
5429.8,100.0,21944.6,,,,,100.0,100.0,9171.2
5430.8,100.0,21903.3,,,,,100.0,100.0,9172.6
5431.8,100.0,21861.7,,,,,100.0,100.0,9172.8
5432.8,0.0,21861.7,,,,,0.0,0.0,9172.8
5433.8,100.0,21820.0,,,,,100.0,100.0,9172.8
5434.8,100.0,21719.8,,,,,100.0,100.0,9162.9
5435.8,0.0,21761.5,,,,,0.0,0.0,9153.3
5436.8,100.0,21761.5,,,,,100.0,100.0,9162.2
5437.8,100.0,21803.0,,,,,100.0,100.0,9152.5
5438.8,0.0,21844.6,,,,,0.0,0.0,9160.7
5439.8,100.0,21878.6,,,,,100.0,100.0,9169.0
5440.8,100.0,21944.6,,,,,100.0,100.0,9171.5
5441.8,100.0,21903.3,,,,,100.0,100.0,9172.9
5442.8,0.0,21903.3,,,,,0.0,0.0,9172.9
5443.8,100.0,21861.7,,,,,100.0,100.0,9173.1
5444.8,100.0,21820.0,,,,,100.0,100.0,9173.1
5445.8,100.0,21719.8,,,,,100.0,100.0,9152.8
5446.8,0.0,21736.9,,,,,0.0,0.0,9165.5
5447.8,100.0,21761.5,,,,,100.0,100.0,9168.4
5448.8,0.0,21803.0,,,,,0.0,0.0,9163.9
5449.8,100.0,21844.6,,,,,100.0,100.0,9157.7
5450.8,100.0,21844.6,,,,,100.0,100.0,9160.8
5451.8,100.0,21944.6,,,,,100.0,100.0,9171.8
5452.8,0.0,21944.6,,,,,0.0,0.0,9171.8
5453.8,100.0,21903.3,,,,,100.0,100.0,9173.1
5454.8,100.0,21861.7,,,,,100.0,100.0,9173.3
5455.8,100.0,21820.0,,,,,100.0,100.0,9173.3
5456.8,0.0,21820.0,,,,,0.0,0.0,9173.3
5457.8,100.0,21719.9,,,,,100.0,100.0,9153.9
5458.8,0.0,21782.3,,,,,0.0,0.0,9164.4
5459.8,100.0,21803.0,,,,,100.0,100.0,9168.7
5460.8,100.0,21803.0,,,,,100.0,100.0,9161.6
5461.8,100.0,21844.6,,,,,100.0,100.0,9169.7
5462.8,0.0,21878.6,,,,,0.0,0.0,9169.4
5463.8,100.0,21944.6,,,,,100.0,100.0,9172.0
5464.8,100.0,21903.3,,,,,100.0,100.0,9173.4
5465.8,100.0,21861.7,,,,,100.0,100.0,9173.6
5466.8,0.0,21861.7,,,,,0.0,0.0,9173.6
5467.8,100.0,21820.0,,,,,100.0,100.0,9173.6
5468.8,100.0,21719.8,,,,,100.0,100.0,9163.0
5469.8,0.0,21761.5,,,,,0.0,0.0,9153.3
5470.8,100.0,21761.5,,,,,100.0,100.0,9159.8
5471.8,100.0,21803.0,,,,,100.0,100.0,9152.5
5472.8,0.0,21844.6,,,,,0.0,0.0,9159.2
5473.8,100.0,21878.6,,,,,100.0,100.0,9169.5
5474.8,100.0,21944.6,,,,,100.0,100.0,9172.2
5475.8,100.0,21903.3,,,,,100.0,100.0,9173.6
5476.8,0.0,21903.3,,,,,0.0,0.0,9173.6
5477.8,100.0,21861.7,,,,,100.0,100.0,9173.8
5478.8,100.0,21820.0,,,,,100.0,100.0,9173.8
5479.8,100.0,21719.8,,,,,100.0,100.0,9174.0
5480.8,0.0,21719.9,,,,,0.0,0.0,9163.0
5481.8,100.0,21761.5,,,,,100.0,100.0,9166.7
5482.8,0.0,21803.0,,,,,0.0,0.0,9161.6
5483.8,100.0,21844.6,,,,,100.0,100.0,9162.6
5484.8,100.0,21844.6,,,,,100.0,100.0,9165.9
5485.8,100.0,21944.6,,,,,100.0,100.0,9172.5
5486.8,0.0,21944.6,,,,,0.0,0.0,9172.5
5487.8,100.0,21903.3,,,,,100.0,100.0,9173.9
5488.8,100.0,21861.7,,,,,100.0,100.0,9174.1
5489.8,100.0,21820.0,,,,,100.0,100.0,9174.1
5490.8,0.0,21820.0,,,,,0.0,0.0,9174.1
5491.8,100.0,21719.9,,,,,100.0,100.0,9154.2
5492.8,0.0,21761.5,,,,,0.0,0.0,9161.9
5493.8,100.0,21803.0,,,,,100.0,100.0,9169.5
5494.8,100.0,21803.0,,,,,100.0,100.0,9158.9
5495.8,100.0,21844.6,,,,,100.0,100.0,9170.3
5496.81,0.0,21878.6,,,,,0.0,0.0,9170.2
5497.81,100.0,21944.6,,,,,100.0,100.0,9172.8
5498.81,100.0,21903.3,,,,,100.0,100.0,9174.2
5499.81,100.0,21861.7,,,,,100.0,100.0,9174.4
5500.81,0.0,21861.7,,,,,0.0,0.0,9174.4
5501.81,100.0,21820.0,,,,,100.0,100.0,9174.4
5502.81,100.0,21719.8,,,,,100.0,100.0,9164.5
5503.81,0.0,21761.5,,,,,0.0,0.0,9155.7
5504.81,100.0,21761.5,,,,,100.0,100.0,9164.7
5505.81,100.0,21803.0,,,,,100.0,100.0,9155.9
5506.81,0.0,21844.6,,,,,0.0,0.0,9161.1
5507.81,100.0,21878.6,,,,,100.0,100.0,9170.6
5508.81,100.0,21944.6,,,,,100.0,100.0,9173.2
5509.81,100.0,21903.3,,,,,100.0,100.0,9174.5
5510.81,0.0,21903.3,,,,,0.0,0.0,9174.5
5511.81,100.0,21861.7,,,,,100.0,100.0,9174.7
5512.81,100.0,21820.0,,,,,100.0,100.0,9174.7
5513.81,100.0,21719.8,,,,,100.0,100.0,9174.9
5514.81,0.0,21719.9,,,,,0.0,0.0,9165.3
5515.81,100.0,21761.5,,,,,100.0,100.0,9154.7
5516.81,0.0,21803.0,,,,,0.0,0.0,9163.9
5517.81,100.0,21844.6,,,,,100.0,100.0,9155.5
5518.81,100.0,21844.6,,,,,100.0,100.0,9163.8
5519.81,100.0,21944.6,,,,,100.0,100.0,9173.3
5520.81,0.0,21944.6,,,,,0.0,0.0,9173.3
5521.81,100.0,21903.3,,,,,100.0,100.0,9174.7
5522.81,100.0,21861.7,,,,,100.0,100.0,9174.9
5523.81,100.0,21820.0,,,,,100.0,100.0,9174.9
5524.81,0.0,21820.0,,,,,0.0,0.0,9174.9
5525.81,100.0,21719.9,,,,,100.0,100.0,9155.9
5526.81,0.0,21778.5,,,,,0.0,0.0,9167.5
5527.81,100.0,21803.0,,,,,100.0,100.0,9170.3
5528.81,100.0,21803.0,,,,,100.0,100.0,9165.3
5529.81,100.0,21844.6,,,,,100.0,100.0,9162.6
5530.81,0.0,21878.6,,,,,0.0,0.0,9171.2
5531.81,100.0,21944.6,,,,,100.0,100.0,9173.8
5532.81,100.0,21903.3,,,,,100.0,100.0,9175.2
5533.81,100.0,21861.7,,,,,100.0,100.0,9175.3
5534.81,0.0,21861.7,,,,,0.0,0.0,9175.3
5535.81,100.0,21820.0,,,,,100.0,100.0,9175.4
5536.81,100.0,21702.8,,,,,100.0,100.0,9168.3
5537.81,0.0,21761.5,,,,,0.0,0.0,9156.2
5538.81,100.0,21761.5,,,,,100.0,100.0,9165.5
5539.81,100.0,21803.0,,,,,100.0,100.0,9171.1
5540.81,0.0,21844.6,,,,,0.0,0.0,9164.3
5541.81,100.0,21878.6,,,,,100.0,100.0,9171.2
5542.81,100.0,21944.6,,,,,100.0,100.0,9173.8
5543.81,100.0,21903.3,,,,,100.0,100.0,9175.2
5544.81,0.0,21903.3,,,,,0.0,0.0,9175.2
5545.81,100.0,21861.7,,,,,100.0,100.0,9175.4
5546.81,100.0,21820.0,,,,,100.0,100.0,9175.4
5547.81,100.0,21719.8,,,,,100.0,100.0,9175.6
5548.81,0.0,21761.5,,,,,0.0,0.0,9170.0
5549.81,100.0,21761.5,,,,,100.0,100.0,9155.9
5550.81,100.0,21782.3,,,,,100.0,100.0,9167.9
5551.81,0.0,21844.6,,,,,0.0,0.0,9156.4
5552.81,100.0,21844.6,,,,,100.0,100.0,9163.6
5553.81,100.0,21944.6,,,,,100.0,100.0,9174.1
5554.81,0.0,21944.6,,,,,0.0,0.0,9174.1
5555.81,100.0,21903.3,,,,,100.0,100.0,9175.6
5556.81,100.0,21861.7,,,,,100.0,100.0,9175.8
5557.81,100.0,21820.0,,,,,100.0,100.0,9175.8
5558.81,0.0,21820.0,,,,,0.0,0.0,9175.8
5559.81,100.0,21719.9,,,,,100.0,100.0,9170.3
5560.81,0.0,21782.3,,,,,0.0,0.0,9169.2
5561.81,100.0,21803.0,,,,,100.0,100.0,9164.1
5562.81,100.0,21803.0,,,,,100.0,100.0,9165.5
5563.81,100.0,21844.6,,,,,100.0,100.0,9165.0
5564.81,0.0,21878.6,,,,,0.0,0.0,9172.0
5565.81,100.0,21944.6,,,,,100.0,100.0,9174.4
5566.81,100.0,21903.3,,,,,100.0,100.0,9175.8
5567.82,100.0,21861.7,,,,,100.0,100.0,9176.0
5568.82,0.0,21861.7,,,,,0.0,0.0,9176.0
5569.82,100.0,21820.0,,,,,100.0,100.0,9176.0
5570.82,100.0,21719.9,,,,,100.0,100.0,9170.2
5571.82,0.0,21761.5,,,,,0.0,0.0,9157.4
5572.82,100.0,21761.5,,,,,100.0,100.0,9165.4
5573.82,100.0,21803.0,,,,,100.0,100.0,9171.5
5574.82,0.0,21844.6,,,,,0.0,0.0,9165.0
5575.82,100.0,21878.6,,,,,100.0,100.0,9172.1
5576.82,100.0,21944.6,,,,,100.0,100.0,9174.7
5577.82,100.0,21903.3,,,,,100.0,100.0,9176.1
5578.82,0.0,21903.3,,,,,0.0,0.0,9176.1
5579.82,100.0,21861.7,,,,,100.0,100.0,9176.3
5580.82,100.0,21820.0,,,,,100.0,100.0,9176.3
5581.82,100.0,21719.8,,,,,100.0,100.0,9155.5
5582.82,0.0,21740.7,,,,,0.0,0.0,9169.9
5583.82,100.0,21761.5,,,,,100.0,100.0,9157.8
5584.82,100.0,21782.3,,,,,100.0,100.0,9167.0
5585.82,0.0,21844.6,,,,,0.0,0.0,9157.1
5586.82,100.0,21844.6,,,,,100.0,100.0,9163.8
5587.82,100.0,21944.6,,,,,100.0,100.0,9175.1
5588.82,0.0,21944.6,,,,,0.0,0.0,9175.1
5589.82,100.0,21903.3,,,,,100.0,100.0,9176.4
5590.82,100.0,21861.7,,,,,100.0,100.0,9176.6
5591.82,100.0,21820.0,,,,,100.0,100.0,9176.6
5592.82,0.0,21820.0,,,,,0.0,0.0,9176.6
5593.82,100.0,21719.9,,,,,100.0,100.0,9170.9
5594.82,100.0,21740.7,,,,,100.0,100.0,9170.2
5595.82,0.0,21803.0,,,,,0.0,0.0,9156.1
5596.82,100.0,21803.0,,,,,100.0,100.0,9165.5
5597.82,100.0,21844.6,,,,,100.0,100.0,9156.5
5598.82,100.0,21944.6,,,,,100.0,100.0,9175.1
5599.82,0.0,21944.6,,,,,0.0,0.0,9175.2
5600.82,100.0,21903.3,,,,,100.0,100.0,9176.6
5601.82,100.0,21861.7,,,,,100.0,100.0,9176.8
5602.82,100.0,21820.0,,,,,100.0,100.0,9176.8
5603.82,0.0,21820.0,,,,,0.0,0.0,9176.8
5604.82,100.0,21719.9,,,,,100.0,100.0,9171.1
5605.82,0.0,21761.5,,,,,0.0,0.0,9158.9
5606.82,100.0,21782.3,,,,,100.0,100.0,9169.2
5607.82,100.0,21803.0,,,,,100.0,100.0,9172.3
5608.82,100.0,21803.0,,,,,100.0,100.0,9164.8
5609.82,0.0,21878.6,,,,,0.0,0.0,9172.9
5610.82,100.0,21944.6,,,,,100.0,100.0,9175.5
5611.82,100.0,21903.3,,,,,100.0,100.0,9176.9
5612.82,100.0,21861.7,,,,,100.0,100.0,9177.1
5613.82,0.0,21861.7,,,,,0.0,0.0,9177.1
5614.82,100.0,21820.0,,,,,100.0,100.0,9177.1
5615.82,100.0,21719.8,,,,,100.0,100.0,9156.9
5616.82,0.0,21761.5,,,,,0.0,0.0,9171.6
5617.82,100.0,21761.5,,,,,100.0,100.0,9159.2
5618.82,100.0,21782.3,,,,,100.0,100.0,9171.8
5619.82,0.0,21844.6,,,,,0.0,0.0,9173.3
5620.82,100.0,21861.6,,,,,100.0,100.0,9168.8
5621.82,100.0,21944.6,,,,,100.0,100.0,9175.7
5622.82,100.0,21903.3,,,,,100.0,100.0,9177.1
5623.82,0.0,21903.3,,,,,0.0,0.0,9177.1
5624.82,100.0,21861.7,,,,,100.0,100.0,9177.3
5625.82,100.0,21820.0,,,,,100.0,100.0,9177.3
5626.82,100.0,21719.8,,,,,100.0,100.0,9177.4
5627.82,0.0,21719.9,,,,,0.0,0.0,9157.7
5628.82,100.0,21761.5,,,,,100.0,100.0,9172.7
5629.83,0.0,21803.0,,,,,0.0,0.0,9158.9
5630.83,100.0,21803.0,,,,,100.0,100.0,9169.5
5631.83,100.0,21844.6,,,,,100.0,100.0,9158.9
5632.83,100.0,21944.6,,,,,100.0,100.0,9176.1
5633.83,0.0,21944.6,,,,,0.0,0.0,9176.1
5634.83,100.0,21903.3,,,,,100.0,100.0,9177.5
5635.83,100.0,21861.7,,,,,100.0,100.0,9177.6
5636.83,100.0,21820.0,,,,,100.0,100.0,9177.6
5637.83,0.0,21820.0,,,,,0.0,0.0,9177.6
5638.83,100.0,21719.9,,,,,100.0,100.0,9171.9
5639.83,0.0,21761.5,,,,,0.0,0.0,9172.3
5640.83,100.0,21800.5,,,,,100.0,100.0,9172.8
5641.83,100.0,21803.0,,,,,100.0,100.0,9168.0
5642.83,100.0,21803.0,,,,,100.0,100.0,9168.8
5643.83,0.0,21878.6,,,,,0.0,0.0,9173.8
5644.83,100.0,21944.6,,,,,100.0,100.0,9176.3
5645.83,100.0,21903.3,,,,,100.0,100.0,9177.7
5646.83,100.0,21861.7,,,,,100.0,100.0,9177.9
5647.83,0.0,21861.7,,,,,0.0,0.0,9177.9
5648.83,100.0,21820.0,,,,,100.0,100.0,9177.9
5649.83,100.0,21719.8,,,,,100.0,100.0,9158.8
5650.83,0.0,21761.5,,,,,0.0,0.0,9172.3
5651.83,100.0,21761.5,,,,,100.0,100.0,9159.4
5652.83,100.0,21761.5,,,,,100.0,100.0,9169.6
5653.83,0.0,21844.6,,,,,0.0,0.0,9174.0
5654.83,100.0,21844.6,,,,,100.0,100.0,9164.1
5655.83,100.0,21944.6,,,,,100.0,100.0,9176.5
5656.83,100.0,21903.3,,,,,100.0,100.0,9178.0
5657.83,0.0,21903.3,,,,,0.0,0.0,9178.0
5658.83,100.0,21861.7,,,,,100.0,100.0,9178.1
5659.83,100.0,21820.0,,,,,100.0,100.0,9178.1
5660.83,100.0,21719.8,,,,,100.0,100.0,9178.2
5661.83,0.0,21719.9,,,,,0.0,0.0,9158.4
5662.83,100.0,21740.7,,,,,100.0,100.0,9171.3
5663.83,0.0,21803.0,,,,,0.0,0.0,9157.4
5664.83,100.0,21803.0,,,,,100.0,100.0,9165.6
5665.83,100.0,21844.6,,,,,100.0,100.0,9167.4
5666.83,100.0,21944.6,,,,,100.0,100.0,9176.6
5667.83,0.0,21944.6,,,,,0.0,0.0,9176.6
5668.83,100.0,21903.3,,,,,100.0,100.0,9178.0
5669.83,100.0,21861.7,,,,,100.0,100.0,9178.2
5670.83,100.0,21820.0,,,,,100.0,100.0,9178.2
5671.83,0.0,21820.0,,,,,0.0,0.0,9178.2
5672.83,100.0,21719.9,,,,,100.0,100.0,9172.5
5673.83,0.0,21761.5,,,,,0.0,0.0,9172.9
5674.83,100.0,21782.3,,,,,100.0,100.0,9160.6
5675.83,100.0,21803.0,,,,,100.0,100.0,9166.2
5676.83,100.0,21803.0,,,,,100.0,100.0,9168.5
5677.83,0.0,21878.6,,,,,0.0,0.0,9174.3
5678.83,100.0,21944.6,,,,,100.0,100.0,9177.0
5679.83,100.0,21903.3,,,,,100.0,100.0,9178.3
5680.83,100.0,21861.7,,,,,100.0,100.0,9178.5
5681.83,0.0,21861.7,,,,,0.0,0.0,9178.5
5682.83,100.0,21820.0,,,,,100.0,100.0,9178.5
5683.83,100.0,21719.8,,,,,100.0,100.0,9159.7
5684.83,0.0,21761.5,,,,,0.0,0.0,9173.2
5685.83,100.0,21761.5,,,,,100.0,100.0,9160.3
5686.83,100.0,21782.3,,,,,100.0,100.0,9171.0
5687.83,0.0,21844.6,,,,,0.0,0.0,9174.8
5688.83,100.0,21861.6,,,,,100.0,100.0,9170.7
5689.83,100.0,21944.6,,,,,100.0,100.0,9177.2
5690.83,100.0,21903.3,,,,,100.0,100.0,9178.5
5691.83,0.0,21903.3,,,,,0.0,0.0,9178.5
5692.83,100.0,21861.7,,,,,100.0,100.0,9178.6
5693.83,100.0,21820.0,,,,,100.0,100.0,9178.7
5694.83,100.0,21719.8,,,,,100.0,100.0,9178.8
5695.83,0.0,21719.9,,,,,0.0,0.0,9159.4
5696.83,100.0,21761.5,,,,,100.0,100.0,9173.6
5697.83,0.0,21803.0,,,,,0.0,0.0,9161.1
5698.84,100.0,21823.8,,,,,100.0,100.0,9172.9
5699.84,100.0,21844.6,,,,,100.0,100.0,9160.1
5700.84,100.0,21944.6,,,,,100.0,100.0,9177.5
5701.84,0.0,21944.6,,,,,0.0,0.0,9177.5
5702.84,100.0,21903.3,,,,,100.0,100.0,9178.8
5703.84,100.0,21861.7,,,,,100.0,100.0,9178.9
5704.84,100.0,21820.0,,,,,100.0,100.0,9179.0
5705.84,0.0,21820.0,,,,,0.0,0.0,9179.0
5706.84,100.0,21719.9,,,,,100.0,100.0,9162.7
5707.84,0.0,21761.5,,,,,0.0,0.0,9166.7
5708.84,100.0,21782.3,,,,,100.0,100.0,9172.2
5709.84,100.0,21803.0,,,,,100.0,100.0,9159.4
5710.84,100.0,21803.0,,,,,100.0,100.0,9171.1
5711.84,0.0,21878.6,,,,,0.0,0.0,9175.2
5712.84,100.0,21944.6,,,,,100.0,100.0,9177.8
5713.84,100.0,21903.3,,,,,100.0,100.0,9179.1
5714.84,100.0,21861.7,,,,,100.0,100.0,9179.3
5715.84,0.0,21861.7,,,,,0.0,0.0,9179.3
5716.84,100.0,21820.0,,,,,100.0,100.0,9179.3
5717.84,100.0,21719.8,,,,,100.0,100.0,9160.9
5718.84,0.0,21761.5,,,,,0.0,0.0,9173.7
5719.84,100.0,21761.5,,,,,100.0,100.0,9160.5
5720.84,100.0,21803.0,,,,,100.0,100.0,9154.2
5721.84,0.0,21844.6,,,,,0.0,0.0,9161.3
5722.84,100.0,21844.6,,,,,100.0,100.0,9171.8
5723.84,100.0,21944.6,,,,,100.0,100.0,9177.9
5724.84,100.0,21903.3,,,,,100.0,100.0,9179.2
5725.84,0.0,21903.3,,,,,0.0,0.0,9179.2
5726.84,100.0,21861.7,,,,,100.0,100.0,9179.4
5727.84,100.0,21820.0,,,,,100.0,100.0,9179.4
5728.84,100.0,21719.8,,,,,100.0,100.0,9179.5
5729.84,0.0,21719.9,,,,,0.0,0.0,9161.9
5730.84,100.0,21761.5,,,,,100.0,100.0,9174.4
5731.84,0.0,21803.0,,,,,0.0,0.0,9162.4
5732.84,100.0,21823.8,,,,,100.0,100.0,9172.6
5733.84,100.0,21844.6,,,,,100.0,100.0,9175.7
5734.84,100.0,21944.6,,,,,100.0,100.0,9178.1
5735.84,0.0,21944.6,,,,,0.0,0.0,9178.1
5736.84,100.0,21903.3,,,,,100.0,100.0,9179.4
5737.84,100.0,21861.7,,,,,100.0,100.0,9179.6
5738.84,100.0,21820.0,,,,,100.0,100.0,9179.6
5739.84,0.0,21820.0,,,,,0.0,0.0,9179.6
5740.84,100.0,21719.9,,,,,100.0,100.0,9153.6
5741.84,0.0,21761.5,,,,,0.0,0.0,9160.4
5742.84,100.0,21782.3,,,,,100.0,100.0,9173.3
5743.84,100.0,21803.0,,,,,100.0,100.0,9161.2
5744.84,100.0,21803.0,,,,,100.0,100.0,9169.1
5745.84,0.0,21878.6,,,,,0.0,0.0,9176.1
5746.84,100.0,21944.6,,,,,100.0,100.0,9178.7
5747.84,100.0,21903.3,,,,,100.0,100.0,9180.0
5748.84,100.0,21861.7,,,,,100.0,100.0,9180.1
5749.84,0.0,21861.7,,,,,0.0,0.0,9180.1
5750.84,100.0,21820.0,,,,,100.0,100.0,9180.1
5751.84,100.0,21719.8,,,,,100.0,100.0,9161.4
5752.84,0.0,21761.5,,,,,0.0,0.0,9165.0
5753.84,100.0,21761.5,,,,,100.0,100.0,9168.3
5754.84,100.0,21803.0,,,,,100.0,100.0,9165.1
5755.84,0.0,21844.6,,,,,0.0,0.0,9161.5
5756.84,100.0,21861.6,,,,,100.0,100.0,9171.5
5757.84,100.0,21944.6,,,,,100.0,100.0,9178.6
5758.84,100.0,21903.3,,,,,100.0,100.0,9179.8
5759.84,0.0,21903.3,,,,,0.0,0.0,9179.8
5760.84,100.0,21861.7,,,,,100.0,100.0,9180.0
5761.84,100.0,21820.0,,,,,100.0,100.0,9180.0
5762.84,100.0,21719.8,,,,,100.0,100.0,9180.1
5763.84,0.0,21719.9,,,,,0.0,0.0,9161.7
5764.84,100.0,21761.5,,,,,100.0,100.0,9174.5
5765.84,0.0,21803.0,,,,,0.0,0.0,9162.1
5766.84,100.0,21823.8,,,,,100.0,100.0,9171.8
5767.84,100.0,21844.6,,,,,100.0,100.0,9176.2
5768.84,100.0,21944.6,,,,,100.0,100.0,9178.6
5769.84,0.0,21944.6,,,,,0.0,0.0,9178.6
5770.84,100.0,21903.3,,,,,100.0,100.0,9180.0
5771.84,100.0,21861.7,,,,,100.0,100.0,9180.2
5772.85,100.0,21820.0,,,,,100.0,100.0,9180.2
5773.85,0.0,21820.0,,,,,0.0,0.0,9180.2
5774.85,100.0,21719.9,,,,,100.0,100.0,9174.6
5775.85,0.0,21761.5,,,,,0.0,0.0,9162.0
5776.85,100.0,21803.0,,,,,100.0,100.0,9175.4
5777.85,100.0,21803.0,,,,,100.0,100.0,9161.5
5778.85,100.0,21822.6,,,,,100.0,100.0,9172.4
5779.85,0.0,21878.6,,,,,0.0,0.0,9176.4
5780.85,100.0,21944.6,,,,,100.0,100.0,9179.0
5781.85,100.0,21903.3,,,,,100.0,100.0,9180.3
5782.85,100.0,21861.7,,,,,100.0,100.0,9180.5
5783.85,0.0,21861.7,,,,,0.0,0.0,9180.5
5784.85,100.0,21820.0,,,,,100.0,100.0,9180.5
5785.85,100.0,21719.8,,,,,100.0,100.0,9162.0
5786.85,0.0,21761.5,,,,,0.0,0.0,9155.1
5787.85,100.0,21761.5,,,,,100.0,100.0,9160.9
5788.85,100.0,21782.3,,,,,100.0,100.0,9173.9
5789.85,0.0,21844.6,,,,,0.0,0.0,9169.9
5790.85,100.0,21861.6,,,,,100.0,100.0,9171.3
5791.85,100.0,21944.6,,,,,100.0,100.0,9179.3
5792.85,100.0,21903.3,,,,,100.0,100.0,9180.7
5793.85,0.0,21903.3,,,,,0.0,0.0,9180.7
5794.85,100.0,21861.7,,,,,100.0,100.0,9180.9
5795.85,100.0,21820.0,,,,,100.0,100.0,9180.9
5796.85,100.0,21719.8,,,,,100.0,100.0,9181.1
5797.85,0.0,21719.9,,,,,0.0,0.0,9163.1
5798.85,100.0,21761.5,,,,,100.0,100.0,9175.6
5799.85,0.0,21803.0,,,,,0.0,0.0,9176.0
5800.85,100.0,21803.0,,,,,100.0,100.0,9172.0
5801.85,100.0,21844.6,,,,,100.0,100.0,9176.8
5802.85,100.0,21944.6,,,,,100.0,100.0,9179.3
5803.85,0.0,21944.6,,,,,0.0,0.0,9179.3
5804.85,100.0,21903.3,,,,,100.0,100.0,9180.7
5805.85,100.0,21861.7,,,,,100.0,100.0,9180.9
5806.85,100.0,21820.0,,,,,100.0,100.0,9180.9
5807.85,0.0,21820.0,,,,,0.0,0.0,9180.9
5808.85,100.0,21719.9,,,,,100.0,100.0,9175.2
5809.85,0.0,21761.5,,,,,0.0,0.0,9163.4
5810.85,100.0,21803.0,,,,,100.0,100.0,9176.1
5811.85,100.0,21803.0,,,,,100.0,100.0,9163.0
5812.85,100.0,21823.8,,,,,100.0,100.0,9175.0
5813.85,0.0,21878.6,,,,,0.0,0.0,9176.8
5814.85,100.0,21944.6,,,,,100.0,100.0,9179.4
5815.85,100.0,21903.3,,,,,100.0,100.0,9180.8
5816.85,100.0,21861.7,,,,,100.0,100.0,9181.0
5817.85,0.0,21861.7,,,,,0.0,0.0,9181.0
5818.85,100.0,21820.0,,,,,100.0,100.0,9181.0
5819.85,100.0,21719.8,,,,,100.0,100.0,9162.1
5820.85,0.0,21761.5,,,,,0.0,0.0,9156.3
5821.85,100.0,21761.5,,,,,100.0,100.0,9162.9
5822.85,100.0,21803.0,,,,,100.0,100.0,9176.8
5823.85,0.0,21844.6,,,,,0.0,0.0,9164.5
5824.85,100.0,21861.6,,,,,100.0,100.0,9175.4
5825.85,100.0,21944.6,,,,,100.0,100.0,9179.8
5826.85,100.0,21903.3,,,,,100.0,100.0,9181.2
5827.85,0.0,21903.3,,,,,0.0,0.0,9181.2
5828.85,100.0,21861.7,,,,,100.0,100.0,9181.3
5829.85,100.0,21820.0,,,,,100.0,100.0,9181.3
5830.85,100.0,21719.8,,,,,100.0,100.0,9181.5
5831.85,0.0,21719.9,,,,,0.0,0.0,9164.5
5832.85,100.0,21761.5,,,,,100.0,100.0,9176.4
5833.85,0.0,21803.0,,,,,0.0,0.0,9162.8
5834.85,100.0,21844.6,,,,,100.0,100.0,9167.0
5835.85,100.0,21844.6,,,,,100.0,100.0,9162.6
5836.85,100.0,21944.6,,,,,100.0,100.0,9180.0
5837.85,0.0,21944.6,,,,,0.0,0.0,9180.0
5838.85,100.0,21903.3,,,,,100.0,100.0,9181.3
5839.85,100.0,21861.7,,,,,100.0,100.0,9181.5
5840.85,100.0,21820.0,,,,,100.0,100.0,9181.5
5841.85,0.0,21820.0,,,,,0.0,0.0,9181.5
5842.85,100.0,21719.9,,,,,100.0,100.0,9176.2
5843.85,0.0,21761.5,,,,,0.0,0.0,9164.0
5844.85,100.0,21803.0,,,,,100.0,100.0,9177.2
5845.86,100.0,21803.0,,,,,100.0,100.0,9163.5
5846.86,100.0,21823.8,,,,,100.0,100.0,9175.6
5847.86,0.0,21878.6,,,,,0.0,0.0,9178.0
5848.86,100.0,21944.6,,,,,100.0,100.0,9180.6
5849.86,100.0,21903.3,,,,,100.0,100.0,9181.9
5850.86,100.0,21861.7,,,,,100.0,100.0,9182.1
5851.86,0.0,21861.7,,,,,0.0,0.0,9182.1
5852.86,100.0,21820.0,,,,,100.0,100.0,9182.1
5853.86,100.0,21719.8,,,,,100.0,100.0,9162.8
5854.86,0.0,21761.5,,,,,0.0,0.0,9176.4
5855.86,100.0,21761.5,,,,,100.0,100.0,9163.6
5856.86,100.0,21799.3,,,,,100.0,100.0,9176.6
5857.86,0.0,21844.6,,,,,0.0,0.0,9164.5
5858.86,100.0,21861.6,,,,,100.0,100.0,9175.8
5859.86,100.0,21944.6,,,,,100.0,100.0,9180.4
5860.86,100.0,21903.3,,,,,100.0,100.0,9181.8
5861.86,0.0,21903.3,,,,,0.0,0.0,9181.8
5862.86,100.0,21861.7,,,,,100.0,100.0,9182.0
5863.86,100.0,21820.0,,,,,100.0,100.0,9182.0
5864.86,100.0,21719.8,,,,,100.0,100.0,9182.1
5865.86,0.0,21719.9,,,,,0.0,0.0,9164.1
5866.86,100.0,21761.5,,,,,100.0,100.0,9166.2
5867.86,0.0,21803.0,,,,,0.0,0.0,9164.0
5868.86,100.0,21844.6,,,,,100.0,100.0,9178.4
5869.86,100.0,21844.6,,,,,100.0,100.0,9163.5
5870.86,100.0,21944.6,,,,,100.0,100.0,9181.0
5871.86,0.0,21944.6,,,,,0.0,0.0,9181.0
5872.86,100.0,21903.3,,,,,100.0,100.0,9182.3
5873.86,100.0,21861.7,,,,,100.0,100.0,9182.5
5874.86,100.0,21820.0,,,,,100.0,100.0,9182.5
5875.86,0.0,21820.0,,,,,0.0,0.0,9182.5
5876.86,100.0,21719.9,,,,,100.0,100.0,9176.8
5877.86,0.0,21761.5,,,,,0.0,0.0,9166.0
5878.86,100.0,21803.0,,,,,100.0,100.0,9177.9
5879.86,100.0,21803.0,,,,,100.0,100.0,9171.3
5880.86,100.0,21823.8,,,,,100.0,100.0,9176.2
5881.86,0.0,21878.6,,,,,0.0,0.0,9178.3
5882.86,100.0,21944.6,,,,,100.0,100.0,9180.9
5883.86,100.0,21903.3,,,,,100.0,100.0,9182.3
5884.86,100.0,21861.7,,,,,100.0,100.0,9182.5
5885.86,0.0,21861.7,,,,,0.0,0.0,9182.5
5886.86,100.0,21820.0,,,,,100.0,100.0,9182.5
5887.86,100.0,21719.8,,,,,100.0,100.0,9164.7
5888.86,0.0,21761.5,,,,,0.0,0.0,9177.1
5889.86,100.0,21761.5,,,,,100.0,100.0,9164.3
5890.86,100.0,21803.0,,,,,100.0,100.0,9177.8
5891.86,0.0,21844.6,,,,,0.0,0.0,9165.9
5892.86,100.0,21861.6,,,,,100.0,100.0,9174.6
5893.86,100.0,21944.6,,,,,100.0,100.0,9181.2
5894.86,100.0,21903.3,,,,,100.0,100.0,9182.5
5895.86,0.0,21903.3,,,,,0.0,0.0,9182.5
5896.86,100.0,21861.7,,,,,100.0,100.0,9182.7
5897.86,100.0,21820.0,,,,,100.0,100.0,9182.7
5898.86,100.0,21719.8,,,,,100.0,100.0,9182.8
5899.86,0.0,21719.9,,,,,0.0,0.0,9164.7
5900.86,100.0,21761.5,,,,,100.0,100.0,9157.7
5901.86,0.0,21803.0,,,,,0.0,0.0,9165.1
5902.86,100.0,21844.6,,,,,100.0,100.0,9178.9
5903.86,100.0,21844.6,,,,,100.0,100.0,9165.3
5904.86,100.0,21944.6,,,,,100.0,100.0,9181.5
5905.86,0.0,21944.6,,,,,0.0,0.0,9181.5
5906.86,100.0,21903.3,,,,,100.0,100.0,9182.7
5907.86,100.0,21861.7,,,,,100.0,100.0,9182.9
5908.86,100.0,21820.0,,,,,100.0,100.0,9182.9
5909.86,0.0,21820.0,,,,,0.0,0.0,9182.9
5910.86,100.0,21719.9,,,,,100.0,100.0,9177.2
5911.86,0.0,21761.5,,,,,0.0,0.0,9165.8
5912.86,100.0,21803.0,,,,,100.0,100.0,9168.5
5913.86,100.0,21803.0,,,,,100.0,100.0,9171.8
5914.86,100.0,21823.8,,,,,100.0,100.0,9167.6
5915.86,0.0,21878.6,,,,,0.0,0.0,9179.3
5916.86,100.0,21944.6,,,,,100.0,100.0,9181.9
5917.86,100.0,21903.3,,,,,100.0,100.0,9183.4
5918.87,100.0,21861.7,,,,,100.0,100.0,9183.6
5919.87,0.0,21861.7,,,,,0.0,0.0,9183.6
5920.87,100.0,21820.0,,,,,100.0,100.0,9183.6
5921.87,100.0,21719.8,,,,,100.0,100.0,9165.8
5922.87,0.0,21761.5,,,,,0.0,0.0,9177.7
5923.87,100.0,21761.5,,,,,100.0,100.0,9166.9
5924.87,100.0,21803.0,,,,,100.0,100.0,9178.3
5925.87,0.0,21844.6,,,,,0.0,0.0,9166.8
5926.87,100.0,21861.6,,,,,100.0,100.0,9177.0
5927.87,100.0,21944.6,,,,,100.0,100.0,9181.7
5928.87,100.0,21903.3,,,,,100.0,100.0,9183.2
5929.87,0.0,21903.3,,,,,0.0,0.0,9183.2
5930.87,100.0,21861.7,,,,,100.0,100.0,9183.4
5931.87,100.0,21820.0,,,,,100.0,100.0,9183.4
5932.87,100.0,21719.8,,,,,100.0,100.0,9157.8
5933.87,0.0,21719.9,,,,,0.0,0.0,9168.1
5934.87,100.0,21761.5,,,,,100.0,100.0,9178.8
5935.87,0.0,21803.0,,,,,0.0,0.0,9167.4
5936.87,100.0,21844.6,,,,,100.0,100.0,9179.6
5937.87,100.0,21844.6,,,,,100.0,100.0,9167.1
5938.87,100.0,21944.6,,,,,100.0,100.0,9182.4
5939.87,0.0,21944.6,,,,,0.0,0.0,9182.4
5940.87,100.0,21903.3,,,,,100.0,100.0,9183.8
5941.87,100.0,21861.7,,,,,100.0,100.0,9183.9
5942.87,100.0,21820.0,,,,,100.0,100.0,9183.9
5943.87,0.0,21820.0,,,,,0.0,0.0,9183.9
5944.87,100.0,21719.9,,,,,100.0,100.0,9178.3
5945.87,0.0,21761.5,,,,,0.0,0.0,9168.4
5946.87,100.0,21803.0,,,,,100.0,100.0,9159.2
5947.87,100.0,21803.0,,,,,100.0,100.0,9166.2
5948.87,100.0,21844.6,,,,,100.0,100.0,9179.7
5949.87,0.0,21878.6,,,,,0.0,0.0,9180.1
5950.87,100.0,21944.6,,,,,100.0,100.0,9182.6
5951.87,100.0,21903.3,,,,,100.0,100.0,9184.1
5952.87,100.0,21861.7,,,,,100.0,100.0,9184.3
5953.87,0.0,21861.7,,,,,0.0,0.0,9184.3
5954.87,100.0,21820.0,,,,,100.0,100.0,9184.3
5955.87,100.0,21719.8,,,,,100.0,100.0,9167.9
5956.87,0.0,21761.5,,,,,0.0,0.0,9178.9
5957.87,100.0,21761.5,,,,,100.0,100.0,9169.3
5958.87,100.0,21803.0,,,,,100.0,100.0,9179.2
5959.87,0.0,21844.6,,,,,0.0,0.0,9173.8
5960.87,100.0,21878.6,,,,,100.0,100.0,9179.6
5961.87,100.0,21944.6,,,,,100.0,100.0,9182.4
5962.87,100.0,21903.3,,,,,100.0,100.0,9183.8
5963.87,0.0,21903.3,,,,,0.0,0.0,9183.8
5964.87,100.0,21861.7,,,,,100.0,100.0,9184.0
5965.87,100.0,21820.0,,,,,100.0,100.0,9184.0
5966.87,100.0,21719.8,,,,,100.0,100.0,9158.9
5967.87,0.0,21719.9,,,,,0.0,0.0,9167.0
5968.87,100.0,21761.5,,,,,100.0,100.0,9178.7
5969.87,0.0,21803.0,,,,,0.0,0.0,9166.4
5970.87,100.0,21844.6,,,,,100.0,100.0,9180.3
5971.87,100.0,21844.6,,,,,100.0,100.0,9166.4
5972.87,100.0,21944.6,,,,,100.0,100.0,9182.7
5973.87,0.0,21944.6,,,,,0.0,0.0,9182.7
5974.87,100.0,21903.3,,,,,100.0,100.0,9184.1
5975.87,100.0,21861.7,,,,,100.0,100.0,9184.3
5976.87,100.0,21820.0,,,,,100.0,100.0,9184.3
5977.87,0.0,21820.0,,,,,0.0,0.0,9184.3
5978.87,100.0,21719.9,,,,,100.0,100.0,9161.4
5979.87,0.0,21761.5,,,,,0.0,0.0,9171.7
5980.87,100.0,21803.0,,,,,100.0,100.0,9162.5
5981.87,100.0,21803.0,,,,,100.0,100.0,9167.6
5982.87,100.0,21844.6,,,,,100.0,100.0,9180.9
5983.87,0.0,21878.6,,,,,0.0,0.0,9180.7
5984.87,100.0,21944.6,,,,,100.0,100.0,9183.3
5985.87,100.0,21903.3,,,,,100.0,100.0,9184.8
5986.87,100.0,21861.7,,,,,100.0,100.0,9184.9
5987.87,0.0,21861.7,,,,,0.0,0.0,9184.9
5988.87,100.0,21820.0,,,,,100.0,100.0,9185.0
5989.88,100.0,21719.8,,,,,100.0,100.0,9171.7
5990.88,0.0,21761.5,,,,,0.0,0.0,9179.6
5991.88,100.0,21761.5,,,,,100.0,100.0,9170.0
5992.88,100.0,21803.0,,,,,100.0,100.0,9170.7
5993.88,0.0,21844.6,,,,,0.0,0.0,9175.1
5994.88,100.0,21878.6,,,,,100.0,100.0,9180.5
5995.88,100.0,21944.6,,,,,100.0,100.0,9183.2
5996.88,100.0,21903.3,,,,,100.0,100.0,9184.5
5997.88,0.0,21903.3,,,,,0.0,0.0,9184.5
5998.88,100.0,21861.7,,,,,100.0,100.0,9184.7
5999.88,100.0,21820.0,,,,,100.0,100.0,9184.7
6000.88,100.0,21719.8,,,,,100.0,100.0,9160.9
6001.88,0.0,21719.9,,,,,0.0,0.0,9172.4
6002.88,100.0,21761.5,,,,,100.0,100.0,9179.6
6003.88,0.0,21803.0,,,,,0.0,0.0,9168.9
6004.88,100.0,21844.6,,,,,100.0,100.0,9181.1
6005.88,100.0,21844.6,,,,,100.0,100.0,9168.0
6006.88,100.0,21944.6,,,,,100.0,100.0,9183.7
6007.88,0.0,21944.6,,,,,0.0,0.0,9183.7
6008.88,100.0,21903.3,,,,,100.0,100.0,9185.0
6009.88,100.0,21861.7,,,,,100.0,100.0,9185.2
6010.88,100.0,21820.0,,,,,100.0,100.0,9185.2
6011.88,0.0,21820.0,,,,,0.0,0.0,9185.2
6012.88,100.0,21719.9,,,,,100.0,100.0,9163.5
6013.88,0.0,21761.5,,,,,0.0,0.0,9179.8
6014.88,100.0,21782.3,,,,,100.0,100.0,9173.9
6015.88,100.0,21803.0,,,,,100.0,100.0,9178.3
6016.88,100.0,21803.0,,,,,100.0,100.0,9169.6
6017.88,0.0,21878.6,,,,,0.0,0.0,9179.2
6018.88,100.0,21944.6,,,,,100.0,100.0,9181.8
6019.88,100.0,21903.3,,,,,100.0,100.0,9183.1
6020.88,100.0,21861.7,,,,,100.0,100.0,9183.3
6021.88,0.0,21861.7,,,,,0.0,0.0,9183.3
6022.88,100.0,21820.0,,,,,100.0,100.0,9183.3
6023.88,100.0,21719.8,,,,,100.0,100.0,9171.1
6024.88,0.0,21761.5,,,,,0.0,0.0,9170.8
6025.88,100.0,21761.5,,,,,100.0,100.0,9171.1
6026.88,100.0,21803.0,,,,,100.0,100.0,9160.9
6027.88,0.0,21844.6,,,,,0.0,0.0,9169.3
6028.88,100.0,21878.6,,,,,100.0,100.0,9179.4
6029.88,100.0,21944.6,,,,,100.0,100.0,9182.2
6030.88,100.0,21903.3,,,,,100.0,100.0,9183.5
6031.88,0.0,21903.3,,,,,0.0,0.0,9183.5
6032.88,100.0,21861.7,,,,,100.0,100.0,9183.6
6033.88,100.0,21820.0,,,,,100.0,100.0,9183.6
6034.88,100.0,21719.8,,,,,100.0,100.0,9183.8
6035.88,0.0,21719.9,,,,,0.0,0.0,9172.1
6036.88,100.0,21761.5,,,,,100.0,100.0,9178.6
6037.88,0.0,21803.0,,,,,0.0,0.0,9171.2
6038.88,100.0,21844.6,,,,,100.0,100.0,9179.9
6039.88,100.0,21844.6,,,,,100.0,100.0,9169.1
6040.88,100.0,21944.6,,,,,100.0,100.0,9182.6
6041.88,0.0,21944.6,,,,,0.0,0.0,9182.6
6042.88,100.0,21903.3,,,,,100.0,100.0,9183.8
6043.88,100.0,21861.7,,,,,100.0,100.0,9183.9
6044.88,100.0,21820.0,,,,,100.0,100.0,9183.9
6045.88,0.0,21820.0,,,,,0.0,0.0,9183.9
6046.88,100.0,21719.9,,,,,100.0,100.0,9164.3
6047.88,0.0,21761.5,,,,,0.0,0.0,9174.1
6048.88,100.0,21803.0,,,,,100.0,100.0,9179.3
6049.88,100.0,21803.0,,,,,100.0,100.0,9171.6
6050.88,100.0,21844.6,,,,,100.0,100.0,9180.2
6051.88,0.0,21878.6,,,,,0.0,0.0,9180.2
6052.88,100.0,21944.6,,,,,100.0,100.0,9182.8
6053.88,100.0,21903.3,,,,,100.0,100.0,9184.0
6054.88,100.0,21861.7,,,,,100.0,100.0,9184.2
6055.88,0.0,21861.7,,,,,0.0,0.0,9184.2
6056.88,100.0,21820.0,,,,,100.0,100.0,9184.2
6057.88,100.0,21719.8,,,,,100.0,100.0,9173.5
6058.89,0.0,21761.5,,,,,0.0,0.0,9165.6
6059.89,100.0,21761.5,,,,,100.0,100.0,9172.8
6060.89,100.0,21803.0,,,,,100.0,100.0,9164.0
6061.89,0.0,21844.6,,,,,0.0,0.0,9170.9
6062.89,100.0,21878.6,,,,,100.0,100.0,9180.5
6063.89,100.0,21944.6,,,,,100.0,100.0,9183.0
6064.89,100.0,21903.3,,,,,100.0,100.0,9184.2
6065.89,0.0,21903.3,,,,,0.0,0.0,9184.2
6066.89,100.0,21861.7,,,,,100.0,100.0,9184.4
6067.89,100.0,21820.0,,,,,100.0,100.0,9184.4
6068.89,100.0,21719.8,,,,,100.0,100.0,9184.6
6069.89,0.0,21719.9,,,,,0.0,0.0,9176.0
6070.89,100.0,21761.5,,,,,100.0,100.0,9179.1
6071.89,0.0,21803.0,,,,,0.0,0.0,9170.9
6072.89,100.0,21844.6,,,,,100.0,100.0,9180.7
6073.89,100.0,21844.6,,,,,100.0,100.0,9175.0
6074.89,100.0,21944.6,,,,,100.0,100.0,9183.2
6075.89,0.0,21944.6,,,,,0.0,0.0,9183.2
6076.89,100.0,21903.3,,,,,100.0,100.0,9184.5
6077.89,100.0,21861.7,,,,,100.0,100.0,9184.6
6078.89,100.0,21820.0,,,,,100.0,100.0,9184.6
6079.89,0.0,21820.0,,,,,0.0,0.0,9184.6
6080.89,100.0,21719.9,,,,,100.0,100.0,9165.7
6081.89,0.0,21761.5,,,,,0.0,0.0,9173.7
6082.89,100.0,21803.0,,,,,100.0,100.0,9180.1
6083.89,100.0,21803.0,,,,,100.0,100.0,9171.5
6084.89,100.0,21844.6,,,,,100.0,100.0,9180.9
6085.89,0.0,21878.6,,,,,0.0,0.0,9181.0
6086.89,100.0,21944.6,,,,,100.0,100.0,9183.6
6087.89,100.0,21903.3,,,,,100.0,100.0,9184.8
6088.89,100.0,21861.7,,,,,100.0,100.0,9185.0
6089.89,0.0,21861.7,,,,,0.0,0.0,9185.0
6090.89,100.0,21820.0,,,,,100.0,100.0,9185.0
6091.89,100.0,21719.8,,,,,100.0,100.0,9175.6
6092.89,0.0,21761.5,,,,,0.0,0.0,9166.4
6093.89,100.0,21761.5,,,,,100.0,100.0,9174.7
6094.89,100.0,21803.0,,,,,100.0,100.0,9165.2
6095.89,0.0,21844.6,,,,,0.0,0.0,9173.0
6096.89,100.0,21878.6,,,,,100.0,100.0,9181.2
6097.89,100.0,21944.6,,,,,100.0,100.0,9184.0
6098.89,100.0,21903.3,,,,,100.0,100.0,9185.2
6099.89,0.0,21903.3,,,,,0.0,0.0,9185.2
6100.89,100.0,21861.7,,,,,100.0,100.0,9185.4
6101.89,100.0,21820.0,,,,,100.0,100.0,9185.4
6102.89,100.0,21719.8,,,,,100.0,100.0,9185.5
6103.89,0.0,21719.9,,,,,0.0,0.0,9175.8
6104.89,100.0,21761.5,,,,,100.0,100.0,9165.0
6105.89,0.0,21803.0,,,,,0.0,0.0,9172.1
6106.89,100.0,21844.6,,,,,100.0,100.0,9174.5
6107.89,100.0,21844.6,,,,,100.0,100.0,9170.8
6108.89,100.0,21944.6,,,,,100.0,100.0,9184.3
6109.89,0.0,21944.6,,,,,0.0,0.0,9184.3
6110.89,100.0,21903.3,,,,,100.0,100.0,9185.5
6111.89,100.0,21861.7,,,,,100.0,100.0,9185.7
6112.89,100.0,21820.0,,,,,100.0,100.0,9185.7
6113.89,0.0,21820.0,,,,,0.0,0.0,9185.7
6114.89,100.0,21719.9,,,,,100.0,100.0,9180.1
6115.89,0.0,21782.3,,,,,0.0,0.0,9176.8
6116.89,100.0,21803.0,,,,,100.0,100.0,9181.0
6117.89,100.0,21803.0,,,,,100.0,100.0,9173.7
6118.89,100.0,21844.6,,,,,100.0,100.0,9174.1
6119.89,0.0,21878.6,,,,,0.0,0.0,9181.8
6120.89,100.0,21944.6,,,,,100.0,100.0,9184.4
6121.89,100.0,21903.3,,,,,100.0,100.0,9185.7
6122.89,100.0,21861.7,,,,,100.0,100.0,9185.9
6123.89,0.0,21861.7,,,,,0.0,0.0,9185.9
6124.89,100.0,21820.0,,,,,100.0,100.0,9185.9
6125.89,100.0,21702.8,,,,,100.0,100.0,9176.6
6126.89,0.0,21761.5,,,,,0.0,0.0,9166.2
6127.9,100.0,21761.5,,,,,100.0,100.0,9172.7
6128.9,100.0,21803.0,,,,,100.0,100.0,9181.4
6129.9,0.0,21844.6,,,,,0.0,0.0,9171.7
6130.9,100.0,21878.6,,,,,100.0,100.0,9181.8
6131.9,100.0,21944.6,,,,,100.0,100.0,9184.6
6132.9,100.0,21903.3,,,,,100.0,100.0,9185.9
6133.9,0.0,21903.3,,,,,0.0,0.0,9185.9
6134.9,100.0,21861.7,,,,,100.0,100.0,9186.1
6135.9,100.0,21820.0,,,,,100.0,100.0,9186.1
6136.9,100.0,21719.8,,,,,100.0,100.0,9186.3
6137.9,0.0,21719.9,,,,,0.0,0.0,9178.9
6138.9,100.0,21761.5,,,,,100.0,100.0,9167.3
6139.9,0.0,21823.8,,,,,0.0,0.0,9181.2
6140.9,100.0,21844.6,,,,,100.0,100.0,9168.4
6141.9,100.0,21844.6,,,,,100.0,100.0,9174.5
6142.9,100.0,21944.6,,,,,100.0,100.0,9184.8
6143.9,0.0,21944.6,,,,,0.0,0.0,9184.8
6144.9,100.0,21903.3,,,,,100.0,100.0,9186.1
6145.9,100.0,21861.7,,,,,100.0,100.0,9186.2
6146.9,100.0,21820.0,,,,,100.0,100.0,9186.2
6147.9,0.0,21820.0,,,,,0.0,0.0,9186.2
6148.9,100.0,21719.9,,,,,100.0,100.0,9180.9
6149.9,0.0,21761.5,,,,,0.0,0.0,9175.7
6150.9,100.0,21803.0,,,,,100.0,100.0,9181.9
6151.9,100.0,21803.0,,,,,100.0,100.0,9173.4
6152.9,100.0,21844.6,,,,,100.0,100.0,9182.7
6153.9,0.0,21878.6,,,,,0.0,0.0,9182.6
6154.9,100.0,21944.6,,,,,100.0,100.0,9185.1
6155.9,100.0,21903.3,,,,,100.0,100.0,9186.3
6156.9,100.0,21861.7,,,,,100.0,100.0,9186.5
6157.9,0.0,21861.7,,,,,0.0,0.0,9186.5
6158.9,100.0,21820.0,,,,,100.0,100.0,9186.5
6159.9,100.0,21685.8,,,,,100.0,100.0,9177.8
6160.9,0.0,21761.5,,,,,0.0,0.0,9167.7
6161.9,100.0,21761.5,,,,,100.0,100.0,9176.1
6162.9,100.0,21803.0,,,,,100.0,100.0,9181.9
6163.9,0.0,21844.6,,,,,0.0,0.0,9175.4
6164.9,100.0,21878.6,,,,,100.0,100.0,9182.5
6165.9,100.0,21944.6,,,,,100.0,100.0,9185.3
6166.9,100.0,21903.3,,,,,100.0,100.0,9186.6
6167.9,0.0,21903.3,,,,,0.0,0.0,9186.6
6168.9,100.0,21861.7,,,,,100.0,100.0,9186.8
6169.9,100.0,21820.0,,,,,100.0,100.0,9186.8
6170.9,100.0,21719.8,,,,,100.0,100.0,9165.5
6171.9,0.0,21719.9,,,,,0.0,0.0,9177.0
6172.9,100.0,21761.5,,,,,100.0,100.0,9167.1
6173.9,0.0,21803.0,,,,,0.0,0.0,9174.8
6174.9,100.0,21844.6,,,,,100.0,100.0,9167.2
6175.9,100.0,21844.6,,,,,100.0,100.0,9172.6
6176.9,100.0,21944.6,,,,,100.0,100.0,9185.6
6177.9,0.0,21944.6,,,,,0.0,0.0,9185.6
6178.9,100.0,21903.3,,,,,100.0,100.0,9186.8
6179.9,100.0,21861.7,,,,,100.0,100.0,9187.0
6180.9,100.0,21820.0,,,,,100.0,100.0,9187.0
6181.9,0.0,21820.0,,,,,0.0,0.0,9187.0
6182.9,100.0,21719.9,,,,,100.0,100.0,9181.3
6183.9,0.0,21761.5,,,,,0.0,0.0,9179.6
6184.9,100.0,21803.0,,,,,100.0,100.0,9175.1
6185.9,100.0,21803.0,,,,,100.0,100.0,9173.8
6186.9,100.0,21844.6,,,,,100.0,100.0,9174.4
6187.9,0.0,21878.6,,,,,0.0,0.0,9183.4
6188.9,100.0,21944.6,,,,,100.0,100.0,9185.9
6189.9,100.0,21903.3,,,,,100.0,100.0,9187.2
6190.9,100.0,21861.7,,,,,100.0,100.0,9187.3
6191.9,0.0,21861.7,,,,,0.0,0.0,9187.3
6192.9,100.0,21820.0,,,,,100.0,100.0,9187.3
6193.9,100.0,21705.9,,,,,100.0,100.0,9180.6
6194.9,0.0,21761.5,,,,,0.0,0.0,9181.8
6195.9,100.0,21761.5,,,,,100.0,100.0,9176.3
6196.9,100.0,21803.0,,,,,100.0,100.0,9182.6
6197.9,0.0,21844.6,,,,,0.0,0.0,9175.1
6198.91,100.0,21878.6,,,,,100.0,100.0,9183.2
6199.91,100.0,21944.6,,,,,100.0,100.0,9186.0
6200.91,100.0,21903.3,,,,,100.0,100.0,9187.4
6201.91,0.0,21903.3,,,,,0.0,0.0,9187.4
6202.91,100.0,21861.7,,,,,100.0,100.0,9187.5
6203.91,100.0,21820.0,,,,,100.0,100.0,9187.5
6204.91,100.0,21719.8,,,,,100.0,100.0,9166.8
6205.91,0.0,21761.5,,,,,0.0,0.0,9181.7
6206.91,100.0,21761.5,,,,,100.0,100.0,9168.3
6207.91,0.0,21803.0,,,,,0.0,0.0,9175.1
6208.91,100.0,21844.6,,,,,100.0,100.0,9183.6
6209.91,100.0,21844.6,,,,,100.0,100.0,9173.4
6210.91,100.0,21944.6,,,,,100.0,100.0,9186.2
6211.91,0.0,21944.6,,,,,0.0,0.0,9186.2
6212.91,100.0,21903.3,,,,,100.0,100.0,9187.6
6213.91,100.0,21861.7,,,,,100.0,100.0,9187.8
6214.91,100.0,21820.0,,,,,100.0,100.0,9187.8
6215.91,0.0,21820.0,,,,,0.0,0.0,9187.8
6216.91,100.0,21719.9,,,,,100.0,100.0,9167.6
6217.91,0.0,21782.3,,,,,0.0,0.0,9181.3
6218.91,100.0,21803.0,,,,,100.0,100.0,9169.4
6219.91,100.0,21823.8,,,,,100.0,100.0,9178.4
6220.91,100.0,21844.6,,,,,100.0,100.0,9168.7
6221.91,0.0,21878.6,,,,,0.0,0.0,9184.0
6222.91,100.0,21944.6,,,,,100.0,100.0,9186.6
6223.91,100.0,21903.3,,,,,100.0,100.0,9187.9
6224.91,100.0,21861.7,,,,,100.0,100.0,9188.1
6225.91,0.0,21861.7,,,,,0.0,0.0,9188.1
6226.91,100.0,21820.0,,,,,100.0,100.0,9188.1
6227.91,100.0,21719.9,,,,,100.0,100.0,9182.0
6228.91,0.0,21761.5,,,,,0.0,0.0,9182.6
6229.91,100.0,21761.5,,,,,100.0,100.0,9177.6
6230.91,100.0,21803.0,,,,,100.0,100.0,9183.6
6231.91,100.0,21837.0,,,,,100.0,100.0,9175.0
6232.91,0.0,21878.6,,,,,0.0,0.0,9183.9
6233.91,100.0,21944.6,,,,,100.0,100.0,9186.7
6234.91,100.0,21903.3,,,,,100.0,100.0,9188.0
6235.91,0.0,21903.3,,,,,0.0,0.0,9188.0
6236.91,100.0,21861.7,,,,,100.0,100.0,9188.2
6237.91,100.0,21820.0,,,,,100.0,100.0,9188.2
6238.91,100.0,21719.8,,,,,100.0,100.0,9168.4
6239.91,0.0,21740.7,,,,,0.0,0.0,9180.4
6240.91,100.0,21761.5,,,,,100.0,100.0,9169.0
6241.91,100.0,21761.5,,,,,100.0,100.0,9174.3
6242.91,0.0,21844.6,,,,,0.0,0.0,9184.3
6243.91,100.0,21844.6,,,,,100.0,100.0,9173.0
6244.91,100.0,21944.6,,,,,100.0,100.0,9187.0
6245.91,100.0,21903.1,,,,,100.0,100.0,9188.1
6246.91,0.0,21903.3,,,,,0.0,0.0,9188.3
6247.91,100.0,21861.7,,,,,100.0,100.0,9188.5
6248.91,100.0,21820.0,,,,,100.0,100.0,9188.5
6249.91,0.0,21820.0,,,,,0.0,0.0,9188.5
6250.91,100.0,21719.9,,,,,100.0,100.0,9168.8
6251.91,100.0,21740.7,,,,,100.0,100.0,9181.3
6252.91,0.0,21803.0,,,,,0.0,0.0,9169.8
6253.91,100.0,21823.8,,,,,100.0,100.0,9178.8
6254.91,100.0,21844.6,,,,,100.0,100.0,9168.5
6255.91,100.0,21843.0,,,,,100.0,100.0,9185.2
6256.91,0.0,21944.6,,,,,0.0,0.0,9187.2
6257.91,100.0,21903.3,,,,,100.0,100.0,9188.5
6258.91,100.0,21861.7,,,,,100.0,100.0,9188.7
6259.91,0.0,21861.7,,,,,0.0,0.0,9188.7
6260.91,100.0,21820.0,,,,,100.0,100.0,9188.7
6261.92,100.0,21719.9,,,,,100.0,100.0,9183.0
6262.92,0.0,21761.5,,,,,0.0,0.0,9183.4
6263.92,100.0,21782.3,,,,,100.0,100.0,9181.2
6264.92,100.0,21803.0,,,,,100.0,100.0,9177.3
6265.92,100.0,21803.0,,,,,100.0,100.0,9179.5
6266.92,0.0,21878.6,,,,,0.0,0.0,9184.7
6267.92,100.0,21944.6,,,,,100.0,100.0,9187.5
6268.92,100.0,21903.3,,,,,100.0,100.0,9188.8
6269.92,0.0,21903.3,,,,,0.0,0.0,9188.8
6270.92,100.0,21861.7,,,,,100.0,100.0,9188.9
6271.92,100.0,21820.0,,,,,100.0,100.0,9188.9
6272.92,100.0,21719.8,,,,,100.0,100.0,9169.4
6273.92,0.0,21740.7,,,,,0.0,0.0,9180.9
6274.92,100.0,21761.5,,,,,100.0,100.0,9168.5
6275.92,100.0,21761.5,,,,,100.0,100.0,9176.3
6276.92,0.0,21844.6,,,,,0.0,0.0,9185.1
6277.92,100.0,21844.6,,,,,100.0,100.0,9175.1
6278.92,100.0,21944.6,,,,,100.0,100.0,9187.7
6279.92,0.0,21944.6,,,,,0.0,0.0,9187.7
6280.92,100.0,21903.3,,,,,100.0,100.0,9189.0
6281.92,100.0,21861.7,,,,,100.0,100.0,9189.2
6282.92,100.0,21820.0,,,,,100.0,100.0,9189.2
6283.92,0.0,21820.0,,,,,0.0,0.0,9189.2
6284.92,100.0,21719.9,,,,,100.0,100.0,9169.3
6285.92,100.0,21761.5,,,,,100.0,100.0,9184.1
6286.92,0.0,21803.0,,,,,0.0,0.0,9171.2
6287.92,100.0,21803.0,,,,,100.0,100.0,9180.2
6288.92,100.0,21844.6,,,,,100.0,100.0,9185.7
6289.92,100.0,21944.6,,,,,100.0,100.0,9188.0
6290.92,0.0,21944.6,,,,,0.0,0.0,9188.1
6291.92,100.0,21903.3,,,,,100.0,100.0,9189.3
6292.92,100.0,21861.7,,,,,100.0,100.0,9189.5
6293.92,100.0,21820.0,,,,,100.0,100.0,9189.5
6294.92,0.0,21820.0,,,,,0.0,0.0,9189.5
6295.92,100.0,21719.9,,,,,100.0,100.0,9183.6
6296.92,0.0,21761.5,,,,,0.0,0.0,9170.4
6297.92,100.0,21782.3,,,,,100.0,100.0,9181.9
6298.92,100.0,21803.0,,,,,100.0,100.0,9171.9
6299.92,100.0,21803.0,,,,,100.0,100.0,9180.2
6300.92,0.0,21878.6,,,,,0.0,0.0,9185.7
6301.92,100.0,21944.6,,,,,100.0,100.0,9188.3
6302.92,100.0,21903.3,,,,,100.0,100.0,9189.6
6303.92,100.0,21861.7,,,,,100.0,100.0,9189.8
6304.92,0.0,21861.7,,,,,0.0,0.0,9189.8
6305.92,100.0,21820.0,,,,,100.0,100.0,9189.8
6306.92,100.0,21719.8,,,,,100.0,100.0,9170.8
6307.92,0.0,21761.5,,,,,0.0,0.0,9184.3
6308.92,100.0,21761.5,,,,,100.0,100.0,9184.9
6309.92,100.0,21761.5,,,,,100.0,100.0,9182.0
6310.92,0.0,21844.6,,,,,0.0,0.0,9178.0
6311.92,100.0,21844.6,,,,,100.0,100.0,9179.0
6312.92,100.0,21944.6,,,,,100.0,100.0,9188.7
6313.92,100.0,21903.1,,,,,100.0,100.0,9189.9
6314.92,0.0,21903.3,,,,,0.0,0.0,9189.9
6315.92,100.0,21861.7,,,,,100.0,100.0,9190.1
6316.92,100.0,21820.0,,,,,100.0,100.0,9190.1
6317.92,100.0,21719.8,,,,,100.0,100.0,9190.2
6318.92,0.0,21719.9,,,,,0.0,0.0,9171.3
6319.92,100.0,21761.5,,,,,100.0,100.0,9184.7
6320.92,0.0,21803.0,,,,,0.0,0.0,9172.7
6321.92,100.0,21823.8,,,,,100.0,100.0,9183.1
6322.92,100.0,21844.6,,,,,100.0,100.0,9186.3
6323.92,100.0,21944.6,,,,,100.0,100.0,9188.6
6324.92,0.0,21944.6,,,,,0.0,0.0,9188.6
6325.92,100.0,21903.3,,,,,100.0,100.0,9190.0
6326.92,100.0,21861.7,,,,,100.0,100.0,9190.2
6327.92,100.0,21820.0,,,,,100.0,100.0,9190.2
6328.92,0.0,21820.0,,,,,0.0,0.0,9190.2
6329.92,100.0,21719.9,,,,,100.0,100.0,9163.9
6330.92,0.0,21761.5,,,,,0.0,0.0,9171.5
6331.92,100.0,21803.0,,,,,100.0,100.0,9185.2
6332.92,100.0,21803.0,,,,,100.0,100.0,9171.6
6333.93,100.0,21803.0,,,,,100.0,100.0,9178.7
6334.93,0.0,21878.6,,,,,0.0,0.0,9186.2
6335.93,100.0,21944.6,,,,,100.0,100.0,9188.8
6336.93,100.0,21903.3,,,,,100.0,100.0,9190.3
6337.93,100.0,21861.7,,,,,100.0,100.0,9190.4
6338.93,0.0,21861.7,,,,,0.0,0.0,9190.4
6339.93,100.0,21820.0,,,,,100.0,100.0,9190.5
6340.93,100.0,21719.8,,,,,100.0,100.0,9172.2
6341.93,0.0,21761.5,,,,,0.0,0.0,9184.8
6342.93,100.0,21761.5,,,,,100.0,100.0,9183.6
6343.93,100.0,21782.3,,,,,100.0,100.0,9182.3
6344.93,0.0,21844.6,,,,,0.0,0.0,9179.1
6345.93,100.0,21844.6,,,,,100.0,100.0,9179.6
6346.93,100.0,21944.6,,,,,100.0,100.0,9189.1
6347.93,100.0,21903.3,,,,,100.0,100.0,9190.4
6348.93,0.0,21903.3,,,,,0.0,0.0,9190.4
6349.93,100.0,21861.7,,,,,100.0,100.0,9190.6
6350.93,100.0,21820.0,,,,,100.0,100.0,9190.6
6351.93,100.0,21719.8,,,,,100.0,100.0,9190.7
6352.93,0.0,21719.9,,,,,0.0,0.0,9172.9
6353.93,100.0,21761.5,,,,,100.0,100.0,9185.1
6354.93,0.0,21803.0,,,,,0.0,0.0,9173.0
6355.93,100.0,21803.0,,,,,100.0,100.0,9179.8
6356.93,100.0,21844.6,,,,,100.0,100.0,9186.9
6357.93,100.0,21944.6,,,,,100.0,100.0,9189.4
6358.93,0.0,21944.6,,,,,0.0,0.0,9189.4
6359.93,100.0,21903.3,,,,,100.0,100.0,9190.8
6360.93,100.0,21861.7,,,,,100.0,100.0,9190.9
6361.93,100.0,21820.0,,,,,100.0,100.0,9190.9
6362.93,0.0,21820.0,,,,,0.0,0.0,9190.9
6363.93,100.0,21719.9,,,,,100.0,100.0,9185.2
6364.93,0.0,21761.5,,,,,0.0,0.0,9172.8
6365.93,100.0,21803.0,,,,,100.0,100.0,9186.2
6366.93,100.0,21803.0,,,,,100.0,100.0,9173.6
6367.93,100.0,21844.6,,,,,100.0,100.0,9186.9
6368.93,0.0,21878.6,,,,,0.0,0.0,9187.1
6369.93,100.0,21944.6,,,,,100.0,100.0,9189.7
6370.93,100.0,21903.3,,,,,100.0,100.0,9191.0
6371.93,100.0,21861.7,,,,,100.0,100.0,9191.1
6372.93,0.0,21861.7,,,,,0.0,0.0,9191.1
6373.93,100.0,21820.0,,,,,100.0,100.0,9191.2
6374.93,100.0,21719.8,,,,,100.0,100.0,9191.3
6375.93,0.0,21761.5,,,,,0.0,0.0,9175.8
6376.93,100.0,21761.5,,,,,100.0,100.0,9178.8
6377.93,100.0,21782.3,,,,,100.0,100.0,9182.5
6378.93,0.0,21844.6,,,,,0.0,0.0,9180.6
6379.93,100.0,21844.6,,,,,100.0,100.0,9178.7
6380.93,100.0,21944.6,,,,,100.0,100.0,9190.0
6381.93,100.0,21903.3,,,,,100.0,100.0,9191.2
6382.93,0.0,21903.3,,,,,0.0,0.0,9191.2
6383.93,100.0,21861.7,,,,,100.0,100.0,9191.4
6384.93,100.0,21820.0,,,,,100.0,100.0,9191.4
6385.93,100.0,21719.8,,,,,100.0,100.0,9191.6
6386.93,0.0,21719.9,,,,,0.0,0.0,9174.0
6387.93,100.0,21761.5,,,,,100.0,100.0,9186.2
6388.93,0.0,21803.0,,,,,0.0,0.0,9186.8
6389.93,100.0,21823.8,,,,,100.0,100.0,9173.5
6390.93,100.0,21844.6,,,,,100.0,100.0,9180.8
6391.93,100.0,21944.6,,,,,100.0,100.0,9190.1
6392.93,0.0,21944.6,,,,,0.0,0.0,9190.1
6393.93,100.0,21903.3,,,,,100.0,100.0,9191.4
6394.93,100.0,21861.7,,,,,100.0,100.0,9191.6
6395.93,100.0,21820.0,,,,,100.0,100.0,9191.6
6396.93,0.0,21820.0,,,,,0.0,0.0,9191.6
6397.93,100.0,21719.9,,,,,100.0,100.0,9185.9
6398.93,0.0,21761.5,,,,,0.0,0.0,9174.9
6399.93,100.0,21782.3,,,,,100.0,100.0,9185.5
6400.93,100.0,21803.0,,,,,100.0,100.0,9174.8
6401.93,100.0,21823.8,,,,,100.0,100.0,9185.1
6402.93,0.0,21878.6,,,,,0.0,0.0,9187.8
6403.94,100.0,21944.6,,,,,100.0,100.0,9190.4
6404.94,100.0,21903.3,,,,,100.0,100.0,9191.7
6405.94,100.0,21861.7,,,,,100.0,100.0,9191.9
6406.94,0.0,21861.7,,,,,0.0,0.0,9191.9
6407.94,100.0,21820.0,,,,,100.0,100.0,9191.9
6408.94,100.0,21719.8,,,,,100.0,100.0,9172.3
6409.94,0.0,21761.5,,,,,0.0,0.0,9167.3
6410.94,100.0,21761.5,,,,,100.0,100.0,9173.4
6411.94,100.0,21782.3,,,,,100.0,100.0,9186.2
6412.94,0.0,21844.6,,,,,0.0,0.0,9174.6
6413.94,100.0,21844.6,,,,,100.0,100.0,9183.0
6414.94,100.0,21944.6,,,,,100.0,100.0,9190.6
6415.94,100.0,21903.3,,,,,100.0,100.0,9191.9
6416.94,0.0,21903.3,,,,,0.0,0.0,9191.9
6417.94,100.0,21861.7,,,,,100.0,100.0,9192.1
6418.94,100.0,21820.0,,,,,100.0,100.0,9192.1
6419.94,100.0,21719.8,,,,,100.0,100.0,9192.2
6420.94,0.0,21719.9,,,,,0.0,0.0,9174.9
6421.94,100.0,21761.5,,,,,100.0,100.0,9186.9
6422.94,0.0,21803.0,,,,,0.0,0.0,9187.6
6423.94,100.0,21820.5,,,,,100.0,100.0,9187.2
6424.94,100.0,21844.6,,,,,100.0,100.0,9180.8
6425.94,100.0,21944.6,,,,,100.0,100.0,9190.8
6426.94,0.0,21944.6,,,,,0.0,0.0,9190.8
6427.94,100.0,21903.3,,,,,100.0,100.0,9192.1
6428.94,100.0,21861.7,,,,,100.0,100.0,9192.3
6429.94,100.0,21820.0,,,,,100.0,100.0,9192.3
6430.94,0.0,21820.0,,,,,0.0,0.0,9192.3
6431.94,100.0,21719.9,,,,,100.0,100.0,9186.6
6432.94,0.0,21761.5,,,,,0.0,0.0,9175.4
6433.94,100.0,21803.0,,,,,100.0,100.0,9187.6
6434.94,100.0,21803.0,,,,,100.0,100.0,9175.1
6435.94,100.0,21823.8,,,,,100.0,100.0,9186.0
6436.94,0.0,21878.6,,,,,0.0,0.0,9188.7
6437.94,100.0,21944.6,,,,,100.0,100.0,9191.4
6438.94,100.0,21903.3,,,,,100.0,100.0,9192.7
6439.94,100.0,21861.7,,,,,100.0,100.0,9192.8
6440.94,0.0,21861.7,,,,,0.0,0.0,9192.8
6441.94,100.0,21820.0,,,,,100.0,100.0,9192.8
6442.94,100.0,21719.8,,,,,100.0,100.0,9173.6
6443.94,0.0,21761.5,,,,,0.0,0.0,9187.2
6444.94,100.0,21761.5,,,,,100.0,100.0,9174.3
6445.94,100.0,21803.0,,,,,100.0,100.0,9188.2
6446.94,0.0,21844.6,,,,,0.0,0.0,9175.4
6447.94,100.0,21844.6,,,,,100.0,100.0,9183.6
6448.94,100.0,21944.6,,,,,100.0,100.0,9191.7
6449.94,100.0,21903.3,,,,,100.0,100.0,9193.0
6450.94,0.0,21903.3,,,,,0.0,0.0,9193.0
6451.94,100.0,21861.7,,,,,100.0,100.0,9193.2
6452.94,100.0,21820.0,,,,,100.0,100.0,9193.2
6453.94,100.0,21719.8,,,,,100.0,100.0,9193.4
6454.94,0.0,21719.9,,,,,0.0,0.0,9181.1
6455.94,100.0,21761.5,,,,,100.0,100.0,9177.9
6456.94,0.0,21803.0,,,,,0.0,0.0,9175.7
6457.94,100.0,21844.6,,,,,100.0,100.0,9189.1
6458.94,100.0,21844.6,,,,,100.0,100.0,9175.0
6459.94,100.0,21944.6,,,,,100.0,100.0,9191.6
6460.94,0.0,21944.6,,,,,0.0,0.0,9191.6
6461.94,100.0,21903.3,,,,,100.0,100.0,9192.9
6462.94,100.0,21861.7,,,,,100.0,100.0,9193.1
6463.94,100.0,21820.0,,,,,100.0,100.0,9193.1
6464.94,0.0,21820.0,,,,,0.0,0.0,9193.1
6465.94,100.0,21719.9,,,,,100.0,100.0,9187.4
6466.94,0.0,21761.5,,,,,0.0,0.0,9176.0
6467.94,100.0,21803.0,,,,,100.0,100.0,9188.3
6468.94,100.0,21803.0,,,,,100.0,100.0,9188.6
6469.94,100.0,21823.8,,,,,100.0,100.0,9184.2
6470.94,0.0,21878.6,,,,,0.0,0.0,9189.2
6471.94,100.0,21944.6,,,,,100.0,100.0,9191.8
6472.94,100.0,21903.3,,,,,100.0,100.0,9193.2
6473.94,100.0,21861.7,,,,,100.0,100.0,9193.4
6474.94,0.0,21861.7,,,,,0.0,0.0,9193.4
6475.94,100.0,21820.0,,,,,100.0,100.0,9193.4
6476.94,100.0,21719.8,,,,,100.0,100.0,9174.4
6477.95,0.0,21761.5,,,,,0.0,0.0,9187.9
6478.95,100.0,21761.5,,,,,100.0,100.0,9175.6
6479.95,100.0,21782.3,,,,,100.0,100.0,9186.9
6480.95,0.0,21844.6,,,,,0.0,0.0,9175.6
6481.95,100.0,21844.6,,,,,100.0,100.0,9181.1
6482.95,100.0,21944.6,,,,,100.0,100.0,9192.1
6483.95,100.0,21903.3,,,,,100.0,100.0,9193.4
6484.95,0.0,21903.3,,,,,0.0,0.0,9193.4
6485.95,100.0,21861.7,,,,,100.0,100.0,9193.6
6486.95,100.0,21820.0,,,,,100.0,100.0,9193.6
6487.95,100.0,21719.8,,,,,100.0,100.0,9193.8
6488.95,0.0,21719.9,,,,,0.0,0.0,9175.6
6489.95,100.0,21761.5,,,,,100.0,100.0,9168.8
6490.95,0.0,21803.0,,,,,0.0,0.0,9176.1
6491.95,100.0,21823.8,,,,,100.0,100.0,9185.4
6492.95,100.0,21844.6,,,,,100.0,100.0,9175.7
6493.95,100.0,21944.6,,,,,100.0,100.0,9192.4
6494.95,0.0,21944.6,,,,,0.0,0.0,9192.4
6495.95,100.0,21903.3,,,,,100.0,100.0,9193.7
6496.95,100.0,21861.7,,,,,100.0,100.0,9193.7
6497.95,100.0,21820.0,,,,,100.0,100.0,9193.8
6498.95,0.0,21820.0,,,,,0.0,0.0,9193.8
6499.95,100.0,21719.9,,,,,100.0,100.0,9188.3
6500.95,0.0,21761.5,,,,,0.0,0.0,9177.6
6501.95,100.0,21803.0,,,,,100.0,100.0,9179.9
6502.95,100.0,21803.0,,,,,100.0,100.0,9183.1
6503.95,100.0,21823.8,,,,,100.0,100.0,9187.6
6504.95,0.0,21878.6,,,,,0.0,0.0,9190.4
6505.95,100.0,21944.6,,,,,100.0,100.0,9192.9
6506.95,100.0,21903.3,,,,,100.0,100.0,9194.3
6507.95,100.0,21861.7,,,,,100.0,100.0,9194.5
6508.95,0.0,21861.7,,,,,0.0,0.0,9194.5
6509.95,100.0,21820.0,,,,,100.0,100.0,9194.5
6510.95,100.0,21719.8,,,,,100.0,100.0,9175.9
6511.95,0.0,21761.5,,,,,0.0,0.0,9188.9
6512.95,100.0,21761.5,,,,,100.0,100.0,9177.7
6513.95,100.0,21782.3,,,,,100.0,100.0,9188.5
6514.95,0.0,21844.6,,,,,0.0,0.0,9177.1
6515.95,100.0,21861.6,,,,,100.0,100.0,9185.8
6516.95,100.0,21944.6,,,,,100.0,100.0,9193.0
6517.95,100.0,21903.3,,,,,100.0,100.0,9194.5
6518.95,0.0,21903.3,,,,,0.0,0.0,9194.5
6519.95,100.0,21861.7,,,,,100.0,100.0,9194.7
6520.95,100.0,21820.0,,,,,100.0,100.0,9194.7
6521.95,100.0,21719.8,,,,,100.0,100.0,9168.7
6522.95,0.0,21719.9,,,,,0.0,0.0,9177.5
6523.95,100.0,21761.5,,,,,100.0,100.0,9189.5
6524.95,0.0,21803.0,,,,,0.0,0.0,9177.7
6525.95,100.0,21823.8,,,,,100.0,100.0,9188.4
6526.95,100.0,21844.6,,,,,100.0,100.0,9178.3
6527.95,100.0,21944.6,,,,,100.0,100.0,9193.2
6528.95,0.0,21944.6,,,,,0.0,0.0,9193.2
6529.95,100.0,21903.3,,,,,100.0,100.0,9194.5
6530.95,100.0,21861.7,,,,,100.0,100.0,9194.6
6531.95,100.0,21820.0,,,,,100.0,100.0,9194.7
6532.95,0.0,21820.0,,,,,0.0,0.0,9194.7
6533.95,100.0,21719.9,,,,,100.0,100.0,9188.9
6534.95,0.0,21761.5,,,,,0.0,0.0,9177.7
6535.95,100.0,21803.0,,,,,100.0,100.0,9170.7
6536.95,100.0,21803.0,,,,,100.0,100.0,9176.7
6537.95,100.0,21843.2,,,,,100.0,100.0,9190.7
6538.95,0.0,21878.6,,,,,0.0,0.0,9190.9
6539.95,100.0,21944.6,,,,,100.0,100.0,9193.4
6540.95,100.0,21903.3,,,,,100.0,100.0,9194.7
6541.95,100.0,21861.7,,,,,100.0,100.0,9194.9
6542.95,0.0,21861.7,,,,,0.0,0.0,9194.9
6543.95,100.0,21820.0,,,,,100.0,100.0,9194.9
6544.95,100.0,21719.8,,,,,100.0,100.0,9176.9
6545.95,0.0,21761.5,,,,,0.0,0.0,9189.6
6546.95,100.0,21761.5,,,,,100.0,100.0,9179.0
6547.95,100.0,21803.0,,,,,100.0,100.0,9190.3
6548.95,0.0,21844.6,,,,,0.0,0.0,9185.2
6549.96,100.0,21878.6,,,,,100.0,100.0,9190.7
6550.96,100.0,21944.6,,,,,100.0,100.0,9193.7
6551.96,100.0,21903.3,,,,,100.0,100.0,9194.9
6552.96,0.0,21903.3,,,,,0.0,0.0,9194.9
6553.96,100.0,21861.7,,,,,100.0,100.0,9195.1
6554.96,100.0,21820.0,,,,,100.0,100.0,9195.1
6555.96,100.0,21719.8,,,,,100.0,100.0,9169.5
6556.96,0.0,21719.9,,,,,0.0,0.0,9178.4
6557.96,100.0,21761.5,,,,,100.0,100.0,9190.5
6558.96,0.0,21803.0,,,,,0.0,0.0,9180.5
6559.96,100.0,21844.6,,,,,100.0,100.0,9191.4
6560.96,100.0,21844.6,,,,,100.0,100.0,9179.7
6561.96,100.0,21944.6,,,,,100.0,100.0,9193.9
6562.96,0.0,21944.6,,,,,0.0,0.0,9193.9
6563.96,100.0,21903.3,,,,,100.0,100.0,9195.3
6564.96,100.0,21861.7,,,,,100.0,100.0,9195.5
6565.96,100.0,21820.0,,,,,100.0,100.0,9195.5
6566.96,0.0,21820.0,,,,,0.0,0.0,9195.5
6567.96,100.0,21719.9,,,,,100.0,100.0,9170.5
6568.96,0.0,21761.5,,,,,0.0,0.0,9178.6
6569.96,100.0,21803.0,,,,,100.0,100.0,9171.5
6570.96,100.0,21803.0,,,,,100.0,100.0,9178.3
6571.96,100.0,21844.6,,,,,100.0,100.0,9191.5
6572.96,0.0,21878.6,,,,,0.0,0.0,9191.6
6573.96,100.0,21944.6,,,,,100.0,100.0,9194.1
6574.96,100.0,21903.3,,,,,100.0,100.0,9195.5
6575.96,100.0,21861.7,,,,,100.0,100.0,9195.7
6576.96,0.0,21861.7,,,,,0.0,0.0,9195.7
6577.96,100.0,21820.0,,,,,100.0,100.0,9195.7
6578.96,100.0,21719.8,,,,,100.0,100.0,9178.8
6579.96,0.0,21761.5,,,,,0.0,0.0,9190.6
6580.96,100.0,21761.5,,,,,100.0,100.0,9179.5
6581.96,100.0,21803.0,,,,,100.0,100.0,9191.4
6582.96,0.0,21844.6,,,,,0.0,0.0,9185.5
6583.96,100.0,21861.6,,,,,100.0,100.0,9190.7
6584.96,100.0,21944.6,,,,,100.0,100.0,9194.8
6585.96,100.0,21903.3,,,,,100.0,100.0,9196.2
6586.96,0.0,21903.3,,,,,0.0,0.0,9196.2
6587.96,100.0,21861.7,,,,,100.0,100.0,9196.4
6588.96,100.0,21820.0,,,,,100.0,100.0,9196.4
6589.96,100.0,21719.8,,,,,100.0,100.0,9170.5
6590.96,0.0,21719.9,,,,,0.0,0.0,9178.4
6591.96,100.0,21761.5,,,,,100.0,100.0,9191.2
6592.96,0.0,21803.0,,,,,0.0,0.0,9179.4
6593.96,100.0,21844.6,,,,,100.0,100.0,9192.0
6594.96,100.0,21844.6,,,,,100.0,100.0,9179.5
6595.96,100.0,21944.6,,,,,100.0,100.0,9194.7
6596.96,0.0,21944.6,,,,,0.0,0.0,9194.7
6597.96,100.0,21903.3,,,,,100.0,100.0,9196.0
6598.96,100.0,21861.7,,,,,100.0,100.0,9196.2
6599.96,100.0,21820.0,,,,,100.0,100.0,9196.2
6600.96,0.0,21820.0,,,,,0.0,0.0,9196.2
6601.96,100.0,21719.9,,,,,100.0,100.0,9170.9
6602.96,0.0,21761.5,,,,,0.0,0.0,9179.1
6603.96,100.0,21803.0,,,,,100.0,100.0,9191.6
6604.96,100.0,21803.0,,,,,100.0,100.0,9177.2
6605.96,100.0,21803.0,,,,,100.0,100.0,9187.7
6606.96,0.0,21878.6,,,,,0.0,0.0,9192.4
6607.96,100.0,21944.6,,,,,100.0,100.0,9195.0
6608.96,100.0,21903.3,,,,,100.0,100.0,9196.2
6609.96,100.0,21861.7,,,,,100.0,100.0,9196.4
6610.96,0.0,21861.7,,,,,0.0,0.0,9196.4
6611.96,100.0,21820.0,,,,,100.0,100.0,9196.4
6612.96,100.0,21719.8,,,,,100.0,100.0,9179.2
6613.96,0.0,21761.5,,,,,0.0,0.0,9191.0
6614.96,100.0,21761.5,,,,,100.0,100.0,9179.7
6615.96,100.0,21803.0,,,,,100.0,100.0,9182.3
6616.96,0.0,21844.6,,,,,0.0,0.0,9186.5
6617.96,100.0,21861.6,,,,,100.0,100.0,9189.4
6618.96,100.0,21944.6,,,,,100.0,100.0,9195.5
6619.97,100.0,21903.3,,,,,100.0,100.0,9196.8
6620.97,0.0,21903.3,,,,,0.0,0.0,9196.8
6621.97,100.0,21861.7,,,,,100.0,100.0,9196.9
6622.97,100.0,21820.0,,,,,100.0,100.0,9196.9
6623.97,100.0,21719.8,,,,,100.0,100.0,9197.0
6624.97,0.0,21719.9,,,,,0.0,0.0,9179.4
6625.97,100.0,21761.5,,,,,100.0,100.0,9192.2
6626.97,0.0,21803.0,,,,,0.0,0.0,9179.9
6627.97,100.0,21823.8,,,,,100.0,100.0,9190.1
6628.97,100.0,21844.6,,,,,100.0,100.0,9187.1
6629.97,100.0,21944.6,,,,,100.0,100.0,9195.4
6630.97,0.0,21944.6,,,,,0.0,0.0,9195.4
6631.97,100.0,21903.3,,,,,100.0,100.0,9196.7
6632.97,100.0,21861.7,,,,,100.0,100.0,9196.8
6633.97,100.0,21820.0,,,,,100.0,100.0,9196.8
6634.97,0.0,21820.0,,,,,0.0,0.0,9196.8
6635.97,100.0,21719.9,,,,,100.0,100.0,9172.3
6636.97,0.0,21761.5,,,,,0.0,0.0,9179.8
6637.97,100.0,21803.0,,,,,100.0,100.0,9192.3
6638.97,100.0,21803.0,,,,,100.0,100.0,9178.7
6639.97,100.0,21823.8,,,,,100.0,100.0,9189.5
6640.97,0.0,21878.6,,,,,0.0,0.0,9193.1
6641.97,100.0,21944.6,,,,,100.0,100.0,9195.7
6642.97,100.0,21903.3,,,,,100.0,100.0,9197.0
6643.97,100.0,21861.7,,,,,100.0,100.0,9197.1
6644.97,0.0,21861.7,,,,,0.0,0.0,9197.1
6645.97,100.0,21820.0,,,,,100.0,100.0,9197.1
6646.97,100.0,21719.8,,,,,100.0,100.0,9180.8
6647.97,0.0,21761.5,,,,,0.0,0.0,9173.6
6648.97,100.0,21761.5,,,,,100.0,100.0,9180.4
6649.97,100.0,21803.0,,,,,100.0,100.0,9173.0
6650.97,0.0,21844.6,,,,,0.0,0.0,9180.6
6651.97,100.0,21878.6,,,,,100.0,100.0,9192.9
6652.97,100.0,21944.6,,,,,100.0,100.0,9196.0
6653.97,100.0,21903.3,,,,,100.0,100.0,9197.3
6654.97,0.0,21903.3,,,,,0.0,0.0,9197.3
6655.97,100.0,21861.7,,,,,100.0,100.0,9197.5
6656.97,100.0,21820.0,,,,,100.0,100.0,9197.5
6657.97,100.0,21719.8,,,,,100.0,100.0,9197.5
6658.97,0.0,21719.9,,,,,0.0,0.0,9182.1
6659.97,100.0,21761.5,,,,,100.0,100.0,9192.2
6660.97,0.0,21803.0,,,,,0.0,0.0,9181.4
6661.97,100.0,21844.6,,,,,100.0,100.0,9193.7
6662.97,100.0,21844.6,,,,,100.0,100.0,9194.0
6663.97,100.0,21944.6,,,,,100.0,100.0,9196.0
6664.97,0.0,21944.6,,,,,0.0,0.0,9196.0
6665.97,100.0,21903.3,,,,,100.0,100.0,9197.4
6666.97,100.0,21861.7,,,,,100.0,100.0,9197.6
6667.97,100.0,21820.0,,,,,100.0,100.0,9197.6
6668.97,0.0,21820.0,,,,,0.0,0.0,9197.6
6669.97,100.0,21719.9,,,,,100.0,100.0,9173.4
6670.97,0.0,21761.5,,,,,0.0,0.0,9181.5
6671.97,100.0,21803.0,,,,,100.0,100.0,9193.0
6672.97,100.0,21803.0,,,,,100.0,100.0,9180.5
6673.97,100.0,21823.8,,,,,100.0,100.0,9191.6
6674.97,0.0,21878.6,,,,,0.0,0.0,9193.8
6675.97,100.0,21944.6,,,,,100.0,100.0,9196.4
6676.97,100.0,21903.3,,,,,100.0,100.0,9197.7
6677.97,100.0,21861.7,,,,,100.0,100.0,9197.8
6678.97,0.0,21861.7,,,,,0.0,0.0,9197.8
6679.97,100.0,21820.0,,,,,100.0,100.0,9197.8
6680.97,100.0,21719.8,,,,,100.0,100.0,9181.6
6681.97,0.0,21761.5,,,,,0.0,0.0,9174.0
6682.97,100.0,21761.5,,,,,100.0,100.0,9182.4
6683.97,100.0,21803.0,,,,,100.0,100.0,9193.7
6684.97,0.0,21844.6,,,,,0.0,0.0,9181.9
6685.97,100.0,21844.6,,,,,100.0,100.0,9183.0
6686.97,100.0,21944.6,,,,,100.0,100.0,9195.8
6687.97,100.0,21903.3,,,,,100.0,100.0,9197.1
6688.97,0.0,21903.3,,,,,0.0,0.0,9197.1
6689.97,100.0,21861.7,,,,,100.0,100.0,9197.3
6690.97,100.0,21820.0,,,,,100.0,100.0,9197.3
6691.98,100.0,21719.8,,,,,100.0,100.0,9197.4
6692.98,0.0,21719.9,,,,,0.0,0.0,9184.2
6693.98,100.0,21761.5,,,,,100.0,100.0,9176.4
6694.98,0.0,21803.0,,,,,0.0,0.0,9184.8
6695.98,100.0,21844.6,,,,,100.0,100.0,9178.2
6696.98,100.0,21844.6,,,,,100.0,100.0,9185.3
6697.98,100.0,21944.6,,,,,100.0,100.0,9196.1
6698.98,0.0,21944.6,,,,,0.0,0.0,9196.1
6699.98,100.0,21903.3,,,,,100.0,100.0,9197.4
6700.98,100.0,21861.7,,,,,100.0,100.0,9197.6
6701.98,100.0,21820.0,,,,,100.0,100.0,9197.6
6702.98,0.0,21820.0,,,,,0.0,0.0,9197.6
6703.98,100.0,21719.9,,,,,100.0,100.0,9192.0
6704.98,0.0,21761.5,,,,,0.0,0.0,9183.9
6705.98,100.0,21803.0,,,,,100.0,100.0,9193.1
6706.98,100.0,21803.0,,,,,100.0,100.0,9183.9
6707.98,100.0,21844.6,,,,,100.0,100.0,9193.9
6708.98,0.0,21878.6,,,,,0.0,0.0,9193.9
6709.98,100.0,21944.6,,,,,100.0,100.0,9196.5
6710.98,100.0,21903.3,,,,,100.0,100.0,9197.7
6711.98,100.0,21861.7,,,,,100.0,100.0,9197.9
6712.98,0.0,21861.7,,,,,0.0,0.0,9197.9
6713.98,100.0,21820.0,,,,,100.0,100.0,9197.9
6714.98,100.0,21719.8,,,,,100.0,100.0,9183.7
6715.98,0.0,21761.5,,,,,0.0,0.0,9177.2
6716.98,100.0,21761.5,,,,,100.0,100.0,9182.7
6717.98,100.0,21803.0,,,,,100.0,100.0,9193.3
6718.98,0.0,21844.6,,,,,0.0,0.0,9183.0
6719.98,100.0,21878.6,,,,,100.0,100.0,9193.6
6720.98,100.0,21944.6,,,,,100.0,100.0,9196.5
6721.98,100.0,21903.3,,,,,100.0,100.0,9197.8
6722.98,0.0,21903.3,,,,,0.0,0.0,9197.8
6723.98,100.0,21861.7,,,,,100.0,100.0,9198.0
6724.98,100.0,21820.0,,,,,100.0,100.0,9198.0
6725.98,100.0,21719.8,,,,,100.0,100.0,9198.2
6726.98,0.0,21719.9,,,,,0.0,0.0,9184.2
6727.98,100.0,21761.5,,,,,100.0,100.0,9175.9
6728.98,0.0,21803.0,,,,,0.0,0.0,9183.6
6729.98,100.0,21844.6,,,,,100.0,100.0,9176.1
6730.98,100.0,21844.6,,,,,100.0,100.0,9182.0
6731.98,100.0,21944.6,,,,,100.0,100.0,9196.8
6732.98,0.0,21944.6,,,,,0.0,0.0,9196.8
6733.98,100.0,21903.3,,,,,100.0,100.0,9198.1
6734.98,100.0,21861.7,,,,,100.0,100.0,9198.3
6735.98,100.0,21820.0,,,,,100.0,100.0,9198.3
6736.98,0.0,21820.0,,,,,0.0,0.0,9198.3
6737.98,100.0,21719.9,,,,,100.0,100.0,9192.7
6738.98,0.0,21761.5,,,,,0.0,0.0,9185.4
6739.98,100.0,21803.0,,,,,100.0,100.0,9193.7
6740.98,100.0,21803.0,,,,,100.0,100.0,9184.2
6741.98,100.0,21844.6,,,,,100.0,100.0,9185.6
6742.98,0.0,21878.6,,,,,0.0,0.0,9194.5
6743.98,100.0,21944.6,,,,,100.0,100.0,9197.1
6744.98,100.0,21903.3,,,,,100.0,100.0,9198.4
6745.98,100.0,21861.7,,,,,100.0,100.0,9198.6
6746.98,0.0,21861.7,,,,,0.0,0.0,9198.6
6747.98,100.0,21820.0,,,,,100.0,100.0,9198.6
6748.98,100.0,21719.8,,,,,100.0,100.0,9184.6
6749.98,0.0,21761.5,,,,,0.0,0.0,9177.3
6750.98,100.0,21761.5,,,,,100.0,100.0,9183.2
6751.98,100.0,21803.0,,,,,100.0,100.0,9194.1
6752.98,0.0,21844.6,,,,,0.0,0.0,9183.3
6753.98,100.0,21861.6,,,,,100.0,100.0,9194.1
6754.98,100.0,21944.6,,,,,100.0,100.0,9197.4
6755.98,100.0,21903.3,,,,,100.0,100.0,9198.6
6756.98,0.0,21903.3,,,,,0.0,0.0,9198.6
6757.98,100.0,21861.7,,,,,100.0,100.0,9198.8
6758.98,100.0,21820.0,,,,,100.0,100.0,9198.8
6759.98,100.0,21719.8,,,,,100.0,100.0,9199.1
6760.98,0.0,21719.9,,,,,0.0,0.0,9185.1
6761.98,100.0,21761.5,,,,,100.0,100.0,9176.1
6762.98,0.0,21803.0,,,,,0.0,0.0,9182.9
6763.99,100.0,21844.6,,,,,100.0,100.0,9195.0
6764.99,100.0,21844.6,,,,,100.0,100.0,9182.9
6765.99,100.0,21944.6,,,,,100.0,100.0,9197.6
6766.99,0.0,21944.6,,,,,0.0,0.0,9197.6
6767.99,100.0,21903.3,,,,,100.0,100.0,9198.9
6768.99,100.0,21861.7,,,,,100.0,100.0,9199.1
6769.99,100.0,21820.0,,,,,100.0,100.0,9199.1
6770.99,0.0,21820.0,,,,,0.0,0.0,9199.1
6771.99,100.0,21719.9,,,,,100.0,100.0,9193.4
6772.99,0.0,21761.5,,,,,0.0,0.0,9186.6
6773.99,100.0,21803.0,,,,,100.0,100.0,9194.6
6774.99,100.0,21803.0,,,,,100.0,100.0,9184.3
6775.99,100.0,21844.6,,,,,100.0,100.0,9186.4
6776.99,0.0,21878.6,,,,,0.0,0.0,9195.3
6777.99,100.0,21944.6,,,,,100.0,100.0,9197.9
6778.99,100.0,21903.3,,,,,100.0,100.0,9199.1
6779.99,100.0,21861.7,,,,,100.0,100.0,9199.3
6780.99,0.0,21861.7,,,,,0.0,0.0,9199.3
6781.99,100.0,21820.0,,,,,100.0,100.0,9199.3
6782.99,100.0,21719.8,,,,,100.0,100.0,9186.7
6783.99,0.0,21761.5,,,,,0.0,0.0,9194.3
6784.99,100.0,21761.5,,,,,100.0,100.0,9184.4
6785.99,100.0,21803.0,,,,,100.0,100.0,9194.9
6786.99,0.0,21844.6,,,,,0.0,0.0,9185.3
6787.99,100.0,21878.6,,,,,100.0,100.0,9195.3
6788.99,100.0,21944.6,,,,,100.0,100.0,9198.1
6789.99,100.0,21903.3,,,,,100.0,100.0,9199.4
6790.99,0.0,21903.3,,,,,0.0,0.0,9199.4
6791.99,100.0,21861.7,,,,,100.0,100.0,9199.6
6792.99,100.0,21820.0,,,,,100.0,100.0,9199.6
6793.99,100.0,21719.8,,,,,100.0,100.0,9178.9
6794.99,0.0,21719.9,,,,,0.0,0.0,9187.6
6795.99,100.0,21761.5,,,,,100.0,100.0,9179.2
6796.99,0.0,21803.0,,,,,0.0,0.0,9185.2
6797.99,100.0,21844.6,,,,,100.0,100.0,9195.9
6798.99,100.0,21844.6,,,,,100.0,100.0,9184.4
6799.99,100.0,21944.6,,,,,100.0,100.0,9198.5
6800.99,0.0,21944.6,,,,,0.0,0.0,9198.5
6801.99,100.0,21903.3,,,,,100.0,100.0,9199.7
6802.99,100.0,21861.7,,,,,100.0,100.0,9199.9
6803.99,100.0,21820.0,,,,,100.0,100.0,9199.9
6804.99,0.0,21820.0,,,,,0.0,0.0,9199.9
6805.99,100.0,21719.9,,,,,100.0,100.0,9194.3
6806.99,0.0,21761.5,,,,,0.0,0.0,9187.4
6807.99,100.0,21803.0,,,,,100.0,100.0,9178.8
6808.99,100.0,21803.0,,,,,100.0,100.0,9186.5
6809.99,100.0,21844.6,,,,,100.0,100.0,9178.9
6810.99,0.0,21878.6,,,,,0.0,0.0,9196.1
6811.99,100.0,21944.6,,,,,100.0,100.0,9198.6
6812.99,100.0,21903.3,,,,,100.0,100.0,9199.9
6813.99,100.0,21861.7,,,,,100.0,100.0,9200.0
6814.99,0.0,21861.7,,,,,0.0,0.0,9200.0
6815.99,100.0,21820.0,,,,,100.0,100.0,9200.0
6816.99,100.0,21719.8,,,,,100.0,100.0,9187.4
6817.99,0.0,21761.5,,,,,0.0,0.0,9194.7
6818.99,100.0,21761.5,,,,,100.0,100.0,9186.8
6819.99,100.0,21803.0,,,,,100.0,100.0,9188.4
6820.99,0.0,21844.6,,,,,0.0,0.0,9187.0
6821.99,100.0,21878.6,,,,,100.0,100.0,9196.1
6822.99,100.0,21944.6,,,,,100.0,100.0,9198.8
6823.99,100.0,21903.3,,,,,100.0,100.0,9200.2
6824.99,0.0,21903.3,,,,,0.0,0.0,9200.2
6825.99,100.0,21861.7,,,,,100.0,100.0,9200.3
6826.99,100.0,21820.0,,,,,100.0,100.0,9200.3
6827.99,100.0,21719.8,,,,,100.0,100.0,9179.5
6828.99,0.0,21719.9,,,,,0.0,0.0,9190.4
6829.99,100.0,21761.5,,,,,100.0,100.0,9181.0
6830.99,0.0,21803.0,,,,,0.0,0.0,9188.0
6831.99,100.0,21844.6,,,,,100.0,100.0,9196.8
6832.99,100.0,21844.6,,,,,100.0,100.0,9186.8
6833.99,100.0,21944.6,,,,,100.0,100.0,9199.1
6835.0,0.0,21944.6,,,,,0.0,0.0,9199.1
6836.0,100.0,21903.3,,,,,100.0,100.0,9200.4
6837.0,100.0,21861.7,,,,,100.0,100.0,9200.6
6838.0,100.0,21820.0,,,,,100.0,100.0,9200.6
6839.0,0.0,21820.0,,,,,0.0,0.0,9200.6
6840.0,100.0,21719.9,,,,,100.0,100.0,9187.5
6841.0,0.0,21782.3,,,,,0.0,0.0,9191.2
6842.0,100.0,21803.0,,,,,100.0,100.0,9180.3
6843.0,100.0,21803.0,,,,,100.0,100.0,9188.6
6844.0,100.0,21844.6,,,,,100.0,100.0,9197.2
6845.0,0.0,21878.6,,,,,0.0,0.0,9196.9
6846.0,100.0,21944.6,,,,,100.0,100.0,9199.3
6847.0,100.0,21903.3,,,,,100.0,100.0,9200.7
6848.0,100.0,21861.7,,,,,100.0,100.0,9200.9
6849.0,0.0,21861.7,,,,,0.0,0.0,9200.9
6850.0,100.0,21820.0,,,,,100.0,100.0,9200.9
6851.0,100.0,21719.8,,,,,100.0,100.0,9189.2
6852.0,0.0,21761.5,,,,,0.0,0.0,9195.7
6853.0,100.0,21761.5,,,,,100.0,100.0,9188.8
6854.0,100.0,21803.0,,,,,100.0,100.0,9196.8
6855.0,0.0,21844.6,,,,,0.0,0.0,9185.6
6856.0,100.0,21878.6,,,,,100.0,100.0,9196.8
6857.0,100.0,21944.6,,,,,100.0,100.0,9199.6
6858.0,100.0,21903.3,,,,,100.0,100.0,9200.9
6859.0,0.0,21903.3,,,,,0.0,0.0,9200.9
6860.0,100.0,21861.7,,,,,100.0,100.0,9201.1
6861.0,100.0,21820.0,,,,,100.0,100.0,9201.1
6862.0,100.0,21719.8,,,,,100.0,100.0,9180.1
6863.0,0.0,21719.9,,,,,0.0,0.0,9190.2
6864.0,100.0,21761.5,,,,,100.0,100.0,9196.2
6865.0,0.0,21803.0,,,,,0.0,0.0,9187.4
6866.0,100.0,21844.6,,,,,100.0,100.0,9197.5
6867.0,100.0,21844.6,,,,,100.0,100.0,9187.5
6868.0,100.0,21944.6,,,,,100.0,100.0,9199.7
6869.0,0.0,21944.6,,,,,0.0,0.0,9199.7
6870.0,100.0,21903.3,,,,,100.0,100.0,9201.1
6871.0,100.0,21861.7,,,,,100.0,100.0,9201.3
6872.0,100.0,21820.0,,,,,100.0,100.0,9201.3
6873.0,0.0,21820.0,,,,,0.0,0.0,9201.3
6874.0,100.0,21719.9,,,,,100.0,100.0,9181.1
6875.0,0.0,21761.5,,,,,0.0,0.0,9190.2
6876.0,100.0,21803.0,,,,,100.0,100.0,9180.9
6877.0,100.0,21803.0,,,,,100.0,100.0,9188.6
6878.0,100.0,21844.6,,,,,100.0,100.0,9197.7
6879.0,0.0,21878.6,,,,,0.0,0.0,9197.4
6880.0,100.0,21944.6,,,,,100.0,100.0,9200.0
6881.0,100.0,21903.3,,,,,100.0,100.0,9201.4
6882.0,100.0,21861.7,,,,,100.0,100.0,9201.5
6883.0,0.0,21861.7,,,,,0.0,0.0,9201.5
6884.0,100.0,21820.0,,,,,100.0,100.0,9201.6
6885.0,100.0,21719.8,,,,,100.0,100.0,9191.2
6886.0,0.0,21761.5,,,,,0.0,0.0,9196.1
6887.0,100.0,21761.5,,,,,100.0,100.0,9189.1
6888.0,100.0,21803.0,,,,,100.0,100.0,9179.3
6889.0,0.0,21844.6,,,,,0.0,0.0,9187.3
6890.0,100.0,21878.6,,,,,100.0,100.0,9197.8
6891.0,100.0,21944.6,,,,,100.0,100.0,9200.3
6892.0,100.0,21903.3,,,,,100.0,100.0,9201.7
6893.0,0.0,21903.3,,,,,0.0,0.0,9201.7
6894.0,100.0,21861.7,,,,,100.0,100.0,9201.8
6895.0,100.0,21820.0,,,,,100.0,100.0,9201.8
6896.0,100.0,21719.8,,,,,100.0,100.0,9181.3
6897.0,0.0,21740.7,,,,,0.0,0.0,9192.3
6898.0,100.0,21761.5,,,,,100.0,100.0,9196.8
6899.0,0.0,21803.0,,,,,0.0,0.0,9189.2
6900.0,100.0,21844.6,,,,,100.0,100.0,9197.9
6901.0,100.0,21844.6,,,,,100.0,100.0,9187.0
6902.0,100.0,21944.6,,,,,100.0,100.0,9200.5
6903.0,0.0,21944.6,,,,,0.0,0.0,9200.5
6904.0,100.0,21903.3,,,,,100.0,100.0,9201.8
6905.0,100.0,21861.7,,,,,100.0,100.0,9202.0
6906.01,100.0,21820.0,,,,,100.0,100.0,9202.0
6907.01,0.0,21820.0,,,,,0.0,0.0,9202.0
6908.01,100.0,21719.9,,,,,100.0,100.0,9182.3
6909.01,0.0,21761.5,,,,,0.0,0.0,9191.2
6910.01,100.0,21803.0,,,,,100.0,100.0,9179.6
6911.01,100.0,21803.0,,,,,100.0,100.0,9185.5
6912.01,100.0,21844.6,,,,,100.0,100.0,9198.2
6913.01,0.0,21878.6,,,,,0.0,0.0,9198.2
6914.01,100.0,21944.6,,,,,100.0,100.0,9200.7
6915.01,100.0,21903.3,,,,,100.0,100.0,9202.1
6916.01,100.0,21861.7,,,,,100.0,100.0,9202.3
6917.01,0.0,21861.7,,,,,0.0,0.0,9202.3
6918.01,100.0,21820.0,,,,,100.0,100.0,9202.3
6919.01,100.0,21719.8,,,,,100.0,100.0,9191.2
6920.01,0.0,21761.5,,,,,0.0,0.0,9196.9
6921.01,100.0,21761.5,,,,,100.0,100.0,9187.2
6922.01,100.0,21803.0,,,,,100.0,100.0,9188.1
6923.01,0.0,21844.6,,,,,0.0,0.0,9192.5
6924.01,100.0,21861.6,,,,,100.0,100.0,9197.3
6925.01,100.0,21944.6,,,,,100.0,100.0,9201.1
6926.01,100.0,21903.3,,,,,100.0,100.0,9202.4
6927.01,0.0,21903.3,,,,,0.0,0.0,9202.4
6928.01,100.0,21861.7,,,,,100.0,100.0,9202.6
6929.01,100.0,21820.0,,,,,100.0,100.0,9202.6
6930.01,100.0,21719.8,,,,,100.0,100.0,9181.7
6931.01,0.0,21719.9,,,,,0.0,0.0,9189.7
6932.01,100.0,21761.5,,,,,100.0,100.0,9196.9
6933.01,0.0,21803.0,,,,,0.0,0.0,9187.2
6934.01,100.0,21844.6,,,,,100.0,100.0,9198.4
6935.01,100.0,21844.6,,,,,100.0,100.0,9185.3
6936.01,100.0,21944.6,,,,,100.0,100.0,9201.0
6937.01,0.0,21944.6,,,,,0.0,0.0,9201.0
6938.01,100.0,21903.3,,,,,100.0,100.0,9202.2
6939.01,100.0,21861.7,,,,,100.0,100.0,9202.4
6940.01,100.0,21820.0,,,,,100.0,100.0,9202.4
6941.01,0.0,21820.0,,,,,0.0,0.0,9202.4
6942.01,100.0,21719.9,,,,,100.0,100.0,9180.1
6943.01,0.0,21761.5,,,,,0.0,0.0,9188.2
6944.01,100.0,21803.0,,,,,100.0,100.0,9197.6
6945.01,100.0,21803.0,,,,,100.0,100.0,9185.1
6946.01,100.0,21844.6,,,,,100.0,100.0,9198.3
6947.01,0.0,21878.6,,,,,0.0,0.0,9198.3
6948.01,100.0,21944.6,,,,,100.0,100.0,9200.9
6949.01,100.0,21903.3,,,,,100.0,100.0,9202.2
6950.01,100.0,21861.7,,,,,100.0,100.0,9202.4
6951.01,0.0,21861.7,,,,,0.0,0.0,9202.4
6952.01,100.0,21820.0,,,,,100.0,100.0,9202.4
6953.01,100.0,21719.8,,,,,100.0,100.0,9189.5
6954.01,0.0,21761.5,,,,,0.0,0.0,9189.4
6955.01,100.0,21761.5,,,,,100.0,100.0,9185.7
6956.01,100.0,21800.5,,,,,100.0,100.0,9197.5
6957.01,0.0,21844.6,,,,,0.0,0.0,9191.9
6958.01,100.0,21861.6,,,,,100.0,100.0,9193.2
6959.01,100.0,21944.6,,,,,100.0,100.0,9200.9
6960.01,100.0,21903.3,,,,,100.0,100.0,9202.2
6961.01,0.0,21903.3,,,,,0.0,0.0,9202.2
6962.01,100.0,21861.7,,,,,100.0,100.0,9202.4
6963.01,100.0,21820.0,,,,,100.0,100.0,9202.4
6964.01,100.0,21719.8,,,,,100.0,100.0,9202.5
6965.01,0.0,21719.9,,,,,0.0,0.0,9189.0
6966.01,100.0,21761.5,,,,,100.0,100.0,9197.5
6967.01,0.0,21803.0,,,,,0.0,0.0,9186.9
6968.01,100.0,21844.6,,,,,100.0,100.0,9198.5
6969.02,100.0,21844.6,,,,,100.0,100.0,9198.6
6970.02,100.0,21944.6,,,,,100.0,100.0,9201.1
6971.02,0.0,21944.6,,,,,0.0,0.0,9201.1
6972.02,100.0,21903.3,,,,,100.0,100.0,9202.3
6973.02,100.0,21861.7,,,,,100.0,100.0,9202.5
6974.02,100.0,21820.0,,,,,100.0,100.0,9202.5
6975.02,0.0,21820.0,,,,,0.0,0.0,9202.5
6976.02,100.0,21719.9,,,,,100.0,100.0,9178.8
6977.02,0.0,21761.5,,,,,0.0,0.0,9185.2
6978.02,100.0,21803.0,,,,,100.0,100.0,9197.8
6979.02,100.0,21803.0,,,,,100.0,100.0,9184.3
6980.02,100.0,21803.0,,,,,100.0,100.0,9191.1
6981.02,0.0,21878.6,,,,,0.0,0.0,9198.4
6982.02,100.0,21944.6,,,,,100.0,100.0,9201.0
6983.02,100.0,21903.3,,,,,100.0,100.0,9202.3
6984.02,100.0,21861.7,,,,,100.0,100.0,9202.5
6985.02,0.0,21861.7,,,,,0.0,0.0,9202.5
6986.02,100.0,21820.0,,,,,100.0,100.0,9202.5
6987.02,100.0,21719.8,,,,,100.0,100.0,9185.6
6988.02,0.0,21761.5,,,,,0.0,0.0,9187.9
6989.02,100.0,21761.5,,,,,100.0,100.0,9191.7
6990.02,100.0,21803.0,,,,,100.0,100.0,9188.2
6991.02,0.0,21844.6,,,,,0.0,0.0,9192.2
6992.02,100.0,21861.6,,,,,100.0,100.0,9194.0
6993.02,100.0,21944.6,,,,,100.0,100.0,9201.0
6994.02,100.0,21903.3,,,,,100.0,100.0,9202.3
6995.02,0.0,21903.3,,,,,0.0,0.0,9202.3
6996.02,100.0,21861.7,,,,,100.0,100.0,9202.4
6997.02,100.0,21820.0,,,,,100.0,100.0,9202.4
6998.02,100.0,21719.8,,,,,100.0,100.0,9202.6
6999.02,0.0,21719.9,,,,,0.0,0.0,9187.3
7000.02,100.0,21761.5,,,,,100.0,100.0,9197.1
7001.02,0.0,21803.0,,,,,0.0,0.0,9185.9
7002.02,100.0,21823.8,,,,,100.0,100.0,9196.7
7003.02,100.0,21844.6,,,,,100.0,100.0,9192.6
7004.02,100.0,21944.6,,,,,100.0,100.0,9201.2
7005.02,0.0,21944.6,,,,,0.0,0.0,9201.2
7006.02,100.0,21903.3,,,,,100.0,100.0,9202.4
7007.02,100.0,21861.7,,,,,100.0,100.0,9202.5
7008.02,100.0,21820.0,,,,,100.0,100.0,9202.5
7009.02,0.0,21820.0,,,,,0.0,0.0,9202.5
7010.02,100.0,21719.9,,,,,100.0,100.0,9178.8
7011.02,0.0,21761.5,,,,,0.0,0.0,9187.1
7012.02,100.0,21803.0,,,,,100.0,100.0,9197.9
7013.02,100.0,21803.0,,,,,100.0,100.0,9186.5
7014.02,100.0,21823.8,,,,,100.0,100.0,9197.5
7015.02,0.0,21878.6,,,,,0.0,0.0,9198.7
7016.02,100.0,21944.6,,,,,100.0,100.0,9201.1
7017.02,100.0,21903.3,,,,,100.0,100.0,9202.4
7018.02,100.0,21861.7,,,,,100.0,100.0,9202.6
7019.02,0.0,21861.7,,,,,0.0,0.0,9202.6
7020.02,100.0,21820.0,,,,,100.0,100.0,9202.6
7021.02,100.0,21719.8,,,,,100.0,100.0,9186.6
7022.02,0.0,21761.5,,,,,0.0,0.0,9178.8
7023.02,100.0,21761.5,,,,,100.0,100.0,9184.8
7024.02,100.0,21803.0,,,,,100.0,100.0,9197.7
7025.02,0.0,21844.6,,,,,0.0,0.0,9184.2
7026.02,100.0,21844.6,,,,,100.0,100.0,9194.8
7027.02,100.0,21944.6,,,,,100.0,100.0,9201.1
7028.02,100.0,21903.3,,,,,100.0,100.0,9202.3
7029.02,0.0,21903.3,,,,,0.0,0.0,9202.3
7030.02,100.0,21861.7,,,,,100.0,100.0,9202.5
7031.02,100.0,21820.0,,,,,100.0,100.0,9202.5
7032.02,100.0,21719.8,,,,,100.0,100.0,9202.6
7033.02,0.0,21719.9,,,,,0.0,0.0,9188.3
7034.03,100.0,21761.5,,,,,100.0,100.0,9197.1
7035.03,0.0,21803.0,,,,,0.0,0.0,9185.9
7036.03,100.0,21823.8,,,,,100.0,100.0,9187.0
7037.03,100.0,21844.6,,,,,100.0,100.0,9192.3
7038.03,100.0,21944.6,,,,,100.0,100.0,9201.2
7039.03,0.0,21944.6,,,,,0.0,0.0,9201.2
7040.03,100.0,21903.3,,,,,100.0,100.0,9202.5
7041.03,100.0,21861.7,,,,,100.0,100.0,9202.6
7042.03,100.0,21820.0,,,,,100.0,100.0,9202.6
7043.03,0.0,21820.0,,,,,0.0,0.0,9202.6
7044.03,100.0,21719.9,,,,,100.0,100.0,9196.9
7045.03,0.0,21761.5,,,,,0.0,0.0,9186.4
7046.03,100.0,21803.0,,,,,100.0,100.0,9197.9
7047.03,100.0,21803.0,,,,,100.0,100.0,9185.8
7048.03,100.0,21823.8,,,,,100.0,100.0,9195.3
7049.03,0.0,21878.6,,,,,0.0,0.0,9198.9
7050.03,100.0,21944.6,,,,,100.0,100.0,9201.4
7051.03,100.0,21903.3,,,,,100.0,100.0,9202.7
7052.03,100.0,21861.7,,,,,100.0,100.0,9202.9
7053.03,0.0,21861.7,,,,,0.0,0.0,9202.9
7054.03,100.0,21820.0,,,,,100.0,100.0,9202.9
7055.03,100.0,21719.8,,,,,100.0,100.0,9186.1
7056.03,0.0,21761.5,,,,,0.0,0.0,9179.3
7057.03,100.0,21761.5,,,,,100.0,100.0,9185.8
7058.03,100.0,21803.0,,,,,100.0,100.0,9197.8
7059.03,0.0,21844.6,,,,,0.0,0.0,9184.9
7060.03,100.0,21861.6,,,,,100.0,100.0,9196.4
7061.03,100.0,21944.6,,,,,100.0,100.0,9201.3
7062.03,100.0,21903.3,,,,,100.0,100.0,9202.6
7063.03,0.0,21903.3,,,,,0.0,0.0,9202.6
7064.03,100.0,21861.7,,,,,100.0,100.0,9202.8
7065.03,100.0,21820.0,,,,,100.0,100.0,9202.8
7066.03,100.0,21719.8,,,,,100.0,100.0,9202.9
7067.03,0.0,21719.9,,,,,0.0,0.0,9187.7
7068.03,100.0,21761.5,,,,,100.0,100.0,9190.0
7069.03,0.0,21803.0,,,,,0.0,0.0,9193.2
7070.03,100.0,21844.6,,,,,100.0,100.0,9189.5
7071.03,100.0,21844.6,,,,,100.0,100.0,9192.5
7072.03,100.0,21944.6,,,,,100.0,100.0,9201.5
7073.03,0.0,21944.6,,,,,0.0,0.0,9201.5
7074.03,100.0,21903.3,,,,,100.0,100.0,9202.7
7075.03,100.0,21861.7,,,,,100.0,100.0,9202.9
7076.03,100.0,21820.0,,,,,100.0,100.0,9202.9
7077.03,0.0,21820.0,,,,,0.0,0.0,9202.9
7078.03,100.0,21719.9,,,,,100.0,100.0,9197.1
7079.03,0.0,21761.5,,,,,0.0,0.0,9188.4
7080.03,100.0,21803.0,,,,,100.0,100.0,9197.9
7081.03,100.0,21803.0,,,,,100.0,100.0,9186.1
7082.03,100.0,21844.6,,,,,100.0,100.0,9198.5
7083.03,0.0,21878.6,,,,,0.0,0.0,9198.5
7084.03,100.0,21944.6,,,,,100.0,100.0,9201.0
7085.03,100.0,21903.3,,,,,100.0,100.0,9202.3
7086.03,100.0,21861.7,,,,,100.0,100.0,9202.5
7087.03,0.0,21861.7,,,,,0.0,0.0,9202.5
7088.03,100.0,21820.0,,,,,100.0,100.0,9202.5
7089.03,100.0,21719.8,,,,,100.0,100.0,9186.9
7090.03,0.0,21761.5,,,,,0.0,0.0,9179.0
7091.03,100.0,21761.5,,,,,100.0,100.0,9185.7
7092.03,100.0,21803.0,,,,,100.0,100.0,9197.9
7093.03,0.0,21844.6,,,,,0.0,0.0,9186.1
7094.03,100.0,21878.6,,,,,100.0,100.0,9198.1
7095.03,100.0,21944.6,,,,,100.0,100.0,9201.0
7096.03,100.0,21903.3,,,,,100.0,100.0,9202.2
7097.03,0.0,21903.3,,,,,0.0,0.0,9202.2
7098.03,100.0,21861.7,,,,,100.0,100.0,9202.4
7099.03,100.0,21820.0,,,,,100.0,100.0,9202.4
7100.03,100.0,21719.8,,,,,100.0,100.0,9202.6
7101.04,0.0,21719.9,,,,,0.0,0.0,9185.8
7102.04,100.0,21761.5,,,,,100.0,100.0,9187.5
7103.04,0.0,21803.0,,,,,0.0,0.0,9191.7
7104.04,100.0,21823.8,,,,,100.0,100.0,9197.2
7105.04,100.0,21844.6,,,,,100.0,100.0,9189.3
7106.04,100.0,21944.6,,,,,100.0,100.0,9201.0
7107.04,0.0,21944.6,,,,,0.0,0.0,9201.0
7108.04,100.0,21903.3,,,,,100.0,100.0,9202.4
7109.04,100.0,21861.7,,,,,100.0,100.0,9202.5
7110.04,100.0,21820.0,,,,,100.0,100.0,9202.5
7111.04,0.0,21820.0,,,,,0.0,0.0,9202.5
7112.04,100.0,21719.9,,,,,100.0,100.0,9196.8
7113.04,0.0,21761.5,,,,,0.0,0.0,9188.2
7114.04,100.0,21803.0,,,,,100.0,100.0,9198.1
7115.04,100.0,21803.0,,,,,100.0,100.0,9185.5
7116.04,100.0,21823.8,,,,,100.0,100.0,9196.5
7117.04,0.0,21878.6,,,,,0.0,0.0,9198.9
7118.04,100.0,21944.6,,,,,100.0,100.0,9201.4
7119.04,100.0,21903.3,,,,,100.0,100.0,9202.7
7120.04,100.0,21861.7,,,,,100.0,100.0,9202.9
7121.04,0.0,21861.7,,,,,0.0,0.0,9202.9
7122.04,100.0,21820.0,,,,,100.0,100.0,9202.9
7123.04,100.0,21719.8,,,,,100.0,100.0,9187.3
7124.04,0.0,21761.5,,,,,0.0,0.0,9197.3
7125.04,100.0,21761.5,,,,,100.0,100.0,9186.6
7126.04,100.0,21803.0,,,,,100.0,100.0,9197.8
7127.04,0.0,21844.6,,,,,0.0,0.0,9186.2
7128.04,100.0,21878.6,,,,,100.0,100.0,9198.1
7129.04,100.0,21944.6,,,,,100.0,100.0,9201.0
7130.04,100.0,21903.3,,,,,100.0,100.0,9202.3
7131.04,0.0,21903.3,,,,,0.0,0.0,9202.3
7132.04,100.0,21861.7,,,,,100.0,100.0,9202.5
7133.04,100.0,21820.0,,,,,100.0,100.0,9202.5
7134.04,100.0,21719.8,,,,,100.0,100.0,9188.6
7135.04,0.0,21719.9,,,,,0.0,0.0,9188.0
7136.04,100.0,21761.5,,,,,100.0,100.0,9180.1
7137.04,0.0,21803.0,,,,,0.0,0.0,9187.6
7138.04,100.0,21844.6,,,,,100.0,100.0,9198.7
7139.04,100.0,21844.6,,,,,100.0,100.0,9186.0
7140.04,100.0,21944.6,,,,,100.0,100.0,9201.1
7141.04,0.0,21944.6,,,,,0.0,0.0,9201.1
7142.04,100.0,21903.3,,,,,100.0,100.0,9202.3
7143.04,100.0,21861.7,,,,,100.0,100.0,9202.5
7144.04,100.0,21820.0,,,,,100.0,100.0,9202.5
7145.04,0.0,21820.0,,,,,0.0,0.0,9202.5
7146.04,100.0,21719.9,,,,,100.0,100.0,9196.9
7147.04,0.0,21761.5,,,,,0.0,0.0,9187.9
7148.04,100.0,21803.0,,,,,100.0,100.0,9197.8
7149.04,100.0,21803.0,,,,,100.0,100.0,9197.8
7150.04,100.0,21823.8,,,,,100.0,100.0,9198.0
7151.04,0.0,21878.6,,,,,0.0,0.0,9198.5
7152.04,100.0,21944.6,,,,,100.0,100.0,9201.0
7153.04,100.0,21903.3,,,,,100.0,100.0,9202.3
7154.04,100.0,21861.7,,,,,100.0,100.0,9202.5
7155.04,0.0,21861.7,,,,,0.0,0.0,9202.5
7156.04,100.0,21820.0,,,,,100.0,100.0,9202.5
7157.04,100.0,21719.8,,,,,100.0,100.0,9187.5
7158.04,0.0,21761.5,,,,,0.0,0.0,9197.1
7159.04,100.0,21761.5,,,,,100.0,100.0,9187.7
7160.04,100.0,21803.0,,,,,100.0,100.0,9197.8
7161.04,0.0,21844.6,,,,,0.0,0.0,9186.8
7162.04,100.0,21878.6,,,,,100.0,100.0,9198.2
7163.04,100.0,21944.6,,,,,100.0,100.0,9201.1
7164.04,100.0,21903.3,,,,,100.0,100.0,9202.4
7165.04,0.0,21903.3,,,,,0.0,0.0,9202.4
7166.04,100.0,21861.7,,,,,100.0,100.0,9202.6
7167.04,100.0,21820.0,,,,,100.0,100.0,9202.6
7168.04,100.0,21719.8,,,,,100.0,100.0,9177.8
7169.04,0.0,21719.9,,,,,0.0,0.0,9189.4
7170.05,100.0,21761.5,,,,,100.0,100.0,9179.1
7171.05,0.0,21803.0,,,,,0.0,0.0,9186.4
7172.05,100.0,21844.6,,,,,100.0,100.0,9198.7
7173.05,100.0,21844.6,,,,,100.0,100.0,9187.4
7174.05,100.0,21944.6,,,,,100.0,100.0,9201.3
7175.05,0.0,21944.6,,,,,0.0,0.0,9201.3
7176.05,100.0,21903.3,,,,,100.0,100.0,9202.6
7177.05,100.0,21861.7,,,,,100.0,100.0,9202.8
7178.05,100.0,21820.0,,,,,100.0,100.0,9202.8
7179.05,0.0,21820.0,,,,,0.0,0.0,9202.8
7180.05,100.0,21719.9,,,,,100.0,100.0,9197.3
7181.05,0.0,21761.5,,,,,0.0,0.0,9187.9
7182.05,100.0,21803.0,,,,,100.0,100.0,9178.9
7183.05,100.0,21803.0,,,,,100.0,100.0,9185.7
7184.05,100.0,21844.6,,,,,100.0,100.0,9178.7
7185.05,0.0,21878.6,,,,,0.0,0.0,9198.8
7186.05,100.0,21944.6,,,,,100.0,100.0,9201.3
7187.05,100.0,21903.3,,,,,100.0,100.0,9202.6
7188.05,100.0,21861.7,,,,,100.0,100.0,9202.8
7189.05,0.0,21861.7,,,,,0.0,0.0,9202.8
7190.05,100.0,21820.0,,,,,100.0,100.0,9202.8
7191.05,100.0,21719.8,,,,,100.0,100.0,9187.3
7192.05,0.0,21761.5,,,,,0.0,0.0,9197.0
7193.05,100.0,21761.5,,,,,100.0,100.0,9187.9
7194.05,100.0,21803.0,,,,,100.0,100.0,9198.1
7195.05,0.0,21844.6,,,,,0.0,0.0,9187.7
7196.05,100.0,21878.6,,,,,100.0,100.0,9198.4
7197.05,100.0,21944.6,,,,,100.0,100.0,9201.2
7198.05,100.0,21903.3,,,,,100.0,100.0,9202.5
7199.05,0.0,21903.3,,,,,0.0,0.0,9202.5
7200.05,100.0,21861.7,,,,,100.0,100.0,9202.6
7201.05,100.0,21820.0,,,,,100.0,100.0,9202.6
7202.05,100.0,21719.8,,,,,100.0,100.0,9177.7
7203.05,0.0,21719.9,,,,,0.0,0.0,9186.7
7204.05,100.0,21761.5,,,,,100.0,100.0,9197.2
7205.05,0.0,21803.0,,,,,0.0,0.0,9184.6
7206.05,100.0,21823.8,,,,,100.0,100.0,9198.0
7207.05,100.0,21844.6,,,,,100.0,100.0,9184.4
7208.05,100.0,21944.6,,,,,100.0,100.0,9201.5
7209.05,0.0,21944.6,,,,,0.0,0.0,9201.5
7210.05,100.0,21903.3,,,,,100.0,100.0,9202.8
7211.05,100.0,21861.7,,,,,100.0,100.0,9202.9
7212.05,100.0,21820.0,,,,,100.0,100.0,9202.9
7213.05,0.0,21820.0,,,,,0.0,0.0,9202.9
7214.05,100.0,21719.9,,,,,100.0,100.0,9178.6
7215.05,0.0,21761.5,,,,,0.0,0.0,9187.1
7216.05,100.0,21803.0,,,,,100.0,100.0,9178.6
7217.05,100.0,21803.0,,,,,100.0,100.0,9185.0
7218.05,100.0,21844.6,,,,,100.0,100.0,9198.7
7219.05,0.0,21878.6,,,,,0.0,0.0,9198.7
7220.05,100.0,21944.6,,,,,100.0,100.0,9201.2
7221.05,100.0,21903.3,,,,,100.0,100.0,9202.5
7222.05,100.0,21861.7,,,,,100.0,100.0,9202.7
7223.05,0.0,21861.7,,,,,0.0,0.0,9202.7
7224.05,100.0,21820.0,,,,,100.0,100.0,9202.7
7225.05,100.0,21719.8,,,,,100.0,100.0,9187.6
7226.05,0.0,21761.5,,,,,0.0,0.0,9197.0
7227.05,100.0,21761.5,,,,,100.0,100.0,9185.4
7228.05,100.0,21803.0,,,,,100.0,100.0,9197.8
7229.05,0.0,21844.6,,,,,0.0,0.0,9198.6
7230.05,100.0,21861.6,,,,,100.0,100.0,9194.3
7231.05,100.0,21944.6,,,,,100.0,100.0,9201.2
7232.05,100.0,21903.3,,,,,100.0,100.0,9202.5
7233.05,0.0,21903.3,,,,,0.0,0.0,9202.5
7234.05,100.0,21861.7,,,,,100.0,100.0,9202.7
7235.05,100.0,21820.0,,,,,100.0,100.0,9202.7
7236.05,100.0,21719.8,,,,,100.0,100.0,9177.7
7237.05,0.0,21719.9,,,,,0.0,0.0,9189.4
7238.06,100.0,21761.5,,,,,100.0,100.0,9198.1
7239.06,0.0,21803.0,,,,,0.0,0.0,9188.2
7240.06,100.0,21844.6,,,,,100.0,100.0,9199.1
7241.06,100.0,21844.6,,,,,100.0,100.0,9187.1
7242.06,100.0,21944.6,,,,,100.0,100.0,9201.3
7243.06,0.0,21944.6,,,,,0.0,0.0,9201.3
7244.06,100.0,21903.3,,,,,100.0,100.0,9202.5
7245.06,100.0,21861.7,,,,,100.0,100.0,9202.6
7246.06,100.0,21820.0,,,,,100.0,100.0,9202.6
7247.06,0.0,21820.0,,,,,0.0,0.0,9202.6
7248.06,100.0,21719.9,,,,,100.0,100.0,9179.7
7249.06,0.0,21761.5,,,,,0.0,0.0,9186.2
7250.06,100.0,21803.0,,,,,100.0,100.0,9178.3
7251.06,100.0,21803.0,,,,,100.0,100.0,9184.5
7252.06,100.0,21844.6,,,,,100.0,100.0,9198.6
7253.06,0.0,21878.6,,,,,0.0,0.0,9198.7
7254.06,100.0,21944.6,,,,,100.0,100.0,9201.2
7255.06,100.0,21903.3,,,,,100.0,100.0,9202.5
7256.06,100.0,21861.7,,,,,100.0,100.0,9202.7
7257.06,0.0,21861.7,,,,,0.0,0.0,9202.7
7258.06,100.0,21820.0,,,,,100.0,100.0,9202.7
7259.06,100.0,21719.8,,,,,100.0,100.0,9189.0
7260.06,0.0,21761.5,,,,,0.0,0.0,9197.2
7261.06,100.0,21761.5,,,,,100.0,100.0,9186.9
7262.06,100.0,21803.0,,,,,100.0,100.0,9197.9
7263.06,0.0,21844.6,,,,,0.0,0.0,9192.3
7264.06,100.0,21861.6,,,,,100.0,100.0,9197.6
7265.06,100.0,21944.6,,,,,100.0,100.0,9201.4
7266.06,100.0,21903.3,,,,,100.0,100.0,9202.6
7267.06,0.0,21903.3,,,,,0.0,0.0,9202.6
7268.06,100.0,21861.7,,,,,100.0,100.0,9202.8
7269.06,100.0,21820.0,,,,,100.0,100.0,9202.8
7270.06,100.0,21719.8,,,,,100.0,100.0,9177.8
7271.06,0.0,21719.9,,,,,0.0,0.0,9189.3
7272.06,100.0,21761.5,,,,,100.0,100.0,9198.0
7273.06,0.0,21803.0,,,,,0.0,0.0,9187.2
7274.06,100.0,21844.6,,,,,100.0,100.0,9199.1
7275.06,100.0,21844.6,,,,,100.0,100.0,9186.1
7276.06,100.0,21944.6,,,,,100.0,100.0,9201.3
7277.06,0.0,21944.6,,,,,0.0,0.0,9201.3
7278.06,100.0,21903.3,,,,,100.0,100.0,9202.6
7279.06,100.0,21861.7,,,,,100.0,100.0,9202.8
7280.06,100.0,21820.0,,,,,100.0,100.0,9202.8
7281.06,0.0,21820.0,,,,,0.0,0.0,9202.8
7282.06,100.0,21719.9,,,,,100.0,100.0,9181.1
7283.06,0.0,21761.5,,,,,0.0,0.0,9189.3
7284.06,100.0,21803.0,,,,,100.0,100.0,9198.2
7285.06,100.0,21803.0,,,,,100.0,100.0,9185.8
7286.06,100.0,21844.6,,,,,100.0,100.0,9199.0
7287.06,0.0,21878.6,,,,,0.0,0.0,9199.0
7288.06,100.0,21944.6,,,,,100.0,100.0,9201.4
7289.06,100.0,21903.3,,,,,100.0,100.0,9202.6
7290.06,100.0,21861.7,,,,,100.0,100.0,9202.8
7291.06,0.0,21861.7,,,,,0.0,0.0,9202.8
7292.06,100.0,21820.0,,,,,100.0,100.0,9202.8
7293.06,100.0,21719.8,,,,,100.0,100.0,9189.1
7294.06,0.0,21761.5,,,,,0.0,0.0,9189.4
7295.06,100.0,21761.5,,,,,100.0,100.0,9190.1
7296.06,100.0,21803.0,,,,,100.0,100.0,9190.6
7297.06,0.0,21844.6,,,,,0.0,0.0,9196.7
7298.06,100.0,21861.6,,,,,100.0,100.0,9195.7
7299.06,100.0,21944.6,,,,,100.0,100.0,9201.6
7300.06,100.0,21903.3,,,,,100.0,100.0,9202.9
7301.06,0.0,21903.3,,,,,0.0,0.0,9202.9
7302.06,100.0,21861.7,,,,,100.0,100.0,9203.1
7303.06,100.0,21820.0,,,,,100.0,100.0,9203.1
7304.06,100.0,21719.8,,,,,100.0,100.0,9203.3
7305.06,0.0,21719.9,,,,,0.0,0.0,9188.1
7306.06,100.0,21761.5,,,,,100.0,100.0,9198.0
7307.07,0.0,21803.0,,,,,0.0,0.0,9186.5
7308.07,100.0,21844.6,,,,,100.0,100.0,9198.8
7309.07,100.0,21844.6,,,,,100.0,100.0,9198.9
7310.07,100.0,21944.6,,,,,100.0,100.0,9201.3
7311.07,0.0,21944.6,,,,,0.0,0.0,9201.3
7312.07,100.0,21903.3,,,,,100.0,100.0,9202.6
7313.07,100.0,21861.7,,,,,100.0,100.0,9202.8
7314.07,100.0,21820.0,,,,,100.0,100.0,9202.8
7315.07,0.0,21820.0,,,,,0.0,0.0,9202.8
7316.07,100.0,21719.9,,,,,100.0,100.0,9181.1
7317.07,0.0,21761.5,,,,,0.0,0.0,9189.5
7318.07,100.0,21803.0,,,,,100.0,100.0,9198.2
7319.07,100.0,21803.0,,,,,100.0,100.0,9187.6
7320.07,100.0,21844.6,,,,,100.0,100.0,9199.0
7321.07,0.0,21878.6,,,,,0.0,0.0,9198.9
7322.07,100.0,21944.6,,,,,100.0,100.0,9201.5
7323.07,100.0,21903.3,,,,,100.0,100.0,9202.7
7324.07,0.0,21861.7,,,,,0.0,0.0,9202.9
7325.07,100.0,21820.0,,,,,100.0,100.0,9202.9
7326.07,100.0,21719.8,,,,,100.0,100.0,9187.8
7327.07,100.0,21719.8,,,,,100.0,100.0,9187.8
7328.07,100.0,21761.5,,,,,100.0,100.0,9189.7
7329.07,100.0,21803.0,,,,,100.0,100.0,9180.6
7330.07,0.0,21844.6,,,,,0.0,0.0,9187.3
7331.07,100.0,21878.6,,,,,100.0,100.0,9199.0
7332.07,100.0,21944.6,,,,,100.0,100.0,9201.7
7333.07,100.0,21903.3,,,,,100.0,100.0,9203.0
7334.07,0.0,21903.3,,,,,0.0,0.0,9203.0
7335.07,100.0,21861.7,,,,,100.0,100.0,9203.2
7336.07,100.0,21820.0,,,,,100.0,100.0,9203.2
7337.07,100.0,21719.8,,,,,100.0,100.0,9203.3
7338.07,0.0,21719.9,,,,,0.0,0.0,9190.5
7339.07,100.0,21761.5,,,,,100.0,100.0,9197.8
7340.07,0.0,21803.0,,,,,0.0,0.0,9186.4
7341.07,100.0,21844.6,,,,,100.0,100.0,9189.3
7342.07,100.0,21844.6,,,,,100.0,100.0,9191.7
7343.07,100.0,21944.6,,,,,100.0,100.0,9201.6
7344.07,0.0,21944.6,,,,,0.0,0.0,9201.6
7345.07,100.0,21903.3,,,,,100.0,100.0,9202.9
7346.07,100.0,21861.7,,,,,100.0,100.0,9203.1
7347.07,100.0,21820.0,,,,,100.0,100.0,9203.1
7348.07,0.0,21820.0,,,,,0.0,0.0,9203.1
7349.07,100.0,21705.0,,,,,100.0,100.0,9193.7
7350.07,0.0,21761.5,,,,,0.0,0.0,9181.3
7351.07,100.0,21761.5,,,,,100.0,100.0,9190.3
7352.07,100.0,21803.0,,,,,100.0,100.0,9181.6
7353.07,0.0,21844.6,,,,,0.0,0.0,9188.9
7354.07,100.0,21878.6,,,,,100.0,100.0,9198.0
7355.07,100.0,21944.6,,,,,100.0,100.0,9200.5
7356.07,100.0,21903.3,,,,,100.0,100.0,9201.8
7357.07,0.0,21903.3,,,,,0.0,0.0,9201.8
7358.07,100.0,21861.7,,,,,100.0,100.0,9201.9
7359.07,100.0,21820.0,,,,,100.0,100.0,9201.9
7360.07,100.0,21719.8,,,,,100.0,100.0,9182.4
7361.07,0.0,21719.9,,,,,0.0,0.0,9192.6
7362.07,100.0,21761.5,,,,,100.0,100.0,9196.4
7363.07,0.0,21803.0,,,,,0.0,0.0,9188.8
7364.07,100.0,21844.6,,,,,100.0,100.0,9198.0
7365.07,100.0,21844.6,,,,,100.0,100.0,9187.3
7366.07,100.0,21944.6,,,,,100.0,100.0,9200.6
7367.07,0.0,21944.6,,,,,0.0,0.0,9200.6
7368.07,100.0,21903.3,,,,,100.0,100.0,9201.9
7369.07,100.0,21861.7,,,,,100.0,100.0,9202.1
7370.07,100.0,21820.0,,,,,100.0,100.0,9202.1
7371.07,0.0,21820.0,,,,,0.0,0.0,9202.1
7372.07,100.0,21719.9,,,,,100.0,100.0,9183.1
7373.07,0.0,21778.5,,,,,0.0,0.0,9192.5
7374.07,100.0,21803.0,,,,,100.0,100.0,9182.2
7375.07,100.0,21803.0,,,,,100.0,100.0,9190.1
7376.08,100.0,21844.6,,,,,100.0,100.0,9198.2
7377.08,0.0,21878.6,,,,,0.0,0.0,9198.1
7378.08,100.0,21944.6,,,,,100.0,100.0,9200.6
7379.08,100.0,21903.3,,,,,100.0,100.0,9201.9
7380.08,100.0,21861.7,,,,,100.0,100.0,9202.1
7381.08,0.0,21861.7,,,,,0.0,0.0,9202.1
7382.08,100.0,21820.0,,,,,100.0,100.0,9202.1
7383.08,100.0,21685.8,,,,,100.0,100.0,9194.6
7384.08,0.0,21761.5,,,,,0.0,0.0,9182.8
7385.08,100.0,21782.3,,,,,100.0,100.0,9195.2
7386.08,100.0,21803.0,,,,,100.0,100.0,9184.2
7387.08,0.0,21861.6,,,,,0.0,0.0,9192.9
7388.08,100.0,21878.6,,,,,100.0,100.0,9198.2
7389.08,100.0,21944.6,,,,,100.0,100.0,9200.7
7390.08,100.0,21903.3,,,,,100.0,100.0,9202.0
7391.08,0.0,21903.3,,,,,0.0,0.0,9202.0
7392.08,100.0,21861.7,,,,,100.0,100.0,9202.2
7393.08,100.0,21820.0,,,,,100.0,100.0,9202.2
7394.08,100.0,21719.8,,,,,100.0,100.0,9202.3
7395.08,0.0,21761.5,,,,,0.0,0.0,9196.6
7396.08,100.0,21761.5,,,,,100.0,100.0,9190.2
7397.08,0.0,21803.0,,,,,0.0,0.0,9194.4
7398.08,100.0,21844.6,,,,,100.0,100.0,9184.1
7399.08,100.0,21844.6,,,,,100.0,100.0,9189.1
7400.08,100.0,21944.6,,,,,100.0,100.0,9200.7
7401.08,0.0,21944.6,,,,,0.0,0.0,9200.7
7402.08,100.0,21903.3,,,,,100.0,100.0,9202.0
7403.08,100.0,21861.7,,,,,100.0,100.0,9202.2
7404.08,100.0,21820.0,,,,,100.0,100.0,9202.2
7405.08,0.0,21820.0,,,,,0.0,0.0,9202.2
7406.08,100.0,21719.9,,,,,100.0,100.0,9183.2
7407.08,0.0,21782.3,,,,,0.0,0.0,9193.8
7408.08,100.0,21803.0,,,,,100.0,100.0,9197.6
7409.08,100.0,21803.0,,,,,100.0,100.0,9191.6
7410.08,100.0,21844.6,,,,,100.0,100.0,9198.4
7411.08,0.0,21878.6,,,,,0.0,0.0,9198.3
7412.08,100.0,21944.6,,,,,100.0,100.0,9200.8
7413.08,100.0,21903.3,,,,,100.0,100.0,9202.0
7414.08,100.0,21861.7,,,,,100.0,100.0,9202.2
7415.08,0.0,21861.7,,,,,0.0,0.0,9202.2
7416.08,100.0,21820.0,,,,,100.0,100.0,9202.2
7417.08,100.0,21719.9,,,,,100.0,100.0,9196.2
7418.08,0.0,21761.5,,,,,0.0,0.0,9183.9
7419.08,100.0,21782.3,,,,,100.0,100.0,9194.6
7420.08,100.0,21803.0,,,,,100.0,100.0,9184.3
7421.08,0.0,21844.6,,,,,0.0,0.0,9191.3
7422.08,100.0,21878.6,,,,,100.0,100.0,9198.2
7423.08,100.0,21944.6,,,,,100.0,100.0,9200.8
7424.08,100.0,21903.3,,,,,100.0,100.0,9202.0
7425.08,0.0,21903.3,,,,,0.0,0.0,9202.0
7426.08,100.0,21861.7,,,,,100.0,100.0,9202.2
7427.08,100.0,21820.0,,,,,100.0,100.0,9202.2
7428.08,100.0,21719.8,,,,,100.0,100.0,9202.3
7429.08,0.0,21761.2,,,,,0.0,0.0,9196.6
7430.08,100.0,21761.5,,,,,100.0,100.0,9190.0
7431.08,0.0,21823.8,,,,,0.0,0.0,9193.3
7432.08,100.0,21844.6,,,,,100.0,100.0,9192.3
7433.08,100.0,21844.6,,,,,100.0,100.0,9196.1
7434.08,100.0,21944.6,,,,,100.0,100.0,9200.8
7435.08,0.0,21944.6,,,,,0.0,0.0,9200.8
7436.08,100.0,21903.3,,,,,100.0,100.0,9202.1
7437.08,100.0,21861.7,,,,,100.0,100.0,9202.3
7438.08,100.0,21820.0,,,,,100.0,100.0,9202.3
7439.08,0.0,21820.0,,,,,0.0,0.0,9202.3
7440.08,100.0,21719.9,,,,,100.0,100.0,9184.4
7441.08,100.0,21719.9,,,,,100.0,100.0,9193.4
7442.08,0.0,21803.0,,,,,0.0,0.0,9197.7
7443.08,100.0,21803.0,,,,,100.0,100.0,9189.8
7444.08,100.0,21844.6,,,,,100.0,100.0,9198.7
7445.08,0.0,21878.6,,,,,0.0,0.0,9198.4
7446.08,100.0,21944.6,,,,,100.0,100.0,9200.9
7447.08,100.0,21903.3,,,,,100.0,100.0,9202.1
7448.09,100.0,21861.7,,,,,100.0,100.0,9202.3
7449.09,0.0,21861.7,,,,,0.0,0.0,9202.3
7450.09,100.0,21820.0,,,,,100.0,100.0,9202.3
7451.09,100.0,21719.9,,,,,100.0,100.0,9196.4
7452.09,0.0,21761.5,,,,,0.0,0.0,9185.0
7453.09,100.0,21782.3,,,,,100.0,100.0,9195.8
7454.09,100.0,21803.0,,,,,100.0,100.0,9184.4
7455.09,100.0,21803.0,,,,,100.0,100.0,9192.6
7456.09,0.0,21878.6,,,,,0.0,0.0,9198.4
7457.09,100.0,21944.6,,,,,100.0,100.0,9200.9
7458.09,100.0,21902.9,,,,,100.0,100.0,9202.1
7459.09,0.0,21902.9,,,,,0.0,0.0,9202.1
7460.09,100.0,21861.3,,,,,100.0,100.0,9202.3
7461.09,100.0,21819.6,,,,,100.0,100.0,9202.3
7462.09,100.0,21719.4,,,,,100.0,100.0,9202.5
7463.09,0.0,21740.3,,,,,0.0,0.0,9195.0
7464.09,100.0,21761.1,,,,,100.0,100.0,9190.4
7465.09,100.0,21861.2,,,,,100.0,100.0,9201.6
7466.09,0.0,21861.2,,,,,0.0,0.0,9201.6
7467.09,100.0,21819.6,,,,,100.0,100.0,9201.6
7468.09,100.0,21685.1,,,,,100.0,100.0,9203.0
7469.09,20.21,6368.0,,,,,0.05,40.37,9278.6
7470.09,0.0,5468.0,,,,,0.0,0.0,9333.2
7471.09,0.0,5468.0,,,,,0.0,0.0,9377.8
7472.09,0.0,5468.0,,,,,0.0,0.0,9497.1
7473.09,0.0,5468.0,,,,,0.0,0.0,9571.2
7474.09,0.0,5468.0,,,,,0.0,0.0,9645.9
7475.09,0.0,0.0,,,,,0.0,0.0,0.0
7476.09,0.0,0.0,,,,,0.0,0.0,0.0
