t_s,gpu_util_pct,mem_used_mib,power_w,temp_c,sclk_mhz,mclk_mhz,util_nc0,util_nc1,host_mem_used_mib
0.0,,,,,,,,,
1.0,0.0,0.0,,,,,0.0,0.0,0.0
2.0,0.0,0.0,,,,,0.0,0.0,0.0
3.0,0.0,0.0,,,,,0.0,0.0,0.0
4.0,0.0,0.0,,,,,0.0,0.0,0.0
5.0,0.0,0.0,,,,,0.0,0.0,0.0
6.0,0.0,0.0,,,,,0.0,0.0,0.0
7.0,0.0,0.0,,,,,0.0,0.0,0.0
8.0,0.0,0.0,,,,,0.0,0.0,0.0
9.0,0.0,0.0,,,,,0.0,0.0,0.0
10.0,0.0,0.0,,,,,0.0,0.0,2224.8
11.0,0.0,0.0,,,,,0.0,0.0,2224.8
12.0,0.0,0.0,,,,,0.0,0.0,2224.8
13.0,0.0,0.0,,,,,0.0,0.0,2224.8
14.0,0.0,0.0,,,,,0.0,0.0,2224.8
15.0,0.0,0.0,,,,,0.0,0.0,2224.8
16.0,0.21,356.0,,,,,0.21,0.21,3180.1
17.0,0.0,356.0,,,,,0.0,0.0,3675.1
18.0,0.0,356.0,,,,,0.0,0.0,4815.9
19.0,0.0,356.0,,,,,0.0,0.0,5717.1
20.0,0.0,356.0,,,,,0.0,0.0,7021.0
21.0,0.0,356.0,,,,,0.0,0.0,7951.8
22.0,0.0,356.0,,,,,0.0,0.0,8889.7
23.0,0.0,356.0,,,,,0.0,0.0,9918.2
24.0,0.0,356.0,,,,,0.0,0.0,10982.9
25.0,0.0,356.0,,,,,0.0,0.0,12213.9
26.0,0.0,356.0,,,,,0.0,0.0,13155.2
27.0,0.0,356.0,,,,,0.0,0.0,14314.3
28.0,0.0,356.0,,,,,0.0,0.0,15271.9
29.0,0.0,356.0,,,,,0.0,0.0,16266.6
30.0,0.0,356.0,,,,,0.0,0.0,17950.1
31.0,0.0,356.0,,,,,0.0,0.0,18239.1
32.0,0.0,356.0,,,,,0.0,0.0,21327.4
33.0,0.0,356.0,,,,,0.0,0.0,20143.9
34.0,0.0,356.0,,,,,0.0,0.0,21156.7
35.0,0.0,356.0,,,,,0.0,0.0,22045.4
36.0,0.0,356.0,,,,,0.0,0.0,23084.0
37.01,0.0,356.0,,,,,0.0,0.0,23954.0
38.01,0.0,356.0,,,,,0.0,0.0,24853.7
39.01,0.0,356.0,,,,,0.0,0.0,24986.2
40.01,0.0,356.0,,,,,0.0,0.0,24978.8
41.01,0.0,356.0,,,,,0.0,0.0,24986.1
42.01,0.0,356.0,,,,,0.0,0.0,24983.6
43.01,0.0,356.0,,,,,0.0,0.0,24916.1
44.01,0.0,356.0,,,,,0.0,0.0,24890.3
45.01,0.0,356.0,,,,,0.0,0.0,24896.6
46.01,0.0,356.0,,,,,0.0,0.0,24941.4
47.01,0.0,356.0,,,,,0.0,0.0,24921.6
48.01,0.0,356.0,,,,,0.0,0.0,24792.0
49.01,0.0,356.0,,,,,0.0,0.0,24867.3
50.01,0.0,356.0,,,,,0.0,0.0,24874.0
51.01,0.0,356.0,,,,,0.0,0.0,24845.1
52.01,0.0,356.0,,,,,0.0,0.0,23965.1
53.01,0.0,356.0,,,,,0.0,0.0,19512.2
54.01,0.0,356.0,,,,,0.0,0.0,19963.9
55.01,0.0,356.0,,,,,0.0,0.0,19526.4
56.01,0.0,356.0,,,,,0.0,0.0,19142.4
57.01,0.0,356.0,,,,,0.0,0.0,18758.4
58.01,0.0,356.0,,,,,0.0,0.0,18627.9
59.01,0.0,356.0,,,,,0.0,0.0,18944.2
60.01,0.0,356.0,,,,,0.0,0.0,18220.5
61.01,0.0,356.0,,,,,0.0,0.0,18654.7
62.01,0.0,356.0,,,,,0.0,0.0,17971.9
63.01,0.0,356.0,,,,,0.0,0.0,18374.3
64.01,0.0,356.0,,,,,0.0,0.0,17799.4
65.01,0.0,356.0,,,,,0.0,0.0,18354.1
66.01,0.0,356.0,,,,,0.0,0.0,17632.6
67.01,0.0,356.0,,,,,0.0,0.0,18187.2
68.01,0.0,356.0,,,,,0.0,0.0,18790.1
69.01,0.0,356.0,,,,,0.0,0.0,18023.9
70.01,0.0,356.0,,,,,0.0,0.0,18472.1
71.01,0.0,356.0,,,,,0.0,0.0,17872.2
72.01,0.0,356.0,,,,,0.0,0.0,18373.1
73.01,0.0,356.0,,,,,0.0,0.0,17738.8
74.01,0.0,356.0,,,,,0.0,0.0,18304.3
75.01,0.0,356.0,,,,,0.0,0.0,18314.7
76.01,0.0,356.0,,,,,0.0,0.0,17896.0
77.01,0.0,356.0,,,,,0.0,0.0,18783.8
78.01,0.0,356.0,,,,,0.0,0.0,19412.0
79.01,0.0,356.0,,,,,0.0,0.0,19810.8
80.01,0.0,356.0,,,,,0.0,0.0,20287.1
81.01,0.0,356.0,,,,,0.0,0.0,20883.4
82.01,0.0,356.0,,,,,0.0,0.0,21384.4
83.01,0.0,356.0,,,,,0.0,0.0,21883.9
84.01,0.0,356.0,,,,,0.0,0.0,22384.4
85.01,0.0,356.0,,,,,0.0,0.0,22885.4
86.01,0.0,356.0,,,,,0.0,0.0,23412.6
87.01,0.0,356.0,,,,,0.0,0.0,24114.2
88.01,0.0,356.0,,,,,0.0,0.0,24750.6
89.01,0.0,356.0,,,,,0.0,0.0,25441.6
90.01,0.0,356.0,,,,,0.0,0.0,25857.8
91.01,0.0,356.0,,,,,0.0,0.0,25721.6
92.01,0.0,356.0,,,,,0.0,0.0,25728.9
93.01,0.0,356.0,,,,,0.0,0.0,25688.3
94.01,0.0,356.0,,,,,0.0,0.0,25733.0
95.01,0.0,356.0,,,,,0.0,0.0,25850.7
96.01,0.0,356.0,,,,,0.0,0.0,25830.2
97.01,0.0,356.0,,,,,0.0,0.0,25616.2
98.01,0.0,356.0,,,,,0.0,0.0,25564.9
99.01,0.0,356.0,,,,,0.0,0.0,25610.7
100.01,0.0,356.0,,,,,0.0,0.0,25033.4
101.01,0.0,356.0,,,,,0.0,0.0,25083.6
102.01,0.0,356.0,,,,,0.0,0.0,25041.3
103.01,0.0,356.0,,,,,0.0,0.0,24879.3
104.02,0.0,356.0,,,,,0.0,0.0,24627.2
105.02,0.0,356.0,,,,,0.0,0.0,24850.8
106.02,0.0,356.0,,,,,0.0,0.0,25292.3
107.02,0.0,356.0,,,,,0.0,0.0,25655.2
108.02,0.0,356.0,,,,,0.0,0.0,25934.0
109.02,0.0,356.0,,,,,0.0,0.0,26264.9
110.02,0.0,356.0,,,,,0.0,0.0,21795.5
111.02,0.0,356.0,,,,,0.0,0.0,22317.4
112.02,0.0,356.0,,,,,0.0,0.0,22911.2
113.02,0.0,356.0,,,,,0.0,0.0,23514.2
114.02,0.0,356.0,,,,,0.0,0.0,23957.2
115.02,0.0,356.0,,,,,0.0,0.0,24421.9
116.02,0.0,356.0,,,,,0.0,0.0,24553.0
117.02,0.0,356.0,,,,,0.0,0.0,24643.8
118.02,0.0,356.0,,,,,0.0,0.0,24578.1
119.02,0.0,356.0,,,,,0.0,0.0,24501.7
120.02,0.0,356.0,,,,,0.0,0.0,24708.9
121.02,0.0,356.0,,,,,0.0,0.0,24895.6
122.02,0.0,356.0,,,,,0.0,0.0,25231.4
123.02,0.0,356.0,,,,,0.0,0.0,25695.4
124.02,0.0,356.0,,,,,0.0,0.0,26659.2
125.02,0.0,356.0,,,,,0.0,0.0,27334.0
126.02,0.0,356.0,,,,,0.0,0.0,27504.3
127.02,0.0,356.0,,,,,0.0,0.0,27674.3
128.02,0.0,356.0,,,,,0.0,0.0,20285.5
129.02,0.0,356.0,,,,,0.0,0.0,20782.8
130.02,0.0,356.0,,,,,0.0,0.0,21343.6
131.02,0.0,356.0,,,,,0.0,0.0,22028.8
132.02,0.0,356.0,,,,,0.0,0.0,22527.9
133.02,0.0,356.0,,,,,0.0,0.0,22989.1
134.02,0.0,356.0,,,,,0.0,0.0,23482.0
135.02,0.0,356.0,,,,,0.0,0.0,23998.2
136.02,0.0,356.0,,,,,0.0,0.0,24500.9
137.02,0.0,356.0,,,,,0.0,0.0,25030.1
138.02,0.0,356.0,,,,,0.0,0.0,25569.2
139.02,0.0,356.0,,,,,0.0,0.0,25829.0
140.02,0.0,356.0,,,,,0.0,0.0,26000.9
141.02,0.0,356.0,,,,,0.0,0.0,26690.6
142.02,0.0,356.0,,,,,0.0,0.0,27144.5
143.02,0.0,356.0,,,,,0.0,0.0,20328.7
144.02,0.0,356.0,,,,,0.0,0.0,20966.9
145.02,0.0,356.0,,,,,0.0,0.0,21879.3
146.02,0.0,356.0,,,,,0.0,0.0,22351.9
147.02,0.0,356.0,,,,,0.0,0.0,22683.3
148.02,0.0,356.0,,,,,0.0,0.0,23072.0
149.02,0.0,356.0,,,,,0.0,0.0,15110.5
150.02,0.07,356.7,,,,,0.08,0.07,14894.4
151.02,0.0,356.7,,,,,0.0,0.0,14943.6
152.02,0.0,356.7,,,,,0.0,0.0,14960.1
153.02,18.14,356.7,,,,,15.02,21.27,15041.8
154.02,0.0,356.7,,,,,0.0,0.0,15751.4
155.02,0.0,356.7,,,,,0.0,0.0,16464.9
156.03,0.0,1087.4,,,,,0.0,0.0,15882.8
157.03,0.0,2253.5,,,,,0.0,0.0,14916.9
158.03,0.0,2721.7,,,,,0.0,0.0,15166.2
159.03,0.0,3205.4,,,,,0.0,0.0,15314.9
160.03,0.0,3576.4,,,,,0.0,0.0,15581.6
161.03,0.0,5891.2,,,,,0.0,0.0,14960.1
162.03,0.0,9786.3,,,,,0.0,0.0,12554.6
163.03,0.0,13783.7,,,,,0.0,0.0,9651.7
164.03,0.0,16227.3,,,,,0.0,0.0,7603.7
165.03,0.0,16297.9,,,,,0.0,0.0,4644.3
166.03,0.0,16297.9,,,,,0.0,0.0,1959.2
167.03,0.0,16297.9,,,,,0.0,0.0,2273.9
168.03,0.0,16297.9,,,,,0.0,0.0,2275.0
169.03,0.0,16297.9,,,,,0.0,0.0,2275.0
170.03,0.0,16297.9,,,,,0.0,0.0,2275.0
171.03,0.0,16297.9,,,,,0.0,0.0,2359.6
172.03,0.0,16297.9,,,,,0.0,0.0,2521.5
173.03,0.0,16297.9,,,,,0.0,0.0,2596.0
174.03,0.0,16297.9,,,,,0.0,0.0,2596.0
175.03,0.0,16297.9,,,,,0.0,0.0,2596.0
176.03,0.0,16297.9,,,,,0.0,0.0,2596.0
177.03,0.0,16297.9,,,,,0.0,0.0,2596.0
178.03,0.0,16297.9,,,,,0.0,0.0,2596.0
179.03,0.0,16297.9,,,,,0.0,0.0,2596.0
180.03,0.0,16297.9,,,,,0.0,0.0,2596.0
181.03,0.0,16297.9,,,,,0.0,0.0,2596.0
182.03,0.0,16297.9,,,,,0.0,0.0,2596.0
183.03,0.0,16297.9,,,,,0.0,0.0,2596.0
184.04,0.0,16297.9,,,,,0.0,0.0,2596.0
185.04,0.0,16297.9,,,,,0.0,0.0,2596.0
186.04,0.0,16297.9,,,,,0.0,0.0,2596.0
187.04,0.0,16297.9,,,,,0.0,0.0,2596.0
188.04,0.0,16297.9,,,,,0.0,0.0,2596.0
189.04,0.0,16297.9,,,,,0.0,0.0,2596.0
190.04,0.0,16297.9,,,,,0.0,0.0,2596.0
191.04,0.0,16297.9,,,,,0.0,0.0,2596.0
192.04,0.0,16297.9,,,,,0.0,0.0,2596.0
193.04,0.0,16297.9,,,,,0.0,0.0,2596.0
194.04,0.0,16297.9,,,,,0.0,0.0,2596.0
195.04,0.0,16297.9,,,,,0.0,0.0,2596.0
196.04,0.0,16297.9,,,,,0.0,0.0,2596.0
197.04,0.0,16297.9,,,,,0.0,0.0,2596.0
198.04,0.0,16297.9,,,,,0.0,0.0,2596.0
199.04,0.0,16297.9,,,,,0.0,0.0,2596.0
200.04,0.0,16297.9,,,,,0.0,0.0,2596.0
201.04,0.0,16297.9,,,,,0.0,0.0,2596.0
202.04,0.0,16297.9,,,,,0.0,0.0,2596.0
203.04,0.0,16297.9,,,,,0.0,0.0,2596.0
204.04,0.0,16297.9,,,,,0.0,0.0,2596.0
205.04,0.0,16297.9,,,,,0.0,0.0,2596.0
206.04,0.0,16297.9,,,,,0.0,0.0,2596.0
207.04,0.0,16297.9,,,,,0.0,0.0,2596.0
208.04,0.0,16297.9,,,,,0.0,0.0,2596.0
209.04,0.0,16297.9,,,,,0.0,0.0,2596.0
210.04,0.0,16297.9,,,,,0.0,0.0,2596.0
211.04,0.0,16297.9,,,,,0.0,0.0,2596.0
212.04,0.0,16297.9,,,,,0.0,0.0,2596.0
213.04,0.0,16297.9,,,,,0.0,0.0,2596.0
214.04,0.0,16297.9,,,,,0.0,0.0,2596.0
215.05,0.0,16297.9,,,,,0.0,0.0,2596.0
216.05,0.0,16297.9,,,,,0.0,0.0,2596.0
217.05,0.0,16297.9,,,,,0.0,0.0,2596.0
218.05,0.0,16297.9,,,,,0.0,0.0,2596.0
219.05,0.0,16297.9,,,,,0.0,0.0,2596.0
220.05,0.0,16297.9,,,,,0.0,0.0,2596.0
221.05,0.0,16297.9,,,,,0.0,0.0,2596.0
222.05,0.0,16297.9,,,,,0.0,0.0,2596.0
223.05,0.0,16297.9,,,,,0.0,0.0,2596.0
224.05,0.0,16297.9,,,,,0.0,0.0,2596.0
225.05,0.0,16297.9,,,,,0.0,0.0,2596.0
226.05,0.0,16297.9,,,,,0.0,0.0,2596.0
227.05,0.0,16297.9,,,,,0.0,0.0,2596.0
228.05,0.0,16297.9,,,,,0.0,0.0,2596.0
229.05,0.0,16297.9,,,,,0.0,0.0,2596.0
230.05,0.0,16297.9,,,,,0.0,0.0,2596.0
231.05,0.0,16297.9,,,,,0.0,0.0,2596.0
232.05,0.0,16297.9,,,,,0.0,0.0,2596.0
233.05,0.0,16297.9,,,,,0.0,0.0,2596.0
234.05,0.0,16297.9,,,,,0.0,0.0,2596.0
235.05,0.0,16297.9,,,,,0.0,0.0,2596.0
236.05,0.0,16297.9,,,,,0.0,0.0,2596.0
237.05,0.0,16297.9,,,,,0.0,0.0,2596.0
238.06,0.0,16297.9,,,,,0.0,0.0,2596.0
239.06,0.0,16297.9,,,,,0.0,0.0,2596.0
240.06,0.0,16297.9,,,,,0.0,0.0,2596.0
241.06,0.0,16297.9,,,,,0.0,0.0,2596.0
242.06,0.0,16297.9,,,,,0.0,0.0,2596.0
243.06,0.0,16297.9,,,,,0.0,0.0,2596.0
244.06,0.0,16297.9,,,,,0.0,0.0,2596.0
245.06,0.0,16297.9,,,,,0.0,0.0,2596.0
246.06,0.0,16297.9,,,,,0.0,0.0,2596.0
247.06,0.0,16297.9,,,,,0.0,0.0,2596.0
248.06,0.0,16297.9,,,,,0.0,0.0,2596.0
249.06,0.0,16297.9,,,,,0.0,0.0,2596.0
250.06,0.0,16297.9,,,,,0.0,0.0,2596.0
251.06,0.0,16297.9,,,,,0.0,0.0,2596.0
252.06,0.0,16297.9,,,,,0.0,0.0,2596.0
253.07,0.0,16297.9,,,,,0.0,0.0,2596.0
254.07,0.0,16297.9,,,,,0.0,0.0,2596.0
255.07,0.0,16297.9,,,,,0.0,0.0,2596.0
256.07,0.0,16297.9,,,,,0.0,0.0,2596.0
257.07,0.0,16297.9,,,,,0.0,0.0,2596.0
258.07,0.0,16297.9,,,,,0.0,0.0,2596.0
259.07,0.0,16297.9,,,,,0.0,0.0,2596.0
260.07,0.0,16297.9,,,,,0.0,0.0,2596.0
261.07,0.0,16297.9,,,,,0.0,0.0,2596.0
262.07,0.0,16297.9,,,,,0.0,0.0,2596.0
263.07,0.0,16297.9,,,,,0.0,0.0,2596.0
264.07,0.0,16297.9,,,,,0.0,0.0,2596.0
265.07,0.0,16297.9,,,,,0.0,0.0,2596.0
266.07,0.0,16297.9,,,,,0.0,0.0,2596.0
267.07,0.0,16297.9,,,,,0.0,0.0,2596.0
268.07,0.0,16297.9,,,,,0.0,0.0,2596.0
269.07,0.0,16297.9,,,,,0.0,0.0,2596.0
270.07,0.0,16297.9,,,,,0.0,0.0,2596.0
271.07,0.0,16297.9,,,,,0.0,0.0,2596.0
272.07,0.0,16297.9,,,,,0.0,0.0,2596.0
273.07,0.0,16297.9,,,,,0.0,0.0,2596.0
274.07,0.0,16297.9,,,,,0.0,0.0,2596.0
275.07,0.0,16297.9,,,,,0.0,0.0,2596.0
276.07,0.0,16297.9,,,,,0.0,0.0,2596.0
277.07,0.0,16297.9,,,,,0.0,0.0,2596.0
278.07,0.0,16297.9,,,,,0.0,0.0,2596.0
279.07,0.0,16297.9,,,,,0.0,0.0,2596.0
280.07,0.0,16297.9,,,,,0.0,0.0,2596.0
281.07,0.0,16297.9,,,,,0.0,0.0,2596.0
282.07,0.0,16297.9,,,,,0.0,0.0,2596.0
283.07,0.0,16297.9,,,,,0.0,0.0,2596.0
284.07,0.0,16297.9,,,,,0.0,0.0,2596.0
285.07,0.0,16297.9,,,,,0.0,0.0,2596.0
286.08,0.0,16297.9,,,,,0.0,0.0,2596.0
287.08,0.0,16297.9,,,,,0.0,0.0,2596.0
288.08,0.0,16297.9,,,,,0.0,0.0,2596.0
289.08,0.0,16297.9,,,,,0.0,0.0,2596.0
290.08,0.0,16297.9,,,,,0.0,0.0,2596.0
291.08,0.0,16297.9,,,,,0.0,0.0,2596.0
292.08,0.0,16297.9,,,,,0.0,0.0,2596.0
293.08,0.0,16297.9,,,,,0.0,0.0,2596.0
294.08,0.0,16297.9,,,,,0.0,0.0,2596.0
295.08,0.0,16297.9,,,,,0.0,0.0,2596.0
296.08,0.0,16297.9,,,,,0.0,0.0,2596.0
297.08,0.0,16297.9,,,,,0.0,0.0,2596.0
298.08,0.0,16297.9,,,,,0.0,0.0,2596.0
299.08,0.0,16297.9,,,,,0.0,0.0,2596.0
300.08,0.0,16297.9,,,,,0.0,0.0,2596.0
301.08,0.0,16297.9,,,,,0.0,0.0,2596.0
302.08,0.0,16297.9,,,,,0.0,0.0,2596.0
303.08,0.0,16297.9,,,,,0.0,0.0,2596.0
304.08,0.0,16297.9,,,,,0.0,0.0,2596.0
305.08,0.0,16297.9,,,,,0.0,0.0,2596.0
306.08,0.0,16297.9,,,,,0.0,0.0,2596.0
307.08,0.0,16297.9,,,,,0.0,0.0,2596.0
308.08,0.0,16297.9,,,,,0.0,0.0,2596.0
309.08,0.0,16297.9,,,,,0.0,0.0,2596.0
310.08,0.0,16297.9,,,,,0.0,0.0,2596.0
311.08,0.0,16297.9,,,,,0.0,0.0,2596.0
312.08,0.0,16297.9,,,,,0.0,0.0,2596.0
313.08,0.0,16297.9,,,,,0.0,0.0,2596.0
314.08,0.0,16297.9,,,,,0.0,0.0,2596.0
315.08,0.0,16297.9,,,,,0.0,0.0,2596.0
316.08,0.0,16297.9,,,,,0.0,0.0,2596.0
317.08,0.0,16297.9,,,,,0.0,0.0,2596.0
318.08,0.0,16297.9,,,,,0.0,0.0,2596.0
319.08,0.0,16297.9,,,,,0.0,0.0,2596.0
320.08,0.0,16297.9,,,,,0.0,0.0,2596.0
321.08,0.0,16297.9,,,,,0.0,0.0,2596.0
322.09,0.0,16297.9,,,,,0.0,0.0,2596.0
323.09,0.0,16297.9,,,,,0.0,0.0,2596.0
324.09,0.0,16297.9,,,,,0.0,0.0,2596.0
325.09,0.0,16297.9,,,,,0.0,0.0,2596.0
326.09,0.0,16297.9,,,,,0.0,0.0,2596.0
327.09,0.0,16297.9,,,,,0.0,0.0,2596.0
328.09,0.0,16297.9,,,,,0.0,0.0,2596.0
329.09,0.0,16297.9,,,,,0.0,0.0,2596.0
330.09,0.0,16297.9,,,,,0.0,0.0,2596.0
331.09,0.0,16297.9,,,,,0.0,0.0,2596.0
332.09,0.0,16297.9,,,,,0.0,0.0,2596.0
333.09,0.0,16297.9,,,,,0.0,0.0,2596.0
334.09,0.0,16297.9,,,,,0.0,0.0,2596.0
335.09,0.0,16297.9,,,,,0.0,0.0,2596.0
336.09,0.0,16297.9,,,,,0.0,0.0,2596.0
337.09,0.0,16297.9,,,,,0.0,0.0,2596.0
338.09,0.0,16297.9,,,,,0.0,0.0,2596.0
339.09,0.0,16297.9,,,,,0.0,0.0,2596.0
340.09,0.0,16297.9,,,,,0.0,0.0,2596.0
341.09,0.0,16297.9,,,,,0.0,0.0,2596.0
342.09,0.0,16297.9,,,,,0.0,0.0,2596.0
343.09,0.0,16297.9,,,,,0.0,0.0,2596.0
344.09,0.0,16297.9,,,,,0.0,0.0,2596.0
345.09,0.0,16297.9,,,,,0.0,0.0,2596.0
346.09,0.0,16297.9,,,,,0.0,0.0,2596.0
347.09,0.0,16297.9,,,,,0.0,0.0,2596.0
348.1,0.0,16297.9,,,,,0.0,0.0,2596.0
349.1,0.0,16297.9,,,,,0.0,0.0,2596.0
350.1,0.0,16297.9,,,,,0.0,0.0,2596.0
351.1,0.0,16297.9,,,,,0.0,0.0,2596.0
352.1,0.0,16297.9,,,,,0.0,0.0,2596.0
353.1,0.0,16297.9,,,,,0.0,0.0,2596.0
354.1,0.0,16297.9,,,,,0.0,0.0,2596.0
355.1,0.0,16297.9,,,,,0.0,0.0,2596.0
356.1,0.0,16297.9,,,,,0.0,0.0,2596.0
357.1,0.0,16297.9,,,,,0.0,0.0,2596.0
358.1,0.0,16297.9,,,,,0.0,0.0,2596.0
359.1,0.0,16297.9,,,,,0.0,0.0,2596.0
360.1,0.0,16297.9,,,,,0.0,0.0,2596.0
361.1,0.0,16297.9,,,,,0.0,0.0,2596.0
362.1,0.0,16297.9,,,,,0.0,0.0,2596.0
363.1,0.0,16297.9,,,,,0.0,0.0,2596.0
364.11,0.0,16297.9,,,,,0.0,0.0,2596.0
365.11,0.0,16297.9,,,,,0.0,0.0,2596.0
366.11,0.0,16297.9,,,,,0.0,0.0,2596.0
367.11,0.0,16297.9,,,,,0.0,0.0,2596.0
368.11,0.0,16297.9,,,,,0.0,0.0,2596.0
369.11,0.0,16297.9,,,,,0.0,0.0,2596.0
370.11,0.0,16297.9,,,,,0.0,0.0,2596.0
371.11,0.0,16297.9,,,,,0.0,0.0,2596.0
372.11,0.0,16297.9,,,,,0.0,0.0,2596.0
373.11,0.0,16297.9,,,,,0.0,0.0,2596.0
374.11,0.0,16297.9,,,,,0.0,0.0,2596.0
375.11,0.0,16297.9,,,,,0.0,0.0,2596.0
376.11,0.0,16297.9,,,,,0.0,0.0,2596.0
377.11,0.0,16297.9,,,,,0.0,0.0,2596.0
378.11,0.0,16297.9,,,,,0.0,0.0,2596.0
379.11,0.0,16297.9,,,,,0.0,0.0,2596.0
380.11,0.0,16297.9,,,,,0.0,0.0,2596.0
381.11,0.0,16297.9,,,,,0.0,0.0,2596.0
382.11,0.0,16297.9,,,,,0.0,0.0,2596.0
383.11,0.0,16297.9,,,,,0.0,0.0,2596.0
384.11,0.0,16297.9,,,,,0.0,0.0,2596.0
385.11,0.0,16297.9,,,,,0.0,0.0,2596.0
386.11,0.0,16297.9,,,,,0.0,0.0,2596.0
387.12,0.0,16297.9,,,,,0.0,0.0,2596.0
388.12,0.0,16297.9,,,,,0.0,0.0,2596.0
389.12,0.0,16297.9,,,,,0.0,0.0,2596.0
390.12,0.0,16297.9,,,,,0.0,0.0,2596.0
391.12,0.0,16297.9,,,,,0.0,0.0,2596.0
392.12,0.0,16297.9,,,,,0.0,0.0,2596.0
393.12,0.0,16297.9,,,,,0.0,0.0,2596.0
394.12,0.0,16297.9,,,,,0.0,0.0,2596.0
395.12,0.0,16297.9,,,,,0.0,0.0,2596.0
396.12,0.0,16297.9,,,,,0.0,0.0,2596.0
397.12,0.0,16297.9,,,,,0.0,0.0,2596.0
398.12,0.0,16297.9,,,,,0.0,0.0,2596.0
399.12,0.0,16297.9,,,,,0.0,0.0,2596.0
400.12,0.0,16297.9,,,,,0.0,0.0,2596.0
401.12,0.0,16297.9,,,,,0.0,0.0,2596.0
402.12,0.0,16297.9,,,,,0.0,0.0,2596.0
403.12,0.0,16297.9,,,,,0.0,0.0,2596.0
404.12,0.0,16297.9,,,,,0.0,0.0,2596.0
405.12,0.0,16297.9,,,,,0.0,0.0,2596.0
406.12,0.0,16297.9,,,,,0.0,0.0,2596.0
407.12,0.0,16297.9,,,,,0.0,0.0,2596.0
408.12,0.0,16297.9,,,,,0.0,0.0,2596.0
409.12,0.0,16297.9,,,,,0.0,0.0,2596.0
410.13,0.0,16297.9,,,,,0.0,0.0,2596.0
411.13,0.0,16297.9,,,,,0.0,0.0,2596.0
412.13,0.0,16297.9,,,,,0.0,0.0,2596.0
413.13,0.0,16297.9,,,,,0.0,0.0,2596.0
414.13,0.0,16297.9,,,,,0.0,0.0,2596.0
415.13,0.0,16297.9,,,,,0.0,0.0,2596.0
416.13,0.0,16297.9,,,,,0.0,0.0,2596.0
417.13,0.0,16297.9,,,,,0.0,0.0,2596.0
418.13,0.0,16297.9,,,,,0.0,0.0,2596.0
419.13,0.0,16297.9,,,,,0.0,0.0,2596.0
420.13,0.0,16297.9,,,,,0.0,0.0,2596.0
421.13,0.0,16297.9,,,,,0.0,0.0,2596.0
422.13,0.0,16297.9,,,,,0.0,0.0,2596.0
423.13,0.0,16297.9,,,,,0.0,0.0,2596.0
424.13,0.0,16297.9,,,,,0.0,0.0,2596.0
425.13,0.0,16297.9,,,,,0.0,0.0,2596.0
426.13,0.0,16297.9,,,,,0.0,0.0,2596.0
427.13,0.0,16297.9,,,,,0.0,0.0,2596.0
428.14,0.0,16297.9,,,,,0.0,0.0,2596.0
429.14,0.0,16297.9,,,,,0.0,0.0,2596.0
430.14,0.0,16297.9,,,,,0.0,0.0,2596.0
431.14,0.0,16297.9,,,,,0.0,0.0,2596.0
432.14,0.0,16297.9,,,,,0.0,0.0,2563.3
433.14,0.0,16297.9,,,,,0.0,0.0,2548.3
434.14,0.0,16297.9,,,,,0.0,0.0,2548.3
435.14,0.0,16297.9,,,,,0.0,0.0,2548.3
436.14,0.0,16297.9,,,,,0.0,0.0,2548.3
437.14,0.0,16297.9,,,,,0.0,0.0,2548.3
438.14,0.0,16297.9,,,,,0.0,0.0,2548.4
439.14,0.0,16297.9,,,,,0.0,0.0,2548.4
440.14,0.0,16297.9,,,,,0.0,0.0,2548.4
441.14,0.0,16297.9,,,,,0.0,0.0,2548.4
442.14,0.0,16297.9,,,,,0.0,0.0,2548.4
443.14,0.0,16297.9,,,,,0.0,0.0,2548.4
444.14,0.0,16297.9,,,,,0.0,0.0,2548.4
445.14,0.0,16297.9,,,,,0.0,0.0,2548.4
446.14,0.0,16297.9,,,,,0.0,0.0,2548.4
447.14,0.0,16297.9,,,,,0.0,0.0,2548.4
448.14,0.0,16297.9,,,,,0.0,0.0,2548.4
449.14,0.0,16297.9,,,,,0.0,0.0,2548.4
450.15,0.0,16297.9,,,,,0.0,0.0,2548.4
451.15,0.0,16297.9,,,,,0.0,0.0,2548.4
452.15,0.0,16297.9,,,,,0.0,0.0,2548.4
453.15,0.0,16297.9,,,,,0.0,0.0,2548.4
454.15,0.0,16297.9,,,,,0.0,0.0,2548.4
455.15,0.0,16297.9,,,,,0.0,0.0,2548.4
456.15,0.0,16297.9,,,,,0.0,0.0,2548.4
457.15,0.0,16297.9,,,,,0.0,0.0,2548.4
458.15,0.0,16297.9,,,,,0.0,0.0,2548.4
459.15,0.0,16297.9,,,,,0.0,0.0,2548.4
460.15,0.0,16297.9,,,,,0.0,0.0,2548.4
461.15,0.0,16297.9,,,,,0.0,0.0,2548.4
462.15,0.0,16297.9,,,,,0.0,0.0,2548.4
463.15,0.0,16297.9,,,,,0.0,0.0,2548.4
464.15,0.0,16297.9,,,,,0.0,0.0,2548.4
465.15,0.0,16297.9,,,,,0.0,0.0,2548.4
466.15,0.0,16297.9,,,,,0.0,0.0,2548.4
467.15,0.0,16297.9,,,,,0.0,0.0,2548.4
468.15,0.0,16297.9,,,,,0.0,0.0,2548.4
469.15,0.0,16297.9,,,,,0.0,0.0,2548.4
470.15,0.0,16297.9,,,,,0.0,0.0,2548.4
471.15,0.0,16297.9,,,,,0.0,0.0,2548.4
472.15,0.0,16297.9,,,,,0.0,0.0,2548.4
473.15,0.0,16297.9,,,,,0.0,0.0,2548.4
474.15,0.0,16297.9,,,,,0.0,0.0,2548.4
475.15,0.0,16297.9,,,,,0.0,0.0,2548.4
476.15,0.0,16297.9,,,,,0.0,0.0,2548.4
477.15,0.0,16297.9,,,,,0.0,0.0,2548.4
478.15,0.0,16297.9,,,,,0.0,0.0,2548.4
479.15,0.0,16297.9,,,,,0.0,0.0,2548.4
480.15,0.0,16297.9,,,,,0.0,0.0,2548.4
481.15,0.0,16297.9,,,,,0.0,0.0,2548.4
482.15,0.0,16297.9,,,,,0.0,0.0,2548.4
483.15,0.0,16297.9,,,,,0.0,0.0,2548.4
484.15,0.0,16297.9,,,,,0.0,0.0,2548.4
485.15,0.0,16297.9,,,,,0.0,0.0,2548.4
486.15,0.0,16297.9,,,,,0.0,0.0,2548.4
487.15,0.0,16297.9,,,,,0.0,0.0,2548.4
488.15,0.0,16297.9,,,,,0.0,0.0,2548.4
489.15,0.0,16297.9,,,,,0.0,0.0,2548.4
490.16,0.0,16297.9,,,,,0.0,0.0,2548.4
491.16,0.0,16297.9,,,,,0.0,0.0,2548.4
492.16,0.0,16297.9,,,,,0.0,0.0,2548.4
493.16,0.0,16297.9,,,,,0.0,0.0,2548.4
494.16,0.0,16297.9,,,,,0.0,0.0,2548.4
495.16,0.0,16297.9,,,,,0.0,0.0,2548.4
496.16,0.0,16297.9,,,,,0.0,0.0,2548.4
497.16,0.0,16297.9,,,,,0.0,0.0,2548.4
498.16,0.0,16297.9,,,,,0.0,0.0,2548.4
499.16,0.0,16297.9,,,,,0.0,0.0,2548.4
500.16,0.0,16297.9,,,,,0.0,0.0,2548.4
501.16,0.0,16297.9,,,,,0.0,0.0,2548.4
502.16,0.0,16297.9,,,,,0.0,0.0,2548.4
503.16,0.0,16297.9,,,,,0.0,0.0,2548.4
504.16,0.0,16297.9,,,,,0.0,0.0,2548.4
505.16,0.0,16297.9,,,,,0.0,0.0,2548.4
506.16,0.0,16297.9,,,,,0.0,0.0,2548.4
507.16,0.0,16297.9,,,,,0.0,0.0,2548.4
508.16,0.0,16297.9,,,,,0.0,0.0,2548.4
509.16,0.0,16297.9,,,,,0.0,0.0,2548.4
510.16,0.0,16297.9,,,,,0.0,0.0,2548.4
511.16,0.0,16297.9,,,,,0.0,0.0,2548.4
512.16,0.0,16297.9,,,,,0.0,0.0,2548.4
513.16,0.0,16297.9,,,,,0.0,0.0,2548.4
514.16,0.0,16297.9,,,,,0.0,0.0,2548.4
515.16,0.0,16297.9,,,,,0.0,0.0,2548.4
516.16,0.0,16297.9,,,,,0.0,0.0,2548.4
517.16,0.0,16297.9,,,,,0.0,0.0,2548.4
518.16,0.0,16297.9,,,,,0.0,0.0,2548.4
519.16,0.0,16297.9,,,,,0.0,0.0,2548.4
520.16,0.0,16297.9,,,,,0.0,0.0,2548.4
521.16,0.0,16297.9,,,,,0.0,0.0,2548.4
522.16,0.0,16297.9,,,,,0.0,0.0,2548.4
523.16,0.0,16297.9,,,,,0.0,0.0,2548.4
524.17,0.0,16297.9,,,,,0.0,0.0,2548.4
525.17,0.0,16297.9,,,,,0.0,0.0,2548.4
526.17,0.0,16297.9,,,,,0.0,0.0,2548.4
527.17,0.0,16297.9,,,,,0.0,0.0,2548.4
528.17,0.0,16297.9,,,,,0.0,0.0,2548.4
529.17,0.0,16297.9,,,,,0.0,0.0,2548.4
530.17,0.0,16297.9,,,,,0.0,0.0,2548.4
531.17,0.0,16297.9,,,,,0.0,0.0,2548.4
532.17,0.0,16297.9,,,,,0.0,0.0,2548.4
533.17,0.0,16297.9,,,,,0.0,0.0,2548.4
534.17,0.0,16297.9,,,,,0.0,0.0,2548.4
535.17,0.0,16297.9,,,,,0.0,0.0,2548.4
536.17,0.0,16297.9,,,,,0.0,0.0,2548.4
537.17,0.0,16297.9,,,,,0.0,0.0,2548.4
538.17,0.0,16297.9,,,,,0.0,0.0,2867.1
539.17,0.0,16297.9,,,,,0.0,0.0,3301.1
540.17,0.0,16297.9,,,,,0.0,0.0,4663.3
541.17,0.0,16297.9,,,,,0.0,0.0,5383.3
542.17,0.0,16297.9,,,,,0.0,0.0,5822.7
543.17,0.0,16297.9,,,,,0.0,0.0,6057.1
544.18,0.0,19123.2,,,,,0.0,0.0,6113.1
545.18,0.0,19185.0,,,,,0.0,0.0,6113.2
546.18,0.0,19242.4,,,,,0.0,0.0,6113.2
547.18,0.0,19299.6,,,,,0.0,0.0,6113.3
548.18,0.0,19399.5,,,,,0.0,0.0,6115.2
549.18,0.0,19495.8,,,,,0.0,0.0,5564.6
550.18,0.0,19622.9,,,,,0.0,0.0,3718.9
551.18,0.0,19622.9,,,,,0.0,0.0,4041.4
552.18,0.0,19622.9,,,,,0.0,0.0,4257.3
553.18,0.0,19622.9,,,,,0.0,0.0,4736.0
554.18,0.0,19622.9,,,,,0.0,0.0,5991.7
555.18,0.0,19622.9,,,,,0.0,0.0,6807.1
556.18,0.0,19622.9,,,,,0.0,0.0,7289.3
557.18,0.0,19622.9,,,,,0.0,0.0,7626.6
558.18,0.0,19622.9,,,,,0.0,0.0,7748.4
559.18,0.0,22493.8,,,,,0.0,0.0,7748.5
560.18,0.0,22561.1,,,,,0.0,0.0,7748.6
561.18,0.0,22567.3,,,,,0.0,0.0,7748.6
562.18,0.0,22661.5,,,,,0.0,0.0,7748.6
563.18,0.0,22820.7,,,,,0.0,0.0,7061.9
564.18,0.0,22820.7,,,,,0.0,0.0,7199.0
565.18,0.0,23011.8,,,,,0.0,0.0,6210.7
566.18,0.0,23036.1,,,,,0.0,0.0,5416.9
567.18,0.0,23036.1,,,,,0.0,0.0,5436.6
568.18,100.0,23002.1,,,,,100.0,100.0,5745.0
569.18,0.0,23002.1,,,,,0.0,0.0,5752.7
570.18,0.0,23002.1,,,,,0.0,0.0,5752.7
571.18,0.0,23002.1,,,,,0.0,0.0,5752.7
572.18,0.0,23002.1,,,,,0.0,0.0,5755.0
573.18,0.0,23002.1,,,,,0.0,0.0,5755.0
574.18,0.0,23002.1,,,,,0.0,0.0,5755.0
575.18,0.0,23002.1,,,,,0.0,0.0,5842.3
576.18,0.0,23002.1,,,,,0.0,0.0,5927.0
577.18,0.0,23002.1,,,,,0.0,0.0,5940.0
578.18,0.0,23002.1,,,,,0.0,0.0,5940.0
579.18,0.0,23002.1,,,,,0.0,0.0,5940.0
580.18,0.0,23002.1,,,,,0.0,0.0,5940.0
581.18,0.0,23002.1,,,,,0.0,0.0,5940.0
582.19,0.0,23002.1,,,,,0.0,0.0,5940.0
583.19,0.0,23002.1,,,,,0.0,0.0,5940.0
584.19,0.0,23002.1,,,,,0.0,0.0,5940.0
585.19,0.0,23002.1,,,,,0.0,0.0,5940.0
586.19,0.0,23002.1,,,,,0.0,0.0,5940.0
587.19,0.0,23002.1,,,,,0.0,0.0,5940.0
588.19,0.0,23002.1,,,,,0.0,0.0,5940.0
589.19,0.0,23002.1,,,,,0.0,0.0,5940.0
590.19,0.0,23002.1,,,,,0.0,0.0,5940.0
591.19,0.0,23002.1,,,,,0.0,0.0,5940.0
592.19,0.0,23002.1,,,,,0.0,0.0,5940.0
593.19,0.0,23002.1,,,,,0.0,0.0,5940.0
594.19,0.0,23002.1,,,,,0.0,0.0,5940.0
595.19,0.0,23002.1,,,,,0.0,0.0,5940.0
596.19,0.0,23002.1,,,,,0.0,0.0,5940.0
597.19,0.0,23002.1,,,,,0.0,0.0,5940.0
598.19,0.0,23002.1,,,,,0.0,0.0,5940.0
599.19,0.0,23002.1,,,,,0.0,0.0,5940.0
600.19,0.0,23002.1,,,,,0.0,0.0,5940.0
601.19,0.0,23002.1,,,,,0.0,0.0,5940.0
602.19,0.0,23002.1,,,,,0.0,0.0,5940.0
603.19,0.0,23002.1,,,,,0.0,0.0,5940.0
604.19,0.0,23002.1,,,,,0.0,0.0,5940.0
605.19,0.0,23002.1,,,,,0.0,0.0,5940.0
606.19,0.0,23002.1,,,,,0.0,0.0,5940.0
607.19,0.0,23002.1,,,,,0.0,0.0,5940.0
608.19,0.0,23002.1,,,,,0.0,0.0,5940.0
609.19,0.0,23002.1,,,,,0.0,0.0,5940.0
610.2,0.0,23002.1,,,,,0.0,0.0,5940.0
611.2,0.0,23002.1,,,,,0.0,0.0,5940.0
612.2,0.0,23002.1,,,,,0.0,0.0,5940.0
613.2,0.0,23002.1,,,,,0.0,0.0,5940.0
614.2,0.0,23002.1,,,,,0.0,0.0,5940.0
615.2,0.0,23002.1,,,,,0.0,0.0,5940.0
616.2,0.0,23002.1,,,,,0.0,0.0,5940.0
617.2,0.0,23002.1,,,,,0.0,0.0,5940.0
618.2,0.0,23002.1,,,,,0.0,0.0,5940.0
619.2,0.0,23002.1,,,,,0.0,0.0,5940.0
620.2,0.0,23002.1,,,,,0.0,0.0,5940.0
621.2,0.0,23002.1,,,,,0.0,0.0,5940.0
622.2,0.0,23002.1,,,,,0.0,0.0,5940.0
623.2,0.0,23002.1,,,,,0.0,0.0,5940.0
624.2,0.0,23002.1,,,,,0.0,0.0,5940.0
625.2,0.0,23002.1,,,,,0.0,0.0,5940.0
626.2,0.0,23002.1,,,,,0.0,0.0,5940.0
627.2,0.0,23002.1,,,,,0.0,0.0,5940.0
628.2,0.0,23002.1,,,,,0.0,0.0,5940.0
629.2,0.0,23002.1,,,,,0.0,0.0,5940.0
630.2,0.0,23002.1,,,,,0.0,0.0,5940.0
631.21,0.0,23002.1,,,,,0.0,0.0,5940.0
632.21,0.0,23002.1,,,,,0.0,0.0,5940.0
633.21,0.0,23002.1,,,,,0.0,0.0,5940.0
634.21,0.0,23002.1,,,,,0.0,0.0,5940.0
635.21,0.0,23002.1,,,,,0.0,0.0,5940.0
636.21,0.0,23002.1,,,,,0.0,0.0,5940.0
637.21,0.0,23002.1,,,,,0.0,0.0,5940.0
638.21,0.0,23002.1,,,,,0.0,0.0,5940.0
639.21,0.0,23002.1,,,,,0.0,0.0,5940.0
640.21,0.0,23002.1,,,,,0.0,0.0,5940.0
641.21,0.0,23002.1,,,,,0.0,0.0,5940.0
642.21,0.0,23002.1,,,,,0.0,0.0,5940.0
643.21,0.0,23002.1,,,,,0.0,0.0,5940.0
644.21,0.0,23002.1,,,,,0.0,0.0,5940.0
645.21,0.0,23002.1,,,,,0.0,0.0,5940.0
646.21,0.0,23002.1,,,,,0.0,0.0,5940.0
647.21,0.0,23002.1,,,,,0.0,0.0,5940.0
648.21,0.0,23002.1,,,,,0.0,0.0,5940.0
649.21,0.0,23002.1,,,,,0.0,0.0,5940.0
650.21,0.0,23002.1,,,,,0.0,0.0,5940.0
651.21,0.0,23002.1,,,,,0.0,0.0,5940.0
652.21,0.0,23002.1,,,,,0.0,0.0,5940.0
653.21,0.0,23002.1,,,,,0.0,0.0,5940.0
654.22,0.0,23002.1,,,,,0.0,0.0,5940.0
655.22,0.0,23002.1,,,,,0.0,0.0,5940.0
656.22,0.0,23002.1,,,,,0.0,0.0,5940.0
657.22,0.0,23002.1,,,,,0.0,0.0,5940.0
658.22,0.0,23002.1,,,,,0.0,0.0,5940.0
659.22,0.0,23002.1,,,,,0.0,0.0,5940.0
660.22,0.0,23002.1,,,,,0.0,0.0,5940.0
661.22,0.0,23002.1,,,,,0.0,0.0,5940.0
662.22,0.0,23002.1,,,,,0.0,0.0,5940.0
663.22,0.0,23002.1,,,,,0.0,0.0,5940.0
664.22,0.0,23002.1,,,,,0.0,0.0,5940.0
665.22,0.0,23002.1,,,,,0.0,0.0,5940.0
666.22,0.0,23002.1,,,,,0.0,0.0,5940.0
667.22,0.0,23002.1,,,,,0.0,0.0,5940.0
668.22,0.0,23002.1,,,,,0.0,0.0,5940.0
669.22,0.0,23002.1,,,,,0.0,0.0,5940.0
670.22,0.0,23002.1,,,,,0.0,0.0,5940.0
671.22,0.0,23002.1,,,,,0.0,0.0,5940.0
672.22,0.0,23002.1,,,,,0.0,0.0,5940.0
673.22,0.0,23002.1,,,,,0.0,0.0,5940.0
674.22,0.0,23002.1,,,,,0.0,0.0,5940.0
675.22,0.0,23002.1,,,,,0.0,0.0,5940.0
676.22,0.0,23002.1,,,,,0.0,0.0,5940.0
677.22,0.0,23002.1,,,,,0.0,0.0,5940.0
678.22,0.0,23002.1,,,,,0.0,0.0,5940.0
679.22,0.0,23002.1,,,,,0.0,0.0,5940.0
680.22,0.0,23002.1,,,,,0.0,0.0,5940.0
681.22,0.0,23002.1,,,,,0.0,0.0,5940.0
682.22,0.0,23002.1,,,,,0.0,0.0,5940.0
683.22,0.0,23002.1,,,,,0.0,0.0,5940.0
684.22,0.0,23002.1,,,,,0.0,0.0,5940.0
685.22,0.0,23002.1,,,,,0.0,0.0,5940.0
686.22,0.0,23002.1,,,,,0.0,0.0,5940.0
687.22,0.0,23002.1,,,,,0.0,0.0,5940.0
688.22,0.0,23002.1,,,,,0.0,0.0,5940.0
689.22,0.0,23002.1,,,,,0.0,0.0,5940.0
690.22,0.0,23002.1,,,,,0.0,0.0,5940.0
691.22,0.0,23002.1,,,,,0.0,0.0,5940.0
692.22,0.0,23002.1,,,,,0.0,0.0,5940.0
693.22,0.0,23002.1,,,,,0.0,0.0,5940.0
694.22,0.0,23002.1,,,,,0.0,0.0,5940.0
695.22,0.0,23002.1,,,,,0.0,0.0,5940.0
696.22,0.0,23002.1,,,,,0.0,0.0,5940.0
697.22,0.0,23002.1,,,,,0.0,0.0,5940.0
698.22,0.0,23002.1,,,,,0.0,0.0,5940.0
699.22,0.0,23002.1,,,,,0.0,0.0,5940.0
700.23,0.0,23002.1,,,,,0.0,0.0,5940.0
701.23,0.0,23002.1,,,,,0.0,0.0,5940.0
702.23,0.0,23002.1,,,,,0.0,0.0,5940.0
703.23,0.0,23002.1,,,,,0.0,0.0,5940.0
704.23,0.0,23002.1,,,,,0.0,0.0,5940.0
705.23,0.0,23002.1,,,,,0.0,0.0,5940.0
706.23,0.0,23002.1,,,,,0.0,0.0,5940.0
707.23,0.0,23002.1,,,,,0.0,0.0,5940.0
708.23,0.0,23002.1,,,,,0.0,0.0,5940.0
709.23,0.0,23002.1,,,,,0.0,0.0,5940.0
710.23,0.0,23002.1,,,,,0.0,0.0,5940.0
711.23,0.0,23002.1,,,,,0.0,0.0,5940.0
712.23,0.0,23002.1,,,,,0.0,0.0,5940.0
713.23,0.0,23002.1,,,,,0.0,0.0,5940.0
714.23,0.0,23002.1,,,,,0.0,0.0,5940.0
715.23,0.0,23002.1,,,,,0.0,0.0,5940.0
716.23,0.0,23002.1,,,,,0.0,0.0,5940.0
717.23,0.0,23002.1,,,,,0.0,0.0,5940.0
718.23,0.0,23002.1,,,,,0.0,0.0,5940.0
719.23,0.0,23002.1,,,,,0.0,0.0,5940.0
720.23,0.0,23002.1,,,,,0.0,0.0,5940.0
721.23,0.0,23002.1,,,,,0.0,0.0,5940.0
722.23,0.0,23002.1,,,,,0.0,0.0,5940.0
723.23,0.0,23002.1,,,,,0.0,0.0,5940.0
724.23,0.0,23002.1,,,,,0.0,0.0,5940.0
725.23,0.0,23002.1,,,,,0.0,0.0,5940.0
726.23,0.0,23002.1,,,,,0.0,0.0,5940.0
727.23,0.0,23002.1,,,,,0.0,0.0,5940.0
728.23,0.0,23002.1,,,,,0.0,0.0,5940.0
729.23,0.0,23002.1,,,,,0.0,0.0,5940.0
730.23,0.0,23002.1,,,,,0.0,0.0,5940.0
731.23,0.0,23002.1,,,,,0.0,0.0,5940.0
732.23,0.0,23002.1,,,,,0.0,0.0,5940.0
733.23,0.0,23002.1,,,,,0.0,0.0,5940.0
734.23,0.0,23002.1,,,,,0.0,0.0,5940.0
735.24,0.0,23002.1,,,,,0.0,0.0,5940.0
736.24,0.0,23002.1,,,,,0.0,0.0,5940.0
737.24,0.0,23002.1,,,,,0.0,0.0,5940.0
738.24,0.0,23002.1,,,,,0.0,0.0,5940.0
739.24,0.0,23002.1,,,,,0.0,0.0,5940.0
740.24,0.0,23002.1,,,,,0.0,0.0,5940.0
741.24,0.0,23002.1,,,,,0.0,0.0,5940.0
742.24,0.0,23002.1,,,,,0.0,0.0,5940.0
743.24,0.0,23002.1,,,,,0.0,0.0,5940.0
744.24,0.0,23002.1,,,,,0.0,0.0,5940.0
745.24,0.0,23002.1,,,,,0.0,0.0,5940.0
746.24,0.0,23002.1,,,,,0.0,0.0,5940.0
747.24,0.0,23002.1,,,,,0.0,0.0,5940.0
748.24,0.0,23002.1,,,,,0.0,0.0,5940.0
749.24,0.0,23002.1,,,,,0.0,0.0,5940.0
750.24,0.0,23002.1,,,,,0.0,0.0,5940.0
751.24,0.0,23002.1,,,,,0.0,0.0,5940.0
752.24,0.0,23002.1,,,,,0.0,0.0,5940.0
753.24,0.0,23002.1,,,,,0.0,0.0,5940.0
754.24,0.0,23002.1,,,,,0.0,0.0,5940.0
755.25,0.0,23002.1,,,,,0.0,0.0,5940.0
756.25,0.0,23002.1,,,,,0.0,0.0,5940.0
757.25,0.0,23002.1,,,,,0.0,0.0,5940.0
758.25,0.0,23002.1,,,,,0.0,0.0,5940.0
759.25,0.0,23002.1,,,,,0.0,0.0,5940.0
760.25,0.0,23002.1,,,,,0.0,0.0,5940.0
761.25,0.0,23002.1,,,,,0.0,0.0,5940.0
762.25,0.0,23002.1,,,,,0.0,0.0,5940.0
763.25,0.0,23002.1,,,,,0.0,0.0,5940.0
764.25,0.0,23002.1,,,,,0.0,0.0,5940.0
765.25,0.0,23002.1,,,,,0.0,0.0,5940.0
766.25,0.0,23002.1,,,,,0.0,0.0,5940.0
767.25,0.0,23002.1,,,,,0.0,0.0,5940.0
768.25,0.0,23002.1,,,,,0.0,0.0,5940.0
769.25,0.0,23002.1,,,,,0.0,0.0,5940.0
770.25,0.0,23002.1,,,,,0.0,0.0,5940.0
771.25,0.0,23002.1,,,,,0.0,0.0,5940.0
772.25,0.0,23002.1,,,,,0.0,0.0,5940.0
773.26,0.0,23002.1,,,,,0.0,0.0,5940.0
774.26,0.0,23002.1,,,,,0.0,0.0,5940.0
775.26,0.0,23002.1,,,,,0.0,0.0,5940.0
776.26,0.0,23002.1,,,,,0.0,0.0,5940.0
777.26,0.0,23002.1,,,,,0.0,0.0,5940.0
778.26,0.0,23002.1,,,,,0.0,0.0,5940.0
779.26,0.0,23002.1,,,,,0.0,0.0,5940.0
780.26,0.0,23002.1,,,,,0.0,0.0,5940.0
781.26,0.0,23002.1,,,,,0.0,0.0,5940.0
782.26,0.0,23002.1,,,,,0.0,0.0,5940.0
783.26,0.0,23002.1,,,,,0.0,0.0,5940.0
784.26,0.0,23002.1,,,,,0.0,0.0,5940.0
785.26,0.0,23002.1,,,,,0.0,0.0,5940.0
786.26,0.0,23002.1,,,,,0.0,0.0,5940.0
787.26,0.0,23002.1,,,,,0.0,0.0,5940.0
788.26,0.0,23002.1,,,,,0.0,0.0,5940.0
789.26,0.0,23002.1,,,,,0.0,0.0,5940.0
790.26,0.0,23002.1,,,,,0.0,0.0,5940.0
791.26,0.0,23002.1,,,,,0.0,0.0,5940.0
792.26,0.0,23002.1,,,,,0.0,0.0,5940.0
793.26,0.0,23002.1,,,,,0.0,0.0,5940.0
794.26,0.0,23002.1,,,,,0.0,0.0,5940.0
795.26,0.0,23002.1,,,,,0.0,0.0,5940.0
796.26,0.0,23002.1,,,,,0.0,0.0,5940.0
797.26,0.0,23002.1,,,,,0.0,0.0,5940.0
798.26,0.0,23002.1,,,,,0.0,0.0,5940.0
799.26,0.0,23002.1,,,,,0.0,0.0,5940.0
800.27,0.0,23002.1,,,,,0.0,0.0,5940.0
801.27,0.0,23002.1,,,,,0.0,0.0,5940.0
802.27,0.0,23002.1,,,,,0.0,0.0,5940.0
803.27,0.0,23002.1,,,,,0.0,0.0,5940.0
804.27,0.0,23002.1,,,,,0.0,0.0,5940.0
805.27,0.0,23002.1,,,,,0.0,0.0,5940.0
806.27,0.0,23002.1,,,,,0.0,0.0,5940.0
807.27,0.0,23002.1,,,,,0.0,0.0,5940.0
808.27,0.0,23002.1,,,,,0.0,0.0,5940.0
809.27,0.0,23002.1,,,,,0.0,0.0,5940.0
810.27,0.0,23002.1,,,,,0.0,0.0,5940.0
811.27,0.0,23002.1,,,,,0.0,0.0,5940.0
812.27,0.0,23002.1,,,,,0.0,0.0,5940.0
813.27,0.0,23002.1,,,,,0.0,0.0,5940.0
814.27,0.0,23002.1,,,,,0.0,0.0,5940.0
815.27,0.0,23002.1,,,,,0.0,0.0,5940.0
816.27,0.0,23002.1,,,,,0.0,0.0,5940.0
817.27,0.0,23002.1,,,,,0.0,0.0,5940.0
818.27,0.0,23002.1,,,,,0.0,0.0,5940.0
819.27,0.0,23002.1,,,,,0.0,0.0,5940.0
820.27,0.0,23002.1,,,,,0.0,0.0,5940.0
821.27,0.0,23002.1,,,,,0.0,0.0,5940.0
822.27,0.0,23002.1,,,,,0.0,0.0,5940.0
823.27,0.0,23002.1,,,,,0.0,0.0,5940.0
824.27,0.0,23002.1,,,,,0.0,0.0,5940.0
825.27,0.0,23002.1,,,,,0.0,0.0,5940.0
826.27,0.0,23002.1,,,,,0.0,0.0,5940.0
827.27,0.0,23002.1,,,,,0.0,0.0,5940.0
828.27,0.0,23002.1,,,,,0.0,0.0,5940.0
829.27,0.0,23002.1,,,,,0.0,0.0,5940.0
830.27,0.0,23002.1,,,,,0.0,0.0,5940.0
831.27,0.0,23002.1,,,,,0.0,0.0,5940.0
832.27,0.0,23002.1,,,,,0.0,0.0,5940.0
833.27,0.0,23002.1,,,,,0.0,0.0,5940.0
834.27,0.0,23002.1,,,,,0.0,0.0,5940.0
835.27,0.0,23002.1,,,,,0.0,0.0,5940.0
836.27,0.0,23002.1,,,,,0.0,0.0,5940.0
837.27,0.0,23002.1,,,,,0.0,0.0,5940.0
838.27,0.0,23002.1,,,,,0.0,0.0,5940.0
839.27,0.0,23002.1,,,,,0.0,0.0,5940.0
840.27,0.0,23002.1,,,,,0.0,0.0,5940.0
841.27,0.0,23002.1,,,,,0.0,0.0,5940.0
842.27,0.0,23002.1,,,,,0.0,0.0,5940.0
843.27,0.0,23002.1,,,,,0.0,0.0,5940.0
844.28,0.0,23002.1,,,,,0.0,0.0,5940.0
845.28,0.0,23002.1,,,,,0.0,0.0,5940.0
846.28,0.0,23002.1,,,,,0.0,0.0,5940.0
847.28,0.0,23002.1,,,,,0.0,0.0,5940.0
848.28,0.0,23002.1,,,,,0.0,0.0,5940.0
849.28,0.0,23002.1,,,,,0.0,0.0,5940.0
850.28,0.0,23002.1,,,,,0.0,0.0,5940.0
851.28,0.0,23002.1,,,,,0.0,0.0,5940.0
852.28,0.0,23002.1,,,,,0.0,0.0,5940.0
853.28,0.0,23002.1,,,,,0.0,0.0,5940.0
854.28,0.0,23002.1,,,,,0.0,0.0,5940.0
855.28,0.0,23002.1,,,,,0.0,0.0,5940.0
856.28,0.0,23002.1,,,,,0.0,0.0,5940.0
857.28,0.0,23002.1,,,,,0.0,0.0,5940.0
858.28,0.0,23002.1,,,,,0.0,0.0,5940.0
859.28,0.0,23002.1,,,,,0.0,0.0,6392.1
860.28,0.0,23002.1,,,,,0.0,0.0,7549.7
861.28,0.0,23002.1,,,,,0.0,0.0,8487.3
862.28,0.0,23002.1,,,,,0.0,0.0,8919.5
863.28,0.0,23002.1,,,,,0.0,0.0,9144.7
864.28,0.0,23011.1,,,,,0.0,0.0,9171.1
865.28,0.0,23088.9,,,,,0.0,0.0,9171.1
866.28,0.0,23117.5,,,,,0.0,0.0,9171.1
867.28,0.0,23193.8,,,,,0.0,0.0,9171.1
868.28,0.0,23331.3,,,,,0.0,0.0,8641.7
869.28,0.0,23352.5,,,,,0.0,0.0,7002.9
870.28,0.0,23369.5,,,,,0.0,0.0,7005.0
871.28,0.0,23403.5,,,,,0.0,0.0,7013.0
872.28,0.0,23420.5,,,,,0.0,0.0,7013.5
873.28,0.0,23420.5,,,,,0.0,0.0,7013.1
874.28,0.0,23420.5,,,,,0.0,0.0,7013.1
875.28,0.0,23420.5,,,,,0.0,0.0,7013.1
876.28,0.0,23420.5,,,,,0.0,0.0,7282.0
877.28,0.0,23420.5,,,,,0.0,0.0,7916.9
878.28,0.0,23420.5,,,,,0.0,0.0,9283.6
879.28,0.0,23420.5,,,,,0.0,0.0,9901.4
880.28,0.0,23420.5,,,,,0.0,0.0,10173.2
881.28,0.0,23429.6,,,,,0.0,0.0,10263.1
882.28,0.0,23481.4,,,,,0.0,0.0,10263.2
883.28,0.0,23536.0,,,,,0.0,0.0,10263.2
884.28,0.0,23612.2,,,,,0.0,0.0,10263.2
885.28,0.0,23749.7,,,,,0.0,0.0,9708.1
886.28,0.0,23803.7,,,,,0.0,0.0,8070.1
887.28,0.0,23824.9,,,,,0.0,0.0,8073.4
888.28,100.0,23824.9,,,,,100.0,100.0,8070.2
889.28,0.0,23867.4,,,,,0.0,0.0,8082.9
890.28,100.0,23867.4,,,,,100.0,100.0,8075.9
891.28,0.0,23884.4,,,,,0.0,0.0,8088.0
892.28,100.0,23850.4,,,,,100.0,100.0,8290.8
893.28,0.0,23850.4,,,,,0.0,0.0,8291.1
894.28,100.0,23807.9,,,,,100.0,100.0,8291.1
895.28,0.0,23807.9,,,,,0.0,0.0,8291.1
896.28,100.0,23765.4,,,,,100.0,100.0,8291.2
897.28,100.0,23722.9,,,,,100.0,100.0,8291.2
898.28,0.0,23722.9,,,,,0.0,0.0,8291.2
899.28,100.0,23617.0,,,,,100.0,100.0,8291.2
900.28,0.0,23617.0,,,,,0.0,0.0,8291.2
901.28,0.0,23617.0,,,,,0.0,0.0,8291.2
902.28,0.0,23617.0,,,,,0.0,0.0,8291.2
903.28,0.0,23617.0,,,,,0.0,0.0,8291.2
904.28,0.0,23617.0,,,,,0.0,0.0,8291.2
905.28,0.0,23617.0,,,,,0.0,0.0,8291.2
906.28,0.0,23617.0,,,,,0.0,0.0,8291.2
907.28,0.0,23617.0,,,,,0.0,0.0,8291.2
908.28,0.0,23617.0,,,,,0.0,0.0,8291.2
909.28,0.0,23617.0,,,,,0.0,0.0,8291.2
910.29,0.0,23617.0,,,,,0.0,0.0,8291.2
911.29,0.0,23617.0,,,,,0.0,0.0,8291.2
912.29,0.0,23617.0,,,,,0.0,0.0,8291.2
913.29,0.0,23617.0,,,,,0.0,0.0,8291.2
914.29,0.0,23617.0,,,,,0.0,0.0,8291.2
915.29,0.0,23617.0,,,,,0.0,0.0,8291.2
916.29,0.0,23617.0,,,,,0.0,0.0,8291.2
917.29,0.0,23617.0,,,,,0.0,0.0,8291.2
918.29,0.0,23617.0,,,,,0.0,0.0,8291.2
919.29,0.0,23617.0,,,,,0.0,0.0,8291.2
920.29,0.0,23617.0,,,,,0.0,0.0,8291.2
921.29,0.0,23617.0,,,,,0.0,0.0,8291.2
922.29,0.0,23617.0,,,,,0.0,0.0,8291.2
923.29,0.0,23617.0,,,,,0.0,0.0,8291.2
924.29,0.0,23617.0,,,,,0.0,0.0,8291.2
925.29,0.0,23617.0,,,,,0.0,0.0,8291.2
926.29,0.0,23617.0,,,,,0.0,0.0,8291.2
927.29,0.0,23617.0,,,,,0.0,0.0,8291.2
928.29,0.0,23617.0,,,,,0.0,0.0,8291.2
929.29,0.0,23617.0,,,,,0.0,0.0,8291.2
930.29,0.0,23617.0,,,,,0.0,0.0,8291.2
931.29,0.0,23617.0,,,,,0.0,0.0,8291.2
932.29,0.0,23617.0,,,,,0.0,0.0,8291.2
933.29,0.0,23617.0,,,,,0.0,0.0,8291.2
934.29,0.0,23617.0,,,,,0.0,0.0,8291.2
935.29,0.0,23617.0,,,,,0.0,0.0,8291.2
936.29,0.0,23617.0,,,,,0.0,0.0,8291.2
937.29,0.0,23617.0,,,,,0.0,0.0,8291.2
938.29,0.0,23617.0,,,,,0.0,0.0,8291.2
939.29,0.0,23617.0,,,,,0.0,0.0,8291.2
940.29,0.0,23617.0,,,,,0.0,0.0,8291.2
941.29,0.0,23617.0,,,,,0.0,0.0,8291.2
942.29,0.0,23617.0,,,,,0.0,0.0,8291.2
943.29,0.0,23617.0,,,,,0.0,0.0,8291.2
944.29,0.0,23617.0,,,,,0.0,0.0,8291.2
945.29,0.0,23617.0,,,,,0.0,0.0,8291.2
946.29,0.0,23617.0,,,,,0.0,0.0,8291.2
947.29,0.0,23617.0,,,,,0.0,0.0,8291.2
948.29,0.0,23617.0,,,,,0.0,0.0,8291.2
949.29,0.0,23617.0,,,,,0.0,0.0,8291.2
950.29,0.0,23617.0,,,,,0.0,0.0,8291.2
951.29,0.0,23617.0,,,,,0.0,0.0,8291.2
952.29,0.0,23617.0,,,,,0.0,0.0,8291.2
953.29,0.0,23617.0,,,,,0.0,0.0,8291.2
954.29,0.0,23617.0,,,,,0.0,0.0,8291.2
955.29,0.0,23617.0,,,,,0.0,0.0,8291.2
956.29,0.0,23617.0,,,,,0.0,0.0,8291.2
957.29,0.0,23617.0,,,,,0.0,0.0,8291.2
958.29,0.0,23617.0,,,,,0.0,0.0,8291.2
959.29,0.0,23617.0,,,,,0.0,0.0,8291.2
960.29,0.0,23617.0,,,,,0.0,0.0,8291.2
961.29,0.0,23617.0,,,,,0.0,0.0,8291.2
962.29,0.0,23617.0,,,,,0.0,0.0,8291.2
963.29,0.0,23617.0,,,,,0.0,0.0,8291.2
964.29,0.0,23617.0,,,,,0.0,0.0,8291.2
965.29,0.0,23617.0,,,,,0.0,0.0,8291.2
966.29,0.0,23617.0,,,,,0.0,0.0,8291.2
967.29,0.0,23617.0,,,,,0.0,0.0,8291.2
968.29,0.0,23617.0,,,,,0.0,0.0,8291.2
969.29,0.0,23617.0,,,,,0.0,0.0,8291.2
970.29,0.0,23617.0,,,,,0.0,0.0,8291.2
971.29,0.0,23617.0,,,,,0.0,0.0,8291.2
972.29,0.0,23617.0,,,,,0.0,0.0,8291.2
973.29,0.0,23617.0,,,,,0.0,0.0,8291.2
974.29,0.0,23617.0,,,,,0.0,0.0,8291.2
975.29,0.0,23617.0,,,,,0.0,0.0,8291.2
976.29,0.0,23617.0,,,,,0.0,0.0,8291.2
977.29,0.0,23617.0,,,,,0.0,0.0,8291.2
978.29,0.0,23617.0,,,,,0.0,0.0,8291.2
979.29,0.0,23617.0,,,,,0.0,0.0,8291.2
980.29,0.0,23617.0,,,,,0.0,0.0,8291.2
981.29,0.0,23617.0,,,,,0.0,0.0,8291.2
982.29,0.0,23617.0,,,,,0.0,0.0,8291.2
983.29,0.0,23617.0,,,,,0.0,0.0,8291.2
984.29,0.0,23617.0,,,,,0.0,0.0,8291.2
985.29,0.0,23617.0,,,,,0.0,0.0,8291.2
986.29,0.0,23617.0,,,,,0.0,0.0,8291.2
987.29,0.0,23617.0,,,,,0.0,0.0,8291.2
988.29,0.0,23617.0,,,,,0.0,0.0,8291.2
989.29,0.0,23617.0,,,,,0.0,0.0,8291.2
990.29,0.0,23617.0,,,,,0.0,0.0,8291.2
991.29,0.0,23617.0,,,,,0.0,0.0,8291.2
992.3,0.0,23617.0,,,,,0.0,0.0,8291.2
993.3,0.0,23617.0,,,,,0.0,0.0,8291.2
994.3,0.0,23617.0,,,,,0.0,0.0,8291.2
995.3,0.0,23617.0,,,,,0.0,0.0,8291.2
996.3,0.0,23617.0,,,,,0.0,0.0,8291.2
997.3,0.0,23617.0,,,,,0.0,0.0,8291.2
998.3,0.0,23617.0,,,,,0.0,0.0,8291.2
999.3,0.0,23617.0,,,,,0.0,0.0,8291.2
1000.3,0.0,23617.0,,,,,0.0,0.0,8291.2
1001.3,0.0,23617.0,,,,,0.0,0.0,8291.2
1002.3,0.0,23617.0,,,,,0.0,0.0,8291.2
1003.3,0.0,23617.0,,,,,0.0,0.0,8291.2
1004.3,0.0,23617.0,,,,,0.0,0.0,8291.2
1005.3,0.0,23617.0,,,,,0.0,0.0,8291.2
1006.3,0.0,23617.0,,,,,0.0,0.0,8291.2
1007.3,0.0,23617.0,,,,,0.0,0.0,8291.2
1008.3,0.0,23617.0,,,,,0.0,0.0,8291.2
1009.3,0.0,23617.0,,,,,0.0,0.0,8291.2
1010.3,0.0,23617.0,,,,,0.0,0.0,8291.2
1011.3,0.0,23617.0,,,,,0.0,0.0,8291.2
1012.3,0.0,23617.0,,,,,0.0,0.0,8291.2
1013.3,0.0,23617.0,,,,,0.0,0.0,8291.2
1014.3,0.0,23617.0,,,,,0.0,0.0,8291.2
1015.3,0.0,23617.0,,,,,0.0,0.0,8291.2
1016.3,0.0,23617.0,,,,,0.0,0.0,8291.2
1017.3,0.0,23617.0,,,,,0.0,0.0,8291.2
1018.3,0.0,23617.0,,,,,0.0,0.0,8291.2
1019.3,0.0,23617.0,,,,,0.0,0.0,8291.2
1020.3,0.0,23617.0,,,,,0.0,0.0,8291.2
1021.3,0.0,23617.0,,,,,0.0,0.0,8291.2
1022.3,0.0,23617.0,,,,,0.0,0.0,8291.2
1023.3,0.0,23617.0,,,,,0.0,0.0,8291.2
1024.3,0.0,23617.0,,,,,0.0,0.0,8291.2
1025.3,0.0,23617.0,,,,,0.0,0.0,8291.2
1026.3,0.0,23617.0,,,,,0.0,0.0,8291.2
1027.3,0.0,23617.0,,,,,0.0,0.0,8291.2
1028.3,0.0,23617.0,,,,,0.0,0.0,8291.2
1029.3,0.0,23617.0,,,,,0.0,0.0,8291.2
1030.3,0.0,23617.0,,,,,0.0,0.0,8291.2
1031.3,0.0,23617.0,,,,,0.0,0.0,8291.2
1032.3,0.0,23617.0,,,,,0.0,0.0,8291.2
1033.3,0.0,23617.0,,,,,0.0,0.0,8291.2
1034.3,0.0,23617.0,,,,,0.0,0.0,8291.2
1035.3,0.0,23617.0,,,,,0.0,0.0,8291.2
1036.3,0.0,23617.0,,,,,0.0,0.0,8291.2
1037.3,0.0,23617.0,,,,,0.0,0.0,8291.2
1038.3,0.0,23617.0,,,,,0.0,0.0,8291.2
1039.3,0.0,23617.0,,,,,0.0,0.0,8291.2
1040.3,0.0,23617.0,,,,,0.0,0.0,8291.2
1041.3,0.0,23617.0,,,,,0.0,0.0,8291.2
1042.3,0.0,23617.0,,,,,0.0,0.0,8291.2
1043.3,0.0,23617.0,,,,,0.0,0.0,8291.2
1044.3,0.0,23617.0,,,,,0.0,0.0,8291.2
1045.3,0.0,23617.0,,,,,0.0,0.0,8291.2
1046.3,0.0,23617.0,,,,,0.0,0.0,8291.2
1047.3,0.0,23617.0,,,,,0.0,0.0,8291.2
1048.3,0.0,23617.0,,,,,0.0,0.0,8291.2
1049.3,0.0,23617.0,,,,,0.0,0.0,8291.2
1050.3,0.0,23617.0,,,,,0.0,0.0,8291.2
1051.3,0.0,23617.0,,,,,0.0,0.0,8291.2
1052.3,0.0,23617.0,,,,,0.0,0.0,8291.2
1053.3,0.0,23617.0,,,,,0.0,0.0,8291.2
1054.3,0.0,23617.0,,,,,0.0,0.0,8291.2
1055.3,0.0,23617.0,,,,,0.0,0.0,8291.2
1056.3,0.0,23617.0,,,,,0.0,0.0,8291.2
1057.3,0.0,23617.0,,,,,0.0,0.0,8291.2
1058.3,0.0,23617.0,,,,,0.0,0.0,8291.2
1059.3,0.0,23617.0,,,,,0.0,0.0,8291.2
1060.3,0.0,23617.0,,,,,0.0,0.0,8291.2
1061.3,0.0,23617.0,,,,,0.0,0.0,8291.2
1062.3,0.0,23617.0,,,,,0.0,0.0,8291.2
1063.3,0.0,23617.0,,,,,0.0,0.0,8291.2
1064.3,0.0,23617.0,,,,,0.0,0.0,8291.2
1065.3,0.0,23617.0,,,,,0.0,0.0,8291.2
1066.3,0.0,23617.0,,,,,0.0,0.0,8291.2
1067.3,0.0,23617.0,,,,,0.0,0.0,8291.2
1068.3,0.0,23617.0,,,,,0.0,0.0,8291.2
1069.3,0.0,23617.0,,,,,0.0,0.0,8291.2
1070.3,0.0,23617.0,,,,,0.0,0.0,8291.2
1071.3,0.0,23617.0,,,,,0.0,0.0,8291.2
1072.3,0.0,23617.0,,,,,0.0,0.0,8291.2
1073.3,0.0,23617.0,,,,,0.0,0.0,8291.2
1074.3,0.0,23617.0,,,,,0.0,0.0,8291.2
1075.31,0.0,23617.0,,,,,0.0,0.0,8291.2
1076.31,0.0,23617.0,,,,,0.0,0.0,8291.2
1077.31,0.0,23617.0,,,,,0.0,0.0,8291.2
1078.31,0.0,23617.0,,,,,0.0,0.0,8291.2
1079.31,0.0,23617.0,,,,,0.0,0.0,8291.2
1080.31,0.0,23617.0,,,,,0.0,0.0,8291.2
1081.31,0.0,23617.0,,,,,0.0,0.0,8291.2
1082.31,0.0,23617.0,,,,,0.0,0.0,8291.2
1083.31,0.0,23617.0,,,,,0.0,0.0,8291.2
1084.31,0.0,23617.0,,,,,0.0,0.0,8291.2
1085.31,0.0,23617.0,,,,,0.0,0.0,8291.2
1086.31,0.0,23617.0,,,,,0.0,0.0,8291.2
1087.31,0.0,23617.0,,,,,0.0,0.0,8291.2
1088.31,0.0,23617.0,,,,,0.0,0.0,8291.2
1089.31,0.0,23617.0,,,,,0.0,0.0,8291.2
1090.31,0.0,23617.0,,,,,0.0,0.0,8291.2
1091.31,0.0,23617.0,,,,,0.0,0.0,8291.2
1092.31,0.0,23617.0,,,,,0.0,0.0,8291.2
1093.31,0.0,23617.0,,,,,0.0,0.0,8291.2
1094.31,0.0,23617.0,,,,,0.0,0.0,8291.2
1095.31,0.0,23617.0,,,,,0.0,0.0,8291.2
1096.31,0.0,23617.0,,,,,0.0,0.0,8291.2
1097.31,0.0,23617.0,,,,,0.0,0.0,8291.2
1098.31,0.0,23617.0,,,,,0.0,0.0,8291.2
1099.31,0.0,23617.0,,,,,0.0,0.0,8291.2
1100.31,0.0,23617.0,,,,,0.0,0.0,8291.2
1101.31,0.0,23617.0,,,,,0.0,0.0,8291.2
1102.31,0.0,23617.0,,,,,0.0,0.0,8291.2
1103.31,0.0,23617.0,,,,,0.0,0.0,8291.2
1104.31,0.0,23617.0,,,,,0.0,0.0,8291.2
1105.31,0.0,23617.0,,,,,0.0,0.0,8291.2
1106.31,0.0,23617.0,,,,,0.0,0.0,8291.2
1107.31,0.0,23617.0,,,,,0.0,0.0,8291.4
1108.31,0.0,23895.9,,,,,0.0,0.0,8640.5
1109.31,1.01,24174.9,,,,,1.02,1.0,9097.1
1110.31,0.0,24175.0,,,,,0.0,0.0,8880.3
1111.31,0.0,24217.5,,,,,0.0,0.0,8866.9
1112.31,100.0,24217.5,,,,,100.0,100.0,8871.1
1113.31,0.0,24281.3,,,,,0.0,0.0,8880.0
1114.31,100.0,24302.5,,,,,100.0,100.0,8864.1
1115.31,0.0,24336.5,,,,,0.0,0.0,8869.9
1116.31,100.0,24336.5,,,,,100.0,100.0,8885.4
1117.31,0.0,24336.5,,,,,0.0,0.0,8885.4
1118.31,100.0,24302.5,,,,,100.0,100.0,9138.9
1119.31,0.0,24302.5,,,,,0.0,0.0,9139.0
1120.31,100.0,24260.0,,,,,100.0,100.0,9139.0
1121.31,100.0,24217.5,,,,,100.0,100.0,9139.0
1122.31,0.0,24217.5,,,,,0.0,0.0,9139.0
1123.31,100.0,24175.0,,,,,100.0,100.0,9139.0
1124.31,0.0,24175.0,,,,,0.0,0.0,9139.0
1125.31,100.0,24069.1,,,,,100.0,100.0,9139.1
1126.31,0.0,24069.1,,,,,0.0,0.0,9139.1
1127.31,0.0,24069.1,,,,,0.0,0.0,9139.1
1128.31,0.0,24069.1,,,,,0.0,0.0,9139.1
1129.31,0.0,24069.1,,,,,0.0,0.0,9139.1
1130.31,0.0,24069.1,,,,,0.0,0.0,9139.1
1131.31,0.0,24069.1,,,,,0.0,0.0,9139.1
1132.31,0.0,24069.1,,,,,0.0,0.0,9139.1
1133.31,0.0,24069.1,,,,,0.0,0.0,9139.1
1134.31,0.0,24069.1,,,,,0.0,0.0,9139.1
1135.32,0.0,24069.1,,,,,0.0,0.0,9139.1
1136.32,0.0,24069.1,,,,,0.0,0.0,9139.1
1137.32,0.0,24069.1,,,,,0.0,0.0,9139.1
1138.32,0.0,24069.1,,,,,0.0,0.0,9139.1
1139.32,0.0,24069.1,,,,,0.0,0.0,9139.1
1140.32,0.0,24069.1,,,,,0.0,0.0,9139.1
1141.32,0.0,24069.1,,,,,0.0,0.0,9139.1
1142.32,0.0,24069.1,,,,,0.0,0.0,9139.1
1143.32,0.0,24069.1,,,,,0.0,0.0,9139.1
1144.32,0.0,24069.1,,,,,0.0,0.0,9139.1
1145.32,0.0,24069.1,,,,,0.0,0.0,9139.1
1146.32,0.0,24069.1,,,,,0.0,0.0,9139.1
1147.32,0.0,24069.1,,,,,0.0,0.0,9139.1
1148.32,0.0,24069.1,,,,,0.0,0.0,9139.1
1149.32,0.0,24069.1,,,,,0.0,0.0,9139.1
1150.32,0.0,24069.1,,,,,0.0,0.0,9139.1
1151.32,0.0,24069.1,,,,,0.0,0.0,9139.1
1152.32,0.0,24069.1,,,,,0.0,0.0,9139.1
1153.32,0.0,24069.1,,,,,0.0,0.0,9139.1
1154.32,0.0,24069.1,,,,,0.0,0.0,9139.1
1155.32,0.0,24069.1,,,,,0.0,0.0,9139.1
1156.32,0.0,24069.1,,,,,0.0,0.0,9139.1
1157.32,0.0,24069.1,,,,,0.0,0.0,9139.1
1158.32,0.0,24069.1,,,,,0.0,0.0,9139.1
1159.32,0.0,24069.1,,,,,0.0,0.0,9139.1
1160.32,0.0,24069.1,,,,,0.0,0.0,9139.1
1161.32,0.0,24069.1,,,,,0.0,0.0,9139.1
1162.32,0.0,24069.1,,,,,0.0,0.0,9139.1
1163.32,0.0,24069.1,,,,,0.0,0.0,9139.1
1164.32,0.0,24069.1,,,,,0.0,0.0,9139.1
1165.32,0.0,24069.1,,,,,0.0,0.0,9139.1
1166.32,0.0,24069.1,,,,,0.0,0.0,9139.1
1167.32,0.0,24069.1,,,,,0.0,0.0,9139.1
1168.32,0.0,24069.1,,,,,0.0,0.0,9139.1
1169.32,0.0,24069.1,,,,,0.0,0.0,9139.1
1170.32,0.0,24069.1,,,,,0.0,0.0,9139.1
1171.32,0.0,24069.1,,,,,0.0,0.0,9139.1
1172.32,0.0,24069.1,,,,,0.0,0.0,9139.1
1173.32,0.0,24069.1,,,,,0.0,0.0,9139.1
1174.32,0.0,24069.1,,,,,0.0,0.0,9139.1
1175.32,0.0,24069.1,,,,,0.0,0.0,9139.1
1176.32,0.0,24069.1,,,,,0.0,0.0,9139.1
1177.32,0.0,24069.1,,,,,0.0,0.0,9139.1
1178.32,0.0,24069.1,,,,,0.0,0.0,9139.1
1179.32,0.0,24069.1,,,,,0.0,0.0,9139.1
1180.32,0.0,24069.1,,,,,0.0,0.0,9139.1
1181.32,0.0,24069.1,,,,,0.0,0.0,9139.1
1182.32,0.0,24069.1,,,,,0.0,0.0,9139.1
1183.32,0.0,24069.1,,,,,0.0,0.0,9139.1
1184.32,0.0,24069.1,,,,,0.0,0.0,9139.1
1185.32,0.0,24069.1,,,,,0.0,0.0,9139.1
1186.32,0.0,24069.1,,,,,0.0,0.0,9139.1
1187.32,0.0,24069.1,,,,,0.0,0.0,9139.1
1188.32,0.0,24069.1,,,,,0.0,0.0,9139.1
1189.32,0.0,24069.1,,,,,0.0,0.0,9139.1
1190.32,0.0,24069.1,,,,,0.0,0.0,9139.1
1191.32,0.0,24069.1,,,,,0.0,0.0,9139.1
1192.32,0.0,24069.1,,,,,0.0,0.0,9139.1
1193.32,0.0,24069.1,,,,,0.0,0.0,9139.1
1194.32,0.0,24069.1,,,,,0.0,0.0,9139.1
1195.32,0.0,24069.1,,,,,0.0,0.0,9139.1
1196.32,0.0,24069.1,,,,,0.0,0.0,9139.1
1197.32,0.0,24069.1,,,,,0.0,0.0,9139.1
1198.32,0.0,24069.1,,,,,0.0,0.0,9139.1
1199.32,0.0,24069.1,,,,,0.0,0.0,9139.1
1200.32,0.0,24069.1,,,,,0.0,0.0,9139.1
1201.32,0.0,24069.1,,,,,0.0,0.0,9139.1
1202.32,0.0,24069.1,,,,,0.0,0.0,9139.1
1203.32,0.0,24069.1,,,,,0.0,0.0,9139.1
1204.32,0.0,24069.1,,,,,0.0,0.0,9139.1
1205.32,0.0,24069.1,,,,,0.0,0.0,9139.1
1206.32,0.0,24069.1,,,,,0.0,0.0,9139.1
1207.32,0.0,24069.1,,,,,0.0,0.0,9139.1
1208.32,0.0,24069.1,,,,,0.0,0.0,9139.1
1209.32,0.0,24069.1,,,,,0.0,0.0,9139.1
1210.32,0.0,24069.1,,,,,0.0,0.0,9139.1
1211.33,0.0,24069.1,,,,,0.0,0.0,9139.1
1212.33,0.0,24069.1,,,,,0.0,0.0,9139.1
1213.33,0.0,24069.1,,,,,0.0,0.0,9139.1
1214.33,0.0,24069.1,,,,,0.0,0.0,9139.1
1215.33,0.0,24069.1,,,,,0.0,0.0,9139.1
1216.33,0.0,24069.1,,,,,0.0,0.0,9139.1
1217.33,0.0,24069.1,,,,,0.0,0.0,9139.1
1218.33,0.0,24069.1,,,,,0.0,0.0,9139.1
1219.33,0.0,24069.1,,,,,0.0,0.0,9139.1
1220.33,0.0,24069.1,,,,,0.0,0.0,9139.1
1221.33,0.0,24069.1,,,,,0.0,0.0,9139.1
1222.33,0.0,24069.1,,,,,0.0,0.0,9139.1
1223.33,0.0,24069.1,,,,,0.0,0.0,9139.1
1224.33,0.0,24069.1,,,,,0.0,0.0,9139.1
1225.33,0.0,24069.1,,,,,0.0,0.0,9139.1
1226.33,0.0,24069.1,,,,,0.0,0.0,9139.1
1227.33,0.0,24069.1,,,,,0.0,0.0,9139.1
1228.33,0.0,24069.1,,,,,0.0,0.0,9139.1
1229.33,0.0,24069.1,,,,,0.0,0.0,9139.1
1230.33,0.0,24069.1,,,,,0.0,0.0,9139.1
1231.33,0.0,24069.1,,,,,0.0,0.0,9139.1
1232.33,0.0,24069.1,,,,,0.0,0.0,9139.1
1233.33,0.0,24069.1,,,,,0.0,0.0,9139.1
1234.33,0.0,24069.1,,,,,0.0,0.0,9139.1
1235.33,0.0,24069.1,,,,,0.0,0.0,9139.1
1236.33,0.0,24069.1,,,,,0.0,0.0,9139.1
1237.33,0.0,24069.1,,,,,0.0,0.0,9139.1
1238.33,0.0,24069.1,,,,,0.0,0.0,9139.1
1239.33,0.0,24069.1,,,,,0.0,0.0,9139.1
1240.33,0.0,24069.1,,,,,0.0,0.0,9139.1
1241.33,0.0,24069.1,,,,,0.0,0.0,9139.1
1242.33,0.0,24069.1,,,,,0.0,0.0,9139.1
1243.33,0.0,24069.1,,,,,0.0,0.0,9139.1
1244.33,0.0,24069.1,,,,,0.0,0.0,9139.1
1245.33,0.0,24069.1,,,,,0.0,0.0,9139.1
1246.33,0.0,24069.1,,,,,0.0,0.0,9139.1
1247.33,0.0,24069.1,,,,,0.0,0.0,9139.1
1248.33,0.0,24069.1,,,,,0.0,0.0,9139.1
1249.33,0.0,24069.1,,,,,0.0,0.0,9139.1
1250.33,0.0,24069.1,,,,,0.0,0.0,9139.1
1251.33,0.0,24069.1,,,,,0.0,0.0,9139.1
1252.33,0.0,24069.1,,,,,0.0,0.0,9139.1
1253.33,0.0,24069.1,,,,,0.0,0.0,9139.1
1254.33,0.0,24069.1,,,,,0.0,0.0,9139.1
1255.33,0.0,24069.1,,,,,0.0,0.0,9139.1
1256.33,0.0,24069.1,,,,,0.0,0.0,9139.1
1257.33,0.0,24069.1,,,,,0.0,0.0,9139.1
1258.33,0.0,24069.1,,,,,0.0,0.0,9139.1
1259.33,0.0,24069.1,,,,,0.0,0.0,9139.1
1260.33,0.0,24069.1,,,,,0.0,0.0,9139.1
1261.33,0.0,24069.1,,,,,0.0,0.0,9139.1
1262.33,0.0,24069.1,,,,,0.0,0.0,9139.1
1263.33,0.0,24069.1,,,,,0.0,0.0,9139.1
1264.33,0.0,24069.1,,,,,0.0,0.0,9139.1
1265.33,0.0,24069.1,,,,,0.0,0.0,9139.1
1266.33,0.0,24069.1,,,,,0.0,0.0,9139.1
1267.33,0.0,24069.1,,,,,0.0,0.0,9139.1
1268.33,0.0,24069.1,,,,,0.0,0.0,9139.1
1269.33,0.0,24069.1,,,,,0.0,0.0,9139.1
1270.33,0.0,24069.1,,,,,0.0,0.0,9139.1
1271.33,0.0,24069.1,,,,,0.0,0.0,9139.1
1272.33,0.0,24069.1,,,,,0.0,0.0,9139.1
1273.33,0.0,24069.1,,,,,0.0,0.0,9139.1
1274.33,0.0,24069.1,,,,,0.0,0.0,9139.1
1275.33,0.0,24069.1,,,,,0.0,0.0,9139.1
1276.33,0.0,24069.1,,,,,0.0,0.0,9139.1
1277.33,0.0,24069.1,,,,,0.0,0.0,9139.1
1278.33,0.0,24069.1,,,,,0.0,0.0,9139.1
1279.33,0.0,24069.1,,,,,0.0,0.0,9139.1
1280.33,0.0,24069.1,,,,,0.0,0.0,9139.1
1281.33,0.0,24069.1,,,,,0.0,0.0,9139.1
1282.33,0.0,24069.1,,,,,0.0,0.0,9139.1
1283.33,0.0,24069.1,,,,,0.0,0.0,9139.1
1284.33,0.0,24069.1,,,,,0.0,0.0,9139.1
1285.33,0.0,24069.1,,,,,0.0,0.0,9139.1
1286.33,0.0,24069.1,,,,,0.0,0.0,9139.1
1287.33,0.0,24069.1,,,,,0.0,0.0,9139.1
1288.33,0.0,24069.1,,,,,0.0,0.0,9139.1
1289.33,0.0,24069.1,,,,,0.0,0.0,9139.1
1290.34,0.0,24069.1,,,,,0.0,0.0,9139.1
1291.34,0.0,24069.1,,,,,0.0,0.0,9139.1
1292.34,0.0,24069.1,,,,,0.0,0.0,9139.1
1293.34,0.0,24069.1,,,,,0.0,0.0,9139.1
1294.34,0.0,24069.1,,,,,0.0,0.0,9139.1
1295.34,0.0,24069.1,,,,,0.0,0.0,9139.1
1296.34,0.0,24069.1,,,,,0.0,0.0,9139.1
1297.34,0.0,24069.1,,,,,0.0,0.0,9139.1
1298.34,0.0,24069.1,,,,,0.0,0.0,9139.1
1299.34,0.0,24069.1,,,,,0.0,0.0,9139.1
1300.34,0.0,24069.1,,,,,0.0,0.0,9139.1
1301.34,0.0,24069.1,,,,,0.0,0.0,9139.1
1302.34,0.0,24069.1,,,,,0.0,0.0,9139.1
1303.34,0.0,24069.1,,,,,0.0,0.0,9139.1
1304.34,0.0,24069.1,,,,,0.0,0.0,9139.1
1305.34,0.0,24069.1,,,,,0.0,0.0,9139.1
1306.34,0.0,24069.1,,,,,0.0,0.0,9139.1
1307.34,0.0,24069.1,,,,,0.0,0.0,9139.1
1308.34,0.0,24069.1,,,,,0.0,0.0,9139.1
1309.34,0.0,24069.1,,,,,0.0,0.0,9139.1
1310.34,0.0,24069.1,,,,,0.0,0.0,9139.1
1311.34,0.0,24069.1,,,,,0.0,0.0,9139.1
1312.34,0.0,24069.1,,,,,0.0,0.0,9139.1
1313.34,0.0,24069.1,,,,,0.0,0.0,9139.1
1314.34,0.0,24069.1,,,,,0.0,0.0,9139.1
1315.34,0.0,24069.1,,,,,0.0,0.0,9139.1
1316.34,0.0,24069.1,,,,,0.0,0.0,9139.1
1317.34,0.0,24069.1,,,,,0.0,0.0,9139.1
1318.34,0.0,24069.1,,,,,0.0,0.0,9139.1
1319.34,0.0,24069.1,,,,,0.0,0.0,9139.1
1320.34,0.0,24069.1,,,,,0.0,0.0,9139.1
1321.34,0.0,24069.1,,,,,0.0,0.0,9139.1
1322.34,0.0,24069.1,,,,,0.0,0.0,9139.1
1323.34,0.0,24069.1,,,,,0.0,0.0,9139.1
1324.34,0.0,24069.1,,,,,0.0,0.0,9139.1
1325.34,0.0,24069.1,,,,,0.0,0.0,9139.1
1326.34,0.0,24069.1,,,,,0.0,0.0,9139.1
1327.34,0.0,24069.1,,,,,0.0,0.0,9139.1
1328.34,0.0,24069.1,,,,,0.0,0.0,9139.1
1329.34,0.0,24069.1,,,,,0.0,0.0,9139.1
1330.34,0.0,24069.1,,,,,0.0,0.0,9139.1
1331.34,0.0,24069.1,,,,,0.0,0.0,9139.1
1332.34,0.0,24069.1,,,,,0.0,0.0,9139.1
1333.34,0.0,24069.1,,,,,0.0,0.0,9139.1
1334.34,0.0,24069.1,,,,,0.0,0.0,9139.1
1335.34,0.0,24069.1,,,,,0.0,0.0,9139.1
1336.34,0.0,24069.1,,,,,0.0,0.0,9139.1
1337.34,0.0,24069.1,,,,,0.0,0.0,9139.1
1338.34,0.0,24069.1,,,,,0.0,0.0,9139.1
1339.34,0.0,24069.1,,,,,0.0,0.0,9139.1
1340.34,0.0,24069.1,,,,,0.0,0.0,9139.1
1341.34,0.0,24069.1,,,,,0.0,0.0,9139.1
1342.34,0.0,24069.1,,,,,0.0,0.0,9139.1
1343.34,0.0,24069.1,,,,,0.0,0.0,9139.1
1344.34,0.0,24069.1,,,,,0.0,0.0,9139.1
1345.34,0.0,24069.1,,,,,0.0,0.0,9139.1
1346.34,0.0,24069.1,,,,,0.0,0.0,9139.1
1347.34,0.0,24069.1,,,,,0.0,0.0,9139.1
1348.34,0.0,24069.1,,,,,0.0,0.0,9139.1
1349.34,0.0,24069.1,,,,,0.0,0.0,9139.1
1350.34,0.0,24069.1,,,,,0.0,0.0,9139.1
1351.34,0.0,24069.1,,,,,0.0,0.0,9139.1
1352.34,0.0,24069.1,,,,,0.0,0.0,9139.1
1353.34,0.0,24069.1,,,,,0.0,0.0,9139.1
1354.34,0.0,24069.1,,,,,0.0,0.0,9139.1
1355.34,0.0,24069.1,,,,,0.0,0.0,9139.1
1356.34,0.0,24069.1,,,,,0.0,0.0,9139.1
1357.34,0.0,24069.1,,,,,0.0,0.0,9139.1
1358.34,0.0,24069.1,,,,,0.0,0.0,9139.1
1359.34,0.0,24069.1,,,,,0.0,0.0,9139.1
1360.34,0.0,24069.1,,,,,0.0,0.0,9139.1
1361.34,0.0,24069.1,,,,,0.0,0.0,9139.1
1362.34,0.0,24069.1,,,,,0.0,0.0,9139.1
1363.35,0.0,24069.1,,,,,0.0,0.0,9139.1
1364.35,0.0,24069.1,,,,,0.0,0.0,9139.1
1365.35,0.0,24069.1,,,,,0.0,0.0,9139.1
1366.35,0.0,24069.1,,,,,0.0,0.0,9139.1
1367.35,0.0,24069.1,,,,,0.0,0.0,9139.1
1368.35,0.0,24069.1,,,,,0.0,0.0,9139.1
1369.35,0.0,24069.1,,,,,0.0,0.0,9139.1
1370.35,0.0,24069.1,,,,,0.0,0.0,9139.1
1371.35,0.0,24069.1,,,,,0.0,0.0,9139.1
1372.35,0.0,24069.1,,,,,0.0,0.0,9139.1
1373.35,0.0,24069.1,,,,,0.0,0.0,9139.1
1374.35,0.0,24069.1,,,,,0.0,0.0,9139.1
1375.35,0.0,24069.1,,,,,0.0,0.0,9139.1
1376.35,0.0,24069.1,,,,,0.0,0.0,9139.1
1377.35,0.0,24069.1,,,,,0.0,0.0,9139.1
1378.35,0.0,24069.1,,,,,0.0,0.0,9139.1
1379.35,0.0,24069.1,,,,,0.0,0.0,9139.1
1380.35,0.0,24069.1,,,,,0.0,0.0,9139.1
1381.35,0.0,24069.1,,,,,0.0,0.0,9139.1
1382.35,0.0,24069.1,,,,,0.0,0.0,9139.1
1383.35,0.0,24069.1,,,,,0.0,0.0,9139.1
1384.35,0.0,24069.1,,,,,0.0,0.0,9139.1
1385.35,0.0,24069.1,,,,,0.0,0.0,9139.1
1386.35,0.0,24069.1,,,,,0.0,0.0,9139.1
1387.35,0.0,24069.1,,,,,0.0,0.0,9139.1
1388.35,0.0,24069.1,,,,,0.0,0.0,9139.1
1389.35,0.0,24069.1,,,,,0.0,0.0,9139.1
1390.35,0.0,24069.1,,,,,0.0,0.0,9139.1
1391.35,0.0,24069.1,,,,,0.0,0.0,9139.1
1392.35,0.0,24069.1,,,,,0.0,0.0,9139.1
1393.35,0.0,24069.1,,,,,0.0,0.0,9139.1
1394.35,0.0,24069.1,,,,,0.0,0.0,9139.1
1395.35,0.0,24069.1,,,,,0.0,0.0,9139.1
1396.35,0.0,24069.1,,,,,0.0,0.0,9139.1
1397.35,0.0,24069.1,,,,,0.0,0.0,9139.1
1398.35,0.0,24069.1,,,,,0.0,0.0,9139.1
1399.35,0.0,24069.1,,,,,0.0,0.0,9139.1
1400.35,0.0,24069.1,,,,,0.0,0.0,9139.1
1401.35,0.0,24069.1,,,,,0.0,0.0,9139.1
1402.35,0.0,24069.1,,,,,0.0,0.0,9139.1
1403.35,0.0,24069.1,,,,,0.0,0.0,9139.1
1404.35,0.0,24069.1,,,,,0.0,0.0,9139.1
1405.35,0.0,24069.1,,,,,0.0,0.0,9139.1
1406.35,0.0,24069.1,,,,,0.0,0.0,9139.1
1407.35,0.0,24069.1,,,,,0.0,0.0,9139.1
1408.35,0.0,24069.1,,,,,0.0,0.0,9139.1
1409.35,0.0,24069.1,,,,,0.0,0.0,9139.2
1410.35,0.0,24089.6,,,,,0.0,0.0,9596.4
1411.35,0.0,24142.5,,,,,0.0,0.0,9598.5
1412.35,0.0,24142.5,,,,,0.0,0.0,9598.5
1413.35,0.0,24142.5,,,,,0.0,0.0,9598.5
1414.35,0.0,24142.5,,,,,0.0,0.0,9653.5
1415.35,1.36,24215.9,,,,,1.35,1.36,10058.4
1416.35,0.0,24216.0,,,,,0.0,0.0,9570.4
1417.35,0.0,24258.5,,,,,0.0,0.0,9573.9
1418.35,100.0,24258.5,,,,,100.0,100.0,9583.2
1419.35,0.0,24343.6,,,,,0.0,0.0,9588.9
1420.35,100.0,24343.6,,,,,100.0,100.0,9570.5
1421.35,0.0,24377.6,,,,,0.0,0.0,9574.4
1422.35,100.0,24377.6,,,,,100.0,100.0,9589.8
1423.35,0.0,24377.6,,,,,0.0,0.0,9589.8
1424.35,100.0,24449.3,,,,,100.0,100.0,9592.8
1425.35,100.0,24407.0,,,,,100.0,100.0,9597.1
1426.35,0.0,24407.0,,,,,0.0,0.0,9597.1
1427.35,100.0,24364.5,,,,,100.0,100.0,9597.3
1428.36,0.0,24364.5,,,,,0.0,0.0,9597.3
1429.36,100.0,24321.9,,,,,100.0,100.0,9597.3
1430.36,0.0,24321.9,,,,,0.0,0.0,9597.3
1431.36,100.0,24215.9,,,,,100.0,100.0,9574.5
1432.36,0.0,24237.2,,,,,0.0,0.0,9585.3
1433.36,0.0,24301.0,,,,,0.0,0.0,9568.3
1434.36,100.0,24301.0,,,,,100.0,100.0,9581.7
1435.36,100.0,24301.0,,,,,100.0,100.0,9584.6
1436.36,0.0,24343.6,,,,,0.0,0.0,9580.9
1437.36,100.0,24360.6,,,,,100.0,100.0,9584.3
1438.36,0.0,24377.6,,,,,0.0,0.0,9591.6
1439.36,100.0,24449.3,,,,,100.0,100.0,9594.5
1440.36,0.0,24449.3,,,,,0.0,0.0,9594.5
1441.36,100.0,24407.0,,,,,100.0,100.0,9598.2
1442.36,0.0,24407.0,,,,,0.0,0.0,9598.2
1443.36,100.0,24364.5,,,,,100.0,100.0,9598.4
1444.36,0.0,24364.5,,,,,0.0,0.0,9598.4
1445.36,100.0,24321.9,,,,,100.0,100.0,9598.4
1446.36,0.0,24321.9,,,,,0.0,0.0,9598.4
1447.36,100.0,24216.0,,,,,100.0,100.0,9590.4
1448.36,0.0,24258.5,,,,,0.0,0.0,9590.2
1449.36,100.0,24258.5,,,,,100.0,100.0,9578.4
1450.36,0.0,24301.0,,,,,0.0,0.0,9584.9
1451.36,100.0,24343.6,,,,,100.0,100.0,9592.2
1452.36,0.0,24377.6,,,,,0.0,0.0,9592.4
1453.36,100.0,24377.6,,,,,100.0,100.0,9593.2
1454.36,0.0,24377.6,,,,,0.0,0.0,9593.2
1455.36,100.0,24449.3,,,,,100.0,100.0,9595.8
1456.36,0.0,24449.3,,,,,0.0,0.0,9595.8
1457.36,100.0,24407.0,,,,,100.0,100.0,9599.5
1458.36,100.0,24364.5,,,,,100.0,100.0,9599.7
1459.36,0.0,24364.5,,,,,0.0,0.0,9599.7
1460.36,100.0,24321.9,,,,,100.0,100.0,9599.8
1461.36,0.0,24321.9,,,,,0.0,0.0,9599.8
1462.36,100.0,24215.9,,,,,100.0,100.0,9576.0
1463.36,0.0,24216.0,,,,,0.0,0.0,9578.6
1464.36,0.0,24275.5,,,,,0.0,0.0,9589.6
1465.36,100.0,24301.0,,,,,100.0,100.0,9592.5
1466.36,0.0,24343.6,,,,,0.0,0.0,9575.0
1467.36,100.0,24343.6,,,,,100.0,100.0,9578.3
1468.36,100.0,24343.6,,,,,100.0,100.0,9581.6
1469.36,0.0,24377.6,,,,,0.0,0.0,9594.0
1470.36,100.0,24449.3,,,,,100.0,100.0,9597.1
1471.36,0.0,24449.3,,,,,0.0,0.0,9597.1
1472.36,100.0,24407.0,,,,,100.0,100.0,9600.9
1473.36,0.0,24407.0,,,,,0.0,0.0,9600.9
1474.36,100.0,24364.5,,,,,100.0,100.0,9601.1
1475.36,0.0,24364.5,,,,,0.0,0.0,9601.1
1476.36,100.0,24321.9,,,,,100.0,100.0,9601.1
1477.36,0.0,24321.9,,,,,0.0,0.0,9601.1
1478.36,100.0,24216.0,,,,,100.0,100.0,9593.1
1479.36,0.0,24258.5,,,,,0.0,0.0,9574.2
1480.36,100.0,24258.5,,,,,100.0,100.0,9577.6
1481.36,0.0,24301.0,,,,,0.0,0.0,9582.0
1482.36,100.0,24301.0,,,,,100.0,100.0,9591.4
1483.36,0.0,24377.6,,,,,0.0,0.0,9595.0
1484.36,100.0,24377.6,,,,,100.0,100.0,9595.4
1485.36,0.0,24377.6,,,,,0.0,0.0,9595.4
1486.36,100.0,24449.3,,,,,100.0,100.0,9598.5
1487.36,0.0,24449.3,,,,,0.0,0.0,9598.5
1488.36,100.0,24407.0,,,,,100.0,100.0,9601.8
1489.36,0.0,24407.0,,,,,0.0,0.0,9601.8
1490.36,100.0,24364.5,,,,,100.0,100.0,9602.0
1491.36,100.0,24321.9,,,,,100.0,100.0,9602.0
1492.36,0.0,24321.9,,,,,0.0,0.0,9602.0
1493.36,100.0,24215.9,,,,,100.0,100.0,9602.2
1494.36,0.0,24216.0,,,,,0.0,0.0,9579.1
1495.36,0.0,24258.5,,,,,0.0,0.0,9583.4
1496.36,100.0,24279.8,,,,,100.0,100.0,9594.0
1497.37,0.0,24343.6,,,,,0.0,0.0,9596.1
1498.37,100.0,24343.6,,,,,100.0,100.0,9578.6
1499.37,0.0,24377.6,,,,,0.0,0.0,9582.2
1500.37,100.0,24377.6,,,,,100.0,100.0,9596.4
1501.37,100.0,24449.3,,,,,100.0,100.0,9599.5
1502.37,0.0,24449.3,,,,,0.0,0.0,9599.5
1503.37,100.0,24407.0,,,,,100.0,100.0,9602.8
1504.37,0.0,24407.0,,,,,0.0,0.0,9602.8
1505.37,100.0,24364.5,,,,,100.0,100.0,9603.0
1506.37,0.0,24364.5,,,,,0.0,0.0,9603.0
1507.37,100.0,24321.9,,,,,100.0,100.0,9603.0
1508.37,0.0,24321.9,,,,,0.0,0.0,9603.0
1509.37,100.0,24215.9,,,,,100.0,100.0,9586.8
1510.37,0.0,24258.5,,,,,0.0,0.0,9595.1
1511.37,100.0,24258.5,,,,,100.0,100.0,9577.4
1512.37,0.0,24301.0,,,,,0.0,0.0,9580.1
1513.37,100.0,24301.0,,,,,100.0,100.0,9583.4
1514.37,0.0,24343.6,,,,,0.0,0.0,9590.3
1515.37,100.0,24360.6,,,,,100.0,100.0,9596.6
1516.37,0.0,24377.6,,,,,0.0,0.0,9598.2
1517.37,100.0,24449.3,,,,,100.0,100.0,9600.4
1518.37,0.0,24449.3,,,,,0.0,0.0,9600.4
1519.37,100.0,24407.0,,,,,100.0,100.0,9603.7
1520.37,0.0,24407.0,,,,,0.0,0.0,9603.7
1521.37,100.0,24364.5,,,,,100.0,100.0,9603.9
1522.37,0.0,24364.5,,,,,0.0,0.0,9603.9
1523.37,100.0,24321.9,,,,,100.0,100.0,9603.9
1524.37,100.0,24215.9,,,,,100.0,100.0,9604.1
1525.37,0.0,24216.0,,,,,0.0,0.0,9577.3
1526.37,0.0,24258.5,,,,,0.0,0.0,9589.9
1527.37,100.0,24258.5,,,,,100.0,100.0,9588.2
1528.37,0.0,24322.3,,,,,0.0,0.0,9582.7
1529.37,100.0,24343.6,,,,,100.0,100.0,9589.9
1530.37,0.0,24377.6,,,,,0.0,0.0,9581.4
1531.37,100.0,24377.6,,,,,100.0,100.0,9598.5
1532.37,0.0,24377.6,,,,,0.0,0.0,9598.5
1533.37,100.0,24449.3,,,,,100.0,100.0,9601.3
1534.37,100.0,24407.0,,,,,100.0,100.0,9604.5
1535.37,0.0,24407.0,,,,,0.0,0.0,9604.5
1536.37,100.0,24364.5,,,,,100.0,100.0,9604.7
1537.37,0.0,24364.5,,,,,0.0,0.0,9604.7
1538.37,100.0,24321.9,,,,,100.0,100.0,9604.7
1539.37,0.0,24321.9,,,,,0.0,0.0,9604.7
1540.37,100.0,24215.9,,,,,100.0,100.0,9583.3
1541.37,0.0,24216.0,,,,,0.0,0.0,9593.1
1542.37,0.0,24301.0,,,,,0.0,0.0,9597.8
1543.37,100.0,24301.0,,,,,100.0,100.0,9579.7
1544.37,100.0,24301.0,,,,,100.0,100.0,9584.2
1545.37,0.0,24343.6,,,,,0.0,0.0,9586.6
1546.37,100.0,24360.6,,,,,100.0,100.0,9593.6
1547.37,0.0,24377.6,,,,,0.0,0.0,9599.4
1548.37,100.0,24449.3,,,,,100.0,100.0,9602.1
1549.37,0.0,24449.3,,,,,0.0,0.0,9602.1
1550.37,100.0,24407.0,,,,,100.0,100.0,9605.2
1551.37,0.0,24407.0,,,,,0.0,0.0,9605.2
1552.37,100.0,24364.5,,,,,100.0,100.0,9605.4
1553.37,0.0,24364.5,,,,,0.0,0.0,9605.4
1554.37,100.0,24321.9,,,,,100.0,100.0,9605.4
1555.37,0.0,24321.9,,,,,0.0,0.0,9605.4
1556.37,100.0,24216.0,,,,,100.0,100.0,9575.5
1557.37,0.0,24258.5,,,,,0.0,0.0,9581.7
1558.37,100.0,24258.5,,,,,100.0,100.0,9583.6
1559.37,0.0,24322.3,,,,,0.0,0.0,9592.9
1560.37,100.0,24322.3,,,,,100.0,100.0,9586.5
1561.37,0.0,24377.6,,,,,0.0,0.0,9592.7
1562.37,100.0,24377.6,,,,,100.0,100.0,9600.4
1563.37,0.0,24377.6,,,,,0.0,0.0,9600.4
1564.37,100.0,24449.3,,,,,100.0,100.0,9603.1
1565.37,0.0,24449.3,,,,,0.0,0.0,9603.1
1566.37,100.0,24407.0,,,,,100.0,100.0,9606.3
1567.37,100.0,24364.5,,,,,100.0,100.0,9606.5
1568.37,0.0,24364.5,,,,,0.0,0.0,9606.5
1569.37,100.0,24321.9,,,,,100.0,100.0,9606.5
1570.37,0.0,24321.9,,,,,0.0,0.0,9606.5
1571.38,100.0,24215.9,,,,,100.0,100.0,9606.8
1572.38,0.0,24216.0,,,,,0.0,0.0,9585.4
1573.38,0.0,24279.8,,,,,0.0,0.0,9594.6
1574.38,100.0,24301.0,,,,,100.0,100.0,9599.5
1575.38,0.0,24343.6,,,,,0.0,0.0,9600.7
1576.38,100.0,24343.6,,,,,100.0,100.0,9586.1
1577.38,100.0,24343.6,,,,,100.0,100.0,9591.4
1578.38,0.0,24377.6,,,,,0.0,0.0,9601.6
1579.38,100.0,24449.3,,,,,100.0,100.0,9603.9
1580.38,0.0,24449.3,,,,,0.0,0.0,9603.9
1581.38,100.0,24407.0,,,,,100.0,100.0,9607.2
1582.38,0.0,24407.0,,,,,0.0,0.0,9607.2
1583.38,100.0,24364.5,,,,,100.0,100.0,9607.4
1584.38,0.0,24364.5,,,,,0.0,0.0,9607.4
1585.38,100.0,24321.9,,,,,100.0,100.0,9607.4
1586.38,0.0,24321.9,,,,,0.0,0.0,9607.4
1587.38,100.0,24216.0,,,,,100.0,100.0,9599.5
1588.38,0.0,24258.5,,,,,0.0,0.0,9599.6
1589.38,100.0,24258.5,,,,,100.0,100.0,9584.6
1590.38,0.0,24301.0,,,,,0.0,0.0,9586.5
1591.38,100.0,24322.3,,,,,100.0,100.0,9594.6
1592.38,0.0,24360.6,,,,,0.0,0.0,9598.9
1593.38,100.0,24377.6,,,,,100.0,100.0,9602.4
1594.38,0.0,24377.6,,,,,0.0,0.0,9602.5
1595.38,100.0,24449.3,,,,,100.0,100.0,9604.8
1596.38,0.0,24449.3,,,,,0.0,0.0,9604.8
1597.38,100.0,24407.0,,,,,100.0,100.0,9608.3
1598.38,0.0,24407.0,,,,,0.0,0.0,9608.3
1599.38,100.0,24364.5,,,,,100.0,100.0,9608.5
1600.38,100.0,24321.9,,,,,100.0,100.0,9608.5
1601.38,0.0,24321.9,,,,,0.0,0.0,9608.5
1602.38,100.0,24215.9,,,,,100.0,100.0,9578.6
1603.38,0.0,24216.0,,,,,0.0,0.0,9583.6
1604.38,0.0,24258.5,,,,,0.0,0.0,9588.4
1605.38,100.0,24279.8,,,,,100.0,100.0,9599.0
1606.38,0.0,24343.6,,,,,0.0,0.0,9595.2
1607.38,100.0,24343.6,,,,,100.0,100.0,9602.9
1608.38,0.0,24377.6,,,,,0.0,0.0,9590.1
1609.38,100.0,24377.6,,,,,100.0,100.0,9603.7
1610.38,100.0,24449.3,,,,,100.0,100.0,9605.9
1611.38,0.0,24449.3,,,,,0.0,0.0,9605.9
1612.38,100.0,24407.0,,,,,100.0,100.0,9609.2
1613.38,0.0,24407.0,,,,,0.0,0.0,9609.2
1614.38,100.0,24364.5,,,,,100.0,100.0,9609.3
1615.38,0.0,24364.5,,,,,0.0,0.0,9609.3
1616.38,100.0,24321.9,,,,,100.0,100.0,9609.3
1617.38,0.0,24321.9,,,,,0.0,0.0,9609.3
1618.38,100.0,24215.9,,,,,100.0,100.0,9589.9
1619.38,0.0,24237.2,,,,,0.0,0.0,9599.6
1620.38,0.0,24301.0,,,,,0.0,0.0,9602.5
1621.38,100.0,24301.0,,,,,100.0,100.0,9586.9
1622.38,100.0,24301.0,,,,,100.0,100.0,9590.2
1623.38,0.0,24360.6,,,,,0.0,0.0,9596.9
1624.38,100.0,24360.6,,,,,100.0,100.0,9602.0
1625.38,0.0,24377.6,,,,,0.0,0.0,9604.2
1626.38,100.0,24449.3,,,,,100.0,100.0,9606.8
1627.38,0.0,24449.3,,,,,0.0,0.0,9606.8
1628.38,100.0,24407.0,,,,,100.0,100.0,9609.7
1629.38,0.0,24407.0,,,,,0.0,0.0,9609.7
1630.38,100.0,24364.5,,,,,100.0,100.0,9609.9
1631.38,0.0,24364.5,,,,,0.0,0.0,9609.9
1632.38,100.0,24321.9,,,,,100.0,100.0,9609.9
1633.38,100.0,24215.9,,,,,100.0,100.0,9609.9
1634.38,0.0,24216.0,,,,,0.0,0.0,9581.3
1635.38,0.0,24258.5,,,,,0.0,0.0,9587.1
1636.38,100.0,24258.5,,,,,100.0,100.0,9589.2
1637.38,0.0,24301.0,,,,,0.0,0.0,9600.1
1638.38,100.0,24343.6,,,,,100.0,100.0,9581.3
1639.38,0.0,24377.6,,,,,0.0,0.0,9587.5
1640.38,100.0,24377.6,,,,,100.0,100.0,9604.4
1641.38,0.0,24377.6,,,,,0.0,0.0,9604.4
1642.38,100.0,24449.3,,,,,100.0,100.0,9607.4
1643.38,0.0,24449.3,,,,,0.0,0.0,9607.4
1644.38,100.0,24407.0,,,,,100.0,100.0,9610.3
1645.38,100.0,24364.5,,,,,100.0,100.0,9610.5
1646.38,0.0,24364.5,,,,,0.0,0.0,9610.5
1647.39,100.0,24321.9,,,,,100.0,100.0,9610.5
1648.39,0.0,24321.9,,,,,0.0,0.0,9610.5
1649.39,100.0,24215.9,,,,,100.0,100.0,9586.3
1650.39,0.0,24216.0,,,,,0.0,0.0,9595.3
1651.39,0.0,24301.0,,,,,0.0,0.0,9584.0
1652.39,100.0,24301.0,,,,,100.0,100.0,9594.5
1653.39,0.0,24343.6,,,,,0.0,0.0,9597.1
1654.39,100.0,24343.6,,,,,100.0,100.0,9593.7
1655.39,100.0,24360.6,,,,,100.0,100.0,9601.4
1656.39,0.0,24377.6,,,,,0.0,0.0,9605.7
1657.39,100.0,24449.3,,,,,100.0,100.0,9608.1
1658.39,0.0,24449.3,,,,,0.0,0.0,9608.1
1659.39,100.0,24407.0,,,,,100.0,100.0,9610.9
1660.39,0.0,24407.0,,,,,0.0,0.0,9610.9
1661.39,100.0,24364.5,,,,,100.0,100.0,9611.1
1662.39,0.0,24364.5,,,,,0.0,0.0,9611.1
1663.39,100.0,24321.9,,,,,100.0,100.0,9611.1
1664.39,0.0,24321.9,,,,,0.0,0.0,9611.1
1665.39,100.0,24216.0,,,,,100.0,100.0,9603.6
1666.39,0.0,24258.5,,,,,0.0,0.0,9603.7
1667.39,100.0,24258.5,,,,,100.0,100.0,9590.1
1668.39,0.0,24301.0,,,,,0.0,0.0,9595.2
1669.39,100.0,24322.3,,,,,100.0,100.0,9598.9
1670.39,0.0,24360.6,,,,,0.0,0.0,9603.6
1671.39,100.0,24377.6,,,,,100.0,100.0,9605.9
1672.39,0.0,24377.6,,,,,0.0,0.0,9606.1
1673.39,100.0,24449.3,,,,,100.0,100.0,9608.8
1674.39,0.0,24449.3,,,,,0.0,0.0,9608.8
1675.39,100.0,24407.0,,,,,100.0,100.0,9611.5
1676.39,0.0,24407.0,,,,,0.0,0.0,9611.5
1677.39,100.0,24364.5,,,,,100.0,100.0,9611.6
1678.39,100.0,24321.9,,,,,100.0,100.0,9611.6
1679.39,0.0,24321.9,,,,,0.0,0.0,9611.6
1680.39,100.0,24215.9,,,,,100.0,100.0,9586.0
1681.39,0.0,24216.0,,,,,0.0,0.0,9588.8
1682.39,0.0,24258.5,,,,,0.0,0.0,9596.8
1683.39,100.0,24301.0,,,,,100.0,100.0,9604.8
1684.39,0.0,24343.6,,,,,0.0,0.0,9597.2
1685.39,100.0,24343.6,,,,,100.0,100.0,9598.1
1686.39,0.0,24377.6,,,,,0.0,0.0,9593.2
1687.39,100.0,24377.6,,,,,100.0,100.0,9606.4
1688.39,100.0,24449.3,,,,,100.0,100.0,9609.2
1689.39,0.0,24449.3,,,,,0.0,0.0,9609.2
1690.39,100.0,24407.0,,,,,100.0,100.0,9612.2
1691.39,0.0,24407.0,,,,,0.0,0.0,9612.2
1692.39,100.0,24364.5,,,,,100.0,100.0,9612.3
1693.39,0.0,24364.5,,,,,0.0,0.0,9612.3
1694.39,100.0,24321.9,,,,,100.0,100.0,9612.3
1695.39,0.0,24321.9,,,,,0.0,0.0,9612.3
1696.39,100.0,24215.9,,,,,100.0,100.0,9599.4
1697.39,0.0,24258.5,,,,,0.0,0.0,9604.8
1698.39,100.0,24258.5,,,,,100.0,100.0,9605.8
1699.39,0.0,24301.0,,,,,0.0,0.0,9590.6
1700.39,100.0,24301.0,,,,,100.0,100.0,9593.5
1701.39,0.0,24343.6,,,,,0.0,0.0,9601.5
1702.39,100.0,24377.6,,,,,100.0,100.0,9606.8
1703.39,0.0,24377.6,,,,,0.0,0.0,9607.0
1704.39,100.0,24449.3,,,,,100.0,100.0,9610.0
1705.39,0.0,24449.3,,,,,0.0,0.0,9610.0
1706.39,100.0,24407.0,,,,,100.0,100.0,9612.7
1707.39,0.0,24407.0,,,,,0.0,0.0,9612.7
1708.39,100.0,24364.5,,,,,100.0,100.0,9612.9
1709.39,0.0,24364.5,,,,,0.0,0.0,9612.9
1710.39,100.0,24321.9,,,,,100.0,100.0,9612.9
1711.39,100.0,24215.9,,,,,100.0,100.0,9613.1
1712.39,0.0,24216.0,,,,,0.0,0.0,9588.6
1713.4,0.0,24258.5,,,,,0.0,0.0,9591.4
1714.4,100.0,24258.5,,,,,100.0,100.0,9599.9
1715.4,0.0,24343.6,,,,,0.0,0.0,9607.4
1716.4,100.0,24343.6,,,,,100.0,100.0,9590.2
1717.4,0.0,24377.6,,,,,0.0,0.0,9592.8
1718.4,100.0,24377.6,,,,,100.0,100.0,9607.5
1719.4,0.0,24377.6,,,,,0.0,0.0,9607.5
1720.4,100.0,24449.3,,,,,100.0,100.0,9610.6
1721.4,100.0,24407.0,,,,,100.0,100.0,9613.5
1722.4,0.0,24407.0,,,,,0.0,0.0,9613.5
1723.4,100.0,24364.5,,,,,100.0,100.0,9613.7
1724.4,0.0,24364.5,,,,,0.0,0.0,9613.7
1725.4,100.0,24321.9,,,,,100.0,100.0,9613.7
1726.4,0.0,24321.9,,,,,0.0,0.0,9613.7
1727.4,100.0,24215.9,,,,,100.0,100.0,9591.9
1728.4,0.0,24237.2,,,,,0.0,0.0,9603.3
1729.4,0.0,24301.0,,,,,0.0,0.0,9596.5
1730.4,100.0,24301.0,,,,,100.0,100.0,9598.9
1731.4,100.0,24301.0,,,,,100.0,100.0,9601.7
1732.4,0.0,24343.6,,,,,0.0,0.0,9599.5
1733.4,100.0,24360.6,,,,,100.0,100.0,9604.7
1734.4,0.0,24377.6,,,,,0.0,0.0,9609.0
1735.4,100.0,24449.3,,,,,100.0,100.0,9611.3
1736.4,0.0,24449.3,,,,,0.0,0.0,9611.3
1737.4,100.0,24407.0,,,,,100.0,100.0,9614.2
1738.4,0.0,24407.0,,,,,0.0,0.0,9614.2
1739.4,100.0,24364.5,,,,,100.0,100.0,9614.3
1740.4,0.0,24364.5,,,,,0.0,0.0,9614.3
1741.4,100.0,24321.9,,,,,100.0,100.0,9614.3
1742.4,0.0,24321.9,,,,,0.0,0.0,9614.3
1743.4,100.0,24216.0,,,,,100.0,100.0,9607.1
1744.4,0.0,24258.5,,,,,0.0,0.0,9606.8
1745.4,100.0,24258.5,,,,,100.0,100.0,9594.4
1746.4,0.0,24301.0,,,,,0.0,0.0,9601.8
1747.4,100.0,24343.6,,,,,100.0,100.0,9608.6
1748.4,0.0,24377.6,,,,,0.0,0.0,9608.6
1749.4,100.0,24377.6,,,,,100.0,100.0,9609.3
1750.4,0.0,24377.6,,,,,0.0,0.0,9609.3
1751.4,100.0,24449.3,,,,,100.0,100.0,9611.9
1752.4,0.0,24449.3,,,,,0.0,0.0,9611.9
1753.4,100.0,24407.0,,,,,100.0,100.0,9615.0
1754.4,100.0,24364.5,,,,,100.0,100.0,9615.2
1755.4,0.0,24364.5,,,,,0.0,0.0,9615.2
1756.4,100.0,24321.9,,,,,100.0,100.0,9615.2
1757.4,0.0,24321.9,,,,,0.0,0.0,9615.2
1758.4,100.0,24215.9,,,,,100.0,100.0,9591.3
1759.4,0.0,24216.0,,,,,0.0,0.0,9595.7
1760.4,0.0,24279.8,,,,,0.0,0.0,9605.7
1761.4,100.0,24301.0,,,,,100.0,100.0,9608.7
1762.4,0.0,24343.6,,,,,0.0,0.0,9593.4
1763.4,100.0,24343.6,,,,,100.0,100.0,9596.5
1764.4,100.0,24360.6,,,,,100.0,100.0,9603.0
1765.4,0.0,24377.6,,,,,0.0,0.0,9610.1
1766.4,100.0,24449.3,,,,,100.0,100.0,9612.8
1767.4,0.0,24449.3,,,,,0.0,0.0,9612.8
1768.4,100.0,24407.0,,,,,100.0,100.0,9616.0
1769.4,0.0,24407.0,,,,,0.0,0.0,9616.0
1770.4,100.0,24364.5,,,,,100.0,100.0,9616.2
1771.4,0.0,24364.5,,,,,0.0,0.0,9616.2
1772.4,100.0,24321.9,,,,,100.0,100.0,9616.2
1773.4,0.0,24321.9,,,,,0.0,0.0,9616.2
1774.4,100.0,24216.0,,,,,100.0,100.0,9583.9
1775.4,0.0,24258.5,,,,,0.0,0.0,9587.7
1776.4,100.0,24258.5,,,,,100.0,100.0,9601.6
1777.4,0.0,24301.0,,,,,0.0,0.0,9598.5
1778.4,100.0,24322.3,,,,,100.0,100.0,9592.9
1779.4,0.0,24360.6,,,,,0.0,0.0,9600.6
1780.4,100.0,24377.6,,,,,100.0,100.0,9610.9
1781.4,0.0,24377.6,,,,,0.0,0.0,9611.1
1782.4,100.0,24449.3,,,,,100.0,100.0,9613.8
1783.4,0.0,24449.3,,,,,0.0,0.0,9613.8
1784.4,100.0,24407.0,,,,,100.0,100.0,9616.9
1785.4,0.0,24407.0,,,,,0.0,0.0,9616.9
1786.4,100.0,24364.5,,,,,100.0,100.0,9617.1
1787.4,100.0,24321.9,,,,,100.0,100.0,9617.1
1788.4,0.0,24321.9,,,,,0.0,0.0,9617.1
1789.41,100.0,24215.9,,,,,100.0,100.0,9617.4
1790.41,0.0,24216.0,,,,,0.0,0.0,9594.2
1791.41,0.0,24258.5,,,,,0.0,0.0,9601.8
1792.41,100.0,24279.8,,,,,100.0,100.0,9608.2
1793.41,0.0,24343.6,,,,,0.0,0.0,9611.6
1794.41,100.0,24343.6,,,,,100.0,100.0,9593.5
1795.41,0.0,24377.6,,,,,0.0,0.0,9597.7
1796.41,100.0,24377.6,,,,,100.0,100.0,9612.5
1797.41,100.0,24449.3,,,,,100.0,100.0,9614.9
1798.41,0.0,24449.3,,,,,0.0,0.0,9614.9
1799.41,100.0,24407.0,,,,,100.0,100.0,9617.7
1800.41,0.0,24407.0,,,,,0.0,0.0,9617.7
1801.41,100.0,24364.5,,,,,100.0,100.0,9617.9
1802.41,0.0,24364.5,,,,,0.0,0.0,9617.9
1803.41,100.0,24321.9,,,,,100.0,100.0,9617.9
1804.41,0.0,24321.9,,,,,0.0,0.0,9617.9
1805.41,100.0,24215.9,,,,,100.0,100.0,9600.2
1806.41,0.0,24258.5,,,,,0.0,0.0,9610.4
1807.41,100.0,24258.5,,,,,100.0,100.0,9603.4
1808.41,0.0,24301.0,,,,,0.0,0.0,9604.2
1809.41,100.0,24301.0,,,,,100.0,100.0,9598.9
1810.41,0.0,24360.6,,,,,0.0,0.0,9605.2
1811.41,100.0,24360.6,,,,,100.0,100.0,9608.4
1812.41,0.0,24377.6,,,,,0.0,0.0,9612.9
1813.41,100.0,24449.3,,,,,100.0,100.0,9615.5
1814.41,0.0,24449.3,,,,,0.0,0.0,9615.5
1815.41,100.0,24407.0,,,,,100.0,100.0,9618.2
1816.41,0.0,24407.0,,,,,0.0,0.0,9618.2
1817.41,100.0,24364.5,,,,,100.0,100.0,9618.4
1818.41,0.0,24364.5,,,,,0.0,0.0,9618.4
1819.41,100.0,24321.9,,,,,100.0,100.0,9618.5
1820.41,100.0,24215.9,,,,,100.0,100.0,9618.6
1821.41,0.0,24216.0,,,,,0.0,0.0,9601.9
1822.41,0.0,24258.5,,,,,0.0,0.0,9595.1
1823.41,100.0,24258.5,,,,,100.0,100.0,9599.8
1824.41,0.0,24322.3,,,,,0.0,0.0,9609.7
1825.41,100.0,24343.6,,,,,100.0,100.0,9612.8
1826.41,0.0,24377.6,,,,,0.0,0.0,9595.8
1827.41,100.0,24377.6,,,,,100.0,100.0,9613.5
1828.41,0.0,24377.6,,,,,0.0,0.0,9613.5
1829.41,100.0,24449.3,,,,,100.0,100.0,9616.2
1830.41,100.0,24407.0,,,,,100.0,100.0,9618.7
1831.41,0.0,24407.0,,,,,0.0,0.0,9618.7
1832.41,100.0,24364.5,,,,,100.0,100.0,9618.9
1833.41,0.0,24364.5,,,,,0.0,0.0,9618.9
1834.41,100.0,24321.9,,,,,100.0,100.0,9618.9
1835.41,0.0,24321.9,,,,,0.0,0.0,9618.9
1836.41,100.0,24215.9,,,,,100.0,100.0,9596.1
1837.41,0.0,24237.2,,,,,0.0,0.0,9608.8
1838.41,0.0,24301.0,,,,,0.0,0.0,9612.4
1839.41,100.0,24301.0,,,,,100.0,100.0,9593.3
1840.41,100.0,24301.0,,,,,100.0,100.0,9597.7
1841.41,0.0,24343.6,,,,,0.0,0.0,9600.7
1842.41,100.0,24360.6,,,,,100.0,100.0,9608.6
1843.41,0.0,24377.6,,,,,0.0,0.0,9613.9
1844.41,100.0,24449.3,,,,,100.0,100.0,9616.5
1845.41,0.0,24449.3,,,,,0.0,0.0,9616.5
1846.41,100.0,24407.0,,,,,100.0,100.0,9619.7
1847.41,0.0,24407.0,,,,,0.0,0.0,9619.7
1848.41,100.0,24364.5,,,,,100.0,100.0,9619.9
1849.41,0.0,24364.5,,,,,0.0,0.0,9619.9
1850.41,100.0,24321.9,,,,,100.0,100.0,9619.9
1851.41,0.0,24321.9,,,,,0.0,0.0,9619.9
1852.41,100.0,24216.0,,,,,100.0,100.0,9589.4
1853.41,0.0,24258.5,,,,,0.0,0.0,9595.7
1854.41,100.0,24258.5,,,,,100.0,100.0,9596.9
1855.41,0.0,24301.0,,,,,0.0,0.0,9603.8
1856.41,100.0,24343.6,,,,,100.0,100.0,9602.3
1857.41,0.0,24377.6,,,,,0.0,0.0,9614.1
1858.41,100.0,24377.6,,,,,100.0,100.0,9614.6
1859.41,0.0,24377.6,,,,,0.0,0.0,9614.6
1860.41,100.0,24449.3,,,,,100.0,100.0,9617.7
1861.42,0.0,24449.3,,,,,0.0,0.0,9617.7
1862.42,100.0,24407.0,,,,,100.0,100.0,9620.6
1863.42,100.0,24364.5,,,,,100.0,100.0,9620.8
1864.42,0.0,24364.5,,,,,0.0,0.0,9620.8
1865.42,100.0,24321.9,,,,,100.0,100.0,9620.8
1866.42,0.0,24321.9,,,,,0.0,0.0,9620.8
1867.42,100.0,24215.9,,,,,100.0,100.0,9621.1
1868.42,0.0,24216.0,,,,,0.0,0.0,9599.0
1869.42,0.0,24279.8,,,,,0.0,0.0,9607.8
1870.42,100.0,24301.0,,,,,100.0,100.0,9614.2
1871.42,0.0,24343.6,,,,,0.0,0.0,9615.4
1872.42,100.0,24343.6,,,,,100.0,100.0,9599.7
1873.42,100.0,24343.6,,,,,100.0,100.0,9606.2
1874.42,0.0,24377.6,,,,,0.0,0.0,9616.1
1875.42,100.0,24449.3,,,,,100.0,100.0,9618.5
1876.42,0.0,24449.3,,,,,0.0,0.0,9618.5
1877.42,100.0,24407.0,,,,,100.0,100.0,9621.4
1878.42,0.0,24407.0,,,,,0.0,0.0,9621.4
1879.42,100.0,24364.5,,,,,100.0,100.0,9621.6
1880.42,0.0,24364.5,,,,,0.0,0.0,9621.6
1881.42,100.0,24321.9,,,,,100.0,100.0,9621.6
1882.42,0.0,24321.9,,,,,0.0,0.0,9621.6
1883.42,100.0,24216.0,,,,,100.0,100.0,9613.9
1884.42,0.0,24258.5,,,,,0.0,0.0,9614.0
1885.42,100.0,24258.5,,,,,100.0,100.0,9598.7
1886.42,0.0,24301.0,,,,,0.0,0.0,9601.5
1887.42,100.0,24322.3,,,,,100.0,100.0,9609.4
1888.42,0.0,24377.6,,,,,0.0,0.0,9615.8
1889.42,100.0,24377.6,,,,,100.0,100.0,9616.7
1890.42,0.0,24377.6,,,,,0.0,0.0,9616.7
1891.42,100.0,24449.3,,,,,100.0,100.0,9619.0
1892.42,0.0,24449.3,,,,,0.0,0.0,9619.0
1893.42,100.0,24407.0,,,,,100.0,100.0,9621.7
1894.42,0.0,24407.0,,,,,0.0,0.0,9621.7
1895.42,100.0,24364.5,,,,,100.0,100.0,9621.9
1896.42,100.0,24321.9,,,,,100.0,100.0,9621.9
1897.42,0.0,24321.9,,,,,0.0,0.0,9621.9
1898.42,100.0,24215.9,,,,,100.0,100.0,9591.3
1899.42,0.0,24216.0,,,,,0.0,0.0,9596.7
1900.42,0.0,24258.5,,,,,0.0,0.0,9601.4
1901.42,100.0,24279.8,,,,,100.0,100.0,9611.3
1902.42,0.0,24343.6,,,,,0.0,0.0,9605.3
1903.42,100.0,24343.6,,,,,100.0,100.0,9608.2
1904.42,0.0,24377.6,,,,,0.0,0.0,9602.4
1905.42,100.0,24377.6,,,,,100.0,100.0,9616.8
1906.42,100.0,24449.3,,,,,100.0,100.0,9618.8
1907.42,0.0,24449.3,,,,,0.0,0.0,9619.4
1908.42,100.0,24407.0,,,,,100.0,100.0,9621.9
1909.42,0.0,24407.0,,,,,0.0,0.0,9621.9
1910.42,100.0,24364.5,,,,,100.0,100.0,9622.1
1911.42,0.0,24364.5,,,,,0.0,0.0,9622.1
1912.42,100.0,24321.9,,,,,100.0,100.0,9622.1
1913.42,0.0,24321.9,,,,,0.0,0.0,9622.1
1914.42,100.0,24215.9,,,,,100.0,100.0,9602.5
1915.42,0.0,24258.5,,,,,0.0,0.0,9614.7
1916.42,0.0,24301.0,,,,,0.0,0.0,9615.7
1917.42,100.0,24301.0,,,,,100.0,100.0,9597.3
1918.42,100.0,24301.0,,,,,100.0,100.0,9601.9
1919.42,0.0,24343.6,,,,,0.0,0.0,9608.5
1920.42,100.0,24360.6,,,,,100.0,100.0,9613.8
1921.42,0.0,24377.6,,,,,0.0,0.0,9617.0
1922.42,100.0,24449.3,,,,,100.0,100.0,9619.7
1923.42,0.0,24449.3,,,,,0.0,0.0,9619.7
1924.42,100.0,24407.0,,,,,100.0,100.0,9622.3
1925.42,0.0,24407.0,,,,,0.0,0.0,9622.3
1926.42,100.0,24364.5,,,,,100.0,100.0,9622.5
1927.42,0.0,24364.5,,,,,0.0,0.0,9622.5
1928.42,100.0,24321.9,,,,,100.0,100.0,9622.5
1929.42,100.0,24215.9,,,,,100.0,100.0,9622.5
1930.42,0.0,24216.0,,,,,0.0,0.0,9594.5
1931.42,0.0,24258.5,,,,,0.0,0.0,9598.5
1932.42,100.0,24258.5,,,,,100.0,100.0,9601.9
1933.42,0.0,24322.3,,,,,0.0,0.0,9610.6
1934.42,100.0,24343.6,,,,,100.0,100.0,9606.2
1935.43,0.0,24377.6,,,,,0.0,0.0,9609.2
1936.43,100.0,24377.6,,,,,100.0,100.0,9616.9
1937.43,0.0,24377.6,,,,,0.0,0.0,9616.9
1938.43,100.0,24449.3,,,,,100.0,100.0,9620.0
1939.43,100.0,24406.9,,,,,100.0,100.0,9622.5
1940.43,0.0,24407.0,,,,,0.0,0.0,9622.7
1941.43,100.0,24364.5,,,,,100.0,100.0,9622.9
1942.43,0.0,24364.5,,,,,0.0,0.0,9622.9
1943.43,100.0,24321.9,,,,,100.0,100.0,9622.9
1944.43,0.0,24321.9,,,,,0.0,0.0,9622.9
1945.43,100.0,24215.9,,,,,100.0,100.0,9598.6
1946.43,0.0,24216.0,,,,,0.0,0.0,9609.0
1947.43,0.0,24301.0,,,,,0.0,0.0,9605.2
1948.43,100.0,24301.0,,,,,100.0,100.0,9608.2
1949.43,0.0,24343.6,,,,,0.0,0.0,9611.6
1950.43,100.0,24360.6,,,,,100.0,100.0,9609.1
1951.43,100.0,24360.6,,,,,100.0,100.0,9611.7
1952.43,0.0,24377.6,,,,,0.0,0.0,9618.3
1953.43,100.0,24449.3,,,,,100.0,100.0,9620.7
1954.43,0.0,24449.3,,,,,0.0,0.0,9620.7
1955.43,100.0,24407.0,,,,,100.0,100.0,9623.4
1956.43,0.0,24407.0,,,,,0.0,0.0,9623.4
1957.43,100.0,24364.5,,,,,100.0,100.0,9623.6
1958.43,0.0,24364.5,,,,,0.0,0.0,9623.6
1959.43,100.0,24321.9,,,,,100.0,100.0,9623.6
1960.43,0.0,24321.9,,,,,0.0,0.0,9623.6
1961.43,100.0,24216.0,,,,,100.0,100.0,9616.3
1962.43,0.0,24258.5,,,,,0.0,0.0,9616.5
1963.43,100.0,24258.5,,,,,100.0,100.0,9602.2
1964.43,0.0,24301.0,,,,,0.0,0.0,9606.2
1965.43,100.0,24322.3,,,,,100.0,100.0,9615.4
1966.43,0.0,24377.6,,,,,0.0,0.0,9618.0
1967.43,100.0,24377.6,,,,,100.0,100.0,9619.0
1968.43,0.0,24377.6,,,,,0.0,0.0,9619.0
1969.43,100.0,24449.3,,,,,100.0,100.0,9621.3
1970.43,0.0,24449.3,,,,,0.0,0.0,9621.3
1971.43,100.0,24407.0,,,,,100.0,100.0,9624.0
1972.43,0.0,24407.0,,,,,0.0,0.0,9624.0
1973.43,100.0,24364.5,,,,,100.0,100.0,9624.2
1974.43,100.0,24321.9,,,,,100.0,100.0,9624.2
1975.43,0.0,24321.9,,,,,0.0,0.0,9624.2
1976.43,100.0,24215.9,,,,,100.0,100.0,9597.6
1977.43,0.0,24216.0,,,,,0.0,0.0,9600.3
1978.43,0.0,24258.5,,,,,0.0,0.0,9608.7
1979.43,100.0,24301.0,,,,,100.0,100.0,9617.6
1980.43,0.0,24343.6,,,,,0.0,0.0,9596.3
1981.43,100.0,24343.6,,,,,100.0,100.0,9618.7
1982.43,0.0,24377.6,,,,,0.0,0.0,9605.8
1983.43,100.0,24377.6,,,,,100.0,100.0,9618.7
1984.43,100.0,24449.3,,,,,100.0,100.0,9621.8
1985.43,0.0,24449.3,,,,,0.0,0.0,9621.8
1986.43,100.0,24407.0,,,,,100.0,100.0,9624.3
1987.43,0.0,24407.0,,,,,0.0,0.0,9624.3
1988.43,100.0,24364.5,,,,,100.0,100.0,9624.4
1989.43,0.0,24364.5,,,,,0.0,0.0,9624.4
1990.43,100.0,24321.9,,,,,100.0,100.0,9624.4
1991.43,0.0,24321.9,,,,,0.0,0.0,9624.4
1992.43,100.0,24198.9,,,,,100.0,100.0,9613.2
1993.43,0.0,24258.5,,,,,0.0,0.0,9617.3
1994.43,100.0,24258.5,,,,,100.0,100.0,9618.2
1995.43,0.0,24301.0,,,,,0.0,0.0,9602.6
1996.43,100.0,24301.0,,,,,100.0,100.0,9608.1
1997.43,0.0,24360.6,,,,,0.0,0.0,9613.2
1998.43,100.0,24360.6,,,,,100.0,100.0,9618.6
1999.43,0.0,24377.6,,,,,0.0,0.0,9619.6
2000.43,100.0,24449.3,,,,,100.0,100.0,9622.2
2001.43,0.0,24449.3,,,,,0.0,0.0,9622.2
2002.43,100.0,24407.0,,,,,100.0,100.0,9624.8
2003.43,0.0,24407.0,,,,,0.0,0.0,9624.8
2004.43,100.0,24364.5,,,,,100.0,100.0,9625.0
2005.43,0.0,24364.5,,,,,0.0,0.0,9625.0
2006.43,100.0,24321.9,,,,,100.0,100.0,9625.0
2007.43,100.0,24215.9,,,,,100.0,100.0,9625.2
2008.43,0.0,24216.0,,,,,0.0,0.0,9599.7
2009.43,0.0,24258.5,,,,,0.0,0.0,9602.4
2010.44,100.0,24258.5,,,,,100.0,100.0,9613.0
2011.44,0.0,24343.6,,,,,0.0,0.0,9619.3
2012.44,100.0,24343.6,,,,,100.0,100.0,9598.7
2013.44,0.0,24377.6,,,,,0.0,0.0,9612.0
2014.44,100.0,24377.6,,,,,100.0,100.0,9620.5
2015.44,0.0,24377.6,,,,,0.0,0.0,9620.5
2016.44,100.0,24449.3,,,,,100.0,100.0,9622.8
2017.44,100.0,24407.0,,,,,100.0,100.0,9625.3
2018.44,0.0,24407.0,,,,,0.0,0.0,9625.3
2019.44,100.0,24364.5,,,,,100.0,100.0,9625.5
2020.44,0.0,24364.5,,,,,0.0,0.0,9625.5
2021.44,100.0,24321.9,,,,,100.0,100.0,9625.5
2022.44,0.0,24321.9,,,,,0.0,0.0,9625.5
2023.44,100.0,24215.9,,,,,100.0,100.0,9602.5
2024.44,0.0,24258.5,,,,,0.0,0.0,9617.8
2025.44,0.0,24301.0,,,,,0.0,0.0,9596.0
2026.44,100.0,24301.0,,,,,100.0,100.0,9625.4
2027.44,100.0,24301.0,,,,,100.0,100.0,9605.4
2028.44,0.0,24343.6,,,,,0.0,0.0,9609.7
2029.44,100.0,24343.6,,,,,100.0,100.0,9610.6
2030.44,0.0,24377.6,,,,,0.0,0.0,9626.3
2031.44,100.0,24449.3,,,,,100.0,100.0,9629.3
2032.44,0.0,24449.3,,,,,0.0,0.0,9629.3
2033.44,100.0,24407.0,,,,,100.0,100.0,9632.1
2034.44,0.0,24407.0,,,,,0.0,0.0,9632.1
2035.44,100.0,24364.5,,,,,100.0,100.0,9632.3
2036.44,0.0,24364.5,,,,,0.0,0.0,9632.3
2037.44,100.0,24321.9,,,,,100.0,100.0,9632.3
2038.44,0.0,24321.9,,,,,0.0,0.0,9632.3
2039.44,100.0,24216.0,,,,,100.0,100.0,9625.1
2040.44,0.0,24258.5,,,,,0.0,0.0,9610.4
2041.44,100.0,24258.5,,,,,100.0,100.0,9613.2
2042.44,0.0,24301.0,,,,,0.0,0.0,9619.1
2043.44,100.0,24343.6,,,,,100.0,100.0,9627.1
2044.44,0.0,24377.6,,,,,0.0,0.0,9609.4
2045.44,100.0,24377.6,,,,,100.0,100.0,9628.0
2046.44,0.0,24377.6,,,,,0.0,0.0,9628.0
2047.44,100.0,24449.3,,,,,100.0,100.0,9630.3
2048.44,0.0,24449.3,,,,,0.0,0.0,9630.3
2049.44,100.0,24407.0,,,,,100.0,100.0,9633.1
2050.44,100.0,24364.5,,,,,100.0,100.0,9633.2
2051.44,0.0,24364.5,,,,,0.0,0.0,9633.2
2052.44,100.0,24321.9,,,,,100.0,100.0,9633.2
2053.44,0.0,24321.9,,,,,0.0,0.0,9633.2
2054.44,100.0,24215.9,,,,,100.0,100.0,9610.2
2055.44,0.0,24216.0,,,,,0.0,0.0,9613.5
2056.44,0.0,24279.8,,,,,0.0,0.0,9624.3
2057.44,100.0,24301.0,,,,,100.0,100.0,9605.7
2058.44,0.0,24343.6,,,,,0.0,0.0,9611.6
2059.44,100.0,24343.6,,,,,100.0,100.0,9612.9
2060.44,100.0,24343.6,,,,,100.0,100.0,9617.9
2061.44,0.0,24377.6,,,,,0.0,0.0,9627.9
2062.44,100.0,24449.3,,,,,100.0,100.0,9630.9
2063.44,0.0,24449.3,,,,,0.0,0.0,9630.9
2064.44,100.0,24407.0,,,,,100.0,100.0,9633.5
2065.44,0.0,24407.0,,,,,0.0,0.0,9633.5
2066.44,100.0,24364.5,,,,,100.0,100.0,9633.7
2067.44,0.0,24364.5,,,,,0.0,0.0,9633.7
2068.44,100.0,24321.9,,,,,100.0,100.0,9633.7
2069.44,0.0,24321.9,,,,,0.0,0.0,9633.7
2070.44,100.0,24216.0,,,,,100.0,100.0,9606.5
2071.44,0.0,24258.5,,,,,0.0,0.0,9618.3
2072.44,100.0,24258.5,,,,,100.0,100.0,9619.9
2073.44,0.0,24301.0,,,,,0.0,0.0,9615.5
2074.44,100.0,24322.3,,,,,100.0,100.0,9614.3
2075.44,0.0,24377.6,,,,,0.0,0.0,9628.1
2076.44,100.0,24377.6,,,,,100.0,100.0,9629.0
2077.44,0.0,24377.6,,,,,0.0,0.0,9629.0
2078.44,100.0,24449.3,,,,,100.0,100.0,9631.6
2079.44,0.0,24449.3,,,,,0.0,0.0,9631.6
2080.44,100.0,24407.0,,,,,100.0,100.0,9633.9
2081.44,0.0,24407.0,,,,,0.0,0.0,9633.9
2082.44,100.0,24364.5,,,,,100.0,100.0,9634.1
2083.44,100.0,24321.9,,,,,100.0,100.0,9634.1
2084.45,0.0,24321.9,,,,,0.0,0.0,9634.1
2085.45,100.0,24215.9,,,,,100.0,100.0,9634.4
2086.45,0.0,24216.0,,,,,0.0,0.0,9611.8
2087.45,0.0,24258.5,,,,,0.0,0.0,9615.8
2088.45,100.0,24301.0,,,,,100.0,100.0,9627.2
2089.45,0.0,24343.6,,,,,0.0,0.0,9628.4
2090.45,100.0,24343.6,,,,,100.0,100.0,9612.4
2091.45,0.0,24377.6,,,,,0.0,0.0,9616.0
2092.45,100.0,24377.6,,,,,100.0,100.0,9629.4
2093.45,100.0,24449.3,,,,,100.0,100.0,9631.8
2094.45,0.0,24449.3,,,,,0.0,0.0,9631.8
2095.45,100.0,24407.0,,,,,100.0,100.0,9634.2
2096.45,0.0,24407.0,,,,,0.0,0.0,9634.2
2097.45,100.0,24364.5,,,,,100.0,100.0,9634.4
2098.45,0.0,24364.5,,,,,0.0,0.0,9634.4
2099.45,100.0,24321.9,,,,,100.0,100.0,9634.5
2100.45,0.0,24321.9,,,,,0.0,0.0,9634.5
2101.45,100.0,24215.9,,,,,100.0,100.0,9617.4
2102.45,0.0,24258.5,,,,,0.0,0.0,9626.8
2103.45,100.0,24258.5,,,,,100.0,100.0,9607.8
2104.45,0.0,24301.0,,,,,0.0,0.0,9610.9
2105.45,100.0,24301.0,,,,,100.0,100.0,9615.3
2106.45,0.0,24343.6,,,,,0.0,0.0,9618.1
2107.45,100.0,24360.6,,,,,100.0,100.0,9629.1
2108.45,0.0,24377.6,,,,,0.0,0.0,9629.8
2109.45,100.0,24449.3,,,,,100.0,100.0,9632.1
2110.45,0.0,24449.3,,,,,0.0,0.0,9632.1
2111.45,100.0,24407.0,,,,,100.0,100.0,9634.9
2112.45,0.0,24407.0,,,,,0.0,0.0,9634.9
2113.45,100.0,24364.5,,,,,100.0,100.0,9635.0
2114.45,0.0,24364.5,,,,,0.0,0.0,9635.0
2115.45,100.0,24321.9,,,,,100.0,100.0,9635.0
2116.45,100.0,24215.9,,,,,100.0,100.0,9635.2
2117.45,0.0,24216.0,,,,,0.0,0.0,9627.9
2118.45,0.0,24258.5,,,,,0.0,0.0,9612.8
2119.45,100.0,24258.5,,,,,100.0,100.0,9617.1
2120.45,0.0,24322.3,,,,,0.0,0.0,9626.7
2121.45,100.0,24343.6,,,,,100.0,100.0,9629.5
2122.45,0.0,24377.6,,,,,0.0,0.0,9613.9
2123.45,100.0,24377.6,,,,,100.0,100.0,9630.1
2124.45,0.0,24377.6,,,,,0.0,0.0,9630.1
2125.45,100.0,24449.3,,,,,100.0,100.0,9632.7
2126.45,100.0,24407.0,,,,,100.0,100.0,9635.2
2127.45,0.0,24407.0,,,,,0.0,0.0,9635.2
2128.45,100.0,24364.5,,,,,100.0,100.0,9635.4
2129.45,0.0,24364.5,,,,,0.0,0.0,9635.4
2130.45,100.0,24321.9,,,,,100.0,100.0,9635.4
2131.45,0.0,24321.9,,,,,0.0,0.0,9635.4
2132.45,100.0,24215.9,,,,,100.0,100.0,9613.9
2133.45,0.0,24216.0,,,,,0.0,0.0,9622.6
2134.45,0.0,24301.0,,,,,0.0,0.0,9628.8
2135.45,100.0,24301.0,,,,,100.0,100.0,9610.7
2136.45,100.0,24301.0,,,,,100.0,100.0,9614.5
2137.45,0.0,24343.6,,,,,0.0,0.0,9619.4
2138.45,100.0,24360.6,,,,,100.0,100.0,9623.8
2139.45,0.0,24377.6,,,,,0.0,0.0,9630.4
2140.45,100.0,24449.3,,,,,100.0,100.0,9632.9
2141.45,0.0,24449.3,,,,,0.0,0.0,9632.9
2142.45,100.0,24407.0,,,,,100.0,100.0,9635.6
2143.45,0.0,24407.0,,,,,0.0,0.0,9635.6
2144.45,100.0,24364.5,,,,,100.0,100.0,9635.8
2145.45,0.0,24364.5,,,,,0.0,0.0,9635.8
2146.45,100.0,24321.9,,,,,100.0,100.0,9635.8
2147.45,0.0,24321.9,,,,,0.0,0.0,9635.8
2148.45,100.0,24216.0,,,,,100.0,100.0,9605.6
2149.45,0.0,24258.5,,,,,0.0,0.0,9611.1
2150.45,100.0,24258.5,,,,,100.0,100.0,9618.0
2151.45,0.0,24301.0,,,,,0.0,0.0,9619.1
2152.45,100.0,24322.3,,,,,100.0,100.0,9615.6
2153.45,0.0,24377.6,,,,,0.0,0.0,9622.0
2154.45,100.0,24377.6,,,,,100.0,100.0,9630.5
2155.45,0.0,24377.6,,,,,0.0,0.0,9630.5
2156.45,100.0,24449.3,,,,,100.0,100.0,9633.5
2157.46,0.0,24449.3,,,,,0.0,0.0,9633.5
2158.46,100.0,24407.0,,,,,100.0,100.0,9636.1
2159.46,100.0,24364.5,,,,,100.0,100.0,9636.3
2160.46,0.0,24364.5,,,,,0.0,0.0,9636.3
2161.46,100.0,24321.9,,,,,100.0,100.0,9636.3
2162.46,0.0,24321.9,,,,,0.0,0.0,9636.3
2163.46,100.0,24215.9,,,,,100.0,100.0,9636.6
2164.46,0.0,24216.0,,,,,0.0,0.0,9615.9
2165.46,0.0,24258.5,,,,,0.0,0.0,9622.6
2166.46,100.0,24301.0,,,,,100.0,100.0,9629.9
2167.46,0.0,24343.6,,,,,0.0,0.0,9631.0
2168.46,100.0,24343.6,,,,,100.0,100.0,9615.3
2169.46,100.0,24343.0,,,,,100.0,100.0,9620.1
2170.46,0.0,24377.6,,,,,0.0,0.0,9632.0
2171.46,100.0,24449.3,,,,,100.0,100.0,9634.4
2172.46,0.0,24449.3,,,,,0.0,0.0,9634.4
2173.46,100.0,24407.0,,,,,100.0,100.0,9636.7
2174.46,0.0,24407.0,,,,,0.0,0.0,9636.7
2175.46,100.0,24364.5,,,,,100.0,100.0,9636.9
2176.46,0.0,24364.5,,,,,0.0,0.0,9636.9
2177.46,100.0,24321.9,,,,,100.0,100.0,9636.9
2178.46,0.0,24321.9,,,,,0.0,0.0,9636.9
2179.46,100.0,24198.9,,,,,100.0,100.0,9627.7
2180.46,0.0,24258.5,,,,,0.0,0.0,9629.5
2181.46,100.0,24258.5,,,,,100.0,100.0,9613.7
2182.46,0.0,24301.0,,,,,0.0,0.0,9614.9
2183.46,100.0,24301.0,,,,,100.0,100.0,9619.6
2184.46,0.0,24360.6,,,,,0.0,0.0,9629.1
2185.46,100.0,24377.6,,,,,100.0,100.0,9631.9
2186.46,0.0,24377.6,,,,,0.0,0.0,9632.2
2187.46,100.0,24449.3,,,,,100.0,100.0,9634.6
2188.46,0.0,24449.3,,,,,0.0,0.0,9634.6
2189.46,100.0,24407.0,,,,,100.0,100.0,9636.9
2190.46,0.0,24407.0,,,,,0.0,0.0,9636.9
2191.46,100.0,24364.5,,,,,100.0,100.0,9637.1
2192.46,100.0,24321.9,,,,,100.0,100.0,9637.1
2193.46,0.0,24321.9,,,,,0.0,0.0,9637.1
2194.46,100.0,24215.9,,,,,100.0,100.0,9630.1
2195.46,0.0,24216.0,,,,,0.0,0.0,9612.8
2196.46,0.0,24258.5,,,,,0.0,0.0,9616.9
2197.46,100.0,24258.5,,,,,100.0,100.0,9626.0
2198.46,0.0,24343.6,,,,,0.0,0.0,9621.3
2199.46,100.0,24343.6,,,,,100.0,100.0,9623.6
2200.46,0.0,24377.6,,,,,0.0,0.0,9618.5
2201.46,100.0,24377.6,,,,,100.0,100.0,9632.1
2202.46,100.0,24343.6,,,,,100.0,100.0,9632.7
2203.46,0.0,24449.3,,,,,0.0,0.0,9635.0
2204.46,100.0,24407.0,,,,,100.0,100.0,9637.4
2205.46,0.0,24407.0,,,,,0.0,0.0,9637.4
2206.46,100.0,24364.5,,,,,100.0,100.0,9637.6
2207.46,0.0,24364.5,,,,,0.0,0.0,9637.6
2208.46,100.0,24321.9,,,,,100.0,100.0,9637.6
2209.46,0.0,24321.9,,,,,0.0,0.0,9637.6
2210.46,100.0,24215.9,,,,,100.0,100.0,9617.9
2211.46,0.0,24258.5,,,,,0.0,0.0,9630.3
2212.46,0.0,24301.0,,,,,0.0,0.0,9631.4
2213.46,100.0,24301.0,,,,,100.0,100.0,9615.9
2214.46,100.0,24301.0,,,,,100.0,100.0,9619.0
2215.46,0.0,24360.6,,,,,0.0,0.0,9627.4
2216.46,100.0,24377.6,,,,,100.0,100.0,9632.6
2217.46,0.0,24377.6,,,,,0.0,0.0,9632.9
2218.46,100.0,24449.3,,,,,100.0,100.0,9635.5
2219.46,0.0,24449.3,,,,,0.0,0.0,9635.5
2220.46,100.0,24407.0,,,,,100.0,100.0,9637.7
2221.46,0.0,24407.0,,,,,0.0,0.0,9637.7
2222.46,100.0,24364.5,,,,,100.0,100.0,9637.9
2223.46,0.0,24364.5,,,,,0.0,0.0,9637.9
2224.46,100.0,24321.9,,,,,100.0,100.0,9637.9
2225.46,100.0,24215.9,,,,,100.0,100.0,9638.0
2226.46,0.0,24216.0,,,,,0.0,0.0,9611.1
2227.46,0.0,24258.5,,,,,0.0,0.0,9614.6
2228.46,100.0,24258.5,,,,,100.0,100.0,9618.4
2229.46,0.0,24322.3,,,,,0.0,0.0,9627.0
2230.46,100.0,24322.3,,,,,100.0,100.0,9620.0
2231.47,0.0,24377.6,,,,,0.0,0.0,9624.8
2232.47,100.0,24377.6,,,,,100.0,100.0,9632.7
2233.47,0.0,24377.6,,,,,0.0,0.0,9632.7
2234.47,100.0,24449.3,,,,,100.0,100.0,9635.8
2235.47,100.0,24406.9,,,,,100.0,100.0,9637.9
2236.47,0.0,24407.0,,,,,0.0,0.0,9638.1
2237.47,100.0,24364.5,,,,,100.0,100.0,9638.2
2238.47,0.0,24364.5,,,,,0.0,0.0,9638.2
2239.47,100.0,24321.9,,,,,100.0,100.0,9638.2
2240.47,0.0,24321.9,,,,,0.0,0.0,9638.2
2241.47,100.0,24215.9,,,,,100.0,100.0,9638.5
2242.47,0.0,24216.0,,,,,0.0,0.0,9622.2
2243.47,0.0,24279.8,,,,,0.0,0.0,9629.4
2244.47,100.0,24301.0,,,,,100.0,100.0,9631.8
2245.47,0.0,24343.6,,,,,0.0,0.0,9632.9
2246.47,100.0,24343.6,,,,,100.0,100.0,9618.9
2247.47,100.0,24343.6,,,,,100.0,100.0,9624.3
2248.47,0.0,24377.6,,,,,0.0,0.0,9633.8
2249.47,100.0,24449.3,,,,,100.0,100.0,9636.1
2250.47,0.0,24449.3,,,,,0.0,0.0,9636.1
2251.47,100.0,24407.0,,,,,100.0,100.0,9638.5
2252.47,0.0,24407.0,,,,,0.0,0.0,9638.5
2253.47,100.0,24364.5,,,,,100.0,100.0,9638.6
2254.47,0.0,24364.5,,,,,0.0,0.0,9638.6
2255.47,100.0,24321.9,,,,,100.0,100.0,9638.6
2256.47,0.0,24321.9,,,,,0.0,0.0,9638.6
2257.47,100.0,24216.0,,,,,100.0,100.0,9631.5
2258.47,0.0,24258.5,,,,,0.0,0.0,9614.9
2259.47,100.0,24258.5,,,,,100.0,100.0,9617.0
2260.47,0.0,24301.0,,,,,0.0,0.0,9619.3
2261.47,100.0,24301.0,,,,,100.0,100.0,9629.1
2262.47,0.0,24377.6,,,,,0.0,0.0,9612.6
2263.47,100.0,24377.6,,,,,100.0,100.0,9634.2
2264.47,0.0,24377.6,,,,,0.0,0.0,9634.2
2265.47,100.0,24449.3,,,,,100.0,100.0,9636.6
2266.47,0.0,24449.3,,,,,0.0,0.0,9636.6
2267.47,100.0,24407.0,,,,,100.0,100.0,9638.9
2268.47,0.0,24407.0,,,,,0.0,0.0,9638.9
2269.47,100.0,24364.5,,,,,100.0,100.0,9639.1
2270.47,100.0,24321.9,,,,,100.0,100.0,9639.1
2271.47,0.0,24321.9,,,,,0.0,0.0,9639.1
2272.47,100.0,24215.9,,,,,100.0,100.0,9613.6
2273.47,0.0,24216.0,,,,,0.0,0.0,9616.2
2274.47,0.0,24258.5,,,,,0.0,0.0,9621.8
2275.47,100.0,24301.0,,,,,100.0,100.0,9625.7
2276.47,0.0,24343.6,,,,,0.0,0.0,9633.7
2277.47,100.0,24343.6,,,,,100.0,100.0,9634.0
2278.47,0.0,24377.6,,,,,0.0,0.0,9621.0
2279.47,100.0,24377.6,,,,,100.0,100.0,9634.3
2280.47,100.0,24449.3,,,,,100.0,100.0,9637.0
2281.47,0.0,24449.3,,,,,0.0,0.0,9637.0
2282.47,100.0,24407.0,,,,,100.0,100.0,9639.3
2283.47,0.0,24407.0,,,,,0.0,0.0,9639.3
2284.47,100.0,24364.5,,,,,100.0,100.0,9639.5
2285.47,0.0,24364.5,,,,,0.0,0.0,9639.5
2286.47,100.0,24321.9,,,,,100.0,100.0,9639.5
2287.47,0.0,24321.9,,,,,0.0,0.0,9639.5
2288.47,100.0,24198.9,,,,,100.0,100.0,9628.2
2289.47,0.0,24258.5,,,,,0.0,0.0,9631.9
2290.47,100.0,24258.5,,,,,100.0,100.0,9633.0
2291.47,0.0,24301.0,,,,,0.0,0.0,9618.6
2292.47,100.0,24301.0,,,,,100.0,100.0,9625.2
2293.47,0.0,24360.6,,,,,0.0,0.0,9632.1
2294.47,100.0,24377.6,,,,,100.0,100.0,9633.8
2295.47,0.0,24377.6,,,,,0.0,0.0,9633.9
2296.47,100.0,24449.3,,,,,100.0,100.0,9637.0
2297.47,0.0,24449.3,,,,,0.0,0.0,9637.0
2298.47,100.0,24407.0,,,,,100.0,100.0,9639.2
2299.47,0.0,24407.0,,,,,0.0,0.0,9639.2
2300.47,100.0,24364.5,,,,,100.0,100.0,9639.4
2301.47,100.0,24321.9,,,,,100.0,100.0,9639.4
2302.47,0.0,24321.9,,,,,0.0,0.0,9639.4
2303.47,100.0,24215.9,,,,,100.0,100.0,9639.8
2304.47,0.0,24216.0,,,,,0.0,0.0,9615.8
2305.47,0.0,24258.5,,,,,0.0,0.0,9618.7
2306.48,100.0,24279.8,,,,,100.0,100.0,9627.0
2307.48,0.0,24322.3,,,,,0.0,0.0,9632.0
2308.48,100.0,24343.6,,,,,100.0,100.0,9626.7
2309.48,0.0,24377.6,,,,,0.0,0.0,9628.4
2310.48,100.0,24377.6,,,,,100.0,100.0,9635.2
2311.48,0.0,24377.6,,,,,0.0,0.0,9635.2
2312.48,100.0,24449.3,,,,,100.0,100.0,9637.5
2313.48,100.0,24407.0,,,,,100.0,100.0,9639.8
2314.48,0.0,24407.0,,,,,0.0,0.0,9639.8
2315.48,100.0,24364.5,,,,,100.0,100.0,9640.0
2316.48,0.0,24364.5,,,,,0.0,0.0,9640.0
2317.48,100.0,24321.9,,,,,100.0,100.0,9640.0
2318.48,0.0,24321.9,,,,,0.0,0.0,9640.0
2319.48,100.0,24215.9,,,,,100.0,100.0,9619.0
2320.48,0.0,24237.2,,,,,0.0,0.0,9630.3
2321.48,0.0,24301.0,,,,,0.0,0.0,9622.7
2322.48,100.0,24301.0,,,,,100.0,100.0,9624.8
2323.48,100.0,24301.0,,,,,100.0,100.0,9619.5
2324.48,0.0,24343.6,,,,,0.0,0.0,9625.0
2325.48,100.0,24377.6,,,,,100.0,100.0,9635.0
2326.48,0.0,24377.6,,,,,0.0,0.0,9635.4
2327.48,100.0,24449.3,,,,,100.0,100.0,9637.8
2328.48,0.0,24449.3,,,,,0.0,0.0,9637.8
2329.48,100.0,24407.0,,,,,100.0,100.0,9640.1
2330.48,0.0,24407.0,,,,,0.0,0.0,9640.1
2331.48,100.0,24364.5,,,,,100.0,100.0,9640.3
2332.48,0.0,24364.5,,,,,0.0,0.0,9640.3
2333.48,100.0,24321.9,,,,,100.0,100.0,9640.3
2334.48,100.0,24216.0,,,,,100.0,100.0,9640.4
2335.48,1.35,24216.0,,,,,1.35,1.35,9633.0
2336.48,0.0,24258.5,,,,,0.0,0.0,9617.8
2337.48,100.0,24258.5,,,,,100.0,100.0,9620.2
2338.48,0.0,24301.0,,,,,0.0,0.0,9628.2
2339.48,100.0,24343.6,,,,,100.0,100.0,9634.8
2340.48,0.0,24377.6,,,,,0.0,0.0,9617.4
2341.48,100.0,24377.6,,,,,100.0,100.0,9635.7
2342.48,0.0,24377.6,,,,,0.0,0.0,9635.7
2343.48,100.0,24449.3,,,,,100.0,100.0,9638.0
2344.48,0.0,24449.3,,,,,0.0,0.0,9638.0
2345.48,100.0,24407.0,,,,,100.0,100.0,9640.2
2346.48,100.0,24364.5,,,,,100.0,100.0,9640.4
2347.48,0.0,24364.5,,,,,0.0,0.0,9640.4
2348.48,100.0,24321.9,,,,,100.0,100.0,9640.5
2349.48,0.0,24321.9,,,,,0.0,0.0,9640.5
2350.48,100.0,24215.9,,,,,100.0,100.0,9617.2
2351.48,0.0,24216.0,,,,,0.0,0.0,9621.6
2352.48,0.0,24301.0,,,,,0.0,0.0,9633.9
2353.48,100.0,24301.0,,,,,100.0,100.0,9613.0
2354.48,0.0,24343.6,,,,,0.0,0.0,9617.3
2355.48,100.0,24343.6,,,,,100.0,100.0,9620.1
2356.48,100.0,24343.6,,,,,100.0,100.0,9624.9
2357.48,0.0,24377.6,,,,,0.0,0.0,9635.3
2358.48,100.0,24449.3,,,,,100.0,100.0,9638.3
2359.48,0.0,24449.3,,,,,0.0,0.0,9638.3
2360.48,100.0,24407.0,,,,,100.0,100.0,9640.7
2361.48,0.0,24407.0,,,,,0.0,0.0,9640.7
2362.48,100.0,24364.5,,,,,100.0,100.0,9640.8
2363.48,0.0,24364.5,,,,,0.0,0.0,9640.8
2364.48,100.0,24321.9,,,,,100.0,100.0,9640.8
2365.48,0.0,24321.9,,,,,0.0,0.0,9640.8
2366.48,100.0,24216.0,,,,,100.0,100.0,9609.7
2367.48,0.0,24258.5,,,,,0.0,0.0,9615.9
2368.48,100.0,24258.5,,,,,100.0,100.0,9625.8
2369.48,0.0,24301.0,,,,,0.0,0.0,9622.6
2370.48,100.0,24301.0,,,,,100.0,100.0,9632.2
2371.48,0.0,24377.6,,,,,0.0,0.0,9635.5
2372.48,100.0,24377.6,,,,,100.0,100.0,9635.7
2373.48,0.0,24377.6,,,,,0.0,0.0,9635.7
2374.48,100.0,24449.3,,,,,100.0,100.0,9638.7
2375.48,0.0,24449.3,,,,,0.0,0.0,9638.7
2376.48,100.0,24407.0,,,,,100.0,100.0,9641.1
2377.48,0.0,24407.0,,,,,0.0,0.0,9641.1
2378.48,100.0,24364.5,,,,,100.0,100.0,9641.3
2379.48,100.0,24321.9,,,,,100.0,100.0,9641.3
2380.48,0.0,24321.9,,,,,0.0,0.0,9641.3
2381.49,100.0,24215.9,,,,,100.0,100.0,9641.6
2382.49,0.0,24216.0,,,,,0.0,0.0,9619.6
2383.49,0.0,24258.5,,,,,0.0,0.0,9625.9
2384.49,100.0,24301.0,,,,,100.0,100.0,9634.6
2385.49,0.0,24343.6,,,,,0.0,0.0,9635.9
2386.49,100.0,24343.6,,,,,100.0,100.0,9619.6
2387.49,0.0,24377.6,,,,,0.0,0.0,9622.1
2388.49,100.0,24377.6,,,,,100.0,100.0,9636.7
2389.49,100.0,24449.3,,,,,100.0,100.0,9639.1
2390.49,0.0,24449.3,,,,,0.0,0.0,9639.1
2391.49,100.0,24407.0,,,,,100.0,100.0,9641.4
2392.49,0.0,24407.0,,,,,0.0,0.0,9641.4
2393.49,100.0,24364.5,,,,,100.0,100.0,9641.6
2394.49,0.0,24364.5,,,,,0.0,0.0,9641.6
2395.49,100.0,24321.9,,,,,100.0,100.0,9641.6
2396.49,0.0,24321.9,,,,,0.0,0.0,9641.6
2397.49,100.0,24198.9,,,,,100.0,100.0,9630.6
2398.49,0.0,24258.5,,,,,0.0,0.0,9634.4
2399.49,100.0,24258.5,,,,,100.0,100.0,9616.7
2400.49,0.0,24301.0,,,,,0.0,0.0,9621.2
2401.49,100.0,24322.3,,,,,100.0,100.0,9629.4
2402.49,0.0,24360.6,,,,,0.0,0.0,9630.3
2403.49,100.0,24360.6,,,,,100.0,100.0,9634.9
2404.49,0.0,24377.6,,,,,0.0,0.0,9636.9
2405.49,100.0,24449.3,,,,,100.0,100.0,9639.5
2406.49,0.0,24449.3,,,,,0.0,0.0,9639.5
2407.49,100.0,24407.0,,,,,100.0,100.0,9641.5
2408.49,0.0,24407.0,,,,,0.0,0.0,9641.5
2409.49,100.0,24364.5,,,,,100.0,100.0,9641.7
2410.49,100.0,24321.9,,,,,100.0,100.0,9641.7
2411.49,0.0,24321.9,,,,,0.0,0.0,9641.7
2412.49,100.0,24215.9,,,,,100.0,100.0,9641.9
2413.49,0.0,24216.0,,,,,0.0,0.0,9616.5
2414.49,0.0,24258.5,,,,,0.0,0.0,9620.8
2415.49,100.0,24258.5,,,,,100.0,100.0,9629.6
2416.49,0.0,24343.6,,,,,0.0,0.0,9636.4
2417.49,100.0,24343.6,,,,,100.0,100.0,9636.6
2418.49,0.0,24377.6,,,,,0.0,0.0,9622.5
2419.49,100.0,24377.6,,,,,100.0,100.0,9637.1
2420.49,0.0,24377.6,,,,,0.0,0.0,9637.1
2421.49,100.0,24449.3,,,,,100.0,100.0,9639.7
2422.49,100.0,24407.0,,,,,100.0,100.0,9642.0
2423.49,0.0,24407.0,,,,,0.0,0.0,9642.0
2424.49,100.0,24364.5,,,,,100.0,100.0,9642.2
2425.49,0.0,24364.5,,,,,0.0,0.0,9642.2
2426.49,100.0,24321.9,,,,,100.0,100.0,9642.2
2427.49,0.0,24321.9,,,,,0.0,0.0,9642.2
2428.49,100.0,24215.9,,,,,100.0,100.0,9621.4
2429.49,0.0,24237.2,,,,,0.0,0.0,9632.4
2430.49,0.0,24301.0,,,,,0.0,0.0,9635.9
2431.49,100.0,24301.0,,,,,100.0,100.0,9617.8
2432.49,100.0,24301.0,,,,,100.0,100.0,9622.4
2433.49,0.0,24360.6,,,,,0.0,0.0,9629.3
2434.49,100.0,24360.6,,,,,100.0,100.0,9631.3
2435.49,0.0,24377.6,,,,,0.0,0.0,9637.4
2436.49,100.0,24449.3,,,,,100.0,100.0,9640.1
2437.49,0.0,24449.3,,,,,0.0,0.0,9640.1
2438.49,100.0,24407.0,,,,,100.0,100.0,9642.2
2439.49,0.0,24407.0,,,,,0.0,0.0,9642.2
2440.49,100.0,24364.5,,,,,100.0,100.0,9642.4
2441.49,0.0,24364.5,,,,,0.0,0.0,9642.4
2442.49,100.0,24321.9,,,,,100.0,100.0,9642.4
2443.49,100.0,24216.0,,,,,100.0,100.0,9642.4
2444.49,1.35,24216.0,,,,,1.35,1.36,9615.1
2445.49,0.0,24258.5,,,,,0.0,0.0,9618.6
2446.49,100.0,24258.5,,,,,100.0,100.0,9623.3
2447.49,0.0,24322.3,,,,,0.0,0.0,9632.6
2448.49,100.0,24343.6,,,,,100.0,100.0,9626.9
2449.49,0.0,24377.6,,,,,0.0,0.0,9629.9
2450.49,100.0,24377.6,,,,,100.0,100.0,9637.3
2451.49,0.0,24377.6,,,,,0.0,0.0,9637.3
2452.49,100.0,24449.3,,,,,100.0,100.0,9640.3
2453.49,0.0,24449.3,,,,,0.0,0.0,9640.3
2454.49,100.0,24407.0,,,,,100.0,100.0,9642.4
2455.5,100.0,24364.5,,,,,100.0,100.0,9642.6
2456.5,0.0,24364.5,,,,,0.0,0.0,9642.6
2457.5,100.0,24321.9,,,,,100.0,100.0,9642.6
2458.5,0.0,24321.9,,,,,0.0,0.0,9642.6
2459.5,100.0,24215.9,,,,,100.0,100.0,9642.8
2460.5,0.0,24216.0,,,,,0.0,0.0,9624.6
2461.5,0.0,24301.0,,,,,0.0,0.0,9636.3
2462.5,100.0,24301.0,,,,,100.0,100.0,9636.5
2463.5,0.0,24343.6,,,,,0.0,0.0,9637.8
2464.5,100.0,24343.6,,,,,100.0,100.0,9622.9
2465.5,100.0,24343.6,,,,,100.0,100.0,9628.8
2466.5,0.0,24377.6,,,,,0.0,0.0,9638.3
2467.5,100.0,24449.3,,,,,100.0,100.0,9640.6
2468.5,0.0,24449.3,,,,,0.0,0.0,9640.6
2469.5,100.0,24407.0,,,,,100.0,100.0,9642.8
2470.5,0.0,24407.0,,,,,0.0,0.0,9642.8
2471.5,100.0,24364.5,,,,,100.0,100.0,9643.0
2472.5,0.0,24364.5,,,,,0.0,0.0,9643.0
2473.5,100.0,24321.9,,,,,100.0,100.0,9643.0
2474.5,0.0,24321.9,,,,,0.0,0.0,9643.0
2475.5,100.0,24216.0,,,,,100.0,100.0,9635.7
2476.5,0.0,24258.5,,,,,0.0,0.0,9635.8
2477.5,100.0,24258.5,,,,,100.0,100.0,9620.2
2478.5,0.0,24301.0,,,,,0.0,0.0,9621.8
2479.5,100.0,24301.0,,,,,100.0,100.0,9629.0
2480.5,0.0,24377.6,,,,,0.0,0.0,9637.5
2481.5,100.0,24377.6,,,,,100.0,100.0,9638.4
2482.5,0.0,24377.6,,,,,0.0,0.0,9638.4
2483.5,100.0,24449.3,,,,,100.0,100.0,9640.8
2484.5,0.0,24449.3,,,,,0.0,0.0,9640.8
2485.5,100.0,24407.0,,,,,100.0,100.0,9643.2
2486.5,0.0,24407.0,,,,,0.0,0.0,9643.2
2487.5,100.0,24364.5,,,,,100.0,100.0,9643.4
2488.5,100.0,24321.9,,,,,100.0,100.0,9643.4
2489.5,0.0,24321.9,,,,,0.0,0.0,9643.4
2490.5,100.0,24215.9,,,,,100.0,100.0,9617.6
2491.5,0.0,24216.0,,,,,0.0,0.0,9620.3
2492.5,0.0,24258.5,,,,,0.0,0.0,9629.3
2493.5,100.0,24301.0,,,,,100.0,100.0,9637.0
2494.5,0.0,24343.6,,,,,0.0,0.0,9630.1
2495.5,100.0,24343.6,,,,,100.0,100.0,9630.7
2496.5,0.0,24377.6,,,,,0.0,0.0,9626.8
2497.5,100.0,24377.6,,,,,100.0,100.0,9638.6
2498.5,100.0,24449.3,,,,,100.0,100.0,9641.3
2499.5,0.0,24449.3,,,,,0.0,0.0,9641.3
2500.5,100.0,24407.0,,,,,100.0,100.0,9643.4
2501.5,0.0,24407.0,,,,,0.0,0.0,9643.4
2502.5,100.0,24364.5,,,,,100.0,100.0,9643.6
2503.5,0.0,24364.5,,,,,0.0,0.0,9643.6
2504.5,100.0,24321.9,,,,,100.0,100.0,9643.6
2505.5,0.0,24321.9,,,,,0.0,0.0,9643.6
2506.5,100.0,24215.9,,,,,100.0,100.0,9630.6
2507.5,0.0,24258.5,,,,,0.0,0.0,9636.6
2508.5,100.0,24258.5,,,,,100.0,100.0,9637.6
2509.5,0.0,24301.0,,,,,0.0,0.0,9621.4
2510.5,100.0,24301.0,,,,,100.0,100.0,9624.9
2511.5,0.0,24343.6,,,,,0.0,0.0,9633.5
2512.5,100.0,24377.6,,,,,100.0,100.0,9638.1
2513.5,0.0,24377.6,,,,,0.0,0.0,9638.4
2514.5,100.0,24449.3,,,,,100.0,100.0,9641.4
2515.5,0.0,24449.3,,,,,0.0,0.0,9641.4
2516.5,100.0,24407.0,,,,,100.0,100.0,9643.6
2517.5,0.0,24407.0,,,,,0.0,0.0,9643.6
2518.5,100.0,24364.5,,,,,100.0,100.0,9643.8
2519.5,0.0,24364.5,,,,,0.0,0.0,9643.8
2520.5,100.0,24321.9,,,,,100.0,100.0,9643.8
2521.5,100.0,24215.9,,,,,100.0,100.0,9643.9
2522.5,0.0,24216.0,,,,,0.0,0.0,9618.8
2523.5,0.0,24258.5,,,,,0.0,0.0,9621.4
2524.5,100.0,24258.5,,,,,100.0,100.0,9627.5
2525.5,0.0,24322.3,,,,,0.0,0.0,9635.4
2526.5,100.0,24343.6,,,,,100.0,100.0,9618.2
2527.5,0.0,24377.6,,,,,0.0,0.0,9622.9
2528.5,100.0,24377.6,,,,,100.0,100.0,9639.5
2529.5,0.0,24377.6,,,,,0.0,0.0,9639.5
2530.51,100.0,24449.3,,,,,100.0,100.0,9641.8
2531.51,100.0,24407.0,,,,,100.0,100.0,9643.9
2532.51,0.0,24407.0,,,,,0.0,0.0,9643.9
2533.51,100.0,24364.5,,,,,100.0,100.0,9644.1
2534.51,0.0,24364.5,,,,,0.0,0.0,9644.1
2535.51,100.0,24321.9,,,,,100.0,100.0,9644.1
2536.51,0.0,24321.9,,,,,0.0,0.0,9644.1
2537.51,100.0,24215.9,,,,,100.0,100.0,9621.4
2538.51,0.0,24237.2,,,,,0.0,0.0,9632.6
2539.51,0.0,24301.0,,,,,0.0,0.0,9626.4
2540.51,100.0,24301.0,,,,,100.0,100.0,9629.0
2541.51,100.0,24301.0,,,,,100.0,100.0,9620.4
2542.51,0.0,24343.6,,,,,0.0,0.0,9626.1
2543.51,100.0,24360.6,,,,,100.0,100.0,9631.4
2544.51,0.0,24377.6,,,,,0.0,0.0,9639.5
2545.51,100.0,24449.3,,,,,100.0,100.0,9642.1
2546.51,0.0,24449.3,,,,,0.0,0.0,9642.1
2547.51,100.0,24407.0,,,,,100.0,100.0,9644.1
2548.51,0.0,24407.0,,,,,0.0,0.0,9644.1
2549.51,100.0,24364.5,,,,,100.0,100.0,9644.3
2550.51,0.0,24364.5,,,,,0.0,0.0,9644.3
2551.51,100.0,24321.9,,,,,100.0,100.0,9644.3
2552.51,0.0,24321.9,,,,,0.0,0.0,9644.3
2553.51,100.0,24216.0,,,,,100.0,100.0,9637.3
2554.51,0.0,24258.5,,,,,0.0,0.0,9621.2
2555.51,100.0,24258.5,,,,,100.0,100.0,9624.4
2556.51,0.0,24301.0,,,,,0.0,0.0,9632.5
2557.51,100.0,24343.6,,,,,100.0,100.0,9638.9
2558.51,0.0,24377.6,,,,,0.0,0.0,9620.8
2559.51,100.0,24377.6,,,,,100.0,100.0,9639.8
2560.51,0.0,24377.6,,,,,0.0,0.0,9639.8
2561.51,100.0,24449.3,,,,,100.0,100.0,9642.1
2562.51,0.0,24449.3,,,,,0.0,0.0,9642.1
2563.51,100.0,24407.0,,,,,100.0,100.0,9644.5
2564.51,100.0,24364.5,,,,,100.0,100.0,9644.7
2565.51,0.0,24364.5,,,,,0.0,0.0,9644.7
2566.51,100.0,24321.9,,,,,100.0,100.0,9644.7
2567.51,0.0,24321.9,,,,,0.0,0.0,9644.7
2568.51,100.0,24215.9,,,,,100.0,100.0,9620.1
2569.51,0.0,24216.0,,,,,0.0,0.0,9623.7
2570.51,0.0,24279.8,,,,,0.0,0.0,9636.7
2571.51,100.0,24301.0,,,,,100.0,100.0,9616.3
2572.51,0.0,24343.6,,,,,0.0,0.0,9622.1
2573.51,100.0,24343.6,,,,,100.0,100.0,9628.7
2574.51,100.0,24343.6,,,,,100.0,100.0,9631.2
2575.51,0.0,24377.6,,,,,0.0,0.0,9639.7
2576.51,100.0,24449.3,,,,,100.0,100.0,9642.4
2577.51,0.0,24449.3,,,,,0.0,0.0,9642.4
2578.51,100.0,24407.0,,,,,100.0,100.0,9644.8
2579.51,0.0,24407.0,,,,,0.0,0.0,9644.8
2580.51,100.0,24364.5,,,,,100.0,100.0,9645.0
2581.51,0.0,24364.5,,,,,0.0,0.0,9645.0
2582.51,100.0,24321.9,,,,,100.0,100.0,9645.0
2583.51,0.0,24321.9,,,,,0.0,0.0,9645.0
2584.51,100.0,24216.0,,,,,100.0,100.0,9637.7
2585.51,0.0,24258.5,,,,,0.0,0.0,9627.9
2586.51,100.0,24258.5,,,,,100.0,100.0,9638.9
2587.51,0.0,24301.0,,,,,0.0,0.0,9624.7
2588.51,100.0,24301.0,,,,,100.0,100.0,9631.1
2589.51,0.0,24377.6,,,,,0.0,0.0,9639.5
2590.51,100.0,24377.6,,,,,100.0,100.0,9640.0
2591.51,0.0,24377.6,,,,,0.0,0.0,9640.0
2592.51,100.0,24449.3,,,,,100.0,100.0,9643.0
2593.51,0.0,24449.3,,,,,0.0,0.0,9643.0
2594.51,100.0,24407.0,,,,,100.0,100.0,9645.1
2595.51,0.0,24407.0,,,,,0.0,0.0,9645.1
2596.51,100.0,24364.5,,,,,100.0,100.0,9645.3
2597.51,100.0,24321.9,,,,,100.0,100.0,9645.3
2598.51,0.0,24321.9,,,,,0.0,0.0,9645.3
2599.51,100.0,24215.9,,,,,100.0,100.0,9645.5
2600.51,0.0,24216.0,,,,,0.0,0.0,9621.0
2601.51,0.0,24258.5,,,,,0.0,0.0,9624.3
2602.51,100.0,24258.5,,,,,100.0,100.0,9632.6
2603.51,0.0,24343.6,,,,,0.0,0.0,9640.1
2604.51,100.0,24343.6,,,,,100.0,100.0,9620.2
2605.52,0.0,24377.6,,,,,0.0,0.0,9623.8
2606.52,100.0,24377.6,,,,,100.0,100.0,9640.8
2607.52,100.0,24449.3,,,,,100.0,100.0,9643.1
2608.52,0.0,24449.3,,,,,0.0,0.0,9643.1
2609.52,100.0,24407.0,,,,,100.0,100.0,9645.3
2610.52,0.0,24407.0,,,,,0.0,0.0,9645.3
2611.52,100.0,24364.5,,,,,100.0,100.0,9645.4
2612.52,0.0,24364.5,,,,,0.0,0.0,9645.4
2613.52,100.0,24321.9,,,,,100.0,100.0,9645.4
2614.52,0.0,24321.9,,,,,0.0,0.0,9645.4
2615.52,100.0,24215.9,,,,,100.0,100.0,9628.3
2616.52,0.0,24258.5,,,,,0.0,0.0,9638.1
2617.52,100.0,24258.5,,,,,100.0,100.0,9619.2
2618.52,0.0,24301.0,,,,,0.0,0.0,9621.8
2619.52,100.0,24301.0,,,,,100.0,100.0,9625.4
2620.52,0.0,24360.6,,,,,0.0,0.0,9636.9
2621.52,100.0,24377.6,,,,,100.0,100.0,9640.9
2622.52,0.0,24377.6,,,,,0.0,0.0,9641.1
2623.52,100.0,24449.3,,,,,100.0,100.0,9643.4
2624.52,0.0,24449.3,,,,,0.0,0.0,9643.4
2625.52,100.0,24407.0,,,,,100.0,100.0,9645.7
2626.52,0.0,24407.0,,,,,0.0,0.0,9645.7
2627.52,100.0,24364.5,,,,,100.0,100.0,9645.9
2628.52,0.0,24364.5,,,,,0.0,0.0,9645.9
2629.52,100.0,24321.9,,,,,100.0,100.0,9645.9
2630.52,100.0,24215.9,,,,,100.0,100.0,9646.1
2631.52,0.0,24216.0,,,,,0.0,0.0,9629.7
2632.52,0.0,24258.5,,,,,0.0,0.0,9623.8
2633.52,100.0,24258.5,,,,,100.0,100.0,9628.9
2634.52,0.0,24343.6,,,,,0.0,0.0,9640.3
2635.52,100.0,24343.6,,,,,100.0,100.0,9640.6
2636.52,0.0,24377.6,,,,,0.0,0.0,9623.1
2637.52,100.0,24377.6,,,,,100.0,100.0,9641.1
2638.52,0.0,24377.6,,,,,0.0,0.0,9641.1
2639.52,100.0,24449.3,,,,,100.0,100.0,9643.8
2640.52,100.0,24407.0,,,,,100.0,100.0,9645.9
2641.52,0.0,24407.0,,,,,0.0,0.0,9645.9
2642.52,100.0,24364.5,,,,,100.0,100.0,9646.1
2643.52,0.0,24364.5,,,,,0.0,0.0,9646.1
2644.52,100.0,24321.9,,,,,100.0,100.0,9646.1
2645.52,0.0,24321.9,,,,,0.0,0.0,9646.1
2646.52,100.0,24215.9,,,,,100.0,100.0,9622.4
2647.52,0.0,24216.0,,,,,0.0,0.0,9635.1
2648.52,0.0,24301.0,,,,,0.0,0.0,9639.7
2649.52,100.0,24301.0,,,,,100.0,100.0,9620.1
2650.52,100.0,24301.0,,,,,100.0,100.0,9623.8
2651.52,0.0,24343.6,,,,,0.0,0.0,9628.4
2652.52,100.0,24360.6,,,,,100.0,100.0,9636.2
2653.52,0.0,24377.6,,,,,0.0,0.0,9641.2
2654.52,100.0,24449.3,,,,,100.0,100.0,9643.9
2655.52,0.0,24449.3,,,,,0.0,0.0,9643.9
2656.52,100.0,24407.0,,,,,100.0,100.0,9646.3
2657.52,0.0,24407.0,,,,,0.0,0.0,9646.3
2658.52,100.0,24364.5,,,,,100.0,100.0,9646.4
2659.52,0.0,24364.5,,,,,0.0,0.0,9646.4
2660.52,100.0,24321.9,,,,,100.0,100.0,9646.4
2661.52,0.0,24321.9,,,,,0.0,0.0,9646.4
2662.52,100.0,24216.0,,,,,100.0,100.0,9615.8
2663.52,0.0,24258.5,,,,,0.0,0.0,9621.1
2664.52,100.0,24258.5,,,,,100.0,100.0,9624.2
2665.52,0.0,24301.0,,,,,0.0,0.0,9633.0
2666.52,100.0,24322.3,,,,,100.0,100.0,9628.7
2667.52,0.0,24377.6,,,,,0.0,0.0,9632.8
2668.52,100.0,24377.6,,,,,100.0,100.0,9641.5
2669.52,0.0,24377.6,,,,,0.0,0.0,9641.5
2670.52,100.0,24449.3,,,,,100.0,100.0,9644.5
2671.52,0.0,24449.3,,,,,0.0,0.0,9644.5
2672.52,100.0,24407.0,,,,,100.0,100.0,9646.6
2673.52,100.0,24364.5,,,,,100.0,100.0,9646.8
2674.52,0.0,24364.5,,,,,0.0,0.0,9646.8
2675.52,100.0,24321.9,,,,,100.0,100.0,9646.8
2676.52,0.0,24321.9,,,,,0.0,0.0,9646.8
2677.52,100.0,24215.9,,,,,100.0,100.0,9647.0
2678.52,0.0,24216.0,,,,,0.0,0.0,9626.9
2679.52,0.0,24301.0,,,,,0.0,0.0,9640.4
2680.52,100.0,24301.0,,,,,100.0,100.0,9640.7
2681.53,0.0,24343.6,,,,,0.0,0.0,9641.8
2682.53,100.0,24343.6,,,,,100.0,100.0,9626.0
2683.53,100.0,24343.6,,,,,100.0,100.0,9633.3
2684.53,0.0,24377.6,,,,,0.0,0.0,9642.3
2685.53,100.0,24449.3,,,,,100.0,100.0,9644.7
2686.53,0.0,24449.3,,,,,0.0,0.0,9644.7
2687.53,100.0,24407.0,,,,,100.0,100.0,9646.8
2688.53,0.0,24407.0,,,,,0.0,0.0,9646.8
2689.53,100.0,24364.5,,,,,100.0,100.0,9647.0
2690.53,0.0,24364.5,,,,,0.0,0.0,9647.0
2691.53,100.0,24321.9,,,,,100.0,100.0,9647.0
2692.53,0.0,24321.9,,,,,0.0,0.0,9647.0
2693.53,100.0,24216.0,,,,,100.0,100.0,9639.9
2694.53,0.0,24258.5,,,,,0.0,0.0,9640.1
2695.53,100.0,24258.5,,,,,100.0,100.0,9622.8
2696.53,0.0,24301.0,,,,,0.0,0.0,9624.4
2697.53,100.0,24301.0,,,,,100.0,100.0,9629.3
2698.53,0.0,24360.6,,,,,0.0,0.0,9640.1
2699.53,100.0,24377.6,,,,,100.0,100.0,9642.3
2700.53,0.0,24377.6,,,,,0.0,0.0,9642.3
2701.53,100.0,24449.3,,,,,100.0,100.0,9645.1
2702.53,0.0,24449.3,,,,,0.0,0.0,9645.1
2703.53,100.0,24407.0,,,,,100.0,100.0,9647.2
2704.53,0.0,24407.0,,,,,0.0,0.0,9647.2
2705.53,100.0,24364.5,,,,,100.0,100.0,9647.4
2706.53,100.0,24321.9,,,,,100.0,100.0,9647.4
2707.53,0.0,24321.9,,,,,0.0,0.0,9647.4
2708.53,100.0,24215.9,,,,,100.0,100.0,9617.5
2709.53,0.0,24216.0,,,,,0.0,0.0,9622.7
2710.53,0.0,24258.5,,,,,0.0,0.0,9628.6
2711.53,100.0,24301.0,,,,,100.0,100.0,9640.9
2712.53,0.0,24343.6,,,,,0.0,0.0,9642.1
2713.53,100.0,24343.6,,,,,100.0,100.0,9642.1
2714.53,0.0,24377.6,,,,,0.0,0.0,9628.2
2715.53,100.0,24377.6,,,,,100.0,100.0,9642.6
2716.53,100.0,24449.3,,,,,100.0,100.0,9645.4
2717.53,0.0,24449.3,,,,,0.0,0.0,9645.4
2718.53,100.0,24407.0,,,,,100.0,100.0,9647.6
2719.53,0.0,24407.0,,,,,0.0,0.0,9647.6
2720.53,100.0,24364.5,,,,,100.0,100.0,9647.8
2721.53,0.0,24364.5,,,,,0.0,0.0,9647.8
2722.53,100.0,24321.9,,,,,100.0,100.0,9647.8
2723.53,0.0,24321.9,,,,,0.0,0.0,9647.8
2724.53,100.0,24215.9,,,,,100.0,100.0,9630.8
2725.53,0.0,24258.5,,,,,0.0,0.0,9640.5
2726.53,100.0,24258.5,,,,,100.0,100.0,9641.6
2727.53,0.0,24301.0,,,,,0.0,0.0,9625.1
2728.53,100.0,24301.0,,,,,100.0,100.0,9628.3
2729.53,0.0,24360.6,,,,,0.0,0.0,9638.6
2730.53,100.0,24377.6,,,,,100.0,100.0,9642.2
2731.53,0.0,24377.6,,,,,0.0,0.0,9642.5
2732.53,100.0,24449.3,,,,,100.0,100.0,9645.5
2733.53,0.0,24449.3,,,,,0.0,0.0,9645.5
2734.53,100.0,24407.0,,,,,100.0,100.0,9647.9
2735.53,0.0,24407.0,,,,,0.0,0.0,9647.9
2736.53,100.0,24364.5,,,,,100.0,100.0,9648.0
2737.53,0.0,24364.5,,,,,0.0,0.0,9648.0
2738.53,100.0,24321.9,,,,,100.0,100.0,9648.0
2739.53,100.0,24215.9,,,,,100.0,100.0,9648.3
2740.53,0.0,24216.0,,,,,0.0,0.0,9621.9
2741.53,0.0,24258.5,,,,,0.0,0.0,9624.9
2742.53,100.0,24258.5,,,,,100.0,100.0,9631.1
2743.53,0.0,24322.3,,,,,0.0,0.0,9639.5
2744.53,100.0,24343.6,,,,,100.0,100.0,9633.9
2745.53,0.0,24377.6,,,,,0.0,0.0,9635.6
2746.53,100.0,24377.6,,,,,100.0,100.0,9643.9
2747.53,0.0,24377.6,,,,,0.0,0.0,9643.9
2748.53,100.0,24449.3,,,,,100.0,100.0,9646.3
2749.53,100.0,24407.0,,,,,100.0,100.0,9648.4
2750.53,0.0,24407.0,,,,,0.0,0.0,9648.4
2751.53,100.0,24364.5,,,,,100.0,100.0,9648.5
2752.53,0.0,24364.5,,,,,0.0,0.0,9648.5
2753.53,100.0,24321.9,,,,,100.0,100.0,9648.5
2754.53,0.0,24321.9,,,,,0.0,0.0,9648.5
2755.53,100.0,24215.9,,,,,100.0,100.0,9623.3
2756.54,0.0,24216.0,,,,,0.0,0.0,9632.6
2757.54,0.0,24301.0,,,,,0.0,0.0,9642.2
2758.54,100.0,24301.0,,,,,100.0,100.0,9642.4
2759.54,100.0,24301.0,,,,,100.0,100.0,9626.7
2760.54,0.0,24343.6,,,,,0.0,0.0,9629.7
2761.54,100.0,24343.6,,,,,100.0,100.0,9639.4
2762.54,0.0,24377.6,,,,,0.0,0.0,9644.2
2763.54,100.0,24449.3,,,,,100.0,100.0,9646.5
2764.54,0.0,24449.3,,,,,0.0,0.0,9646.5
2765.54,100.0,24407.0,,,,,100.0,100.0,9648.7
2766.54,0.0,24407.0,,,,,0.0,0.0,9648.7
2767.54,100.0,24364.5,,,,,100.0,100.0,9648.9
2768.54,0.0,24364.5,,,,,0.0,0.0,9648.9
2769.54,100.0,24321.9,,,,,100.0,100.0,9648.9
2770.54,0.0,24321.9,,,,,0.0,0.0,9648.9
2771.54,100.0,24216.0,,,,,100.0,100.0,9641.8
2772.54,0.0,24258.5,,,,,0.0,0.0,9617.4
2773.54,100.0,24258.5,,,,,100.0,100.0,9621.5
2774.54,0.0,24301.0,,,,,0.0,0.0,9624.9
2775.54,100.0,24301.0,,,,,100.0,100.0,9630.0
2776.54,0.0,24343.6,,,,,0.0,0.0,9638.9
2777.54,100.0,24377.6,,,,,100.0,100.0,9642.7
2778.54,0.0,24377.6,,,,,0.0,0.0,9643.0
2779.54,100.0,24449.3,,,,,100.0,100.0,9645.9
2780.54,0.0,24449.3,,,,,0.0,0.0,9645.9
2781.54,100.0,24407.0,,,,,100.0,100.0,9648.3
2782.54,100.0,24364.5,,,,,100.0,100.0,9648.4
2783.54,0.0,24364.5,,,,,0.0,0.0,9648.4
2784.54,100.0,24321.9,,,,,100.0,100.0,9648.5
2785.54,0.0,24321.9,,,,,0.0,0.0,9648.5
2786.54,100.0,24215.9,,,,,100.0,100.0,9624.6
2787.54,0.0,24216.0,,,,,0.0,0.0,9627.8
2788.54,0.0,24258.5,,,,,0.0,0.0,9636.8
2789.54,100.0,24301.0,,,,,100.0,100.0,9619.5
2790.54,0.0,24343.6,,,,,0.0,0.0,9633.5
2791.54,100.0,24343.6,,,,,100.0,100.0,9643.2
2792.54,0.0,24377.6,,,,,0.0,0.0,9631.5
2793.54,100.0,24377.6,,,,,100.0,100.0,9643.3
2794.54,100.0,24449.3,,,,,100.0,100.0,9646.3
2795.54,0.0,24449.3,,,,,0.0,0.0,9646.3
2796.54,100.0,24407.0,,,,,100.0,100.0,9648.6
2797.54,0.0,24407.0,,,,,0.0,0.0,9648.6
2798.54,100.0,24364.5,,,,,100.0,100.0,9648.8
2799.54,0.0,24364.5,,,,,0.0,0.0,9648.8
2800.54,100.0,24321.9,,,,,100.0,100.0,9648.8
2801.54,0.0,24321.9,,,,,0.0,0.0,9648.8
2802.54,100.0,24198.9,,,,,100.0,100.0,9639.4
2803.54,0.0,24258.5,,,,,0.0,0.0,9641.5
2804.54,100.0,24258.5,,,,,100.0,100.0,9642.4
2805.54,0.0,24301.0,,,,,0.0,0.0,9630.0
2806.54,100.0,24301.0,,,,,100.0,100.0,9637.0
2807.54,0.0,24377.6,,,,,0.0,0.0,9643.1
2808.54,100.0,24377.6,,,,,100.0,100.0,9643.4
2809.54,0.0,24377.6,,,,,0.0,0.0,9643.4
2810.54,100.0,24449.3,,,,,100.0,100.0,9646.5
2811.54,0.0,24449.3,,,,,0.0,0.0,9646.5
2812.54,100.0,24407.0,,,,,100.0,100.0,9648.8
2813.54,0.0,24407.0,,,,,0.0,0.0,9648.8
2814.54,100.0,24364.5,,,,,100.0,100.0,9649.0
2815.54,100.0,24321.9,,,,,100.0,100.0,9649.0
2816.54,0.0,24321.9,,,,,0.0,0.0,9649.0
2817.54,100.0,24215.9,,,,,100.0,100.0,9649.2
2818.54,0.0,24216.0,,,,,0.0,0.0,9626.2
2819.54,0.0,24258.5,,,,,0.0,0.0,9629.7
2820.54,100.0,24279.8,,,,,100.0,100.0,9637.5
2821.54,0.0,24341.5,,,,,0.0,0.0,9643.6
2822.54,100.0,24343.6,,,,,100.0,100.0,9626.2
2823.54,0.0,24377.6,,,,,0.0,0.0,9630.7
2824.54,100.0,24377.6,,,,,100.0,100.0,9644.8
2825.54,100.0,24341.9,,,,,100.0,100.0,9644.9
2826.54,0.0,24449.3,,,,,0.0,0.0,9647.1
2827.54,100.0,24407.0,,,,,100.0,100.0,9649.2
2828.54,0.0,24407.0,,,,,0.0,0.0,9649.2
2829.54,100.0,24364.5,,,,,100.0,100.0,9649.4
2830.54,0.0,24364.5,,,,,0.0,0.0,9649.4
2831.55,100.0,24321.9,,,,,100.0,100.0,9649.4
2832.55,0.0,24321.9,,,,,0.0,0.0,9649.4
2833.55,100.0,24215.9,,,,,100.0,100.0,9629.2
2834.55,0.0,24258.5,,,,,0.0,0.0,9642.1
2835.55,0.0,24301.0,,,,,0.0,0.0,9633.2
2836.55,100.0,24301.0,,,,,100.0,100.0,9635.4
2837.55,100.0,24301.0,,,,,100.0,100.0,9630.7
2838.55,0.0,24360.6,,,,,0.0,0.0,9637.4
2839.55,100.0,24360.6,,,,,100.0,100.0,9641.8
2840.55,0.0,24377.6,,,,,0.0,0.0,9645.0
2841.55,100.0,24449.3,,,,,100.0,100.0,9647.4
2842.55,0.0,24449.3,,,,,0.0,0.0,9647.4
2843.55,100.0,24407.0,,,,,100.0,100.0,9649.5
2844.55,0.0,24407.0,,,,,0.0,0.0,9649.5
2845.55,100.0,24364.5,,,,,100.0,100.0,9649.7
2846.55,0.0,24364.5,,,,,0.0,0.0,9649.7
2847.55,100.0,24321.9,,,,,100.0,100.0,9649.7
2848.55,100.0,24216.0,,,,,100.0,100.0,9649.8
2849.55,1.35,24216.0,,,,,1.35,1.36,9642.7
2850.55,0.0,24258.5,,,,,0.0,0.0,9628.0
2851.55,100.0,24258.5,,,,,100.0,100.0,9631.4
2852.55,0.0,24322.3,,,,,0.0,0.0,9637.6
2853.55,100.0,24343.6,,,,,100.0,100.0,9644.3
2854.55,0.0,24377.6,,,,,0.0,0.0,9627.6
2855.55,100.0,24377.6,,,,,100.0,100.0,9645.0
2856.55,0.0,24377.6,,,,,0.0,0.0,9645.0
2857.55,100.0,24449.3,,,,,100.0,100.0,9647.7
2858.55,0.0,24449.3,,,,,0.0,0.0,9647.7
2859.55,100.0,24407.0,,,,,100.0,100.0,9649.9
2860.55,100.0,24364.5,,,,,100.0,100.0,9650.0
2861.55,0.0,24364.5,,,,,0.0,0.0,9650.0
2862.55,100.0,24321.9,,,,,100.0,100.0,9650.0
2863.55,0.0,24321.9,,,,,0.0,0.0,9650.0
2864.55,100.0,24215.9,,,,,100.0,100.0,9627.4
2865.55,0.0,24216.0,,,,,0.0,0.0,9631.9
2866.55,0.0,24279.8,,,,,0.0,0.0,9642.4
2867.55,100.0,24301.0,,,,,100.0,100.0,9623.3
2868.55,0.0,24343.6,,,,,0.0,0.0,9628.1
2869.55,100.0,24343.6,,,,,100.0,100.0,9638.1
2870.55,100.0,24343.6,,,,,100.0,100.0,9635.6
2871.55,0.0,24377.6,,,,,0.0,0.0,9644.9
2872.55,100.0,24449.3,,,,,100.0,100.0,9647.8
2873.55,0.0,24449.3,,,,,0.0,0.0,9647.8
2874.55,100.0,24407.0,,,,,100.0,100.0,9650.1
2875.55,0.0,24407.0,,,,,0.0,0.0,9650.1
2876.55,100.0,24364.5,,,,,100.0,100.0,9650.3
2877.55,0.0,24364.5,,,,,0.0,0.0,9650.3
2878.55,100.0,24321.9,,,,,100.0,100.0,9650.3
2879.55,0.0,24321.9,,,,,0.0,0.0,9650.3
2880.55,100.0,24216.0,,,,,100.0,100.0,9631.5
2881.55,0.0,24258.5,,,,,0.0,0.0,9634.6
2882.55,100.0,24258.5,,,,,100.0,100.0,9636.5
2883.55,0.0,24301.0,,,,,0.0,0.0,9633.7
2884.55,100.0,24322.3,,,,,100.0,100.0,9627.1
2885.55,0.0,24360.6,,,,,0.0,0.0,9633.9
2886.56,100.0,24377.6,,,,,100.0,100.0,9645.1
2887.56,0.0,24377.6,,,,,0.0,0.0,9645.4
2888.56,100.0,24449.3,,,,,100.0,100.0,9648.1
2889.56,0.0,24449.3,,,,,0.0,0.0,9648.1
2890.56,100.0,24407.0,,,,,100.0,100.0,9650.3
2891.56,0.0,24407.0,,,,,0.0,0.0,9650.3
2892.56,100.0,24364.5,,,,,100.0,100.0,9650.4
2893.56,100.0,24321.9,,,,,100.0,100.0,9650.5
2894.56,0.0,24321.9,,,,,0.0,0.0,9650.5
2895.56,100.0,24215.9,,,,,100.0,100.0,9650.7
2896.56,0.0,24216.0,,,,,0.0,0.0,9629.1
2897.56,0.0,24258.5,,,,,0.0,0.0,9635.8
2898.56,100.0,24301.0,,,,,100.0,100.0,9644.2
2899.56,0.0,24343.6,,,,,0.0,0.0,9645.4
2900.56,100.0,24343.6,,,,,100.0,100.0,9630.6
2901.56,0.0,24377.6,,,,,0.0,0.0,9635.5
2902.56,100.0,24377.6,,,,,100.0,100.0,9646.2
2903.56,100.0,24449.3,,,,,100.0,100.0,9648.5
2904.56,0.0,24449.3,,,,,0.0,0.0,9648.5
2905.56,100.0,24407.0,,,,,100.0,100.0,9650.6
2906.56,0.0,24407.0,,,,,0.0,0.0,9650.6
2907.56,100.0,24364.5,,,,,100.0,100.0,9650.8
2908.56,0.0,24364.5,,,,,0.0,0.0,9650.8
2909.56,100.0,24321.9,,,,,100.0,100.0,9650.8
2910.56,0.0,24321.9,,,,,0.0,0.0,9650.8
2911.56,100.0,24215.9,,,,,100.0,100.0,9635.7
2912.56,0.0,24258.5,,,,,0.0,0.0,9643.5
2913.56,100.0,24258.5,,,,,100.0,100.0,9625.7
2914.56,0.0,24301.0,,,,,0.0,0.0,9628.2
2915.56,100.0,24301.0,,,,,100.0,100.0,9633.7
2916.56,0.0,24360.6,,,,,0.0,0.0,9640.3
2917.56,100.0,24377.6,,,,,100.0,100.0,9646.1
2918.56,0.0,24377.6,,,,,0.0,0.0,9646.3
2919.56,100.0,24449.3,,,,,100.0,100.0,9648.6
2920.56,0.0,24449.3,,,,,0.0,0.0,9648.6
2921.56,100.0,24407.0,,,,,100.0,100.0,9650.8
2922.56,0.0,24407.0,,,,,0.0,0.0,9650.8
2923.56,100.0,24364.5,,,,,100.0,100.0,9651.0
2924.56,0.0,24364.5,,,,,0.0,0.0,9651.0
2925.56,100.0,24321.9,,,,,100.0,100.0,9651.0
2926.56,100.0,24215.9,,,,,100.0,100.0,9651.2
2927.56,0.0,24216.0,,,,,0.0,0.0,9643.9
2928.56,0.0,24258.5,,,,,0.0,0.0,9630.1
2929.56,100.0,24258.5,,,,,100.0,100.0,9636.9
2930.56,0.0,24322.3,,,,,0.0,0.0,9643.1
2931.56,100.0,24343.6,,,,,100.0,100.0,9645.6
2932.56,0.0,24377.6,,,,,0.0,0.0,9630.5
2933.56,100.0,24377.6,,,,,100.0,100.0,9646.1
2934.56,0.0,24377.6,,,,,0.0,0.0,9646.1
2935.56,100.0,24449.3,,,,,100.0,100.0,9648.7
2936.56,100.0,24407.0,,,,,100.0,100.0,9651.0
2937.56,0.0,24407.0,,,,,0.0,0.0,9651.0
2938.56,100.0,24364.5,,,,,100.0,100.0,9651.2
2939.56,0.0,24364.5,,,,,0.0,0.0,9651.2
2940.56,100.0,24321.9,,,,,100.0,100.0,9651.2
2941.56,0.0,24321.9,,,,,0.0,0.0,9651.2
2942.56,100.0,24215.9,,,,,100.0,100.0,9629.6
2943.56,0.0,24216.0,,,,,0.0,0.0,9639.7
2944.56,0.0,24301.0,,,,,0.0,0.0,9645.2
2945.56,100.0,24301.0,,,,,100.0,100.0,9628.9
2946.56,100.0,24301.0,,,,,100.0,100.0,9631.3
2947.56,0.0,24343.6,,,,,0.0,0.0,9635.2
2948.56,100.0,24360.6,,,,,100.0,100.0,9643.2
2949.56,0.0,24377.6,,,,,0.0,0.0,9646.7
2950.56,100.0,24449.3,,,,,100.0,100.0,9649.4
2951.56,0.0,24449.3,,,,,0.0,0.0,9649.4
2952.56,100.0,24407.0,,,,,100.0,100.0,9651.5
2953.56,0.0,24407.0,,,,,0.0,0.0,9651.5
2954.56,100.0,24364.5,,,,,100.0,100.0,9651.7
2955.56,0.0,24364.5,,,,,0.0,0.0,9651.7
2956.56,100.0,24321.9,,,,,100.0,100.0,9651.7
2957.56,0.0,24321.9,,,,,0.0,0.0,9651.7
2958.56,100.0,24216.0,,,,,100.0,100.0,9622.6
2959.56,0.0,24258.5,,,,,0.0,0.0,9627.9
2960.56,100.0,24258.5,,,,,100.0,100.0,9631.1
2961.57,0.0,24322.3,,,,,0.0,0.0,9640.3
2962.57,100.0,24343.6,,,,,100.0,100.0,9636.1
2963.57,0.0,24377.6,,,,,0.0,0.0,9639.2
2964.57,100.0,24377.6,,,,,100.0,100.0,9646.8
2965.57,0.0,24377.6,,,,,0.0,0.0,9646.8
2966.57,100.0,24449.3,,,,,100.0,100.0,9649.4
2967.57,0.0,24449.3,,,,,0.0,0.0,9649.4
2968.57,100.0,24407.0,,,,,100.0,100.0,9651.7
2969.57,100.0,24364.5,,,,,100.0,100.0,9651.9
2970.57,0.0,24364.5,,,,,0.0,0.0,9651.9
2971.57,100.0,24321.9,,,,,100.0,100.0,9651.9
2972.57,0.0,24321.9,,,,,0.0,0.0,9651.9
2973.57,100.0,24215.9,,,,,100.0,100.0,9652.1
2974.57,0.0,24216.0,,,,,0.0,0.0,9632.9
2975.57,0.0,24279.8,,,,,0.0,0.0,9644.4
2976.57,100.0,24301.0,,,,,100.0,100.0,9645.7
2977.57,0.0,24343.6,,,,,0.0,0.0,9646.8
2978.57,100.0,24343.6,,,,,100.0,100.0,9632.4
2979.57,100.0,24343.6,,,,,100.0,100.0,9637.7
2980.57,0.0,24377.6,,,,,0.0,0.0,9647.6
2981.57,100.0,24449.3,,,,,100.0,100.0,9649.8
2982.57,0.0,24449.3,,,,,0.0,0.0,9649.8
2983.57,100.0,24407.0,,,,,100.0,100.0,9652.0
2984.57,0.0,24407.0,,,,,0.0,0.0,9652.0
2985.57,100.0,24364.5,,,,,100.0,100.0,9652.2
2986.57,0.0,24364.5,,,,,0.0,0.0,9652.2
2987.57,100.0,24321.9,,,,,100.0,100.0,9652.2
2988.57,0.0,24321.9,,,,,0.0,0.0,9652.2
2989.57,100.0,24216.0,,,,,100.0,100.0,9645.1
2990.57,0.0,24258.5,,,,,0.0,0.0,9625.0
2991.57,100.0,24258.5,,,,,100.0,100.0,9630.5
2992.57,0.0,24301.0,,,,,0.0,0.0,9632.7
2993.57,100.0,24322.3,,,,,100.0,100.0,9643.7
2994.57,0.0,24377.6,,,,,0.0,0.0,9627.0
2995.57,100.0,24377.6,,,,,100.0,100.0,9647.9
2996.57,0.0,24377.6,,,,,0.0,0.0,9647.9
2997.57,100.0,24449.3,,,,,100.0,100.0,9650.1
2998.57,0.0,24449.3,,,,,0.0,0.0,9650.1
2999.57,100.0,24407.0,,,,,100.0,100.0,9652.3
3000.57,0.0,24407.0,,,,,0.0,0.0,9652.3
3001.57,100.0,24364.5,,,,,100.0,100.0,9652.5
3002.57,100.0,24321.9,,,,,100.0,100.0,9652.5
3003.57,0.0,24321.9,,,,,0.0,0.0,9652.5
3004.57,100.0,24215.9,,,,,100.0,100.0,9623.9
3005.57,0.0,24216.0,,,,,0.0,0.0,9628.9
3006.57,0.0,24258.5,,,,,0.0,0.0,9633.6
3007.57,100.0,24279.8,,,,,100.0,100.0,9643.9
3008.57,0.0,24343.6,,,,,0.0,0.0,9647.1
3009.57,100.0,24343.6,,,,,100.0,100.0,9647.2
3010.57,0.0,24377.6,,,,,0.0,0.0,9633.7
3011.57,100.0,24377.6,,,,,100.0,100.0,9647.3
3012.57,100.0,24449.3,,,,,100.0,100.0,9650.3
3013.57,0.0,24449.3,,,,,0.0,0.0,9650.3
3014.57,100.0,24407.0,,,,,100.0,100.0,9652.5
3015.57,0.0,24407.0,,,,,0.0,0.0,9652.5
3016.57,100.0,24364.5,,,,,100.0,100.0,9652.7
3017.57,0.0,24364.5,,,,,0.0,0.0,9652.7
3018.57,100.0,24321.9,,,,,100.0,100.0,9652.7
3019.57,0.0,24321.9,,,,,0.0,0.0,9652.7
3020.57,100.0,24215.9,,,,,100.0,100.0,9634.7
3021.57,0.0,24258.5,,,,,0.0,0.0,9645.5
3022.57,100.0,24258.5,,,,,100.0,100.0,9646.4
3023.57,0.0,24301.0,,,,,0.0,0.0,9630.7
3024.57,100.0,24301.0,,,,,100.0,100.0,9631.6
3025.57,0.0,24343.6,,,,,0.0,0.0,9633.7
3026.57,100.0,24343.6,,,,,100.0,100.0,9642.2
3027.57,0.0,24377.6,,,,,0.0,0.0,9647.5
3028.57,100.0,24449.3,,,,,100.0,100.0,9650.5
3029.57,0.0,24449.3,,,,,0.0,0.0,9650.5
3030.58,100.0,24407.0,,,,,100.0,100.0,9652.8
3031.58,0.0,24407.0,,,,,0.0,0.0,9652.8
3032.58,100.0,24364.5,,,,,100.0,100.0,9652.9
3033.58,0.0,24364.5,,,,,0.0,0.0,9652.9
3034.58,100.0,24321.9,,,,,100.0,100.0,9653.0
3035.58,100.0,24215.9,,,,,100.0,100.0,9653.1
3036.58,0.0,24216.0,,,,,0.0,0.0,9627.7
3037.58,0.0,24258.5,,,,,0.0,0.0,9630.5
3038.58,100.0,24258.5,,,,,100.0,100.0,9633.9
3039.58,0.0,24322.3,,,,,0.0,0.0,9644.4
3040.58,100.0,24343.6,,,,,100.0,100.0,9636.9
3041.58,0.0,24377.6,,,,,0.0,0.0,9647.6
3042.58,100.0,24377.6,,,,,100.0,100.0,9648.5
3043.58,0.0,24377.6,,,,,0.0,0.0,9648.5
3044.58,100.0,24449.3,,,,,100.0,100.0,9650.8
3045.58,100.0,24407.0,,,,,100.0,100.0,9653.0
3046.58,0.0,24407.0,,,,,0.0,0.0,9653.0
3047.58,100.0,24364.5,,,,,100.0,100.0,9653.2
3048.58,0.0,24364.5,,,,,0.0,0.0,9653.2
3049.58,100.0,24321.9,,,,,100.0,100.0,9653.2
3050.58,0.0,24321.9,,,,,0.0,0.0,9653.2
3051.58,100.0,24215.9,,,,,100.0,100.0,9631.1
3052.58,0.0,24216.0,,,,,0.0,0.0,9637.4
3053.58,0.0,24301.0,,,,,0.0,0.0,9646.6
3054.58,100.0,24301.0,,,,,100.0,100.0,9647.0
3055.58,100.0,24301.0,,,,,100.0,100.0,9632.4
3056.58,0.0,24343.6,,,,,0.0,0.0,9634.9
3057.58,100.0,24343.6,,,,,100.0,100.0,9642.9
3058.58,0.0,24377.6,,,,,0.0,0.0,9648.8
3059.58,100.0,24449.3,,,,,100.0,100.0,9651.2
3060.58,0.0,24449.3,,,,,0.0,0.0,9651.2
3061.58,100.0,24407.0,,,,,100.0,100.0,9653.5
3062.58,0.0,24407.0,,,,,0.0,0.0,9653.5
3063.58,100.0,24364.5,,,,,100.0,100.0,9653.7
3064.58,0.0,24364.5,,,,,0.0,0.0,9653.7
3065.58,100.0,24321.9,,,,,100.0,100.0,9653.7
3066.58,0.0,24321.9,,,,,0.0,0.0,9653.7
3067.58,100.0,24216.0,,,,,100.0,100.0,9646.5
3068.58,0.0,24258.5,,,,,0.0,0.0,9628.1
3069.58,100.0,24258.5,,,,,100.0,100.0,9631.6
3070.58,0.0,24301.0,,,,,0.0,0.0,9633.0
3071.58,100.0,24301.0,,,,,100.0,100.0,9638.0
3072.58,0.0,24377.6,,,,,0.0,0.0,9637.1
3073.58,100.0,24377.6,,,,,100.0,100.0,9648.3
3074.58,0.0,24377.6,,,,,0.0,0.0,9648.3
3075.58,100.0,24449.3,,,,,100.0,100.0,9651.4
3076.58,0.0,24449.3,,,,,0.0,0.0,9651.4
3077.58,100.0,24407.0,,,,,100.0,100.0,9653.7
3078.58,100.0,24364.5,,,,,100.0,100.0,9653.9
3079.58,0.0,24364.5,,,,,0.0,0.0,9653.9
3080.58,100.0,24321.9,,,,,100.0,100.0,9653.9
3081.58,0.0,24321.9,,,,,0.0,0.0,9653.9
3082.58,100.0,24215.9,,,,,100.0,100.0,9629.1
3083.58,0.0,24216.0,,,,,0.0,0.0,9630.4
3084.58,0.0,24258.5,,,,,0.0,0.0,9636.2
3085.58,100.0,24279.8,,,,,100.0,100.0,9630.9
3086.58,0.0,24339.3,,,,,0.0,0.0,9647.9
3087.58,100.0,24343.6,,,,,100.0,100.0,9648.6
3088.58,0.0,24377.6,,,,,0.0,0.0,9633.2
3089.58,100.0,24377.6,,,,,100.0,100.0,9648.6
3090.58,100.0,24449.3,,,,,100.0,100.0,9651.6
3091.58,0.0,24449.3,,,,,0.0,0.0,9651.6
3092.58,100.0,24407.0,,,,,100.0,100.0,9654.0
3093.58,0.0,24407.0,,,,,0.0,0.0,9654.0
3094.59,100.0,24364.5,,,,,100.0,100.0,9654.2
3095.59,0.0,24364.5,,,,,0.0,0.0,9654.2
3096.59,100.0,24321.9,,,,,100.0,100.0,9654.2
3097.59,0.0,24321.9,,,,,0.0,0.0,9654.2
3098.59,100.0,24215.9,,,,,100.0,100.0,9642.1
3099.59,0.0,24258.5,,,,,0.0,0.0,9647.2
3100.59,100.0,24258.5,,,,,100.0,100.0,9648.1
3101.59,0.0,24301.0,,,,,0.0,0.0,9632.7
3102.59,100.0,24301.0,,,,,100.0,100.0,9636.3
3103.59,0.0,24360.6,,,,,0.0,0.0,9642.4
3104.59,100.0,24360.6,,,,,100.0,100.0,9646.6
3105.59,0.0,24377.6,,,,,0.0,0.0,9649.2
3106.59,100.0,24449.3,,,,,100.0,100.0,9652.2
3107.59,0.0,24449.3,,,,,0.0,0.0,9652.2
3108.59,100.0,24407.0,,,,,100.0,100.0,9654.3
3109.59,0.0,24407.0,,,,,0.0,0.0,9654.3
3110.59,100.0,24364.5,,,,,100.0,100.0,9654.4
3111.59,0.0,24364.5,,,,,0.0,0.0,9654.4
3112.59,100.0,24321.9,,,,,100.0,100.0,9654.4
3113.59,100.0,24215.9,,,,,100.0,100.0,9654.6
3114.59,0.0,24216.0,,,,,0.0,0.0,9629.9
3115.59,0.0,24258.5,,,,,0.0,0.0,9632.2
3116.59,100.0,24258.5,,,,,100.0,100.0,9637.1
3117.59,0.0,24322.3,,,,,0.0,0.0,9648.0
3118.59,100.0,24343.6,,,,,100.0,100.0,9638.5
3119.59,0.0,24377.6,,,,,0.0,0.0,9649.3
3120.59,100.0,24377.6,,,,,100.0,100.0,9650.0
3121.59,0.0,24377.6,,,,,0.0,0.0,9650.0
3122.59,100.0,24449.3,,,,,100.0,100.0,9652.4
3123.59,100.0,24407.0,,,,,100.0,100.0,9654.5
3124.59,0.0,24407.0,,,,,0.0,0.0,9654.5
3125.59,100.0,24364.5,,,,,100.0,100.0,9654.7
3126.59,0.0,24364.5,,,,,0.0,0.0,9654.7
3127.59,100.0,24321.9,,,,,100.0,100.0,9654.7
3128.59,0.0,24321.9,,,,,0.0,0.0,9654.7
3129.59,100.0,24215.9,,,,,100.0,100.0,9632.5
3130.59,0.0,24216.0,,,,,0.0,0.0,9645.4
3131.59,0.0,24301.0,,,,,0.0,0.0,9637.4
3132.59,100.0,24301.0,,,,,100.0,100.0,9640.6
3133.59,100.0,24301.0,,,,,100.0,100.0,9635.1
3134.59,0.0,24343.6,,,,,0.0,0.0,9637.5
3135.59,100.0,24360.6,,,,,100.0,100.0,9643.9
3136.59,0.0,24377.6,,,,,0.0,0.0,9649.9
3137.59,100.0,24449.3,,,,,100.0,100.0,9652.7
3138.59,0.0,24449.3,,,,,0.0,0.0,9652.7
3139.59,100.0,24407.0,,,,,100.0,100.0,9654.8
3140.59,0.0,24407.0,,,,,0.0,0.0,9654.8
3141.59,100.0,24364.5,,,,,100.0,100.0,9655.0
3142.59,0.0,24364.5,,,,,0.0,0.0,9655.0
3143.59,100.0,24321.9,,,,,100.0,100.0,9655.0
3144.59,0.0,24321.9,,,,,0.0,0.0,9655.0
3145.59,100.0,24216.0,,,,,100.0,100.0,9647.7
3146.59,0.0,24258.5,,,,,0.0,0.0,9631.2
3147.59,100.0,24258.5,,,,,100.0,100.0,9633.1
3148.59,0.0,24301.0,,,,,0.0,0.0,9636.6
3149.59,100.0,24339.3,,,,,100.0,100.0,9648.7
3150.59,0.0,24377.6,,,,,0.0,0.0,9628.7
3151.59,100.0,24377.6,,,,,100.0,100.0,9649.7
3152.59,0.0,24377.6,,,,,0.0,0.0,9649.7
3153.59,100.0,24449.3,,,,,100.0,100.0,9652.7
3154.59,0.0,24449.3,,,,,0.0,0.0,9652.7
3155.59,100.0,24407.0,,,,,100.0,100.0,9654.9
3156.59,100.0,24364.5,,,,,100.0,100.0,9655.1
3157.59,0.0,24364.5,,,,,0.0,0.0,9655.1
3158.59,100.0,24321.9,,,,,100.0,100.0,9655.1
3159.6,0.0,24321.9,,,,,0.0,0.0,9655.1
3160.6,100.0,24215.9,,,,,100.0,100.0,9630.3
3161.6,0.0,24216.0,,,,,0.0,0.0,9634.6
3162.6,0.0,24275.5,,,,,0.0,0.0,9644.5
3163.6,100.0,24301.0,,,,,100.0,100.0,9638.3
3164.6,0.0,24343.6,,,,,0.0,0.0,9641.5
3165.6,100.0,24343.6,,,,,100.0,100.0,9643.2
3166.6,100.0,24343.6,,,,,100.0,100.0,9642.4
3167.6,0.0,24377.6,,,,,0.0,0.0,9650.4
3168.6,100.0,24449.3,,,,,100.0,100.0,9653.0
3169.6,0.0,24449.3,,,,,0.0,0.0,9653.0
3170.6,100.0,24407.0,,,,,100.0,100.0,9655.4
3171.6,0.0,24407.0,,,,,0.0,0.0,9655.4
3172.6,100.0,24364.5,,,,,100.0,100.0,9655.6
3173.6,0.0,24364.5,,,,,0.0,0.0,9655.6
3174.6,100.0,24321.9,,,,,100.0,100.0,9655.6
3175.6,0.0,24321.9,,,,,0.0,0.0,9655.6
3176.6,100.0,24198.9,,,,,100.0,100.0,9646.8
3177.6,0.0,24258.5,,,,,0.0,0.0,9648.5
3178.6,100.0,24258.5,,,,,100.0,100.0,9649.4
3179.6,0.0,24301.0,,,,,0.0,0.0,9635.8
3180.6,100.0,24301.0,,,,,100.0,100.0,9641.0
3181.6,0.0,24360.6,,,,,0.0,0.0,9646.8
3182.6,100.0,24377.6,,,,,100.0,100.0,9650.2
3183.6,0.0,24377.6,,,,,0.0,0.0,9650.5
3184.6,100.0,24449.3,,,,,100.0,100.0,9653.4
3185.6,0.0,24449.3,,,,,0.0,0.0,9653.4
3186.6,100.0,24407.0,,,,,100.0,100.0,9655.5
3187.6,0.0,24407.0,,,,,0.0,0.0,9655.5
3188.6,100.0,24364.5,,,,,100.0,100.0,9655.7
3189.6,100.0,24321.9,,,,,100.0,100.0,9655.7
3190.6,0.0,24321.9,,,,,0.0,0.0,9655.7
3191.6,100.0,24215.9,,,,,100.0,100.0,9655.9
3192.6,0.0,24216.0,,,,,0.0,0.0,9632.2
3193.6,0.0,24258.5,,,,,0.0,0.0,9635.5
3194.6,100.0,24258.5,,,,,100.0,100.0,9644.0
3195.6,0.0,24343.6,,,,,0.0,0.0,9650.4
3196.6,100.0,24343.6,,,,,100.0,100.0,9631.2
3197.6,0.0,24377.6,,,,,0.0,0.0,9635.7
3198.6,100.0,24377.6,,,,,100.0,100.0,9651.3
3199.6,100.0,24342.2,,,,,100.0,100.0,9651.3
3200.6,0.0,24449.3,,,,,0.0,0.0,9653.6
3201.6,100.0,24407.0,,,,,100.0,100.0,9655.7
3202.6,0.0,24407.0,,,,,0.0,0.0,9655.7
3203.6,100.0,24364.5,,,,,100.0,100.0,9655.9
3204.6,0.0,24364.5,,,,,0.0,0.0,9655.9
3205.6,100.0,24321.9,,,,,100.0,100.0,9655.9
3206.6,0.0,24321.9,,,,,0.0,0.0,9655.9
3207.6,100.0,24215.9,,,,,100.0,100.0,9635.3
3208.6,0.0,24258.5,,,,,0.0,0.0,9648.7
3209.6,0.0,24301.0,,,,,0.0,0.0,9639.3
3210.6,100.0,24301.0,,,,,100.0,100.0,9649.9
3211.6,100.0,24301.0,,,,,100.0,100.0,9636.5
3212.6,0.0,24343.6,,,,,0.0,0.0,9639.6
3213.6,100.0,24360.6,,,,,100.0,100.0,9649.5
3214.6,0.0,24377.6,,,,,0.0,0.0,9651.4
3215.6,100.0,24449.3,,,,,100.0,100.0,9653.7
3216.6,0.0,24449.3,,,,,0.0,0.0,9653.7
3217.6,100.0,24407.0,,,,,100.0,100.0,9655.9
3218.6,0.0,24407.0,,,,,0.0,0.0,9655.9
3219.6,100.0,24364.5,,,,,100.0,100.0,9656.1
3220.6,0.0,24364.5,,,,,0.0,0.0,9656.1
3221.6,100.0,24321.9,,,,,100.0,100.0,9656.1
3222.6,100.0,24215.9,,,,,100.0,100.0,9656.2
3223.6,0.0,24216.0,,,,,0.0,0.0,9649.1
3224.6,0.0,24258.5,,,,,0.0,0.0,9633.0
3225.6,100.0,24258.5,,,,,100.0,100.0,9634.7
3226.6,0.0,24301.0,,,,,0.0,0.0,9641.2
3227.6,100.0,24322.3,,,,,100.0,100.0,9647.7
3228.6,0.0,24377.6,,,,,0.0,0.0,9643.2
3229.6,100.0,24377.6,,,,,100.0,100.0,9651.0
3230.6,0.0,24377.6,,,,,0.0,0.0,9651.0
3231.61,100.0,24449.3,,,,,100.0,100.0,9654.0
3232.61,0.0,24449.3,,,,,0.0,0.0,9654.0
3233.61,100.0,24407.0,,,,,100.0,100.0,9656.2
3234.61,100.0,24364.5,,,,,100.0,100.0,9656.4
3235.61,0.0,24364.5,,,,,0.0,0.0,9656.4
3236.61,100.0,24321.9,,,,,100.0,100.0,9656.4
3237.61,0.0,24321.9,,,,,0.0,0.0,9656.4
3238.61,100.0,24215.9,,,,,100.0,100.0,9632.6
3239.61,0.0,24216.0,,,,,0.0,0.0,9639.2
3240.61,0.0,24301.0,,,,,0.0,0.0,9649.9
3241.61,100.0,24301.0,,,,,100.0,100.0,9628.5
3242.61,0.0,24343.6,,,,,0.0,0.0,9642.5
3243.61,100.0,24343.6,,,,,100.0,100.0,9636.9
3244.61,100.0,24343.6,,,,,100.0,100.0,9644.6
3245.61,0.0,24377.6,,,,,0.0,0.0,9651.3
3246.61,100.0,24449.3,,,,,100.0,100.0,9654.3
3247.61,0.0,24449.3,,,,,0.0,0.0,9654.3
3248.61,100.0,24407.0,,,,,100.0,100.0,9656.5
3249.61,0.0,24407.0,,,,,0.0,0.0,9656.5
3250.61,100.0,24364.5,,,,,100.0,100.0,9656.7
3251.61,0.0,24364.5,,,,,0.0,0.0,9656.7
3252.61,100.0,24321.9,,,,,100.0,100.0,9656.7
3253.61,0.0,24321.9,,,,,0.0,0.0,9656.7
3254.61,100.0,24216.0,,,,,100.0,100.0,9649.8
3255.61,0.0,24258.5,,,,,0.0,0.0,9649.6
3256.61,100.0,24258.5,,,,,100.0,100.0,9635.2
3257.61,0.0,24301.0,,,,,0.0,0.0,9638.3
3258.61,100.0,24322.3,,,,,100.0,100.0,9645.3
3259.61,0.0,24377.6,,,,,0.0,0.0,9651.2
3260.61,100.0,24377.6,,,,,100.0,100.0,9652.3
3261.61,0.0,24377.6,,,,,0.0,0.0,9652.3
3262.61,100.0,24449.3,,,,,100.0,100.0,9654.6
3263.61,0.0,24449.3,,,,,0.0,0.0,9654.6
3264.61,100.0,24407.0,,,,,100.0,100.0,9656.8
3265.61,0.0,24407.0,,,,,0.0,0.0,9656.8
3266.61,100.0,24364.5,,,,,100.0,100.0,9656.9
3267.61,100.0,24321.9,,,,,100.0,100.0,9657.0
3268.61,0.0,24321.9,,,,,0.0,0.0,9657.0
3269.61,100.0,24215.9,,,,,100.0,100.0,9631.1
3270.61,0.0,24216.0,,,,,0.0,0.0,9635.0
3271.61,0.0,24258.5,,,,,0.0,0.0,9642.5
3272.61,100.0,24301.0,,,,,100.0,100.0,9650.6
3273.61,0.0,24343.6,,,,,0.0,0.0,9631.2
3274.61,100.0,24343.6,,,,,100.0,100.0,9636.0
3275.61,0.0,24377.6,,,,,0.0,0.0,9640.4
3276.61,100.0,24377.6,,,,,100.0,100.0,9652.5
3277.61,100.0,24449.3,,,,,100.0,100.0,9654.8
3278.61,0.0,24449.3,,,,,0.0,0.0,9654.8
3279.61,100.0,24407.0,,,,,100.0,100.0,9657.0
3280.61,0.0,24407.0,,,,,0.0,0.0,9657.0
3281.61,100.0,24364.5,,,,,100.0,100.0,9657.2
3282.61,0.0,24364.5,,,,,0.0,0.0,9657.2
3283.61,100.0,24321.9,,,,,100.0,100.0,9657.2
3284.61,0.0,24321.9,,,,,0.0,0.0,9657.2
3285.61,100.0,24215.9,,,,,100.0,100.0,9643.0
3286.61,0.0,24258.5,,,,,0.0,0.0,9627.5
3287.61,100.0,24258.5,,,,,100.0,100.0,9633.0
3288.61,0.0,24301.0,,,,,0.0,0.0,9643.6
3289.61,100.0,24301.0,,,,,100.0,100.0,9639.8
3290.61,0.0,24360.6,,,,,0.0,0.0,9647.3
3291.61,100.0,24377.6,,,,,100.0,100.0,9652.0
3292.61,0.0,24377.6,,,,,0.0,0.0,9652.2
3293.61,100.0,24449.3,,,,,100.0,100.0,9654.9
3294.61,0.0,24449.3,,,,,0.0,0.0,9654.9
3295.61,100.0,24407.0,,,,,100.0,100.0,9657.2
3296.61,0.0,24407.0,,,,,0.0,0.0,9657.2
3297.61,100.0,24364.5,,,,,100.0,100.0,9657.4
3298.61,0.0,24364.5,,,,,0.0,0.0,9657.4
3299.61,100.0,24321.9,,,,,100.0,100.0,9657.4
3300.61,100.0,24215.9,,,,,100.0,100.0,9657.6
3301.61,0.0,24216.0,,,,,0.0,0.0,9650.5
3302.61,0.0,24258.5,,,,,0.0,0.0,9636.2
3303.61,100.0,24258.5,,,,,100.0,100.0,9642.0
3304.61,0.0,24322.3,,,,,0.0,0.0,9648.3
3305.62,100.0,24343.6,,,,,100.0,100.0,9652.0
3306.62,0.0,24377.6,,,,,0.0,0.0,9636.1
3307.62,100.0,24377.6,,,,,100.0,100.0,9652.5
3308.62,0.0,24377.6,,,,,0.0,0.0,9652.5
3309.62,100.0,24449.3,,,,,100.0,100.0,9655.3
3310.62,100.0,24407.0,,,,,100.0,100.0,9657.5
3311.62,0.0,24407.0,,,,,0.0,0.0,9657.5
3312.62,100.0,24364.5,,,,,100.0,100.0,9657.7
3313.62,0.0,24364.5,,,,,0.0,0.0,9657.7
3314.62,100.0,24321.9,,,,,100.0,100.0,9657.7
3315.62,0.0,24321.9,,,,,0.0,0.0,9657.7
3316.62,100.0,24215.9,,,,,100.0,100.0,9635.5
3317.62,0.0,24216.0,,,,,0.0,0.0,9646.2
3318.62,0.0,24301.0,,,,,0.0,0.0,9651.9
3319.62,100.0,24301.0,,,,,100.0,100.0,9632.3
3320.62,100.0,24301.0,,,,,100.0,100.0,9639.4
3321.62,0.0,24343.6,,,,,0.0,0.0,9639.1
3322.62,100.0,24360.6,,,,,100.0,100.0,9648.4
3323.62,0.0,24377.6,,,,,0.0,0.0,9652.8
3324.62,100.0,24449.3,,,,,100.0,100.0,9655.8
3325.62,0.0,24449.3,,,,,0.0,0.0,9655.8
3326.62,100.0,24407.0,,,,,100.0,100.0,9657.8
3327.62,0.0,24407.0,,,,,0.0,0.0,9657.8
3328.62,100.0,24364.5,,,,,100.0,100.0,9658.0
3329.62,0.0,24364.5,,,,,0.0,0.0,9658.0
3330.62,100.0,24321.9,,,,,100.0,100.0,9658.0
3331.62,0.0,24321.9,,,,,0.0,0.0,9658.0
3332.62,100.0,24216.0,,,,,100.0,100.0,9628.4
3333.62,0.0,24258.5,,,,,0.0,0.0,9634.0
3334.62,100.0,24258.5,,,,,100.0,100.0,9638.9
3335.62,0.0,24322.3,,,,,0.0,0.0,9647.4
3336.62,100.0,24322.3,,,,,100.0,100.0,9642.2
3337.62,0.0,24377.6,,,,,0.0,0.0,9646.1
3338.62,100.0,24377.6,,,,,100.0,100.0,9653.4
3339.62,0.0,24377.6,,,,,0.0,0.0,9653.4
3340.62,100.0,24449.3,,,,,100.0,100.0,9655.7
3341.62,0.0,24449.3,,,,,0.0,0.0,9655.7
3342.62,100.0,24407.0,,,,,100.0,100.0,9658.0
3343.62,100.0,24364.5,,,,,100.0,100.0,9658.2
3344.62,0.0,24364.5,,,,,0.0,0.0,9658.2
3345.62,100.0,24321.9,,,,,100.0,100.0,9658.2
3346.62,0.0,24321.9,,,,,0.0,0.0,9658.2
3347.62,100.0,24215.9,,,,,100.0,100.0,9634.1
3348.62,0.0,24216.0,,,,,0.0,0.0,9637.6
3349.62,0.0,24279.8,,,,,0.0,0.0,9649.5
3350.62,100.0,24301.0,,,,,100.0,100.0,9652.1
3351.62,0.0,24343.6,,,,,0.0,0.0,9636.1
3352.62,100.0,24343.6,,,,,100.0,100.0,9638.4
3353.62,100.0,24343.6,,,,,100.0,100.0,9643.3
3354.62,0.0,24377.6,,,,,0.0,0.0,9653.7
3355.62,100.0,24449.3,,,,,100.0,100.0,9656.0
3356.62,0.0,24449.3,,,,,0.0,0.0,9656.0
3357.62,100.0,24407.0,,,,,100.0,100.0,9658.2
3358.62,0.0,24407.0,,,,,0.0,0.0,9658.2
3359.62,100.0,24364.5,,,,,100.0,100.0,9658.3
3360.62,0.0,24364.5,,,,,0.0,0.0,9658.3
3361.62,100.0,24321.9,,,,,100.0,100.0,9658.3
3362.62,0.0,24321.9,,,,,0.0,0.0,9658.3
3363.62,100.0,24216.0,,,,,100.0,100.0,9651.0
3364.62,0.0,24258.5,,,,,0.0,0.0,9629.3
3365.62,100.0,24258.5,,,,,100.0,100.0,9633.8
3366.62,0.0,24301.0,,,,,0.0,0.0,9636.5
3367.62,100.0,24301.0,,,,,100.0,100.0,9640.7
3368.62,0.0,24343.6,,,,,0.0,0.0,9649.6
3369.62,100.0,24377.6,,,,,100.0,100.0,9652.8
3370.62,0.0,24377.6,,,,,0.0,0.0,9653.1
3371.62,100.0,24449.3,,,,,100.0,100.0,9656.1
3372.62,0.0,24449.3,,,,,0.0,0.0,9656.1
3373.62,100.0,24407.0,,,,,100.0,100.0,9658.4
3374.62,0.0,24407.0,,,,,0.0,0.0,9658.4
3375.62,100.0,24364.5,,,,,100.0,100.0,9658.6
3376.62,100.0,24321.9,,,,,100.0,100.0,9658.6
3377.62,0.0,24321.9,,,,,0.0,0.0,9658.6
3378.62,100.0,24215.9,,,,,100.0,100.0,9658.9
3379.63,0.0,24216.0,,,,,0.0,0.0,9643.3
3380.63,0.0,24258.5,,,,,0.0,0.0,9638.6
3381.63,100.0,24279.8,,,,,100.0,100.0,9648.9
3382.63,0.0,24343.6,,,,,0.0,0.0,9653.3
3383.63,100.0,24343.6,,,,,100.0,100.0,9653.3
3384.63,0.0,24377.6,,,,,0.0,0.0,9640.9
3385.63,100.0,24377.6,,,,,100.0,100.0,9653.9
3386.63,100.0,24449.3,,,,,100.0,100.0,9656.6
3387.63,0.0,24449.3,,,,,0.0,0.0,9656.6
3388.63,100.0,24407.0,,,,,100.0,100.0,9658.8
3389.63,0.0,24407.0,,,,,0.0,0.0,9658.8
3390.63,100.0,24364.5,,,,,100.0,100.0,9659.0
3391.63,0.0,24364.5,,,,,0.0,0.0,9659.0
3392.63,100.0,24321.9,,,,,100.0,100.0,9659.0
3393.63,0.0,24321.9,,,,,0.0,0.0,9659.0
3394.63,100.0,24215.9,,,,,100.0,100.0,9640.7
3395.63,0.0,24258.5,,,,,0.0,0.0,9651.7
3396.63,100.0,24258.5,,,,,100.0,100.0,9652.7
3397.63,0.0,24301.0,,,,,0.0,0.0,9636.0
3398.63,100.0,24301.0,,,,,100.0,100.0,9637.8
3399.63,0.0,24343.6,,,,,0.0,0.0,9642.7
3400.63,100.0,24360.6,,,,,100.0,100.0,9651.8
3401.63,0.0,24377.6,,,,,0.0,0.0,9653.8
3402.63,100.0,24449.3,,,,,100.0,100.0,9656.8
3403.63,0.0,24449.3,,,,,0.0,0.0,9656.8
3404.63,100.0,24407.0,,,,,100.0,100.0,9659.0
3405.63,0.0,24407.0,,,,,0.0,0.0,9659.0
3406.63,100.0,24364.5,,,,,100.0,100.0,9659.2
3407.63,0.0,24364.5,,,,,0.0,0.0,9659.2
3408.63,100.0,24321.9,,,,,100.0,100.0,9659.2
3409.63,100.0,24215.9,,,,,100.0,100.0,9659.3
3410.63,0.0,24216.0,,,,,0.0,0.0,9633.4
3411.63,0.0,24258.5,,,,,0.0,0.0,9635.3
3412.63,100.0,24258.5,,,,,100.0,100.0,9637.2
3413.63,0.0,24301.0,,,,,0.0,0.0,9648.4
3414.63,100.0,24343.6,,,,,100.0,100.0,9654.0
3415.63,0.0,24377.6,,,,,0.0,0.0,9654.0
3416.63,100.0,24377.6,,,,,100.0,100.0,9654.9
3417.63,0.0,24377.6,,,,,0.0,0.0,9654.9
3418.63,100.0,24449.3,,,,,100.0,100.0,9657.2
3419.63,100.0,24407.0,,,,,100.0,100.0,9659.4
3420.63,0.0,24407.0,,,,,0.0,0.0,9659.4
3421.63,100.0,24364.5,,,,,100.0,100.0,9659.6
3422.63,0.0,24364.5,,,,,0.0,0.0,9659.6
3423.63,100.0,24321.9,,,,,100.0,100.0,9659.6
3424.63,0.0,24321.9,,,,,0.0,0.0,9659.6
3425.63,100.0,24215.9,,,,,100.0,100.0,9637.5
3426.63,0.0,24216.0,,,,,0.0,0.0,9645.9
3427.63,0.0,24301.0,,,,,0.0,0.0,9653.2
3428.63,100.0,24301.0,,,,,100.0,100.0,9653.3
3429.63,100.0,24301.0,,,,,100.0,100.0,9637.5
3430.63,0.0,24343.6,,,,,0.0,0.0,9639.0
3431.63,100.0,24343.6,,,,,100.0,100.0,9646.6
3432.63,0.0,24377.6,,,,,0.0,0.0,9654.7
3433.63,100.0,24449.3,,,,,100.0,100.0,9657.3
3434.63,0.0,24449.3,,,,,0.0,0.0,9657.3
3435.63,100.0,24407.0,,,,,100.0,100.0,9659.4
3436.63,0.0,24407.0,,,,,0.0,0.0,9659.4
3437.63,100.0,24364.5,,,,,100.0,100.0,9659.6
3438.63,0.0,24364.5,,,,,0.0,0.0,9659.6
3439.63,100.0,24321.9,,,,,100.0,100.0,9659.6
3440.63,0.0,24321.9,,,,,0.0,0.0,9659.6
3441.63,100.0,24216.0,,,,,100.0,100.0,9652.5
3442.63,0.0,24258.5,,,,,0.0,0.0,9635.5
3443.63,100.0,24258.5,,,,,100.0,100.0,9637.2
3444.63,0.0,24301.0,,,,,0.0,0.0,9642.8
3445.63,100.0,24341.7,,,,,100.0,100.0,9654.1
3446.63,0.0,24377.6,,,,,0.0,0.0,9633.7
3447.63,100.0,24377.6,,,,,100.0,100.0,9654.8
3448.63,0.0,24377.6,,,,,0.0,0.0,9654.8
3449.63,100.0,24449.3,,,,,100.0,100.0,9657.5
3450.64,0.0,24449.3,,,,,0.0,0.0,9657.5
3451.64,100.0,24407.0,,,,,100.0,100.0,9659.7
3452.64,100.0,24364.5,,,,,100.0,100.0,9659.9
3453.64,0.0,24364.5,,,,,0.0,0.0,9659.9
3454.64,100.0,24321.9,,,,,100.0,100.0,9659.9
3455.64,0.0,24321.9,,,,,0.0,0.0,9659.9
3456.64,100.0,24215.9,,,,,100.0,100.0,9634.0
3457.64,0.0,24216.0,,,,,0.0,0.0,9638.1
3458.64,0.0,24279.8,,,,,0.0,0.0,9649.2
3459.64,100.0,24301.0,,,,,100.0,100.0,9643.2
3460.64,0.0,24343.6,,,,,0.0,0.0,9646.1
3461.64,100.0,24343.6,,,,,100.0,100.0,9646.9
3462.64,100.0,24343.6,,,,,100.0,100.0,9644.0
3463.64,0.0,24377.6,,,,,0.0,0.0,9655.0
3464.64,100.0,24449.3,,,,,100.0,100.0,9657.9
3465.64,0.0,24449.3,,,,,0.0,0.0,9657.9
3466.64,100.0,24407.0,,,,,100.0,100.0,9660.1
3467.64,0.0,24407.0,,,,,0.0,0.0,9660.1
3468.64,100.0,24364.5,,,,,100.0,100.0,9660.3
3469.64,0.0,24364.5,,,,,0.0,0.0,9660.3
3470.64,100.0,24321.9,,,,,100.0,100.0,9660.3
3471.64,0.0,24321.9,,,,,0.0,0.0,9660.3
3472.64,100.0,24215.9,,,,,100.0,100.0,9652.8
3473.64,0.0,24258.5,,,,,0.0,0.0,9653.2
3474.64,100.0,24258.5,,,,,100.0,100.0,9637.8
3475.64,0.0,24301.0,,,,,0.0,0.0,9639.4
3476.64,100.0,24301.0,,,,,100.0,100.0,9645.0
3477.64,0.0,24360.6,,,,,0.0,0.0,9652.9
3478.64,100.0,24377.6,,,,,100.0,100.0,9655.7
3479.64,0.0,24377.6,,,,,0.0,0.0,9655.9
3480.64,100.0,24449.3,,,,,100.0,100.0,9658.1
3481.64,0.0,24449.3,,,,,0.0,0.0,9658.1
3482.64,100.0,24407.0,,,,,100.0,100.0,9660.3
3483.64,0.0,24407.0,,,,,0.0,0.0,9660.3
3484.64,100.0,24364.5,,,,,100.0,100.0,9660.5
3485.64,100.0,24321.9,,,,,100.0,100.0,9660.5
3486.64,0.0,24321.9,,,,,0.0,0.0,9660.5
3487.64,100.0,24215.9,,,,,100.0,100.0,9630.5
3488.64,0.0,24216.0,,,,,0.0,0.0,9636.6
3489.64,0.0,24258.5,,,,,0.0,0.0,9638.6
3490.64,100.0,24258.5,,,,,100.0,100.0,9647.0
3491.64,0.0,24343.6,,,,,0.0,0.0,9643.9
3492.64,100.0,24343.6,,,,,100.0,100.0,9646.7
3493.64,0.0,24377.6,,,,,0.0,0.0,9647.7
3494.64,100.0,24377.6,,,,,100.0,100.0,9656.2
3495.64,100.0,24449.3,,,,,100.0,100.0,9658.5
3496.64,0.0,24449.3,,,,,0.0,0.0,9658.5
3497.64,100.0,24407.0,,,,,100.0,100.0,9660.7
3498.64,0.0,24407.0,,,,,0.0,0.0,9660.7
3499.64,100.0,24364.5,,,,,100.0,100.0,9660.9
3500.64,0.0,24364.5,,,,,0.0,0.0,9660.9
3501.64,100.0,24321.9,,,,,100.0,100.0,9660.9
3502.64,0.0,24321.9,,,,,0.0,0.0,9660.9
3503.64,100.0,24215.9,,,,,100.0,100.0,9635.4
3504.64,0.0,24216.0,,,,,0.0,0.0,9638.2
3505.64,0.0,24301.0,,,,,0.0,0.0,9652.6
3506.64,100.0,24301.0,,,,,100.0,100.0,9652.9
3507.64,0.0,24343.6,,,,,0.0,0.0,9638.4
3508.64,100.0,24343.6,,,,,100.0,100.0,9639.8
3509.64,100.0,24343.6,,,,,100.0,100.0,9645.3
3510.64,0.0,24377.6,,,,,0.0,0.0,9655.3
3511.64,100.0,24449.3,,,,,100.0,100.0,9657.6
3512.64,0.0,24449.3,,,,,0.0,0.0,9657.6
3513.64,100.0,24407.0,,,,,100.0,100.0,9659.8
3514.64,0.0,24407.0,,,,,0.0,0.0,9659.8
3515.64,100.0,24364.5,,,,,100.0,100.0,9660.0
3516.64,0.0,24364.5,,,,,0.0,0.0,9660.0
3517.64,100.0,24321.9,,,,,100.0,100.0,9660.0
3518.64,0.0,24321.9,,,,,0.0,0.0,9660.0
3519.64,100.0,24216.0,,,,,100.0,100.0,9652.8
3520.64,0.0,24258.5,,,,,0.0,0.0,9634.4
3521.64,100.0,24258.5,,,,,100.0,100.0,9638.4
3522.65,0.0,24301.0,,,,,0.0,0.0,9644.2
3523.65,100.0,24343.6,,,,,100.0,100.0,9654.7
3524.65,0.0,24377.6,,,,,0.0,0.0,9635.5
3525.65,100.0,24377.6,,,,,100.0,100.0,9655.7
3526.65,0.0,24377.6,,,,,0.0,0.0,9655.7
3527.65,100.0,24449.3,,,,,100.0,100.0,9658.1
3528.65,0.0,24449.3,,,,,0.0,0.0,9658.1
3529.65,100.0,24407.0,,,,,100.0,100.0,9660.1
3530.65,0.0,24407.0,,,,,0.0,0.0,9660.1
3531.65,100.0,24364.5,,,,,100.0,100.0,9660.3
3532.65,100.0,24321.9,,,,,100.0,100.0,9660.3
3533.65,0.0,24321.9,,,,,0.0,0.0,9660.3
3534.65,100.0,24215.9,,,,,100.0,100.0,9660.5
3535.65,0.0,24216.0,,,,,0.0,0.0,9638.4
3536.65,0.0,24258.5,,,,,0.0,0.0,9642.4
3537.65,100.0,24279.8,,,,,100.0,100.0,9651.0
3538.65,0.0,24343.6,,,,,0.0,0.0,9654.9
3539.65,100.0,24343.6,,,,,100.0,100.0,9638.1
3540.65,0.0,24377.6,,,,,0.0,0.0,9642.5
3541.65,100.0,24377.6,,,,,100.0,100.0,9655.1
3542.65,100.0,24449.3,,,,,100.0,100.0,9658.0
3543.65,0.0,24449.3,,,,,0.0,0.0,9658.0
3544.65,100.0,24407.0,,,,,100.0,100.0,9660.3
3545.65,0.0,24407.0,,,,,0.0,0.0,9660.3
3546.65,100.0,24364.5,,,,,100.0,100.0,9660.5
3547.65,0.0,24364.5,,,,,0.0,0.0,9660.5
3548.65,100.0,24321.9,,,,,100.0,100.0,9660.5
3549.65,0.0,24321.9,,,,,0.0,0.0,9660.5
3550.65,100.0,24215.9,,,,,100.0,100.0,9643.6
3551.65,0.0,24258.5,,,,,0.0,0.0,9653.2
3552.65,100.0,24258.5,,,,,100.0,100.0,9635.9
3553.65,0.0,24301.0,,,,,0.0,0.0,9639.6
3554.65,100.0,24301.0,,,,,100.0,100.0,9642.3
3555.65,0.0,24360.6,,,,,0.0,0.0,9648.7
3556.65,100.0,24360.6,,,,,100.0,100.0,9652.9
3557.65,0.0,24377.6,,,,,0.0,0.0,9656.0
3558.65,100.0,24449.3,,,,,100.0,100.0,9658.3
3559.65,0.0,24449.3,,,,,0.0,0.0,9658.3
3560.65,100.0,24407.0,,,,,100.0,100.0,9660.6
3561.65,0.0,24407.0,,,,,0.0,0.0,9660.6
3562.65,100.0,24364.5,,,,,100.0,100.0,9660.7
3563.65,0.0,24364.5,,,,,0.0,0.0,9660.7
3564.65,100.0,24321.9,,,,,100.0,100.0,9660.7
3565.65,100.0,24215.9,,,,,100.0,100.0,9630.2
3566.65,0.0,24216.0,,,,,0.0,0.0,9636.5
3567.65,0.0,24258.5,,,,,0.0,0.0,9639.6
3568.65,100.0,24258.5,,,,,100.0,100.0,9647.7
3569.65,0.0,24322.3,,,,,0.0,0.0,9640.5
3570.65,100.0,24343.6,,,,,100.0,100.0,9648.3
3571.65,0.0,24377.6,,,,,0.0,0.0,9649.9
3572.65,100.0,24377.6,,,,,100.0,100.0,9656.6
3573.65,0.0,24377.6,,,,,0.0,0.0,9656.6
3574.65,100.0,24449.3,,,,,100.0,100.0,9658.9
3575.65,100.0,24407.0,,,,,100.0,100.0,9660.9
3576.65,0.0,24407.0,,,,,0.0,0.0,9660.9
3577.65,100.0,24364.5,,,,,100.0,100.0,9661.1
3578.65,0.0,24364.5,,,,,0.0,0.0,9661.1
3579.65,100.0,24321.9,,,,,100.0,100.0,9661.1
3580.65,0.0,24321.9,,,,,0.0,0.0,9661.1
3581.65,100.0,24215.9,,,,,100.0,100.0,9640.4
3582.65,0.0,24237.2,,,,,0.0,0.0,9650.8
3583.65,0.0,24301.0,,,,,0.0,0.0,9654.9
3584.65,100.0,24301.0,,,,,100.0,100.0,9654.9
3585.65,100.0,24301.0,,,,,100.0,100.0,9641.8
3586.65,0.0,24343.6,,,,,0.0,0.0,9644.7
3587.65,100.0,24360.6,,,,,100.0,100.0,9654.1
3588.65,0.0,24377.6,,,,,0.0,0.0,9656.8
3589.65,100.0,24449.3,,,,,100.0,100.0,9659.1
3590.65,0.0,24449.3,,,,,0.0,0.0,9659.1
3591.65,100.0,24407.0,,,,,100.0,100.0,9661.2
3592.65,0.0,24407.0,,,,,0.0,0.0,9661.2
3593.65,100.0,24364.5,,,,,100.0,100.0,9661.4
3594.65,0.0,24364.5,,,,,0.0,0.0,9661.4
3595.66,100.0,24321.9,,,,,100.0,100.0,9661.4
3596.66,0.0,24321.9,,,,,0.0,0.0,9661.4
3597.66,100.0,24216.0,,,,,100.0,100.0,9654.3
3598.66,0.0,24258.5,,,,,0.0,0.0,9638.2
3599.66,100.0,24258.5,,,,,100.0,100.0,9640.0
3600.66,0.0,24301.0,,,,,0.0,0.0,9645.7
3601.66,100.0,24322.3,,,,,100.0,100.0,9653.8
3602.66,0.0,24377.6,,,,,0.0,0.0,9646.7
3603.66,100.0,24377.6,,,,,100.0,100.0,9656.3
3604.66,0.0,24377.6,,,,,0.0,0.0,9656.3
3605.66,100.0,24449.3,,,,,100.0,100.0,9659.3
3606.66,0.0,24449.3,,,,,0.0,0.0,9659.3
3607.66,100.0,24407.0,,,,,100.0,100.0,9661.6
3608.66,100.0,24364.5,,,,,100.0,100.0,9661.7
3609.66,0.0,24364.5,,,,,0.0,0.0,9661.7
3610.66,100.0,24321.9,,,,,100.0,100.0,9661.7
3611.66,0.0,24321.9,,,,,0.0,0.0,9661.7
3612.66,100.0,24215.9,,,,,100.0,100.0,9636.4
3613.66,0.0,24216.0,,,,,0.0,0.0,9640.4
3614.66,0.0,24279.8,,,,,0.0,0.0,9653.1
3615.66,100.0,24301.0,,,,,100.0,100.0,9645.8
3616.66,0.0,24343.6,,,,,0.0,0.0,9648.9
3617.66,100.0,24343.6,,,,,100.0,100.0,9642.9
3618.66,100.0,24343.6,,,,,100.0,100.0,9649.7
3619.66,0.0,24377.6,,,,,0.0,0.0,9656.5
3620.66,100.0,24449.3,,,,,100.0,100.0,9659.6
3621.66,0.0,24449.3,,,,,0.0,0.0,9659.6
3622.66,100.0,24407.0,,,,,100.0,100.0,9661.8
3623.66,0.0,24407.0,,,,,0.0,0.0,9661.8
3624.66,100.0,24364.5,,,,,100.0,100.0,9661.9
3625.66,0.0,24364.5,,,,,0.0,0.0,9661.9
3626.66,100.0,24321.9,,,,,100.0,100.0,9661.9
3627.66,0.0,24321.9,,,,,0.0,0.0,9661.9
3628.66,100.0,24216.0,,,,,100.0,100.0,9654.7
3629.66,0.0,24258.5,,,,,0.0,0.0,9654.8
3630.66,100.0,24258.5,,,,,100.0,100.0,9640.6
3631.66,0.0,24301.0,,,,,0.0,0.0,9642.3
3632.66,100.0,24301.0,,,,,100.0,100.0,9647.1
3633.66,0.0,24360.6,,,,,0.0,0.0,9656.0
3634.66,100.0,24377.6,,,,,100.0,100.0,9657.4
3635.66,0.0,24377.6,,,,,0.0,0.0,9657.7
3636.66,100.0,24449.3,,,,,100.0,100.0,9659.9
3637.66,0.0,24449.3,,,,,0.0,0.0,9659.9
3638.66,100.0,24407.0,,,,,100.0,100.0,9662.1
3639.66,0.0,24407.0,,,,,0.0,0.0,9662.1
3640.66,100.0,24364.5,,,,,100.0,100.0,9662.3
3641.66,100.0,24321.9,,,,,100.0,100.0,9662.3
3642.66,0.0,24321.9,,,,,0.0,0.0,9662.3
3643.66,100.0,24215.9,,,,,100.0,100.0,9633.5
3644.66,0.0,24216.0,,,,,0.0,0.0,9638.1
3645.66,0.0,24258.5,,,,,0.0,0.0,9642.6
3646.66,100.0,24279.8,,,,,100.0,100.0,9650.7
3647.66,0.0,24343.6,,,,,0.0,0.0,9647.3
3648.66,100.0,24343.6,,,,,100.0,100.0,9649.5
3649.66,0.0,24377.6,,,,,0.0,0.0,9651.5
3650.66,100.0,24377.6,,,,,100.0,100.0,9657.7
3651.66,0.0,24377.6,,,,,0.0,0.0,9657.7
3652.66,100.0,24449.3,,,,,100.0,100.0,9660.3
3653.66,100.0,24407.0,,,,,100.0,100.0,9662.5
3654.66,0.0,24407.0,,,,,0.0,0.0,9662.5
3655.66,100.0,24364.5,,,,,100.0,100.0,9662.6
3656.66,0.0,24364.5,,,,,0.0,0.0,9662.6
3657.66,100.0,24321.9,,,,,100.0,100.0,9662.6
3658.66,0.0,24321.9,,,,,0.0,0.0,9662.6
3659.66,100.0,24215.9,,,,,100.0,100.0,9643.8
3660.66,0.0,24258.5,,,,,0.0,0.0,9655.2
3661.66,0.0,24301.0,,,,,0.0,0.0,9656.6
3662.66,100.0,24301.0,,,,,100.0,100.0,9656.4
3663.66,100.0,24301.0,,,,,100.0,100.0,9644.3
3664.66,0.0,24343.6,,,,,0.0,0.0,9648.1
3665.66,100.0,24377.6,,,,,100.0,100.0,9657.8
3666.67,0.0,24377.6,,,,,0.0,0.0,9658.1
3667.67,100.0,24449.3,,,,,100.0,100.0,9660.5
3668.67,0.0,24449.3,,,,,0.0,0.0,9660.5
3669.67,100.0,24407.0,,,,,100.0,100.0,9662.7
3670.67,0.0,24407.0,,,,,0.0,0.0,9662.7
3671.67,100.0,24364.5,,,,,100.0,100.0,9662.9
3672.67,0.0,24364.5,,,,,0.0,0.0,9662.9
3673.67,100.0,24321.9,,,,,100.0,100.0,9662.9
3674.67,100.0,24215.9,,,,,100.0,100.0,9663.0
3675.67,0.0,24216.0,,,,,0.0,0.0,9656.1
3676.67,0.0,24258.5,,,,,0.0,0.0,9641.4
3677.67,100.0,24258.5,,,,,100.0,100.0,9642.8
3678.67,0.0,24322.3,,,,,0.0,0.0,9650.9
3679.67,100.0,24322.3,,,,,100.0,100.0,9656.8
3680.67,0.0,24377.6,,,,,0.0,0.0,9650.6
3681.67,100.0,24377.6,,,,,100.0,100.0,9658.1
3682.67,0.0,24377.6,,,,,0.0,0.0,9658.1
3683.67,100.0,24449.3,,,,,100.0,100.0,9661.1
3684.67,100.0,24406.8,,,,,100.0,100.0,9662.8
3685.67,0.0,24407.0,,,,,0.0,0.0,9663.1
3686.67,100.0,24364.5,,,,,100.0,100.0,9663.2
3687.67,0.0,24364.5,,,,,0.0,0.0,9663.2
3688.67,100.0,24321.9,,,,,100.0,100.0,9663.3
3689.67,0.0,24321.9,,,,,0.0,0.0,9663.3
3690.67,100.0,24215.9,,,,,100.0,100.0,9640.0
3691.67,0.0,24216.0,,,,,0.0,0.0,9646.7
3692.67,0.0,24301.0,,,,,0.0,0.0,9656.9
3693.67,100.0,24301.0,,,,,100.0,100.0,9647.8
3694.67,0.0,24343.6,,,,,0.0,0.0,9651.1
3695.67,100.0,24343.6,,,,,100.0,100.0,9648.0
3696.67,100.0,24360.6,,,,,100.0,100.0,9654.7
3697.67,0.0,24377.6,,,,,0.0,0.0,9658.1
3698.67,100.0,24449.3,,,,,100.0,100.0,9661.1
3699.67,0.0,24449.3,,,,,0.0,0.0,9661.1
3700.67,100.0,24407.0,,,,,100.0,100.0,9663.3
3701.67,0.0,24407.0,,,,,0.0,0.0,9663.3
3702.67,100.0,24364.5,,,,,100.0,100.0,9663.5
3703.67,0.0,24364.5,,,,,0.0,0.0,9663.5
3704.67,100.0,24321.9,,,,,100.0,100.0,9663.5
3705.67,0.0,24321.9,,,,,0.0,0.0,9663.5
3706.67,100.0,24216.0,,,,,100.0,100.0,9656.4
3707.67,0.0,24258.5,,,,,0.0,0.0,9656.5
3708.67,100.0,24258.5,,,,,100.0,100.0,9642.3
3709.67,0.0,24301.0,,,,,0.0,0.0,9644.1
3710.67,100.0,24301.0,,,,,100.0,100.0,9652.0
3711.67,0.0,24377.6,,,,,0.0,0.0,9658.1
3712.67,100.0,24377.6,,,,,100.0,100.0,9659.1
3713.67,0.0,24377.6,,,,,0.0,0.0,9659.1
3714.67,100.0,24449.3,,,,,100.0,100.0,9661.3
3715.67,0.0,24449.3,,,,,0.0,0.0,9661.3
3716.67,100.0,24407.0,,,,,100.0,100.0,9663.6
3717.67,0.0,24407.0,,,,,0.0,0.0,9663.6
3718.67,100.0,24364.5,,,,,100.0,100.0,9663.7
3719.67,100.0,24321.9,,,,,100.0,100.0,9663.7
3720.67,0.0,24321.9,,,,,0.0,0.0,9663.7
3721.67,100.0,24215.9,,,,,100.0,100.0,9639.2
3722.67,0.0,24216.0,,,,,0.0,0.0,9641.6
3723.67,0.0,24258.5,,,,,0.0,0.0,9647.8
3724.67,100.0,24279.8,,,,,100.0,100.0,9656.6
3725.67,0.0,24343.6,,,,,0.0,0.0,9637.1
3726.67,100.0,24343.6,,,,,100.0,100.0,9651.5
3727.67,0.0,24377.6,,,,,0.0,0.0,9646.0
3728.67,100.0,24377.6,,,,,100.0,100.0,9659.2
3729.67,100.0,24449.3,,,,,100.0,100.0,9661.9
3730.67,0.0,24449.3,,,,,0.0,0.0,9661.9
3731.68,100.0,24407.0,,,,,100.0,100.0,9663.9
3732.68,0.0,24407.0,,,,,0.0,0.0,9663.9
3733.68,100.0,24364.5,,,,,100.0,100.0,9664.1
3734.68,0.0,24364.5,,,,,0.0,0.0,9664.1
3735.68,100.0,24321.9,,,,,100.0,100.0,9664.1
3736.68,0.0,24321.9,,,,,0.0,0.0,9664.1
3737.68,100.0,24215.9,,,,,100.0,100.0,9651.2
3738.68,0.0,24258.5,,,,,0.0,0.0,9646.5
3739.68,100.0,24258.5,,,,,100.0,100.0,9649.3
3740.68,0.0,24301.0,,,,,0.0,0.0,9643.9
3741.68,100.0,24301.0,,,,,100.0,100.0,9647.5
3742.68,0.0,24343.6,,,,,0.0,0.0,9653.6
3743.68,100.0,24377.6,,,,,100.0,100.0,9659.2
3744.68,0.0,24377.6,,,,,0.0,0.0,9659.3
3745.68,100.0,24449.3,,,,,100.0,100.0,9662.0
3746.68,0.0,24449.3,,,,,0.0,0.0,9662.0
3747.68,100.0,24407.0,,,,,100.0,100.0,9664.1
3748.68,0.0,24407.0,,,,,0.0,0.0,9664.1
3749.68,100.0,24364.5,,,,,100.0,100.0,9664.3
3750.68,0.0,24364.5,,,,,0.0,0.0,9664.3
3751.68,100.0,24321.9,,,,,100.0,100.0,9664.3
3752.68,100.0,24215.9,,,,,100.0,100.0,9664.5
3753.68,0.0,24216.0,,,,,0.0,0.0,9640.9
3754.68,0.0,24258.5,,,,,0.0,0.0,9644.2
3755.68,100.0,24258.5,,,,,100.0,100.0,9650.9
3756.68,0.0,24343.6,,,,,0.0,0.0,9659.0
3757.68,100.0,24343.6,,,,,100.0,100.0,9639.3
3758.68,0.0,24377.6,,,,,0.0,0.0,9645.1
3759.68,100.0,24377.6,,,,,100.0,100.0,9659.2
3760.68,0.0,24377.6,,,,,0.0,0.0,9659.2
3761.68,100.0,24449.3,,,,,100.0,100.0,9662.2
3762.68,100.0,24407.0,,,,,100.0,100.0,9664.4
3763.68,0.0,24407.0,,,,,0.0,0.0,9664.4
3764.68,100.0,24364.5,,,,,100.0,100.0,9664.5
3765.68,0.0,24364.5,,,,,0.0,0.0,9664.5
3766.68,100.0,24321.9,,,,,100.0,100.0,9664.5
3767.68,0.0,24321.9,,,,,0.0,0.0,9664.5
3768.68,100.0,24215.9,,,,,100.0,100.0,9644.4
3769.68,0.0,24237.2,,,,,0.0,0.0,9653.7
3770.68,0.0,24301.0,,,,,0.0,0.0,9637.3
3771.68,100.0,24301.0,,,,,100.0,100.0,9645.1
3772.68,100.0,24301.0,,,,,100.0,100.0,9655.6
3773.68,0.0,24360.6,,,,,0.0,0.0,9652.4
3774.68,100.0,24360.6,,,,,100.0,100.0,9654.7
3775.68,0.0,24377.6,,,,,0.0,0.0,9660.5
3776.68,100.0,24449.3,,,,,100.0,100.0,9662.8
3777.68,0.0,24449.3,,,,,0.0,0.0,9662.8
3778.68,100.0,24407.0,,,,,100.0,100.0,9664.7
3779.68,0.0,24407.0,,,,,0.0,0.0,9664.7
3780.68,100.0,24364.5,,,,,100.0,100.0,9664.9
3781.68,0.0,24364.5,,,,,0.0,0.0,9664.9
3782.68,100.0,24321.9,,,,,100.0,100.0,9664.9
3783.68,0.0,24321.9,,,,,0.0,0.0,9664.9
3784.68,100.0,24216.0,,,,,100.0,100.0,9647.4
3785.68,0.0,24258.5,,,,,0.0,0.0,9650.5
3786.68,100.0,24258.5,,,,,100.0,100.0,9649.6
3787.68,0.0,24322.3,,,,,0.0,0.0,9645.2
3788.68,100.0,24343.6,,,,,100.0,100.0,9649.8
3789.68,0.0,24377.6,,,,,0.0,0.0,9652.5
3790.68,100.0,24377.6,,,,,100.0,100.0,9660.3
3791.68,0.0,24377.6,,,,,0.0,0.0,9660.3
3792.68,100.0,24449.3,,,,,100.0,100.0,9662.6
3793.68,0.0,24449.3,,,,,0.0,0.0,9662.6
3794.68,100.0,24407.0,,,,,100.0,100.0,9664.8
3795.68,100.0,24364.5,,,,,100.0,100.0,9665.0
3796.68,0.0,24364.5,,,,,0.0,0.0,9665.0
3797.68,100.0,24321.9,,,,,100.0,100.0,9665.0
3798.68,0.0,24321.9,,,,,0.0,0.0,9665.0
3799.68,100.0,24215.9,,,,,100.0,100.0,9642.2
3800.68,0.0,24216.0,,,,,0.0,0.0,9646.1
3801.68,0.0,24279.8,,,,,0.0,0.0,9654.4
3802.68,100.0,24301.0,,,,,100.0,100.0,9658.8
3803.68,0.0,24343.6,,,,,0.0,0.0,9642.2
3804.68,100.0,24343.6,,,,,100.0,100.0,9655.6
3805.69,100.0,24360.6,,,,,100.0,100.0,9653.7
3806.69,0.0,24377.6,,,,,0.0,0.0,9660.3
3807.69,100.0,24449.3,,,,,100.0,100.0,9662.9
3808.69,0.0,24449.3,,,,,0.0,0.0,9662.9
3809.69,100.0,24407.0,,,,,100.0,100.0,9665.1
3810.69,0.0,24407.0,,,,,0.0,0.0,9665.1
3811.69,100.0,24364.5,,,,,100.0,100.0,9665.3
3812.69,0.0,24364.5,,,,,0.0,0.0,9665.3
3813.69,100.0,24321.9,,,,,100.0,100.0,9665.3
3814.69,0.0,24321.9,,,,,0.0,0.0,9665.3
3815.69,100.0,24216.0,,,,,100.0,100.0,9657.9
3816.69,0.0,24258.5,,,,,0.0,0.0,9641.1
3817.69,100.0,24258.5,,,,,100.0,100.0,9642.9
3818.69,0.0,24301.0,,,,,0.0,0.0,9648.8
3819.69,100.0,24322.3,,,,,100.0,100.0,9657.7
3820.69,0.0,24377.6,,,,,0.0,0.0,9652.4
3821.69,100.0,24377.6,,,,,100.0,100.0,9660.4
3822.69,0.0,24377.6,,,,,0.0,0.0,9660.4
3823.69,100.0,24449.3,,,,,100.0,100.0,9663.1
3824.69,0.0,24449.3,,,,,0.0,0.0,9663.1
3825.69,100.0,24407.0,,,,,100.0,100.0,9665.3
3826.69,0.0,24407.0,,,,,0.0,0.0,9665.3
3827.69,100.0,24364.5,,,,,100.0,100.0,9665.5
3828.69,100.0,24321.9,,,,,100.0,100.0,9665.5
3829.69,0.0,24321.9,,,,,0.0,0.0,9665.5
3830.69,100.0,24215.9,,,,,100.0,100.0,9665.8
3831.69,0.0,24216.0,,,,,0.0,0.0,9643.8
3832.69,0.0,24258.5,,,,,0.0,0.0,9651.5
3833.69,100.0,24301.0,,,,,100.0,100.0,9659.1
3834.69,0.0,24343.6,,,,,0.0,0.0,9660.3
3835.69,100.0,24343.6,,,,,100.0,100.0,9645.2
3836.69,0.0,24377.6,,,,,0.0,0.0,9648.6
3837.69,100.0,24377.6,,,,,100.0,100.0,9660.3
3838.69,100.0,24449.3,,,,,100.0,100.0,9663.3
3839.69,0.0,24449.3,,,,,0.0,0.0,9663.3
3840.69,100.0,24407.0,,,,,100.0,100.0,9665.5
3841.69,0.0,24407.0,,,,,0.0,0.0,9665.5
3842.69,100.0,24364.5,,,,,100.0,100.0,9665.7
3843.69,0.0,24364.5,,,,,0.0,0.0,9665.7
3844.69,100.0,24321.9,,,,,100.0,100.0,9665.7
3845.69,0.0,24321.9,,,,,0.0,0.0,9665.7
3846.69,100.0,24215.9,,,,,100.0,100.0,9650.4
3847.69,0.0,24258.5,,,,,0.0,0.0,9658.9
3848.69,100.0,24258.5,,,,,100.0,100.0,9640.9
3849.69,0.0,24301.0,,,,,0.0,0.0,9643.5
3850.69,100.0,24301.0,,,,,100.0,100.0,9646.9
3851.69,0.0,24360.6,,,,,0.0,0.0,9657.2
3852.69,100.0,24377.6,,,,,100.0,100.0,9661.1
3853.69,0.0,24377.6,,,,,0.0,0.0,9661.3
3854.69,100.0,24449.3,,,,,100.0,100.0,9663.6
3855.69,0.0,24449.3,,,,,0.0,0.0,9663.6
3856.69,100.0,24407.0,,,,,100.0,100.0,9665.8
3857.69,0.0,24407.0,,,,,0.0,0.0,9665.8
3858.69,100.0,24364.5,,,,,100.0,100.0,9665.9
3859.69,0.0,24364.5,,,,,0.0,0.0,9665.9
3860.69,100.0,24321.9,,,,,100.0,100.0,9665.9
3861.69,100.0,24215.9,,,,,100.0,100.0,9635.2
3862.69,0.0,24216.0,,,,,0.0,0.0,9640.6
3863.69,0.0,24258.5,,,,,0.0,0.0,9644.7
3864.69,100.0,24258.5,,,,,100.0,100.0,9650.8
3865.69,0.0,24343.6,,,,,0.0,0.0,9649.6
3866.69,100.0,24343.6,,,,,100.0,100.0,9651.2
3867.69,0.0,24377.6,,,,,0.0,0.0,9653.3
3868.69,100.0,24377.6,,,,,100.0,100.0,9661.5
3869.69,0.0,24377.6,,,,,0.0,0.0,9661.5
3870.69,100.0,24449.3,,,,,100.0,100.0,9663.8
3871.69,100.0,24407.0,,,,,100.0,100.0,9666.1
3872.69,0.0,24407.0,,,,,0.0,0.0,9666.1
3873.69,100.0,24364.5,,,,,100.0,100.0,9666.3
3874.69,0.0,24364.5,,,,,0.0,0.0,9666.3
3875.69,100.0,24321.9,,,,,100.0,100.0,9666.3
3876.69,0.0,24321.9,,,,,0.0,0.0,9666.3
3877.69,100.0,24215.9,,,,,100.0,100.0,9645.4
3878.69,0.0,24237.2,,,,,0.0,0.0,9655.8
3879.7,0.0,24301.0,,,,,0.0,0.0,9660.2
3880.7,100.0,24301.0,,,,,100.0,100.0,9660.3
3881.7,100.0,24301.0,,,,,100.0,100.0,9647.2
3882.7,0.0,24343.6,,,,,0.0,0.0,9652.1
3883.7,100.0,24360.6,,,,,100.0,100.0,9657.0
3884.7,0.0,24377.6,,,,,0.0,0.0,9661.8
3885.7,100.0,24449.3,,,,,100.0,100.0,9664.4
3886.7,0.0,24449.3,,,,,0.0,0.0,9664.4
3887.7,100.0,24407.0,,,,,100.0,100.0,9666.2
3888.7,0.0,24407.0,,,,,0.0,0.0,9666.2
3889.7,100.0,24364.5,,,,,100.0,100.0,9666.4
3890.7,0.0,24364.5,,,,,0.0,0.0,9666.4
3891.7,100.0,24321.9,,,,,100.0,100.0,9666.4
3892.7,0.0,24321.9,,,,,0.0,0.0,9666.4
3893.7,100.0,24216.0,,,,,100.0,100.0,9659.4
3894.7,0.0,24258.5,,,,,0.0,0.0,9643.1
3895.7,100.0,24258.5,,,,,100.0,100.0,9644.7
3896.7,0.0,24301.0,,,,,0.0,0.0,9650.2
3897.7,100.0,24322.3,,,,,100.0,100.0,9660.2
3898.7,0.0,24377.6,,,,,0.0,0.0,9652.3
3899.7,100.0,24377.6,,,,,100.0,100.0,9661.4
3900.7,0.0,24377.6,,,,,0.0,0.0,9661.4
3901.7,100.0,24449.3,,,,,100.0,100.0,9664.4
3902.7,0.0,24449.3,,,,,0.0,0.0,9664.4
3903.7,100.0,24407.0,,,,,100.0,100.0,9666.5
3904.7,100.0,24364.5,,,,,100.0,100.0,9666.7
3905.7,0.0,24364.5,,,,,0.0,0.0,9666.7
3906.7,100.0,24321.9,,,,,100.0,100.0,9666.7
3907.7,0.0,24321.9,,,,,0.0,0.0,9666.7
3908.7,100.0,24215.9,,,,,100.0,100.0,9641.4
3909.7,0.0,24216.0,,,,,0.0,0.0,9646.5
3910.7,0.0,24279.8,,,,,0.0,0.0,9656.8
3911.7,100.0,24301.0,,,,,100.0,100.0,9651.1
3912.7,0.0,24343.6,,,,,0.0,0.0,9654.1
3913.7,100.0,24343.6,,,,,100.0,100.0,9647.5
3914.7,100.0,24343.6,,,,,100.0,100.0,9654.5
3915.7,0.0,24377.6,,,,,0.0,0.0,9661.9
3916.7,100.0,24449.3,,,,,100.0,100.0,9664.8
3917.7,0.0,24449.3,,,,,0.0,0.0,9664.8
3918.7,100.0,24407.0,,,,,100.0,100.0,9666.8
3919.7,0.0,24407.0,,,,,0.0,0.0,9666.8
3920.7,100.0,24364.5,,,,,100.0,100.0,9667.0
3921.7,0.0,24364.5,,,,,0.0,0.0,9667.0
3922.7,100.0,24321.9,,,,,100.0,100.0,9667.0
3923.7,0.0,24321.9,,,,,0.0,0.0,9667.0
3924.7,100.0,24216.0,,,,,100.0,100.0,9659.8
3925.7,0.0,24258.5,,,,,0.0,0.0,9660.1
3926.7,100.0,24258.5,,,,,100.0,100.0,9645.0
3927.7,0.0,24301.0,,,,,0.0,0.0,9646.7
3928.7,100.0,24301.0,,,,,100.0,100.0,9652.2
3929.7,0.0,24377.6,,,,,0.0,0.0,9661.6
3930.7,100.0,24377.6,,,,,100.0,100.0,9662.6
3931.7,0.0,24377.6,,,,,0.0,0.0,9662.6
3932.7,100.0,24449.3,,,,,100.0,100.0,9664.9
3933.7,0.0,24449.3,,,,,0.0,0.0,9664.9
3934.7,100.0,24407.0,,,,,100.0,100.0,9667.1
3935.7,0.0,24407.0,,,,,0.0,0.0,9667.1
3936.7,100.0,24364.5,,,,,100.0,100.0,9667.3
3937.7,100.0,24321.9,,,,,100.0,100.0,9667.3
3938.7,0.0,24321.9,,,,,0.0,0.0,9667.3
3939.7,100.0,24215.9,,,,,100.0,100.0,9637.9
3940.7,0.0,24216.0,,,,,0.0,0.0,9643.2
3941.7,0.0,24258.5,,,,,0.0,0.0,9646.9
3942.7,100.0,24279.8,,,,,100.0,100.0,9655.9
3943.7,0.0,24343.6,,,,,0.0,0.0,9651.1
3944.7,100.0,24343.6,,,,,100.0,100.0,9653.5
3945.7,0.0,24377.6,,,,,0.0,0.0,9655.4
3946.7,100.0,24377.6,,,,,100.0,100.0,9662.9
3947.7,100.0,24428.9,,,,,100.0,100.0,9663.8
3948.7,0.0,24449.3,,,,,0.0,0.0,9665.1
3949.7,100.0,24407.0,,,,,100.0,100.0,9667.4
3950.7,0.0,24407.0,,,,,0.0,0.0,9667.4
3951.7,100.0,24364.5,,,,,100.0,100.0,9667.6
3952.7,0.0,24364.5,,,,,0.0,0.0,9667.6
3953.7,100.0,24321.9,,,,,100.0,100.0,9667.6
3954.71,0.0,24321.9,,,,,0.0,0.0,9667.6
3955.71,100.0,24215.9,,,,,100.0,100.0,9648.9
3956.71,0.0,24237.2,,,,,0.0,0.0,9658.4
3957.71,0.0,24301.0,,,,,0.0,0.0,9661.5
3958.71,100.0,24301.0,,,,,100.0,100.0,9661.7
3959.71,100.0,24301.0,,,,,100.0,100.0,9648.0
3960.71,0.0,24343.6,,,,,0.0,0.0,9649.6
3961.71,100.0,24360.6,,,,,100.0,100.0,9656.8
3962.71,0.0,24377.6,,,,,0.0,0.0,9662.7
3963.71,100.0,24449.3,,,,,100.0,100.0,9665.7
3964.71,0.0,24449.3,,,,,0.0,0.0,9665.7
3965.71,100.0,24407.0,,,,,100.0,100.0,9667.6
3966.71,0.0,24407.0,,,,,0.0,0.0,9667.6
3967.71,100.0,24364.5,,,,,100.0,100.0,9667.8
3968.71,0.0,24364.5,,,,,0.0,0.0,9667.8
3969.71,100.0,24321.9,,,,,100.0,100.0,9667.8
3970.71,100.0,24215.9,,,,,100.0,100.0,9667.9
3971.71,0.0,24216.0,,,,,0.0,0.0,9642.3
3972.71,0.0,24258.5,,,,,0.0,0.0,9646.0
3973.71,100.0,24258.5,,,,,100.0,100.0,9649.9
3974.71,0.0,24322.3,,,,,0.0,0.0,9659.9
3975.71,100.0,24343.6,,,,,100.0,100.0,9640.8
3976.71,0.0,24377.6,,,,,0.0,0.0,9647.4
3977.71,100.0,24377.6,,,,,100.0,100.0,9662.8
3978.71,0.0,24377.6,,,,,0.0,0.0,9662.8
3979.71,100.0,24449.3,,,,,100.0,100.0,9665.8
3980.71,100.0,24406.9,,,,,100.0,100.0,9667.9
3981.71,0.0,24407.0,,,,,0.0,0.0,9668.0
3982.71,100.0,24364.5,,,,,100.0,100.0,9668.1
3983.71,0.0,24364.5,,,,,0.0,0.0,9668.1
3984.71,100.0,24321.9,,,,,100.0,100.0,9668.1
3985.71,0.0,24321.9,,,,,0.0,0.0,9668.1
3986.71,100.0,24215.9,,,,,100.0,100.0,9645.0
3987.71,0.0,24216.0,,,,,0.0,0.0,9650.4
3988.71,0.0,24279.8,,,,,0.0,0.0,9648.5
3989.71,100.0,24301.0,,,,,100.0,100.0,9662.2
3990.71,0.0,24343.6,,,,,0.0,0.0,9663.3
3991.71,100.0,24343.6,,,,,100.0,100.0,9648.0
3992.71,100.0,24360.6,,,,,100.0,100.0,9655.0
3993.71,0.0,24377.6,,,,,0.0,0.0,9663.7
3994.71,100.0,24449.3,,,,,100.0,100.0,9666.2
3995.71,0.0,24449.3,,,,,0.0,0.0,9666.2
3996.71,100.0,24407.0,,,,,100.0,100.0,9668.2
3997.71,0.0,24407.0,,,,,0.0,0.0,9668.2
3998.71,100.0,24364.5,,,,,100.0,100.0,9668.4
3999.71,0.0,24364.5,,,,,0.0,0.0,9668.4
4000.71,100.0,24321.9,,,,,100.0,100.0,9668.4
4001.71,0.0,24321.9,,,,,0.0,0.0,9668.4
4002.71,100.0,24216.0,,,,,100.0,100.0,9661.3
4003.71,0.0,24258.5,,,,,0.0,0.0,9661.4
4004.71,100.0,24258.5,,,,,100.0,100.0,9647.4
4005.71,0.0,24301.0,,,,,0.0,0.0,9649.8
4006.71,100.0,24343.6,,,,,100.0,100.0,9662.9
4007.71,0.0,24377.6,,,,,0.0,0.0,9663.1
4008.71,100.0,24377.6,,,,,100.0,100.0,9663.9
4009.71,0.0,24377.6,,,,,0.0,0.0,9663.9
4010.71,100.0,24449.3,,,,,100.0,100.0,9666.2
4011.71,0.0,24449.3,,,,,0.0,0.0,9666.2
4012.71,100.0,24407.0,,,,,100.0,100.0,9668.4
4013.71,100.0,24364.5,,,,,100.0,100.0,9668.6
4014.71,0.0,24364.5,,,,,0.0,0.0,9668.6
4015.71,100.0,24321.9,,,,,100.0,100.0,9668.6
4016.71,0.0,24321.9,,,,,0.0,0.0,9668.6
4017.71,100.0,24215.9,,,,,100.0,100.0,9643.9
4018.71,0.0,24216.0,,,,,0.0,0.0,9646.8
4019.71,0.0,24258.5,,,,,0.0,0.0,9655.3
4020.71,100.0,24301.0,,,,,100.0,100.0,9662.5
4021.71,0.0,24343.6,,,,,0.0,0.0,9642.7
4022.71,100.0,24343.6,,,,,100.0,100.0,9646.8
4023.71,0.0,24377.6,,,,,0.0,0.0,9651.0
4024.71,100.0,24377.6,,,,,100.0,100.0,9664.5
4025.72,100.0,24449.3,,,,,100.0,100.0,9666.7
4026.72,0.0,24449.3,,,,,0.0,0.0,9666.7
4027.72,100.0,24407.0,,,,,100.0,100.0,9668.8
4028.72,0.0,24407.0,,,,,0.0,0.0,9668.8
4029.72,100.0,24364.5,,,,,100.0,100.0,9669.0
4030.72,0.0,24364.5,,,,,0.0,0.0,9669.0
4031.72,100.0,24321.9,,,,,100.0,100.0,9669.0
4032.72,0.0,24321.9,,,,,0.0,0.0,9669.0
4033.72,100.0,24215.9,,,,,100.0,100.0,9657.0
4034.72,0.0,24258.5,,,,,0.0,0.0,9639.7
4035.72,100.0,24258.5,,,,,100.0,100.0,9653.9
4036.72,0.0,24301.0,,,,,0.0,0.0,9648.0
4037.72,100.0,24301.0,,,,,100.0,100.0,9652.2
4038.72,0.0,24360.6,,,,,0.0,0.0,9659.8
4039.72,100.0,24377.6,,,,,100.0,100.0,9663.7
4040.72,0.0,24377.6,,,,,0.0,0.0,9663.9
4041.72,100.0,24449.3,,,,,100.0,100.0,9666.8
4042.72,0.0,24449.3,,,,,0.0,0.0,9666.8
4043.72,100.0,24407.0,,,,,100.0,100.0,9669.0
4044.72,0.0,24407.0,,,,,0.0,0.0,9669.0
4045.72,100.0,24364.5,,,,,100.0,100.0,9669.2
4046.72,100.0,24321.9,,,,,100.0,100.0,9669.2
4047.72,0.0,24321.9,,,,,0.0,0.0,9669.2
4048.72,100.0,24215.9,,,,,100.0,100.0,9669.4
4049.72,0.0,24216.0,,,,,0.0,0.0,9645.9
4050.72,0.0,24258.5,,,,,0.0,0.0,9649.4
4051.72,100.0,24258.5,,,,,100.0,100.0,9654.9
4052.72,0.0,24339.3,,,,,0.0,0.0,9664.0
4053.72,100.0,24343.6,,,,,100.0,100.0,9642.1
4054.72,0.0,24377.6,,,,,0.0,0.0,9648.1
4055.72,100.0,24377.6,,,,,100.0,100.0,9664.2
4056.72,0.0,24377.6,,,,,0.0,0.0,9664.2
4057.72,100.0,24449.3,,,,,100.0,100.0,9667.2
4058.72,100.0,24407.0,,,,,100.0,100.0,9669.3
4059.72,0.0,24407.0,,,,,0.0,0.0,9669.3
4060.72,100.0,24364.5,,,,,100.0,100.0,9669.5
4061.72,0.0,24364.5,,,,,0.0,0.0,9669.5
4062.72,100.0,24321.9,,,,,100.0,100.0,9669.5
4063.72,0.0,24321.9,,,,,0.0,0.0,9669.5
4064.72,100.0,24215.9,,,,,100.0,100.0,9648.5
4065.72,0.0,24237.2,,,,,0.0,0.0,9660.3
4066.72,0.0,24301.0,,,,,0.0,0.0,9641.4
4067.72,100.0,24301.0,,,,,100.0,100.0,9646.1
4068.72,100.0,24301.0,,,,,100.0,100.0,9658.4
4069.72,0.0,24360.6,,,,,0.0,0.0,9656.8
4070.72,100.0,24360.6,,,,,100.0,100.0,9659.3
4071.72,0.0,24377.6,,,,,0.0,0.0,9665.1
4072.72,100.0,24449.3,,,,,100.0,100.0,9667.4
4073.72,0.0,24449.3,,,,,0.0,0.0,9667.4
4074.72,100.0,24407.0,,,,,100.0,100.0,9669.5
4075.72,0.0,24407.0,,,,,0.0,0.0,9669.5
4076.72,100.0,24364.5,,,,,100.0,100.0,9669.7
4077.72,0.0,24364.5,,,,,0.0,0.0,9669.7
4078.72,100.0,24321.9,,,,,100.0,100.0,9669.7
4079.72,100.0,24216.0,,,,,100.0,100.0,9669.7
4080.72,1.35,24216.0,,,,,1.35,1.35,9652.4
4081.72,0.0,24258.5,,,,,0.0,0.0,9662.8
4082.72,100.0,24258.5,,,,,100.0,100.0,9650.8
4083.72,0.0,24322.3,,,,,0.0,0.0,9659.3
4084.72,100.0,24322.3,,,,,100.0,100.0,9662.5
4085.72,0.0,24377.6,,,,,0.0,0.0,9664.5
4086.72,100.0,24377.6,,,,,100.0,100.0,9665.0
4087.72,0.0,24377.6,,,,,0.0,0.0,9665.0
4088.72,100.0,24449.3,,,,,100.0,100.0,9667.7
4089.72,0.0,24449.3,,,,,0.0,0.0,9667.7
4090.72,100.0,24407.0,,,,,100.0,100.0,9669.7
4091.72,100.0,24364.5,,,,,100.0,100.0,9669.9
4092.73,0.0,24364.5,,,,,0.0,0.0,9669.9
4093.73,100.0,24321.9,,,,,100.0,100.0,9669.9
4094.73,0.0,24321.9,,,,,0.0,0.0,9669.9
4095.73,100.0,24215.9,,,,,100.0,100.0,9646.7
4096.73,0.0,24216.0,,,,,0.0,0.0,9651.1
4097.73,0.0,24279.8,,,,,0.0,0.0,9660.3
4098.73,100.0,24301.0,,,,,100.0,100.0,9663.7
4099.73,0.0,24343.6,,,,,0.0,0.0,9646.2
4100.73,100.0,24343.6,,,,,100.0,100.0,9659.2
4101.73,100.0,24343.6,,,,,100.0,100.0,9656.9
4102.73,0.0,24377.6,,,,,0.0,0.0,9665.3
4103.73,100.0,24449.3,,,,,100.0,100.0,9668.0
4104.73,0.0,24449.3,,,,,0.0,0.0,9668.0
4105.73,100.0,24407.0,,,,,100.0,100.0,9670.0
4106.73,0.0,24407.0,,,,,0.0,0.0,9670.0
4107.73,100.0,24364.5,,,,,100.0,100.0,9670.1
4108.73,0.0,24364.5,,,,,0.0,0.0,9670.1
4109.73,100.0,24321.9,,,,,100.0,100.0,9670.1
4110.73,0.0,24321.9,,,,,0.0,0.0,9670.1
4111.73,100.0,24216.0,,,,,100.0,100.0,9662.9
4112.73,0.0,24258.5,,,,,0.0,0.0,9654.7
4113.73,100.0,24258.5,,,,,100.0,100.0,9655.9
4114.73,0.0,24301.0,,,,,0.0,0.0,9649.5
4115.73,100.0,24301.0,,,,,100.0,100.0,9654.5
4116.73,0.0,24360.6,,,,,0.0,0.0,9658.8
4117.73,100.0,24360.6,,,,,100.0,100.0,9664.2
4118.73,0.0,24377.6,,,,,0.0,0.0,9665.1
4119.73,100.0,24449.3,,,,,100.0,100.0,9668.0
4120.73,0.0,24449.3,,,,,0.0,0.0,9668.0
4121.73,100.0,24407.0,,,,,100.0,100.0,9670.2
4122.73,0.0,24407.0,,,,,0.0,0.0,9670.2
4123.73,100.0,24364.5,,,,,100.0,100.0,9670.4
4124.73,100.0,24321.9,,,,,100.0,100.0,9670.4
4125.73,0.0,24321.9,,,,,0.0,0.0,9670.4
4126.73,100.0,24215.9,,,,,100.0,100.0,9670.6
4127.73,0.0,24216.0,,,,,0.0,0.0,9648.1
4128.73,0.0,24258.5,,,,,0.0,0.0,9652.6
4129.73,100.0,24279.8,,,,,100.0,100.0,9661.2
4130.73,0.0,24343.6,,,,,0.0,0.0,9665.2
4131.73,100.0,24343.6,,,,,100.0,100.0,9646.6
4132.73,0.0,24377.6,,,,,0.0,0.0,9650.7
4133.73,100.0,24377.6,,,,,100.0,100.0,9665.3
4134.73,100.0,24449.3,,,,,100.0,100.0,9668.3
4135.73,0.0,24449.3,,,,,0.0,0.0,9668.3
4136.73,100.0,24407.0,,,,,100.0,100.0,9670.5
4137.73,0.0,24407.0,,,,,0.0,0.0,9670.5
4138.73,100.0,24364.5,,,,,100.0,100.0,9670.7
4139.73,0.0,24364.5,,,,,0.0,0.0,9670.7
4140.73,100.0,24321.9,,,,,100.0,100.0,9670.7
4141.73,0.0,24321.9,,,,,0.0,0.0,9670.7
4142.73,100.0,24215.9,,,,,100.0,100.0,9653.3
4143.73,0.0,24258.5,,,,,0.0,0.0,9663.8
4144.73,100.0,24258.5,,,,,100.0,100.0,9643.3
4145.73,0.0,24301.0,,,,,0.0,0.0,9647.0
4146.73,100.0,24301.0,,,,,100.0,100.0,9649.8
4147.73,0.0,24343.6,,,,,0.0,0.0,9655.8
4148.73,100.0,24360.6,,,,,100.0,100.0,9664.5
4149.73,0.0,24377.6,,,,,0.0,0.0,9666.2
4150.73,100.0,24449.3,,,,,100.0,100.0,9668.5
4151.73,0.0,24449.3,,,,,0.0,0.0,9668.5
4152.73,100.0,24407.0,,,,,100.0,100.0,9670.6
4153.73,0.0,24407.0,,,,,0.0,0.0,9670.6
4154.73,100.0,24364.5,,,,,100.0,100.0,9670.8
4155.73,0.0,24364.5,,,,,0.0,0.0,9670.8
4156.73,100.0,24321.9,,,,,100.0,100.0,9670.8
4157.73,100.0,24215.9,,,,,100.0,100.0,9671.0
4158.73,0.0,24216.0,,,,,0.0,0.0,9654.7
4159.73,0.0,24258.5,,,,,0.0,0.0,9648.5
4160.73,100.0,24258.5,,,,,100.0,100.0,9653.9
4161.73,0.0,24343.6,,,,,0.0,0.0,9665.8
4162.74,100.0,24343.6,,,,,100.0,100.0,9663.0
4163.74,0.0,24377.6,,,,,0.0,0.0,9658.6
4164.74,100.0,24377.6,,,,,100.0,100.0,9666.3
4165.74,0.0,24377.6,,,,,0.0,0.0,9666.3
4166.74,100.0,24449.3,,,,,100.0,100.0,9669.0
4167.74,100.0,24407.0,,,,,100.0,100.0,9670.9
4168.74,0.0,24407.0,,,,,0.0,0.0,9670.9
4169.74,100.0,24364.5,,,,,100.0,100.0,9671.1
4170.74,0.0,24364.5,,,,,0.0,0.0,9671.1
4171.74,100.0,24321.9,,,,,100.0,100.0,9671.1
4172.74,0.0,24321.9,,,,,0.0,0.0,9671.1
4173.74,100.0,24215.9,,,,,100.0,100.0,9649.2
4174.74,0.0,24216.0,,,,,0.0,0.0,9660.8
4175.74,0.0,24301.0,,,,,0.0,0.0,9665.3
4176.74,100.0,24301.0,,,,,100.0,100.0,9665.2
4177.74,100.0,24301.0,,,,,100.0,100.0,9650.0
4178.74,0.0,24343.6,,,,,0.0,0.0,9651.5
4179.74,100.0,24343.6,,,,,100.0,100.0,9659.7
4180.74,0.0,24377.6,,,,,0.0,0.0,9666.5
4181.74,100.0,24449.3,,,,,100.0,100.0,9669.1
4182.74,0.0,24449.3,,,,,0.0,0.0,9669.1
4183.74,100.0,24407.0,,,,,100.0,100.0,9671.2
4184.74,0.0,24407.0,,,,,0.0,0.0,9671.2
4185.74,100.0,24364.5,,,,,100.0,100.0,9671.4
4186.74,0.0,24364.5,,,,,0.0,0.0,9671.4
4187.74,100.0,24321.9,,,,,100.0,100.0,9671.4
4188.74,0.0,24321.9,,,,,0.0,0.0,9671.4
4189.74,100.0,24216.0,,,,,100.0,100.0,9664.5
4190.74,0.0,24258.5,,,,,0.0,0.0,9648.2
4191.74,100.0,24258.5,,,,,100.0,100.0,9649.5
4192.74,0.0,24301.0,,,,,0.0,0.0,9653.4
4193.74,100.0,24322.3,,,,,100.0,100.0,9662.8
4194.74,0.0,24377.6,,,,,0.0,0.0,9666.1
4195.74,100.0,24377.6,,,,,100.0,100.0,9666.3
4196.74,0.0,24377.6,,,,,0.0,0.0,9666.3
4197.74,100.0,24449.3,,,,,100.0,100.0,9669.2
4198.74,0.0,24449.3,,,,,0.0,0.0,9669.2
4199.74,100.0,24407.0,,,,,100.0,100.0,9671.4
4200.74,100.0,24364.5,,,,,100.0,100.0,9671.6
4201.74,0.0,24364.5,,,,,0.0,0.0,9671.6
4202.74,100.0,24321.9,,,,,100.0,100.0,9671.6
4203.74,0.0,24321.9,,,,,0.0,0.0,9671.6
4204.74,100.0,24215.9,,,,,100.0,100.0,9671.9
4205.74,0.0,24216.0,,,,,0.0,0.0,9650.7
4206.74,0.0,24258.5,,,,,0.0,0.0,9660.7
4207.74,100.0,24301.0,,,,,100.0,100.0,9665.7
4208.74,0.0,24343.6,,,,,0.0,0.0,9666.7
4209.74,100.0,24343.6,,,,,100.0,100.0,9651.8
4210.74,100.0,24343.6,,,,,100.0,100.0,9659.0
4211.74,0.0,24377.6,,,,,0.0,0.0,9667.4
4212.74,100.0,24449.3,,,,,100.0,100.0,9669.7
4213.74,0.0,24449.3,,,,,0.0,0.0,9669.7
4214.74,100.0,24407.0,,,,,100.0,100.0,9671.8
4215.74,0.0,24407.0,,,,,0.0,0.0,9671.8
4216.74,100.0,24364.5,,,,,100.0,100.0,9672.0
4217.74,0.0,24364.5,,,,,0.0,0.0,9672.0
4218.74,100.0,24321.9,,,,,100.0,100.0,9672.0
4219.74,0.0,24321.9,,,,,0.0,0.0,9672.0
4220.74,100.0,24216.0,,,,,100.0,100.0,9664.5
4221.74,0.0,24258.5,,,,,0.0,0.0,9664.8
4222.74,100.0,24258.5,,,,,100.0,100.0,9649.5
4223.74,0.0,24301.0,,,,,0.0,0.0,9651.5
4224.74,100.0,24301.0,,,,,100.0,100.0,9650.9
4225.74,0.0,24360.6,,,,,0.0,0.0,9657.6
4226.74,100.0,24360.6,,,,,100.0,100.0,9659.3
4227.74,0.0,24377.6,,,,,0.0,0.0,9665.2
4228.74,100.0,24449.3,,,,,100.0,100.0,9668.0
4229.74,0.0,24449.3,,,,,0.0,0.0,9668.0
4230.74,100.0,24407.0,,,,,100.0,100.0,9670.1
4231.74,0.0,24407.0,,,,,0.0,0.0,9670.1
4232.74,100.0,24364.5,,,,,100.0,100.0,9670.3
4233.74,100.0,24321.9,,,,,100.0,100.0,9670.3
4234.75,0.0,24321.9,,,,,0.0,0.0,9670.3
4235.75,100.0,24215.9,,,,,100.0,100.0,9640.9
4236.75,0.0,24216.0,,,,,0.0,0.0,9646.4
4237.75,0.0,24258.5,,,,,0.0,0.0,9650.8
4238.75,100.0,24258.5,,,,,100.0,100.0,9659.6
4239.75,0.0,24343.6,,,,,0.0,0.0,9654.9
4240.75,100.0,24343.6,,,,,100.0,100.0,9665.8
4241.75,0.0,24377.6,,,,,0.0,0.0,9653.1
4242.75,100.0,24377.6,,,,,100.0,100.0,9666.6
4243.75,100.0,24449.3,,,,,100.0,100.0,9668.8
4244.75,0.0,24449.3,,,,,0.0,0.0,9668.9
4245.75,100.0,24407.0,,,,,100.0,100.0,9670.8
4246.75,0.0,24407.0,,,,,0.0,0.0,9670.8
4247.75,100.0,24364.5,,,,,100.0,100.0,9671.0
4248.75,0.0,24364.5,,,,,0.0,0.0,9671.0
4249.75,100.0,24321.9,,,,,100.0,100.0,9671.0
4250.75,0.0,24321.9,,,,,0.0,0.0,9671.0
4251.75,100.0,24215.9,,,,,100.0,100.0,9652.8
4252.75,0.0,24258.5,,,,,0.0,0.0,9664.1
4253.75,0.0,24301.0,,,,,0.0,0.0,9664.9
4254.75,100.0,24301.0,,,,,100.0,100.0,9648.0
4255.75,100.0,24301.0,,,,,100.0,100.0,9652.1
4256.75,0.0,24343.6,,,,,0.0,0.0,9654.9
4257.75,100.0,24360.6,,,,,100.0,100.0,9660.6
4258.75,0.0,24377.6,,,,,0.0,0.0,9666.0
4259.75,100.0,24449.3,,,,,100.0,100.0,9669.0
4260.75,0.0,24449.3,,,,,0.0,0.0,9669.0
4261.75,100.0,24407.0,,,,,100.0,100.0,9671.0
4262.75,0.0,24407.0,,,,,0.0,0.0,9671.0
4263.75,100.0,24364.5,,,,,100.0,100.0,9671.2
4264.75,0.0,24364.5,,,,,0.0,0.0,9671.2
4265.75,100.0,24321.9,,,,,100.0,100.0,9671.2
4266.75,100.0,24215.9,,,,,100.0,100.0,9671.3
4267.75,0.0,24216.0,,,,,0.0,0.0,9645.6
4268.75,0.0,24258.5,,,,,0.0,0.0,9650.2
4269.75,100.0,24258.5,,,,,100.0,100.0,9653.8
4270.75,0.0,24322.3,,,,,0.0,0.0,9663.2
4271.75,100.0,24343.6,,,,,100.0,100.0,9644.8
4272.75,0.0,24377.6,,,,,0.0,0.0,9650.1
4273.75,100.0,24377.6,,,,,100.0,100.0,9666.5
4274.75,0.0,24377.6,,,,,0.0,0.0,9666.5
4275.75,100.0,24449.3,,,,,100.0,100.0,9669.5
4276.75,100.0,24406.9,,,,,100.0,100.0,9671.4
4277.75,0.0,24407.0,,,,,0.0,0.0,9671.5
4278.75,100.0,24364.5,,,,,100.0,100.0,9671.7
4279.75,0.0,24364.5,,,,,0.0,0.0,9671.7
4280.75,100.0,24321.9,,,,,100.0,100.0,9671.7
4281.75,0.0,24321.9,,,,,0.0,0.0,9671.7
4282.75,100.0,24215.9,,,,,100.0,100.0,9649.3
4283.75,0.0,24216.0,,,,,0.0,0.0,9655.8
4284.75,0.0,24279.8,,,,,0.0,0.0,9652.7
4285.75,100.0,24301.0,,,,,100.0,100.0,9657.8
4286.75,0.0,24343.6,,,,,0.0,0.0,9659.3
4287.75,100.0,24343.6,,,,,100.0,100.0,9653.0
4288.75,100.0,24360.6,,,,,100.0,100.0,9659.2
4289.75,0.0,24377.6,,,,,0.0,0.0,9667.1
4290.75,100.0,24449.3,,,,,100.0,100.0,9669.7
4291.75,0.0,24449.3,,,,,0.0,0.0,9669.7
4292.75,100.0,24407.0,,,,,100.0,100.0,9671.6
4293.75,0.0,24407.0,,,,,0.0,0.0,9671.6
4294.75,100.0,24364.5,,,,,100.0,100.0,9671.8
4295.75,0.0,24364.5,,,,,0.0,0.0,9671.8
4296.75,100.0,24321.9,,,,,100.0,100.0,9671.8
4297.75,0.0,24321.9,,,,,0.0,0.0,9671.8
4298.75,100.0,24216.0,,,,,100.0,100.0,9664.7
4299.75,0.0,24258.5,,,,,0.0,0.0,9665.0
4300.75,100.0,24258.5,,,,,100.0,100.0,9652.0
4301.75,0.0,24301.0,,,,,0.0,0.0,9654.2
4302.75,100.0,24322.3,,,,,100.0,100.0,9662.1
4303.75,0.0,24377.6,,,,,0.0,0.0,9666.5
4304.75,100.0,24377.6,,,,,100.0,100.0,9667.5
4305.75,0.0,24377.6,,,,,0.0,0.0,9667.5
4306.75,100.0,24449.3,,,,,100.0,100.0,9669.8
4307.75,0.0,24449.3,,,,,0.0,0.0,9669.8
4308.75,100.0,24407.0,,,,,100.0,100.0,9672.0
4309.75,0.0,24407.0,,,,,0.0,0.0,9672.0
4310.76,100.0,24364.5,,,,,100.0,100.0,9672.2
4311.76,100.0,24321.9,,,,,100.0,100.0,9672.2
4312.76,0.0,24321.9,,,,,0.0,0.0,9672.2
4313.76,100.0,24215.9,,,,,100.0,100.0,9647.6
4314.76,0.0,24216.0,,,,,0.0,0.0,9651.0
4315.76,0.0,24258.5,,,,,0.0,0.0,9656.7
4316.76,100.0,24301.0,,,,,100.0,100.0,9665.7
4317.76,0.0,24343.6,,,,,0.0,0.0,9645.9
4318.76,100.0,24343.6,,,,,100.0,100.0,9659.0
4319.76,0.0,24377.6,,,,,0.0,0.0,9654.4
4320.76,100.0,24377.6,,,,,100.0,100.0,9667.5
4321.76,100.0,24449.3,,,,,100.0,100.0,9670.2
4322.76,0.0,24449.3,,,,,0.0,0.0,9670.2
4323.76,100.0,24407.0,,,,,100.0,100.0,9672.4
4324.76,0.0,24407.0,,,,,0.0,0.0,9672.4
4325.76,100.0,24364.5,,,,,100.0,100.0,9672.6
4326.76,0.0,24364.5,,,,,0.0,0.0,9672.6
4327.76,100.0,24321.9,,,,,100.0,100.0,9672.6
4328.76,0.0,24321.9,,,,,0.0,0.0,9672.6
4329.76,100.0,24215.9,,,,,100.0,100.0,9661.1
4330.76,0.0,24258.5,,,,,0.0,0.0,9665.8
4331.76,100.0,24258.5,,,,,100.0,100.0,9666.7
4332.76,0.0,24301.0,,,,,0.0,0.0,9652.0
4333.76,100.0,24301.0,,,,,100.0,100.0,9654.9
4334.76,0.0,24343.6,,,,,0.0,0.0,9664.5
4335.76,100.0,24377.6,,,,,100.0,100.0,9667.4
4336.76,0.0,24377.6,,,,,0.0,0.0,9667.6
4337.76,100.0,24449.3,,,,,100.0,100.0,9670.6
4338.76,0.0,24449.3,,,,,0.0,0.0,9670.6
4339.76,100.0,24407.0,,,,,100.0,100.0,9672.6
4340.76,0.0,24407.0,,,,,0.0,0.0,9672.6
4341.76,100.0,24364.5,,,,,100.0,100.0,9672.8
4342.76,100.0,24321.9,,,,,100.0,100.0,9672.8
4343.76,0.0,24321.9,,,,,0.0,0.0,9672.8
4344.76,100.0,24215.9,,,,,100.0,100.0,9673.0
4345.76,0.0,24216.0,,,,,0.0,0.0,9649.9
4346.76,0.0,24258.5,,,,,0.0,0.0,9653.1
4347.76,100.0,24258.5,,,,,100.0,100.0,9662.8
4348.76,0.0,24343.6,,,,,0.0,0.0,9667.6
4349.76,100.0,24343.6,,,,,100.0,100.0,9648.7
4350.76,0.0,24377.6,,,,,0.0,0.0,9653.3
4351.76,100.0,24377.6,,,,,100.0,100.0,9667.7
4352.76,0.0,24377.6,,,,,0.0,0.0,9667.7
4353.76,100.0,24449.3,,,,,100.0,100.0,9670.6
4354.76,100.0,24407.0,,,,,100.0,100.0,9672.8
4355.76,0.0,24407.0,,,,,0.0,0.0,9672.8
4356.76,100.0,24364.5,,,,,100.0,100.0,9672.9
4357.76,0.0,24364.5,,,,,0.0,0.0,9672.9
4358.76,100.0,24321.9,,,,,100.0,100.0,9672.9
4359.76,0.0,24321.9,,,,,0.0,0.0,9672.9
4360.76,100.0,24215.9,,,,,100.0,100.0,9653.3
4361.76,0.0,24258.5,,,,,0.0,0.0,9665.8
4362.76,0.0,24301.0,,,,,0.0,0.0,9645.7
4363.76,100.0,24301.0,,,,,100.0,100.0,9659.2
4364.76,100.0,24301.0,,,,,100.0,100.0,9660.7
4365.76,0.0,24343.6,,,,,0.0,0.0,9657.3
4366.76,100.0,24360.6,,,,,100.0,100.0,9662.9
4367.76,0.0,24377.6,,,,,0.0,0.0,9668.8
4368.76,100.0,24449.3,,,,,100.0,100.0,9671.0
4369.76,0.0,24449.3,,,,,0.0,0.0,9671.0
4370.76,100.0,24407.0,,,,,100.0,100.0,9673.2
4371.76,0.0,24407.0,,,,,0.0,0.0,9673.2
4372.76,100.0,24364.5,,,,,100.0,100.0,9673.4
4373.76,0.0,24364.5,,,,,0.0,0.0,9673.4
4374.76,100.0,24321.9,,,,,100.0,100.0,9673.4
4375.76,100.0,24216.0,,,,,100.0,100.0,9673.4
4376.76,1.35,24216.0,,,,,1.35,1.36,9666.5
4377.76,0.0,24258.5,,,,,0.0,0.0,9659.2
4378.76,100.0,24258.5,,,,,100.0,100.0,9655.2
4379.76,0.0,24322.3,,,,,0.0,0.0,9664.9
4380.76,100.0,24343.6,,,,,100.0,100.0,9668.4
4381.76,0.0,24377.6,,,,,0.0,0.0,9668.4
4382.77,100.0,24377.6,,,,,100.0,100.0,9669.1
4383.77,0.0,24377.6,,,,,0.0,0.0,9669.1
4384.77,100.0,24449.3,,,,,100.0,100.0,9671.4
4385.77,0.0,24449.3,,,,,0.0,0.0,9671.4
4386.77,100.0,24407.0,,,,,100.0,100.0,9673.4
4387.77,100.0,24364.5,,,,,100.0,100.0,9673.6
4388.77,0.0,24364.5,,,,,0.0,0.0,9673.6
4389.77,100.0,24321.9,,,,,100.0,100.0,9673.6
4390.77,0.0,24321.9,,,,,0.0,0.0,9673.6
4391.77,100.0,24215.9,,,,,100.0,100.0,9651.0
4392.77,0.0,24216.0,,,,,0.0,0.0,9657.6
4393.77,0.0,24301.0,,,,,0.0,0.0,9667.3
4394.77,100.0,24301.0,,,,,100.0,100.0,9667.5
4395.77,0.0,24343.6,,,,,0.0,0.0,9651.5
4396.77,100.0,24343.6,,,,,100.0,100.0,9653.3
4397.77,100.0,24343.6,,,,,100.0,100.0,9656.3
4398.77,0.0,24377.6,,,,,0.0,0.0,9668.6
4399.77,100.0,24449.3,,,,,100.0,100.0,9671.6
4400.77,0.0,24449.3,,,,,0.0,0.0,9671.6
4401.77,100.0,24407.0,,,,,100.0,100.0,9673.7
4402.77,0.0,24407.0,,,,,0.0,0.0,9673.7
4403.77,100.0,24364.5,,,,,100.0,100.0,9673.9
4404.77,0.0,24364.5,,,,,0.0,0.0,9673.9
4405.77,100.0,24321.9,,,,,100.0,100.0,9673.9
4406.77,0.0,24321.9,,,,,0.0,0.0,9673.9
4407.77,100.0,24216.0,,,,,100.0,100.0,9666.8
4408.77,0.0,24258.5,,,,,0.0,0.0,9649.8
4409.77,100.0,24258.5,,,,,100.0,100.0,9651.8
4410.77,0.0,24301.0,,,,,0.0,0.0,9656.6
4411.77,100.0,24322.3,,,,,100.0,100.0,9666.5
4412.77,0.0,24377.6,,,,,0.0,0.0,9668.8
4413.77,100.0,24377.6,,,,,100.0,100.0,9668.9
4414.77,0.0,24377.6,,,,,0.0,0.0,9668.9
4415.77,100.0,24449.3,,,,,100.0,100.0,9671.9
4416.77,0.0,24449.3,,,,,0.0,0.0,9671.9
4417.77,100.0,24407.0,,,,,100.0,100.0,9673.9
4418.77,0.0,24407.0,,,,,0.0,0.0,9673.9
4419.77,100.0,24364.5,,,,,100.0,100.0,9674.0
4420.77,100.0,24321.9,,,,,100.0,100.0,9674.0
4421.77,0.0,24321.9,,,,,0.0,0.0,9674.0
4422.77,100.0,24215.9,,,,,100.0,100.0,9674.3
4423.77,0.0,24216.0,,,,,0.0,0.0,9653.2
4424.77,0.0,24258.5,,,,,0.0,0.0,9660.0
4425.77,100.0,24279.8,,,,,100.0,100.0,9667.4
4426.77,0.0,24343.6,,,,,0.0,0.0,9669.2
4427.77,100.0,24343.6,,,,,100.0,100.0,9651.9
4428.77,0.0,24377.6,,,,,0.0,0.0,9656.7
4429.77,100.0,24377.6,,,,,100.0,100.0,9669.3
4430.77,100.0,24449.3,,,,,100.0,100.0,9672.3
4431.77,0.0,24449.3,,,,,0.0,0.0,9672.3
4432.77,100.0,24407.0,,,,,100.0,100.0,9674.4
4433.77,0.0,24407.0,,,,,0.0,0.0,9674.4
4434.77,100.0,24364.5,,,,,100.0,100.0,9674.6
4435.77,0.0,24364.5,,,,,0.0,0.0,9674.6
4436.77,100.0,24321.9,,,,,100.0,100.0,9674.6
4437.77,0.0,24321.9,,,,,0.0,0.0,9674.6
4438.77,100.0,24215.9,,,,,100.0,100.0,9663.0
4439.77,0.0,24258.5,,,,,0.0,0.0,9667.6
4440.77,100.0,24258.5,,,,,100.0,100.0,9649.1
4441.77,0.0,24301.0,,,,,0.0,0.0,9653.5
4442.77,100.0,24301.0,,,,,100.0,100.0,9659.2
4443.77,0.0,24360.6,,,,,0.0,0.0,9665.0
4444.77,100.0,24377.6,,,,,100.0,100.0,9670.1
4445.77,0.0,24377.6,,,,,0.0,0.0,9670.3
4446.77,100.0,24449.3,,,,,100.0,100.0,9672.6
4447.77,0.0,24449.3,,,,,0.0,0.0,9672.6
4448.77,100.0,24407.0,,,,,100.0,100.0,9674.6
4449.77,0.0,24407.0,,,,,0.0,0.0,9674.6
4450.77,100.0,24364.5,,,,,100.0,100.0,9674.8
4451.77,50.0,24355.9,,,,,0.0,100.0,9674.8
4452.77,50.0,24321.9,,,,,100.0,0.0,9674.8
4453.77,100.0,24215.9,,,,,100.0,100.0,9644.8
4454.77,0.0,24216.0,,,,,0.0,0.0,9650.2
4455.78,0.0,24258.5,,,,,0.0,0.0,9653.1
4456.78,100.0,24258.5,,,,,100.0,100.0,9658.9
4457.78,0.0,24322.3,,,,,0.0,0.0,9660.5
4458.78,100.0,24343.6,,,,,100.0,100.0,9669.8
4459.78,0.0,24377.6,,,,,0.0,0.0,9653.9
4460.78,100.0,24377.6,,,,,100.0,100.0,9670.3
4461.78,0.0,24377.6,,,,,0.0,0.0,9670.3
4462.78,100.0,24449.3,,,,,100.0,100.0,9672.9
4463.78,100.0,24407.0,,,,,100.0,100.0,9675.0
4464.78,0.0,24407.0,,,,,0.0,0.0,9675.0
4465.78,100.0,24364.5,,,,,100.0,100.0,9675.2
4466.78,0.0,24364.5,,,,,0.0,0.0,9675.2
4467.78,100.0,24321.9,,,,,100.0,100.0,9675.2
4468.78,0.0,24321.9,,,,,0.0,0.0,9675.2
4469.78,100.0,24215.9,,,,,100.0,100.0,9655.5
4470.78,0.0,24237.2,,,,,0.0,0.0,9666.5
4471.78,0.0,24301.0,,,,,0.0,0.0,9669.2
4472.78,100.0,24301.0,,,,,100.0,100.0,9650.7
4473.78,100.0,24301.0,,,,,100.0,100.0,9654.8
4474.78,0.0,24343.6,,,,,0.0,0.0,9656.5
4475.78,100.0,24343.6,,,,,100.0,100.0,9665.5
4476.78,0.0,24377.6,,,,,0.0,0.0,9670.3
4477.78,100.0,24449.3,,,,,100.0,100.0,9673.3
4478.78,0.0,24449.3,,,,,0.0,0.0,9673.3
4479.78,100.0,24407.0,,,,,100.0,100.0,9675.1
4480.78,0.0,24407.0,,,,,0.0,0.0,9675.1
4481.78,100.0,24364.5,,,,,100.0,100.0,9675.3
4482.78,0.0,24364.5,,,,,0.0,0.0,9675.3
4483.78,100.0,24321.9,,,,,100.0,100.0,9675.3
4484.78,0.0,24321.9,,,,,0.0,0.0,9675.3
4485.78,100.0,24216.0,,,,,100.0,100.0,9647.1
4486.78,0.0,24258.5,,,,,0.0,0.0,9652.9
4487.78,100.0,24258.5,,,,,100.0,100.0,9655.5
4488.78,0.0,24322.3,,,,,0.0,0.0,9667.3
4489.78,100.0,24343.6,,,,,100.0,100.0,9648.5
4490.78,0.0,24377.6,,,,,0.0,0.0,9654.9
4491.78,100.0,24377.6,,,,,100.0,100.0,9670.9
4492.78,0.0,24377.6,,,,,0.0,0.0,9670.9
4493.78,100.0,24449.3,,,,,100.0,100.0,9673.5
4494.78,0.0,24449.3,,,,,0.0,0.0,9673.5
4495.78,100.0,24407.0,,,,,100.0,100.0,9675.5
4496.78,100.0,24364.5,,,,,100.0,100.0,9675.7
4497.78,0.0,24364.5,,,,,0.0,0.0,9675.7
4498.78,100.0,24321.9,,,,,100.0,100.0,9675.7
4499.78,0.0,24321.9,,,,,0.0,0.0,9675.7
4500.78,100.0,24215.9,,,,,100.0,100.0,9651.0
4501.78,0.0,24216.0,,,,,0.0,0.0,9656.7
4502.78,0.0,24279.8,,,,,0.0,0.0,9655.7
4503.78,100.0,24301.0,,,,,100.0,100.0,9661.3
4504.78,0.0,24343.6,,,,,0.0,0.0,9663.0
4505.78,100.0,24343.6,,,,,100.0,100.0,9656.5
4506.78,100.0,24343.6,,,,,100.0,100.0,9664.0
4507.78,0.0,24377.6,,,,,0.0,0.0,9671.5
4508.78,100.0,24449.3,,,,,100.0,100.0,9673.8
4509.78,0.0,24449.3,,,,,0.0,0.0,9673.8
4510.78,100.0,24407.0,,,,,100.0,100.0,9675.7
4511.78,0.0,24407.0,,,,,0.0,0.0,9675.7
4512.78,100.0,24364.5,,,,,100.0,100.0,9675.9
4513.78,0.0,24364.5,,,,,0.0,0.0,9675.9
4514.78,100.0,24321.9,,,,,100.0,100.0,9675.9
4515.78,0.0,24321.9,,,,,0.0,0.0,9675.9
4516.78,100.0,24216.0,,,,,100.0,100.0,9668.7
4517.78,0.0,24258.5,,,,,0.0,0.0,9669.1
4518.78,100.0,24258.5,,,,,100.0,100.0,9653.2
4519.78,0.0,24301.0,,,,,0.0,0.0,9655.3
4520.78,100.0,24301.0,,,,,100.0,100.0,9661.9
4521.78,0.0,24360.6,,,,,0.0,0.0,9666.8
4522.78,100.0,24377.6,,,,,100.0,100.0,9671.1
4523.78,0.0,24377.6,,,,,0.0,0.0,9671.3
4524.78,100.0,24449.3,,,,,100.0,100.0,9673.9
4525.78,0.0,24449.3,,,,,0.0,0.0,9673.9
4526.78,100.0,24407.0,,,,,100.0,100.0,9676.0
4527.79,0.0,24407.0,,,,,0.0,0.0,9676.0
4528.79,100.0,24364.5,,,,,100.0,100.0,9676.2
4529.79,100.0,24321.9,,,,,100.0,100.0,9676.2
4530.79,0.0,24321.9,,,,,0.0,0.0,9676.2
4531.79,100.0,24215.9,,,,,100.0,100.0,9647.5
4532.79,0.0,24216.0,,,,,0.0,0.0,9652.2
4533.79,0.0,24258.5,,,,,0.0,0.0,9657.3
4534.79,100.0,24279.8,,,,,100.0,100.0,9667.1
4535.79,0.0,24343.6,,,,,0.0,0.0,9660.8
4536.79,100.0,24343.6,,,,,100.0,100.0,9662.9
4537.79,0.0,24377.6,,,,,0.0,0.0,9657.8
4538.79,100.0,24377.6,,,,,100.0,100.0,9671.8
4539.79,100.0,24449.3,,,,,100.0,100.0,9674.3
4540.79,0.0,24449.3,,,,,0.0,0.0,9674.3
4541.79,100.0,24407.0,,,,,100.0,100.0,9676.3
4542.79,0.0,24407.0,,,,,0.0,0.0,9676.3
4543.79,100.0,24364.5,,,,,100.0,100.0,9676.5
4544.79,0.0,24364.5,,,,,0.0,0.0,9676.5
4545.79,100.0,24321.9,,,,,100.0,100.0,9676.5
4546.79,0.0,24321.9,,,,,0.0,0.0,9676.5
4547.79,100.0,24215.9,,,,,100.0,100.0,9660.2
4548.79,0.0,24258.5,,,,,0.0,0.0,9669.6
4549.79,100.0,24258.5,,,,,100.0,100.0,9670.7
4550.79,0.0,24301.0,,,,,0.0,0.0,9653.2
4551.79,100.0,24301.0,,,,,100.0,100.0,9659.5
4552.79,0.0,24360.6,,,,,0.0,0.0,9664.2
4553.79,100.0,24360.6,,,,,100.0,100.0,9667.8
4554.79,0.0,24377.6,,,,,0.0,0.0,9672.1
4555.79,100.0,24449.3,,,,,100.0,100.0,9674.7
4556.79,0.0,24449.3,,,,,0.0,0.0,9674.7
4557.79,100.0,24407.0,,,,,100.0,100.0,9676.6
4558.79,0.0,24407.0,,,,,0.0,0.0,9676.6
4559.79,100.0,24364.5,,,,,100.0,100.0,9676.8
4560.79,0.0,24364.5,,,,,0.0,0.0,9676.8
4561.79,100.0,24321.9,,,,,100.0,100.0,9676.8
4562.79,100.0,24215.9,,,,,100.0,100.0,9676.9
4563.79,0.0,24216.0,,,,,0.0,0.0,9650.9
4564.79,0.0,24258.5,,,,,0.0,0.0,9655.3
4565.79,100.0,24258.5,,,,,100.0,100.0,9659.9
4566.79,0.0,24322.3,,,,,0.0,0.0,9666.2
4567.79,100.0,24343.6,,,,,100.0,100.0,9661.3
4568.79,0.0,24377.6,,,,,0.0,0.0,9664.1
4569.79,100.0,24377.6,,,,,100.0,100.0,9671.8
4570.79,0.0,24377.6,,,,,0.0,0.0,9671.8
4571.79,100.0,24449.3,,,,,100.0,100.0,9674.8
4572.79,100.0,24407.0,,,,,100.0,100.0,9676.8
4573.79,0.0,24407.0,,,,,0.0,0.0,9676.8
4574.79,100.0,24364.5,,,,,100.0,100.0,9677.0
4575.79,0.0,24364.5,,,,,0.0,0.0,9677.0
4576.79,100.0,24321.9,,,,,100.0,100.0,9677.0
4577.79,0.0,24321.9,,,,,0.0,0.0,9677.0
4578.79,100.0,24215.9,,,,,100.0,100.0,9653.9
4579.79,0.0,24216.0,,,,,0.0,0.0,9664.6
4580.79,0.0,24301.0,,,,,0.0,0.0,9659.9
4581.79,100.0,24301.0,,,,,100.0,100.0,9662.3
4582.79,100.0,24301.0,,,,,100.0,100.0,9664.5
4583.79,0.0,24343.6,,,,,0.0,0.0,9659.0
4584.79,100.0,24360.6,,,,,100.0,100.0,9666.6
4585.79,0.0,24377.6,,,,,0.0,0.0,9672.7
4586.79,100.0,24449.3,,,,,100.0,100.0,9675.0
4587.79,0.0,24449.3,,,,,0.0,0.0,9675.0
4588.79,100.0,24407.0,,,,,100.0,100.0,9677.1
4589.79,0.0,24407.0,,,,,0.0,0.0,9677.1
4590.79,100.0,24364.5,,,,,100.0,100.0,9677.2
4591.79,0.0,24364.5,,,,,0.0,0.0,9677.2
4592.79,100.0,24321.9,,,,,100.0,100.0,9677.3
4593.79,0.0,24321.9,,,,,0.0,0.0,9677.3
4594.79,100.0,24216.0,,,,,100.0,100.0,9670.5
4595.79,0.0,24258.5,,,,,0.0,0.0,9670.6
4596.79,100.0,24258.5,,,,,100.0,100.0,9655.1
4597.79,0.0,24301.0,,,,,0.0,0.0,9657.6
4598.79,100.0,24301.0,,,,,100.0,100.0,9666.8
4599.79,0.0,24377.6,,,,,0.0,0.0,9672.4
4600.79,100.0,24377.6,,,,,100.0,100.0,9673.0
4601.8,0.0,24377.6,,,,,0.0,0.0,9673.0
4602.8,100.0,24449.3,,,,,100.0,100.0,9675.5
4603.8,0.0,24449.3,,,,,0.0,0.0,9675.5
4604.8,100.0,24406.9,,,,,100.0,100.0,9677.3
4605.8,100.0,24364.3,,,,,100.0,100.0,9677.4
4606.8,0.0,24364.3,,,,,0.0,0.0,9677.4
4607.8,100.0,24321.7,,,,,100.0,100.0,9677.4
4608.8,0.0,24321.7,,,,,0.0,0.0,9677.4
4609.8,100.0,24215.7,,,,,100.0,100.0,9652.8
4610.8,0.0,24215.8,,,,,0.0,0.0,9655.1
4611.8,0.0,24258.3,,,,,0.0,0.0,9661.8
4612.8,100.0,24300.9,,,,,100.0,100.0,9671.3
4613.8,0.0,24343.4,,,,,0.0,0.0,9651.2
4614.8,100.0,24449.1,,,,,100.0,100.0,9675.4
4615.8,100.0,24406.7,,,,,100.0,100.0,9677.4
4616.8,0.0,24406.7,,,,,0.0,0.0,9677.4
4617.8,100.0,24364.1,,,,,100.0,100.0,9677.5
4618.8,0.0,24364.1,,,,,0.0,0.0,9677.5
4619.8,100.0,24321.6,,,,,100.0,100.0,9677.5
4620.8,0.0,24321.6,,,,,0.0,0.0,9677.5
4621.8,100.0,24215.9,,,,,100.0,100.0,9653.7
4622.8,0.0,24216.0,,,,,0.0,0.0,9661.2
4623.8,0.0,24301.0,,,,,0.0,0.0,9671.4
4624.8,100.0,24301.0,,,,,100.0,100.0,9650.0
4625.8,0.0,24343.6,,,,,0.0,0.0,9664.5
4626.8,100.0,24343.6,,,,,100.0,100.0,9658.6
4627.8,100.0,24343.6,,,,,100.0,100.0,9663.0
4628.8,0.0,24377.6,,,,,0.0,0.0,9673.0
4629.8,100.0,24449.3,,,,,100.0,100.0,9676.0
4630.8,0.0,24449.3,,,,,0.0,0.0,9676.0
4631.8,100.0,24407.0,,,,,100.0,100.0,9677.8
4632.8,0.0,24407.0,,,,,0.0,0.0,9677.8
4633.8,100.0,24364.5,,,,,100.0,100.0,9678.0
4634.8,0.0,24364.5,,,,,0.0,0.0,9678.0
4635.8,100.0,24321.9,,,,,100.0,100.0,9678.0
4636.8,0.0,24321.9,,,,,0.0,0.0,9678.0
4637.8,100.0,24216.0,,,,,100.0,100.0,9670.9
4638.8,0.0,24258.5,,,,,0.0,0.0,9671.0
4639.8,100.0,24258.5,,,,,100.0,100.0,9656.2
4640.8,0.0,24301.0,,,,,0.0,0.0,9659.5
4641.8,100.0,24322.3,,,,,100.0,100.0,9666.8
4642.8,0.0,24360.6,,,,,0.0,0.0,9670.4
4643.8,100.0,24377.6,,,,,100.0,100.0,9673.2
4644.8,0.0,24377.6,,,,,0.0,0.0,9673.4
4645.8,100.0,24449.3,,,,,100.0,100.0,9676.1
4646.8,0.0,24449.3,,,,,0.0,0.0,9676.1
4647.8,100.0,24407.0,,,,,100.0,100.0,9678.0
4648.8,0.0,24407.0,,,,,0.0,0.0,9678.0
4649.8,100.0,24364.5,,,,,100.0,100.0,9678.2
4650.8,100.0,24321.9,,,,,100.0,100.0,9678.2
4651.8,0.0,24321.9,,,,,0.0,0.0,9678.2
4652.8,100.0,24215.9,,,,,100.0,100.0,9652.2
4653.8,0.0,24216.0,,,,,0.0,0.0,9655.8
4654.8,0.0,24258.5,,,,,0.0,0.0,9662.0
4655.8,100.0,24301.0,,,,,100.0,100.0,9671.8
4656.8,0.0,24343.6,,,,,0.0,0.0,9651.1
4657.8,100.0,24343.6,,,,,100.0,100.0,9655.4
4658.8,0.0,24377.6,,,,,0.0,0.0,9666.8
4659.8,100.0,24377.6,,,,,100.0,100.0,9673.9
4660.8,100.0,24449.3,,,,,100.0,100.0,9676.3
4661.8,0.0,24449.3,,,,,0.0,0.0,9676.3
4662.8,100.0,24407.0,,,,,100.0,100.0,9678.3
4663.8,0.0,24407.0,,,,,0.0,0.0,9678.3
4664.8,100.0,24364.5,,,,,100.0,100.0,9678.5
4665.8,0.0,24364.5,,,,,0.0,0.0,9678.5
4666.8,100.0,24321.9,,,,,100.0,100.0,9678.5
4667.8,0.0,24321.9,,,,,0.0,0.0,9678.5
4668.8,100.0,24215.9,,,,,100.0,100.0,9664.0
4669.8,0.0,24258.5,,,,,0.0,0.0,9660.8
4670.8,100.0,24258.5,,,,,100.0,100.0,9664.3
4671.8,0.0,24301.0,,,,,0.0,0.0,9666.0
4672.8,100.0,24318.0,,,,,100.0,100.0,9665.5
4673.81,0.0,24360.6,,,,,0.0,0.0,9659.9
4674.81,100.0,24377.6,,,,,100.0,100.0,9673.7
4675.81,0.0,24377.6,,,,,0.0,0.0,9673.9
4676.81,100.0,24449.3,,,,,100.0,100.0,9676.6
4677.81,0.0,24449.3,,,,,0.0,0.0,9676.6
4678.81,100.0,24407.0,,,,,100.0,100.0,9678.5
4679.81,0.0,24407.0,,,,,0.0,0.0,9678.5
4680.81,100.0,24364.5,,,,,100.0,100.0,9678.7
4681.81,0.0,24364.5,,,,,0.0,0.0,9678.7
4682.81,100.0,24321.9,,,,,100.0,100.0,9678.7
4683.81,100.0,24215.9,,,,,100.0,100.0,9678.9
4684.81,0.0,24216.0,,,,,0.0,0.0,9671.9
4685.81,0.0,24258.5,,,,,0.0,0.0,9657.2
4686.81,100.0,24258.5,,,,,100.0,100.0,9661.7
4687.81,0.0,24343.6,,,,,0.0,0.0,9673.3
4688.81,100.0,24343.6,,,,,100.0,100.0,9651.7
4689.81,0.0,24377.6,,,,,0.0,0.0,9657.7
4690.81,100.0,24377.6,,,,,100.0,100.0,9673.7
4691.81,0.0,24377.6,,,,,0.0,0.0,9673.7
4692.81,100.0,24449.3,,,,,100.0,100.0,9676.7
4693.81,100.0,24407.0,,,,,100.0,100.0,9678.7
4694.81,0.0,24407.0,,,,,0.0,0.0,9678.7
4695.81,100.0,24364.5,,,,,100.0,100.0,9678.9
4696.81,0.0,24364.5,,,,,0.0,0.0,9678.9
4697.81,100.0,24321.9,,,,,100.0,100.0,9678.9
4698.81,0.0,24321.9,,,,,0.0,0.0,9678.9
4699.81,100.0,24215.9,,,,,100.0,100.0,9656.1
4700.81,0.0,24237.2,,,,,0.0,0.0,9668.2
4701.81,0.0,24301.0,,,,,0.0,0.0,9650.4
4702.81,100.0,24301.0,,,,,100.0,100.0,9654.2
4703.81,100.0,24301.0,,,,,100.0,100.0,9657.8
4704.81,0.0,24343.6,,,,,0.0,0.0,9663.0
4705.81,100.0,24360.6,,,,,100.0,100.0,9674.2
4706.81,0.0,24377.6,,,,,0.0,0.0,9674.8
4707.81,100.0,24449.3,,,,,100.0,100.0,9677.0
4708.81,0.0,24449.3,,,,,0.0,0.0,9677.0
4709.81,100.0,24407.0,,,,,100.0,100.0,9679.0
4710.81,0.0,24407.0,,,,,0.0,0.0,9679.0
4711.81,100.0,24364.5,,,,,100.0,100.0,9679.2
4712.81,0.0,24364.5,,,,,0.0,0.0,9679.2
4713.81,100.0,24321.9,,,,,100.0,100.0,9679.2
4714.81,0.0,24321.9,,,,,0.0,0.0,9679.2
4715.81,100.0,24216.0,,,,,100.0,100.0,9672.4
4716.81,0.0,24258.5,,,,,0.0,0.0,9667.8
4717.81,100.0,24258.5,,,,,100.0,100.0,9658.8
4718.81,0.0,24301.0,,,,,0.0,0.0,9661.5
4719.81,100.0,24322.3,,,,,100.0,100.0,9671.8
4720.81,0.0,24377.6,,,,,0.0,0.0,9674.1
4721.81,100.0,24377.6,,,,,100.0,100.0,9675.0
4722.81,0.0,24377.6,,,,,0.0,0.0,9675.0
4723.81,100.0,24449.3,,,,,100.0,100.0,9677.3
4724.81,0.0,24449.3,,,,,0.0,0.0,9677.3
4725.81,100.0,24407.0,,,,,100.0,100.0,9679.3
4726.81,100.0,24364.5,,,,,100.0,100.0,9679.5
4727.81,0.0,24364.5,,,,,0.0,0.0,9679.5
4728.81,100.0,24321.9,,,,,100.0,100.0,9679.5
4729.81,0.0,24321.9,,,,,0.0,0.0,9679.5
4730.81,100.0,24215.9,,,,,100.0,100.0,9654.8
4731.81,0.0,24216.0,,,,,0.0,0.0,9658.0
4732.81,0.0,24258.5,,,,,0.0,0.0,9667.1
4733.81,100.0,24301.0,,,,,100.0,100.0,9673.3
4734.81,0.0,24343.6,,,,,0.0,0.0,9652.3
4735.81,100.0,24343.6,,,,,100.0,100.0,9670.9
4736.81,100.0,24343.6,,,,,100.0,100.0,9661.6
4737.81,0.0,24377.6,,,,,0.0,0.0,9674.6
4738.81,100.0,24449.3,,,,,100.0,100.0,9677.6
4739.81,0.0,24449.3,,,,,0.0,0.0,9677.6
4740.81,100.0,24407.0,,,,,100.0,100.0,9679.6
4741.81,0.0,24407.0,,,,,0.0,0.0,9679.6
4742.81,100.0,24364.5,,,,,100.0,100.0,9679.8
4743.81,0.0,24364.5,,,,,0.0,0.0,9679.8
4744.81,100.0,24321.9,,,,,100.0,100.0,9679.8
4745.81,0.0,24321.9,,,,,0.0,0.0,9679.8
4746.81,100.0,24216.0,,,,,100.0,100.0,9672.5
4747.81,0.0,24258.5,,,,,0.0,0.0,9649.4
