[sft_lora] no WORLD_SIZE in env -- re-exec under torchrun (--nproc_per_node=2, one rank per NeuronCore)
[sft_lora] /opt/aws_neuronx_venv_pytorch_2_9/bin/python -m torch.distributed.run --nproc_per_node=2 /opt/np/repo/shared/train/sft_lora.py --model Qwen/Qwen3-8B --tag qwen3_lora --out /opt/np/repo/trn1/results/train/qwen3_lora.json

*****************************************
Setting OMP_NUM_THREADS environment variable for each process to be 1 in default, to avoid your system being overloaded, please further tune the variable for optimal performance in your application as needed. 
*****************************************
/opt/aws_neuronx_venv_pytorch_2_9/lib/python3.12/site-packages/neuronx_distributed/modules/moe/blockwise.py:100: DeprecationWarning: torch_neuronx.nki_jit is deprecated, use nki.jit instead.
  component, error = import_nki(config)
/opt/aws_neuronx_venv_pytorch_2_9/lib/python3.12/site-packages/neuronx_distributed/modules/moe/blockwise.py:100: DeprecationWarning: torch_neuronx.nki_jit is deprecated, use nki.jit instead.
  component, error = import_nki(config)
/opt/aws_neuronx_venv_pytorch_2_9/lib/python3.12/site-packages/neuronx_distributed/modules/moe/blockwise.py:102: UserWarning: Warning: Failed to import blockwise_mm_baseline_shard_hidden: No module named 'neuronxcc.nki._private.blockwise_mm'
  warnings.warn(f"Warning: {error}")
/opt/aws_neuronx_venv_pytorch_2_9/lib/python3.12/site-packages/neuronx_distributed/modules/moe/blockwise.py:102: UserWarning: Warning: Failed to import blockwise_mm_bwd: No module named 'neuronxcc.nki._private.blockwise_mm_bwd'
  warnings.warn(f"Warning: {error}")
/opt/aws_neuronx_venv_pytorch_2_9/lib/python3.12/site-packages/neuronx_distributed/modules/moe/blockwise.py:102: UserWarning: Warning: Failed to import blockwise_mm_baseline_shard_hidden: No module named 'neuronxcc.nki._private.blockwise_mm'
  warnings.warn(f"Warning: {error}")
/opt/aws_neuronx_venv_pytorch_2_9/lib/python3.12/site-packages/neuronx_distributed/modules/moe/blockwise.py:102: UserWarning: Warning: Failed to import blockwise_mm_bwd_baseline_shard_hidden: No module named 'neuronxcc.nki._private.blockwise_mm_bwd'
  warnings.warn(f"Warning: {error}")
/opt/aws_neuronx_venv_pytorch_2_9/lib/python3.12/site-packages/neuronx_distributed/modules/moe/blockwise.py:102: UserWarning: Warning: Failed to import blockwise_mm_bwd: No module named 'neuronxcc.nki._private.blockwise_mm_bwd'
  warnings.warn(f"Warning: {error}")
/opt/aws_neuronx_venv_pytorch_2_9/lib/python3.12/site-packages/neuronx_distributed/modules/moe/blockwise.py:102: UserWarning: Warning: Failed to import blockwise_mm_bwd_baseline_shard_hidden: No module named 'neuronxcc.nki._private.blockwise_mm_bwd'
  warnings.warn(f"Warning: {error}")
2026-Jul-29 19:54:56.266970 12411:12411  WARN   NRT:nrt_config_parse_init_config            Implicit Async using NEURON_RT_ASYNC_EXEC_MAX_INFLIGHT_REQUESTS will not be supported in a future release of the Neuron Runtime. Migrate to using the new Neuron Runtime Async APIs to address the risk of this future breaking change. https://awsdocs-neuron.readthedocs-hosted.com/en/latest/neuron-runtime/api/nrt-async-api-overview.html
2026-Jul-29 19:54:56.266970 12412:12412  WARN   NRT:nrt_config_parse_init_config            Implicit Async using NEURON_RT_ASYNC_EXEC_MAX_INFLIGHT_REQUESTS will not be supported in a future release of the Neuron Runtime. Migrate to using the new Neuron Runtime Async APIs to address the risk of this future breaking change. https://awsdocs-neuron.readthedocs-hosted.com/en/latest/neuron-runtime/api/nrt-async-api-overview.html
2026-Jul-29 19:55:01.0351 12411:12435 [0] int nccl_net_ofi_create_plugin(nccl_net_ofi_plugin_t**):273 CCOM WARN NET/OFI Failed t2026-Jul-29 19:55:01.0351 12412:12433 [1] int nccl_net_ofi_create_plugin(nccl_net_ofi_plugin_t**):273 CCOM WARN NET/OFI Failed to initialize rdma protocol
o initialize rdma protocol
2026-Jul-29 19:55:01.0351 12411:12435 [0] int nccl_net_ofi_create_plugin(nccl_net_ofi_plugin_t**):416 CCOM WARN NET/OFI aws-ofi-nccl initialization failed
2026-Jul-29 19:55:01.0353 12412:12433 [1] int nccl_net_ofi_create_plugin(nccl_net_ofi_plugin_t**):416 CCOM WARN NET/OFI aws-ofi-nccl initialization failed
2026-Jul-29 19:55:01.0355 12411:12435 [0] ncclResult_t nccl_net_ofi_init(ncclDebugLogger_t):78 CCOM WARN NET/OFI Initializing plugin failed
2026-Jul-29 19:55:01.0357 12412:12433 [1] ncclResult_t nccl_net_ofi_init(ncclDebugLogger_t):78 CCOM WARN NET/OFI Initializing plugin failed
2026-Jul-29 19:55:01.0359 12411:12435 [0] net_plugin.cc:104 CCOM WARN OFI plugin initNet() failed is EFA enabled?
2026-Jul-29 19:55:01.0361 12412:12433 [1] net_plugin.cc:104 CCOM WARN OFI plugin initNet() failed is EFA enabled?
[2026-07-29 19:55:01.429: I neuronx_distributed/parallel_layers/parallel_state.py:638] > initializing tensor model parallel with size 2
[2026-07-29 19:55:01.430: I neuronx_distributed/parallel_layers/parallel_state.py:639] > initializing pipeline model parallel with size 1
[2026-07-29 19:55:01.430: I neuronx_distributed/parallel_layers/parallel_state.py:640] > initializing context model parallel with size 1
[2026-07-29 19:55:01.430: I neuronx_distributed/parallel_layers/parallel_state.py:641] > initializing data parallel with size 1
[2026-07-29 19:55:01.430: I neuronx_distributed/parallel_layers/parallel_state.py:642] > initializing world size to 2
2026-07-29 19:55:01.000437:  12412  [INFO]: Using a cached neff at /opt/np/cache/neuron-compile-cache/neuronxcc-2.26.6360.0+6f180f47/MODULE_10918481393192567537+f7f529f3/model.neff
2026-07-29 19:55:01.000439:  12411  [INFO]: Using a cached neff at /opt/np/cache/neuron-compile-cache/neuronxcc-2.26.6360.0+6f180f47/MODULE_10918481393192567537+f7f529f3/model.neff
PyTorch: setting up devices
[2026-07-29 19:55:01.470: I neuronx_distributed/parallel_layers/parallel_state.py:387] [rank_0_pp-1_tp-1_dp-1_cp-1] Chosen Logic for replica groups ret_logic=<PG_Group_Logic.LOGIC1: (<function ascending_ring_PG_group at 0x7893e8dffa60>, 'Ascending Ring PG Group')>
[2026-07-29 19:55:01.470: I neuronx_distributed/parallel_layers/parallel_state.py:666] [rank_0_pp-1_tp-1_dp-1_cp-1] tp_groups: replica_groups.tp_groups=[[0, 1]]
[2026-07-29 19:55:01.470: I neuronx_distributed/parallel_layers/parallel_state.py:667] [rank_0_pp-1_tp-1_dp-1_cp-1] dp_groups: replica_groups.dp_groups=[[0], [1]]
[2026-07-29 19:55:01.470: I neuronx_distributed/parallel_layers/parallel_state.py:668] [rank_0_pp-1_tp-1_dp-1_cp-1] pp_groups: replica_groups.pp_groups=[[0], [1]]
[2026-07-29 19:55:01.471: I neuronx_distributed/parallel_layers/parallel_state.py:669] [rank_0_pp-1_tp-1_dp-1_cp-1] cp_groups: replica_groups.cp_groups=[[0], [1]]
[2026-07-29 19:55:01.471: I neuronx_distributed/parallel_layers/parallel_state.py:670] [rank_0_pp-1_tp-1_dp-1_cp-1] ep_model_groups: replica_groups.ep_model_groups=[[0], [1]]
[2026-07-29 19:55:01.471: I neuronx_distributed/parallel_layers/parallel_state.py:671] [rank_0_pp-1_tp-1_dp-1_cp-1] ep_data_groups: replica_groups.ep_data_groups=[[0], [1]]
PyTorch: setting up devices
/opt/aws_neuronx_venv_pytorch_2_9/lib/python3.12/site-packages/optimum/neuron/models/inference/llama/modeling_llama.py:33: DeprecationWarning: torch_neuronx.nki_jit is deprecated, use nki.jit instead.
  from ..backend.modules.attention.attention_base import NeuronAttentionBase
/opt/aws_neuronx_venv_pytorch_2_9/lib/python3.12/site-packages/optimum/neuron/models/inference/llama/modeling_llama.py:33: DeprecationWarning: torch_neuronx.nki_jit is deprecated, use nki.jit instead.
  from ..backend.modules.attention.attention_base import NeuronAttentionBase
loading weights file model.safetensors from cache at /opt/np/models/hf/hub/models--Qwen--Qwen3-8B/snapshots/b968826d9c46dd6066d109eabc6255188de91218/model.safetensors.index.json
loading weights file model.safetensors from cache at /opt/np/models/hf/hub/models--Qwen--Qwen3-8B/snapshots/b968826d9c46dd6066d109eabc6255188de91218/model.safetensors.index.json
Loading checkpoint shards:   0%|          | 0/5 [00:00<?, ?it/s]Loading checkpoint shards:   0%|          | 0/5 [00:00<?, ?it/s]Loading checkpoint shards:  20%|██        | 1/5 [00:18<01:15, 18.95s/it]Loading checkpoint shards:  20%|██        | 1/5 [00:18<01:15, 18.94s/it]Loading checkpoint shards:  40%|████      | 2/5 [00:35<00:51, 17.26s/it]Loading checkpoint shards:  40%|████      | 2/5 [00:35<00:51, 17.26s/it]Loading checkpoint shards:  60%|██████    | 3/5 [00:55<00:37, 18.76s/it]Loading checkpoint shards:  60%|██████    | 3/5 [00:55<00:37, 18.78s/it]Loading checkpoint shards:  80%|████████  | 4/5 [01:08<00:16, 16.51s/it]Loading checkpoint shards:  80%|████████  | 4/5 [01:08<00:16, 16.48s/it]Loading checkpoint shards: 100%|██████████| 5/5 [01:13<00:00, 12.24s/it]Loading checkpoint shards: 100%|██████████| 5/5 [01:13<00:00, 14.66s/it]
All model checkpoint weights were used when initializing Qwen3ForCausalLM.

All the weights of Qwen3ForCausalLM were initialized from the model checkpoint at Qwen/Qwen3-8B.
If your task is similar to the task the model of the checkpoint was trained on, you can already use Qwen3ForCausalLM for predictions without further training.
Loading checkpoint shards: 100%|██████████| 5/5 [01:13<00:00, 12.22s/it]Loading checkpoint shards: 100%|██████████| 5/5 [01:13<00:00, 14.65s/it]
All model checkpoint weights were used when initializing Qwen3ForCausalLM.

All the weights of Qwen3ForCausalLM were initialized from the model checkpoint at Qwen/Qwen3-8B.
If your task is similar to the task the model of the checkpoint was trained on, you can already use Qwen3ForCausalLM for predictions without further training.
/opt/np/repo/shared/train/sft_lora.py:918: DeprecationWarning: Use torch_xla.device instead
  device=xm.xla_device())
/opt/np/repo/shared/train/sft_lora.py:918: DeprecationWarning: Use torch_xla.device instead
  device=xm.xla_device())
/opt/np/repo/shared/train/sft_lora.py:920: DeprecationWarning: Use torch_xla.sync instead
  xm.mark_step()
/opt/np/repo/shared/train/sft_lora.py:920: DeprecationWarning: Use torch_xla.sync instead
  xm.mark_step()
2026-07-29 19:57:15.000649:  12411  [INFO]: Using a cached neff at /opt/np/cache/neuron-compile-cache/neuronxcc-2.26.6360.0+6f180f47/MODULE_5826833238478477259+f7f529f3/model.neff
2026-07-29 19:57:15.000650:  12412  [INFO]: Using a cached neff at /opt/np/cache/neuron-compile-cache/neuronxcc-2.26.6360.0+6f180f47/MODULE_5826833238478477259+f7f529f3/model.neff
2026-07-29 19:57:15.000756:  12411  [INFO]: Using a cached neff at /opt/np/cache/neuron-compile-cache/neuronxcc-2.26.6360.0+6f180f47/MODULE_17281575579459249431+f7f529f3/model.neff
2026-07-29 19:57:15.000757:  12412  [INFO]: Using a cached neff at /opt/np/cache/neuron-compile-cache/neuronxcc-2.26.6360.0+6f180f47/MODULE_17281575579459249431+f7f529f3/model.neff
2026-07-29 19:57:15.000776:  12411  [INFO]: Using a cached neff at /opt/np/cache/neuron-compile-cache/neuronxcc-2.26.6360.0+6f180f47/MODULE_16314927993349291726+f7f529f3/model.neff
2026-07-29 19:57:15.000776:  12412  [INFO]: Using a cached neff at /opt/np/cache/neuron-compile-cache/neuronxcc-2.26.6360.0+6f180f47/MODULE_16314927993349291726+f7f529f3/model.neff
PyTorch: setting up devices
`even_batches` in `AcceleratorConfig` is not supported in NeuronTrainer and will be ignored. Make sure that your dataset size is divisible by the train batch size x gradient accumulation steps x data parallel size.
`use_seedable_sampler` in `AcceleratorConfig` is not supported in NeuronTrainer and will be ignored.
No label_names provided for model class `NeuronPeftModelForCausalLM`. Since `NeuronPeftModel` hides base models input arguments, if label_names is not given, label_names can't be set automatically within `NeuronTrainer`. Note that empty label_names list will be used instead.
  grad ckpt shim     : module globals ['modeling_utils', 'modeling_llama', 'modeling_granite']; 0 bound funcs wrapped

==============================================================================
  LoRA SFT on Trainium            tag=qwen3_lora
==============================================================================
  model              : Qwen/Qwen3-8B
  params total       : 8,246,487,040  (rank-local shard 4,123,243,520; via xla_all_reduce)
  params trainable   : 55,443,456  (0.672% of total)
  grad checkpointing : True
  parallelism        : world=2 tp=2 dp=1 pp=1
  lora               : r=16 alpha=32 dropout=0.05
  lora targets       : q_proj,k_proj,v_proj,o_proj,gate_proj,up_proj,down_proj
  seq_len            : 2048  (packing=True, attn=flash_attention_2)
  batch              : micro=1 grad_accum=8 -> 16,384 tok/optimizer step
  schedule           : epochs=3 max_steps=-1 lr=0.0001
  seed               : 42
  dataset            : databricks/databricks-dolly-15k
  neuron cache       : /opt/np/cache/neuron-compile-cache
  adapter out        : /opt/np/models/adapters/qwen3_lora
  versions           : torch=2.9.1 optimum-neuron=0.4.3 neuronx-cc=2.26.6360.0+6f180f47
==============================================================================

Pipeline parallelsim: forcing the dataloader to drop the last incomplete batch because it can cause failure if the last batch size is not divisible by the number of microbatches for the pipeline.
WARNING:root:Not saving master weights may have accuracy issues when resuming training!
2026-07-29 19:57:29.000232:  12412  [INFO]: Using a cached neff at /opt/np/cache/neuron-compile-cache/neuronxcc-2.26.6360.0+6f180f47/MODULE_4020207309534495528+f7f529f3/model.neff
/opt/aws_neuronx_venv_pytorch_2_9/lib/python3.12/site-packages/neuronx_distributed/parallel_layers/layers.py:531: FutureWarning: `torch.cuda.amp.autocast(args...)` is deprecated. Please use `torch.amp.autocast('cuda', args...)` instead.
  with torch.cuda.amp.autocast(enabled=False):
Neuron NKI - Kernel call: flash_fwd(q = Tensor(shape: (1, 16, 128, 2048), dtype: bfloat16), k = Tensor(shape: (1, 16, 128, 2048), dtype: bfloat16), v = Tensor(shape: (1, 16, 128, 2048), dtype: bfloat16), seed = None, logit_bias = None, softmax_scale = 0.08838834764831845, use_causal_mask = True, sliding_window = -1, mixed_precision = True, dropout_p = 0.0, config = FlashConfig(seq_tile_size=2048, attn_core_tile_size=256, training=True, should_transpose_v=True, lse_dtype=''))
/opt/aws_neuronx_venv_pytorch_2_9/lib/python3.12/site-packages/optimum/neuron/models/training/qwen3/modeling_qwen3.py:133: DeprecationWarning: Block dimension is deprecated. The leading dimension of SBUF tensor must be partition dimension
  attn_output = nki_flash_attn_func(
/opt/aws_neuronx_venv_pytorch_2_9/lib/python3.12/site-packages/optimum/neuron/models/training/qwen3/modeling_qwen3.py:133: DeprecationWarning: Block dimension is deprecated. The leading dimension of SBUF tensor must be partition dimension
  attn_output = nki_flash_attn_func(
/opt/aws_neuronx_venv_pytorch_2_9/lib/python3.12/site-packages/neuronx_distributed/parallel_layers/layers.py:531: FutureWarning: `torch.cuda.amp.autocast(args...)` is deprecated. Please use `torch.amp.autocast('cuda', args...)` instead.
  with torch.cuda.amp.autocast(enabled=False):
/opt/aws_neuronx_venv_pytorch_2_9/lib/python3.12/site-packages/torch/utils/checkpoint.py:85: UserWarning: None of the inputs have requires_grad=True. Gradients will be None
  warnings.warn(
Neuron NKI - Kernel call: flash_attn_bwd(q_ref = Tensor(shape: (1, 16, 128, 2048), dtype: bfloat16), k_ref = Tensor(shape: (1, 16, 128, 2048), dtype: bfloat16), v_ref = Tensor(shape: (1, 16, 128, 2048), dtype: bfloat16), o_ref = Tensor(shape: (1, 16, 128, 2048), dtype: bfloat16), dy_ref = Tensor(shape: (1, 16, 128, 2048), dtype: bfloat16), lse_ref = Tensor(shape: (1, 16, 128, 16), dtype: float32), seed_ref = None, logit_bias_ref = None, use_causal_mask = True, mixed_precision = True, dropout_p = 0.0, softmax_scale = 0.08838834764831845, sliding_window = -1, sinks = None)
WARNING:root:Not saving master weights may have accuracy issues when resuming training!
***** Running training *****
  Num examples = 1,662
  Num Epochs = 3
  Data Parallel Size: 1
  Tensor Parallel Size: 2
  Pipeline Parallel Size: 1
  Instantaneous batch size per data parallel rank = 1
  Gradient Accumulation steps = 8
  Total train batch size (w. parallel, distributed & accumulation) = 8
  Total optimization steps = 624
  Num trainable parameters = 41,287,680
2026-07-29 19:57:30.000671:  12411  [INFO]: Using a cached neff at /opt/np/cache/neuron-compile-cache/neuronxcc-2.26.6360.0+6f180f47/MODULE_4020207309534495528+f7f529f3/model.neff
/opt/aws_neuronx_venv_pytorch_2_9/lib/python3.12/site-packages/neuronx_distributed/parallel_layers/layers.py:531: FutureWarning: `torch.cuda.amp.autocast(args...)` is deprecated. Please use `torch.amp.autocast('cuda', args...)` instead.
  with torch.cuda.amp.autocast(enabled=False):
Neuron NKI - Kernel call: flash_fwd(q = Tensor(shape: (1, 16, 128, 2048), dtype: bfloat16), k = Tensor(shape: (1, 16, 128, 2048), dtype: bfloat16), v = Tensor(shape: (1, 16, 128, 2048), dtype: bfloat16), seed = None, logit_bias = None, softmax_scale = 0.08838834764831845, use_causal_mask = True, sliding_window = -1, mixed_precision = True, dropout_p = 0.0, config = FlashConfig(seq_tile_size=2048, attn_core_tile_size=256, training=True, should_transpose_v=True, lse_dtype=''))
/opt/aws_neuronx_venv_pytorch_2_9/lib/python3.12/site-packages/optimum/neuron/models/training/qwen3/modeling_qwen3.py:133: DeprecationWarning: Block dimension is deprecated. The leading dimension of SBUF tensor must be partition dimension
  attn_output = nki_flash_attn_func(
/opt/aws_neuronx_venv_pytorch_2_9/lib/python3.12/site-packages/optimum/neuron/models/training/qwen3/modeling_qwen3.py:133: DeprecationWarning: Block dimension is deprecated. The leading dimension of SBUF tensor must be partition dimension
  attn_output = nki_flash_attn_func(
/opt/aws_neuronx_venv_pytorch_2_9/lib/python3.12/site-packages/neuronx_distributed/parallel_layers/layers.py:531: FutureWarning: `torch.cuda.amp.autocast(args...)` is deprecated. Please use `torch.amp.autocast('cuda', args...)` instead.
  with torch.cuda.amp.autocast(enabled=False):
/opt/aws_neuronx_venv_pytorch_2_9/lib/python3.12/site-packages/torch/utils/checkpoint.py:85: UserWarning: None of the inputs have requires_grad=True. Gradients will be None
  warnings.warn(
Neuron NKI - Kernel call: flash_attn_bwd(q_ref = Tensor(shape: (1, 16, 128, 2048), dtype: bfloat16), k_ref = Tensor(shape: (1, 16, 128, 2048), dtype: bfloat16), v_ref = Tensor(shape: (1, 16, 128, 2048), dtype: bfloat16), o_ref = Tensor(shape: (1, 16, 128, 2048), dtype: bfloat16), dy_ref = Tensor(shape: (1, 16, 128, 2048), dtype: bfloat16), lse_ref = Tensor(shape: (1, 16, 128, 16), dtype: float32), seed_ref = None, logit_bias_ref = None, use_causal_mask = True, mixed_precision = True, dropout_p = 0.0, softmax_scale = 0.08838834764831845, sliding_window = -1, sinks = None)
neuronxcc-2.26.6360.0+6f180f47/MODULE_9746221870445524748+f7f529f3/model.done not found in aws-neuron/optimum-neuron-cache: the corresponding graph will be recompiled. This may take up to one hour for large models.
neuronxcc-2.26.6360.0+6f180f47/MODULE_9746221870445524748+f7f529f3/model.done not found in aws-neuron/optimum-neuron-cache: the corresponding graph will be recompiled. This may take up to one hour for large models.
neuronxcc-2.26.6360.0+6f180f47/MODULE_9746221870445524748+f7f529f3/model.log not found in aws-neuron/optimum-neuron-cache: the corresponding graph will be recompiled. This may take up to one hour for large models.
......................................
Compiler status PASS
2026-07-29 20:03:43.000596:  12412  [INFO]: Compilation Successfully Completed for model.MODULE_5912273954774225400+f7f529f3.hlo_module.pb
/opt/aws_neuronx_venv_pytorch_2_9/lib/python3.12/site-packages/neuronx_distributed/parallel_layers/layers.py:531: FutureWarning: `torch.cuda.amp.autocast(args...)` is deprecated. Please use `torch.amp.autocast('cuda', args...)` instead.
  with torch.cuda.amp.autocast(enabled=False):
/opt/aws_neuronx_venv_pytorch_2_9/lib/python3.12/site-packages/torch/utils/checkpoint.py:85: UserWarning: None of the inputs have requires_grad=True. Gradients will be None
  warnings.warn(

Compiler status PASS
2026-07-29 20:03:57.000924:  12411  [INFO]: Compilation Successfully Completed for model.MODULE_9746221870445524748+f7f529f3.hlo_module.pb
./opt/aws_neuronx_venv_pytorch_2_9/lib/python3.12/site-packages/neuronx_distributed/parallel_layers/layers.py:531: FutureWarning: `torch.cuda.amp.autocast(args...)` is deprecated. Please use `torch.amp.autocast('cuda', args...)` instead.
  with torch.cuda.amp.autocast(enabled=False):
/opt/aws_neuronx_venv_pytorch_2_9/lib/python3.12/site-packages/torch/utils/checkpoint.py:85: UserWarning: None of the inputs have requires_grad=True. Gradients will be None
  warnings.warn(
neuronxcc-2.26.6360.0+6f180f47/MODULE_10184836271708030575+f7f529f3/model.done not found in aws-neuron/optimum-neuron-cache: the corresponding graph will be recompiled. This may take up to one hour for large models.
neuronxcc-2.26.6360.0+6f180f47/MODULE_10184836271708030575+f7f529f3/model.done not found in aws-neuron/optimum-neuron-cache: the corresponding graph will be recompiled. This may take up to one hour for large models.
neuronxcc-2.26.6360.0+6f180f47/MODULE_10184836271708030575+f7f529f3/model.log not found in aws-neuron/optimum-neuron-cache: the corresponding graph will be recompiled. This may take up to one hour for large models.
.............................
Compiler status PASS
2026-07-29 20:09:04.000309:  12412  [INFO]: Compilation Successfully Completed for model.MODULE_11118382202486918142+f7f529f3.hlo_module.pb
/opt/aws_neuronx_venv_pytorch_2_9/lib/python3.12/site-packages/neuronx_distributed/parallel_layers/layers.py:531: FutureWarning: `torch.cuda.amp.autocast(args...)` is deprecated. Please use `torch.amp.autocast('cuda', args...)` instead.
  with torch.cuda.amp.autocast(enabled=False):
/opt/aws_neuronx_venv_pytorch_2_9/lib/python3.12/site-packages/torch/utils/checkpoint.py:85: UserWarning: None of the inputs have requires_grad=True. Gradients will be None
  warnings.warn(

Compiler status PASS
2026-07-29 20:09:21.000732:  12411  [INFO]: Compilation Successfully Completed for model.MODULE_10184836271708030575+f7f529f3.hlo_module.pb
/opt/aws_neuronx_venv_pytorch_2_9/lib/python3.12/site-packages/neuronx_distributed/parallel_layers/layers.py:531: FutureWarning: `torch.cuda.amp.autocast(args...)` is deprecated. Please use `torch.amp.autocast('cuda', args...)` instead.
  with torch.cuda.amp.autocast(enabled=False):
/opt/aws_neuronx_venv_pytorch_2_9/lib/python3.12/site-packages/torch/utils/checkpoint.py:85: UserWarning: None of the inputs have requires_grad=True. Gradients will be None
  warnings.warn(
neuronxcc-2.26.6360.0+6f180f47/MODULE_16320711972174867166+f7f529f3/model.done not found in aws-neuron/optimum-neuron-cache: the corresponding graph will be recompiled. This may take up to one hour for large models.
...2026-07-29 20:10:39.000187:  12411  [INFO]: Another process must be compiling /opt/np/cache/neuron-compile-cache/neuronxcc-2.26.6360.0+6f180f47/MODULE_16320711972174867166+f7f529f3/model.hlo_module.pb, been waiting for: 1.0 minutes
...2026-07-29 20:11:39.000189:  12411  [INFO]: Another process must be compiling /opt/np/cache/neuron-compile-cache/neuronxcc-2.26.6360.0+6f180f47/MODULE_16320711972174867166+f7f529f3/model.hlo_module.pb, been waiting for: 2.0 minutes
...2026-07-29 20:12:39.000191:  12411  [INFO]: Another process must be compiling /opt/np/cache/neuron-compile-cache/neuronxcc-2.26.6360.0+6f180f47/MODULE_16320711972174867166+f7f529f3/model.hlo_module.pb, been waiting for: 3.0 minutes
..
Compiler status PASS
2026-07-29 20:13:13.000248:  12412  [INFO]: Compilation Successfully Completed for model.MODULE_16320711972174867166+f7f529f3.hlo_module.pb
2026-07-29 20:13:14.000227:  12411  [INFO]: Using a cached neff at /opt/np/cache/neuron-compile-cache/neuronxcc-2.26.6360.0+6f180f47/MODULE_16320711972174867166+f7f529f3/model.neff
2026-07-29 20:13:14.000293:  12412  [INFO]: Using a cached neff at /opt/np/cache/neuron-compile-cache/neuronxcc-2.26.6360.0+6f180f47/MODULE_17694192085093063913+f7f529f3/model.neff
{'loss': 2.3689, 'learning_rate': 0.0001, 'grad_norm': 1.5574851036071777, 'train/tokens_per_sec': 17.340859655661905, 'train/step_time': 944.8205178599965, 'train/mfu': 63.31, 'train/efficiency': 0.79, 'train/forward_time_percent': 0.29, 'train/backward_time_percent': 0.47, 'train/optimizer_time_percent': 0.03, 'train/overhead_time_percent': 99.21, 'epoch': 0.0048134777376654635}
/opt/aws_neuronx_venv_pytorch_2_9/lib/python3.12/site-packages/neuronx_distributed/parallel_layers/layers.py:531: FutureWarning: `torch.cuda.amp.autocast(args...)` is deprecated. Please use `torch.amp.autocast('cuda', args...)` instead.
  with torch.cuda.amp.autocast(enabled=False):
/opt/aws_neuronx_venv_pytorch_2_9/lib/python3.12/site-packages/torch/utils/checkpoint.py:85: UserWarning: None of the inputs have requires_grad=True. Gradients will be None
  warnings.warn(
2026-07-29 20:13:15.000274:  12411  [INFO]: Using a cached neff at /opt/np/cache/neuron-compile-cache/neuronxcc-2.26.6360.0+6f180f47/MODULE_17694192085093063913+f7f529f3/model.neff
  step     1  loss   2.3689  |   726377.3 ms  | warmup
{'loss': 2.3689, 'learning_rate': 0.0001, 'grad_norm': 1.5574851036071777, 'train/tokens_per_sec': 17.348495059179854, 'train/step_time': 944.4046843319993, 'train/mfu': 55.09, 'train/efficiency': 0.9, 'train/forward_time_percent': 0.32, 'train/backward_time_percent': 0.55, 'train/optimizer_time_percent': 0.02, 'train/overhead_time_percent': 99.1, 'epoch': 0.0048134777376654635}
neuronxcc-2.26.6360.0+6f180f47/MODULE_2772613893640268775+f7f529f3/model.done not found in aws-neuron/optimum-neuron-cache: the corresponding graph will be recompiled. This may take up to one hour for large models.
...2026-07-29 20:14:25.000042:  12411  [INFO]: Another process must be compiling /opt/np/cache/neuron-compile-cache/neuronxcc-2.26.6360.0+6f180f47/MODULE_2772613893640268775+f7f529f3/model.hlo_module.pb, been waiting for: 1.0 minutes
...2026-07-29 20:15:25.000043:  12411  [INFO]: Another process must be compiling /opt/np/cache/neuron-compile-cache/neuronxcc-2.26.6360.0+6f180f47/MODULE_2772613893640268775+f7f529f3/model.hlo_module.pb, been waiting for: 2.0 minutes
...2026-07-29 20:16:25.000045:  12411  [INFO]: Another process must be compiling /opt/np/cache/neuron-compile-cache/neuronxcc-2.26.6360.0+6f180f47/MODULE_2772613893640268775+f7f529f3/model.hlo_module.pb, been waiting for: 3.0 minutes
...2026-07-29 20:17:25.000046:  12411  [INFO]: Another process must be compiling /opt/np/cache/neuron-compile-cache/neuronxcc-2.26.6360.0+6f180f47/MODULE_2772613893640268775+f7f529f3/model.hlo_module.pb, been waiting for: 4.0 minutes
...
Compiler status PASS
2026-07-29 20:18:15.000269:  12412  [INFO]: Compilation Successfully Completed for model.MODULE_2772613893640268775+f7f529f3.hlo_module.pb
2026-07-29 20:18:20.000076:  12411  [INFO]: Using a cached neff at /opt/np/cache/neuron-compile-cache/neuronxcc-2.26.6360.0+6f180f47/MODULE_2772613893640268775+f7f529f3/model.neff
{'loss': 2.271, 'learning_rate': 0.0001, 'grad_norm': 1.1394094228744507, 'train/tokens_per_sec': 54.219431721036706, 'train/step_time': 302.1794858400026, 'train/mfu': 74.67, 'train/efficiency': 2.07, 'train/forward_time_percent': 0.67, 'train/backward_time_percent': 1.34, 'train/optimizer_time_percent': 0.06, 'train/overhead_time_percent': 97.93, 'epoch': 0.009626955475330927}
/opt/aws_neuronx_venv_pytorch_2_9/lib/python3.12/site-packages/neuronx_distributed/parallel_layers/layers.py:531: FutureWarning: `torch.cuda.amp.autocast(args...)` is deprecated. Please use `torch.amp.autocast('cuda', args...)` instead.
  with torch.cuda.amp.autocast(enabled=False):
/opt/aws_neuronx_venv_pytorch_2_9/lib/python3.12/site-packages/torch/utils/checkpoint.py:85: UserWarning: None of the inputs have requires_grad=True. Gradients will be None
  warnings.warn(
  step     2  loss   2.2710  |     6697.8 ms  | warmup
{'loss': 2.271, 'learning_rate': 0.0001, 'grad_norm': 1.1394094228744507, 'train/tokens_per_sec': 53.54226424060699, 'train/step_time': 306.001254007002, 'train/mfu': 73.97, 'train/efficiency': 2.07, 'train/forward_time_percent': 0.64, 'train/backward_time_percent': 1.36, 'train/optimizer_time_percent': 0.06, 'train/overhead_time_percent': 97.93, 'epoch': 0.009626955475330927}
  step     3  loss   1.9921  |     6814.1 ms  | warmup
{'loss': 1.9921, 'learning_rate': 0.0001, 'grad_norm': 0.9331284761428833, 'train/tokens_per_sec': 1261.771802612926, 'train/step_time': 12.984915312001249, 'train/mfu': 75.24, 'train/efficiency': 47.29, 'train/forward_time_percent': 15.43, 'train/backward_time_percent': 31.09, 'train/optimizer_time_percent': 0.77, 'train/overhead_time_percent': 52.71, 'epoch': 0.01444043321299639}
{'loss': 1.9921, 'learning_rate': 0.0001, 'grad_norm': 0.9331284761428833, 'train/tokens_per_sec': 2000.0794440745076, 'train/step_time': 8.191674609995971, 'train/mfu': 71.99, 'train/efficiency': 78.3, 'train/forward_time_percent': 24.22, 'train/backward_time_percent': 52.86, 'train/optimizer_time_percent': 1.22, 'train/overhead_time_percent': 21.7, 'epoch': 0.01444043321299639}
{'loss': 2.0427, 'learning_rate': 0.0001, 'grad_norm': 0.8327871561050415, 'train/tokens_per_sec': 1193.2032423652715, 'train/step_time': 13.73110583199741, 'train/mfu': 75.11, 'train/efficiency': 44.95, 'train/forward_time_percent': 14.4, 'train/backward_time_percent': 29.67, 'train/optimizer_time_percent': 0.87, 'train/overhead_time_percent': 55.05, 'epoch': 0.019253910950661854}
  step     4  loss   2.0427  |     6992.0 ms  | warmup
{'loss': 2.0427, 'learning_rate': 0.0001, 'grad_norm': 0.8327871561050415, 'train/tokens_per_sec': 1193.2879098822964, 'train/step_time': 13.730131567004719, 'train/mfu': 70.3, 'train/efficiency': 47.98, 'train/forward_time_percent': 14.67, 'train/backward_time_percent': 32.43, 'train/optimizer_time_percent': 0.88, 'train/overhead_time_percent': 52.02, 'epoch': 0.019253910950661854}
  step     5  loss   1.9778  |     6734.1 ms  | warmup
{'loss': 1.9778, 'learning_rate': 0.0001, 'grad_norm': 0.6164339780807495, 'train/tokens_per_sec': 1193.5552004880565, 'train/step_time': 13.727056773997901, 'train/mfu': 73.05, 'train/efficiency': 46.19, 'train/forward_time_percent': 14.94, 'train/backward_time_percent': 30.39, 'train/optimizer_time_percent': 0.86, 'train/overhead_time_percent': 53.81, 'epoch': 0.024067388688327317}
{'loss': 1.9778, 'learning_rate': 0.0001, 'grad_norm': 0.6164339780807495, 'train/tokens_per_sec': 1193.279402394904, 'train/step_time': 13.730229455999506, 'train/mfu': 73.58, 'train/efficiency': 45.85, 'train/forward_time_percent': 14.57, 'train/backward_time_percent': 30.42, 'train/optimizer_time_percent': 0.85, 'train/overhead_time_percent': 54.15, 'epoch': 0.024067388688327317}
  step     6  loss   1.6366  |     6723.2 ms  | warmup
{'loss': 1.6366, 'learning_rate': 0.0001, 'grad_norm': 0.5730004906654358, 'train/tokens_per_sec': 1193.4408146100802, 'train/step_time': 13.728372450001189, 'train/mfu': 73.53, 'train/efficiency': 45.9, 'train/forward_time_percent': 14.5, 'train/backward_time_percent': 30.53, 'train/optimizer_time_percent': 0.87, 'train/overhead_time_percent': 54.1, 'epoch': 0.02888086642599278}{'loss': 1.6366, 'learning_rate': 0.0001, 'grad_norm': 0.5730004906654358, 'train/tokens_per_sec': 1193.7837831777715, 'train/step_time': 13.72442835199763, 'train/mfu': 73.08, 'train/efficiency': 46.14, 'train/forward_time_percent': 14.84, 'train/backward_time_percent': 30.48, 'train/optimizer_time_percent': 0.82, 'train/overhead_time_percent': 53.86, 'epoch': 0.02888086642599278}

  step     7  loss   1.6280  |     6633.7 ms  | warmup
{'loss': 1.628, 'learning_rate': 0.0001, 'grad_norm': 0.4749414920806885, 'train/tokens_per_sec': 1195.3660707968781, 'train/step_time': 13.706261538005492, 'train/mfu': 74.39, 'train/efficiency': 45.47, 'train/forward_time_percent': 14.9, 'train/backward_time_percent': 29.68, 'train/optimizer_time_percent': 0.89, 'train/overhead_time_percent': 54.53, 'epoch': 0.03369434416365824}
{'loss': 1.628, 'learning_rate': 0.0001, 'grad_norm': 0.4749414920806885, 'train/tokens_per_sec': 1195.2400861234564, 'train/step_time': 13.707706250999763, 'train/mfu': 74.01, 'train/efficiency': 45.55, 'train/forward_time_percent': 14.44, 'train/backward_time_percent': 30.37, 'train/optimizer_time_percent': 0.74, 'train/overhead_time_percent': 54.45, 'epoch': 0.03369434416365824}
  step     8  loss   1.7740  |     6769.9 ms  | warmup
{'loss': 1.774, 'learning_rate': 0.0001, 'grad_norm': 0.3669055998325348, 'train/tokens_per_sec': 1194.0255732920405, 'train/step_time': 13.721649155995692, 'train/mfu': 72.42, 'train/efficiency': 46.49, 'train/forward_time_percent': 14.89, 'train/backward_time_percent': 30.86, 'train/optimizer_time_percent': 0.75, 'train/overhead_time_percent': 53.51, 'epoch': 0.03850782190132371}
{'loss': 1.774, 'learning_rate': 0.0001, 'grad_norm': 0.3669055998325348, 'train/tokens_per_sec': 1193.503966453321, 'train/step_time': 13.727646040999389, 'train/mfu': 74.28, 'train/efficiency': 45.43, 'train/forward_time_percent': 14.38, 'train/backward_time_percent': 30.2, 'train/optimizer_time_percent': 0.86, 'train/overhead_time_percent': 54.57, 'epoch': 0.03850782190132371}
  step     9  loss   1.6323  |     6795.3 ms  | warmup
{'loss': 1.6323, 'learning_rate': 0.0001, 'grad_norm': 0.9306548237800598, 'train/tokens_per_sec': 1194.8191336408424, 'train/step_time': 13.712535678998393, 'train/mfu': 72.34, 'train/efficiency': 46.56, 'train/forward_time_percent': 14.62, 'train/backward_time_percent': 31.2, 'train/optimizer_time_percent': 0.73, 'train/overhead_time_percent': 53.44, 'epoch': 0.04332129963898917}
{'loss': 1.6323, 'learning_rate': 0.0001, 'grad_norm': 0.9306548237800598, 'train/tokens_per_sec': 1194.6874853037784, 'train/step_time': 13.714046728993708, 'train/mfu': 73.95, 'train/efficiency': 45.72, 'train/forward_time_percent': 14.34, 'train/backward_time_percent': 30.49, 'train/optimizer_time_percent': 0.89, 'train/overhead_time_percent': 54.28, 'epoch': 0.04332129963898917}
{'loss': 1.3913, 'learning_rate': 0.0001, 'grad_norm': 0.9971403479576111, 'train/tokens_per_sec': 1192.8177297909417, 'train/step_time': 13.735543654998764, 'train/mfu': 76.12, 'train/efficiency': 44.25, 'train/forward_time_percent': 14.31, 'train/backward_time_percent': 29.17, 'train/optimizer_time_percent': 0.77, 'train/overhead_time_percent': 55.75, 'epoch': 0.048134777376654635}
  step    10  loss   1.3913  |     6968.8 ms  | warmup
{'loss': 1.3913, 'learning_rate': 0.0001, 'grad_norm': 0.9971403479576111, 'train/tokens_per_sec': 1193.5352113121994, 'train/step_time': 13.727286672998162, 'train/mfu': 70.13, 'train/efficiency': 47.96, 'train/forward_time_percent': 14.78, 'train/backward_time_percent': 32.44, 'train/optimizer_time_percent': 0.74, 'train/overhead_time_percent': 52.04, 'epoch': 0.048134777376654635}
{'loss': 1.735, 'learning_rate': 0.0001, 'grad_norm': 0.279276043176651, 'train/tokens_per_sec': 1193.4883095140435, 'train/step_time': 13.727826128997549, 'train/mfu': 72.25, 'train/efficiency': 46.69, 'train/forward_time_percent': 14.86, 'train/backward_time_percent': 30.97, 'train/optimizer_time_percent': 0.86, 'train/overhead_time_percent': 53.31, 'epoch': 0.052948255114320095}
{'loss': 1.735, 'learning_rate': 0.0001, 'grad_norm': 0.279276043176651, 'train/tokens_per_sec': 1192.9982811752643, 'train/step_time': 13.733464883000124, 'train/mfu': 74.86, 'train/efficiency': 45.04, 'train/forward_time_percent': 14.01, 'train/backward_time_percent': 30.2, 'train/optimizer_time_percent': 0.82, 'train/overhead_time_percent': 54.96, 'epoch': 0.052948255114320095}
{'loss': 1.5112, 'learning_rate': 0.0001, 'grad_norm': 0.3912631869316101, 'train/tokens_per_sec': 1193.6401826740373, 'train/step_time': 13.726079464999202, 'train/mfu': 72.1, 'train/efficiency': 46.72, 'train/forward_time_percent': 15.46, 'train/backward_time_percent': 30.48, 'train/optimizer_time_percent': 0.78, 'train/overhead_time_percent': 53.28, 'epoch': 0.05776173285198556}
{'loss': 1.5112, 'learning_rate': 0.0001, 'grad_norm': 0.3912631869316101, 'train/tokens_per_sec': 1193.0992694009005, 'train/step_time': 13.73230243299622, 'train/mfu': 75.72, 'train/efficiency': 44.54, 'train/forward_time_percent': 14.29, 'train/backward_time_percent': 29.42, 'train/optimizer_time_percent': 0.82, 'train/overhead_time_percent': 55.46, 'epoch': 0.05776173285198556}
{'loss': 2.1886, 'learning_rate': 0.0001, 'grad_norm': 9.314111709594727, 'train/tokens_per_sec': 1195.130818066076, 'train/step_time': 13.708959515002789, 'train/mfu': 74.78, 'train/efficiency': 45.2, 'train/forward_time_percent': 14.25, 'train/backward_time_percent': 30.09, 'train/optimizer_time_percent': 0.86, 'train/overhead_time_percent': 54.8, 'epoch': 0.06257521058965103}{'loss': 2.1886, 'learning_rate': 0.0001, 'grad_norm': 9.314111709594727, 'train/tokens_per_sec': 1195.5590513333166, 'train/step_time': 13.704049148997, 'train/mfu': 72.56, 'train/efficiency': 46.53, 'train/forward_time_percent': 14.7, 'train/backward_time_percent': 31.01, 'train/optimizer_time_percent': 0.82, 'train/overhead_time_percent': 53.47, 'epoch': 0.06257521058965103}

{'loss': 1.4329, 'learning_rate': 0.0001, 'grad_norm': 0.806975781917572, 'train/tokens_per_sec': 1192.5945052530883, 'train/step_time': 13.738114612999198, 'train/mfu': 76.16, 'train/efficiency': 44.19, 'train/forward_time_percent': 14.64, 'train/backward_time_percent': 28.8, 'train/optimizer_time_percent': 0.75, 'train/overhead_time_percent': 55.81, 'epoch': 0.06738868832731648}
{'loss': 1.4329, 'learning_rate': 0.0001, 'grad_norm': 0.806975781917572, 'train/tokens_per_sec': 1193.2356072949626, 'train/step_time': 13.730733394004346, 'train/mfu': 71.8, 'train/efficiency': 46.89, 'train/forward_time_percent': 14.83, 'train/backward_time_percent': 31.28, 'train/optimizer_time_percent': 0.78, 'train/overhead_time_percent': 53.11, 'epoch': 0.06738868832731648}
{'loss': 1.7403, 'learning_rate': 0.0001, 'grad_norm': 0.17721280455589294, 'train/tokens_per_sec': 1193.089470765338, 'train/step_time': 13.732415213999047, 'train/mfu': 73.96, 'train/efficiency': 45.65, 'train/forward_time_percent': 15.43, 'train/backward_time_percent': 29.33, 'train/optimizer_time_percent': 0.89, 'train/overhead_time_percent': 54.35, 'epoch': 0.07220216606498195}
{'loss': 1.7403, 'learning_rate': 0.0001, 'grad_norm': 0.17721280455589294, 'train/tokens_per_sec': 1192.8051011465152, 'train/step_time': 13.735689077999268, 'train/mfu': 74.08, 'train/efficiency': 45.43, 'train/forward_time_percent': 14.44, 'train/backward_time_percent': 30.23, 'train/optimizer_time_percent': 0.76, 'train/overhead_time_percent': 54.57, 'epoch': 0.07220216606498195}
{'loss': 1.476, 'learning_rate': 0.0001, 'grad_norm': 0.2901388108730316, 'train/tokens_per_sec': 1193.45191841938, 'train/step_time': 13.728244721998635, 'train/mfu': 72.36, 'train/efficiency': 46.5, 'train/forward_time_percent': 15.06, 'train/backward_time_percent': 30.7, 'train/optimizer_time_percent': 0.74, 'train/overhead_time_percent': 53.5, 'epoch': 0.07701564380264742}
{'loss': 1.476, 'learning_rate': 0.0001, 'grad_norm': 0.2901388108730316, 'train/tokens_per_sec': 1193.0634955733806, 'train/step_time': 13.732714193996799, 'train/mfu': 75.54, 'train/efficiency': 44.67, 'train/forward_time_percent': 14.36, 'train/backward_time_percent': 29.47, 'train/optimizer_time_percent': 0.85, 'train/overhead_time_percent': 55.33, 'epoch': 0.07701564380264742}
{'loss': 1.8329, 'learning_rate': 0.0001, 'grad_norm': 7.330440044403076, 'train/tokens_per_sec': 1193.1049841365966, 'train/step_time': 13.732236657997419, 'train/mfu': 73.56, 'train/efficiency': 45.82, 'train/forward_time_percent': 14.38, 'train/backward_time_percent': 30.62, 'train/optimizer_time_percent': 0.82, 'train/overhead_time_percent': 54.18, 'epoch': 0.08182912154031288}{'loss': 1.8329, 'learning_rate': 0.0001, 'grad_norm': 7.330440044403076, 'train/tokens_per_sec': 1193.357506729513, 'train/step_time': 13.729330823000055, 'train/mfu': 73.11, 'train/efficiency': 46.15, 'train/forward_time_percent': 14.93, 'train/backward_time_percent': 30.36, 'train/optimizer_time_percent': 0.86, 'train/overhead_time_percent': 53.85, 'epoch': 0.08182912154031288}

{'loss': 1.5686, 'learning_rate': 0.0001, 'grad_norm': 0.26276612281799316, 'train/tokens_per_sec': 1194.7471637402061, 'train/step_time': 13.713361702997645, 'train/mfu': 75.54, 'train/efficiency': 44.77, 'train/forward_time_percent': 14.88, 'train/backward_time_percent': 29.0, 'train/optimizer_time_percent': 0.89, 'train/overhead_time_percent': 55.23, 'epoch': 0.08664259927797834}
{'loss': 1.5686, 'learning_rate': 0.0001, 'grad_norm': 0.26276612281799316, 'train/tokens_per_sec': 1195.4216004118605, 'train/step_time': 13.705624855996575, 'train/mfu': 73.41, 'train/efficiency': 46.03, 'train/forward_time_percent': 14.27, 'train/backward_time_percent': 30.91, 'train/optimizer_time_percent': 0.85, 'train/overhead_time_percent': 53.97, 'epoch': 0.08664259927797834}
{'loss': 1.3887, 'learning_rate': 0.0001, 'grad_norm': 0.24121354520320892, 'train/tokens_per_sec': 1194.2367183840631, 'train/step_time': 13.719223122003314, 'train/mfu': 71.16, 'train/efficiency': 47.31, 'train/forward_time_percent': 15.4, 'train/backward_time_percent': 31.16, 'train/optimizer_time_percent': 0.75, 'train/overhead_time_percent': 52.69, 'epoch': 0.0914560770156438}
{'loss': 1.3887, 'learning_rate': 0.0001, 'grad_norm': 0.24121354520320892, 'train/tokens_per_sec': 1193.8776271720294, 'train/step_time': 13.723349552004947, 'train/mfu': 77.42, 'train/efficiency': 43.65, 'train/forward_time_percent': 14.2, 'train/backward_time_percent': 28.59, 'train/optimizer_time_percent': 0.86, 'train/overhead_time_percent': 56.35, 'epoch': 0.0914560770156438}
  step    20  loss   1.4078  |     6792.9 ms
{'loss': 1.4078, 'learning_rate': 0.0001, 'grad_norm': 0.2217264473438263, 'train/tokens_per_sec': 1193.499898120652, 'train/step_time': 13.72769283499656, 'train/mfu': 72.45, 'train/efficiency': 46.58, 'train/forward_time_percent': 15.02, 'train/backward_time_percent': 30.69, 'train/optimizer_time_percent': 0.88, 'train/overhead_time_percent': 53.42, 'epoch': 0.09626955475330927}
{'loss': 1.4078, 'learning_rate': 0.0001, 'grad_norm': 0.2217264473438263, 'train/tokens_per_sec': 1192.8283370754757, 'train/step_time': 13.735421511002642, 'train/mfu': 74.27, 'train/efficiency': 45.41, 'train/forward_time_percent': 14.59, 'train/backward_time_percent': 29.97, 'train/optimizer_time_percent': 0.85, 'train/overhead_time_percent': 54.59, 'epoch': 0.09626955475330927}
{'loss': 1.1955, 'learning_rate': 0.0001, 'grad_norm': 0.17228232324123383, 'train/tokens_per_sec': 1193.8180882840752, 'train/step_time': 13.724033972001052, 'train/mfu': 73.06, 'train/efficiency': 46.21, 'train/forward_time_percent': 14.36, 'train/backward_time_percent': 30.97, 'train/optimizer_time_percent': 0.88, 'train/overhead_time_percent': 53.79, 'epoch': 0.10108303249097472}
{'loss': 1.1955, 'learning_rate': 0.0001, 'grad_norm': 0.17228232324123383, 'train/tokens_per_sec': 1193.6717006947606, 'train/step_time': 13.725717037996219, 'train/mfu': 73.53, 'train/efficiency': 45.85, 'train/forward_time_percent': 14.53, 'train/backward_time_percent': 30.51, 'train/optimizer_time_percent': 0.81, 'train/overhead_time_percent': 54.15, 'epoch': 0.10108303249097472}
{'loss': 1.5603, 'learning_rate': 0.0001, 'grad_norm': 0.2224571853876114, 'train/tokens_per_sec': 1194.8240778684872, 'train/step_time': 13.712478936002299, 'train/mfu': 73.76, 'train/efficiency': 45.71, 'train/forward_time_percent': 14.66, 'train/backward_time_percent': 30.28, 'train/optimizer_time_percent': 0.76, 'train/overhead_time_percent': 54.29, 'epoch': 0.10589651022864019}
{'loss': 1.5603, 'learning_rate': 0.0001, 'grad_norm': 0.2224571853876114, 'train/tokens_per_sec': 1194.3727497347868, 'train/step_time': 13.717660590999003, 'train/mfu': 75.25, 'train/efficiency': 44.75, 'train/forward_time_percent': 13.86, 'train/backward_time_percent': 30.17, 'train/optimizer_time_percent': 0.72, 'train/overhead_time_percent': 55.25, 'epoch': 0.10589651022864019}
{'loss': 1.5696, 'learning_rate': 0.0001, 'grad_norm': 0.16478289663791656, 'train/tokens_per_sec': 1194.7112173232574, 'train/step_time': 13.713774310002918, 'train/mfu': 72.17, 'train/efficiency': 46.66, 'train/forward_time_percent': 14.35, 'train/backward_time_percent': 31.58, 'train/optimizer_time_percent': 0.73, 'train/overhead_time_percent': 53.34, 'epoch': 0.11070998796630566}
{'loss': 1.5696, 'learning_rate': 0.0001, 'grad_norm': 0.16478289663791656, 'train/tokens_per_sec': 1194.0902439560648, 'train/step_time': 13.720906005997676, 'train/mfu': 75.78, 'train/efficiency': 44.52, 'train/forward_time_percent': 14.12, 'train/backward_time_percent': 29.59, 'train/optimizer_time_percent': 0.8, 'train/overhead_time_percent': 55.48, 'epoch': 0.11070998796630566}
{'loss': 1.4483, 'learning_rate': 0.0001, 'grad_norm': 0.1850813925266266, 'train/tokens_per_sec': 1193.091642453095, 'train/step_time': 13.732390217999637, 'train/mfu': 74.83, 'train/efficiency': 44.97, 'train/forward_time_percent': 14.38, 'train/backward_time_percent': 29.86, 'train/optimizer_time_percent': 0.73, 'train/overhead_time_percent': 55.03, 'epoch': 0.11552346570397112}
{'loss': 1.4483, 'learning_rate': 0.0001, 'grad_norm': 0.1850813925266266, 'train/tokens_per_sec': 1193.8003705177903, 'train/step_time': 13.724237656999321, 'train/mfu': 72.39, 'train/efficiency': 46.51, 'train/forward_time_percent': 14.12, 'train/backward_time_percent': 31.63, 'train/optimizer_time_percent': 0.76, 'train/overhead_time_percent': 53.49, 'epoch': 0.11552346570397112}
{'loss': 1.2305, 'learning_rate': 0.0001, 'grad_norm': 0.14588896930217743, 'train/tokens_per_sec': 1194.5114730605658, 'train/step_time': 13.716067505003593, 'train/mfu': 72.71, 'train/efficiency': 46.31, 'train/forward_time_percent': 14.1, 'train/backward_time_percent': 31.48, 'train/optimizer_time_percent': 0.73, 'train/overhead_time_percent': 53.69, 'epoch': 0.12033694344163658}
{'loss': 1.2305, 'learning_rate': 0.0001, 'grad_norm': 0.14588896930217743, 'train/tokens_per_sec': 1193.9897136148177, 'train/step_time': 13.722061264998047, 'train/mfu': 75.42, 'train/efficiency': 44.78, 'train/forward_time_percent': 14.59, 'train/backward_time_percent': 29.34, 'train/optimizer_time_percent': 0.85, 'train/overhead_time_percent': 55.22, 'epoch': 0.12033694344163658}
{'loss': 1.4443, 'learning_rate': 0.0001, 'grad_norm': 0.1398427039384842, 'train/tokens_per_sec': 1193.7899085100844, 'train/step_time': 13.724357931998384, 'train/mfu': 71.62, 'train/efficiency': 47.02, 'train/forward_time_percent': 14.89, 'train/backward_time_percent': 31.36, 'train/optimizer_time_percent': 0.77, 'train/overhead_time_percent': 52.98, 'epoch': 0.12515042117930206}
{'loss': 1.4443, 'learning_rate': 0.0001, 'grad_norm': 0.1398427039384842, 'train/tokens_per_sec': 1193.3071165550377, 'train/step_time': 13.729910575995746, 'train/mfu': 76.39, 'train/efficiency': 44.06, 'train/forward_time_percent': 14.51, 'train/backward_time_percent': 28.83, 'train/optimizer_time_percent': 0.72, 'train/overhead_time_percent': 55.94, 'epoch': 0.12515042117930206}
{'loss': 1.2768, 'learning_rate': 0.0001, 'grad_norm': 0.12058553844690323, 'train/tokens_per_sec': 1192.8118898026682, 'train/step_time': 13.735610904004716, 'train/mfu': 71.9, 'train/efficiency': 46.9, 'train/forward_time_percent': 14.63, 'train/backward_time_percent': 31.39, 'train/optimizer_time_percent': 0.87, 'train/overhead_time_percent': 53.1, 'epoch': 0.1299638989169675}
{'loss': 1.2768, 'learning_rate': 0.0001, 'grad_norm': 0.12058553844690323, 'train/tokens_per_sec': 1192.2611144050145, 'train/step_time': 13.741956188998302, 'train/mfu': 74.8, 'train/efficiency': 45.03, 'train/forward_time_percent': 14.18, 'train/backward_time_percent': 30.04, 'train/optimizer_time_percent': 0.81, 'train/overhead_time_percent': 54.97, 'epoch': 0.1299638989169675}
{'loss': 1.5201, 'learning_rate': 0.0001, 'grad_norm': 0.1369050145149231, 'train/tokens_per_sec': 1192.618032568191, 'train/step_time': 13.737843595001323, 'train/mfu': 71.14, 'train/efficiency': 47.37, 'train/forward_time_percent': 14.4, 'train/backward_time_percent': 32.11, 'train/optimizer_time_percent': 0.86, 'train/overhead_time_percent': 52.63, 'epoch': 0.13477737665463296}
{'loss': 1.5201, 'learning_rate': 0.0001, 'grad_norm': 0.1369050145149231, 'train/tokens_per_sec': 1192.0841842416205, 'train/step_time': 13.743995781995181, 'train/mfu': 75.0, 'train/efficiency': 44.83, 'train/forward_time_percent': 13.92, 'train/backward_time_percent': 30.18, 'train/optimizer_time_percent': 0.73, 'train/overhead_time_percent': 55.17, 'epoch': 0.13477737665463296}
{'loss': 1.5786, 'learning_rate': 0.0001, 'grad_norm': 0.1384357511997223, 'train/tokens_per_sec': 1193.4525057463857, 'train/step_time': 13.728237965995504, 'train/mfu': 72.41, 'train/efficiency': 46.47, 'train/forward_time_percent': 15.28, 'train/backward_time_percent': 30.45, 'train/optimizer_time_percent': 0.75, 'train/overhead_time_percent': 53.53, 'epoch': 0.13959085439229843}
{'loss': 1.5786, 'learning_rate': 0.0001, 'grad_norm': 0.1384357511997223, 'train/tokens_per_sec': 1192.8410626098046, 'train/step_time': 13.735274978003872, 'train/mfu': 74.51, 'train/efficiency': 45.26, 'train/forward_time_percent': 14.24, 'train/backward_time_percent': 30.18, 'train/optimizer_time_percent': 0.84, 'train/overhead_time_percent': 54.74, 'epoch': 0.13959085439229843}
  step    30  loss   1.5136  |     6807.0 ms
{'loss': 1.5136, 'learning_rate': 0.0001, 'grad_norm': 0.14543794095516205, 'train/tokens_per_sec': 1194.203784348501, 'train/step_time': 13.71960147399659, 'train/mfu': 72.16, 'train/efficiency': 46.78, 'train/forward_time_percent': 14.58, 'train/backward_time_percent': 31.34, 'train/optimizer_time_percent': 0.86, 'train/overhead_time_percent': 53.22, 'epoch': 0.1444043321299639}
{'loss': 1.5136, 'learning_rate': 0.0001, 'grad_norm': 0.14543794095516205, 'train/tokens_per_sec': 1193.5604309337937, 'train/step_time': 13.726996618999692, 'train/mfu': 75.05, 'train/efficiency': 44.87, 'train/forward_time_percent': 14.22, 'train/backward_time_percent': 29.91, 'train/optimizer_time_percent': 0.75, 'train/overhead_time_percent': 55.13, 'epoch': 0.1444043321299639}
{'loss': 1.3509, 'learning_rate': 0.0001, 'grad_norm': 0.14696787297725677, 'train/tokens_per_sec': 1195.3259976168324, 'train/step_time': 13.706721039001422, 'train/mfu': 74.5, 'train/efficiency': 45.29, 'train/forward_time_percent': 15.01, 'train/backward_time_percent': 29.51, 'train/optimizer_time_percent': 0.77, 'train/overhead_time_percent': 54.71, 'epoch': 0.14921780986762936}
{'loss': 1.3509, 'learning_rate': 0.0001, 'grad_norm': 0.14696787297725677, 'train/tokens_per_sec': 1195.6205940769762, 'train/step_time': 13.703343754001253, 'train/mfu': 73.83, 'train/efficiency': 45.74, 'train/forward_time_percent': 14.53, 'train/backward_time_percent': 30.4, 'train/optimizer_time_percent': 0.81, 'train/overhead_time_percent': 54.26, 'epoch': 0.14921780986762936}
{'loss': 1.5643, 'learning_rate': 0.0001, 'grad_norm': 0.12993015348911285, 'train/tokens_per_sec': 1194.1329636787427, 'train/step_time': 13.720415144998697, 'train/mfu': 73.14, 'train/efficiency': 46.03, 'train/forward_time_percent': 15.02, 'train/backward_time_percent': 30.28, 'train/optimizer_time_percent': 0.73, 'train/overhead_time_percent': 53.97, 'epoch': 0.15403128760529483}
{'loss': 1.5643, 'learning_rate': 0.0001, 'grad_norm': 0.12993015348911285, 'train/tokens_per_sec': 1193.7356087856247, 'train/step_time': 13.724982215004275, 'train/mfu': 75.18, 'train/efficiency': 44.91, 'train/forward_time_percent': 14.47, 'train/backward_time_percent': 29.59, 'train/optimizer_time_percent': 0.86, 'train/overhead_time_percent': 55.09, 'epoch': 0.15403128760529483}
{'loss': 1.2692, 'learning_rate': 0.0001, 'grad_norm': 0.14915987849235535, 'train/tokens_per_sec': 1193.5131993783577, 'train/step_time': 13.727539845000138, 'train/mfu': 73.18, 'train/efficiency': 46.08, 'train/forward_time_percent': 15.18, 'train/backward_time_percent': 30.06, 'train/optimizer_time_percent': 0.84, 'train/overhead_time_percent': 53.92, 'epoch': 0.1588447653429603}
{'loss': 1.2692, 'learning_rate': 0.0001, 'grad_norm': 0.14915987849235535, 'train/tokens_per_sec': 1192.790730280642, 'train/step_time': 13.735854566999478, 'train/mfu': 75.82, 'train/efficiency': 44.38, 'train/forward_time_percent': 14.14, 'train/backward_time_percent': 29.51, 'train/optimizer_time_percent': 0.73, 'train/overhead_time_percent': 55.62, 'epoch': 0.1588447653429603}
{'loss': 1.2545, 'learning_rate': 0.0001, 'grad_norm': 0.1582193374633789, 'train/tokens_per_sec': 1193.4079403642397, 'train/step_time': 13.728750619004131, 'train/mfu': 73.11, 'train/efficiency': 46.03, 'train/forward_time_percent': 14.77, 'train/backward_time_percent': 30.52, 'train/optimizer_time_percent': 0.74, 'train/overhead_time_percent': 53.97, 'epoch': 0.16365824308062576}
{'loss': 1.2545, 'learning_rate': 0.0001, 'grad_norm': 0.1582193374633789, 'train/tokens_per_sec': 1192.839610475448, 'train/step_time': 13.73529169899848, 'train/mfu': 75.23, 'train/efficiency': 44.85, 'train/forward_time_percent': 14.65, 'train/backward_time_percent': 29.35, 'train/optimizer_time_percent': 0.85, 'train/overhead_time_percent': 55.15, 'epoch': 0.16365824308062576}
{'loss': 1.2916, 'learning_rate': 0.0001, 'grad_norm': 0.12542669475078583, 'train/tokens_per_sec': 1194.4117976396305, 'train/step_time': 13.717212131006818, 'train/mfu': 72.14, 'train/efficiency': 46.8, 'train/forward_time_percent': 14.53, 'train/backward_time_percent': 31.4, 'train/optimizer_time_percent': 0.87, 'train/overhead_time_percent': 53.2, 'epoch': 0.1684717208182912}
{'loss': 1.2916, 'learning_rate': 0.0001, 'grad_norm': 0.12542669475078583, 'train/tokens_per_sec': 1193.9434067935997, 'train/step_time': 13.722593471997243, 'train/mfu': 74.29, 'train/efficiency': 45.45, 'train/forward_time_percent': 14.43, 'train/backward_time_percent': 30.16, 'train/optimizer_time_percent': 0.86, 'train/overhead_time_percent': 54.55, 'epoch': 0.1684717208182912}
{'loss': 1.3977, 'learning_rate': 0.0001, 'grad_norm': 0.1130424365401268, 'train/tokens_per_sec': 1194.0853117170623, 'train/step_time': 13.720962680999946, 'train/mfu': 72.28, 'train/efficiency': 46.56, 'train/forward_time_percent': 14.68, 'train/backward_time_percent': 31.15, 'train/optimizer_time_percent': 0.72, 'train/overhead_time_percent': 53.44, 'epoch': 0.17328519855595667}
{'loss': 1.3977, 'learning_rate': 0.0001, 'grad_norm': 0.1130424365401268, 'train/tokens_per_sec': 1193.6137299258899, 'train/step_time': 13.726383661, 'train/mfu': 75.44, 'train/efficiency': 44.75, 'train/forward_time_percent': 14.52, 'train/backward_time_percent': 29.37, 'train/optimizer_time_percent': 0.85, 'train/overhead_time_percent': 55.25, 'epoch': 0.17328519855595667}
{'loss': 1.646, 'learning_rate': 0.0001, 'grad_norm': 0.12340660393238068, 'train/tokens_per_sec': 1194.0198052674243, 'train/step_time': 13.721715442006825, 'train/mfu': 72.27, 'train/efficiency': 46.58, 'train/forward_time_percent': 14.89, 'train/backward_time_percent': 30.94, 'train/optimizer_time_percent': 0.74, 'train/overhead_time_percent': 53.42, 'epoch': 0.17809867629362214}
{'loss': 1.646, 'learning_rate': 0.0001, 'grad_norm': 0.12340660393238068, 'train/tokens_per_sec': 1193.6201576072292, 'train/step_time': 13.7263097440009, 'train/mfu': 76.58, 'train/efficiency': 44.09, 'train/forward_time_percent': 13.88, 'train/backward_time_percent': 29.36, 'train/optimizer_time_percent': 0.84, 'train/overhead_time_percent': 55.91, 'epoch': 0.17809867629362214}
{'loss': 1.4112, 'learning_rate': 0.0001, 'grad_norm': 0.12056630104780197, 'train/tokens_per_sec': 1192.436563236014, 'train/step_time': 13.739934269993682, 'train/mfu': 76.11, 'train/efficiency': 44.31, 'train/forward_time_percent': 14.0, 'train/backward_time_percent': 29.47, 'train/optimizer_time_percent': 0.84, 'train/overhead_time_percent': 55.69, 'epoch': 0.1829121540312876}
{'loss': 1.4112, 'learning_rate': 0.0001, 'grad_norm': 0.12056630104780197, 'train/tokens_per_sec': 1192.9083782068835, 'train/step_time': 13.734499899001094, 'train/mfu': 72.94, 'train/efficiency': 46.23, 'train/forward_time_percent': 14.66, 'train/backward_time_percent': 30.72, 'train/optimizer_time_percent': 0.86, 'train/overhead_time_percent': 53.77, 'epoch': 0.1829121540312876}
{'loss': 1.2633, 'learning_rate': 0.0001, 'grad_norm': 0.17086942493915558, 'train/tokens_per_sec': 1193.9941571811528, 'train/step_time': 13.72201019700151, 'train/mfu': 72.98, 'train/efficiency': 46.24, 'train/forward_time_percent': 14.73, 'train/backward_time_percent': 30.67, 'train/optimizer_time_percent': 0.84, 'train/overhead_time_percent': 53.76, 'epoch': 0.18772563176895307}
{'loss': 1.2633, 'learning_rate': 0.0001, 'grad_norm': 0.17086942493915558, 'train/tokens_per_sec': 1193.7908735037247, 'train/step_time': 13.724346837996563, 'train/mfu': 73.35, 'train/efficiency': 45.91, 'train/forward_time_percent': 14.29, 'train/backward_time_percent': 30.87, 'train/optimizer_time_percent': 0.75, 'train/overhead_time_percent': 54.09, 'epoch': 0.18772563176895307}
{'loss': 1.184, 'learning_rate': 0.0001, 'grad_norm': 0.135215625166893, 'train/tokens_per_sec': 1193.663193038436, 'train/step_time': 13.725814865996654, 'train/mfu': 75.9, 'train/efficiency': 44.41, 'train/forward_time_percent': 14.24, 'train/backward_time_percent': 29.39, 'train/optimizer_time_percent': 0.77, 'train/overhead_time_percent': 55.59, 'epoch': 0.19253910950661854}
  step    40  loss   1.1840  |     6845.7 ms
{'loss': 1.184, 'learning_rate': 0.0001, 'grad_norm': 0.135215625166893, 'train/tokens_per_sec': 1194.4456129813534, 'train/step_time': 13.716823789996852, 'train/mfu': 71.52, 'train/efficiency': 47.07, 'train/forward_time_percent': 14.89, 'train/backward_time_percent': 31.45, 'train/optimizer_time_percent': 0.73, 'train/overhead_time_percent': 52.93, 'epoch': 0.19253910950661854}
{'loss': 1.4685, 'learning_rate': 0.0001, 'grad_norm': 0.11103921383619308, 'train/tokens_per_sec': 1194.4004416511011, 'train/step_time': 13.717342550000467, 'train/mfu': 74.64, 'train/efficiency': 45.21, 'train/forward_time_percent': 14.51, 'train/backward_time_percent': 29.89, 'train/optimizer_time_percent': 0.82, 'train/overhead_time_percent': 54.79, 'epoch': 0.197352587244284}
{'loss': 1.4685, 'learning_rate': 0.0001, 'grad_norm': 0.11103921383619308, 'train/tokens_per_sec': 1195.0308195201148, 'train/step_time': 13.710106662001635, 'train/mfu': 72.43, 'train/efficiency': 46.51, 'train/forward_time_percent': 15.06, 'train/backward_time_percent': 30.72, 'train/optimizer_time_percent': 0.74, 'train/overhead_time_percent': 53.49, 'epoch': 0.197352587244284}
{'loss': 1.2999, 'learning_rate': 0.0001, 'grad_norm': 3.728113889694214, 'train/tokens_per_sec': 1192.75433543147, 'train/step_time': 13.73627369300084, 'train/mfu': 69.99, 'train/efficiency': 48.11, 'train/forward_time_percent': 16.72, 'train/backward_time_percent': 30.56, 'train/optimizer_time_percent': 0.82, 'train/overhead_time_percent': 51.89, 'epoch': 0.20216606498194944}
{'loss': 1.2999, 'learning_rate': 0.0001, 'grad_norm': 3.728113889694214, 'train/tokens_per_sec': 1192.9264154596578, 'train/step_time': 13.734292230998108, 'train/mfu': 69.11, 'train/efficiency': 48.75, 'train/forward_time_percent': 17.28, 'train/backward_time_percent': 30.61, 'train/optimizer_time_percent': 0.86, 'train/overhead_time_percent': 51.25, 'epoch': 0.20216606498194944}
{'loss': 1.2545, 'learning_rate': 0.0001, 'grad_norm': 0.12364239990711212, 'train/tokens_per_sec': 1193.041391399327, 'train/step_time': 13.732968628006347, 'train/mfu': 73.58, 'train/efficiency': 45.87, 'train/forward_time_percent': 14.3, 'train/backward_time_percent': 30.69, 'train/optimizer_time_percent': 0.88, 'train/overhead_time_percent': 54.13, 'epoch': 0.2069795427196149}
{'loss': 1.2545, 'learning_rate': 0.0001, 'grad_norm': 0.12364239990711212, 'train/tokens_per_sec': 1193.0079430576714, 'train/step_time': 13.73335365899402, 'train/mfu': 74.25, 'train/efficiency': 45.37, 'train/forward_time_percent': 15.0, 'train/backward_time_percent': 29.58, 'train/optimizer_time_percent': 0.8, 'train/overhead_time_percent': 54.63, 'epoch': 0.2069795427196149}
{'loss': 1.2945, 'learning_rate': 0.0001, 'grad_norm': 0.13183921575546265, 'train/tokens_per_sec': 1194.1826075332651, 'train/step_time': 13.719844767998438, 'train/mfu': 72.35, 'train/efficiency': 46.67, 'train/forward_time_percent': 14.59, 'train/backward_time_percent': 31.21, 'train/optimizer_time_percent': 0.87, 'train/overhead_time_percent': 53.33, 'epoch': 0.21179302045728038}
{'loss': 1.2945, 'learning_rate': 0.0001, 'grad_norm': 0.13183921575546265, 'train/tokens_per_sec': 1194.0473094765255, 'train/step_time': 13.721399369998835, 'train/mfu': 72.95, 'train/efficiency': 46.18, 'train/forward_time_percent': 14.42, 'train/backward_time_percent': 30.99, 'train/optimizer_time_percent': 0.77, 'train/overhead_time_percent': 53.82, 'epoch': 0.21179302045728038}
{'loss': 1.5495, 'learning_rate': 0.0001, 'grad_norm': 0.14164018630981445, 'train/tokens_per_sec': 1194.050386888343, 'train/step_time': 13.72136400599993, 'train/mfu': 72.27, 'train/efficiency': 46.57, 'train/forward_time_percent': 14.86, 'train/backward_time_percent': 30.98, 'train/optimizer_time_percent': 0.73, 'train/overhead_time_percent': 53.43, 'epoch': 0.21660649819494585}
{'loss': 1.5495, 'learning_rate': 0.0001, 'grad_norm': 0.14164018630981445, 'train/tokens_per_sec': 1193.3640214415816, 'train/step_time': 13.729255872996873, 'train/mfu': 75.45, 'train/efficiency': 44.72, 'train/forward_time_percent': 14.22, 'train/backward_time_percent': 29.66, 'train/optimizer_time_percent': 0.84, 'train/overhead_time_percent': 55.28, 'epoch': 0.21660649819494585}
{'loss': 1.4231, 'learning_rate': 0.0001, 'grad_norm': 0.11864697933197021, 'train/tokens_per_sec': 1194.3798503668716, 'train/step_time': 13.717579039002885, 'train/mfu': 73.55, 'train/efficiency': 45.92, 'train/forward_time_percent': 14.45, 'train/backward_time_percent': 30.6, 'train/optimizer_time_percent': 0.87, 'train/overhead_time_percent': 54.08, 'epoch': 0.2214199759326113}
{'loss': 1.4231, 'learning_rate': 0.0001, 'grad_norm': 0.11864697933197021, 'train/tokens_per_sec': 1194.1354522269867, 'train/step_time': 13.720386551998672, 'train/mfu': 74.32, 'train/efficiency': 45.43, 'train/forward_time_percent': 14.29, 'train/backward_time_percent': 30.29, 'train/optimizer_time_percent': 0.85, 'train/overhead_time_percent': 54.57, 'epoch': 0.2214199759326113}
{'loss': 1.4511, 'learning_rate': 0.0001, 'grad_norm': 0.10747095197439194, 'train/tokens_per_sec': 1192.617321574004, 'train/step_time': 13.737851784993836, 'train/mfu': 72.41, 'train/efficiency': 46.57, 'train/forward_time_percent': 14.44, 'train/backward_time_percent': 31.26, 'train/optimizer_time_percent': 0.87, 'train/overhead_time_percent': 53.43, 'epoch': 0.22623345367027678}
{'loss': 1.4511, 'learning_rate': 0.0001, 'grad_norm': 0.10747095197439194, 'train/tokens_per_sec': 1192.1932379480245, 'train/step_time': 13.74273857499793, 'train/mfu': 72.85, 'train/efficiency': 46.28, 'train/forward_time_percent': 14.94, 'train/backward_time_percent': 30.47, 'train/optimizer_time_percent': 0.88, 'train/overhead_time_percent': 53.72, 'epoch': 0.22623345367027678}
{'loss': 1.5444, 'learning_rate': 0.0001, 'grad_norm': 0.13124790787696838, 'train/tokens_per_sec': 1193.9710682762516, 'train/step_time': 13.722275551997882, 'train/mfu': 72.6, 'train/efficiency': 46.49, 'train/forward_time_percent': 14.49, 'train/backward_time_percent': 31.14, 'train/optimizer_time_percent': 0.86, 'train/overhead_time_percent': 53.51, 'epoch': 0.23104693140794225}
{'loss': 1.5444, 'learning_rate': 0.0001, 'grad_norm': 0.13124790787696838, 'train/tokens_per_sec': 1193.377923526217, 'train/step_time': 13.729095936003432, 'train/mfu': 74.33, 'train/efficiency': 45.35, 'train/forward_time_percent': 14.35, 'train/backward_time_percent': 30.19, 'train/optimizer_time_percent': 0.8, 'train/overhead_time_percent': 54.65, 'epoch': 0.23104693140794225}
{'loss': 1.4507, 'learning_rate': 0.0001, 'grad_norm': 0.12310846894979477, 'train/tokens_per_sec': 1192.5254142681222, 'train/step_time': 13.738910553998721, 'train/mfu': 72.18, 'train/efficiency': 46.7, 'train/forward_time_percent': 14.56, 'train/backward_time_percent': 31.28, 'train/optimizer_time_percent': 0.86, 'train/overhead_time_percent': 53.3, 'epoch': 0.2358604091456077}
{'loss': 1.4507, 'learning_rate': 0.0001, 'grad_norm': 0.12310846894979477, 'train/tokens_per_sec': 1191.778415548842, 'train/step_time': 13.747522011006367, 'train/mfu': 76.07, 'train/efficiency': 44.31, 'train/forward_time_percent': 14.56, 'train/backward_time_percent': 28.91, 'train/optimizer_time_percent': 0.85, 'train/overhead_time_percent': 55.69, 'epoch': 0.2358604091456077}
{'loss': 1.2264, 'learning_rate': 0.0001, 'grad_norm': 0.11383595317602158, 'train/tokens_per_sec': 1194.3527297697117, 'train/step_time': 13.717890529005672, 'train/mfu': 75.19, 'train/efficiency': 44.82, 'train/forward_time_percent': 14.06, 'train/backward_time_percent': 30.0, 'train/optimizer_time_percent': 0.75, 'train/overhead_time_percent': 55.18, 'epoch': 0.24067388688327315}
  step    50  loss   1.2264  |     6800.2 ms
{'loss': 1.2264, 'learning_rate': 0.0001, 'grad_norm': 0.11383595317602158, 'train/tokens_per_sec': 1194.9219612334168, 'train/step_time': 13.711355662999267, 'train/mfu': 72.08, 'train/efficiency': 46.84, 'train/forward_time_percent': 14.94, 'train/backward_time_percent': 31.06, 'train/optimizer_time_percent': 0.85, 'train/overhead_time_percent': 53.16, 'epoch': 0.24067388688327315}
{'loss': 1.3655, 'learning_rate': 0.0001, 'grad_norm': 0.11422067880630493, 'train/tokens_per_sec': 1194.085667655374, 'train/step_time': 13.720958590994996, 'train/mfu': 72.39, 'train/efficiency': 46.61, 'train/forward_time_percent': 15.07, 'train/backward_time_percent': 30.69, 'train/optimizer_time_percent': 0.85, 'train/overhead_time_percent': 53.39, 'epoch': 0.24548736462093862}
{'loss': 1.3655, 'learning_rate': 0.0001, 'grad_norm': 0.11422067880630493, 'train/tokens_per_sec': 1193.5905641688594, 'train/step_time': 13.726650068994786, 'train/mfu': 74.66, 'train/efficiency': 45.14, 'train/forward_time_percent': 14.57, 'train/backward_time_percent': 29.78, 'train/optimizer_time_percent': 0.79, 'train/overhead_time_percent': 54.86, 'epoch': 0.24548736462093862}
{'loss': 1.5081, 'learning_rate': 0.0001, 'grad_norm': 0.12957270443439484, 'train/tokens_per_sec': 1193.9842096691352, 'train/step_time': 13.722124520005309, 'train/mfu': 72.23, 'train/efficiency': 46.67, 'train/forward_time_percent': 14.97, 'train/backward_time_percent': 30.89, 'train/optimizer_time_percent': 0.81, 'train/overhead_time_percent': 53.33, 'epoch': 0.2503008423586041}
{'loss': 1.5081, 'learning_rate': 0.0001, 'grad_norm': 0.12957270443439484, 'train/tokens_per_sec': 1193.3497173312214, 'train/step_time': 13.729420438998204, 'train/mfu': 74.27, 'train/efficiency': 45.29, 'train/forward_time_percent': 14.68, 'train/backward_time_percent': 29.9, 'train/optimizer_time_percent': 0.72, 'train/overhead_time_percent': 54.71, 'epoch': 0.2503008423586041}
{'loss': 1.3154, 'learning_rate': 0.0001, 'grad_norm': 0.20482510328292847, 'train/tokens_per_sec': 1194.216987183135, 'train/step_time': 13.719449795004039, 'train/mfu': 72.77, 'train/efficiency': 46.4, 'train/forward_time_percent': 14.71, 'train/backward_time_percent': 30.82, 'train/optimizer_time_percent': 0.88, 'train/overhead_time_percent': 53.6, 'epoch': 0.25511432009626955}
{'loss': 1.3154, 'learning_rate': 0.0001, 'grad_norm': 0.20482510328292847, 'train/tokens_per_sec': 1193.7689679966663, 'train/step_time': 13.724598677996255, 'train/mfu': 75.84, 'train/efficiency': 44.52, 'train/forward_time_percent': 14.42, 'train/backward_time_percent': 29.25, 'train/optimizer_time_percent': 0.85, 'train/overhead_time_percent': 55.48, 'epoch': 0.25511432009626955}
{'loss': 1.3745, 'learning_rate': 0.0001, 'grad_norm': 0.11898119002580643, 'train/tokens_per_sec': 1193.3470932474984, 'train/step_time': 13.729450628998165, 'train/mfu': 73.15, 'train/efficiency': 46.0, 'train/forward_time_percent': 14.78, 'train/backward_time_percent': 30.48, 'train/optimizer_time_percent': 0.73, 'train/overhead_time_percent': 54.0, 'epoch': 0.259927797833935}
{'loss': 1.3745, 'learning_rate': 0.0001, 'grad_norm': 0.11898119002580643, 'train/tokens_per_sec': 1192.9179506474934, 'train/step_time': 13.734389687997464, 'train/mfu': 75.69, 'train/efficiency': 44.5, 'train/forward_time_percent': 14.61, 'train/backward_time_percent': 29.12, 'train/optimizer_time_percent': 0.77, 'train/overhead_time_percent': 55.5, 'epoch': 0.259927797833935}
{'loss': 1.3533, 'learning_rate': 0.0001, 'grad_norm': 0.12155545502901077, 'train/tokens_per_sec': 1194.9844437638887, 'train/step_time': 13.710638732998632, 'train/mfu': 71.36, 'train/efficiency': 47.2, 'train/forward_time_percent': 14.66, 'train/backward_time_percent': 31.8, 'train/optimizer_time_percent': 0.74, 'train/overhead_time_percent': 52.8, 'epoch': 0.2647412755716005}
{'loss': 1.3533, 'learning_rate': 0.0001, 'grad_norm': 0.12155545502901077, 'train/tokens_per_sec': 1194.5281064086275, 'train/step_time': 13.7158765139975, 'train/mfu': 74.38, 'train/efficiency': 45.32, 'train/forward_time_percent': 14.49, 'train/backward_time_percent': 30.07, 'train/optimizer_time_percent': 0.76, 'train/overhead_time_percent': 54.68, 'epoch': 0.2647412755716005}
{'loss': 1.277, 'learning_rate': 0.0001, 'grad_norm': 0.12044615298509598, 'train/tokens_per_sec': 1193.2214888412266, 'train/step_time': 13.730895859000157, 'train/mfu': 71.95, 'train/efficiency': 46.74, 'train/forward_time_percent': 14.5, 'train/backward_time_percent': 31.51, 'train/optimizer_time_percent': 0.73, 'train/overhead_time_percent': 53.26, 'epoch': 0.2695547533092659}
{'loss': 1.277, 'learning_rate': 0.0001, 'grad_norm': 0.12044615298509598, 'train/tokens_per_sec': 1192.5001823827465, 'train/step_time': 13.739201253003557, 'train/mfu': 73.86, 'train/efficiency': 45.52, 'train/forward_time_percent': 13.91, 'train/backward_time_percent': 30.89, 'train/optimizer_time_percent': 0.73, 'train/overhead_time_percent': 54.48, 'epoch': 0.2695547533092659}
{'loss': 1.5479, 'learning_rate': 0.0001, 'grad_norm': 0.12114398926496506, 'train/tokens_per_sec': 1195.1706588039228, 'train/step_time': 13.708502530003898, 'train/mfu': 73.23, 'train/efficiency': 46.04, 'train/forward_time_percent': 14.5, 'train/backward_time_percent': 30.78, 'train/optimizer_time_percent': 0.76, 'train/overhead_time_percent': 53.96, 'epoch': 0.2743682310469314}
{'loss': 1.5479, 'learning_rate': 0.0001, 'grad_norm': 0.12114398926496506, 'train/tokens_per_sec': 1194.890527913015, 'train/step_time': 13.711716360005084, 'train/mfu': 74.24, 'train/efficiency': 45.52, 'train/forward_time_percent': 14.34, 'train/backward_time_percent': 30.31, 'train/optimizer_time_percent': 0.87, 'train/overhead_time_percent': 54.48, 'epoch': 0.2743682310469314}
{'loss': 1.4037, 'learning_rate': 0.0001, 'grad_norm': 0.11269179731607437, 'train/tokens_per_sec': 1194.5238973197522, 'train/step_time': 13.715924844000256, 'train/mfu': 72.02, 'train/efficiency': 46.84, 'train/forward_time_percent': 14.41, 'train/backward_time_percent': 31.61, 'train/optimizer_time_percent': 0.82, 'train/overhead_time_percent': 53.16, 'epoch': 0.27918170878459686}
{'loss': 1.4037, 'learning_rate': 0.0001, 'grad_norm': 0.11269179731607437, 'train/tokens_per_sec': 1193.8492140586586, 'train/step_time': 13.72367616200063, 'train/mfu': 74.42, 'train/efficiency': 45.32, 'train/forward_time_percent': 14.97, 'train/backward_time_percent': 29.54, 'train/optimizer_time_percent': 0.81, 'train/overhead_time_percent': 54.68, 'epoch': 0.27918170878459686}
{'loss': 1.2879, 'learning_rate': 0.0001, 'grad_norm': 0.1174190491437912, 'train/tokens_per_sec': 1194.9357192401517, 'train/step_time': 13.71119779599394, 'train/mfu': 73.24, 'train/efficiency': 46.08, 'train/forward_time_percent': 14.55, 'train/backward_time_percent': 30.72, 'train/optimizer_time_percent': 0.81, 'train/overhead_time_percent': 53.92, 'epoch': 0.28399518652226236}
{'loss': 1.2879, 'learning_rate': 0.0001, 'grad_norm': 0.1174190491437912, 'train/tokens_per_sec': 1194.602143666153, 'train/step_time': 13.715026452002348, 'train/mfu': 75.12, 'train/efficiency': 44.98, 'train/forward_time_percent': 14.94, 'train/backward_time_percent': 29.18, 'train/optimizer_time_percent': 0.86, 'train/overhead_time_percent': 55.02, 'epoch': 0.28399518652226236}
  step    60  loss   1.3594  |     6920.5 ms
{'loss': 1.3594, 'learning_rate': 0.0001, 'grad_norm': 0.14823617041110992, 'train/tokens_per_sec': 1195.669521587154, 'train/step_time': 13.702783004999219, 'train/mfu': 70.88, 'train/efficiency': 47.68, 'train/forward_time_percent': 15.24, 'train/backward_time_percent': 31.57, 'train/optimizer_time_percent': 0.87, 'train/overhead_time_percent': 52.32, 'epoch': 0.2888086642599278}
{'loss': 1.3594, 'learning_rate': 0.0001, 'grad_norm': 0.14823617041110992, 'train/tokens_per_sec': 1195.1450867055248, 'train/step_time': 13.70879584600334, 'train/mfu': 75.42, 'train/efficiency': 44.83, 'train/forward_time_percent': 14.58, 'train/backward_time_percent': 29.39, 'train/optimizer_time_percent': 0.87, 'train/overhead_time_percent': 55.17, 'epoch': 0.2888086642599278}
{'loss': 1.3207, 'learning_rate': 0.0001, 'grad_norm': 0.10663091391324997, 'train/tokens_per_sec': 1193.6080228372298, 'train/step_time': 13.726449292000325, 'train/mfu': 73.52, 'train/efficiency': 45.81, 'train/forward_time_percent': 14.61, 'train/backward_time_percent': 30.43, 'train/optimizer_time_percent': 0.77, 'train/overhead_time_percent': 54.19, 'epoch': 0.29362214199759323}
{'loss': 1.3207, 'learning_rate': 0.0001, 'grad_norm': 0.10663091391324997, 'train/tokens_per_sec': 1193.644899657448, 'train/step_time': 13.726025222997123, 'train/mfu': 73.76, 'train/efficiency': 45.75, 'train/forward_time_percent': 14.52, 'train/backward_time_percent': 30.38, 'train/optimizer_time_percent': 0.85, 'train/overhead_time_percent': 54.25, 'epoch': 0.29362214199759323}
{'loss': 1.2131, 'learning_rate': 0.0001, 'grad_norm': 0.11758945882320404, 'train/tokens_per_sec': 1193.0341142486777, 'train/step_time': 13.733052395000414, 'train/mfu': 73.24, 'train/efficiency': 46.0, 'train/forward_time_percent': 14.84, 'train/backward_time_percent': 30.35, 'train/optimizer_time_percent': 0.81, 'train/overhead_time_percent': 54.0, 'epoch': 0.29843561973525873}
{'loss': 1.2131, 'learning_rate': 0.0001, 'grad_norm': 0.11758945882320404, 'train/tokens_per_sec': 1192.7765733762828, 'train/step_time': 13.736017596005695, 'train/mfu': 73.88, 'train/efficiency': 45.68, 'train/forward_time_percent': 14.2, 'train/backward_time_percent': 30.59, 'train/optimizer_time_percent': 0.89, 'train/overhead_time_percent': 54.32, 'epoch': 0.29843561973525873}
{'loss': 1.3854, 'learning_rate': 0.0001, 'grad_norm': 0.1175588071346283, 'train/tokens_per_sec': 1194.7729170254265, 'train/step_time': 13.713066112002707, 'train/mfu': 73.63, 'train/efficiency': 45.9, 'train/forward_time_percent': 14.51, 'train/backward_time_percent': 30.51, 'train/optimizer_time_percent': 0.88, 'train/overhead_time_percent': 54.1, 'epoch': 0.30324909747292417}
{'loss': 1.3854, 'learning_rate': 0.0001, 'grad_norm': 0.1175588071346283, 'train/tokens_per_sec': 1194.8893588809658, 'train/step_time': 13.711729775001004, 'train/mfu': 73.54, 'train/efficiency': 45.82, 'train/forward_time_percent': 14.37, 'train/backward_time_percent': 30.71, 'train/optimizer_time_percent': 0.74, 'train/overhead_time_percent': 54.18, 'epoch': 0.30324909747292417}
{'loss': 1.4027, 'learning_rate': 0.0001, 'grad_norm': 0.12757378816604614, 'train/tokens_per_sec': 1194.644927812159, 'train/step_time': 13.714535272003559, 'train/mfu': 73.94, 'train/efficiency': 45.58, 'train/forward_time_percent': 14.19, 'train/backward_time_percent': 30.64, 'train/optimizer_time_percent': 0.75, 'train/overhead_time_percent': 54.42, 'epoch': 0.30806257521058966}
{'loss': 1.4027, 'learning_rate': 0.0001, 'grad_norm': 0.12757378816604614, 'train/tokens_per_sec': 1194.7596441320347, 'train/step_time': 13.713218453995069, 'train/mfu': 73.95, 'train/efficiency': 45.69, 'train/forward_time_percent': 14.45, 'train/backward_time_percent': 30.37, 'train/optimizer_time_percent': 0.86, 'train/overhead_time_percent': 54.31, 'epoch': 0.30806257521058966}
{'loss': 1.2976, 'learning_rate': 0.0001, 'grad_norm': 0.11751019954681396, 'train/tokens_per_sec': 1194.5427931634792, 'train/step_time': 13.715707879004185, 'train/mfu': 72.02, 'train/efficiency': 46.88, 'train/forward_time_percent': 14.92, 'train/backward_time_percent': 31.09, 'train/optimizer_time_percent': 0.86, 'train/overhead_time_percent': 53.12, 'epoch': 0.3128760529482551}
{'loss': 1.2976, 'learning_rate': 0.0001, 'grad_norm': 0.11751019954681396, 'train/tokens_per_sec': 1194.2552877549713, 'train/step_time': 13.719009803004155, 'train/mfu': 74.12, 'train/efficiency': 45.54, 'train/forward_time_percent': 14.43, 'train/backward_time_percent': 30.28, 'train/optimizer_time_percent': 0.84, 'train/overhead_time_percent': 54.46, 'epoch': 0.3128760529482551}
{'loss': 1.3196, 'learning_rate': 0.0001, 'grad_norm': 0.11484837532043457, 'train/tokens_per_sec': 1194.1267853039185, 'train/step_time': 13.720486133999657, 'train/mfu': 71.08, 'train/efficiency': 47.34, 'train/forward_time_percent': 15.06, 'train/backward_time_percent': 31.55, 'train/optimizer_time_percent': 0.73, 'train/overhead_time_percent': 52.66, 'epoch': 0.3176895306859206}
{'loss': 1.3196, 'learning_rate': 0.0001, 'grad_norm': 0.11484837532043457, 'train/tokens_per_sec': 1193.242787748089, 'train/step_time': 13.730650767996849, 'train/mfu': 76.37, 'train/efficiency': 44.2, 'train/forward_time_percent': 14.11, 'train/backward_time_percent': 29.23, 'train/optimizer_time_percent': 0.85, 'train/overhead_time_percent': 55.8, 'epoch': 0.3176895306859206}
{'loss': 1.38, 'learning_rate': 0.0001, 'grad_norm': 0.1290563941001892, 'train/tokens_per_sec': 1194.017148042071, 'train/step_time': 13.721745978997205, 'train/mfu': 74.55, 'train/efficiency': 45.17, 'train/forward_time_percent': 14.71, 'train/backward_time_percent': 29.73, 'train/optimizer_time_percent': 0.74, 'train/overhead_time_percent': 54.83, 'epoch': 0.32250300842358604}
{'loss': 1.38, 'learning_rate': 0.0001, 'grad_norm': 0.1290563941001892, 'train/tokens_per_sec': 1194.8336267930702, 'train/step_time': 13.71236934800254, 'train/mfu': 72.95, 'train/efficiency': 46.24, 'train/forward_time_percent': 14.16, 'train/backward_time_percent': 31.29, 'train/optimizer_time_percent': 0.79, 'train/overhead_time_percent': 53.76, 'epoch': 0.32250300842358604}
{'loss': 1.3952, 'learning_rate': 0.0001, 'grad_norm': 0.11702967435121536, 'train/tokens_per_sec': 1195.4600499049018, 'train/step_time': 13.705184042999463, 'train/mfu': 71.82, 'train/efficiency': 46.92, 'train/forward_time_percent': 14.94, 'train/backward_time_percent': 31.25, 'train/optimizer_time_percent': 0.73, 'train/overhead_time_percent': 53.08, 'epoch': 0.32731648616125153}
{'loss': 1.3952, 'learning_rate': 0.0001, 'grad_norm': 0.11702967435121536, 'train/tokens_per_sec': 1194.985305664116, 'train/step_time': 13.710628844004532, 'train/mfu': 76.33, 'train/efficiency': 44.16, 'train/forward_time_percent': 13.93, 'train/backward_time_percent': 29.51, 'train/optimizer_time_percent': 0.72, 'train/overhead_time_percent': 55.84, 'epoch': 0.32731648616125153}
{'loss': 1.3624, 'learning_rate': 0.0001, 'grad_norm': 0.12036951631307602, 'train/tokens_per_sec': 1193.5910851988215, 'train/step_time': 13.726644076996308, 'train/mfu': 72.5, 'train/efficiency': 46.54, 'train/forward_time_percent': 14.95, 'train/backward_time_percent': 30.72, 'train/optimizer_time_percent': 0.87, 'train/overhead_time_percent': 53.46, 'epoch': 0.33212996389891697}
{'loss': 1.3624, 'learning_rate': 0.0001, 'grad_norm': 0.12036951631307602, 'train/tokens_per_sec': 1193.211221550418, 'train/step_time': 13.731014010001672, 'train/mfu': 75.84, 'train/efficiency': 44.5, 'train/forward_time_percent': 14.53, 'train/backward_time_percent': 29.12, 'train/optimizer_time_percent': 0.85, 'train/overhead_time_percent': 55.5, 'epoch': 0.33212996389891697}
{'loss': 1.2077, 'learning_rate': 0.0001, 'grad_norm': 0.11890242248773575, 'train/tokens_per_sec': 1193.6516326539179, 'train/step_time': 13.725947799001005, 'train/mfu': 74.03, 'train/efficiency': 45.6, 'train/forward_time_percent': 14.71, 'train/backward_time_percent': 30.02, 'train/optimizer_time_percent': 0.86, 'train/overhead_time_percent': 54.4, 'epoch': 0.3369434416365824}
  step    70  loss   1.2077  |     6765.4 ms
{'loss': 1.2077, 'learning_rate': 0.0001, 'grad_norm': 0.11890242248773575, 'train/tokens_per_sec': 1193.887720717125, 'train/step_time': 13.723233529999561, 'train/mfu': 72.86, 'train/efficiency': 46.32, 'train/forward_time_percent': 14.27, 'train/backward_time_percent': 31.19, 'train/optimizer_time_percent': 0.86, 'train/overhead_time_percent': 53.68, 'epoch': 0.3369434416365824}
{'loss': 1.3591, 'learning_rate': 0.0001, 'grad_norm': 0.14107543230056763, 'train/tokens_per_sec': 1194.0009581612567, 'train/step_time': 13.721932036998624, 'train/mfu': 72.99, 'train/efficiency': 46.27, 'train/forward_time_percent': 14.59, 'train/backward_time_percent': 30.8, 'train/optimizer_time_percent': 0.89, 'train/overhead_time_percent': 53.73, 'epoch': 0.3417569193742479}
{'loss': 1.3591, 'learning_rate': 0.0001, 'grad_norm': 0.14107543230056763, 'train/tokens_per_sec': 1193.5582744945248, 'train/step_time': 13.727021419996163, 'train/mfu': 73.09, 'train/efficiency': 46.08, 'train/forward_time_percent': 14.73, 'train/backward_time_percent': 30.58, 'train/optimizer_time_percent': 0.77, 'train/overhead_time_percent': 53.92, 'epoch': 0.3417569193742479}
{'loss': 1.423, 'learning_rate': 0.0001, 'grad_norm': 0.11702319979667664, 'train/tokens_per_sec': 1193.885066862879, 'train/step_time': 13.723264034997555, 'train/mfu': 73.63, 'train/efficiency': 45.81, 'train/forward_time_percent': 14.91, 'train/backward_time_percent': 30.07, 'train/optimizer_time_percent': 0.83, 'train/overhead_time_percent': 54.19, 'epoch': 0.34657039711191334}
{'loss': 1.423, 'learning_rate': 0.0001, 'grad_norm': 0.11702319979667664, 'train/tokens_per_sec': 1193.1383018537151, 'train/step_time': 13.731853192999552, 'train/mfu': 75.08, 'train/efficiency': 44.83, 'train/forward_time_percent': 14.72, 'train/backward_time_percent': 29.37, 'train/optimizer_time_percent': 0.74, 'train/overhead_time_percent': 55.17, 'epoch': 0.34657039711191334}
{'loss': 1.3666, 'learning_rate': 0.0001, 'grad_norm': 0.11483810096979141, 'train/tokens_per_sec': 1193.0866352286298, 'train/step_time': 13.732447850998142, 'train/mfu': 73.89, 'train/efficiency': 45.65, 'train/forward_time_percent': 14.61, 'train/backward_time_percent': 30.18, 'train/optimizer_time_percent': 0.85, 'train/overhead_time_percent': 54.35, 'epoch': 0.35138387484957884}
{'loss': 1.3666, 'learning_rate': 0.0001, 'grad_norm': 0.11483810096979141, 'train/tokens_per_sec': 1193.6544686160642, 'train/step_time': 13.725915187998908, 'train/mfu': 72.08, 'train/efficiency': 46.77, 'train/forward_time_percent': 14.72, 'train/backward_time_percent': 31.22, 'train/optimizer_time_percent': 0.82, 'train/overhead_time_percent': 53.23, 'epoch': 0.35138387484957884}
{'loss': 1.3338, 'learning_rate': 0.0001, 'grad_norm': 0.14722052216529846, 'train/tokens_per_sec': 1194.5487269297696, 'train/step_time': 13.715639747999376, 'train/mfu': 73.43, 'train/efficiency': 45.89, 'train/forward_time_percent': 14.93, 'train/backward_time_percent': 30.21, 'train/optimizer_time_percent': 0.75, 'train/overhead_time_percent': 54.11, 'epoch': 0.3561973525872443}
{'loss': 1.3338, 'learning_rate': 0.0001, 'grad_norm': 0.14722052216529846, 'train/tokens_per_sec': 1194.1548352852844, 'train/step_time': 13.720163848003722, 'train/mfu': 74.55, 'train/efficiency': 45.18, 'train/forward_time_percent': 14.27, 'train/backward_time_percent': 30.18, 'train/optimizer_time_percent': 0.74, 'train/overhead_time_percent': 54.82, 'epoch': 0.3561973525872443}
{'loss': 1.4201, 'learning_rate': 0.0001, 'grad_norm': 0.14156611263751984, 'train/tokens_per_sec': 1193.2122553018073, 'train/step_time': 13.731002114000148, 'train/mfu': 70.66, 'train/efficiency': 47.59, 'train/forward_time_percent': 14.92, 'train/backward_time_percent': 31.93, 'train/optimizer_time_percent': 0.74, 'train/overhead_time_percent': 52.41, 'epoch': 0.36101083032490977}
{'loss': 1.4201, 'learning_rate': 0.0001, 'grad_norm': 0.14156611263751984, 'train/tokens_per_sec': 1192.6752323191063, 'train/step_time': 13.73718473900226, 'train/mfu': 74.74, 'train/efficiency': 45.13, 'train/forward_time_percent': 14.72, 'train/backward_time_percent': 29.55, 'train/optimizer_time_percent': 0.85, 'train/overhead_time_percent': 54.87, 'epoch': 0.36101083032490977}
{'loss': 1.2031, 'learning_rate': 0.0001, 'grad_norm': 0.11137089878320694, 'train/tokens_per_sec': 1193.814589313284, 'train/step_time': 13.724074195997673, 'train/mfu': 72.97, 'train/efficiency': 46.12, 'train/forward_time_percent': 14.39, 'train/backward_time_percent': 31.0, 'train/optimizer_time_percent': 0.73, 'train/overhead_time_percent': 53.88, 'epoch': 0.3658243080625752}
{'loss': 1.2031, 'learning_rate': 0.0001, 'grad_norm': 0.11137089878320694, 'train/tokens_per_sec': 1193.0692322935922, 'train/step_time': 13.732648162003898, 'train/mfu': 74.67, 'train/efficiency': 45.08, 'train/forward_time_percent': 14.52, 'train/backward_time_percent': 29.81, 'train/optimizer_time_percent': 0.75, 'train/overhead_time_percent': 54.92, 'epoch': 0.3658243080625752}
{'loss': 1.2336, 'learning_rate': 0.0001, 'grad_norm': 0.11813195794820786, 'train/tokens_per_sec': 1193.4612188703595, 'train/step_time': 13.72813773999951, 'train/mfu': 74.72, 'train/efficiency': 45.16, 'train/forward_time_percent': 14.81, 'train/backward_time_percent': 29.51, 'train/optimizer_time_percent': 0.84, 'train/overhead_time_percent': 54.84, 'epoch': 0.37063778580024065}{'loss': 1.2336, 'learning_rate': 0.0001, 'grad_norm': 0.11813195794820786, 'train/tokens_per_sec': 1193.882303926132, 'train/step_time': 13.723295793999569, 'train/mfu': 72.78, 'train/efficiency': 46.27, 'train/forward_time_percent': 15.01, 'train/backward_time_percent': 30.5, 'train/optimizer_time_percent': 0.76, 'train/overhead_time_percent': 53.73, 'epoch': 0.37063778580024065}

{'loss': 1.4652, 'learning_rate': 0.0001, 'grad_norm': 0.11727555841207504, 'train/tokens_per_sec': 1193.5183463381773, 'train/step_time': 13.727480645997275, 'train/mfu': 73.31, 'train/efficiency': 46.07, 'train/forward_time_percent': 14.82, 'train/backward_time_percent': 30.35, 'train/optimizer_time_percent': 0.9, 'train/overhead_time_percent': 53.93, 'epoch': 0.37545126353790614}
{'loss': 1.4652, 'learning_rate': 0.0001, 'grad_norm': 0.11727555841207504, 'train/tokens_per_sec': 1193.825187542393, 'train/step_time': 13.723952360000112, 'train/mfu': 72.47, 'train/efficiency': 46.42, 'train/forward_time_percent': 14.74, 'train/backward_time_percent': 30.97, 'train/optimizer_time_percent': 0.71, 'train/overhead_time_percent': 53.58, 'epoch': 0.37545126353790614}
{'loss': 1.3478, 'learning_rate': 0.0001, 'grad_norm': 0.11302395910024643, 'train/tokens_per_sec': 1194.9703890045162, 'train/step_time': 13.710799991997192, 'train/mfu': 72.62, 'train/efficiency': 46.53, 'train/forward_time_percent': 15.02, 'train/backward_time_percent': 30.63, 'train/optimizer_time_percent': 0.88, 'train/overhead_time_percent': 53.47, 'epoch': 0.3802647412755716}
{'loss': 1.3478, 'learning_rate': 0.0001, 'grad_norm': 0.11302395910024643, 'train/tokens_per_sec': 1194.8892774019819, 'train/step_time': 13.711730709997937, 'train/mfu': 72.46, 'train/efficiency': 46.64, 'train/forward_time_percent': 14.66, 'train/backward_time_percent': 31.09, 'train/optimizer_time_percent': 0.89, 'train/overhead_time_percent': 53.36, 'epoch': 0.3802647412755716}
{'loss': 1.2458, 'learning_rate': 0.0001, 'grad_norm': 0.12034334987401962, 'train/tokens_per_sec': 1194.068807746336, 'train/step_time': 13.721152326994343, 'train/mfu': 74.77, 'train/efficiency': 45.08, 'train/forward_time_percent': 14.51, 'train/backward_time_percent': 29.8, 'train/optimizer_time_percent': 0.78, 'train/overhead_time_percent': 54.92, 'epoch': 0.3850782190132371}
  step    80  loss   1.2458  |     6664.2 ms
{'loss': 1.2458, 'learning_rate': 0.0001, 'grad_norm': 0.12034334987401962, 'train/tokens_per_sec': 1194.1971043970477, 'train/step_time': 13.719678216999455, 'train/mfu': 73.72, 'train/efficiency': 45.8, 'train/forward_time_percent': 14.58, 'train/backward_time_percent': 30.36, 'train/optimizer_time_percent': 0.86, 'train/overhead_time_percent': 54.2, 'epoch': 0.3850782190132371}
{'loss': 1.4275, 'learning_rate': 0.0001, 'grad_norm': 0.12259340286254883, 'train/tokens_per_sec': 1194.9344841465386, 'train/step_time': 13.711211967995041, 'train/mfu': 72.64, 'train/efficiency': 46.49, 'train/forward_time_percent': 15.07, 'train/backward_time_percent': 30.57, 'train/optimizer_time_percent': 0.85, 'train/overhead_time_percent': 53.51, 'epoch': 0.3898916967509025}
{'loss': 1.4275, 'learning_rate': 0.0001, 'grad_norm': 0.12259340286254883, 'train/tokens_per_sec': 1194.4357972698508, 'train/step_time': 13.716936512995744, 'train/mfu': 74.21, 'train/efficiency': 45.51, 'train/forward_time_percent': 14.41, 'train/backward_time_percent': 30.24, 'train/optimizer_time_percent': 0.85, 'train/overhead_time_percent': 54.49, 'epoch': 0.3898916967509025}
{'loss': 1.2261, 'learning_rate': 0.0001, 'grad_norm': 0.12402450293302536, 'train/tokens_per_sec': 1194.00299185709, 'train/step_time': 13.721908665000228, 'train/mfu': 72.7, 'train/efficiency': 46.3, 'train/forward_time_percent': 14.05, 'train/backward_time_percent': 31.52, 'train/optimizer_time_percent': 0.73, 'train/overhead_time_percent': 53.7, 'epoch': 0.394705174488568}
{'loss': 1.2261, 'learning_rate': 0.0001, 'grad_norm': 0.12402450293302536, 'train/tokens_per_sec': 1193.5205888813862, 'train/step_time': 13.72745485300402, 'train/mfu': 74.64, 'train/efficiency': 45.21, 'train/forward_time_percent': 14.55, 'train/backward_time_percent': 29.82, 'train/optimizer_time_percent': 0.84, 'train/overhead_time_percent': 54.79, 'epoch': 0.394705174488568}
{'loss': 1.2421, 'learning_rate': 0.0001, 'grad_norm': 0.11631721258163452, 'train/tokens_per_sec': 1195.0151279000788, 'train/step_time': 13.710286687994085, 'train/mfu': 72.55, 'train/efficiency': 46.44, 'train/forward_time_percent': 14.34, 'train/backward_time_percent': 31.36, 'train/optimizer_time_percent': 0.74, 'train/overhead_time_percent': 53.56, 'epoch': 0.39951865222623345}{'loss': 1.2421, 'learning_rate': 0.0001, 'grad_norm': 0.11631721258163452, 'train/tokens_per_sec': 1194.2542063204878, 'train/step_time': 13.719022225996014, 'train/mfu': 75.22, 'train/efficiency': 44.9, 'train/forward_time_percent': 14.63, 'train/backward_time_percent': 29.42, 'train/optimizer_time_percent': 0.85, 'train/overhead_time_percent': 55.1, 'epoch': 0.39951865222623345}

{'loss': 1.3553, 'learning_rate': 0.0001, 'grad_norm': 0.11738568544387817, 'train/tokens_per_sec': 1195.3699415031087, 'train/step_time': 13.706217156002822, 'train/mfu': 73.63, 'train/efficiency': 45.92, 'train/forward_time_percent': 14.47, 'train/backward_time_percent': 30.57, 'train/optimizer_time_percent': 0.88, 'train/overhead_time_percent': 54.08, 'epoch': 0.4043321299638989}
{'loss': 1.3553, 'learning_rate': 0.0001, 'grad_norm': 0.11738568544387817, 'train/tokens_per_sec': 1195.065040739575, 'train/step_time': 13.70971406699391, 'train/mfu': 75.0, 'train/efficiency': 45.05, 'train/forward_time_percent': 14.49, 'train/backward_time_percent': 29.72, 'train/optimizer_time_percent': 0.84, 'train/overhead_time_percent': 54.95, 'epoch': 0.4043321299638989}
{'loss': 1.4327, 'learning_rate': 0.0001, 'grad_norm': 0.11146887391805649, 'train/tokens_per_sec': 1194.0821006270921, 'train/step_time': 13.720999579003546, 'train/mfu': 73.43, 'train/efficiency': 46.0, 'train/forward_time_percent': 14.35, 'train/backward_time_percent': 30.77, 'train/optimizer_time_percent': 0.89, 'train/overhead_time_percent': 54.0, 'epoch': 0.4091456077015644}
{'loss': 1.4327, 'learning_rate': 0.0001, 'grad_norm': 0.11146887391805649, 'train/tokens_per_sec': 1194.4021392150016, 'train/step_time': 13.71732305399928, 'train/mfu': 72.62, 'train/efficiency': 46.49, 'train/forward_time_percent': 14.93, 'train/backward_time_percent': 30.7, 'train/optimizer_time_percent': 0.86, 'train/overhead_time_percent': 53.51, 'epoch': 0.4091456077015644}
{'loss': 1.5289, 'learning_rate': 0.0001, 'grad_norm': 0.12555456161499023, 'train/tokens_per_sec': 1194.3958659323164, 'train/step_time': 13.717395101004513, 'train/mfu': 72.93, 'train/efficiency': 46.25, 'train/forward_time_percent': 14.3, 'train/backward_time_percent': 31.14, 'train/optimizer_time_percent': 0.82, 'train/overhead_time_percent': 53.75, 'epoch': 0.4139590854392298}
{'loss': 1.5289, 'learning_rate': 0.0001, 'grad_norm': 0.12555456161499023, 'train/tokens_per_sec': 1194.2314443177852, 'train/step_time': 13.719283710001037, 'train/mfu': 73.95, 'train/efficiency': 45.61, 'train/forward_time_percent': 14.37, 'train/backward_time_percent': 30.44, 'train/optimizer_time_percent': 0.8, 'train/overhead_time_percent': 54.39, 'epoch': 0.4139590854392298}
{'loss': 1.4093, 'learning_rate': 0.0001, 'grad_norm': 0.11552251130342484, 'train/tokens_per_sec': 1193.2062664169057, 'train/step_time': 13.731071032001637, 'train/mfu': 72.83, 'train/efficiency': 46.34, 'train/forward_time_percent': 14.58, 'train/backward_time_percent': 30.87, 'train/optimizer_time_percent': 0.88, 'train/overhead_time_percent': 53.66, 'epoch': 0.4187725631768953}
{'loss': 1.4093, 'learning_rate': 0.0001, 'grad_norm': 0.11552251130342484, 'train/tokens_per_sec': 1193.2364807530807, 'train/step_time': 13.730723343003774, 'train/mfu': 73.83, 'train/efficiency': 45.69, 'train/forward_time_percent': 14.43, 'train/backward_time_percent': 30.42, 'train/optimizer_time_percent': 0.85, 'train/overhead_time_percent': 54.31, 'epoch': 0.4187725631768953}
{'loss': 1.3081, 'learning_rate': 0.0001, 'grad_norm': 0.12306275963783264, 'train/tokens_per_sec': 1192.8628381951698, 'train/step_time': 13.735024242007057, 'train/mfu': 72.46, 'train/efficiency': 46.46, 'train/forward_time_percent': 14.75, 'train/backward_time_percent': 30.92, 'train/optimizer_time_percent': 0.79, 'train/overhead_time_percent': 53.54, 'epoch': 0.42358604091456076}
{'loss': 1.3081, 'learning_rate': 0.0001, 'grad_norm': 0.12306275963783264, 'train/tokens_per_sec': 1192.564864820345, 'train/step_time': 13.738456065002538, 'train/mfu': 75.53, 'train/efficiency': 44.53, 'train/forward_time_percent': 14.57, 'train/backward_time_percent': 29.23, 'train/optimizer_time_percent': 0.72, 'train/overhead_time_percent': 55.47, 'epoch': 0.42358604091456076}
{'loss': 1.4791, 'learning_rate': 0.0001, 'grad_norm': 0.13013149797916412, 'train/tokens_per_sec': 1193.4611934846996, 'train/step_time': 13.728138032005518, 'train/mfu': 73.32, 'train/efficiency': 46.01, 'train/forward_time_percent': 14.31, 'train/backward_time_percent': 30.85, 'train/optimizer_time_percent': 0.85, 'train/overhead_time_percent': 53.99, 'epoch': 0.42839951865222625}
{'loss': 1.4791, 'learning_rate': 0.0001, 'grad_norm': 0.13013149797916412, 'train/tokens_per_sec': 1193.2573349769157, 'train/step_time': 13.730483375002223, 'train/mfu': 73.55, 'train/efficiency': 45.81, 'train/forward_time_percent': 14.65, 'train/backward_time_percent': 30.36, 'train/optimizer_time_percent': 0.8, 'train/overhead_time_percent': 54.19, 'epoch': 0.42839951865222625}
  step    90  loss   1.1714  |     6964.2 ms
{'loss': 1.1714, 'learning_rate': 0.0001, 'grad_norm': 0.1251300573348999, 'train/tokens_per_sec': 1192.8047767994633, 'train/step_time': 13.73569281300297, 'train/mfu': 70.51, 'train/efficiency': 47.8, 'train/forward_time_percent': 14.98, 'train/backward_time_percent': 31.95, 'train/optimizer_time_percent': 0.86, 'train/overhead_time_percent': 52.2, 'epoch': 0.4332129963898917}
{'loss': 1.1714, 'learning_rate': 0.0001, 'grad_norm': 0.1251300573348999, 'train/tokens_per_sec': 1192.5668015272208, 'train/step_time': 13.738433753998834, 'train/mfu': 71.58, 'train/efficiency': 47.07, 'train/forward_time_percent': 14.7, 'train/backward_time_percent': 31.52, 'train/optimizer_time_percent': 0.85, 'train/overhead_time_percent': 52.93, 'epoch': 0.4332129963898917}
{'loss': 1.39, 'learning_rate': 0.0001, 'grad_norm': 0.12937591969966888, 'train/tokens_per_sec': 1193.0802402241516, 'train/step_time': 13.732521458005067, 'train/mfu': 72.17, 'train/efficiency': 46.75, 'train/forward_time_percent': 14.46, 'train/backward_time_percent': 31.41, 'train/optimizer_time_percent': 0.88, 'train/overhead_time_percent': 53.25, 'epoch': 0.4380264741275572}
{'loss': 1.39, 'learning_rate': 0.0001, 'grad_norm': 0.12937591969966888, 'train/tokens_per_sec': 1193.1501584972802, 'train/step_time': 13.731716736001545, 'train/mfu': 73.3, 'train/efficiency': 46.02, 'train/forward_time_percent': 15.03, 'train/backward_time_percent': 30.13, 'train/optimizer_time_percent': 0.86, 'train/overhead_time_percent': 53.98, 'epoch': 0.4380264741275572}
{'loss': 1.435, 'learning_rate': 0.0001, 'grad_norm': 0.13263791799545288, 'train/tokens_per_sec': 1193.9442349141445, 'train/step_time': 13.722583953996946, 'train/mfu': 74.13, 'train/efficiency': 45.54, 'train/forward_time_percent': 14.55, 'train/backward_time_percent': 30.14, 'train/optimizer_time_percent': 0.86, 'train/overhead_time_percent': 54.46, 'epoch': 0.4428399518652226}
{'loss': 1.435, 'learning_rate': 0.0001, 'grad_norm': 0.13263791799545288, 'train/tokens_per_sec': 1193.5750721654147, 'train/step_time': 13.726828234001005, 'train/mfu': 74.82, 'train/efficiency': 45.13, 'train/forward_time_percent': 14.68, 'train/backward_time_percent': 29.58, 'train/optimizer_time_percent': 0.87, 'train/overhead_time_percent': 54.87, 'epoch': 0.4428399518652226}
{'loss': 1.1711, 'learning_rate': 0.0001, 'grad_norm': 0.5994267463684082, 'train/tokens_per_sec': 1193.9006863637271, 'train/step_time': 13.723084497003583, 'train/mfu': 75.39, 'train/efficiency': 44.79, 'train/forward_time_percent': 13.98, 'train/backward_time_percent': 29.95, 'train/optimizer_time_percent': 0.85, 'train/overhead_time_percent': 55.21, 'epoch': 0.44765342960288806}
{'loss': 1.1711, 'learning_rate': 0.0001, 'grad_norm': 0.5994267463684082, 'train/tokens_per_sec': 1194.5474120743454, 'train/step_time': 13.715654845000245, 'train/mfu': 72.67, 'train/efficiency': 46.34, 'train/forward_time_percent': 14.62, 'train/backward_time_percent': 30.98, 'train/optimizer_time_percent': 0.74, 'train/overhead_time_percent': 53.66, 'epoch': 0.44765342960288806}
{'loss': 1.4532, 'learning_rate': 0.0001, 'grad_norm': 0.11409186571836472, 'train/tokens_per_sec': 1193.3439665260992, 'train/step_time': 13.729486602001998, 'train/mfu': 72.16, 'train/efficiency': 46.68, 'train/forward_time_percent': 14.86, 'train/backward_time_percent': 31.02, 'train/optimizer_time_percent': 0.79, 'train/overhead_time_percent': 53.32, 'epoch': 0.45246690734055356}
{'loss': 1.4532, 'learning_rate': 0.0001, 'grad_norm': 0.11409186571836472, 'train/tokens_per_sec': 1192.6840747498936, 'train/step_time': 13.737082892999751, 'train/mfu': 76.59, 'train/efficiency': 44.06, 'train/forward_time_percent': 14.37, 'train/backward_time_percent': 28.83, 'train/optimizer_time_percent': 0.86, 'train/overhead_time_percent': 55.94, 'epoch': 0.45246690734055356}
{'loss': 1.4525, 'learning_rate': 0.0001, 'grad_norm': 0.13661184906959534, 'train/tokens_per_sec': 1193.7498325624497, 'train/step_time': 13.72481867899478, 'train/mfu': 72.31, 'train/efficiency': 46.53, 'train/forward_time_percent': 14.83, 'train/backward_time_percent': 30.97, 'train/optimizer_time_percent': 0.73, 'train/overhead_time_percent': 53.47, 'epoch': 0.457280385078219}
{'loss': 1.4525, 'learning_rate': 0.0001, 'grad_norm': 0.13661184906959534, 'train/tokens_per_sec': 1192.9550724381959, 'train/step_time': 13.73396230799699, 'train/mfu': 74.35, 'train/efficiency': 45.35, 'train/forward_time_percent': 14.29, 'train/backward_time_percent': 30.23, 'train/optimizer_time_percent': 0.83, 'train/overhead_time_percent': 54.65, 'epoch': 0.457280385078219}
{'loss': 1.4186, 'learning_rate': 0.0001, 'grad_norm': 0.13291175663471222, 'train/tokens_per_sec': 1193.408684726901, 'train/step_time': 13.728742055995099, 'train/mfu': 72.51, 'train/efficiency': 46.4, 'train/forward_time_percent': 15.08, 'train/backward_time_percent': 30.58, 'train/optimizer_time_percent': 0.74, 'train/overhead_time_percent': 53.6, 'epoch': 0.4620938628158845}
{'loss': 1.4186, 'learning_rate': 0.0001, 'grad_norm': 0.13291175663471222, 'train/tokens_per_sec': 1192.834780270326, 'train/step_time': 13.735347317997366, 'train/mfu': 73.82, 'train/efficiency': 45.69, 'train/forward_time_percent': 14.59, 'train/backward_time_percent': 30.24, 'train/optimizer_time_percent': 0.85, 'train/overhead_time_percent': 54.31, 'epoch': 0.4620938628158845}
{'loss': 1.3351, 'learning_rate': 0.0001, 'grad_norm': 0.1355857253074646, 'train/tokens_per_sec': 1193.4627198989745, 'train/step_time': 13.728120473999297, 'train/mfu': 71.17, 'train/efficiency': 47.28, 'train/forward_time_percent': 15.39, 'train/backward_time_percent': 31.14, 'train/optimizer_time_percent': 0.75, 'train/overhead_time_percent': 52.72, 'epoch': 0.46690734055354993}
{'loss': 1.3351, 'learning_rate': 0.0001, 'grad_norm': 0.1355857253074646, 'train/tokens_per_sec': 1193.0721269126698, 'train/step_time': 13.732614843996998, 'train/mfu': 77.02, 'train/efficiency': 43.7, 'train/forward_time_percent': 14.33, 'train/backward_time_percent': 28.65, 'train/optimizer_time_percent': 0.72, 'train/overhead_time_percent': 56.3, 'epoch': 0.46690734055354993}
{'loss': 1.3741, 'learning_rate': 0.0001, 'grad_norm': 0.12387913465499878, 'train/tokens_per_sec': 1194.5162329878601, 'train/step_time': 13.716012848999526, 'train/mfu': 74.0, 'train/efficiency': 45.66, 'train/forward_time_percent': 14.85, 'train/backward_time_percent': 29.94, 'train/optimizer_time_percent': 0.87, 'train/overhead_time_percent': 54.34, 'epoch': 0.4717208182912154}
{'loss': 1.3741, 'learning_rate': 0.0001, 'grad_norm': 0.12387913465499878, 'train/tokens_per_sec': 1194.2737433151322, 'train/step_time': 13.718797797999287, 'train/mfu': 75.81, 'train/efficiency': 44.55, 'train/forward_time_percent': 14.4, 'train/backward_time_percent': 29.31, 'train/optimizer_time_percent': 0.84, 'train/overhead_time_percent': 55.45, 'epoch': 0.4717208182912154}
{'loss': 1.3935, 'learning_rate': 0.0001, 'grad_norm': 0.11631027609109879, 'train/tokens_per_sec': 1193.8548343730931, 'train/step_time': 13.723611555004027, 'train/mfu': 72.6, 'train/efficiency': 46.34, 'train/forward_time_percent': 14.93, 'train/backward_time_percent': 30.69, 'train/optimizer_time_percent': 0.72, 'train/overhead_time_percent': 53.66, 'epoch': 0.47653429602888087}
{'loss': 1.3935, 'learning_rate': 0.0001, 'grad_norm': 0.11631027609109879, 'train/tokens_per_sec': 1193.139965507827, 'train/step_time': 13.731834045996948, 'train/mfu': 74.78, 'train/efficiency': 45.02, 'train/forward_time_percent': 14.08, 'train/backward_time_percent': 30.19, 'train/optimizer_time_percent': 0.75, 'train/overhead_time_percent': 54.98, 'epoch': 0.47653429602888087}
{'loss': 1.3686, 'learning_rate': 0.0001, 'grad_norm': 0.12279944121837616, 'train/tokens_per_sec': 1193.1879297742785, 'train/step_time': 13.73128204800014, 'train/mfu': 76.17, 'train/efficiency': 44.29, 'train/forward_time_percent': 14.44, 'train/backward_time_percent': 29.02, 'train/optimizer_time_percent': 0.83, 'train/overhead_time_percent': 55.71, 'epoch': 0.4813477737665463}
  step   100  loss   1.3686  |     6843.7 ms
{'loss': 1.3686, 'learning_rate': 0.0001, 'grad_norm': 0.12279944121837616, 'train/tokens_per_sec': 1193.5979919335523, 'train/step_time': 13.726564648000931, 'train/mfu': 71.57, 'train/efficiency': 47.11, 'train/forward_time_percent': 14.29, 'train/backward_time_percent': 31.98, 'train/optimizer_time_percent': 0.84, 'train/overhead_time_percent': 52.89, 'epoch': 0.4813477737665463}
{'loss': 1.2191, 'learning_rate': 0.0001, 'grad_norm': 3.4848947525024414, 'train/tokens_per_sec': 1193.604915444289, 'train/step_time': 13.726485027000308, 'train/mfu': 73.14, 'train/efficiency': 46.01, 'train/forward_time_percent': 14.19, 'train/backward_time_percent': 31.09, 'train/optimizer_time_percent': 0.73, 'train/overhead_time_percent': 53.99, 'epoch': 0.4861612515042118}
{'loss': 1.2191, 'learning_rate': 0.0001, 'grad_norm': 3.4848947525024414, 'train/tokens_per_sec': 1193.1372696206593, 'train/step_time': 13.731865073001245, 'train/mfu': 75.17, 'train/efficiency': 44.86, 'train/forward_time_percent': 14.42, 'train/backward_time_percent': 29.62, 'train/optimizer_time_percent': 0.82, 'train/overhead_time_percent': 55.14, 'epoch': 0.4861612515042118}
{'loss': 1.3428, 'learning_rate': 0.0001, 'grad_norm': 0.12520307302474976, 'train/tokens_per_sec': 1194.136190011769, 'train/step_time': 13.720378074998735, 'train/mfu': 72.66, 'train/efficiency': 46.34, 'train/forward_time_percent': 14.91, 'train/backward_time_percent': 30.68, 'train/optimizer_time_percent': 0.74, 'train/overhead_time_percent': 53.66, 'epoch': 0.49097472924187724}
{'loss': 1.3428, 'learning_rate': 0.0001, 'grad_norm': 0.12520307302474976, 'train/tokens_per_sec': 1193.5676858133645, 'train/step_time': 13.726913181999407, 'train/mfu': 76.66, 'train/efficiency': 43.91, 'train/forward_time_percent': 14.51, 'train/backward_time_percent': 28.68, 'train/optimizer_time_percent': 0.72, 'train/overhead_time_percent': 56.09, 'epoch': 0.49097472924187724}
{'loss': 1.3892, 'learning_rate': 0.0001, 'grad_norm': 0.12088100612163544, 'train/tokens_per_sec': 1194.6785277709, 'train/step_time': 13.714149555002223, 'train/mfu': 74.29, 'train/efficiency': 45.52, 'train/forward_time_percent': 14.82, 'train/backward_time_percent': 29.79, 'train/optimizer_time_percent': 0.91, 'train/overhead_time_percent': 54.48, 'epoch': 0.49578820697954273}
{'loss': 1.3892, 'learning_rate': 0.0001, 'grad_norm': 0.12088100612163544, 'train/tokens_per_sec': 1195.0274520272771, 'train/step_time': 13.71014529599779, 'train/mfu': 73.59, 'train/efficiency': 45.91, 'train/forward_time_percent': 14.35, 'train/backward_time_percent': 30.71, 'train/optimizer_time_percent': 0.86, 'train/overhead_time_percent': 54.09, 'epoch': 0.49578820697954273}
{'loss': 1.0217, 'learning_rate': 0.0001, 'grad_norm': 0.1059446856379509, 'train/tokens_per_sec': 1193.8402035013887, 'train/step_time': 13.72377974200208, 'train/mfu': 73.44, 'train/efficiency': 45.87, 'train/forward_time_percent': 14.82, 'train/backward_time_percent': 30.29, 'train/optimizer_time_percent': 0.76, 'train/overhead_time_percent': 54.13, 'epoch': 0.5006016847172082}
{'loss': 1.0217, 'learning_rate': 0.0001, 'grad_norm': 0.1059446856379509, 'train/tokens_per_sec': 1193.299002329162, 'train/step_time': 13.730003937002039, 'train/mfu': 76.3, 'train/efficiency': 44.22, 'train/forward_time_percent': 14.34, 'train/backward_time_percent': 29.05, 'train/optimizer_time_percent': 0.83, 'train/overhead_time_percent': 55.78, 'epoch': 0.5006016847172082}
{'loss': 1.1261, 'learning_rate': 0.0001, 'grad_norm': 0.1346956491470337, 'train/tokens_per_sec': 1193.4153888933215, 'train/step_time': 13.728664932998072, 'train/mfu': 73.23, 'train/efficiency': 46.13, 'train/forward_time_percent': 14.71, 'train/backward_time_percent': 30.5, 'train/optimizer_time_percent': 0.92, 'train/overhead_time_percent': 53.87, 'epoch': 0.5054151624548736}
{'loss': 1.1261, 'learning_rate': 0.0001, 'grad_norm': 0.1346956491470337, 'train/tokens_per_sec': 1193.423352313024, 'train/step_time': 13.728573325002799, 'train/mfu': 73.28, 'train/efficiency': 46.05, 'train/forward_time_percent': 14.24, 'train/backward_time_percent': 30.94, 'train/optimizer_time_percent': 0.86, 'train/overhead_time_percent': 53.95, 'epoch': 0.5054151624548736}
{'loss': 1.1703, 'learning_rate': 0.0001, 'grad_norm': 0.12055402249097824, 'train/tokens_per_sec': 1192.8547281005506, 'train/step_time': 13.735117625001294, 'train/mfu': 71.7, 'train/efficiency': 47.02, 'train/forward_time_percent': 14.83, 'train/backward_time_percent': 31.33, 'train/optimizer_time_percent': 0.86, 'train/overhead_time_percent': 52.98, 'epoch': 0.5102286401925391}
{'loss': 1.1703, 'learning_rate': 0.0001, 'grad_norm': 0.12055402249097824, 'train/tokens_per_sec': 1192.8510447539056, 'train/step_time': 13.73516003700206, 'train/mfu': 72.62, 'train/efficiency': 46.43, 'train/forward_time_percent': 14.25, 'train/backward_time_percent': 31.32, 'train/optimizer_time_percent': 0.86, 'train/overhead_time_percent': 53.57, 'epoch': 0.5102286401925391}
{'loss': 1.2284, 'learning_rate': 0.0001, 'grad_norm': 0.11077168583869934, 'train/tokens_per_sec': 1194.784819684426, 'train/step_time': 13.7129294999977, 'train/mfu': 73.25, 'train/efficiency': 46.13, 'train/forward_time_percent': 14.51, 'train/backward_time_percent': 30.75, 'train/optimizer_time_percent': 0.87, 'train/overhead_time_percent': 53.87, 'epoch': 0.5150421179302046}
{'loss': 1.2284, 'learning_rate': 0.0001, 'grad_norm': 0.11077168583869934, 'train/tokens_per_sec': 1194.6994090843655, 'train/step_time': 13.713909854996018, 'train/mfu': 73.4, 'train/efficiency': 46.0, 'train/forward_time_percent': 14.94, 'train/backward_time_percent': 30.22, 'train/optimizer_time_percent': 0.84, 'train/overhead_time_percent': 54.0, 'epoch': 0.5150421179302046}
{'loss': 1.423, 'learning_rate': 0.0001, 'grad_norm': 0.15099479258060455, 'train/tokens_per_sec': 1193.4414089679724, 'train/step_time': 13.728365612994821, 'train/mfu': 73.69, 'train/efficiency': 45.67, 'train/forward_time_percent': 14.62, 'train/backward_time_percent': 30.31, 'train/optimizer_time_percent': 0.74, 'train/overhead_time_percent': 54.33, 'epoch': 0.51985559566787}
{'loss': 1.423, 'learning_rate': 0.0001, 'grad_norm': 0.15099479258060455, 'train/tokens_per_sec': 1193.4270577987081, 'train/step_time': 13.728530698994291, 'train/mfu': 73.97, 'train/efficiency': 45.5, 'train/forward_time_percent': 14.73, 'train/backward_time_percent': 30.03, 'train/optimizer_time_percent': 0.75, 'train/overhead_time_percent': 54.5, 'epoch': 0.51985559566787}
{'loss': 1.3895, 'learning_rate': 0.0001, 'grad_norm': 0.14040561020374298, 'train/tokens_per_sec': 1192.91256810107, 'train/step_time': 13.734451659001934, 'train/mfu': 72.7, 'train/efficiency': 46.3, 'train/forward_time_percent': 14.82, 'train/backward_time_percent': 30.7, 'train/optimizer_time_percent': 0.78, 'train/overhead_time_percent': 53.7, 'epoch': 0.5246690734055355}
{'loss': 1.3895, 'learning_rate': 0.0001, 'grad_norm': 0.14040561020374298, 'train/tokens_per_sec': 1192.9815420381974, 'train/step_time': 13.733657582000887, 'train/mfu': 72.69, 'train/efficiency': 46.38, 'train/forward_time_percent': 14.57, 'train/backward_time_percent': 30.95, 'train/optimizer_time_percent': 0.86, 'train/overhead_time_percent': 53.62, 'epoch': 0.5246690734055355}
  step   110  loss   1.3891  |     7038.6 ms
{'loss': 1.3891, 'learning_rate': 0.0001, 'grad_norm': 0.13060078024864197, 'train/tokens_per_sec': 1191.4094049936189, 'train/step_time': 13.751779976999387, 'train/mfu': 69.97, 'train/efficiency': 48.16, 'train/forward_time_percent': 15.2, 'train/backward_time_percent': 32.04, 'train/optimizer_time_percent': 0.92, 'train/overhead_time_percent': 51.84, 'epoch': 0.529482551143201}{'loss': 1.3891, 'learning_rate': 0.0001, 'grad_norm': 0.13060078024864197, 'train/tokens_per_sec': 1191.5730283856394, 'train/step_time': 13.749891621999268, 'train/mfu': 72.82, 'train/efficiency': 46.16, 'train/forward_time_percent': 14.25, 'train/backward_time_percent': 31.15, 'train/optimizer_time_percent': 0.76, 'train/overhead_time_percent': 53.84, 'epoch': 0.529482551143201}

{'loss': 1.3788, 'learning_rate': 0.0001, 'grad_norm': 0.13519202172756195, 'train/tokens_per_sec': 1193.0472630858787, 'train/step_time': 13.732901039998978, 'train/mfu': 75.13, 'train/efficiency': 44.97, 'train/forward_time_percent': 14.6, 'train/backward_time_percent': 29.45, 'train/optimizer_time_percent': 0.91, 'train/overhead_time_percent': 55.03, 'epoch': 0.5342960288808665}
{'loss': 1.3788, 'learning_rate': 0.0001, 'grad_norm': 0.13519202172756195, 'train/tokens_per_sec': 1192.8666047295262, 'train/step_time': 13.734980872999586, 'train/mfu': 71.03, 'train/efficiency': 47.46, 'train/forward_time_percent': 15.28, 'train/backward_time_percent': 31.31, 'train/optimizer_time_percent': 0.86, 'train/overhead_time_percent': 52.54, 'epoch': 0.5342960288808665}
{'loss': 1.45, 'learning_rate': 0.0001, 'grad_norm': 0.12817567586898804, 'train/tokens_per_sec': 1192.6436610693079, 'train/step_time': 13.737548384997353, 'train/mfu': 73.0, 'train/efficiency': 46.18, 'train/forward_time_percent': 14.71, 'train/backward_time_percent': 30.62, 'train/optimizer_time_percent': 0.85, 'train/overhead_time_percent': 53.82, 'epoch': 0.5391095066185319}
{'loss': 1.45, 'learning_rate': 0.0001, 'grad_norm': 0.12817567586898804, 'train/tokens_per_sec': 1192.8355237431367, 'train/step_time': 13.735338757003774, 'train/mfu': 73.32, 'train/efficiency': 46.0, 'train/forward_time_percent': 14.97, 'train/backward_time_percent': 30.17, 'train/optimizer_time_percent': 0.87, 'train/overhead_time_percent': 54.0, 'epoch': 0.5391095066185319}
{'loss': 1.3352, 'learning_rate': 0.0001, 'grad_norm': 0.15544769167900085, 'train/tokens_per_sec': 1192.8033024355595, 'train/step_time': 13.735709790998953, 'train/mfu': 74.51, 'train/efficiency': 45.18, 'train/forward_time_percent': 14.5, 'train/backward_time_percent': 29.92, 'train/optimizer_time_percent': 0.76, 'train/overhead_time_percent': 54.82, 'epoch': 0.5439229843561973}
{'loss': 1.3352, 'learning_rate': 0.0001, 'grad_norm': 0.15544769167900085, 'train/tokens_per_sec': 1192.8578740573487, 'train/step_time': 13.735081400998752, 'train/mfu': 71.91, 'train/efficiency': 46.79, 'train/forward_time_percent': 14.65, 'train/backward_time_percent': 31.37, 'train/optimizer_time_percent': 0.77, 'train/overhead_time_percent': 53.21, 'epoch': 0.5439229843561973}
{'loss': 1.252, 'learning_rate': 0.0001, 'grad_norm': 0.13940301537513733, 'train/tokens_per_sec': 1191.3073735843293, 'train/step_time': 13.752957770004286, 'train/mfu': 73.21, 'train/efficiency': 46.04, 'train/forward_time_percent': 15.1, 'train/backward_time_percent': 30.04, 'train/optimizer_time_percent': 0.9, 'train/overhead_time_percent': 53.96, 'epoch': 0.5487364620938628}
{'loss': 1.252, 'learning_rate': 0.0001, 'grad_norm': 0.13940301537513733, 'train/tokens_per_sec': 1191.456578574349, 'train/step_time': 13.751235499999893, 'train/mfu': 72.33, 'train/efficiency': 46.55, 'train/forward_time_percent': 15.08, 'train/backward_time_percent': 30.62, 'train/optimizer_time_percent': 0.85, 'train/overhead_time_percent': 53.45, 'epoch': 0.5487364620938628}
{'loss': 1.1848, 'learning_rate': 0.0001, 'grad_norm': 0.126436248421669, 'train/tokens_per_sec': 1193.8318396722157, 'train/step_time': 13.723875889001647, 'train/mfu': 73.05, 'train/efficiency': 46.07, 'train/forward_time_percent': 14.95, 'train/backward_time_percent': 30.39, 'train/optimizer_time_percent': 0.73, 'train/overhead_time_percent': 53.93, 'epoch': 0.5535499398315282}
{'loss': 1.1848, 'learning_rate': 0.0001, 'grad_norm': 0.126436248421669, 'train/tokens_per_sec': 1193.3820430954383, 'train/step_time': 13.729048542998498, 'train/mfu': 75.35, 'train/efficiency': 44.81, 'train/forward_time_percent': 14.47, 'train/backward_time_percent': 29.47, 'train/optimizer_time_percent': 0.87, 'train/overhead_time_percent': 55.19, 'epoch': 0.5535499398315282}
{'loss': 1.2919, 'learning_rate': 0.0001, 'grad_norm': 0.1270519196987152, 'train/tokens_per_sec': 1192.1119768343628, 'train/step_time': 13.743675358004111, 'train/mfu': 72.73, 'train/efficiency': 46.32, 'train/forward_time_percent': 14.92, 'train/backward_time_percent': 30.55, 'train/optimizer_time_percent': 0.84, 'train/overhead_time_percent': 53.68, 'epoch': 0.5583634175691937}
{'loss': 1.2919, 'learning_rate': 0.0001, 'grad_norm': 0.1270519196987152, 'train/tokens_per_sec': 1192.032464986191, 'train/step_time': 13.74459209899942, 'train/mfu': 74.34, 'train/efficiency': 45.34, 'train/forward_time_percent': 14.55, 'train/backward_time_percent': 29.94, 'train/optimizer_time_percent': 0.85, 'train/overhead_time_percent': 54.66, 'epoch': 0.5583634175691937}
{'loss': 1.2106, 'learning_rate': 0.0001, 'grad_norm': 0.1409706175327301, 'train/tokens_per_sec': 1193.8427524193323, 'train/step_time': 13.723750441000448, 'train/mfu': 73.73, 'train/efficiency': 45.67, 'train/forward_time_percent': 14.6, 'train/backward_time_percent': 30.33, 'train/optimizer_time_percent': 0.75, 'train/overhead_time_percent': 54.33, 'epoch': 0.5631768953068592}
{'loss': 1.2106, 'learning_rate': 0.0001, 'grad_norm': 0.1409706175327301, 'train/tokens_per_sec': 1194.1017331190726, 'train/step_time': 13.720773989000008, 'train/mfu': 73.4, 'train/efficiency': 45.99, 'train/forward_time_percent': 14.67, 'train/backward_time_percent': 30.47, 'train/optimizer_time_percent': 0.85, 'train/overhead_time_percent': 54.01, 'epoch': 0.5631768953068592}
{'loss': 1.184, 'learning_rate': 0.0001, 'grad_norm': 0.19038252532482147, 'train/tokens_per_sec': 1192.7707504643786, 'train/step_time': 13.736084652999125, 'train/mfu': 73.67, 'train/efficiency': 45.75, 'train/forward_time_percent': 14.5, 'train/backward_time_percent': 30.43, 'train/optimizer_time_percent': 0.83, 'train/overhead_time_percent': 54.25, 'epoch': 0.5679903730445247}
{'loss': 1.184, 'learning_rate': 0.0001, 'grad_norm': 0.19038252532482147, 'train/tokens_per_sec': 1193.1494442612598, 'train/step_time': 13.731724956000107, 'train/mfu': 72.58, 'train/efficiency': 46.48, 'train/forward_time_percent': 15.0, 'train/backward_time_percent': 30.61, 'train/optimizer_time_percent': 0.88, 'train/overhead_time_percent': 53.52, 'epoch': 0.5679903730445247}
{'loss': 1.3484, 'learning_rate': 0.0001, 'grad_norm': 0.12288106232881546, 'train/tokens_per_sec': 1193.4323520584337, 'train/step_time': 13.728469797002617, 'train/mfu': 70.68, 'train/efficiency': 47.7, 'train/forward_time_percent': 15.08, 'train/backward_time_percent': 31.77, 'train/optimizer_time_percent': 0.85, 'train/overhead_time_percent': 52.3, 'epoch': 0.5728038507821901}
{'loss': 1.3484, 'learning_rate': 0.0001, 'grad_norm': 0.12288106232881546, 'train/tokens_per_sec': 1193.205710616199, 'train/step_time': 13.731077427997661, 'train/mfu': 73.8, 'train/efficiency': 45.73, 'train/forward_time_percent': 14.62, 'train/backward_time_percent': 30.24, 'train/optimizer_time_percent': 0.87, 'train/overhead_time_percent': 54.27, 'epoch': 0.5728038507821901}
{'loss': 1.4394, 'learning_rate': 0.0001, 'grad_norm': 0.12697641551494598, 'train/tokens_per_sec': 1193.6733561832611, 'train/step_time': 13.725698001995625, 'train/mfu': 72.54, 'train/efficiency': 46.51, 'train/forward_time_percent': 14.79, 'train/backward_time_percent': 30.87, 'train/optimizer_time_percent': 0.86, 'train/overhead_time_percent': 53.49, 'epoch': 0.5776173285198556}
  step   120  loss   1.4394  |     6594.0 ms
{'loss': 1.4394, 'learning_rate': 0.0001, 'grad_norm': 0.12697641551494598, 'train/tokens_per_sec': 1193.061946028909, 'train/step_time': 13.732732029995532, 'train/mfu': 74.69, 'train/efficiency': 45.18, 'train/forward_time_percent': 14.36, 'train/backward_time_percent': 29.96, 'train/optimizer_time_percent': 0.87, 'train/overhead_time_percent': 54.82, 'epoch': 0.5776173285198556}
{'loss': 1.259, 'learning_rate': 0.0001, 'grad_norm': 0.11465918272733688, 'train/tokens_per_sec': 1193.1227860520091, 'train/step_time': 13.7320317670019, 'train/mfu': 72.13, 'train/efficiency': 46.68, 'train/forward_time_percent': 15.0, 'train/backward_time_percent': 30.9, 'train/optimizer_time_percent': 0.78, 'train/overhead_time_percent': 53.32, 'epoch': 0.5824308062575211}
{'loss': 1.259, 'learning_rate': 0.0001, 'grad_norm': 0.11465918272733688, 'train/tokens_per_sec': 1192.7865401132094, 'train/step_time': 13.735902820000774, 'train/mfu': 75.26, 'train/efficiency': 44.72, 'train/forward_time_percent': 13.98, 'train/backward_time_percent': 29.99, 'train/optimizer_time_percent': 0.75, 'train/overhead_time_percent': 55.28, 'epoch': 0.5824308062575211}
{'loss': 1.1694, 'learning_rate': 0.0001, 'grad_norm': 0.12892493605613708, 'train/tokens_per_sec': 1193.5341618727716, 'train/step_time': 13.727298742996936, 'train/mfu': 74.13, 'train/efficiency': 45.51, 'train/forward_time_percent': 14.73, 'train/backward_time_percent': 29.94, 'train/optimizer_time_percent': 0.84, 'train/overhead_time_percent': 54.49, 'epoch': 0.5872442839951865}
{'loss': 1.1694, 'learning_rate': 0.0001, 'grad_norm': 0.12892493605613708, 'train/tokens_per_sec': 1193.1876036554459, 'train/step_time': 13.731285800997284, 'train/mfu': 75.39, 'train/efficiency': 44.74, 'train/forward_time_percent': 14.57, 'train/backward_time_percent': 29.33, 'train/optimizer_time_percent': 0.83, 'train/overhead_time_percent': 55.26, 'epoch': 0.5872442839951865}
{'loss': 1.2762, 'learning_rate': 0.0001, 'grad_norm': 0.1492508053779602, 'train/tokens_per_sec': 1194.1296387551774, 'train/step_time': 13.720453347996227, 'train/mfu': 74.74, 'train/efficiency': 45.14, 'train/forward_time_percent': 14.4, 'train/backward_time_percent': 29.93, 'train/optimizer_time_percent': 0.81, 'train/overhead_time_percent': 54.86, 'epoch': 0.592057761732852}
{'loss': 1.2762, 'learning_rate': 0.0001, 'grad_norm': 0.1492508053779602, 'train/tokens_per_sec': 1194.3812469600143, 'train/step_time': 13.71756299900153, 'train/mfu': 72.64, 'train/efficiency': 46.36, 'train/forward_time_percent': 14.87, 'train/backward_time_percent': 30.75, 'train/optimizer_time_percent': 0.74, 'train/overhead_time_percent': 53.64, 'epoch': 0.592057761732852}
{'loss': 1.4989, 'learning_rate': 0.0001, 'grad_norm': 0.13244324922561646, 'train/tokens_per_sec': 1193.5576994100254, 'train/step_time': 13.727028034001705, 'train/mfu': 76.03, 'train/efficiency': 44.4, 'train/forward_time_percent': 14.05, 'train/backward_time_percent': 29.51, 'train/optimizer_time_percent': 0.84, 'train/overhead_time_percent': 55.6, 'epoch': 0.5968712394705175}
{'loss': 1.4989, 'learning_rate': 0.0001, 'grad_norm': 0.13244324922561646, 'train/tokens_per_sec': 1193.7972198490768, 'train/step_time': 13.724273877996893, 'train/mfu': 71.69, 'train/efficiency': 47.03, 'train/forward_time_percent': 15.13, 'train/backward_time_percent': 31.07, 'train/optimizer_time_percent': 0.83, 'train/overhead_time_percent': 52.97, 'epoch': 0.5968712394705175}
{'loss': 1.3526, 'learning_rate': 0.0001, 'grad_norm': 0.1441904753446579, 'train/tokens_per_sec': 1194.280221111397, 'train/step_time': 13.718723387006321, 'train/mfu': 72.08, 'train/efficiency': 46.85, 'train/forward_time_percent': 15.1, 'train/backward_time_percent': 30.87, 'train/optimizer_time_percent': 0.87, 'train/overhead_time_percent': 53.15, 'epoch': 0.601684717208183}
{'loss': 1.3526, 'learning_rate': 0.0001, 'grad_norm': 0.1441904753446579, 'train/tokens_per_sec': 1194.0260322226095, 'train/step_time': 13.721643882003264, 'train/mfu': 73.95, 'train/efficiency': 45.52, 'train/forward_time_percent': 14.67, 'train/backward_time_percent': 30.12, 'train/optimizer_time_percent': 0.72, 'train/overhead_time_percent': 54.48, 'epoch': 0.601684717208183}
{'loss': 1.271, 'learning_rate': 0.0001, 'grad_norm': 0.1415572166442871, 'train/tokens_per_sec': 1193.4243988631506, 'train/step_time': 13.728561285999604, 'train/mfu': 71.73, 'train/efficiency': 46.89, 'train/forward_time_percent': 14.69, 'train/backward_time_percent': 31.47, 'train/optimizer_time_percent': 0.73, 'train/overhead_time_percent': 53.11, 'epoch': 0.6064981949458483}
{'loss': 1.271, 'learning_rate': 0.0001, 'grad_norm': 0.1415572166442871, 'train/tokens_per_sec': 1192.833029059975, 'train/step_time': 13.735367483001028, 'train/mfu': 77.83, 'train/efficiency': 43.38, 'train/forward_time_percent': 14.39, 'train/backward_time_percent': 28.13, 'train/optimizer_time_percent': 0.86, 'train/overhead_time_percent': 56.62, 'epoch': 0.6064981949458483}
{'loss': 1.4023, 'learning_rate': 0.0001, 'grad_norm': 0.1309780776500702, 'train/tokens_per_sec': 1192.4074057843534, 'train/step_time': 13.740270246998989, 'train/mfu': 73.8, 'train/efficiency': 45.62, 'train/forward_time_percent': 14.71, 'train/backward_time_percent': 30.11, 'train/optimizer_time_percent': 0.79, 'train/overhead_time_percent': 54.38, 'epoch': 0.6113116726835138}
{'loss': 1.4023, 'learning_rate': 0.0001, 'grad_norm': 0.1309780776500702, 'train/tokens_per_sec': 1192.5408207041414, 'train/step_time': 13.738733060999948, 'train/mfu': 73.54, 'train/efficiency': 45.83, 'train/forward_time_percent': 14.76, 'train/backward_time_percent': 30.23, 'train/optimizer_time_percent': 0.84, 'train/overhead_time_percent': 54.17, 'epoch': 0.6113116726835138}
{'loss': 1.1548, 'learning_rate': 0.0001, 'grad_norm': 0.12543192505836487, 'train/tokens_per_sec': 1193.1403398240664, 'train/step_time': 13.731829737997032, 'train/mfu': 72.16, 'train/efficiency': 46.72, 'train/forward_time_percent': 14.88, 'train/backward_time_percent': 30.99, 'train/optimizer_time_percent': 0.85, 'train/overhead_time_percent': 53.28, 'epoch': 0.6161251504211793}
{'loss': 1.1548, 'learning_rate': 0.0001, 'grad_norm': 0.12543192505836487, 'train/tokens_per_sec': 1193.1991775594759, 'train/step_time': 13.731152608997945, 'train/mfu': 71.9, 'train/efficiency': 46.86, 'train/forward_time_percent': 15.19, 'train/backward_time_percent': 30.85, 'train/optimizer_time_percent': 0.82, 'train/overhead_time_percent': 53.14, 'epoch': 0.6161251504211793}
{'loss': 1.1881, 'learning_rate': 0.0001, 'grad_norm': 0.1381697952747345, 'train/tokens_per_sec': 1193.6860941014318, 'train/step_time': 13.725551533992984, 'train/mfu': 75.87, 'train/efficiency': 44.5, 'train/forward_time_percent': 14.12, 'train/backward_time_percent': 29.53, 'train/optimizer_time_percent': 0.86, 'train/overhead_time_percent': 55.5, 'epoch': 0.6209386281588448}
{'loss': 1.1881, 'learning_rate': 0.0001, 'grad_norm': 0.1381697952747345, 'train/tokens_per_sec': 1194.0775153379757, 'train/step_time': 13.721052268003405, 'train/mfu': 72.19, 'train/efficiency': 46.67, 'train/forward_time_percent': 14.35, 'train/backward_time_percent': 31.54, 'train/optimizer_time_percent': 0.78, 'train/overhead_time_percent': 53.33, 'epoch': 0.6209386281588448}
  step   130  loss   1.3966  |     6675.3 ms{'loss': 1.3966, 'learning_rate': 0.0001, 'grad_norm': 0.13476040959358215, 'train/tokens_per_sec': 1194.340492775459, 'train/step_time': 13.71803108000313, 'train/mfu': 72.3, 'train/efficiency': 46.59, 'train/forward_time_percent': 14.56, 'train/backward_time_percent': 31.27, 'train/optimizer_time_percent': 0.76, 'train/overhead_time_percent': 53.41, 'epoch': 0.6257521058965102}

{'loss': 1.3966, 'learning_rate': 0.0001, 'grad_norm': 0.13476040959358215, 'train/tokens_per_sec': 1194.2416375978694, 'train/step_time': 13.719166611001128, 'train/mfu': 73.41, 'train/efficiency': 45.98, 'train/forward_time_percent': 14.4, 'train/backward_time_percent': 30.74, 'train/optimizer_time_percent': 0.84, 'train/overhead_time_percent': 54.02, 'epoch': 0.6257521058965102}
{'loss': 1.2461, 'learning_rate': 0.0001, 'grad_norm': 0.1311522126197815, 'train/tokens_per_sec': 1193.8231621073994, 'train/step_time': 13.7239756439958, 'train/mfu': 73.05, 'train/efficiency': 46.08, 'train/forward_time_percent': 14.7, 'train/backward_time_percent': 30.64, 'train/optimizer_time_percent': 0.74, 'train/overhead_time_percent': 53.92, 'epoch': 0.6305655836341757}
{'loss': 1.2461, 'learning_rate': 0.0001, 'grad_norm': 0.1311522126197815, 'train/tokens_per_sec': 1193.667314837474, 'train/step_time': 13.725767470001301, 'train/mfu': 73.09, 'train/efficiency': 46.11, 'train/forward_time_percent': 14.81, 'train/backward_time_percent': 30.51, 'train/optimizer_time_percent': 0.8, 'train/overhead_time_percent': 53.89, 'epoch': 0.6305655836341757}
{'loss': 1.2406, 'learning_rate': 0.0001, 'grad_norm': 0.1374831646680832, 'train/tokens_per_sec': 1193.8133020823805, 'train/step_time': 13.72408899400034, 'train/mfu': 73.87, 'train/efficiency': 45.57, 'train/forward_time_percent': 14.8, 'train/backward_time_percent': 30.03, 'train/optimizer_time_percent': 0.74, 'train/overhead_time_percent': 54.43, 'epoch': 0.6353790613718412}
{'loss': 1.2406, 'learning_rate': 0.0001, 'grad_norm': 0.1374831646680832, 'train/tokens_per_sec': 1194.0200380385563, 'train/step_time': 13.721712766993733, 'train/mfu': 72.27, 'train/efficiency': 46.58, 'train/forward_time_percent': 14.78, 'train/backward_time_percent': 31.06, 'train/optimizer_time_percent': 0.74, 'train/overhead_time_percent': 53.42, 'epoch': 0.6353790613718412}
{'loss': 1.4326, 'learning_rate': 0.0001, 'grad_norm': 0.14594097435474396, 'train/tokens_per_sec': 1193.564913302537, 'train/step_time': 13.72694506800326, 'train/mfu': 72.9, 'train/efficiency': 46.29, 'train/forward_time_percent': 14.91, 'train/backward_time_percent': 30.51, 'train/optimizer_time_percent': 0.87, 'train/overhead_time_percent': 53.71, 'epoch': 0.6401925391095066}
{'loss': 1.4326, 'learning_rate': 0.0001, 'grad_norm': 0.14594097435474396, 'train/tokens_per_sec': 1193.3141309059308, 'train/step_time': 13.72982987100113, 'train/mfu': 74.85, 'train/efficiency': 45.07, 'train/forward_time_percent': 13.88, 'train/backward_time_percent': 30.35, 'train/optimizer_time_percent': 0.83, 'train/overhead_time_percent': 54.93, 'epoch': 0.6401925391095066}
{'loss': 1.5263, 'learning_rate': 0.0001, 'grad_norm': 0.15710093080997467, 'train/tokens_per_sec': 1193.1733634700588, 'train/step_time': 13.731449679995421, 'train/mfu': 72.37, 'train/efficiency': 46.47, 'train/forward_time_percent': 14.85, 'train/backward_time_percent': 30.89, 'train/optimizer_time_percent': 0.73, 'train/overhead_time_percent': 53.53, 'epoch': 0.6450060168471721}
{'loss': 1.5263, 'learning_rate': 0.0001, 'grad_norm': 0.15710093080997467, 'train/tokens_per_sec': 1193.039183321081, 'train/step_time': 13.732994044999941, 'train/mfu': 74.32, 'train/efficiency': 45.26, 'train/forward_time_percent': 14.41, 'train/backward_time_percent': 30.13, 'train/optimizer_time_percent': 0.73, 'train/overhead_time_percent': 54.74, 'epoch': 0.6450060168471721}
{'loss': 1.296, 'learning_rate': 0.0001, 'grad_norm': 0.1425950825214386, 'train/tokens_per_sec': 1194.6391110335098, 'train/step_time': 13.714602049003588, 'train/mfu': 72.99, 'train/efficiency': 46.24, 'train/forward_time_percent': 14.74, 'train/backward_time_percent': 30.67, 'train/optimizer_time_percent': 0.83, 'train/overhead_time_percent': 53.76, 'epoch': 0.6498194945848376}
{'loss': 1.296, 'learning_rate': 0.0001, 'grad_norm': 0.1425950825214386, 'train/tokens_per_sec': 1194.2760927285585, 'train/step_time': 13.718770809995476, 'train/mfu': 73.93, 'train/efficiency': 45.66, 'train/forward_time_percent': 14.72, 'train/backward_time_percent': 30.1, 'train/optimizer_time_percent': 0.84, 'train/overhead_time_percent': 54.34, 'epoch': 0.6498194945848376}
{'loss': 1.4371, 'learning_rate': 0.0001, 'grad_norm': 0.1330152451992035, 'train/tokens_per_sec': 1194.0759244324727, 'train/step_time': 13.721070548999705, 'train/mfu': 73.9, 'train/efficiency': 45.64, 'train/forward_time_percent': 14.75, 'train/backward_time_percent': 30.08, 'train/optimizer_time_percent': 0.81, 'train/overhead_time_percent': 54.36, 'epoch': 0.6546329723225031}
{'loss': 1.4371, 'learning_rate': 0.0001, 'grad_norm': 0.1330152451992035, 'train/tokens_per_sec': 1194.5139545651664, 'train/step_time': 13.716039011000248, 'train/mfu': 71.8, 'train/efficiency': 47.01, 'train/forward_time_percent': 14.74, 'train/backward_time_percent': 31.42, 'train/optimizer_time_percent': 0.86, 'train/overhead_time_percent': 52.99, 'epoch': 0.6546329723225031}
{'loss': 1.4078, 'learning_rate': 0.0001, 'grad_norm': 0.13955999910831451, 'train/tokens_per_sec': 1172.7135145548248, 'train/step_time': 13.971016618001158, 'train/mfu': 70.36, 'train/efficiency': 46.98, 'train/forward_time_percent': 16.22, 'train/backward_time_percent': 30.02, 'train/optimizer_time_percent': 0.74, 'train/overhead_time_percent': 53.02, 'epoch': 0.6594464500601684}
{'loss': 1.4078, 'learning_rate': 0.0001, 'grad_norm': 0.13955999910831451, 'train/tokens_per_sec': 1172.4043717532998, 'train/step_time': 13.974700533995929, 'train/mfu': 71.43, 'train/efficiency': 46.38, 'train/forward_time_percent': 15.77, 'train/backward_time_percent': 29.77, 'train/optimizer_time_percent': 0.84, 'train/overhead_time_percent': 53.62, 'epoch': 0.6594464500601684}
{'loss': 1.4244, 'learning_rate': 0.0001, 'grad_norm': 0.14265663921833038, 'train/tokens_per_sec': 1194.4242442073257, 'train/step_time': 13.717069189995527, 'train/mfu': 74.68, 'train/efficiency': 45.25, 'train/forward_time_percent': 14.4, 'train/backward_time_percent': 29.98, 'train/optimizer_time_percent': 0.87, 'train/overhead_time_percent': 54.75, 'epoch': 0.6642599277978339}
{'loss': 1.4244, 'learning_rate': 0.0001, 'grad_norm': 0.14265663921833038, 'train/tokens_per_sec': 1194.2951909755736, 'train/step_time': 13.718551429999934, 'train/mfu': 75.48, 'train/efficiency': 44.72, 'train/forward_time_percent': 14.66, 'train/backward_time_percent': 29.23, 'train/optimizer_time_percent': 0.83, 'train/overhead_time_percent': 55.28, 'epoch': 0.6642599277978339}
{'loss': 1.195, 'learning_rate': 0.0001, 'grad_norm': 0.12429293245077133, 'train/tokens_per_sec': 1193.9178645636537, 'train/step_time': 13.722887048003031, 'train/mfu': 74.46, 'train/efficiency': 45.36, 'train/forward_time_percent': 14.82, 'train/backward_time_percent': 29.67, 'train/optimizer_time_percent': 0.87, 'train/overhead_time_percent': 54.64, 'epoch': 0.6690734055354994}
{'loss': 1.195, 'learning_rate': 0.0001, 'grad_norm': 0.12429293245077133, 'train/tokens_per_sec': 1193.847648902137, 'train/step_time': 13.723694153995893, 'train/mfu': 72.21, 'train/efficiency': 46.61, 'train/forward_time_percent': 14.68, 'train/backward_time_percent': 31.19, 'train/optimizer_time_percent': 0.74, 'train/overhead_time_percent': 53.39, 'epoch': 0.6690734055354994}
  step   140  loss   1.3339  |     6857.1 ms
{'loss': 1.3339, 'learning_rate': 0.0001, 'grad_norm': 0.13098788261413574, 'train/tokens_per_sec': 1193.8344303964436, 'train/step_time': 13.723846107001009, 'train/mfu': 71.85, 'train/efficiency': 46.98, 'train/forward_time_percent': 14.91, 'train/backward_time_percent': 31.19, 'train/optimizer_time_percent': 0.88, 'train/overhead_time_percent': 53.02, 'epoch': 0.6738868832731648}
{'loss': 1.3339, 'learning_rate': 0.0001, 'grad_norm': 0.13098788261413574, 'train/tokens_per_sec': 1193.2736372329578, 'train/step_time': 13.730295791996468, 'train/mfu': 75.03, 'train/efficiency': 44.97, 'train/forward_time_percent': 14.72, 'train/backward_time_percent': 29.41, 'train/optimizer_time_percent': 0.85, 'train/overhead_time_percent': 55.03, 'epoch': 0.6738868832731648}
{'loss': 1.3507, 'learning_rate': 0.0001, 'grad_norm': 0.157056987285614, 'train/tokens_per_sec': 1195.3385639703315, 'train/step_time': 13.70657694300462, 'train/mfu': 72.08, 'train/efficiency': 46.78, 'train/forward_time_percent': 14.8, 'train/backward_time_percent': 31.21, 'train/optimizer_time_percent': 0.77, 'train/overhead_time_percent': 53.22, 'epoch': 0.6787003610108303}
{'loss': 1.3507, 'learning_rate': 0.0001, 'grad_norm': 0.157056987285614, 'train/tokens_per_sec': 1194.7569500686059, 'train/step_time': 13.713249376000022, 'train/mfu': 76.15, 'train/efficiency': 44.33, 'train/forward_time_percent': 14.14, 'train/backward_time_percent': 29.39, 'train/optimizer_time_percent': 0.79, 'train/overhead_time_percent': 55.67, 'epoch': 0.6787003610108303}
{'loss': 1.4419, 'learning_rate': 0.0001, 'grad_norm': 0.134297713637352, 'train/tokens_per_sec': 1193.4242469096419, 'train/step_time': 13.728563033997489, 'train/mfu': 73.61, 'train/efficiency': 45.85, 'train/forward_time_percent': 14.27, 'train/backward_time_percent': 30.71, 'train/optimizer_time_percent': 0.87, 'train/overhead_time_percent': 54.15, 'epoch': 0.6835138387484958}
{'loss': 1.4419, 'learning_rate': 0.0001, 'grad_norm': 0.134297713637352, 'train/tokens_per_sec': 1193.194166217337, 'train/step_time': 13.731210278994695, 'train/mfu': 75.29, 'train/efficiency': 44.84, 'train/forward_time_percent': 14.75, 'train/backward_time_percent': 29.22, 'train/optimizer_time_percent': 0.87, 'train/overhead_time_percent': 55.16, 'epoch': 0.6835138387484958}
{'loss': 1.4582, 'learning_rate': 0.0001, 'grad_norm': 0.15672193467617035, 'train/tokens_per_sec': 1193.6777652170385, 'train/step_time': 13.72564730400336, 'train/mfu': 74.01, 'train/efficiency': 45.49, 'train/forward_time_percent': 14.64, 'train/backward_time_percent': 30.11, 'train/optimizer_time_percent': 0.74, 'train/overhead_time_percent': 54.51, 'epoch': 0.6883273164861613}
{'loss': 1.4582, 'learning_rate': 0.0001, 'grad_norm': 0.15672193467617035, 'train/tokens_per_sec': 1194.3062069152695, 'train/step_time': 13.718424893995689, 'train/mfu': 72.66, 'train/efficiency': 46.42, 'train/forward_time_percent': 15.14, 'train/backward_time_percent': 30.47, 'train/optimizer_time_percent': 0.82, 'train/overhead_time_percent': 53.58, 'epoch': 0.6883273164861613}
{'loss': 1.5079, 'learning_rate': 0.0001, 'grad_norm': 0.13854464888572693, 'train/tokens_per_sec': 1194.7532088767662, 'train/step_time': 13.713292316999286, 'train/mfu': 73.99, 'train/efficiency': 45.55, 'train/forward_time_percent': 14.27, 'train/backward_time_percent': 30.53, 'train/optimizer_time_percent': 0.75, 'train/overhead_time_percent': 54.45, 'epoch': 0.6931407942238267}
{'loss': 1.5079, 'learning_rate': 0.0001, 'grad_norm': 0.13854464888572693, 'train/tokens_per_sec': 1194.4699135327112, 'train/step_time': 13.71654473200033, 'train/mfu': 75.36, 'train/efficiency': 44.83, 'train/forward_time_percent': 14.47, 'train/backward_time_percent': 29.51, 'train/optimizer_time_percent': 0.85, 'train/overhead_time_percent': 55.17, 'epoch': 0.6931407942238267}
{'loss': 1.5163, 'learning_rate': 0.0001, 'grad_norm': 0.38622793555259705, 'train/tokens_per_sec': 1192.7449754006793, 'train/step_time': 13.736381488000916, 'train/mfu': 74.78, 'train/efficiency': 44.98, 'train/forward_time_percent': 14.1, 'train/backward_time_percent': 30.15, 'train/optimizer_time_percent': 0.73, 'train/overhead_time_percent': 55.02, 'epoch': 0.6979542719614922}
{'loss': 1.5163, 'learning_rate': 0.0001, 'grad_norm': 0.38622793555259705, 'train/tokens_per_sec': 1193.556305612049, 'train/step_time': 13.727044063998619, 'train/mfu': 72.56, 'train/efficiency': 46.52, 'train/forward_time_percent': 14.84, 'train/backward_time_percent': 30.8, 'train/optimizer_time_percent': 0.88, 'train/overhead_time_percent': 53.48, 'epoch': 0.6979542719614922}
{'loss': 1.3502, 'learning_rate': 0.0001, 'grad_norm': 0.13200660049915314, 'train/tokens_per_sec': 1192.3008577489, 'train/step_time': 13.741498123999918, 'train/mfu': 72.18, 'train/efficiency': 46.55, 'train/forward_time_percent': 14.66, 'train/backward_time_percent': 31.17, 'train/optimizer_time_percent': 0.72, 'train/overhead_time_percent': 53.45, 'epoch': 0.7027677496991577}
{'loss': 1.3502, 'learning_rate': 0.0001, 'grad_norm': 0.13200660049915314, 'train/tokens_per_sec': 1191.6342188083186, 'train/step_time': 13.749185565000516, 'train/mfu': 75.3, 'train/efficiency': 44.64, 'train/forward_time_percent': 14.49, 'train/backward_time_percent': 29.42, 'train/optimizer_time_percent': 0.73, 'train/overhead_time_percent': 55.36, 'epoch': 0.7027677496991577}
{'loss': 1.3621, 'learning_rate': 0.0001, 'grad_norm': 0.1570163071155548, 'train/tokens_per_sec': 1195.1238161666442, 'train/step_time': 13.70903983199969, 'train/mfu': 73.62, 'train/efficiency': 45.8, 'train/forward_time_percent': 14.49, 'train/backward_time_percent': 30.55, 'train/optimizer_time_percent': 0.76, 'train/overhead_time_percent': 54.2, 'epoch': 0.7075812274368231}
{'loss': 1.3621, 'learning_rate': 0.0001, 'grad_norm': 0.1570163071155548, 'train/tokens_per_sec': 1195.2270299848, 'train/step_time': 13.707855988002848, 'train/mfu': 73.93, 'train/efficiency': 45.69, 'train/forward_time_percent': 14.5, 'train/backward_time_percent': 30.36, 'train/optimizer_time_percent': 0.83, 'train/overhead_time_percent': 54.31, 'epoch': 0.7075812274368231}
{'loss': 1.2751, 'learning_rate': 0.0001, 'grad_norm': 0.13553854823112488, 'train/tokens_per_sec': 1194.0185662366202, 'train/step_time': 13.721729681004945, 'train/mfu': 71.38, 'train/efficiency': 47.28, 'train/forward_time_percent': 14.66, 'train/backward_time_percent': 31.75, 'train/optimizer_time_percent': 0.87, 'train/overhead_time_percent': 52.72, 'epoch': 0.7123947051744886}
{'loss': 1.2751, 'learning_rate': 0.0001, 'grad_norm': 0.13553854823112488, 'train/tokens_per_sec': 1193.7000622217713, 'train/step_time': 13.725390924002568, 'train/mfu': 74.52, 'train/efficiency': 45.22, 'train/forward_time_percent': 14.23, 'train/backward_time_percent': 30.21, 'train/optimizer_time_percent': 0.79, 'train/overhead_time_percent': 54.78, 'epoch': 0.7123947051744886}
{'loss': 1.185, 'learning_rate': 0.0001, 'grad_norm': 0.14743751287460327, 'train/tokens_per_sec': 1193.4519759699854, 'train/step_time': 13.728244059995632, 'train/mfu': 75.89, 'train/efficiency': 44.48, 'train/forward_time_percent': 14.18, 'train/backward_time_percent': 29.44, 'train/optimizer_time_percent': 0.85, 'train/overhead_time_percent': 55.52, 'epoch': 0.717208182912154}
{'loss': 1.185, 'learning_rate': 0.0001, 'grad_norm': 0.14743751287460327, 'train/tokens_per_sec': 1194.0385461098892, 'train/step_time': 13.721500075000222, 'train/mfu': 73.66, 'train/efficiency': 45.7, 'train/forward_time_percent': 14.7, 'train/backward_time_percent': 30.27, 'train/optimizer_time_percent': 0.74, 'train/overhead_time_percent': 54.3, 'epoch': 0.717208182912154}
  step   150  loss   1.2722  |     6740.1 ms
{'loss': 1.2722, 'learning_rate': 0.0001, 'grad_norm': 0.1447068303823471, 'train/tokens_per_sec': 1193.4751446063212, 'train/step_time': 13.727977557005943, 'train/mfu': 73.03, 'train/efficiency': 46.21, 'train/forward_time_percent': 14.71, 'train/backward_time_percent': 30.63, 'train/optimizer_time_percent': 0.88, 'train/overhead_time_percent': 53.79, 'epoch': 0.7220216606498195}
{'loss': 1.2722, 'learning_rate': 0.0001, 'grad_norm': 0.1447068303823471, 'train/tokens_per_sec': 1193.4183664701943, 'train/step_time': 13.728630680001515, 'train/mfu': 73.51, 'train/efficiency': 45.85, 'train/forward_time_percent': 15.07, 'train/backward_time_percent': 29.97, 'train/optimizer_time_percent': 0.81, 'train/overhead_time_percent': 54.15, 'epoch': 0.7220216606498195}
{'loss': 1.2876, 'learning_rate': 0.0001, 'grad_norm': 0.13760347664356232, 'train/tokens_per_sec': 1193.2993583205573, 'train/step_time': 13.729999840994424, 'train/mfu': 72.07, 'train/efficiency': 46.81, 'train/forward_time_percent': 14.64, 'train/backward_time_percent': 31.29, 'train/optimizer_time_percent': 0.88, 'train/overhead_time_percent': 53.19, 'epoch': 0.7268351383874849}
{'loss': 1.2876, 'learning_rate': 0.0001, 'grad_norm': 0.13760347664356232, 'train/tokens_per_sec': 1192.950338842233, 'train/step_time': 13.73401680400275, 'train/mfu': 72.95, 'train/efficiency': 46.1, 'train/forward_time_percent': 15.01, 'train/backward_time_percent': 30.36, 'train/optimizer_time_percent': 0.73, 'train/overhead_time_percent': 53.9, 'epoch': 0.7268351383874849}
{'loss': 1.357, 'learning_rate': 0.0001, 'grad_norm': 0.1484760046005249, 'train/tokens_per_sec': 1193.3890944888487, 'train/step_time': 13.72896742199373, 'train/mfu': 72.21, 'train/efficiency': 46.72, 'train/forward_time_percent': 14.74, 'train/backward_time_percent': 31.11, 'train/optimizer_time_percent': 0.87, 'train/overhead_time_percent': 53.28, 'epoch': 0.7316486161251504}
{'loss': 1.357, 'learning_rate': 0.0001, 'grad_norm': 0.1484760046005249, 'train/tokens_per_sec': 1193.0568146462786, 'train/step_time': 13.732791094997083, 'train/mfu': 73.92, 'train/efficiency': 45.63, 'train/forward_time_percent': 14.77, 'train/backward_time_percent': 30.01, 'train/optimizer_time_percent': 0.85, 'train/overhead_time_percent': 54.37, 'epoch': 0.7316486161251504}
{'loss': 1.2535, 'learning_rate': 0.0001, 'grad_norm': 0.15306209027767181, 'train/tokens_per_sec': 1194.778229594404, 'train/step_time': 13.713005136996799, 'train/mfu': 72.8, 'train/efficiency': 46.41, 'train/forward_time_percent': 14.39, 'train/backward_time_percent': 31.14, 'train/optimizer_time_percent': 0.88, 'train/overhead_time_percent': 53.59, 'epoch': 0.7364620938628159}
{'loss': 1.2535, 'learning_rate': 0.0001, 'grad_norm': 0.15306209027767181, 'train/tokens_per_sec': 1194.5726083836912, 'train/step_time': 13.71536555000057, 'train/mfu': 74.51, 'train/efficiency': 45.33, 'train/forward_time_percent': 14.62, 'train/backward_time_percent': 29.86, 'train/optimizer_time_percent': 0.85, 'train/overhead_time_percent': 54.67, 'epoch': 0.7364620938628159}
{'loss': 1.2583, 'learning_rate': 0.0001, 'grad_norm': 0.1412874460220337, 'train/tokens_per_sec': 1194.447765836156, 'train/step_time': 13.716799066998647, 'train/mfu': 71.47, 'train/efficiency': 47.21, 'train/forward_time_percent': 14.9, 'train/backward_time_percent': 31.47, 'train/optimizer_time_percent': 0.84, 'train/overhead_time_percent': 52.79, 'epoch': 0.7412755716004813}
{'loss': 1.2583, 'learning_rate': 0.0001, 'grad_norm': 0.1412874460220337, 'train/tokens_per_sec': 1194.1800433243827, 'train/step_time': 13.719874228001572, 'train/mfu': 77.21, 'train/efficiency': 43.76, 'train/forward_time_percent': 14.33, 'train/backward_time_percent': 28.58, 'train/optimizer_time_percent': 0.85, 'train/overhead_time_percent': 56.24, 'epoch': 0.7412755716004813}
{'loss': 1.1308, 'learning_rate': 0.0001, 'grad_norm': 0.5964705944061279, 'train/tokens_per_sec': 1193.5148883349755, 'train/step_time': 13.727520419000939, 'train/mfu': 75.78, 'train/efficiency': 44.55, 'train/forward_time_percent': 14.09, 'train/backward_time_percent': 29.6, 'train/optimizer_time_percent': 0.85, 'train/overhead_time_percent': 55.45, 'epoch': 0.7460890493381468}
{'loss': 1.1308, 'learning_rate': 0.0001, 'grad_norm': 0.5964705944061279, 'train/tokens_per_sec': 1193.6412146467724, 'train/step_time': 13.726067597999645, 'train/mfu': 73.84, 'train/efficiency': 45.64, 'train/forward_time_percent': 14.62, 'train/backward_time_percent': 30.22, 'train/optimizer_time_percent': 0.79, 'train/overhead_time_percent': 54.36, 'epoch': 0.7460890493381468}
{'loss': 1.4229, 'learning_rate': 0.0001, 'grad_norm': 0.13913513720035553, 'train/tokens_per_sec': 1193.8040829544955, 'train/step_time': 13.724194978000014, 'train/mfu': 71.08, 'train/efficiency': 47.32, 'train/forward_time_percent': 14.51, 'train/backward_time_percent': 32.09, 'train/optimizer_time_percent': 0.73, 'train/overhead_time_percent': 52.68, 'epoch': 0.7509025270758123}
{'loss': 1.4229, 'learning_rate': 0.0001, 'grad_norm': 0.13913513720035553, 'train/tokens_per_sec': 1193.3040452320981, 'train/step_time': 13.72994591400493, 'train/mfu': 75.91, 'train/efficiency': 44.47, 'train/forward_time_percent': 14.49, 'train/backward_time_percent': 29.13, 'train/optimizer_time_percent': 0.86, 'train/overhead_time_percent': 55.53, 'epoch': 0.7509025270758123}
{'loss': 1.3952, 'learning_rate': 0.0001, 'grad_norm': 0.13345614075660706, 'train/tokens_per_sec': 1194.9877253377604, 'train/step_time': 13.710601082006178, 'train/mfu': 74.36, 'train/efficiency': 45.31, 'train/forward_time_percent': 14.61, 'train/backward_time_percent': 29.98, 'train/optimizer_time_percent': 0.73, 'train/overhead_time_percent': 54.69, 'epoch': 0.7557160048134778}
{'loss': 1.3952, 'learning_rate': 0.0001, 'grad_norm': 0.13345614075660706, 'train/tokens_per_sec': 1193.9682852774627, 'train/step_time': 13.722307536998414, 'train/mfu': 76.92, 'train/efficiency': 43.94, 'train/forward_time_percent': 14.28, 'train/backward_time_percent': 28.79, 'train/optimizer_time_percent': 0.87, 'train/overhead_time_percent': 56.06, 'epoch': 0.7557160048134778}
{'loss': 1.1848, 'learning_rate': 0.0001, 'grad_norm': 0.13799309730529785, 'train/tokens_per_sec': 1194.0474811685765, 'train/step_time': 13.721397396999237, 'train/mfu': 75.09, 'train/efficiency': 44.94, 'train/forward_time_percent': 14.78, 'train/backward_time_percent': 29.34, 'train/optimizer_time_percent': 0.82, 'train/overhead_time_percent': 55.06, 'epoch': 0.7605294825511432}
{'loss': 1.1848, 'learning_rate': 0.0001, 'grad_norm': 0.13799309730529785, 'train/tokens_per_sec': 1194.1679946510133, 'train/step_time': 13.72001265599829, 'train/mfu': 74.26, 'train/efficiency': 45.35, 'train/forward_time_percent': 14.55, 'train/backward_time_percent': 30.06, 'train/optimizer_time_percent': 0.73, 'train/overhead_time_percent': 54.65, 'epoch': 0.7605294825511432}
{'loss': 1.3011, 'learning_rate': 0.0001, 'grad_norm': 0.13750015199184418, 'train/tokens_per_sec': 1194.2329275243746, 'train/step_time': 13.719266671003425, 'train/mfu': 73.09, 'train/efficiency': 46.11, 'train/forward_time_percent': 14.86, 'train/backward_time_percent': 30.48, 'train/optimizer_time_percent': 0.77, 'train/overhead_time_percent': 53.89, 'epoch': 0.7653429602888087}
{'loss': 1.3011, 'learning_rate': 0.0001, 'grad_norm': 0.13750015199184418, 'train/tokens_per_sec': 1194.0027393413943, 'train/step_time': 13.72191156700137, 'train/mfu': 74.15, 'train/efficiency': 45.54, 'train/forward_time_percent': 14.55, 'train/backward_time_percent': 30.12, 'train/optimizer_time_percent': 0.86, 'train/overhead_time_percent': 54.46, 'epoch': 0.7653429602888087}
  step   160  loss   1.3326  |     6727.6 ms
{'loss': 1.3326, 'learning_rate': 0.0001, 'grad_norm': 0.1570337861776352, 'train/tokens_per_sec': 1193.489445899042, 'train/step_time': 13.72781305800163, 'train/mfu': 75.05, 'train/efficiency': 44.97, 'train/forward_time_percent': 14.35, 'train/backward_time_percent': 29.77, 'train/optimizer_time_percent': 0.84, 'train/overhead_time_percent': 55.03, 'epoch': 0.7701564380264742}
{'loss': 1.3326, 'learning_rate': 0.0001, 'grad_norm': 0.1570337861776352, 'train/tokens_per_sec': 1193.8030549620767, 'train/step_time': 13.724206796003273, 'train/mfu': 73.23, 'train/efficiency': 46.1, 'train/forward_time_percent': 15.21, 'train/backward_time_percent': 30.02, 'train/optimizer_time_percent': 0.87, 'train/overhead_time_percent': 53.9, 'epoch': 0.7701564380264742}
{'loss': 1.4407, 'learning_rate': 0.0001, 'grad_norm': 0.14032325148582458, 'train/tokens_per_sec': 1193.7659545733645, 'train/step_time': 13.72463332299958, 'train/mfu': 72.67, 'train/efficiency': 46.32, 'train/forward_time_percent': 14.99, 'train/backward_time_percent': 30.59, 'train/optimizer_time_percent': 0.74, 'train/overhead_time_percent': 53.68, 'epoch': 0.7749699157641395}
{'loss': 1.4407, 'learning_rate': 0.0001, 'grad_norm': 0.14032325148582458, 'train/tokens_per_sec': 1193.1978955658888, 'train/step_time': 13.731167361998814, 'train/mfu': 76.54, 'train/efficiency': 44.1, 'train/forward_time_percent': 14.2, 'train/backward_time_percent': 29.04, 'train/optimizer_time_percent': 0.85, 'train/overhead_time_percent': 55.9, 'epoch': 0.7749699157641395}
{'loss': 1.2371, 'learning_rate': 0.0001, 'grad_norm': 0.1475917249917984, 'train/tokens_per_sec': 1193.843842330769, 'train/step_time': 13.723737911997887, 'train/mfu': 74.24, 'train/efficiency': 45.46, 'train/forward_time_percent': 14.7, 'train/backward_time_percent': 29.92, 'train/optimizer_time_percent': 0.85, 'train/overhead_time_percent': 54.54, 'epoch': 0.779783393501805}
{'loss': 1.2371, 'learning_rate': 0.0001, 'grad_norm': 0.1475917249917984, 'train/tokens_per_sec': 1194.304595898833, 'train/step_time': 13.718443398996897, 'train/mfu': 72.71, 'train/efficiency': 46.44, 'train/forward_time_percent': 14.45, 'train/backward_time_percent': 31.12, 'train/optimizer_time_percent': 0.87, 'train/overhead_time_percent': 53.56, 'epoch': 0.779783393501805}
{'loss': 1.4005, 'learning_rate': 0.0001, 'grad_norm': 0.1672208458185196, 'train/tokens_per_sec': 1193.1856732735614, 'train/step_time': 13.731308016002004, 'train/mfu': 72.19, 'train/efficiency': 46.6, 'train/forward_time_percent': 14.72, 'train/backward_time_percent': 31.13, 'train/optimizer_time_percent': 0.74, 'train/overhead_time_percent': 53.4, 'epoch': 0.7845968712394705}
{'loss': 1.4005, 'learning_rate': 0.0001, 'grad_norm': 0.1672208458185196, 'train/tokens_per_sec': 1192.8698978712598, 'train/step_time': 13.734942955001316, 'train/mfu': 75.66, 'train/efficiency': 44.5, 'train/forward_time_percent': 14.19, 'train/backward_time_percent': 29.55, 'train/optimizer_time_percent': 0.76, 'train/overhead_time_percent': 55.5, 'epoch': 0.7845968712394705}
{'loss': 1.2981, 'learning_rate': 0.0001, 'grad_norm': 0.13289611041545868, 'train/tokens_per_sec': 1192.6938650782322, 'train/step_time': 13.73697013099445, 'train/mfu': 73.06, 'train/efficiency': 46.15, 'train/forward_time_percent': 14.23, 'train/backward_time_percent': 31.07, 'train/optimizer_time_percent': 0.86, 'train/overhead_time_percent': 53.85, 'epoch': 0.789410348977136}
{'loss': 1.2981, 'learning_rate': 0.0001, 'grad_norm': 0.13289611041545868, 'train/tokens_per_sec': 1192.5122668632675, 'train/step_time': 13.739062024993473, 'train/mfu': 74.5, 'train/efficiency': 45.22, 'train/forward_time_percent': 14.29, 'train/backward_time_percent': 30.12, 'train/optimizer_time_percent': 0.81, 'train/overhead_time_percent': 54.78, 'epoch': 0.789410348977136}
{'loss': 1.3247, 'learning_rate': 0.0001, 'grad_norm': 0.12998375296592712, 'train/tokens_per_sec': 1192.8807417972541, 'train/step_time': 13.734818097000243, 'train/mfu': 73.02, 'train/efficiency': 46.2, 'train/forward_time_percent': 15.05, 'train/backward_time_percent': 30.28, 'train/optimizer_time_percent': 0.87, 'train/overhead_time_percent': 53.8, 'epoch': 0.7942238267148014}
{'loss': 1.3247, 'learning_rate': 0.0001, 'grad_norm': 0.12998375296592712, 'train/tokens_per_sec': 1192.4818060727964, 'train/step_time': 13.739412975999585, 'train/mfu': 74.39, 'train/efficiency': 45.29, 'train/forward_time_percent': 14.47, 'train/backward_time_percent': 30.01, 'train/optimizer_time_percent': 0.82, 'train/overhead_time_percent': 54.71, 'epoch': 0.7942238267148014}
{'loss': 1.4871, 'learning_rate': 0.0001, 'grad_norm': 0.1346224993467331, 'train/tokens_per_sec': 1194.7838854947242, 'train/step_time': 13.712940222001635, 'train/mfu': 71.38, 'train/efficiency': 47.21, 'train/forward_time_percent': 15.01, 'train/backward_time_percent': 31.44, 'train/optimizer_time_percent': 0.76, 'train/overhead_time_percent': 52.79, 'epoch': 0.7990373044524669}
{'loss': 1.4871, 'learning_rate': 0.0001, 'grad_norm': 0.1346224993467331, 'train/tokens_per_sec': 1194.4429387077562, 'train/step_time': 13.716854500999034, 'train/mfu': 73.47, 'train/efficiency': 45.86, 'train/forward_time_percent': 14.72, 'train/backward_time_percent': 30.39, 'train/optimizer_time_percent': 0.75, 'train/overhead_time_percent': 54.14, 'epoch': 0.7990373044524669}
{'loss': 1.3956, 'learning_rate': 0.0001, 'grad_norm': 0.13951779901981354, 'train/tokens_per_sec': 1194.0645009460684, 'train/step_time': 13.72120181700302, 'train/mfu': 73.65, 'train/efficiency': 45.84, 'train/forward_time_percent': 14.76, 'train/backward_time_percent': 30.22, 'train/optimizer_time_percent': 0.86, 'train/overhead_time_percent': 54.16, 'epoch': 0.8038507821901324}
{'loss': 1.3956, 'learning_rate': 0.0001, 'grad_norm': 0.13951779901981354, 'train/tokens_per_sec': 1193.9033159274034, 'train/step_time': 13.723054272006266, 'train/mfu': 74.18, 'train/efficiency': 45.47, 'train/forward_time_percent': 14.3, 'train/backward_time_percent': 30.36, 'train/optimizer_time_percent': 0.82, 'train/overhead_time_percent': 54.53, 'epoch': 0.8038507821901324}
{'loss': 1.2757, 'learning_rate': 0.0001, 'grad_norm': 0.14830943942070007, 'train/tokens_per_sec': 1194.166198877053, 'train/step_time': 13.720033288002014, 'train/mfu': 70.44, 'train/efficiency': 47.77, 'train/forward_time_percent': 15.14, 'train/backward_time_percent': 31.89, 'train/optimizer_time_percent': 0.74, 'train/overhead_time_percent': 52.23, 'epoch': 0.8086642599277978}
{'loss': 1.2757, 'learning_rate': 0.0001, 'grad_norm': 0.14830943942070007, 'train/tokens_per_sec': 1193.6531128558615, 'train/step_time': 13.725930777996837, 'train/mfu': 74.64, 'train/efficiency': 45.2, 'train/forward_time_percent': 14.78, 'train/backward_time_percent': 29.58, 'train/optimizer_time_percent': 0.83, 'train/overhead_time_percent': 54.8, 'epoch': 0.8086642599277978}
{'loss': 1.443, 'learning_rate': 0.0001, 'grad_norm': 0.14187534153461456, 'train/tokens_per_sec': 1193.9333736445762, 'train/step_time': 13.722708789005992, 'train/mfu': 73.9, 'train/efficiency': 45.68, 'train/forward_time_percent': 14.26, 'train/backward_time_percent': 30.56, 'train/optimizer_time_percent': 0.86, 'train/overhead_time_percent': 54.32, 'epoch': 0.8134777376654633}
{'loss': 1.443, 'learning_rate': 0.0001, 'grad_norm': 0.14187534153461456, 'train/tokens_per_sec': 1194.076917649566, 'train/step_time': 13.721059135998075, 'train/mfu': 73.16, 'train/efficiency': 46.17, 'train/forward_time_percent': 14.77, 'train/backward_time_percent': 30.51, 'train/optimizer_time_percent': 0.88, 'train/overhead_time_percent': 53.83, 'epoch': 0.8134777376654633}
  step   170  loss   1.5977  |     6748.1 ms
{'loss': 1.5977, 'learning_rate': 0.0001, 'grad_norm': 0.1583317220211029, 'train/tokens_per_sec': 1192.7239005654587, 'train/step_time': 13.736624202996609, 'train/mfu': 72.78, 'train/efficiency': 46.25, 'train/forward_time_percent': 14.82, 'train/backward_time_percent': 30.64, 'train/optimizer_time_percent': 0.79, 'train/overhead_time_percent': 53.75, 'epoch': 0.8182912154031288}
{'loss': 1.5977, 'learning_rate': 0.0001, 'grad_norm': 0.1583317220211029, 'train/tokens_per_sec': 1192.817789016741, 'train/step_time': 13.73554297300143, 'train/mfu': 73.3, 'train/efficiency': 46.04, 'train/forward_time_percent': 14.76, 'train/backward_time_percent': 30.39, 'train/optimizer_time_percent': 0.89, 'train/overhead_time_percent': 53.96, 'epoch': 0.8182912154031288}
{'loss': 1.454, 'learning_rate': 0.0001, 'grad_norm': 0.14042921364307404, 'train/tokens_per_sec': 1193.034993406541, 'train/step_time': 13.73304227499466, 'train/mfu': 73.93, 'train/efficiency': 45.63, 'train/forward_time_percent': 14.77, 'train/backward_time_percent': 30.0, 'train/optimizer_time_percent': 0.86, 'train/overhead_time_percent': 54.37, 'epoch': 0.8231046931407943}
{'loss': 1.454, 'learning_rate': 0.0001, 'grad_norm': 0.14042921364307404, 'train/tokens_per_sec': 1193.0870428733206, 'train/step_time': 13.732443159002287, 'train/mfu': 72.4, 'train/efficiency': 46.46, 'train/forward_time_percent': 14.83, 'train/backward_time_percent': 30.89, 'train/optimizer_time_percent': 0.74, 'train/overhead_time_percent': 53.54, 'epoch': 0.8231046931407943}
{'loss': 1.2717, 'learning_rate': 0.0001, 'grad_norm': 0.14321163296699524, 'train/tokens_per_sec': 1194.5445489623332, 'train/step_time': 13.715687718999106, 'train/mfu': 72.41, 'train/efficiency': 46.64, 'train/forward_time_percent': 14.69, 'train/backward_time_percent': 31.08, 'train/optimizer_time_percent': 0.87, 'train/overhead_time_percent': 53.36, 'epoch': 0.8279181708784596}
{'loss': 1.2717, 'learning_rate': 0.0001, 'grad_norm': 0.14321163296699524, 'train/tokens_per_sec': 1194.4094391603142, 'train/step_time': 13.71723921699595, 'train/mfu': 72.74, 'train/efficiency': 46.37, 'train/forward_time_percent': 14.76, 'train/backward_time_percent': 30.8, 'train/optimizer_time_percent': 0.81, 'train/overhead_time_percent': 53.63, 'epoch': 0.8279181708784596}
{'loss': 1.4033, 'learning_rate': 0.0001, 'grad_norm': 0.14203709363937378, 'train/tokens_per_sec': 1194.0349550857536, 'train/step_time': 13.72154134199809, 'train/mfu': 77.34, 'train/efficiency': 43.65, 'train/forward_time_percent': 14.31, 'train/backward_time_percent': 28.51, 'train/optimizer_time_percent': 0.82, 'train/overhead_time_percent': 56.35, 'epoch': 0.8327316486161251}
{'loss': 1.4033, 'learning_rate': 0.0001, 'grad_norm': 0.14203709363937378, 'train/tokens_per_sec': 1194.2861580150588, 'train/step_time': 13.7186551900013, 'train/mfu': 71.56, 'train/efficiency': 47.13, 'train/forward_time_percent': 14.9, 'train/backward_time_percent': 31.39, 'train/optimizer_time_percent': 0.84, 'train/overhead_time_percent': 52.87, 'epoch': 0.8327316486161251}
{'loss': 1.2363, 'learning_rate': 0.0001, 'grad_norm': 0.12942512333393097, 'train/tokens_per_sec': 1192.676815501401, 'train/step_time': 13.737166503997287, 'train/mfu': 72.02, 'train/efficiency': 46.69, 'train/forward_time_percent': 14.32, 'train/backward_time_percent': 31.63, 'train/optimizer_time_percent': 0.74, 'train/overhead_time_percent': 53.31, 'epoch': 0.8375451263537906}
{'loss': 1.2363, 'learning_rate': 0.0001, 'grad_norm': 0.12942512333393097, 'train/tokens_per_sec': 1192.67817807438, 'train/step_time': 13.73715080999682, 'train/mfu': 75.07, 'train/efficiency': 44.94, 'train/forward_time_percent': 14.42, 'train/backward_time_percent': 29.66, 'train/optimizer_time_percent': 0.86, 'train/overhead_time_percent': 55.06, 'epoch': 0.8375451263537906}
{'loss': 1.4074, 'learning_rate': 0.0001, 'grad_norm': 0.15247219800949097, 'train/tokens_per_sec': 1192.2180061561958, 'train/step_time': 13.742453070997726, 'train/mfu': 74.68, 'train/efficiency': 45.21, 'train/forward_time_percent': 14.33, 'train/backward_time_percent': 29.97, 'train/optimizer_time_percent': 0.92, 'train/overhead_time_percent': 54.79, 'epoch': 0.8423586040914561}
{'loss': 1.4074, 'learning_rate': 0.0001, 'grad_norm': 0.15247219800949097, 'train/tokens_per_sec': 1192.2945808375869, 'train/step_time': 13.741570466998382, 'train/mfu': 70.35, 'train/efficiency': 47.77, 'train/forward_time_percent': 14.84, 'train/backward_time_percent': 32.18, 'train/optimizer_time_percent': 0.74, 'train/overhead_time_percent': 52.23, 'epoch': 0.8423586040914561}
{'loss': 1.3301, 'learning_rate': 0.0001, 'grad_norm': 0.13857819139957428, 'train/tokens_per_sec': 1192.3582727383703, 'train/step_time': 13.740836436998507, 'train/mfu': 70.41, 'train/efficiency': 47.86, 'train/forward_time_percent': 15.08, 'train/backward_time_percent': 31.9, 'train/optimizer_time_percent': 0.87, 'train/overhead_time_percent': 52.14, 'epoch': 0.8471720818291215}
{'loss': 1.3301, 'learning_rate': 0.0001, 'grad_norm': 0.13857819139957428, 'train/tokens_per_sec': 1192.289533013867, 'train/step_time': 13.741628645002493, 'train/mfu': 73.43, 'train/efficiency': 45.79, 'train/forward_time_percent': 14.5, 'train/backward_time_percent': 30.55, 'train/optimizer_time_percent': 0.74, 'train/overhead_time_percent': 54.21, 'epoch': 0.8471720818291215}
{'loss': 1.4487, 'learning_rate': 0.0001, 'grad_norm': 0.14203208684921265, 'train/tokens_per_sec': 1193.279164438239, 'train/step_time': 13.730232194000564, 'train/mfu': 72.07, 'train/efficiency': 46.68, 'train/forward_time_percent': 14.7, 'train/backward_time_percent': 31.24, 'train/optimizer_time_percent': 0.74, 'train/overhead_time_percent': 53.32, 'epoch': 0.851985559566787}
{'loss': 1.4487, 'learning_rate': 0.0001, 'grad_norm': 0.14203208684921265, 'train/tokens_per_sec': 1192.8626681466155, 'train/step_time': 13.735026200003631, 'train/mfu': 73.76, 'train/efficiency': 45.74, 'train/forward_time_percent': 14.34, 'train/backward_time_percent': 30.53, 'train/optimizer_time_percent': 0.87, 'train/overhead_time_percent': 54.26, 'epoch': 0.851985559566787}
{'loss': 1.5159, 'learning_rate': 0.0001, 'grad_norm': 0.1407359093427658, 'train/tokens_per_sec': 1193.8279227261262, 'train/step_time': 13.723920917000214, 'train/mfu': 72.13, 'train/efficiency': 46.73, 'train/forward_time_percent': 14.9, 'train/backward_time_percent': 31.02, 'train/optimizer_time_percent': 0.82, 'train/overhead_time_percent': 53.27, 'epoch': 0.8567990373044525}
{'loss': 1.5159, 'learning_rate': 0.0001, 'grad_norm': 0.1407359093427658, 'train/tokens_per_sec': 1193.6077764890347, 'train/step_time': 13.726452124996285, 'train/mfu': 72.65, 'train/efficiency': 46.49, 'train/forward_time_percent': 14.51, 'train/backward_time_percent': 31.07, 'train/optimizer_time_percent': 0.9, 'train/overhead_time_percent': 53.51, 'epoch': 0.8567990373044525}
{'loss': 1.4237, 'learning_rate': 0.0001, 'grad_norm': 0.15989087522029877, 'train/tokens_per_sec': 1193.3597972573737, 'train/step_time': 13.729304471002251, 'train/mfu': 75.72, 'train/efficiency': 44.55, 'train/forward_time_percent': 14.26, 'train/backward_time_percent': 29.47, 'train/optimizer_time_percent': 0.83, 'train/overhead_time_percent': 55.45, 'epoch': 0.8616125150421179}
{'loss': 1.4237, 'learning_rate': 0.0001, 'grad_norm': 0.15989087522029877, 'train/tokens_per_sec': 1193.9287137177448, 'train/step_time': 13.72276234900346, 'train/mfu': 72.6, 'train/efficiency': 46.47, 'train/forward_time_percent': 14.18, 'train/backward_time_percent': 31.45, 'train/optimizer_time_percent': 0.84, 'train/overhead_time_percent': 53.53, 'epoch': 0.8616125150421179}
  step   180  loss   1.3060  |     6641.2 ms
{'loss': 1.306, 'learning_rate': 0.0001, 'grad_norm': 0.14447373151779175, 'train/tokens_per_sec': 1193.887501048573, 'train/step_time': 13.72323605499696, 'train/mfu': 73.85, 'train/efficiency': 45.68, 'train/forward_time_percent': 14.6, 'train/backward_time_percent': 30.25, 'train/optimizer_time_percent': 0.83, 'train/overhead_time_percent': 54.32, 'epoch': 0.8664259927797834}
{'loss': 1.306, 'learning_rate': 0.0001, 'grad_norm': 0.14447373151779175, 'train/tokens_per_sec': 1194.1215101195273, 'train/step_time': 13.720546746000764, 'train/mfu': 72.5, 'train/efficiency': 46.41, 'train/forward_time_percent': 14.22, 'train/backward_time_percent': 31.48, 'train/optimizer_time_percent': 0.71, 'train/overhead_time_percent': 53.59, 'epoch': 0.8664259927797834}
{'loss': 1.1762, 'learning_rate': 0.0001, 'grad_norm': 0.13346298038959503, 'train/tokens_per_sec': 1193.95128529537, 'train/step_time': 13.72250292100216, 'train/mfu': 71.57, 'train/efficiency': 47.14, 'train/forward_time_percent': 14.21, 'train/backward_time_percent': 32.08, 'train/optimizer_time_percent': 0.86, 'train/overhead_time_percent': 52.86, 'epoch': 0.8712394705174489}
{'loss': 1.1762, 'learning_rate': 0.0001, 'grad_norm': 0.13346298038959503, 'train/tokens_per_sec': 1193.3337410206361, 'train/step_time': 13.729604248001124, 'train/mfu': 73.38, 'train/efficiency': 45.97, 'train/forward_time_percent': 14.14, 'train/backward_time_percent': 30.98, 'train/optimizer_time_percent': 0.85, 'train/overhead_time_percent': 54.03, 'epoch': 0.8712394705174489}
{'loss': 1.4689, 'learning_rate': 0.0001, 'grad_norm': 0.14766204357147217, 'train/tokens_per_sec': 1194.2396047427173, 'train/step_time': 13.719189964001998, 'train/mfu': 72.29, 'train/efficiency': 46.57, 'train/forward_time_percent': 14.73, 'train/backward_time_percent': 31.11, 'train/optimizer_time_percent': 0.73, 'train/overhead_time_percent': 53.43, 'epoch': 0.8760529482551144}
{'loss': 1.4689, 'learning_rate': 0.0001, 'grad_norm': 0.14766204357147217, 'train/tokens_per_sec': 1193.8330609181014, 'train/step_time': 13.723861849997775, 'train/mfu': 75.87, 'train/efficiency': 44.51, 'train/forward_time_percent': 14.34, 'train/backward_time_percent': 29.31, 'train/optimizer_time_percent': 0.86, 'train/overhead_time_percent': 55.49, 'epoch': 0.8760529482551144}
{'loss': 1.3026, 'learning_rate': 0.0001, 'grad_norm': 0.15042626857757568, 'train/tokens_per_sec': 1194.0451549321697, 'train/step_time': 13.721424128998478, 'train/mfu': 69.51, 'train/efficiency': 48.54, 'train/forward_time_percent': 15.17, 'train/backward_time_percent': 32.49, 'train/optimizer_time_percent': 0.88, 'train/overhead_time_percent': 51.46, 'epoch': 0.8808664259927798}
{'loss': 1.3026, 'learning_rate': 0.0001, 'grad_norm': 0.15042626857757568, 'train/tokens_per_sec': 1193.5960550071015, 'train/step_time': 13.72658692299592, 'train/mfu': 74.21, 'train/efficiency': 45.47, 'train/forward_time_percent': 13.95, 'train/backward_time_percent': 30.68, 'train/optimizer_time_percent': 0.84, 'train/overhead_time_percent': 54.53, 'epoch': 0.8808664259927798}
{'loss': 1.2739, 'learning_rate': 0.0001, 'grad_norm': 0.14145411550998688, 'train/tokens_per_sec': 1192.9612748285779, 'train/step_time': 13.733890903000429, 'train/mfu': 73.01, 'train/efficiency': 46.22, 'train/forward_time_percent': 14.96, 'train/backward_time_percent': 30.37, 'train/optimizer_time_percent': 0.88, 'train/overhead_time_percent': 53.78, 'epoch': 0.8856799037304453}
{'loss': 1.2739, 'learning_rate': 0.0001, 'grad_norm': 0.14145411550998688, 'train/tokens_per_sec': 1192.7213750905964, 'train/step_time': 13.73665328900097, 'train/mfu': 73.87, 'train/efficiency': 45.66, 'train/forward_time_percent': 14.44, 'train/backward_time_percent': 30.35, 'train/optimizer_time_percent': 0.87, 'train/overhead_time_percent': 54.34, 'epoch': 0.8856799037304453}
{'loss': 1.2016, 'learning_rate': 0.0001, 'grad_norm': 0.13423660397529602, 'train/tokens_per_sec': 1193.1143393921866, 'train/step_time': 13.732128982999711, 'train/mfu': 73.95, 'train/efficiency': 45.49, 'train/forward_time_percent': 14.27, 'train/backward_time_percent': 30.49, 'train/optimizer_time_percent': 0.73, 'train/overhead_time_percent': 54.51, 'epoch': 0.8904933814681107}
{'loss': 1.2016, 'learning_rate': 0.0001, 'grad_norm': 0.13423660397529602, 'train/tokens_per_sec': 1193.8691989643792, 'train/step_time': 13.723446433003119, 'train/mfu': 71.38, 'train/efficiency': 47.22, 'train/forward_time_percent': 14.57, 'train/backward_time_percent': 31.83, 'train/optimizer_time_percent': 0.82, 'train/overhead_time_percent': 52.78, 'epoch': 0.8904933814681107}
{'loss': 1.2356, 'learning_rate': 0.0001, 'grad_norm': 0.13667179644107819, 'train/tokens_per_sec': 1194.200058370173, 'train/step_time': 13.719644280005014, 'train/mfu': 73.53, 'train/efficiency': 45.8, 'train/forward_time_percent': 15.14, 'train/backward_time_percent': 29.92, 'train/optimizer_time_percent': 0.74, 'train/overhead_time_percent': 54.2, 'epoch': 0.8953068592057761}
{'loss': 1.2356, 'learning_rate': 0.0001, 'grad_norm': 0.13667179644107819, 'train/tokens_per_sec': 1194.0068584391474, 'train/step_time': 13.721864229002676, 'train/mfu': 74.65, 'train/efficiency': 45.25, 'train/forward_time_percent': 14.35, 'train/backward_time_percent': 30.03, 'train/optimizer_time_percent': 0.87, 'train/overhead_time_percent': 54.75, 'epoch': 0.8953068592057761}
{'loss': 1.3871, 'learning_rate': 0.0001, 'grad_norm': 0.13335438072681427, 'train/tokens_per_sec': 1194.3342217955603, 'train/step_time': 13.718103107996285, 'train/mfu': 70.59, 'train/efficiency': 47.69, 'train/forward_time_percent': 14.96, 'train/backward_time_percent': 31.99, 'train/optimizer_time_percent': 0.75, 'train/overhead_time_percent': 52.31, 'epoch': 0.9001203369434416}
{'loss': 1.3871, 'learning_rate': 0.0001, 'grad_norm': 0.13335438072681427, 'train/tokens_per_sec': 1193.867059243137, 'train/step_time': 13.723471028999484, 'train/mfu': 74.47, 'train/efficiency': 45.21, 'train/forward_time_percent': 14.33, 'train/backward_time_percent': 30.14, 'train/optimizer_time_percent': 0.73, 'train/overhead_time_percent': 54.79, 'epoch': 0.9001203369434416}
{'loss': 1.7003, 'learning_rate': 0.0001, 'grad_norm': 0.17453695833683014, 'train/tokens_per_sec': 1192.4999384007165, 'train/step_time': 13.739204064004298, 'train/mfu': 72.91, 'train/efficiency': 46.18, 'train/forward_time_percent': 14.62, 'train/backward_time_percent': 30.76, 'train/optimizer_time_percent': 0.8, 'train/overhead_time_percent': 53.82, 'epoch': 0.9049338146811071}
{'loss': 1.7003, 'learning_rate': 0.0001, 'grad_norm': 0.17453695833683014, 'train/tokens_per_sec': 1191.9102622446608, 'train/step_time': 13.746001288003754, 'train/mfu': 74.24, 'train/efficiency': 45.36, 'train/forward_time_percent': 14.64, 'train/backward_time_percent': 29.9, 'train/optimizer_time_percent': 0.82, 'train/overhead_time_percent': 54.64, 'epoch': 0.9049338146811071}
{'loss': 1.246, 'learning_rate': 0.0001, 'grad_norm': 0.14863604307174683, 'train/tokens_per_sec': 1194.3978171238334, 'train/step_time': 13.717372692000936, 'train/mfu': 71.95, 'train/efficiency': 46.93, 'train/forward_time_percent': 14.6, 'train/backward_time_percent': 31.46, 'train/optimizer_time_percent': 0.87, 'train/overhead_time_percent': 53.07, 'epoch': 0.9097472924187726}
{'loss': 1.246, 'learning_rate': 0.0001, 'grad_norm': 0.14863604307174683, 'train/tokens_per_sec': 1193.8798751559043, 'train/step_time': 13.723323711994453, 'train/mfu': 73.92, 'train/efficiency': 45.66, 'train/forward_time_percent': 14.38, 'train/backward_time_percent': 30.43, 'train/optimizer_time_percent': 0.85, 'train/overhead_time_percent': 54.34, 'epoch': 0.9097472924187726}
  step   190  loss   1.2329  |     6729.0 ms
{'loss': 1.2329, 'learning_rate': 0.0001, 'grad_norm': 0.1515563279390335, 'train/tokens_per_sec': 1194.6771181126644, 'train/step_time': 13.714165737001167, 'train/mfu': 73.11, 'train/efficiency': 46.2, 'train/forward_time_percent': 14.66, 'train/backward_time_percent': 30.68, 'train/optimizer_time_percent': 0.86, 'train/overhead_time_percent': 53.8, 'epoch': 0.914560770156438}
{'loss': 1.2329, 'learning_rate': 0.0001, 'grad_norm': 0.1515563279390335, 'train/tokens_per_sec': 1194.302104469092, 'train/step_time': 13.718472016997111, 'train/mfu': 73.55, 'train/efficiency': 45.91, 'train/forward_time_percent': 14.86, 'train/backward_time_percent': 30.19, 'train/optimizer_time_percent': 0.86, 'train/overhead_time_percent': 54.09, 'epoch': 0.914560770156438}
{'loss': 1.4794, 'learning_rate': 0.0001, 'grad_norm': 0.13760755956172943, 'train/tokens_per_sec': 1195.1978698323442, 'train/step_time': 13.70819042900257, 'train/mfu': 72.89, 'train/efficiency': 46.29, 'train/forward_time_percent': 14.99, 'train/backward_time_percent': 30.5, 'train/optimizer_time_percent': 0.79, 'train/overhead_time_percent': 53.71, 'epoch': 0.9193742478941035}
{'loss': 1.4794, 'learning_rate': 0.0001, 'grad_norm': 0.13760755956172943, 'train/tokens_per_sec': 1194.6666469172087, 'train/step_time': 13.714285941001435, 'train/mfu': 73.98, 'train/efficiency': 45.67, 'train/forward_time_percent': 14.61, 'train/backward_time_percent': 30.19, 'train/optimizer_time_percent': 0.87, 'train/overhead_time_percent': 54.33, 'epoch': 0.9193742478941035}
{'loss': 1.0572, 'learning_rate': 0.0001, 'grad_norm': 0.12674443423748016, 'train/tokens_per_sec': 1194.1851136099763, 'train/step_time': 13.719815975993697, 'train/mfu': 71.09, 'train/efficiency': 47.34, 'train/forward_time_percent': 14.65, 'train/backward_time_percent': 31.96, 'train/optimizer_time_percent': 0.74, 'train/overhead_time_percent': 52.66, 'epoch': 0.924187725631769}
{'loss': 1.0572, 'learning_rate': 0.0001, 'grad_norm': 0.12674443423748016, 'train/tokens_per_sec': 1193.5636618250278, 'train/step_time': 13.726959461004299, 'train/mfu': 74.64, 'train/efficiency': 45.19, 'train/forward_time_percent': 14.46, 'train/backward_time_percent': 29.91, 'train/optimizer_time_percent': 0.82, 'train/overhead_time_percent': 54.81, 'epoch': 0.924187725631769}
{'loss': 1.2484, 'learning_rate': 0.0001, 'grad_norm': 0.15544404089450836, 'train/tokens_per_sec': 1193.5507489717684, 'train/step_time': 13.727107970997167, 'train/mfu': 75.16, 'train/efficiency': 44.88, 'train/forward_time_percent': 14.46, 'train/backward_time_percent': 29.6, 'train/optimizer_time_percent': 0.82, 'train/overhead_time_percent': 55.12, 'epoch': 0.9290012033694344}
{'loss': 1.2484, 'learning_rate': 0.0001, 'grad_norm': 0.15544404089450836, 'train/tokens_per_sec': 1194.1673111382545, 'train/step_time': 13.720020509004826, 'train/mfu': 72.45, 'train/efficiency': 46.47, 'train/forward_time_percent': 14.84, 'train/backward_time_percent': 30.89, 'train/optimizer_time_percent': 0.74, 'train/overhead_time_percent': 53.53, 'epoch': 0.9290012033694344}
{'loss': 1.3899, 'learning_rate': 0.0001, 'grad_norm': 0.14953288435935974, 'train/tokens_per_sec': 1194.211571060142, 'train/step_time': 13.719512016999943, 'train/mfu': 72.4, 'train/efficiency': 46.66, 'train/forward_time_percent': 14.65, 'train/backward_time_percent': 31.11, 'train/optimizer_time_percent': 0.9, 'train/overhead_time_percent': 53.34, 'epoch': 0.9338146811070999}
{'loss': 1.3899, 'learning_rate': 0.0001, 'grad_norm': 0.14953288435935974, 'train/tokens_per_sec': 1194.1535273027957, 'train/step_time': 13.720178875999409, 'train/mfu': 72.09, 'train/efficiency': 46.68, 'train/forward_time_percent': 14.97, 'train/backward_time_percent': 30.98, 'train/optimizer_time_percent': 0.73, 'train/overhead_time_percent': 53.32, 'epoch': 0.9338146811070999}
{'loss': 1.3224, 'learning_rate': 0.0001, 'grad_norm': 0.1759549230337143, 'train/tokens_per_sec': 1194.3849359319267, 'train/step_time': 13.717520630998479, 'train/mfu': 74.22, 'train/efficiency': 45.51, 'train/forward_time_percent': 14.6, 'train/backward_time_percent': 30.05, 'train/optimizer_time_percent': 0.86, 'train/overhead_time_percent': 54.49, 'epoch': 0.9386281588447654}
{'loss': 1.3224, 'learning_rate': 0.0001, 'grad_norm': 0.1759549230337143, 'train/tokens_per_sec': 1194.5103794046722, 'train/step_time': 13.716080063000845, 'train/mfu': 73.54, 'train/efficiency': 45.95, 'train/forward_time_percent': 14.84, 'train/backward_time_percent': 30.22, 'train/optimizer_time_percent': 0.89, 'train/overhead_time_percent': 54.05, 'epoch': 0.9386281588447654}
{'loss': 1.3334, 'learning_rate': 0.0001, 'grad_norm': 0.17927338182926178, 'train/tokens_per_sec': 1194.0839628100084, 'train/step_time': 13.720978181001556, 'train/mfu': 74.55, 'train/efficiency': 45.33, 'train/forward_time_percent': 14.35, 'train/backward_time_percent': 30.09, 'train/optimizer_time_percent': 0.89, 'train/overhead_time_percent': 54.67, 'epoch': 0.9434416365824309}
{'loss': 1.3334, 'learning_rate': 0.0001, 'grad_norm': 0.17927338182926178, 'train/tokens_per_sec': 1194.377077391102, 'train/step_time': 13.717610886997136, 'train/mfu': 72.04, 'train/efficiency': 46.85, 'train/forward_time_percent': 14.98, 'train/backward_time_percent': 31.02, 'train/optimizer_time_percent': 0.85, 'train/overhead_time_percent': 53.15, 'epoch': 0.9434416365824309}
{'loss': 1.1556, 'learning_rate': 0.0001, 'grad_norm': 0.1343308389186859, 'train/tokens_per_sec': 1195.0128256088362, 'train/step_time': 13.710313101997599, 'train/mfu': 72.22, 'train/efficiency': 46.75, 'train/forward_time_percent': 14.61, 'train/backward_time_percent': 31.3, 'train/optimizer_time_percent': 0.84, 'train/overhead_time_percent': 53.25, 'epoch': 0.9482551143200962}{'loss': 1.1556, 'learning_rate': 0.0001, 'grad_norm': 0.1343308389186859, 'train/tokens_per_sec': 1194.4926181797355, 'train/step_time': 13.716284011003154, 'train/mfu': 74.86, 'train/efficiency': 45.12, 'train/forward_time_percent': 14.13, 'train/backward_time_percent': 30.14, 'train/optimizer_time_percent': 0.85, 'train/overhead_time_percent': 54.88, 'epoch': 0.9482551143200962}

{'loss': 1.1489, 'learning_rate': 0.0001, 'grad_norm': 0.17120134830474854, 'train/tokens_per_sec': 1194.8134889076964, 'train/step_time': 13.71260046200041, 'train/mfu': 71.17, 'train/efficiency': 47.45, 'train/forward_time_percent': 14.85, 'train/backward_time_percent': 31.72, 'train/optimizer_time_percent': 0.87, 'train/overhead_time_percent': 52.55, 'epoch': 0.9530685920577617}{'loss': 1.1489, 'learning_rate': 0.0001, 'grad_norm': 0.17120134830474854, 'train/tokens_per_sec': 1194.5443650213494, 'train/step_time': 13.715689830998599, 'train/mfu': 74.68, 'train/efficiency': 45.23, 'train/forward_time_percent': 14.62, 'train/backward_time_percent': 29.76, 'train/optimizer_time_percent': 0.85, 'train/overhead_time_percent': 54.77, 'epoch': 0.9530685920577617}

{'loss': 1.286, 'learning_rate': 0.0001, 'grad_norm': 0.1650654673576355, 'train/tokens_per_sec': 1192.1455400283537, 'train/step_time': 13.743288424004277, 'train/mfu': 72.14, 'train/efficiency': 46.6, 'train/forward_time_percent': 14.39, 'train/backward_time_percent': 31.46, 'train/optimizer_time_percent': 0.75, 'train/overhead_time_percent': 53.4, 'epoch': 0.9578820697954272}
{'loss': 1.286, 'learning_rate': 0.0001, 'grad_norm': 0.1650654673576355, 'train/tokens_per_sec': 1191.8961068979374, 'train/step_time': 13.746164539996244, 'train/mfu': 73.21, 'train/efficiency': 46.01, 'train/forward_time_percent': 14.54, 'train/backward_time_percent': 30.62, 'train/optimizer_time_percent': 0.85, 'train/overhead_time_percent': 53.99, 'epoch': 0.9578820697954272}
  step   200  loss   1.3542  |     6644.5 ms
{'loss': 1.3542, 'learning_rate': 0.0001, 'grad_norm': 0.1370294988155365, 'train/tokens_per_sec': 1193.836073896632, 'train/step_time': 13.723827214002085, 'train/mfu': 73.86, 'train/efficiency': 45.63, 'train/forward_time_percent': 14.64, 'train/backward_time_percent': 30.2, 'train/optimizer_time_percent': 0.79, 'train/overhead_time_percent': 54.37, 'epoch': 0.9626955475330926}
{'loss': 1.3542, 'learning_rate': 0.0001, 'grad_norm': 0.1370294988155365, 'train/tokens_per_sec': 1193.347344964205, 'train/step_time': 13.729447732999688, 'train/mfu': 75.2, 'train/efficiency': 44.86, 'train/forward_time_percent': 14.61, 'train/backward_time_percent': 29.42, 'train/optimizer_time_percent': 0.83, 'train/overhead_time_percent': 55.14, 'epoch': 0.9626955475330926}
{'loss': 1.2651, 'learning_rate': 0.0001, 'grad_norm': 0.14386019110679626, 'train/tokens_per_sec': 1194.5402167832256, 'train/step_time': 13.715737460996024, 'train/mfu': 72.2, 'train/efficiency': 46.63, 'train/forward_time_percent': 14.97, 'train/backward_time_percent': 30.92, 'train/optimizer_time_percent': 0.74, 'train/overhead_time_percent': 53.37, 'epoch': 0.9675090252707581}
{'loss': 1.2651, 'learning_rate': 0.0001, 'grad_norm': 0.14386019110679626, 'train/tokens_per_sec': 1193.9808774823794, 'train/step_time': 13.722162815996853, 'train/mfu': 75.01, 'train/efficiency': 45.01, 'train/forward_time_percent': 13.99, 'train/backward_time_percent': 30.16, 'train/optimizer_time_percent': 0.85, 'train/overhead_time_percent': 54.99, 'epoch': 0.9675090252707581}
{'loss': 1.1607, 'learning_rate': 0.0001, 'grad_norm': 0.1448921412229538, 'train/tokens_per_sec': 1192.462165190979, 'train/step_time': 13.739639275998343, 'train/mfu': 71.3, 'train/efficiency': 47.26, 'train/forward_time_percent': 15.1, 'train/backward_time_percent': 31.3, 'train/optimizer_time_percent': 0.87, 'train/overhead_time_percent': 52.74, 'epoch': 0.9723225030084236}
{'loss': 1.1607, 'learning_rate': 0.0001, 'grad_norm': 0.1448921412229538, 'train/tokens_per_sec': 1192.2663816670788, 'train/step_time': 13.741895479004597, 'train/mfu': 73.99, 'train/efficiency': 45.57, 'train/forward_time_percent': 14.02, 'train/backward_time_percent': 30.68, 'train/optimizer_time_percent': 0.86, 'train/overhead_time_percent': 54.43, 'epoch': 0.9723225030084236}
{'loss': 1.3785, 'learning_rate': 0.0001, 'grad_norm': 0.14709365367889404, 'train/tokens_per_sec': 1192.5496950820648, 'train/step_time': 13.738630823994754, 'train/mfu': 74.92, 'train/efficiency': 44.95, 'train/forward_time_percent': 14.88, 'train/backward_time_percent': 29.28, 'train/optimizer_time_percent': 0.79, 'train/overhead_time_percent': 55.05, 'epoch': 0.9771359807460891}
{'loss': 1.3785, 'learning_rate': 0.0001, 'grad_norm': 0.14709365367889404, 'train/tokens_per_sec': 1193.2256550391903, 'train/step_time': 13.730847916995117, 'train/mfu': 72.36, 'train/efficiency': 46.6, 'train/forward_time_percent': 14.36, 'train/backward_time_percent': 31.39, 'train/optimizer_time_percent': 0.84, 'train/overhead_time_percent': 53.4, 'epoch': 0.9771359807460891}
{'loss': 1.4388, 'learning_rate': 0.0001, 'grad_norm': 0.1625169813632965, 'train/tokens_per_sec': 1193.3273610113847, 'train/step_time': 13.729677652001556, 'train/mfu': 71.39, 'train/efficiency': 47.16, 'train/forward_time_percent': 14.56, 'train/backward_time_percent': 31.82, 'train/optimizer_time_percent': 0.78, 'train/overhead_time_percent': 52.84, 'epoch': 0.9819494584837545}
{'loss': 1.4388, 'learning_rate': 0.0001, 'grad_norm': 0.1625169813632965, 'train/tokens_per_sec': 1192.8119321814956, 'train/step_time': 13.735610415998963, 'train/mfu': 75.98, 'train/efficiency': 44.31, 'train/forward_time_percent': 13.98, 'train/backward_time_percent': 29.57, 'train/optimizer_time_percent': 0.76, 'train/overhead_time_percent': 55.69, 'epoch': 0.9819494584837545}
{'loss': 1.3779, 'learning_rate': 0.0001, 'grad_norm': 0.14668017625808716, 'train/tokens_per_sec': 1194.3152104908183, 'train/step_time': 13.718321475003904, 'train/mfu': 72.15, 'train/efficiency': 46.74, 'train/forward_time_percent': 15.2, 'train/backward_time_percent': 30.72, 'train/optimizer_time_percent': 0.81, 'train/overhead_time_percent': 53.26, 'epoch': 0.98676293622142}
{'loss': 1.3779, 'learning_rate': 0.0001, 'grad_norm': 0.14668017625808716, 'train/tokens_per_sec': 1193.8636509803196, 'train/step_time': 13.723510207004438, 'train/mfu': 74.21, 'train/efficiency': 45.42, 'train/forward_time_percent': 14.18, 'train/backward_time_percent': 30.45, 'train/optimizer_time_percent': 0.79, 'train/overhead_time_percent': 54.58, 'epoch': 0.98676293622142}
{'loss': 1.544, 'learning_rate': 0.0001, 'grad_norm': 0.14923615753650665, 'train/tokens_per_sec': 1193.8745969326296, 'train/step_time': 13.723384384000383, 'train/mfu': 71.96, 'train/efficiency': 46.76, 'train/forward_time_percent': 14.56, 'train/backward_time_percent': 31.47, 'train/optimizer_time_percent': 0.73, 'train/overhead_time_percent': 53.24, 'epoch': 0.9915764139590855}
{'loss': 1.544, 'learning_rate': 0.0001, 'grad_norm': 0.14923615753650665, 'train/tokens_per_sec': 1193.2669525610177, 'train/step_time': 13.73037270900386, 'train/mfu': 74.91, 'train/efficiency': 44.98, 'train/forward_time_percent': 14.42, 'train/backward_time_percent': 29.78, 'train/optimizer_time_percent': 0.78, 'train/overhead_time_percent': 55.02, 'epoch': 0.9915764139590855}
{'loss': 1.4067, 'learning_rate': 0.0001, 'grad_norm': 0.1495542973279953, 'train/tokens_per_sec': 1194.8173618737828, 'train/step_time': 13.712556013000722, 'train/mfu': 71.9, 'train/efficiency': 46.96, 'train/forward_time_percent': 15.0, 'train/backward_time_percent': 31.11, 'train/optimizer_time_percent': 0.85, 'train/overhead_time_percent': 53.04, 'epoch': 0.9963898916967509}
{'loss': 1.4067, 'learning_rate': 0.0001, 'grad_norm': 0.1495542973279953, 'train/tokens_per_sec': 1194.4746561473323, 'train/step_time': 13.716490270999202, 'train/mfu': 73.64, 'train/efficiency': 45.89, 'train/forward_time_percent': 14.58, 'train/backward_time_percent': 30.42, 'train/optimizer_time_percent': 0.89, 'train/overhead_time_percent': 54.11, 'epoch': 0.9963898916967509}
{'loss': 1.4374, 'learning_rate': 0.0001, 'grad_norm': 0.17768330872058868, 'train/tokens_per_sec': 1157.7358852950488, 'train/step_time': 10.613819746002264, 'train/mfu': 73.54, 'train/efficiency': 44.64, 'train/forward_time_percent': 14.33, 'train/backward_time_percent': 29.35, 'train/optimizer_time_percent': 0.96, 'train/overhead_time_percent': 55.36, 'epoch': 1.0}
{'loss': 1.4374, 'learning_rate': 0.0001, 'grad_norm': 0.17768330872058868, 'train/tokens_per_sec': 1155.1455832912548, 'train/step_time': 10.637620207999134, 'train/mfu': 73.54, 'train/efficiency': 44.73, 'train/forward_time_percent': 14.11, 'train/backward_time_percent': 29.47, 'train/optimizer_time_percent': 1.15, 'train/overhead_time_percent': 55.27, 'epoch': 1.0}
{'loss': 1.2705, 'learning_rate': 0.0001, 'grad_norm': 0.15268057584762573, 'train/tokens_per_sec': 2002.8854648163067, 'train/step_time': 8.180198163005116, 'train/mfu': 72.21, 'train/efficiency': 78.41, 'train/forward_time_percent': 24.92, 'train/backward_time_percent': 52.04, 'train/optimizer_time_percent': 1.46, 'train/overhead_time_percent': 21.59, 'epoch': 1.0048134777376654}
{'loss': 1.2705, 'learning_rate': 0.0001, 'grad_norm': 0.15268057584762573, 'train/tokens_per_sec': 2002.4418938029853, 'train/step_time': 8.18201019999833, 'train/mfu': 73.42, 'train/efficiency': 77.11, 'train/forward_time_percent': 23.96, 'train/backward_time_percent': 51.71, 'train/optimizer_time_percent': 1.44, 'train/overhead_time_percent': 22.89, 'epoch': 1.0048134777376654}
  step   210  loss   1.1477  |     6905.1 ms
{'loss': 1.1477, 'learning_rate': 0.0001, 'grad_norm': 0.1569264829158783, 'train/tokens_per_sec': 1194.1160785004315, 'train/step_time': 13.720609156000137, 'train/mfu': 71.1, 'train/efficiency': 47.45, 'train/forward_time_percent': 15.14, 'train/backward_time_percent': 31.46, 'train/optimizer_time_percent': 0.86, 'train/overhead_time_percent': 52.55, 'epoch': 1.009626955475331}
{'loss': 1.1477, 'learning_rate': 0.0001, 'grad_norm': 0.1569264829158783, 'train/tokens_per_sec': 1193.5829545028555, 'train/step_time': 13.726737582997885, 'train/mfu': 75.14, 'train/efficiency': 44.91, 'train/forward_time_percent': 14.68, 'train/backward_time_percent': 29.39, 'train/optimizer_time_percent': 0.85, 'train/overhead_time_percent': 55.09, 'epoch': 1.009626955475331}
{'loss': 1.3529, 'learning_rate': 0.0001, 'grad_norm': 0.1651042103767395, 'train/tokens_per_sec': 1192.2543280252028, 'train/step_time': 13.742034408998734, 'train/mfu': 72.55, 'train/efficiency': 46.46, 'train/forward_time_percent': 14.36, 'train/backward_time_percent': 31.23, 'train/optimizer_time_percent': 0.86, 'train/overhead_time_percent': 53.54, 'epoch': 1.0144404332129964}
{'loss': 1.3529, 'learning_rate': 0.0001, 'grad_norm': 0.1651042103767395, 'train/tokens_per_sec': 1191.9251485613697, 'train/step_time': 13.745829610001238, 'train/mfu': 74.2, 'train/efficiency': 45.43, 'train/forward_time_percent': 14.51, 'train/backward_time_percent': 30.06, 'train/optimizer_time_percent': 0.86, 'train/overhead_time_percent': 54.57, 'epoch': 1.0144404332129964}
{'loss': 1.4218, 'learning_rate': 0.0001, 'grad_norm': 0.14575983583927155, 'train/tokens_per_sec': 1193.3398041962935, 'train/step_time': 13.729534489997604, 'train/mfu': 72.95, 'train/efficiency': 46.18, 'train/forward_time_percent': 15.28, 'train/backward_time_percent': 30.11, 'train/optimizer_time_percent': 0.8, 'train/overhead_time_percent': 53.82, 'epoch': 1.0192539109506618}
{'loss': 1.4218, 'learning_rate': 0.0001, 'grad_norm': 0.14575983583927155, 'train/tokens_per_sec': 1192.70770657711, 'train/step_time': 13.736810712005536, 'train/mfu': 75.68, 'train/efficiency': 44.57, 'train/forward_time_percent': 14.05, 'train/backward_time_percent': 29.67, 'train/optimizer_time_percent': 0.84, 'train/overhead_time_percent': 55.43, 'epoch': 1.0192539109506618}
{'loss': 1.2364, 'learning_rate': 0.0001, 'grad_norm': 0.14182999730110168, 'train/tokens_per_sec': 1194.744497961232, 'train/step_time': 13.71339230099693, 'train/mfu': 72.63, 'train/efficiency': 46.38, 'train/forward_time_percent': 14.66, 'train/backward_time_percent': 30.98, 'train/optimizer_time_percent': 0.74, 'train/overhead_time_percent': 53.62, 'epoch': 1.0240673886883274}
{'loss': 1.2364, 'learning_rate': 0.0001, 'grad_norm': 0.14182999730110168, 'train/tokens_per_sec': 1194.4268519574289, 'train/step_time': 13.717039242001192, 'train/mfu': 73.35, 'train/efficiency': 46.05, 'train/forward_time_percent': 14.74, 'train/backward_time_percent': 30.44, 'train/optimizer_time_percent': 0.87, 'train/overhead_time_percent': 53.95, 'epoch': 1.0240673886883274}
{'loss': 1.1799, 'learning_rate': 0.0001, 'grad_norm': 0.13043498992919922, 'train/tokens_per_sec': 1192.414828290688, 'train/step_time': 13.740184716996737, 'train/mfu': 74.45, 'train/efficiency': 45.3, 'train/forward_time_percent': 14.14, 'train/backward_time_percent': 30.3, 'train/optimizer_time_percent': 0.86, 'train/overhead_time_percent': 54.7, 'epoch': 1.0288808664259927}
{'loss': 1.1799, 'learning_rate': 0.0001, 'grad_norm': 0.13043498992919922, 'train/tokens_per_sec': 1192.5469299025106, 'train/step_time': 13.738662679999834, 'train/mfu': 73.68, 'train/efficiency': 45.77, 'train/forward_time_percent': 14.6, 'train/backward_time_percent': 30.3, 'train/optimizer_time_percent': 0.87, 'train/overhead_time_percent': 54.23, 'epoch': 1.0288808664259927}
{'loss': 1.3525, 'learning_rate': 0.0001, 'grad_norm': 0.14061054587364197, 'train/tokens_per_sec': 1192.6249145908546, 'train/step_time': 13.737764320998394, 'train/mfu': 72.78, 'train/efficiency': 46.34, 'train/forward_time_percent': 14.52, 'train/backward_time_percent': 30.94, 'train/optimizer_time_percent': 0.88, 'train/overhead_time_percent': 53.66, 'epoch': 1.0336943441636581}
{'loss': 1.3525, 'learning_rate': 0.0001, 'grad_norm': 0.14061054587364197, 'train/tokens_per_sec': 1192.5315149759292, 'train/step_time': 13.738840268997592, 'train/mfu': 72.9, 'train/efficiency': 46.26, 'train/forward_time_percent': 14.67, 'train/backward_time_percent': 30.72, 'train/optimizer_time_percent': 0.87, 'train/overhead_time_percent': 53.74, 'epoch': 1.0336943441636581}
{'loss': 1.2313, 'learning_rate': 0.0001, 'grad_norm': 0.1657901555299759, 'train/tokens_per_sec': 1193.286544525876, 'train/step_time': 13.73014727699774, 'train/mfu': 71.51, 'train/efficiency': 47.17, 'train/forward_time_percent': 14.65, 'train/backward_time_percent': 31.65, 'train/optimizer_time_percent': 0.87, 'train/overhead_time_percent': 52.83, 'epoch': 1.0385078219013237}
{'loss': 1.2313, 'learning_rate': 0.0001, 'grad_norm': 0.1657901555299759, 'train/tokens_per_sec': 1193.3158014817611, 'train/step_time': 13.729810650002037, 'train/mfu': 72.23, 'train/efficiency': 46.66, 'train/forward_time_percent': 14.54, 'train/backward_time_percent': 31.29, 'train/optimizer_time_percent': 0.82, 'train/overhead_time_percent': 53.34, 'epoch': 1.0385078219013237}
