[sft_lora] profile=trn1 (trn1.2xlarge) -- re-exec under torchrun (--nproc_per_node=2, one rank per logical NeuronCore)
[sft_lora] /opt/aws_neuronx_venv_pytorch_2_9/bin/python -m torch.distributed.run --nproc_per_node=2 /opt/np/repo/shared/train/sft_lora.py --tag eff_seq4096 --out /opt/np/repo/trn1/results/extras/eff_seq4096.json --model meta-llama/Llama-3.1-8B-Instruct --seq-len 4096 --max-steps 100

*****************************************
Setting OMP_NUM_THREADS environment variable for each process to be 1 in default, to avoid your system being overloaded, please further tune the variable for optimal performance in your application as needed. 
*****************************************
/opt/aws_neuronx_venv_pytorch_2_9/lib/python3.12/site-packages/neuronx_distributed/modules/moe/blockwise.py:100: DeprecationWarning: torch_neuronx.nki_jit is deprecated, use nki.jit instead.
  component, error = import_nki(config)
/opt/aws_neuronx_venv_pytorch_2_9/lib/python3.12/site-packages/neuronx_distributed/modules/moe/blockwise.py:100: DeprecationWarning: torch_neuronx.nki_jit is deprecated, use nki.jit instead.
  component, error = import_nki(config)
/opt/aws_neuronx_venv_pytorch_2_9/lib/python3.12/site-packages/neuronx_distributed/modules/moe/blockwise.py:102: UserWarning: Warning: Failed to import blockwise_mm_baseline_shard_hidden: No module named 'neuronxcc.nki._private.blockwise_mm'
  warnings.warn(f"Warning: {error}")
/opt/aws_neuronx_venv_pytorch_2_9/lib/python3.12/site-packages/neuronx_distributed/modules/moe/blockwise.py:102: UserWarning: Warning: Failed to import blockwise_mm_baseline_shard_hidden: No module named 'neuronxcc.nki._private.blockwise_mm'
  warnings.warn(f"Warning: {error}")
/opt/aws_neuronx_venv_pytorch_2_9/lib/python3.12/site-packages/neuronx_distributed/modules/moe/blockwise.py:102: UserWarning: Warning: Failed to import blockwise_mm_bwd: No module named 'neuronxcc.nki._private.blockwise_mm_bwd'
  warnings.warn(f"Warning: {error}")
/opt/aws_neuronx_venv_pytorch_2_9/lib/python3.12/site-packages/neuronx_distributed/modules/moe/blockwise.py:102: UserWarning: Warning: Failed to import blockwise_mm_bwd: No module named 'neuronxcc.nki._private.blockwise_mm_bwd'
  warnings.warn(f"Warning: {error}")
/opt/aws_neuronx_venv_pytorch_2_9/lib/python3.12/site-packages/neuronx_distributed/modules/moe/blockwise.py:102: UserWarning: Warning: Failed to import blockwise_mm_bwd_baseline_shard_hidden: No module named 'neuronxcc.nki._private.blockwise_mm_bwd'
  warnings.warn(f"Warning: {error}")
/opt/aws_neuronx_venv_pytorch_2_9/lib/python3.12/site-packages/neuronx_distributed/modules/moe/blockwise.py:102: UserWarning: Warning: Failed to import blockwise_mm_bwd_baseline_shard_hidden: No module named 'neuronxcc.nki._private.blockwise_mm_bwd'
  warnings.warn(f"Warning: {error}")
2026-Aug-06 06:31:46.962932 17484:17484  WARN   NRT:nrt_config_parse_init_config            Implicit Async using NEURON_RT_ASYNC_EXEC_MAX_INFLIGHT_REQUESTS will not be supported in a future release of the Neuron Runtime. Migrate to using the new Neuron Runtime Async APIs to address the risk of this future breaking change. https://awsdocs-neuron.readthedocs-hosted.com/en/latest/neuron-runtime/api/nrt-async-api-overview.html
2026-Aug-06 06:31:46.962991 17485:17485  WARN   NRT:nrt_config_parse_init_config            Implicit Async using NEURON_RT_ASYNC_EXEC_MAX_INFLIGHT_REQUESTS will not be supported in a future release of the Neuron Runtime. Migrate to using the new Neuron Runtime Async APIs to address the risk of this future breaking change. https://awsdocs-neuron.readthedocs-hosted.com/en/latest/neuron-runtime/api/nrt-async-api-overview.html
2026-Aug-06 06:31:52.0486 17484:17506 [0] int nccl_net_ofi_create_plugin(nccl_net_ofi_plugin_t**):273 CCOM WARN NET/OFI Failed t2026-Aug-06 06:31:52.0486 17485:17510 [1] int nccl_net_ofi_create_plugin(nccl_net_ofi_plugin_t**):273 CCOM WARN NET/OFI Failed to initialize rdma protocol
o initialize rdma protocol
2026-Aug-06 06:31:52.0486 17485:17510 [1] int nccl_net_ofi_create_plugin(nccl_net_ofi_plugin_t**):416 CCOM WARN NET/OFI aws-ofi-nccl initialization failed
2026-Aug-06 06:31:52.0488 17484:17506 [0] int nccl_net_ofi_create_plugin(nccl_net_ofi_plugin_t**):416 CCOM WARN NET/OFI aws-ofi-nccl initialization failed
2026-Aug-06 06:31:52.0490 17485:17510 [1] ncclResult_t nccl_net_ofi_init(ncclDebugLogger_t):78 CCOM WARN NET/OFI Initializing plugin failed
2026-Aug-06 06:31:52.0492 17484:17506 [0] ncclResult_t nccl_net_ofi_init(ncclDebugLogger_t):78 CCOM WARN NET/OFI Initializing plugin failed
2026-Aug-06 06:31:52.0492 17484:17506 [0] net_plugin.cc:104 CCOM WARN OFI plugin initNet() failed is EFA enabled?
2026-Aug-06 06:31:52.0494 17485:17510 [1] net_plugin.cc:104 CCOM WARN OFI plugin initNet() failed is EFA enabled?
[2026-08-06 06:31:52.562: I neuronx_distributed/parallel_layers/parallel_state.py:638] > initializing tensor model parallel with size 2
[2026-08-06 06:31:52.563: I neuronx_distributed/parallel_layers/parallel_state.py:639] > initializing pipeline model parallel with size 1
[2026-08-06 06:31:52.563: I neuronx_distributed/parallel_layers/parallel_state.py:640] > initializing context model parallel with size 1
[2026-08-06 06:31:52.563: I neuronx_distributed/parallel_layers/parallel_state.py:641] > initializing data parallel with size 1
[2026-08-06 06:31:52.563: I neuronx_distributed/parallel_layers/parallel_state.py:642] > initializing world size to 2
2026-08-06 06:31:52.000574:  17485  [INFO]: Using a cached neff at /opt/np/cache/neuron-compile-cache/neuronxcc-2.26.6360.0+6f180f47/MODULE_10918481393192567537+e30acd3a/model.neff
2026-08-06 06:31:52.000575:  17484  [INFO]: Using a cached neff at /opt/np/cache/neuron-compile-cache/neuronxcc-2.26.6360.0+6f180f47/MODULE_10918481393192567537+e30acd3a/model.neff
[2026-08-06 06:31:52.607: I neuronx_distributed/parallel_layers/parallel_state.py:387] [rank_0_pp-1_tp-1_dp-1_cp-1] Chosen Logic for replica groups ret_logic=<PG_Group_Logic.LOGIC1: (<function ascending_ring_PG_group at 0x7014db1f3e20>, 'Ascending Ring PG Group')>
[2026-08-06 06:31:52.607: I neuronx_distributed/parallel_layers/parallel_state.py:666] [rank_0_pp-1_tp-1_dp-1_cp-1] tp_groups: replica_groups.tp_groups=[[0, 1]]
[2026-08-06 06:31:52.607: I neuronx_distributed/parallel_layers/parallel_state.py:667] [rank_0_pp-1_tp-1_dp-1_cp-1] dp_groups: replica_groups.dp_groups=[[0], [1]]
[2026-08-06 06:31:52.607: I neuronx_distributed/parallel_layers/parallel_state.py:668] [rank_0_pp-1_tp-1_dp-1_cp-1] pp_groups: replica_groups.pp_groups=[[0], [1]]
[2026-08-06 06:31:52.607: I neuronx_distributed/parallel_layers/parallel_state.py:669] [rank_0_pp-1_tp-1_dp-1_cp-1] cp_groups: replica_groups.cp_groups=[[0], [1]]
[2026-08-06 06:31:52.607: I neuronx_distributed/parallel_layers/parallel_state.py:670] [rank_0_pp-1_tp-1_dp-1_cp-1] ep_model_groups: replica_groups.ep_model_groups=[[0], [1]]
[2026-08-06 06:31:52.607: I neuronx_distributed/parallel_layers/parallel_state.py:671] [rank_0_pp-1_tp-1_dp-1_cp-1] ep_data_groups: replica_groups.ep_data_groups=[[0], [1]]
PyTorch: setting up devices
PyTorch: setting up devices
/opt/aws_neuronx_venv_pytorch_2_9/lib/python3.12/site-packages/optimum/neuron/models/inference/llama/modeling_llama.py:33: DeprecationWarning: torch_neuronx.nki_jit is deprecated, use nki.jit instead.
  from ..backend.modules.attention.attention_base import NeuronAttentionBase
/opt/aws_neuronx_venv_pytorch_2_9/lib/python3.12/site-packages/optimum/neuron/models/inference/llama/modeling_llama.py:33: DeprecationWarning: torch_neuronx.nki_jit is deprecated, use nki.jit instead.
  from ..backend.modules.attention.attention_base import NeuronAttentionBase
loading weights file model.safetensors from cache at /opt/np/models/hf/hub/models--meta-llama--Llama-3.1-8B-Instruct/snapshots/0e9e39f249a16976918f6564b8830bc894c89659/model.safetensors.index.json
loading weights file model.safetensors from cache at /opt/np/models/hf/hub/models--meta-llama--Llama-3.1-8B-Instruct/snapshots/0e9e39f249a16976918f6564b8830bc894c89659/model.safetensors.index.json
Loading checkpoint shards:   0%|          | 0/4 [00:00<?, ?it/s]Loading checkpoint shards:   0%|          | 0/4 [00:00<?, ?it/s]Loading checkpoint shards:  25%|██▌       | 1/4 [00:17<00:51, 17.06s/it]Loading checkpoint shards:  25%|██▌       | 1/4 [00:17<00:51, 17.25s/it]Loading checkpoint shards:  50%|█████     | 2/4 [00:37<00:38, 19.01s/it]Loading checkpoint shards:  50%|█████     | 2/4 [00:37<00:38, 19.12s/it]Loading checkpoint shards:  75%|███████▌  | 3/4 [00:59<00:20, 20.24s/it]Loading checkpoint shards:  75%|███████▌  | 3/4 [00:59<00:20, 20.32s/it]Loading checkpoint shards: 100%|██████████| 4/4 [01:04<00:00, 14.22s/it]Loading checkpoint shards: 100%|██████████| 4/4 [01:04<00:00, 16.06s/it]
All model checkpoint weights were used when initializing LlamaForCausalLM.

All the weights of LlamaForCausalLM were initialized from the model checkpoint at meta-llama/Llama-3.1-8B-Instruct.
If your task is similar to the task the model of the checkpoint was trained on, you can already use LlamaForCausalLM for predictions without further training.
Loading checkpoint shards: 100%|██████████| 4/4 [01:04<00:00, 14.20s/it]Loading checkpoint shards: 100%|██████████| 4/4 [01:04<00:00, 16.03s/it]
All model checkpoint weights were used when initializing LlamaForCausalLM.

All the weights of LlamaForCausalLM were initialized from the model checkpoint at meta-llama/Llama-3.1-8B-Instruct.
If your task is similar to the task the model of the checkpoint was trained on, you can already use LlamaForCausalLM for predictions without further training.
/opt/np/repo/shared/train/sft_lora.py:1524: DeprecationWarning: Use torch_xla.device instead
  device=xm.xla_device())
/opt/np/repo/shared/train/sft_lora.py:1524: DeprecationWarning: Use torch_xla.device instead
  device=xm.xla_device())
/opt/np/repo/shared/train/sft_lora.py:1526: DeprecationWarning: Use torch_xla.sync instead
  xm.mark_step()
/opt/np/repo/shared/train/sft_lora.py:1526: DeprecationWarning: Use torch_xla.sync instead
  xm.mark_step()
2026-08-06 06:33:38.000142:  17484  [INFO]: Using a cached neff at /opt/np/cache/neuron-compile-cache/neuronxcc-2.26.6360.0+6f180f47/MODULE_5826833238478477259+e30acd3a/model.neff
2026-08-06 06:33:38.000142:  17485  [INFO]: Using a cached neff at /opt/np/cache/neuron-compile-cache/neuronxcc-2.26.6360.0+6f180f47/MODULE_5826833238478477259+e30acd3a/model.neff
2026-08-06 06:33:38.000187:  17485  [INFO]: Using a cached neff at /opt/np/cache/neuron-compile-cache/neuronxcc-2.26.6360.0+6f180f47/MODULE_17281575579459249431+e30acd3a/model.neff
2026-08-06 06:33:38.000187:  17484  [INFO]: Using a cached neff at /opt/np/cache/neuron-compile-cache/neuronxcc-2.26.6360.0+6f180f47/MODULE_17281575579459249431+e30acd3a/model.neff
2026-08-06 06:33:38.000203:  17484  [INFO]: Using a cached neff at /opt/np/cache/neuron-compile-cache/neuronxcc-2.26.6360.0+6f180f47/MODULE_16314927993349291726+e30acd3a/model.neff
2026-08-06 06:33:38.000203:  17485  [INFO]: Using a cached neff at /opt/np/cache/neuron-compile-cache/neuronxcc-2.26.6360.0+6f180f47/MODULE_16314927993349291726+e30acd3a/model.neff
PyTorch: setting up devices
`even_batches` in `AcceleratorConfig` is not supported in NeuronTrainer and will be ignored. Make sure that your dataset size is divisible by the train batch size x gradient accumulation steps x data parallel size.
`use_seedable_sampler` in `AcceleratorConfig` is not supported in NeuronTrainer and will be ignored.
max_steps is given, it will override any value given in num_train_epochs
No label_names provided for model class `NeuronPeftModelForCausalLM`. Since `NeuronPeftModel` hides base models input arguments, if label_names is not given, label_names can't be set automatically within `NeuronTrainer`. Note that empty label_names list will be used instead.
  grad ckpt shim     : module globals ['modeling_utils', 'modeling_llama', 'modeling_granite']; 0 bound funcs wrapped

==============================================================================
  LoRA SFT on Trainium            tag=eff_seq4096
==============================================================================
  model              : meta-llama/Llama-3.1-8B-Instruct
  params total       : 8,082,956,288  (rank-local shard 4,041,478,144; via xla_all_reduce)
  params trainable   : 52,428,800  (0.649% of total)
  grad checkpointing : True
  parallelism        : world=2 tp=2 dp=1 pp=1
  lora               : r=16 alpha=32 dropout=0.05
  lora targets       : q_proj,k_proj,v_proj,o_proj,gate_proj,up_proj,down_proj
  seq_len            : 4096  (packing=True, attn=flash_attention_2)
  batch              : micro=1 grad_accum=8 -> 32,768 tok/optimizer step
  schedule           : epochs=3 max_steps=100 lr=0.0001
  seed               : 42
  dataset            : databricks/databricks-dolly-15k
  neuron cache       : /opt/np/cache/neuron-compile-cache
  adapter out        : /opt/np/models/adapters/eff_seq4096
  versions           : torch=2.9.1 optimum-neuron=0.4.3 neuronx-cc=2.26.6360.0+6f180f47
==============================================================================

Pipeline parallelsim: forcing the dataloader to drop the last incomplete batch because it can cause failure if the last batch size is not divisible by the number of microbatches for the pipeline.
WARNING:root:Not saving master weights may have accuracy issues when resuming training!
***** Running training *****
  Num examples = 868
  Num Epochs = 1
  Data Parallel Size: 1
  Tensor Parallel Size: 2
  Pipeline Parallel Size: 1
  Instantaneous batch size per data parallel rank = 1
  Gradient Accumulation steps = 8
  Total train batch size (w. parallel, distributed & accumulation) = 8
  Total optimization steps = 100
  Num trainable parameters = 39,845,888
2026-08-06 06:33:53.000935:  17484  [INFO]: Using a cached neff at /opt/np/cache/neuron-compile-cache/neuronxcc-2.26.6360.0+6f180f47/MODULE_4020207309534495528+e30acd3a/model.neff
WARNING:root:Not saving master weights may have accuracy issues when resuming training!
/opt/aws_neuronx_venv_pytorch_2_9/lib/python3.12/site-packages/neuronx_distributed/parallel_layers/layers.py:531: FutureWarning: `torch.cuda.amp.autocast(args...)` is deprecated. Please use `torch.amp.autocast('cuda', args...)` instead.
  with torch.cuda.amp.autocast(enabled=False):
Neuron NKI - Kernel call: flash_fwd(q = Tensor(shape: (1, 16, 128, 4096), dtype: bfloat16), k = Tensor(shape: (1, 16, 128, 4096), dtype: bfloat16), v = Tensor(shape: (1, 16, 128, 4096), dtype: bfloat16), seed = None, logit_bias = None, softmax_scale = 0.08838834764831845, use_causal_mask = True, sliding_window = -1, mixed_precision = True, dropout_p = 0.0, config = FlashConfig(seq_tile_size=2048, attn_core_tile_size=256, training=True, should_transpose_v=True, lse_dtype=''))
/opt/aws_neuronx_venv_pytorch_2_9/lib/python3.12/site-packages/optimum/neuron/models/training/llama/modeling_llama.py:496: DeprecationWarning: Block dimension is deprecated. The leading dimension of SBUF tensor must be partition dimension
  attn_output = nki_flash_attn_func(
/opt/aws_neuronx_venv_pytorch_2_9/lib/python3.12/site-packages/optimum/neuron/models/training/llama/modeling_llama.py:496: DeprecationWarning: Block dimension is deprecated. The leading dimension of SBUF tensor must be partition dimension
  attn_output = nki_flash_attn_func(
/opt/aws_neuronx_venv_pytorch_2_9/lib/python3.12/site-packages/neuronx_distributed/parallel_layers/layers.py:531: FutureWarning: `torch.cuda.amp.autocast(args...)` is deprecated. Please use `torch.amp.autocast('cuda', args...)` instead.
  with torch.cuda.amp.autocast(enabled=False):
/opt/aws_neuronx_venv_pytorch_2_9/lib/python3.12/site-packages/torch/utils/checkpoint.py:85: UserWarning: None of the inputs have requires_grad=True. Gradients will be None
  warnings.warn(
2026-08-06 06:33:54.000365:  17485  [INFO]: Using a cached neff at /opt/np/cache/neuron-compile-cache/neuronxcc-2.26.6360.0+6f180f47/MODULE_4020207309534495528+e30acd3a/model.neff
/opt/aws_neuronx_venv_pytorch_2_9/lib/python3.12/site-packages/neuronx_distributed/parallel_layers/layers.py:531: FutureWarning: `torch.cuda.amp.autocast(args...)` is deprecated. Please use `torch.amp.autocast('cuda', args...)` instead.
  with torch.cuda.amp.autocast(enabled=False):
Neuron NKI - Kernel call: flash_fwd(q = Tensor(shape: (1, 16, 128, 4096), dtype: bfloat16), k = Tensor(shape: (1, 16, 128, 4096), dtype: bfloat16), v = Tensor(shape: (1, 16, 128, 4096), dtype: bfloat16), seed = None, logit_bias = None, softmax_scale = 0.08838834764831845, use_causal_mask = True, sliding_window = -1, mixed_precision = True, dropout_p = 0.0, config = FlashConfig(seq_tile_size=2048, attn_core_tile_size=256, training=True, should_transpose_v=True, lse_dtype=''))
Neuron NKI - Kernel call: flash_attn_bwd(q_ref = Tensor(shape: (1, 16, 128, 4096), dtype: bfloat16), k_ref = Tensor(shape: (1, 16, 128, 4096), dtype: bfloat16), v_ref = Tensor(shape: (1, 16, 128, 4096), dtype: bfloat16), o_ref = Tensor(shape: (1, 16, 128, 4096), dtype: bfloat16), dy_ref = Tensor(shape: (1, 16, 128, 4096), dtype: bfloat16), lse_ref = Tensor(shape: (1, 16, 128, 32), dtype: float32), seed_ref = None, logit_bias_ref = None, use_causal_mask = True, mixed_precision = True, dropout_p = 0.0, softmax_scale = 0.08838834764831845, sliding_window = -1, sinks = None)
/opt/aws_neuronx_venv_pytorch_2_9/lib/python3.12/site-packages/optimum/neuron/models/training/llama/modeling_llama.py:496: DeprecationWarning: Block dimension is deprecated. The leading dimension of SBUF tensor must be partition dimension
  attn_output = nki_flash_attn_func(
/opt/aws_neuronx_venv_pytorch_2_9/lib/python3.12/site-packages/optimum/neuron/models/training/llama/modeling_llama.py:496: DeprecationWarning: Block dimension is deprecated. The leading dimension of SBUF tensor must be partition dimension
  attn_output = nki_flash_attn_func(
/opt/aws_neuronx_venv_pytorch_2_9/lib/python3.12/site-packages/neuronx_distributed/parallel_layers/layers.py:531: FutureWarning: `torch.cuda.amp.autocast(args...)` is deprecated. Please use `torch.amp.autocast('cuda', args...)` instead.
  with torch.cuda.amp.autocast(enabled=False):
/opt/aws_neuronx_venv_pytorch_2_9/lib/python3.12/site-packages/torch/utils/checkpoint.py:85: UserWarning: None of the inputs have requires_grad=True. Gradients will be None
  warnings.warn(
Neuron NKI - Kernel call: flash_attn_bwd(q_ref = Tensor(shape: (1, 16, 128, 4096), dtype: bfloat16), k_ref = Tensor(shape: (1, 16, 128, 4096), dtype: bfloat16), v_ref = Tensor(shape: (1, 16, 128, 4096), dtype: bfloat16), o_ref = Tensor(shape: (1, 16, 128, 4096), dtype: bfloat16), dy_ref = Tensor(shape: (1, 16, 128, 4096), dtype: bfloat16), lse_ref = Tensor(shape: (1, 16, 128, 32), dtype: float32), seed_ref = None, logit_bias_ref = None, use_causal_mask = True, mixed_precision = True, dropout_p = 0.0, softmax_scale = 0.08838834764831845, sliding_window = -1, sinks = None)
2026-08-06 06:34:02.000277:  17484  [INFO]: Using a cached neff at /opt/np/cache/neuron-compile-cache/neuronxcc-2.26.6360.0+6f180f47/MODULE_919496829817819261+e30acd3a/model.neff
2026-08-06 06:34:02.000922:  17485  [INFO]: Using a cached neff at /opt/np/cache/neuron-compile-cache/neuronxcc-2.26.6360.0+6f180f47/MODULE_1757034658024386166+e30acd3a/model.neff
2026-08-06 06:34:28.000851:  17484  [INFO]: Using a cached neff at /opt/np/cache/neuron-compile-cache/neuronxcc-2.26.6360.0+6f180f47/MODULE_2143522893509843411+e30acd3a/model.neff
2026-08-06 06:34:29.000622:  17485  [INFO]: Using a cached neff at /opt/np/cache/neuron-compile-cache/neuronxcc-2.26.6360.0+6f180f47/MODULE_5925339426313347225+e30acd3a/model.neff
2026-08-06 06:34:55.000459:  17484  [INFO]: Using a cached neff at /opt/np/cache/neuron-compile-cache/neuronxcc-2.26.6360.0+6f180f47/MODULE_8651772410009939807+e30acd3a/model.neff
2026-08-06 06:34:55.000466:  17485  [INFO]: Using a cached neff at /opt/np/cache/neuron-compile-cache/neuronxcc-2.26.6360.0+6f180f47/MODULE_8651772410009939807+e30acd3a/model.neff
2026-08-06 06:34:57.000215:  17484  [INFO]: Using a cached neff at /opt/np/cache/neuron-compile-cache/neuronxcc-2.26.6360.0+6f180f47/MODULE_17694192085093063913+e30acd3a/model.neff
2026-08-06 06:34:57.000221:  17485  [INFO]: Using a cached neff at /opt/np/cache/neuron-compile-cache/neuronxcc-2.26.6360.0+6f180f47/MODULE_17694192085093063913+e30acd3a/model.neff
  step     1  loss   1.8489  |    57684.8 ms  | warmup
{'loss': 1.8489, 'learning_rate': 0.0001, 'grad_norm': 1.7975647449493408, 'train/tokens_per_sec': 525.7158280727724, 'train/step_time': 62.33025191599154, 'train/mfu': 154.23, 'train/efficiency': 10.1, 'train/forward_time_percent': 3.21, 'train/backward_time_percent': 6.58, 'train/optimizer_time_percent': 0.31, 'train/overhead_time_percent': 89.9, 'epoch': 0.009216589861751152}
{'loss': 1.8489, 'learning_rate': 0.0001, 'grad_norm': 1.7975647449493408, 'train/tokens_per_sec': 528.6671913335098, 'train/step_time': 61.982284009995055, 'train/mfu': 156.25, 'train/efficiency': 10.06, 'train/forward_time_percent': 3.16, 'train/backward_time_percent': 6.56, 'train/optimizer_time_percent': 0.34, 'train/overhead_time_percent': 89.94, 'epoch': 0.009216589861751152}
2026-08-06 06:35:18.000467:  17485  [INFO]: Using a cached neff at /opt/np/cache/neuron-compile-cache/neuronxcc-2.26.6360.0+6f180f47/MODULE_13826111191422246321+e30acd3a/model.neff
2026-08-06 06:35:18.000503:  17484  [INFO]: Using a cached neff at /opt/np/cache/neuron-compile-cache/neuronxcc-2.26.6360.0+6f180f47/MODULE_13826111191422246321+e30acd3a/model.neff
  step     2  loss   1.8122  |     9206.4 ms  | warmup{'loss': 1.8122, 'learning_rate': 0.0001, 'grad_norm': 0.9702584147453308, 'train/tokens_per_sec': 1458.3647949658375, 'train/step_time': 22.469000975004747, 'train/mfu': 175.2, 'train/efficiency': 24.59, 'train/forward_time_percent': 7.95, 'train/backward_time_percent': 15.95, 'train/optimizer_time_percent': 0.69, 'train/overhead_time_percent': 75.41, 'epoch': 0.018433179723502304}

{'loss': 1.8122, 'learning_rate': 0.0001, 'grad_norm': 0.9702584147453308, 'train/tokens_per_sec': 1455.3024834785112, 'train/step_time': 22.51628123500268, 'train/mfu': 183.63, 'train/efficiency': 23.36, 'train/forward_time_percent': 7.57, 'train/backward_time_percent': 15.18, 'train/optimizer_time_percent': 0.6, 'train/overhead_time_percent': 76.64, 'epoch': 0.018433179723502304}
  step     3  loss   1.7601  |     9174.0 ms  | warmup
{'loss': 1.7601, 'learning_rate': 0.0001, 'grad_norm': 0.770574688911438, 'train/tokens_per_sec': 1617.7372519677065, 'train/step_time': 20.255452459998196, 'train/mfu': 175.66, 'train/efficiency': 26.92, 'train/forward_time_percent': 8.47, 'train/backward_time_percent': 17.97, 'train/optimizer_time_percent': 0.48, 'train/overhead_time_percent': 73.08, 'epoch': 0.027649769585253458}
{'loss': 1.7601, 'learning_rate': 0.0001, 'grad_norm': 0.770574688911438, 'train/tokens_per_sec': 1617.72294109019, 'train/step_time': 20.25563164599589, 'train/mfu': 183.79, 'train/efficiency': 25.79, 'train/forward_time_percent': 8.29, 'train/backward_time_percent': 16.98, 'train/optimizer_time_percent': 0.52, 'train/overhead_time_percent': 74.21, 'epoch': 0.027649769585253458}
{'loss': 1.5963, 'learning_rate': 0.0001, 'grad_norm': 0.6556097865104675, 'train/tokens_per_sec': 1619.0791049221934, 'train/step_time': 20.238665239012334, 'train/mfu': 174.95, 'train/efficiency': 27.04, 'train/forward_time_percent': 8.52, 'train/backward_time_percent': 18.05, 'train/optimizer_time_percent': 0.47, 'train/overhead_time_percent': 72.96, 'epoch': 0.03686635944700461}
  step     4  loss   1.5963  |     9176.2 ms  | warmup
{'loss': 1.5963, 'learning_rate': 0.0001, 'grad_norm': 0.6556097865104675, 'train/tokens_per_sec': 1619.0767213474232, 'train/step_time': 20.238695034000557, 'train/mfu': 180.57, 'train/efficiency': 26.27, 'train/forward_time_percent': 8.53, 'train/backward_time_percent': 17.21, 'train/optimizer_time_percent': 0.53, 'train/overhead_time_percent': 73.73, 'epoch': 0.03686635944700461}
  step     5  loss   1.6244  |     9170.5 ms  | warmup
{'loss': 1.6244, 'learning_rate': 0.0001, 'grad_norm': 0.42631426453590393, 'train/tokens_per_sec': 1619.4071148229123, 'train/step_time': 20.23456590999558, 'train/mfu': 173.44, 'train/efficiency': 27.33, 'train/forward_time_percent': 8.28, 'train/backward_time_percent': 18.53, 'train/optimizer_time_percent': 0.52, 'train/overhead_time_percent': 72.67, 'epoch': 0.04608294930875576}
{'loss': 1.6244, 'learning_rate': 0.0001, 'grad_norm': 0.42631426453590393, 'train/tokens_per_sec': 1619.3552099133233, 'train/step_time': 20.235214485001052, 'train/mfu': 180.67, 'train/efficiency': 26.18, 'train/forward_time_percent': 8.24, 'train/backward_time_percent': 17.5, 'train/optimizer_time_percent': 0.45, 'train/overhead_time_percent': 73.82, 'epoch': 0.04608294930875576}
{'loss': 1.6666, 'learning_rate': 0.0001, 'grad_norm': 0.34683114290237427, 'train/tokens_per_sec': 1619.4364053614893, 'train/step_time': 20.234199929996976, 'train/mfu': 183.49, 'train/efficiency': 25.82, 'train/forward_time_percent': 8.28, 'train/backward_time_percent': 17.05, 'train/optimizer_time_percent': 0.49, 'train/overhead_time_percent': 74.18, 'epoch': 0.055299539170506916}
  step     6  loss   1.6666  |     9169.1 ms  | warmup
{'loss': 1.6666, 'learning_rate': 0.0001, 'grad_norm': 0.34683114290237427, 'train/tokens_per_sec': 1619.478140327398, 'train/step_time': 20.233678481992683, 'train/mfu': 179.31, 'train/efficiency': 26.46, 'train/forward_time_percent': 8.27, 'train/backward_time_percent': 17.66, 'train/optimizer_time_percent': 0.53, 'train/overhead_time_percent': 73.54, 'epoch': 0.055299539170506916}
{'loss': 1.4879, 'learning_rate': 0.0001, 'grad_norm': 0.5367528200149536, 'train/tokens_per_sec': 1619.8003130330883, 'train/step_time': 20.229654073002166, 'train/mfu': 180.34, 'train/efficiency': 26.27, 'train/forward_time_percent': 8.44, 'train/backward_time_percent': 17.34, 'train/optimizer_time_percent': 0.48, 'train/overhead_time_percent': 73.73, 'epoch': 0.06451612903225806}
  step     7  loss   1.4879  |     9161.0 ms  | warmup
{'loss': 1.4879, 'learning_rate': 0.0001, 'grad_norm': 0.5367528200149536, 'train/tokens_per_sec': 1619.749827298263, 'train/step_time': 20.23028460799833, 'train/mfu': 176.31, 'train/efficiency': 26.86, 'train/forward_time_percent': 8.66, 'train/backward_time_percent': 17.72, 'train/optimizer_time_percent': 0.49, 'train/overhead_time_percent': 73.14, 'epoch': 0.06451612903225806}
  step     8  loss   1.5394  |     9157.3 ms  | warmup
{'loss': 1.5394, 'learning_rate': 0.0001, 'grad_norm': 0.498044490814209, 'train/tokens_per_sec': 1619.9845834642613, 'train/step_time': 20.22735298500629, 'train/mfu': 179.35, 'train/efficiency': 26.38, 'train/forward_time_percent': 8.37, 'train/backward_time_percent': 17.56, 'train/optimizer_time_percent': 0.45, 'train/overhead_time_percent': 73.62, 'epoch': 0.07373271889400922}
{'loss': 1.5394, 'learning_rate': 0.0001, 'grad_norm': 0.498044490814209, 'train/tokens_per_sec': 1619.8877900708617, 'train/step_time': 20.228561633004574, 'train/mfu': 180.89, 'train/efficiency': 26.21, 'train/forward_time_percent': 8.32, 'train/backward_time_percent': 17.39, 'train/optimizer_time_percent': 0.5, 'train/overhead_time_percent': 73.79, 'epoch': 0.07373271889400922}
{'loss': 1.5843, 'learning_rate': 0.0001, 'grad_norm': 0.5637254118919373, 'train/tokens_per_sec': 1619.1272395340807, 'train/step_time': 20.238063569006044, 'train/mfu': 176.46, 'train/efficiency': 26.79, 'train/forward_time_percent': 8.66, 'train/backward_time_percent': 17.68, 'train/optimizer_time_percent': 0.44, 'train/overhead_time_percent': 73.21, 'epoch': 0.08294930875576037}
  step     9  loss   1.5843  |     9177.2 ms  | warmup
{'loss': 1.5843, 'learning_rate': 0.0001, 'grad_norm': 0.5637254118919373, 'train/tokens_per_sec': 1619.1460060643715, 'train/step_time': 20.23782900199876, 'train/mfu': 181.25, 'train/efficiency': 26.18, 'train/forward_time_percent': 8.28, 'train/backward_time_percent': 17.37, 'train/optimizer_time_percent': 0.53, 'train/overhead_time_percent': 73.82, 'epoch': 0.08294930875576037}
{'loss': 1.6313, 'learning_rate': 0.0001, 'grad_norm': 0.4112570881843567, 'train/tokens_per_sec': 1618.8586971738525, 'train/step_time': 20.24142073499388, 'train/mfu': 179.66, 'train/efficiency': 26.4, 'train/forward_time_percent': 8.2, 'train/backward_time_percent': 17.67, 'train/optimizer_time_percent': 0.53, 'train/overhead_time_percent': 73.6, 'epoch': 0.09216589861751152}
  step    10  loss   1.6313  |     9172.3 ms  | warmup
{'loss': 1.6313, 'learning_rate': 0.0001, 'grad_norm': 0.4112570881843567, 'train/tokens_per_sec': 1618.9219295530643, 'train/step_time': 20.24063013900013, 'train/mfu': 182.44, 'train/efficiency': 25.98, 'train/forward_time_percent': 8.59, 'train/backward_time_percent': 16.89, 'train/optimizer_time_percent': 0.5, 'train/overhead_time_percent': 74.02, 'epoch': 0.09216589861751152}
{'loss': 1.3704, 'learning_rate': 0.0001, 'grad_norm': 0.39776843786239624, 'train/tokens_per_sec': 1619.3208793942558, 'train/step_time': 20.235643482999876, 'train/mfu': 178.56, 'train/efficiency': 26.57, 'train/forward_time_percent': 8.16, 'train/backward_time_percent': 17.88, 'train/optimizer_time_percent': 0.53, 'train/overhead_time_percent': 73.43, 'epoch': 0.10138248847926268}
{'loss': 1.3704, 'learning_rate': 0.0001, 'grad_norm': 0.39776843786239624, 'train/tokens_per_sec': 1619.3445718891282, 'train/step_time': 20.235347416994045, 'train/mfu': 181.16, 'train/efficiency': 26.19, 'train/forward_time_percent': 8.52, 'train/backward_time_percent': 17.14, 'train/optimizer_time_percent': 0.52, 'train/overhead_time_percent': 73.81, 'epoch': 0.10138248847926268}
{'loss': 1.459, 'learning_rate': 0.0001, 'grad_norm': 0.34253764152526855, 'train/tokens_per_sec': 1609.1861849326947, 'train/step_time': 20.363088067009812, 'train/mfu': 178.76, 'train/efficiency': 26.37, 'train/forward_time_percent': 8.35, 'train/backward_time_percent': 17.49, 'train/optimizer_time_percent': 0.52, 'train/overhead_time_percent': 73.63, 'epoch': 0.11059907834101383}
{'loss': 1.459, 'learning_rate': 0.0001, 'grad_norm': 0.34253764152526855, 'train/tokens_per_sec': 1609.2053582050137, 'train/step_time': 20.362845445997664, 'train/mfu': 180.93, 'train/efficiency': 26.03, 'train/forward_time_percent': 8.31, 'train/backward_time_percent': 17.23, 'train/optimizer_time_percent': 0.49, 'train/overhead_time_percent': 73.97, 'epoch': 0.11059907834101383}
{'loss': 1.5862, 'learning_rate': 0.0001, 'grad_norm': 0.40182971954345703, 'train/tokens_per_sec': 1618.1818329215384, 'train/step_time': 20.24988745599694, 'train/mfu': 180.19, 'train/efficiency': 26.31, 'train/forward_time_percent': 8.37, 'train/backward_time_percent': 17.41, 'train/optimizer_time_percent': 0.52, 'train/overhead_time_percent': 73.69, 'epoch': 0.11981566820276497}
{'loss': 1.5862, 'learning_rate': 0.0001, 'grad_norm': 0.40182971954345703, 'train/tokens_per_sec': 1618.1466858609238, 'train/step_time': 20.250327294997987, 'train/mfu': 177.3, 'train/efficiency': 26.73, 'train/forward_time_percent': 8.39, 'train/backward_time_percent': 17.81, 'train/optimizer_time_percent': 0.53, 'train/overhead_time_percent': 73.27, 'epoch': 0.11981566820276497}
{'loss': 1.4689, 'learning_rate': 0.0001, 'grad_norm': 0.38382667303085327, 'train/tokens_per_sec': 1618.9402738794006, 'train/step_time': 20.24040079099359, 'train/mfu': 178.63, 'train/efficiency': 26.55, 'train/forward_time_percent': 8.6, 'train/backward_time_percent': 17.42, 'train/optimizer_time_percent': 0.53, 'train/overhead_time_percent': 73.45, 'epoch': 0.12903225806451613}
{'loss': 1.4689, 'learning_rate': 0.0001, 'grad_norm': 0.38382667303085327, 'train/tokens_per_sec': 1618.7754906761977, 'train/step_time': 20.24246116199356, 'train/mfu': 173.56, 'train/efficiency': 27.26, 'train/forward_time_percent': 8.52, 'train/backward_time_percent': 18.26, 'train/optimizer_time_percent': 0.48, 'train/overhead_time_percent': 72.74, 'epoch': 0.12903225806451613}
{'loss': 1.5644, 'learning_rate': 0.0001, 'grad_norm': 0.2919575572013855, 'train/tokens_per_sec': 1618.851960374501, 'train/step_time': 20.241504969002563, 'train/mfu': 178.64, 'train/efficiency': 26.47, 'train/forward_time_percent': 8.5, 'train/backward_time_percent': 17.52, 'train/optimizer_time_percent': 0.45, 'train/overhead_time_percent': 73.53, 'epoch': 0.1382488479262673}
{'loss': 1.5644, 'learning_rate': 0.0001, 'grad_norm': 0.2919575572013855, 'train/tokens_per_sec': 1618.954452966968, 'train/step_time': 20.240223522007, 'train/mfu': 178.15, 'train/efficiency': 26.62, 'train/forward_time_percent': 8.37, 'train/backward_time_percent': 17.72, 'train/optimizer_time_percent': 0.53, 'train/overhead_time_percent': 73.38, 'epoch': 0.1382488479262673}
{'loss': 1.3501, 'learning_rate': 0.0001, 'grad_norm': 0.36688166856765747, 'train/tokens_per_sec': 1618.6590352018304, 'train/step_time': 20.24391751899384, 'train/mfu': 177.04, 'train/efficiency': 26.7, 'train/forward_time_percent': 8.68, 'train/backward_time_percent': 17.57, 'train/optimizer_time_percent': 0.45, 'train/overhead_time_percent': 73.3, 'epoch': 0.14746543778801843}
{'loss': 1.3501, 'learning_rate': 0.0001, 'grad_norm': 0.36688166856765747, 'train/tokens_per_sec': 1618.9074624575273, 'train/step_time': 20.240811016003136, 'train/mfu': 177.97, 'train/efficiency': 26.64, 'train/forward_time_percent': 8.62, 'train/backward_time_percent': 17.49, 'train/optimizer_time_percent': 0.52, 'train/overhead_time_percent': 73.36, 'epoch': 0.14746543778801843}
{'loss': 1.4398, 'learning_rate': 0.0001, 'grad_norm': 0.2819978892803192, 'train/tokens_per_sec': 1618.9282793298062, 'train/step_time': 20.2405507509975, 'train/mfu': 184.96, 'train/efficiency': 25.62, 'train/forward_time_percent': 8.28, 'train/backward_time_percent': 16.85, 'train/optimizer_time_percent': 0.49, 'train/overhead_time_percent': 74.38, 'epoch': 0.15668202764976957}
{'loss': 1.4398, 'learning_rate': 0.0001, 'grad_norm': 0.2819978892803192, 'train/tokens_per_sec': 1619.0082133652836, 'train/step_time': 20.239551430000574, 'train/mfu': 181.18, 'train/efficiency': 26.17, 'train/forward_time_percent': 8.35, 'train/backward_time_percent': 17.3, 'train/optimizer_time_percent': 0.51, 'train/overhead_time_percent': 73.83, 'epoch': 0.15668202764976957}
{'loss': 1.4925, 'learning_rate': 0.0001, 'grad_norm': 0.2602677643299103, 'train/tokens_per_sec': 1618.934138287738, 'train/step_time': 20.24047750000318, 'train/mfu': 176.68, 'train/efficiency': 26.78, 'train/forward_time_percent': 8.43, 'train/backward_time_percent': 17.87, 'train/optimizer_time_percent': 0.48, 'train/overhead_time_percent': 73.22, 'epoch': 0.16589861751152074}
{'loss': 1.4925, 'learning_rate': 0.0001, 'grad_norm': 0.2602677643299103, 'train/tokens_per_sec': 1618.869542757247, 'train/step_time': 20.241285128009622, 'train/mfu': 176.7, 'train/efficiency': 26.75, 'train/forward_time_percent': 8.63, 'train/backward_time_percent': 17.67, 'train/optimizer_time_percent': 0.45, 'train/overhead_time_percent': 73.25, 'epoch': 0.16589861751152074}
{'loss': 1.5328, 'learning_rate': 0.0001, 'grad_norm': 0.2680976390838623, 'train/tokens_per_sec': 1618.6150893507433, 'train/step_time': 20.24446714700025, 'train/mfu': 178.03, 'train/efficiency': 26.63, 'train/forward_time_percent': 8.26, 'train/backward_time_percent': 17.85, 'train/optimizer_time_percent': 0.53, 'train/overhead_time_percent': 73.37, 'epoch': 0.17511520737327188}
{'loss': 1.5328, 'learning_rate': 0.0001, 'grad_norm': 0.2680976390838623, 'train/tokens_per_sec': 1618.7491997556247, 'train/step_time': 20.242789929994615, 'train/mfu': 177.57, 'train/efficiency': 26.65, 'train/forward_time_percent': 8.71, 'train/backward_time_percent': 17.46, 'train/optimizer_time_percent': 0.48, 'train/overhead_time_percent': 73.35, 'epoch': 0.17511520737327188}
  step    20  loss   1.4459  |     9168.1 ms
{'loss': 1.4459, 'learning_rate': 0.0001, 'grad_norm': 0.39792600274086, 'train/tokens_per_sec': 1619.3900028606924, 'train/step_time': 20.234779727004934, 'train/mfu': 177.65, 'train/efficiency': 26.68, 'train/forward_time_percent': 8.4, 'train/backward_time_percent': 17.78, 'train/optimizer_time_percent': 0.51, 'train/overhead_time_percent': 73.32, 'epoch': 0.18433179723502305}
{'loss': 1.4459, 'learning_rate': 0.0001, 'grad_norm': 0.39792600274086, 'train/tokens_per_sec': 1619.2962218219589, 'train/step_time': 20.2359516180004, 'train/mfu': 182.82, 'train/efficiency': 25.89, 'train/forward_time_percent': 8.13, 'train/backward_time_percent': 17.29, 'train/optimizer_time_percent': 0.46, 'train/overhead_time_percent': 74.11, 'epoch': 0.18433179723502305}
{'loss': 1.3793, 'learning_rate': 0.0001, 'grad_norm': 0.38159555196762085, 'train/tokens_per_sec': 1618.4194594577118, 'train/step_time': 20.246914240007754, 'train/mfu': 179.05, 'train/efficiency': 26.4, 'train/forward_time_percent': 8.38, 'train/backward_time_percent': 17.57, 'train/optimizer_time_percent': 0.45, 'train/overhead_time_percent': 73.6, 'epoch': 0.1935483870967742}
{'loss': 1.3793, 'learning_rate': 0.0001, 'grad_norm': 0.38159555196762085, 'train/tokens_per_sec': 1618.4712831333832, 'train/step_time': 20.246265930996742, 'train/mfu': 177.5, 'train/efficiency': 26.62, 'train/forward_time_percent': 8.58, 'train/backward_time_percent': 17.59, 'train/optimizer_time_percent': 0.45, 'train/overhead_time_percent': 73.38, 'epoch': 0.1935483870967742}
{'loss': 1.474, 'learning_rate': 0.0001, 'grad_norm': 0.34540197253227234, 'train/tokens_per_sec': 1619.3376960430608, 'train/step_time': 20.23543333800626, 'train/mfu': 175.64, 'train/efficiency': 26.91, 'train/forward_time_percent': 8.7, 'train/backward_time_percent': 17.77, 'train/optimizer_time_percent': 0.44, 'train/overhead_time_percent': 73.09, 'epoch': 0.20276497695852536}
{'loss': 1.474, 'learning_rate': 0.0001, 'grad_norm': 0.34540197253227234, 'train/tokens_per_sec': 1619.3706581539473, 'train/step_time': 20.235021447995678, 'train/mfu': 179.53, 'train/efficiency': 26.42, 'train/forward_time_percent': 8.27, 'train/backward_time_percent': 17.63, 'train/optimizer_time_percent': 0.53, 'train/overhead_time_percent': 73.58, 'epoch': 0.20276497695852536}
{'loss': 1.3293, 'learning_rate': 0.0001, 'grad_norm': 0.3399229645729065, 'train/tokens_per_sec': 1618.7959961043662, 'train/step_time': 20.2422047489963, 'train/mfu': 177.05, 'train/efficiency': 26.79, 'train/forward_time_percent': 8.38, 'train/backward_time_percent': 17.87, 'train/optimizer_time_percent': 0.54, 'train/overhead_time_percent': 73.21, 'epoch': 0.2119815668202765}{'loss': 1.3293, 'learning_rate': 0.0001, 'grad_norm': 0.3399229645729065, 'train/tokens_per_sec': 1618.7811813909093, 'train/step_time': 20.242390001003514, 'train/mfu': 184.54, 'train/efficiency': 25.64, 'train/forward_time_percent': 8.13, 'train/backward_time_percent': 17.06, 'train/optimizer_time_percent': 0.45, 'train/overhead_time_percent': 74.36, 'epoch': 0.2119815668202765}

{'loss': 1.362, 'learning_rate': 0.0001, 'grad_norm': 0.4529367685317993, 'train/tokens_per_sec': 1619.2948897176184, 'train/step_time': 20.23596826499852, 'train/mfu': 176.05, 'train/efficiency': 26.85, 'train/forward_time_percent': 8.5, 'train/backward_time_percent': 17.91, 'train/optimizer_time_percent': 0.45, 'train/overhead_time_percent': 73.15, 'epoch': 0.22119815668202766}
{'loss': 1.362, 'learning_rate': 0.0001, 'grad_norm': 0.4529367685317993, 'train/tokens_per_sec': 1619.1286628081405, 'train/step_time': 20.23804577899864, 'train/mfu': 180.84, 'train/efficiency': 26.23, 'train/forward_time_percent': 8.47, 'train/backward_time_percent': 17.23, 'train/optimizer_time_percent': 0.52, 'train/overhead_time_percent': 73.77, 'epoch': 0.22119815668202766}
{'loss': 1.5064, 'learning_rate': 0.0001, 'grad_norm': 3.0456578731536865, 'train/tokens_per_sec': 1618.6329716981386, 'train/step_time': 20.244243490000372, 'train/mfu': 177.27, 'train/efficiency': 26.74, 'train/forward_time_percent': 8.43, 'train/backward_time_percent': 17.79, 'train/optimizer_time_percent': 0.52, 'train/overhead_time_percent': 73.26, 'epoch': 0.2304147465437788}
{'loss': 1.5064, 'learning_rate': 0.0001, 'grad_norm': 3.0456578731536865, 'train/tokens_per_sec': 1618.830253026117, 'train/step_time': 20.241776393013424, 'train/mfu': 177.49, 'train/efficiency': 26.63, 'train/forward_time_percent': 8.62, 'train/backward_time_percent': 17.57, 'train/optimizer_time_percent': 0.44, 'train/overhead_time_percent': 73.37, 'epoch': 0.2304147465437788}
{'loss': 1.4193, 'learning_rate': 0.0001, 'grad_norm': 0.4472389221191406, 'train/tokens_per_sec': 1618.7124946706338, 'train/step_time': 20.243248945000232, 'train/mfu': 181.34, 'train/efficiency': 26.16, 'train/forward_time_percent': 8.21, 'train/backward_time_percent': 17.41, 'train/optimizer_time_percent': 0.54, 'train/overhead_time_percent': 73.84, 'epoch': 0.23963133640552994}
{'loss': 1.4193, 'learning_rate': 0.0001, 'grad_norm': 0.4472389221191406, 'train/tokens_per_sec': 1618.7468230681884, 'train/step_time': 20.2428196510009, 'train/mfu': 180.36, 'train/efficiency': 26.3, 'train/forward_time_percent': 8.57, 'train/backward_time_percent': 17.2, 'train/optimizer_time_percent': 0.53, 'train/overhead_time_percent': 73.7, 'epoch': 0.23963133640552994}
{'loss': 1.6727, 'learning_rate': 0.0001, 'grad_norm': 1.5826008319854736, 'train/tokens_per_sec': 1620.248515475721, 'train/step_time': 20.22405802999856, 'train/mfu': 177.37, 'train/efficiency': 26.76, 'train/forward_time_percent': 8.79, 'train/backward_time_percent': 17.44, 'train/optimizer_time_percent': 0.53, 'train/overhead_time_percent': 73.24, 'epoch': 0.2488479262672811}
{'loss': 1.6727, 'learning_rate': 0.0001, 'grad_norm': 1.5826008319854736, 'train/tokens_per_sec': 1620.3490655214048, 'train/step_time': 20.222803035008837, 'train/mfu': 181.28, 'train/efficiency': 26.14, 'train/forward_time_percent': 8.41, 'train/backward_time_percent': 17.25, 'train/optimizer_time_percent': 0.48, 'train/overhead_time_percent': 73.86, 'epoch': 0.2488479262672811}
{'loss': 1.5164, 'learning_rate': 0.0001, 'grad_norm': 0.5932685732841492, 'train/tokens_per_sec': 1620.0780418428171, 'train/step_time': 20.22618611800135, 'train/mfu': 178.2, 'train/efficiency': 26.62, 'train/forward_time_percent': 8.49, 'train/backward_time_percent': 17.61, 'train/optimizer_time_percent': 0.52, 'train/overhead_time_percent': 73.38, 'epoch': 0.25806451612903225}
{'loss': 1.5164, 'learning_rate': 0.0001, 'grad_norm': 0.5932685732841492, 'train/tokens_per_sec': 1620.1182027182929, 'train/step_time': 20.225684734003153, 'train/mfu': 177.08, 'train/efficiency': 26.74, 'train/forward_time_percent': 8.61, 'train/backward_time_percent': 17.65, 'train/optimizer_time_percent': 0.48, 'train/overhead_time_percent': 73.26, 'epoch': 0.25806451612903225}
{'loss': 2.5396, 'learning_rate': 0.0001, 'grad_norm': 4.1318440437316895, 'train/tokens_per_sec': 1618.6903813432587, 'train/step_time': 20.24352549300238, 'train/mfu': 175.0, 'train/efficiency': 27.08, 'train/forward_time_percent': 8.8, 'train/backward_time_percent': 17.75, 'train/optimizer_time_percent': 0.53, 'train/overhead_time_percent': 72.92, 'epoch': 0.2672811059907834}
{'loss': 2.5396, 'learning_rate': 0.0001, 'grad_norm': 4.1318440437316895, 'train/tokens_per_sec': 1618.5373265987632, 'train/step_time': 20.245439794001868, 'train/mfu': 180.91, 'train/efficiency': 26.16, 'train/forward_time_percent': 8.57, 'train/backward_time_percent': 17.12, 'train/optimizer_time_percent': 0.47, 'train/overhead_time_percent': 73.84, 'epoch': 0.2672811059907834}
{'loss': 1.2812, 'learning_rate': 0.0001, 'grad_norm': 0.3833799362182617, 'train/tokens_per_sec': 1619.2380132929625, 'train/step_time': 20.236679061999894, 'train/mfu': 177.62, 'train/efficiency': 26.68, 'train/forward_time_percent': 8.55, 'train/backward_time_percent': 17.62, 'train/optimizer_time_percent': 0.51, 'train/overhead_time_percent': 73.32, 'epoch': 0.2764976958525346}  step    30  loss   1.2812  |     9170.9 ms

{'loss': 1.2812, 'learning_rate': 0.0001, 'grad_norm': 0.3833799362182617, 'train/tokens_per_sec': 1619.4070366318426, 'train/step_time': 20.234566886996618, 'train/mfu': 183.06, 'train/efficiency': 25.93, 'train/forward_time_percent': 8.41, 'train/backward_time_percent': 16.99, 'train/optimizer_time_percent': 0.53, 'train/overhead_time_percent': 74.07, 'epoch': 0.2764976958525346}
{'loss': 1.145, 'learning_rate': 0.0001, 'grad_norm': 0.40615251660346985, 'train/tokens_per_sec': 1618.1322874334178, 'train/step_time': 20.250507485994603, 'train/mfu': 177.36, 'train/efficiency': 26.64, 'train/forward_time_percent': 8.45, 'train/backward_time_percent': 17.74, 'train/optimizer_time_percent': 0.45, 'train/overhead_time_percent': 73.36, 'epoch': 0.2857142857142857}
{'loss': 1.145, 'learning_rate': 0.0001, 'grad_norm': 0.40615251660346985, 'train/tokens_per_sec': 1618.2778494353222, 'train/step_time': 20.24868597900786, 'train/mfu': 175.96, 'train/efficiency': 26.93, 'train/forward_time_percent': 8.54, 'train/backward_time_percent': 17.87, 'train/optimizer_time_percent': 0.53, 'train/overhead_time_percent': 73.07, 'epoch': 0.2857142857142857}
{'loss': 1.1766, 'learning_rate': 0.0001, 'grad_norm': 0.38072213530540466, 'train/tokens_per_sec': 1618.0934058230275, 'train/step_time': 20.250994090994936, 'train/mfu': 180.17, 'train/efficiency': 26.31, 'train/forward_time_percent': 8.4, 'train/backward_time_percent': 17.38, 'train/optimizer_time_percent': 0.53, 'train/overhead_time_percent': 73.69, 'epoch': 0.29493087557603687}
{'loss': 1.1766, 'learning_rate': 0.0001, 'grad_norm': 0.38072213530540466, 'train/tokens_per_sec': 1618.137754204782, 'train/step_time': 20.250439070994616, 'train/mfu': 175.63, 'train/efficiency': 26.92, 'train/forward_time_percent': 8.41, 'train/backward_time_percent': 18.04, 'train/optimizer_time_percent': 0.47, 'train/overhead_time_percent': 73.08, 'epoch': 0.29493087557603687}
{'loss': 1.4242, 'learning_rate': 0.0001, 'grad_norm': 0.36333346366882324, 'train/tokens_per_sec': 1619.6772968796456, 'train/step_time': 20.231190535996575, 'train/mfu': 177.43, 'train/efficiency': 26.72, 'train/forward_time_percent': 8.51, 'train/backward_time_percent': 17.7, 'train/optimizer_time_percent': 0.51, 'train/overhead_time_percent': 73.28, 'epoch': 0.30414746543778803}
{'loss': 1.4242, 'learning_rate': 0.0001, 'grad_norm': 0.36333346366882324, 'train/tokens_per_sec': 1619.5491360414997, 'train/step_time': 20.232791503993212, 'train/mfu': 178.77, 'train/efficiency': 26.46, 'train/forward_time_percent': 8.2, 'train/backward_time_percent': 17.81, 'train/optimizer_time_percent': 0.46, 'train/overhead_time_percent': 73.54, 'epoch': 0.30414746543778803}
{'loss': 1.4686, 'learning_rate': 0.0001, 'grad_norm': 0.29636603593826294, 'train/tokens_per_sec': 1619.4881517139677, 'train/step_time': 20.233553401005338, 'train/mfu': 174.35, 'train/efficiency': 27.14, 'train/forward_time_percent': 8.43, 'train/backward_time_percent': 18.24, 'train/optimizer_time_percent': 0.47, 'train/overhead_time_percent': 72.86, 'epoch': 0.31336405529953915}{'loss': 1.4686, 'learning_rate': 0.0001, 'grad_norm': 0.29636603593826294, 'train/tokens_per_sec': 1619.4876480248804, 'train/step_time': 20.23355969399563, 'train/mfu': 180.36, 'train/efficiency': 26.31, 'train/forward_time_percent': 8.39, 'train/backward_time_percent': 17.38, 'train/optimizer_time_percent': 0.53, 'train/overhead_time_percent': 73.69, 'epoch': 0.31336405529953915}

{'loss': 1.4863, 'learning_rate': 0.0001, 'grad_norm': 0.3275444209575653, 'train/tokens_per_sec': 1619.6647851246973, 'train/step_time': 20.23134682000091, 'train/mfu': 181.04, 'train/efficiency': 26.21, 'train/forward_time_percent': 8.64, 'train/backward_time_percent': 17.04, 'train/optimizer_time_percent': 0.52, 'train/overhead_time_percent': 73.79, 'epoch': 0.3225806451612903}{'loss': 1.4863, 'learning_rate': 0.0001, 'grad_norm': 0.3275444209575653, 'train/tokens_per_sec': 1619.5093376277082, 'train/step_time': 20.233288711999194, 'train/mfu': 174.59, 'train/efficiency': 27.08, 'train/forward_time_percent': 8.26, 'train/backward_time_percent': 18.38, 'train/optimizer_time_percent': 0.45, 'train/overhead_time_percent': 72.92, 'epoch': 0.3225806451612903}

{'loss': 1.357, 'learning_rate': 0.0001, 'grad_norm': 0.2853561043739319, 'train/tokens_per_sec': 1618.5503645811684, 'train/step_time': 20.24527670998941, 'train/mfu': 179.59, 'train/efficiency': 26.4, 'train/forward_time_percent': 8.56, 'train/backward_time_percent': 17.31, 'train/optimizer_time_percent': 0.53, 'train/overhead_time_percent': 73.6, 'epoch': 0.3317972350230415}
{'loss': 1.357, 'learning_rate': 0.0001, 'grad_norm': 0.2853561043739319, 'train/tokens_per_sec': 1618.4046758560726, 'train/step_time': 20.247099189000437, 'train/mfu': 178.88, 'train/efficiency': 26.45, 'train/forward_time_percent': 8.62, 'train/backward_time_percent': 17.35, 'train/optimizer_time_percent': 0.48, 'train/overhead_time_percent': 73.55, 'epoch': 0.3317972350230415}
{'loss': 1.4461, 'learning_rate': 0.0001, 'grad_norm': 0.3563007116317749, 'train/tokens_per_sec': 1619.8024920772102, 'train/step_time': 20.229626858999836, 'train/mfu': 177.72, 'train/efficiency': 26.7, 'train/forward_time_percent': 8.5, 'train/backward_time_percent': 17.67, 'train/optimizer_time_percent': 0.53, 'train/overhead_time_percent': 73.3, 'epoch': 0.34101382488479265}
{'loss': 1.4461, 'learning_rate': 0.0001, 'grad_norm': 0.3563007116317749, 'train/tokens_per_sec': 1619.899565408561, 'train/step_time': 20.228414587996667, 'train/mfu': 180.51, 'train/efficiency': 26.23, 'train/forward_time_percent': 8.59, 'train/backward_time_percent': 17.18, 'train/optimizer_time_percent': 0.46, 'train/overhead_time_percent': 73.77, 'epoch': 0.34101382488479265}
{'loss': 1.3256, 'learning_rate': 0.0001, 'grad_norm': 0.27796944975852966, 'train/tokens_per_sec': 1619.0430977172991, 'train/step_time': 20.239115343007143, 'train/mfu': 177.71, 'train/efficiency': 26.63, 'train/forward_time_percent': 8.63, 'train/backward_time_percent': 17.52, 'train/optimizer_time_percent': 0.47, 'train/overhead_time_percent': 73.37, 'epoch': 0.35023041474654376}
{'loss': 1.3256, 'learning_rate': 0.0001, 'grad_norm': 0.27796944975852966, 'train/tokens_per_sec': 1619.0584887254913, 'train/step_time': 20.238922946999082, 'train/mfu': 181.7, 'train/efficiency': 26.1, 'train/forward_time_percent': 8.28, 'train/backward_time_percent': 17.3, 'train/optimizer_time_percent': 0.52, 'train/overhead_time_percent': 73.9, 'epoch': 0.35023041474654376}
{'loss': 1.3425, 'learning_rate': 0.0001, 'grad_norm': 0.21503734588623047, 'train/tokens_per_sec': 1619.4995739446524, 'train/step_time': 20.233410695000202, 'train/mfu': 180.54, 'train/efficiency': 26.2, 'train/forward_time_percent': 8.47, 'train/backward_time_percent': 17.28, 'train/optimizer_time_percent': 0.45, 'train/overhead_time_percent': 73.8, 'epoch': 0.35944700460829493}
{'loss': 1.3425, 'learning_rate': 0.0001, 'grad_norm': 0.21503734588623047, 'train/tokens_per_sec': 1619.3669999958047, 'train/step_time': 20.235067159010214, 'train/mfu': 177.31, 'train/efficiency': 26.75, 'train/forward_time_percent': 8.25, 'train/backward_time_percent': 17.97, 'train/optimizer_time_percent': 0.53, 'train/overhead_time_percent': 73.25, 'epoch': 0.35944700460829493}
  step    40  loss   1.3120  |     9160.9 ms
{'loss': 1.312, 'learning_rate': 0.0001, 'grad_norm': 0.19281180202960968, 'train/tokens_per_sec': 1619.2984326377075, 'train/step_time': 20.235923990010633, 'train/mfu': 178.65, 'train/efficiency': 26.48, 'train/forward_time_percent': 8.47, 'train/backward_time_percent': 17.55, 'train/optimizer_time_percent': 0.46, 'train/overhead_time_percent': 73.52, 'epoch': 0.3686635944700461}
{'loss': 1.312, 'learning_rate': 0.0001, 'grad_norm': 0.19281180202960968, 'train/tokens_per_sec': 1619.3440795712584, 'train/step_time': 20.235353569005383, 'train/mfu': 177.92, 'train/efficiency': 26.65, 'train/forward_time_percent': 8.41, 'train/backward_time_percent': 17.72, 'train/optimizer_time_percent': 0.52, 'train/overhead_time_percent': 73.35, 'epoch': 0.3686635944700461}
{'loss': 2.5686, 'learning_rate': 0.0001, 'grad_norm': 3.849879503250122, 'train/tokens_per_sec': 1619.1371184956229, 'train/step_time': 20.23794008900586, 'train/mfu': 174.92, 'train/efficiency': 27.05, 'train/forward_time_percent': 8.43, 'train/backward_time_percent': 18.15, 'train/optimizer_time_percent': 0.47, 'train/overhead_time_percent': 72.95, 'epoch': 0.3778801843317972}{'loss': 2.5686, 'learning_rate': 0.0001, 'grad_norm': 3.849879503250122, 'train/tokens_per_sec': 1618.9193073685717, 'train/step_time': 20.24066292300995, 'train/mfu': 175.73, 'train/efficiency': 26.97, 'train/forward_time_percent': 8.75, 'train/backward_time_percent': 17.7, 'train/optimizer_time_percent': 0.52, 'train/overhead_time_percent': 73.03, 'epoch': 0.3778801843317972}

{'loss': 1.2284, 'learning_rate': 0.0001, 'grad_norm': 0.2441054880619049, 'train/tokens_per_sec': 1618.7790461192503, 'train/step_time': 20.242416701992624, 'train/mfu': 175.77, 'train/efficiency': 26.89, 'train/forward_time_percent': 8.41, 'train/backward_time_percent': 18.03, 'train/optimizer_time_percent': 0.45, 'train/overhead_time_percent': 73.11, 'epoch': 0.3870967741935484}
{'loss': 1.2284, 'learning_rate': 0.0001, 'grad_norm': 0.2441054880619049, 'train/tokens_per_sec': 1618.5949761100085, 'train/step_time': 20.244718711997848, 'train/mfu': 177.26, 'train/efficiency': 26.74, 'train/forward_time_percent': 8.39, 'train/backward_time_percent': 17.82, 'train/optimizer_time_percent': 0.53, 'train/overhead_time_percent': 73.26, 'epoch': 0.3870967741935484}
{'loss': 1.4104, 'learning_rate': 0.0001, 'grad_norm': 0.25306788086891174, 'train/tokens_per_sec': 1620.8668515637773, 'train/step_time': 20.21634285899927, 'train/mfu': 174.25, 'train/efficiency': 27.16, 'train/forward_time_percent': 8.54, 'train/backward_time_percent': 18.16, 'train/optimizer_time_percent': 0.46, 'train/overhead_time_percent': 72.84, 'epoch': 0.39631336405529954}
{'loss': 1.4104, 'learning_rate': 0.0001, 'grad_norm': 0.25306788086891174, 'train/tokens_per_sec': 1620.9383404998352, 'train/step_time': 20.215451248994214, 'train/mfu': 181.91, 'train/efficiency': 26.11, 'train/forward_time_percent': 8.3, 'train/backward_time_percent': 17.28, 'train/optimizer_time_percent': 0.53, 'train/overhead_time_percent': 73.89, 'epoch': 0.39631336405529954}
{'loss': 1.2946, 'learning_rate': 0.0001, 'grad_norm': 0.1900920271873474, 'train/tokens_per_sec': 1619.2852390473918, 'train/step_time': 20.23608886799775, 'train/mfu': 180.45, 'train/efficiency': 26.26, 'train/forward_time_percent': 8.15, 'train/backward_time_percent': 17.62, 'train/optimizer_time_percent': 0.5, 'train/overhead_time_percent': 73.74, 'epoch': 0.4055299539170507}
{'loss': 1.2946, 'learning_rate': 0.0001, 'grad_norm': 0.1900920271873474, 'train/tokens_per_sec': 1619.287544016775, 'train/step_time': 20.236060063005425, 'train/mfu': 176.37, 'train/efficiency': 26.88, 'train/forward_time_percent': 8.36, 'train/backward_time_percent': 18.0, 'train/optimizer_time_percent': 0.52, 'train/overhead_time_percent': 73.12, 'epoch': 0.4055299539170507}
{'loss': 1.4532, 'learning_rate': 0.0001, 'grad_norm': 0.2471589297056198, 'train/tokens_per_sec': 1618.7650285999164, 'train/step_time': 20.24259198899381, 'train/mfu': 180.04, 'train/efficiency': 26.35, 'train/forward_time_percent': 8.56, 'train/backward_time_percent': 17.26, 'train/optimizer_time_percent': 0.53, 'train/overhead_time_percent': 73.65, 'epoch': 0.4147465437788018}
{'loss': 1.4532, 'learning_rate': 0.0001, 'grad_norm': 0.2471589297056198, 'train/tokens_per_sec': 1618.7575138563006, 'train/step_time': 20.242685960998642, 'train/mfu': 178.5, 'train/efficiency': 26.57, 'train/forward_time_percent': 8.69, 'train/backward_time_percent': 17.34, 'train/optimizer_time_percent': 0.53, 'train/overhead_time_percent': 73.43, 'epoch': 0.4147465437788018}
{'loss': 1.3902, 'learning_rate': 0.0001, 'grad_norm': 0.21076910197734833, 'train/tokens_per_sec': 1618.9808975768274, 'train/step_time': 20.23989291599719, 'train/mfu': 176.94, 'train/efficiency': 26.79, 'train/forward_time_percent': 8.69, 'train/backward_time_percent': 17.57, 'train/optimizer_time_percent': 0.53, 'train/overhead_time_percent': 73.21, 'epoch': 0.423963133640553}
{'loss': 1.3902, 'learning_rate': 0.0001, 'grad_norm': 0.21076910197734833, 'train/tokens_per_sec': 1619.1604127781127, 'train/step_time': 20.23764893299085, 'train/mfu': 180.67, 'train/efficiency': 26.18, 'train/forward_time_percent': 8.28, 'train/backward_time_percent': 17.45, 'train/optimizer_time_percent': 0.45, 'train/overhead_time_percent': 73.82, 'epoch': 0.423963133640553}
{'loss': 1.4251, 'learning_rate': 0.0001, 'grad_norm': 0.21525165438652039, 'train/tokens_per_sec': 1618.7041380919197, 'train/step_time': 20.243353451005532, 'train/mfu': 179.58, 'train/efficiency': 26.41, 'train/forward_time_percent': 8.4, 'train/backward_time_percent': 17.48, 'train/optimizer_time_percent': 0.53, 'train/overhead_time_percent': 73.59, 'epoch': 0.43317972350230416}{'loss': 1.4251, 'learning_rate': 0.0001, 'grad_norm': 0.21525165438652039, 'train/tokens_per_sec': 1618.7622681795226, 'train/step_time': 20.242626507999375, 'train/mfu': 176.64, 'train/efficiency': 26.84, 'train/forward_time_percent': 8.44, 'train/backward_time_percent': 17.87, 'train/optimizer_time_percent': 0.53, 'train/overhead_time_percent': 73.16, 'epoch': 0.43317972350230416}

{'loss': 1.2517, 'learning_rate': 0.0001, 'grad_norm': 0.20954662561416626, 'train/tokens_per_sec': 1618.7818896047029, 'train/step_time': 20.242381144998944, 'train/mfu': 178.37, 'train/efficiency': 26.57, 'train/forward_time_percent': 8.54, 'train/backward_time_percent': 17.51, 'train/optimizer_time_percent': 0.52, 'train/overhead_time_percent': 73.43, 'epoch': 0.4423963133640553}
{'loss': 1.2517, 'learning_rate': 0.0001, 'grad_norm': 0.20954662561416626, 'train/tokens_per_sec': 1618.5093922691256, 'train/step_time': 20.245789216001867, 'train/mfu': 177.21, 'train/efficiency': 26.69, 'train/forward_time_percent': 8.33, 'train/backward_time_percent': 17.89, 'train/optimizer_time_percent': 0.47, 'train/overhead_time_percent': 73.31, 'epoch': 0.4423963133640553}
{'loss': 1.275, 'learning_rate': 0.0001, 'grad_norm': 0.22317242622375488, 'train/tokens_per_sec': 1618.5044498070263, 'train/step_time': 20.245851041006972, 'train/mfu': 179.81, 'train/efficiency': 26.36, 'train/forward_time_percent': 8.73, 'train/backward_time_percent': 17.11, 'train/optimizer_time_percent': 0.52, 'train/overhead_time_percent': 73.64, 'epoch': 0.45161290322580644}
{'loss': 1.275, 'learning_rate': 0.0001, 'grad_norm': 0.22317242622375488, 'train/tokens_per_sec': 1618.2585701296296, 'train/step_time': 20.24892721400829, 'train/mfu': 179.76, 'train/efficiency': 26.32, 'train/forward_time_percent': 8.31, 'train/backward_time_percent': 17.54, 'train/optimizer_time_percent': 0.47, 'train/overhead_time_percent': 73.68, 'epoch': 0.45161290322580644}
{'loss': 1.765, 'learning_rate': 0.0001, 'grad_norm': 0.7700636982917786, 'train/tokens_per_sec': 1618.7184134794072, 'train/step_time': 20.243174925999483, 'train/mfu': 176.34, 'train/efficiency': 26.85, 'train/forward_time_percent': 8.39, 'train/backward_time_percent': 17.96, 'train/optimizer_time_percent': 0.5, 'train/overhead_time_percent': 73.15, 'epoch': 0.4608294930875576}
  step    50  loss   1.7650  |     9178.0 ms
{'loss': 1.765, 'learning_rate': 0.0001, 'grad_norm': 0.7700636982917786, 'train/tokens_per_sec': 1618.5873431787268, 'train/step_time': 20.24481418200594, 'train/mfu': 179.81, 'train/efficiency': 26.37, 'train/forward_time_percent': 8.33, 'train/backward_time_percent': 17.51, 'train/optimizer_time_percent': 0.53, 'train/overhead_time_percent': 73.63, 'epoch': 0.4608294930875576}
{'loss': 1.1615, 'learning_rate': 0.0001, 'grad_norm': 0.1963159739971161, 'train/tokens_per_sec': 1618.3385031843486, 'train/step_time': 20.24792707800225, 'train/mfu': 180.53, 'train/efficiency': 26.27, 'train/forward_time_percent': 8.61, 'train/backward_time_percent': 17.13, 'train/optimizer_time_percent': 0.53, 'train/overhead_time_percent': 73.73, 'epoch': 0.4700460829493088}
{'loss': 1.1615, 'learning_rate': 0.0001, 'grad_norm': 0.1963159739971161, 'train/tokens_per_sec': 1618.31274883717, 'train/step_time': 20.248249309996027, 'train/mfu': 179.19, 'train/efficiency': 26.46, 'train/forward_time_percent': 8.45, 'train/backward_time_percent': 17.48, 'train/optimizer_time_percent': 0.53, 'train/overhead_time_percent': 73.54, 'epoch': 0.4700460829493088}
{'loss': 1.2664, 'learning_rate': 0.0001, 'grad_norm': 0.2257148176431656, 'train/tokens_per_sec': 1618.8132324281319, 'train/step_time': 20.241989219997777, 'train/mfu': 178.05, 'train/efficiency': 26.55, 'train/forward_time_percent': 8.69, 'train/backward_time_percent': 17.42, 'train/optimizer_time_percent': 0.45, 'train/overhead_time_percent': 73.45, 'epoch': 0.4792626728110599}
{'loss': 1.2664, 'learning_rate': 0.0001, 'grad_norm': 0.2257148176431656, 'train/tokens_per_sec': 1619.09550934621, 'train/step_time': 20.23846018400218, 'train/mfu': 178.36, 'train/efficiency': 26.59, 'train/forward_time_percent': 8.4, 'train/backward_time_percent': 17.67, 'train/optimizer_time_percent': 0.53, 'train/overhead_time_percent': 73.41, 'epoch': 0.4792626728110599}
{'loss': 1.3685, 'learning_rate': 0.0001, 'grad_norm': 0.22281242907047272, 'train/tokens_per_sec': 1617.7478329446305, 'train/step_time': 20.255319977994077, 'train/mfu': 169.74, 'train/efficiency': 27.9, 'train/forward_time_percent': 9.45, 'train/backward_time_percent': 17.91, 'train/optimizer_time_percent': 0.53, 'train/overhead_time_percent': 72.1, 'epoch': 0.48847926267281105}{'loss': 1.3685, 'learning_rate': 0.0001, 'grad_norm': 0.22281242907047272, 'train/tokens_per_sec': 1618.0039263688452, 'train/step_time': 20.25211401899287, 'train/mfu': 170.91, 'train/efficiency': 27.63, 'train/forward_time_percent': 9.84, 'train/backward_time_percent': 17.34, 'train/optimizer_time_percent': 0.45, 'train/overhead_time_percent': 72.37, 'epoch': 0.48847926267281105}

{'loss': 1.3534, 'learning_rate': 0.0001, 'grad_norm': 0.20522965490818024, 'train/tokens_per_sec': 1618.9035867621076, 'train/step_time': 20.24085947300773, 'train/mfu': 175.88, 'train/efficiency': 26.92, 'train/forward_time_percent': 8.63, 'train/backward_time_percent': 17.8, 'train/optimizer_time_percent': 0.5, 'train/overhead_time_percent': 73.08, 'epoch': 0.4976958525345622}
{'loss': 1.3534, 'learning_rate': 0.0001, 'grad_norm': 0.20522965490818024, 'train/tokens_per_sec': 1618.6747566558524, 'train/step_time': 20.243720899001346, 'train/mfu': 179.39, 'train/efficiency': 26.38, 'train/forward_time_percent': 8.49, 'train/backward_time_percent': 17.41, 'train/optimizer_time_percent': 0.47, 'train/overhead_time_percent': 73.62, 'epoch': 0.4976958525345622}
{'loss': 1.558, 'learning_rate': 0.0001, 'grad_norm': 0.26455575227737427, 'train/tokens_per_sec': 1618.970303184179, 'train/step_time': 20.24002536399348, 'train/mfu': 175.56, 'train/efficiency': 27.01, 'train/forward_time_percent': 8.53, 'train/backward_time_percent': 17.95, 'train/optimizer_time_percent': 0.53, 'train/overhead_time_percent': 72.99, 'epoch': 0.5069124423963134}{'loss': 1.558, 'learning_rate': 0.0001, 'grad_norm': 0.26455575227737427, 'train/tokens_per_sec': 1618.8341586825145, 'train/step_time': 20.241727556989645, 'train/mfu': 177.87, 'train/efficiency': 26.62, 'train/forward_time_percent': 8.28, 'train/backward_time_percent': 17.85, 'train/optimizer_time_percent': 0.49, 'train/overhead_time_percent': 73.38, 'epoch': 0.5069124423963134}

{'loss': 1.3229, 'learning_rate': 0.0001, 'grad_norm': 0.23019416630268097, 'train/tokens_per_sec': 1617.825206977626, 'train/step_time': 20.25435124800424, 'train/mfu': 173.64, 'train/efficiency': 27.2, 'train/forward_time_percent': 8.5, 'train/backward_time_percent': 18.25, 'train/optimizer_time_percent': 0.45, 'train/overhead_time_percent': 72.8, 'epoch': 0.5161290322580645}
{'loss': 1.3229, 'learning_rate': 0.0001, 'grad_norm': 0.23019416630268097, 'train/tokens_per_sec': 1617.800086382079, 'train/step_time': 20.254665750006097, 'train/mfu': 178.57, 'train/efficiency': 26.53, 'train/forward_time_percent': 8.51, 'train/backward_time_percent': 17.5, 'train/optimizer_time_percent': 0.52, 'train/overhead_time_percent': 73.47, 'epoch': 0.5161290322580645}
{'loss': 1.7216, 'learning_rate': 0.0001, 'grad_norm': 0.40875324606895447, 'train/tokens_per_sec': 1618.279778950383, 'train/step_time': 20.248661835998064, 'train/mfu': 181.88, 'train/efficiency': 26.07, 'train/forward_time_percent': 8.59, 'train/backward_time_percent': 16.95, 'train/optimizer_time_percent': 0.53, 'train/overhead_time_percent': 73.93, 'epoch': 0.5253456221198156}{'loss': 1.7216, 'learning_rate': 0.0001, 'grad_norm': 0.40875324606895447, 'train/tokens_per_sec': 1618.160530858406, 'train/step_time': 20.25015403299767, 'train/mfu': 182.47, 'train/efficiency': 25.98, 'train/forward_time_percent': 8.02, 'train/backward_time_percent': 17.44, 'train/optimizer_time_percent': 0.53, 'train/overhead_time_percent': 74.02, 'epoch': 0.5253456221198156}

{'loss': 1.3594, 'learning_rate': 0.0001, 'grad_norm': 0.19381174445152283, 'train/tokens_per_sec': 1619.064387984888, 'train/step_time': 20.23884920400451, 'train/mfu': 175.55, 'train/efficiency': 26.98, 'train/forward_time_percent': 8.58, 'train/backward_time_percent': 17.9, 'train/optimizer_time_percent': 0.5, 'train/overhead_time_percent': 73.02, 'epoch': 0.5345622119815668}
{'loss': 1.3594, 'learning_rate': 0.0001, 'grad_norm': 0.19381174445152283, 'train/tokens_per_sec': 1618.949270708164, 'train/step_time': 20.240288310989854, 'train/mfu': 178.02, 'train/efficiency': 26.64, 'train/forward_time_percent': 8.62, 'train/backward_time_percent': 17.49, 'train/optimizer_time_percent': 0.53, 'train/overhead_time_percent': 73.36, 'epoch': 0.5345622119815668}
{'loss': 1.4559, 'learning_rate': 0.0001, 'grad_norm': 0.1992163360118866, 'train/tokens_per_sec': 1618.6236965457035, 'train/step_time': 20.244359495001845, 'train/mfu': 176.29, 'train/efficiency': 26.81, 'train/forward_time_percent': 8.63, 'train/backward_time_percent': 17.73, 'train/optimizer_time_percent': 0.45, 'train/overhead_time_percent': 73.19, 'epoch': 0.543778801843318}
{'loss': 1.4559, 'learning_rate': 0.0001, 'grad_norm': 0.1992163360118866, 'train/tokens_per_sec': 1618.6174808429148, 'train/step_time': 20.244437235989608, 'train/mfu': 180.14, 'train/efficiency': 26.32, 'train/forward_time_percent': 8.09, 'train/backward_time_percent': 17.7, 'train/optimizer_time_percent': 0.52, 'train/overhead_time_percent': 73.68, 'epoch': 0.543778801843318}
  step    60  loss   1.2551  |     9170.3 ms
{'loss': 1.2551, 'learning_rate': 0.0001, 'grad_norm': 0.1841507852077484, 'train/tokens_per_sec': 1619.0140409847247, 'train/step_time': 20.23947857800522, 'train/mfu': 180.18, 'train/efficiency': 26.32, 'train/forward_time_percent': 8.57, 'train/backward_time_percent': 17.23, 'train/optimizer_time_percent': 0.53, 'train/overhead_time_percent': 73.68, 'epoch': 0.5529953917050692}
{'loss': 1.2551, 'learning_rate': 0.0001, 'grad_norm': 0.1841507852077484, 'train/tokens_per_sec': 1619.326558579788, 'train/step_time': 20.2355725140078, 'train/mfu': 178.76, 'train/efficiency': 26.52, 'train/forward_time_percent': 8.22, 'train/backward_time_percent': 17.79, 'train/optimizer_time_percent': 0.52, 'train/overhead_time_percent': 73.48, 'epoch': 0.5529953917050692}
{'loss': 1.3501, 'learning_rate': 0.0001, 'grad_norm': 0.21478824317455292, 'train/tokens_per_sec': 1618.5044458913019, 'train/step_time': 20.24585108998872, 'train/mfu': 178.2, 'train/efficiency': 26.6, 'train/forward_time_percent': 8.6, 'train/backward_time_percent': 17.47, 'train/optimizer_time_percent': 0.53, 'train/overhead_time_percent': 73.4, 'epoch': 0.5622119815668203}
{'loss': 1.3501, 'learning_rate': 0.0001, 'grad_norm': 0.21478824317455292, 'train/tokens_per_sec': 1618.645027595972, 'train/step_time': 20.244092708002427, 'train/mfu': 182.08, 'train/efficiency': 25.97, 'train/forward_time_percent': 8.52, 'train/backward_time_percent': 17.01, 'train/optimizer_time_percent': 0.45, 'train/overhead_time_percent': 74.03, 'epoch': 0.5622119815668203}
{'loss': 1.3594, 'learning_rate': 0.0001, 'grad_norm': 0.26010990142822266, 'train/tokens_per_sec': 1618.7573760730313, 'train/step_time': 20.24268768398906, 'train/mfu': 180.64, 'train/efficiency': 26.23, 'train/forward_time_percent': 8.41, 'train/backward_time_percent': 17.32, 'train/optimizer_time_percent': 0.5, 'train/overhead_time_percent': 73.77, 'epoch': 0.5714285714285714}
{'loss': 1.3594, 'learning_rate': 0.0001, 'grad_norm': 0.26010990142822266, 'train/tokens_per_sec': 1618.9686184666252, 'train/step_time': 20.240046425999026, 'train/mfu': 175.87, 'train/efficiency': 26.87, 'train/forward_time_percent': 8.45, 'train/backward_time_percent': 17.98, 'train/optimizer_time_percent': 0.45, 'train/overhead_time_percent': 73.13, 'epoch': 0.5714285714285714}
{'loss': 1.2414, 'learning_rate': 0.0001, 'grad_norm': 0.1904870718717575, 'train/tokens_per_sec': 1618.8620669533275, 'train/step_time': 20.24137860100018, 'train/mfu': 175.23, 'train/efficiency': 27.05, 'train/forward_time_percent': 8.45, 'train/backward_time_percent': 18.07, 'train/optimizer_time_percent': 0.52, 'train/overhead_time_percent': 72.95, 'epoch': 0.5806451612903226}{'loss': 1.2414, 'learning_rate': 0.0001, 'grad_norm': 0.1904870718717575, 'train/tokens_per_sec': 1618.9156906825506, 'train/step_time': 20.240708141005598, 'train/mfu': 183.06, 'train/efficiency': 25.88, 'train/forward_time_percent': 8.42, 'train/backward_time_percent': 16.97, 'train/optimizer_time_percent': 0.49, 'train/overhead_time_percent': 74.12, 'epoch': 0.5806451612903226}

{'loss': 1.1653, 'learning_rate': 0.0001, 'grad_norm': 0.18828588724136353, 'train/tokens_per_sec': 1618.7618525860964, 'train/step_time': 20.24263170499762, 'train/mfu': 180.04, 'train/efficiency': 26.34, 'train/forward_time_percent': 8.48, 'train/backward_time_percent': 17.33, 'train/optimizer_time_percent': 0.52, 'train/overhead_time_percent': 73.66, 'epoch': 0.5898617511520737}
{'loss': 1.1653, 'learning_rate': 0.0001, 'grad_norm': 0.18828588724136353, 'train/tokens_per_sec': 1618.8642873026486, 'train/step_time': 20.241350838987273, 'train/mfu': 173.03, 'train/efficiency': 27.35, 'train/forward_time_percent': 8.72, 'train/backward_time_percent': 18.14, 'train/optimizer_time_percent': 0.49, 'train/overhead_time_percent': 72.65, 'epoch': 0.5898617511520737}
{'loss': 1.3413, 'learning_rate': 0.0001, 'grad_norm': 0.17699329555034637, 'train/tokens_per_sec': 1619.8487320438553, 'train/step_time': 20.22904938700958, 'train/mfu': 181.52, 'train/efficiency': 26.13, 'train/forward_time_percent': 8.25, 'train/backward_time_percent': 17.37, 'train/optimizer_time_percent': 0.51, 'train/overhead_time_percent': 73.87, 'epoch': 0.5990783410138248}
{'loss': 1.3413, 'learning_rate': 0.0001, 'grad_norm': 0.17699329555034637, 'train/tokens_per_sec': 1619.714767491415, 'train/step_time': 20.230722506006714, 'train/mfu': 178.39, 'train/efficiency': 26.59, 'train/forward_time_percent': 8.61, 'train/backward_time_percent': 17.46, 'train/optimizer_time_percent': 0.52, 'train/overhead_time_percent': 73.41, 'epoch': 0.5990783410138248}
{'loss': 1.1771, 'learning_rate': 0.0001, 'grad_norm': 0.1856587678194046, 'train/tokens_per_sec': 1619.6911503081008, 'train/step_time': 20.231017496000277, 'train/mfu': 175.51, 'train/efficiency': 26.94, 'train/forward_time_percent': 8.4, 'train/backward_time_percent': 18.1, 'train/optimizer_time_percent': 0.44, 'train/overhead_time_percent': 73.06, 'epoch': 0.6082949308755761}
{'loss': 1.1771, 'learning_rate': 0.0001, 'grad_norm': 0.1856587678194046, 'train/tokens_per_sec': 1619.564872549664, 'train/step_time': 20.232594911998603, 'train/mfu': 179.97, 'train/efficiency': 26.31, 'train/forward_time_percent': 8.69, 'train/backward_time_percent': 17.15, 'train/optimizer_time_percent': 0.47, 'train/overhead_time_percent': 73.69, 'epoch': 0.6082949308755761}
{'loss': 1.2896, 'learning_rate': 0.0001, 'grad_norm': 0.2146269679069519, 'train/tokens_per_sec': 1618.5378861398642, 'train/step_time': 20.245432794996304, 'train/mfu': 177.74, 'train/efficiency': 26.67, 'train/forward_time_percent': 8.36, 'train/backward_time_percent': 17.78, 'train/optimizer_time_percent': 0.53, 'train/overhead_time_percent': 73.33, 'epoch': 0.6175115207373272}
{'loss': 1.2896, 'learning_rate': 0.0001, 'grad_norm': 0.2146269679069519, 'train/tokens_per_sec': 1618.596358871418, 'train/step_time': 20.244701417002943, 'train/mfu': 177.26, 'train/efficiency': 26.74, 'train/forward_time_percent': 8.64, 'train/backward_time_percent': 17.58, 'train/optimizer_time_percent': 0.53, 'train/overhead_time_percent': 73.26, 'epoch': 0.6175115207373272}
{'loss': 1.1179, 'learning_rate': 0.0001, 'grad_norm': 0.17318019270896912, 'train/tokens_per_sec': 1619.224097362549, 'train/step_time': 20.23685298000055, 'train/mfu': 177.78, 'train/efficiency': 26.6, 'train/forward_time_percent': 8.46, 'train/backward_time_percent': 17.69, 'train/optimizer_time_percent': 0.45, 'train/overhead_time_percent': 73.4, 'epoch': 0.6267281105990783}{'loss': 1.1179, 'learning_rate': 0.0001, 'grad_norm': 0.17318019270896912, 'train/tokens_per_sec': 1619.007679097355, 'train/step_time': 20.23955810899497, 'train/mfu': 177.27, 'train/efficiency': 26.75, 'train/forward_time_percent': 8.53, 'train/backward_time_percent': 17.69, 'train/optimizer_time_percent': 0.52, 'train/overhead_time_percent': 73.25, 'epoch': 0.6267281105990783}

{'loss': 1.6534, 'learning_rate': 0.0001, 'grad_norm': 0.23494037985801697, 'train/tokens_per_sec': 1618.735246485052, 'train/step_time': 20.242964420001954, 'train/mfu': 175.12, 'train/efficiency': 27.03, 'train/forward_time_percent': 8.65, 'train/backward_time_percent': 17.89, 'train/optimizer_time_percent': 0.49, 'train/overhead_time_percent': 72.97, 'epoch': 0.6359447004608295}
{'loss': 1.6534, 'learning_rate': 0.0001, 'grad_norm': 0.23494037985801697, 'train/tokens_per_sec': 1618.9653404691276, 'train/step_time': 20.24008740700083, 'train/mfu': 175.73, 'train/efficiency': 26.92, 'train/forward_time_percent': 8.72, 'train/backward_time_percent': 17.73, 'train/optimizer_time_percent': 0.47, 'train/overhead_time_percent': 73.08, 'epoch': 0.6359447004608295}
  step    70  loss   1.2432  |     9175.2 ms
{'loss': 1.2432, 'learning_rate': 0.0001, 'grad_norm': 0.19066204130649567, 'train/tokens_per_sec': 1619.1490850977534, 'train/step_time': 20.237790516999667, 'train/mfu': 182.34, 'train/efficiency': 26.02, 'train/forward_time_percent': 8.63, 'train/backward_time_percent': 16.87, 'train/optimizer_time_percent': 0.53, 'train/overhead_time_percent': 73.98, 'epoch': 0.6451612903225806}
{'loss': 1.2432, 'learning_rate': 0.0001, 'grad_norm': 0.19066204130649567, 'train/tokens_per_sec': 1618.995392460577, 'train/step_time': 20.239711708010873, 'train/mfu': 175.41, 'train/efficiency': 26.99, 'train/forward_time_percent': 8.73, 'train/backward_time_percent': 17.77, 'train/optimizer_time_percent': 0.49, 'train/overhead_time_percent': 73.01, 'epoch': 0.6451612903225806}
{'loss': 1.303, 'learning_rate': 0.0001, 'grad_norm': 0.2088959515094757, 'train/tokens_per_sec': 1618.9825321653223, 'train/step_time': 20.239872481004568, 'train/mfu': 174.41, 'train/efficiency': 27.18, 'train/forward_time_percent': 8.76, 'train/backward_time_percent': 17.89, 'train/optimizer_time_percent': 0.53, 'train/overhead_time_percent': 72.82, 'epoch': 0.6543778801843319}
{'loss': 1.303, 'learning_rate': 0.0001, 'grad_norm': 0.2088959515094757, 'train/tokens_per_sec': 1619.1581000080405, 'train/step_time': 20.237677840006654, 'train/mfu': 180.72, 'train/efficiency': 26.24, 'train/forward_time_percent': 8.38, 'train/backward_time_percent': 17.34, 'train/optimizer_time_percent': 0.52, 'train/overhead_time_percent': 73.76, 'epoch': 0.6543778801843319}
{'loss': 1.2012, 'learning_rate': 0.0001, 'grad_norm': 0.18672169744968414, 'train/tokens_per_sec': 1618.9784381401048, 'train/step_time': 20.23992366300081, 'train/mfu': 179.3, 'train/efficiency': 26.45, 'train/forward_time_percent': 8.55, 'train/backward_time_percent': 17.37, 'train/optimizer_time_percent': 0.53, 'train/overhead_time_percent': 73.55, 'epoch': 0.663594470046083}
{'loss': 1.2012, 'learning_rate': 0.0001, 'grad_norm': 0.18672169744968414, 'train/tokens_per_sec': 1618.7578787482357, 'train/step_time': 20.24268139799824, 'train/mfu': 180.21, 'train/efficiency': 26.24, 'train/forward_time_percent': 8.43, 'train/backward_time_percent': 17.36, 'train/optimizer_time_percent': 0.45, 'train/overhead_time_percent': 73.76, 'epoch': 0.663594470046083}
{'loss': 1.2877, 'learning_rate': 0.0001, 'grad_norm': 0.21728618443012238, 'train/tokens_per_sec': 1618.6117550590793, 'train/step_time': 20.244508849995327, 'train/mfu': 180.93, 'train/efficiency': 26.18, 'train/forward_time_percent': 8.32, 'train/backward_time_percent': 17.37, 'train/optimizer_time_percent': 0.5, 'train/overhead_time_percent': 73.82, 'epoch': 0.6728110599078341}
{'loss': 1.2877, 'learning_rate': 0.0001, 'grad_norm': 0.21728618443012238, 'train/tokens_per_sec': 1618.396032302379, 'train/step_time': 20.247207325010095, 'train/mfu': 182.21, 'train/efficiency': 26.01, 'train/forward_time_percent': 8.46, 'train/backward_time_percent': 17.04, 'train/optimizer_time_percent': 0.51, 'train/overhead_time_percent': 73.99, 'epoch': 0.6728110599078341}
{'loss': 1.35, 'learning_rate': 0.0001, 'grad_norm': 0.21827833354473114, 'train/tokens_per_sec': 1619.030448889786, 'train/step_time': 20.239273462997517, 'train/mfu': 178.97, 'train/efficiency': 26.49, 'train/forward_time_percent': 8.58, 'train/backward_time_percent': 17.4, 'train/optimizer_time_percent': 0.52, 'train/overhead_time_percent': 73.51, 'epoch': 0.6820276497695853}
{'loss': 1.35, 'learning_rate': 0.0001, 'grad_norm': 0.21827833354473114, 'train/tokens_per_sec': 1618.8787563441388, 'train/step_time': 20.241169928005547, 'train/mfu': 179.53, 'train/efficiency': 26.35, 'train/forward_time_percent': 8.54, 'train/backward_time_percent': 17.35, 'train/optimizer_time_percent': 0.46, 'train/overhead_time_percent': 73.65, 'epoch': 0.6820276497695853}
{'loss': 1.2947, 'learning_rate': 0.0001, 'grad_norm': 0.1998211145401001, 'train/tokens_per_sec': 1618.7842298485134, 'train/step_time': 20.242351880995557, 'train/mfu': 173.68, 'train/efficiency': 27.23, 'train/forward_time_percent': 8.3, 'train/backward_time_percent': 18.46, 'train/optimizer_time_percent': 0.47, 'train/overhead_time_percent': 72.77, 'epoch': 0.6912442396313364}{'loss': 1.2947, 'learning_rate': 0.0001, 'grad_norm': 0.1998211145401001, 'train/tokens_per_sec': 1618.7283287944867, 'train/step_time': 20.243050928998855, 'train/mfu': 177.82, 'train/efficiency': 26.64, 'train/forward_time_percent': 8.54, 'train/backward_time_percent': 17.59, 'train/optimizer_time_percent': 0.5, 'train/overhead_time_percent': 73.36, 'epoch': 0.6912442396313364}

{'loss': 1.2399, 'learning_rate': 0.0001, 'grad_norm': 0.18949012458324432, 'train/tokens_per_sec': 1619.0823905806506, 'train/step_time': 20.238624168006936, 'train/mfu': 175.17, 'train/efficiency': 26.99, 'train/forward_time_percent': 8.34, 'train/backward_time_percent': 18.2, 'train/optimizer_time_percent': 0.45, 'train/overhead_time_percent': 73.01, 'epoch': 0.7004608294930875}
{'loss': 1.2399, 'learning_rate': 0.0001, 'grad_norm': 0.18949012458324432, 'train/tokens_per_sec': 1619.1645198041504, 'train/step_time': 20.237597600003937, 'train/mfu': 180.2, 'train/efficiency': 26.33, 'train/forward_time_percent': 8.57, 'train/backward_time_percent': 17.22, 'train/optimizer_time_percent': 0.53, 'train/overhead_time_percent': 73.67, 'epoch': 0.7004608294930875}
{'loss': 1.6982, 'learning_rate': 0.0001, 'grad_norm': 0.21593773365020752, 'train/tokens_per_sec': 1619.4030633862005, 'train/step_time': 20.234616533009103, 'train/mfu': 176.46, 'train/efficiency': 26.88, 'train/forward_time_percent': 8.45, 'train/backward_time_percent': 17.9, 'train/optimizer_time_percent': 0.53, 'train/overhead_time_percent': 73.12, 'epoch': 0.7096774193548387}{'loss': 1.6982, 'learning_rate': 0.0001, 'grad_norm': 0.21593773365020752, 'train/tokens_per_sec': 1619.2692679178654, 'train/step_time': 20.23628846000065, 'train/mfu': 177.07, 'train/efficiency': 26.78, 'train/forward_time_percent': 8.42, 'train/backward_time_percent': 17.83, 'train/optimizer_time_percent': 0.53, 'train/overhead_time_percent': 73.22, 'epoch': 0.7096774193548387}

{'loss': 1.1259, 'learning_rate': 0.0001, 'grad_norm': 0.18279609084129333, 'train/tokens_per_sec': 1618.6459719620138, 'train/step_time': 20.24408089699864, 'train/mfu': 176.61, 'train/efficiency': 26.77, 'train/forward_time_percent': 8.35, 'train/backward_time_percent': 17.96, 'train/optimizer_time_percent': 0.45, 'train/overhead_time_percent': 73.23, 'epoch': 0.7188940092165899}
{'loss': 1.1259, 'learning_rate': 0.0001, 'grad_norm': 0.18279609084129333, 'train/tokens_per_sec': 1618.5014143154008, 'train/step_time': 20.245889012003317, 'train/mfu': 173.87, 'train/efficiency': 27.25, 'train/forward_time_percent': 8.6, 'train/backward_time_percent': 18.12, 'train/optimizer_time_percent': 0.52, 'train/overhead_time_percent': 72.75, 'epoch': 0.7188940092165899}
{'loss': 1.3078, 'learning_rate': 0.0001, 'grad_norm': 0.19111400842666626, 'train/tokens_per_sec': 1619.0154814984364, 'train/step_time': 20.239460569995572, 'train/mfu': 181.29, 'train/efficiency': 26.16, 'train/forward_time_percent': 8.52, 'train/backward_time_percent': 17.12, 'train/optimizer_time_percent': 0.52, 'train/overhead_time_percent': 73.84, 'epoch': 0.728110599078341}
{'loss': 1.3078, 'learning_rate': 0.0001, 'grad_norm': 0.19111400842666626, 'train/tokens_per_sec': 1619.0814523455922, 'train/step_time': 20.2386358960066, 'train/mfu': 178.6, 'train/efficiency': 26.48, 'train/forward_time_percent': 8.43, 'train/backward_time_percent': 17.59, 'train/optimizer_time_percent': 0.45, 'train/overhead_time_percent': 73.52, 'epoch': 0.728110599078341}
{'loss': 1.5729, 'learning_rate': 0.0001, 'grad_norm': 0.18304312229156494, 'train/tokens_per_sec': 1618.8775377784168, 'train/step_time': 20.24118516399176, 'train/mfu': 181.07, 'train/efficiency': 26.18, 'train/forward_time_percent': 8.13, 'train/backward_time_percent': 17.53, 'train/optimizer_time_percent': 0.51, 'train/overhead_time_percent': 73.82, 'epoch': 0.7373271889400922}  step    80  loss   1.5729  |     9170.1 ms

{'loss': 1.5729, 'learning_rate': 0.0001, 'grad_norm': 0.18304312229156494, 'train/tokens_per_sec': 1618.8024051112593, 'train/step_time': 20.242124608004815, 'train/mfu': 174.52, 'train/efficiency': 27.11, 'train/forward_time_percent': 8.49, 'train/backward_time_percent': 18.14, 'train/optimizer_time_percent': 0.48, 'train/overhead_time_percent': 72.89, 'epoch': 0.7373271889400922}
{'loss': 1.4614, 'learning_rate': 0.0001, 'grad_norm': 0.2037351131439209, 'train/tokens_per_sec': 1617.892150557412, 'train/step_time': 20.25351318300818, 'train/mfu': 174.73, 'train/efficiency': 27.05, 'train/forward_time_percent': 8.81, 'train/backward_time_percent': 17.78, 'train/optimizer_time_percent': 0.46, 'train/overhead_time_percent': 72.95, 'epoch': 0.7465437788018433}
{'loss': 1.4614, 'learning_rate': 0.0001, 'grad_norm': 0.2037351131439209, 'train/tokens_per_sec': 1618.0547157591732, 'train/step_time': 20.25147832199582, 'train/mfu': 177.06, 'train/efficiency': 26.76, 'train/forward_time_percent': 8.2, 'train/backward_time_percent': 18.03, 'train/optimizer_time_percent': 0.53, 'train/overhead_time_percent': 73.24, 'epoch': 0.7465437788018433}
{'loss': 1.1122, 'learning_rate': 0.0001, 'grad_norm': 0.21617789566516876, 'train/tokens_per_sec': 1618.73555283307, 'train/step_time': 20.24296058899199, 'train/mfu': 180.05, 'train/efficiency': 26.33, 'train/forward_time_percent': 8.75, 'train/backward_time_percent': 17.07, 'train/optimizer_time_percent': 0.52, 'train/overhead_time_percent': 73.67, 'epoch': 0.7557603686635944}
{'loss': 1.1122, 'learning_rate': 0.0001, 'grad_norm': 0.21617789566516876, 'train/tokens_per_sec': 1618.7910611677862, 'train/step_time': 20.24226645800809, 'train/mfu': 177.48, 'train/efficiency': 26.71, 'train/forward_time_percent': 8.45, 'train/backward_time_percent': 17.74, 'train/optimizer_time_percent': 0.52, 'train/overhead_time_percent': 73.29, 'epoch': 0.7557603686635944}
{'loss': 1.3427, 'learning_rate': 0.0001, 'grad_norm': 0.23316690325737, 'train/tokens_per_sec': 1618.6050882749525, 'train/step_time': 20.244592233997537, 'train/mfu': 180.08, 'train/efficiency': 26.33, 'train/forward_time_percent': 8.5, 'train/backward_time_percent': 17.31, 'train/optimizer_time_percent': 0.52, 'train/overhead_time_percent': 73.67, 'epoch': 0.7649769585253456}
{'loss': 1.3427, 'learning_rate': 0.0001, 'grad_norm': 0.23316690325737, 'train/tokens_per_sec': 1618.8046097818315, 'train/step_time': 20.242097039998043, 'train/mfu': 179.94, 'train/efficiency': 26.28, 'train/forward_time_percent': 8.5, 'train/backward_time_percent': 17.33, 'train/optimizer_time_percent': 0.45, 'train/overhead_time_percent': 73.72, 'epoch': 0.7649769585253456}
{'loss': 1.342, 'learning_rate': 0.0001, 'grad_norm': 0.2052897810935974, 'train/tokens_per_sec': 1618.5310476026852, 'train/step_time': 20.245518334995722, 'train/mfu': 178.58, 'train/efficiency': 26.55, 'train/forward_time_percent': 8.3, 'train/backward_time_percent': 17.72, 'train/optimizer_time_percent': 0.53, 'train/overhead_time_percent': 73.45, 'epoch': 0.7741935483870968}{'loss': 1.342, 'learning_rate': 0.0001, 'grad_norm': 0.2052897810935974, 'train/tokens_per_sec': 1618.76669106172, 'train/step_time': 20.242571199996746, 'train/mfu': 176.41, 'train/efficiency': 26.87, 'train/forward_time_percent': 8.56, 'train/backward_time_percent': 17.78, 'train/optimizer_time_percent': 0.53, 'train/overhead_time_percent': 73.13, 'epoch': 0.7741935483870968}

{'loss': 1.1143, 'learning_rate': 0.0001, 'grad_norm': 0.2132556289434433, 'train/tokens_per_sec': 1618.5600626173205, 'train/step_time': 20.245155404991237, 'train/mfu': 180.85, 'train/efficiency': 26.23, 'train/forward_time_percent': 8.49, 'train/backward_time_percent': 17.2, 'train/optimizer_time_percent': 0.53, 'train/overhead_time_percent': 73.77, 'epoch': 0.783410138248848}
{'loss': 1.1143, 'learning_rate': 0.0001, 'grad_norm': 0.2132556289434433, 'train/tokens_per_sec': 1618.5443792067897, 'train/step_time': 20.24535157698847, 'train/mfu': 177.67, 'train/efficiency': 26.61, 'train/forward_time_percent': 8.51, 'train/backward_time_percent': 17.65, 'train/optimizer_time_percent': 0.46, 'train/overhead_time_percent': 73.39, 'epoch': 0.783410138248848}
{'loss': 1.2149, 'learning_rate': 0.0001, 'grad_norm': 0.23790201544761658, 'train/tokens_per_sec': 1617.717559621389, 'train/step_time': 20.25569902799907, 'train/mfu': 175.92, 'train/efficiency': 26.92, 'train/forward_time_percent': 8.58, 'train/backward_time_percent': 17.82, 'train/optimizer_time_percent': 0.52, 'train/overhead_time_percent': 73.08, 'epoch': 0.7926267281105991}
{'loss': 1.2149, 'learning_rate': 0.0001, 'grad_norm': 0.23790201544761658, 'train/tokens_per_sec': 1617.795233555556, 'train/step_time': 20.254726507002488, 'train/mfu': 177.31, 'train/efficiency': 26.64, 'train/forward_time_percent': 8.6, 'train/backward_time_percent': 17.59, 'train/optimizer_time_percent': 0.45, 'train/overhead_time_percent': 73.36, 'epoch': 0.7926267281105991}
{'loss': 1.2578, 'learning_rate': 0.0001, 'grad_norm': 0.21183884143829346, 'train/tokens_per_sec': 1619.1508278746603, 'train/step_time': 20.23776873400493, 'train/mfu': 175.13, 'train/efficiency': 27.07, 'train/forward_time_percent': 8.5, 'train/backward_time_percent': 18.04, 'train/optimizer_time_percent': 0.53, 'train/overhead_time_percent': 72.93, 'epoch': 0.8018433179723502}{'loss': 1.2578, 'learning_rate': 0.0001, 'grad_norm': 0.21183884143829346, 'train/tokens_per_sec': 1618.8913488955816, 'train/step_time': 20.24101248200168, 'train/mfu': 181.51, 'train/efficiency': 26.07, 'train/forward_time_percent': 8.26, 'train/backward_time_percent': 17.35, 'train/optimizer_time_percent': 0.47, 'train/overhead_time_percent': 73.93, 'epoch': 0.8018433179723502}

{'loss': 1.1977, 'learning_rate': 0.0001, 'grad_norm': 0.1777493804693222, 'train/tokens_per_sec': 1618.6051169775487, 'train/step_time': 20.244591875001788, 'train/mfu': 180.22, 'train/efficiency': 26.32, 'train/forward_time_percent': 8.21, 'train/backward_time_percent': 17.58, 'train/optimizer_time_percent': 0.53, 'train/overhead_time_percent': 73.68, 'epoch': 0.8110599078341014}
{'loss': 1.1977, 'learning_rate': 0.0001, 'grad_norm': 0.1777493804693222, 'train/tokens_per_sec': 1618.4914228781274, 'train/step_time': 20.246013996002148, 'train/mfu': 177.07, 'train/efficiency': 26.74, 'train/forward_time_percent': 8.88, 'train/backward_time_percent': 17.36, 'train/optimizer_time_percent': 0.5, 'train/overhead_time_percent': 73.26, 'epoch': 0.8110599078341014}
{'loss': 1.1873, 'learning_rate': 0.0001, 'grad_norm': 0.1975281685590744, 'train/tokens_per_sec': 1618.7356908534996, 'train/step_time': 20.242958862989326, 'train/mfu': 182.02, 'train/efficiency': 26.06, 'train/forward_time_percent': 8.29, 'train/backward_time_percent': 17.24, 'train/optimizer_time_percent': 0.53, 'train/overhead_time_percent': 73.94, 'epoch': 0.8202764976958525}
{'loss': 1.1873, 'learning_rate': 0.0001, 'grad_norm': 0.1975281685590744, 'train/tokens_per_sec': 1618.8814407812658, 'train/step_time': 20.24113636399852, 'train/mfu': 173.98, 'train/efficiency': 27.19, 'train/forward_time_percent': 8.46, 'train/backward_time_percent': 18.26, 'train/optimizer_time_percent': 0.48, 'train/overhead_time_percent': 72.81, 'epoch': 0.8202764976958525}
  step    90  loss   1.1911  |     9176.2 ms
{'loss': 1.1911, 'learning_rate': 0.0001, 'grad_norm': 0.20377735793590546, 'train/tokens_per_sec': 1618.6649341092957, 'train/step_time': 20.243843743999605, 'train/mfu': 175.74, 'train/efficiency': 26.97, 'train/forward_time_percent': 8.53, 'train/backward_time_percent': 17.91, 'train/optimizer_time_percent': 0.53, 'train/overhead_time_percent': 73.03, 'epoch': 0.8294930875576036}
{'loss': 1.1911, 'learning_rate': 0.0001, 'grad_norm': 0.20377735793590546, 'train/tokens_per_sec': 1618.9541176616508, 'train/step_time': 20.240227714006323, 'train/mfu': 175.85, 'train/efficiency': 26.96, 'train/forward_time_percent': 8.54, 'train/backward_time_percent': 17.89, 'train/optimizer_time_percent': 0.52, 'train/overhead_time_percent': 73.04, 'epoch': 0.8294930875576036}
{'loss': 1.1607, 'learning_rate': 0.0001, 'grad_norm': 0.19377842545509338, 'train/tokens_per_sec': 1619.0776184583756, 'train/step_time': 20.23868381998909, 'train/mfu': 182.04, 'train/efficiency': 25.98, 'train/forward_time_percent': 8.3, 'train/backward_time_percent': 17.24, 'train/optimizer_time_percent': 0.45, 'train/overhead_time_percent': 74.02, 'epoch': 0.8387096774193549}
{'loss': 1.1607, 'learning_rate': 0.0001, 'grad_norm': 0.19377842545509338, 'train/tokens_per_sec': 1618.9179254159324, 'train/step_time': 20.240680200993665, 'train/mfu': 178.73, 'train/efficiency': 26.54, 'train/forward_time_percent': 8.6, 'train/backward_time_percent': 17.41, 'train/optimizer_time_percent': 0.53, 'train/overhead_time_percent': 73.46, 'epoch': 0.8387096774193549}
{'loss': 1.3528, 'learning_rate': 0.0001, 'grad_norm': 0.23452726006507874, 'train/tokens_per_sec': 1617.775204741041, 'train/step_time': 20.25497727000038, 'train/mfu': 177.1, 'train/efficiency': 26.75, 'train/forward_time_percent': 8.58, 'train/backward_time_percent': 17.65, 'train/optimizer_time_percent': 0.52, 'train/overhead_time_percent': 73.25, 'epoch': 0.847926267281106}{'loss': 1.3528, 'learning_rate': 0.0001, 'grad_norm': 0.23452726006507874, 'train/tokens_per_sec': 1618.0350673755488, 'train/step_time': 20.25172424300399, 'train/mfu': 177.22, 'train/efficiency': 26.75, 'train/forward_time_percent': 8.61, 'train/backward_time_percent': 17.6, 'train/optimizer_time_percent': 0.53, 'train/overhead_time_percent': 73.25, 'epoch': 0.847926267281106}

{'loss': 1.1758, 'learning_rate': 0.0001, 'grad_norm': 0.16893291473388672, 'train/tokens_per_sec': 1618.5152333257963, 'train/step_time': 20.24571615101013, 'train/mfu': 176.18, 'train/efficiency': 26.85, 'train/forward_time_percent': 8.7, 'train/backward_time_percent': 17.68, 'train/optimizer_time_percent': 0.47, 'train/overhead_time_percent': 73.15, 'epoch': 0.8571428571428571}
{'loss': 1.1758, 'learning_rate': 0.0001, 'grad_norm': 0.16893291473388672, 'train/tokens_per_sec': 1618.2027904819536, 'train/step_time': 20.24962519700057, 'train/mfu': 181.2, 'train/efficiency': 26.16, 'train/forward_time_percent': 8.6, 'train/backward_time_percent': 17.04, 'train/optimizer_time_percent': 0.52, 'train/overhead_time_percent': 73.84, 'epoch': 0.8571428571428571}
{'loss': 1.263, 'learning_rate': 0.0001, 'grad_norm': 0.18387867510318756, 'train/tokens_per_sec': 1618.4743613600065, 'train/step_time': 20.24622742399515, 'train/mfu': 177.02, 'train/efficiency': 26.78, 'train/forward_time_percent': 8.5, 'train/backward_time_percent': 17.75, 'train/optimizer_time_percent': 0.53, 'train/overhead_time_percent': 73.22, 'epoch': 0.8663594470046083}
{'loss': 1.263, 'learning_rate': 0.0001, 'grad_norm': 0.18387867510318756, 'train/tokens_per_sec': 1618.1776170864377, 'train/step_time': 20.249940212990623, 'train/mfu': 176.5, 'train/efficiency': 26.77, 'train/forward_time_percent': 8.47, 'train/backward_time_percent': 17.85, 'train/optimizer_time_percent': 0.45, 'train/overhead_time_percent': 73.23, 'epoch': 0.8663594470046083}
{'loss': 1.1574, 'learning_rate': 0.0001, 'grad_norm': 0.19186222553253174, 'train/tokens_per_sec': 1619.0072920144507, 'train/step_time': 20.23956294800155, 'train/mfu': 176.55, 'train/efficiency': 26.82, 'train/forward_time_percent': 8.62, 'train/backward_time_percent': 17.71, 'train/optimizer_time_percent': 0.49, 'train/overhead_time_percent': 73.18, 'epoch': 0.8755760368663594}
{'loss': 1.1574, 'learning_rate': 0.0001, 'grad_norm': 0.19186222553253174, 'train/tokens_per_sec': 1618.9943900141677, 'train/step_time': 20.239724240003852, 'train/mfu': 175.89, 'train/efficiency': 26.96, 'train/forward_time_percent': 8.68, 'train/backward_time_percent': 17.74, 'train/optimizer_time_percent': 0.53, 'train/overhead_time_percent': 73.04, 'epoch': 0.8755760368663594}
{'loss': 1.3443, 'learning_rate': 0.0001, 'grad_norm': 0.20760124921798706, 'train/tokens_per_sec': 1618.906805323132, 'train/step_time': 20.24081923199992, 'train/mfu': 184.4, 'train/efficiency': 25.73, 'train/forward_time_percent': 8.71, 'train/backward_time_percent': 16.49, 'train/optimizer_time_percent': 0.52, 'train/overhead_time_percent': 74.27, 'epoch': 0.8847926267281107}
{'loss': 1.3443, 'learning_rate': 0.0001, 'grad_norm': 0.20760124921798706, 'train/tokens_per_sec': 1618.6976266324755, 'train/step_time': 20.24343488299928, 'train/mfu': 176.42, 'train/efficiency': 26.85, 'train/forward_time_percent': 8.45, 'train/backward_time_percent': 17.89, 'train/optimizer_time_percent': 0.51, 'train/overhead_time_percent': 73.15, 'epoch': 0.8847926267281107}
{'loss': 1.5877, 'learning_rate': 0.0001, 'grad_norm': 0.2012237161397934, 'train/tokens_per_sec': 1619.6790062094578, 'train/step_time': 20.231169184989994, 'train/mfu': 176.98, 'train/efficiency': 26.78, 'train/forward_time_percent': 8.27, 'train/backward_time_percent': 18.0, 'train/optimizer_time_percent': 0.5, 'train/overhead_time_percent': 73.22, 'epoch': 0.8940092165898618}
{'loss': 1.5877, 'learning_rate': 0.0001, 'grad_norm': 0.2012237161397934, 'train/tokens_per_sec': 1619.7698348171352, 'train/step_time': 20.23003472200071, 'train/mfu': 175.89, 'train/efficiency': 26.96, 'train/forward_time_percent': 8.67, 'train/backward_time_percent': 17.77, 'train/optimizer_time_percent': 0.53, 'train/overhead_time_percent': 73.04, 'epoch': 0.8940092165898618}
{'loss': 1.2611, 'learning_rate': 0.0001, 'grad_norm': 0.18198084831237793, 'train/tokens_per_sec': 1619.364261291686, 'train/step_time': 20.23510138099664, 'train/mfu': 176.46, 'train/efficiency': 26.8, 'train/forward_time_percent': 8.3, 'train/backward_time_percent': 18.04, 'train/optimizer_time_percent': 0.45, 'train/overhead_time_percent': 73.2, 'epoch': 0.9032258064516129}
{'loss': 1.2611, 'learning_rate': 0.0001, 'grad_norm': 0.18198084831237793, 'train/tokens_per_sec': 1619.2152090971674, 'train/step_time': 20.236964064999484, 'train/mfu': 178.71, 'train/efficiency': 26.54, 'train/forward_time_percent': 8.44, 'train/backward_time_percent': 17.58, 'train/optimizer_time_percent': 0.53, 'train/overhead_time_percent': 73.46, 'epoch': 0.9032258064516129}
{'loss': 1.311, 'learning_rate': 0.0001, 'grad_norm': 0.19225549697875977, 'train/tokens_per_sec': 1618.9704839571405, 'train/step_time': 20.240023104008287, 'train/mfu': 183.78, 'train/efficiency': 25.74, 'train/forward_time_percent': 8.27, 'train/backward_time_percent': 17.02, 'train/optimizer_time_percent': 0.45, 'train/overhead_time_percent': 74.26, 'epoch': 0.9124423963133641}
{'loss': 1.311, 'learning_rate': 0.0001, 'grad_norm': 0.19225549697875977, 'train/tokens_per_sec': 1619.0616741430474, 'train/step_time': 20.238883127996814, 'train/mfu': 179.61, 'train/efficiency': 26.41, 'train/forward_time_percent': 8.53, 'train/backward_time_percent': 17.35, 'train/optimizer_time_percent': 0.53, 'train/overhead_time_percent': 73.59, 'epoch': 0.9124423963133641}
{'loss': 1.5309, 'learning_rate': 0.0001, 'grad_norm': 0.2506987154483795, 'train/tokens_per_sec': 1618.9471081161967, 'train/step_time': 20.24031534799724, 'train/mfu': 179.11, 'train/efficiency': 26.45, 'train/forward_time_percent': 8.46, 'train/backward_time_percent': 17.49, 'train/optimizer_time_percent': 0.5, 'train/overhead_time_percent': 73.55, 'epoch': 0.9216589861751152}
  step   100  loss   1.5309  |     9172.3 ms
{'loss': 1.5309, 'learning_rate': 0.0001, 'grad_norm': 0.2506987154483795, 'train/tokens_per_sec': 1618.6597345123873, 'train/step_time': 20.24390877300175, 'train/mfu': 180.25, 'train/efficiency': 26.29, 'train/forward_time_percent': 8.18, 'train/backward_time_percent': 17.6, 'train/optimizer_time_percent': 0.51, 'train/overhead_time_percent': 73.71, 'epoch': 0.9216589861751152}
================================================================================
TRAINING SUMMARY METRICS
================================================================================
summary/tokens_per_sec_avg: 1606.26
summary/total_steps: 100
summary/total_tokens_processed: 3276800
summary/mfu_avg: 178.42%
summary/efficiency_avg: 26.39%
summary/forward_time_percent_avg: 8.4100s
summary/backward_time_percent_avg: 17.4800s
summary/optimizer_time_percent_avg: 0.5000s
summary/overhead_time_percent_avg: 73.6100s
================================================================================
Summary metrics saved to: /opt/np/models/adapters/eff_seq4096/training_summary_metrics.json
================================================================================


Training completed. Do not forget to share your model on huggingface.co/models =)


Saving model checkpoint to /opt/np/models/adapters/eff_seq4096
Model parallelism is enabled, saving the model sharded state dict instead of the full state dict.
[2026-08-06 07:13:08.872: I neuronx_distributed/trainer/checkpoint.py:144] synced saving of checkpoint adapter_shards began
[2026-08-06 07:13:09.032: I neuronx_distributed/trainer/checkpoint.py:192] synced saving of checkpoint adapter_shards completed
[2026-08-06 07:13:09.033: I neuronx_distributed/trainer/checkpoint.py:256] no checkpoints to remove.

  median step 9172.9 ms | 3,572 tok/s | 173.6 TFLOP/s | MFU 91.4%

SUMMARY tag=eff_seq4096 model=meta-llama/Llama-3.1-8B-Instruct tp=2 dp=1 steps=100 median_step_ms=9172.9 first_step_ms=57684.8 compile_s=48.5 tokens_per_s=3572 tflops=173.62 mfu_pct=91.38 final_loss=1.5309 peak_host_mem_mib=15723 train_wall_s=2366.4
wrote /opt/np/repo/trn1/results/extras/eff_seq4096.json
adapter -> /opt/np/models/adapters/eff_seq4096  (TP-sharded; merge_adapter.py consolidates)
