t_s,gpu_util_pct,mem_used_mib,power_w,temp_c,sclk_mhz,mclk_mhz,util_nc0,util_nc1,host_mem_used_mib
0.0,,,,,,,,,
1.0,0.0,0.0,,,,,0.0,0.0,0.0
2.0,0.0,0.0,,,,,0.0,0.0,0.0
3.0,0.0,0.0,,,,,0.0,0.0,0.0
4.0,0.0,0.0,,,,,0.0,0.0,0.0
5.0,0.0,0.0,,,,,0.0,0.0,0.0
6.0,0.0,0.0,,,,,0.0,0.0,0.0
7.0,0.0,0.0,,,,,0.0,0.0,0.0
8.0,0.0,0.0,,,,,0.0,0.0,0.0
9.0,0.0,0.0,,,,,0.0,0.0,0.0
10.0,0.0,0.0,,,,,0.0,0.0,0.0
11.0,0.0,0.0,,,,,0.0,0.0,0.0
12.0,0.0,0.0,,,,,0.0,0.0,0.0
13.0,0.0,0.0,,,,,0.0,0.0,0.0
14.0,0.0,0.0,,,,,0.0,0.0,0.0
15.0,0.0,0.0,,,,,0.0,0.0,0.0
16.0,0.0,0.0,,,,,0.0,0.0,0.0
17.0,0.0,0.0,,,,,0.0,0.0,0.0
18.0,0.0,0.0,,,,,0.0,0.0,0.0
19.0,0.0,0.0,,,,,0.0,0.0,0.0
20.0,0.0,0.0,,,,,0.0,0.0,0.0
21.0,0.0,0.0,,,,,0.0,0.0,0.0
22.0,0.0,0.0,,,,,0.0,0.0,0.0
23.0,0.0,0.0,,,,,0.0,0.0,0.0
24.01,0.0,0.0,,,,,0.0,0.0,0.0
25.01,0.0,0.0,,,,,0.0,0.0,0.0
26.01,0.0,0.0,,,,,0.0,0.0,0.0
27.01,0.0,0.0,,,,,0.0,0.0,0.0
28.01,0.0,0.0,,,,,0.0,0.0,0.0
29.01,0.0,0.0,,,,,0.0,0.0,0.0
30.01,0.0,0.0,,,,,0.0,0.0,0.0
31.01,0.0,0.0,,,,,0.0,0.0,0.0
32.01,0.0,0.0,,,,,0.0,0.0,0.0
33.01,0.0,0.0,,,,,0.0,0.0,0.0
34.01,0.0,0.0,,,,,0.0,0.0,0.0
35.01,0.0,0.0,,,,,0.0,0.0,0.0
36.01,0.0,0.0,,,,,0.0,0.0,0.0
37.01,0.0,0.0,,,,,0.0,0.0,0.0
38.01,0.0,0.0,,,,,0.0,0.0,0.0
39.01,0.0,0.0,,,,,0.0,0.0,0.0
40.01,0.0,0.0,,,,,0.0,0.0,0.0
41.01,0.0,0.0,,,,,0.0,0.0,0.0
42.01,0.0,0.0,,,,,0.0,0.0,0.0
43.01,0.0,0.0,,,,,0.0,0.0,0.0
44.01,0.0,0.0,,,,,0.0,0.0,0.0
45.01,0.0,0.0,,,,,0.0,0.0,0.0
46.01,0.0,0.0,,,,,0.0,0.0,0.0
47.01,0.0,0.0,,,,,0.0,0.0,0.0
48.01,0.0,0.0,,,,,0.0,0.0,0.0
49.01,0.0,0.0,,,,,0.0,0.0,0.0
50.01,0.0,0.0,,,,,0.0,0.0,0.0
51.01,0.0,0.0,,,,,0.0,0.0,0.0
52.01,0.0,0.0,,,,,0.0,0.0,0.0
53.01,0.0,0.0,,,,,0.0,0.0,0.0
54.01,0.0,0.0,,,,,0.0,0.0,0.0
55.01,0.0,0.0,,,,,0.0,0.0,0.0
56.01,0.0,0.0,,,,,0.0,0.0,0.0
57.01,0.0,0.0,,,,,0.0,0.0,0.0
58.01,0.0,0.0,,,,,0.0,0.0,0.0
59.01,0.0,0.0,,,,,0.0,0.0,0.0
60.01,0.0,0.0,,,,,0.0,0.0,0.0
61.01,0.0,0.0,,,,,0.0,0.0,0.0
62.01,0.0,0.0,,,,,0.0,0.0,0.0
63.01,0.0,0.0,,,,,0.0,0.0,0.0
64.01,0.0,0.0,,,,,0.0,0.0,0.0
65.01,0.0,0.0,,,,,0.0,0.0,0.0
66.01,0.0,0.0,,,,,0.0,0.0,0.0
67.01,0.0,0.0,,,,,0.0,0.0,0.0
68.01,0.0,0.0,,,,,0.0,0.0,0.0
69.01,0.0,0.0,,,,,0.0,0.0,0.0
70.02,0.0,0.0,,,,,0.0,0.0,0.0
71.02,0.0,0.0,,,,,0.0,0.0,0.0
72.02,0.0,0.0,,,,,0.0,0.0,0.0
73.02,0.0,0.0,,,,,0.0,0.0,0.0
74.02,0.0,0.0,,,,,0.0,0.0,0.0
75.02,0.0,0.0,,,,,0.0,0.0,0.0
76.02,0.0,0.0,,,,,0.0,0.0,0.0
77.02,0.0,0.0,,,,,0.0,0.0,0.0
78.02,0.0,0.0,,,,,0.0,0.0,0.0
79.02,0.0,0.0,,,,,0.0,0.0,0.0
80.02,0.0,0.0,,,,,0.0,0.0,0.0
81.02,0.0,0.0,,,,,0.0,0.0,0.0
82.02,0.0,0.0,,,,,0.0,0.0,0.0
83.02,0.0,0.0,,,,,0.0,0.0,0.0
84.02,0.0,0.0,,,,,0.0,0.0,0.0
85.02,0.0,0.0,,,,,0.0,0.0,0.0
86.02,0.0,0.0,,,,,0.0,0.0,0.0
87.02,0.0,0.0,,,,,0.0,0.0,0.0
88.02,0.0,0.0,,,,,0.0,0.0,0.0
89.02,0.0,0.0,,,,,0.0,0.0,0.0
90.02,0.0,0.0,,,,,0.0,0.0,0.0
91.02,0.0,0.0,,,,,0.0,0.0,0.0
92.02,0.0,0.0,,,,,0.0,0.0,0.0
93.02,0.0,0.0,,,,,0.0,0.0,0.0
94.02,0.0,0.0,,,,,0.0,0.0,0.0
95.02,0.0,0.0,,,,,0.0,0.0,0.0
96.02,0.0,0.0,,,,,0.0,0.0,0.0
97.02,0.0,0.0,,,,,0.0,0.0,0.0
98.02,0.0,0.0,,,,,0.0,0.0,0.0
99.02,0.0,0.0,,,,,0.0,0.0,0.0
100.02,0.0,0.0,,,,,0.0,0.0,0.0
101.02,0.0,0.0,,,,,0.0,0.0,0.0
102.02,0.0,0.0,,,,,0.0,0.0,0.0
103.02,0.0,0.0,,,,,0.0,0.0,0.0
104.02,0.0,0.0,,,,,0.0,0.0,0.0
105.02,0.0,0.0,,,,,0.0,0.0,0.0
106.02,0.0,0.0,,,,,0.0,0.0,0.0
107.02,0.0,0.0,,,,,0.0,0.0,0.0
108.02,0.0,0.0,,,,,0.0,0.0,0.0
109.02,0.0,0.0,,,,,0.0,0.0,0.0
110.02,0.0,0.0,,,,,0.0,0.0,0.0
111.02,0.0,0.0,,,,,0.0,0.0,0.0
112.02,0.0,0.0,,,,,0.0,0.0,0.0
113.02,0.0,0.0,,,,,0.0,0.0,0.0
114.02,0.0,0.0,,,,,0.0,0.0,0.0
115.02,0.0,0.0,,,,,0.0,0.0,0.0
116.03,0.0,0.0,,,,,0.0,0.0,0.0
117.03,0.0,0.0,,,,,0.0,0.0,0.0
118.03,0.0,0.0,,,,,0.0,0.0,0.0
119.03,0.0,0.0,,,,,0.0,0.0,0.0
120.03,0.0,0.0,,,,,0.0,0.0,0.0
121.03,0.0,0.0,,,,,0.0,0.0,0.0
122.03,0.0,0.0,,,,,0.0,0.0,0.0
123.03,0.0,0.0,,,,,0.0,0.0,0.0
124.03,0.0,0.0,,,,,0.0,0.0,0.0
125.03,0.0,0.0,,,,,0.0,0.0,0.0
126.03,0.0,0.0,,,,,0.0,0.0,0.0
127.03,0.0,0.0,,,,,0.0,0.0,0.0
128.03,0.0,0.0,,,,,0.0,0.0,0.0
129.03,0.0,0.0,,,,,0.0,0.0,0.0
130.03,0.0,0.0,,,,,0.0,0.0,0.0
131.03,0.0,0.0,,,,,0.0,0.0,0.0
132.03,0.0,0.0,,,,,0.0,0.0,0.0
133.03,0.0,0.0,,,,,0.0,0.0,0.0
134.03,0.0,0.0,,,,,0.0,0.0,0.0
135.03,0.0,0.0,,,,,0.0,0.0,0.0
136.03,0.0,0.0,,,,,0.0,0.0,0.0
137.03,0.0,0.0,,,,,0.0,0.0,0.0
138.03,0.0,0.0,,,,,0.0,0.0,0.0
139.03,0.0,0.0,,,,,0.0,0.0,0.0
140.03,0.0,0.0,,,,,0.0,0.0,0.0
141.03,0.0,0.0,,,,,0.0,0.0,0.0
142.03,0.0,0.0,,,,,0.0,0.0,0.0
143.03,0.0,0.0,,,,,0.0,0.0,0.0
144.03,0.0,0.0,,,,,0.0,0.0,0.0
145.03,0.0,0.0,,,,,0.0,0.0,0.0
146.03,0.0,0.0,,,,,0.0,0.0,0.0
147.03,0.0,0.0,,,,,0.0,0.0,0.0
148.03,0.0,0.0,,,,,0.0,0.0,0.0
149.03,0.0,0.0,,,,,0.0,0.0,0.0
150.03,0.0,0.0,,,,,0.0,0.0,0.0
151.03,0.0,0.0,,,,,0.0,0.0,0.0
152.03,0.0,0.0,,,,,0.0,0.0,0.0
153.03,0.0,0.0,,,,,0.0,0.0,0.0
154.03,0.0,0.0,,,,,0.0,0.0,0.0
155.03,0.0,0.0,,,,,0.0,0.0,0.0
156.03,0.0,0.0,,,,,0.0,0.0,0.0
157.03,0.0,0.0,,,,,0.0,0.0,0.0
158.03,0.0,0.0,,,,,0.0,0.0,0.0
159.03,0.0,0.0,,,,,0.0,0.0,0.0
160.03,0.0,0.0,,,,,0.0,0.0,0.0
161.04,0.0,0.0,,,,,0.0,0.0,0.0
162.04,0.0,0.0,,,,,0.0,0.0,0.0
163.04,0.0,0.0,,,,,0.0,0.0,0.0
164.04,0.0,0.0,,,,,0.0,0.0,0.0
165.04,0.0,0.0,,,,,0.0,0.0,0.0
166.04,0.0,0.0,,,,,0.0,0.0,0.0
167.04,0.0,0.0,,,,,0.0,0.0,0.0
168.04,0.0,0.0,,,,,0.0,0.0,0.0
169.04,0.0,0.0,,,,,0.0,0.0,0.0
170.04,0.0,0.0,,,,,0.0,0.0,0.0
171.04,0.0,0.0,,,,,0.0,0.0,0.0
172.04,0.0,0.0,,,,,0.0,0.0,0.0
173.04,0.0,0.0,,,,,0.0,0.0,0.0
174.04,0.0,0.0,,,,,0.0,0.0,0.0
175.04,0.0,0.0,,,,,0.0,0.0,0.0
176.04,0.0,0.0,,,,,0.0,0.0,0.0
177.04,0.0,0.0,,,,,0.0,0.0,0.0
178.04,0.0,0.0,,,,,0.0,0.0,0.0
179.04,0.0,0.0,,,,,0.0,0.0,0.0
180.04,0.0,0.0,,,,,0.0,0.0,0.0
181.04,0.0,0.0,,,,,0.0,0.0,0.0
182.04,0.0,0.0,,,,,0.0,0.0,0.0
183.04,0.0,0.0,,,,,0.0,0.0,0.0
184.04,0.0,0.0,,,,,0.0,0.0,0.0
185.04,0.0,0.0,,,,,0.0,0.0,0.0
186.04,0.0,0.0,,,,,0.0,0.0,0.0
187.04,0.0,0.0,,,,,0.0,0.0,0.0
188.04,0.0,0.0,,,,,0.0,0.0,0.0
189.04,0.0,0.0,,,,,0.0,0.0,0.0
190.04,0.0,0.0,,,,,0.0,0.0,0.0
191.04,0.0,0.0,,,,,0.0,0.0,0.0
192.04,0.0,0.0,,,,,0.0,0.0,0.0
193.04,0.0,0.0,,,,,0.0,0.0,0.0
194.04,0.0,0.0,,,,,0.0,0.0,0.0
195.04,0.0,0.0,,,,,0.0,0.0,0.0
196.04,0.0,0.0,,,,,0.0,0.0,0.0
197.04,0.0,0.0,,,,,0.0,0.0,0.0
198.04,0.0,0.0,,,,,0.0,0.0,0.0
199.04,0.0,0.0,,,,,0.0,0.0,0.0
200.04,0.0,0.0,,,,,0.0,0.0,0.0
201.04,0.0,0.0,,,,,0.0,0.0,0.0
202.04,0.0,0.0,,,,,0.0,0.0,0.0
203.04,0.0,0.0,,,,,0.0,0.0,0.0
204.04,0.0,0.0,,,,,0.0,0.0,0.0
205.04,0.0,0.0,,,,,0.0,0.0,0.0
206.04,0.0,0.0,,,,,0.0,0.0,0.0
207.05,0.0,0.0,,,,,0.0,0.0,0.0
208.05,0.0,0.0,,,,,0.0,0.0,0.0
209.05,0.0,0.0,,,,,0.0,0.0,0.0
210.05,0.0,0.0,,,,,0.0,0.0,0.0
211.05,0.0,0.0,,,,,0.0,0.0,0.0
212.05,0.0,0.0,,,,,0.0,0.0,0.0
213.05,0.0,0.0,,,,,0.0,0.0,0.0
214.05,0.0,0.0,,,,,0.0,0.0,0.0
215.05,0.0,0.0,,,,,0.0,0.0,0.0
216.05,0.0,0.0,,,,,0.0,0.0,0.0
217.05,0.0,0.0,,,,,0.0,0.0,0.0
218.05,0.0,0.0,,,,,0.0,0.0,0.0
219.05,0.0,0.0,,,,,0.0,0.0,0.0
220.05,0.0,0.0,,,,,0.0,0.0,0.0
221.05,0.0,0.0,,,,,0.0,0.0,0.0
222.05,0.0,0.0,,,,,0.0,0.0,0.0
223.05,0.0,0.0,,,,,0.0,0.0,0.0
224.05,0.0,0.0,,,,,0.0,0.0,0.0
225.05,0.0,0.0,,,,,0.0,0.0,0.0
226.05,0.0,0.0,,,,,0.0,0.0,0.0
227.05,0.0,0.0,,,,,0.0,0.0,0.0
228.05,0.0,0.0,,,,,0.0,0.0,0.0
229.05,0.0,0.0,,,,,0.0,0.0,0.0
230.05,0.0,0.0,,,,,0.0,0.0,0.0
231.05,0.0,0.0,,,,,0.0,0.0,0.0
232.05,0.0,0.0,,,,,0.0,0.0,0.0
233.05,0.0,0.0,,,,,0.0,0.0,0.0
234.05,0.0,0.0,,,,,0.0,0.0,0.0
235.05,0.0,0.0,,,,,0.0,0.0,0.0
236.05,0.0,0.0,,,,,0.0,0.0,0.0
237.05,0.0,0.0,,,,,0.0,0.0,0.0
238.05,0.0,0.0,,,,,0.0,0.0,0.0
239.05,0.0,0.0,,,,,0.0,0.0,0.0
240.05,0.0,0.0,,,,,0.0,0.0,0.0
241.05,0.0,0.0,,,,,0.0,0.0,0.0
242.05,0.0,0.0,,,,,0.0,0.0,0.0
243.05,0.0,0.0,,,,,0.0,0.0,0.0
244.05,0.0,0.0,,,,,0.0,0.0,0.0
245.05,0.0,0.0,,,,,0.0,0.0,0.0
246.05,0.0,0.0,,,,,0.0,0.0,0.0
247.05,0.0,0.0,,,,,0.0,0.0,0.0
248.05,0.0,0.0,,,,,0.0,0.0,0.0
249.05,0.0,0.0,,,,,0.0,0.0,0.0
250.05,0.0,0.0,,,,,0.0,0.0,0.0
251.05,0.0,0.0,,,,,0.0,0.0,0.0
252.05,0.0,0.0,,,,,0.0,0.0,0.0
253.06,0.0,0.0,,,,,0.0,0.0,0.0
254.06,0.0,0.0,,,,,0.0,0.0,0.0
255.06,0.0,0.0,,,,,0.0,0.0,0.0
256.06,0.0,0.0,,,,,0.0,0.0,0.0
257.06,0.0,0.0,,,,,0.0,0.0,0.0
258.06,0.0,0.0,,,,,0.0,0.0,0.0
259.06,0.0,0.0,,,,,0.0,0.0,0.0
260.06,0.0,0.0,,,,,0.0,0.0,0.0
261.06,0.0,0.0,,,,,0.0,0.0,0.0
262.06,0.0,0.0,,,,,0.0,0.0,0.0
263.06,0.0,0.0,,,,,0.0,0.0,0.0
264.06,0.0,0.0,,,,,0.0,0.0,0.0
265.06,0.0,0.0,,,,,0.0,0.0,0.0
266.06,0.0,0.0,,,,,0.0,0.0,0.0
267.06,0.0,0.0,,,,,0.0,0.0,0.0
268.06,0.0,0.0,,,,,0.0,0.0,0.0
269.06,0.0,0.0,,,,,0.0,0.0,0.0
270.06,0.0,0.0,,,,,0.0,0.0,0.0
271.06,0.0,0.0,,,,,0.0,0.0,0.0
272.06,0.0,0.0,,,,,0.0,0.0,0.0
273.06,0.0,0.0,,,,,0.0,0.0,0.0
274.06,0.0,0.0,,,,,0.0,0.0,0.0
275.06,0.0,0.0,,,,,0.0,0.0,0.0
276.06,0.0,0.0,,,,,0.0,0.0,0.0
277.06,0.0,0.0,,,,,0.0,0.0,0.0
278.06,0.0,0.0,,,,,0.0,0.0,0.0
279.06,0.0,0.0,,,,,0.0,0.0,0.0
280.06,0.0,0.0,,,,,0.0,0.0,0.0
281.06,0.0,0.0,,,,,0.0,0.0,0.0
282.06,0.0,0.0,,,,,0.0,0.0,0.0
283.06,0.0,0.0,,,,,0.0,0.0,0.0
284.06,0.0,0.0,,,,,0.0,0.0,0.0
285.06,0.0,0.0,,,,,0.0,0.0,0.0
286.06,0.0,0.0,,,,,0.0,0.0,0.0
287.06,0.0,0.0,,,,,0.0,0.0,0.0
288.06,0.0,0.0,,,,,0.0,0.0,0.0
289.06,0.0,0.0,,,,,0.0,0.0,0.0
290.06,0.0,0.0,,,,,0.0,0.0,0.0
291.06,0.0,0.0,,,,,0.0,0.0,0.0
292.06,0.0,0.0,,,,,0.0,0.0,0.0
293.06,0.0,0.0,,,,,0.0,0.0,0.0
294.06,0.0,0.0,,,,,0.0,0.0,0.0
295.06,0.0,0.0,,,,,0.0,0.0,0.0
296.06,0.0,0.0,,,,,0.0,0.0,0.0
297.06,0.0,0.0,,,,,0.0,0.0,0.0
298.06,0.0,0.0,,,,,0.0,0.0,0.0
299.07,0.0,0.0,,,,,0.0,0.0,0.0
300.07,0.0,0.0,,,,,0.0,0.0,0.0
301.07,0.0,0.0,,,,,0.0,0.0,0.0
302.07,0.0,0.0,,,,,0.0,0.0,0.0
303.07,0.0,0.0,,,,,0.0,0.0,0.0
304.07,0.0,0.0,,,,,0.0,0.0,0.0
305.07,0.0,0.0,,,,,0.0,0.0,0.0
306.07,0.0,0.0,,,,,0.0,0.0,0.0
307.07,0.0,0.0,,,,,0.0,0.0,0.0
308.07,0.0,0.0,,,,,0.0,0.0,0.0
309.07,0.0,0.0,,,,,0.0,0.0,0.0
310.07,0.0,0.0,,,,,0.0,0.0,0.0
311.07,0.0,0.0,,,,,0.0,0.0,0.0
312.07,0.0,0.0,,,,,0.0,0.0,0.0
313.07,0.0,0.0,,,,,0.0,0.0,0.0
314.07,0.0,0.0,,,,,0.0,0.0,0.0
315.07,0.0,0.0,,,,,0.0,0.0,0.0
316.07,0.0,0.0,,,,,0.0,0.0,0.0
317.07,0.0,0.0,,,,,0.0,0.0,0.0
318.07,0.0,0.0,,,,,0.0,0.0,0.0
319.07,0.0,0.0,,,,,0.0,0.0,0.0
320.07,0.0,0.0,,,,,0.0,0.0,0.0
321.07,0.0,0.0,,,,,0.0,0.0,0.0
322.07,0.0,0.0,,,,,0.0,0.0,0.0
323.07,0.0,0.0,,,,,0.0,0.0,0.0
324.07,0.0,0.0,,,,,0.0,0.0,0.0
325.07,0.0,0.0,,,,,0.0,0.0,0.0
326.07,0.0,0.0,,,,,0.0,0.0,0.0
327.07,0.0,0.0,,,,,0.0,0.0,0.0
328.07,0.0,0.0,,,,,0.0,0.0,0.0
329.07,0.0,0.0,,,,,0.0,0.0,0.0
330.07,0.0,0.0,,,,,0.0,0.0,0.0
331.07,0.0,0.0,,,,,0.0,0.0,0.0
332.07,0.0,0.0,,,,,0.0,0.0,0.0
333.07,0.0,0.0,,,,,0.0,0.0,0.0
334.07,0.0,0.0,,,,,0.0,0.0,0.0
335.07,0.0,0.0,,,,,0.0,0.0,0.0
336.07,0.0,0.0,,,,,0.0,0.0,0.0
337.07,0.0,0.0,,,,,0.0,0.0,0.0
338.07,0.0,0.0,,,,,0.0,0.0,0.0
339.07,0.0,0.0,,,,,0.0,0.0,0.0
340.07,0.0,0.0,,,,,0.0,0.0,0.0
341.07,0.0,0.0,,,,,0.0,0.0,0.0
342.07,0.0,0.0,,,,,0.0,0.0,0.0
343.07,0.0,0.0,,,,,0.0,0.0,0.0
344.07,0.0,0.0,,,,,0.0,0.0,0.0
345.07,0.0,0.0,,,,,0.0,0.0,0.0
346.07,0.0,0.0,,,,,0.0,0.0,0.0
347.08,0.0,0.0,,,,,0.0,0.0,0.0
348.08,0.0,0.0,,,,,0.0,0.0,0.0
349.08,0.0,0.0,,,,,0.0,0.0,0.0
350.08,0.0,0.0,,,,,0.0,0.0,0.0
351.08,0.0,0.0,,,,,0.0,0.0,0.0
352.08,0.0,0.0,,,,,0.0,0.0,0.0
353.08,0.0,0.0,,,,,0.0,0.0,0.0
354.08,0.0,0.0,,,,,0.0,0.0,0.0
355.08,0.0,0.0,,,,,0.0,0.0,0.0
356.08,0.0,0.0,,,,,0.0,0.0,0.0
357.08,0.0,0.0,,,,,0.0,0.0,0.0
358.08,0.0,0.0,,,,,0.0,0.0,0.0
359.08,0.0,0.0,,,,,0.0,0.0,0.0
360.08,0.0,0.0,,,,,0.0,0.0,0.0
361.08,0.0,0.0,,,,,0.0,0.0,0.0
362.08,0.0,0.0,,,,,0.0,0.0,0.0
363.08,0.0,0.0,,,,,0.0,0.0,0.0
364.08,0.0,0.0,,,,,0.0,0.0,0.0
365.08,0.0,0.0,,,,,0.0,0.0,0.0
366.08,0.0,0.0,,,,,0.0,0.0,0.0
367.08,0.0,0.0,,,,,0.0,0.0,0.0
368.08,0.0,0.0,,,,,0.0,0.0,0.0
369.08,0.0,0.0,,,,,0.0,0.0,0.0
370.08,0.0,0.0,,,,,0.0,0.0,0.0
371.08,0.0,0.0,,,,,0.0,0.0,0.0
372.08,0.0,0.0,,,,,0.0,0.0,0.0
373.08,0.0,0.0,,,,,0.0,0.0,0.0
374.08,0.0,0.0,,,,,0.0,0.0,0.0
375.08,0.0,0.0,,,,,0.0,0.0,0.0
376.08,0.0,0.0,,,,,0.0,0.0,0.0
377.08,0.0,0.0,,,,,0.0,0.0,0.0
378.08,0.0,0.0,,,,,0.0,0.0,0.0
379.08,0.0,0.0,,,,,0.0,0.0,0.0
380.08,0.0,0.0,,,,,0.0,0.0,0.0
381.08,0.0,0.0,,,,,0.0,0.0,0.0
382.08,0.0,0.0,,,,,0.0,0.0,0.0
383.08,0.0,0.0,,,,,0.0,0.0,0.0
384.08,0.0,0.0,,,,,0.0,0.0,0.0
385.08,0.0,0.0,,,,,0.0,0.0,0.0
386.08,0.0,0.0,,,,,0.0,0.0,0.0
387.08,0.0,0.0,,,,,0.0,0.0,0.0
388.08,0.0,0.0,,,,,0.0,0.0,0.0
389.08,0.0,0.0,,,,,0.0,0.0,0.0
390.08,0.0,0.0,,,,,0.0,0.0,0.0
391.08,0.0,0.0,,,,,0.0,0.0,0.0
392.08,0.0,0.0,,,,,0.0,0.0,0.0
393.08,0.0,0.0,,,,,0.0,0.0,0.0
394.08,0.0,0.0,,,,,0.0,0.0,0.0
395.09,0.0,0.0,,,,,0.0,0.0,0.0
396.09,0.0,0.0,,,,,0.0,0.0,0.0
397.09,0.0,0.0,,,,,0.0,0.0,0.0
398.09,0.0,0.0,,,,,0.0,0.0,0.0
399.09,0.0,0.0,,,,,0.0,0.0,0.0
400.09,0.0,0.0,,,,,0.0,0.0,0.0
401.09,0.0,0.0,,,,,0.0,0.0,0.0
402.09,0.0,0.0,,,,,0.0,0.0,0.0
403.09,0.0,0.0,,,,,0.0,0.0,0.0
404.09,0.0,0.0,,,,,0.0,0.0,0.0
405.09,0.0,0.0,,,,,0.0,0.0,0.0
406.09,0.0,0.0,,,,,0.0,0.0,0.0
407.09,0.0,0.0,,,,,0.0,0.0,0.0
408.09,0.0,0.0,,,,,0.0,0.0,0.0
409.09,0.0,0.0,,,,,0.0,0.0,0.0
410.09,0.0,0.0,,,,,0.0,0.0,0.0
411.09,0.0,0.0,,,,,0.0,0.0,0.0
412.09,0.0,0.0,,,,,0.0,0.0,0.0
413.09,0.0,0.0,,,,,0.0,0.0,0.0
414.09,0.0,0.0,,,,,0.0,0.0,0.0
415.09,0.0,0.0,,,,,0.0,0.0,0.0
416.09,0.0,0.0,,,,,0.0,0.0,0.0
417.09,0.0,0.0,,,,,0.0,0.0,0.0
418.09,0.0,0.0,,,,,0.0,0.0,0.0
419.09,0.0,0.0,,,,,0.0,0.0,0.0
420.09,0.0,0.0,,,,,0.0,0.0,0.0
421.09,0.0,0.0,,,,,0.0,0.0,0.0
422.09,0.0,0.0,,,,,0.0,0.0,0.0
423.09,0.0,0.0,,,,,0.0,0.0,0.0
424.09,0.0,0.0,,,,,0.0,0.0,0.0
425.09,0.0,0.0,,,,,0.0,0.0,0.0
426.09,0.0,0.0,,,,,0.0,0.0,0.0
427.09,0.0,0.0,,,,,0.0,0.0,0.0
428.09,0.0,0.0,,,,,0.0,0.0,0.0
429.09,0.0,0.0,,,,,0.0,0.0,0.0
430.09,0.0,0.0,,,,,0.0,0.0,0.0
431.09,0.0,0.0,,,,,0.0,0.0,0.0
432.09,0.0,0.0,,,,,0.0,0.0,0.0
433.09,0.0,0.0,,,,,0.0,0.0,0.0
434.09,0.0,0.0,,,,,0.0,0.0,0.0
435.09,0.0,0.0,,,,,0.0,0.0,0.0
436.09,0.0,0.0,,,,,0.0,0.0,0.0
437.09,0.0,0.0,,,,,0.0,0.0,0.0
438.09,0.0,0.0,,,,,0.0,0.0,0.0
439.09,0.0,0.0,,,,,0.0,0.0,0.0
440.09,0.0,0.0,,,,,0.0,0.0,0.0
441.09,0.0,0.0,,,,,0.0,0.0,0.0
442.09,0.0,0.0,,,,,0.0,0.0,0.0
443.1,0.0,0.0,,,,,0.0,0.0,0.0
444.1,0.0,0.0,,,,,0.0,0.0,0.0
445.1,0.0,0.0,,,,,0.0,0.0,0.0
446.1,0.0,0.0,,,,,0.0,0.0,0.0
447.1,0.0,0.0,,,,,0.0,0.0,0.0
448.1,0.0,0.0,,,,,0.0,0.0,0.0
449.1,0.0,0.0,,,,,0.0,0.0,0.0
450.1,0.0,0.0,,,,,0.0,0.0,0.0
451.1,0.0,0.0,,,,,0.0,0.0,0.0
452.1,0.0,0.0,,,,,0.0,0.0,0.0
453.1,0.0,0.0,,,,,0.0,0.0,0.0
454.1,0.0,0.0,,,,,0.0,0.0,0.0
455.1,0.0,0.0,,,,,0.0,0.0,0.0
456.1,0.0,0.0,,,,,0.0,0.0,0.0
457.1,0.0,0.0,,,,,0.0,0.0,0.0
458.1,0.0,0.0,,,,,0.0,0.0,0.0
459.1,0.0,0.0,,,,,0.0,0.0,0.0
460.1,0.0,0.0,,,,,0.0,0.0,0.0
461.1,0.0,0.0,,,,,0.0,0.0,0.0
462.1,0.0,0.0,,,,,0.0,0.0,0.0
463.1,0.0,0.0,,,,,0.0,0.0,0.0
464.1,0.0,0.0,,,,,0.0,0.0,0.0
465.1,0.0,0.0,,,,,0.0,0.0,0.0
466.1,0.0,0.0,,,,,0.0,0.0,0.0
467.1,0.0,0.0,,,,,0.0,0.0,0.0
468.1,0.0,0.0,,,,,0.0,0.0,0.0
469.1,0.0,0.0,,,,,0.0,0.0,0.0
470.1,0.0,0.0,,,,,0.0,0.0,0.0
471.1,0.0,0.0,,,,,0.0,0.0,0.0
472.1,0.0,0.0,,,,,0.0,0.0,0.0
473.1,0.0,0.0,,,,,0.0,0.0,0.0
474.1,0.0,0.0,,,,,0.0,0.0,0.0
475.1,0.0,0.0,,,,,0.0,0.0,0.0
476.1,0.0,0.0,,,,,0.0,0.0,0.0
477.1,0.0,0.0,,,,,0.0,0.0,0.0
478.1,0.0,0.0,,,,,0.0,0.0,0.0
479.1,0.0,0.0,,,,,0.0,0.0,0.0
480.1,0.0,0.0,,,,,0.0,0.0,0.0
481.1,0.0,0.0,,,,,0.0,0.0,0.0
482.1,0.0,0.0,,,,,0.0,0.0,0.0
483.1,0.0,0.0,,,,,0.0,0.0,0.0
484.1,0.0,0.0,,,,,0.0,0.0,0.0
485.1,0.0,0.0,,,,,0.0,0.0,0.0
486.1,0.0,0.0,,,,,0.0,0.0,0.0
487.1,0.0,0.0,,,,,0.0,0.0,0.0
488.1,0.0,0.0,,,,,0.0,0.0,0.0
489.1,0.0,0.0,,,,,0.0,0.0,0.0
490.1,0.0,0.0,,,,,0.0,0.0,0.0
491.11,0.0,0.0,,,,,0.0,0.0,0.0
492.11,0.0,0.0,,,,,0.0,0.0,0.0
493.11,0.0,0.0,,,,,0.0,0.0,0.0
494.11,0.0,0.0,,,,,0.0,0.0,0.0
495.11,0.0,0.0,,,,,0.0,0.0,0.0
496.11,0.0,0.0,,,,,0.0,0.0,0.0
497.11,0.0,0.0,,,,,0.0,0.0,0.0
498.11,0.0,0.0,,,,,0.0,0.0,0.0
499.11,0.0,0.0,,,,,0.0,0.0,0.0
500.11,0.0,0.0,,,,,0.0,0.0,0.0
501.11,0.0,0.0,,,,,0.0,0.0,0.0
502.11,0.0,0.0,,,,,0.0,0.0,0.0
503.11,0.0,0.0,,,,,0.0,0.0,0.0
504.11,0.0,0.0,,,,,0.0,0.0,0.0
505.11,0.0,0.0,,,,,0.0,0.0,0.0
506.11,0.0,0.0,,,,,0.0,0.0,0.0
507.11,0.0,0.0,,,,,0.0,0.0,0.0
508.11,0.0,0.0,,,,,0.0,0.0,0.0
509.11,0.0,0.0,,,,,0.0,0.0,0.0
510.11,0.0,0.0,,,,,0.0,0.0,0.0
511.11,0.0,0.0,,,,,0.0,0.0,0.0
512.11,0.0,0.0,,,,,0.0,0.0,0.0
513.11,0.0,0.0,,,,,0.0,0.0,0.0
514.11,0.0,0.0,,,,,0.0,0.0,0.0
515.11,0.0,0.0,,,,,0.0,0.0,0.0
516.11,0.0,0.0,,,,,0.0,0.0,0.0
517.11,0.0,0.0,,,,,0.0,0.0,0.0
518.11,0.0,0.0,,,,,0.0,0.0,0.0
519.11,0.0,0.0,,,,,0.0,0.0,0.0
520.11,0.0,0.0,,,,,0.0,0.0,0.0
521.11,0.0,0.0,,,,,0.0,0.0,0.0
522.11,0.0,0.0,,,,,0.0,0.0,0.0
523.11,0.0,0.0,,,,,0.0,0.0,0.0
524.11,0.0,0.0,,,,,0.0,0.0,0.0
525.11,0.0,0.0,,,,,0.0,0.0,0.0
526.11,0.0,0.0,,,,,0.0,0.0,0.0
527.11,0.0,0.0,,,,,0.0,0.0,0.0
528.11,0.0,0.0,,,,,0.0,0.0,0.0
529.11,0.0,0.0,,,,,0.0,0.0,0.0
530.11,0.0,0.0,,,,,0.0,0.0,0.0
531.11,0.0,0.0,,,,,0.0,0.0,0.0
532.11,0.0,0.0,,,,,0.0,0.0,0.0
533.11,0.0,0.0,,,,,0.0,0.0,0.0
534.11,0.0,0.0,,,,,0.0,0.0,0.0
535.11,0.0,0.0,,,,,0.0,0.0,0.0
536.11,0.0,0.0,,,,,0.0,0.0,0.0
537.11,0.0,0.0,,,,,0.0,0.0,0.0
538.11,0.0,0.0,,,,,0.0,0.0,0.0
539.12,0.0,0.0,,,,,0.0,0.0,0.0
540.12,0.0,0.0,,,,,0.0,0.0,0.0
541.12,0.0,0.0,,,,,0.0,0.0,0.0
542.12,0.0,0.0,,,,,0.0,0.0,0.0
543.12,0.0,0.0,,,,,0.0,0.0,0.0
544.12,0.0,0.0,,,,,0.0,0.0,0.0
545.12,0.0,0.0,,,,,0.0,0.0,0.0
546.12,0.0,0.0,,,,,0.0,0.0,0.0
547.12,0.0,0.0,,,,,0.0,0.0,0.0
548.12,0.0,0.0,,,,,0.0,0.0,0.0
549.12,0.0,0.0,,,,,0.0,0.0,0.0
550.12,0.0,0.0,,,,,0.0,0.0,0.0
551.12,0.0,0.0,,,,,0.0,0.0,0.0
552.12,0.0,0.0,,,,,0.0,0.0,0.0
553.12,0.0,0.0,,,,,0.0,0.0,0.0
554.12,0.0,0.0,,,,,0.0,0.0,0.0
555.12,0.0,0.0,,,,,0.0,0.0,0.0
556.12,0.0,0.0,,,,,0.0,0.0,0.0
557.12,0.0,0.0,,,,,0.0,0.0,0.0
558.12,0.0,0.0,,,,,0.0,0.0,0.0
559.12,0.0,0.0,,,,,0.0,0.0,0.0
560.12,0.0,0.0,,,,,0.0,0.0,0.0
561.12,0.0,0.0,,,,,0.0,0.0,0.0
562.12,0.0,0.0,,,,,0.0,0.0,0.0
563.12,0.0,0.0,,,,,0.0,0.0,0.0
564.12,0.0,0.0,,,,,0.0,0.0,0.0
565.12,0.0,0.0,,,,,0.0,0.0,0.0
566.12,0.0,0.0,,,,,0.0,0.0,0.0
567.12,0.0,0.0,,,,,0.0,0.0,0.0
568.12,0.0,0.0,,,,,0.0,0.0,0.0
569.12,0.0,0.0,,,,,0.0,0.0,0.0
570.12,0.0,0.0,,,,,0.0,0.0,0.0
571.12,0.0,0.0,,,,,0.0,0.0,0.0
572.12,0.0,0.0,,,,,0.0,0.0,0.0
573.12,0.0,0.0,,,,,0.0,0.0,0.0
574.12,0.0,0.0,,,,,0.0,0.0,0.0
575.12,0.0,0.0,,,,,0.0,0.0,0.0
576.12,0.0,0.0,,,,,0.0,0.0,0.0
577.12,0.0,0.0,,,,,0.0,0.0,0.0
578.12,0.0,0.0,,,,,0.0,0.0,0.0
579.12,0.0,0.0,,,,,0.0,0.0,0.0
580.12,0.0,0.0,,,,,0.0,0.0,0.0
581.12,0.0,0.0,,,,,0.0,0.0,0.0
582.12,0.0,0.0,,,,,0.0,0.0,0.0
583.12,0.0,0.0,,,,,0.0,0.0,0.0
584.12,0.0,0.0,,,,,0.0,0.0,0.0
585.12,0.0,0.0,,,,,0.0,0.0,0.0
586.12,0.0,0.0,,,,,0.0,0.0,0.0
587.12,0.0,0.0,,,,,0.0,0.0,0.0
588.13,0.0,0.0,,,,,0.0,0.0,0.0
589.13,0.0,0.0,,,,,0.0,0.0,0.0
590.13,0.0,0.0,,,,,0.0,0.0,0.0
591.13,0.0,0.0,,,,,0.0,0.0,0.0
592.13,0.0,0.0,,,,,0.0,0.0,0.0
593.13,0.0,0.0,,,,,0.0,0.0,0.0
594.13,0.0,0.0,,,,,0.0,0.0,0.0
595.13,0.0,0.0,,,,,0.0,0.0,0.0
596.13,0.0,0.0,,,,,0.0,0.0,0.0
597.13,0.0,0.0,,,,,0.0,0.0,0.0
598.13,0.0,0.0,,,,,0.0,0.0,0.0
599.13,0.0,0.0,,,,,0.0,0.0,0.0
600.13,0.0,0.0,,,,,0.0,0.0,0.0
601.13,0.0,0.0,,,,,0.0,0.0,0.0
602.13,0.0,0.0,,,,,0.0,0.0,0.0
603.13,0.0,0.0,,,,,0.0,0.0,0.0
604.13,0.0,0.0,,,,,0.0,0.0,0.0
605.13,0.0,0.0,,,,,0.0,0.0,0.0
606.13,0.0,0.0,,,,,0.0,0.0,0.0
607.13,0.0,0.0,,,,,0.0,0.0,0.0
608.13,0.0,0.0,,,,,0.0,0.0,0.0
609.13,0.0,0.0,,,,,0.0,0.0,0.0
610.13,0.0,0.0,,,,,0.0,0.0,0.0
611.13,0.0,0.0,,,,,0.0,0.0,0.0
612.13,0.0,0.0,,,,,0.0,0.0,0.0
613.13,0.0,0.0,,,,,0.0,0.0,0.0
614.13,0.0,0.0,,,,,0.0,0.0,0.0
615.13,0.0,0.0,,,,,0.0,0.0,0.0
616.13,0.0,0.0,,,,,0.0,0.0,0.0
617.13,0.0,0.0,,,,,0.0,0.0,0.0
618.13,0.0,0.0,,,,,0.0,0.0,0.0
619.13,0.0,0.0,,,,,0.0,0.0,0.0
620.13,0.0,0.0,,,,,0.0,0.0,0.0
621.13,0.0,0.0,,,,,0.0,0.0,0.0
622.13,0.0,0.0,,,,,0.0,0.0,0.0
623.13,0.0,0.0,,,,,0.0,0.0,0.0
624.13,0.0,0.0,,,,,0.0,0.0,0.0
625.13,0.0,0.0,,,,,0.0,0.0,0.0
626.13,0.0,0.0,,,,,0.0,0.0,0.0
627.13,0.0,0.0,,,,,0.0,0.0,0.0
628.13,0.0,0.0,,,,,0.0,0.0,0.0
629.13,0.0,0.0,,,,,0.0,0.0,0.0
630.13,0.0,0.0,,,,,0.0,0.0,0.0
631.13,0.0,0.0,,,,,0.0,0.0,0.0
632.13,0.0,0.0,,,,,0.0,0.0,0.0
633.13,0.0,0.0,,,,,0.0,0.0,0.0
634.13,0.0,0.0,,,,,0.0,0.0,0.0
635.13,0.0,0.0,,,,,0.0,0.0,0.0
636.14,0.0,0.0,,,,,0.0,0.0,0.0
637.14,0.0,0.0,,,,,0.0,0.0,0.0
638.14,0.0,0.0,,,,,0.0,0.0,0.0
639.14,0.0,0.0,,,,,0.0,0.0,0.0
640.14,0.0,0.0,,,,,0.0,0.0,0.0
641.14,0.0,0.0,,,,,0.0,0.0,0.0
642.14,0.0,0.0,,,,,0.0,0.0,0.0
643.14,0.0,0.0,,,,,0.0,0.0,0.0
644.14,0.0,0.0,,,,,0.0,0.0,0.0
645.14,0.0,0.0,,,,,0.0,0.0,0.0
646.14,0.0,0.0,,,,,0.0,0.0,0.0
647.14,0.0,0.0,,,,,0.0,0.0,0.0
648.14,0.0,0.0,,,,,0.0,0.0,0.0
649.14,0.0,0.0,,,,,0.0,0.0,0.0
650.14,0.0,0.0,,,,,0.0,0.0,0.0
651.14,0.0,0.0,,,,,0.0,0.0,0.0
652.14,0.0,0.0,,,,,0.0,0.0,0.0
653.14,0.0,0.0,,,,,0.0,0.0,0.0
654.14,0.0,0.0,,,,,0.0,0.0,0.0
655.14,0.0,0.0,,,,,0.0,0.0,0.0
656.14,0.0,0.0,,,,,0.0,0.0,0.0
657.14,0.0,0.0,,,,,0.0,0.0,0.0
658.14,0.0,0.0,,,,,0.0,0.0,0.0
659.14,0.0,0.0,,,,,0.0,0.0,0.0
660.14,0.0,0.0,,,,,0.0,0.0,0.0
661.14,0.0,0.0,,,,,0.0,0.0,0.0
662.14,0.0,0.0,,,,,0.0,0.0,0.0
663.14,0.0,0.0,,,,,0.0,0.0,0.0
664.14,0.0,0.0,,,,,0.0,0.0,0.0
665.14,0.0,0.0,,,,,0.0,0.0,0.0
666.14,0.0,0.0,,,,,0.0,0.0,0.0
667.14,0.0,0.0,,,,,0.0,0.0,0.0
668.14,0.0,0.0,,,,,0.0,0.0,0.0
669.14,0.0,0.0,,,,,0.0,0.0,0.0
670.14,0.0,0.0,,,,,0.0,0.0,0.0
671.14,0.0,0.0,,,,,0.0,0.0,0.0
672.14,0.0,0.0,,,,,0.0,0.0,0.0
673.14,0.0,0.0,,,,,0.0,0.0,0.0
674.14,0.0,0.0,,,,,0.0,0.0,0.0
675.14,0.0,0.0,,,,,0.0,0.0,0.0
676.14,0.0,0.0,,,,,0.0,0.0,0.0
677.14,0.0,0.0,,,,,0.0,0.0,0.0
678.14,0.0,0.0,,,,,0.0,0.0,0.0
679.14,0.0,0.0,,,,,0.0,0.0,0.0
680.14,0.0,0.0,,,,,0.0,0.0,0.0
681.14,0.0,0.0,,,,,0.0,0.0,0.0
682.14,0.0,0.0,,,,,0.0,0.0,0.0
683.14,0.0,0.0,,,,,0.0,0.0,0.0
684.15,0.0,0.0,,,,,0.0,0.0,0.0
685.15,0.0,0.0,,,,,0.0,0.0,0.0
686.15,0.0,0.0,,,,,0.0,0.0,0.0
687.15,0.0,0.0,,,,,0.0,0.0,0.0
688.15,0.0,0.0,,,,,0.0,0.0,0.0
689.15,0.0,0.0,,,,,0.0,0.0,0.0
690.15,0.0,0.0,,,,,0.0,0.0,0.0
691.15,0.0,0.0,,,,,0.0,0.0,0.0
692.15,0.0,0.0,,,,,0.0,0.0,0.0
693.15,0.0,0.0,,,,,0.0,0.0,0.0
694.15,0.0,0.0,,,,,0.0,0.0,0.0
695.15,0.0,0.0,,,,,0.0,0.0,0.0
696.15,0.0,0.0,,,,,0.0,0.0,0.0
697.15,0.0,0.0,,,,,0.0,0.0,0.0
698.15,0.0,0.0,,,,,0.0,0.0,0.0
699.15,0.0,0.0,,,,,0.0,0.0,0.0
700.15,0.0,0.0,,,,,0.0,0.0,0.0
701.15,0.0,0.0,,,,,0.0,0.0,0.0
702.15,0.0,0.0,,,,,0.0,0.0,0.0
703.15,0.0,0.0,,,,,0.0,0.0,0.0
704.15,0.0,0.0,,,,,0.0,0.0,0.0
705.15,0.0,0.0,,,,,0.0,0.0,0.0
706.15,0.0,0.0,,,,,0.0,0.0,0.0
707.15,0.0,0.0,,,,,0.0,0.0,0.0
708.15,0.0,0.0,,,,,0.0,0.0,0.0
709.15,0.0,0.0,,,,,0.0,0.0,0.0
710.15,0.0,0.0,,,,,0.0,0.0,0.0
711.15,0.0,0.0,,,,,0.0,0.0,0.0
712.15,0.0,0.0,,,,,0.0,0.0,0.0
713.15,0.0,0.0,,,,,0.0,0.0,0.0
714.15,0.0,0.0,,,,,0.0,0.0,0.0
715.15,0.0,0.0,,,,,0.0,0.0,0.0
716.15,0.0,0.0,,,,,0.0,0.0,0.0
717.15,0.0,0.0,,,,,0.0,0.0,0.0
718.15,0.0,0.0,,,,,0.0,0.0,0.0
719.15,0.0,0.0,,,,,0.0,0.0,0.0
720.15,0.0,0.0,,,,,0.0,0.0,0.0
721.15,0.0,0.0,,,,,0.0,0.0,0.0
722.15,0.0,0.0,,,,,0.0,0.0,0.0
723.15,0.0,0.0,,,,,0.0,0.0,0.0
724.15,0.0,0.0,,,,,0.0,0.0,0.0
725.15,0.0,0.0,,,,,0.0,0.0,0.0
726.15,0.0,0.0,,,,,0.0,0.0,0.0
727.15,0.0,0.0,,,,,0.0,0.0,0.0
728.15,0.0,0.0,,,,,0.0,0.0,0.0
729.16,0.0,0.0,,,,,0.0,0.0,0.0
730.16,0.0,0.0,,,,,0.0,0.0,0.0
731.16,0.0,0.0,,,,,0.0,0.0,0.0
732.16,0.0,0.0,,,,,0.0,0.0,0.0
733.16,0.0,0.0,,,,,0.0,0.0,0.0
734.16,0.0,0.0,,,,,0.0,0.0,0.0
735.16,0.0,0.0,,,,,0.0,0.0,0.0
736.16,0.0,0.0,,,,,0.0,0.0,0.0
737.16,0.0,0.0,,,,,0.0,0.0,0.0
738.16,0.0,0.0,,,,,0.0,0.0,0.0
739.16,0.0,0.0,,,,,0.0,0.0,0.0
740.16,0.0,0.0,,,,,0.0,0.0,0.0
741.16,0.0,0.0,,,,,0.0,0.0,0.0
742.16,0.0,0.0,,,,,0.0,0.0,0.0
743.16,0.0,0.0,,,,,0.0,0.0,0.0
744.16,0.0,0.0,,,,,0.0,0.0,0.0
745.16,0.0,0.0,,,,,0.0,0.0,0.0
746.16,0.0,0.0,,,,,0.0,0.0,0.0
747.16,0.0,0.0,,,,,0.0,0.0,0.0
748.16,0.0,0.0,,,,,0.0,0.0,0.0
749.16,0.0,0.0,,,,,0.0,0.0,0.0
750.16,0.0,0.0,,,,,0.0,0.0,0.0
751.16,0.0,0.0,,,,,0.0,0.0,0.0
752.16,0.0,0.0,,,,,0.0,0.0,0.0
753.16,0.0,0.0,,,,,0.0,0.0,0.0
754.16,0.0,0.0,,,,,0.0,0.0,0.0
755.16,0.0,0.0,,,,,0.0,0.0,0.0
756.16,0.0,0.0,,,,,0.0,0.0,0.0
757.16,0.0,0.0,,,,,0.0,0.0,0.0
758.16,0.0,0.0,,,,,0.0,0.0,0.0
759.16,0.0,0.0,,,,,0.0,0.0,0.0
760.16,0.0,0.0,,,,,0.0,0.0,0.0
761.16,0.0,0.0,,,,,0.0,0.0,0.0
762.16,0.0,0.0,,,,,0.0,0.0,0.0
763.16,0.0,0.0,,,,,0.0,0.0,0.0
764.16,0.0,0.0,,,,,0.0,0.0,0.0
765.16,0.0,0.0,,,,,0.0,0.0,0.0
766.16,0.0,0.0,,,,,0.0,0.0,0.0
767.16,0.0,0.0,,,,,0.0,0.0,0.0
768.16,0.0,0.0,,,,,0.0,0.0,0.0
769.16,0.0,0.0,,,,,0.0,0.0,0.0
770.16,0.0,0.0,,,,,0.0,0.0,0.0
771.16,0.0,0.0,,,,,0.0,0.0,0.0
772.16,0.0,0.0,,,,,0.0,0.0,0.0
773.16,0.0,0.0,,,,,0.0,0.0,0.0
774.16,0.0,0.0,,,,,0.0,0.0,0.0
775.16,0.0,0.0,,,,,0.0,0.0,0.0
776.16,0.0,0.0,,,,,0.0,0.0,0.0
777.17,0.0,0.0,,,,,0.0,0.0,0.0
778.17,0.0,0.0,,,,,0.0,0.0,0.0
779.17,0.0,0.0,,,,,0.0,0.0,0.0
780.17,0.0,0.0,,,,,0.0,0.0,0.0
781.17,0.0,0.0,,,,,0.0,0.0,0.0
782.17,0.0,0.0,,,,,0.0,0.0,0.0
783.17,0.0,0.0,,,,,0.0,0.0,0.0
784.17,0.0,0.0,,,,,0.0,0.0,0.0
785.17,0.0,0.0,,,,,0.0,0.0,0.0
786.17,0.0,0.0,,,,,0.0,0.0,0.0
787.17,0.0,0.0,,,,,0.0,0.0,0.0
788.17,0.0,0.0,,,,,0.0,0.0,0.0
789.17,0.0,0.0,,,,,0.0,0.0,0.0
790.17,0.0,0.0,,,,,0.0,0.0,0.0
791.17,0.0,0.0,,,,,0.0,0.0,0.0
792.17,0.0,0.0,,,,,0.0,0.0,0.0
793.17,0.0,0.0,,,,,0.0,0.0,0.0
794.17,0.0,0.0,,,,,0.0,0.0,0.0
795.17,0.0,0.0,,,,,0.0,0.0,0.0
796.17,0.0,0.0,,,,,0.0,0.0,0.0
797.17,0.0,0.0,,,,,0.0,0.0,0.0
798.17,0.0,0.0,,,,,0.0,0.0,0.0
799.17,0.0,0.0,,,,,0.0,0.0,0.0
800.17,0.0,0.0,,,,,0.0,0.0,0.0
801.17,0.0,0.0,,,,,0.0,0.0,0.0
802.17,0.0,0.0,,,,,0.0,0.0,0.0
803.17,0.0,0.0,,,,,0.0,0.0,0.0
804.17,0.0,0.0,,,,,0.0,0.0,0.0
805.17,0.0,0.0,,,,,0.0,0.0,0.0
806.17,0.0,0.0,,,,,0.0,0.0,0.0
807.17,0.0,0.0,,,,,0.0,0.0,0.0
808.17,0.0,0.0,,,,,0.0,0.0,0.0
809.17,0.0,0.0,,,,,0.0,0.0,0.0
810.17,0.0,0.0,,,,,0.0,0.0,0.0
811.17,0.0,0.0,,,,,0.0,0.0,0.0
812.17,0.0,0.0,,,,,0.0,0.0,0.0
813.17,0.0,0.0,,,,,0.0,0.0,0.0
814.17,0.0,0.0,,,,,0.0,0.0,0.0
815.17,0.0,0.0,,,,,0.0,0.0,0.0
816.17,0.0,0.0,,,,,0.0,0.0,0.0
817.17,0.0,0.0,,,,,0.0,0.0,0.0
818.17,0.0,0.0,,,,,0.0,0.0,0.0
819.17,0.0,0.0,,,,,0.0,0.0,0.0
820.17,0.0,0.0,,,,,0.0,0.0,0.0
821.17,0.0,0.0,,,,,0.0,0.0,0.0
822.17,0.0,0.0,,,,,0.0,0.0,0.0
823.17,0.0,0.0,,,,,0.0,0.0,0.0
824.18,0.0,0.0,,,,,0.0,0.0,0.0
825.18,0.0,0.0,,,,,0.0,0.0,0.0
826.18,0.0,0.0,,,,,0.0,0.0,0.0
827.18,0.0,0.0,,,,,0.0,0.0,0.0
828.18,0.0,0.0,,,,,0.0,0.0,0.0
829.18,0.0,0.0,,,,,0.0,0.0,0.0
830.18,0.0,0.0,,,,,0.0,0.0,0.0
831.18,0.0,0.0,,,,,0.0,0.0,0.0
832.18,0.0,0.0,,,,,0.0,0.0,0.0
833.18,0.0,0.0,,,,,0.0,0.0,0.0
834.18,0.0,0.0,,,,,0.0,0.0,0.0
835.18,0.0,0.0,,,,,0.0,0.0,0.0
836.18,0.0,0.0,,,,,0.0,0.0,0.0
837.18,0.0,0.0,,,,,0.0,0.0,0.0
838.18,0.0,0.0,,,,,0.0,0.0,0.0
839.18,0.0,0.0,,,,,0.0,0.0,0.0
840.18,0.0,0.0,,,,,0.0,0.0,0.0
841.18,0.0,0.0,,,,,0.0,0.0,0.0
842.18,0.0,0.0,,,,,0.0,0.0,0.0
843.18,0.0,0.0,,,,,0.0,0.0,0.0
844.18,0.0,0.0,,,,,0.0,0.0,0.0
845.18,0.0,0.0,,,,,0.0,0.0,0.0
846.18,0.0,0.0,,,,,0.0,0.0,0.0
847.18,0.0,0.0,,,,,0.0,0.0,0.0
848.18,0.0,0.0,,,,,0.0,0.0,0.0
849.18,0.0,0.0,,,,,0.0,0.0,0.0
850.18,0.0,0.0,,,,,0.0,0.0,0.0
851.18,0.0,0.0,,,,,0.0,0.0,0.0
852.18,0.0,0.0,,,,,0.0,0.0,0.0
853.18,0.0,0.0,,,,,0.0,0.0,0.0
854.18,0.0,0.0,,,,,0.0,0.0,0.0
855.18,0.0,0.0,,,,,0.0,0.0,0.0
856.18,0.0,0.0,,,,,0.0,0.0,0.0
857.18,0.0,0.0,,,,,0.0,0.0,0.0
858.18,0.0,0.0,,,,,0.0,0.0,0.0
859.18,0.0,0.0,,,,,0.0,0.0,0.0
860.18,0.0,0.0,,,,,0.0,0.0,0.0
861.18,0.0,0.0,,,,,0.0,0.0,0.0
862.18,0.0,0.0,,,,,0.0,0.0,0.0
863.18,0.0,0.0,,,,,0.0,0.0,0.0
864.18,0.0,0.0,,,,,0.0,0.0,0.0
865.18,0.0,0.0,,,,,0.0,0.0,0.0
866.18,0.0,0.0,,,,,0.0,0.0,0.0
867.18,0.0,0.0,,,,,0.0,0.0,0.0
868.18,0.0,0.0,,,,,0.0,0.0,0.0
869.18,0.0,0.0,,,,,0.0,0.0,0.0
870.18,0.0,0.0,,,,,0.0,0.0,0.0
871.18,0.0,0.0,,,,,0.0,0.0,0.0
872.19,0.0,0.0,,,,,0.0,0.0,0.0
873.19,0.0,0.0,,,,,0.0,0.0,0.0
874.19,0.0,0.0,,,,,0.0,0.0,0.0
875.19,0.0,0.0,,,,,0.0,0.0,0.0
876.19,0.0,0.0,,,,,0.0,0.0,0.0
877.19,0.0,0.0,,,,,0.0,0.0,0.0
878.19,0.0,0.0,,,,,0.0,0.0,0.0
879.19,0.0,0.0,,,,,0.0,0.0,0.0
880.19,0.0,0.0,,,,,0.0,0.0,0.0
881.19,0.0,0.0,,,,,0.0,0.0,0.0
882.19,0.0,0.0,,,,,0.0,0.0,0.0
883.19,0.0,0.0,,,,,0.0,0.0,0.0
884.19,0.0,0.0,,,,,0.0,0.0,0.0
885.19,0.0,0.0,,,,,0.0,0.0,0.0
886.19,0.0,0.0,,,,,0.0,0.0,0.0
887.19,0.0,0.0,,,,,0.0,0.0,0.0
888.19,0.0,0.0,,,,,0.0,0.0,0.0
889.19,0.0,0.0,,,,,0.0,0.0,0.0
890.19,0.0,0.0,,,,,0.0,0.0,0.0
891.19,0.0,0.0,,,,,0.0,0.0,0.0
892.19,0.0,0.0,,,,,0.0,0.0,0.0
893.19,0.0,0.0,,,,,0.0,0.0,0.0
894.19,0.0,0.0,,,,,0.0,0.0,0.0
895.19,0.0,0.0,,,,,0.0,0.0,0.0
896.19,0.0,0.0,,,,,0.0,0.0,0.0
897.19,0.0,0.0,,,,,0.0,0.0,0.0
898.19,0.0,0.0,,,,,0.0,0.0,0.0
899.19,0.0,0.0,,,,,0.0,0.0,0.0
900.19,0.0,0.0,,,,,0.0,0.0,0.0
901.19,0.0,0.0,,,,,0.0,0.0,0.0
902.19,0.0,0.0,,,,,0.0,0.0,0.0
903.19,0.0,0.0,,,,,0.0,0.0,0.0
904.19,0.0,0.0,,,,,0.0,0.0,0.0
905.19,0.0,0.0,,,,,0.0,0.0,0.0
906.19,0.0,0.0,,,,,0.0,0.0,0.0
907.19,0.0,0.0,,,,,0.0,0.0,0.0
908.19,0.0,0.0,,,,,0.0,0.0,0.0
909.19,0.0,0.0,,,,,0.0,0.0,0.0
910.19,0.0,0.0,,,,,0.0,0.0,0.0
911.19,0.0,0.0,,,,,0.0,0.0,0.0
912.19,0.0,0.0,,,,,0.0,0.0,0.0
913.19,0.0,0.0,,,,,0.0,0.0,0.0
914.19,0.0,0.0,,,,,0.0,0.0,0.0
915.19,0.0,0.0,,,,,0.0,0.0,0.0
916.19,0.0,0.0,,,,,0.0,0.0,0.0
917.19,0.0,0.0,,,,,0.0,0.0,0.0
918.2,0.0,0.0,,,,,0.0,0.0,0.0
919.2,0.0,0.0,,,,,0.0,0.0,0.0
920.2,0.0,0.0,,,,,0.0,0.0,0.0
921.2,0.0,0.0,,,,,0.0,0.0,0.0
922.2,0.0,0.0,,,,,0.0,0.0,0.0
923.2,0.0,0.0,,,,,0.0,0.0,0.0
924.2,0.0,0.0,,,,,0.0,0.0,0.0
925.2,0.0,0.0,,,,,0.0,0.0,0.0
926.2,0.0,0.0,,,,,0.0,0.0,0.0
927.2,0.0,0.0,,,,,0.0,0.0,0.0
928.2,0.0,0.0,,,,,0.0,0.0,0.0
929.2,0.0,0.0,,,,,0.0,0.0,0.0
930.2,0.0,0.0,,,,,0.0,0.0,0.0
931.2,0.0,0.0,,,,,0.0,0.0,0.0
932.2,0.0,0.0,,,,,0.0,0.0,0.0
933.2,0.0,0.0,,,,,0.0,0.0,0.0
934.2,0.0,0.0,,,,,0.0,0.0,0.0
935.2,0.0,0.0,,,,,0.0,0.0,0.0
936.2,0.0,0.0,,,,,0.0,0.0,0.0
937.2,0.0,0.0,,,,,0.0,0.0,0.0
938.2,0.0,0.0,,,,,0.0,0.0,0.0
939.2,0.0,0.0,,,,,0.0,0.0,0.0
940.2,0.0,0.0,,,,,0.0,0.0,0.0
941.2,0.0,0.0,,,,,0.0,0.0,0.0
942.2,0.0,0.0,,,,,0.0,0.0,0.0
943.2,0.0,0.0,,,,,0.0,0.0,0.0
944.2,0.0,0.0,,,,,0.0,0.0,0.0
945.2,0.0,0.0,,,,,0.0,0.0,0.0
946.2,0.0,0.0,,,,,0.0,0.0,0.0
947.2,0.0,0.0,,,,,0.0,0.0,0.0
948.2,0.0,0.0,,,,,0.0,0.0,0.0
949.2,0.0,0.0,,,,,0.0,0.0,0.0
950.2,0.0,0.0,,,,,0.0,0.0,0.0
951.2,0.0,0.0,,,,,0.0,0.0,0.0
952.2,0.0,0.0,,,,,0.0,0.0,0.0
953.2,0.0,0.0,,,,,0.0,0.0,0.0
954.2,0.0,0.0,,,,,0.0,0.0,0.0
955.2,0.0,0.0,,,,,0.0,0.0,0.0
956.2,0.0,0.0,,,,,0.0,0.0,0.0
957.2,0.0,0.0,,,,,0.0,0.0,0.0
958.2,0.0,0.0,,,,,0.0,0.0,0.0
959.2,0.0,0.0,,,,,0.0,0.0,0.0
960.2,0.0,0.0,,,,,0.0,0.0,0.0
961.2,0.0,0.0,,,,,0.0,0.0,0.0
962.2,0.0,0.0,,,,,0.0,0.0,0.0
963.2,0.0,0.0,,,,,0.0,0.0,0.0
964.2,0.0,0.0,,,,,0.0,0.0,0.0
965.21,0.0,0.0,,,,,0.0,0.0,0.0
966.21,0.0,0.0,,,,,0.0,0.0,0.0
967.21,0.0,0.0,,,,,0.0,0.0,0.0
968.21,0.0,0.0,,,,,0.0,0.0,0.0
969.21,0.0,0.0,,,,,0.0,0.0,0.0
970.21,0.0,0.0,,,,,0.0,0.0,0.0
971.21,0.0,0.0,,,,,0.0,0.0,0.0
972.21,0.0,0.0,,,,,0.0,0.0,0.0
973.21,0.0,0.0,,,,,0.0,0.0,0.0
974.21,0.0,0.0,,,,,0.0,0.0,0.0
975.21,0.0,0.0,,,,,0.0,0.0,0.0
976.21,0.0,0.0,,,,,0.0,0.0,0.0
977.21,0.0,0.0,,,,,0.0,0.0,0.0
978.21,0.0,0.0,,,,,0.0,0.0,0.0
979.21,0.0,0.0,,,,,0.0,0.0,0.0
980.21,0.0,0.0,,,,,0.0,0.0,0.0
981.21,0.0,0.0,,,,,0.0,0.0,0.0
982.21,0.0,0.0,,,,,0.0,0.0,0.0
983.21,0.0,0.0,,,,,0.0,0.0,0.0
984.21,0.0,0.0,,,,,0.0,0.0,0.0
985.21,0.0,0.0,,,,,0.0,0.0,0.0
986.21,0.0,0.0,,,,,0.0,0.0,0.0
987.21,0.0,0.0,,,,,0.0,0.0,0.0
988.21,0.0,0.0,,,,,0.0,0.0,0.0
989.21,0.0,0.0,,,,,0.0,0.0,0.0
990.21,0.0,0.0,,,,,0.0,0.0,0.0
991.21,0.0,0.0,,,,,0.0,0.0,0.0
992.21,0.0,0.0,,,,,0.0,0.0,0.0
993.21,0.0,0.0,,,,,0.0,0.0,0.0
994.21,0.0,0.0,,,,,0.0,0.0,0.0
995.21,0.0,0.0,,,,,0.0,0.0,0.0
996.21,0.0,0.0,,,,,0.0,0.0,0.0
997.21,0.0,0.0,,,,,0.0,0.0,0.0
998.21,0.0,0.0,,,,,0.0,0.0,0.0
999.21,0.0,0.0,,,,,0.0,0.0,0.0
1000.21,0.0,0.0,,,,,0.0,0.0,0.0
1001.21,0.0,0.0,,,,,0.0,0.0,0.0
1002.21,0.0,0.0,,,,,0.0,0.0,0.0
1003.21,0.0,0.0,,,,,0.0,0.0,0.0
1004.21,0.0,0.0,,,,,0.0,0.0,0.0
1005.21,0.0,0.0,,,,,0.0,0.0,0.0
1006.21,0.0,0.0,,,,,0.0,0.0,0.0
1007.21,0.0,0.0,,,,,0.0,0.0,0.0
1008.21,0.0,0.0,,,,,0.0,0.0,0.0
1009.21,0.0,0.0,,,,,0.0,0.0,0.0
1010.21,0.0,0.0,,,,,0.0,0.0,0.0
1011.22,0.0,0.0,,,,,0.0,0.0,0.0
1012.22,0.0,0.0,,,,,0.0,0.0,0.0
1013.22,0.0,0.0,,,,,0.0,0.0,0.0
1014.22,0.0,0.0,,,,,0.0,0.0,0.0
1015.22,0.0,0.0,,,,,0.0,0.0,0.0
1016.22,0.0,0.0,,,,,0.0,0.0,0.0
1017.22,0.0,0.0,,,,,0.0,0.0,0.0
1018.22,0.0,0.0,,,,,0.0,0.0,0.0
1019.22,0.0,0.0,,,,,0.0,0.0,0.0
1020.22,0.0,0.0,,,,,0.0,0.0,0.0
1021.22,0.0,0.0,,,,,0.0,0.0,0.0
1022.22,0.0,0.0,,,,,0.0,0.0,0.0
1023.22,0.0,0.0,,,,,0.0,0.0,0.0
1024.22,0.0,0.0,,,,,0.0,0.0,0.0
1025.22,0.0,0.0,,,,,0.0,0.0,0.0
1026.22,0.0,0.0,,,,,0.0,0.0,0.0
1027.22,0.0,0.0,,,,,0.0,0.0,0.0
1028.22,0.0,0.0,,,,,0.0,0.0,0.0
1029.22,0.0,0.0,,,,,0.0,0.0,0.0
1030.22,0.0,0.0,,,,,0.0,0.0,0.0
1031.22,0.0,0.0,,,,,0.0,0.0,0.0
1032.22,0.0,0.0,,,,,0.0,0.0,0.0
1033.22,0.0,0.0,,,,,0.0,0.0,0.0
1034.22,0.0,0.0,,,,,0.0,0.0,0.0
1035.22,0.0,0.0,,,,,0.0,0.0,0.0
1036.22,0.0,0.0,,,,,0.0,0.0,0.0
1037.22,0.0,0.0,,,,,0.0,0.0,0.0
1038.22,0.0,0.0,,,,,0.0,0.0,0.0
1039.22,0.0,0.0,,,,,0.0,0.0,0.0
1040.22,0.0,0.0,,,,,0.0,0.0,0.0
1041.22,0.0,0.0,,,,,0.0,0.0,0.0
1042.22,0.0,0.0,,,,,0.0,0.0,0.0
1043.22,0.0,0.0,,,,,0.0,0.0,0.0
1044.22,0.0,0.0,,,,,0.0,0.0,0.0
1045.22,0.0,0.0,,,,,0.0,0.0,0.0
1046.22,0.0,0.0,,,,,0.0,0.0,0.0
1047.22,0.0,0.0,,,,,0.0,0.0,0.0
1048.22,0.0,0.0,,,,,0.0,0.0,0.0
1049.22,0.0,0.0,,,,,0.0,0.0,0.0
1050.22,0.0,0.0,,,,,0.0,0.0,0.0
1051.22,0.0,0.0,,,,,0.0,0.0,0.0
1052.22,0.0,0.0,,,,,0.0,0.0,0.0
1053.22,0.0,0.0,,,,,0.0,0.0,0.0
1054.22,0.0,0.0,,,,,0.0,0.0,0.0
1055.22,0.0,0.0,,,,,0.0,0.0,0.0
1056.22,0.0,0.0,,,,,0.0,0.0,0.0
1057.22,0.0,0.0,,,,,0.0,0.0,0.0
1058.23,0.0,0.0,,,,,0.0,0.0,0.0
1059.23,0.0,0.0,,,,,0.0,0.0,0.0
1060.23,0.0,0.0,,,,,0.0,0.0,0.0
1061.23,0.0,0.0,,,,,0.0,0.0,0.0
1062.23,0.0,0.0,,,,,0.0,0.0,0.0
1063.23,0.0,0.0,,,,,0.0,0.0,0.0
1064.23,0.0,0.0,,,,,0.0,0.0,0.0
1065.23,0.0,0.0,,,,,0.0,0.0,0.0
1066.23,0.0,0.0,,,,,0.0,0.0,0.0
1067.23,0.0,0.0,,,,,0.0,0.0,0.0
1068.23,0.0,0.0,,,,,0.0,0.0,0.0
1069.23,0.0,0.0,,,,,0.0,0.0,0.0
1070.23,0.0,0.0,,,,,0.0,0.0,0.0
1071.23,0.0,0.0,,,,,0.0,0.0,0.0
1072.23,0.0,0.0,,,,,0.0,0.0,0.0
1073.23,0.0,0.0,,,,,0.0,0.0,0.0
1074.23,0.0,0.0,,,,,0.0,0.0,0.0
1075.23,0.0,0.0,,,,,0.0,0.0,0.0
1076.23,0.0,0.0,,,,,0.0,0.0,0.0
1077.23,0.0,0.0,,,,,0.0,0.0,0.0
1078.23,0.0,0.0,,,,,0.0,0.0,0.0
1079.23,0.0,0.0,,,,,0.0,0.0,0.0
1080.23,0.0,0.0,,,,,0.0,0.0,0.0
1081.23,0.0,0.0,,,,,0.0,0.0,0.0
1082.23,0.0,0.0,,,,,0.0,0.0,0.0
1083.23,0.0,0.0,,,,,0.0,0.0,0.0
1084.23,0.0,0.0,,,,,0.0,0.0,0.0
1085.23,0.0,0.0,,,,,0.0,0.0,0.0
1086.23,0.0,0.0,,,,,0.0,0.0,0.0
1087.23,0.0,0.0,,,,,0.0,0.0,0.0
1088.23,0.0,0.0,,,,,0.0,0.0,0.0
1089.23,0.0,0.0,,,,,0.0,0.0,0.0
1090.23,0.0,0.0,,,,,0.0,0.0,0.0
1091.23,0.0,0.0,,,,,0.0,0.0,0.0
1092.23,0.0,0.0,,,,,0.0,0.0,0.0
1093.23,0.0,0.0,,,,,0.0,0.0,0.0
1094.23,0.0,0.0,,,,,0.0,0.0,0.0
1095.23,0.0,0.0,,,,,0.0,0.0,0.0
1096.23,0.0,0.0,,,,,0.0,0.0,0.0
1097.23,0.0,0.0,,,,,0.0,0.0,0.0
1098.23,0.0,0.0,,,,,0.0,0.0,0.0
1099.23,0.0,0.0,,,,,0.0,0.0,0.0
1100.23,0.0,0.0,,,,,0.0,0.0,0.0
1101.23,0.0,0.0,,,,,0.0,0.0,0.0
1102.23,0.0,0.0,,,,,0.0,0.0,0.0
1103.23,0.0,0.0,,,,,0.0,0.0,0.0
1104.23,0.0,0.0,,,,,0.0,0.0,0.0
1105.24,0.0,0.0,,,,,0.0,0.0,0.0
1106.24,0.0,0.0,,,,,0.0,0.0,0.0
1107.24,0.0,0.0,,,,,0.0,0.0,0.0
1108.24,0.0,0.0,,,,,0.0,0.0,0.0
1109.24,0.0,0.0,,,,,0.0,0.0,0.0
1110.24,0.0,0.0,,,,,0.0,0.0,0.0
1111.24,0.0,0.0,,,,,0.0,0.0,0.0
1112.24,0.0,0.0,,,,,0.0,0.0,0.0
1113.24,0.0,0.0,,,,,0.0,0.0,0.0
1114.24,0.0,0.0,,,,,0.0,0.0,0.0
1115.24,0.0,0.0,,,,,0.0,0.0,0.0
1116.24,0.0,0.0,,,,,0.0,0.0,0.0
1117.24,0.0,0.0,,,,,0.0,0.0,0.0
1118.24,0.0,0.0,,,,,0.0,0.0,0.0
1119.24,0.0,0.0,,,,,0.0,0.0,0.0
1120.24,0.0,0.0,,,,,0.0,0.0,0.0
1121.24,0.0,0.0,,,,,0.0,0.0,0.0
1122.24,0.0,0.0,,,,,0.0,0.0,0.0
1123.24,0.0,0.0,,,,,0.0,0.0,0.0
1124.24,0.0,0.0,,,,,0.0,0.0,0.0
1125.24,0.0,0.0,,,,,0.0,0.0,0.0
1126.24,0.0,0.0,,,,,0.0,0.0,0.0
1127.24,0.0,0.0,,,,,0.0,0.0,0.0
1128.24,0.0,0.0,,,,,0.0,0.0,0.0
1129.24,0.0,0.0,,,,,0.0,0.0,0.0
1130.24,0.0,0.0,,,,,0.0,0.0,0.0
1131.24,0.0,0.0,,,,,0.0,0.0,0.0
1132.24,0.0,0.0,,,,,0.0,0.0,0.0
1133.24,0.0,0.0,,,,,0.0,0.0,0.0
1134.24,0.0,0.0,,,,,0.0,0.0,0.0
1135.24,0.0,0.0,,,,,0.0,0.0,0.0
1136.24,0.0,0.0,,,,,0.0,0.0,0.0
1137.24,0.0,0.0,,,,,0.0,0.0,0.0
1138.24,0.0,0.0,,,,,0.0,0.0,0.0
1139.24,0.0,0.0,,,,,0.0,0.0,0.0
1140.24,0.0,0.0,,,,,0.0,0.0,0.0
1141.24,0.0,0.0,,,,,0.0,0.0,0.0
1142.24,0.0,0.0,,,,,0.0,0.0,0.0
1143.24,0.0,0.0,,,,,0.0,0.0,0.0
1144.24,0.0,0.0,,,,,0.0,0.0,0.0
1145.24,0.0,0.0,,,,,0.0,0.0,0.0
1146.24,0.0,0.0,,,,,0.0,0.0,0.0
1147.24,0.0,0.0,,,,,0.0,0.0,0.0
1148.24,0.0,0.0,,,,,0.0,0.0,0.0
1149.24,0.0,0.0,,,,,0.0,0.0,0.0
1150.24,0.0,0.0,,,,,0.0,0.0,0.0
1151.25,0.0,0.0,,,,,0.0,0.0,0.0
1152.25,0.0,0.0,,,,,0.0,0.0,0.0
1153.25,0.0,0.0,,,,,0.0,0.0,0.0
1154.25,0.0,0.0,,,,,0.0,0.0,0.0
1155.25,0.0,0.0,,,,,0.0,0.0,0.0
1156.25,0.0,0.0,,,,,0.0,0.0,0.0
1157.25,0.0,0.0,,,,,0.0,0.0,0.0
1158.25,0.0,0.0,,,,,0.0,0.0,0.0
1159.25,0.0,0.0,,,,,0.0,0.0,0.0
1160.25,0.0,0.0,,,,,0.0,0.0,0.0
1161.25,0.0,0.0,,,,,0.0,0.0,0.0
1162.25,0.0,0.0,,,,,0.0,0.0,0.0
1163.25,0.0,0.0,,,,,0.0,0.0,0.0
1164.25,0.0,0.0,,,,,0.0,0.0,0.0
1165.25,0.0,0.0,,,,,0.0,0.0,0.0
1166.25,0.0,0.0,,,,,0.0,0.0,0.0
1167.25,0.0,0.0,,,,,0.0,0.0,0.0
1168.25,0.0,0.0,,,,,0.0,0.0,0.0
1169.25,0.0,0.0,,,,,0.0,0.0,0.0
1170.25,0.0,0.0,,,,,0.0,0.0,0.0
1171.25,0.0,0.0,,,,,0.0,0.0,0.0
1172.25,0.0,0.0,,,,,0.0,0.0,0.0
1173.25,0.0,0.0,,,,,0.0,0.0,0.0
1174.25,0.0,0.0,,,,,0.0,0.0,0.0
1175.25,0.0,0.0,,,,,0.0,0.0,0.0
1176.25,0.0,0.0,,,,,0.0,0.0,0.0
1177.25,0.0,0.0,,,,,0.0,0.0,0.0
1178.25,0.0,0.0,,,,,0.0,0.0,0.0
1179.25,0.0,0.0,,,,,0.0,0.0,0.0
1180.25,0.0,0.0,,,,,0.0,0.0,0.0
1181.25,0.0,0.0,,,,,0.0,0.0,0.0
1182.25,0.0,0.0,,,,,0.0,0.0,0.0
1183.25,0.0,0.0,,,,,0.0,0.0,0.0
1184.25,0.0,0.0,,,,,0.0,0.0,0.0
1185.25,0.0,0.0,,,,,0.0,0.0,0.0
1186.25,0.0,0.0,,,,,0.0,0.0,0.0
1187.25,0.0,0.0,,,,,0.0,0.0,0.0
1188.25,0.0,0.0,,,,,0.0,0.0,0.0
1189.25,0.0,0.0,,,,,0.0,0.0,0.0
1190.25,0.0,0.0,,,,,0.0,0.0,0.0
1191.25,0.0,0.0,,,,,0.0,0.0,0.0
1192.25,0.0,0.0,,,,,0.0,0.0,0.0
1193.25,0.0,0.0,,,,,0.0,0.0,0.0
1194.25,0.0,0.0,,,,,0.0,0.0,0.0
1195.25,0.0,0.0,,,,,0.0,0.0,0.0
1196.25,0.0,0.0,,,,,0.0,0.0,0.0
1197.25,0.0,0.0,,,,,0.0,0.0,0.0
1198.26,0.0,0.0,,,,,0.0,0.0,0.0
1199.26,0.0,0.0,,,,,0.0,0.0,0.0
1200.26,0.0,0.0,,,,,0.0,0.0,0.0
1201.26,0.0,0.0,,,,,0.0,0.0,0.0
1202.26,0.0,0.0,,,,,0.0,0.0,0.0
1203.26,0.0,0.0,,,,,0.0,0.0,0.0
1204.26,0.0,0.0,,,,,0.0,0.0,0.0
1205.26,0.0,0.0,,,,,0.0,0.0,0.0
1206.26,0.0,0.0,,,,,0.0,0.0,0.0
1207.26,0.0,0.0,,,,,0.0,0.0,0.0
1208.26,0.0,0.0,,,,,0.0,0.0,0.0
1209.26,0.0,0.0,,,,,0.0,0.0,0.0
1210.26,0.0,0.0,,,,,0.0,0.0,0.0
1211.26,0.0,0.0,,,,,0.0,0.0,0.0
1212.26,0.0,0.0,,,,,0.0,0.0,0.0
1213.26,0.0,0.0,,,,,0.0,0.0,0.0
1214.26,0.0,0.0,,,,,0.0,0.0,0.0
1215.26,0.0,0.0,,,,,0.0,0.0,0.0
1216.26,0.0,0.0,,,,,0.0,0.0,0.0
1217.26,0.0,0.0,,,,,0.0,0.0,0.0
1218.26,0.0,0.0,,,,,0.0,0.0,0.0
1219.26,0.0,0.0,,,,,0.0,0.0,0.0
1220.26,0.0,0.0,,,,,0.0,0.0,0.0
1221.26,0.0,0.0,,,,,0.0,0.0,0.0
1222.26,0.0,0.0,,,,,0.0,0.0,0.0
1223.26,0.0,0.0,,,,,0.0,0.0,0.0
1224.26,0.0,0.0,,,,,0.0,0.0,0.0
1225.26,0.0,0.0,,,,,0.0,0.0,0.0
1226.26,0.0,0.0,,,,,0.0,0.0,0.0
1227.26,0.0,0.0,,,,,0.0,0.0,0.0
1228.26,0.0,0.0,,,,,0.0,0.0,0.0
1229.26,0.0,0.0,,,,,0.0,0.0,0.0
1230.26,0.0,0.0,,,,,0.0,0.0,0.0
1231.26,0.0,0.0,,,,,0.0,0.0,0.0
1232.26,0.0,0.0,,,,,0.0,0.0,0.0
1233.26,0.0,0.0,,,,,0.0,0.0,0.0
1234.26,0.0,0.0,,,,,0.0,0.0,0.0
1235.26,0.0,0.0,,,,,0.0,0.0,0.0
1236.26,0.0,0.0,,,,,0.0,0.0,0.0
1237.26,0.0,0.0,,,,,0.0,0.0,0.0
1238.26,0.0,0.0,,,,,0.0,0.0,0.0
1239.26,0.0,0.0,,,,,0.0,0.0,0.0
1240.26,0.0,0.0,,,,,0.0,0.0,0.0
1241.26,0.0,0.0,,,,,0.0,0.0,0.0
1242.26,0.0,0.0,,,,,0.0,0.0,0.0
1243.26,0.0,0.0,,,,,0.0,0.0,0.0
1244.26,0.0,0.0,,,,,0.0,0.0,0.0
1245.27,0.0,0.0,,,,,0.0,0.0,0.0
1246.27,0.0,0.0,,,,,0.0,0.0,0.0
1247.27,0.0,0.0,,,,,0.0,0.0,0.0
1248.27,0.0,0.0,,,,,0.0,0.0,0.0
1249.27,0.0,0.0,,,,,0.0,0.0,0.0
1250.27,0.0,0.0,,,,,0.0,0.0,0.0
1251.27,0.0,0.0,,,,,0.0,0.0,0.0
1252.27,0.0,0.0,,,,,0.0,0.0,0.0
1253.27,0.0,0.0,,,,,0.0,0.0,0.0
1254.27,0.0,0.0,,,,,0.0,0.0,0.0
1255.27,0.0,0.0,,,,,0.0,0.0,0.0
1256.27,0.0,0.0,,,,,0.0,0.0,0.0
1257.27,0.0,0.0,,,,,0.0,0.0,0.0
1258.27,0.0,0.0,,,,,0.0,0.0,0.0
1259.27,0.0,0.0,,,,,0.0,0.0,0.0
1260.27,0.0,0.0,,,,,0.0,0.0,0.0
1261.27,0.0,0.0,,,,,0.0,0.0,0.0
1262.27,0.0,0.0,,,,,0.0,0.0,0.0
1263.27,0.0,0.0,,,,,0.0,0.0,0.0
1264.27,0.0,0.0,,,,,0.0,0.0,0.0
1265.27,0.0,0.0,,,,,0.0,0.0,0.0
1266.27,0.0,0.0,,,,,0.0,0.0,0.0
1267.27,0.0,0.0,,,,,0.0,0.0,0.0
1268.27,0.0,0.0,,,,,0.0,0.0,0.0
1269.27,0.0,0.0,,,,,0.0,0.0,0.0
1270.27,0.0,0.0,,,,,0.0,0.0,0.0
1271.27,0.0,0.0,,,,,0.0,0.0,0.0
1272.27,0.0,0.0,,,,,0.0,0.0,0.0
1273.27,0.0,0.0,,,,,0.0,0.0,0.0
1274.27,0.0,0.0,,,,,0.0,0.0,0.0
1275.27,0.0,0.0,,,,,0.0,0.0,0.0
1276.27,0.0,0.0,,,,,0.0,0.0,0.0
1277.27,0.0,0.0,,,,,0.0,0.0,0.0
1278.27,0.0,0.0,,,,,0.0,0.0,0.0
1279.27,0.0,0.0,,,,,0.0,0.0,0.0
1280.27,0.0,0.0,,,,,0.0,0.0,0.0
1281.27,0.0,0.0,,,,,0.0,0.0,0.0
1282.27,0.0,0.0,,,,,0.0,0.0,0.0
1283.27,0.0,0.0,,,,,0.0,0.0,0.0
1284.27,0.0,0.0,,,,,0.0,0.0,0.0
1285.27,0.0,0.0,,,,,0.0,0.0,0.0
1286.27,0.0,0.0,,,,,0.0,0.0,0.0
1287.27,0.0,0.0,,,,,0.0,0.0,0.0
1288.27,0.0,0.0,,,,,0.0,0.0,0.0
1289.27,0.0,0.0,,,,,0.0,0.0,0.0
1290.27,0.0,0.0,,,,,0.0,0.0,0.0
1291.27,0.0,0.0,,,,,0.0,0.0,0.0
1292.28,0.0,0.0,,,,,0.0,0.0,0.0
1293.28,0.0,0.0,,,,,0.0,0.0,0.0
1294.28,0.0,0.0,,,,,0.0,0.0,0.0
1295.28,0.0,0.0,,,,,0.0,0.0,0.0
1296.28,0.0,0.0,,,,,0.0,0.0,0.0
1297.28,0.0,0.0,,,,,0.0,0.0,0.0
1298.28,0.0,0.0,,,,,0.0,0.0,0.0
1299.28,0.0,0.0,,,,,0.0,0.0,0.0
1300.28,0.0,0.0,,,,,0.0,0.0,0.0
1301.28,0.0,0.0,,,,,0.0,0.0,0.0
1302.28,0.0,0.0,,,,,0.0,0.0,0.0
1303.28,0.0,0.0,,,,,0.0,0.0,0.0
1304.28,0.0,0.0,,,,,0.0,0.0,0.0
1305.28,0.0,0.0,,,,,0.0,0.0,0.0
1306.28,0.0,0.0,,,,,0.0,0.0,0.0
1307.28,0.0,0.0,,,,,0.0,0.0,0.0
1308.28,0.0,0.0,,,,,0.0,0.0,0.0
1309.28,0.0,0.0,,,,,0.0,0.0,0.0
1310.28,0.0,0.0,,,,,0.0,0.0,0.0
1311.28,0.0,0.0,,,,,0.0,0.0,0.0
1312.28,0.0,0.0,,,,,0.0,0.0,0.0
1313.28,0.0,0.0,,,,,0.0,0.0,0.0
1314.28,0.0,0.0,,,,,0.0,0.0,0.0
1315.28,0.0,0.0,,,,,0.0,0.0,0.0
1316.28,0.0,0.0,,,,,0.0,0.0,0.0
1317.28,0.0,0.0,,,,,0.0,0.0,0.0
1318.28,0.0,0.0,,,,,0.0,0.0,0.0
1319.28,0.0,0.0,,,,,0.0,0.0,0.0
1320.28,0.0,0.0,,,,,0.0,0.0,0.0
1321.28,0.0,0.0,,,,,0.0,0.0,0.0
1322.28,0.0,0.0,,,,,0.0,0.0,0.0
1323.28,0.0,0.0,,,,,0.0,0.0,0.0
1324.28,0.0,0.0,,,,,0.0,0.0,0.0
1325.28,0.0,0.0,,,,,0.0,0.0,0.0
1326.28,0.0,0.0,,,,,0.0,0.0,0.0
1327.28,0.0,0.0,,,,,0.0,0.0,0.0
1328.28,0.0,0.0,,,,,0.0,0.0,0.0
1329.28,0.0,0.0,,,,,0.0,0.0,0.0
1330.28,0.0,0.0,,,,,0.0,0.0,0.0
1331.28,0.0,0.0,,,,,0.0,0.0,0.0
1332.28,0.0,0.0,,,,,0.0,0.0,0.0
1333.28,0.0,0.0,,,,,0.0,0.0,0.0
1334.28,0.0,0.0,,,,,0.0,0.0,0.0
1335.28,0.0,0.0,,,,,0.0,0.0,0.0
1336.28,0.0,0.0,,,,,0.0,0.0,0.0
1337.28,0.0,0.0,,,,,0.0,0.0,0.0
1338.28,0.0,0.0,,,,,0.0,0.0,0.0
1339.28,0.0,0.0,,,,,0.0,0.0,0.0
1340.29,0.0,0.0,,,,,0.0,0.0,0.0
1341.29,0.0,0.0,,,,,0.0,0.0,0.0
1342.29,0.0,0.0,,,,,0.0,0.0,0.0
1343.29,0.0,0.0,,,,,0.0,0.0,0.0
1344.29,0.0,0.0,,,,,0.0,0.0,0.0
1345.29,0.0,0.0,,,,,0.0,0.0,0.0
1346.29,0.0,0.0,,,,,0.0,0.0,0.0
1347.29,0.0,0.0,,,,,0.0,0.0,0.0
1348.29,0.0,0.0,,,,,0.0,0.0,0.0
1349.29,0.0,0.0,,,,,0.0,0.0,0.0
1350.29,0.0,0.0,,,,,0.0,0.0,0.0
1351.29,0.0,0.0,,,,,0.0,0.0,0.0
1352.29,0.0,0.0,,,,,0.0,0.0,0.0
1353.29,0.0,0.0,,,,,0.0,0.0,0.0
1354.29,0.0,0.0,,,,,0.0,0.0,0.0
1355.29,0.0,0.0,,,,,0.0,0.0,0.0
1356.29,0.0,0.0,,,,,0.0,0.0,0.0
1357.29,0.0,0.0,,,,,0.0,0.0,0.0
1358.29,0.0,0.0,,,,,0.0,0.0,0.0
1359.29,0.0,0.0,,,,,0.0,0.0,0.0
1360.29,0.0,0.0,,,,,0.0,0.0,0.0
1361.29,0.0,0.0,,,,,0.0,0.0,0.0
1362.29,0.0,0.0,,,,,0.0,0.0,0.0
1363.29,0.0,0.0,,,,,0.0,0.0,0.0
1364.29,0.0,0.0,,,,,0.0,0.0,0.0
1365.29,0.0,0.0,,,,,0.0,0.0,0.0
1366.29,0.0,0.0,,,,,0.0,0.0,0.0
1367.29,0.0,0.0,,,,,0.0,0.0,0.0
1368.29,0.0,0.0,,,,,0.0,0.0,0.0
1369.29,0.0,0.0,,,,,0.0,0.0,0.0
1370.29,0.0,0.0,,,,,0.0,0.0,0.0
1371.29,0.0,0.0,,,,,0.0,0.0,0.0
1372.29,0.0,0.0,,,,,0.0,0.0,0.0
1373.29,0.0,0.0,,,,,0.0,0.0,0.0
1374.29,0.0,0.0,,,,,0.0,0.0,0.0
1375.29,0.0,0.0,,,,,0.0,0.0,0.0
1376.29,0.0,0.0,,,,,0.0,0.0,0.0
1377.29,0.0,0.0,,,,,0.0,0.0,0.0
1378.29,0.0,0.0,,,,,0.0,0.0,0.0
1379.29,0.0,0.0,,,,,0.0,0.0,0.0
1380.29,0.0,0.0,,,,,0.0,0.0,0.0
1381.29,0.0,0.0,,,,,0.0,0.0,0.0
1382.29,0.0,0.0,,,,,0.0,0.0,0.0
1383.29,0.0,0.0,,,,,0.0,0.0,0.0
1384.29,0.0,0.0,,,,,0.0,0.0,0.0
1385.29,0.0,0.0,,,,,0.0,0.0,0.0
1386.29,0.0,0.0,,,,,0.0,0.0,0.0
1387.29,0.0,0.0,,,,,0.0,0.0,0.0
1388.3,0.0,0.0,,,,,0.0,0.0,0.0
1389.3,0.0,0.0,,,,,0.0,0.0,0.0
1390.3,0.0,0.0,,,,,0.0,0.0,0.0
1391.3,0.0,0.0,,,,,0.0,0.0,0.0
1392.3,0.0,0.0,,,,,0.0,0.0,0.0
1393.3,0.0,0.0,,,,,0.0,0.0,0.0
1394.3,0.0,0.0,,,,,0.0,0.0,0.0
1395.3,0.0,0.0,,,,,0.0,0.0,0.0
1396.3,0.0,0.0,,,,,0.0,0.0,0.0
1397.3,0.0,0.0,,,,,0.0,0.0,0.0
1398.3,0.0,0.0,,,,,0.0,0.0,0.0
1399.3,0.0,0.0,,,,,0.0,0.0,0.0
1400.3,0.0,0.0,,,,,0.0,0.0,0.0
1401.3,0.0,0.0,,,,,0.0,0.0,0.0
1402.3,0.0,0.0,,,,,0.0,0.0,0.0
1403.3,0.0,0.0,,,,,0.0,0.0,0.0
1404.3,0.0,0.0,,,,,0.0,0.0,0.0
1405.3,0.0,0.0,,,,,0.0,0.0,0.0
1406.3,0.0,0.0,,,,,0.0,0.0,0.0
1407.3,0.0,0.0,,,,,0.0,0.0,0.0
1408.3,0.0,0.0,,,,,0.0,0.0,0.0
1409.3,0.0,0.0,,,,,0.0,0.0,0.0
1410.3,0.0,0.0,,,,,0.0,0.0,0.0
1411.3,0.0,0.0,,,,,0.0,0.0,0.0
1412.3,0.0,0.0,,,,,0.0,0.0,0.0
1413.3,0.0,0.0,,,,,0.0,0.0,0.0
1414.3,0.0,0.0,,,,,0.0,0.0,0.0
1415.3,0.0,0.0,,,,,0.0,0.0,0.0
1416.3,0.0,0.0,,,,,0.0,0.0,0.0
1417.3,0.0,0.0,,,,,0.0,0.0,0.0
1418.3,0.0,0.0,,,,,0.0,0.0,0.0
1419.3,0.0,0.0,,,,,0.0,0.0,0.0
1420.3,0.0,0.0,,,,,0.0,0.0,0.0
1421.3,0.0,0.0,,,,,0.0,0.0,0.0
1422.3,0.0,0.0,,,,,0.0,0.0,0.0
1423.3,0.0,0.0,,,,,0.0,0.0,0.0
1424.3,0.0,0.0,,,,,0.0,0.0,0.0
1425.3,0.0,0.0,,,,,0.0,0.0,0.0
1426.3,0.0,0.0,,,,,0.0,0.0,0.0
1427.3,0.0,0.0,,,,,0.0,0.0,0.0
1428.3,0.0,0.0,,,,,0.0,0.0,0.0
1429.31,0.0,0.0,,,,,0.0,0.0,0.0
1430.31,0.0,0.0,,,,,0.0,0.0,0.0
1431.31,0.0,0.0,,,,,0.0,0.0,0.0
1432.31,0.0,0.0,,,,,0.0,0.0,0.0
1433.31,0.0,0.0,,,,,0.0,0.0,0.0
1434.31,0.0,0.0,,,,,0.0,0.0,0.0
1435.31,0.0,0.0,,,,,0.0,0.0,0.0
1436.31,0.0,0.0,,,,,0.0,0.0,0.0
1437.31,0.0,0.0,,,,,0.0,0.0,0.0
1438.31,0.0,0.0,,,,,0.0,0.0,0.0
1439.31,0.0,0.0,,,,,0.0,0.0,0.0
1440.31,0.0,0.0,,,,,0.0,0.0,0.0
1441.31,0.0,0.0,,,,,0.0,0.0,0.0
1442.31,0.0,0.0,,,,,0.0,0.0,0.0
1443.31,0.0,0.0,,,,,0.0,0.0,0.0
1444.31,0.0,0.0,,,,,0.0,0.0,0.0
1445.31,0.0,0.0,,,,,0.0,0.0,0.0
1446.31,0.0,0.0,,,,,0.0,0.0,0.0
1447.31,0.0,0.0,,,,,0.0,0.0,0.0
1448.31,0.0,0.0,,,,,0.0,0.0,0.0
1449.31,0.0,0.0,,,,,0.0,0.0,0.0
1450.31,0.0,0.0,,,,,0.0,0.0,0.0
1451.31,0.0,0.0,,,,,0.0,0.0,0.0
1452.31,0.0,0.0,,,,,0.0,0.0,0.0
1453.31,0.0,0.0,,,,,0.0,0.0,0.0
1454.31,0.0,0.0,,,,,0.0,0.0,0.0
1455.31,0.0,0.0,,,,,0.0,0.0,0.0
1456.31,0.0,0.0,,,,,0.0,0.0,0.0
1457.31,0.0,0.0,,,,,0.0,0.0,0.0
1458.31,0.0,0.0,,,,,0.0,0.0,0.0
1459.31,0.0,0.0,,,,,0.0,0.0,0.0
1460.31,0.0,0.0,,,,,0.0,0.0,0.0
1461.31,0.0,0.0,,,,,0.0,0.0,0.0
1462.31,0.0,0.0,,,,,0.0,0.0,0.0
1463.31,0.0,0.0,,,,,0.0,0.0,0.0
1464.31,0.0,0.0,,,,,0.0,0.0,0.0
1465.31,0.0,0.0,,,,,0.0,0.0,0.0
1466.31,0.0,0.0,,,,,0.0,0.0,0.0
1467.31,0.0,0.0,,,,,0.0,0.0,0.0
1468.31,0.0,0.0,,,,,0.0,0.0,0.0
1469.31,0.0,0.0,,,,,0.0,0.0,0.0
1470.31,0.0,0.0,,,,,0.0,0.0,0.0
1471.31,0.0,0.0,,,,,0.0,0.0,0.0
1472.31,0.0,0.0,,,,,0.0,0.0,0.0
1473.31,0.0,0.0,,,,,0.0,0.0,0.0
1474.31,0.0,0.0,,,,,0.0,0.0,0.0
1475.32,0.0,0.0,,,,,0.0,0.0,0.0
1476.32,0.0,0.0,,,,,0.0,0.0,0.0
1477.32,0.0,0.0,,,,,0.0,0.0,0.0
1478.32,0.0,0.0,,,,,0.0,0.0,0.0
1479.32,0.0,0.0,,,,,0.0,0.0,0.0
1480.32,0.0,0.0,,,,,0.0,0.0,0.0
1481.32,0.0,0.0,,,,,0.0,0.0,0.0
1482.32,0.0,0.0,,,,,0.0,0.0,0.0
1483.32,0.0,0.0,,,,,0.0,0.0,0.0
1484.32,0.0,0.0,,,,,0.0,0.0,0.0
1485.32,0.0,0.0,,,,,0.0,0.0,0.0
1486.32,0.0,0.0,,,,,0.0,0.0,0.0
1487.32,0.0,0.0,,,,,0.0,0.0,0.0
1488.32,0.0,0.0,,,,,0.0,0.0,0.0
1489.32,0.0,0.0,,,,,0.0,0.0,0.0
1490.32,0.0,0.0,,,,,0.0,0.0,0.0
1491.32,0.0,0.0,,,,,0.0,0.0,0.0
1492.32,0.0,0.0,,,,,0.0,0.0,0.0
1493.32,0.0,0.0,,,,,0.0,0.0,0.0
1494.32,0.0,0.0,,,,,0.0,0.0,0.0
1495.32,0.0,0.0,,,,,0.0,0.0,0.0
1496.32,0.0,0.0,,,,,0.0,0.0,0.0
1497.32,0.0,0.0,,,,,0.0,0.0,0.0
1498.32,0.0,0.0,,,,,0.0,0.0,0.0
1499.32,0.0,0.0,,,,,0.0,0.0,0.0
1500.32,0.0,0.0,,,,,0.0,0.0,0.0
1501.32,0.0,0.0,,,,,0.0,0.0,0.0
1502.32,0.0,0.0,,,,,0.0,0.0,0.0
1503.32,0.0,0.0,,,,,0.0,0.0,0.0
1504.32,0.0,0.0,,,,,0.0,0.0,0.0
1505.32,0.0,0.0,,,,,0.0,0.0,0.0
1506.32,0.0,0.0,,,,,0.0,0.0,0.0
1507.32,0.0,0.0,,,,,0.0,0.0,0.0
1508.32,0.0,0.0,,,,,0.0,0.0,0.0
1509.32,0.0,0.0,,,,,0.0,0.0,0.0
1510.32,0.0,0.0,,,,,0.0,0.0,0.0
1511.32,0.0,0.0,,,,,0.0,0.0,0.0
1512.32,0.0,0.0,,,,,0.0,0.0,0.0
1513.32,0.0,0.0,,,,,0.0,0.0,0.0
1514.32,0.0,0.0,,,,,0.0,0.0,0.0
1515.32,0.0,0.0,,,,,0.0,0.0,0.0
1516.32,0.0,0.0,,,,,0.0,0.0,0.0
1517.32,0.0,0.0,,,,,0.0,0.0,0.0
1518.32,0.0,0.0,,,,,0.0,0.0,0.0
1519.32,0.0,0.0,,,,,0.0,0.0,0.0
1520.32,0.0,0.0,,,,,0.0,0.0,0.0
1521.32,0.0,0.0,,,,,0.0,0.0,0.0
1522.33,0.0,0.0,,,,,0.0,0.0,0.0
1523.33,0.0,0.0,,,,,0.0,0.0,0.0
1524.33,0.0,0.0,,,,,0.0,0.0,0.0
1525.33,0.0,0.0,,,,,0.0,0.0,0.0
1526.33,0.0,0.0,,,,,0.0,0.0,0.0
1527.33,0.0,0.0,,,,,0.0,0.0,0.0
1528.33,0.0,0.0,,,,,0.0,0.0,0.0
1529.33,0.0,0.0,,,,,0.0,0.0,0.0
1530.33,0.0,0.0,,,,,0.0,0.0,0.0
1531.33,0.0,0.0,,,,,0.0,0.0,0.0
1532.33,0.0,0.0,,,,,0.0,0.0,0.0
1533.33,0.0,0.0,,,,,0.0,0.0,0.0
1534.33,0.0,0.0,,,,,0.0,0.0,0.0
1535.33,0.0,0.0,,,,,0.0,0.0,0.0
1536.33,0.0,0.0,,,,,0.0,0.0,0.0
1537.33,0.0,0.0,,,,,0.0,0.0,0.0
1538.33,0.0,0.0,,,,,0.0,0.0,0.0
1539.33,0.0,0.0,,,,,0.0,0.0,0.0
1540.33,0.0,0.0,,,,,0.0,0.0,0.0
1541.33,0.0,0.0,,,,,0.0,0.0,0.0
1542.33,0.0,0.0,,,,,0.0,0.0,0.0
1543.33,0.0,0.0,,,,,0.0,0.0,0.0
1544.33,0.0,0.0,,,,,0.0,0.0,0.0
1545.33,0.0,0.0,,,,,0.0,0.0,0.0
1546.33,0.0,0.0,,,,,0.0,0.0,0.0
1547.33,0.0,0.0,,,,,0.0,0.0,0.0
1548.33,0.0,0.0,,,,,0.0,0.0,0.0
1549.33,0.0,0.0,,,,,0.0,0.0,0.0
1550.33,0.0,0.0,,,,,0.0,0.0,0.0
1551.33,0.0,0.0,,,,,0.0,0.0,0.0
1552.33,0.0,0.0,,,,,0.0,0.0,0.0
1553.33,0.0,0.0,,,,,0.0,0.0,0.0
1554.33,0.0,0.0,,,,,0.0,0.0,0.0
1555.33,0.0,0.0,,,,,0.0,0.0,0.0
1556.33,0.0,0.0,,,,,0.0,0.0,0.0
1557.33,0.0,0.0,,,,,0.0,0.0,0.0
1558.33,0.0,0.0,,,,,0.0,0.0,0.0
1559.33,0.0,0.0,,,,,0.0,0.0,0.0
1560.33,0.0,0.0,,,,,0.0,0.0,0.0
1561.33,0.0,0.0,,,,,0.0,0.0,0.0
1562.33,0.0,0.0,,,,,0.0,0.0,0.0
1563.33,0.0,0.0,,,,,0.0,0.0,0.0
1564.33,0.0,0.0,,,,,0.0,0.0,0.0
1565.33,0.0,0.0,,,,,0.0,0.0,0.0
1566.33,0.0,0.0,,,,,0.0,0.0,0.0
1567.33,0.0,0.0,,,,,0.0,0.0,0.0
1568.33,0.0,0.0,,,,,0.0,0.0,0.0
1569.34,0.0,0.0,,,,,0.0,0.0,0.0
1570.34,0.0,0.0,,,,,0.0,0.0,0.0
1571.34,0.0,0.0,,,,,0.0,0.0,0.0
1572.34,0.0,0.0,,,,,0.0,0.0,0.0
1573.34,0.0,0.0,,,,,0.0,0.0,0.0
1574.34,0.0,0.0,,,,,0.0,0.0,0.0
1575.34,0.0,0.0,,,,,0.0,0.0,0.0
1576.34,0.0,0.0,,,,,0.0,0.0,0.0
1577.34,0.0,0.0,,,,,0.0,0.0,0.0
1578.34,0.0,0.0,,,,,0.0,0.0,0.0
1579.34,0.0,0.0,,,,,0.0,0.0,0.0
1580.34,0.0,0.0,,,,,0.0,0.0,0.0
1581.34,0.0,0.0,,,,,0.0,0.0,0.0
1582.34,0.0,0.0,,,,,0.0,0.0,0.0
1583.34,0.0,0.0,,,,,0.0,0.0,0.0
1584.34,0.0,0.0,,,,,0.0,0.0,0.0
1585.34,0.0,0.0,,,,,0.0,0.0,0.0
1586.34,0.0,0.0,,,,,0.0,0.0,0.0
1587.34,0.0,0.0,,,,,0.0,0.0,0.0
1588.34,0.0,0.0,,,,,0.0,0.0,0.0
1589.34,0.0,0.0,,,,,0.0,0.0,0.0
1590.34,0.0,0.0,,,,,0.0,0.0,0.0
1591.34,0.0,0.0,,,,,0.0,0.0,0.0
1592.34,0.0,0.0,,,,,0.0,0.0,0.0
1593.34,0.0,0.0,,,,,0.0,0.0,0.0
1594.34,0.0,0.0,,,,,0.0,0.0,0.0
1595.34,0.0,0.0,,,,,0.0,0.0,0.0
1596.34,0.0,0.0,,,,,0.0,0.0,0.0
1597.34,0.0,0.0,,,,,0.0,0.0,0.0
1598.34,0.0,0.0,,,,,0.0,0.0,0.0
1599.34,0.0,0.0,,,,,0.0,0.0,0.0
1600.34,0.0,0.0,,,,,0.0,0.0,0.0
1601.34,0.0,0.0,,,,,0.0,0.0,0.0
1602.34,0.0,0.0,,,,,0.0,0.0,0.0
1603.34,0.0,0.0,,,,,0.0,0.0,0.0
1604.34,0.0,0.0,,,,,0.0,0.0,0.0
1605.34,0.0,0.0,,,,,0.0,0.0,0.0
1606.34,0.0,0.0,,,,,0.0,0.0,0.0
1607.34,0.0,0.0,,,,,0.0,0.0,0.0
1608.34,0.0,0.0,,,,,0.0,0.0,0.0
1609.34,0.0,0.0,,,,,0.0,0.0,0.0
1610.34,0.0,0.0,,,,,0.0,0.0,0.0
1611.34,0.0,0.0,,,,,0.0,0.0,0.0
1612.34,0.0,0.0,,,,,0.0,0.0,0.0
1613.34,0.0,0.0,,,,,0.0,0.0,0.0
1614.34,0.0,0.0,,,,,0.0,0.0,0.0
1615.34,0.0,0.0,,,,,0.0,0.0,0.0
1616.34,0.0,0.0,,,,,0.0,0.0,0.0
1617.35,0.0,0.0,,,,,0.0,0.0,0.0
1618.35,0.0,0.0,,,,,0.0,0.0,0.0
1619.35,0.0,0.0,,,,,0.0,0.0,0.0
1620.35,0.0,0.0,,,,,0.0,0.0,0.0
1621.35,0.0,0.0,,,,,0.0,0.0,0.0
1622.35,0.0,0.0,,,,,0.0,0.0,0.0
1623.35,0.0,0.0,,,,,0.0,0.0,0.0
1624.35,0.0,0.0,,,,,0.0,0.0,0.0
1625.35,0.0,0.0,,,,,0.0,0.0,0.0
1626.35,0.0,0.0,,,,,0.0,0.0,0.0
1627.35,0.0,0.0,,,,,0.0,0.0,0.0
1628.35,0.0,0.0,,,,,0.0,0.0,0.0
1629.35,0.0,0.0,,,,,0.0,0.0,0.0
1630.35,0.0,0.0,,,,,0.0,0.0,0.0
1631.35,0.0,0.0,,,,,0.0,0.0,0.0
1632.35,0.0,0.0,,,,,0.0,0.0,0.0
1633.35,0.0,0.0,,,,,0.0,0.0,0.0
1634.35,0.0,0.0,,,,,0.0,0.0,0.0
1635.35,0.0,0.0,,,,,0.0,0.0,0.0
1636.35,0.0,0.0,,,,,0.0,0.0,0.0
1637.35,0.0,0.0,,,,,0.0,0.0,0.0
1638.35,0.0,0.0,,,,,0.0,0.0,0.0
1639.35,0.0,0.0,,,,,0.0,0.0,0.0
1640.35,0.0,0.0,,,,,0.0,0.0,0.0
1641.35,0.0,0.0,,,,,0.0,0.0,0.0
1642.35,0.0,0.0,,,,,0.0,0.0,0.0
1643.35,0.0,0.0,,,,,0.0,0.0,0.0
1644.35,0.0,0.0,,,,,0.0,0.0,0.0
1645.35,0.0,0.0,,,,,0.0,0.0,0.0
1646.35,0.0,0.0,,,,,0.0,0.0,0.0
1647.35,0.0,0.0,,,,,0.0,0.0,0.0
1648.35,0.0,0.0,,,,,0.0,0.0,0.0
1649.35,0.0,0.0,,,,,0.0,0.0,0.0
1650.35,0.0,0.0,,,,,0.0,0.0,0.0
1651.35,0.0,0.0,,,,,0.0,0.0,0.0
1652.35,0.0,0.0,,,,,0.0,0.0,0.0
1653.35,0.0,0.0,,,,,0.0,0.0,0.0
1654.35,0.0,0.0,,,,,0.0,0.0,0.0
1655.35,0.0,0.0,,,,,0.0,0.0,0.0
1656.35,0.0,0.0,,,,,0.0,0.0,0.0
1657.35,0.0,0.0,,,,,0.0,0.0,0.0
1658.35,0.0,0.0,,,,,0.0,0.0,0.0
1659.35,0.0,0.0,,,,,0.0,0.0,0.0
1660.35,0.0,0.0,,,,,0.0,0.0,0.0
1661.35,0.0,0.0,,,,,0.0,0.0,0.0
1662.35,0.0,0.0,,,,,0.0,0.0,0.0
1663.35,0.0,0.0,,,,,0.0,0.0,0.0
1664.36,0.0,0.0,,,,,0.0,0.0,0.0
1665.36,0.0,0.0,,,,,0.0,0.0,0.0
1666.36,0.0,0.0,,,,,0.0,0.0,0.0
1667.36,0.0,0.0,,,,,0.0,0.0,0.0
1668.36,0.0,0.0,,,,,0.0,0.0,0.0
1669.36,0.0,0.0,,,,,0.0,0.0,0.0
1670.36,0.0,0.0,,,,,0.0,0.0,0.0
1671.36,0.0,0.0,,,,,0.0,0.0,0.0
1672.36,0.0,0.0,,,,,0.0,0.0,0.0
1673.36,0.0,0.0,,,,,0.0,0.0,0.0
1674.36,0.0,0.0,,,,,0.0,0.0,0.0
1675.36,0.0,0.0,,,,,0.0,0.0,0.0
1676.36,0.0,0.0,,,,,0.0,0.0,0.0
1677.36,0.0,0.0,,,,,0.0,0.0,0.0
1678.36,0.0,0.0,,,,,0.0,0.0,0.0
1679.36,0.0,0.0,,,,,0.0,0.0,0.0
1680.36,0.0,0.0,,,,,0.0,0.0,0.0
1681.36,0.0,0.0,,,,,0.0,0.0,0.0
1682.36,0.0,0.0,,,,,0.0,0.0,0.0
1683.36,0.0,0.0,,,,,0.0,0.0,0.0
1684.36,0.0,0.0,,,,,0.0,0.0,0.0
1685.36,0.0,0.0,,,,,0.0,0.0,0.0
1686.36,0.0,0.0,,,,,0.0,0.0,0.0
1687.36,0.0,0.0,,,,,0.0,0.0,0.0
1688.36,0.0,0.0,,,,,0.0,0.0,0.0
1689.36,0.0,0.0,,,,,0.0,0.0,0.0
1690.36,0.0,0.0,,,,,0.0,0.0,0.0
1691.36,0.0,0.0,,,,,0.0,0.0,0.0
1692.36,0.0,0.0,,,,,0.0,0.0,0.0
1693.36,0.0,0.0,,,,,0.0,0.0,0.0
1694.36,0.0,0.0,,,,,0.0,0.0,0.0
1695.36,0.0,0.0,,,,,0.0,0.0,0.0
1696.36,0.0,0.0,,,,,0.0,0.0,0.0
1697.36,0.0,0.0,,,,,0.0,0.0,0.0
1698.36,0.0,0.0,,,,,0.0,0.0,0.0
1699.36,0.0,0.0,,,,,0.0,0.0,0.0
1700.36,0.0,0.0,,,,,0.0,0.0,0.0
1701.36,0.0,0.0,,,,,0.0,0.0,0.0
1702.36,0.0,0.0,,,,,0.0,0.0,0.0
1703.36,0.0,0.0,,,,,0.0,0.0,0.0
1704.36,0.0,0.0,,,,,0.0,0.0,0.0
1705.36,0.0,0.0,,,,,0.0,0.0,0.0
1706.36,0.0,0.0,,,,,0.0,0.0,0.0
1707.36,0.0,0.0,,,,,0.0,0.0,0.0
1708.36,0.0,0.0,,,,,0.0,0.0,0.0
1709.36,0.0,0.0,,,,,0.0,0.0,0.0
1710.37,0.0,0.0,,,,,0.0,0.0,0.0
1711.37,0.0,0.0,,,,,0.0,0.0,0.0
1712.37,0.0,0.0,,,,,0.0,0.0,0.0
1713.37,0.0,0.0,,,,,0.0,0.0,0.0
1714.37,0.0,0.0,,,,,0.0,0.0,0.0
1715.37,0.0,0.0,,,,,0.0,0.0,0.0
1716.37,0.0,0.0,,,,,0.0,0.0,0.0
1717.37,0.0,0.0,,,,,0.0,0.0,0.0
1718.37,0.0,0.0,,,,,0.0,0.0,0.0
1719.37,0.0,0.0,,,,,0.0,0.0,0.0
1720.37,0.0,0.0,,,,,0.0,0.0,0.0
1721.37,0.0,0.0,,,,,0.0,0.0,0.0
1722.37,0.0,0.0,,,,,0.0,0.0,0.0
1723.37,0.0,0.0,,,,,0.0,0.0,0.0
1724.37,0.0,0.0,,,,,0.0,0.0,0.0
1725.37,0.0,0.0,,,,,0.0,0.0,0.0
1726.37,0.0,0.0,,,,,0.0,0.0,0.0
1727.37,0.0,0.0,,,,,0.0,0.0,0.0
1728.37,0.0,0.0,,,,,0.0,0.0,0.0
1729.37,0.0,0.0,,,,,0.0,0.0,0.0
1730.37,0.0,0.0,,,,,0.0,0.0,0.0
1731.37,0.0,0.0,,,,,0.0,0.0,0.0
1732.37,0.0,0.0,,,,,0.0,0.0,0.0
1733.37,0.0,0.0,,,,,0.0,0.0,0.0
1734.37,0.0,0.0,,,,,0.0,0.0,0.0
1735.37,0.0,0.0,,,,,0.0,0.0,0.0
1736.37,0.0,0.0,,,,,0.0,0.0,0.0
1737.37,0.0,0.0,,,,,0.0,0.0,0.0
1738.37,0.0,0.0,,,,,0.0,0.0,0.0
1739.37,0.0,0.0,,,,,0.0,0.0,0.0
1740.37,0.0,0.0,,,,,0.0,0.0,0.0
1741.37,0.0,0.0,,,,,0.0,0.0,0.0
1742.37,0.0,0.0,,,,,0.0,0.0,0.0
1743.37,0.0,0.0,,,,,0.0,0.0,0.0
1744.37,0.0,0.0,,,,,0.0,0.0,0.0
1745.37,0.0,0.0,,,,,0.0,0.0,0.0
1746.37,0.0,0.0,,,,,0.0,0.0,0.0
1747.37,0.0,0.0,,,,,0.0,0.0,0.0
1748.37,0.0,0.0,,,,,0.0,0.0,0.0
1749.37,0.0,0.0,,,,,0.0,0.0,0.0
1750.37,0.0,0.0,,,,,0.0,0.0,0.0
1751.37,0.0,0.0,,,,,0.0,0.0,0.0
1752.37,0.0,0.0,,,,,0.0,0.0,0.0
1753.37,0.0,0.0,,,,,0.0,0.0,0.0
1754.37,0.0,0.0,,,,,0.0,0.0,0.0
1755.37,0.0,0.0,,,,,0.0,0.0,0.0
1756.38,0.0,0.0,,,,,0.0,0.0,0.0
1757.38,0.0,0.0,,,,,0.0,0.0,0.0
1758.38,0.0,0.0,,,,,0.0,0.0,0.0
1759.38,0.0,0.0,,,,,0.0,0.0,0.0
1760.38,0.0,0.0,,,,,0.0,0.0,0.0
1761.38,0.0,0.0,,,,,0.0,0.0,0.0
1762.38,0.0,0.0,,,,,0.0,0.0,0.0
1763.38,0.0,0.0,,,,,0.0,0.0,0.0
1764.38,0.0,0.0,,,,,0.0,0.0,0.0
1765.38,0.0,0.0,,,,,0.0,0.0,0.0
1766.38,0.0,0.0,,,,,0.0,0.0,0.0
1767.38,0.0,0.0,,,,,0.0,0.0,0.0
1768.38,0.0,0.0,,,,,0.0,0.0,0.0
1769.38,0.0,0.0,,,,,0.0,0.0,0.0
1770.38,0.0,0.0,,,,,0.0,0.0,0.0
1771.38,0.0,0.0,,,,,0.0,0.0,0.0
1772.38,0.0,0.0,,,,,0.0,0.0,0.0
1773.38,0.0,0.0,,,,,0.0,0.0,0.0
1774.38,0.0,0.0,,,,,0.0,0.0,0.0
1775.38,0.0,0.0,,,,,0.0,0.0,0.0
1776.38,0.0,0.0,,,,,0.0,0.0,0.0
1777.38,0.0,0.0,,,,,0.0,0.0,0.0
1778.38,0.0,0.0,,,,,0.0,0.0,0.0
1779.38,0.0,0.0,,,,,0.0,0.0,0.0
1780.38,0.0,0.0,,,,,0.0,0.0,0.0
1781.38,0.0,0.0,,,,,0.0,0.0,0.0
1782.38,0.0,0.0,,,,,0.0,0.0,0.0
1783.38,0.0,0.0,,,,,0.0,0.0,0.0
1784.38,0.0,0.0,,,,,0.0,0.0,0.0
1785.38,0.0,0.0,,,,,0.0,0.0,0.0
1786.38,0.0,0.0,,,,,0.0,0.0,0.0
1787.38,0.0,0.0,,,,,0.0,0.0,0.0
1788.38,0.0,0.0,,,,,0.0,0.0,0.0
1789.38,0.0,0.0,,,,,0.0,0.0,0.0
1790.38,0.0,0.0,,,,,0.0,0.0,0.0
1791.38,0.0,0.0,,,,,0.0,0.0,0.0
1792.38,0.0,0.0,,,,,0.0,0.0,0.0
1793.38,0.0,0.0,,,,,0.0,0.0,0.0
1794.38,0.0,0.0,,,,,0.0,0.0,0.0
1795.38,0.0,0.0,,,,,0.0,0.0,0.0
1796.38,0.0,0.0,,,,,0.0,0.0,0.0
1797.38,0.0,0.0,,,,,0.0,0.0,0.0
1798.38,0.0,0.0,,,,,0.0,0.0,0.0
1799.38,0.0,0.0,,,,,0.0,0.0,0.0
1800.38,0.0,0.0,,,,,0.0,0.0,0.0
1801.38,0.0,0.0,,,,,0.0,0.0,0.0
1802.38,0.0,0.0,,,,,0.0,0.0,0.0
1803.38,0.0,0.0,,,,,0.0,0.0,0.0
1804.39,0.0,0.0,,,,,0.0,0.0,0.0
1805.39,0.0,0.0,,,,,0.0,0.0,0.0
1806.39,0.0,0.0,,,,,0.0,0.0,0.0
1807.39,0.0,0.0,,,,,0.0,0.0,0.0
1808.39,0.0,0.0,,,,,0.0,0.0,0.0
1809.39,0.0,0.0,,,,,0.0,0.0,0.0
1810.39,0.0,0.0,,,,,0.0,0.0,0.0
1811.39,0.0,0.0,,,,,0.0,0.0,0.0
1812.39,0.0,0.0,,,,,0.0,0.0,0.0
1813.39,0.0,0.0,,,,,0.0,0.0,0.0
1814.39,0.0,0.0,,,,,0.0,0.0,0.0
1815.39,0.0,0.0,,,,,0.0,0.0,0.0
1816.39,0.0,0.0,,,,,0.0,0.0,0.0
1817.39,0.0,0.0,,,,,0.0,0.0,0.0
1818.39,0.0,0.0,,,,,0.0,0.0,0.0
1819.39,0.0,0.0,,,,,0.0,0.0,0.0
1820.39,0.0,0.0,,,,,0.0,0.0,0.0
1821.39,0.0,0.0,,,,,0.0,0.0,0.0
1822.39,0.0,0.0,,,,,0.0,0.0,0.0
1823.39,0.0,0.0,,,,,0.0,0.0,0.0
1824.39,0.0,0.0,,,,,0.0,0.0,0.0
1825.39,0.0,0.0,,,,,0.0,0.0,0.0
1826.39,0.0,0.0,,,,,0.0,0.0,0.0
1827.39,0.0,0.0,,,,,0.0,0.0,0.0
1828.39,0.0,0.0,,,,,0.0,0.0,0.0
1829.39,0.0,0.0,,,,,0.0,0.0,0.0
1830.39,0.0,0.0,,,,,0.0,0.0,0.0
1831.39,0.0,0.0,,,,,0.0,0.0,0.0
1832.39,0.0,0.0,,,,,0.0,0.0,0.0
1833.39,0.0,0.0,,,,,0.0,0.0,0.0
1834.39,0.0,0.0,,,,,0.0,0.0,0.0
1835.39,0.0,0.0,,,,,0.0,0.0,0.0
1836.39,0.0,0.0,,,,,0.0,0.0,0.0
1837.39,0.0,0.0,,,,,0.0,0.0,0.0
1838.39,0.0,0.0,,,,,0.0,0.0,0.0
1839.39,0.0,0.0,,,,,0.0,0.0,0.0
1840.39,0.0,0.0,,,,,0.0,0.0,0.0
1841.39,0.0,0.0,,,,,0.0,0.0,0.0
1842.39,0.0,0.0,,,,,0.0,0.0,0.0
1843.39,0.0,0.0,,,,,0.0,0.0,0.0
1844.39,0.0,0.0,,,,,0.0,0.0,0.0
1845.39,0.0,0.0,,,,,0.0,0.0,0.0
1846.39,0.0,0.0,,,,,0.0,0.0,0.0
1847.39,0.0,0.0,,,,,0.0,0.0,0.0
1848.39,0.0,0.0,,,,,0.0,0.0,0.0
1849.39,0.0,0.0,,,,,0.0,0.0,0.0
1850.39,0.0,0.0,,,,,0.0,0.0,0.0
1851.4,0.0,0.0,,,,,0.0,0.0,0.0
1852.4,0.0,0.0,,,,,0.0,0.0,0.0
1853.4,0.0,0.0,,,,,0.0,0.0,0.0
1854.4,0.0,0.0,,,,,0.0,0.0,0.0
1855.4,0.0,0.0,,,,,0.0,0.0,0.0
1856.4,0.0,0.0,,,,,0.0,0.0,0.0
1857.4,0.0,0.0,,,,,0.0,0.0,0.0
1858.4,0.0,0.0,,,,,0.0,0.0,0.0
1859.4,0.0,0.0,,,,,0.0,0.0,0.0
1860.4,0.0,0.0,,,,,0.0,0.0,0.0
1861.4,0.0,0.0,,,,,0.0,0.0,0.0
1862.4,0.0,0.0,,,,,0.0,0.0,0.0
1863.4,0.0,0.0,,,,,0.0,0.0,0.0
1864.4,0.0,0.0,,,,,0.0,0.0,0.0
1865.4,0.0,0.0,,,,,0.0,0.0,0.0
1866.4,0.0,0.0,,,,,0.0,0.0,0.0
1867.4,0.0,0.0,,,,,0.0,0.0,0.0
1868.4,0.0,0.0,,,,,0.0,0.0,0.0
1869.4,0.0,0.0,,,,,0.0,0.0,0.0
1870.4,0.0,0.0,,,,,0.0,0.0,0.0
1871.4,0.0,0.0,,,,,0.0,0.0,0.0
1872.4,0.0,0.0,,,,,0.0,0.0,0.0
1873.4,0.0,0.0,,,,,0.0,0.0,0.0
1874.4,0.0,0.0,,,,,0.0,0.0,0.0
1875.4,0.0,0.0,,,,,0.0,0.0,0.0
1876.4,0.0,0.0,,,,,0.0,0.0,0.0
1877.4,0.0,0.0,,,,,0.0,0.0,0.0
1878.4,0.0,0.0,,,,,0.0,0.0,0.0
1879.4,0.0,0.0,,,,,0.0,0.0,0.0
1880.4,0.0,0.0,,,,,0.0,0.0,0.0
1881.4,0.0,0.0,,,,,0.0,0.0,0.0
1882.4,0.0,0.0,,,,,0.0,0.0,0.0
1883.4,0.0,0.0,,,,,0.0,0.0,0.0
1884.4,0.0,0.0,,,,,0.0,0.0,0.0
1885.4,0.0,0.0,,,,,0.0,0.0,0.0
1886.4,0.0,0.0,,,,,0.0,0.0,0.0
1887.4,0.0,0.0,,,,,0.0,0.0,0.0
1888.4,0.0,0.0,,,,,0.0,0.0,0.0
1889.4,0.0,0.0,,,,,0.0,0.0,0.0
1890.4,0.0,0.0,,,,,0.0,0.0,0.0
1891.4,0.0,0.0,,,,,0.0,0.0,0.0
1892.4,0.0,0.0,,,,,0.0,0.0,0.0
1893.4,0.0,0.0,,,,,0.0,0.0,0.0
1894.4,0.0,0.0,,,,,0.0,0.0,0.0
1895.4,0.0,0.0,,,,,0.0,0.0,0.0
1896.4,0.0,0.0,,,,,0.0,0.0,0.0
1897.4,0.0,0.0,,,,,0.0,0.0,0.0
1898.4,0.0,0.0,,,,,0.0,0.0,0.0
1899.41,0.0,0.0,,,,,0.0,0.0,0.0
1900.41,0.0,0.0,,,,,0.0,0.0,0.0
1901.41,0.0,0.0,,,,,0.0,0.0,0.0
1902.41,0.0,0.0,,,,,0.0,0.0,0.0
1903.41,0.0,0.0,,,,,0.0,0.0,0.0
1904.41,0.0,0.0,,,,,0.0,0.0,0.0
1905.41,0.0,0.0,,,,,0.0,0.0,0.0
1906.41,0.0,0.0,,,,,0.0,0.0,0.0
1907.41,0.0,0.0,,,,,0.0,0.0,0.0
1908.41,0.0,0.0,,,,,0.0,0.0,0.0
1909.41,0.0,0.0,,,,,0.0,0.0,0.0
1910.41,0.0,0.0,,,,,0.0,0.0,0.0
1911.41,0.0,0.0,,,,,0.0,0.0,0.0
1912.41,0.0,0.0,,,,,0.0,0.0,0.0
1913.41,0.0,0.0,,,,,0.0,0.0,0.0
1914.41,0.0,0.0,,,,,0.0,0.0,0.0
1915.41,0.0,0.0,,,,,0.0,0.0,0.0
1916.41,0.0,0.0,,,,,0.0,0.0,0.0
1917.41,0.0,0.0,,,,,0.0,0.0,0.0
1918.41,0.0,0.0,,,,,0.0,0.0,0.0
1919.41,0.0,0.0,,,,,0.0,0.0,0.0
1920.41,0.0,0.0,,,,,0.0,0.0,0.0
1921.41,0.0,0.0,,,,,0.0,0.0,0.0
1922.41,0.0,0.0,,,,,0.0,0.0,0.0
1923.41,0.0,0.0,,,,,0.0,0.0,0.0
1924.41,0.0,0.0,,,,,0.0,0.0,0.0
1925.41,0.0,0.0,,,,,0.0,0.0,0.0
1926.41,0.0,0.0,,,,,0.0,0.0,0.0
1927.41,0.0,0.0,,,,,0.0,0.0,0.0
1928.41,0.0,0.0,,,,,0.0,0.0,0.0
1929.41,0.0,0.0,,,,,0.0,0.0,0.0
1930.41,0.0,0.0,,,,,0.0,0.0,0.0
1931.41,0.0,0.0,,,,,0.0,0.0,0.0
1932.41,0.0,0.0,,,,,0.0,0.0,0.0
1933.41,0.0,0.0,,,,,0.0,0.0,0.0
1934.41,0.0,0.0,,,,,0.0,0.0,0.0
1935.41,0.0,0.0,,,,,0.0,0.0,0.0
1936.41,0.0,0.0,,,,,0.0,0.0,0.0
1937.41,0.0,0.0,,,,,0.0,0.0,0.0
1938.41,0.0,0.0,,,,,0.0,0.0,0.0
1939.41,0.0,0.0,,,,,0.0,0.0,0.0
1940.41,0.0,0.0,,,,,0.0,0.0,0.0
1941.41,0.0,0.0,,,,,0.0,0.0,0.0
1942.41,0.0,0.0,,,,,0.0,0.0,0.0
1943.41,0.0,0.0,,,,,0.0,0.0,0.0
1944.41,0.0,0.0,,,,,0.0,0.0,0.0
1945.42,0.0,0.0,,,,,0.0,0.0,0.0
1946.42,0.0,0.0,,,,,0.0,0.0,0.0
1947.42,0.0,0.0,,,,,0.0,0.0,0.0
1948.42,0.0,0.0,,,,,0.0,0.0,0.0
1949.42,0.0,0.0,,,,,0.0,0.0,0.0
1950.42,0.0,0.0,,,,,0.0,0.0,0.0
1951.42,0.0,0.0,,,,,0.0,0.0,0.0
1952.42,0.0,0.0,,,,,0.0,0.0,0.0
1953.42,0.0,0.0,,,,,0.0,0.0,0.0
1954.42,0.0,0.0,,,,,0.0,0.0,0.0
1955.42,0.0,0.0,,,,,0.0,0.0,0.0
1956.42,0.0,0.0,,,,,0.0,0.0,0.0
1957.42,0.0,0.0,,,,,0.0,0.0,0.0
1958.42,0.0,0.0,,,,,0.0,0.0,0.0
1959.42,0.0,0.0,,,,,0.0,0.0,0.0
1960.42,0.0,0.0,,,,,0.0,0.0,0.0
1961.42,0.0,0.0,,,,,0.0,0.0,0.0
1962.42,0.0,0.0,,,,,0.0,0.0,0.0
1963.42,0.0,0.0,,,,,0.0,0.0,0.0
1964.42,0.0,0.0,,,,,0.0,0.0,0.0
1965.42,0.0,0.0,,,,,0.0,0.0,0.0
1966.42,0.0,0.0,,,,,0.0,0.0,0.0
1967.42,0.0,0.0,,,,,0.0,0.0,0.0
1968.42,0.0,0.0,,,,,0.0,0.0,0.0
1969.42,0.0,0.0,,,,,0.0,0.0,0.0
1970.42,0.0,0.0,,,,,0.0,0.0,0.0
1971.42,0.0,0.0,,,,,0.0,0.0,0.0
1972.42,0.0,0.0,,,,,0.0,0.0,0.0
1973.42,0.0,0.0,,,,,0.0,0.0,0.0
1974.42,0.0,0.0,,,,,0.0,0.0,0.0
1975.42,0.0,0.0,,,,,0.0,0.0,0.0
1976.42,0.0,0.0,,,,,0.0,0.0,0.0
1977.42,0.0,0.0,,,,,0.0,0.0,0.0
1978.42,0.0,0.0,,,,,0.0,0.0,0.0
1979.42,0.0,0.0,,,,,0.0,0.0,0.0
1980.42,0.0,0.0,,,,,0.0,0.0,0.0
1981.42,0.0,0.0,,,,,0.0,0.0,0.0
1982.42,0.0,0.0,,,,,0.0,0.0,0.0
1983.42,0.0,0.0,,,,,0.0,0.0,0.0
1984.42,0.0,0.0,,,,,0.0,0.0,0.0
1985.42,0.0,0.0,,,,,0.0,0.0,0.0
1986.42,0.0,0.0,,,,,0.0,0.0,0.0
1987.42,0.0,0.0,,,,,0.0,0.0,0.0
1988.42,0.0,0.0,,,,,0.0,0.0,0.0
1989.42,0.0,0.0,,,,,0.0,0.0,0.0
1990.42,0.0,0.0,,,,,0.0,0.0,0.0
1991.42,0.0,0.0,,,,,0.0,0.0,0.0
1992.42,0.0,0.0,,,,,0.0,0.0,0.0
1993.43,0.0,0.0,,,,,0.0,0.0,0.0
1994.43,0.0,0.0,,,,,0.0,0.0,0.0
1995.43,0.0,0.0,,,,,0.0,0.0,0.0
1996.43,0.0,0.0,,,,,0.0,0.0,0.0
1997.43,0.0,0.0,,,,,0.0,0.0,0.0
1998.43,0.0,0.0,,,,,0.0,0.0,0.0
1999.43,0.0,0.0,,,,,0.0,0.0,0.0
2000.43,0.0,0.0,,,,,0.0,0.0,0.0
2001.43,0.0,0.0,,,,,0.0,0.0,0.0
2002.43,0.0,0.0,,,,,0.0,0.0,0.0
2003.43,0.0,0.0,,,,,0.0,0.0,0.0
2004.43,0.0,0.0,,,,,0.0,0.0,0.0
2005.43,0.0,0.0,,,,,0.0,0.0,0.0
2006.43,0.0,0.0,,,,,0.0,0.0,0.0
2007.43,0.0,0.0,,,,,0.0,0.0,0.0
2008.43,0.0,0.0,,,,,0.0,0.0,0.0
2009.43,0.0,0.0,,,,,0.0,0.0,0.0
2010.43,0.0,0.0,,,,,0.0,0.0,0.0
2011.43,0.0,0.0,,,,,0.0,0.0,0.0
2012.43,0.0,0.0,,,,,0.0,0.0,0.0
2013.43,0.0,0.0,,,,,0.0,0.0,0.0
2014.43,0.0,0.0,,,,,0.0,0.0,0.0
2015.43,0.0,0.0,,,,,0.0,0.0,0.0
2016.43,0.0,0.0,,,,,0.0,0.0,0.0
2017.43,0.0,0.0,,,,,0.0,0.0,0.0
2018.43,0.0,0.0,,,,,0.0,0.0,0.0
2019.43,0.0,0.0,,,,,0.0,0.0,0.0
2020.43,0.0,0.0,,,,,0.0,0.0,0.0
2021.43,0.0,0.0,,,,,0.0,0.0,0.0
2022.43,0.0,0.0,,,,,0.0,0.0,0.0
2023.43,0.0,0.0,,,,,0.0,0.0,0.0
2024.43,0.0,0.0,,,,,0.0,0.0,0.0
2025.43,0.0,0.0,,,,,0.0,0.0,0.0
2026.43,0.0,0.0,,,,,0.0,0.0,0.0
2027.43,0.0,0.0,,,,,0.0,0.0,0.0
2028.43,0.0,0.0,,,,,0.0,0.0,0.0
2029.43,0.0,0.0,,,,,0.0,0.0,0.0
2030.43,0.0,0.0,,,,,0.0,0.0,0.0
2031.43,0.0,0.0,,,,,0.0,0.0,0.0
2032.43,0.0,0.0,,,,,0.0,0.0,0.0
2033.43,0.0,0.0,,,,,0.0,0.0,0.0
2034.43,0.0,0.0,,,,,0.0,0.0,0.0
2035.43,0.0,0.0,,,,,0.0,0.0,0.0
2036.43,0.0,0.0,,,,,0.0,0.0,0.0
2037.43,0.0,0.0,,,,,0.0,0.0,0.0
2038.43,0.0,0.0,,,,,0.0,0.0,0.0
2039.43,0.0,0.0,,,,,0.0,0.0,0.0
2040.44,0.0,0.0,,,,,0.0,0.0,0.0
2041.44,0.0,0.0,,,,,0.0,0.0,0.0
2042.44,0.0,0.0,,,,,0.0,0.0,0.0
2043.44,0.0,0.0,,,,,0.0,0.0,0.0
2044.44,0.0,0.0,,,,,0.0,0.0,0.0
2045.44,0.0,0.0,,,,,0.0,0.0,0.0
2046.44,0.0,0.0,,,,,0.0,0.0,0.0
2047.44,0.0,0.0,,,,,0.0,0.0,0.0
2048.44,0.0,0.0,,,,,0.0,0.0,0.0
2049.44,0.0,0.0,,,,,0.0,0.0,0.0
2050.44,0.0,0.0,,,,,0.0,0.0,0.0
2051.44,0.0,0.0,,,,,0.0,0.0,0.0
2052.44,0.0,0.0,,,,,0.0,0.0,0.0
2053.44,0.0,0.0,,,,,0.0,0.0,0.0
2054.44,0.0,0.0,,,,,0.0,0.0,0.0
2055.44,0.0,0.0,,,,,0.0,0.0,0.0
2056.44,0.0,0.0,,,,,0.0,0.0,0.0
2057.44,0.0,0.0,,,,,0.0,0.0,0.0
2058.44,0.0,0.0,,,,,0.0,0.0,0.0
2059.44,0.0,0.0,,,,,0.0,0.0,0.0
2060.44,0.0,0.0,,,,,0.0,0.0,0.0
2061.44,0.0,0.0,,,,,0.0,0.0,0.0
2062.44,0.0,0.0,,,,,0.0,0.0,0.0
2063.44,0.0,0.0,,,,,0.0,0.0,0.0
2064.44,0.0,0.0,,,,,0.0,0.0,0.0
2065.44,0.0,0.0,,,,,0.0,0.0,0.0
2066.44,0.0,0.0,,,,,0.0,0.0,0.0
2067.44,0.0,0.0,,,,,0.0,0.0,0.0
2068.44,0.0,0.0,,,,,0.0,0.0,0.0
2069.44,0.0,0.0,,,,,0.0,0.0,0.0
2070.44,0.0,0.0,,,,,0.0,0.0,0.0
2071.44,0.0,0.0,,,,,0.0,0.0,0.0
2072.44,0.0,0.0,,,,,0.0,0.0,0.0
2073.44,0.0,0.0,,,,,0.0,0.0,0.0
2074.44,0.0,0.0,,,,,0.0,0.0,0.0
2075.44,0.0,0.0,,,,,0.0,0.0,0.0
2076.44,0.0,0.0,,,,,0.0,0.0,0.0
2077.44,0.0,0.0,,,,,0.0,0.0,0.0
2078.44,0.0,0.0,,,,,0.0,0.0,0.0
2079.44,0.0,0.0,,,,,0.0,0.0,0.0
2080.44,0.0,0.0,,,,,0.0,0.0,0.0
2081.44,0.0,0.0,,,,,0.0,0.0,0.0
2082.44,0.0,0.0,,,,,0.0,0.0,0.0
2083.44,0.0,0.0,,,,,0.0,0.0,0.0
2084.44,0.0,0.0,,,,,0.0,0.0,0.0
2085.44,0.0,0.0,,,,,0.0,0.0,0.0
2086.44,0.0,0.0,,,,,0.0,0.0,0.0
2087.45,0.0,0.0,,,,,0.0,0.0,0.0
2088.45,0.0,0.0,,,,,0.0,0.0,0.0
2089.45,0.0,0.0,,,,,0.0,0.0,0.0
2090.45,0.0,0.0,,,,,0.0,0.0,0.0
2091.45,0.0,0.0,,,,,0.0,0.0,0.0
2092.45,0.0,0.0,,,,,0.0,0.0,0.0
2093.45,0.0,0.0,,,,,0.0,0.0,0.0
2094.45,0.0,0.0,,,,,0.0,0.0,0.0
2095.45,0.0,0.0,,,,,0.0,0.0,0.0
2096.45,0.0,0.0,,,,,0.0,0.0,0.0
2097.45,0.0,0.0,,,,,0.0,0.0,0.0
2098.45,0.0,0.0,,,,,0.0,0.0,0.0
2099.45,0.0,0.0,,,,,0.0,0.0,0.0
2100.45,0.0,0.0,,,,,0.0,0.0,0.0
2101.45,0.0,0.0,,,,,0.0,0.0,0.0
2102.45,0.0,0.0,,,,,0.0,0.0,0.0
2103.45,0.0,0.0,,,,,0.0,0.0,0.0
2104.45,0.0,0.0,,,,,0.0,0.0,0.0
2105.45,0.0,0.0,,,,,0.0,0.0,0.0
2106.45,0.0,0.0,,,,,0.0,0.0,0.0
2107.45,0.0,0.0,,,,,0.0,0.0,0.0
2108.45,0.0,0.0,,,,,0.0,0.0,0.0
2109.45,0.0,0.0,,,,,0.0,0.0,0.0
2110.45,0.0,0.0,,,,,0.0,0.0,0.0
2111.45,0.0,0.0,,,,,0.0,0.0,0.0
2112.45,0.0,0.0,,,,,0.0,0.0,0.0
2113.45,0.0,0.0,,,,,0.0,0.0,0.0
2114.45,0.0,0.0,,,,,0.0,0.0,0.0
2115.45,0.0,0.0,,,,,0.0,0.0,0.0
2116.45,0.0,0.0,,,,,0.0,0.0,0.0
2117.45,0.0,0.0,,,,,0.0,0.0,0.0
2118.45,0.0,0.0,,,,,0.0,0.0,0.0
2119.45,0.0,0.0,,,,,0.0,0.0,0.0
2120.45,0.0,0.0,,,,,0.0,0.0,0.0
2121.45,0.0,0.0,,,,,0.0,0.0,0.0
2122.45,0.0,0.0,,,,,0.0,0.0,0.0
2123.45,0.0,0.0,,,,,0.0,0.0,0.0
2124.45,0.0,0.0,,,,,0.0,0.0,0.0
2125.45,0.0,0.0,,,,,0.0,0.0,0.0
2126.45,0.0,0.0,,,,,0.0,0.0,0.0
2127.45,0.0,0.0,,,,,0.0,0.0,0.0
2128.45,0.0,0.0,,,,,0.0,0.0,0.0
2129.45,0.0,0.0,,,,,0.0,0.0,0.0
2130.45,0.0,0.0,,,,,0.0,0.0,0.0
2131.46,0.0,0.0,,,,,0.0,0.0,0.0
2132.46,0.0,0.0,,,,,0.0,0.0,0.0
2133.46,0.0,0.0,,,,,0.0,0.0,0.0
2134.46,0.0,0.0,,,,,0.0,0.0,0.0
2135.46,0.0,0.0,,,,,0.0,0.0,0.0
2136.46,0.0,0.0,,,,,0.0,0.0,0.0
2137.46,0.0,0.0,,,,,0.0,0.0,0.0
2138.46,0.0,0.0,,,,,0.0,0.0,0.0
2139.46,0.0,0.0,,,,,0.0,0.0,0.0
2140.46,0.0,0.0,,,,,0.0,0.0,0.0
2141.46,0.0,0.0,,,,,0.0,0.0,0.0
2142.46,0.0,0.0,,,,,0.0,0.0,0.0
2143.46,0.0,0.0,,,,,0.0,0.0,0.0
2144.46,0.0,0.0,,,,,0.0,0.0,0.0
2145.46,0.0,0.0,,,,,0.0,0.0,0.0
2146.46,0.0,0.0,,,,,0.0,0.0,0.0
2147.46,0.0,0.0,,,,,0.0,0.0,0.0
2148.46,0.0,0.0,,,,,0.0,0.0,0.0
2149.46,0.0,0.0,,,,,0.0,0.0,0.0
2150.46,0.0,0.0,,,,,0.0,0.0,0.0
2151.46,0.0,0.0,,,,,0.0,0.0,0.0
2152.46,0.0,0.0,,,,,0.0,0.0,0.0
2153.46,0.0,0.0,,,,,0.0,0.0,0.0
2154.46,0.0,0.0,,,,,0.0,0.0,0.0
2155.46,0.0,0.0,,,,,0.0,0.0,0.0
2156.46,0.0,0.0,,,,,0.0,0.0,0.0
2157.46,0.0,0.0,,,,,0.0,0.0,0.0
2158.46,0.0,0.0,,,,,0.0,0.0,0.0
2159.46,0.0,0.0,,,,,0.0,0.0,0.0
2160.46,0.0,0.0,,,,,0.0,0.0,0.0
2161.46,0.0,0.0,,,,,0.0,0.0,0.0
2162.46,0.0,0.0,,,,,0.0,0.0,0.0
2163.46,0.0,0.0,,,,,0.0,0.0,0.0
2164.46,0.0,0.0,,,,,0.0,0.0,0.0
2165.46,0.0,0.0,,,,,0.0,0.0,0.0
2166.46,0.0,0.0,,,,,0.0,0.0,0.0
2167.46,0.0,0.0,,,,,0.0,0.0,0.0
2168.46,0.0,0.0,,,,,0.0,0.0,0.0
2169.46,0.0,0.0,,,,,0.0,0.0,0.0
2170.46,0.0,0.0,,,,,0.0,0.0,0.0
2171.46,0.0,0.0,,,,,0.0,0.0,0.0
2172.46,0.0,0.0,,,,,0.0,0.0,0.0
2173.46,0.0,0.0,,,,,0.0,0.0,0.0
2174.46,0.0,0.0,,,,,0.0,0.0,0.0
2175.46,0.0,0.0,,,,,0.0,0.0,0.0
2176.47,0.0,0.0,,,,,0.0,0.0,0.0
2177.47,0.0,0.0,,,,,0.0,0.0,0.0
2178.47,0.0,0.0,,,,,0.0,0.0,0.0
2179.47,0.0,0.0,,,,,0.0,0.0,0.0
2180.47,0.0,0.0,,,,,0.0,0.0,0.0
2181.47,0.0,0.0,,,,,0.0,0.0,0.0
2182.47,0.0,0.0,,,,,0.0,0.0,0.0
2183.47,0.0,0.0,,,,,0.0,0.0,0.0
2184.47,0.0,0.0,,,,,0.0,0.0,0.0
2185.47,0.0,0.0,,,,,0.0,0.0,0.0
2186.47,0.0,0.0,,,,,0.0,0.0,0.0
2187.47,0.0,0.0,,,,,0.0,0.0,0.0
2188.47,0.0,0.0,,,,,0.0,0.0,0.0
2189.47,0.0,0.0,,,,,0.0,0.0,0.0
2190.47,0.0,0.0,,,,,0.0,0.0,0.0
2191.47,0.0,0.0,,,,,0.0,0.0,0.0
2192.47,0.0,0.0,,,,,0.0,0.0,0.0
2193.47,0.0,0.0,,,,,0.0,0.0,0.0
2194.47,0.0,0.0,,,,,0.0,0.0,0.0
2195.47,0.0,0.0,,,,,0.0,0.0,0.0
2196.47,0.0,0.0,,,,,0.0,0.0,0.0
2197.47,0.0,0.0,,,,,0.0,0.0,0.0
2198.47,0.0,0.0,,,,,0.0,0.0,0.0
2199.47,0.0,0.0,,,,,0.0,0.0,0.0
2200.47,0.0,0.0,,,,,0.0,0.0,0.0
2201.47,0.0,0.0,,,,,0.0,0.0,0.0
2202.47,0.0,0.0,,,,,0.0,0.0,0.0
2203.47,0.0,0.0,,,,,0.0,0.0,0.0
2204.47,0.0,0.0,,,,,0.0,0.0,0.0
2205.47,0.0,0.0,,,,,0.0,0.0,0.0
2206.47,0.0,0.0,,,,,0.0,0.0,0.0
2207.47,0.0,0.0,,,,,0.0,0.0,0.0
2208.47,0.0,0.0,,,,,0.0,0.0,0.0
2209.47,0.0,0.0,,,,,0.0,0.0,0.0
2210.47,0.0,0.0,,,,,0.0,0.0,0.0
2211.47,0.0,0.0,,,,,0.0,0.0,0.0
2212.47,0.0,0.0,,,,,0.0,0.0,0.0
2213.47,0.0,0.0,,,,,0.0,0.0,0.0
2214.47,0.0,0.0,,,,,0.0,0.0,0.0
2215.47,0.0,0.0,,,,,0.0,0.0,0.0
2216.47,0.0,0.0,,,,,0.0,0.0,0.0
2217.47,0.0,0.0,,,,,0.0,0.0,0.0
2218.47,0.0,0.0,,,,,0.0,0.0,0.0
2219.47,0.0,0.0,,,,,0.0,0.0,0.0
2220.47,0.0,0.0,,,,,0.0,0.0,0.0
2221.47,0.0,0.0,,,,,0.0,0.0,0.0
2222.48,0.0,0.0,,,,,0.0,0.0,0.0
2223.48,0.0,0.0,,,,,0.0,0.0,0.0
2224.48,0.0,0.0,,,,,0.0,0.0,0.0
2225.48,0.0,0.0,,,,,0.0,0.0,0.0
2226.48,0.0,0.0,,,,,0.0,0.0,0.0
2227.48,0.0,0.0,,,,,0.0,0.0,0.0
2228.48,0.0,0.0,,,,,0.0,0.0,0.0
2229.48,0.0,0.0,,,,,0.0,0.0,0.0
2230.48,0.0,0.0,,,,,0.0,0.0,0.0
2231.48,0.0,0.0,,,,,0.0,0.0,0.0
2232.48,0.0,0.0,,,,,0.0,0.0,0.0
2233.48,0.0,0.0,,,,,0.0,0.0,0.0
2234.48,0.0,0.0,,,,,0.0,0.0,0.0
2235.48,0.0,0.0,,,,,0.0,0.0,0.0
2236.48,0.0,0.0,,,,,0.0,0.0,0.0
2237.48,0.0,0.0,,,,,0.0,0.0,0.0
2238.48,0.0,0.0,,,,,0.0,0.0,0.0
2239.48,0.0,0.0,,,,,0.0,0.0,0.0
2240.48,0.0,0.0,,,,,0.0,0.0,0.0
2241.48,0.0,0.0,,,,,0.0,0.0,0.0
2242.48,0.0,0.0,,,,,0.0,0.0,0.0
2243.48,0.0,0.0,,,,,0.0,0.0,0.0
2244.48,0.0,0.0,,,,,0.0,0.0,0.0
2245.48,0.0,0.0,,,,,0.0,0.0,0.0
2246.48,0.0,0.0,,,,,0.0,0.0,0.0
2247.48,0.0,0.0,,,,,0.0,0.0,0.0
2248.48,0.0,0.0,,,,,0.0,0.0,0.0
2249.48,0.0,0.0,,,,,0.0,0.0,0.0
2250.48,0.0,0.0,,,,,0.0,0.0,0.0
2251.48,0.0,0.0,,,,,0.0,0.0,0.0
2252.48,0.0,0.0,,,,,0.0,0.0,0.0
2253.48,0.0,0.0,,,,,0.0,0.0,0.0
2254.48,0.0,0.0,,,,,0.0,0.0,0.0
2255.48,0.0,0.0,,,,,0.0,0.0,0.0
2256.48,0.0,0.0,,,,,0.0,0.0,0.0
2257.48,0.0,0.0,,,,,0.0,0.0,0.0
2258.48,0.0,0.0,,,,,0.0,0.0,0.0
2259.48,0.0,0.0,,,,,0.0,0.0,0.0
2260.48,0.0,0.0,,,,,0.0,0.0,0.0
2261.48,0.0,0.0,,,,,0.0,0.0,0.0
2262.48,0.0,0.0,,,,,0.0,0.0,0.0
2263.48,0.0,0.0,,,,,0.0,0.0,0.0
2264.48,0.0,0.0,,,,,0.0,0.0,0.0
2265.48,0.0,0.0,,,,,0.0,0.0,0.0
2266.48,0.0,0.0,,,,,0.0,0.0,0.0
2267.48,0.0,0.0,,,,,0.0,0.0,0.0
2268.49,0.0,0.0,,,,,0.0,0.0,0.0
2269.49,0.0,0.0,,,,,0.0,0.0,0.0
2270.49,0.0,0.0,,,,,0.0,0.0,0.0
2271.49,0.0,0.0,,,,,0.0,0.0,0.0
2272.49,0.0,0.0,,,,,0.0,0.0,0.0
2273.49,0.0,0.0,,,,,0.0,0.0,0.0
2274.49,0.0,0.0,,,,,0.0,0.0,0.0
2275.49,0.0,0.0,,,,,0.0,0.0,0.0
2276.49,0.0,0.0,,,,,0.0,0.0,0.0
2277.49,0.0,0.0,,,,,0.0,0.0,0.0
2278.49,0.0,0.0,,,,,0.0,0.0,0.0
2279.49,0.0,0.0,,,,,0.0,0.0,0.0
2280.49,0.0,0.0,,,,,0.0,0.0,0.0
2281.49,0.0,0.0,,,,,0.0,0.0,0.0
2282.49,0.0,0.0,,,,,0.0,0.0,0.0
2283.49,0.0,0.0,,,,,0.0,0.0,0.0
2284.49,0.0,0.0,,,,,0.0,0.0,0.0
2285.49,0.0,0.0,,,,,0.0,0.0,0.0
2286.49,0.0,0.0,,,,,0.0,0.0,0.0
2287.49,0.0,0.0,,,,,0.0,0.0,0.0
2288.49,0.0,0.0,,,,,0.0,0.0,0.0
2289.49,0.0,0.0,,,,,0.0,0.0,0.0
2290.49,0.0,0.0,,,,,0.0,0.0,0.0
2291.49,0.0,0.0,,,,,0.0,0.0,0.0
2292.49,0.0,0.0,,,,,0.0,0.0,0.0
2293.49,0.0,0.0,,,,,0.0,0.0,0.0
2294.49,0.0,0.0,,,,,0.0,0.0,0.0
2295.49,0.0,0.0,,,,,0.0,0.0,0.0
2296.49,0.0,0.0,,,,,0.0,0.0,0.0
2297.49,0.0,0.0,,,,,0.0,0.0,0.0
2298.49,0.0,0.0,,,,,0.0,0.0,0.0
2299.49,0.0,0.0,,,,,0.0,0.0,0.0
2300.49,0.0,0.0,,,,,0.0,0.0,0.0
2301.49,0.0,0.0,,,,,0.0,0.0,0.0
2302.49,0.0,0.0,,,,,0.0,0.0,0.0
2303.49,0.0,0.0,,,,,0.0,0.0,0.0
2304.49,0.0,0.0,,,,,0.0,0.0,0.0
2305.49,0.0,0.0,,,,,0.0,0.0,0.0
2306.49,0.0,0.0,,,,,0.0,0.0,0.0
2307.49,0.0,0.0,,,,,0.0,0.0,0.0
2308.49,0.0,0.0,,,,,0.0,0.0,0.0
2309.49,0.0,0.0,,,,,0.0,0.0,0.0
2310.49,0.0,0.0,,,,,0.0,0.0,0.0
2311.49,0.0,0.0,,,,,0.0,0.0,0.0
2312.49,0.0,0.0,,,,,0.0,0.0,0.0
2313.49,0.0,0.0,,,,,0.0,0.0,0.0
2314.49,0.0,0.0,,,,,0.0,0.0,0.0
2315.5,0.0,0.0,,,,,0.0,0.0,0.0
2316.5,0.0,0.0,,,,,0.0,0.0,0.0
2317.5,0.0,0.0,,,,,0.0,0.0,0.0
2318.5,0.0,0.0,,,,,0.0,0.0,0.0
2319.5,0.0,0.0,,,,,0.0,0.0,0.0
2320.5,0.0,0.0,,,,,0.0,0.0,0.0
2321.5,0.0,0.0,,,,,0.0,0.0,0.0
2322.5,0.0,0.0,,,,,0.0,0.0,0.0
2323.5,0.0,0.0,,,,,0.0,0.0,0.0
2324.5,0.0,0.0,,,,,0.0,0.0,0.0
2325.5,0.0,0.0,,,,,0.0,0.0,0.0
2326.5,0.0,0.0,,,,,0.0,0.0,0.0
2327.5,0.0,0.0,,,,,0.0,0.0,0.0
2328.5,0.0,0.0,,,,,0.0,0.0,0.0
2329.5,0.0,0.0,,,,,0.0,0.0,0.0
2330.5,0.0,0.0,,,,,0.0,0.0,0.0
2331.5,0.0,0.0,,,,,0.0,0.0,0.0
2332.5,0.0,0.0,,,,,0.0,0.0,0.0
2333.5,0.0,0.0,,,,,0.0,0.0,0.0
2334.5,0.0,0.0,,,,,0.0,0.0,0.0
2335.5,0.0,0.0,,,,,0.0,0.0,0.0
2336.5,0.0,0.0,,,,,0.0,0.0,0.0
2337.5,0.0,0.0,,,,,0.0,0.0,0.0
2338.5,0.0,0.0,,,,,0.0,0.0,0.0
2339.5,0.0,0.0,,,,,0.0,0.0,0.0
2340.5,0.0,0.0,,,,,0.0,0.0,0.0
2341.5,0.0,0.0,,,,,0.0,0.0,0.0
2342.5,0.0,0.0,,,,,0.0,0.0,0.0
2343.5,0.0,0.0,,,,,0.0,0.0,0.0
2344.5,0.0,0.0,,,,,0.0,0.0,0.0
2345.5,0.0,0.0,,,,,0.0,0.0,0.0
2346.5,0.0,0.0,,,,,0.0,0.0,0.0
2347.5,0.0,0.0,,,,,0.0,0.0,0.0
2348.5,0.0,0.0,,,,,0.0,0.0,0.0
2349.5,0.0,0.0,,,,,0.0,0.0,0.0
2350.5,0.0,0.0,,,,,0.0,0.0,0.0
2351.5,0.0,0.0,,,,,0.0,0.0,0.0
2352.5,0.0,0.0,,,,,0.0,0.0,0.0
2353.5,0.0,0.0,,,,,0.0,0.0,0.0
2354.5,0.0,0.0,,,,,0.0,0.0,0.0
2355.5,0.0,0.0,,,,,0.0,0.0,0.0
2356.5,0.0,0.0,,,,,0.0,0.0,0.0
2357.5,0.0,0.0,,,,,0.0,0.0,0.0
2358.5,0.0,0.0,,,,,0.0,0.0,0.0
2359.5,0.0,0.0,,,,,0.0,0.0,0.0
2360.51,0.0,0.0,,,,,0.0,0.0,0.0
2361.51,0.0,0.0,,,,,0.0,0.0,0.0
2362.51,0.0,0.0,,,,,0.0,0.0,0.0
2363.51,0.0,0.0,,,,,0.0,0.0,0.0
2364.51,0.0,0.0,,,,,0.0,0.0,0.0
2365.51,0.0,0.0,,,,,0.0,0.0,0.0
2366.51,0.0,0.0,,,,,0.0,0.0,0.0
2367.51,0.0,0.0,,,,,0.0,0.0,0.0
2368.51,0.0,0.0,,,,,0.0,0.0,0.0
2369.51,0.0,0.0,,,,,0.0,0.0,0.0
2370.51,0.0,0.0,,,,,0.0,0.0,0.0
2371.51,0.0,0.0,,,,,0.0,0.0,0.0
2372.51,0.0,0.0,,,,,0.0,0.0,0.0
2373.51,0.0,0.0,,,,,0.0,0.0,0.0
2374.51,0.0,0.0,,,,,0.0,0.0,0.0
2375.51,0.0,0.0,,,,,0.0,0.0,0.0
2376.51,0.0,0.0,,,,,0.0,0.0,0.0
2377.51,0.0,0.0,,,,,0.0,0.0,0.0
2378.51,0.0,0.0,,,,,0.0,0.0,0.0
2379.51,0.0,0.0,,,,,0.0,0.0,0.0
2380.51,0.0,0.0,,,,,0.0,0.0,0.0
2381.51,0.0,0.0,,,,,0.0,0.0,0.0
2382.51,0.0,0.0,,,,,0.0,0.0,0.0
2383.51,0.0,0.0,,,,,0.0,0.0,0.0
2384.51,0.0,0.0,,,,,0.0,0.0,0.0
2385.51,0.0,0.0,,,,,0.0,0.0,0.0
2386.51,0.0,0.0,,,,,0.0,0.0,0.0
2387.51,0.0,0.0,,,,,0.0,0.0,0.0
2388.51,0.0,0.0,,,,,0.0,0.0,0.0
2389.51,0.0,0.0,,,,,0.0,0.0,0.0
2390.51,0.0,0.0,,,,,0.0,0.0,0.0
2391.51,0.0,0.0,,,,,0.0,0.0,0.0
2392.51,0.0,0.0,,,,,0.0,0.0,0.0
2393.51,0.0,0.0,,,,,0.0,0.0,0.0
2394.51,0.0,0.0,,,,,0.0,0.0,0.0
2395.51,0.0,0.0,,,,,0.0,0.0,0.0
2396.51,0.0,0.0,,,,,0.0,0.0,0.0
2397.51,0.0,0.0,,,,,0.0,0.0,0.0
2398.51,0.0,0.0,,,,,0.0,0.0,0.0
2399.51,0.0,0.0,,,,,0.0,0.0,0.0
2400.51,0.0,0.0,,,,,0.0,0.0,0.0
2401.51,0.0,0.0,,,,,0.0,0.0,0.0
2402.51,0.0,0.0,,,,,0.0,0.0,0.0
2403.51,0.0,0.0,,,,,0.0,0.0,0.0
2404.51,0.0,0.0,,,,,0.0,0.0,0.0
2405.51,0.0,0.0,,,,,0.0,0.0,0.0
2406.52,0.0,0.0,,,,,0.0,0.0,0.0
2407.52,0.0,0.0,,,,,0.0,0.0,0.0
2408.52,0.0,0.0,,,,,0.0,0.0,0.0
2409.52,0.0,0.0,,,,,0.0,0.0,0.0
2410.52,0.0,0.0,,,,,0.0,0.0,0.0
2411.52,0.0,0.0,,,,,0.0,0.0,0.0
2412.52,0.0,0.0,,,,,0.0,0.0,0.0
2413.52,0.0,0.0,,,,,0.0,0.0,0.0
2414.52,0.0,0.0,,,,,0.0,0.0,0.0
2415.52,0.0,0.0,,,,,0.0,0.0,0.0
2416.52,0.0,0.0,,,,,0.0,0.0,0.0
2417.52,0.0,0.0,,,,,0.0,0.0,0.0
2418.52,0.0,0.0,,,,,0.0,0.0,0.0
2419.52,0.0,0.0,,,,,0.0,0.0,0.0
2420.52,0.0,0.0,,,,,0.0,0.0,0.0
2421.52,0.0,0.0,,,,,0.0,0.0,0.0
2422.52,0.0,0.0,,,,,0.0,0.0,0.0
2423.52,0.0,0.0,,,,,0.0,0.0,0.0
2424.52,0.0,0.0,,,,,0.0,0.0,0.0
2425.52,0.0,0.0,,,,,0.0,0.0,0.0
2426.52,0.0,0.0,,,,,0.0,0.0,0.0
2427.52,0.0,0.0,,,,,0.0,0.0,0.0
2428.52,0.0,0.0,,,,,0.0,0.0,0.0
2429.52,0.0,0.0,,,,,0.0,0.0,0.0
2430.52,0.0,0.0,,,,,0.0,0.0,0.0
2431.52,0.0,0.0,,,,,0.0,0.0,0.0
2432.52,0.0,0.0,,,,,0.0,0.0,0.0
2433.52,0.0,0.0,,,,,0.0,0.0,0.0
2434.52,0.0,0.0,,,,,0.0,0.0,0.0
2435.52,0.0,0.0,,,,,0.0,0.0,0.0
2436.52,0.0,0.0,,,,,0.0,0.0,0.0
2437.52,0.0,0.0,,,,,0.0,0.0,0.0
2438.52,0.0,0.0,,,,,0.0,0.0,0.0
2439.52,0.0,0.0,,,,,0.0,0.0,0.0
2440.52,0.0,0.0,,,,,0.0,0.0,0.0
2441.52,0.0,0.0,,,,,0.0,0.0,0.0
2442.52,0.0,0.0,,,,,0.0,0.0,0.0
2443.52,0.0,0.0,,,,,0.0,0.0,0.0
2444.52,0.0,0.0,,,,,0.0,0.0,0.0
2445.52,0.0,0.0,,,,,0.0,0.0,0.0
2446.52,0.0,0.0,,,,,0.0,0.0,0.0
2447.52,0.0,0.0,,,,,0.0,0.0,0.0
2448.52,0.0,0.0,,,,,0.0,0.0,0.0
2449.52,0.0,0.0,,,,,0.0,0.0,0.0
2450.52,0.0,0.0,,,,,0.0,0.0,0.0
2451.52,0.0,0.0,,,,,0.0,0.0,0.0
2452.53,0.0,0.0,,,,,0.0,0.0,0.0
2453.53,0.0,0.0,,,,,0.0,0.0,0.0
2454.53,0.0,0.0,,,,,0.0,0.0,0.0
2455.53,0.0,0.0,,,,,0.0,0.0,0.0
2456.53,0.0,0.0,,,,,0.0,0.0,0.0
2457.53,0.0,0.0,,,,,0.0,0.0,0.0
2458.53,0.0,0.0,,,,,0.0,0.0,0.0
2459.53,0.0,0.0,,,,,0.0,0.0,0.0
2460.53,0.0,0.0,,,,,0.0,0.0,0.0
2461.53,0.0,0.0,,,,,0.0,0.0,0.0
2462.53,0.0,0.0,,,,,0.0,0.0,0.0
2463.53,0.0,0.0,,,,,0.0,0.0,0.0
2464.53,0.0,0.0,,,,,0.0,0.0,0.0
2465.53,0.0,0.0,,,,,0.0,0.0,0.0
2466.53,0.0,0.0,,,,,0.0,0.0,0.0
2467.53,0.0,0.0,,,,,0.0,0.0,0.0
2468.53,0.0,0.0,,,,,0.0,0.0,0.0
2469.53,0.0,0.0,,,,,0.0,0.0,0.0
2470.53,0.0,0.0,,,,,0.0,0.0,0.0
2471.53,0.0,0.0,,,,,0.0,0.0,0.0
2472.53,0.0,0.0,,,,,0.0,0.0,0.0
2473.53,0.0,0.0,,,,,0.0,0.0,0.0
2474.53,0.0,0.0,,,,,0.0,0.0,0.0
2475.53,0.0,0.0,,,,,0.0,0.0,0.0
2476.53,0.0,0.0,,,,,0.0,0.0,0.0
2477.53,0.0,0.0,,,,,0.0,0.0,0.0
2478.53,0.0,0.0,,,,,0.0,0.0,0.0
2479.53,0.0,0.0,,,,,0.0,0.0,0.0
2480.53,0.0,0.0,,,,,0.0,0.0,0.0
2481.53,0.0,0.0,,,,,0.0,0.0,0.0
2482.53,0.0,0.0,,,,,0.0,0.0,0.0
2483.53,0.0,0.0,,,,,0.0,0.0,0.0
2484.53,0.0,0.0,,,,,0.0,0.0,0.0
2485.53,0.0,0.0,,,,,0.0,0.0,0.0
2486.53,0.0,0.0,,,,,0.0,0.0,0.0
2487.53,0.0,0.0,,,,,0.0,0.0,0.0
2488.53,0.0,0.0,,,,,0.0,0.0,0.0
2489.53,0.0,0.0,,,,,0.0,0.0,0.0
2490.53,0.0,0.0,,,,,0.0,0.0,0.0
2491.53,0.0,0.0,,,,,0.0,0.0,0.0
2492.53,0.0,0.0,,,,,0.0,0.0,0.0
2493.53,0.0,0.0,,,,,0.0,0.0,0.0
2494.53,0.0,0.0,,,,,0.0,0.0,0.0
2495.53,0.0,0.0,,,,,0.0,0.0,0.0
2496.53,0.0,0.0,,,,,0.0,0.0,0.0
2497.53,0.0,0.0,,,,,0.0,0.0,0.0
2498.53,0.0,0.0,,,,,0.0,0.0,0.0
2499.54,0.0,0.0,,,,,0.0,0.0,0.0
2500.54,0.0,0.0,,,,,0.0,0.0,0.0
2501.54,0.0,0.0,,,,,0.0,0.0,0.0
2502.54,0.0,0.0,,,,,0.0,0.0,0.0
2503.54,0.0,0.0,,,,,0.0,0.0,0.0
2504.54,0.0,0.0,,,,,0.0,0.0,0.0
2505.54,0.0,0.0,,,,,0.0,0.0,0.0
2506.54,0.0,0.0,,,,,0.0,0.0,0.0
2507.54,0.0,0.0,,,,,0.0,0.0,0.0
2508.54,0.0,0.0,,,,,0.0,0.0,0.0
2509.54,0.0,0.0,,,,,0.0,0.0,0.0
2510.54,0.0,0.0,,,,,0.0,0.0,0.0
2511.54,0.0,0.0,,,,,0.0,0.0,0.0
2512.54,0.0,0.0,,,,,0.0,0.0,0.0
2513.54,0.0,0.0,,,,,0.0,0.0,0.0
2514.54,0.0,0.0,,,,,0.0,0.0,0.0
2515.54,0.0,0.0,,,,,0.0,0.0,0.0
2516.54,0.0,0.0,,,,,0.0,0.0,0.0
2517.54,0.0,0.0,,,,,0.0,0.0,0.0
2518.54,0.0,0.0,,,,,0.0,0.0,0.0
2519.54,0.0,0.0,,,,,0.0,0.0,0.0
2520.54,0.0,0.0,,,,,0.0,0.0,0.0
2521.54,0.0,0.0,,,,,0.0,0.0,0.0
2522.54,0.0,0.0,,,,,0.0,0.0,0.0
2523.54,0.0,0.0,,,,,0.0,0.0,0.0
2524.54,0.0,0.0,,,,,0.0,0.0,0.0
2525.54,0.0,0.0,,,,,0.0,0.0,0.0
2526.54,0.0,0.0,,,,,0.0,0.0,0.0
2527.54,0.0,0.0,,,,,0.0,0.0,0.0
2528.54,0.0,0.0,,,,,0.0,0.0,0.0
2529.54,0.0,0.0,,,,,0.0,0.0,0.0
2530.54,0.0,0.0,,,,,0.0,0.0,0.0
2531.54,0.0,0.0,,,,,0.0,0.0,0.0
2532.54,0.0,0.0,,,,,0.0,0.0,0.0
2533.54,0.0,0.0,,,,,0.0,0.0,0.0
2534.54,0.0,0.0,,,,,0.0,0.0,0.0
2535.54,0.0,0.0,,,,,0.0,0.0,0.0
2536.54,0.0,0.0,,,,,0.0,0.0,0.0
2537.54,0.0,0.0,,,,,0.0,0.0,0.0
2538.54,0.0,0.0,,,,,0.0,0.0,0.0
2539.54,0.0,0.0,,,,,0.0,0.0,0.0
2540.54,0.0,0.0,,,,,0.0,0.0,0.0
2541.54,0.0,0.0,,,,,0.0,0.0,0.0
2542.54,0.0,0.0,,,,,0.0,0.0,0.0
2543.54,0.0,0.0,,,,,0.0,0.0,0.0
2544.54,0.0,0.0,,,,,0.0,0.0,0.0
2545.54,0.0,0.0,,,,,0.0,0.0,0.0
2546.54,0.0,0.0,,,,,0.0,0.0,0.0
2547.55,0.0,0.0,,,,,0.0,0.0,0.0
2548.55,0.0,0.0,,,,,0.0,0.0,0.0
2549.55,0.0,0.0,,,,,0.0,0.0,0.0
2550.55,0.0,0.0,,,,,0.0,0.0,0.0
2551.55,0.0,0.0,,,,,0.0,0.0,0.0
2552.55,0.0,0.0,,,,,0.0,0.0,0.0
2553.55,0.0,0.0,,,,,0.0,0.0,0.0
2554.55,0.0,0.0,,,,,0.0,0.0,0.0
2555.55,0.0,0.0,,,,,0.0,0.0,0.0
2556.55,0.0,0.0,,,,,0.0,0.0,0.0
2557.55,0.0,0.0,,,,,0.0,0.0,0.0
2558.55,0.0,0.0,,,,,0.0,0.0,0.0
2559.55,0.0,0.0,,,,,0.0,0.0,0.0
2560.55,0.0,0.0,,,,,0.0,0.0,0.0
2561.55,0.0,0.0,,,,,0.0,0.0,0.0
2562.55,0.0,0.0,,,,,0.0,0.0,0.0
2563.55,0.0,0.0,,,,,0.0,0.0,0.0
2564.55,0.0,0.0,,,,,0.0,0.0,0.0
2565.55,0.0,0.0,,,,,0.0,0.0,0.0
2566.55,0.0,0.0,,,,,0.0,0.0,0.0
2567.55,0.0,0.0,,,,,0.0,0.0,0.0
2568.55,0.0,0.0,,,,,0.0,0.0,0.0
2569.55,0.0,0.0,,,,,0.0,0.0,0.0
2570.55,0.0,0.0,,,,,0.0,0.0,0.0
2571.55,0.0,0.0,,,,,0.0,0.0,0.0
2572.55,0.0,0.0,,,,,0.0,0.0,0.0
2573.55,0.0,0.0,,,,,0.0,0.0,0.0
2574.55,0.0,0.0,,,,,0.0,0.0,0.0
2575.55,0.0,0.0,,,,,0.0,0.0,0.0
2576.55,0.0,0.0,,,,,0.0,0.0,0.0
2577.55,0.0,0.0,,,,,0.0,0.0,0.0
2578.55,0.0,0.0,,,,,0.0,0.0,0.0
2579.55,0.0,0.0,,,,,0.0,0.0,0.0
2580.55,0.0,0.0,,,,,0.0,0.0,0.0
2581.55,0.0,0.0,,,,,0.0,0.0,0.0
2582.55,0.0,0.0,,,,,0.0,0.0,0.0
2583.55,0.0,0.0,,,,,0.0,0.0,0.0
2584.55,0.0,0.0,,,,,0.0,0.0,0.0
2585.55,0.0,0.0,,,,,0.0,0.0,0.0
2586.55,0.0,0.0,,,,,0.0,0.0,0.0
2587.55,0.0,0.0,,,,,0.0,0.0,0.0
2588.55,0.0,0.0,,,,,0.0,0.0,0.0
2589.55,0.0,0.0,,,,,0.0,0.0,0.0
2590.55,0.0,0.0,,,,,0.0,0.0,0.0
2591.55,0.0,0.0,,,,,0.0,0.0,0.0
2592.55,0.0,0.0,,,,,0.0,0.0,0.0
2593.55,0.0,0.0,,,,,0.0,0.0,0.0
2594.55,0.0,0.0,,,,,0.0,0.0,0.0
2595.56,0.0,0.0,,,,,0.0,0.0,0.0
2596.56,0.0,0.0,,,,,0.0,0.0,0.0
2597.56,0.0,0.0,,,,,0.0,0.0,0.0
2598.56,0.0,0.0,,,,,0.0,0.0,0.0
2599.56,0.0,0.0,,,,,0.0,0.0,0.0
2600.56,0.0,0.0,,,,,0.0,0.0,0.0
2601.56,0.0,0.0,,,,,0.0,0.0,0.0
2602.56,0.0,0.0,,,,,0.0,0.0,0.0
2603.56,0.0,0.0,,,,,0.0,0.0,0.0
2604.56,0.0,0.0,,,,,0.0,0.0,0.0
2605.56,0.0,0.0,,,,,0.0,0.0,0.0
2606.56,0.0,0.0,,,,,0.0,0.0,0.0
2607.56,0.0,0.0,,,,,0.0,0.0,0.0
2608.56,0.0,0.0,,,,,0.0,0.0,0.0
2609.56,0.0,0.0,,,,,0.0,0.0,0.0
2610.56,0.0,0.0,,,,,0.0,0.0,0.0
2611.56,0.0,0.0,,,,,0.0,0.0,0.0
2612.56,0.0,0.0,,,,,0.0,0.0,0.0
2613.56,0.0,0.0,,,,,0.0,0.0,0.0
2614.56,0.0,0.0,,,,,0.0,0.0,0.0
2615.56,0.0,0.0,,,,,0.0,0.0,0.0
2616.56,0.0,0.0,,,,,0.0,0.0,0.0
2617.56,0.0,0.0,,,,,0.0,0.0,0.0
2618.56,0.0,0.0,,,,,0.0,0.0,0.0
2619.56,0.0,0.0,,,,,0.0,0.0,0.0
2620.56,0.0,0.0,,,,,0.0,0.0,0.0
2621.56,0.0,0.0,,,,,0.0,0.0,0.0
2622.56,0.0,0.0,,,,,0.0,0.0,0.0
2623.56,0.0,0.0,,,,,0.0,0.0,0.0
2624.56,0.0,0.0,,,,,0.0,0.0,0.0
2625.56,0.0,0.0,,,,,0.0,0.0,0.0
2626.56,0.0,0.0,,,,,0.0,0.0,0.0
2627.56,0.0,0.0,,,,,0.0,0.0,0.0
2628.56,0.0,0.0,,,,,0.0,0.0,0.0
2629.56,0.0,0.0,,,,,0.0,0.0,0.0
2630.56,0.0,0.0,,,,,0.0,0.0,0.0
2631.56,0.0,0.0,,,,,0.0,0.0,0.0
2632.56,0.0,0.0,,,,,0.0,0.0,0.0
2633.56,0.0,0.0,,,,,0.0,0.0,0.0
2634.56,0.0,0.0,,,,,0.0,0.0,0.0
2635.56,0.0,0.0,,,,,0.0,0.0,0.0
2636.56,0.0,0.0,,,,,0.0,0.0,0.0
2637.56,0.0,0.0,,,,,0.0,0.0,0.0
2638.56,0.0,0.0,,,,,0.0,0.0,0.0
2639.56,0.0,0.0,,,,,0.0,0.0,0.0
2640.56,0.0,0.0,,,,,0.0,0.0,0.0
2641.56,0.0,0.0,,,,,0.0,0.0,0.0
2642.56,0.0,0.0,,,,,0.0,0.0,0.0
2643.56,0.0,0.0,,,,,0.0,0.0,0.0
2644.57,0.0,0.0,,,,,0.0,0.0,0.0
2645.57,0.0,0.0,,,,,0.0,0.0,0.0
2646.57,0.0,0.0,,,,,0.0,0.0,0.0
2647.57,0.0,0.0,,,,,0.0,0.0,0.0
2648.57,0.0,0.0,,,,,0.0,0.0,0.0
2649.57,0.0,0.0,,,,,0.0,0.0,0.0
2650.57,0.0,0.0,,,,,0.0,0.0,0.0
2651.57,0.0,0.0,,,,,0.0,0.0,0.0
2652.57,0.0,0.0,,,,,0.0,0.0,0.0
2653.57,0.0,0.0,,,,,0.0,0.0,0.0
2654.57,0.0,0.0,,,,,0.0,0.0,0.0
2655.57,0.0,0.0,,,,,0.0,0.0,0.0
2656.57,0.0,0.0,,,,,0.0,0.0,0.0
2657.57,0.0,0.0,,,,,0.0,0.0,0.0
2658.57,0.0,0.0,,,,,0.0,0.0,0.0
2659.57,0.0,0.0,,,,,0.0,0.0,0.0
2660.57,0.0,0.0,,,,,0.0,0.0,0.0
2661.57,0.0,0.0,,,,,0.0,0.0,0.0
2662.57,0.0,0.0,,,,,0.0,0.0,0.0
2663.57,0.0,0.0,,,,,0.0,0.0,0.0
2664.57,0.0,0.0,,,,,0.0,0.0,0.0
2665.57,0.0,0.0,,,,,0.0,0.0,0.0
2666.57,0.0,0.0,,,,,0.0,0.0,0.0
2667.57,0.0,0.0,,,,,0.0,0.0,0.0
2668.57,0.0,0.0,,,,,0.0,0.0,0.0
2669.57,0.0,0.0,,,,,0.0,0.0,0.0
2670.57,0.0,0.0,,,,,0.0,0.0,0.0
2671.57,0.0,0.0,,,,,0.0,0.0,0.0
2672.57,0.0,0.0,,,,,0.0,0.0,0.0
2673.57,0.0,0.0,,,,,0.0,0.0,0.0
2674.57,0.0,0.0,,,,,0.0,0.0,0.0
2675.57,0.0,0.0,,,,,0.0,0.0,0.0
2676.57,0.0,0.0,,,,,0.0,0.0,0.0
2677.57,0.0,0.0,,,,,0.0,0.0,0.0
2678.57,0.0,0.0,,,,,0.0,0.0,0.0
2679.57,0.0,0.0,,,,,0.0,0.0,0.0
2680.57,0.0,0.0,,,,,0.0,0.0,0.0
2681.57,0.0,0.0,,,,,0.0,0.0,0.0
2682.57,0.0,0.0,,,,,0.0,0.0,0.0
2683.57,0.0,0.0,,,,,0.0,0.0,0.0
2684.57,0.0,0.0,,,,,0.0,0.0,0.0
2685.57,0.0,0.0,,,,,0.0,0.0,0.0
2686.57,0.0,0.0,,,,,0.0,0.0,0.0
2687.57,0.0,0.0,,,,,0.0,0.0,0.0
2688.57,0.0,0.0,,,,,0.0,0.0,0.0
2689.57,0.0,0.0,,,,,0.0,0.0,0.0
2690.57,0.0,0.0,,,,,0.0,0.0,0.0
2691.57,0.0,0.0,,,,,0.0,0.0,0.0
2692.58,0.0,0.0,,,,,0.0,0.0,0.0
2693.58,0.0,0.0,,,,,0.0,0.0,0.0
2694.58,0.0,0.0,,,,,0.0,0.0,0.0
2695.58,0.0,0.0,,,,,0.0,0.0,0.0
2696.58,0.0,0.0,,,,,0.0,0.0,0.0
2697.58,0.0,0.0,,,,,0.0,0.0,0.0
2698.58,0.0,0.0,,,,,0.0,0.0,0.0
2699.58,0.0,0.0,,,,,0.0,0.0,0.0
2700.58,0.0,0.0,,,,,0.0,0.0,0.0
2701.58,0.0,0.0,,,,,0.0,0.0,0.0
2702.58,0.0,0.0,,,,,0.0,0.0,0.0
2703.58,0.0,0.0,,,,,0.0,0.0,0.0
2704.58,0.0,0.0,,,,,0.0,0.0,0.0
2705.58,0.0,0.0,,,,,0.0,0.0,0.0
2706.58,0.0,0.0,,,,,0.0,0.0,0.0
2707.58,0.0,0.0,,,,,0.0,0.0,0.0
2708.58,0.0,0.0,,,,,0.0,0.0,0.0
2709.58,0.0,0.0,,,,,0.0,0.0,0.0
2710.58,0.0,0.0,,,,,0.0,0.0,0.0
2711.58,0.0,0.0,,,,,0.0,0.0,0.0
2712.58,0.0,0.0,,,,,0.0,0.0,0.0
2713.58,0.0,0.0,,,,,0.0,0.0,0.0
2714.58,0.0,0.0,,,,,0.0,0.0,0.0
2715.58,0.0,0.0,,,,,0.0,0.0,0.0
2716.58,0.0,0.0,,,,,0.0,0.0,0.0
2717.58,0.0,0.0,,,,,0.0,0.0,0.0
2718.58,0.0,0.0,,,,,0.0,0.0,0.0
2719.58,0.0,0.0,,,,,0.0,0.0,0.0
2720.58,0.0,0.0,,,,,0.0,0.0,0.0
2721.58,0.0,0.0,,,,,0.0,0.0,0.0
2722.58,0.0,0.0,,,,,0.0,0.0,0.0
2723.58,0.0,0.0,,,,,0.0,0.0,0.0
2724.58,0.0,0.0,,,,,0.0,0.0,0.0
2725.58,0.0,0.0,,,,,0.0,0.0,0.0
2726.58,0.0,0.0,,,,,0.0,0.0,0.0
2727.58,0.0,0.0,,,,,0.0,0.0,0.0
2728.58,0.0,0.0,,,,,0.0,0.0,0.0
2729.58,0.0,0.0,,,,,0.0,0.0,0.0
2730.58,0.0,0.0,,,,,0.0,0.0,0.0
2731.58,0.0,0.0,,,,,0.0,0.0,0.0
2732.58,0.0,0.0,,,,,0.0,0.0,0.0
2733.58,0.0,0.0,,,,,0.0,0.0,0.0
2734.58,0.0,0.0,,,,,0.0,0.0,0.0
2735.58,0.0,0.0,,,,,0.0,0.0,0.0
2736.58,0.0,0.0,,,,,0.0,0.0,0.0
2737.58,0.0,0.0,,,,,0.0,0.0,0.0
2738.59,0.0,0.0,,,,,0.0,0.0,0.0
2739.59,0.0,0.0,,,,,0.0,0.0,0.0
2740.59,0.0,0.0,,,,,0.0,0.0,0.0
2741.59,0.0,0.0,,,,,0.0,0.0,0.0
2742.59,0.0,0.0,,,,,0.0,0.0,0.0
2743.59,0.0,0.0,,,,,0.0,0.0,0.0
2744.59,0.0,0.0,,,,,0.0,0.0,0.0
2745.59,0.0,0.0,,,,,0.0,0.0,0.0
2746.59,0.0,0.0,,,,,0.0,0.0,0.0
2747.59,0.0,0.0,,,,,0.0,0.0,0.0
2748.59,0.0,0.0,,,,,0.0,0.0,0.0
2749.59,0.0,0.0,,,,,0.0,0.0,0.0
2750.59,0.0,0.0,,,,,0.0,0.0,0.0
2751.59,0.0,0.0,,,,,0.0,0.0,0.0
2752.59,0.0,0.0,,,,,0.0,0.0,0.0
2753.59,0.0,0.0,,,,,0.0,0.0,0.0
2754.59,0.0,0.0,,,,,0.0,0.0,0.0
2755.59,0.0,0.0,,,,,0.0,0.0,0.0
2756.59,0.0,0.0,,,,,0.0,0.0,0.0
2757.59,0.0,0.0,,,,,0.0,0.0,0.0
2758.59,0.0,0.0,,,,,0.0,0.0,0.0
2759.59,0.0,0.0,,,,,0.0,0.0,0.0
2760.59,0.0,0.0,,,,,0.0,0.0,0.0
2761.59,0.0,0.0,,,,,0.0,0.0,0.0
2762.59,0.0,0.0,,,,,0.0,0.0,0.0
2763.59,0.0,0.0,,,,,0.0,0.0,0.0
2764.59,0.0,0.0,,,,,0.0,0.0,0.0
2765.59,0.0,0.0,,,,,0.0,0.0,0.0
2766.59,0.0,0.0,,,,,0.0,0.0,0.0
2767.59,0.0,0.0,,,,,0.0,0.0,0.0
2768.59,0.0,0.0,,,,,0.0,0.0,0.0
2769.59,0.0,0.0,,,,,0.0,0.0,0.0
2770.59,0.0,0.0,,,,,0.0,0.0,0.0
2771.59,0.0,0.0,,,,,0.0,0.0,0.0
2772.59,0.0,0.0,,,,,0.0,0.0,0.0
2773.59,0.0,0.0,,,,,0.0,0.0,0.0
2774.59,0.0,0.0,,,,,0.0,0.0,0.0
2775.59,0.0,0.0,,,,,0.0,0.0,0.0
2776.59,0.0,0.0,,,,,0.0,0.0,0.0
2777.59,0.0,0.0,,,,,0.0,0.0,0.0
2778.59,0.0,0.0,,,,,0.0,0.0,0.0
2779.59,0.0,0.0,,,,,0.0,0.0,0.0
2780.59,0.0,0.0,,,,,0.0,0.0,0.0
2781.59,0.0,0.0,,,,,0.0,0.0,0.0
2782.59,0.0,0.0,,,,,0.0,0.0,0.0
2783.59,0.0,0.0,,,,,0.0,0.0,0.0
2784.59,0.0,0.0,,,,,0.0,0.0,0.0
2785.6,0.0,0.0,,,,,0.0,0.0,0.0
2786.6,0.0,0.0,,,,,0.0,0.0,0.0
2787.6,0.0,0.0,,,,,0.0,0.0,0.0
2788.6,0.0,0.0,,,,,0.0,0.0,0.0
2789.6,0.0,0.0,,,,,0.0,0.0,0.0
2790.6,0.0,0.0,,,,,0.0,0.0,0.0
2791.6,0.0,0.0,,,,,0.0,0.0,0.0
2792.6,0.0,0.0,,,,,0.0,0.0,0.0
2793.6,0.0,0.0,,,,,0.0,0.0,0.0
2794.6,0.0,0.0,,,,,0.0,0.0,0.0
2795.6,0.0,0.0,,,,,0.0,0.0,0.0
2796.6,0.0,0.0,,,,,0.0,0.0,0.0
2797.6,0.0,0.0,,,,,0.0,0.0,0.0
2798.6,0.0,0.0,,,,,0.0,0.0,0.0
2799.6,0.0,0.0,,,,,0.0,0.0,0.0
2800.6,0.0,0.0,,,,,0.0,0.0,0.0
2801.6,0.0,0.0,,,,,0.0,0.0,0.0
2802.6,0.0,0.0,,,,,0.0,0.0,0.0
2803.6,0.0,0.0,,,,,0.0,0.0,0.0
2804.6,0.0,0.0,,,,,0.0,0.0,0.0
2805.6,0.0,0.0,,,,,0.0,0.0,0.0
2806.6,0.0,0.0,,,,,0.0,0.0,0.0
2807.6,0.0,0.0,,,,,0.0,0.0,0.0
2808.6,0.0,0.0,,,,,0.0,0.0,0.0
2809.6,0.0,0.0,,,,,0.0,0.0,0.0
2810.6,0.0,0.0,,,,,0.0,0.0,0.0
2811.6,0.0,0.0,,,,,0.0,0.0,0.0
2812.6,0.0,0.0,,,,,0.0,0.0,0.0
2813.6,0.0,0.0,,,,,0.0,0.0,0.0
2814.6,0.0,0.0,,,,,0.0,0.0,0.0
2815.6,0.0,0.0,,,,,0.0,0.0,0.0
2816.6,0.0,0.0,,,,,0.0,0.0,0.0
2817.6,0.0,0.0,,,,,0.0,0.0,0.0
2818.6,0.0,0.0,,,,,0.0,0.0,0.0
2819.6,0.0,0.0,,,,,0.0,0.0,0.0
2820.6,0.0,0.0,,,,,0.0,0.0,0.0
2821.6,0.0,0.0,,,,,0.0,0.0,0.0
2822.6,0.0,0.0,,,,,0.0,0.0,0.0
2823.6,0.0,0.0,,,,,0.0,0.0,0.0
2824.6,0.0,0.0,,,,,0.0,0.0,0.0
2825.6,0.0,0.0,,,,,0.0,0.0,0.0
2826.6,0.0,0.0,,,,,0.0,0.0,0.0
2827.6,0.0,0.0,,,,,0.0,0.0,0.0
2828.6,0.0,0.0,,,,,0.0,0.0,0.0
2829.6,0.0,0.0,,,,,0.0,0.0,0.0
2830.6,0.0,0.0,,,,,0.0,0.0,0.0
2831.6,0.0,0.0,,,,,0.0,0.0,0.0
2832.61,0.0,0.0,,,,,0.0,0.0,0.0
2833.61,0.0,0.0,,,,,0.0,0.0,0.0
2834.61,0.0,0.0,,,,,0.0,0.0,0.0
2835.61,0.0,0.0,,,,,0.0,0.0,0.0
2836.61,0.0,0.0,,,,,0.0,0.0,0.0
2837.61,0.0,0.0,,,,,0.0,0.0,0.0
2838.61,0.0,0.0,,,,,0.0,0.0,0.0
2839.61,0.0,0.0,,,,,0.0,0.0,0.0
2840.61,0.0,0.0,,,,,0.0,0.0,0.0
2841.61,0.0,0.0,,,,,0.0,0.0,0.0
2842.61,0.0,0.0,,,,,0.0,0.0,0.0
2843.61,0.0,0.0,,,,,0.0,0.0,0.0
2844.61,0.0,0.0,,,,,0.0,0.0,0.0
2845.61,0.0,0.0,,,,,0.0,0.0,0.0
2846.61,0.0,0.0,,,,,0.0,0.0,0.0
2847.61,0.0,0.0,,,,,0.0,0.0,0.0
2848.61,0.0,0.0,,,,,0.0,0.0,0.0
2849.61,0.0,0.0,,,,,0.0,0.0,0.0
2850.61,0.0,0.0,,,,,0.0,0.0,0.0
2851.61,0.0,0.0,,,,,0.0,0.0,0.0
2852.61,0.0,0.0,,,,,0.0,0.0,0.0
2853.61,0.0,0.0,,,,,0.0,0.0,0.0
2854.61,0.0,0.0,,,,,0.0,0.0,0.0
2855.61,0.0,0.0,,,,,0.0,0.0,0.0
2856.61,0.0,0.0,,,,,0.0,0.0,0.0
2857.61,0.0,0.0,,,,,0.0,0.0,0.0
2858.61,0.0,0.0,,,,,0.0,0.0,0.0
2859.61,0.0,0.0,,,,,0.0,0.0,0.0
2860.61,0.0,0.0,,,,,0.0,0.0,0.0
2861.61,0.0,0.0,,,,,0.0,0.0,0.0
2862.61,0.0,0.0,,,,,0.0,0.0,0.0
2863.61,0.0,0.0,,,,,0.0,0.0,0.0
2864.61,0.0,0.0,,,,,0.0,0.0,0.0
2865.61,0.0,0.0,,,,,0.0,0.0,0.0
2866.61,0.0,0.0,,,,,0.0,0.0,0.0
2867.61,0.0,0.0,,,,,0.0,0.0,0.0
2868.61,0.0,0.0,,,,,0.0,0.0,0.0
2869.61,0.0,0.0,,,,,0.0,0.0,0.0
2870.61,0.0,0.0,,,,,0.0,0.0,0.0
2871.61,0.0,0.0,,,,,0.0,0.0,0.0
2872.61,0.0,0.0,,,,,0.0,0.0,0.0
2873.61,0.0,0.0,,,,,0.0,0.0,0.0
2874.61,0.0,0.0,,,,,0.0,0.0,0.0
2875.61,0.0,0.0,,,,,0.0,0.0,0.0
2876.61,0.0,0.0,,,,,0.0,0.0,0.0
2877.61,0.0,0.0,,,,,0.0,0.0,0.0
2878.62,0.0,0.0,,,,,0.0,0.0,0.0
2879.62,0.0,0.0,,,,,0.0,0.0,0.0
2880.62,0.0,0.0,,,,,0.0,0.0,0.0
2881.62,0.0,0.0,,,,,0.0,0.0,0.0
2882.62,0.0,0.0,,,,,0.0,0.0,0.0
2883.62,0.0,0.0,,,,,0.0,0.0,0.0
2884.62,0.0,0.0,,,,,0.0,0.0,0.0
2885.62,0.0,0.0,,,,,0.0,0.0,0.0
2886.62,0.0,0.0,,,,,0.0,0.0,0.0
2887.62,0.0,0.0,,,,,0.0,0.0,0.0
2888.62,0.0,0.0,,,,,0.0,0.0,0.0
2889.62,0.0,0.0,,,,,0.0,0.0,0.0
2890.62,0.0,0.0,,,,,0.0,0.0,0.0
2891.62,0.0,0.0,,,,,0.0,0.0,0.0
2892.62,0.0,0.0,,,,,0.0,0.0,0.0
2893.62,0.0,0.0,,,,,0.0,0.0,0.0
2894.62,0.0,0.0,,,,,0.0,0.0,0.0
2895.62,0.0,0.0,,,,,0.0,0.0,0.0
2896.62,0.0,0.0,,,,,0.0,0.0,0.0
2897.62,0.0,0.0,,,,,0.0,0.0,0.0
2898.62,0.0,0.0,,,,,0.0,0.0,0.0
2899.62,0.0,0.0,,,,,0.0,0.0,0.0
2900.62,0.0,0.0,,,,,0.0,0.0,0.0
2901.62,0.0,0.0,,,,,0.0,0.0,0.0
2902.62,0.0,0.0,,,,,0.0,0.0,0.0
2903.62,0.0,0.0,,,,,0.0,0.0,0.0
2904.62,0.0,0.0,,,,,0.0,0.0,0.0
2905.62,0.0,0.0,,,,,0.0,0.0,0.0
2906.62,0.0,0.0,,,,,0.0,0.0,0.0
2907.62,0.0,0.0,,,,,0.0,0.0,0.0
2908.62,0.0,0.0,,,,,0.0,0.0,0.0
2909.62,0.0,0.0,,,,,0.0,0.0,0.0
2910.62,0.0,0.0,,,,,0.0,0.0,0.0
2911.62,0.0,0.0,,,,,0.0,0.0,0.0
2912.62,0.0,0.0,,,,,0.0,0.0,0.0
2913.62,0.0,0.0,,,,,0.0,0.0,0.0
2914.62,0.0,0.0,,,,,0.0,0.0,0.0
2915.62,0.0,0.0,,,,,0.0,0.0,0.0
2916.62,0.0,0.0,,,,,0.0,0.0,0.0
2917.62,0.0,0.0,,,,,0.0,0.0,0.0
2918.62,0.0,0.0,,,,,0.0,0.0,0.0
2919.62,0.0,0.0,,,,,0.0,0.0,0.0
2920.62,0.0,0.0,,,,,0.0,0.0,0.0
2921.62,0.0,0.0,,,,,0.0,0.0,0.0
2922.62,0.0,0.0,,,,,0.0,0.0,0.0
2923.62,0.0,0.0,,,,,0.0,0.0,0.0
2924.62,0.0,0.0,,,,,0.0,0.0,0.0
2925.62,0.0,0.0,,,,,0.0,0.0,0.0
2926.63,0.0,0.0,,,,,0.0,0.0,0.0
2927.63,0.0,0.0,,,,,0.0,0.0,0.0
2928.63,0.0,0.0,,,,,0.0,0.0,0.0
2929.63,0.0,0.0,,,,,0.0,0.0,0.0
2930.63,0.0,0.0,,,,,0.0,0.0,0.0
2931.63,0.0,0.0,,,,,0.0,0.0,0.0
2932.63,0.0,0.0,,,,,0.0,0.0,0.0
2933.63,0.0,0.0,,,,,0.0,0.0,0.0
2934.63,0.0,0.0,,,,,0.0,0.0,0.0
2935.63,0.0,0.0,,,,,0.0,0.0,0.0
2936.63,0.0,0.0,,,,,0.0,0.0,0.0
2937.63,0.0,0.0,,,,,0.0,0.0,0.0
2938.63,0.0,0.0,,,,,0.0,0.0,0.0
2939.63,0.0,0.0,,,,,0.0,0.0,0.0
2940.63,0.0,0.0,,,,,0.0,0.0,0.0
2941.63,0.0,0.0,,,,,0.0,0.0,0.0
2942.63,0.0,0.0,,,,,0.0,0.0,0.0
2943.63,0.0,0.0,,,,,0.0,0.0,0.0
2944.63,0.0,0.0,,,,,0.0,0.0,0.0
2945.63,0.0,0.0,,,,,0.0,0.0,0.0
2946.63,0.0,0.0,,,,,0.0,0.0,0.0
2947.63,0.0,0.0,,,,,0.0,0.0,0.0
2948.63,0.0,0.0,,,,,0.0,0.0,0.0
2949.63,0.0,0.0,,,,,0.0,0.0,0.0
2950.63,0.0,0.0,,,,,0.0,0.0,0.0
2951.63,0.0,0.0,,,,,0.0,0.0,0.0
2952.63,0.0,0.0,,,,,0.0,0.0,0.0
2953.63,0.0,0.0,,,,,0.0,0.0,0.0
2954.63,0.0,0.0,,,,,0.0,0.0,0.0
2955.63,0.0,0.0,,,,,0.0,0.0,0.0
2956.63,0.0,0.0,,,,,0.0,0.0,0.0
2957.63,0.0,0.0,,,,,0.0,0.0,0.0
2958.63,0.0,0.0,,,,,0.0,0.0,0.0
2959.63,0.0,0.0,,,,,0.0,0.0,0.0
2960.63,0.0,0.0,,,,,0.0,0.0,0.0
2961.63,0.0,0.0,,,,,0.0,0.0,0.0
2962.63,0.0,0.0,,,,,0.0,0.0,0.0
2963.63,0.0,0.0,,,,,0.0,0.0,0.0
2964.63,0.0,0.0,,,,,0.0,0.0,0.0
2965.63,0.0,0.0,,,,,0.0,0.0,0.0
2966.63,0.0,0.0,,,,,0.0,0.0,0.0
2967.63,0.0,0.0,,,,,0.0,0.0,0.0
2968.63,0.0,0.0,,,,,0.0,0.0,0.0
2969.63,0.0,0.0,,,,,0.0,0.0,0.0
2970.63,0.0,0.0,,,,,0.0,0.0,0.0
2971.63,0.0,0.0,,,,,0.0,0.0,0.0
2972.64,0.0,0.0,,,,,0.0,0.0,0.0
2973.64,0.0,0.0,,,,,0.0,0.0,0.0
2974.64,0.0,0.0,,,,,0.0,0.0,0.0
2975.64,0.0,0.0,,,,,0.0,0.0,0.0
2976.64,0.0,0.0,,,,,0.0,0.0,0.0
2977.64,0.0,0.0,,,,,0.0,0.0,0.0
2978.64,0.0,0.0,,,,,0.0,0.0,0.0
2979.64,0.0,0.0,,,,,0.0,0.0,0.0
2980.64,0.0,0.0,,,,,0.0,0.0,0.0
2981.64,0.0,0.0,,,,,0.0,0.0,0.0
2982.64,0.0,0.0,,,,,0.0,0.0,0.0
2983.64,0.0,0.0,,,,,0.0,0.0,0.0
2984.64,0.0,0.0,,,,,0.0,0.0,0.0
2985.64,0.0,0.0,,,,,0.0,0.0,0.0
2986.64,0.0,0.0,,,,,0.0,0.0,0.0
2987.64,0.0,0.0,,,,,0.0,0.0,0.0
2988.64,0.0,0.0,,,,,0.0,0.0,0.0
2989.64,0.0,0.0,,,,,0.0,0.0,0.0
2990.64,0.0,0.0,,,,,0.0,0.0,0.0
2991.64,0.0,0.0,,,,,0.0,0.0,0.0
2992.64,0.0,0.0,,,,,0.0,0.0,0.0
2993.64,0.0,0.0,,,,,0.0,0.0,0.0
2994.64,0.0,0.0,,,,,0.0,0.0,0.0
2995.64,0.0,0.0,,,,,0.0,0.0,0.0
2996.64,0.0,0.0,,,,,0.0,0.0,0.0
2997.64,0.0,0.0,,,,,0.0,0.0,0.0
2998.64,0.0,0.0,,,,,0.0,0.0,0.0
2999.64,0.0,0.0,,,,,0.0,0.0,0.0
3000.64,0.0,0.0,,,,,0.0,0.0,0.0
3001.64,0.0,0.0,,,,,0.0,0.0,0.0
3002.64,0.0,0.0,,,,,0.0,0.0,0.0
3003.64,0.0,0.0,,,,,0.0,0.0,0.0
3004.64,0.0,0.0,,,,,0.0,0.0,0.0
3005.64,0.0,0.0,,,,,0.0,0.0,0.0
3006.64,0.0,0.0,,,,,0.0,0.0,0.0
3007.64,0.0,0.0,,,,,0.0,0.0,0.0
3008.64,0.0,0.0,,,,,0.0,0.0,0.0
3009.64,0.0,0.0,,,,,0.0,0.0,0.0
3010.64,0.0,0.0,,,,,0.0,0.0,0.0
3011.64,0.0,0.0,,,,,0.0,0.0,0.0
3012.64,0.0,0.0,,,,,0.0,0.0,0.0
3013.64,0.0,0.0,,,,,0.0,0.0,0.0
3014.64,0.0,0.0,,,,,0.0,0.0,0.0
3015.64,0.0,0.0,,,,,0.0,0.0,0.0
3016.64,0.0,0.0,,,,,0.0,0.0,0.0
3017.64,0.0,0.0,,,,,0.0,0.0,0.0
3018.65,0.0,0.0,,,,,0.0,0.0,0.0
3019.65,0.0,0.0,,,,,0.0,0.0,0.0
3020.65,0.0,0.0,,,,,0.0,0.0,0.0
3021.65,0.0,0.0,,,,,0.0,0.0,0.0
3022.65,0.0,0.0,,,,,0.0,0.0,0.0
3023.65,0.0,0.0,,,,,0.0,0.0,0.0
3024.65,0.0,0.0,,,,,0.0,0.0,0.0
3025.65,0.0,0.0,,,,,0.0,0.0,0.0
3026.65,0.0,0.0,,,,,0.0,0.0,0.0
3027.65,0.0,0.0,,,,,0.0,0.0,0.0
3028.65,0.0,0.0,,,,,0.0,0.0,0.0
3029.65,0.0,0.0,,,,,0.0,0.0,0.0
3030.65,0.0,0.0,,,,,0.0,0.0,0.0
3031.65,0.0,0.0,,,,,0.0,0.0,0.0
3032.65,0.0,0.0,,,,,0.0,0.0,0.0
3033.65,0.0,0.0,,,,,0.0,0.0,0.0
3034.65,0.0,0.0,,,,,0.0,0.0,0.0
3035.65,0.0,0.0,,,,,0.0,0.0,0.0
3036.65,0.0,0.0,,,,,0.0,0.0,0.0
3037.65,0.0,0.0,,,,,0.0,0.0,0.0
3038.65,0.0,0.0,,,,,0.0,0.0,0.0
3039.65,0.0,0.0,,,,,0.0,0.0,0.0
3040.65,0.0,0.0,,,,,0.0,0.0,0.0
3041.65,0.0,0.0,,,,,0.0,0.0,0.0
3042.65,0.0,0.0,,,,,0.0,0.0,0.0
3043.65,0.0,0.0,,,,,0.0,0.0,0.0
3044.65,0.0,0.0,,,,,0.0,0.0,0.0
3045.65,0.0,0.0,,,,,0.0,0.0,0.0
3046.65,0.0,0.0,,,,,0.0,0.0,0.0
3047.65,0.0,0.0,,,,,0.0,0.0,0.0
3048.65,0.0,0.0,,,,,0.0,0.0,0.0
3049.65,0.0,0.0,,,,,0.0,0.0,0.0
3050.65,0.0,0.0,,,,,0.0,0.0,0.0
3051.65,0.0,0.0,,,,,0.0,0.0,0.0
3052.65,0.0,0.0,,,,,0.0,0.0,0.0
3053.65,0.0,0.0,,,,,0.0,0.0,0.0
3054.65,0.0,0.0,,,,,0.0,0.0,0.0
3055.65,0.0,0.0,,,,,0.0,0.0,0.0
3056.65,0.0,0.0,,,,,0.0,0.0,0.0
3057.65,0.0,0.0,,,,,0.0,0.0,0.0
3058.65,0.0,0.0,,,,,0.0,0.0,0.0
3059.65,0.0,0.0,,,,,0.0,0.0,0.0
3060.65,0.0,0.0,,,,,0.0,0.0,0.0
3061.65,0.0,0.0,,,,,0.0,0.0,0.0
3062.65,0.0,0.0,,,,,0.0,0.0,0.0
3063.65,0.0,0.0,,,,,0.0,0.0,0.0
3064.65,0.0,0.0,,,,,0.0,0.0,0.0
3065.66,0.0,0.0,,,,,0.0,0.0,0.0
3066.66,0.0,0.0,,,,,0.0,0.0,0.0
3067.66,0.0,0.0,,,,,0.0,0.0,0.0
3068.66,0.0,0.0,,,,,0.0,0.0,0.0
3069.66,0.0,0.0,,,,,0.0,0.0,0.0
3070.66,0.0,0.0,,,,,0.0,0.0,0.0
3071.66,0.0,0.0,,,,,0.0,0.0,0.0
3072.66,0.0,0.0,,,,,0.0,0.0,0.0
3073.66,0.0,0.0,,,,,0.0,0.0,0.0
3074.66,0.0,0.0,,,,,0.0,0.0,0.0
3075.66,0.0,0.0,,,,,0.0,0.0,0.0
3076.66,0.0,0.0,,,,,0.0,0.0,0.0
3077.66,0.0,0.0,,,,,0.0,0.0,0.0
3078.66,0.0,0.0,,,,,0.0,0.0,0.0
3079.66,0.0,0.0,,,,,0.0,0.0,0.0
3080.66,0.0,0.0,,,,,0.0,0.0,0.0
3081.66,0.0,0.0,,,,,0.0,0.0,0.0
3082.66,0.0,0.0,,,,,0.0,0.0,0.0
3083.66,0.0,0.0,,,,,0.0,0.0,0.0
3084.66,0.0,0.0,,,,,0.0,0.0,0.0
3085.66,0.0,0.0,,,,,0.0,0.0,0.0
3086.66,0.0,0.0,,,,,0.0,0.0,0.0
3087.66,0.0,0.0,,,,,0.0,0.0,0.0
3088.66,0.0,0.0,,,,,0.0,0.0,0.0
3089.66,0.0,0.0,,,,,0.0,0.0,0.0
3090.66,0.0,0.0,,,,,0.0,0.0,0.0
3091.66,0.0,0.0,,,,,0.0,0.0,0.0
3092.66,0.0,0.0,,,,,0.0,0.0,0.0
3093.66,0.0,0.0,,,,,0.0,0.0,0.0
3094.66,0.0,0.0,,,,,0.0,0.0,0.0
3095.66,0.0,0.0,,,,,0.0,0.0,0.0
3096.66,0.0,0.0,,,,,0.0,0.0,0.0
3097.66,0.0,0.0,,,,,0.0,0.0,0.0
3098.66,0.0,0.0,,,,,0.0,0.0,0.0
3099.66,0.0,0.0,,,,,0.0,0.0,0.0
3100.66,0.0,0.0,,,,,0.0,0.0,0.0
3101.66,0.0,0.0,,,,,0.0,0.0,0.0
3102.66,0.0,0.0,,,,,0.0,0.0,0.0
3103.66,0.0,0.0,,,,,0.0,0.0,0.0
3104.66,0.0,0.0,,,,,0.0,0.0,0.0
3105.66,0.0,0.0,,,,,0.0,0.0,0.0
3106.66,0.0,0.0,,,,,0.0,0.0,0.0
3107.66,0.0,0.0,,,,,0.0,0.0,0.0
3108.66,0.0,0.0,,,,,0.0,0.0,0.0
3109.66,0.0,0.0,,,,,0.0,0.0,0.0
3110.66,0.0,0.0,,,,,0.0,0.0,0.0
3111.66,0.0,0.0,,,,,0.0,0.0,0.0
3112.67,0.0,0.0,,,,,0.0,0.0,0.0
3113.67,0.0,0.0,,,,,0.0,0.0,0.0
3114.67,0.0,0.0,,,,,0.0,0.0,0.0
3115.67,0.0,0.0,,,,,0.0,0.0,0.0
3116.67,0.0,0.0,,,,,0.0,0.0,0.0
3117.67,0.0,0.0,,,,,0.0,0.0,0.0
3118.67,0.0,0.0,,,,,0.0,0.0,0.0
3119.67,0.0,0.0,,,,,0.0,0.0,0.0
3120.67,0.0,0.0,,,,,0.0,0.0,0.0
3121.67,0.0,0.0,,,,,0.0,0.0,0.0
3122.67,0.0,0.0,,,,,0.0,0.0,0.0
3123.67,0.0,0.0,,,,,0.0,0.0,0.0
3124.67,0.0,0.0,,,,,0.0,0.0,0.0
3125.67,0.0,0.0,,,,,0.0,0.0,0.0
3126.67,0.0,0.0,,,,,0.0,0.0,0.0
3127.67,0.0,0.0,,,,,0.0,0.0,0.0
3128.67,0.0,0.0,,,,,0.0,0.0,0.0
3129.67,0.0,0.0,,,,,0.0,0.0,0.0
3130.67,0.0,0.0,,,,,0.0,0.0,0.0
3131.67,0.0,0.0,,,,,0.0,0.0,0.0
3132.67,0.0,0.0,,,,,0.0,0.0,0.0
3133.67,0.0,0.0,,,,,0.0,0.0,0.0
3134.67,0.0,0.0,,,,,0.0,0.0,0.0
3135.67,0.0,0.0,,,,,0.0,0.0,0.0
3136.67,0.0,0.0,,,,,0.0,0.0,0.0
3137.67,0.0,0.0,,,,,0.0,0.0,0.0
3138.67,0.0,0.0,,,,,0.0,0.0,0.0
3139.67,0.0,0.0,,,,,0.0,0.0,0.0
3140.67,0.0,0.0,,,,,0.0,0.0,0.0
3141.67,0.0,0.0,,,,,0.0,0.0,0.0
3142.67,0.0,0.0,,,,,0.0,0.0,0.0
3143.67,0.0,0.0,,,,,0.0,0.0,0.0
3144.67,0.0,0.0,,,,,0.0,0.0,0.0
3145.67,0.0,0.0,,,,,0.0,0.0,0.0
3146.67,0.0,0.0,,,,,0.0,0.0,0.0
3147.67,0.0,0.0,,,,,0.0,0.0,0.0
3148.67,0.0,0.0,,,,,0.0,0.0,0.0
3149.67,0.0,0.0,,,,,0.0,0.0,0.0
3150.67,0.0,0.0,,,,,0.0,0.0,0.0
3151.67,0.0,0.0,,,,,0.0,0.0,0.0
3152.67,0.0,0.0,,,,,0.0,0.0,0.0
3153.67,0.0,0.0,,,,,0.0,0.0,0.0
3154.67,0.0,0.0,,,,,0.0,0.0,0.0
3155.67,0.0,0.0,,,,,0.0,0.0,0.0
3156.67,0.0,0.0,,,,,0.0,0.0,0.0
3157.67,0.0,0.0,,,,,0.0,0.0,0.0
3158.68,0.0,0.0,,,,,0.0,0.0,0.0
3159.68,0.0,0.0,,,,,0.0,0.0,0.0
3160.68,0.0,0.0,,,,,0.0,0.0,0.0
3161.68,0.0,0.0,,,,,0.0,0.0,0.0
3162.68,0.0,0.0,,,,,0.0,0.0,0.0
3163.68,0.0,0.0,,,,,0.0,0.0,0.0
3164.68,0.0,0.0,,,,,0.0,0.0,0.0
3165.68,0.0,0.0,,,,,0.0,0.0,0.0
3166.68,0.0,0.0,,,,,0.0,0.0,0.0
3167.68,0.0,0.0,,,,,0.0,0.0,0.0
3168.68,0.0,0.0,,,,,0.0,0.0,0.0
3169.68,0.0,0.0,,,,,0.0,0.0,0.0
3170.68,0.0,0.0,,,,,0.0,0.0,0.0
3171.68,0.0,0.0,,,,,0.0,0.0,0.0
3172.68,0.0,0.0,,,,,0.0,0.0,0.0
3173.68,0.0,0.0,,,,,0.0,0.0,0.0
3174.68,0.0,0.0,,,,,0.0,0.0,0.0
3175.68,0.0,0.0,,,,,0.0,0.0,0.0
3176.68,0.0,0.0,,,,,0.0,0.0,0.0
3177.68,0.0,0.0,,,,,0.0,0.0,0.0
3178.68,0.0,0.0,,,,,0.0,0.0,0.0
3179.68,0.0,0.0,,,,,0.0,0.0,0.0
3180.68,0.0,0.0,,,,,0.0,0.0,0.0
3181.68,0.0,0.0,,,,,0.0,0.0,0.0
3182.68,0.0,0.0,,,,,0.0,0.0,0.0
3183.68,0.0,0.0,,,,,0.0,0.0,0.0
3184.68,0.0,0.0,,,,,0.0,0.0,0.0
3185.68,0.0,0.0,,,,,0.0,0.0,0.0
3186.68,0.0,0.0,,,,,0.0,0.0,0.0
3187.68,0.0,0.0,,,,,0.0,0.0,0.0
3188.68,0.0,0.0,,,,,0.0,0.0,0.0
3189.68,0.0,0.0,,,,,0.0,0.0,0.0
3190.68,0.0,0.0,,,,,0.0,0.0,0.0
3191.68,0.0,0.0,,,,,0.0,0.0,0.0
3192.68,0.0,0.0,,,,,0.0,0.0,0.0
3193.68,0.0,0.0,,,,,0.0,0.0,0.0
3194.68,0.0,0.0,,,,,0.0,0.0,0.0
3195.68,0.0,0.0,,,,,0.0,0.0,0.0
3196.68,0.0,0.0,,,,,0.0,0.0,0.0
3197.68,0.0,0.0,,,,,0.0,0.0,0.0
3198.68,0.0,0.0,,,,,0.0,0.0,0.0
3199.68,0.0,0.0,,,,,0.0,0.0,0.0
3200.68,0.0,0.0,,,,,0.0,0.0,0.0
3201.68,0.0,0.0,,,,,0.0,0.0,0.0
3202.68,0.0,0.0,,,,,0.0,0.0,0.0
3203.68,0.0,0.0,,,,,0.0,0.0,0.0
3204.68,0.0,0.0,,,,,0.0,0.0,0.0
3205.69,0.0,0.0,,,,,0.0,0.0,0.0
3206.69,0.0,0.0,,,,,0.0,0.0,0.0
3207.69,0.0,0.0,,,,,0.0,0.0,0.0
3208.69,0.0,0.0,,,,,0.0,0.0,0.0
3209.69,0.0,0.0,,,,,0.0,0.0,0.0
3210.69,0.0,0.0,,,,,0.0,0.0,0.0
3211.69,0.0,0.0,,,,,0.0,0.0,0.0
3212.69,0.0,0.0,,,,,0.0,0.0,0.0
3213.69,0.0,0.0,,,,,0.0,0.0,0.0
3214.69,0.0,0.0,,,,,0.0,0.0,0.0
3215.69,0.0,0.0,,,,,0.0,0.0,0.0
3216.69,0.0,0.0,,,,,0.0,0.0,0.0
3217.69,0.0,0.0,,,,,0.0,0.0,0.0
3218.69,0.0,0.0,,,,,0.0,0.0,0.0
3219.69,0.0,0.0,,,,,0.0,0.0,0.0
3220.69,0.0,0.0,,,,,0.0,0.0,0.0
3221.69,0.0,0.0,,,,,0.0,0.0,0.0
3222.69,0.0,0.0,,,,,0.0,0.0,0.0
3223.69,0.0,0.0,,,,,0.0,0.0,0.0
3224.69,0.0,0.0,,,,,0.0,0.0,0.0
3225.69,0.0,0.0,,,,,0.0,0.0,0.0
3226.69,0.0,0.0,,,,,0.0,0.0,0.0
3227.69,0.0,0.0,,,,,0.0,0.0,0.0
3228.69,0.0,0.0,,,,,0.0,0.0,0.0
3229.69,0.0,0.0,,,,,0.0,0.0,0.0
3230.69,0.0,0.0,,,,,0.0,0.0,0.0
3231.69,0.0,0.0,,,,,0.0,0.0,0.0
3232.69,0.0,0.0,,,,,0.0,0.0,0.0
3233.69,0.0,0.0,,,,,0.0,0.0,0.0
3234.69,0.0,0.0,,,,,0.0,0.0,0.0
3235.69,0.0,0.0,,,,,0.0,0.0,0.0
3236.69,0.0,0.0,,,,,0.0,0.0,0.0
3237.69,0.0,0.0,,,,,0.0,0.0,0.0
3238.69,0.0,0.0,,,,,0.0,0.0,0.0
3239.69,0.0,0.0,,,,,0.0,0.0,0.0
3240.69,0.0,0.0,,,,,0.0,0.0,0.0
3241.69,0.0,0.0,,,,,0.0,0.0,0.0
3242.69,0.0,0.0,,,,,0.0,0.0,0.0
3243.69,0.0,0.0,,,,,0.0,0.0,0.0
3244.69,0.0,0.0,,,,,0.0,0.0,0.0
3245.69,0.0,0.0,,,,,0.0,0.0,0.0
3246.69,0.0,0.0,,,,,0.0,0.0,0.0
3247.69,0.0,0.0,,,,,0.0,0.0,0.0
3248.69,0.0,0.0,,,,,0.0,0.0,0.0
3249.69,0.0,0.0,,,,,0.0,0.0,0.0
3250.69,0.0,0.0,,,,,0.0,0.0,0.0
3251.7,0.0,0.0,,,,,0.0,0.0,0.0
3252.7,0.0,0.0,,,,,0.0,0.0,0.0
3253.7,0.0,0.0,,,,,0.0,0.0,0.0
3254.7,0.0,0.0,,,,,0.0,0.0,0.0
3255.7,0.0,0.0,,,,,0.0,0.0,0.0
3256.7,0.0,0.0,,,,,0.0,0.0,0.0
3257.7,0.0,0.0,,,,,0.0,0.0,0.0
3258.7,0.0,0.0,,,,,0.0,0.0,0.0
3259.7,0.0,0.0,,,,,0.0,0.0,0.0
3260.7,0.0,0.0,,,,,0.0,0.0,0.0
3261.7,0.0,0.0,,,,,0.0,0.0,0.0
3262.7,0.0,0.0,,,,,0.0,0.0,0.0
3263.7,0.0,0.0,,,,,0.0,0.0,0.0
3264.7,0.0,0.0,,,,,0.0,0.0,0.0
3265.7,0.0,0.0,,,,,0.0,0.0,0.0
3266.7,0.0,0.0,,,,,0.0,0.0,0.0
3267.7,0.0,0.0,,,,,0.0,0.0,0.0
3268.7,0.0,0.0,,,,,0.0,0.0,0.0
3269.7,0.0,0.0,,,,,0.0,0.0,0.0
3270.7,0.0,0.0,,,,,0.0,0.0,0.0
3271.7,0.0,0.0,,,,,0.0,0.0,0.0
3272.7,0.0,0.0,,,,,0.0,0.0,0.0
3273.7,0.0,0.0,,,,,0.0,0.0,0.0
3274.7,0.0,0.0,,,,,0.0,0.0,0.0
3275.7,0.0,0.0,,,,,0.0,0.0,0.0
3276.7,0.0,0.0,,,,,0.0,0.0,0.0
3277.7,0.0,0.0,,,,,0.0,0.0,0.0
3278.7,0.0,0.0,,,,,0.0,0.0,0.0
3279.7,0.0,0.0,,,,,0.0,0.0,0.0
3280.7,0.0,0.0,,,,,0.0,0.0,0.0
3281.7,0.0,0.0,,,,,0.0,0.0,0.0
3282.7,0.0,0.0,,,,,0.0,0.0,0.0
3283.7,0.0,0.0,,,,,0.0,0.0,0.0
3284.7,0.0,0.0,,,,,0.0,0.0,0.0
3285.7,0.0,0.0,,,,,0.0,0.0,0.0
3286.7,0.0,0.0,,,,,0.0,0.0,0.0
3287.7,0.0,0.0,,,,,0.0,0.0,0.0
3288.7,0.0,0.0,,,,,0.0,0.0,0.0
3289.7,0.0,0.0,,,,,0.0,0.0,0.0
3290.7,0.0,0.0,,,,,0.0,0.0,0.0
3291.7,0.0,0.0,,,,,0.0,0.0,0.0
3292.7,0.0,0.0,,,,,0.0,0.0,0.0
3293.7,0.0,0.0,,,,,0.0,0.0,0.0
3294.71,0.0,0.0,,,,,0.0,0.0,0.0
3295.71,0.0,0.0,,,,,0.0,0.0,0.0
3296.71,0.0,0.0,,,,,0.0,0.0,0.0
3297.71,0.0,0.0,,,,,0.0,0.0,0.0
3298.71,0.0,0.0,,,,,0.0,0.0,0.0
3299.71,0.0,0.0,,,,,0.0,0.0,0.0
3300.71,0.0,0.0,,,,,0.0,0.0,0.0
3301.71,0.0,0.0,,,,,0.0,0.0,0.0
3302.71,0.0,0.0,,,,,0.0,0.0,0.0
3303.71,0.0,0.0,,,,,0.0,0.0,0.0
3304.71,0.0,0.0,,,,,0.0,0.0,0.0
3305.71,0.0,0.0,,,,,0.0,0.0,0.0
3306.71,0.0,0.0,,,,,0.0,0.0,0.0
3307.71,0.0,0.0,,,,,0.0,0.0,0.0
3308.71,0.0,0.0,,,,,0.0,0.0,0.0
3309.71,0.0,0.0,,,,,0.0,0.0,0.0
3310.71,0.0,0.0,,,,,0.0,0.0,0.0
3311.71,0.0,0.0,,,,,0.0,0.0,0.0
3312.71,0.0,0.0,,,,,0.0,0.0,0.0
3313.71,0.0,0.0,,,,,0.0,0.0,0.0
3314.71,0.0,0.0,,,,,0.0,0.0,0.0
3315.71,0.0,0.0,,,,,0.0,0.0,0.0
3316.71,0.0,0.0,,,,,0.0,0.0,0.0
3317.71,0.0,0.0,,,,,0.0,0.0,0.0
3318.71,0.0,0.0,,,,,0.0,0.0,0.0
3319.71,0.0,0.0,,,,,0.0,0.0,0.0
3320.71,0.0,0.0,,,,,0.0,0.0,0.0
3321.71,0.0,0.0,,,,,0.0,0.0,0.0
3322.71,0.0,0.0,,,,,0.0,0.0,0.0
3323.71,0.0,0.0,,,,,0.0,0.0,0.0
3324.71,0.0,0.0,,,,,0.0,0.0,0.0
3325.71,0.0,0.0,,,,,0.0,0.0,0.0
3326.71,0.0,0.0,,,,,0.0,0.0,0.0
3327.71,0.0,0.0,,,,,0.0,0.0,0.0
3328.71,0.0,0.0,,,,,0.0,0.0,0.0
3329.71,0.0,0.0,,,,,0.0,0.0,0.0
3330.71,0.0,0.0,,,,,0.0,0.0,0.0
3331.71,0.0,0.0,,,,,0.0,0.0,0.0
3332.71,0.0,0.0,,,,,0.0,0.0,0.0
3333.71,0.0,0.0,,,,,0.0,0.0,0.0
3334.71,0.0,0.0,,,,,0.0,0.0,0.0
3335.71,0.0,0.0,,,,,0.0,0.0,0.0
3336.71,0.0,0.0,,,,,0.0,0.0,0.0
3337.71,0.0,0.0,,,,,0.0,0.0,0.0
3338.71,0.0,0.0,,,,,0.0,0.0,0.0
3339.71,0.0,0.0,,,,,0.0,0.0,0.0
3340.71,0.0,0.0,,,,,0.0,0.0,0.0
3341.71,0.0,0.0,,,,,0.0,0.0,0.0
3342.71,0.0,0.0,,,,,0.0,0.0,0.0
3343.71,0.0,0.0,,,,,0.0,0.0,0.0
3344.71,0.0,0.0,,,,,0.0,0.0,0.0
3345.71,0.0,0.0,,,,,0.0,0.0,0.0
3346.71,0.0,0.0,,,,,0.0,0.0,0.0
3347.71,0.0,0.0,,,,,0.0,0.0,0.0
3348.71,0.0,0.0,,,,,0.0,0.0,0.0
3349.72,0.0,0.0,,,,,0.0,0.0,0.0
3350.72,0.0,0.0,,,,,0.0,0.0,0.0
3351.72,0.0,0.0,,,,,0.0,0.0,0.0
3352.72,0.0,0.0,,,,,0.0,0.0,0.0
3353.72,0.0,0.0,,,,,0.0,0.0,0.0
3354.72,0.0,0.0,,,,,0.0,0.0,0.0
3355.72,0.0,0.0,,,,,0.0,0.0,0.0
3356.72,0.0,0.0,,,,,0.0,0.0,0.0
3357.72,0.0,0.0,,,,,0.0,0.0,0.0
3358.72,0.0,0.0,,,,,0.0,0.0,0.0
3359.72,0.0,0.0,,,,,0.0,0.0,0.0
3360.72,0.0,0.0,,,,,0.0,0.0,0.0
3361.72,0.0,0.0,,,,,0.0,0.0,0.0
3362.72,0.0,0.0,,,,,0.0,0.0,0.0
3363.72,0.0,0.0,,,,,0.0,0.0,0.0
3364.72,0.0,0.0,,,,,0.0,0.0,0.0
3365.72,0.0,0.0,,,,,0.0,0.0,0.0
3366.72,0.0,0.0,,,,,0.0,0.0,0.0
3367.72,0.0,0.0,,,,,0.0,0.0,0.0
3368.72,0.0,0.0,,,,,0.0,0.0,0.0
3369.72,0.0,0.0,,,,,0.0,0.0,0.0
3370.72,0.0,0.0,,,,,0.0,0.0,0.0
3371.72,0.0,0.0,,,,,0.0,0.0,0.0
3372.72,0.0,0.0,,,,,0.0,0.0,0.0
3373.72,0.0,0.0,,,,,0.0,0.0,0.0
3374.72,0.0,0.0,,,,,0.0,0.0,0.0
3375.72,0.0,0.0,,,,,0.0,0.0,0.0
3376.72,0.0,0.0,,,,,0.0,0.0,0.0
3377.72,0.0,0.0,,,,,0.0,0.0,0.0
3378.72,0.0,0.0,,,,,0.0,0.0,0.0
3379.72,0.0,0.0,,,,,0.0,0.0,0.0
3380.72,0.0,0.0,,,,,0.0,0.0,0.0
3381.72,0.0,0.0,,,,,0.0,0.0,0.0
3382.72,0.0,0.0,,,,,0.0,0.0,0.0
3383.72,0.0,0.0,,,,,0.0,0.0,0.0
3384.72,0.0,0.0,,,,,0.0,0.0,0.0
3385.72,0.0,0.0,,,,,0.0,0.0,0.0
3386.72,0.0,0.0,,,,,0.0,0.0,0.0
3387.72,0.0,0.0,,,,,0.0,0.0,0.0
3388.72,0.0,0.0,,,,,0.0,0.0,0.0
3389.72,0.0,0.0,,,,,0.0,0.0,0.0
3390.72,0.0,0.0,,,,,0.0,0.0,0.0
3391.72,0.0,0.0,,,,,0.0,0.0,0.0
3392.72,0.0,0.0,,,,,0.0,0.0,0.0
3393.72,0.0,0.0,,,,,0.0,0.0,0.0
3394.72,0.0,0.0,,,,,0.0,0.0,0.0
3395.72,0.0,0.0,,,,,0.0,0.0,0.0
3396.72,0.0,0.0,,,,,0.0,0.0,0.0
3397.72,0.0,0.0,,,,,0.0,0.0,0.0
3398.72,0.0,0.0,,,,,0.0,0.0,0.0
3399.73,0.0,0.0,,,,,0.0,0.0,0.0
3400.73,0.0,0.0,,,,,0.0,0.0,0.0
3401.73,0.0,0.0,,,,,0.0,0.0,0.0
3402.73,0.0,0.0,,,,,0.0,0.0,0.0
3403.73,0.0,0.0,,,,,0.0,0.0,0.0
3404.73,0.0,0.0,,,,,0.0,0.0,0.0
3405.73,0.0,0.0,,,,,0.0,0.0,0.0
3406.73,0.0,0.0,,,,,0.0,0.0,0.0
3407.73,0.0,0.0,,,,,0.0,0.0,0.0
3408.73,0.0,0.0,,,,,0.0,0.0,0.0
3409.73,0.0,0.0,,,,,0.0,0.0,0.0
3410.73,0.0,0.0,,,,,0.0,0.0,0.0
3411.73,0.0,0.0,,,,,0.0,0.0,0.0
3412.73,0.0,0.0,,,,,0.0,0.0,0.0
3413.73,0.0,0.0,,,,,0.0,0.0,0.0
3414.73,0.0,0.0,,,,,0.0,0.0,0.0
3415.73,0.0,0.0,,,,,0.0,0.0,0.0
3416.73,0.0,0.0,,,,,0.0,0.0,0.0
3417.73,0.0,0.0,,,,,0.0,0.0,0.0
3418.73,0.0,0.0,,,,,0.0,0.0,0.0
3419.73,0.0,0.0,,,,,0.0,0.0,0.0
3420.73,0.0,0.0,,,,,0.0,0.0,0.0
3421.73,0.0,0.0,,,,,0.0,0.0,0.0
3422.73,0.0,0.0,,,,,0.0,0.0,0.0
3423.73,0.0,0.0,,,,,0.0,0.0,0.0
3424.73,0.0,0.0,,,,,0.0,0.0,0.0
3425.73,0.0,0.0,,,,,0.0,0.0,0.0
3426.73,0.0,0.0,,,,,0.0,0.0,0.0
3427.73,0.0,0.0,,,,,0.0,0.0,0.0
3428.73,0.0,0.0,,,,,0.0,0.0,0.0
3429.73,0.0,0.0,,,,,0.0,0.0,0.0
3430.73,0.0,0.0,,,,,0.0,0.0,0.0
3431.73,0.0,0.0,,,,,0.0,0.0,0.0
3432.73,0.0,0.0,,,,,0.0,0.0,0.0
3433.73,0.0,0.0,,,,,0.0,0.0,0.0
3434.73,0.0,0.0,,,,,0.0,0.0,0.0
3435.73,0.0,0.0,,,,,0.0,0.0,0.0
3436.73,0.0,0.0,,,,,0.0,0.0,0.0
3437.73,0.0,0.0,,,,,0.0,0.0,0.0
3438.73,0.0,0.0,,,,,0.0,0.0,0.0
3439.73,0.0,0.0,,,,,0.0,0.0,0.0
3440.73,0.0,0.0,,,,,0.0,0.0,0.0
3441.73,0.0,0.0,,,,,0.0,0.0,0.0
3442.73,0.0,0.0,,,,,0.0,0.0,0.0
3443.73,0.0,0.0,,,,,0.0,0.0,0.0
3444.73,0.0,0.0,,,,,0.0,0.0,0.0
3445.73,0.0,0.0,,,,,0.0,0.0,0.0
3446.73,0.0,0.0,,,,,0.0,0.0,0.0
3447.74,0.0,0.0,,,,,0.0,0.0,0.0
3448.74,0.0,0.0,,,,,0.0,0.0,0.0
3449.74,0.0,0.0,,,,,0.0,0.0,0.0
3450.74,0.0,0.0,,,,,0.0,0.0,0.0
3451.74,0.0,0.0,,,,,0.0,0.0,0.0
3452.74,0.0,0.0,,,,,0.0,0.0,0.0
3453.74,0.0,0.0,,,,,0.0,0.0,0.0
3454.74,0.0,0.0,,,,,0.0,0.0,0.0
3455.74,0.0,0.0,,,,,0.0,0.0,0.0
3456.74,0.0,0.0,,,,,0.0,0.0,0.0
3457.74,0.0,0.0,,,,,0.0,0.0,0.0
3458.74,0.0,0.0,,,,,0.0,0.0,0.0
3459.74,0.0,0.0,,,,,0.0,0.0,0.0
3460.74,0.0,0.0,,,,,0.0,0.0,0.0
3461.74,0.0,0.0,,,,,0.0,0.0,0.0
3462.74,0.0,0.0,,,,,0.0,0.0,0.0
3463.74,0.0,0.0,,,,,0.0,0.0,0.0
3464.74,0.0,0.0,,,,,0.0,0.0,0.0
3465.74,0.0,0.0,,,,,0.0,0.0,0.0
3466.74,0.0,0.0,,,,,0.0,0.0,0.0
3467.74,0.0,0.0,,,,,0.0,0.0,0.0
3468.74,0.0,0.0,,,,,0.0,0.0,0.0
3469.74,0.0,0.0,,,,,0.0,0.0,0.0
3470.74,0.0,0.0,,,,,0.0,0.0,0.0
3471.74,0.0,0.0,,,,,0.0,0.0,0.0
3472.74,0.0,0.0,,,,,0.0,0.0,0.0
3473.74,0.0,0.0,,,,,0.0,0.0,0.0
3474.74,0.0,0.0,,,,,0.0,0.0,0.0
3475.74,0.0,0.0,,,,,0.0,0.0,0.0
3476.74,0.0,0.0,,,,,0.0,0.0,0.0
3477.74,0.0,0.0,,,,,0.0,0.0,0.0
3478.74,0.0,0.0,,,,,0.0,0.0,0.0
3479.74,0.0,0.0,,,,,0.0,0.0,0.0
3480.74,0.0,0.0,,,,,0.0,0.0,0.0
3481.74,0.0,0.0,,,,,0.0,0.0,0.0
3482.74,0.0,0.0,,,,,0.0,0.0,0.0
3483.74,0.0,0.0,,,,,0.0,0.0,0.0
3484.74,0.0,0.0,,,,,0.0,0.0,0.0
3485.74,0.0,0.0,,,,,0.0,0.0,0.0
3486.74,0.0,0.0,,,,,0.0,0.0,0.0
3487.74,0.0,0.0,,,,,0.0,0.0,0.0
3488.74,0.0,0.0,,,,,0.0,0.0,0.0
3489.74,0.0,0.0,,,,,0.0,0.0,0.0
3490.74,0.0,0.0,,,,,0.0,0.0,0.0
3491.74,0.0,0.0,,,,,0.0,0.0,0.0
3492.74,0.0,0.0,,,,,0.0,0.0,0.0
3493.74,0.0,0.0,,,,,0.0,0.0,0.0
3494.75,0.0,0.0,,,,,0.0,0.0,0.0
3495.75,0.0,0.0,,,,,0.0,0.0,0.0
3496.75,0.0,0.0,,,,,0.0,0.0,0.0
3497.75,0.0,0.0,,,,,0.0,0.0,0.0
3498.75,0.0,0.0,,,,,0.0,0.0,0.0
3499.75,0.0,0.0,,,,,0.0,0.0,0.0
3500.75,0.0,0.0,,,,,0.0,0.0,0.0
3501.75,0.0,0.0,,,,,0.0,0.0,0.0
3502.75,0.0,0.0,,,,,0.0,0.0,0.0
3503.75,0.0,0.0,,,,,0.0,0.0,0.0
3504.75,0.0,0.0,,,,,0.0,0.0,0.0
3505.75,0.0,0.0,,,,,0.0,0.0,0.0
3506.75,0.0,0.0,,,,,0.0,0.0,0.0
3507.75,0.0,0.0,,,,,0.0,0.0,0.0
3508.75,0.0,0.0,,,,,0.0,0.0,0.0
3509.75,0.0,0.0,,,,,0.0,0.0,0.0
3510.75,0.0,0.0,,,,,0.0,0.0,0.0
3511.75,0.0,0.0,,,,,0.0,0.0,0.0
3512.75,0.0,0.0,,,,,0.0,0.0,0.0
3513.75,0.0,0.0,,,,,0.0,0.0,0.0
3514.75,0.0,0.0,,,,,0.0,0.0,0.0
3515.75,0.0,0.0,,,,,0.0,0.0,0.0
3516.75,0.0,0.0,,,,,0.0,0.0,0.0
3517.75,0.0,0.0,,,,,0.0,0.0,0.0
3518.75,0.0,0.0,,,,,0.0,0.0,0.0
3519.75,0.0,0.0,,,,,0.0,0.0,0.0
3520.75,0.0,0.0,,,,,0.0,0.0,0.0
3521.75,0.0,0.0,,,,,0.0,0.0,0.0
3522.75,0.0,0.0,,,,,0.0,0.0,0.0
3523.75,0.0,0.0,,,,,0.0,0.0,0.0
3524.75,0.0,0.0,,,,,0.0,0.0,0.0
3525.75,0.0,0.0,,,,,0.0,0.0,0.0
3526.75,0.0,0.0,,,,,0.0,0.0,0.0
3527.75,0.0,0.0,,,,,0.0,0.0,0.0
3528.75,0.0,0.0,,,,,0.0,0.0,0.0
3529.75,0.0,0.0,,,,,0.0,0.0,0.0
3530.75,0.0,0.0,,,,,0.0,0.0,0.0
3531.75,0.0,0.0,,,,,0.0,0.0,0.0
3532.75,0.0,0.0,,,,,0.0,0.0,0.0
3533.75,0.0,0.0,,,,,0.0,0.0,0.0
3534.75,0.0,0.0,,,,,0.0,0.0,0.0
3535.75,0.0,0.0,,,,,0.0,0.0,0.0
3536.75,0.0,0.0,,,,,0.0,0.0,0.0
3537.75,0.0,0.0,,,,,0.0,0.0,0.0
3538.75,0.0,0.0,,,,,0.0,0.0,0.0
3539.76,0.0,0.0,,,,,0.0,0.0,0.0
3540.76,0.0,0.0,,,,,0.0,0.0,0.0
3541.76,0.0,0.0,,,,,0.0,0.0,0.0
3542.76,0.0,0.0,,,,,0.0,0.0,0.0
3543.76,0.0,0.0,,,,,0.0,0.0,0.0
3544.76,0.0,0.0,,,,,0.0,0.0,0.0
3545.76,0.0,0.0,,,,,0.0,0.0,0.0
3546.76,0.0,0.0,,,,,0.0,0.0,0.0
3547.76,0.0,0.0,,,,,0.0,0.0,0.0
3548.76,0.0,0.0,,,,,0.0,0.0,0.0
3549.76,0.0,0.0,,,,,0.0,0.0,0.0
3550.76,0.0,0.0,,,,,0.0,0.0,0.0
3551.76,0.0,0.0,,,,,0.0,0.0,0.0
3552.76,0.0,0.0,,,,,0.0,0.0,0.0
3553.76,0.0,0.0,,,,,0.0,0.0,0.0
3554.76,0.0,0.0,,,,,0.0,0.0,0.0
3555.76,0.0,0.0,,,,,0.0,0.0,0.0
3556.76,0.0,0.0,,,,,0.0,0.0,0.0
3557.76,0.0,0.0,,,,,0.0,0.0,0.0
3558.76,0.0,0.0,,,,,0.0,0.0,0.0
3559.76,0.0,0.0,,,,,0.0,0.0,0.0
3560.76,0.0,0.0,,,,,0.0,0.0,0.0
3561.76,0.0,0.0,,,,,0.0,0.0,0.0
3562.76,0.0,0.0,,,,,0.0,0.0,0.0
3563.76,0.0,0.0,,,,,0.0,0.0,0.0
3564.76,0.0,0.0,,,,,0.0,0.0,0.0
3565.76,0.0,0.0,,,,,0.0,0.0,0.0
3566.76,0.0,0.0,,,,,0.0,0.0,0.0
3567.76,0.0,0.0,,,,,0.0,0.0,0.0
3568.76,0.0,0.0,,,,,0.0,0.0,0.0
3569.76,0.0,0.0,,,,,0.0,0.0,0.0
3570.76,0.0,0.0,,,,,0.0,0.0,0.0
3571.76,0.0,0.0,,,,,0.0,0.0,0.0
3572.76,0.0,0.0,,,,,0.0,0.0,0.0
3573.76,0.0,0.0,,,,,0.0,0.0,0.0
3574.76,0.0,0.0,,,,,0.0,0.0,0.0
3575.76,0.0,0.0,,,,,0.0,0.0,0.0
3576.76,0.0,0.0,,,,,0.0,0.0,0.0
3577.76,0.0,0.0,,,,,0.0,0.0,0.0
3578.76,0.0,0.0,,,,,0.0,0.0,0.0
3579.76,0.0,0.0,,,,,0.0,0.0,0.0
3580.76,0.0,0.0,,,,,0.0,0.0,0.0
3581.76,0.0,0.0,,,,,0.0,0.0,0.0
3582.76,0.0,0.0,,,,,0.0,0.0,0.0
3583.76,0.0,0.0,,,,,0.0,0.0,0.0
3584.76,0.0,0.0,,,,,0.0,0.0,0.0
3585.76,0.0,0.0,,,,,0.0,0.0,0.0
3586.76,0.0,0.0,,,,,0.0,0.0,0.0
3587.77,0.0,0.0,,,,,0.0,0.0,0.0
3588.77,0.0,0.0,,,,,0.0,0.0,0.0
3589.77,0.0,0.0,,,,,0.0,0.0,0.0
3590.77,0.0,0.0,,,,,0.0,0.0,0.0
3591.77,0.0,0.0,,,,,0.0,0.0,0.0
3592.77,0.0,0.0,,,,,0.0,0.0,0.0
3593.77,0.0,0.0,,,,,0.0,0.0,0.0
3594.77,0.0,0.0,,,,,0.0,0.0,0.0
3595.77,0.0,0.0,,,,,0.0,0.0,0.0
3596.77,0.0,0.0,,,,,0.0,0.0,0.0
3597.77,0.0,0.0,,,,,0.0,0.0,0.0
3598.77,0.0,0.0,,,,,0.0,0.0,0.0
3599.77,0.0,0.0,,,,,0.0,0.0,0.0
3600.77,0.0,0.0,,,,,0.0,0.0,0.0
3601.77,0.0,0.0,,,,,0.0,0.0,0.0
3602.77,0.0,0.0,,,,,0.0,0.0,0.0
3603.77,0.0,0.0,,,,,0.0,0.0,0.0
3604.77,0.0,0.0,,,,,0.0,0.0,0.0
3605.77,0.0,0.0,,,,,0.0,0.0,0.0
3606.77,0.0,0.0,,,,,0.0,0.0,0.0
3607.77,0.0,0.0,,,,,0.0,0.0,0.0
3608.77,0.0,0.0,,,,,0.0,0.0,0.0
3609.77,0.0,0.0,,,,,0.0,0.0,0.0
3610.77,0.0,0.0,,,,,0.0,0.0,0.0
3611.77,0.0,0.0,,,,,0.0,0.0,0.0
3612.77,0.0,0.0,,,,,0.0,0.0,0.0
3613.77,0.0,0.0,,,,,0.0,0.0,0.0
3614.77,0.0,0.0,,,,,0.0,0.0,0.0
3615.77,0.0,0.0,,,,,0.0,0.0,0.0
3616.77,0.0,0.0,,,,,0.0,0.0,0.0
3617.77,0.0,0.0,,,,,0.0,0.0,0.0
3618.77,0.0,0.0,,,,,0.0,0.0,0.0
3619.77,0.0,0.0,,,,,0.0,0.0,0.0
3620.77,0.0,0.0,,,,,0.0,0.0,0.0
3621.77,0.0,0.0,,,,,0.0,0.0,0.0
3622.77,0.0,0.0,,,,,0.0,0.0,0.0
3623.77,0.0,0.0,,,,,0.0,0.0,0.0
3624.77,0.0,0.0,,,,,0.0,0.0,0.0
3625.77,0.0,0.0,,,,,0.0,0.0,0.0
3626.77,0.0,0.0,,,,,0.0,0.0,0.0
3627.77,0.0,0.0,,,,,0.0,0.0,0.0
3628.77,0.0,0.0,,,,,0.0,0.0,0.0
3629.77,0.0,0.0,,,,,0.0,0.0,0.0
3630.77,0.0,0.0,,,,,0.0,0.0,0.0
3631.77,0.0,0.0,,,,,0.0,0.0,0.0
3632.77,0.0,0.0,,,,,0.0,0.0,0.0
3633.77,0.0,0.0,,,,,0.0,0.0,0.0
3634.78,0.0,0.0,,,,,0.0,0.0,0.0
3635.78,0.0,0.0,,,,,0.0,0.0,0.0
3636.78,0.0,0.0,,,,,0.0,0.0,0.0
3637.78,0.0,0.0,,,,,0.0,0.0,0.0
3638.78,0.0,0.0,,,,,0.0,0.0,0.0
3639.78,0.0,0.0,,,,,0.0,0.0,0.0
3640.78,0.0,0.0,,,,,0.0,0.0,0.0
3641.78,0.0,0.0,,,,,0.0,0.0,0.0
3642.78,0.0,0.0,,,,,0.0,0.0,0.0
3643.78,0.0,0.0,,,,,0.0,0.0,0.0
3644.78,0.0,0.0,,,,,0.0,0.0,0.0
3645.78,0.0,0.0,,,,,0.0,0.0,0.0
3646.78,0.0,0.0,,,,,0.0,0.0,0.0
3647.78,0.0,0.0,,,,,0.0,0.0,0.0
3648.78,0.0,0.0,,,,,0.0,0.0,0.0
3649.78,0.0,0.0,,,,,0.0,0.0,0.0
3650.78,0.0,0.0,,,,,0.0,0.0,0.0
3651.78,0.0,0.0,,,,,0.0,0.0,0.0
3652.78,0.0,0.0,,,,,0.0,0.0,0.0
3653.78,0.0,0.0,,,,,0.0,0.0,0.0
3654.78,0.0,0.0,,,,,0.0,0.0,0.0
3655.78,0.0,0.0,,,,,0.0,0.0,0.0
3656.78,0.0,0.0,,,,,0.0,0.0,0.0
3657.78,0.0,0.0,,,,,0.0,0.0,0.0
3658.78,0.0,0.0,,,,,0.0,0.0,0.0
3659.78,0.0,0.0,,,,,0.0,0.0,0.0
3660.78,0.0,0.0,,,,,0.0,0.0,0.0
3661.78,0.0,0.0,,,,,0.0,0.0,0.0
3662.78,0.0,0.0,,,,,0.0,0.0,0.0
3663.78,0.0,0.0,,,,,0.0,0.0,0.0
3664.78,0.0,0.0,,,,,0.0,0.0,0.0
3665.78,0.0,0.0,,,,,0.0,0.0,0.0
3666.78,0.0,0.0,,,,,0.0,0.0,0.0
3667.78,0.0,0.0,,,,,0.0,0.0,0.0
3668.78,0.0,0.0,,,,,0.0,0.0,0.0
3669.79,0.0,0.0,,,,,0.0,0.0,0.0
3670.79,0.0,0.0,,,,,0.0,0.0,0.0
3671.79,0.0,0.0,,,,,0.0,0.0,0.0
3672.79,0.0,0.0,,,,,0.0,0.0,0.0
3673.79,0.0,0.0,,,,,0.0,0.0,0.0
3674.79,0.0,0.0,,,,,0.0,0.0,0.0
3675.79,0.0,0.0,,,,,0.0,0.0,0.0
3676.79,0.0,0.0,,,,,0.0,0.0,0.0
3677.79,0.0,0.0,,,,,0.0,0.0,0.0
3678.79,0.0,0.0,,,,,0.0,0.0,0.0
3679.79,0.0,0.0,,,,,0.0,0.0,0.0
3680.79,0.0,0.0,,,,,0.0,0.0,0.0
3681.79,0.0,0.0,,,,,0.0,0.0,0.0
3682.79,0.0,0.0,,,,,0.0,0.0,0.0
3683.79,0.0,0.0,,,,,0.0,0.0,0.0
3684.79,0.0,0.0,,,,,0.0,0.0,0.0
3685.79,0.0,0.0,,,,,0.0,0.0,0.0
3686.79,0.0,0.0,,,,,0.0,0.0,0.0
3687.79,0.0,0.0,,,,,0.0,0.0,0.0
3688.79,0.0,0.0,,,,,0.0,0.0,0.0
3689.79,0.0,0.0,,,,,0.0,0.0,0.0
3690.79,0.0,0.0,,,,,0.0,0.0,0.0
3691.79,0.0,0.0,,,,,0.0,0.0,0.0
3692.79,0.0,0.0,,,,,0.0,0.0,0.0
3693.79,0.0,0.0,,,,,0.0,0.0,0.0
3694.79,0.0,0.0,,,,,0.0,0.0,0.0
3695.79,0.0,0.0,,,,,0.0,0.0,0.0
3696.79,0.0,0.0,,,,,0.0,0.0,0.0
3697.79,0.0,0.0,,,,,0.0,0.0,0.0
3698.79,0.0,0.0,,,,,0.0,0.0,0.0
3699.79,0.0,0.0,,,,,0.0,0.0,0.0
3700.79,0.0,0.0,,,,,0.0,0.0,0.0
3701.79,0.0,0.0,,,,,0.0,0.0,0.0
3702.79,0.0,0.0,,,,,0.0,0.0,0.0
3703.79,0.0,0.0,,,,,0.0,0.0,0.0
3704.79,0.0,0.0,,,,,0.0,0.0,0.0
3705.79,0.0,0.0,,,,,0.0,0.0,0.0
3706.79,0.0,0.0,,,,,0.0,0.0,0.0
3707.79,0.0,0.0,,,,,0.0,0.0,0.0
3708.79,0.0,0.0,,,,,0.0,0.0,0.0
3709.79,0.0,0.0,,,,,0.0,0.0,0.0
3710.79,0.0,0.0,,,,,0.0,0.0,0.0
3711.79,0.0,0.0,,,,,0.0,0.0,0.0
3712.79,0.0,0.0,,,,,0.0,0.0,0.0
3713.79,0.0,0.0,,,,,0.0,0.0,0.0
3714.79,0.0,0.0,,,,,0.0,0.0,0.0
3715.79,0.0,0.0,,,,,0.0,0.0,0.0
3716.8,0.0,0.0,,,,,0.0,0.0,0.0
3717.8,0.0,0.0,,,,,0.0,0.0,0.0
3718.8,0.0,0.0,,,,,0.0,0.0,0.0
3719.8,0.0,0.0,,,,,0.0,0.0,0.0
3720.8,0.0,0.0,,,,,0.0,0.0,0.0
3721.8,0.0,0.0,,,,,0.0,0.0,0.0
3722.8,0.0,0.0,,,,,0.0,0.0,0.0
3723.8,0.0,0.0,,,,,0.0,0.0,0.0
3724.8,0.0,0.0,,,,,0.0,0.0,0.0
3725.8,0.0,0.0,,,,,0.0,0.0,0.0
3726.8,0.0,0.0,,,,,0.0,0.0,0.0
3727.8,0.0,0.0,,,,,0.0,0.0,0.0
3728.8,0.0,0.0,,,,,0.0,0.0,0.0
3729.8,0.0,0.0,,,,,0.0,0.0,0.0
3730.8,0.0,0.0,,,,,0.0,0.0,0.0
3731.8,0.0,0.0,,,,,0.0,0.0,0.0
3732.8,0.0,0.0,,,,,0.0,0.0,0.0
3733.8,0.0,0.0,,,,,0.0,0.0,0.0
3734.8,0.0,0.0,,,,,0.0,0.0,0.0
3735.8,0.0,0.0,,,,,0.0,0.0,0.0
3736.8,0.0,0.0,,,,,0.0,0.0,0.0
3737.8,0.0,0.0,,,,,0.0,0.0,0.0
3738.8,0.0,0.0,,,,,0.0,0.0,0.0
3739.8,0.0,0.0,,,,,0.0,0.0,0.0
3740.8,0.0,0.0,,,,,0.0,0.0,0.0
3741.8,0.0,0.0,,,,,0.0,0.0,0.0
3742.8,0.0,0.0,,,,,0.0,0.0,0.0
3743.8,0.0,0.0,,,,,0.0,0.0,0.0
3744.8,0.0,0.0,,,,,0.0,0.0,0.0
3745.8,0.0,0.0,,,,,0.0,0.0,0.0
3746.8,0.0,0.0,,,,,0.0,0.0,0.0
3747.8,0.0,0.0,,,,,0.0,0.0,0.0
3748.8,0.0,0.0,,,,,0.0,0.0,0.0
3749.8,0.0,0.0,,,,,0.0,0.0,0.0
3750.8,0.0,0.0,,,,,0.0,0.0,0.0
3751.8,0.0,0.0,,,,,0.0,0.0,0.0
3752.8,0.0,0.0,,,,,0.0,0.0,0.0
3753.8,0.0,0.0,,,,,0.0,0.0,0.0
3754.8,0.0,0.0,,,,,0.0,0.0,0.0
3755.8,0.0,0.0,,,,,0.0,0.0,0.0
3756.8,0.0,0.0,,,,,0.0,0.0,0.0
3757.8,0.0,0.0,,,,,0.0,0.0,0.0
3758.8,0.0,0.0,,,,,0.0,0.0,0.0
3759.8,0.0,0.0,,,,,0.0,0.0,0.0
3760.8,0.0,0.0,,,,,0.0,0.0,0.0
3761.81,0.0,0.0,,,,,0.0,0.0,0.0
3762.81,0.0,0.0,,,,,0.0,0.0,0.0
3763.81,0.0,0.0,,,,,0.0,0.0,0.0
3764.81,0.0,0.0,,,,,0.0,0.0,0.0
3765.81,0.0,0.0,,,,,0.0,0.0,0.0
3766.81,0.0,0.0,,,,,0.0,0.0,0.0
3767.81,0.0,0.0,,,,,0.0,0.0,0.0
3768.81,0.0,0.0,,,,,0.0,0.0,0.0
3769.81,0.0,0.0,,,,,0.0,0.0,0.0
3770.81,0.0,0.0,,,,,0.0,0.0,0.0
3771.81,0.0,0.0,,,,,0.0,0.0,0.0
3772.81,0.0,0.0,,,,,0.0,0.0,0.0
3773.81,0.0,0.0,,,,,0.0,0.0,0.0
3774.81,0.0,0.0,,,,,0.0,0.0,0.0
3775.81,0.0,0.0,,,,,0.0,0.0,0.0
3776.81,0.0,0.0,,,,,0.0,0.0,0.0
3777.81,0.0,0.0,,,,,0.0,0.0,0.0
3778.81,0.0,0.0,,,,,0.0,0.0,0.0
3779.81,0.0,0.0,,,,,0.0,0.0,0.0
3780.81,0.0,0.0,,,,,0.0,0.0,0.0
3781.81,0.0,0.0,,,,,0.0,0.0,0.0
3782.81,0.0,0.0,,,,,0.0,0.0,0.0
3783.81,0.0,0.0,,,,,0.0,0.0,0.0
3784.81,0.0,0.0,,,,,0.0,0.0,0.0
3785.81,0.0,0.0,,,,,0.0,0.0,0.0
3786.81,0.0,0.0,,,,,0.0,0.0,0.0
3787.81,0.0,0.0,,,,,0.0,0.0,0.0
3788.81,0.0,0.0,,,,,0.0,0.0,0.0
3789.81,0.0,0.0,,,,,0.0,0.0,0.0
3790.81,0.0,0.0,,,,,0.0,0.0,0.0
3791.81,0.0,0.0,,,,,0.0,0.0,0.0
3792.81,0.0,0.0,,,,,0.0,0.0,0.0
3793.81,0.0,0.0,,,,,0.0,0.0,0.0
3794.81,0.0,0.0,,,,,0.0,0.0,0.0
3795.81,0.0,0.0,,,,,0.0,0.0,0.0
3796.81,0.0,0.0,,,,,0.0,0.0,0.0
3797.81,0.0,0.0,,,,,0.0,0.0,0.0
3798.81,0.0,0.0,,,,,0.0,0.0,0.0
3799.81,0.0,0.0,,,,,0.0,0.0,0.0
3800.81,0.0,0.0,,,,,0.0,0.0,0.0
3801.81,0.0,0.0,,,,,0.0,0.0,0.0
3802.81,0.0,0.0,,,,,0.0,0.0,0.0
3803.81,0.0,0.0,,,,,0.0,0.0,0.0
3804.81,0.0,0.0,,,,,0.0,0.0,0.0
3805.81,0.0,0.0,,,,,0.0,0.0,0.0
3806.81,0.0,0.0,,,,,0.0,0.0,0.0
3807.81,0.0,0.0,,,,,0.0,0.0,0.0
3808.81,0.0,0.0,,,,,0.0,0.0,0.0
3809.82,0.0,0.0,,,,,0.0,0.0,0.0
3810.82,0.0,0.0,,,,,0.0,0.0,0.0
3811.82,0.0,0.0,,,,,0.0,0.0,0.0
3812.82,0.0,0.0,,,,,0.0,0.0,0.0
3813.82,0.0,0.0,,,,,0.0,0.0,0.0
3814.82,0.0,0.0,,,,,0.0,0.0,0.0
3815.82,0.0,0.0,,,,,0.0,0.0,0.0
3816.82,0.0,0.0,,,,,0.0,0.0,0.0
3817.82,0.0,0.0,,,,,0.0,0.0,0.0
3818.82,0.0,0.0,,,,,0.0,0.0,0.0
3819.82,0.0,0.0,,,,,0.0,0.0,0.0
3820.82,0.0,0.0,,,,,0.0,0.0,0.0
3821.82,0.0,0.0,,,,,0.0,0.0,0.0
3822.82,0.0,0.0,,,,,0.0,0.0,0.0
3823.82,0.0,0.0,,,,,0.0,0.0,0.0
3824.82,0.0,0.0,,,,,0.0,0.0,0.0
3825.82,0.0,0.0,,,,,0.0,0.0,0.0
3826.82,0.0,0.0,,,,,0.0,0.0,0.0
3827.82,0.0,0.0,,,,,0.0,0.0,0.0
3828.82,0.0,0.0,,,,,0.0,0.0,0.0
3829.82,0.0,0.0,,,,,0.0,0.0,0.0
3830.82,0.0,0.0,,,,,0.0,0.0,0.0
3831.82,0.0,0.0,,,,,0.0,0.0,0.0
3832.82,0.0,0.0,,,,,0.0,0.0,0.0
3833.82,0.0,0.0,,,,,0.0,0.0,0.0
3834.82,0.0,0.0,,,,,0.0,0.0,0.0
3835.82,0.0,0.0,,,,,0.0,0.0,0.0
3836.82,0.0,0.0,,,,,0.0,0.0,0.0
3837.82,0.0,0.0,,,,,0.0,0.0,0.0
3838.82,0.0,0.0,,,,,0.0,0.0,0.0
3839.82,0.0,0.0,,,,,0.0,0.0,0.0
3840.82,0.0,0.0,,,,,0.0,0.0,0.0
3841.82,0.0,0.0,,,,,0.0,0.0,0.0
3842.82,0.0,0.0,,,,,0.0,0.0,0.0
3843.82,0.0,0.0,,,,,0.0,0.0,0.0
3844.82,0.0,0.0,,,,,0.0,0.0,0.0
3845.82,0.0,0.0,,,,,0.0,0.0,0.0
3846.82,0.0,0.0,,,,,0.0,0.0,0.0
3847.82,0.0,0.0,,,,,0.0,0.0,0.0
3848.82,0.0,0.0,,,,,0.0,0.0,0.0
3849.82,0.0,0.0,,,,,0.0,0.0,0.0
3850.82,0.0,0.0,,,,,0.0,0.0,0.0
3851.82,0.0,0.0,,,,,0.0,0.0,0.0
3852.82,0.0,0.0,,,,,0.0,0.0,0.0
3853.82,0.0,0.0,,,,,0.0,0.0,0.0
3854.82,0.0,0.0,,,,,0.0,0.0,0.0
3855.82,0.0,0.0,,,,,0.0,0.0,0.0
3856.82,0.0,0.0,,,,,0.0,0.0,0.0
3857.83,0.0,0.0,,,,,0.0,0.0,0.0
3858.83,0.0,0.0,,,,,0.0,0.0,0.0
3859.83,0.0,0.0,,,,,0.0,0.0,0.0
3860.83,0.0,0.0,,,,,0.0,0.0,0.0
3861.83,0.0,0.0,,,,,0.0,0.0,0.0
3862.83,0.0,0.0,,,,,0.0,0.0,0.0
3863.83,0.0,0.0,,,,,0.0,0.0,0.0
3864.83,0.0,0.0,,,,,0.0,0.0,0.0
3865.83,0.0,0.0,,,,,0.0,0.0,0.0
3866.83,0.0,0.0,,,,,0.0,0.0,0.0
3867.83,0.0,0.0,,,,,0.0,0.0,0.0
3868.83,0.0,0.0,,,,,0.0,0.0,0.0
3869.83,0.0,0.0,,,,,0.0,0.0,0.0
3870.83,0.0,0.0,,,,,0.0,0.0,0.0
3871.83,0.0,0.0,,,,,0.0,0.0,0.0
3872.83,0.0,0.0,,,,,0.0,0.0,0.0
3873.83,0.0,0.0,,,,,0.0,0.0,0.0
3874.83,0.0,0.0,,,,,0.0,0.0,0.0
3875.83,0.0,0.0,,,,,0.0,0.0,0.0
3876.83,0.0,0.0,,,,,0.0,0.0,0.0
3877.83,0.0,0.0,,,,,0.0,0.0,0.0
3878.83,0.0,0.0,,,,,0.0,0.0,0.0
3879.83,0.0,0.0,,,,,0.0,0.0,0.0
3880.83,0.0,0.0,,,,,0.0,0.0,0.0
3881.83,0.0,0.0,,,,,0.0,0.0,0.0
3882.83,0.0,0.0,,,,,0.0,0.0,0.0
3883.83,0.0,0.0,,,,,0.0,0.0,0.0
3884.83,0.0,0.0,,,,,0.0,0.0,0.0
3885.83,0.0,0.0,,,,,0.0,0.0,0.0
3886.83,0.0,0.0,,,,,0.0,0.0,0.0
3887.83,0.0,0.0,,,,,0.0,0.0,0.0
3888.83,0.0,0.0,,,,,0.0,0.0,0.0
3889.83,0.0,0.0,,,,,0.0,0.0,0.0
3890.83,0.0,0.0,,,,,0.0,0.0,0.0
3891.83,0.0,0.0,,,,,0.0,0.0,0.0
3892.83,0.0,0.0,,,,,0.0,0.0,0.0
3893.83,0.0,0.0,,,,,0.0,0.0,0.0
3894.83,0.0,0.0,,,,,0.0,0.0,0.0
3895.83,0.0,0.0,,,,,0.0,0.0,0.0
3896.83,0.0,0.0,,,,,0.0,0.0,0.0
3897.83,0.0,0.0,,,,,0.0,0.0,0.0
3898.83,0.0,0.0,,,,,0.0,0.0,0.0
3899.83,0.0,0.0,,,,,0.0,0.0,0.0
3900.83,0.0,0.0,,,,,0.0,0.0,0.0
3901.84,0.0,0.0,,,,,0.0,0.0,0.0
3902.84,0.0,0.0,,,,,0.0,0.0,0.0
3903.84,0.0,0.0,,,,,0.0,0.0,0.0
3904.84,0.0,0.0,,,,,0.0,0.0,0.0
3905.84,0.0,0.0,,,,,0.0,0.0,0.0
3906.84,0.0,0.0,,,,,0.0,0.0,0.0
3907.84,0.0,0.0,,,,,0.0,0.0,0.0
3908.84,0.0,0.0,,,,,0.0,0.0,0.0
3909.84,0.0,0.0,,,,,0.0,0.0,0.0
3910.84,0.0,0.0,,,,,0.0,0.0,0.0
3911.84,0.0,0.0,,,,,0.0,0.0,0.0
3912.84,0.0,0.0,,,,,0.0,0.0,0.0
3913.84,0.0,0.0,,,,,0.0,0.0,0.0
3914.84,0.0,0.0,,,,,0.0,0.0,0.0
3915.84,0.0,0.0,,,,,0.0,0.0,0.0
3916.84,0.0,0.0,,,,,0.0,0.0,0.0
3917.84,0.0,0.0,,,,,0.0,0.0,0.0
3918.84,0.0,0.0,,,,,0.0,0.0,0.0
3919.84,0.0,0.0,,,,,0.0,0.0,0.0
3920.84,0.0,0.0,,,,,0.0,0.0,0.0
3921.84,0.0,0.0,,,,,0.0,0.0,0.0
3922.84,0.0,0.0,,,,,0.0,0.0,0.0
3923.84,0.0,0.0,,,,,0.0,0.0,0.0
3924.84,0.0,0.0,,,,,0.0,0.0,0.0
3925.84,0.0,0.0,,,,,0.0,0.0,0.0
3926.84,0.0,0.0,,,,,0.0,0.0,0.0
3927.84,0.0,0.0,,,,,0.0,0.0,0.0
3928.84,0.0,0.0,,,,,0.0,0.0,0.0
3929.84,0.0,0.0,,,,,0.0,0.0,0.0
3930.84,0.0,0.0,,,,,0.0,0.0,0.0
3931.84,0.0,0.0,,,,,0.0,0.0,0.0
3932.84,0.0,0.0,,,,,0.0,0.0,0.0
3933.84,0.0,0.0,,,,,0.0,0.0,0.0
3934.84,0.0,0.0,,,,,0.0,0.0,0.0
3935.84,0.0,0.0,,,,,0.0,0.0,0.0
3936.84,0.0,0.0,,,,,0.0,0.0,0.0
3937.84,0.0,0.0,,,,,0.0,0.0,0.0
3938.84,0.0,0.0,,,,,0.0,0.0,0.0
3939.84,0.0,0.0,,,,,0.0,0.0,0.0
3940.84,0.0,0.0,,,,,0.0,0.0,0.0
3941.84,0.0,0.0,,,,,0.0,0.0,0.0
3942.84,0.0,0.0,,,,,0.0,0.0,0.0
3943.84,0.0,0.0,,,,,0.0,0.0,0.0
3944.84,0.0,0.0,,,,,0.0,0.0,0.0
3945.84,0.0,0.0,,,,,0.0,0.0,0.0
3946.84,0.0,0.0,,,,,0.0,0.0,0.0
3947.84,0.0,0.0,,,,,0.0,0.0,0.0
3948.85,0.0,0.0,,,,,0.0,0.0,0.0
3949.85,0.0,0.0,,,,,0.0,0.0,0.0
3950.85,0.0,0.0,,,,,0.0,0.0,0.0
3951.85,0.0,0.0,,,,,0.0,0.0,0.0
3952.85,0.0,0.0,,,,,0.0,0.0,0.0
3953.85,0.0,0.0,,,,,0.0,0.0,0.0
3954.85,0.0,0.0,,,,,0.0,0.0,0.0
3955.85,0.0,0.0,,,,,0.0,0.0,0.0
3956.85,0.0,0.0,,,,,0.0,0.0,0.0
3957.85,0.0,0.0,,,,,0.0,0.0,0.0
3958.85,0.0,0.0,,,,,0.0,0.0,0.0
3959.85,0.0,0.0,,,,,0.0,0.0,0.0
3960.85,0.0,0.0,,,,,0.0,0.0,0.0
3961.85,0.0,0.0,,,,,0.0,0.0,0.0
3962.85,0.0,0.0,,,,,0.0,0.0,0.0
3963.85,0.0,0.0,,,,,0.0,0.0,0.0
3964.85,0.0,0.0,,,,,0.0,0.0,0.0
3965.85,0.0,0.0,,,,,0.0,0.0,0.0
3966.85,0.0,0.0,,,,,0.0,0.0,0.0
3967.85,0.0,0.0,,,,,0.0,0.0,0.0
3968.85,0.0,0.0,,,,,0.0,0.0,0.0
3969.85,0.0,0.0,,,,,0.0,0.0,0.0
3970.85,0.0,0.0,,,,,0.0,0.0,0.0
3971.85,0.0,0.0,,,,,0.0,0.0,0.0
3972.85,0.0,0.0,,,,,0.0,0.0,0.0
3973.85,0.0,0.0,,,,,0.0,0.0,0.0
3974.85,0.0,0.0,,,,,0.0,0.0,0.0
3975.85,0.0,0.0,,,,,0.0,0.0,0.0
3976.85,0.0,0.0,,,,,0.0,0.0,0.0
3977.85,0.0,0.0,,,,,0.0,0.0,0.0
3978.85,0.0,0.0,,,,,0.0,0.0,0.0
3979.85,0.0,0.0,,,,,0.0,0.0,0.0
3980.85,0.0,0.0,,,,,0.0,0.0,0.0
3981.85,0.0,0.0,,,,,0.0,0.0,0.0
3982.85,0.0,0.0,,,,,0.0,0.0,0.0
3983.85,0.0,0.0,,,,,0.0,0.0,0.0
3984.85,0.0,0.0,,,,,0.0,0.0,0.0
3985.85,0.0,0.0,,,,,0.0,0.0,0.0
3986.85,0.0,0.0,,,,,0.0,0.0,0.0
3987.85,0.0,0.0,,,,,0.0,0.0,0.0
3988.85,0.0,0.0,,,,,0.0,0.0,0.0
3989.85,0.0,0.0,,,,,0.0,0.0,0.0
3990.85,0.0,0.0,,,,,0.0,0.0,0.0
3991.85,0.0,0.0,,,,,0.0,0.0,0.0
3992.85,0.0,0.0,,,,,0.0,0.0,0.0
3993.85,0.0,0.0,,,,,0.0,0.0,0.0
3994.85,0.0,0.0,,,,,0.0,0.0,0.0
3995.86,0.0,0.0,,,,,0.0,0.0,0.0
3996.86,0.0,0.0,,,,,0.0,0.0,0.0
3997.86,0.0,0.0,,,,,0.0,0.0,0.0
3998.86,0.0,0.0,,,,,0.0,0.0,0.0
3999.86,0.0,0.0,,,,,0.0,0.0,0.0
4000.86,0.0,0.0,,,,,0.0,0.0,0.0
4001.86,0.0,0.0,,,,,0.0,0.0,0.0
4002.86,0.0,0.0,,,,,0.0,0.0,0.0
4003.86,0.0,0.0,,,,,0.0,0.0,0.0
4004.86,0.0,0.0,,,,,0.0,0.0,0.0
4005.86,0.0,0.0,,,,,0.0,0.0,0.0
4006.86,0.0,0.0,,,,,0.0,0.0,0.0
4007.86,0.0,0.0,,,,,0.0,0.0,0.0
4008.86,0.0,0.0,,,,,0.0,0.0,0.0
4009.86,0.0,0.0,,,,,0.0,0.0,0.0
4010.86,0.0,0.0,,,,,0.0,0.0,0.0
4011.86,0.0,0.0,,,,,0.0,0.0,0.0
4012.86,0.0,0.0,,,,,0.0,0.0,0.0
4013.86,0.0,0.0,,,,,0.0,0.0,0.0
4014.86,0.0,0.0,,,,,0.0,0.0,0.0
4015.86,0.0,0.0,,,,,0.0,0.0,0.0
4016.86,0.0,0.0,,,,,0.0,0.0,0.0
4017.86,0.0,0.0,,,,,0.0,0.0,0.0
4018.86,0.0,0.0,,,,,0.0,0.0,0.0
4019.86,0.0,0.0,,,,,0.0,0.0,0.0
4020.86,0.0,0.0,,,,,0.0,0.0,0.0
4021.86,0.0,0.0,,,,,0.0,0.0,0.0
4022.86,0.0,0.0,,,,,0.0,0.0,0.0
4023.86,0.0,0.0,,,,,0.0,0.0,0.0
4024.86,0.0,0.0,,,,,0.0,0.0,0.0
4025.86,0.0,0.0,,,,,0.0,0.0,0.0
4026.86,0.0,0.0,,,,,0.0,0.0,0.0
4027.86,0.0,0.0,,,,,0.0,0.0,0.0
4028.86,0.0,0.0,,,,,0.0,0.0,0.0
4029.86,0.0,0.0,,,,,0.0,0.0,0.0
4030.86,0.0,0.0,,,,,0.0,0.0,0.0
4031.86,0.0,0.0,,,,,0.0,0.0,0.0
4032.86,0.0,0.0,,,,,0.0,0.0,0.0
4033.86,0.0,0.0,,,,,0.0,0.0,0.0
4034.86,0.0,0.0,,,,,0.0,0.0,0.0
4035.86,0.0,0.0,,,,,0.0,0.0,0.0
4036.86,0.0,0.0,,,,,0.0,0.0,0.0
4037.86,0.0,0.0,,,,,0.0,0.0,0.0
4038.86,0.0,0.0,,,,,0.0,0.0,0.0
4039.86,0.0,0.0,,,,,0.0,0.0,0.0
4040.86,0.0,0.0,,,,,0.0,0.0,0.0
4041.87,0.0,0.0,,,,,0.0,0.0,0.0
4042.87,0.0,0.0,,,,,0.0,0.0,0.0
4043.87,0.0,0.0,,,,,0.0,0.0,0.0
4044.87,0.0,0.0,,,,,0.0,0.0,0.0
4045.87,0.0,0.0,,,,,0.0,0.0,0.0
4046.87,0.0,0.0,,,,,0.0,0.0,0.0
4047.87,0.0,0.0,,,,,0.0,0.0,0.0
4048.87,0.0,0.0,,,,,0.0,0.0,0.0
4049.87,0.0,0.0,,,,,0.0,0.0,0.0
4050.87,0.0,0.0,,,,,0.0,0.0,0.0
4051.87,0.0,0.0,,,,,0.0,0.0,0.0
4052.87,0.0,0.0,,,,,0.0,0.0,0.0
4053.87,0.0,0.0,,,,,0.0,0.0,0.0
4054.87,0.0,0.0,,,,,0.0,0.0,0.0
4055.87,0.0,0.0,,,,,0.0,0.0,0.0
4056.87,0.0,0.0,,,,,0.0,0.0,0.0
4057.87,0.0,0.0,,,,,0.0,0.0,0.0
4058.87,0.0,0.0,,,,,0.0,0.0,0.0
4059.87,0.0,0.0,,,,,0.0,0.0,0.0
4060.87,0.0,0.0,,,,,0.0,0.0,0.0
4061.87,0.0,0.0,,,,,0.0,0.0,0.0
4062.87,0.0,0.0,,,,,0.0,0.0,0.0
4063.87,0.0,0.0,,,,,0.0,0.0,0.0
4064.87,0.0,0.0,,,,,0.0,0.0,0.0
4065.87,0.0,0.0,,,,,0.0,0.0,0.0
4066.87,0.0,0.0,,,,,0.0,0.0,0.0
4067.87,0.0,0.0,,,,,0.0,0.0,0.0
4068.87,0.0,0.0,,,,,0.0,0.0,0.0
4069.87,0.0,0.0,,,,,0.0,0.0,0.0
4070.87,0.0,0.0,,,,,0.0,0.0,0.0
4071.87,0.0,0.0,,,,,0.0,0.0,0.0
4072.87,0.0,0.0,,,,,0.0,0.0,0.0
4073.87,0.0,0.0,,,,,0.0,0.0,0.0
4074.87,0.0,0.0,,,,,0.0,0.0,0.0
4075.87,0.0,0.0,,,,,0.0,0.0,0.0
4076.87,0.0,0.0,,,,,0.0,0.0,0.0
4077.87,0.0,0.0,,,,,0.0,0.0,0.0
4078.87,0.0,0.0,,,,,0.0,0.0,0.0
4079.87,0.0,0.0,,,,,0.0,0.0,0.0
4080.87,0.0,0.0,,,,,0.0,0.0,0.0
4081.87,0.0,0.0,,,,,0.0,0.0,0.0
4082.87,0.0,0.0,,,,,0.0,0.0,0.0
4083.87,0.0,0.0,,,,,0.0,0.0,0.0
4084.87,0.0,0.0,,,,,0.0,0.0,0.0
4085.87,0.0,0.0,,,,,0.0,0.0,0.0
4086.87,0.0,0.0,,,,,0.0,0.0,0.0
4087.88,0.0,0.0,,,,,0.0,0.0,0.0
4088.88,0.0,0.0,,,,,0.0,0.0,0.0
4089.88,0.0,0.0,,,,,0.0,0.0,0.0
4090.88,0.0,0.0,,,,,0.0,0.0,0.0
4091.88,0.0,0.0,,,,,0.0,0.0,0.0
4092.88,0.0,0.0,,,,,0.0,0.0,0.0
4093.88,0.0,0.0,,,,,0.0,0.0,0.0
4094.88,0.0,0.0,,,,,0.0,0.0,0.0
4095.88,0.0,0.0,,,,,0.0,0.0,0.0
4096.88,0.0,0.0,,,,,0.0,0.0,0.0
4097.88,0.0,0.0,,,,,0.0,0.0,0.0
4098.88,0.0,0.0,,,,,0.0,0.0,0.0
4099.88,0.0,0.0,,,,,0.0,0.0,0.0
4100.88,0.0,0.0,,,,,0.0,0.0,0.0
4101.88,0.0,0.0,,,,,0.0,0.0,0.0
4102.88,0.0,0.0,,,,,0.0,0.0,0.0
4103.88,0.0,0.0,,,,,0.0,0.0,0.0
4104.88,0.0,0.0,,,,,0.0,0.0,0.0
4105.88,0.0,0.0,,,,,0.0,0.0,0.0
4106.88,0.0,0.0,,,,,0.0,0.0,0.0
4107.88,0.0,0.0,,,,,0.0,0.0,0.0
4108.88,0.0,0.0,,,,,0.0,0.0,0.0
4109.88,0.0,0.0,,,,,0.0,0.0,0.0
4110.88,0.0,0.0,,,,,0.0,0.0,0.0
4111.88,0.0,0.0,,,,,0.0,0.0,0.0
4112.88,0.0,0.0,,,,,0.0,0.0,0.0
4113.88,0.0,0.0,,,,,0.0,0.0,0.0
4114.88,0.0,0.0,,,,,0.0,0.0,0.0
4115.88,0.0,0.0,,,,,0.0,0.0,0.0
4116.88,0.0,0.0,,,,,0.0,0.0,0.0
4117.88,0.0,0.0,,,,,0.0,0.0,0.0
4118.88,0.0,0.0,,,,,0.0,0.0,0.0
4119.88,0.0,0.0,,,,,0.0,0.0,0.0
4120.88,0.0,0.0,,,,,0.0,0.0,0.0
