[sft_lora] profile=trn2 (trn2.3xlarge) -- re-exec under torchrun (--nproc_per_node=4, one rank per logical NeuronCore)
[sft_lora] /opt/aws_neuronx_venv_pytorch_2_9/bin/python -m torch.distributed.run --nproc_per_node=4 /opt/np/repo/shared/train/sft_lora.py --tag fullft_tinyllama --device-profile trn2 --nproc-per-node 4 --tensor-parallel-size 4 --out /opt/np/repo/trn2/results/frontier/fullft_tinyllama.json --model TinyLlama/TinyLlama-1.1B-Chat-v1.0 --no-lora --max-steps 50

*****************************************
Setting OMP_NUM_THREADS environment variable for each process to be 1 in default, to avoid your system being overloaded, please further tune the variable for optimal performance in your application as needed. 
*****************************************
/opt/aws_neuronx_venv_pytorch_2_9/lib/python3.12/site-packages/neuronx_distributed/modules/moe/blockwise.py:100: DeprecationWarning: torch_neuronx.nki_jit is deprecated, use nki.jit instead.
  component, error = import_nki(config)
/opt/aws_neuronx_venv_pytorch_2_9/lib/python3.12/site-packages/neuronx_distributed/modules/moe/blockwise.py:102: UserWarning: Warning: Failed to import blockwise_mm_baseline_shard_hidden: No module named 'neuronxcc.nki._private.blockwise_mm'
  warnings.warn(f"Warning: {error}")
/opt/aws_neuronx_venv_pytorch_2_9/lib/python3.12/site-packages/neuronx_distributed/modules/moe/blockwise.py:102: UserWarning: Warning: Failed to import blockwise_mm_bwd: No module named 'neuronxcc.nki._private.blockwise_mm_bwd'
  warnings.warn(f"Warning: {error}")
/opt/aws_neuronx_venv_pytorch_2_9/lib/python3.12/site-packages/neuronx_distributed/modules/moe/blockwise.py:102: UserWarning: Warning: Failed to import blockwise_mm_bwd_baseline_shard_hidden: No module named 'neuronxcc.nki._private.blockwise_mm_bwd'
  warnings.warn(f"Warning: {error}")
/opt/aws_neuronx_venv_pytorch_2_9/lib/python3.12/site-packages/neuronx_distributed/modules/moe/blockwise.py:100: DeprecationWarning: torch_neuronx.nki_jit is deprecated, use nki.jit instead.
  component, error = import_nki(config)
/opt/aws_neuronx_venv_pytorch_2_9/lib/python3.12/site-packages/neuronx_distributed/modules/moe/blockwise.py:102: UserWarning: Warning: Failed to import blockwise_mm_baseline_shard_hidden: No module named 'neuronxcc.nki._private.blockwise_mm'
  warnings.warn(f"Warning: {error}")
/opt/aws_neuronx_venv_pytorch_2_9/lib/python3.12/site-packages/neuronx_distributed/modules/moe/blockwise.py:102: UserWarning: Warning: Failed to import blockwise_mm_bwd: No module named 'neuronxcc.nki._private.blockwise_mm_bwd'
  warnings.warn(f"Warning: {error}")
/opt/aws_neuronx_venv_pytorch_2_9/lib/python3.12/site-packages/neuronx_distributed/modules/moe/blockwise.py:102: UserWarning: Warning: Failed to import blockwise_mm_bwd_baseline_shard_hidden: No module named 'neuronxcc.nki._private.blockwise_mm_bwd'
  warnings.warn(f"Warning: {error}")
/opt/aws_neuronx_venv_pytorch_2_9/lib/python3.12/site-packages/neuronx_distributed/modules/moe/blockwise.py:100: DeprecationWarning: torch_neuronx.nki_jit is deprecated, use nki.jit instead.
  component, error = import_nki(config)
/opt/aws_neuronx_venv_pytorch_2_9/lib/python3.12/site-packages/neuronx_distributed/modules/moe/blockwise.py:100: DeprecationWarning: torch_neuronx.nki_jit is deprecated, use nki.jit instead.
  component, error = import_nki(config)
/opt/aws_neuronx_venv_pytorch_2_9/lib/python3.12/site-packages/neuronx_distributed/modules/moe/blockwise.py:102: UserWarning: Warning: Failed to import blockwise_mm_baseline_shard_hidden: No module named 'neuronxcc.nki._private.blockwise_mm'
  warnings.warn(f"Warning: {error}")
/opt/aws_neuronx_venv_pytorch_2_9/lib/python3.12/site-packages/neuronx_distributed/modules/moe/blockwise.py:102: UserWarning: Warning: Failed to import blockwise_mm_bwd: No module named 'neuronxcc.nki._private.blockwise_mm_bwd'
  warnings.warn(f"Warning: {error}")
/opt/aws_neuronx_venv_pytorch_2_9/lib/python3.12/site-packages/neuronx_distributed/modules/moe/blockwise.py:102: UserWarning: Warning: Failed to import blockwise_mm_bwd_baseline_shard_hidden: No module named 'neuronxcc.nki._private.blockwise_mm_bwd'
  warnings.warn(f"Warning: {error}")
/opt/aws_neuronx_venv_pytorch_2_9/lib/python3.12/site-packages/neuronx_distributed/modules/moe/blockwise.py:102: UserWarning: Warning: Failed to import blockwise_mm_baseline_shard_hidden: No module named 'neuronxcc.nki._private.blockwise_mm'
  warnings.warn(f"Warning: {error}")
/opt/aws_neuronx_venv_pytorch_2_9/lib/python3.12/site-packages/neuronx_distributed/modules/moe/blockwise.py:102: UserWarning: Warning: Failed to import blockwise_mm_bwd: No module named 'neuronxcc.nki._private.blockwise_mm_bwd'
  warnings.warn(f"Warning: {error}")
/opt/aws_neuronx_venv_pytorch_2_9/lib/python3.12/site-packages/neuronx_distributed/modules/moe/blockwise.py:102: UserWarning: Warning: Failed to import blockwise_mm_bwd_baseline_shard_hidden: No module named 'neuronxcc.nki._private.blockwise_mm_bwd'
  warnings.warn(f"Warning: {error}")
2026-Aug-06 04:19:34.315138 31083:31083  WARN   NRT:nrt_config_parse_init_config            Implicit Async using NEURON_RT_ASYNC_EXEC_MAX_INFLIGHT_REQUESTS will not be supported in a future release of the Neuron Runtime. Migrate to using the new Neuron Runtime Async APIs to address the risk of this future breaking change. https://awsdocs-neuron.readthedocs-hosted.com/en/latest/neuron-runtime/api/nrt-async-api-overview.html
2026-Aug-06 04:19:34.341753 31082:31082  WARN   NRT:nrt_config_parse_init_config            Implicit Async using NEURON_RT_ASYNC_EXEC_MAX_INFLIGHT_REQUESTS will not be supported in a future release of the Neuron Runtime. Migrate to using the new Neuron Runtime Async APIs to address the risk of this future breaking change. https://awsdocs-neuron.readthedocs-hosted.com/en/latest/neuron-runtime/api/nrt-async-api-overview.html
2026-Aug-06 04:19:34.355947 31085:31085  WARN   NRT:nrt_config_parse_init_config            Implicit Async using NEURON_RT_ASYNC_EXEC_MAX_INFLIGHT_REQUESTS will not be supported in a future release of the Neuron Runtime. Migrate to using the new Neuron Runtime Async APIs to address the risk of this future breaking change. https://awsdocs-neuron.readthedocs-hosted.com/en/latest/neuron-runtime/api/nrt-async-api-overview.html
2026-Aug-06 04:19:34.356714 31084:31084  WARN   NRT:nrt_config_parse_init_config            Implicit Async using NEURON_RT_ASYNC_EXEC_MAX_INFLIGHT_REQUESTS will not be supported in a future release of the Neuron Runtime. Migrate to using the new Neuron Runtime Async APIs to address the risk of this future breaking change. https://awsdocs-neuron.readthedocs-hosted.com/en/latest/neuron-runtime/api/nrt-async-api-overview.html
2026-Aug-06 04:19:39.0295 31083:31106 [1] int nccl_net_ofi_create_plugin(nccl_net_ofi_plugin_t**):273 CCOM WARN NET/OFI Failed to initialize rdma protocol
2026-Aug-06 04:19:39.0298 31083:31106 [1] int nccl_net_ofi_create_plugin(nccl_net_ofi_plugin_t**):416 CCOM WARN NET/OFI aws-ofi-nccl initialization failed
2026-Aug-06 04:19:39.0300 31083:31106 [1] ncclResult_t nccl_net_ofi_init(ncclDebugLogger_t):78 CCOM WARN NET/OFI Initializing plugin failed
2026-Aug-06 04:19:39.0303 31083:31106 [1] net_plugin.cc:104 CCOM WARN OFI plugin initNet() failed is EFA enabled?
2026-Aug-06 04:19:49.0753 31085:31192 [3] int nccl_net_ofi_create_plugin(nccl_net_ofi_plugin_t**):273 CCOM WARN NET/OFI Failed to initialize rdma protocol
2026-Aug-06 04:19:49.0756 31085:31192 [3] int nccl_net_ofi_create_plugin(nccl_net_ofi_plugin_t**):416 CCOM WARN NET/OFI aws-ofi-nccl initialization failed
2026-Aug-06 04:19:49.0758 31085:31192 [3] ncclResult_t nccl_net_ofi_init(ncclDebugLogger_t):78 CCOM WARN NET/OFI Initializing plugin failed
2026-Aug-06 04:19:49.0761 31085:31192 [3] net_plugin.cc:104 CCOM WARN OFI plugin initNet() failed is EFA enabled?
2026-Aug-06 04:19:49.0767 31082:31149 [0] int nccl_net_ofi_create_plugin(nccl_net_ofi_plugin_t**):273 CCOM WARN NET/OFI Failed to initialize rdma protocol
2026-Aug-06 04:19:49.0769 31082:31149 [0] int nccl_net_ofi_create_plugin(nccl_net_ofi_plugin_t**):416 CCOM WARN NET/OFI aws-ofi-nccl initialization failed
2026-Aug-06 04:19:49.0771 31084:31221 [2] int nccl_net_ofi_create_plugin(nccl_net_ofi_plugin_t**):273 CCOM WARN NET/OFI Failed to initialize rdma protocol
2026-Aug-06 04:19:49.0771 31082:31149 [0] ncclResult_t nccl_net_ofi_init(ncclDebugLogger_t):78 CCOM WARN NET/OFI Initializing plugin failed
2026-Aug-06 04:19:49.0773 31084:31221 [2] int nccl_net_ofi_create_plugin(nccl_net_ofi_plugin_t**):416 CCOM WARN NET/OFI aws-ofi-nccl initialization failed
2026-Aug-06 04:19:49.0775 31082:31149 [0] net_plugin.cc:104 CCOM WARN OFI plugin initNet() failed is EFA enabled?
2026-Aug-06 04:19:49.0777 31084:31221 [2] ncclResult_t nccl_net_ofi_init(ncclDebugLogger_t):78 CCOM WARN NET/OFI Initializing plugin failed
2026-Aug-06 04:19:49.0782 31084:31221 [2] net_plugin.cc:104 CCOM WARN OFI plugin initNet() failed is EFA enabled?
[2026-08-06 04:19:49.952: I neuronx_distributed/parallel_layers/parallel_state.py:638] > initializing tensor model parallel with size 4
[2026-08-06 04:19:49.952: I neuronx_distributed/parallel_layers/parallel_state.py:639] > initializing pipeline model parallel with size 1
[2026-08-06 04:19:49.952: I neuronx_distributed/parallel_layers/parallel_state.py:640] > initializing context model parallel with size 1
[2026-08-06 04:19:49.952: I neuronx_distributed/parallel_layers/parallel_state.py:641] > initializing data parallel with size 1
[2026-08-06 04:19:49.952: I neuronx_distributed/parallel_layers/parallel_state.py:642] > initializing world size to 4
2026-08-06 04:19:49.000961:  31084  [INFO]: Using a cached neff at /opt/np/cache/neuron-compile-cache/neuronxcc-2.26.6360.0+6f180f47/MODULE_2556595869895110040+bad9cf09/model.neff
2026-08-06 04:19:49.000962:  31082  [INFO]: Using a cached neff at /opt/np/cache/neuron-compile-cache/neuronxcc-2.26.6360.0+6f180f47/MODULE_2556595869895110040+bad9cf09/model.neff
2026-08-06 04:19:49.000963:  31085  [INFO]: Using a cached neff at /opt/np/cache/neuron-compile-cache/neuronxcc-2.26.6360.0+6f180f47/MODULE_2556595869895110040+bad9cf09/model.neff
2026-08-06 04:19:49.000963:  31083  [INFO]: Using a cached neff at /opt/np/cache/neuron-compile-cache/neuronxcc-2.26.6360.0+6f180f47/MODULE_2556595869895110040+bad9cf09/model.neff
PyTorch: setting up devices
[2026-08-06 04:19:49.979: I neuronx_distributed/parallel_layers/parallel_state.py:387] [rank_0_pp-1_tp-1_dp-1_cp-1] Chosen Logic for replica groups ret_logic=<PG_Group_Logic.LOGIC1: (<function ascending_ring_PG_group at 0x7ab3bb927e20>, 'Ascending Ring PG Group')>
[2026-08-06 04:19:49.980: I neuronx_distributed/parallel_layers/parallel_state.py:666] [rank_0_pp-1_tp-1_dp-1_cp-1] tp_groups: replica_groups.tp_groups=[[0, 1, 2, 3]]
[2026-08-06 04:19:49.980: I neuronx_distributed/parallel_layers/parallel_state.py:667] [rank_0_pp-1_tp-1_dp-1_cp-1] dp_groups: replica_groups.dp_groups=[[0], [1], [2], [3]]
[2026-08-06 04:19:49.980: I neuronx_distributed/parallel_layers/parallel_state.py:668] [rank_0_pp-1_tp-1_dp-1_cp-1] pp_groups: replica_groups.pp_groups=[[0], [1], [2], [3]]
[2026-08-06 04:19:49.980: I neuronx_distributed/parallel_layers/parallel_state.py:669] [rank_0_pp-1_tp-1_dp-1_cp-1] cp_groups: replica_groups.cp_groups=[[0], [1], [2], [3]]
[2026-08-06 04:19:49.980: I neuronx_distributed/parallel_layers/parallel_state.py:670] [rank_0_pp-1_tp-1_dp-1_cp-1] ep_model_groups: replica_groups.ep_model_groups=[[0], [1], [2], [3]]
[2026-08-06 04:19:49.980: I neuronx_distributed/parallel_layers/parallel_state.py:671] [rank_0_pp-1_tp-1_dp-1_cp-1] ep_data_groups: replica_groups.ep_data_groups=[[0], [1], [2], [3]]
PyTorch: setting up devices
PyTorch: setting up devices
PyTorch: setting up devices
/opt/aws_neuronx_venv_pytorch_2_9/lib/python3.12/site-packages/optimum/neuron/models/inference/llama/modeling_llama.py:33: DeprecationWarning: torch_neuronx.nki_jit is deprecated, use nki.jit instead.
  from ..backend.modules.attention.attention_base import NeuronAttentionBase
/opt/aws_neuronx_venv_pytorch_2_9/lib/python3.12/site-packages/optimum/neuron/models/inference/llama/modeling_llama.py:33: DeprecationWarning: torch_neuronx.nki_jit is deprecated, use nki.jit instead.
  from ..backend.modules.attention.attention_base import NeuronAttentionBase
/opt/aws_neuronx_venv_pytorch_2_9/lib/python3.12/site-packages/optimum/neuron/models/inference/llama/modeling_llama.py:33: DeprecationWarning: torch_neuronx.nki_jit is deprecated, use nki.jit instead.
  from ..backend.modules.attention.attention_base import NeuronAttentionBase
/opt/aws_neuronx_venv_pytorch_2_9/lib/python3.12/site-packages/optimum/neuron/models/inference/llama/modeling_llama.py:33: DeprecationWarning: torch_neuronx.nki_jit is deprecated, use nki.jit instead.
  from ..backend.modules.attention.attention_base import NeuronAttentionBase
loading weights file model.safetensors from cache at /opt/np/models/hf/hub/models--TinyLlama--TinyLlama-1.1B-Chat-v1.0/snapshots/fe8a4ea1ffedaf415f4da2f062534de366a451e6/model.safetensors
loading weights file model.safetensors from cache at /opt/np/models/hf/hub/models--TinyLlama--TinyLlama-1.1B-Chat-v1.0/snapshots/fe8a4ea1ffedaf415f4da2f062534de366a451e6/model.safetensors
loading weights file model.safetensors from cache at /opt/np/models/hf/hub/models--TinyLlama--TinyLlama-1.1B-Chat-v1.0/snapshots/fe8a4ea1ffedaf415f4da2f062534de366a451e6/model.safetensors
loading weights file model.safetensors from cache at /opt/np/models/hf/hub/models--TinyLlama--TinyLlama-1.1B-Chat-v1.0/snapshots/fe8a4ea1ffedaf415f4da2f062534de366a451e6/model.safetensors
All model checkpoint weights were used when initializing LlamaForCausalLM.

All the weights of LlamaForCausalLM were initialized from the model checkpoint at TinyLlama/TinyLlama-1.1B-Chat-v1.0.
If your task is similar to the task the model of the checkpoint was trained on, you can already use LlamaForCausalLM for predictions without further training.
All model checkpoint weights were used when initializing LlamaForCausalLM.

All the weights of LlamaForCausalLM were initialized from the model checkpoint at TinyLlama/TinyLlama-1.1B-Chat-v1.0.
If your task is similar to the task the model of the checkpoint was trained on, you can already use LlamaForCausalLM for predictions without further training.
All model checkpoint weights were used when initializing LlamaForCausalLM.

All the weights of LlamaForCausalLM were initialized from the model checkpoint at TinyLlama/TinyLlama-1.1B-Chat-v1.0.
If your task is similar to the task the model of the checkpoint was trained on, you can already use LlamaForCausalLM for predictions without further training.
All model checkpoint weights were used when initializing LlamaForCausalLM.

All the weights of LlamaForCausalLM were initialized from the model checkpoint at TinyLlama/TinyLlama-1.1B-Chat-v1.0.
If your task is similar to the task the model of the checkpoint was trained on, you can already use LlamaForCausalLM for predictions without further training.
/opt/np/repo/shared/train/sft_lora.py:1524: DeprecationWarning: Use torch_xla.device instead
  device=xm.xla_device())
/opt/np/repo/shared/train/sft_lora.py:1524: DeprecationWarning: Use torch_xla.device instead
  device=xm.xla_device())
/opt/np/repo/shared/train/sft_lora.py:1524: DeprecationWarning: Use torch_xla.device instead
  device=xm.xla_device())
/opt/np/repo/shared/train/sft_lora.py:1526: DeprecationWarning: Use torch_xla.sync instead
  xm.mark_step()
/opt/np/repo/shared/train/sft_lora.py:1524: DeprecationWarning: Use torch_xla.device instead
  device=xm.xla_device())
/opt/np/repo/shared/train/sft_lora.py:1526: DeprecationWarning: Use torch_xla.sync instead
  xm.mark_step()
/opt/np/repo/shared/train/sft_lora.py:1526: DeprecationWarning: Use torch_xla.sync instead
  xm.mark_step()
/opt/np/repo/shared/train/sft_lora.py:1526: DeprecationWarning: Use torch_xla.sync instead
  xm.mark_step()
2026-08-06 04:19:55.000915:  31084  [INFO]: Using a cached neff at /opt/np/cache/neuron-compile-cache/neuronxcc-2.26.6360.0+6f180f47/MODULE_9649001246898128823+bad9cf09/model.neff
2026-08-06 04:19:55.000915:  31085  [INFO]: Using a cached neff at /opt/np/cache/neuron-compile-cache/neuronxcc-2.26.6360.0+6f180f47/MODULE_9649001246898128823+bad9cf09/model.neff
2026-08-06 04:19:55.000916:  31082  [INFO]: Using a cached neff at /opt/np/cache/neuron-compile-cache/neuronxcc-2.26.6360.0+6f180f47/MODULE_9649001246898128823+bad9cf09/model.neff
2026-08-06 04:19:55.000916:  31083  [INFO]: Using a cached neff at /opt/np/cache/neuron-compile-cache/neuronxcc-2.26.6360.0+6f180f47/MODULE_9649001246898128823+bad9cf09/model.neff
2026-08-06 04:19:55.000935:  31085  [INFO]: Using a cached neff at /opt/np/cache/neuron-compile-cache/neuronxcc-2.26.6360.0+6f180f47/MODULE_5910081988821344222+bad9cf09/model.neff
2026-08-06 04:19:55.000936:  31084  [INFO]: Using a cached neff at /opt/np/cache/neuron-compile-cache/neuronxcc-2.26.6360.0+6f180f47/MODULE_5910081988821344222+bad9cf09/model.neff
2026-08-06 04:19:55.000937:  31083  [INFO]: Using a cached neff at /opt/np/cache/neuron-compile-cache/neuronxcc-2.26.6360.0+6f180f47/MODULE_5910081988821344222+bad9cf09/model.neff
2026-08-06 04:19:55.000937:  31082  [INFO]: Using a cached neff at /opt/np/cache/neuron-compile-cache/neuronxcc-2.26.6360.0+6f180f47/MODULE_5910081988821344222+bad9cf09/model.neff
2026-08-06 04:19:55.000959:  31085  [INFO]: Using a cached neff at /opt/np/cache/neuron-compile-cache/neuronxcc-2.26.6360.0+6f180f47/MODULE_3161001932274081555+bad9cf09/model.neff
2026-08-06 04:19:55.000960:  31084  [INFO]: Using a cached neff at /opt/np/cache/neuron-compile-cache/neuronxcc-2.26.6360.0+6f180f47/MODULE_3161001932274081555+bad9cf09/model.neff
2026-08-06 04:19:55.000961:  31083  [INFO]: Using a cached neff at /opt/np/cache/neuron-compile-cache/neuronxcc-2.26.6360.0+6f180f47/MODULE_3161001932274081555+bad9cf09/model.neff
2026-08-06 04:19:55.000961:  31082  [INFO]: Using a cached neff at /opt/np/cache/neuron-compile-cache/neuronxcc-2.26.6360.0+6f180f47/MODULE_3161001932274081555+bad9cf09/model.neff
PyTorch: setting up devices
`even_batches` in `AcceleratorConfig` is not supported in NeuronTrainer and will be ignored. Make sure that your dataset size is divisible by the train batch size x gradient accumulation steps x data parallel size.
`use_seedable_sampler` in `AcceleratorConfig` is not supported in NeuronTrainer and will be ignored.
max_steps is given, it will override any value given in num_train_epochs
  full fine-tune     : LoRA disabled, every weight trains (dense 6N accounting)
  grad ckpt shim     : module globals ['modeling_utils', 'modeling_llama', 'modeling_granite']; 0 bound funcs wrapped
  WARNING: post-PEFT recount looks degenerate (trainable=1,100,324,864/1,100,324,864); MFU will be reported as null rather than from a bad count

==============================================================================
  LoRA SFT on Trainium            tag=fullft_tinyllama
==============================================================================
  model              : TinyLlama/TinyLlama-1.1B-Chat-v1.0
  params total       : 1,100,324,864  (rank-local shard 275,081,216; via xla_all_reduce)
  params trainable   : unknown (degenerate recount; MFU nulled)
  grad checkpointing : True
  parallelism        : world=4 tp=4 dp=1 pp=1
  lora               : r=16 alpha=32 dropout=0.05
  lora targets       : q_proj,k_proj,v_proj,o_proj,gate_proj,up_proj,down_proj
  seq_len            : 2048  (packing=True, attn=flash_attention_2)
  batch              : micro=1 grad_accum=8 -> 16,384 tok/optimizer step
  schedule           : epochs=3 max_steps=50 lr=0.0001
  seed               : 42
  dataset            : databricks/databricks-dolly-15k
  neuron cache       : /opt/np/cache/neuron-compile-cache
  adapter out        : /opt/np/models/adapters/fullft_tinyllama
  versions           : torch=2.9.1 optimum-neuron=0.4.3 neuronx-cc=2.26.6360.0+6f180f47
==============================================================================

Pipeline parallelsim: forcing the dataloader to drop the last incomplete batch because it can cause failure if the last batch size is not divisible by the number of microbatches for the pipeline.
WARNING:root:Not saving master weights may have accuracy issues when resuming training!
WARNING:root:Not saving master weights may have accuracy issues when resuming training!
WARNING:root:Not saving master weights may have accuracy issues when resuming training!
WARNING:root:Not saving master weights may have accuracy issues when resuming training!
***** Running training *****
  Num examples = 1,950
  Num Epochs = 1
  Data Parallel Size: 1
  Tensor Parallel Size: 4
  Pipeline Parallel Size: 1
  Instantaneous batch size per data parallel rank = 1
  Gradient Accumulation steps = 8
  Total train batch size (w. parallel, distributed & accumulation) = 8
  Total optimization steps = 50
  Num trainable parameters = 1,100,048,384
2026-08-06 04:20:00.000779:  31082  [INFO]: Using a cached neff at /opt/np/cache/neuron-compile-cache/neuronxcc-2.26.6360.0+6f180f47/MODULE_15029468781590526145+bad9cf09/model.neff
/opt/aws_neuronx_venv_pytorch_2_9/lib/python3.12/site-packages/neuronx_distributed/parallel_layers/layers.py:531: FutureWarning: `torch.cuda.amp.autocast(args...)` is deprecated. Please use `torch.amp.autocast('cuda', args...)` instead.
  with torch.cuda.amp.autocast(enabled=False):
Neuron NKI - Kernel call: flash_fwd(q = Tensor(shape: (1, 8, 64, 2048), dtype: bfloat16), k = Tensor(shape: (1, 8, 64, 2048), dtype: bfloat16), v = Tensor(shape: (1, 8, 64, 2048), dtype: bfloat16), seed = None, logit_bias = None, softmax_scale = 0.125, use_causal_mask = True, sliding_window = -1, mixed_precision = True, dropout_p = 0.0, config = FlashConfig(seq_tile_size=2048, attn_core_tile_size=256, training=True, should_transpose_v=True, lse_dtype=''))
/opt/aws_neuronx_venv_pytorch_2_9/lib/python3.12/site-packages/optimum/neuron/models/training/llama/modeling_llama.py:496: DeprecationWarning: Block dimension is deprecated. The leading dimension of SBUF tensor must be partition dimension
  attn_output = nki_flash_attn_func(
/opt/aws_neuronx_venv_pytorch_2_9/lib/python3.12/site-packages/optimum/neuron/models/training/llama/modeling_llama.py:496: DeprecationWarning: Block dimension is deprecated. The leading dimension of SBUF tensor must be partition dimension
  attn_output = nki_flash_attn_func(
2026-08-06 04:20:00.000815:  31085  [INFO]: Using a cached neff at /opt/np/cache/neuron-compile-cache/neuronxcc-2.26.6360.0+6f180f47/MODULE_15029468781590526145+bad9cf09/model.neff
2026-08-06 04:20:00.000829:  31083  [INFO]: Using a cached neff at /opt/np/cache/neuron-compile-cache/neuronxcc-2.26.6360.0+6f180f47/MODULE_15029468781590526145+bad9cf09/model.neff
/opt/aws_neuronx_venv_pytorch_2_9/lib/python3.12/site-packages/neuronx_distributed/parallel_layers/layers.py:531: FutureWarning: `torch.cuda.amp.autocast(args...)` is deprecated. Please use `torch.amp.autocast('cuda', args...)` instead.
  with torch.cuda.amp.autocast(enabled=False):
2026-08-06 04:20:00.000837:  31084  [INFO]: Using a cached neff at /opt/np/cache/neuron-compile-cache/neuronxcc-2.26.6360.0+6f180f47/MODULE_15029468781590526145+bad9cf09/model.neff
Neuron NKI - Kernel call: flash_fwd(q = Tensor(shape: (1, 8, 64, 2048), dtype: bfloat16), k = Tensor(shape: (1, 8, 64, 2048), dtype: bfloat16), v = Tensor(shape: (1, 8, 64, 2048), dtype: bfloat16), seed = None, logit_bias = None, softmax_scale = 0.125, use_causal_mask = True, sliding_window = -1, mixed_precision = True, dropout_p = 0.0, config = FlashConfig(seq_tile_size=2048, attn_core_tile_size=256, training=True, should_transpose_v=True, lse_dtype=''))
/opt/aws_neuronx_venv_pytorch_2_9/lib/python3.12/site-packages/optimum/neuron/models/training/llama/modeling_llama.py:496: DeprecationWarning: Block dimension is deprecated. The leading dimension of SBUF tensor must be partition dimension
  attn_output = nki_flash_attn_func(
/opt/aws_neuronx_venv_pytorch_2_9/lib/python3.12/site-packages/optimum/neuron/models/training/llama/modeling_llama.py:496: DeprecationWarning: Block dimension is deprecated. The leading dimension of SBUF tensor must be partition dimension
  attn_output = nki_flash_attn_func(
/opt/aws_neuronx_venv_pytorch_2_9/lib/python3.12/site-packages/neuronx_distributed/parallel_layers/layers.py:531: FutureWarning: `torch.cuda.amp.autocast(args...)` is deprecated. Please use `torch.amp.autocast('cuda', args...)` instead.
  with torch.cuda.amp.autocast(enabled=False):
Neuron NKI - Kernel call: flash_fwd(q = Tensor(shape: (1, 8, 64, 2048), dtype: bfloat16), k = Tensor(shape: (1, 8, 64, 2048), dtype: bfloat16), v = Tensor(shape: (1, 8, 64, 2048), dtype: bfloat16), seed = None, logit_bias = None, softmax_scale = 0.125, use_causal_mask = True, sliding_window = -1, mixed_precision = True, dropout_p = 0.0, config = FlashConfig(seq_tile_size=2048, attn_core_tile_size=256, training=True, should_transpose_v=True, lse_dtype=''))
/opt/aws_neuronx_venv_pytorch_2_9/lib/python3.12/site-packages/neuronx_distributed/parallel_layers/layers.py:531: FutureWarning: `torch.cuda.amp.autocast(args...)` is deprecated. Please use `torch.amp.autocast('cuda', args...)` instead.
  with torch.cuda.amp.autocast(enabled=False):
/opt/aws_neuronx_venv_pytorch_2_9/lib/python3.12/site-packages/torch/utils/checkpoint.py:85: UserWarning: None of the inputs have requires_grad=True. Gradients will be None
  warnings.warn(
/opt/aws_neuronx_venv_pytorch_2_9/lib/python3.12/site-packages/optimum/neuron/models/training/llama/modeling_llama.py:496: DeprecationWarning: Block dimension is deprecated. The leading dimension of SBUF tensor must be partition dimension
  attn_output = nki_flash_attn_func(
/opt/aws_neuronx_venv_pytorch_2_9/lib/python3.12/site-packages/optimum/neuron/models/training/llama/modeling_llama.py:496: DeprecationWarning: Block dimension is deprecated. The leading dimension of SBUF tensor must be partition dimension
  attn_output = nki_flash_attn_func(
/opt/aws_neuronx_venv_pytorch_2_9/lib/python3.12/site-packages/neuronx_distributed/parallel_layers/layers.py:531: FutureWarning: `torch.cuda.amp.autocast(args...)` is deprecated. Please use `torch.amp.autocast('cuda', args...)` instead.
  with torch.cuda.amp.autocast(enabled=False):
Neuron NKI - Kernel call: flash_fwd(q = Tensor(shape: (1, 8, 64, 2048), dtype: bfloat16), k = Tensor(shape: (1, 8, 64, 2048), dtype: bfloat16), v = Tensor(shape: (1, 8, 64, 2048), dtype: bfloat16), seed = None, logit_bias = None, softmax_scale = 0.125, use_causal_mask = True, sliding_window = -1, mixed_precision = True, dropout_p = 0.0, config = FlashConfig(seq_tile_size=2048, attn_core_tile_size=256, training=True, should_transpose_v=True, lse_dtype=''))
/opt/aws_neuronx_venv_pytorch_2_9/lib/python3.12/site-packages/optimum/neuron/models/training/llama/modeling_llama.py:496: DeprecationWarning: Block dimension is deprecated. The leading dimension of SBUF tensor must be partition dimension
  attn_output = nki_flash_attn_func(
/opt/aws_neuronx_venv_pytorch_2_9/lib/python3.12/site-packages/optimum/neuron/models/training/llama/modeling_llama.py:496: DeprecationWarning: Block dimension is deprecated. The leading dimension of SBUF tensor must be partition dimension
  attn_output = nki_flash_attn_func(
/opt/aws_neuronx_venv_pytorch_2_9/lib/python3.12/site-packages/neuronx_distributed/parallel_layers/layers.py:531: FutureWarning: `torch.cuda.amp.autocast(args...)` is deprecated. Please use `torch.amp.autocast('cuda', args...)` instead.
  with torch.cuda.amp.autocast(enabled=False):
/opt/aws_neuronx_venv_pytorch_2_9/lib/python3.12/site-packages/torch/utils/checkpoint.py:85: UserWarning: None of the inputs have requires_grad=True. Gradients will be None
  warnings.warn(
/opt/aws_neuronx_venv_pytorch_2_9/lib/python3.12/site-packages/neuronx_distributed/parallel_layers/layers.py:531: FutureWarning: `torch.cuda.amp.autocast(args...)` is deprecated. Please use `torch.amp.autocast('cuda', args...)` instead.
  with torch.cuda.amp.autocast(enabled=False):
/opt/aws_neuronx_venv_pytorch_2_9/lib/python3.12/site-packages/torch/utils/checkpoint.py:85: UserWarning: None of the inputs have requires_grad=True. Gradients will be None
  warnings.warn(
/opt/aws_neuronx_venv_pytorch_2_9/lib/python3.12/site-packages/neuronx_distributed/parallel_layers/layers.py:531: FutureWarning: `torch.cuda.amp.autocast(args...)` is deprecated. Please use `torch.amp.autocast('cuda', args...)` instead.
  with torch.cuda.amp.autocast(enabled=False):
/opt/aws_neuronx_venv_pytorch_2_9/lib/python3.12/site-packages/torch/utils/checkpoint.py:85: UserWarning: None of the inputs have requires_grad=True. Gradients will be None
  warnings.warn(
Neuron NKI - Kernel call: flash_attn_bwd(q_ref = Tensor(shape: (1, 8, 64, 2048), dtype: bfloat16), k_ref = Tensor(shape: (1, 8, 64, 2048), dtype: bfloat16), v_ref = Tensor(shape: (1, 8, 64, 2048), dtype: bfloat16), o_ref = Tensor(shape: (1, 8, 64, 2048), dtype: bfloat16), dy_ref = Tensor(shape: (1, 8, 64, 2048), dtype: bfloat16), lse_ref = Tensor(shape: (1, 8, 128, 16), dtype: float32), seed_ref = None, logit_bias_ref = None, use_causal_mask = True, mixed_precision = True, dropout_p = 0.0, softmax_scale = 0.125, sliding_window = -1, sinks = None)
Neuron NKI - Kernel call: flash_attn_bwd(q_ref = Tensor(shape: (1, 8, 64, 2048), dtype: bfloat16), k_ref = Tensor(shape: (1, 8, 64, 2048), dtype: bfloat16), v_ref = Tensor(shape: (1, 8, 64, 2048), dtype: bfloat16), o_ref = Tensor(shape: (1, 8, 64, 2048), dtype: bfloat16), dy_ref = Tensor(shape: (1, 8, 64, 2048), dtype: bfloat16), lse_ref = Tensor(shape: (1, 8, 128, 16), dtype: float32), seed_ref = None, logit_bias_ref = None, use_causal_mask = True, mixed_precision = True, dropout_p = 0.0, softmax_scale = 0.125, sliding_window = -1, sinks = None)
Neuron NKI - Kernel call: flash_attn_bwd(q_ref = Tensor(shape: (1, 8, 64, 2048), dtype: bfloat16), k_ref = Tensor(shape: (1, 8, 64, 2048), dtype: bfloat16), v_ref = Tensor(shape: (1, 8, 64, 2048), dtype: bfloat16), o_ref = Tensor(shape: (1, 8, 64, 2048), dtype: bfloat16), dy_ref = Tensor(shape: (1, 8, 64, 2048), dtype: bfloat16), lse_ref = Tensor(shape: (1, 8, 128, 16), dtype: float32), seed_ref = None, logit_bias_ref = None, use_causal_mask = True, mixed_precision = True, dropout_p = 0.0, softmax_scale = 0.125, sliding_window = -1, sinks = None)
Neuron NKI - Kernel call: flash_attn_bwd(q_ref = Tensor(shape: (1, 8, 64, 2048), dtype: bfloat16), k_ref = Tensor(shape: (1, 8, 64, 2048), dtype: bfloat16), v_ref = Tensor(shape: (1, 8, 64, 2048), dtype: bfloat16), o_ref = Tensor(shape: (1, 8, 64, 2048), dtype: bfloat16), dy_ref = Tensor(shape: (1, 8, 64, 2048), dtype: bfloat16), lse_ref = Tensor(shape: (1, 8, 128, 16), dtype: float32), seed_ref = None, logit_bias_ref = None, use_causal_mask = True, mixed_precision = True, dropout_p = 0.0, softmax_scale = 0.125, sliding_window = -1, sinks = None)
neuronxcc-2.26.6360.0+6f180f47/MODULE_3242205258667662991+bad9cf09/model.done not found in aws-neuron/optimum-neuron-cache: the corresponding graph will be recompiled. This may take up to one hour for large models.
neuronxcc-2.26.6360.0+6f180f47/MODULE_3242205258667662991+bad9cf09/model.done not found in aws-neuron/optimum-neuron-cache: the corresponding graph will be recompiled. This may take up to one hour for large models.
neuronxcc-2.26.6360.0+6f180f47/MODULE_3242205258667662991+bad9cf09/model.log not found in aws-neuron/optimum-neuron-cache: the corresponding graph will be recompiled. This may take up to one hour for large models.
.........
Compiler status PASS
2026-08-06 04:21:00.000845:  31082  [INFO]: Compilation Successfully Completed for model.MODULE_3242205258667662991+bad9cf09.hlo_module.pb

Compiler status PASS
2026-08-06 04:21:01.000043:  31085  [INFO]: Compilation Successfully Completed for model.MODULE_17307099298699779526+bad9cf09.hlo_module.pb

Compiler status PASS
2026-08-06 04:21:01.000529:  31083  [INFO]: Compilation Successfully Completed for model.MODULE_12105000153693837704+bad9cf09.hlo_module.pb
/opt/aws_neuronx_venv_pytorch_2_9/lib/python3.12/site-packages/neuronx_distributed/parallel_layers/layers.py:531: FutureWarning: `torch.cuda.amp.autocast(args...)` is deprecated. Please use `torch.amp.autocast('cuda', args...)` instead.
  with torch.cuda.amp.autocast(enabled=False):
/opt/aws_neuronx_venv_pytorch_2_9/lib/python3.12/site-packages/torch/utils/checkpoint.py:85: UserWarning: None of the inputs have requires_grad=True. Gradients will be None
  warnings.warn(
/opt/aws_neuronx_venv_pytorch_2_9/lib/python3.12/site-packages/neuronx_distributed/parallel_layers/layers.py:531: FutureWarning: `torch.cuda.amp.autocast(args...)` is deprecated. Please use `torch.amp.autocast('cuda', args...)` instead.
  with torch.cuda.amp.autocast(enabled=False):
/opt/aws_neuronx_venv_pytorch_2_9/lib/python3.12/site-packages/torch/utils/checkpoint.py:85: UserWarning: None of the inputs have requires_grad=True. Gradients will be None
  warnings.warn(
2026-08-06 04:21:03.000014:  31084  [INFO]: Another process must be compiling /opt/np/cache/neuron-compile-cache/neuronxcc-2.26.6360.0+6f180f47/MODULE_17307099298699779526+bad9cf09/model.hlo_module.pb, been waiting for: 1.0 minutes
2026-08-06 04:21:03.000061:  31084  [INFO]: Using a cached neff at /opt/np/cache/neuron-compile-cache/neuronxcc-2.26.6360.0+6f180f47/MODULE_17307099298699779526+bad9cf09/model.neff
/opt/aws_neuronx_venv_pytorch_2_9/lib/python3.12/site-packages/neuronx_distributed/parallel_layers/layers.py:531: FutureWarning: `torch.cuda.amp.autocast(args...)` is deprecated. Please use `torch.amp.autocast('cuda', args...)` instead.
  with torch.cuda.amp.autocast(enabled=False):
/opt/aws_neuronx_venv_pytorch_2_9/lib/python3.12/site-packages/torch/utils/checkpoint.py:85: UserWarning: None of the inputs have requires_grad=True. Gradients will be None
  warnings.warn(
neuronxcc-2.26.6360.0+6f180f47/MODULE_2349751823017474589+bad9cf09/model.done not found in aws-neuron/optimum-neuron-cache: the corresponding graph will be recompiled. This may take up to one hour for large models.
neuronxcc-2.26.6360.0+6f180f47/MODULE_2349751823017474589+bad9cf09/model.done not found in aws-neuron/optimum-neuron-cache: the corresponding graph will be recompiled. This may take up to one hour for large models.
neuronxcc-2.26.6360.0+6f180f47/MODULE_2349751823017474589+bad9cf09/model.log not found in aws-neuron/optimum-neuron-cache: the corresponding graph will be recompiled. This may take up to one hour for large models.
.........
Compiler status PASS
2026-08-06 04:22:01.000829:  31085  [INFO]: Compilation Successfully Completed for model.MODULE_11400825183040455194+bad9cf09.hlo_module.pb
/opt/aws_neuronx_venv_pytorch_2_9/lib/python3.12/site-packages/neuronx_distributed/parallel_layers/layers.py:531: FutureWarning: `torch.cuda.amp.autocast(args...)` is deprecated. Please use `torch.amp.autocast('cuda', args...)` instead.
  with torch.cuda.amp.autocast(enabled=False):
/opt/aws_neuronx_venv_pytorch_2_9/lib/python3.12/site-packages/torch/utils/checkpoint.py:85: UserWarning: None of the inputs have requires_grad=True. Gradients will be None
  warnings.warn(

Compiler status PASS
2026-08-06 04:22:03.000650:  31082  [INFO]: Compilation Successfully Completed for model.MODULE_2349751823017474589+bad9cf09.hlo_module.pb

Compiler status PASS
2026-08-06 04:22:04.000403:  31083  [INFO]: Compilation Successfully Completed for model.MODULE_14633926768263766206+bad9cf09.hlo_module.pb
/opt/aws_neuronx_venv_pytorch_2_9/lib/python3.12/site-packages/neuronx_distributed/parallel_layers/layers.py:531: FutureWarning: `torch.cuda.amp.autocast(args...)` is deprecated. Please use `torch.amp.autocast('cuda', args...)` instead.
  with torch.cuda.amp.autocast(enabled=False):
/opt/aws_neuronx_venv_pytorch_2_9/lib/python3.12/site-packages/torch/utils/checkpoint.py:85: UserWarning: None of the inputs have requires_grad=True. Gradients will be None
  warnings.warn(
/opt/aws_neuronx_venv_pytorch_2_9/lib/python3.12/site-packages/neuronx_distributed/parallel_layers/layers.py:531: FutureWarning: `torch.cuda.amp.autocast(args...)` is deprecated. Please use `torch.amp.autocast('cuda', args...)` instead.
  with torch.cuda.amp.autocast(enabled=False):
/opt/aws_neuronx_venv_pytorch_2_9/lib/python3.12/site-packages/torch/utils/checkpoint.py:85: UserWarning: None of the inputs have requires_grad=True. Gradients will be None
  warnings.warn(
2026-08-06 04:22:06.000796:  31084  [INFO]: Another process must be compiling /opt/np/cache/neuron-compile-cache/neuronxcc-2.26.6360.0+6f180f47/MODULE_11400825183040455194+bad9cf09/model.hlo_module.pb, been waiting for: 1.0 minutes
2026-08-06 04:22:06.000825:  31084  [INFO]: Using a cached neff at /opt/np/cache/neuron-compile-cache/neuronxcc-2.26.6360.0+6f180f47/MODULE_11400825183040455194+bad9cf09/model.neff
neuronxcc-2.26.6360.0+6f180f47/MODULE_15706600779350130860+bad9cf09/model.done not found in aws-neuron/optimum-neuron-cache: the corresponding graph will be recompiled. This may take up to one hour for large models.
...2026-08-06 04:23:09.000671:  31082  [INFO]: Another process must be compiling /opt/np/cache/neuron-compile-cache/neuronxcc-2.26.6360.0+6f180f47/MODULE_15706600779350130860+bad9cf09/model.hlo_module.pb, been waiting for: 1.0 minutes
2026-08-06 04:23:09.000764:  31083  [INFO]: Another process must be compiling /opt/np/cache/neuron-compile-cache/neuronxcc-2.26.6360.0+6f180f47/MODULE_15706600779350130860+bad9cf09/model.hlo_module.pb, been waiting for: 1.0 minutes
2026-08-06 04:23:10.000475:  31084  [INFO]: Another process must be compiling /opt/np/cache/neuron-compile-cache/neuronxcc-2.26.6360.0+6f180f47/MODULE_15706600779350130860+bad9cf09/model.hlo_module.pb, been waiting for: 1.0 minutes
.
Compiler status PASS
2026-08-06 04:23:27.000801:  31085  [INFO]: Compilation Successfully Completed for model.MODULE_15706600779350130860+bad9cf09.hlo_module.pb
2026-08-06 04:23:28.000452:  31085  [INFO]: Using a cached neff at /opt/np/cache/neuron-compile-cache/neuronxcc-2.26.6360.0+6f180f47/MODULE_10869711905549125697+bad9cf09/model.neff
2026-08-06 04:23:29.000688:  31082  [INFO]: Using a cached neff at /opt/np/cache/neuron-compile-cache/neuronxcc-2.26.6360.0+6f180f47/MODULE_15706600779350130860+bad9cf09/model.neff
2026-08-06 04:23:29.000781:  31083  [INFO]: Using a cached neff at /opt/np/cache/neuron-compile-cache/neuronxcc-2.26.6360.0+6f180f47/MODULE_15706600779350130860+bad9cf09/model.neff
2026-08-06 04:23:30.000351:  31082  [INFO]: Using a cached neff at /opt/np/cache/neuron-compile-cache/neuronxcc-2.26.6360.0+6f180f47/MODULE_10869711905549125697+bad9cf09/model.neff
2026-08-06 04:23:30.000443:  31083  [INFO]: Using a cached neff at /opt/np/cache/neuron-compile-cache/neuronxcc-2.26.6360.0+6f180f47/MODULE_10869711905549125697+bad9cf09/model.neff
2026-08-06 04:23:30.000494:  31084  [INFO]: Using a cached neff at /opt/np/cache/neuron-compile-cache/neuronxcc-2.26.6360.0+6f180f47/MODULE_15706600779350130860+bad9cf09/model.neff
{'loss': 1.7202, 'learning_rate': 0.0001, 'grad_norm': 22.165416717529297, 'train/tokens_per_sec': 78.9864776928941, 'train/step_time': 207.42791017599666, 'train/mfu': 9.83, 'train/efficiency': 0.95, 'train/forward_time_percent': 0.28, 'train/backward_time_percent': 0.65, 'train/optimizer_time_percent': 0.03, 'train/overhead_time_percent': 99.05, 'epoch': 0.0041025641025641026}
{'loss': 1.7202, 'learning_rate': 0.0001, 'grad_norm': 22.165416717529297, 'train/tokens_per_sec': 78.23852986734313, 'train/step_time': 209.41088780399878, 'train/mfu': 10.44, 'train/efficiency': 0.89, 'train/forward_time_percent': 0.26, 'train/backward_time_percent': 0.6, 'train/optimizer_time_percent': 0.03, 'train/overhead_time_percent': 99.11, 'epoch': 0.0041025641025641026}
  step     1  loss   1.7202  |   128157.0 ms  | warmup
{'loss': 1.7202, 'learning_rate': 0.0001, 'grad_norm': 22.165416717529297, 'train/tokens_per_sec': 78.2587397220646, 'train/step_time': 209.3568086860032, 'train/mfu': 10.28, 'train/efficiency': 0.9, 'train/forward_time_percent': 0.27, 'train/backward_time_percent': 0.61, 'train/optimizer_time_percent': 0.02, 'train/overhead_time_percent': 99.1, 'epoch': 0.0041025641025641026}
/opt/aws_neuronx_venv_pytorch_2_9/lib/python3.12/site-packages/neuronx_distributed/parallel_layers/layers.py:531: FutureWarning: `torch.cuda.amp.autocast(args...)` is deprecated. Please use `torch.amp.autocast('cuda', args...)` instead.
  with torch.cuda.amp.autocast(enabled=False):
/opt/aws_neuronx_venv_pytorch_2_9/lib/python3.12/site-packages/torch/utils/checkpoint.py:85: UserWarning: None of the inputs have requires_grad=True. Gradients will be None
  warnings.warn(
2026-08-06 04:23:31.000131:  31084  [INFO]: Using a cached neff at /opt/np/cache/neuron-compile-cache/neuronxcc-2.26.6360.0+6f180f47/MODULE_10869711905549125697+bad9cf09/model.neff
{'loss': 1.7202, 'learning_rate': 0.0001, 'grad_norm': 22.165416717529297, 'train/tokens_per_sec': 77.98463134053604, 'train/step_time': 210.0926774719992, 'train/mfu': 9.49, 'train/efficiency': 0.97, 'train/forward_time_percent': 0.3, 'train/backward_time_percent': 0.64, 'train/optimizer_time_percent': 0.03, 'train/overhead_time_percent': 99.03, 'epoch': 0.0041025641025641026}
neuronxcc-2.26.6360.0+6f180f47/MODULE_2848218274680526386+bad9cf09/model.done not found in aws-neuron/optimum-neuron-cache: the corresponding graph will be recompiled. This may take up to one hour for large models.
...2026-08-06 04:24:33.000625:  31085  [INFO]: Another process must be compiling /opt/np/cache/neuron-compile-cache/neuronxcc-2.26.6360.0+6f180f47/MODULE_2848218274680526386+bad9cf09/model.hlo_module.pb, been waiting for: 1.0 minutes
2026-08-06 04:24:33.000637:  31082  [INFO]: Another process must be compiling /opt/np/cache/neuron-compile-cache/neuronxcc-2.26.6360.0+6f180f47/MODULE_2848218274680526386+bad9cf09/model.hlo_module.pb, been waiting for: 1.0 minutes
2026-08-06 04:24:33.000709:  31084  [INFO]: Another process must be compiling /opt/np/cache/neuron-compile-cache/neuronxcc-2.26.6360.0+6f180f47/MODULE_2848218274680526386+bad9cf09/model.hlo_module.pb, been waiting for: 1.0 minutes
...
Compiler status PASS
2026-08-06 04:25:18.000870:  31083  [INFO]: Compilation Successfully Completed for model.MODULE_2848218274680526386+bad9cf09.hlo_module.pb
2026-08-06 04:25:23.000675:  31085  [INFO]: Using a cached neff at /opt/np/cache/neuron-compile-cache/neuronxcc-2.26.6360.0+6f180f47/MODULE_2848218274680526386+bad9cf09/model.neff
2026-08-06 04:25:23.000696:  31082  [INFO]: Using a cached neff at /opt/np/cache/neuron-compile-cache/neuronxcc-2.26.6360.0+6f180f47/MODULE_2848218274680526386+bad9cf09/model.neff
2026-08-06 04:25:23.000746:  31084  [INFO]: Using a cached neff at /opt/np/cache/neuron-compile-cache/neuronxcc-2.26.6360.0+6f180f47/MODULE_2848218274680526386+bad9cf09/model.neff
  step     2  loss   1.6498  |     1906.2 ms  | warmup
{'loss': 1.6498, 'learning_rate': 0.0001, 'grad_norm': 10.304130554199219, 'train/tokens_per_sec': 143.6020145753435, 'train/step_time': 114.09310689999984, 'train/mfu': 10.79, 'train/efficiency': 1.57, 'train/forward_time_percent': 0.48, 'train/backward_time_percent': 1.05, 'train/optimizer_time_percent': 0.03, 'train/overhead_time_percent': 98.43, 'epoch': 0.008205128205128205}
{'loss': 1.6498, 'learning_rate': 0.0001, 'grad_norm': 10.304130554199219, 'train/tokens_per_sec': 150.09900166857793, 'train/step_time': 109.15462340100203, 'train/mfu': 10.77, 'train/efficiency': 1.65, 'train/forward_time_percent': 0.52, 'train/backward_time_percent': 1.09, 'train/optimizer_time_percent': 0.04, 'train/overhead_time_percent': 98.35, 'epoch': 0.008205128205128205}
{'loss': 1.6498, 'learning_rate': 0.0001, 'grad_norm': 10.304130554199219, 'train/tokens_per_sec': 144.5410156974542, 'train/step_time': 113.35190859800059, 'train/mfu': 10.69, 'train/efficiency': 1.6, 'train/forward_time_percent': 0.5, 'train/backward_time_percent': 1.06, 'train/optimizer_time_percent': 0.04, 'train/overhead_time_percent': 98.4, 'epoch': 0.008205128205128205}
{'loss': 1.6498, 'learning_rate': 0.0001, 'grad_norm': 10.304130554199219, 'train/tokens_per_sec': 141.2781909530797, 'train/step_time': 115.96977487800177, 'train/mfu': 10.58, 'train/efficiency': 1.57, 'train/forward_time_percent': 0.5, 'train/backward_time_percent': 1.04, 'train/optimizer_time_percent': 0.03, 'train/overhead_time_percent': 98.43, 'epoch': 0.008205128205128205}
/opt/aws_neuronx_venv_pytorch_2_9/lib/python3.12/site-packages/neuronx_distributed/parallel_layers/layers.py:531: FutureWarning: `torch.cuda.amp.autocast(args...)` is deprecated. Please use `torch.amp.autocast('cuda', args...)` instead.
  with torch.cuda.amp.autocast(enabled=False):
/opt/aws_neuronx_venv_pytorch_2_9/lib/python3.12/site-packages/torch/utils/checkpoint.py:85: UserWarning: None of the inputs have requires_grad=True. Gradients will be None
  warnings.warn(
{'loss': 1.7503, 'learning_rate': 0.0001, 'grad_norm': 13.068291664123535, 'train/tokens_per_sec': 8034.033066338583, 'train/step_time': 2.0393244419974508, 'train/mfu': 10.22, 'train/efficiency': 92.28, 'train/forward_time_percent': 30.88, 'train/backward_time_percent': 59.82, 'train/optimizer_time_percent': 1.57, 'train/overhead_time_percent': 7.72, 'epoch': 0.012307692307692308}
  step     3  loss   1.7503  |     1924.6 ms  | warmup
{'loss': 1.7503, 'learning_rate': 0.0001, 'grad_norm': 13.068291664123535, 'train/tokens_per_sec': 8065.603770055375, 'train/step_time': 2.031342038004368, 'train/mfu': 10.52, 'train/efficiency': 89.84, 'train/forward_time_percent': 29.28, 'train/backward_time_percent': 59.16, 'train/optimizer_time_percent': 1.4, 'train/overhead_time_percent': 10.16, 'epoch': 0.012307692307692308}{'loss': 1.7503, 'learning_rate': 0.0001, 'grad_norm': 13.068291664123535, 'train/tokens_per_sec': 2385.745099291688, 'train/step_time': 6.867456211002718, 'train/mfu': 10.57, 'train/efficiency': 26.46, 'train/forward_time_percent': 8.34, 'train/backward_time_percent': 17.7, 'train/optimizer_time_percent': 0.41, 'train/overhead_time_percent': 73.54, 'epoch': 0.012307692307692308}

{'loss': 1.7503, 'learning_rate': 0.0001, 'grad_norm': 13.068291664123535, 'train/tokens_per_sec': 8140.486108443749, 'train/step_time': 2.0126562200021, 'train/mfu': 10.73, 'train/efficiency': 89.11, 'train/forward_time_percent': 27.67, 'train/backward_time_percent': 59.9, 'train/optimizer_time_percent': 1.54, 'train/overhead_time_percent': 10.89, 'epoch': 0.012307692307692308}
{'loss': 1.2589, 'learning_rate': 0.0001, 'grad_norm': 7.763120651245117, 'train/tokens_per_sec': 7330.2656476031125, 'train/step_time': 2.2351168139939546, 'train/mfu': 10.17, 'train/efficiency': 85.15, 'train/forward_time_percent': 26.92, 'train/backward_time_percent': 56.29, 'train/optimizer_time_percent': 1.95, 'train/overhead_time_percent': 14.85, 'epoch': 0.01641025641025641}
  step     4  loss   1.2589  |     1975.6 ms  | warmup
{'loss': 1.2589, 'learning_rate': 0.0001, 'grad_norm': 7.763120651245117, 'train/tokens_per_sec': 7505.161625191228, 'train/step_time': 2.1830309350043535, 'train/mfu': 10.25, 'train/efficiency': 85.88, 'train/forward_time_percent': 27.16, 'train/backward_time_percent': 57.35, 'train/optimizer_time_percent': 1.37, 'train/overhead_time_percent': 14.12, 'epoch': 0.01641025641025641}
{'loss': 1.2589, 'learning_rate': 0.0001, 'grad_norm': 7.763120651245117, 'train/tokens_per_sec': 7570.507849066476, 'train/step_time': 2.164187704001961, 'train/mfu': 10.26, 'train/efficiency': 86.52, 'train/forward_time_percent': 26.16, 'train/backward_time_percent': 59.0, 'train/optimizer_time_percent': 1.36, 'train/overhead_time_percent': 13.48, 'epoch': 0.01641025641025641}
{'loss': 1.2589, 'learning_rate': 0.0001, 'grad_norm': 7.763120651245117, 'train/tokens_per_sec': 7712.189133807176, 'train/step_time': 2.1244292269984726, 'train/mfu': 10.26, 'train/efficiency': 88.53, 'train/forward_time_percent': 25.54, 'train/backward_time_percent': 61.23, 'train/optimizer_time_percent': 1.75, 'train/overhead_time_percent': 11.47, 'epoch': 0.01641025641025641}
  step     5  loss   1.5440  |     1888.1 ms  | warmup
{'loss': 1.544, 'learning_rate': 0.0001, 'grad_norm': 3.060600757598877, 'train/tokens_per_sec': 7975.027882407282, 'train/step_time': 2.0544128800029284, 'train/mfu': 10.78, 'train/efficiency': 87.03, 'train/forward_time_percent': 25.99, 'train/backward_time_percent': 59.39, 'train/optimizer_time_percent': 1.65, 'train/overhead_time_percent': 12.97, 'epoch': 0.020512820512820513}
{'loss': 1.544, 'learning_rate': 0.0001, 'grad_norm': 3.060600757598877, 'train/tokens_per_sec': 7983.7297201857755, 'train/step_time': 2.0521736800001236, 'train/mfu': 10.8, 'train/efficiency': 86.67, 'train/forward_time_percent': 26.56, 'train/backward_time_percent': 58.73, 'train/optimizer_time_percent': 1.39, 'train/overhead_time_percent': 13.33, 'epoch': 0.020512820512820513}
{'loss': 1.544, 'learning_rate': 0.0001, 'grad_norm': 3.060600757598877, 'train/tokens_per_sec': 7837.995825172594, 'train/step_time': 2.0903302789956797, 'train/mfu': 10.52, 'train/efficiency': 87.41, 'train/forward_time_percent': 26.61, 'train/backward_time_percent': 59.35, 'train/optimizer_time_percent': 1.45, 'train/overhead_time_percent': 12.59, 'epoch': 0.020512820512820513}
{'loss': 1.544, 'learning_rate': 0.0001, 'grad_norm': 3.060600757598877, 'train/tokens_per_sec': 7987.514091931748, 'train/step_time': 2.05120138899656, 'train/mfu': 10.58, 'train/efficiency': 88.64, 'train/forward_time_percent': 28.33, 'train/backward_time_percent': 58.78, 'train/optimizer_time_percent': 1.52, 'train/overhead_time_percent': 11.36, 'epoch': 0.020512820512820513}
{'loss': 1.5369, 'learning_rate': 0.0001, 'grad_norm': 67.9629135131836, 'train/tokens_per_sec': 8206.360679843856, 'train/step_time': 1.9965001099990332, 'train/mfu': 10.97, 'train/efficiency': 87.83, 'train/forward_time_percent': 26.88, 'train/backward_time_percent': 59.5, 'train/optimizer_time_percent': 1.45, 'train/overhead_time_percent': 12.17, 'epoch': 0.024615384615384615}
{'loss': 1.5369, 'learning_rate': 0.0001, 'grad_norm': 67.9629135131836, 'train/tokens_per_sec': 8069.593367073352, 'train/step_time': 2.030337745003635, 'train/mfu': 10.88, 'train/efficiency': 87.11, 'train/forward_time_percent': 26.66, 'train/backward_time_percent': 58.97, 'train/optimizer_time_percent': 1.47, 'train/overhead_time_percent': 12.89, 'epoch': 0.024615384615384615}
{'loss': 1.5369, 'learning_rate': 0.0001, 'grad_norm': 67.9629135131836, 'train/tokens_per_sec': 8027.1086276181395, 'train/step_time': 2.041083627998887, 'train/mfu': 10.95, 'train/efficiency': 85.99, 'train/forward_time_percent': 26.42, 'train/backward_time_percent': 58.17, 'train/optimizer_time_percent': 1.4, 'train/overhead_time_percent': 14.01, 'epoch': 0.024615384615384615}
  step     6  loss   1.5369  |     1868.5 ms  | warmup
{'loss': 1.5369, 'learning_rate': 0.0001, 'grad_norm': 67.9629135131836, 'train/tokens_per_sec': 7948.234302625015, 'train/step_time': 2.061338327002886, 'train/mfu': 10.93, 'train/efficiency': 85.45, 'train/forward_time_percent': 26.51, 'train/backward_time_percent': 57.42, 'train/optimizer_time_percent': 1.52, 'train/overhead_time_percent': 14.55, 'epoch': 0.024615384615384615}
  step     7  loss   1.6163  |     1873.9 ms  | warmup
{'loss': 1.6163, 'learning_rate': 0.0001, 'grad_norm': 6.8249406814575195, 'train/tokens_per_sec': 8071.242954113878, 'train/step_time': 2.0299227879950195, 'train/mfu': 10.85, 'train/efficiency': 87.32, 'train/forward_time_percent': 27.43, 'train/backward_time_percent': 58.45, 'train/optimizer_time_percent': 1.44, 'train/overhead_time_percent': 12.68, 'epoch': 0.028717948717948718}
{'loss': 1.6163, 'learning_rate': 0.0001, 'grad_norm': 6.8249406814575195, 'train/tokens_per_sec': 7841.644993948307, 'train/step_time': 2.0893575279988, 'train/mfu': 10.6, 'train/efficiency': 86.86, 'train/forward_time_percent': 26.14, 'train/backward_time_percent': 59.22, 'train/optimizer_time_percent': 1.5, 'train/overhead_time_percent': 13.14, 'epoch': 0.028717948717948718}
{'loss': 1.6163, 'learning_rate': 0.0001, 'grad_norm': 6.8249406814575195, 'train/tokens_per_sec': 7957.3973882317305, 'train/step_time': 2.0589646590015036, 'train/mfu': 10.96, 'train/efficiency': 85.77, 'train/forward_time_percent': 26.37, 'train/backward_time_percent': 57.42, 'train/optimizer_time_percent': 1.98, 'train/overhead_time_percent': 14.23, 'epoch': 0.028717948717948718}
{'loss': 1.6163, 'learning_rate': 0.0001, 'grad_norm': 6.8249406814575195, 'train/tokens_per_sec': 8095.193966987948, 'train/step_time': 2.023916915000882, 'train/mfu': 10.86, 'train/efficiency': 87.47, 'train/forward_time_percent': 26.73, 'train/backward_time_percent': 59.31, 'train/optimizer_time_percent': 1.43, 'train/overhead_time_percent': 12.53, 'epoch': 0.028717948717948718}
{'loss': 1.7584, 'learning_rate': 0.0001, 'grad_norm': 7.230576038360596, 'train/tokens_per_sec': 8073.509680141451, 'train/step_time': 2.0293528649999644, 'train/mfu': 10.79, 'train/efficiency': 87.89, 'train/forward_time_percent': 27.53, 'train/backward_time_percent': 58.84, 'train/optimizer_time_percent': 1.52, 'train/overhead_time_percent': 12.11, 'epoch': 0.03282051282051282}
  step     8  loss   1.7584  |     1840.8 ms  | warmup
{'loss': 1.7584, 'learning_rate': 0.0001, 'grad_norm': 7.230576038360596, 'train/tokens_per_sec': 8070.778612232199, 'train/step_time': 2.0300395769954775, 'train/mfu': 11.08, 'train/efficiency': 85.49, 'train/forward_time_percent': 26.71, 'train/backward_time_percent': 57.4, 'train/optimizer_time_percent': 1.38, 'train/overhead_time_percent': 14.51, 'epoch': 0.03282051282051282}
{'loss': 1.7584, 'learning_rate': 0.0001, 'grad_norm': 7.230576038360596, 'train/tokens_per_sec': 8041.718089270221, 'train/step_time': 2.0373755729960976, 'train/mfu': 10.93, 'train/efficiency': 86.32, 'train/forward_time_percent': 27.61, 'train/backward_time_percent': 57.28, 'train/optimizer_time_percent': 1.44, 'train/overhead_time_percent': 13.68, 'epoch': 0.03282051282051282}
{'loss': 1.7584, 'learning_rate': 0.0001, 'grad_norm': 7.230576038360596, 'train/tokens_per_sec': 7859.549474779801, 'train/step_time': 2.08459785800369, 'train/mfu': 10.7, 'train/efficiency': 86.15, 'train/forward_time_percent': 27.1, 'train/backward_time_percent': 57.64, 'train/optimizer_time_percent': 1.41, 'train/overhead_time_percent': 13.85, 'epoch': 0.03282051282051282}
{'loss': 1.6112, 'learning_rate': 0.0001, 'grad_norm': 4.873577117919922, 'train/tokens_per_sec': 8037.574574023738, 'train/step_time': 2.0384258769990993, 'train/mfu': 10.91, 'train/efficiency': 86.42, 'train/forward_time_percent': 26.16, 'train/backward_time_percent': 58.88, 'train/optimizer_time_percent': 1.37, 'train/overhead_time_percent': 13.58, 'epoch': 0.036923076923076927}
{'loss': 1.6112, 'learning_rate': 0.0001, 'grad_norm': 4.873577117919922, 'train/tokens_per_sec': 8000.421358136459, 'train/step_time': 2.047892137998133, 'train/mfu': 10.69, 'train/efficiency': 87.85, 'train/forward_time_percent': 28.31, 'train/backward_time_percent': 58.06, 'train/optimizer_time_percent': 1.49, 'train/overhead_time_percent': 12.15, 'epoch': 0.036923076923076927}
{'loss': 1.6112, 'learning_rate': 0.0001, 'grad_norm': 4.873577117919922, 'train/tokens_per_sec': 8006.475956775344, 'train/step_time': 2.0463434959965525, 'train/mfu': 10.84, 'train/efficiency': 86.85, 'train/forward_time_percent': 27.79, 'train/backward_time_percent': 57.48, 'train/optimizer_time_percent': 1.58, 'train/overhead_time_percent': 13.15, 'epoch': 0.036923076923076927}
  step     9  loss   1.6112  |     1862.6 ms  | warmup
{'loss': 1.6112, 'learning_rate': 0.0001, 'grad_norm': 4.873577117919922, 'train/tokens_per_sec': 7953.776175371032, 'train/step_time': 2.059902068998781, 'train/mfu': 10.86, 'train/efficiency': 85.95, 'train/forward_time_percent': 26.9, 'train/backward_time_percent': 57.63, 'train/optimizer_time_percent': 1.42, 'train/overhead_time_percent': 14.05, 'epoch': 0.036923076923076927}
{'loss': 1.4375, 'learning_rate': 0.0001, 'grad_norm': 3.183075189590454, 'train/tokens_per_sec': 7883.490016534684, 'train/step_time': 2.0782673619978596, 'train/mfu': 10.57, 'train/efficiency': 87.64, 'train/forward_time_percent': 28.37, 'train/backward_time_percent': 57.75, 'train/optimizer_time_percent': 1.53, 'train/overhead_time_percent': 12.36, 'epoch': 0.041025641025641026}
  step    10  loss   1.4375  |     1852.5 ms  | warmup
{'loss': 1.4375, 'learning_rate': 0.0001, 'grad_norm': 3.183075189590454, 'train/tokens_per_sec': 8048.7200697827675, 'train/step_time': 2.0356031590054044, 'train/mfu': 11.02, 'train/efficiency': 86.63, 'train/forward_time_percent': 25.38, 'train/backward_time_percent': 58.94, 'train/optimizer_time_percent': 2.31, 'train/overhead_time_percent': 13.37, 'epoch': 0.041025641025641026}
{'loss': 1.4375, 'learning_rate': 0.0001, 'grad_norm': 3.183075189590454, 'train/tokens_per_sec': 7984.161007365591, 'train/step_time': 2.0520628259982914, 'train/mfu': 10.66, 'train/efficiency': 87.96, 'train/forward_time_percent': 27.15, 'train/backward_time_percent': 59.27, 'train/optimizer_time_percent': 1.53, 'train/overhead_time_percent': 12.04, 'epoch': 0.041025641025641026}
{'loss': 1.4375, 'learning_rate': 0.0001, 'grad_norm': 3.183075189590454, 'train/tokens_per_sec': 8312.851478345003, 'train/step_time': 1.9709241819946328, 'train/mfu': 11.35, 'train/efficiency': 85.97, 'train/forward_time_percent': 26.25, 'train/backward_time_percent': 58.28, 'train/optimizer_time_percent': 1.44, 'train/overhead_time_percent': 14.03, 'epoch': 0.041025641025641026}
{'loss': 1.3871, 'learning_rate': 0.0001, 'grad_norm': 2.260154962539673, 'train/tokens_per_sec': 7547.780095769981, 'train/step_time': 2.1707044709983165, 'train/mfu': 10.75, 'train/efficiency': 82.67, 'train/forward_time_percent': 25.53, 'train/backward_time_percent': 55.52, 'train/optimizer_time_percent': 1.61, 'train/overhead_time_percent': 17.33, 'epoch': 0.04512820512820513}
{'loss': 1.3871, 'learning_rate': 0.0001, 'grad_norm': 2.260154962539673, 'train/tokens_per_sec': 7793.843292890115, 'train/step_time': 2.1021721099969, 'train/mfu': 10.71, 'train/efficiency': 85.32, 'train/forward_time_percent': 25.38, 'train/backward_time_percent': 58.6, 'train/optimizer_time_percent': 1.34, 'train/overhead_time_percent': 14.68, 'epoch': 0.04512820512820513}
{'loss': 1.3871, 'learning_rate': 0.0001, 'grad_norm': 2.260154962539673, 'train/tokens_per_sec': 8334.601993819131, 'train/step_time': 1.9657807309995405, 'train/mfu': 11.12, 'train/efficiency': 87.98, 'train/forward_time_percent': 26.39, 'train/backward_time_percent': 60.15, 'train/optimizer_time_percent': 1.44, 'train/overhead_time_percent': 12.02, 'epoch': 0.04512820512820513}{'loss': 1.3871, 'learning_rate': 0.0001, 'grad_norm': 2.260154962539673, 'train/tokens_per_sec': 8172.071720752497, 'train/step_time': 2.0048771669971757, 'train/mfu': 10.99, 'train/efficiency': 87.29, 'train/forward_time_percent': 26.52, 'train/backward_time_percent': 59.3, 'train/optimizer_time_percent': 1.47, 'train/overhead_time_percent': 12.71, 'epoch': 0.04512820512820513}

{'loss': 1.5682, 'learning_rate': 0.0001, 'grad_norm': 2.0939412117004395, 'train/tokens_per_sec': 8195.671927387491, 'train/step_time': 1.9991039349988569, 'train/mfu': 11.06, 'train/efficiency': 87.54, 'train/forward_time_percent': 27.23, 'train/backward_time_percent': 58.33, 'train/optimizer_time_percent': 1.98, 'train/overhead_time_percent': 12.46, 'epoch': 0.04923076923076923}
{'loss': 1.5682, 'learning_rate': 0.0001, 'grad_norm': 2.0939412117004395, 'train/tokens_per_sec': 7760.715786550286, 'train/step_time': 2.1111454729980323, 'train/mfu': 10.76, 'train/efficiency': 84.62, 'train/forward_time_percent': 26.94, 'train/backward_time_percent': 56.26, 'train/optimizer_time_percent': 1.41, 'train/overhead_time_percent': 15.38, 'epoch': 0.04923076923076923}
{'loss': 1.5682, 'learning_rate': 0.0001, 'grad_norm': 2.0939412117004395, 'train/tokens_per_sec': 8040.427067071799, 'train/step_time': 2.037702706998971, 'train/mfu': 10.77, 'train/efficiency': 87.97, 'train/forward_time_percent': 28.27, 'train/backward_time_percent': 57.86, 'train/optimizer_time_percent': 1.84, 'train/overhead_time_percent': 12.03, 'epoch': 0.04923076923076923}
{'loss': 1.5682, 'learning_rate': 0.0001, 'grad_norm': 2.0939412117004395, 'train/tokens_per_sec': 7930.283476215969, 'train/step_time': 2.066004330001306, 'train/mfu': 10.87, 'train/efficiency': 85.73, 'train/forward_time_percent': 27.74, 'train/backward_time_percent': 56.47, 'train/optimizer_time_percent': 1.52, 'train/overhead_time_percent': 14.27, 'epoch': 0.04923076923076923}
{'loss': 1.1993, 'learning_rate': 0.0001, 'grad_norm': 1.9489731788635254, 'train/tokens_per_sec': 8062.548166056055, 'train/step_time': 2.0321118909996585, 'train/mfu': 10.73, 'train/efficiency': 88.09, 'train/forward_time_percent': 29.65, 'train/backward_time_percent': 57.05, 'train/optimizer_time_percent': 1.39, 'train/overhead_time_percent': 11.91, 'epoch': 0.05333333333333334}
{'loss': 1.1993, 'learning_rate': 0.0001, 'grad_norm': 1.9489731788635254, 'train/tokens_per_sec': 7981.557788410192, 'train/step_time': 2.0527321150002535, 'train/mfu': 10.77, 'train/efficiency': 86.91, 'train/forward_time_percent': 26.38, 'train/backward_time_percent': 59.16, 'train/optimizer_time_percent': 1.37, 'train/overhead_time_percent': 13.09, 'epoch': 0.05333333333333334}
{'loss': 1.1993, 'learning_rate': 0.0001, 'grad_norm': 1.9489731788635254, 'train/tokens_per_sec': 7904.1543555154585, 'train/step_time': 2.0728340139976353, 'train/mfu': 10.62, 'train/efficiency': 87.34, 'train/forward_time_percent': 27.79, 'train/backward_time_percent': 58.09, 'train/optimizer_time_percent': 1.47, 'train/overhead_time_percent': 12.66, 'epoch': 0.05333333333333334}
{'loss': 1.1993, 'learning_rate': 0.0001, 'grad_norm': 1.9489731788635254, 'train/tokens_per_sec': 7916.901698685115, 'train/step_time': 2.0694964549984434, 'train/mfu': 10.55, 'train/efficiency': 88.12, 'train/forward_time_percent': 28.61, 'train/backward_time_percent': 58.04, 'train/optimizer_time_percent': 1.47, 'train/overhead_time_percent': 11.88, 'epoch': 0.05333333333333334}
{'loss': 1.4714, 'learning_rate': 0.0001, 'grad_norm': 2.1064155101776123, 'train/tokens_per_sec': 8036.826106754328, 'train/step_time': 2.038615715006017, 'train/mfu': 10.78, 'train/efficiency': 87.48, 'train/forward_time_percent': 26.6, 'train/backward_time_percent': 59.47, 'train/optimizer_time_percent': 1.41, 'train/overhead_time_percent': 12.52, 'epoch': 0.057435897435897436}
{'loss': 1.4714, 'learning_rate': 0.0001, 'grad_norm': 2.1064155101776123, 'train/tokens_per_sec': 8070.535630219352, 'train/step_time': 2.030100695999863, 'train/mfu': 11.01, 'train/efficiency': 86.06, 'train/forward_time_percent': 26.39, 'train/backward_time_percent': 58.24, 'train/optimizer_time_percent': 1.43, 'train/overhead_time_percent': 13.94, 'epoch': 0.057435897435897436}
{'loss': 1.4714, 'learning_rate': 0.0001, 'grad_norm': 2.1064155101776123, 'train/tokens_per_sec': 7821.4611560145095, 'train/step_time': 2.0947492640043492, 'train/mfu': 10.41, 'train/efficiency': 88.07, 'train/forward_time_percent': 27.34, 'train/backward_time_percent': 59.36, 'train/optimizer_time_percent': 1.37, 'train/overhead_time_percent': 11.93, 'epoch': 0.057435897435897436}
{'loss': 1.4714, 'learning_rate': 0.0001, 'grad_norm': 2.1064155101776123, 'train/tokens_per_sec': 8052.164200084247, 'train/step_time': 2.0347324760004994, 'train/mfu': 10.99, 'train/efficiency': 86.1, 'train/forward_time_percent': 26.89, 'train/backward_time_percent': 57.67, 'train/optimizer_time_percent': 1.53, 'train/overhead_time_percent': 13.9, 'epoch': 0.057435897435897436}
{'loss': 1.5308, 'learning_rate': 0.0001, 'grad_norm': 2.066227912902832, 'train/tokens_per_sec': 7995.468232644922, 'train/step_time': 2.0491607899966766, 'train/mfu': 11.04, 'train/efficiency': 84.97, 'train/forward_time_percent': 26.4, 'train/backward_time_percent': 57.19, 'train/optimizer_time_percent': 1.39, 'train/overhead_time_percent': 15.03, 'epoch': 0.06153846153846154}
{'loss': 1.5308, 'learning_rate': 0.0001, 'grad_norm': 2.066227912902832, 'train/tokens_per_sec': 7809.150846943154, 'train/step_time': 2.0980514170005335, 'train/mfu': 11.01, 'train/efficiency': 83.28, 'train/forward_time_percent': 25.93, 'train/backward_time_percent': 55.94, 'train/optimizer_time_percent': 1.41, 'train/overhead_time_percent': 16.72, 'epoch': 0.06153846153846154}
{'loss': 1.5308, 'learning_rate': 0.0001, 'grad_norm': 2.066227912902832, 'train/tokens_per_sec': 7800.1583064797505, 'train/step_time': 2.1004701899946667, 'train/mfu': 10.96, 'train/efficiency': 83.56, 'train/forward_time_percent': 25.88, 'train/backward_time_percent': 56.25, 'train/optimizer_time_percent': 1.43, 'train/overhead_time_percent': 16.44, 'epoch': 0.06153846153846154}
{'loss': 1.5308, 'learning_rate': 0.0001, 'grad_norm': 2.066227912902832, 'train/tokens_per_sec': 8052.069652018352, 'train/step_time': 2.0347563679970335, 'train/mfu': 10.81, 'train/efficiency': 87.75, 'train/forward_time_percent': 27.06, 'train/backward_time_percent': 58.91, 'train/optimizer_time_percent': 1.78, 'train/overhead_time_percent': 12.25, 'epoch': 0.06153846153846154}
{'loss': 1.5417, 'learning_rate': 0.0001, 'grad_norm': 2.0161125659942627, 'train/tokens_per_sec': 8026.580102314343, 'train/step_time': 2.041218026999559, 'train/mfu': 10.88, 'train/efficiency': 86.54, 'train/forward_time_percent': 26.36, 'train/backward_time_percent': 58.79, 'train/optimizer_time_percent': 1.38, 'train/overhead_time_percent': 13.46, 'epoch': 0.06564102564102564}
{'loss': 1.5417, 'learning_rate': 0.0001, 'grad_norm': 2.0161125659942627, 'train/tokens_per_sec': 8162.018953661416, 'train/step_time': 2.0073464779998176, 'train/mfu': 10.99, 'train/efficiency': 87.11, 'train/forward_time_percent': 26.44, 'train/backward_time_percent': 59.28, 'train/optimizer_time_percent': 1.39, 'train/overhead_time_percent': 12.89, 'epoch': 0.06564102564102564}
{'loss': 1.5417, 'learning_rate': 0.0001, 'grad_norm': 2.0161125659942627, 'train/tokens_per_sec': 7979.95094603105, 'train/step_time': 2.0531454529991606, 'train/mfu': 10.65, 'train/efficiency': 87.92, 'train/forward_time_percent': 27.58, 'train/backward_time_percent': 58.9, 'train/optimizer_time_percent': 1.45, 'train/overhead_time_percent': 12.08, 'epoch': 0.06564102564102564}
{'loss': 1.5417, 'learning_rate': 0.0001, 'grad_norm': 2.0161125659942627, 'train/tokens_per_sec': 7960.119134595239, 'train/step_time': 2.05826065200381, 'train/mfu': 10.82, 'train/efficiency': 86.29, 'train/forward_time_percent': 27.12, 'train/backward_time_percent': 57.79, 'train/optimizer_time_percent': 1.38, 'train/overhead_time_percent': 13.71, 'epoch': 0.06564102564102564}
{'loss': 1.1824, 'learning_rate': 0.0001, 'grad_norm': 2.4901745319366455, 'train/tokens_per_sec': 7674.847702049964, 'train/step_time': 2.134765488000994, 'train/mfu': 10.45, 'train/efficiency': 86.13, 'train/forward_time_percent': 25.96, 'train/backward_time_percent': 58.84, 'train/optimizer_time_percent': 1.33, 'train/overhead_time_percent': 13.87, 'epoch': 0.06974358974358974}
{'loss': 1.1824, 'learning_rate': 0.0001, 'grad_norm': 2.4901745319366455, 'train/tokens_per_sec': 7569.975870018418, 'train/step_time': 2.164339792005194, 'train/mfu': 10.24, 'train/efficiency': 86.63, 'train/forward_time_percent': 26.56, 'train/backward_time_percent': 58.75, 'train/optimizer_time_percent': 1.32, 'train/overhead_time_percent': 13.37, 'epoch': 0.06974358974358974}
{'loss': 1.1824, 'learning_rate': 0.0001, 'grad_norm': 2.4901745319366455, 'train/tokens_per_sec': 7500.468597311162, 'train/step_time': 2.1843968530010898, 'train/mfu': 9.92, 'train/efficiency': 88.62, 'train/forward_time_percent': 27.33, 'train/backward_time_percent': 59.98, 'train/optimizer_time_percent': 1.31, 'train/overhead_time_percent': 11.38, 'epoch': 0.06974358974358974}
{'loss': 1.1824, 'learning_rate': 0.0001, 'grad_norm': 2.4901745319366455, 'train/tokens_per_sec': 7775.804913548854, 'train/step_time': 2.107048746998771, 'train/mfu': 10.72, 'train/efficiency': 85.06, 'train/forward_time_percent': 25.4, 'train/backward_time_percent': 58.33, 'train/optimizer_time_percent': 1.33, 'train/overhead_time_percent': 14.94, 'epoch': 0.06974358974358974}
{'loss': 1.485, 'learning_rate': 0.0001, 'grad_norm': 2.0266170501708984, 'train/tokens_per_sec': 7573.844216059512, 'train/step_time': 2.1632343539968133, 'train/mfu': 10.88, 'train/efficiency': 81.72, 'train/forward_time_percent': 24.72, 'train/backward_time_percent': 55.66, 'train/optimizer_time_percent': 1.35, 'train/overhead_time_percent': 18.28, 'epoch': 0.07384615384615385}
{'loss': 1.485, 'learning_rate': 0.0001, 'grad_norm': 2.0266170501708984, 'train/tokens_per_sec': 7643.998552417304, 'train/step_time': 2.143380834997515, 'train/mfu': 10.67, 'train/efficiency': 84.02, 'train/forward_time_percent': 25.85, 'train/backward_time_percent': 56.86, 'train/optimizer_time_percent': 1.32, 'train/overhead_time_percent': 15.98, 'epoch': 0.07384615384615385}
{'loss': 1.485, 'learning_rate': 0.0001, 'grad_norm': 2.0266170501708984, 'train/tokens_per_sec': 7827.8817776872775, 'train/step_time': 2.0930310990006546, 'train/mfu': 10.47, 'train/efficiency': 87.66, 'train/forward_time_percent': 26.76, 'train/backward_time_percent': 59.52, 'train/optimizer_time_percent': 1.37, 'train/overhead_time_percent': 12.34, 'epoch': 0.07384615384615385}
{'loss': 1.485, 'learning_rate': 0.0001, 'grad_norm': 2.0266170501708984, 'train/tokens_per_sec': 7972.891099659418, 'train/step_time': 2.054963475005934, 'train/mfu': 11.0, 'train/efficiency': 85.15, 'train/forward_time_percent': 25.77, 'train/backward_time_percent': 57.9, 'train/optimizer_time_percent': 1.48, 'train/overhead_time_percent': 14.85, 'epoch': 0.07384615384615385}
{'loss': 1.2908, 'learning_rate': 0.0001, 'grad_norm': 1.6450014114379883, 'train/tokens_per_sec': 7759.852840823973, 'train/step_time': 2.111380246002227, 'train/mfu': 10.9, 'train/efficiency': 83.61, 'train/forward_time_percent': 26.46, 'train/backward_time_percent': 55.71, 'train/optimizer_time_percent': 1.44, 'train/overhead_time_percent': 16.39, 'epoch': 0.07794871794871795}
{'loss': 1.2908, 'learning_rate': 0.0001, 'grad_norm': 1.6450014114379883, 'train/tokens_per_sec': 7381.414013459787, 'train/step_time': 2.2196289179992164, 'train/mfu': 10.16, 'train/efficiency': 85.17, 'train/forward_time_percent': 25.78, 'train/backward_time_percent': 58.11, 'train/optimizer_time_percent': 1.29, 'train/overhead_time_percent': 14.83, 'epoch': 0.07794871794871795}
{'loss': 1.2908, 'learning_rate': 0.0001, 'grad_norm': 1.6450014114379883, 'train/tokens_per_sec': 7523.236345900941, 'train/step_time': 2.1777861609953106, 'train/mfu': 10.19, 'train/efficiency': 86.56, 'train/forward_time_percent': 25.45, 'train/backward_time_percent': 59.78, 'train/optimizer_time_percent': 1.33, 'train/overhead_time_percent': 13.44, 'epoch': 0.07794871794871795}
{'loss': 1.2908, 'learning_rate': 0.0001, 'grad_norm': 1.6450014114379883, 'train/tokens_per_sec': 8085.160390377031, 'train/step_time': 2.0264285689991084, 'train/mfu': 10.78, 'train/efficiency': 87.99, 'train/forward_time_percent': 26.7, 'train/backward_time_percent': 59.89, 'train/optimizer_time_percent': 1.39, 'train/overhead_time_percent': 12.01, 'epoch': 0.07794871794871795}
  step    20  loss   1.5580  |     1958.2 ms
{'loss': 1.558, 'learning_rate': 0.0001, 'grad_norm': 1.83353590965271, 'train/tokens_per_sec': 7744.600680196847, 'train/step_time': 2.115538383004605, 'train/mfu': 10.41, 'train/efficiency': 87.73, 'train/forward_time_percent': 26.82, 'train/backward_time_percent': 59.08, 'train/optimizer_time_percent': 1.83, 'train/overhead_time_percent': 12.27, 'epoch': 0.08205128205128205}
{'loss': 1.558, 'learning_rate': 0.0001, 'grad_norm': 1.83353590965271, 'train/tokens_per_sec': 7800.420015122868, 'train/step_time': 2.1003997179941507, 'train/mfu': 11.11, 'train/efficiency': 82.4, 'train/forward_time_percent': 25.38, 'train/backward_time_percent': 55.68, 'train/optimizer_time_percent': 1.34, 'train/overhead_time_percent': 17.6, 'epoch': 0.08205128205128205}
{'loss': 1.558, 'learning_rate': 0.0001, 'grad_norm': 1.83353590965271, 'train/tokens_per_sec': 7657.672740158637, 'train/step_time': 2.139553433000401, 'train/mfu': 10.79, 'train/efficiency': 83.24, 'train/forward_time_percent': 24.82, 'train/backward_time_percent': 57.09, 'train/optimizer_time_percent': 1.33, 'train/overhead_time_percent': 16.76, 'epoch': 0.08205128205128205}
{'loss': 1.558, 'learning_rate': 0.0001, 'grad_norm': 1.83353590965271, 'train/tokens_per_sec': 7854.2881023721375, 'train/step_time': 2.085994272994867, 'train/mfu': 10.64, 'train/efficiency': 86.75, 'train/forward_time_percent': 27.51, 'train/backward_time_percent': 57.67, 'train/optimizer_time_percent': 1.58, 'train/overhead_time_percent': 13.25, 'epoch': 0.08205128205128205}
{'loss': 1.5593, 'learning_rate': 0.0001, 'grad_norm': 1.7797770500183105, 'train/tokens_per_sec': 7492.539158028286, 'train/step_time': 2.186708624998573, 'train/mfu': 10.38, 'train/efficiency': 84.69, 'train/forward_time_percent': 25.8, 'train/backward_time_percent': 57.54, 'train/optimizer_time_percent': 1.35, 'train/overhead_time_percent': 15.31, 'epoch': 0.08615384615384615}{'loss': 1.5593, 'learning_rate': 0.0001, 'grad_norm': 1.7797770500183105, 'train/tokens_per_sec': 7532.635199471449, 'train/step_time': 2.175068825999915, 'train/mfu': 10.76, 'train/efficiency': 82.14, 'train/forward_time_percent': 25.11, 'train/backward_time_percent': 55.72, 'train/optimizer_time_percent': 1.31, 'train/overhead_time_percent': 17.86, 'epoch': 0.08615384615384615}

{'loss': 1.5593, 'learning_rate': 0.0001, 'grad_norm': 1.7797770500183105, 'train/tokens_per_sec': 7957.388136039064, 'train/step_time': 2.0589670529952855, 'train/mfu': 10.73, 'train/efficiency': 86.97, 'train/forward_time_percent': 26.52, 'train/backward_time_percent': 59.06, 'train/optimizer_time_percent': 1.39, 'train/overhead_time_percent': 13.03, 'epoch': 0.08615384615384615}
{'loss': 1.5593, 'learning_rate': 0.0001, 'grad_norm': 1.7797770500183105, 'train/tokens_per_sec': 8224.212335806293, 'train/step_time': 1.9921664630019222, 'train/mfu': 11.09, 'train/efficiency': 88.0, 'train/forward_time_percent': 26.07, 'train/backward_time_percent': 59.55, 'train/optimizer_time_percent': 2.38, 'train/overhead_time_percent': 12.0, 'epoch': 0.08615384615384615}
{'loss': 1.2659, 'learning_rate': 0.0001, 'grad_norm': 1.8340104818344116, 'train/tokens_per_sec': 7687.650897905241, 'train/step_time': 2.131210199004272, 'train/mfu': 10.79, 'train/efficiency': 84.01, 'train/forward_time_percent': 25.94, 'train/backward_time_percent': 56.26, 'train/optimizer_time_percent': 1.8, 'train/overhead_time_percent': 15.99, 'epoch': 0.09025641025641026}
{'loss': 1.2659, 'learning_rate': 0.0001, 'grad_norm': 1.8340104818344116, 'train/tokens_per_sec': 7557.294433779957, 'train/step_time': 2.1679716389990062, 'train/mfu': 10.37, 'train/efficiency': 85.6, 'train/forward_time_percent': 26.72, 'train/backward_time_percent': 57.42, 'train/optimizer_time_percent': 1.46, 'train/overhead_time_percent': 14.4, 'epoch': 0.09025641025641026}
{'loss': 1.2659, 'learning_rate': 0.0001, 'grad_norm': 1.8340104818344116, 'train/tokens_per_sec': 7930.23163809885, 'train/step_time': 2.066017835000821, 'train/mfu': 11.15, 'train/efficiency': 83.53, 'train/forward_time_percent': 25.42, 'train/backward_time_percent': 56.66, 'train/optimizer_time_percent': 1.44, 'train/overhead_time_percent': 16.47, 'epoch': 0.09025641025641026}
{'loss': 1.2659, 'learning_rate': 0.0001, 'grad_norm': 1.8340104818344116, 'train/tokens_per_sec': 7947.77572068243, 'train/step_time': 2.0614572650010814, 'train/mfu': 10.55, 'train/efficiency': 88.31, 'train/forward_time_percent': 27.16, 'train/backward_time_percent': 59.77, 'train/optimizer_time_percent': 1.38, 'train/overhead_time_percent': 11.69, 'epoch': 0.09025641025641026}
{'loss': 1.6666, 'learning_rate': 0.0001, 'grad_norm': 1.713757038116455, 'train/tokens_per_sec': 7628.924113467886, 'train/step_time': 2.147616066999035, 'train/mfu': 10.83, 'train/efficiency': 82.62, 'train/forward_time_percent': 24.74, 'train/backward_time_percent': 56.56, 'train/optimizer_time_percent': 1.32, 'train/overhead_time_percent': 17.38, 'epoch': 0.09435897435897436}
{'loss': 1.6666, 'learning_rate': 0.0001, 'grad_norm': 1.713757038116455, 'train/tokens_per_sec': 7873.085258257072, 'train/step_time': 2.081013917995733, 'train/mfu': 10.65, 'train/efficiency': 87.33, 'train/forward_time_percent': 27.57, 'train/backward_time_percent': 57.76, 'train/optimizer_time_percent': 1.99, 'train/overhead_time_percent': 12.67, 'epoch': 0.09435897435897436}
{'loss': 1.6666, 'learning_rate': 0.0001, 'grad_norm': 1.713757038116455, 'train/tokens_per_sec': 7881.014456334447, 'train/step_time': 2.078920180996647, 'train/mfu': 10.7, 'train/efficiency': 86.74, 'train/forward_time_percent': 27.63, 'train/backward_time_percent': 57.42, 'train/optimizer_time_percent': 1.7, 'train/overhead_time_percent': 13.26, 'epoch': 0.09435897435897436}
{'loss': 1.6666, 'learning_rate': 0.0001, 'grad_norm': 1.713757038116455, 'train/tokens_per_sec': 7916.635547029703, 'train/step_time': 2.069566029997077, 'train/mfu': 10.74, 'train/efficiency': 86.45, 'train/forward_time_percent': 25.62, 'train/backward_time_percent': 59.46, 'train/optimizer_time_percent': 1.37, 'train/overhead_time_percent': 13.55, 'epoch': 0.09435897435897436}
{'loss': 1.4567, 'learning_rate': 0.0001, 'grad_norm': 1.7170629501342773, 'train/tokens_per_sec': 7658.306704684819, 'train/step_time': 2.139376318002178, 'train/mfu': 10.38, 'train/efficiency': 86.58, 'train/forward_time_percent': 26.77, 'train/backward_time_percent': 58.41, 'train/optimizer_time_percent': 1.4, 'train/overhead_time_percent': 13.42, 'epoch': 0.09846153846153846}
{'loss': 1.4567, 'learning_rate': 0.0001, 'grad_norm': 1.7170629501342773, 'train/tokens_per_sec': 7980.901220143275, 'train/step_time': 2.0529009880046942, 'train/mfu': 10.98, 'train/efficiency': 85.35, 'train/forward_time_percent': 26.31, 'train/backward_time_percent': 57.55, 'train/optimizer_time_percent': 1.49, 'train/overhead_time_percent': 14.65, 'epoch': 0.09846153846153846}
{'loss': 1.4567, 'learning_rate': 0.0001, 'grad_norm': 1.7170629501342773, 'train/tokens_per_sec': 8269.841153402673, 'train/step_time': 1.9811746920022415, 'train/mfu': 11.16, 'train/efficiency': 86.98, 'train/forward_time_percent': 27.3, 'train/backward_time_percent': 58.2, 'train/optimizer_time_percent': 1.47, 'train/overhead_time_percent': 13.02, 'epoch': 0.09846153846153846}
{'loss': 1.4567, 'learning_rate': 0.0001, 'grad_norm': 1.7170629501342773, 'train/tokens_per_sec': 7952.409098969166, 'train/step_time': 2.060256181001023, 'train/mfu': 10.73, 'train/efficiency': 87.39, 'train/forward_time_percent': 26.87, 'train/backward_time_percent': 58.68, 'train/optimizer_time_percent': 1.83, 'train/overhead_time_percent': 12.61, 'epoch': 0.09846153846153846}
{'loss': 1.614, 'learning_rate': 0.0001, 'grad_norm': 1.8738956451416016, 'train/tokens_per_sec': 7911.711217302548, 'train/step_time': 2.07085414899484, 'train/mfu': 10.69, 'train/efficiency': 86.79, 'train/forward_time_percent': 26.23, 'train/backward_time_percent': 59.19, 'train/optimizer_time_percent': 1.37, 'train/overhead_time_percent': 13.21, 'epoch': 0.10256410256410256}
{'loss': 1.614, 'learning_rate': 0.0001, 'grad_norm': 1.8738956451416016, 'train/tokens_per_sec': 7684.065627111576, 'train/step_time': 2.1322045900014928, 'train/mfu': 10.94, 'train/efficiency': 82.44, 'train/forward_time_percent': 25.25, 'train/backward_time_percent': 55.86, 'train/optimizer_time_percent': 1.33, 'train/overhead_time_percent': 17.56, 'epoch': 0.10256410256410256}
{'loss': 1.614, 'learning_rate': 0.0001, 'grad_norm': 1.8738956451416016, 'train/tokens_per_sec': 8260.801626968288, 'train/step_time': 1.983342627005186, 'train/mfu': 11.05, 'train/efficiency': 87.89, 'train/forward_time_percent': 26.83, 'train/backward_time_percent': 59.48, 'train/optimizer_time_percent': 1.57, 'train/overhead_time_percent': 12.11, 'epoch': 0.10256410256410256}
{'loss': 1.614, 'learning_rate': 0.0001, 'grad_norm': 1.8738956451416016, 'train/tokens_per_sec': 7490.305050713363, 'train/step_time': 2.1873608469977626, 'train/mfu': 10.44, 'train/efficiency': 84.23, 'train/forward_time_percent': 26.93, 'train/backward_time_percent': 55.86, 'train/optimizer_time_percent': 1.43, 'train/overhead_time_percent': 15.77, 'epoch': 0.10256410256410256}
{'loss': 1.5253, 'learning_rate': 0.0001, 'grad_norm': 1.8109681606292725, 'train/tokens_per_sec': 7576.0361044427655, 'train/step_time': 2.1626084899980924, 'train/mfu': 10.56, 'train/efficiency': 84.26, 'train/forward_time_percent': 26.14, 'train/backward_time_percent': 56.66, 'train/optimizer_time_percent': 1.45, 'train/overhead_time_percent': 15.74, 'epoch': 0.10666666666666667}
{'loss': 1.5253, 'learning_rate': 0.0001, 'grad_norm': 1.8109681606292725, 'train/tokens_per_sec': 7911.466708596011, 'train/step_time': 2.0709181500060367, 'train/mfu': 10.74, 'train/efficiency': 86.37, 'train/forward_time_percent': 24.8, 'train/backward_time_percent': 60.22, 'train/optimizer_time_percent': 1.36, 'train/overhead_time_percent': 13.63, 'epoch': 0.10666666666666667}
{'loss': 1.5253, 'learning_rate': 0.0001, 'grad_norm': 1.8109681606292725, 'train/tokens_per_sec': 7899.105344550224, 'train/step_time': 2.0741589440003736, 'train/mfu': 10.47, 'train/efficiency': 88.41, 'train/forward_time_percent': 29.08, 'train/backward_time_percent': 57.98, 'train/optimizer_time_percent': 1.36, 'train/overhead_time_percent': 11.59, 'epoch': 0.10666666666666667}
{'loss': 1.5253, 'learning_rate': 0.0001, 'grad_norm': 1.8109681606292725, 'train/tokens_per_sec': 7910.972048944, 'train/step_time': 2.071047641002224, 'train/mfu': 11.11, 'train/efficiency': 83.58, 'train/forward_time_percent': 25.18, 'train/backward_time_percent': 57.04, 'train/optimizer_time_percent': 1.36, 'train/overhead_time_percent': 16.42, 'epoch': 0.10666666666666667}
{'loss': 1.7707, 'learning_rate': 0.0001, 'grad_norm': 1.875684380531311, 'train/tokens_per_sec': 7934.735391157308, 'train/step_time': 2.0648451639935956, 'train/mfu': 10.54, 'train/efficiency': 88.21, 'train/forward_time_percent': 25.58, 'train/backward_time_percent': 61.28, 'train/optimizer_time_percent': 1.35, 'train/overhead_time_percent': 11.79, 'epoch': 0.11076923076923077}
{'loss': 1.7707, 'learning_rate': 0.0001, 'grad_norm': 1.875684380531311, 'train/tokens_per_sec': 7939.767835680293, 'train/step_time': 2.0635364080008003, 'train/mfu': 10.83, 'train/efficiency': 86.01, 'train/forward_time_percent': 25.2, 'train/backward_time_percent': 59.44, 'train/optimizer_time_percent': 1.36, 'train/overhead_time_percent': 13.99, 'epoch': 0.11076923076923077}
{'loss': 1.7707, 'learning_rate': 0.0001, 'grad_norm': 1.875684380531311, 'train/tokens_per_sec': 7618.868477865861, 'train/step_time': 2.1504505619959673, 'train/mfu': 10.68, 'train/efficiency': 83.67, 'train/forward_time_percent': 27.67, 'train/backward_time_percent': 54.67, 'train/optimizer_time_percent': 1.34, 'train/overhead_time_percent': 16.33, 'epoch': 0.11076923076923077}
{'loss': 1.7707, 'learning_rate': 0.0001, 'grad_norm': 1.875684380531311, 'train/tokens_per_sec': 7780.883608103935, 'train/step_time': 2.105673445999855, 'train/mfu': 10.36, 'train/efficiency': 88.05, 'train/forward_time_percent': 28.72, 'train/backward_time_percent': 57.96, 'train/optimizer_time_percent': 1.37, 'train/overhead_time_percent': 11.95, 'epoch': 0.11076923076923077}
{'loss': 1.4885, 'learning_rate': 0.0001, 'grad_norm': 1.7476329803466797, 'train/tokens_per_sec': 7896.553476074698, 'train/step_time': 2.0748292339994805, 'train/mfu': 10.53, 'train/efficiency': 88.07, 'train/forward_time_percent': 28.48, 'train/backward_time_percent': 58.03, 'train/optimizer_time_percent': 1.55, 'train/overhead_time_percent': 11.93, 'epoch': 0.11487179487179487}{'loss': 1.4885, 'learning_rate': 0.0001, 'grad_norm': 1.7476329803466797, 'train/tokens_per_sec': 7963.708861540882, 'train/step_time': 2.0573328690006747, 'train/mfu': 10.96, 'train/efficiency': 85.21, 'train/forward_time_percent': 27.62, 'train/backward_time_percent': 56.21, 'train/optimizer_time_percent': 1.38, 'train/overhead_time_percent': 14.79, 'epoch': 0.11487179487179487}

{'loss': 1.4885, 'learning_rate': 0.0001, 'grad_norm': 1.7476329803466797, 'train/tokens_per_sec': 7962.747332496462, 'train/step_time': 2.057581298999139, 'train/mfu': 10.81, 'train/efficiency': 86.47, 'train/forward_time_percent': 25.51, 'train/backward_time_percent': 59.55, 'train/optimizer_time_percent': 1.41, 'train/overhead_time_percent': 13.53, 'epoch': 0.11487179487179487}
{'loss': 1.4885, 'learning_rate': 0.0001, 'grad_norm': 1.7476329803466797, 'train/tokens_per_sec': 7975.5476873291245, 'train/step_time': 2.0542789840037585, 'train/mfu': 11.17, 'train/efficiency': 83.82, 'train/forward_time_percent': 25.58, 'train/backward_time_percent': 56.83, 'train/optimizer_time_percent': 1.41, 'train/overhead_time_percent': 16.18, 'epoch': 0.11487179487179487}
{'loss': 1.5308, 'learning_rate': 0.0001, 'grad_norm': 1.7677916288375854, 'train/tokens_per_sec': 7884.732772047579, 'train/step_time': 2.0779397950027487, 'train/mfu': 10.46, 'train/efficiency': 88.42, 'train/forward_time_percent': 28.8, 'train/backward_time_percent': 58.23, 'train/optimizer_time_percent': 1.39, 'train/overhead_time_percent': 11.58, 'epoch': 0.11897435897435897}
{'loss': 1.5308, 'learning_rate': 0.0001, 'grad_norm': 1.7677916288375854, 'train/tokens_per_sec': 7871.137038121573, 'train/step_time': 2.081528999005968, 'train/mfu': 10.75, 'train/efficiency': 85.87, 'train/forward_time_percent': 26.35, 'train/backward_time_percent': 58.14, 'train/optimizer_time_percent': 1.38, 'train/overhead_time_percent': 14.13, 'epoch': 0.11897435897435897}
{'loss': 1.5308, 'learning_rate': 0.0001, 'grad_norm': 1.7677916288375854, 'train/tokens_per_sec': 7973.707478260589, 'train/step_time': 2.054753080003138, 'train/mfu': 11.01, 'train/efficiency': 84.98, 'train/forward_time_percent': 26.54, 'train/backward_time_percent': 57.05, 'train/optimizer_time_percent': 1.39, 'train/overhead_time_percent': 15.02, 'epoch': 0.11897435897435897}
{'loss': 1.5308, 'learning_rate': 0.0001, 'grad_norm': 1.7677916288375854, 'train/tokens_per_sec': 7796.369302553211, 'train/step_time': 2.1014910100057023, 'train/mfu': 11.04, 'train/efficiency': 82.89, 'train/forward_time_percent': 26.26, 'train/backward_time_percent': 55.25, 'train/optimizer_time_percent': 1.37, 'train/overhead_time_percent': 17.11, 'epoch': 0.11897435897435897}
{'loss': 1.6304, 'learning_rate': 0.0001, 'grad_norm': 1.9153648614883423, 'train/tokens_per_sec': 7909.694401077853, 'train/step_time': 2.071382176000043, 'train/mfu': 11.03, 'train/efficiency': 84.11, 'train/forward_time_percent': 26.74, 'train/backward_time_percent': 56.02, 'train/optimizer_time_percent': 1.36, 'train/overhead_time_percent': 15.89, 'epoch': 0.12307692307692308}
{'loss': 1.6304, 'learning_rate': 0.0001, 'grad_norm': 1.9153648614883423, 'train/tokens_per_sec': 8023.745927388137, 'train/step_time': 2.0419390329989255, 'train/mfu': 10.84, 'train/efficiency': 87.39, 'train/forward_time_percent': 26.97, 'train/backward_time_percent': 58.41, 'train/optimizer_time_percent': 2.0, 'train/overhead_time_percent': 12.61, 'epoch': 0.12307692307692308}
  step    30  loss   1.6304  |     1878.5 ms
{'loss': 1.6304, 'learning_rate': 0.0001, 'grad_norm': 1.9153648614883423, 'train/tokens_per_sec': 7839.471265535891, 'train/step_time': 2.089936865006166, 'train/mfu': 10.77, 'train/efficiency': 85.38, 'train/forward_time_percent': 27.49, 'train/backward_time_percent': 56.49, 'train/optimizer_time_percent': 1.41, 'train/overhead_time_percent': 14.62, 'epoch': 0.12307692307692308}
{'loss': 1.6304, 'learning_rate': 0.0001, 'grad_norm': 1.9153648614883423, 'train/tokens_per_sec': 7587.364971912116, 'train/step_time': 2.159379450000415, 'train/mfu': 10.67, 'train/efficiency': 83.51, 'train/forward_time_percent': 25.85, 'train/backward_time_percent': 56.19, 'train/optimizer_time_percent': 1.47, 'train/overhead_time_percent': 16.49, 'epoch': 0.12307692307692308}
{'loss': 1.5222, 'learning_rate': 0.0001, 'grad_norm': 1.7676035165786743, 'train/tokens_per_sec': 7814.521694178119, 'train/step_time': 2.096609446001821, 'train/mfu': 10.85, 'train/efficiency': 84.48, 'train/forward_time_percent': 26.64, 'train/backward_time_percent': 56.48, 'train/optimizer_time_percent': 1.36, 'train/overhead_time_percent': 15.52, 'epoch': 0.12717948717948718}
{'loss': 1.5222, 'learning_rate': 0.0001, 'grad_norm': 1.7676035165786743, 'train/tokens_per_sec': 7980.187924885843, 'train/step_time': 2.053084482999111, 'train/mfu': 10.84, 'train/efficiency': 86.5, 'train/forward_time_percent': 27.34, 'train/backward_time_percent': 57.6, 'train/optimizer_time_percent': 1.56, 'train/overhead_time_percent': 13.5, 'epoch': 0.12717948717948718}
{'loss': 1.5222, 'learning_rate': 0.0001, 'grad_norm': 1.7676035165786743, 'train/tokens_per_sec': 8262.078503737745, 'train/step_time': 1.9830361079948489, 'train/mfu': 11.05, 'train/efficiency': 87.74, 'train/forward_time_percent': 27.37, 'train/backward_time_percent': 58.96, 'train/optimizer_time_percent': 1.41, 'train/overhead_time_percent': 12.26, 'epoch': 0.12717948717948718}
{'loss': 1.5222, 'learning_rate': 0.0001, 'grad_norm': 1.7676035165786743, 'train/tokens_per_sec': 8242.821072109775, 'train/step_time': 1.987669009999081, 'train/mfu': 11.21, 'train/efficiency': 86.31, 'train/forward_time_percent': 26.34, 'train/backward_time_percent': 58.54, 'train/optimizer_time_percent': 1.43, 'train/overhead_time_percent': 13.69, 'epoch': 0.12717948717948718}
{'loss': 1.4221, 'learning_rate': 0.0001, 'grad_norm': 1.8852548599243164, 'train/tokens_per_sec': 7973.683026570415, 'train/step_time': 2.05475938100426, 'train/mfu': 10.62, 'train/efficiency': 88.23, 'train/forward_time_percent': 28.35, 'train/backward_time_percent': 58.32, 'train/optimizer_time_percent': 1.56, 'train/overhead_time_percent': 11.77, 'epoch': 0.13128205128205128}
{'loss': 1.4221, 'learning_rate': 0.0001, 'grad_norm': 1.8852548599243164, 'train/tokens_per_sec': 7917.425378235394, 'train/step_time': 2.0693595730044763, 'train/mfu': 10.94, 'train/efficiency': 84.94, 'train/forward_time_percent': 25.16, 'train/backward_time_percent': 58.38, 'train/optimizer_time_percent': 1.41, 'train/overhead_time_percent': 15.06, 'epoch': 0.13128205128205128}
{'loss': 1.4221, 'learning_rate': 0.0001, 'grad_norm': 1.8852548599243164, 'train/tokens_per_sec': 8002.356537692181, 'train/step_time': 2.047396904003108, 'train/mfu': 10.87, 'train/efficiency': 86.4, 'train/forward_time_percent': 26.13, 'train/backward_time_percent': 58.88, 'train/optimizer_time_percent': 1.39, 'train/overhead_time_percent': 13.6, 'epoch': 0.13128205128205128}
{'loss': 1.4221, 'learning_rate': 0.0001, 'grad_norm': 1.8852548599243164, 'train/tokens_per_sec': 8392.720470629032, 'train/step_time': 1.9521679600002244, 'train/mfu': 11.26, 'train/efficiency': 87.51, 'train/forward_time_percent': 26.56, 'train/backward_time_percent': 59.48, 'train/optimizer_time_percent': 1.47, 'train/overhead_time_percent': 12.49, 'epoch': 0.13128205128205128}
{'loss': 1.4504, 'learning_rate': 0.0001, 'grad_norm': 1.7438653707504272, 'train/tokens_per_sec': 8309.404098151183, 'train/step_time': 1.9717418729997007, 'train/mfu': 11.37, 'train/efficiency': 85.79, 'train/forward_time_percent': 26.81, 'train/backward_time_percent': 57.56, 'train/optimizer_time_percent': 1.42, 'train/overhead_time_percent': 14.21, 'epoch': 0.13538461538461538}{'loss': 1.4504, 'learning_rate': 0.0001, 'grad_norm': 1.7438653707504272, 'train/tokens_per_sec': 8319.13448147714, 'train/step_time': 1.9694356469990453, 'train/mfu': 11.13, 'train/efficiency': 88.08, 'train/forward_time_percent': 26.95, 'train/backward_time_percent': 59.31, 'train/optimizer_time_percent': 1.82, 'train/overhead_time_percent': 11.92, 'epoch': 0.13538461538461538}

{'loss': 1.4504, 'learning_rate': 0.0001, 'grad_norm': 1.7438653707504272, 'train/tokens_per_sec': 8078.003055307676, 'train/step_time': 2.028224040994246, 'train/mfu': 11.15, 'train/efficiency': 85.19, 'train/forward_time_percent': 25.38, 'train/backward_time_percent': 58.26, 'train/optimizer_time_percent': 1.56, 'train/overhead_time_percent': 14.81, 'epoch': 0.13538461538461538}
{'loss': 1.4504, 'learning_rate': 0.0001, 'grad_norm': 1.7438653707504272, 'train/tokens_per_sec': 8026.611076750902, 'train/step_time': 2.04121015000419, 'train/mfu': 11.31, 'train/efficiency': 83.29, 'train/forward_time_percent': 25.71, 'train/backward_time_percent': 56.2, 'train/optimizer_time_percent': 1.38, 'train/overhead_time_percent': 16.71, 'epoch': 0.13538461538461538}
{'loss': 1.365, 'learning_rate': 0.0001, 'grad_norm': 1.7889145612716675, 'train/tokens_per_sec': 8294.015671175086, 'train/step_time': 1.9754001740002423, 'train/mfu': 11.29, 'train/efficiency': 86.27, 'train/forward_time_percent': 26.54, 'train/backward_time_percent': 58.3, 'train/optimizer_time_percent': 1.43, 'train/overhead_time_percent': 13.73, 'epoch': 0.13948717948717948}{'loss': 1.365, 'learning_rate': 0.0001, 'grad_norm': 1.7889145612716675, 'train/tokens_per_sec': 8542.010142615565, 'train/step_time': 1.918049701002019, 'train/mfu': 11.42, 'train/efficiency': 87.88, 'train/forward_time_percent': 27.38, 'train/backward_time_percent': 58.98, 'train/optimizer_time_percent': 1.53, 'train/overhead_time_percent': 12.12, 'epoch': 0.13948717948717948}{'loss': 1.365, 'learning_rate': 0.0001, 'grad_norm': 1.7889145612716675, 'train/tokens_per_sec': 8193.826633382558, 'train/step_time': 1.9995541440002853, 'train/mfu': 10.95, 'train/efficiency': 87.9, 'train/forward_time_percent': 27.61, 'train/backward_time_percent': 58.79, 'train/optimizer_time_percent': 1.51, 'train/overhead_time_percent': 12.1, 'epoch': 0.13948717948717948}{'loss': 1.365, 'learning_rate': 0.0001, 'grad_norm': 1.7889145612716675, 'train/tokens_per_sec': 8059.532302034079, 'train/step_time': 2.0328723040001933, 'train/mfu': 10.96, 'train/efficiency': 86.26, 'train/forward_time_percent': 26.77, 'train/backward_time_percent': 58.09, 'train/optimizer_time_percent': 1.4, 'train/overhead_time_percent': 13.74, 'epoch': 0.13948717948717948}



{'loss': 1.5165, 'learning_rate': 0.0001, 'grad_norm': 1.7556493282318115, 'train/tokens_per_sec': 8084.495475536986, 'train/step_time': 2.0265952339977957, 'train/mfu': 10.82, 'train/efficiency': 87.74, 'train/forward_time_percent': 28.21, 'train/backward_time_percent': 58.0, 'train/optimizer_time_percent': 1.53, 'train/overhead_time_percent': 12.26, 'epoch': 0.14358974358974358}
{'loss': 1.5165, 'learning_rate': 0.0001, 'grad_norm': 1.7556493282318115, 'train/tokens_per_sec': 7920.716570340522, 'train/step_time': 2.0684997189964633, 'train/mfu': 11.0, 'train/efficiency': 84.52, 'train/forward_time_percent': 27.19, 'train/backward_time_percent': 55.97, 'train/optimizer_time_percent': 1.36, 'train/overhead_time_percent': 15.48, 'epoch': 0.14358974358974358}
{'loss': 1.5165, 'learning_rate': 0.0001, 'grad_norm': 1.7556493282318115, 'train/tokens_per_sec': 8278.15229132598, 'train/step_time': 1.979185623000376, 'train/mfu': 11.05, 'train/efficiency': 87.85, 'train/forward_time_percent': 27.32, 'train/backward_time_percent': 59.12, 'train/optimizer_time_percent': 1.41, 'train/overhead_time_percent': 12.15, 'epoch': 0.14358974358974358}
{'loss': 1.5165, 'learning_rate': 0.0001, 'grad_norm': 1.7556493282318115, 'train/tokens_per_sec': 7917.214588899741, 'train/step_time': 2.0694146680034464, 'train/mfu': 10.87, 'train/efficiency': 85.56, 'train/forward_time_percent': 26.81, 'train/backward_time_percent': 57.25, 'train/optimizer_time_percent': 1.5, 'train/overhead_time_percent': 14.44, 'epoch': 0.14358974358974358}
{'loss': 1.0897, 'learning_rate': 0.0001, 'grad_norm': 1.5202839374542236, 'train/tokens_per_sec': 8179.032038371951, 'train/step_time': 2.0031710260009277, 'train/mfu': 11.14, 'train/efficiency': 86.13, 'train/forward_time_percent': 26.45, 'train/backward_time_percent': 58.28, 'train/optimizer_time_percent': 1.4, 'train/overhead_time_percent': 13.87, 'epoch': 0.1476923076923077}{'loss': 1.0897, 'learning_rate': 0.0001, 'grad_norm': 1.5202839374542236, 'train/tokens_per_sec': 8139.429532777021, 'train/step_time': 2.012917481995828, 'train/mfu': 10.97, 'train/efficiency': 87.17, 'train/forward_time_percent': 26.64, 'train/backward_time_percent': 59.02, 'train/optimizer_time_percent': 1.52, 'train/overhead_time_percent': 12.83, 'epoch': 0.1476923076923077}

{'loss': 1.0897, 'learning_rate': 0.0001, 'grad_norm': 1.5202839374542236, 'train/tokens_per_sec': 8201.0031555656, 'train/step_time': 1.997804377002467, 'train/mfu': 11.23, 'train/efficiency': 85.71, 'train/forward_time_percent': 27.06, 'train/backward_time_percent': 57.24, 'train/optimizer_time_percent': 1.41, 'train/overhead_time_percent': 14.29, 'epoch': 0.1476923076923077}
{'loss': 1.0897, 'learning_rate': 0.0001, 'grad_norm': 1.5202839374542236, 'train/tokens_per_sec': 8251.28795875473, 'train/step_time': 1.985629404996871, 'train/mfu': 11.01, 'train/efficiency': 87.95, 'train/forward_time_percent': 27.11, 'train/backward_time_percent': 59.37, 'train/optimizer_time_percent': 1.46, 'train/overhead_time_percent': 12.05, 'epoch': 0.1476923076923077}
{'loss': 1.307, 'learning_rate': 0.0001, 'grad_norm': 1.7060035467147827, 'train/tokens_per_sec': 8355.343796180103, 'train/step_time': 1.9609007600010955, 'train/mfu': 11.26, 'train/efficiency': 87.25, 'train/forward_time_percent': 25.75, 'train/backward_time_percent': 59.92, 'train/optimizer_time_percent': 1.58, 'train/overhead_time_percent': 12.75, 'epoch': 0.1517948717948718}
{'loss': 1.307, 'learning_rate': 0.0001, 'grad_norm': 1.7060035467147827, 'train/tokens_per_sec': 7870.595473857112, 'train/step_time': 2.0816722259987728, 'train/mfu': 10.78, 'train/efficiency': 85.61, 'train/forward_time_percent': 26.74, 'train/backward_time_percent': 57.53, 'train/optimizer_time_percent': 1.34, 'train/overhead_time_percent': 14.39, 'epoch': 0.1517948717948718}
{'loss': 1.307, 'learning_rate': 0.0001, 'grad_norm': 1.7060035467147827, 'train/tokens_per_sec': 7718.943945266156, 'train/step_time': 2.1225701489966013, 'train/mfu': 10.45, 'train/efficiency': 86.81, 'train/forward_time_percent': 28.36, 'train/backward_time_percent': 56.92, 'train/optimizer_time_percent': 1.52, 'train/overhead_time_percent': 13.19, 'epoch': 0.1517948717948718}
{'loss': 1.307, 'learning_rate': 0.0001, 'grad_norm': 1.7060035467147827, 'train/tokens_per_sec': 8176.309029292874, 'train/step_time': 2.003838155003905, 'train/mfu': 10.89, 'train/efficiency': 88.12, 'train/forward_time_percent': 25.91, 'train/backward_time_percent': 60.73, 'train/optimizer_time_percent': 1.47, 'train/overhead_time_percent': 11.88, 'epoch': 0.1517948717948718}
{'loss': 1.4395, 'learning_rate': 0.0001, 'grad_norm': 1.7706061601638794, 'train/tokens_per_sec': 7538.641136660288, 'train/step_time': 2.1733359770005336, 'train/mfu': 10.44, 'train/efficiency': 84.71, 'train/forward_time_percent': 27.7, 'train/backward_time_percent': 55.65, 'train/optimizer_time_percent': 1.37, 'train/overhead_time_percent': 15.29, 'epoch': 0.1558974358974359}
{'loss': 1.4395, 'learning_rate': 0.0001, 'grad_norm': 1.7706061601638794, 'train/tokens_per_sec': 7836.245233404758, 'train/step_time': 2.090797251999902, 'train/mfu': 11.21, 'train/efficiency': 82.05, 'train/forward_time_percent': 24.82, 'train/backward_time_percent': 55.89, 'train/optimizer_time_percent': 1.34, 'train/overhead_time_percent': 17.95, 'epoch': 0.1558974358974359}
{'loss': 1.4395, 'learning_rate': 0.0001, 'grad_norm': 1.7706061601638794, 'train/tokens_per_sec': 7965.355545592968, 'train/step_time': 2.0569075550010893, 'train/mfu': 10.58, 'train/efficiency': 88.32, 'train/forward_time_percent': 26.52, 'train/backward_time_percent': 60.4, 'train/optimizer_time_percent': 1.4, 'train/overhead_time_percent': 11.68, 'epoch': 0.1558974358974359}
{'loss': 1.4395, 'learning_rate': 0.0001, 'grad_norm': 1.7706061601638794, 'train/tokens_per_sec': 8015.225127558747, 'train/step_time': 2.044109770999057, 'train/mfu': 10.98, 'train/efficiency': 85.74, 'train/forward_time_percent': 24.89, 'train/backward_time_percent': 59.4, 'train/optimizer_time_percent': 1.45, 'train/overhead_time_percent': 14.26, 'epoch': 0.1558974358974359}
{'loss': 1.5843, 'learning_rate': 0.0001, 'grad_norm': 1.8197529315948486, 'train/tokens_per_sec': 7949.069674063809, 'train/step_time': 2.0611216999968747, 'train/mfu': 10.67, 'train/efficiency': 87.4, 'train/forward_time_percent': 26.61, 'train/backward_time_percent': 59.38, 'train/optimizer_time_percent': 1.42, 'train/overhead_time_percent': 12.6, 'epoch': 0.16}
{'loss': 1.5843, 'learning_rate': 0.0001, 'grad_norm': 1.8197529315948486, 'train/tokens_per_sec': 7803.10660752889, 'train/step_time': 2.0996765550007694, 'train/mfu': 10.63, 'train/efficiency': 86.11, 'train/forward_time_percent': 25.7, 'train/backward_time_percent': 59.03, 'train/optimizer_time_percent': 1.38, 'train/overhead_time_percent': 13.89, 'epoch': 0.16}
{'loss': 1.5843, 'learning_rate': 0.0001, 'grad_norm': 1.8197529315948486, 'train/tokens_per_sec': 7778.447028790588, 'train/step_time': 2.1063330430042697, 'train/mfu': 10.93, 'train/efficiency': 83.48, 'train/forward_time_percent': 24.81, 'train/backward_time_percent': 57.34, 'train/optimizer_time_percent': 1.33, 'train/overhead_time_percent': 16.52, 'epoch': 0.16}
{'loss': 1.5843, 'learning_rate': 0.0001, 'grad_norm': 1.8197529315948486, 'train/tokens_per_sec': 7846.166962482737, 'train/step_time': 2.0881533720021253, 'train/mfu': 11.26, 'train/efficiency': 81.79, 'train/forward_time_percent': 25.41, 'train/backward_time_percent': 55.04, 'train/optimizer_time_percent': 1.33, 'train/overhead_time_percent': 18.21, 'epoch': 0.16}
  step    40  loss   1.4245  |     1855.9 ms
{'loss': 1.4245, 'learning_rate': 0.0001, 'grad_norm': 2.3792667388916016, 'train/tokens_per_sec': 7701.875190840893, 'train/step_time': 2.127274149999721, 'train/mfu': 10.91, 'train/efficiency': 82.97, 'train/forward_time_percent': 26.4, 'train/backward_time_percent': 55.1, 'train/optimizer_time_percent': 1.47, 'train/overhead_time_percent': 17.03, 'epoch': 0.1641025641025641}
{'loss': 1.4245, 'learning_rate': 0.0001, 'grad_norm': 2.3792667388916016, 'train/tokens_per_sec': 7884.7537366838005, 'train/step_time': 2.0779342700043344, 'train/mfu': 10.87, 'train/efficiency': 85.08, 'train/forward_time_percent': 27.06, 'train/backward_time_percent': 56.63, 'train/optimizer_time_percent': 1.39, 'train/overhead_time_percent': 14.92, 'epoch': 0.1641025641025641}
{'loss': 1.4245, 'learning_rate': 0.0001, 'grad_norm': 2.3792667388916016, 'train/tokens_per_sec': 8162.437382233373, 'train/step_time': 2.0072435760012013, 'train/mfu': 10.93, 'train/efficiency': 87.67, 'train/forward_time_percent': 26.86, 'train/backward_time_percent': 59.36, 'train/optimizer_time_percent': 1.45, 'train/overhead_time_percent': 12.33, 'epoch': 0.1641025641025641}
{'loss': 1.4245, 'learning_rate': 0.0001, 'grad_norm': 2.3792667388916016, 'train/tokens_per_sec': 8204.309713474855, 'train/step_time': 1.9969992080004886, 'train/mfu': 10.96, 'train/efficiency': 87.89, 'train/forward_time_percent': 28.37, 'train/backward_time_percent': 58.01, 'train/optimizer_time_percent': 1.51, 'train/overhead_time_percent': 12.11, 'epoch': 0.1641025641025641}
{'loss': 1.257, 'learning_rate': 0.0001, 'grad_norm': 1.6903897523880005, 'train/tokens_per_sec': 7798.508860367757, 'train/step_time': 2.100914456001192, 'train/mfu': 10.5, 'train/efficiency': 87.08, 'train/forward_time_percent': 26.82, 'train/backward_time_percent': 58.9, 'train/optimizer_time_percent': 1.36, 'train/overhead_time_percent': 12.92, 'epoch': 0.1682051282051282}
{'loss': 1.257, 'learning_rate': 0.0001, 'grad_norm': 1.6903897523880005, 'train/tokens_per_sec': 8257.530731672101, 'train/step_time': 1.9841282500055968, 'train/mfu': 11.12, 'train/efficiency': 87.14, 'train/forward_time_percent': 27.3, 'train/backward_time_percent': 58.43, 'train/optimizer_time_percent': 1.42, 'train/overhead_time_percent': 12.86, 'epoch': 0.1682051282051282}
{'loss': 1.257, 'learning_rate': 0.0001, 'grad_norm': 1.6903897523880005, 'train/tokens_per_sec': 7885.768471382648, 'train/step_time': 2.0776668830003473, 'train/mfu': 10.56, 'train/efficiency': 87.56, 'train/forward_time_percent': 27.9, 'train/backward_time_percent': 58.26, 'train/optimizer_time_percent': 1.4, 'train/overhead_time_percent': 12.44, 'epoch': 0.1682051282051282}
{'loss': 1.257, 'learning_rate': 0.0001, 'grad_norm': 1.6903897523880005, 'train/tokens_per_sec': 8072.865315740862, 'train/step_time': 2.029514845002268, 'train/mfu': 10.78, 'train/efficiency': 87.82, 'train/forward_time_percent': 28.83, 'train/backward_time_percent': 57.61, 'train/optimizer_time_percent': 1.38, 'train/overhead_time_percent': 12.18, 'epoch': 0.1682051282051282}
{'loss': 1.6591, 'learning_rate': 0.0001, 'grad_norm': 1.7770427465438843, 'train/tokens_per_sec': 7852.125630067144, 'train/step_time': 2.086568754995824, 'train/mfu': 10.76, 'train/efficiency': 85.54, 'train/forward_time_percent': 26.91, 'train/backward_time_percent': 57.31, 'train/optimizer_time_percent': 1.32, 'train/overhead_time_percent': 14.46, 'epoch': 0.1723076923076923}
{'loss': 1.6591, 'learning_rate': 0.0001, 'grad_norm': 1.7770427465438843, 'train/tokens_per_sec': 7537.460092093265, 'train/step_time': 2.1736765169989667, 'train/mfu': 10.6, 'train/efficiency': 83.41, 'train/forward_time_percent': 26.56, 'train/backward_time_percent': 55.49, 'train/optimizer_time_percent': 1.35, 'train/overhead_time_percent': 16.59, 'epoch': 0.1723076923076923}{'loss': 1.6591, 'learning_rate': 0.0001, 'grad_norm': 1.7770427465438843, 'train/tokens_per_sec': 7805.1268111500385, 'train/step_time': 2.099133095005527, 'train/mfu': 10.4, 'train/efficiency': 88.0, 'train/forward_time_percent': 28.96, 'train/backward_time_percent': 57.68, 'train/optimizer_time_percent': 1.36, 'train/overhead_time_percent': 12.0, 'epoch': 0.1723076923076923}

{'loss': 1.6591, 'learning_rate': 0.0001, 'grad_norm': 1.7770427465438843, 'train/tokens_per_sec': 7989.13788933389, 'train/step_time': 2.050784480998118, 'train/mfu': 10.69, 'train/efficiency': 87.67, 'train/forward_time_percent': 26.56, 'train/backward_time_percent': 59.73, 'train/optimizer_time_percent': 1.38, 'train/overhead_time_percent': 12.33, 'epoch': 0.1723076923076923}
{'loss': 1.3049, 'learning_rate': 0.0001, 'grad_norm': 1.617697834968567, 'train/tokens_per_sec': 7753.115605297199, 'train/step_time': 2.1132149749973905, 'train/mfu': 10.86, 'train/efficiency': 83.94, 'train/forward_time_percent': 25.59, 'train/backward_time_percent': 56.76, 'train/optimizer_time_percent': 1.59, 'train/overhead_time_percent': 16.06, 'epoch': 0.1764102564102564}{'loss': 1.3049, 'learning_rate': 0.0001, 'grad_norm': 1.617697834968567, 'train/tokens_per_sec': 7948.171043884216, 'train/step_time': 2.0613547329994617, 'train/mfu': 10.9, 'train/efficiency': 85.57, 'train/forward_time_percent': 26.46, 'train/backward_time_percent': 57.71, 'train/optimizer_time_percent': 1.4, 'train/overhead_time_percent': 14.43, 'epoch': 0.1764102564102564}

{'loss': 1.3049, 'learning_rate': 0.0001, 'grad_norm': 1.617697834968567, 'train/tokens_per_sec': 7848.966717841705, 'train/step_time': 2.0874085199975525, 'train/mfu': 10.57, 'train/efficiency': 87.03, 'train/forward_time_percent': 26.8, 'train/backward_time_percent': 58.87, 'train/optimizer_time_percent': 1.37, 'train/overhead_time_percent': 12.97, 'epoch': 0.1764102564102564}
{'loss': 1.3049, 'learning_rate': 0.0001, 'grad_norm': 1.617697834968567, 'train/tokens_per_sec': 8463.954868366183, 'train/step_time': 1.9357381099980557, 'train/mfu': 11.37, 'train/efficiency': 87.56, 'train/forward_time_percent': 26.38, 'train/backward_time_percent': 59.57, 'train/optimizer_time_percent': 1.62, 'train/overhead_time_percent': 12.44, 'epoch': 0.1764102564102564}
{'loss': 1.5778, 'learning_rate': 0.0001, 'grad_norm': 1.6653443574905396, 'train/tokens_per_sec': 7812.463987786718, 'train/step_time': 2.0971616669994546, 'train/mfu': 10.44, 'train/efficiency': 87.68, 'train/forward_time_percent': 26.17, 'train/backward_time_percent': 60.16, 'train/optimizer_time_percent': 1.35, 'train/overhead_time_percent': 12.32, 'epoch': 0.18051282051282053}
{'loss': 1.5778, 'learning_rate': 0.0001, 'grad_norm': 1.6653443574905396, 'train/tokens_per_sec': 7506.078440324917, 'train/step_time': 2.1827642930002185, 'train/mfu': 10.33, 'train/efficiency': 85.2, 'train/forward_time_percent': 28.45, 'train/backward_time_percent': 55.43, 'train/optimizer_time_percent': 1.32, 'train/overhead_time_percent': 14.8, 'epoch': 0.18051282051282053}
{'loss': 1.5778, 'learning_rate': 0.0001, 'grad_norm': 1.6653443574905396, 'train/tokens_per_sec': 7966.504516672264, 'train/step_time': 2.0566108970015193, 'train/mfu': 10.59, 'train/efficiency': 88.16, 'train/forward_time_percent': 28.13, 'train/backward_time_percent': 58.66, 'train/optimizer_time_percent': 1.37, 'train/overhead_time_percent': 11.84, 'epoch': 0.18051282051282053}
{'loss': 1.5778, 'learning_rate': 0.0001, 'grad_norm': 1.6653443574905396, 'train/tokens_per_sec': 7876.289830792635, 'train/step_time': 2.08016723000037, 'train/mfu': 11.23, 'train/efficiency': 82.33, 'train/forward_time_percent': 24.99, 'train/backward_time_percent': 55.98, 'train/optimizer_time_percent': 1.35, 'train/overhead_time_percent': 17.67, 'epoch': 0.18051282051282053}
{'loss': 1.2834, 'learning_rate': 0.0001, 'grad_norm': 1.567894697189331, 'train/tokens_per_sec': 7667.976957192383, 'train/step_time': 2.1366783039993607, 'train/mfu': 11.15, 'train/efficiency': 80.71, 'train/forward_time_percent': 24.57, 'train/backward_time_percent': 54.8, 'train/optimizer_time_percent': 1.33, 'train/overhead_time_percent': 19.29, 'epoch': 0.18461538461538463}{'loss': 1.2834, 'learning_rate': 0.0001, 'grad_norm': 1.567894697189331, 'train/tokens_per_sec': 8187.07520409119, 'train/step_time': 2.0012030660000164, 'train/mfu': 11.19, 'train/efficiency': 85.86, 'train/forward_time_percent': 25.98, 'train/backward_time_percent': 58.46, 'train/optimizer_time_percent': 1.42, 'train/overhead_time_percent': 14.14, 'epoch': 0.18461538461538463}

{'loss': 1.2834, 'learning_rate': 0.0001, 'grad_norm': 1.567894697189331, 'train/tokens_per_sec': 8320.836567465869, 'train/step_time': 1.9690327850039466, 'train/mfu': 11.14, 'train/efficiency': 87.62, 'train/forward_time_percent': 27.28, 'train/backward_time_percent': 58.92, 'train/optimizer_time_percent': 1.42, 'train/overhead_time_percent': 12.38, 'epoch': 0.18461538461538463}
{'loss': 1.2834, 'learning_rate': 0.0001, 'grad_norm': 1.567894697189331, 'train/tokens_per_sec': 7847.561027406285, 'train/step_time': 2.087782426002377, 'train/mfu': 10.88, 'train/efficiency': 84.66, 'train/forward_time_percent': 27.04, 'train/backward_time_percent': 56.22, 'train/optimizer_time_percent': 1.39, 'train/overhead_time_percent': 15.34, 'epoch': 0.18461538461538463}
{'loss': 1.3405, 'learning_rate': 0.0001, 'grad_norm': 1.5183920860290527, 'train/tokens_per_sec': 8086.905814896591, 'train/step_time': 2.0259911979956087, 'train/mfu': 10.8, 'train/efficiency': 87.89, 'train/forward_time_percent': 27.87, 'train/backward_time_percent': 58.55, 'train/optimizer_time_percent': 1.47, 'train/overhead_time_percent': 12.11, 'epoch': 0.18871794871794872}
{'loss': 1.3405, 'learning_rate': 0.0001, 'grad_norm': 1.5183920860290527, 'train/tokens_per_sec': 7812.925309740943, 'train/step_time': 2.0970378380006878, 'train/mfu': 10.77, 'train/efficiency': 85.22, 'train/forward_time_percent': 26.11, 'train/backward_time_percent': 57.64, 'train/optimizer_time_percent': 1.46, 'train/overhead_time_percent': 14.78, 'epoch': 0.18871794871794872}{'loss': 1.3405, 'learning_rate': 0.0001, 'grad_norm': 1.5183920860290527, 'train/tokens_per_sec': 8155.50996890567, 'train/step_time': 2.008948559006967, 'train/mfu': 11.19, 'train/efficiency': 85.55, 'train/forward_time_percent': 26.19, 'train/backward_time_percent': 57.94, 'train/optimizer_time_percent': 1.42, 'train/overhead_time_percent': 14.45, 'epoch': 0.18871794871794872}

{'loss': 1.3405, 'learning_rate': 0.0001, 'grad_norm': 1.5183920860290527, 'train/tokens_per_sec': 7922.225133024141, 'train/step_time': 2.068105831996945, 'train/mfu': 10.83, 'train/efficiency': 85.78, 'train/forward_time_percent': 27.32, 'train/backward_time_percent': 57.07, 'train/optimizer_time_percent': 1.4, 'train/overhead_time_percent': 14.22, 'epoch': 0.18871794871794872}
{'loss': 1.5797, 'learning_rate': 0.0001, 'grad_norm': 1.8543400764465332, 'train/tokens_per_sec': 8355.344456629688, 'train/step_time': 1.9609006050013704, 'train/mfu': 11.15, 'train/efficiency': 87.91, 'train/forward_time_percent': 27.91, 'train/backward_time_percent': 58.57, 'train/optimizer_time_percent': 1.43, 'train/overhead_time_percent': 12.09, 'epoch': 0.19282051282051282}
{'loss': 1.5797, 'learning_rate': 0.0001, 'grad_norm': 1.8543400764465332, 'train/tokens_per_sec': 8036.513112504129, 'train/step_time': 2.038695112001733, 'train/mfu': 11.0, 'train/efficiency': 86.2, 'train/forward_time_percent': 26.53, 'train/backward_time_percent': 57.79, 'train/optimizer_time_percent': 1.88, 'train/overhead_time_percent': 13.8, 'epoch': 0.19282051282051282}
{'loss': 1.5797, 'learning_rate': 0.0001, 'grad_norm': 1.8543400764465332, 'train/tokens_per_sec': 7665.405291097957, 'train/step_time': 2.137395138001011, 'train/mfu': 10.66, 'train/efficiency': 84.4, 'train/forward_time_percent': 26.71, 'train/backward_time_percent': 56.29, 'train/optimizer_time_percent': 1.4, 'train/overhead_time_percent': 15.6, 'epoch': 0.19282051282051282}
{'loss': 1.5797, 'learning_rate': 0.0001, 'grad_norm': 1.8543400764465332, 'train/tokens_per_sec': 7943.251322018483, 'train/step_time': 2.062631451000925, 'train/mfu': 10.62, 'train/efficiency': 87.73, 'train/forward_time_percent': 26.56, 'train/backward_time_percent': 59.75, 'train/optimizer_time_percent': 1.42, 'train/overhead_time_percent': 12.27, 'epoch': 0.19282051282051282}
{'loss': 1.5102, 'learning_rate': 0.0001, 'grad_norm': 1.822495937347412, 'train/tokens_per_sec': 7750.258907681111, 'train/step_time': 2.113993892999133, 'train/mfu': 10.34, 'train/efficiency': 87.9, 'train/forward_time_percent': 27.14, 'train/backward_time_percent': 59.37, 'train/optimizer_time_percent': 1.38, 'train/overhead_time_percent': 12.1, 'epoch': 0.19692307692307692}
{'loss': 1.5102, 'learning_rate': 0.0001, 'grad_norm': 1.822495937347412, 'train/tokens_per_sec': 7899.594990512735, 'train/step_time': 2.0740303799975663, 'train/mfu': 10.52, 'train/efficiency': 88.15, 'train/forward_time_percent': 25.92, 'train/backward_time_percent': 60.79, 'train/optimizer_time_percent': 1.44, 'train/overhead_time_percent': 11.85, 'epoch': 0.19692307692307692}{'loss': 1.5102, 'learning_rate': 0.0001, 'grad_norm': 1.822495937347412, 'train/tokens_per_sec': 7575.740681148483, 'train/step_time': 2.1626928229961777, 'train/mfu': 10.67, 'train/efficiency': 83.77, 'train/forward_time_percent': 26.27, 'train/backward_time_percent': 55.66, 'train/optimizer_time_percent': 1.85, 'train/overhead_time_percent': 16.23, 'epoch': 0.19692307692307692}

{'loss': 1.5102, 'learning_rate': 0.0001, 'grad_norm': 1.822495937347412, 'train/tokens_per_sec': 7910.438524874756, 'train/step_time': 2.071187323999766, 'train/mfu': 10.69, 'train/efficiency': 86.8, 'train/forward_time_percent': 26.24, 'train/backward_time_percent': 59.17, 'train/optimizer_time_percent': 1.4, 'train/overhead_time_percent': 13.2, 'epoch': 0.19692307692307692}
{'loss': 1.2145, 'learning_rate': 0.0001, 'grad_norm': 1.5538262128829956, 'train/tokens_per_sec': 7990.75550353743, 'train/step_time': 2.0503693290011142, 'train/mfu': 10.92, 'train/efficiency': 85.92, 'train/forward_time_percent': 27.72, 'train/backward_time_percent': 56.74, 'train/optimizer_time_percent': 1.46, 'train/overhead_time_percent': 14.08, 'epoch': 0.20102564102564102}
{'loss': 1.2145, 'learning_rate': 0.0001, 'grad_norm': 1.5538262128829956, 'train/tokens_per_sec': 8264.392716573677, 'train/step_time': 1.982480814003793, 'train/mfu': 11.04, 'train/efficiency': 87.8, 'train/forward_time_percent': 26.71, 'train/backward_time_percent': 59.66, 'train/optimizer_time_percent': 1.43, 'train/overhead_time_percent': 12.2, 'epoch': 0.20102564102564102}
{'loss': 1.2145, 'learning_rate': 0.0001, 'grad_norm': 1.5538262128829956, 'train/tokens_per_sec': 7958.993860705248, 'train/step_time': 2.058551656999043, 'train/mfu': 11.02, 'train/efficiency': 84.71, 'train/forward_time_percent': 25.92, 'train/backward_time_percent': 57.43, 'train/optimizer_time_percent': 1.36, 'train/overhead_time_percent': 15.29, 'epoch': 0.20102564102564102}
{'loss': 1.2145, 'learning_rate': 0.0001, 'grad_norm': 1.5538262128829956, 'train/tokens_per_sec': 7937.347035616138, 'train/step_time': 2.0641657630039845, 'train/mfu': 10.83, 'train/efficiency': 86.09, 'train/forward_time_percent': 26.48, 'train/backward_time_percent': 58.08, 'train/optimizer_time_percent': 1.53, 'train/overhead_time_percent': 13.91, 'epoch': 0.20102564102564102}
{'loss': 1.6, 'learning_rate': 0.0001, 'grad_norm': 1.8239268064498901, 'train/tokens_per_sec': 8224.019236132266, 'train/step_time': 1.9922132389983744, 'train/mfu': 10.97, 'train/efficiency': 87.92, 'train/forward_time_percent': 27.71, 'train/backward_time_percent': 58.78, 'train/optimizer_time_percent': 1.43, 'train/overhead_time_percent': 12.08, 'epoch': 0.20512820512820512}
{'loss': 1.6, 'learning_rate': 0.0001, 'grad_norm': 1.8239268064498901, 'train/tokens_per_sec': 7921.197816194277, 'train/step_time': 2.068374048998521, 'train/mfu': 10.74, 'train/efficiency': 86.55, 'train/forward_time_percent': 28.39, 'train/backward_time_percent': 56.74, 'train/optimizer_time_percent': 1.42, 'train/overhead_time_percent': 13.45, 'epoch': 0.20512820512820512}
  step    50  loss   1.6000  |     1861.4 ms
{'loss': 1.6, 'learning_rate': 0.0001, 'grad_norm': 1.8239268064498901, 'train/tokens_per_sec': 7984.073123000302, 'train/step_time': 2.052085413997702, 'train/mfu': 10.82, 'train/efficiency': 86.61, 'train/forward_time_percent': 26.5, 'train/backward_time_percent': 58.67, 'train/optimizer_time_percent': 1.44, 'train/overhead_time_percent': 13.39, 'epoch': 0.20512820512820512}
{'loss': 1.6, 'learning_rate': 0.0001, 'grad_norm': 1.8239268064498901, 'train/tokens_per_sec': 8508.751567771546, 'train/step_time': 1.9255468760020449, 'train/mfu': 11.49, 'train/efficiency': 87.09, 'train/forward_time_percent': 26.95, 'train/backward_time_percent': 58.53, 'train/optimizer_time_percent': 1.6, 'train/overhead_time_percent': 12.91, 'epoch': 0.20512820512820512}
================================================================================
TRAINING SUMMARY METRICS
================================================================================
summary/tokens_per_sec_avg: 7619.57
summary/total_steps: 50
summary/total_tokens_processed: 819200
summary/mfu_avg: 10.85%
summary/efficiency_avg: 82.60%
summary/forward_time_percent_avg: 25.5200s
summary/backward_time_percent_avg: 55.6500s
summary/optimizer_time_percent_avg: 1.4200s
summary/overhead_time_percent_avg: 17.4000s
================================================================================
Summary metrics saved to: /opt/np/models/adapters/fullft_tinyllama/training_summary_metrics.json
================================================================================


Training completed. Do not forget to share your model on huggingface.co/models =)


Saving model checkpoint to /opt/np/models/adapters/fullft_tinyllama
Model parallelism is enabled, saving the model sharded state dict instead of the full state dict.
[2026-08-06 04:27:04.492: I neuronx_distributed/trainer/checkpoint.py:144] synced saving of checkpoint shards began
[2026-08-06 04:27:07.910: I neuronx_distributed/trainer/checkpoint.py:192] synced saving of checkpoint shards completed
[2026-08-06 04:27:07.913: I neuronx_distributed/trainer/checkpoint.py:256] no checkpoints to remove.

  (no steady-state steps recorded)

SUMMARY tag=fullft_tinyllama model=TinyLlama/TinyLlama-1.1B-Chat-v1.0 tp=4 dp=1 steps=50 median_step_ms=1859.4 first_step_ms=128157.0 compile_s=126.3 tokens_per_s=8812 tflops=null mfu_pct=null final_loss=1.6000 peak_host_mem_mib=3282 train_wall_s=425.8
wrote /opt/np/repo/trn2/results/frontier/fullft_tinyllama.json
adapter -> /opt/np/models/adapters/fullft_tinyllama  (TP-sharded; merge_adapter.py consolidates)
