t_s,gpu_util_pct,mem_used_mib,power_w,temp_c,sclk_mhz,mclk_mhz,util_nc0,util_nc1,util_nc2,util_nc3,host_mem_used_mib
0.0,,,,,,,,,,,
1.0,0.0,0.0,,,,,0.0,0.0,0.0,0.0,0.0
2.0,0.0,0.0,,,,,0.0,0.0,0.0,0.0,0.0
3.0,0.0,0.0,,,,,0.0,0.0,0.0,0.0,0.0
4.0,0.0,0.0,,,,,0.0,0.0,0.0,0.0,0.0
5.0,0.0,0.0,,,,,0.0,0.0,0.0,0.0,0.0
6.0,0.0,0.0,,,,,0.0,0.0,0.0,0.0,0.0
7.0,0.0,0.0,,,,,0.0,0.0,0.0,0.0,0.0
8.0,0.0,0.0,,,,,0.0,0.0,0.0,0.0,4477.9
9.0,0.0,0.0,,,,,0.0,0.0,0.0,0.0,4477.9
10.0,0.0,0.0,,,,,0.0,0.0,0.0,0.0,4477.9
11.0,0.0,0.0,,,,,0.0,0.0,0.0,0.0,4477.9
12.0,0.0,0.0,,,,,0.0,0.0,0.0,0.0,4477.9
13.0,0.0,3.5,,,,,0.0,0.0,0.0,0.0,4479.5
14.0,0.0,3.5,,,,,0.0,0.0,0.0,0.0,4479.5
15.0,0.0,3.5,,,,,0.0,0.0,0.0,0.0,4479.5
16.0,0.0,3.5,,,,,0.0,0.0,0.0,0.0,4479.5
17.0,0.0,3.5,,,,,0.0,0.0,0.0,0.0,4479.5
18.0,0.0,3.5,,,,,0.0,0.0,0.0,0.0,4479.5
19.0,0.0,3.5,,,,,0.0,0.0,0.0,0.0,4479.5
20.0,0.0,3.5,,,,,0.0,0.0,0.0,0.0,4479.5
21.0,0.0,3.5,,,,,0.0,0.0,0.0,0.0,4479.5
22.0,0.0,3.5,,,,,0.0,0.0,0.0,0.0,4479.5
23.0,0.0,3.5,,,,,0.0,0.0,0.0,0.0,4479.5
24.0,0.0,3.5,,,,,0.0,0.0,0.0,0.0,4479.5
25.0,0.0,3.5,,,,,0.0,0.0,0.0,0.0,4479.5
26.0,0.0,3.5,,,,,0.0,0.0,0.0,0.0,4479.5
27.0,0.01,335.5,,,,,0.01,0.01,0.01,0.01,4685.6
28.0,0.0,335.5,,,,,0.0,0.0,0.0,0.0,4694.2
29.01,0.0,335.5,,,,,0.0,0.0,0.0,0.0,4739.3
30.01,0.0,335.5,,,,,0.0,0.0,0.0,0.0,4758.0
31.01,0.0,335.5,,,,,0.0,0.0,0.0,0.0,4772.9
32.01,0.0,335.5,,,,,0.0,0.0,0.0,0.0,4949.9
33.01,0.0,335.5,,,,,0.0,0.0,0.0,0.0,5402.3
34.01,0.0,335.5,,,,,0.0,0.0,0.0,0.0,6195.9
35.01,0.0,335.5,,,,,0.0,0.0,0.0,0.0,6113.4
36.01,0.0,335.5,,,,,0.0,0.0,0.0,0.0,6627.8
37.01,0.0,335.5,,,,,0.0,0.0,0.0,0.0,7265.9
38.01,0.0,335.5,,,,,0.0,0.0,0.0,0.0,6592.1
39.01,0.0,335.5,,,,,0.0,0.0,0.0,0.0,6737.2
40.01,0.0,335.5,,,,,0.0,0.0,0.0,0.0,6541.3
41.01,0.0,335.5,,,,,0.0,0.0,0.0,0.0,6334.2
42.01,0.0,335.5,,,,,0.0,0.0,0.0,0.0,6400.9
43.01,0.0,335.5,,,,,0.0,0.0,0.0,0.0,6954.1
44.01,0.0,335.5,,,,,0.0,0.0,0.0,0.0,6936.1
45.01,0.0,335.5,,,,,0.0,0.0,0.0,0.0,8140.4
46.01,0.0,335.5,,,,,0.0,0.0,0.0,0.0,9356.9
47.01,0.0,335.5,,,,,0.0,0.0,0.0,0.0,10158.6
48.01,0.0,335.5,,,,,0.0,0.0,0.0,0.0,10398.9
49.01,0.0,335.5,,,,,0.0,0.0,0.0,0.0,10444.6
50.01,0.0,335.5,,,,,0.0,0.0,0.0,0.0,10444.6
51.01,0.0,335.5,,,,,0.0,0.0,0.0,0.0,10444.6
52.01,0.0,335.5,,,,,0.0,0.0,0.0,0.0,10140.1
53.01,0.0,335.5,,,,,0.0,0.0,0.0,0.0,10391.5
54.01,0.0,335.5,,,,,0.0,0.0,0.0,0.0,10437.6
55.01,0.0,335.5,,,,,0.0,0.0,0.0,0.0,10499.6
56.01,0.0,335.5,,,,,0.0,0.0,0.0,0.0,10469.6
57.01,0.0,335.5,,,,,0.0,0.0,0.0,0.0,9930.4
58.01,0.0,335.5,,,,,0.0,0.0,0.0,0.0,10483.5
59.01,0.0,335.5,,,,,0.0,0.0,0.0,0.0,10483.5
60.01,0.0,335.5,,,,,0.0,0.0,0.0,0.0,10119.9
61.01,0.0,335.5,,,,,0.0,0.0,0.0,0.0,9513.8
62.01,0.0,335.5,,,,,0.0,0.0,0.0,0.0,9513.8
63.01,0.0,335.5,,,,,0.0,0.0,0.0,0.0,9513.8
64.01,0.0,335.5,,,,,0.0,0.0,0.0,0.0,9359.9
65.01,0.0,335.5,,,,,0.0,0.0,0.0,0.0,9359.9
66.01,0.0,335.5,,,,,0.0,0.0,0.0,0.0,9359.9
67.01,0.0,335.5,,,,,0.0,0.0,0.0,0.0,9434.3
68.01,0.0,335.5,,,,,0.0,0.0,0.0,0.0,10695.2
69.01,0.0,335.5,,,,,0.0,0.0,0.0,0.0,11085.3
70.01,0.0,335.5,,,,,0.0,0.0,0.0,0.0,10459.5
71.01,0.0,335.5,,,,,0.0,0.0,0.0,0.0,10459.5
72.01,0.0,335.5,,,,,0.0,0.0,0.0,0.0,10459.5
73.01,0.0,335.5,,,,,0.0,0.0,0.0,0.0,10459.5
74.02,0.0,335.5,,,,,0.0,0.0,0.0,0.0,9988.0
75.02,0.0,335.5,,,,,0.0,0.0,0.0,0.0,9393.9
76.02,0.0,335.5,,,,,0.0,0.0,0.0,0.0,9393.9
77.02,0.0,335.5,,,,,0.0,0.0,0.0,0.0,9393.9
78.02,0.0,335.5,,,,,0.0,0.0,0.0,0.0,9345.5
79.02,0.0,335.5,,,,,0.0,0.0,0.0,0.0,9273.1
80.02,0.0,335.5,,,,,0.0,0.0,0.0,0.0,9273.1
81.02,0.0,335.5,,,,,0.0,0.0,0.0,0.0,8889.7
82.02,0.0,335.5,,,,,0.0,0.0,0.0,0.0,8461.9
83.02,0.0,335.5,,,,,0.0,0.0,0.0,0.0,7770.9
84.02,0.0,335.5,,,,,0.0,0.0,0.0,0.0,7770.9
85.02,0.0,335.5,,,,,0.0,0.0,0.0,0.0,7186.8
86.02,0.0,335.5,,,,,0.0,0.0,0.0,0.0,7446.5
87.02,0.0,335.5,,,,,0.0,0.0,0.0,0.0,7809.1
88.02,0.0,335.5,,,,,0.0,0.0,0.0,0.0,6951.2
89.02,0.0,335.5,,,,,0.0,0.0,0.0,0.0,6990.9
90.02,0.0,335.5,,,,,0.0,0.0,0.0,0.0,6990.2
91.02,0.0,335.5,,,,,0.0,0.0,0.0,0.0,6990.2
92.02,0.0,335.5,,,,,0.0,0.0,0.0,0.0,5998.5
93.02,0.0,335.5,,,,,0.0,0.0,0.0,0.0,5648.6
94.02,0.0,335.5,,,,,0.0,0.0,0.0,0.0,5648.6
95.02,0.0,335.5,,,,,0.0,0.0,0.0,0.0,5648.6
96.02,0.0,335.5,,,,,0.0,0.0,0.0,0.0,5648.6
97.02,0.0,335.5,,,,,0.0,0.0,0.0,0.0,5648.6
98.02,0.0,335.5,,,,,0.0,0.0,0.0,0.0,5648.6
99.02,0.0,335.5,,,,,0.0,0.0,0.0,0.0,5648.6
100.02,0.0,335.5,,,,,0.0,0.0,0.0,0.0,5648.6
101.02,0.0,335.5,,,,,0.0,0.0,0.0,0.0,5648.6
102.02,0.0,335.5,,,,,0.0,0.0,0.0,0.0,5648.6
103.02,0.0,335.5,,,,,0.0,0.0,0.0,0.0,5648.6
104.02,0.0,335.5,,,,,0.0,0.0,0.0,0.0,5648.6
105.02,0.0,335.5,,,,,0.0,0.0,0.0,0.0,5648.6
106.02,0.0,335.5,,,,,0.0,0.0,0.0,0.0,5648.6
107.02,0.0,335.5,,,,,0.0,0.0,0.0,0.0,5648.6
108.02,0.0,335.5,,,,,0.0,0.0,0.0,0.0,5648.6
109.02,0.0,335.5,,,,,0.0,0.0,0.0,0.0,5648.6
110.02,0.0,335.5,,,,,0.0,0.0,0.0,0.0,5648.6
111.02,0.0,335.5,,,,,0.0,0.0,0.0,0.0,5648.6
112.02,0.0,335.5,,,,,0.0,0.0,0.0,0.0,5648.6
113.02,0.0,335.5,,,,,0.0,0.0,0.0,0.0,5648.6
114.02,0.0,335.5,,,,,0.0,0.0,0.0,0.0,5648.6
115.02,0.0,335.5,,,,,0.0,0.0,0.0,0.0,5648.6
116.02,0.0,335.5,,,,,0.0,0.0,0.0,0.0,5648.6
117.02,0.0,335.5,,,,,0.0,0.0,0.0,0.0,5648.6
118.02,0.0,335.5,,,,,0.0,0.0,0.0,0.0,5648.6
119.02,0.0,335.5,,,,,0.0,0.0,0.0,0.0,5648.6
120.02,0.0,335.5,,,,,0.0,0.0,0.0,0.0,5648.6
121.02,0.0,335.5,,,,,0.0,0.0,0.0,0.0,5648.6
122.02,0.0,335.5,,,,,0.0,0.0,0.0,0.0,5648.6
123.02,0.0,335.5,,,,,0.0,0.0,0.0,0.0,5648.6
124.02,0.0,335.5,,,,,0.0,0.0,0.0,0.0,5648.6
125.02,0.0,335.5,,,,,0.0,0.0,0.0,0.0,5648.6
126.02,0.0,335.5,,,,,0.0,0.0,0.0,0.0,5648.6
127.02,0.0,335.5,,,,,0.0,0.0,0.0,0.0,5648.6
128.02,0.0,335.5,,,,,0.0,0.0,0.0,0.0,5648.6
129.03,0.0,335.5,,,,,0.0,0.0,0.0,0.0,5648.6
130.03,0.0,335.5,,,,,0.0,0.0,0.0,0.0,5648.6
131.03,0.0,335.5,,,,,0.0,0.0,0.0,0.0,5648.6
132.03,0.0,335.5,,,,,0.0,0.0,0.0,0.0,5648.6
133.03,0.0,335.5,,,,,0.0,0.0,0.0,0.0,5648.6
134.03,0.0,335.5,,,,,0.0,0.0,0.0,0.0,5648.6
135.03,0.0,335.5,,,,,0.0,0.0,0.0,0.0,5648.6
136.03,0.0,335.5,,,,,0.0,0.0,0.0,0.0,5648.6
137.03,0.0,335.5,,,,,0.0,0.0,0.0,0.0,5648.6
138.03,0.0,335.5,,,,,0.0,0.0,0.0,0.0,5648.6
139.03,0.0,335.5,,,,,0.0,0.0,0.0,0.0,5648.6
140.03,0.0,335.5,,,,,0.0,0.0,0.0,0.0,5648.6
141.03,0.0,335.5,,,,,0.0,0.0,0.0,0.0,5648.6
142.03,0.0,335.5,,,,,0.0,0.0,0.0,0.0,5648.6
143.03,0.0,335.5,,,,,0.0,0.0,0.0,0.0,5648.6
144.03,0.0,335.5,,,,,0.0,0.0,0.0,0.0,5648.7
145.03,0.0,335.5,,,,,0.0,0.0,0.0,0.0,5669.3
146.03,0.0,335.5,,,,,0.0,0.0,0.0,0.0,6210.8
147.03,0.0,335.5,,,,,0.0,0.0,0.0,0.0,8072.8
148.03,0.0,335.5,,,,,0.0,0.0,0.0,0.0,7717.8
149.03,0.0,335.5,,,,,0.0,0.0,0.0,0.0,5626.7
150.03,0.0,335.5,,,,,0.0,0.0,0.0,0.0,5626.7
151.03,0.0,335.5,,,,,0.0,0.0,0.0,0.0,5626.7
152.03,0.0,335.5,,,,,0.0,0.0,0.0,0.0,5626.7
153.03,0.0,335.5,,,,,0.0,0.0,0.0,0.0,5642.2
154.03,0.0,335.5,,,,,0.0,0.0,0.0,0.0,5645.2
155.03,0.0,335.5,,,,,0.0,0.0,0.0,0.0,5671.5
156.03,0.0,335.5,,,,,0.0,0.0,0.0,0.0,5721.5
157.03,0.0,335.5,,,,,0.0,0.0,0.0,0.0,6073.4
158.03,0.0,335.5,,,,,0.0,0.0,0.0,0.0,6435.3
159.03,0.0,335.5,,,,,0.0,0.0,0.0,0.0,7024.2
160.03,0.0,335.5,,,,,0.0,0.0,0.0,0.0,6669.4
161.03,0.0,335.5,,,,,0.0,0.0,0.0,0.0,7293.0
162.03,0.0,335.5,,,,,0.0,0.0,0.0,0.0,6590.7
163.03,0.0,335.5,,,,,0.0,0.0,0.0,0.0,5880.9
164.03,0.0,335.5,,,,,0.0,0.0,0.0,0.0,5880.9
165.03,0.0,335.5,,,,,0.0,0.0,0.0,0.0,5987.8
166.03,0.0,335.5,,,,,0.0,0.0,0.0,0.0,6889.8
167.03,0.0,335.5,,,,,0.0,0.0,0.0,0.0,7411.1
168.03,0.0,335.5,,,,,0.0,0.0,0.0,0.0,8315.0
169.03,0.0,335.5,,,,,0.0,0.0,0.0,0.0,5939.2
170.03,0.0,335.5,,,,,0.0,0.0,0.0,0.0,6780.6
171.03,0.0,335.5,,,,,0.0,0.0,0.0,0.0,6679.6
172.03,0.0,335.5,,,,,0.0,0.0,0.0,0.0,8453.3
173.03,0.0,335.5,,,,,0.0,0.0,0.0,0.0,6505.0
174.04,0.0,335.5,,,,,0.0,0.0,0.0,0.0,6470.2
175.04,0.0,335.5,,,,,0.0,0.0,0.0,0.0,7123.2
176.04,0.0,335.5,,,,,0.0,0.0,0.0,0.0,9224.0
177.04,0.0,335.5,,,,,0.0,0.0,0.0,0.0,10051.8
178.04,0.0,335.5,,,,,0.0,0.0,0.0,0.0,9631.4
179.04,0.0,335.5,,,,,0.0,0.0,0.0,0.0,9977.6
180.04,0.0,335.5,,,,,0.0,0.0,0.0,0.0,10631.4
181.04,0.0,335.5,,,,,0.0,0.0,0.0,0.0,9646.1
182.04,0.0,335.5,,,,,0.0,0.0,0.0,0.0,9661.2
183.04,0.0,335.5,,,,,0.0,0.0,0.0,0.0,9006.2
184.04,0.0,335.5,,,,,0.0,0.0,0.0,0.0,9006.2
185.04,0.0,335.5,,,,,0.0,0.0,0.0,0.0,8570.7
186.04,0.0,335.5,,,,,0.0,0.0,0.0,0.0,8570.7
187.04,0.0,335.5,,,,,0.0,0.0,0.0,0.0,8570.7
188.04,0.0,335.5,,,,,0.0,0.0,0.0,0.0,8570.9
189.04,0.0,335.5,,,,,0.0,0.0,0.0,0.0,8629.4
190.04,0.0,335.5,,,,,0.0,0.0,0.0,0.0,9257.8
191.04,0.0,335.5,,,,,0.0,0.0,0.0,0.0,10176.2
192.04,0.0,335.5,,,,,0.0,0.0,0.0,0.0,10284.1
193.04,0.0,335.5,,,,,0.0,0.0,0.0,0.0,10305.2
194.04,0.0,335.5,,,,,0.0,0.0,0.0,0.0,9128.1
195.04,0.0,335.5,,,,,0.0,0.0,0.0,0.0,9128.1
196.04,0.0,335.5,,,,,0.0,0.0,0.0,0.0,9128.1
197.04,0.0,335.5,,,,,0.0,0.0,0.0,0.0,9128.1
198.04,0.0,335.5,,,,,0.0,0.0,0.0,0.0,9128.1
199.04,0.0,335.5,,,,,0.0,0.0,0.0,0.0,9128.1
200.04,0.0,335.5,,,,,0.0,0.0,0.0,0.0,9128.1
201.04,0.0,335.5,,,,,0.0,0.0,0.0,0.0,8277.5
202.04,0.0,335.5,,,,,0.0,0.0,0.0,0.0,8277.5
203.04,0.0,335.5,,,,,0.0,0.0,0.0,0.0,7353.4
204.04,0.0,335.5,,,,,0.0,0.0,0.0,0.0,7447.6
205.04,0.0,335.5,,,,,0.0,0.0,0.0,0.0,7447.6
206.04,0.0,335.5,,,,,0.0,0.0,0.0,0.0,7447.6
207.04,0.0,335.5,,,,,0.0,0.0,0.0,0.0,6472.1
208.04,0.0,335.5,,,,,0.0,0.0,0.0,0.0,6472.1
209.04,0.0,335.5,,,,,0.0,0.0,0.0,0.0,6051.8
210.04,0.0,335.5,,,,,0.0,0.0,0.0,0.0,6051.8
211.04,0.0,335.5,,,,,0.0,0.0,0.0,0.0,6051.8
212.04,0.0,335.5,,,,,0.0,0.0,0.0,0.0,6051.8
213.04,0.0,335.5,,,,,0.0,0.0,0.0,0.0,6051.8
214.04,0.0,335.5,,,,,0.0,0.0,0.0,0.0,6051.8
215.04,0.0,335.5,,,,,0.0,0.0,0.0,0.0,6051.8
216.04,0.0,335.5,,,,,0.0,0.0,0.0,0.0,6049.7
217.04,0.0,335.5,,,,,0.0,0.0,0.0,0.0,6049.7
218.04,0.0,335.5,,,,,0.0,0.0,0.0,0.0,6049.7
219.04,0.0,335.5,,,,,0.0,0.0,0.0,0.0,6049.7
220.04,0.0,335.5,,,,,0.0,0.0,0.0,0.0,6049.7
221.04,0.0,335.5,,,,,0.0,0.0,0.0,0.0,6049.7
222.04,0.0,335.5,,,,,0.0,0.0,0.0,0.0,6049.7
223.04,0.0,335.5,,,,,0.0,0.0,0.0,0.0,6049.7
224.05,0.0,335.5,,,,,0.0,0.0,0.0,0.0,6049.7
225.05,0.0,335.5,,,,,0.0,0.0,0.0,0.0,6049.7
226.05,0.0,335.5,,,,,0.0,0.0,0.0,0.0,6049.7
227.05,0.0,335.5,,,,,0.0,0.0,0.0,0.0,6049.7
228.05,0.0,335.5,,,,,0.0,0.0,0.0,0.0,6049.7
229.05,0.0,335.5,,,,,0.0,0.0,0.0,0.0,6049.7
230.05,0.0,335.5,,,,,0.0,0.0,0.0,0.0,6049.7
231.05,0.0,335.5,,,,,0.0,0.0,0.0,0.0,6049.7
232.05,0.0,335.5,,,,,0.0,0.0,0.0,0.0,6049.7
233.05,0.0,335.5,,,,,0.0,0.0,0.0,0.0,6049.7
234.05,0.0,335.5,,,,,0.0,0.0,0.0,0.0,6049.7
235.05,0.0,335.5,,,,,0.0,0.0,0.0,0.0,6049.7
236.05,0.0,335.5,,,,,0.0,0.0,0.0,0.0,6049.7
237.05,0.0,335.5,,,,,0.0,0.0,0.0,0.0,6049.7
238.05,0.0,335.5,,,,,0.0,0.0,0.0,0.0,6049.7
239.05,0.0,335.5,,,,,0.0,0.0,0.0,0.0,6049.7
240.05,0.0,335.5,,,,,0.0,0.0,0.0,0.0,6049.7
241.05,0.0,335.5,,,,,0.0,0.0,0.0,0.0,6049.7
242.05,0.0,335.5,,,,,0.0,0.0,0.0,0.0,6049.7
243.05,0.0,335.5,,,,,0.0,0.0,0.0,0.0,6049.7
244.05,0.0,335.5,,,,,0.0,0.0,0.0,0.0,6049.7
245.05,0.0,335.5,,,,,0.0,0.0,0.0,0.0,6049.7
246.05,0.0,335.5,,,,,0.0,0.0,0.0,0.0,6049.7
247.05,0.0,335.5,,,,,0.0,0.0,0.0,0.0,6049.7
248.05,0.0,335.5,,,,,0.0,0.0,0.0,0.0,6049.7
249.05,0.0,335.5,,,,,0.0,0.0,0.0,0.0,6049.7
250.05,0.0,335.5,,,,,0.0,0.0,0.0,0.0,6049.7
251.05,0.0,335.5,,,,,0.0,0.0,0.0,0.0,6049.7
252.05,0.0,335.5,,,,,0.0,0.0,0.0,0.0,6049.7
253.05,0.0,335.5,,,,,0.0,0.0,0.0,0.0,6049.7
254.05,0.0,335.5,,,,,0.0,0.0,0.0,0.0,6049.7
255.05,0.0,335.5,,,,,0.0,0.0,0.0,0.0,6049.7
256.05,0.0,335.5,,,,,0.0,0.0,0.0,0.0,6049.7
257.05,0.0,335.5,,,,,0.0,0.0,0.0,0.0,6049.7
258.05,0.0,335.5,,,,,0.0,0.0,0.0,0.0,6049.7
259.05,0.0,335.5,,,,,0.0,0.0,0.0,0.0,6049.7
260.05,0.0,335.5,,,,,0.0,0.0,0.0,0.0,6049.7
261.05,0.0,335.5,,,,,0.0,0.0,0.0,0.0,6049.7
262.05,0.0,335.5,,,,,0.0,0.0,0.0,0.0,6049.7
263.05,0.0,335.5,,,,,0.0,0.0,0.0,0.0,6049.8
264.05,0.0,335.5,,,,,0.0,0.0,0.0,0.0,6049.8
265.05,0.0,335.5,,,,,0.0,0.0,0.0,0.0,6049.8
266.05,0.0,335.5,,,,,0.0,0.0,0.0,0.0,6049.8
267.05,0.0,335.5,,,,,0.0,0.0,0.0,0.0,6049.8
268.05,0.0,335.5,,,,,0.0,0.0,0.0,0.0,6049.8
269.05,0.0,335.5,,,,,0.0,0.0,0.0,0.0,6049.8
270.05,0.0,335.5,,,,,0.0,0.0,0.0,0.0,6049.8
271.05,0.0,335.5,,,,,0.0,0.0,0.0,0.0,6049.8
272.05,0.0,335.5,,,,,0.0,0.0,0.0,0.0,6049.8
273.05,0.0,335.5,,,,,0.0,0.0,0.0,0.0,6049.7
274.05,0.0,335.5,,,,,0.0,0.0,0.0,0.0,6049.7
275.05,0.0,335.5,,,,,0.0,0.0,0.0,0.0,6049.7
276.05,0.0,335.5,,,,,0.0,0.0,0.0,0.0,6049.7
277.05,0.0,335.5,,,,,0.0,0.0,0.0,0.0,6049.7
278.05,0.0,335.5,,,,,0.0,0.0,0.0,0.0,6049.7
279.05,0.0,335.5,,,,,0.0,0.0,0.0,0.0,6049.7
280.05,0.0,335.5,,,,,0.0,0.0,0.0,0.0,6049.7
281.05,0.0,335.5,,,,,0.0,0.0,0.0,0.0,6048.2
282.05,0.0,335.5,,,,,0.0,0.0,0.0,0.0,6047.0
283.05,0.0,335.5,,,,,0.0,0.0,0.0,0.0,6046.3
284.06,0.0,335.5,,,,,0.0,0.0,0.0,0.0,6046.3
285.06,0.0,335.5,,,,,0.0,0.0,0.0,0.0,6046.3
286.06,0.0,335.5,,,,,0.0,0.0,0.0,0.0,6046.2
287.06,0.0,335.5,,,,,0.0,0.0,0.0,0.0,6046.2
288.06,0.0,335.5,,,,,0.0,0.0,0.0,0.0,6598.8
289.06,0.0,335.5,,,,,0.0,0.0,0.0,0.0,12585.9
290.06,0.0,335.5,,,,,0.0,0.0,0.0,0.0,8597.9
291.06,0.0,335.5,,,,,0.0,0.0,0.0,0.0,10264.1
292.06,0.0,335.5,,,,,0.0,0.0,0.0,0.0,12573.3
293.06,0.0,335.5,,,,,0.0,0.0,0.0,0.0,12772.4
294.06,0.0,335.5,,,,,0.0,0.0,0.0,0.0,13400.2
295.06,0.0,335.5,,,,,0.0,0.0,0.0,0.0,15683.7
296.06,0.0,335.5,,,,,0.0,0.0,0.0,0.0,15970.6
297.06,0.0,335.5,,,,,0.0,0.0,0.0,0.0,17154.5
298.06,0.0,335.5,,,,,0.0,0.0,0.0,0.0,19008.3
299.06,0.0,335.5,,,,,0.0,0.0,0.0,0.0,20360.4
300.06,0.0,335.5,,,,,0.0,0.0,0.0,0.0,21121.6
301.06,0.0,335.5,,,,,0.0,0.0,0.0,0.0,22385.8
302.06,0.0,335.5,,,,,0.0,0.0,0.0,0.0,24231.7
303.06,0.0,335.5,,,,,0.0,0.0,0.0,0.0,24583.3
304.06,0.0,335.5,,,,,0.0,0.0,0.0,0.0,25833.8
305.06,0.0,335.5,,,,,0.0,0.0,0.0,0.0,28099.5
306.06,0.0,335.5,,,,,0.0,0.0,0.0,0.0,28147.4
307.06,0.0,335.5,,,,,0.0,0.0,0.0,0.0,29353.6
308.06,0.0,335.5,,,,,0.0,0.0,0.0,0.0,31361.9
309.06,0.0,335.5,,,,,0.0,0.0,0.0,0.0,32599.8
310.06,0.0,335.5,,,,,0.0,0.0,0.0,0.0,33132.5
311.06,0.0,335.5,,,,,0.0,0.0,0.0,0.0,34515.0
312.06,0.0,335.5,,,,,0.0,0.0,0.0,0.0,36008.6
313.06,0.0,335.5,,,,,0.0,0.0,0.0,0.0,36608.6
314.06,0.0,335.5,,,,,0.0,0.0,0.0,0.0,38048.0
315.06,0.0,335.5,,,,,0.0,0.0,0.0,0.0,39706.0
316.06,0.0,335.5,,,,,0.0,0.0,0.0,0.0,41237.9
317.06,0.0,335.5,,,,,0.0,0.0,0.0,0.0,41563.8
318.06,0.0,335.5,,,,,0.0,0.0,0.0,0.0,43041.7
319.06,0.0,335.5,,,,,0.0,0.0,0.0,0.0,44528.7
320.06,0.0,335.5,,,,,0.0,0.0,0.0,0.0,45289.3
321.06,0.0,335.5,,,,,0.0,0.0,0.0,0.0,46848.0
322.06,0.0,335.5,,,,,0.0,0.0,0.0,0.0,47927.7
323.06,0.0,335.5,,,,,0.0,0.0,0.0,0.0,48770.2
324.06,0.0,335.5,,,,,0.0,0.0,0.0,0.0,50403.0
325.06,0.0,335.5,,,,,0.0,0.0,0.0,0.0,51588.5
326.06,0.0,335.5,,,,,0.0,0.0,0.0,0.0,53189.6
327.06,0.0,335.5,,,,,0.0,0.0,0.0,0.0,53969.2
328.06,0.0,335.5,,,,,0.0,0.0,0.0,0.0,55506.6
329.06,0.0,335.5,,,,,0.0,0.0,0.0,0.0,56915.2
330.06,0.0,335.5,,,,,0.0,0.0,0.0,0.0,57871.3
331.07,0.0,335.5,,,,,0.0,0.0,0.0,0.0,58913.7
332.07,0.0,335.5,,,,,0.0,0.0,0.0,0.0,60352.6
333.07,0.0,335.5,,,,,0.0,0.0,0.0,0.0,61278.9
334.07,0.0,335.5,,,,,0.0,0.0,0.0,0.0,62480.8
335.07,0.0,335.5,,,,,0.0,0.0,0.0,0.0,63833.0
336.07,0.0,335.5,,,,,0.0,0.0,0.0,0.0,64683.0
337.07,0.0,335.5,,,,,0.0,0.0,0.0,0.0,66040.2
338.07,0.0,335.5,,,,,0.0,0.0,0.0,0.0,67315.0
339.07,0.0,335.5,,,,,0.0,0.0,0.0,0.0,71575.7
340.07,0.0,335.5,,,,,0.0,0.0,0.0,0.0,71513.1
341.07,0.0,335.5,,,,,0.0,0.0,0.0,0.0,70796.3
342.07,0.0,335.5,,,,,0.0,0.0,0.0,0.0,72149.6
343.07,0.0,335.5,,,,,0.0,0.0,0.0,0.0,72801.8
344.07,0.0,335.5,,,,,0.0,0.0,0.0,0.0,74293.1
345.07,0.0,335.5,,,,,0.0,0.0,0.0,0.0,75630.4
346.07,0.0,335.5,,,,,0.0,0.0,0.0,0.0,77132.4
347.07,0.0,335.5,,,,,0.0,0.0,0.0,0.0,77588.6
348.07,0.0,335.5,,,,,0.0,0.0,0.0,0.0,79006.2
349.07,0.0,335.5,,,,,0.0,0.0,0.0,0.0,79632.0
350.07,0.0,335.5,,,,,0.0,0.0,0.0,0.0,80878.4
351.07,0.0,335.5,,,,,0.0,0.0,0.0,0.0,81608.3
352.07,0.0,335.5,,,,,0.0,0.0,0.0,0.0,83051.5
353.07,0.0,335.5,,,,,0.0,0.0,0.0,0.0,84382.2
354.07,0.0,335.5,,,,,0.0,0.0,0.0,0.0,85938.4
355.07,0.0,335.5,,,,,0.0,0.0,0.0,0.0,86416.4
356.07,0.0,335.5,,,,,0.0,0.0,0.0,0.0,87493.0
357.07,0.0,335.5,,,,,0.0,0.0,0.0,0.0,88684.3
358.07,0.0,335.5,,,,,0.0,0.0,0.0,0.0,89944.9
359.07,0.0,335.5,,,,,0.0,0.0,0.0,0.0,91118.7
360.07,0.0,335.5,,,,,0.0,0.0,0.0,0.0,91739.1
361.07,0.0,335.5,,,,,0.0,0.0,0.0,0.0,93101.8
362.07,0.0,335.5,,,,,0.0,0.0,0.0,0.0,94682.2
363.07,0.0,335.5,,,,,0.0,0.0,0.0,0.0,95901.5
364.07,0.0,335.5,,,,,0.0,0.0,0.0,0.0,97446.9
365.07,0.0,335.5,,,,,0.0,0.0,0.0,0.0,97340.2
366.07,0.0,335.5,,,,,0.0,0.0,0.0,0.0,98919.2
367.07,0.0,335.5,,,,,0.0,0.0,0.0,0.0,99787.3
368.07,0.0,335.5,,,,,0.0,0.0,0.0,0.0,101098.6
369.07,0.0,335.5,,,,,0.0,0.0,0.0,0.0,102193.0
370.07,0.0,335.5,,,,,0.0,0.0,0.0,0.0,102986.8
371.07,0.0,335.5,,,,,0.0,0.0,0.0,0.0,104563.3
372.07,0.0,335.5,,,,,0.0,0.0,0.0,0.0,105799.0
373.07,0.0,335.5,,,,,0.0,0.0,0.0,0.0,107197.8
374.07,0.0,335.5,,,,,0.0,0.0,0.0,0.0,108779.2
375.08,0.0,335.5,,,,,0.0,0.0,0.0,0.0,108582.7
376.08,0.0,335.5,,,,,0.0,0.0,0.0,0.0,110294.0
377.08,0.0,335.5,,,,,0.0,0.0,0.0,0.0,110343.7
378.08,0.0,335.5,,,,,0.0,0.0,0.0,0.0,110184.8
379.08,0.0,335.5,,,,,0.0,0.0,0.0,0.0,109525.9
380.08,0.0,335.5,,,,,0.0,0.0,0.0,0.0,109575.1
381.08,0.0,335.5,,,,,0.0,0.0,0.0,0.0,110304.4
382.08,0.0,335.5,,,,,0.0,0.0,0.0,0.0,110353.4
383.08,0.0,335.5,,,,,0.0,0.0,0.0,0.0,110391.5
384.08,0.0,335.5,,,,,0.0,0.0,0.0,0.0,110397.8
385.08,0.0,335.5,,,,,0.0,0.0,0.0,0.0,110122.5
386.08,0.0,335.5,,,,,0.0,0.0,0.0,0.0,109896.1
387.08,0.0,335.5,,,,,0.0,0.0,0.0,0.0,109510.1
388.08,0.0,335.5,,,,,0.0,0.0,0.0,0.0,109557.7
389.08,0.0,335.5,,,,,0.0,0.0,0.0,0.0,109700.9
390.08,0.0,335.5,,,,,0.0,0.0,0.0,0.0,109987.3
391.08,0.0,335.5,,,,,0.0,0.0,0.0,0.0,110386.7
392.08,0.0,335.5,,,,,0.0,0.0,0.0,0.0,110396.9
393.08,0.0,335.5,,,,,0.0,0.0,0.0,0.0,110302.0
394.08,0.0,335.5,,,,,0.0,0.0,0.0,0.0,109631.2
395.08,0.0,335.5,,,,,0.0,0.0,0.0,0.0,109692.7
396.08,0.0,335.5,,,,,0.0,0.0,0.0,0.0,109465.6
397.08,0.0,335.5,,,,,0.0,0.0,0.0,0.0,109879.9
398.08,0.0,335.5,,,,,0.0,0.0,0.0,0.0,109732.4
399.08,0.0,335.5,,,,,0.0,0.0,0.0,0.0,109799.1
400.08,0.0,335.5,,,,,0.0,0.0,0.0,0.0,109387.0
401.08,0.0,335.5,,,,,0.0,0.0,0.0,0.0,109821.5
402.08,0.0,335.5,,,,,0.0,0.0,0.0,0.0,109751.0
403.08,0.0,335.5,,,,,0.0,0.0,0.0,0.0,109702.6
404.08,0.0,335.5,,,,,0.0,0.0,0.0,0.0,101717.7
405.08,0.0,335.5,,,,,0.0,0.0,0.0,0.0,80979.3
406.08,0.0,335.5,,,,,0.0,0.0,0.0,0.0,79051.6
407.08,0.0,335.5,,,,,0.0,0.0,0.0,0.0,79443.1
408.08,0.0,335.5,,,,,0.0,0.0,0.0,0.0,79289.4
409.08,0.0,335.5,,,,,0.0,0.0,0.0,0.0,79013.3
410.08,0.0,335.5,,,,,0.0,0.0,0.0,0.0,78638.2
411.08,0.0,335.5,,,,,0.0,0.0,0.0,0.0,78138.2
412.08,0.0,335.5,,,,,0.0,0.0,0.0,0.0,77638.2
413.08,0.0,335.5,,,,,0.0,0.0,0.0,0.0,77138.2
414.08,0.0,335.5,,,,,0.0,0.0,0.0,0.0,76638.2
415.08,0.0,335.5,,,,,0.0,0.0,0.0,0.0,76627.7
416.08,0.0,335.5,,,,,0.0,0.0,0.0,0.0,75886.3
417.08,0.0,335.5,,,,,0.0,0.0,0.0,0.0,75690.8
418.09,0.0,335.5,,,,,0.0,0.0,0.0,0.0,74968.4
419.09,0.0,335.5,,,,,0.0,0.0,0.0,0.0,74861.6
420.09,0.0,335.5,,,,,0.0,0.0,0.0,0.0,74498.7
421.09,0.0,335.5,,,,,0.0,0.0,0.0,0.0,76276.2
422.09,0.0,335.5,,,,,0.0,0.0,0.0,0.0,76329.1
423.09,0.0,335.5,,,,,0.0,0.0,0.0,0.0,75712.3
424.09,0.0,335.5,,,,,0.0,0.0,0.0,0.0,74270.2
425.09,0.0,335.5,,,,,0.0,0.0,0.0,0.0,75162.8
426.09,0.0,335.5,,,,,0.0,0.0,0.0,0.0,74953.6
427.09,0.0,335.5,,,,,0.0,0.0,0.0,0.0,74313.0
428.09,0.0,335.5,,,,,0.0,0.0,0.0,0.0,73566.6
429.09,0.0,335.5,,,,,0.0,0.0,0.0,0.0,74177.5
430.09,0.0,335.5,,,,,0.0,0.0,0.0,0.0,72271.0
431.09,0.0,335.5,,,,,0.0,0.0,0.0,0.0,72602.6
432.09,0.0,335.5,,,,,0.0,0.0,0.0,0.0,73550.6
433.09,0.0,335.5,,,,,0.0,0.0,0.0,0.0,71697.5
434.09,0.0,335.5,,,,,0.0,0.0,0.0,0.0,72677.2
435.09,0.0,335.5,,,,,0.0,0.0,0.0,0.0,73443.2
436.09,0.0,335.5,,,,,0.0,0.0,0.0,0.0,71612.8
437.09,0.0,335.5,,,,,0.0,0.0,0.0,0.0,72591.9
438.09,0.0,335.5,,,,,0.0,0.0,0.0,0.0,73325.4
439.09,0.0,335.5,,,,,0.0,0.0,0.0,0.0,72773.4
440.09,0.0,335.5,,,,,0.0,0.0,0.0,0.0,72498.2
441.09,0.0,335.5,,,,,0.0,0.0,0.0,0.0,73202.9
442.09,0.0,335.5,,,,,0.0,0.0,0.0,0.0,73037.8
443.09,0.0,335.5,,,,,0.0,0.0,0.0,0.0,72391.8
444.09,0.0,335.5,,,,,0.0,0.0,0.0,0.0,73124.1
445.09,0.0,335.5,,,,,0.0,0.0,0.0,0.0,72874.5
446.09,0.0,335.5,,,,,0.0,0.0,0.0,0.0,72209.4
447.09,0.0,335.5,,,,,0.0,0.0,0.0,0.0,73039.1
448.09,0.0,335.5,,,,,0.0,0.0,0.0,0.0,72665.7
449.09,0.0,335.5,,,,,0.0,0.0,0.0,0.0,72010.8
450.09,0.0,335.5,,,,,0.0,0.0,0.0,0.0,72954.4
451.09,0.0,335.5,,,,,0.0,0.0,0.0,0.0,72439.1
452.09,0.0,335.5,,,,,0.0,0.0,0.0,0.0,74199.4
453.09,0.0,335.5,,,,,0.0,0.0,0.0,0.0,72848.5
454.09,0.0,335.5,,,,,0.0,0.0,0.0,0.0,72202.8
455.09,0.0,335.5,,,,,0.0,0.0,0.0,0.0,74862.8
456.09,0.0,335.5,,,,,0.0,0.0,0.0,0.0,72709.6
457.09,0.0,335.5,,,,,0.0,0.0,0.0,0.0,71948.9
458.09,0.0,335.5,,,,,0.0,0.0,0.0,0.0,74533.9
459.09,0.0,335.5,,,,,0.0,0.0,0.0,0.0,72448.2
460.09,0.0,335.5,,,,,0.0,0.0,0.0,0.0,71624.7
461.09,0.0,335.5,,,,,0.0,0.0,0.0,0.0,74167.2
462.09,0.0,335.5,,,,,0.0,0.0,0.0,0.0,72148.8
463.1,0.0,335.5,,,,,0.0,0.0,0.0,0.0,71346.4
464.1,0.0,335.5,,,,,0.0,0.0,0.0,0.0,73844.0
465.1,0.0,335.5,,,,,0.0,0.0,0.0,0.0,71854.4
466.1,0.0,335.5,,,,,0.0,0.0,0.0,0.0,72354.6
467.1,0.0,335.5,,,,,0.0,0.0,0.0,0.0,73517.2
468.1,0.0,335.5,,,,,0.0,0.0,0.0,0.0,73232.8
469.1,0.0,335.5,,,,,0.0,0.0,0.0,0.0,72548.3
470.1,0.0,335.5,,,,,0.0,0.0,0.0,0.0,73127.0
471.1,0.0,335.5,,,,,0.0,0.0,0.0,0.0,72831.8
472.1,0.0,335.5,,,,,0.0,0.0,0.0,0.0,72147.4
473.1,0.0,335.5,,,,,0.0,0.0,0.0,0.0,72925.6
474.1,0.0,335.5,,,,,0.0,0.0,0.0,0.0,72421.7
475.1,0.0,335.5,,,,,0.0,0.0,0.0,0.0,72783.4
476.1,0.0,335.5,,,,,0.0,0.0,0.0,0.0,72738.6
477.1,0.0,335.5,,,,,0.0,0.0,0.0,0.0,72026.0
478.1,0.0,335.5,,,,,0.0,0.0,0.0,0.0,74562.9
479.1,0.0,335.5,,,,,0.0,0.0,0.0,0.0,72500.4
480.1,0.0,335.5,,,,,0.0,0.0,0.0,0.0,71724.3
481.1,0.0,335.5,,,,,0.0,0.0,0.0,0.0,74290.4
482.1,0.0,335.5,,,,,0.0,0.0,0.0,0.0,72221.5
483.1,0.0,335.5,,,,,0.0,0.0,0.0,0.0,71496.5
484.1,0.0,335.5,,,,,0.0,0.0,0.0,0.0,73996.0
485.1,0.0,335.5,,,,,0.0,0.0,0.0,0.0,73639.5
486.1,0.0,335.5,,,,,0.0,0.0,0.0,0.0,71767.1
487.1,0.0,335.5,,,,,0.0,0.0,0.0,0.0,73720.5
488.1,0.0,335.5,,,,,0.0,0.0,0.0,0.0,73316.7
489.1,0.0,335.5,,,,,0.0,0.0,0.0,0.0,72732.9
490.1,0.0,335.5,,,,,0.0,0.0,0.0,0.0,73433.8
491.1,0.0,335.5,,,,,0.0,0.0,0.0,0.0,73017.6
492.1,0.0,335.5,,,,,0.0,0.0,0.0,0.0,72425.0
493.1,0.0,335.5,,,,,0.0,0.0,0.0,0.0,73120.2
494.1,0.0,335.5,,,,,0.0,0.0,0.0,0.0,72705.3
495.1,0.0,335.5,,,,,0.0,0.0,0.0,0.0,72151.5
496.1,0.0,335.5,,,,,0.0,0.0,0.0,0.0,71160.4
497.1,0.0,335.5,,,,,0.0,0.0,0.0,0.0,71513.0
498.1,0.0,335.5,,,,,0.0,0.0,0.0,0.0,72264.1
499.1,0.0,335.5,,,,,0.0,0.0,0.0,0.0,72702.3
500.1,0.0,335.5,,,,,0.0,0.0,0.0,0.0,73270.6
501.1,0.0,335.5,,,,,0.0,0.0,0.0,0.0,73759.6
502.1,0.0,335.5,,,,,0.0,0.0,0.0,0.0,74259.6
503.1,0.0,335.5,,,,,0.0,0.0,0.0,0.0,74760.1
504.1,0.0,335.5,,,,,0.0,0.0,0.0,0.0,75227.6
505.1,0.0,335.5,,,,,0.0,0.0,0.0,0.0,75828.2
506.1,0.0,335.5,,,,,0.0,0.0,0.0,0.0,76871.6
507.1,0.0,335.5,,,,,0.0,0.0,0.0,0.0,77704.9
508.1,0.0,335.5,,,,,0.0,0.0,0.0,0.0,78664.7
509.11,0.0,335.5,,,,,0.0,0.0,0.0,0.0,79192.9
510.11,0.0,335.5,,,,,0.0,0.0,0.0,0.0,79373.4
511.11,0.0,335.5,,,,,0.0,0.0,0.0,0.0,79567.1
512.11,0.0,335.5,,,,,0.0,0.0,0.0,0.0,79764.8
513.11,0.0,335.5,,,,,0.0,0.0,0.0,0.0,80053.0
514.11,0.0,335.5,,,,,0.0,0.0,0.0,0.0,80325.6
515.11,0.0,335.5,,,,,0.0,0.0,0.0,0.0,80945.7
516.11,0.0,335.5,,,,,0.0,0.0,0.0,0.0,81625.1
517.11,0.0,335.5,,,,,0.0,0.0,0.0,0.0,82126.1
518.11,0.0,335.5,,,,,0.0,0.0,0.0,0.0,82626.7
519.11,0.0,335.5,,,,,0.0,0.0,0.0,0.0,83127.8
520.11,0.0,335.5,,,,,0.0,0.0,0.0,0.0,83628.7
521.11,0.0,335.5,,,,,0.0,0.0,0.0,0.0,84115.0
522.11,0.0,335.5,,,,,0.0,0.0,0.0,0.0,85005.6
523.11,0.0,335.5,,,,,0.0,0.0,0.0,0.0,85956.6
524.11,0.0,335.5,,,,,0.0,0.0,0.0,0.0,87206.3
525.11,0.0,335.5,,,,,0.0,0.0,0.0,0.0,88151.9
526.11,0.0,335.5,,,,,0.0,0.0,0.0,0.0,89342.6
527.11,0.0,335.5,,,,,0.0,0.0,0.0,0.0,90336.2
528.11,0.0,335.5,,,,,0.0,0.0,0.0,0.0,91307.4
529.11,0.0,335.5,,,,,0.0,0.0,0.0,0.0,83064.1
530.11,0.0,335.5,,,,,0.0,0.0,0.0,0.0,83586.9
531.11,0.0,335.5,,,,,0.0,0.0,0.0,0.0,84225.6
532.11,0.0,335.5,,,,,0.0,0.0,0.0,0.0,84586.1
533.11,0.0,335.5,,,,,0.0,0.0,0.0,0.0,85226.6
534.11,0.0,335.5,,,,,0.0,0.0,0.0,0.0,85578.8
535.11,0.0,335.5,,,,,0.0,0.0,0.0,0.0,86226.9
536.11,0.0,335.5,,,,,0.0,0.0,0.0,0.0,86575.3
537.11,0.0,335.5,,,,,0.0,0.0,0.0,0.0,87658.6
538.11,0.0,335.5,,,,,0.0,0.0,0.0,0.0,88391.8
539.11,0.0,335.5,,,,,0.0,0.0,0.0,0.0,89564.5
540.11,0.0,335.5,,,,,0.0,0.0,0.0,0.0,90327.2
541.11,0.0,335.5,,,,,0.0,0.0,0.0,0.0,91420.2
542.11,0.0,335.5,,,,,0.0,0.0,0.0,0.0,92500.7
543.11,0.0,335.5,,,,,0.0,0.0,0.0,0.0,93435.7
544.11,0.0,335.5,,,,,0.0,0.0,0.0,0.0,83055.2
545.11,0.0,335.5,,,,,0.0,0.0,0.0,0.0,83548.3
546.11,0.0,335.5,,,,,0.0,0.0,0.0,0.0,84247.7
547.11,0.0,335.5,,,,,0.0,0.0,0.0,0.0,84556.0
548.11,0.0,335.5,,,,,0.0,0.0,0.0,0.0,85248.7
549.11,0.0,335.5,,,,,0.0,0.0,0.0,0.0,85627.2
550.11,0.0,335.5,,,,,0.0,0.0,0.0,0.0,86252.5
551.11,0.0,335.5,,,,,0.0,0.0,0.0,0.0,86563.3
552.11,0.0,335.5,,,,,0.0,0.0,0.0,0.0,87816.2
553.11,0.0,335.5,,,,,0.0,0.0,0.0,0.0,88520.1
554.12,0.0,335.5,,,,,0.0,0.0,0.0,0.0,89552.0
555.12,0.0,335.5,,,,,0.0,0.0,0.0,0.0,90430.8
556.12,0.0,335.5,,,,,0.0,0.0,0.0,0.0,91414.7
557.12,0.0,335.5,,,,,0.0,0.0,0.0,0.0,92598.5
558.12,0.0,335.5,,,,,0.0,0.0,0.0,0.0,93534.2
559.12,0.0,335.5,,,,,0.0,0.0,0.0,0.0,83374.4
560.12,0.0,335.5,,,,,0.0,0.0,0.0,0.0,83777.2
561.12,0.0,335.5,,,,,0.0,0.0,0.0,0.0,84527.7
562.12,0.0,335.5,,,,,0.0,0.0,0.0,0.0,84826.5
563.12,0.0,335.5,,,,,0.0,0.0,0.0,0.0,85529.0
564.12,0.0,335.5,,,,,0.0,0.0,0.0,0.0,85862.0
565.12,0.0,335.5,,,,,0.0,0.0,0.0,0.0,86529.3
566.12,0.0,335.5,,,,,0.0,0.0,0.0,0.0,86779.9
567.12,0.0,335.5,,,,,0.0,0.0,0.0,0.0,88188.4
568.12,0.0,335.5,,,,,0.0,0.0,0.0,0.0,88885.6
569.12,0.0,335.5,,,,,0.0,0.0,0.0,0.0,89761.5
570.12,0.0,335.5,,,,,0.0,0.0,0.0,0.0,90727.1
571.12,0.0,335.5,,,,,0.0,0.0,0.0,0.0,91637.4
572.12,0.0,335.5,,,,,0.0,0.0,0.0,0.0,92871.5
573.12,0.0,335.5,,,,,0.0,0.0,0.0,0.0,93737.0
574.12,0.0,335.5,,,,,0.0,0.0,0.0,0.0,83664.8
575.12,0.0,335.5,,,,,0.0,0.0,0.0,0.0,84013.5
576.12,0.0,335.5,,,,,0.0,0.0,0.0,0.0,84556.3
577.12,0.0,335.5,,,,,0.0,0.0,0.0,0.0,84972.7
578.12,0.0,335.5,,,,,0.0,0.0,0.0,0.0,85564.1
579.12,0.0,335.5,,,,,0.0,0.0,0.0,0.0,86174.3
580.12,0.0,335.5,,,,,0.0,0.0,0.0,0.0,86573.0
581.12,0.0,335.5,,,,,0.0,0.0,0.0,0.0,87224.0
582.12,0.0,335.5,,,,,0.0,0.0,0.0,0.0,88299.0
583.12,0.0,335.5,,,,,0.0,0.0,0.0,0.0,89048.1
584.12,0.0,335.5,,,,,0.0,0.0,0.0,0.0,89914.5
585.12,0.0,335.5,,,,,0.0,0.0,0.0,0.0,90910.3
586.12,0.0,335.5,,,,,0.0,0.0,0.0,0.0,91701.1
587.12,0.0,335.5,,,,,0.0,0.0,0.0,0.0,92885.0
588.12,0.0,335.5,,,,,0.0,0.0,0.0,0.0,93679.7
589.12,0.0,335.5,,,,,0.0,0.0,0.0,0.0,83794.7
590.12,0.0,335.5,,,,,0.0,0.0,0.0,0.0,84545.4
591.12,0.0,335.5,,,,,0.0,0.0,0.0,0.0,84795.5
592.12,0.0,335.5,,,,,0.0,0.0,0.0,0.0,85420.9
593.12,0.0,335.5,,,,,0.0,0.0,0.0,0.0,85796.5
594.12,0.0,335.5,,,,,0.0,0.0,0.0,0.0,86422.0
595.12,0.0,335.5,,,,,0.0,0.0,0.0,0.0,86797.3
596.12,0.0,335.5,,,,,0.0,0.0,0.0,0.0,87620.4
597.12,0.0,335.5,,,,,0.0,0.0,0.0,0.0,88542.7
598.12,0.0,335.5,,,,,0.0,0.0,0.0,0.0,89340.2
599.12,0.0,335.5,,,,,0.0,0.0,0.0,0.0,90054.4
600.13,0.0,335.5,,,,,0.0,0.0,0.0,0.0,91143.8
601.13,0.0,335.5,,,,,0.0,0.0,0.0,0.0,91964.2
602.13,0.0,335.5,,,,,0.0,0.0,0.0,0.0,93204.1
603.13,0.0,335.5,,,,,0.0,0.0,0.0,0.0,85855.2
604.13,0.0,335.5,,,,,0.0,0.0,0.0,0.0,83956.1
605.13,0.0,335.5,,,,,0.0,0.0,0.0,0.0,84331.5
606.13,0.0,335.5,,,,,0.0,0.0,0.0,0.0,84611.5
607.13,0.0,335.5,,,,,0.0,0.0,0.0,0.0,85207.5
608.13,0.0,335.5,,,,,0.0,0.0,0.0,0.0,85616.5
609.13,0.0,335.5,,,,,0.0,0.0,0.0,0.0,86208.1
610.13,0.0,335.5,,,,,0.0,0.0,0.0,0.0,86621.6
611.13,0.0,335.5,,,,,0.0,0.0,0.0,0.0,87530.9
612.13,0.0,335.5,,,,,0.0,0.0,0.0,0.0,88333.9
613.13,0.0,335.5,,,,,0.0,0.0,0.0,0.0,89243.5
614.13,0.0,335.5,,,,,0.0,0.0,0.0,0.0,90000.2
615.13,0.0,335.5,,,,,0.0,0.0,0.0,0.0,91221.4
616.13,0.0,335.5,,,,,0.0,0.0,0.0,0.0,92078.3
617.13,0.0,335.5,,,,,0.0,0.0,0.0,0.0,93218.8
618.13,0.0,335.5,,,,,0.0,0.0,0.0,0.0,83549.1
619.13,0.0,335.5,,,,,0.0,0.0,0.0,0.0,83901.1
620.13,0.0,335.5,,,,,0.0,0.0,0.0,0.0,84651.7
621.13,0.0,335.5,,,,,0.0,0.0,0.0,0.0,84902.4
622.13,0.0,335.5,,,,,0.0,0.0,0.0,0.0,85652.5
623.13,0.0,335.5,,,,,0.0,0.0,0.0,0.0,85903.1
624.13,0.0,335.5,,,,,0.0,0.0,0.0,0.0,86528.6
625.13,0.0,335.5,,,,,0.0,0.0,0.0,0.0,86856.9
626.13,0.0,335.5,,,,,0.0,0.0,0.0,0.0,87897.5
627.13,0.0,335.5,,,,,0.0,0.0,0.0,0.0,88603.1
628.13,0.0,335.5,,,,,0.0,0.0,0.0,0.0,89176.4
629.13,0.0,335.5,,,,,0.0,0.0,0.0,0.0,89644.4
630.13,0.0,335.5,,,,,0.0,0.0,0.0,0.0,90155.0
631.13,0.0,335.5,,,,,0.0,0.0,0.0,0.0,90696.6
632.13,0.0,335.5,,,,,0.0,0.0,0.0,0.0,91276.2
633.13,0.0,335.5,,,,,0.0,0.0,0.0,0.0,91570.5
634.13,0.0,335.5,,,,,0.0,0.0,0.0,0.0,81762.0
635.13,0.0,335.5,,,,,0.0,0.0,0.0,0.0,82041.8
636.13,0.0,335.5,,,,,0.0,0.0,0.0,0.0,82542.4
637.13,0.0,335.5,,,,,0.0,0.0,0.0,0.0,82791.0
638.13,0.0,335.5,,,,,0.0,0.0,0.0,0.0,83345.6
639.13,0.0,335.5,,,,,0.0,0.0,0.0,0.0,83255.0
640.13,0.0,335.5,,,,,0.0,0.0,0.0,0.0,83704.0
641.13,0.0,335.5,,,,,0.0,0.0,0.0,0.0,83734.6
642.13,0.0,335.5,,,,,0.0,0.0,0.0,0.0,84410.7
643.14,0.0,335.5,,,,,0.0,0.0,0.0,0.0,85362.0
644.14,0.0,335.5,,,,,0.0,0.0,0.0,0.0,86268.4
645.14,0.0,335.5,,,,,0.0,0.0,0.0,0.0,87071.2
646.14,0.0,335.5,,,,,0.0,0.0,0.0,0.0,87846.2
647.14,0.0,335.5,,,,,0.0,0.0,0.0,0.0,89043.8
648.14,0.0,335.5,,,,,0.0,0.0,0.0,0.0,89941.3
649.14,0.0,335.5,,,,,0.0,0.0,0.0,0.0,79878.2
650.14,0.0,335.5,,,,,0.0,0.0,0.0,0.0,80302.1
651.14,0.0,335.5,,,,,0.0,0.0,0.0,0.0,80943.7
652.14,0.0,335.5,,,,,0.0,0.0,0.0,0.0,81563.7
653.14,0.0,335.5,,,,,0.0,0.0,0.0,0.0,81939.4
654.14,0.0,335.5,,,,,0.0,0.0,0.0,0.0,82564.6
655.14,0.0,335.5,,,,,0.0,0.0,0.0,0.0,82940.2
656.14,0.0,335.5,,,,,0.0,0.0,0.0,0.0,83625.3
657.14,0.0,335.5,,,,,0.0,0.0,0.0,0.0,84663.3
658.14,0.0,335.5,,,,,0.0,0.0,0.0,0.0,85367.0
659.14,0.0,335.5,,,,,0.0,0.0,0.0,0.0,86177.0
660.14,0.0,335.5,,,,,0.0,0.0,0.0,0.0,87148.8
661.14,0.0,335.5,,,,,0.0,0.0,0.0,0.0,87962.5
662.14,0.0,335.5,,,,,0.0,0.0,0.0,0.0,89153.5
663.14,0.0,335.5,,,,,0.0,0.0,0.0,0.0,89863.2
664.14,0.0,335.5,,,,,0.0,0.0,0.0,0.0,81004.5
665.14,0.0,335.5,,,,,0.0,0.0,0.0,0.0,81379.9
666.14,0.0,335.5,,,,,0.0,0.0,0.0,0.0,81630.0
667.14,0.0,335.5,,,,,0.0,0.0,0.0,0.0,82255.7
668.14,0.0,335.5,,,,,0.0,0.0,0.0,0.0,82631.1
669.14,0.0,335.5,,,,,0.0,0.0,0.0,0.0,83256.8
670.14,0.0,335.5,,,,,0.0,0.0,0.0,0.0,83403.5
671.14,0.0,335.5,,,,,0.0,0.0,0.0,0.0,84115.7
672.14,0.0,335.5,,,,,0.0,0.0,0.0,0.0,85147.3
673.14,0.0,335.5,,,,,0.0,0.0,0.0,0.0,85921.8
674.14,0.0,335.5,,,,,0.0,0.0,0.0,0.0,86636.4
675.14,0.0,335.5,,,,,0.0,0.0,0.0,0.0,87707.1
676.14,0.0,335.5,,,,,0.0,0.0,0.0,0.0,88450.3
677.14,0.0,335.5,,,,,0.0,0.0,0.0,0.0,89638.3
678.14,0.0,335.5,,,,,0.0,0.0,0.0,0.0,90215.6
679.14,0.0,335.5,,,,,0.0,0.0,0.0,0.0,80599.8
680.14,0.0,335.5,,,,,0.0,0.0,0.0,0.0,81350.1
681.14,0.0,335.5,,,,,0.0,0.0,0.0,0.0,81600.7
682.14,0.0,335.5,,,,,0.0,0.0,0.0,0.0,82144.9
683.14,0.0,335.5,,,,,0.0,0.0,0.0,0.0,82601.7
684.14,0.0,335.5,,,,,0.0,0.0,0.0,0.0,83149.7
685.14,0.0,335.5,,,,,0.0,0.0,0.0,0.0,83602.4
686.15,0.0,335.5,,,,,0.0,0.0,0.0,0.0,84250.8
687.15,0.0,335.5,,,,,0.0,0.0,0.0,0.0,85099.2
688.15,0.0,335.5,,,,,0.0,0.0,0.0,0.0,85971.2
689.15,0.0,335.5,,,,,0.0,0.0,0.0,0.0,86675.6
690.15,0.0,335.5,,,,,0.0,0.0,0.0,0.0,87876.0
691.15,0.0,335.5,,,,,0.0,0.0,0.0,0.0,88649.3
692.15,0.0,335.5,,,,,0.0,0.0,0.0,0.0,89823.7
693.15,0.0,335.5,,,,,0.0,0.0,0.0,0.0,80807.8
694.15,0.0,335.5,,,,,0.0,0.0,0.0,0.0,81149.1
695.15,0.0,335.5,,,,,0.0,0.0,0.0,0.0,81524.5
696.15,0.0,335.5,,,,,0.0,0.0,0.0,0.0,81775.1
697.15,0.0,335.5,,,,,0.0,0.0,0.0,0.0,82525.9
698.15,0.0,335.5,,,,,0.0,0.0,0.0,0.0,82776.3
699.15,0.0,335.5,,,,,0.0,0.0,0.0,0.0,83526.6
700.15,0.0,335.5,,,,,0.0,0.0,0.0,0.0,83777.0
701.15,0.0,335.5,,,,,0.0,0.0,0.0,0.0,84761.2
702.15,0.0,335.5,,,,,0.0,0.0,0.0,0.0,85520.5
703.15,0.0,335.5,,,,,0.0,0.0,0.0,0.0,86486.3
704.15,0.0,335.5,,,,,0.0,0.0,0.0,0.0,87190.3
705.15,0.0,335.5,,,,,0.0,0.0,0.0,0.0,88364.5
706.15,0.0,335.5,,,,,0.0,0.0,0.0,0.0,89120.7
707.15,0.0,335.5,,,,,0.0,0.0,0.0,0.0,90115.0
708.15,0.0,335.5,,,,,0.0,0.0,0.0,0.0,80243.3
709.15,0.0,335.5,,,,,0.0,0.0,0.0,0.0,80617.1
710.15,0.0,335.5,,,,,0.0,0.0,0.0,0.0,81367.4
711.15,0.0,335.5,,,,,0.0,0.0,0.0,0.0,81618.1
712.15,0.0,335.5,,,,,0.0,0.0,0.0,0.0,82358.1
713.15,0.0,335.5,,,,,0.0,0.0,0.0,0.0,82619.0
714.15,0.0,335.5,,,,,0.0,0.0,0.0,0.0,83244.2
715.15,0.0,335.5,,,,,0.0,0.0,0.0,0.0,83619.8
716.15,0.0,335.5,,,,,0.0,0.0,0.0,0.0,84714.4
717.15,0.0,335.5,,,,,0.0,0.0,0.0,0.0,85431.5
718.15,0.0,335.5,,,,,0.0,0.0,0.0,0.0,86431.5
719.15,0.0,335.5,,,,,0.0,0.0,0.0,0.0,87141.5
720.15,0.0,335.5,,,,,0.0,0.0,0.0,0.0,88223.6
721.15,0.0,335.5,,,,,0.0,0.0,0.0,0.0,89102.2
722.15,0.0,335.5,,,,,0.0,0.0,0.0,0.0,90045.8
723.15,0.0,335.5,,,,,0.0,0.0,0.0,0.0,80768.5
724.15,0.0,335.5,,,,,0.0,0.0,0.0,0.0,81172.9
725.15,0.0,335.5,,,,,0.0,0.0,0.0,0.0,81673.4
726.15,0.0,335.5,,,,,0.0,0.0,0.0,0.0,81923.9
727.15,0.0,335.5,,,,,0.0,0.0,0.0,0.0,82674.6
728.15,0.0,335.5,,,,,0.0,0.0,0.0,0.0,82925.2
729.15,0.0,335.5,,,,,0.0,0.0,0.0,0.0,83674.9
730.16,0.0,335.5,,,,,0.0,0.0,0.0,0.0,83925.5
731.16,0.0,335.5,,,,,0.0,0.0,0.0,0.0,85109.7
732.16,0.0,335.5,,,,,0.0,0.0,0.0,0.0,85824.9
733.16,0.0,335.5,,,,,0.0,0.0,0.0,0.0,86825.1
734.16,0.0,335.5,,,,,0.0,0.0,0.0,0.0,87551.4
735.16,0.0,335.5,,,,,0.0,0.0,0.0,0.0,88525.0
736.16,0.0,335.5,,,,,0.0,0.0,0.0,0.0,89472.6
737.16,0.0,335.5,,,,,0.0,0.0,0.0,0.0,90312.4
738.16,0.0,335.5,,,,,0.0,0.0,0.0,0.0,80441.9
739.16,0.0,335.5,,,,,0.0,0.0,0.0,0.0,80926.2
740.16,0.0,335.5,,,,,0.0,0.0,0.0,0.0,81503.6
741.16,0.0,335.5,,,,,0.0,0.0,0.0,0.0,81854.4
742.16,0.0,335.5,,,,,0.0,0.0,0.0,0.0,83057.8
743.16,0.0,335.5,,,,,0.0,0.0,0.0,0.0,83763.3
744.16,0.0,335.5,,,,,0.0,0.0,0.0,0.0,84875.3
745.16,0.0,335.5,,,,,0.0,0.0,0.0,0.0,85375.7
746.16,0.0,335.5,,,,,0.0,0.0,0.0,0.0,85875.3
747.16,0.0,335.5,,,,,0.0,0.0,0.0,0.0,86376.3
748.16,0.0,335.5,,,,,0.0,0.0,0.0,0.0,86876.3
749.16,0.0,335.5,,,,,0.0,0.0,0.0,0.0,87376.6
750.16,0.0,335.5,,,,,0.0,0.0,0.0,0.0,81657.2
751.16,0.01,337.3,,,,,0.01,0.0,0.01,0.0,70185.8
752.16,0.01,338.7,,,,,0.01,0.01,0.01,0.01,70266.2
753.16,0.0,338.7,,,,,0.0,0.0,0.0,0.0,70266.4
754.16,0.0,338.7,,,,,0.0,0.0,0.0,0.0,70273.9
755.16,0.0,338.7,,,,,0.0,0.0,0.0,0.0,70276.7
756.16,0.0,338.7,,,,,0.0,0.0,0.0,0.0,70289.6
757.16,0.0,338.7,,,,,0.0,0.0,0.0,0.0,70504.5
758.16,0.0,338.7,,,,,0.0,0.0,0.0,0.0,70506.3
759.16,0.0,338.7,,,,,0.0,0.0,0.0,0.0,70534.0
760.16,0.0,338.7,,,,,0.0,0.0,0.0,0.0,70939.7
761.16,0.0,338.7,,,,,0.0,0.0,0.0,0.0,70964.9
762.16,0.0,338.7,,,,,0.0,0.0,0.0,0.0,70981.5
763.16,0.0,338.7,,,,,0.0,0.0,0.0,0.0,70984.5
764.16,0.0,338.7,,,,,0.0,0.0,0.0,0.0,70986.0
765.16,0.0,338.7,,,,,0.0,0.0,0.0,0.0,70984.9
766.16,0.0,338.7,,,,,0.0,0.0,0.0,0.0,70988.7
767.16,0.0,338.7,,,,,0.0,0.0,0.0,0.0,70991.2
768.16,0.0,338.7,,,,,0.0,0.0,0.0,0.0,70995.0
769.16,0.0,338.7,,,,,0.0,0.0,0.0,0.0,71003.9
770.16,0.0,338.7,,,,,0.0,0.0,0.0,0.0,71010.5
771.16,0.03,338.7,,,,,0.02,0.03,0.05,0.02,72047.0
772.16,0.0,10767.0,,,,,0.0,0.0,0.0,0.0,67486.9
773.16,0.0,20691.2,,,,,0.0,0.0,0.0,0.0,64359.6
774.16,0.0,32716.9,,,,,0.0,0.0,0.0,0.0,55979.6
775.17,0.0,46283.2,,,,,0.0,0.0,0.0,0.0,45602.4
776.17,0.0,58046.8,,,,,0.0,0.0,0.0,0.0,36346.1
777.17,0.0,63423.0,,,,,0.0,0.0,0.0,0.0,32015.9
778.17,0.0,64110.8,,,,,0.0,0.0,0.0,0.0,18377.0
779.17,0.0,64111.3,,,,,0.0,0.0,0.0,0.0,6236.1
780.17,0.0,64111.3,,,,,0.0,0.0,0.0,0.0,7420.8
781.17,0.0,64111.3,,,,,0.0,0.0,0.0,0.0,8322.8
782.17,0.0,64111.3,,,,,0.0,0.0,0.0,0.0,8343.0
783.17,0.0,64111.3,,,,,0.0,0.0,0.0,0.0,8343.0
784.17,0.0,64111.3,,,,,0.0,0.0,0.0,0.0,8348.6
785.17,0.0,64111.3,,,,,0.0,0.0,0.0,0.0,8350.8
786.17,0.0,64111.3,,,,,0.0,0.0,0.0,0.0,8353.1
787.17,0.0,64111.3,,,,,0.0,0.0,0.0,0.0,8353.1
788.17,0.0,64111.3,,,,,0.0,0.0,0.0,0.0,8454.7
789.17,0.0,64111.3,,,,,0.0,0.0,0.0,0.0,8772.1
790.17,0.0,64111.3,,,,,0.0,0.0,0.0,0.0,9216.7
791.17,0.0,64111.3,,,,,0.0,0.0,0.0,0.0,9410.2
792.17,0.0,64111.3,,,,,0.0,0.0,0.0,0.0,9565.4
793.17,0.0,64111.3,,,,,0.0,0.0,0.0,0.0,9579.5
794.17,0.0,64111.3,,,,,0.0,0.0,0.0,0.0,9579.5
795.17,0.0,64111.3,,,,,0.0,0.0,0.0,0.0,9579.5
796.17,0.0,64111.3,,,,,0.0,0.0,0.0,0.0,9579.5
797.17,0.0,64111.3,,,,,0.0,0.0,0.0,0.0,9579.5
798.17,0.0,64111.3,,,,,0.0,0.0,0.0,0.0,9579.5
799.17,0.0,64111.3,,,,,0.0,0.0,0.0,0.0,9579.5
800.17,0.0,64111.3,,,,,0.0,0.0,0.0,0.0,9579.5
801.17,0.0,64111.3,,,,,0.0,0.0,0.0,0.0,9579.5
802.18,0.0,64111.3,,,,,0.0,0.0,0.0,0.0,9579.5
803.18,0.0,64111.3,,,,,0.0,0.0,0.0,0.0,9579.5
804.18,0.0,64111.3,,,,,0.0,0.0,0.0,0.0,9579.5
805.18,0.0,64111.3,,,,,0.0,0.0,0.0,0.0,9579.5
806.18,0.0,64111.3,,,,,0.0,0.0,0.0,0.0,9579.5
807.18,0.0,64111.3,,,,,0.0,0.0,0.0,0.0,9579.5
808.18,0.0,64111.3,,,,,0.0,0.0,0.0,0.0,9579.5
809.18,0.0,64111.3,,,,,0.0,0.0,0.0,0.0,9579.5
810.18,0.0,64111.3,,,,,0.0,0.0,0.0,0.0,9579.5
811.18,0.0,64111.3,,,,,0.0,0.0,0.0,0.0,9579.5
812.18,0.0,64111.3,,,,,0.0,0.0,0.0,0.0,9579.5
813.18,0.0,64111.3,,,,,0.0,0.0,0.0,0.0,9579.5
814.18,0.0,64111.3,,,,,0.0,0.0,0.0,0.0,9579.5
815.18,0.0,64111.3,,,,,0.0,0.0,0.0,0.0,9579.5
816.18,0.0,64111.3,,,,,0.0,0.0,0.0,0.0,9579.5
817.18,0.0,64111.3,,,,,0.0,0.0,0.0,0.0,9579.5
818.18,0.0,64111.3,,,,,0.0,0.0,0.0,0.0,9579.5
819.18,0.0,64111.3,,,,,0.0,0.0,0.0,0.0,9579.5
820.18,0.0,64111.3,,,,,0.0,0.0,0.0,0.0,9579.5
821.18,0.0,64111.3,,,,,0.0,0.0,0.0,0.0,9579.5
822.19,0.0,64111.3,,,,,0.0,0.0,0.0,0.0,9579.5
823.19,0.0,64111.3,,,,,0.0,0.0,0.0,0.0,9579.5
824.19,0.0,64111.3,,,,,0.0,0.0,0.0,0.0,9579.5
825.19,0.0,64111.3,,,,,0.0,0.0,0.0,0.0,9579.5
826.19,0.0,64111.3,,,,,0.0,0.0,0.0,0.0,9579.5
827.19,0.0,64111.3,,,,,0.0,0.0,0.0,0.0,9579.5
828.19,0.0,64111.3,,,,,0.0,0.0,0.0,0.0,9579.5
829.19,0.0,64111.3,,,,,0.0,0.0,0.0,0.0,9579.5
830.19,0.0,64111.3,,,,,0.0,0.0,0.0,0.0,9579.5
831.19,0.0,64111.3,,,,,0.0,0.0,0.0,0.0,9579.5
832.19,0.0,64111.3,,,,,0.0,0.0,0.0,0.0,9579.5
833.19,0.0,64111.3,,,,,0.0,0.0,0.0,0.0,9579.5
834.19,0.0,64111.3,,,,,0.0,0.0,0.0,0.0,9579.5
835.19,0.0,64111.3,,,,,0.0,0.0,0.0,0.0,9579.5
836.19,0.0,64111.3,,,,,0.0,0.0,0.0,0.0,9579.5
837.19,0.0,64111.3,,,,,0.0,0.0,0.0,0.0,9579.5
838.19,0.0,64111.3,,,,,0.0,0.0,0.0,0.0,9579.5
839.19,0.0,64111.3,,,,,0.0,0.0,0.0,0.0,9579.5
840.2,0.0,64111.3,,,,,0.0,0.0,0.0,0.0,9579.5
841.2,0.0,64111.3,,,,,0.0,0.0,0.0,0.0,9579.5
842.2,0.0,64111.3,,,,,0.0,0.0,0.0,0.0,9579.5
843.2,0.0,64111.3,,,,,0.0,0.0,0.0,0.0,9579.5
844.2,0.0,64111.3,,,,,0.0,0.0,0.0,0.0,9579.5
845.21,0.0,64111.3,,,,,0.0,0.0,0.0,0.0,9579.5
846.21,0.0,64111.3,,,,,0.0,0.0,0.0,0.0,9579.5
847.21,0.0,64111.3,,,,,0.0,0.0,0.0,0.0,9579.5
848.21,0.0,64111.3,,,,,0.0,0.0,0.0,0.0,9579.5
849.21,0.0,64111.3,,,,,0.0,0.0,0.0,0.0,9579.5
850.21,0.0,64111.3,,,,,0.0,0.0,0.0,0.0,9579.5
851.21,0.0,64111.3,,,,,0.0,0.0,0.0,0.0,9579.5
852.21,0.0,64111.3,,,,,0.0,0.0,0.0,0.0,9579.5
853.21,0.0,64111.3,,,,,0.0,0.0,0.0,0.0,9579.5
854.21,0.0,64111.3,,,,,0.0,0.0,0.0,0.0,9579.5
855.22,0.0,64111.3,,,,,0.0,0.0,0.0,0.0,9579.5
856.22,0.0,64111.3,,,,,0.0,0.0,0.0,0.0,9579.5
857.22,0.0,64111.3,,,,,0.0,0.0,0.0,0.0,9579.5
858.22,0.0,64111.3,,,,,0.0,0.0,0.0,0.0,9579.5
859.22,0.0,64111.3,,,,,0.0,0.0,0.0,0.0,9579.5
860.22,0.0,64111.3,,,,,0.0,0.0,0.0,0.0,9579.5
861.22,0.0,64111.3,,,,,0.0,0.0,0.0,0.0,9579.5
862.22,0.0,64111.3,,,,,0.0,0.0,0.0,0.0,9579.5
863.22,0.0,64111.3,,,,,0.0,0.0,0.0,0.0,9579.5
864.22,0.0,64111.3,,,,,0.0,0.0,0.0,0.0,9579.5
865.22,0.0,64111.3,,,,,0.0,0.0,0.0,0.0,9579.5
866.23,0.0,64111.3,,,,,0.0,0.0,0.0,0.0,9579.5
867.23,0.0,64111.3,,,,,0.0,0.0,0.0,0.0,9579.5
868.23,0.0,64111.3,,,,,0.0,0.0,0.0,0.0,9579.5
869.23,0.0,64111.3,,,,,0.0,0.0,0.0,0.0,9579.5
870.23,0.0,64111.3,,,,,0.0,0.0,0.0,0.0,9579.5
871.23,0.0,64111.3,,,,,0.0,0.0,0.0,0.0,9579.5
872.23,0.0,64111.3,,,,,0.0,0.0,0.0,0.0,9579.5
873.23,0.0,64111.3,,,,,0.0,0.0,0.0,0.0,9579.5
874.23,0.0,64111.3,,,,,0.0,0.0,0.0,0.0,9579.5
875.23,0.0,64111.3,,,,,0.0,0.0,0.0,0.0,9579.5
876.23,0.0,64111.3,,,,,0.0,0.0,0.0,0.0,9579.5
877.23,0.0,64111.3,,,,,0.0,0.0,0.0,0.0,9579.5
878.23,0.0,64111.3,,,,,0.0,0.0,0.0,0.0,9579.5
879.23,0.0,64111.3,,,,,0.0,0.0,0.0,0.0,9579.5
880.23,0.0,64111.3,,,,,0.0,0.0,0.0,0.0,9579.5
881.24,0.0,64111.3,,,,,0.0,0.0,0.0,0.0,9579.5
882.24,0.0,64111.3,,,,,0.0,0.0,0.0,0.0,9579.5
883.24,0.0,64111.3,,,,,0.0,0.0,0.0,0.0,9579.5
884.24,0.0,64111.3,,,,,0.0,0.0,0.0,0.0,9579.5
885.24,0.0,64111.3,,,,,0.0,0.0,0.0,0.0,9579.5
886.24,0.0,64111.3,,,,,0.0,0.0,0.0,0.0,9579.5
887.24,0.0,64111.3,,,,,0.0,0.0,0.0,0.0,9579.5
888.24,0.0,64111.3,,,,,0.0,0.0,0.0,0.0,9579.5
889.24,0.0,64111.3,,,,,0.0,0.0,0.0,0.0,9579.5
890.24,0.0,64111.3,,,,,0.0,0.0,0.0,0.0,9579.5
891.24,0.0,64111.3,,,,,0.0,0.0,0.0,0.0,9579.5
892.24,0.0,64111.3,,,,,0.0,0.0,0.0,0.0,9579.5
893.24,0.0,64111.3,,,,,0.0,0.0,0.0,0.0,9579.5
894.24,0.0,64111.3,,,,,0.0,0.0,0.0,0.0,9579.5
895.24,0.0,64111.3,,,,,0.0,0.0,0.0,0.0,9579.5
896.24,0.0,64111.3,,,,,0.0,0.0,0.0,0.0,9579.5
897.24,0.0,64111.3,,,,,0.0,0.0,0.0,0.0,9579.5
898.24,0.0,64111.3,,,,,0.0,0.0,0.0,0.0,9579.5
899.24,0.0,64111.3,,,,,0.0,0.0,0.0,0.0,9579.5
900.24,0.0,64111.3,,,,,0.0,0.0,0.0,0.0,9579.5
901.24,0.0,64111.3,,,,,0.0,0.0,0.0,0.0,9579.5
902.24,0.0,64111.3,,,,,0.0,0.0,0.0,0.0,9579.5
903.24,0.0,64111.3,,,,,0.0,0.0,0.0,0.0,9579.5
904.25,0.0,64111.3,,,,,0.0,0.0,0.0,0.0,9579.5
905.25,0.0,64111.3,,,,,0.0,0.0,0.0,0.0,9579.5
906.25,0.0,64111.3,,,,,0.0,0.0,0.0,0.0,9579.5
907.25,0.0,64111.3,,,,,0.0,0.0,0.0,0.0,9579.5
908.25,0.0,64111.3,,,,,0.0,0.0,0.0,0.0,9579.5
909.25,0.0,64111.3,,,,,0.0,0.0,0.0,0.0,9579.5
910.25,0.0,64111.3,,,,,0.0,0.0,0.0,0.0,9579.5
911.25,0.0,64111.3,,,,,0.0,0.0,0.0,0.0,9579.5
912.25,0.0,64111.3,,,,,0.0,0.0,0.0,0.0,9579.5
913.25,0.0,64111.3,,,,,0.0,0.0,0.0,0.0,9579.5
914.25,0.0,64111.3,,,,,0.0,0.0,0.0,0.0,9579.5
915.25,0.0,64111.3,,,,,0.0,0.0,0.0,0.0,9579.5
916.26,0.0,64111.3,,,,,0.0,0.0,0.0,0.0,9579.5
917.26,0.0,64111.3,,,,,0.0,0.0,0.0,0.0,9579.5
918.26,0.0,64111.3,,,,,0.0,0.0,0.0,0.0,9579.5
919.26,0.0,64111.3,,,,,0.0,0.0,0.0,0.0,9579.5
920.26,0.0,64111.3,,,,,0.0,0.0,0.0,0.0,9579.5
921.26,0.0,64111.3,,,,,0.0,0.0,0.0,0.0,9579.5
922.26,0.0,64111.3,,,,,0.0,0.0,0.0,0.0,9579.5
923.26,0.0,64111.3,,,,,0.0,0.0,0.0,0.0,9579.5
924.26,0.0,64111.3,,,,,0.0,0.0,0.0,0.0,9579.5
925.26,0.0,64111.3,,,,,0.0,0.0,0.0,0.0,9579.5
926.26,0.0,64111.3,,,,,0.0,0.0,0.0,0.0,9579.5
927.27,0.0,64111.3,,,,,0.0,0.0,0.0,0.0,9579.5
928.27,0.0,64111.3,,,,,0.0,0.0,0.0,0.0,9579.5
929.27,0.0,64111.3,,,,,0.0,0.0,0.0,0.0,9579.5
930.27,0.0,64111.3,,,,,0.0,0.0,0.0,0.0,9579.5
931.27,0.0,64111.3,,,,,0.0,0.0,0.0,0.0,9579.5
932.27,0.0,64111.3,,,,,0.0,0.0,0.0,0.0,9579.5
933.27,0.0,64111.3,,,,,0.0,0.0,0.0,0.0,9579.5
934.27,0.0,64111.3,,,,,0.0,0.0,0.0,0.0,9579.5
935.27,0.0,64111.3,,,,,0.0,0.0,0.0,0.0,9579.5
936.27,0.0,64111.3,,,,,0.0,0.0,0.0,0.0,9579.5
937.27,0.0,64111.3,,,,,0.0,0.0,0.0,0.0,9579.5
938.27,0.0,64111.3,,,,,0.0,0.0,0.0,0.0,9579.5
939.28,0.0,64111.3,,,,,0.0,0.0,0.0,0.0,9579.5
940.28,0.0,64111.3,,,,,0.0,0.0,0.0,0.0,9579.5
941.28,0.0,64111.3,,,,,0.0,0.0,0.0,0.0,9579.5
942.28,0.0,64111.3,,,,,0.0,0.0,0.0,0.0,9579.5
943.28,0.0,64111.3,,,,,0.0,0.0,0.0,0.0,9579.5
944.28,0.0,64111.3,,,,,0.0,0.0,0.0,0.0,9579.5
945.28,0.0,64111.3,,,,,0.0,0.0,0.0,0.0,9579.5
946.28,0.0,64111.3,,,,,0.0,0.0,0.0,0.0,9579.5
947.28,0.0,64111.3,,,,,0.0,0.0,0.0,0.0,9579.5
948.28,0.0,64111.3,,,,,0.0,0.0,0.0,0.0,9579.5
949.28,0.0,64111.3,,,,,0.0,0.0,0.0,0.0,9579.5
950.28,0.0,64111.3,,,,,0.0,0.0,0.0,0.0,9579.5
951.28,0.0,64111.3,,,,,0.0,0.0,0.0,0.0,9579.5
952.28,0.0,64111.3,,,,,0.0,0.0,0.0,0.0,9579.5
953.28,0.0,64111.3,,,,,0.0,0.0,0.0,0.0,9579.5
954.28,0.0,64111.3,,,,,0.0,0.0,0.0,0.0,9579.5
955.28,0.0,64111.3,,,,,0.0,0.0,0.0,0.0,9579.5
956.28,0.0,64111.3,,,,,0.0,0.0,0.0,0.0,9579.5
957.28,0.0,64111.3,,,,,0.0,0.0,0.0,0.0,9579.5
958.28,0.0,64111.3,,,,,0.0,0.0,0.0,0.0,9579.5
959.28,0.0,64111.3,,,,,0.0,0.0,0.0,0.0,9579.5
960.28,0.0,64111.3,,,,,0.0,0.0,0.0,0.0,9579.5
961.28,0.0,64111.3,,,,,0.0,0.0,0.0,0.0,9579.5
962.28,0.0,64111.3,,,,,0.0,0.0,0.0,0.0,9579.5
963.29,0.0,64111.3,,,,,0.0,0.0,0.0,0.0,9579.5
964.29,0.0,64111.3,,,,,0.0,0.0,0.0,0.0,9579.5
965.29,0.0,64111.3,,,,,0.0,0.0,0.0,0.0,9579.5
966.29,0.0,64111.3,,,,,0.0,0.0,0.0,0.0,9579.5
967.29,0.0,64111.3,,,,,0.0,0.0,0.0,0.0,9579.5
968.29,0.0,64111.3,,,,,0.0,0.0,0.0,0.0,9579.5
969.29,0.0,64111.3,,,,,0.0,0.0,0.0,0.0,9579.5
970.29,0.0,64111.3,,,,,0.0,0.0,0.0,0.0,9579.5
971.29,0.0,64111.3,,,,,0.0,0.0,0.0,0.0,9579.5
972.29,0.0,64111.3,,,,,0.0,0.0,0.0,0.0,9579.5
973.29,0.0,64111.3,,,,,0.0,0.0,0.0,0.0,9579.5
974.29,0.0,64111.3,,,,,0.0,0.0,0.0,0.0,9579.5
975.29,0.0,64111.3,,,,,0.0,0.0,0.0,0.0,9579.5
976.29,0.0,64111.3,,,,,0.0,0.0,0.0,0.0,9579.5
977.29,0.0,64111.3,,,,,0.0,0.0,0.0,0.0,9579.5
978.3,0.0,64111.3,,,,,0.0,0.0,0.0,0.0,9579.5
979.3,0.0,64111.3,,,,,0.0,0.0,0.0,0.0,9579.5
980.3,0.0,64111.3,,,,,0.0,0.0,0.0,0.0,9579.5
981.3,0.0,64111.3,,,,,0.0,0.0,0.0,0.0,9579.5
982.31,0.0,64111.3,,,,,0.0,0.0,0.0,0.0,9579.5
983.31,0.0,64111.3,,,,,0.0,0.0,0.0,0.0,9579.5
984.31,0.0,64111.3,,,,,0.0,0.0,0.0,0.0,9579.5
985.31,0.0,64111.3,,,,,0.0,0.0,0.0,0.0,9579.5
986.31,0.0,64111.3,,,,,0.0,0.0,0.0,0.0,9579.5
987.31,0.0,64111.3,,,,,0.0,0.0,0.0,0.0,9579.5
988.31,0.0,64111.3,,,,,0.0,0.0,0.0,0.0,9579.5
989.31,0.0,64111.3,,,,,0.0,0.0,0.0,0.0,9579.5
990.31,0.0,64111.3,,,,,0.0,0.0,0.0,0.0,9579.5
991.31,0.0,64111.3,,,,,0.0,0.0,0.0,0.0,9579.5
992.31,0.0,64111.3,,,,,0.0,0.0,0.0,0.0,9579.5
993.31,0.0,64111.3,,,,,0.0,0.0,0.0,0.0,9579.5
994.31,0.0,64111.3,,,,,0.0,0.0,0.0,0.0,9579.5
995.31,0.0,64111.3,,,,,0.0,0.0,0.0,0.0,9579.5
996.31,0.0,64111.3,,,,,0.0,0.0,0.0,0.0,9579.5
997.31,0.0,64111.3,,,,,0.0,0.0,0.0,0.0,9579.5
998.31,0.0,64111.3,,,,,0.0,0.0,0.0,0.0,9579.5
999.31,0.0,64111.3,,,,,0.0,0.0,0.0,0.0,9579.5
1000.31,0.0,64111.3,,,,,0.0,0.0,0.0,0.0,9579.5
1001.32,0.0,64111.3,,,,,0.0,0.0,0.0,0.0,9579.5
1002.32,0.0,64111.3,,,,,0.0,0.0,0.0,0.0,9579.5
1003.32,0.0,64111.3,,,,,0.0,0.0,0.0,0.0,9579.5
1004.32,0.0,64111.3,,,,,0.0,0.0,0.0,0.0,9579.5
1005.32,0.0,64111.3,,,,,0.0,0.0,0.0,0.0,9579.5
1006.32,0.0,64111.3,,,,,0.0,0.0,0.0,0.0,9579.5
1007.32,0.0,64111.3,,,,,0.0,0.0,0.0,0.0,9579.5
1008.32,0.0,64111.3,,,,,0.0,0.0,0.0,0.0,9579.5
1009.32,0.0,64111.3,,,,,0.0,0.0,0.0,0.0,9579.5
1010.32,0.0,64111.3,,,,,0.0,0.0,0.0,0.0,9579.5
1011.32,0.0,64111.3,,,,,0.0,0.0,0.0,0.0,9579.5
1012.32,0.0,64111.3,,,,,0.0,0.0,0.0,0.0,9579.5
1013.32,0.0,64111.3,,,,,0.0,0.0,0.0,0.0,9579.5
1014.32,0.0,64111.3,,,,,0.0,0.0,0.0,0.0,9579.5
1015.32,0.0,64111.3,,,,,0.0,0.0,0.0,0.0,9579.5
1016.32,0.0,64111.3,,,,,0.0,0.0,0.0,0.0,9579.5
1017.32,0.0,64111.3,,,,,0.0,0.0,0.0,0.0,9579.5
1018.32,0.0,64111.3,,,,,0.0,0.0,0.0,0.0,9579.5
1019.33,0.0,64111.3,,,,,0.0,0.0,0.0,0.0,9579.5
1020.33,0.0,64111.3,,,,,0.0,0.0,0.0,0.0,9579.5
1021.33,0.0,64111.3,,,,,0.0,0.0,0.0,0.0,9579.5
1022.33,0.0,64111.3,,,,,0.0,0.0,0.0,0.0,9579.5
1023.33,0.0,64111.3,,,,,0.0,0.0,0.0,0.0,9579.5
1024.33,0.0,64111.3,,,,,0.0,0.0,0.0,0.0,9579.5
1025.33,0.0,64111.3,,,,,0.0,0.0,0.0,0.0,9579.5
1026.33,0.0,64111.3,,,,,0.0,0.0,0.0,0.0,9579.5
1027.33,0.0,64111.3,,,,,0.0,0.0,0.0,0.0,9579.5
1028.33,0.0,64111.3,,,,,0.0,0.0,0.0,0.0,9579.5
1029.33,0.0,64111.3,,,,,0.0,0.0,0.0,0.0,9579.5
1030.33,0.0,64111.3,,,,,0.0,0.0,0.0,0.0,9579.5
1031.33,0.0,64111.3,,,,,0.0,0.0,0.0,0.0,9579.5
1032.33,0.0,64111.3,,,,,0.0,0.0,0.0,0.0,9579.5
1033.34,0.0,64111.3,,,,,0.0,0.0,0.0,0.0,9579.5
1034.34,0.0,64111.3,,,,,0.0,0.0,0.0,0.0,9579.5
1035.34,0.0,64111.3,,,,,0.0,0.0,0.0,0.0,9579.5
1036.34,0.0,64111.3,,,,,0.0,0.0,0.0,0.0,9579.5
1037.34,0.0,64111.3,,,,,0.0,0.0,0.0,0.0,9579.5
1038.34,0.0,64111.3,,,,,0.0,0.0,0.0,0.0,9579.5
1039.34,0.0,64111.3,,,,,0.0,0.0,0.0,0.0,9579.5
1040.34,0.0,64111.3,,,,,0.0,0.0,0.0,0.0,9579.5
1041.34,0.0,64111.3,,,,,0.0,0.0,0.0,0.0,9579.5
1042.34,0.0,64111.3,,,,,0.0,0.0,0.0,0.0,9579.5
1043.34,0.0,64111.3,,,,,0.0,0.0,0.0,0.0,9579.5
1044.34,0.0,64111.3,,,,,0.0,0.0,0.0,0.0,9579.5
1045.35,0.0,64111.3,,,,,0.0,0.0,0.0,0.0,9579.5
1046.35,0.0,64111.3,,,,,0.0,0.0,0.0,0.0,9579.5
1047.35,0.0,64111.3,,,,,0.0,0.0,0.0,0.0,9579.5
1048.35,0.0,64111.3,,,,,0.0,0.0,0.0,0.0,9579.5
1049.35,0.0,64111.3,,,,,0.0,0.0,0.0,0.0,9579.5
1050.35,0.0,64111.3,,,,,0.0,0.0,0.0,0.0,9579.5
1051.35,0.0,64111.3,,,,,0.0,0.0,0.0,0.0,9579.5
1052.35,0.0,64111.3,,,,,0.0,0.0,0.0,0.0,9579.5
1053.35,0.0,64111.3,,,,,0.0,0.0,0.0,0.0,9579.5
1054.36,0.0,64111.3,,,,,0.0,0.0,0.0,0.0,9579.5
1055.36,0.0,64111.3,,,,,0.0,0.0,0.0,0.0,9579.5
1056.36,0.0,64111.3,,,,,0.0,0.0,0.0,0.0,9579.5
1057.36,0.0,64111.3,,,,,0.0,0.0,0.0,0.0,9579.5
1058.36,0.0,64111.3,,,,,0.0,0.0,0.0,0.0,9579.5
1059.36,0.0,64111.3,,,,,0.0,0.0,0.0,0.0,9579.5
1060.36,0.0,64111.3,,,,,0.0,0.0,0.0,0.0,9579.5
1061.36,0.0,64111.3,,,,,0.0,0.0,0.0,0.0,9579.5
1062.37,0.0,64111.3,,,,,0.0,0.0,0.0,0.0,9579.5
1063.37,0.0,64111.3,,,,,0.0,0.0,0.0,0.0,9579.5
1064.37,0.0,64111.3,,,,,0.0,0.0,0.0,0.0,9579.5
1065.37,0.0,64111.3,,,,,0.0,0.0,0.0,0.0,9579.5
1066.37,0.0,64111.3,,,,,0.0,0.0,0.0,0.0,9579.5
1067.37,0.0,64111.3,,,,,0.0,0.0,0.0,0.0,9579.5
1068.37,0.0,64111.3,,,,,0.0,0.0,0.0,0.0,9579.5
1069.37,0.0,64111.3,,,,,0.0,0.0,0.0,0.0,9579.5
1070.37,0.0,64111.3,,,,,0.0,0.0,0.0,0.0,9579.5
1071.37,0.0,64111.3,,,,,0.0,0.0,0.0,0.0,9579.5
1072.37,0.0,64111.3,,,,,0.0,0.0,0.0,0.0,9579.5
1073.37,0.0,64111.3,,,,,0.0,0.0,0.0,0.0,9579.5
1074.37,0.0,64111.3,,,,,0.0,0.0,0.0,0.0,9579.5
1075.37,0.0,64111.3,,,,,0.0,0.0,0.0,0.0,9579.5
1076.37,0.0,64111.3,,,,,0.0,0.0,0.0,0.0,9579.5
1077.38,0.0,64111.3,,,,,0.0,0.0,0.0,0.0,9579.5
1078.38,0.0,64111.3,,,,,0.0,0.0,0.0,0.0,9579.5
1079.38,0.0,64111.3,,,,,0.0,0.0,0.0,0.0,9579.5
1080.38,0.0,64111.3,,,,,0.0,0.0,0.0,0.0,9579.5
1081.38,0.0,64111.3,,,,,0.0,0.0,0.0,0.0,9579.5
1082.38,0.0,64111.3,,,,,0.0,0.0,0.0,0.0,9579.5
1083.38,0.0,64111.3,,,,,0.0,0.0,0.0,0.0,9579.5
1084.38,0.0,64111.3,,,,,0.0,0.0,0.0,0.0,9579.5
1085.38,0.0,64111.3,,,,,0.0,0.0,0.0,0.0,9579.5
1086.38,0.0,64111.3,,,,,0.0,0.0,0.0,0.0,9579.5
1087.38,0.0,64111.3,,,,,0.0,0.0,0.0,0.0,9579.5
1088.38,0.0,64111.3,,,,,0.0,0.0,0.0,0.0,9579.5
1089.38,0.0,64111.3,,,,,0.0,0.0,0.0,0.0,9579.5
1090.38,0.0,64111.3,,,,,0.0,0.0,0.0,0.0,9579.5
1091.38,0.0,64111.3,,,,,0.0,0.0,0.0,0.0,9579.5
1092.38,0.0,64111.3,,,,,0.0,0.0,0.0,0.0,9579.5
1093.38,0.0,64111.3,,,,,0.0,0.0,0.0,0.0,9579.5
1094.38,0.0,64111.3,,,,,0.0,0.0,0.0,0.0,9579.5
1095.38,0.0,64111.3,,,,,0.0,0.0,0.0,0.0,9579.5
1096.38,0.0,64111.3,,,,,0.0,0.0,0.0,0.0,9579.5
1097.38,0.0,64111.3,,,,,0.0,0.0,0.0,0.0,9579.5
1098.38,0.0,64111.3,,,,,0.0,0.0,0.0,0.0,9579.5
1099.38,0.0,64111.3,,,,,0.0,0.0,0.0,0.0,9579.5
1100.38,0.0,64111.3,,,,,0.0,0.0,0.0,0.0,9579.5
1101.38,0.0,64111.3,,,,,0.0,0.0,0.0,0.0,9579.5
1102.38,0.0,64111.3,,,,,0.0,0.0,0.0,0.0,9579.5
1103.38,0.0,64111.3,,,,,0.0,0.0,0.0,0.0,9579.5
1104.38,0.0,64111.3,,,,,0.0,0.0,0.0,0.0,9579.5
1105.38,0.0,64111.3,,,,,0.0,0.0,0.0,0.0,9579.5
1106.38,0.0,64111.3,,,,,0.0,0.0,0.0,0.0,9579.5
1107.39,0.0,64111.3,,,,,0.0,0.0,0.0,0.0,9579.5
1108.39,0.0,64111.3,,,,,0.0,0.0,0.0,0.0,9579.5
1109.39,0.0,64111.3,,,,,0.0,0.0,0.0,0.0,9579.5
1110.39,0.0,64111.3,,,,,0.0,0.0,0.0,0.0,9579.5
1111.39,0.0,64111.3,,,,,0.0,0.0,0.0,0.0,9579.5
1112.39,0.0,64111.3,,,,,0.0,0.0,0.0,0.0,9579.5
1113.39,0.0,64111.3,,,,,0.0,0.0,0.0,0.0,9579.5
1114.39,0.0,64111.3,,,,,0.0,0.0,0.0,0.0,9579.5
1115.39,0.0,64111.3,,,,,0.0,0.0,0.0,0.0,9579.5
1116.39,0.0,64111.3,,,,,0.0,0.0,0.0,0.0,9579.5
1117.39,0.0,64111.3,,,,,0.0,0.0,0.0,0.0,9579.5
1118.39,0.0,64111.3,,,,,0.0,0.0,0.0,0.0,9579.5
1119.39,0.0,64111.3,,,,,0.0,0.0,0.0,0.0,9579.5
1120.39,0.0,64111.3,,,,,0.0,0.0,0.0,0.0,9579.5
1121.39,0.0,64111.3,,,,,0.0,0.0,0.0,0.0,9579.5
1122.39,0.0,64111.3,,,,,0.0,0.0,0.0,0.0,9579.5
1123.39,0.0,64111.3,,,,,0.0,0.0,0.0,0.0,9579.5
1124.39,0.0,64111.3,,,,,0.0,0.0,0.0,0.0,9579.5
1125.39,0.0,64111.3,,,,,0.0,0.0,0.0,0.0,9579.5
1126.39,0.0,64111.3,,,,,0.0,0.0,0.0,0.0,9579.5
1127.39,0.0,64111.3,,,,,0.0,0.0,0.0,0.0,9579.5
1128.39,0.0,64111.3,,,,,0.0,0.0,0.0,0.0,9579.5
1129.39,0.0,64111.3,,,,,0.0,0.0,0.0,0.0,9579.5
1130.39,0.0,64111.3,,,,,0.0,0.0,0.0,0.0,9579.5
1131.39,0.0,64111.3,,,,,0.0,0.0,0.0,0.0,9579.5
1132.39,0.0,64111.3,,,,,0.0,0.0,0.0,0.0,9579.5
1133.39,0.0,64111.3,,,,,0.0,0.0,0.0,0.0,9579.5
1134.39,0.0,64111.3,,,,,0.0,0.0,0.0,0.0,9579.5
1135.39,0.0,64111.3,,,,,0.0,0.0,0.0,0.0,9579.5
1136.39,0.0,64111.3,,,,,0.0,0.0,0.0,0.0,9579.5
1137.39,0.0,64111.3,,,,,0.0,0.0,0.0,0.0,9579.5
1138.39,0.0,64111.3,,,,,0.0,0.0,0.0,0.0,9579.5
1139.39,0.0,64111.3,,,,,0.0,0.0,0.0,0.0,9579.5
1140.39,0.0,64111.3,,,,,0.0,0.0,0.0,0.0,9579.5
1141.39,0.0,64111.3,,,,,0.0,0.0,0.0,0.0,9579.5
1142.39,0.0,64111.3,,,,,0.0,0.0,0.0,0.0,9579.5
1143.4,0.0,64111.3,,,,,0.0,0.0,0.0,0.0,9579.5
1144.4,0.0,64111.3,,,,,0.0,0.0,0.0,0.0,9579.5
1145.4,0.0,64111.3,,,,,0.0,0.0,0.0,0.0,9579.5
1146.4,0.0,64111.3,,,,,0.0,0.0,0.0,0.0,9579.5
1147.4,0.0,64111.3,,,,,0.0,0.0,0.0,0.0,9579.5
1148.4,0.0,64111.3,,,,,0.0,0.0,0.0,0.0,9579.5
1149.4,0.0,64111.3,,,,,0.0,0.0,0.0,0.0,9579.5
1150.4,0.0,64111.3,,,,,0.0,0.0,0.0,0.0,9579.5
1151.4,0.0,64111.3,,,,,0.0,0.0,0.0,0.0,9579.5
1152.4,0.0,64111.3,,,,,0.0,0.0,0.0,0.0,9579.5
1153.4,0.0,64111.3,,,,,0.0,0.0,0.0,0.0,9579.5
1154.4,0.0,64111.3,,,,,0.0,0.0,0.0,0.0,9579.5
1155.4,0.0,64111.3,,,,,0.0,0.0,0.0,0.0,9209.8
1156.4,0.0,64111.3,,,,,0.0,0.0,0.0,0.0,10414.0
1157.4,0.0,64111.3,,,,,0.0,0.0,0.0,0.0,12327.6
1158.4,0.0,64111.3,,,,,0.0,0.0,0.0,0.0,13195.5
1159.4,0.0,64111.3,,,,,0.0,0.0,0.0,0.0,13711.5
1160.4,0.0,68751.4,,,,,0.0,0.0,0.0,0.0,14584.5
1161.4,0.0,68878.5,,,,,0.0,0.0,0.0,0.0,16431.9
1162.4,0.0,69102.6,,,,,0.0,0.0,0.0,0.0,14964.7
1163.4,0.0,69326.8,,,,,0.0,0.0,0.0,0.0,13692.1
1164.4,0.0,71710.4,,,,,0.0,0.0,0.0,0.0,15390.5
1165.4,0.0,71710.4,,,,,0.0,0.0,0.0,0.0,16994.2
1166.4,0.0,71934.5,,,,,0.0,0.0,0.0,0.0,15460.7
1167.4,0.0,74242.7,,,,,0.0,0.0,0.0,0.0,15562.8
1168.4,0.0,74318.1,,,,,0.0,0.0,0.0,0.0,16473.2
1169.4,0.0,74702.3,,,,,0.0,0.0,0.0,0.0,16819.4
1170.4,0.0,74782.2,,,,,0.0,0.0,0.0,0.0,15005.6
1171.4,0.0,74782.2,,,,,0.0,0.0,0.0,0.0,15190.2
1172.4,100.0,74737.6,,,,,100.0,100.0,100.0,100.0,15608.1
1173.4,0.0,74737.6,,,,,0.0,0.0,0.0,0.0,15664.5
1174.4,0.0,74737.6,,,,,0.0,0.0,0.0,0.0,15932.2
1175.4,0.0,74737.6,,,,,0.0,0.0,0.0,0.0,15943.9
1176.4,0.0,74737.6,,,,,0.0,0.0,0.0,0.0,15945.7
1177.4,0.0,74737.6,,,,,0.0,0.0,0.0,0.0,16105.9
1178.4,0.0,74737.6,,,,,0.0,0.0,0.0,0.0,16107.4
1179.4,0.0,74737.6,,,,,0.0,0.0,0.0,0.0,16109.6
1180.4,0.0,74737.6,,,,,0.0,0.0,0.0,0.0,16109.6
1181.41,0.0,74737.6,,,,,0.0,0.0,0.0,0.0,16281.8
1182.41,0.0,74737.6,,,,,0.0,0.0,0.0,0.0,16283.5
1183.41,0.0,74737.6,,,,,0.0,0.0,0.0,0.0,16284.6
1184.41,0.0,74737.6,,,,,0.0,0.0,0.0,0.0,16284.6
1185.41,0.0,74737.6,,,,,0.0,0.0,0.0,0.0,16284.6
1186.41,0.0,74737.6,,,,,0.0,0.0,0.0,0.0,16284.6
1187.41,0.0,74737.6,,,,,0.0,0.0,0.0,0.0,16284.6
1188.41,0.0,74737.6,,,,,0.0,0.0,0.0,0.0,16284.6
1189.41,0.0,74737.6,,,,,0.0,0.0,0.0,0.0,16284.6
1190.41,0.0,74737.6,,,,,0.0,0.0,0.0,0.0,16284.6
1191.41,0.0,74737.6,,,,,0.0,0.0,0.0,0.0,16284.6
1192.41,0.0,74737.6,,,,,0.0,0.0,0.0,0.0,16284.6
1193.41,0.0,74737.6,,,,,0.0,0.0,0.0,0.0,16284.6
1194.41,0.0,74737.6,,,,,0.0,0.0,0.0,0.0,16284.6
1195.42,0.0,74737.6,,,,,0.0,0.0,0.0,0.0,16284.6
1196.42,0.0,74737.6,,,,,0.0,0.0,0.0,0.0,16284.6
1197.42,0.0,74737.6,,,,,0.0,0.0,0.0,0.0,16284.6
1198.42,0.0,74737.6,,,,,0.0,0.0,0.0,0.0,16284.6
1199.42,0.0,74737.6,,,,,0.0,0.0,0.0,0.0,16284.6
1200.42,0.0,74737.6,,,,,0.0,0.0,0.0,0.0,16284.6
1201.42,0.0,74737.6,,,,,0.0,0.0,0.0,0.0,16284.6
1202.42,0.0,74737.6,,,,,0.0,0.0,0.0,0.0,16284.6
1203.42,0.0,74737.6,,,,,0.0,0.0,0.0,0.0,16284.6
1204.42,0.0,74737.6,,,,,0.0,0.0,0.0,0.0,16284.6
1205.42,0.0,74737.6,,,,,0.0,0.0,0.0,0.0,16284.6
1206.42,0.0,74737.6,,,,,0.0,0.0,0.0,0.0,16284.6
1207.42,0.0,74737.6,,,,,0.0,0.0,0.0,0.0,16284.6
1208.42,0.0,74737.6,,,,,0.0,0.0,0.0,0.0,16284.6
1209.42,0.0,74737.6,,,,,0.0,0.0,0.0,0.0,16284.6
1210.42,0.0,74737.6,,,,,0.0,0.0,0.0,0.0,16284.6
1211.42,0.0,74737.6,,,,,0.0,0.0,0.0,0.0,16284.6
1212.42,0.0,74737.6,,,,,0.0,0.0,0.0,0.0,16284.6
1213.42,0.0,74737.6,,,,,0.0,0.0,0.0,0.0,16284.6
1214.42,0.0,74737.6,,,,,0.0,0.0,0.0,0.0,16284.6
1215.42,0.0,74737.6,,,,,0.0,0.0,0.0,0.0,16284.6
1216.42,0.0,74737.6,,,,,0.0,0.0,0.0,0.0,16284.6
1217.42,0.0,74737.6,,,,,0.0,0.0,0.0,0.0,16284.6
1218.42,0.0,74737.6,,,,,0.0,0.0,0.0,0.0,16284.6
1219.42,0.0,74737.6,,,,,0.0,0.0,0.0,0.0,16284.6
1220.42,0.0,74737.6,,,,,0.0,0.0,0.0,0.0,16284.6
1221.43,0.0,74737.6,,,,,0.0,0.0,0.0,0.0,16284.6
1222.43,0.0,74737.6,,,,,0.0,0.0,0.0,0.0,16284.6
1223.43,0.0,74737.6,,,,,0.0,0.0,0.0,0.0,16284.6
1224.43,0.0,74737.6,,,,,0.0,0.0,0.0,0.0,16284.6
1225.43,0.0,74737.6,,,,,0.0,0.0,0.0,0.0,16284.6
1226.43,0.0,74737.6,,,,,0.0,0.0,0.0,0.0,16284.6
1227.43,0.0,74737.6,,,,,0.0,0.0,0.0,0.0,16284.6
1228.43,0.0,74737.6,,,,,0.0,0.0,0.0,0.0,16284.6
1229.43,0.0,74737.6,,,,,0.0,0.0,0.0,0.0,16284.6
1230.43,0.0,74737.6,,,,,0.0,0.0,0.0,0.0,16284.6
1231.43,0.0,74737.6,,,,,0.0,0.0,0.0,0.0,16284.6
1232.43,0.0,74737.6,,,,,0.0,0.0,0.0,0.0,16284.6
1233.43,0.0,74737.6,,,,,0.0,0.0,0.0,0.0,16284.6
1234.44,0.0,74737.6,,,,,0.0,0.0,0.0,0.0,16284.6
1235.44,0.0,74737.6,,,,,0.0,0.0,0.0,0.0,16284.6
1236.44,0.0,74737.6,,,,,0.0,0.0,0.0,0.0,16284.6
1237.44,0.0,74737.6,,,,,0.0,0.0,0.0,0.0,16284.6
1238.44,0.0,74737.6,,,,,0.0,0.0,0.0,0.0,16284.6
1239.44,0.0,74737.6,,,,,0.0,0.0,0.0,0.0,16284.6
1240.44,0.0,74737.6,,,,,0.0,0.0,0.0,0.0,16284.6
1241.44,0.0,74737.6,,,,,0.0,0.0,0.0,0.0,16284.6
1242.44,0.0,74737.6,,,,,0.0,0.0,0.0,0.0,16284.6
1243.44,0.0,74737.6,,,,,0.0,0.0,0.0,0.0,16284.6
1244.44,0.0,74737.6,,,,,0.0,0.0,0.0,0.0,16284.6
1245.44,0.0,74737.6,,,,,0.0,0.0,0.0,0.0,16284.6
1246.44,0.0,74737.6,,,,,0.0,0.0,0.0,0.0,16284.6
1247.44,0.0,74737.6,,,,,0.0,0.0,0.0,0.0,16284.6
1248.44,0.0,74737.6,,,,,0.0,0.0,0.0,0.0,16284.6
1249.44,0.0,74737.6,,,,,0.0,0.0,0.0,0.0,16284.6
1250.44,0.0,74737.6,,,,,0.0,0.0,0.0,0.0,16284.6
1251.45,0.0,74737.6,,,,,0.0,0.0,0.0,0.0,16284.6
1252.45,0.0,74737.6,,,,,0.0,0.0,0.0,0.0,16284.6
1253.45,0.0,74737.6,,,,,0.0,0.0,0.0,0.0,16284.6
1254.45,0.0,74737.6,,,,,0.0,0.0,0.0,0.0,16284.6
1255.45,0.0,74737.6,,,,,0.0,0.0,0.0,0.0,16284.6
1256.45,0.0,74737.6,,,,,0.0,0.0,0.0,0.0,16284.6
1257.45,0.0,74737.6,,,,,0.0,0.0,0.0,0.0,16284.6
1258.45,0.0,74737.6,,,,,0.0,0.0,0.0,0.0,16284.6
1259.45,0.0,74737.6,,,,,0.0,0.0,0.0,0.0,16284.6
1260.45,0.0,74737.6,,,,,0.0,0.0,0.0,0.0,16284.6
1261.45,0.0,74737.6,,,,,0.0,0.0,0.0,0.0,16284.6
1262.45,0.0,74737.6,,,,,0.0,0.0,0.0,0.0,16284.6
1263.45,0.0,74737.6,,,,,0.0,0.0,0.0,0.0,16284.6
1264.45,0.0,74737.6,,,,,0.0,0.0,0.0,0.0,16284.6
1265.45,0.0,74737.6,,,,,0.0,0.0,0.0,0.0,16284.6
1266.45,0.0,74737.6,,,,,0.0,0.0,0.0,0.0,16284.6
1267.45,0.0,74737.6,,,,,0.0,0.0,0.0,0.0,16284.6
1268.45,0.0,74737.6,,,,,0.0,0.0,0.0,0.0,16284.6
1269.45,0.0,74737.6,,,,,0.0,0.0,0.0,0.0,16284.6
1270.45,0.0,74737.6,,,,,0.0,0.0,0.0,0.0,16284.6
1271.45,0.0,74737.6,,,,,0.0,0.0,0.0,0.0,16284.6
1272.45,0.0,74737.6,,,,,0.0,0.0,0.0,0.0,16284.6
1273.45,0.0,74737.6,,,,,0.0,0.0,0.0,0.0,16284.6
1274.45,0.0,74737.6,,,,,0.0,0.0,0.0,0.0,16284.6
1275.46,0.0,74737.6,,,,,0.0,0.0,0.0,0.0,16284.6
1276.46,0.0,74737.6,,,,,0.0,0.0,0.0,0.0,16284.6
1277.46,0.0,74737.6,,,,,0.0,0.0,0.0,0.0,16284.6
1278.46,0.0,74737.6,,,,,0.0,0.0,0.0,0.0,16284.6
1279.46,0.0,74737.6,,,,,0.0,0.0,0.0,0.0,16284.6
1280.46,0.0,74737.6,,,,,0.0,0.0,0.0,0.0,16284.6
1281.46,0.0,74737.6,,,,,0.0,0.0,0.0,0.0,16284.6
1282.46,0.0,74737.6,,,,,0.0,0.0,0.0,0.0,16284.6
1283.46,0.0,74737.6,,,,,0.0,0.0,0.0,0.0,16284.6
1284.46,0.0,74737.6,,,,,0.0,0.0,0.0,0.0,16284.6
1285.46,0.0,74737.6,,,,,0.0,0.0,0.0,0.0,16284.6
1286.47,0.0,74737.6,,,,,0.0,0.0,0.0,0.0,16284.6
1287.47,0.0,74737.6,,,,,0.0,0.0,0.0,0.0,16284.6
1288.47,0.0,74737.6,,,,,0.0,0.0,0.0,0.0,16284.6
1289.47,0.0,74737.6,,,,,0.0,0.0,0.0,0.0,16284.6
1290.47,0.0,74737.6,,,,,0.0,0.0,0.0,0.0,16284.6
1291.47,0.0,74737.6,,,,,0.0,0.0,0.0,0.0,16284.6
1292.47,0.0,74737.6,,,,,0.0,0.0,0.0,0.0,16284.6
1293.47,0.0,74737.6,,,,,0.0,0.0,0.0,0.0,16284.6
1294.47,0.0,74737.6,,,,,0.0,0.0,0.0,0.0,16284.6
1295.47,0.0,74737.6,,,,,0.0,0.0,0.0,0.0,16284.6
1296.47,0.0,74737.6,,,,,0.0,0.0,0.0,0.0,16284.6
1297.47,0.0,74737.6,,,,,0.0,0.0,0.0,0.0,16284.6
1298.47,0.0,74737.6,,,,,0.0,0.0,0.0,0.0,16284.6
1299.47,0.0,74737.6,,,,,0.0,0.0,0.0,0.0,16284.6
1300.47,0.0,74737.6,,,,,0.0,0.0,0.0,0.0,16284.6
1301.48,0.0,74737.6,,,,,0.0,0.0,0.0,0.0,16284.6
1302.48,0.0,74737.6,,,,,0.0,0.0,0.0,0.0,16284.6
1303.48,0.0,74737.6,,,,,0.0,0.0,0.0,0.0,16284.6
1304.48,0.0,74737.6,,,,,0.0,0.0,0.0,0.0,16284.6
1305.48,0.0,74737.6,,,,,0.0,0.0,0.0,0.0,16284.6
1306.48,0.0,74737.6,,,,,0.0,0.0,0.0,0.0,16284.6
1307.48,0.0,74737.6,,,,,0.0,0.0,0.0,0.0,16284.6
1308.48,0.0,74737.6,,,,,0.0,0.0,0.0,0.0,16284.6
1309.48,0.0,74737.6,,,,,0.0,0.0,0.0,0.0,16284.6
1310.48,0.0,74737.6,,,,,0.0,0.0,0.0,0.0,16284.6
1311.48,0.0,74737.6,,,,,0.0,0.0,0.0,0.0,16284.6
1312.48,0.0,74737.6,,,,,0.0,0.0,0.0,0.0,16284.6
1313.48,0.0,74737.6,,,,,0.0,0.0,0.0,0.0,16284.6
1314.48,0.0,74737.6,,,,,0.0,0.0,0.0,0.0,16284.6
1315.48,0.0,74737.6,,,,,0.0,0.0,0.0,0.0,16284.6
1316.48,0.0,74737.6,,,,,0.0,0.0,0.0,0.0,16284.6
1317.48,0.0,74737.6,,,,,0.0,0.0,0.0,0.0,16284.6
1318.48,0.0,74737.6,,,,,0.0,0.0,0.0,0.0,16284.6
1319.48,0.0,74737.6,,,,,0.0,0.0,0.0,0.0,16284.6
1320.48,0.0,74737.6,,,,,0.0,0.0,0.0,0.0,16284.6
1321.49,0.0,74737.6,,,,,0.0,0.0,0.0,0.0,16284.6
1322.49,0.0,74737.6,,,,,0.0,0.0,0.0,0.0,16284.6
1323.49,0.0,74737.6,,,,,0.0,0.0,0.0,0.0,16284.6
1324.49,0.0,74737.6,,,,,0.0,0.0,0.0,0.0,16284.6
1325.49,0.0,74737.6,,,,,0.0,0.0,0.0,0.0,16284.6
1326.49,0.0,74737.6,,,,,0.0,0.0,0.0,0.0,16284.6
1327.49,0.0,74737.6,,,,,0.0,0.0,0.0,0.0,16284.6
1328.49,0.0,74737.6,,,,,0.0,0.0,0.0,0.0,16284.6
1329.49,0.0,74737.6,,,,,0.0,0.0,0.0,0.0,16284.6
1330.49,0.0,74737.6,,,,,0.0,0.0,0.0,0.0,16284.6
1331.49,0.0,74737.6,,,,,0.0,0.0,0.0,0.0,16284.6
1332.49,0.0,74737.6,,,,,0.0,0.0,0.0,0.0,16284.6
1333.49,0.0,74737.6,,,,,0.0,0.0,0.0,0.0,16284.6
1334.5,0.0,74737.6,,,,,0.0,0.0,0.0,0.0,16284.6
1335.5,0.0,74737.6,,,,,0.0,0.0,0.0,0.0,16284.6
1336.5,0.0,74737.6,,,,,0.0,0.0,0.0,0.0,16284.6
1337.5,0.0,74737.6,,,,,0.0,0.0,0.0,0.0,16285.3
1338.5,0.0,74737.6,,,,,0.0,0.0,0.0,0.0,16285.3
1339.5,0.0,74737.6,,,,,0.0,0.0,0.0,0.0,16285.3
1340.5,0.0,74737.6,,,,,0.0,0.0,0.0,0.0,16285.3
1341.5,0.0,74737.6,,,,,0.0,0.0,0.0,0.0,16285.3
1342.5,0.0,74737.6,,,,,0.0,0.0,0.0,0.0,16285.3
1343.51,0.0,74737.6,,,,,0.0,0.0,0.0,0.0,16285.3
1344.51,0.0,74737.6,,,,,0.0,0.0,0.0,0.0,16285.3
1345.51,0.0,74737.6,,,,,0.0,0.0,0.0,0.0,16285.3
1346.51,0.0,74737.6,,,,,0.0,0.0,0.0,0.0,16285.3
1347.51,0.0,74737.6,,,,,0.0,0.0,0.0,0.0,16285.3
1348.51,0.0,74737.6,,,,,0.0,0.0,0.0,0.0,16285.3
1349.51,0.0,74737.6,,,,,0.0,0.0,0.0,0.0,16285.3
1350.51,0.0,74737.6,,,,,0.0,0.0,0.0,0.0,16285.3
1351.51,0.0,74737.6,,,,,0.0,0.0,0.0,0.0,16285.3
1352.51,0.0,74737.6,,,,,0.0,0.0,0.0,0.0,16285.3
1353.51,0.0,74737.6,,,,,0.0,0.0,0.0,0.0,16285.3
1354.51,0.0,74737.6,,,,,0.0,0.0,0.0,0.0,16285.3
1355.51,0.0,74737.6,,,,,0.0,0.0,0.0,0.0,16285.3
1356.51,0.0,74737.6,,,,,0.0,0.0,0.0,0.0,16285.3
1357.51,0.0,74737.6,,,,,0.0,0.0,0.0,0.0,16285.3
1358.51,0.0,74737.6,,,,,0.0,0.0,0.0,0.0,16285.3
1359.52,0.0,74737.6,,,,,0.0,0.0,0.0,0.0,16285.3
1360.52,0.0,74737.6,,,,,0.0,0.0,0.0,0.0,16285.3
1361.52,0.0,74737.6,,,,,0.0,0.0,0.0,0.0,16285.3
1362.52,0.0,74737.6,,,,,0.0,0.0,0.0,0.0,16285.3
1363.52,0.0,74737.6,,,,,0.0,0.0,0.0,0.0,16285.3
1364.52,0.0,74737.6,,,,,0.0,0.0,0.0,0.0,16285.3
1365.52,0.0,74737.6,,,,,0.0,0.0,0.0,0.0,16285.3
1366.52,0.0,74737.6,,,,,0.0,0.0,0.0,0.0,16285.3
1367.52,0.0,74737.6,,,,,0.0,0.0,0.0,0.0,16285.3
1368.53,0.0,74737.6,,,,,0.0,0.0,0.0,0.0,16285.3
1369.53,0.0,74737.6,,,,,0.0,0.0,0.0,0.0,16285.3
1370.53,0.0,74737.6,,,,,0.0,0.0,0.0,0.0,16285.3
1371.53,0.0,74737.6,,,,,0.0,0.0,0.0,0.0,16285.3
1372.53,0.0,74737.6,,,,,0.0,0.0,0.0,0.0,16285.3
1373.53,0.0,74737.6,,,,,0.0,0.0,0.0,0.0,16285.3
1374.53,0.0,74737.6,,,,,0.0,0.0,0.0,0.0,16285.3
1375.53,0.0,74737.6,,,,,0.0,0.0,0.0,0.0,16285.3
1376.53,0.0,74737.6,,,,,0.0,0.0,0.0,0.0,16285.3
1377.53,0.0,74737.6,,,,,0.0,0.0,0.0,0.0,16285.3
1378.53,0.0,74737.6,,,,,0.0,0.0,0.0,0.0,16285.3
1379.53,0.0,74737.6,,,,,0.0,0.0,0.0,0.0,16285.3
1380.53,0.0,74737.6,,,,,0.0,0.0,0.0,0.0,16285.3
1381.53,0.0,74737.6,,,,,0.0,0.0,0.0,0.0,16285.3
1382.53,0.0,74737.6,,,,,0.0,0.0,0.0,0.0,16285.3
1383.53,0.0,74737.6,,,,,0.0,0.0,0.0,0.0,16285.3
1384.53,0.0,74737.6,,,,,0.0,0.0,0.0,0.0,16285.3
1385.54,0.0,74737.6,,,,,0.0,0.0,0.0,0.0,16285.3
1386.54,0.0,74737.6,,,,,0.0,0.0,0.0,0.0,16285.3
1387.54,0.0,74737.6,,,,,0.0,0.0,0.0,0.0,16285.3
1388.54,0.0,74737.6,,,,,0.0,0.0,0.0,0.0,16285.3
1389.54,0.0,74737.6,,,,,0.0,0.0,0.0,0.0,16285.3
1390.54,0.0,74737.6,,,,,0.0,0.0,0.0,0.0,16285.3
1391.54,0.0,74737.6,,,,,0.0,0.0,0.0,0.0,16285.3
1392.54,0.0,74737.6,,,,,0.0,0.0,0.0,0.0,16285.3
1393.54,0.0,74737.6,,,,,0.0,0.0,0.0,0.0,16285.3
1394.54,0.0,74737.6,,,,,0.0,0.0,0.0,0.0,16285.3
1395.54,0.0,74737.6,,,,,0.0,0.0,0.0,0.0,16285.3
1396.54,0.0,74737.6,,,,,0.0,0.0,0.0,0.0,16285.3
1397.55,0.0,74737.6,,,,,0.0,0.0,0.0,0.0,16285.3
1398.55,0.0,74737.6,,,,,0.0,0.0,0.0,0.0,16285.3
1399.55,0.0,74737.6,,,,,0.0,0.0,0.0,0.0,16285.3
1400.55,0.0,74737.6,,,,,0.0,0.0,0.0,0.0,16285.3
1401.55,0.0,74737.6,,,,,0.0,0.0,0.0,0.0,16285.3
1402.55,0.0,74737.6,,,,,0.0,0.0,0.0,0.0,16285.3
1403.55,0.0,74737.6,,,,,0.0,0.0,0.0,0.0,16285.3
1404.55,0.0,74737.6,,,,,0.0,0.0,0.0,0.0,16285.3
1405.55,0.0,74737.6,,,,,0.0,0.0,0.0,0.0,16285.3
1406.55,0.0,74737.6,,,,,0.0,0.0,0.0,0.0,16285.3
1407.55,0.0,74737.6,,,,,0.0,0.0,0.0,0.0,16285.3
1408.55,0.0,74737.6,,,,,0.0,0.0,0.0,0.0,16285.3
1409.55,0.0,74737.6,,,,,0.0,0.0,0.0,0.0,16285.3
1410.55,0.0,74737.6,,,,,0.0,0.0,0.0,0.0,16285.3
1411.55,0.0,74737.6,,,,,0.0,0.0,0.0,0.0,16285.3
1412.55,0.0,74737.6,,,,,0.0,0.0,0.0,0.0,16285.3
1413.55,0.0,74737.6,,,,,0.0,0.0,0.0,0.0,16285.3
1414.55,0.0,74737.6,,,,,0.0,0.0,0.0,0.0,16285.3
1415.55,0.0,74737.6,,,,,0.0,0.0,0.0,0.0,16285.3
1416.55,0.0,74737.6,,,,,0.0,0.0,0.0,0.0,16285.3
1417.55,0.0,74737.6,,,,,0.0,0.0,0.0,0.0,16285.3
1418.55,0.0,74737.6,,,,,0.0,0.0,0.0,0.0,16285.3
1419.55,0.0,74737.6,,,,,0.0,0.0,0.0,0.0,16285.3
1420.55,0.0,74737.6,,,,,0.0,0.0,0.0,0.0,16285.3
1421.55,0.0,74737.6,,,,,0.0,0.0,0.0,0.0,16285.3
1422.56,0.0,74737.6,,,,,0.0,0.0,0.0,0.0,16285.3
1423.56,0.0,74737.6,,,,,0.0,0.0,0.0,0.0,16285.3
1424.56,0.0,74737.6,,,,,0.0,0.0,0.0,0.0,16285.3
1425.56,0.0,74737.6,,,,,0.0,0.0,0.0,0.0,16285.3
1426.56,0.0,74737.6,,,,,0.0,0.0,0.0,0.0,16285.3
1427.56,0.0,74737.6,,,,,0.0,0.0,0.0,0.0,16285.3
1428.56,0.0,74737.6,,,,,0.0,0.0,0.0,0.0,16285.3
1429.56,0.0,74737.6,,,,,0.0,0.0,0.0,0.0,16285.3
1430.56,0.0,74737.6,,,,,0.0,0.0,0.0,0.0,16285.3
1431.56,0.0,74737.6,,,,,0.0,0.0,0.0,0.0,16285.3
1432.56,0.0,74737.6,,,,,0.0,0.0,0.0,0.0,16285.3
1433.56,0.0,74737.6,,,,,0.0,0.0,0.0,0.0,16285.3
1434.56,0.0,74737.6,,,,,0.0,0.0,0.0,0.0,16285.3
1435.56,0.0,74737.6,,,,,0.0,0.0,0.0,0.0,16285.3
1436.56,0.0,74737.6,,,,,0.0,0.0,0.0,0.0,16285.3
1437.56,0.0,74737.6,,,,,0.0,0.0,0.0,0.0,16285.3
1438.56,0.0,74737.6,,,,,0.0,0.0,0.0,0.0,16285.3
1439.56,0.0,74737.6,,,,,0.0,0.0,0.0,0.0,16285.3
1440.57,0.0,74737.6,,,,,0.0,0.0,0.0,0.0,16285.3
1441.57,0.0,74737.6,,,,,0.0,0.0,0.0,0.0,16285.3
1442.57,0.0,74737.6,,,,,0.0,0.0,0.0,0.0,16285.3
1443.57,0.0,74737.6,,,,,0.0,0.0,0.0,0.0,16285.3
1444.57,0.0,74737.6,,,,,0.0,0.0,0.0,0.0,16285.3
1445.57,0.0,74737.6,,,,,0.0,0.0,0.0,0.0,16285.3
1446.57,0.0,74737.6,,,,,0.0,0.0,0.0,0.0,16285.3
1447.57,0.0,74737.6,,,,,0.0,0.0,0.0,0.0,16285.3
1448.57,0.0,74737.6,,,,,0.0,0.0,0.0,0.0,16285.3
1449.57,0.0,74737.6,,,,,0.0,0.0,0.0,0.0,16285.3
1450.57,0.0,74737.6,,,,,0.0,0.0,0.0,0.0,16285.3
1451.57,0.0,74737.6,,,,,0.0,0.0,0.0,0.0,16285.3
1452.57,0.0,74737.6,,,,,0.0,0.0,0.0,0.0,16285.3
1453.57,0.0,74737.6,,,,,0.0,0.0,0.0,0.0,16285.3
1454.57,0.0,74737.6,,,,,0.0,0.0,0.0,0.0,16285.3
1455.57,0.0,74737.6,,,,,0.0,0.0,0.0,0.0,16285.3
1456.57,0.0,74737.6,,,,,0.0,0.0,0.0,0.0,16285.3
1457.57,0.0,74737.6,,,,,0.0,0.0,0.0,0.0,16285.3
1458.57,0.0,74737.6,,,,,0.0,0.0,0.0,0.0,16285.3
1459.58,0.0,74737.6,,,,,0.0,0.0,0.0,0.0,16285.3
1460.58,0.0,74737.6,,,,,0.0,0.0,0.0,0.0,16285.3
1461.58,0.0,74737.6,,,,,0.0,0.0,0.0,0.0,16285.3
1462.58,0.0,74737.6,,,,,0.0,0.0,0.0,0.0,16285.3
1463.58,0.0,74737.6,,,,,0.0,0.0,0.0,0.0,16285.3
1464.58,0.0,74737.6,,,,,0.0,0.0,0.0,0.0,16285.3
1465.58,0.0,74737.6,,,,,0.0,0.0,0.0,0.0,16285.3
1466.58,0.0,74737.6,,,,,0.0,0.0,0.0,0.0,16285.3
1467.58,0.0,74737.6,,,,,0.0,0.0,0.0,0.0,16285.3
1468.58,0.0,74737.6,,,,,0.0,0.0,0.0,0.0,16285.3
1469.58,0.0,74737.6,,,,,0.0,0.0,0.0,0.0,16285.3
1470.58,0.0,74737.6,,,,,0.0,0.0,0.0,0.0,16285.3
1471.58,0.0,74737.6,,,,,0.0,0.0,0.0,0.0,16285.3
1472.58,0.0,74737.6,,,,,0.0,0.0,0.0,0.0,16285.3
1473.59,0.0,74737.6,,,,,0.0,0.0,0.0,0.0,16285.3
1474.59,0.0,74737.6,,,,,0.0,0.0,0.0,0.0,16285.3
1475.59,0.0,74737.6,,,,,0.0,0.0,0.0,0.0,16285.3
1476.59,0.0,74737.6,,,,,0.0,0.0,0.0,0.0,16285.3
1477.59,0.0,74737.6,,,,,0.0,0.0,0.0,0.0,16285.3
1478.59,0.0,74737.6,,,,,0.0,0.0,0.0,0.0,16285.3
1479.59,0.0,74737.6,,,,,0.0,0.0,0.0,0.0,16335.4
1480.59,0.0,74737.6,,,,,0.0,0.0,0.0,0.0,16634.9
1481.59,0.0,74737.6,,,,,0.0,0.0,0.0,0.0,17781.8
1482.59,0.0,74737.6,,,,,0.0,0.0,0.0,0.0,18447.0
1483.59,0.0,74737.6,,,,,0.0,0.0,0.0,0.0,19817.3
1484.59,0.0,74859.7,,,,,0.0,0.0,0.0,0.0,20450.1
1485.59,0.0,74859.7,,,,,0.0,0.0,0.0,0.0,21126.4
1486.59,0.0,74992.9,,,,,0.0,0.0,0.0,0.0,19581.0
1487.59,0.0,74992.9,,,,,0.0,0.0,0.0,0.0,20027.3
1488.59,0.0,75015.1,,,,,0.0,0.0,0.0,0.0,18256.8
1489.59,0.0,75037.1,,,,,0.0,0.0,0.0,0.0,18712.0
1490.59,0.0,75037.1,,,,,0.0,0.0,0.0,0.0,19782.8
1491.59,0.0,75059.1,,,,,0.0,0.0,0.0,0.0,20419.1
1492.59,0.0,75095.5,,,,,0.0,0.0,0.0,0.0,21756.0
1493.59,0.0,75203.2,,,,,0.0,0.0,0.0,0.0,22376.8
1494.59,0.0,75214.2,,,,,0.0,0.0,0.0,0.0,23098.8
1495.59,0.0,75347.4,,,,,0.0,0.0,0.0,0.0,21351.6
1496.59,0.0,75358.4,,,,,0.0,0.0,0.0,0.0,21899.1
1497.59,0.0,75435.7,,,,,0.0,0.0,0.0,0.0,19960.3
1498.59,0.0,75458.4,,,,,0.0,0.0,0.0,0.0,19972.0
1499.59,100.0,75446.7,,,,,100.0,100.0,100.0,100.0,19935.8
1500.59,0.0,75469.4,,,,,0.0,0.0,0.0,0.0,19969.8
1501.59,100.0,75458.4,,,,,100.0,100.0,100.0,100.0,19980.1
1502.59,100.0,75424.7,,,,,100.0,100.0,100.0,100.0,19969.8
1503.59,0.0,75447.4,,,,,0.0,0.0,0.0,0.0,20330.0
1504.59,100.0,75414.4,,,,,100.0,100.0,100.0,100.0,20492.4
1505.6,0.0,75414.4,,,,,0.0,0.0,0.0,0.0,20524.5
1506.6,100.0,75380.9,,,,,100.0,100.0,100.0,100.0,20602.6
1507.6,0.0,75380.9,,,,,0.0,0.0,0.0,0.0,20713.7
1508.6,100.0,75336.2,,,,,100.0,100.0,100.0,100.0,20714.6
1509.6,0.0,75336.2,,,,,0.0,0.0,0.0,0.0,20714.6
1510.6,100.0,74909.6,,,,,100.0,100.0,100.0,100.0,20714.8
1511.6,0.0,74909.6,,,,,0.0,0.0,0.0,0.0,20714.8
1512.6,0.0,74909.6,,,,,0.0,0.0,0.0,0.0,20714.8
1513.6,0.0,74909.6,,,,,0.0,0.0,0.0,0.0,20714.8
1514.6,0.0,74909.6,,,,,0.0,0.0,0.0,0.0,20714.8
1515.6,0.0,74909.6,,,,,0.0,0.0,0.0,0.0,20714.8
1516.6,0.0,74909.6,,,,,0.0,0.0,0.0,0.0,20714.8
1517.6,0.0,74909.6,,,,,0.0,0.0,0.0,0.0,20714.8
1518.6,0.0,74909.6,,,,,0.0,0.0,0.0,0.0,20714.8
1519.6,0.0,74909.6,,,,,0.0,0.0,0.0,0.0,20714.8
1520.6,0.0,74909.6,,,,,0.0,0.0,0.0,0.0,20714.8
1521.6,0.0,74909.6,,,,,0.0,0.0,0.0,0.0,20714.8
1522.6,0.0,74909.6,,,,,0.0,0.0,0.0,0.0,20714.8
1523.6,0.0,74909.6,,,,,0.0,0.0,0.0,0.0,20714.8
1524.6,0.0,74909.6,,,,,0.0,0.0,0.0,0.0,20714.8
1525.6,0.0,74909.6,,,,,0.0,0.0,0.0,0.0,20714.8
1526.6,0.0,74909.6,,,,,0.0,0.0,0.0,0.0,20714.8
1527.6,0.0,74909.6,,,,,0.0,0.0,0.0,0.0,20714.8
1528.6,0.0,74909.6,,,,,0.0,0.0,0.0,0.0,20714.8
1529.6,0.0,74909.6,,,,,0.0,0.0,0.0,0.0,20714.8
1530.6,0.0,74909.6,,,,,0.0,0.0,0.0,0.0,20714.8
1531.6,0.0,74909.6,,,,,0.0,0.0,0.0,0.0,20714.8
1532.6,0.0,74909.6,,,,,0.0,0.0,0.0,0.0,20714.8
1533.6,0.0,74909.6,,,,,0.0,0.0,0.0,0.0,20714.8
1534.6,0.0,74909.6,,,,,0.0,0.0,0.0,0.0,20714.8
1535.6,0.0,74909.6,,,,,0.0,0.0,0.0,0.0,20714.8
1536.6,0.0,74909.6,,,,,0.0,0.0,0.0,0.0,20714.8
1537.6,0.0,74909.6,,,,,0.0,0.0,0.0,0.0,20714.8
1538.6,0.0,74909.6,,,,,0.0,0.0,0.0,0.0,20714.8
1539.6,0.0,74909.6,,,,,0.0,0.0,0.0,0.0,20714.8
1540.6,0.0,74909.6,,,,,0.0,0.0,0.0,0.0,20714.8
1541.6,0.0,74909.6,,,,,0.0,0.0,0.0,0.0,20714.8
1542.6,0.0,74909.6,,,,,0.0,0.0,0.0,0.0,20714.8
1543.6,0.0,74909.6,,,,,0.0,0.0,0.0,0.0,20714.8
1544.6,0.0,74909.6,,,,,0.0,0.0,0.0,0.0,20714.8
1545.6,0.0,74909.6,,,,,0.0,0.0,0.0,0.0,20714.8
1546.6,0.0,74909.6,,,,,0.0,0.0,0.0,0.0,20714.8
1547.6,0.0,74909.6,,,,,0.0,0.0,0.0,0.0,20714.8
1548.6,0.0,74909.6,,,,,0.0,0.0,0.0,0.0,20714.8
1549.6,0.0,74909.6,,,,,0.0,0.0,0.0,0.0,20714.8
1550.6,0.0,74909.6,,,,,0.0,0.0,0.0,0.0,20714.8
1551.6,0.0,74909.6,,,,,0.0,0.0,0.0,0.0,20714.8
1552.6,0.0,74909.6,,,,,0.0,0.0,0.0,0.0,20714.8
1553.6,0.0,74909.6,,,,,0.0,0.0,0.0,0.0,20714.8
1554.6,0.0,74909.6,,,,,0.0,0.0,0.0,0.0,20714.8
1555.6,0.0,74909.6,,,,,0.0,0.0,0.0,0.0,20714.8
1556.6,0.0,74909.6,,,,,0.0,0.0,0.0,0.0,20714.8
1557.6,0.0,74909.6,,,,,0.0,0.0,0.0,0.0,20714.8
1558.6,0.0,74909.6,,,,,0.0,0.0,0.0,0.0,20714.8
1559.6,0.0,74909.6,,,,,0.0,0.0,0.0,0.0,20714.8
1560.6,0.0,74909.6,,,,,0.0,0.0,0.0,0.0,20714.8
1561.6,0.0,74909.6,,,,,0.0,0.0,0.0,0.0,20714.8
1562.61,0.0,74909.6,,,,,0.0,0.0,0.0,0.0,20714.8
1563.61,0.0,74909.6,,,,,0.0,0.0,0.0,0.0,20714.8
1564.61,0.0,74909.6,,,,,0.0,0.0,0.0,0.0,20714.8
1565.61,0.0,74909.6,,,,,0.0,0.0,0.0,0.0,20714.8
1566.61,0.0,74909.6,,,,,0.0,0.0,0.0,0.0,20714.8
1567.61,0.0,74909.6,,,,,0.0,0.0,0.0,0.0,20714.8
1568.61,0.0,74909.6,,,,,0.0,0.0,0.0,0.0,20714.8
1569.61,0.0,74909.6,,,,,0.0,0.0,0.0,0.0,20714.8
1570.61,0.0,74909.6,,,,,0.0,0.0,0.0,0.0,20714.8
1571.61,0.0,74909.6,,,,,0.0,0.0,0.0,0.0,20714.8
1572.61,0.0,74909.6,,,,,0.0,0.0,0.0,0.0,20714.8
1573.61,0.0,74909.6,,,,,0.0,0.0,0.0,0.0,20714.8
1574.61,0.0,74909.6,,,,,0.0,0.0,0.0,0.0,20714.8
1575.61,0.0,74909.6,,,,,0.0,0.0,0.0,0.0,20714.8
1576.61,0.0,74909.6,,,,,0.0,0.0,0.0,0.0,20714.8
1577.61,0.0,74909.6,,,,,0.0,0.0,0.0,0.0,20714.8
1578.61,0.0,74909.6,,,,,0.0,0.0,0.0,0.0,20714.8
1579.61,0.0,74909.6,,,,,0.0,0.0,0.0,0.0,20714.8
1580.61,0.0,74909.6,,,,,0.0,0.0,0.0,0.0,20714.8
1581.61,0.0,74909.6,,,,,0.0,0.0,0.0,0.0,20714.8
1582.61,0.0,74909.6,,,,,0.0,0.0,0.0,0.0,20714.8
1583.61,0.0,74909.6,,,,,0.0,0.0,0.0,0.0,20714.8
1584.61,0.0,74909.6,,,,,0.0,0.0,0.0,0.0,20714.8
1585.61,0.0,74909.6,,,,,0.0,0.0,0.0,0.0,20714.8
1586.61,0.0,74909.6,,,,,0.0,0.0,0.0,0.0,20714.8
1587.61,0.0,74909.6,,,,,0.0,0.0,0.0,0.0,20714.8
1588.61,0.0,74909.6,,,,,0.0,0.0,0.0,0.0,20714.8
1589.61,0.0,74909.6,,,,,0.0,0.0,0.0,0.0,20714.8
1590.61,0.0,74909.6,,,,,0.0,0.0,0.0,0.0,20714.8
1591.61,0.0,74909.6,,,,,0.0,0.0,0.0,0.0,20714.8
1592.61,0.0,74909.6,,,,,0.0,0.0,0.0,0.0,20714.8
1593.61,0.0,74909.6,,,,,0.0,0.0,0.0,0.0,20714.8
1594.61,0.0,74909.6,,,,,0.0,0.0,0.0,0.0,20714.8
1595.61,0.0,74909.6,,,,,0.0,0.0,0.0,0.0,20714.8
1596.61,0.0,74909.6,,,,,0.0,0.0,0.0,0.0,20714.8
1597.61,0.0,74909.6,,,,,0.0,0.0,0.0,0.0,20714.8
1598.61,0.0,74909.6,,,,,0.0,0.0,0.0,0.0,20714.8
1599.61,0.0,74909.6,,,,,0.0,0.0,0.0,0.0,20714.8
1600.61,0.0,74909.6,,,,,0.0,0.0,0.0,0.0,20714.8
1601.61,0.0,74909.6,,,,,0.0,0.0,0.0,0.0,20714.8
1602.61,0.0,74909.6,,,,,0.0,0.0,0.0,0.0,20714.8
1603.61,0.0,74909.6,,,,,0.0,0.0,0.0,0.0,20714.8
1604.61,0.0,74909.6,,,,,0.0,0.0,0.0,0.0,20714.8
1605.61,0.0,74909.6,,,,,0.0,0.0,0.0,0.0,20714.8
1606.61,0.0,74909.6,,,,,0.0,0.0,0.0,0.0,20714.8
1607.61,0.0,74909.6,,,,,0.0,0.0,0.0,0.0,20714.8
1608.61,0.0,74909.6,,,,,0.0,0.0,0.0,0.0,20714.8
1609.61,0.0,74909.6,,,,,0.0,0.0,0.0,0.0,20714.8
1610.61,0.0,74909.6,,,,,0.0,0.0,0.0,0.0,20714.8
1611.61,0.0,74909.6,,,,,0.0,0.0,0.0,0.0,20714.8
1612.61,0.0,74909.6,,,,,0.0,0.0,0.0,0.0,20714.8
1613.61,0.0,74909.6,,,,,0.0,0.0,0.0,0.0,20714.8
1614.61,0.0,74909.6,,,,,0.0,0.0,0.0,0.0,20714.8
1615.61,0.0,74909.6,,,,,0.0,0.0,0.0,0.0,20714.8
1616.61,0.0,74909.6,,,,,0.0,0.0,0.0,0.0,20714.8
1617.61,0.0,74909.6,,,,,0.0,0.0,0.0,0.0,20714.8
1618.62,0.0,74909.6,,,,,0.0,0.0,0.0,0.0,20714.8
1619.62,0.0,74909.6,,,,,0.0,0.0,0.0,0.0,20714.8
1620.62,0.0,74909.6,,,,,0.0,0.0,0.0,0.0,20714.8
1621.62,0.0,74909.6,,,,,0.0,0.0,0.0,0.0,20714.8
1622.62,0.0,74909.6,,,,,0.0,0.0,0.0,0.0,20714.8
1623.62,0.0,74909.6,,,,,0.0,0.0,0.0,0.0,20714.8
1624.62,0.0,74909.6,,,,,0.0,0.0,0.0,0.0,20714.8
1625.62,0.0,74909.6,,,,,0.0,0.0,0.0,0.0,20714.8
1626.62,0.0,74909.6,,,,,0.0,0.0,0.0,0.0,20714.8
1627.62,0.0,74909.6,,,,,0.0,0.0,0.0,0.0,20714.8
1628.62,0.0,74909.6,,,,,0.0,0.0,0.0,0.0,20714.8
1629.62,0.0,74909.6,,,,,0.0,0.0,0.0,0.0,20714.8
1630.62,0.0,74909.6,,,,,0.0,0.0,0.0,0.0,20714.8
1631.62,0.0,74909.6,,,,,0.0,0.0,0.0,0.0,20714.8
1632.62,0.0,74909.6,,,,,0.0,0.0,0.0,0.0,20714.8
1633.62,0.0,74909.6,,,,,0.0,0.0,0.0,0.0,20714.8
1634.62,0.0,74909.6,,,,,0.0,0.0,0.0,0.0,20714.8
1635.62,0.0,74909.6,,,,,0.0,0.0,0.0,0.0,20714.8
1636.62,0.0,74909.6,,,,,0.0,0.0,0.0,0.0,20714.8
1637.62,0.0,74909.6,,,,,0.0,0.0,0.0,0.0,20714.8
1638.62,0.0,74909.6,,,,,0.0,0.0,0.0,0.0,20714.8
1639.62,0.0,74909.6,,,,,0.0,0.0,0.0,0.0,20714.8
1640.62,0.0,74909.6,,,,,0.0,0.0,0.0,0.0,20714.8
1641.62,0.0,74909.6,,,,,0.0,0.0,0.0,0.0,20714.8
1642.62,0.0,74909.6,,,,,0.0,0.0,0.0,0.0,20714.8
1643.62,0.0,74909.6,,,,,0.0,0.0,0.0,0.0,20714.8
1644.62,0.0,74909.6,,,,,0.0,0.0,0.0,0.0,20714.8
1645.62,0.0,74909.6,,,,,0.0,0.0,0.0,0.0,20714.8
1646.62,0.0,74909.6,,,,,0.0,0.0,0.0,0.0,20714.8
1647.62,0.0,74909.6,,,,,0.0,0.0,0.0,0.0,20714.8
1648.62,0.0,74909.6,,,,,0.0,0.0,0.0,0.0,20714.8
1649.62,0.0,74909.6,,,,,0.0,0.0,0.0,0.0,20714.8
1650.62,0.0,74909.6,,,,,0.0,0.0,0.0,0.0,20714.8
1651.62,0.0,74909.6,,,,,0.0,0.0,0.0,0.0,20714.8
1652.62,0.0,74909.6,,,,,0.0,0.0,0.0,0.0,20714.8
1653.62,0.0,74909.6,,,,,0.0,0.0,0.0,0.0,20714.8
1654.62,0.0,74909.6,,,,,0.0,0.0,0.0,0.0,20714.8
1655.62,0.0,74909.6,,,,,0.0,0.0,0.0,0.0,20714.8
1656.62,0.0,74909.6,,,,,0.0,0.0,0.0,0.0,20714.8
1657.62,0.0,74909.6,,,,,0.0,0.0,0.0,0.0,20714.8
1658.62,0.0,74909.6,,,,,0.0,0.0,0.0,0.0,20714.8
1659.62,0.0,74909.6,,,,,0.0,0.0,0.0,0.0,20714.8
1660.62,0.0,74909.6,,,,,0.0,0.0,0.0,0.0,20714.8
1661.62,0.0,74909.6,,,,,0.0,0.0,0.0,0.0,20714.8
1662.62,0.0,74909.6,,,,,0.0,0.0,0.0,0.0,20714.8
1663.62,0.0,74909.6,,,,,0.0,0.0,0.0,0.0,20714.8
1664.62,0.0,74909.6,,,,,0.0,0.0,0.0,0.0,20714.8
1665.62,0.0,74909.6,,,,,0.0,0.0,0.0,0.0,20714.8
1666.62,0.0,74909.6,,,,,0.0,0.0,0.0,0.0,20714.8
1667.62,0.0,74909.6,,,,,0.0,0.0,0.0,0.0,20714.8
1668.62,0.0,74909.6,,,,,0.0,0.0,0.0,0.0,20714.8
1669.62,0.0,74909.6,,,,,0.0,0.0,0.0,0.0,20714.8
1670.62,0.0,74909.6,,,,,0.0,0.0,0.0,0.0,20714.8
1671.62,0.0,74909.6,,,,,0.0,0.0,0.0,0.0,20714.8
1672.63,0.0,74909.6,,,,,0.0,0.0,0.0,0.0,20714.8
1673.63,0.0,74909.6,,,,,0.0,0.0,0.0,0.0,20714.8
1674.63,0.0,74909.6,,,,,0.0,0.0,0.0,0.0,20714.8
1675.63,0.0,74909.6,,,,,0.0,0.0,0.0,0.0,20714.8
1676.63,0.0,74909.6,,,,,0.0,0.0,0.0,0.0,20714.8
1677.63,0.0,74909.6,,,,,0.0,0.0,0.0,0.0,20714.8
1678.63,0.0,74909.6,,,,,0.0,0.0,0.0,0.0,20714.8
1679.63,0.0,74909.6,,,,,0.0,0.0,0.0,0.0,20714.8
1680.63,0.0,74909.6,,,,,0.0,0.0,0.0,0.0,20714.8
1681.63,0.0,74909.6,,,,,0.0,0.0,0.0,0.0,20714.8
1682.63,0.0,74909.6,,,,,0.0,0.0,0.0,0.0,20714.8
1683.63,0.0,74909.6,,,,,0.0,0.0,0.0,0.0,20714.8
1684.63,0.0,74909.6,,,,,0.0,0.0,0.0,0.0,20714.8
1685.63,0.0,74909.6,,,,,0.0,0.0,0.0,0.0,20714.8
1686.63,0.0,74909.6,,,,,0.0,0.0,0.0,0.0,20714.8
1687.63,0.0,74909.6,,,,,0.0,0.0,0.0,0.0,20714.8
1688.63,0.0,74909.6,,,,,0.0,0.0,0.0,0.0,20714.8
1689.63,0.0,74909.6,,,,,0.0,0.0,0.0,0.0,20714.8
1690.63,0.0,74909.6,,,,,0.0,0.0,0.0,0.0,20714.8
1691.63,0.0,74909.6,,,,,0.0,0.0,0.0,0.0,20714.8
1692.63,0.0,74909.6,,,,,0.0,0.0,0.0,0.0,20714.8
1693.63,0.0,74909.6,,,,,0.0,0.0,0.0,0.0,20714.8
1694.63,0.0,74909.6,,,,,0.0,0.0,0.0,0.0,20714.8
1695.63,0.0,74909.6,,,,,0.0,0.0,0.0,0.0,20714.8
1696.63,0.0,74909.6,,,,,0.0,0.0,0.0,0.0,20714.8
1697.63,0.0,74909.6,,,,,0.0,0.0,0.0,0.0,20714.8
1698.63,0.0,74909.6,,,,,0.0,0.0,0.0,0.0,20714.8
1699.63,0.0,74909.6,,,,,0.0,0.0,0.0,0.0,20714.8
1700.63,0.0,74909.6,,,,,0.0,0.0,0.0,0.0,20714.8
1701.63,0.0,74909.6,,,,,0.0,0.0,0.0,0.0,20714.8
1702.63,0.0,74909.6,,,,,0.0,0.0,0.0,0.0,20714.8
1703.63,0.0,74909.6,,,,,0.0,0.0,0.0,0.0,20714.8
1704.63,0.0,74909.6,,,,,0.0,0.0,0.0,0.0,20714.8
1705.63,0.0,74909.6,,,,,0.0,0.0,0.0,0.0,20714.8
1706.63,0.0,74909.6,,,,,0.0,0.0,0.0,0.0,20714.8
1707.63,0.0,74909.6,,,,,0.0,0.0,0.0,0.0,20714.8
1708.63,0.0,74909.6,,,,,0.0,0.0,0.0,0.0,20714.8
1709.63,0.0,74909.6,,,,,0.0,0.0,0.0,0.0,20714.8
1710.63,0.0,74909.6,,,,,0.0,0.0,0.0,0.0,20714.8
1711.63,0.0,74909.6,,,,,0.0,0.0,0.0,0.0,20714.8
1712.63,0.0,74909.6,,,,,0.0,0.0,0.0,0.0,20714.8
1713.63,0.0,74909.6,,,,,0.0,0.0,0.0,0.0,20714.8
1714.63,0.0,74909.6,,,,,0.0,0.0,0.0,0.0,20714.8
1715.63,0.0,74909.6,,,,,0.0,0.0,0.0,0.0,20714.8
1716.63,0.0,74909.6,,,,,0.0,0.0,0.0,0.0,20714.8
1717.63,0.0,74909.6,,,,,0.0,0.0,0.0,0.0,20714.8
1718.63,0.0,74909.6,,,,,0.0,0.0,0.0,0.0,20714.8
1719.63,0.0,74909.6,,,,,0.0,0.0,0.0,0.0,20714.8
1720.63,0.0,74909.6,,,,,0.0,0.0,0.0,0.0,20714.8
1721.63,0.0,74909.6,,,,,0.0,0.0,0.0,0.0,20714.8
1722.63,0.0,74909.6,,,,,0.0,0.0,0.0,0.0,20714.8
1723.64,0.0,74909.6,,,,,0.0,0.0,0.0,0.0,20714.8
1724.64,0.0,74909.6,,,,,0.0,0.0,0.0,0.0,20714.8
1725.64,0.0,74909.6,,,,,0.0,0.0,0.0,0.0,20714.8
1726.64,0.0,74909.6,,,,,0.0,0.0,0.0,0.0,20714.8
1727.64,0.0,74909.6,,,,,0.0,0.0,0.0,0.0,20714.8
1728.64,0.0,74909.6,,,,,0.0,0.0,0.0,0.0,20714.8
1729.64,0.0,74909.6,,,,,0.0,0.0,0.0,0.0,20714.8
1730.64,0.0,74909.6,,,,,0.0,0.0,0.0,0.0,20714.8
1731.64,0.0,74909.6,,,,,0.0,0.0,0.0,0.0,20714.8
1732.64,0.0,74909.6,,,,,0.0,0.0,0.0,0.0,20714.8
1733.64,0.0,74909.6,,,,,0.0,0.0,0.0,0.0,20714.8
1734.64,0.0,74909.6,,,,,0.0,0.0,0.0,0.0,20714.8
1735.64,0.0,74909.6,,,,,0.0,0.0,0.0,0.0,20714.8
1736.64,0.0,74909.6,,,,,0.0,0.0,0.0,0.0,20714.8
1737.64,0.0,74909.6,,,,,0.0,0.0,0.0,0.0,20714.8
1738.64,0.0,74909.6,,,,,0.0,0.0,0.0,0.0,20714.8
1739.64,0.0,74909.6,,,,,0.0,0.0,0.0,0.0,20714.8
1740.64,0.0,74909.6,,,,,0.0,0.0,0.0,0.0,20714.8
1741.64,0.0,74909.6,,,,,0.0,0.0,0.0,0.0,20714.8
1742.64,0.0,74909.6,,,,,0.0,0.0,0.0,0.0,20714.8
1743.64,0.0,74909.6,,,,,0.0,0.0,0.0,0.0,20714.8
1744.64,0.0,74909.6,,,,,0.0,0.0,0.0,0.0,20714.8
1745.64,0.0,74909.6,,,,,0.0,0.0,0.0,0.0,20714.8
1746.64,0.0,74909.6,,,,,0.0,0.0,0.0,0.0,20714.8
1747.64,0.0,74909.6,,,,,0.0,0.0,0.0,0.0,20714.8
1748.64,0.0,74909.6,,,,,0.0,0.0,0.0,0.0,20714.8
1749.64,0.0,74909.6,,,,,0.0,0.0,0.0,0.0,20714.8
1750.64,0.0,74909.6,,,,,0.0,0.0,0.0,0.0,20714.8
1751.64,0.0,74909.6,,,,,0.0,0.0,0.0,0.0,20714.8
1752.64,0.0,74909.6,,,,,0.0,0.0,0.0,0.0,20714.8
1753.64,0.0,74909.6,,,,,0.0,0.0,0.0,0.0,20714.8
1754.64,0.0,74909.6,,,,,0.0,0.0,0.0,0.0,20714.8
1755.64,0.0,74909.6,,,,,0.0,0.0,0.0,0.0,20714.8
1756.64,0.0,74909.6,,,,,0.0,0.0,0.0,0.0,20714.8
1757.64,0.0,74909.6,,,,,0.0,0.0,0.0,0.0,20714.8
1758.64,0.0,74909.6,,,,,0.0,0.0,0.0,0.0,20714.8
1759.64,0.0,74909.6,,,,,0.0,0.0,0.0,0.0,20714.8
1760.64,0.0,74909.6,,,,,0.0,0.0,0.0,0.0,20714.8
1761.64,0.0,74909.6,,,,,0.0,0.0,0.0,0.0,20714.8
1762.64,0.0,74909.6,,,,,0.0,0.0,0.0,0.0,20714.8
1763.64,0.0,74909.6,,,,,0.0,0.0,0.0,0.0,20714.8
1764.64,0.0,74909.6,,,,,0.0,0.0,0.0,0.0,20714.8
1765.64,0.0,74909.6,,,,,0.0,0.0,0.0,0.0,20714.8
1766.64,0.0,74909.6,,,,,0.0,0.0,0.0,0.0,20714.8
1767.64,0.0,74909.6,,,,,0.0,0.0,0.0,0.0,20714.8
1768.64,0.0,74909.6,,,,,0.0,0.0,0.0,0.0,20714.8
1769.64,0.0,74909.6,,,,,0.0,0.0,0.0,0.0,20714.8
1770.64,0.0,74909.6,,,,,0.0,0.0,0.0,0.0,20714.8
1771.64,0.0,74909.6,,,,,0.0,0.0,0.0,0.0,20714.8
1772.64,0.0,74909.6,,,,,0.0,0.0,0.0,0.0,20714.8
1773.64,0.0,74909.6,,,,,0.0,0.0,0.0,0.0,20714.8
1774.64,0.0,74909.6,,,,,0.0,0.0,0.0,0.0,20714.8
1775.65,0.0,74909.6,,,,,0.0,0.0,0.0,0.0,20714.8
1776.65,0.0,74909.6,,,,,0.0,0.0,0.0,0.0,20714.8
1777.65,0.0,74909.6,,,,,0.0,0.0,0.0,0.0,20714.8
1778.65,0.0,74909.6,,,,,0.0,0.0,0.0,0.0,20714.8
1779.65,0.0,74909.6,,,,,0.0,0.0,0.0,0.0,20714.8
1780.65,0.0,74909.6,,,,,0.0,0.0,0.0,0.0,20714.8
1781.65,0.0,74909.6,,,,,0.0,0.0,0.0,0.0,20714.8
1782.65,0.0,74909.6,,,,,0.0,0.0,0.0,0.0,20714.8
1783.65,0.0,74909.6,,,,,0.0,0.0,0.0,0.0,20714.8
1784.65,0.0,74909.6,,,,,0.0,0.0,0.0,0.0,20714.8
1785.65,0.0,74909.6,,,,,0.0,0.0,0.0,0.0,20714.8
1786.65,0.0,74909.6,,,,,0.0,0.0,0.0,0.0,20714.8
1787.65,0.0,74909.6,,,,,0.0,0.0,0.0,0.0,20714.8
1788.65,0.0,74909.6,,,,,0.0,0.0,0.0,0.0,20714.8
1789.65,0.0,74909.6,,,,,0.0,0.0,0.0,0.0,20714.8
1790.65,0.0,74909.6,,,,,0.0,0.0,0.0,0.0,20714.8
1791.65,0.0,74909.6,,,,,0.0,0.0,0.0,0.0,20714.8
1792.65,0.0,74909.6,,,,,0.0,0.0,0.0,0.0,20714.8
1793.65,0.0,74909.6,,,,,0.0,0.0,0.0,0.0,20714.8
1794.65,0.0,74909.6,,,,,0.0,0.0,0.0,0.0,20714.8
1795.65,0.0,74909.6,,,,,0.0,0.0,0.0,0.0,20714.8
1796.65,0.0,74909.6,,,,,0.0,0.0,0.0,0.0,20714.8
1797.65,0.0,74909.6,,,,,0.0,0.0,0.0,0.0,20714.8
1798.65,0.0,74909.6,,,,,0.0,0.0,0.0,0.0,20714.8
1799.65,0.0,74909.6,,,,,0.0,0.0,0.0,0.0,20714.8
1800.65,0.0,74909.6,,,,,0.0,0.0,0.0,0.0,20714.8
1801.65,0.0,74909.6,,,,,0.0,0.0,0.0,0.0,20714.8
1802.65,0.0,74909.6,,,,,0.0,0.0,0.0,0.0,20714.8
1803.65,0.0,74909.6,,,,,0.0,0.0,0.0,0.0,20714.8
1804.65,0.0,74909.6,,,,,0.0,0.0,0.0,0.0,20714.8
1805.65,0.0,74909.6,,,,,0.0,0.0,0.0,0.0,20714.8
1806.65,0.0,74909.6,,,,,0.0,0.0,0.0,0.0,20714.8
1807.65,0.0,74909.6,,,,,0.0,0.0,0.0,0.0,20714.8
1808.65,0.0,74909.6,,,,,0.0,0.0,0.0,0.0,20714.8
1809.65,0.0,74909.6,,,,,0.0,0.0,0.0,0.0,20714.8
1810.65,0.0,74909.6,,,,,0.0,0.0,0.0,0.0,20714.8
1811.65,0.0,74909.6,,,,,0.0,0.0,0.0,0.0,20714.8
1812.65,0.0,74909.6,,,,,0.0,0.0,0.0,0.0,20714.8
1813.65,0.0,74909.6,,,,,0.0,0.0,0.0,0.0,20714.8
1814.65,0.0,74909.6,,,,,0.0,0.0,0.0,0.0,20714.8
1815.65,0.0,74909.6,,,,,0.0,0.0,0.0,0.0,20714.8
1816.65,0.0,74909.6,,,,,0.0,0.0,0.0,0.0,20714.8
1817.65,0.0,74909.6,,,,,0.0,0.0,0.0,0.0,20714.8
1818.65,0.0,74909.6,,,,,0.0,0.0,0.0,0.0,20714.8
1819.65,0.0,74909.6,,,,,0.0,0.0,0.0,0.0,20714.8
1820.65,0.0,74909.6,,,,,0.0,0.0,0.0,0.0,20714.8
1821.65,0.0,74909.6,,,,,0.0,0.0,0.0,0.0,20714.8
1822.65,0.0,74909.6,,,,,0.0,0.0,0.0,0.0,20714.8
1823.65,0.0,74909.6,,,,,0.0,0.0,0.0,0.0,20714.8
1824.65,0.0,74909.6,,,,,0.0,0.0,0.0,0.0,20714.8
1825.65,0.0,74909.6,,,,,0.0,0.0,0.0,0.0,20714.8
1826.65,0.0,74909.6,,,,,0.0,0.0,0.0,0.0,20714.8
1827.65,0.0,74909.6,,,,,0.0,0.0,0.0,0.0,20714.8
1828.66,0.0,74909.6,,,,,0.0,0.0,0.0,0.0,20714.8
1829.66,0.0,74909.6,,,,,0.0,0.0,0.0,0.0,20714.8
1830.66,0.0,74909.6,,,,,0.0,0.0,0.0,0.0,20714.8
1831.66,0.0,74909.6,,,,,0.0,0.0,0.0,0.0,20714.8
1832.66,0.0,74909.6,,,,,0.0,0.0,0.0,0.0,20714.8
1833.66,0.0,74909.6,,,,,0.0,0.0,0.0,0.0,20714.8
1834.66,0.0,74909.6,,,,,0.0,0.0,0.0,0.0,20714.8
1835.66,0.0,74909.6,,,,,0.0,0.0,0.0,0.0,20714.8
1836.66,0.0,74909.6,,,,,0.0,0.0,0.0,0.0,20714.8
1837.66,0.0,74909.6,,,,,0.0,0.0,0.0,0.0,20714.8
1838.66,0.0,74909.6,,,,,0.0,0.0,0.0,0.0,20714.8
1839.66,0.0,74909.6,,,,,0.0,0.0,0.0,0.0,20714.8
1840.66,0.0,74909.6,,,,,0.0,0.0,0.0,0.0,20714.8
1841.66,0.0,74909.6,,,,,0.0,0.0,0.0,0.0,20714.8
1842.66,0.0,74909.6,,,,,0.0,0.0,0.0,0.0,20714.8
1843.66,0.0,74909.6,,,,,0.0,0.0,0.0,0.0,20714.8
1844.66,0.0,74909.6,,,,,0.0,0.0,0.0,0.0,20714.8
1845.66,0.0,74909.6,,,,,0.0,0.0,0.0,0.0,20714.8
1846.66,0.0,74909.6,,,,,0.0,0.0,0.0,0.0,20714.8
1847.66,0.0,74909.6,,,,,0.0,0.0,0.0,0.0,20714.8
1848.66,0.0,74909.6,,,,,0.0,0.0,0.0,0.0,20714.8
1849.66,0.0,74909.6,,,,,0.0,0.0,0.0,0.0,20714.8
1850.66,0.0,74909.6,,,,,0.0,0.0,0.0,0.0,20714.8
1851.66,0.0,74909.6,,,,,0.0,0.0,0.0,0.0,20714.8
1852.66,0.0,74909.6,,,,,0.0,0.0,0.0,0.0,20714.8
1853.66,0.0,74909.6,,,,,0.0,0.0,0.0,0.0,20714.8
1854.66,0.0,74909.6,,,,,0.0,0.0,0.0,0.0,20714.8
1855.66,0.0,74909.6,,,,,0.0,0.0,0.0,0.0,20714.8
1856.66,0.0,74909.6,,,,,0.0,0.0,0.0,0.0,20714.8
1857.66,0.0,74909.6,,,,,0.0,0.0,0.0,0.0,20714.8
1858.66,0.0,74909.6,,,,,0.0,0.0,0.0,0.0,20714.8
1859.66,0.0,74909.6,,,,,0.0,0.0,0.0,0.0,20714.8
1860.66,0.0,74909.6,,,,,0.0,0.0,0.0,0.0,20714.8
1861.66,0.0,74909.6,,,,,0.0,0.0,0.0,0.0,20714.8
1862.66,0.0,74909.6,,,,,0.0,0.0,0.0,0.0,20714.8
1863.66,0.0,74909.6,,,,,0.0,0.0,0.0,0.0,20714.8
1864.66,0.0,74909.6,,,,,0.0,0.0,0.0,0.0,20714.8
1865.66,0.0,74909.6,,,,,0.0,0.0,0.0,0.0,20714.8
1866.66,0.0,74909.6,,,,,0.0,0.0,0.0,0.0,20714.8
1867.66,0.0,74909.6,,,,,0.0,0.0,0.0,0.0,20714.8
1868.66,0.0,74909.6,,,,,0.0,0.0,0.0,0.0,20714.8
1869.66,0.0,74909.6,,,,,0.0,0.0,0.0,0.0,20714.8
1870.66,0.0,74909.6,,,,,0.0,0.0,0.0,0.0,20714.8
1871.66,0.0,74909.6,,,,,0.0,0.0,0.0,0.0,20714.8
1872.66,0.0,74909.6,,,,,0.0,0.0,0.0,0.0,20714.8
1873.66,0.0,74909.6,,,,,0.0,0.0,0.0,0.0,20714.8
1874.66,0.0,74909.6,,,,,0.0,0.0,0.0,0.0,20714.8
1875.66,0.0,74909.6,,,,,0.0,0.0,0.0,0.0,20714.8
1876.66,0.0,74909.6,,,,,0.0,0.0,0.0,0.0,20714.8
1877.66,0.0,74909.6,,,,,0.0,0.0,0.0,0.0,20714.8
1878.66,0.0,74909.6,,,,,0.0,0.0,0.0,0.0,20714.8
1879.66,0.0,74909.6,,,,,0.0,0.0,0.0,0.0,20714.8
1880.66,0.0,74909.6,,,,,0.0,0.0,0.0,0.0,20714.8
1881.66,0.0,74909.6,,,,,0.0,0.0,0.0,0.0,20714.8
1882.67,0.0,74909.6,,,,,0.0,0.0,0.0,0.0,20714.8
1883.67,0.0,74909.6,,,,,0.0,0.0,0.0,0.0,20714.8
1884.67,0.0,74909.6,,,,,0.0,0.0,0.0,0.0,20714.8
1885.67,0.0,74909.6,,,,,0.0,0.0,0.0,0.0,20714.8
1886.67,0.0,74909.6,,,,,0.0,0.0,0.0,0.0,20714.8
1887.67,0.0,74909.6,,,,,0.0,0.0,0.0,0.0,20714.8
1888.67,0.0,74909.6,,,,,0.0,0.0,0.0,0.0,20714.8
1889.67,0.0,74909.6,,,,,0.0,0.0,0.0,0.0,20714.8
1890.67,0.0,74909.6,,,,,0.0,0.0,0.0,0.0,20714.8
1891.67,0.0,74909.6,,,,,0.0,0.0,0.0,0.0,20714.8
1892.67,0.0,74909.6,,,,,0.0,0.0,0.0,0.0,20714.8
1893.67,0.0,74909.6,,,,,0.0,0.0,0.0,0.0,20714.8
1894.67,0.0,74909.6,,,,,0.0,0.0,0.0,0.0,20714.8
1895.67,0.0,74909.6,,,,,0.0,0.0,0.0,0.0,20714.8
1896.67,0.0,74909.6,,,,,0.0,0.0,0.0,0.0,20714.8
1897.67,0.0,74909.6,,,,,0.0,0.0,0.0,0.0,20714.8
1898.67,0.0,74909.6,,,,,0.0,0.0,0.0,0.0,20714.8
1899.67,0.0,74909.6,,,,,0.0,0.0,0.0,0.0,20714.8
1900.67,0.0,74909.6,,,,,0.0,0.0,0.0,0.0,20714.8
1901.67,0.0,74909.6,,,,,0.0,0.0,0.0,0.0,20714.8
1902.67,0.0,74909.6,,,,,0.0,0.0,0.0,0.0,20714.8
1903.67,0.0,74909.6,,,,,0.0,0.0,0.0,0.0,20714.8
1904.67,0.0,74909.6,,,,,0.0,0.0,0.0,0.0,20714.8
1905.67,0.0,74909.6,,,,,0.0,0.0,0.0,0.0,20714.8
1906.67,0.0,74909.6,,,,,0.0,0.0,0.0,0.0,20714.8
1907.67,0.0,74909.6,,,,,0.0,0.0,0.0,0.0,20714.8
1908.67,0.0,74909.6,,,,,0.0,0.0,0.0,0.0,20714.8
1909.67,0.0,74909.6,,,,,0.0,0.0,0.0,0.0,20714.8
1910.67,0.0,74909.6,,,,,0.0,0.0,0.0,0.0,20714.8
1911.67,0.0,74909.6,,,,,0.0,0.0,0.0,0.0,20714.8
1912.67,0.0,74909.6,,,,,0.0,0.0,0.0,0.0,20714.8
1913.67,0.0,74909.6,,,,,0.0,0.0,0.0,0.0,20714.8
1914.67,0.0,74909.6,,,,,0.0,0.0,0.0,0.0,20714.8
1915.67,0.0,74909.6,,,,,0.0,0.0,0.0,0.0,20714.8
1916.67,0.0,74909.6,,,,,0.0,0.0,0.0,0.0,20714.8
1917.67,0.0,74909.6,,,,,0.0,0.0,0.0,0.0,20714.8
1918.67,0.0,74909.6,,,,,0.0,0.0,0.0,0.0,20714.8
1919.67,0.0,74909.6,,,,,0.0,0.0,0.0,0.0,20714.8
1920.67,0.0,74909.6,,,,,0.0,0.0,0.0,0.0,20714.8
1921.67,0.0,74909.6,,,,,0.0,0.0,0.0,0.0,20714.8
1922.67,0.0,74909.6,,,,,0.0,0.0,0.0,0.0,20714.8
1923.67,0.0,74909.6,,,,,0.0,0.0,0.0,0.0,20714.8
1924.67,0.0,74909.6,,,,,0.0,0.0,0.0,0.0,20714.8
1925.67,0.0,74909.6,,,,,0.0,0.0,0.0,0.0,20714.8
1926.67,0.0,74909.6,,,,,0.0,0.0,0.0,0.0,20714.8
1927.67,0.0,74909.6,,,,,0.0,0.0,0.0,0.0,20714.8
1928.67,0.0,74909.6,,,,,0.0,0.0,0.0,0.0,20714.8
1929.67,0.0,74909.6,,,,,0.0,0.0,0.0,0.0,20714.8
1930.67,0.0,74909.6,,,,,0.0,0.0,0.0,0.0,20714.8
1931.67,0.0,74909.6,,,,,0.0,0.0,0.0,0.0,20714.8
1932.67,0.0,74909.6,,,,,0.0,0.0,0.0,0.0,20714.8
1933.67,0.0,74909.6,,,,,0.0,0.0,0.0,0.0,20714.8
1934.67,0.0,74909.6,,,,,0.0,0.0,0.0,0.0,20714.8
1935.67,0.0,74909.6,,,,,0.0,0.0,0.0,0.0,20714.8
1936.67,0.0,74909.6,,,,,0.0,0.0,0.0,0.0,20714.8
1937.68,0.0,74909.6,,,,,0.0,0.0,0.0,0.0,20714.8
1938.68,0.0,74909.6,,,,,0.0,0.0,0.0,0.0,20714.8
1939.68,0.0,74909.6,,,,,0.0,0.0,0.0,0.0,20714.8
1940.68,0.0,74909.6,,,,,0.0,0.0,0.0,0.0,20714.8
1941.68,0.0,74909.6,,,,,0.0,0.0,0.0,0.0,20714.8
1942.68,0.0,74909.6,,,,,0.0,0.0,0.0,0.0,20714.8
1943.68,0.0,74909.6,,,,,0.0,0.0,0.0,0.0,20714.8
1944.68,0.0,74909.6,,,,,0.0,0.0,0.0,0.0,20714.8
1945.68,0.0,74909.6,,,,,0.0,0.0,0.0,0.0,20714.8
1946.68,0.0,74909.6,,,,,0.0,0.0,0.0,0.0,20714.8
1947.68,0.0,74909.6,,,,,0.0,0.0,0.0,0.0,20714.8
1948.68,0.0,74909.6,,,,,0.0,0.0,0.0,0.0,20714.8
1949.68,0.0,74909.6,,,,,0.0,0.0,0.0,0.0,20714.8
1950.68,0.0,74909.6,,,,,0.0,0.0,0.0,0.0,20714.8
1951.68,0.0,74909.6,,,,,0.0,0.0,0.0,0.0,20714.8
1952.68,0.0,74909.6,,,,,0.0,0.0,0.0,0.0,20714.8
1953.68,0.0,74909.6,,,,,0.0,0.0,0.0,0.0,20714.8
1954.68,0.0,74909.6,,,,,0.0,0.0,0.0,0.0,20714.8
1955.68,0.0,74909.6,,,,,0.0,0.0,0.0,0.0,20714.8
1956.68,0.0,74909.6,,,,,0.0,0.0,0.0,0.0,20714.8
1957.68,0.0,74909.6,,,,,0.0,0.0,0.0,0.0,20714.8
1958.68,0.0,74909.6,,,,,0.0,0.0,0.0,0.0,20714.8
1959.68,0.0,74909.6,,,,,0.0,0.0,0.0,0.0,20714.8
1960.68,0.0,74909.6,,,,,0.0,0.0,0.0,0.0,20714.8
1961.68,0.0,74909.6,,,,,0.0,0.0,0.0,0.0,20714.8
1962.68,0.0,74909.6,,,,,0.0,0.0,0.0,0.0,20714.8
1963.68,0.0,74909.6,,,,,0.0,0.0,0.0,0.0,20714.8
1964.68,0.0,74909.6,,,,,0.0,0.0,0.0,0.0,20714.8
1965.68,0.0,74909.6,,,,,0.0,0.0,0.0,0.0,20714.8
1966.68,0.0,74909.6,,,,,0.0,0.0,0.0,0.0,20714.8
1967.68,0.0,74909.6,,,,,0.0,0.0,0.0,0.0,20714.8
1968.68,0.0,74909.6,,,,,0.0,0.0,0.0,0.0,20714.8
1969.68,0.0,74909.6,,,,,0.0,0.0,0.0,0.0,20714.8
1970.68,0.0,74909.6,,,,,0.0,0.0,0.0,0.0,20714.8
1971.68,0.0,74909.6,,,,,0.0,0.0,0.0,0.0,20714.8
1972.68,0.0,74909.6,,,,,0.0,0.0,0.0,0.0,20714.8
1973.68,0.0,74909.6,,,,,0.0,0.0,0.0,0.0,20714.8
1974.68,0.0,74909.6,,,,,0.0,0.0,0.0,0.0,20714.8
1975.68,0.0,74909.6,,,,,0.0,0.0,0.0,0.0,20714.8
1976.68,0.0,74909.6,,,,,0.0,0.0,0.0,0.0,20714.8
1977.68,0.0,74909.6,,,,,0.0,0.0,0.0,0.0,20714.8
1978.68,0.0,74909.6,,,,,0.0,0.0,0.0,0.0,20714.8
1979.68,0.0,74909.6,,,,,0.0,0.0,0.0,0.0,20714.8
1980.68,0.0,74909.6,,,,,0.0,0.0,0.0,0.0,20714.8
1981.68,0.0,74909.6,,,,,0.0,0.0,0.0,0.0,20714.8
1982.68,0.0,74909.6,,,,,0.0,0.0,0.0,0.0,20714.8
1983.68,0.0,74909.6,,,,,0.0,0.0,0.0,0.0,20714.8
1984.68,0.0,74909.6,,,,,0.0,0.0,0.0,0.0,20714.8
1985.68,0.0,74909.6,,,,,0.0,0.0,0.0,0.0,20714.8
1986.68,0.0,74909.6,,,,,0.0,0.0,0.0,0.0,20714.8
1987.68,0.0,74909.6,,,,,0.0,0.0,0.0,0.0,20714.8
1988.69,0.0,74909.6,,,,,0.0,0.0,0.0,0.0,20714.8
1989.69,0.0,74909.6,,,,,0.0,0.0,0.0,0.0,20714.8
1990.69,0.0,74909.6,,,,,0.0,0.0,0.0,0.0,20714.8
1991.69,0.0,74909.6,,,,,0.0,0.0,0.0,0.0,20714.8
1992.69,0.0,74909.6,,,,,0.0,0.0,0.0,0.0,20714.8
1993.69,0.0,74909.6,,,,,0.0,0.0,0.0,0.0,20714.8
1994.69,0.0,74909.6,,,,,0.0,0.0,0.0,0.0,20714.8
1995.69,0.0,74909.6,,,,,0.0,0.0,0.0,0.0,20714.8
1996.69,0.0,74909.6,,,,,0.0,0.0,0.0,0.0,20714.8
1997.69,0.0,74909.6,,,,,0.0,0.0,0.0,0.0,20714.8
1998.69,0.0,74909.6,,,,,0.0,0.0,0.0,0.0,20714.8
1999.69,0.0,74909.6,,,,,0.0,0.0,0.0,0.0,20714.8
2000.69,0.0,74909.6,,,,,0.0,0.0,0.0,0.0,20714.8
2001.69,0.0,74909.6,,,,,0.0,0.0,0.0,0.0,20714.8
2002.69,0.0,74909.6,,,,,0.0,0.0,0.0,0.0,20714.8
2003.69,0.0,74909.6,,,,,0.0,0.0,0.0,0.0,20714.8
2004.69,0.0,74909.6,,,,,0.0,0.0,0.0,0.0,20714.8
2005.69,0.0,74909.6,,,,,0.0,0.0,0.0,0.0,20714.8
2006.69,0.0,74909.6,,,,,0.0,0.0,0.0,0.0,20714.8
2007.69,0.0,74909.6,,,,,0.0,0.0,0.0,0.0,20714.8
2008.69,0.0,74909.6,,,,,0.0,0.0,0.0,0.0,20714.8
2009.69,0.0,74909.6,,,,,0.0,0.0,0.0,0.0,20714.8
2010.69,0.0,74909.6,,,,,0.0,0.0,0.0,0.0,20714.8
2011.69,0.0,74909.6,,,,,0.0,0.0,0.0,0.0,20714.8
2012.69,0.0,74909.6,,,,,0.0,0.0,0.0,0.0,20714.8
2013.69,0.0,74909.6,,,,,0.0,0.0,0.0,0.0,20714.8
2014.69,0.0,74909.6,,,,,0.0,0.0,0.0,0.0,20714.8
2015.69,0.0,74909.6,,,,,0.0,0.0,0.0,0.0,20714.8
2016.69,0.0,74909.6,,,,,0.0,0.0,0.0,0.0,20714.8
2017.69,0.0,74909.6,,,,,0.0,0.0,0.0,0.0,20714.8
2018.69,0.0,74909.6,,,,,0.0,0.0,0.0,0.0,20714.8
2019.69,0.0,74909.6,,,,,0.0,0.0,0.0,0.0,20714.8
2020.69,0.0,74909.6,,,,,0.0,0.0,0.0,0.0,20714.8
2021.69,0.0,74909.6,,,,,0.0,0.0,0.0,0.0,20714.8
2022.69,0.0,74909.6,,,,,0.0,0.0,0.0,0.0,20714.8
2023.69,0.0,74909.6,,,,,0.0,0.0,0.0,0.0,20714.8
2024.69,0.0,74909.6,,,,,0.0,0.0,0.0,0.0,20714.8
2025.69,0.0,74909.6,,,,,0.0,0.0,0.0,0.0,20714.8
2026.69,0.0,74909.6,,,,,0.0,0.0,0.0,0.0,20714.8
2027.69,0.0,74909.6,,,,,0.0,0.0,0.0,0.0,20714.8
2028.7,0.0,74909.6,,,,,0.0,0.0,0.0,0.0,20714.8
2029.7,0.0,74909.6,,,,,0.0,0.0,0.0,0.0,20714.8
2030.7,0.0,74909.6,,,,,0.0,0.0,0.0,0.0,20714.8
2031.7,0.0,74909.6,,,,,0.0,0.0,0.0,0.0,20714.8
2032.7,0.0,74909.6,,,,,0.0,0.0,0.0,0.0,20714.8
2033.7,0.0,74909.6,,,,,0.0,0.0,0.0,0.0,20714.8
2034.7,0.0,74909.6,,,,,0.0,0.0,0.0,0.0,20714.8
2035.7,0.0,74909.6,,,,,0.0,0.0,0.0,0.0,20714.8
2036.7,0.0,74909.6,,,,,0.0,0.0,0.0,0.0,20714.8
2037.7,0.0,74909.6,,,,,0.0,0.0,0.0,0.0,21000.0
2038.7,0.0,75462.2,,,,,0.0,0.0,0.0,0.0,21308.1
2039.7,0.0,75482.0,,,,,0.0,0.0,0.0,0.0,21817.8
2040.7,0.0,76014.7,,,,,0.0,0.0,0.0,0.0,22224.5
2041.7,0.0,76567.2,,,,,0.0,0.0,0.0,0.0,22614.1
2042.7,0.0,76587.2,,,,,0.0,0.0,0.0,0.0,23199.1
2043.7,1.6,77184.5,,,,,1.59,1.6,1.6,1.59,21751.7
2044.7,0.0,77185.1,,,,,0.0,0.0,0.0,0.0,21753.2
2045.7,0.0,77185.1,,,,,0.0,0.0,0.0,0.0,21769.7
2046.7,100.0,77185.1,,,,,100.0,100.0,100.0,100.0,21756.3
2047.7,0.0,77229.8,,,,,0.0,0.0,0.0,0.0,21802.8
2048.7,100.0,77185.1,,,,,100.0,100.0,100.0,100.0,21766.1
2049.7,0.0,77229.8,,,,,0.0,0.0,0.0,0.0,21754.9
2050.7,100.0,77218.6,,,,,100.0,100.0,100.0,100.0,21797.8
2051.7,100.0,77185.1,,,,,100.0,100.0,100.0,100.0,21767.3
2052.7,0.0,77229.8,,,,,0.0,0.0,0.0,0.0,21750.0
2053.7,100.0,77196.3,,,,,100.0,100.0,100.0,100.0,21789.9
2054.7,0.0,77229.8,,,,,0.0,0.0,0.0,0.0,21763.4
2055.7,100.0,77229.8,,,,,100.0,100.0,100.0,100.0,21868.7
2056.7,0.0,77229.8,,,,,0.0,0.0,0.0,0.0,22698.1
2057.7,100.0,77185.1,,,,,100.0,100.0,100.0,100.0,22699.5
2058.7,0.0,77185.1,,,,,0.0,0.0,0.0,0.0,22699.6
2059.7,100.0,76758.5,,,,,100.0,100.0,100.0,100.0,22699.8
2060.7,0.0,76758.5,,,,,0.0,0.0,0.0,0.0,22699.8
2061.7,0.0,76758.5,,,,,0.0,0.0,0.0,0.0,22699.8
2062.7,0.0,76758.5,,,,,0.0,0.0,0.0,0.0,22699.8
2063.7,0.0,76758.5,,,,,0.0,0.0,0.0,0.0,22699.8
2064.7,0.0,76758.5,,,,,0.0,0.0,0.0,0.0,22699.8
2065.7,0.0,76758.5,,,,,0.0,0.0,0.0,0.0,22699.8
2066.7,0.0,76758.5,,,,,0.0,0.0,0.0,0.0,22699.8
2067.7,0.0,76758.5,,,,,0.0,0.0,0.0,0.0,22699.8
2068.7,0.0,76758.5,,,,,0.0,0.0,0.0,0.0,22699.8
2069.7,0.0,76758.5,,,,,0.0,0.0,0.0,0.0,22699.8
2070.7,0.0,76758.5,,,,,0.0,0.0,0.0,0.0,22699.8
2071.7,0.0,76758.5,,,,,0.0,0.0,0.0,0.0,22699.8
2072.7,0.0,76758.5,,,,,0.0,0.0,0.0,0.0,22699.8
2073.7,0.0,76758.5,,,,,0.0,0.0,0.0,0.0,22699.8
2074.7,0.0,76758.5,,,,,0.0,0.0,0.0,0.0,22699.8
2075.7,0.0,76758.5,,,,,0.0,0.0,0.0,0.0,22699.8
2076.7,0.0,76758.5,,,,,0.0,0.0,0.0,0.0,22699.8
2077.71,0.0,76758.5,,,,,0.0,0.0,0.0,0.0,22699.8
2078.71,0.0,76758.5,,,,,0.0,0.0,0.0,0.0,22699.8
2079.71,0.0,76758.5,,,,,0.0,0.0,0.0,0.0,22699.8
2080.71,0.0,76758.5,,,,,0.0,0.0,0.0,0.0,22699.8
2081.71,0.0,76758.5,,,,,0.0,0.0,0.0,0.0,22699.8
2082.71,0.0,76758.5,,,,,0.0,0.0,0.0,0.0,22699.8
2083.71,0.0,76758.5,,,,,0.0,0.0,0.0,0.0,22699.8
2084.71,0.0,76758.5,,,,,0.0,0.0,0.0,0.0,22699.8
2085.71,0.0,76758.5,,,,,0.0,0.0,0.0,0.0,22699.8
2086.71,0.0,76758.5,,,,,0.0,0.0,0.0,0.0,22699.8
2087.71,0.0,76758.5,,,,,0.0,0.0,0.0,0.0,22699.8
2088.71,0.0,76758.5,,,,,0.0,0.0,0.0,0.0,22699.8
2089.71,0.0,76758.5,,,,,0.0,0.0,0.0,0.0,22699.8
2090.71,0.0,76758.5,,,,,0.0,0.0,0.0,0.0,22699.8
2091.71,0.0,76758.5,,,,,0.0,0.0,0.0,0.0,22699.8
2092.71,0.0,76758.5,,,,,0.0,0.0,0.0,0.0,22699.8
2093.71,0.0,76758.5,,,,,0.0,0.0,0.0,0.0,22699.8
2094.71,0.0,76758.5,,,,,0.0,0.0,0.0,0.0,22699.8
2095.71,0.0,76758.5,,,,,0.0,0.0,0.0,0.0,22699.8
2096.71,0.0,76758.5,,,,,0.0,0.0,0.0,0.0,22699.8
2097.71,0.0,76758.5,,,,,0.0,0.0,0.0,0.0,22699.8
2098.71,0.0,76758.5,,,,,0.0,0.0,0.0,0.0,22699.8
2099.71,0.0,76758.5,,,,,0.0,0.0,0.0,0.0,22699.8
2100.71,0.0,76758.5,,,,,0.0,0.0,0.0,0.0,22699.8
2101.71,0.0,76758.5,,,,,0.0,0.0,0.0,0.0,22699.8
2102.71,0.0,76758.5,,,,,0.0,0.0,0.0,0.0,22699.8
2103.71,0.0,76758.5,,,,,0.0,0.0,0.0,0.0,22699.8
2104.71,0.0,76758.5,,,,,0.0,0.0,0.0,0.0,22699.8
2105.71,0.0,76758.5,,,,,0.0,0.0,0.0,0.0,22699.8
2106.71,0.0,76758.5,,,,,0.0,0.0,0.0,0.0,22699.8
2107.71,0.0,76758.5,,,,,0.0,0.0,0.0,0.0,22699.8
2108.71,0.0,76758.5,,,,,0.0,0.0,0.0,0.0,22699.8
2109.71,0.0,76758.5,,,,,0.0,0.0,0.0,0.0,22699.8
2110.71,0.0,76758.5,,,,,0.0,0.0,0.0,0.0,22699.8
2111.71,0.0,76758.5,,,,,0.0,0.0,0.0,0.0,22699.8
2112.71,0.0,76758.5,,,,,0.0,0.0,0.0,0.0,22699.8
2113.71,0.0,76758.5,,,,,0.0,0.0,0.0,0.0,22699.8
2114.71,0.0,76758.5,,,,,0.0,0.0,0.0,0.0,22699.8
2115.71,0.0,76758.5,,,,,0.0,0.0,0.0,0.0,22699.8
2116.71,0.0,76758.5,,,,,0.0,0.0,0.0,0.0,22699.8
2117.71,0.0,76758.5,,,,,0.0,0.0,0.0,0.0,22699.8
2118.71,0.0,76758.5,,,,,0.0,0.0,0.0,0.0,22699.8
2119.71,0.0,76758.5,,,,,0.0,0.0,0.0,0.0,22699.8
2120.71,0.0,76758.5,,,,,0.0,0.0,0.0,0.0,22699.8
2121.71,0.0,76758.5,,,,,0.0,0.0,0.0,0.0,22699.8
2122.71,0.0,76758.5,,,,,0.0,0.0,0.0,0.0,22699.8
2123.71,0.0,76758.5,,,,,0.0,0.0,0.0,0.0,22699.8
2124.71,0.0,76758.5,,,,,0.0,0.0,0.0,0.0,22699.8
2125.71,0.0,76758.5,,,,,0.0,0.0,0.0,0.0,22699.8
2126.71,0.0,76758.5,,,,,0.0,0.0,0.0,0.0,22699.8
2127.71,0.0,76758.5,,,,,0.0,0.0,0.0,0.0,22699.8
2128.71,0.0,76758.5,,,,,0.0,0.0,0.0,0.0,22699.8
2129.71,0.0,76758.5,,,,,0.0,0.0,0.0,0.0,22699.8
2130.71,0.0,76758.5,,,,,0.0,0.0,0.0,0.0,22699.8
2131.71,0.0,76758.5,,,,,0.0,0.0,0.0,0.0,22699.8
2132.72,0.0,76758.5,,,,,0.0,0.0,0.0,0.0,22699.8
2133.72,0.0,76758.5,,,,,0.0,0.0,0.0,0.0,22699.8
2134.72,0.0,76758.5,,,,,0.0,0.0,0.0,0.0,22699.8
2135.72,0.0,76758.5,,,,,0.0,0.0,0.0,0.0,22699.8
2136.72,0.0,76758.5,,,,,0.0,0.0,0.0,0.0,22699.8
2137.72,0.0,76758.5,,,,,0.0,0.0,0.0,0.0,22699.8
2138.72,0.0,76758.5,,,,,0.0,0.0,0.0,0.0,22699.8
2139.72,0.0,76758.5,,,,,0.0,0.0,0.0,0.0,22699.8
2140.72,0.0,76758.5,,,,,0.0,0.0,0.0,0.0,22699.8
2141.72,0.0,76758.5,,,,,0.0,0.0,0.0,0.0,22699.8
2142.72,0.0,76758.5,,,,,0.0,0.0,0.0,0.0,22699.8
2143.72,0.0,76758.5,,,,,0.0,0.0,0.0,0.0,22699.8
2144.72,0.0,76758.5,,,,,0.0,0.0,0.0,0.0,22699.8
2145.72,0.0,76758.5,,,,,0.0,0.0,0.0,0.0,22699.8
2146.72,0.0,76758.5,,,,,0.0,0.0,0.0,0.0,22699.8
2147.72,0.0,76758.5,,,,,0.0,0.0,0.0,0.0,22699.8
2148.72,0.0,76758.5,,,,,0.0,0.0,0.0,0.0,22699.8
2149.72,0.0,76758.5,,,,,0.0,0.0,0.0,0.0,22699.8
2150.72,0.0,76758.5,,,,,0.0,0.0,0.0,0.0,22699.8
2151.72,0.0,76758.5,,,,,0.0,0.0,0.0,0.0,22699.8
2152.72,0.0,76758.5,,,,,0.0,0.0,0.0,0.0,22699.8
2153.72,0.0,76758.5,,,,,0.0,0.0,0.0,0.0,22699.8
2154.72,0.0,76758.5,,,,,0.0,0.0,0.0,0.0,22699.8
2155.72,0.0,76758.5,,,,,0.0,0.0,0.0,0.0,22699.8
2156.72,0.0,76758.5,,,,,0.0,0.0,0.0,0.0,22699.8
2157.72,0.0,76758.5,,,,,0.0,0.0,0.0,0.0,22699.8
2158.72,0.0,76758.5,,,,,0.0,0.0,0.0,0.0,22699.8
2159.72,0.0,76758.5,,,,,0.0,0.0,0.0,0.0,22699.8
2160.72,0.0,76758.5,,,,,0.0,0.0,0.0,0.0,22699.8
2161.72,0.0,76758.5,,,,,0.0,0.0,0.0,0.0,22699.8
2162.72,0.0,76758.5,,,,,0.0,0.0,0.0,0.0,22699.8
2163.72,0.0,76758.5,,,,,0.0,0.0,0.0,0.0,22699.8
2164.72,0.0,76758.5,,,,,0.0,0.0,0.0,0.0,22699.8
2165.72,0.0,76758.5,,,,,0.0,0.0,0.0,0.0,22699.8
2166.72,0.0,76758.5,,,,,0.0,0.0,0.0,0.0,22699.8
2167.72,0.0,76758.5,,,,,0.0,0.0,0.0,0.0,22699.8
2168.72,0.0,76758.5,,,,,0.0,0.0,0.0,0.0,22699.8
2169.72,0.0,76758.5,,,,,0.0,0.0,0.0,0.0,22699.8
2170.72,0.0,76758.5,,,,,0.0,0.0,0.0,0.0,22699.8
2171.72,0.0,76758.5,,,,,0.0,0.0,0.0,0.0,22699.8
2172.72,0.0,76758.5,,,,,0.0,0.0,0.0,0.0,22699.8
2173.72,0.0,76758.5,,,,,0.0,0.0,0.0,0.0,22699.8
2174.72,0.0,76758.5,,,,,0.0,0.0,0.0,0.0,22699.8
2175.72,0.0,76758.5,,,,,0.0,0.0,0.0,0.0,22699.8
2176.72,0.0,76758.5,,,,,0.0,0.0,0.0,0.0,22699.8
2177.72,0.0,76758.5,,,,,0.0,0.0,0.0,0.0,22699.8
2178.72,0.0,76758.5,,,,,0.0,0.0,0.0,0.0,22699.8
2179.72,0.0,76758.5,,,,,0.0,0.0,0.0,0.0,22699.8
2180.72,0.0,76758.5,,,,,0.0,0.0,0.0,0.0,22699.8
2181.72,0.0,76758.5,,,,,0.0,0.0,0.0,0.0,22699.8
2182.72,0.0,76758.5,,,,,0.0,0.0,0.0,0.0,22699.8
2183.72,0.0,76758.5,,,,,0.0,0.0,0.0,0.0,22699.8
2184.72,0.0,76758.5,,,,,0.0,0.0,0.0,0.0,22699.8
2185.72,0.0,76758.5,,,,,0.0,0.0,0.0,0.0,22699.8
2186.72,0.0,76758.5,,,,,0.0,0.0,0.0,0.0,22699.8
2187.73,0.0,76758.5,,,,,0.0,0.0,0.0,0.0,22699.8
2188.73,0.0,76758.5,,,,,0.0,0.0,0.0,0.0,22699.8
2189.73,0.0,76758.5,,,,,0.0,0.0,0.0,0.0,22699.8
2190.73,0.0,76758.5,,,,,0.0,0.0,0.0,0.0,22699.8
2191.73,0.0,76758.5,,,,,0.0,0.0,0.0,0.0,22699.8
2192.73,0.0,76758.5,,,,,0.0,0.0,0.0,0.0,22699.8
2193.73,0.0,76758.5,,,,,0.0,0.0,0.0,0.0,22699.8
2194.73,0.0,76758.5,,,,,0.0,0.0,0.0,0.0,22699.8
2195.73,0.0,76758.5,,,,,0.0,0.0,0.0,0.0,22699.8
2196.73,0.0,76758.5,,,,,0.0,0.0,0.0,0.0,22699.8
2197.73,0.0,76758.5,,,,,0.0,0.0,0.0,0.0,22699.8
2198.73,0.0,76758.5,,,,,0.0,0.0,0.0,0.0,22699.8
2199.73,0.0,76758.5,,,,,0.0,0.0,0.0,0.0,22699.8
2200.73,0.0,76758.5,,,,,0.0,0.0,0.0,0.0,22699.8
2201.73,0.0,76758.5,,,,,0.0,0.0,0.0,0.0,22699.8
2202.73,0.0,76758.5,,,,,0.0,0.0,0.0,0.0,22699.8
2203.73,0.0,76758.5,,,,,0.0,0.0,0.0,0.0,22699.8
2204.73,0.0,76758.5,,,,,0.0,0.0,0.0,0.0,22699.8
2205.73,0.0,76758.5,,,,,0.0,0.0,0.0,0.0,22699.8
2206.73,0.0,76758.5,,,,,0.0,0.0,0.0,0.0,22699.8
2207.73,0.0,76758.5,,,,,0.0,0.0,0.0,0.0,22699.8
2208.73,0.0,76758.5,,,,,0.0,0.0,0.0,0.0,22699.8
2209.73,0.0,76758.5,,,,,0.0,0.0,0.0,0.0,22699.8
2210.73,0.0,76758.5,,,,,0.0,0.0,0.0,0.0,22699.8
2211.73,0.0,76758.5,,,,,0.0,0.0,0.0,0.0,22699.8
2212.73,0.0,76758.5,,,,,0.0,0.0,0.0,0.0,22699.8
2213.73,0.0,76758.5,,,,,0.0,0.0,0.0,0.0,22699.8
2214.73,0.0,76758.5,,,,,0.0,0.0,0.0,0.0,22699.8
2215.73,0.0,76758.5,,,,,0.0,0.0,0.0,0.0,22699.8
2216.73,0.0,76758.5,,,,,0.0,0.0,0.0,0.0,22699.8
2217.73,0.0,76758.5,,,,,0.0,0.0,0.0,0.0,22699.8
2218.73,0.0,76758.5,,,,,0.0,0.0,0.0,0.0,22699.8
2219.73,0.0,76758.5,,,,,0.0,0.0,0.0,0.0,22699.8
2220.73,0.0,76758.5,,,,,0.0,0.0,0.0,0.0,22699.8
2221.73,0.0,76758.5,,,,,0.0,0.0,0.0,0.0,22699.8
2222.73,0.0,76758.5,,,,,0.0,0.0,0.0,0.0,22699.8
2223.73,0.0,76758.5,,,,,0.0,0.0,0.0,0.0,22699.8
2224.73,0.0,76758.5,,,,,0.0,0.0,0.0,0.0,22699.8
2225.73,0.0,76758.5,,,,,0.0,0.0,0.0,0.0,22699.8
2226.73,0.0,76758.5,,,,,0.0,0.0,0.0,0.0,22699.8
2227.73,0.0,76758.5,,,,,0.0,0.0,0.0,0.0,22699.8
2228.73,0.0,76758.5,,,,,0.0,0.0,0.0,0.0,22699.8
2229.73,0.0,76758.5,,,,,0.0,0.0,0.0,0.0,22699.8
2230.73,0.0,76758.5,,,,,0.0,0.0,0.0,0.0,22699.8
2231.73,0.0,76758.5,,,,,0.0,0.0,0.0,0.0,22699.8
2232.73,0.0,76758.5,,,,,0.0,0.0,0.0,0.0,22699.8
2233.73,0.0,76758.5,,,,,0.0,0.0,0.0,0.0,22699.8
2234.73,0.0,76758.5,,,,,0.0,0.0,0.0,0.0,22699.8
2235.73,0.0,76758.5,,,,,0.0,0.0,0.0,0.0,22699.8
2236.73,0.0,76758.5,,,,,0.0,0.0,0.0,0.0,22699.8
2237.73,0.0,76758.5,,,,,0.0,0.0,0.0,0.0,22699.8
2238.73,0.0,76758.5,,,,,0.0,0.0,0.0,0.0,22699.8
2239.73,0.0,76758.5,,,,,0.0,0.0,0.0,0.0,22699.8
2240.73,0.0,76758.5,,,,,0.0,0.0,0.0,0.0,22699.8
2241.74,0.0,76758.5,,,,,0.0,0.0,0.0,0.0,22699.8
2242.74,0.0,76758.5,,,,,0.0,0.0,0.0,0.0,22699.8
2243.74,0.0,76758.5,,,,,0.0,0.0,0.0,0.0,22699.8
2244.74,0.0,76758.5,,,,,0.0,0.0,0.0,0.0,22699.8
2245.74,0.0,76758.5,,,,,0.0,0.0,0.0,0.0,22699.8
2246.74,0.0,76758.5,,,,,0.0,0.0,0.0,0.0,22699.8
2247.74,0.0,76758.5,,,,,0.0,0.0,0.0,0.0,22699.8
2248.74,0.0,76758.5,,,,,0.0,0.0,0.0,0.0,22699.8
2249.74,0.0,76758.5,,,,,0.0,0.0,0.0,0.0,22699.8
2250.74,0.0,76758.5,,,,,0.0,0.0,0.0,0.0,22699.8
2251.74,0.0,76758.5,,,,,0.0,0.0,0.0,0.0,22699.8
2252.74,0.0,76758.5,,,,,0.0,0.0,0.0,0.0,22699.8
2253.74,0.0,76758.5,,,,,0.0,0.0,0.0,0.0,22699.8
2254.74,0.0,76758.5,,,,,0.0,0.0,0.0,0.0,22699.8
2255.74,0.0,76758.5,,,,,0.0,0.0,0.0,0.0,22699.8
2256.74,0.0,76758.5,,,,,0.0,0.0,0.0,0.0,22699.8
2257.74,0.0,76758.5,,,,,0.0,0.0,0.0,0.0,22699.8
2258.74,0.0,76758.5,,,,,0.0,0.0,0.0,0.0,22699.8
2259.74,0.0,76758.5,,,,,0.0,0.0,0.0,0.0,22699.8
2260.74,0.0,76758.5,,,,,0.0,0.0,0.0,0.0,22699.8
2261.74,0.0,76758.5,,,,,0.0,0.0,0.0,0.0,22699.8
2262.74,0.0,76758.5,,,,,0.0,0.0,0.0,0.0,22699.8
2263.74,0.0,76758.5,,,,,0.0,0.0,0.0,0.0,22699.8
2264.74,0.0,76758.5,,,,,0.0,0.0,0.0,0.0,22699.8
2265.74,0.0,76758.5,,,,,0.0,0.0,0.0,0.0,22699.8
2266.74,0.0,76758.5,,,,,0.0,0.0,0.0,0.0,22699.8
2267.74,0.0,76758.5,,,,,0.0,0.0,0.0,0.0,22699.8
2268.74,0.0,76758.5,,,,,0.0,0.0,0.0,0.0,22699.8
2269.74,0.0,76758.5,,,,,0.0,0.0,0.0,0.0,22699.8
2270.74,0.0,76758.5,,,,,0.0,0.0,0.0,0.0,22699.8
2271.74,0.0,76758.5,,,,,0.0,0.0,0.0,0.0,22699.8
2272.74,0.0,76758.5,,,,,0.0,0.0,0.0,0.0,22699.8
2273.74,0.0,76758.5,,,,,0.0,0.0,0.0,0.0,22699.8
2274.74,0.0,76758.5,,,,,0.0,0.0,0.0,0.0,22699.8
2275.74,0.0,76758.5,,,,,0.0,0.0,0.0,0.0,22699.8
2276.74,0.0,76758.5,,,,,0.0,0.0,0.0,0.0,22699.8
2277.74,0.0,76758.5,,,,,0.0,0.0,0.0,0.0,22699.8
2278.74,0.0,76758.5,,,,,0.0,0.0,0.0,0.0,22699.8
2279.74,0.0,76758.5,,,,,0.0,0.0,0.0,0.0,22699.8
2280.74,0.0,76758.5,,,,,0.0,0.0,0.0,0.0,22699.8
2281.74,0.0,76758.5,,,,,0.0,0.0,0.0,0.0,22699.8
2282.74,0.0,76758.5,,,,,0.0,0.0,0.0,0.0,22699.8
2283.74,0.0,76758.5,,,,,0.0,0.0,0.0,0.0,22699.8
2284.74,0.0,76758.5,,,,,0.0,0.0,0.0,0.0,22699.8
2285.74,0.0,76758.5,,,,,0.0,0.0,0.0,0.0,22699.8
2286.74,0.0,76758.5,,,,,0.0,0.0,0.0,0.0,22699.8
2287.74,0.0,76758.5,,,,,0.0,0.0,0.0,0.0,22699.8
2288.74,0.0,76758.5,,,,,0.0,0.0,0.0,0.0,22699.8
2289.74,0.0,76758.5,,,,,0.0,0.0,0.0,0.0,22699.8
2290.74,0.0,76758.5,,,,,0.0,0.0,0.0,0.0,22699.8
2291.74,0.0,76758.5,,,,,0.0,0.0,0.0,0.0,22699.8
2292.74,0.0,76758.5,,,,,0.0,0.0,0.0,0.0,22699.8
2293.74,0.0,76758.5,,,,,0.0,0.0,0.0,0.0,22699.8
2294.74,0.0,76758.5,,,,,0.0,0.0,0.0,0.0,22699.8
2295.75,0.0,76758.5,,,,,0.0,0.0,0.0,0.0,22699.8
2296.75,0.0,76758.5,,,,,0.0,0.0,0.0,0.0,22699.8
2297.75,0.0,76758.5,,,,,0.0,0.0,0.0,0.0,22699.8
2298.75,0.0,76758.5,,,,,0.0,0.0,0.0,0.0,22699.8
2299.75,0.0,76758.5,,,,,0.0,0.0,0.0,0.0,22699.8
2300.75,0.0,76758.5,,,,,0.0,0.0,0.0,0.0,22699.8
2301.75,0.0,76758.5,,,,,0.0,0.0,0.0,0.0,22699.8
2302.75,0.0,76758.5,,,,,0.0,0.0,0.0,0.0,22699.8
2303.75,0.0,76758.5,,,,,0.0,0.0,0.0,0.0,22699.8
2304.75,0.0,76758.5,,,,,0.0,0.0,0.0,0.0,22699.8
2305.75,0.0,76758.5,,,,,0.0,0.0,0.0,0.0,22699.8
2306.75,0.0,76758.5,,,,,0.0,0.0,0.0,0.0,22699.8
2307.75,0.0,76758.5,,,,,0.0,0.0,0.0,0.0,22699.8
2308.75,0.0,76758.5,,,,,0.0,0.0,0.0,0.0,22699.8
2309.75,0.0,76758.5,,,,,0.0,0.0,0.0,0.0,22699.8
2310.75,0.0,76758.5,,,,,0.0,0.0,0.0,0.0,22699.8
2311.75,0.0,76758.5,,,,,0.0,0.0,0.0,0.0,22699.8
2312.75,0.0,76758.5,,,,,0.0,0.0,0.0,0.0,22699.8
2313.75,0.0,76758.5,,,,,0.0,0.0,0.0,0.0,22699.8
2314.75,0.0,76758.5,,,,,0.0,0.0,0.0,0.0,22699.8
2315.75,0.0,76758.5,,,,,0.0,0.0,0.0,0.0,22699.8
2316.75,0.0,76758.5,,,,,0.0,0.0,0.0,0.0,22699.8
2317.75,0.0,76758.5,,,,,0.0,0.0,0.0,0.0,22699.8
2318.75,0.0,76758.5,,,,,0.0,0.0,0.0,0.0,22699.8
2319.75,0.0,76758.5,,,,,0.0,0.0,0.0,0.0,22699.8
2320.75,0.0,76758.5,,,,,0.0,0.0,0.0,0.0,22699.8
2321.75,0.0,76758.5,,,,,0.0,0.0,0.0,0.0,22699.8
2322.75,0.0,76758.5,,,,,0.0,0.0,0.0,0.0,22699.8
2323.75,0.0,76758.5,,,,,0.0,0.0,0.0,0.0,22699.8
2324.75,0.0,76758.5,,,,,0.0,0.0,0.0,0.0,22699.8
2325.75,0.0,76758.5,,,,,0.0,0.0,0.0,0.0,22699.8
2326.75,0.0,76758.5,,,,,0.0,0.0,0.0,0.0,22699.8
2327.75,0.0,76758.5,,,,,0.0,0.0,0.0,0.0,22699.8
2328.75,0.0,76758.5,,,,,0.0,0.0,0.0,0.0,22699.8
2329.75,0.0,76758.5,,,,,0.0,0.0,0.0,0.0,22699.8
2330.75,0.0,76758.5,,,,,0.0,0.0,0.0,0.0,22699.8
2331.75,0.0,76758.5,,,,,0.0,0.0,0.0,0.0,22699.8
2332.75,0.0,76758.5,,,,,0.0,0.0,0.0,0.0,22699.8
2333.75,0.0,76758.5,,,,,0.0,0.0,0.0,0.0,22699.8
2334.75,0.0,76758.5,,,,,0.0,0.0,0.0,0.0,22699.8
2335.75,0.0,76758.5,,,,,0.0,0.0,0.0,0.0,22699.8
2336.75,0.0,76758.5,,,,,0.0,0.0,0.0,0.0,22699.8
2337.75,0.0,76758.5,,,,,0.0,0.0,0.0,0.0,22699.8
2338.75,0.0,76758.5,,,,,0.0,0.0,0.0,0.0,22699.8
2339.75,0.0,76758.5,,,,,0.0,0.0,0.0,0.0,22699.8
2340.75,0.0,76758.5,,,,,0.0,0.0,0.0,0.0,22699.8
2341.75,0.0,76758.5,,,,,0.0,0.0,0.0,0.0,22699.8
2342.75,0.0,76758.5,,,,,0.0,0.0,0.0,0.0,22699.8
2343.75,0.0,76758.5,,,,,0.0,0.0,0.0,0.0,22699.8
2344.76,0.0,76758.5,,,,,0.0,0.0,0.0,0.0,22699.8
2345.76,0.0,76758.5,,,,,0.0,0.0,0.0,0.0,22699.8
2346.76,0.0,76758.5,,,,,0.0,0.0,0.0,0.0,22699.8
2347.76,0.0,76758.5,,,,,0.0,0.0,0.0,0.0,22699.8
2348.76,0.0,76758.5,,,,,0.0,0.0,0.0,0.0,22699.8
2349.76,0.0,76758.5,,,,,0.0,0.0,0.0,0.0,22699.8
2350.76,0.0,76758.5,,,,,0.0,0.0,0.0,0.0,22699.8
2351.76,0.0,76758.5,,,,,0.0,0.0,0.0,0.0,22699.8
2352.76,0.0,76758.5,,,,,0.0,0.0,0.0,0.0,22699.8
2353.76,0.0,76758.5,,,,,0.0,0.0,0.0,0.0,22699.8
2354.76,0.0,76758.5,,,,,0.0,0.0,0.0,0.0,22699.8
2355.76,0.0,76758.5,,,,,0.0,0.0,0.0,0.0,22699.8
2356.76,0.0,76758.5,,,,,0.0,0.0,0.0,0.0,22699.8
2357.76,0.0,76758.5,,,,,0.0,0.0,0.0,0.0,22699.8
2358.76,0.0,76758.5,,,,,0.0,0.0,0.0,0.0,22699.8
2359.76,0.0,76758.5,,,,,0.0,0.0,0.0,0.0,22699.8
2360.76,0.0,76758.5,,,,,0.0,0.0,0.0,0.0,22699.8
2361.76,0.0,76758.5,,,,,0.0,0.0,0.0,0.0,22699.8
2362.76,0.0,76758.5,,,,,0.0,0.0,0.0,0.0,22699.8
2363.76,0.0,76758.5,,,,,0.0,0.0,0.0,0.0,22699.8
2364.76,0.0,76758.5,,,,,0.0,0.0,0.0,0.0,22699.8
2365.76,0.0,76758.5,,,,,0.0,0.0,0.0,0.0,22699.8
2366.76,0.0,76758.5,,,,,0.0,0.0,0.0,0.0,22699.8
2367.76,0.0,76758.5,,,,,0.0,0.0,0.0,0.0,22699.8
2368.76,0.0,76758.5,,,,,0.0,0.0,0.0,0.0,22699.8
2369.76,0.0,76758.5,,,,,0.0,0.0,0.0,0.0,22699.8
2370.76,0.0,76758.5,,,,,0.0,0.0,0.0,0.0,22699.8
2371.76,0.0,76758.5,,,,,0.0,0.0,0.0,0.0,22699.8
2372.76,0.0,76758.5,,,,,0.0,0.0,0.0,0.0,22699.8
2373.76,0.0,76758.5,,,,,0.0,0.0,0.0,0.0,22699.8
2374.76,0.0,76758.5,,,,,0.0,0.0,0.0,0.0,22699.8
2375.76,0.0,76758.5,,,,,0.0,0.0,0.0,0.0,22699.8
2376.76,0.0,76758.5,,,,,0.0,0.0,0.0,0.0,22699.8
2377.76,0.0,76758.5,,,,,0.0,0.0,0.0,0.0,22699.8
2378.76,0.0,76758.5,,,,,0.0,0.0,0.0,0.0,22699.8
2379.76,0.0,76758.5,,,,,0.0,0.0,0.0,0.0,22699.8
2380.76,0.0,76758.5,,,,,0.0,0.0,0.0,0.0,22699.8
2381.76,0.0,76758.5,,,,,0.0,0.0,0.0,0.0,22699.8
2382.76,0.0,76758.5,,,,,0.0,0.0,0.0,0.0,22699.8
2383.76,0.0,76758.5,,,,,0.0,0.0,0.0,0.0,22699.8
2384.76,0.0,76758.5,,,,,0.0,0.0,0.0,0.0,22699.8
2385.76,0.0,76758.5,,,,,0.0,0.0,0.0,0.0,22699.8
2386.76,0.0,76758.5,,,,,0.0,0.0,0.0,0.0,22699.8
2387.76,0.0,76758.5,,,,,0.0,0.0,0.0,0.0,22699.8
2388.76,0.0,76758.5,,,,,0.0,0.0,0.0,0.0,22699.8
2389.76,0.0,76758.5,,,,,0.0,0.0,0.0,0.0,22699.8
2390.76,0.0,76758.5,,,,,0.0,0.0,0.0,0.0,22699.8
2391.76,0.0,76758.5,,,,,0.0,0.0,0.0,0.0,22699.8
2392.76,0.0,76758.5,,,,,0.0,0.0,0.0,0.0,22699.8
2393.76,0.0,76758.5,,,,,0.0,0.0,0.0,0.0,22699.8
2394.76,0.0,76758.5,,,,,0.0,0.0,0.0,0.0,22699.8
2395.77,0.0,76758.5,,,,,0.0,0.0,0.0,0.0,22699.8
2396.77,0.0,76758.5,,,,,0.0,0.0,0.0,0.0,22699.8
2397.77,0.0,76758.5,,,,,0.0,0.0,0.0,0.0,22699.8
2398.77,0.0,76758.5,,,,,0.0,0.0,0.0,0.0,22699.8
2399.77,0.0,76758.5,,,,,0.0,0.0,0.0,0.0,22699.8
2400.77,0.0,76758.5,,,,,0.0,0.0,0.0,0.0,22699.8
2401.77,0.0,76758.5,,,,,0.0,0.0,0.0,0.0,22699.8
2402.77,0.0,76758.5,,,,,0.0,0.0,0.0,0.0,22699.8
2403.77,0.0,76758.5,,,,,0.0,0.0,0.0,0.0,22699.8
2404.77,0.0,76758.5,,,,,0.0,0.0,0.0,0.0,22699.8
2405.77,0.0,76758.5,,,,,0.0,0.0,0.0,0.0,22699.8
2406.77,0.0,76758.5,,,,,0.0,0.0,0.0,0.0,22699.8
2407.77,0.0,76758.5,,,,,0.0,0.0,0.0,0.0,22699.8
2408.77,0.0,76758.5,,,,,0.0,0.0,0.0,0.0,22699.8
2409.77,0.0,76758.5,,,,,0.0,0.0,0.0,0.0,22699.8
2410.77,0.0,76758.5,,,,,0.0,0.0,0.0,0.0,22699.8
2411.77,0.0,76758.5,,,,,0.0,0.0,0.0,0.0,22699.8
2412.77,0.0,76758.5,,,,,0.0,0.0,0.0,0.0,22699.8
2413.77,0.0,76758.5,,,,,0.0,0.0,0.0,0.0,22699.8
2414.77,0.0,76758.5,,,,,0.0,0.0,0.0,0.0,22699.8
2415.77,0.0,76758.5,,,,,0.0,0.0,0.0,0.0,22699.8
2416.77,0.0,76758.5,,,,,0.0,0.0,0.0,0.0,22699.8
2417.77,0.0,76758.5,,,,,0.0,0.0,0.0,0.0,22699.8
2418.77,0.0,76758.5,,,,,0.0,0.0,0.0,0.0,22699.8
2419.77,0.0,76758.5,,,,,0.0,0.0,0.0,0.0,22699.8
2420.77,0.0,76758.5,,,,,0.0,0.0,0.0,0.0,22699.8
2421.77,0.0,76758.5,,,,,0.0,0.0,0.0,0.0,22699.8
2422.77,0.0,76758.5,,,,,0.0,0.0,0.0,0.0,22699.8
2423.77,0.0,76758.5,,,,,0.0,0.0,0.0,0.0,22699.8
2424.77,0.0,76758.5,,,,,0.0,0.0,0.0,0.0,22699.8
2425.77,0.0,76758.5,,,,,0.0,0.0,0.0,0.0,22699.8
2426.77,0.0,76758.5,,,,,0.0,0.0,0.0,0.0,22699.8
2427.77,0.0,76758.5,,,,,0.0,0.0,0.0,0.0,22699.8
2428.77,0.0,76758.5,,,,,0.0,0.0,0.0,0.0,22699.8
2429.77,0.0,76758.5,,,,,0.0,0.0,0.0,0.0,22699.8
2430.77,0.0,76758.5,,,,,0.0,0.0,0.0,0.0,22699.8
2431.77,0.0,76758.5,,,,,0.0,0.0,0.0,0.0,22699.8
2432.77,0.0,76758.5,,,,,0.0,0.0,0.0,0.0,22699.8
2433.77,0.0,76758.5,,,,,0.0,0.0,0.0,0.0,22699.8
2434.77,0.0,76758.5,,,,,0.0,0.0,0.0,0.0,22699.8
2435.77,0.0,76758.5,,,,,0.0,0.0,0.0,0.0,22699.8
2436.77,0.0,76758.5,,,,,0.0,0.0,0.0,0.0,22699.8
2437.77,0.0,76758.5,,,,,0.0,0.0,0.0,0.0,22699.8
2438.77,0.0,76758.5,,,,,0.0,0.0,0.0,0.0,22699.8
2439.77,0.0,76758.5,,,,,0.0,0.0,0.0,0.0,22699.8
2440.77,0.0,76758.5,,,,,0.0,0.0,0.0,0.0,22699.8
2441.77,0.0,76758.5,,,,,0.0,0.0,0.0,0.0,22699.8
2442.77,0.0,76758.5,,,,,0.0,0.0,0.0,0.0,22699.8
2443.77,0.0,76758.5,,,,,0.0,0.0,0.0,0.0,22699.8
2444.77,0.0,76758.5,,,,,0.0,0.0,0.0,0.0,22699.8
2445.77,0.0,76758.5,,,,,0.0,0.0,0.0,0.0,22699.8
2446.77,0.0,76758.5,,,,,0.0,0.0,0.0,0.0,22699.8
2447.77,0.0,76758.5,,,,,0.0,0.0,0.0,0.0,22699.8
2448.78,0.0,76758.5,,,,,0.0,0.0,0.0,0.0,22699.8
2449.78,0.0,76758.5,,,,,0.0,0.0,0.0,0.0,22699.8
2450.78,0.0,76758.5,,,,,0.0,0.0,0.0,0.0,22699.8
2451.78,0.0,76758.5,,,,,0.0,0.0,0.0,0.0,22699.8
2452.78,0.0,76758.5,,,,,0.0,0.0,0.0,0.0,22699.8
2453.78,0.0,76758.5,,,,,0.0,0.0,0.0,0.0,22699.8
2454.78,0.0,76758.5,,,,,0.0,0.0,0.0,0.0,22699.8
2455.78,0.0,76758.5,,,,,0.0,0.0,0.0,0.0,22699.8
2456.78,0.0,76758.5,,,,,0.0,0.0,0.0,0.0,22699.8
2457.78,0.0,76758.5,,,,,0.0,0.0,0.0,0.0,22699.8
2458.78,0.0,76758.5,,,,,0.0,0.0,0.0,0.0,22699.8
2459.78,0.0,76758.5,,,,,0.0,0.0,0.0,0.0,22699.8
2460.78,0.0,76758.5,,,,,0.0,0.0,0.0,0.0,22699.8
2461.78,0.0,76758.5,,,,,0.0,0.0,0.0,0.0,22699.8
2462.78,0.0,76758.5,,,,,0.0,0.0,0.0,0.0,22699.8
2463.78,0.0,76758.5,,,,,0.0,0.0,0.0,0.0,22699.8
2464.78,0.0,76758.5,,,,,0.0,0.0,0.0,0.0,22699.8
2465.78,0.0,76758.5,,,,,0.0,0.0,0.0,0.0,22699.8
2466.78,0.0,76758.5,,,,,0.0,0.0,0.0,0.0,22699.8
2467.78,0.0,76758.5,,,,,0.0,0.0,0.0,0.0,22699.8
2468.78,0.0,76758.5,,,,,0.0,0.0,0.0,0.0,22699.8
2469.78,0.0,76758.5,,,,,0.0,0.0,0.0,0.0,22699.8
2470.78,0.0,76758.5,,,,,0.0,0.0,0.0,0.0,22699.8
2471.78,0.0,76758.5,,,,,0.0,0.0,0.0,0.0,22699.8
2472.78,0.0,76758.5,,,,,0.0,0.0,0.0,0.0,22699.8
2473.78,0.0,76758.5,,,,,0.0,0.0,0.0,0.0,22699.8
2474.78,0.0,76758.5,,,,,0.0,0.0,0.0,0.0,22699.8
2475.78,0.0,76758.5,,,,,0.0,0.0,0.0,0.0,22699.8
2476.78,0.0,76758.5,,,,,0.0,0.0,0.0,0.0,22699.8
2477.78,0.0,76758.5,,,,,0.0,0.0,0.0,0.0,22699.8
2478.78,0.0,76758.5,,,,,0.0,0.0,0.0,0.0,22699.8
2479.78,0.0,76758.5,,,,,0.0,0.0,0.0,0.0,22699.8
2480.78,0.0,76758.5,,,,,0.0,0.0,0.0,0.0,22699.8
2481.78,0.0,76758.5,,,,,0.0,0.0,0.0,0.0,22699.8
2482.78,0.0,76758.5,,,,,0.0,0.0,0.0,0.0,22699.8
2483.78,0.0,76758.5,,,,,0.0,0.0,0.0,0.0,22699.8
2484.78,0.0,76758.5,,,,,0.0,0.0,0.0,0.0,22699.8
2485.78,0.0,76758.5,,,,,0.0,0.0,0.0,0.0,22699.8
2486.78,0.0,76758.5,,,,,0.0,0.0,0.0,0.0,22699.8
2487.78,0.0,76758.5,,,,,0.0,0.0,0.0,0.0,22699.8
2488.78,0.0,76758.5,,,,,0.0,0.0,0.0,0.0,22699.8
2489.78,0.0,76758.5,,,,,0.0,0.0,0.0,0.0,22699.8
2490.78,0.0,76758.5,,,,,0.0,0.0,0.0,0.0,22699.8
2491.78,0.0,76758.5,,,,,0.0,0.0,0.0,0.0,22699.8
2492.78,0.0,76758.5,,,,,0.0,0.0,0.0,0.0,22699.8
2493.78,0.0,76758.5,,,,,0.0,0.0,0.0,0.0,22699.8
2494.78,0.0,76758.5,,,,,0.0,0.0,0.0,0.0,22699.8
2495.78,0.0,76758.5,,,,,0.0,0.0,0.0,0.0,22699.8
2496.78,0.0,76758.5,,,,,0.0,0.0,0.0,0.0,22699.8
2497.78,0.0,76758.5,,,,,0.0,0.0,0.0,0.0,22699.8
2498.78,0.0,76758.5,,,,,0.0,0.0,0.0,0.0,22699.8
2499.78,0.0,76758.5,,,,,0.0,0.0,0.0,0.0,22699.8
2500.79,0.0,76758.5,,,,,0.0,0.0,0.0,0.0,22699.8
2501.79,0.0,76758.5,,,,,0.0,0.0,0.0,0.0,22699.8
2502.79,0.0,76758.5,,,,,0.0,0.0,0.0,0.0,22699.8
2503.79,0.0,76758.5,,,,,0.0,0.0,0.0,0.0,22699.8
2504.79,0.0,76758.5,,,,,0.0,0.0,0.0,0.0,22699.8
2505.79,0.0,76758.5,,,,,0.0,0.0,0.0,0.0,22699.8
2506.79,0.0,76758.5,,,,,0.0,0.0,0.0,0.0,22699.8
2507.79,0.0,76758.5,,,,,0.0,0.0,0.0,0.0,22699.8
2508.79,0.0,76758.5,,,,,0.0,0.0,0.0,0.0,22699.8
2509.79,0.0,76758.5,,,,,0.0,0.0,0.0,0.0,22699.8
2510.79,0.0,76758.5,,,,,0.0,0.0,0.0,0.0,22699.8
2511.79,0.0,76758.5,,,,,0.0,0.0,0.0,0.0,22699.8
2512.79,0.0,76758.5,,,,,0.0,0.0,0.0,0.0,22699.8
2513.79,0.0,76758.5,,,,,0.0,0.0,0.0,0.0,22699.8
2514.79,0.0,76758.5,,,,,0.0,0.0,0.0,0.0,22699.8
2515.79,0.0,76758.5,,,,,0.0,0.0,0.0,0.0,22699.8
2516.79,0.0,76758.5,,,,,0.0,0.0,0.0,0.0,22699.8
2517.79,0.0,76758.5,,,,,0.0,0.0,0.0,0.0,22699.8
2518.79,0.0,76758.5,,,,,0.0,0.0,0.0,0.0,22699.8
2519.79,0.0,76758.5,,,,,0.0,0.0,0.0,0.0,22699.8
2520.79,0.0,76758.5,,,,,0.0,0.0,0.0,0.0,22699.8
2521.79,0.0,76758.5,,,,,0.0,0.0,0.0,0.0,22699.8
2522.79,0.0,76758.5,,,,,0.0,0.0,0.0,0.0,22699.8
2523.79,0.0,76758.5,,,,,0.0,0.0,0.0,0.0,22699.8
2524.79,0.0,76758.5,,,,,0.0,0.0,0.0,0.0,22699.8
2525.79,0.0,76758.5,,,,,0.0,0.0,0.0,0.0,22699.8
2526.79,0.0,76758.5,,,,,0.0,0.0,0.0,0.0,22699.8
2527.79,0.0,76758.5,,,,,0.0,0.0,0.0,0.0,22699.8
2528.79,0.0,76758.5,,,,,0.0,0.0,0.0,0.0,22699.8
2529.79,0.0,76758.5,,,,,0.0,0.0,0.0,0.0,22699.8
2530.79,0.0,76758.5,,,,,0.0,0.0,0.0,0.0,22699.8
2531.79,0.0,76758.5,,,,,0.0,0.0,0.0,0.0,22699.8
2532.79,0.0,76758.5,,,,,0.0,0.0,0.0,0.0,22699.8
2533.79,0.0,76758.5,,,,,0.0,0.0,0.0,0.0,22699.8
2534.79,0.0,76758.5,,,,,0.0,0.0,0.0,0.0,22699.8
2535.79,0.0,76758.5,,,,,0.0,0.0,0.0,0.0,22699.8
2536.79,0.0,76758.5,,,,,0.0,0.0,0.0,0.0,22699.8
2537.79,0.0,76758.5,,,,,0.0,0.0,0.0,0.0,22699.8
2538.79,0.0,76758.5,,,,,0.0,0.0,0.0,0.0,22699.8
2539.79,0.0,76758.5,,,,,0.0,0.0,0.0,0.0,22699.8
2540.79,0.0,76758.5,,,,,0.0,0.0,0.0,0.0,22699.8
2541.79,0.0,76758.5,,,,,0.0,0.0,0.0,0.0,22699.8
2542.79,0.0,76758.5,,,,,0.0,0.0,0.0,0.0,22699.8
2543.79,0.0,76758.5,,,,,0.0,0.0,0.0,0.0,22699.8
2544.79,0.0,76758.5,,,,,0.0,0.0,0.0,0.0,22699.8
2545.79,0.0,76758.5,,,,,0.0,0.0,0.0,0.0,22699.8
2546.79,0.0,76758.5,,,,,0.0,0.0,0.0,0.0,22699.8
2547.79,0.0,76758.5,,,,,0.0,0.0,0.0,0.0,22699.8
2548.79,0.0,76758.5,,,,,0.0,0.0,0.0,0.0,22699.8
2549.79,0.0,76758.5,,,,,0.0,0.0,0.0,0.0,22699.8
2550.8,0.0,76758.5,,,,,0.0,0.0,0.0,0.0,22699.8
2551.8,0.0,76758.5,,,,,0.0,0.0,0.0,0.0,22699.8
2552.8,0.0,76758.5,,,,,0.0,0.0,0.0,0.0,22699.8
2553.8,0.0,76758.5,,,,,0.0,0.0,0.0,0.0,22699.8
2554.8,0.0,76758.5,,,,,0.0,0.0,0.0,0.0,22699.8
2555.8,0.0,76758.5,,,,,0.0,0.0,0.0,0.0,22699.8
2556.8,0.0,76758.5,,,,,0.0,0.0,0.0,0.0,22699.8
2557.8,0.0,76758.5,,,,,0.0,0.0,0.0,0.0,22699.8
2558.8,0.0,76758.5,,,,,0.0,0.0,0.0,0.0,22699.8
2559.8,0.0,76758.5,,,,,0.0,0.0,0.0,0.0,22699.8
2560.8,0.0,76758.5,,,,,0.0,0.0,0.0,0.0,22699.8
2561.8,0.0,76758.5,,,,,0.0,0.0,0.0,0.0,22699.8
2562.8,0.0,76758.5,,,,,0.0,0.0,0.0,0.0,22699.8
2563.8,0.0,76758.5,,,,,0.0,0.0,0.0,0.0,22699.8
2564.8,0.0,76758.5,,,,,0.0,0.0,0.0,0.0,22699.8
2565.8,0.0,76758.5,,,,,0.0,0.0,0.0,0.0,22699.8
2566.8,0.0,76758.5,,,,,0.0,0.0,0.0,0.0,22699.8
2567.8,0.0,76758.5,,,,,0.0,0.0,0.0,0.0,22699.8
2568.8,0.0,76758.5,,,,,0.0,0.0,0.0,0.0,22699.8
2569.8,0.0,76758.5,,,,,0.0,0.0,0.0,0.0,22699.8
2570.8,0.0,76758.5,,,,,0.0,0.0,0.0,0.0,22699.8
2571.8,0.0,76758.5,,,,,0.0,0.0,0.0,0.0,22699.8
2572.8,0.0,76758.5,,,,,0.0,0.0,0.0,0.0,22699.8
2573.8,0.0,76758.5,,,,,0.0,0.0,0.0,0.0,22699.8
2574.8,0.0,76758.5,,,,,0.0,0.0,0.0,0.0,22699.8
2575.8,0.0,76758.5,,,,,0.0,0.0,0.0,0.0,22699.8
2576.8,0.0,76758.5,,,,,0.0,0.0,0.0,0.0,22699.8
2577.8,0.0,76758.5,,,,,0.0,0.0,0.0,0.0,22699.8
2578.8,0.0,76758.5,,,,,0.0,0.0,0.0,0.0,22699.8
2579.8,0.0,76758.5,,,,,0.0,0.0,0.0,0.0,22699.8
2580.8,0.0,76758.5,,,,,0.0,0.0,0.0,0.0,22699.8
2581.8,0.0,76758.5,,,,,0.0,0.0,0.0,0.0,22699.8
2582.8,0.0,76758.5,,,,,0.0,0.0,0.0,0.0,22699.8
2583.8,0.0,76758.5,,,,,0.0,0.0,0.0,0.0,22699.8
2584.8,0.0,76758.5,,,,,0.0,0.0,0.0,0.0,22699.8
2585.8,0.0,76758.5,,,,,0.0,0.0,0.0,0.0,22699.8
2586.8,0.0,76758.5,,,,,0.0,0.0,0.0,0.0,22699.8
2587.8,0.0,76758.5,,,,,0.0,0.0,0.0,0.0,22699.8
2588.8,0.0,76758.5,,,,,0.0,0.0,0.0,0.0,22699.8
2589.8,0.0,76758.5,,,,,0.0,0.0,0.0,0.0,22699.8
2590.8,0.0,76758.5,,,,,0.0,0.0,0.0,0.0,22699.8
2591.8,0.0,76758.5,,,,,0.0,0.0,0.0,0.0,22699.8
2592.8,0.0,76758.5,,,,,0.0,0.0,0.0,0.0,22699.8
2593.8,0.0,76758.5,,,,,0.0,0.0,0.0,0.0,22699.8
2594.8,0.0,76758.5,,,,,0.0,0.0,0.0,0.0,22699.8
2595.8,0.0,76758.5,,,,,0.0,0.0,0.0,0.0,22699.8
2596.8,0.0,76758.5,,,,,0.0,0.0,0.0,0.0,22699.8
2597.8,0.0,76758.5,,,,,0.0,0.0,0.0,0.0,22699.8
2598.8,0.0,76758.5,,,,,0.0,0.0,0.0,0.0,22699.8
2599.8,0.0,76758.5,,,,,0.0,0.0,0.0,0.0,22699.8
2600.8,0.0,76758.5,,,,,0.0,0.0,0.0,0.0,22699.8
2601.8,0.0,76758.5,,,,,0.0,0.0,0.0,0.0,22699.8
2602.81,0.0,76758.5,,,,,0.0,0.0,0.0,0.0,22699.8
2603.81,0.0,76758.5,,,,,0.0,0.0,0.0,0.0,22699.8
2604.81,0.0,76758.5,,,,,0.0,0.0,0.0,0.0,22699.8
2605.81,0.0,76758.5,,,,,0.0,0.0,0.0,0.0,22699.8
2606.81,0.0,76758.5,,,,,0.0,0.0,0.0,0.0,22699.8
2607.81,0.0,76758.5,,,,,0.0,0.0,0.0,0.0,22699.8
2608.81,0.0,76758.5,,,,,0.0,0.0,0.0,0.0,22699.8
2609.81,0.0,76758.5,,,,,0.0,0.0,0.0,0.0,22699.8
2610.81,0.0,76758.5,,,,,0.0,0.0,0.0,0.0,22699.8
2611.81,0.0,76758.5,,,,,0.0,0.0,0.0,0.0,22699.8
2612.81,0.0,76758.5,,,,,0.0,0.0,0.0,0.0,22699.8
2613.81,0.0,76758.5,,,,,0.0,0.0,0.0,0.0,22699.8
2614.81,0.0,76758.5,,,,,0.0,0.0,0.0,0.0,22699.8
2615.81,0.0,76758.5,,,,,0.0,0.0,0.0,0.0,22699.8
2616.81,0.0,76758.5,,,,,0.0,0.0,0.0,0.0,22699.8
2617.81,0.0,76758.5,,,,,0.0,0.0,0.0,0.0,22699.8
2618.81,0.0,76758.5,,,,,0.0,0.0,0.0,0.0,22699.8
2619.81,0.0,76758.5,,,,,0.0,0.0,0.0,0.0,22699.8
2620.81,0.0,76758.5,,,,,0.0,0.0,0.0,0.0,22699.8
2621.81,0.0,76758.5,,,,,0.0,0.0,0.0,0.0,22699.8
2622.81,0.0,76758.5,,,,,0.0,0.0,0.0,0.0,22699.8
2623.81,0.0,76758.5,,,,,0.0,0.0,0.0,0.0,22699.8
2624.81,0.0,76758.5,,,,,0.0,0.0,0.0,0.0,22699.8
2625.81,0.0,76758.5,,,,,0.0,0.0,0.0,0.0,22699.8
2626.81,0.0,76758.5,,,,,0.0,0.0,0.0,0.0,22699.8
2627.81,0.0,76758.5,,,,,0.0,0.0,0.0,0.0,22699.8
2628.81,0.0,76758.5,,,,,0.0,0.0,0.0,0.0,22699.8
2629.81,0.0,76758.5,,,,,0.0,0.0,0.0,0.0,22699.8
2630.81,0.0,76758.5,,,,,0.0,0.0,0.0,0.0,22699.8
2631.81,0.0,76758.5,,,,,0.0,0.0,0.0,0.0,22699.8
2632.81,0.0,76758.5,,,,,0.0,0.0,0.0,0.0,22699.8
2633.81,0.0,76758.5,,,,,0.0,0.0,0.0,0.0,22699.8
2634.81,0.0,76758.5,,,,,0.0,0.0,0.0,0.0,22699.8
2635.81,0.0,76758.5,,,,,0.0,0.0,0.0,0.0,22699.8
2636.81,0.0,76758.5,,,,,0.0,0.0,0.0,0.0,22699.8
2637.81,0.0,76758.5,,,,,0.0,0.0,0.0,0.0,22699.8
2638.81,0.0,76758.5,,,,,0.0,0.0,0.0,0.0,22699.8
2639.81,0.0,76758.5,,,,,0.0,0.0,0.0,0.0,22699.8
2640.81,0.0,76758.5,,,,,0.0,0.0,0.0,0.0,22699.8
2641.81,0.0,76758.5,,,,,0.0,0.0,0.0,0.0,22699.8
2642.81,0.0,76758.5,,,,,0.0,0.0,0.0,0.0,22699.8
2643.81,0.0,76758.5,,,,,0.0,0.0,0.0,0.0,22699.8
2644.81,0.0,76758.5,,,,,0.0,0.0,0.0,0.0,22699.8
2645.81,0.0,76758.5,,,,,0.0,0.0,0.0,0.0,22699.8
2646.81,0.0,76758.5,,,,,0.0,0.0,0.0,0.0,22699.8
2647.81,0.0,76758.5,,,,,0.0,0.0,0.0,0.0,22699.8
2648.81,0.0,76758.5,,,,,0.0,0.0,0.0,0.0,22699.8
2649.81,0.0,76758.5,,,,,0.0,0.0,0.0,0.0,22699.8
2650.81,0.0,76758.5,,,,,0.0,0.0,0.0,0.0,22699.8
2651.82,0.0,76758.5,,,,,0.0,0.0,0.0,0.0,22699.8
2652.82,0.0,76758.5,,,,,0.0,0.0,0.0,0.0,22699.8
2653.82,0.0,76758.5,,,,,0.0,0.0,0.0,0.0,22699.8
2654.82,0.0,76758.5,,,,,0.0,0.0,0.0,0.0,22699.8
2655.82,0.0,76758.5,,,,,0.0,0.0,0.0,0.0,22699.8
2656.82,0.0,76758.5,,,,,0.0,0.0,0.0,0.0,22699.8
2657.82,0.0,76758.5,,,,,0.0,0.0,0.0,0.0,22699.8
2658.82,0.0,76758.5,,,,,0.0,0.0,0.0,0.0,22699.8
2659.82,0.0,76758.5,,,,,0.0,0.0,0.0,0.0,22699.8
2660.82,0.0,76758.5,,,,,0.0,0.0,0.0,0.0,22699.8
2661.82,0.0,76758.5,,,,,0.0,0.0,0.0,0.0,22699.8
2662.82,0.0,76758.5,,,,,0.0,0.0,0.0,0.0,22699.8
2663.82,0.0,76758.5,,,,,0.0,0.0,0.0,0.0,22699.8
2664.82,0.0,76758.5,,,,,0.0,0.0,0.0,0.0,22699.8
2665.82,0.0,76758.5,,,,,0.0,0.0,0.0,0.0,22699.8
2666.82,0.0,76758.5,,,,,0.0,0.0,0.0,0.0,22699.8
2667.82,0.0,76758.5,,,,,0.0,0.0,0.0,0.0,22699.8
2668.82,0.0,76758.5,,,,,0.0,0.0,0.0,0.0,22699.8
2669.82,0.0,76758.5,,,,,0.0,0.0,0.0,0.0,22699.8
2670.82,0.0,76758.5,,,,,0.0,0.0,0.0,0.0,22699.8
2671.82,0.0,76758.5,,,,,0.0,0.0,0.0,0.0,22699.8
2672.82,0.0,76758.5,,,,,0.0,0.0,0.0,0.0,22699.8
2673.82,0.0,76758.5,,,,,0.0,0.0,0.0,0.0,22699.8
2674.82,0.0,76758.5,,,,,0.0,0.0,0.0,0.0,22699.8
2675.82,0.0,76758.5,,,,,0.0,0.0,0.0,0.0,22699.8
2676.82,0.0,76758.5,,,,,0.0,0.0,0.0,0.0,22699.8
2677.82,0.0,76758.5,,,,,0.0,0.0,0.0,0.0,22699.8
2678.82,0.0,76758.5,,,,,0.0,0.0,0.0,0.0,22699.8
2679.82,0.0,76758.5,,,,,0.0,0.0,0.0,0.0,22699.8
2680.82,0.0,76758.5,,,,,0.0,0.0,0.0,0.0,22699.8
2681.82,0.0,76758.5,,,,,0.0,0.0,0.0,0.0,22699.8
2682.82,0.0,76758.5,,,,,0.0,0.0,0.0,0.0,22699.8
2683.82,0.0,76758.5,,,,,0.0,0.0,0.0,0.0,22699.8
2684.82,0.0,76758.5,,,,,0.0,0.0,0.0,0.0,22699.8
2685.82,0.0,76758.5,,,,,0.0,0.0,0.0,0.0,22699.8
2686.82,0.0,76758.5,,,,,0.0,0.0,0.0,0.0,22699.8
2687.82,0.0,76758.5,,,,,0.0,0.0,0.0,0.0,22699.8
2688.82,0.0,76758.5,,,,,0.0,0.0,0.0,0.0,22699.8
2689.82,0.0,76758.5,,,,,0.0,0.0,0.0,0.0,22699.8
2690.82,0.0,76758.5,,,,,0.0,0.0,0.0,0.0,22699.8
2691.82,0.0,76758.5,,,,,0.0,0.0,0.0,0.0,22699.8
2692.82,0.0,76758.5,,,,,0.0,0.0,0.0,0.0,22699.8
2693.82,0.0,76758.5,,,,,0.0,0.0,0.0,0.0,22699.8
2694.82,0.0,76758.5,,,,,0.0,0.0,0.0,0.0,22699.8
2695.82,0.0,76758.5,,,,,0.0,0.0,0.0,0.0,22699.8
2696.82,0.0,76758.5,,,,,0.0,0.0,0.0,0.0,22699.8
2697.82,0.0,76758.5,,,,,0.0,0.0,0.0,0.0,22699.8
2698.82,0.0,76758.5,,,,,0.0,0.0,0.0,0.0,22699.8
2699.82,0.0,76758.5,,,,,0.0,0.0,0.0,0.0,22699.8
2700.82,0.0,76758.5,,,,,0.0,0.0,0.0,0.0,22699.8
2701.82,0.0,76758.5,,,,,0.0,0.0,0.0,0.0,22699.8
2702.83,0.0,76758.5,,,,,0.0,0.0,0.0,0.0,22699.8
2703.83,0.0,76758.5,,,,,0.0,0.0,0.0,0.0,22699.8
2704.83,0.0,76758.5,,,,,0.0,0.0,0.0,0.0,22699.8
2705.83,0.0,76758.5,,,,,0.0,0.0,0.0,0.0,22699.8
2706.83,0.0,76758.5,,,,,0.0,0.0,0.0,0.0,22699.8
2707.83,0.0,76758.5,,,,,0.0,0.0,0.0,0.0,22699.8
2708.83,0.0,76758.5,,,,,0.0,0.0,0.0,0.0,22699.8
2709.83,0.0,76758.5,,,,,0.0,0.0,0.0,0.0,22699.8
2710.83,0.0,76758.5,,,,,0.0,0.0,0.0,0.0,22699.8
2711.83,0.0,76758.5,,,,,0.0,0.0,0.0,0.0,22699.8
2712.83,0.0,76758.5,,,,,0.0,0.0,0.0,0.0,22699.8
2713.83,0.0,76758.5,,,,,0.0,0.0,0.0,0.0,22699.8
2714.83,0.0,76758.5,,,,,0.0,0.0,0.0,0.0,22699.8
2715.83,0.0,76758.5,,,,,0.0,0.0,0.0,0.0,22699.8
2716.83,0.0,76758.5,,,,,0.0,0.0,0.0,0.0,22699.8
2717.83,0.0,76758.5,,,,,0.0,0.0,0.0,0.0,22699.8
2718.83,0.0,76758.5,,,,,0.0,0.0,0.0,0.0,22699.8
2719.83,0.0,76758.5,,,,,0.0,0.0,0.0,0.0,22699.8
2720.83,0.0,76758.5,,,,,0.0,0.0,0.0,0.0,22699.8
2721.83,0.0,76758.5,,,,,0.0,0.0,0.0,0.0,22699.8
2722.83,0.0,76758.5,,,,,0.0,0.0,0.0,0.0,22699.8
2723.83,0.0,76758.5,,,,,0.0,0.0,0.0,0.0,22699.8
2724.83,0.0,76758.5,,,,,0.0,0.0,0.0,0.0,22699.8
2725.83,0.0,76758.5,,,,,0.0,0.0,0.0,0.0,22699.8
2726.83,0.0,76758.5,,,,,0.0,0.0,0.0,0.0,22699.8
2727.83,0.0,76758.5,,,,,0.0,0.0,0.0,0.0,22699.8
2728.83,0.0,76758.5,,,,,0.0,0.0,0.0,0.0,22699.8
2729.83,0.0,76758.5,,,,,0.0,0.0,0.0,0.0,22699.8
2730.83,0.0,76758.5,,,,,0.0,0.0,0.0,0.0,22699.8
2731.83,0.0,76758.5,,,,,0.0,0.0,0.0,0.0,22699.8
2732.83,0.0,76758.5,,,,,0.0,0.0,0.0,0.0,22699.8
2733.83,0.0,76758.5,,,,,0.0,0.0,0.0,0.0,22699.8
2734.83,0.0,76758.5,,,,,0.0,0.0,0.0,0.0,22699.8
2735.83,0.0,76758.5,,,,,0.0,0.0,0.0,0.0,22699.8
2736.83,0.0,76758.5,,,,,0.0,0.0,0.0,0.0,22699.8
2737.83,0.0,76758.5,,,,,0.0,0.0,0.0,0.0,22699.8
2738.83,0.0,76758.5,,,,,0.0,0.0,0.0,0.0,22699.8
2739.83,0.0,76758.5,,,,,0.0,0.0,0.0,0.0,22699.8
2740.83,0.0,76758.5,,,,,0.0,0.0,0.0,0.0,22699.8
2741.83,0.0,76758.5,,,,,0.0,0.0,0.0,0.0,22699.8
2742.83,0.0,76758.5,,,,,0.0,0.0,0.0,0.0,22699.8
2743.83,0.0,76758.5,,,,,0.0,0.0,0.0,0.0,22699.8
2744.83,0.0,76758.5,,,,,0.0,0.0,0.0,0.0,22699.8
2745.83,0.0,76758.5,,,,,0.0,0.0,0.0,0.0,22699.8
2746.83,0.0,76758.5,,,,,0.0,0.0,0.0,0.0,22699.8
2747.84,0.0,76758.5,,,,,0.0,0.0,0.0,0.0,22699.8
2748.84,0.0,76758.5,,,,,0.0,0.0,0.0,0.0,22699.8
2749.84,0.0,76758.5,,,,,0.0,0.0,0.0,0.0,22699.8
2750.84,0.0,76758.5,,,,,0.0,0.0,0.0,0.0,22699.8
2751.84,0.0,76758.5,,,,,0.0,0.0,0.0,0.0,22699.8
2752.84,0.0,76758.5,,,,,0.0,0.0,0.0,0.0,22699.8
2753.84,0.0,76758.5,,,,,0.0,0.0,0.0,0.0,22699.8
2754.84,0.0,76758.5,,,,,0.0,0.0,0.0,0.0,22699.8
2755.84,0.0,76758.5,,,,,0.0,0.0,0.0,0.0,22699.8
2756.84,0.0,76758.5,,,,,0.0,0.0,0.0,0.0,22699.8
2757.84,0.0,76758.5,,,,,0.0,0.0,0.0,0.0,22699.8
2758.84,0.0,76758.5,,,,,0.0,0.0,0.0,0.0,22699.8
2759.84,0.0,76758.5,,,,,0.0,0.0,0.0,0.0,22699.8
2760.84,0.0,76758.5,,,,,0.0,0.0,0.0,0.0,22699.8
2761.84,0.0,76758.5,,,,,0.0,0.0,0.0,0.0,22699.8
2762.84,0.0,76758.5,,,,,0.0,0.0,0.0,0.0,22699.8
2763.84,0.0,76758.5,,,,,0.0,0.0,0.0,0.0,22699.8
2764.84,0.0,76758.5,,,,,0.0,0.0,0.0,0.0,22990.4
2765.84,0.0,76888.7,,,,,0.0,0.0,0.0,0.0,23423.0
2766.84,0.0,76888.7,,,,,0.0,0.0,0.0,0.0,23423.6
2767.84,0.0,76888.7,,,,,0.0,0.0,0.0,0.0,23423.6
2768.84,0.0,76888.7,,,,,0.0,0.0,0.0,0.0,23905.9
2769.84,0.0,76959.3,,,,,0.0,0.0,0.0,0.0,25558.3
2770.84,2.09,77279.4,,,,,2.09,2.09,2.1,2.09,23782.0
2771.84,0.0,77280.0,,,,,0.0,0.0,0.0,0.0,23826.4
2772.84,0.0,77280.0,,,,,0.0,0.0,0.0,0.0,23791.0
2773.84,100.0,77280.0,,,,,100.0,100.0,100.0,100.0,23778.5
2774.84,0.0,77313.5,,,,,0.0,0.0,0.0,0.0,23823.7
2775.84,100.0,77280.0,,,,,100.0,100.0,100.0,100.0,23789.0
2776.84,0.0,77324.6,,,,,0.0,0.0,0.0,0.0,23815.6
2777.84,100.0,77291.1,,,,,100.0,100.0,100.0,100.0,23815.8
2778.84,0.0,77324.6,,,,,0.0,0.0,0.0,0.0,23790.4
2779.84,100.0,77324.6,,,,,100.0,100.0,100.0,100.0,23772.1
2780.84,100.0,77280.0,,,,,100.0,100.0,100.0,100.0,23803.1
2781.84,0.0,77324.6,,,,,0.0,0.0,0.0,0.0,23787.1
2782.84,100.0,77324.6,,,,,100.0,100.0,100.0,100.0,23830.4
2783.84,0.0,77751.4,,,,,0.0,0.0,0.0,0.0,23856.5
2784.84,100.0,77706.6,,,,,100.0,100.0,100.0,100.0,23856.5
2785.84,0.0,77706.6,,,,,0.0,0.0,0.0,0.0,23856.5
2786.84,100.0,77279.4,,,,,100.0,100.0,100.0,100.0,23792.0
2787.84,0.0,77280.0,,,,,0.0,0.0,0.0,0.0,23835.2
2788.84,0.0,77280.0,,,,,0.0,0.0,0.0,0.0,23806.4
2789.85,100.0,77280.0,,,,,100.0,100.0,100.0,100.0,23789.3
2790.85,0.0,77324.6,,,,,0.0,0.0,0.0,0.0,23773.0
2791.85,100.0,77280.0,,,,,100.0,100.0,100.0,100.0,23801.7
2792.85,0.0,77324.6,,,,,0.0,0.0,0.0,0.0,23789.1
2793.85,100.0,77324.6,,,,,100.0,100.0,100.0,100.0,23833.7
2794.85,100.0,77280.0,,,,,100.0,100.0,100.0,100.0,23801.8
2795.85,0.0,77324.6,,,,,0.0,0.0,0.0,0.0,23784.8
2796.85,100.0,77302.3,,,,,100.0,100.0,100.0,100.0,23825.1
2797.85,0.0,77324.6,,,,,0.0,0.0,0.0,0.0,23798.1
2798.85,100.0,77644.7,,,,,100.0,100.0,100.0,100.0,23852.7
2799.85,0.0,77751.4,,,,,0.0,0.0,0.0,0.0,23859.2
2800.85,100.0,77706.6,,,,,100.0,100.0,100.0,100.0,23859.2
2801.85,0.0,77706.6,,,,,0.0,0.0,0.0,0.0,23859.2
2802.85,100.0,77279.4,,,,,100.0,100.0,100.0,100.0,23794.0
2803.85,0.0,77280.0,,,,,0.0,0.0,0.0,0.0,23839.9
2804.85,0.0,77280.0,,,,,0.0,0.0,0.0,0.0,23822.6
2805.85,100.0,77280.0,,,,,100.0,100.0,100.0,100.0,23795.1
2806.85,0.0,77324.6,,,,,0.0,0.0,0.0,0.0,23778.5
2807.85,100.0,77280.0,,,,,100.0,100.0,100.0,100.0,23807.1
2808.85,100.0,77280.0,,,,,100.0,100.0,100.0,100.0,23794.9
2809.85,0.0,77313.5,,,,,0.0,0.0,0.0,0.0,23836.6
2810.85,100.0,77280.0,,,,,100.0,100.0,100.0,100.0,23804.9
2811.85,0.0,77324.6,,,,,0.0,0.0,0.0,0.0,23788.8
2812.85,100.0,77302.3,,,,,100.0,100.0,100.0,100.0,23828.9
2813.85,0.0,77324.6,,,,,0.0,0.0,0.0,0.0,23803.0
2814.85,100.0,77644.6,,,,,100.0,100.0,100.0,100.0,23855.4
2815.85,0.0,77751.4,,,,,0.0,0.0,0.0,0.0,23862.0
2816.85,100.0,77706.6,,,,,100.0,100.0,100.0,100.0,23862.0
2817.85,100.0,77279.4,,,,,100.0,100.0,100.0,100.0,23775.4
2818.85,0.0,77279.4,,,,,0.0,0.0,0.0,0.0,23801.4
2819.85,0.0,77280.0,,,,,0.0,0.0,0.0,0.0,23791.6
2820.85,0.0,77313.5,,,,,0.0,0.0,0.0,0.0,23838.9
2821.85,100.0,77280.0,,,,,100.0,100.0,100.0,100.0,23801.9
2822.85,0.0,77324.6,,,,,0.0,0.0,0.0,0.0,23787.3
2823.85,100.0,77291.1,,,,,100.0,100.0,100.0,100.0,23825.1
2824.85,100.0,77280.0,,,,,100.0,100.0,100.0,100.0,23801.0
2825.85,0.0,77324.6,,,,,0.0,0.0,0.0,0.0,23828.3
2826.85,100.0,77291.1,,,,,100.0,100.0,100.0,100.0,23820.7
2827.85,0.0,77324.6,,,,,0.0,0.0,0.0,0.0,23798.0
2828.85,100.0,77302.3,,,,,100.0,100.0,100.0,100.0,23805.1
2829.85,0.0,77335.8,,,,,0.0,0.0,0.0,0.0,23821.0
2830.85,100.0,77644.5,,,,,100.0,100.0,100.0,100.0,23858.5
2831.85,100.0,77706.6,,,,,100.0,100.0,100.0,100.0,23865.2
2832.85,0.0,77706.6,,,,,0.0,0.0,0.0,0.0,23865.2
2833.85,100.0,77279.4,,,,,100.0,100.0,100.0,100.0,23838.9
2834.85,0.0,77279.4,,,,,0.0,0.0,0.0,0.0,23811.0
2835.85,0.0,77280.0,,,,,0.0,0.0,0.0,0.0,23798.1
2836.85,0.0,77324.6,,,,,0.0,0.0,0.0,0.0,23844.2
2837.85,100.0,77280.0,,,,,100.0,100.0,100.0,100.0,23810.8
2838.86,100.0,77280.0,,,,,100.0,100.0,100.0,100.0,23796.4
2839.86,0.0,77313.5,,,,,0.0,0.0,0.0,0.0,23838.8
2840.86,100.0,77280.0,,,,,100.0,100.0,100.0,100.0,23808.1
2841.86,0.0,77324.6,,,,,0.0,0.0,0.0,0.0,23795.3
2842.86,100.0,77291.1,,,,,100.0,100.0,100.0,100.0,23833.8
2843.86,0.0,77324.6,,,,,0.0,0.0,0.0,0.0,23806.8
2844.86,100.0,77324.6,,,,,100.0,100.0,100.0,100.0,23803.3
2845.86,0.0,77324.6,,,,,0.0,0.0,0.0,0.0,23819.9
2846.86,100.0,77751.4,,,,,100.0,100.0,100.0,100.0,23867.5
2847.86,100.0,77706.6,,,,,100.0,100.0,100.0,100.0,23867.5
2848.86,0.0,77706.6,,,,,0.0,0.0,0.0,0.0,23867.5
2849.86,100.0,77279.4,,,,,100.0,100.0,100.0,100.0,23828.0
2850.86,0.0,77279.4,,,,,0.0,0.0,0.0,0.0,23825.3
2851.86,0.0,77280.0,,,,,0.0,0.0,0.0,0.0,23804.6
2852.86,100.0,77280.0,,,,,100.0,100.0,100.0,100.0,23847.1
2853.86,0.0,77280.0,,,,,0.0,0.0,0.0,0.0,23819.6
2854.86,100.0,77280.0,,,,,100.0,100.0,100.0,100.0,23801.5
2855.86,0.0,77324.6,,,,,0.0,0.0,0.0,0.0,23817.4
2856.86,100.0,77280.0,,,,,100.0,100.0,100.0,100.0,23818.3
2857.86,0.0,77324.6,,,,,0.0,0.0,0.0,0.0,23803.4
2858.86,100.0,77302.3,,,,,100.0,100.0,100.0,100.0,23824.3
2859.86,0.0,77324.6,,,,,0.0,0.0,0.0,0.0,23816.6
2860.86,100.0,77324.6,,,,,100.0,100.0,100.0,100.0,23826.3
2861.86,100.0,77408.8,,,,,100.0,100.0,100.0,100.0,23840.8
2862.86,0.0,77751.4,,,,,0.0,0.0,0.0,0.0,23871.4
2863.86,100.0,77706.6,,,,,100.0,100.0,100.0,100.0,23871.4
2864.86,0.0,77706.6,,,,,0.0,0.0,0.0,0.0,23871.4
2865.86,100.0,77279.4,,,,,100.0,100.0,100.0,100.0,23871.7
2866.86,0.0,77257.7,,,,,0.0,0.0,0.0,0.0,23846.1
2867.86,0.0,77280.0,,,,,0.0,0.0,0.0,0.0,23808.4
2868.86,100.0,77280.0,,,,,100.0,100.0,100.0,100.0,23793.4
2869.86,0.0,77291.1,,,,,0.0,0.0,0.0,0.0,23832.7
2870.86,100.0,77280.0,,,,,100.0,100.0,100.0,100.0,23805.7
2871.86,0.0,77324.6,,,,,0.0,0.0,0.0,0.0,23820.7
2872.86,100.0,77280.0,,,,,100.0,100.0,100.0,100.0,23824.1
2873.86,0.0,77324.6,,,,,0.0,0.0,0.0,0.0,23808.6
2874.86,100.0,77313.5,,,,,100.0,100.0,100.0,100.0,23847.8
2875.86,0.0,77324.6,,,,,0.0,0.0,0.0,0.0,23821.1
2876.86,100.0,77324.6,,,,,100.0,100.0,100.0,100.0,23828.4
2877.86,100.0,77313.5,,,,,100.0,100.0,100.0,100.0,23845.6
2878.86,0.0,77751.4,,,,,0.0,0.0,0.0,0.0,23872.5
2879.86,100.0,77706.6,,,,,100.0,100.0,100.0,100.0,23872.5
2880.86,0.0,77706.6,,,,,0.0,0.0,0.0,0.0,23872.5
2881.86,100.0,77279.4,,,,,100.0,100.0,100.0,100.0,23807.3
2882.86,0.0,77280.0,,,,,0.0,0.0,0.0,0.0,23854.3
2883.86,0.0,77280.0,,,,,0.0,0.0,0.0,0.0,23813.0
2884.86,100.0,77280.0,,,,,100.0,100.0,100.0,100.0,23796.3
2885.86,0.0,77280.0,,,,,0.0,0.0,0.0,0.0,23834.9
2886.86,100.0,77280.0,,,,,100.0,100.0,100.0,100.0,23809.2
2887.86,0.0,77324.6,,,,,0.0,0.0,0.0,0.0,23851.9
2888.86,100.0,77280.0,,,,,100.0,100.0,100.0,100.0,23825.8
2889.87,0.0,77324.6,,,,,0.0,0.0,0.0,0.0,23809.7
2890.87,100.0,77324.6,,,,,100.0,100.0,100.0,100.0,23807.6
2891.87,100.0,77280.0,,,,,100.0,100.0,100.0,100.0,23823.5
2892.87,0.0,77324.6,,,,,0.0,0.0,0.0,0.0,23808.3
2893.87,100.0,77420.0,,,,,100.0,100.0,100.0,100.0,23852.3
2894.87,0.0,77751.4,,,,,0.0,0.0,0.0,0.0,23874.5
2895.87,100.0,77706.6,,,,,100.0,100.0,100.0,100.0,23874.5
2896.87,0.0,77706.6,,,,,0.0,0.0,0.0,0.0,23874.5
2897.87,100.0,77279.4,,,,,100.0,100.0,100.0,100.0,23811.9
2898.87,0.0,77280.0,,,,,0.0,0.0,0.0,0.0,23855.8
2899.87,0.0,77280.0,,,,,0.0,0.0,0.0,0.0,23820.2
2900.87,100.0,77280.0,,,,,100.0,100.0,100.0,100.0,23806.4
2901.87,0.0,77324.6,,,,,0.0,0.0,0.0,0.0,23854.3
2902.87,100.0,77280.0,,,,,100.0,100.0,100.0,100.0,23819.2
2903.87,0.0,77324.6,,,,,0.0,0.0,0.0,0.0,23806.8
2904.87,100.0,77313.3,,,,,100.0,100.0,100.0,100.0,23849.3
2905.87,100.0,77280.0,,,,,100.0,100.0,100.0,100.0,23819.6
2906.87,0.0,77324.6,,,,,0.0,0.0,0.0,0.0,23801.6
2907.87,100.0,77280.0,,,,,100.0,100.0,100.0,100.0,23838.1
2908.87,0.0,77324.6,,,,,0.0,0.0,0.0,0.0,23816.0
2909.87,100.0,77431.3,,,,,100.0,100.0,100.0,100.0,23861.9
2910.87,0.0,77751.4,,,,,0.0,0.0,0.0,0.0,23878.4
2911.87,100.0,77706.6,,,,,100.0,100.0,100.0,100.0,23878.4
2912.87,0.0,77706.6,,,,,0.0,0.0,0.0,0.0,23878.4
2913.87,100.0,77279.4,,,,,100.0,100.0,100.0,100.0,23817.6
2914.87,0.0,77280.0,,,,,0.0,0.0,0.0,0.0,23857.8
2915.87,0.0,77280.0,,,,,0.0,0.0,0.0,0.0,23827.1
2916.87,100.0,77280.0,,,,,100.0,100.0,100.0,100.0,23810.4
2917.87,0.0,77324.6,,,,,0.0,0.0,0.0,0.0,23826.3
2918.87,100.0,77280.0,,,,,100.0,100.0,100.0,100.0,23821.9
2919.87,0.0,77324.6,,,,,0.0,0.0,0.0,0.0,23808.0
2920.87,100.0,77302.3,,,,,100.0,100.0,100.0,100.0,23844.8
2921.87,100.0,77280.0,,,,,100.0,100.0,100.0,100.0,23820.0
2922.87,0.0,77324.6,,,,,0.0,0.0,0.0,0.0,23830.5
2923.87,100.0,77280.0,,,,,100.0,100.0,100.0,100.0,23836.2
2924.87,0.0,77324.6,,,,,0.0,0.0,0.0,0.0,23817.5
2925.87,100.0,77538.0,,,,,100.0,100.0,100.0,100.0,23868.6
2926.87,0.0,77751.4,,,,,0.0,0.0,0.0,0.0,23880.4
2927.87,100.0,77706.6,,,,,100.0,100.0,100.0,100.0,23880.4
2928.87,0.0,77706.6,,,,,0.0,0.0,0.0,0.0,23880.4
2929.87,100.0,77279.4,,,,,100.0,100.0,100.0,100.0,23820.6
2930.87,0.0,77280.0,,,,,0.0,0.0,0.0,0.0,23800.5
2931.87,0.0,77280.0,,,,,0.0,0.0,0.0,0.0,23840.9
2932.87,100.0,77280.0,,,,,100.0,100.0,100.0,100.0,23815.7
2933.87,0.0,77324.6,,,,,0.0,0.0,0.0,0.0,23814.6
2934.87,100.0,77280.0,,,,,100.0,100.0,100.0,100.0,23828.8
2935.87,100.0,77280.0,,,,,100.0,100.0,100.0,100.0,23814.8
2936.87,0.0,77313.5,,,,,0.0,0.0,0.0,0.0,23855.2
2937.87,100.0,77280.0,,,,,100.0,100.0,100.0,100.0,23826.1
2938.88,0.0,77324.6,,,,,0.0,0.0,0.0,0.0,23836.6
2939.88,100.0,77302.3,,,,,100.0,100.0,100.0,100.0,23816.4
2940.88,0.0,77324.6,,,,,0.0,0.0,0.0,0.0,23824.7
2941.88,100.0,77538.0,,,,,100.0,100.0,100.0,100.0,23870.5
2942.88,0.0,77751.4,,,,,0.0,0.0,0.0,0.0,23881.4
2943.88,100.0,77706.6,,,,,100.0,100.0,100.0,100.0,23881.4
2944.88,100.0,77279.4,,,,,100.0,100.0,100.0,100.0,23881.6
2945.88,0.0,77279.4,,,,,0.0,0.0,0.0,0.0,23827.3
2946.88,0.0,77280.0,,,,,0.0,0.0,0.0,0.0,23810.8
2947.88,0.0,77324.6,,,,,0.0,0.0,0.0,0.0,23861.2
2948.88,100.0,77280.0,,,,,100.0,100.0,100.0,100.0,23823.5
2949.88,0.0,77324.6,,,,,0.0,0.0,0.0,0.0,23825.2
2950.88,100.0,77302.3,,,,,100.0,100.0,100.0,100.0,23848.5
2951.88,100.0,77280.0,,,,,100.0,100.0,100.0,100.0,23822.3
2952.88,0.0,77324.6,,,,,0.0,0.0,0.0,0.0,23803.4
2953.88,100.0,77280.0,,,,,100.0,100.0,100.0,100.0,23831.8
2954.88,0.0,77324.6,,,,,0.0,0.0,0.0,0.0,23815.9
2955.88,100.0,77302.3,,,,,100.0,100.0,100.0,100.0,23828.7
2956.88,0.0,77324.6,,,,,0.0,0.0,0.0,0.0,23828.7
2957.88,100.0,77644.7,,,,,100.0,100.0,100.0,100.0,23878.3
2958.88,0.0,77751.4,,,,,0.0,0.0,0.0,0.0,23884.2
2959.88,100.0,77706.6,,,,,100.0,100.0,100.0,100.0,23884.2
2960.88,100.0,77279.4,,,,,100.0,100.0,100.0,100.0,23884.5
2961.88,0.0,77279.4,,,,,0.0,0.0,0.0,0.0,23833.5
2962.88,0.0,77280.0,,,,,0.0,0.0,0.0,0.0,23818.0
2963.88,0.0,77324.6,,,,,0.0,0.0,0.0,0.0,23863.6
2964.88,100.0,77280.0,,,,,100.0,100.0,100.0,100.0,23830.8
2965.88,100.0,77280.0,,,,,100.0,100.0,100.0,100.0,23842.7
2966.88,0.0,77302.3,,,,,0.0,0.0,0.0,0.0,23824.3
2967.88,100.0,77280.0,,,,,100.0,100.0,100.0,100.0,23826.6
2968.88,0.0,77324.6,,,,,0.0,0.0,0.0,0.0,23813.3
2969.88,100.0,77302.3,,,,,100.0,100.0,100.0,100.0,23848.3
2970.88,0.0,77324.6,,,,,0.0,0.0,0.0,0.0,23827.6
2971.88,100.0,77324.6,,,,,100.0,100.0,100.0,100.0,23842.2
2972.88,0.0,77347.0,,,,,0.0,0.0,0.0,0.0,23848.5
2973.88,100.0,77751.3,,,,,100.0,100.0,100.0,100.0,23886.0
2974.88,100.0,77706.6,,,,,100.0,100.0,100.0,100.0,23886.3
2975.88,0.0,77706.6,,,,,0.0,0.0,0.0,0.0,23886.3
2976.88,100.0,77279.4,,,,,100.0,100.0,100.0,100.0,23886.7
2977.88,0.0,77279.4,,,,,0.0,0.0,0.0,0.0,23843.5
2978.88,0.0,77280.0,,,,,0.0,0.0,0.0,0.0,23821.9
2979.88,100.0,77280.0,,,,,100.0,100.0,100.0,100.0,23807.1
2980.88,0.0,77280.0,,,,,0.0,0.0,0.0,0.0,23839.1
2981.88,100.0,77280.0,,,,,100.0,100.0,100.0,100.0,23822.4
2982.88,0.0,77324.6,,,,,0.0,0.0,0.0,0.0,23854.8
2983.88,100.0,77291.1,,,,,100.0,100.0,100.0,100.0,23840.2
2984.88,0.0,77324.6,,,,,0.0,0.0,0.0,0.0,23821.3
2985.88,100.0,77313.5,,,,,100.0,100.0,100.0,100.0,23851.6
2986.88,0.0,77335.8,,,,,0.0,0.0,0.0,0.0,23838.8
2987.89,100.0,77324.6,,,,,100.0,100.0,100.0,100.0,23859.5
2988.89,100.0,77397.7,,,,,100.0,100.0,100.0,100.0,23851.7
2989.89,0.0,77751.4,,,,,0.0,0.0,0.0,0.0,23890.0
2990.89,100.0,77706.6,,,,,100.0,100.0,100.0,100.0,23890.0
2991.89,0.0,77706.6,,,,,0.0,0.0,0.0,0.0,23890.0
2992.89,100.0,77279.4,,,,,100.0,100.0,100.0,100.0,23814.2
2993.89,0.0,77257.5,,,,,0.0,0.0,0.0,0.0,23862.2
2994.89,0.0,77280.0,,,,,0.0,0.0,0.0,0.0,23827.0
2995.89,100.0,77280.0,,,,,100.0,100.0,100.0,100.0,23811.3
2996.89,0.0,77280.0,,,,,0.0,0.0,0.0,0.0,23846.9
2997.89,100.0,77280.0,,,,,100.0,100.0,100.0,100.0,23827.6
2998.89,0.0,77324.6,,,,,0.0,0.0,0.0,0.0,23853.7
2999.89,100.0,77280.0,,,,,100.0,100.0,100.0,100.0,23840.1
3000.89,0.0,77324.6,,,,,0.0,0.0,0.0,0.0,23826.6
3001.89,100.0,77313.4,,,,,100.0,100.0,100.0,100.0,23866.5
3002.89,0.0,77324.6,,,,,0.0,0.0,0.0,0.0,23840.0
3003.89,100.0,77324.6,,,,,100.0,100.0,100.0,100.0,23821.3
3004.89,100.0,77302.3,,,,,100.0,100.0,100.0,100.0,23861.4
3005.89,0.0,77751.4,,,,,0.0,0.0,0.0,0.0,23891.7
3006.89,100.0,77706.6,,,,,100.0,100.0,100.0,100.0,23891.7
3007.89,0.0,77706.6,,,,,0.0,0.0,0.0,0.0,23891.7
3008.89,100.0,77279.4,,,,,100.0,100.0,100.0,100.0,23825.9
3009.89,0.0,77280.0,,,,,0.0,0.0,0.0,0.0,23872.4
3010.89,0.0,77280.0,,,,,0.0,0.0,0.0,0.0,23832.3
3011.89,100.0,77280.0,,,,,100.0,100.0,100.0,100.0,23816.7
3012.89,0.0,77302.3,,,,,0.0,0.0,0.0,0.0,23861.3
3013.89,100.0,77280.0,,,,,100.0,100.0,100.0,100.0,23831.5
3014.89,0.0,77324.6,,,,,0.0,0.0,0.0,0.0,23845.9
3015.89,100.0,77302.3,,,,,100.0,100.0,100.0,100.0,23856.6
3016.89,0.0,77324.6,,,,,0.0,0.0,0.0,0.0,23832.0
3017.89,100.0,77324.6,,,,,100.0,100.0,100.0,100.0,23842.7
3018.89,100.0,77280.0,,,,,100.0,100.0,100.0,100.0,23850.4
3019.89,0.0,77324.6,,,,,0.0,0.0,0.0,0.0,23827.1
3020.89,100.0,77526.5,,,,,100.0,100.0,100.0,100.0,23875.9
3021.89,0.0,77751.4,,,,,0.0,0.0,0.0,0.0,23892.6
3022.89,100.0,77706.6,,,,,100.0,100.0,100.0,100.0,23892.6
3023.89,0.0,77706.6,,,,,0.0,0.0,0.0,0.0,23892.6
3024.89,100.0,77279.4,,,,,100.0,100.0,100.0,100.0,23828.9
3025.89,0.0,77280.0,,,,,0.0,0.0,0.0,0.0,23875.0
3026.89,0.0,77280.0,,,,,0.0,0.0,0.0,0.0,23838.2
3027.89,100.0,77280.0,,,,,100.0,100.0,100.0,100.0,23826.0
3028.89,0.0,77324.6,,,,,0.0,0.0,0.0,0.0,23809.0
3029.89,100.0,77280.0,,,,,100.0,100.0,100.0,100.0,23837.5
3030.89,0.0,77324.6,,,,,0.0,0.0,0.0,0.0,23822.6
3031.89,100.0,77302.3,,,,,100.0,100.0,100.0,100.0,23865.9
3032.89,0.0,77324.6,,,,,0.0,0.0,0.0,0.0,23836.8
3033.89,100.0,77324.6,,,,,100.0,100.0,100.0,100.0,23832.0
3034.89,100.0,77291.1,,,,,100.0,100.0,100.0,100.0,23856.6
3035.9,0.0,77324.6,,,,,0.0,0.0,0.0,0.0,23835.6
3036.9,100.0,77537.9,,,,,100.0,100.0,100.0,100.0,23882.1
3037.9,0.0,77751.4,,,,,0.0,0.0,0.0,0.0,23892.7
3038.9,100.0,77706.6,,,,,100.0,100.0,100.0,100.0,23892.8
3039.9,0.0,77706.6,,,,,0.0,0.0,0.0,0.0,23892.8
3040.9,100.0,77279.4,,,,,100.0,100.0,100.0,100.0,23834.9
3041.9,0.0,77280.0,,,,,0.0,0.0,0.0,0.0,23875.2
3042.9,0.0,77280.0,,,,,0.0,0.0,0.0,0.0,23843.8
3043.9,100.0,77280.0,,,,,100.0,100.0,100.0,100.0,23828.3
3044.9,0.0,77313.5,,,,,0.0,0.0,0.0,0.0,23827.3
3045.9,100.0,77280.0,,,,,100.0,100.0,100.0,100.0,23841.0
3046.9,0.0,77324.6,,,,,0.0,0.0,0.0,0.0,23827.4
3047.9,100.0,77313.5,,,,,100.0,100.0,100.0,100.0,23869.6
3048.9,100.0,77280.0,,,,,100.0,100.0,100.0,100.0,23841.0
3049.9,0.0,77324.6,,,,,0.0,0.0,0.0,0.0,23852.9
3050.9,100.0,77291.1,,,,,100.0,100.0,100.0,100.0,23858.7
3051.9,0.0,77324.6,,,,,0.0,0.0,0.0,0.0,23834.3
3052.9,100.0,77503.8,,,,,100.0,100.0,100.0,100.0,23880.0
3053.9,0.0,77751.4,,,,,0.0,0.0,0.0,0.0,23895.1
3054.9,100.0,77706.6,,,,,100.0,100.0,100.0,100.0,23895.1
3055.9,0.0,77706.6,,,,,0.0,0.0,0.0,0.0,23895.1
3056.9,100.0,77279.4,,,,,100.0,100.0,100.0,100.0,23838.2
3057.9,0.0,77280.0,,,,,0.0,0.0,0.0,0.0,23818.3
3058.9,0.0,77280.0,,,,,0.0,0.0,0.0,0.0,23856.9
3059.9,100.0,77280.0,,,,,100.0,100.0,100.0,100.0,23835.5
3060.9,0.0,77324.6,,,,,0.0,0.0,0.0,0.0,23860.8
3061.9,100.0,77280.0,,,,,100.0,100.0,100.0,100.0,23847.0
3062.9,100.0,77280.0,,,,,100.0,100.0,100.0,100.0,23842.5
3063.9,0.0,77302.3,,,,,0.0,0.0,0.0,0.0,23862.9
3064.9,100.0,77280.0,,,,,100.0,100.0,100.0,100.0,23835.0
3065.9,0.0,77313.5,,,,,0.0,0.0,0.0,0.0,23826.8
3066.9,100.0,77291.1,,,,,100.0,100.0,100.0,100.0,23849.4
3067.9,0.0,77324.6,,,,,0.0,0.0,0.0,0.0,23830.4
3068.9,100.0,77420.0,,,,,100.0,100.0,100.0,100.0,23871.3
3069.9,0.0,77751.4,,,,,0.0,0.0,0.0,0.0,23893.2
3070.9,100.0,77706.6,,,,,100.0,100.0,100.0,100.0,23893.3
3071.9,100.0,77279.4,,,,,100.0,100.0,100.0,100.0,23893.5
3072.9,0.0,77279.4,,,,,0.0,0.0,0.0,0.0,23837.0
3073.9,0.0,77280.0,,,,,0.0,0.0,0.0,0.0,23821.0
3074.9,0.0,77302.3,,,,,0.0,0.0,0.0,0.0,23865.1
3075.9,100.0,77280.0,,,,,100.0,100.0,100.0,100.0,23835.3
3076.9,0.0,77324.6,,,,,0.0,0.0,0.0,0.0,23850.6
3077.9,100.0,77302.3,,,,,100.0,100.0,100.0,100.0,23857.6
3078.9,100.0,77280.0,,,,,100.0,100.0,100.0,100.0,23833.3
3079.9,0.0,77324.6,,,,,0.0,0.0,0.0,0.0,23833.8
3080.9,100.0,77291.1,,,,,100.0,100.0,100.0,100.0,23853.4
3081.9,0.0,77324.6,,,,,0.0,0.0,0.0,0.0,23832.6
3082.91,100.0,77302.3,,,,,100.0,100.0,100.0,100.0,23856.2
3083.91,0.0,77335.8,,,,,0.0,0.0,0.0,0.0,23848.4
3084.91,100.0,77644.7,,,,,100.0,100.0,100.0,100.0,23891.5
3085.91,0.0,77751.4,,,,,0.0,0.0,0.0,0.0,23896.7
3086.91,100.0,77706.6,,,,,100.0,100.0,100.0,100.0,23896.8
3087.91,100.0,77279.4,,,,,100.0,100.0,100.0,100.0,23897.1
3088.91,0.0,77279.4,,,,,0.0,0.0,0.0,0.0,23843.0
3089.91,0.0,77280.0,,,,,0.0,0.0,0.0,0.0,23828.8
3090.91,0.0,77324.6,,,,,0.0,0.0,0.0,0.0,23876.6
3091.91,100.0,77280.0,,,,,100.0,100.0,100.0,100.0,23840.4
3092.91,100.0,77280.0,,,,,100.0,100.0,100.0,100.0,23825.9
3093.91,0.0,77313.3,,,,,0.0,0.0,0.0,0.0,23875.3
3094.91,100.0,77280.0,,,,,100.0,100.0,100.0,100.0,23841.8
3095.91,0.0,77324.6,,,,,0.0,0.0,0.0,0.0,23825.1
3096.91,100.0,77291.1,,,,,100.0,100.0,100.0,100.0,23863.3
3097.91,0.0,77324.6,,,,,0.0,0.0,0.0,0.0,23840.5
3098.91,100.0,77324.6,,,,,100.0,100.0,100.0,100.0,23850.4
3099.91,0.0,77324.6,,,,,0.0,0.0,0.0,0.0,23859.9
3100.91,100.0,77751.4,,,,,100.0,100.0,100.0,100.0,23898.3
3101.91,100.0,77706.6,,,,,100.0,100.0,100.0,100.0,23898.3
3102.91,0.0,77706.6,,,,,0.0,0.0,0.0,0.0,23898.3
3103.91,100.0,77279.4,,,,,100.0,100.0,100.0,100.0,23898.7
3104.91,0.0,77279.4,,,,,0.0,0.0,0.0,0.0,23853.2
3105.91,0.0,77280.0,,,,,0.0,0.0,0.0,0.0,23831.1
3106.91,0.0,77324.6,,,,,0.0,0.0,0.0,0.0,23832.2
3107.91,100.0,77280.0,,,,,100.0,100.0,100.0,100.0,23846.8
3108.91,100.0,77280.0,,,,,100.0,100.0,100.0,100.0,23831.4
3109.91,0.0,77313.5,,,,,0.0,0.0,0.0,0.0,23863.4
3110.91,100.0,77280.0,,,,,100.0,100.0,100.0,100.0,23844.1
3111.91,0.0,77324.6,,,,,0.0,0.0,0.0,0.0,23843.7
3112.91,100.0,77291.1,,,,,100.0,100.0,100.0,100.0,23866.1
3113.91,0.0,77324.6,,,,,0.0,0.0,0.0,0.0,23843.3
3114.91,100.0,77324.6,,,,,100.0,100.0,100.0,100.0,23824.2
3115.91,100.0,77291.1,,,,,100.0,100.0,100.0,100.0,23859.7
3116.91,0.0,77751.4,,,,,0.0,0.0,0.0,0.0,23900.1
3117.91,100.0,77706.6,,,,,100.0,100.0,100.0,100.0,23900.1
3118.91,0.0,77706.6,,,,,0.0,0.0,0.0,0.0,23900.1
3119.91,100.0,77279.4,,,,,100.0,100.0,100.0,100.0,23825.6
3120.91,0.0,77257.4,,,,,0.0,0.0,0.0,0.0,23867.3
3121.91,0.0,77280.0,,,,,0.0,0.0,0.0,0.0,23836.4
3122.91,100.0,77280.0,,,,,100.0,100.0,100.0,100.0,23836.7
3123.91,0.0,77280.0,,,,,0.0,0.0,0.0,0.0,23853.7
3124.91,100.0,77280.0,,,,,100.0,100.0,100.0,100.0,23838.5
3125.91,0.0,77324.6,,,,,0.0,0.0,0.0,0.0,23880.5
3126.91,100.0,77280.0,,,,,100.0,100.0,100.0,100.0,23848.7
3127.91,0.0,77324.6,,,,,0.0,0.0,0.0,0.0,23858.5
3128.91,100.0,77302.3,,,,,100.0,100.0,100.0,100.0,23842.1
3129.92,0.0,77324.6,,,,,0.0,0.0,0.0,0.0,23846.7
3130.92,100.0,77324.6,,,,,100.0,100.0,100.0,100.0,23831.1
3131.92,100.0,77302.3,,,,,100.0,100.0,100.0,100.0,23870.4
3132.92,0.0,77751.4,,,,,0.0,0.0,0.0,0.0,23902.7
3133.92,100.0,77706.6,,,,,100.0,100.0,100.0,100.0,23902.7
3134.92,0.0,77706.6,,,,,0.0,0.0,0.0,0.0,23902.7
3135.92,100.0,77279.4,,,,,100.0,100.0,100.0,100.0,23835.5
3136.92,0.0,77280.0,,,,,0.0,0.0,0.0,0.0,23885.1
3137.92,0.0,77280.0,,,,,0.0,0.0,0.0,0.0,23843.6
3138.92,100.0,77280.0,,,,,100.0,100.0,100.0,100.0,23826.6
3139.92,0.0,77291.1,,,,,0.0,0.0,0.0,0.0,23872.7
3140.92,100.0,77280.0,,,,,100.0,100.0,100.0,100.0,23843.5
3141.92,0.0,77324.6,,,,,0.0,0.0,0.0,0.0,23826.8
3142.92,100.0,77280.0,,,,,100.0,100.0,100.0,100.0,23858.9
3143.92,0.0,77324.6,,,,,0.0,0.0,0.0,0.0,23841.5
3144.92,100.0,77324.6,,,,,100.0,100.0,100.0,100.0,23853.1
3145.92,100.0,77280.0,,,,,100.0,100.0,100.0,100.0,23855.5
3146.92,0.0,77324.6,,,,,0.0,0.0,0.0,0.0,23839.0
3147.92,100.0,77313.5,,,,,100.0,100.0,100.0,100.0,23880.8
3148.92,0.0,77751.4,,,,,0.0,0.0,0.0,0.0,23904.2
3149.92,100.0,77706.6,,,,,100.0,100.0,100.0,100.0,23904.2
3150.92,0.0,77706.6,,,,,0.0,0.0,0.0,0.0,23904.2
3151.92,100.0,77279.4,,,,,100.0,100.0,100.0,100.0,23840.9
3152.92,0.0,77280.0,,,,,0.0,0.0,0.0,0.0,23886.7
3153.92,0.0,77280.0,,,,,0.0,0.0,0.0,0.0,23851.0
3154.92,100.0,77280.0,,,,,100.0,100.0,100.0,100.0,23835.3
3155.92,0.0,77324.6,,,,,0.0,0.0,0.0,0.0,23885.0
3156.92,100.0,77280.0,,,,,100.0,100.0,100.0,100.0,23848.7
3157.92,0.0,77324.6,,,,,0.0,0.0,0.0,0.0,23833.2
3158.92,100.0,77291.1,,,,,100.0,100.0,100.0,100.0,23870.8
3159.92,0.0,77324.6,,,,,0.0,0.0,0.0,0.0,23847.5
3160.92,100.0,77324.6,,,,,100.0,100.0,100.0,100.0,23856.9
3161.92,100.0,77280.0,,,,,100.0,100.0,100.0,100.0,23861.7
3162.92,0.0,77324.6,,,,,0.0,0.0,0.0,0.0,23845.1
3163.92,100.0,77431.2,,,,,100.0,100.0,100.0,100.0,23889.9
3164.92,0.0,77751.4,,,,,0.0,0.0,0.0,0.0,23906.4
3165.92,100.0,77706.6,,,,,100.0,100.0,100.0,100.0,23906.4
3166.92,0.0,77706.6,,,,,0.0,0.0,0.0,0.0,23906.4
3167.92,100.0,77279.4,,,,,100.0,100.0,100.0,100.0,23844.9
3168.92,0.0,77280.0,,,,,0.0,0.0,0.0,0.0,23825.0
3169.92,0.0,77280.0,,,,,0.0,0.0,0.0,0.0,23854.4
3170.92,100.0,77280.0,,,,,100.0,100.0,100.0,100.0,23842.5
3171.92,0.0,77324.6,,,,,0.0,0.0,0.0,0.0,23888.3
3172.92,100.0,77280.0,,,,,100.0,100.0,100.0,100.0,23851.8
3173.92,0.0,77324.6,,,,,0.0,0.0,0.0,0.0,23837.0
3174.92,100.0,77302.3,,,,,100.0,100.0,100.0,100.0,23877.3
3175.92,100.0,77280.0,,,,,100.0,100.0,100.0,100.0,23848.8
3176.92,0.0,77324.6,,,,,0.0,0.0,0.0,0.0,23886.8
3177.92,100.0,77280.0,,,,,100.0,100.0,100.0,100.0,23873.3
3178.93,0.0,77324.6,,,,,0.0,0.0,0.0,0.0,23846.5
3179.93,100.0,77538.0,,,,,100.0,100.0,100.0,100.0,23898.5
3180.93,0.0,77751.4,,,,,0.0,0.0,0.0,0.0,23908.6
3181.93,100.0,77706.6,,,,,100.0,100.0,100.0,100.0,23908.6
3182.93,0.0,77706.6,,,,,0.0,0.0,0.0,0.0,23908.6
3183.93,100.0,77279.4,,,,,100.0,100.0,100.0,100.0,23848.0
3184.93,0.0,77280.0,,,,,0.0,0.0,0.0,0.0,23829.2
3185.93,0.0,77280.0,,,,,0.0,0.0,0.0,0.0,23870.7
3186.93,100.0,77280.0,,,,,100.0,100.0,100.0,100.0,23845.9
3187.93,0.0,77324.6,,,,,0.0,0.0,0.0,0.0,23888.7
3188.93,100.0,77280.0,,,,,100.0,100.0,100.0,100.0,23863.2
3189.93,100.0,77280.0,,,,,100.0,100.0,100.0,100.0,23847.6
3190.93,0.0,77324.6,,,,,0.0,0.0,0.0,0.0,23843.5
3191.93,100.0,77280.0,,,,,100.0,100.0,100.0,100.0,23860.8
3192.93,0.0,77324.6,,,,,0.0,0.0,0.0,0.0,23842.8
3193.93,100.0,77302.3,,,,,100.0,100.0,100.0,100.0,23864.8
3194.93,0.0,77324.6,,,,,0.0,0.0,0.0,0.0,23855.3
3195.93,100.0,77644.6,,,,,100.0,100.0,100.0,100.0,23905.1
3196.93,0.0,77751.4,,,,,0.0,0.0,0.0,0.0,23910.2
3197.93,100.0,77706.6,,,,,100.0,100.0,100.0,100.0,23910.2
3198.93,100.0,77279.4,,,,,100.0,100.0,100.0,100.0,23910.4
3199.93,0.0,77279.4,,,,,0.0,0.0,0.0,0.0,23851.5
3200.93,0.0,77280.0,,,,,0.0,0.0,0.0,0.0,23838.9
3201.93,0.0,77313.5,,,,,0.0,0.0,0.0,0.0,23886.4
3202.93,100.0,77280.0,,,,,100.0,100.0,100.0,100.0,23851.6
3203.93,0.0,77324.6,,,,,0.0,0.0,0.0,0.0,23889.5
3204.93,100.0,77291.1,,,,,100.0,100.0,100.0,100.0,23873.8
3205.93,100.0,77280.0,,,,,100.0,100.0,100.0,100.0,23850.6
3206.93,0.0,77324.6,,,,,0.0,0.0,0.0,0.0,23845.5
3207.93,100.0,77291.0,,,,,100.0,100.0,100.0,100.0,23863.7
3208.93,0.0,77324.6,,,,,0.0,0.0,0.0,0.0,23846.0
3209.93,100.0,77313.5,,,,,100.0,100.0,100.0,100.0,23874.5
3210.93,0.0,77324.6,,,,,0.0,0.0,0.0,0.0,23860.1
3211.93,100.0,77751.4,,,,,100.0,100.0,100.0,100.0,23912.2
3212.93,0.0,77751.4,,,,,0.0,0.0,0.0,0.0,23912.2
3213.93,100.0,77706.6,,,,,100.0,100.0,100.0,100.0,23912.2
3214.93,100.0,77279.4,,,,,100.0,100.0,100.0,100.0,23912.6
3215.93,0.0,77279.4,,,,,0.0,0.0,0.0,0.0,23856.5
3216.93,0.0,77280.0,,,,,0.0,0.0,0.0,0.0,23841.7
3217.93,0.0,77324.6,,,,,0.0,0.0,0.0,0.0,23842.6
3218.93,100.0,77280.0,,,,,100.0,100.0,100.0,100.0,23854.8
3219.93,100.0,77280.0,,,,,100.0,100.0,100.0,100.0,23843.9
3220.93,0.0,77313.5,,,,,0.0,0.0,0.0,0.0,23887.9
3221.93,100.0,77280.0,,,,,100.0,100.0,100.0,100.0,23853.6
3222.93,0.0,77324.6,,,,,0.0,0.0,0.0,0.0,23851.3
3223.93,100.0,77291.1,,,,,100.0,100.0,100.0,100.0,23875.3
3224.93,0.0,77324.6,,,,,0.0,0.0,0.0,0.0,23854.5
3225.94,100.0,77324.6,,,,,100.0,100.0,100.0,100.0,23892.8
3226.94,0.0,77335.8,,,,,0.0,0.0,0.0,0.0,23873.7
3227.94,100.0,77751.4,,,,,100.0,100.0,100.0,100.0,23914.1
3228.94,100.0,77706.6,,,,,100.0,100.0,100.0,100.0,23914.1
3229.94,0.0,77706.6,,,,,0.0,0.0,0.0,0.0,23914.1
3230.94,100.0,77279.4,,,,,100.0,100.0,100.0,100.0,23835.3
3231.94,0.0,77279.4,,,,,0.0,0.0,0.0,0.0,23865.7
3232.94,0.0,77280.0,,,,,0.0,0.0,0.0,0.0,23844.2
3233.94,0.0,77324.6,,,,,0.0,0.0,0.0,0.0,23878.3
3234.94,100.0,77280.0,,,,,100.0,100.0,100.0,100.0,23861.2
3235.94,100.0,77280.0,,,,,100.0,100.0,100.0,100.0,23845.8
3236.94,0.0,77313.5,,,,,0.0,0.0,0.0,0.0,23880.3
3237.94,100.0,77280.0,,,,,100.0,100.0,100.0,100.0,23859.4
3238.94,0.0,77324.6,,,,,0.0,0.0,0.0,0.0,23884.7
3239.94,100.0,77291.1,,,,,100.0,100.0,100.0,100.0,23876.2
3240.94,0.0,77324.6,,,,,0.0,0.0,0.0,0.0,23858.3
3241.94,100.0,77324.6,,,,,100.0,100.0,100.0,100.0,23840.7
3242.94,100.0,77397.7,,,,,100.0,100.0,100.0,100.0,23878.1
3243.94,0.0,77751.4,,,,,0.0,0.0,0.0,0.0,23914.8
3244.94,100.0,77706.6,,,,,100.0,100.0,100.0,100.0,23914.8
3245.94,0.0,77706.6,,,,,0.0,0.0,0.0,0.0,23914.8
3246.94,100.0,77279.4,,,,,100.0,100.0,100.0,100.0,23840.6
3247.94,0.0,77257.4,,,,,0.0,0.0,0.0,0.0,23883.5
3248.94,0.0,77280.0,,,,,0.0,0.0,0.0,0.0,23852.4
3249.94,100.0,77280.0,,,,,100.0,100.0,100.0,100.0,23866.0
3250.94,0.0,77280.0,,,,,0.0,0.0,0.0,0.0,23877.1
3251.94,100.0,77280.0,,,,,100.0,100.0,100.0,100.0,23854.8
3252.94,0.0,77324.6,,,,,0.0,0.0,0.0,0.0,23895.0
3253.94,100.0,77291.1,,,,,100.0,100.0,100.0,100.0,23871.9
3254.94,0.0,77324.6,,,,,0.0,0.0,0.0,0.0,23852.0
3255.94,100.0,77313.5,,,,,100.0,100.0,100.0,100.0,23845.6
3256.94,0.0,77324.6,,,,,0.0,0.0,0.0,0.0,23867.1
3257.94,100.0,77324.6,,,,,100.0,100.0,100.0,100.0,23850.0
3258.94,100.0,77419.9,,,,,100.0,100.0,100.0,100.0,23892.5
3259.94,0.0,77751.4,,,,,0.0,0.0,0.0,0.0,23914.7
3260.94,100.0,77706.6,,,,,100.0,100.0,100.0,100.0,23914.7
3261.94,0.0,77706.6,,,,,0.0,0.0,0.0,0.0,23914.7
3262.94,100.0,77279.4,,,,,100.0,100.0,100.0,100.0,23849.2
3263.94,0.0,77280.0,,,,,0.0,0.0,0.0,0.0,23896.8
3264.94,0.0,77280.0,,,,,0.0,0.0,0.0,0.0,23856.6
3265.94,100.0,77280.0,,,,,100.0,100.0,100.0,100.0,23869.1
3266.94,0.0,77291.1,,,,,0.0,0.0,0.0,0.0,23882.0
3267.94,100.0,77280.0,,,,,100.0,100.0,100.0,100.0,23856.0
3268.94,0.0,77324.6,,,,,0.0,0.0,0.0,0.0,23841.9
3269.94,100.0,77291.1,,,,,100.0,100.0,100.0,100.0,23877.7
3270.94,0.0,77324.6,,,,,0.0,0.0,0.0,0.0,23858.0
3271.94,100.0,77324.6,,,,,100.0,100.0,100.0,100.0,23869.0
3272.94,100.0,77291.1,,,,,100.0,100.0,100.0,100.0,23874.4
3273.94,0.0,77324.6,,,,,0.0,0.0,0.0,0.0,23851.8
3274.95,100.0,77408.9,,,,,100.0,100.0,100.0,100.0,23890.8
3275.95,0.0,77751.4,,,,,0.0,0.0,0.0,0.0,23915.6
3276.95,100.0,77706.6,,,,,100.0,100.0,100.0,100.0,23915.7
3277.95,0.0,77706.6,,,,,0.0,0.0,0.0,0.0,23915.7
3278.95,100.0,77279.4,,,,,100.0,100.0,100.0,100.0,23851.7
3279.95,0.0,77280.0,,,,,0.0,0.0,0.0,0.0,23897.3
3280.95,0.0,77280.0,,,,,0.0,0.0,0.0,0.0,23863.0
3281.95,100.0,77280.0,,,,,100.0,100.0,100.0,100.0,23851.7
3282.95,0.0,77302.3,,,,,0.0,0.0,0.0,0.0,23878.8
3283.95,100.0,77280.0,,,,,100.0,100.0,100.0,100.0,23860.8
3284.95,0.0,77324.6,,,,,0.0,0.0,0.0,0.0,23847.1
3285.95,100.0,77302.3,,,,,100.0,100.0,100.0,100.0,23884.6
3286.95,0.0,77324.6,,,,,0.0,0.0,0.0,0.0,23860.7
3287.95,100.0,77324.6,,,,,100.0,100.0,100.0,100.0,23872.9
3288.95,100.0,77302.2,,,,,100.0,100.0,100.0,100.0,23882.0
3289.95,0.0,77324.6,,,,,0.0,0.0,0.0,0.0,23868.2
3290.95,100.0,77526.5,,,,,100.0,100.0,100.0,100.0,23900.6
3291.95,0.0,77751.4,,,,,0.0,0.0,0.0,0.0,23916.3
3292.95,100.0,77706.6,,,,,100.0,100.0,100.0,100.0,23916.3
3293.95,0.0,77706.6,,,,,0.0,0.0,0.0,0.0,23916.3
3294.95,100.0,77279.4,,,,,100.0,100.0,100.0,100.0,23854.3
3295.95,0.0,77280.0,,,,,0.0,0.0,0.0,0.0,23835.8
3296.95,0.0,77280.0,,,,,0.0,0.0,0.0,0.0,23867.7
3297.95,100.0,77280.0,,,,,100.0,100.0,100.0,100.0,23856.1
3298.95,0.0,77324.6,,,,,0.0,0.0,0.0,0.0,23898.4
3299.95,100.0,77280.0,,,,,100.0,100.0,100.0,100.0,23865.8
3300.95,0.0,77324.6,,,,,0.0,0.0,0.0,0.0,23853.2
3301.95,100.0,77302.3,,,,,100.0,100.0,100.0,100.0,23892.8
3302.95,100.0,77280.0,,,,,100.0,100.0,100.0,100.0,23861.9
3303.95,0.0,77324.6,,,,,0.0,0.0,0.0,0.0,23843.7
3304.95,100.0,77280.0,,,,,100.0,100.0,100.0,100.0,23876.1
3305.95,0.0,77324.6,,,,,0.0,0.0,0.0,0.0,23857.4
3306.95,100.0,77431.3,,,,,100.0,100.0,100.0,100.0,23903.3
3307.95,0.0,77751.4,,,,,0.0,0.0,0.0,0.0,23917.7
3308.95,100.0,77706.6,,,,,100.0,100.0,100.0,100.0,23917.7
3309.95,0.0,77706.6,,,,,0.0,0.0,0.0,0.0,23917.7
3310.95,100.0,77279.4,,,,,100.0,100.0,100.0,100.0,23857.6
3311.95,0.0,77280.0,,,,,0.0,0.0,0.0,0.0,23838.7
3312.95,0.0,77280.0,,,,,0.0,0.0,0.0,0.0,23880.6
3313.95,100.0,77280.0,,,,,100.0,100.0,100.0,100.0,23857.7
3314.95,0.0,77324.6,,,,,0.0,0.0,0.0,0.0,23898.9
3315.95,100.0,77280.0,,,,,100.0,100.0,100.0,100.0,23870.4
3316.95,100.0,77280.0,,,,,100.0,100.0,100.0,100.0,23855.8
3317.95,0.0,77324.6,,,,,0.0,0.0,0.0,0.0,23851.7
3318.95,100.0,77280.0,,,,,100.0,100.0,100.0,100.0,23866.0
3319.95,0.0,77324.6,,,,,0.0,0.0,0.0,0.0,23853.5
3320.95,100.0,77313.5,,,,,100.0,100.0,100.0,100.0,23894.6
3321.95,0.0,77324.6,,,,,0.0,0.0,0.0,0.0,23865.2
3322.96,100.0,77644.7,,,,,100.0,100.0,100.0,100.0,23914.0
3323.96,0.0,77751.4,,,,,0.0,0.0,0.0,0.0,23918.8
3324.96,100.0,77706.6,,,,,100.0,100.0,100.0,100.0,23918.8
3325.96,100.0,77279.4,,,,,100.0,100.0,100.0,100.0,23919.1
3326.96,0.0,77279.4,,,,,0.0,0.0,0.0,0.0,23862.7
3327.96,0.0,77280.0,,,,,0.0,0.0,0.0,0.0,23850.1
3328.96,0.0,77313.5,,,,,0.0,0.0,0.0,0.0,23898.4
3329.96,100.0,77280.0,,,,,100.0,100.0,100.0,100.0,23863.5
3330.96,0.0,77324.6,,,,,0.0,0.0,0.0,0.0,23847.1
3331.96,100.0,77280.0,,,,,100.0,100.0,100.0,100.0,23879.1
3332.96,100.0,77280.0,,,,,100.0,100.0,100.0,100.0,23860.9
3333.96,0.0,77324.6,,,,,0.0,0.0,0.0,0.0,23861.5
3334.96,100.0,77280.0,,,,,100.0,100.0,100.0,100.0,23874.2
3335.96,0.0,77324.6,,,,,0.0,0.0,0.0,0.0,23860.1
3336.96,100.0,77324.6,,,,,100.0,100.0,100.0,100.0,23900.2
3337.96,0.0,77324.6,,,,,0.0,0.0,0.0,0.0,23870.0
3338.96,100.0,77751.4,,,,,100.0,100.0,100.0,100.0,23920.0
3339.96,0.0,77751.4,,,,,0.0,0.0,0.0,0.0,23920.0
3340.96,100.0,77706.6,,,,,100.0,100.0,100.0,100.0,23920.0
3341.96,100.0,77279.4,,,,,100.0,100.0,100.0,100.0,23920.3
3342.96,0.0,77279.4,,,,,0.0,0.0,0.0,0.0,23865.4
3343.96,0.0,77280.0,,,,,0.0,0.0,0.0,0.0,23851.9
3344.96,0.0,77324.6,,,,,0.0,0.0,0.0,0.0,23901.5
3345.96,100.0,77280.0,,,,,100.0,100.0,100.0,100.0,23864.6
3346.96,100.0,77280.0,,,,,100.0,100.0,100.0,100.0,23848.5
3347.96,0.0,77280.0,,,,,0.0,0.0,0.0,0.0,23880.7
3348.96,100.0,77280.0,,,,,100.0,100.0,100.0,100.0,23863.0
3349.96,0.0,77324.6,,,,,0.0,0.0,0.0,0.0,23902.0
3350.96,100.0,77280.0,,,,,100.0,100.0,100.0,100.0,23874.0
3351.96,0.0,77324.6,,,,,0.0,0.0,0.0,0.0,23859.6
3352.96,100.0,77324.6,,,,,100.0,100.0,100.0,100.0,23856.1
3353.96,0.0,77324.6,,,,,0.0,0.0,0.0,0.0,23871.2
3354.96,100.0,77751.2,,,,,100.0,100.0,100.0,100.0,23921.0
3355.96,100.0,77706.6,,,,,100.0,100.0,100.0,100.0,23921.2
3356.96,0.0,77706.6,,,,,0.0,0.0,0.0,0.0,23921.2
3357.96,100.0,77279.4,,,,,100.0,100.0,100.0,100.0,23844.8
3358.96,0.0,77279.4,,,,,0.0,0.0,0.0,0.0,23875.8
3359.96,0.0,77280.0,,,,,0.0,0.0,0.0,0.0,23855.6
3360.96,0.0,77324.6,,,,,0.0,0.0,0.0,0.0,23873.7
3361.96,100.0,77280.0,,,,,100.0,100.0,100.0,100.0,23872.7
3362.96,100.0,77280.0,,,,,100.0,100.0,100.0,100.0,23860.3
3363.96,0.0,77324.6,,,,,0.0,0.0,0.0,0.0,23902.5
3364.96,100.0,77280.0,,,,,100.0,100.0,100.0,100.0,23869.4
3365.96,0.0,77324.6,,,,,0.0,0.0,0.0,0.0,23879.7
3366.96,100.0,77302.3,,,,,100.0,100.0,100.0,100.0,23879.5
3367.96,0.0,77324.6,,,,,0.0,0.0,0.0,0.0,23868.0
3368.96,100.0,77324.6,,,,,100.0,100.0,100.0,100.0,23852.2
3369.97,100.0,77302.2,,,,,100.0,100.0,100.0,100.0,23892.7
3370.97,0.0,77751.4,,,,,0.0,0.0,0.0,0.0,23922.6
3371.97,100.0,77706.6,,,,,100.0,100.0,100.0,100.0,23922.6
3372.97,0.0,77706.6,,,,,0.0,0.0,0.0,0.0,23922.6
3373.97,100.0,77279.4,,,,,100.0,100.0,100.0,100.0,23849.4
3374.97,0.0,77257.4,,,,,0.0,0.0,0.0,0.0,23892.2
3375.97,0.0,77280.0,,,,,0.0,0.0,0.0,0.0,23862.5
3376.97,100.0,77280.0,,,,,100.0,100.0,100.0,100.0,23890.8
3377.97,0.0,77280.0,,,,,0.0,0.0,0.0,0.0,23881.3
3378.97,100.0,77280.0,,,,,100.0,100.0,100.0,100.0,23863.0
3379.97,0.0,77324.6,,,,,0.0,0.0,0.0,0.0,23876.4
3380.97,100.0,77291.1,,,,,100.0,100.0,100.0,100.0,23880.1
3381.97,0.0,77324.6,,,,,0.0,0.0,0.0,0.0,23860.2
3382.97,100.0,77302.3,,,,,100.0,100.0,100.0,100.0,23871.7
3383.97,0.0,77324.6,,,,,0.0,0.0,0.0,0.0,23876.0
3384.97,100.0,77324.6,,,,,100.0,100.0,100.0,100.0,23858.9
3385.97,100.0,77408.8,,,,,100.0,100.0,100.0,100.0,23897.5
3386.97,0.0,77751.4,,,,,0.0,0.0,0.0,0.0,23925.0
3387.97,100.0,77706.6,,,,,100.0,100.0,100.0,100.0,23925.0
3388.97,0.0,77706.6,,,,,0.0,0.0,0.0,0.0,23925.0
3389.97,100.0,77279.4,,,,,100.0,100.0,100.0,100.0,23858.2
3390.97,0.0,77280.0,,,,,0.0,0.0,0.0,0.0,23905.8
3391.97,0.0,77280.0,,,,,0.0,0.0,0.0,0.0,23865.3
3392.97,100.0,77280.0,,,,,100.0,100.0,100.0,100.0,23852.9
3393.97,0.0,77280.0,,,,,0.0,0.0,0.0,0.0,23892.6
3394.97,100.0,77280.0,,,,,100.0,100.0,100.0,100.0,23865.4
3395.97,0.0,77324.6,,,,,0.0,0.0,0.0,0.0,23849.1
3396.97,100.0,77280.0,,,,,100.0,100.0,100.0,100.0,23882.1
3397.97,0.0,77324.6,,,,,0.0,0.0,0.0,0.0,23867.2
3398.97,100.0,77324.6,,,,,100.0,100.0,100.0,100.0,23907.2
3399.97,100.0,77280.0,,,,,100.0,100.0,100.0,100.0,23879.8
3400.97,0.0,77324.6,,,,,0.0,0.0,0.0,0.0,23862.4
3401.97,100.0,77313.5,,,,,100.0,100.0,100.0,100.0,23902.8
3402.97,0.0,77751.4,,,,,0.0,0.0,0.0,0.0,23925.0
3403.97,100.0,77706.6,,,,,100.0,100.0,100.0,100.0,23925.1
3404.97,0.0,77706.6,,,,,0.0,0.0,0.0,0.0,23925.1
3405.97,100.0,77279.4,,,,,100.0,100.0,100.0,100.0,23862.4
3406.97,0.0,77280.0,,,,,0.0,0.0,0.0,0.0,23844.2
3407.97,0.0,77280.0,,,,,0.0,0.0,0.0,0.0,23874.9
3408.97,100.0,77280.0,,,,,100.0,100.0,100.0,100.0,23865.4
3409.97,0.0,77324.6,,,,,0.0,0.0,0.0,0.0,23908.4
3410.97,100.0,77280.0,,,,,100.0,100.0,100.0,100.0,23872.4
3411.97,0.0,77324.6,,,,,0.0,0.0,0.0,0.0,23858.8
3412.97,100.0,77291.1,,,,,100.0,100.0,100.0,100.0,23894.0
3413.97,0.0,77324.6,,,,,0.0,0.0,0.0,0.0,23872.9
3414.97,100.0,77324.6,,,,,100.0,100.0,100.0,100.0,23896.8
3415.97,100.0,77291.1,,,,,100.0,100.0,100.0,100.0,23874.1
3416.97,0.0,77324.6,,,,,0.0,0.0,0.0,0.0,23870.3
3417.97,100.0,77431.3,,,,,100.0,100.0,100.0,100.0,23913.8
3418.98,0.0,77751.4,,,,,0.0,0.0,0.0,0.0,23928.2
3419.98,100.0,77706.6,,,,,100.0,100.0,100.0,100.0,23928.2
3420.98,0.0,77706.6,,,,,0.0,0.0,0.0,0.0,23928.2
3421.98,100.0,77279.4,,,,,100.0,100.0,100.0,100.0,23866.2
3422.98,0.0,77280.0,,,,,0.0,0.0,0.0,0.0,23848.5
3423.98,0.0,77280.0,,,,,0.0,0.0,0.0,0.0,23878.9
3424.98,100.0,77280.0,,,,,100.0,100.0,100.0,100.0,23866.3
3425.98,0.0,77324.6,,,,,0.0,0.0,0.0,0.0,23908.9
3426.98,100.0,77280.0,,,,,100.0,100.0,100.0,100.0,23876.4
3427.98,0.0,77324.6,,,,,0.0,0.0,0.0,0.0,23861.6
3428.98,100.0,77313.3,,,,,100.0,100.0,100.0,100.0,23874.9
3429.98,100.0,77280.0,,,,,100.0,100.0,100.0,100.0,23876.3
3430.98,0.0,77324.6,,,,,0.0,0.0,0.0,0.0,23857.6
3431.98,100.0,77302.3,,,,,100.0,100.0,100.0,100.0,23896.9
3432.98,0.0,77324.6,,,,,0.0,0.0,0.0,0.0,23871.3
3433.98,100.0,77538.0,,,,,100.0,100.0,100.0,100.0,23919.4
3434.98,0.0,77751.4,,,,,0.0,0.0,0.0,0.0,23929.1
3435.98,100.0,77706.6,,,,,100.0,100.0,100.0,100.0,23929.1
3436.98,0.0,77706.6,,,,,0.0,0.0,0.0,0.0,23929.1
3437.98,100.0,77279.4,,,,,100.0,100.0,100.0,100.0,23867.9
3438.98,0.0,77280.0,,,,,0.0,0.0,0.0,0.0,23852.8
3439.98,0.0,77280.0,,,,,0.0,0.0,0.0,0.0,23895.5
3440.98,100.0,77280.0,,,,,100.0,100.0,100.0,100.0,23872.6
3441.98,0.0,77324.6,,,,,0.0,0.0,0.0,0.0,23909.2
3442.98,100.0,77280.0,,,,,100.0,100.0,100.0,100.0,23888.8
3443.98,100.0,77280.0,,,,,100.0,100.0,100.0,100.0,23869.8
3444.98,0.0,77324.6,,,,,0.0,0.0,0.0,0.0,23882.3
3445.98,100.0,77280.0,,,,,100.0,100.0,100.0,100.0,23882.6
3446.98,0.0,77324.6,,,,,0.0,0.0,0.0,0.0,23868.5
3447.98,100.0,77324.6,,,,,100.0,100.0,100.0,100.0,23911.3
3448.98,0.0,77324.6,,,,,0.0,0.0,0.0,0.0,23878.3
3449.98,100.0,77751.4,,,,,100.0,100.0,100.0,100.0,23929.0
3450.98,0.0,77751.4,,,,,0.0,0.0,0.0,0.0,23929.0
3451.98,100.0,77706.6,,,,,100.0,100.0,100.0,100.0,23929.0
3452.98,100.0,77279.4,,,,,100.0,100.0,100.0,100.0,23929.3
3453.98,0.0,77279.4,,,,,0.0,0.0,0.0,0.0,23871.8
3454.98,0.0,77280.0,,,,,0.0,0.0,0.0,0.0,23857.7
3455.98,0.0,77313.3,,,,,0.0,0.0,0.0,0.0,23907.4
3456.98,100.0,77280.0,,,,,100.0,100.0,100.0,100.0,23872.8
3457.98,0.0,77324.6,,,,,0.0,0.0,0.0,0.0,23857.6
3458.98,100.0,77291.1,,,,,100.0,100.0,100.0,100.0,23893.5
3459.98,100.0,77280.0,,,,,100.0,100.0,100.0,100.0,23870.9
3460.98,0.0,77324.6,,,,,0.0,0.0,0.0,0.0,23883.5
3461.98,100.0,77280.0,,,,,100.0,100.0,100.0,100.0,23886.5
3462.98,0.0,77324.6,,,,,0.0,0.0,0.0,0.0,23866.7
3463.98,100.0,77302.3,,,,,100.0,100.0,100.0,100.0,23901.7
3464.98,0.0,77324.6,,,,,0.0,0.0,0.0,0.0,23884.8
3465.99,100.0,77538.0,,,,,100.0,100.0,100.0,100.0,23922.7
3466.99,0.0,77751.4,,,,,0.0,0.0,0.0,0.0,23932.2
3467.99,100.0,77706.6,,,,,100.0,100.0,100.0,100.0,23932.2
3468.99,100.0,77279.4,,,,,100.0,100.0,100.0,100.0,23851.3
3469.99,0.0,77279.4,,,,,0.0,0.0,0.0,0.0,23878.1
3470.99,0.0,77280.0,,,,,0.0,0.0,0.0,0.0,23858.9
3471.99,0.0,77302.3,,,,,0.0,0.0,0.0,0.0,23901.2
3472.99,100.0,77280.0,,,,,100.0,100.0,100.0,100.0,23866.1
3473.99,100.0,77280.0,,,,,100.0,100.0,100.0,100.0,23877.3
3474.99,0.0,77280.0,,,,,0.0,0.0,0.0,0.0,23878.7
3475.99,100.0,77280.0,,,,,100.0,100.0,100.0,100.0,23864.6
3476.99,0.0,77313.5,,,,,0.0,0.0,0.0,0.0,23903.5
3477.99,100.0,77280.0,,,,,100.0,100.0,100.0,100.0,23875.9
3478.99,0.0,77324.6,,,,,0.0,0.0,0.0,0.0,23886.0
3479.99,100.0,77302.3,,,,,100.0,100.0,100.0,100.0,23868.1
3480.99,0.0,77324.6,,,,,0.0,0.0,0.0,0.0,23873.2
3481.99,100.0,77538.0,,,,,100.0,100.0,100.0,100.0,23919.2
3482.99,100.0,77706.6,,,,,100.0,100.0,100.0,100.0,23929.3
3483.99,0.0,77706.6,,,,,0.0,0.0,0.0,0.0,23929.3
3484.99,100.0,77279.4,,,,,100.0,100.0,100.0,100.0,23849.6
3485.99,0.0,77279.4,,,,,0.0,0.0,0.0,0.0,23881.8
3486.99,0.0,77280.0,,,,,0.0,0.0,0.0,0.0,23866.1
3487.99,0.0,77324.6,,,,,0.0,0.0,0.0,0.0,23911.6
3488.99,100.0,77280.0,,,,,100.0,100.0,100.0,100.0,23879.4
3489.99,100.0,77280.0,,,,,100.0,100.0,100.0,100.0,23865.2
3490.99,0.0,77324.6,,,,,0.0,0.0,0.0,0.0,23909.8
3491.99,100.0,77280.0,,,,,100.0,100.0,100.0,100.0,23875.5
3492.99,0.0,77324.6,,,,,0.0,0.0,0.0,0.0,23859.3
3493.99,100.0,77291.1,,,,,100.0,100.0,100.0,100.0,23884.1
3494.99,0.0,77324.6,,,,,0.0,0.0,0.0,0.0,23874.0
3495.99,100.0,77324.6,,,,,100.0,100.0,100.0,100.0,23886.3
3496.99,0.0,77335.8,,,,,0.0,0.0,0.0,0.0,23891.8
3497.99,100.0,77751.4,,,,,100.0,100.0,100.0,100.0,23932.4
3498.99,100.0,77706.6,,,,,100.0,100.0,100.0,100.0,23932.4
3499.99,0.0,77706.6,,,,,0.0,0.0,0.0,0.0,23932.4
3500.99,100.0,77279.4,,,,,100.0,100.0,100.0,100.0,23853.5
3501.99,0.0,77268.4,,,,,0.0,0.0,0.0,0.0,23896.7
3502.99,0.0,77280.0,,,,,0.0,0.0,0.0,0.0,23868.0
3503.99,100.0,77280.0,,,,,100.0,100.0,100.0,100.0,23913.7
3504.99,0.0,77280.0,,,,,0.0,0.0,0.0,0.0,23880.9
3505.99,100.0,77280.0,,,,,100.0,100.0,100.0,100.0,23863.2
3506.99,0.0,77324.6,,,,,0.0,0.0,0.0,0.0,23897.9
3507.99,100.0,77280.0,,,,,100.0,100.0,100.0,100.0,23878.5
3508.99,0.0,77324.6,,,,,0.0,0.0,0.0,0.0,23866.5
3509.99,100.0,77313.5,,,,,100.0,100.0,100.0,100.0,23910.4
3510.99,0.0,77324.6,,,,,0.0,0.0,0.0,0.0,23877.6
3511.99,100.0,77324.6,,,,,100.0,100.0,100.0,100.0,23874.1
3512.99,100.0,77291.1,,,,,100.0,100.0,100.0,100.0,23897.8
3514.0,0.0,77751.4,,,,,0.0,0.0,0.0,0.0,23934.0
3515.0,100.0,77706.6,,,,,100.0,100.0,100.0,100.0,23934.0
3516.0,0.0,77706.6,,,,,0.0,0.0,0.0,0.0,23934.0
3517.0,100.0,77279.4,,,,,100.0,100.0,100.0,100.0,23859.1
3518.0,0.0,77268.8,,,,,0.0,0.0,0.0,0.0,23912.0
3519.0,0.0,77280.0,,,,,0.0,0.0,0.0,0.0,23874.9
3520.0,100.0,77280.0,,,,,100.0,100.0,100.0,100.0,23857.3
3521.0,0.0,77280.0,,,,,0.0,0.0,0.0,0.0,23892.6
3522.0,100.0,77280.0,,,,,100.0,100.0,100.0,100.0,23871.7
3523.0,0.0,77324.6,,,,,0.0,0.0,0.0,0.0,23884.3
3524.0,100.0,77280.0,,,,,100.0,100.0,100.0,100.0,23887.7
3525.0,0.0,77324.6,,,,,0.0,0.0,0.0,0.0,23873.7
3526.0,100.0,77324.6,,,,,100.0,100.0,100.0,100.0,23913.9
3527.0,0.0,77324.6,,,,,0.0,0.0,0.0,0.0,23886.3
3528.0,100.0,77324.6,,,,,100.0,100.0,100.0,100.0,23868.7
3529.0,100.0,77313.5,,,,,100.0,100.0,100.0,100.0,23914.1
3530.0,0.0,77751.1,,,,,0.0,0.0,0.0,0.0,23933.1
3531.0,100.0,77706.4,,,,,100.0,100.0,100.0,100.0,23933.1
3532.0,0.0,77706.4,,,,,0.0,0.0,0.0,0.0,23933.1
3533.0,100.0,77233.9,,,,,100.0,100.0,100.0,100.0,23935.8
3534.0,0.0,77233.9,,,,,0.0,0.0,0.0,0.0,23936.2
3535.0,0.02,77233.9,,,,,0.01,0.02,0.03,0.01,23954.2
3536.0,0.02,14741.2,,,,,0.01,0.01,0.03,0.02,24121.7
3537.0,0.0,10907.2,,,,,0.0,0.0,0.0,0.0,24171.3
3538.0,0.0,10907.2,,,,,0.0,0.0,0.0,0.0,24335.8
3539.0,0.0,10907.2,,,,,0.0,0.0,0.0,0.0,24610.4
3540.0,0.0,10907.2,,,,,0.0,0.0,0.0,0.0,24768.9
3541.0,0.0,5453.6,,,,,0.0,0.0,0.0,0.0,2.3
3542.0,0.0,0.0,,,,,0.0,0.0,0.0,0.0,0.0
3543.0,0.0,0.0,,,,,0.0,0.0,0.0,0.0,0.0
