[sft_lora] profile=trn1 (trn1.2xlarge) -- re-exec under torchrun (--nproc_per_node=2, one rank per logical NeuronCore)
[sft_lora] /opt/aws_neuronx_venv_pytorch_2_9/bin/python -m torch.distributed.run --nproc_per_node=2 /opt/np/repo/shared/train/sft_lora.py --tag llama31_lora_maxutil --model meta-llama/Llama-3.1-8B-Instruct --seq-len 4096 --out /opt/np/repo/trn1/results/maxutil/llama31_lora_maxutil.json

*****************************************
Setting OMP_NUM_THREADS environment variable for each process to be 1 in default, to avoid your system being overloaded, please further tune the variable for optimal performance in your application as needed. 
*****************************************
/opt/aws_neuronx_venv_pytorch_2_9/lib/python3.12/site-packages/neuronx_distributed/modules/moe/blockwise.py:100: DeprecationWarning: torch_neuronx.nki_jit is deprecated, use nki.jit instead.
  component, error = import_nki(config)
/opt/aws_neuronx_venv_pytorch_2_9/lib/python3.12/site-packages/neuronx_distributed/modules/moe/blockwise.py:100: DeprecationWarning: torch_neuronx.nki_jit is deprecated, use nki.jit instead.
  component, error = import_nki(config)
/opt/aws_neuronx_venv_pytorch_2_9/lib/python3.12/site-packages/neuronx_distributed/modules/moe/blockwise.py:102: UserWarning: Warning: Failed to import blockwise_mm_baseline_shard_hidden: No module named 'neuronxcc.nki._private.blockwise_mm'
  warnings.warn(f"Warning: {error}")
/opt/aws_neuronx_venv_pytorch_2_9/lib/python3.12/site-packages/neuronx_distributed/modules/moe/blockwise.py:102: UserWarning: Warning: Failed to import blockwise_mm_baseline_shard_hidden: No module named 'neuronxcc.nki._private.blockwise_mm'
  warnings.warn(f"Warning: {error}")
/opt/aws_neuronx_venv_pytorch_2_9/lib/python3.12/site-packages/neuronx_distributed/modules/moe/blockwise.py:102: UserWarning: Warning: Failed to import blockwise_mm_bwd: No module named 'neuronxcc.nki._private.blockwise_mm_bwd'
  warnings.warn(f"Warning: {error}")
/opt/aws_neuronx_venv_pytorch_2_9/lib/python3.12/site-packages/neuronx_distributed/modules/moe/blockwise.py:102: UserWarning: Warning: Failed to import blockwise_mm_bwd: No module named 'neuronxcc.nki._private.blockwise_mm_bwd'
  warnings.warn(f"Warning: {error}")
/opt/aws_neuronx_venv_pytorch_2_9/lib/python3.12/site-packages/neuronx_distributed/modules/moe/blockwise.py:102: UserWarning: Warning: Failed to import blockwise_mm_bwd_baseline_shard_hidden: No module named 'neuronxcc.nki._private.blockwise_mm_bwd'
  warnings.warn(f"Warning: {error}")
/opt/aws_neuronx_venv_pytorch_2_9/lib/python3.12/site-packages/neuronx_distributed/modules/moe/blockwise.py:102: UserWarning: Warning: Failed to import blockwise_mm_bwd_baseline_shard_hidden: No module named 'neuronxcc.nki._private.blockwise_mm_bwd'
  warnings.warn(f"Warning: {error}")
2026-Aug-06 07:52:12.270748 18812:18812  WARN   NRT:nrt_config_parse_init_config            Implicit Async using NEURON_RT_ASYNC_EXEC_MAX_INFLIGHT_REQUESTS will not be supported in a future release of the Neuron Runtime. Migrate to using the new Neuron Runtime Async APIs to address the risk of this future breaking change. https://awsdocs-neuron.readthedocs-hosted.com/en/latest/neuron-runtime/api/nrt-async-api-overview.html
2026-Aug-06 07:52:12.270748 18813:18813  WARN   NRT:nrt_config_parse_init_config            Implicit Async using NEURON_RT_ASYNC_EXEC_MAX_INFLIGHT_REQUESTS will not be supported in a future release of the Neuron Runtime. Migrate to using the new Neuron Runtime Async APIs to address the risk of this future breaking change. https://awsdocs-neuron.readthedocs-hosted.com/en/latest/neuron-runtime/api/nrt-async-api-overview.html
2026-Aug-06 07:52:17.0616 18813:18839 [1] int nccl_net_ofi_create_plugin(nccl_net_ofi_plugin_t**):273 CCOM WARN NET/OFI Failed t2026-Aug-06 07:52:17.0616 18812:18834 [0] int nccl_net_ofi_create_plugin(nccl_net_ofi_plugin_t**):273 CCOM WARN NET/OFI Failed to initialize rdma protocol
o initialize rdma protocol
2026-Aug-06 07:52:17.0616 18812:18834 [0] int nccl_net_ofi_create_plugin(nccl_net_ofi_plugin_t**):416 CCOM WARN NET/OFI aws-ofi-nccl initialization failed
2026-Aug-06 07:52:17.0618 18813:18839 [1] int nccl_net_ofi_create_plugin(nccl_net_ofi_plugin_t**):416 CCOM WARN NET/OFI aws-ofi-nccl initialization failed
2026-Aug-06 07:52:17.0620 18812:18834 [0] ncclResult_t nccl_net_ofi_init(ncclDebugLogger_t):78 CCOM WARN NET/OFI Initializing plugin failed
2026-Aug-06 07:52:17.0622 18813:18839 [1] ncclResult_t nccl_net_ofi_init(ncclDebugLogger_t):78 CCOM WARN NET/OFI Initializing plugin failed
2026-Aug-06 07:52:17.0624 18812:18834 [0] net_plugin.cc:104 CCOM WARN OFI plugin initNet() failed is EFA enabled?
2026-Aug-06 07:52:17.0626 18813:18839 [1] net_plugin.cc:104 CCOM WARN OFI plugin initNet() failed is EFA enabled?
[2026-08-06 07:52:17.781: I neuronx_distributed/parallel_layers/parallel_state.py:638] > initializing tensor model parallel with size 2
[2026-08-06 07:52:17.782: I neuronx_distributed/parallel_layers/parallel_state.py:639] > initializing pipeline model parallel with size 1
[2026-08-06 07:52:17.782: I neuronx_distributed/parallel_layers/parallel_state.py:640] > initializing context model parallel with size 1
[2026-08-06 07:52:17.782: I neuronx_distributed/parallel_layers/parallel_state.py:641] > initializing data parallel with size 1
[2026-08-06 07:52:17.782: I neuronx_distributed/parallel_layers/parallel_state.py:642] > initializing world size to 2
2026-08-06 07:52:17.000970:  18812  [INFO]: Using a cached neff at /opt/np/cache/neuron-compile-cache/neuronxcc-2.26.6360.0+6f180f47/MODULE_10918481393192567537+e30acd3a/model.neff
2026-08-06 07:52:17.000970:  18813  [INFO]: Using a cached neff at /opt/np/cache/neuron-compile-cache/neuronxcc-2.26.6360.0+6f180f47/MODULE_10918481393192567537+e30acd3a/model.neff
[2026-08-06 07:52:18.039: I neuronx_distributed/parallel_layers/parallel_state.py:387] [rank_0_pp-1_tp-1_dp-1_cp-1] Chosen Logic for replica groups ret_logic=<PG_Group_Logic.LOGIC1: (<function ascending_ring_PG_group at 0x795077cd6b60>, 'Ascending Ring PG Group')>
[2026-08-06 07:52:18.043: I neuronx_distributed/parallel_layers/parallel_state.py:666] [rank_0_pp-1_tp-1_dp-1_cp-1] tp_groups: replica_groups.tp_groups=[[0, 1]]
[2026-08-06 07:52:18.043: I neuronx_distributed/parallel_layers/parallel_state.py:667] [rank_0_pp-1_tp-1_dp-1_cp-1] dp_groups: replica_groups.dp_groups=[[0], [1]]
[2026-08-06 07:52:18.043: I neuronx_distributed/parallel_layers/parallel_state.py:668] [rank_0_pp-1_tp-1_dp-1_cp-1] pp_groups: replica_groups.pp_groups=[[0], [1]]
[2026-08-06 07:52:18.043: I neuronx_distributed/parallel_layers/parallel_state.py:669] [rank_0_pp-1_tp-1_dp-1_cp-1] cp_groups: replica_groups.cp_groups=[[0], [1]]
[2026-08-06 07:52:18.043: I neuronx_distributed/parallel_layers/parallel_state.py:670] [rank_0_pp-1_tp-1_dp-1_cp-1] ep_model_groups: replica_groups.ep_model_groups=[[0], [1]]
[2026-08-06 07:52:18.043: I neuronx_distributed/parallel_layers/parallel_state.py:671] [rank_0_pp-1_tp-1_dp-1_cp-1] ep_data_groups: replica_groups.ep_data_groups=[[0], [1]]
PyTorch: setting up devices
PyTorch: setting up devices
/opt/aws_neuronx_venv_pytorch_2_9/lib/python3.12/site-packages/optimum/neuron/models/inference/llama/modeling_llama.py:33: DeprecationWarning: torch_neuronx.nki_jit is deprecated, use nki.jit instead.
  from ..backend.modules.attention.attention_base import NeuronAttentionBase
/opt/aws_neuronx_venv_pytorch_2_9/lib/python3.12/site-packages/optimum/neuron/models/inference/llama/modeling_llama.py:33: DeprecationWarning: torch_neuronx.nki_jit is deprecated, use nki.jit instead.
  from ..backend.modules.attention.attention_base import NeuronAttentionBase
loading weights file model.safetensors from cache at /opt/np/models/hf/hub/models--meta-llama--Llama-3.1-8B-Instruct/snapshots/0e9e39f249a16976918f6564b8830bc894c89659/model.safetensors.index.json
loading weights file model.safetensors from cache at /opt/np/models/hf/hub/models--meta-llama--Llama-3.1-8B-Instruct/snapshots/0e9e39f249a16976918f6564b8830bc894c89659/model.safetensors.index.json
Loading checkpoint shards:   0%|          | 0/4 [00:00<?, ?it/s]Loading checkpoint shards:   0%|          | 0/4 [00:00<?, ?it/s]Loading checkpoint shards:  25%|██▌       | 1/4 [00:18<00:56, 18.79s/it]Loading checkpoint shards:  25%|██▌       | 1/4 [00:18<00:56, 18.81s/it]Loading checkpoint shards:  50%|█████     | 2/4 [00:46<00:47, 23.82s/it]Loading checkpoint shards:  50%|█████     | 2/4 [00:46<00:47, 23.91s/it]Loading checkpoint shards:  75%|███████▌  | 3/4 [01:08<00:22, 23.00s/it]Loading checkpoint shards:  75%|███████▌  | 3/4 [01:08<00:23, 23.00s/it]Loading checkpoint shards: 100%|██████████| 4/4 [01:12<00:00, 15.63s/it]Loading checkpoint shards: 100%|██████████| 4/4 [01:12<00:00, 18.12s/it]
All model checkpoint weights were used when initializing LlamaForCausalLM.

All the weights of LlamaForCausalLM were initialized from the model checkpoint at meta-llama/Llama-3.1-8B-Instruct.
If your task is similar to the task the model of the checkpoint was trained on, you can already use LlamaForCausalLM for predictions without further training.
Loading checkpoint shards: 100%|██████████| 4/4 [01:12<00:00, 15.62s/it]Loading checkpoint shards: 100%|██████████| 4/4 [01:12<00:00, 18.13s/it]
All model checkpoint weights were used when initializing LlamaForCausalLM.

All the weights of LlamaForCausalLM were initialized from the model checkpoint at meta-llama/Llama-3.1-8B-Instruct.
If your task is similar to the task the model of the checkpoint was trained on, you can already use LlamaForCausalLM for predictions without further training.
/opt/np/repo/shared/train/sft_lora.py:1524: DeprecationWarning: Use torch_xla.device instead
  device=xm.xla_device())
/opt/np/repo/shared/train/sft_lora.py:1524: DeprecationWarning: Use torch_xla.device instead
  device=xm.xla_device())
/opt/np/repo/shared/train/sft_lora.py:1526: DeprecationWarning: Use torch_xla.sync instead
  xm.mark_step()
/opt/np/repo/shared/train/sft_lora.py:1526: DeprecationWarning: Use torch_xla.sync instead
  xm.mark_step()
2026-08-06 07:54:11.000445:  18812  [INFO]: Using a cached neff at /opt/np/cache/neuron-compile-cache/neuronxcc-2.26.6360.0+6f180f47/MODULE_5826833238478477259+e30acd3a/model.neff
2026-08-06 07:54:11.000445:  18813  [INFO]: Using a cached neff at /opt/np/cache/neuron-compile-cache/neuronxcc-2.26.6360.0+6f180f47/MODULE_5826833238478477259+e30acd3a/model.neff
2026-08-06 07:54:11.000499:  18812  [INFO]: Using a cached neff at /opt/np/cache/neuron-compile-cache/neuronxcc-2.26.6360.0+6f180f47/MODULE_17281575579459249431+e30acd3a/model.neff
2026-08-06 07:54:11.000499:  18813  [INFO]: Using a cached neff at /opt/np/cache/neuron-compile-cache/neuronxcc-2.26.6360.0+6f180f47/MODULE_17281575579459249431+e30acd3a/model.neff
2026-08-06 07:54:11.000518:  18813  [INFO]: Using a cached neff at /opt/np/cache/neuron-compile-cache/neuronxcc-2.26.6360.0+6f180f47/MODULE_16314927993349291726+e30acd3a/model.neff
2026-08-06 07:54:11.000519:  18812  [INFO]: Using a cached neff at /opt/np/cache/neuron-compile-cache/neuronxcc-2.26.6360.0+6f180f47/MODULE_16314927993349291726+e30acd3a/model.neff
PyTorch: setting up devices
`even_batches` in `AcceleratorConfig` is not supported in NeuronTrainer and will be ignored. Make sure that your dataset size is divisible by the train batch size x gradient accumulation steps x data parallel size.
`use_seedable_sampler` in `AcceleratorConfig` is not supported in NeuronTrainer and will be ignored.
No label_names provided for model class `NeuronPeftModelForCausalLM`. Since `NeuronPeftModel` hides base models input arguments, if label_names is not given, label_names can't be set automatically within `NeuronTrainer`. Note that empty label_names list will be used instead.
  grad ckpt shim     : module globals ['modeling_utils', 'modeling_llama', 'modeling_granite']; 0 bound funcs wrapped

==============================================================================
  LoRA SFT on Trainium            tag=llama31_lora_maxutil
==============================================================================
  model              : meta-llama/Llama-3.1-8B-Instruct
  params total       : 8,082,956,288  (rank-local shard 4,041,478,144; via xla_all_reduce)
  params trainable   : 52,428,800  (0.649% of total)
  grad checkpointing : True
  parallelism        : world=2 tp=2 dp=1 pp=1
  lora               : r=16 alpha=32 dropout=0.05
  lora targets       : q_proj,k_proj,v_proj,o_proj,gate_proj,up_proj,down_proj
  seq_len            : 4096  (packing=True, attn=flash_attention_2)
  batch              : micro=1 grad_accum=8 -> 32,768 tok/optimizer step
  schedule           : epochs=3 max_steps=-1 lr=0.0001
  seed               : 42
  dataset            : databricks/databricks-dolly-15k
  neuron cache       : /opt/np/cache/neuron-compile-cache
  adapter out        : /opt/np/models/adapters/llama31_lora_maxutil
  versions           : torch=2.9.1 optimum-neuron=0.4.3 neuronx-cc=2.26.6360.0+6f180f47
==============================================================================

Pipeline parallelsim: forcing the dataloader to drop the last incomplete batch because it can cause failure if the last batch size is not divisible by the number of microbatches for the pipeline.
WARNING:root:Not saving master weights may have accuracy issues when resuming training!
2026-08-06 07:54:31.000186:  18813  [INFO]: Using a cached neff at /opt/np/cache/neuron-compile-cache/neuronxcc-2.26.6360.0+6f180f47/MODULE_4020207309534495528+e30acd3a/model.neff
/opt/aws_neuronx_venv_pytorch_2_9/lib/python3.12/site-packages/neuronx_distributed/parallel_layers/layers.py:531: FutureWarning: `torch.cuda.amp.autocast(args...)` is deprecated. Please use `torch.amp.autocast('cuda', args...)` instead.
  with torch.cuda.amp.autocast(enabled=False):
Neuron NKI - Kernel call: flash_fwd(q = Tensor(shape: (1, 16, 128, 4096), dtype: bfloat16), k = Tensor(shape: (1, 16, 128, 4096), dtype: bfloat16), v = Tensor(shape: (1, 16, 128, 4096), dtype: bfloat16), seed = None, logit_bias = None, softmax_scale = 0.08838834764831845, use_causal_mask = True, sliding_window = -1, mixed_precision = True, dropout_p = 0.0, config = FlashConfig(seq_tile_size=2048, attn_core_tile_size=256, training=True, should_transpose_v=True, lse_dtype=''))
/opt/aws_neuronx_venv_pytorch_2_9/lib/python3.12/site-packages/optimum/neuron/models/training/llama/modeling_llama.py:496: DeprecationWarning: Block dimension is deprecated. The leading dimension of SBUF tensor must be partition dimension
  attn_output = nki_flash_attn_func(
/opt/aws_neuronx_venv_pytorch_2_9/lib/python3.12/site-packages/optimum/neuron/models/training/llama/modeling_llama.py:496: DeprecationWarning: Block dimension is deprecated. The leading dimension of SBUF tensor must be partition dimension
  attn_output = nki_flash_attn_func(
/opt/aws_neuronx_venv_pytorch_2_9/lib/python3.12/site-packages/neuronx_distributed/parallel_layers/layers.py:531: FutureWarning: `torch.cuda.amp.autocast(args...)` is deprecated. Please use `torch.amp.autocast('cuda', args...)` instead.
  with torch.cuda.amp.autocast(enabled=False):
/opt/aws_neuronx_venv_pytorch_2_9/lib/python3.12/site-packages/torch/utils/checkpoint.py:85: UserWarning: None of the inputs have requires_grad=True. Gradients will be None
  warnings.warn(
WARNING:root:Not saving master weights may have accuracy issues when resuming training!
***** Running training *****
  Num examples = 868
  Num Epochs = 3
  Data Parallel Size: 1
  Tensor Parallel Size: 2
  Pipeline Parallel Size: 1
  Instantaneous batch size per data parallel rank = 1
  Gradient Accumulation steps = 8
  Total train batch size (w. parallel, distributed & accumulation) = 8
  Total optimization steps = 327
  Num trainable parameters = 39,845,888
Neuron NKI - Kernel call: flash_attn_bwd(q_ref = Tensor(shape: (1, 16, 128, 4096), dtype: bfloat16), k_ref = Tensor(shape: (1, 16, 128, 4096), dtype: bfloat16), v_ref = Tensor(shape: (1, 16, 128, 4096), dtype: bfloat16), o_ref = Tensor(shape: (1, 16, 128, 4096), dtype: bfloat16), dy_ref = Tensor(shape: (1, 16, 128, 4096), dtype: bfloat16), lse_ref = Tensor(shape: (1, 16, 128, 32), dtype: float32), seed_ref = None, logit_bias_ref = None, use_causal_mask = True, mixed_precision = True, dropout_p = 0.0, softmax_scale = 0.08838834764831845, sliding_window = -1, sinks = None)
2026-08-06 07:54:31.000877:  18812  [INFO]: Using a cached neff at /opt/np/cache/neuron-compile-cache/neuronxcc-2.26.6360.0+6f180f47/MODULE_4020207309534495528+e30acd3a/model.neff
/opt/aws_neuronx_venv_pytorch_2_9/lib/python3.12/site-packages/neuronx_distributed/parallel_layers/layers.py:531: FutureWarning: `torch.cuda.amp.autocast(args...)` is deprecated. Please use `torch.amp.autocast('cuda', args...)` instead.
  with torch.cuda.amp.autocast(enabled=False):
Neuron NKI - Kernel call: flash_fwd(q = Tensor(shape: (1, 16, 128, 4096), dtype: bfloat16), k = Tensor(shape: (1, 16, 128, 4096), dtype: bfloat16), v = Tensor(shape: (1, 16, 128, 4096), dtype: bfloat16), seed = None, logit_bias = None, softmax_scale = 0.08838834764831845, use_causal_mask = True, sliding_window = -1, mixed_precision = True, dropout_p = 0.0, config = FlashConfig(seq_tile_size=2048, attn_core_tile_size=256, training=True, should_transpose_v=True, lse_dtype=''))
/opt/aws_neuronx_venv_pytorch_2_9/lib/python3.12/site-packages/optimum/neuron/models/training/llama/modeling_llama.py:496: DeprecationWarning: Block dimension is deprecated. The leading dimension of SBUF tensor must be partition dimension
  attn_output = nki_flash_attn_func(
/opt/aws_neuronx_venv_pytorch_2_9/lib/python3.12/site-packages/optimum/neuron/models/training/llama/modeling_llama.py:496: DeprecationWarning: Block dimension is deprecated. The leading dimension of SBUF tensor must be partition dimension
  attn_output = nki_flash_attn_func(
/opt/aws_neuronx_venv_pytorch_2_9/lib/python3.12/site-packages/neuronx_distributed/parallel_layers/layers.py:531: FutureWarning: `torch.cuda.amp.autocast(args...)` is deprecated. Please use `torch.amp.autocast('cuda', args...)` instead.
  with torch.cuda.amp.autocast(enabled=False):
/opt/aws_neuronx_venv_pytorch_2_9/lib/python3.12/site-packages/torch/utils/checkpoint.py:85: UserWarning: None of the inputs have requires_grad=True. Gradients will be None
  warnings.warn(
Neuron NKI - Kernel call: flash_attn_bwd(q_ref = Tensor(shape: (1, 16, 128, 4096), dtype: bfloat16), k_ref = Tensor(shape: (1, 16, 128, 4096), dtype: bfloat16), v_ref = Tensor(shape: (1, 16, 128, 4096), dtype: bfloat16), o_ref = Tensor(shape: (1, 16, 128, 4096), dtype: bfloat16), dy_ref = Tensor(shape: (1, 16, 128, 4096), dtype: bfloat16), lse_ref = Tensor(shape: (1, 16, 128, 32), dtype: float32), seed_ref = None, logit_bias_ref = None, use_causal_mask = True, mixed_precision = True, dropout_p = 0.0, softmax_scale = 0.08838834764831845, sliding_window = -1, sinks = None)
2026-08-06 07:54:39.000081:  18813  [INFO]: Using a cached neff at /opt/np/cache/neuron-compile-cache/neuronxcc-2.26.6360.0+6f180f47/MODULE_1757034658024386166+e30acd3a/model.neff
2026-08-06 07:54:40.000133:  18812  [INFO]: Using a cached neff at /opt/np/cache/neuron-compile-cache/neuronxcc-2.26.6360.0+6f180f47/MODULE_919496829817819261+e30acd3a/model.neff
2026-08-06 07:55:05.000789:  18813  [INFO]: Using a cached neff at /opt/np/cache/neuron-compile-cache/neuronxcc-2.26.6360.0+6f180f47/MODULE_5925339426313347225+e30acd3a/model.neff
2026-08-06 07:55:06.000593:  18812  [INFO]: Using a cached neff at /opt/np/cache/neuron-compile-cache/neuronxcc-2.26.6360.0+6f180f47/MODULE_2143522893509843411+e30acd3a/model.neff
2026-08-06 07:55:32.000505:  18812  [INFO]: Using a cached neff at /opt/np/cache/neuron-compile-cache/neuronxcc-2.26.6360.0+6f180f47/MODULE_8651772410009939807+e30acd3a/model.neff
2026-08-06 07:55:32.000519:  18813  [INFO]: Using a cached neff at /opt/np/cache/neuron-compile-cache/neuronxcc-2.26.6360.0+6f180f47/MODULE_8651772410009939807+e30acd3a/model.neff
2026-08-06 07:55:34.000271:  18813  [INFO]: Using a cached neff at /opt/np/cache/neuron-compile-cache/neuronxcc-2.26.6360.0+6f180f47/MODULE_17694192085093063913+e30acd3a/model.neff
2026-08-06 07:55:34.000280:  18812  [INFO]: Using a cached neff at /opt/np/cache/neuron-compile-cache/neuronxcc-2.26.6360.0+6f180f47/MODULE_17694192085093063913+e30acd3a/model.neff
  step     1  loss   1.8489  |    56838.3 ms  | warmup
{'loss': 1.8489, 'learning_rate': 0.0001, 'grad_norm': 1.7975647449493408, 'train/tokens_per_sec': 532.8857839169619, 'train/step_time': 61.49160099400615, 'train/mfu': 163.62, 'train/efficiency': 9.68, 'train/forward_time_percent': 3.09, 'train/backward_time_percent': 6.26, 'train/optimizer_time_percent': 0.33, 'train/overhead_time_percent': 90.32, 'epoch': 0.009216589861751152}
{'loss': 1.8489, 'learning_rate': 0.0001, 'grad_norm': 1.7975647449493408, 'train/tokens_per_sec': 527.5684366955543, 'train/step_time': 62.111373086008825, 'train/mfu': 156.14, 'train/efficiency': 10.04, 'train/forward_time_percent': 3.38, 'train/backward_time_percent': 6.32, 'train/optimizer_time_percent': 0.34, 'train/overhead_time_percent': 89.96, 'epoch': 0.009216589861751152}
2026-08-06 07:55:55.000553:  18813  [INFO]: Using a cached neff at /opt/np/cache/neuron-compile-cache/neuronxcc-2.26.6360.0+6f180f47/MODULE_13826111191422246321+e30acd3a/model.neff
2026-08-06 07:55:55.000586:  18812  [INFO]: Using a cached neff at /opt/np/cache/neuron-compile-cache/neuronxcc-2.26.6360.0+6f180f47/MODULE_13826111191422246321+e30acd3a/model.neff
  step     2  loss   1.8122  |     9213.8 ms  | warmup
{'loss': 1.8122, 'learning_rate': 0.0001, 'grad_norm': 0.9702584147453308, 'train/tokens_per_sec': 1453.0072609929578, 'train/step_time': 22.55184876199928, 'train/mfu': 180.93, 'train/efficiency': 23.65, 'train/forward_time_percent': 7.29, 'train/backward_time_percent': 15.76, 'train/optimizer_time_percent': 0.59, 'train/overhead_time_percent': 76.35, 'epoch': 0.018433179723502304}
{'loss': 1.8122, 'learning_rate': 0.0001, 'grad_norm': 0.9702584147453308, 'train/tokens_per_sec': 1456.1037280462358, 'train/step_time': 22.50389128799725, 'train/mfu': 177.78, 'train/efficiency': 24.22, 'train/forward_time_percent': 7.87, 'train/backward_time_percent': 15.64, 'train/optimizer_time_percent': 0.71, 'train/overhead_time_percent': 75.78, 'epoch': 0.018433179723502304}
  step     3  loss   1.7601  |     9182.0 ms  | warmup{'loss': 1.7601, 'learning_rate': 0.0001, 'grad_norm': 0.770574688911438, 'train/tokens_per_sec': 1617.9919651827606, 'train/step_time': 20.252263735004817, 'train/mfu': 179.99, 'train/efficiency': 26.29, 'train/forward_time_percent': 8.56, 'train/backward_time_percent': 17.25, 'train/optimizer_time_percent': 0.48, 'train/overhead_time_percent': 73.71, 'epoch': 0.027649769585253458}

{'loss': 1.7601, 'learning_rate': 0.0001, 'grad_norm': 0.770574688911438, 'train/tokens_per_sec': 1618.0422328153122, 'train/step_time': 20.251634558997466, 'train/mfu': 185.58, 'train/efficiency': 25.55, 'train/forward_time_percent': 8.16, 'train/backward_time_percent': 16.88, 'train/optimizer_time_percent': 0.52, 'train/overhead_time_percent': 74.45, 'epoch': 0.027649769585253458}
  step     4  loss   1.5963  |     9160.3 ms  | warmup
{'loss': 1.5963, 'learning_rate': 0.0001, 'grad_norm': 0.6556097865104675, 'train/tokens_per_sec': 1619.697523573755, 'train/step_time': 20.230937889995403, 'train/mfu': 181.67, 'train/efficiency': 26.08, 'train/forward_time_percent': 8.25, 'train/backward_time_percent': 17.35, 'train/optimizer_time_percent': 0.48, 'train/overhead_time_percent': 73.92, 'epoch': 0.03686635944700461}
{'loss': 1.5963, 'learning_rate': 0.0001, 'grad_norm': 0.6556097865104675, 'train/tokens_per_sec': 1619.7056657603503, 'train/step_time': 20.23083618999226, 'train/mfu': 178.51, 'train/efficiency': 26.55, 'train/forward_time_percent': 8.66, 'train/backward_time_percent': 17.39, 'train/optimizer_time_percent': 0.5, 'train/overhead_time_percent': 73.45, 'epoch': 0.03686635944700461}
  step     5  loss   1.6244  |     9166.0 ms  | warmup
{'loss': 1.6244, 'learning_rate': 0.0001, 'grad_norm': 0.42631426453590393, 'train/tokens_per_sec': 1619.602645837077, 'train/step_time': 20.232123035995755, 'train/mfu': 181.55, 'train/efficiency': 26.12, 'train/forward_time_percent': 8.4, 'train/backward_time_percent': 17.21, 'train/optimizer_time_percent': 0.51, 'train/overhead_time_percent': 73.88, 'epoch': 0.04608294930875576}
{'loss': 1.6244, 'learning_rate': 0.0001, 'grad_norm': 0.42631426453590393, 'train/tokens_per_sec': 1619.5268637756296, 'train/step_time': 20.233069751993753, 'train/mfu': 176.73, 'train/efficiency': 26.78, 'train/forward_time_percent': 8.52, 'train/backward_time_percent': 17.79, 'train/optimizer_time_percent': 0.47, 'train/overhead_time_percent': 73.22, 'epoch': 0.04608294930875576}
  step     6  loss   1.6666  |     9183.8 ms  | warmup
{'loss': 1.6666, 'learning_rate': 0.0001, 'grad_norm': 0.34683114290237427, 'train/tokens_per_sec': 1618.19198795134, 'train/step_time': 20.24976037700253, 'train/mfu': 178.07, 'train/efficiency': 26.54, 'train/forward_time_percent': 8.51, 'train/backward_time_percent': 17.58, 'train/optimizer_time_percent': 0.45, 'train/overhead_time_percent': 73.46, 'epoch': 0.055299539170506916}
{'loss': 1.6666, 'learning_rate': 0.0001, 'grad_norm': 0.34683114290237427, 'train/tokens_per_sec': 1618.2422449965247, 'train/step_time': 20.249131489006686, 'train/mfu': 182.01, 'train/efficiency': 26.04, 'train/forward_time_percent': 8.07, 'train/backward_time_percent': 17.45, 'train/optimizer_time_percent': 0.51, 'train/overhead_time_percent': 73.96, 'epoch': 0.055299539170506916}
  step     7  loss   1.4879  |     9167.2 ms  | warmup
{'loss': 1.4879, 'learning_rate': 0.0001, 'grad_norm': 0.5367528200149536, 'train/tokens_per_sec': 1619.3609031849776, 'train/step_time': 20.235143343001255, 'train/mfu': 183.03, 'train/efficiency': 25.91, 'train/forward_time_percent': 8.31, 'train/backward_time_percent': 17.09, 'train/optimizer_time_percent': 0.51, 'train/overhead_time_percent': 74.09, 'epoch': 0.06451612903225806}
{'loss': 1.4879, 'learning_rate': 0.0001, 'grad_norm': 0.5367528200149536, 'train/tokens_per_sec': 1619.354391562259, 'train/step_time': 20.23522471099568, 'train/mfu': 180.74, 'train/efficiency': 26.18, 'train/forward_time_percent': 8.38, 'train/backward_time_percent': 17.34, 'train/optimizer_time_percent': 0.45, 'train/overhead_time_percent': 73.82, 'epoch': 0.06451612903225806}
{'loss': 1.5394, 'learning_rate': 0.0001, 'grad_norm': 0.498044490814209, 'train/tokens_per_sec': 1610.048504697303, 'train/step_time': 20.3521818779991, 'train/mfu': 177.32, 'train/efficiency': 26.54, 'train/forward_time_percent': 8.32, 'train/backward_time_percent': 17.75, 'train/optimizer_time_percent': 0.47, 'train/overhead_time_percent': 73.46, 'epoch': 0.07373271889400922}
  step     8  loss   1.5394  |     9276.6 ms  | warmup
{'loss': 1.5394, 'learning_rate': 0.0001, 'grad_norm': 0.498044490814209, 'train/tokens_per_sec': 1609.9760217750768, 'train/step_time': 20.353098156003398, 'train/mfu': 181.32, 'train/efficiency': 25.96, 'train/forward_time_percent': 8.23, 'train/backward_time_percent': 17.26, 'train/optimizer_time_percent': 0.47, 'train/overhead_time_percent': 74.04, 'epoch': 0.07373271889400922}
  step     9  loss   1.5843  |     9148.8 ms  | warmup
{'loss': 1.5843, 'learning_rate': 0.0001, 'grad_norm': 0.5637254118919373, 'train/tokens_per_sec': 1619.5235739915468, 'train/step_time': 20.23311085200112, 'train/mfu': 181.44, 'train/efficiency': 26.15, 'train/forward_time_percent': 8.35, 'train/backward_time_percent': 17.27, 'train/optimizer_time_percent': 0.53, 'train/overhead_time_percent': 73.85, 'epoch': 0.08294930875576037}
{'loss': 1.5843, 'learning_rate': 0.0001, 'grad_norm': 0.5637254118919373, 'train/tokens_per_sec': 1619.488241839721, 'train/step_time': 20.23355227499269, 'train/mfu': 183.18, 'train/efficiency': 25.83, 'train/forward_time_percent': 8.27, 'train/backward_time_percent': 17.11, 'train/optimizer_time_percent': 0.45, 'train/overhead_time_percent': 74.17, 'epoch': 0.08294930875576037}
  step    10  loss   1.6313  |     9156.9 ms  | warmup
{'loss': 1.6313, 'learning_rate': 0.0001, 'grad_norm': 0.4112570881843567, 'train/tokens_per_sec': 1619.1627144325846, 'train/step_time': 20.237620164989494, 'train/mfu': 182.62, 'train/efficiency': 25.99, 'train/forward_time_percent': 8.57, 'train/backward_time_percent': 16.89, 'train/optimizer_time_percent': 0.53, 'train/overhead_time_percent': 74.01, 'epoch': 0.09216589861751152}
{'loss': 1.6313, 'learning_rate': 0.0001, 'grad_norm': 0.4112570881843567, 'train/tokens_per_sec': 1619.087869373242, 'train/step_time': 20.238555683012237, 'train/mfu': 182.13, 'train/efficiency': 25.96, 'train/forward_time_percent': 8.43, 'train/backward_time_percent': 17.09, 'train/optimizer_time_percent': 0.44, 'train/overhead_time_percent': 74.04, 'epoch': 0.09216589861751152}
{'loss': 1.3704, 'learning_rate': 0.0001, 'grad_norm': 0.39776843786239624, 'train/tokens_per_sec': 1619.1038231651942, 'train/step_time': 20.238356262998423, 'train/mfu': 176.41, 'train/efficiency': 26.88, 'train/forward_time_percent': 8.47, 'train/backward_time_percent': 17.88, 'train/optimizer_time_percent': 0.53, 'train/overhead_time_percent': 73.12, 'epoch': 0.10138248847926268}{'loss': 1.3704, 'learning_rate': 0.0001, 'grad_norm': 0.39776843786239624, 'train/tokens_per_sec': 1619.0671383963625, 'train/step_time': 20.238814822994755, 'train/mfu': 182.91, 'train/efficiency': 25.85, 'train/forward_time_percent': 8.36, 'train/backward_time_percent': 17.05, 'train/optimizer_time_percent': 0.44, 'train/overhead_time_percent': 74.15, 'epoch': 0.10138248847926268}

{'loss': 1.459, 'learning_rate': 0.0001, 'grad_norm': 0.34253764152526855, 'train/tokens_per_sec': 1619.0648709314821, 'train/step_time': 20.23884316701151, 'train/mfu': 178.79, 'train/efficiency': 26.53, 'train/forward_time_percent': 8.54, 'train/backward_time_percent': 17.46, 'train/optimizer_time_percent': 0.53, 'train/overhead_time_percent': 73.47, 'epoch': 0.11059907834101383}
{'loss': 1.459, 'learning_rate': 0.0001, 'grad_norm': 0.34253764152526855, 'train/tokens_per_sec': 1619.122901405479, 'train/step_time': 20.238117793007405, 'train/mfu': 184.78, 'train/efficiency': 25.67, 'train/forward_time_percent': 8.25, 'train/backward_time_percent': 16.91, 'train/optimizer_time_percent': 0.51, 'train/overhead_time_percent': 74.33, 'epoch': 0.11059907834101383}
{'loss': 1.5862, 'learning_rate': 0.0001, 'grad_norm': 0.40182971954345703, 'train/tokens_per_sec': 1618.8551822496452, 'train/step_time': 20.24146468398976, 'train/mfu': 181.4, 'train/efficiency': 26.1, 'train/forward_time_percent': 8.17, 'train/backward_time_percent': 17.45, 'train/optimizer_time_percent': 0.48, 'train/overhead_time_percent': 73.9, 'epoch': 0.11981566820276497}
{'loss': 1.5862, 'learning_rate': 0.0001, 'grad_norm': 0.40182971954345703, 'train/tokens_per_sec': 1619.0546943846755, 'train/step_time': 20.23897037799179, 'train/mfu': 179.32, 'train/efficiency': 26.44, 'train/forward_time_percent': 8.54, 'train/backward_time_percent': 17.39, 'train/optimizer_time_percent': 0.52, 'train/overhead_time_percent': 73.56, 'epoch': 0.11981566820276497}
{'loss': 1.4689, 'learning_rate': 0.0001, 'grad_norm': 0.38382667303085327, 'train/tokens_per_sec': 1618.6146719934313, 'train/step_time': 20.244472367005073, 'train/mfu': 182.15, 'train/efficiency': 25.95, 'train/forward_time_percent': 8.28, 'train/backward_time_percent': 17.23, 'train/optimizer_time_percent': 0.44, 'train/overhead_time_percent': 74.05, 'epoch': 0.12903225806451613}
{'loss': 1.4689, 'learning_rate': 0.0001, 'grad_norm': 0.38382667303085327, 'train/tokens_per_sec': 1618.3427172210922, 'train/step_time': 20.24787435399776, 'train/mfu': 179.44, 'train/efficiency': 26.42, 'train/forward_time_percent': 8.55, 'train/backward_time_percent': 17.34, 'train/optimizer_time_percent': 0.53, 'train/overhead_time_percent': 73.58, 'epoch': 0.12903225806451613}
{'loss': 1.5644, 'learning_rate': 0.0001, 'grad_norm': 0.2919575572013855, 'train/tokens_per_sec': 1619.2919596076758, 'train/step_time': 20.23600488199736, 'train/mfu': 176.7, 'train/efficiency': 26.84, 'train/forward_time_percent': 8.74, 'train/backward_time_percent': 17.57, 'train/optimizer_time_percent': 0.53, 'train/overhead_time_percent': 73.16, 'epoch': 0.1382488479262673}
{'loss': 1.5644, 'learning_rate': 0.0001, 'grad_norm': 0.2919575572013855, 'train/tokens_per_sec': 1619.3547288733723, 'train/step_time': 20.23522049600433, 'train/mfu': 178.73, 'train/efficiency': 26.53, 'train/forward_time_percent': 8.2, 'train/backward_time_percent': 17.81, 'train/optimizer_time_percent': 0.52, 'train/overhead_time_percent': 73.47, 'epoch': 0.1382488479262673}
{'loss': 1.3501, 'learning_rate': 0.0001, 'grad_norm': 0.36688166856765747, 'train/tokens_per_sec': 1618.81371170569, 'train/step_time': 20.24198322700977, 'train/mfu': 181.83, 'train/efficiency': 26.08, 'train/forward_time_percent': 8.2, 'train/backward_time_percent': 17.36, 'train/optimizer_time_percent': 0.52, 'train/overhead_time_percent': 73.92, 'epoch': 0.14746543778801843}
{'loss': 1.3501, 'learning_rate': 0.0001, 'grad_norm': 0.36688166856765747, 'train/tokens_per_sec': 1618.7509128837398, 'train/step_time': 20.24276850699971, 'train/mfu': 179.44, 'train/efficiency': 26.43, 'train/forward_time_percent': 8.75, 'train/backward_time_percent': 17.15, 'train/optimizer_time_percent': 0.53, 'train/overhead_time_percent': 73.57, 'epoch': 0.14746543778801843}
{'loss': 1.4398, 'learning_rate': 0.0001, 'grad_norm': 0.2819978892803192, 'train/tokens_per_sec': 1618.9873193271683, 'train/step_time': 20.239812633997644, 'train/mfu': 184.4, 'train/efficiency': 25.73, 'train/forward_time_percent': 8.36, 'train/backward_time_percent': 16.85, 'train/optimizer_time_percent': 0.52, 'train/overhead_time_percent': 74.27, 'epoch': 0.15668202764976957}
{'loss': 1.4398, 'learning_rate': 0.0001, 'grad_norm': 0.2819978892803192, 'train/tokens_per_sec': 1618.8460513857126, 'train/step_time': 20.241578853005194, 'train/mfu': 180.02, 'train/efficiency': 26.28, 'train/forward_time_percent': 8.75, 'train/backward_time_percent': 17.07, 'train/optimizer_time_percent': 0.47, 'train/overhead_time_percent': 73.72, 'epoch': 0.15668202764976957}
{'loss': 1.4925, 'learning_rate': 0.0001, 'grad_norm': 0.2602677643299103, 'train/tokens_per_sec': 1618.024804458494, 'train/step_time': 20.25185269700887, 'train/mfu': 183.24, 'train/efficiency': 25.88, 'train/forward_time_percent': 8.16, 'train/backward_time_percent': 17.19, 'train/optimizer_time_percent': 0.53, 'train/overhead_time_percent': 74.12, 'epoch': 0.16589861751152074}
{'loss': 1.4925, 'learning_rate': 0.0001, 'grad_norm': 0.2602677643299103, 'train/tokens_per_sec': 1618.1419071853898, 'train/step_time': 20.25038709799992, 'train/mfu': 173.46, 'train/efficiency': 27.33, 'train/forward_time_percent': 8.64, 'train/backward_time_percent': 18.15, 'train/optimizer_time_percent': 0.54, 'train/overhead_time_percent': 72.67, 'epoch': 0.16589861751152074}
{'loss': 1.5328, 'learning_rate': 0.0001, 'grad_norm': 0.2680976390838623, 'train/tokens_per_sec': 1618.3776567470243, 'train/step_time': 20.247437218000414, 'train/mfu': 180.21, 'train/efficiency': 26.27, 'train/forward_time_percent': 8.48, 'train/backward_time_percent': 17.3, 'train/optimizer_time_percent': 0.49, 'train/overhead_time_percent': 73.73, 'epoch': 0.17511520737327188}
{'loss': 1.5328, 'learning_rate': 0.0001, 'grad_norm': 0.2680976390838623, 'train/tokens_per_sec': 1618.2757085378016, 'train/step_time': 20.24871276700287, 'train/mfu': 179.46, 'train/efficiency': 26.4, 'train/forward_time_percent': 8.4, 'train/backward_time_percent': 17.49, 'train/optimizer_time_percent': 0.51, 'train/overhead_time_percent': 73.6, 'epoch': 0.17511520737327188}
  step    20  loss   1.4459  |     9169.3 ms
{'loss': 1.4459, 'learning_rate': 0.0001, 'grad_norm': 0.39792600274086, 'train/tokens_per_sec': 1619.143633732398, 'train/step_time': 20.237858653999865, 'train/mfu': 179.86, 'train/efficiency': 26.34, 'train/forward_time_percent': 8.17, 'train/backward_time_percent': 17.68, 'train/optimizer_time_percent': 0.5, 'train/overhead_time_percent': 73.66, 'epoch': 0.18433179723502305}
{'loss': 1.4459, 'learning_rate': 0.0001, 'grad_norm': 0.39792600274086, 'train/tokens_per_sec': 1619.0595854083874, 'train/step_time': 20.238909238003544, 'train/mfu': 177.53, 'train/efficiency': 26.73, 'train/forward_time_percent': 8.47, 'train/backward_time_percent': 17.72, 'train/optimizer_time_percent': 0.55, 'train/overhead_time_percent': 73.27, 'epoch': 0.18433179723502305}
{'loss': 1.3793, 'learning_rate': 0.0001, 'grad_norm': 0.38159555196762085, 'train/tokens_per_sec': 1617.5172761289189, 'train/step_time': 20.258207120001316, 'train/mfu': 177.79, 'train/efficiency': 26.58, 'train/forward_time_percent': 8.5, 'train/backward_time_percent': 17.62, 'train/optimizer_time_percent': 0.46, 'train/overhead_time_percent': 73.42, 'epoch': 0.1935483870967742}
{'loss': 1.3793, 'learning_rate': 0.0001, 'grad_norm': 0.38159555196762085, 'train/tokens_per_sec': 1617.6916153146844, 'train/step_time': 20.256023886002367, 'train/mfu': 172.23, 'train/efficiency': 27.52, 'train/forward_time_percent': 8.91, 'train/backward_time_percent': 18.05, 'train/optimizer_time_percent': 0.55, 'train/overhead_time_percent': 72.48, 'epoch': 0.1935483870967742}
{'loss': 1.474, 'learning_rate': 0.0001, 'grad_norm': 0.34540197253227234, 'train/tokens_per_sec': 1618.1472094932012, 'train/step_time': 20.250320741994074, 'train/mfu': 176.18, 'train/efficiency': 26.9, 'train/forward_time_percent': 8.64, 'train/backward_time_percent': 17.73, 'train/optimizer_time_percent': 0.53, 'train/overhead_time_percent': 73.1, 'epoch': 0.20276497695852536}{'loss': 1.474, 'learning_rate': 0.0001, 'grad_norm': 0.34540197253227234, 'train/tokens_per_sec': 1618.1805620229163, 'train/step_time': 20.249903360003373, 'train/mfu': 182.96, 'train/efficiency': 25.83, 'train/forward_time_percent': 8.43, 'train/backward_time_percent': 16.97, 'train/optimizer_time_percent': 0.44, 'train/overhead_time_percent': 74.17, 'epoch': 0.20276497695852536}

{'loss': 1.3293, 'learning_rate': 0.0001, 'grad_norm': 0.3399229645729065, 'train/tokens_per_sec': 1618.0959472670784, 'train/step_time': 20.250962284000707, 'train/mfu': 179.9, 'train/efficiency': 26.36, 'train/forward_time_percent': 8.51, 'train/backward_time_percent': 17.31, 'train/optimizer_time_percent': 0.54, 'train/overhead_time_percent': 73.64, 'epoch': 0.2119815668202765}
{'loss': 1.3293, 'learning_rate': 0.0001, 'grad_norm': 0.3399229645729065, 'train/tokens_per_sec': 1618.205543959257, 'train/step_time': 20.249590741004795, 'train/mfu': 173.85, 'train/efficiency': 27.19, 'train/forward_time_percent': 8.6, 'train/backward_time_percent': 18.13, 'train/optimizer_time_percent': 0.47, 'train/overhead_time_percent': 72.81, 'epoch': 0.2119815668202765}
{'loss': 1.362, 'learning_rate': 0.0001, 'grad_norm': 0.4529367685317993, 'train/tokens_per_sec': 1619.2921898262985, 'train/step_time': 20.236002004996408, 'train/mfu': 185.31, 'train/efficiency': 25.56, 'train/forward_time_percent': 8.19, 'train/backward_time_percent': 16.9, 'train/optimizer_time_percent': 0.47, 'train/overhead_time_percent': 74.44, 'epoch': 0.22119815668202766}
{'loss': 1.362, 'learning_rate': 0.0001, 'grad_norm': 0.4529367685317993, 'train/tokens_per_sec': 1619.31717760998, 'train/step_time': 20.235689741995884, 'train/mfu': 177.94, 'train/efficiency': 26.62, 'train/forward_time_percent': 8.59, 'train/backward_time_percent': 17.53, 'train/optimizer_time_percent': 0.49, 'train/overhead_time_percent': 73.38, 'epoch': 0.22119815668202766}
{'loss': 1.5064, 'learning_rate': 0.0001, 'grad_norm': 3.0456578731536865, 'train/tokens_per_sec': 1618.7851499062792, 'train/step_time': 20.242340375989443, 'train/mfu': 176.97, 'train/efficiency': 26.78, 'train/forward_time_percent': 8.43, 'train/backward_time_percent': 17.83, 'train/optimizer_time_percent': 0.52, 'train/overhead_time_percent': 73.22, 'epoch': 0.2304147465437788}
{'loss': 1.5064, 'learning_rate': 0.0001, 'grad_norm': 3.0456578731536865, 'train/tokens_per_sec': 1618.5630758636635, 'train/step_time': 20.245117714992375, 'train/mfu': 185.66, 'train/efficiency': 25.54, 'train/forward_time_percent': 8.32, 'train/backward_time_percent': 16.71, 'train/optimizer_time_percent': 0.51, 'train/overhead_time_percent': 74.46, 'epoch': 0.2304147465437788}
{'loss': 1.4193, 'learning_rate': 0.0001, 'grad_norm': 0.4472389221191406, 'train/tokens_per_sec': 1619.277017948192, 'train/step_time': 20.23619160699309, 'train/mfu': 183.86, 'train/efficiency': 25.8, 'train/forward_time_percent': 8.24, 'train/backward_time_percent': 17.04, 'train/optimizer_time_percent': 0.52, 'train/overhead_time_percent': 74.2, 'epoch': 0.23963133640552994}{'loss': 1.4193, 'learning_rate': 0.0001, 'grad_norm': 0.4472389221191406, 'train/tokens_per_sec': 1619.3101228268624, 'train/step_time': 20.23577790200943, 'train/mfu': 177.02, 'train/efficiency': 26.79, 'train/forward_time_percent': 8.87, 'train/backward_time_percent': 17.39, 'train/optimizer_time_percent': 0.53, 'train/overhead_time_percent': 73.21, 'epoch': 0.23963133640552994}

{'loss': 1.6727, 'learning_rate': 0.0001, 'grad_norm': 1.5826008319854736, 'train/tokens_per_sec': 1618.7989623261997, 'train/step_time': 20.242167657997925, 'train/mfu': 180.66, 'train/efficiency': 26.24, 'train/forward_time_percent': 8.35, 'train/backward_time_percent': 17.37, 'train/optimizer_time_percent': 0.52, 'train/overhead_time_percent': 73.76, 'epoch': 0.2488479262672811}
{'loss': 1.6727, 'learning_rate': 0.0001, 'grad_norm': 1.5826008319854736, 'train/tokens_per_sec': 1618.8382365426282, 'train/step_time': 20.241676567995455, 'train/mfu': 177.58, 'train/efficiency': 26.7, 'train/forward_time_percent': 8.5, 'train/backward_time_percent': 17.67, 'train/optimizer_time_percent': 0.53, 'train/overhead_time_percent': 73.3, 'epoch': 0.2488479262672811}
{'loss': 1.5164, 'learning_rate': 0.0001, 'grad_norm': 0.5932685732841492, 'train/tokens_per_sec': 1619.4120994536795, 'train/step_time': 20.23450362699805, 'train/mfu': 179.28, 'train/efficiency': 26.46, 'train/forward_time_percent': 8.59, 'train/backward_time_percent': 17.34, 'train/optimizer_time_percent': 0.52, 'train/overhead_time_percent': 73.54, 'epoch': 0.25806451612903225}
{'loss': 1.5164, 'learning_rate': 0.0001, 'grad_norm': 0.5932685732841492, 'train/tokens_per_sec': 1619.2047954250313, 'train/step_time': 20.23709421599051, 'train/mfu': 183.63, 'train/efficiency': 25.8, 'train/forward_time_percent': 8.31, 'train/backward_time_percent': 17.0, 'train/optimizer_time_percent': 0.49, 'train/overhead_time_percent': 74.2, 'epoch': 0.25806451612903225}
{'loss': 2.5396, 'learning_rate': 0.0001, 'grad_norm': 4.1318440437316895, 'train/tokens_per_sec': 1620.3135685082555, 'train/step_time': 20.22324606598704, 'train/mfu': 182.41, 'train/efficiency': 25.95, 'train/forward_time_percent': 8.36, 'train/backward_time_percent': 17.15, 'train/optimizer_time_percent': 0.45, 'train/overhead_time_percent': 74.05, 'epoch': 0.2672811059907834}
{'loss': 2.5396, 'learning_rate': 0.0001, 'grad_norm': 4.1318440437316895, 'train/tokens_per_sec': 1620.4037418416976, 'train/step_time': 20.222120668986463, 'train/mfu': 178.33, 'train/efficiency': 26.54, 'train/forward_time_percent': 8.57, 'train/backward_time_percent': 17.52, 'train/optimizer_time_percent': 0.45, 'train/overhead_time_percent': 73.46, 'epoch': 0.2672811059907834}
  step    30  loss   1.2812  |     9144.4 ms
{'loss': 1.2812, 'learning_rate': 0.0001, 'grad_norm': 0.3833799362182617, 'train/tokens_per_sec': 1619.8957611977135, 'train/step_time': 20.228462093000417, 'train/mfu': 181.01, 'train/efficiency': 26.14, 'train/forward_time_percent': 8.26, 'train/backward_time_percent': 17.44, 'train/optimizer_time_percent': 0.44, 'train/overhead_time_percent': 73.86, 'epoch': 0.2764976958525346}
{'loss': 1.2812, 'learning_rate': 0.0001, 'grad_norm': 0.3833799362182617, 'train/tokens_per_sec': 1620.0644344992859, 'train/step_time': 20.22635600301146, 'train/mfu': 177.85, 'train/efficiency': 26.62, 'train/forward_time_percent': 8.28, 'train/backward_time_percent': 17.87, 'train/optimizer_time_percent': 0.47, 'train/overhead_time_percent': 73.38, 'epoch': 0.2764976958525346}
{'loss': 1.145, 'learning_rate': 0.0001, 'grad_norm': 0.40615251660346985, 'train/tokens_per_sec': 1618.4295729483968, 'train/step_time': 20.2467877179879, 'train/mfu': 182.28, 'train/efficiency': 26.0, 'train/forward_time_percent': 8.18, 'train/backward_time_percent': 17.31, 'train/optimizer_time_percent': 0.51, 'train/overhead_time_percent': 74.0, 'epoch': 0.2857142857142857}
{'loss': 1.145, 'learning_rate': 0.0001, 'grad_norm': 0.40615251660346985, 'train/tokens_per_sec': 1618.427726927017, 'train/step_time': 20.246810812008334, 'train/mfu': 179.26, 'train/efficiency': 26.45, 'train/forward_time_percent': 8.23, 'train/backward_time_percent': 17.69, 'train/optimizer_time_percent': 0.53, 'train/overhead_time_percent': 73.55, 'epoch': 0.2857142857142857}
{'loss': 1.1766, 'learning_rate': 0.0001, 'grad_norm': 0.38072213530540466, 'train/tokens_per_sec': 1618.1665343309494, 'train/step_time': 20.25007890399138, 'train/mfu': 186.12, 'train/efficiency': 25.46, 'train/forward_time_percent': 8.33, 'train/backward_time_percent': 16.64, 'train/optimizer_time_percent': 0.5, 'train/overhead_time_percent': 74.54, 'epoch': 0.29493087557603687}
{'loss': 1.1766, 'learning_rate': 0.0001, 'grad_norm': 0.38072213530540466, 'train/tokens_per_sec': 1618.2085692310839, 'train/step_time': 20.249552884008153, 'train/mfu': 179.62, 'train/efficiency': 26.39, 'train/forward_time_percent': 8.62, 'train/backward_time_percent': 17.25, 'train/optimizer_time_percent': 0.52, 'train/overhead_time_percent': 73.61, 'epoch': 0.29493087557603687}
{'loss': 1.4242, 'learning_rate': 0.0001, 'grad_norm': 0.36333346366882324, 'train/tokens_per_sec': 1619.0645274210938, 'train/step_time': 20.238847461005207, 'train/mfu': 184.02, 'train/efficiency': 25.78, 'train/forward_time_percent': 8.41, 'train/backward_time_percent': 16.85, 'train/optimizer_time_percent': 0.52, 'train/overhead_time_percent': 74.22, 'epoch': 0.30414746543778803}
{'loss': 1.4242, 'learning_rate': 0.0001, 'grad_norm': 0.36333346366882324, 'train/tokens_per_sec': 1619.205911188006, 'train/step_time': 20.237080271006562, 'train/mfu': 176.88, 'train/efficiency': 26.73, 'train/forward_time_percent': 8.48, 'train/backward_time_percent': 17.81, 'train/optimizer_time_percent': 0.45, 'train/overhead_time_percent': 73.27, 'epoch': 0.30414746543778803}
{'loss': 1.4686, 'learning_rate': 0.0001, 'grad_norm': 0.29636603593826294, 'train/tokens_per_sec': 1618.6208569737894, 'train/step_time': 20.244395009998698, 'train/mfu': 180.02, 'train/efficiency': 26.34, 'train/forward_time_percent': 8.4, 'train/backward_time_percent': 17.42, 'train/optimizer_time_percent': 0.52, 'train/overhead_time_percent': 73.66, 'epoch': 0.31336405529953915}
{'loss': 1.4686, 'learning_rate': 0.0001, 'grad_norm': 0.29636603593826294, 'train/tokens_per_sec': 1618.7045006418919, 'train/step_time': 20.243348916992545, 'train/mfu': 183.28, 'train/efficiency': 25.88, 'train/forward_time_percent': 8.48, 'train/backward_time_percent': 16.87, 'train/optimizer_time_percent': 0.53, 'train/overhead_time_percent': 74.12, 'epoch': 0.31336405529953915}
{'loss': 1.4863, 'learning_rate': 0.0001, 'grad_norm': 0.3275444209575653, 'train/tokens_per_sec': 1618.8321043638296, 'train/step_time': 20.241753244001302, 'train/mfu': 176.97, 'train/efficiency': 26.76, 'train/forward_time_percent': 8.77, 'train/backward_time_percent': 17.49, 'train/optimizer_time_percent': 0.49, 'train/overhead_time_percent': 73.24, 'epoch': 0.3225806451612903}
{'loss': 1.4863, 'learning_rate': 0.0001, 'grad_norm': 0.3275444209575653, 'train/tokens_per_sec': 1618.8148106172862, 'train/step_time': 20.241969486000016, 'train/mfu': 183.52, 'train/efficiency': 25.84, 'train/forward_time_percent': 8.42, 'train/backward_time_percent': 16.9, 'train/optimizer_time_percent': 0.52, 'train/overhead_time_percent': 74.16, 'epoch': 0.3225806451612903}
{'loss': 1.357, 'learning_rate': 0.0001, 'grad_norm': 0.2853561043739319, 'train/tokens_per_sec': 1618.1180929384047, 'train/step_time': 20.250685127990437, 'train/mfu': 181.19, 'train/efficiency': 26.16, 'train/forward_time_percent': 8.11, 'train/backward_time_percent': 17.53, 'train/optimizer_time_percent': 0.52, 'train/overhead_time_percent': 73.84, 'epoch': 0.3317972350230415}
{'loss': 1.357, 'learning_rate': 0.0001, 'grad_norm': 0.2853561043739319, 'train/tokens_per_sec': 1618.2539073133587, 'train/step_time': 20.24898555901018, 'train/mfu': 178.58, 'train/efficiency': 26.55, 'train/forward_time_percent': 8.47, 'train/backward_time_percent': 17.55, 'train/optimizer_time_percent': 0.53, 'train/overhead_time_percent': 73.45, 'epoch': 0.3317972350230415}
{'loss': 1.4461, 'learning_rate': 0.0001, 'grad_norm': 0.3563007116317749, 'train/tokens_per_sec': 1618.6353631628706, 'train/step_time': 20.24421357999381, 'train/mfu': 174.44, 'train/efficiency': 27.15, 'train/forward_time_percent': 8.67, 'train/backward_time_percent': 17.97, 'train/optimizer_time_percent': 0.51, 'train/overhead_time_percent': 72.85, 'epoch': 0.34101382488479265}
{'loss': 1.4461, 'learning_rate': 0.0001, 'grad_norm': 0.3563007116317749, 'train/tokens_per_sec': 1618.5455224403436, 'train/step_time': 20.24533727701055, 'train/mfu': 183.71, 'train/efficiency': 25.81, 'train/forward_time_percent': 8.27, 'train/backward_time_percent': 17.02, 'train/optimizer_time_percent': 0.52, 'train/overhead_time_percent': 74.19, 'epoch': 0.34101382488479265}
{'loss': 1.3256, 'learning_rate': 0.0001, 'grad_norm': 0.27796944975852966, 'train/tokens_per_sec': 1618.5122068281269, 'train/step_time': 20.2457540089963, 'train/mfu': 185.93, 'train/efficiency': 25.44, 'train/forward_time_percent': 8.37, 'train/backward_time_percent': 16.62, 'train/optimizer_time_percent': 0.44, 'train/overhead_time_percent': 74.56, 'epoch': 0.35023041474654376}
{'loss': 1.3256, 'learning_rate': 0.0001, 'grad_norm': 0.27796944975852966, 'train/tokens_per_sec': 1618.558807513261, 'train/step_time': 20.24517110400484, 'train/mfu': 184.13, 'train/efficiency': 25.73, 'train/forward_time_percent': 8.27, 'train/backward_time_percent': 16.97, 'train/optimizer_time_percent': 0.5, 'train/overhead_time_percent': 74.27, 'epoch': 0.35023041474654376}
{'loss': 1.3425, 'learning_rate': 0.0001, 'grad_norm': 0.21503734588623047, 'train/tokens_per_sec': 1617.946573792702, 'train/step_time': 20.252831910998793, 'train/mfu': 181.48, 'train/efficiency': 26.11, 'train/forward_time_percent': 8.33, 'train/backward_time_percent': 17.27, 'train/optimizer_time_percent': 0.52, 'train/overhead_time_percent': 73.89, 'epoch': 0.35944700460829493}
{'loss': 1.3425, 'learning_rate': 0.0001, 'grad_norm': 0.21503734588623047, 'train/tokens_per_sec': 1617.8249573673402, 'train/step_time': 20.254354372998932, 'train/mfu': 178.62, 'train/efficiency': 26.54, 'train/forward_time_percent': 8.54, 'train/backward_time_percent': 17.46, 'train/optimizer_time_percent': 0.53, 'train/overhead_time_percent': 73.46, 'epoch': 0.35944700460829493}
  step    40  loss   1.3120  |     9181.9 ms
{'loss': 1.312, 'learning_rate': 0.0001, 'grad_norm': 0.19281180202960968, 'train/tokens_per_sec': 1618.3986310513208, 'train/step_time': 20.247174812990124, 'train/mfu': 187.48, 'train/efficiency': 25.3, 'train/forward_time_percent': 8.22, 'train/backward_time_percent': 16.57, 'train/optimizer_time_percent': 0.52, 'train/overhead_time_percent': 74.7, 'epoch': 0.3686635944700461}
{'loss': 1.312, 'learning_rate': 0.0001, 'grad_norm': 0.19281180202960968, 'train/tokens_per_sec': 1618.1971327607764, 'train/step_time': 20.249695995997172, 'train/mfu': 174.77, 'train/efficiency': 27.11, 'train/forward_time_percent': 8.7, 'train/backward_time_percent': 17.89, 'train/optimizer_time_percent': 0.53, 'train/overhead_time_percent': 72.89, 'epoch': 0.3686635944700461}
{'loss': 2.5686, 'learning_rate': 0.0001, 'grad_norm': 3.849879503250122, 'train/tokens_per_sec': 1618.838527573326, 'train/step_time': 20.241672928998014, 'train/mfu': 181.93, 'train/efficiency': 26.07, 'train/forward_time_percent': 8.55, 'train/backward_time_percent': 16.99, 'train/optimizer_time_percent': 0.52, 'train/overhead_time_percent': 73.93, 'epoch': 0.3778801843317972}
{'loss': 2.5686, 'learning_rate': 0.0001, 'grad_norm': 3.849879503250122, 'train/tokens_per_sec': 1618.592489862531, 'train/step_time': 20.244749809004134, 'train/mfu': 181.93, 'train/efficiency': 26.04, 'train/forward_time_percent': 8.31, 'train/backward_time_percent': 17.24, 'train/optimizer_time_percent': 0.49, 'train/overhead_time_percent': 73.96, 'epoch': 0.3778801843317972}
{'loss': 1.2284, 'learning_rate': 0.0001, 'grad_norm': 0.2441054880619049, 'train/tokens_per_sec': 1618.4928971550949, 'train/step_time': 20.245995554010733, 'train/mfu': 176.48, 'train/efficiency': 26.82, 'train/forward_time_percent': 8.46, 'train/backward_time_percent': 17.87, 'train/optimizer_time_percent': 0.49, 'train/overhead_time_percent': 73.18, 'epoch': 0.3870967741935484}{'loss': 1.2284, 'learning_rate': 0.0001, 'grad_norm': 0.2441054880619049, 'train/tokens_per_sec': 1618.4705436946952, 'train/step_time': 20.24627518100897, 'train/mfu': 182.03, 'train/efficiency': 25.96, 'train/forward_time_percent': 8.26, 'train/backward_time_percent': 17.26, 'train/optimizer_time_percent': 0.44, 'train/overhead_time_percent': 74.04, 'epoch': 0.3870967741935484}

{'loss': 1.4104, 'learning_rate': 0.0001, 'grad_norm': 0.25306788086891174, 'train/tokens_per_sec': 1619.7706442204399, 'train/step_time': 20.23002461300348, 'train/mfu': 179.19, 'train/efficiency': 26.46, 'train/forward_time_percent': 8.46, 'train/backward_time_percent': 17.49, 'train/optimizer_time_percent': 0.51, 'train/overhead_time_percent': 73.54, 'epoch': 0.39631336405529954}
{'loss': 1.4104, 'learning_rate': 0.0001, 'grad_norm': 0.25306788086891174, 'train/tokens_per_sec': 1619.6790677730323, 'train/step_time': 20.231168416008586, 'train/mfu': 174.18, 'train/efficiency': 27.23, 'train/forward_time_percent': 8.34, 'train/backward_time_percent': 18.36, 'train/optimizer_time_percent': 0.53, 'train/overhead_time_percent': 72.77, 'epoch': 0.39631336405529954}
{'loss': 1.2946, 'learning_rate': 0.0001, 'grad_norm': 0.1900920271873474, 'train/tokens_per_sec': 1619.2237874704347, 'train/step_time': 20.236856852992787, 'train/mfu': 178.52, 'train/efficiency': 26.48, 'train/forward_time_percent': 8.07, 'train/backward_time_percent': 17.97, 'train/optimizer_time_percent': 0.44, 'train/overhead_time_percent': 73.52, 'epoch': 0.4055299539170507}
{'loss': 1.2946, 'learning_rate': 0.0001, 'grad_norm': 0.1900920271873474, 'train/tokens_per_sec': 1619.3771966367376, 'train/step_time': 20.234939746005693, 'train/mfu': 179.49, 'train/efficiency': 26.43, 'train/forward_time_percent': 8.78, 'train/backward_time_percent': 17.12, 'train/optimizer_time_percent': 0.53, 'train/overhead_time_percent': 73.57, 'epoch': 0.4055299539170507}
{'loss': 1.4532, 'learning_rate': 0.0001, 'grad_norm': 0.2471589297056198, 'train/tokens_per_sec': 1618.7663695890296, 'train/step_time': 20.242575219992432, 'train/mfu': 177.48, 'train/efficiency': 26.7, 'train/forward_time_percent': 8.55, 'train/backward_time_percent': 17.64, 'train/optimizer_time_percent': 0.52, 'train/overhead_time_percent': 73.3, 'epoch': 0.4147465437788018}
{'loss': 1.4532, 'learning_rate': 0.0001, 'grad_norm': 0.2471589297056198, 'train/tokens_per_sec': 1618.4393417988306, 'train/step_time': 20.246665508995648, 'train/mfu': 180.84, 'train/efficiency': 26.23, 'train/forward_time_percent': 8.58, 'train/backward_time_percent': 17.12, 'train/optimizer_time_percent': 0.53, 'train/overhead_time_percent': 73.77, 'epoch': 0.4147465437788018}
{'loss': 1.3902, 'learning_rate': 0.0001, 'grad_norm': 0.21076910197734833, 'train/tokens_per_sec': 1619.0398922946713, 'train/step_time': 20.239155413000844, 'train/mfu': 178.01, 'train/efficiency': 26.6, 'train/forward_time_percent': 8.74, 'train/backward_time_percent': 17.37, 'train/optimizer_time_percent': 0.49, 'train/overhead_time_percent': 73.4, 'epoch': 0.423963133640553}
{'loss': 1.3902, 'learning_rate': 0.0001, 'grad_norm': 0.21076910197734833, 'train/tokens_per_sec': 1619.0303825748722, 'train/step_time': 20.239274291991023, 'train/mfu': 181.03, 'train/efficiency': 26.18, 'train/forward_time_percent': 7.94, 'train/backward_time_percent': 17.73, 'train/optimizer_time_percent': 0.51, 'train/overhead_time_percent': 73.82, 'epoch': 0.423963133640553}
{'loss': 1.4251, 'learning_rate': 0.0001, 'grad_norm': 0.21525165438652039, 'train/tokens_per_sec': 1618.9456192525704, 'train/step_time': 20.240333962006844, 'train/mfu': 177.45, 'train/efficiency': 26.72, 'train/forward_time_percent': 8.8, 'train/backward_time_percent': 17.39, 'train/optimizer_time_percent': 0.53, 'train/overhead_time_percent': 73.28, 'epoch': 0.43317972350230416}
{'loss': 1.4251, 'learning_rate': 0.0001, 'grad_norm': 0.21525165438652039, 'train/tokens_per_sec': 1619.0824539417251, 'train/step_time': 20.238623375989846, 'train/mfu': 185.98, 'train/efficiency': 25.48, 'train/forward_time_percent': 8.3, 'train/backward_time_percent': 16.69, 'train/optimizer_time_percent': 0.49, 'train/overhead_time_percent': 74.52, 'epoch': 0.43317972350230416}
{'loss': 1.2517, 'learning_rate': 0.0001, 'grad_norm': 0.20954662561416626, 'train/tokens_per_sec': 1617.935799527564, 'train/step_time': 20.252966779997223, 'train/mfu': 181.08, 'train/efficiency': 26.09, 'train/forward_time_percent': 8.26, 'train/backward_time_percent': 17.39, 'train/optimizer_time_percent': 0.44, 'train/overhead_time_percent': 73.91, 'epoch': 0.4423963133640553}
{'loss': 1.2517, 'learning_rate': 0.0001, 'grad_norm': 0.20954662561416626, 'train/tokens_per_sec': 1618.2295691201348, 'train/step_time': 20.24929010400956, 'train/mfu': 174.71, 'train/efficiency': 27.08, 'train/forward_time_percent': 8.67, 'train/backward_time_percent': 17.92, 'train/optimizer_time_percent': 0.48, 'train/overhead_time_percent': 72.92, 'epoch': 0.4423963133640553}
{'loss': 1.275, 'learning_rate': 0.0001, 'grad_norm': 0.22317242622375488, 'train/tokens_per_sec': 1618.882796839727, 'train/step_time': 20.241119408994564, 'train/mfu': 182.21, 'train/efficiency': 25.95, 'train/forward_time_percent': 8.38, 'train/backward_time_percent': 17.13, 'train/optimizer_time_percent': 0.44, 'train/overhead_time_percent': 74.05, 'epoch': 0.45161290322580644}
{'loss': 1.275, 'learning_rate': 0.0001, 'grad_norm': 0.22317242622375488, 'train/tokens_per_sec': 1618.8036679503493, 'train/step_time': 20.242108816994005, 'train/mfu': 179.12, 'train/efficiency': 26.45, 'train/forward_time_percent': 8.35, 'train/backward_time_percent': 17.6, 'train/optimizer_time_percent': 0.5, 'train/overhead_time_percent': 73.55, 'epoch': 0.45161290322580644}
  step    50  loss   1.7650  |     9178.0 ms
{'loss': 1.765, 'learning_rate': 0.0001, 'grad_norm': 0.7700636982917786, 'train/tokens_per_sec': 1618.5190962905883, 'train/step_time': 20.24566782999318, 'train/mfu': 180.84, 'train/efficiency': 26.21, 'train/forward_time_percent': 8.37, 'train/backward_time_percent': 17.32, 'train/optimizer_time_percent': 0.52, 'train/overhead_time_percent': 73.79, 'epoch': 0.4608294930875576}
{'loss': 1.765, 'learning_rate': 0.0001, 'grad_norm': 0.7700636982917786, 'train/tokens_per_sec': 1618.610042465168, 'train/step_time': 20.244530269992538, 'train/mfu': 175.23, 'train/efficiency': 27.05, 'train/forward_time_percent': 8.5, 'train/backward_time_percent': 18.02, 'train/optimizer_time_percent': 0.53, 'train/overhead_time_percent': 72.95, 'epoch': 0.4608294930875576}
{'loss': 1.1615, 'learning_rate': 0.0001, 'grad_norm': 0.1963159739971161, 'train/tokens_per_sec': 1617.6588373175719, 'train/step_time': 20.25643432600191, 'train/mfu': 185.07, 'train/efficiency': 25.58, 'train/forward_time_percent': 8.62, 'train/backward_time_percent': 16.48, 'train/optimizer_time_percent': 0.48, 'train/overhead_time_percent': 74.42, 'epoch': 0.4700460829493088}{'loss': 1.1615, 'learning_rate': 0.0001, 'grad_norm': 0.1963159739971161, 'train/tokens_per_sec': 1617.597226599293, 'train/step_time': 20.257205849004094, 'train/mfu': 175.42, 'train/efficiency': 26.95, 'train/forward_time_percent': 8.2, 'train/backward_time_percent': 18.27, 'train/optimizer_time_percent': 0.48, 'train/overhead_time_percent': 73.05, 'epoch': 0.4700460829493088}

{'loss': 1.2664, 'learning_rate': 0.0001, 'grad_norm': 0.2257148176431656, 'train/tokens_per_sec': 1618.474910704514, 'train/step_time': 20.246220551998704, 'train/mfu': 174.54, 'train/efficiency': 27.07, 'train/forward_time_percent': 8.31, 'train/backward_time_percent': 18.32, 'train/optimizer_time_percent': 0.45, 'train/overhead_time_percent': 72.93, 'epoch': 0.4792626728110599}
{'loss': 1.2664, 'learning_rate': 0.0001, 'grad_norm': 0.2257148176431656, 'train/tokens_per_sec': 1618.4651234371968, 'train/step_time': 20.24634298600722, 'train/mfu': 181.64, 'train/efficiency': 26.1, 'train/forward_time_percent': 8.61, 'train/backward_time_percent': 16.97, 'train/optimizer_time_percent': 0.52, 'train/overhead_time_percent': 73.9, 'epoch': 0.4792626728110599}
{'loss': 1.3685, 'learning_rate': 0.0001, 'grad_norm': 0.22281242907047272, 'train/tokens_per_sec': 1618.7304589752353, 'train/step_time': 20.243024290000903, 'train/mfu': 173.84, 'train/efficiency': 27.26, 'train/forward_time_percent': 9.36, 'train/backward_time_percent': 17.38, 'train/optimizer_time_percent': 0.52, 'train/overhead_time_percent': 72.74, 'epoch': 0.48847926267281105}{'loss': 1.3685, 'learning_rate': 0.0001, 'grad_norm': 0.22281242907047272, 'train/tokens_per_sec': 1618.7354364030057, 'train/step_time': 20.24296204499842, 'train/mfu': 176.43, 'train/efficiency': 26.86, 'train/forward_time_percent': 9.36, 'train/backward_time_percent': 16.98, 'train/optimizer_time_percent': 0.52, 'train/overhead_time_percent': 73.14, 'epoch': 0.48847926267281105}

{'loss': 1.3534, 'learning_rate': 0.0001, 'grad_norm': 0.20522965490818024, 'train/tokens_per_sec': 1618.6207850146227, 'train/step_time': 20.24439591000555, 'train/mfu': 175.7, 'train/efficiency': 26.95, 'train/forward_time_percent': 8.69, 'train/backward_time_percent': 17.76, 'train/optimizer_time_percent': 0.5, 'train/overhead_time_percent': 73.05, 'epoch': 0.4976958525345622}
{'loss': 1.3534, 'learning_rate': 0.0001, 'grad_norm': 0.20522965490818024, 'train/tokens_per_sec': 1618.4103072122925, 'train/step_time': 20.247028737998335, 'train/mfu': 186.41, 'train/efficiency': 25.41, 'train/forward_time_percent': 8.29, 'train/backward_time_percent': 16.63, 'train/optimizer_time_percent': 0.49, 'train/overhead_time_percent': 74.59, 'epoch': 0.4976958525345622}
{'loss': 1.558, 'learning_rate': 0.0001, 'grad_norm': 0.26455575227737427, 'train/tokens_per_sec': 1619.4120996143972, 'train/step_time': 20.234503624989884, 'train/mfu': 184.71, 'train/efficiency': 25.68, 'train/forward_time_percent': 8.47, 'train/backward_time_percent': 16.7, 'train/optimizer_time_percent': 0.51, 'train/overhead_time_percent': 74.32, 'epoch': 0.5069124423963134}
{'loss': 1.558, 'learning_rate': 0.0001, 'grad_norm': 0.26455575227737427, 'train/tokens_per_sec': 1619.3808906132626, 'train/step_time': 20.234893587999977, 'train/mfu': 179.9, 'train/efficiency': 26.33, 'train/forward_time_percent': 8.39, 'train/backward_time_percent': 17.45, 'train/optimizer_time_percent': 0.48, 'train/overhead_time_percent': 73.67, 'epoch': 0.5069124423963134}
{'loss': 1.3229, 'learning_rate': 0.0001, 'grad_norm': 0.23019416630268097, 'train/tokens_per_sec': 1618.5680819232086, 'train/step_time': 20.245055098988814, 'train/mfu': 184.48, 'train/efficiency': 25.68, 'train/forward_time_percent': 8.36, 'train/backward_time_percent': 16.83, 'train/optimizer_time_percent': 0.5, 'train/overhead_time_percent': 74.32, 'epoch': 0.5161290322580645}
{'loss': 1.3229, 'learning_rate': 0.0001, 'grad_norm': 0.23019416630268097, 'train/tokens_per_sec': 1618.5703774160063, 'train/step_time': 20.24502638699778, 'train/mfu': 182.08, 'train/efficiency': 26.05, 'train/forward_time_percent': 8.68, 'train/backward_time_percent': 16.84, 'train/optimizer_time_percent': 0.53, 'train/overhead_time_percent': 73.95, 'epoch': 0.5161290322580645}
{'loss': 1.7216, 'learning_rate': 0.0001, 'grad_norm': 0.40875324606895447, 'train/tokens_per_sec': 1617.7057421919003, 'train/step_time': 20.255846996995388, 'train/mfu': 187.76, 'train/efficiency': 25.2, 'train/forward_time_percent': 8.4, 'train/backward_time_percent': 16.33, 'train/optimizer_time_percent': 0.46, 'train/overhead_time_percent': 74.8, 'epoch': 0.5253456221198156}
{'loss': 1.7216, 'learning_rate': 0.0001, 'grad_norm': 0.40875324606895447, 'train/tokens_per_sec': 1617.6312501729558, 'train/step_time': 20.256779780000215, 'train/mfu': 179.59, 'train/efficiency': 26.36, 'train/forward_time_percent': 8.34, 'train/backward_time_percent': 17.51, 'train/optimizer_time_percent': 0.5, 'train/overhead_time_percent': 73.64, 'epoch': 0.5253456221198156}
{'loss': 1.3594, 'learning_rate': 0.0001, 'grad_norm': 0.19381174445152283, 'train/tokens_per_sec': 1618.7454766736607, 'train/step_time': 20.242836488003377, 'train/mfu': 183.43, 'train/efficiency': 25.86, 'train/forward_time_percent': 8.33, 'train/backward_time_percent': 17.01, 'train/optimizer_time_percent': 0.52, 'train/overhead_time_percent': 74.14, 'epoch': 0.5345622119815668}{'loss': 1.3594, 'learning_rate': 0.0001, 'grad_norm': 0.19381174445152283, 'train/tokens_per_sec': 1619.0528916560695, 'train/step_time': 20.238992913000402, 'train/mfu': 181.92, 'train/efficiency': 25.99, 'train/forward_time_percent': 8.3, 'train/backward_time_percent': 17.25, 'train/optimizer_time_percent': 0.44, 'train/overhead_time_percent': 74.01, 'epoch': 0.5345622119815668}

{'loss': 1.4559, 'learning_rate': 0.0001, 'grad_norm': 0.1992163360118866, 'train/tokens_per_sec': 1618.7406876650518, 'train/step_time': 20.242896375988494, 'train/mfu': 185.35, 'train/efficiency': 25.54, 'train/forward_time_percent': 8.28, 'train/backward_time_percent': 16.8, 'train/optimizer_time_percent': 0.47, 'train/overhead_time_percent': 74.46, 'epoch': 0.543778801843318}
{'loss': 1.4559, 'learning_rate': 0.0001, 'grad_norm': 0.1992163360118866, 'train/tokens_per_sec': 1618.4871296459098, 'train/step_time': 20.2460677009949, 'train/mfu': 175.77, 'train/efficiency': 26.94, 'train/forward_time_percent': 8.71, 'train/backward_time_percent': 17.73, 'train/optimizer_time_percent': 0.5, 'train/overhead_time_percent': 73.06, 'epoch': 0.543778801843318}
{'loss': 1.2551, 'learning_rate': 0.0001, 'grad_norm': 0.1841507852077484, 'train/tokens_per_sec': 1618.7726932748956, 'train/step_time': 20.242496142993332, 'train/mfu': 177.29, 'train/efficiency': 26.69, 'train/forward_time_percent': 8.5, 'train/backward_time_percent': 17.72, 'train/optimizer_time_percent': 0.47, 'train/overhead_time_percent': 73.31, 'epoch': 0.5529953917050692}
  step    60  loss   1.2551  |     9172.2 ms
{'loss': 1.2551, 'learning_rate': 0.0001, 'grad_norm': 0.1841507852077484, 'train/tokens_per_sec': 1619.0138337234082, 'train/step_time': 20.23948116900283, 'train/mfu': 185.54, 'train/efficiency': 25.57, 'train/forward_time_percent': 8.04, 'train/backward_time_percent': 17.01, 'train/optimizer_time_percent': 0.51, 'train/overhead_time_percent': 74.43, 'epoch': 0.5529953917050692}
{'loss': 1.3501, 'learning_rate': 0.0001, 'grad_norm': 0.21478824317455292, 'train/tokens_per_sec': 1619.564140357279, 'train/step_time': 20.232604058997822, 'train/mfu': 178.63, 'train/efficiency': 26.51, 'train/forward_time_percent': 8.59, 'train/backward_time_percent': 17.44, 'train/optimizer_time_percent': 0.48, 'train/overhead_time_percent': 73.49, 'epoch': 0.5622119815668203}
{'loss': 1.3501, 'learning_rate': 0.0001, 'grad_norm': 0.21478824317455292, 'train/tokens_per_sec': 1619.447222592665, 'train/step_time': 20.234064773991122, 'train/mfu': 176.22, 'train/efficiency': 26.91, 'train/forward_time_percent': 8.21, 'train/backward_time_percent': 18.17, 'train/optimizer_time_percent': 0.52, 'train/overhead_time_percent': 73.09, 'epoch': 0.5622119815668203}
{'loss': 1.3594, 'learning_rate': 0.0001, 'grad_norm': 0.26010990142822266, 'train/tokens_per_sec': 1618.532129980832, 'train/step_time': 20.245504795995657, 'train/mfu': 192.47, 'train/efficiency': 24.65, 'train/forward_time_percent': 8.21, 'train/backward_time_percent': 15.93, 'train/optimizer_time_percent': 0.51, 'train/overhead_time_percent': 75.35, 'epoch': 0.5714285714285714}
{'loss': 1.3594, 'learning_rate': 0.0001, 'grad_norm': 0.26010990142822266, 'train/tokens_per_sec': 1618.271387199763, 'train/step_time': 20.248766837990843, 'train/mfu': 177.34, 'train/efficiency': 26.65, 'train/forward_time_percent': 8.51, 'train/backward_time_percent': 17.69, 'train/optimizer_time_percent': 0.45, 'train/overhead_time_percent': 73.35, 'epoch': 0.5714285714285714}
{'loss': 1.2414, 'learning_rate': 0.0001, 'grad_norm': 0.1904870718717575, 'train/tokens_per_sec': 1618.7117190290605, 'train/step_time': 20.243258645001333, 'train/mfu': 180.49, 'train/efficiency': 26.2, 'train/forward_time_percent': 8.33, 'train/backward_time_percent': 17.42, 'train/optimizer_time_percent': 0.45, 'train/overhead_time_percent': 73.8, 'epoch': 0.5806451612903226}
{'loss': 1.2414, 'learning_rate': 0.0001, 'grad_norm': 0.1904870718717575, 'train/tokens_per_sec': 1618.5559927921822, 'train/step_time': 20.245206311010406, 'train/mfu': 186.86, 'train/efficiency': 25.31, 'train/forward_time_percent': 8.3, 'train/backward_time_percent': 16.57, 'train/optimizer_time_percent': 0.44, 'train/overhead_time_percent': 74.69, 'epoch': 0.5806451612903226}
{'loss': 1.1653, 'learning_rate': 0.0001, 'grad_norm': 0.18828588724136353, 'train/tokens_per_sec': 1618.3330030057366, 'train/step_time': 20.247995894009364, 'train/mfu': 182.36, 'train/efficiency': 25.99, 'train/forward_time_percent': 8.48, 'train/backward_time_percent': 17.0, 'train/optimizer_time_percent': 0.52, 'train/overhead_time_percent': 74.01, 'epoch': 0.5898617511520737}
{'loss': 1.1653, 'learning_rate': 0.0001, 'grad_norm': 0.18828588724136353, 'train/tokens_per_sec': 1618.3427429566602, 'train/step_time': 20.24787403200753, 'train/mfu': 174.46, 'train/efficiency': 27.08, 'train/forward_time_percent': 8.75, 'train/backward_time_percent': 17.89, 'train/optimizer_time_percent': 0.45, 'train/overhead_time_percent': 72.92, 'epoch': 0.5898617511520737}
{'loss': 1.3413, 'learning_rate': 0.0001, 'grad_norm': 0.17699329555034637, 'train/tokens_per_sec': 1619.0630621815037, 'train/step_time': 20.23886577700614, 'train/mfu': 176.94, 'train/efficiency': 26.73, 'train/forward_time_percent': 8.49, 'train/backward_time_percent': 17.78, 'train/optimizer_time_percent': 0.46, 'train/overhead_time_percent': 73.27, 'epoch': 0.5990783410138248}
{'loss': 1.3413, 'learning_rate': 0.0001, 'grad_norm': 0.17699329555034637, 'train/tokens_per_sec': 1619.0048081808172, 'train/step_time': 20.23959399899468, 'train/mfu': 180.34, 'train/efficiency': 26.3, 'train/forward_time_percent': 8.58, 'train/backward_time_percent': 17.2, 'train/optimizer_time_percent': 0.52, 'train/overhead_time_percent': 73.7, 'epoch': 0.5990783410138248}
{'loss': 1.1771, 'learning_rate': 0.0001, 'grad_norm': 0.1856587678194046, 'train/tokens_per_sec': 1617.7715149726457, 'train/step_time': 20.25502346699068, 'train/mfu': 185.49, 'train/efficiency': 25.51, 'train/forward_time_percent': 8.31, 'train/backward_time_percent': 16.72, 'train/optimizer_time_percent': 0.47, 'train/overhead_time_percent': 74.49, 'epoch': 0.6082949308755761}
{'loss': 1.1771, 'learning_rate': 0.0001, 'grad_norm': 0.1856587678194046, 'train/tokens_per_sec': 1617.7192534766416, 'train/step_time': 20.25567781899008, 'train/mfu': 176.58, 'train/efficiency': 26.83, 'train/forward_time_percent': 8.27, 'train/backward_time_percent': 18.04, 'train/optimizer_time_percent': 0.53, 'train/overhead_time_percent': 73.17, 'epoch': 0.6082949308755761}
{'loss': 1.2896, 'learning_rate': 0.0001, 'grad_norm': 0.2146269679069519, 'train/tokens_per_sec': 1618.1603012800654, 'train/step_time': 20.250156906011398, 'train/mfu': 182.14, 'train/efficiency': 25.95, 'train/forward_time_percent': 8.34, 'train/backward_time_percent': 17.17, 'train/optimizer_time_percent': 0.44, 'train/overhead_time_percent': 74.05, 'epoch': 0.6175115207373272}
{'loss': 1.2896, 'learning_rate': 0.0001, 'grad_norm': 0.2146269679069519, 'train/tokens_per_sec': 1618.4738548627, 'train/step_time': 20.246233760000905, 'train/mfu': 175.47, 'train/efficiency': 27.01, 'train/forward_time_percent': 8.53, 'train/backward_time_percent': 17.95, 'train/optimizer_time_percent': 0.53, 'train/overhead_time_percent': 72.99, 'epoch': 0.6175115207373272}
{'loss': 1.1179, 'learning_rate': 0.0001, 'grad_norm': 0.17318019270896912, 'train/tokens_per_sec': 1619.0704163253179, 'train/step_time': 20.238773848002893, 'train/mfu': 179.89, 'train/efficiency': 26.37, 'train/forward_time_percent': 8.51, 'train/backward_time_percent': 17.33, 'train/optimizer_time_percent': 0.53, 'train/overhead_time_percent': 73.63, 'epoch': 0.6267281105990783}
{'loss': 1.1179, 'learning_rate': 0.0001, 'grad_norm': 0.17318019270896912, 'train/tokens_per_sec': 1618.9771072779083, 'train/step_time': 20.239940301005845, 'train/mfu': 182.93, 'train/efficiency': 25.91, 'train/forward_time_percent': 8.3, 'train/backward_time_percent': 17.11, 'train/optimizer_time_percent': 0.51, 'train/overhead_time_percent': 74.09, 'epoch': 0.6267281105990783}
{'loss': 1.6534, 'learning_rate': 0.0001, 'grad_norm': 0.23494037985801697, 'train/tokens_per_sec': 1618.8479936124413, 'train/step_time': 20.24155456799781, 'train/mfu': 180.23, 'train/efficiency': 26.29, 'train/forward_time_percent': 8.13, 'train/backward_time_percent': 17.65, 'train/optimizer_time_percent': 0.5, 'train/overhead_time_percent': 73.71, 'epoch': 0.6359447004608295}
{'loss': 1.6534, 'learning_rate': 0.0001, 'grad_norm': 0.23494037985801697, 'train/tokens_per_sec': 1618.5671777821021, 'train/step_time': 20.245066407995182, 'train/mfu': 180.09, 'train/efficiency': 26.31, 'train/forward_time_percent': 8.51, 'train/backward_time_percent': 17.29, 'train/optimizer_time_percent': 0.5, 'train/overhead_time_percent': 73.69, 'epoch': 0.6359447004608295}
  step    70  loss   1.2432  |     9159.6 ms
{'loss': 1.2432, 'learning_rate': 0.0001, 'grad_norm': 0.19066204130649567, 'train/tokens_per_sec': 1619.554257144042, 'train/step_time': 20.232727527007228, 'train/mfu': 185.21, 'train/efficiency': 25.55, 'train/forward_time_percent': 8.5, 'train/backward_time_percent': 16.6, 'train/optimizer_time_percent': 0.44, 'train/overhead_time_percent': 74.45, 'epoch': 0.6451612903225806}
{'loss': 1.2432, 'learning_rate': 0.0001, 'grad_norm': 0.19066204130649567, 'train/tokens_per_sec': 1619.5885404047767, 'train/step_time': 20.232299242998124, 'train/mfu': 177.23, 'train/efficiency': 26.76, 'train/forward_time_percent': 8.5, 'train/backward_time_percent': 17.74, 'train/optimizer_time_percent': 0.53, 'train/overhead_time_percent': 73.24, 'epoch': 0.6451612903225806}
{'loss': 1.303, 'learning_rate': 0.0001, 'grad_norm': 0.2088959515094757, 'train/tokens_per_sec': 1619.473885399216, 'train/step_time': 20.233731642991188, 'train/mfu': 177.97, 'train/efficiency': 26.61, 'train/forward_time_percent': 8.62, 'train/backward_time_percent': 17.51, 'train/optimizer_time_percent': 0.49, 'train/overhead_time_percent': 73.39, 'epoch': 0.6543778801843319}
{'loss': 1.303, 'learning_rate': 0.0001, 'grad_norm': 0.2088959515094757, 'train/tokens_per_sec': 1619.6448893153972, 'train/step_time': 20.23159534300794, 'train/mfu': 184.44, 'train/efficiency': 25.73, 'train/forward_time_percent': 8.41, 'train/backward_time_percent': 16.8, 'train/optimizer_time_percent': 0.52, 'train/overhead_time_percent': 74.27, 'epoch': 0.6543778801843319}
{'loss': 1.2012, 'learning_rate': 0.0001, 'grad_norm': 0.18672169744968414, 'train/tokens_per_sec': 1619.617453335544, 'train/step_time': 20.23193806198833, 'train/mfu': 177.68, 'train/efficiency': 26.65, 'train/forward_time_percent': 8.37, 'train/backward_time_percent': 17.81, 'train/optimizer_time_percent': 0.48, 'train/overhead_time_percent': 73.35, 'epoch': 0.663594470046083}
{'loss': 1.2012, 'learning_rate': 0.0001, 'grad_norm': 0.18672169744968414, 'train/tokens_per_sec': 1619.495606408729, 'train/step_time': 20.233460264003952, 'train/mfu': 184.63, 'train/efficiency': 25.66, 'train/forward_time_percent': 8.37, 'train/backward_time_percent': 16.81, 'train/optimizer_time_percent': 0.48, 'train/overhead_time_percent': 74.34, 'epoch': 0.663594470046083}
{'loss': 1.2877, 'learning_rate': 0.0001, 'grad_norm': 0.21728618443012238, 'train/tokens_per_sec': 1618.546260188519, 'train/step_time': 20.24532804900082, 'train/mfu': 182.87, 'train/efficiency': 25.92, 'train/forward_time_percent': 8.22, 'train/backward_time_percent': 17.19, 'train/optimizer_time_percent': 0.51, 'train/overhead_time_percent': 74.08, 'epoch': 0.6728110599078341}
{'loss': 1.2877, 'learning_rate': 0.0001, 'grad_norm': 0.21728618443012238, 'train/tokens_per_sec': 1618.2366903317684, 'train/step_time': 20.24920099499286, 'train/mfu': 180.79, 'train/efficiency': 26.16, 'train/forward_time_percent': 8.29, 'train/backward_time_percent': 17.41, 'train/optimizer_time_percent': 0.46, 'train/overhead_time_percent': 73.84, 'epoch': 0.6728110599078341}
{'loss': 1.35, 'learning_rate': 0.0001, 'grad_norm': 0.21827833354473114, 'train/tokens_per_sec': 1618.8531160404075, 'train/step_time': 20.24149051900895, 'train/mfu': 180.88, 'train/efficiency': 26.22, 'train/forward_time_percent': 8.29, 'train/backward_time_percent': 17.41, 'train/optimizer_time_percent': 0.52, 'train/overhead_time_percent': 73.78, 'epoch': 0.6820276497695853}
{'loss': 1.35, 'learning_rate': 0.0001, 'grad_norm': 0.21827833354473114, 'train/tokens_per_sec': 1619.0716276622945, 'train/step_time': 20.238758706007502, 'train/mfu': 183.03, 'train/efficiency': 25.86, 'train/forward_time_percent': 8.43, 'train/backward_time_percent': 16.96, 'train/optimizer_time_percent': 0.46, 'train/overhead_time_percent': 74.14, 'epoch': 0.6820276497695853}
{'loss': 1.2947, 'learning_rate': 0.0001, 'grad_norm': 0.1998211145401001, 'train/tokens_per_sec': 1619.0106953701747, 'train/step_time': 20.23952040199947, 'train/mfu': 185.12, 'train/efficiency': 25.64, 'train/forward_time_percent': 8.42, 'train/backward_time_percent': 16.69, 'train/optimizer_time_percent': 0.53, 'train/overhead_time_percent': 74.36, 'epoch': 0.6912442396313364}
{'loss': 1.2947, 'learning_rate': 0.0001, 'grad_norm': 0.1998211145401001, 'train/tokens_per_sec': 1618.9923824839154, 'train/step_time': 20.239749337008107, 'train/mfu': 181.67, 'train/efficiency': 26.02, 'train/forward_time_percent': 8.44, 'train/backward_time_percent': 17.14, 'train/optimizer_time_percent': 0.44, 'train/overhead_time_percent': 73.98, 'epoch': 0.6912442396313364}
{'loss': 1.2399, 'learning_rate': 0.0001, 'grad_norm': 0.18949012458324432, 'train/tokens_per_sec': 1619.9535570941514, 'train/step_time': 20.22774039200158, 'train/mfu': 177.94, 'train/efficiency': 26.64, 'train/forward_time_percent': 8.6, 'train/backward_time_percent': 17.53, 'train/optimizer_time_percent': 0.5, 'train/overhead_time_percent': 73.36, 'epoch': 0.7004608294930875}
{'loss': 1.2399, 'learning_rate': 0.0001, 'grad_norm': 0.18949012458324432, 'train/tokens_per_sec': 1619.7940680315087, 'train/step_time': 20.22973206700408, 'train/mfu': 180.52, 'train/efficiency': 26.28, 'train/forward_time_percent': 8.2, 'train/backward_time_percent': 17.56, 'train/optimizer_time_percent': 0.52, 'train/overhead_time_percent': 73.72, 'epoch': 0.7004608294930875}
{'loss': 1.6982, 'learning_rate': 0.0001, 'grad_norm': 0.21593773365020752, 'train/tokens_per_sec': 1618.7514108374044, 'train/step_time': 20.242762280002353, 'train/mfu': 181.74, 'train/efficiency': 26.01, 'train/forward_time_percent': 8.35, 'train/backward_time_percent': 17.23, 'train/optimizer_time_percent': 0.44, 'train/overhead_time_percent': 73.99, 'epoch': 0.7096774193548387}
{'loss': 1.6982, 'learning_rate': 0.0001, 'grad_norm': 0.21593773365020752, 'train/tokens_per_sec': 1618.606016124411, 'train/step_time': 20.24458062899066, 'train/mfu': 176.61, 'train/efficiency': 26.76, 'train/forward_time_percent': 8.41, 'train/backward_time_percent': 17.9, 'train/optimizer_time_percent': 0.45, 'train/overhead_time_percent': 73.24, 'epoch': 0.7096774193548387}
{'loss': 1.1259, 'learning_rate': 0.0001, 'grad_norm': 0.18279609084129333, 'train/tokens_per_sec': 1618.3922648861835, 'train/step_time': 20.24725445799413, 'train/mfu': 181.41, 'train/efficiency': 26.13, 'train/forward_time_percent': 8.28, 'train/backward_time_percent': 17.33, 'train/optimizer_time_percent': 0.52, 'train/overhead_time_percent': 73.87, 'epoch': 0.7188940092165899}
{'loss': 1.1259, 'learning_rate': 0.0001, 'grad_norm': 0.18279609084129333, 'train/tokens_per_sec': 1618.4276473927725, 'train/step_time': 20.246811806995538, 'train/mfu': 177.82, 'train/efficiency': 26.63, 'train/forward_time_percent': 8.48, 'train/backward_time_percent': 17.65, 'train/optimizer_time_percent': 0.5, 'train/overhead_time_percent': 73.37, 'epoch': 0.7188940092165899}
{'loss': 1.3078, 'learning_rate': 0.0001, 'grad_norm': 0.19111400842666626, 'train/tokens_per_sec': 1619.3273211266612, 'train/step_time': 20.235562985006254, 'train/mfu': 183.8, 'train/efficiency': 25.76, 'train/forward_time_percent': 8.5, 'train/backward_time_percent': 16.79, 'train/optimizer_time_percent': 0.46, 'train/overhead_time_percent': 74.24, 'epoch': 0.728110599078341}
{'loss': 1.3078, 'learning_rate': 0.0001, 'grad_norm': 0.19111400842666626, 'train/tokens_per_sec': 1619.1491268615048, 'train/step_time': 20.237789994993364, 'train/mfu': 181.47, 'train/efficiency': 26.06, 'train/forward_time_percent': 8.37, 'train/backward_time_percent': 17.25, 'train/optimizer_time_percent': 0.44, 'train/overhead_time_percent': 73.94, 'epoch': 0.728110599078341}
{'loss': 1.5729, 'learning_rate': 0.0001, 'grad_norm': 0.18304312229156494, 'train/tokens_per_sec': 1618.9754208665504, 'train/step_time': 20.239961384009803, 'train/mfu': 180.41, 'train/efficiency': 26.29, 'train/forward_time_percent': 8.47, 'train/backward_time_percent': 17.3, 'train/optimizer_time_percent': 0.53, 'train/overhead_time_percent': 73.71, 'epoch': 0.7373271889400922}
  step    80  loss   1.5729  |     9156.9 ms
{'loss': 1.5729, 'learning_rate': 0.0001, 'grad_norm': 0.18304312229156494, 'train/tokens_per_sec': 1618.7062277492234, 'train/step_time': 20.243327317992225, 'train/mfu': 181.16, 'train/efficiency': 26.09, 'train/forward_time_percent': 8.4, 'train/backward_time_percent': 17.25, 'train/optimizer_time_percent': 0.44, 'train/overhead_time_percent': 73.91, 'epoch': 0.7373271889400922}
{'loss': 1.4614, 'learning_rate': 0.0001, 'grad_norm': 0.2037351131439209, 'train/tokens_per_sec': 1618.1169538212844, 'train/step_time': 20.25069938400702, 'train/mfu': 180.51, 'train/efficiency': 26.21, 'train/forward_time_percent': 8.49, 'train/backward_time_percent': 17.24, 'train/optimizer_time_percent': 0.47, 'train/overhead_time_percent': 73.79, 'epoch': 0.7465437788018433}
{'loss': 1.4614, 'learning_rate': 0.0001, 'grad_norm': 0.2037351131439209, 'train/tokens_per_sec': 1618.1809853892755, 'train/step_time': 20.249898062000284, 'train/mfu': 176.31, 'train/efficiency': 26.87, 'train/forward_time_percent': 8.68, 'train/backward_time_percent': 17.67, 'train/optimizer_time_percent': 0.52, 'train/overhead_time_percent': 73.13, 'epoch': 0.7465437788018433}
{'loss': 1.1122, 'learning_rate': 0.0001, 'grad_norm': 0.21617789566516876, 'train/tokens_per_sec': 1618.954025997215, 'train/step_time': 20.24022885999875, 'train/mfu': 177.11, 'train/efficiency': 26.77, 'train/forward_time_percent': 8.58, 'train/backward_time_percent': 17.66, 'train/optimizer_time_percent': 0.52, 'train/overhead_time_percent': 73.23, 'epoch': 0.7557603686635944}{'loss': 1.1122, 'learning_rate': 0.0001, 'grad_norm': 0.21617789566516876, 'train/tokens_per_sec': 1618.7898663251578, 'train/step_time': 20.242281398997875, 'train/mfu': 185.48, 'train/efficiency': 25.56, 'train/forward_time_percent': 8.54, 'train/backward_time_percent': 16.52, 'train/optimizer_time_percent': 0.51, 'train/overhead_time_percent': 74.44, 'epoch': 0.7557603686635944}

{'loss': 1.3427, 'learning_rate': 0.0001, 'grad_norm': 0.23316690325737, 'train/tokens_per_sec': 1618.582813343997, 'train/step_time': 20.244870840004296, 'train/mfu': 174.75, 'train/efficiency': 27.12, 'train/forward_time_percent': 8.66, 'train/backward_time_percent': 17.93, 'train/optimizer_time_percent': 0.52, 'train/overhead_time_percent': 72.88, 'epoch': 0.7649769585253456}
{'loss': 1.3427, 'learning_rate': 0.0001, 'grad_norm': 0.23316690325737, 'train/tokens_per_sec': 1618.2721262157454, 'train/step_time': 20.248757590990863, 'train/mfu': 184.77, 'train/efficiency': 25.66, 'train/forward_time_percent': 8.29, 'train/backward_time_percent': 16.86, 'train/optimizer_time_percent': 0.52, 'train/overhead_time_percent': 74.34, 'epoch': 0.7649769585253456}
{'loss': 1.342, 'learning_rate': 0.0001, 'grad_norm': 0.2052897810935974, 'train/tokens_per_sec': 1618.9462045106848, 'train/step_time': 20.24032664501283, 'train/mfu': 177.63, 'train/efficiency': 26.6, 'train/forward_time_percent': 8.61, 'train/backward_time_percent': 17.56, 'train/optimizer_time_percent': 0.44, 'train/overhead_time_percent': 73.4, 'epoch': 0.7741935483870968}
{'loss': 1.342, 'learning_rate': 0.0001, 'grad_norm': 0.2052897810935974, 'train/tokens_per_sec': 1618.7454414088436, 'train/step_time': 20.242836928999168, 'train/mfu': 180.69, 'train/efficiency': 26.24, 'train/forward_time_percent': 8.51, 'train/backward_time_percent': 17.21, 'train/optimizer_time_percent': 0.52, 'train/overhead_time_percent': 73.76, 'epoch': 0.7741935483870968}
{'loss': 1.1143, 'learning_rate': 0.0001, 'grad_norm': 0.2132556289434433, 'train/tokens_per_sec': 1618.7083873786266, 'train/step_time': 20.243300309986807, 'train/mfu': 186.48, 'train/efficiency': 25.43, 'train/forward_time_percent': 8.31, 'train/backward_time_percent': 16.61, 'train/optimizer_time_percent': 0.51, 'train/overhead_time_percent': 74.57, 'epoch': 0.783410138248848}
{'loss': 1.1143, 'learning_rate': 0.0001, 'grad_norm': 0.2132556289434433, 'train/tokens_per_sec': 1618.9585516710913, 'train/step_time': 20.24017227999866, 'train/mfu': 176.5, 'train/efficiency': 26.87, 'train/forward_time_percent': 8.36, 'train/backward_time_percent': 17.98, 'train/optimizer_time_percent': 0.53, 'train/overhead_time_percent': 73.13, 'epoch': 0.783410138248848}
{'loss': 1.2149, 'learning_rate': 0.0001, 'grad_norm': 0.23790201544761658, 'train/tokens_per_sec': 1617.2323245909206, 'train/step_time': 20.26177655599895, 'train/mfu': 179.87, 'train/efficiency': 26.29, 'train/forward_time_percent': 8.59, 'train/backward_time_percent': 17.22, 'train/optimizer_time_percent': 0.48, 'train/overhead_time_percent': 73.71, 'epoch': 0.7926267281105991}
{'loss': 1.2149, 'learning_rate': 0.0001, 'grad_norm': 0.23790201544761658, 'train/tokens_per_sec': 1617.463199453567, 'train/step_time': 20.25888441299321, 'train/mfu': 178.65, 'train/efficiency': 26.5, 'train/forward_time_percent': 8.55, 'train/backward_time_percent': 17.44, 'train/optimizer_time_percent': 0.51, 'train/overhead_time_percent': 73.5, 'epoch': 0.7926267281105991}
{'loss': 1.2578, 'learning_rate': 0.0001, 'grad_norm': 0.21183884143829346, 'train/tokens_per_sec': 1618.345700484479, 'train/step_time': 20.247837029004586, 'train/mfu': 181.5, 'train/efficiency': 26.07, 'train/forward_time_percent': 8.42, 'train/backward_time_percent': 17.18, 'train/optimizer_time_percent': 0.47, 'train/overhead_time_percent': 73.93, 'epoch': 0.8018433179723502}
{'loss': 1.2578, 'learning_rate': 0.0001, 'grad_norm': 0.21183884143829346, 'train/tokens_per_sec': 1618.4319124121002, 'train/step_time': 20.24675845100137, 'train/mfu': 180.02, 'train/efficiency': 26.34, 'train/forward_time_percent': 8.52, 'train/backward_time_percent': 17.29, 'train/optimizer_time_percent': 0.53, 'train/overhead_time_percent': 73.66, 'epoch': 0.8018433179723502}
{'loss': 1.1977, 'learning_rate': 0.0001, 'grad_norm': 0.1777493804693222, 'train/tokens_per_sec': 1618.5677496550243, 'train/step_time': 20.24505925500125, 'train/mfu': 177.97, 'train/efficiency': 26.63, 'train/forward_time_percent': 8.44, 'train/backward_time_percent': 17.67, 'train/optimizer_time_percent': 0.52, 'train/overhead_time_percent': 73.37, 'epoch': 0.8110599078341014}
{'loss': 1.1977, 'learning_rate': 0.0001, 'grad_norm': 0.1777493804693222, 'train/tokens_per_sec': 1618.6203125669226, 'train/step_time': 20.244401818999904, 'train/mfu': 178.54, 'train/efficiency': 26.55, 'train/forward_time_percent': 8.37, 'train/backward_time_percent': 17.66, 'train/optimizer_time_percent': 0.52, 'train/overhead_time_percent': 73.45, 'epoch': 0.8110599078341014}
{'loss': 1.1873, 'learning_rate': 0.0001, 'grad_norm': 0.1975281685590744, 'train/tokens_per_sec': 1618.5390104990936, 'train/step_time': 20.24541873099224, 'train/mfu': 177.97, 'train/efficiency': 26.64, 'train/forward_time_percent': 8.62, 'train/backward_time_percent': 17.49, 'train/optimizer_time_percent': 0.53, 'train/overhead_time_percent': 73.36, 'epoch': 0.8202764976958525}
{'loss': 1.1873, 'learning_rate': 0.0001, 'grad_norm': 0.1975281685590744, 'train/tokens_per_sec': 1618.3017226540173, 'train/step_time': 20.248387269995874, 'train/mfu': 184.55, 'train/efficiency': 25.64, 'train/forward_time_percent': 8.34, 'train/backward_time_percent': 16.84, 'train/optimizer_time_percent': 0.47, 'train/overhead_time_percent': 74.36, 'epoch': 0.8202764976958525}
  step    90  loss   1.1911  |     9175.6 ms
{'loss': 1.1911, 'learning_rate': 0.0001, 'grad_norm': 0.20377735793590546, 'train/tokens_per_sec': 1618.0474262076673, 'train/step_time': 20.25156955800776, 'train/mfu': 178.43, 'train/efficiency': 26.51, 'train/forward_time_percent': 8.36, 'train/backward_time_percent': 17.67, 'train/optimizer_time_percent': 0.48, 'train/overhead_time_percent': 73.49, 'epoch': 0.8294930875576036}
{'loss': 1.1911, 'learning_rate': 0.0001, 'grad_norm': 0.20377735793590546, 'train/tokens_per_sec': 1617.8132831814323, 'train/step_time': 20.254500528986682, 'train/mfu': 175.6, 'train/efficiency': 26.93, 'train/forward_time_percent': 8.48, 'train/backward_time_percent': 17.97, 'train/optimizer_time_percent': 0.48, 'train/overhead_time_percent': 73.07, 'epoch': 0.8294930875576036}
{'loss': 1.1607, 'learning_rate': 0.0001, 'grad_norm': 0.19377842545509338, 'train/tokens_per_sec': 1618.166846055803, 'train/step_time': 20.250075003001257, 'train/mfu': 179.74, 'train/efficiency': 26.34, 'train/forward_time_percent': 8.56, 'train/backward_time_percent': 17.28, 'train/optimizer_time_percent': 0.5, 'train/overhead_time_percent': 73.66, 'epoch': 0.8387096774193549}
{'loss': 1.1607, 'learning_rate': 0.0001, 'grad_norm': 0.19377842545509338, 'train/tokens_per_sec': 1617.9447414967212, 'train/step_time': 20.25285484699998, 'train/mfu': 178.01, 'train/efficiency': 26.6, 'train/forward_time_percent': 8.42, 'train/backward_time_percent': 17.68, 'train/optimizer_time_percent': 0.51, 'train/overhead_time_percent': 73.4, 'epoch': 0.8387096774193549}
{'loss': 1.3528, 'learning_rate': 0.0001, 'grad_norm': 0.23452726006507874, 'train/tokens_per_sec': 1618.0954382904567, 'train/step_time': 20.250968653999735, 'train/mfu': 177.38, 'train/efficiency': 26.72, 'train/forward_time_percent': 8.47, 'train/backward_time_percent': 17.72, 'train/optimizer_time_percent': 0.53, 'train/overhead_time_percent': 73.28, 'epoch': 0.847926267281106}
{'loss': 1.3528, 'learning_rate': 0.0001, 'grad_norm': 0.23452726006507874, 'train/tokens_per_sec': 1618.0511592627777, 'train/step_time': 20.25152283499483, 'train/mfu': 181.99, 'train/efficiency': 25.96, 'train/forward_time_percent': 8.31, 'train/backward_time_percent': 17.22, 'train/optimizer_time_percent': 0.44, 'train/overhead_time_percent': 74.04, 'epoch': 0.847926267281106}
{'loss': 1.1758, 'learning_rate': 0.0001, 'grad_norm': 0.16893291473388672, 'train/tokens_per_sec': 1618.5758473072906, 'train/step_time': 20.24495797000418, 'train/mfu': 179.21, 'train/efficiency': 26.37, 'train/forward_time_percent': 8.41, 'train/backward_time_percent': 17.51, 'train/optimizer_time_percent': 0.44, 'train/overhead_time_percent': 73.63, 'epoch': 0.8571428571428571}
{'loss': 1.1758, 'learning_rate': 0.0001, 'grad_norm': 0.16893291473388672, 'train/tokens_per_sec': 1618.3971999470414, 'train/step_time': 20.247192717011785, 'train/mfu': 178.83, 'train/efficiency': 26.51, 'train/forward_time_percent': 8.51, 'train/backward_time_percent': 17.47, 'train/optimizer_time_percent': 0.53, 'train/overhead_time_percent': 73.49, 'epoch': 0.8571428571428571}
{'loss': 1.263, 'learning_rate': 0.0001, 'grad_norm': 0.18387867510318756, 'train/tokens_per_sec': 1618.588457292796, 'train/step_time': 20.244800247004605, 'train/mfu': 181.06, 'train/efficiency': 26.11, 'train/forward_time_percent': 8.27, 'train/backward_time_percent': 17.39, 'train/optimizer_time_percent': 0.44, 'train/overhead_time_percent': 73.89, 'epoch': 0.8663594470046083}
{'loss': 1.263, 'learning_rate': 0.0001, 'grad_norm': 0.18387867510318756, 'train/tokens_per_sec': 1618.622798179677, 'train/step_time': 20.244370731001254, 'train/mfu': 179.81, 'train/efficiency': 26.37, 'train/forward_time_percent': 8.57, 'train/backward_time_percent': 17.28, 'train/optimizer_time_percent': 0.53, 'train/overhead_time_percent': 73.63, 'epoch': 0.8663594470046083}
{'loss': 1.1574, 'learning_rate': 0.0001, 'grad_norm': 0.19186222553253174, 'train/tokens_per_sec': 1618.7441260433181, 'train/step_time': 20.24285337800393, 'train/mfu': 179.76, 'train/efficiency': 26.35, 'train/forward_time_percent': 8.48, 'train/backward_time_percent': 17.37, 'train/optimizer_time_percent': 0.5, 'train/overhead_time_percent': 73.65, 'epoch': 0.8755760368663594}
{'loss': 1.1574, 'learning_rate': 0.0001, 'grad_norm': 0.19186222553253174, 'train/tokens_per_sec': 1618.6707923608942, 'train/step_time': 20.24377047800226, 'train/mfu': 182.88, 'train/efficiency': 25.93, 'train/forward_time_percent': 8.18, 'train/backward_time_percent': 17.23, 'train/optimizer_time_percent': 0.52, 'train/overhead_time_percent': 74.07, 'epoch': 0.8755760368663594}
{'loss': 1.3443, 'learning_rate': 0.0001, 'grad_norm': 0.20760124921798706, 'train/tokens_per_sec': 1618.2048900319987, 'train/step_time': 20.249598923997837, 'train/mfu': 172.83, 'train/efficiency': 27.41, 'train/forward_time_percent': 8.52, 'train/backward_time_percent': 18.36, 'train/optimizer_time_percent': 0.53, 'train/overhead_time_percent': 72.59, 'epoch': 0.8847926267281107}
{'loss': 1.3443, 'learning_rate': 0.0001, 'grad_norm': 0.20760124921798706, 'train/tokens_per_sec': 1618.1529119323745, 'train/step_time': 20.250249379008892, 'train/mfu': 181.88, 'train/efficiency': 25.98, 'train/forward_time_percent': 8.29, 'train/backward_time_percent': 17.25, 'train/optimizer_time_percent': 0.44, 'train/overhead_time_percent': 74.02, 'epoch': 0.8847926267281107}
{'loss': 1.5877, 'learning_rate': 0.0001, 'grad_norm': 0.2012237161397934, 'train/tokens_per_sec': 1617.4717366765437, 'train/step_time': 20.258777484006714, 'train/mfu': 179.05, 'train/efficiency': 26.38, 'train/forward_time_percent': 8.42, 'train/backward_time_percent': 17.51, 'train/optimizer_time_percent': 0.45, 'train/overhead_time_percent': 73.62, 'epoch': 0.8940092165898618}
{'loss': 1.5877, 'learning_rate': 0.0001, 'grad_norm': 0.2012237161397934, 'train/tokens_per_sec': 1617.3673928610826, 'train/step_time': 20.260084470995935, 'train/mfu': 184.29, 'train/efficiency': 25.71, 'train/forward_time_percent': 8.27, 'train/backward_time_percent': 16.93, 'train/optimizer_time_percent': 0.52, 'train/overhead_time_percent': 74.29, 'epoch': 0.8940092165898618}
{'loss': 1.2611, 'learning_rate': 0.0001, 'grad_norm': 0.18198084831237793, 'train/tokens_per_sec': 1618.874564309967, 'train/step_time': 20.241222341996036, 'train/mfu': 179.41, 'train/efficiency': 26.42, 'train/forward_time_percent': 8.47, 'train/backward_time_percent': 17.43, 'train/optimizer_time_percent': 0.51, 'train/overhead_time_percent': 73.58, 'epoch': 0.9032258064516129}
{'loss': 1.2611, 'learning_rate': 0.0001, 'grad_norm': 0.18198084831237793, 'train/tokens_per_sec': 1618.9881793828222, 'train/step_time': 20.239801881994936, 'train/mfu': 182.66, 'train/efficiency': 25.97, 'train/forward_time_percent': 8.47, 'train/backward_time_percent': 16.98, 'train/optimizer_time_percent': 0.52, 'train/overhead_time_percent': 74.03, 'epoch': 0.9032258064516129}
{'loss': 1.311, 'learning_rate': 0.0001, 'grad_norm': 0.19225549697875977, 'train/tokens_per_sec': 1618.7489114753732, 'train/step_time': 20.242793534998782, 'train/mfu': 185.07, 'train/efficiency': 25.55, 'train/forward_time_percent': 8.39, 'train/backward_time_percent': 16.72, 'train/optimizer_time_percent': 0.44, 'train/overhead_time_percent': 74.45, 'epoch': 0.9124423963133641}
{'loss': 1.311, 'learning_rate': 0.0001, 'grad_norm': 0.19225549697875977, 'train/tokens_per_sec': 1618.5489131425375, 'train/step_time': 20.245294865002506, 'train/mfu': 174.25, 'train/efficiency': 27.14, 'train/forward_time_percent': 8.54, 'train/backward_time_percent': 18.13, 'train/optimizer_time_percent': 0.47, 'train/overhead_time_percent': 72.86, 'epoch': 0.9124423963133641}
  step   100  loss   1.5309  |     9168.9 ms
{'loss': 1.5309, 'learning_rate': 0.0001, 'grad_norm': 0.2506987154483795, 'train/tokens_per_sec': 1618.382906566184, 'train/step_time': 20.24737153800379, 'train/mfu': 182.74, 'train/efficiency': 25.88, 'train/forward_time_percent': 7.97, 'train/backward_time_percent': 17.46, 'train/optimizer_time_percent': 0.45, 'train/overhead_time_percent': 74.12, 'epoch': 0.9216589861751152}
{'loss': 1.5309, 'learning_rate': 0.0001, 'grad_norm': 0.2506987154483795, 'train/tokens_per_sec': 1618.5030058063817, 'train/step_time': 20.245869104008307, 'train/mfu': 180.29, 'train/efficiency': 26.29, 'train/forward_time_percent': 8.34, 'train/backward_time_percent': 17.43, 'train/optimizer_time_percent': 0.51, 'train/overhead_time_percent': 73.71, 'epoch': 0.9216589861751152}
{'loss': 1.2838, 'learning_rate': 0.0001, 'grad_norm': 0.18836599588394165, 'train/tokens_per_sec': 1618.3902506161112, 'train/step_time': 20.24727965799684, 'train/mfu': 181.72, 'train/efficiency': 26.01, 'train/forward_time_percent': 8.15, 'train/backward_time_percent': 17.42, 'train/optimizer_time_percent': 0.45, 'train/overhead_time_percent': 73.99, 'epoch': 0.9308755760368663}
{'loss': 1.2838, 'learning_rate': 0.0001, 'grad_norm': 0.18836599588394165, 'train/tokens_per_sec': 1618.4263418155679, 'train/step_time': 20.246828140006983, 'train/mfu': 174.25, 'train/efficiency': 27.19, 'train/forward_time_percent': 8.71, 'train/backward_time_percent': 17.95, 'train/optimizer_time_percent': 0.53, 'train/overhead_time_percent': 72.81, 'epoch': 0.9308755760368663}
{'loss': 1.211, 'learning_rate': 0.0001, 'grad_norm': 0.24792778491973877, 'train/tokens_per_sec': 1618.4294289838217, 'train/step_time': 20.246789519005688, 'train/mfu': 174.95, 'train/efficiency': 27.07, 'train/forward_time_percent': 8.54, 'train/backward_time_percent': 18.02, 'train/optimizer_time_percent': 0.51, 'train/overhead_time_percent': 72.93, 'epoch': 0.9400921658986175}
{'loss': 1.211, 'learning_rate': 0.0001, 'grad_norm': 0.24792778491973877, 'train/tokens_per_sec': 1618.412588910046, 'train/step_time': 20.247000192990527, 'train/mfu': 185.82, 'train/efficiency': 25.45, 'train/forward_time_percent': 8.47, 'train/backward_time_percent': 16.54, 'train/optimizer_time_percent': 0.44, 'train/overhead_time_percent': 74.55, 'epoch': 0.9400921658986175}
{'loss': 1.2263, 'learning_rate': 0.0001, 'grad_norm': 0.18558862805366516, 'train/tokens_per_sec': 1617.6207858728728, 'train/step_time': 20.256910819996847, 'train/mfu': 180.22, 'train/efficiency': 26.24, 'train/forward_time_percent': 8.46, 'train/backward_time_percent': 17.31, 'train/optimizer_time_percent': 0.47, 'train/overhead_time_percent': 73.76, 'epoch': 0.9493087557603687}
{'loss': 1.2263, 'learning_rate': 0.0001, 'grad_norm': 0.18558862805366516, 'train/tokens_per_sec': 1617.6349181403098, 'train/step_time': 20.256733848000295, 'train/mfu': 180.73, 'train/efficiency': 26.23, 'train/forward_time_percent': 8.54, 'train/backward_time_percent': 17.15, 'train/optimizer_time_percent': 0.53, 'train/overhead_time_percent': 73.77, 'epoch': 0.9493087557603687}
{'loss': 1.3254, 'learning_rate': 0.0001, 'grad_norm': 0.23140756785869598, 'train/tokens_per_sec': 1618.3839415074506, 'train/step_time': 20.24735859000066, 'train/mfu': 183.17, 'train/efficiency': 25.88, 'train/forward_time_percent': 8.32, 'train/backward_time_percent': 17.05, 'train/optimizer_time_percent': 0.52, 'train/overhead_time_percent': 74.12, 'epoch': 0.9585253456221198}
{'loss': 1.3254, 'learning_rate': 0.0001, 'grad_norm': 0.23140756785869598, 'train/tokens_per_sec': 1618.2600872203147, 'train/step_time': 20.24890823099122, 'train/mfu': 180.12, 'train/efficiency': 26.33, 'train/forward_time_percent': 8.49, 'train/backward_time_percent': 17.3, 'train/optimizer_time_percent': 0.53, 'train/overhead_time_percent': 73.67, 'epoch': 0.9585253456221198}
{'loss': 1.1691, 'learning_rate': 0.0001, 'grad_norm': 0.1956779807806015, 'train/tokens_per_sec': 1618.1940507138474, 'train/step_time': 20.24973456400039, 'train/mfu': 182.62, 'train/efficiency': 25.96, 'train/forward_time_percent': 8.38, 'train/backward_time_percent': 17.06, 'train/optimizer_time_percent': 0.52, 'train/overhead_time_percent': 74.04, 'epoch': 0.967741935483871}{'loss': 1.1691, 'learning_rate': 0.0001, 'grad_norm': 0.1956779807806015, 'train/tokens_per_sec': 1618.109034630412, 'train/step_time': 20.250798492998, 'train/mfu': 179.91, 'train/efficiency': 26.26, 'train/forward_time_percent': 8.3, 'train/backward_time_percent': 17.53, 'train/optimizer_time_percent': 0.44, 'train/overhead_time_percent': 73.74, 'epoch': 0.967741935483871}

{'loss': 1.2918, 'learning_rate': 0.0001, 'grad_norm': 0.23626019060611725, 'train/tokens_per_sec': 1617.9178344033287, 'train/step_time': 20.253191665993654, 'train/mfu': 181.67, 'train/efficiency': 26.08, 'train/forward_time_percent': 8.25, 'train/backward_time_percent': 17.32, 'train/optimizer_time_percent': 0.51, 'train/overhead_time_percent': 73.92, 'epoch': 0.9769585253456221}
{'loss': 1.2918, 'learning_rate': 0.0001, 'grad_norm': 0.23626019060611725, 'train/tokens_per_sec': 1617.9666805885586, 'train/step_time': 20.25258022500202, 'train/mfu': 177.6, 'train/efficiency': 26.61, 'train/forward_time_percent': 8.38, 'train/backward_time_percent': 17.77, 'train/optimizer_time_percent': 0.45, 'train/overhead_time_percent': 73.39, 'epoch': 0.9769585253456221}
{'loss': 1.2998, 'learning_rate': 0.0001, 'grad_norm': 0.22738023102283478, 'train/tokens_per_sec': 1619.979554303826, 'train/step_time': 20.22741577999841, 'train/mfu': 187.13, 'train/efficiency': 25.37, 'train/forward_time_percent': 8.26, 'train/backward_time_percent': 16.6, 'train/optimizer_time_percent': 0.51, 'train/overhead_time_percent': 74.63, 'epoch': 0.9861751152073732}
{'loss': 1.2998, 'learning_rate': 0.0001, 'grad_norm': 0.22738023102283478, 'train/tokens_per_sec': 1619.9057593302375, 'train/step_time': 20.22833724200609, 'train/mfu': 174.34, 'train/efficiency': 27.13, 'train/forward_time_percent': 8.42, 'train/backward_time_percent': 18.26, 'train/optimizer_time_percent': 0.45, 'train/overhead_time_percent': 72.87, 'epoch': 0.9861751152073732}
{'loss': 1.3704, 'learning_rate': 0.0001, 'grad_norm': 0.22856532037258148, 'train/tokens_per_sec': 1618.3294274630703, 'train/step_time': 20.248040630001924, 'train/mfu': 179.05, 'train/efficiency': 26.47, 'train/forward_time_percent': 8.65, 'train/backward_time_percent': 17.3, 'train/optimizer_time_percent': 0.52, 'train/overhead_time_percent': 73.53, 'epoch': 0.9953917050691244}
{'loss': 1.3704, 'learning_rate': 0.0001, 'grad_norm': 0.22856532037258148, 'train/tokens_per_sec': 1618.555051251135, 'train/step_time': 20.245218087991816, 'train/mfu': 178.0, 'train/efficiency': 26.62, 'train/forward_time_percent': 8.3, 'train/backward_time_percent': 17.8, 'train/optimizer_time_percent': 0.51, 'train/overhead_time_percent': 73.38, 'epoch': 0.9953917050691244}
{'loss': 1.2665, 'learning_rate': 0.0001, 'grad_norm': 0.2747661769390106, 'train/tokens_per_sec': 1447.5451595656846, 'train/step_time': 11.318472444007057, 'train/mfu': 177.62, 'train/efficiency': 24.2, 'train/forward_time_percent': 7.34, 'train/backward_time_percent': 16.05, 'train/optimizer_time_percent': 0.8, 'train/overhead_time_percent': 75.8, 'epoch': 1.0}
{'loss': 1.2665, 'learning_rate': 0.0001, 'grad_norm': 0.2747661769390106, 'train/tokens_per_sec': 1461.4886819764165, 'train/step_time': 11.210487088988884, 'train/mfu': 183.88, 'train/efficiency': 23.6, 'train/forward_time_percent': 7.28, 'train/backward_time_percent': 15.54, 'train/optimizer_time_percent': 0.78, 'train/overhead_time_percent': 76.4, 'epoch': 1.0}
  step   110  loss   1.2505  |     9184.4 ms
{'loss': 1.2505, 'learning_rate': 0.0001, 'grad_norm': 0.20386582612991333, 'train/tokens_per_sec': 2760.6823320994586, 'train/step_time': 11.869529361996683, 'train/mfu': 180.45, 'train/efficiency': 44.78, 'train/forward_time_percent': 14.38, 'train/backward_time_percent': 29.55, 'train/optimizer_time_percent': 0.86, 'train/overhead_time_percent': 55.22, 'epoch': 1.0092165898617511}
{'loss': 1.2505, 'learning_rate': 0.0001, 'grad_norm': 0.20386582612991333, 'train/tokens_per_sec': 2760.5801656505114, 'train/step_time': 11.869968642000458, 'train/mfu': 176.54, 'train/efficiency': 45.66, 'train/forward_time_percent': 14.44, 'train/backward_time_percent': 30.46, 'train/optimizer_time_percent': 0.77, 'train/overhead_time_percent': 54.34, 'epoch': 1.0092165898617511}
{'loss': 1.1165, 'learning_rate': 0.0001, 'grad_norm': 0.19246713817119598, 'train/tokens_per_sec': 1618.9423947791686, 'train/step_time': 20.240374275002978, 'train/mfu': 179.42, 'train/efficiency': 26.39, 'train/forward_time_percent': 8.09, 'train/backward_time_percent': 17.82, 'train/optimizer_time_percent': 0.49, 'train/overhead_time_percent': 73.61, 'epoch': 1.0184331797235022}{'loss': 1.1165, 'learning_rate': 0.0001, 'grad_norm': 0.19246713817119598, 'train/tokens_per_sec': 1619.0418324267205, 'train/step_time': 20.23913115999312, 'train/mfu': 175.28, 'train/efficiency': 27.02, 'train/forward_time_percent': 8.65, 'train/backward_time_percent': 17.87, 'train/optimizer_time_percent': 0.5, 'train/overhead_time_percent': 72.98, 'epoch': 1.0184331797235022}

{'loss': 1.0237, 'learning_rate': 0.0001, 'grad_norm': 0.18645377457141876, 'train/tokens_per_sec': 1617.2443633046323, 'train/step_time': 20.2616257280024, 'train/mfu': 170.09, 'train/efficiency': 27.75, 'train/forward_time_percent': 9.48, 'train/backward_time_percent': 17.82, 'train/optimizer_time_percent': 0.45, 'train/overhead_time_percent': 72.25, 'epoch': 1.0276497695852536}
{'loss': 1.0237, 'learning_rate': 0.0001, 'grad_norm': 0.18645377457141876, 'train/tokens_per_sec': 1617.0166472899066, 'train/step_time': 20.264479067001957, 'train/mfu': 179.6, 'train/efficiency': 26.34, 'train/forward_time_percent': 8.42, 'train/backward_time_percent': 17.43, 'train/optimizer_time_percent': 0.5, 'train/overhead_time_percent': 73.66, 'epoch': 1.0276497695852536}
{'loss': 1.0463, 'learning_rate': 0.0001, 'grad_norm': 0.2172643095254898, 'train/tokens_per_sec': 1599.875320029278, 'train/step_time': 20.481596027995693, 'train/mfu': 175.85, 'train/efficiency': 26.62, 'train/forward_time_percent': 9.22, 'train/backward_time_percent': 16.9, 'train/optimizer_time_percent': 0.5, 'train/overhead_time_percent': 73.38, 'epoch': 1.0368663594470047}
{'loss': 1.0463, 'learning_rate': 0.0001, 'grad_norm': 0.2172643095254898, 'train/tokens_per_sec': 1599.9424190253862, 'train/step_time': 20.48073706300056, 'train/mfu': 175.72, 'train/efficiency': 26.58, 'train/forward_time_percent': 8.49, 'train/backward_time_percent': 17.66, 'train/optimizer_time_percent': 0.44, 'train/overhead_time_percent': 73.42, 'epoch': 1.0368663594470047}
{'loss': 1.1124, 'learning_rate': 0.0001, 'grad_norm': 0.18900416791439056, 'train/tokens_per_sec': 1618.4725949368008, 'train/step_time': 20.246249521005666, 'train/mfu': 186.28, 'train/efficiency': 25.38, 'train/forward_time_percent': 8.11, 'train/backward_time_percent': 16.84, 'train/optimizer_time_percent': 0.44, 'train/overhead_time_percent': 74.62, 'epoch': 1.0460829493087558}
{'loss': 1.1124, 'learning_rate': 0.0001, 'grad_norm': 0.18900416791439056, 'train/tokens_per_sec': 1618.8005331303498, 'train/step_time': 20.242148015997373, 'train/mfu': 176.61, 'train/efficiency': 26.84, 'train/forward_time_percent': 8.66, 'train/backward_time_percent': 17.66, 'train/optimizer_time_percent': 0.52, 'train/overhead_time_percent': 73.16, 'epoch': 1.0460829493087558}
{'loss': 1.2617, 'learning_rate': 0.0001, 'grad_norm': 0.22593040764331818, 'train/tokens_per_sec': 1618.7238792548112, 'train/step_time': 20.243106572990655, 'train/mfu': 183.23, 'train/efficiency': 25.89, 'train/forward_time_percent': 8.26, 'train/backward_time_percent': 17.1, 'train/optimizer_time_percent': 0.53, 'train/overhead_time_percent': 74.11, 'epoch': 1.055299539170507}
{'loss': 1.2617, 'learning_rate': 0.0001, 'grad_norm': 0.22593040764331818, 'train/tokens_per_sec': 1618.434213515054, 'train/step_time': 20.24672966399521, 'train/mfu': 177.72, 'train/efficiency': 26.66, 'train/forward_time_percent': 8.65, 'train/backward_time_percent': 17.49, 'train/optimizer_time_percent': 0.52, 'train/overhead_time_percent': 73.34, 'epoch': 1.055299539170507}
{'loss': 1.3332, 'learning_rate': 0.0001, 'grad_norm': 0.21284863352775574, 'train/tokens_per_sec': 1618.4708606539075, 'train/step_time': 20.24627121600497, 'train/mfu': 183.05, 'train/efficiency': 25.87, 'train/forward_time_percent': 8.54, 'train/backward_time_percent': 16.85, 'train/optimizer_time_percent': 0.49, 'train/overhead_time_percent': 74.13, 'epoch': 1.064516129032258}
{'loss': 1.3332, 'learning_rate': 0.0001, 'grad_norm': 0.21284863352775574, 'train/tokens_per_sec': 1618.4494433856617, 'train/step_time': 20.24653913899965, 'train/mfu': 180.52, 'train/efficiency': 26.24, 'train/forward_time_percent': 8.55, 'train/backward_time_percent': 17.2, 'train/optimizer_time_percent': 0.5, 'train/overhead_time_percent': 73.76, 'epoch': 1.064516129032258}
{'loss': 1.1318, 'learning_rate': 0.0001, 'grad_norm': 0.21008653938770294, 'train/tokens_per_sec': 1619.298495695466, 'train/step_time': 20.23592320199532, 'train/mfu': 182.96, 'train/efficiency': 25.85, 'train/forward_time_percent': 8.53, 'train/backward_time_percent': 16.88, 'train/optimizer_time_percent': 0.44, 'train/overhead_time_percent': 74.15, 'epoch': 1.0737327188940091}
{'loss': 1.1318, 'learning_rate': 0.0001, 'grad_norm': 0.21008653938770294, 'train/tokens_per_sec': 1619.183037008448, 'train/step_time': 20.23736615999951, 'train/mfu': 181.49, 'train/efficiency': 26.14, 'train/forward_time_percent': 8.6, 'train/backward_time_percent': 17.01, 'train/optimizer_time_percent': 0.53, 'train/overhead_time_percent': 73.86, 'epoch': 1.0737327188940091}
{'loss': 1.5756, 'learning_rate': 0.0001, 'grad_norm': 0.2173554003238678, 'train/tokens_per_sec': 1618.0318724945855, 'train/step_time': 20.25176423099765, 'train/mfu': 176.02, 'train/efficiency': 26.92, 'train/forward_time_percent': 8.75, 'train/backward_time_percent': 17.64, 'train/optimizer_time_percent': 0.53, 'train/overhead_time_percent': 73.08, 'epoch': 1.0829493087557605}
{'loss': 1.5756, 'learning_rate': 0.0001, 'grad_norm': 0.2173554003238678, 'train/tokens_per_sec': 1618.1606523187143, 'train/step_time': 20.25015251300647, 'train/mfu': 182.97, 'train/efficiency': 25.91, 'train/forward_time_percent': 8.38, 'train/backward_time_percent': 17.01, 'train/optimizer_time_percent': 0.52, 'train/overhead_time_percent': 74.09, 'epoch': 1.0829493087557605}
{'loss': 1.1878, 'learning_rate': 0.0001, 'grad_norm': 0.22189123928546906, 'train/tokens_per_sec': 1618.5598540319368, 'train/step_time': 20.24515801400412, 'train/mfu': 183.06, 'train/efficiency': 25.87, 'train/forward_time_percent': 8.23, 'train/backward_time_percent': 17.16, 'train/optimizer_time_percent': 0.49, 'train/overhead_time_percent': 74.13, 'epoch': 1.0921658986175116}
{'loss': 1.1878, 'learning_rate': 0.0001, 'grad_norm': 0.22189123928546906, 'train/tokens_per_sec': 1618.7521191845722, 'train/step_time': 20.24275342200417, 'train/mfu': 179.33, 'train/efficiency': 26.38, 'train/forward_time_percent': 8.62, 'train/backward_time_percent': 17.29, 'train/optimizer_time_percent': 0.46, 'train/overhead_time_percent': 73.62, 'epoch': 1.0921658986175116}
  step   120  loss   1.1765  |     9165.9 ms
{'loss': 1.1765, 'learning_rate': 0.0001, 'grad_norm': 0.21494659781455994, 'train/tokens_per_sec': 1619.2445885528477, 'train/step_time': 20.236596886999905, 'train/mfu': 183.14, 'train/efficiency': 25.9, 'train/forward_time_percent': 8.33, 'train/backward_time_percent': 17.06, 'train/optimizer_time_percent': 0.52, 'train/overhead_time_percent': 74.1, 'epoch': 1.1013824884792627}
{'loss': 1.1765, 'learning_rate': 0.0001, 'grad_norm': 0.21494659781455994, 'train/tokens_per_sec': 1619.3058915876427, 'train/step_time': 20.235830778008676, 'train/mfu': 176.38, 'train/efficiency': 26.81, 'train/forward_time_percent': 8.62, 'train/backward_time_percent': 17.74, 'train/optimizer_time_percent': 0.45, 'train/overhead_time_percent': 73.19, 'epoch': 1.1013824884792627}
{'loss': 1.2524, 'learning_rate': 0.0001, 'grad_norm': 0.21809709072113037, 'train/tokens_per_sec': 1618.1667381787615, 'train/step_time': 20.250076352996984, 'train/mfu': 183.41, 'train/efficiency': 25.85, 'train/forward_time_percent': 8.3, 'train/backward_time_percent': 17.03, 'train/optimizer_time_percent': 0.52, 'train/overhead_time_percent': 74.15, 'epoch': 1.1105990783410138}
{'loss': 1.2524, 'learning_rate': 0.0001, 'grad_norm': 0.21809709072113037, 'train/tokens_per_sec': 1618.3740979526729, 'train/step_time': 20.24748174198612, 'train/mfu': 174.03, 'train/efficiency': 27.2, 'train/forward_time_percent': 8.7, 'train/backward_time_percent': 18.0, 'train/optimizer_time_percent': 0.5, 'train/overhead_time_percent': 72.8, 'epoch': 1.1105990783410138}
{'loss': 1.0748, 'learning_rate': 0.0001, 'grad_norm': 0.20765842497348785, 'train/tokens_per_sec': 1618.4097432032193, 'train/step_time': 20.24703579400375, 'train/mfu': 183.14, 'train/efficiency': 25.89, 'train/forward_time_percent': 8.4, 'train/backward_time_percent': 16.97, 'train/optimizer_time_percent': 0.52, 'train/overhead_time_percent': 74.11, 'epoch': 1.119815668202765}
{'loss': 1.0748, 'learning_rate': 0.0001, 'grad_norm': 0.20765842497348785, 'train/tokens_per_sec': 1618.6009265198093, 'train/step_time': 20.244644286998664, 'train/mfu': 175.86, 'train/efficiency': 26.88, 'train/forward_time_percent': 8.59, 'train/backward_time_percent': 17.83, 'train/optimizer_time_percent': 0.45, 'train/overhead_time_percent': 73.12, 'epoch': 1.119815668202765}
{'loss': 1.3513, 'learning_rate': 0.0001, 'grad_norm': 0.21528618037700653, 'train/tokens_per_sec': 1617.9754334802253, 'train/step_time': 20.252470662991982, 'train/mfu': 186.37, 'train/efficiency': 25.45, 'train/forward_time_percent': 8.32, 'train/backward_time_percent': 16.61, 'train/optimizer_time_percent': 0.52, 'train/overhead_time_percent': 74.55, 'epoch': 1.129032258064516}
{'loss': 1.3513, 'learning_rate': 0.0001, 'grad_norm': 0.21528618037700653, 'train/tokens_per_sec': 1618.1234872198406, 'train/step_time': 20.250617618992692, 'train/mfu': 179.99, 'train/efficiency': 26.32, 'train/forward_time_percent': 8.25, 'train/backward_time_percent': 17.56, 'train/optimizer_time_percent': 0.51, 'train/overhead_time_percent': 73.68, 'epoch': 1.129032258064516}
{'loss': 1.189, 'learning_rate': 0.0001, 'grad_norm': 0.19414694607257843, 'train/tokens_per_sec': 1619.4305216373516, 'train/step_time': 20.234273445006693, 'train/mfu': 181.88, 'train/efficiency': 26.04, 'train/forward_time_percent': 8.46, 'train/backward_time_percent': 17.1, 'train/optimizer_time_percent': 0.48, 'train/overhead_time_percent': 73.96, 'epoch': 1.1382488479262673}
{'loss': 1.189, 'learning_rate': 0.0001, 'grad_norm': 0.19414694607257843, 'train/tokens_per_sec': 1619.5397352023074, 'train/step_time': 20.232908947989927, 'train/mfu': 178.62, 'train/efficiency': 26.5, 'train/forward_time_percent': 8.53, 'train/backward_time_percent': 17.5, 'train/optimizer_time_percent': 0.47, 'train/overhead_time_percent': 73.5, 'epoch': 1.1382488479262673}
{'loss': 1.2424, 'learning_rate': 0.0001, 'grad_norm': 0.239474356174469, 'train/tokens_per_sec': 1618.8250322953813, 'train/step_time': 20.24184167299245, 'train/mfu': 175.66, 'train/efficiency': 26.99, 'train/forward_time_percent': 8.4, 'train/backward_time_percent': 18.06, 'train/optimizer_time_percent': 0.53, 'train/overhead_time_percent': 73.01, 'epoch': 1.1474654377880185}
{'loss': 1.2424, 'learning_rate': 0.0001, 'grad_norm': 0.239474356174469, 'train/tokens_per_sec': 1618.8438892301021, 'train/step_time': 20.241605888004415, 'train/mfu': 179.83, 'train/efficiency': 26.34, 'train/forward_time_percent': 8.42, 'train/backward_time_percent': 17.43, 'train/optimizer_time_percent': 0.49, 'train/overhead_time_percent': 73.66, 'epoch': 1.1474654377880185}
{'loss': 1.2061, 'learning_rate': 0.0001, 'grad_norm': 0.19779449701309204, 'train/tokens_per_sec': 1618.784567322459, 'train/step_time': 20.242347660998348, 'train/mfu': 182.23, 'train/efficiency': 26.03, 'train/forward_time_percent': 8.16, 'train/backward_time_percent': 17.35, 'train/optimizer_time_percent': 0.53, 'train/overhead_time_percent': 73.97, 'epoch': 1.1566820276497696}
{'loss': 1.2061, 'learning_rate': 0.0001, 'grad_norm': 0.19779449701309204, 'train/tokens_per_sec': 1618.8382055123168, 'train/step_time': 20.24167695599317, 'train/mfu': 182.89, 'train/efficiency': 25.91, 'train/forward_time_percent': 8.27, 'train/backward_time_percent': 17.14, 'train/optimizer_time_percent': 0.5, 'train/overhead_time_percent': 74.09, 'epoch': 1.1566820276497696}
{'loss': 1.3272, 'learning_rate': 0.0001, 'grad_norm': 0.23686648905277252, 'train/tokens_per_sec': 1619.4243305492948, 'train/step_time': 20.234350800994434, 'train/mfu': 180.41, 'train/efficiency': 26.29, 'train/forward_time_percent': 8.28, 'train/backward_time_percent': 17.49, 'train/optimizer_time_percent': 0.52, 'train/overhead_time_percent': 73.71, 'epoch': 1.1658986175115207}{'loss': 1.3272, 'learning_rate': 0.0001, 'grad_norm': 0.23686648905277252, 'train/tokens_per_sec': 1619.3313530573873, 'train/step_time': 20.23551260100794, 'train/mfu': 182.09, 'train/efficiency': 26.04, 'train/forward_time_percent': 8.58, 'train/backward_time_percent': 16.95, 'train/optimizer_time_percent': 0.51, 'train/overhead_time_percent': 73.96, 'epoch': 1.1658986175115207}

{'loss': 1.1168, 'learning_rate': 0.0001, 'grad_norm': 0.2059326320886612, 'train/tokens_per_sec': 1619.8288557385242, 'train/step_time': 20.229297609999776, 'train/mfu': 180.94, 'train/efficiency': 26.22, 'train/forward_time_percent': 8.1, 'train/backward_time_percent': 17.6, 'train/optimizer_time_percent': 0.52, 'train/overhead_time_percent': 73.78, 'epoch': 1.1751152073732718}
{'loss': 1.1168, 'learning_rate': 0.0001, 'grad_norm': 0.2059326320886612, 'train/tokens_per_sec': 1619.910621303914, 'train/step_time': 20.22827652900014, 'train/mfu': 177.43, 'train/efficiency': 26.66, 'train/forward_time_percent': 8.57, 'train/backward_time_percent': 17.64, 'train/optimizer_time_percent': 0.45, 'train/overhead_time_percent': 73.34, 'epoch': 1.1751152073732718}
{'loss': 1.7204, 'learning_rate': 0.0001, 'grad_norm': 0.23148444294929504, 'train/tokens_per_sec': 1618.670810991753, 'train/step_time': 20.243770244996995, 'train/mfu': 181.83, 'train/efficiency': 26.09, 'train/forward_time_percent': 8.4, 'train/backward_time_percent': 17.16, 'train/optimizer_time_percent': 0.53, 'train/overhead_time_percent': 73.91, 'epoch': 1.1843317972350231}
{'loss': 1.7204, 'learning_rate': 0.0001, 'grad_norm': 0.23148444294929504, 'train/tokens_per_sec': 1618.428464966792, 'train/step_time': 20.246801579007297, 'train/mfu': 176.76, 'train/efficiency': 26.8, 'train/forward_time_percent': 8.51, 'train/backward_time_percent': 17.77, 'train/optimizer_time_percent': 0.52, 'train/overhead_time_percent': 73.2, 'epoch': 1.1843317972350231}
  step   130  loss   1.1896  |     9156.9 ms
{'loss': 1.1896, 'learning_rate': 0.0001, 'grad_norm': 0.2247265875339508, 'train/tokens_per_sec': 1618.7452929905853, 'train/step_time': 20.242838785008644, 'train/mfu': 180.79, 'train/efficiency': 26.14, 'train/forward_time_percent': 8.55, 'train/backward_time_percent': 17.16, 'train/optimizer_time_percent': 0.44, 'train/overhead_time_percent': 73.86, 'epoch': 1.1935483870967742}
{'loss': 1.1896, 'learning_rate': 0.0001, 'grad_norm': 0.2247265875339508, 'train/tokens_per_sec': 1618.9102050568356, 'train/step_time': 20.24077672600106, 'train/mfu': 174.7, 'train/efficiency': 27.13, 'train/forward_time_percent': 8.48, 'train/backward_time_percent': 18.12, 'train/optimizer_time_percent': 0.53, 'train/overhead_time_percent': 72.87, 'epoch': 1.1935483870967742}
{'loss': 1.2709, 'learning_rate': 0.0001, 'grad_norm': 0.21576373279094696, 'train/tokens_per_sec': 1619.0049284083084, 'train/step_time': 20.239592496000114, 'train/mfu': 177.47, 'train/efficiency': 26.67, 'train/forward_time_percent': 8.63, 'train/backward_time_percent': 17.56, 'train/optimizer_time_percent': 0.48, 'train/overhead_time_percent': 73.33, 'epoch': 1.2027649769585254}{'loss': 1.2709, 'learning_rate': 0.0001, 'grad_norm': 0.21576373279094696, 'train/tokens_per_sec': 1619.2201462987878, 'train/step_time': 20.236902360004024, 'train/mfu': 182.54, 'train/efficiency': 25.94, 'train/forward_time_percent': 8.39, 'train/backward_time_percent': 17.08, 'train/optimizer_time_percent': 0.48, 'train/overhead_time_percent': 74.06, 'epoch': 1.2027649769585254}

{'loss': 1.305, 'learning_rate': 0.0001, 'grad_norm': 0.23500314354896545, 'train/tokens_per_sec': 1618.0848299151787, 'train/step_time': 20.251101421992644, 'train/mfu': 181.01, 'train/efficiency': 26.18, 'train/forward_time_percent': 8.33, 'train/backward_time_percent': 17.34, 'train/optimizer_time_percent': 0.51, 'train/overhead_time_percent': 73.82, 'epoch': 1.2119815668202765}
{'loss': 1.305, 'learning_rate': 0.0001, 'grad_norm': 0.23500314354896545, 'train/tokens_per_sec': 1618.0395286308137, 'train/step_time': 20.251668404991506, 'train/mfu': 175.97, 'train/efficiency': 26.85, 'train/forward_time_percent': 8.93, 'train/backward_time_percent': 17.47, 'train/optimizer_time_percent': 0.45, 'train/overhead_time_percent': 73.15, 'epoch': 1.2119815668202765}
{'loss': 1.2716, 'learning_rate': 0.0001, 'grad_norm': 0.19098669290542603, 'train/tokens_per_sec': 1618.5668417576492, 'train/step_time': 20.245070610995754, 'train/mfu': 183.69, 'train/efficiency': 25.74, 'train/forward_time_percent': 8.04, 'train/backward_time_percent': 17.25, 'train/optimizer_time_percent': 0.44, 'train/overhead_time_percent': 74.26, 'epoch': 1.2211981566820276}
{'loss': 1.2716, 'learning_rate': 0.0001, 'grad_norm': 0.19098669290542603, 'train/tokens_per_sec': 1618.6274302603128, 'train/step_time': 20.24431279700366, 'train/mfu': 173.92, 'train/efficiency': 27.21, 'train/forward_time_percent': 8.63, 'train/backward_time_percent': 18.09, 'train/optimizer_time_percent': 0.49, 'train/overhead_time_percent': 72.79, 'epoch': 1.2211981566820276}
{'loss': 1.2476, 'learning_rate': 0.0001, 'grad_norm': 0.17732372879981995, 'train/tokens_per_sec': 1619.42722832447, 'train/step_time': 20.234314593995805, 'train/mfu': 177.94, 'train/efficiency': 26.58, 'train/forward_time_percent': 8.8, 'train/backward_time_percent': 17.33, 'train/optimizer_time_percent': 0.45, 'train/overhead_time_percent': 73.42, 'epoch': 1.230414746543779}
{'loss': 1.2476, 'learning_rate': 0.0001, 'grad_norm': 0.17732372879981995, 'train/tokens_per_sec': 1619.3075309150952, 'train/step_time': 20.23581029199704, 'train/mfu': 182.84, 'train/efficiency': 25.95, 'train/forward_time_percent': 8.14, 'train/backward_time_percent': 17.28, 'train/optimizer_time_percent': 0.52, 'train/overhead_time_percent': 74.05, 'epoch': 1.230414746543779}
{'loss': 1.2603, 'learning_rate': 0.0001, 'grad_norm': 0.24971306324005127, 'train/tokens_per_sec': 1618.2479290076053, 'train/step_time': 20.249060364993056, 'train/mfu': 184.4, 'train/efficiency': 25.71, 'train/forward_time_percent': 8.33, 'train/backward_time_percent': 16.86, 'train/optimizer_time_percent': 0.51, 'train/overhead_time_percent': 74.29, 'epoch': 1.23963133640553}
{'loss': 1.2603, 'learning_rate': 0.0001, 'grad_norm': 0.24971306324005127, 'train/tokens_per_sec': 1618.4370136631849, 'train/step_time': 20.24669463399914, 'train/mfu': 172.55, 'train/efficiency': 27.41, 'train/forward_time_percent': 8.56, 'train/backward_time_percent': 18.37, 'train/optimizer_time_percent': 0.48, 'train/overhead_time_percent': 72.59, 'epoch': 1.23963133640553}
{'loss': 1.1894, 'learning_rate': 0.0001, 'grad_norm': 0.2152785211801529, 'train/tokens_per_sec': 1618.6316900974816, 'train/step_time': 20.244259518993204, 'train/mfu': 182.2, 'train/efficiency': 25.95, 'train/forward_time_percent': 8.45, 'train/backward_time_percent': 17.06, 'train/optimizer_time_percent': 0.44, 'train/overhead_time_percent': 74.05, 'epoch': 1.2488479262672811}
{'loss': 1.1894, 'learning_rate': 0.0001, 'grad_norm': 0.2152785211801529, 'train/tokens_per_sec': 1618.6619837304077, 'train/step_time': 20.24388064300001, 'train/mfu': 177.26, 'train/efficiency': 26.67, 'train/forward_time_percent': 8.42, 'train/backward_time_percent': 17.8, 'train/optimizer_time_percent': 0.45, 'train/overhead_time_percent': 73.33, 'epoch': 1.2488479262672811}
{'loss': 0.9467, 'learning_rate': 0.0001, 'grad_norm': 0.21775221824645996, 'train/tokens_per_sec': 1617.9752710629612, 'train/step_time': 20.252472695996403, 'train/mfu': 182.5, 'train/efficiency': 25.97, 'train/forward_time_percent': 8.63, 'train/backward_time_percent': 16.82, 'train/optimizer_time_percent': 0.52, 'train/overhead_time_percent': 74.03, 'epoch': 1.2580645161290323}{'loss': 0.9467, 'learning_rate': 0.0001, 'grad_norm': 0.21775221824645996, 'train/tokens_per_sec': 1618.0836347556622, 'train/step_time': 20.25111637999362, 'train/mfu': 174.6, 'train/efficiency': 27.13, 'train/forward_time_percent': 8.55, 'train/backward_time_percent': 18.06, 'train/optimizer_time_percent': 0.52, 'train/overhead_time_percent': 72.87, 'epoch': 1.2580645161290323}

{'loss': 1.1966, 'learning_rate': 0.0001, 'grad_norm': 0.20899991691112518, 'train/tokens_per_sec': 1618.8422558013885, 'train/step_time': 20.241626311995788, 'train/mfu': 181.39, 'train/efficiency': 26.15, 'train/forward_time_percent': 8.22, 'train/backward_time_percent': 17.4, 'train/optimizer_time_percent': 0.53, 'train/overhead_time_percent': 73.85, 'epoch': 1.2672811059907834}
{'loss': 1.1966, 'learning_rate': 0.0001, 'grad_norm': 0.20899991691112518, 'train/tokens_per_sec': 1618.9327937418525, 'train/step_time': 20.240494309997302, 'train/mfu': 184.38, 'train/efficiency': 25.66, 'train/forward_time_percent': 8.47, 'train/backward_time_percent': 16.74, 'train/optimizer_time_percent': 0.46, 'train/overhead_time_percent': 74.34, 'epoch': 1.2672811059907834}
{'loss': 1.0849, 'learning_rate': 0.0001, 'grad_norm': 0.30080699920654297, 'train/tokens_per_sec': 1619.4681399487504, 'train/step_time': 20.23380342699238, 'train/mfu': 178.06, 'train/efficiency': 26.56, 'train/forward_time_percent': 8.74, 'train/backward_time_percent': 17.37, 'train/optimizer_time_percent': 0.45, 'train/overhead_time_percent': 73.44, 'epoch': 1.2764976958525347}{'loss': 1.0849, 'learning_rate': 0.0001, 'grad_norm': 0.30080699920654297, 'train/tokens_per_sec': 1619.2654095338576, 'train/step_time': 20.236336679008673, 'train/mfu': 178.11, 'train/efficiency': 26.62, 'train/forward_time_percent': 8.37, 'train/backward_time_percent': 17.73, 'train/optimizer_time_percent': 0.52, 'train/overhead_time_percent': 73.38, 'epoch': 1.2764976958525347}

  step   140  loss   1.2172  |     9203.5 ms
{'loss': 1.2172, 'learning_rate': 0.0001, 'grad_norm': 0.23384717106819153, 'train/tokens_per_sec': 1616.3614437406613, 'train/step_time': 20.272693416991387, 'train/mfu': 181.58, 'train/efficiency': 26.07, 'train/forward_time_percent': 8.61, 'train/backward_time_percent': 16.95, 'train/optimizer_time_percent': 0.51, 'train/overhead_time_percent': 73.93, 'epoch': 1.2857142857142856}
{'loss': 1.2172, 'learning_rate': 0.0001, 'grad_norm': 0.23384717106819153, 'train/tokens_per_sec': 1616.286747647689, 'train/step_time': 20.27363031200366, 'train/mfu': 177.03, 'train/efficiency': 26.66, 'train/forward_time_percent': 8.29, 'train/backward_time_percent': 17.92, 'train/optimizer_time_percent': 0.45, 'train/overhead_time_percent': 73.34, 'epoch': 1.2857142857142856}
{'loss': 1.2904, 'learning_rate': 0.0001, 'grad_norm': 0.25333160161972046, 'train/tokens_per_sec': 1618.5979234453646, 'train/step_time': 20.24468184800935, 'train/mfu': 175.33, 'train/efficiency': 27.02, 'train/forward_time_percent': 8.5, 'train/backward_time_percent': 18.0, 'train/optimizer_time_percent': 0.51, 'train/overhead_time_percent': 72.98, 'epoch': 1.294930875576037}
{'loss': 1.2904, 'learning_rate': 0.0001, 'grad_norm': 0.25333160161972046, 'train/tokens_per_sec': 1618.7437469236834, 'train/step_time': 20.24285811900336, 'train/mfu': 181.2, 'train/efficiency': 26.17, 'train/forward_time_percent': 8.19, 'train/backward_time_percent': 17.46, 'train/optimizer_time_percent': 0.52, 'train/overhead_time_percent': 73.83, 'epoch': 1.294930875576037}
{'loss': 1.255, 'learning_rate': 0.0001, 'grad_norm': 0.2282392382621765, 'train/tokens_per_sec': 1618.270415298752, 'train/step_time': 20.248778998997295, 'train/mfu': 172.47, 'train/efficiency': 27.4, 'train/forward_time_percent': 8.53, 'train/backward_time_percent': 18.41, 'train/optimizer_time_percent': 0.46, 'train/overhead_time_percent': 72.6, 'epoch': 1.304147465437788}
{'loss': 1.255, 'learning_rate': 0.0001, 'grad_norm': 0.2282392382621765, 'train/tokens_per_sec': 1618.3656486323505, 'train/step_time': 20.247587452002335, 'train/mfu': 182.52, 'train/efficiency': 25.98, 'train/forward_time_percent': 8.29, 'train/backward_time_percent': 17.17, 'train/optimizer_time_percent': 0.53, 'train/overhead_time_percent': 74.02, 'epoch': 1.304147465437788}
{'loss': 1.2377, 'learning_rate': 0.0001, 'grad_norm': 0.25887566804885864, 'train/tokens_per_sec': 1618.1602069891462, 'train/step_time': 20.2501580859971, 'train/mfu': 179.38, 'train/efficiency': 26.42, 'train/forward_time_percent': 8.64, 'train/backward_time_percent': 17.26, 'train/optimizer_time_percent': 0.52, 'train/overhead_time_percent': 73.58, 'epoch': 1.3133640552995391}
{'loss': 1.2377, 'learning_rate': 0.0001, 'grad_norm': 0.25887566804885864, 'train/tokens_per_sec': 1618.2833973523136, 'train/step_time': 20.24861656098801, 'train/mfu': 180.95, 'train/efficiency': 26.14, 'train/forward_time_percent': 8.45, 'train/backward_time_percent': 17.23, 'train/optimizer_time_percent': 0.46, 'train/overhead_time_percent': 73.86, 'epoch': 1.3133640552995391}
{'loss': 1.3136, 'learning_rate': 0.0001, 'grad_norm': 0.23547065258026123, 'train/tokens_per_sec': 1618.8772524912724, 'train/step_time': 20.241188731000875, 'train/mfu': 185.7, 'train/efficiency': 25.54, 'train/forward_time_percent': 8.29, 'train/backward_time_percent': 16.74, 'train/optimizer_time_percent': 0.52, 'train/overhead_time_percent': 74.46, 'epoch': 1.3225806451612903}
{'loss': 1.3136, 'learning_rate': 0.0001, 'grad_norm': 0.23547065258026123, 'train/tokens_per_sec': 1619.0863850528358, 'train/step_time': 20.23857423699519, 'train/mfu': 179.3, 'train/efficiency': 26.37, 'train/forward_time_percent': 8.32, 'train/backward_time_percent': 17.61, 'train/optimizer_time_percent': 0.45, 'train/overhead_time_percent': 73.63, 'epoch': 1.3225806451612903}
{'loss': 1.1489, 'learning_rate': 0.0001, 'grad_norm': 0.242984339594841, 'train/tokens_per_sec': 1618.6153986108402, 'train/step_time': 20.24446327899932, 'train/mfu': 181.63, 'train/efficiency': 26.1, 'train/forward_time_percent': 8.42, 'train/backward_time_percent': 17.17, 'train/optimizer_time_percent': 0.52, 'train/overhead_time_percent': 73.9, 'epoch': 1.3317972350230414}
{'loss': 1.1489, 'learning_rate': 0.0001, 'grad_norm': 0.242984339594841, 'train/tokens_per_sec': 1618.6430367639975, 'train/step_time': 20.24411760699877, 'train/mfu': 175.72, 'train/efficiency': 26.9, 'train/forward_time_percent': 8.58, 'train/backward_time_percent': 17.86, 'train/optimizer_time_percent': 0.45, 'train/overhead_time_percent': 73.1, 'epoch': 1.3317972350230414}
{'loss': 1.4278, 'learning_rate': 0.0001, 'grad_norm': 0.2416326403617859, 'train/tokens_per_sec': 1619.2783417801313, 'train/step_time': 20.236175063007977, 'train/mfu': 183.03, 'train/efficiency': 25.87, 'train/forward_time_percent': 8.06, 'train/backward_time_percent': 17.34, 'train/optimizer_time_percent': 0.47, 'train/overhead_time_percent': 74.13, 'epoch': 1.3410138248847927}
{'loss': 1.4278, 'learning_rate': 0.0001, 'grad_norm': 0.2416326403617859, 'train/tokens_per_sec': 1619.5265777796917, 'train/step_time': 20.23307332499826, 'train/mfu': 176.81, 'train/efficiency': 26.79, 'train/forward_time_percent': 8.81, 'train/backward_time_percent': 17.49, 'train/optimizer_time_percent': 0.49, 'train/overhead_time_percent': 73.21, 'epoch': 1.3410138248847927}
{'loss': 1.1029, 'learning_rate': 0.0001, 'grad_norm': 0.20343509316444397, 'train/tokens_per_sec': 1619.5728051979313, 'train/step_time': 20.232495812990237, 'train/mfu': 176.71, 'train/efficiency': 26.84, 'train/forward_time_percent': 8.55, 'train/backward_time_percent': 17.77, 'train/optimizer_time_percent': 0.53, 'train/overhead_time_percent': 73.16, 'epoch': 1.3502304147465438}
{'loss': 1.1029, 'learning_rate': 0.0001, 'grad_norm': 0.20343509316444397, 'train/tokens_per_sec': 1619.4805837523718, 'train/step_time': 20.23364795400994, 'train/mfu': 182.59, 'train/efficiency': 25.97, 'train/forward_time_percent': 8.31, 'train/backward_time_percent': 17.16, 'train/optimizer_time_percent': 0.51, 'train/overhead_time_percent': 74.03, 'epoch': 1.3502304147465438}
{'loss': 1.1118, 'learning_rate': 0.0001, 'grad_norm': 0.2734937369823456, 'train/tokens_per_sec': 1618.5576461922776, 'train/step_time': 20.245185629988555, 'train/mfu': 180.55, 'train/efficiency': 26.27, 'train/forward_time_percent': 8.49, 'train/backward_time_percent': 17.25, 'train/optimizer_time_percent': 0.53, 'train/overhead_time_percent': 73.73, 'epoch': 1.359447004608295}{'loss': 1.1118, 'learning_rate': 0.0001, 'grad_norm': 0.2734937369823456, 'train/tokens_per_sec': 1618.444407044745, 'train/step_time': 20.246602143000928, 'train/mfu': 179.0, 'train/efficiency': 26.47, 'train/forward_time_percent': 8.39, 'train/backward_time_percent': 17.57, 'train/optimizer_time_percent': 0.51, 'train/overhead_time_percent': 73.53, 'epoch': 1.359447004608295}

{'loss': 1.0998, 'learning_rate': 0.0001, 'grad_norm': 0.22130653262138367, 'train/tokens_per_sec': 1618.8956406738357, 'train/step_time': 20.24095882200345, 'train/mfu': 181.66, 'train/efficiency': 26.03, 'train/forward_time_percent': 8.23, 'train/backward_time_percent': 17.36, 'train/optimizer_time_percent': 0.45, 'train/overhead_time_percent': 73.97, 'epoch': 1.368663594470046}
{'loss': 1.0998, 'learning_rate': 0.0001, 'grad_norm': 0.22130653262138367, 'train/tokens_per_sec': 1618.9064600396948, 'train/step_time': 20.240823549000197, 'train/mfu': 180.42, 'train/efficiency': 26.29, 'train/forward_time_percent': 8.46, 'train/backward_time_percent': 17.3, 'train/optimizer_time_percent': 0.53, 'train/overhead_time_percent': 73.71, 'epoch': 1.368663594470046}
{'loss': 1.3616, 'learning_rate': 0.0001, 'grad_norm': 0.24884317815303802, 'train/tokens_per_sec': 1618.3249526214001, 'train/step_time': 20.248096618001, 'train/mfu': 180.59, 'train/efficiency': 26.26, 'train/forward_time_percent': 8.23, 'train/backward_time_percent': 17.5, 'train/optimizer_time_percent': 0.53, 'train/overhead_time_percent': 73.74, 'epoch': 1.3778801843317972}
  step   150  loss   1.3616  |     9155.2 ms
{'loss': 1.3616, 'learning_rate': 0.0001, 'grad_norm': 0.24884317815303802, 'train/tokens_per_sec': 1618.6042913088581, 'train/step_time': 20.24460220200126, 'train/mfu': 179.3, 'train/efficiency': 26.36, 'train/forward_time_percent': 8.44, 'train/backward_time_percent': 17.48, 'train/optimizer_time_percent': 0.44, 'train/overhead_time_percent': 73.64, 'epoch': 1.3778801843317972}
{'loss': 1.4377, 'learning_rate': 0.0001, 'grad_norm': 0.23492591083049774, 'train/tokens_per_sec': 1619.7087305094392, 'train/step_time': 20.230797910000547, 'train/mfu': 173.01, 'train/efficiency': 27.41, 'train/forward_time_percent': 8.68, 'train/backward_time_percent': 18.2, 'train/optimizer_time_percent': 0.53, 'train/overhead_time_percent': 72.59, 'epoch': 1.3870967741935485}
{'loss': 1.4377, 'learning_rate': 0.0001, 'grad_norm': 0.23492591083049774, 'train/tokens_per_sec': 1619.6925446314135, 'train/step_time': 20.231000079991645, 'train/mfu': 182.68, 'train/efficiency': 25.94, 'train/forward_time_percent': 8.43, 'train/backward_time_percent': 17.03, 'train/optimizer_time_percent': 0.49, 'train/overhead_time_percent': 74.06, 'epoch': 1.3870967741935485}
{'loss': 1.2318, 'learning_rate': 0.0001, 'grad_norm': 0.2229250967502594, 'train/tokens_per_sec': 1618.9230103741493, 'train/step_time': 20.24061662600434, 'train/mfu': 186.77, 'train/efficiency': 25.4, 'train/forward_time_percent': 8.48, 'train/backward_time_percent': 16.41, 'train/optimizer_time_percent': 0.51, 'train/overhead_time_percent': 74.6, 'epoch': 1.3963133640552996}
{'loss': 1.2318, 'learning_rate': 0.0001, 'grad_norm': 0.2229250967502594, 'train/tokens_per_sec': 1618.7491263467514, 'train/step_time': 20.242790847987635, 'train/mfu': 171.96, 'train/efficiency': 27.56, 'train/forward_time_percent': 8.92, 'train/backward_time_percent': 18.11, 'train/optimizer_time_percent': 0.53, 'train/overhead_time_percent': 72.44, 'epoch': 1.3963133640552996}
{'loss': 1.2975, 'learning_rate': 0.0001, 'grad_norm': 0.25495678186416626, 'train/tokens_per_sec': 1618.010447748317, 'train/step_time': 20.252032392992987, 'train/mfu': 179.96, 'train/efficiency': 26.33, 'train/forward_time_percent': 8.69, 'train/backward_time_percent': 17.12, 'train/optimizer_time_percent': 0.52, 'train/overhead_time_percent': 73.67, 'epoch': 1.4055299539170507}
{'loss': 1.2975, 'learning_rate': 0.0001, 'grad_norm': 0.25495678186416626, 'train/tokens_per_sec': 1618.1805232662464, 'train/step_time': 20.249903845004155, 'train/mfu': 176.23, 'train/efficiency': 26.89, 'train/forward_time_percent': 8.41, 'train/backward_time_percent': 17.95, 'train/optimizer_time_percent': 0.53, 'train/overhead_time_percent': 73.11, 'epoch': 1.4055299539170507}
{'loss': 1.618, 'learning_rate': 0.0001, 'grad_norm': 0.23761217296123505, 'train/tokens_per_sec': 1618.0274245459989, 'train/step_time': 20.251819902987336, 'train/mfu': 176.94, 'train/efficiency': 26.78, 'train/forward_time_percent': 8.44, 'train/backward_time_percent': 17.82, 'train/optimizer_time_percent': 0.53, 'train/overhead_time_percent': 73.22, 'epoch': 1.4147465437788018}
{'loss': 1.618, 'learning_rate': 0.0001, 'grad_norm': 0.23761217296123505, 'train/tokens_per_sec': 1618.102881127151, 'train/step_time': 20.25087550500757, 'train/mfu': 179.94, 'train/efficiency': 26.31, 'train/forward_time_percent': 8.14, 'train/backward_time_percent': 17.67, 'train/optimizer_time_percent': 0.49, 'train/overhead_time_percent': 73.69, 'epoch': 1.4147465437788018}
{'loss': 1.4491, 'learning_rate': 0.0001, 'grad_norm': 0.2377258986234665, 'train/tokens_per_sec': 1618.8446350070658, 'train/step_time': 20.24159656300617, 'train/mfu': 179.77, 'train/efficiency': 26.37, 'train/forward_time_percent': 8.39, 'train/backward_time_percent': 17.47, 'train/optimizer_time_percent': 0.51, 'train/overhead_time_percent': 73.63, 'epoch': 1.423963133640553}
{'loss': 1.4491, 'learning_rate': 0.0001, 'grad_norm': 0.2377258986234665, 'train/tokens_per_sec': 1618.6885277721356, 'train/step_time': 20.243548673999612, 'train/mfu': 181.88, 'train/efficiency': 26.08, 'train/forward_time_percent': 8.58, 'train/backward_time_percent': 16.97, 'train/optimizer_time_percent': 0.53, 'train/overhead_time_percent': 73.92, 'epoch': 1.423963133640553}
{'loss': 1.4512, 'learning_rate': 0.0001, 'grad_norm': 0.22843992710113525, 'train/tokens_per_sec': 1617.7333631047597, 'train/step_time': 20.25550115200167, 'train/mfu': 179.17, 'train/efficiency': 26.41, 'train/forward_time_percent': 8.17, 'train/backward_time_percent': 17.75, 'train/optimizer_time_percent': 0.49, 'train/overhead_time_percent': 73.59, 'epoch': 1.4331797235023043}
{'loss': 1.4512, 'learning_rate': 0.0001, 'grad_norm': 0.22843992710113525, 'train/tokens_per_sec': 1617.7893573584495, 'train/step_time': 20.254800077003893, 'train/mfu': 175.61, 'train/efficiency': 26.98, 'train/forward_time_percent': 8.86, 'train/backward_time_percent': 17.59, 'train/optimizer_time_percent': 0.53, 'train/overhead_time_percent': 73.02, 'epoch': 1.4331797235023043}
{'loss': 1.2592, 'learning_rate': 0.0001, 'grad_norm': 0.25691792368888855, 'train/tokens_per_sec': 1618.5843334405213, 'train/step_time': 20.244851826995728, 'train/mfu': 176.62, 'train/efficiency': 26.76, 'train/forward_time_percent': 8.43, 'train/backward_time_percent': 17.88, 'train/optimizer_time_percent': 0.45, 'train/overhead_time_percent': 73.24, 'epoch': 1.4423963133640554}{'loss': 1.2592, 'learning_rate': 0.0001, 'grad_norm': 0.25691792368888855, 'train/tokens_per_sec': 1618.812105928276, 'train/step_time': 20.242003306004335, 'train/mfu': 181.09, 'train/efficiency': 26.18, 'train/forward_time_percent': 8.14, 'train/backward_time_percent': 17.53, 'train/optimizer_time_percent': 0.51, 'train/overhead_time_percent': 73.82, 'epoch': 1.4423963133640554}

{'loss': 1.1917, 'learning_rate': 0.0001, 'grad_norm': 0.25185930728912354, 'train/tokens_per_sec': 1617.8361036584515, 'train/step_time': 20.25421482800448, 'train/mfu': 182.65, 'train/efficiency': 25.92, 'train/forward_time_percent': 8.36, 'train/backward_time_percent': 17.07, 'train/optimizer_time_percent': 0.48, 'train/overhead_time_percent': 74.08, 'epoch': 1.4516129032258065}
{'loss': 1.1917, 'learning_rate': 0.0001, 'grad_norm': 0.25185930728912354, 'train/tokens_per_sec': 1617.8641568570463, 'train/step_time': 20.25386362700374, 'train/mfu': 183.27, 'train/efficiency': 25.81, 'train/forward_time_percent': 8.51, 'train/backward_time_percent': 16.83, 'train/optimizer_time_percent': 0.47, 'train/overhead_time_percent': 74.19, 'epoch': 1.4516129032258065}
{'loss': 1.1319, 'learning_rate': 0.0001, 'grad_norm': 0.22925202548503876, 'train/tokens_per_sec': 1618.2918999182523, 'train/step_time': 20.24851017400215, 'train/mfu': 178.63, 'train/efficiency': 26.51, 'train/forward_time_percent': 8.4, 'train/backward_time_percent': 17.61, 'train/optimizer_time_percent': 0.5, 'train/overhead_time_percent': 73.49, 'epoch': 1.4608294930875576}
{'loss': 1.1319, 'learning_rate': 0.0001, 'grad_norm': 0.22925202548503876, 'train/tokens_per_sec': 1618.3225973202107, 'train/step_time': 20.24812608701177, 'train/mfu': 177.96, 'train/efficiency': 26.62, 'train/forward_time_percent': 8.28, 'train/backward_time_percent': 17.83, 'train/optimizer_time_percent': 0.51, 'train/overhead_time_percent': 73.38, 'epoch': 1.4608294930875576}
{'loss': 1.3309, 'learning_rate': 0.0001, 'grad_norm': 0.24981363117694855, 'train/tokens_per_sec': 1618.4681994825332, 'train/step_time': 20.246304505999433, 'train/mfu': 179.6, 'train/efficiency': 26.32, 'train/forward_time_percent': 8.31, 'train/backward_time_percent': 17.56, 'train/optimizer_time_percent': 0.45, 'train/overhead_time_percent': 73.68, 'epoch': 1.4700460829493087}
  step   160  loss   1.3309  |     9179.1 ms
{'loss': 1.3309, 'learning_rate': 0.0001, 'grad_norm': 0.24981363117694855, 'train/tokens_per_sec': 1618.402543654987, 'train/step_time': 20.247125863999827, 'train/mfu': 185.39, 'train/efficiency': 25.58, 'train/forward_time_percent': 8.36, 'train/backward_time_percent': 16.7, 'train/optimizer_time_percent': 0.51, 'train/overhead_time_percent': 74.42, 'epoch': 1.4700460829493087}
{'loss': 1.1727, 'learning_rate': 0.0001, 'grad_norm': 0.2623255252838135, 'train/tokens_per_sec': 1618.7442170451366, 'train/step_time': 20.242852240000502, 'train/mfu': 184.76, 'train/efficiency': 25.67, 'train/forward_time_percent': 8.15, 'train/backward_time_percent': 17.0, 'train/optimizer_time_percent': 0.52, 'train/overhead_time_percent': 74.33, 'epoch': 1.4792626728110598}
{'loss': 1.1727, 'learning_rate': 0.0001, 'grad_norm': 0.2623255252838135, 'train/tokens_per_sec': 1618.8515355373825, 'train/step_time': 20.241510281004594, 'train/mfu': 180.81, 'train/efficiency': 26.17, 'train/forward_time_percent': 8.26, 'train/backward_time_percent': 17.45, 'train/optimizer_time_percent': 0.47, 'train/overhead_time_percent': 73.83, 'epoch': 1.4792626728110598}
{'loss': 1.1082, 'learning_rate': 0.0001, 'grad_norm': 0.21229204535484314, 'train/tokens_per_sec': 1619.0575716374558, 'train/step_time': 20.2389344109979, 'train/mfu': 176.72, 'train/efficiency': 26.77, 'train/forward_time_percent': 8.49, 'train/backward_time_percent': 17.82, 'train/optimizer_time_percent': 0.47, 'train/overhead_time_percent': 73.23, 'epoch': 1.488479262672811}
{'loss': 1.1082, 'learning_rate': 0.0001, 'grad_norm': 0.21229204535484314, 'train/tokens_per_sec': 1618.8373873636679, 'train/step_time': 20.241687185989576, 'train/mfu': 177.3, 'train/efficiency': 26.73, 'train/forward_time_percent': 8.39, 'train/backward_time_percent': 17.83, 'train/optimizer_time_percent': 0.52, 'train/overhead_time_percent': 73.27, 'epoch': 1.488479262672811}
{'loss': 1.0318, 'learning_rate': 0.0001, 'grad_norm': 0.20893986523151398, 'train/tokens_per_sec': 1619.2033819383075, 'train/step_time': 20.237111882001045, 'train/mfu': 181.88, 'train/efficiency': 26.06, 'train/forward_time_percent': 8.37, 'train/backward_time_percent': 17.19, 'train/optimizer_time_percent': 0.51, 'train/overhead_time_percent': 73.94, 'epoch': 1.4976958525345623}
{'loss': 1.0318, 'learning_rate': 0.0001, 'grad_norm': 0.20893986523151398, 'train/tokens_per_sec': 1619.2821446926946, 'train/step_time': 20.236127537995344, 'train/mfu': 178.1, 'train/efficiency': 26.64, 'train/forward_time_percent': 8.3, 'train/backward_time_percent': 17.8, 'train/optimizer_time_percent': 0.53, 'train/overhead_time_percent': 73.36, 'epoch': 1.4976958525345623}
{'loss': 1.3407, 'learning_rate': 0.0001, 'grad_norm': 0.21572041511535645, 'train/tokens_per_sec': 1618.7784181969978, 'train/step_time': 20.242424554002355, 'train/mfu': 181.76, 'train/efficiency': 26.09, 'train/forward_time_percent': 8.57, 'train/backward_time_percent': 17.0, 'train/optimizer_time_percent': 0.52, 'train/overhead_time_percent': 73.91, 'epoch': 1.5069124423963134}
{'loss': 1.3407, 'learning_rate': 0.0001, 'grad_norm': 0.21572041511535645, 'train/tokens_per_sec': 1618.5659339404042, 'train/step_time': 20.245081966000726, 'train/mfu': 176.74, 'train/efficiency': 26.83, 'train/forward_time_percent': 8.42, 'train/backward_time_percent': 17.87, 'train/optimizer_time_percent': 0.53, 'train/overhead_time_percent': 73.17, 'epoch': 1.5069124423963134}
{'loss': 1.4196, 'learning_rate': 0.0001, 'grad_norm': 0.21716222167015076, 'train/tokens_per_sec': 1619.0163938185556, 'train/step_time': 20.23944916500477, 'train/mfu': 182.41, 'train/efficiency': 26.0, 'train/forward_time_percent': 8.24, 'train/backward_time_percent': 17.24, 'train/optimizer_time_percent': 0.52, 'train/overhead_time_percent': 74.0, 'epoch': 1.5161290322580645}{'loss': 1.4196, 'learning_rate': 0.0001, 'grad_norm': 0.21716222167015076, 'train/tokens_per_sec': 1618.996345635088, 'train/step_time': 20.239699792000465, 'train/mfu': 178.32, 'train/efficiency': 26.6, 'train/forward_time_percent': 8.42, 'train/backward_time_percent': 17.64, 'train/optimizer_time_percent': 0.53, 'train/overhead_time_percent': 73.4, 'epoch': 1.5161290322580645}

{'loss': 1.0201, 'learning_rate': 0.0001, 'grad_norm': 0.2040102183818817, 'train/tokens_per_sec': 1618.6745791463932, 'train/step_time': 20.243723118997877, 'train/mfu': 177.51, 'train/efficiency': 26.71, 'train/forward_time_percent': 8.4, 'train/backward_time_percent': 17.78, 'train/optimizer_time_percent': 0.53, 'train/overhead_time_percent': 73.29, 'epoch': 1.5253456221198156}
{'loss': 1.0201, 'learning_rate': 0.0001, 'grad_norm': 0.2040102183818817, 'train/tokens_per_sec': 1618.599423501863, 'train/step_time': 20.244663086006767, 'train/mfu': 183.12, 'train/efficiency': 25.9, 'train/forward_time_percent': 8.76, 'train/backward_time_percent': 16.62, 'train/optimizer_time_percent': 0.52, 'train/overhead_time_percent': 74.1, 'epoch': 1.5253456221198156}
{'loss': 1.2882, 'learning_rate': 0.0001, 'grad_norm': 0.2720501124858856, 'train/tokens_per_sec': 1618.1832480603719, 'train/step_time': 20.249869747000048, 'train/mfu': 179.74, 'train/efficiency': 26.37, 'train/forward_time_percent': 8.4, 'train/backward_time_percent': 17.44, 'train/optimizer_time_percent': 0.53, 'train/overhead_time_percent': 73.63, 'epoch': 1.5345622119815667}
{'loss': 1.2882, 'learning_rate': 0.0001, 'grad_norm': 0.2720501124858856, 'train/tokens_per_sec': 1618.0820868351786, 'train/step_time': 20.251135753002018, 'train/mfu': 181.93, 'train/efficiency': 26.05, 'train/forward_time_percent': 8.71, 'train/backward_time_percent': 16.83, 'train/optimizer_time_percent': 0.51, 'train/overhead_time_percent': 73.95, 'epoch': 1.5345622119815667}
{'loss': 1.3762, 'learning_rate': 0.0001, 'grad_norm': 0.2520788311958313, 'train/tokens_per_sec': 1619.051851859191, 'train/step_time': 20.239005911003915, 'train/mfu': 174.96, 'train/efficiency': 27.11, 'train/forward_time_percent': 8.74, 'train/backward_time_percent': 17.83, 'train/optimizer_time_percent': 0.54, 'train/overhead_time_percent': 72.89, 'epoch': 1.543778801843318}{'loss': 1.3762, 'learning_rate': 0.0001, 'grad_norm': 0.2520788311958313, 'train/tokens_per_sec': 1618.847095316303, 'train/step_time': 20.241565800009994, 'train/mfu': 182.27, 'train/efficiency': 26.02, 'train/forward_time_percent': 8.48, 'train/backward_time_percent': 17.02, 'train/optimizer_time_percent': 0.52, 'train/overhead_time_percent': 73.98, 'epoch': 1.543778801843318}

{'loss': 1.284, 'learning_rate': 0.0001, 'grad_norm': 0.2659258246421814, 'train/tokens_per_sec': 1618.7294999581195, 'train/step_time': 20.243036282990943, 'train/mfu': 180.98, 'train/efficiency': 26.16, 'train/forward_time_percent': 8.25, 'train/backward_time_percent': 17.43, 'train/optimizer_time_percent': 0.48, 'train/overhead_time_percent': 73.84, 'epoch': 1.5529953917050692}
{'loss': 1.284, 'learning_rate': 0.0001, 'grad_norm': 0.2659258246421814, 'train/tokens_per_sec': 1618.4811771145442, 'train/step_time': 20.246142162999604, 'train/mfu': 180.35, 'train/efficiency': 26.22, 'train/forward_time_percent': 8.49, 'train/backward_time_percent': 17.28, 'train/optimizer_time_percent': 0.46, 'train/overhead_time_percent': 73.78, 'epoch': 1.5529953917050692}
{'loss': 1.3668, 'learning_rate': 0.0001, 'grad_norm': 0.2153775691986084, 'train/tokens_per_sec': 1618.4132358911363, 'train/step_time': 20.246992098996998, 'train/mfu': 170.79, 'train/efficiency': 27.73, 'train/forward_time_percent': 8.59, 'train/backward_time_percent': 18.61, 'train/optimizer_time_percent': 0.53, 'train/overhead_time_percent': 72.27, 'epoch': 1.5622119815668203}
  step   170  loss   1.3668  |     9164.8 ms
{'loss': 1.3668, 'learning_rate': 0.0001, 'grad_norm': 0.2153775691986084, 'train/tokens_per_sec': 1618.569688654516, 'train/step_time': 20.24503500200808, 'train/mfu': 175.93, 'train/efficiency': 26.87, 'train/forward_time_percent': 8.5, 'train/backward_time_percent': 17.92, 'train/optimizer_time_percent': 0.45, 'train/overhead_time_percent': 73.13, 'epoch': 1.5622119815668203}
{'loss': 1.1023, 'learning_rate': 0.0001, 'grad_norm': 0.22170142829418182, 'train/tokens_per_sec': 1619.3160962613608, 'train/step_time': 20.23570325500623, 'train/mfu': 178.01, 'train/efficiency': 26.55, 'train/forward_time_percent': 8.15, 'train/backward_time_percent': 17.97, 'train/optimizer_time_percent': 0.44, 'train/overhead_time_percent': 73.45, 'epoch': 1.5714285714285714}
{'loss': 1.1023, 'learning_rate': 0.0001, 'grad_norm': 0.22170142829418182, 'train/tokens_per_sec': 1619.1008006243742, 'train/step_time': 20.238394044004963, 'train/mfu': 180.52, 'train/efficiency': 26.28, 'train/forward_time_percent': 8.42, 'train/backward_time_percent': 17.33, 'train/optimizer_time_percent': 0.53, 'train/overhead_time_percent': 73.72, 'epoch': 1.5714285714285714}
{'loss': 1.0977, 'learning_rate': 0.0001, 'grad_norm': 0.2516406178474426, 'train/tokens_per_sec': 1618.60820714666, 'train/step_time': 20.244553224998526, 'train/mfu': 178.75, 'train/efficiency': 26.47, 'train/forward_time_percent': 8.53, 'train/backward_time_percent': 17.47, 'train/optimizer_time_percent': 0.48, 'train/overhead_time_percent': 73.53, 'epoch': 1.5806451612903225}
{'loss': 1.0977, 'learning_rate': 0.0001, 'grad_norm': 0.2516406178474426, 'train/tokens_per_sec': 1618.7903970105247, 'train/step_time': 20.24227476300439, 'train/mfu': 179.54, 'train/efficiency': 26.41, 'train/forward_time_percent': 8.12, 'train/backward_time_percent': 17.77, 'train/optimizer_time_percent': 0.52, 'train/overhead_time_percent': 73.59, 'epoch': 1.5806451612903225}
{'loss': 1.246, 'learning_rate': 0.0001, 'grad_norm': 0.25881144404411316, 'train/tokens_per_sec': 1618.859653865108, 'train/step_time': 20.24140877299942, 'train/mfu': 183.29, 'train/efficiency': 25.81, 'train/forward_time_percent': 8.25, 'train/backward_time_percent': 17.1, 'train/optimizer_time_percent': 0.46, 'train/overhead_time_percent': 74.19, 'epoch': 1.5898617511520738}
{'loss': 1.246, 'learning_rate': 0.0001, 'grad_norm': 0.25881144404411316, 'train/tokens_per_sec': 1619.1183551319104, 'train/step_time': 20.238174619007623, 'train/mfu': 178.24, 'train/efficiency': 26.56, 'train/forward_time_percent': 8.79, 'train/backward_time_percent': 17.29, 'train/optimizer_time_percent': 0.49, 'train/overhead_time_percent': 73.44, 'epoch': 1.5898617511520738}
{'loss': 1.2317, 'learning_rate': 0.0001, 'grad_norm': 0.23836767673492432, 'train/tokens_per_sec': 1618.1083133429588, 'train/step_time': 20.250807519987575, 'train/mfu': 179.0, 'train/efficiency': 26.47, 'train/forward_time_percent': 8.48, 'train/backward_time_percent': 17.48, 'train/optimizer_time_percent': 0.52, 'train/overhead_time_percent': 73.53, 'epoch': 1.5990783410138247}
{'loss': 1.2317, 'learning_rate': 0.0001, 'grad_norm': 0.23836767673492432, 'train/tokens_per_sec': 1618.159001170333, 'train/step_time': 20.250173175998498, 'train/mfu': 178.44, 'train/efficiency': 26.51, 'train/forward_time_percent': 8.34, 'train/backward_time_percent': 17.69, 'train/optimizer_time_percent': 0.47, 'train/overhead_time_percent': 73.49, 'epoch': 1.5990783410138247}
{'loss': 1.231, 'learning_rate': 0.0001, 'grad_norm': 0.29772046208381653, 'train/tokens_per_sec': 1618.4139525755438, 'train/step_time': 20.2469831329945, 'train/mfu': 180.79, 'train/efficiency': 26.15, 'train/forward_time_percent': 8.76, 'train/backward_time_percent': 16.94, 'train/optimizer_time_percent': 0.45, 'train/overhead_time_percent': 73.85, 'epoch': 1.608294930875576}{'loss': 1.231, 'learning_rate': 0.0001, 'grad_norm': 0.29772046208381653, 'train/tokens_per_sec': 1618.6238435012665, 'train/step_time': 20.24435765700764, 'train/mfu': 179.04, 'train/efficiency': 26.47, 'train/forward_time_percent': 8.13, 'train/backward_time_percent': 17.83, 'train/optimizer_time_percent': 0.51, 'train/overhead_time_percent': 73.53, 'epoch': 1.608294930875576}

{'loss': 1.2788, 'learning_rate': 0.0001, 'grad_norm': 0.3036256432533264, 'train/tokens_per_sec': 1618.178000335338, 'train/step_time': 20.249935416999506, 'train/mfu': 184.58, 'train/efficiency': 25.61, 'train/forward_time_percent': 8.1, 'train/backward_time_percent': 17.07, 'train/optimizer_time_percent': 0.44, 'train/overhead_time_percent': 74.39, 'epoch': 1.6175115207373272}
{'loss': 1.2788, 'learning_rate': 0.0001, 'grad_norm': 0.3036256432533264, 'train/tokens_per_sec': 1618.1770629086027, 'train/step_time': 20.249947147996863, 'train/mfu': 178.29, 'train/efficiency': 26.59, 'train/forward_time_percent': 8.61, 'train/backward_time_percent': 17.44, 'train/optimizer_time_percent': 0.53, 'train/overhead_time_percent': 73.41, 'epoch': 1.6175115207373272}
{'loss': 1.2543, 'learning_rate': 0.0001, 'grad_norm': 0.28278982639312744, 'train/tokens_per_sec': 1618.396600538131, 'train/step_time': 20.247200216006604, 'train/mfu': 179.98, 'train/efficiency': 26.34, 'train/forward_time_percent': 8.34, 'train/backward_time_percent': 17.48, 'train/optimizer_time_percent': 0.53, 'train/overhead_time_percent': 73.66, 'epoch': 1.6267281105990783}
{'loss': 1.2543, 'learning_rate': 0.0001, 'grad_norm': 0.28278982639312744, 'train/tokens_per_sec': 1618.419441232778, 'train/step_time': 20.246914468007162, 'train/mfu': 183.39, 'train/efficiency': 25.81, 'train/forward_time_percent': 8.35, 'train/backward_time_percent': 16.98, 'train/optimizer_time_percent': 0.47, 'train/overhead_time_percent': 74.19, 'epoch': 1.6267281105990783}
{'loss': 1.2171, 'learning_rate': 0.0001, 'grad_norm': 0.2453198879957199, 'train/tokens_per_sec': 1617.9838482857856, 'train/step_time': 20.252365334003116, 'train/mfu': 176.77, 'train/efficiency': 26.81, 'train/forward_time_percent': 8.65, 'train/backward_time_percent': 17.62, 'train/optimizer_time_percent': 0.54, 'train/overhead_time_percent': 73.19, 'epoch': 1.6359447004608296}
{'loss': 1.2171, 'learning_rate': 0.0001, 'grad_norm': 0.2453198879957199, 'train/tokens_per_sec': 1617.8081675701633, 'train/step_time': 20.2545645749924, 'train/mfu': 183.54, 'train/efficiency': 25.82, 'train/forward_time_percent': 8.55, 'train/backward_time_percent': 16.76, 'train/optimizer_time_percent': 0.52, 'train/overhead_time_percent': 74.18, 'epoch': 1.6359447004608296}
{'loss': 1.2155, 'learning_rate': 0.0001, 'grad_norm': 0.24642299115657806, 'train/tokens_per_sec': 1619.726584748527, 'train/step_time': 20.230574906003312, 'train/mfu': 184.22, 'train/efficiency': 25.71, 'train/forward_time_percent': 8.44, 'train/backward_time_percent': 16.8, 'train/optimizer_time_percent': 0.47, 'train/overhead_time_percent': 74.29, 'epoch': 1.6451612903225805}
{'loss': 1.2155, 'learning_rate': 0.0001, 'grad_norm': 0.24642299115657806, 'train/tokens_per_sec': 1619.4388089642416, 'train/step_time': 20.23416989800171, 'train/mfu': 182.37, 'train/efficiency': 25.99, 'train/forward_time_percent': 8.24, 'train/backward_time_percent': 17.25, 'train/optimizer_time_percent': 0.5, 'train/overhead_time_percent': 74.01, 'epoch': 1.6451612903225805}
  step   180  loss   1.3124  |     9161.4 ms
{'loss': 1.3124, 'learning_rate': 0.0001, 'grad_norm': 0.24607285857200623, 'train/tokens_per_sec': 1618.71992839185, 'train/step_time': 20.243155981006566, 'train/mfu': 178.89, 'train/efficiency': 26.43, 'train/forward_time_percent': 8.07, 'train/backward_time_percent': 17.91, 'train/optimizer_time_percent': 0.45, 'train/overhead_time_percent': 73.57, 'epoch': 1.6543778801843319}
{'loss': 1.3124, 'learning_rate': 0.0001, 'grad_norm': 0.24607285857200623, 'train/tokens_per_sec': 1618.8055947988357, 'train/step_time': 20.24208472300961, 'train/mfu': 175.21, 'train/efficiency': 27.05, 'train/forward_time_percent': 8.74, 'train/backward_time_percent': 17.79, 'train/optimizer_time_percent': 0.53, 'train/overhead_time_percent': 72.95, 'epoch': 1.6543778801843319}
{'loss': 1.1459, 'learning_rate': 0.0001, 'grad_norm': 0.24266722798347473, 'train/tokens_per_sec': 1618.2958721082655, 'train/step_time': 20.248460472997976, 'train/mfu': 181.97, 'train/efficiency': 25.97, 'train/forward_time_percent': 8.43, 'train/backward_time_percent': 17.1, 'train/optimizer_time_percent': 0.44, 'train/overhead_time_percent': 74.03, 'epoch': 1.663594470046083}
{'loss': 1.1459, 'learning_rate': 0.0001, 'grad_norm': 0.24266722798347473, 'train/tokens_per_sec': 1618.345135641141, 'train/step_time': 20.24784409601125, 'train/mfu': 177.59, 'train/efficiency': 26.7, 'train/forward_time_percent': 8.63, 'train/backward_time_percent': 17.53, 'train/optimizer_time_percent': 0.53, 'train/overhead_time_percent': 73.3, 'epoch': 1.663594470046083}
{'loss': 1.2353, 'learning_rate': 0.0001, 'grad_norm': 0.24586467444896698, 'train/tokens_per_sec': 1619.0356638271967, 'train/step_time': 20.239208272003452, 'train/mfu': 173.66, 'train/efficiency': 27.29, 'train/forward_time_percent': 8.54, 'train/backward_time_percent': 18.22, 'train/optimizer_time_percent': 0.53, 'train/overhead_time_percent': 72.71, 'epoch': 1.672811059907834}
{'loss': 1.2353, 'learning_rate': 0.0001, 'grad_norm': 0.24586467444896698, 'train/tokens_per_sec': 1618.8697920510206, 'train/step_time': 20.241282011003932, 'train/mfu': 182.99, 'train/efficiency': 25.84, 'train/forward_time_percent': 8.09, 'train/backward_time_percent': 17.31, 'train/optimizer_time_percent': 0.44, 'train/overhead_time_percent': 74.16, 'epoch': 1.672811059907834}
{'loss': 1.1134, 'learning_rate': 0.0001, 'grad_norm': 0.23185616731643677, 'train/tokens_per_sec': 1618.6733126712816, 'train/step_time': 20.243738958000904, 'train/mfu': 178.67, 'train/efficiency': 26.5, 'train/forward_time_percent': 8.56, 'train/backward_time_percent': 17.45, 'train/optimizer_time_percent': 0.49, 'train/overhead_time_percent': 73.5, 'epoch': 1.6820276497695854}
{'loss': 1.1134, 'learning_rate': 0.0001, 'grad_norm': 0.23185616731643677, 'train/tokens_per_sec': 1618.573103122998, 'train/step_time': 20.24499229399953, 'train/mfu': 177.47, 'train/efficiency': 26.71, 'train/forward_time_percent': 8.48, 'train/backward_time_percent': 17.7, 'train/optimizer_time_percent': 0.53, 'train/overhead_time_percent': 73.29, 'epoch': 1.6820276497695854}
{'loss': 1.1642, 'learning_rate': 0.0001, 'grad_norm': 0.23723965883255005, 'train/tokens_per_sec': 1619.271483222211, 'train/step_time': 20.23626077499648, 'train/mfu': 184.09, 'train/efficiency': 25.77, 'train/forward_time_percent': 8.52, 'train/backward_time_percent': 16.73, 'train/optimizer_time_percent': 0.52, 'train/overhead_time_percent': 74.23, 'epoch': 1.6912442396313363}
{'loss': 1.1642, 'learning_rate': 0.0001, 'grad_norm': 0.23723965883255005, 'train/tokens_per_sec': 1619.206492474192, 'train/step_time': 20.23707300600654, 'train/mfu': 181.61, 'train/efficiency': 26.08, 'train/forward_time_percent': 8.48, 'train/backward_time_percent': 17.11, 'train/optimizer_time_percent': 0.48, 'train/overhead_time_percent': 73.92, 'epoch': 1.6912442396313363}
{'loss': 1.151, 'learning_rate': 0.0001, 'grad_norm': 0.29218441247940063, 'train/tokens_per_sec': 1618.2084004548365, 'train/step_time': 20.24955499600037, 'train/mfu': 186.34, 'train/efficiency': 25.45, 'train/forward_time_percent': 8.24, 'train/backward_time_percent': 16.69, 'train/optimizer_time_percent': 0.52, 'train/overhead_time_percent': 74.55, 'epoch': 1.7004608294930876}
{'loss': 1.151, 'learning_rate': 0.0001, 'grad_norm': 0.29218441247940063, 'train/tokens_per_sec': 1618.2591583288272, 'train/step_time': 20.248919853998814, 'train/mfu': 177.04, 'train/efficiency': 26.78, 'train/forward_time_percent': 8.26, 'train/backward_time_percent': 17.98, 'train/optimizer_time_percent': 0.53, 'train/overhead_time_percent': 73.22, 'epoch': 1.7004608294930876}
{'loss': 1.3771, 'learning_rate': 0.0001, 'grad_norm': 0.27456989884376526, 'train/tokens_per_sec': 1618.4322739607499, 'train/step_time': 20.24675392798963, 'train/mfu': 184.38, 'train/efficiency': 25.72, 'train/forward_time_percent': 8.35, 'train/backward_time_percent': 16.85, 'train/optimizer_time_percent': 0.52, 'train/overhead_time_percent': 74.28, 'epoch': 1.7096774193548387}
{'loss': 1.3771, 'learning_rate': 0.0001, 'grad_norm': 0.27456989884376526, 'train/tokens_per_sec': 1618.426277228637, 'train/step_time': 20.246828948002076, 'train/mfu': 176.26, 'train/efficiency': 26.81, 'train/forward_time_percent': 8.63, 'train/backward_time_percent': 17.73, 'train/optimizer_time_percent': 0.45, 'train/overhead_time_percent': 73.19, 'epoch': 1.7096774193548387}
{'loss': 0.999, 'learning_rate': 0.0001, 'grad_norm': 0.24250760674476624, 'train/tokens_per_sec': 1618.7592458757902, 'train/step_time': 20.242664301986224, 'train/mfu': 180.65, 'train/efficiency': 26.24, 'train/forward_time_percent': 8.23, 'train/backward_time_percent': 17.5, 'train/optimizer_time_percent': 0.52, 'train/overhead_time_percent': 73.76, 'epoch': 1.7188940092165899}
{'loss': 0.999, 'learning_rate': 0.0001, 'grad_norm': 0.24250760674476624, 'train/tokens_per_sec': 1618.5987244039738, 'train/step_time': 20.244671829990693, 'train/mfu': 183.12, 'train/efficiency': 25.9, 'train/forward_time_percent': 8.4, 'train/backward_time_percent': 16.98, 'train/optimizer_time_percent': 0.53, 'train/overhead_time_percent': 74.1, 'epoch': 1.7188940092165899}
{'loss': 2.0067, 'learning_rate': 0.0001, 'grad_norm': 2.886654853820801, 'train/tokens_per_sec': 1618.0351776324037, 'train/step_time': 20.251722863002215, 'train/mfu': 178.58, 'train/efficiency': 26.53, 'train/forward_time_percent': 8.41, 'train/backward_time_percent': 17.6, 'train/optimizer_time_percent': 0.52, 'train/overhead_time_percent': 73.47, 'epoch': 1.728110599078341}
{'loss': 2.0067, 'learning_rate': 0.0001, 'grad_norm': 2.886654853820801, 'train/tokens_per_sec': 1617.8931970929818, 'train/step_time': 20.253500082006212, 'train/mfu': 180.86, 'train/efficiency': 26.13, 'train/forward_time_percent': 8.5, 'train/backward_time_percent': 17.18, 'train/optimizer_time_percent': 0.45, 'train/overhead_time_percent': 73.87, 'epoch': 1.728110599078341}
{'loss': 1.1462, 'learning_rate': 0.0001, 'grad_norm': 0.2767331898212433, 'train/tokens_per_sec': 1618.7173642771638, 'train/step_time': 20.243188046995783, 'train/mfu': 186.1, 'train/efficiency': 25.46, 'train/forward_time_percent': 8.55, 'train/backward_time_percent': 16.42, 'train/optimizer_time_percent': 0.48, 'train/overhead_time_percent': 74.54, 'epoch': 1.737327188940092}
{'loss': 1.1462, 'learning_rate': 0.0001, 'grad_norm': 0.2767331898212433, 'train/tokens_per_sec': 1618.901818843188, 'train/step_time': 20.240881577003165, 'train/mfu': 177.38, 'train/efficiency': 26.65, 'train/forward_time_percent': 8.3, 'train/backward_time_percent': 17.9, 'train/optimizer_time_percent': 0.45, 'train/overhead_time_percent': 73.35, 'epoch': 1.737327188940092}
  step   190  loss   1.3155  |     9172.2 ms
{'loss': 1.3155, 'learning_rate': 0.0001, 'grad_norm': 0.3114394545555115, 'train/tokens_per_sec': 1618.1652696891229, 'train/step_time': 20.250094729999546, 'train/mfu': 183.59, 'train/efficiency': 25.77, 'train/forward_time_percent': 8.28, 'train/backward_time_percent': 17.03, 'train/optimizer_time_percent': 0.47, 'train/overhead_time_percent': 74.23, 'epoch': 1.7465437788018434}
{'loss': 1.3155, 'learning_rate': 0.0001, 'grad_norm': 0.3114394545555115, 'train/tokens_per_sec': 1618.2150967362984, 'train/step_time': 20.24947120199795, 'train/mfu': 177.81, 'train/efficiency': 26.66, 'train/forward_time_percent': 8.61, 'train/backward_time_percent': 17.52, 'train/optimizer_time_percent': 0.53, 'train/overhead_time_percent': 73.34, 'epoch': 1.7465437788018434}
{'loss': 1.2752, 'learning_rate': 0.0001, 'grad_norm': 0.2380303293466568, 'train/tokens_per_sec': 1618.8010870952487, 'train/step_time': 20.242141088994686, 'train/mfu': 181.47, 'train/efficiency': 26.13, 'train/forward_time_percent': 8.29, 'train/backward_time_percent': 17.32, 'train/optimizer_time_percent': 0.52, 'train/overhead_time_percent': 73.87, 'epoch': 1.7557603686635943}{'loss': 1.2752, 'learning_rate': 0.0001, 'grad_norm': 0.2380303293466568, 'train/tokens_per_sec': 1618.7438275304753, 'train/step_time': 20.24285711099219, 'train/mfu': 175.26, 'train/efficiency': 27.05, 'train/forward_time_percent': 8.46, 'train/backward_time_percent': 18.06, 'train/optimizer_time_percent': 0.53, 'train/overhead_time_percent': 72.95, 'epoch': 1.7557603686635943}

{'loss': 1.3375, 'learning_rate': 0.0001, 'grad_norm': 0.26943400502204895, 'train/tokens_per_sec': 1618.2877046076985, 'train/step_time': 20.248562667009537, 'train/mfu': 182.13, 'train/efficiency': 26.01, 'train/forward_time_percent': 8.53, 'train/backward_time_percent': 16.98, 'train/optimizer_time_percent': 0.5, 'train/overhead_time_percent': 73.99, 'epoch': 1.7649769585253456}
{'loss': 1.3375, 'learning_rate': 0.0001, 'grad_norm': 0.26943400502204895, 'train/tokens_per_sec': 1618.1304718968422, 'train/step_time': 20.250530206991243, 'train/mfu': 174.52, 'train/efficiency': 27.07, 'train/forward_time_percent': 8.8, 'train/backward_time_percent': 17.82, 'train/optimizer_time_percent': 0.45, 'train/overhead_time_percent': 72.93, 'epoch': 1.7649769585253456}
{'loss': 1.3311, 'learning_rate': 0.0001, 'grad_norm': 0.24782738089561462, 'train/tokens_per_sec': 1618.8132782523771, 'train/step_time': 20.241988647001563, 'train/mfu': 177.38, 'train/efficiency': 26.73, 'train/forward_time_percent': 8.63, 'train/backward_time_percent': 17.57, 'train/optimizer_time_percent': 0.52, 'train/overhead_time_percent': 73.27, 'epoch': 1.7741935483870968}
{'loss': 1.3311, 'learning_rate': 0.0001, 'grad_norm': 0.24782738089561462, 'train/tokens_per_sec': 1618.8658014476725, 'train/step_time': 20.24133190700377, 'train/mfu': 181.11, 'train/efficiency': 26.1, 'train/forward_time_percent': 8.44, 'train/backward_time_percent': 17.22, 'train/optimizer_time_percent': 0.44, 'train/overhead_time_percent': 73.9, 'epoch': 1.7741935483870968}
{'loss': 1.1262, 'learning_rate': 0.0001, 'grad_norm': 0.25190332531929016, 'train/tokens_per_sec': 1618.7571883085561, 'train/step_time': 20.24269003199879, 'train/mfu': 180.03, 'train/efficiency': 26.29, 'train/forward_time_percent': 8.44, 'train/backward_time_percent': 17.37, 'train/optimizer_time_percent': 0.48, 'train/overhead_time_percent': 73.71, 'epoch': 1.7834101382488479}
{'loss': 1.1262, 'learning_rate': 0.0001, 'grad_norm': 0.25190332531929016, 'train/tokens_per_sec': 1618.5321071964925, 'train/step_time': 20.245505080994917, 'train/mfu': 179.47, 'train/efficiency': 26.39, 'train/forward_time_percent': 8.73, 'train/backward_time_percent': 17.17, 'train/optimizer_time_percent': 0.5, 'train/overhead_time_percent': 73.61, 'epoch': 1.7834101382488479}
{'loss': 1.3493, 'learning_rate': 0.0001, 'grad_norm': 0.25869086384773254, 'train/tokens_per_sec': 1618.1819341676776, 'train/step_time': 20.249886189005338, 'train/mfu': 175.16, 'train/efficiency': 27.06, 'train/forward_time_percent': 8.57, 'train/backward_time_percent': 17.95, 'train/optimizer_time_percent': 0.54, 'train/overhead_time_percent': 72.94, 'epoch': 1.7926267281105992}
{'loss': 1.3493, 'learning_rate': 0.0001, 'grad_norm': 0.25869086384773254, 'train/tokens_per_sec': 1618.2108258264445, 'train/step_time': 20.2495246460021, 'train/mfu': 183.07, 'train/efficiency': 25.85, 'train/forward_time_percent': 8.3, 'train/backward_time_percent': 17.08, 'train/optimizer_time_percent': 0.47, 'train/overhead_time_percent': 74.15, 'epoch': 1.7926267281105992}
{'loss': 1.2592, 'learning_rate': 0.0001, 'grad_norm': 0.2316727638244629, 'train/tokens_per_sec': 1619.1888204415227, 'train/step_time': 20.23729387599451, 'train/mfu': 180.53, 'train/efficiency': 26.26, 'train/forward_time_percent': 8.38, 'train/backward_time_percent': 17.37, 'train/optimizer_time_percent': 0.51, 'train/overhead_time_percent': 73.74, 'epoch': 1.80184331797235}
{'loss': 1.2592, 'learning_rate': 0.0001, 'grad_norm': 0.2316727638244629, 'train/tokens_per_sec': 1619.097610973607, 'train/step_time': 20.23843391399714, 'train/mfu': 179.31, 'train/efficiency': 26.38, 'train/forward_time_percent': 8.48, 'train/backward_time_percent': 17.44, 'train/optimizer_time_percent': 0.45, 'train/overhead_time_percent': 73.62, 'epoch': 1.80184331797235}
{'loss': 1.065, 'learning_rate': 0.0001, 'grad_norm': 0.2741202116012573, 'train/tokens_per_sec': 1619.8513310555977, 'train/step_time': 20.22901692999585, 'train/mfu': 178.52, 'train/efficiency': 26.52, 'train/forward_time_percent': 8.92, 'train/backward_time_percent': 17.13, 'train/optimizer_time_percent': 0.47, 'train/overhead_time_percent': 73.48, 'epoch': 1.8110599078341014}
{'loss': 1.065, 'learning_rate': 0.0001, 'grad_norm': 0.2741202116012573, 'train/tokens_per_sec': 1619.7845269497398, 'train/step_time': 20.229851227006293, 'train/mfu': 183.97, 'train/efficiency': 25.77, 'train/forward_time_percent': 8.38, 'train/backward_time_percent': 16.9, 'train/optimizer_time_percent': 0.49, 'train/overhead_time_percent': 74.23, 'epoch': 1.8110599078341014}
{'loss': 1.6375, 'learning_rate': 0.0001, 'grad_norm': 0.23042723536491394, 'train/tokens_per_sec': 1619.091714431402, 'train/step_time': 20.238507620000746, 'train/mfu': 179.72, 'train/efficiency': 26.39, 'train/forward_time_percent': 8.47, 'train/backward_time_percent': 17.4, 'train/optimizer_time_percent': 0.52, 'train/overhead_time_percent': 73.61, 'epoch': 1.8202764976958525}
{'loss': 1.6375, 'learning_rate': 0.0001, 'grad_norm': 0.23042723536491394, 'train/tokens_per_sec': 1619.1005772601088, 'train/step_time': 20.238396836008178, 'train/mfu': 178.58, 'train/efficiency': 26.56, 'train/forward_time_percent': 8.19, 'train/backward_time_percent': 17.84, 'train/optimizer_time_percent': 0.53, 'train/overhead_time_percent': 73.44, 'epoch': 1.8202764976958525}
{'loss': 1.3782, 'learning_rate': 0.0001, 'grad_norm': 0.2456413060426712, 'train/tokens_per_sec': 1618.6817472121722, 'train/step_time': 20.243633473000955, 'train/mfu': 185.3, 'train/efficiency': 25.6, 'train/forward_time_percent': 8.08, 'train/backward_time_percent': 17.0, 'train/optimizer_time_percent': 0.52, 'train/overhead_time_percent': 74.4, 'epoch': 1.8294930875576036}
{'loss': 1.3782, 'learning_rate': 0.0001, 'grad_norm': 0.2456413060426712, 'train/tokens_per_sec': 1619.1362327619026, 'train/step_time': 20.23795115998655, 'train/mfu': 179.94, 'train/efficiency': 26.36, 'train/forward_time_percent': 8.78, 'train/backward_time_percent': 17.05, 'train/optimizer_time_percent': 0.53, 'train/overhead_time_percent': 73.64, 'epoch': 1.8294930875576036}
{'loss': 1.0061, 'learning_rate': 0.0001, 'grad_norm': 0.315542608499527, 'train/tokens_per_sec': 1618.7895143745707, 'train/step_time': 20.242285799991805, 'train/mfu': 174.52, 'train/efficiency': 27.12, 'train/forward_time_percent': 8.66, 'train/backward_time_percent': 17.98, 'train/optimizer_time_percent': 0.49, 'train/overhead_time_percent': 72.88, 'epoch': 1.838709677419355}
  step   200  loss   1.0061  |     9174.2 ms
{'loss': 1.0061, 'learning_rate': 0.0001, 'grad_norm': 0.315542608499527, 'train/tokens_per_sec': 1618.9659679753638, 'train/step_time': 20.24007956200512, 'train/mfu': 180.87, 'train/efficiency': 26.22, 'train/forward_time_percent': 8.62, 'train/backward_time_percent': 17.08, 'train/optimizer_time_percent': 0.52, 'train/overhead_time_percent': 73.78, 'epoch': 1.838709677419355}
{'loss': 1.1996, 'learning_rate': 0.0001, 'grad_norm': 0.2804996967315674, 'train/tokens_per_sec': 1619.2198847355096, 'train/step_time': 20.236905629004468, 'train/mfu': 181.11, 'train/efficiency': 26.18, 'train/forward_time_percent': 8.2, 'train/backward_time_percent': 17.46, 'train/optimizer_time_percent': 0.51, 'train/overhead_time_percent': 73.82, 'epoch': 1.8479262672811059}
{'loss': 1.1996, 'learning_rate': 0.0001, 'grad_norm': 0.2804996967315674, 'train/tokens_per_sec': 1619.4654191498555, 'train/step_time': 20.23383742099395, 'train/mfu': 178.1, 'train/efficiency': 26.63, 'train/forward_time_percent': 8.33, 'train/backward_time_percent': 17.77, 'train/optimizer_time_percent': 0.53, 'train/overhead_time_percent': 73.37, 'epoch': 1.8479262672811059}
{'loss': 1.2372, 'learning_rate': 0.0001, 'grad_norm': 0.23906120657920837, 'train/tokens_per_sec': 1619.2673016352385, 'train/step_time': 20.23631303300499, 'train/mfu': 183.28, 'train/efficiency': 25.88, 'train/forward_time_percent': 8.22, 'train/backward_time_percent': 17.15, 'train/optimizer_time_percent': 0.52, 'train/overhead_time_percent': 74.12, 'epoch': 1.8571428571428572}
{'loss': 1.2372, 'learning_rate': 0.0001, 'grad_norm': 0.23906120657920837, 'train/tokens_per_sec': 1619.3037200417764, 'train/step_time': 20.23585791500227, 'train/mfu': 177.49, 'train/efficiency': 26.64, 'train/forward_time_percent': 8.71, 'train/backward_time_percent': 17.48, 'train/optimizer_time_percent': 0.45, 'train/overhead_time_percent': 73.36, 'epoch': 1.8571428571428572}
{'loss': 1.1972, 'learning_rate': 0.0001, 'grad_norm': 0.2270098477602005, 'train/tokens_per_sec': 1620.4502733759798, 'train/step_time': 20.221539986989228, 'train/mfu': 180.05, 'train/efficiency': 26.28, 'train/forward_time_percent': 8.31, 'train/backward_time_percent': 17.53, 'train/optimizer_time_percent': 0.45, 'train/overhead_time_percent': 73.72, 'epoch': 1.8663594470046083}
{'loss': 1.1972, 'learning_rate': 0.0001, 'grad_norm': 0.2270098477602005, 'train/tokens_per_sec': 1620.3539022733473, 'train/step_time': 20.222742669997388, 'train/mfu': 177.93, 'train/efficiency': 26.67, 'train/forward_time_percent': 8.43, 'train/backward_time_percent': 17.71, 'train/optimizer_time_percent': 0.52, 'train/overhead_time_percent': 73.33, 'epoch': 1.8663594470046083}
{'loss': 1.1771, 'learning_rate': 0.0001, 'grad_norm': 0.24618199467658997, 'train/tokens_per_sec': 1618.6733915117568, 'train/step_time': 20.243737971992232, 'train/mfu': 182.54, 'train/efficiency': 25.97, 'train/forward_time_percent': 8.36, 'train/backward_time_percent': 17.09, 'train/optimizer_time_percent': 0.51, 'train/overhead_time_percent': 74.03, 'epoch': 1.8755760368663594}{'loss': 1.1771, 'learning_rate': 0.0001, 'grad_norm': 0.24618199467658997, 'train/tokens_per_sec': 1618.8569381503173, 'train/step_time': 20.241442728991387, 'train/mfu': 176.23, 'train/efficiency': 26.9, 'train/forward_time_percent': 8.68, 'train/backward_time_percent': 17.69, 'train/optimizer_time_percent': 0.53, 'train/overhead_time_percent': 73.1, 'epoch': 1.8755760368663594}

{'loss': 1.1675, 'learning_rate': 0.0001, 'grad_norm': 0.2427317202091217, 'train/tokens_per_sec': 1618.9237689421652, 'train/step_time': 20.240607141997316, 'train/mfu': 182.6, 'train/efficiency': 25.92, 'train/forward_time_percent': 8.23, 'train/backward_time_percent': 17.22, 'train/optimizer_time_percent': 0.46, 'train/overhead_time_percent': 74.08, 'epoch': 1.8847926267281108}{'loss': 1.1675, 'learning_rate': 0.0001, 'grad_norm': 0.2427317202091217, 'train/tokens_per_sec': 1618.8581925157198, 'train/step_time': 20.241427044995362, 'train/mfu': 174.89, 'train/efficiency': 27.11, 'train/forward_time_percent': 8.57, 'train/backward_time_percent': 18.0, 'train/optimizer_time_percent': 0.53, 'train/overhead_time_percent': 72.89, 'epoch': 1.8847926267281108}

{'loss': 1.2431, 'learning_rate': 0.0001, 'grad_norm': 0.29562610387802124, 'train/tokens_per_sec': 1618.2967620389184, 'train/step_time': 20.24844933800341, 'train/mfu': 184.95, 'train/efficiency': 25.64, 'train/forward_time_percent': 8.38, 'train/backward_time_percent': 16.74, 'train/optimizer_time_percent': 0.52, 'train/overhead_time_percent': 74.36, 'epoch': 1.8940092165898617}
{'loss': 1.2431, 'learning_rate': 0.0001, 'grad_norm': 0.29562610387802124, 'train/tokens_per_sec': 1618.1964961008578, 'train/step_time': 20.249703962996136, 'train/mfu': 173.98, 'train/efficiency': 27.23, 'train/forward_time_percent': 8.73, 'train/backward_time_percent': 17.97, 'train/optimizer_time_percent': 0.52, 'train/overhead_time_percent': 72.77, 'epoch': 1.8940092165898617}
{'loss': 1.2743, 'learning_rate': 0.0001, 'grad_norm': 0.23648443818092346, 'train/tokens_per_sec': 1620.062823196341, 'train/step_time': 20.226376120001078, 'train/mfu': 183.16, 'train/efficiency': 25.92, 'train/forward_time_percent': 8.07, 'train/backward_time_percent': 17.33, 'train/optimizer_time_percent': 0.53, 'train/overhead_time_percent': 74.08, 'epoch': 1.903225806451613}
{'loss': 1.2743, 'learning_rate': 0.0001, 'grad_norm': 0.23648443818092346, 'train/tokens_per_sec': 1620.239441391567, 'train/step_time': 20.22417129400128, 'train/mfu': 180.29, 'train/efficiency': 26.32, 'train/forward_time_percent': 8.44, 'train/backward_time_percent': 17.36, 'train/optimizer_time_percent': 0.52, 'train/overhead_time_percent': 73.68, 'epoch': 1.903225806451613}
{'loss': 1.1911, 'learning_rate': 0.0001, 'grad_norm': 0.28584858775138855, 'train/tokens_per_sec': 1617.6404927132987, 'train/step_time': 20.2566640409932, 'train/mfu': 179.84, 'train/efficiency': 26.34, 'train/forward_time_percent': 8.42, 'train/backward_time_percent': 17.41, 'train/optimizer_time_percent': 0.52, 'train/overhead_time_percent': 73.66, 'epoch': 1.912442396313364}
{'loss': 1.1911, 'learning_rate': 0.0001, 'grad_norm': 0.28584858775138855, 'train/tokens_per_sec': 1617.7242817107667, 'train/step_time': 20.255614859997877, 'train/mfu': 185.44, 'train/efficiency': 25.57, 'train/forward_time_percent': 8.31, 'train/backward_time_percent': 16.74, 'train/optimizer_time_percent': 0.53, 'train/overhead_time_percent': 74.43, 'epoch': 1.912442396313364}
{'loss': 1.4374, 'learning_rate': 0.0001, 'grad_norm': 0.2533300220966339, 'train/tokens_per_sec': 1618.612192641843, 'train/step_time': 20.244503377005458, 'train/mfu': 174.97, 'train/efficiency': 27.03, 'train/forward_time_percent': 8.7, 'train/backward_time_percent': 17.86, 'train/optimizer_time_percent': 0.47, 'train/overhead_time_percent': 72.97, 'epoch': 1.9216589861751152}
{'loss': 1.4374, 'learning_rate': 0.0001, 'grad_norm': 0.2533300220966339, 'train/tokens_per_sec': 1618.6465637205074, 'train/step_time': 20.244073495996417, 'train/mfu': 181.84, 'train/efficiency': 26.07, 'train/forward_time_percent': 8.22, 'train/backward_time_percent': 17.34, 'train/optimizer_time_percent': 0.52, 'train/overhead_time_percent': 73.93, 'epoch': 1.9216589861751152}
  step   210  loss   1.2613  |     9179.5 ms
{'loss': 1.2613, 'learning_rate': 0.0001, 'grad_norm': 0.25078707933425903, 'train/tokens_per_sec': 1618.449684236405, 'train/step_time': 20.2465361259965, 'train/mfu': 175.62, 'train/efficiency': 26.97, 'train/forward_time_percent': 8.26, 'train/backward_time_percent': 18.2, 'train/optimizer_time_percent': 0.51, 'train/overhead_time_percent': 73.03, 'epoch': 1.9308755760368663}
{'loss': 1.2613, 'learning_rate': 0.0001, 'grad_norm': 0.25078707933425903, 'train/tokens_per_sec': 1618.3831661016186, 'train/step_time': 20.24736829099129, 'train/mfu': 179.63, 'train/efficiency': 26.39, 'train/forward_time_percent': 8.36, 'train/backward_time_percent': 17.51, 'train/optimizer_time_percent': 0.53, 'train/overhead_time_percent': 73.61, 'epoch': 1.9308755760368663}
{'loss': 1.1998, 'learning_rate': 0.0001, 'grad_norm': 0.3798888623714447, 'train/tokens_per_sec': 1618.557762354782, 'train/step_time': 20.245184177008923, 'train/mfu': 177.65, 'train/efficiency': 26.74, 'train/forward_time_percent': 8.47, 'train/backward_time_percent': 17.69, 'train/optimizer_time_percent': 0.58, 'train/overhead_time_percent': 73.26, 'epoch': 1.9400921658986174}
{'loss': 1.1998, 'learning_rate': 0.0001, 'grad_norm': 0.3798888623714447, 'train/tokens_per_sec': 1618.524242699765, 'train/step_time': 20.245603454997763, 'train/mfu': 181.29, 'train/efficiency': 26.22, 'train/forward_time_percent': 8.78, 'train/backward_time_percent': 16.85, 'train/optimizer_time_percent': 0.59, 'train/overhead_time_percent': 73.78, 'epoch': 1.9400921658986174}
{'loss': 1.1158, 'learning_rate': 0.0001, 'grad_norm': 0.2992476224899292, 'train/tokens_per_sec': 1619.2636466664321, 'train/step_time': 20.23635870999715, 'train/mfu': 179.37, 'train/efficiency': 26.41, 'train/forward_time_percent': 8.59, 'train/backward_time_percent': 17.33, 'train/optimizer_time_percent': 0.49, 'train/overhead_time_percent': 73.59, 'epoch': 1.9493087557603688}
{'loss': 1.1158, 'learning_rate': 0.0001, 'grad_norm': 0.2992476224899292, 'train/tokens_per_sec': 1619.6057350925698, 'train/step_time': 20.23208444500051, 'train/mfu': 181.17, 'train/efficiency': 26.14, 'train/forward_time_percent': 8.31, 'train/backward_time_percent': 17.36, 'train/optimizer_time_percent': 0.48, 'train/overhead_time_percent': 73.86, 'epoch': 1.9493087557603688}
{'loss': 1.193, 'learning_rate': 0.0001, 'grad_norm': 0.365269273519516, 'train/tokens_per_sec': 1618.4241090800544, 'train/step_time': 20.24685607200081, 'train/mfu': 179.96, 'train/efficiency': 26.31, 'train/forward_time_percent': 8.5, 'train/backward_time_percent': 17.32, 'train/optimizer_time_percent': 0.49, 'train/overhead_time_percent': 73.69, 'epoch': 1.9585253456221197}
{'loss': 1.193, 'learning_rate': 0.0001, 'grad_norm': 0.365269273519516, 'train/tokens_per_sec': 1618.440450353676, 'train/step_time': 20.24665164099133, 'train/mfu': 179.11, 'train/efficiency': 26.41, 'train/forward_time_percent': 8.6, 'train/backward_time_percent': 17.35, 'train/optimizer_time_percent': 0.47, 'train/overhead_time_percent': 73.59, 'epoch': 1.9585253456221197}
{'loss': 1.6164, 'learning_rate': 0.0001, 'grad_norm': 0.23632918298244476, 'train/tokens_per_sec': 1618.4277388382523, 'train/step_time': 20.246810662996722, 'train/mfu': 188.36, 'train/efficiency': 25.19, 'train/forward_time_percent': 8.12, 'train/backward_time_percent': 16.55, 'train/optimizer_time_percent': 0.52, 'train/overhead_time_percent': 74.81, 'epoch': 1.967741935483871}
{'loss': 1.6164, 'learning_rate': 0.0001, 'grad_norm': 0.23632918298244476, 'train/tokens_per_sec': 1618.4231227673297, 'train/step_time': 20.24686841100629, 'train/mfu': 172.47, 'train/efficiency': 27.43, 'train/forward_time_percent': 8.72, 'train/backward_time_percent': 18.22, 'train/optimizer_time_percent': 0.48, 'train/overhead_time_percent': 72.57, 'epoch': 1.967741935483871}
{'loss': 1.2536, 'learning_rate': 0.0001, 'grad_norm': 0.261790007352829, 'train/tokens_per_sec': 1618.7100020660193, 'train/step_time': 20.243280116992537, 'train/mfu': 176.11, 'train/efficiency': 26.92, 'train/forward_time_percent': 8.66, 'train/backward_time_percent': 17.73, 'train/optimizer_time_percent': 0.53, 'train/overhead_time_percent': 73.08, 'epoch': 1.976958525345622}
{'loss': 1.2536, 'learning_rate': 0.0001, 'grad_norm': 0.261790007352829, 'train/tokens_per_sec': 1618.6343784309765, 'train/step_time': 20.244225896007265, 'train/mfu': 186.41, 'train/efficiency': 25.38, 'train/forward_time_percent': 8.09, 'train/backward_time_percent': 16.84, 'train/optimizer_time_percent': 0.45, 'train/overhead_time_percent': 74.62, 'epoch': 1.976958525345622}
{'loss': 1.4134, 'learning_rate': 0.0001, 'grad_norm': 0.25694790482521057, 'train/tokens_per_sec': 1618.9597713190547, 'train/step_time': 20.24015703200712, 'train/mfu': 182.78, 'train/efficiency': 25.95, 'train/forward_time_percent': 8.38, 'train/backward_time_percent': 17.05, 'train/optimizer_time_percent': 0.52, 'train/overhead_time_percent': 74.05, 'epoch': 1.9861751152073732}
{'loss': 1.4134, 'learning_rate': 0.0001, 'grad_norm': 0.25694790482521057, 'train/tokens_per_sec': 1618.9796361420226, 'train/step_time': 20.239908685995033, 'train/mfu': 175.88, 'train/efficiency': 26.88, 'train/forward_time_percent': 8.7, 'train/backward_time_percent': 17.72, 'train/optimizer_time_percent': 0.45, 'train/overhead_time_percent': 73.12, 'epoch': 1.9861751152073732}
{'loss': 1.1137, 'learning_rate': 0.0001, 'grad_norm': 0.28359439969062805, 'train/tokens_per_sec': 1619.1404720744563, 'train/step_time': 20.237898171995766, 'train/mfu': 183.37, 'train/efficiency': 25.87, 'train/forward_time_percent': 8.13, 'train/backward_time_percent': 17.22, 'train/optimizer_time_percent': 0.52, 'train/overhead_time_percent': 74.13, 'epoch': 1.9953917050691246}
{'loss': 1.1137, 'learning_rate': 0.0001, 'grad_norm': 0.28359439969062805, 'train/tokens_per_sec': 1619.3164756503031, 'train/step_time': 20.235698513992247, 'train/mfu': 174.87, 'train/efficiency': 27.11, 'train/forward_time_percent': 8.5, 'train/backward_time_percent': 18.08, 'train/optimizer_time_percent': 0.52, 'train/overhead_time_percent': 72.89, 'epoch': 1.9953917050691246}
{'loss': 1.2715, 'learning_rate': 0.0001, 'grad_norm': 0.3654656410217285, 'train/tokens_per_sec': 1464.4113250790801, 'train/step_time': 11.188113421012531, 'train/mfu': 186.69, 'train/efficiency': 23.37, 'train/forward_time_percent': 7.62, 'train/backward_time_percent': 14.9, 'train/optimizer_time_percent': 0.85, 'train/overhead_time_percent': 76.63, 'epoch': 2.0}{'loss': 1.2715, 'learning_rate': 0.0001, 'grad_norm': 0.3654656410217285, 'train/tokens_per_sec': 1461.2133737043432, 'train/step_time': 11.212599264996243, 'train/mfu': 185.85, 'train/efficiency': 23.5, 'train/forward_time_percent': 7.5, 'train/backward_time_percent': 15.07, 'train/optimizer_time_percent': 0.93, 'train/overhead_time_percent': 76.5, 'epoch': 2.0}

{'loss': 1.9914, 'learning_rate': 0.0001, 'grad_norm': 0.17066752910614014, 'train/tokens_per_sec': 2763.8895691427256, 'train/step_time': 11.855755876007606, 'train/mfu': 177.6, 'train/efficiency': 45.53, 'train/forward_time_percent': 14.43, 'train/backward_time_percent': 30.25, 'train/optimizer_time_percent': 0.85, 'train/overhead_time_percent': 54.47, 'epoch': 2.0092165898617513}
{'loss': 1.9914, 'learning_rate': 0.0001, 'grad_norm': 0.17066752910614014, 'train/tokens_per_sec': 2763.867748919034, 'train/step_time': 11.855849475003197, 'train/mfu': 183.86, 'train/efficiency': 43.96, 'train/forward_time_percent': 13.91, 'train/backward_time_percent': 29.25, 'train/optimizer_time_percent': 0.81, 'train/overhead_time_percent': 56.04, 'epoch': 2.0092165898617513}
  step   220  loss   1.1359  |     9170.1 ms
{'loss': 1.1359, 'learning_rate': 0.0001, 'grad_norm': 0.2993012070655823, 'train/tokens_per_sec': 1619.2579732830698, 'train/step_time': 20.236429611992207, 'train/mfu': 180.54, 'train/efficiency': 26.27, 'train/forward_time_percent': 8.36, 'train/backward_time_percent': 17.39, 'train/optimizer_time_percent': 0.52, 'train/overhead_time_percent': 73.73, 'epoch': 2.0184331797235022}
{'loss': 1.1359, 'learning_rate': 0.0001, 'grad_norm': 0.2993012070655823, 'train/tokens_per_sec': 1619.4741072650154, 'train/step_time': 20.233728870996856, 'train/mfu': 176.36, 'train/efficiency': 26.9, 'train/forward_time_percent': 8.44, 'train/backward_time_percent': 17.92, 'train/optimizer_time_percent': 0.53, 'train/overhead_time_percent': 73.1, 'epoch': 2.0184331797235022}
{'loss': 1.0442, 'learning_rate': 0.0001, 'grad_norm': 0.2752839922904968, 'train/tokens_per_sec': 1619.0342107194913, 'train/step_time': 20.23922643699916, 'train/mfu': 181.61, 'train/efficiency': 26.06, 'train/forward_time_percent': 8.47, 'train/backward_time_percent': 17.12, 'train/optimizer_time_percent': 0.47, 'train/overhead_time_percent': 73.94, 'epoch': 2.0276497695852536}
{'loss': 1.0442, 'learning_rate': 0.0001, 'grad_norm': 0.2752839922904968, 'train/tokens_per_sec': 1619.213640528235, 'train/step_time': 20.236983669004985, 'train/mfu': 179.55, 'train/efficiency': 26.41, 'train/forward_time_percent': 8.41, 'train/backward_time_percent': 17.48, 'train/optimizer_time_percent': 0.52, 'train/overhead_time_percent': 73.59, 'epoch': 2.0276497695852536}
{'loss': 1.25, 'learning_rate': 0.0001, 'grad_norm': 0.2806948125362396, 'train/tokens_per_sec': 1619.1586774201778, 'train/step_time': 20.23767062299885, 'train/mfu': 182.72, 'train/efficiency': 25.91, 'train/forward_time_percent': 8.18, 'train/backward_time_percent': 17.26, 'train/optimizer_time_percent': 0.47, 'train/overhead_time_percent': 74.09, 'epoch': 2.0368663594470044}
{'loss': 1.25, 'learning_rate': 0.0001, 'grad_norm': 0.2806948125362396, 'train/tokens_per_sec': 1619.000099307106, 'train/step_time': 20.23965286600287, 'train/mfu': 187.48, 'train/efficiency': 25.24, 'train/forward_time_percent': 8.08, 'train/backward_time_percent': 16.71, 'train/optimizer_time_percent': 0.45, 'train/overhead_time_percent': 74.76, 'epoch': 2.0368663594470044}
{'loss': 1.0967, 'learning_rate': 0.0001, 'grad_norm': 0.25405049324035645, 'train/tokens_per_sec': 1618.7450618091636, 'train/step_time': 20.242841675993986, 'train/mfu': 179.0, 'train/efficiency': 26.41, 'train/forward_time_percent': 8.46, 'train/backward_time_percent': 17.5, 'train/optimizer_time_percent': 0.45, 'train/overhead_time_percent': 73.59, 'epoch': 2.046082949308756}
{'loss': 1.0967, 'learning_rate': 0.0001, 'grad_norm': 0.25405049324035645, 'train/tokens_per_sec': 1618.8720819228843, 'train/step_time': 20.241253379994305, 'train/mfu': 175.69, 'train/efficiency': 26.93, 'train/forward_time_percent': 8.36, 'train/backward_time_percent': 18.09, 'train/optimizer_time_percent': 0.48, 'train/overhead_time_percent': 73.07, 'epoch': 2.046082949308756}
{'loss': 1.1845, 'learning_rate': 0.0001, 'grad_norm': 0.2652187645435333, 'train/tokens_per_sec': 1617.9176530644227, 'train/step_time': 20.25319393600512, 'train/mfu': 175.63, 'train/efficiency': 26.95, 'train/forward_time_percent': 8.58, 'train/backward_time_percent': 17.86, 'train/optimizer_time_percent': 0.5, 'train/overhead_time_percent': 73.05, 'epoch': 2.055299539170507}
{'loss': 1.1845, 'learning_rate': 0.0001, 'grad_norm': 0.2652187645435333, 'train/tokens_per_sec': 1617.8947206872137, 'train/step_time': 20.253481009000097, 'train/mfu': 181.68, 'train/efficiency': 26.01, 'train/forward_time_percent': 7.98, 'train/backward_time_percent': 17.59, 'train/optimizer_time_percent': 0.44, 'train/overhead_time_percent': 73.99, 'epoch': 2.055299539170507}
{'loss': 1.2023, 'learning_rate': 0.0001, 'grad_norm': 0.2993660271167755, 'train/tokens_per_sec': 1618.811092832348, 'train/step_time': 20.242015973999514, 'train/mfu': 177.44, 'train/efficiency': 26.64, 'train/forward_time_percent': 8.59, 'train/backward_time_percent': 17.6, 'train/optimizer_time_percent': 0.44, 'train/overhead_time_percent': 73.36, 'epoch': 2.064516129032258}
{'loss': 1.2023, 'learning_rate': 0.0001, 'grad_norm': 0.2993660271167755, 'train/tokens_per_sec': 1618.6852152462993, 'train/step_time': 20.243590101003065, 'train/mfu': 175.79, 'train/efficiency': 26.96, 'train/forward_time_percent': 8.52, 'train/backward_time_percent': 17.91, 'train/optimizer_time_percent': 0.53, 'train/overhead_time_percent': 73.04, 'epoch': 2.064516129032258}
{'loss': 1.165, 'learning_rate': 0.0001, 'grad_norm': 0.28297221660614014, 'train/tokens_per_sec': 1618.6521514244366, 'train/step_time': 20.24400361199514, 'train/mfu': 178.75, 'train/efficiency': 26.51, 'train/forward_time_percent': 8.59, 'train/backward_time_percent': 17.41, 'train/optimizer_time_percent': 0.52, 'train/overhead_time_percent': 73.49, 'epoch': 2.0737327188940093}
{'loss': 1.165, 'learning_rate': 0.0001, 'grad_norm': 0.28297221660614014, 'train/tokens_per_sec': 1618.8554061851462, 'train/step_time': 20.241461883997545, 'train/mfu': 178.1, 'train/efficiency': 26.54, 'train/forward_time_percent': 8.42, 'train/backward_time_percent': 17.68, 'train/optimizer_time_percent': 0.44, 'train/overhead_time_percent': 73.46, 'epoch': 2.0737327188940093}
{'loss': 1.5573, 'learning_rate': 0.0001, 'grad_norm': 0.2652382254600525, 'train/tokens_per_sec': 1618.5273442319688, 'train/step_time': 20.245564658995136, 'train/mfu': 175.45, 'train/efficiency': 27.02, 'train/forward_time_percent': 8.56, 'train/backward_time_percent': 17.93, 'train/optimizer_time_percent': 0.53, 'train/overhead_time_percent': 72.98, 'epoch': 2.0829493087557602}
{'loss': 1.5573, 'learning_rate': 0.0001, 'grad_norm': 0.2652382254600525, 'train/tokens_per_sec': 1618.544660378106, 'train/step_time': 20.245348059994285, 'train/mfu': 184.48, 'train/efficiency': 25.71, 'train/forward_time_percent': 8.59, 'train/backward_time_percent': 16.6, 'train/optimizer_time_percent': 0.52, 'train/overhead_time_percent': 74.29, 'epoch': 2.0829493087557602}
{'loss': 1.2551, 'learning_rate': 0.0001, 'grad_norm': 0.28927257657051086, 'train/tokens_per_sec': 1618.436757547793, 'train/step_time': 20.246697838010732, 'train/mfu': 184.66, 'train/efficiency': 25.6, 'train/forward_time_percent': 8.06, 'train/backward_time_percent': 17.11, 'train/optimizer_time_percent': 0.44, 'train/overhead_time_percent': 74.4, 'epoch': 2.0921658986175116}
{'loss': 1.2551, 'learning_rate': 0.0001, 'grad_norm': 0.28927257657051086, 'train/tokens_per_sec': 1618.5862338641946, 'train/step_time': 20.244828056995175, 'train/mfu': 180.98, 'train/efficiency': 26.12, 'train/forward_time_percent': 8.59, 'train/backward_time_percent': 17.08, 'train/optimizer_time_percent': 0.45, 'train/overhead_time_percent': 73.88, 'epoch': 2.0921658986175116}
{'loss': 1.207, 'learning_rate': 0.0001, 'grad_norm': 0.24961623549461365, 'train/tokens_per_sec': 1599.4876002424908, 'train/step_time': 20.486560817997088, 'train/mfu': 180.65, 'train/efficiency': 25.92, 'train/forward_time_percent': 7.85, 'train/backward_time_percent': 17.57, 'train/optimizer_time_percent': 0.5, 'train/overhead_time_percent': 74.08, 'epoch': 2.1013824884792625}
{'loss': 1.207, 'learning_rate': 0.0001, 'grad_norm': 0.24961623549461365, 'train/tokens_per_sec': 1599.3840569733932, 'train/step_time': 20.487887106995913, 'train/mfu': 168.28, 'train/efficiency': 27.78, 'train/forward_time_percent': 8.26, 'train/backward_time_percent': 19.03, 'train/optimizer_time_percent': 0.49, 'train/overhead_time_percent': 72.22, 'epoch': 2.1013824884792625}
{'loss': 1.6436, 'learning_rate': 0.0001, 'grad_norm': 0.2680809497833252, 'train/tokens_per_sec': 1618.825282853275, 'train/step_time': 20.241838540008757, 'train/mfu': 178.88, 'train/efficiency': 26.51, 'train/forward_time_percent': 8.43, 'train/backward_time_percent': 17.55, 'train/optimizer_time_percent': 0.53, 'train/overhead_time_percent': 73.49, 'epoch': 2.110599078341014}
  step   230  loss   1.6436  |     9168.9 ms
{'loss': 1.6436, 'learning_rate': 0.0001, 'grad_norm': 0.2680809497833252, 'train/tokens_per_sec': 1618.6891797724786, 'train/step_time': 20.243540519993985, 'train/mfu': 180.48, 'train/efficiency': 26.2, 'train/forward_time_percent': 8.45, 'train/backward_time_percent': 17.3, 'train/optimizer_time_percent': 0.45, 'train/overhead_time_percent': 73.8, 'epoch': 2.110599078341014}
{'loss': 1.2342, 'learning_rate': 0.0001, 'grad_norm': 0.27020788192749023, 'train/tokens_per_sec': 1619.295879253252, 'train/step_time': 20.235955898999237, 'train/mfu': 180.52, 'train/efficiency': 26.25, 'train/forward_time_percent': 8.24, 'train/backward_time_percent': 17.51, 'train/optimizer_time_percent': 0.5, 'train/overhead_time_percent': 73.75, 'epoch': 2.119815668202765}
{'loss': 1.2342, 'learning_rate': 0.0001, 'grad_norm': 0.27020788192749023, 'train/tokens_per_sec': 1619.2904870745265, 'train/step_time': 20.23602328400011, 'train/mfu': 181.5, 'train/efficiency': 26.14, 'train/forward_time_percent': 8.34, 'train/backward_time_percent': 17.27, 'train/optimizer_time_percent': 0.52, 'train/overhead_time_percent': 73.86, 'epoch': 2.119815668202765}
{'loss': 1.1157, 'learning_rate': 0.0001, 'grad_norm': 0.2491309642791748, 'train/tokens_per_sec': 1618.481551874518, 'train/step_time': 20.24613747499825, 'train/mfu': 182.78, 'train/efficiency': 25.94, 'train/forward_time_percent': 8.48, 'train/backward_time_percent': 16.94, 'train/optimizer_time_percent': 0.51, 'train/overhead_time_percent': 74.06, 'epoch': 2.129032258064516}{'loss': 1.1157, 'learning_rate': 0.0001, 'grad_norm': 0.2491309642791748, 'train/tokens_per_sec': 1618.4977090828925, 'train/step_time': 20.24593536098837, 'train/mfu': 180.23, 'train/efficiency': 26.28, 'train/forward_time_percent': 8.36, 'train/backward_time_percent': 17.42, 'train/optimizer_time_percent': 0.5, 'train/overhead_time_percent': 73.72, 'epoch': 2.129032258064516}

{'loss': 1.1356, 'learning_rate': 0.0001, 'grad_norm': 0.2585664391517639, 'train/tokens_per_sec': 1617.9185698996268, 'train/step_time': 20.25318245901144, 'train/mfu': 184.15, 'train/efficiency': 25.72, 'train/forward_time_percent': 8.2, 'train/backward_time_percent': 17.03, 'train/optimizer_time_percent': 0.49, 'train/overhead_time_percent': 74.28, 'epoch': 2.1382488479262673}
{'loss': 1.1356, 'learning_rate': 0.0001, 'grad_norm': 0.2585664391517639, 'train/tokens_per_sec': 1617.8703412955165, 'train/step_time': 20.253786204993958, 'train/mfu': 174.92, 'train/efficiency': 27.08, 'train/forward_time_percent': 8.32, 'train/backward_time_percent': 18.23, 'train/optimizer_time_percent': 0.53, 'train/overhead_time_percent': 72.92, 'epoch': 2.1382488479262673}
{'loss': 1.2067, 'learning_rate': 0.0001, 'grad_norm': 0.25922057032585144, 'train/tokens_per_sec': 1618.9553613807159, 'train/step_time': 20.240212164993864, 'train/mfu': 182.47, 'train/efficiency': 25.96, 'train/forward_time_percent': 8.7, 'train/backward_time_percent': 16.77, 'train/optimizer_time_percent': 0.48, 'train/overhead_time_percent': 74.04, 'epoch': 2.1474654377880182}
{'loss': 1.2067, 'learning_rate': 0.0001, 'grad_norm': 0.25922057032585144, 'train/tokens_per_sec': 1618.7856981816903, 'train/step_time': 20.242333520000102, 'train/mfu': 177.0, 'train/efficiency': 26.73, 'train/forward_time_percent': 8.51, 'train/backward_time_percent': 17.75, 'train/optimizer_time_percent': 0.47, 'train/overhead_time_percent': 73.27, 'epoch': 2.1474654377880182}
{'loss': 1.2128, 'learning_rate': 0.0001, 'grad_norm': 0.2910235524177551, 'train/tokens_per_sec': 1617.8370402914973, 'train/step_time': 20.254203101998428, 'train/mfu': 180.12, 'train/efficiency': 26.31, 'train/forward_time_percent': 8.56, 'train/backward_time_percent': 17.22, 'train/optimizer_time_percent': 0.53, 'train/overhead_time_percent': 73.69, 'epoch': 2.1566820276497696}
{'loss': 1.2128, 'learning_rate': 0.0001, 'grad_norm': 0.2910235524177551, 'train/tokens_per_sec': 1617.8923920409102, 'train/step_time': 20.253510160007863, 'train/mfu': 181.29, 'train/efficiency': 26.08, 'train/forward_time_percent': 8.37, 'train/backward_time_percent': 17.25, 'train/optimizer_time_percent': 0.46, 'train/overhead_time_percent': 73.92, 'epoch': 2.1566820276497696}
{'loss': 1.2538, 'learning_rate': 0.0001, 'grad_norm': 0.27624693512916565, 'train/tokens_per_sec': 1618.4014827931373, 'train/step_time': 20.2471391359868, 'train/mfu': 184.23, 'train/efficiency': 25.74, 'train/forward_time_percent': 8.17, 'train/backward_time_percent': 17.06, 'train/optimizer_time_percent': 0.52, 'train/overhead_time_percent': 74.26, 'epoch': 2.165898617511521}
{'loss': 1.2538, 'learning_rate': 0.0001, 'grad_norm': 0.27624693512916565, 'train/tokens_per_sec': 1618.6733867935222, 'train/step_time': 20.243738031000248, 'train/mfu': 177.37, 'train/efficiency': 26.65, 'train/forward_time_percent': 8.36, 'train/backward_time_percent': 17.85, 'train/optimizer_time_percent': 0.45, 'train/overhead_time_percent': 73.35, 'epoch': 2.165898617511521}
{'loss': 1.2378, 'learning_rate': 0.0001, 'grad_norm': 0.2548019587993622, 'train/tokens_per_sec': 1618.5106967006682, 'train/step_time': 20.24577289899753, 'train/mfu': 175.65, 'train/efficiency': 26.98, 'train/forward_time_percent': 8.74, 'train/backward_time_percent': 17.71, 'train/optimizer_time_percent': 0.53, 'train/overhead_time_percent': 73.02, 'epoch': 2.175115207373272}{'loss': 1.2378, 'learning_rate': 0.0001, 'grad_norm': 0.2548019587993622, 'train/tokens_per_sec': 1618.5327552329143, 'train/step_time': 20.24549697499606, 'train/mfu': 182.28, 'train/efficiency': 25.97, 'train/forward_time_percent': 8.32, 'train/backward_time_percent': 17.17, 'train/optimizer_time_percent': 0.48, 'train/overhead_time_percent': 74.03, 'epoch': 2.175115207373272}

{'loss': 1.1536, 'learning_rate': 0.0001, 'grad_norm': 0.29380249977111816, 'train/tokens_per_sec': 1618.6121455491625, 'train/step_time': 20.24450396600878, 'train/mfu': 175.52, 'train/efficiency': 27.01, 'train/forward_time_percent': 8.12, 'train/backward_time_percent': 18.36, 'train/optimizer_time_percent': 0.53, 'train/overhead_time_percent': 72.99, 'epoch': 2.184331797235023}{'loss': 1.1536, 'learning_rate': 0.0001, 'grad_norm': 0.29380249977111816, 'train/tokens_per_sec': 1618.7627409509787, 'train/step_time': 20.242620595992776, 'train/mfu': 181.35, 'train/efficiency': 26.15, 'train/forward_time_percent': 8.39, 'train/backward_time_percent': 17.23, 'train/optimizer_time_percent': 0.52, 'train/overhead_time_percent': 73.85, 'epoch': 2.184331797235023}

{'loss': 1.2169, 'learning_rate': 0.0001, 'grad_norm': 0.26674893498420715, 'train/tokens_per_sec': 1618.6098439413745, 'train/step_time': 20.244532753000385, 'train/mfu': 181.94, 'train/efficiency': 26.03, 'train/forward_time_percent': 8.09, 'train/backward_time_percent': 17.45, 'train/optimizer_time_percent': 0.49, 'train/overhead_time_percent': 73.97, 'epoch': 2.193548387096774}{'loss': 1.2169, 'learning_rate': 0.0001, 'grad_norm': 0.26674893498420715, 'train/tokens_per_sec': 1618.6225723084906, 'train/step_time': 20.244373556008213, 'train/mfu': 176.99, 'train/efficiency': 26.75, 'train/forward_time_percent': 8.61, 'train/backward_time_percent': 17.64, 'train/optimizer_time_percent': 0.49, 'train/overhead_time_percent': 73.25, 'epoch': 2.193548387096774}

  step   240  loss   1.6982  |     9182.1 ms
{'loss': 1.6982, 'learning_rate': 0.0001, 'grad_norm': 0.2436293512582779, 'train/tokens_per_sec': 1618.062558034828, 'train/step_time': 20.25138016900746, 'train/mfu': 181.97, 'train/efficiency': 26.04, 'train/forward_time_percent': 8.07, 'train/backward_time_percent': 17.46, 'train/optimizer_time_percent': 0.51, 'train/overhead_time_percent': 73.96, 'epoch': 2.2027649769585254}
{'loss': 1.6982, 'learning_rate': 0.0001, 'grad_norm': 0.2436293512582779, 'train/tokens_per_sec': 1618.1779563052771, 'train/step_time': 20.249935967993224, 'train/mfu': 181.27, 'train/efficiency': 26.13, 'train/forward_time_percent': 8.65, 'train/backward_time_percent': 16.98, 'train/optimizer_time_percent': 0.5, 'train/overhead_time_percent': 73.87, 'epoch': 2.2027649769585254}
{'loss': 1.0475, 'learning_rate': 0.0001, 'grad_norm': 0.2468198835849762, 'train/tokens_per_sec': 1619.1453940193576, 'train/step_time': 20.237836651998805, 'train/mfu': 179.74, 'train/efficiency': 26.31, 'train/forward_time_percent': 8.33, 'train/backward_time_percent': 17.53, 'train/optimizer_time_percent': 0.45, 'train/overhead_time_percent': 73.69, 'epoch': 2.2119815668202767}
{'loss': 1.0475, 'learning_rate': 0.0001, 'grad_norm': 0.2468198835849762, 'train/tokens_per_sec': 1619.2044920989385, 'train/step_time': 20.23709800701181, 'train/mfu': 184.77, 'train/efficiency': 25.67, 'train/forward_time_percent': 8.11, 'train/backward_time_percent': 17.05, 'train/optimizer_time_percent': 0.52, 'train/overhead_time_percent': 74.33, 'epoch': 2.2119815668202767}
{'loss': 1.2049, 'learning_rate': 0.0001, 'grad_norm': 0.3061593770980835, 'train/tokens_per_sec': 1619.4998102254247, 'train/step_time': 20.23340774299868, 'train/mfu': 181.12, 'train/efficiency': 26.2, 'train/forward_time_percent': 8.53, 'train/backward_time_percent': 17.14, 'train/optimizer_time_percent': 0.53, 'train/overhead_time_percent': 73.8, 'epoch': 2.2211981566820276}
{'loss': 1.2049, 'learning_rate': 0.0001, 'grad_norm': 0.3061593770980835, 'train/tokens_per_sec': 1619.4884839594818, 'train/step_time': 20.23354924999876, 'train/mfu': 183.82, 'train/efficiency': 25.81, 'train/forward_time_percent': 8.14, 'train/backward_time_percent': 17.16, 'train/optimizer_time_percent': 0.52, 'train/overhead_time_percent': 74.19, 'epoch': 2.2211981566820276}
{'loss': 1.2176, 'learning_rate': 0.0001, 'grad_norm': 0.30837246775627136, 'train/tokens_per_sec': 1618.5754412437443, 'train/step_time': 20.244963049000944, 'train/mfu': 179.25, 'train/efficiency': 26.45, 'train/forward_time_percent': 8.46, 'train/backward_time_percent': 17.47, 'train/optimizer_time_percent': 0.53, 'train/overhead_time_percent': 73.55, 'epoch': 2.230414746543779}
{'loss': 1.2176, 'learning_rate': 0.0001, 'grad_norm': 0.30837246775627136, 'train/tokens_per_sec': 1618.6273291980983, 'train/step_time': 20.244314060997567, 'train/mfu': 179.7, 'train/efficiency': 26.3, 'train/forward_time_percent': 8.34, 'train/backward_time_percent': 17.52, 'train/optimizer_time_percent': 0.44, 'train/overhead_time_percent': 73.7, 'epoch': 2.230414746543779}
{'loss': 0.9674, 'learning_rate': 0.0001, 'grad_norm': 0.2796887457370758, 'train/tokens_per_sec': 1618.7041790333246, 'train/step_time': 20.243352938996395, 'train/mfu': 182.46, 'train/efficiency': 25.96, 'train/forward_time_percent': 8.41, 'train/backward_time_percent': 17.06, 'train/optimizer_time_percent': 0.49, 'train/overhead_time_percent': 74.04, 'epoch': 2.23963133640553}{'loss': 0.9674, 'learning_rate': 0.0001, 'grad_norm': 0.2796887457370758, 'train/tokens_per_sec': 1618.9741035290824, 'train/step_time': 20.239977852994343, 'train/mfu': 178.18, 'train/efficiency': 26.59, 'train/forward_time_percent': 8.45, 'train/backward_time_percent': 17.63, 'train/optimizer_time_percent': 0.5, 'train/overhead_time_percent': 73.41, 'epoch': 2.23963133640553}

{'loss': 1.3353, 'learning_rate': 0.0001, 'grad_norm': 0.32168811559677124, 'train/tokens_per_sec': 1618.573879112226, 'train/step_time': 20.24498258798849, 'train/mfu': 183.62, 'train/efficiency': 25.82, 'train/forward_time_percent': 8.46, 'train/backward_time_percent': 16.85, 'train/optimizer_time_percent': 0.52, 'train/overhead_time_percent': 74.18, 'epoch': 2.248847926267281}
{'loss': 1.3353, 'learning_rate': 0.0001, 'grad_norm': 0.32168811559677124, 'train/tokens_per_sec': 1618.5818075714565, 'train/step_time': 20.244883419989492, 'train/mfu': 174.96, 'train/efficiency': 27.09, 'train/forward_time_percent': 8.64, 'train/backward_time_percent': 17.92, 'train/optimizer_time_percent': 0.53, 'train/overhead_time_percent': 72.91, 'epoch': 2.248847926267281}
{'loss': 1.209, 'learning_rate': 0.0001, 'grad_norm': 0.3032737374305725, 'train/tokens_per_sec': 1618.2037407244138, 'train/step_time': 20.249613306004903, 'train/mfu': 180.1, 'train/efficiency': 26.23, 'train/forward_time_percent': 8.46, 'train/backward_time_percent': 17.34, 'train/optimizer_time_percent': 0.44, 'train/overhead_time_percent': 73.77, 'epoch': 2.258064516129032}
{'loss': 1.209, 'learning_rate': 0.0001, 'grad_norm': 0.3032737374305725, 'train/tokens_per_sec': 1618.0617721507424, 'train/step_time': 20.25139000499621, 'train/mfu': 180.39, 'train/efficiency': 26.27, 'train/forward_time_percent': 8.51, 'train/backward_time_percent': 17.25, 'train/optimizer_time_percent': 0.52, 'train/overhead_time_percent': 73.73, 'epoch': 2.258064516129032}
{'loss': 1.0838, 'learning_rate': 0.0001, 'grad_norm': 0.26438507437705994, 'train/tokens_per_sec': 1618.4892850123852, 'train/step_time': 20.246040739002638, 'train/mfu': 184.35, 'train/efficiency': 25.7, 'train/forward_time_percent': 8.28, 'train/backward_time_percent': 16.93, 'train/optimizer_time_percent': 0.49, 'train/overhead_time_percent': 74.3, 'epoch': 2.2672811059907834}
{'loss': 1.0838, 'learning_rate': 0.0001, 'grad_norm': 0.26438507437705994, 'train/tokens_per_sec': 1618.3796032841706, 'train/step_time': 20.24741286500648, 'train/mfu': 178.3, 'train/efficiency': 26.59, 'train/forward_time_percent': 8.52, 'train/backward_time_percent': 17.54, 'train/optimizer_time_percent': 0.53, 'train/overhead_time_percent': 73.41, 'epoch': 2.2672811059907834}
{'loss': 1.2139, 'learning_rate': 0.0001, 'grad_norm': 0.338270366191864, 'train/tokens_per_sec': 1619.9965373677103, 'train/step_time': 20.227203728005406, 'train/mfu': 176.04, 'train/efficiency': 26.93, 'train/forward_time_percent': 8.53, 'train/backward_time_percent': 17.89, 'train/optimizer_time_percent': 0.51, 'train/overhead_time_percent': 73.07, 'epoch': 2.2764976958525347}{'loss': 1.2139, 'learning_rate': 0.0001, 'grad_norm': 0.338270366191864, 'train/tokens_per_sec': 1619.9231453457483, 'train/step_time': 20.228120138999657, 'train/mfu': 183.74, 'train/efficiency': 25.84, 'train/forward_time_percent': 8.36, 'train/backward_time_percent': 16.95, 'train/optimizer_time_percent': 0.53, 'train/overhead_time_percent': 74.16, 'epoch': 2.2764976958525347}

{'loss': 0.9847, 'learning_rate': 0.0001, 'grad_norm': 0.2835462689399719, 'train/tokens_per_sec': 1618.2952161890241, 'train/step_time': 20.24846868000168, 'train/mfu': 179.88, 'train/efficiency': 26.31, 'train/forward_time_percent': 8.54, 'train/backward_time_percent': 17.29, 'train/optimizer_time_percent': 0.48, 'train/overhead_time_percent': 73.69, 'epoch': 2.2857142857142856}
{'loss': 0.9847, 'learning_rate': 0.0001, 'grad_norm': 0.2835462689399719, 'train/tokens_per_sec': 1618.2849948075848, 'train/step_time': 20.248596573001123, 'train/mfu': 178.9, 'train/efficiency': 26.47, 'train/forward_time_percent': 8.34, 'train/backward_time_percent': 17.63, 'train/optimizer_time_percent': 0.5, 'train/overhead_time_percent': 73.53, 'epoch': 2.2857142857142856}
  step   250  loss   1.0658  |     9159.3 ms
{'loss': 1.0658, 'learning_rate': 0.0001, 'grad_norm': 0.2470952868461609, 'train/tokens_per_sec': 1618.9553134684206, 'train/step_time': 20.24021276399435, 'train/mfu': 181.63, 'train/efficiency': 26.03, 'train/forward_time_percent': 8.48, 'train/backward_time_percent': 17.11, 'train/optimizer_time_percent': 0.44, 'train/overhead_time_percent': 73.97, 'epoch': 2.294930875576037}
{'loss': 1.0658, 'learning_rate': 0.0001, 'grad_norm': 0.2470952868461609, 'train/tokens_per_sec': 1618.880335622401, 'train/step_time': 20.241150181987905, 'train/mfu': 178.84, 'train/efficiency': 26.51, 'train/forward_time_percent': 8.25, 'train/backward_time_percent': 17.74, 'train/optimizer_time_percent': 0.52, 'train/overhead_time_percent': 73.49, 'epoch': 2.294930875576037}
{'loss': 1.121, 'learning_rate': 0.0001, 'grad_norm': 0.3293852210044861, 'train/tokens_per_sec': 1618.193032796799, 'train/step_time': 20.249747302004835, 'train/mfu': 182.12, 'train/efficiency': 26.03, 'train/forward_time_percent': 8.35, 'train/backward_time_percent': 17.16, 'train/optimizer_time_percent': 0.52, 'train/overhead_time_percent': 73.97, 'epoch': 2.3041474654377883}
{'loss': 1.121, 'learning_rate': 0.0001, 'grad_norm': 0.3293852210044861, 'train/tokens_per_sec': 1618.4214324744103, 'train/step_time': 20.24688955700549, 'train/mfu': 176.62, 'train/efficiency': 26.76, 'train/forward_time_percent': 8.83, 'train/backward_time_percent': 17.48, 'train/optimizer_time_percent': 0.46, 'train/overhead_time_percent': 73.24, 'epoch': 2.3041474654377883}
{'loss': 0.964, 'learning_rate': 0.0001, 'grad_norm': 0.24434441328048706, 'train/tokens_per_sec': 1619.4173576667663, 'train/step_time': 20.23443792600301, 'train/mfu': 181.72, 'train/efficiency': 26.04, 'train/forward_time_percent': 8.1, 'train/backward_time_percent': 17.48, 'train/optimizer_time_percent': 0.45, 'train/overhead_time_percent': 73.96, 'epoch': 2.313364055299539}
{'loss': 0.964, 'learning_rate': 0.0001, 'grad_norm': 0.24434441328048706, 'train/tokens_per_sec': 1619.441881667964, 'train/step_time': 20.234131506003905, 'train/mfu': 184.25, 'train/efficiency': 25.75, 'train/forward_time_percent': 8.28, 'train/backward_time_percent': 16.95, 'train/optimizer_time_percent': 0.52, 'train/overhead_time_percent': 74.25, 'epoch': 2.313364055299539}
{'loss': 1.1678, 'learning_rate': 0.0001, 'grad_norm': 0.27770310640335083, 'train/tokens_per_sec': 1619.0288082037478, 'train/step_time': 20.23929397300526, 'train/mfu': 174.12, 'train/efficiency': 27.23, 'train/forward_time_percent': 8.74, 'train/backward_time_percent': 17.96, 'train/optimizer_time_percent': 0.53, 'train/overhead_time_percent': 72.77, 'epoch': 2.3225806451612905}
{'loss': 1.1678, 'learning_rate': 0.0001, 'grad_norm': 0.27770310640335083, 'train/tokens_per_sec': 1618.811985329088, 'train/step_time': 20.24200481400476, 'train/mfu': 188.36, 'train/efficiency': 25.16, 'train/forward_time_percent': 8.23, 'train/backward_time_percent': 16.44, 'train/optimizer_time_percent': 0.48, 'train/overhead_time_percent': 74.84, 'epoch': 2.3225806451612905}
{'loss': 1.0842, 'learning_rate': 0.0001, 'grad_norm': 0.3086957335472107, 'train/tokens_per_sec': 1618.235498302959, 'train/step_time': 20.24921591101156, 'train/mfu': 173.42, 'train/efficiency': 27.27, 'train/forward_time_percent': 8.55, 'train/backward_time_percent': 18.24, 'train/optimizer_time_percent': 0.48, 'train/overhead_time_percent': 72.73, 'epoch': 2.3317972350230414}
{'loss': 1.0842, 'learning_rate': 0.0001, 'grad_norm': 0.3086957335472107, 'train/tokens_per_sec': 1618.193630937409, 'train/step_time': 20.249739816994406, 'train/mfu': 185.41, 'train/efficiency': 25.58, 'train/forward_time_percent': 8.07, 'train/backward_time_percent': 16.99, 'train/optimizer_time_percent': 0.52, 'train/overhead_time_percent': 74.42, 'epoch': 2.3317972350230414}
{'loss': 1.0727, 'learning_rate': 0.0001, 'grad_norm': 0.2810858488082886, 'train/tokens_per_sec': 1619.2321714183863, 'train/step_time': 20.236752071999945, 'train/mfu': 174.03, 'train/efficiency': 27.24, 'train/forward_time_percent': 8.59, 'train/backward_time_percent': 18.12, 'train/optimizer_time_percent': 0.53, 'train/overhead_time_percent': 72.76, 'epoch': 2.3410138248847927}
{'loss': 1.0727, 'learning_rate': 0.0001, 'grad_norm': 0.2810858488082886, 'train/tokens_per_sec': 1619.1358570583607, 'train/step_time': 20.23795585599146, 'train/mfu': 182.09, 'train/efficiency': 26.02, 'train/forward_time_percent': 8.3, 'train/backward_time_percent': 17.22, 'train/optimizer_time_percent': 0.49, 'train/overhead_time_percent': 73.98, 'epoch': 2.3410138248847927}
{'loss': 1.2305, 'learning_rate': 0.0001, 'grad_norm': 0.29165589809417725, 'train/tokens_per_sec': 1618.2909630794493, 'train/step_time': 20.24852189599187, 'train/mfu': 181.54, 'train/efficiency': 26.1, 'train/forward_time_percent': 8.28, 'train/backward_time_percent': 17.31, 'train/optimizer_time_percent': 0.51, 'train/overhead_time_percent': 73.9, 'epoch': 2.3502304147465436}
{'loss': 1.2305, 'learning_rate': 0.0001, 'grad_norm': 0.29165589809417725, 'train/tokens_per_sec': 1618.2455789649978, 'train/step_time': 20.249089771008585, 'train/mfu': 182.01, 'train/efficiency': 25.98, 'train/forward_time_percent': 8.26, 'train/backward_time_percent': 17.27, 'train/optimizer_time_percent': 0.45, 'train/overhead_time_percent': 74.02, 'epoch': 2.3502304147465436}
{'loss': 1.0477, 'learning_rate': 0.0001, 'grad_norm': 0.2835361361503601, 'train/tokens_per_sec': 1620.678480146399, 'train/step_time': 20.218692604001262, 'train/mfu': 180.71, 'train/efficiency': 26.23, 'train/forward_time_percent': 8.45, 'train/backward_time_percent': 17.3, 'train/optimizer_time_percent': 0.48, 'train/overhead_time_percent': 73.77, 'epoch': 2.359447004608295}
{'loss': 1.0477, 'learning_rate': 0.0001, 'grad_norm': 0.2835361361503601, 'train/tokens_per_sec': 1620.7268267003328, 'train/step_time': 20.218089476999012, 'train/mfu': 177.01, 'train/efficiency': 26.76, 'train/forward_time_percent': 8.68, 'train/backward_time_percent': 17.61, 'train/optimizer_time_percent': 0.47, 'train/overhead_time_percent': 73.24, 'epoch': 2.359447004608295}
{'loss': 1.1711, 'learning_rate': 0.0001, 'grad_norm': 0.3151915669441223, 'train/tokens_per_sec': 1618.8927281643437, 'train/step_time': 20.240995237007155, 'train/mfu': 176.7, 'train/efficiency': 26.76, 'train/forward_time_percent': 8.56, 'train/backward_time_percent': 17.74, 'train/optimizer_time_percent': 0.46, 'train/overhead_time_percent': 73.24, 'epoch': 2.3686635944700463}
{'loss': 1.1711, 'learning_rate': 0.0001, 'grad_norm': 0.3151915669441223, 'train/tokens_per_sec': 1618.9449782439906, 'train/step_time': 20.240341976008494, 'train/mfu': 178.14, 'train/efficiency': 26.62, 'train/forward_time_percent': 8.51, 'train/backward_time_percent': 17.59, 'train/optimizer_time_percent': 0.53, 'train/overhead_time_percent': 73.38, 'epoch': 2.3686635944700463}
{'loss': 1.0934, 'learning_rate': 0.0001, 'grad_norm': 0.283073753118515, 'train/tokens_per_sec': 1618.6033803315331, 'train/step_time': 20.244613596005365, 'train/mfu': 180.68, 'train/efficiency': 26.16, 'train/forward_time_percent': 8.49, 'train/backward_time_percent': 17.23, 'train/optimizer_time_percent': 0.44, 'train/overhead_time_percent': 73.84, 'epoch': 2.377880184331797}
{'loss': 1.0934, 'learning_rate': 0.0001, 'grad_norm': 0.283073753118515, 'train/tokens_per_sec': 1618.4431665894504, 'train/step_time': 20.246617661003256, 'train/mfu': 176.7, 'train/efficiency': 26.82, 'train/forward_time_percent': 8.36, 'train/backward_time_percent': 17.94, 'train/optimizer_time_percent': 0.52, 'train/overhead_time_percent': 73.18, 'epoch': 2.377880184331797}
{'loss': 1.0602, 'learning_rate': 0.0001, 'grad_norm': 0.2598133981227875, 'train/tokens_per_sec': 1619.033506044871, 'train/step_time': 20.239235246001044, 'train/mfu': 176.53, 'train/efficiency': 26.86, 'train/forward_time_percent': 8.36, 'train/backward_time_percent': 17.97, 'train/optimizer_time_percent': 0.53, 'train/overhead_time_percent': 73.14, 'epoch': 2.3870967741935485}
  step   260  loss   1.0602  |     9163.6 ms
{'loss': 1.0602, 'learning_rate': 0.0001, 'grad_norm': 0.2598133981227875, 'train/tokens_per_sec': 1618.9607252512717, 'train/step_time': 20.240145105999545, 'train/mfu': 180.19, 'train/efficiency': 26.27, 'train/forward_time_percent': 8.23, 'train/backward_time_percent': 17.57, 'train/optimizer_time_percent': 0.47, 'train/overhead_time_percent': 73.73, 'epoch': 2.3870967741935485}
{'loss': 0.9644, 'learning_rate': 0.0001, 'grad_norm': 0.2570348381996155, 'train/tokens_per_sec': 1619.1057590486964, 'train/step_time': 20.23833206501149, 'train/mfu': 178.13, 'train/efficiency': 26.54, 'train/forward_time_percent': 8.55, 'train/backward_time_percent': 17.55, 'train/optimizer_time_percent': 0.44, 'train/overhead_time_percent': 73.46, 'epoch': 2.3963133640552994}
{'loss': 0.9644, 'learning_rate': 0.0001, 'grad_norm': 0.2570348381996155, 'train/tokens_per_sec': 1619.0541843239457, 'train/step_time': 20.23897675400076, 'train/mfu': 174.25, 'train/efficiency': 27.21, 'train/forward_time_percent': 8.71, 'train/backward_time_percent': 17.96, 'train/optimizer_time_percent': 0.53, 'train/overhead_time_percent': 72.79, 'epoch': 2.3963133640552994}
{'loss': 1.0597, 'learning_rate': 0.0001, 'grad_norm': 0.28051313757896423, 'train/tokens_per_sec': 1617.955406433612, 'train/step_time': 20.252721348006162, 'train/mfu': 176.75, 'train/efficiency': 26.81, 'train/forward_time_percent': 8.45, 'train/backward_time_percent': 17.83, 'train/optimizer_time_percent': 0.53, 'train/overhead_time_percent': 73.19, 'epoch': 2.4055299539170507}{'loss': 1.0597, 'learning_rate': 0.0001, 'grad_norm': 0.28051313757896423, 'train/tokens_per_sec': 1617.9218928696796, 'train/step_time': 20.253140861997963, 'train/mfu': 180.18, 'train/efficiency': 26.21, 'train/forward_time_percent': 8.21, 'train/backward_time_percent': 17.57, 'train/optimizer_time_percent': 0.44, 'train/overhead_time_percent': 73.79, 'epoch': 2.4055299539170507}

{'loss': 1.1294, 'learning_rate': 0.0001, 'grad_norm': 0.30710652470588684, 'train/tokens_per_sec': 1618.7857164951708, 'train/step_time': 20.242333290996612, 'train/mfu': 180.28, 'train/efficiency': 26.26, 'train/forward_time_percent': 8.31, 'train/backward_time_percent': 17.47, 'train/optimizer_time_percent': 0.48, 'train/overhead_time_percent': 73.74, 'epoch': 2.4147465437788016}
{'loss': 1.1294, 'learning_rate': 0.0001, 'grad_norm': 0.30710652470588684, 'train/tokens_per_sec': 1618.6526793806277, 'train/step_time': 20.243997009005398, 'train/mfu': 178.67, 'train/efficiency': 26.46, 'train/forward_time_percent': 8.58, 'train/backward_time_percent': 17.43, 'train/optimizer_time_percent': 0.45, 'train/overhead_time_percent': 73.54, 'epoch': 2.4147465437788016}
{'loss': 1.1128, 'learning_rate': 0.0001, 'grad_norm': 0.3043062686920166, 'train/tokens_per_sec': 1618.1644006793329, 'train/step_time': 20.250105604995042, 'train/mfu': 182.02, 'train/efficiency': 26.06, 'train/forward_time_percent': 8.41, 'train/backward_time_percent': 17.11, 'train/optimizer_time_percent': 0.53, 'train/overhead_time_percent': 73.94, 'epoch': 2.423963133640553}
{'loss': 1.1128, 'learning_rate': 0.0001, 'grad_norm': 0.3043062686920166, 'train/tokens_per_sec': 1618.334862716735, 'train/step_time': 20.24797262600623, 'train/mfu': 179.17, 'train/efficiency': 26.42, 'train/forward_time_percent': 8.49, 'train/backward_time_percent': 17.44, 'train/optimizer_time_percent': 0.48, 'train/overhead_time_percent': 73.58, 'epoch': 2.423963133640553}
{'loss': 1.563, 'learning_rate': 0.0001, 'grad_norm': 0.2884971797466278, 'train/tokens_per_sec': 1617.5848773579653, 'train/step_time': 20.257360500007053, 'train/mfu': 179.74, 'train/efficiency': 26.36, 'train/forward_time_percent': 8.19, 'train/backward_time_percent': 17.65, 'train/optimizer_time_percent': 0.52, 'train/overhead_time_percent': 73.64, 'epoch': 2.4331797235023043}{'loss': 1.563, 'learning_rate': 0.0001, 'grad_norm': 0.2884971797466278, 'train/tokens_per_sec': 1617.4668221074824, 'train/step_time': 20.258839039001032, 'train/mfu': 180.24, 'train/efficiency': 26.21, 'train/forward_time_percent': 8.37, 'train/backward_time_percent': 17.4, 'train/optimizer_time_percent': 0.44, 'train/overhead_time_percent': 73.79, 'epoch': 2.4331797235023043}

{'loss': 0.8294, 'learning_rate': 0.0001, 'grad_norm': 0.2731659412384033, 'train/tokens_per_sec': 1619.0485244869565, 'train/step_time': 20.239047505005146, 'train/mfu': 183.42, 'train/efficiency': 25.83, 'train/forward_time_percent': 8.28, 'train/backward_time_percent': 17.06, 'train/optimizer_time_percent': 0.49, 'train/overhead_time_percent': 74.17, 'epoch': 2.442396313364055}
{'loss': 0.8294, 'learning_rate': 0.0001, 'grad_norm': 0.2731659412384033, 'train/tokens_per_sec': 1619.3468709462632, 'train/step_time': 20.23531868799182, 'train/mfu': 176.5, 'train/efficiency': 26.82, 'train/forward_time_percent': 8.43, 'train/backward_time_percent': 17.91, 'train/optimizer_time_percent': 0.48, 'train/overhead_time_percent': 73.18, 'epoch': 2.442396313364055}
{'loss': 1.1379, 'learning_rate': 0.0001, 'grad_norm': 0.3013259768486023, 'train/tokens_per_sec': 1618.2434391122874, 'train/step_time': 20.249116546998266, 'train/mfu': 180.58, 'train/efficiency': 26.25, 'train/forward_time_percent': 8.16, 'train/backward_time_percent': 17.57, 'train/optimizer_time_percent': 0.52, 'train/overhead_time_percent': 73.75, 'epoch': 2.4516129032258065}
{'loss': 1.1379, 'learning_rate': 0.0001, 'grad_norm': 0.3013259768486023, 'train/tokens_per_sec': 1618.4128275897856, 'train/step_time': 20.24699720701028, 'train/mfu': 183.61, 'train/efficiency': 25.83, 'train/forward_time_percent': 8.07, 'train/backward_time_percent': 17.24, 'train/optimizer_time_percent': 0.52, 'train/overhead_time_percent': 74.17, 'epoch': 2.4516129032258065}
{'loss': 1.1611, 'learning_rate': 0.0001, 'grad_norm': 0.2766392230987549, 'train/tokens_per_sec': 1619.7381543783285, 'train/step_time': 20.230430401003105, 'train/mfu': 179.47, 'train/efficiency': 26.43, 'train/forward_time_percent': 8.64, 'train/backward_time_percent': 17.28, 'train/optimizer_time_percent': 0.52, 'train/overhead_time_percent': 73.57, 'epoch': 2.460829493087558}
{'loss': 1.1611, 'learning_rate': 0.0001, 'grad_norm': 0.2766392230987549, 'train/tokens_per_sec': 1619.847403755403, 'train/step_time': 20.229065974999685, 'train/mfu': 178.32, 'train/efficiency': 26.61, 'train/forward_time_percent': 8.54, 'train/backward_time_percent': 17.54, 'train/optimizer_time_percent': 0.53, 'train/overhead_time_percent': 73.39, 'epoch': 2.460829493087558}
{'loss': 1.1327, 'learning_rate': 0.0001, 'grad_norm': 0.2953774631023407, 'train/tokens_per_sec': 1618.4259952190673, 'train/step_time': 20.246832475997508, 'train/mfu': 178.22, 'train/efficiency': 26.6, 'train/forward_time_percent': 8.56, 'train/backward_time_percent': 17.51, 'train/optimizer_time_percent': 0.53, 'train/overhead_time_percent': 73.4, 'epoch': 2.4700460829493087}
{'loss': 1.1327, 'learning_rate': 0.0001, 'grad_norm': 0.2953774631023407, 'train/tokens_per_sec': 1618.3574139280533, 'train/step_time': 20.247690478005097, 'train/mfu': 181.52, 'train/efficiency': 26.06, 'train/forward_time_percent': 8.07, 'train/backward_time_percent': 17.53, 'train/optimizer_time_percent': 0.46, 'train/overhead_time_percent': 73.94, 'epoch': 2.4700460829493087}
{'loss': 0.9928, 'learning_rate': 0.0001, 'grad_norm': 0.3152681291103363, 'train/tokens_per_sec': 1618.2836735576686, 'train/step_time': 20.248613104995457, 'train/mfu': 177.04, 'train/efficiency': 26.77, 'train/forward_time_percent': 8.5, 'train/backward_time_percent': 17.75, 'train/optimizer_time_percent': 0.52, 'train/overhead_time_percent': 73.23, 'epoch': 2.47926267281106}
  step   270  loss   0.9928  |     9163.1 ms
{'loss': 0.9928, 'learning_rate': 0.0001, 'grad_norm': 0.3152681291103363, 'train/tokens_per_sec': 1618.29479508078, 'train/step_time': 20.2484739490028, 'train/mfu': 176.81, 'train/efficiency': 26.72, 'train/forward_time_percent': 8.64, 'train/backward_time_percent': 17.64, 'train/optimizer_time_percent': 0.44, 'train/overhead_time_percent': 73.28, 'epoch': 2.47926267281106}
{'loss': 1.2651, 'learning_rate': 0.0001, 'grad_norm': 0.27799639105796814, 'train/tokens_per_sec': 1618.7622598626483, 'train/step_time': 20.242626612001914, 'train/mfu': 177.97, 'train/efficiency': 26.56, 'train/forward_time_percent': 8.4, 'train/backward_time_percent': 17.72, 'train/optimizer_time_percent': 0.45, 'train/overhead_time_percent': 73.44, 'epoch': 2.488479262672811}
{'loss': 1.2651, 'learning_rate': 0.0001, 'grad_norm': 0.27799639105796814, 'train/tokens_per_sec': 1618.8554880820989, 'train/step_time': 20.241460859993822, 'train/mfu': 180.94, 'train/efficiency': 26.22, 'train/forward_time_percent': 8.3, 'train/backward_time_percent': 17.39, 'train/optimizer_time_percent': 0.53, 'train/overhead_time_percent': 73.78, 'epoch': 2.488479262672811}
{'loss': 1.0935, 'learning_rate': 0.0001, 'grad_norm': 0.3051368296146393, 'train/tokens_per_sec': 1618.4314685314673, 'train/step_time': 20.24676400399767, 'train/mfu': 178.46, 'train/efficiency': 26.55, 'train/forward_time_percent': 8.58, 'train/backward_time_percent': 17.45, 'train/optimizer_time_percent': 0.51, 'train/overhead_time_percent': 73.45, 'epoch': 2.4976958525345623}
{'loss': 1.0935, 'learning_rate': 0.0001, 'grad_norm': 0.3051368296146393, 'train/tokens_per_sec': 1618.3965571359122, 'train/step_time': 20.24720075899677, 'train/mfu': 182.78, 'train/efficiency': 25.94, 'train/forward_time_percent': 8.34, 'train/backward_time_percent': 17.08, 'train/optimizer_time_percent': 0.52, 'train/overhead_time_percent': 74.06, 'epoch': 2.4976958525345623}
{'loss': 1.2413, 'learning_rate': 0.0001, 'grad_norm': 0.311166912317276, 'train/tokens_per_sec': 1618.3382119333103, 'train/step_time': 20.24793072200555, 'train/mfu': 180.18, 'train/efficiency': 26.3, 'train/forward_time_percent': 8.4, 'train/backward_time_percent': 17.39, 'train/optimizer_time_percent': 0.51, 'train/overhead_time_percent': 73.7, 'epoch': 2.506912442396313}
{'loss': 1.2413, 'learning_rate': 0.0001, 'grad_norm': 0.311166912317276, 'train/tokens_per_sec': 1618.214104684729, 'train/step_time': 20.249483616004, 'train/mfu': 178.73, 'train/efficiency': 26.52, 'train/forward_time_percent': 8.74, 'train/backward_time_percent': 17.25, 'train/optimizer_time_percent': 0.53, 'train/overhead_time_percent': 73.48, 'epoch': 2.506912442396313}
{'loss': 1.199, 'learning_rate': 0.0001, 'grad_norm': 0.339648574590683, 'train/tokens_per_sec': 1618.5167098052902, 'train/step_time': 20.24569768201036, 'train/mfu': 175.63, 'train/efficiency': 26.99, 'train/forward_time_percent': 8.51, 'train/backward_time_percent': 17.94, 'train/optimizer_time_percent': 0.54, 'train/overhead_time_percent': 73.01, 'epoch': 2.5161290322580645}
{'loss': 1.199, 'learning_rate': 0.0001, 'grad_norm': 0.339648574590683, 'train/tokens_per_sec': 1618.425481637881, 'train/step_time': 20.246838901002775, 'train/mfu': 182.53, 'train/efficiency': 25.92, 'train/forward_time_percent': 8.36, 'train/backward_time_percent': 17.09, 'train/optimizer_time_percent': 0.46, 'train/overhead_time_percent': 74.08, 'epoch': 2.5161290322580645}
{'loss': 1.26, 'learning_rate': 0.0001, 'grad_norm': 0.36222970485687256, 'train/tokens_per_sec': 1618.8855780656056, 'train/step_time': 20.241084634995786, 'train/mfu': 184.29, 'train/efficiency': 25.74, 'train/forward_time_percent': 8.2, 'train/backward_time_percent': 17.02, 'train/optimizer_time_percent': 0.52, 'train/overhead_time_percent': 74.26, 'epoch': 2.525345622119816}
{'loss': 1.26, 'learning_rate': 0.0001, 'grad_norm': 0.36222970485687256, 'train/tokens_per_sec': 1618.9972170588908, 'train/step_time': 20.239688898000168, 'train/mfu': 177.54, 'train/efficiency': 26.64, 'train/forward_time_percent': 8.6, 'train/backward_time_percent': 17.58, 'train/optimizer_time_percent': 0.46, 'train/overhead_time_percent': 73.36, 'epoch': 2.525345622119816}
{'loss': 1.1813, 'learning_rate': 0.0001, 'grad_norm': 0.29106247425079346, 'train/tokens_per_sec': 1617.9409803349608, 'train/step_time': 20.252901927990024, 'train/mfu': 179.43, 'train/efficiency': 26.34, 'train/forward_time_percent': 8.24, 'train/backward_time_percent': 17.65, 'train/optimizer_time_percent': 0.45, 'train/overhead_time_percent': 73.66, 'epoch': 2.5345622119815667}
{'loss': 1.1813, 'learning_rate': 0.0001, 'grad_norm': 0.29106247425079346, 'train/tokens_per_sec': 1617.7522224902834, 'train/step_time': 20.2552650180005, 'train/mfu': 184.71, 'train/efficiency': 25.66, 'train/forward_time_percent': 8.35, 'train/backward_time_percent': 16.8, 'train/optimizer_time_percent': 0.52, 'train/overhead_time_percent': 74.34, 'epoch': 2.5345622119815667}
{'loss': 1.2731, 'learning_rate': 0.0001, 'grad_norm': 0.25809577107429504, 'train/tokens_per_sec': 1618.2498083409275, 'train/step_time': 20.249036849010736, 'train/mfu': 185.35, 'train/efficiency': 25.58, 'train/forward_time_percent': 8.24, 'train/backward_time_percent': 16.83, 'train/optimizer_time_percent': 0.52, 'train/overhead_time_percent': 74.42, 'epoch': 2.543778801843318}
{'loss': 1.2731, 'learning_rate': 0.0001, 'grad_norm': 0.25809577107429504, 'train/tokens_per_sec': 1618.1971536181047, 'train/step_time': 20.24969573499402, 'train/mfu': 177.16, 'train/efficiency': 26.75, 'train/forward_time_percent': 8.71, 'train/backward_time_percent': 17.52, 'train/optimizer_time_percent': 0.53, 'train/overhead_time_percent': 73.25, 'epoch': 2.543778801843318}
{'loss': 1.1077, 'learning_rate': 0.0001, 'grad_norm': 0.31536614894866943, 'train/tokens_per_sec': 1618.382988974808, 'train/step_time': 20.247370507000596, 'train/mfu': 178.99, 'train/efficiency': 26.5, 'train/forward_time_percent': 8.33, 'train/backward_time_percent': 17.63, 'train/optimizer_time_percent': 0.54, 'train/overhead_time_percent': 73.5, 'epoch': 2.5529953917050694}
{'loss': 1.1077, 'learning_rate': 0.0001, 'grad_norm': 0.31536614894866943, 'train/tokens_per_sec': 1618.2262643079973, 'train/step_time': 20.249331457991502, 'train/mfu': 177.2, 'train/efficiency': 26.67, 'train/forward_time_percent': 8.63, 'train/backward_time_percent': 17.59, 'train/optimizer_time_percent': 0.45, 'train/overhead_time_percent': 73.33, 'epoch': 2.5529953917050694}
{'loss': 1.1206, 'learning_rate': 0.0001, 'grad_norm': 0.3725931644439697, 'train/tokens_per_sec': 1619.0038982716671, 'train/step_time': 20.239605374008534, 'train/mfu': 185.5, 'train/efficiency': 25.55, 'train/forward_time_percent': 8.2, 'train/backward_time_percent': 16.86, 'train/optimizer_time_percent': 0.5, 'train/overhead_time_percent': 74.45, 'epoch': 2.5622119815668203}
{'loss': 1.1206, 'learning_rate': 0.0001, 'grad_norm': 0.3725931644439697, 'train/tokens_per_sec': 1618.8441106044352, 'train/step_time': 20.241603119997308, 'train/mfu': 174.57, 'train/efficiency': 27.14, 'train/forward_time_percent': 8.62, 'train/backward_time_percent': 18.0, 'train/optimizer_time_percent': 0.52, 'train/overhead_time_percent': 72.86, 'epoch': 2.5622119815668203}
  step   280  loss   1.0973  |     9168.6 ms
{'loss': 1.0973, 'learning_rate': 0.0001, 'grad_norm': 0.32350313663482666, 'train/tokens_per_sec': 1619.2822731240703, 'train/step_time': 20.236125932991854, 'train/mfu': 176.7, 'train/efficiency': 26.81, 'train/forward_time_percent': 8.54, 'train/backward_time_percent': 17.77, 'train/optimizer_time_percent': 0.5, 'train/overhead_time_percent': 73.19, 'epoch': 2.571428571428571}{'loss': 1.0973, 'learning_rate': 0.0001, 'grad_norm': 0.32350313663482666, 'train/tokens_per_sec': 1619.4403775688122, 'train/step_time': 20.234150299002067, 'train/mfu': 180.64, 'train/efficiency': 26.25, 'train/forward_time_percent': 8.18, 'train/backward_time_percent': 17.56, 'train/optimizer_time_percent': 0.51, 'train/overhead_time_percent': 73.75, 'epoch': 2.571428571428571}

{'loss': 1.0117, 'learning_rate': 0.0001, 'grad_norm': 0.3009718954563141, 'train/tokens_per_sec': 1617.7235626815839, 'train/step_time': 20.255623863005894, 'train/mfu': 178.48, 'train/efficiency': 26.55, 'train/forward_time_percent': 8.45, 'train/backward_time_percent': 17.58, 'train/optimizer_time_percent': 0.53, 'train/overhead_time_percent': 73.45, 'epoch': 2.5806451612903225}
{'loss': 1.0117, 'learning_rate': 0.0001, 'grad_norm': 0.3009718954563141, 'train/tokens_per_sec': 1617.5909858776943, 'train/step_time': 20.257284002000233, 'train/mfu': 179.56, 'train/efficiency': 26.31, 'train/forward_time_percent': 8.15, 'train/backward_time_percent': 17.71, 'train/optimizer_time_percent': 0.44, 'train/overhead_time_percent': 73.69, 'epoch': 2.5806451612903225}
{'loss': 1.2343, 'learning_rate': 0.0001, 'grad_norm': 0.4224631190299988, 'train/tokens_per_sec': 1617.5666245812934, 'train/step_time': 20.257589086002554, 'train/mfu': 176.45, 'train/efficiency': 26.78, 'train/forward_time_percent': 8.57, 'train/backward_time_percent': 17.75, 'train/optimizer_time_percent': 0.46, 'train/overhead_time_percent': 73.22, 'epoch': 2.589861751152074}
{'loss': 1.2343, 'learning_rate': 0.0001, 'grad_norm': 0.4224631190299988, 'train/tokens_per_sec': 1617.6044768786335, 'train/step_time': 20.257115054002497, 'train/mfu': 180.88, 'train/efficiency': 26.15, 'train/forward_time_percent': 8.4, 'train/backward_time_percent': 17.27, 'train/optimizer_time_percent': 0.47, 'train/overhead_time_percent': 73.85, 'epoch': 2.589861751152074}
{'loss': 1.2869, 'learning_rate': 0.0001, 'grad_norm': 0.3379439413547516, 'train/tokens_per_sec': 1619.1668917176487, 'train/step_time': 20.237567953998223, 'train/mfu': 184.42, 'train/efficiency': 25.72, 'train/forward_time_percent': 8.4, 'train/backward_time_percent': 16.81, 'train/optimizer_time_percent': 0.51, 'train/overhead_time_percent': 74.28, 'epoch': 2.5990783410138247}
{'loss': 1.2869, 'learning_rate': 0.0001, 'grad_norm': 0.3379439413547516, 'train/tokens_per_sec': 1619.0943825349498, 'train/step_time': 20.238474268990103, 'train/mfu': 180.25, 'train/efficiency': 26.28, 'train/forward_time_percent': 8.72, 'train/backward_time_percent': 17.07, 'train/optimizer_time_percent': 0.5, 'train/overhead_time_percent': 73.72, 'epoch': 2.5990783410138247}
{'loss': 1.1265, 'learning_rate': 0.0001, 'grad_norm': 0.2812916934490204, 'train/tokens_per_sec': 1618.4034967701339, 'train/step_time': 20.247113940000418, 'train/mfu': 182.18, 'train/efficiency': 26.03, 'train/forward_time_percent': 8.27, 'train/backward_time_percent': 17.24, 'train/optimizer_time_percent': 0.53, 'train/overhead_time_percent': 73.97, 'epoch': 2.608294930875576}
{'loss': 1.1265, 'learning_rate': 0.0001, 'grad_norm': 0.2812916934490204, 'train/tokens_per_sec': 1618.666962975749, 'train/step_time': 20.243818369999644, 'train/mfu': 182.29, 'train/efficiency': 26.01, 'train/forward_time_percent': 8.54, 'train/backward_time_percent': 16.96, 'train/optimizer_time_percent': 0.52, 'train/overhead_time_percent': 73.99, 'epoch': 2.608294930875576}
{'loss': 1.0646, 'learning_rate': 0.0001, 'grad_norm': 0.26888588070869446, 'train/tokens_per_sec': 1618.172601535613, 'train/step_time': 20.250002977991244, 'train/mfu': 184.2, 'train/efficiency': 25.66, 'train/forward_time_percent': 8.1, 'train/backward_time_percent': 17.12, 'train/optimizer_time_percent': 0.44, 'train/overhead_time_percent': 74.34, 'epoch': 2.6175115207373274}{'loss': 1.0646, 'learning_rate': 0.0001, 'grad_norm': 0.26888588070869446, 'train/tokens_per_sec': 1618.3830355749405, 'train/step_time': 20.247369923992665, 'train/mfu': 174.41, 'train/efficiency': 27.16, 'train/forward_time_percent': 8.38, 'train/backward_time_percent': 18.26, 'train/optimizer_time_percent': 0.52, 'train/overhead_time_percent': 72.84, 'epoch': 2.6175115207373274}

{'loss': 1.2214, 'learning_rate': 0.0001, 'grad_norm': 0.33047038316726685, 'train/tokens_per_sec': 1619.461461225774, 'train/step_time': 20.23388687199622, 'train/mfu': 173.86, 'train/efficiency': 27.26, 'train/forward_time_percent': 8.52, 'train/backward_time_percent': 18.23, 'train/optimizer_time_percent': 0.52, 'train/overhead_time_percent': 72.74, 'epoch': 2.6267281105990783}
{'loss': 1.2214, 'learning_rate': 0.0001, 'grad_norm': 0.33047038316726685, 'train/tokens_per_sec': 1619.5254285950207, 'train/step_time': 20.233087682005134, 'train/mfu': 180.46, 'train/efficiency': 26.28, 'train/forward_time_percent': 8.35, 'train/backward_time_percent': 17.41, 'train/optimizer_time_percent': 0.51, 'train/overhead_time_percent': 73.72, 'epoch': 2.6267281105990783}
{'loss': 1.3041, 'learning_rate': 0.0001, 'grad_norm': 0.295961856842041, 'train/tokens_per_sec': 1619.0231505451984, 'train/step_time': 20.239364698994905, 'train/mfu': 179.75, 'train/efficiency': 26.35, 'train/forward_time_percent': 8.16, 'train/backward_time_percent': 17.7, 'train/optimizer_time_percent': 0.49, 'train/overhead_time_percent': 73.65, 'epoch': 2.6359447004608296}
{'loss': 1.3041, 'learning_rate': 0.0001, 'grad_norm': 0.295961856842041, 'train/tokens_per_sec': 1619.1132863057546, 'train/step_time': 20.23823797701334, 'train/mfu': 171.66, 'train/efficiency': 27.6, 'train/forward_time_percent': 8.52, 'train/backward_time_percent': 18.56, 'train/optimizer_time_percent': 0.51, 'train/overhead_time_percent': 72.4, 'epoch': 2.6359447004608296}
{'loss': 1.313, 'learning_rate': 0.0001, 'grad_norm': 0.29040372371673584, 'train/tokens_per_sec': 1618.7548716526949, 'train/step_time': 20.242719002009835, 'train/mfu': 180.19, 'train/efficiency': 26.25, 'train/forward_time_percent': 8.31, 'train/backward_time_percent': 17.48, 'train/optimizer_time_percent': 0.45, 'train/overhead_time_percent': 73.75, 'epoch': 2.6451612903225805}
{'loss': 1.313, 'learning_rate': 0.0001, 'grad_norm': 0.29040372371673584, 'train/tokens_per_sec': 1618.7754964330538, 'train/step_time': 20.242461090005236, 'train/mfu': 181.86, 'train/efficiency': 26.04, 'train/forward_time_percent': 8.27, 'train/backward_time_percent': 17.29, 'train/optimizer_time_percent': 0.48, 'train/overhead_time_percent': 73.96, 'epoch': 2.6451612903225805}
{'loss': 1.1176, 'learning_rate': 0.0001, 'grad_norm': 0.3021399974822998, 'train/tokens_per_sec': 1618.8732158628911, 'train/step_time': 20.24123920200509, 'train/mfu': 182.49, 'train/efficiency': 25.99, 'train/forward_time_percent': 8.4, 'train/backward_time_percent': 17.07, 'train/optimizer_time_percent': 0.52, 'train/overhead_time_percent': 74.01, 'epoch': 2.654377880184332}
{'loss': 1.1176, 'learning_rate': 0.0001, 'grad_norm': 0.3021399974822998, 'train/tokens_per_sec': 1618.7242205412551, 'train/step_time': 20.24310230500123, 'train/mfu': 177.56, 'train/efficiency': 26.7, 'train/forward_time_percent': 8.62, 'train/backward_time_percent': 17.56, 'train/optimizer_time_percent': 0.53, 'train/overhead_time_percent': 73.3, 'epoch': 2.654377880184332}
  step   290  loss   1.1788  |     9153.6 ms
{'loss': 1.1788, 'learning_rate': 0.0001, 'grad_norm': 0.27768778800964355, 'train/tokens_per_sec': 1619.4168324923864, 'train/step_time': 20.23444448800001, 'train/mfu': 176.65, 'train/efficiency': 26.83, 'train/forward_time_percent': 8.5, 'train/backward_time_percent': 17.82, 'train/optimizer_time_percent': 0.51, 'train/overhead_time_percent': 73.17, 'epoch': 2.6635944700460827}
{'loss': 1.1788, 'learning_rate': 0.0001, 'grad_norm': 0.27768778800964355, 'train/tokens_per_sec': 1619.2463848268603, 'train/step_time': 20.236574437993113, 'train/mfu': 184.87, 'train/efficiency': 25.59, 'train/forward_time_percent': 8.52, 'train/backward_time_percent': 16.62, 'train/optimizer_time_percent': 0.44, 'train/overhead_time_percent': 74.41, 'epoch': 2.6635944700460827}
{'loss': 1.1227, 'learning_rate': 0.0001, 'grad_norm': 0.28499096632003784, 'train/tokens_per_sec': 1618.4168540093644, 'train/step_time': 20.246946835002746, 'train/mfu': 175.94, 'train/efficiency': 26.89, 'train/forward_time_percent': 8.47, 'train/backward_time_percent': 17.94, 'train/optimizer_time_percent': 0.48, 'train/overhead_time_percent': 73.11, 'epoch': 2.672811059907834}
{'loss': 1.1227, 'learning_rate': 0.0001, 'grad_norm': 0.28499096632003784, 'train/tokens_per_sec': 1618.4465874779517, 'train/step_time': 20.246574866003357, 'train/mfu': 180.49, 'train/efficiency': 26.22, 'train/forward_time_percent': 8.51, 'train/backward_time_percent': 17.23, 'train/optimizer_time_percent': 0.47, 'train/overhead_time_percent': 73.78, 'epoch': 2.672811059907834}
{'loss': 0.9834, 'learning_rate': 0.0001, 'grad_norm': 0.2714630365371704, 'train/tokens_per_sec': 1618.0324065186287, 'train/step_time': 20.251757546997396, 'train/mfu': 178.62, 'train/efficiency': 26.54, 'train/forward_time_percent': 8.23, 'train/backward_time_percent': 17.78, 'train/optimizer_time_percent': 0.53, 'train/overhead_time_percent': 73.46, 'epoch': 2.6820276497695854}{'loss': 0.9834, 'learning_rate': 0.0001, 'grad_norm': 0.2714630365371704, 'train/tokens_per_sec': 1618.156041288748, 'train/step_time': 20.250210216996493, 'train/mfu': 181.65, 'train/efficiency': 26.05, 'train/forward_time_percent': 8.68, 'train/backward_time_percent': 16.89, 'train/optimizer_time_percent': 0.47, 'train/overhead_time_percent': 73.95, 'epoch': 2.6820276497695854}

{'loss': 1.0422, 'learning_rate': 0.0001, 'grad_norm': 0.26840418577194214, 'train/tokens_per_sec': 1618.1852805941955, 'train/step_time': 20.24984431199846, 'train/mfu': 177.12, 'train/efficiency': 26.74, 'train/forward_time_percent': 8.72, 'train/backward_time_percent': 17.51, 'train/optimizer_time_percent': 0.51, 'train/overhead_time_percent': 73.26, 'epoch': 2.6912442396313363}
{'loss': 1.0422, 'learning_rate': 0.0001, 'grad_norm': 0.26840418577194214, 'train/tokens_per_sec': 1618.1751241299046, 'train/step_time': 20.24997140999767, 'train/mfu': 180.92, 'train/efficiency': 26.13, 'train/forward_time_percent': 8.33, 'train/backward_time_percent': 17.34, 'train/optimizer_time_percent': 0.45, 'train/overhead_time_percent': 73.87, 'epoch': 2.6912442396313363}
{'loss': 1.3177, 'learning_rate': 0.0001, 'grad_norm': 0.2906774878501892, 'train/tokens_per_sec': 1617.4112244414, 'train/step_time': 20.259535426012008, 'train/mfu': 177.73, 'train/efficiency': 26.65, 'train/forward_time_percent': 8.4, 'train/backward_time_percent': 17.73, 'train/optimizer_time_percent': 0.52, 'train/overhead_time_percent': 73.35, 'epoch': 2.7004608294930876}
{'loss': 1.3177, 'learning_rate': 0.0001, 'grad_norm': 0.2906774878501892, 'train/tokens_per_sec': 1617.4406749117472, 'train/step_time': 20.2591665390064, 'train/mfu': 185.11, 'train/efficiency': 25.59, 'train/forward_time_percent': 8.35, 'train/backward_time_percent': 16.74, 'train/optimizer_time_percent': 0.5, 'train/overhead_time_percent': 74.41, 'epoch': 2.7004608294930876}
{'loss': 1.1186, 'learning_rate': 0.0001, 'grad_norm': 0.2815050184726715, 'train/tokens_per_sec': 1618.319320021536, 'train/step_time': 20.24816709199513, 'train/mfu': 176.66, 'train/efficiency': 26.75, 'train/forward_time_percent': 8.48, 'train/backward_time_percent': 17.82, 'train/optimizer_time_percent': 0.45, 'train/overhead_time_percent': 73.25, 'epoch': 2.709677419354839}
{'loss': 1.1186, 'learning_rate': 0.0001, 'grad_norm': 0.2815050184726715, 'train/tokens_per_sec': 1618.2055075190246, 'train/step_time': 20.24959119700361, 'train/mfu': 182.04, 'train/efficiency': 26.01, 'train/forward_time_percent': 8.25, 'train/backward_time_percent': 17.28, 'train/optimizer_time_percent': 0.49, 'train/overhead_time_percent': 73.99, 'epoch': 2.709677419354839}
{'loss': 1.0164, 'learning_rate': 0.0001, 'grad_norm': 0.6028393507003784, 'train/tokens_per_sec': 1618.36703467858, 'train/step_time': 20.247570111008827, 'train/mfu': 180.06, 'train/efficiency': 26.28, 'train/forward_time_percent': 8.29, 'train/backward_time_percent': 17.51, 'train/optimizer_time_percent': 0.47, 'train/overhead_time_percent': 73.72, 'epoch': 2.71889400921659}
{'loss': 1.0164, 'learning_rate': 0.0001, 'grad_norm': 0.6028393507003784, 'train/tokens_per_sec': 1618.1802023449507, 'train/step_time': 20.249907861012616, 'train/mfu': 176.64, 'train/efficiency': 26.82, 'train/forward_time_percent': 8.25, 'train/backward_time_percent': 18.05, 'train/optimizer_time_percent': 0.52, 'train/overhead_time_percent': 73.18, 'epoch': 2.71889400921659}
{'loss': 1.0805, 'learning_rate': 0.0001, 'grad_norm': 0.3011622130870819, 'train/tokens_per_sec': 1618.3641149600953, 'train/step_time': 20.247606639997684, 'train/mfu': 182.73, 'train/efficiency': 25.95, 'train/forward_time_percent': 8.25, 'train/backward_time_percent': 17.18, 'train/optimizer_time_percent': 0.52, 'train/overhead_time_percent': 74.05, 'epoch': 2.7281105990783407}
{'loss': 1.0805, 'learning_rate': 0.0001, 'grad_norm': 0.3011622130870819, 'train/tokens_per_sec': 1618.3584305329014, 'train/step_time': 20.247677759005455, 'train/mfu': 174.36, 'train/efficiency': 27.17, 'train/forward_time_percent': 8.69, 'train/backward_time_percent': 17.96, 'train/optimizer_time_percent': 0.53, 'train/overhead_time_percent': 72.83, 'epoch': 2.7281105990783407}
{'loss': 1.2201, 'learning_rate': 0.0001, 'grad_norm': 0.30222687125205994, 'train/tokens_per_sec': 1619.1031422700053, 'train/step_time': 20.238364774006186, 'train/mfu': 179.29, 'train/efficiency': 26.45, 'train/forward_time_percent': 8.55, 'train/backward_time_percent': 17.38, 'train/optimizer_time_percent': 0.52, 'train/overhead_time_percent': 73.55, 'epoch': 2.737327188940092}
{'loss': 1.2201, 'learning_rate': 0.0001, 'grad_norm': 0.30222687125205994, 'train/tokens_per_sec': 1618.9666345161997, 'train/step_time': 20.240071229010937, 'train/mfu': 177.26, 'train/efficiency': 26.75, 'train/forward_time_percent': 8.49, 'train/backward_time_percent': 17.73, 'train/optimizer_time_percent': 0.53, 'train/overhead_time_percent': 73.25, 'epoch': 2.737327188940092}
{'loss': 1.0996, 'learning_rate': 0.0001, 'grad_norm': 0.3066946864128113, 'train/tokens_per_sec': 1618.30476890599, 'train/step_time': 20.248349154993775, 'train/mfu': 184.11, 'train/efficiency': 25.75, 'train/forward_time_percent': 8.19, 'train/backward_time_percent': 17.05, 'train/optimizer_time_percent': 0.51, 'train/overhead_time_percent': 74.25, 'epoch': 2.7465437788018434}
{'loss': 1.0996, 'learning_rate': 0.0001, 'grad_norm': 0.3066946864128113, 'train/tokens_per_sec': 1618.561028868958, 'train/step_time': 20.245143318999908, 'train/mfu': 176.45, 'train/efficiency': 26.78, 'train/forward_time_percent': 8.51, 'train/backward_time_percent': 17.83, 'train/optimizer_time_percent': 0.45, 'train/overhead_time_percent': 73.22, 'epoch': 2.7465437788018434}
{'loss': 1.0586, 'learning_rate': 0.0001, 'grad_norm': 0.30184394121170044, 'train/tokens_per_sec': 1617.7353744615884, 'train/step_time': 20.255475968006067, 'train/mfu': 180.67, 'train/efficiency': 26.17, 'train/forward_time_percent': 8.5, 'train/backward_time_percent': 17.2, 'train/optimizer_time_percent': 0.46, 'train/overhead_time_percent': 73.83, 'epoch': 2.7557603686635943}
  step   300  loss   1.0586  |     9163.7 ms
{'loss': 1.0586, 'learning_rate': 0.0001, 'grad_norm': 0.30184394121170044, 'train/tokens_per_sec': 1617.7684978027314, 'train/step_time': 20.255061243005912, 'train/mfu': 182.61, 'train/efficiency': 25.87, 'train/forward_time_percent': 8.18, 'train/backward_time_percent': 17.25, 'train/optimizer_time_percent': 0.44, 'train/overhead_time_percent': 74.13, 'epoch': 2.7557603686635943}
{'loss': 1.2511, 'learning_rate': 0.0001, 'grad_norm': 0.38647130131721497, 'train/tokens_per_sec': 1620.524515874362, 'train/step_time': 20.220613559999038, 'train/mfu': 179.16, 'train/efficiency': 26.49, 'train/forward_time_percent': 7.96, 'train/backward_time_percent': 18.01, 'train/optimizer_time_percent': 0.52, 'train/overhead_time_percent': 73.51, 'epoch': 2.7649769585253456}
{'loss': 1.2511, 'learning_rate': 0.0001, 'grad_norm': 0.38647130131721497, 'train/tokens_per_sec': 1620.4327395761845, 'train/step_time': 20.221758793006302, 'train/mfu': 181.41, 'train/efficiency': 26.18, 'train/forward_time_percent': 8.49, 'train/backward_time_percent': 17.15, 'train/optimizer_time_percent': 0.53, 'train/overhead_time_percent': 73.82, 'epoch': 2.7649769585253456}
{'loss': 1.256, 'learning_rate': 0.0001, 'grad_norm': 0.3008298873901367, 'train/tokens_per_sec': 1618.5510421321333, 'train/step_time': 20.24526823499764, 'train/mfu': 175.7, 'train/efficiency': 26.93, 'train/forward_time_percent': 8.5, 'train/backward_time_percent': 17.95, 'train/optimizer_time_percent': 0.48, 'train/overhead_time_percent': 73.07, 'epoch': 2.774193548387097}
{'loss': 1.256, 'learning_rate': 0.0001, 'grad_norm': 0.3008298873901367, 'train/tokens_per_sec': 1618.3831063126065, 'train/step_time': 20.247369039003388, 'train/mfu': 184.42, 'train/efficiency': 25.72, 'train/forward_time_percent': 8.15, 'train/backward_time_percent': 17.05, 'train/optimizer_time_percent': 0.52, 'train/overhead_time_percent': 74.28, 'epoch': 2.774193548387097}
{'loss': 1.1067, 'learning_rate': 0.0001, 'grad_norm': 0.31304535269737244, 'train/tokens_per_sec': 1618.4682003619612, 'train/step_time': 20.246304494998185, 'train/mfu': 182.62, 'train/efficiency': 25.88, 'train/forward_time_percent': 8.2, 'train/backward_time_percent': 17.24, 'train/optimizer_time_percent': 0.44, 'train/overhead_time_percent': 74.12, 'epoch': 2.783410138248848}
{'loss': 1.1067, 'learning_rate': 0.0001, 'grad_norm': 0.31304535269737244, 'train/tokens_per_sec': 1618.8093834952172, 'train/step_time': 20.24203734799812, 'train/mfu': 177.7, 'train/efficiency': 26.68, 'train/forward_time_percent': 8.63, 'train/backward_time_percent': 17.52, 'train/optimizer_time_percent': 0.53, 'train/overhead_time_percent': 73.32, 'epoch': 2.783410138248848}
{'loss': 1.1462, 'learning_rate': 0.0001, 'grad_norm': 0.33680593967437744, 'train/tokens_per_sec': 1618.7768039328537, 'train/step_time': 20.242444739997154, 'train/mfu': 178.12, 'train/efficiency': 26.62, 'train/forward_time_percent': 8.47, 'train/backward_time_percent': 17.62, 'train/optimizer_time_percent': 0.52, 'train/overhead_time_percent': 73.38, 'epoch': 2.792626728110599}
{'loss': 1.1462, 'learning_rate': 0.0001, 'grad_norm': 0.33680593967437744, 'train/tokens_per_sec': 1618.7304408235877, 'train/step_time': 20.24302451699623, 'train/mfu': 183.51, 'train/efficiency': 25.85, 'train/forward_time_percent': 8.23, 'train/backward_time_percent': 17.09, 'train/optimizer_time_percent': 0.52, 'train/overhead_time_percent': 74.15, 'epoch': 2.792626728110599}
{'loss': 1.0839, 'learning_rate': 0.0001, 'grad_norm': 0.25364843010902405, 'train/tokens_per_sec': 1618.2444342362687, 'train/step_time': 20.249104094997165, 'train/mfu': 175.12, 'train/efficiency': 27.05, 'train/forward_time_percent': 8.34, 'train/backward_time_percent': 18.19, 'train/optimizer_time_percent': 0.52, 'train/overhead_time_percent': 72.95, 'epoch': 2.80184331797235}
{'loss': 1.0839, 'learning_rate': 0.0001, 'grad_norm': 0.25364843010902405, 'train/tokens_per_sec': 1618.0623288854117, 'train/step_time': 20.251383037000778, 'train/mfu': 186.38, 'train/efficiency': 25.41, 'train/forward_time_percent': 8.22, 'train/backward_time_percent': 16.71, 'train/optimizer_time_percent': 0.49, 'train/overhead_time_percent': 74.59, 'epoch': 2.80184331797235}
{'loss': 1.1024, 'learning_rate': 0.0001, 'grad_norm': 0.30445295572280884, 'train/tokens_per_sec': 1618.4297830961264, 'train/step_time': 20.24678508900979, 'train/mfu': 179.69, 'train/efficiency': 26.34, 'train/forward_time_percent': 8.29, 'train/backward_time_percent': 17.57, 'train/optimizer_time_percent': 0.48, 'train/overhead_time_percent': 73.66, 'epoch': 2.8110599078341014}
{'loss': 1.1024, 'learning_rate': 0.0001, 'grad_norm': 0.30445295572280884, 'train/tokens_per_sec': 1618.3938470491742, 'train/step_time': 20.247234664013376, 'train/mfu': 186.8, 'train/efficiency': 25.36, 'train/forward_time_percent': 8.4, 'train/backward_time_percent': 16.47, 'train/optimizer_time_percent': 0.49, 'train/overhead_time_percent': 74.64, 'epoch': 2.8110599078341014}
{'loss': 1.014, 'learning_rate': 0.0001, 'grad_norm': 0.28733664751052856, 'train/tokens_per_sec': 1618.9548710593895, 'train/step_time': 20.240218295002705, 'train/mfu': 179.59, 'train/efficiency': 26.41, 'train/forward_time_percent': 8.36, 'train/backward_time_percent': 17.52, 'train/optimizer_time_percent': 0.53, 'train/overhead_time_percent': 73.59, 'epoch': 2.8202764976958523}
{'loss': 1.014, 'learning_rate': 0.0001, 'grad_norm': 0.28733664751052856, 'train/tokens_per_sec': 1618.915165513425, 'train/step_time': 20.240714707004372, 'train/mfu': 181.73, 'train/efficiency': 26.03, 'train/forward_time_percent': 8.01, 'train/backward_time_percent': 17.57, 'train/optimizer_time_percent': 0.46, 'train/overhead_time_percent': 73.97, 'epoch': 2.8202764976958523}
{'loss': 1.1655, 'learning_rate': 0.0001, 'grad_norm': 0.2664799988269806, 'train/tokens_per_sec': 1618.811528044093, 'train/step_time': 20.242010532005224, 'train/mfu': 179.19, 'train/efficiency': 26.47, 'train/forward_time_percent': 8.56, 'train/backward_time_percent': 17.38, 'train/optimizer_time_percent': 0.53, 'train/overhead_time_percent': 73.53, 'epoch': 2.8294930875576036}
{'loss': 1.1655, 'learning_rate': 0.0001, 'grad_norm': 0.2664799988269806, 'train/tokens_per_sec': 1618.6263036199564, 'train/step_time': 20.244326888001524, 'train/mfu': 183.45, 'train/efficiency': 25.78, 'train/forward_time_percent': 8.48, 'train/backward_time_percent': 16.85, 'train/optimizer_time_percent': 0.45, 'train/overhead_time_percent': 74.22, 'epoch': 2.8294930875576036}
{'loss': 1.0617, 'learning_rate': 0.0001, 'grad_norm': 0.30749401450157166, 'train/tokens_per_sec': 1619.546917496325, 'train/step_time': 20.23281921999296, 'train/mfu': 177.47, 'train/efficiency': 26.73, 'train/forward_time_percent': 8.81, 'train/backward_time_percent': 17.38, 'train/optimizer_time_percent': 0.53, 'train/overhead_time_percent': 73.27, 'epoch': 2.838709677419355}
{'loss': 1.0617, 'learning_rate': 0.0001, 'grad_norm': 0.30749401450157166, 'train/tokens_per_sec': 1619.4092574351537, 'train/step_time': 20.234539137993124, 'train/mfu': 180.85, 'train/efficiency': 26.15, 'train/forward_time_percent': 8.63, 'train/backward_time_percent': 17.08, 'train/optimizer_time_percent': 0.44, 'train/overhead_time_percent': 73.85, 'epoch': 2.838709677419355}
  step   310  loss   1.0079  |     9173.4 ms
{'loss': 1.0079, 'learning_rate': 0.0001, 'grad_norm': 0.28666719794273376, 'train/tokens_per_sec': 1618.7505218461026, 'train/step_time': 20.2427733969962, 'train/mfu': 186.5, 'train/efficiency': 25.43, 'train/forward_time_percent': 8.37, 'train/backward_time_percent': 16.55, 'train/optimizer_time_percent': 0.51, 'train/overhead_time_percent': 74.57, 'epoch': 2.847926267281106}
{'loss': 1.0079, 'learning_rate': 0.0001, 'grad_norm': 0.28666719794273376, 'train/tokens_per_sec': 1618.7367755045225, 'train/step_time': 20.24294529898907, 'train/mfu': 174.42, 'train/efficiency': 27.09, 'train/forward_time_percent': 8.57, 'train/backward_time_percent': 18.08, 'train/optimizer_time_percent': 0.45, 'train/overhead_time_percent': 72.91, 'epoch': 2.847926267281106}
{'loss': 1.0813, 'learning_rate': 0.0001, 'grad_norm': 0.2733616232872009, 'train/tokens_per_sec': 1618.1177630118686, 'train/step_time': 20.25068925700907, 'train/mfu': 181.16, 'train/efficiency': 26.12, 'train/forward_time_percent': 8.53, 'train/backward_time_percent': 17.12, 'train/optimizer_time_percent': 0.47, 'train/overhead_time_percent': 73.88, 'epoch': 2.857142857142857}
{'loss': 1.0813, 'learning_rate': 0.0001, 'grad_norm': 0.2733616232872009, 'train/tokens_per_sec': 1618.0671644591398, 'train/step_time': 20.251322515992797, 'train/mfu': 178.37, 'train/efficiency': 26.48, 'train/forward_time_percent': 8.48, 'train/backward_time_percent': 17.56, 'train/optimizer_time_percent': 0.44, 'train/overhead_time_percent': 73.52, 'epoch': 2.857142857142857}
{'loss': 1.1995, 'learning_rate': 0.0001, 'grad_norm': 0.2856561243534088, 'train/tokens_per_sec': 1617.9324252146066, 'train/step_time': 20.253009018997545, 'train/mfu': 183.36, 'train/efficiency': 25.85, 'train/forward_time_percent': 8.39, 'train/backward_time_percent': 16.94, 'train/optimizer_time_percent': 0.52, 'train/overhead_time_percent': 74.15, 'epoch': 2.8663594470046085}
{'loss': 1.1995, 'learning_rate': 0.0001, 'grad_norm': 0.2856561243534088, 'train/tokens_per_sec': 1617.814035516583, 'train/step_time': 20.254491109997616, 'train/mfu': 183.97, 'train/efficiency': 25.72, 'train/forward_time_percent': 8.52, 'train/backward_time_percent': 16.73, 'train/optimizer_time_percent': 0.48, 'train/overhead_time_percent': 74.28, 'epoch': 2.8663594470046085}
{'loss': 1.0813, 'learning_rate': 0.0001, 'grad_norm': 0.5990461111068726, 'train/tokens_per_sec': 1618.1448918666297, 'train/step_time': 20.250349745998392, 'train/mfu': 181.84, 'train/efficiency': 26.07, 'train/forward_time_percent': 8.42, 'train/backward_time_percent': 17.13, 'train/optimizer_time_percent': 0.52, 'train/overhead_time_percent': 73.93, 'epoch': 2.8755760368663594}
{'loss': 1.0813, 'learning_rate': 0.0001, 'grad_norm': 0.5990461111068726, 'train/tokens_per_sec': 1617.8605612596925, 'train/step_time': 20.253908639992005, 'train/mfu': 184.34, 'train/efficiency': 25.69, 'train/forward_time_percent': 8.22, 'train/backward_time_percent': 16.98, 'train/optimizer_time_percent': 0.49, 'train/overhead_time_percent': 74.31, 'epoch': 2.8755760368663594}
{'loss': 1.1879, 'learning_rate': 0.0001, 'grad_norm': 0.30461838841438293, 'train/tokens_per_sec': 1617.5303669084362, 'train/step_time': 20.258043169000302, 'train/mfu': 182.65, 'train/efficiency': 25.89, 'train/forward_time_percent': 8.51, 'train/backward_time_percent': 16.91, 'train/optimizer_time_percent': 0.46, 'train/overhead_time_percent': 74.11, 'epoch': 2.8847926267281108}
{'loss': 1.1879, 'learning_rate': 0.0001, 'grad_norm': 0.30461838841438293, 'train/tokens_per_sec': 1617.49529221587, 'train/step_time': 20.258482455988997, 'train/mfu': 179.78, 'train/efficiency': 26.36, 'train/forward_time_percent': 8.42, 'train/backward_time_percent': 17.41, 'train/optimizer_time_percent': 0.53, 'train/overhead_time_percent': 73.64, 'epoch': 2.8847926267281108}
{'loss': 1.272, 'learning_rate': 0.0001, 'grad_norm': 0.3250007927417755, 'train/tokens_per_sec': 1618.9418939890206, 'train/step_time': 20.24038053599361, 'train/mfu': 182.38, 'train/efficiency': 25.97, 'train/forward_time_percent': 8.56, 'train/backward_time_percent': 16.92, 'train/optimizer_time_percent': 0.49, 'train/overhead_time_percent': 74.03, 'epoch': 2.8940092165898617}
{'loss': 1.272, 'learning_rate': 0.0001, 'grad_norm': 0.3250007927417755, 'train/tokens_per_sec': 1619.1430346494415, 'train/step_time': 20.237866142007988, 'train/mfu': 175.69, 'train/efficiency': 27.0, 'train/forward_time_percent': 8.49, 'train/backward_time_percent': 17.97, 'train/optimizer_time_percent': 0.54, 'train/overhead_time_percent': 73.0, 'epoch': 2.8940092165898617}
{'loss': 0.8396, 'learning_rate': 0.0001, 'grad_norm': 0.30466917157173157, 'train/tokens_per_sec': 1618.5699651193213, 'train/step_time': 20.24503154399281, 'train/mfu': 177.87, 'train/efficiency': 26.57, 'train/forward_time_percent': 8.43, 'train/backward_time_percent': 17.69, 'train/optimizer_time_percent': 0.45, 'train/overhead_time_percent': 73.43, 'epoch': 2.903225806451613}
{'loss': 0.8396, 'learning_rate': 0.0001, 'grad_norm': 0.30466917157173157, 'train/tokens_per_sec': 1618.4136001474812, 'train/step_time': 20.246987542006536, 'train/mfu': 179.76, 'train/efficiency': 26.37, 'train/forward_time_percent': 8.14, 'train/backward_time_percent': 17.71, 'train/optimizer_time_percent': 0.52, 'train/overhead_time_percent': 73.63, 'epoch': 2.903225806451613}
{'loss': 0.9997, 'learning_rate': 0.0001, 'grad_norm': 0.32069265842437744, 'train/tokens_per_sec': 1618.9236944769139, 'train/step_time': 20.24060807299975, 'train/mfu': 183.12, 'train/efficiency': 25.87, 'train/forward_time_percent': 8.52, 'train/backward_time_percent': 16.87, 'train/optimizer_time_percent': 0.48, 'train/overhead_time_percent': 74.13, 'epoch': 2.912442396313364}{'loss': 0.9997, 'learning_rate': 0.0001, 'grad_norm': 0.32069265842437744, 'train/tokens_per_sec': 1618.707368013831, 'train/step_time': 20.24331305800297, 'train/mfu': 180.04, 'train/efficiency': 26.31, 'train/forward_time_percent': 8.63, 'train/backward_time_percent': 17.18, 'train/optimizer_time_percent': 0.49, 'train/overhead_time_percent': 73.69, 'epoch': 2.912442396313364}

{'loss': 1.2945, 'learning_rate': 0.0001, 'grad_norm': 0.2778767943382263, 'train/tokens_per_sec': 1618.8009072375771, 'train/step_time': 20.242143338007736, 'train/mfu': 179.41, 'train/efficiency': 26.35, 'train/forward_time_percent': 8.43, 'train/backward_time_percent': 17.48, 'train/optimizer_time_percent': 0.44, 'train/overhead_time_percent': 73.65, 'epoch': 2.921658986175115}
{'loss': 1.2945, 'learning_rate': 0.0001, 'grad_norm': 0.2778767943382263, 'train/tokens_per_sec': 1618.7863243488791, 'train/step_time': 20.24232569000742, 'train/mfu': 177.8, 'train/efficiency': 26.66, 'train/forward_time_percent': 8.42, 'train/backward_time_percent': 17.72, 'train/optimizer_time_percent': 0.52, 'train/overhead_time_percent': 73.34, 'epoch': 2.921658986175115}
{'loss': 1.0551, 'learning_rate': 0.0001, 'grad_norm': 0.31494009494781494, 'train/tokens_per_sec': 1618.248401797324, 'train/step_time': 20.24905444899923, 'train/mfu': 180.78, 'train/efficiency': 26.22, 'train/forward_time_percent': 8.34, 'train/backward_time_percent': 17.36, 'train/optimizer_time_percent': 0.52, 'train/overhead_time_percent': 73.78, 'epoch': 2.9308755760368665}{'loss': 1.0551, 'learning_rate': 0.0001, 'grad_norm': 0.31494009494781494, 'train/tokens_per_sec': 1618.2046609213428, 'train/step_time': 20.249601791001623, 'train/mfu': 181.63, 'train/efficiency': 26.11, 'train/forward_time_percent': 8.61, 'train/backward_time_percent': 16.97, 'train/optimizer_time_percent': 0.53, 'train/overhead_time_percent': 73.89, 'epoch': 2.9308755760368665}

  step   320  loss   1.2147  |     9171.6 ms
{'loss': 1.2147, 'learning_rate': 0.0001, 'grad_norm': 0.3088480234146118, 'train/tokens_per_sec': 1618.6404758505523, 'train/step_time': 20.24414963599702, 'train/mfu': 183.82, 'train/efficiency': 25.79, 'train/forward_time_percent': 7.98, 'train/backward_time_percent': 17.3, 'train/optimizer_time_percent': 0.51, 'train/overhead_time_percent': 74.21, 'epoch': 2.9400921658986174}
{'loss': 1.2147, 'learning_rate': 0.0001, 'grad_norm': 0.3088480234146118, 'train/tokens_per_sec': 1618.6947748068721, 'train/step_time': 20.243470547997276, 'train/mfu': 179.53, 'train/efficiency': 26.42, 'train/forward_time_percent': 8.62, 'train/backward_time_percent': 17.26, 'train/optimizer_time_percent': 0.53, 'train/overhead_time_percent': 73.58, 'epoch': 2.9400921658986174}
{'loss': 1.2941, 'learning_rate': 0.0001, 'grad_norm': 0.27877330780029297, 'train/tokens_per_sec': 1618.5412055769345, 'train/step_time': 20.24539127400203, 'train/mfu': 182.69, 'train/efficiency': 25.96, 'train/forward_time_percent': 8.37, 'train/backward_time_percent': 17.07, 'train/optimizer_time_percent': 0.52, 'train/overhead_time_percent': 74.04, 'epoch': 2.9493087557603688}
{'loss': 1.2941, 'learning_rate': 0.0001, 'grad_norm': 0.27877330780029297, 'train/tokens_per_sec': 1618.2724794590852, 'train/step_time': 20.248753171006683, 'train/mfu': 176.82, 'train/efficiency': 26.77, 'train/forward_time_percent': 8.45, 'train/backward_time_percent': 17.82, 'train/optimizer_time_percent': 0.49, 'train/overhead_time_percent': 73.23, 'epoch': 2.9493087557603688}
{'loss': 1.1834, 'learning_rate': 0.0001, 'grad_norm': 0.3938180208206177, 'train/tokens_per_sec': 1617.9474552701997, 'train/step_time': 20.25282087700907, 'train/mfu': 187.8, 'train/efficiency': 25.17, 'train/forward_time_percent': 8.26, 'train/backward_time_percent': 16.48, 'train/optimizer_time_percent': 0.44, 'train/overhead_time_percent': 74.83, 'epoch': 2.9585253456221197}
{'loss': 1.1834, 'learning_rate': 0.0001, 'grad_norm': 0.3938180208206177, 'train/tokens_per_sec': 1618.2248144099879, 'train/step_time': 20.249349600999267, 'train/mfu': 178.45, 'train/efficiency': 26.56, 'train/forward_time_percent': 8.34, 'train/backward_time_percent': 17.69, 'train/optimizer_time_percent': 0.53, 'train/overhead_time_percent': 73.44, 'epoch': 2.9585253456221197}
{'loss': 1.0244, 'learning_rate': 0.0001, 'grad_norm': 0.31428876519203186, 'train/tokens_per_sec': 1619.1274781068266, 'train/step_time': 20.238060586998472, 'train/mfu': 181.85, 'train/efficiency': 26.08, 'train/forward_time_percent': 8.27, 'train/backward_time_percent': 17.29, 'train/optimizer_time_percent': 0.52, 'train/overhead_time_percent': 73.92, 'epoch': 2.967741935483871}{'loss': 1.0244, 'learning_rate': 0.0001, 'grad_norm': 0.31428876519203186, 'train/tokens_per_sec': 1619.1658968978666, 'train/step_time': 20.237580388013157, 'train/mfu': 181.8, 'train/efficiency': 26.1, 'train/forward_time_percent': 8.48, 'train/backward_time_percent': 17.09, 'train/optimizer_time_percent': 0.53, 'train/overhead_time_percent': 73.9, 'epoch': 2.967741935483871}

{'loss': 1.1131, 'learning_rate': 0.0001, 'grad_norm': 0.2730177640914917, 'train/tokens_per_sec': 1618.953183415162, 'train/step_time': 20.240239393999218, 'train/mfu': 179.95, 'train/efficiency': 26.35, 'train/forward_time_percent': 8.1, 'train/backward_time_percent': 17.73, 'train/optimizer_time_percent': 0.52, 'train/overhead_time_percent': 73.65, 'epoch': 2.976958525345622}{'loss': 1.1131, 'learning_rate': 0.0001, 'grad_norm': 0.2730177640914917, 'train/tokens_per_sec': 1618.818150784695, 'train/step_time': 20.241927719995147, 'train/mfu': 184.34, 'train/efficiency': 25.73, 'train/forward_time_percent': 8.66, 'train/backward_time_percent': 16.55, 'train/optimizer_time_percent': 0.52, 'train/overhead_time_percent': 74.27, 'epoch': 2.976958525345622}

{'loss': 1.0553, 'learning_rate': 0.0001, 'grad_norm': 0.2626800835132599, 'train/tokens_per_sec': 1617.5282200035463, 'train/step_time': 20.258070056996075, 'train/mfu': 183.19, 'train/efficiency': 25.79, 'train/forward_time_percent': 8.39, 'train/backward_time_percent': 16.96, 'train/optimizer_time_percent': 0.44, 'train/overhead_time_percent': 74.21, 'epoch': 2.986175115207373}
{'loss': 1.0553, 'learning_rate': 0.0001, 'grad_norm': 0.2626800835132599, 'train/tokens_per_sec': 1617.800903962607, 'train/step_time': 20.25465551399975, 'train/mfu': 176.55, 'train/efficiency': 26.84, 'train/forward_time_percent': 8.62, 'train/backward_time_percent': 17.69, 'train/optimizer_time_percent': 0.53, 'train/overhead_time_percent': 73.16, 'epoch': 2.986175115207373}
{'loss': 1.2672, 'learning_rate': 0.0001, 'grad_norm': 0.2581583857536316, 'train/tokens_per_sec': 1619.7994989557278, 'train/step_time': 20.22966424000333, 'train/mfu': 182.81, 'train/efficiency': 25.88, 'train/forward_time_percent': 8.36, 'train/backward_time_percent': 17.08, 'train/optimizer_time_percent': 0.44, 'train/overhead_time_percent': 74.12, 'epoch': 2.9953917050691246}
{'loss': 1.2672, 'learning_rate': 0.0001, 'grad_norm': 0.2581583857536316, 'train/tokens_per_sec': 1619.8875334972627, 'train/step_time': 20.228564837001613, 'train/mfu': 175.17, 'train/efficiency': 27.01, 'train/forward_time_percent': 8.57, 'train/backward_time_percent': 17.98, 'train/optimizer_time_percent': 0.46, 'train/overhead_time_percent': 72.99, 'epoch': 2.9953917050691246}
{'loss': 1.035, 'learning_rate': 0.0001, 'grad_norm': 0.33172547817230225, 'train/tokens_per_sec': 1465.8700320477153, 'train/step_time': 11.176979978990857, 'train/mfu': 187.45, 'train/efficiency': 23.35, 'train/forward_time_percent': 7.19, 'train/backward_time_percent': 15.26, 'train/optimizer_time_percent': 0.9, 'train/overhead_time_percent': 76.65, 'epoch': 3.0}
{'loss': 1.035, 'learning_rate': 0.0001, 'grad_norm': 0.33172547817230225, 'train/tokens_per_sec': 1446.2465122634098, 'train/step_time': 11.328635790006956, 'train/mfu': 176.89, 'train/efficiency': 24.31, 'train/forward_time_percent': 7.83, 'train/backward_time_percent': 15.64, 'train/optimizer_time_percent': 0.84, 'train/overhead_time_percent': 75.69, 'epoch': 3.0}
================================================================================
TRAINING SUMMARY METRICS
================================================================================
summary/tokens_per_sec_avg: 1620.25
summary/total_steps: 327
summary/total_tokens_processed: 10665984
summary/mfu_avg: 182.39%
summary/efficiency_avg: 26.05%
summary/forward_time_percent_avg: 8.3600s
summary/backward_time_percent_avg: 17.2000s
summary/optimizer_time_percent_avg: 0.5000s
summary/overhead_time_percent_avg: 73.9500s
================================================================================
Summary metrics saved to: /opt/np/models/adapters/llama31_lora_maxutil/training_summary_metrics.json
================================================================================


Training completed. Do not forget to share your model on huggingface.co/models =)


Saving model checkpoint to /opt/np/models/adapters/llama31_lora_maxutil
Model parallelism is enabled, saving the model sharded state dict instead of the full state dict.
[2026-08-06 10:00:26.980: I neuronx_distributed/trainer/checkpoint.py:144] synced saving of checkpoint adapter_shards began
[2026-08-06 10:00:27.148: I neuronx_distributed/trainer/checkpoint.py:192] synced saving of checkpoint adapter_shards completed
[2026-08-06 10:00:27.150: I neuronx_distributed/trainer/checkpoint.py:256] no checkpoints to remove.

  median step 9173.1 ms | 3,572 tok/s | 173.6 TFLOP/s | MFU 91.4%

SUMMARY tag=llama31_lora_maxutil model=meta-llama/Llama-3.1-8B-Instruct tp=2 dp=1 steps=327 median_step_ms=9173.1 first_step_ms=56838.3 compile_s=47.7 tokens_per_s=3572 tflops=173.62 mfu_pct=91.38 final_loss=1.0350 peak_host_mem_mib=15875 train_wall_s=7571.2
wrote /opt/np/repo/trn1/results/maxutil/llama31_lora_maxutil.json
adapter -> /opt/np/models/adapters/llama31_lora_maxutil  (TP-sharded; merge_adapter.py consolidates)
