t_s,gpu_util_pct,mem_used_mib,power_w,temp_c,sclk_mhz,mclk_mhz,util_nc0,util_nc1,host_mem_used_mib
0.0,,,,,,,,,
1.0,0.0,0.0,,,,,0.0,0.0,0.0
2.0,0.0,0.0,,,,,0.0,0.0,0.0
3.0,0.0,0.0,,,,,0.0,0.0,0.0
4.0,0.0,0.0,,,,,0.0,0.0,0.0
5.0,0.0,0.0,,,,,0.0,0.0,0.0
6.0,0.0,0.0,,,,,0.0,0.0,0.0
7.0,0.0,0.0,,,,,0.0,0.0,0.0
8.0,0.0,0.0,,,,,0.0,0.0,0.0
9.0,0.0,0.0,,,,,0.0,0.0,0.0
10.0,0.0,0.0,,,,,0.0,0.0,0.0
11.0,0.0,0.0,,,,,0.0,0.0,0.0
12.0,0.0,0.0,,,,,0.0,0.0,0.0
13.0,0.0,0.0,,,,,0.0,0.0,0.0
14.0,0.0,0.0,,,,,0.0,0.0,0.0
15.0,0.0,0.0,,,,,0.0,0.0,0.0
16.0,0.0,0.0,,,,,0.0,0.0,0.0
17.0,0.0,0.0,,,,,0.0,0.0,0.0
18.0,0.0,0.0,,,,,0.0,0.0,0.0
19.0,0.0,0.0,,,,,0.0,0.0,0.0
20.0,0.0,0.0,,,,,0.0,0.0,0.0
21.0,0.0,0.0,,,,,0.0,0.0,0.0
22.0,0.0,0.0,,,,,0.0,0.0,2209.0
23.0,0.0,0.0,,,,,0.0,0.0,2209.0
24.0,0.0,0.0,,,,,0.0,0.0,2209.0
25.0,0.0,0.0,,,,,0.0,0.0,2209.0
26.0,0.0,0.0,,,,,0.0,0.0,2209.0
27.0,0.0,3.4,,,,,0.0,0.0,2219.4
28.0,0.21,356.0,,,,,0.21,0.21,2961.0
29.0,0.0,356.0,,,,,0.0,0.0,3824.1
30.0,0.0,356.0,,,,,0.0,0.0,4641.7
31.0,0.0,356.0,,,,,0.0,0.0,5939.5
32.0,0.0,356.0,,,,,0.0,0.0,6767.9
33.01,0.0,356.0,,,,,0.0,0.0,8082.0
34.01,0.0,356.0,,,,,0.0,0.0,8854.1
35.01,0.0,356.0,,,,,0.0,0.0,10249.3
36.01,0.0,356.0,,,,,0.0,0.0,10970.5
37.01,0.0,356.0,,,,,0.0,0.0,12406.9
38.01,0.0,356.0,,,,,0.0,0.0,13082.0
39.01,0.0,356.0,,,,,0.0,0.0,14333.8
40.01,0.0,356.0,,,,,0.0,0.0,15225.4
41.01,0.0,356.0,,,,,0.0,0.0,16241.4
42.01,0.0,356.0,,,,,0.0,0.0,18145.2
43.01,0.0,356.0,,,,,0.0,0.0,18214.9
44.01,0.0,356.0,,,,,0.0,0.0,18430.2
45.01,0.0,356.0,,,,,0.0,0.0,17519.0
46.01,0.0,356.0,,,,,0.0,0.0,17905.0
47.01,0.0,356.0,,,,,0.0,0.0,18282.3
48.01,0.0,356.0,,,,,0.0,0.0,18571.0
49.01,0.0,356.0,,,,,0.0,0.0,17574.4
50.01,0.0,356.0,,,,,0.0,0.0,17951.6
51.01,0.0,356.0,,,,,0.0,0.0,18326.3
52.01,0.0,356.0,,,,,0.0,0.0,18651.9
53.01,0.0,356.0,,,,,0.0,0.0,17620.7
54.01,0.0,356.0,,,,,0.0,0.0,17999.0
55.01,0.0,356.0,,,,,0.0,0.0,18376.2
56.01,0.0,356.0,,,,,0.0,0.0,18756.8
57.01,0.0,356.0,,,,,0.0,0.0,17668.4
58.01,0.0,356.0,,,,,0.0,0.0,18047.5
59.01,0.0,356.0,,,,,0.0,0.0,18380.6
60.01,0.0,356.0,,,,,0.0,0.0,18858.4
61.01,0.0,356.0,,,,,0.0,0.0,17715.1
62.01,0.0,356.0,,,,,0.0,0.0,18099.0
63.01,0.0,356.0,,,,,0.0,0.0,18380.6
64.01,0.0,356.0,,,,,0.0,0.0,18986.3
65.01,0.0,356.0,,,,,0.0,0.0,17780.3
66.01,0.0,356.0,,,,,0.0,0.0,18164.1
67.01,0.0,356.0,,,,,0.0,0.0,18380.6
68.01,0.0,356.0,,,,,0.0,0.0,18044.3
69.01,0.0,356.0,,,,,0.0,0.0,18680.5
70.01,0.0,356.0,,,,,0.0,0.0,19181.4
71.01,0.0,356.0,,,,,0.0,0.0,19682.4
72.01,0.0,356.0,,,,,0.0,0.0,20184.5
73.01,0.0,356.0,,,,,0.0,0.0,20685.6
74.01,0.0,356.0,,,,,0.0,0.0,21187.0
75.01,0.0,356.0,,,,,0.0,0.0,21688.0
76.01,0.0,356.0,,,,,0.0,0.0,22188.5
77.01,0.0,356.0,,,,,0.0,0.0,22688.5
78.01,0.0,356.0,,,,,0.0,0.0,23189.0
79.01,0.0,356.0,,,,,0.0,0.0,23689.0
80.01,0.0,356.0,,,,,0.0,0.0,24320.8
81.01,0.0,356.0,,,,,0.0,0.0,25010.8
82.01,0.0,356.0,,,,,0.0,0.0,25717.1
83.01,0.0,356.0,,,,,0.0,0.0,26407.8
84.01,0.0,356.0,,,,,0.0,0.0,27083.7
85.01,0.0,356.0,,,,,0.0,0.0,27789.3
86.01,0.0,356.0,,,,,0.0,0.0,28485.7
87.01,0.0,356.0,,,,,0.0,0.0,28720.4
88.01,0.0,356.0,,,,,0.0,0.0,29461.6
89.01,0.0,356.0,,,,,0.0,0.0,29963.3
90.01,0.0,356.0,,,,,0.0,0.0,30463.9
91.01,0.0,356.0,,,,,0.0,0.0,30965.3
92.01,0.0,356.0,,,,,0.0,0.0,31467.0
93.01,0.0,356.0,,,,,0.0,0.0,31756.5
94.01,0.0,356.0,,,,,0.0,0.0,31780.3
95.01,0.0,356.0,,,,,0.0,0.0,31759.2
96.02,0.0,356.0,,,,,0.0,0.0,31748.1
97.02,0.0,356.0,,,,,0.0,0.0,31960.2
98.02,0.0,356.0,,,,,0.0,0.0,32142.1
99.02,0.0,356.0,,,,,0.0,0.0,32500.9
100.02,0.0,356.0,,,,,0.0,0.0,32716.5
101.02,0.0,356.0,,,,,0.0,0.0,32990.9
102.02,0.0,356.0,,,,,0.0,0.0,33066.7
103.02,0.0,356.0,,,,,0.0,0.0,33140.1
104.02,0.0,356.0,,,,,0.0,0.0,33260.0
105.02,0.0,356.0,,,,,0.0,0.0,33383.4
106.02,0.0,356.0,,,,,0.0,0.0,33454.8
107.02,0.0,356.0,,,,,0.0,0.0,33533.8
108.02,0.0,356.0,,,,,0.0,0.0,33659.0
109.02,0.0,356.0,,,,,0.0,0.0,33666.0
110.02,0.0,356.0,,,,,0.0,0.0,33608.3
111.02,0.0,356.0,,,,,0.0,0.0,33567.0
112.02,0.0,356.0,,,,,0.0,0.0,33507.3
113.02,0.0,356.0,,,,,0.0,0.0,33564.5
114.02,0.0,356.0,,,,,0.0,0.0,25445.8
115.02,0.0,356.0,,,,,0.0,0.0,25885.9
116.02,0.0,356.0,,,,,0.0,0.0,26457.0
117.02,0.0,356.0,,,,,0.0,0.0,27059.3
118.02,0.0,356.0,,,,,0.0,0.0,27533.9
119.02,0.0,356.0,,,,,0.0,0.0,28008.4
120.02,0.0,356.0,,,,,0.0,0.0,28482.7
121.02,0.0,356.0,,,,,0.0,0.0,28957.5
122.02,0.0,356.0,,,,,0.0,0.0,29431.8
123.02,0.0,356.0,,,,,0.0,0.0,29449.1
124.02,0.0,356.0,,,,,0.0,0.0,29479.1
125.02,0.0,356.0,,,,,0.0,0.0,29618.5
126.02,0.0,356.0,,,,,0.0,0.0,29847.1
127.02,0.0,356.0,,,,,0.0,0.0,29973.0
128.02,0.0,356.0,,,,,0.0,0.0,30179.0
129.02,0.0,356.0,,,,,0.0,0.0,30444.3
130.02,0.0,356.0,,,,,0.0,0.0,30588.5
131.02,0.0,356.0,,,,,0.0,0.0,30760.4
132.02,0.0,356.0,,,,,0.0,0.0,30833.7
133.02,0.0,356.0,,,,,0.0,0.0,30914.0
134.03,0.0,356.0,,,,,0.0,0.0,31034.5
135.03,0.0,356.0,,,,,0.0,0.0,28452.6
136.03,0.0,356.0,,,,,0.0,0.0,23744.8
137.03,0.0,356.0,,,,,0.0,0.0,24471.1
138.03,0.0,356.0,,,,,0.0,0.0,25156.5
139.03,0.0,356.0,,,,,0.0,0.0,25657.0
140.03,0.0,356.0,,,,,0.0,0.0,14464.4
141.03,0.04,356.7,,,,,0.04,0.04,12411.1
142.03,0.0,356.7,,,,,0.0,0.0,12595.3
143.03,0.0,356.7,,,,,0.0,0.0,12599.2
144.03,13.43,356.7,,,,,0.01,26.85,12785.8
145.03,10.59,356.7,,,,,21.17,0.01,13196.2
146.03,0.0,356.7,,,,,0.0,0.0,13949.2
147.03,0.0,898.4,,,,,0.0,0.0,13584.5
148.03,0.0,1649.6,,,,,0.0,0.0,12885.4
149.03,0.0,2068.7,,,,,0.0,0.0,12872.4
150.03,0.0,2487.9,,,,,0.0,0.0,12818.1
151.03,0.0,2866.4,,,,,0.0,0.0,12809.2
152.03,0.0,3229.2,,,,,0.0,0.0,12871.2
153.03,0.0,3535.8,,,,,0.0,0.0,13050.8
154.03,0.0,3955.0,,,,,0.0,0.0,12998.8
155.03,0.0,4374.1,,,,,0.0,0.0,12947.0
156.03,0.0,5284.3,,,,,0.0,0.0,12416.1
157.03,0.0,6066.3,,,,,0.0,0.0,12184.5
158.03,0.0,7001.6,,,,,0.0,0.0,11784.4
159.03,0.0,9516.5,,,,,0.0,0.0,9992.1
160.03,0.0,14061.9,,,,,0.0,0.0,6220.0
161.03,0.0,15974.5,,,,,0.0,0.0,4697.4
162.03,0.0,15975.3,,,,,0.0,0.0,2207.5
163.03,0.0,15975.3,,,,,0.0,0.0,2675.6
164.03,0.0,15975.3,,,,,0.0,0.0,2675.7
165.03,0.0,15975.3,,,,,0.0,0.0,2675.7
166.03,0.0,15975.3,,,,,0.0,0.0,2675.7
167.03,0.0,15975.3,,,,,0.0,0.0,2817.6
168.03,0.0,15975.3,,,,,0.0,0.0,2859.3
169.03,0.0,15975.3,,,,,0.0,0.0,3150.4
170.03,0.0,15975.3,,,,,0.0,0.0,3981.4
171.03,0.0,15975.3,,,,,0.0,0.0,5495.0
172.03,0.0,15975.3,,,,,0.0,0.0,7708.2
173.03,0.0,15975.3,,,,,0.0,0.0,9832.2
174.03,0.0,15975.3,,,,,0.0,0.0,11278.8
175.03,0.0,15975.3,,,,,0.0,0.0,12418.6
176.03,0.0,15975.3,,,,,0.0,0.0,13158.6
177.03,0.0,15975.3,,,,,0.0,0.0,13596.2
178.03,0.0,15975.3,,,,,0.0,0.0,13814.3
179.03,0.0,20599.8,,,,,0.0,0.0,13856.1
180.03,0.0,25308.3,,,,,0.0,0.0,13856.1
181.03,0.0,25460.2,,,,,0.0,0.0,13856.1
182.03,0.0,25570.3,,,,,0.0,0.0,13856.2
183.03,0.0,25650.8,,,,,0.0,0.0,13856.2
184.03,0.0,25758.9,,,,,0.0,0.0,13856.2
185.03,0.0,25889.6,,,,,0.0,0.0,13856.2
186.03,0.0,26088.7,,,,,0.0,0.0,13952.0
187.03,0.0,26550.4,,,,,0.0,0.0,13116.6
188.03,0.0,26696.2,,,,,0.0,0.0,9319.7
189.03,0.0,26942.3,,,,,0.0,0.0,7145.5
190.04,0.0,26942.3,,,,,0.0,0.0,7415.2
191.04,0.0,26942.3,,,,,0.0,0.0,7415.4
192.04,100.0,26874.2,,,,,100.0,100.0,7415.5
193.04,0.0,26874.2,,,,,0.0,0.0,7488.3
194.04,0.0,26874.2,,,,,0.0,0.0,7620.3
195.04,0.0,26874.2,,,,,0.0,0.0,7737.3
196.04,0.0,26874.2,,,,,0.0,0.0,8405.2
197.04,0.0,26874.2,,,,,0.0,0.0,9228.0
198.04,0.0,26874.2,,,,,0.0,0.0,11571.8
199.04,0.0,26874.2,,,,,0.0,0.0,14022.2
200.04,0.0,26874.2,,,,,0.0,0.0,15463.2
201.04,0.0,26874.2,,,,,0.0,0.0,16414.0
202.04,0.0,26874.2,,,,,0.0,0.0,16917.7
203.04,0.0,26874.2,,,,,0.0,0.0,17259.1
204.04,0.0,26890.5,,,,,0.0,0.0,17343.7
205.04,0.0,27017.7,,,,,0.0,0.0,17343.7
206.04,0.0,27124.2,,,,,0.0,0.0,17343.7
207.04,0.0,27249.7,,,,,0.0,0.0,17343.8
208.04,0.0,27288.6,,,,,0.0,0.0,17343.9
209.04,0.0,27481.8,,,,,0.0,0.0,17343.9
210.04,0.0,27627.6,,,,,0.0,0.0,17524.8
211.04,0.0,28036.9,,,,,0.0,0.0,15953.4
212.04,0.0,28105.0,,,,,0.0,0.0,13894.8
213.04,0.0,28246.2,,,,,0.0,0.0,11206.0
214.04,0.0,28314.3,,,,,0.0,0.0,11204.5
215.04,100.0,28382.4,,,,,100.0,100.0,11209.2
216.04,0.0,28416.4,,,,,0.0,0.0,11211.8
217.04,0.0,28416.4,,,,,0.0,0.0,11214.8
218.04,100.0,28416.4,,,,,100.0,100.0,11219.2
219.04,0.0,28416.4,,,,,0.0,0.0,11219.2
220.04,0.0,28416.4,,,,,0.0,0.0,11219.2
221.04,100.0,28348.4,,,,,100.0,100.0,11411.6
222.04,0.0,28348.4,,,,,0.0,0.0,11693.6
223.04,0.0,28875.0,,,,,0.0,0.0,12057.9
224.04,100.0,28807.4,,,,,100.0,100.0,12121.7
225.04,0.0,28807.4,,,,,0.0,0.0,12121.7
226.04,0.0,28807.4,,,,,0.0,0.0,12121.7
227.04,100.0,28739.2,,,,,100.0,100.0,12121.8
228.04,0.0,28739.2,,,,,0.0,0.0,12121.8
229.04,100.0,28671.0,,,,,100.0,100.0,12121.8
230.04,0.0,28671.0,,,,,0.0,0.0,12121.8
231.04,0.0,28671.0,,,,,0.0,0.0,12121.8
232.04,100.0,28570.8,,,,,100.0,100.0,11959.9
233.04,0.0,28570.9,,,,,0.0,0.0,11970.5
234.04,0.0,28707.1,,,,,0.0,0.0,11976.8
235.04,0.0,28775.3,,,,,0.0,0.0,11970.0
236.04,100.0,28843.3,,,,,100.0,100.0,11978.7
237.04,0.0,28843.3,,,,,0.0,0.0,11977.5
238.04,100.0,28843.3,,,,,100.0,100.0,11977.9
239.04,0.0,28843.3,,,,,0.0,0.0,11977.6
240.04,0.0,28843.3,,,,,0.0,0.0,11977.6
241.04,100.0,28843.3,,,,,100.0,100.0,11980.2
242.04,0.0,28843.3,,,,,0.0,0.0,11980.2
243.04,0.0,28843.3,,,,,0.0,0.0,11980.2
244.04,100.0,28775.3,,,,,100.0,100.0,12198.5
245.04,0.0,28775.3,,,,,0.0,0.0,12396.3
246.04,0.0,28912.9,,,,,0.0,0.0,13060.7
247.04,100.0,28845.3,,,,,100.0,100.0,13064.8
248.04,0.0,28845.3,,,,,0.0,0.0,13064.8
249.04,0.0,28845.3,,,,,0.0,0.0,13064.8
250.04,100.0,28777.0,,,,,100.0,100.0,13064.8
251.04,0.0,28777.0,,,,,0.0,0.0,13064.8
252.04,100.0,28708.8,,,,,100.0,100.0,13064.8
253.04,0.0,28708.8,,,,,0.0,0.0,13064.8
254.04,0.0,28708.8,,,,,0.0,0.0,13064.8
255.04,100.0,28608.6,,,,,100.0,100.0,13075.3
256.04,0.0,28608.7,,,,,0.0,0.0,12637.9
257.05,0.0,28744.9,,,,,0.0,0.0,12640.3
258.05,0.0,28813.0,,,,,0.0,0.0,12638.1
259.05,100.0,28881.0,,,,,100.0,100.0,12640.2
260.05,0.0,28881.0,,,,,0.0,0.0,12648.2
261.05,0.0,28881.0,,,,,0.0,0.0,12648.2
262.05,100.0,28881.0,,,,,100.0,100.0,12648.3
263.05,0.0,28881.0,,,,,0.0,0.0,12648.3
264.05,100.0,28881.0,,,,,100.0,100.0,12649.2
265.05,0.0,28881.0,,,,,0.0,0.0,12649.2
266.05,0.0,28881.0,,,,,0.0,0.0,12649.2
267.05,100.0,28913.0,,,,,100.0,100.0,12651.2
268.05,0.0,28913.0,,,,,0.0,0.0,12651.2
269.05,0.0,28913.0,,,,,0.0,0.0,12651.2
270.05,100.0,28845.4,,,,,100.0,100.0,12655.2
271.05,0.0,28845.4,,,,,0.0,0.0,12655.2
272.05,0.0,28845.4,,,,,0.0,0.0,12655.2
273.05,100.0,28777.1,,,,,100.0,100.0,12655.4
274.05,0.0,28777.1,,,,,0.0,0.0,12655.4
275.05,0.0,28777.1,,,,,0.0,0.0,12655.4
276.05,100.0,28708.9,,,,,100.0,100.0,12655.4
277.05,0.0,28708.9,,,,,0.0,0.0,12655.4
278.05,100.0,28608.6,,,,,100.0,100.0,12629.1
279.05,0.0,28608.7,,,,,0.0,0.0,12637.6
280.05,0.0,28744.9,,,,,0.0,0.0,12630.9
281.05,0.0,28813.0,,,,,0.0,0.0,12638.7
282.05,100.0,28881.0,,,,,100.0,100.0,12650.0
283.05,0.0,28881.0,,,,,0.0,0.0,12649.8
284.05,0.0,28881.0,,,,,0.0,0.0,12649.8
285.05,100.0,28881.0,,,,,100.0,100.0,12649.6
286.05,0.0,28881.0,,,,,0.0,0.0,12649.6
287.05,100.0,28881.0,,,,,100.0,100.0,12650.0
288.05,0.0,28881.0,,,,,0.0,0.0,12650.5
289.05,0.0,28881.0,,,,,0.0,0.0,12650.5
290.05,100.0,28913.0,,,,,100.0,100.0,12652.5
291.05,0.0,28913.0,,,,,0.0,0.0,12652.5
292.05,0.0,28913.0,,,,,0.0,0.0,12652.5
293.05,100.0,28845.4,,,,,100.0,100.0,12656.2
294.05,0.0,28845.4,,,,,0.0,0.0,12656.2
295.05,0.0,28845.4,,,,,0.0,0.0,12656.2
296.05,100.0,28777.1,,,,,100.0,100.0,12656.4
297.05,0.0,28777.1,,,,,0.0,0.0,12656.4
298.05,0.0,28777.1,,,,,0.0,0.0,12656.4
299.05,100.0,28708.9,,,,,100.0,100.0,12656.4
300.05,0.0,28708.9,,,,,0.0,0.0,12656.4
301.05,100.0,28608.6,,,,,100.0,100.0,12656.4
302.05,0.0,28608.7,,,,,0.0,0.0,12638.3
303.05,0.0,28744.9,,,,,0.0,0.0,12650.2
304.05,0.0,28813.0,,,,,0.0,0.0,12639.4
305.05,100.0,28847.0,,,,,100.0,100.0,12647.1
306.05,0.0,28881.0,,,,,0.0,0.0,12651.3
307.05,0.0,28881.0,,,,,0.0,0.0,12651.3
308.05,100.0,28881.0,,,,,100.0,100.0,12651.4
309.05,0.0,28881.0,,,,,0.0,0.0,12651.4
310.05,100.0,28881.0,,,,,100.0,100.0,12651.8
311.05,0.0,28881.0,,,,,0.0,0.0,12652.2
312.05,0.0,28881.0,,,,,0.0,0.0,12652.2
313.05,100.0,28913.0,,,,,100.0,100.0,12654.1
314.05,0.0,28913.0,,,,,0.0,0.0,12654.1
315.05,0.0,28913.0,,,,,0.0,0.0,12654.1
316.05,100.0,28845.4,,,,,100.0,100.0,12657.7
317.05,0.0,28845.4,,,,,0.0,0.0,12657.7
318.05,0.0,28845.4,,,,,0.0,0.0,12657.7
319.05,100.0,28777.1,,,,,100.0,100.0,12657.9
320.05,0.0,28777.1,,,,,0.0,0.0,12657.9
321.05,0.0,28777.1,,,,,0.0,0.0,12657.9
322.05,100.0,28708.9,,,,,100.0,100.0,12657.9
323.05,0.0,28708.9,,,,,0.0,0.0,12657.9
324.05,100.0,28608.6,,,,,100.0,100.0,12658.0
325.05,0.0,28608.7,,,,,0.0,0.0,12639.1
326.05,0.0,28744.9,,,,,0.0,0.0,12651.6
327.05,0.0,28813.0,,,,,0.0,0.0,12652.8
328.05,100.0,28813.0,,,,,100.0,100.0,12647.9
329.06,0.0,28881.0,,,,,0.0,0.0,12652.6
330.06,0.0,28881.0,,,,,0.0,0.0,12652.6
331.06,100.0,28881.0,,,,,100.0,100.0,12652.7
332.06,0.0,28881.0,,,,,0.0,0.0,12652.7
333.06,0.0,28881.0,,,,,0.0,0.0,12652.7
334.06,100.0,28881.0,,,,,100.0,100.0,12653.6
335.06,0.0,28881.0,,,,,0.0,0.0,12653.6
336.06,100.0,28913.0,,,,,100.0,100.0,12655.5
337.06,0.0,28913.0,,,,,0.0,0.0,12655.5
338.06,0.0,28913.0,,,,,0.0,0.0,12655.5
339.06,100.0,28845.4,,,,,100.0,100.0,12658.7
340.06,0.0,28845.4,,,,,0.0,0.0,12658.7
341.06,0.0,28845.4,,,,,0.0,0.0,12658.7
342.06,100.0,28777.1,,,,,100.0,100.0,12658.9
343.06,0.0,28777.1,,,,,0.0,0.0,12658.9
344.06,0.0,28777.1,,,,,0.0,0.0,12658.9
345.06,100.0,28708.9,,,,,100.0,100.0,12658.9
346.06,0.0,28708.9,,,,,0.0,0.0,12658.9
347.06,0.0,28708.9,,,,,0.0,0.0,12658.9
348.06,100.0,28608.7,,,,,100.0,100.0,12648.0
349.06,0.0,28710.9,,,,,0.0,0.0,12649.8
350.06,0.0,28813.0,,,,,0.0,0.0,12646.7
351.06,100.0,28813.0,,,,,100.0,100.0,12646.8
352.06,0.0,28881.0,,,,,0.0,0.0,12653.6
353.06,0.0,28881.0,,,,,0.0,0.0,12653.6
354.06,100.0,28881.0,,,,,100.0,100.0,12653.6
355.06,0.0,28881.0,,,,,0.0,0.0,12653.6
356.06,0.0,28881.0,,,,,0.0,0.0,12653.6
357.06,100.0,28881.0,,,,,100.0,100.0,12654.4
358.06,0.0,28881.0,,,,,0.0,0.0,12654.4
359.06,100.0,28913.0,,,,,100.0,100.0,12656.3
360.06,0.0,28913.0,,,,,0.0,0.0,12656.3
361.06,0.0,28913.0,,,,,0.0,0.0,12656.3
362.06,100.0,28845.4,,,,,100.0,100.0,12659.7
363.06,0.0,28845.4,,,,,0.0,0.0,12659.7
364.06,0.0,28845.4,,,,,0.0,0.0,12659.7
365.06,100.0,28777.1,,,,,100.0,100.0,12659.9
366.06,0.0,28777.1,,,,,0.0,0.0,12659.9
367.06,0.0,28777.1,,,,,0.0,0.0,12659.9
368.06,100.0,28708.9,,,,,100.0,100.0,12659.9
369.06,0.0,28708.9,,,,,0.0,0.0,12659.9
370.06,0.0,28708.9,,,,,0.0,0.0,12659.9
371.06,100.0,28608.7,,,,,100.0,100.0,12639.0
372.06,0.0,28676.8,,,,,0.0,0.0,12646.6
373.06,0.0,28813.0,,,,,0.0,0.0,12637.7
374.06,100.0,28813.0,,,,,100.0,100.0,12643.9
375.06,0.0,28881.0,,,,,0.0,0.0,12654.7
376.06,0.0,28881.0,,,,,0.0,0.0,12654.7
377.06,100.0,28881.0,,,,,100.0,100.0,12652.3
378.06,0.0,28881.0,,,,,0.0,0.0,12654.7
379.06,0.0,28881.0,,,,,0.0,0.0,12654.7
380.06,100.0,28881.0,,,,,100.0,100.0,12655.5
381.06,0.0,28881.0,,,,,0.0,0.0,12655.5
382.06,0.0,28881.0,,,,,0.0,0.0,12655.5
383.06,100.0,28913.0,,,,,100.0,100.0,12657.4
384.06,0.0,28913.0,,,,,0.0,0.0,12657.4
385.06,100.0,28845.4,,,,,100.0,100.0,12660.8
386.06,0.0,28845.4,,,,,0.0,0.0,12660.8
387.06,0.0,28845.4,,,,,0.0,0.0,12660.8
388.06,100.0,28777.1,,,,,100.0,100.0,12661.0
389.06,0.0,28777.1,,,,,0.0,0.0,12661.0
390.06,0.0,28777.1,,,,,0.0,0.0,12661.0
391.06,100.0,28708.9,,,,,100.0,100.0,12661.0
392.06,0.0,28708.9,,,,,0.0,0.0,12661.0
393.06,0.0,28708.9,,,,,0.0,0.0,12661.0
394.06,100.0,28608.7,,,,,100.0,100.0,12634.8
395.06,0.0,28676.8,,,,,0.0,0.0,12642.4
396.06,0.0,28813.0,,,,,0.0,0.0,12655.6
397.06,100.0,28813.0,,,,,100.0,100.0,12644.3
398.06,0.0,28881.0,,,,,0.0,0.0,12653.6
399.07,0.0,28881.0,,,,,0.0,0.0,12655.7
400.07,100.0,28881.0,,,,,100.0,100.0,12646.4
401.07,0.0,28881.0,,,,,0.0,0.0,12655.7
402.07,0.0,28881.0,,,,,0.0,0.0,12655.7
403.07,100.0,28881.0,,,,,100.0,100.0,12656.5
404.07,0.0,28881.0,,,,,0.0,0.0,12656.5
405.07,0.0,28881.0,,,,,0.0,0.0,12656.5
406.07,100.0,28913.0,,,,,100.0,100.0,12658.3
407.07,0.0,28913.0,,,,,0.0,0.0,12658.3
408.07,100.0,28845.4,,,,,100.0,100.0,12661.9
409.07,0.0,28845.4,,,,,0.0,0.0,12661.9
410.07,0.0,28845.4,,,,,0.0,0.0,12661.9
411.07,100.0,28777.1,,,,,100.0,100.0,12662.1
412.07,0.0,28777.1,,,,,0.0,0.0,12662.1
413.07,0.0,28777.1,,,,,0.0,0.0,12662.1
414.07,100.0,28708.9,,,,,100.0,100.0,12662.1
415.07,0.0,28708.9,,,,,0.0,0.0,12662.1
416.07,0.0,28708.9,,,,,0.0,0.0,12662.1
417.07,100.0,28608.7,,,,,100.0,100.0,12655.2
418.07,0.0,28676.8,,,,,0.0,0.0,12644.2
419.07,0.0,28813.0,,,,,0.0,0.0,12656.5
420.07,100.0,28813.0,,,,,100.0,100.0,12657.5
421.07,0.0,28881.0,,,,,0.0,0.0,12654.3
422.07,0.0,28881.0,,,,,0.0,0.0,12657.0
423.07,100.0,28881.0,,,,,100.0,100.0,12647.8
424.07,0.0,28881.0,,,,,0.0,0.0,12656.9
425.07,0.0,28881.0,,,,,0.0,0.0,12656.9
426.07,100.0,28881.0,,,,,100.0,100.0,12657.5
427.07,0.0,28881.0,,,,,0.0,0.0,12657.5
428.07,0.0,28881.0,,,,,0.0,0.0,12657.5
429.07,100.0,28913.0,,,,,100.0,100.0,12659.4
430.07,0.0,28913.0,,,,,0.0,0.0,12659.4
431.07,100.0,28845.4,,,,,100.0,100.0,12663.0
432.07,0.0,28845.4,,,,,0.0,0.0,12663.0
433.07,0.0,28845.4,,,,,0.0,0.0,12663.0
434.07,100.0,28777.1,,,,,100.0,100.0,12663.2
435.07,0.0,28777.1,,,,,0.0,0.0,12663.2
436.07,0.0,28777.1,,,,,0.0,0.0,12663.2
437.07,100.0,28708.9,,,,,100.0,100.0,12663.2
438.07,0.0,28708.9,,,,,0.0,0.0,12663.2
439.07,0.0,28708.9,,,,,0.0,0.0,12663.2
440.07,100.0,28608.7,,,,,100.0,100.0,12656.4
441.07,0.0,28676.8,,,,,0.0,0.0,12656.3
442.07,0.0,28779.0,,,,,0.0,0.0,12653.5
443.07,100.0,28813.0,,,,,100.0,100.0,12651.7
444.07,0.0,28881.0,,,,,0.0,0.0,12651.0
445.07,0.0,28881.0,,,,,0.0,0.0,12658.1
446.07,100.0,28881.0,,,,,100.0,100.0,12646.4
447.07,0.0,28881.0,,,,,0.0,0.0,12658.0
448.07,0.0,28881.0,,,,,0.0,0.0,12658.0
449.07,100.0,28881.0,,,,,100.0,100.0,12658.8
450.07,0.0,28881.0,,,,,0.0,0.0,12658.8
451.07,0.0,28881.0,,,,,0.0,0.0,12658.8
452.07,100.0,28913.0,,,,,100.0,100.0,12660.9
453.07,0.0,28913.0,,,,,0.0,0.0,12660.9
454.07,100.0,28845.0,,,,,100.0,100.0,12663.8
455.07,0.0,28845.4,,,,,0.0,0.0,12664.0
456.07,0.0,28845.4,,,,,0.0,0.0,12664.0
457.07,100.0,28777.1,,,,,100.0,100.0,12664.1
458.07,0.0,28777.1,,,,,0.0,0.0,12664.1
459.07,0.0,28777.1,,,,,0.0,0.0,12664.1
460.07,100.0,28708.9,,,,,100.0,100.0,12664.1
461.07,0.0,28708.9,,,,,0.0,0.0,12664.1
462.07,0.0,28708.9,,,,,0.0,0.0,12664.1
463.07,100.0,28574.6,,,,,100.0,100.0,12655.0
464.07,0.0,28676.8,,,,,0.0,0.0,12642.6
465.07,0.0,28744.9,,,,,0.0,0.0,12651.3
466.07,100.0,28813.0,,,,,100.0,100.0,12642.1
467.07,0.0,28881.0,,,,,0.0,0.0,12650.6
468.07,0.0,28881.0,,,,,0.0,0.0,12658.8
469.07,100.0,28881.0,,,,,100.0,100.0,12647.3
470.07,0.0,28881.0,,,,,0.0,0.0,12658.7
471.08,0.0,28881.0,,,,,0.0,0.0,12658.7
472.08,100.0,28881.0,,,,,100.0,100.0,12659.5
473.08,0.0,28881.0,,,,,0.0,0.0,12659.5
474.08,0.0,28881.0,,,,,0.0,0.0,12659.5
475.08,100.0,28913.0,,,,,100.0,100.0,12661.4
476.08,0.0,28913.0,,,,,0.0,0.0,12661.4
477.08,0.0,28913.0,,,,,0.0,0.0,12661.4
478.08,100.0,28845.4,,,,,100.0,100.0,12664.7
479.08,0.0,28845.4,,,,,0.0,0.0,12664.7
480.08,100.0,28777.1,,,,,100.0,100.0,12664.9
481.08,0.0,28777.1,,,,,0.0,0.0,12664.9
482.08,0.0,28777.1,,,,,0.0,0.0,12664.9
483.08,100.0,28708.9,,,,,100.0,100.0,12664.9
484.08,0.0,28708.9,,,,,0.0,0.0,12664.9
485.08,0.0,28708.9,,,,,0.0,0.0,12664.9
486.08,100.0,28608.6,,,,,100.0,100.0,12651.8
487.08,0.0,28676.8,,,,,0.0,0.0,12643.6
488.08,0.0,28744.9,,,,,0.0,0.0,12649.8
489.08,100.0,28813.0,,,,,100.0,100.0,12660.2
490.08,0.0,28881.0,,,,,0.0,0.0,12649.1
491.08,0.0,28881.0,,,,,0.0,0.0,12659.7
492.08,100.0,28881.0,,,,,100.0,100.0,12647.9
493.08,0.0,28881.0,,,,,0.0,0.0,12659.7
494.08,0.0,28881.0,,,,,0.0,0.0,12659.7
495.08,100.0,28881.0,,,,,100.0,100.0,12660.5
496.08,0.0,28881.0,,,,,0.0,0.0,12660.5
497.08,0.0,28881.0,,,,,0.0,0.0,12660.5
498.08,100.0,28913.0,,,,,100.0,100.0,12662.5
499.08,0.0,28913.0,,,,,0.0,0.0,12662.5
500.08,0.0,28913.0,,,,,0.0,0.0,12662.5
501.08,100.0,28845.4,,,,,100.0,100.0,12665.8
502.08,0.0,28845.4,,,,,0.0,0.0,12665.8
503.08,100.0,28777.1,,,,,100.0,100.0,12666.0
504.08,0.0,28777.1,,,,,0.0,0.0,12666.0
505.08,0.0,28777.1,,,,,0.0,0.0,12666.0
506.08,100.0,28708.9,,,,,100.0,100.0,12666.0
507.08,0.0,28708.9,,,,,0.0,0.0,12666.0
508.08,0.0,28708.9,,,,,0.0,0.0,12666.0
509.08,100.0,28608.6,,,,,100.0,100.0,12648.9
510.08,0.0,28676.8,,,,,0.0,0.0,12659.1
511.08,0.0,28744.9,,,,,0.0,0.0,12650.5
512.08,100.0,28813.0,,,,,100.0,100.0,12660.8
513.08,0.0,28881.0,,,,,0.0,0.0,12650.6
514.08,0.0,28881.0,,,,,0.0,0.0,12660.6
515.08,100.0,28881.0,,,,,100.0,100.0,12661.3
516.08,0.0,28881.0,,,,,0.0,0.0,12660.7
517.08,0.0,28881.0,,,,,0.0,0.0,12660.7
518.08,100.0,28881.0,,,,,100.0,100.0,12661.4
519.08,0.0,28881.0,,,,,0.0,0.0,12661.4
520.08,0.0,28881.0,,,,,0.0,0.0,12661.4
521.08,100.0,28913.0,,,,,100.0,100.0,12663.3
522.08,0.0,28913.0,,,,,0.0,0.0,12663.3
523.08,0.0,28913.0,,,,,0.0,0.0,12663.3
524.08,100.0,28845.4,,,,,100.0,100.0,12666.8
525.08,0.0,28845.4,,,,,0.0,0.0,12666.8
526.08,100.0,28777.1,,,,,100.0,100.0,12666.9
527.08,0.0,28777.1,,,,,0.0,0.0,12666.9
528.08,0.0,28777.1,,,,,0.0,0.0,12666.9
529.08,100.0,28708.9,,,,,100.0,100.0,12666.9
530.08,0.0,28708.9,,,,,0.0,0.0,12666.9
531.08,0.0,28708.9,,,,,0.0,0.0,12666.9
532.08,100.0,28608.6,,,,,100.0,100.0,12649.7
533.08,0.0,28676.8,,,,,0.0,0.0,12660.2
534.08,0.0,28744.9,,,,,0.0,0.0,12660.7
535.08,100.0,28813.0,,,,,100.0,100.0,12661.7
536.08,0.0,28881.0,,,,,0.0,0.0,12662.2
537.08,0.0,28881.0,,,,,0.0,0.0,12661.7
538.08,100.0,28881.0,,,,,100.0,100.0,12644.9
539.08,0.0,28881.0,,,,,0.0,0.0,12661.7
540.08,0.0,28881.0,,,,,0.0,0.0,12661.7
541.08,100.0,28881.0,,,,,100.0,100.0,12662.5
542.08,0.0,28881.0,,,,,0.0,0.0,12662.5
543.08,0.0,28881.0,,,,,0.0,0.0,12662.5
544.08,100.0,28913.0,,,,,100.0,100.0,12664.4
545.08,0.0,28913.0,,,,,0.0,0.0,12664.4
546.09,0.0,28913.0,,,,,0.0,0.0,12664.4
547.09,100.0,28845.4,,,,,100.0,100.0,12667.6
548.09,0.0,28845.4,,,,,0.0,0.0,12667.6
549.09,100.0,28777.1,,,,,100.0,100.0,12667.7
550.09,0.0,28777.1,,,,,0.0,0.0,12667.7
551.09,0.0,28777.1,,,,,0.0,0.0,12667.7
552.09,100.0,28708.9,,,,,100.0,100.0,12667.7
553.09,0.0,28708.9,,,,,0.0,0.0,12667.7
554.09,0.0,28708.9,,,,,0.0,0.0,12667.7
555.09,100.0,28608.6,,,,,100.0,100.0,12658.8
556.09,0.0,28676.8,,,,,0.0,0.0,12641.7
557.09,0.0,28744.9,,,,,0.0,0.0,12655.2
558.09,0.0,28813.0,,,,,0.0,0.0,12657.8
559.09,100.0,28881.0,,,,,100.0,100.0,12648.0
560.09,0.0,28881.0,,,,,0.0,0.0,12662.6
561.09,100.0,28881.0,,,,,100.0,100.0,12663.3
562.09,0.0,28881.0,,,,,0.0,0.0,12662.6
563.09,0.0,28881.0,,,,,0.0,0.0,12662.6
564.09,100.0,28881.0,,,,,100.0,100.0,12663.4
565.09,0.0,28881.0,,,,,0.0,0.0,12663.4
566.09,0.0,28881.0,,,,,0.0,0.0,12663.4
567.09,100.0,28913.0,,,,,100.0,100.0,12665.3
568.09,0.0,28913.0,,,,,0.0,0.0,12665.3
569.09,0.0,28913.0,,,,,0.0,0.0,12665.3
570.09,100.0,28845.4,,,,,100.0,100.0,12668.2
571.09,0.0,28845.4,,,,,0.0,0.0,12668.2
572.09,0.0,28845.4,,,,,0.0,0.0,12668.2
573.09,100.0,28777.1,,,,,100.0,100.0,12668.4
574.09,0.0,28777.1,,,,,0.0,0.0,12668.4
575.09,100.0,28708.9,,,,,100.0,100.0,12668.4
576.09,0.0,28708.9,,,,,0.0,0.0,12668.4
577.09,0.0,28708.9,,,,,0.0,0.0,12668.4
578.09,100.0,28608.6,,,,,100.0,100.0,12647.5
579.09,0.0,28676.8,,,,,0.0,0.0,12661.4
580.09,0.0,28744.9,,,,,0.0,0.0,12649.8
581.09,0.0,28847.0,,,,,0.0,0.0,12661.7
582.09,100.0,28881.0,,,,,100.0,100.0,12649.5
583.09,0.0,28881.0,,,,,0.0,0.0,12663.2
584.09,100.0,28881.0,,,,,100.0,100.0,12663.7
585.09,0.0,28881.0,,,,,0.0,0.0,12663.3
586.09,0.0,28881.0,,,,,0.0,0.0,12663.3
587.09,100.0,28881.0,,,,,100.0,100.0,12664.0
588.09,0.0,28881.0,,,,,0.0,0.0,12664.0
589.09,0.0,28881.0,,,,,0.0,0.0,12664.0
590.09,100.0,28913.0,,,,,100.0,100.0,12665.9
591.09,0.0,28913.0,,,,,0.0,0.0,12665.9
592.09,0.0,28913.0,,,,,0.0,0.0,12665.9
593.09,100.0,28845.4,,,,,100.0,100.0,12669.5
594.09,0.0,28845.4,,,,,0.0,0.0,12669.5
595.09,0.0,28845.4,,,,,0.0,0.0,12669.5
596.09,100.0,28777.1,,,,,100.0,100.0,12669.7
597.09,0.0,28777.1,,,,,0.0,0.0,12669.7
598.09,100.0,28708.9,,,,,100.0,100.0,12669.7
599.09,0.0,28708.9,,,,,0.0,0.0,12669.7
600.09,0.0,28708.9,,,,,0.0,0.0,12669.7
601.09,100.0,28608.6,,,,,100.0,100.0,12649.2
602.09,0.0,28642.8,,,,,0.0,0.0,12658.1
603.09,0.0,28744.9,,,,,0.0,0.0,12663.2
604.09,0.0,28813.0,,,,,0.0,0.0,12657.5
605.09,100.0,28847.0,,,,,100.0,100.0,12663.4
606.09,0.0,28881.0,,,,,0.0,0.0,12664.1
607.09,100.0,28881.0,,,,,100.0,100.0,12664.3
608.09,0.0,28881.0,,,,,0.0,0.0,12664.4
609.09,0.0,28881.0,,,,,0.0,0.0,12664.4
610.09,100.0,28881.0,,,,,100.0,100.0,12665.2
611.09,0.0,28881.0,,,,,0.0,0.0,12665.2
612.09,0.0,28881.0,,,,,0.0,0.0,12665.2
613.09,100.0,28913.0,,,,,100.0,100.0,12667.1
614.09,0.0,28913.0,,,,,0.0,0.0,12667.1
615.09,0.0,28913.0,,,,,0.0,0.0,12667.1
616.1,100.0,28845.4,,,,,100.0,100.0,12670.0
617.1,0.0,28845.4,,,,,0.0,0.0,12670.0
618.1,0.0,28845.4,,,,,0.0,0.0,12670.0
619.1,100.0,28777.1,,,,,100.0,100.0,12670.2
620.1,0.0,28777.1,,,,,0.0,0.0,12670.2
621.1,100.0,28708.9,,,,,100.0,100.0,12670.2
622.1,0.0,28708.9,,,,,0.0,0.0,12670.2
623.1,0.0,28708.9,,,,,0.0,0.0,12670.2
624.1,100.0,28608.6,,,,,100.0,100.0,12670.3
625.1,0.0,28608.7,,,,,0.0,0.0,12656.4
626.1,0.0,28744.9,,,,,0.0,0.0,12664.2
627.1,0.0,28813.0,,,,,0.0,0.0,12655.7
628.1,100.0,28881.0,,,,,100.0,100.0,12662.8
629.1,0.0,28881.0,,,,,0.0,0.0,12664.8
630.1,0.0,28881.0,,,,,0.0,0.0,12664.8
631.1,100.0,28881.0,,,,,100.0,100.0,12664.7
632.1,0.0,28881.0,,,,,0.0,0.0,12664.7
633.1,100.0,28881.0,,,,,100.0,100.0,12665.5
634.1,0.0,28881.0,,,,,0.0,0.0,12665.5
635.1,0.0,28881.0,,,,,0.0,0.0,12665.5
636.1,100.0,28913.0,,,,,100.0,100.0,12667.5
637.1,0.0,28913.0,,,,,0.0,0.0,12667.5
638.1,0.0,28913.0,,,,,0.0,0.0,12667.5
639.1,100.0,28845.4,,,,,100.0,100.0,12670.3
640.1,0.0,28845.4,,,,,0.0,0.0,12670.3
641.1,0.0,28845.4,,,,,0.0,0.0,12670.3
642.1,100.0,28777.1,,,,,100.0,100.0,12670.5
643.1,0.0,28777.1,,,,,0.0,0.0,12670.5
644.1,0.0,28777.1,,,,,0.0,0.0,12670.5
645.1,100.0,28708.9,,,,,100.0,100.0,12670.5
646.1,0.0,28708.9,,,,,0.0,0.0,12670.5
647.1,100.0,28608.6,,,,,100.0,100.0,12670.7
648.1,0.0,28608.7,,,,,0.0,0.0,12654.1
649.1,0.0,28744.9,,,,,0.0,0.0,12647.1
650.1,0.0,28813.0,,,,,0.0,0.0,12654.1
651.1,100.0,28881.0,,,,,100.0,100.0,12665.9
652.1,0.0,28881.0,,,,,0.0,0.0,12665.6
653.1,0.0,28881.0,,,,,0.0,0.0,12665.6
654.1,100.0,28881.0,,,,,100.0,100.0,12665.8
655.1,0.0,28881.0,,,,,0.0,0.0,12665.8
656.1,100.0,28881.0,,,,,100.0,100.0,12666.1
657.1,0.0,28881.0,,,,,0.0,0.0,12666.5
658.1,0.0,28881.0,,,,,0.0,0.0,12666.5
659.1,100.0,28913.0,,,,,100.0,100.0,12668.4
660.1,0.0,28913.0,,,,,0.0,0.0,12668.4
661.1,0.0,28913.0,,,,,0.0,0.0,12668.4
662.1,100.0,28845.4,,,,,100.0,100.0,12671.4
663.1,0.0,28845.4,,,,,0.0,0.0,12671.4
664.1,0.0,28845.4,,,,,0.0,0.0,12671.4
665.1,100.0,28777.1,,,,,100.0,100.0,12671.6
666.1,0.0,28777.1,,,,,0.0,0.0,12671.6
667.1,0.0,28777.1,,,,,0.0,0.0,12671.6
668.1,100.0,28708.9,,,,,100.0,100.0,12671.6
669.1,0.0,28708.9,,,,,0.0,0.0,12671.6
670.1,100.0,28608.6,,,,,100.0,100.0,12644.7
671.1,0.0,28608.7,,,,,0.0,0.0,12651.7
672.1,0.0,28710.9,,,,,0.0,0.0,12662.4
673.1,0.0,28813.0,,,,,0.0,0.0,12659.6
674.1,100.0,28813.0,,,,,100.0,100.0,12656.8
675.1,0.0,28881.0,,,,,0.0,0.0,12666.2
676.1,0.0,28881.0,,,,,0.0,0.0,12666.2
677.1,100.0,28881.0,,,,,100.0,100.0,12666.2
678.1,0.0,28881.0,,,,,0.0,0.0,12666.2
679.11,100.0,28881.0,,,,,100.0,100.0,12666.6
680.11,0.0,28881.0,,,,,0.0,0.0,12667.0
681.11,0.0,28881.0,,,,,0.0,0.0,12667.0
682.11,100.0,28913.0,,,,,100.0,100.0,12669.0
683.11,0.0,28913.0,,,,,0.0,0.0,12669.0
684.11,0.0,28913.0,,,,,0.0,0.0,12669.0
685.11,100.0,28845.4,,,,,100.0,100.0,12672.3
686.11,0.0,28845.4,,,,,0.0,0.0,12672.3
687.11,0.0,28845.4,,,,,0.0,0.0,12672.3
688.11,100.0,28777.1,,,,,100.0,100.0,12672.5
689.11,0.0,28777.1,,,,,0.0,0.0,12672.5
690.11,0.0,28777.1,,,,,0.0,0.0,12672.5
691.11,100.0,28708.9,,,,,100.0,100.0,12672.5
692.11,0.0,28708.9,,,,,0.0,0.0,12672.5
693.11,100.0,28608.6,,,,,100.0,100.0,12672.5
694.11,0.0,28608.7,,,,,0.0,0.0,12653.3
695.11,0.0,28744.9,,,,,0.0,0.0,12666.1
696.11,0.0,28813.0,,,,,0.0,0.0,12654.9
697.11,100.0,28813.0,,,,,100.0,100.0,12661.3
698.11,0.0,28881.0,,,,,0.0,0.0,12667.5
699.11,0.0,28881.0,,,,,0.0,0.0,12667.5
700.11,100.0,28881.0,,,,,100.0,100.0,12667.2
701.11,0.0,28881.0,,,,,0.0,0.0,12667.2
702.11,0.0,28881.0,,,,,0.0,0.0,12667.2
703.11,100.0,28881.0,,,,,100.0,100.0,12667.9
704.11,0.0,28881.0,,,,,0.0,0.0,12667.9
705.11,100.0,28913.0,,,,,100.0,100.0,12670.0
706.11,0.0,28913.0,,,,,0.0,0.0,12670.0
707.11,0.0,28913.0,,,,,0.0,0.0,12670.0
708.11,100.0,28845.4,,,,,100.0,100.0,12673.3
709.11,0.0,28845.4,,,,,0.0,0.0,12673.3
710.11,0.0,28845.4,,,,,0.0,0.0,12673.3
711.11,100.0,28777.1,,,,,100.0,100.0,12673.5
712.11,0.0,28777.1,,,,,0.0,0.0,12673.5
713.11,0.0,28777.1,,,,,0.0,0.0,12673.5
714.11,100.0,28708.9,,,,,100.0,100.0,12673.5
715.11,0.0,28708.9,,,,,0.0,0.0,12673.5
716.11,0.0,28708.9,,,,,0.0,0.0,12673.5
717.11,100.0,28608.7,,,,,100.0,100.0,12666.8
718.11,0.0,28676.8,,,,,0.0,0.0,12660.1
719.11,0.0,28813.0,,,,,0.0,0.0,12668.2
720.11,100.0,28813.0,,,,,100.0,100.0,12658.0
721.11,0.0,28881.0,,,,,0.0,0.0,12667.7
722.11,0.0,28881.0,,,,,0.0,0.0,12668.3
723.11,100.0,28881.0,,,,,100.0,100.0,12665.7
724.11,0.0,28881.0,,,,,0.0,0.0,12668.4
725.11,0.0,28881.0,,,,,0.0,0.0,12668.4
726.11,100.0,28881.0,,,,,100.0,100.0,12669.2
727.11,0.0,28881.0,,,,,0.0,0.0,12669.2
728.11,100.0,28913.0,,,,,100.0,100.0,12671.1
729.11,0.0,28913.0,,,,,0.0,0.0,12671.1
730.11,0.0,28913.0,,,,,0.0,0.0,12671.1
731.11,100.0,28845.4,,,,,100.0,100.0,12674.1
732.11,0.0,28845.4,,,,,0.0,0.0,12674.1
733.11,0.0,28845.4,,,,,0.0,0.0,12674.1
734.11,100.0,28777.1,,,,,100.0,100.0,12674.3
735.11,0.0,28777.1,,,,,0.0,0.0,12674.3
736.11,0.0,28777.1,,,,,0.0,0.0,12674.3
737.11,100.0,28708.9,,,,,100.0,100.0,12674.3
738.11,0.0,28708.9,,,,,0.0,0.0,12674.3
739.11,0.0,28708.9,,,,,0.0,0.0,12674.3
740.12,100.0,28608.7,,,,,100.0,100.0,12660.2
741.12,0.0,28710.9,,,,,0.0,0.0,12663.8
742.12,0.0,28813.0,,,,,0.0,0.0,12663.3
743.12,100.0,28813.0,,,,,100.0,100.0,12668.1
744.12,0.0,28881.0,,,,,0.0,0.0,12669.5
745.12,0.0,28881.0,,,,,0.0,0.0,12669.5
746.12,100.0,28881.0,,,,,100.0,100.0,12664.4
747.12,0.0,28881.0,,,,,0.0,0.0,12669.4
748.12,0.0,28881.0,,,,,0.0,0.0,12669.4
749.12,100.0,28881.0,,,,,100.0,100.0,12670.3
750.12,0.0,28881.0,,,,,0.0,0.0,12670.3
751.12,100.0,28913.0,,,,,100.0,100.0,12672.1
752.12,0.0,28913.0,,,,,0.0,0.0,12672.1
753.12,0.0,28913.0,,,,,0.0,0.0,12672.1
754.12,100.0,28845.4,,,,,100.0,100.0,12674.7
755.12,0.0,28845.4,,,,,0.0,0.0,12674.7
756.12,0.0,28845.4,,,,,0.0,0.0,12674.7
757.12,100.0,28777.1,,,,,100.0,100.0,12674.9
758.12,0.0,28777.1,,,,,0.0,0.0,12674.9
759.12,0.0,28777.1,,,,,0.0,0.0,12674.9
760.12,100.0,28708.9,,,,,100.0,100.0,12674.9
761.12,0.0,28708.9,,,,,0.0,0.0,12674.9
762.12,0.0,28708.9,,,,,0.0,0.0,12674.9
763.12,100.0,28608.7,,,,,100.0,100.0,12649.7
764.12,0.0,28676.8,,,,,0.0,0.0,12658.0
765.12,0.0,28813.0,,,,,0.0,0.0,12669.5
766.12,100.0,28813.0,,,,,100.0,100.0,12657.7
767.12,0.0,28881.0,,,,,0.0,0.0,12667.6
768.12,0.0,28881.0,,,,,0.0,0.0,12669.7
769.12,100.0,28881.0,,,,,100.0,100.0,12661.6
770.12,0.0,28881.0,,,,,0.0,0.0,12669.5
771.12,0.0,28881.0,,,,,0.0,0.0,12669.5
772.12,100.0,28881.0,,,,,100.0,100.0,12670.3
773.12,0.0,28881.0,,,,,0.0,0.0,12670.3
774.12,100.0,28812.9,,,,,100.0,100.0,12670.3
775.12,0.0,28913.0,,,,,0.0,0.0,12672.3
776.12,0.0,28913.0,,,,,0.0,0.0,12672.3
777.12,100.0,28845.4,,,,,100.0,100.0,12675.4
778.12,0.0,28845.4,,,,,0.0,0.0,12675.4
779.12,0.0,28845.4,,,,,0.0,0.0,12675.4
780.12,100.0,28777.1,,,,,100.0,100.0,12675.6
781.12,0.0,28777.1,,,,,0.0,0.0,12675.6
782.12,0.0,28777.1,,,,,0.0,0.0,12675.6
783.12,100.0,28708.9,,,,,100.0,100.0,12675.6
784.12,0.0,28708.9,,,,,0.0,0.0,12675.6
785.12,0.0,28708.9,,,,,0.0,0.0,12675.6
786.12,100.0,28608.7,,,,,100.0,100.0,12669.0
787.12,0.0,28676.8,,,,,0.0,0.0,12658.2
788.12,0.0,28813.0,,,,,0.0,0.0,12670.4
789.12,100.0,28813.0,,,,,100.0,100.0,12658.8
790.12,0.0,28881.0,,,,,0.0,0.0,12667.9
791.12,0.0,28881.0,,,,,0.0,0.0,12670.7
792.12,100.0,28881.0,,,,,100.0,100.0,12662.2
793.12,0.0,28881.0,,,,,0.0,0.0,12670.7
794.12,0.0,28881.0,,,,,0.0,0.0,12670.7
795.12,100.0,28881.0,,,,,100.0,100.0,12671.5
796.12,0.0,28881.0,,,,,0.0,0.0,12671.5
797.12,0.0,28881.0,,,,,0.0,0.0,12671.5
798.12,100.0,28913.0,,,,,100.0,100.0,12673.4
799.12,0.0,28913.0,,,,,0.0,0.0,12673.4
800.12,100.0,28845.4,,,,,100.0,100.0,12676.3
801.12,0.0,28845.4,,,,,0.0,0.0,12676.3
802.12,0.0,28845.4,,,,,0.0,0.0,12676.3
803.12,100.0,28777.1,,,,,100.0,100.0,12676.5
804.12,0.0,28777.1,,,,,0.0,0.0,12676.5
805.12,0.0,28777.1,,,,,0.0,0.0,12676.5
806.12,100.0,28708.9,,,,,100.0,100.0,12676.5
807.12,0.0,28708.9,,,,,0.0,0.0,12676.5
808.13,0.0,28708.9,,,,,0.0,0.0,12676.5
809.13,100.0,28608.7,,,,,100.0,100.0,12670.0
810.13,0.0,28676.8,,,,,0.0,0.0,12658.2
811.13,0.0,28779.0,,,,,0.0,0.0,12669.3
812.13,100.0,28813.0,,,,,100.0,100.0,12671.9
813.13,0.0,28881.0,,,,,0.0,0.0,12664.8
814.13,0.0,28881.0,,,,,0.0,0.0,12671.4
815.13,100.0,28881.0,,,,,100.0,100.0,12660.9
816.13,0.0,28881.0,,,,,0.0,0.0,12671.5
817.13,0.0,28881.0,,,,,0.0,0.0,12671.5
818.13,100.0,28881.0,,,,,100.0,100.0,12672.3
819.13,0.0,28881.0,,,,,0.0,0.0,12672.3
820.13,0.0,28881.0,,,,,0.0,0.0,12672.3
821.13,100.0,28913.0,,,,,100.0,100.0,12674.4
822.13,0.0,28913.0,,,,,0.0,0.0,12674.4
823.13,100.0,28845.4,,,,,100.0,100.0,12676.9
824.13,0.0,28845.4,,,,,0.0,0.0,12676.9
825.13,0.0,28845.4,,,,,0.0,0.0,12676.9
826.13,100.0,28777.1,,,,,100.0,100.0,12677.0
827.13,0.0,28777.1,,,,,0.0,0.0,12677.0
828.13,0.0,28777.1,,,,,0.0,0.0,12677.0
829.13,100.0,28708.9,,,,,100.0,100.0,12677.0
830.13,0.0,28708.9,,,,,0.0,0.0,12677.0
831.13,0.0,28708.9,,,,,0.0,0.0,12677.0
832.13,100.0,28608.7,,,,,100.0,100.0,12666.2
833.13,0.0,28676.8,,,,,0.0,0.0,12656.8
834.13,0.0,28779.0,,,,,0.0,0.0,12669.6
835.13,100.0,28813.0,,,,,100.0,100.0,12658.3
836.13,0.0,28881.0,,,,,0.0,0.0,12665.4
837.13,0.0,28881.0,,,,,0.0,0.0,12671.9
838.13,100.0,28881.0,,,,,100.0,100.0,12660.5
839.13,0.0,28881.0,,,,,0.0,0.0,12672.1
840.13,0.0,28881.0,,,,,0.0,0.0,12672.1
841.13,100.0,28881.0,,,,,100.0,100.0,12672.8
842.13,0.0,28881.0,,,,,0.0,0.0,12672.8
843.13,0.0,28881.0,,,,,0.0,0.0,12672.8
844.13,100.0,28913.0,,,,,100.0,100.0,12674.7
845.13,0.0,28913.0,,,,,0.0,0.0,12674.7
846.13,100.0,28845.4,,,,,100.0,100.0,12677.4
847.13,0.0,28845.4,,,,,0.0,0.0,12677.4
848.13,0.0,28845.4,,,,,0.0,0.0,12677.4
849.13,100.0,28777.1,,,,,100.0,100.0,12677.6
850.13,0.0,28777.1,,,,,0.0,0.0,12677.6
851.13,0.0,28777.1,,,,,0.0,0.0,12677.6
852.13,100.0,28708.9,,,,,100.0,100.0,12677.6
853.13,0.0,28708.9,,,,,0.0,0.0,12677.6
854.13,0.0,28708.9,,,,,0.0,0.0,12677.6
855.13,100.0,28608.7,,,,,100.0,100.0,12670.6
856.13,0.0,28676.8,,,,,0.0,0.0,12658.0
857.13,0.0,28744.9,,,,,0.0,0.0,12667.6
858.13,100.0,28813.0,,,,,100.0,100.0,12659.0
859.13,0.0,28881.0,,,,,0.0,0.0,12663.8
860.13,0.0,28881.0,,,,,0.0,0.0,12672.7
861.13,100.0,28881.0,,,,,100.0,100.0,12661.3
862.13,0.0,28881.0,,,,,0.0,0.0,12672.1
863.13,0.0,28881.0,,,,,0.0,0.0,12672.1
864.13,100.0,28881.0,,,,,100.0,100.0,12672.9
865.13,0.0,28881.0,,,,,0.0,0.0,12672.9
866.13,0.0,28881.0,,,,,0.0,0.0,12672.9
867.13,100.0,28913.0,,,,,100.0,100.0,12674.8
868.13,0.0,28913.0,,,,,0.0,0.0,12674.8
869.13,100.0,28845.0,,,,,100.0,100.0,12676.9
870.13,0.0,28845.4,,,,,0.0,0.0,12677.8
871.13,0.0,28845.4,,,,,0.0,0.0,12677.8
872.13,100.0,28777.1,,,,,100.0,100.0,12677.9
873.13,0.0,28777.1,,,,,0.0,0.0,12677.9
874.13,0.0,28777.1,,,,,0.0,0.0,12677.9
875.13,100.0,28708.9,,,,,100.0,100.0,12678.0
876.13,0.0,28708.9,,,,,0.0,0.0,12678.0
877.14,0.0,28708.9,,,,,0.0,0.0,12678.0
878.14,100.0,28608.6,,,,,100.0,100.0,12667.6
879.14,0.0,28676.8,,,,,0.0,0.0,12671.7
880.14,0.0,28744.9,,,,,0.0,0.0,12664.5
881.14,100.0,28813.0,,,,,100.0,100.0,12673.3
882.14,0.0,28881.0,,,,,0.0,0.0,12663.3
883.14,0.0,28881.0,,,,,0.0,0.0,12673.2
884.14,100.0,28881.0,,,,,100.0,100.0,12674.0
885.14,0.0,28881.0,,,,,0.0,0.0,12673.2
886.14,0.0,28881.0,,,,,0.0,0.0,12673.2
887.14,100.0,28881.0,,,,,100.0,100.0,12674.0
888.14,0.0,28881.0,,,,,0.0,0.0,12674.0
889.14,0.0,28881.0,,,,,0.0,0.0,12674.0
890.14,100.0,28913.0,,,,,100.0,100.0,12675.9
891.14,0.0,28913.0,,,,,0.0,0.0,12675.9
892.14,0.0,28913.0,,,,,0.0,0.0,12675.9
893.14,100.0,28845.4,,,,,100.0,100.0,12678.7
894.14,0.0,28845.4,,,,,0.0,0.0,12678.7
895.14,100.0,28777.1,,,,,100.0,100.0,12678.9
896.14,0.0,28777.1,,,,,0.0,0.0,12678.9
897.14,0.0,28777.1,,,,,0.0,0.0,12678.9
898.14,100.0,28708.9,,,,,100.0,100.0,12678.9
899.14,0.0,28708.9,,,,,0.0,0.0,12678.9
900.14,0.0,28708.9,,,,,0.0,0.0,12678.9
901.14,100.0,28608.6,,,,,100.0,100.0,12665.0
902.14,0.0,28676.8,,,,,0.0,0.0,12664.4
903.14,0.0,28744.9,,,,,0.0,0.0,12663.7
904.14,100.0,28813.0,,,,,100.0,100.0,12665.0
905.14,0.0,28881.0,,,,,0.0,0.0,12669.1
906.14,0.0,28881.0,,,,,0.0,0.0,12673.9
907.14,100.0,28881.0,,,,,100.0,100.0,12660.6
908.14,0.0,28881.0,,,,,0.0,0.0,12673.9
909.14,0.0,28881.0,,,,,0.0,0.0,12673.9
910.14,100.0,28881.0,,,,,100.0,100.0,12674.7
911.14,0.0,28881.0,,,,,0.0,0.0,12674.7
912.14,0.0,28881.0,,,,,0.0,0.0,12674.7
913.14,100.0,28913.0,,,,,100.0,100.0,12676.5
914.14,0.0,28913.0,,,,,0.0,0.0,12676.5
915.14,0.0,28913.0,,,,,0.0,0.0,12676.5
916.14,100.0,28845.4,,,,,100.0,100.0,12679.3
917.14,0.0,28845.4,,,,,0.0,0.0,12679.3
918.14,100.0,28777.1,,,,,100.0,100.0,12679.5
919.14,0.0,28777.1,,,,,0.0,0.0,12679.5
920.14,0.0,28777.1,,,,,0.0,0.0,12679.5
921.14,100.0,28708.9,,,,,100.0,100.0,12679.5
922.14,0.0,28708.9,,,,,0.0,0.0,12679.5
923.14,0.0,28708.9,,,,,0.0,0.0,12679.5
924.14,100.0,28608.6,,,,,100.0,100.0,12661.3
925.14,0.0,28676.8,,,,,0.0,0.0,12654.4
926.14,0.0,28744.9,,,,,0.0,0.0,12662.5
927.14,100.0,28813.0,,,,,100.0,100.0,12674.6
928.14,0.0,28881.0,,,,,0.0,0.0,12663.4
929.14,0.0,28881.0,,,,,0.0,0.0,12674.4
930.14,100.0,28881.0,,,,,100.0,100.0,12659.6
931.14,0.0,28881.0,,,,,0.0,0.0,12674.4
932.14,0.0,28881.0,,,,,0.0,0.0,12674.4
933.14,100.0,28881.0,,,,,100.0,100.0,12675.0
934.14,0.0,28881.0,,,,,0.0,0.0,12675.0
935.14,0.0,28881.0,,,,,0.0,0.0,12675.0
936.14,100.0,28913.0,,,,,100.0,100.0,12677.0
937.14,0.0,28913.0,,,,,0.0,0.0,12677.0
938.14,0.0,28913.0,,,,,0.0,0.0,12677.0
939.14,100.0,28845.4,,,,,100.0,100.0,12680.1
940.14,0.0,28845.4,,,,,0.0,0.0,12680.1
941.14,100.0,28777.1,,,,,100.0,100.0,12680.3
942.14,0.0,28777.1,,,,,0.0,0.0,12680.3
943.14,0.0,28777.1,,,,,0.0,0.0,12680.3
944.14,100.0,28708.9,,,,,100.0,100.0,12680.3
945.15,0.0,28708.9,,,,,0.0,0.0,12680.3
946.15,0.0,28708.9,,,,,0.0,0.0,12680.3
947.15,100.0,28608.6,,,,,100.0,100.0,12661.1
948.15,0.0,28676.8,,,,,0.0,0.0,12673.7
949.15,0.0,28744.9,,,,,0.0,0.0,12661.7
950.15,0.0,28813.0,,,,,0.0,0.0,12673.8
951.15,100.0,28881.0,,,,,100.0,100.0,12663.3
952.15,0.0,28881.0,,,,,0.0,0.0,12675.4
953.15,100.0,28881.0,,,,,100.0,100.0,12676.1
954.15,0.0,28881.0,,,,,0.0,0.0,12675.4
955.15,0.0,28881.0,,,,,0.0,0.0,12675.4
956.15,100.0,28881.0,,,,,100.0,100.0,12676.3
957.15,0.0,28881.0,,,,,0.0,0.0,12676.3
958.15,0.0,28881.0,,,,,0.0,0.0,12676.3
959.15,100.0,28913.0,,,,,100.0,100.0,12678.1
960.15,0.0,28913.0,,,,,0.0,0.0,12678.1
961.15,0.0,28913.0,,,,,0.0,0.0,12678.1
962.15,100.0,28845.4,,,,,100.0,100.0,12680.9
963.15,0.0,28845.4,,,,,0.0,0.0,12680.9
964.15,0.0,28845.4,,,,,0.0,0.0,12680.9
965.15,100.0,28777.1,,,,,100.0,100.0,12681.1
966.15,0.0,28777.1,,,,,0.0,0.0,12681.1
967.15,100.0,28708.9,,,,,100.0,100.0,12681.1
968.15,0.0,28708.9,,,,,0.0,0.0,12681.1
969.15,0.0,28708.9,,,,,0.0,0.0,12681.1
970.15,100.0,28608.6,,,,,100.0,100.0,12661.4
971.15,0.0,28676.8,,,,,0.0,0.0,12674.3
972.15,0.0,28744.9,,,,,0.0,0.0,12662.7
973.15,0.0,28813.0,,,,,0.0,0.0,12673.2
974.15,100.0,28881.0,,,,,100.0,100.0,12676.3
975.15,0.0,28881.0,,,,,0.0,0.0,12676.1
976.15,100.0,28881.0,,,,,100.0,100.0,12676.7
977.15,0.0,28881.0,,,,,0.0,0.0,12676.1
978.15,0.0,28881.0,,,,,0.0,0.0,12676.1
979.15,100.0,28881.0,,,,,100.0,100.0,12676.8
980.15,0.0,28881.0,,,,,0.0,0.0,12676.8
981.15,0.0,28881.0,,,,,0.0,0.0,12676.8
982.15,100.0,28913.0,,,,,100.0,100.0,12678.8
983.15,0.0,28913.0,,,,,0.0,0.0,12678.8
984.15,0.0,28913.0,,,,,0.0,0.0,12678.8
985.15,100.0,28845.4,,,,,100.0,100.0,12681.5
986.15,0.0,28845.4,,,,,0.0,0.0,12681.5
987.15,0.0,28845.4,,,,,0.0,0.0,12681.5
988.15,100.0,28777.1,,,,,100.0,100.0,12681.7
989.15,0.0,28777.1,,,,,0.0,0.0,12681.7
990.15,100.0,28708.9,,,,,100.0,100.0,12681.7
991.15,0.0,28708.9,,,,,0.0,0.0,12681.7
992.15,0.0,28708.9,,,,,0.0,0.0,12681.7
993.15,100.0,28608.6,,,,,100.0,100.0,12681.9
994.15,0.0,28676.8,,,,,0.0,0.0,12674.5
995.15,0.0,28744.9,,,,,0.0,0.0,12676.0
996.15,0.0,28813.0,,,,,0.0,0.0,12668.1
997.15,100.0,28881.0,,,,,100.0,100.0,12669.9
998.15,0.0,28881.0,,,,,0.0,0.0,12676.8
999.15,100.0,28881.0,,,,,100.0,100.0,12677.2
1000.15,0.0,28881.0,,,,,0.0,0.0,12676.4
1001.15,0.0,28881.0,,,,,0.0,0.0,12676.4
1002.15,100.0,28881.0,,,,,100.0,100.0,12677.0
1003.15,0.0,28881.0,,,,,0.0,0.0,12677.0
1004.15,0.0,28881.0,,,,,0.0,0.0,12677.0
1005.15,100.0,28913.0,,,,,100.0,100.0,12678.9
1006.15,0.0,28913.0,,,,,0.0,0.0,12678.9
1007.15,0.0,28913.0,,,,,0.0,0.0,12678.9
1008.15,100.0,28845.4,,,,,100.0,100.0,12681.8
1009.15,0.0,28845.4,,,,,0.0,0.0,12681.8
1010.15,0.0,28845.4,,,,,0.0,0.0,12681.8
1011.15,100.0,28777.1,,,,,100.0,100.0,12682.0
1012.15,0.0,28777.1,,,,,0.0,0.0,12682.0
1013.15,100.0,28708.9,,,,,100.0,100.0,12682.0
1014.15,0.0,28708.9,,,,,0.0,0.0,12682.0
1015.15,0.0,28708.9,,,,,0.0,0.0,12682.0
1016.16,100.0,28608.6,,,,,100.0,100.0,12670.1
1017.16,0.0,28608.7,,,,,0.0,0.0,12671.3
1018.16,0.0,28744.9,,,,,0.0,0.0,12662.2
1019.16,0.0,28813.0,,,,,0.0,0.0,12667.9
1020.16,100.0,28881.0,,,,,100.0,100.0,12659.5
1021.16,0.0,28881.0,,,,,0.0,0.0,12677.3
1022.16,100.0,28881.0,,,,,100.0,100.0,12677.6
1023.16,0.0,28881.0,,,,,0.0,0.0,12677.3
1024.16,0.0,28881.0,,,,,0.0,0.0,12677.3
1025.16,100.0,28881.0,,,,,100.0,100.0,12677.9
1026.16,0.0,28881.0,,,,,0.0,0.0,12677.9
1027.16,0.0,28881.0,,,,,0.0,0.0,12677.9
1028.16,100.0,28913.0,,,,,100.0,100.0,12679.8
1029.16,0.0,28913.0,,,,,0.0,0.0,12679.8
1030.16,0.0,28913.0,,,,,0.0,0.0,12679.8
1031.16,100.0,28845.4,,,,,100.0,100.0,12682.7
1032.16,0.0,28845.4,,,,,0.0,0.0,12682.7
1033.16,0.0,28845.4,,,,,0.0,0.0,12682.7
1034.16,100.0,28777.1,,,,,100.0,100.0,12682.9
1035.16,0.0,28777.1,,,,,0.0,0.0,12682.9
1036.16,100.0,28708.9,,,,,100.0,100.0,12682.9
1037.16,0.0,28708.9,,,,,0.0,0.0,12682.9
1038.16,0.0,28708.9,,,,,0.0,0.0,12682.9
1039.16,100.0,28608.6,,,,,100.0,100.0,12657.8
1040.16,0.0,28608.7,,,,,0.0,0.0,12666.1
1041.16,0.0,28744.9,,,,,0.0,0.0,12677.1
1042.16,0.0,28813.0,,,,,0.0,0.0,12665.7
1043.16,100.0,28847.0,,,,,100.0,100.0,12676.5
1044.16,0.0,28881.0,,,,,0.0,0.0,12677.9
1045.16,0.0,28881.0,,,,,0.0,0.0,12677.9
1046.16,100.0,28881.0,,,,,100.0,100.0,12678.0
1047.16,0.0,28881.0,,,,,0.0,0.0,12678.0
1048.16,100.0,28881.0,,,,,100.0,100.0,12678.8
1049.16,0.0,28881.0,,,,,0.0,0.0,12678.8
1050.16,0.0,28881.0,,,,,0.0,0.0,12678.8
1051.16,100.0,28913.0,,,,,100.0,100.0,12680.7
1052.16,0.0,28913.0,,,,,0.0,0.0,12680.7
1053.16,0.0,28913.0,,,,,0.0,0.0,12680.7
1054.16,100.0,28845.4,,,,,100.0,100.0,12683.3
1055.16,0.0,28845.4,,,,,0.0,0.0,12683.3
1056.16,0.0,28845.4,,,,,0.0,0.0,12683.3
1057.16,100.0,28777.1,,,,,100.0,100.0,12683.5
1058.16,0.0,28777.1,,,,,0.0,0.0,12683.5
1059.16,0.0,28777.1,,,,,0.0,0.0,12683.5
1060.16,100.0,28708.9,,,,,100.0,100.0,12683.5
1061.16,0.0,28708.9,,,,,0.0,0.0,12683.5
1062.16,100.0,28608.6,,,,,100.0,100.0,12683.6
1063.16,0.0,28608.7,,,,,0.0,0.0,12666.7
1064.16,0.0,28744.9,,,,,0.0,0.0,12677.6
1065.16,0.0,28813.0,,,,,0.0,0.0,12667.5
1066.16,100.0,28881.0,,,,,100.0,100.0,12678.4
1067.16,0.0,28881.0,,,,,0.0,0.0,12678.3
1068.16,0.0,28881.0,,,,,0.0,0.0,12678.3
1069.16,100.0,28881.0,,,,,100.0,100.0,12678.4
1070.16,0.0,28881.0,,,,,0.0,0.0,12678.4
1071.16,100.0,28881.0,,,,,100.0,100.0,12678.8
1072.16,0.0,28881.0,,,,,0.0,0.0,12679.1
1073.16,0.0,28881.0,,,,,0.0,0.0,12679.1
1074.16,100.0,28913.0,,,,,100.0,100.0,12681.0
1075.16,0.0,28913.0,,,,,0.0,0.0,12681.0
1076.16,0.0,28913.0,,,,,0.0,0.0,12681.0
1077.16,100.0,28845.4,,,,,100.0,100.0,12683.4
1078.16,0.0,28845.4,,,,,0.0,0.0,12683.4
1079.16,0.0,28845.4,,,,,0.0,0.0,12683.4
1080.16,100.0,28777.1,,,,,100.0,100.0,12683.6
1081.16,0.0,28777.1,,,,,0.0,0.0,12683.6
1082.16,0.0,28777.1,,,,,0.0,0.0,12683.6
1083.16,100.0,28708.9,,,,,100.0,100.0,12683.6
1084.17,0.0,28708.9,,,,,0.0,0.0,12683.6
1085.17,100.0,28608.6,,,,,100.0,100.0,12683.8
1086.17,0.0,28608.7,,,,,0.0,0.0,12665.3
1087.17,0.0,28744.9,,,,,0.0,0.0,12677.7
1088.17,0.0,28813.0,,,,,0.0,0.0,12672.7
1089.17,100.0,28847.0,,,,,100.0,100.0,12676.8
1090.17,0.0,28881.0,,,,,0.0,0.0,12678.7
1091.17,0.0,28881.0,,,,,0.0,0.0,12678.7
1092.17,100.0,28881.0,,,,,100.0,100.0,12678.5
1093.17,0.0,28881.0,,,,,0.0,0.0,12678.5
1094.17,100.0,28881.0,,,,,100.0,100.0,12678.8
1095.17,0.0,28881.0,,,,,0.0,0.0,12679.3
1096.17,0.0,28881.0,,,,,0.0,0.0,12679.3
1097.17,100.0,28913.0,,,,,100.0,100.0,12681.2
1098.17,0.0,28913.0,,,,,0.0,0.0,12681.2
1099.17,0.0,28913.0,,,,,0.0,0.0,12681.2
1100.17,100.0,28845.4,,,,,100.0,100.0,12683.8
1101.17,0.0,28845.4,,,,,0.0,0.0,12683.8
1102.17,0.0,28845.4,,,,,0.0,0.0,12683.8
1103.17,100.0,28777.1,,,,,100.0,100.0,12683.9
1104.17,0.0,28777.1,,,,,0.0,0.0,12683.9
1105.17,0.0,28777.1,,,,,0.0,0.0,12683.9
1106.17,100.0,28708.9,,,,,100.0,100.0,12683.9
1107.17,0.0,28708.9,,,,,0.0,0.0,12683.9
1108.17,100.0,28608.6,,,,,100.0,100.0,12684.0
1109.17,0.0,28608.7,,,,,0.0,0.0,12663.3
1110.17,0.0,28710.9,,,,,0.0,0.0,12676.2
1111.17,0.0,28813.0,,,,,0.0,0.0,12664.9
1112.17,100.0,28847.0,,,,,100.0,100.0,12673.0
1113.17,0.0,28881.0,,,,,0.0,0.0,12679.2
1114.17,0.0,28881.0,,,,,0.0,0.0,12679.2
1115.17,100.0,28881.0,,,,,100.0,100.0,12679.0
1116.17,0.0,28881.0,,,,,0.0,0.0,12679.0
1117.17,0.0,28881.0,,,,,0.0,0.0,12679.0
1118.17,100.0,28881.0,,,,,100.0,100.0,12679.8
1119.17,0.0,28881.0,,,,,0.0,0.0,12679.8
1120.17,100.0,28913.0,,,,,100.0,100.0,12681.6
1121.17,0.0,28913.0,,,,,0.0,0.0,12681.6
1122.17,0.0,28913.0,,,,,0.0,0.0,12681.6
1123.17,100.0,28845.4,,,,,100.0,100.0,12684.3
1124.17,0.0,28845.4,,,,,0.0,0.0,12684.3
1125.17,0.0,28845.4,,,,,0.0,0.0,12684.3
1126.17,100.0,28777.1,,,,,100.0,100.0,12684.5
1127.17,0.0,28777.1,,,,,0.0,0.0,12684.5
1128.17,0.0,28777.1,,,,,0.0,0.0,12684.5
1129.17,100.0,28708.9,,,,,100.0,100.0,12684.5
1130.17,0.0,28708.9,,,,,0.0,0.0,12684.5
1131.17,0.0,28708.9,,,,,0.0,0.0,12684.5
1132.17,100.0,28608.7,,,,,100.0,100.0,12663.4
1133.17,0.0,28676.8,,,,,0.0,0.0,12673.8
1134.17,0.0,28813.0,,,,,0.0,0.0,12663.0
1135.17,100.0,28813.0,,,,,100.0,100.0,12669.5
1136.17,0.0,28881.0,,,,,0.0,0.0,12679.6
1137.17,0.0,28881.0,,,,,0.0,0.0,12679.6
1138.17,100.0,28881.0,,,,,100.0,100.0,12679.6
1139.17,0.0,28881.0,,,,,0.0,0.0,12679.6
1140.17,0.0,28881.0,,,,,0.0,0.0,12679.6
1141.17,100.0,28881.0,,,,,100.0,100.0,12680.3
1142.17,0.0,28881.0,,,,,0.0,0.0,12680.3
1143.17,100.0,28913.0,,,,,100.0,100.0,12682.2
1144.17,0.0,28913.0,,,,,0.0,0.0,12682.2
1145.17,0.0,28913.0,,,,,0.0,0.0,12682.2
1146.17,100.0,28845.4,,,,,100.0,100.0,12684.7
1147.17,0.0,28845.4,,,,,0.0,0.0,12684.7
1148.17,0.0,28845.4,,,,,0.0,0.0,12684.7
1149.17,100.0,28777.1,,,,,100.0,100.0,12684.9
1150.17,0.0,28777.1,,,,,0.0,0.0,12684.9
1151.17,0.0,28777.1,,,,,0.0,0.0,12684.9
1152.17,100.0,28708.9,,,,,100.0,100.0,12684.9
1153.17,0.0,28708.9,,,,,0.0,0.0,12684.9
1154.18,0.0,28708.9,,,,,0.0,0.0,12684.9
1155.18,100.0,28608.7,,,,,100.0,100.0,12678.7
1156.18,0.0,28676.8,,,,,0.0,0.0,12668.6
1157.18,0.0,28813.0,,,,,0.0,0.0,12679.7
1158.18,100.0,28813.0,,,,,100.0,100.0,12669.1
1159.18,0.0,28881.0,,,,,0.0,0.0,12679.6
1160.18,0.0,28881.0,,,,,0.0,0.0,12679.6
1161.18,100.0,28881.0,,,,,100.0,100.0,12676.0
1162.18,0.0,28881.0,,,,,0.0,0.0,12679.9
1163.18,0.0,28881.0,,,,,0.0,0.0,12679.9
1164.18,100.0,28881.0,,,,,100.0,100.0,12680.7
1165.18,0.0,28881.0,,,,,0.0,0.0,12680.7
1166.18,100.0,28913.0,,,,,100.0,100.0,12682.7
1167.18,0.0,28913.0,,,,,0.0,0.0,12682.7
1168.18,0.0,28913.0,,,,,0.0,0.0,12682.7
1169.18,100.0,28845.4,,,,,100.0,100.0,12685.4
1170.18,0.0,28845.4,,,,,0.0,0.0,12685.4
1171.18,0.0,28845.4,,,,,0.0,0.0,12685.4
1172.18,100.0,28777.1,,,,,100.0,100.0,12685.6
1173.18,0.0,28777.1,,,,,0.0,0.0,12685.6
1174.18,0.0,28777.1,,,,,0.0,0.0,12685.6
1175.18,100.0,28708.9,,,,,100.0,100.0,12685.6
1176.18,0.0,28708.9,,,,,0.0,0.0,12685.6
1177.18,0.0,28708.9,,,,,0.0,0.0,12685.6
1178.18,100.0,28608.7,,,,,100.0,100.0,12679.1
1179.18,0.0,28676.8,,,,,0.0,0.0,12670.4
1180.18,0.0,28813.0,,,,,0.0,0.0,12671.7
1181.18,100.0,28813.0,,,,,100.0,100.0,12674.8
1182.18,0.0,28881.0,,,,,0.0,0.0,12676.9
1183.18,0.0,28881.0,,,,,0.0,0.0,12680.4
1184.18,100.0,28881.0,,,,,100.0,100.0,12671.7
1185.18,0.0,28881.0,,,,,0.0,0.0,12680.6
1186.18,0.0,28881.0,,,,,0.0,0.0,12680.6
1187.18,100.0,28881.0,,,,,100.0,100.0,12681.3
1188.18,0.0,28881.0,,,,,0.0,0.0,12681.3
1189.18,0.0,28881.0,,,,,0.0,0.0,12681.3
1190.18,100.0,28913.0,,,,,100.0,100.0,12683.2
1191.18,0.0,28913.0,,,,,0.0,0.0,12683.2
1192.18,100.0,28845.4,,,,,100.0,100.0,12685.5
1193.18,0.0,28845.4,,,,,0.0,0.0,12685.5
1194.18,0.0,28845.4,,,,,0.0,0.0,12685.5
1195.18,100.0,28777.1,,,,,100.0,100.0,12685.7
1196.18,0.0,28777.1,,,,,0.0,0.0,12685.7
1197.18,0.0,28777.1,,,,,0.0,0.0,12685.7
1198.18,100.0,28708.9,,,,,100.0,100.0,12685.7
1199.18,0.0,28708.9,,,,,0.0,0.0,12685.7
1200.18,0.0,28708.9,,,,,0.0,0.0,12685.7
1201.18,100.0,28608.7,,,,,100.0,100.0,12659.6
1202.18,0.0,28676.8,,,,,0.0,0.0,12667.4
1203.18,0.0,28813.0,,,,,0.0,0.0,12681.0
1204.18,100.0,28813.0,,,,,100.0,100.0,12667.3
1205.18,0.0,28881.0,,,,,0.0,0.0,12677.3
1206.18,0.0,28881.0,,,,,0.0,0.0,12681.2
1207.18,100.0,28881.0,,,,,100.0,100.0,12671.3
1208.18,0.0,28881.0,,,,,0.0,0.0,12681.1
1209.18,0.0,28881.0,,,,,0.0,0.0,12681.1
1210.18,100.0,28881.0,,,,,100.0,100.0,12681.7
1211.18,0.0,28881.0,,,,,0.0,0.0,12681.7
1212.18,0.0,28881.0,,,,,0.0,0.0,12681.7
1213.18,100.0,28913.0,,,,,100.0,100.0,12683.7
1214.18,0.0,28913.0,,,,,0.0,0.0,12683.7
1215.18,100.0,28845.4,,,,,100.0,100.0,12685.9
1216.18,0.0,28845.4,,,,,0.0,0.0,12685.9
1217.18,0.0,28845.4,,,,,0.0,0.0,12685.9
1218.18,100.0,28777.1,,,,,100.0,100.0,12686.1
1219.18,0.0,28777.1,,,,,0.0,0.0,12686.1
1220.18,0.0,28777.1,,,,,0.0,0.0,12686.1
1221.18,100.0,28708.9,,,,,100.0,100.0,12686.1
1222.18,0.0,28708.9,,,,,0.0,0.0,12686.1
1223.18,0.0,28708.9,,,,,0.0,0.0,12686.1
1224.18,100.0,28608.7,,,,,100.0,100.0,12679.8
1225.18,0.0,28676.8,,,,,0.0,0.0,12668.8
1226.19,0.0,28813.0,,,,,0.0,0.0,12681.0
1227.19,100.0,28813.0,,,,,100.0,100.0,12667.6
1228.19,0.0,28881.0,,,,,0.0,0.0,12674.5
1229.19,0.0,28881.0,,,,,0.0,0.0,12681.4
1230.19,100.0,28881.0,,,,,100.0,100.0,12671.7
1231.19,0.0,28881.0,,,,,0.0,0.0,12681.7
1232.19,0.0,28881.0,,,,,0.0,0.0,12681.7
1233.19,100.0,28881.0,,,,,100.0,100.0,12682.4
1234.19,0.0,28881.0,,,,,0.0,0.0,12682.4
1235.19,0.0,28881.0,,,,,0.0,0.0,12682.4
1236.19,100.0,28913.0,,,,,100.0,100.0,12684.3
1237.19,0.0,28913.0,,,,,0.0,0.0,12684.3
1238.19,100.0,28845.4,,,,,100.0,100.0,12686.7
1239.19,0.0,28845.4,,,,,0.0,0.0,12686.7
1240.19,0.0,28845.4,,,,,0.0,0.0,12686.7
1241.19,100.0,28777.1,,,,,100.0,100.0,12686.9
1242.19,0.0,28777.1,,,,,0.0,0.0,12686.9
1243.19,0.0,28777.1,,,,,0.0,0.0,12686.9
1244.19,100.0,28708.9,,,,,100.0,100.0,12686.9
1245.19,0.0,28708.9,,,,,0.0,0.0,12686.9
1246.19,0.0,28708.9,,,,,0.0,0.0,12686.9
1247.19,100.0,28608.7,,,,,100.0,100.0,12680.2
1248.19,0.0,28676.8,,,,,0.0,0.0,12667.9
1249.19,0.0,28744.9,,,,,0.0,0.0,12679.0
1250.19,100.0,28813.0,,,,,100.0,100.0,12682.2
1251.19,0.0,28881.0,,,,,0.0,0.0,12674.6
1252.19,0.0,28881.0,,,,,0.0,0.0,12682.0
1253.19,100.0,28881.0,,,,,100.0,100.0,12682.8
1254.19,0.0,28881.0,,,,,0.0,0.0,12682.1
1255.19,0.0,28881.0,,,,,0.0,0.0,12682.1
1256.19,100.0,28881.0,,,,,100.0,100.0,12682.8
1257.19,0.0,28881.0,,,,,0.0,0.0,12682.8
1258.19,0.0,28881.0,,,,,0.0,0.0,12682.8
1259.19,100.0,28913.0,,,,,100.0,100.0,12684.7
1260.19,0.0,28913.0,,,,,0.0,0.0,12684.7
1261.19,100.0,28845.4,,,,,100.0,100.0,12686.8
1262.19,0.0,28845.4,,,,,0.0,0.0,12686.8
1263.19,0.0,28845.4,,,,,0.0,0.0,12686.8
1264.19,100.0,28777.1,,,,,100.0,100.0,12687.0
1265.19,0.0,28777.1,,,,,0.0,0.0,12687.0
1266.19,0.0,28777.1,,,,,0.0,0.0,12687.0
1267.19,100.0,28708.9,,,,,100.0,100.0,12687.0
1268.19,0.0,28708.9,,,,,0.0,0.0,12687.0
1269.19,0.0,28708.9,,,,,0.0,0.0,12687.0
1270.19,100.0,28574.7,,,,,100.0,100.0,12679.3
1271.19,0.0,28676.8,,,,,0.0,0.0,12680.3
1272.19,0.0,28744.9,,,,,0.0,0.0,12675.8
1273.19,100.0,28813.0,,,,,100.0,100.0,12674.9
1274.19,0.0,28881.0,,,,,0.0,0.0,12674.7
1275.19,0.0,28881.0,,,,,0.0,0.0,12682.0
1276.19,100.0,28881.0,,,,,100.0,100.0,12669.2
1277.19,0.0,28881.0,,,,,0.0,0.0,12681.9
1278.19,0.0,28881.0,,,,,0.0,0.0,12681.9
1279.19,100.0,28881.0,,,,,100.0,100.0,12682.7
1280.19,0.0,28881.0,,,,,0.0,0.0,12682.7
1281.19,0.0,28881.0,,,,,0.0,0.0,12682.7
1282.19,100.0,28913.0,,,,,100.0,100.0,12684.5
1283.19,0.0,28913.0,,,,,0.0,0.0,12684.5
1284.19,0.0,28913.0,,,,,0.0,0.0,12684.5
1285.19,100.0,28845.4,,,,,100.0,100.0,12687.0
1286.19,0.0,28845.4,,,,,0.0,0.0,12687.0
1287.19,100.0,28777.1,,,,,100.0,100.0,12687.2
1288.19,0.0,28777.1,,,,,0.0,0.0,12687.2
1289.19,0.0,28777.1,,,,,0.0,0.0,12687.2
1290.19,100.0,28708.9,,,,,100.0,100.0,12687.2
1291.19,0.0,28708.9,,,,,0.0,0.0,12687.2
1292.19,0.0,28708.9,,,,,0.0,0.0,12687.2
1293.19,100.0,28608.6,,,,,100.0,100.0,12674.6
1294.19,0.0,28676.8,,,,,0.0,0.0,12666.2
1295.19,0.0,28744.9,,,,,0.0,0.0,12670.6
1296.19,100.0,28813.0,,,,,100.0,100.0,12663.4
1297.2,0.0,28881.0,,,,,0.0,0.0,12670.6
1298.2,0.0,28881.0,,,,,0.0,0.0,12682.3
1299.2,100.0,28881.0,,,,,100.0,100.0,12669.8
1300.2,0.0,28881.0,,,,,0.0,0.0,12682.3
1301.2,0.0,28881.0,,,,,0.0,0.0,12682.3
1302.2,100.0,28881.0,,,,,100.0,100.0,12683.1
1303.2,0.0,28881.0,,,,,0.0,0.0,12683.1
1304.2,0.0,28881.0,,,,,0.0,0.0,12683.1
1305.2,100.0,28913.0,,,,,100.0,100.0,12684.9
1306.2,0.0,28913.0,,,,,0.0,0.0,12684.9
1307.2,0.0,28913.0,,,,,0.0,0.0,12684.9
1308.2,100.0,28845.4,,,,,100.0,100.0,12687.3
1309.2,0.0,28845.4,,,,,0.0,0.0,12687.3
1310.2,100.0,28777.1,,,,,100.0,100.0,12687.4
1311.2,0.0,28777.1,,,,,0.0,0.0,12687.4
1312.2,0.0,28777.1,,,,,0.0,0.0,12687.4
1313.2,100.0,28708.9,,,,,100.0,100.0,12687.5
1314.2,0.0,28708.9,,,,,0.0,0.0,12687.5
1315.2,0.0,28708.9,,,,,0.0,0.0,12687.5
1316.2,100.0,28608.6,,,,,100.0,100.0,12671.1
1317.2,0.0,28676.8,,,,,0.0,0.0,12681.1
1318.2,0.0,28744.9,,,,,0.0,0.0,12670.4
1319.2,100.0,28813.0,,,,,100.0,100.0,12683.2
1320.2,0.0,28881.0,,,,,0.0,0.0,12672.0
1321.2,0.0,28881.0,,,,,0.0,0.0,12682.6
1322.2,100.0,28881.0,,,,,100.0,100.0,12683.2
1323.2,0.0,28881.0,,,,,0.0,0.0,12682.6
1324.2,0.0,28881.0,,,,,0.0,0.0,12682.6
1325.2,100.0,28881.0,,,,,100.0,100.0,12683.4
1326.2,0.0,28881.0,,,,,0.0,0.0,12683.4
1327.2,0.0,28881.0,,,,,0.0,0.0,12683.4
1328.2,100.0,28913.0,,,,,100.0,100.0,12685.2
1329.2,0.0,28913.0,,,,,0.0,0.0,12685.2
1330.2,0.0,28913.0,,,,,0.0,0.0,12685.2
1331.2,100.0,28845.4,,,,,100.0,100.0,12688.0
1332.2,0.0,28845.4,,,,,0.0,0.0,12688.0
1333.2,100.0,28777.1,,,,,100.0,100.0,12688.2
1334.2,0.0,28777.1,,,,,0.0,0.0,12688.2
1335.2,0.0,28777.1,,,,,0.0,0.0,12688.2
1336.2,100.0,28708.9,,,,,100.0,100.0,12688.2
1337.2,0.0,28708.9,,,,,0.0,0.0,12688.2
1338.2,0.0,28708.9,,,,,0.0,0.0,12688.2
1339.2,100.0,28608.6,,,,,100.0,100.0,12670.4
1340.2,0.0,28676.8,,,,,0.0,0.0,12681.8
1341.2,0.0,28744.9,,,,,0.0,0.0,12671.5
1342.2,100.0,28779.0,,,,,100.0,100.0,12682.3
1343.2,0.0,28881.0,,,,,0.0,0.0,12684.0
1344.2,0.0,28881.0,,,,,0.0,0.0,12683.5
1345.2,100.0,28881.0,,,,,100.0,100.0,12684.2
1346.2,0.0,28881.0,,,,,0.0,0.0,12683.7
1347.2,0.0,28881.0,,,,,0.0,0.0,12683.7
1348.2,100.0,28881.0,,,,,100.0,100.0,12684.4
1349.2,0.0,28881.0,,,,,0.0,0.0,12684.4
1350.2,0.0,28881.0,,,,,0.0,0.0,12684.4
1351.2,100.0,28913.0,,,,,100.0,100.0,12686.3
1352.2,0.0,28913.0,,,,,0.0,0.0,12686.3
1353.2,0.0,28913.0,,,,,0.0,0.0,12686.3
1354.2,100.0,28845.4,,,,,100.0,100.0,12688.6
1355.2,0.0,28845.4,,,,,0.0,0.0,12688.6
1356.2,100.0,28777.1,,,,,100.0,100.0,12688.8
1357.2,0.0,28777.1,,,,,0.0,0.0,12688.8
1358.2,0.0,28777.1,,,,,0.0,0.0,12688.8
1359.2,100.0,28708.9,,,,,100.0,100.0,12688.8
1360.2,0.0,28708.9,,,,,0.0,0.0,12688.8
1361.2,0.0,28708.9,,,,,0.0,0.0,12688.8
1362.2,100.0,28608.6,,,,,100.0,100.0,12669.8
1363.2,0.0,28676.8,,,,,0.0,0.0,12682.4
1364.2,0.0,28744.9,,,,,0.0,0.0,12677.0
1365.2,0.0,28847.0,,,,,0.0,0.0,12682.4
1366.21,100.0,28881.0,,,,,100.0,100.0,12678.2
1367.21,0.0,28881.0,,,,,0.0,0.0,12684.0
1368.21,100.0,28881.0,,,,,100.0,100.0,12665.7
1369.21,0.0,28881.0,,,,,0.0,0.0,12683.8
1370.21,0.0,28881.0,,,,,0.0,0.0,12683.8
1371.21,100.0,28881.0,,,,,100.0,100.0,12684.7
1372.21,0.0,28881.0,,,,,0.0,0.0,12684.7
1373.21,0.0,28881.0,,,,,0.0,0.0,12684.7
1374.21,100.0,28913.0,,,,,100.0,100.0,12686.6
1375.21,0.0,28913.0,,,,,0.0,0.0,12686.6
1376.21,0.0,28913.0,,,,,0.0,0.0,12686.6
1377.21,100.0,28845.4,,,,,100.0,100.0,12689.0
1378.21,0.0,28845.4,,,,,0.0,0.0,12689.0
1379.21,0.0,28845.4,,,,,0.0,0.0,12689.0
1380.21,100.0,28777.1,,,,,100.0,100.0,12689.2
1381.21,0.0,28777.1,,,,,0.0,0.0,12689.2
1382.21,100.0,28708.9,,,,,100.0,100.0,12689.2
1383.21,0.0,28708.9,,,,,0.0,0.0,12689.2
1384.21,0.0,28708.9,,,,,0.0,0.0,12689.2
1385.21,100.0,28608.6,,,,,100.0,100.0,12667.6
1386.21,0.0,28676.8,,,,,0.0,0.0,12682.5
1387.21,0.0,28744.9,,,,,0.0,0.0,12669.4
1388.21,0.0,28813.0,,,,,0.0,0.0,12675.8
1389.21,100.0,28881.0,,,,,100.0,100.0,12667.4
1390.21,0.0,28881.0,,,,,0.0,0.0,12684.4
1391.21,100.0,28881.0,,,,,100.0,100.0,12684.9
1392.21,0.0,28881.0,,,,,0.0,0.0,12684.6
1393.21,0.0,28881.0,,,,,0.0,0.0,12684.6
1394.21,100.0,28881.0,,,,,100.0,100.0,12685.4
1395.21,0.0,28881.0,,,,,0.0,0.0,12685.4
1396.21,0.0,28881.0,,,,,0.0,0.0,12685.4
1397.21,100.0,28913.0,,,,,100.0,100.0,12687.2
1398.21,0.0,28913.0,,,,,0.0,0.0,12687.2
1399.21,0.0,28913.0,,,,,0.0,0.0,12687.2
1400.21,100.0,28845.4,,,,,100.0,100.0,12689.6
1401.21,0.0,28845.4,,,,,0.0,0.0,12689.6
1402.21,0.0,28845.4,,,,,0.0,0.0,12689.6
1403.21,100.0,28777.1,,,,,100.0,100.0,12689.8
1404.21,0.0,28777.1,,,,,0.0,0.0,12689.8
1405.21,100.0,28708.9,,,,,100.0,100.0,12689.8
1406.21,0.0,28708.9,,,,,0.0,0.0,12689.8
1407.21,0.0,28708.9,,,,,0.0,0.0,12689.8
1408.21,100.0,28608.6,,,,,100.0,100.0,12668.3
1409.21,0.0,28642.8,,,,,0.0,0.0,12681.1
1410.21,0.0,28744.9,,,,,0.0,0.0,12670.2
1411.21,0.0,28813.0,,,,,0.0,0.0,12679.5
1412.21,100.0,28881.0,,,,,100.0,100.0,12685.1
1413.21,0.0,28881.0,,,,,0.0,0.0,12683.7
1414.21,100.0,28881.0,,,,,100.0,100.0,12684.1
1415.21,0.0,28881.0,,,,,0.0,0.0,12684.2
1416.21,0.0,28881.0,,,,,0.0,0.0,12684.2
1417.21,100.0,28881.0,,,,,100.0,100.0,12685.0
1418.21,0.0,28881.0,,,,,0.0,0.0,12685.0
1419.21,0.0,28881.0,,,,,0.0,0.0,12685.0
1420.21,100.0,28913.0,,,,,100.0,100.0,12686.8
1421.21,0.0,28913.0,,,,,0.0,0.0,12686.8
1422.21,0.0,28913.0,,,,,0.0,0.0,12686.8
1423.21,100.0,28845.4,,,,,100.0,100.0,12689.1
1424.21,0.0,28845.4,,,,,0.0,0.0,12689.1
1425.21,0.0,28845.4,,,,,0.0,0.0,12689.1
1426.21,100.0,28777.1,,,,,100.0,100.0,12689.3
1427.21,0.0,28777.1,,,,,0.0,0.0,12689.3
1428.21,100.0,28708.9,,,,,100.0,100.0,12689.3
1429.21,0.0,28708.9,,,,,0.0,0.0,12689.3
1430.21,0.0,28708.9,,,,,0.0,0.0,12689.3
1431.21,100.0,28608.6,,,,,100.0,100.0,12689.5
1432.21,0.0,28608.7,,,,,0.0,0.0,12675.6
1433.21,0.0,28744.9,,,,,0.0,0.0,12683.9
1434.21,0.0,28813.0,,,,,0.0,0.0,12676.0
1435.21,100.0,28881.0,,,,,100.0,100.0,12685.0
1436.21,0.0,28881.0,,,,,0.0,0.0,12685.0
1437.22,0.0,28881.0,,,,,0.0,0.0,12685.0
1438.22,100.0,28881.0,,,,,100.0,100.0,12684.8
1439.22,0.0,28881.0,,,,,0.0,0.0,12684.8
1440.22,100.0,28881.0,,,,,100.0,100.0,12685.6
1441.22,0.0,28881.0,,,,,0.0,0.0,12685.6
1442.22,0.0,28881.0,,,,,0.0,0.0,12685.6
1443.22,100.0,28913.0,,,,,100.0,100.0,12687.4
1444.22,0.0,28913.0,,,,,0.0,0.0,12687.4
1445.22,0.0,28913.0,,,,,0.0,0.0,12687.4
1446.22,100.0,28845.4,,,,,100.0,100.0,12689.6
1447.22,0.0,28845.4,,,,,0.0,0.0,12689.6
1448.22,0.0,28845.4,,,,,0.0,0.0,12689.6
1449.22,100.0,28777.1,,,,,100.0,100.0,12689.8
1450.22,0.0,28777.1,,,,,0.0,0.0,12689.8
1451.22,0.0,28777.1,,,,,0.0,0.0,12689.8
1452.22,100.0,28708.9,,,,,100.0,100.0,12689.8
1453.22,0.0,28708.9,,,,,0.0,0.0,12689.8
1454.22,100.0,28608.6,,,,,100.0,100.0,12690.0
1455.22,0.0,28608.7,,,,,0.0,0.0,12673.7
1456.22,0.0,28744.9,,,,,0.0,0.0,12684.6
1457.22,0.0,28813.0,,,,,0.0,0.0,12685.1
1458.22,100.0,28881.0,,,,,100.0,100.0,12676.5
1459.22,0.0,28881.0,,,,,0.0,0.0,12685.2
1460.22,0.0,28881.0,,,,,0.0,0.0,12685.2
1461.22,100.0,28881.0,,,,,100.0,100.0,12685.1
1462.22,0.0,28881.0,,,,,0.0,0.0,12685.1
1463.22,100.0,28881.0,,,,,100.0,100.0,12685.4
1464.22,0.0,28881.0,,,,,0.0,0.0,12685.7
1465.22,0.0,28881.0,,,,,0.0,0.0,12685.7
1466.22,100.0,28913.0,,,,,100.0,100.0,12687.6
1467.22,0.0,28913.0,,,,,0.0,0.0,12687.6
1468.22,0.0,28913.0,,,,,0.0,0.0,12687.6
1469.22,100.0,28845.4,,,,,100.0,100.0,12690.1
1470.22,0.0,28845.4,,,,,0.0,0.0,12690.1
1471.22,0.0,28845.4,,,,,0.0,0.0,12690.1
1472.22,100.0,28777.1,,,,,100.0,100.0,12690.2
1473.22,0.0,28777.1,,,,,0.0,0.0,12690.2
1474.22,0.0,28777.1,,,,,0.0,0.0,12690.2
1475.22,100.0,28708.9,,,,,100.0,100.0,12690.2
1476.22,0.0,28708.9,,,,,0.0,0.0,12690.2
1477.22,100.0,28608.6,,,,,100.0,100.0,12690.3
1478.22,0.0,28608.7,,,,,0.0,0.0,12672.2
1479.22,0.0,28744.9,,,,,0.0,0.0,12684.6
1480.22,0.0,28813.0,,,,,0.0,0.0,12673.2
1481.22,100.0,28847.0,,,,,100.0,100.0,12685.2
1482.22,0.0,28881.0,,,,,0.0,0.0,12685.4
1483.22,0.0,28881.0,,,,,0.0,0.0,12685.4
1484.22,100.0,28881.0,,,,,100.0,100.0,12685.7
1485.22,0.0,28881.0,,,,,0.0,0.0,12685.7
1486.22,100.0,28881.0,,,,,100.0,100.0,12686.1
1487.22,0.0,28881.0,,,,,0.0,0.0,12686.5
1488.22,0.0,28881.0,,,,,0.0,0.0,12686.5
1489.22,100.0,28913.0,,,,,100.0,100.0,12688.3
1490.22,0.0,28913.0,,,,,0.0,0.0,12688.3
1491.22,0.0,28913.0,,,,,0.0,0.0,12688.3
1492.22,100.0,28845.4,,,,,100.0,100.0,12690.6
1493.22,0.0,28845.4,,,,,0.0,0.0,12690.6
1494.22,0.0,28845.4,,,,,0.0,0.0,12690.6
1495.22,100.0,28777.1,,,,,100.0,100.0,12690.8
1496.22,0.0,28777.1,,,,,0.0,0.0,12690.8
1497.22,0.0,28777.1,,,,,0.0,0.0,12690.8
1498.22,100.0,28708.9,,,,,100.0,100.0,12690.8
1499.22,0.0,28708.9,,,,,0.0,0.0,12690.8
1500.22,100.0,28608.6,,,,,100.0,100.0,12690.9
1501.22,0.0,28608.7,,,,,0.0,0.0,12671.8
1502.22,0.0,28710.9,,,,,0.0,0.0,12684.1
1503.22,0.0,28813.0,,,,,0.0,0.0,12674.2
1504.22,100.0,28847.0,,,,,100.0,100.0,12682.8
1505.22,0.0,28881.0,,,,,0.0,0.0,12686.1
1506.22,0.0,28881.0,,,,,0.0,0.0,12686.1
1507.22,100.0,28881.0,,,,,100.0,100.0,12686.1
1508.23,0.0,28881.0,,,,,0.0,0.0,12686.1
1509.23,0.0,28881.0,,,,,0.0,0.0,12686.1
1510.23,100.0,28881.0,,,,,100.0,100.0,12686.8
1511.23,0.0,28881.0,,,,,0.0,0.0,12686.8
1512.23,100.0,28913.0,,,,,100.0,100.0,12688.6
1513.23,0.0,28913.0,,,,,0.0,0.0,12688.6
1514.23,0.0,28913.0,,,,,0.0,0.0,12688.6
1515.23,100.0,28845.4,,,,,100.0,100.0,12690.8
1516.23,0.0,28845.4,,,,,0.0,0.0,12690.8
1517.23,0.0,28845.4,,,,,0.0,0.0,12690.8
1518.23,100.0,28777.1,,,,,100.0,100.0,12691.0
1519.23,0.0,28777.1,,,,,0.0,0.0,12691.0
1520.23,0.0,28777.1,,,,,0.0,0.0,12691.0
1521.23,100.0,28708.9,,,,,100.0,100.0,12691.0
1522.23,0.0,28708.9,,,,,0.0,0.0,12691.0
1523.23,0.0,28708.9,,,,,0.0,0.0,12691.0
1524.23,100.0,28608.7,,,,,100.0,100.0,12671.1
1525.23,0.0,28676.8,,,,,0.0,0.0,12680.2
1526.23,0.0,28813.0,,,,,0.0,0.0,12685.9
1527.23,100.0,28813.0,,,,,100.0,100.0,12679.4
1528.23,0.0,28881.0,,,,,0.0,0.0,12686.0
1529.23,0.0,28881.0,,,,,0.0,0.0,12686.0
1530.23,100.0,28881.0,,,,,100.0,100.0,12686.1
1531.23,0.0,28881.0,,,,,0.0,0.0,12686.1
1532.23,0.0,28881.0,,,,,0.0,0.0,12686.1
1533.23,100.0,28881.0,,,,,100.0,100.0,12686.9
1534.23,0.0,28881.0,,,,,0.0,0.0,12686.9
1535.23,100.0,28913.0,,,,,100.0,100.0,12688.8
1536.23,0.0,28913.0,,,,,0.0,0.0,12688.8
1537.23,0.0,28913.0,,,,,0.0,0.0,12688.8
1538.23,100.0,28845.4,,,,,100.0,100.0,12691.1
1539.23,0.0,28845.4,,,,,0.0,0.0,12691.1
1540.23,0.0,28845.4,,,,,0.0,0.0,12691.1
1541.23,100.0,28777.1,,,,,100.0,100.0,12691.3
1542.23,0.0,28777.1,,,,,0.0,0.0,12691.3
1543.23,0.0,28777.1,,,,,0.0,0.0,12691.3
1544.23,100.0,28708.9,,,,,100.0,100.0,12691.3
1545.23,0.0,28708.9,,,,,0.0,0.0,12691.3
1546.23,0.0,28708.9,,,,,0.0,0.0,12691.3
1547.23,100.0,28608.7,,,,,100.0,100.0,12685.1
1548.23,0.0,28676.8,,,,,0.0,0.0,12679.2
1549.23,0.0,28813.0,,,,,0.0,0.0,12679.9
1550.23,100.0,28813.0,,,,,100.0,100.0,12677.9
1551.23,0.0,28881.0,,,,,0.0,0.0,12686.5
1552.23,0.0,28881.0,,,,,0.0,0.0,12686.5
1553.23,100.0,28881.0,,,,,100.0,100.0,12684.3
1554.23,0.0,28881.0,,,,,0.0,0.0,12686.4
1555.23,0.0,28881.0,,,,,0.0,0.0,12686.4
1556.23,100.0,28881.0,,,,,100.0,100.0,12687.1
1557.23,0.0,28881.0,,,,,0.0,0.0,12687.1
1558.23,100.0,28913.0,,,,,100.0,100.0,12689.0
1559.23,0.0,28913.0,,,,,0.0,0.0,12689.0
1560.23,0.0,28913.0,,,,,0.0,0.0,12689.0
1561.23,100.0,28845.4,,,,,100.0,100.0,12691.2
1562.23,0.0,28845.4,,,,,0.0,0.0,12691.2
1563.23,0.0,28845.4,,,,,0.0,0.0,12691.2
1564.23,100.0,28777.1,,,,,100.0,100.0,12691.4
1565.23,0.0,28777.1,,,,,0.0,0.0,12691.4
1566.23,0.0,28777.1,,,,,0.0,0.0,12691.4
1567.23,100.0,28708.9,,,,,100.0,100.0,12691.4
1568.23,0.0,28708.9,,,,,0.0,0.0,12691.4
1569.23,0.0,28708.9,,,,,0.0,0.0,12691.4
1570.23,100.0,28608.7,,,,,100.0,100.0,12669.2
1571.23,0.0,28676.8,,,,,0.0,0.0,12677.5
1572.23,0.0,28813.0,,,,,0.0,0.0,12668.8
1573.23,100.0,28813.0,,,,,100.0,100.0,12675.3
1574.23,0.0,28881.0,,,,,0.0,0.0,12684.8
1575.23,0.0,28881.0,,,,,0.0,0.0,12686.9
1576.23,100.0,28881.0,,,,,100.0,100.0,12681.7
1577.23,0.0,28881.0,,,,,0.0,0.0,12686.8
1578.23,0.0,28881.0,,,,,0.0,0.0,12686.8
1579.24,100.0,28881.0,,,,,100.0,100.0,12687.6
1580.24,0.0,28881.0,,,,,0.0,0.0,12687.6
1581.24,100.0,28913.0,,,,,100.0,100.0,12689.5
1582.24,0.0,28913.0,,,,,0.0,0.0,12689.5
1583.24,0.0,28913.0,,,,,0.0,0.0,12689.5
1584.24,100.0,28845.4,,,,,100.0,100.0,12691.7
1585.24,0.0,28845.4,,,,,0.0,0.0,12691.7
1586.24,0.0,28845.4,,,,,0.0,0.0,12691.7
1587.24,100.0,28777.1,,,,,100.0,100.0,12691.9
1588.24,0.0,28777.1,,,,,0.0,0.0,12691.9
1589.24,0.0,28777.1,,,,,0.0,0.0,12691.9
1590.24,100.0,28708.9,,,,,100.0,100.0,12691.9
1591.24,0.0,28708.9,,,,,0.0,0.0,12691.9
1592.24,0.0,28708.9,,,,,0.0,0.0,12691.9
1593.24,100.0,28608.7,,,,,100.0,100.0,12685.3
1594.24,0.0,28676.8,,,,,0.0,0.0,12673.9
1595.24,0.0,28779.0,,,,,0.0,0.0,12685.2
1596.24,100.0,28813.0,,,,,100.0,100.0,12674.6
1597.24,0.0,28881.0,,,,,0.0,0.0,12682.4
1598.24,0.0,28881.0,,,,,0.0,0.0,12686.8
1599.24,100.0,28881.0,,,,,100.0,100.0,12678.6
1600.24,0.0,28881.0,,,,,0.0,0.0,12687.0
1601.24,0.0,28881.0,,,,,0.0,0.0,12687.0
1602.24,100.0,28881.0,,,,,100.0,100.0,12687.8
1603.24,0.0,28881.0,,,,,0.0,0.0,12687.8
1604.24,0.0,28881.0,,,,,0.0,0.0,12687.8
1605.24,100.0,28913.0,,,,,100.0,100.0,12689.7
1606.24,0.0,28913.0,,,,,0.0,0.0,12689.7
1607.24,100.0,28845.4,,,,,100.0,100.0,12691.8
1608.24,0.0,28845.4,,,,,0.0,0.0,12691.8
1609.24,0.0,28845.4,,,,,0.0,0.0,12691.8
1610.24,100.0,28777.1,,,,,100.0,100.0,12692.0
1611.24,0.0,28777.1,,,,,0.0,0.0,12692.0
1612.24,0.0,28777.1,,,,,0.0,0.0,12692.0
1613.24,100.0,28708.9,,,,,100.0,100.0,12692.1
1614.24,0.0,28708.9,,,,,0.0,0.0,12692.1
1615.24,0.0,28708.9,,,,,0.0,0.0,12692.1
1616.24,100.0,28608.7,,,,,100.0,100.0,12685.5
1617.24,0.0,28676.8,,,,,0.0,0.0,12674.9
1618.24,0.0,28779.0,,,,,0.0,0.0,12678.1
1619.24,100.0,28813.0,,,,,100.0,100.0,12683.4
1620.24,0.0,28881.0,,,,,0.0,0.0,12683.6
1621.24,0.0,28881.0,,,,,0.0,0.0,12687.2
1622.24,100.0,28881.0,,,,,100.0,100.0,12677.4
1623.24,0.0,28881.0,,,,,0.0,0.0,12687.5
1624.24,0.0,28881.0,,,,,0.0,0.0,12687.5
1625.24,100.0,28881.0,,,,,100.0,100.0,12688.2
1626.24,0.0,28881.0,,,,,0.0,0.0,12688.2
1627.24,0.0,28881.0,,,,,0.0,0.0,12688.2
1628.24,100.0,28913.0,,,,,100.0,100.0,12690.1
1629.24,0.0,28913.0,,,,,0.0,0.0,12690.1
1630.24,100.0,28845.4,,,,,100.0,100.0,12692.2
1631.24,0.0,28845.4,,,,,0.0,0.0,12692.2
1632.24,0.0,28845.4,,,,,0.0,0.0,12692.2
1633.24,100.0,28777.1,,,,,100.0,100.0,12692.4
1634.24,0.0,28777.1,,,,,0.0,0.0,12692.4
1635.24,0.0,28777.1,,,,,0.0,0.0,12692.4
1636.24,100.0,28708.9,,,,,100.0,100.0,12692.4
1637.24,0.0,28708.9,,,,,0.0,0.0,12692.4
1638.24,0.0,28708.9,,,,,0.0,0.0,12692.4
1639.24,100.0,28608.7,,,,,100.0,100.0,12685.9
1640.24,0.0,28676.8,,,,,0.0,0.0,12673.5
1641.24,0.0,28813.0,,,,,0.0,0.0,12687.4
1642.24,100.0,28813.0,,,,,100.0,100.0,12674.1
1643.24,0.0,28881.0,,,,,0.0,0.0,12684.5
1644.24,0.0,28881.0,,,,,0.0,0.0,12687.4
1645.24,100.0,28881.0,,,,,100.0,100.0,12676.4
1646.24,0.0,28881.0,,,,,0.0,0.0,12687.3
1647.24,0.0,28881.0,,,,,0.0,0.0,12687.3
1648.24,100.0,28881.0,,,,,100.0,100.0,12688.0
1649.24,0.0,28881.0,,,,,0.0,0.0,12688.0
1650.25,0.0,28881.0,,,,,0.0,0.0,12688.0
1651.25,100.0,28913.0,,,,,100.0,100.0,12689.9
1652.25,0.0,28913.0,,,,,0.0,0.0,12689.9
1653.25,100.0,28845.4,,,,,100.0,100.0,12692.2
1654.25,0.0,28845.4,,,,,0.0,0.0,12692.2
1655.25,0.0,28845.4,,,,,0.0,0.0,12692.2
1656.25,100.0,28777.1,,,,,100.0,100.0,12692.3
1657.25,0.0,28777.1,,,,,0.0,0.0,12692.3
1658.25,0.0,28777.1,,,,,0.0,0.0,12692.3
1659.25,100.0,28708.9,,,,,100.0,100.0,12692.3
1660.25,0.0,28708.9,,,,,0.0,0.0,12692.3
1661.25,0.0,28708.9,,,,,0.0,0.0,12692.3
1662.25,100.0,28574.7,,,,,100.0,100.0,12685.0
1663.25,0.0,28676.8,,,,,0.0,0.0,12671.3
1664.25,0.0,28744.9,,,,,0.0,0.0,12677.1
1665.25,100.0,28813.0,,,,,100.0,100.0,12679.0
1666.25,0.0,28881.0,,,,,0.0,0.0,12684.0
1667.25,0.0,28881.0,,,,,0.0,0.0,12687.6
1668.25,100.0,28881.0,,,,,100.0,100.0,12676.4
1669.25,0.0,28881.0,,,,,0.0,0.0,12687.6
1670.25,0.0,28881.0,,,,,0.0,0.0,12687.6
1671.25,100.0,28881.0,,,,,100.0,100.0,12688.4
1672.25,0.0,28881.0,,,,,0.0,0.0,12688.4
1673.25,0.0,28881.0,,,,,0.0,0.0,12688.4
1674.25,100.0,28913.0,,,,,100.0,100.0,12690.3
1675.25,0.0,28913.0,,,,,0.0,0.0,12690.3
1676.25,0.0,28913.0,,,,,0.0,0.0,12690.3
1677.25,100.0,28845.4,,,,,100.0,100.0,12692.4
1678.25,0.0,28845.4,,,,,0.0,0.0,12692.4
1679.25,100.0,28777.1,,,,,100.0,100.0,12692.6
1680.25,0.0,28777.1,,,,,0.0,0.0,12692.6
1681.25,0.0,28777.1,,,,,0.0,0.0,12692.6
1682.25,100.0,28708.9,,,,,100.0,100.0,12692.6
1683.25,0.0,28708.9,,,,,0.0,0.0,12692.6
1684.25,0.0,28708.9,,,,,0.0,0.0,12692.6
1685.25,100.0,28608.6,,,,,100.0,100.0,12681.4
1686.25,0.0,28676.8,,,,,0.0,0.0,12672.7
1687.25,0.0,28744.9,,,,,0.0,0.0,12677.0
1688.25,100.0,28813.0,,,,,100.0,100.0,12688.3
1689.25,0.0,28881.0,,,,,0.0,0.0,12677.7
1690.25,0.0,28881.0,,,,,0.0,0.0,12687.9
1691.25,100.0,28881.0,,,,,100.0,100.0,12688.6
1692.25,0.0,28881.0,,,,,0.0,0.0,12687.8
1693.25,0.0,28881.0,,,,,0.0,0.0,12687.8
1694.25,100.0,28881.0,,,,,100.0,100.0,12688.7
1695.25,0.0,28881.0,,,,,0.0,0.0,12688.7
1696.25,0.0,28881.0,,,,,0.0,0.0,12688.7
1697.25,100.0,28913.0,,,,,100.0,100.0,12690.5
1698.25,0.0,28913.0,,,,,0.0,0.0,12690.5
1699.25,0.0,28913.0,,,,,0.0,0.0,12690.5
1700.25,100.0,28845.4,,,,,100.0,100.0,12692.8
1701.25,0.0,28845.4,,,,,0.0,0.0,12692.8
1702.25,100.0,28777.1,,,,,100.0,100.0,12693.0
1703.25,0.0,28777.1,,,,,0.0,0.0,12693.0
1704.25,0.0,28777.1,,,,,0.0,0.0,12693.0
1705.25,100.0,28708.9,,,,,100.0,100.0,12693.0
1706.25,0.0,28708.9,,,,,0.0,0.0,12693.0
1707.25,0.0,28708.9,,,,,0.0,0.0,12693.0
1708.25,100.0,28608.6,,,,,100.0,100.0,12677.9
1709.25,0.0,28676.8,,,,,0.0,0.0,12686.8
1710.25,0.0,28744.9,,,,,0.0,0.0,12679.8
1711.25,100.0,28813.0,,,,,100.0,100.0,12681.1
1712.25,0.0,28881.0,,,,,0.0,0.0,12678.4
1713.25,0.0,28881.0,,,,,0.0,0.0,12688.3
1714.25,100.0,28881.0,,,,,100.0,100.0,12689.0
1715.25,0.0,28881.0,,,,,0.0,0.0,12688.2
1716.25,0.0,28881.0,,,,,0.0,0.0,12688.2
1717.25,100.0,28881.0,,,,,100.0,100.0,12689.0
1718.25,0.0,28881.0,,,,,0.0,0.0,12689.0
1719.25,0.0,28881.0,,,,,0.0,0.0,12689.0
1720.26,100.0,28913.0,,,,,100.0,100.0,12690.9
1721.26,0.0,28913.0,,,,,0.0,0.0,12690.9
1722.26,0.0,28913.0,,,,,0.0,0.0,12690.9
1723.26,100.0,28845.4,,,,,100.0,100.0,12693.0
1724.26,0.0,28845.4,,,,,0.0,0.0,12693.0
1725.26,100.0,28777.1,,,,,100.0,100.0,12693.2
1726.26,0.0,28777.1,,,,,0.0,0.0,12693.2
1727.26,0.0,28777.1,,,,,0.0,0.0,12693.2
1728.26,100.0,28708.9,,,,,100.0,100.0,12693.2
1729.26,0.0,28708.9,,,,,0.0,0.0,12693.2
1730.26,0.0,28708.9,,,,,0.0,0.0,12693.2
1731.26,100.0,28608.6,,,,,100.0,100.0,12676.6
1732.26,0.0,28676.8,,,,,0.0,0.0,12687.0
1733.26,0.0,28744.9,,,,,0.0,0.0,12682.3
1734.26,100.0,28813.0,,,,,100.0,100.0,12678.4
1735.26,0.0,28881.0,,,,,0.0,0.0,12683.1
1736.26,0.0,28881.0,,,,,0.0,0.0,12688.5
1737.26,100.0,28881.0,,,,,100.0,100.0,12672.2
1738.26,0.0,28881.0,,,,,0.0,0.0,12688.5
1739.26,0.0,28881.0,,,,,0.0,0.0,12688.5
1740.26,100.0,28881.0,,,,,100.0,100.0,12689.2
1741.26,0.0,28881.0,,,,,0.0,0.0,12689.2
1742.26,0.0,28881.0,,,,,0.0,0.0,12689.2
1743.26,100.0,28913.0,,,,,100.0,100.0,12691.2
1744.26,0.0,28913.0,,,,,0.0,0.0,12691.2
1745.26,0.0,28913.0,,,,,0.0,0.0,12691.2
1746.26,100.0,28845.4,,,,,100.0,100.0,12693.3
1747.26,0.0,28845.4,,,,,0.0,0.0,12693.3
1748.26,100.0,28777.1,,,,,100.0,100.0,12693.4
1749.26,0.0,28777.1,,,,,0.0,0.0,12693.4
1750.26,0.0,28777.1,,,,,0.0,0.0,12693.4
1751.26,100.0,28708.9,,,,,100.0,100.0,12693.4
1752.26,0.0,28708.9,,,,,0.0,0.0,12693.4
1753.26,0.0,28708.9,,,,,0.0,0.0,12693.4
1754.26,100.0,28608.6,,,,,100.0,100.0,12673.9
1755.26,0.0,28676.8,,,,,0.0,0.0,12687.2
1756.26,0.0,28744.9,,,,,0.0,0.0,12675.2
1757.26,0.0,28847.0,,,,,0.0,0.0,12687.6
1758.26,100.0,28881.0,,,,,100.0,100.0,12677.0
1759.26,0.0,28881.0,,,,,0.0,0.0,12688.7
1760.26,100.0,28881.0,,,,,100.0,100.0,12689.4
1761.26,0.0,28881.0,,,,,0.0,0.0,12688.5
1762.26,0.0,28881.0,,,,,0.0,0.0,12688.5
1763.26,100.0,28881.0,,,,,100.0,100.0,12689.2
1764.26,0.0,28881.0,,,,,0.0,0.0,12689.2
1765.26,0.0,28881.0,,,,,0.0,0.0,12689.2
1766.26,100.0,28913.0,,,,,100.0,100.0,12691.2
1767.26,0.0,28913.0,,,,,0.0,0.0,12691.2
1768.26,0.0,28913.0,,,,,0.0,0.0,12691.2
1769.26,100.0,28845.4,,,,,100.0,100.0,12693.3
1770.26,0.0,28845.4,,,,,0.0,0.0,12693.3
1771.26,0.0,28845.4,,,,,0.0,0.0,12693.3
1772.26,100.0,28777.1,,,,,100.0,100.0,12693.5
1773.26,0.0,28777.1,,,,,0.0,0.0,12693.5
1774.26,100.0,28708.9,,,,,100.0,100.0,12693.5
1775.26,0.0,28708.9,,,,,0.0,0.0,12693.5
1776.26,0.0,28708.9,,,,,0.0,0.0,12693.5
1777.26,100.0,28608.6,,,,,100.0,100.0,12673.4
1778.26,0.0,28676.8,,,,,0.0,0.0,12687.6
1779.26,0.0,28744.9,,,,,0.0,0.0,12675.5
1780.26,0.0,28813.0,,,,,0.0,0.0,12684.4
1781.26,100.0,28881.0,,,,,100.0,100.0,12689.5
1782.26,0.0,28881.0,,,,,0.0,0.0,12689.1
1783.26,100.0,28881.0,,,,,100.0,100.0,12689.7
1784.26,0.0,28881.0,,,,,0.0,0.0,12688.9
1785.26,0.0,28881.0,,,,,0.0,0.0,12688.9
1786.26,100.0,28881.0,,,,,100.0,100.0,12689.6
1787.26,0.0,28881.0,,,,,0.0,0.0,12689.6
1788.26,0.0,28881.0,,,,,0.0,0.0,12689.6
1789.26,100.0,28913.0,,,,,100.0,100.0,12691.5
1790.27,0.0,28913.0,,,,,0.0,0.0,12691.5
1791.27,0.0,28913.0,,,,,0.0,0.0,12691.5
1792.27,100.0,28845.4,,,,,100.0,100.0,12693.8
1793.27,0.0,28845.4,,,,,0.0,0.0,12693.8
1794.27,0.0,28845.4,,,,,0.0,0.0,12693.8
1795.27,100.0,28777.1,,,,,100.0,100.0,12694.0
1796.27,0.0,28777.1,,,,,0.0,0.0,12694.0
1797.27,100.0,28708.9,,,,,100.0,100.0,12694.0
1798.27,0.0,28708.9,,,,,0.0,0.0,12694.0
1799.27,0.0,28708.9,,,,,0.0,0.0,12694.0
1800.27,100.0,28608.6,,,,,100.0,100.0,12673.7
1801.27,0.0,28642.8,,,,,0.0,0.0,12685.6
1802.27,0.0,28744.9,,,,,0.0,0.0,12688.4
1803.27,0.0,28813.0,,,,,0.0,0.0,12682.9
1804.27,100.0,28881.0,,,,,100.0,100.0,12689.6
1805.27,0.0,28881.0,,,,,0.0,0.0,12689.0
1806.27,100.0,28881.0,,,,,100.0,100.0,12689.6
1807.27,0.0,28881.0,,,,,0.0,0.0,12688.9
1808.27,0.0,28881.0,,,,,0.0,0.0,12688.9
1809.27,100.0,28881.0,,,,,100.0,100.0,12689.6
1810.27,0.0,28881.0,,,,,0.0,0.0,12689.6
1811.27,0.0,28881.0,,,,,0.0,0.0,12689.6
1812.27,100.0,28913.0,,,,,100.0,100.0,12691.5
1813.27,0.0,28913.0,,,,,0.0,0.0,12691.5
1814.27,0.0,28913.0,,,,,0.0,0.0,12691.5
1815.27,100.0,28845.4,,,,,100.0,100.0,12693.8
1816.27,0.0,28845.4,,,,,0.0,0.0,12693.8
1817.27,0.0,28845.4,,,,,0.0,0.0,12693.8
1818.27,100.0,28777.1,,,,,100.0,100.0,12694.0
1819.27,0.0,28777.1,,,,,0.0,0.0,12694.0
1820.27,100.0,28708.9,,,,,100.0,100.0,12694.0
1821.27,0.0,28708.9,,,,,0.0,0.0,12694.0
1822.27,0.0,28708.9,,,,,0.0,0.0,12694.0
1823.27,100.0,28608.6,,,,,100.0,100.0,12694.1
1824.27,0.0,28608.7,,,,,0.0,0.0,12682.6
1825.27,0.0,28744.9,,,,,0.0,0.0,12681.9
1826.27,0.0,28813.0,,,,,0.0,0.0,12681.9
1827.27,100.0,28881.0,,,,,100.0,100.0,12683.2
1828.27,0.0,28881.0,,,,,0.0,0.0,12689.5
1829.27,100.0,28881.0,,,,,100.0,100.0,12689.8
1830.27,0.0,28881.0,,,,,0.0,0.0,12689.5
1831.27,0.0,28881.0,,,,,0.0,0.0,12689.5
1832.27,100.0,28881.0,,,,,100.0,100.0,12690.3
1833.27,0.0,28881.0,,,,,0.0,0.0,12690.3
1834.27,0.0,28881.0,,,,,0.0,0.0,12690.3
1835.27,100.0,28913.0,,,,,100.0,100.0,12692.1
1836.27,0.0,28913.0,,,,,0.0,0.0,12692.1
1837.27,0.0,28913.0,,,,,0.0,0.0,12692.1
1838.27,100.0,28845.4,,,,,100.0,100.0,12694.3
1839.27,0.0,28845.4,,,,,0.0,0.0,12694.3
1840.27,0.0,28845.4,,,,,0.0,0.0,12694.3
1841.27,100.0,28777.1,,,,,100.0,100.0,12694.4
1842.27,0.0,28777.1,,,,,0.0,0.0,12694.4
1843.27,100.0,28708.9,,,,,100.0,100.0,12694.4
1844.27,0.0,28708.9,,,,,0.0,0.0,12694.4
1845.27,0.0,28708.9,,,,,0.0,0.0,12694.4
1846.27,100.0,28608.6,,,,,100.0,100.0,12669.8
1847.27,0.0,28608.7,,,,,0.0,0.0,12679.2
1848.27,0.0,28744.9,,,,,0.0,0.0,12670.9
1849.27,0.0,28813.0,,,,,0.0,0.0,12678.0
1850.27,100.0,28881.0,,,,,100.0,100.0,12690.0
1851.27,0.0,28881.0,,,,,0.0,0.0,12689.6
1852.27,0.0,28881.0,,,,,0.0,0.0,12689.6
1853.27,100.0,28881.0,,,,,100.0,100.0,12689.9
1854.27,0.0,28881.0,,,,,0.0,0.0,12689.9
1855.27,100.0,28881.0,,,,,100.0,100.0,12690.6
1856.27,0.0,28881.0,,,,,0.0,0.0,12690.6
1857.27,0.0,28881.0,,,,,0.0,0.0,12690.6
1858.27,100.0,28913.0,,,,,100.0,100.0,12692.4
1859.27,0.0,28913.0,,,,,0.0,0.0,12692.4
1860.27,0.0,28913.0,,,,,0.0,0.0,12692.4
1861.27,100.0,28845.4,,,,,100.0,100.0,12694.5
1862.27,0.0,28845.4,,,,,0.0,0.0,12694.5
1863.28,0.0,28845.4,,,,,0.0,0.0,12694.5
1864.28,100.0,28777.1,,,,,100.0,100.0,12694.7
1865.28,0.0,28777.1,,,,,0.0,0.0,12694.7
1866.28,0.0,28777.1,,,,,0.0,0.0,12694.7
1867.28,100.0,28708.9,,,,,100.0,100.0,12694.7
1868.28,0.0,28708.9,,,,,0.0,0.0,12694.7
1869.28,100.0,28608.6,,,,,100.0,100.0,12669.1
1870.28,0.0,28608.7,,,,,0.0,0.0,12677.2
1871.28,0.0,28744.9,,,,,0.0,0.0,12689.2
1872.28,0.0,28813.0,,,,,0.0,0.0,12679.1
1873.28,100.0,28847.0,,,,,100.0,100.0,12689.1
1874.28,0.0,28881.0,,,,,0.0,0.0,12690.1
1875.28,0.0,28881.0,,,,,0.0,0.0,12690.1
1876.28,100.0,28881.0,,,,,100.0,100.0,12690.0
1877.28,0.0,28881.0,,,,,0.0,0.0,12690.0
1878.28,100.0,28881.0,,,,,100.0,100.0,12690.3
1879.28,0.0,28881.0,,,,,0.0,0.0,12690.8
1880.28,0.0,28881.0,,,,,0.0,0.0,12690.8
1881.28,100.0,28913.0,,,,,100.0,100.0,12692.6
1882.28,0.0,28913.0,,,,,0.0,0.0,12692.6
1883.28,0.0,28913.0,,,,,0.0,0.0,12692.6
1884.28,100.0,28845.4,,,,,100.0,100.0,12694.7
1885.28,0.0,28845.4,,,,,0.0,0.0,12694.7
1886.28,0.0,28845.4,,,,,0.0,0.0,12694.7
1887.28,100.0,28777.1,,,,,100.0,100.0,12694.9
1888.28,0.0,28777.1,,,,,0.0,0.0,12694.9
1889.28,0.0,28777.1,,,,,0.0,0.0,12694.9
1890.28,100.0,28708.9,,,,,100.0,100.0,12694.9
1891.28,0.0,28708.9,,,,,0.0,0.0,12694.9
1892.28,100.0,28608.6,,,,,100.0,100.0,12695.0
1893.28,0.0,28608.7,,,,,0.0,0.0,12677.4
1894.28,0.0,28744.9,,,,,0.0,0.0,12689.1
1895.28,0.0,28813.0,,,,,0.0,0.0,12690.2
1896.28,100.0,28881.0,,,,,100.0,100.0,12690.1
1897.28,0.0,28881.0,,,,,0.0,0.0,12689.9
1898.28,0.0,28881.0,,,,,0.0,0.0,12689.9
1899.28,100.0,28881.0,,,,,100.0,100.0,12690.0
1900.28,0.0,28881.0,,,,,0.0,0.0,12690.0
1901.28,100.0,28881.0,,,,,100.0,100.0,12690.4
1902.28,0.0,28881.0,,,,,0.0,0.0,12690.8
1903.28,0.0,28881.0,,,,,0.0,0.0,12690.8
1904.28,100.0,28913.0,,,,,100.0,100.0,12692.6
1905.28,0.0,28913.0,,,,,0.0,0.0,12692.6
1906.28,0.0,28913.0,,,,,0.0,0.0,12692.6
1907.28,100.0,28845.4,,,,,100.0,100.0,12694.9
1908.28,0.0,28845.4,,,,,0.0,0.0,12694.9
1909.28,0.0,28845.4,,,,,0.0,0.0,12694.9
1910.28,100.0,28777.1,,,,,100.0,100.0,12695.1
1911.28,0.0,28777.1,,,,,0.0,0.0,12695.1
1912.28,0.0,28777.1,,,,,0.0,0.0,12695.1
1913.28,100.0,28708.9,,,,,100.0,100.0,12695.1
1914.28,0.0,28708.9,,,,,0.0,0.0,12695.1
1915.28,100.0,28608.6,,,,,100.0,100.0,12695.2
1916.28,0.0,28608.7,,,,,0.0,0.0,12682.0
1917.28,0.0,28710.9,,,,,0.0,0.0,12678.8
1918.28,0.0,28813.0,,,,,0.0,0.0,12683.8
1919.28,100.0,28813.0,,,,,100.0,100.0,12686.4
1920.28,0.0,28881.0,,,,,0.0,0.0,12690.4
1921.28,0.0,28881.0,,,,,0.0,0.0,12690.4
1922.28,100.0,28881.0,,,,,100.0,100.0,12690.3
1923.28,0.0,28881.0,,,,,0.0,0.0,12690.3
1924.28,100.0,28813.0,,,,,100.0,100.0,12690.4
1925.28,0.0,28881.0,,,,,0.0,0.0,12691.0
1926.28,0.0,28881.0,,,,,0.0,0.0,12691.0
1927.28,100.0,28913.0,,,,,100.0,100.0,12693.0
1928.28,0.0,28913.0,,,,,0.0,0.0,12693.0
1929.28,0.0,28913.0,,,,,0.0,0.0,12693.0
1930.28,100.0,28845.4,,,,,100.0,100.0,12695.1
1931.28,0.0,28845.4,,,,,0.0,0.0,12695.1
1932.28,0.0,28845.4,,,,,0.0,0.0,12695.1
1933.28,100.0,28777.1,,,,,100.0,100.0,12695.3
1934.29,0.0,28777.1,,,,,0.0,0.0,12695.3
1935.29,0.0,28777.1,,,,,0.0,0.0,12695.3
1936.29,100.0,28708.9,,,,,100.0,100.0,12695.3
1937.29,0.0,28708.9,,,,,0.0,0.0,12695.3
1938.29,100.0,28608.7,,,,,100.0,100.0,12695.4
1939.29,1.28,28608.7,,,,,1.27,1.28,12675.0
1940.29,0.0,28676.8,,,,,0.0,0.0,12686.2
1941.29,0.0,28813.0,,,,,0.0,0.0,12675.1
1942.29,100.0,28813.0,,,,,100.0,100.0,12680.5
1943.29,0.0,28881.0,,,,,0.0,0.0,12690.5
1944.29,0.0,28881.0,,,,,0.0,0.0,12690.5
1945.29,100.0,28881.0,,,,,100.0,100.0,12690.4
1946.29,0.0,28881.0,,,,,0.0,0.0,12690.4
1947.29,0.0,28881.0,,,,,0.0,0.0,12690.4
1948.29,100.0,28881.0,,,,,100.0,100.0,12691.2
1949.29,0.0,28881.0,,,,,0.0,0.0,12691.2
1950.29,100.0,28913.0,,,,,100.0,100.0,12693.1
1951.29,0.0,28913.0,,,,,0.0,0.0,12693.1
1952.29,0.0,28913.0,,,,,0.0,0.0,12693.1
1953.29,100.0,28845.4,,,,,100.0,100.0,12695.4
1954.29,0.0,28845.4,,,,,0.0,0.0,12695.4
1955.29,0.0,28845.4,,,,,0.0,0.0,12695.4
1956.29,100.0,28777.1,,,,,100.0,100.0,12695.5
1957.29,0.0,28777.1,,,,,0.0,0.0,12695.5
1958.29,0.0,28777.1,,,,,0.0,0.0,12695.5
1959.29,100.0,28708.9,,,,,100.0,100.0,12695.6
1960.29,0.0,28708.9,,,,,0.0,0.0,12695.6
1961.29,0.0,28708.9,,,,,0.0,0.0,12695.6
1962.29,100.0,28608.7,,,,,100.0,100.0,12675.4
1963.29,0.0,28710.9,,,,,0.0,0.0,12685.2
1964.29,0.0,28813.0,,,,,0.0,0.0,12690.7
1965.29,100.0,28813.0,,,,,100.0,100.0,12681.8
1966.29,0.0,28881.0,,,,,0.0,0.0,12690.7
1967.29,0.0,28881.0,,,,,0.0,0.0,12690.7
1968.29,100.0,28881.0,,,,,100.0,100.0,12689.6
1969.29,0.0,28881.0,,,,,0.0,0.0,12690.7
1970.29,0.0,28881.0,,,,,0.0,0.0,12690.7
1971.29,100.0,28881.0,,,,,100.0,100.0,12691.4
1972.29,0.0,28881.0,,,,,0.0,0.0,12691.4
1973.29,100.0,28913.0,,,,,100.0,100.0,12693.2
1974.29,0.0,28913.0,,,,,0.0,0.0,12693.2
1975.29,0.0,28913.0,,,,,0.0,0.0,12693.2
1976.29,100.0,28845.4,,,,,100.0,100.0,12695.3
1977.29,0.0,28845.4,,,,,0.0,0.0,12695.3
1978.29,0.0,28845.4,,,,,0.0,0.0,12695.3
1979.29,100.0,28777.1,,,,,100.0,100.0,12695.5
1980.29,0.0,28777.1,,,,,0.0,0.0,12695.5
1981.29,0.0,28777.1,,,,,0.0,0.0,12695.5
1982.29,100.0,28708.9,,,,,100.0,100.0,12695.5
1983.29,0.0,28708.9,,,,,0.0,0.0,12695.5
1984.29,0.0,28708.9,,,,,0.0,0.0,12695.5
1985.29,100.0,28608.7,,,,,100.0,100.0,12689.7
1986.29,0.0,28676.8,,,,,0.0,0.0,12681.3
1987.29,0.0,28813.0,,,,,0.0,0.0,12691.3
1988.29,100.0,28813.0,,,,,100.0,100.0,12681.4
1989.29,0.0,28881.0,,,,,0.0,0.0,12691.1
1990.29,0.0,28881.0,,,,,0.0,0.0,12691.1
1991.29,100.0,28881.0,,,,,100.0,100.0,12686.5
1992.29,0.0,28881.0,,,,,0.0,0.0,12691.3
1993.29,0.0,28881.0,,,,,0.0,0.0,12691.3
1994.29,100.0,28881.0,,,,,100.0,100.0,12692.2
1995.29,0.0,28881.0,,,,,0.0,0.0,12692.2
1996.29,100.0,28913.0,,,,,100.0,100.0,12694.1
1997.29,0.0,28913.0,,,,,0.0,0.0,12694.1
1998.29,0.0,28913.0,,,,,0.0,0.0,12694.1
1999.29,100.0,28845.4,,,,,100.0,100.0,12695.8
2000.29,0.0,28845.4,,,,,0.0,0.0,12695.8
2001.29,0.0,28845.4,,,,,0.0,0.0,12695.8
2002.29,100.0,28777.1,,,,,100.0,100.0,12696.0
2003.29,0.0,28777.1,,,,,0.0,0.0,12696.0
2004.29,0.0,28777.1,,,,,0.0,0.0,12696.0
2005.29,100.0,28708.9,,,,,100.0,100.0,12696.0
2006.3,0.0,28708.9,,,,,0.0,0.0,12696.0
2007.3,0.0,28708.9,,,,,0.0,0.0,12696.0
2008.3,100.0,28608.7,,,,,100.0,100.0,12671.4
2009.3,0.0,28676.8,,,,,0.0,0.0,12679.4
2010.3,0.0,28813.0,,,,,0.0,0.0,12672.6
2011.3,100.0,28813.0,,,,,100.0,100.0,12679.5
2012.3,0.0,28881.0,,,,,0.0,0.0,12691.1
2013.3,0.0,28881.0,,,,,0.0,0.0,12691.1
2014.3,100.0,28881.0,,,,,100.0,100.0,12683.8
2015.3,0.0,28881.0,,,,,0.0,0.0,12691.3
2016.3,0.0,28881.0,,,,,0.0,0.0,12691.3
2017.3,100.0,28881.0,,,,,100.0,100.0,12692.0
2018.3,0.0,28881.0,,,,,0.0,0.0,12692.0
2019.3,0.0,28881.0,,,,,0.0,0.0,12692.0
2020.3,100.0,28913.0,,,,,100.0,100.0,12694.0
2021.3,0.0,28913.0,,,,,0.0,0.0,12694.0
2022.3,100.0,28845.4,,,,,100.0,100.0,12696.3
2023.3,0.0,28845.4,,,,,0.0,0.0,12696.3
2024.3,0.0,28845.4,,,,,0.0,0.0,12696.3
2025.3,100.0,28777.1,,,,,100.0,100.0,12696.4
2026.3,0.0,28777.1,,,,,0.0,0.0,12696.4
2027.3,0.0,28777.1,,,,,0.0,0.0,12696.4
2028.3,100.0,28708.9,,,,,100.0,100.0,12696.4
2029.3,0.0,28708.9,,,,,0.0,0.0,12696.4
2030.3,0.0,28708.9,,,,,0.0,0.0,12696.4
2031.3,100.0,28608.7,,,,,100.0,100.0,12670.3
2032.3,0.0,28676.8,,,,,0.0,0.0,12678.1
2033.3,0.0,28813.0,,,,,0.0,0.0,12691.7
2034.3,100.0,28813.0,,,,,100.0,100.0,12679.2
2035.3,0.0,28881.0,,,,,0.0,0.0,12689.8
2036.3,0.0,28881.0,,,,,0.0,0.0,12691.5
2037.3,100.0,28881.0,,,,,100.0,100.0,12682.0
2038.3,0.0,28881.0,,,,,0.0,0.0,12691.6
2039.3,0.0,28881.0,,,,,0.0,0.0,12691.6
2040.3,100.0,28881.0,,,,,100.0,100.0,12692.3
2041.3,0.0,28881.0,,,,,0.0,0.0,12692.3
2042.3,0.0,28881.0,,,,,0.0,0.0,12692.3
2043.3,100.0,28913.0,,,,,100.0,100.0,12694.2
2044.3,0.0,28913.0,,,,,0.0,0.0,12694.2
2045.3,100.0,28845.4,,,,,100.0,100.0,12696.3
2046.3,0.0,28845.4,,,,,0.0,0.0,12696.3
2047.3,0.0,28845.4,,,,,0.0,0.0,12696.3
2048.3,100.0,28777.1,,,,,100.0,100.0,12696.5
2049.3,0.0,28777.1,,,,,0.0,0.0,12696.5
2050.3,0.0,28777.1,,,,,0.0,0.0,12696.5
2051.3,100.0,28708.9,,,,,100.0,100.0,12696.5
2052.3,0.0,28708.9,,,,,0.0,0.0,12696.5
2053.3,0.0,28708.9,,,,,0.0,0.0,12696.5
2054.3,100.0,28608.7,,,,,100.0,100.0,12690.1
2055.3,0.0,28676.8,,,,,0.0,0.0,12678.1
2056.3,0.0,28779.0,,,,,0.0,0.0,12688.1
2057.3,100.0,28813.0,,,,,100.0,100.0,12692.0
2058.3,0.0,28881.0,,,,,0.0,0.0,12685.1
2059.3,0.0,28881.0,,,,,0.0,0.0,12691.6
2060.3,100.0,28881.0,,,,,100.0,100.0,12681.9
2061.3,0.0,28881.0,,,,,0.0,0.0,12691.6
2062.3,0.0,28881.0,,,,,0.0,0.0,12691.6
2063.3,100.0,28881.0,,,,,100.0,100.0,12692.4
2064.3,0.0,28881.0,,,,,0.0,0.0,12692.4
2065.3,0.0,28881.0,,,,,0.0,0.0,12692.4
2066.3,100.0,28913.0,,,,,100.0,100.0,12694.3
2067.3,0.0,28913.0,,,,,0.0,0.0,12694.3
2068.3,100.0,28845.4,,,,,100.0,100.0,12696.5
2069.3,0.0,28845.4,,,,,0.0,0.0,12696.5
2070.3,0.0,28845.4,,,,,0.0,0.0,12696.5
2071.3,100.0,28777.1,,,,,100.0,100.0,12696.7
2072.3,0.0,28777.1,,,,,0.0,0.0,12696.7
2073.3,0.0,28777.1,,,,,0.0,0.0,12696.7
2074.3,100.0,28708.9,,,,,100.0,100.0,12696.7
2075.3,0.0,28708.9,,,,,0.0,0.0,12696.7
2076.31,0.0,28708.9,,,,,0.0,0.0,12696.7
2077.31,100.0,28608.7,,,,,100.0,100.0,12690.3
2078.31,0.0,28676.8,,,,,0.0,0.0,12690.3
2079.31,0.0,28779.0,,,,,0.0,0.0,12677.1
2080.31,100.0,28813.0,,,,,100.0,100.0,12685.0
2081.31,0.0,28881.0,,,,,0.0,0.0,12685.9
2082.31,0.0,28881.0,,,,,0.0,0.0,12691.9
2083.31,100.0,28881.0,,,,,100.0,100.0,12680.1
2084.31,0.0,28881.0,,,,,0.0,0.0,12691.9
2085.31,0.0,28881.0,,,,,0.0,0.0,12691.9
2086.31,100.0,28881.0,,,,,100.0,100.0,12692.9
2087.31,0.0,28881.0,,,,,0.0,0.0,12692.9
2088.31,0.0,28881.0,,,,,0.0,0.0,12692.9
2089.31,100.0,28913.0,,,,,100.0,100.0,12694.7
2090.31,0.0,28913.0,,,,,0.0,0.0,12694.7
2091.31,100.0,28845.0,,,,,100.0,100.0,12696.8
2092.31,0.0,28845.4,,,,,0.0,0.0,12696.8
2093.31,0.0,28845.4,,,,,0.0,0.0,12696.8
2094.31,100.0,28777.1,,,,,100.0,100.0,12696.9
2095.31,0.0,28777.1,,,,,0.0,0.0,12696.9
2096.31,0.0,28777.1,,,,,0.0,0.0,12696.9
2097.31,100.0,28708.9,,,,,100.0,100.0,12697.0
2098.31,0.0,28708.9,,,,,0.0,0.0,12697.0
2099.31,0.0,28708.9,,,,,0.0,0.0,12697.0
2100.31,100.0,28574.6,,,,,100.0,100.0,12688.1
2101.31,0.0,28676.8,,,,,0.0,0.0,12675.5
2102.31,0.0,28744.9,,,,,0.0,0.0,12685.6
2103.31,100.0,28813.0,,,,,100.0,100.0,12686.2
2104.31,0.0,28881.0,,,,,0.0,0.0,12690.1
2105.31,0.0,28881.0,,,,,0.0,0.0,12692.0
2106.31,100.0,28881.0,,,,,100.0,100.0,12679.9
2107.31,0.0,28881.0,,,,,0.0,0.0,12692.1
2108.31,0.0,28881.0,,,,,0.0,0.0,12692.1
2109.31,100.0,28881.0,,,,,100.0,100.0,12692.9
2110.31,0.0,28881.0,,,,,0.0,0.0,12692.9
2111.31,0.0,28881.0,,,,,0.0,0.0,12692.9
2112.31,100.0,28913.0,,,,,100.0,100.0,12694.9
2113.31,0.0,28913.0,,,,,0.0,0.0,12694.9
2114.31,0.0,28913.0,,,,,0.0,0.0,12694.9
2115.31,100.0,28845.4,,,,,100.0,100.0,12697.0
2116.31,0.0,28845.4,,,,,0.0,0.0,12697.0
2117.31,100.0,28777.1,,,,,100.0,100.0,12697.2
2118.31,0.0,28777.1,,,,,0.0,0.0,12697.2
2119.31,0.0,28777.1,,,,,0.0,0.0,12697.2
2120.31,100.0,28708.9,,,,,100.0,100.0,12697.2
2121.31,0.0,28708.9,,,,,0.0,0.0,12697.2
2122.31,0.0,28708.9,,,,,0.0,0.0,12697.2
2123.31,100.0,28608.6,,,,,100.0,100.0,12683.4
2124.31,0.0,28676.8,,,,,0.0,0.0,12676.8
2125.31,0.0,28744.9,,,,,0.0,0.0,12681.6
2126.31,100.0,28813.0,,,,,100.0,100.0,12692.5
2127.31,0.0,28881.0,,,,,0.0,0.0,12680.7
2128.31,0.0,28881.0,,,,,0.0,0.0,12692.3
2129.31,100.0,28881.0,,,,,100.0,100.0,12679.7
2130.31,0.0,28881.0,,,,,0.0,0.0,12692.5
2131.31,0.0,28881.0,,,,,0.0,0.0,12692.5
2132.31,100.0,28881.0,,,,,100.0,100.0,12693.2
2133.31,0.0,28881.0,,,,,0.0,0.0,12693.2
2134.31,0.0,28881.0,,,,,0.0,0.0,12693.2
2135.31,100.0,28913.0,,,,,100.0,100.0,12695.2
2136.31,0.0,28913.0,,,,,0.0,0.0,12695.2
2137.31,0.0,28913.0,,,,,0.0,0.0,12695.2
2138.31,100.0,28845.4,,,,,100.0,100.0,12697.4
2139.31,0.0,28845.4,,,,,0.0,0.0,12697.4
2140.31,100.0,28777.1,,,,,100.0,100.0,12697.5
2141.31,0.0,28777.1,,,,,0.0,0.0,12697.5
2142.31,0.0,28777.1,,,,,0.0,0.0,12697.5
2143.31,100.0,28708.9,,,,,100.0,100.0,12697.5
2144.31,0.0,28708.9,,,,,0.0,0.0,12697.5
2145.31,0.0,28708.9,,,,,0.0,0.0,12697.5
2146.32,100.0,28608.6,,,,,100.0,100.0,12680.3
2147.32,0.0,28676.8,,,,,0.0,0.0,12691.5
2148.32,0.0,28744.9,,,,,0.0,0.0,12682.2
2149.32,100.0,28813.0,,,,,100.0,100.0,12693.4
2150.32,0.0,28881.0,,,,,0.0,0.0,12682.7
2151.32,0.0,28881.0,,,,,0.0,0.0,12692.9
2152.32,100.0,28881.0,,,,,100.0,100.0,12693.7
2153.32,0.0,28881.0,,,,,0.0,0.0,12692.9
2154.32,0.0,28881.0,,,,,0.0,0.0,12692.9
2155.32,100.0,28881.0,,,,,100.0,100.0,12693.7
2156.32,0.0,28881.0,,,,,0.0,0.0,12693.7
2157.32,0.0,28881.0,,,,,0.0,0.0,12693.7
2158.32,100.0,28913.0,,,,,100.0,100.0,12695.7
2159.32,0.0,28913.0,,,,,0.0,0.0,12695.7
2160.32,0.0,28913.0,,,,,0.0,0.0,12695.7
2161.32,100.0,28845.4,,,,,100.0,100.0,12697.4
2162.32,0.0,28845.4,,,,,0.0,0.0,12697.4
2163.32,100.0,28777.1,,,,,100.0,100.0,12697.6
2164.32,0.0,28777.1,,,,,0.0,0.0,12697.6
2165.32,0.0,28777.1,,,,,0.0,0.0,12697.6
2166.32,100.0,28708.9,,,,,100.0,100.0,12697.6
2167.32,0.0,28708.9,,,,,0.0,0.0,12697.6
2168.32,0.0,28708.9,,,,,0.0,0.0,12697.6
2169.32,100.0,28608.6,,,,,100.0,100.0,12679.6
2170.32,0.0,28676.8,,,,,0.0,0.0,12691.5
2171.32,0.0,28744.9,,,,,0.0,0.0,12692.1
2172.32,0.0,28847.0,,,,,0.0,0.0,12692.1
2173.32,100.0,28881.0,,,,,100.0,100.0,12686.5
2174.32,0.0,28881.0,,,,,0.0,0.0,12693.0
2175.32,100.0,28881.0,,,,,100.0,100.0,12675.5
2176.32,0.0,28881.0,,,,,0.0,0.0,12693.0
2177.32,0.0,28881.0,,,,,0.0,0.0,12693.0
2178.32,100.0,28881.0,,,,,100.0,100.0,12693.8
2179.32,0.0,28881.0,,,,,0.0,0.0,12693.8
2180.32,0.0,28881.0,,,,,0.0,0.0,12693.8
2181.32,100.0,28913.0,,,,,100.0,100.0,12695.7
2182.32,0.0,28913.0,,,,,0.0,0.0,12695.7
2183.32,0.0,28913.0,,,,,0.0,0.0,12695.7
2184.32,100.0,28845.4,,,,,100.0,100.0,12697.6
2185.32,0.0,28845.4,,,,,0.0,0.0,12697.6
2186.32,0.0,28845.4,,,,,0.0,0.0,12697.6
2187.32,100.0,28777.1,,,,,100.0,100.0,12697.7
2188.32,0.0,28777.1,,,,,0.0,0.0,12697.7
2189.32,100.0,28708.9,,,,,100.0,100.0,12697.7
2190.32,0.0,28708.9,,,,,0.0,0.0,12697.7
2191.32,0.0,28708.9,,,,,0.0,0.0,12697.7
2192.32,100.0,28608.6,,,,,100.0,100.0,12698.0
2193.32,0.0,28676.8,,,,,0.0,0.0,12674.3
2194.32,0.0,28744.9,,,,,0.0,0.0,12678.3
2195.32,0.0,28847.0,,,,,0.0,0.0,12690.3
2196.32,100.0,28881.0,,,,,100.0,100.0,12678.6
2197.32,0.0,28881.0,,,,,0.0,0.0,12693.5
2198.32,100.0,28881.0,,,,,100.0,100.0,12694.1
2199.32,0.0,28881.0,,,,,0.0,0.0,12693.3
2200.32,0.0,28881.0,,,,,0.0,0.0,12693.3
2201.32,100.0,28881.0,,,,,100.0,100.0,12694.2
2202.32,0.0,28881.0,,,,,0.0,0.0,12694.2
2203.32,0.0,28881.0,,,,,0.0,0.0,12694.2
2204.32,100.0,28913.0,,,,,100.0,100.0,12696.1
2205.32,0.0,28913.0,,,,,0.0,0.0,12696.1
2206.32,0.0,28913.0,,,,,0.0,0.0,12696.1
2207.32,100.0,28845.4,,,,,100.0,100.0,12697.9
2208.32,0.0,28845.4,,,,,0.0,0.0,12697.9
2209.32,0.0,28845.4,,,,,0.0,0.0,12697.9
2210.32,100.0,28777.1,,,,,100.0,100.0,12698.1
2211.32,0.0,28777.1,,,,,0.0,0.0,12698.1
2212.32,100.0,28708.9,,,,,100.0,100.0,12698.1
2213.32,0.0,28708.9,,,,,0.0,0.0,12698.1
2214.32,0.0,28708.9,,,,,0.0,0.0,12698.1
2215.32,100.0,28608.6,,,,,100.0,100.0,12676.5
2216.32,0.0,28676.8,,,,,0.0,0.0,12691.6
2217.32,0.0,28744.9,,,,,0.0,0.0,12678.9
2218.33,0.0,28813.0,,,,,0.0,0.0,12684.8
2219.33,100.0,28881.0,,,,,100.0,100.0,12693.8
2220.33,0.0,28881.0,,,,,0.0,0.0,12693.6
2221.33,100.0,28881.0,,,,,100.0,100.0,12694.1
2222.33,0.0,28881.0,,,,,0.0,0.0,12693.5
2223.33,0.0,28881.0,,,,,0.0,0.0,12693.5
2224.33,100.0,28881.0,,,,,100.0,100.0,12694.2
2225.33,0.0,28881.0,,,,,0.0,0.0,12694.2
2226.33,0.0,28881.0,,,,,0.0,0.0,12694.2
2227.33,100.0,28913.0,,,,,100.0,100.0,12696.2
2228.33,0.0,28913.0,,,,,0.0,0.0,12696.2
2229.33,0.0,28913.0,,,,,0.0,0.0,12696.2
2230.33,100.0,28845.4,,,,,100.0,100.0,12698.1
2231.33,0.0,28845.4,,,,,0.0,0.0,12698.1
2232.33,0.0,28845.4,,,,,0.0,0.0,12698.1
2233.33,100.0,28777.1,,,,,100.0,100.0,12698.3
2234.33,0.0,28777.1,,,,,0.0,0.0,12698.3
2235.33,100.0,28708.9,,,,,100.0,100.0,12698.3
2236.33,0.0,28708.9,,,,,0.0,0.0,12698.3
2237.33,0.0,28708.9,,,,,0.0,0.0,12698.3
2238.33,100.0,28608.6,,,,,100.0,100.0,12677.2
2239.33,0.0,28608.7,,,,,0.0,0.0,12688.2
2240.33,0.0,28744.9,,,,,0.0,0.0,12693.1
2241.33,0.0,28813.0,,,,,0.0,0.0,12685.4
2242.33,100.0,28881.0,,,,,100.0,100.0,12694.2
2243.33,0.0,28881.0,,,,,0.0,0.0,12693.8
2244.33,100.0,28881.0,,,,,100.0,100.0,12694.2
2245.33,0.0,28881.0,,,,,0.0,0.0,12693.9
2246.33,0.0,28881.0,,,,,0.0,0.0,12693.9
2247.33,100.0,28881.0,,,,,100.0,100.0,12694.6
2248.33,0.0,28881.0,,,,,0.0,0.0,12694.6
2249.33,0.0,28881.0,,,,,0.0,0.0,12694.6
2250.33,100.0,28913.0,,,,,100.0,100.0,12696.7
2251.33,0.0,28913.0,,,,,0.0,0.0,12696.7
2252.33,0.0,28913.0,,,,,0.0,0.0,12696.7
2253.33,100.0,28845.4,,,,,100.0,100.0,12698.3
2254.33,0.0,28845.4,,,,,0.0,0.0,12698.3
2255.33,0.0,28845.4,,,,,0.0,0.0,12698.3
2256.33,100.0,28777.1,,,,,100.0,100.0,12698.5
2257.33,0.0,28777.1,,,,,0.0,0.0,12698.5
2258.33,100.0,28708.9,,,,,100.0,100.0,12698.5
2259.33,0.0,28708.9,,,,,0.0,0.0,12698.5
2260.33,0.0,28708.9,,,,,0.0,0.0,12698.5
2261.33,100.0,28608.6,,,,,100.0,100.0,12698.7
2262.33,0.0,28608.7,,,,,0.0,0.0,12682.8
2263.33,0.0,28744.9,,,,,0.0,0.0,12693.3
2264.33,0.0,28813.0,,,,,0.0,0.0,12682.0
2265.33,100.0,28847.0,,,,,100.0,100.0,12692.3
2266.33,0.0,28881.0,,,,,0.0,0.0,12693.7
2267.33,0.0,28881.0,,,,,0.0,0.0,12693.7
2268.33,100.0,28881.0,,,,,100.0,100.0,12694.0
2269.33,0.0,28881.0,,,,,0.0,0.0,12694.0
2270.33,100.0,28881.0,,,,,100.0,100.0,12694.8
2271.33,0.0,28881.0,,,,,0.0,0.0,12694.8
2272.33,0.0,28881.0,,,,,0.0,0.0,12694.8
2273.33,100.0,28913.0,,,,,100.0,100.0,12696.8
2274.33,0.0,28913.0,,,,,0.0,0.0,12696.8
2275.33,0.0,28913.0,,,,,0.0,0.0,12696.8
2276.33,100.0,28845.4,,,,,100.0,100.0,12698.6
2277.33,0.0,28845.4,,,,,0.0,0.0,12698.6
2278.33,0.0,28845.4,,,,,0.0,0.0,12698.6
2279.33,100.0,28777.1,,,,,100.0,100.0,12698.8
2280.33,0.0,28777.1,,,,,0.0,0.0,12698.8
2281.33,0.0,28777.1,,,,,0.0,0.0,12698.8
2282.33,100.0,28708.9,,,,,100.0,100.0,12698.8
2283.33,0.0,28708.9,,,,,0.0,0.0,12698.8
2284.33,100.0,28608.6,,,,,100.0,100.0,12699.0
2285.33,0.0,28608.7,,,,,0.0,0.0,12686.4
2286.33,0.0,28744.9,,,,,0.0,0.0,12687.2
2287.34,0.0,28813.0,,,,,0.0,0.0,12687.5
2288.34,100.0,28813.0,,,,,100.0,100.0,12691.7
2289.34,0.0,28881.0,,,,,0.0,0.0,12694.2
2290.34,0.0,28881.0,,,,,0.0,0.0,12694.2
2291.34,100.0,28881.0,,,,,100.0,100.0,12694.2
2292.34,0.0,28881.0,,,,,0.0,0.0,12694.2
2293.34,100.0,28881.0,,,,,100.0,100.0,12694.6
2294.34,0.0,28881.0,,,,,0.0,0.0,12695.1
2295.34,0.0,28881.0,,,,,0.0,0.0,12695.1
2296.34,100.0,28913.0,,,,,100.0,100.0,12696.9
2297.34,0.0,28913.0,,,,,0.0,0.0,12696.9
2298.34,0.0,28913.0,,,,,0.0,0.0,12696.9
2299.34,100.0,28845.4,,,,,100.0,100.0,12698.9
2300.34,0.0,28845.4,,,,,0.0,0.0,12698.9
2301.34,0.0,28845.4,,,,,0.0,0.0,12698.9
2302.34,100.0,28777.1,,,,,100.0,100.0,12699.1
2303.34,0.0,28777.1,,,,,0.0,0.0,12699.1
2304.34,0.0,28777.1,,,,,0.0,0.0,12699.1
2305.34,100.0,28708.9,,,,,100.0,100.0,12699.1
2306.34,0.0,28708.9,,,,,0.0,0.0,12699.1
2307.34,100.0,28608.6,,,,,100.0,100.0,12671.3
2308.34,0.0,28608.7,,,,,0.0,0.0,12679.2
2309.34,0.0,28744.9,,,,,0.0,0.0,12693.9
2310.34,0.0,28813.0,,,,,0.0,0.0,12681.6
2311.34,100.0,28813.0,,,,,100.0,100.0,12688.8
2312.34,0.0,28881.0,,,,,0.0,0.0,12694.5
2313.34,0.0,28881.0,,,,,0.0,0.0,12694.5
2314.34,100.0,28881.0,,,,,100.0,100.0,12694.6
2315.34,0.0,28881.0,,,,,0.0,0.0,12694.6
2316.34,100.0,28881.0,,,,,100.0,100.0,12695.0
2317.34,0.0,28881.0,,,,,0.0,0.0,12695.3
2318.34,0.0,28881.0,,,,,0.0,0.0,12695.3
2319.34,100.0,28913.0,,,,,100.0,100.0,12697.2
2320.34,0.0,28913.0,,,,,0.0,0.0,12697.2
2321.34,0.0,28913.0,,,,,0.0,0.0,12697.2
2322.34,100.0,28845.4,,,,,100.0,100.0,12699.2
2323.34,0.0,28845.4,,,,,0.0,0.0,12699.2
2324.34,0.0,28845.4,,,,,0.0,0.0,12699.2
2325.34,100.0,28777.1,,,,,100.0,100.0,12699.4
2326.34,0.0,28777.1,,,,,0.0,0.0,12699.4
2327.34,0.0,28777.1,,,,,0.0,0.0,12699.4
2328.34,100.0,28708.9,,,,,100.0,100.0,12699.4
2329.34,0.0,28708.9,,,,,0.0,0.0,12699.4
2330.34,100.0,28608.6,,,,,100.0,100.0,12699.4
2331.34,0.0,28608.7,,,,,0.0,0.0,12679.9
2332.34,0.0,28710.9,,,,,0.0,0.0,12692.2
2333.34,0.0,28813.0,,,,,0.0,0.0,12694.9
2334.34,100.0,28813.0,,,,,100.0,100.0,12685.0
2335.34,0.0,28881.0,,,,,0.0,0.0,12694.6
2336.34,0.0,28881.0,,,,,0.0,0.0,12694.6
2337.34,100.0,28881.0,,,,,100.0,100.0,12694.9
2338.34,0.0,28881.0,,,,,0.0,0.0,12694.9
2339.34,0.0,28881.0,,,,,0.0,0.0,12694.9
2340.34,100.0,28881.0,,,,,100.0,100.0,12695.7
2341.34,0.0,28881.0,,,,,0.0,0.0,12695.7
2342.34,100.0,28913.0,,,,,100.0,100.0,12697.7
2343.34,0.0,28913.0,,,,,0.0,0.0,12697.7
2344.34,0.0,28913.0,,,,,0.0,0.0,12697.7
2345.34,100.0,28845.4,,,,,100.0,100.0,12699.5
2346.34,0.0,28845.4,,,,,0.0,0.0,12699.5
2347.34,0.0,28845.4,,,,,0.0,0.0,12699.5
2348.34,100.0,28777.1,,,,,100.0,100.0,12699.7
2349.34,0.0,28777.1,,,,,0.0,0.0,12699.7
2350.34,0.0,28777.1,,,,,0.0,0.0,12699.7
2351.34,100.0,28708.9,,,,,100.0,100.0,12699.7
2352.34,0.0,28708.9,,,,,0.0,0.0,12699.7
2353.34,0.0,28708.9,,,,,0.0,0.0,12699.7
2354.34,100.0,28608.7,,,,,100.0,100.0,12693.6
2355.34,0.0,28676.8,,,,,0.0,0.0,12689.8
2356.35,0.0,28813.0,,,,,0.0,0.0,12695.2
2357.35,100.0,28813.0,,,,,100.0,100.0,12685.2
2358.35,0.0,28881.0,,,,,0.0,0.0,12694.8
2359.35,0.0,28881.0,,,,,0.0,0.0,12694.8
2360.35,100.0,28881.0,,,,,100.0,100.0,12693.8
2361.35,0.0,28881.0,,,,,0.0,0.0,12695.1
2362.35,0.0,28881.0,,,,,0.0,0.0,12695.1
2363.35,100.0,28881.0,,,,,100.0,100.0,12695.9
2364.35,0.0,28881.0,,,,,0.0,0.0,12695.9
2365.35,100.0,28913.0,,,,,100.0,100.0,12697.8
2366.35,0.0,28913.0,,,,,0.0,0.0,12697.8
2367.35,0.0,28913.0,,,,,0.0,0.0,12697.8
2368.35,100.0,28845.4,,,,,100.0,100.0,12699.7
2369.35,0.0,28845.4,,,,,0.0,0.0,12699.7
2370.35,0.0,28845.4,,,,,0.0,0.0,12699.7
2371.35,100.0,28777.1,,,,,100.0,100.0,12699.9
2372.35,0.0,28777.1,,,,,0.0,0.0,12699.9
2373.35,0.0,28777.1,,,,,0.0,0.0,12699.9
2374.35,100.0,28708.9,,,,,100.0,100.0,12699.9
2375.35,0.0,28708.9,,,,,0.0,0.0,12699.9
2376.35,0.0,28708.9,,,,,0.0,0.0,12699.9
2377.35,100.0,28608.7,,,,,100.0,100.0,12686.2
2378.35,0.0,28676.8,,,,,0.0,0.0,12686.9
2379.35,0.0,28813.0,,,,,0.0,0.0,12688.2
2380.35,100.0,28813.0,,,,,100.0,100.0,12690.7
2381.35,0.0,28881.0,,,,,0.0,0.0,12695.8
2382.35,0.0,28881.0,,,,,0.0,0.0,12695.8
2383.35,100.0,28881.0,,,,,100.0,100.0,12693.2
2384.35,0.0,28881.0,,,,,0.0,0.0,12695.5
2385.35,0.0,28881.0,,,,,0.0,0.0,12695.5
2386.35,100.0,28881.0,,,,,100.0,100.0,12696.3
2387.35,0.0,28881.0,,,,,0.0,0.0,12696.3
2388.35,100.0,28913.0,,,,,100.0,100.0,12698.2
2389.35,0.0,28913.0,,,,,0.0,0.0,12698.2
2390.35,0.0,28913.0,,,,,0.0,0.0,12698.2
2391.35,100.0,28845.4,,,,,100.0,100.0,12699.9
2392.35,0.0,28845.4,,,,,0.0,0.0,12699.9
2393.35,0.0,28845.4,,,,,0.0,0.0,12699.9
2394.35,100.0,28777.1,,,,,100.0,100.0,12700.1
2395.35,0.0,28777.1,,,,,0.0,0.0,12700.1
2396.35,0.0,28777.1,,,,,0.0,0.0,12700.1
2397.35,100.0,28708.9,,,,,100.0,100.0,12700.1
2398.35,0.0,28708.9,,,,,0.0,0.0,12700.1
2399.35,0.0,28708.9,,,,,0.0,0.0,12700.1
2400.35,100.0,28608.7,,,,,100.0,100.0,12674.9
2401.35,0.0,28676.8,,,,,0.0,0.0,12682.8
2402.35,0.0,28813.0,,,,,0.0,0.0,12695.6
2403.35,100.0,28813.0,,,,,100.0,100.0,12681.5
2404.35,0.0,28881.0,,,,,0.0,0.0,12690.6
2405.35,0.0,28881.0,,,,,0.0,0.0,12695.8
2406.35,100.0,28881.0,,,,,100.0,100.0,12687.0
2407.35,0.0,28881.0,,,,,0.0,0.0,12695.8
2408.35,0.0,28881.0,,,,,0.0,0.0,12695.8
2409.35,100.0,28881.0,,,,,100.0,100.0,12696.6
2410.35,0.0,28881.0,,,,,0.0,0.0,12696.6
2411.35,0.0,28881.0,,,,,0.0,0.0,12696.6
2412.35,100.0,28913.0,,,,,100.0,100.0,12698.6
2413.35,0.0,28913.0,,,,,0.0,0.0,12698.6
2414.35,100.0,28845.4,,,,,100.0,100.0,12700.3
2415.35,0.0,28845.4,,,,,0.0,0.0,12700.3
2416.35,0.0,28845.4,,,,,0.0,0.0,12700.3
2417.35,100.0,28777.1,,,,,100.0,100.0,12700.5
2418.35,0.0,28777.1,,,,,0.0,0.0,12700.5
2419.35,0.0,28777.1,,,,,0.0,0.0,12700.5
2420.35,100.0,28708.9,,,,,100.0,100.0,12700.5
2421.35,0.0,28708.9,,,,,0.0,0.0,12700.5
2422.35,0.0,28708.9,,,,,0.0,0.0,12700.5
2423.35,100.0,28608.7,,,,,100.0,100.0,12694.6
2424.35,0.0,28676.8,,,,,0.0,0.0,12683.1
2425.36,0.0,28813.0,,,,,0.0,0.0,12696.0
2426.36,100.0,28813.0,,,,,100.0,100.0,12684.1
2427.36,0.0,28881.0,,,,,0.0,0.0,12692.8
2428.36,0.0,28881.0,,,,,0.0,0.0,12696.1
2429.36,100.0,28881.0,,,,,100.0,100.0,12686.8
2430.36,0.0,28881.0,,,,,0.0,0.0,12696.1
2431.36,0.0,28881.0,,,,,0.0,0.0,12696.1
2432.36,100.0,28881.0,,,,,100.0,100.0,12696.9
2433.36,0.0,28881.0,,,,,0.0,0.0,12696.9
2434.36,0.0,28881.0,,,,,0.0,0.0,12696.9
2435.36,100.0,28913.0,,,,,100.0,100.0,12698.9
2436.36,0.0,28913.0,,,,,0.0,0.0,12698.9
2437.36,100.0,28845.4,,,,,100.0,100.0,12700.6
2438.36,0.0,28845.4,,,,,0.0,0.0,12700.6
2439.36,0.0,28845.4,,,,,0.0,0.0,12700.6
2440.36,100.0,28777.1,,,,,100.0,100.0,12700.8
2441.36,0.0,28777.1,,,,,0.0,0.0,12700.8
2442.36,0.0,28777.1,,,,,0.0,0.0,12700.8
2443.36,100.0,28708.9,,,,,100.0,100.0,12700.8
2444.36,0.0,28708.9,,,,,0.0,0.0,12700.8
2445.36,0.0,28708.9,,,,,0.0,0.0,12700.8
2446.36,100.0,28608.7,,,,,100.0,100.0,12694.7
2447.36,0.0,28676.8,,,,,0.0,0.0,12682.1
2448.36,0.0,28779.0,,,,,0.0,0.0,12694.2
2449.36,100.0,28813.0,,,,,100.0,100.0,12688.4
2450.36,0.0,28881.0,,,,,0.0,0.0,12690.2
2451.36,0.0,28881.0,,,,,0.0,0.0,12696.0
2452.36,100.0,28881.0,,,,,100.0,100.0,12684.6
2453.36,0.0,28881.0,,,,,0.0,0.0,12696.2
2454.36,0.0,28881.0,,,,,0.0,0.0,12696.2
2455.36,100.0,28881.0,,,,,100.0,100.0,12696.9
2456.36,0.0,28881.0,,,,,0.0,0.0,12696.9
2457.36,0.0,28881.0,,,,,0.0,0.0,12696.9
2458.36,100.0,28913.0,,,,,100.0,100.0,12698.8
2459.36,0.0,28913.0,,,,,0.0,0.0,12698.8
2460.36,100.0,28845.4,,,,,100.0,100.0,12700.8
2461.36,0.0,28845.4,,,,,0.0,0.0,12700.8
2462.36,0.0,28845.4,,,,,0.0,0.0,12700.8
2463.36,100.0,28777.1,,,,,100.0,100.0,12701.0
2464.36,0.0,28777.1,,,,,0.0,0.0,12701.0
2465.36,0.0,28777.1,,,,,0.0,0.0,12701.0
2466.36,100.0,28708.9,,,,,100.0,100.0,12701.0
2467.36,0.0,28708.9,,,,,0.0,0.0,12701.0
2468.36,0.0,28708.9,,,,,0.0,0.0,12701.0
2469.36,100.0,28608.7,,,,,100.0,100.0,12694.8
2470.36,0.0,28676.8,,,,,0.0,0.0,12687.9
2471.36,0.0,28779.0,,,,,0.0,0.0,12691.3
2472.36,100.0,28813.0,,,,,100.0,100.0,12690.3
2473.36,0.0,28881.0,,,,,0.0,0.0,12694.9
2474.36,0.0,28881.0,,,,,0.0,0.0,12696.6
2475.36,100.0,28881.0,,,,,100.0,100.0,12683.5
2476.36,0.0,28881.0,,,,,0.0,0.0,12696.6
2477.36,0.0,28881.0,,,,,0.0,0.0,12696.6
2478.36,100.0,28881.0,,,,,100.0,100.0,12697.3
2479.36,0.0,28881.0,,,,,0.0,0.0,12697.3
2480.36,0.0,28881.0,,,,,0.0,0.0,12697.3
2481.36,100.0,28913.0,,,,,100.0,100.0,12699.2
2482.36,0.0,28913.0,,,,,0.0,0.0,12699.2
2483.36,100.0,28845.0,,,,,100.0,100.0,12701.0
2484.36,0.0,28845.4,,,,,0.0,0.0,12701.3
2485.36,0.0,28845.4,,,,,0.0,0.0,12701.3
2486.36,100.0,28777.1,,,,,100.0,100.0,12701.5
2487.36,0.0,28777.1,,,,,0.0,0.0,12701.5
2488.36,0.0,28777.1,,,,,0.0,0.0,12701.5
2489.36,100.0,28708.9,,,,,100.0,100.0,12701.5
2490.36,0.0,28708.9,,,,,0.0,0.0,12701.5
2491.36,0.0,28708.9,,,,,0.0,0.0,12701.5
2492.36,100.0,28608.6,,,,,100.0,100.0,12691.0
2493.36,0.0,28676.8,,,,,0.0,0.0,12680.8
2494.36,0.0,28744.9,,,,,0.0,0.0,12687.3
2495.36,100.0,28813.0,,,,,100.0,100.0,12681.7
2496.37,0.0,28881.0,,,,,0.0,0.0,12686.4
2497.37,0.0,28881.0,,,,,0.0,0.0,12696.6
2498.37,100.0,28881.0,,,,,100.0,100.0,12684.4
2499.37,0.0,28881.0,,,,,0.0,0.0,12696.5
2500.37,0.0,28881.0,,,,,0.0,0.0,12696.5
2501.37,100.0,28881.0,,,,,100.0,100.0,12697.3
2502.37,0.0,28881.0,,,,,0.0,0.0,12697.3
2503.37,0.0,28881.0,,,,,0.0,0.0,12697.3
2504.37,100.0,28913.0,,,,,100.0,100.0,12699.2
2505.37,0.0,28913.0,,,,,0.0,0.0,12699.2
2506.37,0.0,28913.0,,,,,0.0,0.0,12699.2
2507.37,100.0,28845.4,,,,,100.0,100.0,12701.3
2508.37,0.0,28845.4,,,,,0.0,0.0,12701.3
2509.37,100.0,28777.1,,,,,100.0,100.0,12701.5
2510.37,0.0,28777.1,,,,,0.0,0.0,12701.5
2511.37,0.0,28777.1,,,,,0.0,0.0,12701.5
2512.37,100.0,28708.9,,,,,100.0,100.0,12701.5
2513.37,0.0,28708.9,,,,,0.0,0.0,12701.5
2514.37,0.0,28708.9,,,,,0.0,0.0,12701.5
2515.37,100.0,28608.6,,,,,100.0,100.0,12686.4
2516.37,0.0,28676.8,,,,,0.0,0.0,12695.4
2517.37,0.0,28744.9,,,,,0.0,0.0,12684.0
2518.37,100.0,28779.0,,,,,100.0,100.0,12697.2
2519.37,0.0,28881.0,,,,,0.0,0.0,12685.1
2520.37,0.0,28881.0,,,,,0.0,0.0,12697.3
2521.37,100.0,28881.0,,,,,100.0,100.0,12697.9
2522.37,0.0,28881.0,,,,,0.0,0.0,12697.2
2523.37,0.0,28881.0,,,,,0.0,0.0,12697.2
2524.37,100.0,28881.0,,,,,100.0,100.0,12698.0
2525.37,0.0,28881.0,,,,,0.0,0.0,12698.0
2526.37,0.0,28881.0,,,,,0.0,0.0,12698.0
2527.37,100.0,28913.0,,,,,100.0,100.0,12699.9
2528.37,0.0,28913.0,,,,,0.0,0.0,12699.9
2529.37,0.0,28913.0,,,,,0.0,0.0,12699.9
2530.37,100.0,28845.4,,,,,100.0,100.0,12701.7
2531.37,0.0,28845.4,,,,,0.0,0.0,12701.7
2532.37,100.0,28777.1,,,,,100.0,100.0,12701.9
2533.37,0.0,28777.1,,,,,0.0,0.0,12701.9
2534.37,0.0,28777.1,,,,,0.0,0.0,12701.9
2535.37,100.0,28708.9,,,,,100.0,100.0,12701.9
2536.37,0.0,28708.9,,,,,0.0,0.0,12701.9
2537.37,0.0,28708.9,,,,,0.0,0.0,12701.9
2538.37,100.0,28608.6,,,,,100.0,100.0,12684.5
2539.37,0.0,28676.8,,,,,0.0,0.0,12696.1
2540.37,0.0,28744.9,,,,,0.0,0.0,12685.0
2541.37,100.0,28779.0,,,,,100.0,100.0,12696.3
2542.37,0.0,28881.0,,,,,0.0,0.0,12691.8
2543.37,0.0,28881.0,,,,,0.0,0.0,12697.5
2544.37,100.0,28881.0,,,,,100.0,100.0,12689.5
2545.37,0.0,28881.0,,,,,0.0,0.0,12697.9
2546.37,0.0,28881.0,,,,,0.0,0.0,12697.9
2547.37,100.0,28881.0,,,,,100.0,100.0,12698.5
2548.37,0.0,28881.0,,,,,0.0,0.0,12698.5
2549.37,0.0,28881.0,,,,,0.0,0.0,12698.5
2550.37,100.0,28913.0,,,,,100.0,100.0,12700.3
2551.37,0.0,28913.0,,,,,0.0,0.0,12700.3
2552.37,0.0,28913.0,,,,,0.0,0.0,12700.3
2553.37,100.0,28845.4,,,,,100.0,100.0,12702.1
2554.37,0.0,28845.4,,,,,0.0,0.0,12702.1
2555.37,100.0,28777.1,,,,,100.0,100.0,12702.3
2556.37,0.0,28777.1,,,,,0.0,0.0,12702.3
2557.37,0.0,28777.1,,,,,0.0,0.0,12702.3
2558.37,100.0,28708.9,,,,,100.0,100.0,12702.3
2559.37,0.0,28708.9,,,,,0.0,0.0,12702.3
2560.37,0.0,28708.9,,,,,0.0,0.0,12702.3
2561.37,100.0,28608.6,,,,,100.0,100.0,12683.4
2562.37,0.0,28676.8,,,,,0.0,0.0,12686.0
2563.37,0.0,28744.9,,,,,0.0,0.0,12683.5
2564.37,0.0,28881.0,,,,,0.0,0.0,12697.9
2565.37,100.0,28881.0,,,,,100.0,100.0,12683.8
2566.37,0.0,28881.0,,,,,0.0,0.0,12697.8
2567.38,100.0,28881.0,,,,,100.0,100.0,12679.3
2568.38,0.0,28881.0,,,,,0.0,0.0,12697.8
2569.38,0.0,28881.0,,,,,0.0,0.0,12697.8
2570.38,100.0,28881.0,,,,,100.0,100.0,12698.5
2571.38,0.0,28881.0,,,,,0.0,0.0,12698.5
2572.38,0.0,28881.0,,,,,0.0,0.0,12698.5
2573.38,100.0,28913.0,,,,,100.0,100.0,12700.4
2574.38,0.0,28913.0,,,,,0.0,0.0,12700.4
2575.38,0.0,28913.0,,,,,0.0,0.0,12700.4
2576.38,100.0,28845.4,,,,,100.0,100.0,12702.4
2577.38,0.0,28845.4,,,,,0.0,0.0,12702.4
2578.38,0.0,28845.4,,,,,0.0,0.0,12702.4
2579.38,100.0,28777.1,,,,,100.0,100.0,12702.6
2580.38,0.0,28777.1,,,,,0.0,0.0,12702.6
2581.38,100.0,28708.9,,,,,100.0,100.0,12702.6
2582.38,0.0,28708.9,,,,,0.0,0.0,12702.6
2583.38,0.0,28708.9,,,,,0.0,0.0,12702.6
2584.38,100.0,28608.6,,,,,100.0,100.0,12680.9
2585.38,0.0,28676.8,,,,,0.0,0.0,12696.4
2586.38,0.0,28744.9,,,,,0.0,0.0,12683.5
2587.38,0.0,28847.0,,,,,0.0,0.0,12693.9
2588.38,100.0,28881.0,,,,,100.0,100.0,12682.4
2589.38,0.0,28881.0,,,,,0.0,0.0,12698.2
2590.38,100.0,28881.0,,,,,100.0,100.0,12698.8
2591.38,0.0,28881.0,,,,,0.0,0.0,12698.2
2592.38,0.0,28881.0,,,,,0.0,0.0,12698.2
2593.38,100.0,28881.0,,,,,100.0,100.0,12698.9
2594.38,0.0,28881.0,,,,,0.0,0.0,12698.9
2595.38,0.0,28881.0,,,,,0.0,0.0,12698.9
2596.38,100.0,28913.0,,,,,100.0,100.0,12700.9
2597.38,0.0,28913.0,,,,,0.0,0.0,12700.9
2598.38,0.0,28913.0,,,,,0.0,0.0,12700.9
2599.38,100.0,28845.4,,,,,100.0,100.0,12702.8
2600.38,0.0,28845.4,,,,,0.0,0.0,12702.8
2601.38,0.0,28845.4,,,,,0.0,0.0,12702.8
2602.38,100.0,28777.1,,,,,100.0,100.0,12703.0
2603.38,0.0,28777.1,,,,,0.0,0.0,12703.0
2604.38,100.0,28708.9,,,,,100.0,100.0,12703.0
2605.38,0.0,28708.9,,,,,0.0,0.0,12703.0
2606.38,0.0,28708.9,,,,,0.0,0.0,12703.0
2607.38,100.0,28608.6,,,,,100.0,100.0,12681.7
2608.38,0.0,28642.7,,,,,0.0,0.0,12695.0
2609.38,0.0,28744.9,,,,,0.0,0.0,12683.8
2610.38,0.0,28813.0,,,,,0.0,0.0,12689.1
2611.38,100.0,28881.0,,,,,100.0,100.0,12699.0
2612.38,0.0,28881.0,,,,,0.0,0.0,12698.6
2613.38,100.0,28881.0,,,,,100.0,100.0,12699.0
2614.38,0.0,28881.0,,,,,0.0,0.0,12698.7
2615.38,0.0,28881.0,,,,,0.0,0.0,12698.7
2616.38,100.0,28881.0,,,,,100.0,100.0,12699.4
2617.38,0.0,28881.0,,,,,0.0,0.0,12699.4
2618.38,0.0,28881.0,,,,,0.0,0.0,12699.4
2619.38,100.0,28913.0,,,,,100.0,100.0,12701.3
2620.38,0.0,28913.0,,,,,0.0,0.0,12701.3
2621.38,0.0,28913.0,,,,,0.0,0.0,12701.3
2622.38,100.0,28845.4,,,,,100.0,100.0,12703.1
2623.38,0.0,28845.4,,,,,0.0,0.0,12703.1
2624.38,0.0,28845.4,,,,,0.0,0.0,12703.1
2625.38,100.0,28777.1,,,,,100.0,100.0,12703.3
2626.38,0.0,28777.1,,,,,0.0,0.0,12703.3
2627.38,100.0,28708.9,,,,,100.0,100.0,12703.3
2628.38,0.0,28708.9,,,,,0.0,0.0,12703.3
2629.39,0.0,28708.9,,,,,0.0,0.0,12703.3
2630.39,100.0,28608.6,,,,,100.0,100.0,12703.5
2631.39,0.0,28608.7,,,,,0.0,0.0,12690.2
2632.39,0.0,28744.9,,,,,0.0,0.0,12698.1
2633.39,0.0,28813.0,,,,,0.0,0.0,12688.0
2634.39,100.0,28881.0,,,,,100.0,100.0,12698.9
2635.39,0.0,28881.0,,,,,0.0,0.0,12698.7
2636.39,0.0,28881.0,,,,,0.0,0.0,12698.7
2637.39,100.0,28881.0,,,,,100.0,100.0,12698.8
2638.39,0.0,28881.0,,,,,0.0,0.0,12698.8
2639.39,100.0,28881.0,,,,,100.0,100.0,12699.5
2640.39,0.0,28881.0,,,,,0.0,0.0,12699.5
2641.39,0.0,28881.0,,,,,0.0,0.0,12699.5
2642.39,100.0,28913.0,,,,,100.0,100.0,12701.4
2643.39,0.0,28913.0,,,,,0.0,0.0,12701.4
2644.39,0.0,28913.0,,,,,0.0,0.0,12701.4
2645.39,100.0,28845.4,,,,,100.0,100.0,12703.4
2646.39,0.0,28845.4,,,,,0.0,0.0,12703.4
2647.39,0.0,28845.4,,,,,0.0,0.0,12703.4
2648.39,100.0,28777.1,,,,,100.0,100.0,12703.6
2649.39,0.0,28777.1,,,,,0.0,0.0,12703.6
2650.39,0.0,28777.1,,,,,0.0,0.0,12703.6
2651.39,100.0,28708.9,,,,,100.0,100.0,12703.6
2652.39,0.0,28708.9,,,,,0.0,0.0,12703.6
2653.39,100.0,28608.6,,,,,100.0,100.0,12703.7
2654.39,0.0,28608.7,,,,,0.0,0.0,12687.0
2655.39,0.0,28744.9,,,,,0.0,0.0,12689.1
2656.39,0.0,28813.0,,,,,0.0,0.0,12695.3
2657.39,100.0,28847.0,,,,,100.0,100.0,12686.2
2658.39,0.0,28881.0,,,,,0.0,0.0,12698.9
2659.39,0.0,28881.0,,,,,0.0,0.0,12698.9
2660.39,100.0,28881.0,,,,,100.0,100.0,12698.8
2661.39,0.0,28881.0,,,,,0.0,0.0,12698.8
2662.39,100.0,28881.0,,,,,100.0,100.0,12699.2
2663.39,0.0,28881.0,,,,,0.0,0.0,12699.6
2664.39,0.0,28881.0,,,,,0.0,0.0,12699.6
2665.39,100.0,28913.0,,,,,100.0,100.0,12701.4
2666.39,0.0,28913.0,,,,,0.0,0.0,12701.4
2667.39,0.0,28913.0,,,,,0.0,0.0,12701.4
2668.39,100.0,28845.4,,,,,100.0,100.0,12703.5
2669.39,0.0,28845.4,,,,,0.0,0.0,12703.5
2670.39,0.0,28845.4,,,,,0.0,0.0,12703.5
2671.39,100.0,28777.1,,,,,100.0,100.0,12703.7
2672.39,0.0,28777.1,,,,,0.0,0.0,12703.7
2673.39,0.0,28777.1,,,,,0.0,0.0,12703.7
2674.39,100.0,28708.9,,,,,100.0,100.0,12703.7
2675.39,0.0,28708.9,,,,,0.0,0.0,12703.7
2676.39,100.0,28608.6,,,,,100.0,100.0,12676.4
2677.39,0.0,28608.7,,,,,0.0,0.0,12684.1
2678.39,0.0,28744.9,,,,,0.0,0.0,12698.1
2679.39,0.0,28813.0,,,,,0.0,0.0,12684.4
2680.39,100.0,28813.0,,,,,100.0,100.0,12694.2
2681.39,0.0,28881.0,,,,,0.0,0.0,12698.9
2682.39,0.0,28881.0,,,,,0.0,0.0,12698.9
2683.39,100.0,28881.0,,,,,100.0,100.0,12699.2
2684.39,0.0,28881.0,,,,,0.0,0.0,12699.2
2685.39,100.0,28881.0,,,,,100.0,100.0,12699.6
2686.39,0.0,28881.0,,,,,0.0,0.0,12700.0
2687.39,0.0,28881.0,,,,,0.0,0.0,12700.0
2688.39,100.0,28913.0,,,,,100.0,100.0,12701.9
2689.39,0.0,28913.0,,,,,0.0,0.0,12701.9
2690.39,0.0,28913.0,,,,,0.0,0.0,12701.9
2691.39,100.0,28844.6,,,,,100.0,100.0,12703.8
2692.39,0.0,28844.6,,,,,0.0,0.0,12703.8
2693.39,0.0,28844.6,,,,,0.0,0.0,12703.8
2694.39,100.0,28776.4,,,,,100.0,100.0,12704.0
2695.39,0.0,28776.4,,,,,0.0,0.0,12704.0
2696.39,0.0,28776.4,,,,,0.0,0.0,12704.0
2697.39,100.0,28708.1,,,,,100.0,100.0,12704.0
2698.39,0.0,28708.1,,,,,0.0,0.0,12704.0
2699.39,100.0,28607.9,,,,,100.0,100.0,12704.1
2700.4,0.0,28608.0,,,,,0.0,0.0,12684.5
2701.4,0.0,28710.1,,,,,0.0,0.0,12697.5
2702.4,0.0,28912.3,,,,,0.0,0.0,12702.0
2703.4,100.0,28844.2,,,,,100.0,100.0,12703.7
2704.4,0.0,28844.2,,,,,0.0,0.0,12703.7
2705.4,0.0,28844.2,,,,,0.0,0.0,12703.7
2706.4,100.0,28776.1,,,,,100.0,100.0,12703.9
2707.4,0.0,28776.1,,,,,0.0,0.0,12703.9
2708.4,100.0,28708.0,,,,,100.0,100.0,12703.9
2709.4,0.0,28708.0,,,,,0.0,0.0,12703.9
2710.4,0.0,28708.0,,,,,0.0,0.0,12703.9
2711.4,100.0,28608.6,,,,,100.0,100.0,12678.1
2712.4,0.0,28608.7,,,,,0.0,0.0,12687.1
2713.4,0.0,28744.9,,,,,0.0,0.0,12699.0
2714.4,0.0,28813.0,,,,,0.0,0.0,12686.4
2715.4,100.0,28847.0,,,,,100.0,100.0,12698.3
2716.4,0.0,28881.0,,,,,0.0,0.0,12699.6
2717.4,0.0,28881.0,,,,,0.0,0.0,12699.6
2718.4,100.0,28881.0,,,,,100.0,100.0,12699.8
2719.4,0.0,28881.0,,,,,0.0,0.0,12699.8
2720.4,100.0,28881.0,,,,,100.0,100.0,12700.1
2721.4,0.0,28881.0,,,,,0.0,0.0,12700.5
2722.4,0.0,28881.0,,,,,0.0,0.0,12700.5
2723.4,100.0,28913.0,,,,,100.0,100.0,12702.4
2724.4,0.0,28913.0,,,,,0.0,0.0,12702.4
2725.4,0.0,28913.0,,,,,0.0,0.0,12702.4
2726.4,100.0,28845.4,,,,,100.0,100.0,12704.5
2727.4,0.0,28845.4,,,,,0.0,0.0,12704.5
2728.4,0.0,28845.4,,,,,0.0,0.0,12704.5
2729.4,100.0,28777.1,,,,,100.0,100.0,12704.7
2730.4,0.0,28777.1,,,,,0.0,0.0,12704.7
2731.4,0.0,28777.1,,,,,0.0,0.0,12704.7
2732.4,100.0,28708.9,,,,,100.0,100.0,12704.7
2733.4,0.0,28708.9,,,,,0.0,0.0,12704.7
2734.4,100.0,28608.6,,,,,100.0,100.0,12704.8
2735.4,0.0,28608.7,,,,,0.0,0.0,12686.2
2736.4,0.0,28744.9,,,,,0.0,0.0,12699.1
2737.4,0.0,28813.0,,,,,0.0,0.0,12687.0
2738.4,100.0,28847.0,,,,,100.0,100.0,12696.2
2739.4,0.0,28881.0,,,,,0.0,0.0,12699.8
2740.4,0.0,28881.0,,,,,0.0,0.0,12699.8
2741.4,100.0,28881.0,,,,,100.0,100.0,12700.1
2742.4,0.0,28881.0,,,,,0.0,0.0,12700.1
2743.4,100.0,28881.0,,,,,100.0,100.0,12700.5
2744.4,0.0,28881.0,,,,,0.0,0.0,12700.7
2745.4,0.0,28881.0,,,,,0.0,0.0,12700.7
2746.4,100.0,28913.0,,,,,100.0,100.0,12702.7
2747.4,0.0,28913.0,,,,,0.0,0.0,12702.7
2748.4,0.0,28913.0,,,,,0.0,0.0,12702.7
2749.4,100.0,28845.4,,,,,100.0,100.0,12704.8
2750.4,0.0,28845.4,,,,,0.0,0.0,12704.8
2751.4,0.0,28845.4,,,,,0.0,0.0,12704.8
2752.4,100.0,28777.1,,,,,100.0,100.0,12705.0
2753.4,0.0,28777.1,,,,,0.0,0.0,12705.0
2754.4,0.0,28777.1,,,,,0.0,0.0,12705.0
2755.4,100.0,28708.9,,,,,100.0,100.0,12705.0
2756.4,0.0,28708.9,,,,,0.0,0.0,12705.0
2757.4,100.0,28608.6,,,,,100.0,100.0,12705.1
2758.4,0.0,28608.7,,,,,0.0,0.0,12698.9
2759.4,0.0,28710.9,,,,,0.0,0.0,12697.4
2760.4,0.0,28813.0,,,,,0.0,0.0,12700.4
2761.4,100.0,28813.0,,,,,100.0,100.0,12693.6
2762.4,0.0,28881.0,,,,,0.0,0.0,12696.1
2763.4,0.0,28881.0,,,,,0.0,0.0,12699.3
2764.4,100.0,28881.0,,,,,100.0,100.0,12699.4
2765.4,0.0,28881.0,,,,,0.0,0.0,12699.4
2766.4,0.0,28881.0,,,,,0.0,0.0,12699.4
2767.4,100.0,28881.0,,,,,100.0,100.0,12700.1
2768.4,0.0,28881.0,,,,,0.0,0.0,12700.1
2769.41,100.0,28913.0,,,,,100.0,100.0,12701.9
2770.41,0.0,28913.0,,,,,0.0,0.0,12701.9
2771.41,0.0,28913.0,,,,,0.0,0.0,12701.9
2772.41,100.0,28845.4,,,,,100.0,100.0,12704.1
2773.41,0.0,28845.4,,,,,0.0,0.0,12704.1
2774.41,0.0,28845.4,,,,,0.0,0.0,12704.1
2775.41,100.0,28777.1,,,,,100.0,100.0,12704.3
2776.41,0.0,28777.1,,,,,0.0,0.0,12704.3
2777.41,0.0,28777.1,,,,,0.0,0.0,12704.3
2778.41,100.0,28708.9,,,,,100.0,100.0,12704.3
2779.41,0.0,28708.9,,,,,0.0,0.0,12704.3
2780.41,0.0,28708.9,,,,,0.0,0.0,12704.3
2781.41,100.0,28608.7,,,,,100.0,100.0,12689.1
2782.41,0.0,28676.8,,,,,0.0,0.0,12688.6
2783.41,0.0,28813.0,,,,,0.0,0.0,12689.2
2784.41,100.0,28813.0,,,,,100.0,100.0,12692.7
2785.41,0.0,28881.0,,,,,0.0,0.0,12698.4
2786.41,0.0,28881.0,,,,,0.0,0.0,12698.4
2787.41,100.0,28881.0,,,,,100.0,100.0,12689.4
2788.41,0.0,28881.0,,,,,0.0,0.0,12698.6
2789.41,0.0,28881.0,,,,,0.0,0.0,12698.6
2790.41,100.0,28881.0,,,,,100.0,100.0,12699.3
2791.41,0.0,28881.0,,,,,0.0,0.0,12699.3
2792.41,0.0,28881.0,,,,,0.0,0.0,12699.3
2793.41,100.0,28913.0,,,,,100.0,100.0,12701.2
2794.41,0.0,28913.0,,,,,0.0,0.0,12701.2
2795.41,100.0,28845.4,,,,,100.0,100.0,12703.2
2796.41,0.0,28845.4,,,,,0.0,0.0,12703.2
2797.41,0.0,28845.4,,,,,0.0,0.0,12703.2
2798.41,100.0,28777.1,,,,,100.0,100.0,12703.4
2799.41,0.0,28777.1,,,,,0.0,0.0,12703.4
2800.41,0.0,28777.1,,,,,0.0,0.0,12703.4
2801.41,100.0,28708.9,,,,,100.0,100.0,12703.4
2802.41,0.0,28708.9,,,,,0.0,0.0,12703.4
2803.41,0.0,28708.9,,,,,0.0,0.0,12703.4
2804.41,100.0,28608.7,,,,,100.0,100.0,12697.1
2805.41,0.0,28676.8,,,,,0.0,0.0,12691.2
2806.41,0.0,28779.0,,,,,0.0,0.0,12695.6
2807.41,100.0,28813.0,,,,,100.0,100.0,12692.7
2808.41,0.0,28881.0,,,,,0.0,0.0,12694.1
2809.41,0.0,28881.0,,,,,0.0,0.0,12698.8
2810.41,100.0,28881.0,,,,,100.0,100.0,12687.4
2811.41,0.0,28881.0,,,,,0.0,0.0,12698.8
2812.41,0.0,28881.0,,,,,0.0,0.0,12698.8
2813.41,100.0,28881.0,,,,,100.0,100.0,12699.6
2814.41,0.0,28881.0,,,,,0.0,0.0,12699.6
2815.41,0.0,28881.0,,,,,0.0,0.0,12699.6
2816.41,100.0,28913.0,,,,,100.0,100.0,12701.6
2817.41,0.0,28913.0,,,,,0.0,0.0,12701.6
2818.41,100.0,28845.4,,,,,100.0,100.0,12703.4
2819.41,0.0,28845.4,,,,,0.0,0.0,12703.4
2820.41,0.0,28845.4,,,,,0.0,0.0,12703.4
2821.41,100.0,28777.1,,,,,100.0,100.0,12703.6
2822.41,0.0,28777.1,,,,,0.0,0.0,12703.6
2823.41,0.0,28777.1,,,,,0.0,0.0,12703.6
2824.41,100.0,28708.9,,,,,100.0,100.0,12703.6
2825.41,0.0,28708.9,,,,,0.0,0.0,12703.6
2826.41,0.0,28708.9,,,,,0.0,0.0,12703.6
2827.41,100.0,28540.6,,,,,100.0,100.0,12695.3
2828.41,0.0,28676.8,,,,,0.0,0.0,12682.9
2829.41,0.0,28744.9,,,,,0.0,0.0,12692.7
2830.41,100.0,28813.0,,,,,100.0,100.0,12683.1
2831.41,0.0,28881.0,,,,,0.0,0.0,12689.4
2832.41,0.0,28881.0,,,,,0.0,0.0,12699.2
2833.41,100.0,28881.0,,,,,100.0,100.0,12688.1
2834.41,0.0,28881.0,,,,,0.0,0.0,12699.1
2835.41,0.0,28881.0,,,,,0.0,0.0,12699.1
2836.41,100.0,28881.0,,,,,100.0,100.0,12699.7
2837.41,0.0,28881.0,,,,,0.0,0.0,12699.7
2838.41,0.0,28881.0,,,,,0.0,0.0,12699.7
2839.42,100.0,28913.0,,,,,100.0,100.0,12701.7
2840.42,0.0,28913.0,,,,,0.0,0.0,12701.7
2841.42,0.0,28913.0,,,,,0.0,0.0,12701.7
2842.42,100.0,28845.4,,,,,100.0,100.0,12703.5
2843.42,0.0,28845.4,,,,,0.0,0.0,12703.5
2844.42,100.0,28777.1,,,,,100.0,100.0,12703.7
2845.42,0.0,28777.1,,,,,0.0,0.0,12703.7
2846.42,0.0,28777.1,,,,,0.0,0.0,12703.7
2847.42,100.0,28708.9,,,,,100.0,100.0,12703.7
2848.42,0.0,28708.9,,,,,0.0,0.0,12703.7
2849.42,0.0,28708.9,,,,,0.0,0.0,12703.7
2850.42,100.0,28608.6,,,,,100.0,100.0,12690.7
2851.42,0.0,28676.8,,,,,0.0,0.0,12683.7
2852.42,0.0,28744.9,,,,,0.0,0.0,12690.6
2853.42,100.0,28813.0,,,,,100.0,100.0,12699.8
2854.42,0.0,28881.0,,,,,0.0,0.0,12690.6
2855.42,0.0,28881.0,,,,,0.0,0.0,12699.4
2856.42,100.0,28881.0,,,,,100.0,100.0,12700.1
2857.42,0.0,28881.0,,,,,0.0,0.0,12699.5
2858.42,0.0,28881.0,,,,,0.0,0.0,12699.5
2859.42,100.0,28881.0,,,,,100.0,100.0,12700.2
2860.42,0.0,28881.0,,,,,0.0,0.0,12700.2
2861.42,0.0,28881.0,,,,,0.0,0.0,12700.2
2862.42,100.0,28913.0,,,,,100.0,100.0,12702.3
2863.42,0.0,28913.0,,,,,0.0,0.0,12702.3
2864.42,0.0,28913.0,,,,,0.0,0.0,12702.3
2865.42,100.0,28845.4,,,,,100.0,100.0,12704.1
2866.42,0.0,28845.4,,,,,0.0,0.0,12704.1
2867.42,100.0,28777.1,,,,,100.0,100.0,12704.3
2868.42,0.0,28777.1,,,,,0.0,0.0,12704.3
2869.42,0.0,28777.1,,,,,0.0,0.0,12704.3
2870.42,100.0,28708.9,,,,,100.0,100.0,12704.3
2871.42,0.0,28708.9,,,,,0.0,0.0,12704.3
2872.42,0.0,28708.9,,,,,0.0,0.0,12704.3
2873.42,100.0,28608.6,,,,,100.0,100.0,12687.9
2874.42,0.0,28676.8,,,,,0.0,0.0,12698.1
2875.42,0.0,28744.9,,,,,0.0,0.0,12688.9
2876.42,100.0,28813.0,,,,,100.0,100.0,12700.2
2877.42,0.0,28881.0,,,,,0.0,0.0,12689.2
2878.42,0.0,28881.0,,,,,0.0,0.0,12699.7
2879.42,100.0,28881.0,,,,,100.0,100.0,12700.4
2880.42,0.0,28881.0,,,,,0.0,0.0,12699.9
2881.42,0.0,28881.0,,,,,0.0,0.0,12699.9
2882.42,100.0,28881.0,,,,,100.0,100.0,12700.6
2883.42,0.0,28881.0,,,,,0.0,0.0,12700.6
2884.42,0.0,28881.0,,,,,0.0,0.0,12700.6
2885.42,100.0,28913.0,,,,,100.0,100.0,12702.5
2886.42,0.0,28913.0,,,,,0.0,0.0,12702.5
2887.42,0.0,28913.0,,,,,0.0,0.0,12702.5
2888.42,100.0,28845.4,,,,,100.0,100.0,12704.4
2889.42,0.0,28845.4,,,,,0.0,0.0,12704.4
2890.42,100.0,28777.1,,,,,100.0,100.0,12704.6
2891.42,0.0,28777.1,,,,,0.0,0.0,12704.6
2892.42,0.0,28777.1,,,,,0.0,0.0,12704.6
2893.42,100.0,28708.9,,,,,100.0,100.0,12704.6
2894.42,0.0,28708.9,,,,,0.0,0.0,12704.6
2895.42,0.0,28708.9,,,,,0.0,0.0,12704.6
2896.42,100.0,28608.6,,,,,100.0,100.0,12687.9
2897.42,0.0,28676.8,,,,,0.0,0.0,12689.8
2898.42,0.0,28744.9,,,,,0.0,0.0,12694.1
2899.42,100.0,28779.0,,,,,100.0,100.0,12689.6
2900.42,0.0,28881.0,,,,,0.0,0.0,12695.0
2901.42,0.0,28881.0,,,,,0.0,0.0,12700.1
2902.42,100.0,28881.0,,,,,100.0,100.0,12683.3
2903.42,0.0,28881.0,,,,,0.0,0.0,12700.1
2904.42,0.0,28881.0,,,,,0.0,0.0,12700.1
2905.42,100.0,28881.0,,,,,100.0,100.0,12700.8
2906.42,0.0,28881.0,,,,,0.0,0.0,12700.8
2907.43,0.0,28881.0,,,,,0.0,0.0,12700.8
2908.43,100.0,28913.0,,,,,100.0,100.0,12702.7
2909.43,0.0,28913.0,,,,,0.0,0.0,12702.7
2910.43,0.0,28913.0,,,,,0.0,0.0,12702.7
2911.43,100.0,28845.4,,,,,100.0,100.0,12704.6
2912.43,0.0,28845.4,,,,,0.0,0.0,12704.6
2913.43,100.0,28777.1,,,,,100.0,100.0,12704.8
2914.43,0.0,28777.1,,,,,0.0,0.0,12704.8
2915.43,0.0,28777.1,,,,,0.0,0.0,12704.8
2916.43,100.0,28708.9,,,,,100.0,100.0,12704.8
2917.43,0.0,28708.9,,,,,0.0,0.0,12704.8
2918.43,0.0,28708.9,,,,,0.0,0.0,12704.8
2919.43,100.0,28608.6,,,,,100.0,100.0,12685.7
2920.43,0.0,28676.8,,,,,0.0,0.0,12698.7
2921.43,0.0,28744.9,,,,,0.0,0.0,12686.2
2922.43,0.0,28847.0,,,,,0.0,0.0,12697.0
2923.43,100.0,28881.0,,,,,100.0,100.0,12686.6
2924.43,0.0,28881.0,,,,,0.0,0.0,12700.2
2925.43,100.0,28881.0,,,,,100.0,100.0,12700.9
2926.43,0.0,28881.0,,,,,0.0,0.0,12700.3
2927.43,0.0,28881.0,,,,,0.0,0.0,12700.3
2928.43,100.0,28881.0,,,,,100.0,100.0,12701.0
2929.43,0.0,28881.0,,,,,0.0,0.0,12701.0
2930.43,0.0,28881.0,,,,,0.0,0.0,12701.0
2931.43,100.0,28913.0,,,,,100.0,100.0,12703.0
2932.43,0.0,28913.0,,,,,0.0,0.0,12703.0
2933.43,0.0,28913.0,,,,,0.0,0.0,12703.0
2934.43,100.0,28845.4,,,,,100.0,100.0,12704.9
2935.43,0.0,28845.4,,,,,0.0,0.0,12704.9
2936.43,0.0,28845.4,,,,,0.0,0.0,12704.9
2937.43,100.0,28777.1,,,,,100.0,100.0,12705.1
2938.43,0.0,28777.1,,,,,0.0,0.0,12705.1
2939.43,100.0,28708.9,,,,,100.0,100.0,12705.1
2940.43,0.0,28708.9,,,,,0.0,0.0,12705.1
2941.43,0.0,28708.9,,,,,0.0,0.0,12705.1
2942.43,100.0,28608.6,,,,,100.0,100.0,12685.0
2943.43,0.0,28676.8,,,,,0.0,0.0,12699.0
2944.43,0.0,28744.9,,,,,0.0,0.0,12686.8
2945.43,0.0,28813.0,,,,,0.0,0.0,12695.0
2946.43,100.0,28881.0,,,,,100.0,100.0,12701.1
2947.43,0.0,28881.0,,,,,0.0,0.0,12700.7
2948.43,100.0,28881.0,,,,,100.0,100.0,12701.2
2949.43,0.0,28881.0,,,,,0.0,0.0,12700.8
2950.43,0.0,28881.0,,,,,0.0,0.0,12700.8
2951.43,100.0,28881.0,,,,,100.0,100.0,12701.6
2952.43,0.0,28881.0,,,,,0.0,0.0,12701.6
2953.43,0.0,28881.0,,,,,0.0,0.0,12701.6
2954.43,100.0,28913.0,,,,,100.0,100.0,12703.5
2955.43,0.0,28913.0,,,,,0.0,0.0,12703.5
2956.43,0.0,28913.0,,,,,0.0,0.0,12703.5
2957.43,100.0,28845.4,,,,,100.0,100.0,12705.2
2958.43,0.0,28845.4,,,,,0.0,0.0,12705.2
2959.43,0.0,28845.4,,,,,0.0,0.0,12705.2
2960.43,100.0,28777.1,,,,,100.0,100.0,12705.4
2961.43,0.0,28777.1,,,,,0.0,0.0,12705.4
2962.43,100.0,28708.9,,,,,100.0,100.0,12705.4
2963.43,0.0,28708.9,,,,,0.0,0.0,12705.4
2964.43,0.0,28708.9,,,,,0.0,0.0,12705.4
2965.43,100.0,28608.6,,,,,100.0,100.0,12685.8
2966.43,0.0,28642.8,,,,,0.0,0.0,12696.8
2967.43,0.0,28744.9,,,,,0.0,0.0,12699.9
2968.43,0.0,28813.0,,,,,0.0,0.0,12694.1
2969.43,100.0,28881.0,,,,,100.0,100.0,12701.1
2970.43,0.0,28881.0,,,,,0.0,0.0,12701.0
2971.43,100.0,28881.0,,,,,100.0,100.0,12701.5
2972.43,0.0,28881.0,,,,,0.0,0.0,12701.0
2973.43,0.0,28881.0,,,,,0.0,0.0,12701.0
2974.43,100.0,28881.0,,,,,100.0,100.0,12701.8
2975.43,0.0,28881.0,,,,,0.0,0.0,12701.8
2976.43,0.0,28881.0,,,,,0.0,0.0,12701.8
2977.44,100.0,28913.0,,,,,100.0,100.0,12703.7
2978.44,0.0,28913.0,,,,,0.0,0.0,12703.7
2979.44,0.0,28913.0,,,,,0.0,0.0,12703.7
2980.44,100.0,28845.4,,,,,100.0,100.0,12705.5
2981.44,0.0,28845.4,,,,,0.0,0.0,12705.5
2982.44,0.0,28845.4,,,,,0.0,0.0,12705.5
2983.44,100.0,28777.1,,,,,100.0,100.0,12705.6
2984.44,0.0,28777.1,,,,,0.0,0.0,12705.6
2985.44,100.0,28708.9,,,,,100.0,100.0,12705.6
2986.44,0.0,28708.9,,,,,0.0,0.0,12705.6
2987.44,0.0,28708.9,,,,,0.0,0.0,12705.6
2988.44,100.0,28608.6,,,,,100.0,100.0,12705.8
2989.44,0.0,28608.7,,,,,0.0,0.0,12693.9
2990.44,0.0,28744.9,,,,,0.0,0.0,12700.5
2991.44,0.0,28813.0,,,,,0.0,0.0,12690.4
2992.44,100.0,28881.0,,,,,100.0,100.0,12692.8
2993.44,0.0,28881.0,,,,,0.0,0.0,12701.3
2994.44,0.0,28881.0,,,,,0.0,0.0,12701.3
2995.44,100.0,28881.0,,,,,100.0,100.0,12701.2
2996.44,0.0,28881.0,,,,,0.0,0.0,12701.2
2997.44,100.0,28881.0,,,,,100.0,100.0,12701.9
2998.44,0.0,28881.0,,,,,0.0,0.0,12701.9
2999.44,0.0,28881.0,,,,,0.0,0.0,12701.9
3000.44,100.0,28913.0,,,,,100.0,100.0,12703.9
3001.44,0.0,28913.0,,,,,0.0,0.0,12703.9
3002.44,0.0,28913.0,,,,,0.0,0.0,12703.9
3003.44,100.0,28845.4,,,,,100.0,100.0,12705.7
3004.44,0.0,28845.4,,,,,0.0,0.0,12705.7
3005.44,0.0,28845.4,,,,,0.0,0.0,12705.7
3006.44,100.0,28777.1,,,,,100.0,100.0,12705.9
3007.44,0.0,28777.1,,,,,0.0,0.0,12705.9
3008.44,0.0,28777.1,,,,,0.0,0.0,12705.9
3009.44,100.0,28708.9,,,,,100.0,100.0,12705.9
3010.44,0.0,28708.9,,,,,0.0,0.0,12705.9
3011.44,100.0,28608.6,,,,,100.0,100.0,12680.9
3012.44,0.0,28608.7,,,,,0.0,0.0,12689.2
3013.44,0.0,28744.9,,,,,0.0,0.0,12682.3
3014.44,0.0,28813.0,,,,,0.0,0.0,12689.5
3015.44,100.0,28881.0,,,,,100.0,100.0,12701.5
3016.44,0.0,28881.0,,,,,0.0,0.0,12701.6
3017.44,0.0,28881.0,,,,,0.0,0.0,12701.6
3018.44,100.0,28881.0,,,,,100.0,100.0,12701.4
3019.44,0.0,28881.0,,,,,0.0,0.0,12701.4
3020.44,100.0,28881.0,,,,,100.0,100.0,12701.8
3021.44,0.0,28881.0,,,,,0.0,0.0,12702.1
3022.44,0.0,28881.0,,,,,0.0,0.0,12702.1
3023.44,100.0,28913.0,,,,,100.0,100.0,12704.2
3024.44,0.0,28913.0,,,,,0.0,0.0,12704.2
3025.44,0.0,28913.0,,,,,0.0,0.0,12704.2
3026.44,100.0,28845.4,,,,,100.0,100.0,12705.8
3027.44,0.0,28845.4,,,,,0.0,0.0,12705.8
3028.44,0.0,28845.4,,,,,0.0,0.0,12705.8
3029.44,100.0,28777.1,,,,,100.0,100.0,12706.0
3030.44,0.0,28777.1,,,,,0.0,0.0,12706.0
3031.44,0.0,28777.1,,,,,0.0,0.0,12706.0
3032.44,100.0,28708.9,,,,,100.0,100.0,12706.0
3033.44,0.0,28708.9,,,,,0.0,0.0,12706.0
3034.44,100.0,28608.6,,,,,100.0,100.0,12680.1
3035.44,0.0,28608.7,,,,,0.0,0.0,12688.1
3036.44,0.0,28744.9,,,,,0.0,0.0,12700.6
3037.44,0.0,28813.0,,,,,0.0,0.0,12690.8
3038.44,100.0,28881.0,,,,,100.0,100.0,12701.5
3039.44,0.0,28881.0,,,,,0.0,0.0,12701.6
3040.44,0.0,28881.0,,,,,0.0,0.0,12701.6
3041.44,100.0,28881.0,,,,,100.0,100.0,12701.6
3042.44,0.0,28881.0,,,,,0.0,0.0,12701.6
3043.44,100.0,28881.0,,,,,100.0,100.0,12702.0
3044.44,0.0,28881.0,,,,,0.0,0.0,12702.4
3045.44,0.0,28881.0,,,,,0.0,0.0,12702.4
3046.44,100.0,28913.0,,,,,100.0,100.0,12704.3
3047.44,0.0,28913.0,,,,,0.0,0.0,12704.3
3048.44,0.0,28913.0,,,,,0.0,0.0,12704.3
3049.45,100.0,28845.4,,,,,100.0,100.0,12706.3
3050.45,0.0,28845.4,,,,,0.0,0.0,12706.3
3051.45,0.0,28845.4,,,,,0.0,0.0,12706.3
3052.45,100.0,28777.1,,,,,100.0,100.0,12706.5
3053.45,0.0,28777.1,,,,,0.0,0.0,12706.5
3054.45,0.0,28777.1,,,,,0.0,0.0,12706.5
3055.45,100.0,28708.9,,,,,100.0,100.0,12706.5
3056.45,0.0,28708.9,,,,,0.0,0.0,12706.5
3057.45,100.0,28608.6,,,,,100.0,100.0,12706.5
3058.45,0.0,28608.7,,,,,0.0,0.0,12688.4
3059.45,0.0,28744.9,,,,,0.0,0.0,12700.9
3060.45,0.0,28813.0,,,,,0.0,0.0,12702.1
3061.45,100.0,28813.0,,,,,100.0,100.0,12694.2
3062.45,0.0,28881.0,,,,,0.0,0.0,12702.0
3063.45,0.0,28881.0,,,,,0.0,0.0,12702.0
3064.45,100.0,28881.0,,,,,100.0,100.0,12702.0
3065.45,0.0,28881.0,,,,,0.0,0.0,12702.0
3066.45,100.0,28881.0,,,,,100.0,100.0,12702.3
3067.45,0.0,28881.0,,,,,0.0,0.0,12702.8
3068.45,0.0,28881.0,,,,,0.0,0.0,12702.8
3069.45,100.0,28913.0,,,,,100.0,100.0,12704.7
3070.45,0.0,28913.0,,,,,0.0,0.0,12704.7
3071.45,0.0,28913.0,,,,,0.0,0.0,12704.7
3072.45,100.0,28845.4,,,,,100.0,100.0,12706.6
3073.45,0.0,28845.4,,,,,0.0,0.0,12706.6
3074.45,0.0,28845.4,,,,,0.0,0.0,12706.6
3075.45,100.0,28777.1,,,,,100.0,100.0,12706.8
3076.45,0.0,28777.1,,,,,0.0,0.0,12706.8
3077.45,0.0,28777.1,,,,,0.0,0.0,12706.8
3078.45,100.0,28708.9,,,,,100.0,100.0,12706.8
3079.45,0.0,28708.9,,,,,0.0,0.0,12706.8
3080.45,100.0,28608.6,,,,,100.0,100.0,12706.9
3081.45,0.0,28608.7,,,,,0.0,0.0,12700.9
3082.45,0.0,28744.9,,,,,0.0,0.0,12701.4
3083.45,0.0,28813.0,,,,,0.0,0.0,12688.0
3084.45,100.0,28813.0,,,,,100.0,100.0,12695.8
3085.45,0.0,28881.0,,,,,0.0,0.0,12702.2
3086.45,0.0,28881.0,,,,,0.0,0.0,12702.2
3087.45,100.0,28881.0,,,,,100.0,100.0,12702.4
3088.45,0.0,28881.0,,,,,0.0,0.0,12702.4
3089.45,0.0,28881.0,,,,,0.0,0.0,12702.4
3090.45,100.0,28881.0,,,,,100.0,100.0,12703.2
3091.45,0.0,28881.0,,,,,0.0,0.0,12703.2
3092.45,100.0,28913.0,,,,,100.0,100.0,12705.1
3093.45,0.0,28913.0,,,,,0.0,0.0,12705.1
3094.45,0.0,28913.0,,,,,0.0,0.0,12705.1
3095.45,100.0,28845.4,,,,,100.0,100.0,12707.0
3096.45,0.0,28845.4,,,,,0.0,0.0,12707.0
3097.45,0.0,28845.4,,,,,0.0,0.0,12707.0
3098.45,100.0,28777.1,,,,,100.0,100.0,12707.2
3099.45,0.0,28777.1,,,,,0.0,0.0,12707.2
3100.45,0.0,28777.1,,,,,0.0,0.0,12707.2
3101.45,100.0,28708.9,,,,,100.0,100.0,12707.2
3102.45,0.0,28708.9,,,,,0.0,0.0,12707.2
3103.45,0.0,28708.9,,,,,0.0,0.0,12707.2
3104.45,100.0,28608.7,,,,,100.0,100.0,12685.8
3105.45,0.0,28676.8,,,,,0.0,0.0,12695.9
3106.45,0.0,28813.0,,,,,0.0,0.0,12686.8
3107.45,100.0,28813.0,,,,,100.0,100.0,12692.8
3108.45,0.0,28881.0,,,,,0.0,0.0,12702.4
3109.45,0.0,28881.0,,,,,0.0,0.0,12702.4
3110.45,100.0,28881.0,,,,,100.0,100.0,12701.8
3111.45,0.0,28881.0,,,,,0.0,0.0,12702.8
3112.45,0.0,28881.0,,,,,0.0,0.0,12702.8
3113.45,100.0,28881.0,,,,,100.0,100.0,12703.5
3114.45,0.0,28881.0,,,,,0.0,0.0,12703.5
3115.45,100.0,28913.0,,,,,100.0,100.0,12705.4
3116.45,0.0,28913.0,,,,,0.0,0.0,12705.4
3117.45,0.0,28913.0,,,,,0.0,0.0,12705.4
3118.46,100.0,28845.4,,,,,100.0,100.0,12707.4
3119.46,0.0,28845.4,,,,,0.0,0.0,12707.4
3120.46,0.0,28845.4,,,,,0.0,0.0,12707.4
3121.46,100.0,28777.1,,,,,100.0,100.0,12707.6
3122.46,0.0,28777.1,,,,,0.0,0.0,12707.6
3123.46,0.0,28777.1,,,,,0.0,0.0,12707.6
3124.46,100.0,28708.9,,,,,100.0,100.0,12707.6
3125.46,0.0,28708.9,,,,,0.0,0.0,12707.6
3126.46,0.0,28708.9,,,,,0.0,0.0,12707.6
3127.46,100.0,28608.7,,,,,100.0,100.0,12686.7
3128.46,0.0,28676.8,,,,,0.0,0.0,12691.9
3129.46,0.0,28813.0,,,,,0.0,0.0,12702.9
3130.46,100.0,28813.0,,,,,100.0,100.0,12691.6
3131.46,0.0,28881.0,,,,,0.0,0.0,12702.8
3132.46,0.0,28881.0,,,,,0.0,0.0,12702.8
3133.46,100.0,28881.0,,,,,100.0,100.0,12699.4
3134.46,0.0,28881.0,,,,,0.0,0.0,12702.9
3135.46,0.0,28881.0,,,,,0.0,0.0,12702.9
3136.46,100.0,28881.0,,,,,100.0,100.0,12703.6
3137.46,0.0,28881.0,,,,,0.0,0.0,12703.6
3138.46,100.0,28913.0,,,,,100.0,100.0,12705.6
3139.46,0.0,28913.0,,,,,0.0,0.0,12705.6
3140.46,0.0,28913.0,,,,,0.0,0.0,12705.6
3141.46,100.0,28845.4,,,,,100.0,100.0,12707.5
3142.46,0.0,28845.4,,,,,0.0,0.0,12707.5
3143.46,0.0,28845.4,,,,,0.0,0.0,12707.5
3144.46,100.0,28777.1,,,,,100.0,100.0,12707.7
3145.46,0.0,28777.1,,,,,0.0,0.0,12707.7
3146.46,0.0,28777.1,,,,,0.0,0.0,12707.7
3147.46,100.0,28708.9,,,,,100.0,100.0,12707.7
3148.46,0.0,28708.9,,,,,0.0,0.0,12707.7
3149.46,0.0,28708.9,,,,,0.0,0.0,12707.7
3150.46,100.0,28608.7,,,,,100.0,100.0,12701.6
3151.46,0.0,28676.8,,,,,0.0,0.0,12691.6
3152.46,0.0,28813.0,,,,,0.0,0.0,12702.9
3153.46,100.0,28813.0,,,,,100.0,100.0,12691.7
3154.46,0.0,28881.0,,,,,0.0,0.0,12700.8
3155.46,0.0,28881.0,,,,,0.0,0.0,12703.2
3156.46,100.0,28881.0,,,,,100.0,100.0,12696.2
3157.46,0.0,28881.0,,,,,0.0,0.0,12703.4
3158.46,0.0,28881.0,,,,,0.0,0.0,12703.4
3159.46,100.0,28881.0,,,,,100.0,100.0,12704.0
3160.46,0.0,28881.0,,,,,0.0,0.0,12704.0
3161.46,100.0,28813.0,,,,,100.0,100.0,12704.1
3162.46,0.0,28913.0,,,,,0.0,0.0,12706.0
3163.46,0.0,28913.0,,,,,0.0,0.0,12706.0
3164.46,100.0,28845.4,,,,,100.0,100.0,12707.8
3165.46,0.0,28845.4,,,,,0.0,0.0,12707.8
3166.46,0.0,28845.4,,,,,0.0,0.0,12707.8
3167.46,100.0,28777.1,,,,,100.0,100.0,12708.0
3168.46,0.0,28777.1,,,,,0.0,0.0,12708.0
3169.46,0.0,28777.1,,,,,0.0,0.0,12708.0
3170.46,100.0,28708.9,,,,,100.0,100.0,12708.0
3171.46,0.0,28708.9,,,,,0.0,0.0,12708.0
3172.46,0.0,28708.9,,,,,0.0,0.0,12708.0
3173.46,100.0,28608.7,,,,,100.0,100.0,12701.9
3174.46,0.0,28676.8,,,,,0.0,0.0,12696.1
3175.46,0.0,28779.0,,,,,0.0,0.0,12692.6
3176.46,100.0,28813.0,,,,,100.0,100.0,12697.2
3177.46,0.0,28881.0,,,,,0.0,0.0,12699.2
3178.46,0.0,28881.0,,,,,0.0,0.0,12703.3
3179.46,100.0,28881.0,,,,,100.0,100.0,12693.3
3180.46,0.0,28881.0,,,,,0.0,0.0,12703.2
3181.46,0.0,28881.0,,,,,0.0,0.0,12703.2
3182.46,100.0,28881.0,,,,,100.0,100.0,12703.9
3183.46,0.0,28881.0,,,,,0.0,0.0,12703.9
3184.46,0.0,28881.0,,,,,0.0,0.0,12703.9
3185.46,100.0,28913.0,,,,,100.0,100.0,12705.8
3186.46,0.0,28913.0,,,,,0.0,0.0,12705.8
3187.46,100.0,28845.4,,,,,100.0,100.0,12707.8
3188.46,0.0,28845.4,,,,,0.0,0.0,12707.8
3189.46,0.0,28845.4,,,,,0.0,0.0,12707.8
3190.47,100.0,28777.1,,,,,100.0,100.0,12707.9
3191.47,0.0,28777.1,,,,,0.0,0.0,12707.9
3192.47,0.0,28777.1,,,,,0.0,0.0,12707.9
3193.47,100.0,28708.9,,,,,100.0,100.0,12708.0
3194.47,0.0,28708.9,,,,,0.0,0.0,12708.0
3195.47,0.0,28708.9,,,,,0.0,0.0,12708.0
3196.47,100.0,28608.7,,,,,100.0,100.0,12682.0
3197.47,0.0,28676.8,,,,,0.0,0.0,12690.3
3198.47,0.0,28813.0,,,,,0.0,0.0,12703.7
3199.47,100.0,28813.0,,,,,100.0,100.0,12690.9
3200.47,0.0,28881.0,,,,,0.0,0.0,12699.5
3201.47,0.0,28881.0,,,,,0.0,0.0,12703.7
3202.47,100.0,28881.0,,,,,100.0,100.0,12693.0
3203.47,0.0,28881.0,,,,,0.0,0.0,12703.7
3204.47,0.0,28881.0,,,,,0.0,0.0,12703.7
3205.47,100.0,28881.0,,,,,100.0,100.0,12704.5
3206.47,0.0,28881.0,,,,,0.0,0.0,12704.5
3207.47,0.0,28881.0,,,,,0.0,0.0,12704.5
3208.47,100.0,28913.0,,,,,100.0,100.0,12706.3
3209.47,0.0,28913.0,,,,,0.0,0.0,12706.3
3210.47,100.0,28845.4,,,,,100.0,100.0,12708.1
3211.47,0.0,28845.4,,,,,0.0,0.0,12708.1
3212.47,0.0,28845.4,,,,,0.0,0.0,12708.1
3213.47,100.0,28777.1,,,,,100.0,100.0,12708.3
3214.47,0.0,28777.1,,,,,0.0,0.0,12708.3
3215.47,0.0,28777.1,,,,,0.0,0.0,12708.3
3216.47,100.0,28708.9,,,,,100.0,100.0,12708.3
3217.47,0.0,28708.9,,,,,0.0,0.0,12708.3
3218.47,0.0,28708.9,,,,,0.0,0.0,12708.3
3219.47,100.0,28608.7,,,,,100.0,100.0,12702.3
3220.47,0.0,28676.8,,,,,0.0,0.0,12689.6
3221.47,0.0,28744.9,,,,,0.0,0.0,12701.3
3222.47,100.0,28813.0,,,,,100.0,100.0,12704.3
3223.47,0.0,28881.0,,,,,0.0,0.0,12694.5
3224.47,0.0,28881.0,,,,,0.0,0.0,12704.0
3225.47,100.0,28881.0,,,,,100.0,100.0,12693.5
3226.47,0.0,28881.0,,,,,0.0,0.0,12703.8
3227.47,0.0,28881.0,,,,,0.0,0.0,12703.8
3228.47,100.0,28881.0,,,,,100.0,100.0,12704.6
3229.47,0.0,28881.0,,,,,0.0,0.0,12704.6
3230.47,0.0,28881.0,,,,,0.0,0.0,12704.6
3231.47,100.0,28913.0,,,,,100.0,100.0,12706.5
3232.47,0.0,28913.0,,,,,0.0,0.0,12706.5
3233.47,100.0,28845.4,,,,,100.0,100.0,12708.2
3234.47,0.0,28845.4,,,,,0.0,0.0,12708.2
3235.47,0.0,28845.4,,,,,0.0,0.0,12708.2
3236.47,100.0,28777.1,,,,,100.0,100.0,12708.4
3237.47,0.0,28777.1,,,,,0.0,0.0,12708.4
3238.47,0.0,28777.1,,,,,0.0,0.0,12708.4
3239.47,100.0,28708.9,,,,,100.0,100.0,12708.4
3240.47,0.0,28708.9,,,,,0.0,0.0,12708.4
3241.47,0.0,28708.9,,,,,0.0,0.0,12708.4
3242.47,100.0,28574.7,,,,,100.0,100.0,12700.9
3243.47,0.0,28676.8,,,,,0.0,0.0,12702.9
3244.47,0.0,28744.9,,,,,0.0,0.0,12697.7
3245.47,100.0,28813.0,,,,,100.0,100.0,12704.5
3246.47,0.0,28881.0,,,,,0.0,0.0,12695.7
3247.47,0.0,28881.0,,,,,0.0,0.0,12704.4
3248.47,100.0,28881.0,,,,,100.0,100.0,12697.9
3249.47,0.0,28881.0,,,,,0.0,0.0,12704.3
3250.47,0.0,28881.0,,,,,0.0,0.0,12704.3
3251.47,100.0,28881.0,,,,,100.0,100.0,12705.0
3252.47,0.0,28881.0,,,,,0.0,0.0,12705.0
3253.47,0.0,28881.0,,,,,0.0,0.0,12705.0
3254.47,100.0,28913.0,,,,,100.0,100.0,12707.1
3255.47,0.0,28913.0,,,,,0.0,0.0,12707.1
3256.47,0.0,28913.0,,,,,0.0,0.0,12707.1
3257.47,100.0,28845.4,,,,,100.0,100.0,12708.7
3258.48,0.0,28845.4,,,,,0.0,0.0,12708.7
3259.48,100.0,28777.1,,,,,100.0,100.0,12708.9
3260.48,0.0,28777.1,,,,,0.0,0.0,12708.9
3261.48,0.0,28777.1,,,,,0.0,0.0,12708.9
3262.48,100.0,28708.9,,,,,100.0,100.0,12708.9
3263.48,0.0,28708.9,,,,,0.0,0.0,12708.9
3264.48,0.0,28708.9,,,,,0.0,0.0,12708.9
3265.48,100.0,28608.6,,,,,100.0,100.0,12697.3
3266.48,0.0,28676.8,,,,,0.0,0.0,12695.3
3267.48,0.0,28744.9,,,,,0.0,0.0,12695.9
3268.48,100.0,28813.0,,,,,100.0,100.0,12688.2
3269.48,0.0,28881.0,,,,,0.0,0.0,12700.0
3270.48,0.0,28881.0,,,,,0.0,0.0,12704.4
3271.48,100.0,28881.0,,,,,100.0,100.0,12692.3
3272.48,0.0,28881.0,,,,,0.0,0.0,12704.3
3273.48,0.0,28881.0,,,,,0.0,0.0,12704.3
3274.48,100.0,28881.0,,,,,100.0,100.0,12705.0
3275.48,0.0,28881.0,,,,,0.0,0.0,12705.0
3276.48,0.0,28881.0,,,,,0.0,0.0,12705.0
3277.48,100.0,28913.0,,,,,100.0,100.0,12706.9
3278.48,0.0,28913.0,,,,,0.0,0.0,12706.9
3279.48,0.0,28913.0,,,,,0.0,0.0,12706.9
3280.48,100.0,28845.4,,,,,100.0,100.0,12708.7
3281.48,0.0,28845.4,,,,,0.0,0.0,12708.7
3282.48,100.0,28777.1,,,,,100.0,100.0,12708.9
3283.48,0.0,28777.1,,,,,0.0,0.0,12708.9
3284.48,0.0,28777.1,,,,,0.0,0.0,12708.9
3285.48,100.0,28708.9,,,,,100.0,100.0,12708.9
3286.48,0.0,28708.9,,,,,0.0,0.0,12708.9
3287.48,0.0,28708.9,,,,,0.0,0.0,12708.9
3288.48,100.0,28608.6,,,,,100.0,100.0,12692.9
3289.48,0.0,28676.8,,,,,0.0,0.0,12686.6
3290.48,0.0,28744.9,,,,,0.0,0.0,12692.6
3291.48,100.0,28779.0,,,,,100.0,100.0,12702.3
3292.48,0.0,28881.0,,,,,0.0,0.0,12700.6
3293.48,0.0,28881.0,,,,,0.0,0.0,12704.7
3294.48,100.0,28881.0,,,,,100.0,100.0,12690.0
3295.48,0.0,28881.0,,,,,0.0,0.0,12704.8
3296.48,0.0,28881.0,,,,,0.0,0.0,12704.8
3297.48,100.0,28881.0,,,,,100.0,100.0,12705.7
3298.48,0.0,28881.0,,,,,0.0,0.0,12705.7
3299.48,0.0,28881.0,,,,,0.0,0.0,12705.7
3300.48,100.0,28913.0,,,,,100.0,100.0,12707.6
3301.48,0.0,28913.0,,,,,0.0,0.0,12707.6
3302.48,0.0,28913.0,,,,,0.0,0.0,12707.6
3303.48,100.0,28845.4,,,,,100.0,100.0,12709.4
3304.48,0.0,28845.4,,,,,0.0,0.0,12709.4
3305.48,100.0,28777.1,,,,,100.0,100.0,12709.6
3306.48,0.0,28777.1,,,,,0.0,0.0,12709.6
3307.48,0.0,28777.1,,,,,0.0,0.0,12709.6
3308.48,100.0,28708.9,,,,,100.0,100.0,12709.6
3309.48,0.0,28708.9,,,,,0.0,0.0,12709.6
3310.48,0.0,28708.9,,,,,0.0,0.0,12709.6
3311.48,100.0,28608.6,,,,,100.0,100.0,12691.1
3312.48,0.0,28676.8,,,,,0.0,0.0,12703.5
3313.48,0.0,28744.9,,,,,0.0,0.0,12692.4
3314.48,100.0,28813.0,,,,,100.0,100.0,12705.0
3315.48,0.0,28881.0,,,,,0.0,0.0,12692.9
3316.48,0.0,28881.0,,,,,0.0,0.0,12704.9
3317.48,100.0,28881.0,,,,,100.0,100.0,12705.6
3318.48,0.0,28881.0,,,,,0.0,0.0,12705.1
3319.48,0.0,28881.0,,,,,0.0,0.0,12705.1
3320.48,100.0,28881.0,,,,,100.0,100.0,12705.8
3321.48,0.0,28881.0,,,,,0.0,0.0,12705.8
3322.48,0.0,28881.0,,,,,0.0,0.0,12705.8
3323.48,100.0,28913.0,,,,,100.0,100.0,12707.7
3324.48,0.0,28913.0,,,,,0.0,0.0,12707.7
3325.48,0.0,28913.0,,,,,0.0,0.0,12707.7
3326.48,100.0,28845.4,,,,,100.0,100.0,12709.5
3327.48,0.0,28845.4,,,,,0.0,0.0,12709.5
3328.49,100.0,28777.1,,,,,100.0,100.0,12709.7
3329.49,0.0,28777.1,,,,,0.0,0.0,12709.7
3330.49,0.0,28777.1,,,,,0.0,0.0,12709.7
3331.49,100.0,28708.9,,,,,100.0,100.0,12709.7
3332.49,0.0,28708.9,,,,,0.0,0.0,12709.7
3333.49,0.0,28708.9,,,,,0.0,0.0,12709.7
3334.49,100.0,28608.6,,,,,100.0,100.0,12691.6
3335.49,0.0,28676.8,,,,,0.0,0.0,12703.5
3336.49,0.0,28744.9,,,,,0.0,0.0,12704.6
3337.49,0.0,28847.0,,,,,0.0,0.0,12701.1
3338.49,100.0,28881.0,,,,,100.0,100.0,12705.5
3339.49,0.0,28881.0,,,,,0.0,0.0,12705.3
3340.49,100.0,28881.0,,,,,100.0,100.0,12705.9
3341.49,0.0,28881.0,,,,,0.0,0.0,12705.3
3342.49,0.0,28881.0,,,,,0.0,0.0,12705.3
3343.49,100.0,28881.0,,,,,100.0,100.0,12706.1
3344.49,0.0,28881.0,,,,,0.0,0.0,12706.1
3345.49,0.0,28881.0,,,,,0.0,0.0,12706.1
3346.49,100.0,28913.0,,,,,100.0,100.0,12708.0
3347.49,0.0,28913.0,,,,,0.0,0.0,12708.0
3348.49,0.0,28913.0,,,,,0.0,0.0,12708.0
3349.49,100.0,28845.4,,,,,100.0,100.0,12709.8
3350.49,0.0,28845.4,,,,,0.0,0.0,12709.8
3351.49,0.0,28845.4,,,,,0.0,0.0,12709.8
3352.49,100.0,28777.1,,,,,100.0,100.0,12709.9
3353.49,0.0,28777.1,,,,,0.0,0.0,12709.9
3354.49,100.0,28708.9,,,,,100.0,100.0,12709.9
3355.49,0.0,28708.9,,,,,0.0,0.0,12709.9
3356.49,0.0,28708.9,,,,,0.0,0.0,12709.9
3357.49,100.0,28608.6,,,,,100.0,100.0,12710.2
3358.49,0.0,28676.8,,,,,0.0,0.0,12693.7
3359.49,0.0,28744.9,,,,,0.0,0.0,12689.7
3360.49,0.0,28813.0,,,,,0.0,0.0,12699.7
3361.49,100.0,28881.0,,,,,100.0,100.0,12690.1
3362.49,0.0,28881.0,,,,,0.0,0.0,12705.5
3363.49,100.0,28881.0,,,,,100.0,100.0,12706.0
3364.49,0.0,28881.0,,,,,0.0,0.0,12705.4
3365.49,0.0,28881.0,,,,,0.0,0.0,12705.4
3366.49,100.0,28881.0,,,,,100.0,100.0,12706.1
3367.49,0.0,28881.0,,,,,0.0,0.0,12706.1
3368.49,0.0,28881.0,,,,,0.0,0.0,12706.1
3369.49,100.0,28913.0,,,,,100.0,100.0,12708.0
3370.49,0.0,28913.0,,,,,0.0,0.0,12708.0
3371.49,0.0,28913.0,,,,,0.0,0.0,12708.0
3372.49,100.0,28845.4,,,,,100.0,100.0,12709.9
3373.49,0.0,28845.4,,,,,0.0,0.0,12709.9
3374.49,0.0,28845.4,,,,,0.0,0.0,12709.9
3375.49,100.0,28777.1,,,,,100.0,100.0,12710.1
3376.49,0.0,28777.1,,,,,0.0,0.0,12710.1
3377.49,100.0,28708.9,,,,,100.0,100.0,12710.1
3378.49,0.0,28708.9,,,,,0.0,0.0,12710.1
3379.49,0.0,28708.9,,,,,0.0,0.0,12710.1
3380.49,100.0,28608.6,,,,,100.0,100.0,12688.7
3381.49,0.0,28608.7,,,,,0.0,0.0,12699.6
3382.49,0.0,28744.9,,,,,0.0,0.0,12688.7
3383.49,0.0,28813.0,,,,,0.0,0.0,12694.9
3384.49,100.0,28881.0,,,,,100.0,100.0,12706.2
3385.49,0.0,28881.0,,,,,0.0,0.0,12705.9
3386.49,100.0,28881.0,,,,,100.0,100.0,12706.4
3387.49,0.0,28881.0,,,,,0.0,0.0,12705.8
3388.49,0.0,28881.0,,,,,0.0,0.0,12705.8
3389.5,100.0,28881.0,,,,,100.0,100.0,12706.7
3390.5,0.0,28881.0,,,,,0.0,0.0,12706.7
3391.5,0.0,28881.0,,,,,0.0,0.0,12706.7
3392.5,100.0,28913.0,,,,,100.0,100.0,12708.4
3393.5,0.0,28913.0,,,,,0.0,0.0,12708.4
3394.5,0.0,28913.0,,,,,0.0,0.0,12708.4
3395.5,100.0,28845.4,,,,,100.0,100.0,12710.3
3396.5,0.0,28845.4,,,,,0.0,0.0,12710.3
3397.5,0.0,28845.4,,,,,0.0,0.0,12710.3
3398.5,100.0,28777.1,,,,,100.0,100.0,12710.5
3399.5,0.0,28777.1,,,,,0.0,0.0,12710.5
3400.5,100.0,28708.9,,,,,100.0,100.0,12710.5
3401.5,0.0,28708.9,,,,,0.0,0.0,12710.5
3402.5,0.0,28708.9,,,,,0.0,0.0,12710.5
3403.5,100.0,28608.6,,,,,100.0,100.0,12687.9
3404.5,0.0,28608.7,,,,,0.0,0.0,12696.0
3405.5,0.0,28744.9,,,,,0.0,0.0,12705.0
3406.5,0.0,28813.0,,,,,0.0,0.0,12694.6
3407.5,100.0,28881.0,,,,,100.0,100.0,12706.4
3408.5,0.0,28881.0,,,,,0.0,0.0,12706.4
3409.5,0.0,28881.0,,,,,0.0,0.0,12706.4
3410.5,100.0,28881.0,,,,,100.0,100.0,12706.1
3411.5,0.0,28881.0,,,,,0.0,0.0,12706.1
3412.5,100.0,28881.0,,,,,100.0,100.0,12706.9
3413.5,0.0,28881.0,,,,,0.0,0.0,12706.9
3414.5,0.0,28881.0,,,,,0.0,0.0,12706.9
3415.5,100.0,28913.0,,,,,100.0,100.0,12708.8
3416.5,0.0,28913.0,,,,,0.0,0.0,12708.8
3417.5,0.0,28913.0,,,,,0.0,0.0,12708.8
3418.5,100.0,28845.4,,,,,100.0,100.0,12710.5
3419.5,0.0,28845.4,,,,,0.0,0.0,12710.5
3420.5,0.0,28845.4,,,,,0.0,0.0,12710.5
3421.5,100.0,28777.1,,,,,100.0,100.0,12710.7
3422.5,0.0,28777.1,,,,,0.0,0.0,12710.7
3423.5,0.0,28777.1,,,,,0.0,0.0,12710.7
3424.5,100.0,28708.9,,,,,100.0,100.0,12710.7
3425.5,0.0,28708.9,,,,,0.0,0.0,12710.7
3426.5,100.0,28608.6,,,,,100.0,100.0,12710.8
3427.5,0.0,28608.7,,,,,0.0,0.0,12693.8
3428.5,0.0,28744.9,,,,,0.0,0.0,12705.2
3429.5,0.0,28813.0,,,,,0.0,0.0,12694.5
3430.5,100.0,28847.0,,,,,100.0,100.0,12704.5
3431.5,0.0,28881.0,,,,,0.0,0.0,12706.1
3432.5,0.0,28881.0,,,,,0.0,0.0,12706.1
3433.5,100.0,28881.0,,,,,100.0,100.0,12706.3
3434.5,0.0,28881.0,,,,,0.0,0.0,12706.3
3435.5,100.0,28881.0,,,,,100.0,100.0,12706.7
3436.5,0.0,28881.0,,,,,0.0,0.0,12707.1
3437.5,0.0,28881.0,,,,,0.0,0.0,12707.1
3438.5,100.0,28913.0,,,,,100.0,100.0,12709.0
3439.5,0.0,28913.0,,,,,0.0,0.0,12709.0
3440.5,0.0,28913.0,,,,,0.0,0.0,12709.0
3441.5,100.0,28845.4,,,,,100.0,100.0,12710.8
3442.5,0.0,28845.4,,,,,0.0,0.0,12710.8
3443.5,0.0,28845.4,,,,,0.0,0.0,12710.8
3444.5,100.0,28777.1,,,,,100.0,100.0,12711.0
3445.5,0.0,28777.1,,,,,0.0,0.0,12711.0
3446.5,0.0,28777.1,,,,,0.0,0.0,12711.0
3447.5,100.0,28708.9,,,,,100.0,100.0,12711.1
3448.5,0.0,28708.9,,,,,0.0,0.0,12711.1
3449.5,100.0,28608.6,,,,,100.0,100.0,12711.1
3450.5,0.0,28608.7,,,,,0.0,0.0,12698.8
3451.5,0.0,28710.9,,,,,0.0,0.0,12695.3
3452.5,0.0,28813.0,,,,,0.0,0.0,12700.5
3453.5,100.0,28847.0,,,,,100.0,100.0,12701.6
3454.5,0.0,28881.0,,,,,0.0,0.0,12706.3
3455.5,0.0,28881.0,,,,,0.0,0.0,12706.3
3456.5,100.0,28881.0,,,,,100.0,100.0,12706.5
3457.5,0.0,28881.0,,,,,0.0,0.0,12706.5
3458.51,100.0,28881.0,,,,,100.0,100.0,12706.9
3459.51,0.0,28881.0,,,,,0.0,0.0,12707.3
3460.51,0.0,28881.0,,,,,0.0,0.0,12707.3
3461.51,100.0,28913.0,,,,,100.0,100.0,12709.3
3462.51,0.0,28913.0,,,,,0.0,0.0,12709.3
3463.51,0.0,28913.0,,,,,0.0,0.0,12709.3
3464.51,100.0,28845.4,,,,,100.0,100.0,12711.0
3465.51,0.0,28845.4,,,,,0.0,0.0,12711.0
3466.51,0.0,28845.4,,,,,0.0,0.0,12711.0
3467.51,100.0,28777.1,,,,,100.0,100.0,12711.2
3468.51,0.0,28777.1,,,,,0.0,0.0,12711.2
3469.51,0.0,28777.1,,,,,0.0,0.0,12711.2
3470.51,100.0,28708.9,,,,,100.0,100.0,12711.2
3471.51,0.0,28708.9,,,,,0.0,0.0,12711.2
3472.51,100.0,28608.6,,,,,100.0,100.0,12683.9
3473.51,0.0,28608.7,,,,,0.0,0.0,12690.8
3474.51,0.0,28710.9,,,,,0.0,0.0,12704.1
3475.51,0.0,28813.0,,,,,0.0,0.0,12692.7
3476.51,100.0,28813.0,,,,,100.0,100.0,12699.4
3477.51,0.0,28881.0,,,,,0.0,0.0,12706.6
3478.51,0.0,28881.0,,,,,0.0,0.0,12706.6
3479.51,100.0,28881.0,,,,,100.0,100.0,12706.5
3480.51,0.0,28881.0,,,,,0.0,0.0,12706.5
3481.51,0.0,28881.0,,,,,0.0,0.0,12706.5
3482.51,100.0,28881.0,,,,,100.0,100.0,12707.4
3483.51,0.0,28881.0,,,,,0.0,0.0,12707.4
3484.51,100.0,28913.0,,,,,100.0,100.0,12709.2
3485.51,0.0,28913.0,,,,,0.0,0.0,12709.2
3486.51,0.0,28913.0,,,,,0.0,0.0,12709.2
3487.51,100.0,28845.4,,,,,100.0,100.0,12711.1
3488.51,0.0,28845.4,,,,,0.0,0.0,12711.1
3489.51,0.0,28845.4,,,,,0.0,0.0,12711.1
3490.51,100.0,28777.1,,,,,100.0,100.0,12711.3
3491.51,0.0,28777.1,,,,,0.0,0.0,12711.3
3492.51,0.0,28777.1,,,,,0.0,0.0,12711.3
3493.51,100.0,28708.9,,,,,100.0,100.0,12711.3
3494.51,0.0,28708.9,,,,,0.0,0.0,12711.3
3495.51,0.0,28708.9,,,,,0.0,0.0,12711.3
3496.51,100.0,28608.7,,,,,100.0,100.0,12691.5
3497.51,0.0,28710.8,,,,,0.0,0.0,12702.6
3498.51,0.0,28813.0,,,,,0.0,0.0,12707.0
3499.51,100.0,28813.0,,,,,100.0,100.0,12699.6
3500.51,0.0,28881.0,,,,,0.0,0.0,12706.9
3501.51,0.0,28881.0,,,,,0.0,0.0,12706.9
3502.51,100.0,28881.0,,,,,100.0,100.0,12707.2
3503.51,0.0,28881.0,,,,,0.0,0.0,12707.2
3504.51,0.0,28881.0,,,,,0.0,0.0,12707.2
3505.51,100.0,28881.0,,,,,100.0,100.0,12708.0
3506.51,0.0,28881.0,,,,,0.0,0.0,12708.0
3507.51,100.0,28913.0,,,,,100.0,100.0,12709.8
3508.51,0.0,28913.0,,,,,0.0,0.0,12709.8
3509.51,0.0,28913.0,,,,,0.0,0.0,12709.8
3510.51,100.0,28845.4,,,,,100.0,100.0,12711.7
3511.51,0.0,28845.4,,,,,0.0,0.0,12711.7
3512.51,0.0,28845.4,,,,,0.0,0.0,12711.7
3513.51,100.0,28777.1,,,,,100.0,100.0,12711.9
3514.51,0.0,28777.1,,,,,0.0,0.0,12711.9
3515.51,0.0,28777.1,,,,,0.0,0.0,12711.9
3516.51,100.0,28708.9,,,,,100.0,100.0,12711.9
3517.51,0.0,28708.9,,,,,0.0,0.0,12711.9
3518.51,0.0,28708.9,,,,,0.0,0.0,12711.9
3519.51,100.0,28608.7,,,,,100.0,100.0,12705.8
3520.51,0.0,28676.8,,,,,0.0,0.0,12698.4
3521.51,0.0,28813.0,,,,,0.0,0.0,12707.1
3522.51,100.0,28813.0,,,,,100.0,100.0,12697.2
3523.51,0.0,28881.0,,,,,0.0,0.0,12707.1
3524.51,0.0,28881.0,,,,,0.0,0.0,12707.1
3525.51,100.0,28881.0,,,,,100.0,100.0,12703.8
3526.52,0.0,28881.0,,,,,0.0,0.0,12707.3
3527.52,0.0,28881.0,,,,,0.0,0.0,12707.3
3528.52,100.0,28881.0,,,,,100.0,100.0,12708.1
3529.52,0.0,28881.0,,,,,0.0,0.0,12708.1
3530.52,100.0,28913.0,,,,,100.0,100.0,12710.0
3531.52,0.0,28913.0,,,,,0.0,0.0,12710.0
3532.52,0.0,28913.0,,,,,0.0,0.0,12710.0
3533.52,100.0,28845.4,,,,,100.0,100.0,12711.9
3534.52,0.0,28845.4,,,,,0.0,0.0,12711.9
3535.52,0.0,28845.4,,,,,0.0,0.0,12711.9
3536.52,100.0,28777.1,,,,,100.0,100.0,12712.0
3537.52,0.0,28777.1,,,,,0.0,0.0,12712.0
3538.52,0.0,28777.1,,,,,0.0,0.0,12712.0
3539.52,100.0,28708.9,,,,,100.0,100.0,12712.0
3540.52,0.0,28708.9,,,,,0.0,0.0,12712.0
3541.52,0.0,28708.9,,,,,0.0,0.0,12712.0
3542.52,100.0,28608.7,,,,,100.0,100.0,12706.2
3543.52,0.0,28676.8,,,,,0.0,0.0,12696.3
3544.52,0.0,28813.0,,,,,0.0,0.0,12698.1
3545.52,100.0,28813.0,,,,,100.0,100.0,12702.3
3546.52,0.0,28881.0,,,,,0.0,0.0,12705.6
3547.52,0.0,28881.0,,,,,0.0,0.0,12707.5
3548.52,100.0,28881.0,,,,,100.0,100.0,12701.6
3549.52,0.0,28881.0,,,,,0.0,0.0,12707.7
3550.52,0.0,28881.0,,,,,0.0,0.0,12707.7
3551.52,100.0,28881.0,,,,,100.0,100.0,12708.4
3552.52,0.0,28881.0,,,,,0.0,0.0,12708.4
3553.52,100.0,28913.0,,,,,100.0,100.0,12710.3
3554.52,0.0,28913.0,,,,,0.0,0.0,12710.3
3555.52,0.0,28913.0,,,,,0.0,0.0,12710.3
3556.52,100.0,28845.4,,,,,100.0,100.0,12712.1
3557.52,0.0,28845.4,,,,,0.0,0.0,12712.1
3558.52,0.0,28845.4,,,,,0.0,0.0,12712.1
3559.52,100.0,28777.1,,,,,100.0,100.0,12712.3
3560.52,0.0,28777.1,,,,,0.0,0.0,12712.3
3561.52,0.0,28777.1,,,,,0.0,0.0,12712.3
3562.52,100.0,28708.9,,,,,100.0,100.0,12712.3
3563.52,0.0,28708.9,,,,,0.0,0.0,12712.3
3564.52,0.0,28708.9,,,,,0.0,0.0,12712.3
3565.52,100.0,28608.7,,,,,100.0,100.0,12686.7
3566.52,0.0,28676.8,,,,,0.0,0.0,12694.2
3567.52,0.0,28813.0,,,,,0.0,0.0,12707.6
3568.52,100.0,28813.0,,,,,100.0,100.0,12694.0
3569.52,0.0,28881.0,,,,,0.0,0.0,12704.3
3570.52,0.0,28881.0,,,,,0.0,0.0,12707.7
3571.52,100.0,28881.0,,,,,100.0,100.0,12698.8
3572.52,0.0,28881.0,,,,,0.0,0.0,12707.7
3573.52,0.0,28881.0,,,,,0.0,0.0,12707.7
3574.52,100.0,28881.0,,,,,100.0,100.0,12708.4
3575.52,0.0,28881.0,,,,,0.0,0.0,12708.4
3576.52,0.0,28881.0,,,,,0.0,0.0,12708.4
3577.52,100.0,28913.0,,,,,100.0,100.0,12710.3
3578.52,0.0,28913.0,,,,,0.0,0.0,12710.3
3579.52,100.0,28845.4,,,,,100.0,100.0,12712.2
3580.52,0.0,28845.4,,,,,0.0,0.0,12712.2
3581.52,0.0,28845.4,,,,,0.0,0.0,12712.2
3582.52,100.0,28777.1,,,,,100.0,100.0,12712.4
3583.52,0.0,28777.1,,,,,0.0,0.0,12712.4
3584.52,0.0,28777.1,,,,,0.0,0.0,12712.4
3585.52,100.0,28708.9,,,,,100.0,100.0,12712.4
3586.52,0.0,28708.9,,,,,0.0,0.0,12712.4
3587.52,0.0,28708.9,,,,,0.0,0.0,12712.4
3588.52,100.0,28608.7,,,,,100.0,100.0,12706.4
3589.52,0.0,28676.8,,,,,0.0,0.0,12695.1
3590.52,0.0,28813.0,,,,,0.0,0.0,12708.1
3591.52,100.0,28813.0,,,,,100.0,100.0,12694.6
3592.52,0.0,28881.0,,,,,0.0,0.0,12702.6
3593.52,0.0,28881.0,,,,,0.0,0.0,12708.0
3594.52,100.0,28881.0,,,,,100.0,100.0,12698.9
3595.52,0.0,28881.0,,,,,0.0,0.0,12707.9
3596.53,0.0,28881.0,,,,,0.0,0.0,12707.9
3597.53,100.0,28881.0,,,,,100.0,100.0,12708.7
3598.53,0.0,28881.0,,,,,0.0,0.0,12708.7
3599.53,0.0,28881.0,,,,,0.0,0.0,12708.7
3600.53,100.0,28913.0,,,,,100.0,100.0,12710.6
3601.53,0.0,28913.0,,,,,0.0,0.0,12710.6
3602.53,100.0,28845.4,,,,,100.0,100.0,12712.4
3603.53,0.0,28845.4,,,,,0.0,0.0,12712.4
3604.53,0.0,28845.4,,,,,0.0,0.0,12712.4
3605.53,100.0,28777.1,,,,,100.0,100.0,12712.6
3606.53,0.0,28777.1,,,,,0.0,0.0,12712.6
3607.53,0.0,28777.1,,,,,0.0,0.0,12712.6
3608.53,100.0,28708.9,,,,,100.0,100.0,12712.6
3609.53,0.0,28708.9,,,,,0.0,0.0,12712.6
3610.53,0.0,28708.9,,,,,0.0,0.0,12712.6
3611.53,100.0,28608.7,,,,,100.0,100.0,12706.2
3612.53,0.0,28676.8,,,,,0.0,0.0,12694.3
3613.53,0.0,28813.0,,,,,0.0,0.0,12707.6
3614.53,100.0,28813.0,,,,,100.0,100.0,12700.9
3615.53,0.0,28881.0,,,,,0.0,0.0,12701.8
3616.53,0.0,28881.0,,,,,0.0,0.0,12708.0
3617.53,100.0,28881.0,,,,,100.0,100.0,12696.0
3618.53,0.0,28881.0,,,,,0.0,0.0,12708.0
3619.53,0.0,28881.0,,,,,0.0,0.0,12708.0
3620.53,100.0,28881.0,,,,,100.0,100.0,12708.7
3621.53,0.0,28881.0,,,,,0.0,0.0,12708.7
3622.53,0.0,28881.0,,,,,0.0,0.0,12708.7
3623.53,100.0,28913.0,,,,,100.0,100.0,12710.6
3624.53,0.0,28913.0,,,,,0.0,0.0,12710.6
3625.53,100.0,28845.4,,,,,100.0,100.0,12712.6
3626.53,0.0,28845.4,,,,,0.0,0.0,12712.6
3627.53,0.0,28845.4,,,,,0.0,0.0,12712.6
3628.53,100.0,28777.1,,,,,100.0,100.0,12712.8
3629.53,0.0,28777.1,,,,,0.0,0.0,12712.8
3630.53,0.0,28777.1,,,,,0.0,0.0,12712.8
3631.53,100.0,28708.9,,,,,100.0,100.0,12712.8
3632.53,0.0,28708.9,,,,,0.0,0.0,12712.8
3633.53,0.0,28708.9,,,,,0.0,0.0,12712.8
3634.53,100.0,28608.7,,,,,100.0,100.0,12706.7
3635.53,0.0,28676.8,,,,,0.0,0.0,12692.0
3636.53,0.0,28744.9,,,,,0.0,0.0,12703.4
3637.53,100.0,28813.0,,,,,100.0,100.0,12690.3
3638.53,0.0,28881.0,,,,,0.0,0.0,12698.8
3639.53,0.0,28881.0,,,,,0.0,0.0,12708.2
3640.53,100.0,28881.0,,,,,100.0,100.0,12695.9
3641.53,0.0,28881.0,,,,,0.0,0.0,12708.4
3642.53,0.0,28881.0,,,,,0.0,0.0,12708.4
3643.53,100.0,28881.0,,,,,100.0,100.0,12709.2
3644.53,0.0,28881.0,,,,,0.0,0.0,12709.2
3645.53,0.0,28881.0,,,,,0.0,0.0,12709.2
3646.53,100.0,28913.0,,,,,100.0,100.0,12711.1
3647.53,0.0,28913.0,,,,,0.0,0.0,12711.1
3648.53,100.0,28845.0,,,,,100.0,100.0,12712.8
3649.53,0.0,28845.4,,,,,0.0,0.0,12713.0
3650.53,0.0,28845.4,,,,,0.0,0.0,12713.0
3651.53,100.0,28777.1,,,,,100.0,100.0,12713.2
3652.53,0.0,28777.1,,,,,0.0,0.0,12713.2
3653.53,0.0,28777.1,,,,,0.0,0.0,12713.2
3654.53,100.0,28708.9,,,,,100.0,100.0,12713.2
3655.53,0.0,28708.9,,,,,0.0,0.0,12713.2
3656.53,0.0,28708.9,,,,,0.0,0.0,12713.2
3657.53,100.0,28574.6,,,,,100.0,100.0,12703.2
3658.53,0.0,28676.8,,,,,0.0,0.0,12691.5
3659.53,0.0,28744.9,,,,,0.0,0.0,12698.3
3660.53,100.0,28813.0,,,,,100.0,100.0,12691.3
3661.53,0.0,28881.0,,,,,0.0,0.0,12697.7
3662.53,0.0,28881.0,,,,,0.0,0.0,12708.5
3663.53,100.0,28881.0,,,,,100.0,100.0,12696.1
3664.53,0.0,28881.0,,,,,0.0,0.0,12708.5
3665.54,0.0,28881.0,,,,,0.0,0.0,12708.5
3666.54,100.0,28881.0,,,,,100.0,100.0,12709.3
3667.54,0.0,28881.0,,,,,0.0,0.0,12709.3
3668.54,0.0,28881.0,,,,,0.0,0.0,12709.3
3669.54,100.0,28913.0,,,,,100.0,100.0,12711.3
3670.54,0.0,28913.0,,,,,0.0,0.0,12711.3
3671.54,0.0,28913.0,,,,,0.0,0.0,12711.3
3672.54,100.0,28845.4,,,,,100.0,100.0,12713.2
3673.54,0.0,28845.4,,,,,0.0,0.0,12713.2
3674.54,100.0,28777.1,,,,,100.0,100.0,12713.4
3675.54,0.0,28777.1,,,,,0.0,0.0,12713.4
3676.54,0.0,28777.1,,,,,0.0,0.0,12713.4
3677.54,100.0,28708.9,,,,,100.0,100.0,12713.4
3678.54,0.0,28708.9,,,,,0.0,0.0,12713.4
3679.54,0.0,28708.9,,,,,0.0,0.0,12713.4
3680.54,100.0,28608.6,,,,,100.0,100.0,12698.3
3681.54,0.0,28676.8,,,,,0.0,0.0,12707.4
3682.54,0.0,28744.9,,,,,0.0,0.0,12697.2
3683.54,100.0,28779.0,,,,,100.0,100.0,12707.1
3684.54,0.0,28881.0,,,,,0.0,0.0,12698.4
3685.54,0.0,28881.0,,,,,0.0,0.0,12708.8
3686.54,100.0,28881.0,,,,,100.0,100.0,12709.5
3687.54,0.0,28881.0,,,,,0.0,0.0,12708.8
3688.54,0.0,28881.0,,,,,0.0,0.0,12708.8
3689.54,100.0,28881.0,,,,,100.0,100.0,12709.5
3690.54,0.0,28881.0,,,,,0.0,0.0,12709.5
3691.54,0.0,28881.0,,,,,0.0,0.0,12709.5
3692.54,100.0,28913.0,,,,,100.0,100.0,12711.4
3693.54,0.0,28913.0,,,,,0.0,0.0,12711.4
3694.54,0.0,28913.0,,,,,0.0,0.0,12711.4
3695.54,100.0,28845.4,,,,,100.0,100.0,12713.4
3696.54,0.0,28845.4,,,,,0.0,0.0,12713.4
3697.54,100.0,28777.1,,,,,100.0,100.0,12713.6
3698.54,0.0,28777.1,,,,,0.0,0.0,12713.6
3699.54,0.0,28777.1,,,,,0.0,0.0,12713.6
3700.54,100.0,28708.9,,,,,100.0,100.0,12713.6
3701.54,0.0,28708.9,,,,,0.0,0.0,12713.6
3702.54,0.0,28708.9,,,,,0.0,0.0,12713.6
3703.54,100.0,28608.6,,,,,100.0,100.0,12696.9
3704.54,0.0,28676.8,,,,,0.0,0.0,12707.5
3705.54,0.0,28744.9,,,,,0.0,0.0,12696.7
3706.54,100.0,28813.0,,,,,100.0,100.0,12709.0
3707.54,0.0,28881.0,,,,,0.0,0.0,12709.1
3708.54,0.0,28881.0,,,,,0.0,0.0,12708.7
3709.54,100.0,28881.0,,,,,100.0,100.0,12709.4
3710.54,0.0,28881.0,,,,,0.0,0.0,12709.3
3711.54,0.0,28881.0,,,,,0.0,0.0,12709.3
3712.54,100.0,28881.0,,,,,100.0,100.0,12710.0
3713.54,0.0,28881.0,,,,,0.0,0.0,12710.0
3714.54,0.0,28881.0,,,,,0.0,0.0,12710.0
3715.54,100.0,28913.0,,,,,100.0,100.0,12711.8
3716.54,0.0,28913.0,,,,,0.0,0.0,12711.8
3717.54,0.0,28913.0,,,,,0.0,0.0,12711.8
3718.54,100.0,28845.4,,,,,100.0,100.0,12713.8
3719.54,0.0,28845.4,,,,,0.0,0.0,12713.8
3720.54,100.0,28777.1,,,,,100.0,100.0,12713.9
3721.54,0.0,28777.1,,,,,0.0,0.0,12713.9
3722.54,0.0,28777.1,,,,,0.0,0.0,12713.9
3723.54,100.0,28708.9,,,,,100.0,100.0,12713.9
3724.54,0.0,28708.9,,,,,0.0,0.0,12713.9
3725.54,0.0,28708.9,,,,,0.0,0.0,12713.9
3726.54,100.0,28608.6,,,,,100.0,100.0,12695.2
3727.54,0.0,28676.8,,,,,0.0,0.0,12688.0
3728.54,0.0,28744.9,,,,,0.0,0.0,12702.0
3729.54,0.0,28847.0,,,,,0.0,0.0,12707.8
3730.54,100.0,28881.0,,,,,100.0,100.0,12695.2
3731.54,0.0,28881.0,,,,,0.0,0.0,12709.3
3732.54,100.0,28881.0,,,,,100.0,100.0,12691.4
3733.54,0.0,28881.0,,,,,0.0,0.0,12709.3
3734.55,0.0,28881.0,,,,,0.0,0.0,12709.3
3735.55,100.0,28881.0,,,,,100.0,100.0,12710.0
3736.55,0.0,28881.0,,,,,0.0,0.0,12710.0
3737.55,0.0,28881.0,,,,,0.0,0.0,12710.0
3738.55,100.0,28913.0,,,,,100.0,100.0,12711.8
3739.55,0.0,28913.0,,,,,0.0,0.0,12711.8
3740.55,0.0,28913.0,,,,,0.0,0.0,12711.8
3741.55,100.0,28845.4,,,,,100.0,100.0,12713.9
3742.55,0.0,28845.4,,,,,0.0,0.0,12713.9
3743.55,0.0,28845.4,,,,,0.0,0.0,12713.9
3744.55,100.0,28777.1,,,,,100.0,100.0,12714.0
3745.55,0.0,28777.1,,,,,0.0,0.0,12714.0
3746.55,100.0,28708.9,,,,,100.0,100.0,12714.0
3747.55,0.0,28708.9,,,,,0.0,0.0,12714.0
3748.55,0.0,28708.9,,,,,0.0,0.0,12714.0
3749.55,100.0,28608.6,,,,,100.0,100.0,12693.2
3750.55,0.0,28676.8,,,,,0.0,0.0,12707.8
3751.55,0.0,28744.9,,,,,0.0,0.0,12694.7
3752.55,0.0,28813.0,,,,,0.0,0.0,12705.9
3753.55,100.0,28881.0,,,,,100.0,100.0,12694.4
3754.55,0.0,28881.0,,,,,0.0,0.0,12709.4
3755.55,100.0,28881.0,,,,,100.0,100.0,12710.0
3756.55,0.0,28881.0,,,,,0.0,0.0,12709.5
3757.55,0.0,28881.0,,,,,0.0,0.0,12709.5
3758.55,100.0,28881.0,,,,,100.0,100.0,12710.3
3759.55,0.0,28881.0,,,,,0.0,0.0,12710.3
3760.55,0.0,28881.0,,,,,0.0,0.0,12710.3
3761.55,100.0,28913.0,,,,,100.0,100.0,12712.2
3762.55,0.0,28913.0,,,,,0.0,0.0,12712.2
3763.55,0.0,28913.0,,,,,0.0,0.0,12712.2
3764.55,100.0,28845.4,,,,,100.0,100.0,12714.3
3765.55,0.0,28845.4,,,,,0.0,0.0,12714.3
3766.55,0.0,28845.4,,,,,0.0,0.0,12714.3
3767.55,100.0,28777.1,,,,,100.0,100.0,12714.5
3768.55,0.0,28777.1,,,,,0.0,0.0,12714.5
3769.55,100.0,28708.9,,,,,100.0,100.0,12714.5
3770.55,0.0,28708.9,,,,,0.0,0.0,12714.5
3771.55,0.0,28708.9,,,,,0.0,0.0,12714.5
3772.55,100.0,28608.6,,,,,100.0,100.0,12693.6
3773.55,0.0,28608.7,,,,,0.0,0.0,12704.8
3774.55,0.0,28744.9,,,,,0.0,0.0,12692.4
3775.55,0.0,28813.0,,,,,0.0,0.0,12699.6
3776.55,100.0,28881.0,,,,,100.0,100.0,12710.3
3777.55,0.0,28881.0,,,,,0.0,0.0,12709.9
3778.55,100.0,28881.0,,,,,100.0,100.0,12710.5
3779.55,0.0,28881.0,,,,,0.0,0.0,12709.9
3780.55,0.0,28881.0,,,,,0.0,0.0,12709.9
3781.55,100.0,28881.0,,,,,100.0,100.0,12710.6
3782.55,0.0,28881.0,,,,,0.0,0.0,12710.6
3783.55,0.0,28881.0,,,,,0.0,0.0,12710.6
3784.55,100.0,28913.0,,,,,100.0,100.0,12712.5
3785.55,0.0,28913.0,,,,,0.0,0.0,12712.5
3786.55,0.0,28913.0,,,,,0.0,0.0,12712.5
3787.55,100.0,28845.4,,,,,100.0,100.0,12714.5
3788.55,0.0,28845.4,,,,,0.0,0.0,12714.5
3789.55,0.0,28845.4,,,,,0.0,0.0,12714.5
3790.55,100.0,28777.1,,,,,100.0,100.0,12714.7
3791.55,0.0,28777.1,,,,,0.0,0.0,12714.7
3792.55,100.0,28708.9,,,,,100.0,100.0,12714.7
3793.55,0.0,28708.9,,,,,0.0,0.0,12714.7
3794.55,0.0,28708.9,,,,,0.0,0.0,12714.7
3795.55,100.0,28608.6,,,,,100.0,100.0,12714.9
3796.55,0.0,28608.7,,,,,0.0,0.0,12701.8
3797.55,0.0,28744.9,,,,,0.0,0.0,12709.4
3798.55,0.0,28813.0,,,,,0.0,0.0,12699.8
3799.55,100.0,28881.0,,,,,100.0,100.0,12710.4
3800.55,0.0,28881.0,,,,,0.0,0.0,12709.9
3801.55,100.0,28813.0,,,,,100.0,100.0,12710.0
3802.56,0.0,28881.0,,,,,0.0,0.0,12709.8
3803.56,0.0,28881.0,,,,,0.0,0.0,12709.8
3804.56,100.0,28881.0,,,,,100.0,100.0,12710.6
3805.56,0.0,28881.0,,,,,0.0,0.0,12710.6
3806.56,0.0,28881.0,,,,,0.0,0.0,12710.6
3807.56,100.0,28913.0,,,,,100.0,100.0,12712.6
3808.56,0.0,28913.0,,,,,0.0,0.0,12712.6
3809.56,0.0,28913.0,,,,,0.0,0.0,12712.6
3810.56,100.0,28845.4,,,,,100.0,100.0,12714.3
3811.56,0.0,28845.4,,,,,0.0,0.0,12714.3
3812.56,0.0,28845.4,,,,,0.0,0.0,12714.3
3813.56,100.0,28777.1,,,,,100.0,100.0,12714.5
3814.56,0.0,28777.1,,,,,0.0,0.0,12714.5
3815.56,100.0,28708.9,,,,,100.0,100.0,12714.5
3816.56,0.0,28708.9,,,,,0.0,0.0,12714.5
3817.56,0.0,28708.9,,,,,0.0,0.0,12714.5
3818.56,100.0,28608.6,,,,,100.0,100.0,12714.7
3819.56,0.0,28608.7,,,,,0.0,0.0,12698.2
3820.56,0.0,28744.9,,,,,0.0,0.0,12700.1
3821.56,0.0,28813.0,,,,,0.0,0.0,12697.9
3822.56,100.0,28881.0,,,,,100.0,100.0,12691.3
3823.56,0.0,28881.0,,,,,0.0,0.0,12710.3
3824.56,0.0,28881.0,,,,,0.0,0.0,12710.3
3825.56,100.0,28881.0,,,,,100.0,100.0,12710.2
3826.56,0.0,28881.0,,,,,0.0,0.0,12710.2
3827.56,100.0,28881.0,,,,,100.0,100.0,12710.7
3828.56,0.0,28881.0,,,,,0.0,0.0,12711.1
3829.56,0.0,28881.0,,,,,0.0,0.0,12711.1
3830.56,100.0,28913.0,,,,,100.0,100.0,12713.0
3831.56,0.0,28913.0,,,,,0.0,0.0,12713.0
3832.56,0.0,28913.0,,,,,0.0,0.0,12713.0
3833.56,100.0,28845.4,,,,,100.0,100.0,12714.8
3834.56,0.0,28845.4,,,,,0.0,0.0,12714.8
3835.56,0.0,28845.4,,,,,0.0,0.0,12714.8
3836.56,100.0,28777.1,,,,,100.0,100.0,12715.0
3837.56,0.0,28777.1,,,,,0.0,0.0,12715.0
3838.56,0.0,28777.1,,,,,0.0,0.0,12715.0
3839.56,100.0,28708.9,,,,,100.0,100.0,12715.0
3840.56,0.0,28708.9,,,,,0.0,0.0,12715.0
3841.56,100.0,28608.6,,,,,100.0,100.0,12688.3
3842.56,0.0,28608.7,,,,,0.0,0.0,12696.1
3843.56,0.0,28744.9,,,,,0.0,0.0,12709.9
3844.56,0.0,28813.0,,,,,0.0,0.0,12696.0
3845.56,100.0,28813.0,,,,,100.0,100.0,12706.2
3846.56,0.0,28881.0,,,,,0.0,0.0,12710.4
3847.56,0.0,28881.0,,,,,0.0,0.0,12710.4
3848.56,100.0,28881.0,,,,,100.0,100.0,12710.4
3849.56,0.0,28881.0,,,,,0.0,0.0,12710.4
3850.56,100.0,28881.0,,,,,100.0,100.0,12710.7
3851.56,0.0,28881.0,,,,,0.0,0.0,12711.1
3852.56,0.0,28881.0,,,,,0.0,0.0,12711.1
3853.56,100.0,28913.0,,,,,100.0,100.0,12713.0
3854.56,0.0,28913.0,,,,,0.0,0.0,12713.0
3855.56,0.0,28913.0,,,,,0.0,0.0,12713.0
3856.56,100.0,28845.4,,,,,100.0,100.0,12714.8
3857.56,0.0,28845.4,,,,,0.0,0.0,12714.8
3858.56,0.0,28845.4,,,,,0.0,0.0,12714.8
3859.56,100.0,28777.1,,,,,100.0,100.0,12715.0
3860.56,0.0,28777.1,,,,,0.0,0.0,12715.0
3861.56,0.0,28777.1,,,,,0.0,0.0,12715.0
3862.56,100.0,28708.9,,,,,100.0,100.0,12715.0
3863.56,0.0,28708.9,,,,,0.0,0.0,12715.0
3864.56,100.0,28608.6,,,,,100.0,100.0,12715.1
3865.56,0.0,28608.7,,,,,0.0,0.0,12696.1
3866.56,0.0,28744.9,,,,,0.0,0.0,12710.0
3867.56,0.0,28813.0,,,,,0.0,0.0,12698.3
3868.56,100.0,28847.0,,,,,100.0,100.0,12708.2
3869.56,0.0,28881.0,,,,,0.0,0.0,12710.5
3870.56,0.0,28881.0,,,,,0.0,0.0,12710.5
3871.57,100.0,28881.0,,,,,100.0,100.0,12710.7
3872.57,0.0,28881.0,,,,,0.0,0.0,12710.7
3873.57,100.0,28881.0,,,,,100.0,100.0,12711.1
3874.57,0.0,28881.0,,,,,0.0,0.0,12711.6
3875.57,0.0,28881.0,,,,,0.0,0.0,12711.6
3876.57,100.0,28913.0,,,,,100.0,100.0,12713.4
3877.57,0.0,28913.0,,,,,0.0,0.0,12713.4
3878.57,0.0,28913.0,,,,,0.0,0.0,12713.4
3879.57,100.0,28845.4,,,,,100.0,100.0,12715.3
3880.57,0.0,28845.4,,,,,0.0,0.0,12715.3
3881.57,0.0,28845.4,,,,,0.0,0.0,12715.3
3882.57,100.0,28777.1,,,,,100.0,100.0,12715.5
3883.57,0.0,28777.1,,,,,0.0,0.0,12715.5
3884.57,0.0,28777.1,,,,,0.0,0.0,12715.5
3885.57,100.0,28708.9,,,,,100.0,100.0,12715.5
3886.57,0.0,28708.9,,,,,0.0,0.0,12715.5
3887.57,100.0,28608.6,,,,,100.0,100.0,12715.6
3888.57,0.0,28608.7,,,,,0.0,0.0,12695.8
3889.57,0.0,28676.8,,,,,0.0,0.0,12708.1
3890.57,0.0,28813.0,,,,,0.0,0.0,12711.2
3891.57,100.0,28813.0,,,,,100.0,100.0,12706.5
3892.57,0.0,28881.0,,,,,0.0,0.0,12711.0
3893.57,0.0,28881.0,,,,,0.0,0.0,12711.0
3894.57,100.0,28881.0,,,,,100.0,100.0,12711.1
3895.57,0.0,28881.0,,,,,0.0,0.0,12711.1
3896.57,0.0,28881.0,,,,,0.0,0.0,12711.1
3897.57,100.0,28881.0,,,,,100.0,100.0,12711.8
3898.57,0.0,28881.0,,,,,0.0,0.0,12711.8
3899.57,100.0,28913.0,,,,,100.0,100.0,12713.7
3900.57,0.0,28913.0,,,,,0.0,0.0,12713.7
3901.57,0.0,28913.0,,,,,0.0,0.0,12713.7
3902.57,100.0,28845.4,,,,,100.0,100.0,12715.6
3903.57,0.0,28845.4,,,,,0.0,0.0,12715.6
3904.57,0.0,28845.4,,,,,0.0,0.0,12715.6
3905.57,100.0,28777.1,,,,,100.0,100.0,12715.7
3906.57,0.0,28777.1,,,,,0.0,0.0,12715.7
3907.57,0.0,28777.1,,,,,0.0,0.0,12715.7
3908.57,100.0,28708.9,,,,,100.0,100.0,12715.7
3909.57,0.0,28708.9,,,,,0.0,0.0,12715.7
3910.57,0.0,28708.9,,,,,0.0,0.0,12715.7
3911.57,100.0,28608.7,,,,,100.0,100.0,12709.8
3912.57,0.0,28676.8,,,,,0.0,0.0,12701.4
3913.57,0.0,28813.0,,,,,0.0,0.0,12702.1
3914.57,100.0,28813.0,,,,,100.0,100.0,12711.4
3915.57,0.0,28881.0,,,,,0.0,0.0,12711.2
3916.57,0.0,28881.0,,,,,0.0,0.0,12711.2
3917.57,100.0,28881.0,,,,,100.0,100.0,12709.3
3918.57,0.0,28881.0,,,,,0.0,0.0,12711.3
3919.57,0.0,28881.0,,,,,0.0,0.0,12711.3
3920.57,100.0,28881.0,,,,,100.0,100.0,12712.0
3921.57,0.0,28881.0,,,,,0.0,0.0,12712.0
3922.57,100.0,28913.0,,,,,100.0,100.0,12713.9
3923.57,0.0,28913.0,,,,,0.0,0.0,12713.9
3924.57,0.0,28913.0,,,,,0.0,0.0,12713.9
3925.57,100.0,28845.4,,,,,100.0,100.0,12715.7
3926.57,0.0,28845.4,,,,,0.0,0.0,12715.7
3927.57,0.0,28845.4,,,,,0.0,0.0,12715.7
3928.57,100.0,28777.1,,,,,100.0,100.0,12715.9
3929.57,0.0,28777.1,,,,,0.0,0.0,12715.9
3930.57,0.0,28777.1,,,,,0.0,0.0,12715.9
3931.57,100.0,28708.9,,,,,100.0,100.0,12715.9
3932.57,0.0,28708.9,,,,,0.0,0.0,12715.9
3933.57,0.0,28708.9,,,,,0.0,0.0,12715.9
3934.57,100.0,28608.7,,,,,100.0,100.0,12693.9
3935.57,0.0,28676.8,,,,,0.0,0.0,12700.3
3936.57,0.0,28813.0,,,,,0.0,0.0,12691.9
3937.57,100.0,28813.0,,,,,100.0,100.0,12698.7
3938.57,0.0,28881.0,,,,,0.0,0.0,12711.3
3939.57,0.0,28881.0,,,,,0.0,0.0,12711.3
3940.57,100.0,28881.0,,,,,100.0,100.0,12707.3
3941.57,0.0,28881.0,,,,,0.0,0.0,12711.4
3942.58,0.0,28881.0,,,,,0.0,0.0,12711.4
3943.58,100.0,28881.0,,,,,100.0,100.0,12712.1
3944.58,0.0,28881.0,,,,,0.0,0.0,12712.1
3945.58,100.0,28913.0,,,,,100.0,100.0,12713.9
3946.58,0.0,28913.0,,,,,0.0,0.0,12713.9
3947.58,0.0,28913.0,,,,,0.0,0.0,12713.9
3948.58,100.0,28845.4,,,,,100.0,100.0,12715.9
3949.58,0.0,28845.4,,,,,0.0,0.0,12715.9
3950.58,0.0,28845.4,,,,,0.0,0.0,12715.9
3951.58,100.0,28777.1,,,,,100.0,100.0,12716.1
3952.58,0.0,28777.1,,,,,0.0,0.0,12716.1
3953.58,0.0,28777.1,,,,,0.0,0.0,12716.1
3954.58,100.0,28708.9,,,,,100.0,100.0,12716.1
3955.58,0.0,28708.9,,,,,0.0,0.0,12716.1
3956.58,0.0,28708.9,,,,,0.0,0.0,12716.1
3957.58,100.0,28608.7,,,,,100.0,100.0,12710.1
3958.58,0.0,28676.8,,,,,0.0,0.0,12696.6
3959.58,0.0,28813.0,,,,,0.0,0.0,12711.6
3960.58,100.0,28813.0,,,,,100.0,100.0,12698.0
3961.58,0.0,28881.0,,,,,0.0,0.0,12707.8
3962.58,0.0,28881.0,,,,,0.0,0.0,12711.5
3963.58,100.0,28881.0,,,,,100.0,100.0,12704.7
3964.58,0.0,28881.0,,,,,0.0,0.0,12711.3
3965.58,0.0,28881.0,,,,,0.0,0.0,12711.3
3966.58,100.0,28881.0,,,,,100.0,100.0,12712.2
3967.58,0.0,28881.0,,,,,0.0,0.0,12712.2
3968.58,0.0,28881.0,,,,,0.0,0.0,12712.2
3969.58,100.0,28913.0,,,,,100.0,100.0,12714.2
3970.58,0.0,28913.0,,,,,0.0,0.0,12714.2
3971.58,100.0,28845.4,,,,,100.0,100.0,12715.9
3972.58,0.0,28845.4,,,,,0.0,0.0,12715.9
3973.58,0.0,28845.4,,,,,0.0,0.0,12715.9
3974.58,100.0,28777.1,,,,,100.0,100.0,12716.1
3975.58,0.0,28777.1,,,,,0.0,0.0,12716.1
3976.58,0.0,28777.1,,,,,0.0,0.0,12716.1
3977.58,100.0,28708.9,,,,,100.0,100.0,12716.1
3978.58,0.0,28708.9,,,,,0.0,0.0,12716.1
3979.58,0.0,28708.9,,,,,0.0,0.0,12716.1
3980.58,100.0,28608.7,,,,,100.0,100.0,12710.3
3981.58,0.0,28676.8,,,,,0.0,0.0,12698.1
3982.58,0.0,28813.0,,,,,0.0,0.0,12711.8
3983.58,100.0,28813.0,,,,,100.0,100.0,12705.2
3984.58,0.0,28881.0,,,,,0.0,0.0,12708.4
3985.58,0.0,28881.0,,,,,0.0,0.0,12711.6
3986.58,100.0,28881.0,,,,,100.0,100.0,12701.5
3987.58,0.0,28881.0,,,,,0.0,0.0,12711.8
3988.58,0.0,28881.0,,,,,0.0,0.0,12711.8
3989.58,100.0,28881.0,,,,,100.0,100.0,12712.6
3990.58,0.0,28881.0,,,,,0.0,0.0,12712.6
3991.58,0.0,28881.0,,,,,0.0,0.0,12712.6
3992.58,100.0,28913.0,,,,,100.0,100.0,12714.4
3993.58,0.0,28913.0,,,,,0.0,0.0,12714.4
3994.58,100.0,28845.4,,,,,100.0,100.0,12716.4
3995.58,0.0,28845.4,,,,,0.0,0.0,12716.4
3996.58,0.0,28845.4,,,,,0.0,0.0,12716.4
3997.58,100.0,28777.1,,,,,100.0,100.0,12716.6
3998.58,0.0,28777.1,,,,,0.0,0.0,12716.6
3999.58,0.0,28777.1,,,,,0.0,0.0,12716.6
4000.58,100.0,28708.9,,,,,100.0,100.0,12716.6
4001.58,0.0,28708.9,,,,,0.0,0.0,12716.6
4002.58,0.0,28708.9,,,,,0.0,0.0,12716.6
4003.58,100.0,28608.7,,,,,100.0,100.0,12710.5
4004.58,0.0,28676.8,,,,,0.0,0.0,12697.0
4005.58,0.0,28813.0,,,,,0.0,0.0,12711.9
4006.58,100.0,28813.0,,,,,100.0,100.0,12696.6
4007.58,0.0,28881.0,,,,,0.0,0.0,12707.8
4008.58,0.0,28881.0,,,,,0.0,0.0,12711.8
4009.58,100.0,28881.0,,,,,100.0,100.0,12699.8
4010.58,0.0,28881.0,,,,,0.0,0.0,12712.1
4011.59,0.0,28881.0,,,,,0.0,0.0,12712.1
4012.59,100.0,28881.0,,,,,100.0,100.0,12712.9
4013.59,0.0,28881.0,,,,,0.0,0.0,12712.9
4014.59,0.0,28881.0,,,,,0.0,0.0,12712.9
4015.59,100.0,28913.0,,,,,100.0,100.0,12714.8
4016.59,0.0,28913.0,,,,,0.0,0.0,12714.8
4017.59,100.0,28845.4,,,,,100.0,100.0,12716.7
4018.59,0.0,28845.4,,,,,0.0,0.0,12716.7
4019.59,0.0,28845.4,,,,,0.0,0.0,12716.7
4020.59,100.0,28777.1,,,,,100.0,100.0,12716.8
4021.59,0.0,28777.1,,,,,0.0,0.0,12716.8
4022.59,0.0,28777.1,,,,,0.0,0.0,12716.8
4023.59,100.0,28708.9,,,,,100.0,100.0,12716.8
4024.59,0.0,28708.9,,,,,0.0,0.0,12716.8
4025.59,0.0,28708.9,,,,,0.0,0.0,12716.8
4026.59,100.0,28608.7,,,,,100.0,100.0,12710.7
4027.59,0.0,28676.8,,,,,0.0,0.0,12696.2
4028.59,0.0,28744.9,,,,,0.0,0.0,12707.3
4029.59,100.0,28813.0,,,,,100.0,100.0,12695.0
4030.59,0.0,28881.0,,,,,0.0,0.0,12703.7
4031.59,0.0,28881.0,,,,,0.0,0.0,12712.1
4032.59,100.0,28881.0,,,,,100.0,100.0,12700.3
4033.59,0.0,28881.0,,,,,0.0,0.0,12712.1
4034.59,0.0,28881.0,,,,,0.0,0.0,12712.1
4035.59,100.0,28881.0,,,,,100.0,100.0,12712.9
4036.59,0.0,28881.0,,,,,0.0,0.0,12712.9
4037.59,0.0,28881.0,,,,,0.0,0.0,12712.9
4038.59,100.0,28913.0,,,,,100.0,100.0,12714.8
4039.59,0.0,28913.0,,,,,0.0,0.0,12714.8
4040.59,100.0,28845.0,,,,,100.0,100.0,12716.8
4041.59,0.0,28845.4,,,,,0.0,0.0,12716.9
4042.59,0.0,28845.4,,,,,0.0,0.0,12716.9
4043.59,100.0,28777.1,,,,,100.0,100.0,12717.1
4044.59,0.0,28777.1,,,,,0.0,0.0,12717.1
4045.59,0.0,28777.1,,,,,0.0,0.0,12717.1
4046.59,100.0,28708.9,,,,,100.0,100.0,12717.1
4047.59,0.0,28708.9,,,,,0.0,0.0,12717.1
4048.59,0.0,28708.9,,,,,0.0,0.0,12717.1
4049.59,100.0,28574.7,,,,,100.0,100.0,12709.0
4050.59,0.0,28676.8,,,,,0.0,0.0,12696.5
4051.59,0.0,28744.9,,,,,0.0,0.0,12703.9
4052.59,100.0,28813.0,,,,,100.0,100.0,12712.9
4053.59,0.0,28881.0,,,,,0.0,0.0,12702.9
4054.59,0.0,28881.0,,,,,0.0,0.0,12712.3
4055.59,100.0,28881.0,,,,,100.0,100.0,12713.1
4056.59,0.0,28881.0,,,,,0.0,0.0,12712.7
4057.59,0.0,28881.0,,,,,0.0,0.0,12712.7
4058.59,100.0,28881.0,,,,,100.0,100.0,12713.5
4059.59,0.0,28881.0,,,,,0.0,0.0,12713.5
4060.59,0.0,28881.0,,,,,0.0,0.0,12713.5
4061.59,100.0,28913.0,,,,,100.0,100.0,12715.3
4062.59,0.0,28913.0,,,,,0.0,0.0,12715.3
4063.59,0.0,28913.0,,,,,0.0,0.0,12715.3
4064.59,100.0,28845.4,,,,,100.0,100.0,12717.1
4065.59,0.0,28845.4,,,,,0.0,0.0,12717.1
4066.59,100.0,28777.1,,,,,100.0,100.0,12717.3
4067.59,0.0,28777.1,,,,,0.0,0.0,12717.3
4068.59,0.0,28777.1,,,,,0.0,0.0,12717.3
4069.59,100.0,28708.9,,,,,100.0,100.0,12717.3
4070.59,0.0,28708.9,,,,,0.0,0.0,12717.3
4071.59,0.0,28708.9,,,,,0.0,0.0,12717.3
4072.59,100.0,28608.6,,,,,100.0,100.0,12703.2
4073.59,0.0,28676.8,,,,,0.0,0.0,12711.3
4074.59,0.0,28744.9,,,,,0.0,0.0,12702.5
4075.59,100.0,28813.0,,,,,100.0,100.0,12713.3
4076.59,0.0,28881.0,,,,,0.0,0.0,12707.4
4077.59,0.0,28881.0,,,,,0.0,0.0,12712.8
4078.6,100.0,28881.0,,,,,100.0,100.0,12697.4
4079.6,0.0,28881.0,,,,,0.0,0.0,12712.8
4080.6,0.0,28881.0,,,,,0.0,0.0,12712.8
4081.6,100.0,28881.0,,,,,100.0,100.0,12713.7
4082.6,0.0,28881.0,,,,,0.0,0.0,12713.7
4083.6,0.0,28881.0,,,,,0.0,0.0,12713.7
4084.6,100.0,28913.0,,,,,100.0,100.0,12715.6
4085.6,0.0,28913.0,,,,,0.0,0.0,12715.6
4086.6,0.0,28913.0,,,,,0.0,0.0,12715.6
4087.6,100.0,28845.4,,,,,100.0,100.0,12717.5
4088.6,0.0,28845.4,,,,,0.0,0.0,12717.5
4089.6,100.0,28777.1,,,,,100.0,100.0,12717.6
4090.6,0.0,28777.1,,,,,0.0,0.0,12717.6
4091.6,0.0,28777.1,,,,,0.0,0.0,12717.6
4092.6,100.0,28708.9,,,,,100.0,100.0,12717.6
4093.6,0.0,28708.9,,,,,0.0,0.0,12717.6
4094.6,0.0,28708.9,,,,,0.0,0.0,12717.6
4095.6,100.0,28608.6,,,,,100.0,100.0,12700.9
4096.6,0.0,28676.8,,,,,0.0,0.0,12692.4
4097.6,0.0,28744.9,,,,,0.0,0.0,12700.5
4098.6,100.0,28813.0,,,,,100.0,100.0,12693.2
4099.6,0.0,28881.0,,,,,0.0,0.0,12706.6
4100.6,0.0,28881.0,,,,,0.0,0.0,12712.3
4101.6,100.0,28881.0,,,,,100.0,100.0,12696.3
4102.6,0.0,28881.0,,,,,0.0,0.0,12710.8
4103.6,0.0,28881.0,,,,,0.0,0.0,12710.8
4104.6,100.0,28881.0,,,,,100.0,100.0,12711.6
4105.6,0.0,28881.0,,,,,0.0,0.0,12711.6
4106.6,0.0,28881.0,,,,,0.0,0.0,12711.6
4107.6,100.0,28913.0,,,,,100.0,100.0,12713.5
4108.6,0.0,28913.0,,,,,0.0,0.0,12713.5
4109.6,0.0,28913.0,,,,,0.0,0.0,12713.5
4110.6,100.0,28845.4,,,,,100.0,100.0,12715.4
4111.6,0.0,28845.4,,,,,0.0,0.0,12715.4
4112.6,100.0,28777.1,,,,,100.0,100.0,12715.6
4113.6,0.0,28777.1,,,,,0.0,0.0,12715.6
4114.6,0.0,28777.1,,,,,0.0,0.0,12715.6
4115.6,100.0,28708.9,,,,,100.0,100.0,12715.6
4116.6,0.0,28708.9,,,,,0.0,0.0,12715.6
4117.6,0.0,28708.9,,,,,0.0,0.0,12715.6
4118.6,100.0,28608.6,,,,,100.0,100.0,12697.2
4119.6,0.0,28676.8,,,,,0.0,0.0,12709.5
4120.6,0.0,28744.9,,,,,0.0,0.0,12698.2
4121.6,100.0,28779.0,,,,,100.0,100.0,12711.0
4122.6,0.0,28881.0,,,,,0.0,0.0,12699.3
4123.6,0.0,28881.0,,,,,0.0,0.0,12711.6
4124.6,100.0,28881.0,,,,,100.0,100.0,12712.3
4125.6,0.0,28881.0,,,,,0.0,0.0,12711.6
4126.6,0.0,28881.0,,,,,0.0,0.0,12711.6
4127.6,100.0,28881.0,,,,,100.0,100.0,12712.3
4128.6,0.0,28881.0,,,,,0.0,0.0,12712.3
4129.6,0.0,28881.0,,,,,0.0,0.0,12712.3
4130.6,100.0,28913.0,,,,,100.0,100.0,12714.2
4131.6,0.0,28913.0,,,,,0.0,0.0,12714.2
4132.6,0.0,28913.0,,,,,0.0,0.0,12714.2
4133.6,100.0,28845.4,,,,,100.0,100.0,12716.1
4134.6,0.0,28845.4,,,,,0.0,0.0,12716.1
4135.6,100.0,28777.1,,,,,100.0,100.0,12716.3
4136.6,0.0,28777.1,,,,,0.0,0.0,12716.3
4137.6,0.0,28777.1,,,,,0.0,0.0,12716.3
4138.6,100.0,28708.9,,,,,100.0,100.0,12716.3
4139.6,0.0,28708.9,,,,,0.0,0.0,12716.3
4140.6,0.0,28708.9,,,,,0.0,0.0,12716.3
4141.6,100.0,28608.6,,,,,100.0,100.0,12698.9
4142.6,0.0,28676.8,,,,,0.0,0.0,12710.2
4143.6,0.0,28744.9,,,,,0.0,0.0,12699.0
4144.6,0.0,28847.0,,,,,0.0,0.0,12707.4
4145.6,100.0,28881.0,,,,,100.0,100.0,12712.5
4146.6,0.0,28881.0,,,,,0.0,0.0,12712.1
4147.61,100.0,28881.0,,,,,100.0,100.0,12712.6
4148.61,0.0,28881.0,,,,,0.0,0.0,12712.0
4149.61,0.0,28881.0,,,,,0.0,0.0,12712.0
4150.61,100.0,28881.0,,,,,100.0,100.0,12712.6
4151.61,0.0,28881.0,,,,,0.0,0.0,12712.6
4152.61,0.0,28881.0,,,,,0.0,0.0,12712.6
4153.61,100.0,28913.0,,,,,100.0,100.0,12714.5
4154.61,0.0,28913.0,,,,,0.0,0.0,12714.5
4155.61,0.0,28913.0,,,,,0.0,0.0,12714.5
4156.61,100.0,28845.4,,,,,100.0,100.0,12716.4
4157.61,0.0,28845.4,,,,,0.0,0.0,12716.4
4158.61,0.0,28845.4,,,,,0.0,0.0,12716.4
4159.61,100.0,28777.1,,,,,100.0,100.0,12716.6
4160.61,0.0,28777.1,,,,,0.0,0.0,12716.6
4161.61,100.0,28708.9,,,,,100.0,100.0,12716.6
4162.61,0.0,28708.9,,,,,0.0,0.0,12716.6
4163.61,0.0,28708.9,,,,,0.0,0.0,12716.6
4164.61,100.0,28608.6,,,,,100.0,100.0,12697.9
4165.61,0.0,28676.8,,,,,0.0,0.0,12710.7
4166.61,0.0,28744.9,,,,,0.0,0.0,12711.6
4167.61,0.0,28813.0,,,,,0.0,0.0,12705.7
4168.61,100.0,28881.0,,,,,100.0,100.0,12705.9
4169.61,0.0,28881.0,,,,,0.0,0.0,12712.2
4170.61,100.0,28881.0,,,,,100.0,100.0,12693.9
4171.61,0.0,28881.0,,,,,0.0,0.0,12712.3
4172.61,0.0,28881.0,,,,,0.0,0.0,12712.3
4173.61,100.0,28881.0,,,,,100.0,100.0,12713.1
4174.61,0.0,28881.0,,,,,0.0,0.0,12713.1
4175.61,0.0,28881.0,,,,,0.0,0.0,12713.1
4176.61,100.0,28913.0,,,,,100.0,100.0,12715.0
4177.61,0.0,28913.0,,,,,0.0,0.0,12715.0
4178.61,0.0,28913.0,,,,,0.0,0.0,12715.0
4179.61,100.0,28845.4,,,,,100.0,100.0,12716.9
4180.61,0.0,28845.4,,,,,0.0,0.0,12716.9
4181.61,0.0,28845.4,,,,,0.0,0.0,12716.9
4182.61,100.0,28777.1,,,,,100.0,100.0,12717.1
4183.61,0.0,28777.1,,,,,0.0,0.0,12717.1
4184.61,100.0,28708.9,,,,,100.0,100.0,12717.1
4185.61,0.0,28708.9,,,,,0.0,0.0,12717.1
4186.61,0.0,28708.9,,,,,0.0,0.0,12717.1
4187.61,100.0,28608.6,,,,,100.0,100.0,12717.3
4188.61,0.0,28608.7,,,,,0.0,0.0,12709.1
4189.61,0.0,28744.9,,,,,0.0,0.0,12698.5
4190.61,0.0,28813.0,,,,,0.0,0.0,12704.2
4191.61,100.0,28881.0,,,,,100.0,100.0,12695.5
4192.61,0.0,28881.0,,,,,0.0,0.0,12712.5
4193.61,100.0,28881.0,,,,,100.0,100.0,12712.9
4194.61,0.0,28881.0,,,,,0.0,0.0,12712.8
4195.61,0.0,28881.0,,,,,0.0,0.0,12712.8
4196.61,100.0,28881.0,,,,,100.0,100.0,12713.5
4197.61,0.0,28881.0,,,,,0.0,0.0,12713.5
4198.61,0.0,28881.0,,,,,0.0,0.0,12713.5
4199.61,100.0,28913.0,,,,,100.0,100.0,12715.4
4200.61,0.0,28913.0,,,,,0.0,0.0,12715.4
4201.61,0.0,28913.0,,,,,0.0,0.0,12715.4
4202.61,100.0,28845.4,,,,,100.0,100.0,12717.2
4203.61,0.0,28845.4,,,,,0.0,0.0,12717.2
4204.61,0.0,28845.4,,,,,0.0,0.0,12717.2
4205.61,100.0,28777.1,,,,,100.0,100.0,12717.4
4206.61,0.0,28777.1,,,,,0.0,0.0,12717.4
4207.61,100.0,28708.9,,,,,100.0,100.0,12717.4
4208.61,0.0,28708.9,,,,,0.0,0.0,12717.4
4209.61,0.0,28708.9,,,,,0.0,0.0,12717.4
4210.61,100.0,28608.6,,,,,100.0,100.0,12696.7
4211.61,0.0,28608.7,,,,,0.0,0.0,12703.7
4212.61,0.0,28744.9,,,,,0.0,0.0,12694.8
4213.61,0.0,28813.0,,,,,0.0,0.0,12702.6
4214.62,100.0,28881.0,,,,,100.0,100.0,12713.2
4215.62,0.0,28881.0,,,,,0.0,0.0,12712.9
4216.62,0.0,28881.0,,,,,0.0,0.0,12712.9
4217.62,100.0,28881.0,,,,,100.0,100.0,12712.7
4218.62,0.0,28881.0,,,,,0.0,0.0,12712.7
4219.62,100.0,28881.0,,,,,100.0,100.0,12713.5
4220.62,0.0,28881.0,,,,,0.0,0.0,12713.5
4221.62,0.0,28881.0,,,,,0.0,0.0,12713.5
4222.62,100.0,28913.0,,,,,100.0,100.0,12715.4
4223.62,0.0,28913.0,,,,,0.0,0.0,12715.4
4224.62,0.0,28913.0,,,,,0.0,0.0,12715.4
4225.62,100.0,28845.4,,,,,100.0,100.0,12717.3
4226.62,0.0,28845.4,,,,,0.0,0.0,12717.3
4227.62,0.0,28845.4,,,,,0.0,0.0,12717.3
4228.62,100.0,28777.1,,,,,100.0,100.0,12717.4
4229.62,0.0,28777.1,,,,,0.0,0.0,12717.4
4230.62,0.0,28777.1,,,,,0.0,0.0,12717.4
4231.62,100.0,28708.9,,,,,100.0,100.0,12717.5
4232.62,0.0,28708.9,,,,,0.0,0.0,12717.5
4233.62,100.0,28608.6,,,,,100.0,100.0,12717.6
4234.62,0.0,28608.7,,,,,0.0,0.0,12702.6
4235.62,0.0,28744.9,,,,,0.0,0.0,12712.6
4236.62,0.0,28813.0,,,,,0.0,0.0,12703.4
4237.62,100.0,28847.0,,,,,100.0,100.0,12712.0
4238.62,0.0,28881.0,,,,,0.0,0.0,12713.5
4239.62,0.0,28881.0,,,,,0.0,0.0,12713.5
4240.62,100.0,28881.0,,,,,100.0,100.0,12713.3
4241.62,0.0,28881.0,,,,,0.0,0.0,12713.3
4242.62,100.0,28881.0,,,,,100.0,100.0,12713.7
4243.62,0.0,28881.0,,,,,0.0,0.0,12714.0
4244.62,0.0,28881.0,,,,,0.0,0.0,12714.0
4245.62,100.0,28913.0,,,,,100.0,100.0,12715.9
4246.62,0.0,28913.0,,,,,0.0,0.0,12715.9
4247.62,0.0,28913.0,,,,,0.0,0.0,12715.9
4248.62,100.0,28845.4,,,,,100.0,100.0,12717.8
4249.62,0.0,28845.4,,,,,0.0,0.0,12717.8
4250.62,0.0,28845.4,,,,,0.0,0.0,12717.8
4251.62,100.0,28777.1,,,,,100.0,100.0,12718.0
4252.62,0.0,28777.1,,,,,0.0,0.0,12718.0
4253.62,0.0,28777.1,,,,,0.0,0.0,12718.0
4254.62,100.0,28708.9,,,,,100.0,100.0,12718.0
4255.62,0.0,28708.9,,,,,0.0,0.0,12718.0
4256.62,100.0,28608.6,,,,,100.0,100.0,12718.1
4257.62,0.0,28608.7,,,,,0.0,0.0,12701.4
4258.62,0.0,28744.9,,,,,0.0,0.0,12712.7
4259.62,0.0,28813.0,,,,,0.0,0.0,12713.5
4260.62,100.0,28847.0,,,,,100.0,100.0,12711.8
4261.62,0.0,28881.0,,,,,0.0,0.0,12713.3
4262.62,0.0,28881.0,,,,,0.0,0.0,12713.3
4263.62,100.0,28881.0,,,,,100.0,100.0,12713.2
4264.62,0.0,28881.0,,,,,0.0,0.0,12713.2
4265.62,100.0,28881.0,,,,,100.0,100.0,12713.6
4266.62,0.0,28881.0,,,,,0.0,0.0,12714.0
4267.62,0.0,28881.0,,,,,0.0,0.0,12714.0
4268.62,100.0,28913.0,,,,,100.0,100.0,12715.9
4269.62,0.0,28913.0,,,,,0.0,0.0,12715.9
4270.62,0.0,28913.0,,,,,0.0,0.0,12715.9
4271.62,100.0,28845.4,,,,,100.0,100.0,12717.8
4272.62,0.0,28845.4,,,,,0.0,0.0,12717.8
4273.62,0.0,28845.4,,,,,0.0,0.0,12717.8
4274.62,100.0,28777.1,,,,,100.0,100.0,12718.0
4275.62,0.0,28777.1,,,,,0.0,0.0,12718.0
4276.62,0.0,28777.1,,,,,0.0,0.0,12718.0
4277.62,100.0,28708.9,,,,,100.0,100.0,12718.0
4278.62,0.0,28708.9,,,,,0.0,0.0,12718.0
4279.62,100.0,28608.6,,,,,100.0,100.0,12718.0
4280.62,0.0,28608.7,,,,,0.0,0.0,12699.7
4281.62,0.0,28744.9,,,,,0.0,0.0,12713.0
4282.62,0.0,28813.0,,,,,0.0,0.0,12701.1
4283.63,100.0,28847.0,,,,,100.0,100.0,12709.9
4284.63,0.0,28881.0,,,,,0.0,0.0,12713.7
4285.63,0.0,28881.0,,,,,0.0,0.0,12713.7
4286.63,100.0,28881.0,,,,,100.0,100.0,12714.0
4287.63,0.0,28881.0,,,,,0.0,0.0,12714.0
4288.63,100.0,28813.0,,,,,100.0,100.0,12714.2
4289.63,0.0,28881.0,,,,,0.0,0.0,12714.9
4290.63,0.0,28881.0,,,,,0.0,0.0,12714.9
4291.63,100.0,28913.0,,,,,100.0,100.0,12716.9
4292.63,0.0,28913.0,,,,,0.0,0.0,12716.9
4293.63,0.0,28913.0,,,,,0.0,0.0,12716.9
4294.63,100.0,28845.4,,,,,100.0,100.0,12718.6
4295.63,0.0,28845.4,,,,,0.0,0.0,12718.6
4296.63,0.0,28845.4,,,,,0.0,0.0,12718.6
4297.63,100.0,28777.1,,,,,100.0,100.0,12718.8
4298.63,0.0,28777.1,,,,,0.0,0.0,12718.8
4299.63,0.0,28777.1,,,,,0.0,0.0,12718.8
4300.63,100.0,28708.9,,,,,100.0,100.0,12718.8
4301.63,0.0,28708.9,,,,,0.0,0.0,12718.8
4302.63,100.0,28608.7,,,,,100.0,100.0,12718.9
4303.63,1.28,28608.7,,,,,1.27,1.28,12699.6
4304.63,0.0,28710.9,,,,,0.0,0.0,12712.1
4305.63,0.0,28813.0,,,,,0.0,0.0,12701.4
4306.63,100.0,28813.0,,,,,100.0,100.0,12706.2
4307.63,0.0,28881.0,,,,,0.0,0.0,12714.3
4308.63,0.0,28881.0,,,,,0.0,0.0,12714.3
4309.63,100.0,28881.0,,,,,100.0,100.0,12714.4
4310.63,0.0,28881.0,,,,,0.0,0.0,12714.4
4311.63,0.0,28881.0,,,,,0.0,0.0,12714.4
4312.63,100.0,28881.0,,,,,100.0,100.0,12715.1
4313.63,0.0,28881.0,,,,,0.0,0.0,12715.1
4314.63,100.0,28913.0,,,,,100.0,100.0,12717.0
4315.63,0.0,28913.0,,,,,0.0,0.0,12717.0
4316.63,0.0,28913.0,,,,,0.0,0.0,12717.0
4317.63,100.0,28845.4,,,,,100.0,100.0,12718.9
4318.63,0.0,28845.4,,,,,0.0,0.0,12718.9
4319.63,0.0,28845.4,,,,,0.0,0.0,12718.9
4320.63,100.0,28777.1,,,,,100.0,100.0,12719.1
4321.63,0.0,28777.1,,,,,0.0,0.0,12719.1
4322.63,0.0,28777.1,,,,,0.0,0.0,12719.1
4323.63,100.0,28708.9,,,,,100.0,100.0,12719.1
4324.63,0.0,28708.9,,,,,0.0,0.0,12719.1
4325.63,0.0,28708.9,,,,,0.0,0.0,12719.1
4326.63,100.0,28608.7,,,,,100.0,100.0,12699.7
4327.63,0.0,28676.8,,,,,0.0,0.0,12706.5
4328.63,0.0,28813.0,,,,,0.0,0.0,12714.7
4329.63,100.0,28813.0,,,,,100.0,100.0,12704.2
4330.63,0.0,28881.0,,,,,0.0,0.0,12713.5
4331.63,0.0,28881.0,,,,,0.0,0.0,12714.6
4332.63,100.0,28881.0,,,,,100.0,100.0,12713.5
4333.63,0.0,28881.0,,,,,0.0,0.0,12714.7
4334.63,0.0,28881.0,,,,,0.0,0.0,12714.7
4335.63,100.0,28881.0,,,,,100.0,100.0,12715.5
4336.63,0.0,28881.0,,,,,0.0,0.0,12715.5
4337.63,100.0,28913.0,,,,,100.0,100.0,12717.4
4338.63,0.0,28913.0,,,,,0.0,0.0,12717.4
4339.63,0.0,28913.0,,,,,0.0,0.0,12717.4
4340.63,100.0,28845.4,,,,,100.0,100.0,12719.1
4341.63,0.0,28845.4,,,,,0.0,0.0,12719.1
4342.63,0.0,28845.4,,,,,0.0,0.0,12719.1
4343.63,100.0,28777.1,,,,,100.0,100.0,12719.3
4344.63,0.0,28777.1,,,,,0.0,0.0,12719.3
4345.63,0.0,28777.1,,,,,0.0,0.0,12719.3
4346.63,100.0,28708.9,,,,,100.0,100.0,12719.3
4347.63,0.0,28708.9,,,,,0.0,0.0,12719.3
4348.63,0.0,28708.9,,,,,0.0,0.0,12719.3
4349.63,100.0,28608.7,,,,,100.0,100.0,12713.3
4350.63,0.0,28676.8,,,,,0.0,0.0,12705.8
4351.63,0.0,28813.0,,,,,0.0,0.0,12708.2
4352.63,100.0,28813.0,,,,,100.0,100.0,12704.6
4353.63,0.0,28881.0,,,,,0.0,0.0,12714.6
4354.64,0.0,28881.0,,,,,0.0,0.0,12714.6
4355.64,100.0,28881.0,,,,,100.0,100.0,12708.1
4356.64,0.0,28881.0,,,,,0.0,0.0,12714.9
4357.64,0.0,28881.0,,,,,0.0,0.0,12714.9
4358.64,100.0,28881.0,,,,,100.0,100.0,12715.5
4359.64,0.0,28881.0,,,,,0.0,0.0,12715.5
4360.64,100.0,28913.0,,,,,100.0,100.0,12717.5
4361.64,0.0,28913.0,,,,,0.0,0.0,12717.5
4362.64,0.0,28913.0,,,,,0.0,0.0,12717.5
4363.64,100.0,28845.4,,,,,100.0,100.0,12719.5
4364.64,0.0,28845.4,,,,,0.0,0.0,12719.5
4365.64,0.0,28845.4,,,,,0.0,0.0,12719.5
4366.64,100.0,28777.1,,,,,100.0,100.0,12719.7
4367.64,0.0,28777.1,,,,,0.0,0.0,12719.7
4368.64,0.0,28777.1,,,,,0.0,0.0,12719.7
4369.64,100.0,28708.9,,,,,100.0,100.0,12719.7
4370.64,0.0,28708.9,,,,,0.0,0.0,12719.7
4371.64,0.0,28708.9,,,,,0.0,0.0,12719.7
4372.64,100.0,28608.7,,,,,100.0,100.0,12695.3
4373.64,0.0,28676.8,,,,,0.0,0.0,12703.0
4374.64,0.0,28813.0,,,,,0.0,0.0,12706.6
4375.64,100.0,28813.0,,,,,100.0,100.0,12702.0
4376.64,0.0,28881.0,,,,,0.0,0.0,12711.2
4377.64,0.0,28881.0,,,,,0.0,0.0,12714.8
4378.64,100.0,28881.0,,,,,100.0,100.0,12706.7
4379.64,0.0,28881.0,,,,,0.0,0.0,12714.7
4380.64,0.0,28881.0,,,,,0.0,0.0,12714.7
4381.64,100.0,28881.0,,,,,100.0,100.0,12715.5
4382.64,0.0,28881.0,,,,,0.0,0.0,12715.5
4383.64,0.0,28881.0,,,,,0.0,0.0,12715.5
4384.64,100.0,28913.0,,,,,100.0,100.0,12717.4
4385.64,0.0,28913.0,,,,,0.0,0.0,12717.4
4386.64,100.0,28845.4,,,,,100.0,100.0,12719.3
4387.64,0.0,28845.4,,,,,0.0,0.0,12719.3
4388.64,0.0,28845.4,,,,,0.0,0.0,12719.3
4389.64,100.0,28777.1,,,,,100.0,100.0,12719.5
4390.64,0.0,28777.1,,,,,0.0,0.0,12719.5
4391.64,0.0,28777.1,,,,,0.0,0.0,12719.5
4392.64,100.0,28708.9,,,,,100.0,100.0,12719.5
4393.64,0.0,28708.9,,,,,0.0,0.0,12719.5
4394.64,0.0,28708.9,,,,,0.0,0.0,12719.5
4395.64,100.0,28608.7,,,,,100.0,100.0,12713.5
4396.64,0.0,28676.8,,,,,0.0,0.0,12701.5
4397.64,0.0,28813.0,,,,,0.0,0.0,12714.9
4398.64,100.0,28813.0,,,,,100.0,100.0,12702.6
4399.64,0.0,28881.0,,,,,0.0,0.0,12708.7
4400.64,0.0,28881.0,,,,,0.0,0.0,12715.0
4401.64,100.0,28881.0,,,,,100.0,100.0,12706.5
4402.64,0.0,28881.0,,,,,0.0,0.0,12715.4
4403.64,0.0,28881.0,,,,,0.0,0.0,12715.4
4404.64,100.0,28881.0,,,,,100.0,100.0,12716.1
4405.64,0.0,28881.0,,,,,0.0,0.0,12716.1
4406.64,0.0,28881.0,,,,,0.0,0.0,12716.1
4407.64,100.0,28913.0,,,,,100.0,100.0,12718.1
4408.64,0.0,28913.0,,,,,0.0,0.0,12718.1
4409.64,100.0,28845.4,,,,,100.0,100.0,12719.9
4410.64,0.0,28845.4,,,,,0.0,0.0,12719.9
4411.64,0.0,28845.4,,,,,0.0,0.0,12719.9
4412.64,100.0,28777.1,,,,,100.0,100.0,12720.1
4413.64,0.0,28777.1,,,,,0.0,0.0,12720.1
4414.64,0.0,28777.1,,,,,0.0,0.0,12720.1
4415.64,100.0,28708.9,,,,,100.0,100.0,12720.1
4416.64,0.0,28708.9,,,,,0.0,0.0,12720.1
4417.64,0.0,28708.9,,,,,0.0,0.0,12720.1
4418.64,100.0,28608.7,,,,,100.0,100.0,12714.0
4419.64,0.0,28676.8,,,,,0.0,0.0,12702.9
4420.64,0.0,28813.0,,,,,0.0,0.0,12714.9
4421.64,100.0,28813.0,,,,,100.0,100.0,12716.0
4422.64,0.0,28881.0,,,,,0.0,0.0,12712.3
4423.65,0.0,28881.0,,,,,0.0,0.0,12715.6
4424.65,100.0,28881.0,,,,,100.0,100.0,12706.3
4425.65,0.0,28881.0,,,,,0.0,0.0,12715.5
4426.65,0.0,28881.0,,,,,0.0,0.0,12715.5
4427.65,100.0,28881.0,,,,,100.0,100.0,12716.3
4428.65,0.0,28881.0,,,,,0.0,0.0,12716.3
4429.65,0.0,28881.0,,,,,0.0,0.0,12716.3
4430.65,100.0,28913.0,,,,,100.0,100.0,12718.2
4431.65,0.0,28913.0,,,,,0.0,0.0,12718.2
4432.65,100.0,28845.4,,,,,100.0,100.0,12720.1
4433.65,0.0,28845.4,,,,,0.0,0.0,12720.1
4434.65,0.0,28845.4,,,,,0.0,0.0,12720.1
4435.65,100.0,28777.1,,,,,100.0,100.0,12720.2
4436.65,0.0,28777.1,,,,,0.0,0.0,12720.2
4437.65,0.0,28777.1,,,,,0.0,0.0,12720.2
4438.65,100.0,28708.9,,,,,100.0,100.0,12720.2
4439.65,0.0,28708.9,,,,,0.0,0.0,12720.2
4440.65,0.0,28708.9,,,,,0.0,0.0,12720.2
4441.65,100.0,28608.7,,,,,100.0,100.0,12714.0
4442.65,0.0,28676.8,,,,,0.0,0.0,12714.3
4443.65,0.0,28779.0,,,,,0.0,0.0,12712.4
4444.65,100.0,28813.0,,,,,100.0,100.0,12708.9
4445.65,0.0,28881.0,,,,,0.0,0.0,12711.1
4446.65,0.0,28881.0,,,,,0.0,0.0,12715.5
4447.65,100.0,28881.0,,,,,100.0,100.0,12703.6
4448.65,0.0,28881.0,,,,,0.0,0.0,12715.6
4449.65,0.0,28881.0,,,,,0.0,0.0,12715.6
4450.65,100.0,28881.0,,,,,100.0,100.0,12716.4
4451.65,0.0,28881.0,,,,,0.0,0.0,12716.4
4452.65,0.0,28881.0,,,,,0.0,0.0,12716.4
4453.65,100.0,28913.0,,,,,100.0,100.0,12718.2
4454.65,0.0,28913.0,,,,,0.0,0.0,12718.2
4455.65,100.0,28845.0,,,,,100.0,100.0,12720.0
4456.65,0.0,28845.4,,,,,0.0,0.0,12720.4
4457.65,0.0,28845.4,,,,,0.0,0.0,12720.4
4458.65,100.0,28777.1,,,,,100.0,100.0,12720.5
4459.65,0.0,28777.1,,,,,0.0,0.0,12720.5
4460.65,0.0,28777.1,,,,,0.0,0.0,12720.5
4461.65,100.0,28708.9,,,,,100.0,100.0,12720.5
4462.65,0.0,28708.9,,,,,0.0,0.0,12720.5
4463.65,0.0,28708.9,,,,,0.0,0.0,12720.5
4464.65,100.0,28574.6,,,,,100.0,100.0,12710.4
4465.65,0.0,28676.8,,,,,0.0,0.0,12707.9
4466.65,0.0,28744.9,,,,,0.0,0.0,12708.5
4467.65,100.0,28813.0,,,,,100.0,100.0,12710.1
4468.65,0.0,28881.0,,,,,0.0,0.0,12713.2
4469.65,0.0,28881.0,,,,,0.0,0.0,12715.9
4470.65,100.0,28881.0,,,,,100.0,100.0,12704.5
4471.65,0.0,28881.0,,,,,0.0,0.0,12716.1
4472.65,0.0,28881.0,,,,,0.0,0.0,12716.1
4473.65,100.0,28881.0,,,,,100.0,100.0,12716.9
4474.65,0.0,28881.0,,,,,0.0,0.0,12716.9
4475.65,0.0,28881.0,,,,,0.0,0.0,12716.9
4476.65,100.0,28913.0,,,,,100.0,100.0,12718.7
4477.65,0.0,28913.0,,,,,0.0,0.0,12718.7
4478.65,0.0,28913.0,,,,,0.0,0.0,12718.7
4479.65,100.0,28845.4,,,,,100.0,100.0,12720.6
4480.65,0.0,28845.4,,,,,0.0,0.0,12720.6
4481.65,100.0,28777.1,,,,,100.0,100.0,12720.8
4482.65,0.0,28777.1,,,,,0.0,0.0,12720.8
4483.65,0.0,28777.1,,,,,0.0,0.0,12720.8
4484.65,100.0,28708.9,,,,,100.0,100.0,12720.8
4485.65,0.0,28708.9,,,,,0.0,0.0,12720.8
4486.65,0.0,28708.9,,,,,0.0,0.0,12720.8
4487.65,100.0,28608.6,,,,,100.0,100.0,12705.8
4488.65,0.0,28676.8,,,,,0.0,0.0,12699.3
4489.65,0.0,28744.9,,,,,0.0,0.0,12705.5
4490.65,100.0,28813.0,,,,,100.0,100.0,12716.5
4491.66,0.0,28881.0,,,,,0.0,0.0,12706.5
4492.66,0.0,28881.0,,,,,0.0,0.0,12716.0
4493.66,100.0,28881.0,,,,,100.0,100.0,12716.6
4494.66,0.0,28881.0,,,,,0.0,0.0,12716.1
4495.66,0.0,28881.0,,,,,0.0,0.0,12716.1
4496.66,100.0,28881.0,,,,,100.0,100.0,12716.9
4497.66,0.0,28881.0,,,,,0.0,0.0,12716.9
4498.66,0.0,28881.0,,,,,0.0,0.0,12716.9
4499.66,100.0,28913.0,,,,,100.0,100.0,12718.8
4500.66,0.0,28913.0,,,,,0.0,0.0,12718.8
4501.66,0.0,28913.0,,,,,0.0,0.0,12718.8
4502.66,100.0,28845.4,,,,,100.0,100.0,12720.8
4503.66,0.0,28845.4,,,,,0.0,0.0,12720.8
4504.66,100.0,28777.1,,,,,100.0,100.0,12721.0
4505.66,0.0,28777.1,,,,,0.0,0.0,12721.0
4506.66,0.0,28777.1,,,,,0.0,0.0,12721.0
4507.66,100.0,28708.9,,,,,100.0,100.0,12721.0
4508.66,0.0,28708.9,,,,,0.0,0.0,12721.0
4509.66,0.0,28708.9,,,,,0.0,0.0,12721.0
4510.66,100.0,28608.6,,,,,100.0,100.0,12703.7
4511.66,0.0,28676.8,,,,,0.0,0.0,12715.0
4512.66,0.0,28744.9,,,,,0.0,0.0,12705.3
4513.66,100.0,28813.0,,,,,100.0,100.0,12717.0
4514.66,0.0,28881.0,,,,,0.0,0.0,12705.0
4515.66,0.0,28881.0,,,,,0.0,0.0,12716.8
4516.66,100.0,28881.0,,,,,100.0,100.0,12717.3
4517.66,0.0,28881.0,,,,,0.0,0.0,12716.3
4518.66,0.0,28881.0,,,,,0.0,0.0,12716.3
4519.66,100.0,28881.0,,,,,100.0,100.0,12717.2
4520.66,0.0,28881.0,,,,,0.0,0.0,12717.2
4521.66,0.0,28881.0,,,,,0.0,0.0,12717.2
4522.66,100.0,28913.0,,,,,100.0,100.0,12719.1
4523.66,0.0,28913.0,,,,,0.0,0.0,12719.1
4524.66,0.0,28913.0,,,,,0.0,0.0,12719.1
4525.66,100.0,28845.4,,,,,100.0,100.0,12720.8
4526.66,0.0,28845.4,,,,,0.0,0.0,12720.8
4527.66,100.0,28777.1,,,,,100.0,100.0,12721.0
4528.66,0.0,28777.1,,,,,0.0,0.0,12721.0
4529.66,0.0,28777.1,,,,,0.0,0.0,12721.0
4530.66,100.0,28708.9,,,,,100.0,100.0,12721.0
4531.66,0.0,28708.9,,,,,0.0,0.0,12721.0
4532.66,0.0,28708.9,,,,,0.0,0.0,12721.0
4533.66,100.0,28608.6,,,,,100.0,100.0,12703.6
4534.66,0.0,28676.8,,,,,0.0,0.0,12715.1
4535.66,0.0,28744.9,,,,,0.0,0.0,12710.4
4536.66,0.0,28847.0,,,,,0.0,0.0,12705.4
4537.66,100.0,28881.0,,,,,100.0,100.0,12711.3
4538.66,0.0,28881.0,,,,,0.0,0.0,12716.6
4539.66,100.0,28881.0,,,,,100.0,100.0,12699.2
4540.66,0.0,28881.0,,,,,0.0,0.0,12716.4
4541.66,0.0,28881.0,,,,,0.0,0.0,12716.4
4542.66,100.0,28881.0,,,,,100.0,100.0,12717.2
4543.66,0.0,28881.0,,,,,0.0,0.0,12717.2
4544.66,0.0,28881.0,,,,,0.0,0.0,12717.2
4545.66,100.0,28913.0,,,,,100.0,100.0,12719.0
4546.66,0.0,28913.0,,,,,0.0,0.0,12719.0
4547.66,0.0,28913.0,,,,,0.0,0.0,12719.0
4548.66,100.0,28845.4,,,,,100.0,100.0,12721.0
4549.66,0.0,28845.4,,,,,0.0,0.0,12721.0
4550.66,0.0,28845.4,,,,,0.0,0.0,12721.0
4551.66,100.0,28777.1,,,,,100.0,100.0,12721.2
4552.66,0.0,28777.1,,,,,0.0,0.0,12721.2
4553.66,100.0,28708.9,,,,,100.0,100.0,12721.2
4554.66,0.0,28708.9,,,,,0.0,0.0,12721.2
4555.66,0.0,28708.9,,,,,0.0,0.0,12721.2
4556.66,100.0,28608.6,,,,,100.0,100.0,12711.2
4557.66,0.0,28676.8,,,,,0.0,0.0,12715.5
4558.66,0.0,28744.9,,,,,0.0,0.0,12702.7
4559.67,0.0,28847.0,,,,,0.0,0.0,12713.8
4560.67,100.0,28881.0,,,,,100.0,100.0,12702.8
4561.67,0.0,28881.0,,,,,0.0,0.0,12716.7
4562.67,100.0,28881.0,,,,,100.0,100.0,12717.3
4563.67,0.0,28881.0,,,,,0.0,0.0,12717.0
4564.67,0.0,28881.0,,,,,0.0,0.0,12717.0
4565.67,100.0,28881.0,,,,,100.0,100.0,12717.8
4566.67,0.0,28881.0,,,,,0.0,0.0,12717.8
4567.67,0.0,28881.0,,,,,0.0,0.0,12717.8
4568.67,100.0,28913.0,,,,,100.0,100.0,12719.7
4569.67,0.0,28913.0,,,,,0.0,0.0,12719.7
4570.67,0.0,28913.0,,,,,0.0,0.0,12719.7
4571.67,100.0,28845.4,,,,,100.0,100.0,12721.5
4572.67,0.0,28845.4,,,,,0.0,0.0,12721.5
4573.67,0.0,28845.4,,,,,0.0,0.0,12721.5
4574.67,100.0,28777.1,,,,,100.0,100.0,12721.7
4575.67,0.0,28777.1,,,,,0.0,0.0,12721.7
4576.67,100.0,28708.9,,,,,100.0,100.0,12721.7
4577.67,0.0,28708.9,,,,,0.0,0.0,12721.7
4578.67,0.0,28708.9,,,,,0.0,0.0,12721.7
4579.67,100.0,28608.6,,,,,100.0,100.0,12700.9
4580.67,0.0,28642.8,,,,,0.0,0.0,12712.9
4581.67,0.0,28744.9,,,,,0.0,0.0,12701.3
4582.67,0.0,28813.0,,,,,0.0,0.0,12708.4
4583.67,100.0,28881.0,,,,,100.0,100.0,12717.6
4584.67,0.0,28881.0,,,,,0.0,0.0,12717.1
4585.67,100.0,28881.0,,,,,100.0,100.0,12717.7
4586.67,0.0,28881.0,,,,,0.0,0.0,12717.2
4587.67,0.0,28881.0,,,,,0.0,0.0,12717.2
4588.67,100.0,28881.0,,,,,100.0,100.0,12718.0
4589.67,0.0,28881.0,,,,,0.0,0.0,12718.0
4590.67,0.0,28881.0,,,,,0.0,0.0,12718.0
4591.67,100.0,28913.0,,,,,100.0,100.0,12720.0
4592.67,0.0,28913.0,,,,,0.0,0.0,12720.0
4593.67,0.0,28913.0,,,,,0.0,0.0,12720.0
4594.67,100.0,28845.4,,,,,100.0,100.0,12721.7
4595.67,0.0,28845.4,,,,,0.0,0.0,12721.7
4596.67,0.0,28845.4,,,,,0.0,0.0,12721.7
4597.67,100.0,28777.1,,,,,100.0,100.0,12721.9
4598.67,0.0,28777.1,,,,,0.0,0.0,12721.9
4599.67,100.0,28708.9,,,,,100.0,100.0,12721.9
4600.67,0.0,28708.9,,,,,0.0,0.0,12721.9
4601.67,0.0,28708.9,,,,,0.0,0.0,12721.9
4602.67,100.0,28608.6,,,,,100.0,100.0,12701.0
4603.67,0.0,28608.7,,,,,0.0,0.0,12709.4
4604.67,0.0,28744.9,,,,,0.0,0.0,12716.5
4605.67,0.0,28813.0,,,,,0.0,0.0,12708.5
4606.67,100.0,28847.0,,,,,100.0,100.0,12716.0
4607.67,0.0,28881.0,,,,,0.0,0.0,12717.5
4608.67,100.0,28880.9,,,,,100.0,100.0,12717.5
4609.67,0.0,28881.0,,,,,0.0,0.0,12717.3
4610.67,0.0,28881.0,,,,,0.0,0.0,12717.3
4611.67,100.0,28881.0,,,,,100.0,100.0,12718.0
4612.67,0.0,28881.0,,,,,0.0,0.0,12718.0
4613.67,0.0,28881.0,,,,,0.0,0.0,12718.0
4614.67,100.0,28913.0,,,,,100.0,100.0,12719.9
4615.67,0.0,28913.0,,,,,0.0,0.0,12719.9
4616.67,0.0,28913.0,,,,,0.0,0.0,12719.9
4617.67,100.0,28845.4,,,,,100.0,100.0,12722.0
4618.67,0.0,28845.4,,,,,0.0,0.0,12722.0
4619.67,0.0,28845.4,,,,,0.0,0.0,12722.0
4620.67,100.0,28777.1,,,,,100.0,100.0,12722.1
4621.67,0.0,28777.1,,,,,0.0,0.0,12722.1
4622.67,100.0,28708.9,,,,,100.0,100.0,12722.1
4623.67,0.0,28708.9,,,,,0.0,0.0,12722.1
4624.67,0.0,28708.9,,,,,0.0,0.0,12722.1
4625.67,100.0,28608.6,,,,,100.0,100.0,12722.3
4626.67,0.0,28608.7,,,,,0.0,0.0,12708.0
4627.67,0.0,28744.9,,,,,0.0,0.0,12716.9
4628.67,0.0,28813.0,,,,,0.0,0.0,12707.3
4629.68,100.0,28881.0,,,,,100.0,100.0,12718.0
4630.68,0.0,28881.0,,,,,0.0,0.0,12717.4
4631.68,0.0,28881.0,,,,,0.0,0.0,12717.4
4632.68,100.0,28881.0,,,,,100.0,100.0,12717.7
4633.68,0.0,28881.0,,,,,0.0,0.0,12717.7
4634.68,100.0,28881.0,,,,,100.0,100.0,12718.5
4635.68,0.0,28881.0,,,,,0.0,0.0,12718.5
4636.68,0.0,28881.0,,,,,0.0,0.0,12718.5
4637.68,100.0,28913.0,,,,,100.0,100.0,12720.4
4638.68,0.0,28913.0,,,,,0.0,0.0,12720.4
4639.68,0.0,28913.0,,,,,0.0,0.0,12720.4
4640.68,100.0,28845.4,,,,,100.0,100.0,12722.1
4641.68,0.0,28845.4,,,,,0.0,0.0,12722.1
4642.68,0.0,28845.4,,,,,0.0,0.0,12722.1
4643.68,100.0,28777.1,,,,,100.0,100.0,12722.3
4644.68,0.0,28777.1,,,,,0.0,0.0,12722.3
4645.68,0.0,28777.1,,,,,0.0,0.0,12722.3
4646.68,100.0,28708.9,,,,,100.0,100.0,12722.3
4647.68,0.0,28708.9,,,,,0.0,0.0,12722.3
4648.68,100.0,28608.6,,,,,100.0,100.0,12722.4
4649.68,0.0,28608.7,,,,,0.0,0.0,12704.3
4650.68,0.0,28744.9,,,,,0.0,0.0,12698.1
4651.68,0.0,28813.0,,,,,0.0,0.0,12705.2
4652.68,100.0,28847.0,,,,,100.0,100.0,12716.5
4653.68,0.0,28881.0,,,,,0.0,0.0,12717.8
4654.68,0.0,28881.0,,,,,0.0,0.0,12717.8
4655.68,100.0,28881.0,,,,,100.0,100.0,12717.8
4656.68,0.0,28881.0,,,,,0.0,0.0,12717.8
4657.68,100.0,28881.0,,,,,100.0,100.0,12718.3
4658.68,0.0,28881.0,,,,,0.0,0.0,12718.6
4659.68,0.0,28881.0,,,,,0.0,0.0,12718.6
4660.68,100.0,28913.0,,,,,100.0,100.0,12720.4
4661.68,0.0,28913.0,,,,,0.0,0.0,12720.4
4662.68,0.0,28913.0,,,,,0.0,0.0,12720.4
4663.68,100.0,28845.4,,,,,100.0,100.0,12722.3
4664.68,0.0,28845.4,,,,,0.0,0.0,12722.3
4665.68,0.0,28845.4,,,,,0.0,0.0,12722.3
4666.68,100.0,28777.1,,,,,100.0,100.0,12722.5
4667.68,0.0,28777.1,,,,,0.0,0.0,12722.5
4668.68,0.0,28777.1,,,,,0.0,0.0,12722.5
4669.68,100.0,28708.9,,,,,100.0,100.0,12722.5
4670.68,0.0,28708.9,,,,,0.0,0.0,12722.5
4671.68,100.0,28608.6,,,,,100.0,100.0,12722.6
4672.68,0.0,28608.7,,,,,0.0,0.0,12703.1
4673.68,0.0,28744.9,,,,,0.0,0.0,12717.2
4674.68,0.0,28813.0,,,,,0.0,0.0,12705.6
4675.68,100.0,28847.0,,,,,100.0,100.0,12713.4
4676.68,0.0,28881.0,,,,,0.0,0.0,12718.0
4677.68,0.0,28881.0,,,,,0.0,0.0,12718.0
4678.68,100.0,28881.0,,,,,100.0,100.0,12717.8
4679.68,0.0,28881.0,,,,,0.0,0.0,12717.8
4680.68,100.0,28881.0,,,,,100.0,100.0,12718.1
4681.68,0.0,28881.0,,,,,0.0,0.0,12718.5
4682.68,0.0,28881.0,,,,,0.0,0.0,12718.5
4683.68,100.0,28913.0,,,,,100.0,100.0,12720.4
4684.68,0.0,28913.0,,,,,0.0,0.0,12720.4
4685.68,0.0,28913.0,,,,,0.0,0.0,12720.4
4686.68,100.0,28845.4,,,,,100.0,100.0,12722.3
4687.68,0.0,28845.4,,,,,0.0,0.0,12722.3
4688.68,0.0,28845.4,,,,,0.0,0.0,12722.3
4689.68,100.0,28777.1,,,,,100.0,100.0,12722.5
4690.68,0.0,28777.1,,,,,0.0,0.0,12722.5
4691.68,0.0,28777.1,,,,,0.0,0.0,12722.5
4692.68,100.0,28708.9,,,,,100.0,100.0,12722.5
4693.68,0.0,28708.9,,,,,0.0,0.0,12722.5
4694.68,100.0,28608.6,,,,,100.0,100.0,12722.5
4695.68,0.0,28608.7,,,,,0.0,0.0,12704.3
4696.68,0.0,28744.9,,,,,0.0,0.0,12717.1
4697.69,0.0,28813.0,,,,,0.0,0.0,12718.5
4698.69,100.0,28813.0,,,,,100.0,100.0,12711.1
4699.69,0.0,28881.0,,,,,0.0,0.0,12718.2
4700.69,0.0,28881.0,,,,,0.0,0.0,12718.2
4701.69,100.0,28881.0,,,,,100.0,100.0,12718.3
4702.69,0.0,28881.0,,,,,0.0,0.0,12718.3
4703.69,0.0,28881.0,,,,,0.0,0.0,12718.3
4704.69,100.0,28881.0,,,,,100.0,100.0,12719.0
4705.69,0.0,28881.0,,,,,0.0,0.0,12719.0
4706.69,100.0,28913.0,,,,,100.0,100.0,12720.9
4707.69,0.0,28913.0,,,,,0.0,0.0,12720.9
4708.69,0.0,28913.0,,,,,0.0,0.0,12720.9
4709.69,100.0,28845.4,,,,,100.0,100.0,12722.8
4710.69,0.0,28845.4,,,,,0.0,0.0,12722.8
4711.69,100.0,28777.1,,,,,100.0,100.0,12723.0
4712.69,100.0,28777.1,,,,,100.0,100.0,12723.0
4713.69,0.0,28777.1,,,,,0.0,0.0,12723.0
4714.69,0.0,28777.1,,,,,0.0,0.0,12723.0
4715.69,0.0,28708.9,,,,,0.0,0.0,12723.0
4716.69,0.0,28708.9,,,,,0.0,0.0,12723.0
4717.69,0.0,28708.9,,,,,0.0,0.0,12723.0
4718.69,0.0,28676.8,,,,,0.0,0.0,12712.3
4719.69,0.0,28813.0,,,,,0.0,0.0,12718.7
4720.69,100.0,28813.0,,,,,100.0,100.0,12709.7
4721.69,0.0,28881.0,,,,,0.0,0.0,12718.2
4722.69,0.0,28881.0,,,,,0.0,0.0,12718.2
4723.69,100.0,28881.0,,,,,100.0,100.0,12718.2
4724.69,0.0,28881.0,,,,,0.0,0.0,12718.3
4725.69,0.0,28881.0,,,,,0.0,0.0,12718.3
4726.69,100.0,28881.0,,,,,100.0,100.0,12719.1
4727.69,0.0,28881.0,,,,,0.0,0.0,12719.1
4728.69,100.0,28913.0,,,,,100.0,100.0,12721.0
4729.69,0.0,28913.0,,,,,0.0,0.0,12721.0
4730.69,0.0,28913.0,,,,,0.0,0.0,12721.0
4731.69,100.0,28845.4,,,,,100.0,100.0,12722.7
4732.69,0.0,28845.4,,,,,0.0,0.0,12722.7
4733.69,0.0,28845.4,,,,,0.0,0.0,12722.7
4734.69,100.0,28777.1,,,,,100.0,100.0,12722.9
4735.69,0.0,28777.1,,,,,0.0,0.0,12722.9
4736.69,0.0,28777.1,,,,,0.0,0.0,12722.9
4737.69,100.0,28708.9,,,,,100.0,100.0,12722.9
4738.69,0.0,28708.9,,,,,0.0,0.0,12722.9
4739.69,0.0,28708.9,,,,,0.0,0.0,12722.9
4740.69,100.0,28608.7,,,,,100.0,100.0,12701.9
4741.69,0.0,28676.8,,,,,0.0,0.0,12708.3
4742.69,0.0,28813.0,,,,,0.0,0.0,12700.7
4743.69,100.0,28813.0,,,,,100.0,100.0,12707.0
4744.69,0.0,28881.0,,,,,0.0,0.0,12718.6
4745.69,0.0,28881.0,,,,,0.0,0.0,12718.6
4746.69,100.0,28881.0,,,,,100.0,100.0,12717.4
4747.69,0.0,28881.0,,,,,0.0,0.0,12718.5
4748.69,0.0,28881.0,,,,,0.0,0.0,12718.5
4749.69,100.0,28881.0,,,,,100.0,100.0,12719.2
4750.69,0.0,28881.0,,,,,0.0,0.0,12719.2
4751.69,100.0,28913.0,,,,,100.0,100.0,12721.1
4752.69,0.0,28913.0,,,,,0.0,0.0,12721.1
4753.69,0.0,28913.0,,,,,0.0,0.0,12721.1
4754.69,100.0,28845.4,,,,,100.0,100.0,12722.9
4755.69,0.0,28845.4,,,,,0.0,0.0,12722.9
4756.69,0.0,28845.4,,,,,0.0,0.0,12722.9
4757.69,100.0,28777.1,,,,,100.0,100.0,12723.1
4758.69,0.0,28777.1,,,,,0.0,0.0,12723.1
4759.69,0.0,28777.1,,,,,0.0,0.0,12723.1
4760.69,100.0,28708.9,,,,,100.0,100.0,12723.1
4761.69,0.0,28708.9,,,,,0.0,0.0,12723.1
4762.69,0.0,28708.9,,,,,0.0,0.0,12723.1
4763.69,100.0,28608.7,,,,,100.0,100.0,12700.7
4764.69,0.0,28676.8,,,,,0.0,0.0,12708.7
4765.69,0.0,28813.0,,,,,0.0,0.0,12719.1
4766.69,100.0,28813.0,,,,,100.0,100.0,12709.0
4767.69,0.0,28881.0,,,,,0.0,0.0,12718.8
4768.7,0.0,28881.0,,,,,0.0,0.0,12718.8
4769.7,100.0,28881.0,,,,,100.0,100.0,12713.0
4770.7,0.0,28881.0,,,,,0.0,0.0,12718.9
4771.7,0.0,28881.0,,,,,0.0,0.0,12718.9
4772.7,100.0,28881.0,,,,,100.0,100.0,12719.8
4773.7,0.0,28881.0,,,,,0.0,0.0,12719.8
4774.7,100.0,28913.0,,,,,100.0,100.0,12721.6
4775.7,0.0,28913.0,,,,,0.0,0.0,12721.6
4776.7,0.0,28913.0,,,,,0.0,0.0,12721.6
4777.7,100.0,28845.4,,,,,100.0,100.0,12723.4
4778.7,0.0,28845.4,,,,,0.0,0.0,12723.4
4779.7,0.0,28845.4,,,,,0.0,0.0,12723.4
4780.7,100.0,28777.1,,,,,100.0,100.0,12723.6
4781.7,0.0,28777.1,,,,,0.0,0.0,12723.6
4782.7,0.0,28777.1,,,,,0.0,0.0,12723.6
4783.7,100.0,28708.9,,,,,100.0,100.0,12723.6
4784.7,0.0,28708.9,,,,,0.0,0.0,12723.6
4785.7,0.0,28708.9,,,,,0.0,0.0,12723.6
4786.7,100.0,28608.7,,,,,100.0,100.0,12717.6
4787.7,0.0,28676.8,,,,,0.0,0.0,12707.1
4788.7,0.0,28779.0,,,,,0.0,0.0,12718.6
4789.7,100.0,28813.0,,,,,100.0,100.0,12707.2
4790.7,0.0,28881.0,,,,,0.0,0.0,12714.7
4791.7,0.0,28881.0,,,,,0.0,0.0,12719.1
4792.7,100.0,28881.0,,,,,100.0,100.0,12710.6
4793.7,0.0,28881.0,,,,,0.0,0.0,12719.3
4794.7,0.0,28881.0,,,,,0.0,0.0,12719.3
4795.7,100.0,28881.0,,,,,100.0,100.0,12720.2
4796.7,0.0,28881.0,,,,,0.0,0.0,12720.2
4797.7,0.0,28881.0,,,,,0.0,0.0,12720.2
4798.7,100.0,28913.0,,,,,100.0,100.0,12722.1
4799.7,0.0,28913.0,,,,,0.0,0.0,12722.1
4800.7,100.0,28845.4,,,,,100.0,100.0,12723.7
4801.7,0.0,28845.4,,,,,0.0,0.0,12723.7
4802.7,0.0,28845.4,,,,,0.0,0.0,12723.7
4803.7,100.0,28777.1,,,,,100.0,100.0,12723.9
4804.7,0.0,28777.1,,,,,0.0,0.0,12723.9
4805.7,0.0,28777.1,,,,,0.0,0.0,12723.9
4806.7,100.0,28708.9,,,,,100.0,100.0,12723.9
4807.7,0.0,28708.9,,,,,0.0,0.0,12723.9
4808.7,0.0,28708.9,,,,,0.0,0.0,12723.9
4809.7,100.0,28608.7,,,,,100.0,100.0,12717.7
4810.7,0.0,28676.8,,,,,0.0,0.0,12717.6
4811.7,0.0,28813.0,,,,,0.0,0.0,12719.3
4812.7,100.0,28813.0,,,,,100.0,100.0,12704.1
4813.7,0.0,28881.0,,,,,0.0,0.0,12714.7
4814.7,0.0,28881.0,,,,,0.0,0.0,12719.3
4815.7,100.0,28881.0,,,,,100.0,100.0,12709.3
4816.7,0.0,28881.0,,,,,0.0,0.0,12719.3
4817.7,0.0,28881.0,,,,,0.0,0.0,12719.3
4818.7,100.0,28881.0,,,,,100.0,100.0,12720.2
4819.7,0.0,28881.0,,,,,0.0,0.0,12720.2
4820.7,0.0,28881.0,,,,,0.0,0.0,12720.2
4821.7,100.0,28913.0,,,,,100.0,100.0,12722.1
4822.7,0.0,28913.0,,,,,0.0,0.0,12722.1
4823.7,100.0,28845.4,,,,,100.0,100.0,12723.9
4824.7,0.0,28845.4,,,,,0.0,0.0,12723.9
4825.7,0.0,28845.4,,,,,0.0,0.0,12723.9
4826.7,100.0,28777.1,,,,,100.0,100.0,12724.1
4827.7,0.0,28777.1,,,,,0.0,0.0,12724.1
4828.7,0.0,28777.1,,,,,0.0,0.0,12724.1
4829.7,100.0,28708.9,,,,,100.0,100.0,12724.1
4830.7,0.0,28708.9,,,,,0.0,0.0,12724.1
4831.7,0.0,28708.9,,,,,0.0,0.0,12724.1
4832.7,100.0,28608.7,,,,,100.0,100.0,12697.3
4833.7,0.0,28676.8,,,,,0.0,0.0,12705.1
4834.7,0.0,28779.0,,,,,0.0,0.0,12716.6
4835.7,100.0,28813.0,,,,,100.0,100.0,12704.4
4836.7,0.0,28881.0,,,,,0.0,0.0,12713.4
4837.7,0.0,28881.0,,,,,0.0,0.0,12719.9
4838.7,100.0,28881.0,,,,,100.0,100.0,12708.7
4839.7,0.0,28881.0,,,,,0.0,0.0,12719.6
4840.7,0.0,28881.0,,,,,0.0,0.0,12719.6
4841.7,100.0,28881.0,,,,,100.0,100.0,12720.5
4842.7,0.0,28881.0,,,,,0.0,0.0,12720.5
4843.7,0.0,28881.0,,,,,0.0,0.0,12720.5
4844.71,100.0,28913.0,,,,,100.0,100.0,12722.3
4845.71,0.0,28913.0,,,,,0.0,0.0,12722.3
4846.71,100.0,28845.4,,,,,100.0,100.0,12724.0
4847.71,0.0,28845.4,,,,,0.0,0.0,12724.0
4848.71,0.0,28845.4,,,,,0.0,0.0,12724.0
4849.71,100.0,28777.1,,,,,100.0,100.0,12724.2
4850.71,0.0,28777.1,,,,,0.0,0.0,12724.2
4851.71,0.0,28777.1,,,,,0.0,0.0,12724.2
4852.71,100.0,28708.9,,,,,100.0,100.0,12724.2
4853.71,0.0,28708.9,,,,,0.0,0.0,12724.2
4854.71,0.0,28708.9,,,,,0.0,0.0,12724.2
4855.71,100.0,28608.7,,,,,100.0,100.0,12718.4
4856.71,0.0,28676.8,,,,,0.0,0.0,12705.8
4857.71,0.0,28744.9,,,,,0.0,0.0,12712.9
4858.71,100.0,28813.0,,,,,100.0,100.0,12720.3
4859.71,0.0,28881.0,,,,,0.0,0.0,12710.2
4860.71,0.0,28881.0,,,,,0.0,0.0,12720.2
4861.71,100.0,28881.0,,,,,100.0,100.0,12709.7
4862.71,0.0,28881.0,,,,,0.0,0.0,12720.2
4863.71,0.0,28881.0,,,,,0.0,0.0,12720.2
4864.71,100.0,28881.0,,,,,100.0,100.0,12721.0
4865.71,0.0,28881.0,,,,,0.0,0.0,12721.0
4866.71,0.0,28881.0,,,,,0.0,0.0,12721.0
4867.71,100.0,28913.0,,,,,100.0,100.0,12722.9
4868.71,0.0,28913.0,,,,,0.0,0.0,12722.9
4869.71,100.0,28845.0,,,,,100.0,100.0,12724.5
4870.71,0.0,28845.4,,,,,0.0,0.0,12724.5
4871.71,0.0,28845.4,,,,,0.0,0.0,12724.5
4872.71,100.0,28777.1,,,,,100.0,100.0,12724.7
4873.71,0.0,28777.1,,,,,0.0,0.0,12724.7
4874.71,0.0,28777.1,,,,,0.0,0.0,12724.7
4875.71,100.0,28708.9,,,,,100.0,100.0,12724.7
4876.71,0.0,28708.9,,,,,0.0,0.0,12724.7
4877.71,0.0,28708.9,,,,,0.0,0.0,12724.7
4878.71,100.0,28574.6,,,,,100.0,100.0,12716.0
4879.71,0.0,28676.8,,,,,0.0,0.0,12718.9
4880.71,0.0,28744.9,,,,,0.0,0.0,12714.5
4881.71,100.0,28813.0,,,,,100.0,100.0,12720.5
4882.71,0.0,28881.0,,,,,0.0,0.0,12711.1
4883.71,0.0,28881.0,,,,,0.0,0.0,12720.3
4884.71,100.0,28881.0,,,,,100.0,100.0,12720.9
4885.71,0.0,28881.0,,,,,0.0,0.0,12720.2
4886.71,0.0,28881.0,,,,,0.0,0.0,12720.2
4887.71,100.0,28881.0,,,,,100.0,100.0,12721.0
4888.71,0.0,28881.0,,,,,0.0,0.0,12721.0
4889.71,0.0,28881.0,,,,,0.0,0.0,12721.0
4890.71,100.0,28913.0,,,,,100.0,100.0,12722.9
4891.71,0.0,28913.0,,,,,0.0,0.0,12722.9
4892.71,0.0,28913.0,,,,,0.0,0.0,12722.9
4893.71,100.0,28845.4,,,,,100.0,100.0,12724.7
4894.71,0.0,28845.4,,,,,0.0,0.0,12724.7
4895.71,100.0,28777.1,,,,,100.0,100.0,12724.9
4896.71,0.0,28777.1,,,,,0.0,0.0,12724.9
4897.71,0.0,28777.1,,,,,0.0,0.0,12724.9
4898.71,100.0,28708.9,,,,,100.0,100.0,12724.9
4899.71,0.0,28708.9,,,,,0.0,0.0,12724.9
4900.71,0.0,28708.9,,,,,0.0,0.0,12724.9
4901.71,100.0,28608.6,,,,,100.0,100.0,12711.9
4902.71,0.0,28676.8,,,,,0.0,0.0,12712.1
4903.71,0.0,28744.9,,,,,0.0,0.0,12710.8
4904.71,100.0,28813.0,,,,,100.0,100.0,12714.2
4905.71,0.0,28881.0,,,,,0.0,0.0,12716.4
4906.71,0.0,28881.0,,,,,0.0,0.0,12720.5
4907.71,100.0,28881.0,,,,,100.0,100.0,12707.7
4908.71,0.0,28881.0,,,,,0.0,0.0,12720.5
4909.71,0.0,28881.0,,,,,0.0,0.0,12720.5
4910.71,100.0,28881.0,,,,,100.0,100.0,12721.4
4911.71,0.0,28881.0,,,,,0.0,0.0,12721.4
4912.71,0.0,28881.0,,,,,0.0,0.0,12721.4
4913.71,100.0,28913.0,,,,,100.0,100.0,12723.3
4914.71,0.0,28913.0,,,,,0.0,0.0,12723.3
4915.71,0.0,28913.0,,,,,0.0,0.0,12723.3
4916.71,100.0,28845.4,,,,,100.0,100.0,12724.9
4917.71,0.0,28845.4,,,,,0.0,0.0,12724.9
4918.71,100.0,28777.1,,,,,100.0,100.0,12725.1
4919.71,0.0,28777.1,,,,,0.0,0.0,12725.1
4920.71,0.0,28777.1,,,,,0.0,0.0,12725.1
4921.72,100.0,28708.9,,,,,100.0,100.0,12725.1
4922.72,0.0,28708.9,,,,,0.0,0.0,12725.1
4923.72,0.0,28708.9,,,,,0.0,0.0,12725.1
4924.72,100.0,28608.6,,,,,100.0,100.0,12708.3
4925.72,0.0,28676.8,,,,,0.0,0.0,12701.5
4926.72,0.0,28744.9,,,,,0.0,0.0,12708.2
4927.72,100.0,28779.0,,,,,100.0,100.0,12720.1
4928.72,0.0,28881.0,,,,,0.0,0.0,12708.4
4929.72,0.0,28881.0,,,,,0.0,0.0,12721.1
4930.72,100.0,28881.0,,,,,100.0,100.0,12705.2
4931.72,0.0,28881.0,,,,,0.0,0.0,12720.7
4932.72,0.0,28881.0,,,,,0.0,0.0,12720.7
4933.72,100.0,28881.0,,,,,100.0,100.0,12721.4
4934.72,0.0,28881.0,,,,,0.0,0.0,12721.4
4935.72,0.0,28881.0,,,,,0.0,0.0,12721.4
4936.72,100.0,28913.0,,,,,100.0,100.0,12723.4
4937.72,0.0,28913.0,,,,,0.0,0.0,12723.4
4938.72,0.0,28913.0,,,,,0.0,0.0,12723.4
4939.72,100.0,28845.4,,,,,100.0,100.0,12725.2
4940.72,0.0,28845.4,,,,,0.0,0.0,12725.2
4941.72,100.0,28777.1,,,,,100.0,100.0,12725.4
4942.72,0.0,28777.1,,,,,0.0,0.0,12725.4
4943.72,0.0,28777.1,,,,,0.0,0.0,12725.4
4944.72,100.0,28708.9,,,,,100.0,100.0,12725.4
4945.72,0.0,28708.9,,,,,0.0,0.0,12725.4
4946.72,0.0,28708.9,,,,,0.0,0.0,12725.4
4947.72,100.0,28608.6,,,,,100.0,100.0,12706.9
4948.72,0.0,28676.8,,,,,0.0,0.0,12719.4
4949.72,0.0,28744.9,,,,,0.0,0.0,12708.8
4950.72,100.0,28813.0,,,,,100.0,100.0,12721.3
4951.72,0.0,28881.0,,,,,0.0,0.0,12709.3
4952.72,0.0,28881.0,,,,,0.0,0.0,12720.9
4953.72,100.0,28881.0,,,,,100.0,100.0,12721.6
4954.72,0.0,28881.0,,,,,0.0,0.0,12721.0
4955.72,0.0,28881.0,,,,,0.0,0.0,12721.0
4956.72,100.0,28881.0,,,,,100.0,100.0,12721.7
4957.72,0.0,28881.0,,,,,0.0,0.0,12721.7
4958.72,0.0,28881.0,,,,,0.0,0.0,12721.7
4959.72,100.0,28913.0,,,,,100.0,100.0,12723.7
4960.72,0.0,28913.0,,,,,0.0,0.0,12723.7
4961.72,0.0,28913.0,,,,,0.0,0.0,12723.7
4962.72,100.0,28845.4,,,,,100.0,100.0,12725.5
4963.72,0.0,28845.4,,,,,0.0,0.0,12725.5
4964.72,100.0,28777.1,,,,,100.0,100.0,12725.7
4965.72,0.0,28777.1,,,,,0.0,0.0,12725.7
4966.72,0.0,28777.1,,,,,0.0,0.0,12725.7
4967.72,100.0,28708.9,,,,,100.0,100.0,12725.7
4968.72,0.0,28708.9,,,,,0.0,0.0,12725.7
4969.72,0.0,28708.9,,,,,0.0,0.0,12725.7
4970.72,100.0,28608.6,,,,,100.0,100.0,12707.1
4971.72,0.0,28676.8,,,,,0.0,0.0,12719.7
4972.72,0.0,28744.9,,,,,0.0,0.0,12720.6
4973.72,0.0,28847.0,,,,,0.0,0.0,12714.1
4974.72,100.0,28881.0,,,,,100.0,100.0,12715.3
4975.72,0.0,28881.0,,,,,0.0,0.0,12721.3
4976.72,100.0,28881.0,,,,,100.0,100.0,12721.9
4977.72,0.0,28881.0,,,,,0.0,0.0,12721.0
4978.72,0.0,28881.0,,,,,0.0,0.0,12721.0
4979.72,100.0,28881.0,,,,,100.0,100.0,12721.7
4980.72,0.0,28881.0,,,,,0.0,0.0,12721.7
4981.72,0.0,28881.0,,,,,0.0,0.0,12721.7
4982.72,100.0,28913.0,,,,,100.0,100.0,12723.6
4983.72,0.0,28913.0,,,,,0.0,0.0,12723.6
4984.72,0.0,28913.0,,,,,0.0,0.0,12723.6
4985.72,100.0,28845.4,,,,,100.0,100.0,12725.4
4986.72,0.0,28845.4,,,,,0.0,0.0,12725.4
4987.72,0.0,28845.4,,,,,0.0,0.0,12725.4
4988.72,100.0,28777.1,,,,,100.0,100.0,12725.6
4989.72,0.0,28777.1,,,,,0.0,0.0,12725.6
4990.72,100.0,28708.9,,,,,100.0,100.0,12725.6
4991.72,0.0,28708.9,,,,,0.0,0.0,12725.6
4992.72,0.0,28708.9,,,,,0.0,0.0,12725.6
4993.73,100.0,28608.6,,,,,100.0,100.0,12725.7
4994.73,0.0,28642.8,,,,,0.0,0.0,12719.3
4995.73,0.0,28744.9,,,,,0.0,0.0,12704.9
4996.73,0.0,28813.0,,,,,0.0,0.0,12713.0
4997.73,100.0,28881.0,,,,,100.0,100.0,12713.6
4998.73,0.0,28881.0,,,,,0.0,0.0,12721.6
4999.73,100.0,28881.0,,,,,100.0,100.0,12722.1
5000.73,0.0,28881.0,,,,,0.0,0.0,12721.5
5001.73,0.0,28881.0,,,,,0.0,0.0,12721.5
5002.73,100.0,28881.0,,,,,100.0,100.0,12722.3
5003.73,0.0,28881.0,,,,,0.0,0.0,12722.3
5004.73,0.0,28881.0,,,,,0.0,0.0,12722.3
5005.73,100.0,28913.0,,,,,100.0,100.0,12724.3
5006.73,0.0,28913.0,,,,,0.0,0.0,12724.3
5007.73,0.0,28913.0,,,,,0.0,0.0,12724.3
5008.73,100.0,28845.4,,,,,100.0,100.0,12726.0
5009.73,0.0,28845.4,,,,,0.0,0.0,12726.0
5010.73,0.0,28845.4,,,,,0.0,0.0,12726.0
5011.73,100.0,28777.1,,,,,100.0,100.0,12726.1
5012.73,0.0,28777.1,,,,,0.0,0.0,12726.1
5013.73,100.0,28708.9,,,,,100.0,100.0,12726.1
5014.73,0.0,28708.9,,,,,0.0,0.0,12726.1
5015.73,0.0,28708.9,,,,,0.0,0.0,12726.1
5016.73,100.0,28608.6,,,,,100.0,100.0,12704.3
5017.73,0.0,28608.7,,,,,0.0,0.0,12714.7
5018.73,0.0,28744.9,,,,,0.0,0.0,12702.9
5019.73,0.0,28813.0,,,,,0.0,0.0,12710.2
5020.73,100.0,28881.0,,,,,100.0,100.0,12722.0
5021.73,0.0,28881.0,,,,,0.0,0.0,12721.9
5022.73,100.0,28881.0,,,,,100.0,100.0,12722.2
5023.73,0.0,28881.0,,,,,0.0,0.0,12721.7
5024.73,0.0,28881.0,,,,,0.0,0.0,12721.7
5025.73,100.0,28881.0,,,,,100.0,100.0,12722.4
5026.73,0.0,28881.0,,,,,0.0,0.0,12722.4
5027.73,0.0,28881.0,,,,,0.0,0.0,12722.4
5028.73,100.0,28913.0,,,,,100.0,100.0,12724.3
5029.73,0.0,28913.0,,,,,0.0,0.0,12724.3
5030.73,0.0,28913.0,,,,,0.0,0.0,12724.3
5031.73,100.0,28845.4,,,,,100.0,100.0,12726.1
5032.73,0.0,28845.4,,,,,0.0,0.0,12726.1
5033.73,0.0,28845.4,,,,,0.0,0.0,12726.1
5034.73,100.0,28777.1,,,,,100.0,100.0,12726.3
5035.73,0.0,28777.1,,,,,0.0,0.0,12726.3
5036.73,100.0,28708.9,,,,,100.0,100.0,12726.3
5037.73,0.0,28708.9,,,,,0.0,0.0,12726.3
5038.73,0.0,28708.9,,,,,0.0,0.0,12726.3
5039.73,100.0,28608.6,,,,,100.0,100.0,12703.0
5040.73,0.0,28608.7,,,,,0.0,0.0,12711.6
5041.73,0.0,28744.9,,,,,0.0,0.0,12721.2
5042.73,0.0,28813.0,,,,,0.0,0.0,12711.7
5043.73,100.0,28881.0,,,,,100.0,100.0,12722.2
5044.73,0.0,28881.0,,,,,0.0,0.0,12722.0
5045.73,0.0,28881.0,,,,,0.0,0.0,12722.0
5046.73,100.0,28881.0,,,,,100.0,100.0,12721.9
5047.73,0.0,28881.0,,,,,0.0,0.0,12721.9
5048.73,100.0,28881.0,,,,,100.0,100.0,12722.5
5049.73,0.0,28881.0,,,,,0.0,0.0,12722.7
5050.73,0.0,28881.0,,,,,0.0,0.0,12722.7
5051.73,100.0,28913.0,,,,,100.0,100.0,12724.6
5052.73,0.0,28913.0,,,,,0.0,0.0,12724.6
5053.73,0.0,28913.0,,,,,0.0,0.0,12724.6
5054.73,100.0,28845.4,,,,,100.0,100.0,12726.4
5055.73,0.0,28845.4,,,,,0.0,0.0,12726.4
5056.73,0.0,28845.4,,,,,0.0,0.0,12726.4
5057.73,100.0,28777.1,,,,,100.0,100.0,12726.6
5058.73,0.0,28777.1,,,,,0.0,0.0,12726.6
5059.73,0.0,28777.1,,,,,0.0,0.0,12726.6
5060.73,100.0,28708.9,,,,,100.0,100.0,12726.6
5061.73,0.0,28708.9,,,,,0.0,0.0,12726.6
5062.73,100.0,28608.6,,,,,100.0,100.0,12726.7
5063.73,0.0,28608.7,,,,,0.0,0.0,12710.8
5064.73,0.0,28744.9,,,,,0.0,0.0,12721.5
5065.73,0.0,28813.0,,,,,0.0,0.0,12711.6
5066.73,100.0,28881.0,,,,,100.0,100.0,12722.2
5067.74,0.0,28881.0,,,,,0.0,0.0,12722.4
5068.74,0.0,28881.0,,,,,0.0,0.0,12722.4
5069.74,100.0,28881.0,,,,,100.0,100.0,12722.1
5070.74,0.0,28881.0,,,,,0.0,0.0,12722.1
5071.74,100.0,28881.0,,,,,100.0,100.0,12722.5
5072.74,0.0,28881.0,,,,,0.0,0.0,12722.9
5073.74,0.0,28881.0,,,,,0.0,0.0,12722.9
5074.74,100.0,28913.0,,,,,100.0,100.0,12724.8
5075.74,0.0,28913.0,,,,,0.0,0.0,12724.8
5076.74,0.0,28913.0,,,,,0.0,0.0,12724.8
5077.74,100.0,28845.4,,,,,100.0,100.0,12726.6
5078.74,0.0,28845.4,,,,,0.0,0.0,12726.6
5079.74,0.0,28845.4,,,,,0.0,0.0,12726.6
5080.74,100.0,28777.1,,,,,100.0,100.0,12726.8
5081.74,0.0,28777.1,,,,,0.0,0.0,12726.8
5082.74,0.0,28777.1,,,,,0.0,0.0,12726.8
5083.74,100.0,28708.9,,,,,100.0,100.0,12726.8
5084.74,0.0,28708.9,,,,,0.0,0.0,12726.8
5085.74,100.0,28608.6,,,,,100.0,100.0,12726.9
5086.74,0.0,28608.7,,,,,0.0,0.0,12708.0
5087.74,0.0,28744.9,,,,,0.0,0.0,12712.3
5088.74,0.0,28813.0,,,,,0.0,0.0,12716.2
5089.74,100.0,28813.0,,,,,100.0,100.0,12720.5
5090.74,0.0,28881.0,,,,,0.0,0.0,12722.5
5091.74,0.0,28881.0,,,,,0.0,0.0,12722.5
5092.74,100.0,28881.0,,,,,100.0,100.0,12722.6
5093.74,0.0,28881.0,,,,,0.0,0.0,12722.6
5094.74,100.0,28881.0,,,,,100.0,100.0,12723.0
5095.74,0.0,28881.0,,,,,0.0,0.0,12723.3
5096.74,0.0,28881.0,,,,,0.0,0.0,12723.3
5097.74,100.0,28913.0,,,,,100.0,100.0,12725.2
5098.74,0.0,28913.0,,,,,0.0,0.0,12725.2
5099.74,0.0,28913.0,,,,,0.0,0.0,12725.2
5100.74,100.0,28845.4,,,,,100.0,100.0,12727.0
5101.74,0.0,28845.4,,,,,0.0,0.0,12727.0
5102.74,0.0,28845.4,,,,,0.0,0.0,12727.0
5103.74,100.0,28777.1,,,,,100.0,100.0,12727.2
5104.74,0.0,28777.1,,,,,0.0,0.0,12727.2
5105.74,0.0,28777.1,,,,,0.0,0.0,12727.2
5106.74,100.0,28708.9,,,,,100.0,100.0,12727.2
5107.74,0.0,28708.9,,,,,0.0,0.0,12727.2
5108.74,100.0,28608.6,,,,,100.0,100.0,12699.3
5109.74,0.0,28608.7,,,,,0.0,0.0,12706.8
5110.74,0.0,28710.9,,,,,0.0,0.0,12719.3
5111.74,0.0,28813.0,,,,,0.0,0.0,12708.1
5112.74,100.0,28847.0,,,,,100.0,100.0,12716.6
5113.74,0.0,28881.0,,,,,0.0,0.0,12722.6
5114.74,0.0,28881.0,,,,,0.0,0.0,12722.6
5115.74,100.0,28881.0,,,,,100.0,100.0,12722.6
5116.74,0.0,28881.0,,,,,0.0,0.0,12722.6
5117.74,0.0,28881.0,,,,,0.0,0.0,12722.6
5118.74,100.0,28881.0,,,,,100.0,100.0,12723.4
5119.74,0.0,28881.0,,,,,0.0,0.0,12723.4
5120.74,100.0,28913.0,,,,,100.0,100.0,12725.3
5121.74,0.0,28913.0,,,,,0.0,0.0,12725.3
5122.74,0.0,28913.0,,,,,0.0,0.0,12725.3
5123.74,100.0,28845.4,,,,,100.0,100.0,12727.0
5124.74,0.0,28845.4,,,,,0.0,0.0,12727.0
5125.74,0.0,28845.4,,,,,0.0,0.0,12727.0
5126.74,100.0,28777.1,,,,,100.0,100.0,12727.2
5127.74,0.0,28777.1,,,,,0.0,0.0,12727.2
5128.74,0.0,28777.1,,,,,0.0,0.0,12727.2
5129.74,100.0,28708.9,,,,,100.0,100.0,12727.2
5130.74,0.0,28708.9,,,,,0.0,0.0,12727.2
5131.74,0.0,28708.9,,,,,0.0,0.0,12727.2
5132.74,100.0,28608.7,,,,,100.0,100.0,12707.6
5133.74,0.0,28710.9,,,,,0.0,0.0,12716.8
5134.74,0.0,28813.0,,,,,0.0,0.0,12722.9
5135.74,100.0,28847.0,,,,,100.0,100.0,12716.2
5136.74,0.0,28881.0,,,,,0.0,0.0,12722.7
5137.74,0.0,28881.0,,,,,0.0,0.0,12722.7
5138.74,100.0,28881.0,,,,,100.0,100.0,12722.7
5139.74,0.0,28881.0,,,,,0.0,0.0,12722.7
5140.74,0.0,28881.0,,,,,0.0,0.0,12722.7
5141.75,100.0,28881.0,,,,,100.0,100.0,12723.4
5142.75,0.0,28881.0,,,,,0.0,0.0,12723.4
5143.75,100.0,28913.0,,,,,100.0,100.0,12725.3
5144.75,0.0,28913.0,,,,,0.0,0.0,12725.3
5145.75,0.0,28913.0,,,,,0.0,0.0,12725.3
5146.75,100.0,28845.4,,,,,100.0,100.0,12727.1
5147.75,0.0,28845.4,,,,,0.0,0.0,12727.1
5148.75,0.0,28845.4,,,,,0.0,0.0,12727.1
5149.75,100.0,28777.1,,,,,100.0,100.0,12727.3
5150.75,0.0,28777.1,,,,,0.0,0.0,12727.3
5151.75,0.0,28777.1,,,,,0.0,0.0,12727.3
5152.75,100.0,28708.9,,,,,100.0,100.0,12727.3
5153.75,0.0,28708.9,,,,,0.0,0.0,12727.3
5154.75,0.0,28708.9,,,,,0.0,0.0,12727.3
5155.75,100.0,28608.7,,,,,100.0,100.0,12721.4
5156.75,0.0,28676.8,,,,,0.0,0.0,12715.2
5157.75,0.0,28813.0,,,,,0.0,0.0,12722.8
5158.75,100.0,28813.0,,,,,100.0,100.0,12712.7
5159.75,0.0,28881.0,,,,,0.0,0.0,12722.8
5160.75,0.0,28881.0,,,,,0.0,0.0,12722.8
5161.75,100.0,28881.0,,,,,100.0,100.0,12719.2
5162.75,0.0,28881.0,,,,,0.0,0.0,12723.1
5163.75,0.0,28881.0,,,,,0.0,0.0,12723.1
5164.75,100.0,28881.0,,,,,100.0,100.0,12723.9
5165.75,0.0,28881.0,,,,,0.0,0.0,12723.9
5166.75,100.0,28913.0,,,,,100.0,100.0,12725.8
5167.75,0.0,28913.0,,,,,0.0,0.0,12725.8
5168.75,0.0,28913.0,,,,,0.0,0.0,12725.8
5169.75,100.0,28845.4,,,,,100.0,100.0,12727.5
5170.75,0.0,28845.4,,,,,0.0,0.0,12727.5
5171.75,0.0,28845.4,,,,,0.0,0.0,12727.5
5172.75,100.0,28777.1,,,,,100.0,100.0,12727.7
5173.75,0.0,28777.1,,,,,0.0,0.0,12727.7
5174.75,0.0,28777.1,,,,,0.0,0.0,12727.7
5175.75,100.0,28708.9,,,,,100.0,100.0,12727.7
5176.75,0.0,28708.9,,,,,0.0,0.0,12727.7
5177.75,0.0,28708.9,,,,,0.0,0.0,12727.7
5178.75,100.0,28608.7,,,,,100.0,100.0,12712.7
5179.75,0.0,28676.8,,,,,0.0,0.0,12711.6
5180.75,0.0,28813.0,,,,,0.0,0.0,12714.0
5181.75,100.0,28813.0,,,,,100.0,100.0,12717.6
5182.75,0.0,28881.0,,,,,0.0,0.0,12720.5
5183.75,0.0,28881.0,,,,,0.0,0.0,12723.3
5184.75,100.0,28881.0,,,,,100.0,100.0,12717.8
5185.75,0.0,28881.0,,,,,0.0,0.0,12723.2
5186.75,0.0,28881.0,,,,,0.0,0.0,12723.2
5187.75,100.0,28881.0,,,,,100.0,100.0,12724.0
5188.75,0.0,28881.0,,,,,0.0,0.0,12724.0
5189.75,100.0,28913.0,,,,,100.0,100.0,12725.9
5190.75,0.0,28913.0,,,,,0.0,0.0,12725.9
5191.75,0.0,28913.0,,,,,0.0,0.0,12725.9
5192.75,100.0,28844.6,,,,,100.0,100.0,12727.6
5193.75,0.0,28844.6,,,,,0.0,0.0,12727.6
5194.75,0.0,28844.6,,,,,0.0,0.0,12727.6
5195.75,100.0,28776.4,,,,,100.0,100.0,12727.7
5196.75,0.0,28776.4,,,,,0.0,0.0,12727.7
5197.75,0.0,28776.4,,,,,0.0,0.0,12727.7
5198.75,100.0,28708.1,,,,,100.0,100.0,12727.7
5199.75,0.0,28708.1,,,,,0.0,0.0,12727.7
5200.75,0.0,28708.1,,,,,0.0,0.0,12727.7
5201.75,100.0,28608.0,,,,,100.0,100.0,12703.3
5202.75,0.0,28676.1,,,,,0.0,0.0,12712.1
5203.75,0.0,28912.3,,,,,0.0,0.0,12726.0
5204.75,100.0,28844.2,,,,,100.0,100.0,12727.5
5205.75,0.0,28844.2,,,,,0.0,0.0,12727.5
5206.75,0.0,28844.2,,,,,0.0,0.0,12727.5
5207.75,100.0,28776.1,,,,,100.0,100.0,12727.7
5208.75,0.0,28776.1,,,,,0.0,0.0,12727.7
5209.75,0.0,28776.1,,,,,0.0,0.0,12727.7
5210.75,100.0,28708.0,,,,,100.0,100.0,12727.7
5211.75,0.0,28708.0,,,,,0.0,0.0,12727.7
5212.75,0.0,28708.0,,,,,0.0,0.0,12727.7
5213.75,100.0,28608.7,,,,,100.0,100.0,12707.1
5214.75,0.0,28710.8,,,,,0.0,0.0,12719.2
5215.75,0.0,28813.0,,,,,0.0,0.0,12708.1
5216.76,100.0,28813.0,,,,,100.0,100.0,12714.8
5217.76,0.0,28881.0,,,,,0.0,0.0,12723.6
5218.76,0.0,28881.0,,,,,0.0,0.0,12723.6
5219.76,100.0,28881.0,,,,,100.0,100.0,12721.8
5220.76,0.0,28881.0,,,,,0.0,0.0,12723.6
5221.76,0.0,28881.0,,,,,0.0,0.0,12723.6
5222.76,100.0,28881.0,,,,,100.0,100.0,12724.4
5223.76,0.0,28881.0,,,,,0.0,0.0,12724.4
5224.76,100.0,28913.0,,,,,100.0,100.0,12726.4
5225.76,0.0,28913.0,,,,,0.0,0.0,12726.4
5226.76,0.0,28913.0,,,,,0.0,0.0,12726.4
5227.76,100.0,28845.4,,,,,100.0,100.0,12728.0
5228.76,0.0,28845.4,,,,,0.0,0.0,12728.0
5229.76,0.0,28845.4,,,,,0.0,0.0,12728.0
5230.76,100.0,28777.1,,,,,100.0,100.0,12728.1
5231.76,0.0,28777.1,,,,,0.0,0.0,12728.1
5232.76,0.0,28777.1,,,,,0.0,0.0,12728.1
5233.76,100.0,28708.9,,,,,100.0,100.0,12728.1
5234.76,0.0,28708.9,,,,,0.0,0.0,12728.1
5235.76,0.0,28708.9,,,,,0.0,0.0,12728.1
5236.76,100.0,28608.7,,,,,100.0,100.0,12707.6
5237.76,0.0,28676.8,,,,,0.0,0.0,12715.8
5238.76,0.0,28813.0,,,,,0.0,0.0,12723.8
5239.76,100.0,28813.0,,,,,100.0,100.0,12712.7
5240.76,0.0,28881.0,,,,,0.0,0.0,12723.6
5241.76,0.0,28881.0,,,,,0.0,0.0,12723.7
5242.76,100.0,28881.0,,,,,100.0,100.0,12718.7
5243.76,0.0,28881.0,,,,,0.0,0.0,12723.7
5244.76,0.0,28881.0,,,,,0.0,0.0,12723.7
5245.76,100.0,28881.0,,,,,100.0,100.0,12724.5
5246.76,0.0,28881.0,,,,,0.0,0.0,12724.5
5247.76,100.0,28913.0,,,,,100.0,100.0,12726.6
5248.76,0.0,28913.0,,,,,0.0,0.0,12726.6
5249.76,0.0,28913.0,,,,,0.0,0.0,12726.6
5250.76,100.0,28845.4,,,,,100.0,100.0,12728.3
5251.76,0.0,28845.4,,,,,0.0,0.0,12728.3
5252.76,0.0,28845.4,,,,,0.0,0.0,12728.3
5253.76,100.0,28777.1,,,,,100.0,100.0,12728.5
5254.76,0.0,28777.1,,,,,0.0,0.0,12728.5
5255.76,0.0,28777.1,,,,,0.0,0.0,12728.5
5256.76,100.0,28708.9,,,,,100.0,100.0,12728.5
5257.76,0.0,28708.9,,,,,0.0,0.0,12728.5
5258.76,0.0,28708.9,,,,,0.0,0.0,12728.5
5259.76,100.0,28608.7,,,,,100.0,100.0,12722.5
5260.76,0.0,28676.8,,,,,0.0,0.0,12714.5
5261.76,0.0,28813.0,,,,,0.0,0.0,12724.0
5262.76,100.0,28813.0,,,,,100.0,100.0,12712.8
5263.76,0.0,28881.0,,,,,0.0,0.0,12724.0
5264.76,0.0,28881.0,,,,,0.0,0.0,12724.0
5265.76,100.0,28881.0,,,,,100.0,100.0,12717.2
5266.76,0.0,28881.0,,,,,0.0,0.0,12723.9
5267.76,0.0,28881.0,,,,,0.0,0.0,12723.9
5268.76,100.0,28881.0,,,,,100.0,100.0,12724.7
5269.76,0.0,28881.0,,,,,0.0,0.0,12724.7
5270.76,100.0,28913.0,,,,,100.0,100.0,12726.7
5271.76,0.0,28913.0,,,,,0.0,0.0,12726.8
5272.76,0.0,28913.0,,,,,0.0,0.0,12726.8
5273.76,100.0,28845.4,,,,,100.0,100.0,12728.5
5274.76,0.0,28845.4,,,,,0.0,0.0,12728.5
5275.76,0.0,28845.4,,,,,0.0,0.0,12728.5
5276.76,100.0,28777.1,,,,,100.0,100.0,12728.6
5277.76,0.0,28777.1,,,,,0.0,0.0,12728.6
5278.76,0.0,28777.1,,,,,0.0,0.0,12728.6
5279.76,100.0,28708.9,,,,,100.0,100.0,12728.6
5280.76,0.0,28708.9,,,,,0.0,0.0,12728.6
5281.76,0.0,28708.9,,,,,0.0,0.0,12728.6
5282.76,100.0,28608.7,,,,,100.0,100.0,12713.4
5283.76,0.0,28676.8,,,,,0.0,0.0,12711.6
5284.76,0.0,28813.0,,,,,0.0,0.0,12705.4
5285.76,100.0,28813.0,,,,,100.0,100.0,12712.3
5286.76,0.0,28881.0,,,,,0.0,0.0,12724.3
5287.76,0.0,28881.0,,,,,0.0,0.0,12724.3
5288.76,100.0,28881.0,,,,,100.0,100.0,12716.2
5289.76,0.0,28881.0,,,,,0.0,0.0,12724.4
5290.77,0.0,28881.0,,,,,0.0,0.0,12724.4
5291.77,100.0,28881.0,,,,,100.0,100.0,12725.2
5292.77,0.0,28881.0,,,,,0.0,0.0,12725.2
5293.77,0.0,28881.0,,,,,0.0,0.0,12725.2
5294.77,100.0,28913.0,,,,,100.0,100.0,12727.2
5295.77,0.0,28913.0,,,,,0.0,0.0,12727.2
5296.77,100.0,28845.4,,,,,100.0,100.0,12728.9
5297.77,0.0,28845.4,,,,,0.0,0.0,12728.9
5298.77,0.0,28845.4,,,,,0.0,0.0,12728.9
5299.77,100.0,28777.1,,,,,100.0,100.0,12729.1
5300.77,0.0,28777.1,,,,,0.0,0.0,12729.1
5301.77,0.0,28777.1,,,,,0.0,0.0,12729.1
5302.77,100.0,28708.9,,,,,100.0,100.0,12729.1
5303.77,0.0,28708.9,,,,,0.0,0.0,12729.1
5304.77,0.0,28708.9,,,,,0.0,0.0,12729.1
5305.77,100.0,28608.7,,,,,100.0,100.0,12722.9
5306.77,0.0,28676.8,,,,,0.0,0.0,12709.7
5307.77,0.0,28779.0,,,,,0.0,0.0,12721.5
5308.77,100.0,28813.0,,,,,100.0,100.0,12708.9
5309.77,0.0,28881.0,,,,,0.0,0.0,12717.3
5310.77,0.0,28881.0,,,,,0.0,0.0,12724.5
5311.77,100.0,28881.0,,,,,100.0,100.0,12713.6
5312.77,0.0,28881.0,,,,,0.0,0.0,12724.4
5313.77,0.0,28881.0,,,,,0.0,0.0,12724.4
5314.77,100.0,28881.0,,,,,100.0,100.0,12725.2
5315.77,0.0,28881.0,,,,,0.0,0.0,12725.2
5316.77,0.0,28881.0,,,,,0.0,0.0,12725.2
5317.77,100.0,28913.0,,,,,100.0,100.0,12727.2
5318.77,0.0,28913.0,,,,,0.0,0.0,12727.2
5319.77,100.0,28845.4,,,,,100.0,100.0,12729.0
5320.77,0.0,28845.4,,,,,0.0,0.0,12729.0
5321.77,0.0,28845.4,,,,,0.0,0.0,12729.0
5322.77,100.0,28777.1,,,,,100.0,100.0,12729.1
5323.77,0.0,28777.1,,,,,0.0,0.0,12729.1
5324.77,0.0,28777.1,,,,,0.0,0.0,12729.1
5325.77,100.0,28708.9,,,,,100.0,100.0,12729.1
5326.77,0.0,28708.9,,,,,0.0,0.0,12729.1
5327.77,0.0,28708.9,,,,,0.0,0.0,12729.1
5328.77,100.0,28608.7,,,,,100.0,100.0,12723.2
5329.77,0.0,28676.8,,,,,0.0,0.0,12710.3
5330.77,0.0,28779.0,,,,,0.0,0.0,12719.5
5331.77,100.0,28813.0,,,,,100.0,100.0,12725.0
5332.77,0.0,28881.0,,,,,0.0,0.0,12716.5
5333.77,0.0,28881.0,,,,,0.0,0.0,12724.7
5334.77,100.0,28881.0,,,,,100.0,100.0,12714.1
5335.77,0.0,28881.0,,,,,0.0,0.0,12724.7
5336.77,0.0,28881.0,,,,,0.0,0.0,12724.7
5337.77,100.0,28881.0,,,,,100.0,100.0,12725.5
5338.77,0.0,28881.0,,,,,0.0,0.0,12725.5
5339.77,0.0,28881.0,,,,,0.0,0.0,12725.5
5340.77,100.0,28913.0,,,,,100.0,100.0,12727.4
5341.77,0.0,28913.0,,,,,0.0,0.0,12727.4
5342.77,100.0,28845.4,,,,,100.0,100.0,12729.1
5343.77,0.0,28845.4,,,,,0.0,0.0,12729.1
5344.77,0.0,28845.4,,,,,0.0,0.0,12729.1
5345.77,100.0,28777.1,,,,,100.0,100.0,12729.3
5346.77,0.0,28777.1,,,,,0.0,0.0,12729.3
5347.77,0.0,28777.1,,,,,0.0,0.0,12729.3
5348.77,100.0,28708.9,,,,,100.0,100.0,12729.3
5349.77,0.0,28708.9,,,,,0.0,0.0,12729.3
5350.77,0.0,28708.9,,,,,0.0,0.0,12729.3
5351.77,100.0,28574.7,,,,,100.0,100.0,12722.6
5352.77,0.0,28676.8,,,,,0.0,0.0,12723.4
5353.77,0.0,28744.9,,,,,0.0,0.0,12715.8
5354.77,100.0,28813.0,,,,,100.0,100.0,12724.8
5355.77,0.0,28881.0,,,,,0.0,0.0,12714.8
5356.77,0.0,28881.0,,,,,0.0,0.0,12725.0
5357.77,100.0,28881.0,,,,,100.0,100.0,12719.4
5358.77,0.0,28881.0,,,,,0.0,0.0,12724.9
5359.77,0.0,28881.0,,,,,0.0,0.0,12724.9
5360.77,100.0,28881.0,,,,,100.0,100.0,12725.6
5361.77,0.0,28881.0,,,,,0.0,0.0,12725.6
5362.77,0.0,28881.0,,,,,0.0,0.0,12725.6
5363.78,100.0,28913.0,,,,,100.0,100.0,12727.5
5364.78,0.0,28913.0,,,,,0.0,0.0,12727.5
5365.78,0.0,28913.0,,,,,0.0,0.0,12727.5
5366.78,100.0,28845.4,,,,,100.0,100.0,12729.3
5367.78,0.0,28845.4,,,,,0.0,0.0,12729.3
5368.78,100.0,28777.1,,,,,100.0,100.0,12729.4
5369.78,0.0,28777.1,,,,,0.0,0.0,12729.4
5370.78,0.0,28777.1,,,,,0.0,0.0,12729.4
5371.78,100.0,28708.9,,,,,100.0,100.0,12729.5
5372.78,0.0,28708.9,,,,,0.0,0.0,12729.5
5373.78,0.0,28708.9,,,,,0.0,0.0,12729.5
5374.78,100.0,28608.6,,,,,100.0,100.0,12717.8
5375.78,0.0,28676.8,,,,,0.0,0.0,12708.2
5376.78,0.0,28744.9,,,,,0.0,0.0,12713.8
5377.78,100.0,28813.0,,,,,100.0,100.0,12716.2
5378.78,0.0,28881.0,,,,,0.0,0.0,12713.4
5379.78,0.0,28881.0,,,,,0.0,0.0,12725.1
5380.78,100.0,28881.0,,,,,100.0,100.0,12712.9
5381.78,0.0,28881.0,,,,,0.0,0.0,12725.1
5382.78,0.0,28881.0,,,,,0.0,0.0,12725.1
5383.78,100.0,28881.0,,,,,100.0,100.0,12725.9
5384.78,0.0,28881.0,,,,,0.0,0.0,12725.9
5385.78,0.0,28881.0,,,,,0.0,0.0,12725.9
5386.78,100.0,28913.0,,,,,100.0,100.0,12727.8
5387.78,0.0,28913.0,,,,,0.0,0.0,12727.8
5388.78,0.0,28913.0,,,,,0.0,0.0,12727.8
5389.78,100.0,28845.4,,,,,100.0,100.0,12729.6
5390.78,0.0,28845.4,,,,,0.0,0.0,12729.6
5391.78,100.0,28777.1,,,,,100.0,100.0,12729.8
5392.78,0.0,28777.1,,,,,0.0,0.0,12729.8
5393.78,0.0,28777.1,,,,,0.0,0.0,12729.8
5394.78,100.0,28708.9,,,,,100.0,100.0,12729.8
5395.78,0.0,28708.9,,,,,0.0,0.0,12729.8
5396.78,0.0,28708.9,,,,,0.0,0.0,12729.8
5397.78,100.0,28608.6,,,,,100.0,100.0,12713.8
5398.78,0.0,28676.8,,,,,0.0,0.0,12707.1
5399.78,0.0,28744.9,,,,,0.0,0.0,12713.6
5400.78,100.0,28813.0,,,,,100.0,100.0,12725.6
5401.78,0.0,28881.0,,,,,0.0,0.0,12714.1
5402.78,0.0,28881.0,,,,,0.0,0.0,12725.7
5403.78,100.0,28881.0,,,,,100.0,100.0,12712.0
5404.78,0.0,28881.0,,,,,0.0,0.0,12725.5
5405.78,0.0,28881.0,,,,,0.0,0.0,12725.5
5406.78,100.0,28881.0,,,,,100.0,100.0,12726.2
5407.78,0.0,28881.0,,,,,0.0,0.0,12726.2
5408.78,0.0,28881.0,,,,,0.0,0.0,12726.2
5409.78,100.0,28913.0,,,,,100.0,100.0,12728.2
5410.78,0.0,28913.0,,,,,0.0,0.0,12728.2
5411.78,0.0,28913.0,,,,,0.0,0.0,12728.2
5412.78,100.0,28845.4,,,,,100.0,100.0,12730.0
5413.78,0.0,28845.4,,,,,0.0,0.0,12730.0
5414.78,100.0,28777.1,,,,,100.0,100.0,12730.1
5415.78,0.0,28777.1,,,,,0.0,0.0,12730.1
5416.78,0.0,28777.1,,,,,0.0,0.0,12730.1
5417.78,100.0,28708.9,,,,,100.0,100.0,12730.1
5418.78,0.0,28708.9,,,,,0.0,0.0,12730.1
5419.78,0.0,28708.9,,,,,0.0,0.0,12730.1
5420.78,100.0,28608.6,,,,,100.0,100.0,12711.9
5421.78,0.0,28676.8,,,,,0.0,0.0,12724.1
5422.78,0.0,28744.9,,,,,0.0,0.0,12714.7
5423.78,100.0,28813.0,,,,,100.0,100.0,12726.0
5424.78,0.0,28881.0,,,,,0.0,0.0,12715.1
5425.78,0.0,28881.0,,,,,0.0,0.0,12725.5
5426.78,100.0,28881.0,,,,,100.0,100.0,12726.2
5427.78,0.0,28881.0,,,,,0.0,0.0,12725.5
5428.78,0.0,28881.0,,,,,0.0,0.0,12725.5
5429.78,100.0,28881.0,,,,,100.0,100.0,12726.2
5430.78,0.0,28881.0,,,,,0.0,0.0,12726.2
5431.78,0.0,28881.0,,,,,0.0,0.0,12726.2
5432.78,100.0,28913.0,,,,,100.0,100.0,12728.2
5433.78,0.0,28913.0,,,,,0.0,0.0,12728.2
5434.78,0.0,28913.0,,,,,0.0,0.0,12728.2
5435.78,100.0,28845.4,,,,,100.0,100.0,12730.1
5436.78,0.0,28845.4,,,,,0.0,0.0,12730.1
5437.78,100.0,28777.1,,,,,100.0,100.0,12730.3
5438.78,0.0,28777.1,,,,,0.0,0.0,12730.3
5439.79,0.0,28777.1,,,,,0.0,0.0,12730.3
5440.79,100.0,28708.9,,,,,100.0,100.0,12730.3
5441.79,0.0,28708.9,,,,,0.0,0.0,12730.3
5442.79,0.0,28708.9,,,,,0.0,0.0,12730.3
5443.79,100.0,28608.6,,,,,100.0,100.0,12710.8
5444.79,0.0,28642.8,,,,,0.0,0.0,12717.9
5445.79,0.0,28744.9,,,,,0.0,0.0,12723.6
5446.79,0.0,28813.0,,,,,0.0,0.0,12715.3
5447.79,100.0,28847.0,,,,,100.0,100.0,12722.5
5448.79,0.0,28881.0,,,,,0.0,0.0,12724.9
5449.79,0.0,28881.0,,,,,0.0,0.0,12724.9
5450.79,100.0,28881.0,,,,,100.0,100.0,12725.2
5451.79,0.0,28881.0,,,,,0.0,0.0,12725.2
5452.79,100.0,28881.0,,,,,100.0,100.0,12725.6
5453.79,0.0,28881.0,,,,,0.0,0.0,12726.0
5454.79,0.0,28881.0,,,,,0.0,0.0,12726.0
5455.79,100.0,28913.0,,,,,100.0,100.0,12727.8
5456.79,0.0,28913.0,,,,,0.0,0.0,12727.8
5457.79,0.0,28913.0,,,,,0.0,0.0,12727.8
5458.79,100.0,28845.4,,,,,100.0,100.0,12729.7
5459.79,0.0,28845.4,,,,,0.0,0.0,12729.7
5460.79,0.0,28845.4,,,,,0.0,0.0,12729.7
5461.79,100.0,28777.1,,,,,100.0,100.0,12729.9
5462.79,0.0,28777.1,,,,,0.0,0.0,12729.9
5463.79,0.0,28777.1,,,,,0.0,0.0,12729.9
5464.79,100.0,28708.9,,,,,100.0,100.0,12729.9
5465.79,0.0,28708.9,,,,,0.0,0.0,12729.9
5466.79,100.0,28608.6,,,,,100.0,100.0,12730.0
5467.79,0.0,28608.7,,,,,0.0,0.0,12713.0
5468.79,0.0,28744.9,,,,,0.0,0.0,12724.4
5469.79,0.0,28813.0,,,,,0.0,0.0,12713.7
5470.79,100.0,28847.0,,,,,100.0,100.0,12724.4
5471.79,0.0,28881.0,,,,,0.0,0.0,12725.3
5472.79,0.0,28881.0,,,,,0.0,0.0,12725.3
5473.79,100.0,28881.0,,,,,100.0,100.0,12725.2
5474.79,0.0,28881.0,,,,,0.0,0.0,12725.2
5475.79,100.0,28881.0,,,,,100.0,100.0,12725.5
5476.79,0.0,28881.0,,,,,0.0,0.0,12725.8
5477.79,0.0,28881.0,,,,,0.0,0.0,12725.8
5478.79,100.0,28913.0,,,,,100.0,100.0,12727.7
5479.79,0.0,28913.0,,,,,0.0,0.0,12727.7
5480.79,0.0,28913.0,,,,,0.0,0.0,12727.7
5481.79,100.0,28845.4,,,,,100.0,100.0,12729.6
5482.79,0.0,28845.4,,,,,0.0,0.0,12729.6
5483.79,0.0,28845.4,,,,,0.0,0.0,12729.6
5484.79,100.0,28777.1,,,,,100.0,100.0,12729.8
5485.79,0.0,28777.1,,,,,0.0,0.0,12729.8
5486.79,0.0,28777.1,,,,,0.0,0.0,12729.8
5487.79,100.0,28708.9,,,,,100.0,100.0,12729.8
5488.79,0.0,28708.9,,,,,0.0,0.0,12729.8
5489.79,100.0,28608.6,,,,,100.0,100.0,12729.8
5490.79,0.0,28608.7,,,,,0.0,0.0,12712.1
5491.79,0.0,28744.9,,,,,0.0,0.0,12724.7
5492.79,0.0,28813.0,,,,,0.0,0.0,12725.4
5493.79,100.0,28813.0,,,,,100.0,100.0,12722.2
5494.79,0.0,28881.0,,,,,0.0,0.0,12725.6
5495.79,0.0,28881.0,,,,,0.0,0.0,12725.6
5496.79,100.0,28881.0,,,,,100.0,100.0,12725.7
5497.79,0.0,28881.0,,,,,0.0,0.0,12725.7
5498.79,100.0,28881.0,,,,,100.0,100.0,12726.0
5499.79,0.0,28881.0,,,,,0.0,0.0,12726.5
5500.79,0.0,28881.0,,,,,0.0,0.0,12726.5
5501.79,100.0,28913.0,,,,,100.0,100.0,12728.5
5502.79,0.0,28913.0,,,,,0.0,0.0,12728.5
5503.79,0.0,28913.0,,,,,0.0,0.0,12728.5
5504.79,100.0,28845.4,,,,,100.0,100.0,12730.1
5505.79,0.0,28845.4,,,,,0.0,0.0,12730.1
5506.79,0.0,28845.4,,,,,0.0,0.0,12730.1
5507.79,100.0,28777.1,,,,,100.0,100.0,12730.3
5508.79,0.0,28777.1,,,,,0.0,0.0,12730.3
5509.79,0.0,28777.1,,,,,0.0,0.0,12730.3
5510.79,100.0,28708.9,,,,,100.0,100.0,12730.3
5511.79,0.0,28708.9,,,,,0.0,0.0,12730.3
5512.79,100.0,28608.6,,,,,100.0,100.0,12730.4
5513.8,0.0,28608.7,,,,,0.0,0.0,12710.0
5514.8,0.0,28676.8,,,,,0.0,0.0,12721.9
5515.8,0.0,28813.0,,,,,0.0,0.0,12712.5
5516.8,100.0,28813.0,,,,,100.0,100.0,12719.2
5517.8,0.0,28881.0,,,,,0.0,0.0,12725.6
5518.8,0.0,28881.0,,,,,0.0,0.0,12725.6
5519.8,100.0,28881.0,,,,,100.0,100.0,12725.4
5520.8,0.0,28881.0,,,,,0.0,0.0,12725.4
5521.8,0.0,28881.0,,,,,0.0,0.0,12725.4
5522.8,100.0,28881.0,,,,,100.0,100.0,12726.2
5523.8,0.0,28881.0,,,,,0.0,0.0,12726.2
5524.8,100.0,28913.0,,,,,100.0,100.0,12728.0
5525.8,0.0,28913.0,,,,,0.0,0.0,12728.0
5526.8,0.0,28913.0,,,,,0.0,0.0,12728.0
5527.8,100.0,28845.4,,,,,100.0,100.0,12729.9
5528.8,0.0,28845.4,,,,,0.0,0.0,12729.9
5529.8,0.0,28845.4,,,,,0.0,0.0,12729.9
5530.8,100.0,28777.1,,,,,100.0,100.0,12730.1
5531.8,0.0,28777.1,,,,,0.0,0.0,12730.1
5532.8,0.0,28777.1,,,,,0.0,0.0,12730.1
5533.8,100.0,28708.9,,,,,100.0,100.0,12730.1
5534.8,0.0,28708.9,,,,,0.0,0.0,12730.1
5535.8,0.0,28708.9,,,,,0.0,0.0,12730.1
5536.8,100.0,28608.7,,,,,100.0,100.0,12710.5
5537.8,0.0,28676.8,,,,,0.0,0.0,12718.1
5538.8,0.0,28813.0,,,,,0.0,0.0,12709.8
5539.8,100.0,28813.0,,,,,100.0,100.0,12715.4
5540.8,0.0,28881.0,,,,,0.0,0.0,12723.9
5541.8,0.0,28881.0,,,,,0.0,0.0,12725.9
5542.8,100.0,28881.0,,,,,100.0,100.0,12725.0
5543.8,0.0,28881.0,,,,,0.0,0.0,12726.0
5544.8,0.0,28881.0,,,,,0.0,0.0,12726.0
5545.8,100.0,28881.0,,,,,100.0,100.0,12726.8
5546.8,0.0,28881.0,,,,,0.0,0.0,12726.8
5547.8,100.0,28913.0,,,,,100.0,100.0,12728.7
5548.8,0.0,28913.0,,,,,0.0,0.0,12728.7
5549.8,0.0,28913.0,,,,,0.0,0.0,12728.7
5550.8,100.0,28845.4,,,,,100.0,100.0,12730.5
5551.8,0.0,28845.4,,,,,0.0,0.0,12730.5
5552.8,0.0,28845.4,,,,,0.0,0.0,12730.5
5553.8,100.0,28777.1,,,,,100.0,100.0,12730.6
5554.8,0.0,28777.1,,,,,0.0,0.0,12730.6
5555.8,0.0,28777.1,,,,,0.0,0.0,12730.6
5556.8,100.0,28708.9,,,,,100.0,100.0,12730.6
5557.8,0.0,28708.9,,,,,0.0,0.0,12730.6
5558.8,0.0,28708.9,,,,,0.0,0.0,12730.6
5559.8,100.0,28608.7,,,,,100.0,100.0,12724.4
5560.8,0.0,28676.8,,,,,0.0,0.0,12715.9
5561.8,0.0,28813.0,,,,,0.0,0.0,12726.3
5562.8,100.0,28813.0,,,,,100.0,100.0,12716.0
5563.8,0.0,28881.0,,,,,0.0,0.0,12726.2
5564.8,0.0,28881.0,,,,,0.0,0.0,12726.2
5565.8,100.0,28881.0,,,,,100.0,100.0,12720.0
5566.8,0.0,28881.0,,,,,0.0,0.0,12726.5
5567.8,0.0,28881.0,,,,,0.0,0.0,12726.5
5568.8,100.0,28881.0,,,,,100.0,100.0,12727.2
5569.8,0.0,28881.0,,,,,0.0,0.0,12727.2
5570.8,100.0,28913.0,,,,,100.0,100.0,12729.1
5571.8,0.0,28913.0,,,,,0.0,0.0,12729.1
5572.8,0.0,28913.0,,,,,0.0,0.0,12729.1
5573.8,100.0,28845.4,,,,,100.0,100.0,12730.8
5574.8,0.0,28845.4,,,,,0.0,0.0,12730.8
5575.8,0.0,28845.4,,,,,0.0,0.0,12730.8
5576.8,100.0,28777.1,,,,,100.0,100.0,12731.0
5577.8,0.0,28777.1,,,,,0.0,0.0,12731.0
5578.8,0.0,28777.1,,,,,0.0,0.0,12731.0
5579.8,100.0,28708.9,,,,,100.0,100.0,12731.0
5580.8,0.0,28708.9,,,,,0.0,0.0,12731.0
5581.8,0.0,28708.9,,,,,0.0,0.0,12731.0
5582.8,100.0,28608.7,,,,,100.0,100.0,12725.0
5583.8,0.0,28676.8,,,,,0.0,0.0,12715.5
5584.8,0.0,28813.0,,,,,0.0,0.0,12726.7
5585.81,100.0,28813.0,,,,,100.0,100.0,12727.2
5586.81,0.0,28881.0,,,,,0.0,0.0,12726.5
5587.81,0.0,28881.0,,,,,0.0,0.0,12726.6
5588.81,100.0,28881.0,,,,,100.0,100.0,12718.2
5589.81,0.0,28881.0,,,,,0.0,0.0,12726.7
5590.81,0.0,28881.0,,,,,0.0,0.0,12726.7
5591.81,100.0,28881.0,,,,,100.0,100.0,12727.5
5592.81,0.0,28881.0,,,,,0.0,0.0,12727.5
5593.81,0.0,28881.0,,,,,0.0,0.0,12727.5
5594.81,100.0,28913.0,,,,,100.0,100.0,12729.4
5595.81,0.0,28913.0,,,,,0.0,0.0,12729.4
5596.81,100.0,28845.4,,,,,100.0,100.0,12731.1
5597.81,0.0,28845.4,,,,,0.0,0.0,12731.1
5598.81,0.0,28845.4,,,,,0.0,0.0,12731.1
5599.81,100.0,28777.1,,,,,100.0,100.0,12731.2
5600.81,0.0,28777.1,,,,,0.0,0.0,12731.2
5601.81,0.0,28777.1,,,,,0.0,0.0,12731.2
5602.81,100.0,28708.9,,,,,100.0,100.0,12731.2
5603.81,0.0,28708.9,,,,,0.0,0.0,12731.2
5604.81,0.0,28708.9,,,,,0.0,0.0,12731.2
5605.81,100.0,28608.7,,,,,100.0,100.0,12715.7
5606.81,0.0,28676.8,,,,,0.0,0.0,12713.4
5607.81,0.0,28779.0,,,,,0.0,0.0,12726.1
5608.81,100.0,28813.0,,,,,100.0,100.0,12714.4
5609.81,0.0,28881.0,,,,,0.0,0.0,12722.3
5610.81,0.0,28881.0,,,,,0.0,0.0,12726.5
5611.81,100.0,28881.0,,,,,100.0,100.0,12717.2
5612.81,0.0,28881.0,,,,,0.0,0.0,12726.9
5613.81,0.0,28881.0,,,,,0.0,0.0,12726.9
5614.81,100.0,28881.0,,,,,100.0,100.0,12727.7
5615.81,0.0,28881.0,,,,,0.0,0.0,12727.7
5616.81,0.0,28881.0,,,,,0.0,0.0,12727.7
5617.81,100.0,28913.0,,,,,100.0,100.0,12729.6
5618.81,0.0,28913.0,,,,,0.0,0.0,12729.6
5619.81,100.0,28845.4,,,,,100.0,100.0,12731.4
5620.81,0.0,28845.4,,,,,0.0,0.0,12731.4
5621.81,0.0,28845.4,,,,,0.0,0.0,12731.4
5622.81,100.0,28777.1,,,,,100.0,100.0,12731.5
5623.81,0.0,28777.1,,,,,0.0,0.0,12731.5
5624.81,0.0,28777.1,,,,,0.0,0.0,12731.5
5625.81,100.0,28708.9,,,,,100.0,100.0,12731.5
5626.81,0.0,28708.9,,,,,0.0,0.0,12731.5
5627.81,0.0,28708.9,,,,,0.0,0.0,12731.5
5628.81,100.0,28608.7,,,,,100.0,100.0,12725.3
5629.81,0.0,28676.8,,,,,0.0,0.0,12712.9
5630.81,0.0,28744.9,,,,,0.0,0.0,12723.1
5631.81,100.0,28813.0,,,,,100.0,100.0,12711.8
5632.81,0.0,28881.0,,,,,0.0,0.0,12719.0
5633.81,0.0,28881.0,,,,,0.0,0.0,12727.0
5634.81,100.0,28881.0,,,,,100.0,100.0,12717.5
5635.81,0.0,28881.0,,,,,0.0,0.0,12727.0
5636.81,0.0,28881.0,,,,,0.0,0.0,12727.0
5637.81,100.0,28881.0,,,,,100.0,100.0,12727.7
5638.81,0.0,28881.0,,,,,0.0,0.0,12727.7
5639.81,0.0,28881.0,,,,,0.0,0.0,12727.7
5640.81,100.0,28913.0,,,,,100.0,100.0,12729.7
5641.81,0.0,28913.0,,,,,0.0,0.0,12729.7
5642.81,100.0,28845.4,,,,,100.0,100.0,12731.5
5643.81,0.0,28845.4,,,,,0.0,0.0,12731.5
5644.81,0.0,28845.4,,,,,0.0,0.0,12731.5
5645.81,100.0,28777.1,,,,,100.0,100.0,12731.7
5646.81,0.0,28777.1,,,,,0.0,0.0,12731.7
5647.81,0.0,28777.1,,,,,0.0,0.0,12731.7
5648.81,100.0,28708.9,,,,,100.0,100.0,12731.7
5649.81,0.0,28708.9,,,,,0.0,0.0,12731.7
5650.81,0.0,28708.9,,,,,0.0,0.0,12731.7
5651.81,100.0,28608.7,,,,,100.0,100.0,12725.1
5652.81,0.0,28676.8,,,,,0.0,0.0,12713.7
5653.81,0.0,28744.9,,,,,0.0,0.0,12721.3
5654.81,100.0,28813.0,,,,,100.0,100.0,12727.7
5655.81,0.0,28881.0,,,,,0.0,0.0,12718.7
5656.81,0.0,28881.0,,,,,0.0,0.0,12727.4
5657.81,100.0,28881.0,,,,,100.0,100.0,12728.0
5658.81,0.0,28881.0,,,,,0.0,0.0,12727.4
5659.82,0.0,28881.0,,,,,0.0,0.0,12727.4
5660.82,100.0,28881.0,,,,,100.0,100.0,12728.2
5661.82,0.0,28881.0,,,,,0.0,0.0,12728.2
5662.82,0.0,28881.0,,,,,0.0,0.0,12728.2
5663.82,100.0,28913.0,,,,,100.0,100.0,12730.1
5664.82,0.0,28913.0,,,,,0.0,0.0,12730.1
5665.82,0.0,28913.0,,,,,0.0,0.0,12730.1
5666.82,100.0,28845.4,,,,,100.0,100.0,12732.0
5667.82,0.0,28845.4,,,,,0.0,0.0,12732.0
5668.82,100.0,28777.1,,,,,100.0,100.0,12732.2
5669.82,0.0,28777.1,,,,,0.0,0.0,12732.2
5670.82,0.0,28777.1,,,,,0.0,0.0,12732.2
5671.82,100.0,28708.9,,,,,100.0,100.0,12732.2
5672.82,0.0,28708.9,,,,,0.0,0.0,12732.2
5673.82,0.0,28708.9,,,,,0.0,0.0,12732.2
5674.82,100.0,28608.6,,,,,100.0,100.0,12720.2
5675.82,0.0,28676.8,,,,,0.0,0.0,12726.1
5676.82,0.0,28744.9,,,,,0.0,0.0,12718.5
5677.82,100.0,28813.0,,,,,100.0,100.0,12728.0
5678.82,0.0,28881.0,,,,,0.0,0.0,12718.3
5679.82,0.0,28881.0,,,,,0.0,0.0,12727.6
5680.82,100.0,28881.0,,,,,100.0,100.0,12713.6
5681.82,0.0,28881.0,,,,,0.0,0.0,12727.7
5682.82,0.0,28881.0,,,,,0.0,0.0,12727.7
5683.82,100.0,28881.0,,,,,100.0,100.0,12728.4
5684.82,0.0,28881.0,,,,,0.0,0.0,12728.4
5685.82,0.0,28881.0,,,,,0.0,0.0,12728.4
5686.82,100.0,28913.0,,,,,100.0,100.0,12730.3
5687.82,0.0,28913.0,,,,,0.0,0.0,12730.3
5688.82,0.0,28913.0,,,,,0.0,0.0,12730.3
5689.82,100.0,28845.4,,,,,100.0,100.0,12732.1
5690.82,0.0,28845.4,,,,,0.0,0.0,12732.1
5691.82,100.0,28777.1,,,,,100.0,100.0,12732.3
5692.82,0.0,28777.1,,,,,0.0,0.0,12732.3
5693.82,0.0,28777.1,,,,,0.0,0.0,12732.3
5694.82,100.0,28708.9,,,,,100.0,100.0,12732.3
5695.82,0.0,28708.9,,,,,0.0,0.0,12732.3
5696.82,0.0,28708.9,,,,,0.0,0.0,12732.3
5697.82,100.0,28608.6,,,,,100.0,100.0,12716.2
5698.82,0.0,28676.8,,,,,0.0,0.0,12710.4
5699.82,0.0,28744.9,,,,,0.0,0.0,12717.7
5700.82,100.0,28813.0,,,,,100.0,100.0,12709.9
5701.82,0.0,28881.0,,,,,0.0,0.0,12717.0
5702.82,0.0,28881.0,,,,,0.0,0.0,12727.8
5703.82,100.0,28881.0,,,,,100.0,100.0,12715.3
5704.82,0.0,28881.0,,,,,0.0,0.0,12727.8
5705.82,0.0,28881.0,,,,,0.0,0.0,12727.8
5706.82,100.0,28881.0,,,,,100.0,100.0,12728.4
5707.82,0.0,28881.0,,,,,0.0,0.0,12728.4
5708.82,0.0,28881.0,,,,,0.0,0.0,12728.4
5709.82,100.0,28913.0,,,,,100.0,100.0,12730.4
5710.82,0.0,28913.0,,,,,0.0,0.0,12730.4
5711.82,0.0,28913.0,,,,,0.0,0.0,12730.4
5712.82,100.0,28845.4,,,,,100.0,100.0,12732.2
5713.82,0.0,28845.4,,,,,0.0,0.0,12732.2
5714.82,100.0,28777.1,,,,,100.0,100.0,12732.4
5715.82,0.0,28777.1,,,,,0.0,0.0,12732.4
5716.82,0.0,28777.1,,,,,0.0,0.0,12732.4
5717.82,100.0,28708.9,,,,,100.0,100.0,12732.4
5718.82,0.0,28708.9,,,,,0.0,0.0,12732.4
5719.82,0.0,28708.9,,,,,0.0,0.0,12732.4
5720.82,100.0,28608.6,,,,,100.0,100.0,12714.8
5721.82,0.0,28676.8,,,,,0.0,0.0,12726.5
5722.82,0.0,28744.9,,,,,0.0,0.0,12714.9
5723.82,100.0,28813.0,,,,,100.0,100.0,12728.0
5724.82,0.0,28881.0,,,,,0.0,0.0,12716.9
5725.82,0.0,28881.0,,,,,0.0,0.0,12727.9
5726.82,100.0,28881.0,,,,,100.0,100.0,12728.6
5727.82,0.0,28881.0,,,,,0.0,0.0,12727.9
5728.82,0.0,28881.0,,,,,0.0,0.0,12727.9
5729.82,100.0,28881.0,,,,,100.0,100.0,12728.8
5730.82,0.0,28881.0,,,,,0.0,0.0,12728.8
5731.82,0.0,28881.0,,,,,0.0,0.0,12728.8
5732.83,100.0,28913.0,,,,,100.0,100.0,12730.7
5733.83,0.0,28913.0,,,,,0.0,0.0,12730.7
5734.83,0.0,28913.0,,,,,0.0,0.0,12730.7
5735.83,100.0,28845.4,,,,,100.0,100.0,12732.5
5736.83,0.0,28845.4,,,,,0.0,0.0,12732.5
5737.83,100.0,28777.1,,,,,100.0,100.0,12732.6
5738.83,0.0,28777.1,,,,,0.0,0.0,12732.6
5739.83,0.0,28777.1,,,,,0.0,0.0,12732.6
5740.83,100.0,28708.9,,,,,100.0,100.0,12732.7
5741.83,0.0,28708.9,,,,,0.0,0.0,12732.7
5742.83,0.0,28708.9,,,,,0.0,0.0,12732.7
5743.83,100.0,28608.6,,,,,100.0,100.0,12714.4
5744.83,0.0,28676.8,,,,,0.0,0.0,12726.8
5745.83,0.0,28744.9,,,,,0.0,0.0,12716.2
5746.83,0.0,28847.0,,,,,0.0,0.0,12727.7
5747.83,100.0,28881.0,,,,,100.0,100.0,12728.4
5748.83,0.0,28881.0,,,,,0.0,0.0,12728.3
5749.83,100.0,28881.0,,,,,100.0,100.0,12729.0
5750.83,0.0,28881.0,,,,,0.0,0.0,12728.3
5751.83,0.0,28881.0,,,,,0.0,0.0,12728.3
5752.83,100.0,28881.0,,,,,100.0,100.0,12729.0
5753.83,0.0,28881.0,,,,,0.0,0.0,12729.0
5754.83,0.0,28881.0,,,,,0.0,0.0,12729.0
5755.83,100.0,28913.0,,,,,100.0,100.0,12730.9
5756.83,0.0,28913.0,,,,,0.0,0.0,12730.9
5757.83,0.0,28913.0,,,,,0.0,0.0,12730.9
5758.83,100.0,28845.4,,,,,100.0,100.0,12732.8
5759.83,0.0,28845.4,,,,,0.0,0.0,12732.8
5760.83,0.0,28845.4,,,,,0.0,0.0,12732.8
5761.83,100.0,28777.1,,,,,100.0,100.0,12732.9
5762.83,0.0,28777.1,,,,,0.0,0.0,12732.9
5763.83,100.0,28708.9,,,,,100.0,100.0,12732.9
5764.83,0.0,28708.9,,,,,0.0,0.0,12732.9
5765.83,0.0,28708.9,,,,,0.0,0.0,12732.9
5766.83,100.0,28608.6,,,,,100.0,100.0,12714.5
5767.83,0.0,28676.8,,,,,0.0,0.0,12726.9
5768.83,0.0,28744.9,,,,,0.0,0.0,12727.9
5769.83,0.0,28813.0,,,,,0.0,0.0,12724.2
5770.83,100.0,28881.0,,,,,100.0,100.0,12729.0
5771.83,0.0,28881.0,,,,,0.0,0.0,12728.5
5772.83,100.0,28881.0,,,,,100.0,100.0,12710.5
5773.83,0.0,28881.0,,,,,0.0,0.0,12728.4
5774.83,0.0,28881.0,,,,,0.0,0.0,12728.4
5775.83,100.0,28881.0,,,,,100.0,100.0,12729.2
5776.83,0.0,28881.0,,,,,0.0,0.0,12729.2
5777.83,0.0,28881.0,,,,,0.0,0.0,12729.2
5778.83,100.0,28913.0,,,,,100.0,100.0,12731.0
5779.83,0.0,28913.0,,,,,0.0,0.0,12731.0
5780.83,0.0,28913.0,,,,,0.0,0.0,12731.0
5781.83,100.0,28845.4,,,,,100.0,100.0,12732.8
5782.83,0.0,28845.4,,,,,0.0,0.0,12732.8
5783.83,0.0,28845.4,,,,,0.0,0.0,12732.8
5784.83,100.0,28777.1,,,,,100.0,100.0,12733.0
5785.83,0.0,28777.1,,,,,0.0,0.0,12733.0
5786.83,100.0,28708.9,,,,,100.0,100.0,12733.0
5787.83,0.0,28708.9,,,,,0.0,0.0,12733.0
5788.83,0.0,28708.9,,,,,0.0,0.0,12733.0
5789.83,100.0,28608.6,,,,,100.0,100.0,12722.3
5790.83,0.0,28676.8,,,,,0.0,0.0,12726.8
5791.83,0.0,28744.9,,,,,0.0,0.0,12713.8
5792.83,0.0,28813.0,,,,,0.0,0.0,12721.1
5793.83,100.0,28881.0,,,,,100.0,100.0,12711.7
5794.83,0.0,28881.0,,,,,0.0,0.0,12728.8
5795.83,100.0,28881.0,,,,,100.0,100.0,12729.4
5796.83,0.0,28881.0,,,,,0.0,0.0,12728.9
5797.83,0.0,28881.0,,,,,0.0,0.0,12728.9
5798.83,100.0,28881.0,,,,,100.0,100.0,12729.6
5799.83,0.0,28881.0,,,,,0.0,0.0,12729.6
5800.83,0.0,28881.0,,,,,0.0,0.0,12729.6
5801.83,100.0,28913.0,,,,,100.0,100.0,12731.5
5802.83,0.0,28913.0,,,,,0.0,0.0,12731.5
5803.83,0.0,28913.0,,,,,0.0,0.0,12731.5
5804.83,100.0,28845.4,,,,,100.0,100.0,12733.2
5805.84,0.0,28845.4,,,,,0.0,0.0,12733.2
5806.84,0.0,28845.4,,,,,0.0,0.0,12733.2
5807.84,100.0,28777.1,,,,,100.0,100.0,12733.4
5808.84,0.0,28777.1,,,,,0.0,0.0,12733.4
5809.84,100.0,28708.9,,,,,100.0,100.0,12733.4
5810.84,0.0,28708.9,,,,,0.0,0.0,12733.4
5811.84,0.0,28708.9,,,,,0.0,0.0,12733.4
5812.84,100.0,28608.6,,,,,100.0,100.0,12713.2
5813.84,0.0,28608.7,,,,,0.0,0.0,12723.5
5814.84,0.0,28744.9,,,,,0.0,0.0,12712.4
5815.84,0.0,28813.0,,,,,0.0,0.0,12718.8
5816.84,100.0,28881.0,,,,,100.0,100.0,12729.4
5817.84,0.0,28881.0,,,,,0.0,0.0,12729.1
5818.84,100.0,28881.0,,,,,100.0,100.0,12729.4
5819.84,0.0,28881.0,,,,,0.0,0.0,12729.2
5820.84,0.0,28881.0,,,,,0.0,0.0,12729.2
5821.84,100.0,28881.0,,,,,100.0,100.0,12730.0
5822.84,0.0,28881.0,,,,,0.0,0.0,12730.0
5823.84,0.0,28881.0,,,,,0.0,0.0,12730.0
5824.84,100.0,28913.0,,,,,100.0,100.0,12731.8
5825.84,0.0,28913.0,,,,,0.0,0.0,12731.8
5826.84,0.0,28913.0,,,,,0.0,0.0,12731.8
5827.84,100.0,28845.4,,,,,100.0,100.0,12733.6
5828.84,0.0,28845.4,,,,,0.0,0.0,12733.6
5829.84,0.0,28845.4,,,,,0.0,0.0,12733.6
5830.84,100.0,28777.1,,,,,100.0,100.0,12733.8
5831.84,0.0,28777.1,,,,,0.0,0.0,12733.8
5832.84,100.0,28708.9,,,,,100.0,100.0,12733.8
5833.84,0.0,28708.9,,,,,0.0,0.0,12733.8
5834.84,0.0,28708.9,,,,,0.0,0.0,12733.8
5835.84,100.0,28608.6,,,,,100.0,100.0,12733.9
5836.84,0.0,28608.7,,,,,0.0,0.0,12717.9
5837.84,0.0,28744.9,,,,,0.0,0.0,12728.7
5838.84,0.0,28813.0,,,,,0.0,0.0,12718.9
5839.84,100.0,28881.0,,,,,100.0,100.0,12729.7
5840.84,0.0,28881.0,,,,,0.0,0.0,12729.4
5841.84,0.0,28881.0,,,,,0.0,0.0,12729.4
5842.84,100.0,28881.0,,,,,100.0,100.0,12729.4
5843.84,0.0,28881.0,,,,,0.0,0.0,12729.4
5844.84,100.0,28881.0,,,,,100.0,100.0,12730.1
5845.84,0.0,28881.0,,,,,0.0,0.0,12730.1
5846.84,0.0,28881.0,,,,,0.0,0.0,12730.1
5847.84,100.0,28913.0,,,,,100.0,100.0,12731.9
5848.84,0.0,28913.0,,,,,0.0,0.0,12731.9
5849.84,0.0,28913.0,,,,,0.0,0.0,12731.9
5850.84,100.0,28845.4,,,,,100.0,100.0,12733.8
5851.84,0.0,28845.4,,,,,0.0,0.0,12733.8
5852.84,0.0,28845.4,,,,,0.0,0.0,12733.8
5853.84,100.0,28777.1,,,,,100.0,100.0,12733.9
5854.84,0.0,28777.1,,,,,0.0,0.0,12733.9
5855.84,0.0,28777.1,,,,,0.0,0.0,12733.9
5856.84,100.0,28708.9,,,,,100.0,100.0,12734.0
5857.84,0.0,28708.9,,,,,0.0,0.0,12734.0
5858.84,100.0,28608.6,,,,,100.0,100.0,12734.0
5859.84,0.0,28608.7,,,,,0.0,0.0,12718.0
5860.84,0.0,28744.9,,,,,0.0,0.0,12728.7
5861.84,0.0,28813.0,,,,,0.0,0.0,12724.5
5862.84,100.0,28847.0,,,,,100.0,100.0,12720.5
5863.84,0.0,28881.0,,,,,0.0,0.0,12729.9
5864.84,0.0,28881.0,,,,,0.0,0.0,12729.9
5865.84,100.0,28881.0,,,,,100.0,100.0,12729.7
5866.84,0.0,28881.0,,,,,0.0,0.0,12729.7
5867.84,100.0,28881.0,,,,,100.0,100.0,12730.1
5868.84,0.0,28881.0,,,,,0.0,0.0,12730.5
5869.84,0.0,28881.0,,,,,0.0,0.0,12730.5
5870.84,100.0,28913.0,,,,,100.0,100.0,12732.3
5871.84,0.0,28913.0,,,,,0.0,0.0,12732.3
5872.84,0.0,28913.0,,,,,0.0,0.0,12732.3
5873.84,100.0,28845.4,,,,,100.0,100.0,12734.0
5874.84,0.0,28845.4,,,,,0.0,0.0,12734.0
5875.84,0.0,28845.4,,,,,0.0,0.0,12734.0
5876.84,100.0,28777.1,,,,,100.0,100.0,12734.2
5877.84,0.0,28777.1,,,,,0.0,0.0,12734.2
5878.85,0.0,28777.1,,,,,0.0,0.0,12734.2
5879.85,100.0,28708.9,,,,,100.0,100.0,12734.2
5880.85,0.0,28708.9,,,,,0.0,0.0,12734.2
5881.85,100.0,28608.6,,,,,100.0,100.0,12734.2
5882.85,0.0,28608.7,,,,,0.0,0.0,12715.8
5883.85,0.0,28744.9,,,,,0.0,0.0,12728.6
5884.85,0.0,28813.0,,,,,0.0,0.0,12717.0
5885.85,100.0,28847.0,,,,,100.0,100.0,12726.0
5886.85,0.0,28881.0,,,,,0.0,0.0,12729.6
5887.85,0.0,28881.0,,,,,0.0,0.0,12729.6
5888.85,100.0,28881.0,,,,,100.0,100.0,12729.7
5889.85,0.0,28881.0,,,,,0.0,0.0,12729.7
5890.85,100.0,28881.0,,,,,100.0,100.0,12730.1
5891.85,0.0,28881.0,,,,,0.0,0.0,12730.4
5892.85,0.0,28881.0,,,,,0.0,0.0,12730.4
5893.85,100.0,28913.0,,,,,100.0,100.0,12732.4
5894.85,0.0,28913.0,,,,,0.0,0.0,12732.4
5895.85,0.0,28913.0,,,,,0.0,0.0,12732.4
5896.85,100.0,28845.4,,,,,100.0,100.0,12734.2
5897.85,0.0,28845.4,,,,,0.0,0.0,12734.2
5898.85,0.0,28845.4,,,,,0.0,0.0,12734.2
5899.85,100.0,28777.1,,,,,100.0,100.0,12734.4
5900.85,0.0,28777.1,,,,,0.0,0.0,12734.4
5901.85,0.0,28777.1,,,,,0.0,0.0,12734.4
5902.85,100.0,28708.9,,,,,100.0,100.0,12734.4
5903.85,0.0,28708.9,,,,,0.0,0.0,12734.4
5904.85,100.0,28608.6,,,,,100.0,100.0,12734.5
5905.85,0.0,28608.7,,,,,0.0,0.0,12715.0
5906.85,0.0,28710.9,,,,,0.0,0.0,12727.4
5907.85,0.0,28813.0,,,,,0.0,0.0,12716.8
5908.85,100.0,28813.0,,,,,100.0,100.0,12721.3
5909.85,0.0,28881.0,,,,,0.0,0.0,12729.9
5910.85,0.0,28881.0,,,,,0.0,0.0,12729.9
5911.85,100.0,28881.0,,,,,100.0,100.0,12730.4
5912.85,0.0,28881.0,,,,,0.0,0.0,12730.4
5913.85,0.0,28881.0,,,,,0.0,0.0,12730.4
5914.85,100.0,28881.0,,,,,100.0,100.0,12731.1
5915.85,0.0,28881.0,,,,,0.0,0.0,12731.1
5916.85,100.0,28913.0,,,,,100.0,100.0,12732.9
5917.85,0.0,28913.0,,,,,0.0,0.0,12732.9
5918.85,0.0,28913.0,,,,,0.0,0.0,12732.9
5919.85,100.0,28845.4,,,,,100.0,100.0,12734.6
5920.85,0.0,28845.4,,,,,0.0,0.0,12734.6
5921.85,0.0,28845.4,,,,,0.0,0.0,12734.6
5922.85,100.0,28777.1,,,,,100.0,100.0,12734.8
5923.85,0.0,28777.1,,,,,0.0,0.0,12734.8
5924.85,0.0,28777.1,,,,,0.0,0.0,12734.8
5925.85,100.0,28708.9,,,,,100.0,100.0,12734.8
5926.85,0.0,28708.9,,,,,0.0,0.0,12734.8
5927.85,0.0,28708.9,,,,,0.0,0.0,12734.8
5928.85,100.0,28608.7,,,,,100.0,100.0,12715.7
5929.85,0.0,28710.9,,,,,0.0,0.0,12726.8
5930.85,0.0,28813.0,,,,,0.0,0.0,12730.4
5931.85,100.0,28813.0,,,,,100.0,100.0,12722.9
5932.85,0.0,28881.0,,,,,0.0,0.0,12730.4
5933.85,0.0,28881.0,,,,,0.0,0.0,12730.4
5934.85,100.0,28881.0,,,,,100.0,100.0,12730.1
5935.85,0.0,28881.0,,,,,0.0,0.0,12730.2
5936.85,0.0,28881.0,,,,,0.0,0.0,12730.2
5937.85,100.0,28881.0,,,,,100.0,100.0,12731.0
5938.85,0.0,28881.0,,,,,0.0,0.0,12731.0
5939.85,100.0,28913.0,,,,,100.0,100.0,12732.8
5940.85,0.0,28913.0,,,,,0.0,0.0,12732.8
5941.85,0.0,28913.0,,,,,0.0,0.0,12732.8
5942.85,100.0,28845.4,,,,,100.0,100.0,12734.6
5943.85,0.0,28845.4,,,,,0.0,0.0,12734.6
5944.85,0.0,28845.4,,,,,0.0,0.0,12734.6
5945.85,100.0,28777.1,,,,,100.0,100.0,12734.8
5946.85,0.0,28777.1,,,,,0.0,0.0,12734.8
5947.85,0.0,28777.1,,,,,0.0,0.0,12734.8
5948.85,100.0,28708.9,,,,,100.0,100.0,12734.8
5949.85,0.0,28708.9,,,,,0.0,0.0,12734.8
5950.85,0.0,28708.9,,,,,0.0,0.0,12734.8
5951.86,100.0,28608.7,,,,,100.0,100.0,12729.1
5952.86,0.0,28676.8,,,,,0.0,0.0,12723.1
5953.86,0.0,28813.0,,,,,0.0,0.0,12723.3
5954.86,100.0,28813.0,,,,,100.0,100.0,12720.1
5955.86,0.0,28881.0,,,,,0.0,0.0,12730.4
5956.86,0.0,28881.0,,,,,0.0,0.0,12730.4
5957.86,100.0,28881.0,,,,,100.0,100.0,12727.4
5958.86,0.0,28881.0,,,,,0.0,0.0,12730.6
5959.86,0.0,28881.0,,,,,0.0,0.0,12730.6
5960.86,100.0,28881.0,,,,,100.0,100.0,12731.4
5961.86,0.0,28881.0,,,,,0.0,0.0,12731.4
5962.86,100.0,28913.0,,,,,100.0,100.0,12733.3
5963.86,0.0,28913.0,,,,,0.0,0.0,12733.3
5964.86,0.0,28913.0,,,,,0.0,0.0,12733.3
5965.86,100.0,28845.4,,,,,100.0,100.0,12735.0
5966.86,0.0,28845.4,,,,,0.0,0.0,12735.0
5967.86,0.0,28845.4,,,,,0.0,0.0,12735.0
5968.86,100.0,28777.1,,,,,100.0,100.0,12735.2
5969.86,0.0,28777.1,,,,,0.0,0.0,12735.2
5970.86,0.0,28777.1,,,,,0.0,0.0,12735.2
5971.86,100.0,28708.9,,,,,100.0,100.0,12735.2
5972.86,0.0,28708.9,,,,,0.0,0.0,12735.2
5973.86,0.0,28708.9,,,,,0.0,0.0,12735.2
5974.86,100.0,28608.7,,,,,100.0,100.0,12710.9
5975.86,0.0,28676.8,,,,,0.0,0.0,12720.7
5976.86,0.0,28813.0,,,,,0.0,0.0,12712.9
5977.86,100.0,28813.0,,,,,100.0,100.0,12719.3
5978.86,0.0,28881.0,,,,,0.0,0.0,12730.8
5979.86,0.0,28881.0,,,,,0.0,0.0,12730.8
5980.86,100.0,28881.0,,,,,100.0,100.0,12723.4
5981.86,0.0,28881.0,,,,,0.0,0.0,12730.6
5982.86,0.0,28881.0,,,,,0.0,0.0,12730.6
5983.86,100.0,28881.0,,,,,100.0,100.0,12731.4
5984.86,0.0,28881.0,,,,,0.0,0.0,12731.4
5985.86,100.0,28913.0,,,,,100.0,100.0,12733.3
5986.86,0.0,28913.0,,,,,0.0,0.0,12733.3
5987.86,0.0,28913.0,,,,,0.0,0.0,12733.3
5988.86,100.0,28845.4,,,,,100.0,100.0,12735.1
5989.86,0.0,28845.4,,,,,0.0,0.0,12735.1
5990.86,0.0,28845.4,,,,,0.0,0.0,12735.1
5991.86,100.0,28777.1,,,,,100.0,100.0,12735.3
5992.86,0.0,28777.1,,,,,0.0,0.0,12735.3
5993.86,0.0,28777.1,,,,,0.0,0.0,12735.3
5994.86,100.0,28708.9,,,,,100.0,100.0,12735.3
5995.86,0.0,28708.9,,,,,0.0,0.0,12735.3
5996.86,0.0,28708.9,,,,,0.0,0.0,12735.3
5997.86,100.0,28608.7,,,,,100.0,100.0,12710.6
5998.86,0.0,28676.8,,,,,0.0,0.0,12718.7
5999.86,0.0,28813.0,,,,,0.0,0.0,12730.9
6000.86,100.0,28813.0,,,,,100.0,100.0,12719.5
6001.86,0.0,28881.0,,,,,0.0,0.0,12726.4
6002.86,0.0,28881.0,,,,,0.0,0.0,12730.7
6003.86,100.0,28881.0,,,,,100.0,100.0,12722.0
6004.86,0.0,28881.0,,,,,0.0,0.0,12731.2
6005.86,0.0,28881.0,,,,,0.0,0.0,12731.2
6006.86,100.0,28881.0,,,,,100.0,100.0,12732.0
6007.86,0.0,28881.0,,,,,0.0,0.0,12732.0
6008.86,0.0,28881.0,,,,,0.0,0.0,12732.0
6009.86,100.0,28913.0,,,,,100.0,100.0,12733.8
6010.86,0.0,28913.0,,,,,0.0,0.0,12733.8
6011.86,100.0,28845.4,,,,,100.0,100.0,12735.6
6012.86,0.0,28845.4,,,,,0.0,0.0,12735.6
6013.86,0.0,28845.4,,,,,0.0,0.0,12735.6
6014.86,100.0,28777.1,,,,,100.0,100.0,12735.8
6015.86,0.0,28777.1,,,,,0.0,0.0,12735.8
6016.86,0.0,28777.1,,,,,0.0,0.0,12735.8
6017.86,100.0,28708.9,,,,,100.0,100.0,12735.8
6018.86,0.0,28708.9,,,,,0.0,0.0,12735.8
6019.86,0.0,28708.9,,,,,0.0,0.0,12735.8
6020.86,100.0,28608.7,,,,,100.0,100.0,12729.7
6021.86,0.0,28676.8,,,,,0.0,0.0,12718.3
6022.86,0.0,28779.0,,,,,0.0,0.0,12728.3
6023.86,100.0,28813.0,,,,,100.0,100.0,12731.2
6024.87,0.0,28881.0,,,,,0.0,0.0,12725.5
6025.87,0.0,28881.0,,,,,0.0,0.0,12731.1
6026.87,100.0,28881.0,,,,,100.0,100.0,12722.1
6027.87,0.0,28881.0,,,,,0.0,0.0,12731.3
6028.87,0.0,28881.0,,,,,0.0,0.0,12731.3
6029.87,100.0,28881.0,,,,,100.0,100.0,12732.0
6030.87,0.0,28881.0,,,,,0.0,0.0,12732.0
6031.87,0.0,28881.0,,,,,0.0,0.0,12732.0
6032.87,100.0,28913.0,,,,,100.0,100.0,12733.9
6033.87,0.0,28913.0,,,,,0.0,0.0,12733.9
6034.87,100.0,28845.4,,,,,100.0,100.0,12735.7
6035.87,0.0,28845.4,,,,,0.0,0.0,12735.7
6036.87,0.0,28845.4,,,,,0.0,0.0,12735.7
6037.87,100.0,28777.1,,,,,100.0,100.0,12735.9
6038.87,0.0,28777.1,,,,,0.0,0.0,12735.9
6039.87,0.0,28777.1,,,,,0.0,0.0,12735.9
6040.87,100.0,28708.9,,,,,100.0,100.0,12735.9
6041.87,0.0,28708.9,,,,,0.0,0.0,12735.9
6042.87,0.0,28708.9,,,,,0.0,0.0,12735.9
6043.87,100.0,28608.7,,,,,100.0,100.0,12729.9
6044.87,0.0,28676.8,,,,,0.0,0.0,12724.1
6045.87,0.0,28779.0,,,,,0.0,0.0,12726.4
6046.87,100.0,28813.0,,,,,100.0,100.0,12724.4
6047.87,0.0,28881.0,,,,,0.0,0.0,12722.8
6048.87,0.0,28881.0,,,,,0.0,0.0,12731.4
6049.87,100.0,28881.0,,,,,100.0,100.0,12719.9
6050.87,0.0,28881.0,,,,,0.0,0.0,12731.4
6051.87,0.0,28881.0,,,,,0.0,0.0,12731.4
6052.87,100.0,28881.0,,,,,100.0,100.0,12732.2
6053.87,0.0,28881.0,,,,,0.0,0.0,12732.2
6054.87,0.0,28881.0,,,,,0.0,0.0,12732.2
6055.87,100.0,28913.0,,,,,100.0,100.0,12734.2
6056.87,0.0,28913.0,,,,,0.0,0.0,12734.2
6057.87,100.0,28845.4,,,,,100.0,100.0,12735.9
6058.87,0.0,28845.4,,,,,0.0,0.0,12735.9
6059.87,0.0,28845.4,,,,,0.0,0.0,12735.9
6060.87,100.0,28777.1,,,,,100.0,100.0,12736.1
6061.87,0.0,28777.1,,,,,0.0,0.0,12736.1
6062.87,0.0,28777.1,,,,,0.0,0.0,12736.1
6063.87,100.0,28708.9,,,,,100.0,100.0,12736.1
6064.87,0.0,28708.9,,,,,0.0,0.0,12736.1
6065.87,0.0,28708.9,,,,,0.0,0.0,12736.1
6066.87,100.0,28574.7,,,,,100.0,100.0,12729.4
6067.87,0.0,28676.8,,,,,0.0,0.0,12715.7
6068.87,0.0,28744.9,,,,,0.0,0.0,12723.3
6069.87,100.0,28813.0,,,,,100.0,100.0,12713.8
6070.87,0.0,28881.0,,,,,0.0,0.0,12722.9
6071.87,0.0,28881.0,,,,,0.0,0.0,12731.6
6072.87,100.0,28881.0,,,,,100.0,100.0,12720.2
6073.87,0.0,28881.0,,,,,0.0,0.0,12731.7
6074.87,0.0,28881.0,,,,,0.0,0.0,12731.7
6075.87,100.0,28881.0,,,,,100.0,100.0,12732.3
6076.87,0.0,28881.0,,,,,0.0,0.0,12732.3
6077.87,0.0,28881.0,,,,,0.0,0.0,12732.3
6078.87,100.0,28913.0,,,,,100.0,100.0,12734.2
6079.87,0.0,28913.0,,,,,0.0,0.0,12734.2
6080.87,0.0,28913.0,,,,,0.0,0.0,12734.2
6081.87,100.0,28845.4,,,,,100.0,100.0,12736.0
6082.87,0.0,28845.4,,,,,0.0,0.0,12736.0
6083.87,100.0,28777.1,,,,,100.0,100.0,12736.2
6084.87,0.0,28777.1,,,,,0.0,0.0,12736.2
6085.87,0.0,28777.1,,,,,0.0,0.0,12736.2
6086.87,100.0,28708.9,,,,,100.0,100.0,12736.2
6087.87,0.0,28708.9,,,,,0.0,0.0,12736.2
6088.87,0.0,28708.9,,,,,0.0,0.0,12736.2
6089.87,100.0,28608.6,,,,,100.0,100.0,12725.0
6090.87,0.0,28676.8,,,,,0.0,0.0,12715.5
6091.87,0.0,28744.9,,,,,0.0,0.0,12722.0
6092.87,100.0,28813.0,,,,,100.0,100.0,12732.0
6093.87,0.0,28881.0,,,,,0.0,0.0,12721.3
6094.87,0.0,28881.0,,,,,0.0,0.0,12731.9
6095.87,100.0,28881.0,,,,,100.0,100.0,12720.1
6096.87,0.0,28881.0,,,,,0.0,0.0,12731.8
6097.88,0.0,28881.0,,,,,0.0,0.0,12731.8
6098.88,100.0,28881.0,,,,,100.0,100.0,12732.4
6099.88,0.0,28881.0,,,,,0.0,0.0,12732.4
6100.88,0.0,28881.0,,,,,0.0,0.0,12732.4
6101.88,100.0,28913.0,,,,,100.0,100.0,12734.4
6102.88,0.0,28913.0,,,,,0.0,0.0,12734.4
6103.88,0.0,28913.0,,,,,0.0,0.0,12734.4
6104.88,100.0,28845.4,,,,,100.0,100.0,12736.2
6105.88,0.0,28845.4,,,,,0.0,0.0,12736.2
6106.88,100.0,28777.1,,,,,100.0,100.0,12736.4
6107.88,0.0,28777.1,,,,,0.0,0.0,12736.4
6108.88,0.0,28777.1,,,,,0.0,0.0,12736.4
6109.88,100.0,28708.9,,,,,100.0,100.0,12736.4
6110.88,0.0,28708.9,,,,,0.0,0.0,12736.4
6111.88,0.0,28708.9,,,,,0.0,0.0,12736.4
6112.88,100.0,28608.6,,,,,100.0,100.0,12721.3
6113.88,0.0,28676.8,,,,,0.0,0.0,12730.7
6114.88,0.0,28744.9,,,,,0.0,0.0,12721.0
6115.88,100.0,28813.0,,,,,100.0,100.0,12732.5
6116.88,0.0,28881.0,,,,,0.0,0.0,12720.7
6117.88,0.0,28881.0,,,,,0.0,0.0,12731.9
6118.88,100.0,28881.0,,,,,100.0,100.0,12732.6
6119.88,0.0,28881.0,,,,,0.0,0.0,12732.0
6120.88,0.0,28881.0,,,,,0.0,0.0,12732.0
6121.88,100.0,28881.0,,,,,100.0,100.0,12732.6
6122.88,0.0,28881.0,,,,,0.0,0.0,12732.6
6123.88,0.0,28881.0,,,,,0.0,0.0,12732.6
6124.88,100.0,28913.0,,,,,100.0,100.0,12734.6
6125.88,0.0,28913.0,,,,,0.0,0.0,12734.6
6126.88,0.0,28913.0,,,,,0.0,0.0,12734.6
6127.88,100.0,28845.4,,,,,100.0,100.0,12736.5
6128.88,0.0,28845.4,,,,,0.0,0.0,12736.5
6129.88,100.0,28777.1,,,,,100.0,100.0,12736.7
6130.88,0.0,28777.1,,,,,0.0,0.0,12736.7
6131.88,0.0,28777.1,,,,,0.0,0.0,12736.7
6132.88,100.0,28708.9,,,,,100.0,100.0,12736.7
6133.88,0.0,28708.9,,,,,0.0,0.0,12736.7
6134.88,0.0,28708.9,,,,,0.0,0.0,12736.7
6135.88,100.0,28608.6,,,,,100.0,100.0,12720.2
6136.88,0.0,28676.8,,,,,0.0,0.0,12721.5
6137.88,0.0,28744.9,,,,,0.0,0.0,12731.6
6138.88,100.0,28813.0,,,,,100.0,100.0,12732.1
6139.88,0.0,28881.0,,,,,0.0,0.0,12725.3
6140.88,0.0,28881.0,,,,,0.0,0.0,12732.2
6141.88,100.0,28881.0,,,,,100.0,100.0,12715.6
6142.88,0.0,28881.0,,,,,0.0,0.0,12732.2
6143.88,0.0,28881.0,,,,,0.0,0.0,12732.2
6144.88,100.0,28881.0,,,,,100.0,100.0,12732.9
6145.88,0.0,28881.0,,,,,0.0,0.0,12732.9
6146.88,0.0,28881.0,,,,,0.0,0.0,12732.9
6147.88,100.0,28913.0,,,,,100.0,100.0,12734.8
6148.88,0.0,28913.0,,,,,0.0,0.0,12734.8
6149.88,0.0,28913.0,,,,,0.0,0.0,12734.8
6150.88,100.0,28845.4,,,,,100.0,100.0,12736.7
6151.88,0.0,28845.4,,,,,0.0,0.0,12736.7
6152.88,100.0,28777.1,,,,,100.0,100.0,12736.8
6153.88,0.0,28777.1,,,,,0.0,0.0,12736.8
6154.88,0.0,28777.1,,,,,0.0,0.0,12736.8
6155.88,100.0,28708.9,,,,,100.0,100.0,12736.8
6156.88,0.0,28708.9,,,,,0.0,0.0,12736.8
6157.88,0.0,28708.9,,,,,0.0,0.0,12736.8
6158.88,100.0,28608.6,,,,,100.0,100.0,12718.2
6159.88,0.0,28676.8,,,,,0.0,0.0,12712.0
6160.88,0.0,28744.9,,,,,0.0,0.0,12719.3
6161.88,0.0,28847.0,,,,,0.0,0.0,12731.2
6162.88,100.0,28881.0,,,,,100.0,100.0,12718.4
6163.88,0.0,28881.0,,,,,0.0,0.0,12732.7
6164.88,100.0,28881.0,,,,,100.0,100.0,12733.3
6165.88,0.0,28881.0,,,,,0.0,0.0,12732.6
6166.88,0.0,28881.0,,,,,0.0,0.0,12732.6
6167.88,100.0,28881.0,,,,,100.0,100.0,12733.2
6168.88,0.0,28881.0,,,,,0.0,0.0,12733.2
6169.89,0.0,28881.0,,,,,0.0,0.0,12733.2
6170.89,100.0,28913.0,,,,,100.0,100.0,12735.2
6171.89,0.0,28913.0,,,,,0.0,0.0,12735.2
6172.89,0.0,28913.0,,,,,0.0,0.0,12735.2
6173.89,100.0,28845.4,,,,,100.0,100.0,12737.0
6174.89,0.0,28845.4,,,,,0.0,0.0,12737.0
6175.89,0.0,28845.4,,,,,0.0,0.0,12737.0
6176.89,100.0,28777.1,,,,,100.0,100.0,12737.1
6177.89,0.0,28777.1,,,,,0.0,0.0,12737.1
6178.89,100.0,28708.9,,,,,100.0,100.0,12737.1
6179.89,0.0,28708.9,,,,,0.0,0.0,12737.1
6180.89,0.0,28708.9,,,,,0.0,0.0,12737.1
6181.89,100.0,28608.6,,,,,100.0,100.0,12717.2
6182.89,0.0,28676.8,,,,,0.0,0.0,12731.2
6183.89,0.0,28744.9,,,,,0.0,0.0,12719.3
6184.89,0.0,28813.0,,,,,0.0,0.0,12726.5
6185.89,100.0,28881.0,,,,,100.0,100.0,12733.2
6186.89,0.0,28881.0,,,,,0.0,0.0,12732.7
6187.89,100.0,28881.0,,,,,100.0,100.0,12733.4
6188.89,0.0,28881.0,,,,,0.0,0.0,12732.9
6189.89,0.0,28881.0,,,,,0.0,0.0,12732.9
6190.89,100.0,28881.0,,,,,100.0,100.0,12733.5
6191.89,0.0,28881.0,,,,,0.0,0.0,12733.5
6192.89,0.0,28881.0,,,,,0.0,0.0,12733.5
6193.89,100.0,28913.0,,,,,100.0,100.0,12735.5
6194.89,0.0,28913.0,,,,,0.0,0.0,12735.5
6195.89,0.0,28913.0,,,,,0.0,0.0,12735.5
6196.89,100.0,28845.4,,,,,100.0,100.0,12737.2
6197.89,0.0,28845.4,,,,,0.0,0.0,12737.2
6198.89,0.0,28845.4,,,,,0.0,0.0,12737.2
6199.89,100.0,28777.1,,,,,100.0,100.0,12737.4
6200.89,0.0,28777.1,,,,,0.0,0.0,12737.4
6201.89,100.0,28708.9,,,,,100.0,100.0,12737.4
6202.89,0.0,28708.9,,,,,0.0,0.0,12737.4
6203.89,0.0,28708.9,,,,,0.0,0.0,12737.4
6204.89,100.0,28608.6,,,,,100.0,100.0,12717.4
6205.89,0.0,28642.8,,,,,0.0,0.0,12729.7
6206.89,0.0,28744.9,,,,,0.0,0.0,12732.0
6207.89,0.0,28813.0,,,,,0.0,0.0,12724.0
6208.89,100.0,28881.0,,,,,100.0,100.0,12733.4
6209.89,0.0,28881.0,,,,,0.0,0.0,12733.0
6210.89,100.0,28881.0,,,,,100.0,100.0,12733.6
6211.89,0.0,28881.0,,,,,0.0,0.0,12733.1
6212.89,0.0,28881.0,,,,,0.0,0.0,12733.1
6213.89,100.0,28881.0,,,,,100.0,100.0,12733.8
6214.89,0.0,28881.0,,,,,0.0,0.0,12733.8
6215.89,0.0,28881.0,,,,,0.0,0.0,12733.8
6216.89,100.0,28913.0,,,,,100.0,100.0,12735.7
6217.89,0.0,28913.0,,,,,0.0,0.0,12735.7
6218.89,0.0,28913.0,,,,,0.0,0.0,12735.7
6219.89,100.0,28845.4,,,,,100.0,100.0,12737.3
6220.89,0.0,28845.4,,,,,0.0,0.0,12737.3
6221.89,0.0,28845.4,,,,,0.0,0.0,12737.3
6222.89,100.0,28777.1,,,,,100.0,100.0,12737.5
6223.89,0.0,28777.1,,,,,0.0,0.0,12737.5
6224.89,100.0,28708.9,,,,,100.0,100.0,12737.5
6225.89,0.0,28708.9,,,,,0.0,0.0,12737.5
6226.89,0.0,28708.9,,,,,0.0,0.0,12737.5
6227.89,100.0,28608.6,,,,,100.0,100.0,12737.7
6228.89,0.0,28608.7,,,,,0.0,0.0,12725.2
6229.89,0.0,28744.9,,,,,0.0,0.0,12732.7
6230.89,0.0,28813.0,,,,,0.0,0.0,12723.2
6231.89,100.0,28881.0,,,,,100.0,100.0,12733.7
6232.89,0.0,28881.0,,,,,0.0,0.0,12733.4
6233.89,100.0,28881.0,,,,,100.0,100.0,12733.8
6234.89,0.0,28881.0,,,,,0.0,0.0,12733.0
6235.89,0.0,28881.0,,,,,0.0,0.0,12733.0
6236.89,100.0,28881.0,,,,,100.0,100.0,12733.7
6237.89,0.0,28881.0,,,,,0.0,0.0,12733.7
6238.89,0.0,28881.0,,,,,0.0,0.0,12733.7
6239.89,100.0,28913.0,,,,,100.0,100.0,12735.6
6240.89,0.0,28913.0,,,,,0.0,0.0,12735.6
6241.9,0.0,28913.0,,,,,0.0,0.0,12735.6
6242.9,100.0,28845.4,,,,,100.0,100.0,12737.3
6243.9,0.0,28845.4,,,,,0.0,0.0,12737.3
6244.9,0.0,28845.4,,,,,0.0,0.0,12737.3
6245.9,100.0,28777.1,,,,,100.0,100.0,12737.5
6246.9,0.0,28777.1,,,,,0.0,0.0,12737.5
6247.9,100.0,28708.9,,,,,100.0,100.0,12737.5
6248.9,0.0,28708.9,,,,,0.0,0.0,12737.5
6249.9,0.0,28708.9,,,,,0.0,0.0,12737.5
6250.9,100.0,28608.6,,,,,100.0,100.0,12713.3
6251.9,0.0,28608.7,,,,,0.0,0.0,12723.9
6252.9,0.0,28744.9,,,,,0.0,0.0,12715.1
6253.9,0.0,28813.0,,,,,0.0,0.0,12722.7
6254.9,100.0,28881.0,,,,,100.0,100.0,12733.6
6255.9,0.0,28881.0,,,,,0.0,0.0,12733.2
6256.9,0.0,28881.0,,,,,0.0,0.0,12733.2
6257.9,100.0,28881.0,,,,,100.0,100.0,12733.6
6258.9,0.0,28881.0,,,,,0.0,0.0,12733.6
6259.9,100.0,28881.0,,,,,100.0,100.0,12734.3
6260.9,0.0,28881.0,,,,,0.0,0.0,12734.3
6261.9,0.0,28881.0,,,,,0.0,0.0,12734.3
6262.9,100.0,28913.0,,,,,100.0,100.0,12736.1
6263.9,0.0,28913.0,,,,,0.0,0.0,12736.1
6264.9,0.0,28913.0,,,,,0.0,0.0,12736.1
6265.9,100.0,28845.4,,,,,100.0,100.0,12737.9
6266.9,0.0,28845.4,,,,,0.0,0.0,12737.9
6267.9,0.0,28845.4,,,,,0.0,0.0,12737.9
6268.9,100.0,28777.1,,,,,100.0,100.0,12738.0
6269.9,0.0,28777.1,,,,,0.0,0.0,12738.0
6270.9,0.0,28777.1,,,,,0.0,0.0,12738.0
6271.9,100.0,28708.9,,,,,100.0,100.0,12738.1
6272.9,0.0,28708.9,,,,,0.0,0.0,12738.1
6273.9,100.0,28608.6,,,,,100.0,100.0,12712.2
6274.9,0.0,28608.7,,,,,0.0,0.0,12720.2
6275.9,0.0,28744.9,,,,,0.0,0.0,12732.7
6276.9,0.0,28813.0,,,,,0.0,0.0,12721.3
6277.9,100.0,28847.0,,,,,100.0,100.0,12729.5
6278.9,0.0,28881.0,,,,,0.0,0.0,12733.3
6279.9,0.0,28881.0,,,,,0.0,0.0,12733.3
6280.9,100.0,28881.0,,,,,100.0,100.0,12733.4
6281.9,0.0,28881.0,,,,,0.0,0.0,12733.4
6282.9,100.0,28881.0,,,,,100.0,100.0,12733.7
6283.9,0.0,28881.0,,,,,0.0,0.0,12734.0
6284.9,0.0,28881.0,,,,,0.0,0.0,12734.0
6285.9,100.0,28913.0,,,,,100.0,100.0,12735.9
6286.9,0.0,28913.0,,,,,0.0,0.0,12735.9
6287.9,0.0,28913.0,,,,,0.0,0.0,12735.9
6288.9,100.0,28845.4,,,,,100.0,100.0,12737.8
6289.9,0.0,28845.4,,,,,0.0,0.0,12737.8
6290.9,0.0,28845.4,,,,,0.0,0.0,12737.8
6291.9,100.0,28777.1,,,,,100.0,100.0,12737.9
6292.9,0.0,28777.1,,,,,0.0,0.0,12737.9
6293.9,0.0,28777.1,,,,,0.0,0.0,12737.9
6294.9,100.0,28708.9,,,,,100.0,100.0,12738.0
6295.9,0.0,28708.9,,,,,0.0,0.0,12738.0
6296.9,100.0,28608.6,,,,,100.0,100.0,12738.0
6297.9,0.0,28608.7,,,,,0.0,0.0,12720.4
6298.9,0.0,28744.9,,,,,0.0,0.0,12733.0
6299.9,0.0,28813.0,,,,,0.0,0.0,12733.9
6300.9,100.0,28813.0,,,,,100.0,100.0,12728.1
6301.9,0.0,28881.0,,,,,0.0,0.0,12733.9
6302.9,0.0,28881.0,,,,,0.0,0.0,12733.9
6303.9,100.0,28881.0,,,,,100.0,100.0,12733.8
6304.9,0.0,28881.0,,,,,0.0,0.0,12733.8
6305.9,100.0,28881.0,,,,,100.0,100.0,12734.2
6306.9,0.0,28881.0,,,,,0.0,0.0,12734.6
6307.9,0.0,28881.0,,,,,0.0,0.0,12734.6
6308.9,100.0,28913.0,,,,,100.0,100.0,12736.4
6309.9,0.0,28913.0,,,,,0.0,0.0,12736.4
6310.9,0.0,28913.0,,,,,0.0,0.0,12736.4
6311.9,100.0,28845.4,,,,,100.0,100.0,12738.1
6312.91,0.0,28845.4,,,,,0.0,0.0,12738.1
6313.91,0.0,28845.4,,,,,0.0,0.0,12738.1
6314.91,100.0,28777.1,,,,,100.0,100.0,12738.3
6315.91,0.0,28777.1,,,,,0.0,0.0,12738.3
6316.91,0.0,28777.1,,,,,0.0,0.0,12738.3
6317.91,100.0,28708.9,,,,,100.0,100.0,12738.3
6318.91,0.0,28708.9,,,,,0.0,0.0,12738.3
6319.91,100.0,28608.6,,,,,100.0,100.0,12738.3
6320.91,0.0,28608.7,,,,,0.0,0.0,12725.7
6321.91,0.0,28710.9,,,,,0.0,0.0,12722.0
6322.91,0.0,28813.0,,,,,0.0,0.0,12718.8
6323.91,100.0,28813.0,,,,,100.0,100.0,12727.7
6324.91,0.0,28881.0,,,,,0.0,0.0,12734.0
6325.91,0.0,28881.0,,,,,0.0,0.0,12734.0
6326.91,100.0,28881.0,,,,,100.0,100.0,12734.0
6327.91,0.0,28881.0,,,,,0.0,0.0,12734.0
6328.91,0.0,28881.0,,,,,0.0,0.0,12734.0
6329.91,100.0,28881.0,,,,,100.0,100.0,12734.8
6330.91,0.0,28881.0,,,,,0.0,0.0,12734.8
6331.91,100.0,28913.0,,,,,100.0,100.0,12736.6
6332.91,0.0,28913.0,,,,,0.0,0.0,12736.6
6333.91,0.0,28913.0,,,,,0.0,0.0,12736.6
6334.91,100.0,28845.4,,,,,100.0,100.0,12738.4
6335.91,0.0,28845.4,,,,,0.0,0.0,12738.4
6336.91,0.0,28845.4,,,,,0.0,0.0,12738.4
6337.91,100.0,28777.1,,,,,100.0,100.0,12738.6
6338.91,0.0,28777.1,,,,,0.0,0.0,12738.6
6339.91,0.0,28777.1,,,,,0.0,0.0,12738.6
6340.91,100.0,28708.9,,,,,100.0,100.0,12738.6
6341.91,0.0,28708.9,,,,,0.0,0.0,12738.6
6342.91,0.0,28708.9,,,,,0.0,0.0,12738.6
6343.91,100.0,28608.7,,,,,100.0,100.0,12717.9
6344.91,0.0,28710.9,,,,,0.0,0.0,12727.9
6345.91,0.0,28813.0,,,,,0.0,0.0,12717.9
6346.91,100.0,28813.0,,,,,100.0,100.0,12723.6
6347.91,0.0,28881.0,,,,,0.0,0.0,12734.2
6348.91,0.0,28881.0,,,,,0.0,0.0,12734.2
6349.91,100.0,28881.0,,,,,100.0,100.0,12733.5
6350.91,0.0,28881.0,,,,,0.0,0.0,12734.2
6351.91,0.0,28881.0,,,,,0.0,0.0,12734.2
6352.91,100.0,28881.0,,,,,100.0,100.0,12735.0
6353.91,0.0,28881.0,,,,,0.0,0.0,12735.0
6354.91,100.0,28913.0,,,,,100.0,100.0,12736.9
6355.91,0.0,28913.0,,,,,0.0,0.0,12736.9
6356.91,0.0,28913.0,,,,,0.0,0.0,12736.9
6357.91,100.0,28845.4,,,,,100.0,100.0,12738.6
6358.91,0.0,28845.4,,,,,0.0,0.0,12738.6
6359.91,0.0,28845.4,,,,,0.0,0.0,12738.6
6360.91,100.0,28777.1,,,,,100.0,100.0,12738.8
6361.91,0.0,28777.1,,,,,0.0,0.0,12738.8
6362.91,0.0,28777.1,,,,,0.0,0.0,12738.8
6363.91,100.0,28708.9,,,,,100.0,100.0,12738.8
6364.91,0.0,28708.9,,,,,0.0,0.0,12738.8
6365.91,0.0,28708.9,,,,,0.0,0.0,12738.8
6366.91,100.0,28608.7,,,,,100.0,100.0,12717.9
6367.91,0.0,28676.8,,,,,0.0,0.0,12724.1
6368.91,0.0,28813.0,,,,,0.0,0.0,12734.5
6369.91,100.0,28813.0,,,,,100.0,100.0,12722.6
6370.91,0.0,28881.0,,,,,0.0,0.0,12734.4
6371.91,0.0,28881.0,,,,,0.0,0.0,12734.4
6372.91,100.0,28881.0,,,,,100.0,100.0,12731.0
6373.91,0.0,28881.0,,,,,0.0,0.0,12734.4
6374.91,0.0,28881.0,,,,,0.0,0.0,12734.4
6375.91,100.0,28881.0,,,,,100.0,100.0,12735.0
6376.91,0.0,28881.0,,,,,0.0,0.0,12735.0
6377.91,100.0,28913.0,,,,,100.0,100.0,12737.0
6378.91,0.0,28913.0,,,,,0.0,0.0,12737.0
6379.91,0.0,28913.0,,,,,0.0,0.0,12737.0
6380.91,100.0,28845.4,,,,,100.0,100.0,12738.8
6381.91,0.0,28845.4,,,,,0.0,0.0,12738.8
6382.91,0.0,28845.4,,,,,0.0,0.0,12738.8
6383.91,100.0,28777.1,,,,,100.0,100.0,12739.0
6384.91,0.0,28777.1,,,,,0.0,0.0,12739.0
6385.91,0.0,28777.1,,,,,0.0,0.0,12739.0
6386.92,100.0,28708.9,,,,,100.0,100.0,12739.0
6387.92,0.0,28708.9,,,,,0.0,0.0,12739.0
6388.92,0.0,28708.9,,,,,0.0,0.0,12739.0
6389.92,100.0,28608.7,,,,,100.0,100.0,12733.0
6390.92,0.0,28676.8,,,,,0.0,0.0,12722.9
6391.92,0.0,28813.0,,,,,0.0,0.0,12734.5
6392.92,100.0,28813.0,,,,,100.0,100.0,12721.9
6393.92,0.0,28881.0,,,,,0.0,0.0,12730.6
6394.92,0.0,28881.0,,,,,0.0,0.0,12734.5
6395.92,100.0,28881.0,,,,,100.0,100.0,12727.3
6396.92,0.0,28881.0,,,,,0.0,0.0,12734.5
6397.92,0.0,28881.0,,,,,0.0,0.0,12734.5
6398.92,100.0,28881.0,,,,,100.0,100.0,12735.2
6399.92,0.0,28881.0,,,,,0.0,0.0,12735.2
6400.92,100.0,28813.0,,,,,100.0,100.0,12735.2
6401.92,0.0,28913.0,,,,,0.0,0.0,12737.1
6402.92,0.0,28913.0,,,,,0.0,0.0,12737.1
6403.92,100.0,28845.4,,,,,100.0,100.0,12739.1
6404.92,0.0,28845.4,,,,,0.0,0.0,12739.1
6405.92,0.0,28845.4,,,,,0.0,0.0,12739.1
6406.92,100.0,28777.1,,,,,100.0,100.0,12739.3
6407.92,0.0,28777.1,,,,,0.0,0.0,12739.3
6408.92,0.0,28777.1,,,,,0.0,0.0,12739.3
6409.92,100.0,28708.9,,,,,100.0,100.0,12739.3
6410.92,0.0,28708.9,,,,,0.0,0.0,12739.3
6411.92,0.0,28708.9,,,,,0.0,0.0,12739.3
6412.92,100.0,28608.7,,,,,100.0,100.0,12733.2
6413.92,0.0,28676.8,,,,,0.0,0.0,12727.2
6414.92,0.0,28813.0,,,,,0.0,0.0,12725.0
6415.92,100.0,28813.0,,,,,100.0,100.0,12728.0
6416.92,0.0,28881.0,,,,,0.0,0.0,12730.4
6417.92,0.0,28881.0,,,,,0.0,0.0,12734.8
6418.92,100.0,28881.0,,,,,100.0,100.0,12725.8
6419.92,0.0,28881.0,,,,,0.0,0.0,12734.6
6420.92,0.0,28881.0,,,,,0.0,0.0,12734.6
6421.92,100.0,28881.0,,,,,100.0,100.0,12735.4
6422.92,0.0,28881.0,,,,,0.0,0.0,12735.4
6423.92,0.0,28881.0,,,,,0.0,0.0,12735.4
6424.92,100.0,28913.0,,,,,100.0,100.0,12737.3
6425.92,0.0,28913.0,,,,,0.0,0.0,12737.3
6426.92,100.0,28845.4,,,,,100.0,100.0,12738.9
6427.92,0.0,28845.4,,,,,0.0,0.0,12738.9
6428.92,0.0,28845.4,,,,,0.0,0.0,12738.9
6429.92,100.0,28777.1,,,,,100.0,100.0,12739.1
6430.92,0.0,28777.1,,,,,0.0,0.0,12739.1
6431.92,0.0,28777.1,,,,,0.0,0.0,12739.1
6432.92,100.0,28708.9,,,,,100.0,100.0,12739.1
6433.92,0.0,28708.9,,,,,0.0,0.0,12739.1
6434.92,0.0,28708.9,,,,,0.0,0.0,12739.1
6435.92,100.0,28608.7,,,,,100.0,100.0,12712.9
6436.92,0.0,28676.8,,,,,0.0,0.0,12720.5
6437.92,0.0,28779.0,,,,,0.0,0.0,12734.4
6438.92,100.0,28813.0,,,,,100.0,100.0,12720.2
6439.92,0.0,28881.0,,,,,0.0,0.0,12729.8
6440.92,0.0,28881.0,,,,,0.0,0.0,12735.3
6441.92,100.0,28881.0,,,,,100.0,100.0,12724.6
6442.92,0.0,28881.0,,,,,0.0,0.0,12735.2
6443.92,0.0,28881.0,,,,,0.0,0.0,12735.2
6444.92,100.0,28881.0,,,,,100.0,100.0,12736.0
6445.92,0.0,28881.0,,,,,0.0,0.0,12736.0
6446.92,0.0,28881.0,,,,,0.0,0.0,12736.0
6447.92,100.0,28913.0,,,,,100.0,100.0,12738.0
6448.92,0.0,28913.0,,,,,0.0,0.0,12738.0
6449.92,100.0,28845.4,,,,,100.0,100.0,12739.5
6450.92,0.0,28845.4,,,,,0.0,0.0,12739.5
6451.92,0.0,28845.4,,,,,0.0,0.0,12739.5
6452.92,100.0,28777.1,,,,,100.0,100.0,12739.7
6453.92,0.0,28777.1,,,,,0.0,0.0,12739.7
6454.92,0.0,28777.1,,,,,0.0,0.0,12739.7
6455.92,100.0,28708.9,,,,,100.0,100.0,12739.7
6456.92,0.0,28708.9,,,,,0.0,0.0,12739.7
6457.92,0.0,28708.9,,,,,0.0,0.0,12739.7
6458.92,100.0,28608.7,,,,,100.0,100.0,12733.7
6459.93,0.0,28676.8,,,,,0.0,0.0,12721.0
6460.93,0.0,28744.9,,,,,0.0,0.0,12731.5
6461.93,100.0,28813.0,,,,,100.0,100.0,12735.9
6462.93,0.0,28881.0,,,,,0.0,0.0,12727.2
6463.93,0.0,28881.0,,,,,0.0,0.0,12735.3
6464.93,100.0,28881.0,,,,,100.0,100.0,12724.3
6465.93,0.0,28881.0,,,,,0.0,0.0,12735.1
6466.93,0.0,28881.0,,,,,0.0,0.0,12735.1
6467.93,100.0,28881.0,,,,,100.0,100.0,12735.8
6468.93,0.0,28881.0,,,,,0.0,0.0,12735.8
6469.93,0.0,28881.0,,,,,0.0,0.0,12735.8
6470.93,100.0,28913.0,,,,,100.0,100.0,12737.8
6471.93,0.0,28913.0,,,,,0.0,0.0,12737.8
6472.93,100.0,28845.4,,,,,100.0,100.0,12739.5
6473.93,0.0,28845.4,,,,,0.0,0.0,12739.5
6474.93,0.0,28845.4,,,,,0.0,0.0,12739.5
6475.93,100.0,28777.1,,,,,100.0,100.0,12739.7
6476.93,0.0,28777.1,,,,,0.0,0.0,12739.7
6477.93,0.0,28777.1,,,,,0.0,0.0,12739.7
6478.93,100.0,28708.9,,,,,100.0,100.0,12739.7
6479.93,0.0,28708.9,,,,,0.0,0.0,12739.7
6480.93,0.0,28708.9,,,,,0.0,0.0,12739.7
6481.93,100.0,28574.6,,,,,100.0,100.0,12731.5
6482.93,0.0,28676.8,,,,,0.0,0.0,12734.1
6483.93,0.0,28744.9,,,,,0.0,0.0,12725.4
6484.93,100.0,28813.0,,,,,100.0,100.0,12735.8
6485.93,0.0,28881.0,,,,,0.0,0.0,12725.4
6486.93,0.0,28881.0,,,,,0.0,0.0,12735.4
6487.93,100.0,28881.0,,,,,100.0,100.0,12729.7
6488.93,0.0,28881.0,,,,,0.0,0.0,12735.5
6489.93,0.0,28881.0,,,,,0.0,0.0,12735.5
6490.93,100.0,28881.0,,,,,100.0,100.0,12736.3
6491.93,0.0,28881.0,,,,,0.0,0.0,12736.3
6492.93,0.0,28881.0,,,,,0.0,0.0,12736.3
6493.93,100.0,28913.0,,,,,100.0,100.0,12738.1
6494.93,0.0,28913.0,,,,,0.0,0.0,12738.1
6495.93,0.0,28913.0,,,,,0.0,0.0,12738.1
6496.93,100.0,28845.4,,,,,100.0,100.0,12739.9
6497.93,0.0,28845.4,,,,,0.0,0.0,12739.9
6498.93,100.0,28777.1,,,,,100.0,100.0,12740.1
6499.93,0.0,28777.1,,,,,0.0,0.0,12740.1
6500.93,0.0,28777.1,,,,,0.0,0.0,12740.1
6501.93,100.0,28708.9,,,,,100.0,100.0,12740.1
6502.93,0.0,28708.9,,,,,0.0,0.0,12740.1
6503.93,0.0,28708.9,,,,,0.0,0.0,12740.1
6504.93,100.0,28608.6,,,,,100.0,100.0,12728.3
6505.93,0.0,28676.8,,,,,0.0,0.0,12727.0
6506.93,0.0,28744.9,,,,,0.0,0.0,12728.0
6507.93,100.0,28813.0,,,,,100.0,100.0,12729.1
6508.93,0.0,28881.0,,,,,0.0,0.0,12731.6
6509.93,0.0,28881.0,,,,,0.0,0.0,12735.7
6510.93,100.0,28881.0,,,,,100.0,100.0,12722.9
6511.93,0.0,28881.0,,,,,0.0,0.0,12735.5
6512.93,0.0,28881.0,,,,,0.0,0.0,12735.5
6513.93,100.0,28881.0,,,,,100.0,100.0,12736.2
6514.93,0.0,28881.0,,,,,0.0,0.0,12736.2
6515.93,0.0,28881.0,,,,,0.0,0.0,12736.2
6516.93,100.0,28913.0,,,,,100.0,100.0,12738.1
6517.93,0.0,28913.0,,,,,0.0,0.0,12738.1
6518.93,0.0,28913.0,,,,,0.0,0.0,12738.1
6519.93,100.0,28845.4,,,,,100.0,100.0,12739.9
6520.93,0.0,28845.4,,,,,0.0,0.0,12739.9
6521.93,100.0,28777.1,,,,,100.0,100.0,12740.1
6522.93,0.0,28777.1,,,,,0.0,0.0,12740.1
6523.93,0.0,28777.1,,,,,0.0,0.0,12740.1
6524.93,100.0,28708.9,,,,,100.0,100.0,12740.1
6525.93,0.0,28708.9,,,,,0.0,0.0,12740.1
6526.93,0.0,28708.9,,,,,0.0,0.0,12740.1
6527.93,100.0,28608.6,,,,,100.0,100.0,12723.6
6528.93,0.0,28676.8,,,,,0.0,0.0,12716.9
6529.93,0.0,28744.9,,,,,0.0,0.0,12724.0
6530.93,100.0,28813.0,,,,,100.0,100.0,12736.3
6531.93,0.0,28881.0,,,,,0.0,0.0,12724.4
6532.94,0.0,28881.0,,,,,0.0,0.0,12736.1
6533.94,100.0,28881.0,,,,,100.0,100.0,12722.5
6534.94,0.0,28881.0,,,,,0.0,0.0,12736.1
6535.94,0.0,28881.0,,,,,0.0,0.0,12736.1
6536.94,100.0,28881.0,,,,,100.0,100.0,12736.8
6537.94,0.0,28881.0,,,,,0.0,0.0,12736.8
6538.94,0.0,28881.0,,,,,0.0,0.0,12736.8
6539.94,100.0,28913.0,,,,,100.0,100.0,12738.7
6540.94,0.0,28913.0,,,,,0.0,0.0,12738.7
6541.94,0.0,28913.0,,,,,0.0,0.0,12738.7
6542.94,100.0,28845.4,,,,,100.0,100.0,12740.5
6543.94,0.0,28845.4,,,,,0.0,0.0,12740.5
6544.94,100.0,28777.1,,,,,100.0,100.0,12740.7
6545.94,0.0,28777.1,,,,,0.0,0.0,12740.7
6546.94,0.0,28777.1,,,,,0.0,0.0,12740.7
6547.94,100.0,28708.9,,,,,100.0,100.0,12740.7
6548.94,0.0,28708.9,,,,,0.0,0.0,12740.7
6549.94,0.0,28708.9,,,,,0.0,0.0,12740.7
6550.94,100.0,28608.6,,,,,100.0,100.0,12721.4
6551.94,0.0,28676.8,,,,,0.0,0.0,12734.4
6552.94,0.0,28744.9,,,,,0.0,0.0,12724.1
6553.94,100.0,28778.9,,,,,100.0,100.0,12736.0
6554.94,0.0,28881.0,,,,,0.0,0.0,12724.5
6555.94,0.0,28881.0,,,,,0.0,0.0,12736.1
6556.94,100.0,28881.0,,,,,100.0,100.0,12736.8
6557.94,0.0,28881.0,,,,,0.0,0.0,12736.1
6558.94,0.0,28881.0,,,,,0.0,0.0,12736.1
6559.94,100.0,28881.0,,,,,100.0,100.0,12736.9
6560.94,0.0,28881.0,,,,,0.0,0.0,12736.9
6561.94,0.0,28881.0,,,,,0.0,0.0,12736.9
6562.94,100.0,28913.0,,,,,100.0,100.0,12738.9
6563.94,0.0,28913.0,,,,,0.0,0.0,12738.9
6564.94,0.0,28913.0,,,,,0.0,0.0,12738.9
6565.94,100.0,28845.4,,,,,100.0,100.0,12740.6
6566.94,0.0,28845.4,,,,,0.0,0.0,12740.6
6567.94,100.0,28777.1,,,,,100.0,100.0,12740.8
6568.94,0.0,28777.1,,,,,0.0,0.0,12740.8
6569.94,0.0,28777.1,,,,,0.0,0.0,12740.8
6570.94,100.0,28708.9,,,,,100.0,100.0,12740.8
6571.94,0.0,28708.9,,,,,0.0,0.0,12740.8
6572.94,0.0,28708.9,,,,,0.0,0.0,12740.8
6573.94,100.0,28608.6,,,,,100.0,100.0,12721.7
6574.94,0.0,28676.8,,,,,0.0,0.0,12734.8
6575.94,0.0,28744.9,,,,,0.0,0.0,12735.7
6576.94,0.0,28813.0,,,,,0.0,0.0,12733.4
6577.94,100.0,28881.0,,,,,100.0,100.0,12736.8
6578.94,0.0,28881.0,,,,,0.0,0.0,12736.3
6579.94,100.0,28881.0,,,,,100.0,100.0,12736.9
6580.94,0.0,28881.0,,,,,0.0,0.0,12736.4
6581.94,0.0,28881.0,,,,,0.0,0.0,12736.4
6582.94,100.0,28881.0,,,,,100.0,100.0,12737.1
6583.94,0.0,28881.0,,,,,0.0,0.0,12737.1
6584.94,0.0,28881.0,,,,,0.0,0.0,12737.1
6585.94,100.0,28913.0,,,,,100.0,100.0,12739.1
6586.94,0.0,28913.0,,,,,0.0,0.0,12739.1
6587.94,0.0,28913.0,,,,,0.0,0.0,12739.1
6588.94,100.0,28845.4,,,,,100.0,100.0,12740.9
6589.94,0.0,28845.4,,,,,0.0,0.0,12740.9
6590.94,0.0,28845.4,,,,,0.0,0.0,12740.9
6591.94,100.0,28777.1,,,,,100.0,100.0,12741.0
6592.94,0.0,28777.1,,,,,0.0,0.0,12741.0
6593.94,100.0,28708.9,,,,,100.0,100.0,12741.0
6594.94,0.0,28708.9,,,,,0.0,0.0,12741.0
6595.94,0.0,28708.9,,,,,0.0,0.0,12741.0
6596.94,100.0,28608.6,,,,,100.0,100.0,12741.2
6597.94,0.0,28642.8,,,,,0.0,0.0,12723.0
6598.94,0.0,28744.9,,,,,0.0,0.0,12729.0
6599.94,0.0,28813.0,,,,,0.0,0.0,12731.6
6600.94,100.0,28881.0,,,,,100.0,100.0,12730.8
6601.94,0.0,28881.0,,,,,0.0,0.0,12736.5
6602.94,100.0,28881.0,,,,,100.0,100.0,12737.1
6603.94,0.0,28881.0,,,,,0.0,0.0,12736.6
6604.94,0.0,28881.0,,,,,0.0,0.0,12736.6
6605.95,100.0,28881.0,,,,,100.0,100.0,12737.2
6606.95,0.0,28881.0,,,,,0.0,0.0,12737.2
6607.95,0.0,28881.0,,,,,0.0,0.0,12737.2
6608.95,100.0,28913.0,,,,,100.0,100.0,12739.1
6609.95,0.0,28913.0,,,,,0.0,0.0,12739.1
6610.95,0.0,28913.0,,,,,0.0,0.0,12739.1
6611.95,100.0,28845.4,,,,,100.0,100.0,12741.0
6612.95,0.0,28845.4,,,,,0.0,0.0,12741.0
6613.95,0.0,28845.4,,,,,0.0,0.0,12741.0
6614.95,100.0,28777.1,,,,,100.0,100.0,12741.1
6615.95,0.0,28777.1,,,,,0.0,0.0,12741.1
6616.95,100.0,28708.9,,,,,100.0,100.0,12741.1
6617.95,0.0,28708.9,,,,,0.0,0.0,12741.1
6618.95,0.0,28708.9,,,,,0.0,0.0,12741.1
6619.95,100.0,28608.6,,,,,100.0,100.0,12719.4
6620.95,0.0,28642.8,,,,,0.0,0.0,12730.8
6621.95,0.0,28744.9,,,,,0.0,0.0,12729.4
6622.95,0.0,28813.0,,,,,0.0,0.0,12725.4
6623.95,100.0,28881.0,,,,,100.0,100.0,12728.5
6624.95,0.0,28881.0,,,,,0.0,0.0,12736.8
6625.95,100.0,28881.0,,,,,100.0,100.0,12737.2
6626.95,0.0,28881.0,,,,,0.0,0.0,12737.0
6627.95,0.0,28881.0,,,,,0.0,0.0,12737.0
6628.95,100.0,28881.0,,,,,100.0,100.0,12737.7
6629.95,0.0,28881.0,,,,,0.0,0.0,12737.7
6630.95,0.0,28881.0,,,,,0.0,0.0,12737.7
6631.95,100.0,28913.0,,,,,100.0,100.0,12739.6
6632.95,0.0,28913.0,,,,,0.0,0.0,12739.6
6633.95,0.0,28913.0,,,,,0.0,0.0,12739.6
6634.95,100.0,28845.4,,,,,100.0,100.0,12741.4
6635.95,0.0,28845.4,,,,,0.0,0.0,12741.4
6636.95,0.0,28845.4,,,,,0.0,0.0,12741.4
6637.95,100.0,28777.1,,,,,100.0,100.0,12741.5
6638.95,0.0,28777.1,,,,,0.0,0.0,12741.5
6639.95,100.0,28708.9,,,,,100.0,100.0,12741.6
6640.95,0.0,28708.9,,,,,0.0,0.0,12741.6
6641.95,0.0,28708.9,,,,,0.0,0.0,12741.6
6642.95,100.0,28608.6,,,,,100.0,100.0,12719.7
6643.95,0.0,28608.7,,,,,0.0,0.0,12726.9
6644.95,0.0,28744.9,,,,,0.0,0.0,12736.4
6645.95,0.0,28813.0,,,,,0.0,0.0,12725.8
6646.95,100.0,28881.0,,,,,100.0,100.0,12737.3
6647.95,0.0,28881.0,,,,,0.0,0.0,12737.2
6648.95,0.0,28881.0,,,,,0.0,0.0,12737.2
6649.95,100.0,28881.0,,,,,100.0,100.0,12737.2
6650.95,0.0,28881.0,,,,,0.0,0.0,12737.2
6651.95,100.0,28881.0,,,,,100.0,100.0,12737.9
6652.95,0.0,28881.0,,,,,0.0,0.0,12737.9
6653.95,0.0,28881.0,,,,,0.0,0.0,12737.9
6654.95,100.0,28913.0,,,,,100.0,100.0,12739.8
6655.95,0.0,28913.0,,,,,0.0,0.0,12739.8
6656.95,0.0,28913.0,,,,,0.0,0.0,12739.8
6657.95,100.0,28845.4,,,,,100.0,100.0,12741.5
6658.95,0.0,28845.4,,,,,0.0,0.0,12741.5
6659.95,0.0,28845.4,,,,,0.0,0.0,12741.5
6660.95,100.0,28777.1,,,,,100.0,100.0,12741.7
6661.95,0.0,28777.1,,,,,0.0,0.0,12741.7
6662.95,0.0,28777.1,,,,,0.0,0.0,12741.7
6663.95,100.0,28708.9,,,,,100.0,100.0,12741.7
6664.95,0.0,28708.9,,,,,0.0,0.0,12741.7
6665.95,100.0,28608.6,,,,,100.0,100.0,12741.8
6666.95,0.0,28608.7,,,,,0.0,0.0,12725.4
6667.95,0.0,28744.9,,,,,0.0,0.0,12736.7
6668.95,0.0,28813.0,,,,,0.0,0.0,12725.8
6669.95,100.0,28847.0,,,,,100.0,100.0,12734.5
6670.95,0.0,28881.0,,,,,0.0,0.0,12737.7
6671.95,0.0,28881.0,,,,,0.0,0.0,12737.7
6672.95,100.0,28881.0,,,,,100.0,100.0,12737.4
6673.95,0.0,28881.0,,,,,0.0,0.0,12737.4
6674.95,100.0,28881.0,,,,,100.0,100.0,12737.8
6675.95,0.0,28881.0,,,,,0.0,0.0,12738.2
6676.96,0.0,28881.0,,,,,0.0,0.0,12738.2
6677.96,100.0,28913.0,,,,,100.0,100.0,12740.2
6678.96,0.0,28913.0,,,,,0.0,0.0,12740.2
6679.96,0.0,28913.0,,,,,0.0,0.0,12740.2
6680.96,100.0,28845.4,,,,,100.0,100.0,12741.9
6681.96,0.0,28845.4,,,,,0.0,0.0,12741.9
6682.96,0.0,28845.4,,,,,0.0,0.0,12741.9
6683.96,100.0,28777.1,,,,,100.0,100.0,12742.1
6684.96,0.0,28777.1,,,,,0.0,0.0,12742.1
6685.96,0.0,28777.1,,,,,0.0,0.0,12742.1
6686.96,100.0,28708.9,,,,,100.0,100.0,12742.1
6687.96,0.0,28708.9,,,,,0.0,0.0,12742.1
6688.96,100.0,28608.6,,,,,100.0,100.0,12742.1
6689.96,0.0,28608.7,,,,,0.0,0.0,12723.7
6690.96,0.0,28744.9,,,,,0.0,0.0,12727.5
6691.96,0.0,28813.0,,,,,0.0,0.0,12724.6
6692.96,100.0,28847.0,,,,,100.0,100.0,12736.0
6693.96,0.0,28881.0,,,,,0.0,0.0,12737.6
6694.96,0.0,28881.0,,,,,0.0,0.0,12737.6
6695.96,100.0,28881.0,,,,,100.0,100.0,12737.8
6696.96,0.0,28881.0,,,,,0.0,0.0,12737.8
6697.96,100.0,28881.0,,,,,100.0,100.0,12738.2
6698.96,0.0,28881.0,,,,,0.0,0.0,12738.5
6699.96,0.0,28881.0,,,,,0.0,0.0,12738.5
6700.96,100.0,28913.0,,,,,100.0,100.0,12740.4
6701.96,0.0,28913.0,,,,,0.0,0.0,12740.4
6702.96,0.0,28913.0,,,,,0.0,0.0,12740.4
6703.96,100.0,28845.4,,,,,100.0,100.0,12742.1
6704.96,0.0,28845.4,,,,,0.0,0.0,12742.1
6705.96,0.0,28845.4,,,,,0.0,0.0,12742.1
6706.96,100.0,28777.1,,,,,100.0,100.0,12742.2
6707.96,0.0,28777.1,,,,,0.0,0.0,12742.2
6708.96,0.0,28777.1,,,,,0.0,0.0,12742.2
6709.96,100.0,28708.9,,,,,100.0,100.0,12742.2
6710.96,0.0,28708.9,,,,,0.0,0.0,12742.2
6711.96,100.0,28608.6,,,,,100.0,100.0,12714.0
6712.96,0.0,28608.7,,,,,0.0,0.0,12722.2
6713.96,0.0,28744.9,,,,,0.0,0.0,12737.1
6714.96,0.0,28813.0,,,,,0.0,0.0,12724.7
6715.96,100.0,28813.0,,,,,100.0,100.0,12733.8
6716.96,0.0,28881.0,,,,,0.0,0.0,12737.8
6717.96,0.0,28881.0,,,,,0.0,0.0,12737.8
6718.96,100.0,28881.0,,,,,100.0,100.0,12737.8
6719.96,0.0,28881.0,,,,,0.0,0.0,12737.8
6720.96,100.0,28812.9,,,,,100.0,100.0,12737.8
6721.96,0.0,28881.0,,,,,0.0,0.0,12738.5
6722.96,0.0,28881.0,,,,,0.0,0.0,12738.5
6723.96,100.0,28913.0,,,,,100.0,100.0,12740.5
6724.96,0.0,28913.0,,,,,0.0,0.0,12740.5
6725.96,0.0,28913.0,,,,,0.0,0.0,12740.5
6726.96,100.0,28845.4,,,,,100.0,100.0,12742.3
6727.96,0.0,28845.4,,,,,0.0,0.0,12742.3
6728.96,0.0,28845.4,,,,,0.0,0.0,12742.3
6729.96,100.0,28777.1,,,,,100.0,100.0,12742.5
6730.96,0.0,28777.1,,,,,0.0,0.0,12742.5
6731.96,0.0,28777.1,,,,,0.0,0.0,12742.5
6732.96,100.0,28708.9,,,,,100.0,100.0,12742.5
6733.96,0.0,28708.9,,,,,0.0,0.0,12742.5
6734.96,100.0,28645.3,,,,,100.0,100.0,12742.5
6735.96,1.28,28608.7,,,,,1.27,1.28,12722.5
6736.96,0.0,28710.9,,,,,0.0,0.0,12733.1
6737.96,0.0,28813.0,,,,,0.0,0.0,12722.2
6738.96,100.0,28813.0,,,,,100.0,100.0,12730.1
6739.96,0.0,28881.0,,,,,0.0,0.0,12738.0
6740.96,0.0,28881.0,,,,,0.0,0.0,12738.0
6741.96,100.0,28881.0,,,,,100.0,100.0,12738.0
6742.96,0.0,28881.0,,,,,0.0,0.0,12738.0
6743.96,0.0,28881.0,,,,,0.0,0.0,12738.0
6744.96,100.0,28881.0,,,,,100.0,100.0,12738.6
6745.96,0.0,28881.0,,,,,0.0,0.0,12738.6
6746.96,100.0,28913.0,,,,,100.0,100.0,12740.5
6747.97,0.0,28913.0,,,,,0.0,0.0,12740.5
6748.97,0.0,28913.0,,,,,0.0,0.0,12740.5
6749.97,100.0,28845.4,,,,,100.0,100.0,12742.5
6750.97,0.0,28845.4,,,,,0.0,0.0,12742.5
6751.97,0.0,28845.4,,,,,0.0,0.0,12742.5
6752.97,100.0,28777.1,,,,,100.0,100.0,12742.7
6753.97,0.0,28777.1,,,,,0.0,0.0,12742.7
6754.97,0.0,28777.1,,,,,0.0,0.0,12742.7
6755.97,100.0,28708.9,,,,,100.0,100.0,12742.7
6756.97,0.0,28708.9,,,,,0.0,0.0,12742.7
6757.97,0.0,28708.9,,,,,0.0,0.0,12742.7
6758.97,100.0,28608.7,,,,,100.0,100.0,12737.0
6759.97,0.0,28676.8,,,,,0.0,0.0,12731.9
6760.97,0.0,28779.0,,,,,0.0,0.0,12736.3
6761.97,100.0,28813.0,,,,,100.0,100.0,12725.5
6762.97,0.0,28881.0,,,,,0.0,0.0,12734.6
6763.97,0.0,28881.0,,,,,0.0,0.0,12737.5
6764.97,100.0,28881.0,,,,,100.0,100.0,12735.7
6765.97,0.0,28881.0,,,,,0.0,0.0,12737.7
6766.97,0.0,28881.0,,,,,0.0,0.0,12737.7
6767.97,100.0,28881.0,,,,,100.0,100.0,12738.4
6768.97,0.0,28881.0,,,,,0.0,0.0,12738.4
6769.97,100.0,28913.0,,,,,100.0,100.0,12740.5
6770.97,0.0,28913.0,,,,,0.0,0.0,12740.5
6771.97,0.0,28913.0,,,,,0.0,0.0,12740.5
6772.97,100.0,28845.4,,,,,100.0,100.0,12742.1
6773.97,0.0,28845.4,,,,,0.0,0.0,12742.1
6774.97,0.0,28845.4,,,,,0.0,0.0,12742.1
6775.97,100.0,28777.1,,,,,100.0,100.0,12742.3
6776.97,0.0,28777.1,,,,,0.0,0.0,12742.3
6777.97,0.0,28777.1,,,,,0.0,0.0,12742.3
6778.97,100.0,28708.9,,,,,100.0,100.0,12742.4
6779.97,0.0,28708.9,,,,,0.0,0.0,12742.4
6780.97,0.0,28708.9,,,,,0.0,0.0,12742.4
6781.97,100.0,28608.7,,,,,100.0,100.0,12736.6
6782.97,0.0,28676.8,,,,,0.0,0.0,12728.4
6783.97,0.0,28813.0,,,,,0.0,0.0,12729.1
6784.97,100.0,28813.0,,,,,100.0,100.0,12737.6
6785.97,0.0,28881.0,,,,,0.0,0.0,12733.0
6786.97,0.0,28881.0,,,,,0.0,0.0,12737.6
6787.97,100.0,28881.0,,,,,100.0,100.0,12731.5
6788.97,0.0,28881.0,,,,,0.0,0.0,12737.1
6789.97,0.0,28881.0,,,,,0.0,0.0,12737.1
6790.97,100.0,28881.0,,,,,100.0,100.0,12737.8
6791.97,0.0,28881.0,,,,,0.0,0.0,12737.8
6792.97,100.0,28913.0,,,,,100.0,100.0,12739.8
6793.97,0.0,28913.0,,,,,0.0,0.0,12739.8
6794.97,0.0,28913.0,,,,,0.0,0.0,12739.8
6795.97,100.0,28845.4,,,,,100.0,100.0,12741.6
6796.97,0.0,28845.4,,,,,0.0,0.0,12741.6
6797.97,0.0,28845.4,,,,,0.0,0.0,12741.6
6798.97,100.0,28777.1,,,,,100.0,100.0,12741.8
6799.97,0.0,28777.1,,,,,0.0,0.0,12741.8
6800.97,0.0,28777.1,,,,,0.0,0.0,12741.8
6801.97,100.0,28708.9,,,,,100.0,100.0,12741.8
6802.97,0.0,28708.9,,,,,0.0,0.0,12741.8
6803.97,0.0,28708.9,,,,,0.0,0.0,12741.8
6804.97,100.0,28608.7,,,,,100.0,100.0,12717.4
6805.97,0.0,28676.8,,,,,0.0,0.0,12725.6
6806.97,0.0,28813.0,,,,,0.0,0.0,12737.9
6807.97,100.0,28813.0,,,,,100.0,100.0,12725.6
6808.97,0.0,28881.0,,,,,0.0,0.0,12738.2
6809.97,0.0,28881.0,,,,,0.0,0.0,12738.3
6810.97,100.0,28881.0,,,,,100.0,100.0,12730.3
6811.97,0.0,28881.0,,,,,0.0,0.0,12738.4
6812.97,0.0,28881.0,,,,,0.0,0.0,12738.4
6813.97,100.0,28881.0,,,,,100.0,100.0,12739.1
6814.97,0.0,28881.0,,,,,0.0,0.0,12739.1
6815.97,0.0,28881.0,,,,,0.0,0.0,12739.1
6816.97,100.0,28913.0,,,,,100.0,100.0,12741.0
6817.97,0.0,28913.0,,,,,0.0,0.0,12741.0
6818.97,100.0,28845.4,,,,,100.0,100.0,12742.7
6819.98,0.0,28845.4,,,,,0.0,0.0,12742.7
6820.98,0.0,28845.4,,,,,0.0,0.0,12742.7
6821.98,100.0,28777.1,,,,,100.0,100.0,12742.9
6822.98,0.0,28777.1,,,,,0.0,0.0,12742.9
6823.98,0.0,28777.1,,,,,0.0,0.0,12742.9
6824.98,100.0,28708.9,,,,,100.0,100.0,12742.9
6825.98,0.0,28708.9,,,,,0.0,0.0,12742.9
6826.98,0.0,28708.9,,,,,0.0,0.0,12742.9
6827.98,100.0,28608.7,,,,,100.0,100.0,12736.7
6828.98,0.0,28676.8,,,,,0.0,0.0,12725.6
6829.98,0.0,28779.0,,,,,0.0,0.0,12736.8
6830.98,100.0,28813.0,,,,,100.0,100.0,12726.0
6831.98,0.0,28881.0,,,,,0.0,0.0,12733.5
6832.98,0.0,28881.0,,,,,0.0,0.0,12738.4
6833.98,100.0,28881.0,,,,,100.0,100.0,12729.8
6834.98,0.0,28881.0,,,,,0.0,0.0,12738.2
6835.98,0.0,28881.0,,,,,0.0,0.0,12738.2
6836.98,100.0,28881.0,,,,,100.0,100.0,12739.1
6837.98,0.0,28881.0,,,,,0.0,0.0,12739.1
6838.98,0.0,28881.0,,,,,0.0,0.0,12739.1
6839.98,100.0,28913.0,,,,,100.0,100.0,12741.0
6840.98,0.0,28913.0,,,,,0.0,0.0,12741.0
6841.98,100.0,28845.4,,,,,100.0,100.0,12742.6
6842.98,0.0,28845.4,,,,,0.0,0.0,12742.6
6843.98,0.0,28845.4,,,,,0.0,0.0,12742.6
6844.98,100.0,28777.1,,,,,100.0,100.0,12742.8
6845.98,0.0,28777.1,,,,,0.0,0.0,12742.8
6846.98,0.0,28777.1,,,,,0.0,0.0,12742.8
6847.98,100.0,28708.9,,,,,100.0,100.0,12742.8
6848.98,0.0,28708.9,,,,,0.0,0.0,12742.8
6849.98,0.0,28708.9,,,,,0.0,0.0,12742.8
6850.98,100.0,28608.7,,,,,100.0,100.0,12736.8
6851.98,0.0,28676.8,,,,,0.0,0.0,12725.3
6852.98,0.0,28779.0,,,,,0.0,0.0,12737.4
6853.98,100.0,28813.0,,,,,100.0,100.0,12738.6
6854.98,0.0,28881.0,,,,,0.0,0.0,12734.1
6855.98,0.0,28881.0,,,,,0.0,0.0,12738.6
6856.98,100.0,28881.0,,,,,100.0,100.0,12728.0
6857.98,0.0,28881.0,,,,,0.0,0.0,12738.7
6858.98,0.0,28881.0,,,,,0.0,0.0,12738.7
6859.98,100.0,28881.0,,,,,100.0,100.0,12739.3
6860.98,0.0,28881.0,,,,,0.0,0.0,12739.3
6861.98,0.0,28881.0,,,,,0.0,0.0,12739.3
6862.98,100.0,28913.0,,,,,100.0,100.0,12741.4
6863.98,0.0,28913.0,,,,,0.0,0.0,12741.4
6864.98,100.0,28845.4,,,,,100.0,100.0,12743.0
6865.98,0.0,28845.4,,,,,0.0,0.0,12743.0
6866.98,0.0,28845.4,,,,,0.0,0.0,12743.0
6867.98,100.0,28777.1,,,,,100.0,100.0,12743.2
6868.98,0.0,28777.1,,,,,0.0,0.0,12743.2
6869.98,0.0,28777.1,,,,,0.0,0.0,12743.2
6870.98,100.0,28708.9,,,,,100.0,100.0,12743.2
6871.98,0.0,28708.9,,,,,0.0,0.0,12743.2
6872.98,0.0,28708.9,,,,,0.0,0.0,12743.2
6873.98,100.0,28608.7,,,,,100.0,100.0,12737.2
6874.98,0.0,28676.8,,,,,0.0,0.0,12730.5
6875.98,0.0,28744.9,,,,,0.0,0.0,12729.9
6876.98,100.0,28813.0,,,,,100.0,100.0,12730.1
6877.98,0.0,28881.0,,,,,0.0,0.0,12734.2
6878.98,0.0,28881.0,,,,,0.0,0.0,12739.1
6879.98,100.0,28881.0,,,,,100.0,100.0,12727.0
6880.98,0.0,28881.0,,,,,0.0,0.0,12739.0
6881.98,0.0,28881.0,,,,,0.0,0.0,12739.0
6882.98,100.0,28881.0,,,,,100.0,100.0,12739.7
6883.98,0.0,28881.0,,,,,0.0,0.0,12739.7
6884.98,0.0,28881.0,,,,,0.0,0.0,12739.7
6885.98,100.0,28913.0,,,,,100.0,100.0,12741.6
6886.98,0.0,28913.0,,,,,0.0,0.0,12741.6
6887.98,100.0,28845.0,,,,,100.0,100.0,12743.2
6888.98,0.0,28845.4,,,,,0.0,0.0,12743.3
6889.98,0.0,28845.4,,,,,0.0,0.0,12743.3
6890.98,100.0,28777.1,,,,,100.0,100.0,12743.5
6891.98,0.0,28777.1,,,,,0.0,0.0,12743.5
6892.99,0.0,28777.1,,,,,0.0,0.0,12743.5
6893.99,100.0,28708.9,,,,,100.0,100.0,12743.5
6894.99,0.0,28708.9,,,,,0.0,0.0,12743.5
6895.99,0.0,28708.9,,,,,0.0,0.0,12743.5
6896.99,100.0,28608.6,,,,,100.0,100.0,12733.5
6897.99,0.0,28676.8,,,,,0.0,0.0,12724.2
6898.99,0.0,28744.9,,,,,0.0,0.0,12730.5
6899.99,100.0,28813.0,,,,,100.0,100.0,12722.0
6900.99,0.0,28881.0,,,,,0.0,0.0,12728.8
6901.99,0.0,28881.0,,,,,0.0,0.0,12739.1
6902.99,100.0,28881.0,,,,,100.0,100.0,12727.4
6903.99,0.0,28881.0,,,,,0.0,0.0,12739.1
6904.99,0.0,28881.0,,,,,0.0,0.0,12739.1
6905.99,100.0,28881.0,,,,,100.0,100.0,12739.9
6906.99,0.0,28881.0,,,,,0.0,0.0,12739.9
6907.99,0.0,28881.0,,,,,0.0,0.0,12739.9
6908.99,100.0,28913.0,,,,,100.0,100.0,12741.9
6909.99,0.0,28913.0,,,,,0.0,0.0,12741.9
6910.99,0.0,28913.0,,,,,0.0,0.0,12741.9
6911.99,100.0,28845.4,,,,,100.0,100.0,12743.5
6912.99,0.0,28845.4,,,,,0.0,0.0,12743.5
6913.99,100.0,28777.1,,,,,100.0,100.0,12743.7
6914.99,0.0,28777.1,,,,,0.0,0.0,12743.7
6915.99,0.0,28777.1,,,,,0.0,0.0,12743.7
6916.99,100.0,28708.9,,,,,100.0,100.0,12743.7
6917.99,0.0,28708.9,,,,,0.0,0.0,12743.7
6918.99,0.0,28708.9,,,,,0.0,0.0,12743.7
6919.99,100.0,28608.6,,,,,100.0,100.0,12729.0
6920.99,0.0,28676.8,,,,,0.0,0.0,12737.8
6921.99,0.0,28744.9,,,,,0.0,0.0,12728.3
6922.99,100.0,28813.0,,,,,100.0,100.0,12739.9
6923.99,0.0,28881.0,,,,,0.0,0.0,12729.2
6924.99,0.0,28881.0,,,,,0.0,0.0,12739.5
6925.99,100.0,28881.0,,,,,100.0,100.0,12740.2
6926.99,0.0,28881.0,,,,,0.0,0.0,12739.4
6927.99,0.0,28881.0,,,,,0.0,0.0,12739.4
6928.99,100.0,28881.0,,,,,100.0,100.0,12740.2
6929.99,0.0,28881.0,,,,,0.0,0.0,12740.2
6930.99,0.0,28881.0,,,,,0.0,0.0,12740.2
6931.99,100.0,28913.0,,,,,100.0,100.0,12742.0
6932.99,0.0,28913.0,,,,,0.0,0.0,12742.0
6933.99,0.0,28913.0,,,,,0.0,0.0,12742.0
6934.99,100.0,28845.4,,,,,100.0,100.0,12743.7
6935.99,0.0,28845.4,,,,,0.0,0.0,12743.7
6936.99,100.0,28777.1,,,,,100.0,100.0,12743.9
6937.99,0.0,28777.1,,,,,0.0,0.0,12743.9
6938.99,0.0,28777.1,,,,,0.0,0.0,12743.9
6939.99,100.0,28708.9,,,,,100.0,100.0,12743.9
6940.99,0.0,28708.9,,,,,0.0,0.0,12743.9
6941.99,0.0,28708.9,,,,,0.0,0.0,12743.9
6942.99,100.0,28608.6,,,,,100.0,100.0,12727.7
6943.99,0.0,28676.8,,,,,0.0,0.0,12738.3
6944.99,0.0,28744.9,,,,,0.0,0.0,12728.1
6945.99,100.0,28813.0,,,,,100.0,100.0,12740.1
6946.99,0.0,28881.0,,,,,0.0,0.0,12740.2
6947.99,0.0,28881.0,,,,,0.0,0.0,12739.7
6948.99,100.0,28881.0,,,,,100.0,100.0,12740.3
6949.99,0.0,28881.0,,,,,0.0,0.0,12739.6
6950.99,0.0,28881.0,,,,,0.0,0.0,12739.6
6951.99,100.0,28881.0,,,,,100.0,100.0,12740.3
6952.99,0.0,28881.0,,,,,0.0,0.0,12740.3
6953.99,0.0,28881.0,,,,,0.0,0.0,12740.3
6954.99,100.0,28913.0,,,,,100.0,100.0,12742.2
6955.99,0.0,28913.0,,,,,0.0,0.0,12742.2
6956.99,0.0,28913.0,,,,,0.0,0.0,12742.2
6957.99,100.0,28845.4,,,,,100.0,100.0,12743.9
6958.99,0.0,28845.4,,,,,0.0,0.0,12743.9
6959.99,100.0,28777.1,,,,,100.0,100.0,12744.1
6960.99,0.0,28777.1,,,,,0.0,0.0,12744.1
6961.99,0.0,28777.1,,,,,0.0,0.0,12744.1
6962.99,100.0,28708.9,,,,,100.0,100.0,12744.1
6963.99,0.0,28708.9,,,,,0.0,0.0,12744.1
6964.99,0.0,28708.9,,,,,0.0,0.0,12744.1
6966.0,100.0,28608.6,,,,,100.0,100.0,12726.5
6967.0,0.0,28676.8,,,,,0.0,0.0,12738.5
6968.0,0.0,28744.9,,,,,0.0,0.0,12725.9
6969.0,0.0,28847.0,,,,,0.0,0.0,12738.4
6970.0,100.0,28881.0,,,,,100.0,100.0,12733.4
6971.0,0.0,28881.0,,,,,0.0,0.0,12739.6
6972.0,100.0,28881.0,,,,,100.0,100.0,12722.4
6973.0,0.0,28881.0,,,,,0.0,0.0,12740.0
6974.0,0.0,28881.0,,,,,0.0,0.0,12740.0
6975.0,100.0,28881.0,,,,,100.0,100.0,12740.9
6976.0,0.0,28881.0,,,,,0.0,0.0,12740.9
6977.0,0.0,28881.0,,,,,0.0,0.0,12740.9
6978.0,100.0,28913.0,,,,,100.0,100.0,12742.8
6979.0,0.0,28913.0,,,,,0.0,0.0,12742.8
6980.0,0.0,28913.0,,,,,0.0,0.0,12742.8
6981.0,100.0,28845.4,,,,,100.0,100.0,12744.4
6982.0,0.0,28845.4,,,,,0.0,0.0,12744.4
6983.0,0.0,28845.4,,,,,0.0,0.0,12744.4
6984.0,100.0,28777.1,,,,,100.0,100.0,12744.6
6985.0,0.0,28777.1,,,,,0.0,0.0,12744.6
6986.0,100.0,28708.9,,,,,100.0,100.0,12744.6
6987.0,0.0,28708.9,,,,,0.0,0.0,12744.6
6988.0,0.0,28708.9,,,,,0.0,0.0,12744.6
6989.0,100.0,28608.6,,,,,100.0,100.0,12723.9
6990.0,0.0,28642.8,,,,,0.0,0.0,12737.5
6991.0,0.0,28744.9,,,,,0.0,0.0,12726.2
6992.0,0.0,28813.0,,,,,0.0,0.0,12735.0
6993.0,100.0,28881.0,,,,,100.0,100.0,12725.0
6994.0,0.0,28881.0,,,,,0.0,0.0,12740.1
6995.0,100.0,28881.0,,,,,100.0,100.0,12740.6
6996.0,0.0,28881.0,,,,,0.0,0.0,12740.2
6997.0,0.0,28881.0,,,,,0.0,0.0,12740.2
6998.0,100.0,28881.0,,,,,100.0,100.0,12741.0
6999.0,0.0,28881.0,,,,,0.0,0.0,12741.0
7000.0,0.0,28881.0,,,,,0.0,0.0,12741.0
7001.0,100.0,28913.0,,,,,100.0,100.0,12743.0
7002.0,0.0,28913.0,,,,,0.0,0.0,12743.0
7003.0,0.0,28913.0,,,,,0.0,0.0,12743.0
7004.0,100.0,28845.4,,,,,100.0,100.0,12744.6
7005.0,0.0,28845.4,,,,,0.0,0.0,12744.6
7006.0,0.0,28845.4,,,,,0.0,0.0,12744.6
7007.0,100.0,28777.1,,,,,100.0,100.0,12744.7
7008.0,0.0,28777.1,,,,,0.0,0.0,12744.7
7009.0,100.0,28708.9,,,,,100.0,100.0,12744.7
7010.0,0.0,28708.9,,,,,0.0,0.0,12744.7
7011.0,0.0,28708.9,,,,,0.0,0.0,12744.7
7012.0,100.0,28608.6,,,,,100.0,100.0,12724.4
7013.0,0.0,28642.7,,,,,0.0,0.0,12736.6
7014.0,0.0,28744.9,,,,,0.0,0.0,12723.9
7015.0,0.0,28813.0,,,,,0.0,0.0,12729.7
7016.0,100.0,28881.0,,,,,100.0,100.0,12740.7
7017.0,0.0,28881.0,,,,,0.0,0.0,12740.0
7018.0,100.0,28881.0,,,,,100.0,100.0,12740.3
7019.0,0.0,28881.0,,,,,0.0,0.0,12740.1
7020.0,0.0,28881.0,,,,,0.0,0.0,12740.1
7021.0,100.0,28881.0,,,,,100.0,100.0,12740.8
7022.0,0.0,28881.0,,,,,0.0,0.0,12740.8
7023.0,0.0,28881.0,,,,,0.0,0.0,12740.8
7024.0,100.0,28913.0,,,,,100.0,100.0,12742.9
7025.0,0.0,28913.0,,,,,0.0,0.0,12742.9
7026.0,0.0,28913.0,,,,,0.0,0.0,12742.9
7027.0,100.0,28845.4,,,,,100.0,100.0,12744.3
7028.0,0.0,28845.4,,,,,0.0,0.0,12744.3
7029.0,0.0,28845.4,,,,,0.0,0.0,12744.3
7030.0,100.0,28777.1,,,,,100.0,100.0,12744.5
7031.0,0.0,28777.1,,,,,0.0,0.0,12744.5
7032.0,100.0,28708.9,,,,,100.0,100.0,12744.5
7033.0,0.0,28708.9,,,,,0.0,0.0,12744.5
7034.0,0.0,28708.9,,,,,0.0,0.0,12744.5
7035.0,100.0,28608.6,,,,,100.0,100.0,12744.8
7036.0,0.0,28608.7,,,,,0.0,0.0,12732.1
7037.0,0.0,28744.9,,,,,0.0,0.0,12739.8
7038.0,0.0,28813.0,,,,,0.0,0.0,12729.9
7039.0,100.0,28847.0,,,,,100.0,100.0,12740.0
7040.01,0.0,28881.0,,,,,0.0,0.0,12740.6
7041.01,0.0,28881.0,,,,,0.0,0.0,12740.6
7042.01,100.0,28881.0,,,,,100.0,100.0,12740.5
7043.01,0.0,28881.0,,,,,0.0,0.0,12740.5
7044.01,100.0,28881.0,,,,,100.0,100.0,12741.3
7045.01,0.0,28881.0,,,,,0.0,0.0,12741.3
7046.01,0.0,28881.0,,,,,0.0,0.0,12741.3
7047.01,100.0,28913.0,,,,,100.0,100.0,12743.2
7048.01,0.0,28913.0,,,,,0.0,0.0,12743.2
7049.01,0.0,28913.0,,,,,0.0,0.0,12743.2
7050.01,100.0,28845.4,,,,,100.0,100.0,12744.8
7051.01,0.0,28845.4,,,,,0.0,0.0,12744.8
7052.01,0.0,28845.4,,,,,0.0,0.0,12744.8
7053.01,100.0,28777.1,,,,,100.0,100.0,12745.0
7054.01,0.0,28777.1,,,,,0.0,0.0,12745.0
7055.01,0.0,28777.1,,,,,0.0,0.0,12745.0
7056.01,100.0,28708.9,,,,,100.0,100.0,12745.0
7057.01,0.0,28708.9,,,,,0.0,0.0,12745.0
7058.01,100.0,28608.6,,,,,100.0,100.0,12745.1
7059.01,0.0,28608.7,,,,,0.0,0.0,12729.2
7060.01,0.0,28744.9,,,,,0.0,0.0,12740.0
7061.01,0.0,28813.0,,,,,0.0,0.0,12735.1
7062.01,100.0,28847.0,,,,,100.0,100.0,12731.2
7063.01,0.0,28881.0,,,,,0.0,0.0,12740.7
7064.01,0.0,28881.0,,,,,0.0,0.0,12740.7
7065.01,100.0,28881.0,,,,,100.0,100.0,12740.6
7066.01,0.0,28881.0,,,,,0.0,0.0,12740.6
7067.01,100.0,28881.0,,,,,100.0,100.0,12740.9
7068.01,0.0,28881.0,,,,,0.0,0.0,12741.3
7069.01,0.0,28881.0,,,,,0.0,0.0,12741.3
7070.01,100.0,28913.0,,,,,100.0,100.0,12743.3
7071.01,0.0,28913.0,,,,,0.0,0.0,12743.3
7072.01,0.0,28913.0,,,,,0.0,0.0,12743.3
7073.01,100.0,28845.4,,,,,100.0,100.0,12744.8
7074.01,0.0,28845.4,,,,,0.0,0.0,12744.8
7075.01,0.0,28845.4,,,,,0.0,0.0,12744.8
7076.01,100.0,28777.1,,,,,100.0,100.0,12745.0
7077.01,0.0,28777.1,,,,,0.0,0.0,12745.0
7078.01,0.0,28777.1,,,,,0.0,0.0,12745.0
7079.01,100.0,28708.9,,,,,100.0,100.0,12745.0
7080.01,0.0,28708.9,,,,,0.0,0.0,12745.0
7081.01,100.0,28608.6,,,,,100.0,100.0,12719.3
7082.01,0.0,28608.7,,,,,0.0,0.0,12727.5
7083.01,0.0,28744.9,,,,,0.0,0.0,12740.2
7084.01,0.0,28813.0,,,,,0.0,0.0,12728.8
7085.01,100.0,28847.0,,,,,100.0,100.0,12738.1
7086.01,0.0,28881.0,,,,,0.0,0.0,12740.9
7087.01,0.0,28881.0,,,,,0.0,0.0,12740.9
7088.01,100.0,28881.0,,,,,100.0,100.0,12740.8
7089.01,0.0,28881.0,,,,,0.0,0.0,12740.8
7090.01,100.0,28881.0,,,,,100.0,100.0,12741.2
7091.01,0.0,28881.0,,,,,0.0,0.0,12741.7
7092.01,0.0,28881.0,,,,,0.0,0.0,12741.7
7093.01,100.0,28913.0,,,,,100.0,100.0,12743.6
7094.01,0.0,28913.0,,,,,0.0,0.0,12743.6
7095.01,0.0,28913.0,,,,,0.0,0.0,12743.6
7096.01,100.0,28845.4,,,,,100.0,100.0,12745.3
7097.01,0.0,28845.4,,,,,0.0,0.0,12745.3
7098.01,0.0,28845.4,,,,,0.0,0.0,12745.3
7099.01,100.0,28777.1,,,,,100.0,100.0,12745.5
7100.01,0.0,28777.1,,,,,0.0,0.0,12745.5
7101.01,0.0,28777.1,,,,,0.0,0.0,12745.5
7102.01,100.0,28708.9,,,,,100.0,100.0,12745.5
7103.01,0.0,28708.9,,,,,0.0,0.0,12745.5
7104.01,100.0,28608.6,,,,,100.0,100.0,12745.5
7105.01,0.0,28608.7,,,,,0.0,0.0,12727.1
7106.01,0.0,28744.9,,,,,0.0,0.0,12740.2
7107.01,0.0,28813.0,,,,,0.0,0.0,12728.5
7108.01,100.0,28813.0,,,,,100.0,100.0,12736.1
7109.01,0.0,28881.0,,,,,0.0,0.0,12741.0
7110.02,0.0,28881.0,,,,,0.0,0.0,12741.0
7111.02,100.0,28881.0,,,,,100.0,100.0,12741.0
7112.02,0.0,28881.0,,,,,0.0,0.0,12741.0
7113.02,100.0,28881.0,,,,,100.0,100.0,12741.4
7114.02,0.0,28881.0,,,,,0.0,0.0,12741.7
7115.02,0.0,28881.0,,,,,0.0,0.0,12741.7
7116.02,100.0,28913.0,,,,,100.0,100.0,12743.8
7117.02,0.0,28913.0,,,,,0.0,0.0,12743.8
7118.02,0.0,28913.0,,,,,0.0,0.0,12743.8
7119.02,100.0,28845.4,,,,,100.0,100.0,12745.4
7120.02,0.0,28845.4,,,,,0.0,0.0,12745.4
7121.02,0.0,28845.4,,,,,0.0,0.0,12745.4
7122.02,100.0,28777.1,,,,,100.0,100.0,12745.6
7123.02,0.0,28777.1,,,,,0.0,0.0,12745.6
7124.02,0.0,28777.1,,,,,0.0,0.0,12745.6
7125.02,100.0,28708.9,,,,,100.0,100.0,12745.6
7126.02,0.0,28708.9,,,,,0.0,0.0,12745.6
7127.02,100.0,28608.6,,,,,100.0,100.0,12745.7
7128.02,0.0,28608.7,,,,,0.0,0.0,12726.9
7129.02,0.0,28710.9,,,,,0.0,0.0,12738.4
7130.02,0.0,28813.0,,,,,0.0,0.0,12741.5
7131.02,100.0,28813.0,,,,,100.0,100.0,12735.9
7132.02,0.0,28881.0,,,,,0.0,0.0,12741.4
7133.02,0.0,28881.0,,,,,0.0,0.0,12741.4
7134.02,100.0,28881.0,,,,,100.0,100.0,12741.3
7135.02,0.0,28881.0,,,,,0.0,0.0,12741.3
7136.02,0.0,28881.0,,,,,0.0,0.0,12741.3
7137.02,100.0,28881.0,,,,,100.0,100.0,12742.0
7138.02,0.0,28881.0,,,,,0.0,0.0,12742.0
7139.02,100.0,28913.0,,,,,100.0,100.0,12743.8
7140.02,0.0,28913.0,,,,,0.0,0.0,12743.8
7141.02,0.0,28913.0,,,,,0.0,0.0,12743.8
7142.02,100.0,28845.4,,,,,100.0,100.0,12745.5
7143.02,0.0,28845.4,,,,,0.0,0.0,12745.5
7144.02,0.0,28845.4,,,,,0.0,0.0,12745.5
7145.02,100.0,28777.1,,,,,100.0,100.0,12745.7
7146.02,0.0,28777.1,,,,,0.0,0.0,12745.7
7147.02,0.0,28777.1,,,,,0.0,0.0,12745.7
7148.02,100.0,28708.9,,,,,100.0,100.0,12745.7
7149.02,0.0,28708.9,,,,,0.0,0.0,12745.7
7150.02,0.0,28708.9,,,,,0.0,0.0,12745.7
7151.02,100.0,28608.7,,,,,100.0,100.0,12740.2
7152.02,0.0,28676.8,,,,,0.0,0.0,12734.2
7153.02,0.0,28813.0,,,,,0.0,0.0,12734.6
7154.02,100.0,28813.0,,,,,100.0,100.0,12737.1
7155.02,0.0,28881.0,,,,,0.0,0.0,12741.9
7156.02,0.0,28881.0,,,,,0.0,0.0,12741.9
7157.02,100.0,28881.0,,,,,100.0,100.0,12740.2
7158.02,0.0,28881.0,,,,,0.0,0.0,12741.5
7159.02,0.0,28881.0,,,,,0.0,0.0,12741.5
7160.02,100.0,28881.0,,,,,100.0,100.0,12742.2
7161.02,0.0,28881.0,,,,,0.0,0.0,12742.2
7162.02,100.0,28913.0,,,,,100.0,100.0,12744.2
7163.02,0.0,28913.0,,,,,0.0,0.0,12744.2
7164.02,0.0,28913.0,,,,,0.0,0.0,12744.2
7165.02,100.0,28845.4,,,,,100.0,100.0,12745.7
7166.02,0.0,28845.4,,,,,0.0,0.0,12745.7
7167.02,0.0,28845.4,,,,,0.0,0.0,12745.7
7168.02,100.0,28777.1,,,,,100.0,100.0,12745.9
7169.02,0.0,28777.1,,,,,0.0,0.0,12745.9
7170.02,0.0,28777.1,,,,,0.0,0.0,12745.9
7171.02,100.0,28708.9,,,,,100.0,100.0,12745.9
7172.02,0.0,28708.9,,,,,0.0,0.0,12745.9
7173.02,0.0,28708.9,,,,,0.0,0.0,12745.9
7174.02,100.0,28608.7,,,,,100.0,100.0,12723.8
7175.02,0.0,28676.8,,,,,0.0,0.0,12731.6
7176.02,0.0,28813.0,,,,,0.0,0.0,12724.1
7177.02,100.0,28813.0,,,,,100.0,100.0,12730.3
7178.02,0.0,28881.0,,,,,0.0,0.0,12740.7
7179.02,0.0,28881.0,,,,,0.0,0.0,12742.0
7180.03,100.0,28881.0,,,,,100.0,100.0,12738.8
7181.03,0.0,28881.0,,,,,0.0,0.0,12741.9
7182.03,0.0,28881.0,,,,,0.0,0.0,12741.9
7183.03,100.0,28881.0,,,,,100.0,100.0,12742.7
7184.03,0.0,28881.0,,,,,0.0,0.0,12742.7
7185.03,100.0,28913.0,,,,,100.0,100.0,12744.7
7186.03,0.0,28913.0,,,,,0.0,0.0,12744.7
7187.03,0.0,28913.0,,,,,0.0,0.0,12744.7
7188.03,100.0,28845.4,,,,,100.0,100.0,12746.2
7189.03,0.0,28845.4,,,,,0.0,0.0,12746.2
7190.03,0.0,28845.4,,,,,0.0,0.0,12746.2
7191.03,100.0,28777.1,,,,,100.0,100.0,12746.4
7192.03,0.0,28777.1,,,,,0.0,0.0,12746.4
7193.03,0.0,28777.1,,,,,0.0,0.0,12746.4
7194.03,100.0,28708.9,,,,,100.0,100.0,12746.4
7195.03,0.0,28708.9,,,,,0.0,0.0,12746.4
7196.03,0.0,28708.9,,,,,0.0,0.0,12746.4
7197.03,100.0,28608.7,,,,,100.0,100.0,12740.5
7198.03,0.0,28676.8,,,,,0.0,0.0,12729.4
7199.03,0.0,28813.0,,,,,0.0,0.0,12741.9
7200.03,100.0,28813.0,,,,,100.0,100.0,12731.8
7201.03,0.0,28881.0,,,,,0.0,0.0,12737.8
7202.03,0.0,28881.0,,,,,0.0,0.0,12742.0
7203.03,100.0,28881.0,,,,,100.0,100.0,12735.4
7204.03,0.0,28881.0,,,,,0.0,0.0,12742.3
7205.03,0.0,28881.0,,,,,0.0,0.0,12742.3
7206.03,100.0,28881.0,,,,,100.0,100.0,12742.9
7207.03,0.0,28881.0,,,,,0.0,0.0,12742.9
7208.03,0.0,28881.0,,,,,0.0,0.0,12742.9
7209.03,100.0,28913.0,,,,,100.0,100.0,12744.9
7210.03,0.0,28913.0,,,,,0.0,0.0,12744.9
7211.03,100.0,28845.4,,,,,100.0,100.0,12746.5
7212.03,0.0,28845.4,,,,,0.0,0.0,12746.5
7213.03,0.0,28845.4,,,,,0.0,0.0,12746.5
7214.03,100.0,28777.1,,,,,100.0,100.0,12746.7
7215.03,0.0,28777.1,,,,,0.0,0.0,12746.7
7216.03,0.0,28777.1,,,,,0.0,0.0,12746.7
7217.03,100.0,28708.9,,,,,100.0,100.0,12746.7
7218.03,0.0,28708.9,,,,,0.0,0.0,12746.7
7219.03,0.0,28708.9,,,,,0.0,0.0,12746.7
7220.03,100.0,28608.7,,,,,100.0,100.0,12740.9
7221.03,0.0,28676.8,,,,,0.0,0.0,12730.4
7222.03,0.0,28813.0,,,,,0.0,0.0,12742.4
7223.03,100.0,28813.0,,,,,100.0,100.0,12742.7
7224.03,0.0,28881.0,,,,,0.0,0.0,12741.1
7225.03,0.0,28881.0,,,,,0.0,0.0,12742.3
7226.03,100.0,28881.0,,,,,100.0,100.0,12733.2
7227.03,0.0,28881.0,,,,,0.0,0.0,12742.1
7228.03,0.0,28881.0,,,,,0.0,0.0,12742.1
7229.03,100.0,28881.0,,,,,100.0,100.0,12742.7
7230.03,0.0,28881.0,,,,,0.0,0.0,12742.7
7231.03,0.0,28881.0,,,,,0.0,0.0,12742.7
7232.03,100.0,28913.0,,,,,100.0,100.0,12744.5
7233.03,0.0,28913.0,,,,,0.0,0.0,12744.5
7234.03,100.0,28845.4,,,,,100.0,100.0,12746.3
7235.03,0.0,28845.4,,,,,0.0,0.0,12746.3
7236.03,0.0,28845.4,,,,,0.0,0.0,12746.3
7237.03,100.0,28777.1,,,,,100.0,100.0,12746.5
7238.03,0.0,28777.1,,,,,0.0,0.0,12746.5
7239.03,0.0,28777.1,,,,,0.0,0.0,12746.5
7240.03,100.0,28708.9,,,,,100.0,100.0,12746.5
7241.03,0.0,28708.9,,,,,0.0,0.0,12746.5
7242.03,0.0,28708.9,,,,,0.0,0.0,12746.5
7243.03,100.0,28608.7,,,,,100.0,100.0,12740.9
7244.03,0.0,28676.8,,,,,0.0,0.0,12728.5
7245.03,0.0,28813.0,,,,,0.0,0.0,12742.5
7246.03,100.0,28813.0,,,,,100.0,100.0,12728.3
7247.03,0.0,28881.0,,,,,0.0,0.0,12736.1
7248.03,0.0,28881.0,,,,,0.0,0.0,12742.5
7249.03,100.0,28881.0,,,,,100.0,100.0,12731.5
7250.03,0.0,28881.0,,,,,0.0,0.0,12742.7
7251.03,0.0,28881.0,,,,,0.0,0.0,12742.7
7252.03,100.0,28881.0,,,,,100.0,100.0,12743.3
7253.04,0.0,28881.0,,,,,0.0,0.0,12743.3
7254.04,0.0,28881.0,,,,,0.0,0.0,12743.3
7255.04,100.0,28913.0,,,,,100.0,100.0,12745.4
7256.04,0.0,28913.0,,,,,0.0,0.0,12745.4
7257.04,100.0,28845.4,,,,,100.0,100.0,12746.9
7258.04,0.0,28845.4,,,,,0.0,0.0,12746.9
7259.04,0.0,28845.4,,,,,0.0,0.0,12746.9
7260.04,100.0,28777.1,,,,,100.0,100.0,12747.1
7261.04,0.0,28777.1,,,,,0.0,0.0,12747.1
7262.04,0.0,28777.1,,,,,0.0,0.0,12747.1
7263.04,100.0,28708.9,,,,,100.0,100.0,12747.1
7264.04,0.0,28708.9,,,,,0.0,0.0,12747.1
7265.04,0.0,28708.9,,,,,0.0,0.0,12747.1
7266.04,100.0,28608.7,,,,,100.0,100.0,12740.9
7267.04,0.0,28676.8,,,,,0.0,0.0,12728.2
7268.04,0.0,28744.9,,,,,0.0,0.0,12737.0
7269.04,100.0,28813.0,,,,,100.0,100.0,12728.0
7270.04,0.0,28881.0,,,,,0.0,0.0,12735.8
7271.04,0.0,28881.0,,,,,0.0,0.0,12742.9
7272.04,100.0,28881.0,,,,,100.0,100.0,12731.7
7273.04,0.0,28881.0,,,,,0.0,0.0,12742.6
7274.04,0.0,28881.0,,,,,0.0,0.0,12742.6
7275.04,100.0,28881.0,,,,,100.0,100.0,12743.4
7276.04,0.0,28881.0,,,,,0.0,0.0,12743.4
7277.04,0.0,28881.0,,,,,0.0,0.0,12743.4
7278.04,100.0,28913.0,,,,,100.0,100.0,12745.3
7279.04,0.0,28913.0,,,,,0.0,0.0,12745.3
7280.04,100.0,28845.0,,,,,100.0,100.0,12746.8
7281.04,0.0,28845.4,,,,,0.0,0.0,12747.0
7282.04,0.0,28845.4,,,,,0.0,0.0,12747.0
7283.04,100.0,28777.1,,,,,100.0,100.0,12747.2
7284.04,0.0,28777.1,,,,,0.0,0.0,12747.2
7285.04,0.0,28777.1,,,,,0.0,0.0,12747.2
7286.04,100.0,28708.9,,,,,100.0,100.0,12747.2
7287.04,0.0,28708.9,,,,,0.0,0.0,12747.2
7288.04,0.0,28708.9,,,,,0.0,0.0,12747.2
7289.04,100.0,28608.6,,,,,100.0,100.0,12737.6
7290.04,0.0,28676.8,,,,,0.0,0.0,12727.5
7291.04,0.0,28744.9,,,,,0.0,0.0,12732.3
7292.04,100.0,28813.0,,,,,100.0,100.0,12743.2
7293.04,0.0,28881.0,,,,,0.0,0.0,12732.9
7294.04,0.0,28881.0,,,,,0.0,0.0,12742.8
7295.04,100.0,28881.0,,,,,100.0,100.0,12743.4
7296.04,0.0,28881.0,,,,,0.0,0.0,12743.1
7297.04,0.0,28881.0,,,,,0.0,0.0,12743.1
7298.04,100.0,28881.0,,,,,100.0,100.0,12743.7
7299.04,0.0,28881.0,,,,,0.0,0.0,12743.7
7300.04,0.0,28881.0,,,,,0.0,0.0,12743.7
7301.04,100.0,28913.0,,,,,100.0,100.0,12745.7
7302.04,0.0,28913.0,,,,,0.0,0.0,12745.7
7303.04,0.0,28913.0,,,,,0.0,0.0,12745.7
7304.04,100.0,28845.4,,,,,100.0,100.0,12747.4
7305.04,0.0,28845.4,,,,,0.0,0.0,12747.4
7306.04,100.0,28777.1,,,,,100.0,100.0,12747.5
7307.04,0.0,28777.1,,,,,0.0,0.0,12747.5
7308.04,0.0,28777.1,,,,,0.0,0.0,12747.5
7309.04,100.0,28708.9,,,,,100.0,100.0,12747.6
7310.04,0.0,28708.9,,,,,0.0,0.0,12747.6
7311.04,0.0,28708.9,,,,,0.0,0.0,12747.6
7312.04,100.0,28608.6,,,,,100.0,100.0,12733.3
7313.04,0.0,28676.8,,,,,0.0,0.0,12741.6
7314.04,0.0,28744.9,,,,,0.0,0.0,12734.1
7315.04,100.0,28813.0,,,,,100.0,100.0,12735.7
7316.04,0.0,28881.0,,,,,0.0,0.0,12733.4
7317.04,0.0,28881.0,,,,,0.0,0.0,12742.8
7318.04,100.0,28881.0,,,,,100.0,100.0,12736.3
7319.04,0.0,28881.0,,,,,0.0,0.0,12743.1
7320.04,0.0,28881.0,,,,,0.0,0.0,12743.1
7321.04,100.0,28881.0,,,,,100.0,100.0,12743.8
7322.04,0.0,28881.0,,,,,0.0,0.0,12743.8
7323.04,0.0,28881.0,,,,,0.0,0.0,12743.8
7324.04,100.0,28913.0,,,,,100.0,100.0,12745.8
7325.05,0.0,28913.0,,,,,0.0,0.0,12745.8
7326.05,0.0,28913.0,,,,,0.0,0.0,12745.8
7327.05,100.0,28845.4,,,,,100.0,100.0,12747.5
7328.05,0.0,28845.4,,,,,0.0,0.0,12747.5
7329.05,100.0,28777.1,,,,,100.0,100.0,12747.7
7330.05,0.0,28777.1,,,,,0.0,0.0,12747.7
7331.05,0.0,28777.1,,,,,0.0,0.0,12747.7
7332.05,100.0,28708.9,,,,,100.0,100.0,12747.7
7333.05,0.0,28708.9,,,,,0.0,0.0,12747.7
7334.05,0.0,28708.9,,,,,0.0,0.0,12747.7
7335.05,100.0,28608.6,,,,,100.0,100.0,12731.3
7336.05,0.0,28676.8,,,,,0.0,0.0,12723.7
7337.05,0.0,28744.9,,,,,0.0,0.0,12731.0
7338.05,100.0,28813.0,,,,,100.0,100.0,12725.0
7339.05,0.0,28881.0,,,,,0.0,0.0,12730.7
7340.05,0.0,28881.0,,,,,0.0,0.0,12743.1
7341.05,100.0,28881.0,,,,,100.0,100.0,12726.9
7342.05,0.0,28881.0,,,,,0.0,0.0,12743.3
7343.05,0.0,28881.0,,,,,0.0,0.0,12743.3
7344.05,100.0,28881.0,,,,,100.0,100.0,12743.9
7345.05,0.0,28881.0,,,,,0.0,0.0,12743.9
7346.05,0.0,28881.0,,,,,0.0,0.0,12743.9
7347.05,100.0,28913.0,,,,,100.0,100.0,12745.9
7348.05,0.0,28913.0,,,,,0.0,0.0,12745.9
7349.05,0.0,28913.0,,,,,0.0,0.0,12745.9
7350.05,100.0,28845.4,,,,,100.0,100.0,12747.7
7351.05,0.0,28845.4,,,,,0.0,0.0,12747.7
7352.05,100.0,28777.1,,,,,100.0,100.0,12747.9
7353.05,0.0,28777.1,,,,,0.0,0.0,12747.9
7354.05,0.0,28777.1,,,,,0.0,0.0,12747.9
7355.05,100.0,28708.9,,,,,100.0,100.0,12747.9
7356.05,0.0,28708.9,,,,,0.0,0.0,12747.9
7357.05,0.0,28708.9,,,,,0.0,0.0,12747.9
7358.05,100.0,28608.6,,,,,100.0,100.0,12729.2
7359.05,0.0,28676.8,,,,,0.0,0.0,12742.2
7360.05,0.0,28744.9,,,,,0.0,0.0,12730.5
7361.05,0.0,28881.0,,,,,0.0,0.0,12743.9
7362.05,100.0,28881.0,,,,,100.0,100.0,12732.7
7363.05,0.0,28881.0,,,,,0.0,0.0,12743.5
7364.05,100.0,28881.0,,,,,100.0,100.0,12744.2
7365.05,0.0,28881.0,,,,,0.0,0.0,12743.5
7366.05,0.0,28881.0,,,,,0.0,0.0,12743.5
7367.05,100.0,28881.0,,,,,100.0,100.0,12744.2
7368.05,0.0,28881.0,,,,,0.0,0.0,12744.2
7369.05,0.0,28881.0,,,,,0.0,0.0,12744.2
7370.05,100.0,28913.0,,,,,100.0,100.0,12746.2
7371.05,0.0,28913.0,,,,,0.0,0.0,12746.2
7372.05,0.0,28913.0,,,,,0.0,0.0,12746.2
7373.05,100.0,28845.4,,,,,100.0,100.0,12747.9
7374.05,0.0,28845.4,,,,,0.0,0.0,12747.9
7375.05,0.0,28845.4,,,,,0.0,0.0,12747.9
7376.05,100.0,28777.1,,,,,100.0,100.0,12748.1
7377.05,0.0,28777.1,,,,,0.0,0.0,12748.1
7378.05,100.0,28708.9,,,,,100.0,100.0,12748.1
7379.05,0.0,28708.9,,,,,0.0,0.0,12748.1
7380.05,0.0,28708.9,,,,,0.0,0.0,12748.1
7381.05,100.0,28608.6,,,,,100.0,100.0,12729.2
7382.05,0.0,28676.8,,,,,0.0,0.0,12742.3
7383.05,0.0,28744.9,,,,,0.0,0.0,12730.5
7384.05,0.0,28813.0,,,,,0.0,0.0,12740.5
7385.05,100.0,28881.0,,,,,100.0,100.0,12744.4
7386.05,0.0,28881.0,,,,,0.0,0.0,12743.8
7387.05,100.0,28881.0,,,,,100.0,100.0,12744.3
7388.05,0.0,28881.0,,,,,0.0,0.0,12743.7
7389.05,0.0,28881.0,,,,,0.0,0.0,12743.7
7390.05,100.0,28881.0,,,,,100.0,100.0,12744.4
7391.05,0.0,28881.0,,,,,0.0,0.0,12744.4
7392.05,0.0,28881.0,,,,,0.0,0.0,12744.4
7393.05,100.0,28913.0,,,,,100.0,100.0,12746.4
7394.05,0.0,28913.0,,,,,0.0,0.0,12746.4
7395.05,0.0,28913.0,,,,,0.0,0.0,12746.4
7396.06,100.0,28845.4,,,,,100.0,100.0,12747.9
7397.06,0.0,28845.4,,,,,0.0,0.0,12747.9
7398.06,0.0,28845.4,,,,,0.0,0.0,12747.9
7399.06,100.0,28777.1,,,,,100.0,100.0,12748.1
7400.06,0.0,28777.1,,,,,0.0,0.0,12748.1
7401.06,100.0,28708.9,,,,,100.0,100.0,12748.1
7402.06,0.0,28708.9,,,,,0.0,0.0,12748.1
7403.06,0.0,28708.9,,,,,0.0,0.0,12748.1
7404.06,100.0,28608.6,,,,,100.0,100.0,12728.3
7405.06,0.0,28642.8,,,,,0.0,0.0,12741.7
7406.06,0.0,28744.9,,,,,0.0,0.0,12743.2
7407.06,0.0,28813.0,,,,,0.0,0.0,12738.4
7408.06,100.0,28881.0,,,,,100.0,100.0,12744.5
7409.06,0.0,28881.0,,,,,0.0,0.0,12743.8
7410.06,100.0,28881.0,,,,,100.0,100.0,12744.3
7411.06,0.0,28881.0,,,,,0.0,0.0,12744.2
7412.06,0.0,28881.0,,,,,0.0,0.0,12744.2
7413.06,100.0,28881.0,,,,,100.0,100.0,12744.8
7414.06,0.0,28881.0,,,,,0.0,0.0,12744.8
7415.06,0.0,28881.0,,,,,0.0,0.0,12744.8
7416.06,100.0,28913.0,,,,,100.0,100.0,12746.8
7417.06,0.0,28913.0,,,,,0.0,0.0,12746.8
7418.06,0.0,28913.0,,,,,0.0,0.0,12746.8
7419.06,100.0,28845.4,,,,,100.0,100.0,12748.6
7420.06,0.0,28845.4,,,,,0.0,0.0,12748.6
7421.06,0.0,28845.4,,,,,0.0,0.0,12748.6
7422.06,100.0,28777.1,,,,,100.0,100.0,12748.8
7423.06,0.0,28777.1,,,,,0.0,0.0,12748.8
7424.06,100.0,28708.9,,,,,100.0,100.0,12748.8
7425.06,0.0,28708.9,,,,,0.0,0.0,12748.8
7426.06,0.0,28708.9,,,,,0.0,0.0,12748.8
7427.06,100.0,28608.6,,,,,100.0,100.0,12748.9
7428.06,0.0,28608.7,,,,,0.0,0.0,12736.2
7429.06,0.0,28744.9,,,,,0.0,0.0,12743.5
7430.06,0.0,28813.0,,,,,0.0,0.0,12732.9
7431.06,100.0,28881.0,,,,,100.0,100.0,12735.6
7432.06,0.0,28881.0,,,,,0.0,0.0,12744.2
7433.06,0.0,28881.0,,,,,0.0,0.0,12744.2
7434.06,100.0,28881.0,,,,,100.0,100.0,12744.5
7435.06,0.0,28881.0,,,,,0.0,0.0,12744.5
7436.06,100.0,28881.0,,,,,100.0,100.0,12745.1
7437.06,0.0,28881.0,,,,,0.0,0.0,12745.1
7438.06,0.0,28881.0,,,,,0.0,0.0,12745.1
7439.06,100.0,28913.0,,,,,100.0,100.0,12747.1
7440.06,0.0,28913.0,,,,,0.0,0.0,12747.1
7441.06,0.0,28913.0,,,,,0.0,0.0,12747.1
7442.06,100.0,28845.4,,,,,100.0,100.0,12748.8
7443.06,0.0,28845.4,,,,,0.0,0.0,12748.8
7444.06,0.0,28845.4,,,,,0.0,0.0,12748.8
7445.06,100.0,28777.1,,,,,100.0,100.0,12748.9
7446.06,0.0,28777.1,,,,,0.0,0.0,12748.9
7447.06,0.0,28777.1,,,,,0.0,0.0,12748.9
7448.06,100.0,28708.9,,,,,100.0,100.0,12748.9
7449.06,0.0,28708.9,,,,,0.0,0.0,12748.9
7450.06,100.0,28608.6,,,,,100.0,100.0,12724.3
7451.06,0.0,28608.7,,,,,0.0,0.0,12733.0
7452.06,0.0,28744.9,,,,,0.0,0.0,12725.0
7453.06,0.0,28813.0,,,,,0.0,0.0,12731.9
7454.06,100.0,28847.0,,,,,100.0,100.0,12743.3
7455.06,0.0,28881.0,,,,,0.0,0.0,12744.5
7456.06,0.0,28881.0,,,,,0.0,0.0,12744.5
7457.06,100.0,28881.0,,,,,100.0,100.0,12744.8
7458.06,0.0,28881.0,,,,,0.0,0.0,12744.8
7459.06,100.0,28881.0,,,,,100.0,100.0,12745.2
7460.06,0.0,28881.0,,,,,0.0,0.0,12745.4
7461.06,0.0,28881.0,,,,,0.0,0.0,12745.4
7462.06,100.0,28913.0,,,,,100.0,100.0,12747.4
7463.06,0.0,28913.0,,,,,0.0,0.0,12747.4
7464.06,0.0,28913.0,,,,,0.0,0.0,12747.4
7465.06,100.0,28845.4,,,,,100.0,100.0,12749.0
7466.06,0.0,28845.4,,,,,0.0,0.0,12749.0
7467.07,0.0,28845.4,,,,,0.0,0.0,12749.0
7468.07,100.0,28777.1,,,,,100.0,100.0,12749.2
7469.07,0.0,28777.1,,,,,0.0,0.0,12749.2
7470.07,0.0,28777.1,,,,,0.0,0.0,12749.2
7471.07,100.0,28708.9,,,,,100.0,100.0,12749.2
7472.07,0.0,28708.9,,,,,0.0,0.0,12749.2
7473.07,100.0,28608.6,,,,,100.0,100.0,12749.4
7474.07,0.0,28608.7,,,,,0.0,0.0,12731.4
7475.07,0.0,28744.9,,,,,0.0,0.0,12744.1
7476.07,0.0,28813.0,,,,,0.0,0.0,12734.2
7477.07,100.0,28881.0,,,,,100.0,100.0,12745.2
7478.07,0.0,28881.0,,,,,0.0,0.0,12744.5
7479.07,0.0,28881.0,,,,,0.0,0.0,12744.5
7480.07,100.0,28881.0,,,,,100.0,100.0,12744.7
7481.07,0.0,28881.0,,,,,0.0,0.0,12744.7
7482.07,100.0,28881.0,,,,,100.0,100.0,12745.1
7483.07,0.0,28881.0,,,,,0.0,0.0,12745.5
7484.07,0.0,28881.0,,,,,0.0,0.0,12745.5
7485.07,100.0,28913.0,,,,,100.0,100.0,12747.5
7486.07,0.0,28913.0,,,,,0.0,0.0,12747.5
7487.07,0.0,28913.0,,,,,0.0,0.0,12747.5
7488.07,100.0,28845.4,,,,,100.0,100.0,12749.1
7489.07,0.0,28845.4,,,,,0.0,0.0,12749.1
7490.07,0.0,28845.4,,,,,0.0,0.0,12749.1
7491.07,100.0,28777.1,,,,,100.0,100.0,12749.3
7492.07,0.0,28777.1,,,,,0.0,0.0,12749.3
7493.07,0.0,28777.1,,,,,0.0,0.0,12749.3
7494.07,100.0,28708.9,,,,,100.0,100.0,12749.3
7495.07,0.0,28708.9,,,,,0.0,0.0,12749.3
7496.07,100.0,28608.6,,,,,100.0,100.0,12749.4
7497.07,0.0,28608.7,,,,,0.0,0.0,12731.5
7498.07,0.0,28744.9,,,,,0.0,0.0,12744.0
7499.07,0.0,28813.0,,,,,0.0,0.0,12745.1
7500.07,100.0,28813.0,,,,,100.0,100.0,12738.4
7501.07,0.0,28881.0,,,,,0.0,0.0,12745.0
7502.07,0.0,28881.0,,,,,0.0,0.0,12745.0
7503.07,100.0,28881.0,,,,,100.0,100.0,12745.0
7504.07,0.0,28881.0,,,,,0.0,0.0,12745.0
7505.07,100.0,28881.0,,,,,100.0,100.0,12745.2
7506.07,0.0,28881.0,,,,,0.0,0.0,12745.7
7507.07,0.0,28881.0,,,,,0.0,0.0,12745.7
7508.07,100.0,28913.0,,,,,100.0,100.0,12747.7
7509.07,0.0,28913.0,,,,,0.0,0.0,12747.7
7510.07,0.0,28913.0,,,,,0.0,0.0,12747.7
7511.07,100.0,28845.4,,,,,100.0,100.0,12749.3
7512.07,0.0,28845.4,,,,,0.0,0.0,12749.3
7513.07,0.0,28845.4,,,,,0.0,0.0,12749.3
7514.07,100.0,28777.1,,,,,100.0,100.0,12749.5
7515.07,0.0,28777.1,,,,,0.0,0.0,12749.5
7516.07,0.0,28777.1,,,,,0.0,0.0,12749.5
7517.07,100.0,28708.9,,,,,100.0,100.0,12749.6
7518.07,0.0,28708.9,,,,,0.0,0.0,12749.6
7519.07,100.0,28608.6,,,,,100.0,100.0,12749.6
7520.07,0.0,28608.7,,,,,0.0,0.0,12737.8
7521.07,0.0,28710.9,,,,,0.0,0.0,12743.6
7522.07,0.0,28813.0,,,,,0.0,0.0,12738.3
7523.07,100.0,28813.0,,,,,100.0,100.0,12739.8
7524.07,0.0,28881.0,,,,,0.0,0.0,12745.3
7525.07,0.0,28881.0,,,,,0.0,0.0,12745.3
7526.07,100.0,28881.0,,,,,100.0,100.0,12745.3
7527.07,0.0,28881.0,,,,,0.0,0.0,12745.3
7528.07,0.0,28881.0,,,,,0.0,0.0,12745.3
7529.07,100.0,28881.0,,,,,100.0,100.0,12745.8
7530.07,0.0,28881.0,,,,,0.0,0.0,12745.8
7531.07,100.0,28913.0,,,,,100.0,100.0,12747.8
7532.07,0.0,28913.0,,,,,0.0,0.0,12747.8
7533.07,0.0,28913.0,,,,,0.0,0.0,12747.8
7534.07,100.0,28845.4,,,,,100.0,100.0,12749.5
7535.07,0.0,28845.4,,,,,0.0,0.0,12749.5
7536.07,0.0,28845.4,,,,,0.0,0.0,12749.5
7537.07,100.0,28777.1,,,,,100.0,100.0,12749.7
7538.07,0.0,28777.1,,,,,0.0,0.0,12749.7
7539.08,0.0,28777.1,,,,,0.0,0.0,12749.7
7540.08,100.0,28708.9,,,,,100.0,100.0,12749.7
7541.08,0.0,28708.9,,,,,0.0,0.0,12749.7
7542.08,0.0,28708.9,,,,,0.0,0.0,12749.7
7543.08,100.0,28608.7,,,,,100.0,100.0,12728.7
7544.08,0.0,28676.8,,,,,0.0,0.0,12740.5
7545.08,0.0,28813.0,,,,,0.0,0.0,12729.5
7546.08,100.0,28813.0,,,,,100.0,100.0,12735.7
7547.08,0.0,28881.0,,,,,0.0,0.0,12745.5
7548.08,0.0,28881.0,,,,,0.0,0.0,12745.5
7549.08,100.0,28881.0,,,,,100.0,100.0,12745.6
7550.08,0.0,28881.0,,,,,0.0,0.0,12745.6
7551.08,0.0,28881.0,,,,,0.0,0.0,12745.6
7552.08,100.0,28881.0,,,,,100.0,100.0,12746.2
7553.08,0.0,28881.0,,,,,0.0,0.0,12746.2
7554.08,100.0,28913.0,,,,,100.0,100.0,12748.2
7555.08,0.0,28913.0,,,,,0.0,0.0,12748.2
7556.08,0.0,28913.0,,,,,0.0,0.0,12748.2
7557.08,100.0,28845.4,,,,,100.0,100.0,12749.9
7558.08,0.0,28845.4,,,,,0.0,0.0,12749.9
7559.08,0.0,28845.4,,,,,0.0,0.0,12749.9
7560.08,100.0,28777.1,,,,,100.0,100.0,12750.1
7561.08,0.0,28777.1,,,,,0.0,0.0,12750.1
7562.08,0.0,28777.1,,,,,0.0,0.0,12750.1
7563.08,100.0,28708.9,,,,,100.0,100.0,12750.1
7564.08,0.0,28708.9,,,,,0.0,0.0,12750.1
7565.08,0.0,28708.9,,,,,0.0,0.0,12750.1
7566.08,100.0,28608.7,,,,,100.0,100.0,12729.3
7567.08,0.0,28676.8,,,,,0.0,0.0,12735.1
7568.08,0.0,28813.0,,,,,0.0,0.0,12745.7
7569.08,100.0,28813.0,,,,,100.0,100.0,12734.5
7570.08,0.0,28881.0,,,,,0.0,0.0,12744.6
7571.08,0.0,28881.0,,,,,0.0,0.0,12745.8
7572.08,100.0,28881.0,,,,,100.0,100.0,12741.8
7573.08,0.0,28881.0,,,,,0.0,0.0,12745.7
7574.08,0.0,28881.0,,,,,0.0,0.0,12745.7
7575.08,100.0,28881.0,,,,,100.0,100.0,12746.3
7576.08,0.0,28881.0,,,,,0.0,0.0,12746.3
7577.08,100.0,28913.0,,,,,100.0,100.0,12748.2
7578.08,0.0,28913.0,,,,,0.0,0.0,12748.2
7579.08,0.0,28913.0,,,,,0.0,0.0,12748.2
7580.08,100.0,28845.4,,,,,100.0,100.0,12749.9
7581.08,0.0,28845.4,,,,,0.0,0.0,12749.9
7582.08,0.0,28845.4,,,,,0.0,0.0,12749.9
7583.08,100.0,28777.1,,,,,100.0,100.0,12750.1
7584.08,0.0,28777.1,,,,,0.0,0.0,12750.1
7585.08,0.0,28777.1,,,,,0.0,0.0,12750.1
7586.08,100.0,28708.9,,,,,100.0,100.0,12750.1
7587.08,0.0,28708.9,,,,,0.0,0.0,12750.1
7588.08,0.0,28708.9,,,,,0.0,0.0,12750.1
7589.08,100.0,28608.7,,,,,100.0,100.0,12744.5
7590.08,0.0,28676.8,,,,,0.0,0.0,12735.8
7591.08,0.0,28813.0,,,,,0.0,0.0,12746.0
7592.08,100.0,28813.0,,,,,100.0,100.0,12735.7
7593.08,0.0,28881.0,,,,,0.0,0.0,12745.8
7594.08,0.0,28881.0,,,,,0.0,0.0,12745.8
7595.08,100.0,28881.0,,,,,100.0,100.0,12738.6
7596.08,0.0,28881.0,,,,,0.0,0.0,12745.9
7597.08,0.0,28881.0,,,,,0.0,0.0,12745.9
7598.08,100.0,28881.0,,,,,100.0,100.0,12746.6
7599.08,0.0,28881.0,,,,,0.0,0.0,12746.6
7600.08,0.0,28881.0,,,,,0.0,0.0,12746.6
7601.08,100.0,28913.0,,,,,100.0,100.0,12748.5
7602.08,0.0,28913.0,,,,,0.0,0.0,12748.5
7603.08,100.0,28845.4,,,,,100.0,100.0,12750.2
7604.08,0.0,28845.4,,,,,0.0,0.0,12750.2
7605.08,0.0,28845.4,,,,,0.0,0.0,12750.2
7606.08,100.0,28777.1,,,,,100.0,100.0,12750.4
7607.08,0.0,28777.1,,,,,0.0,0.0,12750.4
7608.08,0.0,28777.1,,,,,0.0,0.0,12750.4
7609.08,100.0,28708.9,,,,,100.0,100.0,12750.4
7610.09,0.0,28708.9,,,,,0.0,0.0,12750.4
7611.09,0.0,28708.9,,,,,0.0,0.0,12750.4
7612.09,100.0,28608.7,,,,,100.0,100.0,12744.6
7613.09,0.0,28676.8,,,,,0.0,0.0,12733.0
7614.09,0.0,28813.0,,,,,0.0,0.0,12736.2
7615.09,100.0,28813.0,,,,,100.0,100.0,12732.7
7616.09,0.0,28881.0,,,,,0.0,0.0,12745.2
7617.09,0.0,28881.0,,,,,0.0,0.0,12746.2
7618.09,100.0,28881.0,,,,,100.0,100.0,12736.2
7619.09,0.0,28881.0,,,,,0.0,0.0,12746.0
7620.09,0.0,28881.0,,,,,0.0,0.0,12746.0
7621.09,100.0,28881.0,,,,,100.0,100.0,12746.6
7622.09,0.0,28881.0,,,,,0.0,0.0,12746.6
7623.09,0.0,28881.0,,,,,0.0,0.0,12746.6
7624.09,100.0,28913.0,,,,,100.0,100.0,12748.6
7625.09,0.0,28913.0,,,,,0.0,0.0,12748.6
7626.09,100.0,28845.4,,,,,100.0,100.0,12750.3
7627.09,0.0,28845.4,,,,,0.0,0.0,12750.3
7628.09,0.0,28845.4,,,,,0.0,0.0,12750.3
7629.09,100.0,28777.1,,,,,100.0,100.0,12750.5
7630.09,0.0,28777.1,,,,,0.0,0.0,12750.5
7631.09,0.0,28777.1,,,,,0.0,0.0,12750.5
7632.09,100.0,28708.9,,,,,100.0,100.0,12750.5
7633.09,0.0,28708.9,,,,,0.0,0.0,12750.5
7634.09,0.0,28708.9,,,,,0.0,0.0,12750.5
7635.09,100.0,28608.7,,,,,100.0,100.0,12744.8
7636.09,0.0,28676.8,,,,,0.0,0.0,12731.8
7637.09,0.0,28813.0,,,,,0.0,0.0,12746.3
7638.09,100.0,28813.0,,,,,100.0,100.0,12733.3
7639.09,0.0,28881.0,,,,,0.0,0.0,12742.5
7640.09,0.0,28881.0,,,,,0.0,0.0,12746.4
7641.09,100.0,28881.0,,,,,100.0,100.0,12735.5
7642.09,0.0,28881.0,,,,,0.0,0.0,12746.3
7643.09,0.0,28881.0,,,,,0.0,0.0,12746.3
7644.09,100.0,28881.0,,,,,100.0,100.0,12747.1
7645.09,0.0,28881.0,,,,,0.0,0.0,12747.1
7646.09,0.0,28881.0,,,,,0.0,0.0,12747.1
7647.09,100.0,28913.0,,,,,100.0,100.0,12749.0
7648.09,0.0,28913.0,,,,,0.0,0.0,12749.0
7649.09,100.0,28845.4,,,,,100.0,100.0,12750.7
7650.09,0.0,28845.4,,,,,0.0,0.0,12750.7
7651.09,0.0,28845.4,,,,,0.0,0.0,12750.7
7652.09,100.0,28777.1,,,,,100.0,100.0,12750.8
7653.09,0.0,28777.1,,,,,0.0,0.0,12750.8
7654.09,0.0,28777.1,,,,,0.0,0.0,12750.8
7655.09,100.0,28708.9,,,,,100.0,100.0,12750.9
7656.09,0.0,28708.9,,,,,0.0,0.0,12750.9
7657.09,0.0,28708.9,,,,,0.0,0.0,12750.9
7658.09,100.0,28608.7,,,,,100.0,100.0,12744.8
7659.09,0.0,28676.8,,,,,0.0,0.0,12731.8
7660.09,0.0,28744.9,,,,,0.0,0.0,12742.7
7661.09,100.0,28813.0,,,,,100.0,100.0,12747.0
7662.09,0.0,28881.0,,,,,0.0,0.0,12737.6
7663.09,0.0,28881.0,,,,,0.0,0.0,12746.5
7664.09,100.0,28881.0,,,,,100.0,100.0,12735.7
7665.09,0.0,28881.0,,,,,0.0,0.0,12746.4
7666.09,0.0,28881.0,,,,,0.0,0.0,12746.4
7667.09,100.0,28881.0,,,,,100.0,100.0,12747.2
7668.09,0.0,28881.0,,,,,0.0,0.0,12747.2
7669.09,0.0,28881.0,,,,,0.0,0.0,12747.2
7670.09,100.0,28913.0,,,,,100.0,100.0,12749.1
7671.09,0.0,28913.0,,,,,0.0,0.0,12749.1
7672.09,100.0,28845.0,,,,,100.0,100.0,12750.7
7673.09,0.0,28845.4,,,,,0.0,0.0,12750.8
7674.09,0.0,28845.4,,,,,0.0,0.0,12750.8
7675.09,100.0,28777.1,,,,,100.0,100.0,12751.0
7676.09,0.0,28777.1,,,,,0.0,0.0,12751.0
7677.09,0.0,28777.1,,,,,0.0,0.0,12751.0
7678.09,100.0,28708.9,,,,,100.0,100.0,12751.0
7679.1,0.0,28708.9,,,,,0.0,0.0,12751.0
7680.1,0.0,28708.9,,,,,0.0,0.0,12751.0
7681.1,100.0,28574.6,,,,,100.0,100.0,12741.2
7682.1,0.0,28676.8,,,,,0.0,0.0,12745.4
7683.1,0.0,28744.9,,,,,0.0,0.0,12740.0
7684.1,100.0,28813.0,,,,,100.0,100.0,12747.2
7685.1,0.0,28881.0,,,,,0.0,0.0,12736.9
7686.1,0.0,28881.0,,,,,0.0,0.0,12746.8
7687.1,100.0,28881.0,,,,,100.0,100.0,12747.5
7688.1,0.0,28881.0,,,,,0.0,0.0,12746.8
7689.1,0.0,28881.0,,,,,0.0,0.0,12746.8
7690.1,100.0,28881.0,,,,,100.0,100.0,12747.5
7691.1,0.0,28881.0,,,,,0.0,0.0,12747.5
7692.1,0.0,28881.0,,,,,0.0,0.0,12747.5
7693.1,100.0,28913.0,,,,,100.0,100.0,12749.4
7694.1,0.0,28913.0,,,,,0.0,0.0,12749.4
7695.1,0.0,28913.0,,,,,0.0,0.0,12749.4
7696.1,100.0,28844.6,,,,,100.0,100.0,12751.0
7697.1,0.0,28844.6,,,,,0.0,0.0,12751.0
7698.1,100.0,28776.4,,,,,100.0,100.0,12751.2
7699.1,0.0,28776.4,,,,,0.0,0.0,12751.2
7700.1,0.0,28776.4,,,,,0.0,0.0,12751.2
7701.1,100.0,28708.1,,,,,100.0,100.0,12751.2
7702.1,0.0,28708.1,,,,,0.0,0.0,12751.2
7703.1,0.0,28708.1,,,,,0.0,0.0,12751.2
7704.1,100.0,28607.9,,,,,100.0,100.0,12737.8
7705.1,0.0,28676.1,,,,,0.0,0.0,12738.1
7706.1,0.0,28744.2,,,,,0.0,0.0,12736.6
7707.1,100.0,28844.2,,,,,100.0,100.0,12751.1
7708.1,0.0,28844.2,,,,,0.0,0.0,12751.1
7709.1,0.0,28844.2,,,,,0.0,0.0,12751.1
7710.1,100.0,28776.1,,,,,100.0,100.0,12751.2
7711.1,0.0,28776.1,,,,,0.0,0.0,12751.2
7712.1,0.0,28776.1,,,,,0.0,0.0,12751.2
7713.1,100.0,28708.0,,,,,100.0,100.0,12751.3
7714.1,0.0,28708.0,,,,,0.0,0.0,12751.3
7715.1,0.0,28708.0,,,,,0.0,0.0,12751.3
7716.1,100.0,28539.1,,,,,100.0,100.0,12753.8
7717.1,18.99,13222.1,,,,,0.04,37.94,12886.5
7718.1,0.0,12322.1,,,,,0.0,0.0,12900.3
7719.1,0.0,12322.1,,,,,0.0,0.0,13023.3
7720.1,0.0,12322.1,,,,,0.0,0.0,13112.8
7721.1,0.0,12322.1,,,,,0.0,0.0,13190.8
7722.1,0.0,12322.1,,,,,0.0,0.0,1.3
7723.1,0.0,0.0,,,,,0.0,0.0,0.0
