t_s,gpu_util_pct,mem_used_mib,power_w,temp_c,sclk_mhz,mclk_mhz,util_nc0,util_nc1,host_mem_used_mib
0.0,,,,,,,,,
1.0,0.0,0.0,,,,,0.0,0.0,0.0
2.0,0.0,0.0,,,,,0.0,0.0,0.0
3.0,0.0,0.0,,,,,0.0,0.0,0.0
4.0,0.0,0.0,,,,,0.0,0.0,0.0
5.0,0.0,0.0,,,,,0.0,0.0,0.0
6.0,0.0,0.0,,,,,0.0,0.0,0.0
7.0,0.0,0.0,,,,,0.0,0.0,0.0
8.0,0.0,0.0,,,,,0.0,0.0,0.0
9.0,0.0,0.0,,,,,0.0,0.0,2142.4
10.0,0.0,0.0,,,,,0.0,0.0,2142.4
11.0,0.0,0.0,,,,,0.0,0.0,2142.4
12.0,0.0,0.0,,,,,0.0,0.0,2142.4
13.0,0.0,1.7,,,,,0.0,0.0,2143.3
14.0,0.0,1.7,,,,,0.0,0.0,2143.3
15.0,0.0,1.7,,,,,0.0,0.0,2143.3
16.0,0.0,1.7,,,,,0.0,0.0,2143.3
17.0,0.0,1.7,,,,,0.0,0.0,2143.3
18.0,0.0,1.7,,,,,0.0,0.0,2143.3
19.0,0.0,1.7,,,,,0.0,0.0,2143.3
20.0,0.0,1.7,,,,,0.0,0.0,2143.3
21.0,0.0,3.4,,,,,0.0,0.0,2146.7
22.0,0.0,3.4,,,,,0.0,0.0,2221.2
23.0,0.0,3.4,,,,,0.0,0.0,2383.9
24.0,0.0,3.4,,,,,0.0,0.0,2385.7
25.0,0.21,356.0,,,,,0.21,0.21,2530.1
26.0,0.0,356.0,,,,,0.0,0.0,4257.0
27.0,0.0,356.0,,,,,0.0,0.0,7372.0
28.0,0.0,356.0,,,,,0.0,0.0,10555.8
29.0,0.0,356.0,,,,,0.0,0.0,13746.9
30.0,0.0,356.0,,,,,0.0,0.0,16917.1
31.0,0.0,356.0,,,,,0.0,0.0,20078.7
32.0,0.0,356.0,,,,,0.0,0.0,23271.8
33.01,0.0,356.0,,,,,0.0,0.0,26368.9
34.03,0.0,356.0,,,,,0.0,0.0,28134.1
35.03,0.0,356.0,,,,,0.0,0.0,28122.8
36.03,0.0,356.0,,,,,0.0,0.0,28126.0
37.03,0.0,356.0,,,,,0.0,0.0,28121.0
38.03,0.0,356.0,,,,,0.0,0.0,28130.5
39.03,0.0,356.0,,,,,0.0,0.0,28126.3
40.03,0.0,356.0,,,,,0.0,0.0,28121.6
41.03,0.0,356.0,,,,,0.0,0.0,28126.0
42.03,0.0,356.0,,,,,0.0,0.0,27884.0
43.03,0.0,356.0,,,,,0.0,0.0,28077.9
44.03,0.0,356.0,,,,,0.0,0.0,28126.5
45.03,0.0,356.0,,,,,0.0,0.0,27246.9
46.03,0.0,356.0,,,,,0.0,0.0,27515.9
47.03,0.0,356.0,,,,,0.0,0.0,27634.9
48.03,0.0,356.0,,,,,0.0,0.0,27860.7
49.03,0.0,356.0,,,,,0.0,0.0,28131.5
50.03,0.0,356.0,,,,,0.0,0.0,27704.2
51.03,0.0,356.0,,,,,0.0,0.0,27133.7
52.03,0.0,356.0,,,,,0.0,0.0,27433.3
53.03,0.0,356.0,,,,,0.0,0.0,27853.3
54.03,0.0,356.0,,,,,0.0,0.0,27059.5
55.03,0.0,356.0,,,,,0.0,0.0,27550.3
56.03,0.0,356.0,,,,,0.0,0.0,27190.6
57.03,0.0,356.0,,,,,0.0,0.0,27185.8
58.03,0.0,356.0,,,,,0.0,0.0,27603.1
59.03,0.0,356.0,,,,,0.0,0.0,26816.6
60.03,0.0,356.0,,,,,0.0,0.0,27298.2
61.03,0.0,356.0,,,,,0.0,0.0,27474.0
62.03,0.0,356.0,,,,,0.0,0.0,26715.8
63.04,0.0,356.0,,,,,0.0,0.0,27171.1
64.04,0.0,356.0,,,,,0.0,0.0,27474.0
65.04,0.0,356.0,,,,,0.0,0.0,26661.6
66.04,0.0,356.0,,,,,0.0,0.0,27153.0
67.04,0.0,356.0,,,,,0.0,0.0,27480.7
68.04,0.0,356.0,,,,,0.0,0.0,27593.1
69.04,0.0,356.0,,,,,0.0,0.0,27707.1
70.04,0.0,356.0,,,,,0.0,0.0,27820.5
71.04,0.0,356.0,,,,,0.0,0.0,27932.7
72.04,0.0,356.0,,,,,0.0,0.0,28029.2
73.04,0.0,356.0,,,,,0.0,0.0,28011.3
74.04,0.0,356.0,,,,,0.0,0.0,27928.4
75.04,0.0,356.0,,,,,0.0,0.0,27847.4
76.04,0.0,356.0,,,,,0.0,0.0,28048.7
77.04,0.0,356.0,,,,,0.0,0.0,28546.0
78.04,0.0,356.0,,,,,0.0,0.0,29048.1
79.04,0.0,356.0,,,,,0.0,0.0,29594.6
80.04,0.0,356.0,,,,,0.0,0.0,30059.3
81.04,0.0,356.0,,,,,0.0,0.0,30353.2
82.04,0.0,356.0,,,,,0.0,0.0,30803.3
83.04,0.0,356.0,,,,,0.0,0.0,31506.3
84.04,0.0,356.0,,,,,0.0,0.0,31691.0
85.04,0.0,356.0,,,,,0.0,0.0,31629.8
86.04,0.0,356.0,,,,,0.0,0.0,31498.8
87.04,0.0,356.0,,,,,0.0,0.0,31655.8
88.04,0.0,356.0,,,,,0.0,0.0,31820.6
89.04,0.0,356.0,,,,,0.0,0.0,31794.5
90.04,0.0,356.0,,,,,0.0,0.0,31784.6
91.04,0.0,356.0,,,,,0.0,0.0,31770.8
92.04,0.0,356.0,,,,,0.0,0.0,31741.2
93.05,0.0,356.0,,,,,0.0,0.0,31719.9
94.05,0.0,356.0,,,,,0.0,0.0,31703.6
95.05,0.0,356.0,,,,,0.0,0.0,31702.9
96.05,0.0,356.0,,,,,0.0,0.0,31582.5
97.05,0.0,356.0,,,,,0.0,0.0,31626.9
98.05,0.0,356.0,,,,,0.0,0.0,31689.7
99.05,0.0,356.0,,,,,0.0,0.0,31692.2
100.05,0.0,356.0,,,,,0.0,0.0,31693.0
101.05,0.0,356.0,,,,,0.0,0.0,31689.9
102.05,0.0,356.0,,,,,0.0,0.0,31598.6
103.05,0.0,356.0,,,,,0.0,0.0,31688.3
104.05,0.0,356.0,,,,,0.0,0.0,31661.2
105.05,0.0,356.0,,,,,0.0,0.0,31671.7
106.05,0.0,356.0,,,,,0.0,0.0,31665.2
107.05,0.0,356.0,,,,,0.0,0.0,31688.0
108.05,0.0,356.0,,,,,0.0,0.0,31692.0
109.05,0.0,356.0,,,,,0.0,0.0,31582.2
110.05,0.0,356.0,,,,,0.0,0.0,31604.7
111.05,0.0,356.0,,,,,0.0,0.0,31672.8
112.05,0.0,356.0,,,,,0.0,0.0,31545.9
113.05,0.0,356.0,,,,,0.0,0.0,31608.7
114.05,0.0,356.0,,,,,0.0,0.0,31552.0
115.05,0.0,356.0,,,,,0.0,0.0,31551.4
116.05,0.0,356.0,,,,,0.0,0.0,31580.1
117.05,0.0,356.0,,,,,0.0,0.0,31481.6
118.05,0.0,356.0,,,,,0.0,0.0,31477.2
119.05,0.0,356.0,,,,,0.0,0.0,31468.5
120.05,0.0,356.0,,,,,0.0,0.0,31414.0
121.05,0.0,356.0,,,,,0.0,0.0,31021.3
122.05,0.0,356.0,,,,,0.0,0.0,32030.5
123.05,0.0,356.0,,,,,0.0,0.0,32438.1
124.05,0.0,356.0,,,,,0.0,0.0,32539.2
125.05,0.0,356.0,,,,,0.0,0.0,32466.7
126.06,0.0,356.0,,,,,0.0,0.0,27219.7
127.06,0.0,356.0,,,,,0.0,0.0,27407.6
128.06,0.0,356.0,,,,,0.0,0.0,28058.8
129.06,0.0,356.0,,,,,0.0,0.0,28733.0
130.06,0.0,356.0,,,,,0.0,0.0,29349.8
131.06,0.0,356.0,,,,,0.0,0.0,29273.8
132.06,0.0,356.0,,,,,0.0,0.0,29268.4
133.06,0.0,356.0,,,,,0.0,0.0,29325.4
134.06,0.0,356.0,,,,,0.0,0.0,29360.8
135.06,0.0,356.0,,,,,0.0,0.0,29389.1
136.06,0.0,356.0,,,,,0.0,0.0,29363.7
137.06,0.0,356.0,,,,,0.0,0.0,29390.0
138.06,0.0,356.0,,,,,0.0,0.0,29331.9
139.06,0.0,356.0,,,,,0.0,0.0,29306.1
140.06,0.0,356.0,,,,,0.0,0.0,29310.9
141.06,0.0,356.0,,,,,0.0,0.0,29259.1
142.06,0.0,356.0,,,,,0.0,0.0,29280.6
143.06,0.0,356.0,,,,,0.0,0.0,29363.5
144.06,0.0,356.0,,,,,0.0,0.0,29361.1
145.06,0.0,356.0,,,,,0.0,0.0,29359.0
146.06,0.0,356.0,,,,,0.0,0.0,29354.0
147.06,0.0,356.0,,,,,0.0,0.0,29332.6
148.06,0.0,356.0,,,,,0.0,0.0,29317.3
149.06,0.0,356.0,,,,,0.0,0.0,29310.8
150.06,0.0,356.0,,,,,0.0,0.0,29311.2
151.06,0.0,356.0,,,,,0.0,0.0,29281.9
152.06,0.0,356.0,,,,,0.0,0.0,29284.2
153.06,0.0,356.0,,,,,0.0,0.0,29264.5
154.06,0.0,356.0,,,,,0.0,0.0,29211.2
155.06,0.0,356.0,,,,,0.0,0.0,29126.2
156.06,0.0,356.0,,,,,0.0,0.0,29121.8
157.06,0.0,356.0,,,,,0.0,0.0,29118.9
158.06,0.0,356.0,,,,,0.0,0.0,29123.0
159.06,0.0,356.0,,,,,0.0,0.0,29120.8
160.06,0.0,356.0,,,,,0.0,0.0,29388.0
161.06,0.0,356.0,,,,,0.0,0.0,29615.7
162.06,0.0,356.0,,,,,0.0,0.0,29759.4
163.06,0.0,356.0,,,,,0.0,0.0,30070.7
164.06,0.0,356.0,,,,,0.0,0.0,30155.7
165.06,0.0,356.0,,,,,0.0,0.0,30149.9
166.06,0.0,356.0,,,,,0.0,0.0,30600.1
167.06,0.0,356.0,,,,,0.0,0.0,26110.3
168.06,0.0,356.0,,,,,0.0,0.0,26167.0
169.06,0.0,356.0,,,,,0.0,0.0,26855.1
170.06,0.0,356.0,,,,,0.0,0.0,27535.8
171.06,0.0,356.0,,,,,0.0,0.0,28080.8
172.06,0.0,356.0,,,,,0.0,0.0,28559.9
173.06,0.0,356.0,,,,,0.0,0.0,28908.3
174.06,0.0,356.0,,,,,0.0,0.0,28955.3
175.06,0.0,356.0,,,,,0.0,0.0,29005.2
176.06,0.0,356.0,,,,,0.0,0.0,28906.9
177.06,0.0,356.0,,,,,0.0,0.0,29046.1
178.06,0.0,356.0,,,,,0.0,0.0,29049.4
179.06,0.0,356.0,,,,,0.0,0.0,28978.0
180.06,0.0,356.0,,,,,0.0,0.0,28961.7
181.07,0.0,356.0,,,,,0.0,0.0,29055.0
182.07,0.0,356.0,,,,,0.0,0.0,28985.7
183.07,0.0,356.0,,,,,0.0,0.0,28997.6
184.07,0.0,356.0,,,,,0.0,0.0,29018.9
185.07,0.0,356.0,,,,,0.0,0.0,29011.9
186.07,0.0,356.0,,,,,0.0,0.0,28918.7
187.07,0.0,356.0,,,,,0.0,0.0,29547.8
188.07,0.0,356.0,,,,,0.0,0.0,29884.2
189.07,0.0,356.0,,,,,0.0,0.0,30558.5
190.07,0.0,356.0,,,,,0.0,0.0,30916.7
191.07,0.0,356.0,,,,,0.0,0.0,30858.0
192.07,0.0,356.0,,,,,0.0,0.0,30084.9
193.07,0.0,356.0,,,,,0.0,0.0,30029.7
194.07,0.0,356.0,,,,,0.0,0.0,30279.0
195.07,0.0,356.0,,,,,0.0,0.0,23893.8
196.07,0.0,356.0,,,,,0.0,0.0,23453.0
197.07,0.06,356.3,,,,,0.06,0.06,22919.3
198.07,0.02,356.3,,,,,0.02,0.01,23125.1
199.07,0.0,356.3,,,,,0.0,0.0,23561.2
200.07,0.0,356.3,,,,,0.0,0.0,24060.6
201.07,0.0,356.3,,,,,0.0,0.0,24571.0
202.07,0.0,356.3,,,,,0.0,0.0,25070.1
203.07,0.0,356.3,,,,,0.0,0.0,24485.3
204.07,0.0,356.3,,,,,0.0,0.0,24940.7
205.07,0.0,356.3,,,,,0.0,0.0,24071.7
206.07,0.0,356.3,,,,,0.0,0.0,24384.6
207.07,0.0,356.3,,,,,0.0,0.0,24421.7
208.07,0.0,356.3,,,,,0.0,0.0,24542.1
209.07,0.0,356.3,,,,,0.0,0.0,24807.3
210.07,0.0,356.3,,,,,0.0,0.0,24711.1
211.07,0.0,356.3,,,,,0.0,0.0,25205.5
212.07,0.0,356.3,,,,,0.0,0.0,24972.1
213.07,0.0,356.3,,,,,0.0,0.0,25389.3
214.07,0.0,356.3,,,,,0.0,0.0,25266.5
215.07,0.0,356.3,,,,,0.0,0.0,25487.8
216.07,0.0,356.3,,,,,0.0,0.0,25678.3
217.07,0.0,356.3,,,,,0.0,0.0,25591.2
218.07,0.0,356.3,,,,,0.0,0.0,25851.8
219.07,0.0,356.3,,,,,0.0,0.0,25899.0
220.07,0.0,356.3,,,,,0.0,0.0,26042.8
221.07,0.0,356.3,,,,,0.0,0.0,26312.4
222.07,0.0,356.3,,,,,0.0,0.0,26258.7
223.07,0.0,356.3,,,,,0.0,0.0,26323.3
224.07,0.0,356.3,,,,,0.0,0.0,26533.4
225.07,0.0,356.3,,,,,0.0,0.0,26090.9
226.07,0.0,356.3,,,,,0.0,0.0,24932.9
227.07,0.0,356.3,,,,,0.0,0.0,23380.6
228.07,0.0,356.3,,,,,0.0,0.0,21065.4
229.07,0.0,2686.6,,,,,0.0,0.0,18101.6
230.07,0.0,4782.5,,,,,0.0,0.0,14867.5
231.07,0.0,6975.7,,,,,0.0,0.0,11951.7
232.07,0.0,10914.3,,,,,0.0,0.0,8479.5
233.07,0.04,13737.6,,,,,0.09,0.0,6258.7
234.07,0.15,16061.2,,,,,0.3,0.0,4285.4
235.07,0.04,15976.7,,,,,0.0,0.09,4331.6
236.07,0.15,15977.6,,,,,0.0,0.31,4344.0
237.08,0.0,15977.6,,,,,0.0,0.0,4344.1
238.08,0.0,15977.6,,,,,0.0,0.0,4344.2
239.08,0.0,15977.6,,,,,0.0,0.0,4344.3
240.08,0.0,15977.6,,,,,0.0,0.0,4344.3
241.08,0.0,15977.6,,,,,0.0,0.0,4344.3
242.08,0.0,15977.6,,,,,0.0,0.0,4344.3
243.08,0.0,15977.6,,,,,0.0,0.0,4344.3
244.08,0.0,15977.6,,,,,0.0,0.0,4344.3
245.08,0.0,15977.6,,,,,0.0,0.0,4344.3
246.08,0.0,15977.6,,,,,0.0,0.0,4344.3
247.08,0.0,15977.6,,,,,0.0,0.0,4344.3
248.08,0.0,15977.6,,,,,0.0,0.0,4344.3
249.08,0.0,15977.6,,,,,0.0,0.0,4344.3
250.08,0.0,15977.6,,,,,0.0,0.0,4344.3
251.08,0.0,15977.6,,,,,0.0,0.0,4344.3
252.08,0.0,15977.6,,,,,0.0,0.0,4344.3
253.08,0.0,15977.6,,,,,0.0,0.0,4344.3
254.08,0.0,15977.6,,,,,0.0,0.0,4344.3
255.08,0.0,15977.6,,,,,0.0,0.0,4344.3
256.08,0.0,15977.6,,,,,0.0,0.0,4344.3
257.08,0.0,15977.6,,,,,0.0,0.0,4344.3
258.08,0.0,15977.6,,,,,0.0,0.0,4344.3
259.08,0.0,15977.6,,,,,0.0,0.0,4344.3
260.08,0.0,15977.6,,,,,0.0,0.0,4344.3
261.08,0.0,15977.6,,,,,0.0,0.0,4344.3
262.08,0.0,15977.6,,,,,0.0,0.0,4344.3
263.08,0.0,15977.6,,,,,0.0,0.0,4344.3
264.08,0.0,15977.6,,,,,0.0,0.0,4344.3
265.09,0.0,15977.6,,,,,0.0,0.0,4344.3
266.09,0.0,15977.6,,,,,0.0,0.0,4344.3
267.09,0.0,15977.6,,,,,0.0,0.0,4344.3
268.09,0.0,15977.6,,,,,0.0,0.0,4344.3
269.09,0.0,15977.6,,,,,0.0,0.0,4344.3
270.09,0.0,15977.6,,,,,0.0,0.0,4344.3
271.09,0.0,15977.6,,,,,0.0,0.0,4344.3
272.09,0.0,15977.6,,,,,0.0,0.0,4344.3
273.09,0.0,15977.6,,,,,0.0,0.0,4344.3
274.09,0.0,15977.6,,,,,0.0,0.0,4344.3
275.09,0.0,15977.6,,,,,0.0,0.0,4344.3
276.09,0.0,15977.6,,,,,0.0,0.0,4344.3
277.09,0.0,15977.6,,,,,0.0,0.0,4344.3
278.09,0.0,15977.6,,,,,0.0,0.0,4344.3
279.09,0.0,15977.6,,,,,0.0,0.0,4344.3
280.09,0.0,15977.6,,,,,0.0,0.0,4344.3
281.09,0.0,15977.6,,,,,0.0,0.0,4344.3
282.09,0.0,15977.6,,,,,0.0,0.0,4344.3
283.09,0.0,15977.6,,,,,0.0,0.0,4344.3
284.09,0.0,15977.6,,,,,0.0,0.0,4344.3
285.09,0.0,15977.6,,,,,0.0,0.0,4344.3
286.09,0.0,15977.6,,,,,0.0,0.0,4344.3
287.09,0.0,15977.6,,,,,0.0,0.0,4344.3
288.09,0.0,15977.6,,,,,0.0,0.0,4344.3
289.1,0.0,15977.6,,,,,0.0,0.0,4344.3
290.1,0.0,15977.6,,,,,0.0,0.0,4344.3
291.1,0.0,15977.6,,,,,0.0,0.0,4344.3
292.1,0.0,15977.6,,,,,0.0,0.0,4344.3
293.1,0.0,15977.6,,,,,0.0,0.0,4344.3
294.1,0.0,15977.6,,,,,0.0,0.0,4344.3
295.1,0.0,15977.6,,,,,0.0,0.0,4344.3
296.1,0.0,15977.6,,,,,0.0,0.0,4344.3
297.1,0.0,15977.6,,,,,0.0,0.0,4344.3
298.1,0.0,15977.6,,,,,0.0,0.0,4344.3
299.1,0.0,15977.6,,,,,0.0,0.0,4344.3
300.1,0.0,15977.6,,,,,0.0,0.0,4344.3
301.1,0.0,15977.6,,,,,0.0,0.0,4344.3
302.1,0.0,15977.6,,,,,0.0,0.0,4344.3
303.1,0.0,15977.6,,,,,0.0,0.0,4344.3
304.1,0.0,15977.6,,,,,0.0,0.0,4344.3
305.1,0.0,15977.6,,,,,0.0,0.0,4344.3
306.1,0.0,15977.6,,,,,0.0,0.0,4344.3
307.1,0.0,15977.6,,,,,0.0,0.0,4344.3
308.1,0.0,15977.6,,,,,0.0,0.0,4344.3
309.1,0.0,15977.6,,,,,0.0,0.0,4344.3
310.1,0.0,15977.6,,,,,0.0,0.0,4344.3
311.1,0.0,15977.6,,,,,0.0,0.0,4344.3
312.1,0.0,15977.6,,,,,0.0,0.0,4344.3
313.1,0.0,15977.6,,,,,0.0,0.0,4344.3
314.11,0.0,15977.6,,,,,0.0,0.0,4344.3
315.11,0.0,15977.6,,,,,0.0,0.0,4344.3
316.11,0.0,15977.6,,,,,0.0,0.0,4344.3
317.11,0.0,15977.6,,,,,0.0,0.0,4344.3
318.11,0.0,15977.6,,,,,0.0,0.0,4344.3
319.11,0.0,15977.6,,,,,0.0,0.0,4344.3
320.11,0.0,15977.6,,,,,0.0,0.0,4344.3
321.11,0.0,15977.6,,,,,0.0,0.0,4344.3
322.11,0.0,15977.6,,,,,0.0,0.0,4344.3
323.11,0.0,15977.6,,,,,0.0,0.0,4344.3
324.11,0.0,15977.6,,,,,0.0,0.0,4344.3
325.11,0.0,15977.6,,,,,0.0,0.0,4344.3
326.11,0.0,15977.6,,,,,0.0,0.0,4344.3
327.11,0.0,15977.6,,,,,0.0,0.0,4344.3
328.11,0.0,15977.6,,,,,0.0,0.0,4344.3
329.11,0.0,15977.6,,,,,0.0,0.0,4344.3
330.11,0.0,15977.6,,,,,0.0,0.0,4344.3
331.11,0.0,15977.6,,,,,0.0,0.0,4344.3
332.11,0.0,15977.6,,,,,0.0,0.0,4344.3
333.11,0.0,15977.6,,,,,0.0,0.0,4344.3
334.11,0.0,15977.6,,,,,0.0,0.0,4344.3
335.11,0.0,15977.6,,,,,0.0,0.0,5000.9
336.11,0.0,16532.0,,,,,0.0,0.0,5430.6
337.11,29.32,16666.6,,,,,29.32,29.32,5447.2
338.11,0.0,16666.6,,,,,0.0,0.0,5447.2
339.11,0.0,16666.6,,,,,0.0,0.0,5447.2
340.11,0.0,16666.6,,,,,0.0,0.0,5447.2
341.11,0.0,16666.6,,,,,0.0,0.0,5447.2
342.11,0.0,16666.6,,,,,0.0,0.0,5447.2
343.11,0.0,16666.6,,,,,0.0,0.0,5447.2
344.11,0.0,16666.6,,,,,0.0,0.0,5447.2
345.11,0.0,16666.6,,,,,0.0,0.0,5447.2
346.11,0.0,16666.6,,,,,0.0,0.0,5447.2
347.11,0.0,16666.6,,,,,0.0,0.0,5447.2
348.11,0.0,16666.6,,,,,0.0,0.0,5447.2
349.11,0.0,16666.6,,,,,0.0,0.0,5447.2
350.11,0.0,16666.6,,,,,0.0,0.0,5447.2
351.11,0.0,16666.6,,,,,0.0,0.0,5447.2
352.11,0.0,16666.6,,,,,0.0,0.0,5447.2
353.11,0.0,16666.6,,,,,0.0,0.0,5447.2
354.11,0.0,16666.6,,,,,0.0,0.0,5447.2
355.11,0.0,16666.6,,,,,0.0,0.0,5447.2
356.12,0.0,16666.6,,,,,0.0,0.0,5447.2
357.12,0.0,16666.6,,,,,0.0,0.0,5447.2
358.12,0.0,16666.6,,,,,0.0,0.0,5447.2
359.12,0.0,16666.6,,,,,0.0,0.0,5447.2
360.12,0.0,16666.6,,,,,0.0,0.0,5447.2
361.12,0.0,16666.6,,,,,0.0,0.0,5447.2
362.12,0.0,16666.6,,,,,0.0,0.0,5447.2
363.12,0.0,16666.6,,,,,0.0,0.0,5447.2
364.12,0.0,16666.6,,,,,0.0,0.0,5447.2
365.12,0.0,16666.6,,,,,0.0,0.0,5447.2
366.12,0.0,16666.6,,,,,0.0,0.0,5447.2
367.12,0.0,16666.6,,,,,0.0,0.0,5447.2
368.12,0.0,16666.6,,,,,0.0,0.0,5447.2
369.12,0.0,16666.6,,,,,0.0,0.0,5447.2
370.12,0.0,16666.6,,,,,0.0,0.0,5447.2
371.12,0.0,16666.6,,,,,0.0,0.0,5447.2
372.12,0.0,16666.6,,,,,0.0,0.0,5447.2
373.13,0.0,16666.6,,,,,0.0,0.0,5447.2
374.13,0.0,16666.6,,,,,0.0,0.0,5447.2
375.13,0.0,16666.6,,,,,0.0,0.0,5447.2
376.13,0.0,16666.6,,,,,0.0,0.0,5447.2
377.13,0.0,16666.6,,,,,0.0,0.0,5447.2
378.13,0.0,16666.6,,,,,0.0,0.0,5447.2
379.13,0.0,16666.6,,,,,0.0,0.0,5447.2
380.13,0.0,16666.6,,,,,0.0,0.0,5447.2
381.13,0.0,16666.6,,,,,0.0,0.0,5447.2
382.13,0.0,16666.6,,,,,0.0,0.0,5447.2
383.13,0.0,16666.6,,,,,0.0,0.0,5447.2
384.13,0.0,16666.6,,,,,0.0,0.0,5447.2
385.13,0.0,16666.6,,,,,0.0,0.0,5447.2
386.13,0.0,16666.6,,,,,0.0,0.0,5447.2
387.13,0.0,16666.6,,,,,0.0,0.0,5447.2
388.13,0.0,16666.6,,,,,0.0,0.0,5447.2
389.13,0.0,16666.6,,,,,0.0,0.0,5447.2
390.13,0.0,16666.6,,,,,0.0,0.0,5447.2
391.13,0.0,16666.6,,,,,0.0,0.0,5447.2
392.13,0.0,16666.6,,,,,0.0,0.0,5447.2
393.13,0.0,16666.6,,,,,0.0,0.0,5447.2
394.13,0.0,16666.6,,,,,0.0,0.0,5447.2
395.13,0.0,16666.6,,,,,0.0,0.0,5447.2
396.13,0.0,16666.6,,,,,0.0,0.0,5447.2
397.14,0.0,16666.6,,,,,0.0,0.0,5447.2
398.14,0.0,16666.6,,,,,0.0,0.0,5447.2
399.14,0.0,16666.6,,,,,0.0,0.0,5447.2
400.14,0.0,16666.6,,,,,0.0,0.0,5447.2
401.14,0.0,16666.6,,,,,0.0,0.0,5447.2
402.14,0.0,16666.6,,,,,0.0,0.0,5447.2
403.14,0.0,16666.6,,,,,0.0,0.0,5447.2
404.14,0.0,16666.6,,,,,0.0,0.0,5447.2
405.14,0.0,16666.6,,,,,0.0,0.0,5447.2
406.14,0.0,16666.6,,,,,0.0,0.0,5447.2
407.14,0.0,16666.6,,,,,0.0,0.0,5447.2
408.14,0.0,16666.6,,,,,0.0,0.0,5447.2
409.14,0.0,16666.6,,,,,0.0,0.0,5447.2
410.14,0.0,16666.6,,,,,0.0,0.0,5447.2
411.14,0.0,16666.6,,,,,0.0,0.0,5447.2
412.14,0.0,16666.6,,,,,0.0,0.0,5447.2
413.14,0.0,16666.6,,,,,0.0,0.0,5447.2
414.14,0.0,16666.6,,,,,0.0,0.0,5447.2
415.14,0.0,16666.6,,,,,0.0,0.0,5447.2
416.14,0.0,16666.6,,,,,0.0,0.0,5447.2
417.14,0.0,16666.6,,,,,0.0,0.0,5447.2
418.14,0.0,16666.6,,,,,0.0,0.0,5447.2
419.14,0.0,16666.6,,,,,0.0,0.0,5447.2
420.14,0.0,16666.6,,,,,0.0,0.0,5447.2
421.14,0.0,16666.6,,,,,0.0,0.0,5447.2
422.14,0.0,16666.6,,,,,0.0,0.0,5447.2
423.14,0.0,16666.6,,,,,0.0,0.0,5447.2
424.14,0.0,16666.6,,,,,0.0,0.0,5447.2
425.14,0.0,16666.6,,,,,0.0,0.0,5447.2
426.14,0.0,16666.6,,,,,0.0,0.0,5447.2
427.15,0.0,16666.6,,,,,0.0,0.0,5447.2
428.15,0.0,16666.6,,,,,0.0,0.0,5447.2
429.15,0.0,16666.6,,,,,0.0,0.0,5447.2
430.15,0.0,16666.6,,,,,0.0,0.0,5447.2
431.15,0.0,16666.6,,,,,0.0,0.0,5447.2
432.15,0.0,16666.6,,,,,0.0,0.0,5447.2
433.15,0.0,16666.6,,,,,0.0,0.0,5447.2
434.15,0.0,16680.0,,,,,0.0,0.0,5930.1
435.15,0.0,16776.9,,,,,0.0,0.0,5977.9
436.15,29.3,16779.6,,,,,29.3,29.3,5990.0
437.15,0.0,16779.6,,,,,0.0,0.0,5990.0
438.15,0.0,16779.6,,,,,0.0,0.0,5990.0
439.15,0.0,16779.6,,,,,0.0,0.0,5990.0
440.15,0.0,16779.6,,,,,0.0,0.0,5990.0
441.15,0.0,16779.6,,,,,0.0,0.0,5990.0
442.15,0.0,16779.6,,,,,0.0,0.0,5990.0
443.15,0.0,16779.6,,,,,0.0,0.0,5990.0
444.15,0.0,16779.6,,,,,0.0,0.0,5990.0
445.15,0.0,16779.6,,,,,0.0,0.0,5990.0
446.15,0.0,16779.6,,,,,0.0,0.0,5990.0
447.15,0.0,16779.6,,,,,0.0,0.0,5990.0
448.15,0.0,16779.6,,,,,0.0,0.0,5990.0
449.15,0.0,16779.6,,,,,0.0,0.0,5990.0
450.15,0.0,16779.6,,,,,0.0,0.0,5990.0
451.15,0.0,16779.6,,,,,0.0,0.0,5990.0
452.15,0.0,16779.6,,,,,0.0,0.0,5990.0
453.15,0.0,16779.6,,,,,0.0,0.0,5990.0
454.15,0.0,16779.6,,,,,0.0,0.0,5990.0
455.15,0.0,16779.6,,,,,0.0,0.0,5990.0
456.15,0.0,16779.6,,,,,0.0,0.0,5990.0
457.15,0.0,16779.6,,,,,0.0,0.0,5990.0
458.15,0.0,16779.6,,,,,0.0,0.0,5990.0
459.15,0.0,16779.6,,,,,0.0,0.0,5990.0
460.15,0.0,16779.6,,,,,0.0,0.0,5990.0
461.15,0.0,16779.6,,,,,0.0,0.0,5990.0
462.15,0.0,16779.6,,,,,0.0,0.0,5990.0
463.15,0.0,16779.6,,,,,0.0,0.0,5990.0
464.15,0.0,16779.6,,,,,0.0,0.0,5990.0
465.15,0.0,16779.6,,,,,0.0,0.0,5990.0
466.16,0.0,16779.6,,,,,0.0,0.0,5990.0
467.16,0.0,16779.6,,,,,0.0,0.0,5990.0
468.16,0.0,16779.6,,,,,0.0,0.0,5990.0
469.16,0.0,16779.6,,,,,0.0,0.0,5990.0
470.16,0.0,16779.6,,,,,0.0,0.0,5990.0
471.16,0.0,16779.6,,,,,0.0,0.0,5990.0
472.16,0.0,16779.6,,,,,0.0,0.0,5990.0
473.16,0.0,16779.6,,,,,0.0,0.0,5990.0
474.16,0.0,16779.6,,,,,0.0,0.0,5990.0
475.16,0.0,16779.6,,,,,0.0,0.0,5990.0
476.16,0.0,16779.6,,,,,0.0,0.0,5990.0
477.16,0.0,16779.6,,,,,0.0,0.0,5990.0
478.16,0.0,16779.6,,,,,0.0,0.0,5990.0
479.16,0.0,16779.6,,,,,0.0,0.0,5990.0
480.16,0.0,16779.6,,,,,0.0,0.0,5990.0
481.16,0.0,16779.6,,,,,0.0,0.0,5990.0
482.16,0.0,16779.6,,,,,0.0,0.0,5990.0
483.16,0.0,16779.6,,,,,0.0,0.0,5990.0
484.16,0.0,16779.6,,,,,0.0,0.0,5990.0
485.16,0.0,16779.6,,,,,0.0,0.0,5990.0
486.16,0.0,16779.6,,,,,0.0,0.0,5990.0
487.16,0.0,16779.6,,,,,0.0,0.0,5990.0
488.16,0.0,16779.6,,,,,0.0,0.0,5990.0
489.16,0.0,16779.6,,,,,0.0,0.0,5990.0
490.16,0.0,16779.6,,,,,0.0,0.0,5990.0
491.16,0.0,16779.6,,,,,0.0,0.0,5990.0
492.16,0.0,16779.6,,,,,0.0,0.0,5990.0
493.16,0.0,16779.6,,,,,0.0,0.0,5990.0
494.16,0.0,16779.6,,,,,0.0,0.0,5990.0
495.17,0.0,16779.6,,,,,0.0,0.0,5990.0
496.17,0.0,16779.6,,,,,0.0,0.0,5990.0
497.17,0.0,16779.6,,,,,0.0,0.0,5990.0
498.17,0.0,16779.6,,,,,0.0,0.0,5990.0
499.17,0.0,16779.6,,,,,0.0,0.0,5990.0
500.17,0.0,16779.6,,,,,0.0,0.0,5990.0
501.17,0.0,16779.6,,,,,0.0,0.0,5990.0
502.17,0.0,16779.6,,,,,0.0,0.0,5990.0
503.17,0.0,16779.6,,,,,0.0,0.0,5990.0
504.17,0.0,16779.6,,,,,0.0,0.0,5990.0
505.17,0.0,16779.6,,,,,0.0,0.0,5990.0
506.17,0.0,16779.6,,,,,0.0,0.0,5990.0
507.17,0.0,16779.6,,,,,0.0,0.0,5990.0
508.17,0.0,16779.6,,,,,0.0,0.0,5990.0
509.17,0.0,16779.6,,,,,0.0,0.0,5990.0
510.17,0.0,16779.6,,,,,0.0,0.0,5990.0
511.17,0.0,16779.6,,,,,0.0,0.0,5990.0
512.17,0.0,16779.6,,,,,0.0,0.0,5990.0
513.17,0.0,16779.6,,,,,0.0,0.0,5990.0
514.17,0.0,16779.6,,,,,0.0,0.0,5990.0
515.17,0.0,16779.6,,,,,0.0,0.0,5990.0
516.17,0.0,16779.6,,,,,0.0,0.0,5990.0
517.17,0.0,16779.6,,,,,0.0,0.0,5990.0
518.17,0.0,16779.6,,,,,0.0,0.0,5990.0
519.17,0.0,16779.6,,,,,0.0,0.0,5990.0
520.17,0.0,16779.6,,,,,0.0,0.0,5990.0
521.17,0.0,16779.6,,,,,0.0,0.0,5990.0
522.17,0.0,16779.6,,,,,0.0,0.0,5990.0
523.17,0.0,16779.6,,,,,0.0,0.0,5990.0
524.17,0.0,16779.6,,,,,0.0,0.0,5990.0
525.17,0.0,16779.6,,,,,0.0,0.0,5990.0
526.17,0.0,16779.6,,,,,0.0,0.0,5990.0
527.17,0.0,16779.6,,,,,0.0,0.0,5990.0
528.17,0.0,16779.6,,,,,0.0,0.0,5990.0
529.17,0.0,16779.6,,,,,0.0,0.0,5990.0
530.17,0.0,16779.6,,,,,0.0,0.0,5990.0
531.17,0.0,16779.6,,,,,0.0,0.0,5990.0
532.17,0.0,16800.8,,,,,0.0,0.0,6367.3
533.17,0.0,16866.9,,,,,0.0,0.0,6511.3
534.17,29.27,16892.7,,,,,29.27,29.27,6527.2
535.17,0.0,16892.7,,,,,0.0,0.0,6527.2
536.18,0.0,16892.7,,,,,0.0,0.0,6527.3
537.18,0.0,16892.7,,,,,0.0,0.0,6527.3
538.18,0.0,16892.7,,,,,0.0,0.0,6527.3
539.18,0.0,16892.7,,,,,0.0,0.0,6527.3
540.18,0.0,16892.7,,,,,0.0,0.0,6527.3
541.18,0.0,16892.7,,,,,0.0,0.0,6527.3
542.18,0.0,16892.7,,,,,0.0,0.0,6527.3
543.18,0.0,16892.7,,,,,0.0,0.0,6527.3
544.18,0.0,16892.7,,,,,0.0,0.0,6527.3
545.18,0.0,16892.7,,,,,0.0,0.0,6527.3
546.18,0.0,16892.7,,,,,0.0,0.0,6527.3
547.18,0.0,16892.7,,,,,0.0,0.0,6527.3
548.18,0.0,16892.7,,,,,0.0,0.0,6527.3
549.18,0.0,16892.7,,,,,0.0,0.0,6527.3
550.18,0.0,16892.7,,,,,0.0,0.0,6527.3
551.18,0.0,16892.7,,,,,0.0,0.0,6527.3
552.18,0.0,16892.7,,,,,0.0,0.0,6527.3
553.18,0.0,16892.7,,,,,0.0,0.0,6527.3
554.18,0.0,16892.7,,,,,0.0,0.0,6527.3
555.19,0.0,16892.7,,,,,0.0,0.0,6527.3
556.19,0.0,16892.7,,,,,0.0,0.0,6527.3
557.19,0.0,16892.7,,,,,0.0,0.0,6527.3
558.19,0.0,16892.7,,,,,0.0,0.0,6527.3
559.19,0.0,16892.7,,,,,0.0,0.0,6527.3
560.19,0.0,16892.7,,,,,0.0,0.0,6527.3
561.19,0.0,16892.7,,,,,0.0,0.0,6527.3
562.19,0.0,16892.7,,,,,0.0,0.0,6527.3
563.19,0.0,16892.7,,,,,0.0,0.0,6527.3
564.19,0.0,16892.7,,,,,0.0,0.0,6527.3
565.19,0.0,16892.7,,,,,0.0,0.0,6527.3
566.19,0.0,16892.7,,,,,0.0,0.0,6527.3
567.19,0.0,16892.7,,,,,0.0,0.0,6527.3
568.19,0.0,16892.7,,,,,0.0,0.0,6527.3
569.19,0.0,16892.7,,,,,0.0,0.0,6527.3
570.19,0.0,16892.7,,,,,0.0,0.0,6527.3
571.19,0.0,16892.7,,,,,0.0,0.0,6527.3
572.19,0.0,16892.7,,,,,0.0,0.0,6527.3
573.19,0.0,16892.7,,,,,0.0,0.0,6527.3
574.19,0.0,16892.7,,,,,0.0,0.0,6527.3
575.19,0.0,16892.7,,,,,0.0,0.0,6527.3
576.19,0.0,16892.7,,,,,0.0,0.0,6527.3
577.2,0.0,16892.7,,,,,0.0,0.0,6527.3
578.2,0.0,16892.7,,,,,0.0,0.0,6527.3
579.2,0.0,16892.7,,,,,0.0,0.0,6527.3
580.2,0.0,16892.7,,,,,0.0,0.0,6527.3
581.2,0.0,16892.7,,,,,0.0,0.0,6527.3
582.2,0.0,16892.7,,,,,0.0,0.0,6527.3
583.2,0.0,16892.7,,,,,0.0,0.0,6527.3
584.2,0.0,16892.7,,,,,0.0,0.0,6527.3
585.2,0.0,16892.7,,,,,0.0,0.0,6527.3
586.2,0.0,16892.7,,,,,0.0,0.0,6527.3
587.2,0.0,16892.7,,,,,0.0,0.0,6527.3
588.2,0.0,16892.7,,,,,0.0,0.0,6527.3
589.2,0.0,16892.7,,,,,0.0,0.0,6527.3
590.2,0.0,16892.7,,,,,0.0,0.0,6527.3
591.2,0.0,16892.7,,,,,0.0,0.0,6527.3
592.2,0.0,16892.7,,,,,0.0,0.0,6527.3
593.2,0.0,16892.7,,,,,0.0,0.0,6527.3
594.2,0.0,16892.7,,,,,0.0,0.0,6527.3
595.21,0.0,16892.7,,,,,0.0,0.0,6527.3
596.21,0.0,16892.7,,,,,0.0,0.0,6527.3
597.21,0.0,16892.7,,,,,0.0,0.0,6527.3
598.21,0.0,16892.7,,,,,0.0,0.0,6527.3
599.21,0.0,16892.7,,,,,0.0,0.0,6527.3
600.21,0.0,16892.7,,,,,0.0,0.0,6527.3
601.21,0.0,16892.7,,,,,0.0,0.0,6527.3
602.21,0.0,16892.7,,,,,0.0,0.0,6527.3
603.21,0.0,16892.7,,,,,0.0,0.0,6527.3
604.21,0.0,16892.7,,,,,0.0,0.0,6527.3
605.21,0.0,16892.7,,,,,0.0,0.0,6527.3
606.21,0.0,16892.7,,,,,0.0,0.0,6527.3
607.21,0.0,16892.7,,,,,0.0,0.0,6527.3
608.21,0.0,16892.7,,,,,0.0,0.0,6527.3
609.21,0.0,16892.7,,,,,0.0,0.0,6527.3
610.21,0.0,16892.7,,,,,0.0,0.0,6527.3
611.21,0.0,16892.7,,,,,0.0,0.0,6527.3
612.21,0.0,16892.7,,,,,0.0,0.0,6527.3
613.21,0.0,16892.7,,,,,0.0,0.0,6527.3
614.21,0.0,16892.7,,,,,0.0,0.0,6527.3
615.21,0.0,16892.7,,,,,0.0,0.0,6527.3
616.21,0.0,16892.7,,,,,0.0,0.0,6527.3
617.21,0.0,16892.7,,,,,0.0,0.0,6527.3
618.21,0.0,16892.7,,,,,0.0,0.0,6527.3
619.21,0.0,16892.7,,,,,0.0,0.0,6527.3
620.21,0.0,16892.7,,,,,0.0,0.0,6527.3
621.21,0.0,16892.7,,,,,0.0,0.0,6527.3
622.21,0.0,16892.7,,,,,0.0,0.0,6527.3
623.21,0.0,16892.7,,,,,0.0,0.0,6527.3
624.21,0.0,16892.7,,,,,0.0,0.0,6527.3
625.21,0.0,16892.7,,,,,0.0,0.0,6527.3
626.21,0.0,16892.7,,,,,0.0,0.0,6527.3
627.21,0.0,16892.7,,,,,0.0,0.0,6527.3
628.21,0.0,16892.7,,,,,0.0,0.0,6527.3
629.21,0.0,16892.7,,,,,0.0,0.0,6527.3
630.21,0.0,16892.7,,,,,0.0,0.0,6736.2
631.21,0.0,16947.9,,,,,0.0,0.0,6810.9
632.21,0.0,16969.1,,,,,0.0,0.0,7048.8
633.21,29.27,17005.8,,,,,29.27,29.27,7060.2
634.21,0.0,17005.8,,,,,0.0,0.0,7060.2
635.22,0.0,17005.8,,,,,0.0,0.0,7060.2
636.22,0.0,17005.8,,,,,0.0,0.0,7060.2
637.22,0.0,17005.8,,,,,0.0,0.0,7060.2
638.22,0.0,17005.8,,,,,0.0,0.0,7060.2
639.22,0.0,17005.8,,,,,0.0,0.0,7060.2
640.22,0.0,17005.8,,,,,0.0,0.0,7060.2
641.22,0.0,17005.8,,,,,0.0,0.0,7060.2
642.22,0.0,17005.8,,,,,0.0,0.0,7060.2
643.22,0.0,17005.8,,,,,0.0,0.0,7060.2
644.22,0.0,17005.8,,,,,0.0,0.0,7060.2
645.22,0.0,17005.8,,,,,0.0,0.0,7060.2
646.22,0.0,17005.8,,,,,0.0,0.0,7060.2
647.22,0.0,17005.8,,,,,0.0,0.0,7060.2
648.22,0.0,17005.8,,,,,0.0,0.0,7060.2
649.22,0.0,17005.8,,,,,0.0,0.0,7060.2
650.22,0.0,17005.8,,,,,0.0,0.0,7060.2
651.22,0.0,17005.8,,,,,0.0,0.0,7060.2
652.22,0.0,17005.8,,,,,0.0,0.0,7060.2
653.22,0.0,17005.8,,,,,0.0,0.0,7060.2
654.22,0.0,17005.8,,,,,0.0,0.0,7060.2
655.22,0.0,17005.8,,,,,0.0,0.0,7060.2
656.22,0.0,17005.8,,,,,0.0,0.0,7060.2
657.22,0.0,17005.8,,,,,0.0,0.0,7060.2
658.22,0.0,17005.8,,,,,0.0,0.0,7060.2
659.22,0.0,17005.8,,,,,0.0,0.0,7060.2
660.22,0.0,17005.8,,,,,0.0,0.0,7060.2
661.22,0.0,17005.8,,,,,0.0,0.0,7060.2
662.22,0.0,17005.8,,,,,0.0,0.0,7060.2
663.22,0.0,17005.8,,,,,0.0,0.0,7060.2
664.22,0.0,17005.8,,,,,0.0,0.0,7060.2
665.22,0.0,17005.8,,,,,0.0,0.0,7060.2
666.22,0.0,17005.8,,,,,0.0,0.0,7060.2
667.23,0.0,17005.8,,,,,0.0,0.0,7060.2
668.23,0.0,17005.8,,,,,0.0,0.0,7060.2
669.23,0.0,17005.8,,,,,0.0,0.0,7060.2
670.23,0.0,17005.8,,,,,0.0,0.0,7060.2
671.23,0.0,17005.8,,,,,0.0,0.0,7060.2
672.23,0.0,17005.8,,,,,0.0,0.0,7060.2
673.23,0.0,17005.8,,,,,0.0,0.0,7060.2
674.23,0.0,17005.8,,,,,0.0,0.0,7060.2
675.23,0.0,17005.8,,,,,0.0,0.0,7060.2
676.23,0.0,17005.8,,,,,0.0,0.0,7060.2
677.23,0.0,17005.8,,,,,0.0,0.0,7060.2
678.23,0.0,17005.8,,,,,0.0,0.0,7060.2
679.23,0.0,17005.8,,,,,0.0,0.0,7060.2
680.23,0.0,17005.8,,,,,0.0,0.0,7060.2
681.23,0.0,17005.8,,,,,0.0,0.0,7060.2
682.23,0.0,17005.8,,,,,0.0,0.0,7060.2
683.23,0.0,17005.8,,,,,0.0,0.0,7060.2
684.23,0.0,17005.8,,,,,0.0,0.0,7060.2
685.23,0.0,17005.8,,,,,0.0,0.0,7060.2
686.23,0.0,17005.8,,,,,0.0,0.0,7060.2
687.23,0.0,17005.8,,,,,0.0,0.0,7060.2
688.23,0.0,17005.8,,,,,0.0,0.0,7060.2
689.23,0.0,17005.8,,,,,0.0,0.0,7060.2
690.23,0.0,17005.8,,,,,0.0,0.0,7060.2
691.23,0.0,17005.8,,,,,0.0,0.0,7060.2
692.23,0.0,17005.8,,,,,0.0,0.0,7060.2
693.23,0.0,17005.8,,,,,0.0,0.0,7060.2
694.23,0.0,17005.8,,,,,0.0,0.0,7060.2
695.23,0.0,17005.8,,,,,0.0,0.0,7060.2
696.23,0.0,17005.8,,,,,0.0,0.0,7060.2
697.23,0.0,17005.8,,,,,0.0,0.0,7060.2
698.23,0.0,17034.3,,,,,0.0,0.0,7060.3
699.23,0.0,17034.3,,,,,0.0,0.0,7060.3
700.23,0.0,17034.3,,,,,0.0,0.0,7060.3
701.23,0.0,17034.3,,,,,0.0,0.0,7060.3
702.23,0.0,17034.3,,,,,0.0,0.0,7060.4
703.23,15.13,17064.3,,,,,15.13,15.13,7069.9
704.23,0.0,17064.3,,,,,0.0,0.0,7069.9
705.23,0.0,17064.3,,,,,0.0,0.0,7070.0
706.24,0.0,17064.3,,,,,0.0,0.0,7070.0
707.24,0.0,17064.3,,,,,0.0,0.0,7070.0
708.24,0.0,17064.3,,,,,0.0,0.0,7070.0
709.24,0.0,17064.3,,,,,0.0,0.0,7070.0
710.24,0.0,17064.3,,,,,0.0,0.0,7070.0
711.24,0.0,17064.3,,,,,0.0,0.0,7070.0
712.24,0.0,17064.3,,,,,0.0,0.0,7070.0
713.24,0.0,17064.3,,,,,0.0,0.0,7070.0
714.24,0.0,17064.3,,,,,0.0,0.0,7070.0
715.24,0.0,17064.3,,,,,0.0,0.0,7070.0
716.24,0.0,17064.3,,,,,0.0,0.0,7070.0
717.24,0.0,17064.3,,,,,0.0,0.0,7070.0
718.24,0.0,17064.3,,,,,0.0,0.0,7070.0
719.24,0.0,17064.3,,,,,0.0,0.0,7070.0
720.24,0.0,17064.3,,,,,0.0,0.0,7070.0
721.24,0.0,17064.3,,,,,0.0,0.0,7070.0
722.24,0.0,17064.3,,,,,0.0,0.0,7070.0
723.24,0.0,17064.3,,,,,0.0,0.0,7070.0
724.24,0.0,17064.3,,,,,0.0,0.0,7070.0
725.24,0.0,17064.3,,,,,0.0,0.0,7070.0
726.24,0.0,17064.3,,,,,0.0,0.0,7070.0
727.24,0.0,17064.3,,,,,0.0,0.0,7070.0
728.24,0.0,17064.3,,,,,0.0,0.0,7070.0
729.24,0.0,17064.3,,,,,0.0,0.0,7070.0
730.24,0.0,17064.3,,,,,0.0,0.0,7070.0
731.24,0.0,17064.3,,,,,0.0,0.0,7070.0
732.24,0.0,17064.3,,,,,0.0,0.0,7070.0
733.24,0.0,17064.3,,,,,0.0,0.0,7070.0
734.24,0.0,17064.3,,,,,0.0,0.0,7070.0
735.24,0.0,17064.3,,,,,0.0,0.0,7070.0
736.24,0.0,17064.3,,,,,0.0,0.0,7070.0
737.24,0.0,17064.3,,,,,0.0,0.0,7070.0
738.24,0.0,17064.3,,,,,0.0,0.0,7070.0
739.24,0.0,17064.3,,,,,0.0,0.0,7070.0
740.24,0.0,17064.3,,,,,0.0,0.0,7070.0
741.24,0.0,17064.3,,,,,0.0,0.0,7070.0
742.24,0.0,17064.3,,,,,0.0,0.0,7070.0
743.24,0.0,17064.3,,,,,0.0,0.0,7070.0
744.24,0.0,17064.3,,,,,0.0,0.0,7070.0
745.24,0.0,17064.3,,,,,0.0,0.0,7070.0
746.25,0.0,17064.3,,,,,0.0,0.0,7070.0
747.25,0.0,17064.3,,,,,0.0,0.0,7070.0
748.25,0.0,17064.3,,,,,0.0,0.0,7070.0
749.25,0.0,17064.3,,,,,0.0,0.0,7070.0
750.25,0.0,17064.3,,,,,0.0,0.0,7070.0
751.25,0.0,17064.3,,,,,0.0,0.0,7070.0
752.25,0.0,17064.3,,,,,0.0,0.0,7070.0
753.25,0.0,17064.3,,,,,0.0,0.0,7070.0
754.25,0.0,17064.3,,,,,0.0,0.0,7070.0
755.25,0.0,17064.3,,,,,0.0,0.0,7070.0
756.25,0.0,17064.3,,,,,0.0,0.0,7070.0
757.25,0.0,17064.3,,,,,0.0,0.0,7070.0
758.25,0.0,17064.3,,,,,0.0,0.0,7070.0
759.25,0.0,17064.3,,,,,0.0,0.0,7070.0
760.25,0.0,17064.3,,,,,0.0,0.0,7070.0
761.25,0.0,17064.3,,,,,0.0,0.0,7070.0
762.25,0.0,17064.3,,,,,0.0,0.0,7070.0
763.25,0.0,17064.3,,,,,0.0,0.0,7070.0
764.25,0.0,17064.3,,,,,0.0,0.0,7070.0
765.25,0.0,17064.3,,,,,0.0,0.0,7070.0
766.25,0.0,17064.3,,,,,0.0,0.0,7070.0
767.25,0.0,17064.3,,,,,0.0,0.0,7070.0
768.25,0.0,17064.3,,,,,0.0,0.0,7070.0
769.25,0.0,17064.3,,,,,0.0,0.0,7223.3
770.25,0.0,17122.9,,,,,0.0,0.0,7410.0
771.25,15.13,17122.9,,,,,15.13,15.13,7410.0
772.25,0.0,17122.9,,,,,0.0,0.0,7410.0
773.25,0.0,17122.9,,,,,0.0,0.0,7410.0
774.25,0.0,17122.9,,,,,0.0,0.0,7410.0
775.25,0.0,17122.9,,,,,0.0,0.0,7410.0
776.25,0.0,17122.9,,,,,0.0,0.0,7410.0
777.25,0.0,17122.9,,,,,0.0,0.0,7410.0
778.25,0.0,17122.9,,,,,0.0,0.0,7410.0
779.25,0.0,17122.9,,,,,0.0,0.0,7410.0
780.25,0.0,17122.9,,,,,0.0,0.0,7410.0
781.25,0.0,17122.9,,,,,0.0,0.0,7410.0
782.25,0.0,17122.9,,,,,0.0,0.0,7410.0
783.25,0.0,17122.9,,,,,0.0,0.0,7410.0
784.25,0.0,17122.9,,,,,0.0,0.0,7410.0
785.25,0.0,17122.9,,,,,0.0,0.0,7410.0
786.25,0.0,17122.9,,,,,0.0,0.0,7410.0
787.25,0.0,17122.9,,,,,0.0,0.0,7410.0
788.25,0.0,17122.9,,,,,0.0,0.0,7410.0
789.25,0.0,17122.9,,,,,0.0,0.0,7410.0
790.26,0.0,17122.9,,,,,0.0,0.0,7410.0
791.26,0.0,17122.9,,,,,0.0,0.0,7410.0
792.26,0.0,17122.9,,,,,0.0,0.0,7410.0
793.26,0.0,17122.9,,,,,0.0,0.0,7410.0
794.26,0.0,17122.9,,,,,0.0,0.0,7410.0
795.26,0.0,17122.9,,,,,0.0,0.0,7410.0
796.26,0.0,17122.9,,,,,0.0,0.0,7410.0
797.26,0.0,17122.9,,,,,0.0,0.0,7410.0
798.26,0.0,17122.9,,,,,0.0,0.0,7410.0
799.26,0.0,17122.9,,,,,0.0,0.0,7410.0
800.26,0.0,17122.9,,,,,0.0,0.0,7410.0
801.26,0.0,17122.9,,,,,0.0,0.0,7410.0
802.26,0.0,17122.9,,,,,0.0,0.0,7410.0
803.26,0.0,17122.9,,,,,0.0,0.0,7410.0
804.26,0.0,17122.9,,,,,0.0,0.0,7410.0
805.26,0.0,17122.9,,,,,0.0,0.0,7410.0
806.26,0.0,17122.9,,,,,0.0,0.0,7410.0
807.26,0.0,17122.9,,,,,0.0,0.0,7410.0
808.26,0.0,17122.9,,,,,0.0,0.0,7410.0
809.26,0.0,17122.9,,,,,0.0,0.0,7410.0
810.26,0.0,17122.9,,,,,0.0,0.0,7410.0
811.26,0.0,17122.9,,,,,0.0,0.0,7410.0
812.26,0.0,17122.9,,,,,0.0,0.0,7410.0
813.26,0.0,17122.9,,,,,0.0,0.0,7410.0
814.26,0.0,17122.9,,,,,0.0,0.0,7410.0
815.26,0.0,17122.9,,,,,0.0,0.0,7410.0
816.26,0.0,17122.9,,,,,0.0,0.0,7410.0
817.26,0.0,17122.9,,,,,0.0,0.0,7410.0
818.26,0.0,17122.9,,,,,0.0,0.0,7410.0
819.26,0.0,17125.3,,,,,0.0,0.0,7537.9
820.26,0.0,17146.4,,,,,0.0,0.0,7544.5
821.26,0.0,17146.4,,,,,0.0,0.0,7544.5
822.26,0.0,17146.4,,,,,0.0,0.0,7544.5
823.26,0.0,17148.8,,,,,0.0,0.0,7668.7
824.26,14.47,17171.5,,,,,14.48,14.47,7685.5
825.26,0.0,17171.5,,,,,0.0,0.0,7685.5
826.26,0.01,17171.5,,,,,0.0,0.03,7709.9
827.26,0.0,17171.5,,,,,0.0,0.0,7710.4
828.26,0.0,17171.5,,,,,0.0,0.0,7710.4
829.26,0.01,17171.5,,,,,0.03,0.0,7723.3
830.26,0.0,17171.5,,,,,0.0,0.0,7735.6
831.26,0.0,17171.5,,,,,0.0,0.0,7735.6
832.26,0.0,17171.5,,,,,0.0,0.0,7735.6
833.26,0.0,17171.5,,,,,0.0,0.0,7735.6
834.26,0.0,17171.5,,,,,0.0,0.0,7735.6
835.27,0.0,17171.5,,,,,0.0,0.0,7735.6
836.27,0.0,17171.5,,,,,0.0,0.0,7735.6
837.27,0.0,17171.5,,,,,0.0,0.0,7735.6
838.27,0.0,17171.5,,,,,0.0,0.0,7735.6
839.27,0.0,17171.5,,,,,0.0,0.0,7735.6
840.27,0.0,17171.5,,,,,0.0,0.0,7735.6
841.27,0.0,17171.5,,,,,0.0,0.0,7735.6
842.27,0.0,17171.5,,,,,0.0,0.0,7735.6
843.27,0.0,17171.5,,,,,0.0,0.0,7735.6
844.27,0.0,17171.5,,,,,0.0,0.0,7735.6
845.27,0.0,17171.5,,,,,0.0,0.0,7735.6
846.27,0.0,17171.5,,,,,0.0,0.0,7735.6
847.27,0.0,17171.5,,,,,0.0,0.0,7735.6
848.27,0.0,17171.5,,,,,0.0,0.0,7735.6
849.27,0.0,17171.5,,,,,0.0,0.0,7735.6
850.27,0.0,17171.5,,,,,0.0,0.0,7735.6
851.27,0.0,17171.5,,,,,0.0,0.0,7735.6
852.28,0.0,17171.5,,,,,0.0,0.0,7735.6
853.28,0.0,17171.5,,,,,0.0,0.0,7735.6
854.28,0.0,17171.5,,,,,0.0,0.0,7735.6
855.28,0.0,17171.5,,,,,0.0,0.0,7735.6
856.28,0.0,17171.5,,,,,0.0,0.0,7735.6
857.28,0.0,17171.5,,,,,0.0,0.0,7735.6
858.28,0.0,17171.5,,,,,0.0,0.0,7735.6
859.28,0.0,17171.5,,,,,0.0,0.0,7735.6
860.28,0.0,17171.5,,,,,0.0,0.0,7735.6
861.28,0.0,17171.5,,,,,0.0,0.0,7735.6
862.28,0.0,17171.5,,,,,0.0,0.0,7735.6
863.28,0.0,17171.5,,,,,0.0,0.0,7735.6
864.28,0.0,17171.5,,,,,0.0,0.0,7735.6
865.28,0.0,17171.5,,,,,0.0,0.0,7735.6
866.28,0.0,17171.5,,,,,0.0,0.0,7735.6
867.28,0.0,17171.5,,,,,0.0,0.0,7735.6
868.28,0.0,17171.5,,,,,0.0,0.0,7735.6
869.28,0.0,17171.5,,,,,0.0,0.0,7735.6
870.28,0.0,17171.5,,,,,0.0,0.0,7735.6
871.28,0.0,17171.5,,,,,0.0,0.0,7735.6
872.28,0.0,17171.5,,,,,0.0,0.0,7735.6
873.28,0.0,17171.5,,,,,0.0,0.0,7735.6
874.28,0.0,17171.5,,,,,0.0,0.0,7735.6
875.28,0.0,17171.5,,,,,0.0,0.0,7735.6
876.28,0.0,17171.5,,,,,0.0,0.0,7735.6
877.28,0.0,17171.5,,,,,0.0,0.0,7735.6
878.29,0.0,17171.5,,,,,0.0,0.0,7735.6
879.29,0.0,17171.5,,,,,0.0,0.0,7735.6
880.29,0.0,17171.5,,,,,0.0,0.0,7735.6
881.29,0.0,17171.5,,,,,0.0,0.0,7735.6
882.29,0.0,17171.5,,,,,0.0,0.0,7735.6
883.29,0.0,17171.5,,,,,0.0,0.0,7735.6
884.29,0.0,17171.5,,,,,0.0,0.0,7735.6
885.29,0.0,17171.5,,,,,0.0,0.0,7735.6
886.29,0.0,17171.5,,,,,0.0,0.0,7735.6
887.29,0.0,17171.5,,,,,0.0,0.0,7735.6
888.29,0.0,17171.5,,,,,0.0,0.0,7735.6
889.29,0.0,17171.5,,,,,0.0,0.0,7735.6
890.29,0.0,17171.5,,,,,0.0,0.0,7735.6
891.29,0.0,17171.5,,,,,0.0,0.0,7735.6
892.29,0.0,17171.5,,,,,0.0,0.0,7735.6
893.29,0.0,17171.5,,,,,0.0,0.0,7735.6
894.29,0.0,17171.5,,,,,0.0,0.0,7735.6
895.29,0.0,17171.5,,,,,0.0,0.0,7735.6
896.29,0.0,17171.5,,,,,0.0,0.0,7735.6
897.29,0.0,17171.5,,,,,0.0,0.0,7735.6
898.29,0.0,17171.5,,,,,0.0,0.0,7735.6
899.29,0.0,17171.5,,,,,0.0,0.0,7735.6
900.29,0.0,17171.5,,,,,0.0,0.0,7735.6
901.29,0.0,17171.5,,,,,0.0,0.0,7735.6
902.29,0.0,17171.5,,,,,0.0,0.0,7735.6
903.29,0.0,17171.5,,,,,0.0,0.0,7735.6
904.29,0.0,17171.5,,,,,0.0,0.0,7735.6
905.29,0.0,17171.5,,,,,0.0,0.0,7735.6
906.29,0.0,17171.5,,,,,0.0,0.0,7735.6
907.29,0.0,17171.5,,,,,0.0,0.0,7735.6
908.29,0.0,17171.5,,,,,0.0,0.0,7735.6
909.29,0.0,17171.5,,,,,0.0,0.0,7735.6
910.29,0.0,17171.5,,,,,0.0,0.0,7735.6
911.29,0.0,17171.5,,,,,0.0,0.0,7735.6
912.29,0.0,17171.5,,,,,0.0,0.0,7735.6
913.29,0.0,17171.5,,,,,0.0,0.0,7735.6
914.29,0.0,17171.5,,,,,0.0,0.0,7735.6
915.29,0.0,17171.5,,,,,0.0,0.0,7735.6
916.29,0.0,17171.5,,,,,0.0,0.0,7735.6
917.29,0.0,17171.5,,,,,0.0,0.0,7735.6
918.29,0.0,17171.5,,,,,0.0,0.0,7735.6
919.29,0.0,17171.5,,,,,0.0,0.0,7735.6
920.29,0.0,17171.5,,,,,0.0,0.0,7735.6
921.29,0.0,17171.5,,,,,0.0,0.0,7735.6
922.29,0.0,17171.5,,,,,0.0,0.0,7735.6
923.29,0.0,17171.5,,,,,0.0,0.0,7735.6
924.29,0.0,17171.5,,,,,0.0,0.0,7735.6
925.29,0.0,17171.5,,,,,0.0,0.0,7735.6
926.29,0.0,17171.5,,,,,0.0,0.0,7735.6
927.29,0.0,17171.5,,,,,0.0,0.0,7735.6
928.29,0.0,17171.5,,,,,0.0,0.0,7735.6
929.29,0.0,17171.5,,,,,0.0,0.0,7735.6
930.29,0.0,17171.5,,,,,0.0,0.0,7735.6
931.3,0.0,17171.5,,,,,0.0,0.0,7735.6
932.3,0.0,17171.5,,,,,0.0,0.0,7735.6
933.3,0.0,17171.5,,,,,0.0,0.0,7735.6
934.3,0.0,17171.5,,,,,0.0,0.0,7735.6
935.3,0.0,17171.5,,,,,0.0,0.0,7735.6
936.3,0.0,17171.5,,,,,0.0,0.0,7735.6
937.3,0.0,17171.5,,,,,0.0,0.0,7735.6
938.3,0.0,17171.5,,,,,0.0,0.0,7735.6
939.3,0.0,17171.5,,,,,0.0,0.0,7735.6
940.3,0.0,17171.5,,,,,0.0,0.0,7735.6
941.3,0.0,17171.5,,,,,0.0,0.0,7735.6
942.3,0.0,17171.5,,,,,0.0,0.0,7735.6
943.3,0.0,17171.5,,,,,0.0,0.0,7735.6
944.3,0.0,17171.5,,,,,0.0,0.0,7735.6
945.3,0.0,17171.5,,,,,0.0,0.0,7735.6
946.3,0.0,17171.5,,,,,0.0,0.0,7735.6
947.3,0.0,17171.5,,,,,0.0,0.0,7735.6
948.3,0.0,17171.5,,,,,0.0,0.0,7735.6
949.3,0.0,17171.5,,,,,0.0,0.0,7735.6
950.3,0.0,17171.5,,,,,0.0,0.0,7735.6
951.3,0.0,17171.5,,,,,0.0,0.0,7735.6
952.3,0.0,17171.5,,,,,0.0,0.0,7735.6
953.3,0.0,17171.5,,,,,0.0,0.0,7735.6
954.3,0.0,17171.5,,,,,0.0,0.0,7735.6
955.3,0.0,17171.5,,,,,0.0,0.0,7735.6
956.3,0.0,17171.5,,,,,0.0,0.0,7735.6
957.3,0.0,17171.5,,,,,0.0,0.0,7735.6
958.3,0.0,17171.5,,,,,0.0,0.0,7735.6
959.3,0.0,17171.5,,,,,0.0,0.0,7735.6
960.3,0.0,17171.5,,,,,0.0,0.0,7735.6
961.3,0.0,17171.5,,,,,0.0,0.0,7735.6
962.3,0.0,17171.5,,,,,0.0,0.0,7735.6
963.3,0.0,17171.5,,,,,0.0,0.0,7735.6
964.3,0.0,17171.5,,,,,0.0,0.0,7735.6
965.3,0.0,17171.5,,,,,0.0,0.0,7735.6
966.3,0.0,17171.5,,,,,0.0,0.0,7735.6
967.3,0.0,17171.5,,,,,0.0,0.0,7735.6
968.3,0.0,17171.5,,,,,0.0,0.0,7735.6
969.3,0.0,17171.5,,,,,0.0,0.0,7735.6
970.3,0.0,17171.5,,,,,0.0,0.0,7735.6
971.3,0.0,17171.5,,,,,0.0,0.0,7735.6
972.3,0.0,17171.5,,,,,0.0,0.0,7735.6
973.3,0.0,17171.5,,,,,0.0,0.0,7735.6
974.3,0.0,17171.5,,,,,0.0,0.0,7735.6
975.3,0.0,17171.5,,,,,0.0,0.0,7735.6
976.3,0.0,17171.5,,,,,0.0,0.0,7735.6
977.3,0.0,17171.5,,,,,0.0,0.0,7735.6
978.3,0.0,17171.5,,,,,0.0,0.0,7735.6
979.3,0.0,17171.5,,,,,0.0,0.0,7735.6
980.3,0.0,17171.5,,,,,0.0,0.0,7735.6
981.3,0.0,17171.5,,,,,0.0,0.0,7735.6
982.3,0.0,17171.5,,,,,0.0,0.0,7735.6
983.3,0.0,17171.5,,,,,0.0,0.0,7735.6
984.31,0.0,17171.5,,,,,0.0,0.0,7735.6
985.31,0.0,17171.5,,,,,0.0,0.0,7735.6
986.31,0.0,17171.5,,,,,0.0,0.0,7735.6
987.31,0.0,17171.5,,,,,0.0,0.0,7735.6
988.31,0.0,17171.5,,,,,0.0,0.0,7735.6
989.31,0.0,17171.5,,,,,0.0,0.0,7735.6
990.31,0.0,17171.5,,,,,0.0,0.0,7735.6
991.31,0.0,17171.5,,,,,0.0,0.0,7735.6
992.31,0.0,17171.5,,,,,0.0,0.0,7735.6
993.31,0.0,17171.5,,,,,0.0,0.0,7735.6
994.31,0.0,17171.5,,,,,0.0,0.0,7735.6
995.31,0.0,17171.5,,,,,0.0,0.0,7735.6
996.31,0.0,17171.5,,,,,0.0,0.0,7735.6
997.31,0.0,17171.5,,,,,0.0,0.0,7735.6
998.31,0.0,17171.5,,,,,0.0,0.0,7735.6
999.31,0.0,17171.5,,,,,0.0,0.0,7735.6
1000.31,0.0,17171.5,,,,,0.0,0.0,7735.6
1001.31,0.0,17171.5,,,,,0.0,0.0,7735.6
1002.31,0.0,17171.5,,,,,0.0,0.0,7735.6
1003.31,0.0,17171.5,,,,,0.0,0.0,7735.6
1004.31,0.0,17171.5,,,,,0.0,0.0,7735.6
1005.31,0.0,17171.5,,,,,0.0,0.0,7735.6
1006.31,0.0,17171.5,,,,,0.0,0.0,7735.6
1007.31,0.0,17171.5,,,,,0.0,0.0,7735.6
1008.31,0.0,17171.5,,,,,0.0,0.0,7735.6
1009.31,0.0,17171.5,,,,,0.0,0.0,7735.6
1010.31,0.0,17171.5,,,,,0.0,0.0,7735.6
1011.31,0.0,17171.5,,,,,0.0,0.0,7735.6
1012.31,0.0,17171.5,,,,,0.0,0.0,7735.6
1013.31,0.0,17171.5,,,,,0.0,0.0,7735.6
1014.31,0.0,17171.5,,,,,0.0,0.0,7735.6
1015.31,0.0,17171.5,,,,,0.0,0.0,7735.6
1016.31,0.0,17171.5,,,,,0.0,0.0,7735.6
1017.32,0.0,17171.5,,,,,0.0,0.0,7735.6
1018.32,0.0,17171.5,,,,,0.0,0.0,7659.1
1019.32,0.0,17171.5,,,,,0.0,0.0,7638.8
1020.32,0.0,17171.5,,,,,0.0,0.0,7638.8
1021.32,0.0,17171.5,,,,,0.0,0.0,7638.8
1022.32,0.0,17171.5,,,,,0.0,0.0,7638.8
1023.32,0.0,17171.5,,,,,0.0,0.0,7638.8
1024.32,0.0,17171.5,,,,,0.0,0.0,7638.6
1025.32,0.0,17171.5,,,,,0.0,0.0,7637.3
1026.32,0.0,17171.5,,,,,0.0,0.0,7637.3
1027.32,0.0,17171.5,,,,,0.0,0.0,7557.9
1028.32,0.0,17171.5,,,,,0.0,0.0,7545.6
1029.32,0.0,17171.5,,,,,0.0,0.0,7544.7
1030.32,0.0,17171.5,,,,,0.0,0.0,7544.7
1031.32,0.0,17171.5,,,,,0.0,0.0,7486.1
1032.32,0.0,17171.5,,,,,0.0,0.0,7483.9
1033.32,0.0,17171.5,,,,,0.0,0.0,7483.8
1034.32,0.0,17171.5,,,,,0.0,0.0,7245.1
1035.32,0.0,17171.5,,,,,0.0,0.0,7034.3
1036.32,0.0,17171.5,,,,,0.0,0.0,6778.6
1037.32,0.0,17171.5,,,,,0.0,0.0,6520.8
1038.32,0.0,17171.5,,,,,0.0,0.0,6275.9
1039.32,0.0,17171.5,,,,,0.0,0.0,6009.7
1040.32,0.0,17171.5,,,,,0.0,0.0,5784.8
1041.32,0.0,17171.5,,,,,0.0,0.0,5584.8
1042.32,0.0,17171.5,,,,,0.0,0.0,5364.4
1043.32,0.0,17171.5,,,,,0.0,0.0,5236.0
1044.32,0.0,17171.5,,,,,0.0,0.0,5236.0
1045.32,0.0,17171.5,,,,,0.0,0.0,5236.0
1046.32,0.0,17171.5,,,,,0.0,0.0,5236.0
1047.32,0.0,17171.5,,,,,0.0,0.0,5236.0
1048.32,0.0,17171.5,,,,,0.0,0.0,5236.0
1049.32,0.0,17171.5,,,,,0.0,0.0,5236.0
1050.32,0.0,17171.5,,,,,0.0,0.0,5236.0
1051.32,0.0,17171.5,,,,,0.0,0.0,5236.0
1052.32,0.0,17171.5,,,,,0.0,0.0,5236.0
1053.32,0.0,17171.5,,,,,0.0,0.0,5236.0
1054.32,0.0,17171.5,,,,,0.0,0.0,5236.0
1055.32,0.0,17171.5,,,,,0.0,0.0,5236.0
1056.32,0.0,17171.5,,,,,0.0,0.0,5236.0
1057.32,0.0,17171.5,,,,,0.0,0.0,5236.0
1058.32,0.0,17171.5,,,,,0.0,0.0,5236.0
1059.32,0.0,17171.5,,,,,0.0,0.0,5236.0
1060.32,0.0,17171.5,,,,,0.0,0.0,5236.0
1061.32,0.0,17171.5,,,,,0.0,0.0,5236.0
1062.32,0.0,17171.5,,,,,0.0,0.0,5236.0
1063.32,0.0,17171.5,,,,,0.0,0.0,5236.0
1064.33,0.0,17171.5,,,,,0.0,0.0,5236.0
1065.33,0.0,17171.5,,,,,0.0,0.0,5236.0
1066.33,0.0,17171.5,,,,,0.0,0.0,5236.0
1067.33,0.0,17171.5,,,,,0.0,0.0,5236.0
1068.33,0.0,17171.5,,,,,0.0,0.0,5236.0
1069.33,0.0,17171.5,,,,,0.0,0.0,5236.0
1070.33,0.0,17171.5,,,,,0.0,0.0,5236.0
1071.33,0.0,17171.5,,,,,0.0,0.0,5236.0
1072.33,0.0,17171.5,,,,,0.0,0.0,5236.0
1073.33,0.0,17171.5,,,,,0.0,0.0,5236.0
1074.33,0.0,17171.5,,,,,0.0,0.0,5236.0
1075.33,0.0,17171.5,,,,,0.0,0.0,5236.0
1076.33,0.0,17171.5,,,,,0.0,0.0,5236.0
1077.33,0.0,17171.5,,,,,0.0,0.0,5236.0
1078.33,0.0,17171.5,,,,,0.0,0.0,5236.0
1079.33,0.0,17171.5,,,,,0.0,0.0,5236.0
1080.33,0.0,17171.5,,,,,0.0,0.0,5236.0
1081.33,0.0,17171.5,,,,,0.0,0.0,5236.0
1082.33,0.0,17171.5,,,,,0.0,0.0,5236.0
1083.33,0.0,17171.5,,,,,0.0,0.0,5236.0
1084.33,0.0,17171.5,,,,,0.0,0.0,5236.0
1085.33,0.0,17171.5,,,,,0.0,0.0,5236.0
1086.33,0.0,17171.5,,,,,0.0,0.0,5236.0
1087.33,0.0,17171.5,,,,,0.0,0.0,5236.0
1088.33,0.0,17171.5,,,,,0.0,0.0,5236.0
1089.33,0.0,17171.5,,,,,0.0,0.0,5236.0
1090.33,0.0,17171.5,,,,,0.0,0.0,5236.0
1091.33,0.0,17171.5,,,,,0.0,0.0,5236.0
1092.33,0.0,17171.5,,,,,0.0,0.0,5236.0
1093.33,0.0,17171.5,,,,,0.0,0.0,5236.0
1094.33,0.0,17171.5,,,,,0.0,0.0,5236.0
1095.33,0.0,17171.5,,,,,0.0,0.0,5236.0
1096.33,0.0,17171.5,,,,,0.0,0.0,5236.0
1097.34,0.0,17171.5,,,,,0.0,0.0,5236.0
1098.34,0.0,17171.5,,,,,0.0,0.0,5236.0
1099.34,0.0,17171.5,,,,,0.0,0.0,5236.0
1100.34,0.0,17171.5,,,,,0.0,0.0,5236.0
1101.34,0.0,17171.5,,,,,0.0,0.0,5236.0
1102.34,0.0,17171.5,,,,,0.0,0.0,5236.0
1103.34,0.0,17171.5,,,,,0.0,0.0,5236.0
1104.34,0.0,17171.5,,,,,0.0,0.0,5236.0
1105.34,0.0,17171.5,,,,,0.0,0.0,5236.0
1106.34,0.0,17171.5,,,,,0.0,0.0,5236.0
1107.34,0.0,17171.5,,,,,0.0,0.0,5236.0
1108.34,0.0,17171.5,,,,,0.0,0.0,5236.0
1109.34,0.0,17171.5,,,,,0.0,0.0,5236.0
1110.34,0.0,17171.5,,,,,0.0,0.0,5236.0
1111.34,0.0,17171.5,,,,,0.0,0.0,5236.0
1112.34,0.0,17171.5,,,,,0.0,0.0,5236.0
1113.34,0.0,17171.5,,,,,0.0,0.0,5236.0
1114.34,0.0,17171.5,,,,,0.0,0.0,5236.0
1115.34,0.0,17171.5,,,,,0.0,0.0,5236.0
1116.34,0.0,17171.5,,,,,0.0,0.0,5236.0
1117.34,0.0,17171.5,,,,,0.0,0.0,5236.0
1118.34,0.0,17171.5,,,,,0.0,0.0,5236.0
1119.34,0.0,17171.5,,,,,0.0,0.0,5236.0
1120.34,0.0,17171.5,,,,,0.0,0.0,5236.0
1121.34,0.0,17171.5,,,,,0.0,0.0,5236.0
1122.34,0.0,17171.5,,,,,0.0,0.0,5236.0
1123.34,0.0,17171.5,,,,,0.0,0.0,5236.0
1124.34,0.0,17171.5,,,,,0.0,0.0,5236.0
1125.34,0.0,17171.5,,,,,0.0,0.0,5236.0
1126.34,0.0,17171.5,,,,,0.0,0.0,5236.0
1127.34,0.0,17171.5,,,,,0.0,0.0,5236.0
1128.34,0.0,17171.5,,,,,0.0,0.0,5236.0
1129.34,0.0,17171.5,,,,,0.0,0.0,5236.0
1130.34,0.0,17171.5,,,,,0.0,0.0,5236.0
1131.34,0.0,17171.5,,,,,0.0,0.0,5236.0
1132.34,0.0,17171.5,,,,,0.0,0.0,5236.0
1133.34,0.0,17171.5,,,,,0.0,0.0,5236.0
1134.34,0.0,17171.5,,,,,0.0,0.0,5236.0
1135.34,0.0,17171.5,,,,,0.0,0.0,5236.0
1136.34,0.0,17171.5,,,,,0.0,0.0,5236.0
1137.34,0.0,17171.5,,,,,0.0,0.0,5236.0
1138.34,0.0,17171.5,,,,,0.0,0.0,5236.0
1139.34,0.0,17171.5,,,,,0.0,0.0,5236.0
1140.34,0.0,17171.5,,,,,0.0,0.0,5236.0
1141.34,0.0,17171.5,,,,,0.0,0.0,5236.0
1142.34,0.0,17171.5,,,,,0.0,0.0,5236.0
1143.34,0.0,17171.5,,,,,0.0,0.0,5236.0
1144.34,0.0,17171.5,,,,,0.0,0.0,5236.0
1145.35,0.0,17171.5,,,,,0.0,0.0,5236.0
1146.35,0.0,17171.5,,,,,0.0,0.0,5236.0
1147.35,0.0,17171.5,,,,,0.0,0.0,5236.0
1148.35,0.0,17171.5,,,,,0.0,0.0,5236.0
1149.35,0.0,17171.5,,,,,0.0,0.0,5236.0
1150.35,0.0,17171.5,,,,,0.0,0.0,5236.0
1151.35,0.0,17171.5,,,,,0.0,0.0,5236.0
1152.35,0.0,17171.5,,,,,0.0,0.0,5236.0
1153.35,0.0,17171.5,,,,,0.0,0.0,5236.0
1154.35,0.0,17171.5,,,,,0.0,0.0,5236.0
1155.35,0.0,17171.5,,,,,0.0,0.0,5236.0
1156.35,0.0,17171.5,,,,,0.0,0.0,5236.0
1157.35,0.0,17171.5,,,,,0.0,0.0,5236.0
1158.35,0.0,17171.5,,,,,0.0,0.0,5236.0
1159.35,0.0,17171.5,,,,,0.0,0.0,5236.0
1160.35,0.0,17171.5,,,,,0.0,0.0,5236.0
1161.35,0.0,17171.5,,,,,0.0,0.0,5236.0
1162.35,0.0,17171.5,,,,,0.0,0.0,5236.0
1163.35,0.0,17171.5,,,,,0.0,0.0,5236.0
1164.35,0.0,17171.5,,,,,0.0,0.0,5236.0
1165.35,0.0,17171.5,,,,,0.0,0.0,5236.0
1166.35,0.0,17171.5,,,,,0.0,0.0,5236.0
1167.35,0.0,17171.5,,,,,0.0,0.0,5236.0
1168.35,0.0,17171.5,,,,,0.0,0.0,5236.0
1169.35,0.0,17171.5,,,,,0.0,0.0,5236.0
1170.35,0.0,17171.5,,,,,0.0,0.0,5236.0
1171.35,0.0,17171.5,,,,,0.0,0.0,5236.0
1172.35,0.0,17171.5,,,,,0.0,0.0,5236.0
1173.35,0.0,17171.5,,,,,0.0,0.0,5236.0
1174.35,0.0,17171.5,,,,,0.0,0.0,5236.0
1175.35,0.0,17171.5,,,,,0.0,0.0,5236.0
1176.35,0.0,17171.5,,,,,0.0,0.0,5236.0
1177.35,0.0,17171.5,,,,,0.0,0.0,5236.0
1178.35,0.0,17171.5,,,,,0.0,0.0,5236.0
1179.35,0.0,17171.5,,,,,0.0,0.0,5236.0
1180.35,0.0,17171.5,,,,,0.0,0.0,5236.0
1181.35,0.0,17171.5,,,,,0.0,0.0,5236.0
1182.35,0.0,17171.5,,,,,0.0,0.0,5236.0
1183.35,0.0,17171.5,,,,,0.0,0.0,5236.0
1184.35,0.0,17171.5,,,,,0.0,0.0,5236.0
1185.35,0.0,17171.5,,,,,0.0,0.0,5236.0
1186.35,0.0,17171.5,,,,,0.0,0.0,5236.0
1187.35,0.0,17171.5,,,,,0.0,0.0,5236.0
1188.35,0.0,17171.5,,,,,0.0,0.0,5236.0
1189.35,0.0,17171.5,,,,,0.0,0.0,5236.0
1190.35,0.0,17171.5,,,,,0.0,0.0,5236.0
1191.35,0.0,17171.5,,,,,0.0,0.0,5236.0
1192.36,0.0,17171.5,,,,,0.0,0.0,5236.0
1193.36,0.0,17171.5,,,,,0.0,0.0,5236.0
1194.36,0.0,17171.5,,,,,0.0,0.0,5236.0
1195.36,0.0,17171.5,,,,,0.0,0.0,5236.0
1196.36,0.0,17171.5,,,,,0.0,0.0,5236.0
1197.36,0.0,17171.5,,,,,0.0,0.0,5236.0
1198.36,0.0,17171.5,,,,,0.0,0.0,5236.0
1199.36,0.0,17171.5,,,,,0.0,0.0,5236.0
1200.36,0.0,17171.5,,,,,0.0,0.0,5236.0
1201.36,0.0,17171.5,,,,,0.0,0.0,5236.0
1202.36,0.0,17171.5,,,,,0.0,0.0,5236.0
1203.36,0.0,17171.5,,,,,0.0,0.0,5236.0
1204.36,0.0,17171.5,,,,,0.0,0.0,5236.0
1205.36,0.0,17171.5,,,,,0.0,0.0,5236.0
1206.36,0.0,17171.5,,,,,0.0,0.0,5236.0
1207.36,0.0,17171.5,,,,,0.0,0.0,5236.0
1208.36,0.0,17171.5,,,,,0.0,0.0,5236.0
1209.36,0.0,17171.5,,,,,0.0,0.0,5236.0
1210.36,0.0,17171.5,,,,,0.0,0.0,5236.0
1211.36,0.0,17171.5,,,,,0.0,0.0,5236.0
1212.36,0.0,17171.5,,,,,0.0,0.0,5236.0
1213.36,0.0,17171.5,,,,,0.0,0.0,5236.0
1214.36,0.0,17171.5,,,,,0.0,0.0,5236.0
1215.36,0.0,17171.5,,,,,0.0,0.0,5236.0
1216.36,0.0,17171.5,,,,,0.0,0.0,5236.0
1217.36,0.0,17171.5,,,,,0.0,0.0,5236.0
1218.36,0.0,17171.5,,,,,0.0,0.0,5236.0
1219.36,0.0,17171.5,,,,,0.0,0.0,5236.0
1220.36,0.0,17171.5,,,,,0.0,0.0,5236.0
1221.36,0.0,17171.5,,,,,0.0,0.0,5236.0
1222.36,0.0,17171.5,,,,,0.0,0.0,5236.0
1223.36,0.0,17171.5,,,,,0.0,0.0,5236.0
1224.36,0.0,17171.5,,,,,0.0,0.0,5236.0
1225.36,0.0,17171.5,,,,,0.0,0.0,5236.0
1226.36,0.0,17171.5,,,,,0.0,0.0,5236.0
1227.36,0.0,17171.5,,,,,0.0,0.0,5236.0
1228.36,0.0,17171.5,,,,,0.0,0.0,5236.0
1229.36,0.0,17171.5,,,,,0.0,0.0,5236.0
1230.36,0.0,17171.5,,,,,0.0,0.0,5236.0
1231.36,0.0,17171.5,,,,,0.0,0.0,5236.0
1232.36,0.0,17171.5,,,,,0.0,0.0,5236.0
1233.36,0.0,17171.5,,,,,0.0,0.0,5236.0
1234.36,0.0,17171.5,,,,,0.0,0.0,5236.0
1235.37,0.0,17171.5,,,,,0.0,0.0,5236.0
1236.37,0.0,17171.5,,,,,0.0,0.0,5236.0
1237.37,0.0,17171.5,,,,,0.0,0.0,5236.0
1238.37,0.0,17171.5,,,,,0.0,0.0,5236.0
1239.37,0.0,17171.5,,,,,0.0,0.0,5236.0
1240.37,0.0,17171.5,,,,,0.0,0.0,5236.0
1241.37,0.0,17171.5,,,,,0.0,0.0,5236.0
1242.37,0.0,17171.5,,,,,0.0,0.0,5236.0
1243.37,0.0,17171.5,,,,,0.0,0.0,5236.0
1244.37,0.0,17171.5,,,,,0.0,0.0,5236.0
1245.37,0.0,17171.5,,,,,0.0,0.0,5236.0
1246.37,0.0,17171.5,,,,,0.0,0.0,5236.0
1247.37,0.0,17171.5,,,,,0.0,0.0,5236.0
1248.37,0.0,17171.5,,,,,0.0,0.0,5236.0
1249.37,0.0,17171.5,,,,,0.0,0.0,5236.0
1250.37,0.0,17171.5,,,,,0.0,0.0,5236.0
1251.37,0.0,17171.5,,,,,0.0,0.0,5236.0
1252.37,0.0,17171.5,,,,,0.0,0.0,5236.0
1253.37,0.0,17171.5,,,,,0.0,0.0,5236.0
1254.37,0.0,17171.5,,,,,0.0,0.0,5236.0
1255.37,0.0,17171.5,,,,,0.0,0.0,5236.0
1256.37,0.0,17171.5,,,,,0.0,0.0,5236.0
1257.37,0.0,17171.5,,,,,0.0,0.0,5236.0
1258.37,0.0,17171.5,,,,,0.0,0.0,5236.0
1259.38,0.0,17171.5,,,,,0.0,0.0,5236.0
1260.38,0.0,17171.5,,,,,0.0,0.0,5236.0
1261.38,0.0,17171.5,,,,,0.0,0.0,5236.0
1262.38,0.0,17171.5,,,,,0.0,0.0,5236.0
1263.38,0.0,17171.5,,,,,0.0,0.0,5236.0
1264.38,0.0,17171.5,,,,,0.0,0.0,5236.0
1265.38,0.0,17171.5,,,,,0.0,0.0,5236.0
1266.38,0.0,17171.5,,,,,0.0,0.0,5236.0
1267.38,0.0,17171.5,,,,,0.0,0.0,5236.0
1268.38,0.0,17171.5,,,,,0.0,0.0,5236.0
1269.38,0.0,17171.5,,,,,0.0,0.0,5236.0
1270.38,0.0,17171.5,,,,,0.0,0.0,5236.0
1271.38,0.0,17171.5,,,,,0.0,0.0,5236.0
1272.38,0.0,17171.5,,,,,0.0,0.0,5236.0
1273.38,0.0,17171.5,,,,,0.0,0.0,5236.0
1274.38,0.0,17171.5,,,,,0.0,0.0,5236.0
1275.38,0.0,17171.5,,,,,0.0,0.0,5236.0
1276.38,0.0,17171.5,,,,,0.0,0.0,5236.0
1277.38,0.0,17171.5,,,,,0.0,0.0,5236.0
1278.38,0.0,17171.5,,,,,0.0,0.0,5236.0
1279.38,0.0,17171.5,,,,,0.0,0.0,5236.0
1280.38,0.0,17171.5,,,,,0.0,0.0,5236.0
1281.38,0.0,17171.5,,,,,0.0,0.0,5236.0
1282.38,0.0,17171.5,,,,,0.0,0.0,5236.0
1283.38,0.0,17171.5,,,,,0.0,0.0,5236.0
1284.38,0.0,17171.5,,,,,0.0,0.0,5236.0
1285.38,0.0,17171.5,,,,,0.0,0.0,5236.0
1286.38,0.0,17171.5,,,,,0.0,0.0,5236.0
1287.38,0.0,17171.5,,,,,0.0,0.0,5236.0
1288.38,0.0,17171.5,,,,,0.0,0.0,5236.0
1289.38,0.0,17171.5,,,,,0.0,0.0,5236.0
1290.38,0.0,17171.5,,,,,0.0,0.0,5236.0
1291.38,0.0,17171.5,,,,,0.0,0.0,5236.0
1292.38,0.0,17171.5,,,,,0.0,0.0,5236.0
1293.38,0.0,17171.5,,,,,0.0,0.0,5236.0
1294.38,0.0,17171.5,,,,,0.0,0.0,5236.0
1295.38,0.0,17171.5,,,,,0.0,0.0,5236.0
1296.38,0.0,17171.5,,,,,0.0,0.0,5236.0
1297.38,0.0,17171.5,,,,,0.0,0.0,5236.0
1298.38,0.0,17171.5,,,,,0.0,0.0,5236.0
1299.38,0.0,17171.5,,,,,0.0,0.0,5236.0
1300.38,0.0,17171.5,,,,,0.0,0.0,5236.0
1301.38,0.0,17171.5,,,,,0.0,0.0,5236.0
1302.38,0.0,17171.5,,,,,0.0,0.0,5236.0
1303.38,0.0,17171.5,,,,,0.0,0.0,5236.0
1304.38,0.0,17171.5,,,,,0.0,0.0,5236.0
1305.38,0.0,17171.5,,,,,0.0,0.0,5236.0
1306.38,0.0,17171.5,,,,,0.0,0.0,5236.0
1307.38,0.0,17171.5,,,,,0.0,0.0,5236.0
1308.38,0.0,17171.5,,,,,0.0,0.0,5236.0
1309.38,0.0,17171.5,,,,,0.0,0.0,5236.0
1310.38,0.0,17171.5,,,,,0.0,0.0,5236.0
1311.38,0.0,17171.5,,,,,0.0,0.0,5236.0
1312.38,0.0,17171.5,,,,,0.0,0.0,5236.0
1313.38,0.0,17171.5,,,,,0.0,0.0,5236.0
1314.38,0.0,17171.5,,,,,0.0,0.0,5236.0
1315.38,0.0,17171.5,,,,,0.0,0.0,5236.0
1316.38,0.0,17171.5,,,,,0.0,0.0,5236.0
1317.38,0.0,17171.5,,,,,0.0,0.0,5236.0
1318.38,0.0,17171.5,,,,,0.0,0.0,5236.0
1319.38,0.0,17171.5,,,,,0.0,0.0,5236.0
1320.38,0.0,17171.5,,,,,0.0,0.0,5236.0
1321.38,0.0,17171.5,,,,,0.0,0.0,5236.0
1322.38,0.0,17171.5,,,,,0.0,0.0,5236.0
1323.39,0.0,17171.5,,,,,0.0,0.0,5236.0
1324.39,0.0,17171.5,,,,,0.0,0.0,5236.0
1325.39,0.0,17171.5,,,,,0.0,0.0,5236.0
1326.39,0.0,17171.5,,,,,0.0,0.0,5236.0
1327.39,0.0,17171.5,,,,,0.0,0.0,5236.0
1328.39,0.0,17171.5,,,,,0.0,0.0,5236.0
1329.39,0.0,17171.5,,,,,0.0,0.0,5236.0
1330.39,0.0,17171.5,,,,,0.0,0.0,5236.0
1331.39,0.0,17171.5,,,,,0.0,0.0,5236.0
1332.39,0.0,17171.5,,,,,0.0,0.0,5236.0
1333.39,0.0,17171.5,,,,,0.0,0.0,5236.0
1334.39,0.0,17171.5,,,,,0.0,0.0,5236.0
1335.39,0.0,17171.5,,,,,0.0,0.0,5236.0
1336.39,0.0,17171.5,,,,,0.0,0.0,5236.0
1337.39,0.0,17171.5,,,,,0.0,0.0,5236.0
1338.39,0.0,17171.5,,,,,0.0,0.0,5236.0
1339.39,0.0,17171.5,,,,,0.0,0.0,5236.0
1340.39,0.0,17171.5,,,,,0.0,0.0,5236.0
1341.39,0.0,17171.5,,,,,0.0,0.0,5236.0
1342.39,0.0,17171.5,,,,,0.0,0.0,5236.0
1343.39,0.0,17171.5,,,,,0.0,0.0,5236.0
1344.39,0.0,17171.5,,,,,0.0,0.0,5236.0
1345.39,0.0,17171.5,,,,,0.0,0.0,5236.0
1346.39,0.0,17171.5,,,,,0.0,0.0,5236.0
1347.39,0.0,17171.5,,,,,0.0,0.0,5236.0
1348.39,0.0,17171.5,,,,,0.0,0.0,5236.0
1349.39,0.0,17171.5,,,,,0.0,0.0,5236.0
1350.39,0.0,17171.5,,,,,0.0,0.0,5236.0
1351.39,0.0,17171.5,,,,,0.0,0.0,5236.0
1352.39,0.0,17171.5,,,,,0.0,0.0,5236.0
1353.39,0.0,17171.5,,,,,0.0,0.0,5236.0
1354.39,0.0,17171.5,,,,,0.0,0.0,5236.0
1355.39,0.0,17171.5,,,,,0.0,0.0,5236.0
1356.39,0.0,17171.5,,,,,0.0,0.0,5236.0
1357.39,0.0,17171.5,,,,,0.0,0.0,5236.0
1358.39,0.0,17171.5,,,,,0.0,0.0,5236.0
1359.39,0.0,17171.5,,,,,0.0,0.0,5236.0
1360.39,0.0,17171.5,,,,,0.0,0.0,5236.0
1361.39,0.0,17171.5,,,,,0.0,0.0,5236.0
1362.39,0.0,17171.5,,,,,0.0,0.0,5236.0
1363.39,0.0,17171.5,,,,,0.0,0.0,5236.0
1364.39,0.0,17171.5,,,,,0.0,0.0,5236.0
1365.39,0.0,17171.5,,,,,0.0,0.0,5236.0
1366.39,0.0,17171.5,,,,,0.0,0.0,5236.0
1367.39,0.0,17171.5,,,,,0.0,0.0,5236.0
1368.39,0.0,17171.5,,,,,0.0,0.0,5236.0
1369.39,0.0,17171.5,,,,,0.0,0.0,5236.0
1370.39,0.0,17171.5,,,,,0.0,0.0,5236.0
1371.39,0.0,17171.5,,,,,0.0,0.0,5236.0
1372.39,0.0,17171.5,,,,,0.0,0.0,5236.0
1373.39,0.0,17171.5,,,,,0.0,0.0,5236.0
1374.39,0.0,17171.5,,,,,0.0,0.0,5236.0
1375.39,0.0,17171.5,,,,,0.0,0.0,5236.0
1376.39,0.0,17171.5,,,,,0.0,0.0,5236.0
1377.39,0.0,17171.5,,,,,0.0,0.0,5236.0
1378.39,0.0,17171.5,,,,,0.0,0.0,5236.0
1379.39,0.0,17171.5,,,,,0.0,0.0,5236.0
1380.39,0.0,17171.5,,,,,0.0,0.0,5236.0
1381.39,0.0,17171.5,,,,,0.0,0.0,5236.0
1382.39,0.0,17171.5,,,,,0.0,0.0,5236.0
1383.39,0.0,17171.5,,,,,0.0,0.0,5236.0
1384.39,0.0,17171.5,,,,,0.0,0.0,5236.0
1385.4,0.0,17171.5,,,,,0.0,0.0,5236.0
1386.4,0.0,17171.5,,,,,0.0,0.0,5236.0
1387.4,0.0,17171.5,,,,,0.0,0.0,5236.0
1388.4,0.0,17171.5,,,,,0.0,0.0,5236.0
1389.4,0.0,17171.5,,,,,0.0,0.0,5236.0
1390.4,0.0,17171.5,,,,,0.0,0.0,5236.0
1391.4,0.0,17171.5,,,,,0.0,0.0,5236.0
1392.4,0.0,17171.5,,,,,0.0,0.0,5236.0
1393.4,0.0,17171.5,,,,,0.0,0.0,5236.0
1394.4,0.0,17171.5,,,,,0.0,0.0,5236.0
1395.4,0.0,17171.5,,,,,0.0,0.0,5236.0
1396.4,0.0,17171.5,,,,,0.0,0.0,5236.0
1397.4,0.0,17171.5,,,,,0.0,0.0,5236.0
1398.4,0.0,17171.5,,,,,0.0,0.0,5236.0
1399.4,0.0,17171.5,,,,,0.0,0.0,5236.0
1400.4,0.0,17171.5,,,,,0.0,0.0,5236.0
1401.4,0.0,17171.5,,,,,0.0,0.0,5236.0
1402.4,0.0,17171.5,,,,,0.0,0.0,5236.0
1403.4,0.0,17171.5,,,,,0.0,0.0,5236.0
1404.4,0.0,17171.5,,,,,0.0,0.0,5236.0
1405.4,0.0,17171.5,,,,,0.0,0.0,5236.0
1406.4,0.0,17171.5,,,,,0.0,0.0,5236.0
1407.4,0.0,17171.5,,,,,0.0,0.0,5236.0
1408.4,0.0,17171.5,,,,,0.0,0.0,5236.0
1409.4,0.0,17171.5,,,,,0.0,0.0,5236.0
1410.4,0.0,17171.5,,,,,0.0,0.0,5236.0
1411.4,0.0,17171.5,,,,,0.0,0.0,5236.0
1412.4,0.0,17171.5,,,,,0.0,0.0,5236.0
1413.4,0.0,17171.5,,,,,0.0,0.0,5236.0
1414.4,0.0,17171.5,,,,,0.0,0.0,5236.0
1415.4,0.0,17171.5,,,,,0.0,0.0,5236.0
1416.4,0.0,17171.5,,,,,0.0,0.0,5236.0
1417.4,0.0,17171.5,,,,,0.0,0.0,5236.0
1418.4,0.0,17171.5,,,,,0.0,0.0,5236.0
1419.4,0.0,17171.5,,,,,0.0,0.0,5236.0
1420.4,0.0,17171.5,,,,,0.0,0.0,5236.0
1421.4,0.0,17171.5,,,,,0.0,0.0,5236.0
1422.4,0.0,17171.5,,,,,0.0,0.0,5236.0
1423.4,0.0,17171.5,,,,,0.0,0.0,5236.0
1424.4,0.0,17171.5,,,,,0.0,0.0,5236.0
1425.4,0.0,17171.5,,,,,0.0,0.0,5236.0
1426.4,0.0,17171.5,,,,,0.0,0.0,5075.4
1427.4,0.0,17171.5,,,,,0.0,0.0,4652.6
1428.4,0.0,17171.5,,,,,0.0,0.0,4652.6
1429.4,0.0,17171.5,,,,,0.0,0.0,4652.6
1430.4,0.0,17171.5,,,,,0.0,0.0,4652.6
1431.4,0.0,17171.5,,,,,0.0,0.0,4652.6
1432.4,0.0,17171.5,,,,,0.0,0.0,4652.6
1433.4,0.0,17171.5,,,,,0.0,0.0,4652.6
1434.4,0.0,17171.5,,,,,0.0,0.0,4652.6
1435.4,0.0,17171.5,,,,,0.0,0.0,4652.6
1436.4,0.0,17171.5,,,,,0.0,0.0,4652.6
1437.4,0.0,17171.5,,,,,0.0,0.0,4652.6
1438.4,0.0,17171.5,,,,,0.0,0.0,4652.6
1439.4,0.0,17171.5,,,,,0.0,0.0,4652.6
1440.4,0.0,17171.5,,,,,0.0,0.0,4652.6
1441.4,0.0,17171.5,,,,,0.0,0.0,4652.6
1442.4,0.0,17171.5,,,,,0.0,0.0,4652.6
1443.4,0.0,17171.5,,,,,0.0,0.0,4652.6
1444.4,0.0,17171.5,,,,,0.0,0.0,4652.6
1445.41,0.0,17171.5,,,,,0.0,0.0,4652.6
1446.41,0.0,17171.5,,,,,0.0,0.0,4652.6
1447.41,0.0,17171.5,,,,,0.0,0.0,4652.6
1448.41,0.0,17171.5,,,,,0.0,0.0,4652.6
1449.41,0.0,17171.5,,,,,0.0,0.0,4652.6
1450.41,0.0,17171.5,,,,,0.0,0.0,4652.6
1451.41,0.0,17171.5,,,,,0.0,0.0,4652.6
1452.41,0.0,17171.5,,,,,0.0,0.0,4652.6
1453.41,0.0,17171.5,,,,,0.0,0.0,4652.6
1454.41,0.0,17171.5,,,,,0.0,0.0,4652.6
1455.41,0.0,17171.5,,,,,0.0,0.0,4652.6
1456.41,0.0,17171.5,,,,,0.0,0.0,4652.6
1457.41,0.0,17171.5,,,,,0.0,0.0,4652.6
1458.41,0.0,17171.5,,,,,0.0,0.0,4652.6
1459.41,0.0,17171.5,,,,,0.0,0.0,4652.6
1460.41,0.0,17171.5,,,,,0.0,0.0,4652.6
1461.41,0.0,17171.5,,,,,0.0,0.0,4652.6
1462.41,0.0,17171.5,,,,,0.0,0.0,4652.6
1463.41,0.0,17171.5,,,,,0.0,0.0,4652.6
1464.41,0.0,17171.5,,,,,0.0,0.0,4652.6
1465.41,0.0,17171.5,,,,,0.0,0.0,4652.6
1466.41,0.0,17171.5,,,,,0.0,0.0,4652.6
1467.41,0.0,17171.5,,,,,0.0,0.0,4652.6
1468.41,0.0,17171.5,,,,,0.0,0.0,4652.6
1469.41,0.0,17171.5,,,,,0.0,0.0,4652.6
1470.41,0.0,17171.5,,,,,0.0,0.0,4652.6
1471.41,0.0,17171.5,,,,,0.0,0.0,4652.6
1472.41,0.0,17171.5,,,,,0.0,0.0,4652.6
1473.41,0.0,17171.5,,,,,0.0,0.0,4652.6
1474.42,0.0,17171.5,,,,,0.0,0.0,4652.6
1475.42,0.0,17171.5,,,,,0.0,0.0,4652.6
1476.42,0.0,17171.5,,,,,0.0,0.0,4652.6
1477.42,0.0,17171.5,,,,,0.0,0.0,4652.6
1478.42,0.0,17171.5,,,,,0.0,0.0,4652.6
1479.42,0.0,17171.5,,,,,0.0,0.0,4652.6
1480.42,0.0,17171.5,,,,,0.0,0.0,4652.6
1481.42,0.0,17171.5,,,,,0.0,0.0,4652.6
1482.42,0.0,17171.5,,,,,0.0,0.0,4652.6
1483.42,0.0,17171.5,,,,,0.0,0.0,4652.6
1484.42,0.0,17171.5,,,,,0.0,0.0,4652.6
1485.42,0.0,17171.5,,,,,0.0,0.0,4652.6
1486.42,0.0,17171.5,,,,,0.0,0.0,4652.6
1487.42,0.0,17171.5,,,,,0.0,0.0,4652.6
1488.42,0.0,17171.5,,,,,0.0,0.0,4652.6
1489.42,0.0,17171.5,,,,,0.0,0.0,4652.6
1490.42,0.0,17171.5,,,,,0.0,0.0,4652.6
1491.42,0.0,17171.5,,,,,0.0,0.0,4652.6
1492.42,0.0,17171.5,,,,,0.0,0.0,4652.6
1493.42,0.0,17171.5,,,,,0.0,0.0,4652.6
1494.42,0.0,17171.5,,,,,0.0,0.0,4652.6
1495.42,0.0,17171.5,,,,,0.0,0.0,4652.6
1496.42,0.0,17171.5,,,,,0.0,0.0,4652.6
1497.42,0.0,17171.5,,,,,0.0,0.0,4652.6
1498.42,0.0,17171.5,,,,,0.0,0.0,4652.6
1499.43,0.0,17171.5,,,,,0.0,0.0,4652.6
1500.43,0.0,17171.5,,,,,0.0,0.0,4652.6
1501.43,0.0,17171.5,,,,,0.0,0.0,4652.6
1502.43,0.0,17171.5,,,,,0.0,0.0,4652.6
1503.43,0.0,17171.5,,,,,0.0,0.0,4652.6
1504.43,0.0,17171.5,,,,,0.0,0.0,4652.6
1505.43,0.0,17171.5,,,,,0.0,0.0,4652.6
1506.43,0.0,17171.5,,,,,0.0,0.0,4652.6
1507.43,0.0,17171.5,,,,,0.0,0.0,4652.6
1508.43,0.0,17171.5,,,,,0.0,0.0,4652.6
1509.43,0.0,17171.5,,,,,0.0,0.0,4652.6
1510.43,0.0,17171.5,,,,,0.0,0.0,4652.6
1511.43,0.0,17171.5,,,,,0.0,0.0,4652.6
1512.43,0.0,17171.5,,,,,0.0,0.0,4652.6
1513.43,0.0,17171.5,,,,,0.0,0.0,4652.6
1514.43,0.0,17171.5,,,,,0.0,0.0,4652.6
1515.43,0.0,17171.5,,,,,0.0,0.0,4652.6
1516.43,0.0,17171.5,,,,,0.0,0.0,4652.6
1517.43,0.0,17171.5,,,,,0.0,0.0,4652.6
1518.43,0.0,17171.5,,,,,0.0,0.0,4652.6
1519.43,0.0,17171.5,,,,,0.0,0.0,4652.6
1520.43,0.0,17171.5,,,,,0.0,0.0,4652.6
1521.43,0.0,17171.5,,,,,0.0,0.0,4652.6
1522.43,0.0,17171.5,,,,,0.0,0.0,4652.6
1523.43,0.0,17171.5,,,,,0.0,0.0,4652.6
1524.43,0.0,17171.5,,,,,0.0,0.0,4652.6
1525.43,0.0,17171.5,,,,,0.0,0.0,4652.6
1526.43,0.0,17171.5,,,,,0.0,0.0,4652.6
1527.43,0.0,17171.5,,,,,0.0,0.0,4652.6
1528.43,0.0,17171.5,,,,,0.0,0.0,4652.6
1529.43,0.0,17171.5,,,,,0.0,0.0,4652.6
1530.43,0.0,17171.5,,,,,0.0,0.0,4652.6
1531.43,0.0,17171.5,,,,,0.0,0.0,4652.6
1532.44,0.0,17171.5,,,,,0.0,0.0,4652.6
1533.44,0.0,17171.5,,,,,0.0,0.0,4652.6
1534.44,0.0,17171.5,,,,,0.0,0.0,4652.6
1535.44,0.0,17171.5,,,,,0.0,0.0,4652.6
1536.44,0.0,17171.5,,,,,0.0,0.0,4652.6
1537.44,0.0,17171.5,,,,,0.0,0.0,4652.6
1538.44,0.0,17171.5,,,,,0.0,0.0,4652.6
1539.44,0.0,17171.5,,,,,0.0,0.0,4652.6
1540.44,0.0,17171.5,,,,,0.0,0.0,4652.6
1541.44,0.0,17171.5,,,,,0.0,0.0,4652.6
1542.44,0.0,17171.5,,,,,0.0,0.0,4652.6
1543.44,0.0,17171.5,,,,,0.0,0.0,4652.6
1544.44,0.0,17171.5,,,,,0.0,0.0,4652.6
1545.44,0.0,17171.5,,,,,0.0,0.0,4652.6
1546.44,0.0,17171.5,,,,,0.0,0.0,4652.6
1547.45,0.0,17171.5,,,,,0.0,0.0,4652.6
1548.45,0.0,17171.5,,,,,0.0,0.0,4652.6
1549.45,0.0,17171.5,,,,,0.0,0.0,4652.6
1550.45,0.0,17171.5,,,,,0.0,0.0,4652.6
1551.45,0.0,17171.5,,,,,0.0,0.0,4652.6
1552.45,0.0,17171.5,,,,,0.0,0.0,4652.6
1553.45,0.0,17171.5,,,,,0.0,0.0,4652.6
1554.45,0.0,17171.5,,,,,0.0,0.0,4652.6
1555.45,0.0,17171.5,,,,,0.0,0.0,4652.6
1556.45,0.0,17171.5,,,,,0.0,0.0,4652.6
1557.45,0.0,17171.5,,,,,0.0,0.0,4652.6
1558.45,0.0,17171.5,,,,,0.0,0.0,4652.6
1559.45,0.0,17171.5,,,,,0.0,0.0,4652.6
1560.45,0.0,17171.5,,,,,0.0,0.0,4652.6
1561.45,0.0,17171.5,,,,,0.0,0.0,4652.6
1562.45,0.0,17171.5,,,,,0.0,0.0,4652.6
1563.45,0.0,17171.5,,,,,0.0,0.0,4652.6
1564.45,0.0,17171.5,,,,,0.0,0.0,4652.6
1565.45,0.0,17171.5,,,,,0.0,0.0,4652.6
1566.45,0.0,17171.5,,,,,0.0,0.0,4652.6
1567.45,0.0,17171.5,,,,,0.0,0.0,4652.6
1568.45,0.0,17171.5,,,,,0.0,0.0,4652.6
1569.45,0.0,17171.5,,,,,0.0,0.0,4652.6
1570.45,0.0,17171.5,,,,,0.0,0.0,4652.6
1571.45,0.0,17171.5,,,,,0.0,0.0,4652.6
1572.45,0.0,17171.5,,,,,0.0,0.0,4652.6
1573.45,0.0,17171.5,,,,,0.0,0.0,4652.6
1574.45,0.0,17171.5,,,,,0.0,0.0,4652.6
1575.45,0.0,17171.5,,,,,0.0,0.0,4652.6
1576.45,0.0,17171.5,,,,,0.0,0.0,4652.6
1577.45,0.0,17171.5,,,,,0.0,0.0,4652.6
1578.45,0.0,17171.5,,,,,0.0,0.0,4652.6
1579.45,0.0,17171.5,,,,,0.0,0.0,4652.6
1580.45,0.0,17171.5,,,,,0.0,0.0,4652.6
1581.45,0.0,17171.5,,,,,0.0,0.0,4652.6
1582.45,0.0,17171.5,,,,,0.0,0.0,4652.6
1583.45,0.0,17171.5,,,,,0.0,0.0,4652.6
1584.45,0.0,17171.5,,,,,0.0,0.0,4652.6
1585.45,0.0,17171.5,,,,,0.0,0.0,4652.6
1586.45,0.0,17171.5,,,,,0.0,0.0,4652.6
1587.45,0.0,17171.5,,,,,0.0,0.0,4652.6
1588.45,0.0,17171.5,,,,,0.0,0.0,4652.6
1589.45,0.0,17171.5,,,,,0.0,0.0,4652.6
1590.45,0.0,17171.5,,,,,0.0,0.0,4652.6
1591.45,0.0,17171.5,,,,,0.0,0.0,4652.6
1592.45,0.0,17171.5,,,,,0.0,0.0,4652.6
1593.45,0.0,17171.5,,,,,0.0,0.0,4652.6
1594.45,0.0,17171.5,,,,,0.0,0.0,4652.6
1595.45,0.0,17171.5,,,,,0.0,0.0,4652.6
1596.45,0.0,17171.5,,,,,0.0,0.0,4652.6
1597.45,0.0,17171.5,,,,,0.0,0.0,4652.6
1598.45,0.0,17171.5,,,,,0.0,0.0,4652.6
1599.45,0.0,17171.5,,,,,0.0,0.0,4652.6
1600.45,0.0,17171.5,,,,,0.0,0.0,4652.6
1601.45,0.0,17171.5,,,,,0.0,0.0,4652.6
1602.45,0.0,17171.5,,,,,0.0,0.0,4652.6
1603.46,0.0,17171.5,,,,,0.0,0.0,4652.6
1604.46,0.0,17171.5,,,,,0.0,0.0,4652.6
1605.46,0.0,17171.5,,,,,0.0,0.0,4652.6
1606.46,0.0,17171.5,,,,,0.0,0.0,4652.6
1607.46,0.0,17171.5,,,,,0.0,0.0,4652.6
1608.46,0.0,17171.5,,,,,0.0,0.0,4652.6
1609.46,0.0,17171.5,,,,,0.0,0.0,4652.6
1610.46,0.0,17171.5,,,,,0.0,0.0,4652.6
1611.46,0.0,17171.5,,,,,0.0,0.0,4652.6
1612.46,0.0,17171.5,,,,,0.0,0.0,4652.6
1613.46,0.0,17171.5,,,,,0.0,0.0,4652.6
1614.46,0.0,17171.5,,,,,0.0,0.0,4652.6
1615.46,0.0,17171.5,,,,,0.0,0.0,4652.6
1616.46,0.0,17171.5,,,,,0.0,0.0,4652.6
1617.46,0.0,17171.5,,,,,0.0,0.0,4652.6
1618.46,0.0,17171.5,,,,,0.0,0.0,4652.6
1619.46,0.0,17171.5,,,,,0.0,0.0,4652.6
1620.46,0.0,17171.5,,,,,0.0,0.0,4652.6
1621.46,0.0,17171.5,,,,,0.0,0.0,4652.6
1622.46,0.0,17171.5,,,,,0.0,0.0,4652.6
1623.46,0.0,17171.5,,,,,0.0,0.0,4652.6
1624.46,0.0,17171.5,,,,,0.0,0.0,4652.6
1625.46,0.0,17171.5,,,,,0.0,0.0,4652.6
1626.46,0.0,17171.5,,,,,0.0,0.0,4652.6
1627.46,0.0,17171.5,,,,,0.0,0.0,4652.6
1628.46,0.0,17171.5,,,,,0.0,0.0,4652.6
1629.46,0.0,17171.5,,,,,0.0,0.0,4652.6
1630.46,0.0,17171.5,,,,,0.0,0.0,4652.6
1631.46,0.0,17171.5,,,,,0.0,0.0,4652.6
1632.46,0.0,17171.5,,,,,0.0,0.0,4652.6
1633.46,0.0,17171.5,,,,,0.0,0.0,4652.6
1634.46,0.0,17171.5,,,,,0.0,0.0,4652.6
1635.46,0.0,17171.5,,,,,0.0,0.0,4652.6
1636.46,0.0,17171.5,,,,,0.0,0.0,4652.6
1637.46,0.0,17171.5,,,,,0.0,0.0,4652.6
1638.46,0.0,17171.5,,,,,0.0,0.0,4652.6
1639.46,0.0,17171.5,,,,,0.0,0.0,4652.6
1640.46,0.0,17171.5,,,,,0.0,0.0,4652.6
1641.46,0.0,17171.5,,,,,0.0,0.0,4652.6
1642.46,0.0,17171.5,,,,,0.0,0.0,4652.6
1643.46,0.0,17171.5,,,,,0.0,0.0,4652.6
1644.46,0.0,17171.5,,,,,0.0,0.0,4652.6
1645.46,0.0,17171.5,,,,,0.0,0.0,4652.6
1646.46,0.0,17171.5,,,,,0.0,0.0,4652.6
1647.46,0.0,17171.5,,,,,0.0,0.0,4652.6
1648.46,0.0,17171.5,,,,,0.0,0.0,4652.6
1649.46,0.0,17171.5,,,,,0.0,0.0,4652.6
1650.46,0.0,17171.5,,,,,0.0,0.0,4652.6
1651.46,0.0,17171.5,,,,,0.0,0.0,4652.6
1652.46,0.0,17171.5,,,,,0.0,0.0,4652.6
1653.46,0.0,17171.5,,,,,0.0,0.0,4652.6
1654.46,0.0,17171.5,,,,,0.0,0.0,4652.6
1655.46,0.0,17171.5,,,,,0.0,0.0,4652.6
1656.46,0.0,17171.5,,,,,0.0,0.0,4652.6
1657.46,0.0,17171.5,,,,,0.0,0.0,4652.6
1658.46,0.0,17171.5,,,,,0.0,0.0,4652.6
1659.46,0.0,17171.5,,,,,0.0,0.0,4652.6
1660.46,0.0,17171.5,,,,,0.0,0.0,4652.6
1661.46,0.0,17171.5,,,,,0.0,0.0,4652.6
1662.46,0.0,17171.5,,,,,0.0,0.0,4652.6
1663.46,0.0,17171.5,,,,,0.0,0.0,4652.6
1664.46,0.0,17171.5,,,,,0.0,0.0,4652.6
1665.46,0.0,17171.5,,,,,0.0,0.0,4652.6
1666.46,0.0,17171.5,,,,,0.0,0.0,4652.6
1667.47,0.0,17171.5,,,,,0.0,0.0,4652.6
1668.47,0.0,17171.5,,,,,0.0,0.0,4652.6
1669.47,0.0,17171.5,,,,,0.0,0.0,4652.6
1670.47,0.0,17171.5,,,,,0.0,0.0,4652.6
1671.47,0.0,17171.5,,,,,0.0,0.0,4652.6
1672.47,0.0,17171.5,,,,,0.0,0.0,4514.9
1673.47,0.0,17171.5,,,,,0.0,0.0,4514.9
1674.47,0.0,17171.5,,,,,0.0,0.0,4514.9
1675.47,0.0,17171.5,,,,,0.0,0.0,4514.9
1676.47,0.0,17171.5,,,,,0.0,0.0,4514.9
1677.47,0.0,17171.5,,,,,0.0,0.0,4514.9
1678.47,0.0,17171.5,,,,,0.0,0.0,4514.9
1679.47,0.0,17171.5,,,,,0.0,0.0,4514.9
1680.47,0.0,17171.5,,,,,0.0,0.0,4514.9
1681.47,0.0,17171.5,,,,,0.0,0.0,4514.9
1682.47,0.0,17171.5,,,,,0.0,0.0,4514.9
1683.47,0.0,17171.5,,,,,0.0,0.0,4514.9
1684.47,0.0,17171.5,,,,,0.0,0.0,4514.9
1685.47,0.0,17171.5,,,,,0.0,0.0,4514.9
1686.47,0.0,17171.5,,,,,0.0,0.0,4514.9
1687.47,0.0,17171.5,,,,,0.0,0.0,4514.9
1688.47,0.0,17171.5,,,,,0.0,0.0,4514.9
1689.47,0.0,17171.5,,,,,0.0,0.0,4514.9
1690.47,0.0,17171.5,,,,,0.0,0.0,4514.9
1691.47,0.0,17171.5,,,,,0.0,0.0,4514.9
1692.47,0.0,17171.5,,,,,0.0,0.0,4514.9
1693.47,0.0,17171.5,,,,,0.0,0.0,4514.9
1694.47,0.0,17171.5,,,,,0.0,0.0,4514.9
1695.47,0.0,17171.5,,,,,0.0,0.0,4514.9
1696.47,0.0,17171.5,,,,,0.0,0.0,4514.9
1697.47,0.0,17171.5,,,,,0.0,0.0,4514.9
1698.47,0.0,17171.5,,,,,0.0,0.0,4514.9
1699.47,0.0,17171.5,,,,,0.0,0.0,4514.9
1700.47,0.0,17171.5,,,,,0.0,0.0,4514.9
1701.47,0.0,17171.5,,,,,0.0,0.0,4514.9
1702.47,0.0,17171.5,,,,,0.0,0.0,4514.9
1703.47,0.0,17171.5,,,,,0.0,0.0,4514.9
1704.47,0.0,17171.5,,,,,0.0,0.0,4514.9
1705.47,0.0,17171.5,,,,,0.0,0.0,4514.9
1706.47,0.0,17171.5,,,,,0.0,0.0,4514.9
1707.47,0.0,17171.5,,,,,0.0,0.0,4514.9
1708.47,0.0,17171.5,,,,,0.0,0.0,4514.9
1709.47,0.0,17171.5,,,,,0.0,0.0,4514.9
1710.47,0.0,17171.5,,,,,0.0,0.0,4514.9
1711.47,0.0,17171.5,,,,,0.0,0.0,4514.9
1712.47,0.0,17171.5,,,,,0.0,0.0,4514.9
1713.47,0.0,17171.5,,,,,0.0,0.0,4514.9
1714.47,0.0,17171.5,,,,,0.0,0.0,4514.9
1715.47,0.0,17171.5,,,,,0.0,0.0,4514.9
1716.47,0.0,17171.5,,,,,0.0,0.0,4514.9
1717.47,0.0,17171.5,,,,,0.0,0.0,4514.9
1718.47,0.0,17171.5,,,,,0.0,0.0,4514.9
1719.47,0.0,17171.5,,,,,0.0,0.0,4514.9
1720.47,0.0,17171.5,,,,,0.0,0.0,4514.9
1721.47,0.0,17171.5,,,,,0.0,0.0,4514.9
1722.47,0.0,17171.5,,,,,0.0,0.0,4514.9
1723.47,0.0,17171.5,,,,,0.0,0.0,4514.9
1724.47,0.0,17171.5,,,,,0.0,0.0,4514.9
1725.47,0.0,17171.5,,,,,0.0,0.0,4514.9
1726.47,0.0,17171.5,,,,,0.0,0.0,4514.9
1727.48,0.0,17171.5,,,,,0.0,0.0,4514.9
1728.48,0.0,17171.5,,,,,0.0,0.0,4514.9
1729.48,0.0,17171.5,,,,,0.0,0.0,4465.3
1730.48,0.0,17171.5,,,,,0.0,0.0,4386.2
1731.48,0.0,17171.5,,,,,0.0,0.0,4386.2
1732.48,0.0,17171.5,,,,,0.0,0.0,4386.2
1733.48,0.0,17171.5,,,,,0.0,0.0,4386.2
1734.48,0.0,17171.5,,,,,0.0,0.0,4386.2
1735.48,0.0,17171.5,,,,,0.0,0.0,4386.2
1736.48,0.0,17171.5,,,,,0.0,0.0,4257.1
1737.48,0.0,17171.5,,,,,0.0,0.0,4257.1
1738.48,0.0,17171.5,,,,,0.0,0.0,4257.1
1739.48,0.0,17171.5,,,,,0.0,0.0,4257.1
1740.48,0.0,17171.5,,,,,0.0,0.0,4257.1
1741.48,0.0,17171.5,,,,,0.0,0.0,4257.1
1742.48,0.0,17171.5,,,,,0.0,0.0,4011.7
1743.48,0.0,17171.5,,,,,0.0,0.0,3870.8
1744.48,0.0,17171.5,,,,,0.0,0.0,3724.4
1745.48,0.0,17171.5,,,,,0.0,0.0,3701.4
1746.48,0.0,17171.5,,,,,0.0,0.0,3701.4
1747.48,0.0,17171.5,,,,,0.0,0.0,3701.4
1748.48,0.0,17171.5,,,,,0.0,0.0,3701.4
1749.48,0.0,17171.5,,,,,0.0,0.0,3676.9
1750.48,0.0,17171.5,,,,,0.0,0.0,3569.3
1751.48,0.0,17171.5,,,,,0.0,0.0,3569.3
1752.48,0.0,17171.5,,,,,0.0,0.0,3569.3
1753.48,0.0,17171.5,,,,,0.0,0.0,3569.3
1754.48,0.0,17171.5,,,,,0.0,0.0,3569.3
1755.48,0.0,17171.5,,,,,0.0,0.0,3569.3
1756.48,0.0,17171.5,,,,,0.0,0.0,3569.3
1757.48,0.0,17171.5,,,,,0.0,0.0,3569.3
1758.48,0.0,17171.5,,,,,0.0,0.0,3569.3
1759.48,0.0,17171.5,,,,,0.0,0.0,3569.3
1760.48,0.0,17171.5,,,,,0.0,0.0,3569.3
1761.48,0.0,17171.5,,,,,0.0,0.0,3569.3
1762.48,0.0,17171.5,,,,,0.0,0.0,3569.3
1763.48,0.0,17171.5,,,,,0.0,0.0,3569.3
1764.48,0.0,17171.5,,,,,0.0,0.0,3569.3
1765.48,0.0,17171.5,,,,,0.0,0.0,3569.3
1766.48,0.0,17171.5,,,,,0.0,0.0,3569.3
1767.48,0.0,17171.5,,,,,0.0,0.0,3569.3
1768.48,0.0,17171.5,,,,,0.0,0.0,3569.3
1769.48,0.0,17171.5,,,,,0.0,0.0,3569.3
1770.48,0.0,17171.5,,,,,0.0,0.0,3569.3
1771.48,0.0,17171.5,,,,,0.0,0.0,3569.3
1772.48,0.0,17171.5,,,,,0.0,0.0,3569.3
1773.48,0.0,17171.5,,,,,0.0,0.0,3569.3
1774.48,0.0,17171.5,,,,,0.0,0.0,3569.3
1775.49,0.0,17171.5,,,,,0.0,0.0,3569.3
1776.49,0.0,17171.5,,,,,0.0,0.0,3569.3
1777.49,0.0,17171.5,,,,,0.0,0.0,3569.3
1778.49,0.0,17171.5,,,,,0.0,0.0,3569.3
1779.49,0.0,17171.5,,,,,0.0,0.0,3569.3
1780.49,0.0,17171.5,,,,,0.0,0.0,3569.3
1781.49,0.0,17171.5,,,,,0.0,0.0,3569.3
1782.49,0.0,17171.5,,,,,0.0,0.0,3569.3
1783.49,0.0,17171.5,,,,,0.0,0.0,3569.3
1784.49,0.0,17171.5,,,,,0.0,0.0,3569.3
1785.49,0.0,17171.5,,,,,0.0,0.0,3569.3
1786.49,0.0,17171.5,,,,,0.0,0.0,3569.3
1787.49,0.0,17171.5,,,,,0.0,0.0,3569.3
1788.49,0.0,17171.5,,,,,0.0,0.0,3569.3
1789.49,0.0,17171.5,,,,,0.0,0.0,3569.3
1790.49,0.0,17171.5,,,,,0.0,0.0,3569.3
1791.49,0.0,17171.5,,,,,0.0,0.0,3569.3
1792.49,0.0,17171.5,,,,,0.0,0.0,3569.3
1793.49,0.0,17171.5,,,,,0.0,0.0,3569.3
1794.49,0.0,17171.5,,,,,0.0,0.0,3569.3
1795.49,0.0,17171.5,,,,,0.0,0.0,3569.3
1796.49,0.0,17171.5,,,,,0.0,0.0,3569.3
1797.49,0.0,17171.5,,,,,0.0,0.0,3569.3
1798.49,0.0,17171.5,,,,,0.0,0.0,3569.3
1799.49,0.0,17171.5,,,,,0.0,0.0,3569.3
1800.49,0.0,17171.5,,,,,0.0,0.0,3569.3
1801.49,0.0,17171.5,,,,,0.0,0.0,3569.3
1802.49,0.0,17171.5,,,,,0.0,0.0,3569.3
1803.49,0.0,17171.5,,,,,0.0,0.0,3569.3
1804.49,0.0,17171.5,,,,,0.0,0.0,3569.3
1805.49,0.0,17171.5,,,,,0.0,0.0,3569.3
1806.49,0.0,17171.5,,,,,0.0,0.0,3569.3
1807.49,0.0,17171.5,,,,,0.0,0.0,3569.3
1808.49,0.0,17171.5,,,,,0.0,0.0,3569.3
1809.49,0.0,17171.5,,,,,0.0,0.0,3569.3
1810.49,0.0,17171.5,,,,,0.0,0.0,3569.3
1811.49,0.0,17171.5,,,,,0.0,0.0,3569.3
1812.49,0.0,17171.5,,,,,0.0,0.0,3569.3
1813.49,0.0,17171.5,,,,,0.0,0.0,3569.3
1814.49,0.0,17171.5,,,,,0.0,0.0,3569.3
1815.49,0.0,17171.5,,,,,0.0,0.0,3569.3
1816.49,0.0,17171.5,,,,,0.0,0.0,3569.3
1817.49,0.0,17171.5,,,,,0.0,0.0,3569.3
1818.49,0.0,17171.5,,,,,0.0,0.0,3569.3
1819.49,0.0,17171.5,,,,,0.0,0.0,3569.3
1820.49,0.0,17171.5,,,,,0.0,0.0,3569.3
1821.49,0.0,17171.5,,,,,0.0,0.0,3569.3
1822.49,0.0,17171.5,,,,,0.0,0.0,3569.3
1823.49,0.0,17171.5,,,,,0.0,0.0,3569.3
1824.49,0.0,17171.5,,,,,0.0,0.0,3569.3
1825.49,0.0,17171.5,,,,,0.0,0.0,3569.3
1826.49,0.0,17171.5,,,,,0.0,0.0,3569.3
1827.49,0.0,17171.5,,,,,0.0,0.0,3569.3
1828.49,0.0,17171.5,,,,,0.0,0.0,3569.3
1829.49,0.0,17171.5,,,,,0.0,0.0,3569.3
1830.49,0.0,17171.5,,,,,0.0,0.0,3569.3
1831.49,0.0,17171.5,,,,,0.0,0.0,3569.3
1832.49,0.0,17171.5,,,,,0.0,0.0,3569.3
1833.49,0.0,17171.5,,,,,0.0,0.0,3569.3
1834.49,0.0,17171.5,,,,,0.0,0.0,3569.3
1835.5,0.0,17171.5,,,,,0.0,0.0,3569.3
1836.5,0.0,17171.5,,,,,0.0,0.0,3569.3
1837.5,0.0,17171.5,,,,,0.0,0.0,3569.3
1838.5,0.0,17171.5,,,,,0.0,0.0,3569.3
1839.5,0.0,17171.5,,,,,0.0,0.0,3569.3
1840.5,0.0,17171.5,,,,,0.0,0.0,3569.3
1841.5,0.0,17171.5,,,,,0.0,0.0,3569.3
1842.5,0.0,17171.5,,,,,0.0,0.0,3569.3
1843.5,0.0,17171.5,,,,,0.0,0.0,3569.3
1844.5,0.0,17171.5,,,,,0.0,0.0,3569.3
1845.5,0.0,17171.5,,,,,0.0,0.0,3569.3
1846.5,0.0,17171.5,,,,,0.0,0.0,3569.3
1847.5,0.0,17171.5,,,,,0.0,0.0,3569.3
1848.5,0.0,17171.5,,,,,0.0,0.0,3569.3
1849.5,0.0,17171.5,,,,,0.0,0.0,3569.3
1850.5,0.0,17171.5,,,,,0.0,0.0,3569.3
1851.5,0.0,17171.5,,,,,0.0,0.0,3569.3
1852.5,0.0,17171.5,,,,,0.0,0.0,3569.3
1853.5,0.0,17171.5,,,,,0.0,0.0,3569.3
1854.5,0.0,17171.5,,,,,0.0,0.0,3569.3
1855.5,0.0,17171.5,,,,,0.0,0.0,3569.3
1856.5,0.0,17171.5,,,,,0.0,0.0,3569.3
1857.5,0.0,17171.5,,,,,0.0,0.0,3569.3
1858.5,0.0,17171.5,,,,,0.0,0.0,3569.3
1859.5,0.0,17171.5,,,,,0.0,0.0,3569.3
1860.5,0.0,17171.5,,,,,0.0,0.0,3569.3
1861.5,0.0,17171.5,,,,,0.0,0.0,3569.3
1862.5,0.0,17171.5,,,,,0.0,0.0,3569.3
1863.5,0.0,17171.5,,,,,0.0,0.0,3569.3
1864.5,0.0,17171.5,,,,,0.0,0.0,3569.3
1865.5,0.0,17171.5,,,,,0.0,0.0,3569.3
1866.5,0.0,17171.5,,,,,0.0,0.0,3569.3
1867.5,0.0,17171.5,,,,,0.0,0.0,3569.3
1868.5,0.0,17171.5,,,,,0.0,0.0,3569.3
1869.5,0.0,17171.5,,,,,0.0,0.0,3569.3
1870.5,0.0,17171.5,,,,,0.0,0.0,3569.3
1871.5,0.0,17171.5,,,,,0.0,0.0,3569.3
1872.5,0.0,17171.5,,,,,0.0,0.0,3569.3
1873.5,0.0,17171.5,,,,,0.0,0.0,3569.3
1874.5,0.0,17171.5,,,,,0.0,0.0,3569.3
1875.5,0.0,17171.5,,,,,0.0,0.0,3569.3
1876.5,0.0,17171.5,,,,,0.0,0.0,3569.3
1877.5,0.0,17171.5,,,,,0.0,0.0,3569.3
1878.5,0.0,17171.5,,,,,0.0,0.0,3569.3
1879.5,0.0,17171.5,,,,,0.0,0.0,3569.3
1880.51,0.0,17171.5,,,,,0.0,0.0,3569.3
1881.51,0.0,17171.5,,,,,0.0,0.0,3569.3
1882.51,0.0,17171.5,,,,,0.0,0.0,3569.3
1883.51,0.0,17171.5,,,,,0.0,0.0,3569.3
1884.51,0.0,17171.5,,,,,0.0,0.0,3569.3
1885.51,0.0,17171.5,,,,,0.0,0.0,3569.3
1886.51,0.0,17171.5,,,,,0.0,0.0,3569.3
1887.51,0.0,17171.5,,,,,0.0,0.0,3569.3
1888.51,0.0,17171.5,,,,,0.0,0.0,3569.3
1889.51,0.0,17171.5,,,,,0.0,0.0,3569.3
1890.51,0.0,17171.5,,,,,0.0,0.0,3569.3
1891.51,0.0,17171.5,,,,,0.0,0.0,3569.3
1892.51,0.0,17171.5,,,,,0.0,0.0,3569.3
1893.51,0.0,17171.5,,,,,0.0,0.0,3569.3
1894.51,0.0,17171.5,,,,,0.0,0.0,3569.3
1895.51,0.0,17171.5,,,,,0.0,0.0,3569.3
1896.51,0.0,17171.5,,,,,0.0,0.0,3569.3
1897.51,0.0,17171.5,,,,,0.0,0.0,3569.3
1898.51,0.0,17171.5,,,,,0.0,0.0,3587.0
1899.51,0.0,17171.5,,,,,0.0,0.0,3729.1
1900.51,0.0,17171.5,,,,,0.0,0.0,3788.5
1901.51,0.0,17171.5,,,,,0.0,0.0,3848.4
1902.51,0.0,17171.5,,,,,0.0,0.0,4076.0
1903.51,0.0,17171.5,,,,,0.0,0.0,5057.1
1904.51,0.0,17171.5,,,,,0.0,0.0,6155.8
1905.51,0.0,17171.5,,,,,0.0,0.0,6826.0
1906.51,0.0,17171.5,,,,,0.0,0.0,7374.4
1907.51,0.0,17171.5,,,,,0.0,0.0,8088.1
1908.51,0.0,18009.9,,,,,0.0,0.0,9315.2
1909.51,0.0,18068.3,,,,,0.0,0.0,10042.7
1910.51,0.0,18102.2,,,,,0.0,0.0,10524.9
1911.51,0.0,18198.4,,,,,0.0,0.0,10792.8
1912.51,0.0,18347.0,,,,,0.0,0.0,10324.9
1913.51,0.0,19185.4,,,,,0.0,0.0,10478.7
1914.51,0.0,19277.7,,,,,0.0,0.0,10523.5
1915.51,0.0,19347.1,,,,,0.0,0.0,10595.5
1916.51,0.0,19628.1,,,,,0.0,0.0,10000.4
1917.51,0.0,19628.1,,,,,0.0,0.0,10233.3
1918.51,0.0,19628.1,,,,,0.0,0.0,10278.6
1919.51,0.0,19628.1,,,,,0.0,0.0,10347.6
1920.51,0.0,19759.7,,,,,0.0,0.0,10460.1
1921.52,66.25,19760.5,,,,,66.25,66.25,10508.3
1922.52,0.31,19762.4,,,,,0.3,0.31,10521.2
1923.52,0.0,19762.4,,,,,0.0,0.0,10526.7
1924.52,0.0,19762.4,,,,,0.0,0.0,10527.0
1925.52,0.0,19762.4,,,,,0.0,0.0,10527.1
1926.52,0.0,19762.4,,,,,0.0,0.0,10527.1
1927.52,0.0,19762.4,,,,,0.0,0.0,10527.1
1928.52,0.0,19762.4,,,,,0.0,0.0,10527.1
1929.52,0.0,19762.4,,,,,0.0,0.0,10527.1
1930.52,0.0,19762.4,,,,,0.0,0.0,10527.1
1931.52,0.0,19762.4,,,,,0.0,0.0,10527.1
1932.52,0.0,19762.4,,,,,0.0,0.0,10527.1
1933.52,0.0,19762.4,,,,,0.0,0.0,10527.1
1934.52,0.0,19762.4,,,,,0.0,0.0,10527.1
1935.52,0.0,19762.4,,,,,0.0,0.0,10527.1
1936.52,0.0,19762.4,,,,,0.0,0.0,10527.1
1937.52,0.0,19762.4,,,,,0.0,0.0,10527.1
1938.52,0.0,19762.4,,,,,0.0,0.0,10527.1
1939.52,0.0,19762.4,,,,,0.0,0.0,10527.1
1940.52,0.0,19762.4,,,,,0.0,0.0,10527.1
1941.53,0.0,19762.4,,,,,0.0,0.0,10527.1
1942.53,0.0,19762.4,,,,,0.0,0.0,10527.1
1943.53,0.0,19762.4,,,,,0.0,0.0,10527.1
1944.53,0.0,19762.4,,,,,0.0,0.0,10527.1
1945.53,0.0,19762.4,,,,,0.0,0.0,10527.1
1946.53,0.0,19762.4,,,,,0.0,0.0,10527.1
1947.53,0.0,19762.4,,,,,0.0,0.0,10527.1
1948.53,0.0,19762.4,,,,,0.0,0.0,10527.1
1949.53,0.0,19762.4,,,,,0.0,0.0,10527.1
1950.53,0.0,19762.4,,,,,0.0,0.0,10527.1
1951.53,0.0,19762.4,,,,,0.0,0.0,10527.1
1952.53,0.0,19762.4,,,,,0.0,0.0,10527.1
1953.53,0.0,19762.4,,,,,0.0,0.0,10527.1
1954.53,0.0,19762.4,,,,,0.0,0.0,10527.1
1955.53,0.0,19762.4,,,,,0.0,0.0,10527.1
1956.53,0.0,19762.4,,,,,0.0,0.0,10527.1
1957.53,0.0,19762.4,,,,,0.0,0.0,10527.1
1958.53,0.0,19762.4,,,,,0.0,0.0,10527.1
1959.53,0.0,19762.4,,,,,0.0,0.0,10527.1
1960.53,0.0,19762.4,,,,,0.0,0.0,10527.1
1961.53,0.0,19762.4,,,,,0.0,0.0,10527.1
1962.53,0.0,19762.4,,,,,0.0,0.0,10527.1
1963.53,0.0,19762.4,,,,,0.0,0.0,10527.1
1964.53,0.0,19762.4,,,,,0.0,0.0,10527.1
1965.53,0.0,19762.4,,,,,0.0,0.0,10527.1
1966.53,0.0,19762.4,,,,,0.0,0.0,10527.1
1967.53,0.0,19762.4,,,,,0.0,0.0,10527.1
1968.53,0.0,19762.4,,,,,0.0,0.0,10527.1
1969.53,0.0,19762.4,,,,,0.0,0.0,10527.1
1970.53,0.0,19762.4,,,,,0.0,0.0,10527.1
1971.53,0.0,19762.4,,,,,0.0,0.0,10527.1
1972.53,0.0,19762.4,,,,,0.0,0.0,10527.1
1973.53,0.0,19762.4,,,,,0.0,0.0,10527.1
1974.53,0.0,19762.4,,,,,0.0,0.0,10527.1
1975.53,0.0,19762.4,,,,,0.0,0.0,10527.1
1976.54,0.0,19762.4,,,,,0.0,0.0,10527.1
1977.54,0.0,19762.4,,,,,0.0,0.0,10527.1
1978.54,0.0,19762.4,,,,,0.0,0.0,10527.1
1979.54,0.0,19762.4,,,,,0.0,0.0,10527.1
1980.54,0.0,19762.4,,,,,0.0,0.0,10527.1
1981.54,0.0,19762.4,,,,,0.0,0.0,10527.1
1982.54,0.0,19762.4,,,,,0.0,0.0,10527.1
1983.54,0.0,19762.4,,,,,0.0,0.0,10527.1
1984.54,0.0,19762.4,,,,,0.0,0.0,10527.1
1985.54,0.0,19762.4,,,,,0.0,0.0,10527.1
1986.54,0.0,19762.4,,,,,0.0,0.0,10527.1
1987.54,0.0,19762.4,,,,,0.0,0.0,10527.1
1988.54,0.0,19762.4,,,,,0.0,0.0,10527.1
1989.54,0.0,19762.4,,,,,0.0,0.0,10527.1
1990.54,0.0,19762.4,,,,,0.0,0.0,10527.1
1991.54,0.0,19762.4,,,,,0.0,0.0,10527.1
1992.54,0.0,19762.4,,,,,0.0,0.0,10527.1
1993.54,0.0,19762.4,,,,,0.0,0.0,10527.1
1994.54,0.0,19762.4,,,,,0.0,0.0,10527.1
1995.54,0.0,19762.4,,,,,0.0,0.0,10527.1
1996.54,0.0,19762.4,,,,,0.0,0.0,10527.1
1997.54,0.0,19762.4,,,,,0.0,0.0,10527.1
1998.54,0.0,19762.4,,,,,0.0,0.0,10527.1
1999.54,0.0,19762.4,,,,,0.0,0.0,10527.1
2000.54,0.0,19762.4,,,,,0.0,0.0,10527.1
2001.54,0.0,19762.4,,,,,0.0,0.0,10527.1
2002.54,0.0,19762.4,,,,,0.0,0.0,10527.1
2003.54,0.0,19762.4,,,,,0.0,0.0,10527.1
2004.54,0.0,19762.4,,,,,0.0,0.0,10527.1
2005.54,0.0,19762.4,,,,,0.0,0.0,10527.1
2006.54,0.0,19762.4,,,,,0.0,0.0,10527.1
2007.54,0.0,19762.4,,,,,0.0,0.0,10527.1
2008.54,0.0,19762.4,,,,,0.0,0.0,10527.1
2009.54,0.0,19762.4,,,,,0.0,0.0,10527.1
2010.54,0.0,19762.4,,,,,0.0,0.0,10527.1
2011.54,0.0,19762.4,,,,,0.0,0.0,10527.1
2012.54,0.0,19762.4,,,,,0.0,0.0,10527.1
2013.54,0.0,19762.4,,,,,0.0,0.0,10527.1
2014.54,0.0,19762.4,,,,,0.0,0.0,10527.1
2015.54,0.0,19762.4,,,,,0.0,0.0,10527.1
2016.55,0.0,19762.4,,,,,0.0,0.0,10527.1
2017.55,0.0,19762.4,,,,,0.0,0.0,10527.1
2018.55,0.0,19762.4,,,,,0.0,0.0,10527.1
2019.55,0.0,19762.4,,,,,0.0,0.0,10527.1
2020.55,0.0,19762.4,,,,,0.0,0.0,10527.1
2021.55,0.0,19762.4,,,,,0.0,0.0,10527.2
2022.55,0.0,19783.2,,,,,0.0,0.0,10541.8
2023.55,0.0,19837.7,,,,,0.0,0.0,10558.1
2024.55,29.5,19874.2,,,,,29.5,29.5,10570.2
2025.55,0.0,19874.2,,,,,0.0,0.0,10570.2
2026.55,0.0,19874.2,,,,,0.0,0.0,10593.0
2027.55,0.0,19874.2,,,,,0.0,0.0,10593.0
2028.55,0.0,19874.2,,,,,0.0,0.0,10593.0
2029.55,0.0,19874.2,,,,,0.0,0.0,10593.0
2030.55,0.0,19874.2,,,,,0.0,0.0,10593.0
2031.55,0.0,19874.2,,,,,0.0,0.0,10593.0
2032.55,0.0,19874.2,,,,,0.0,0.0,10593.0
2033.55,0.0,19874.2,,,,,0.0,0.0,10593.0
2034.55,0.0,19874.2,,,,,0.0,0.0,10593.0
2035.55,0.0,19874.2,,,,,0.0,0.0,10593.0
2036.55,0.0,19874.2,,,,,0.0,0.0,10593.0
2037.55,0.0,19874.2,,,,,0.0,0.0,10593.0
2038.55,0.0,19874.2,,,,,0.0,0.0,10593.0
2039.55,0.0,19874.2,,,,,0.0,0.0,10593.0
2040.55,0.0,19874.2,,,,,0.0,0.0,10593.0
2041.56,0.0,19874.2,,,,,0.0,0.0,10593.0
2042.56,0.0,19874.2,,,,,0.0,0.0,10593.0
2043.56,0.0,19874.2,,,,,0.0,0.0,10593.0
2044.56,0.0,19874.2,,,,,0.0,0.0,10593.0
2045.56,0.0,19874.2,,,,,0.0,0.0,10593.0
2046.56,0.0,19874.2,,,,,0.0,0.0,10593.0
2047.56,0.0,19874.2,,,,,0.0,0.0,10593.0
2048.56,0.0,19874.2,,,,,0.0,0.0,10593.0
2049.56,0.0,19874.2,,,,,0.0,0.0,10593.0
2050.56,0.0,19874.2,,,,,0.0,0.0,10593.0
2051.56,0.0,19874.2,,,,,0.0,0.0,10593.0
2052.56,0.0,19874.2,,,,,0.0,0.0,10593.0
2053.56,0.0,19874.2,,,,,0.0,0.0,10593.0
2054.56,0.0,19874.2,,,,,0.0,0.0,10593.0
2055.56,0.0,19874.2,,,,,0.0,0.0,10593.0
2056.56,0.0,19874.2,,,,,0.0,0.0,10593.0
2057.56,0.0,19874.2,,,,,0.0,0.0,10593.0
2058.56,0.0,19874.2,,,,,0.0,0.0,10593.0
2059.56,0.0,19874.2,,,,,0.0,0.0,10593.0
2060.56,0.0,19874.2,,,,,0.0,0.0,10593.0
2061.56,0.0,19874.2,,,,,0.0,0.0,10593.0
2062.56,0.0,19874.2,,,,,0.0,0.0,10593.0
2063.56,0.0,19874.2,,,,,0.0,0.0,10593.0
2064.56,0.0,19874.2,,,,,0.0,0.0,10593.0
2065.56,0.0,19874.2,,,,,0.0,0.0,10593.0
2066.56,0.0,19874.2,,,,,0.0,0.0,10593.0
2067.56,0.0,19874.2,,,,,0.0,0.0,10593.0
2068.56,0.0,19874.2,,,,,0.0,0.0,10593.0
2069.57,0.0,19874.2,,,,,0.0,0.0,10593.0
2070.57,0.0,19874.2,,,,,0.0,0.0,10593.0
2071.57,0.0,19874.2,,,,,0.0,0.0,10593.0
2072.57,0.0,19874.2,,,,,0.0,0.0,10593.0
2073.57,0.0,19874.2,,,,,0.0,0.0,10593.0
2074.57,0.0,19874.2,,,,,0.0,0.0,10593.0
2075.57,0.0,19874.2,,,,,0.0,0.0,10593.0
2076.57,0.0,19874.2,,,,,0.0,0.0,10593.0
2077.57,0.0,19874.2,,,,,0.0,0.0,10593.0
2078.57,0.0,19874.2,,,,,0.0,0.0,10593.0
2079.57,0.0,19874.2,,,,,0.0,0.0,10593.0
2080.57,0.0,19874.2,,,,,0.0,0.0,10593.0
2081.57,0.0,19874.2,,,,,0.0,0.0,10593.0
2082.57,0.0,19874.2,,,,,0.0,0.0,10593.0
2083.58,0.0,19874.2,,,,,0.0,0.0,10593.0
2084.58,0.0,19874.2,,,,,0.0,0.0,10593.0
2085.58,0.0,19874.2,,,,,0.0,0.0,10593.0
2086.58,0.0,19874.2,,,,,0.0,0.0,10593.0
2087.58,0.0,19874.2,,,,,0.0,0.0,10593.0
2088.58,0.0,19874.2,,,,,0.0,0.0,10593.0
2089.58,0.0,19874.2,,,,,0.0,0.0,10593.0
2090.58,0.0,19874.2,,,,,0.0,0.0,10593.0
2091.58,0.0,19874.2,,,,,0.0,0.0,10593.0
2092.58,0.0,19874.2,,,,,0.0,0.0,10593.0
2093.58,0.0,19874.2,,,,,0.0,0.0,10593.0
2094.58,0.0,19874.2,,,,,0.0,0.0,10593.0
2095.58,0.0,19874.2,,,,,0.0,0.0,10593.0
2096.58,0.0,19874.2,,,,,0.0,0.0,10593.0
2097.58,0.0,19874.2,,,,,0.0,0.0,10593.0
2098.58,0.0,19874.2,,,,,0.0,0.0,10593.0
2099.58,0.0,19874.2,,,,,0.0,0.0,10593.0
2100.58,0.0,19874.2,,,,,0.0,0.0,10593.0
2101.58,0.0,19874.2,,,,,0.0,0.0,10593.0
2102.58,0.0,19874.2,,,,,0.0,0.0,10593.0
2103.58,0.0,19874.2,,,,,0.0,0.0,10593.0
2104.58,0.0,19874.2,,,,,0.0,0.0,10593.0
2105.58,0.0,19874.2,,,,,0.0,0.0,10593.0
2106.58,0.0,19874.2,,,,,0.0,0.0,10593.0
2107.58,0.0,19874.2,,,,,0.0,0.0,10593.0
2108.58,0.0,19874.2,,,,,0.0,0.0,10593.0
2109.58,0.0,19874.2,,,,,0.0,0.0,10593.0
2110.58,0.0,19874.2,,,,,0.0,0.0,10593.0
2111.58,0.0,19874.2,,,,,0.0,0.0,10593.0
2112.58,0.0,19874.2,,,,,0.0,0.0,10593.0
2113.58,0.0,19874.2,,,,,0.0,0.0,10593.0
2114.58,0.0,19874.2,,,,,0.0,0.0,10593.0
2115.58,0.0,19874.2,,,,,0.0,0.0,10593.0
2116.58,0.0,19874.2,,,,,0.0,0.0,10593.0
2117.58,0.0,19874.2,,,,,0.0,0.0,10593.0
2118.58,0.0,19874.2,,,,,0.0,0.0,10593.0
2119.58,0.0,19874.2,,,,,0.0,0.0,10593.0
2120.58,0.0,19874.2,,,,,0.0,0.0,10609.7
2121.58,0.0,19912.4,,,,,0.0,0.0,10621.9
2122.58,0.0,19986.0,,,,,0.0,0.0,10887.5
2123.58,29.49,19986.0,,,,,29.49,29.49,10887.9
2124.58,0.0,19986.0,,,,,0.0,0.0,10940.6
2125.59,0.0,19986.0,,,,,0.0,0.0,10940.7
2126.59,0.0,19986.0,,,,,0.0,0.0,10940.7
2127.59,0.0,19986.0,,,,,0.0,0.0,10940.7
2128.59,0.0,19986.0,,,,,0.0,0.0,10940.7
2129.59,0.0,19986.0,,,,,0.0,0.0,10940.7
2130.59,0.0,19986.0,,,,,0.0,0.0,10940.7
2131.59,0.0,19986.0,,,,,0.0,0.0,10940.7
2132.59,0.0,19986.0,,,,,0.0,0.0,10940.7
2133.59,0.0,19986.0,,,,,0.0,0.0,10940.7
2134.59,0.0,19986.0,,,,,0.0,0.0,10940.7
2135.59,0.0,19986.0,,,,,0.0,0.0,10940.7
2136.59,0.0,19986.0,,,,,0.0,0.0,10940.7
2137.59,0.0,19986.0,,,,,0.0,0.0,10940.7
2138.59,0.0,19986.0,,,,,0.0,0.0,10940.7
2139.59,0.0,19986.0,,,,,0.0,0.0,10940.7
2140.59,0.0,19986.0,,,,,0.0,0.0,10940.7
2141.59,0.0,19986.0,,,,,0.0,0.0,10940.7
2142.59,0.0,19986.0,,,,,0.0,0.0,10940.7
2143.6,0.0,19986.0,,,,,0.0,0.0,10940.7
2144.6,0.0,19986.0,,,,,0.0,0.0,10940.7
2145.6,0.0,19986.0,,,,,0.0,0.0,10940.7
2146.6,0.0,19986.0,,,,,0.0,0.0,10940.7
2147.6,0.0,19986.0,,,,,0.0,0.0,10940.7
2148.6,0.0,19986.0,,,,,0.0,0.0,10940.7
2149.6,0.0,19986.0,,,,,0.0,0.0,10940.7
2150.6,0.0,19986.0,,,,,0.0,0.0,10940.7
2151.6,0.0,19986.0,,,,,0.0,0.0,10940.7
2152.6,0.0,19986.0,,,,,0.0,0.0,10940.7
2153.6,0.0,19986.0,,,,,0.0,0.0,10940.7
2154.6,0.0,19986.0,,,,,0.0,0.0,10940.7
2155.6,0.0,19986.0,,,,,0.0,0.0,10940.7
2156.6,0.0,19986.0,,,,,0.0,0.0,10940.7
2157.6,0.0,19986.0,,,,,0.0,0.0,10940.7
2158.6,0.0,19986.0,,,,,0.0,0.0,10940.7
2159.6,0.0,19986.0,,,,,0.0,0.0,10940.7
2160.6,0.0,19986.0,,,,,0.0,0.0,10940.7
2161.6,0.0,19986.0,,,,,0.0,0.0,10940.7
2162.6,0.0,19986.0,,,,,0.0,0.0,10940.7
2163.6,0.0,19986.0,,,,,0.0,0.0,10940.7
2164.6,0.0,19986.0,,,,,0.0,0.0,10940.7
2165.6,0.0,19986.0,,,,,0.0,0.0,10940.7
2166.6,0.0,19986.0,,,,,0.0,0.0,10940.7
2167.61,0.0,19986.0,,,,,0.0,0.0,10940.7
2168.61,0.0,19986.0,,,,,0.0,0.0,10940.7
2169.61,0.0,19986.0,,,,,0.0,0.0,10940.7
2170.61,0.0,19986.0,,,,,0.0,0.0,10940.7
2171.61,0.0,19986.0,,,,,0.0,0.0,10940.7
2172.61,0.0,19986.0,,,,,0.0,0.0,10940.7
2173.61,0.0,19986.0,,,,,0.0,0.0,10940.7
2174.61,0.0,19986.0,,,,,0.0,0.0,10940.7
2175.61,0.0,19986.0,,,,,0.0,0.0,10940.7
2176.61,0.0,19986.0,,,,,0.0,0.0,10940.7
2177.61,0.0,19986.0,,,,,0.0,0.0,10940.7
2178.61,0.0,19986.0,,,,,0.0,0.0,10940.7
2179.61,0.0,19986.0,,,,,0.0,0.0,10940.7
2180.61,0.0,19986.0,,,,,0.0,0.0,10940.7
2181.61,0.0,19986.0,,,,,0.0,0.0,10940.7
2182.61,0.0,19986.0,,,,,0.0,0.0,10940.7
2183.61,0.0,19986.0,,,,,0.0,0.0,10940.7
2184.61,0.0,19986.0,,,,,0.0,0.0,10940.7
2185.61,0.0,19986.0,,,,,0.0,0.0,10940.7
2186.61,0.0,19986.0,,,,,0.0,0.0,10940.7
2187.61,0.0,19986.0,,,,,0.0,0.0,10940.7
2188.61,0.0,19986.0,,,,,0.0,0.0,10940.7
2189.61,0.0,19986.0,,,,,0.0,0.0,10940.7
2190.61,0.0,19986.0,,,,,0.0,0.0,10940.7
2191.62,0.0,19986.0,,,,,0.0,0.0,10940.7
2192.62,0.0,19986.0,,,,,0.0,0.0,10940.7
2193.62,0.0,19986.0,,,,,0.0,0.0,10940.7
2194.62,0.0,19986.0,,,,,0.0,0.0,10940.7
2195.62,0.0,19986.0,,,,,0.0,0.0,10940.7
2196.62,0.0,19986.0,,,,,0.0,0.0,10940.7
2197.62,0.0,19986.0,,,,,0.0,0.0,10940.7
2198.62,0.0,19986.0,,,,,0.0,0.0,10940.7
2199.62,0.0,19986.0,,,,,0.0,0.0,10940.7
2200.62,0.0,19986.0,,,,,0.0,0.0,10940.7
2201.62,0.0,19986.0,,,,,0.0,0.0,10940.7
2202.62,0.0,19986.0,,,,,0.0,0.0,10940.7
2203.62,0.0,19986.0,,,,,0.0,0.0,10940.7
2204.62,0.0,19986.0,,,,,0.0,0.0,10940.7
2205.62,0.0,19986.0,,,,,0.0,0.0,10940.7
2206.62,0.0,19986.0,,,,,0.0,0.0,10940.7
2207.62,0.0,19986.0,,,,,0.0,0.0,10940.7
2208.62,0.0,19986.0,,,,,0.0,0.0,10940.7
2209.62,0.0,19986.0,,,,,0.0,0.0,10940.7
2210.62,0.0,19986.0,,,,,0.0,0.0,10940.7
2211.62,0.0,19986.0,,,,,0.0,0.0,10940.7
2212.62,0.0,19986.0,,,,,0.0,0.0,10940.7
2213.62,0.0,19986.0,,,,,0.0,0.0,10940.7
2214.62,0.0,19986.0,,,,,0.0,0.0,10940.7
2215.62,0.0,19986.0,,,,,0.0,0.0,10940.7
2216.62,0.0,19986.0,,,,,0.0,0.0,10952.5
2217.63,0.0,20040.5,,,,,0.0,0.0,11074.6
2218.63,0.0,20040.5,,,,,0.0,0.0,11074.6
2219.63,0.0,20040.5,,,,,0.0,0.0,11086.4
2220.63,0.0,20061.4,,,,,0.0,0.0,11086.8
2221.63,29.54,20097.8,,,,,29.54,29.54,11221.5
2222.63,0.0,20097.8,,,,,0.0,0.0,11221.5
2223.63,0.0,20097.8,,,,,0.0,0.0,11274.1
2224.63,0.0,20097.8,,,,,0.0,0.0,11274.1
2225.63,0.0,20097.8,,,,,0.0,0.0,11274.1
2226.63,0.0,20097.8,,,,,0.0,0.0,11274.1
2227.63,0.0,20097.8,,,,,0.0,0.0,11274.1
2228.63,0.0,20097.8,,,,,0.0,0.0,11274.1
2229.63,0.0,20097.8,,,,,0.0,0.0,11274.1
2230.63,0.0,20097.8,,,,,0.0,0.0,11274.1
2231.63,0.0,20097.8,,,,,0.0,0.0,11274.1
2232.63,0.0,20097.8,,,,,0.0,0.0,11274.1
2233.63,0.0,20097.8,,,,,0.0,0.0,11274.1
2234.63,0.0,20097.8,,,,,0.0,0.0,11274.1
2235.63,0.0,20097.8,,,,,0.0,0.0,11274.1
2236.63,0.0,20097.8,,,,,0.0,0.0,11274.1
2237.63,0.0,20097.8,,,,,0.0,0.0,11274.1
2238.63,0.0,20097.8,,,,,0.0,0.0,11274.1
2239.63,0.0,20097.8,,,,,0.0,0.0,11274.1
2240.64,0.0,20097.8,,,,,0.0,0.0,11274.1
2241.64,0.0,20097.8,,,,,0.0,0.0,11274.1
2242.64,0.0,20097.8,,,,,0.0,0.0,11274.1
2243.64,0.0,20097.8,,,,,0.0,0.0,11274.1
2244.64,0.0,20097.8,,,,,0.0,0.0,11274.1
2245.64,0.0,20097.8,,,,,0.0,0.0,11274.1
2246.64,0.0,20097.8,,,,,0.0,0.0,11274.1
2247.64,0.0,20097.8,,,,,0.0,0.0,11274.1
2248.64,0.0,20097.8,,,,,0.0,0.0,11274.1
2249.64,0.0,20097.8,,,,,0.0,0.0,11274.1
2250.64,0.0,20097.8,,,,,0.0,0.0,11274.1
2251.64,0.0,20097.8,,,,,0.0,0.0,11274.1
2252.64,0.0,20097.8,,,,,0.0,0.0,11274.1
2253.64,0.0,20097.8,,,,,0.0,0.0,11274.1
2254.64,0.0,20097.8,,,,,0.0,0.0,11274.1
2255.64,0.0,20097.8,,,,,0.0,0.0,11274.1
2256.64,0.0,20097.8,,,,,0.0,0.0,11274.1
2257.64,0.0,20097.8,,,,,0.0,0.0,11274.1
2258.64,0.0,20097.8,,,,,0.0,0.0,11274.1
2259.64,0.0,20097.8,,,,,0.0,0.0,11274.1
2260.64,0.0,20097.8,,,,,0.0,0.0,11274.1
2261.64,0.0,20097.8,,,,,0.0,0.0,11274.1
2262.64,0.0,20097.8,,,,,0.0,0.0,11274.1
2263.64,0.0,20097.8,,,,,0.0,0.0,11274.1
2264.64,0.0,20097.8,,,,,0.0,0.0,11274.1
2265.64,0.0,20097.8,,,,,0.0,0.0,11274.1
2266.64,0.0,20097.8,,,,,0.0,0.0,11274.1
2267.65,0.0,20097.8,,,,,0.0,0.0,11274.1
2268.65,0.0,20097.8,,,,,0.0,0.0,11274.1
2269.65,0.0,20097.8,,,,,0.0,0.0,11274.1
2270.65,0.0,20097.8,,,,,0.0,0.0,11274.1
2271.65,0.0,20097.8,,,,,0.0,0.0,11274.1
2272.65,0.0,20097.8,,,,,0.0,0.0,11274.1
2273.65,0.0,20097.8,,,,,0.0,0.0,11274.1
2274.65,0.0,20097.8,,,,,0.0,0.0,11274.1
2275.65,0.0,20097.8,,,,,0.0,0.0,11274.1
2276.65,0.0,20097.8,,,,,0.0,0.0,11274.1
2277.65,0.0,20097.8,,,,,0.0,0.0,11274.1
2278.65,0.0,20097.8,,,,,0.0,0.0,11274.1
2279.65,0.0,20097.8,,,,,0.0,0.0,11274.1
2280.65,0.0,20097.8,,,,,0.0,0.0,11274.1
2281.65,0.0,20097.8,,,,,0.0,0.0,11274.1
2282.65,0.0,20097.8,,,,,0.0,0.0,11274.1
2283.65,0.0,20097.8,,,,,0.0,0.0,11274.1
2284.65,0.0,20097.8,,,,,0.0,0.0,11274.1
2285.65,0.0,20097.8,,,,,0.0,0.0,11274.1
2286.65,0.0,20097.8,,,,,0.0,0.0,11274.1
2287.65,0.0,20097.8,,,,,0.0,0.0,11274.1
2288.65,0.0,20097.8,,,,,0.0,0.0,11274.1
2289.65,0.0,20097.8,,,,,0.0,0.0,11274.1
2290.65,0.0,20097.8,,,,,0.0,0.0,11274.1
2291.65,0.0,20097.8,,,,,0.0,0.0,11274.1
2292.65,0.0,20097.8,,,,,0.0,0.0,11274.1
2293.65,0.0,20097.8,,,,,0.0,0.0,11274.1
2294.65,0.0,20097.8,,,,,0.0,0.0,11274.1
2295.65,0.0,20097.8,,,,,0.0,0.0,11274.1
2296.66,0.0,20097.8,,,,,0.0,0.0,11274.1
2297.66,0.0,20097.8,,,,,0.0,0.0,11274.1
2298.66,0.0,20097.8,,,,,0.0,0.0,11274.1
2299.66,0.0,20097.8,,,,,0.0,0.0,11274.1
2300.66,0.0,20097.8,,,,,0.0,0.0,11274.1
2301.66,0.0,20097.8,,,,,0.0,0.0,11274.1
2302.66,0.0,20097.8,,,,,0.0,0.0,11274.1
2303.66,0.0,20097.8,,,,,0.0,0.0,11274.1
2304.66,0.0,20097.8,,,,,0.0,0.0,11274.1
2305.66,0.0,20097.8,,,,,0.0,0.0,11274.1
2306.66,0.0,20097.8,,,,,0.0,0.0,11274.1
2307.66,0.0,20097.8,,,,,0.0,0.0,11274.1
2308.66,0.0,20097.8,,,,,0.0,0.0,11274.1
2309.66,0.0,20097.8,,,,,0.0,0.0,11274.1
2310.66,0.0,20097.8,,,,,0.0,0.0,11274.1
2311.66,0.0,20097.8,,,,,0.0,0.0,11274.1
2312.66,0.0,20097.8,,,,,0.0,0.0,11274.1
2313.66,0.0,20097.8,,,,,0.0,0.0,11274.1
2314.66,0.0,20097.8,,,,,0.0,0.0,11274.1
2315.66,0.0,20097.8,,,,,0.0,0.0,11274.1
2316.66,0.0,20097.8,,,,,0.0,0.0,11020.6
2317.66,0.0,20152.3,,,,,0.0,0.0,11200.7
2318.66,0.0,20152.3,,,,,0.0,0.0,10968.4
2319.66,0.0,20206.8,,,,,0.0,0.0,11176.6
2320.66,29.5,20209.7,,,,,29.5,29.5,11257.4
2321.66,0.0,20209.7,,,,,0.0,0.0,11257.5
2322.66,0.0,20209.7,,,,,0.0,0.0,11257.5
2323.66,0.0,20209.7,,,,,0.0,0.0,11257.5
2324.66,0.0,20209.7,,,,,0.0,0.0,11257.5
2325.66,0.0,20209.7,,,,,0.0,0.0,11257.5
2326.66,0.0,20209.7,,,,,0.0,0.0,11257.5
2327.66,0.0,20209.7,,,,,0.0,0.0,11257.5
2328.66,0.0,20209.7,,,,,0.0,0.0,11257.5
2329.66,0.0,20209.7,,,,,0.0,0.0,11257.5
2330.67,0.0,20209.7,,,,,0.0,0.0,11257.5
2331.67,0.0,20209.7,,,,,0.0,0.0,11257.5
2332.67,0.0,20209.7,,,,,0.0,0.0,11257.5
2333.67,0.0,20209.7,,,,,0.0,0.0,11257.5
2334.67,0.0,20209.7,,,,,0.0,0.0,11257.5
2335.67,0.0,20209.7,,,,,0.0,0.0,11257.5
2336.67,0.0,20209.7,,,,,0.0,0.0,11257.5
2337.67,0.0,20209.7,,,,,0.0,0.0,11257.5
2338.67,0.0,20209.7,,,,,0.0,0.0,11257.5
2339.67,0.0,20209.7,,,,,0.0,0.0,11257.5
2340.67,0.0,20209.7,,,,,0.0,0.0,11257.5
2341.67,0.0,20209.7,,,,,0.0,0.0,11257.5
2342.67,0.0,20209.7,,,,,0.0,0.0,11257.5
2343.67,0.0,20209.7,,,,,0.0,0.0,11257.5
2344.67,0.0,20209.7,,,,,0.0,0.0,11257.5
2345.67,0.0,20209.7,,,,,0.0,0.0,11257.5
2346.67,0.0,20209.7,,,,,0.0,0.0,11257.5
2347.67,0.0,20209.7,,,,,0.0,0.0,11257.5
2348.67,0.0,20209.7,,,,,0.0,0.0,11257.5
2349.67,0.0,20209.7,,,,,0.0,0.0,11257.5
2350.67,0.0,20209.7,,,,,0.0,0.0,11257.5
2351.67,0.0,20209.7,,,,,0.0,0.0,11257.5
2352.67,0.0,20209.7,,,,,0.0,0.0,11257.5
2353.67,0.0,20209.7,,,,,0.0,0.0,11257.5
2354.67,0.0,20209.7,,,,,0.0,0.0,11257.5
2355.67,0.0,20209.7,,,,,0.0,0.0,11257.5
2356.67,0.0,20209.7,,,,,0.0,0.0,11257.5
2357.67,0.0,20209.7,,,,,0.0,0.0,11257.5
2358.67,0.0,20209.7,,,,,0.0,0.0,11257.5
2359.67,0.0,20209.7,,,,,0.0,0.0,11257.5
2360.67,0.0,20209.7,,,,,0.0,0.0,11257.5
2361.67,0.0,20209.7,,,,,0.0,0.0,11257.5
2362.68,0.0,20209.7,,,,,0.0,0.0,11257.5
2363.68,0.0,20209.7,,,,,0.0,0.0,11257.5
2364.68,0.0,20209.7,,,,,0.0,0.0,11257.5
2365.68,0.0,20209.7,,,,,0.0,0.0,11257.5
2366.68,0.0,20209.7,,,,,0.0,0.0,11257.5
2367.68,0.0,20209.7,,,,,0.0,0.0,11257.5
2368.68,0.0,20209.7,,,,,0.0,0.0,11257.5
2369.68,0.0,20209.7,,,,,0.0,0.0,11257.5
2370.68,0.0,20209.7,,,,,0.0,0.0,11257.5
2371.68,0.0,20209.7,,,,,0.0,0.0,11257.5
2372.68,0.0,20209.7,,,,,0.0,0.0,11257.5
2373.68,0.0,20209.7,,,,,0.0,0.0,11257.5
2374.68,0.0,20209.7,,,,,0.0,0.0,11257.5
2375.68,0.0,20209.7,,,,,0.0,0.0,11257.5
2376.68,0.0,20209.7,,,,,0.0,0.0,11257.5
2377.68,0.0,20209.7,,,,,0.0,0.0,11257.5
2378.68,0.0,20209.7,,,,,0.0,0.0,11257.5
2379.68,0.0,20209.7,,,,,0.0,0.0,11257.5
2380.68,0.0,20209.7,,,,,0.0,0.0,11257.5
2381.68,0.0,20209.7,,,,,0.0,0.0,11257.5
2382.68,0.0,20237.9,,,,,0.0,0.0,11330.7
2383.68,0.0,20237.9,,,,,0.0,0.0,11330.7
2384.68,0.0,20237.9,,,,,0.0,0.0,11330.7
2385.68,0.0,20237.9,,,,,0.0,0.0,11330.7
2386.68,0.0,20266.0,,,,,0.0,0.0,11364.1
2387.68,15.22,20267.7,,,,,15.22,15.22,11415.1
2388.68,0.0,20267.7,,,,,0.0,0.0,11446.6
2389.68,0.0,20267.7,,,,,0.0,0.0,11446.6
2390.68,0.0,20267.7,,,,,0.0,0.0,11446.6
2391.68,0.0,20267.7,,,,,0.0,0.0,11446.6
2392.68,0.0,20267.7,,,,,0.0,0.0,11446.6
2393.68,0.0,20267.7,,,,,0.0,0.0,11446.6
2394.68,0.0,20267.7,,,,,0.0,0.0,11446.6
2395.68,0.0,20267.7,,,,,0.0,0.0,11446.6
2396.68,0.0,20267.7,,,,,0.0,0.0,11446.6
2397.68,0.0,20267.7,,,,,0.0,0.0,11446.6
2398.68,0.0,20267.7,,,,,0.0,0.0,11446.6
2399.68,0.0,20267.7,,,,,0.0,0.0,11446.6
2400.68,0.0,20267.7,,,,,0.0,0.0,11446.6
2401.68,0.0,20267.7,,,,,0.0,0.0,11446.6
2402.68,0.0,20267.7,,,,,0.0,0.0,11446.6
2403.68,0.0,20267.7,,,,,0.0,0.0,11446.6
2404.68,0.0,20267.7,,,,,0.0,0.0,11446.6
2405.68,0.0,20267.7,,,,,0.0,0.0,11446.6
2406.68,0.0,20267.7,,,,,0.0,0.0,11446.6
2407.69,0.0,20267.7,,,,,0.0,0.0,11446.6
2408.69,0.0,20267.7,,,,,0.0,0.0,11446.6
2409.69,0.0,20267.7,,,,,0.0,0.0,11446.6
2410.69,0.0,20267.7,,,,,0.0,0.0,11446.6
2411.69,0.0,20267.7,,,,,0.0,0.0,11446.6
2412.69,0.0,20267.7,,,,,0.0,0.0,11446.6
2413.69,0.0,20267.7,,,,,0.0,0.0,11446.6
2414.69,0.0,20267.7,,,,,0.0,0.0,11446.6
2415.69,0.0,20267.7,,,,,0.0,0.0,11446.6
2416.69,0.0,20267.7,,,,,0.0,0.0,11446.6
2417.69,0.0,20267.7,,,,,0.0,0.0,11446.6
2418.69,0.0,20267.7,,,,,0.0,0.0,11446.6
2419.69,0.0,20267.7,,,,,0.0,0.0,11446.6
2420.69,0.0,20267.7,,,,,0.0,0.0,11446.6
2421.69,0.0,20267.7,,,,,0.0,0.0,11446.6
2422.69,0.0,20267.7,,,,,0.0,0.0,11446.6
2423.69,0.0,20267.7,,,,,0.0,0.0,11446.6
2424.69,0.0,20267.7,,,,,0.0,0.0,11446.6
2425.69,0.0,20267.7,,,,,0.0,0.0,11446.6
2426.69,0.0,20267.7,,,,,0.0,0.0,11446.6
2427.69,0.0,20267.7,,,,,0.0,0.0,11446.6
2428.69,0.0,20267.7,,,,,0.0,0.0,11446.6
2429.69,0.0,20267.7,,,,,0.0,0.0,11446.6
2430.69,0.0,20267.7,,,,,0.0,0.0,11446.6
2431.69,0.0,20267.7,,,,,0.0,0.0,11446.6
2432.69,0.0,20267.7,,,,,0.0,0.0,11446.6
2433.69,0.0,20267.7,,,,,0.0,0.0,11446.6
2434.69,0.0,20267.7,,,,,0.0,0.0,11446.6
2435.69,0.0,20267.7,,,,,0.0,0.0,11446.6
2436.69,0.0,20267.7,,,,,0.0,0.0,11446.6
2437.69,0.0,20267.7,,,,,0.0,0.0,11446.6
2438.69,0.0,20267.7,,,,,0.0,0.0,11446.6
2439.69,0.0,20267.7,,,,,0.0,0.0,11446.6
2440.69,0.0,20267.7,,,,,0.0,0.0,11446.6
2441.69,0.0,20267.7,,,,,0.0,0.0,11446.6
2442.69,0.0,20267.7,,,,,0.0,0.0,11446.6
2443.69,0.0,20267.7,,,,,0.0,0.0,11446.6
2444.69,0.0,20267.7,,,,,0.0,0.0,11446.6
2445.69,0.0,20267.7,,,,,0.0,0.0,11446.6
2446.69,0.0,20267.7,,,,,0.0,0.0,11446.6
2447.69,0.0,20275.2,,,,,0.0,0.0,11593.4
2448.69,0.0,20295.9,,,,,0.0,0.0,11682.6
2449.69,0.0,20295.9,,,,,0.0,0.0,11682.6
2450.69,0.0,20295.9,,,,,0.0,0.0,11719.3
2451.69,15.25,20325.7,,,,,15.25,15.25,11925.3
2452.69,0.0,20325.7,,,,,0.0,0.0,11955.6
2453.69,0.0,20325.7,,,,,0.0,0.0,11955.7
2454.69,0.0,20325.7,,,,,0.0,0.0,11955.7
2455.7,0.0,20325.7,,,,,0.0,0.0,11955.7
2456.7,0.0,20325.7,,,,,0.0,0.0,11955.7
2457.7,0.0,20325.7,,,,,0.0,0.0,11955.7
2458.7,0.0,20325.7,,,,,0.0,0.0,11955.7
2459.7,0.0,20325.7,,,,,0.0,0.0,11955.7
2460.7,0.0,20325.7,,,,,0.0,0.0,11955.7
2461.7,0.0,20325.7,,,,,0.0,0.0,11955.7
2462.7,0.0,20325.7,,,,,0.0,0.0,11955.7
2463.7,0.0,20325.7,,,,,0.0,0.0,11955.7
2464.7,0.0,20325.7,,,,,0.0,0.0,11955.7
2465.7,0.0,20325.7,,,,,0.0,0.0,11955.7
2466.7,0.0,20325.7,,,,,0.0,0.0,11955.7
2467.7,0.0,20325.7,,,,,0.0,0.0,11955.7
2468.7,0.0,20325.7,,,,,0.0,0.0,11955.7
2469.7,0.0,20325.7,,,,,0.0,0.0,11955.7
2470.7,0.0,20325.7,,,,,0.0,0.0,11955.7
2471.7,0.0,20325.7,,,,,0.0,0.0,11955.7
2472.7,0.0,20325.7,,,,,0.0,0.0,11955.7
2473.7,0.0,20325.7,,,,,0.0,0.0,11955.7
2474.7,0.0,20325.7,,,,,0.0,0.0,11955.7
2475.7,0.0,20325.7,,,,,0.0,0.0,11955.7
2476.7,0.0,20325.7,,,,,0.0,0.0,11955.7
2477.7,0.0,20325.7,,,,,0.0,0.0,11955.7
2478.7,0.0,20325.7,,,,,0.0,0.0,11955.7
2479.7,0.0,20325.7,,,,,0.0,0.0,11955.7
2480.7,0.0,20325.7,,,,,0.0,0.0,11955.7
2481.7,0.0,20325.7,,,,,0.0,0.0,11955.7
2482.7,0.0,20325.7,,,,,0.0,0.0,11955.7
2483.7,0.0,20325.7,,,,,0.0,0.0,11955.7
2484.7,0.0,20325.7,,,,,0.0,0.0,11955.7
2485.7,0.0,20325.7,,,,,0.0,0.0,11955.7
2486.71,0.0,20325.7,,,,,0.0,0.0,11955.7
2487.71,0.0,20325.7,,,,,0.0,0.0,11955.7
2488.71,0.0,20325.7,,,,,0.0,0.0,11955.7
2489.71,0.0,20325.7,,,,,0.0,0.0,11955.7
2490.71,0.0,20325.7,,,,,0.0,0.0,11955.7
2491.71,0.0,20325.7,,,,,0.0,0.0,11955.7
2492.71,0.0,20325.7,,,,,0.0,0.0,11955.7
2493.71,0.0,20325.7,,,,,0.0,0.0,11955.7
2494.71,0.0,20325.7,,,,,0.0,0.0,11955.7
2495.71,0.0,20325.7,,,,,0.0,0.0,11955.7
2496.71,0.0,20325.7,,,,,0.0,0.0,11955.7
2497.71,0.0,20325.7,,,,,0.0,0.0,11955.7
2498.71,0.0,20325.7,,,,,0.0,0.0,11955.7
2499.71,0.0,20325.7,,,,,0.0,0.0,11955.7
2500.71,0.0,20325.7,,,,,0.0,0.0,11955.7
2501.71,0.0,20325.7,,,,,0.0,0.0,11955.7
2502.71,0.0,20325.7,,,,,0.0,0.0,11958.7
2503.71,0.0,20372.0,,,,,0.0,0.0,12317.8
2504.71,14.59,20373.7,,,,,14.59,14.59,12373.7
2505.71,0.0,20373.7,,,,,0.0,0.0,12405.3
2506.71,0.0,20373.7,,,,,0.0,0.0,12405.3
2507.71,0.0,20373.7,,,,,0.0,0.0,12405.3
2508.71,0.0,20373.7,,,,,0.0,0.0,12405.3
2509.71,0.0,20373.7,,,,,0.0,0.0,12405.3
2510.71,0.0,20373.7,,,,,0.0,0.0,12405.3
2511.71,0.0,20373.7,,,,,0.0,0.0,12405.3
2512.71,0.0,20373.7,,,,,0.0,0.0,12405.3
2513.71,0.0,20373.7,,,,,0.0,0.0,12405.3
2514.71,0.0,20373.7,,,,,0.0,0.0,12405.3
2515.71,0.0,20373.7,,,,,0.0,0.0,12405.3
2516.71,0.0,20373.7,,,,,0.0,0.0,12405.3
2517.71,0.0,20373.7,,,,,0.0,0.0,12405.3
2518.71,0.0,20373.7,,,,,0.0,0.0,12405.3
2519.71,0.0,20373.7,,,,,0.0,0.0,12405.3
2520.71,0.0,20373.7,,,,,0.0,0.0,12405.3
2521.71,0.0,20373.7,,,,,0.0,0.0,12405.3
2522.71,0.0,20373.7,,,,,0.0,0.0,12405.3
2523.71,0.0,20373.7,,,,,0.0,0.0,12405.3
2524.72,0.0,20373.7,,,,,0.0,0.0,12405.3
2525.72,0.0,20373.7,,,,,0.0,0.0,12405.3
2526.72,0.0,20373.7,,,,,0.0,0.0,12405.3
2527.72,0.0,20373.7,,,,,0.0,0.0,12405.3
2528.72,0.0,20373.7,,,,,0.0,0.0,12405.3
2529.72,0.0,20373.7,,,,,0.0,0.0,12405.3
2530.72,0.0,20373.7,,,,,0.0,0.0,12405.3
2531.72,0.0,20373.7,,,,,0.0,0.0,12405.3
2532.72,0.0,20373.7,,,,,0.0,0.0,12405.3
2533.72,0.0,20373.7,,,,,0.0,0.0,12405.3
2534.72,0.0,20373.7,,,,,0.0,0.0,12405.3
2535.72,0.0,20373.7,,,,,0.0,0.0,12405.3
2536.72,0.0,20373.7,,,,,0.0,0.0,12405.3
2537.72,0.0,20373.7,,,,,0.0,0.0,12405.3
2538.72,0.0,20373.7,,,,,0.0,0.0,12405.3
2539.72,0.0,20373.7,,,,,0.0,0.0,12405.3
2540.72,0.0,20373.7,,,,,0.0,0.0,12405.3
2541.72,0.0,20373.7,,,,,0.0,0.0,12405.3
2542.72,0.0,20373.7,,,,,0.0,0.0,12405.3
2543.72,0.0,20373.7,,,,,0.0,0.0,12405.3
2544.72,0.0,20373.7,,,,,0.0,0.0,12405.3
2545.72,0.0,20373.7,,,,,0.0,0.0,12405.3
2546.72,0.0,20373.7,,,,,0.0,0.0,12405.3
2547.72,0.0,20373.7,,,,,0.0,0.0,12405.3
2548.72,0.0,20373.7,,,,,0.0,0.0,12405.3
2549.72,0.0,20373.7,,,,,0.0,0.0,12405.3
2550.72,0.0,20373.7,,,,,0.0,0.0,12405.3
2551.72,0.0,20397.1,,,,,0.0,0.0,12663.3
2552.72,0.0,20397.1,,,,,0.0,0.0,12663.3
2553.72,0.0,20397.1,,,,,0.0,0.0,12663.3
2554.72,0.0,20397.1,,,,,0.0,0.0,12663.3
2555.72,0.0,20397.1,,,,,0.0,0.0,12663.3
2556.72,0.0,20399.3,,,,,0.0,0.0,12839.7
2557.72,14.61,20422.1,,,,,14.61,14.61,12943.5
2558.72,0.0,20410.9,,,,,0.0,0.0,13382.2
2559.72,0.0,20410.9,,,,,0.0,0.0,13382.2
2560.72,0.0,20410.9,,,,,0.0,0.0,13382.2
2561.72,0.0,20410.9,,,,,0.0,0.0,13382.2
2562.72,0.0,20410.9,,,,,0.0,0.0,13506.4
2563.72,0.0,20410.9,,,,,0.0,0.0,13507.0
2564.73,0.0,20410.9,,,,,0.0,0.0,13507.0
2565.73,0.0,20410.9,,,,,0.0,0.0,13507.0
2566.73,0.0,20410.9,,,,,0.0,0.0,13507.0
2567.73,0.0,20410.9,,,,,0.0,0.0,13507.0
2568.73,0.0,20410.9,,,,,0.0,0.0,13507.0
2569.73,0.0,20410.9,,,,,0.0,0.0,13507.0
2570.73,0.0,20410.9,,,,,0.0,0.0,13507.0
2571.73,0.0,20410.9,,,,,0.0,0.0,13507.0
2572.73,0.0,20410.9,,,,,0.0,0.0,13507.0
2573.73,0.0,20410.9,,,,,0.0,0.0,13507.0
2574.73,0.0,20410.9,,,,,0.0,0.0,13507.0
2575.73,0.0,20410.9,,,,,0.0,0.0,13507.0
2576.74,0.0,20410.9,,,,,0.0,0.0,13507.0
2577.74,0.0,20410.9,,,,,0.0,0.0,13507.0
2578.74,0.0,20410.9,,,,,0.0,0.0,13507.0
2579.74,0.0,20410.9,,,,,0.0,0.0,13507.0
2580.74,0.0,20410.9,,,,,0.0,0.0,13507.0
2581.74,0.0,20410.9,,,,,0.0,0.0,13507.0
2582.74,0.0,20410.9,,,,,0.0,0.0,13507.0
2583.74,0.0,20410.9,,,,,0.0,0.0,13507.0
2584.74,0.0,20410.9,,,,,0.0,0.0,13507.0
2585.74,0.0,20410.9,,,,,0.0,0.0,13507.0
2586.74,0.0,20410.9,,,,,0.0,0.0,13507.0
2587.74,0.0,20410.9,,,,,0.0,0.0,13507.0
2588.74,0.0,20410.9,,,,,0.0,0.0,13507.0
2589.74,0.0,20410.9,,,,,0.0,0.0,13507.0
2590.74,0.0,20410.9,,,,,0.0,0.0,13507.0
2591.74,0.0,20410.9,,,,,0.0,0.0,13507.0
2592.74,0.0,20410.9,,,,,0.0,0.0,13507.0
2593.74,0.0,20410.9,,,,,0.0,0.0,13507.0
2594.74,0.0,20410.9,,,,,0.0,0.0,13507.0
2595.74,0.0,20410.9,,,,,0.0,0.0,13507.0
2596.74,0.0,20410.9,,,,,0.0,0.0,13507.0
2597.74,0.0,20410.9,,,,,0.0,0.0,13507.0
2598.74,0.0,20410.9,,,,,0.0,0.0,13507.0
2599.74,0.0,20410.9,,,,,0.0,0.0,13507.0
2600.74,0.0,20410.9,,,,,0.0,0.0,13507.0
2601.75,0.0,20410.9,,,,,0.0,0.0,13507.0
2602.75,0.0,20410.9,,,,,0.0,0.0,13507.0
2603.75,0.0,20410.9,,,,,0.0,0.0,13507.0
2604.75,0.0,20410.9,,,,,0.0,0.0,13507.0
2605.75,0.0,20410.9,,,,,0.0,0.0,13507.0
2606.75,0.0,20410.9,,,,,0.0,0.0,13507.0
2607.75,0.0,20410.9,,,,,0.0,0.0,13507.0
2608.75,0.0,20410.9,,,,,0.0,0.0,13507.0
2609.75,0.0,20410.9,,,,,0.0,0.0,13507.0
2610.75,0.0,20410.9,,,,,0.0,0.0,13507.0
2611.75,0.0,20410.9,,,,,0.0,0.0,13507.0
2612.75,0.0,20410.9,,,,,0.0,0.0,13507.0
2613.75,0.0,20410.9,,,,,0.0,0.0,13507.0
2614.75,0.0,20410.9,,,,,0.0,0.0,13507.0
2615.75,0.0,20410.9,,,,,0.0,0.0,13507.0
2616.75,0.0,20410.9,,,,,0.0,0.0,13507.0
2617.75,0.0,20410.9,,,,,0.0,0.0,13507.0
2618.75,0.0,20410.9,,,,,0.0,0.0,13507.0
2619.75,0.0,20410.9,,,,,0.0,0.0,13507.0
2620.75,0.0,20410.9,,,,,0.0,0.0,13507.0
2621.75,0.0,20410.9,,,,,0.0,0.0,13507.0
2622.75,0.0,20410.9,,,,,0.0,0.0,13507.0
2623.75,0.0,20410.9,,,,,0.0,0.0,13507.0
2624.75,0.0,20410.9,,,,,0.0,0.0,13507.0
2625.75,0.0,20410.9,,,,,0.0,0.0,13507.0
2626.75,0.0,20410.9,,,,,0.0,0.0,13507.0
2627.75,0.0,20410.9,,,,,0.0,0.0,13507.0
2628.75,0.0,20410.9,,,,,0.0,0.0,13507.0
2629.75,0.0,20410.9,,,,,0.0,0.0,13507.0
2630.75,0.0,20410.9,,,,,0.0,0.0,13507.0
2631.75,0.0,20410.9,,,,,0.0,0.0,13507.0
2632.75,0.0,20410.9,,,,,0.0,0.0,13507.0
2633.75,0.0,20410.9,,,,,0.0,0.0,13507.0
2634.75,0.0,20410.9,,,,,0.0,0.0,13507.0
2635.75,0.0,20410.9,,,,,0.0,0.0,13507.0
2636.75,0.0,20410.9,,,,,0.0,0.0,13507.0
2637.75,0.0,20410.9,,,,,0.0,0.0,13507.0
2638.75,0.0,20410.9,,,,,0.0,0.0,13507.0
2639.75,0.0,20410.9,,,,,0.0,0.0,13507.0
2640.75,0.0,20410.9,,,,,0.0,0.0,13507.0
2641.75,0.0,20410.9,,,,,0.0,0.0,13507.0
2642.75,0.0,20410.9,,,,,0.0,0.0,13507.0
2643.75,0.0,20410.9,,,,,0.0,0.0,13507.0
2644.75,0.0,20410.9,,,,,0.0,0.0,13507.0
2645.75,0.0,20410.9,,,,,0.0,0.0,13507.0
2646.75,0.0,20410.9,,,,,0.0,0.0,13507.0
2647.75,0.0,20410.9,,,,,0.0,0.0,13507.0
2648.75,0.0,20410.9,,,,,0.0,0.0,13507.0
2649.75,0.0,20410.9,,,,,0.0,0.0,13507.0
2650.75,0.0,20410.9,,,,,0.0,0.0,13507.0
2651.75,0.0,20410.9,,,,,0.0,0.0,13507.0
2652.75,0.0,20410.9,,,,,0.0,0.0,13507.0
2653.75,0.0,20410.9,,,,,0.0,0.0,13507.0
2654.75,0.0,20410.9,,,,,0.0,0.0,13507.0
2655.75,0.0,20410.9,,,,,0.0,0.0,13507.0
2656.75,0.0,20410.9,,,,,0.0,0.0,13507.0
2657.75,0.0,20410.9,,,,,0.0,0.0,13507.0
2658.75,0.0,20410.9,,,,,0.0,0.0,13507.0
2659.75,0.0,20410.9,,,,,0.0,0.0,13507.0
2660.75,0.0,20410.9,,,,,0.0,0.0,13507.0
2661.75,0.0,20410.9,,,,,0.0,0.0,13507.0
2662.75,0.0,20410.9,,,,,0.0,0.0,13507.0
2663.75,0.0,20410.9,,,,,0.0,0.0,13507.0
2664.75,0.0,20410.9,,,,,0.0,0.0,13507.0
2665.76,0.0,20410.9,,,,,0.0,0.0,13507.0
2666.76,0.0,20410.9,,,,,0.0,0.0,13507.0
2667.76,0.0,20410.9,,,,,0.0,0.0,13507.0
2668.76,0.0,20410.9,,,,,0.0,0.0,13507.0
2669.76,0.0,20410.9,,,,,0.0,0.0,13507.0
2670.76,0.0,20410.9,,,,,0.0,0.0,13507.0
2671.76,0.0,20410.9,,,,,0.0,0.0,13507.0
2672.76,0.0,20410.9,,,,,0.0,0.0,13507.0
2673.76,0.0,20410.9,,,,,0.0,0.0,13507.0
2674.76,0.0,20410.9,,,,,0.0,0.0,13507.0
2675.76,0.0,20410.9,,,,,0.0,0.0,13507.0
2676.76,0.0,20410.9,,,,,0.0,0.0,13507.0
2677.76,0.0,20410.9,,,,,0.0,0.0,13507.0
2678.76,0.0,20410.9,,,,,0.0,0.0,13507.0
2679.76,0.0,20410.9,,,,,0.0,0.0,13507.0
2680.76,0.0,20410.9,,,,,0.0,0.0,13507.0
2681.76,0.0,20410.9,,,,,0.0,0.0,13507.0
2682.76,0.0,20410.9,,,,,0.0,0.0,13507.0
2683.76,0.0,20410.9,,,,,0.0,0.0,13507.0
2684.76,0.0,20410.9,,,,,0.0,0.0,13507.0
2685.76,0.0,20410.9,,,,,0.0,0.0,13507.0
2686.76,0.0,20410.9,,,,,0.0,0.0,13507.0
2687.76,0.0,20410.9,,,,,0.0,0.0,13507.0
2688.76,0.0,20410.9,,,,,0.0,0.0,13507.0
2689.76,0.0,20410.9,,,,,0.0,0.0,13507.0
2690.76,0.0,20410.9,,,,,0.0,0.0,13507.0
2691.76,0.0,20410.9,,,,,0.0,0.0,13507.0
2692.76,0.0,20410.9,,,,,0.0,0.0,13507.0
2693.76,0.0,20410.9,,,,,0.0,0.0,13507.0
2694.76,0.0,20410.9,,,,,0.0,0.0,13507.0
2695.76,0.0,20410.9,,,,,0.0,0.0,13507.0
2696.76,0.0,20410.9,,,,,0.0,0.0,13507.0
2697.76,0.0,20410.9,,,,,0.0,0.0,13507.0
2698.76,0.0,20410.9,,,,,0.0,0.0,13507.0
2699.76,0.0,20410.9,,,,,0.0,0.0,13507.0
2700.76,0.0,20410.9,,,,,0.0,0.0,13507.0
2701.76,0.0,20410.9,,,,,0.0,0.0,13507.0
2702.76,0.0,20410.9,,,,,0.0,0.0,13507.0
2703.76,0.0,20410.9,,,,,0.0,0.0,13507.0
2704.76,0.0,20410.9,,,,,0.0,0.0,13507.0
2705.76,0.0,20410.9,,,,,0.0,0.0,13507.0
2706.76,0.0,20410.9,,,,,0.0,0.0,13507.0
2707.76,0.0,20410.9,,,,,0.0,0.0,13507.0
2708.76,0.0,20410.9,,,,,0.0,0.0,13507.0
2709.76,0.0,20410.9,,,,,0.0,0.0,13507.0
2710.76,0.0,20410.9,,,,,0.0,0.0,13507.0
2711.76,0.0,20410.9,,,,,0.0,0.0,13507.0
2712.76,0.0,20410.9,,,,,0.0,0.0,13507.0
2713.76,0.0,20410.9,,,,,0.0,0.0,13507.0
2714.76,0.0,20410.9,,,,,0.0,0.0,13507.0
2715.76,0.0,20410.9,,,,,0.0,0.0,13507.0
2716.76,0.0,20410.9,,,,,0.0,0.0,13507.0
2717.76,0.0,20410.9,,,,,0.0,0.0,13507.0
2718.76,0.0,20410.9,,,,,0.0,0.0,13507.0
2719.76,0.0,20410.9,,,,,0.0,0.0,13507.0
2720.76,0.0,20410.9,,,,,0.0,0.0,13507.0
2721.76,0.0,20410.9,,,,,0.0,0.0,13507.0
2722.76,0.0,20410.9,,,,,0.0,0.0,13507.0
2723.76,0.0,20410.9,,,,,0.0,0.0,13507.0
2724.76,0.0,20410.9,,,,,0.0,0.0,13507.0
2725.76,0.0,20410.9,,,,,0.0,0.0,13507.0
2726.76,0.0,20410.9,,,,,0.0,0.0,13507.0
2727.76,0.0,20410.9,,,,,0.0,0.0,13507.0
2728.76,0.0,20410.9,,,,,0.0,0.0,13507.0
2729.76,0.0,20410.9,,,,,0.0,0.0,13507.0
2730.76,0.0,20410.9,,,,,0.0,0.0,13507.0
2731.76,0.0,20410.9,,,,,0.0,0.0,13507.0
2732.76,0.0,20410.9,,,,,0.0,0.0,13507.0
2733.76,0.0,20410.9,,,,,0.0,0.0,13507.0
2734.76,0.0,20410.9,,,,,0.0,0.0,13507.0
2735.77,0.0,20410.9,,,,,0.0,0.0,13507.0
2736.77,0.0,20410.9,,,,,0.0,0.0,13507.0
2737.77,0.0,20410.9,,,,,0.0,0.0,13507.0
2738.77,0.0,20410.9,,,,,0.0,0.0,13507.0
2739.77,0.0,20410.9,,,,,0.0,0.0,13507.0
2740.77,0.0,20410.9,,,,,0.0,0.0,13507.0
2741.77,0.0,20410.9,,,,,0.0,0.0,13507.0
2742.77,0.0,20410.9,,,,,0.0,0.0,13341.8
2743.77,0.0,20410.9,,,,,0.0,0.0,12934.6
2744.77,0.0,20410.9,,,,,0.0,0.0,12378.0
2745.77,0.0,20410.9,,,,,0.0,0.0,12354.6
2746.77,0.0,20410.9,,,,,0.0,0.0,12163.1
2747.77,0.0,20410.9,,,,,0.0,0.0,11817.4
2748.77,0.0,20410.9,,,,,0.0,0.0,11558.6
2749.77,0.0,20410.9,,,,,0.0,0.0,11234.7
2750.77,0.0,20410.9,,,,,0.0,0.0,10914.8
2751.77,0.0,20410.9,,,,,0.0,0.0,10655.8
2752.77,0.0,20410.9,,,,,0.0,0.0,10386.5
2753.77,0.0,20410.9,,,,,0.0,0.0,10080.1
2754.77,0.0,20410.9,,,,,0.0,0.0,9790.7
2755.77,0.0,20410.9,,,,,0.0,0.0,9494.5
2756.77,0.0,20410.9,,,,,0.0,0.0,9235.8
2757.77,0.0,20410.9,,,,,0.0,0.0,8976.3
2758.77,0.0,20410.9,,,,,0.0,0.0,8720.7
2759.77,0.0,20410.9,,,,,0.0,0.0,8462.3
2760.77,0.0,20410.9,,,,,0.0,0.0,8203.8
2761.77,0.0,20410.9,,,,,0.0,0.0,7945.3
2762.77,0.0,20410.9,,,,,0.0,0.0,7686.9
2763.77,0.0,20410.9,,,,,0.0,0.0,7428.7
2764.77,0.0,20410.9,,,,,0.0,0.0,7175.1
2765.77,0.0,20410.9,,,,,0.0,0.0,6902.0
2766.77,0.0,20410.9,,,,,0.0,0.0,6644.3
2767.77,0.0,20410.9,,,,,0.0,0.0,6360.3
2768.77,0.0,20410.9,,,,,0.0,0.0,6092.1
2769.77,0.0,20410.9,,,,,0.0,0.0,5849.8
2770.77,0.0,20410.9,,,,,0.0,0.0,5632.1
2771.77,0.0,20410.9,,,,,0.0,0.0,5364.3
2772.77,0.0,20410.9,,,,,0.0,0.0,5116.5
2773.77,0.0,20410.9,,,,,0.0,0.0,4854.7
2774.77,0.0,20410.9,,,,,0.0,0.0,4728.7
2775.77,0.0,20410.9,,,,,0.0,0.0,4728.7
2776.77,0.0,20410.9,,,,,0.0,0.0,4728.7
2777.77,0.0,20410.9,,,,,0.0,0.0,4728.7
2778.77,0.0,20410.9,,,,,0.0,0.0,4728.7
2779.77,0.0,20410.9,,,,,0.0,0.0,4728.7
2780.77,0.0,20410.9,,,,,0.0,0.0,4728.7
2781.77,0.0,20410.9,,,,,0.0,0.0,4728.7
2782.77,0.0,20410.9,,,,,0.0,0.0,4728.7
2783.77,0.0,20410.9,,,,,0.0,0.0,4728.7
2784.77,0.0,20410.9,,,,,0.0,0.0,4728.7
2785.77,0.0,20410.9,,,,,0.0,0.0,4728.7
2786.77,0.0,20410.9,,,,,0.0,0.0,4728.7
2787.77,0.0,20410.9,,,,,0.0,0.0,4728.7
2788.78,0.0,20410.9,,,,,0.0,0.0,4728.7
2789.78,0.0,20410.9,,,,,0.0,0.0,4728.7
2790.78,0.0,20410.9,,,,,0.0,0.0,4728.7
2791.78,0.0,20410.9,,,,,0.0,0.0,4728.7
2792.78,0.0,20410.9,,,,,0.0,0.0,4728.7
2793.78,0.0,20410.9,,,,,0.0,0.0,4728.7
2794.78,0.0,20410.9,,,,,0.0,0.0,4728.7
2795.78,0.0,20410.9,,,,,0.0,0.0,4728.7
2796.78,0.0,20410.9,,,,,0.0,0.0,4728.7
2797.78,0.0,20410.9,,,,,0.0,0.0,4728.7
2798.78,0.0,20410.9,,,,,0.0,0.0,4728.7
2799.78,0.0,20410.9,,,,,0.0,0.0,4728.7
2800.78,0.0,20410.9,,,,,0.0,0.0,4728.7
2801.78,0.0,20410.9,,,,,0.0,0.0,4728.7
2802.78,0.0,20410.9,,,,,0.0,0.0,4728.7
2803.78,0.0,20410.9,,,,,0.0,0.0,4728.7
2804.78,0.0,20410.9,,,,,0.0,0.0,4728.7
2805.78,0.0,20410.9,,,,,0.0,0.0,4728.7
2806.78,0.0,20410.9,,,,,0.0,0.0,4728.7
2807.78,0.0,20410.9,,,,,0.0,0.0,4728.7
2808.78,0.0,20410.9,,,,,0.0,0.0,4728.7
2809.78,0.0,20410.9,,,,,0.0,0.0,4728.7
2810.78,0.0,20410.9,,,,,0.0,0.0,4728.7
2811.78,0.0,20410.9,,,,,0.0,0.0,4728.7
2812.79,0.0,20410.9,,,,,0.0,0.0,4728.7
2813.79,0.0,20410.9,,,,,0.0,0.0,4728.7
2814.79,0.0,20410.9,,,,,0.0,0.0,4728.7
2815.79,0.0,20410.9,,,,,0.0,0.0,4728.7
2816.79,0.0,20410.9,,,,,0.0,0.0,4728.7
2817.79,0.0,20410.9,,,,,0.0,0.0,4728.7
2818.79,0.0,20410.9,,,,,0.0,0.0,4728.7
2819.79,0.0,20410.9,,,,,0.0,0.0,4728.7
2820.79,0.0,20410.9,,,,,0.0,0.0,4728.7
2821.79,0.0,20410.9,,,,,0.0,0.0,4728.7
2822.79,0.0,20410.9,,,,,0.0,0.0,4728.7
2823.79,0.0,20410.9,,,,,0.0,0.0,4728.7
2824.79,0.0,20410.9,,,,,0.0,0.0,4728.7
2825.79,0.0,20410.9,,,,,0.0,0.0,4728.7
2826.79,0.0,20410.9,,,,,0.0,0.0,4728.7
2827.79,0.0,20410.9,,,,,0.0,0.0,4728.7
2828.79,0.0,20410.9,,,,,0.0,0.0,4728.7
2829.79,0.0,20410.9,,,,,0.0,0.0,4728.7
2830.79,0.0,20410.9,,,,,0.0,0.0,4728.7
2831.79,0.0,20410.9,,,,,0.0,0.0,4728.7
2832.79,0.0,20410.9,,,,,0.0,0.0,4728.7
2833.79,0.0,20410.9,,,,,0.0,0.0,4728.7
2834.79,0.0,20410.9,,,,,0.0,0.0,4728.7
2835.79,0.0,20410.9,,,,,0.0,0.0,4728.7
2836.79,0.0,20410.9,,,,,0.0,0.0,4728.7
2837.79,0.0,20410.9,,,,,0.0,0.0,4728.7
2838.79,0.0,20410.9,,,,,0.0,0.0,4728.7
2839.79,0.0,20410.9,,,,,0.0,0.0,4728.7
2840.79,0.0,20410.9,,,,,0.0,0.0,4728.7
2841.79,0.0,20410.9,,,,,0.0,0.0,4728.7
2842.79,0.0,20410.9,,,,,0.0,0.0,4728.7
2843.79,0.0,20410.9,,,,,0.0,0.0,4728.7
2844.79,0.0,20410.9,,,,,0.0,0.0,4728.7
2845.79,0.0,20410.9,,,,,0.0,0.0,4728.7
2846.79,0.0,20410.9,,,,,0.0,0.0,4728.7
2847.79,0.0,20410.9,,,,,0.0,0.0,4728.7
2848.79,0.0,20410.9,,,,,0.0,0.0,4728.7
2849.79,0.0,20410.9,,,,,0.0,0.0,4728.7
2850.79,0.0,20410.9,,,,,0.0,0.0,4728.7
2851.79,0.0,20410.9,,,,,0.0,0.0,4728.7
2852.79,0.0,20410.9,,,,,0.0,0.0,4728.7
2853.79,0.0,20410.9,,,,,0.0,0.0,4728.7
2854.79,0.0,20410.9,,,,,0.0,0.0,4728.7
2855.79,0.0,20410.9,,,,,0.0,0.0,4728.7
2856.79,0.0,20410.9,,,,,0.0,0.0,4728.7
2857.79,0.0,20410.9,,,,,0.0,0.0,4728.7
2858.79,0.0,20410.9,,,,,0.0,0.0,4728.7
2859.79,0.0,20410.9,,,,,0.0,0.0,4728.7
2860.79,0.0,20410.9,,,,,0.0,0.0,4728.7
2861.79,0.0,20410.9,,,,,0.0,0.0,4728.7
2862.79,0.0,20410.9,,,,,0.0,0.0,4728.7
2863.79,0.0,20410.9,,,,,0.0,0.0,4728.7
2864.79,0.0,20410.9,,,,,0.0,0.0,4728.7
2865.79,0.0,20410.9,,,,,0.0,0.0,4728.7
2866.79,0.0,20410.9,,,,,0.0,0.0,4728.7
2867.79,0.0,20410.9,,,,,0.0,0.0,4728.7
2868.79,0.0,20410.9,,,,,0.0,0.0,4728.7
2869.79,0.0,20410.9,,,,,0.0,0.0,4728.7
2870.79,0.0,20410.9,,,,,0.0,0.0,4728.7
2871.79,0.0,20410.9,,,,,0.0,0.0,4728.7
2872.79,0.0,20410.9,,,,,0.0,0.0,4728.7
2873.79,0.0,20410.9,,,,,0.0,0.0,4728.7
2874.79,0.0,20410.9,,,,,0.0,0.0,4728.7
2875.79,0.0,20410.9,,,,,0.0,0.0,4728.7
2876.8,0.0,20410.9,,,,,0.0,0.0,4728.7
2877.8,0.0,20410.9,,,,,0.0,0.0,4728.7
2878.8,0.0,20410.9,,,,,0.0,0.0,4728.7
2879.8,0.0,20410.9,,,,,0.0,0.0,4728.7
2880.8,0.0,20410.9,,,,,0.0,0.0,4728.7
2881.8,0.0,20410.9,,,,,0.0,0.0,4728.7
2882.8,0.0,20410.9,,,,,0.0,0.0,4728.7
2883.8,0.0,20410.9,,,,,0.0,0.0,4728.7
2884.8,0.0,20410.9,,,,,0.0,0.0,4728.7
2885.8,0.0,20410.9,,,,,0.0,0.0,4728.7
2886.8,0.0,20410.9,,,,,0.0,0.0,4728.7
2887.8,0.0,20410.9,,,,,0.0,0.0,4728.7
2888.8,0.0,20410.9,,,,,0.0,0.0,4728.7
2889.8,0.0,20410.9,,,,,0.0,0.0,4728.7
2890.8,0.0,20410.9,,,,,0.0,0.0,4728.7
2891.8,0.0,20410.9,,,,,0.0,0.0,4728.7
2892.8,0.0,20410.9,,,,,0.0,0.0,4728.7
2893.8,0.0,20410.9,,,,,0.0,0.0,4728.7
2894.8,0.0,20410.9,,,,,0.0,0.0,4728.7
2895.8,0.0,20410.9,,,,,0.0,0.0,4728.7
2896.8,0.0,20410.9,,,,,0.0,0.0,4728.7
2897.8,0.0,20410.9,,,,,0.0,0.0,4728.7
2898.8,0.0,20410.9,,,,,0.0,0.0,4728.7
2899.8,0.0,20410.9,,,,,0.0,0.0,4728.7
2900.8,0.0,20410.9,,,,,0.0,0.0,4728.7
2901.8,0.0,20410.9,,,,,0.0,0.0,4728.7
2902.8,0.0,20410.9,,,,,0.0,0.0,4728.7
2903.8,0.0,20410.9,,,,,0.0,0.0,4728.7
2904.8,0.0,20410.9,,,,,0.0,0.0,4728.7
2905.8,0.0,20410.9,,,,,0.0,0.0,4728.7
2906.8,0.0,20410.9,,,,,0.0,0.0,4728.7
2907.8,0.0,20410.9,,,,,0.0,0.0,4728.7
2908.8,0.0,20410.9,,,,,0.0,0.0,4728.7
2909.8,0.0,20410.9,,,,,0.0,0.0,4728.7
2910.8,0.0,20410.9,,,,,0.0,0.0,4728.7
2911.8,0.0,20410.9,,,,,0.0,0.0,4728.7
2912.8,0.0,20410.9,,,,,0.0,0.0,4728.7
2913.8,0.0,20410.9,,,,,0.0,0.0,4728.7
2914.8,0.0,20410.9,,,,,0.0,0.0,4728.7
2915.8,0.0,20410.9,,,,,0.0,0.0,4728.7
2916.8,0.0,20410.9,,,,,0.0,0.0,4728.7
2917.8,0.0,20410.9,,,,,0.0,0.0,4728.7
2918.8,0.0,20410.9,,,,,0.0,0.0,4728.7
2919.8,0.0,20410.9,,,,,0.0,0.0,4728.7
2920.8,0.0,20410.9,,,,,0.0,0.0,4728.7
2921.8,0.0,20410.9,,,,,0.0,0.0,4728.7
2922.8,0.0,20410.9,,,,,0.0,0.0,4728.7
2923.8,0.0,20410.9,,,,,0.0,0.0,4728.7
2924.8,0.0,20410.9,,,,,0.0,0.0,4728.7
2925.8,0.0,20410.9,,,,,0.0,0.0,4728.7
2926.8,0.0,20410.9,,,,,0.0,0.0,4728.7
2927.8,0.0,20410.9,,,,,0.0,0.0,4728.7
2928.8,0.0,20410.9,,,,,0.0,0.0,4728.7
2929.8,0.0,20410.9,,,,,0.0,0.0,4728.7
2930.8,0.0,20410.9,,,,,0.0,0.0,4728.7
2931.8,0.0,20410.9,,,,,0.0,0.0,4728.7
2932.8,0.0,20410.9,,,,,0.0,0.0,4728.7
2933.8,0.0,20410.9,,,,,0.0,0.0,4728.7
2934.8,0.0,20410.9,,,,,0.0,0.0,4728.7
2935.8,0.0,20410.9,,,,,0.0,0.0,4728.7
2936.8,0.0,20410.9,,,,,0.0,0.0,4728.7
2937.8,0.0,20410.9,,,,,0.0,0.0,4728.7
2938.81,0.0,20410.9,,,,,0.0,0.0,4728.7
2939.81,0.0,20410.9,,,,,0.0,0.0,4728.7
2940.81,0.0,20410.9,,,,,0.0,0.0,4728.7
2941.81,0.0,20410.9,,,,,0.0,0.0,4728.7
2942.81,0.0,20410.9,,,,,0.0,0.0,4728.7
2943.81,0.0,20410.9,,,,,0.0,0.0,4728.7
2944.81,0.0,20410.9,,,,,0.0,0.0,4728.7
2945.81,0.0,20410.9,,,,,0.0,0.0,4728.7
2946.81,0.0,20410.9,,,,,0.0,0.0,4728.7
2947.81,0.0,20410.9,,,,,0.0,0.0,4728.7
2948.81,0.0,20410.9,,,,,0.0,0.0,4728.7
2949.81,0.0,20410.9,,,,,0.0,0.0,4728.7
2950.81,0.0,20410.9,,,,,0.0,0.0,4728.7
2951.82,0.0,20410.9,,,,,0.0,0.0,4728.7
2952.82,0.0,20410.9,,,,,0.0,0.0,4728.7
2953.82,0.0,20410.9,,,,,0.0,0.0,4728.7
2954.82,0.0,20410.9,,,,,0.0,0.0,4728.7
2955.82,0.0,20410.9,,,,,0.0,0.0,4728.7
2956.82,0.0,20410.9,,,,,0.0,0.0,4728.7
2957.82,0.0,20410.9,,,,,0.0,0.0,4728.7
2958.82,0.0,20410.9,,,,,0.0,0.0,4728.7
2959.82,0.0,20410.9,,,,,0.0,0.0,4728.7
2960.82,0.0,20410.9,,,,,0.0,0.0,4728.7
2961.82,0.0,20410.9,,,,,0.0,0.0,4728.7
2962.82,0.0,20410.9,,,,,0.0,0.0,4728.7
2963.82,0.0,20410.9,,,,,0.0,0.0,4728.7
2964.82,0.0,20410.9,,,,,0.0,0.0,4728.7
2965.82,0.0,20410.9,,,,,0.0,0.0,4728.7
2966.82,0.0,20410.9,,,,,0.0,0.0,4728.7
2967.82,0.0,20410.9,,,,,0.0,0.0,4728.7
2968.82,0.0,20410.9,,,,,0.0,0.0,4728.7
2969.82,0.0,20410.9,,,,,0.0,0.0,4728.7
2970.82,0.0,20410.9,,,,,0.0,0.0,4728.7
2971.82,0.0,20410.9,,,,,0.0,0.0,4728.7
2972.82,0.0,20410.9,,,,,0.0,0.0,4728.7
2973.82,0.0,20410.9,,,,,0.0,0.0,4728.7
2974.82,0.0,20410.9,,,,,0.0,0.0,4728.7
2975.82,0.0,20410.9,,,,,0.0,0.0,4728.7
2976.82,0.0,20410.9,,,,,0.0,0.0,4728.7
2977.82,0.0,20410.9,,,,,0.0,0.0,4728.7
2978.82,0.0,20410.9,,,,,0.0,0.0,4728.7
2979.82,0.0,20410.9,,,,,0.0,0.0,4728.7
2980.82,0.0,20410.9,,,,,0.0,0.0,4728.7
2981.82,0.0,20410.9,,,,,0.0,0.0,4728.7
2982.82,0.0,20410.9,,,,,0.0,0.0,4728.7
2983.82,0.0,20410.9,,,,,0.0,0.0,4728.7
2984.82,0.0,20410.9,,,,,0.0,0.0,4728.7
2985.82,0.0,20410.9,,,,,0.0,0.0,4728.7
2986.82,0.0,20410.9,,,,,0.0,0.0,4728.7
2987.82,0.0,20410.9,,,,,0.0,0.0,4728.7
2988.82,0.0,20410.9,,,,,0.0,0.0,4728.7
2989.82,0.0,20410.9,,,,,0.0,0.0,4728.7
2990.82,0.0,20410.9,,,,,0.0,0.0,4728.7
2991.82,0.0,20410.9,,,,,0.0,0.0,4728.7
2992.82,0.0,20410.9,,,,,0.0,0.0,4728.7
2993.82,0.0,20410.9,,,,,0.0,0.0,4728.7
2994.82,0.0,20410.9,,,,,0.0,0.0,4728.7
2995.82,0.0,20410.9,,,,,0.0,0.0,4728.7
2996.82,0.0,20410.9,,,,,0.0,0.0,4728.7
2997.82,0.0,20410.9,,,,,0.0,0.0,4728.7
2998.82,0.0,20410.9,,,,,0.0,0.0,4728.7
2999.82,0.0,20410.9,,,,,0.0,0.0,4728.7
3000.82,0.0,20410.9,,,,,0.0,0.0,4728.7
3001.82,0.0,20410.9,,,,,0.0,0.0,4728.7
3002.82,0.0,20410.9,,,,,0.0,0.0,4728.7
3003.82,0.0,20410.9,,,,,0.0,0.0,4728.7
3004.82,0.0,20410.9,,,,,0.0,0.0,4728.7
3005.82,0.0,20410.9,,,,,0.0,0.0,4728.7
3006.82,0.0,20410.9,,,,,0.0,0.0,4728.7
3007.83,0.0,20410.9,,,,,0.0,0.0,4728.7
3008.83,0.0,20410.9,,,,,0.0,0.0,4728.7
3009.83,0.0,20410.9,,,,,0.0,0.0,4728.7
3010.83,0.0,20410.9,,,,,0.0,0.0,4728.7
3011.83,0.0,20410.9,,,,,0.0,0.0,4728.7
3012.83,0.0,20410.9,,,,,0.0,0.0,4728.7
3013.83,0.0,20410.9,,,,,0.0,0.0,4728.7
3014.83,0.0,20410.9,,,,,0.0,0.0,4728.7
3015.83,0.0,20410.9,,,,,0.0,0.0,4728.7
3016.83,0.0,20410.9,,,,,0.0,0.0,4728.7
3017.83,0.0,20410.9,,,,,0.0,0.0,4728.7
3018.83,0.0,20410.9,,,,,0.0,0.0,4728.7
3019.83,0.0,20410.9,,,,,0.0,0.0,4728.7
3020.83,0.0,20410.9,,,,,0.0,0.0,4728.7
3021.83,0.0,20410.9,,,,,0.0,0.0,4728.7
3022.83,0.0,20410.9,,,,,0.0,0.0,4728.7
3023.83,0.0,20410.9,,,,,0.0,0.0,4728.7
3024.83,0.0,20410.9,,,,,0.0,0.0,4728.7
3025.83,0.0,20410.9,,,,,0.0,0.0,4728.7
3026.83,0.0,20410.9,,,,,0.0,0.0,4728.7
3027.83,0.0,20410.9,,,,,0.0,0.0,4728.7
3028.83,0.0,20410.9,,,,,0.0,0.0,4728.7
3029.83,0.0,20410.9,,,,,0.0,0.0,4728.7
3030.83,0.0,20410.9,,,,,0.0,0.0,4728.7
3031.83,0.0,20410.9,,,,,0.0,0.0,4728.7
3032.83,0.0,20410.9,,,,,0.0,0.0,4728.7
3033.83,0.0,20410.9,,,,,0.0,0.0,4728.7
3034.83,0.0,20410.9,,,,,0.0,0.0,4728.7
3035.83,0.0,20410.9,,,,,0.0,0.0,4728.7
3036.83,0.0,20410.9,,,,,0.0,0.0,4728.7
3037.83,0.0,20410.9,,,,,0.0,0.0,4728.7
3038.83,0.0,20410.9,,,,,0.0,0.0,4728.7
3039.83,0.0,20410.9,,,,,0.0,0.0,4728.7
3040.83,0.0,20410.9,,,,,0.0,0.0,4728.7
3041.83,0.0,20410.9,,,,,0.0,0.0,4728.7
3042.83,0.0,20410.9,,,,,0.0,0.0,4728.7
3043.83,0.0,20410.9,,,,,0.0,0.0,4728.7
3044.83,0.0,20410.9,,,,,0.0,0.0,4728.7
3045.83,0.0,20410.9,,,,,0.0,0.0,4728.7
3046.83,0.0,20410.9,,,,,0.0,0.0,4728.7
3047.83,0.0,20410.9,,,,,0.0,0.0,4728.7
3048.83,0.0,20410.9,,,,,0.0,0.0,4728.7
3049.83,0.0,20410.9,,,,,0.0,0.0,4728.7
3050.83,0.0,20410.9,,,,,0.0,0.0,4728.7
3051.83,0.0,20410.9,,,,,0.0,0.0,4728.7
3052.83,0.0,20410.9,,,,,0.0,0.0,4728.7
3053.83,0.0,20410.9,,,,,0.0,0.0,4728.7
3054.83,0.0,20410.9,,,,,0.0,0.0,4728.7
3055.83,0.0,20410.9,,,,,0.0,0.0,4728.7
3056.83,0.0,20410.9,,,,,0.0,0.0,4728.7
3057.83,0.0,20410.9,,,,,0.0,0.0,4728.7
3058.83,0.0,20410.9,,,,,0.0,0.0,4728.7
3059.83,0.0,20410.9,,,,,0.0,0.0,4728.7
3060.83,0.0,20410.9,,,,,0.0,0.0,4728.7
3061.83,0.0,20410.9,,,,,0.0,0.0,4728.7
3062.83,0.0,20410.9,,,,,0.0,0.0,4728.7
3063.83,0.0,20410.9,,,,,0.0,0.0,4728.7
3064.83,0.0,20410.9,,,,,0.0,0.0,4728.7
3065.83,0.0,20410.9,,,,,0.0,0.0,4728.7
3066.83,0.0,20410.9,,,,,0.0,0.0,4728.7
3067.83,0.0,20410.9,,,,,0.0,0.0,4728.7
3068.83,0.0,20410.9,,,,,0.0,0.0,4728.7
3069.84,0.0,20410.9,,,,,0.0,0.0,4728.7
3070.84,0.0,20410.9,,,,,0.0,0.0,4728.7
3071.84,0.0,20410.9,,,,,0.0,0.0,4728.7
3072.84,0.0,20410.9,,,,,0.0,0.0,4728.7
3073.84,0.0,20410.9,,,,,0.0,0.0,4728.7
3074.84,0.0,20410.9,,,,,0.0,0.0,4728.7
3075.84,0.0,20410.9,,,,,0.0,0.0,4728.7
3076.84,0.0,20410.9,,,,,0.0,0.0,4728.7
3077.84,0.0,20410.9,,,,,0.0,0.0,4728.7
3078.84,0.0,20410.9,,,,,0.0,0.0,4728.7
3079.84,0.0,20410.9,,,,,0.0,0.0,4728.7
3080.84,0.0,20410.9,,,,,0.0,0.0,4728.7
3081.84,0.0,20410.9,,,,,0.0,0.0,4728.7
3082.84,0.0,20410.9,,,,,0.0,0.0,4728.7
3083.84,0.0,20410.9,,,,,0.0,0.0,4728.7
3084.84,0.0,20410.9,,,,,0.0,0.0,4728.7
3085.84,0.0,20410.9,,,,,0.0,0.0,4728.7
3086.84,0.0,20410.9,,,,,0.0,0.0,4728.7
3087.84,0.0,20410.9,,,,,0.0,0.0,4728.7
3088.84,0.0,20410.9,,,,,0.0,0.0,4728.7
3089.84,0.0,20410.9,,,,,0.0,0.0,4728.7
3090.84,0.0,20410.9,,,,,0.0,0.0,4728.7
3091.84,0.0,20410.9,,,,,0.0,0.0,4728.7
3092.84,0.0,20410.9,,,,,0.0,0.0,4728.7
3093.84,0.0,20410.9,,,,,0.0,0.0,4728.7
3094.84,0.0,20410.9,,,,,0.0,0.0,4728.7
3095.84,0.0,20410.9,,,,,0.0,0.0,4728.7
3096.84,0.0,20410.9,,,,,0.0,0.0,4728.7
3097.84,0.0,20410.9,,,,,0.0,0.0,4728.7
3098.84,0.0,20410.9,,,,,0.0,0.0,4728.7
3099.84,0.0,20410.9,,,,,0.0,0.0,4728.7
3100.84,0.0,20410.9,,,,,0.0,0.0,4728.7
3101.84,0.0,20410.9,,,,,0.0,0.0,4728.7
3102.84,0.0,20410.9,,,,,0.0,0.0,4728.7
3103.84,0.0,20410.9,,,,,0.0,0.0,4728.7
3104.84,0.0,20410.9,,,,,0.0,0.0,4728.7
3105.84,0.0,20410.9,,,,,0.0,0.0,4728.7
3106.84,0.0,20410.9,,,,,0.0,0.0,4728.7
3107.84,0.0,20410.9,,,,,0.0,0.0,4728.7
3108.84,0.0,20410.9,,,,,0.0,0.0,4728.7
3109.84,0.0,20410.9,,,,,0.0,0.0,4728.7
3110.84,0.0,20410.9,,,,,0.0,0.0,4728.7
3111.84,0.0,20410.9,,,,,0.0,0.0,4728.7
3112.84,0.0,20410.9,,,,,0.0,0.0,4728.7
3113.84,0.0,20410.9,,,,,0.0,0.0,4728.7
3114.84,0.0,20410.9,,,,,0.0,0.0,4728.7
3115.84,0.0,20410.9,,,,,0.0,0.0,4728.7
3116.84,0.0,20410.9,,,,,0.0,0.0,4728.7
3117.84,0.0,20410.9,,,,,0.0,0.0,4728.7
3118.84,0.0,20410.9,,,,,0.0,0.0,4728.7
3119.84,0.0,20410.9,,,,,0.0,0.0,4728.7
3120.84,0.0,20410.9,,,,,0.0,0.0,4728.7
3121.84,0.0,20410.9,,,,,0.0,0.0,4728.7
3122.84,0.0,20410.9,,,,,0.0,0.0,4728.7
3123.84,0.0,20410.9,,,,,0.0,0.0,4728.7
3124.84,0.0,20410.9,,,,,0.0,0.0,4728.7
3125.84,0.0,20410.9,,,,,0.0,0.0,4728.7
3126.84,0.0,20410.9,,,,,0.0,0.0,4728.7
3127.84,0.0,20410.9,,,,,0.0,0.0,4728.7
3128.84,0.0,20410.9,,,,,0.0,0.0,4728.7
3129.84,0.0,20410.9,,,,,0.0,0.0,4728.7
3130.84,0.0,20410.9,,,,,0.0,0.0,4728.7
3131.84,0.0,20410.9,,,,,0.0,0.0,4728.7
3132.85,0.0,20410.9,,,,,0.0,0.0,4728.7
3133.85,0.0,20410.9,,,,,0.0,0.0,4728.7
3134.85,0.0,20410.9,,,,,0.0,0.0,4728.7
3135.85,0.0,20410.9,,,,,0.0,0.0,4728.7
3136.85,0.0,20410.9,,,,,0.0,0.0,4506.1
3137.85,0.0,20410.9,,,,,0.0,0.0,4317.6
3138.85,0.0,20410.9,,,,,0.0,0.0,4317.6
3139.85,0.0,20410.9,,,,,0.0,0.0,4235.1
3140.85,0.0,20410.9,,,,,0.0,0.0,4162.2
3141.85,0.0,20410.9,,,,,0.0,0.0,4162.2
3142.85,0.0,20410.9,,,,,0.0,0.0,4162.2
3143.85,0.0,20410.9,,,,,0.0,0.0,4162.2
3144.85,0.0,20410.9,,,,,0.0,0.0,4162.2
3145.85,0.0,20410.9,,,,,0.0,0.0,4162.2
3146.85,0.0,20410.9,,,,,0.0,0.0,4162.2
3147.85,0.0,20410.9,,,,,0.0,0.0,4162.2
3148.85,0.0,20410.9,,,,,0.0,0.0,4162.2
3149.85,0.0,20410.9,,,,,0.0,0.0,4162.2
3150.85,0.0,20410.9,,,,,0.0,0.0,4162.2
3151.85,0.0,20410.9,,,,,0.0,0.0,4162.2
3152.85,0.0,20410.9,,,,,0.0,0.0,4162.2
3153.85,0.0,20410.9,,,,,0.0,0.0,4162.2
3154.85,0.0,20410.9,,,,,0.0,0.0,4162.2
3155.85,0.0,20410.9,,,,,0.0,0.0,4162.2
3156.85,0.0,20410.9,,,,,0.0,0.0,4162.2
3157.85,0.0,20410.9,,,,,0.0,0.0,4162.2
3158.85,0.0,20410.9,,,,,0.0,0.0,4162.2
3159.85,0.0,20410.9,,,,,0.0,0.0,4162.2
3160.85,0.0,20410.9,,,,,0.0,0.0,4162.2
3161.85,0.0,20410.9,,,,,0.0,0.0,4162.2
3162.85,0.0,20410.9,,,,,0.0,0.0,4162.2
3163.85,0.0,20410.9,,,,,0.0,0.0,4162.2
3164.85,0.0,20410.9,,,,,0.0,0.0,4162.2
3165.85,0.0,20410.9,,,,,0.0,0.0,4162.2
3166.85,0.0,20410.9,,,,,0.0,0.0,4162.2
3167.85,0.0,20410.9,,,,,0.0,0.0,4162.2
3168.85,0.0,20410.9,,,,,0.0,0.0,4162.2
3169.85,0.0,20410.9,,,,,0.0,0.0,4162.2
3170.85,0.0,20410.9,,,,,0.0,0.0,4162.2
3171.85,0.0,20410.9,,,,,0.0,0.0,4162.2
3172.85,0.0,20410.9,,,,,0.0,0.0,4162.2
3173.85,0.0,20410.9,,,,,0.0,0.0,4162.2
3174.85,0.0,20410.9,,,,,0.0,0.0,4162.2
3175.85,0.0,20410.9,,,,,0.0,0.0,4162.2
3176.85,0.0,20410.9,,,,,0.0,0.0,4162.2
3177.85,0.0,20410.9,,,,,0.0,0.0,4162.2
3178.85,0.0,20410.9,,,,,0.0,0.0,4162.2
3179.85,0.0,20410.9,,,,,0.0,0.0,4162.2
3180.85,0.0,20410.9,,,,,0.0,0.0,4162.2
3181.85,0.0,20410.9,,,,,0.0,0.0,4162.2
3182.85,0.0,20410.9,,,,,0.0,0.0,4162.2
3183.85,0.0,20410.9,,,,,0.0,0.0,4162.2
3184.85,0.0,20410.9,,,,,0.0,0.0,4162.2
3185.86,0.0,20410.9,,,,,0.0,0.0,4162.2
3186.86,0.0,20410.9,,,,,0.0,0.0,4162.2
3187.86,0.0,20410.9,,,,,0.0,0.0,4162.2
3188.86,0.0,20410.9,,,,,0.0,0.0,4162.2
3189.86,0.0,20410.9,,,,,0.0,0.0,4162.2
3190.86,0.0,20410.9,,,,,0.0,0.0,4162.2
3191.86,0.0,20410.9,,,,,0.0,0.0,4162.2
3192.86,0.0,20410.9,,,,,0.0,0.0,4162.2
3193.86,0.0,20410.9,,,,,0.0,0.0,4162.2
3194.86,0.0,20410.9,,,,,0.0,0.0,4162.2
3195.86,0.0,20410.9,,,,,0.0,0.0,4162.2
3196.86,0.0,20410.9,,,,,0.0,0.0,4162.2
3197.86,0.0,20410.9,,,,,0.0,0.0,4162.2
3198.86,0.0,20410.9,,,,,0.0,0.0,4162.2
3199.86,0.0,20410.9,,,,,0.0,0.0,4162.2
3200.86,0.0,20410.9,,,,,0.0,0.0,4162.2
3201.86,0.0,20410.9,,,,,0.0,0.0,4162.2
3202.86,0.0,20410.9,,,,,0.0,0.0,4162.2
3203.86,0.0,20410.9,,,,,0.0,0.0,4162.2
3204.86,0.0,20410.9,,,,,0.0,0.0,4162.2
3205.86,0.0,20410.9,,,,,0.0,0.0,4162.2
3206.87,0.0,20410.9,,,,,0.0,0.0,4162.2
3207.87,0.0,20410.9,,,,,0.0,0.0,4162.2
3208.87,0.0,20410.9,,,,,0.0,0.0,4162.2
3209.87,0.0,20410.9,,,,,0.0,0.0,4162.2
3210.87,0.0,20410.9,,,,,0.0,0.0,4162.2
3211.87,0.0,20410.9,,,,,0.0,0.0,4162.2
3212.87,0.0,20410.9,,,,,0.0,0.0,4162.2
3213.87,0.0,20410.9,,,,,0.0,0.0,4162.2
3214.87,0.0,20410.9,,,,,0.0,0.0,4162.2
3215.87,0.0,20410.9,,,,,0.0,0.0,4162.2
3216.87,0.0,20410.9,,,,,0.0,0.0,4162.2
3217.87,0.0,20410.9,,,,,0.0,0.0,4162.2
3218.87,0.0,20410.9,,,,,0.0,0.0,4162.2
3219.87,0.0,20410.9,,,,,0.0,0.0,4162.2
3220.87,0.0,20410.9,,,,,0.0,0.0,4162.2
3221.87,0.0,20410.9,,,,,0.0,0.0,4162.2
3222.87,0.0,20410.9,,,,,0.0,0.0,4162.2
3223.87,0.0,20410.9,,,,,0.0,0.0,4162.2
3224.87,0.0,20410.9,,,,,0.0,0.0,4162.2
3225.87,0.0,20410.9,,,,,0.0,0.0,4162.2
3226.87,0.0,20410.9,,,,,0.0,0.0,4162.2
3227.87,0.0,20410.9,,,,,0.0,0.0,4162.2
3228.87,0.0,20410.9,,,,,0.0,0.0,4162.2
3229.87,0.0,20410.9,,,,,0.0,0.0,4162.2
3230.87,0.0,20410.9,,,,,0.0,0.0,4162.2
3231.87,0.0,20410.9,,,,,0.0,0.0,4162.2
3232.87,0.0,20410.9,,,,,0.0,0.0,4162.2
3233.87,0.0,20410.9,,,,,0.0,0.0,4162.2
3234.87,0.0,20410.9,,,,,0.0,0.0,4162.2
3235.88,0.0,20410.9,,,,,0.0,0.0,4162.2
3236.88,0.0,20410.9,,,,,0.0,0.0,4162.2
3237.88,0.0,20410.9,,,,,0.0,0.0,4162.2
3238.88,0.0,20410.9,,,,,0.0,0.0,4162.2
3239.88,0.0,20410.9,,,,,0.0,0.0,4162.2
3240.88,0.0,20410.9,,,,,0.0,0.0,4162.2
3241.88,0.0,20410.9,,,,,0.0,0.0,4162.2
3242.88,0.0,20410.9,,,,,0.0,0.0,4162.2
3243.88,0.0,20410.9,,,,,0.0,0.0,4162.2
3244.88,0.0,20410.9,,,,,0.0,0.0,4162.2
3245.88,0.0,20410.9,,,,,0.0,0.0,4162.2
3246.88,0.0,20410.9,,,,,0.0,0.0,4162.2
3247.88,0.0,20410.9,,,,,0.0,0.0,4162.2
3248.88,0.0,20410.9,,,,,0.0,0.0,4162.2
3249.88,0.0,20410.9,,,,,0.0,0.0,4162.2
3250.88,0.0,20410.9,,,,,0.0,0.0,4162.2
3251.88,0.0,20410.9,,,,,0.0,0.0,4162.2
3252.88,0.0,20410.9,,,,,0.0,0.0,4162.2
3253.88,0.0,20410.9,,,,,0.0,0.0,4162.2
3254.88,0.0,20410.9,,,,,0.0,0.0,4162.2
3255.88,0.0,20410.9,,,,,0.0,0.0,4162.2
3256.88,0.0,20410.9,,,,,0.0,0.0,4162.2
3257.88,0.0,20410.9,,,,,0.0,0.0,4162.2
3258.88,0.0,20410.9,,,,,0.0,0.0,4162.2
3259.89,0.0,20410.9,,,,,0.0,0.0,4162.2
3260.89,0.0,20410.9,,,,,0.0,0.0,4162.2
3261.89,0.0,20410.9,,,,,0.0,0.0,4162.2
3262.89,0.0,20410.9,,,,,0.0,0.0,4162.2
3263.89,0.0,20410.9,,,,,0.0,0.0,4162.2
3264.89,0.0,20410.9,,,,,0.0,0.0,4162.2
3265.89,0.0,20410.9,,,,,0.0,0.0,4162.2
3266.89,0.0,20410.9,,,,,0.0,0.0,4162.2
3267.89,0.0,20410.9,,,,,0.0,0.0,4162.2
3268.89,0.0,20410.9,,,,,0.0,0.0,4162.2
3269.89,0.0,20410.9,,,,,0.0,0.0,4162.2
3270.89,0.0,20410.9,,,,,0.0,0.0,4162.2
3271.89,0.0,20410.9,,,,,0.0,0.0,4162.2
3272.89,0.0,20410.9,,,,,0.0,0.0,4162.2
3273.89,0.0,20410.9,,,,,0.0,0.0,4162.2
3274.89,0.0,20410.9,,,,,0.0,0.0,4162.2
3275.89,0.0,20410.9,,,,,0.0,0.0,4162.2
3276.89,0.0,20410.9,,,,,0.0,0.0,4162.2
3277.89,0.0,20410.9,,,,,0.0,0.0,4162.2
3278.89,0.0,20410.9,,,,,0.0,0.0,4162.2
3279.89,0.0,20410.9,,,,,0.0,0.0,4162.2
3280.89,0.0,20410.9,,,,,0.0,0.0,4162.2
3281.89,0.0,20410.9,,,,,0.0,0.0,4162.2
3282.89,0.0,20410.9,,,,,0.0,0.0,4162.2
3283.89,0.0,20410.9,,,,,0.0,0.0,4162.2
3284.89,0.0,20410.9,,,,,0.0,0.0,4162.2
3285.89,0.0,20410.9,,,,,0.0,0.0,4162.2
3286.89,0.0,20410.9,,,,,0.0,0.0,4162.2
3287.89,0.0,20410.9,,,,,0.0,0.0,4162.2
3288.89,0.0,20410.9,,,,,0.0,0.0,4162.2
3289.89,0.0,20410.9,,,,,0.0,0.0,4162.2
3290.89,0.0,20410.9,,,,,0.0,0.0,4162.2
3291.89,0.0,20410.9,,,,,0.0,0.0,4162.2
3292.89,0.0,20410.9,,,,,0.0,0.0,4162.2
3293.89,0.0,20410.9,,,,,0.0,0.0,4162.2
3294.89,0.0,20410.9,,,,,0.0,0.0,4162.2
3295.89,0.0,20410.9,,,,,0.0,0.0,4162.2
3296.89,0.0,20410.9,,,,,0.0,0.0,4162.2
3297.89,0.0,20410.9,,,,,0.0,0.0,4162.2
3298.9,0.0,20410.9,,,,,0.0,0.0,4162.2
3299.9,0.0,20410.9,,,,,0.0,0.0,4162.2
3300.9,0.0,20410.9,,,,,0.0,0.0,4162.2
3301.9,0.0,20410.9,,,,,0.0,0.0,4162.2
3302.9,0.0,20410.9,,,,,0.0,0.0,4162.2
3303.9,0.0,20410.9,,,,,0.0,0.0,4162.2
3304.9,0.0,20410.9,,,,,0.0,0.0,4162.2
3305.9,0.0,20410.9,,,,,0.0,0.0,4162.2
3306.9,0.0,20410.9,,,,,0.0,0.0,4162.2
3307.9,0.0,20410.9,,,,,0.0,0.0,4162.2
3308.9,0.0,20410.9,,,,,0.0,0.0,4162.2
3309.9,0.0,20410.9,,,,,0.0,0.0,4162.2
3310.9,0.0,20410.9,,,,,0.0,0.0,4162.2
3311.9,0.0,20410.9,,,,,0.0,0.0,4162.2
3312.9,0.0,20410.9,,,,,0.0,0.0,4162.2
3313.9,0.0,20410.9,,,,,0.0,0.0,4162.2
3314.9,0.0,20410.9,,,,,0.0,0.0,4162.2
3315.9,0.0,20410.9,,,,,0.0,0.0,4162.2
3316.9,0.0,20410.9,,,,,0.0,0.0,4162.2
3317.9,0.0,20410.9,,,,,0.0,0.0,4162.2
3318.9,0.0,20410.9,,,,,0.0,0.0,4162.2
3319.9,0.0,20410.9,,,,,0.0,0.0,4162.2
3320.9,0.0,20410.9,,,,,0.0,0.0,4162.2
3321.9,0.0,20410.9,,,,,0.0,0.0,4162.2
3322.9,0.0,20410.9,,,,,0.0,0.0,4162.2
3323.9,0.0,20410.9,,,,,0.0,0.0,4162.2
3324.9,0.0,20410.9,,,,,0.0,0.0,4162.2
3325.9,0.0,20410.9,,,,,0.0,0.0,4162.2
3326.9,0.0,20410.9,,,,,0.0,0.0,4162.2
3327.9,0.0,20410.9,,,,,0.0,0.0,4162.2
3328.9,0.0,20410.9,,,,,0.0,0.0,4162.2
3329.9,0.0,20410.9,,,,,0.0,0.0,4162.2
3330.9,0.0,20410.9,,,,,0.0,0.0,4162.2
3331.9,0.0,20410.9,,,,,0.0,0.0,4162.2
3332.9,0.0,20410.9,,,,,0.0,0.0,4162.2
3333.9,0.0,20410.9,,,,,0.0,0.0,4162.2
3334.9,0.0,20410.9,,,,,0.0,0.0,4162.2
3335.9,0.0,20410.9,,,,,0.0,0.0,4162.2
3336.9,0.0,20410.9,,,,,0.0,0.0,4162.2
3337.9,0.0,20410.9,,,,,0.0,0.0,4162.2
3338.9,0.0,20410.9,,,,,0.0,0.0,4162.2
3339.9,0.0,20410.9,,,,,0.0,0.0,4162.2
3340.9,0.0,20410.9,,,,,0.0,0.0,4162.2
3341.9,0.0,20410.9,,,,,0.0,0.0,4162.2
3342.9,0.0,20410.9,,,,,0.0,0.0,4162.2
3343.9,0.0,20410.9,,,,,0.0,0.0,4162.2
3344.9,0.0,20410.9,,,,,0.0,0.0,4162.2
3345.9,0.0,20410.9,,,,,0.0,0.0,4162.2
3346.9,0.0,20410.9,,,,,0.0,0.0,4162.2
3347.9,0.0,20410.9,,,,,0.0,0.0,4162.2
3348.9,0.0,20410.9,,,,,0.0,0.0,4162.2
3349.9,0.0,20410.9,,,,,0.0,0.0,4162.2
3350.9,0.0,20410.9,,,,,0.0,0.0,4162.2
3351.9,0.0,20410.9,,,,,0.0,0.0,4162.2
3352.9,0.0,20410.9,,,,,0.0,0.0,4162.2
3353.9,0.0,20410.9,,,,,0.0,0.0,4162.2
3354.9,0.0,20410.9,,,,,0.0,0.0,4162.2
3355.9,0.0,20410.9,,,,,0.0,0.0,4162.2
3356.9,0.0,20410.9,,,,,0.0,0.0,4162.2
3357.9,0.0,20410.9,,,,,0.0,0.0,4162.2
3358.9,0.0,20410.9,,,,,0.0,0.0,4162.2
3359.9,0.0,20410.9,,,,,0.0,0.0,4162.2
3360.9,0.0,20410.9,,,,,0.0,0.0,4162.2
3361.9,0.0,20410.9,,,,,0.0,0.0,4162.2
3362.9,0.0,20410.9,,,,,0.0,0.0,4162.2
3363.91,0.0,20410.9,,,,,0.0,0.0,4162.2
3364.91,0.0,20410.9,,,,,0.0,0.0,4162.2
3365.91,0.0,20410.9,,,,,0.0,0.0,4162.2
3366.91,0.0,20410.9,,,,,0.0,0.0,4162.2
3367.91,0.0,20410.9,,,,,0.0,0.0,4162.2
3368.91,0.0,20410.9,,,,,0.0,0.0,4162.2
3369.91,0.0,20410.9,,,,,0.0,0.0,4162.2
3370.91,0.0,20410.9,,,,,0.0,0.0,4162.2
3371.91,0.0,20410.9,,,,,0.0,0.0,4162.2
3372.91,0.0,20410.9,,,,,0.0,0.0,4162.2
3373.91,0.0,20410.9,,,,,0.0,0.0,4162.2
3374.91,0.0,20410.9,,,,,0.0,0.0,4162.2
3375.91,0.0,20410.9,,,,,0.0,0.0,4162.2
3376.91,0.0,20410.9,,,,,0.0,0.0,4162.2
3377.91,0.0,20410.9,,,,,0.0,0.0,4162.2
3378.91,0.0,20410.9,,,,,0.0,0.0,4162.2
3379.91,0.0,20410.9,,,,,0.0,0.0,4162.2
3380.91,0.0,20410.9,,,,,0.0,0.0,4162.2
3381.91,0.0,20410.9,,,,,0.0,0.0,4162.2
3382.91,0.0,20410.9,,,,,0.0,0.0,4162.2
3383.91,0.0,20410.9,,,,,0.0,0.0,4162.2
3384.91,0.0,20410.9,,,,,0.0,0.0,4162.2
3385.91,0.0,20410.9,,,,,0.0,0.0,4162.2
3386.91,0.0,20410.9,,,,,0.0,0.0,4162.2
3387.91,0.0,20410.9,,,,,0.0,0.0,4162.2
3388.91,0.0,20410.9,,,,,0.0,0.0,4162.2
3389.91,0.0,20410.9,,,,,0.0,0.0,4162.2
3390.91,0.0,20410.9,,,,,0.0,0.0,4162.2
3391.91,0.0,20410.9,,,,,0.0,0.0,4162.2
3392.91,0.0,20410.9,,,,,0.0,0.0,4162.2
3393.91,0.0,20410.9,,,,,0.0,0.0,4162.2
3394.91,0.0,20410.9,,,,,0.0,0.0,4162.2
3395.91,0.0,20410.9,,,,,0.0,0.0,4162.2
3396.91,0.0,20410.9,,,,,0.0,0.0,4162.2
3397.91,0.0,20410.9,,,,,0.0,0.0,4162.2
3398.91,0.0,20410.9,,,,,0.0,0.0,4162.2
3399.91,0.0,20410.9,,,,,0.0,0.0,4162.2
3400.91,0.0,20410.9,,,,,0.0,0.0,4162.2
3401.91,0.0,20410.9,,,,,0.0,0.0,4162.2
3402.91,0.0,20410.9,,,,,0.0,0.0,4162.2
3403.91,0.0,20410.9,,,,,0.0,0.0,4162.2
3404.91,0.0,20410.9,,,,,0.0,0.0,4162.2
3405.91,0.0,20410.9,,,,,0.0,0.0,4162.2
3406.91,0.0,20410.9,,,,,0.0,0.0,4162.2
3407.91,0.0,20410.9,,,,,0.0,0.0,4162.2
3408.91,0.0,20410.9,,,,,0.0,0.0,4162.2
3409.91,0.0,20410.9,,,,,0.0,0.0,4162.2
3410.91,0.0,20410.9,,,,,0.0,0.0,4162.2
3411.91,0.0,20410.9,,,,,0.0,0.0,4162.2
3412.91,0.0,20410.9,,,,,0.0,0.0,4162.2
3413.91,0.0,20410.9,,,,,0.0,0.0,4162.2
3414.91,0.0,20410.9,,,,,0.0,0.0,4162.2
3415.91,0.0,20410.9,,,,,0.0,0.0,4162.2
3416.91,0.0,20410.9,,,,,0.0,0.0,4162.2
3417.91,0.0,20410.9,,,,,0.0,0.0,4162.2
3418.91,0.0,20410.9,,,,,0.0,0.0,4162.2
3419.91,0.0,20410.9,,,,,0.0,0.0,4162.2
3420.91,0.0,20410.9,,,,,0.0,0.0,4162.2
3421.91,0.0,20410.9,,,,,0.0,0.0,4162.2
3422.91,0.0,20410.9,,,,,0.0,0.0,4162.2
3423.91,0.0,20410.9,,,,,0.0,0.0,4162.2
3424.91,0.0,20410.9,,,,,0.0,0.0,4162.2
3425.91,0.0,20410.9,,,,,0.0,0.0,4162.2
3426.91,0.0,20410.9,,,,,0.0,0.0,4162.2
3427.92,0.0,20410.9,,,,,0.0,0.0,4162.2
3428.92,0.0,20410.9,,,,,0.0,0.0,4162.2
3429.92,0.0,20410.9,,,,,0.0,0.0,4162.2
3430.92,0.0,20410.9,,,,,0.0,0.0,4162.2
3431.92,0.0,20410.9,,,,,0.0,0.0,4162.2
3432.92,0.0,20410.9,,,,,0.0,0.0,4162.2
3433.92,0.0,20410.9,,,,,0.0,0.0,4162.2
3434.92,0.0,20410.9,,,,,0.0,0.0,4162.2
3435.92,0.0,20410.9,,,,,0.0,0.0,4162.2
3436.92,0.0,20410.9,,,,,0.0,0.0,4162.2
3437.92,0.0,20410.9,,,,,0.0,0.0,4162.2
3438.92,0.0,20410.9,,,,,0.0,0.0,4162.2
3439.92,0.0,20410.9,,,,,0.0,0.0,4162.2
3440.92,0.0,20410.9,,,,,0.0,0.0,4162.2
3441.92,0.0,20410.9,,,,,0.0,0.0,4162.2
3442.92,0.0,20410.9,,,,,0.0,0.0,4162.2
3443.92,0.0,20410.9,,,,,0.0,0.0,4162.2
3444.92,0.0,20410.9,,,,,0.0,0.0,4162.2
3445.92,0.0,20410.9,,,,,0.0,0.0,4162.2
3446.92,0.0,20410.9,,,,,0.0,0.0,4162.2
3447.92,0.0,20410.9,,,,,0.0,0.0,4162.2
3448.92,0.0,20410.9,,,,,0.0,0.0,4162.2
3449.92,0.0,20410.9,,,,,0.0,0.0,4162.2
3450.92,0.0,20410.9,,,,,0.0,0.0,4162.2
3451.92,0.0,20410.9,,,,,0.0,0.0,4162.2
3452.92,0.0,20410.9,,,,,0.0,0.0,4162.2
3453.92,0.0,20410.9,,,,,0.0,0.0,4162.2
3454.92,0.0,20410.9,,,,,0.0,0.0,4162.2
3455.92,0.0,20410.9,,,,,0.0,0.0,4162.2
3456.92,0.0,20410.9,,,,,0.0,0.0,4162.2
3457.92,0.0,20410.9,,,,,0.0,0.0,4162.2
3458.92,0.0,20410.9,,,,,0.0,0.0,4162.2
3459.92,0.0,20410.9,,,,,0.0,0.0,4162.2
3460.92,0.0,20410.9,,,,,0.0,0.0,4162.2
3461.92,0.0,20410.9,,,,,0.0,0.0,4162.2
3462.92,0.0,20410.9,,,,,0.0,0.0,4162.2
3463.92,0.0,20410.9,,,,,0.0,0.0,4162.2
3464.92,0.0,20410.9,,,,,0.0,0.0,4162.2
3465.92,0.0,20410.9,,,,,0.0,0.0,4159.8
3466.92,0.0,20410.9,,,,,0.0,0.0,4158.8
3467.92,0.0,20410.9,,,,,0.0,0.0,4158.7
3468.92,0.0,20410.9,,,,,0.0,0.0,4158.7
3469.92,0.0,20410.9,,,,,0.0,0.0,4158.7
3470.92,0.0,20410.9,,,,,0.0,0.0,4158.7
3471.92,0.0,20410.9,,,,,0.0,0.0,4158.7
3472.92,0.0,20410.9,,,,,0.0,0.0,4158.7
3473.92,0.0,20410.9,,,,,0.0,0.0,4158.7
3474.92,0.0,20410.9,,,,,0.0,0.0,4158.7
3475.92,0.0,20410.9,,,,,0.0,0.0,4158.7
3476.92,0.0,20410.9,,,,,0.0,0.0,4158.7
3477.92,0.0,20410.9,,,,,0.0,0.0,4158.7
3478.92,0.0,20410.9,,,,,0.0,0.0,4158.7
3479.92,0.0,20410.9,,,,,0.0,0.0,4158.7
3480.92,0.0,20410.9,,,,,0.0,0.0,4158.7
3481.92,0.0,20410.9,,,,,0.0,0.0,4158.7
3482.92,0.0,20410.9,,,,,0.0,0.0,4158.7
3483.92,0.0,20410.9,,,,,0.0,0.0,4158.7
3484.93,0.0,20410.9,,,,,0.0,0.0,4158.7
3485.93,0.0,20410.9,,,,,0.0,0.0,4158.7
3486.93,0.0,20410.9,,,,,0.0,0.0,4158.7
3487.93,0.0,20410.9,,,,,0.0,0.0,4158.7
3488.93,0.0,20410.9,,,,,0.0,0.0,4158.7
3489.93,0.0,20410.9,,,,,0.0,0.0,4158.7
3490.93,0.0,20410.9,,,,,0.0,0.0,4158.7
3491.93,0.0,20410.9,,,,,0.0,0.0,4158.7
3492.93,0.0,20410.9,,,,,0.0,0.0,4158.7
3493.93,0.0,20410.9,,,,,0.0,0.0,4158.7
3494.93,0.0,20410.9,,,,,0.0,0.0,4158.7
3495.93,0.0,20410.9,,,,,0.0,0.0,4158.7
3496.93,0.0,20410.9,,,,,0.0,0.0,4158.7
3497.93,0.0,20410.9,,,,,0.0,0.0,4158.7
3498.93,0.0,20410.9,,,,,0.0,0.0,4158.7
3499.93,0.0,20410.9,,,,,0.0,0.0,4158.7
3500.93,0.0,20410.9,,,,,0.0,0.0,4158.7
3501.93,0.0,20410.9,,,,,0.0,0.0,4158.7
3502.93,0.0,20410.9,,,,,0.0,0.0,4158.7
3503.93,0.0,20410.9,,,,,0.0,0.0,4158.7
3504.93,0.0,20410.9,,,,,0.0,0.0,4158.7
3505.93,0.0,20410.9,,,,,0.0,0.0,4158.7
3506.93,0.0,20410.9,,,,,0.0,0.0,4158.7
3507.93,0.0,20410.9,,,,,0.0,0.0,4158.7
3508.93,0.0,20410.9,,,,,0.0,0.0,4158.7
3509.93,0.0,20410.9,,,,,0.0,0.0,4158.7
3510.93,0.0,20410.9,,,,,0.0,0.0,4158.7
3511.93,0.0,20410.9,,,,,0.0,0.0,4158.7
3512.93,0.0,20410.9,,,,,0.0,0.0,4158.7
3513.93,0.0,20410.9,,,,,0.0,0.0,4158.7
3514.93,0.0,20410.9,,,,,0.0,0.0,4158.7
3515.93,0.0,20410.9,,,,,0.0,0.0,4158.7
3516.93,0.0,20410.9,,,,,0.0,0.0,4158.7
3517.93,0.0,20410.9,,,,,0.0,0.0,4158.7
3518.93,0.0,20410.9,,,,,0.0,0.0,4158.7
3519.93,0.0,20410.9,,,,,0.0,0.0,4158.7
3520.93,0.0,20410.9,,,,,0.0,0.0,4158.7
3521.93,0.0,20410.9,,,,,0.0,0.0,4158.7
3522.93,0.0,20410.9,,,,,0.0,0.0,4158.7
3523.93,0.0,20410.9,,,,,0.0,0.0,4158.7
3524.93,0.0,20410.9,,,,,0.0,0.0,4158.7
3525.93,0.0,20410.9,,,,,0.0,0.0,4158.7
3526.93,0.0,20410.9,,,,,0.0,0.0,4158.7
3527.93,0.0,20410.9,,,,,0.0,0.0,4158.7
3528.93,0.0,20410.9,,,,,0.0,0.0,4158.7
3529.93,0.0,20410.9,,,,,0.0,0.0,4158.7
3530.93,0.0,20410.9,,,,,0.0,0.0,4158.7
3531.93,0.0,20410.9,,,,,0.0,0.0,4158.7
3532.93,0.0,20410.9,,,,,0.0,0.0,4158.7
3533.93,0.0,20410.9,,,,,0.0,0.0,4158.7
3534.94,0.0,20410.9,,,,,0.0,0.0,4158.7
3535.94,0.0,20410.9,,,,,0.0,0.0,4158.7
3536.94,0.0,20410.9,,,,,0.0,0.0,4158.7
3537.94,0.0,20410.9,,,,,0.0,0.0,4158.7
3538.94,0.0,20410.9,,,,,0.0,0.0,4158.7
3539.94,0.0,20410.9,,,,,0.0,0.0,4158.7
3540.94,0.0,20410.9,,,,,0.0,0.0,4158.7
3541.94,0.0,20410.9,,,,,0.0,0.0,4158.7
3542.94,0.0,20410.9,,,,,0.0,0.0,4158.7
3543.94,0.0,20410.9,,,,,0.0,0.0,4158.7
3544.94,0.0,20410.9,,,,,0.0,0.0,4158.7
3545.94,0.0,20410.9,,,,,0.0,0.0,4158.7
3546.94,0.0,20410.9,,,,,0.0,0.0,4158.7
3547.94,0.0,20410.9,,,,,0.0,0.0,4158.7
3548.94,0.0,20410.9,,,,,0.0,0.0,4158.7
3549.94,0.0,20410.9,,,,,0.0,0.0,4158.7
3550.94,0.0,20410.9,,,,,0.0,0.0,4158.7
3551.94,0.0,20410.9,,,,,0.0,0.0,4158.7
3552.94,0.0,20410.9,,,,,0.0,0.0,4158.7
3553.94,0.0,20410.9,,,,,0.0,0.0,4158.7
3554.94,0.0,20410.9,,,,,0.0,0.0,4158.7
3555.94,0.0,20410.9,,,,,0.0,0.0,4158.7
3556.94,0.0,20410.9,,,,,0.0,0.0,4158.7
3557.94,0.0,20410.9,,,,,0.0,0.0,4158.7
3558.94,0.0,20410.9,,,,,0.0,0.0,4158.7
3559.94,0.0,20410.9,,,,,0.0,0.0,4158.7
3560.94,0.0,20410.9,,,,,0.0,0.0,4158.7
3561.94,0.0,20410.9,,,,,0.0,0.0,4158.7
3562.94,0.0,20410.9,,,,,0.0,0.0,4158.7
3563.94,0.0,20410.9,,,,,0.0,0.0,4158.7
3564.94,0.0,20410.9,,,,,0.0,0.0,4158.7
3565.94,0.0,20410.9,,,,,0.0,0.0,4158.7
3566.94,0.0,20410.9,,,,,0.0,0.0,4158.7
3567.94,0.0,20410.9,,,,,0.0,0.0,4158.7
3568.94,0.0,20410.9,,,,,0.0,0.0,4158.7
3569.94,0.0,20410.9,,,,,0.0,0.0,4158.7
3570.94,0.0,20410.9,,,,,0.0,0.0,4158.7
3571.94,0.0,20410.9,,,,,0.0,0.0,4158.7
3572.94,0.0,20410.9,,,,,0.0,0.0,4158.7
3573.94,0.0,20410.9,,,,,0.0,0.0,4158.7
3574.94,0.0,20410.9,,,,,0.0,0.0,4158.7
3575.94,0.0,20410.9,,,,,0.0,0.0,4158.7
3576.94,0.0,20410.9,,,,,0.0,0.0,4158.7
3577.94,0.0,20410.9,,,,,0.0,0.0,4158.7
3578.94,0.0,20410.9,,,,,0.0,0.0,4158.7
3579.94,0.0,20410.9,,,,,0.0,0.0,4158.7
3580.94,0.0,20410.9,,,,,0.0,0.0,4158.7
3581.94,0.0,20410.9,,,,,0.0,0.0,4158.7
3582.94,0.0,20410.9,,,,,0.0,0.0,4158.7
3583.94,0.0,20410.9,,,,,0.0,0.0,4158.7
3584.94,0.0,20410.9,,,,,0.0,0.0,4158.7
3585.94,0.0,20410.9,,,,,0.0,0.0,4158.7
3586.94,0.0,20410.9,,,,,0.0,0.0,4158.7
3587.94,0.0,20410.9,,,,,0.0,0.0,4158.7
3588.94,0.0,20410.9,,,,,0.0,0.0,4158.7
3589.94,0.0,20410.9,,,,,0.0,0.0,4158.7
3590.94,0.0,20410.9,,,,,0.0,0.0,4158.7
3591.94,0.0,20410.9,,,,,0.0,0.0,4158.7
3592.94,0.0,20410.9,,,,,0.0,0.0,4158.7
3593.95,0.0,20410.9,,,,,0.0,0.0,4158.7
3594.95,0.0,20410.9,,,,,0.0,0.0,4158.7
3595.95,0.0,20410.9,,,,,0.0,0.0,4158.7
3596.95,0.0,20410.9,,,,,0.0,0.0,4158.7
3597.95,0.0,20410.9,,,,,0.0,0.0,4158.7
3598.95,0.0,20410.9,,,,,0.0,0.0,4158.7
3599.95,0.0,20410.9,,,,,0.0,0.0,4158.7
3600.95,0.0,20410.9,,,,,0.0,0.0,4158.7
3601.95,0.0,20410.9,,,,,0.0,0.0,4158.7
3602.95,0.0,20410.9,,,,,0.0,0.0,4158.7
3603.95,0.0,20410.9,,,,,0.0,0.0,4158.7
3604.95,0.0,20410.9,,,,,0.0,0.0,4158.7
3605.95,0.0,20410.9,,,,,0.0,0.0,4158.7
3606.95,0.0,20410.9,,,,,0.0,0.0,4158.7
3607.95,0.0,20410.9,,,,,0.0,0.0,4158.7
3608.95,0.0,20410.9,,,,,0.0,0.0,4158.7
3609.96,0.0,20410.9,,,,,0.0,0.0,4158.7
3610.96,0.0,20410.9,,,,,0.0,0.0,4158.7
3611.96,0.0,20410.9,,,,,0.0,0.0,4158.7
3612.96,0.0,20410.9,,,,,0.0,0.0,4158.7
3613.96,0.0,20410.9,,,,,0.0,0.0,4158.7
3614.96,0.0,20410.9,,,,,0.0,0.0,4158.7
3615.96,0.0,20410.9,,,,,0.0,0.0,4158.7
3616.96,0.0,20410.9,,,,,0.0,0.0,4158.7
3617.96,0.0,20410.9,,,,,0.0,0.0,4158.7
3618.96,0.0,20410.9,,,,,0.0,0.0,4158.7
3619.96,0.0,20410.9,,,,,0.0,0.0,4158.7
3620.96,0.0,20410.9,,,,,0.0,0.0,4158.7
3621.96,0.0,20410.9,,,,,0.0,0.0,4158.7
3622.96,0.0,20410.9,,,,,0.0,0.0,4158.7
3623.96,0.0,20410.9,,,,,0.0,0.0,4158.7
3624.96,0.0,20410.9,,,,,0.0,0.0,4158.7
3625.96,0.0,20410.9,,,,,0.0,0.0,4158.7
3626.96,0.0,20410.9,,,,,0.0,0.0,4158.7
3627.96,0.0,20410.9,,,,,0.0,0.0,4158.7
3628.96,0.0,20410.9,,,,,0.0,0.0,4325.8
3629.96,0.0,20410.9,,,,,0.0,0.0,4267.8
3630.96,0.0,20410.9,,,,,0.0,0.0,4486.5
3631.96,0.0,20410.9,,,,,0.0,0.0,4940.7
3632.96,0.0,20410.9,,,,,0.0,0.0,6067.7
3633.96,0.0,20410.9,,,,,0.0,0.0,6811.7
3634.96,0.0,20410.9,,,,,0.0,0.0,7490.3
3635.96,0.0,20410.9,,,,,0.0,0.0,7687.1
3636.96,0.0,20410.9,,,,,0.0,0.0,8030.8
3637.96,0.0,20417.1,,,,,0.0,0.0,8502.3
3638.96,0.0,20506.0,,,,,0.0,0.0,9647.6
3639.96,0.0,20568.5,,,,,0.0,0.0,10382.2
3640.96,0.0,20745.6,,,,,0.0,0.0,10393.8
3641.96,0.0,20745.6,,,,,0.0,0.0,10850.2
3642.96,0.0,20745.6,,,,,0.0,0.0,11003.9
3643.96,0.0,20751.7,,,,,0.0,0.0,11052.7
3644.96,0.0,20840.6,,,,,0.0,0.0,11107.9
3645.96,0.0,20914.5,,,,,0.0,0.0,11163.5
3646.96,0.0,21086.2,,,,,0.0,0.0,10714.7
3647.96,0.0,21086.2,,,,,0.0,0.0,10893.7
3648.96,0.0,21086.2,,,,,0.0,0.0,10937.2
3649.96,0.0,21086.2,,,,,0.0,0.0,10981.8
3650.97,0.0,21086.2,,,,,0.0,0.0,11038.6
3651.97,0.0,21119.7,,,,,0.0,0.0,11150.7
3652.97,64.75,21119.9,,,,,64.75,64.76,11214.5
3653.97,0.2,21121.8,,,,,0.08,0.31,11233.2
3654.97,0.12,21122.4,,,,,0.24,0.0,11238.1
3655.97,0.0,21122.4,,,,,0.0,0.0,11238.1
3656.97,0.0,21122.4,,,,,0.0,0.0,11238.3
3657.97,0.0,21122.4,,,,,0.0,0.0,11238.3
3658.97,0.0,21122.4,,,,,0.0,0.0,11238.3
3659.97,0.0,21122.4,,,,,0.0,0.0,11238.3
3660.97,0.0,21122.4,,,,,0.0,0.0,11238.3
3661.97,0.0,21122.4,,,,,0.0,0.0,11238.3
3662.97,0.0,21122.4,,,,,0.0,0.0,11238.3
3663.97,0.0,21122.4,,,,,0.0,0.0,11238.3
3664.97,0.0,21122.4,,,,,0.0,0.0,11238.3
3665.97,0.0,21122.4,,,,,0.0,0.0,11238.3
3666.97,0.0,21122.4,,,,,0.0,0.0,11238.3
3667.97,0.0,21122.4,,,,,0.0,0.0,11238.3
3668.97,0.0,21122.4,,,,,0.0,0.0,11238.3
3669.97,0.0,21122.4,,,,,0.0,0.0,11238.3
3670.97,0.0,21122.4,,,,,0.0,0.0,11238.3
3671.97,0.0,21122.4,,,,,0.0,0.0,11238.3
3672.97,0.0,21122.4,,,,,0.0,0.0,11238.3
3673.97,0.0,21122.4,,,,,0.0,0.0,11238.3
3674.97,0.0,21122.4,,,,,0.0,0.0,11238.3
3675.98,0.0,21122.4,,,,,0.0,0.0,11238.3
3676.98,0.0,21122.4,,,,,0.0,0.0,11238.3
3677.98,0.0,21122.4,,,,,0.0,0.0,11238.3
3678.98,0.0,21122.4,,,,,0.0,0.0,11238.3
3679.98,0.0,21122.4,,,,,0.0,0.0,11238.3
3680.98,0.0,21122.4,,,,,0.0,0.0,11238.3
3681.98,0.0,21122.4,,,,,0.0,0.0,11238.3
3682.98,0.0,21122.4,,,,,0.0,0.0,11238.3
3683.98,0.0,21122.4,,,,,0.0,0.0,11238.3
3684.98,0.0,21122.4,,,,,0.0,0.0,11238.3
3685.98,0.0,21122.4,,,,,0.0,0.0,11238.3
3686.98,0.0,21122.4,,,,,0.0,0.0,11238.3
3687.98,0.0,21122.4,,,,,0.0,0.0,11238.3
3688.98,0.0,21122.4,,,,,0.0,0.0,11238.3
3689.98,0.0,21122.4,,,,,0.0,0.0,11238.3
3690.98,0.0,21122.4,,,,,0.0,0.0,11238.3
3691.98,0.0,21122.4,,,,,0.0,0.0,11238.3
3692.98,0.0,21122.4,,,,,0.0,0.0,11238.3
3693.98,0.0,21122.4,,,,,0.0,0.0,11238.3
3694.98,0.0,21122.4,,,,,0.0,0.0,11238.3
3695.98,0.0,21122.4,,,,,0.0,0.0,11238.3
3696.98,0.0,21122.4,,,,,0.0,0.0,11238.3
3697.98,0.0,21122.4,,,,,0.0,0.0,11238.3
3698.98,0.0,21122.4,,,,,0.0,0.0,11238.3
3699.98,0.0,21122.4,,,,,0.0,0.0,11238.3
3700.98,0.0,21122.4,,,,,0.0,0.0,11238.3
3701.98,0.0,21122.4,,,,,0.0,0.0,11238.3
3702.98,0.0,21122.4,,,,,0.0,0.0,11238.3
3703.98,0.0,21122.4,,,,,0.0,0.0,11238.3
3704.98,0.0,21122.4,,,,,0.0,0.0,11238.3
3705.98,0.0,21122.4,,,,,0.0,0.0,11238.3
3706.98,0.0,21122.4,,,,,0.0,0.0,11238.3
3707.98,0.0,21122.4,,,,,0.0,0.0,11238.3
3708.98,0.0,21122.4,,,,,0.0,0.0,11238.3
3709.98,0.0,21122.4,,,,,0.0,0.0,11238.3
3710.98,0.0,21122.4,,,,,0.0,0.0,11238.3
3711.98,0.0,21122.4,,,,,0.0,0.0,11238.3
3712.98,0.0,21122.4,,,,,0.0,0.0,11238.3
3713.98,0.0,21122.4,,,,,0.0,0.0,11238.3
3714.98,0.0,21122.4,,,,,0.0,0.0,11238.3
3715.98,0.0,21122.4,,,,,0.0,0.0,11238.3
3716.98,0.0,21122.4,,,,,0.0,0.0,11238.3
3717.98,0.0,21122.4,,,,,0.0,0.0,11238.3
3718.99,0.0,21122.4,,,,,0.0,0.0,11238.3
3719.99,0.0,21122.4,,,,,0.0,0.0,11238.3
3720.99,0.0,21122.4,,,,,0.0,0.0,11238.3
3721.99,0.0,21122.4,,,,,0.0,0.0,11238.3
3722.99,0.0,21122.4,,,,,0.0,0.0,11238.3
3723.99,0.0,21122.4,,,,,0.0,0.0,11238.3
3724.99,0.0,21122.4,,,,,0.0,0.0,11238.3
3725.99,0.0,21122.4,,,,,0.0,0.0,11238.3
3726.99,0.0,21122.4,,,,,0.0,0.0,11238.3
3727.99,0.0,21122.4,,,,,0.0,0.0,11238.3
3728.99,0.0,21122.4,,,,,0.0,0.0,11238.3
3729.99,0.0,21122.4,,,,,0.0,0.0,11238.3
3730.99,0.0,21122.4,,,,,0.0,0.0,11238.3
3731.99,0.0,21122.4,,,,,0.0,0.0,11238.3
3732.99,0.0,21122.4,,,,,0.0,0.0,11238.3
3733.99,0.0,21122.4,,,,,0.0,0.0,11238.3
3734.99,0.0,21122.4,,,,,0.0,0.0,11238.3
3735.99,0.0,21122.4,,,,,0.0,0.0,11238.3
3736.99,0.0,21122.4,,,,,0.0,0.0,11238.3
3737.99,0.0,21122.4,,,,,0.0,0.0,11238.3
3738.99,0.0,21122.4,,,,,0.0,0.0,11238.3
3739.99,0.0,21122.4,,,,,0.0,0.0,11238.3
3740.99,0.0,21122.4,,,,,0.0,0.0,11238.3
3741.99,0.0,21122.4,,,,,0.0,0.0,11238.3
3742.99,0.0,21122.4,,,,,0.0,0.0,11238.3
3743.99,0.0,21122.4,,,,,0.0,0.0,11238.3
3744.99,0.0,21122.4,,,,,0.0,0.0,11238.3
3745.99,0.0,21122.4,,,,,0.0,0.0,11238.3
3746.99,0.0,21122.4,,,,,0.0,0.0,11238.3
3748.0,0.0,21122.4,,,,,0.0,0.0,11238.3
3749.0,0.0,21122.4,,,,,0.0,0.0,11238.3
3750.0,0.0,21122.4,,,,,0.0,0.0,11238.3
3751.0,0.0,21122.4,,,,,0.0,0.0,11238.3
3752.0,0.0,21122.4,,,,,0.0,0.0,11238.3
3753.0,0.0,21122.4,,,,,0.0,0.0,11238.3
3754.0,0.0,21122.4,,,,,0.0,0.0,11238.3
3755.0,0.0,21122.4,,,,,0.0,0.0,11238.3
3756.0,0.0,21122.4,,,,,0.0,0.0,11238.3
3757.0,0.0,21122.4,,,,,0.0,0.0,11238.3
3758.0,0.0,21122.4,,,,,0.0,0.0,11238.3
3759.0,0.0,21122.4,,,,,0.0,0.0,11238.3
3760.0,0.0,21122.4,,,,,0.0,0.0,11238.3
3761.0,0.0,21122.4,,,,,0.0,0.0,11238.3
3762.0,0.0,21122.4,,,,,0.0,0.0,11238.3
3763.0,0.0,21122.4,,,,,0.0,0.0,11238.3
3764.0,0.0,21122.4,,,,,0.0,0.0,11238.3
3765.0,0.0,21122.4,,,,,0.0,0.0,11238.3
3766.0,0.0,21122.4,,,,,0.0,0.0,11238.3
3767.0,0.0,21122.4,,,,,0.0,0.0,11238.3
3768.0,0.0,21122.4,,,,,0.0,0.0,11238.3
3769.0,0.0,21122.4,,,,,0.0,0.0,11238.3
3770.0,0.0,21122.4,,,,,0.0,0.0,11238.3
3771.0,0.0,21122.4,,,,,0.0,0.0,11238.3
3772.0,0.0,21122.4,,,,,0.0,0.0,11238.3
3773.0,0.0,21122.4,,,,,0.0,0.0,11238.3
3774.0,0.0,21122.4,,,,,0.0,0.0,11238.3
3775.0,0.0,21122.4,,,,,0.0,0.0,11238.3
3776.0,0.0,21122.4,,,,,0.0,0.0,11238.3
3777.0,0.0,21122.4,,,,,0.0,0.0,11238.3
3778.0,0.0,21122.4,,,,,0.0,0.0,11238.3
3779.0,0.0,21122.4,,,,,0.0,0.0,11238.3
3780.0,0.0,21122.4,,,,,0.0,0.0,11238.3
3781.01,0.0,21122.4,,,,,0.0,0.0,11238.3
3782.01,0.0,21122.4,,,,,0.0,0.0,11238.3
3783.01,0.0,21122.4,,,,,0.0,0.0,11238.3
3784.01,0.0,21122.4,,,,,0.0,0.0,11238.3
3785.01,0.0,21122.4,,,,,0.0,0.0,11238.3
3786.01,0.0,21122.4,,,,,0.0,0.0,11238.3
3787.01,0.0,21122.4,,,,,0.0,0.0,11238.3
3788.01,0.0,21122.4,,,,,0.0,0.0,11238.3
3789.01,0.0,21122.4,,,,,0.0,0.0,11238.3
3790.01,0.0,21122.4,,,,,0.0,0.0,11238.3
3791.01,0.0,21122.4,,,,,0.0,0.0,11238.3
3792.01,0.0,21122.4,,,,,0.0,0.0,11238.3
3793.01,0.0,21122.4,,,,,0.0,0.0,11238.3
3794.01,0.0,21122.4,,,,,0.0,0.0,11238.3
3795.01,0.0,21122.4,,,,,0.0,0.0,11238.3
3796.01,0.0,21122.4,,,,,0.0,0.0,11238.3
3797.01,0.0,21122.4,,,,,0.0,0.0,11238.3
3798.01,0.0,21122.4,,,,,0.0,0.0,11238.3
3799.01,0.0,21122.4,,,,,0.0,0.0,11238.3
3800.01,0.0,21122.4,,,,,0.0,0.0,11238.3
3801.01,0.0,21122.4,,,,,0.0,0.0,11238.3
3802.01,0.0,21122.4,,,,,0.0,0.0,11238.3
3803.01,0.0,21122.4,,,,,0.0,0.0,11238.3
3804.01,0.0,21122.4,,,,,0.0,0.0,11238.3
3805.01,0.0,21122.4,,,,,0.0,0.0,11238.3
3806.01,0.0,21122.4,,,,,0.0,0.0,11238.3
3807.01,0.0,21122.4,,,,,0.0,0.0,11256.2
3808.01,0.0,21197.5,,,,,0.0,0.0,11260.2
3809.01,0.0,21199.8,,,,,0.0,0.0,11296.5
3810.01,0.0,21199.8,,,,,0.0,0.0,11309.5
3811.01,0.0,21277.1,,,,,0.0,0.0,11342.0
3812.01,9.86,21281.6,,,,,9.86,9.86,11356.4
3813.01,0.0,21281.6,,,,,0.0,0.0,11409.3
3814.01,0.0,21281.6,,,,,0.0,0.0,11409.3
3815.01,0.0,21281.6,,,,,0.0,0.0,11409.3
3816.02,0.0,21281.6,,,,,0.0,0.0,11409.3
3817.02,0.0,21281.6,,,,,0.0,0.0,11409.3
3818.02,0.0,21281.6,,,,,0.0,0.0,11409.3
3819.02,0.0,21281.6,,,,,0.0,0.0,11409.3
3820.02,0.0,21281.6,,,,,0.0,0.0,11409.3
3821.02,0.0,21281.6,,,,,0.0,0.0,11409.3
3822.02,0.0,21281.6,,,,,0.0,0.0,11409.3
3823.02,0.0,21281.6,,,,,0.0,0.0,11409.3
3824.02,0.0,21281.6,,,,,0.0,0.0,11409.3
3825.02,0.0,21281.6,,,,,0.0,0.0,11409.3
3826.02,0.0,21281.6,,,,,0.0,0.0,11409.3
3827.02,0.0,21281.6,,,,,0.0,0.0,11409.3
3828.02,0.0,21281.6,,,,,0.0,0.0,11409.3
3829.02,0.0,21281.6,,,,,0.0,0.0,11409.3
3830.02,0.0,21281.6,,,,,0.0,0.0,11409.3
3831.02,0.0,21281.6,,,,,0.0,0.0,11409.3
3832.02,0.0,21281.6,,,,,0.0,0.0,11409.3
3833.02,0.0,21281.6,,,,,0.0,0.0,11409.3
3834.02,0.0,21281.6,,,,,0.0,0.0,11409.3
3835.02,0.0,21281.6,,,,,0.0,0.0,11409.3
3836.02,0.0,21281.6,,,,,0.0,0.0,11409.3
3837.02,0.0,21281.6,,,,,0.0,0.0,11409.3
3838.02,0.0,21281.6,,,,,0.0,0.0,11409.3
3839.02,0.0,21281.6,,,,,0.0,0.0,11409.3
3840.02,0.0,21281.6,,,,,0.0,0.0,11409.3
3841.02,0.0,21281.6,,,,,0.0,0.0,11409.3
3842.02,0.0,21281.6,,,,,0.0,0.0,11409.3
3843.02,0.0,21281.6,,,,,0.0,0.0,11409.3
3844.02,0.0,21281.6,,,,,0.0,0.0,11409.3
3845.02,0.0,21281.6,,,,,0.0,0.0,11409.3
3846.02,0.0,21281.6,,,,,0.0,0.0,11409.3
3847.02,0.0,21281.6,,,,,0.0,0.0,11409.3
3848.02,0.0,21281.6,,,,,0.0,0.0,11409.3
3849.02,0.0,21281.6,,,,,0.0,0.0,11409.3
3850.02,0.0,21281.6,,,,,0.0,0.0,11409.3
3851.02,0.0,21281.6,,,,,0.0,0.0,11409.3
3852.03,0.0,21281.6,,,,,0.0,0.0,11409.3
3853.03,0.0,21281.6,,,,,0.0,0.0,11409.3
3854.03,0.0,21281.6,,,,,0.0,0.0,11409.3
3855.03,0.0,21281.6,,,,,0.0,0.0,11409.3
3856.03,0.0,21281.6,,,,,0.0,0.0,11409.3
3857.03,0.0,21281.6,,,,,0.0,0.0,11409.3
3858.03,0.0,21281.6,,,,,0.0,0.0,11409.3
3859.03,0.0,21281.6,,,,,0.0,0.0,11409.3
3860.03,0.0,21281.6,,,,,0.0,0.0,11409.3
3861.03,0.0,21281.6,,,,,0.0,0.0,11409.3
3862.03,0.0,21281.6,,,,,0.0,0.0,11409.3
3863.03,0.0,21281.6,,,,,0.0,0.0,11409.3
3864.03,0.0,21281.6,,,,,0.0,0.0,11409.3
3865.03,0.0,21281.6,,,,,0.0,0.0,11409.3
3866.03,0.0,21281.6,,,,,0.0,0.0,11409.3
3867.03,0.0,21281.6,,,,,0.0,0.0,11409.3
3868.03,0.0,21281.6,,,,,0.0,0.0,11409.3
3869.03,0.0,21281.6,,,,,0.0,0.0,11409.3
3870.03,0.0,21281.6,,,,,0.0,0.0,11409.3
3871.03,0.0,21281.6,,,,,0.0,0.0,11409.3
3872.03,0.0,21281.6,,,,,0.0,0.0,11409.3
3873.03,0.0,21281.6,,,,,0.0,0.0,11409.3
3874.03,0.0,21281.6,,,,,0.0,0.0,11409.3
3875.03,0.0,21281.6,,,,,0.0,0.0,11409.3
3876.03,0.0,21281.6,,,,,0.0,0.0,11409.3
3877.03,0.0,21281.6,,,,,0.0,0.0,11409.3
3878.03,0.0,21281.6,,,,,0.0,0.0,11409.3
3879.03,0.0,21281.6,,,,,0.0,0.0,11409.3
3880.03,0.0,21281.6,,,,,0.0,0.0,11409.3
3881.03,0.0,21281.6,,,,,0.0,0.0,11409.3
3882.03,0.0,21281.6,,,,,0.0,0.0,11409.3
3883.03,0.0,21281.6,,,,,0.0,0.0,11409.3
3884.03,0.0,21281.6,,,,,0.0,0.0,11409.3
3885.03,0.0,21281.6,,,,,0.0,0.0,11409.3
3886.03,0.0,21281.6,,,,,0.0,0.0,11409.3
3887.03,0.0,21281.6,,,,,0.0,0.0,11409.3
3888.04,0.0,21281.6,,,,,0.0,0.0,11409.3
3889.04,0.0,21281.6,,,,,0.0,0.0,11409.3
3890.04,0.0,21281.6,,,,,0.0,0.0,11409.3
3891.04,0.0,21281.6,,,,,0.0,0.0,11409.3
3892.04,0.0,21281.6,,,,,0.0,0.0,11409.3
3893.04,0.0,21281.6,,,,,0.0,0.0,11409.3
3894.04,0.0,21281.6,,,,,0.0,0.0,11409.3
3895.04,0.0,21281.6,,,,,0.0,0.0,11409.3
3896.04,0.0,21281.6,,,,,0.0,0.0,11409.3
3897.04,0.0,21281.6,,,,,0.0,0.0,11409.3
3898.04,0.0,21281.6,,,,,0.0,0.0,11409.3
3899.04,0.0,21281.6,,,,,0.0,0.0,11409.3
3900.04,0.0,21281.6,,,,,0.0,0.0,11409.3
3901.04,0.0,21281.6,,,,,0.0,0.0,11409.3
3902.04,0.0,21281.6,,,,,0.0,0.0,11409.3
3903.04,0.0,21281.6,,,,,0.0,0.0,11409.3
3904.04,0.0,21281.6,,,,,0.0,0.0,11409.3
3905.04,0.0,21281.6,,,,,0.0,0.0,11409.3
3906.04,0.0,21281.6,,,,,0.0,0.0,11409.3
3907.04,0.0,21281.6,,,,,0.0,0.0,11409.3
3908.04,0.0,21281.6,,,,,0.0,0.0,11409.3
3909.04,0.0,21281.6,,,,,0.0,0.0,11409.3
3910.04,0.0,21281.6,,,,,0.0,0.0,11409.3
3911.04,0.0,21281.6,,,,,0.0,0.0,11409.3
3912.04,0.0,21281.6,,,,,0.0,0.0,11409.3
3913.05,0.0,21281.6,,,,,0.0,0.0,11409.3
3914.05,0.0,21281.6,,,,,0.0,0.0,11409.3
3915.05,0.0,21281.6,,,,,0.0,0.0,11409.3
3916.05,0.0,21281.6,,,,,0.0,0.0,11409.3
3917.05,0.0,21281.6,,,,,0.0,0.0,11409.3
3918.05,0.0,21281.6,,,,,0.0,0.0,11409.3
3919.05,0.0,21281.6,,,,,0.0,0.0,11409.3
3920.05,0.0,21281.6,,,,,0.0,0.0,11409.3
3921.05,0.0,21281.6,,,,,0.0,0.0,11409.3
3922.05,0.0,21281.6,,,,,0.0,0.0,11409.3
3923.05,0.0,21281.6,,,,,0.0,0.0,11409.3
3924.05,0.0,21281.6,,,,,0.0,0.0,11409.3
3925.05,0.0,21281.6,,,,,0.0,0.0,11409.3
3926.05,0.0,21281.6,,,,,0.0,0.0,11409.3
3927.05,0.0,21281.6,,,,,0.0,0.0,11409.3
3928.05,0.0,21281.6,,,,,0.0,0.0,11409.3
3929.05,0.0,21281.6,,,,,0.0,0.0,11409.3
3930.05,0.0,21281.6,,,,,0.0,0.0,11409.3
3931.05,0.0,21281.6,,,,,0.0,0.0,11409.3
3932.05,0.0,21281.6,,,,,0.0,0.0,11409.3
3933.05,0.0,21281.6,,,,,0.0,0.0,11409.3
3934.05,0.0,21281.6,,,,,0.0,0.0,11409.3
3935.05,0.0,21281.6,,,,,0.0,0.0,11409.3
3936.05,0.0,21281.6,,,,,0.0,0.0,11409.3
3937.05,0.0,21281.6,,,,,0.0,0.0,11409.3
3938.05,0.0,21281.6,,,,,0.0,0.0,11409.3
3939.05,0.0,21281.6,,,,,0.0,0.0,11409.3
3940.05,0.0,21281.6,,,,,0.0,0.0,11409.3
3941.05,0.0,21281.6,,,,,0.0,0.0,11409.3
3942.05,0.0,21281.6,,,,,0.0,0.0,11409.3
3943.05,0.0,21281.6,,,,,0.0,0.0,11409.3
3944.05,0.0,21281.6,,,,,0.0,0.0,11409.3
3945.05,0.0,21281.6,,,,,0.0,0.0,11409.3
3946.06,0.0,21281.6,,,,,0.0,0.0,11409.3
3947.06,0.0,21281.6,,,,,0.0,0.0,11409.3
3948.06,0.0,21281.6,,,,,0.0,0.0,11409.3
3949.06,0.0,21281.6,,,,,0.0,0.0,11409.3
3950.06,0.0,21281.6,,,,,0.0,0.0,11409.3
3951.06,0.0,21281.6,,,,,0.0,0.0,11409.3
3952.06,0.0,21281.6,,,,,0.0,0.0,11409.3
3953.06,0.0,21281.6,,,,,0.0,0.0,11409.3
3954.06,0.0,21281.6,,,,,0.0,0.0,11409.3
3955.06,0.0,21281.6,,,,,0.0,0.0,11409.3
3956.06,0.0,21281.6,,,,,0.0,0.0,11409.3
3957.06,0.0,21281.6,,,,,0.0,0.0,11409.3
3958.06,0.0,21281.6,,,,,0.0,0.0,11409.3
3959.06,0.0,21281.6,,,,,0.0,0.0,11409.3
3960.06,0.0,21281.6,,,,,0.0,0.0,11409.3
3961.06,0.0,21281.6,,,,,0.0,0.0,11409.3
3962.06,0.0,21281.6,,,,,0.0,0.0,11454.9
3963.06,0.0,21281.6,,,,,0.0,0.0,11513.0
3964.06,0.0,21358.9,,,,,0.0,0.0,11575.8
3965.06,0.0,21358.9,,,,,0.0,0.0,11714.7
3966.06,0.0,21358.9,,,,,0.0,0.0,11714.7
3967.06,0.0,21358.9,,,,,0.0,0.0,11714.7
3968.06,0.0,21358.9,,,,,0.0,0.0,11760.5
3969.06,0.0,21365.1,,,,,0.0,0.0,11920.8
3970.06,9.85,21440.7,,,,,9.85,9.86,12073.9
3971.06,0.0,21440.7,,,,,0.0,0.0,12073.9
3972.06,0.0,21440.7,,,,,0.0,0.0,12126.6
3973.06,0.0,21440.7,,,,,0.0,0.0,12126.7
3974.06,0.0,21440.7,,,,,0.0,0.0,12126.7
3975.06,0.0,21440.7,,,,,0.0,0.0,12126.7
3976.06,0.0,21440.7,,,,,0.0,0.0,12126.7
3977.06,0.0,21440.7,,,,,0.0,0.0,12126.7
3978.06,0.0,21440.7,,,,,0.0,0.0,12126.7
3979.06,0.0,21440.7,,,,,0.0,0.0,12126.7
3980.07,0.0,21440.7,,,,,0.0,0.0,12126.7
3981.07,0.0,21440.7,,,,,0.0,0.0,12126.7
3982.07,0.0,21440.7,,,,,0.0,0.0,12126.7
3983.07,0.0,21440.7,,,,,0.0,0.0,12126.7
3984.07,0.0,21440.7,,,,,0.0,0.0,12126.7
3985.07,0.0,21440.7,,,,,0.0,0.0,12126.7
3986.07,0.0,21440.7,,,,,0.0,0.0,12126.7
3987.07,0.0,21440.7,,,,,0.0,0.0,12126.7
3988.07,0.0,21440.7,,,,,0.0,0.0,12126.7
3989.07,0.0,21440.7,,,,,0.0,0.0,12126.7
3990.07,0.0,21440.7,,,,,0.0,0.0,12126.7
3991.07,0.0,21440.7,,,,,0.0,0.0,12126.7
3992.07,0.0,21440.7,,,,,0.0,0.0,12126.7
3993.07,0.0,21440.7,,,,,0.0,0.0,12126.7
3994.07,0.0,21440.7,,,,,0.0,0.0,12126.7
3995.07,0.0,21440.7,,,,,0.0,0.0,12126.7
3996.07,0.0,21440.7,,,,,0.0,0.0,12126.7
3997.07,0.0,21440.7,,,,,0.0,0.0,12126.7
3998.07,0.0,21440.7,,,,,0.0,0.0,12126.7
3999.07,0.0,21440.7,,,,,0.0,0.0,12126.7
4000.07,0.0,21440.7,,,,,0.0,0.0,12126.7
4001.07,0.0,21440.7,,,,,0.0,0.0,12126.7
4002.07,0.0,21440.7,,,,,0.0,0.0,12126.7
4003.07,0.0,21440.7,,,,,0.0,0.0,12126.7
4004.07,0.0,21440.7,,,,,0.0,0.0,12126.7
4005.07,0.0,21440.7,,,,,0.0,0.0,12126.7
4006.07,0.0,21440.7,,,,,0.0,0.0,12126.7
4007.07,0.0,21440.7,,,,,0.0,0.0,12126.7
4008.07,0.0,21440.7,,,,,0.0,0.0,12126.7
4009.07,0.0,21440.7,,,,,0.0,0.0,12126.7
4010.07,0.0,21440.7,,,,,0.0,0.0,12126.7
4011.07,0.0,21440.7,,,,,0.0,0.0,12126.7
4012.07,0.0,21440.7,,,,,0.0,0.0,12126.7
4013.07,0.0,21440.7,,,,,0.0,0.0,12126.7
4014.07,0.0,21440.7,,,,,0.0,0.0,12126.7
4015.07,0.0,21440.7,,,,,0.0,0.0,12126.7
4016.07,0.0,21440.7,,,,,0.0,0.0,12126.7
4017.07,0.0,21440.7,,,,,0.0,0.0,12126.7
4018.07,0.0,21440.7,,,,,0.0,0.0,12126.7
4019.07,0.0,21440.7,,,,,0.0,0.0,12126.7
4020.07,0.0,21440.7,,,,,0.0,0.0,12126.7
4021.07,0.0,21440.7,,,,,0.0,0.0,12126.7
4022.07,0.0,21440.7,,,,,0.0,0.0,12126.7
4023.07,0.0,21440.7,,,,,0.0,0.0,12126.7
4024.08,0.0,21440.7,,,,,0.0,0.0,12126.7
4025.08,0.0,21440.7,,,,,0.0,0.0,12126.7
4026.08,0.0,21440.7,,,,,0.0,0.0,12126.7
4027.08,0.0,21440.7,,,,,0.0,0.0,12126.7
4028.08,0.0,21440.7,,,,,0.0,0.0,12126.7
4029.08,0.0,21440.7,,,,,0.0,0.0,12126.7
4030.08,0.0,21440.7,,,,,0.0,0.0,12126.7
4031.08,0.0,21440.7,,,,,0.0,0.0,12126.7
4032.08,0.0,21440.7,,,,,0.0,0.0,12126.7
4033.08,0.0,21440.7,,,,,0.0,0.0,12126.7
4034.08,0.0,21440.7,,,,,0.0,0.0,12126.7
4035.08,0.0,21440.7,,,,,0.0,0.0,12126.7
4036.08,0.0,21440.7,,,,,0.0,0.0,12126.7
4037.08,0.0,21440.7,,,,,0.0,0.0,12126.7
4038.08,0.0,21440.7,,,,,0.0,0.0,12126.7
4039.08,0.0,21440.7,,,,,0.0,0.0,12126.7
4040.08,0.0,21440.7,,,,,0.0,0.0,12126.7
4041.08,0.0,21440.7,,,,,0.0,0.0,12126.7
4042.08,0.0,21440.7,,,,,0.0,0.0,12126.7
4043.08,0.0,21440.7,,,,,0.0,0.0,12126.7
4044.08,0.0,21440.7,,,,,0.0,0.0,12126.7
4045.08,0.0,21440.7,,,,,0.0,0.0,12126.7
4046.08,0.0,21440.7,,,,,0.0,0.0,12126.7
4047.08,0.0,21440.7,,,,,0.0,0.0,12126.7
4048.08,0.0,21440.7,,,,,0.0,0.0,12126.7
4049.08,0.0,21440.7,,,,,0.0,0.0,12126.7
4050.08,0.0,21440.7,,,,,0.0,0.0,12126.7
4051.08,0.0,21440.7,,,,,0.0,0.0,12126.7
4052.08,0.0,21440.7,,,,,0.0,0.0,12126.7
4053.08,0.0,21440.7,,,,,0.0,0.0,12126.7
4054.09,0.0,21440.7,,,,,0.0,0.0,12126.7
4055.09,0.0,21440.7,,,,,0.0,0.0,12126.7
4056.09,0.0,21440.7,,,,,0.0,0.0,12126.7
4057.09,0.0,21440.7,,,,,0.0,0.0,12126.7
4058.09,0.0,21440.7,,,,,0.0,0.0,12126.7
4059.09,0.0,21440.7,,,,,0.0,0.0,12126.7
4060.09,0.0,21440.7,,,,,0.0,0.0,12126.7
4061.09,0.0,21440.7,,,,,0.0,0.0,12126.7
4062.09,0.0,21440.7,,,,,0.0,0.0,12126.7
4063.09,0.0,21440.7,,,,,0.0,0.0,12126.7
4064.09,0.0,21440.7,,,,,0.0,0.0,12126.7
4065.09,0.0,21440.7,,,,,0.0,0.0,12126.7
4066.09,0.0,21440.7,,,,,0.0,0.0,12126.7
4067.09,0.0,21440.7,,,,,0.0,0.0,12126.7
4068.09,0.0,21440.7,,,,,0.0,0.0,12126.7
4069.09,0.0,21440.7,,,,,0.0,0.0,12126.7
4070.09,0.0,21440.7,,,,,0.0,0.0,12126.7
4071.09,0.0,21440.7,,,,,0.0,0.0,12126.7
4072.09,0.0,21440.7,,,,,0.0,0.0,12126.7
4073.09,0.0,21440.7,,,,,0.0,0.0,12126.7
4074.09,0.0,21440.7,,,,,0.0,0.0,12126.7
4075.09,0.0,21440.7,,,,,0.0,0.0,12126.7
4076.09,0.0,21440.7,,,,,0.0,0.0,12126.7
4077.09,0.0,21440.7,,,,,0.0,0.0,12126.7
4078.09,0.0,21440.7,,,,,0.0,0.0,12126.7
4079.09,0.0,21440.7,,,,,0.0,0.0,12126.7
4080.09,0.0,21440.7,,,,,0.0,0.0,12126.7
4081.09,0.0,21440.7,,,,,0.0,0.0,12126.7
4082.09,0.0,21440.7,,,,,0.0,0.0,12126.7
4083.09,0.0,21440.7,,,,,0.0,0.0,12126.7
4084.1,0.0,21440.7,,,,,0.0,0.0,12126.7
4085.1,0.0,21440.7,,,,,0.0,0.0,12126.7
4086.1,0.0,21440.7,,,,,0.0,0.0,12126.7
4087.1,0.0,21440.7,,,,,0.0,0.0,12126.7
4088.1,0.0,21440.7,,,,,0.0,0.0,12126.7
4089.1,0.0,21440.7,,,,,0.0,0.0,12126.7
4090.1,0.0,21440.7,,,,,0.0,0.0,12126.7
4091.1,0.0,21440.7,,,,,0.0,0.0,12126.7
4092.1,0.0,21440.7,,,,,0.0,0.0,12126.7
4093.1,0.0,21440.7,,,,,0.0,0.0,12126.7
4094.1,0.0,21440.7,,,,,0.0,0.0,12126.7
4095.1,0.0,21440.7,,,,,0.0,0.0,12126.7
4096.1,0.0,21440.7,,,,,0.0,0.0,12126.7
4097.1,0.0,21440.7,,,,,0.0,0.0,12126.7
4098.1,0.0,21440.7,,,,,0.0,0.0,12126.7
4099.1,0.0,21440.7,,,,,0.0,0.0,12126.7
4100.1,0.0,21440.7,,,,,0.0,0.0,12126.7
4101.1,0.0,21440.7,,,,,0.0,0.0,12126.7
4102.1,0.0,21440.7,,,,,0.0,0.0,12126.7
4103.1,0.0,21440.7,,,,,0.0,0.0,12126.7
4104.1,0.0,21440.7,,,,,0.0,0.0,12126.7
4105.1,0.0,21440.7,,,,,0.0,0.0,12126.7
4106.1,0.0,21440.7,,,,,0.0,0.0,12126.7
4107.1,0.0,21440.7,,,,,0.0,0.0,12126.7
4108.1,0.0,21440.7,,,,,0.0,0.0,12126.7
4109.1,0.0,21440.7,,,,,0.0,0.0,12126.7
4110.1,0.0,21440.7,,,,,0.0,0.0,12126.7
4111.1,0.0,21440.7,,,,,0.0,0.0,12126.7
4112.1,0.0,21440.7,,,,,0.0,0.0,12126.7
4113.1,0.0,21440.7,,,,,0.0,0.0,12126.7
4114.1,0.0,21440.7,,,,,0.0,0.0,12126.7
4115.1,0.0,21440.7,,,,,0.0,0.0,12126.7
4116.1,0.0,21440.7,,,,,0.0,0.0,12126.7
4117.1,0.0,21440.7,,,,,0.0,0.0,12126.7
4118.1,0.0,21440.7,,,,,0.0,0.0,12126.7
4119.1,0.0,21440.7,,,,,0.0,0.0,12126.7
4120.1,0.0,21440.7,,,,,0.0,0.0,12126.7
4121.1,0.0,21440.7,,,,,0.0,0.0,12126.7
4122.1,0.0,21440.7,,,,,0.0,0.0,12126.7
4123.1,0.0,21440.7,,,,,0.0,0.0,12419.1
4124.1,0.0,21441.5,,,,,0.0,0.0,12647.3
4125.1,0.0,21518.1,,,,,0.0,0.0,13149.6
4126.1,0.0,21521.4,,,,,0.0,0.0,13324.5
4127.11,9.86,21599.9,,,,,9.86,9.86,13479.7
4128.11,0.0,21599.9,,,,,0.0,0.0,13479.7
4129.11,0.0,21599.9,,,,,0.0,0.0,13532.2
4130.11,0.0,21599.9,,,,,0.0,0.0,13532.2
4131.11,0.0,21599.9,,,,,0.0,0.0,13532.2
4132.11,0.0,21599.9,,,,,0.0,0.0,13532.2
4133.11,0.0,21599.9,,,,,0.0,0.0,13532.2
4134.11,0.0,21599.9,,,,,0.0,0.0,13532.2
4135.11,0.0,21599.9,,,,,0.0,0.0,13532.2
4136.11,0.0,21599.9,,,,,0.0,0.0,13532.2
4137.11,0.0,21599.9,,,,,0.0,0.0,13532.2
4138.11,0.0,21599.9,,,,,0.0,0.0,13532.2
4139.11,0.0,21599.9,,,,,0.0,0.0,13532.2
4140.11,0.0,21599.9,,,,,0.0,0.0,13532.2
4141.11,0.0,21599.9,,,,,0.0,0.0,13532.2
4142.11,0.0,21599.9,,,,,0.0,0.0,13532.2
4143.11,0.0,21599.9,,,,,0.0,0.0,13532.2
4144.11,0.0,21599.9,,,,,0.0,0.0,13532.2
4145.11,0.0,21599.9,,,,,0.0,0.0,13532.2
4146.12,0.0,21599.9,,,,,0.0,0.0,13532.2
4147.12,0.0,21599.9,,,,,0.0,0.0,13532.2
4148.12,0.0,21599.9,,,,,0.0,0.0,13532.2
4149.12,0.0,21599.9,,,,,0.0,0.0,13532.2
4150.12,0.0,21599.9,,,,,0.0,0.0,13532.2
4151.12,0.0,21599.9,,,,,0.0,0.0,13532.2
4152.12,0.0,21599.9,,,,,0.0,0.0,13532.2
4153.12,0.0,21599.9,,,,,0.0,0.0,13532.2
4154.12,0.0,21599.9,,,,,0.0,0.0,13532.2
4155.12,0.0,21599.9,,,,,0.0,0.0,13532.2
4156.12,0.0,21599.9,,,,,0.0,0.0,13532.2
4157.12,0.0,21599.9,,,,,0.0,0.0,13532.2
4158.12,0.0,21599.9,,,,,0.0,0.0,13532.2
4159.12,0.0,21599.9,,,,,0.0,0.0,13532.2
4160.12,0.0,21599.9,,,,,0.0,0.0,13532.2
4161.12,0.0,21599.9,,,,,0.0,0.0,13532.2
4162.12,0.0,21599.9,,,,,0.0,0.0,13532.2
4163.12,0.0,21599.9,,,,,0.0,0.0,13532.2
4164.12,0.0,21599.9,,,,,0.0,0.0,13532.2
4165.12,0.0,21599.9,,,,,0.0,0.0,13532.2
4166.12,0.0,21599.9,,,,,0.0,0.0,13532.2
4167.12,0.0,21599.9,,,,,0.0,0.0,13532.2
4168.12,0.0,21599.9,,,,,0.0,0.0,13532.2
4169.12,0.0,21599.9,,,,,0.0,0.0,13532.2
4170.12,0.0,21599.9,,,,,0.0,0.0,13532.2
4171.12,0.0,21599.9,,,,,0.0,0.0,13532.2
4172.12,0.0,21599.9,,,,,0.0,0.0,13532.2
4173.12,0.0,21599.9,,,,,0.0,0.0,13532.2
4174.12,0.0,21599.9,,,,,0.0,0.0,13532.2
4175.12,0.0,21599.9,,,,,0.0,0.0,13532.2
4176.12,0.0,21599.9,,,,,0.0,0.0,13532.2
4177.12,0.0,21599.9,,,,,0.0,0.0,13532.2
4178.12,0.0,21599.9,,,,,0.0,0.0,13532.2
4179.12,0.0,21599.9,,,,,0.0,0.0,13532.2
4180.12,0.0,21599.9,,,,,0.0,0.0,13532.2
4181.12,0.0,21599.9,,,,,0.0,0.0,13532.2
4182.12,0.0,21599.9,,,,,0.0,0.0,13532.2
4183.12,0.0,21599.9,,,,,0.0,0.0,13532.2
4184.12,0.0,21599.9,,,,,0.0,0.0,13532.2
4185.13,0.0,21599.9,,,,,0.0,0.0,13532.2
4186.13,0.0,21599.9,,,,,0.0,0.0,13532.2
4187.13,0.0,21599.9,,,,,0.0,0.0,13532.2
4188.13,0.0,21599.9,,,,,0.0,0.0,13532.2
4189.13,0.0,21599.9,,,,,0.0,0.0,13532.2
4190.13,0.0,21599.9,,,,,0.0,0.0,13532.2
4191.13,0.0,21599.9,,,,,0.0,0.0,13532.2
4192.13,0.0,21599.9,,,,,0.0,0.0,13532.2
4193.13,0.0,21599.9,,,,,0.0,0.0,13532.2
4194.13,0.0,21599.9,,,,,0.0,0.0,13532.2
4195.13,0.0,21599.9,,,,,0.0,0.0,13532.2
4196.13,0.0,21599.9,,,,,0.0,0.0,13532.2
4197.13,0.0,21599.9,,,,,0.0,0.0,13532.2
4198.13,0.0,21599.9,,,,,0.0,0.0,13532.2
4199.13,0.0,21599.9,,,,,0.0,0.0,13532.2
4200.13,0.0,21599.9,,,,,0.0,0.0,13532.2
4201.13,0.0,21599.9,,,,,0.0,0.0,13532.2
4202.13,0.0,21599.9,,,,,0.0,0.0,13532.2
4203.13,0.0,21599.9,,,,,0.0,0.0,13532.2
4204.13,0.0,21599.9,,,,,0.0,0.0,13532.2
4205.13,0.0,21599.9,,,,,0.0,0.0,13532.2
4206.13,0.0,21599.9,,,,,0.0,0.0,13532.2
4207.13,0.0,21599.9,,,,,0.0,0.0,13532.2
4208.13,0.0,21599.9,,,,,0.0,0.0,13532.2
4209.13,0.0,21599.9,,,,,0.0,0.0,13532.2
4210.13,0.0,21599.9,,,,,0.0,0.0,13532.2
4211.13,0.0,21599.9,,,,,0.0,0.0,13532.2
4212.13,0.0,21599.9,,,,,0.0,0.0,13532.2
4213.13,0.0,21599.9,,,,,0.0,0.0,13532.2
4214.14,0.0,21599.9,,,,,0.0,0.0,13532.2
4215.14,0.0,21599.9,,,,,0.0,0.0,13532.2
4216.14,0.0,21599.9,,,,,0.0,0.0,13532.2
4217.14,0.0,21599.9,,,,,0.0,0.0,13532.2
4218.14,0.0,21599.9,,,,,0.0,0.0,13532.2
4219.14,0.0,21599.9,,,,,0.0,0.0,13532.2
4220.14,0.0,21599.9,,,,,0.0,0.0,13532.2
4221.14,0.0,21599.9,,,,,0.0,0.0,13532.2
4222.14,0.0,21599.9,,,,,0.0,0.0,13532.2
4223.14,0.0,21599.9,,,,,0.0,0.0,13532.2
4224.14,0.0,21599.9,,,,,0.0,0.0,13532.2
4225.14,0.0,21599.9,,,,,0.0,0.0,13532.2
4226.14,0.0,21599.9,,,,,0.0,0.0,13532.2
4227.14,0.0,21599.9,,,,,0.0,0.0,13532.2
4228.14,0.0,21599.9,,,,,0.0,0.0,13532.2
4229.14,0.0,21599.9,,,,,0.0,0.0,13532.2
4230.14,0.0,21599.9,,,,,0.0,0.0,13532.2
4231.14,0.0,21599.9,,,,,0.0,0.0,13532.2
4232.14,0.0,21599.9,,,,,0.0,0.0,13532.2
4233.14,0.0,21599.9,,,,,0.0,0.0,13532.2
4234.14,0.0,21599.9,,,,,0.0,0.0,13532.2
4235.14,0.0,21599.9,,,,,0.0,0.0,13532.2
4236.14,0.0,21599.9,,,,,0.0,0.0,13532.2
4237.14,0.0,21599.9,,,,,0.0,0.0,13532.2
4238.14,0.0,21599.9,,,,,0.0,0.0,13532.2
4239.14,0.0,21599.9,,,,,0.0,0.0,13532.2
4240.14,0.0,21599.9,,,,,0.0,0.0,13532.2
4241.14,0.0,21599.9,,,,,0.0,0.0,13532.2
4242.14,0.0,21599.9,,,,,0.0,0.0,13532.2
4243.14,0.0,21599.9,,,,,0.0,0.0,13532.2
4244.14,0.0,21599.9,,,,,0.0,0.0,13532.2
4245.15,0.0,21599.9,,,,,0.0,0.0,13532.2
4246.15,0.0,21599.9,,,,,0.0,0.0,13532.2
4247.15,0.0,21599.9,,,,,0.0,0.0,13532.2
4248.15,0.0,21599.9,,,,,0.0,0.0,13532.2
4249.15,0.0,21599.9,,,,,0.0,0.0,13532.2
4250.15,0.0,21599.9,,,,,0.0,0.0,13532.2
4251.15,0.0,21599.9,,,,,0.0,0.0,13532.2
4252.15,0.0,21599.9,,,,,0.0,0.0,13532.2
4253.15,0.0,21599.9,,,,,0.0,0.0,13532.2
4254.15,0.0,21599.9,,,,,0.0,0.0,13532.2
4255.15,0.0,21599.9,,,,,0.0,0.0,13532.2
4256.15,0.0,21599.9,,,,,0.0,0.0,13532.2
4257.15,0.0,21599.9,,,,,0.0,0.0,13532.2
4258.15,0.0,21599.9,,,,,0.0,0.0,13532.2
4259.15,0.0,21599.9,,,,,0.0,0.0,13532.2
4260.15,0.0,21599.9,,,,,0.0,0.0,13532.2
4261.15,0.0,21599.9,,,,,0.0,0.0,13532.2
4262.15,0.0,21599.9,,,,,0.0,0.0,13532.2
4263.15,0.0,21599.9,,,,,0.0,0.0,13532.2
4264.15,0.0,21599.9,,,,,0.0,0.0,13532.2
4265.15,0.0,21599.9,,,,,0.0,0.0,13532.2
4266.15,0.0,21599.9,,,,,0.0,0.0,13532.2
4267.15,0.0,21599.9,,,,,0.0,0.0,13532.2
4268.15,0.0,21599.9,,,,,0.0,0.0,13532.2
4269.15,0.0,21599.9,,,,,0.0,0.0,13532.2
4270.15,0.0,21599.9,,,,,0.0,0.0,13532.2
4271.15,0.0,21599.9,,,,,0.0,0.0,13532.2
4272.15,0.0,21599.9,,,,,0.0,0.0,13532.2
4273.15,0.0,21599.9,,,,,0.0,0.0,13532.2
4274.15,0.0,21599.9,,,,,0.0,0.0,13532.2
4275.15,0.0,21599.9,,,,,0.0,0.0,13532.2
4276.15,0.0,21599.9,,,,,0.0,0.0,13532.2
4277.15,0.0,21599.9,,,,,0.0,0.0,13532.2
4278.15,0.0,21599.9,,,,,0.0,0.0,13532.2
4279.16,0.0,21599.9,,,,,0.0,0.0,13532.2
4280.16,0.0,21599.9,,,,,0.0,0.0,13532.2
4281.16,0.0,21599.9,,,,,0.0,0.0,13532.2
4282.16,0.0,21599.9,,,,,0.0,0.0,13532.2
4283.16,0.0,21599.9,,,,,0.0,0.0,13532.2
4284.16,0.0,21599.9,,,,,0.0,0.0,13584.7
4285.16,0.0,21599.9,,,,,0.0,0.0,14353.3
4286.16,0.0,21680.7,,,,,0.0,0.0,14644.9
4287.16,9.85,21759.0,,,,,9.85,9.85,14884.9
4288.16,0.0,21759.0,,,,,0.0,0.0,14884.9
4289.16,0.0,21759.0,,,,,0.0,0.0,14885.0
4290.16,0.0,21759.0,,,,,0.0,0.0,14885.0
4291.16,0.0,21759.0,,,,,0.0,0.0,14885.0
4292.16,0.0,21759.0,,,,,0.0,0.0,14885.0
4293.16,0.0,21759.0,,,,,0.0,0.0,14885.0
4294.16,0.0,21759.0,,,,,0.0,0.0,14885.0
4295.16,0.0,21759.0,,,,,0.0,0.0,14885.0
4296.16,0.0,21759.0,,,,,0.0,0.0,14885.0
4297.16,0.0,21759.0,,,,,0.0,0.0,14885.0
4298.16,0.0,21759.0,,,,,0.0,0.0,14885.0
4299.16,0.0,21759.0,,,,,0.0,0.0,14885.0
4300.16,0.0,21759.0,,,,,0.0,0.0,14885.0
4301.16,0.0,21759.0,,,,,0.0,0.0,14885.0
4302.16,0.0,21759.0,,,,,0.0,0.0,14885.0
4303.16,0.0,21759.0,,,,,0.0,0.0,14885.0
4304.16,0.0,21759.0,,,,,0.0,0.0,14885.0
4305.16,0.0,21759.0,,,,,0.0,0.0,14885.0
4306.16,0.0,21759.0,,,,,0.0,0.0,14885.0
4307.16,0.0,21759.0,,,,,0.0,0.0,14885.0
4308.16,0.0,21759.0,,,,,0.0,0.0,14885.0
4309.16,0.0,21759.0,,,,,0.0,0.0,14885.0
4310.16,0.0,21759.0,,,,,0.0,0.0,14885.0
4311.16,0.0,21759.0,,,,,0.0,0.0,14885.0
4312.16,0.0,21759.0,,,,,0.0,0.0,14885.0
4313.16,0.0,21759.0,,,,,0.0,0.0,14885.0
4314.16,0.0,21759.0,,,,,0.0,0.0,14885.0
4315.16,0.0,21759.0,,,,,0.0,0.0,14885.0
4316.16,0.0,21759.0,,,,,0.0,0.0,14885.0
4317.16,0.0,21759.0,,,,,0.0,0.0,14885.0
4318.16,0.0,21759.0,,,,,0.0,0.0,14885.0
4319.17,0.0,21759.0,,,,,0.0,0.0,14885.0
4320.17,0.0,21759.0,,,,,0.0,0.0,14885.0
4321.17,0.0,21759.0,,,,,0.0,0.0,14885.0
4322.17,0.0,21759.0,,,,,0.0,0.0,14885.0
4323.17,0.0,21759.0,,,,,0.0,0.0,14885.0
4324.17,0.0,21759.0,,,,,0.0,0.0,14885.0
4325.17,0.0,21759.0,,,,,0.0,0.0,14885.0
4326.17,0.0,21759.0,,,,,0.0,0.0,14885.0
4327.17,0.0,21759.0,,,,,0.0,0.0,14885.0
4328.17,0.0,21759.0,,,,,0.0,0.0,14885.0
4329.17,0.0,21759.0,,,,,0.0,0.0,14885.0
4330.17,0.0,21759.0,,,,,0.0,0.0,14885.0
4331.17,0.0,21759.0,,,,,0.0,0.0,14885.0
4332.17,0.0,21759.0,,,,,0.0,0.0,14885.0
4333.17,0.0,21759.0,,,,,0.0,0.0,14885.0
4334.17,0.0,21759.0,,,,,0.0,0.0,14885.0
4335.17,0.0,21759.0,,,,,0.0,0.0,14885.0
4336.17,0.0,21759.0,,,,,0.0,0.0,14885.0
4337.17,0.0,21759.0,,,,,0.0,0.0,14885.0
4338.17,0.0,21759.0,,,,,0.0,0.0,14885.0
4339.17,0.0,21759.0,,,,,0.0,0.0,14885.0
4340.17,0.0,21759.0,,,,,0.0,0.0,14885.0
4341.17,0.0,21759.0,,,,,0.0,0.0,14885.0
4342.17,0.0,21759.0,,,,,0.0,0.0,14885.0
4343.17,0.0,21759.0,,,,,0.0,0.0,14885.0
4344.17,0.0,21759.0,,,,,0.0,0.0,14885.0
4345.17,0.0,21759.0,,,,,0.0,0.0,14885.0
4346.17,0.0,21759.0,,,,,0.0,0.0,14885.0
4347.17,0.0,21759.0,,,,,0.0,0.0,14885.0
4348.17,0.0,21759.0,,,,,0.0,0.0,14885.0
4349.17,0.0,21759.0,,,,,0.0,0.0,14885.0
4350.17,0.0,21759.0,,,,,0.0,0.0,14885.0
4351.17,0.0,21759.0,,,,,0.0,0.0,14885.0
4352.17,0.0,21759.0,,,,,0.0,0.0,14885.0
4353.17,0.0,21759.0,,,,,0.0,0.0,14885.0
4354.17,0.0,21759.0,,,,,0.0,0.0,14885.0
4355.17,0.0,21759.0,,,,,0.0,0.0,14885.0
4356.18,0.0,21759.0,,,,,0.0,0.0,14885.0
4357.18,0.0,21759.0,,,,,0.0,0.0,14885.0
4358.18,0.0,21759.0,,,,,0.0,0.0,14885.0
4359.18,0.0,21759.0,,,,,0.0,0.0,14885.0
4360.18,0.0,21759.0,,,,,0.0,0.0,14885.0
4361.18,0.0,21759.0,,,,,0.0,0.0,14885.0
4362.18,0.0,21759.0,,,,,0.0,0.0,14885.0
4363.18,0.0,21759.0,,,,,0.0,0.0,14885.0
4364.18,0.0,21759.0,,,,,0.0,0.0,14885.0
4365.18,0.0,21759.0,,,,,0.0,0.0,14885.0
4366.18,0.0,21759.0,,,,,0.0,0.0,14885.0
4367.18,0.0,21759.0,,,,,0.0,0.0,14885.0
4368.18,0.0,21759.0,,,,,0.0,0.0,14885.0
4369.18,0.0,21759.0,,,,,0.0,0.0,14885.0
4370.18,0.0,21759.0,,,,,0.0,0.0,14885.0
4371.18,0.0,21759.0,,,,,0.0,0.0,14885.0
4372.18,0.0,21759.0,,,,,0.0,0.0,14885.0
4373.18,0.0,21759.0,,,,,0.0,0.0,14885.0
4374.18,0.0,21759.0,,,,,0.0,0.0,14885.0
4375.18,0.0,21759.0,,,,,0.0,0.0,14885.0
4376.18,0.0,21759.0,,,,,0.0,0.0,14885.0
4377.18,0.0,21759.0,,,,,0.0,0.0,14885.0
4378.18,0.0,21759.0,,,,,0.0,0.0,14885.0
4379.18,0.0,21759.0,,,,,0.0,0.0,14885.0
4380.18,0.0,21759.0,,,,,0.0,0.0,14885.0
4381.18,0.0,21759.0,,,,,0.0,0.0,14885.0
4382.18,0.0,21759.0,,,,,0.0,0.0,14900.2
4383.18,0.0,21799.6,,,,,0.0,0.0,14967.3
4384.18,0.0,21799.6,,,,,0.0,0.0,14967.3
4385.18,0.0,21799.6,,,,,0.0,0.0,14982.6
4386.18,5.09,21842.9,,,,,5.09,5.09,15061.1
4387.18,0.0,21842.9,,,,,0.0,0.0,15092.7
4388.18,0.0,21842.9,,,,,0.0,0.0,15092.7
4389.18,0.0,21842.9,,,,,0.0,0.0,15092.7
4390.18,0.0,21842.9,,,,,0.0,0.0,15092.7
4391.18,0.0,21842.9,,,,,0.0,0.0,15092.7
4392.18,0.0,21842.9,,,,,0.0,0.0,15092.7
4393.18,0.0,21842.9,,,,,0.0,0.0,15092.7
4394.19,0.0,21842.9,,,,,0.0,0.0,15092.7
4395.19,0.0,21842.9,,,,,0.0,0.0,15092.7
4396.19,0.0,21842.9,,,,,0.0,0.0,15092.7
4397.19,0.0,21842.9,,,,,0.0,0.0,15092.7
4398.19,0.0,21842.9,,,,,0.0,0.0,15092.7
4399.19,0.0,21842.9,,,,,0.0,0.0,15092.7
4400.19,0.0,21842.9,,,,,0.0,0.0,15092.7
4401.19,0.0,21842.9,,,,,0.0,0.0,15092.7
4402.19,0.0,21842.9,,,,,0.0,0.0,15092.7
4403.19,0.0,21842.9,,,,,0.0,0.0,15092.7
4404.19,0.0,21842.9,,,,,0.0,0.0,15092.7
4405.19,0.0,21842.9,,,,,0.0,0.0,15092.7
4406.19,0.0,21842.9,,,,,0.0,0.0,15092.7
4407.19,0.0,21842.9,,,,,0.0,0.0,15092.7
4408.19,0.0,21842.9,,,,,0.0,0.0,15092.7
4409.19,0.0,21842.9,,,,,0.0,0.0,15092.7
4410.19,0.0,21842.9,,,,,0.0,0.0,15092.7
4411.19,0.0,21842.9,,,,,0.0,0.0,15092.7
4412.19,0.0,21842.9,,,,,0.0,0.0,15092.7
4413.19,0.0,21842.9,,,,,0.0,0.0,15092.7
4414.19,0.0,21842.9,,,,,0.0,0.0,15092.7
4415.19,0.0,21842.9,,,,,0.0,0.0,15092.7
4416.19,0.0,21842.9,,,,,0.0,0.0,15092.7
4417.19,0.0,21842.9,,,,,0.0,0.0,15092.7
4418.19,0.0,21842.9,,,,,0.0,0.0,15092.7
4419.19,0.0,21842.9,,,,,0.0,0.0,15092.7
4420.19,0.0,21842.9,,,,,0.0,0.0,15092.7
4421.19,0.0,21842.9,,,,,0.0,0.0,15092.7
4422.19,0.0,21842.9,,,,,0.0,0.0,15092.7
4423.19,0.0,21842.9,,,,,0.0,0.0,15092.7
4424.19,0.0,21842.9,,,,,0.0,0.0,15092.7
4425.19,0.0,21842.9,,,,,0.0,0.0,15092.7
4426.19,0.0,21842.9,,,,,0.0,0.0,15092.7
4427.19,0.0,21842.9,,,,,0.0,0.0,15092.7
4428.19,0.0,21842.9,,,,,0.0,0.0,15092.7
4429.19,0.0,21842.9,,,,,0.0,0.0,15092.7
4430.19,0.0,21842.9,,,,,0.0,0.0,15092.7
4431.19,0.0,21842.9,,,,,0.0,0.0,15092.7
4432.19,0.0,21842.9,,,,,0.0,0.0,15092.7
4433.19,0.0,21842.9,,,,,0.0,0.0,15092.7
4434.19,0.0,21842.9,,,,,0.0,0.0,15092.7
4435.19,0.0,21842.9,,,,,0.0,0.0,15092.7
4436.19,0.0,21842.9,,,,,0.0,0.0,15092.7
4437.19,0.0,21842.9,,,,,0.0,0.0,15092.7
4438.19,0.0,21842.9,,,,,0.0,0.0,15092.7
4439.19,0.0,21842.9,,,,,0.0,0.0,15092.7
4440.19,0.0,21842.9,,,,,0.0,0.0,15092.7
4441.19,0.0,21842.9,,,,,0.0,0.0,15092.7
4442.19,0.0,21842.9,,,,,0.0,0.0,15092.7
4443.19,0.0,21842.9,,,,,0.0,0.0,15092.7
4444.2,0.0,21842.9,,,,,0.0,0.0,15092.7
4445.2,0.0,21842.9,,,,,0.0,0.0,15092.7
4446.2,0.0,21842.9,,,,,0.0,0.0,15092.7
4447.2,0.0,21842.9,,,,,0.0,0.0,15092.7
4448.2,0.0,21842.9,,,,,0.0,0.0,15092.7
4449.2,0.0,21842.9,,,,,0.0,0.0,15092.7
4450.2,0.0,21842.9,,,,,0.0,0.0,15092.7
4451.2,0.0,21842.9,,,,,0.0,0.0,15092.7
4452.2,0.0,21842.9,,,,,0.0,0.0,15092.7
4453.2,0.0,21842.9,,,,,0.0,0.0,15092.7
4454.2,0.0,21842.9,,,,,0.0,0.0,15092.7
4455.2,0.0,21842.9,,,,,0.0,0.0,15092.7
4456.2,0.0,21842.9,,,,,0.0,0.0,15092.7
4457.2,0.0,21842.9,,,,,0.0,0.0,15092.7
4458.2,0.0,21842.9,,,,,0.0,0.0,15092.7
4459.2,0.0,21842.9,,,,,0.0,0.0,15092.7
4460.2,0.0,21842.9,,,,,0.0,0.0,15092.7
4461.2,0.0,21842.9,,,,,0.0,0.0,15092.7
4462.21,0.0,21842.9,,,,,0.0,0.0,15092.7
4463.21,0.0,21842.9,,,,,0.0,0.0,15092.7
4464.21,0.0,21842.9,,,,,0.0,0.0,15092.7
4465.21,0.0,21842.9,,,,,0.0,0.0,15092.7
4466.21,0.0,21842.9,,,,,0.0,0.0,15092.7
4467.21,0.0,21842.9,,,,,0.0,0.0,15092.7
4468.21,0.0,21842.9,,,,,0.0,0.0,15092.7
4469.21,0.0,21842.9,,,,,0.0,0.0,15092.7
4470.21,0.0,21842.9,,,,,0.0,0.0,15092.7
4471.21,0.0,21842.9,,,,,0.0,0.0,15092.7
4472.21,0.0,21842.9,,,,,0.0,0.0,15092.7
4473.21,0.0,21842.9,,,,,0.0,0.0,15092.7
4474.21,0.0,21842.9,,,,,0.0,0.0,15092.7
4475.21,0.0,21842.9,,,,,0.0,0.0,15092.7
4476.21,0.0,21842.9,,,,,0.0,0.0,15092.7
4477.21,0.0,21842.9,,,,,0.0,0.0,15092.7
4478.21,0.0,21842.9,,,,,0.0,0.0,15092.7
4479.21,0.0,21842.9,,,,,0.0,0.0,15128.0
4480.21,0.0,21846.3,,,,,0.0,0.0,15395.6
4481.21,0.0,21883.4,,,,,0.0,0.0,15469.8
4482.21,0.0,21883.4,,,,,0.0,0.0,15469.8
4483.21,0.0,21883.4,,,,,0.0,0.0,15469.8
4484.21,0.0,21883.4,,,,,0.0,0.0,15469.8
4485.21,0.0,21883.4,,,,,0.0,0.0,15739.9
4486.21,5.09,21926.7,,,,,5.09,5.09,15858.5
4487.21,0.0,21926.7,,,,,0.0,0.0,15888.9
4488.21,0.0,21926.7,,,,,0.0,0.0,15888.9
4489.21,0.0,21926.7,,,,,0.0,0.0,15888.9
4490.21,0.0,21926.7,,,,,0.0,0.0,15888.9
4491.21,0.0,21926.7,,,,,0.0,0.0,15888.9
4492.21,0.0,21926.7,,,,,0.0,0.0,15888.9
4493.21,0.0,21926.7,,,,,0.0,0.0,15888.9
4494.21,0.0,21926.7,,,,,0.0,0.0,15888.9
4495.21,0.0,21926.7,,,,,0.0,0.0,15888.9
4496.21,0.0,21926.7,,,,,0.0,0.0,15888.9
4497.21,0.0,21926.7,,,,,0.0,0.0,15888.9
4498.21,0.0,21926.7,,,,,0.0,0.0,15888.9
4499.21,0.0,21926.7,,,,,0.0,0.0,15888.9
4500.21,0.0,21926.7,,,,,0.0,0.0,15888.9
4501.21,0.0,21926.7,,,,,0.0,0.0,15888.9
4502.21,0.0,21926.7,,,,,0.0,0.0,15888.9
4503.21,0.0,21926.7,,,,,0.0,0.0,15888.9
4504.21,0.0,21926.7,,,,,0.0,0.0,15888.9
4505.21,0.0,21926.7,,,,,0.0,0.0,15888.9
4506.21,0.0,21926.7,,,,,0.0,0.0,15888.9
4507.21,0.0,21926.7,,,,,0.0,0.0,15888.9
4508.21,0.0,21926.7,,,,,0.0,0.0,15888.9
4509.21,0.0,21926.7,,,,,0.0,0.0,15888.9
4510.22,0.0,21926.7,,,,,0.0,0.0,15888.9
4511.22,0.0,21926.7,,,,,0.0,0.0,15888.9
4512.22,0.0,21926.7,,,,,0.0,0.0,15888.9
4513.22,0.0,21926.7,,,,,0.0,0.0,15888.9
4514.22,0.0,21926.7,,,,,0.0,0.0,15888.9
4515.22,0.0,21926.7,,,,,0.0,0.0,15888.9
4516.22,0.0,21926.7,,,,,0.0,0.0,15888.9
4517.22,0.0,21926.7,,,,,0.0,0.0,15888.9
4518.22,0.0,21926.7,,,,,0.0,0.0,15888.9
4519.22,0.0,21926.7,,,,,0.0,0.0,15888.9
4520.22,0.0,21926.7,,,,,0.0,0.0,15888.9
4521.22,0.0,21926.7,,,,,0.0,0.0,15888.9
4522.22,0.0,21926.7,,,,,0.0,0.0,15888.9
4523.22,0.0,21926.7,,,,,0.0,0.0,15888.9
4524.22,0.0,21926.7,,,,,0.0,0.0,15888.9
4525.22,0.0,21926.7,,,,,0.0,0.0,15888.9
4526.22,0.0,21926.7,,,,,0.0,0.0,15888.9
4527.22,0.0,21926.7,,,,,0.0,0.0,15888.9
4528.22,0.0,21926.7,,,,,0.0,0.0,15888.9
4529.22,0.0,21926.7,,,,,0.0,0.0,15888.9
4530.22,0.0,21926.7,,,,,0.0,0.0,15888.9
4531.22,0.0,21926.7,,,,,0.0,0.0,15888.9
4532.22,0.0,21926.7,,,,,0.0,0.0,15888.9
4533.22,0.0,21926.7,,,,,0.0,0.0,15888.9
4534.22,0.0,21926.7,,,,,0.0,0.0,15888.9
4535.22,0.0,21926.7,,,,,0.0,0.0,15888.9
4536.22,0.0,21926.7,,,,,0.0,0.0,15888.9
4537.22,0.0,21926.7,,,,,0.0,0.0,15888.9
4538.22,0.0,21926.7,,,,,0.0,0.0,15888.9
4539.22,0.0,21926.7,,,,,0.0,0.0,15888.9
4540.22,0.0,21926.7,,,,,0.0,0.0,15888.9
4541.22,0.0,21926.7,,,,,0.0,0.0,15888.9
4542.22,0.0,21926.7,,,,,0.0,0.0,15888.9
4543.22,0.0,21926.7,,,,,0.0,0.0,15888.9
4544.22,0.0,21926.7,,,,,0.0,0.0,15888.9
4545.22,0.0,21926.7,,,,,0.0,0.0,15888.9
4546.22,0.0,21926.7,,,,,0.0,0.0,15888.9
4547.22,0.0,21926.7,,,,,0.0,0.0,15888.9
4548.22,0.0,21926.7,,,,,0.0,0.0,15888.9
4549.22,0.0,21926.7,,,,,0.0,0.0,15888.9
4550.22,0.0,21926.7,,,,,0.0,0.0,15888.9
4551.23,0.0,21926.7,,,,,0.0,0.0,15888.9
4552.23,0.0,21926.7,,,,,0.0,0.0,15888.9
4553.23,0.0,21926.7,,,,,0.0,0.0,15888.9
4554.23,0.0,21926.7,,,,,0.0,0.0,15888.9
4555.23,0.0,21926.7,,,,,0.0,0.0,15888.9
4556.23,0.0,21926.7,,,,,0.0,0.0,15888.9
4557.23,0.0,21926.7,,,,,0.0,0.0,15888.9
4558.23,0.0,21926.7,,,,,0.0,0.0,15888.9
4559.23,0.0,21926.7,,,,,0.0,0.0,15888.9
4560.23,0.0,21926.7,,,,,0.0,0.0,15888.9
4561.23,0.0,21926.7,,,,,0.0,0.0,15888.9
4562.23,0.0,21926.7,,,,,0.0,0.0,15888.9
4563.23,0.0,21926.7,,,,,0.0,0.0,15888.9
4564.23,0.0,21926.7,,,,,0.0,0.0,15888.9
4565.23,0.0,21926.7,,,,,0.0,0.0,15888.9
4566.23,0.0,21926.7,,,,,0.0,0.0,15888.9
4567.23,0.0,21926.7,,,,,0.0,0.0,15888.9
4568.23,0.0,21926.7,,,,,0.0,0.0,15888.9
4569.23,0.0,21926.7,,,,,0.0,0.0,15888.9
4570.23,0.0,21926.7,,,,,0.0,0.0,15888.9
4571.23,0.0,21926.7,,,,,0.0,0.0,15888.9
4572.23,0.0,21926.7,,,,,0.0,0.0,15888.9
4573.23,0.0,21926.7,,,,,0.0,0.0,15888.9
4574.23,0.0,21926.7,,,,,0.0,0.0,15888.9
4575.23,0.0,21926.7,,,,,0.0,0.0,15888.9
4576.23,0.0,21926.7,,,,,0.0,0.0,15888.9
4577.23,0.0,21926.7,,,,,0.0,0.0,15888.9
4578.23,0.0,21926.7,,,,,0.0,0.0,15888.9
4579.23,0.0,21926.7,,,,,0.0,0.0,15888.9
4580.23,0.0,21926.7,,,,,0.0,0.0,15888.9
4581.23,0.0,21926.7,,,,,0.0,0.0,15888.9
4582.23,0.0,21926.7,,,,,0.0,0.0,15924.2
4583.23,0.0,21927.2,,,,,0.0,0.0,16373.2
4584.23,0.0,22008.1,,,,,0.0,0.0,16741.7
4585.23,4.95,21998.9,,,,,4.95,4.95,16966.0
4586.23,0.0,21998.9,,,,,0.0,0.0,17197.6
4587.23,0.0,21998.9,,,,,0.0,0.0,17197.6
4588.23,0.0,21998.9,,,,,0.0,0.0,17197.6
4589.23,0.0,21998.9,,,,,0.0,0.0,17344.0
4590.24,0.0,21998.9,,,,,0.0,0.0,17322.4
4591.24,0.0,21998.9,,,,,0.0,0.0,17322.5
4592.24,0.0,21998.9,,,,,0.0,0.0,17322.5
4593.24,0.0,21998.9,,,,,0.0,0.0,17322.5
4594.24,0.0,21998.9,,,,,0.0,0.0,17322.5
4595.24,0.0,21998.9,,,,,0.0,0.0,17322.5
4596.24,0.0,21998.9,,,,,0.0,0.0,17322.5
4597.24,0.0,21998.9,,,,,0.0,0.0,17322.5
4598.24,0.0,21998.9,,,,,0.0,0.0,17322.5
4599.24,0.0,21998.9,,,,,0.0,0.0,17322.5
4600.24,0.0,21998.9,,,,,0.0,0.0,17322.5
4601.24,0.0,21998.9,,,,,0.0,0.0,17322.5
4602.24,0.0,21998.9,,,,,0.0,0.0,17322.5
4603.24,0.0,21998.9,,,,,0.0,0.0,17322.5
4604.24,0.0,21998.9,,,,,0.0,0.0,17322.5
4605.24,0.0,21998.9,,,,,0.0,0.0,17322.5
4606.24,0.0,21998.9,,,,,0.0,0.0,17322.5
4607.24,0.0,21998.9,,,,,0.0,0.0,17322.5
4608.25,0.0,21998.9,,,,,0.0,0.0,17322.5
4609.25,0.0,21998.9,,,,,0.0,0.0,17322.5
4610.25,0.0,21998.9,,,,,0.0,0.0,17322.5
4611.25,0.0,21998.9,,,,,0.0,0.0,17322.5
4612.25,0.0,21998.9,,,,,0.0,0.0,17322.5
4613.25,0.0,21998.9,,,,,0.0,0.0,17322.5
4614.25,0.0,21998.9,,,,,0.0,0.0,17322.5
4615.25,0.0,21998.9,,,,,0.0,0.0,17322.5
4616.25,0.0,21998.9,,,,,0.0,0.0,17322.5
4617.25,0.0,21998.9,,,,,0.0,0.0,17322.5
4618.25,0.0,21998.9,,,,,0.0,0.0,17322.5
4619.25,0.0,21998.9,,,,,0.0,0.0,17322.5
4620.25,0.0,21998.9,,,,,0.0,0.0,17322.5
4621.25,0.0,21998.9,,,,,0.0,0.0,17322.5
4622.25,0.0,21998.9,,,,,0.0,0.0,17322.5
4623.25,0.0,21998.9,,,,,0.0,0.0,17322.5
4624.25,0.0,21998.9,,,,,0.0,0.0,17322.5
4625.25,0.0,21998.9,,,,,0.0,0.0,17322.5
4626.25,0.0,21998.9,,,,,0.0,0.0,17322.5
4627.25,0.0,21998.9,,,,,0.0,0.0,17322.5
4628.25,0.0,21998.9,,,,,0.0,0.0,17322.5
4629.25,0.0,21998.9,,,,,0.0,0.0,17322.5
4630.25,0.0,21998.9,,,,,0.0,0.0,17322.5
4631.25,0.0,21998.9,,,,,0.0,0.0,17322.5
4632.25,0.0,21998.9,,,,,0.0,0.0,17322.5
4633.25,0.0,21998.9,,,,,0.0,0.0,17322.5
4634.25,0.0,21998.9,,,,,0.0,0.0,17322.5
4635.25,0.0,21998.9,,,,,0.0,0.0,17322.5
4636.25,0.0,21998.9,,,,,0.0,0.0,17322.5
4637.25,0.0,21998.9,,,,,0.0,0.0,17322.5
4638.25,0.0,21998.9,,,,,0.0,0.0,17322.5
4639.25,0.0,21998.9,,,,,0.0,0.0,17322.5
4640.25,0.0,21998.9,,,,,0.0,0.0,17322.5
4641.25,0.0,21998.9,,,,,0.0,0.0,17322.5
4642.26,0.0,21998.9,,,,,0.0,0.0,17322.5
4643.26,0.0,21998.9,,,,,0.0,0.0,17322.5
4644.26,0.0,21998.9,,,,,0.0,0.0,17322.5
4645.26,0.0,21998.9,,,,,0.0,0.0,17322.5
4646.26,0.0,21998.9,,,,,0.0,0.0,17322.5
4647.26,0.0,21998.9,,,,,0.0,0.0,17322.5
4648.26,0.0,21998.9,,,,,0.0,0.0,17322.5
4649.26,0.0,21998.9,,,,,0.0,0.0,17322.5
4650.26,0.0,21998.9,,,,,0.0,0.0,17322.5
4651.26,0.0,21998.9,,,,,0.0,0.0,17322.5
4652.26,0.0,21998.9,,,,,0.0,0.0,17322.5
4653.26,0.0,21998.9,,,,,0.0,0.0,17322.5
4654.26,0.0,21998.9,,,,,0.0,0.0,17322.5
4655.26,0.0,21998.9,,,,,0.0,0.0,17322.5
4656.26,0.0,21998.9,,,,,0.0,0.0,17322.5
4657.26,0.0,21998.9,,,,,0.0,0.0,17322.5
4658.26,0.0,21998.9,,,,,0.0,0.0,17322.5
4659.26,0.0,21998.9,,,,,0.0,0.0,17322.5
4660.26,0.0,21998.9,,,,,0.0,0.0,17322.5
4661.26,0.0,21998.9,,,,,0.0,0.0,17322.5
4662.26,0.0,21998.9,,,,,0.0,0.0,17322.5
4663.26,0.0,21998.9,,,,,0.0,0.0,17322.5
4664.26,0.0,21998.9,,,,,0.0,0.0,17322.5
4665.26,0.0,21998.9,,,,,0.0,0.0,17322.5
4666.26,0.0,21998.9,,,,,0.0,0.0,17322.5
4667.26,0.0,21998.9,,,,,0.0,0.0,17322.5
4668.26,0.0,21998.9,,,,,0.0,0.0,17322.5
4669.26,0.0,21998.9,,,,,0.0,0.0,17322.5
4670.26,0.0,21998.9,,,,,0.0,0.0,17322.5
4671.26,0.0,21998.9,,,,,0.0,0.0,17322.5
4672.26,0.0,21998.9,,,,,0.0,0.0,17322.5
4673.26,0.0,21998.9,,,,,0.0,0.0,17322.5
4674.26,0.0,21998.9,,,,,0.0,0.0,17322.5
4675.26,0.0,21998.9,,,,,0.0,0.0,17322.5
4676.26,0.0,21998.9,,,,,0.0,0.0,17322.5
4677.26,0.0,21998.9,,,,,0.0,0.0,17322.5
4678.26,0.0,21998.9,,,,,0.0,0.0,17322.5
4679.26,0.0,21998.9,,,,,0.0,0.0,17322.5
4680.26,0.0,21998.9,,,,,0.0,0.0,17322.5
4681.26,0.0,21998.9,,,,,0.0,0.0,17322.5
4682.26,0.0,21998.9,,,,,0.0,0.0,17322.5
4683.26,0.0,21998.9,,,,,0.0,0.0,17322.5
4684.26,0.0,21998.9,,,,,0.0,0.0,17322.5
4685.26,0.0,21998.9,,,,,0.0,0.0,17322.5
4686.26,0.0,21998.9,,,,,0.0,0.0,17322.5
4687.26,0.0,21998.9,,,,,0.0,0.0,17322.5
4688.26,0.0,21998.9,,,,,0.0,0.0,17322.5
4689.26,0.0,21998.9,,,,,0.0,0.0,17322.5
4690.26,0.0,21998.9,,,,,0.0,0.0,17322.5
4691.26,0.0,21998.9,,,,,0.0,0.0,17322.5
4692.26,0.0,21998.9,,,,,0.0,0.0,17322.5
4693.26,0.0,21998.9,,,,,0.0,0.0,17322.5
4694.26,0.0,21998.9,,,,,0.0,0.0,17322.5
4695.27,0.0,21998.9,,,,,0.0,0.0,17322.5
4696.27,0.0,21998.9,,,,,0.0,0.0,17322.5
4697.27,0.0,21998.9,,,,,0.0,0.0,17322.5
4698.27,0.0,21998.9,,,,,0.0,0.0,17322.5
4699.27,0.0,21998.9,,,,,0.0,0.0,17322.5
4700.27,0.0,21998.9,,,,,0.0,0.0,17322.5
4701.27,0.0,21998.9,,,,,0.0,0.0,17322.5
4702.27,0.0,21998.9,,,,,0.0,0.0,17322.5
4703.27,0.0,21998.9,,,,,0.0,0.0,17322.5
4704.27,0.0,21998.9,,,,,0.0,0.0,17322.5
4705.27,0.0,21998.9,,,,,0.0,0.0,17322.5
4706.27,0.0,21998.9,,,,,0.0,0.0,17322.5
4707.27,0.0,21998.9,,,,,0.0,0.0,17322.5
4708.27,0.0,21998.9,,,,,0.0,0.0,17322.5
4709.27,0.0,21998.9,,,,,0.0,0.0,17322.5
4710.27,0.0,21998.9,,,,,0.0,0.0,17322.5
4711.27,0.0,21998.9,,,,,0.0,0.0,17322.5
4712.27,0.0,21998.9,,,,,0.0,0.0,17322.5
4713.27,0.0,21998.9,,,,,0.0,0.0,17322.5
4714.27,0.0,21998.9,,,,,0.0,0.0,17322.5
4715.27,0.0,21998.9,,,,,0.0,0.0,17322.5
4716.27,0.0,21998.9,,,,,0.0,0.0,17322.5
4717.27,0.0,21998.9,,,,,0.0,0.0,17322.5
4718.27,0.0,21998.9,,,,,0.0,0.0,17322.5
4719.27,0.0,21998.9,,,,,0.0,0.0,17322.5
4720.27,0.0,21998.9,,,,,0.0,0.0,17322.5
4721.27,0.0,21998.9,,,,,0.0,0.0,17322.5
4722.27,0.0,21998.9,,,,,0.0,0.0,17322.5
4723.27,0.0,21998.9,,,,,0.0,0.0,17322.5
4724.27,0.0,21998.9,,,,,0.0,0.0,17322.5
4725.27,0.0,21998.9,,,,,0.0,0.0,17322.5
4726.27,0.0,21998.9,,,,,0.0,0.0,17322.5
4727.27,0.0,21998.9,,,,,0.0,0.0,17322.5
4728.27,0.0,21998.9,,,,,0.0,0.0,17322.5
4729.27,0.0,21998.9,,,,,0.0,0.0,17322.5
4730.27,0.0,21998.9,,,,,0.0,0.0,17322.5
4731.27,0.0,21998.9,,,,,0.0,0.0,17322.5
4732.27,0.0,21998.9,,,,,0.0,0.0,17322.5
4733.27,0.0,21998.9,,,,,0.0,0.0,17322.5
4734.27,0.0,21998.9,,,,,0.0,0.0,17322.5
4735.27,0.0,21998.9,,,,,0.0,0.0,17322.5
4736.27,0.0,21998.9,,,,,0.0,0.0,17322.5
4737.27,0.0,21998.9,,,,,0.0,0.0,17322.5
4738.27,0.0,21998.9,,,,,0.0,0.0,17322.5
4739.27,0.0,21998.9,,,,,0.0,0.0,17322.5
4740.27,0.0,21998.9,,,,,0.0,0.0,17322.5
4741.27,0.0,21998.9,,,,,0.0,0.0,17322.5
4742.28,0.0,21998.9,,,,,0.0,0.0,17322.5
4743.28,0.0,21998.9,,,,,0.0,0.0,17322.5
4744.28,0.0,21998.9,,,,,0.0,0.0,17322.1
4745.28,0.0,21998.9,,,,,0.0,0.0,17322.1
4746.28,0.0,21998.9,,,,,0.0,0.0,17322.1
4747.28,0.0,21998.9,,,,,0.0,0.0,17321.9
4748.28,0.0,21998.9,,,,,0.0,0.0,17321.9
4749.28,0.0,21998.9,,,,,0.0,0.0,17321.9
4750.28,0.0,21998.9,,,,,0.0,0.0,17321.9
4751.28,0.0,21998.9,,,,,0.0,0.0,17321.9
4752.28,0.0,21998.9,,,,,0.0,0.0,17321.9
4753.28,0.0,21998.9,,,,,0.0,0.0,17321.9
4754.28,0.0,21998.9,,,,,0.0,0.0,17321.9
4755.28,0.0,21998.9,,,,,0.0,0.0,17321.9
4756.28,0.0,21998.9,,,,,0.0,0.0,17321.9
4757.28,0.0,21998.9,,,,,0.0,0.0,17321.9
4758.29,0.0,21998.9,,,,,0.0,0.0,17321.9
4759.29,0.0,21998.9,,,,,0.0,0.0,17321.9
4760.29,0.0,21998.9,,,,,0.0,0.0,17321.9
4761.29,0.0,21998.9,,,,,0.0,0.0,17321.9
4762.29,0.0,21998.9,,,,,0.0,0.0,17321.9
4763.29,0.0,21998.9,,,,,0.0,0.0,17321.9
4764.29,0.0,21998.9,,,,,0.0,0.0,17321.9
4765.29,0.0,21998.9,,,,,0.0,0.0,17321.9
4766.29,0.0,21998.9,,,,,0.0,0.0,17321.9
4767.29,0.0,21998.9,,,,,0.0,0.0,17321.9
4768.29,0.0,21998.9,,,,,0.0,0.0,17321.9
4769.29,0.0,21998.9,,,,,0.0,0.0,17321.9
4770.29,0.0,21998.9,,,,,0.0,0.0,17321.9
4771.29,0.0,21998.9,,,,,0.0,0.0,17321.9
4772.29,0.0,21998.9,,,,,0.0,0.0,17321.9
4773.29,0.0,21998.9,,,,,0.0,0.0,17321.9
4774.29,0.0,21998.9,,,,,0.0,0.0,17321.9
4775.29,0.0,21998.9,,,,,0.0,0.0,17321.9
4776.29,0.0,21998.9,,,,,0.0,0.0,17321.9
4777.29,0.0,21998.9,,,,,0.0,0.0,17321.9
4778.29,0.0,21998.9,,,,,0.0,0.0,17321.9
4779.29,0.0,21998.9,,,,,0.0,0.0,17321.9
4780.29,0.0,21998.9,,,,,0.0,0.0,17321.9
4781.29,0.0,21998.9,,,,,0.0,0.0,17321.9
4782.29,0.0,21998.9,,,,,0.0,0.0,17321.9
4783.29,0.0,21998.9,,,,,0.0,0.0,17321.9
4784.29,0.0,21998.9,,,,,0.0,0.0,17321.9
4785.29,0.0,21998.9,,,,,0.0,0.0,17321.9
4786.29,0.0,21998.9,,,,,0.0,0.0,17321.9
4787.29,0.0,21998.9,,,,,0.0,0.0,17321.9
4788.29,0.0,21998.9,,,,,0.0,0.0,17321.9
4789.29,0.0,21998.9,,,,,0.0,0.0,17321.9
4790.29,0.0,21998.9,,,,,0.0,0.0,17321.9
4791.29,0.0,21998.9,,,,,0.0,0.0,17321.9
4792.29,0.0,21998.9,,,,,0.0,0.0,17321.9
4793.29,0.0,21998.9,,,,,0.0,0.0,17321.9
4794.29,0.0,21998.9,,,,,0.0,0.0,17321.9
4795.29,0.0,21998.9,,,,,0.0,0.0,17321.9
4796.29,0.0,21998.9,,,,,0.0,0.0,17321.9
4797.29,0.0,21998.9,,,,,0.0,0.0,17321.9
4798.29,0.0,21998.9,,,,,0.0,0.0,17321.9
4799.29,0.0,21998.9,,,,,0.0,0.0,17321.9
4800.29,0.0,21998.9,,,,,0.0,0.0,17321.9
4801.29,0.0,21998.9,,,,,0.0,0.0,17321.9
4802.29,0.0,21998.9,,,,,0.0,0.0,17321.9
4803.29,0.0,21998.9,,,,,0.0,0.0,17321.9
4804.29,0.0,21998.9,,,,,0.0,0.0,17321.9
4805.29,0.0,21998.9,,,,,0.0,0.0,17321.9
4806.29,0.0,21998.9,,,,,0.0,0.0,17321.9
4807.29,0.0,21998.9,,,,,0.0,0.0,17321.9
4808.29,0.0,21998.9,,,,,0.0,0.0,17321.9
4809.29,0.0,21998.9,,,,,0.0,0.0,17321.9
4810.29,0.0,21998.9,,,,,0.0,0.0,17321.9
4811.29,0.0,21998.9,,,,,0.0,0.0,17321.9
4812.29,0.0,21998.9,,,,,0.0,0.0,17321.9
4813.29,0.0,21998.9,,,,,0.0,0.0,17321.9
4814.29,0.0,21998.9,,,,,0.0,0.0,17321.9
4815.29,0.0,21998.9,,,,,0.0,0.0,17321.9
4816.29,0.0,21998.9,,,,,0.0,0.0,17321.9
4817.29,0.0,21998.9,,,,,0.0,0.0,17321.9
4818.3,0.0,21998.9,,,,,0.0,0.0,17321.9
4819.3,0.0,21998.9,,,,,0.0,0.0,17321.9
4820.3,0.0,21998.9,,,,,0.0,0.0,17321.9
4821.3,0.0,21998.9,,,,,0.0,0.0,17321.9
4822.3,0.0,21998.9,,,,,0.0,0.0,17321.9
4823.3,0.0,21998.9,,,,,0.0,0.0,17321.9
4824.3,0.0,21998.9,,,,,0.0,0.0,17321.9
4825.3,0.0,21998.9,,,,,0.0,0.0,17321.9
4826.3,0.0,21998.9,,,,,0.0,0.0,17321.9
4827.3,0.0,21998.9,,,,,0.0,0.0,17321.9
4828.3,0.0,21998.9,,,,,0.0,0.0,17321.9
4829.3,0.0,21998.9,,,,,0.0,0.0,17321.9
4830.3,0.0,21998.9,,,,,0.0,0.0,17321.9
4831.3,0.0,21998.9,,,,,0.0,0.0,17321.9
4832.3,0.0,21998.9,,,,,0.0,0.0,17321.9
4833.3,0.0,21998.9,,,,,0.0,0.0,17321.9
4834.3,0.0,21998.9,,,,,0.0,0.0,17321.9
4835.3,0.0,21998.9,,,,,0.0,0.0,17321.9
4836.3,0.0,21998.9,,,,,0.0,0.0,17321.9
4837.3,0.0,21998.9,,,,,0.0,0.0,17321.9
4838.3,0.0,21998.9,,,,,0.0,0.0,17321.9
4839.3,0.0,21998.9,,,,,0.0,0.0,17321.9
4840.3,0.0,21998.9,,,,,0.0,0.0,17321.9
4841.3,0.0,21998.9,,,,,0.0,0.0,17321.9
4842.3,0.0,21998.9,,,,,0.0,0.0,17321.9
4843.3,0.0,21998.9,,,,,0.0,0.0,17321.9
4844.3,0.0,21998.9,,,,,0.0,0.0,17321.9
4845.3,0.0,21998.9,,,,,0.0,0.0,17321.9
4846.3,0.0,21998.9,,,,,0.0,0.0,17321.9
4847.3,0.0,21998.9,,,,,0.0,0.0,17321.9
4848.3,0.0,21998.9,,,,,0.0,0.0,17321.9
4849.3,0.0,21998.9,,,,,0.0,0.0,17321.9
4850.3,0.0,21998.9,,,,,0.0,0.0,17321.9
4851.3,0.0,21998.9,,,,,0.0,0.0,17321.9
4852.3,0.0,21998.9,,,,,0.0,0.0,17321.9
4853.3,0.0,21998.9,,,,,0.0,0.0,17321.9
4854.3,0.0,21998.9,,,,,0.0,0.0,17321.9
4855.3,0.0,21998.9,,,,,0.0,0.0,17321.9
4856.3,0.0,21998.9,,,,,0.0,0.0,17321.9
4857.3,0.0,21998.9,,,,,0.0,0.0,17321.9
4858.3,0.0,21998.9,,,,,0.0,0.0,17321.9
4859.3,0.0,21998.9,,,,,0.0,0.0,17321.9
4860.3,0.0,21998.9,,,,,0.0,0.0,17321.9
4861.3,0.0,21998.9,,,,,0.0,0.0,17321.9
4862.3,0.0,21998.9,,,,,0.0,0.0,17321.9
4863.3,0.0,21998.9,,,,,0.0,0.0,17321.9
4864.3,0.0,21998.9,,,,,0.0,0.0,17321.9
4865.3,0.0,21998.9,,,,,0.0,0.0,17321.9
4866.3,0.0,21998.9,,,,,0.0,0.0,17321.9
4867.3,0.0,21998.9,,,,,0.0,0.0,17321.9
4868.3,0.0,21998.9,,,,,0.0,0.0,17321.9
4869.3,0.0,21998.9,,,,,0.0,0.0,17321.9
4870.3,0.0,21998.9,,,,,0.0,0.0,17321.9
4871.3,0.0,21998.9,,,,,0.0,0.0,17321.9
4872.3,0.0,21998.9,,,,,0.0,0.0,17321.9
4873.3,0.0,21998.9,,,,,0.0,0.0,17321.9
4874.3,0.0,21998.9,,,,,0.0,0.0,17321.9
4875.3,0.0,21998.9,,,,,0.0,0.0,17321.9
4876.3,0.0,21998.9,,,,,0.0,0.0,17321.9
4877.3,0.0,21998.9,,,,,0.0,0.0,16815.9
4878.31,0.0,21998.9,,,,,0.0,0.0,16815.9
4879.31,0.0,21998.9,,,,,0.0,0.0,16815.9
4880.31,0.0,21998.9,,,,,0.0,0.0,16815.9
4881.31,0.0,21998.9,,,,,0.0,0.0,16815.9
4882.31,0.0,21998.9,,,,,0.0,0.0,16815.9
4883.31,0.0,21998.9,,,,,0.0,0.0,16815.9
4884.31,0.0,21998.9,,,,,0.0,0.0,16815.9
4885.31,0.0,21998.9,,,,,0.0,0.0,16815.9
4886.31,0.0,21998.9,,,,,0.0,0.0,16815.9
4887.31,0.0,21998.9,,,,,0.0,0.0,16815.9
4888.31,0.0,21998.9,,,,,0.0,0.0,16815.9
4889.31,0.0,21998.9,,,,,0.0,0.0,16815.9
4890.31,0.0,21998.9,,,,,0.0,0.0,16815.9
4891.31,0.0,21998.9,,,,,0.0,0.0,16815.9
4892.31,0.0,21998.9,,,,,0.0,0.0,16815.9
4893.31,0.0,21998.9,,,,,0.0,0.0,16815.9
4894.31,0.0,21998.9,,,,,0.0,0.0,16815.9
4895.31,0.0,21998.9,,,,,0.0,0.0,16815.9
4896.31,0.0,21998.9,,,,,0.0,0.0,16815.9
4897.32,0.0,21998.9,,,,,0.0,0.0,16815.9
4898.32,0.0,21998.9,,,,,0.0,0.0,16815.9
4899.32,0.0,21998.9,,,,,0.0,0.0,16815.9
4900.32,0.0,21998.9,,,,,0.0,0.0,16815.9
4901.32,0.0,21998.9,,,,,0.0,0.0,16815.9
4902.32,0.0,21998.9,,,,,0.0,0.0,16815.9
4903.32,0.0,21998.9,,,,,0.0,0.0,16815.9
4904.32,0.0,21998.9,,,,,0.0,0.0,16815.9
4905.32,0.0,21998.9,,,,,0.0,0.0,16815.9
4906.32,0.0,21998.9,,,,,0.0,0.0,16815.9
4907.32,0.0,21998.9,,,,,0.0,0.0,16815.9
4908.32,0.0,21998.9,,,,,0.0,0.0,16815.9
4909.32,0.0,21998.9,,,,,0.0,0.0,16815.9
4910.32,0.0,21998.9,,,,,0.0,0.0,16815.9
4911.32,0.0,21998.9,,,,,0.0,0.0,16815.9
4912.32,0.0,21998.9,,,,,0.0,0.0,16815.9
4913.32,0.0,21998.9,,,,,0.0,0.0,16815.9
4914.32,0.0,21998.9,,,,,0.0,0.0,16815.9
4915.32,0.0,21998.9,,,,,0.0,0.0,16815.9
4916.32,0.0,21998.9,,,,,0.0,0.0,16815.9
4917.32,0.0,21998.9,,,,,0.0,0.0,16815.9
4918.32,0.0,21998.9,,,,,0.0,0.0,16815.9
4919.32,0.0,21998.9,,,,,0.0,0.0,16815.9
4920.32,0.0,21998.9,,,,,0.0,0.0,16815.9
4921.32,0.0,21998.9,,,,,0.0,0.0,16815.9
4922.33,0.0,21998.9,,,,,0.0,0.0,16815.9
4923.33,0.0,21998.9,,,,,0.0,0.0,16815.9
4924.33,0.0,21998.9,,,,,0.0,0.0,16815.9
4925.33,0.0,21998.9,,,,,0.0,0.0,16815.9
4926.33,0.0,21998.9,,,,,0.0,0.0,16815.9
4927.33,0.0,21998.9,,,,,0.0,0.0,16815.9
4928.33,0.0,21998.9,,,,,0.0,0.0,16815.9
4929.33,0.0,21998.9,,,,,0.0,0.0,16815.9
4930.33,0.0,21998.9,,,,,0.0,0.0,16815.9
4931.33,0.0,21998.9,,,,,0.0,0.0,16815.9
4932.33,0.0,21998.9,,,,,0.0,0.0,16815.9
4933.33,0.0,21998.9,,,,,0.0,0.0,16815.9
4934.33,0.0,21998.9,,,,,0.0,0.0,16815.9
4935.33,0.0,21998.9,,,,,0.0,0.0,16815.9
4936.33,0.0,21998.9,,,,,0.0,0.0,16815.9
4937.33,0.0,21998.9,,,,,0.0,0.0,16815.9
4938.33,0.0,21998.9,,,,,0.0,0.0,16815.9
4939.33,0.0,21998.9,,,,,0.0,0.0,16815.9
4940.33,0.0,21998.9,,,,,0.0,0.0,16815.9
4941.33,0.0,21998.9,,,,,0.0,0.0,16815.9
4942.33,0.0,21998.9,,,,,0.0,0.0,16815.9
4943.33,0.0,21998.9,,,,,0.0,0.0,16815.9
4944.33,0.0,21998.9,,,,,0.0,0.0,16815.9
4945.33,0.0,21998.9,,,,,0.0,0.0,16815.9
4946.33,0.0,21998.9,,,,,0.0,0.0,16815.9
4947.33,0.0,21998.9,,,,,0.0,0.0,16815.9
4948.33,0.0,21998.9,,,,,0.0,0.0,16815.9
4949.33,0.0,21998.9,,,,,0.0,0.0,16815.9
4950.33,0.0,21998.9,,,,,0.0,0.0,16815.9
4951.33,0.0,21998.9,,,,,0.0,0.0,16815.9
4952.33,0.0,21998.9,,,,,0.0,0.0,16815.9
4953.33,0.0,21998.9,,,,,0.0,0.0,16815.9
4954.33,0.0,21998.9,,,,,0.0,0.0,16815.9
4955.33,0.0,21998.9,,,,,0.0,0.0,16815.9
4956.33,0.0,21998.9,,,,,0.0,0.0,16815.9
4957.33,0.0,21998.9,,,,,0.0,0.0,16815.9
4958.33,0.0,21998.9,,,,,0.0,0.0,16815.9
4959.33,0.0,21998.9,,,,,0.0,0.0,16815.9
4960.33,0.0,21998.9,,,,,0.0,0.0,16815.9
4961.33,0.0,21998.9,,,,,0.0,0.0,16815.9
4962.33,0.0,21998.9,,,,,0.0,0.0,16815.9
4963.33,0.0,21998.9,,,,,0.0,0.0,16665.7
4964.33,0.0,21998.9,,,,,0.0,0.0,16665.7
4965.33,0.0,21998.9,,,,,0.0,0.0,16665.7
4966.33,0.0,21998.9,,,,,0.0,0.0,16665.7
4967.33,0.0,21998.9,,,,,0.0,0.0,16388.1
4968.33,0.0,21998.9,,,,,0.0,0.0,16388.1
4969.33,0.0,21998.9,,,,,0.0,0.0,16388.1
4970.33,0.0,21998.9,,,,,0.0,0.0,16388.1
4971.33,0.0,21998.9,,,,,0.0,0.0,16243.8
4972.33,0.0,21998.9,,,,,0.0,0.0,16243.8
4973.33,0.0,21998.9,,,,,0.0,0.0,16243.8
4974.33,0.0,21998.9,,,,,0.0,0.0,16243.8
4975.34,0.0,21998.9,,,,,0.0,0.0,16243.8
4976.34,0.0,21998.9,,,,,0.0,0.0,16243.8
4977.34,0.0,21998.9,,,,,0.0,0.0,16243.8
4978.34,0.0,21998.9,,,,,0.0,0.0,16243.8
4979.34,0.0,21998.9,,,,,0.0,0.0,16243.8
4980.34,0.0,21998.9,,,,,0.0,0.0,16243.8
4981.34,0.0,21998.9,,,,,0.0,0.0,16243.8
4982.34,0.0,21998.9,,,,,0.0,0.0,16243.8
4983.34,0.0,21998.9,,,,,0.0,0.0,16243.8
4984.34,0.0,21998.9,,,,,0.0,0.0,16243.8
4985.34,0.0,21998.9,,,,,0.0,0.0,16243.8
4986.34,0.0,21998.9,,,,,0.0,0.0,16243.8
4987.34,0.0,21998.9,,,,,0.0,0.0,16243.8
4988.34,0.0,21998.9,,,,,0.0,0.0,16243.8
4989.34,0.0,21998.9,,,,,0.0,0.0,16243.8
4990.34,0.0,21998.9,,,,,0.0,0.0,16243.8
4991.34,0.0,21998.9,,,,,0.0,0.0,16243.8
4992.34,0.0,21998.9,,,,,0.0,0.0,16243.8
4993.34,0.0,21998.9,,,,,0.0,0.0,16243.8
4994.34,0.0,21998.9,,,,,0.0,0.0,16243.8
4995.34,0.0,21998.9,,,,,0.0,0.0,16243.8
4996.34,0.0,21998.9,,,,,0.0,0.0,16243.8
4997.34,0.0,21998.9,,,,,0.0,0.0,16243.8
4998.34,0.0,21998.9,,,,,0.0,0.0,16243.8
4999.34,0.0,21998.9,,,,,0.0,0.0,16243.8
5000.34,0.0,21998.9,,,,,0.0,0.0,16243.8
5001.34,0.0,21998.9,,,,,0.0,0.0,16243.8
5002.34,0.0,21998.9,,,,,0.0,0.0,16243.8
5003.34,0.0,21998.9,,,,,0.0,0.0,16243.8
5004.34,0.0,21998.9,,,,,0.0,0.0,16243.8
5005.34,0.0,21998.9,,,,,0.0,0.0,16243.8
5006.34,0.0,21998.9,,,,,0.0,0.0,16243.8
5007.34,0.0,21998.9,,,,,0.0,0.0,16243.8
5008.34,0.0,21998.9,,,,,0.0,0.0,16243.8
5009.34,0.0,21998.9,,,,,0.0,0.0,16243.8
5010.34,0.0,21998.9,,,,,0.0,0.0,16243.8
5011.34,0.0,21998.9,,,,,0.0,0.0,16243.8
5012.34,0.0,21998.9,,,,,0.0,0.0,16243.8
5013.34,0.0,21998.9,,,,,0.0,0.0,16243.8
5014.34,0.0,21998.9,,,,,0.0,0.0,16243.8
5015.34,0.0,21998.9,,,,,0.0,0.0,16243.8
5016.34,0.0,21998.9,,,,,0.0,0.0,16243.8
5017.34,0.0,21998.9,,,,,0.0,0.0,16243.8
5018.34,0.0,21998.9,,,,,0.0,0.0,16243.8
5019.34,0.0,21998.9,,,,,0.0,0.0,16243.8
5020.34,0.0,21998.9,,,,,0.0,0.0,16243.8
5021.34,0.0,21998.9,,,,,0.0,0.0,16243.8
5022.34,0.0,21998.9,,,,,0.0,0.0,16243.8
5023.34,0.0,21998.9,,,,,0.0,0.0,16243.8
5024.34,0.0,21998.9,,,,,0.0,0.0,16243.8
5025.34,0.0,21998.9,,,,,0.0,0.0,16243.8
5026.34,0.0,21998.9,,,,,0.0,0.0,16243.8
5027.35,0.0,21998.9,,,,,0.0,0.0,16243.8
5028.35,0.0,21998.9,,,,,0.0,0.0,16243.8
5029.35,0.0,21998.9,,,,,0.0,0.0,16034.7
5030.35,0.0,21998.9,,,,,0.0,0.0,16867.5
5031.35,0.0,21998.9,,,,,0.0,0.0,17472.0
5032.35,0.0,21998.9,,,,,0.0,0.0,17694.8
5033.35,0.0,22057.5,,,,,0.0,0.0,17653.7
5034.35,0.0,22139.6,,,,,0.0,0.0,18766.1
5035.35,0.0,22141.1,,,,,0.0,0.0,19215.8
5036.35,0.0,22155.0,,,,,0.0,0.0,19312.4
5037.35,0.0,22281.8,,,,,0.0,0.0,19339.2
5038.35,23.46,22291.4,,,,,23.46,23.45,19505.3
5039.35,0.29,22293.7,,,,,0.28,0.3,19508.9
5040.35,0.01,22293.7,,,,,0.03,0.0,19511.7
5041.35,0.0,22293.7,,,,,0.0,0.0,19511.8
5042.35,0.0,22293.7,,,,,0.0,0.0,19511.8
5043.35,0.0,22293.7,,,,,0.0,0.0,19511.8
5044.35,0.0,22293.7,,,,,0.0,0.0,19511.8
5045.35,0.0,22293.7,,,,,0.0,0.0,19511.8
5046.35,0.0,22293.7,,,,,0.0,0.0,19511.8
5047.35,0.0,22293.7,,,,,0.0,0.0,19511.8
5048.35,0.0,22293.7,,,,,0.0,0.0,19511.8
5049.35,0.0,22293.7,,,,,0.0,0.0,19511.8
5050.35,0.0,22293.7,,,,,0.0,0.0,19511.8
5051.35,0.0,22293.7,,,,,0.0,0.0,19511.8
5052.35,0.0,22293.7,,,,,0.0,0.0,19511.8
5053.35,0.0,22293.7,,,,,0.0,0.0,19511.8
5054.35,0.0,22293.7,,,,,0.0,0.0,19511.8
5055.35,0.0,22293.7,,,,,0.0,0.0,19511.8
5056.35,0.0,22293.7,,,,,0.0,0.0,19511.8
5057.35,0.0,22293.7,,,,,0.0,0.0,19511.8
5058.36,0.0,22293.7,,,,,0.0,0.0,19511.8
5059.36,0.0,22293.7,,,,,0.0,0.0,19511.8
5060.36,0.0,22293.7,,,,,0.0,0.0,19511.8
5061.36,0.0,22293.7,,,,,0.0,0.0,19511.8
5062.36,0.0,22293.7,,,,,0.0,0.0,19511.8
5063.36,0.0,22293.7,,,,,0.0,0.0,19511.8
5064.36,0.0,22293.7,,,,,0.0,0.0,19511.8
5065.36,0.0,22293.7,,,,,0.0,0.0,19511.8
5066.36,0.0,22293.7,,,,,0.0,0.0,19511.8
5067.36,0.0,22293.7,,,,,0.0,0.0,19511.8
5068.36,0.0,22293.7,,,,,0.0,0.0,19511.8
5069.36,0.0,22293.7,,,,,0.0,0.0,19511.8
5070.36,0.0,22293.7,,,,,0.0,0.0,19511.8
5071.36,0.0,22293.7,,,,,0.0,0.0,19511.8
5072.36,0.0,22293.7,,,,,0.0,0.0,19511.8
5073.36,0.0,22293.7,,,,,0.0,0.0,19511.8
5074.36,0.0,22293.7,,,,,0.0,0.0,19511.8
5075.36,0.0,22293.7,,,,,0.0,0.0,19511.8
5076.36,0.0,22293.7,,,,,0.0,0.0,19511.8
5077.36,0.0,22293.7,,,,,0.0,0.0,19511.8
5078.36,0.0,22293.7,,,,,0.0,0.0,19511.8
5079.36,0.0,22293.7,,,,,0.0,0.0,19511.8
5080.36,0.0,22293.7,,,,,0.0,0.0,19511.8
5081.37,0.0,22293.7,,,,,0.0,0.0,19511.8
5082.37,0.0,22293.7,,,,,0.0,0.0,19511.8
5083.37,0.0,22293.7,,,,,0.0,0.0,19511.8
5084.37,0.0,22293.7,,,,,0.0,0.0,19511.8
5085.37,0.0,22293.7,,,,,0.0,0.0,19511.8
5086.37,0.0,22293.7,,,,,0.0,0.0,19511.8
5087.37,0.0,22293.7,,,,,0.0,0.0,19511.8
5088.37,0.0,22293.7,,,,,0.0,0.0,19511.8
5089.37,0.0,22293.7,,,,,0.0,0.0,19511.8
5090.37,0.0,22293.7,,,,,0.0,0.0,19511.8
5091.37,0.0,22293.7,,,,,0.0,0.0,19511.8
5092.37,0.0,22293.7,,,,,0.0,0.0,19511.8
5093.37,0.0,22293.7,,,,,0.0,0.0,19511.8
5094.37,0.0,22293.7,,,,,0.0,0.0,19511.8
5095.37,0.0,22293.7,,,,,0.0,0.0,19511.8
5096.37,0.0,22293.7,,,,,0.0,0.0,19511.8
5097.37,0.0,22293.7,,,,,0.0,0.0,19511.8
5098.37,0.0,22293.7,,,,,0.0,0.0,19511.8
5099.37,0.0,22293.7,,,,,0.0,0.0,19511.8
5100.37,0.0,22293.7,,,,,0.0,0.0,19511.8
5101.37,0.0,22293.7,,,,,0.0,0.0,19511.8
5102.37,0.0,22293.7,,,,,0.0,0.0,19511.8
5103.37,0.0,22293.7,,,,,0.0,0.0,19511.8
5104.37,0.0,22293.7,,,,,0.0,0.0,19511.8
5105.37,0.0,22293.7,,,,,0.0,0.0,19511.8
5106.37,0.0,22293.7,,,,,0.0,0.0,19511.8
5107.37,0.0,22293.7,,,,,0.0,0.0,19511.8
5108.37,0.0,22293.7,,,,,0.0,0.0,19511.8
5109.38,0.0,22293.7,,,,,0.0,0.0,19511.8
5110.38,0.0,22293.7,,,,,0.0,0.0,19511.8
5111.38,0.0,22293.7,,,,,0.0,0.0,19511.8
5112.38,0.0,22293.7,,,,,0.0,0.0,19511.8
5113.38,0.0,22293.7,,,,,0.0,0.0,19511.8
5114.38,0.0,22293.7,,,,,0.0,0.0,19511.8
5115.38,0.0,22293.7,,,,,0.0,0.0,19511.8
5116.38,0.0,22293.7,,,,,0.0,0.0,19511.8
5117.38,0.0,22293.7,,,,,0.0,0.0,19511.8
5118.38,0.0,22293.7,,,,,0.0,0.0,19511.8
5119.38,0.0,22293.7,,,,,0.0,0.0,19511.8
5120.38,0.0,22293.7,,,,,0.0,0.0,19511.8
5121.38,0.0,22293.7,,,,,0.0,0.0,19511.8
5122.38,0.0,22293.7,,,,,0.0,0.0,19511.8
5123.38,0.0,22293.7,,,,,0.0,0.0,19511.8
5124.38,0.0,22293.7,,,,,0.0,0.0,19511.8
5125.38,0.0,22293.7,,,,,0.0,0.0,19511.8
5126.38,0.0,22293.7,,,,,0.0,0.0,19511.8
5127.38,0.0,22293.7,,,,,0.0,0.0,19511.8
5128.38,0.0,22293.7,,,,,0.0,0.0,19511.8
5129.38,0.0,22292.1,,,,,0.0,0.0,19547.9
5130.38,0.0,22292.0,,,,,0.0,0.0,19610.0
5131.38,0.0,22290.4,,,,,0.0,0.0,19720.0
5132.38,0.0,22290.4,,,,,0.0,0.0,19857.9
5133.38,0.0,22290.4,,,,,0.0,0.0,20037.5
5134.38,0.0,14381.8,,,,,0.0,0.0,20146.7
5135.38,0.0,14381.8,,,,,0.0,0.0,20309.4
5136.38,0.0,6473.3,,,,,0.0,0.0,20396.6
5137.38,0.0,6473.3,,,,,0.0,0.0,20596.1
5138.38,0.0,6473.3,,,,,0.0,0.0,20672.6
5139.38,0.0,6473.3,,,,,0.0,0.0,4.8
5140.38,0.0,0.0,,,,,0.0,0.0,0.0
5141.38,0.0,0.0,,,,,0.0,0.0,0.0
