t_s,gpu_util_pct,mem_used_mib,power_w,temp_c,sclk_mhz,mclk_mhz,util_nc0,util_nc1,host_mem_used_mib
0.0,,,,,,,,,
1.0,0.0,0.0,,,,,0.0,0.0,0.0
2.0,0.0,0.0,,,,,0.0,0.0,0.0
3.0,0.0,0.0,,,,,0.0,0.0,0.0
4.0,0.0,0.0,,,,,0.0,0.0,0.0
5.0,0.0,0.0,,,,,0.0,0.0,0.0
6.0,0.0,0.0,,,,,0.0,0.0,0.0
7.0,0.0,0.0,,,,,0.0,0.0,0.0
8.0,0.0,0.0,,,,,0.0,0.0,2205.4
9.0,0.0,0.0,,,,,0.0,0.0,2205.4
10.0,0.0,0.0,,,,,0.0,0.0,2205.4
11.0,0.0,0.0,,,,,0.0,0.0,2205.4
12.0,0.0,0.0,,,,,0.0,0.0,2205.4
13.0,0.0,0.0,,,,,0.0,0.0,2205.4
14.0,0.0,3.4,,,,,0.0,0.0,2299.6
15.0,0.0,3.4,,,,,0.0,0.0,2447.8
16.0,0.0,3.4,,,,,0.0,0.0,2561.5
17.0,0.0,3.4,,,,,0.0,0.0,2561.6
18.0,0.21,356.0,,,,,0.21,0.21,3137.3
19.0,0.0,356.0,,,,,0.0,0.0,6236.7
20.0,0.0,356.0,,,,,0.0,0.0,9140.7
21.0,0.0,356.0,,,,,0.0,0.0,12299.2
22.0,0.0,356.0,,,,,0.0,0.0,15403.5
23.0,0.0,356.0,,,,,0.0,0.0,18561.7
24.0,0.0,356.0,,,,,0.0,0.0,21722.6
25.0,0.0,356.0,,,,,0.0,0.0,24893.7
26.0,0.0,356.0,,,,,0.0,0.0,28038.0
27.01,0.0,356.0,,,,,0.0,0.0,29266.9
28.01,0.0,356.0,,,,,0.0,0.0,29272.2
29.01,0.0,356.0,,,,,0.0,0.0,29282.7
30.01,0.0,356.0,,,,,0.0,0.0,29283.1
31.01,0.0,356.0,,,,,0.0,0.0,29279.8
32.01,0.0,356.0,,,,,0.0,0.0,29267.3
33.01,0.0,356.0,,,,,0.0,0.0,29266.8
34.01,0.0,356.0,,,,,0.0,0.0,29070.0
35.01,0.0,356.0,,,,,0.0,0.0,28578.6
36.01,0.0,356.0,,,,,0.0,0.0,28266.0
37.01,0.0,356.0,,,,,0.0,0.0,28895.4
38.01,0.0,356.0,,,,,0.0,0.0,29069.8
39.01,0.0,356.0,,,,,0.0,0.0,28269.9
40.01,0.0,356.0,,,,,0.0,0.0,28671.6
41.01,0.0,356.0,,,,,0.0,0.0,29031.0
42.01,0.0,356.0,,,,,0.0,0.0,29261.7
43.01,0.0,356.0,,,,,0.0,0.0,29273.9
44.01,0.0,356.0,,,,,0.0,0.0,28161.2
45.01,0.0,356.0,,,,,0.0,0.0,28374.7
46.01,0.0,356.0,,,,,0.0,0.0,28590.9
47.01,0.0,356.0,,,,,0.0,0.0,27889.2
48.01,0.0,356.0,,,,,0.0,0.0,28195.2
49.01,0.0,356.0,,,,,0.0,0.0,28591.1
50.01,0.0,356.0,,,,,0.0,0.0,27814.1
51.01,0.0,356.0,,,,,0.0,0.0,28284.6
52.01,0.0,356.0,,,,,0.0,0.0,28608.2
53.01,0.0,356.0,,,,,0.0,0.0,27915.4
54.01,0.0,356.0,,,,,0.0,0.0,28412.5
55.01,0.0,356.0,,,,,0.0,0.0,28490.5
56.01,0.0,356.0,,,,,0.0,0.0,27787.3
57.01,0.0,356.0,,,,,0.0,0.0,28275.5
58.01,0.0,356.0,,,,,0.0,0.0,28717.1
59.01,0.0,356.0,,,,,0.0,0.0,27993.4
60.01,0.0,356.0,,,,,0.0,0.0,28850.6
61.01,0.0,356.0,,,,,0.0,0.0,29033.6
62.01,0.0,356.0,,,,,0.0,0.0,28614.5
63.01,0.0,356.0,,,,,0.0,0.0,28269.1
64.01,0.0,356.0,,,,,0.0,0.0,27873.8
65.01,0.0,356.0,,,,,0.0,0.0,27248.7
66.01,0.0,356.0,,,,,0.0,0.0,26756.2
67.01,0.0,356.0,,,,,0.0,0.0,26111.8
68.01,0.0,356.0,,,,,0.0,0.0,25977.0
69.01,0.0,356.0,,,,,0.0,0.0,26024.2
70.01,0.0,356.0,,,,,0.0,0.0,26030.3
71.01,0.0,356.0,,,,,0.0,0.0,26386.9
72.01,0.0,356.0,,,,,0.0,0.0,26833.7
73.01,0.0,356.0,,,,,0.0,0.0,27247.3
74.01,0.0,356.0,,,,,0.0,0.0,27679.4
75.01,0.0,356.0,,,,,0.0,0.0,28138.7
76.01,0.0,356.0,,,,,0.0,0.0,28361.2
77.01,0.0,356.0,,,,,0.0,0.0,29040.1
78.01,0.0,356.0,,,,,0.0,0.0,29188.9
79.01,0.0,356.0,,,,,0.0,0.0,29337.5
80.01,0.0,356.0,,,,,0.0,0.0,29544.9
81.01,0.0,356.0,,,,,0.0,0.0,29733.4
82.02,0.0,356.0,,,,,0.0,0.0,29918.5
83.02,0.0,356.0,,,,,0.0,0.0,29863.6
84.02,0.0,356.0,,,,,0.0,0.0,29839.5
85.02,0.0,356.0,,,,,0.0,0.0,29903.7
86.02,0.0,356.0,,,,,0.0,0.0,29862.3
87.02,0.0,356.0,,,,,0.0,0.0,29919.2
88.02,0.0,356.0,,,,,0.0,0.0,29887.7
89.02,0.0,356.0,,,,,0.0,0.0,29865.7
90.02,0.0,356.0,,,,,0.0,0.0,29849.9
91.02,0.0,356.0,,,,,0.0,0.0,29811.7
92.02,0.0,356.0,,,,,0.0,0.0,29107.7
93.02,0.0,356.0,,,,,0.0,0.0,29159.8
94.02,0.0,356.0,,,,,0.0,0.0,29225.1
95.02,0.0,356.0,,,,,0.0,0.0,29090.2
96.02,0.0,356.0,,,,,0.0,0.0,29248.5
97.02,0.0,356.0,,,,,0.0,0.0,29161.4
98.02,0.0,356.0,,,,,0.0,0.0,29221.3
99.02,0.0,356.0,,,,,0.0,0.0,29213.6
100.02,0.0,356.0,,,,,0.0,0.0,29154.8
101.02,0.0,356.0,,,,,0.0,0.0,29150.7
102.02,0.0,356.0,,,,,0.0,0.0,29148.3
103.02,0.0,356.0,,,,,0.0,0.0,29146.9
104.02,0.0,356.0,,,,,0.0,0.0,29130.9
105.02,0.0,356.0,,,,,0.0,0.0,29182.8
106.02,0.0,356.0,,,,,0.0,0.0,29076.7
107.02,0.0,356.0,,,,,0.0,0.0,28982.3
108.02,0.0,356.0,,,,,0.0,0.0,28762.7
109.02,0.0,356.0,,,,,0.0,0.0,28401.5
110.02,0.0,356.0,,,,,0.0,0.0,27870.2
111.02,0.0,356.0,,,,,0.0,0.0,27773.4
112.02,0.0,356.0,,,,,0.0,0.0,27814.2
113.02,0.0,356.0,,,,,0.0,0.0,27953.6
114.02,0.0,356.0,,,,,0.0,0.0,28206.5
115.02,0.0,356.0,,,,,0.0,0.0,28575.2
116.02,0.0,356.0,,,,,0.0,0.0,28958.1
117.02,0.0,356.0,,,,,0.0,0.0,29347.9
118.02,0.0,356.0,,,,,0.0,0.0,29697.6
119.02,0.0,356.0,,,,,0.0,0.0,29950.3
120.02,0.0,356.0,,,,,0.0,0.0,30477.3
121.02,0.0,356.0,,,,,0.0,0.0,26120.3
122.02,0.0,356.0,,,,,0.0,0.0,26224.7
123.03,0.0,356.0,,,,,0.0,0.0,26968.2
124.03,0.0,356.0,,,,,0.0,0.0,27551.5
125.03,0.0,356.0,,,,,0.0,0.0,28186.7
126.03,0.0,356.0,,,,,0.0,0.0,28392.1
127.03,0.0,356.0,,,,,0.0,0.0,28691.7
128.03,0.0,356.0,,,,,0.0,0.0,28959.9
129.03,0.0,356.0,,,,,0.0,0.0,29024.0
130.03,0.0,356.0,,,,,0.0,0.0,29012.4
131.03,0.0,356.0,,,,,0.0,0.0,28974.6
132.03,0.0,356.0,,,,,0.0,0.0,28994.1
133.03,0.0,356.0,,,,,0.0,0.0,29017.5
134.03,0.0,356.0,,,,,0.0,0.0,29075.9
135.03,0.0,356.0,,,,,0.0,0.0,29076.9
136.03,0.0,356.0,,,,,0.0,0.0,29061.5
137.03,0.0,356.0,,,,,0.0,0.0,29628.3
138.03,0.0,356.0,,,,,0.0,0.0,29578.8
139.03,0.0,356.0,,,,,0.0,0.0,29609.7
140.03,0.0,356.0,,,,,0.0,0.0,29486.2
141.03,0.0,356.0,,,,,0.0,0.0,28822.9
142.03,0.0,356.0,,,,,0.0,0.0,28855.2
143.03,0.0,356.0,,,,,0.0,0.0,28917.7
144.03,0.0,356.0,,,,,0.0,0.0,28918.4
145.03,0.0,356.0,,,,,0.0,0.0,28916.6
146.03,0.0,356.0,,,,,0.0,0.0,28919.7
147.03,0.0,356.0,,,,,0.0,0.0,28904.1
148.03,0.0,356.0,,,,,0.0,0.0,28896.9
149.03,0.0,356.0,,,,,0.0,0.0,28893.1
150.03,0.0,356.0,,,,,0.0,0.0,28901.3
151.03,0.0,356.0,,,,,0.0,0.0,28895.8
152.03,0.0,356.0,,,,,0.0,0.0,28904.5
153.03,0.0,356.0,,,,,0.0,0.0,28899.2
154.03,0.0,356.0,,,,,0.0,0.0,28897.7
155.03,0.0,356.0,,,,,0.0,0.0,28898.1
156.03,0.0,356.0,,,,,0.0,0.0,28888.8
157.05,0.0,356.0,,,,,0.0,0.0,28789.8
158.06,0.0,356.0,,,,,0.0,0.0,28911.0
159.06,0.0,356.0,,,,,0.0,0.0,29062.0
160.06,0.0,356.0,,,,,0.0,0.0,29156.2
161.07,0.0,356.0,,,,,0.0,0.0,29276.6
162.07,0.0,356.0,,,,,0.0,0.0,29336.9
163.07,0.0,356.0,,,,,0.0,0.0,29422.5
164.07,0.0,356.0,,,,,0.0,0.0,29512.9
165.07,0.0,356.0,,,,,0.0,0.0,29553.8
166.07,0.0,356.0,,,,,0.0,0.0,29618.5
167.07,0.0,356.0,,,,,0.0,0.0,29669.4
168.07,0.0,356.0,,,,,0.0,0.0,29712.0
169.07,0.0,356.0,,,,,0.0,0.0,29796.6
170.07,0.0,356.0,,,,,0.0,0.0,29834.4
171.07,0.0,356.0,,,,,0.0,0.0,29885.8
172.07,0.0,356.0,,,,,0.0,0.0,29938.1
173.07,0.0,356.0,,,,,0.0,0.0,29975.2
174.07,0.0,356.0,,,,,0.0,0.0,25080.4
175.07,0.0,356.0,,,,,0.0,0.0,25365.5
176.07,0.0,356.0,,,,,0.0,0.0,26058.8
177.07,0.0,356.0,,,,,0.0,0.0,26738.4
178.07,0.0,356.0,,,,,0.0,0.0,26881.7
179.07,0.0,356.0,,,,,0.0,0.0,26999.2
180.07,0.0,356.0,,,,,0.0,0.0,26897.7
181.07,0.0,356.0,,,,,0.0,0.0,26923.0
182.07,0.0,356.0,,,,,0.0,0.0,26886.9
183.07,0.0,356.0,,,,,0.0,0.0,26769.7
184.07,0.0,356.0,,,,,0.0,0.0,26703.6
185.07,0.0,356.0,,,,,0.0,0.0,26743.2
186.07,0.0,356.0,,,,,0.0,0.0,26728.1
187.07,0.0,356.0,,,,,0.0,0.0,26613.2
188.07,0.0,356.0,,,,,0.0,0.0,26836.0
189.07,0.0,356.0,,,,,0.0,0.0,27493.0
190.07,0.0,356.0,,,,,0.0,0.0,28183.9
191.07,0.0,356.0,,,,,0.0,0.0,28596.2
192.07,0.0,356.0,,,,,0.0,0.0,29099.2
193.08,0.0,356.0,,,,,0.0,0.0,29269.7
194.08,0.0,356.0,,,,,0.0,0.0,29325.5
195.08,0.0,356.0,,,,,0.0,0.0,29374.9
196.08,0.0,356.0,,,,,0.0,0.0,29558.2
197.08,0.0,356.0,,,,,0.0,0.0,29562.5
198.08,0.0,356.0,,,,,0.0,0.0,29627.2
199.08,0.0,356.0,,,,,0.0,0.0,29532.7
200.08,0.0,356.0,,,,,0.0,0.0,29638.9
201.08,0.0,356.0,,,,,0.0,0.0,29619.3
202.08,0.0,356.0,,,,,0.0,0.0,29735.5
203.08,0.0,356.0,,,,,0.0,0.0,29628.3
204.08,0.0,356.0,,,,,0.0,0.0,29525.8
205.08,0.0,356.0,,,,,0.0,0.0,29480.0
206.08,0.0,356.0,,,,,0.0,0.0,20552.5
207.08,0.0,356.1,,,,,0.0,0.0,19694.9
208.08,0.09,356.3,,,,,0.08,0.09,19967.4
209.08,0.0,356.3,,,,,0.0,0.0,20037.6
210.08,0.0,356.3,,,,,0.0,0.0,20140.9
211.08,0.0,356.3,,,,,0.0,0.0,20233.6
212.08,0.0,356.3,,,,,0.0,0.0,20293.9
213.08,0.0,356.3,,,,,0.0,0.0,20290.2
214.08,0.0,356.3,,,,,0.0,0.0,20308.0
215.08,0.0,356.3,,,,,0.0,0.0,20322.2
216.08,0.0,356.3,,,,,0.0,0.0,20359.7
217.08,0.0,356.3,,,,,0.0,0.0,20412.1
218.08,0.0,356.3,,,,,0.0,0.0,20415.0
219.08,0.0,356.3,,,,,0.0,0.0,20426.5
220.08,0.0,356.3,,,,,0.0,0.0,20377.2
221.08,0.0,356.3,,,,,0.0,0.0,20425.2
222.08,0.0,356.3,,,,,0.0,0.0,20432.2
223.08,0.0,356.3,,,,,0.0,0.0,20443.4
224.08,0.0,356.3,,,,,0.0,0.0,20435.0
225.08,0.0,356.3,,,,,0.0,0.0,20438.2
226.08,0.0,356.3,,,,,0.0,0.0,20449.3
227.08,0.02,356.3,,,,,0.02,0.01,20454.4
228.08,0.0,356.3,,,,,0.0,0.0,20803.2
229.08,0.0,356.3,,,,,0.0,0.0,21320.0
230.08,0.0,356.3,,,,,0.0,0.0,21819.6
231.08,0.0,356.3,,,,,0.0,0.0,22310.4
232.08,0.0,356.3,,,,,0.0,0.0,22807.9
233.09,0.0,356.3,,,,,0.0,0.0,22272.9
234.09,0.0,356.3,,,,,0.0,0.0,21611.1
235.09,0.0,356.3,,,,,0.0,0.0,21821.2
236.09,0.0,356.3,,,,,0.0,0.0,21899.4
237.09,0.0,356.3,,,,,0.0,0.0,22212.2
238.09,0.0,356.3,,,,,0.0,0.0,22136.6
239.09,0.0,356.3,,,,,0.0,0.0,22415.0
240.09,0.0,356.3,,,,,0.0,0.0,22669.8
241.09,0.0,356.3,,,,,0.0,0.0,22679.1
242.09,0.0,356.3,,,,,0.0,0.0,22899.2
243.09,0.0,356.3,,,,,0.0,0.0,22985.5
244.09,0.0,356.3,,,,,0.0,0.0,23077.7
245.09,0.0,356.3,,,,,0.0,0.0,23176.6
246.09,0.0,356.3,,,,,0.0,0.0,23096.5
247.09,0.0,356.3,,,,,0.0,0.0,23196.6
248.09,0.0,356.3,,,,,0.0,0.0,23300.3
249.09,0.0,356.3,,,,,0.0,0.0,23393.1
250.09,0.0,356.3,,,,,0.0,0.0,23369.3
251.09,0.0,356.3,,,,,0.0,0.0,23454.1
252.09,0.0,356.3,,,,,0.0,0.0,23449.5
253.09,0.0,356.3,,,,,0.0,0.0,23473.6
254.09,0.0,356.3,,,,,0.0,0.0,23604.7
255.09,0.0,356.3,,,,,0.0,0.0,23706.1
256.09,0.0,356.3,,,,,0.0,0.0,23529.3
257.09,0.0,356.3,,,,,0.0,0.0,23820.2
258.09,0.0,356.3,,,,,0.0,0.0,23601.6
259.09,0.0,356.3,,,,,0.0,0.0,23766.9
260.09,0.0,356.3,,,,,0.0,0.0,23947.8
261.09,0.0,356.3,,,,,0.0,0.0,23691.4
262.09,0.0,356.3,,,,,0.0,0.0,23772.9
263.09,0.0,356.3,,,,,0.0,0.0,23939.0
264.09,0.0,356.3,,,,,0.0,0.0,23755.2
265.09,0.0,356.3,,,,,0.0,0.0,24155.1
266.09,0.0,356.3,,,,,0.0,0.0,23909.4
267.09,0.0,356.3,,,,,0.0,0.0,23773.9
268.09,0.0,356.3,,,,,0.0,0.0,23938.0
269.09,0.0,356.3,,,,,0.0,0.0,22549.9
270.09,0.0,356.3,,,,,0.0,0.0,20125.8
271.09,0.0,2574.6,,,,,0.0,0.0,16429.4
272.09,0.0,7169.8,,,,,0.0,0.0,12016.3
273.09,0.0,12169.3,,,,,0.0,0.0,8301.5
274.09,0.0,14784.8,,,,,0.0,0.0,5811.2
275.09,0.0,15973.9,,,,,0.0,0.0,4816.9
276.09,0.0,15974.4,,,,,0.0,0.0,4829.9
277.09,0.0,15974.4,,,,,0.0,0.0,4830.2
278.1,0.0,15974.4,,,,,0.0,0.0,4830.2
279.1,0.0,15974.4,,,,,0.0,0.0,4830.2
280.1,0.0,15974.4,,,,,0.0,0.0,4830.2
281.1,0.0,15974.4,,,,,0.0,0.0,4830.2
282.1,0.0,15974.4,,,,,0.0,0.0,4830.2
283.1,0.0,15974.4,,,,,0.0,0.0,4830.2
284.1,0.0,15974.4,,,,,0.0,0.0,4830.2
285.1,0.0,15974.4,,,,,0.0,0.0,4830.2
286.1,0.0,15974.4,,,,,0.0,0.0,4830.2
287.1,0.0,15974.4,,,,,0.0,0.0,4830.2
288.1,0.0,15974.4,,,,,0.0,0.0,4830.2
289.1,0.0,15974.4,,,,,0.0,0.0,4830.2
290.1,0.0,15974.4,,,,,0.0,0.0,4830.2
291.1,0.0,15974.4,,,,,0.0,0.0,4830.2
292.1,0.0,15974.4,,,,,0.0,0.0,4830.2
293.1,0.0,15974.4,,,,,0.0,0.0,4830.2
294.1,0.0,15974.4,,,,,0.0,0.0,4830.2
295.1,0.0,15974.4,,,,,0.0,0.0,4830.2
296.1,0.0,15974.4,,,,,0.0,0.0,4830.2
297.1,0.0,15974.4,,,,,0.0,0.0,4830.2
298.1,0.0,15974.4,,,,,0.0,0.0,4830.2
299.1,0.0,15974.4,,,,,0.0,0.0,4830.2
300.1,0.0,15974.4,,,,,0.0,0.0,4830.2
301.1,0.0,15974.4,,,,,0.0,0.0,4830.2
302.1,0.0,15974.4,,,,,0.0,0.0,4830.2
303.1,0.0,15974.4,,,,,0.0,0.0,4830.2
304.1,0.0,15974.4,,,,,0.0,0.0,4830.2
305.1,0.0,15974.4,,,,,0.0,0.0,4830.2
306.1,0.0,15974.4,,,,,0.0,0.0,4830.2
307.1,0.0,15974.4,,,,,0.0,0.0,4830.2
308.1,0.0,15974.4,,,,,0.0,0.0,4830.2
309.1,0.0,15974.4,,,,,0.0,0.0,4830.2
310.1,0.0,15974.4,,,,,0.0,0.0,4830.2
311.1,0.0,15974.4,,,,,0.0,0.0,4830.2
312.1,0.0,15974.4,,,,,0.0,0.0,4830.2
313.1,0.0,15974.4,,,,,0.0,0.0,4830.2
314.1,0.0,15974.4,,,,,0.0,0.0,4830.2
315.1,0.0,15974.4,,,,,0.0,0.0,4830.2
316.1,0.0,15974.4,,,,,0.0,0.0,4830.2
317.1,0.0,15974.4,,,,,0.0,0.0,4830.2
318.11,0.0,15974.4,,,,,0.0,0.0,4830.2
319.11,0.0,15974.4,,,,,0.0,0.0,4830.2
320.11,0.0,15974.4,,,,,0.0,0.0,4830.2
321.11,0.0,15974.4,,,,,0.0,0.0,4830.2
322.11,0.0,15974.4,,,,,0.0,0.0,4830.2
323.11,0.0,15974.4,,,,,0.0,0.0,4830.2
324.11,0.0,15974.4,,,,,0.0,0.0,4830.2
325.11,0.0,15974.4,,,,,0.0,0.0,4830.2
326.11,0.0,15974.4,,,,,0.0,0.0,4830.2
327.11,0.0,15974.4,,,,,0.0,0.0,4830.2
328.11,0.0,15974.4,,,,,0.0,0.0,4830.2
329.11,0.0,15974.4,,,,,0.0,0.0,4830.2
330.11,0.0,15974.4,,,,,0.0,0.0,4830.2
331.11,0.0,15974.4,,,,,0.0,0.0,4830.2
332.11,0.0,15974.4,,,,,0.0,0.0,4830.2
333.11,0.0,15974.4,,,,,0.0,0.0,4830.2
334.11,0.0,15974.4,,,,,0.0,0.0,4830.2
335.11,0.0,15974.4,,,,,0.0,0.0,4830.2
336.11,0.0,15974.4,,,,,0.0,0.0,4830.2
337.11,0.0,15974.4,,,,,0.0,0.0,4830.2
338.11,0.0,15974.4,,,,,0.0,0.0,4830.2
339.11,0.0,15974.4,,,,,0.0,0.0,4830.2
340.11,0.0,15974.4,,,,,0.0,0.0,4830.2
341.11,0.0,15974.4,,,,,0.0,0.0,4830.2
342.11,0.0,15974.4,,,,,0.0,0.0,4830.2
343.11,0.0,15974.4,,,,,0.0,0.0,4830.2
344.11,0.0,15974.4,,,,,0.0,0.0,4830.2
345.11,0.0,15974.4,,,,,0.0,0.0,4830.2
346.11,0.0,15974.4,,,,,0.0,0.0,4830.2
347.11,0.0,15974.4,,,,,0.0,0.0,4830.2
348.11,0.0,15974.4,,,,,0.0,0.0,4830.2
349.11,0.0,15974.4,,,,,0.0,0.0,4830.2
350.11,0.0,15974.4,,,,,0.0,0.0,4830.2
351.11,0.0,15974.4,,,,,0.0,0.0,4830.2
352.11,0.0,15974.4,,,,,0.0,0.0,4830.2
353.11,0.0,15974.4,,,,,0.0,0.0,4830.2
354.11,0.0,15974.4,,,,,0.0,0.0,4830.2
355.11,0.0,15974.4,,,,,0.0,0.0,4830.2
356.11,0.0,15974.4,,,,,0.0,0.0,4830.2
357.11,0.0,15974.4,,,,,0.0,0.0,4830.2
358.11,0.0,15974.4,,,,,0.0,0.0,4830.2
359.11,0.0,15974.4,,,,,0.0,0.0,4830.2
360.11,0.0,15974.4,,,,,0.0,0.0,4830.2
361.11,0.0,15974.4,,,,,0.0,0.0,4830.2
362.11,0.0,15974.4,,,,,0.0,0.0,4830.2
363.11,0.0,15974.4,,,,,0.0,0.0,5430.6
364.11,0.0,16731.0,,,,,0.0,0.0,5431.8
365.12,0.0,16753.8,,,,,0.0,0.0,5361.7
366.12,0.0,16753.8,,,,,0.0,0.0,5361.7
367.12,0.0,16753.8,,,,,0.0,0.0,5361.7
368.12,0.0,16753.8,,,,,0.0,0.0,5361.7
369.12,0.0,16753.8,,,,,0.0,0.0,5840.6
370.12,0.0,17477.8,,,,,0.0,0.0,5962.3
371.12,39.22,17601.2,,,,,39.22,39.23,5908.5
372.12,0.0,17601.2,,,,,0.0,0.0,5908.6
373.12,0.0,17601.2,,,,,0.0,0.0,5908.6
374.12,0.0,17601.2,,,,,0.0,0.0,5908.6
375.12,0.0,17601.2,,,,,0.0,0.0,5908.6
376.12,0.0,17601.2,,,,,0.0,0.0,5908.6
377.12,0.0,17601.2,,,,,0.0,0.0,5908.6
378.12,0.0,17601.2,,,,,0.0,0.0,5908.6
379.12,0.0,17601.2,,,,,0.0,0.0,5908.6
380.12,0.0,17601.2,,,,,0.0,0.0,5908.6
381.12,0.0,17601.2,,,,,0.0,0.0,5908.6
382.12,0.0,17601.2,,,,,0.0,0.0,5908.6
383.12,0.0,17601.2,,,,,0.0,0.0,5908.6
384.12,0.0,17601.2,,,,,0.0,0.0,5908.6
385.12,0.0,17601.2,,,,,0.0,0.0,5908.6
386.12,0.0,17601.2,,,,,0.0,0.0,5908.6
387.12,0.0,17601.2,,,,,0.0,0.0,5908.6
388.12,0.0,17601.2,,,,,0.0,0.0,5908.6
389.12,0.0,17601.2,,,,,0.0,0.0,5908.6
390.12,0.0,17601.2,,,,,0.0,0.0,5908.6
391.12,0.0,17601.2,,,,,0.0,0.0,5908.6
392.12,0.0,17601.2,,,,,0.0,0.0,5908.6
393.12,0.0,17601.2,,,,,0.0,0.0,5908.6
394.12,0.0,17601.2,,,,,0.0,0.0,5908.6
395.12,0.0,17601.2,,,,,0.0,0.0,5908.6
396.12,0.0,17601.2,,,,,0.0,0.0,5908.6
397.12,0.0,17601.2,,,,,0.0,0.0,5908.6
398.12,0.0,17601.2,,,,,0.0,0.0,5908.6
399.12,0.0,17601.2,,,,,0.0,0.0,5908.6
400.12,0.0,17601.2,,,,,0.0,0.0,5908.6
401.12,0.0,17601.2,,,,,0.0,0.0,5908.6
402.12,0.0,17601.2,,,,,0.0,0.0,5908.6
403.12,0.0,17601.2,,,,,0.0,0.0,5908.6
404.12,0.0,17601.2,,,,,0.0,0.0,5908.6
405.12,0.0,17601.2,,,,,0.0,0.0,5908.6
406.12,0.0,17601.2,,,,,0.0,0.0,5908.6
407.12,0.0,17601.2,,,,,0.0,0.0,5908.6
408.12,0.0,17601.2,,,,,0.0,0.0,5908.6
409.12,0.0,17601.2,,,,,0.0,0.0,5908.6
410.13,0.0,17601.2,,,,,0.0,0.0,5908.6
411.13,0.0,17601.2,,,,,0.0,0.0,5908.6
412.13,0.0,17601.2,,,,,0.0,0.0,5908.6
413.13,0.0,17601.2,,,,,0.0,0.0,5908.6
414.13,0.0,17601.2,,,,,0.0,0.0,5908.6
415.13,0.0,17601.2,,,,,0.0,0.0,5908.6
416.13,0.0,17601.2,,,,,0.0,0.0,5908.6
417.13,0.0,17601.2,,,,,0.0,0.0,5908.6
418.13,0.0,17601.2,,,,,0.0,0.0,5908.6
419.13,0.0,17601.2,,,,,0.0,0.0,5908.6
420.13,0.0,17601.2,,,,,0.0,0.0,5908.6
421.13,0.0,17601.2,,,,,0.0,0.0,5908.6
422.13,0.0,17601.2,,,,,0.0,0.0,5908.6
423.13,0.0,17601.2,,,,,0.0,0.0,5908.6
424.13,0.0,17601.2,,,,,0.0,0.0,5908.6
425.13,0.0,17601.2,,,,,0.0,0.0,5908.6
426.13,0.0,17601.2,,,,,0.0,0.0,5908.6
427.13,0.0,17601.2,,,,,0.0,0.0,5908.6
428.13,0.0,17601.2,,,,,0.0,0.0,5908.6
429.13,0.0,17601.2,,,,,0.0,0.0,5908.6
430.13,0.0,17601.2,,,,,0.0,0.0,5908.6
431.13,0.0,17601.2,,,,,0.0,0.0,5908.6
432.13,0.0,17601.2,,,,,0.0,0.0,5908.6
433.13,0.0,17601.2,,,,,0.0,0.0,5908.6
434.13,0.0,17601.2,,,,,0.0,0.0,5908.6
435.13,0.0,17601.2,,,,,0.0,0.0,5908.6
436.13,0.0,17601.2,,,,,0.0,0.0,5908.6
437.13,0.0,17601.2,,,,,0.0,0.0,5908.6
438.13,0.0,17601.2,,,,,0.0,0.0,5908.6
439.13,0.0,17601.2,,,,,0.0,0.0,5908.6
440.13,0.0,17601.2,,,,,0.0,0.0,5908.6
441.13,0.0,17601.2,,,,,0.0,0.0,5908.6
442.13,0.0,17601.2,,,,,0.0,0.0,5908.6
443.13,0.0,17601.2,,,,,0.0,0.0,5908.6
444.13,0.0,17601.2,,,,,0.0,0.0,5908.6
445.13,0.0,17601.2,,,,,0.0,0.0,5908.6
446.13,0.0,17601.2,,,,,0.0,0.0,5908.6
447.13,0.0,17601.2,,,,,0.0,0.0,5908.6
448.13,0.0,17601.2,,,,,0.0,0.0,5908.6
449.13,0.0,17601.2,,,,,0.0,0.0,5908.6
450.13,0.0,17601.2,,,,,0.0,0.0,5908.6
451.13,0.0,17601.2,,,,,0.0,0.0,5908.6
452.13,0.0,17601.2,,,,,0.0,0.0,5908.6
453.13,0.0,17601.2,,,,,0.0,0.0,5908.6
454.13,0.0,17601.2,,,,,0.0,0.0,5908.6
455.13,0.0,17601.2,,,,,0.0,0.0,5908.6
456.13,0.0,17601.2,,,,,0.0,0.0,5908.6
457.14,0.0,17601.2,,,,,0.0,0.0,5908.6
458.14,0.0,17601.2,,,,,0.0,0.0,5908.6
459.14,0.0,17601.2,,,,,0.0,0.0,5908.6
460.14,0.0,17601.2,,,,,0.0,0.0,5908.6
461.14,0.0,17601.2,,,,,0.0,0.0,5908.6
462.14,0.0,17601.2,,,,,0.0,0.0,5908.6
463.14,0.0,17601.2,,,,,0.0,0.0,5908.6
464.14,0.0,17601.2,,,,,0.0,0.0,5908.6
465.14,0.0,17601.2,,,,,0.0,0.0,5908.6
466.14,0.0,17601.2,,,,,0.0,0.0,5908.6
467.14,0.0,17601.2,,,,,0.0,0.0,5908.6
468.14,0.0,17601.2,,,,,0.0,0.0,5908.6
469.14,0.0,17601.2,,,,,0.0,0.0,6518.2
470.14,0.0,17696.7,,,,,0.0,0.0,6614.2
471.14,39.18,17756.1,,,,,39.18,39.18,6561.6
472.14,0.0,17756.1,,,,,0.0,0.0,6562.0
473.14,0.0,17756.1,,,,,0.0,0.0,6562.0
474.14,0.0,17756.1,,,,,0.0,0.0,6562.0
475.14,0.0,17756.1,,,,,0.0,0.0,6562.0
476.14,0.0,17756.1,,,,,0.0,0.0,6562.0
477.14,0.0,17756.1,,,,,0.0,0.0,6562.0
478.14,0.0,17756.1,,,,,0.0,0.0,6562.0
479.14,0.0,17756.1,,,,,0.0,0.0,6562.0
480.14,0.0,17756.1,,,,,0.0,0.0,6562.0
481.14,0.0,17756.1,,,,,0.0,0.0,6562.0
482.14,0.0,17756.1,,,,,0.0,0.0,6562.0
483.14,0.0,17756.1,,,,,0.0,0.0,6562.0
484.14,0.0,17756.1,,,,,0.0,0.0,6562.0
485.14,0.0,17756.1,,,,,0.0,0.0,6562.0
486.14,0.0,17756.1,,,,,0.0,0.0,6562.0
487.14,0.0,17756.1,,,,,0.0,0.0,6562.0
488.14,0.0,17756.1,,,,,0.0,0.0,6562.0
489.14,0.0,17756.1,,,,,0.0,0.0,6562.0
490.14,0.0,17756.1,,,,,0.0,0.0,6562.0
491.14,0.0,17756.1,,,,,0.0,0.0,6562.0
492.14,0.0,17756.1,,,,,0.0,0.0,6562.0
493.14,0.0,17756.1,,,,,0.0,0.0,6562.0
494.14,0.0,17756.1,,,,,0.0,0.0,6562.0
495.14,0.0,17756.1,,,,,0.0,0.0,6562.0
496.14,0.0,17756.1,,,,,0.0,0.0,6562.0
497.14,0.0,17756.1,,,,,0.0,0.0,6562.0
498.14,0.0,17756.1,,,,,0.0,0.0,6562.0
499.14,0.0,17756.1,,,,,0.0,0.0,6562.0
500.14,0.0,17756.1,,,,,0.0,0.0,6562.0
501.14,0.0,17756.1,,,,,0.0,0.0,6562.0
502.14,0.0,17756.1,,,,,0.0,0.0,6562.0
503.14,0.0,17756.1,,,,,0.0,0.0,6562.0
504.14,0.0,17756.1,,,,,0.0,0.0,6562.0
505.14,0.0,17756.1,,,,,0.0,0.0,6562.0
506.14,0.0,17756.1,,,,,0.0,0.0,6562.0
507.14,0.0,17756.1,,,,,0.0,0.0,6562.0
508.15,0.0,17756.1,,,,,0.0,0.0,6562.0
509.15,0.0,17756.1,,,,,0.0,0.0,6562.0
510.15,0.0,17756.1,,,,,0.0,0.0,6562.0
511.15,0.0,17756.1,,,,,0.0,0.0,6562.0
512.15,0.0,17756.1,,,,,0.0,0.0,6562.0
513.15,0.0,17756.1,,,,,0.0,0.0,6562.0
514.15,0.0,17756.1,,,,,0.0,0.0,6562.0
515.15,0.0,17756.1,,,,,0.0,0.0,6562.0
516.15,0.0,17756.1,,,,,0.0,0.0,6562.0
517.15,0.0,17756.1,,,,,0.0,0.0,6562.0
518.15,0.0,17756.1,,,,,0.0,0.0,6562.0
519.15,0.0,17756.1,,,,,0.0,0.0,6562.0
520.15,0.0,17756.1,,,,,0.0,0.0,6562.0
521.15,0.0,17756.1,,,,,0.0,0.0,6562.0
522.15,0.0,17756.1,,,,,0.0,0.0,6562.0
523.15,0.0,17756.1,,,,,0.0,0.0,6562.0
524.15,0.0,17756.1,,,,,0.0,0.0,6562.0
525.15,0.0,17756.1,,,,,0.0,0.0,6562.0
526.15,0.0,17756.1,,,,,0.0,0.0,6562.0
527.15,0.0,17756.1,,,,,0.0,0.0,6562.0
528.15,0.0,17756.1,,,,,0.0,0.0,6562.0
529.15,0.0,17756.1,,,,,0.0,0.0,6562.0
530.15,0.0,17756.1,,,,,0.0,0.0,6562.0
531.15,0.0,17756.1,,,,,0.0,0.0,6562.0
532.15,0.0,17756.1,,,,,0.0,0.0,6562.0
533.15,0.0,17756.1,,,,,0.0,0.0,6562.0
534.15,0.0,17756.1,,,,,0.0,0.0,6562.0
535.15,0.0,17756.1,,,,,0.0,0.0,6562.0
536.15,0.0,17756.1,,,,,0.0,0.0,6562.0
537.15,0.0,17756.1,,,,,0.0,0.0,6562.0
538.15,0.0,17756.1,,,,,0.0,0.0,6562.0
539.15,0.0,17756.1,,,,,0.0,0.0,6562.0
540.15,0.0,17756.1,,,,,0.0,0.0,6562.0
541.15,0.0,17756.1,,,,,0.0,0.0,6562.0
542.15,0.0,17756.1,,,,,0.0,0.0,6562.0
543.15,0.0,17756.1,,,,,0.0,0.0,6562.0
544.15,0.0,17756.1,,,,,0.0,0.0,6562.0
545.15,0.0,17756.1,,,,,0.0,0.0,6562.0
546.15,0.0,17756.1,,,,,0.0,0.0,6562.0
547.15,0.0,17756.1,,,,,0.0,0.0,6562.0
548.15,0.0,17756.1,,,,,0.0,0.0,6562.0
549.15,0.0,17756.1,,,,,0.0,0.0,6562.0
550.15,0.0,17756.1,,,,,0.0,0.0,6562.0
551.15,0.0,17756.1,,,,,0.0,0.0,6562.0
552.15,0.0,17756.1,,,,,0.0,0.0,6562.0
553.15,0.0,17756.1,,,,,0.0,0.0,6562.0
554.15,0.0,17756.1,,,,,0.0,0.0,6562.0
555.15,0.0,17756.1,,,,,0.0,0.0,6562.0
556.15,0.0,17756.1,,,,,0.0,0.0,6562.0
557.15,0.0,17756.1,,,,,0.0,0.0,6562.0
558.15,0.0,17756.1,,,,,0.0,0.0,6562.0
559.15,0.0,17756.1,,,,,0.0,0.0,6562.0
560.16,0.0,17756.1,,,,,0.0,0.0,6562.0
561.16,0.0,17756.1,,,,,0.0,0.0,6562.0
562.16,0.0,17756.1,,,,,0.0,0.0,6562.0
563.16,0.0,17756.1,,,,,0.0,0.0,6562.0
564.16,0.0,17756.1,,,,,0.0,0.0,6562.0
565.16,0.0,17756.1,,,,,0.0,0.0,6562.0
566.16,0.0,17756.1,,,,,0.0,0.0,6562.0
567.16,0.0,17756.1,,,,,0.0,0.0,6562.0
568.16,0.0,17756.1,,,,,0.0,0.0,6562.0
569.16,0.0,17756.1,,,,,0.0,0.0,6562.0
570.16,0.0,17756.1,,,,,0.0,0.0,6562.0
571.16,0.0,17756.1,,,,,0.0,0.0,6562.0
572.16,0.0,17756.1,,,,,0.0,0.0,6562.0
573.16,0.0,17756.1,,,,,0.0,0.0,6562.0
574.16,0.0,17756.1,,,,,0.0,0.0,6562.0
575.16,0.0,17756.1,,,,,0.0,0.0,6562.0
576.16,0.0,17756.1,,,,,0.0,0.0,6562.0
577.16,0.0,17756.1,,,,,0.0,0.0,6562.0
578.16,0.0,17756.1,,,,,0.0,0.0,6562.0
579.16,0.0,17756.1,,,,,0.0,0.0,6562.0
580.16,0.0,17756.1,,,,,0.0,0.0,6562.0
581.16,0.0,17756.1,,,,,0.0,0.0,6562.0
582.16,0.0,17756.1,,,,,0.0,0.0,6562.0
583.16,0.0,17756.1,,,,,0.0,0.0,6562.0
584.16,0.0,17756.1,,,,,0.0,0.0,6562.0
585.16,0.0,17756.1,,,,,0.0,0.0,6562.0
586.16,0.0,17756.1,,,,,0.0,0.0,6562.0
587.16,0.0,17756.1,,,,,0.0,0.0,6562.0
588.16,0.0,17756.1,,,,,0.0,0.0,6562.0
589.16,0.0,17756.1,,,,,0.0,0.0,6562.0
590.16,0.0,17756.1,,,,,0.0,0.0,6562.0
591.16,0.0,17756.1,,,,,0.0,0.0,6562.0
592.16,0.0,17756.1,,,,,0.0,0.0,6562.0
593.16,0.0,17756.1,,,,,0.0,0.0,6562.0
594.16,0.0,17756.1,,,,,0.0,0.0,6562.0
595.16,0.0,17756.1,,,,,0.0,0.0,6562.0
596.16,0.0,17756.1,,,,,0.0,0.0,6562.0
597.16,0.0,17756.1,,,,,0.0,0.0,6562.0
598.16,0.0,17756.1,,,,,0.0,0.0,6562.0
599.16,0.0,17756.1,,,,,0.0,0.0,6562.0
600.16,0.0,17756.1,,,,,0.0,0.0,6562.0
601.16,0.0,17756.1,,,,,0.0,0.0,6562.0
602.16,0.0,17756.1,,,,,0.0,0.0,6562.0
603.16,0.0,17756.1,,,,,0.0,0.0,6562.0
604.17,0.0,17756.1,,,,,0.0,0.0,6562.0
605.17,0.0,17756.1,,,,,0.0,0.0,6562.0
606.17,0.0,17756.1,,,,,0.0,0.0,6562.0
607.17,0.0,17756.1,,,,,0.0,0.0,6562.0
608.17,0.0,17756.1,,,,,0.0,0.0,6562.0
609.17,0.0,17756.1,,,,,0.0,0.0,6562.0
610.17,0.0,17756.1,,,,,0.0,0.0,6562.0
611.17,0.0,17756.1,,,,,0.0,0.0,6562.0
612.17,0.0,17756.1,,,,,0.0,0.0,6562.0
613.17,0.0,17756.1,,,,,0.0,0.0,6562.0
614.17,0.0,17756.1,,,,,0.0,0.0,6562.0
615.17,0.0,17756.1,,,,,0.0,0.0,6562.0
616.17,0.0,17756.1,,,,,0.0,0.0,6562.0
617.17,0.0,17756.1,,,,,0.0,0.0,6562.0
618.17,0.0,17756.1,,,,,0.0,0.0,6562.0
619.17,0.0,17756.1,,,,,0.0,0.0,6562.0
620.17,0.0,17756.1,,,,,0.0,0.0,6562.0
621.17,0.0,17756.1,,,,,0.0,0.0,6562.0
622.17,0.0,17756.1,,,,,0.0,0.0,6562.0
623.17,0.0,17756.1,,,,,0.0,0.0,6562.0
624.17,0.0,17756.1,,,,,0.0,0.0,6562.0
625.17,0.0,17756.1,,,,,0.0,0.0,6562.0
626.17,0.0,17756.1,,,,,0.0,0.0,6562.0
627.17,0.0,17756.1,,,,,0.0,0.0,6562.0
628.17,0.0,17756.1,,,,,0.0,0.0,6562.0
629.17,0.0,17756.1,,,,,0.0,0.0,6562.0
630.17,0.0,17756.1,,,,,0.0,0.0,6562.0
631.17,0.0,17756.1,,,,,0.0,0.0,6562.0
632.17,0.0,17756.1,,,,,0.0,0.0,6562.0
633.17,0.0,17756.1,,,,,0.0,0.0,6562.0
634.17,0.0,17756.1,,,,,0.0,0.0,6562.0
635.17,0.0,17756.1,,,,,0.0,0.0,6562.0
636.17,0.0,17756.1,,,,,0.0,0.0,6562.0
637.17,0.0,17756.1,,,,,0.0,0.0,6562.0
638.17,0.0,17756.1,,,,,0.0,0.0,6562.0
639.17,0.0,17756.1,,,,,0.0,0.0,6562.0
640.17,0.0,17756.1,,,,,0.0,0.0,6959.9
641.17,0.0,17888.4,,,,,0.0,0.0,7192.6
642.17,0.0,17923.9,,,,,0.0,0.0,7192.9
643.17,0.0,19657.9,,,,,0.0,0.0,7654.0
644.17,0.0,19825.7,,,,,0.0,0.0,7654.1
645.17,0.0,21563.7,,,,,0.0,0.0,7498.7
646.17,40.81,19560.0,,,,,40.81,40.81,7547.0
647.17,0.0,19560.0,,,,,0.0,0.0,7548.0
648.17,0.0,19560.0,,,,,0.0,0.0,7548.0
649.17,0.0,19560.0,,,,,0.0,0.0,7548.0
650.17,0.0,19560.0,,,,,0.0,0.0,7548.0
651.17,0.0,19560.0,,,,,0.0,0.0,7548.0
652.17,0.0,19560.0,,,,,0.0,0.0,7548.0
653.17,0.0,19560.0,,,,,0.0,0.0,7548.0
654.17,0.0,19560.0,,,,,0.0,0.0,7548.0
655.17,0.0,19560.0,,,,,0.0,0.0,7548.0
656.18,0.0,19560.0,,,,,0.0,0.0,7548.0
657.18,0.0,19560.0,,,,,0.0,0.0,7548.0
658.18,0.0,19560.0,,,,,0.0,0.0,7548.0
659.18,0.0,19560.0,,,,,0.0,0.0,7548.0
660.18,0.0,19560.0,,,,,0.0,0.0,7548.0
661.18,0.0,19560.0,,,,,0.0,0.0,7548.0
662.18,0.0,19560.0,,,,,0.0,0.0,7548.0
663.18,0.0,19560.0,,,,,0.0,0.0,7548.0
664.18,0.0,19560.0,,,,,0.0,0.0,7548.0
665.18,0.0,19560.0,,,,,0.0,0.0,7548.0
666.18,0.0,19560.0,,,,,0.0,0.0,7548.0
667.18,0.0,19560.0,,,,,0.0,0.0,7548.0
668.18,0.0,19560.0,,,,,0.0,0.0,7548.0
669.18,0.0,19560.0,,,,,0.0,0.0,7548.0
670.18,0.0,19560.0,,,,,0.0,0.0,7548.0
671.18,0.0,19560.0,,,,,0.0,0.0,7548.0
672.18,0.0,19560.0,,,,,0.0,0.0,7548.0
673.18,0.0,19560.0,,,,,0.0,0.0,7548.0
674.18,0.0,19560.0,,,,,0.0,0.0,7548.0
675.18,0.0,19560.0,,,,,0.0,0.0,7548.0
676.18,0.0,19560.0,,,,,0.0,0.0,7548.0
677.18,0.0,19560.0,,,,,0.0,0.0,7548.0
678.18,0.0,19560.0,,,,,0.0,0.0,7548.0
679.18,0.0,19560.0,,,,,0.0,0.0,7548.0
680.18,0.0,19560.0,,,,,0.0,0.0,7548.0
681.18,0.0,19560.0,,,,,0.0,0.0,7548.0
682.18,0.0,19560.0,,,,,0.0,0.0,7548.0
683.18,0.0,19560.0,,,,,0.0,0.0,7548.0
684.18,0.0,19560.0,,,,,0.0,0.0,7548.0
685.18,0.0,19560.0,,,,,0.0,0.0,7548.0
686.18,0.0,19560.0,,,,,0.0,0.0,7548.0
687.18,0.0,19560.0,,,,,0.0,0.0,7548.0
688.18,0.0,19560.0,,,,,0.0,0.0,7548.0
689.18,0.0,19560.0,,,,,0.0,0.0,7548.0
690.18,0.0,19560.0,,,,,0.0,0.0,7548.0
691.18,0.0,19560.0,,,,,0.0,0.0,7548.0
692.18,0.0,19560.0,,,,,0.0,0.0,7548.0
693.18,0.0,19560.0,,,,,0.0,0.0,7548.0
694.18,0.0,19560.0,,,,,0.0,0.0,7548.0
695.18,0.0,19560.0,,,,,0.0,0.0,7548.0
696.18,0.0,19560.0,,,,,0.0,0.0,7548.0
697.18,0.0,19560.0,,,,,0.0,0.0,7548.0
698.19,0.0,19560.0,,,,,0.0,0.0,7548.0
699.19,0.0,19560.0,,,,,0.0,0.0,7548.0
700.19,0.0,19560.0,,,,,0.0,0.0,7548.0
701.19,0.0,19560.0,,,,,0.0,0.0,7548.0
702.19,0.0,19560.0,,,,,0.0,0.0,7548.0
703.19,0.0,19560.0,,,,,0.0,0.0,7548.0
704.19,0.0,19560.0,,,,,0.0,0.0,7548.0
705.19,0.0,19560.0,,,,,0.0,0.0,7548.0
706.19,0.0,19560.0,,,,,0.0,0.0,7548.0
707.19,0.0,19560.0,,,,,0.0,0.0,7548.0
708.19,0.0,19560.0,,,,,0.0,0.0,7548.0
709.19,0.0,19560.0,,,,,0.0,0.0,7548.0
710.19,0.0,19560.0,,,,,0.0,0.0,7548.0
711.19,0.0,19560.0,,,,,0.0,0.0,7548.0
712.19,0.0,19560.0,,,,,0.0,0.0,7548.0
713.19,0.0,19560.0,,,,,0.0,0.0,7548.0
714.19,0.0,19560.0,,,,,0.0,0.0,7548.0
715.19,0.0,19560.0,,,,,0.0,0.0,7548.0
716.19,0.0,19560.0,,,,,0.0,0.0,7548.0
717.19,0.0,19560.0,,,,,0.0,0.0,7548.0
718.19,0.0,19560.0,,,,,0.0,0.0,7548.0
719.19,0.0,19560.0,,,,,0.0,0.0,7548.0
720.19,0.0,19560.0,,,,,0.0,0.0,7548.0
721.19,0.0,19560.0,,,,,0.0,0.0,7548.0
722.19,0.0,19560.0,,,,,0.0,0.0,7548.0
723.19,0.0,19560.0,,,,,0.0,0.0,7548.0
724.19,0.0,19560.0,,,,,0.0,0.0,7548.0
725.19,0.0,19560.0,,,,,0.0,0.0,7548.0
726.19,0.0,19560.0,,,,,0.0,0.0,7548.0
727.19,0.0,19560.0,,,,,0.0,0.0,7548.0
728.19,0.0,19560.0,,,,,0.0,0.0,7548.0
729.19,0.0,19560.0,,,,,0.0,0.0,7548.0
730.19,0.0,19560.0,,,,,0.0,0.0,7548.0
731.19,0.0,19560.0,,,,,0.0,0.0,7548.0
732.19,0.0,19560.0,,,,,0.0,0.0,7548.0
733.19,0.0,19560.0,,,,,0.0,0.0,7548.0
734.19,0.0,19560.0,,,,,0.0,0.0,7548.0
735.19,0.0,19560.0,,,,,0.0,0.0,7548.0
736.2,0.0,19560.0,,,,,0.0,0.0,7548.0
737.2,0.0,19560.0,,,,,0.0,0.0,7548.0
738.2,0.0,19560.0,,,,,0.0,0.0,7548.0
739.2,0.0,19560.0,,,,,0.0,0.0,7548.0
740.2,0.0,19560.0,,,,,0.0,0.0,7548.0
741.2,0.0,19560.0,,,,,0.0,0.0,7548.0
742.2,0.0,19560.0,,,,,0.0,0.0,7548.0
743.2,0.0,19560.0,,,,,0.0,0.0,7548.0
744.2,0.0,19560.0,,,,,0.0,0.0,7548.0
745.2,0.0,19560.0,,,,,0.0,0.0,7548.0
746.2,0.0,19560.0,,,,,0.0,0.0,7548.0
747.2,0.0,19560.0,,,,,0.0,0.0,7548.0
748.2,0.0,19560.0,,,,,0.0,0.0,7548.0
749.2,0.0,19560.0,,,,,0.0,0.0,7548.0
750.2,0.0,19560.0,,,,,0.0,0.0,7548.0
751.2,0.0,19560.0,,,,,0.0,0.0,7548.0
752.2,0.0,19560.0,,,,,0.0,0.0,7548.0
753.2,0.0,19560.0,,,,,0.0,0.0,7548.0
754.2,0.0,19560.0,,,,,0.0,0.0,7548.0
755.2,0.0,19560.0,,,,,0.0,0.0,7548.0
756.2,0.0,19560.0,,,,,0.0,0.0,7548.0
757.2,0.0,19560.0,,,,,0.0,0.0,7548.0
758.2,0.0,19560.0,,,,,0.0,0.0,7548.0
759.2,0.0,19560.0,,,,,0.0,0.0,7548.0
760.2,0.0,19560.0,,,,,0.0,0.0,7548.0
761.2,0.0,19560.0,,,,,0.0,0.0,7548.0
762.2,0.0,19560.0,,,,,0.0,0.0,7548.0
763.2,0.0,19560.0,,,,,0.0,0.0,7548.0
764.2,0.0,19560.0,,,,,0.0,0.0,7548.0
765.2,0.0,19560.0,,,,,0.0,0.0,7548.0
766.2,0.0,19560.0,,,,,0.0,0.0,7548.0
767.2,0.0,19560.0,,,,,0.0,0.0,7548.0
768.2,0.0,19560.0,,,,,0.0,0.0,7548.0
769.2,0.0,19560.0,,,,,0.0,0.0,7548.0
770.2,0.0,19560.0,,,,,0.0,0.0,7548.0
771.2,0.0,19560.0,,,,,0.0,0.0,7548.0
772.2,0.0,19560.0,,,,,0.0,0.0,7548.0
773.2,0.0,19560.0,,,,,0.0,0.0,7548.0
774.2,0.0,19560.0,,,,,0.0,0.0,7548.0
775.2,0.0,19560.0,,,,,0.0,0.0,7548.0
776.2,0.0,19560.0,,,,,0.0,0.0,7548.0
777.2,0.0,19560.0,,,,,0.0,0.0,7548.0
778.2,0.0,19560.0,,,,,0.0,0.0,7548.0
779.2,0.0,19560.0,,,,,0.0,0.0,7548.0
780.2,0.0,19560.0,,,,,0.0,0.0,7548.0
781.2,0.0,19560.0,,,,,0.0,0.0,7548.0
782.2,0.0,19560.0,,,,,0.0,0.0,7548.0
783.2,0.0,19560.0,,,,,0.0,0.0,7548.0
784.2,0.0,19560.0,,,,,0.0,0.0,7548.0
785.2,0.0,19560.0,,,,,0.0,0.0,7548.0
786.21,0.0,19560.0,,,,,0.0,0.0,7548.0
787.21,0.0,19560.0,,,,,0.0,0.0,7548.0
788.21,0.0,19560.0,,,,,0.0,0.0,7548.0
789.21,0.0,19560.0,,,,,0.0,0.0,7548.0
790.21,0.0,19560.0,,,,,0.0,0.0,7548.0
791.21,0.0,19560.0,,,,,0.0,0.0,7548.0
792.21,0.0,19560.0,,,,,0.0,0.0,7548.0
793.21,0.0,19560.0,,,,,0.0,0.0,7548.0
794.21,0.0,19560.0,,,,,0.0,0.0,7548.0
795.21,0.0,19560.0,,,,,0.0,0.0,7548.0
796.21,0.0,19560.0,,,,,0.0,0.0,7548.0
797.21,0.0,19560.0,,,,,0.0,0.0,7548.0
798.21,0.0,19560.0,,,,,0.0,0.0,7548.0
799.21,0.0,19560.0,,,,,0.0,0.0,7548.0
800.21,0.0,19560.0,,,,,0.0,0.0,7548.0
801.21,0.0,19560.0,,,,,0.0,0.0,7548.0
802.21,0.0,19560.0,,,,,0.0,0.0,7548.0
803.21,0.0,19560.0,,,,,0.0,0.0,7548.0
804.21,0.0,19560.0,,,,,0.0,0.0,8160.9
805.21,0.0,19560.0,,,,,0.0,0.0,8859.8
806.21,0.0,19560.0,,,,,0.0,0.0,9963.7
807.21,0.0,19935.7,,,,,0.0,0.0,10474.5
808.21,0.0,20320.7,,,,,0.0,0.0,10550.3
809.21,0.0,20423.2,,,,,0.0,0.0,10550.4
810.21,0.0,20705.5,,,,,0.0,0.0,10158.4
811.21,0.0,20824.1,,,,,0.0,0.0,10216.8
812.21,0.0,20954.6,,,,,0.0,0.0,9803.7
813.21,100.0,19675.7,,,,,100.0,100.0,9803.8
814.21,80.04,20971.6,,,,,80.04,80.05,9804.0
815.21,0.0,20938.5,,,,,0.0,0.0,9806.9
816.21,0.0,20938.5,,,,,0.0,0.0,9806.9
817.21,0.0,20938.5,,,,,0.0,0.0,9806.9
818.21,0.0,20938.5,,,,,0.0,0.0,9807.0
819.21,0.0,20938.5,,,,,0.0,0.0,9807.0
820.21,0.0,20938.5,,,,,0.0,0.0,9807.0
821.21,0.0,20938.5,,,,,0.0,0.0,9807.0
822.21,0.0,20938.5,,,,,0.0,0.0,9807.0
823.21,0.0,20938.5,,,,,0.0,0.0,9807.0
824.21,0.0,20938.5,,,,,0.0,0.0,9807.0
825.21,0.0,20938.5,,,,,0.0,0.0,9807.0
826.21,0.0,20938.5,,,,,0.0,0.0,9807.0
827.21,0.0,20938.5,,,,,0.0,0.0,9807.0
828.21,0.0,20938.5,,,,,0.0,0.0,9807.0
829.21,0.0,20938.5,,,,,0.0,0.0,9807.0
830.21,0.0,20938.5,,,,,0.0,0.0,9807.0
831.21,0.0,20938.5,,,,,0.0,0.0,9807.0
832.21,0.0,20938.5,,,,,0.0,0.0,9807.0
833.21,0.0,20938.5,,,,,0.0,0.0,9807.0
834.21,0.0,20938.5,,,,,0.0,0.0,9807.0
835.21,0.0,20938.5,,,,,0.0,0.0,9807.0
836.21,0.0,20938.5,,,,,0.0,0.0,9807.0
837.21,0.0,20938.5,,,,,0.0,0.0,9807.0
838.22,0.0,20938.5,,,,,0.0,0.0,9807.0
839.22,0.0,20938.5,,,,,0.0,0.0,9807.0
840.22,0.0,20938.5,,,,,0.0,0.0,9807.0
841.22,0.0,20938.5,,,,,0.0,0.0,9807.0
842.22,0.0,20938.5,,,,,0.0,0.0,9807.0
843.22,0.0,20938.5,,,,,0.0,0.0,9807.0
844.22,0.0,20938.5,,,,,0.0,0.0,9807.0
845.22,0.0,20938.5,,,,,0.0,0.0,9807.0
846.22,0.0,20938.5,,,,,0.0,0.0,9807.0
847.22,0.0,20938.5,,,,,0.0,0.0,9807.0
848.22,0.0,20938.5,,,,,0.0,0.0,9807.0
849.22,0.0,20938.5,,,,,0.0,0.0,9807.0
850.22,0.0,20938.5,,,,,0.0,0.0,9807.0
851.22,0.0,20938.5,,,,,0.0,0.0,9807.0
852.22,0.0,20938.5,,,,,0.0,0.0,9807.0
853.22,0.0,20938.5,,,,,0.0,0.0,9807.0
854.22,0.0,20938.5,,,,,0.0,0.0,9807.0
855.22,0.0,20938.5,,,,,0.0,0.0,9807.0
856.22,0.0,20938.5,,,,,0.0,0.0,9807.0
857.22,0.0,20938.5,,,,,0.0,0.0,9807.0
858.22,0.0,20938.5,,,,,0.0,0.0,9807.0
859.22,0.0,20938.5,,,,,0.0,0.0,9807.0
860.22,0.0,20938.5,,,,,0.0,0.0,9807.0
861.22,0.0,20938.5,,,,,0.0,0.0,9807.0
862.22,0.0,20938.5,,,,,0.0,0.0,9807.0
863.22,0.0,20938.5,,,,,0.0,0.0,9807.0
864.22,0.0,20938.5,,,,,0.0,0.0,9807.0
865.22,0.0,20938.5,,,,,0.0,0.0,9807.0
866.22,0.0,20938.5,,,,,0.0,0.0,9807.0
867.22,0.0,20938.5,,,,,0.0,0.0,9807.0
868.22,0.0,20938.5,,,,,0.0,0.0,9807.0
869.22,0.0,20938.5,,,,,0.0,0.0,9807.0
870.22,0.0,20938.5,,,,,0.0,0.0,9807.0
871.22,0.0,20938.5,,,,,0.0,0.0,9807.0
872.22,0.0,20938.5,,,,,0.0,0.0,9807.0
873.22,0.0,20938.5,,,,,0.0,0.0,9807.0
874.22,0.0,20938.5,,,,,0.0,0.0,9807.0
875.22,0.0,20938.5,,,,,0.0,0.0,9807.0
876.22,0.0,20938.5,,,,,0.0,0.0,9807.0
877.22,0.0,20938.5,,,,,0.0,0.0,9807.0
878.22,0.0,20938.5,,,,,0.0,0.0,9807.0
879.22,0.0,20938.5,,,,,0.0,0.0,9807.0
880.22,0.0,20938.5,,,,,0.0,0.0,9807.0
881.22,0.0,20938.5,,,,,0.0,0.0,9807.0
882.22,0.0,20938.5,,,,,0.0,0.0,9807.0
883.23,0.0,20938.5,,,,,0.0,0.0,9807.0
884.23,0.0,20938.5,,,,,0.0,0.0,9807.0
885.23,0.0,20938.5,,,,,0.0,0.0,9807.0
886.23,0.0,20938.5,,,,,0.0,0.0,9807.0
887.23,0.0,20938.5,,,,,0.0,0.0,9807.0
888.23,0.0,20938.5,,,,,0.0,0.0,9807.0
889.23,0.0,20938.5,,,,,0.0,0.0,9807.0
890.23,0.0,20938.5,,,,,0.0,0.0,9807.0
891.23,0.0,20938.5,,,,,0.0,0.0,9807.0
892.23,0.0,20938.5,,,,,0.0,0.0,9807.0
893.23,0.0,20938.5,,,,,0.0,0.0,9807.0
894.23,0.0,20938.5,,,,,0.0,0.0,9807.0
895.23,0.0,20938.5,,,,,0.0,0.0,9807.0
896.23,0.0,20938.5,,,,,0.0,0.0,9807.0
897.23,0.0,20938.5,,,,,0.0,0.0,9807.0
898.23,0.0,20938.5,,,,,0.0,0.0,9807.0
899.23,0.0,20938.5,,,,,0.0,0.0,9807.0
900.23,0.0,20938.5,,,,,0.0,0.0,9807.0
901.23,0.0,20938.5,,,,,0.0,0.0,9807.0
902.23,0.0,20938.5,,,,,0.0,0.0,9807.0
903.23,0.0,20938.5,,,,,0.0,0.0,9807.0
904.23,0.0,20938.5,,,,,0.0,0.0,9807.0
905.23,0.0,20938.5,,,,,0.0,0.0,9807.0
906.23,0.0,20938.5,,,,,0.0,0.0,9807.0
907.23,0.0,20938.5,,,,,0.0,0.0,9807.0
908.23,0.0,20938.5,,,,,0.0,0.0,9807.0
909.23,0.0,20938.5,,,,,0.0,0.0,9807.0
910.23,0.0,20938.5,,,,,0.0,0.0,9807.0
911.23,0.0,20938.5,,,,,0.0,0.0,9807.0
912.23,0.0,20938.5,,,,,0.0,0.0,9807.0
913.23,0.0,20938.5,,,,,0.0,0.0,9807.0
914.23,0.0,20938.5,,,,,0.0,0.0,9807.0
915.23,0.0,20938.5,,,,,0.0,0.0,9807.0
916.23,0.0,20938.5,,,,,0.0,0.0,9807.0
917.23,0.0,20938.5,,,,,0.0,0.0,9807.0
918.23,0.0,20938.5,,,,,0.0,0.0,9807.0
919.23,0.0,20938.5,,,,,0.0,0.0,9807.0
920.23,0.0,20938.5,,,,,0.0,0.0,9807.0
921.24,0.0,20938.5,,,,,0.0,0.0,9807.0
922.24,0.0,20938.5,,,,,0.0,0.0,9807.0
923.24,0.0,20938.5,,,,,0.0,0.0,9807.0
924.24,0.0,20938.5,,,,,0.0,0.0,9807.0
925.24,0.0,20938.5,,,,,0.0,0.0,9807.0
926.24,0.0,20938.5,,,,,0.0,0.0,9807.0
927.24,0.0,20938.5,,,,,0.0,0.0,9807.0
928.24,0.0,20938.5,,,,,0.0,0.0,9807.0
929.24,0.0,20938.5,,,,,0.0,0.0,9807.0
930.24,0.0,20938.5,,,,,0.0,0.0,9807.0
931.24,0.0,20938.5,,,,,0.0,0.0,9807.0
932.24,0.0,20938.5,,,,,0.0,0.0,9807.0
933.24,0.0,20938.5,,,,,0.0,0.0,9807.0
934.24,0.0,20938.5,,,,,0.0,0.0,9807.0
935.24,0.0,20938.5,,,,,0.0,0.0,9807.0
936.24,0.0,20938.5,,,,,0.0,0.0,9807.0
937.24,0.0,20938.5,,,,,0.0,0.0,9807.0
938.24,0.0,20938.5,,,,,0.0,0.0,9807.0
939.24,0.0,20938.5,,,,,0.0,0.0,9807.0
940.24,0.0,20938.5,,,,,0.0,0.0,9807.0
941.24,0.0,20938.5,,,,,0.0,0.0,9807.0
942.24,0.0,20938.5,,,,,0.0,0.0,9807.0
943.24,0.0,20938.5,,,,,0.0,0.0,9807.0
944.24,0.0,20938.5,,,,,0.0,0.0,9807.0
945.24,0.0,20938.5,,,,,0.0,0.0,9807.0
946.24,0.0,20938.5,,,,,0.0,0.0,9807.0
947.24,0.0,20938.5,,,,,0.0,0.0,9807.0
948.24,0.0,20938.5,,,,,0.0,0.0,9807.0
949.24,0.0,20938.5,,,,,0.0,0.0,9807.0
950.24,0.0,20938.5,,,,,0.0,0.0,9807.0
951.24,0.0,20938.5,,,,,0.0,0.0,9807.0
952.24,0.0,20938.5,,,,,0.0,0.0,9807.0
953.24,0.0,20938.5,,,,,0.0,0.0,9807.0
954.24,0.0,20938.5,,,,,0.0,0.0,9807.0
955.24,0.0,20938.5,,,,,0.0,0.0,9807.0
956.24,0.0,20938.5,,,,,0.0,0.0,9807.0
957.24,0.0,20938.5,,,,,0.0,0.0,9807.0
958.24,0.0,20938.5,,,,,0.0,0.0,9807.0
959.24,0.0,20938.5,,,,,0.0,0.0,9807.0
960.24,0.0,20938.5,,,,,0.0,0.0,9807.0
961.24,0.0,20938.5,,,,,0.0,0.0,9807.0
962.24,0.0,20938.5,,,,,0.0,0.0,9807.0
963.24,0.0,20938.5,,,,,0.0,0.0,9807.0
964.24,0.0,20938.5,,,,,0.0,0.0,9807.0
965.24,0.0,20938.5,,,,,0.0,0.0,9807.0
966.24,0.0,20938.5,,,,,0.0,0.0,9807.0
967.24,0.0,20938.5,,,,,0.0,0.0,9807.0
968.24,0.0,20938.5,,,,,0.0,0.0,9807.0
969.24,0.0,20938.5,,,,,0.0,0.0,9807.0
970.24,0.0,20938.5,,,,,0.0,0.0,9807.0
971.24,0.0,20938.5,,,,,0.0,0.0,9807.0
972.24,0.0,20938.5,,,,,0.0,0.0,9807.0
973.24,0.0,20938.5,,,,,0.0,0.0,9807.0
974.24,0.0,20938.5,,,,,0.0,0.0,9807.0
975.24,0.0,20938.5,,,,,0.0,0.0,9807.0
976.24,0.0,20938.5,,,,,0.0,0.0,9855.9
977.24,0.0,20938.5,,,,,0.0,0.0,10575.3
978.24,0.0,20938.5,,,,,0.0,0.0,10880.7
979.25,0.0,20968.3,,,,,0.0,0.0,11203.3
980.25,0.0,21003.4,,,,,0.0,0.0,11807.5
981.25,0.0,21077.9,,,,,0.0,0.0,11954.6
982.25,0.0,21260.3,,,,,0.0,0.0,11861.7
983.25,0.0,21325.8,,,,,0.0,0.0,11862.3
984.25,0.0,21366.7,,,,,0.0,0.0,11862.3
985.25,0.0,21495.2,,,,,0.0,0.0,11808.4
986.25,95.55,20216.3,,,,,95.55,95.55,11808.4
987.25,78.49,23515.8,,,,,78.48,78.49,11808.5
988.25,40.82,21495.2,,,,,40.81,40.82,11809.4
989.25,100.0,20216.3,,,,,100.0,100.0,11809.4
990.25,79.95,21495.2,,,,,79.94,79.95,11809.7
991.25,95.66,20216.3,,,,,95.66,95.66,11809.7
992.25,78.44,23515.8,,,,,78.43,78.45,11809.8
993.25,40.79,21495.2,,,,,40.78,40.79,11809.9
994.25,100.0,20216.3,,,,,100.0,100.0,11809.9
995.25,80.06,21495.2,,,,,80.05,80.07,11810.0
996.25,95.54,20216.3,,,,,95.55,95.54,11810.0
997.25,78.48,23515.8,,,,,78.48,78.49,11810.0
998.25,40.8,21495.2,,,,,40.8,40.8,11810.1
999.25,100.0,20216.3,,,,,100.0,100.0,11810.1
1000.25,79.95,21479.1,,,,,79.95,79.96,11810.2
1001.25,95.65,20116.3,,,,,95.65,95.65,11812.7
1002.25,0.0,20642.9,,,,,0.0,0.0,11824.5
1003.25,40.14,20643.2,,,,,40.13,40.14,11881.2
1004.25,80.0,21922.1,,,,,79.99,80.01,11881.3
1005.25,95.63,20643.2,,,,,95.62,95.63,11881.3
1006.25,78.41,23942.7,,,,,78.41,78.41,11881.3
1007.25,40.81,21922.1,,,,,40.8,40.81,11880.4
1008.25,100.0,20643.2,,,,,100.0,100.0,11880.4
1009.25,80.07,21922.1,,,,,80.07,80.08,11880.4
1010.25,95.53,20643.2,,,,,95.53,95.53,11880.4
1011.25,78.48,23942.7,,,,,78.47,78.48,11880.4
1012.25,40.78,21922.1,,,,,40.78,40.78,11880.5
1013.25,100.0,20643.2,,,,,100.0,100.0,11880.5
1014.25,80.01,21922.5,,,,,80.01,80.02,11880.5
1015.25,95.58,20643.2,,,,,95.58,95.58,11880.5
1016.25,78.44,23942.7,,,,,78.43,78.44,11880.6
1017.25,40.79,21922.1,,,,,40.78,40.79,11880.6
1018.25,100.0,20643.2,,,,,100.0,100.0,11880.6
1019.25,80.05,21939.0,,,,,80.05,80.06,11880.6
1020.25,0.0,21922.1,,,,,0.0,0.0,11880.6
1021.25,100.0,23942.7,,,,,100.0,100.0,11880.7
1022.25,40.81,21922.1,,,,,40.8,40.81,11880.8
1023.25,95.6,20543.2,,,,,95.59,95.6,11881.2
1024.25,1.27,20681.0,,,,,1.27,1.28,11901.8
1025.25,78.49,23980.5,,,,,78.48,78.49,11901.8
1026.25,40.79,21959.9,,,,,40.78,40.79,11901.8
1027.25,100.0,20681.0,,,,,100.0,100.0,11901.9
1028.25,80.05,21959.9,,,,,80.04,80.06,11901.9
1029.25,95.65,20681.0,,,,,95.65,95.65,11901.9
1030.25,78.41,23980.5,,,,,78.41,78.42,11901.9
1031.25,40.79,21959.9,,,,,40.79,40.8,11901.9
1032.25,100.0,20681.0,,,,,100.0,100.0,11902.0
1033.25,80.0,21959.9,,,,,79.99,80.01,11902.0
1034.25,95.64,20681.0,,,,,95.64,95.65,11902.0
1035.25,78.42,23980.5,,,,,78.42,78.43,11902.0
1036.25,40.84,21959.9,,,,,40.84,40.85,11902.0
1037.25,100.0,20681.0,,,,,100.0,100.0,11902.1
1038.25,80.06,21959.9,,,,,80.05,80.07,11901.1
1039.25,95.6,20681.0,,,,,95.61,95.6,11901.1
1040.25,78.39,23980.5,,,,,78.39,78.39,11901.1
1041.25,40.8,21959.9,,,,,40.8,40.81,11901.1
1042.26,100.0,20681.0,,,,,100.0,100.0,11901.2
1043.26,79.97,21959.9,,,,,79.97,79.97,11901.2
1044.26,96.82,20681.0,,,,,96.81,96.83,11906.2
1045.26,39.26,20681.0,,,,,39.25,39.26,11912.4
1046.26,80.01,21959.9,,,,,80.01,80.02,11912.5
1047.26,95.54,20681.0,,,,,95.54,95.54,11912.5
1048.26,100.0,21976.8,,,,,100.0,100.0,11912.5
1049.26,0.0,21959.9,,,,,0.0,0.0,11912.5
1050.26,100.0,20681.0,,,,,100.0,100.0,11912.5
1051.26,79.99,21959.9,,,,,79.99,80.0,11912.6
1052.26,95.57,20681.0,,,,,95.58,95.57,11912.6
1053.26,100.0,21976.8,,,,,100.0,100.0,11912.6
1054.26,0.0,21959.9,,,,,0.0,0.0,11912.6
1055.26,100.0,20681.0,,,,,100.0,100.0,11912.6
1056.26,79.97,21959.9,,,,,79.96,79.97,11912.7
1057.26,95.58,20681.0,,,,,95.58,95.58,11912.7
1058.26,100.0,21976.9,,,,,100.0,100.0,11912.7
1059.26,0.0,21959.9,,,,,0.0,0.0,11912.7
1060.26,100.0,20681.0,,,,,100.0,100.0,11912.7
1061.26,80.05,21959.9,,,,,80.05,80.06,11912.8
1062.26,95.63,20681.0,,,,,95.63,95.63,11912.8
1063.26,78.39,23980.5,,,,,78.39,78.4,11912.8
1064.26,40.8,22059.9,,,,,40.8,40.81,11912.8
1065.26,100.0,20681.0,,,,,100.0,100.0,11919.5
1066.26,80.06,21976.8,,,,,80.05,80.07,11919.5
1067.26,0.0,21959.9,,,,,0.0,0.0,11919.5
1068.26,100.0,23980.5,,,,,100.0,100.0,11919.6
1069.26,40.82,21959.9,,,,,40.82,40.82,11919.6
1070.26,100.0,20681.0,,,,,100.0,100.0,11919.6
1071.26,79.97,21976.8,,,,,79.96,79.98,11919.6
1072.26,0.0,21959.9,,,,,0.0,0.0,11919.6
1073.26,100.0,23980.5,,,,,100.0,100.0,11919.7
1074.26,40.81,21959.9,,,,,40.81,40.81,11919.7
1075.26,100.0,20681.0,,,,,100.0,100.0,11919.7
1076.26,79.97,21976.8,,,,,79.96,79.97,11919.7
1077.26,0.0,21959.9,,,,,0.0,0.0,11919.7
1078.26,100.0,23980.5,,,,,100.0,100.0,11919.8
1079.26,40.81,21959.9,,,,,40.81,40.82,11919.8
1080.26,95.6,20681.0,,,,,95.6,95.59,11919.8
1081.26,100.0,21976.8,,,,,100.0,100.0,11919.8
1082.26,0.0,21959.9,,,,,0.0,0.0,11919.8
1083.26,100.0,23980.5,,,,,100.0,100.0,11919.9
1084.26,40.83,22059.9,,,,,40.83,40.83,11919.9
1085.26,96.81,20681.0,,,,,96.8,96.81,11928.5
1086.26,78.48,23980.5,,,,,78.48,78.49,11928.5
1087.26,40.79,21959.9,,,,,40.78,40.79,11928.5
1088.26,100.0,20681.0,,,,,100.0,100.0,11928.5
1089.26,80.01,21959.9,,,,,80.01,80.02,11928.6
1090.26,95.64,20681.0,,,,,95.64,95.64,11928.6
1091.26,78.38,23980.5,,,,,78.37,78.39,11928.6
1092.26,40.82,21959.9,,,,,40.81,40.82,11928.6
1093.26,100.0,20681.0,,,,,100.0,100.0,11928.6
1094.26,80.0,21959.9,,,,,80.0,80.0,11928.7
1095.26,95.62,20681.0,,,,,95.62,95.63,11928.7
1096.26,78.41,23980.5,,,,,78.41,78.42,11928.7
1097.26,40.81,21959.9,,,,,40.81,40.82,11928.7
1098.26,100.0,20681.0,,,,,100.0,100.0,11928.7
1099.26,80.06,21960.3,,,,,80.05,80.06,11928.8
1100.26,95.53,20681.0,,,,,95.54,95.53,11928.8
1101.26,78.46,23980.5,,,,,78.46,78.47,11928.8
1102.26,40.79,21959.9,,,,,40.78,40.8,11928.8
1103.26,100.0,20681.0,,,,,100.0,100.0,11928.8
1104.26,80.03,21976.8,,,,,80.03,80.04,11928.8
1105.26,0.0,22059.9,,,,,0.0,0.0,11928.9
1106.27,100.0,20681.0,,,,,100.0,100.0,11938.9
1107.27,79.97,21959.9,,,,,79.96,79.98,11938.9
1108.27,95.63,20681.0,,,,,95.63,95.62,11939.0
1109.27,100.0,21976.8,,,,,100.0,100.0,11939.0
1110.27,0.0,21959.9,,,,,0.0,0.0,11939.0
1111.27,100.0,20681.0,,,,,100.0,100.0,11939.0
1112.27,80.01,21959.9,,,,,80.01,80.02,11939.0
1113.27,95.52,20681.0,,,,,95.52,95.53,11939.1
1114.27,78.48,23980.5,,,,,78.48,78.48,11939.1
1115.27,40.78,21959.9,,,,,40.78,40.78,11939.1
1116.27,100.0,20681.0,,,,,100.0,100.0,11939.1
1117.27,80.03,21959.9,,,,,80.02,80.04,11939.1
1118.27,95.58,20681.0,,,,,95.58,95.58,11939.1
1119.27,78.38,23980.5,,,,,78.37,78.38,11939.2
1120.27,40.8,21959.9,,,,,40.8,40.81,11939.2
1121.27,100.0,20681.0,,,,,100.0,100.0,11939.2
1122.27,80.05,21959.9,,,,,80.05,80.06,11939.2
1123.27,95.6,20681.0,,,,,95.6,95.6,11939.2
1124.27,78.44,23980.5,,,,,78.43,78.44,11939.3
1125.27,40.8,22059.9,,,,,40.79,40.81,11939.3
1126.27,96.88,20681.0,,,,,96.88,96.89,11947.4
1127.27,100.0,21976.8,,,,,100.0,100.0,11947.4
1128.27,0.0,21959.9,,,,,0.0,0.0,11947.4
1129.27,100.0,23980.5,,,,,100.0,100.0,11947.5
1130.27,40.8,21959.9,,,,,40.8,40.8,11947.5
1131.27,95.63,20681.0,,,,,95.64,95.63,11947.5
1132.27,100.0,21976.8,,,,,100.0,100.0,11947.5
1133.27,0.0,21959.9,,,,,0.0,0.0,11947.5
1134.27,100.0,23980.5,,,,,100.0,100.0,11947.6
1135.27,40.79,21959.9,,,,,40.79,40.8,11947.6
1136.27,95.55,20681.0,,,,,95.55,95.55,11947.6
1137.27,100.0,21976.8,,,,,100.0,100.0,11947.6
1138.27,0.0,21959.9,,,,,0.0,0.0,11947.6
1139.27,100.0,23980.5,,,,,100.0,100.0,11947.6
1140.27,40.78,21959.9,,,,,40.78,40.79,11947.7
1141.27,95.58,20681.0,,,,,95.58,95.58,11947.7
1142.27,100.0,21976.8,,,,,100.0,100.0,11947.7
1143.27,0.0,21959.9,,,,,0.0,0.0,11947.7
1144.27,100.0,20681.0,,,,,100.0,100.0,11947.7
1145.27,40.81,22059.9,,,,,40.8,40.81,11947.8
1146.27,96.92,20681.0,,,,,96.92,96.93,11957.5
1147.27,78.43,23980.5,,,,,78.43,78.44,11957.5
1148.27,40.79,21959.9,,,,,40.78,40.79,11957.5
1149.27,100.0,20681.0,,,,,100.0,100.0,11957.5
1150.27,80.1,21976.8,,,,,80.09,80.1,11957.6
1151.27,0.0,21959.9,,,,,0.0,0.0,11957.6
1152.27,100.0,23980.5,,,,,100.0,100.0,11957.6
1153.27,40.81,21959.9,,,,,40.81,40.81,11957.6
1154.27,100.0,20681.0,,,,,100.0,100.0,11957.6
1155.27,80.03,21976.8,,,,,80.02,80.04,11957.7
1156.27,0.0,21959.9,,,,,0.0,0.0,11957.7
1157.27,100.0,23980.5,,,,,100.0,100.0,11957.7
1158.27,40.84,21959.9,,,,,40.84,40.84,11957.7
1159.27,100.0,20681.0,,,,,100.0,100.0,11957.7
1160.27,80.4,21976.8,,,,,80.39,80.41,11957.8
1161.27,0.0,21959.9,,,,,0.0,0.0,11957.8
1162.27,100.0,23980.5,,,,,100.0,100.0,11957.8
1163.27,40.78,21959.9,,,,,40.78,40.79,11957.8
1164.27,95.64,20681.0,,,,,95.64,95.64,11957.8
1165.27,100.0,21976.8,,,,,100.0,100.0,11957.8
1166.27,0.0,22059.9,,,,,0.0,0.0,11957.9
1167.28,100.0,20681.0,,,,,100.0,100.0,11967.2
1168.28,79.97,21959.9,,,,,79.97,79.98,11967.3
1169.28,95.59,20681.0,,,,,95.59,95.6,11967.3
1170.28,78.48,23980.5,,,,,78.48,78.49,11967.3
1171.28,40.79,21959.9,,,,,40.79,40.8,11967.3
1172.28,100.0,20681.0,,,,,100.0,100.0,11967.3
1173.28,80.0,21959.9,,,,,79.99,80.01,11967.4
1174.28,95.62,20681.0,,,,,95.63,95.62,11967.4
1175.28,78.43,23980.5,,,,,78.43,78.43,11967.4
1176.28,40.82,21959.9,,,,,40.81,40.82,11967.4
1177.28,100.0,20681.0,,,,,100.0,100.0,11967.4
1178.28,79.96,21959.9,,,,,79.95,79.97,11967.5
1179.28,95.64,20681.0,,,,,95.64,95.64,11967.5
1180.28,78.44,23980.5,,,,,78.44,78.44,11967.5
1181.28,40.79,21959.9,,,,,40.79,40.8,11967.5
1182.28,100.0,20681.0,,,,,100.0,100.0,11967.5
1183.28,80.05,21960.3,,,,,80.04,80.06,11967.6
1184.28,95.53,20681.0,,,,,95.53,95.53,11967.6
1185.28,78.47,23980.5,,,,,78.47,78.48,11967.6
1186.28,40.8,22059.9,,,,,40.8,40.81,11967.6
1187.28,96.88,20681.0,,,,,96.87,96.89,11976.6
1188.28,100.0,21976.8,,,,,100.0,100.0,11976.7
1189.28,0.0,21959.9,,,,,0.0,0.0,11976.7
1190.28,100.0,20681.0,,,,,100.0,100.0,11976.7
1191.28,80.0,21959.9,,,,,80.0,80.01,11976.7
1192.28,95.53,20681.0,,,,,95.53,95.53,11976.7
1193.28,100.0,21976.8,,,,,100.0,100.0,11976.8
1194.28,0.0,21959.9,,,,,0.0,0.0,11976.8
1195.28,100.0,20681.0,,,,,100.0,100.0,11976.8
1196.28,80.0,21959.9,,,,,79.99,80.0,11976.8
1197.28,95.63,20681.0,,,,,95.63,95.63,11976.8
1198.28,78.46,23980.5,,,,,78.46,78.46,11976.8
1199.28,40.78,21959.9,,,,,40.77,40.79,11976.9
1200.28,100.0,20681.0,,,,,100.0,100.0,11976.9
1201.28,80.02,21959.9,,,,,80.01,80.03,11976.9
1202.28,95.66,20681.0,,,,,95.66,95.66,11976.9
1203.28,78.42,23980.5,,,,,78.42,78.42,11976.9
1204.28,40.81,21959.9,,,,,40.8,40.82,11976.9
1205.28,100.0,20681.0,,,,,100.0,100.0,11977.0
1206.28,80.06,21959.9,,,,,80.05,80.06,11977.0
1207.28,96.8,20681.0,,,,,96.79,96.82,11982.7
1208.28,78.43,23980.5,,,,,78.43,78.44,11982.7
1209.28,40.81,21959.9,,,,,40.8,40.81,11982.7
1210.28,100.0,20681.0,,,,,100.0,100.0,11982.8
1211.28,80.02,21976.8,,,,,80.01,80.02,11982.8
1212.28,0.0,21959.9,,,,,0.0,0.0,11982.8
1213.28,100.0,23980.5,,,,,100.0,100.0,11982.8
1214.28,40.81,21959.9,,,,,40.81,40.82,11982.8
1215.28,95.54,20681.0,,,,,95.54,95.54,11982.8
1216.28,100.0,21976.8,,,,,100.0,100.0,11982.9
1217.28,0.0,21959.9,,,,,0.0,0.0,11982.9
1218.28,100.0,23980.5,,,,,100.0,100.0,11982.9
1219.28,40.78,21959.9,,,,,40.78,40.78,11982.9
1220.28,95.57,20681.0,,,,,95.57,95.58,11982.9
1221.28,100.0,21976.8,,,,,100.0,100.0,11983.0
1222.28,0.0,21959.9,,,,,0.0,0.0,11983.0
1223.28,100.0,23980.5,,,,,100.0,100.0,11983.0
1224.28,40.78,21959.9,,,,,40.77,40.78,11983.0
1225.28,95.64,20681.0,,,,,95.64,95.64,11983.0
1226.28,100.0,21976.8,,,,,100.0,100.0,11983.1
1227.29,0.0,22059.9,,,,,0.0,0.0,11983.1
1228.29,100.0,20681.0,,,,,100.0,100.0,11990.6
1229.29,80.01,21959.9,,,,,80.0,80.02,11990.6
1230.29,95.6,20681.0,,,,,95.6,95.6,11990.7
1231.29,78.38,23980.5,,,,,78.38,78.39,11990.7
1232.29,40.83,21959.9,,,,,40.82,40.83,11990.7
1233.29,100.0,20681.0,,,,,100.0,100.0,11990.7
1234.29,80.01,21943.8,,,,,80.0,80.03,11990.7
1235.29,95.59,20681.0,,,,,95.59,95.58,11990.7
1236.29,78.44,23980.5,,,,,78.43,78.45,11990.8
1237.29,40.84,21959.9,,,,,40.83,40.84,11990.8
1238.29,100.0,20681.0,,,,,100.0,100.0,11990.8
1239.29,80.01,21976.8,,,,,80.01,80.02,11990.8
1240.29,0.0,21959.9,,,,,0.0,0.0,11990.8
1241.29,100.0,23980.5,,,,,100.0,100.0,11990.9
1242.29,40.81,21959.9,,,,,40.8,40.81,11990.9
1243.29,100.0,20681.0,,,,,100.0,100.0,11990.9
1244.29,80.02,21976.8,,,,,80.01,80.02,11990.9
1245.29,0.0,21959.9,,,,,0.0,0.0,11990.9
1246.29,100.0,23980.5,,,,,100.0,100.0,11990.9
1247.29,40.83,22059.9,,,,,40.83,40.84,11991.0
1248.29,96.86,20681.0,,,,,96.85,96.87,11999.3
1249.29,100.0,21976.9,,,,,100.0,100.0,11999.4
1250.29,0.0,21959.9,,,,,0.0,0.0,11999.4
1251.29,100.0,20681.0,,,,,100.0,100.0,11999.4
1252.29,80.0,21959.9,,,,,80.0,80.0,11999.4
1253.29,95.59,20681.0,,,,,95.58,95.59,11999.4
1254.29,78.47,23980.5,,,,,78.46,78.48,11999.4
1255.29,40.8,21959.9,,,,,40.79,40.81,11999.5
1256.29,100.0,20681.0,,,,,100.0,100.0,11999.5
1257.29,79.91,21959.9,,,,,79.89,79.92,11999.5
1258.29,95.74,20681.0,,,,,95.75,95.73,11999.5
1259.29,78.42,23980.5,,,,,78.41,78.42,11999.5
1260.29,40.8,21959.9,,,,,40.8,40.8,11999.5
1261.29,100.0,20681.0,,,,,100.0,100.0,11999.6
1262.29,80.0,21959.9,,,,,79.99,80.01,11999.6
1263.29,95.52,20681.0,,,,,95.52,95.52,11999.6
1264.29,78.42,23980.5,,,,,78.41,78.42,11999.6
1265.29,40.83,21959.9,,,,,40.83,40.84,11999.6
1266.29,100.0,20681.0,,,,,100.0,100.0,11999.7
1267.29,80.0,21959.9,,,,,79.99,80.01,11999.7
1268.29,96.89,20681.0,,,,,96.88,96.89,12005.8
1269.29,78.42,23980.5,,,,,78.41,78.43,12005.8
1270.29,40.81,21959.9,,,,,40.81,40.82,12005.8
1271.29,95.59,20681.0,,,,,95.59,95.59,12005.8
1272.29,100.0,21976.8,,,,,100.0,100.0,12005.9
1273.29,0.0,21959.9,,,,,0.0,0.0,12005.9
1274.29,100.0,23980.5,,,,,100.0,100.0,12005.9
1275.29,40.81,21959.9,,,,,40.81,40.81,12005.9
1276.29,95.52,20681.0,,,,,95.53,95.52,12005.9
1277.29,100.0,21976.8,,,,,100.0,100.0,12006.0
1278.29,0.0,21959.9,,,,,0.0,0.0,12006.0
1279.29,100.0,23980.5,,,,,100.0,100.0,12006.0
1280.29,40.81,21959.9,,,,,40.8,40.81,12006.0
1281.29,95.64,20681.0,,,,,95.64,95.64,12006.0
1282.29,100.0,21976.8,,,,,100.0,100.0,12006.1
1283.29,0.0,21959.9,,,,,0.0,0.0,12006.1
1284.29,100.0,20681.0,,,,,100.0,100.0,12006.1
1285.29,80.02,21959.9,,,,,80.02,80.03,12006.1
1286.29,95.62,20681.0,,,,,95.63,95.62,12006.1
1287.29,100.0,21976.8,,,,,100.0,100.0,12006.1
1288.29,0.0,22059.9,,,,,0.0,0.0,12006.2
1289.29,100.0,20681.0,,,,,100.0,100.0,12013.4
1290.29,79.99,21976.8,,,,,79.98,79.99,12013.4
1291.3,95.58,21959.8,,,,,95.58,95.58,12013.4
1292.3,78.42,23980.5,,,,,78.41,78.42,12013.5
1293.3,40.81,21959.9,,,,,40.81,40.81,12013.5
1294.3,100.0,20681.0,,,,,100.0,100.0,12013.5
1295.3,80.01,21976.8,,,,,80.01,80.01,12013.5
1296.3,0.0,21959.9,,,,,0.0,0.0,12013.5
1297.3,100.0,23980.5,,,,,100.0,100.0,12013.6
1298.3,40.79,21959.9,,,,,40.78,40.79,12013.6
1299.3,100.0,20681.0,,,,,100.0,100.0,12013.6
1300.3,79.98,21976.8,,,,,79.97,79.98,12013.6
1301.3,0.0,21959.9,,,,,0.0,0.0,12013.6
1302.3,100.0,23980.5,,,,,100.0,100.0,12013.7
1303.3,40.81,21959.9,,,,,40.8,40.82,12013.7
1304.3,100.0,20681.0,,,,,100.0,100.0,12013.7
1305.3,80.03,21976.8,,,,,80.02,80.04,12013.7
1306.3,0.0,21959.9,,,,,0.0,0.0,12013.7
1307.3,100.0,23980.5,,,,,100.0,100.0,12013.7
1308.3,40.81,22059.9,,,,,40.8,40.81,12013.8
1309.3,96.84,20681.0,,,,,96.84,96.85,12021.5
1310.3,78.47,23980.5,,,,,78.47,78.47,12021.5
1311.3,40.79,21959.9,,,,,40.78,40.79,12021.6
1312.3,100.0,20681.0,,,,,100.0,100.0,12021.6
1313.3,80.08,21959.9,,,,,80.07,80.09,12021.6
1314.3,95.6,20681.0,,,,,95.6,95.6,12021.6
1315.3,78.42,23980.5,,,,,78.41,78.43,12021.6
1316.3,40.77,21959.9,,,,,40.77,40.78,12021.6
1317.3,100.0,20681.0,,,,,100.0,100.0,12021.7
1318.3,79.98,21959.9,,,,,79.98,79.99,12021.7
1319.3,95.63,20681.0,,,,,95.63,95.63,12021.7
1320.3,78.42,23980.5,,,,,78.42,78.42,12021.7
1321.3,40.8,21959.9,,,,,40.8,40.81,12021.7
1322.3,100.0,20681.0,,,,,100.0,100.0,12021.8
1323.3,79.95,21959.9,,,,,79.95,79.96,12021.8
1324.3,95.64,20681.0,,,,,95.64,95.64,12021.8
1325.3,78.45,23980.5,,,,,78.45,78.46,12021.8
1326.3,40.77,21959.9,,,,,40.76,40.78,12021.8
1327.3,100.0,20681.0,,,,,100.0,100.0,12021.8
1328.3,79.96,21943.8,,,,,79.95,79.97,12021.9
1329.3,96.9,20681.0,,,,,96.9,96.91,12025.3
1330.3,78.44,23980.5,,,,,78.44,78.45,12029.0
1331.3,40.77,21959.9,,,,,40.76,40.77,12029.0
1332.3,95.65,20681.0,,,,,95.65,95.64,12029.0
1333.3,100.0,21976.8,,,,,100.0,100.0,12029.0
1334.3,0.0,21959.9,,,,,0.0,0.0,12029.0
1335.3,100.0,20681.0,,,,,100.0,100.0,12029.0
1336.3,80.01,21959.9,,,,,80.01,80.02,12029.1
1337.3,95.64,20681.0,,,,,95.64,95.64,12029.1
1338.3,100.0,21976.8,,,,,100.0,100.0,12030.8
1339.3,0.0,21959.9,,,,,0.0,0.0,12030.8
1340.3,100.0,20681.0,,,,,100.0,100.0,12030.8
1341.3,80.08,21959.9,,,,,80.07,80.1,12030.9
1342.3,95.57,20681.0,,,,,95.57,95.57,12030.9
1343.3,100.0,21976.8,,,,,100.0,100.0,12030.9
1344.3,0.0,21959.9,,,,,0.0,0.0,12030.9
1345.3,100.0,20681.0,,,,,100.0,100.0,12030.9
1346.3,80.02,21959.9,,,,,80.01,80.03,12031.0
1347.3,95.53,20681.0,,,,,95.53,95.53,12031.0
1348.3,78.47,23980.5,,,,,78.46,78.47,12031.0
1349.3,40.82,22059.9,,,,,40.81,40.82,12031.1
1350.3,100.0,20681.0,,,,,100.0,100.0,12038.1
1351.3,79.98,21976.8,,,,,79.96,80.01,12038.1
1352.3,0.0,21959.9,,,,,0.0,0.0,12038.1
1353.31,100.0,23980.5,,,,,100.0,100.0,12038.2
1354.31,40.83,21959.9,,,,,40.82,40.84,12038.2
1355.31,100.0,20681.0,,,,,100.0,100.0,12038.2
1356.31,79.96,21976.8,,,,,79.95,79.97,12038.2
1357.31,0.0,21959.9,,,,,0.0,0.0,12038.2
1358.31,100.0,23980.5,,,,,100.0,100.0,12038.3
1359.31,40.83,21959.9,,,,,40.82,40.83,12038.3
1360.31,95.59,20681.0,,,,,95.6,95.59,12038.3
1361.31,100.0,21976.8,,,,,100.0,100.0,12038.3
1362.31,0.0,21959.9,,,,,0.0,0.0,12038.3
1363.31,100.0,23980.5,,,,,100.0,100.0,12038.3
1364.31,40.78,21959.9,,,,,40.78,40.79,12038.4
1365.31,95.57,20681.0,,,,,95.58,95.56,12038.4
1366.31,100.0,21976.8,,,,,100.0,100.0,12038.4
1367.31,0.0,21959.9,,,,,0.0,0.0,12038.4
1368.31,100.0,23980.5,,,,,100.0,100.0,12038.4
1369.31,40.8,22059.9,,,,,40.8,40.8,12038.5
1370.31,96.86,20681.0,,,,,96.85,96.86,12045.9
1371.31,78.47,23980.5,,,,,78.47,78.48,12045.9
1372.31,40.78,21959.9,,,,,40.78,40.79,12045.9
1373.31,100.0,20681.0,,,,,100.0,100.0,12045.9
1374.31,80.07,21951.8,,,,,80.06,80.08,12045.9
1375.31,95.58,20681.0,,,,,95.58,95.58,12046.0
1376.31,78.43,23980.5,,,,,78.43,78.44,12046.0
1377.31,40.82,21959.9,,,,,40.81,40.83,12046.0
1378.31,100.0,20681.0,,,,,100.0,100.0,12046.0
1379.31,80.06,21976.8,,,,,80.06,80.07,12046.0
1380.31,95.6,20681.0,,,,,95.61,95.6,12046.0
1381.31,78.43,23980.5,,,,,78.43,78.44,12046.1
1382.31,40.81,21959.9,,,,,40.8,40.81,12046.1
1383.31,100.0,20681.0,,,,,100.0,100.0,12046.1
1384.31,80.02,21976.8,,,,,80.02,80.03,12046.1
1385.31,0.0,21959.9,,,,,0.0,0.0,12046.1
1386.31,100.0,23980.5,,,,,100.0,100.0,12046.2
1387.31,40.8,21959.9,,,,,40.8,40.81,12046.2
1388.31,100.0,20681.0,,,,,100.0,100.0,12046.2
1389.31,80.0,21976.8,,,,,80.0,80.01,12046.2
1390.31,0.0,22059.9,,,,,0.0,0.0,12046.3
1391.31,100.0,20681.0,,,,,100.0,100.0,12052.4
1392.31,80.02,21959.9,,,,,80.02,80.03,12052.4
1393.31,95.56,20681.0,,,,,95.56,95.55,12052.4
1394.31,78.42,23980.5,,,,,78.42,78.42,12052.5
1395.31,40.84,21959.9,,,,,40.83,40.84,12052.5
1396.31,100.0,20681.0,,,,,100.0,100.0,12052.5
1397.31,80.02,21959.9,,,,,80.02,80.03,12052.5
1398.31,95.62,20681.0,,,,,95.62,95.62,12052.5
1399.31,78.42,23980.5,,,,,78.42,78.43,12052.6
1400.31,40.81,21959.9,,,,,40.81,40.82,12052.6
1401.31,100.0,20681.0,,,,,100.0,100.0,12052.6
1402.31,80.0,21959.9,,,,,79.99,80.0,12052.6
1403.31,95.59,20681.0,,,,,95.6,95.59,12052.6
1404.31,78.39,23980.5,,,,,78.39,78.39,12052.6
1405.31,40.8,21959.9,,,,,40.8,40.81,12052.7
1406.31,100.0,20681.0,,,,,100.0,100.0,12052.7
1407.31,79.94,21959.9,,,,,79.93,79.95,12052.7
1408.31,95.62,20681.0,,,,,95.62,95.62,12052.7
1409.31,78.44,23980.5,,,,,78.44,78.44,12052.7
1410.31,40.81,22059.9,,,,,40.81,40.82,12052.8
1411.31,96.86,20681.0,,,,,96.86,96.86,12060.3
1412.31,100.0,21976.8,,,,,100.0,100.0,12060.4
1413.31,0.0,21959.9,,,,,0.0,0.0,12060.4
1414.31,100.0,23980.5,,,,,100.0,100.0,12060.4
1415.31,40.78,21959.9,,,,,40.78,40.79,12060.4
1416.31,95.58,20681.0,,,,,95.59,95.57,12060.4
1417.32,100.0,21976.8,,,,,100.0,100.0,12060.5
1418.32,0.0,21959.9,,,,,0.0,0.0,12060.5
1419.32,100.0,20890.0,,,,,100.0,100.0,12060.5
1420.32,40.83,21959.9,,,,,40.82,40.83,12060.5
1421.32,95.59,20681.0,,,,,95.59,95.59,12060.5
1422.32,100.0,21976.8,,,,,100.0,100.0,12060.6
1423.32,0.0,21959.9,,,,,0.0,0.0,12060.6
1424.32,100.0,20681.0,,,,,100.0,100.0,12060.6
1425.32,79.98,21959.9,,,,,79.97,79.99,12060.6
1426.32,95.57,20681.0,,,,,95.57,95.57,12060.6
1427.32,100.0,21976.8,,,,,100.0,100.0,12060.6
1428.32,0.0,21959.9,,,,,0.0,0.0,12060.6
1429.32,100.0,20681.0,,,,,100.0,100.0,12060.7
1430.32,80.06,22059.9,,,,,80.06,80.07,12060.7
1431.32,96.79,20681.0,,,,,96.79,96.8,12065.7
1432.32,78.42,23980.5,,,,,78.41,78.42,12065.8
1433.32,40.84,21959.9,,,,,40.83,40.84,12066.9
1434.32,100.0,20681.0,,,,,100.0,100.0,12066.9
1435.32,80.02,21976.8,,,,,80.01,80.03,12066.9
1436.32,0.0,21959.9,,,,,0.0,0.0,12067.5
1437.32,100.0,23980.5,,,,,100.0,100.0,12067.5
1438.32,40.82,21959.9,,,,,40.81,40.82,12067.6
1439.32,100.0,20681.0,,,,,100.0,100.0,12067.6
1440.32,79.95,21976.8,,,,,79.95,79.95,12067.7
1441.32,0.0,21959.9,,,,,0.0,0.0,12067.7
1442.32,100.0,23980.5,,,,,100.0,100.0,12067.7
1443.32,40.8,21959.9,,,,,40.79,40.8,12067.8
1444.32,100.0,20681.0,,,,,100.0,100.0,12067.8
1445.32,80.07,21976.8,,,,,80.06,80.09,12067.8
1446.32,0.0,21959.9,,,,,0.0,0.0,12067.8
1447.32,100.0,23980.5,,,,,100.0,100.0,12067.8
1448.32,40.84,21959.9,,,,,40.84,40.84,12067.9
1449.32,95.53,20681.0,,,,,95.53,95.53,12067.9
1450.32,100.0,21976.8,,,,,100.0,100.0,12067.9
1451.32,0.0,22059.9,,,,,0.0,0.0,12068.0
1452.32,100.0,20681.0,,,,,100.0,100.0,12073.7
1453.32,79.96,21959.9,,,,,79.96,79.97,12073.7
1454.32,95.62,20681.0,,,,,95.61,95.62,12073.7
1455.32,78.41,23980.5,,,,,78.41,78.42,12073.8
1456.32,40.8,21959.9,,,,,40.79,40.81,12073.8
1457.32,100.0,20681.0,,,,,100.0,100.0,12073.8
1458.32,80.04,21959.9,,,,,80.04,80.04,12073.8
1459.32,95.59,20681.0,,,,,95.58,95.6,12073.8
1460.32,78.39,23980.5,,,,,78.39,78.4,12073.9
1461.32,40.8,21959.9,,,,,40.8,40.81,12073.9
1462.32,100.0,20681.0,,,,,100.0,100.0,12073.9
1463.32,80.08,21959.9,,,,,80.07,80.09,12073.9
1464.32,95.6,20681.0,,,,,95.6,95.6,12073.9
1465.32,78.43,23980.5,,,,,78.42,78.44,12073.9
1466.32,40.82,21959.9,,,,,40.82,40.82,12074.0
1467.32,100.0,20681.0,,,,,100.0,100.0,12074.0
1468.32,80.01,21959.9,,,,,80.0,80.02,12074.0
1469.32,95.67,20681.0,,,,,95.68,95.66,12074.0
1470.32,78.42,23980.5,,,,,78.41,78.43,12074.0
1471.32,40.82,22059.9,,,,,40.81,40.82,12074.1
1472.32,96.79,20681.0,,,,,96.78,96.8,12081.8
1473.32,100.0,21976.8,,,,,100.0,100.0,12081.8
1474.32,0.0,21959.9,,,,,0.0,0.0,12081.8
1475.32,100.0,20681.0,,,,,100.0,100.0,12081.8
1476.32,40.78,21959.9,,,,,40.78,40.78,12081.9
1477.32,95.6,20681.0,,,,,95.61,95.6,12081.9
1478.32,100.0,21976.8,,,,,100.0,100.0,12081.9
1479.32,0.0,21959.9,,,,,0.0,0.0,12081.9
1480.32,100.0,20681.0,,,,,100.0,100.0,12081.9
1481.33,80.02,21959.9,,,,,80.01,80.03,12081.9
1482.33,95.6,20681.0,,,,,95.6,95.6,12082.0
1483.33,100.0,21976.8,,,,,100.0,100.0,12082.0
1484.33,0.0,21959.9,,,,,0.0,0.0,12082.0
1485.33,100.0,20681.0,,,,,100.0,100.0,12082.0
1486.33,80.03,21959.9,,,,,80.02,80.03,12082.0
1487.33,95.59,20681.0,,,,,95.6,95.59,12082.1
1488.33,100.0,21976.8,,,,,100.0,100.0,12082.1
1489.33,0.0,21959.9,,,,,0.0,0.0,12082.1
1490.33,100.0,20681.0,,,,,100.0,100.0,12082.1
1491.33,80.08,22059.9,,,,,80.07,80.09,12082.2
1492.33,96.89,20681.0,,,,,96.88,96.89,12087.0
1493.33,78.42,23980.5,,,,,78.42,78.43,12087.0
1494.33,40.8,21959.9,,,,,40.8,40.81,12087.0
1495.33,100.0,20681.0,,,,,100.0,100.0,12087.0
1496.33,80.06,21976.8,,,,,80.05,80.07,12087.0
1497.33,0.0,21959.9,,,,,0.0,0.0,12087.0
1498.33,100.0,23980.5,,,,,100.0,100.0,12087.1
1499.33,40.84,21959.9,,,,,40.84,40.85,12087.1
1500.33,100.0,20681.0,,,,,100.0,100.0,12087.1
1501.33,80.02,21976.8,,,,,80.01,80.02,12087.1
1502.33,0.0,21959.9,,,,,0.0,0.0,12087.1
1503.33,100.0,23980.5,,,,,100.0,100.0,12087.2
1504.33,40.8,21959.9,,,,,40.79,40.8,12087.2
1505.33,95.54,20681.0,,,,,95.54,95.54,12087.2
1506.33,100.0,21976.8,,,,,100.0,100.0,12087.2
1507.33,0.0,21959.9,,,,,0.0,0.0,12087.2
1508.33,100.0,23980.5,,,,,100.0,100.0,12087.3
1509.33,40.78,21959.9,,,,,40.78,40.79,12087.3
1510.33,95.66,20681.0,,,,,95.67,95.66,12087.3
1511.33,100.0,21976.8,,,,,100.0,100.0,12087.3
1512.33,0.0,22059.9,,,,,0.0,0.0,12087.4
1513.33,100.0,20681.0,,,,,100.0,100.0,12094.3
1514.33,79.99,21959.9,,,,,79.98,80.0,12094.3
1515.33,95.66,20681.0,,,,,95.66,95.66,12094.3
1516.33,78.44,23980.5,,,,,78.43,78.45,12094.3
1517.33,40.81,21959.9,,,,,40.81,40.81,12094.3
1518.33,100.0,20681.0,,,,,100.0,100.0,12094.4
1519.33,79.98,21959.9,,,,,79.97,79.99,12094.4
1520.33,95.64,20681.0,,,,,95.64,95.64,12094.4
1521.33,78.38,23980.5,,,,,78.37,78.39,12094.4
1522.33,40.83,21959.9,,,,,40.83,40.83,12094.4
1523.33,100.0,20681.0,,,,,100.0,100.0,12094.5
1524.33,80.01,21960.3,,,,,80.01,80.01,12094.5
1525.33,95.55,20681.0,,,,,95.55,95.56,12094.5
1526.33,78.43,23980.5,,,,,78.43,78.43,12094.5
1527.33,40.81,21959.9,,,,,40.8,40.82,12094.5
1528.33,100.0,20681.0,,,,,100.0,100.0,12094.5
1529.33,79.96,21976.8,,,,,79.95,79.97,12094.6
1530.33,0.0,21959.9,,,,,0.0,0.0,12094.6
1531.33,100.0,23980.5,,,,,100.0,100.0,12094.6
1532.33,40.81,22059.9,,,,,40.8,40.81,12094.7
1533.33,96.86,20681.0,,,,,96.86,96.86,12100.2
1534.33,100.0,21976.8,,,,,100.0,100.0,12100.2
1535.33,0.0,21959.9,,,,,0.0,0.0,12100.2
1536.33,100.0,20681.0,,,,,100.0,100.0,12100.2
1537.33,79.99,21959.9,,,,,79.99,80.0,12100.3
1538.33,95.69,20681.0,,,,,95.69,95.68,12100.3
1539.33,100.0,21976.8,,,,,100.0,100.0,12100.3
1540.33,0.0,21959.9,,,,,0.0,0.0,12100.3
1541.33,100.0,20681.0,,,,,100.0,100.0,12100.3
1542.33,80.05,21959.9,,,,,80.04,80.06,12100.3
1543.33,95.51,20681.0,,,,,95.51,95.51,12100.4
1544.34,78.51,23980.5,,,,,78.51,78.52,12100.4
1545.34,40.81,21959.9,,,,,40.8,40.82,12100.4
1546.34,100.0,20681.0,,,,,100.0,100.0,12100.4
1547.34,80.0,21959.9,,,,,80.0,80.01,12100.5
1548.34,95.62,20681.0,,,,,95.61,95.62,12100.5
1549.34,78.43,23980.5,,,,,78.43,78.44,12100.5
1550.34,40.79,21959.9,,,,,40.79,40.8,12100.5
1551.34,100.0,20681.0,,,,,100.0,100.0,12100.5
1552.34,80.05,21959.9,,,,,80.04,80.06,12100.5
1553.34,96.81,20681.0,,,,,96.8,96.81,12107.0
1554.34,78.49,23980.5,,,,,78.49,78.49,12107.1
1555.34,40.81,21959.9,,,,,40.81,40.82,12107.1
1556.34,100.0,20681.0,,,,,100.0,100.0,12107.1
1557.34,80.06,21976.8,,,,,80.05,80.07,12107.1
1558.34,0.0,21959.9,,,,,0.0,0.0,12107.1
1559.34,100.0,23980.5,,,,,100.0,100.0,12107.2
1560.34,40.81,21959.9,,,,,40.81,40.81,12107.2
1561.34,95.63,20681.0,,,,,95.63,95.63,12107.2
1562.34,100.0,21976.8,,,,,100.0,100.0,12107.2
1563.34,0.0,21959.9,,,,,0.0,0.0,12107.2
1564.34,100.0,23980.5,,,,,100.0,100.0,12107.2
1565.34,40.81,21959.9,,,,,40.8,40.81,12107.3
1566.34,95.58,20681.0,,,,,95.58,95.58,12107.3
1567.34,100.0,21976.8,,,,,100.0,100.0,12107.3
1568.34,0.0,21959.9,,,,,0.0,0.0,12107.3
1569.34,100.0,23980.5,,,,,100.0,100.0,12107.3
1570.34,40.81,21959.9,,,,,40.8,40.81,12107.3
1571.34,95.64,20681.0,,,,,95.64,95.64,12107.4
1572.34,100.0,21976.8,,,,,100.0,100.0,12107.4
1573.34,0.0,22059.9,,,,,0.0,0.0,12107.4
1574.34,100.0,20681.0,,,,,100.0,100.0,12111.9
1575.34,80.07,21959.9,,,,,80.06,80.07,12112.0
1576.34,95.53,20681.0,,,,,95.54,95.53,12112.0
1577.34,78.42,23980.5,,,,,78.41,78.43,12112.0
1578.34,40.83,21959.9,,,,,40.82,40.84,12112.0
1579.34,100.0,20681.0,,,,,100.0,100.0,12112.0
1580.34,79.99,21943.8,,,,,79.99,80.0,12112.1
1581.34,95.56,20681.0,,,,,95.56,95.56,12112.1
1582.34,78.47,23980.5,,,,,78.47,78.48,12112.1
1583.34,40.79,21959.9,,,,,40.78,40.79,12112.1
1584.34,100.0,20681.0,,,,,100.0,100.0,12112.1
1585.34,80.0,21976.8,,,,,79.99,80.01,12112.1
1586.34,95.55,20681.0,,,,,95.55,95.55,12112.2
1587.34,78.49,23980.5,,,,,78.48,78.5,12112.2
1588.34,40.78,21959.9,,,,,40.77,40.78,12112.2
1589.34,100.0,20681.0,,,,,100.0,100.0,12112.2
1590.34,80.01,21976.8,,,,,80.01,80.02,12112.2
1591.34,0.0,21959.9,,,,,0.0,0.0,12112.2
1592.34,100.0,23980.5,,,,,100.0,100.0,12112.3
1593.34,40.83,22059.9,,,,,40.82,40.83,12112.3
1594.34,96.76,20681.0,,,,,96.75,96.76,12116.8
1595.34,100.0,21976.8,,,,,100.0,100.0,12116.8
1596.34,0.0,21959.9,,,,,0.0,0.0,12116.8
1597.34,100.0,20681.0,,,,,100.0,100.0,12116.9
1598.34,80.02,21959.9,,,,,80.01,80.03,12116.9
1599.34,95.66,20681.0,,,,,95.66,95.66,12116.9
1600.34,100.0,21976.8,,,,,100.0,100.0,12116.9
1601.34,0.0,21959.9,,,,,0.0,0.0,12116.9
1602.34,100.0,20681.0,,,,,100.0,100.0,12116.9
1603.34,79.98,21959.9,,,,,79.97,79.99,12117.0
1604.34,95.58,20681.0,,,,,95.58,95.58,12117.0
1605.34,78.46,23980.5,,,,,78.46,78.47,12117.0
1606.34,40.8,21959.9,,,,,40.79,40.8,12117.0
1607.35,100.0,20681.0,,,,,100.0,100.0,12117.0
1608.35,80.02,21959.9,,,,,80.02,80.02,12117.1
1609.35,95.54,20681.0,,,,,95.53,95.54,12117.1
1610.35,78.44,23980.5,,,,,78.44,78.44,12117.1
1611.35,40.84,21959.9,,,,,40.83,40.84,12117.1
1612.35,100.0,20681.0,,,,,100.0,100.0,12117.1
1613.35,80.01,21959.9,,,,,80.0,80.02,12117.1
1614.35,96.88,20681.0,,,,,96.88,96.88,12124.1
1615.35,78.43,23980.5,,,,,78.42,78.43,12124.1
1616.35,40.82,21959.9,,,,,40.81,40.82,12124.1
1617.35,100.0,20681.0,,,,,100.0,100.0,12124.1
1618.35,80.04,21976.8,,,,,80.04,80.05,12124.1
1619.35,0.0,21959.9,,,,,0.0,0.0,12124.2
1620.35,100.0,23980.5,,,,,100.0,100.0,12124.2
1621.35,40.83,21959.9,,,,,40.82,40.84,12124.2
1622.35,95.54,20681.0,,,,,95.55,95.54,12124.2
1623.35,100.0,21976.8,,,,,100.0,100.0,12124.2
1624.35,0.0,21959.9,,,,,0.0,0.0,12124.2
1625.35,100.0,23980.5,,,,,100.0,100.0,12124.3
1626.35,40.81,21959.9,,,,,40.81,40.81,12124.3
1627.35,95.63,20681.0,,,,,95.63,95.62,12124.3
1628.35,100.0,21976.8,,,,,100.0,100.0,12124.3
1629.35,0.0,21959.9,,,,,0.0,0.0,12124.3
1630.35,100.0,23980.5,,,,,100.0,100.0,12124.4
1631.35,40.84,21959.9,,,,,40.83,40.84,12124.4
1632.35,95.55,20681.0,,,,,95.55,95.56,12124.4
1633.35,100.0,21976.8,,,,,100.0,100.0,12124.4
1634.35,0.0,22059.9,,,,,0.0,0.0,12124.5
1635.35,100.0,20681.0,,,,,100.0,100.0,12130.0
1636.35,79.99,21959.9,,,,,79.98,79.99,12130.0
1637.35,95.67,20681.0,,,,,95.67,95.67,12130.0
1638.35,78.45,23980.5,,,,,78.45,78.46,12130.1
1639.35,40.8,21959.9,,,,,40.8,40.8,12130.1
1640.35,100.0,20681.0,,,,,100.0,100.0,12130.1
1641.35,80.01,21943.8,,,,,80.01,80.02,12130.1
1642.35,95.6,20681.0,,,,,95.6,95.6,12130.1
1643.35,78.41,23980.5,,,,,78.4,78.41,12130.1
1644.35,40.84,21959.9,,,,,40.83,40.84,12130.2
1645.35,100.0,20681.0,,,,,100.0,100.0,12130.2
1646.35,80.03,21976.8,,,,,80.02,80.04,12130.2
1647.35,0.0,21959.9,,,,,0.0,0.0,12130.2
1648.35,100.0,23980.5,,,,,100.0,100.0,12130.2
1649.35,40.8,21959.9,,,,,40.79,40.8,12130.2
1650.35,100.0,20681.0,,,,,100.0,100.0,12130.3
1651.35,80.06,21976.8,,,,,80.05,80.06,12130.3
1652.35,0.0,21959.9,,,,,0.0,0.0,12130.3
1653.35,100.0,23980.5,,,,,100.0,100.0,12130.3
1654.35,40.82,22059.9,,,,,40.81,40.82,12130.4
1655.35,96.85,20681.0,,,,,96.85,96.85,12135.7
1656.35,100.0,21976.8,,,,,100.0,100.0,12135.7
1657.35,0.0,21959.9,,,,,0.0,0.0,12135.7
1658.35,100.0,20681.0,,,,,100.0,100.0,12135.8
1659.35,80.02,21959.9,,,,,80.01,80.03,12135.8
1660.35,95.54,20681.0,,,,,95.54,95.54,12135.8
1661.35,78.44,23980.5,,,,,78.43,78.44,12135.8
1662.35,40.79,21959.9,,,,,40.78,40.8,12135.8
1663.35,100.0,20681.0,,,,,100.0,100.0,12135.8
1664.35,79.95,21959.9,,,,,79.94,79.96,12135.9
1665.35,95.58,20681.0,,,,,95.59,95.58,12135.9
1666.35,78.44,23980.5,,,,,78.43,78.44,12135.9
1667.35,40.83,21959.9,,,,,40.83,40.84,12135.9
1668.35,100.0,20681.0,,,,,100.0,100.0,12135.9
1669.35,80.01,21959.9,,,,,80.0,80.02,12136.0
1670.35,95.63,20681.0,,,,,95.63,95.63,12136.0
1671.36,78.45,23980.5,,,,,78.44,78.45,12136.0
1672.36,40.79,21959.9,,,,,40.78,40.8,12136.0
1673.36,100.0,20681.0,,,,,100.0,100.0,12136.0
1674.36,79.98,21959.9,,,,,79.97,79.99,12136.1
1675.36,96.92,20681.0,,,,,96.93,96.92,12141.4
1676.36,78.39,23980.5,,,,,78.38,78.4,12141.4
1677.36,40.78,21959.9,,,,,40.77,40.79,12141.4
1678.36,95.62,20681.0,,,,,95.62,95.61,12141.5
1679.36,100.0,21976.8,,,,,100.0,100.0,12141.5
1680.36,0.0,21959.9,,,,,0.0,0.0,12141.5
1681.36,100.0,23980.5,,,,,100.0,100.0,12141.5
1682.36,40.83,21959.9,,,,,40.82,40.84,12141.5
1683.36,95.6,20681.0,,,,,95.6,95.6,12141.6
1684.36,100.0,21976.8,,,,,100.0,100.0,12141.6
1685.36,0.0,21959.9,,,,,0.0,0.0,12141.6
1686.36,100.0,23980.5,,,,,100.0,100.0,12141.6
1687.36,40.83,21959.9,,,,,40.83,40.84,12141.6
1688.36,95.53,20681.0,,,,,95.53,95.53,12141.6
1689.36,100.0,21976.8,,,,,100.0,100.0,12141.7
1690.36,0.0,21959.9,,,,,0.0,0.0,12141.7
1691.36,100.0,20681.0,,,,,100.0,100.0,12141.7
1692.36,40.79,21959.9,,,,,40.79,40.79,12141.7
1693.36,95.53,20681.0,,,,,95.54,95.53,12141.7
1694.36,100.0,21976.8,,,,,100.0,100.0,12141.8
1695.36,0.0,22059.9,,,,,0.0,0.0,12141.8
1696.36,100.0,20681.0,,,,,100.0,100.0,12144.7
1697.36,79.96,21959.9,,,,,79.95,79.97,12144.7
1698.36,95.65,20681.0,,,,,95.66,95.65,12144.7
1699.36,78.42,23980.5,,,,,78.41,78.44,12144.7
1700.36,40.79,21959.9,,,,,40.78,40.79,12144.7
1701.36,100.0,20681.0,,,,,100.0,100.0,12144.8
1702.36,80.08,21960.3,,,,,80.08,80.09,12144.8
1703.36,95.57,20681.0,,,,,95.57,95.57,12144.8
1704.36,78.44,23980.5,,,,,78.44,78.45,12144.8
1705.36,40.78,21959.9,,,,,40.78,40.79,12144.8
1706.36,100.0,20681.0,,,,,100.0,100.0,12144.8
1707.36,80.07,21976.8,,,,,80.06,80.08,12144.9
1708.36,0.0,21959.9,,,,,0.0,0.0,12144.9
1709.36,100.0,23980.5,,,,,100.0,100.0,12144.9
1710.36,40.8,21959.9,,,,,40.8,40.81,12144.9
1711.36,100.0,20681.0,,,,,100.0,100.0,12144.9
1712.36,80.06,21976.8,,,,,80.06,80.06,12145.0
1713.36,0.0,21959.9,,,,,0.0,0.0,12145.0
1714.36,100.0,23980.5,,,,,100.0,100.0,12145.0
1715.36,40.8,22059.9,,,,,40.79,40.81,12145.1
1716.36,96.84,20681.0,,,,,96.83,96.84,12150.8
1717.36,100.0,21976.9,,,,,100.0,100.0,12150.9
1718.36,0.0,21959.9,,,,,0.0,0.0,12150.9
1719.36,100.0,20681.0,,,,,100.0,100.0,12150.9
1720.36,80.07,21959.9,,,,,80.07,80.07,12150.9
1721.36,95.54,20681.0,,,,,95.53,95.54,12150.9
1722.36,78.42,23980.5,,,,,78.42,78.42,12151.0
1723.36,40.84,21959.9,,,,,40.84,40.84,12151.0
1724.36,100.0,20681.0,,,,,100.0,100.0,12151.0
1725.36,80.02,21959.9,,,,,80.01,80.02,12151.0
1726.36,95.62,20681.0,,,,,95.62,95.62,12151.0
1727.36,78.42,23980.5,,,,,78.42,78.43,12151.0
1728.36,40.79,21959.9,,,,,40.79,40.79,12151.1
1729.36,100.0,20681.0,,,,,100.0,100.0,12151.1
1730.36,80.02,21959.9,,,,,80.02,80.02,12151.1
1731.36,95.66,20681.0,,,,,95.67,95.66,12151.1
1732.36,78.39,23980.5,,,,,78.39,78.39,12151.1
1733.36,40.84,21959.9,,,,,40.84,40.85,12151.1
1734.37,100.0,20681.0,,,,,100.0,100.0,12151.2
1735.37,80.0,21959.9,,,,,79.99,80.02,12151.2
1736.37,96.8,20681.0,,,,,96.8,96.79,12156.8
1737.37,78.48,23980.5,,,,,78.47,78.48,12156.8
1738.37,40.8,21959.9,,,,,40.8,40.81,12156.8
1739.37,95.66,20681.0,,,,,95.66,95.66,12156.8
1740.37,100.0,21976.8,,,,,100.0,100.0,12156.8
1741.37,0.0,21959.9,,,,,0.0,0.0,12156.8
1742.37,100.0,23980.5,,,,,100.0,100.0,12156.9
1743.37,40.79,21959.9,,,,,40.79,40.8,12156.9
1744.37,95.58,20681.0,,,,,95.59,95.58,12156.9
1745.37,100.0,21976.8,,,,,100.0,100.0,12156.9
1746.37,0.0,21959.9,,,,,0.0,0.0,12156.9
1747.37,100.0,23980.5,,,,,100.0,100.0,12157.0
1748.37,40.82,21959.9,,,,,40.81,40.83,12157.0
1749.37,95.63,20681.0,,,,,95.64,95.62,12157.0
1750.37,100.0,21976.8,,,,,100.0,100.0,12157.0
1751.37,0.0,21959.9,,,,,0.0,0.0,12157.0
1752.37,100.0,20681.0,,,,,100.0,100.0,12157.0
1753.37,79.98,21959.9,,,,,79.97,80.0,12157.1
1754.37,95.66,20681.0,,,,,95.66,95.66,12157.1
1755.37,100.0,21976.8,,,,,100.0,100.0,12157.1
1756.37,0.0,22059.9,,,,,0.0,0.0,12157.2
1757.37,100.0,20681.0,,,,,100.0,100.0,12159.7
1758.37,80.06,21943.8,,,,,80.05,80.07,12159.7
1759.37,95.6,20681.0,,,,,95.6,95.59,12159.8
1760.37,78.4,23980.5,,,,,78.39,78.41,12159.8
1761.37,40.8,21959.9,,,,,40.79,40.8,12159.8
1762.37,100.0,20681.0,,,,,100.0,100.0,12159.8
1763.37,79.96,21976.8,,,,,79.95,79.97,12159.8
1764.37,0.0,21959.9,,,,,0.0,0.0,12159.8
1765.37,100.0,23980.5,,,,,100.0,100.0,12159.9
1766.37,40.84,21959.9,,,,,40.84,40.84,12159.9
1767.37,100.0,20681.0,,,,,100.0,100.0,12159.9
1768.37,80.01,21976.8,,,,,80.0,80.02,12159.9
1769.37,0.0,21959.9,,,,,0.0,0.0,12159.9
1770.37,100.0,23980.5,,,,,100.0,100.0,12160.0
1771.37,40.79,21959.9,,,,,40.78,40.79,12160.0
1772.37,100.0,20681.0,,,,,100.0,100.0,12160.0
1773.37,80.02,21976.8,,,,,80.01,80.02,12160.0
1774.37,0.0,21959.9,,,,,0.0,0.0,12160.0
1775.37,100.0,23980.5,,,,,100.0,100.0,12160.1
1776.37,40.79,22059.9,,,,,40.78,40.8,12160.1
1777.37,96.85,20681.0,,,,,96.85,96.86,12163.8
1778.37,78.48,23980.5,,,,,78.48,78.49,12163.9
1779.37,40.81,21959.9,,,,,40.8,40.82,12163.9
1780.37,100.0,20681.0,,,,,100.0,100.0,12163.9
1781.37,79.96,21959.9,,,,,79.95,79.97,12163.9
1782.37,95.65,20681.0,,,,,95.64,95.65,12163.9
1783.37,78.39,23980.5,,,,,78.39,78.4,12163.9
1784.37,40.82,21959.9,,,,,40.81,40.82,12164.0
1785.37,100.0,20681.0,,,,,100.0,100.0,12164.0
1786.37,80.01,21959.9,,,,,80.0,80.01,12164.0
1787.37,95.59,20681.0,,,,,95.59,95.59,12164.0
1788.37,78.44,23980.5,,,,,78.44,78.45,12164.0
1789.37,40.79,21959.9,,,,,40.78,40.79,12164.0
1790.37,100.0,20681.0,,,,,100.0,100.0,12164.1
1791.37,80.0,21959.9,,,,,79.99,80.0,12164.1
1792.37,95.52,20681.0,,,,,95.53,95.52,12164.1
1793.37,78.43,23980.5,,,,,78.43,78.44,12164.1
1794.37,40.82,21959.9,,,,,40.82,40.83,12164.1
1795.38,100.0,20681.0,,,,,100.0,100.0,12164.1
1796.38,79.95,21959.9,,,,,79.95,79.96,12164.2
1797.38,96.92,20681.0,,,,,96.92,96.92,12168.6
1798.38,78.4,23980.5,,,,,78.4,78.41,12168.7
1799.38,40.8,21959.9,,,,,40.8,40.81,12168.7
1800.38,95.54,20681.0,,,,,95.54,95.54,12168.7
1801.38,100.0,21976.8,,,,,100.0,100.0,12168.7
1802.38,0.0,21959.9,,,,,0.0,0.0,12168.7
1803.38,100.0,23980.5,,,,,100.0,100.0,12168.8
1804.38,40.79,21959.9,,,,,40.78,40.8,12168.8
1805.38,95.57,20681.0,,,,,95.57,95.56,12168.8
1806.38,100.0,21976.8,,,,,100.0,100.0,12168.8
1807.38,0.0,21959.9,,,,,0.0,0.0,12168.8
1808.38,100.0,23980.5,,,,,100.0,100.0,12168.9
1809.38,40.81,21959.9,,,,,40.8,40.81,12168.9
1810.38,95.64,20681.0,,,,,95.64,95.64,12168.9
1811.38,100.0,21976.8,,,,,100.0,100.0,12168.9
1812.38,0.0,21959.9,,,,,0.0,0.0,12168.9
1813.38,100.0,20681.0,,,,,100.0,100.0,12168.9
1814.38,79.97,21959.9,,,,,79.96,79.98,12169.0
1815.38,95.59,20681.0,,,,,95.6,95.59,12169.0
1816.38,100.0,21976.8,,,,,100.0,100.0,12169.0
1817.38,0.0,22059.9,,,,,0.0,0.0,12169.0
1818.38,100.0,20681.0,,,,,100.0,100.0,12172.2
1819.38,80.04,21943.8,,,,,80.03,80.05,12172.2
1820.38,95.61,20681.0,,,,,95.61,95.61,12172.3
1821.38,78.39,23980.5,,,,,78.39,78.39,12172.3
1822.38,40.85,21959.9,,,,,40.84,40.85,12172.3
1823.38,100.0,20681.0,,,,,100.0,100.0,12172.3
1824.38,79.98,21976.8,,,,,79.97,79.99,12172.3
1825.38,0.0,21959.9,,,,,0.0,0.0,12172.3
1826.38,100.0,23980.5,,,,,100.0,100.0,12172.4
1827.38,40.85,21959.9,,,,,40.84,40.85,12172.4
1828.38,100.0,20681.0,,,,,100.0,100.0,12172.4
1829.38,79.99,21976.8,,,,,79.98,79.99,12172.4
1830.38,0.0,21959.9,,,,,0.0,0.0,12172.4
1831.38,100.0,23980.5,,,,,100.0,100.0,12172.5
1832.38,40.79,21959.9,,,,,40.79,40.8,12172.5
1833.38,100.0,20681.0,,,,,100.0,100.0,12172.5
1834.38,80.05,21976.8,,,,,80.05,80.06,12172.5
1835.38,0.0,21959.9,,,,,0.0,0.0,12172.5
1836.38,100.0,23980.5,,,,,100.0,100.0,12172.6
1837.38,40.81,22059.9,,,,,40.81,40.81,12172.6
1838.38,96.91,20681.0,,,,,96.9,96.92,12175.3
1839.38,100.0,21976.8,,,,,100.0,100.0,12175.4
1840.38,0.0,21959.9,,,,,0.0,0.0,12175.4
1841.38,100.0,20681.0,,,,,100.0,100.0,12175.4
1842.38,80.03,21959.9,,,,,80.02,80.03,12175.4
1843.38,95.59,20681.0,,,,,95.59,95.59,12175.4
1844.38,100.0,21976.9,,,,,100.0,100.0,12175.5
1845.38,0.0,21959.9,,,,,0.0,0.0,12175.5
1846.38,100.0,20681.0,,,,,100.0,100.0,12175.5
1847.38,79.98,21959.9,,,,,79.98,79.99,12175.5
1848.38,95.6,20681.0,,,,,95.6,95.6,12175.5
1849.38,78.44,23980.5,,,,,78.43,78.44,12175.6
1850.38,40.82,21959.9,,,,,40.82,40.82,12175.6
1851.38,100.0,20681.0,,,,,100.0,100.0,12175.6
1852.38,79.99,21959.9,,,,,79.99,80.0,12175.6
1853.38,95.61,20681.0,,,,,95.61,95.62,12175.6
1854.38,78.49,23980.5,,,,,78.48,78.5,12175.6
1855.38,40.79,21959.9,,,,,40.78,40.79,12175.7
1856.38,100.0,20681.0,,,,,100.0,100.0,12175.7
1857.39,80.03,21959.9,,,,,80.03,80.04,12175.7
1858.39,96.81,20681.0,,,,,96.81,96.82,12179.5
1859.39,78.46,23980.5,,,,,78.45,78.47,12179.5
1860.39,40.8,21959.9,,,,,40.8,40.81,12179.5
1861.39,100.0,20681.0,,,,,100.0,100.0,12179.5
1862.39,79.98,21976.8,,,,,79.97,79.99,12179.6
1863.39,0.0,21959.9,,,,,0.0,0.0,12179.6
1864.39,100.0,23980.5,,,,,100.0,100.0,12179.6
1865.39,40.81,21959.9,,,,,40.81,40.81,12179.6
1866.39,95.56,20681.0,,,,,95.57,95.56,12179.6
1867.39,100.0,21976.8,,,,,100.0,100.0,12179.6
1868.39,0.0,21959.9,,,,,0.0,0.0,12179.7
1869.39,100.0,23980.5,,,,,100.0,100.0,12179.7
1870.39,40.85,21959.9,,,,,40.84,40.85,12179.7
1871.39,95.58,20681.0,,,,,95.58,95.58,12179.7
1872.39,100.0,21976.8,,,,,100.0,100.0,12179.7
1873.39,0.0,21959.9,,,,,0.0,0.0,12179.7
1874.39,100.0,23980.5,,,,,100.0,100.0,12179.8
1875.39,40.79,21959.9,,,,,40.78,40.79,12179.8
1876.39,95.65,20681.0,,,,,95.65,95.65,12179.8
1877.39,100.0,21976.8,,,,,100.0,100.0,12179.8
1878.39,0.0,22059.9,,,,,0.0,0.0,12179.9
1879.39,100.0,20681.0,,,,,100.0,100.0,12183.6
1880.39,80.0,21959.9,,,,,79.99,80.01,12183.7
1881.39,95.63,20681.0,,,,,95.63,95.63,12183.7
1882.39,78.47,23980.5,,,,,78.47,78.48,12183.7
1883.39,40.8,21959.9,,,,,40.79,40.8,12183.7
1884.39,100.0,20681.0,,,,,100.0,100.0,12183.7
1885.39,79.94,21959.9,,,,,79.92,79.96,12183.7
1886.39,95.68,20681.0,,,,,95.7,95.67,12183.8
1887.39,78.42,23980.5,,,,,78.41,78.43,12183.8
1888.39,40.79,21959.9,,,,,40.79,40.79,12183.8
1889.39,100.0,20681.0,,,,,100.0,100.0,12183.8
1890.39,79.98,21959.9,,,,,79.97,79.98,12183.8
1891.39,95.6,20681.0,,,,,95.6,95.6,12183.8
1892.39,78.48,23980.5,,,,,78.47,78.49,12183.9
1893.39,40.81,21959.9,,,,,40.8,40.81,12183.9
1894.39,100.0,20681.0,,,,,100.0,100.0,12183.9
1895.39,80.06,21959.9,,,,,80.06,80.07,12183.9
1896.39,95.59,20681.0,,,,,95.59,95.59,12183.9
1897.39,78.44,23980.5,,,,,78.43,78.44,12184.0
1898.39,40.8,22059.9,,,,,40.8,40.81,12184.0
1899.39,96.85,20681.0,,,,,96.85,96.86,12188.0
1900.39,100.0,21976.8,,,,,100.0,100.0,12188.0
1901.39,0.0,21959.9,,,,,0.0,0.0,12188.0
1902.39,100.0,23980.5,,,,,100.0,100.0,12188.0
1903.39,40.81,21959.9,,,,,40.81,40.82,12188.1
1904.39,95.6,20681.0,,,,,95.6,95.6,12188.1
1905.39,100.0,21976.8,,,,,100.0,100.0,12188.1
1906.39,0.0,21959.9,,,,,0.0,0.0,12188.1
1907.39,100.0,20681.0,,,,,100.0,100.0,12188.1
1908.39,40.83,21959.9,,,,,40.83,40.84,12188.1
1909.39,95.55,20681.0,,,,,95.55,95.55,12188.2
1910.39,100.0,21976.8,,,,,100.0,100.0,12188.2
1911.39,0.0,21959.9,,,,,0.0,0.0,12188.2
1912.39,100.0,20681.0,,,,,100.0,100.0,12188.2
1913.39,79.96,21959.9,,,,,79.96,79.97,12188.2
1914.39,95.6,20681.0,,,,,95.6,95.6,12188.2
1915.39,100.0,21976.8,,,,,100.0,100.0,12188.3
1916.39,0.0,21959.9,,,,,0.0,0.0,12188.3
1917.39,100.0,20681.0,,,,,100.0,100.0,12188.3
1918.4,80.0,22059.9,,,,,79.99,80.0,12188.4
1919.4,96.95,20681.0,,,,,96.95,96.95,12191.4
1920.4,78.42,23980.5,,,,,78.42,78.43,12191.5
1921.4,40.79,21959.9,,,,,40.78,40.79,12191.5
1922.4,100.0,20681.0,,,,,100.0,100.0,12191.5
1923.4,79.99,21960.3,,,,,79.98,80.0,12191.5
1924.4,95.64,20681.0,,,,,95.64,95.64,12191.5
1925.4,78.43,23980.5,,,,,78.43,78.43,12191.6
1926.4,40.79,21959.9,,,,,40.79,40.8,12191.6
1927.4,100.0,20681.0,,,,,100.0,100.0,12191.6
1928.4,80.06,21976.8,,,,,80.05,80.07,12191.6
1929.4,0.0,21959.9,,,,,0.0,0.0,12191.6
1930.4,100.0,23980.5,,,,,100.0,100.0,12191.6
1931.4,40.83,21959.9,,,,,40.83,40.84,12191.7
1932.4,100.0,20681.0,,,,,100.0,100.0,12191.7
1933.4,80.03,21976.8,,,,,80.03,80.04,12191.7
1934.4,0.0,21959.9,,,,,0.0,0.0,12191.7
1935.4,100.0,23980.5,,,,,100.0,100.0,12191.7
1936.4,40.78,21959.9,,,,,40.78,40.78,12191.7
1937.4,100.0,20681.0,,,,,100.0,100.0,12191.8
1938.4,79.94,21976.8,,,,,79.93,79.95,12191.8
1939.4,0.0,22059.9,,,,,0.0,0.0,12191.8
1940.4,100.0,20681.0,,,,,100.0,100.0,12194.9
1941.4,80.01,21959.9,,,,,80.01,80.02,12194.9
1942.4,95.6,20681.0,,,,,95.61,95.6,12194.9
1943.4,78.44,23980.5,,,,,78.44,78.45,12195.0
1944.4,40.81,21959.9,,,,,40.8,40.81,12195.0
1945.4,100.0,20681.0,,,,,100.0,100.0,12195.0
1946.4,79.98,21959.9,,,,,79.98,79.99,12195.0
1947.4,95.63,20681.0,,,,,95.64,95.63,12195.0
1948.4,78.37,23980.5,,,,,78.36,78.39,12195.1
1949.4,40.83,21959.9,,,,,40.83,40.82,12195.1
1950.4,100.0,20681.0,,,,,100.0,100.0,12195.1
1951.4,79.96,21959.9,,,,,79.96,79.97,12195.1
1952.4,95.57,20681.0,,,,,95.57,95.57,12195.1
1953.4,78.47,23980.5,,,,,78.47,78.48,12195.1
1954.4,40.78,21959.9,,,,,40.78,40.79,12195.1
1955.4,100.0,20681.0,,,,,100.0,100.0,12195.2
1956.4,79.97,21959.9,,,,,79.97,79.97,12195.2
1957.4,95.63,20681.0,,,,,95.63,95.63,12195.2
1958.4,78.43,23980.5,,,,,78.43,78.44,12195.2
1959.4,40.79,22059.9,,,,,40.78,40.79,12195.3
1960.4,100.0,20681.0,,,,,100.0,100.0,12199.1
1961.4,80.01,21976.8,,,,,80.01,80.02,12199.1
1962.4,0.0,21959.9,,,,,0.0,0.0,12199.1
1963.4,100.0,23980.5,,,,,100.0,100.0,12199.2
1964.4,40.79,21959.9,,,,,40.78,40.79,12199.2
1965.4,95.65,20681.0,,,,,95.65,95.65,12199.2
1966.4,100.0,21976.8,,,,,100.0,100.0,12199.2
1967.4,0.0,21959.9,,,,,0.0,0.0,12199.2
1968.4,100.0,23980.5,,,,,100.0,100.0,12199.3
1969.4,40.83,21959.9,,,,,40.83,40.83,12199.3
1970.4,95.55,20681.0,,,,,95.55,95.55,12199.3
1971.4,100.0,21976.8,,,,,100.0,100.0,12199.3
1972.4,0.0,21959.9,,,,,0.0,0.0,12199.3
1973.4,100.0,23980.5,,,,,100.0,100.0,12199.4
1974.4,40.8,21959.9,,,,,40.8,40.8,12199.4
1975.4,95.6,20681.0,,,,,95.6,95.6,12199.4
1976.4,100.0,21976.8,,,,,100.0,100.0,12199.4
1977.4,0.0,21959.9,,,,,0.0,0.0,12199.4
1978.4,100.0,23980.5,,,,,100.0,100.0,12199.5
1979.41,40.81,22059.9,,,,,40.8,40.81,12199.5
1980.41,96.87,20681.0,,,,,96.87,96.88,12206.1
1981.41,78.42,23980.5,,,,,78.41,78.43,12206.1
1982.41,40.78,21959.9,,,,,40.77,40.79,12206.1
1983.41,100.0,20681.0,,,,,100.0,100.0,12206.1
1984.41,80.02,21959.9,,,,,80.01,80.03,12206.2
1985.41,95.64,20681.0,,,,,95.64,95.64,12206.2
1986.41,78.38,23980.5,,,,,78.37,78.39,12206.2
1987.41,40.83,21959.9,,,,,40.83,40.83,12206.2
1988.41,100.0,20681.0,,,,,100.0,100.0,12206.2
1989.41,80.05,21943.8,,,,,80.04,80.07,12206.3
1990.41,95.52,20681.0,,,,,95.52,95.52,12206.3
1991.41,78.44,23980.5,,,,,78.44,78.44,12206.3
1992.41,40.82,21959.9,,,,,40.82,40.83,12206.3
1993.41,100.0,20681.0,,,,,100.0,100.0,12206.3
1994.41,80.03,21976.8,,,,,80.02,80.03,12206.3
1995.41,0.0,21959.9,,,,,0.0,0.0,12206.4
1996.41,100.0,23980.5,,,,,100.0,100.0,12206.4
1997.41,40.83,21959.9,,,,,40.83,40.84,12206.4
1998.41,100.0,20681.0,,,,,100.0,100.0,12206.4
1999.41,80.03,21976.8,,,,,80.02,80.03,12206.4
2000.41,0.0,22059.9,,,,,0.0,0.0,12206.5
2001.41,100.0,20681.0,,,,,100.0,100.0,12209.2
2002.41,79.99,21959.9,,,,,79.99,79.99,12209.3
2003.41,95.54,20681.0,,,,,95.54,95.55,12209.3
2004.41,100.0,21976.8,,,,,100.0,100.0,12209.3
2005.41,0.0,21959.9,,,,,0.0,0.0,12209.3
2006.41,100.0,20681.0,,,,,100.0,100.0,12209.3
2007.41,79.96,21959.9,,,,,79.95,79.97,12209.3
2008.41,95.6,20681.0,,,,,95.6,95.6,12209.4
2009.41,78.47,23980.5,,,,,78.47,78.48,12209.4
2010.41,40.81,21959.9,,,,,40.81,40.82,12209.4
2011.41,100.0,20681.0,,,,,100.0,100.0,12209.4
2012.41,80.01,21959.9,,,,,80.01,80.02,12209.4
2013.41,95.6,20681.0,,,,,95.6,95.6,12209.4
2014.41,78.44,23980.5,,,,,78.43,78.44,12209.5
2015.41,40.82,21959.9,,,,,40.81,40.82,12209.5
2016.41,100.0,20681.0,,,,,100.0,100.0,12209.5
2017.41,80.01,21959.9,,,,,79.99,80.02,12209.5
2018.41,95.61,20681.0,,,,,95.62,95.61,12209.5
2019.41,78.39,23980.5,,,,,78.38,78.4,12209.6
2020.41,40.81,22059.9,,,,,40.8,40.81,12209.6
2021.41,100.0,20681.0,,,,,100.0,100.0,12215.1
2022.41,80.06,21976.8,,,,,80.06,80.06,12215.1
2023.41,0.0,21959.9,,,,,0.0,0.0,12215.1
2024.41,100.0,23980.5,,,,,100.0,100.0,12215.2
2025.41,40.82,21959.9,,,,,40.82,40.82,12215.2
2026.41,95.64,20681.0,,,,,95.65,95.64,12215.2
2027.41,100.0,21976.8,,,,,100.0,100.0,12215.2
2028.41,0.0,21959.9,,,,,0.0,0.0,12215.2
2029.41,100.0,23980.5,,,,,100.0,100.0,12215.3
2030.41,40.81,21959.9,,,,,40.81,40.81,12215.3
2031.41,95.58,20681.0,,,,,95.58,95.58,12215.3
2032.41,100.0,21976.8,,,,,100.0,100.0,12215.3
2033.41,0.0,21959.9,,,,,0.0,0.0,12215.3
2034.41,100.0,23980.5,,,,,100.0,100.0,12215.4
2035.41,40.81,21959.9,,,,,40.8,40.82,12215.4
2036.41,95.63,20681.0,,,,,95.63,95.63,12215.4
2037.41,100.0,21976.8,,,,,100.0,100.0,12215.4
2038.41,0.0,21959.9,,,,,0.0,0.0,12215.4
2039.41,100.0,20681.0,,,,,100.0,100.0,12215.4
2040.41,80.04,22059.9,,,,,80.03,80.04,12215.5
2041.42,96.85,20681.0,,,,,96.85,96.86,12217.7
2042.42,78.42,23980.5,,,,,78.42,78.43,12217.7
2043.42,40.81,21959.9,,,,,40.8,40.81,12217.7
2044.42,100.0,20681.0,,,,,100.0,100.0,12217.7
2045.42,80.05,21943.8,,,,,80.04,80.05,12217.7
2046.42,95.5,20681.0,,,,,95.5,95.5,12217.7
2047.42,78.42,23980.5,,,,,78.42,78.43,12217.8
2048.42,40.81,21959.9,,,,,40.81,40.81,12217.8
2049.42,100.0,20681.0,,,,,100.0,100.0,12217.8
2050.42,80.0,21976.8,,,,,79.99,80.01,12217.8
2051.42,0.0,21959.9,,,,,0.0,0.0,12217.8
2052.42,100.0,23980.5,,,,,100.0,100.0,12217.9
2053.42,40.81,21959.9,,,,,40.81,40.82,12217.9
2054.42,100.0,20681.0,,,,,100.0,100.0,12217.9
2055.42,80.02,21976.8,,,,,80.01,80.02,12217.9
2056.42,0.0,21959.9,,,,,0.0,0.0,12217.9
2057.42,100.0,23980.5,,,,,100.0,100.0,12217.9
2058.42,40.79,21959.9,,,,,40.78,40.8,12217.9
2059.42,100.0,20681.0,,,,,100.0,100.0,12218.0
2060.42,80.0,21976.8,,,,,79.99,80.0,12218.0
2061.42,0.0,22059.9,,,,,0.0,0.0,12218.0
2062.42,100.0,20681.0,,,,,100.0,100.0,12221.5
2063.42,80.01,21959.9,,,,,80.0,80.02,12221.5
2064.42,95.54,20681.0,,,,,95.54,95.54,12221.5
2065.42,100.0,21976.9,,,,,100.0,100.0,12221.6
2066.42,0.0,21959.9,,,,,0.0,0.0,12221.6
2067.42,100.0,20681.0,,,,,100.0,100.0,12221.6
2068.42,80.02,21959.9,,,,,80.01,80.03,12221.6
2069.42,95.67,20681.0,,,,,95.67,95.67,12221.6
2070.42,78.43,23980.5,,,,,78.43,78.43,12221.6
2071.42,40.81,21959.9,,,,,40.8,40.81,12221.7
2072.42,100.0,20681.0,,,,,100.0,100.0,12221.7
2073.42,80.01,21959.9,,,,,80.0,80.02,12221.7
2074.42,95.53,20681.0,,,,,95.53,95.52,12221.7
2075.42,78.44,23980.5,,,,,78.43,78.45,12221.7
2076.42,40.81,21959.9,,,,,40.81,40.82,12221.7
2077.42,100.0,20681.0,,,,,100.0,100.0,12221.8
2078.42,79.95,21959.9,,,,,79.94,79.97,12221.8
2079.42,95.67,20681.0,,,,,95.67,95.66,12221.8
2080.42,78.44,23980.5,,,,,78.43,78.45,12221.8
2081.42,40.8,22059.9,,,,,40.8,40.81,12221.9
2082.42,100.0,20681.0,,,,,100.0,100.0,12224.9
2083.42,80.01,21976.8,,,,,80.01,80.02,12224.9
2084.42,0.0,21959.9,,,,,0.0,0.0,12225.0
2085.42,100.0,23980.5,,,,,100.0,100.0,12225.0
2086.42,40.78,21959.9,,,,,40.78,40.79,12225.0
2087.42,95.58,20681.0,,,,,95.58,95.58,12225.0
2088.42,100.0,21976.8,,,,,100.0,100.0,12225.0
2089.42,0.0,21959.9,,,,,0.0,0.0,12225.0
2090.42,100.0,23980.5,,,,,100.0,100.0,12225.1
2091.42,40.79,21959.9,,,,,40.78,40.79,12225.1
2092.42,95.71,20681.0,,,,,95.71,95.7,12225.1
2093.42,100.0,21976.8,,,,,100.0,100.0,12225.1
2094.42,0.0,21959.9,,,,,0.0,0.0,12225.1
2095.42,100.0,23980.5,,,,,100.0,100.0,12225.2
2096.42,40.78,21959.9,,,,,40.78,40.79,12225.2
2097.42,95.65,20681.0,,,,,95.66,95.65,12225.2
2098.42,100.0,21976.8,,,,,100.0,100.0,12225.2
2099.42,0.0,21959.9,,,,,0.0,0.0,12225.2
2100.42,100.0,20681.0,,,,,100.0,100.0,12225.2
2101.42,80.01,22059.9,,,,,80.01,80.02,12225.3
2102.43,96.84,20681.0,,,,,96.83,96.85,12228.8
2103.43,78.49,23980.5,,,,,78.48,78.49,12228.9
2104.43,40.77,21959.9,,,,,40.76,40.77,12228.9
2105.43,100.0,20681.0,,,,,100.0,100.0,12228.9
2106.43,79.97,21943.8,,,,,79.96,79.98,12228.9
2107.43,95.64,20681.0,,,,,95.64,95.64,12228.9
2108.43,78.44,23980.5,,,,,78.43,78.44,12228.9
2109.43,40.81,21959.9,,,,,40.8,40.81,12229.0
2110.43,100.0,20681.0,,,,,100.0,100.0,12229.0
2111.43,79.97,21976.8,,,,,79.96,79.98,12229.0
2112.43,0.0,21959.9,,,,,0.0,0.0,12229.0
2113.43,100.0,23980.5,,,,,100.0,100.0,12229.0
2114.43,40.84,21959.9,,,,,40.84,40.84,12229.0
2115.43,100.0,20681.0,,,,,100.0,100.0,12229.1
2116.43,80.01,21976.8,,,,,80.0,80.02,12229.1
2117.43,0.0,21959.9,,,,,0.0,0.0,12229.1
2118.43,100.0,23980.5,,,,,100.0,100.0,12229.1
2119.43,40.8,21959.9,,,,,40.8,40.81,12229.1
2120.43,100.0,20681.0,,,,,100.0,100.0,12229.1
2121.43,80.03,21976.8,,,,,80.03,80.04,12229.2
2122.43,0.0,22059.9,,,,,0.0,0.0,12229.2
2123.43,100.0,20681.0,,,,,100.0,100.0,12231.2
2124.43,80.01,21959.9,,,,,80.0,80.02,12231.3
2125.43,95.63,20681.0,,,,,95.63,95.63,12231.3
2126.43,100.0,21976.8,,,,,100.0,100.0,12231.3
2127.43,0.0,21959.9,,,,,0.0,0.0,12231.3
2128.43,100.0,20681.0,,,,,100.0,100.0,12231.3
2129.43,80.02,21959.9,,,,,80.02,80.02,12231.3
2130.43,95.59,20681.0,,,,,95.59,95.59,12231.4
2131.43,100.0,21976.8,,,,,100.0,100.0,12231.4
2132.43,0.0,21959.9,,,,,0.0,0.0,12231.4
2133.43,100.0,20681.0,,,,,100.0,100.0,12231.4
2134.43,79.98,21959.9,,,,,79.98,79.99,12231.4
2135.43,95.57,20681.0,,,,,95.57,95.57,12231.4
2136.43,78.44,23980.5,,,,,78.44,78.45,12231.5
2137.43,40.81,21959.9,,,,,40.81,40.82,12231.5
2138.43,100.0,20681.0,,,,,100.0,100.0,12231.5
2139.43,80.02,21959.9,,,,,80.01,80.03,12231.5
2140.43,95.63,20681.0,,,,,95.64,95.61,12231.5
2141.43,78.45,23980.5,,,,,78.44,78.46,12231.6
2142.43,40.79,22059.9,,,,,40.79,40.79,12231.6
2143.43,100.0,20681.0,,,,,100.0,100.0,12233.8
2144.43,80.06,21976.8,,,,,80.05,80.08,12233.8
2145.43,0.0,21959.9,,,,,0.0,0.0,12233.8
2146.43,100.0,23980.5,,,,,100.0,100.0,12233.9
2147.43,40.78,21959.9,,,,,40.78,40.79,12233.9
2148.43,100.0,20681.0,,,,,100.0,100.0,12233.9
2149.43,80.05,21976.8,,,,,80.05,80.06,12233.9
2150.43,0.0,21959.9,,,,,0.0,0.0,12233.9
2151.43,100.0,23980.5,,,,,100.0,100.0,12233.9
2152.43,40.82,21959.9,,,,,40.82,40.83,12234.0
2153.43,100.0,20681.0,,,,,100.0,100.0,12234.0
2154.43,80.02,21976.8,,,,,80.01,80.03,12234.0
2155.43,0.0,21959.9,,,,,0.0,0.0,12234.0
2156.43,100.0,23980.5,,,,,100.0,100.0,12234.0
2157.43,40.78,21959.9,,,,,40.77,40.78,12234.1
2158.43,100.0,20681.0,,,,,100.0,100.0,12234.1
2159.43,80.03,21976.8,,,,,80.02,80.03,12234.1
2160.43,0.0,21959.9,,,,,0.0,0.0,12234.1
2161.43,100.0,23980.5,,,,,100.0,100.0,12234.1
2162.43,40.82,22059.9,,,,,40.81,40.82,12234.2
2163.43,96.85,20681.0,,,,,96.85,96.85,12236.5
2164.43,78.43,23980.5,,,,,78.43,78.44,12236.6
2165.43,40.82,21959.9,,,,,40.81,40.82,12236.6
2166.44,100.0,20681.0,,,,,100.0,100.0,12236.6
2167.44,80.0,21959.9,,,,,79.99,80.01,12236.6
2168.44,95.58,20681.0,,,,,95.57,95.58,12236.6
2169.44,78.42,23980.5,,,,,78.41,78.42,12236.7
2170.44,40.84,21959.9,,,,,40.83,40.85,12236.7
2171.44,100.0,20681.0,,,,,100.0,100.0,12236.7
2172.44,79.96,21959.9,,,,,79.95,79.96,12236.7
2173.44,95.68,20681.0,,,,,95.68,95.68,12236.7
2174.44,78.39,23980.5,,,,,78.39,78.39,12236.8
2175.44,40.83,21959.9,,,,,40.82,40.83,12236.8
2176.44,100.0,20681.0,,,,,100.0,100.0,12236.8
2177.44,80.02,21959.9,,,,,80.01,80.03,12236.8
2178.44,95.53,20681.0,,,,,95.53,95.53,12236.8
2179.44,78.47,23980.5,,,,,78.47,78.48,12236.8
2180.44,40.82,21959.9,,,,,40.81,40.83,12236.9
2181.44,100.0,20681.0,,,,,100.0,100.0,12236.9
2182.44,79.96,21959.9,,,,,79.95,79.97,12236.9
2183.44,96.93,20681.0,,,,,96.92,96.93,12238.7
2184.44,78.38,23980.5,,,,,78.38,78.38,12238.7
2185.44,40.83,21959.9,,,,,40.82,40.84,12238.7
2186.44,95.56,20681.0,,,,,95.56,95.56,12238.7
2187.44,100.0,21976.8,,,,,100.0,100.0,12238.8
2188.44,0.0,21959.9,,,,,0.0,0.0,12238.8
2189.44,100.0,23980.5,,,,,100.0,100.0,12238.8
2190.44,40.78,21959.9,,,,,40.78,40.78,12238.8
2191.44,95.59,20681.0,,,,,95.59,95.6,12238.8
2192.44,100.0,21976.8,,,,,100.0,100.0,12238.9
2193.44,0.0,21959.9,,,,,0.0,0.0,12238.9
2194.44,100.0,20769.5,,,,,100.0,100.0,12238.9
2195.44,40.8,21959.9,,,,,40.79,40.8,12238.9
2196.44,95.64,20681.0,,,,,95.64,95.64,12238.9
2197.44,100.0,21976.8,,,,,100.0,100.0,12238.9
2198.44,0.0,21959.9,,,,,0.0,0.0,12239.0
2199.44,100.0,20681.0,,,,,100.0,100.0,12239.0
2200.44,80.09,21959.9,,,,,80.07,80.11,12239.0
2201.44,95.52,20681.0,,,,,95.52,95.52,12239.0
2202.44,100.0,21976.8,,,,,100.0,100.0,12239.0
2203.44,0.0,22059.9,,,,,0.0,0.0,12239.1
2204.44,100.0,20681.0,,,,,100.0,100.0,12242.6
2205.44,80.0,21976.8,,,,,80.0,80.01,12242.7
2206.44,95.6,20681.0,,,,,95.6,95.6,12242.7
2207.44,78.39,23980.5,,,,,78.39,78.4,12242.7
2208.44,40.82,21959.9,,,,,40.81,40.82,12242.7
2209.44,100.0,20681.0,,,,,100.0,100.0,12242.7
2210.44,80.01,21976.8,,,,,80.01,80.01,12242.8
2211.44,0.0,21959.9,,,,,0.0,0.0,12242.8
2212.44,100.0,23980.5,,,,,100.0,100.0,12242.8
2213.44,40.8,21959.9,,,,,40.8,40.81,12242.8
2214.44,100.0,20681.0,,,,,100.0,100.0,12242.8
2215.44,80.06,21976.8,,,,,80.05,80.06,12242.9
2216.44,0.0,21959.9,,,,,0.0,0.0,12242.9
2217.44,100.0,23980.5,,,,,100.0,100.0,12242.9
2218.44,40.81,21959.9,,,,,40.8,40.81,12242.9
2219.44,100.0,20681.0,,,,,100.0,100.0,12242.9
2220.44,80.02,21976.8,,,,,80.01,80.03,12242.9
2221.44,0.0,21959.9,,,,,0.0,0.0,12242.9
2222.44,100.0,23980.5,,,,,100.0,100.0,12243.0
2223.44,40.81,22059.9,,,,,40.81,40.81,12243.0
2224.44,96.8,20681.0,,,,,96.79,96.8,12245.5
2225.44,100.0,21976.9,,,,,100.0,100.0,12245.5
2226.44,0.0,21959.9,,,,,0.0,0.0,12245.5
2227.44,100.0,20681.0,,,,,100.0,100.0,12245.5
2228.45,79.98,21959.9,,,,,79.97,80.0,12245.6
2229.45,95.58,20681.0,,,,,95.58,95.58,12245.6
2230.45,78.45,23980.5,,,,,78.45,78.45,12245.6
2231.45,40.81,21959.9,,,,,40.81,40.82,12245.6
2232.45,100.0,20681.0,,,,,100.0,100.0,12245.6
2233.45,80.01,21959.9,,,,,80.0,80.02,12245.6
2234.45,95.64,20681.0,,,,,95.64,95.64,12245.7
2235.45,78.43,23980.5,,,,,78.43,78.44,12245.7
2236.45,40.8,21959.9,,,,,40.79,40.8,12245.7
2237.45,100.0,20681.0,,,,,100.0,100.0,12245.7
2238.45,79.96,21959.9,,,,,79.95,79.96,12245.7
2239.45,95.65,20681.0,,,,,95.65,95.64,12245.8
2240.45,78.43,23980.5,,,,,78.43,78.43,12245.8
2241.45,40.81,21959.9,,,,,40.8,40.81,12245.8
2242.45,100.0,20681.0,,,,,100.0,100.0,12245.8
2243.45,80.02,21959.9,,,,,80.01,80.02,12245.8
2244.45,96.84,20681.0,,,,,96.84,96.85,12250.1
2245.45,78.43,23980.5,,,,,78.42,78.43,12250.2
2246.45,40.8,21959.9,,,,,40.79,40.8,12250.2
2247.45,95.66,20681.0,,,,,95.66,95.66,12250.2
2248.45,100.0,21976.8,,,,,100.0,100.0,12250.2
2249.45,0.0,21959.9,,,,,0.0,0.0,12250.2
2250.45,100.0,23980.5,,,,,100.0,100.0,12250.3
2251.45,40.78,21959.9,,,,,40.78,40.79,12250.3
2252.45,95.62,20681.0,,,,,95.63,95.62,12250.3
2253.45,100.0,21976.8,,,,,100.0,100.0,12250.3
2254.45,0.0,21959.9,,,,,0.0,0.0,12250.3
2255.45,100.0,23980.5,,,,,100.0,100.0,12250.4
2256.45,40.79,21959.9,,,,,40.78,40.79,12250.4
2257.45,95.68,20681.0,,,,,95.68,95.68,12250.4
2258.45,100.0,21976.8,,,,,100.0,100.0,12250.4
2259.45,0.0,21959.9,,,,,0.0,0.0,12250.4
2260.45,100.0,20681.0,,,,,100.0,100.0,12250.4
2261.45,79.98,21959.9,,,,,79.97,79.99,12250.5
2262.45,95.68,20681.0,,,,,95.68,95.68,12250.5
2263.45,100.0,21976.8,,,,,100.0,100.0,12250.5
2264.45,0.0,22059.9,,,,,0.0,0.0,12250.5
2265.45,100.0,20681.0,,,,,100.0,100.0,12253.5
2266.45,79.98,21943.8,,,,,79.97,79.98,12253.6
2267.45,95.59,20681.0,,,,,95.59,95.59,12253.6
2268.45,78.42,23980.5,,,,,78.41,78.42,12253.6
2269.45,40.84,21959.9,,,,,40.83,40.84,12253.6
2270.45,100.0,20681.0,,,,,100.0,100.0,12253.6
2271.45,79.97,21976.8,,,,,79.96,79.98,12253.6
2272.45,95.64,20681.0,,,,,95.64,95.64,12253.7
2273.45,78.39,23980.5,,,,,78.38,78.4,12253.7
2274.45,40.8,21959.9,,,,,40.8,40.81,12253.7
2275.45,100.0,20681.0,,,,,100.0,100.0,12253.7
2276.45,80.08,21976.8,,,,,80.06,80.09,12253.7
2277.45,0.0,21959.9,,,,,0.0,0.0,12253.7
2278.45,100.0,23980.5,,,,,100.0,100.0,12253.8
2279.45,40.83,21959.9,,,,,40.83,40.83,12253.8
2280.45,100.0,20681.0,,,,,100.0,100.0,12253.8
2281.45,80.02,21976.8,,,,,80.01,80.03,12253.8
2282.45,0.0,21959.9,,,,,0.0,0.0,12253.8
2283.45,100.0,23980.5,,,,,100.0,100.0,12253.9
2284.45,40.79,22059.9,,,,,40.78,40.8,12253.9
2285.45,96.85,20681.0,,,,,96.84,96.85,12258.4
2286.45,100.0,21976.8,,,,,100.0,100.0,12258.5
2287.45,0.0,21959.9,,,,,0.0,0.0,12258.5
2288.45,100.0,20681.0,,,,,100.0,100.0,12258.5
2289.45,80.02,21959.9,,,,,80.01,80.02,12258.5
2290.46,95.55,20681.0,,,,,95.55,95.54,12258.5
2291.46,78.47,23980.5,,,,,78.46,78.48,12258.5
2292.46,40.81,21959.9,,,,,40.8,40.81,12258.6
2293.46,100.0,20681.0,,,,,100.0,100.0,12258.6
2294.46,80.07,21959.9,,,,,80.06,80.08,12258.6
2295.46,95.56,20681.0,,,,,95.56,95.56,12258.6
2296.46,78.47,23980.5,,,,,78.47,78.47,12258.6
2297.46,40.78,21959.9,,,,,40.78,40.79,12258.6
2298.46,100.0,20681.0,,,,,100.0,100.0,12258.7
2299.46,79.93,21959.9,,,,,79.92,79.95,12258.7
2300.46,95.64,20681.0,,,,,95.64,95.63,12258.7
2301.46,78.47,23980.5,,,,,78.47,78.47,12258.7
2302.46,40.77,21959.9,,,,,40.77,40.78,12258.7
2303.46,100.0,20681.0,,,,,100.0,100.0,12258.7
2304.46,79.96,21959.9,,,,,79.96,79.97,12258.8
2305.46,96.89,20681.0,,,,,96.89,96.89,12263.4
2306.46,78.43,23980.5,,,,,78.43,78.44,12263.4
2307.46,40.79,21959.9,,,,,40.78,40.79,12263.4
2308.46,95.54,20681.0,,,,,95.54,95.54,12263.4
2309.46,100.0,21976.8,,,,,100.0,100.0,12263.4
2310.46,0.0,21959.9,,,,,0.0,0.0,12263.4
2311.46,100.0,23980.5,,,,,100.0,100.0,12263.5
2312.46,40.8,21959.9,,,,,40.79,40.8,12263.5
2313.46,95.6,20681.0,,,,,95.6,95.6,12263.5
2314.46,100.0,21976.8,,,,,100.0,100.0,12263.5
2315.46,0.0,21959.9,,,,,0.0,0.0,12263.5
2316.46,100.0,23980.5,,,,,100.0,100.0,12263.6
2317.46,40.83,21959.9,,,,,40.83,40.84,12263.6
2318.46,95.58,20681.0,,,,,95.58,95.58,12263.6
2319.46,100.0,21976.8,,,,,100.0,100.0,12263.6
2320.46,0.0,21959.9,,,,,0.0,0.0,12263.6
2321.46,100.0,20681.0,,,,,100.0,100.0,12263.6
2322.46,80.02,21959.9,,,,,80.01,80.03,12263.7
2323.46,95.66,20681.0,,,,,95.66,95.66,12263.7
2324.46,100.0,21976.8,,,,,100.0,100.0,12263.7
2325.46,0.0,22059.9,,,,,0.0,0.0,12263.8
2326.46,100.0,20681.0,,,,,100.0,100.0,12267.7
2327.46,79.99,21943.8,,,,,79.98,80.0,12267.8
2328.46,95.57,20681.0,,,,,95.57,95.56,12267.8
2329.46,78.48,23980.5,,,,,78.48,78.49,12267.8
2330.46,40.82,21959.9,,,,,40.81,40.83,12267.8
2331.46,100.0,20681.0,,,,,100.0,100.0,12267.8
2332.46,79.99,21976.8,,,,,79.98,79.99,12267.8
2333.46,0.0,21959.9,,,,,0.0,0.0,12267.8
2334.46,100.0,23980.5,,,,,100.0,100.0,12267.9
2335.46,40.84,21959.9,,,,,40.83,40.84,12267.9
2336.46,100.0,20681.0,,,,,100.0,100.0,12267.9
2337.46,80.04,21976.8,,,,,80.03,80.04,12267.9
2338.46,0.0,21959.9,,,,,0.0,0.0,12267.9
2339.46,100.0,23980.5,,,,,100.0,100.0,12268.0
2340.46,40.82,21959.9,,,,,40.81,40.82,12268.0
2341.46,100.0,20681.0,,,,,100.0,100.0,12268.0
2342.46,79.96,21976.8,,,,,79.95,79.96,12268.0
2343.46,0.0,21959.9,,,,,0.0,0.0,12268.0
2344.46,100.0,23980.5,,,,,100.0,100.0,12268.1
2345.46,40.81,22059.9,,,,,40.8,40.81,12268.1
2346.46,96.93,20681.0,,,,,96.92,96.94,12270.8
2347.46,100.0,21976.8,,,,,100.0,100.0,12270.9
2348.46,0.0,21959.9,,,,,0.0,0.0,12270.9
2349.46,100.0,20681.0,,,,,100.0,100.0,12270.9
2350.46,79.97,21959.9,,,,,79.97,79.98,12270.9
2351.46,95.57,20681.0,,,,,95.58,95.57,12270.9
2352.47,78.5,23980.5,,,,,78.49,78.51,12271.0
2353.47,40.79,21959.9,,,,,40.78,40.79,12271.0
2354.47,100.0,20681.0,,,,,100.0,100.0,12271.0
2355.47,80.01,21959.9,,,,,80.01,80.01,12271.0
2356.47,95.6,20681.0,,,,,95.59,95.6,12271.0
2357.47,78.42,23980.5,,,,,78.42,78.43,12271.1
2358.47,40.93,21959.9,,,,,40.93,40.94,12271.1
2359.47,100.0,20681.0,,,,,100.0,100.0,12271.1
2360.47,79.97,21959.9,,,,,79.96,79.98,12271.1
2361.47,95.61,20681.0,,,,,95.62,95.61,12271.1
2362.47,78.45,23980.5,,,,,78.45,78.46,12271.1
2363.47,40.82,21959.9,,,,,40.81,40.82,12271.2
2364.47,100.0,20681.0,,,,,100.0,100.0,12271.2
2365.47,79.95,21959.9,,,,,79.96,79.95,12271.2
2366.47,96.87,20681.0,,,,,96.85,96.88,12273.1
2367.47,78.45,23980.5,,,,,78.45,78.46,12273.2
2368.47,40.78,21959.9,,,,,40.77,40.79,12273.2
2369.47,100.0,20681.0,,,,,100.0,100.0,12273.2
2370.47,80.02,21976.8,,,,,80.01,80.03,12273.2
2371.47,0.0,21959.9,,,,,0.0,0.0,12273.2
2372.47,100.0,23980.5,,,,,100.0,100.0,12273.3
2373.47,40.79,21959.9,,,,,40.78,40.79,12273.3
2374.47,95.67,20681.0,,,,,95.67,95.67,12273.3
2375.47,100.0,21976.8,,,,,100.0,100.0,12273.3
2376.47,0.0,21959.9,,,,,0.0,0.0,12273.3
2377.47,100.0,23980.5,,,,,100.0,100.0,12273.4
2378.47,40.81,21959.9,,,,,40.81,40.82,12273.4
2379.47,95.6,20681.0,,,,,95.6,95.6,12273.4
2380.47,100.0,21976.8,,,,,100.0,100.0,12273.4
2381.47,0.0,21959.9,,,,,0.0,0.0,12273.4
2382.47,100.0,23980.5,,,,,100.0,100.0,12273.4
2383.47,40.81,21959.9,,,,,40.81,40.82,12273.4
2384.47,95.59,20681.0,,,,,95.6,95.59,12273.5
2385.47,100.0,21976.8,,,,,100.0,100.0,12273.5
2386.47,0.0,22059.9,,,,,0.0,0.0,12273.5
2387.47,100.0,20681.0,,,,,100.0,100.0,12275.6
2388.47,79.98,21959.9,,,,,79.97,79.99,12275.6
2389.47,95.64,20681.0,,,,,95.64,95.64,12275.6
2390.47,78.43,23980.5,,,,,78.42,78.43,12275.6
2391.47,40.81,21959.9,,,,,40.8,40.81,12275.6
2392.47,100.0,20681.0,,,,,100.0,100.0,12275.7
2393.47,80.01,21959.9,,,,,80.0,80.02,12275.7
2394.47,95.53,20681.0,,,,,95.53,95.54,12275.7
2395.47,78.47,23980.5,,,,,78.46,78.47,12275.7
2396.47,40.78,21959.9,,,,,40.77,40.78,12275.7
2397.47,100.0,20681.0,,,,,100.0,100.0,12275.7
2398.47,80.01,21951.8,,,,,80.01,80.01,12275.8
2399.47,95.6,20681.0,,,,,95.6,95.6,12275.8
2400.47,78.39,23980.5,,,,,78.38,78.39,12275.8
2401.47,40.83,21959.9,,,,,40.82,40.83,12275.8
2402.47,100.0,20681.0,,,,,100.0,100.0,12275.8
2403.47,80.0,21976.8,,,,,80.0,80.01,12275.9
2404.47,95.58,20681.0,,,,,95.58,95.58,12275.9
2405.47,78.47,23980.5,,,,,78.46,78.47,12275.9
2406.47,40.81,22059.9,,,,,40.8,40.81,12276.0
2407.47,96.81,20681.0,,,,,96.8,96.82,12278.4
2408.47,100.0,21976.8,,,,,100.0,100.0,12278.4
2409.47,0.0,21959.9,,,,,0.0,0.0,12278.4
2410.47,100.0,20681.0,,,,,100.0,100.0,12278.4
2411.47,79.96,21959.9,,,,,79.96,79.97,12278.5
2412.47,95.65,20681.0,,,,,95.65,95.65,12278.5
2413.47,100.0,21976.8,,,,,100.0,100.0,12278.5
2414.47,0.0,21959.9,,,,,0.0,0.0,12278.5
2415.48,100.0,20681.0,,,,,100.0,100.0,12278.5
2416.48,80.02,21959.9,,,,,80.01,80.03,12278.5
2417.48,95.6,20681.0,,,,,95.6,95.59,12278.6
2418.48,100.0,21976.9,,,,,100.0,100.0,12278.6
2419.48,0.0,21959.9,,,,,0.0,0.0,12278.6
2420.48,100.0,20681.0,,,,,100.0,100.0,12278.6
2421.48,80.06,21959.9,,,,,80.05,80.07,12278.6
2422.48,95.59,20681.0,,,,,95.59,95.58,12278.6
2423.48,78.43,23980.5,,,,,78.42,78.44,12278.7
2424.48,40.82,21959.9,,,,,40.81,40.82,12278.7
2425.48,100.0,20681.0,,,,,100.0,100.0,12278.7
2426.48,79.96,22028.9,,,,,79.96,79.96,12278.8
2427.48,96.95,20681.0,,,,,96.94,96.95,12280.7
2428.48,78.38,23980.5,,,,,78.38,78.38,12280.7
2429.48,40.84,21959.9,,,,,40.83,40.84,12280.7
2430.48,100.0,20681.0,,,,,100.0,100.0,12280.7
2431.48,80.02,21976.8,,,,,80.01,80.03,12280.8
2432.48,0.0,21959.9,,,,,0.0,0.0,12280.8
2433.48,100.0,23980.5,,,,,100.0,100.0,12280.8
2434.48,40.81,21959.9,,,,,40.81,40.81,12280.8
2435.48,100.0,20681.0,,,,,100.0,100.0,12280.8
2436.48,80.05,21976.8,,,,,80.04,80.06,12280.9
2437.48,0.0,21959.9,,,,,0.0,0.0,12280.9
2438.48,100.0,23980.5,,,,,100.0,100.0,12280.9
2439.48,40.78,21959.9,,,,,40.78,40.78,12280.9
2440.48,100.0,20681.0,,,,,100.0,100.0,12280.9
2441.48,79.98,21976.8,,,,,79.97,79.99,12280.9
2442.48,0.0,21959.9,,,,,0.0,0.0,12281.0
2443.48,100.0,23980.5,,,,,100.0,100.0,12281.0
2444.48,40.8,21959.9,,,,,40.79,40.8,12281.0
2445.48,95.66,20681.0,,,,,95.66,95.66,12281.0
2446.48,100.0,21976.8,,,,,100.0,100.0,12281.0
2447.48,0.0,22059.9,,,,,0.0,0.0,12281.1
2448.48,100.0,20681.0,,,,,100.0,100.0,12282.7
2449.48,79.99,21959.9,,,,,79.99,79.99,12282.8
2450.48,95.64,20681.0,,,,,95.65,95.64,12282.8
2451.48,78.42,23980.5,,,,,78.42,78.42,12282.8
2452.48,40.79,21959.9,,,,,40.78,40.79,12282.8
2453.48,100.0,20681.0,,,,,100.0,100.0,12282.8
2454.48,79.95,21959.9,,,,,79.95,79.96,12282.9
2455.48,95.66,20681.0,,,,,95.66,95.66,12282.9
2456.48,78.39,23980.5,,,,,78.38,78.39,12282.9
2457.48,40.81,21959.9,,,,,40.81,40.82,12282.9
2458.48,100.0,20681.0,,,,,100.0,100.0,12282.9
2459.48,80.02,21959.9,,,,,80.01,80.03,12282.9
2460.48,95.54,20681.0,,,,,95.54,95.54,12283.0
2461.48,78.44,23980.5,,,,,78.43,78.44,12283.0
2462.48,40.84,21959.9,,,,,40.83,40.84,12283.0
2463.48,100.0,20681.0,,,,,100.0,100.0,12283.0
2464.48,80.02,21951.8,,,,,80.02,80.02,12283.0
2465.48,95.6,20681.0,,,,,95.6,95.6,12283.1
2466.48,78.42,23980.5,,,,,78.42,78.42,12283.1
2467.48,40.81,22059.9,,,,,40.8,40.82,12283.1
2468.48,96.9,20681.0,,,,,96.89,96.91,12287.4
2469.48,100.0,21976.8,,,,,100.0,100.0,12287.4
2470.48,0.0,21959.9,,,,,0.0,0.0,12287.4
2471.48,100.0,23980.5,,,,,100.0,100.0,12287.5
2472.48,40.79,21959.9,,,,,40.79,40.8,12287.5
2473.48,95.61,20681.0,,,,,95.62,95.61,12287.5
2474.48,100.0,21976.8,,,,,100.0,100.0,12287.5
2475.48,0.0,21959.9,,,,,0.0,0.0,12287.5
2476.49,100.0,20681.0,,,,,100.0,100.0,12287.5
2477.49,79.99,21959.9,,,,,79.98,80.0,12287.6
2478.49,95.63,20681.0,,,,,95.63,95.63,12287.6
2479.49,100.0,21976.8,,,,,100.0,100.0,12287.6
2480.49,0.0,21959.9,,,,,0.0,0.0,12287.6
2481.49,100.0,20681.0,,,,,100.0,100.0,12287.6
2482.49,80.03,21959.9,,,,,80.02,80.04,12287.7
2483.49,95.57,20681.0,,,,,95.57,95.56,12287.7
2484.49,100.0,21976.8,,,,,100.0,100.0,12287.7
2485.49,0.0,21959.9,,,,,0.0,0.0,12287.7
2486.49,100.0,20681.0,,,,,100.0,100.0,12287.7
2487.49,79.96,22059.9,,,,,79.96,79.97,12287.8
2488.49,96.83,20681.0,,,,,96.82,96.83,12288.8
2489.49,78.46,23980.5,,,,,78.46,78.46,12288.8
2490.49,40.81,21959.9,,,,,40.81,40.82,12288.9
2491.49,100.0,20681.0,,,,,100.0,100.0,12288.9
2492.49,79.99,21976.8,,,,,79.98,80.0,12288.9
2493.49,0.0,21959.9,,,,,0.0,0.0,12288.9
2494.49,100.0,23980.5,,,,,100.0,100.0,12288.9
2495.49,40.81,21959.9,,,,,40.81,40.81,12288.9
2496.49,100.0,20681.0,,,,,100.0,100.0,12289.0
2497.49,79.98,21976.8,,,,,79.98,79.99,12289.0
2498.49,0.0,21959.9,,,,,0.0,0.0,12289.0
2499.49,100.0,23980.5,,,,,100.0,100.0,12289.0
2500.49,40.8,21959.9,,,,,40.79,40.8,12289.0
2501.49,100.0,20681.0,,,,,100.0,100.0,12289.1
2502.49,80.05,21976.8,,,,,80.05,80.06,12289.1
2503.49,0.0,21959.9,,,,,0.0,0.0,12289.1
2504.49,100.0,23980.5,,,,,100.0,100.0,12289.1
2505.49,40.81,21959.9,,,,,40.8,40.81,12289.1
2506.49,100.0,20681.0,,,,,100.0,100.0,12289.1
2507.49,79.98,21976.8,,,,,79.97,79.99,12289.2
2508.49,0.0,22059.9,,,,,0.0,0.0,12289.2
2509.49,100.0,20681.0,,,,,100.0,100.0,12291.2
2510.49,80.03,21959.9,,,,,80.02,80.04,12291.2
2511.49,95.59,20681.0,,,,,95.59,95.59,12291.2
2512.49,100.0,21976.8,,,,,100.0,100.0,12291.3
2513.49,0.0,21959.9,,,,,0.0,0.0,12291.3
2514.49,100.0,20681.0,,,,,100.0,100.0,12291.3
2515.49,79.97,21959.9,,,,,79.96,79.98,12291.3
2516.49,95.59,20681.0,,,,,95.59,95.58,12291.3
2517.49,100.0,21976.9,,,,,100.0,100.0,12291.4
2518.49,0.0,21959.9,,,,,0.0,0.0,12291.4
2519.49,100.0,20681.0,,,,,100.0,100.0,12291.4
2520.49,80.07,21959.9,,,,,80.06,80.08,12291.4
2521.49,95.6,20681.0,,,,,95.6,95.6,12291.4
2522.49,78.43,23980.5,,,,,78.43,78.43,12291.4
2523.49,40.8,21959.9,,,,,40.8,40.81,12291.5
2524.49,100.0,20681.0,,,,,100.0,100.0,12291.5
2525.49,79.99,21959.9,,,,,79.98,79.99,12291.5
2526.49,95.59,20681.0,,,,,95.59,95.59,12291.5
2527.49,78.41,23980.5,,,,,78.4,78.42,12291.5
2528.49,40.8,22059.9,,,,,40.8,40.81,12291.6
2529.49,100.0,20681.0,,,,,100.0,100.0,12292.9
2530.49,80.03,21976.8,,,,,80.03,80.04,12293.0
2531.49,0.0,21959.9,,,,,0.0,0.0,12293.0
2532.49,100.0,23980.5,,,,,100.0,100.0,12293.0
2533.49,40.79,21959.9,,,,,40.79,40.8,12293.0
2534.49,100.0,20681.0,,,,,100.0,100.0,12293.0
2535.49,79.99,21976.8,,,,,79.98,80.0,12293.1
2536.49,0.0,21959.9,,,,,0.0,0.0,12293.1
2537.5,100.0,23980.5,,,,,100.0,100.0,12293.1
2538.5,40.79,21959.9,,,,,40.79,40.8,12293.1
2539.5,95.57,20681.0,,,,,95.57,95.58,12293.1
2540.5,100.0,21976.8,,,,,100.0,100.0,12293.2
2541.5,0.0,21959.9,,,,,0.0,0.0,12293.2
2542.5,100.0,23980.5,,,,,100.0,100.0,12293.2
2543.5,40.83,21959.9,,,,,40.82,40.83,12293.2
2544.5,95.62,20681.0,,,,,95.62,95.62,12293.2
2545.5,100.0,21976.8,,,,,100.0,100.0,12293.2
2546.5,0.0,21959.9,,,,,0.0,0.0,12293.2
2547.5,100.0,23980.5,,,,,100.0,100.0,12293.3
2548.5,40.81,22059.9,,,,,40.81,40.82,12293.3
2549.5,96.9,20681.0,,,,,96.89,96.91,12297.8
2550.5,78.43,23980.5,,,,,78.43,78.44,12297.8
2551.5,40.82,21959.9,,,,,40.81,40.82,12297.8
2552.5,100.0,20681.0,,,,,100.0,100.0,12297.8
2553.5,80.02,21959.9,,,,,80.0,80.03,12297.9
2554.5,95.63,20681.0,,,,,95.63,95.62,12297.9
2555.5,78.41,23980.5,,,,,78.41,78.42,12297.9
2556.5,40.81,21959.9,,,,,40.81,40.81,12297.9
2557.5,100.0,20681.0,,,,,100.0,100.0,12297.9
2558.5,80.01,21959.9,,,,,80.0,80.02,12298.0
2559.5,95.64,20681.0,,,,,95.64,95.64,12298.0
2560.5,78.43,23980.5,,,,,78.42,78.43,12298.0
2561.5,40.81,21959.9,,,,,40.81,40.81,12298.0
2562.5,100.0,20681.0,,,,,100.0,100.0,12298.0
2563.5,80.03,21943.8,,,,,80.02,80.03,12298.0
2564.5,95.53,20681.0,,,,,95.53,95.53,12298.1
2565.5,78.42,23980.5,,,,,78.42,78.43,12298.1
2566.5,40.84,21959.9,,,,,40.83,40.85,12298.1
2567.5,100.0,20681.0,,,,,100.0,100.0,12298.1
2568.5,80.01,21976.8,,,,,80.01,80.02,12298.1
2569.5,0.0,22059.9,,,,,0.0,0.0,12298.2
2570.5,100.0,20681.0,,,,,100.0,100.0,12299.9
2571.5,80.08,21959.9,,,,,80.07,80.09,12299.9
2572.5,95.59,20681.0,,,,,95.59,95.6,12299.9
2573.5,100.0,21976.8,,,,,100.0,100.0,12300.0
2574.5,0.0,21959.9,,,,,0.0,0.0,12300.0
2575.5,100.0,20681.0,,,,,100.0,100.0,12300.0
2576.5,80.02,21959.9,,,,,80.01,80.03,12300.0
2577.5,95.59,20681.0,,,,,95.59,95.6,12300.0
2578.5,100.0,21976.8,,,,,100.0,100.0,12300.1
2579.5,0.0,21959.9,,,,,0.0,0.0,12300.1
2580.5,100.0,20681.0,,,,,100.0,100.0,12300.1
2581.5,80.04,21959.9,,,,,80.03,80.05,12300.1
2582.5,95.59,20681.0,,,,,95.59,95.59,12300.1
2583.5,78.49,23980.5,,,,,78.48,78.49,12300.1
2584.5,40.8,21959.9,,,,,40.79,40.8,12300.2
2585.5,100.0,20681.0,,,,,100.0,100.0,12300.2
2586.5,80.03,21959.9,,,,,80.03,80.04,12300.2
2587.5,95.65,20681.0,,,,,95.65,95.66,12300.2
2588.5,78.39,23980.5,,,,,78.39,78.39,12300.2
2589.5,40.82,22059.9,,,,,40.81,40.83,12300.3
2590.5,100.0,20681.0,,,,,100.0,100.0,12302.4
2591.5,80.05,21976.8,,,,,80.05,80.06,12302.4
2592.5,0.0,21959.9,,,,,0.0,0.0,12302.4
2593.5,100.0,23980.5,,,,,100.0,100.0,12302.4
2594.5,40.81,21959.9,,,,,40.81,40.82,12302.4
2595.5,100.0,20681.0,,,,,100.0,100.0,12302.4
2596.5,80.0,21976.8,,,,,79.99,80.0,12302.5
2597.5,0.0,21959.9,,,,,0.0,0.0,12302.5
2598.51,100.0,23980.5,,,,,100.0,100.0,12302.5
2599.51,40.83,21959.9,,,,,40.82,40.83,12302.5
2600.51,100.0,20681.0,,,,,100.0,100.0,12302.5
2601.51,80.01,21976.8,,,,,80.0,80.02,12302.6
2602.51,0.0,21959.9,,,,,0.0,0.0,12302.6
2603.51,100.0,23980.5,,,,,100.0,100.0,12302.6
2604.51,40.81,21959.9,,,,,40.8,40.82,12302.6
2605.51,95.58,20681.0,,,,,95.59,95.58,12302.6
2606.51,100.0,21976.8,,,,,100.0,100.0,12302.7
2607.51,0.0,21959.9,,,,,0.0,0.0,12302.7
2608.51,100.0,23980.5,,,,,100.0,100.0,12302.7
2609.51,40.78,22059.9,,,,,40.78,40.79,12302.8
2610.51,96.87,20681.0,,,,,96.87,96.88,12306.1
2611.51,78.43,23980.5,,,,,78.42,78.43,12306.1
2612.51,40.84,21959.9,,,,,40.84,40.85,12306.1
2613.51,100.0,20681.0,,,,,100.0,100.0,12306.1
2614.51,80.04,21959.9,,,,,80.04,80.05,12306.1
2615.51,95.62,20681.0,,,,,95.62,95.62,12306.2
2616.51,78.46,23980.5,,,,,78.46,78.47,12306.2
2617.51,40.79,21959.9,,,,,40.79,40.8,12306.2
2618.51,100.0,20681.0,,,,,100.0,100.0,12306.2
2619.51,80.0,21959.9,,,,,80.0,80.01,12306.2
2620.51,95.58,20681.0,,,,,95.59,95.58,12306.2
2621.51,78.39,23980.5,,,,,78.39,78.4,12306.3
2622.51,40.82,21959.9,,,,,40.82,40.83,12306.3
2623.51,100.0,20681.0,,,,,100.0,100.0,12306.3
2624.51,80.03,21959.9,,,,,80.02,80.04,12306.3
2625.51,95.6,20681.0,,,,,95.6,95.6,12306.3
2626.51,78.44,23980.5,,,,,78.44,78.44,12306.4
2627.51,40.78,21959.9,,,,,40.78,40.78,12306.4
2628.51,100.0,20681.0,,,,,100.0,100.0,12306.4
2629.51,80.09,21976.8,,,,,80.08,80.09,12306.4
2630.51,96.78,20681.0,,,,,96.78,96.78,12306.6
2631.51,78.44,23980.5,,,,,78.43,78.44,12310.1
2632.51,40.8,21959.9,,,,,40.8,40.81,12310.1
2633.51,95.66,20681.0,,,,,95.66,95.65,12310.1
2634.51,100.0,21976.8,,,,,100.0,100.0,12310.2
2635.51,0.0,21959.9,,,,,0.0,0.0,12310.2
2636.51,100.0,20681.0,,,,,100.0,100.0,12310.2
2637.51,80.03,21959.9,,,,,80.02,80.03,12310.2
2638.51,95.63,20681.0,,,,,95.63,95.63,12310.2
2639.51,100.0,21976.8,,,,,100.0,100.0,12310.3
2640.51,0.0,21959.9,,,,,0.0,0.0,12310.3
2641.51,100.0,20681.0,,,,,100.0,100.0,12310.3
2642.51,80.02,21959.9,,,,,80.01,80.02,12310.3
2643.51,95.56,20681.0,,,,,95.56,95.56,12310.3
2644.51,100.0,21976.8,,,,,100.0,100.0,12310.3
2645.51,0.0,21959.9,,,,,0.0,0.0,12310.4
2646.51,100.0,20681.0,,,,,100.0,100.0,12310.4
2647.51,79.98,21959.9,,,,,79.98,79.99,12310.4
2648.51,95.57,20681.0,,,,,95.57,95.57,12310.4
2649.51,78.42,23980.5,,,,,78.42,78.43,12310.4
2650.51,40.81,22059.9,,,,,40.81,40.82,12310.5
2651.51,100.0,20681.0,,,,,100.0,100.0,12312.9
2652.51,80.02,21976.8,,,,,80.01,80.02,12312.9
2653.51,0.0,21959.9,,,,,0.0,0.0,12312.9
2654.51,100.0,23980.5,,,,,100.0,100.0,12312.9
2655.51,40.81,21959.9,,,,,40.81,40.82,12312.9
2656.51,100.0,20681.0,,,,,100.0,100.0,12313.0
2657.51,80.01,21976.8,,,,,80.0,80.02,12313.0
2658.51,0.0,21959.9,,,,,0.0,0.0,12313.0
2659.52,100.0,23980.5,,,,,100.0,100.0,12313.0
2660.52,40.79,21959.9,,,,,40.78,40.79,12313.0
2661.52,100.0,20681.0,,,,,100.0,100.0,12313.0
2662.52,80.07,21976.8,,,,,80.06,80.08,12313.1
2663.52,0.0,21959.9,,,,,0.0,0.0,12313.1
2664.52,100.0,23980.5,,,,,100.0,100.0,12313.1
2665.52,40.84,21959.9,,,,,40.83,40.84,12313.1
2666.52,100.0,20681.0,,,,,100.0,100.0,12313.1
2667.52,79.97,21976.8,,,,,79.96,79.97,12313.2
2668.52,0.0,21959.9,,,,,0.0,0.0,12313.2
2669.52,100.0,23980.5,,,,,100.0,100.0,12313.2
2670.52,40.79,22059.9,,,,,40.78,40.79,12313.3
2671.52,96.84,20681.0,,,,,96.84,96.85,12314.6
2672.52,78.48,23980.5,,,,,78.48,78.48,12314.6
2673.52,40.82,21959.9,,,,,40.82,40.82,12314.6
2674.52,100.0,20681.0,,,,,100.0,100.0,12314.7
2675.52,80.0,21959.9,,,,,79.99,80.01,12314.7
2676.52,95.64,20681.0,,,,,95.65,95.63,12314.7
2677.52,78.39,23980.5,,,,,78.38,78.39,12314.7
2678.52,40.81,21959.9,,,,,40.8,40.81,12314.7
2679.52,100.0,20681.0,,,,,100.0,100.0,12314.7
2680.52,80.01,21959.9,,,,,80.0,80.02,12314.8
2681.52,95.6,20681.0,,,,,95.6,95.6,12314.8
2682.52,78.48,23980.5,,,,,78.48,78.49,12314.8
2683.52,40.79,21959.9,,,,,40.78,40.79,12314.8
2684.52,100.0,20681.0,,,,,100.0,100.0,12314.8
2685.52,80.05,21959.9,,,,,80.05,80.06,12314.9
2686.52,95.54,20681.0,,,,,95.54,95.54,12314.9
2687.52,78.41,23980.5,,,,,78.41,78.41,12314.9
2688.52,40.81,21959.9,,,,,40.8,40.81,12314.9
2689.52,100.0,20681.0,,,,,100.0,100.0,12314.9
2690.52,79.98,21959.9,,,,,79.97,79.98,12315.0
2691.52,96.89,20681.0,,,,,96.9,96.89,12318.1
2692.52,78.44,23980.5,,,,,78.42,78.45,12318.1
2693.52,40.83,21959.9,,,,,40.82,40.83,12318.2
2694.52,95.56,20681.0,,,,,95.56,95.56,12318.2
2695.52,100.0,21976.8,,,,,100.0,100.0,12318.2
2696.52,0.0,21959.9,,,,,0.0,0.0,12318.2
2697.52,100.0,23980.5,,,,,100.0,100.0,12318.2
2698.52,40.82,21959.9,,,,,40.81,40.82,12318.2
2699.52,95.63,20681.0,,,,,95.63,95.62,12318.3
2700.52,100.0,21976.8,,,,,100.0,100.0,12318.3
2701.52,0.0,21959.9,,,,,0.0,0.0,12318.3
2702.52,100.0,23980.5,,,,,100.0,100.0,12318.3
2703.52,40.8,21959.9,,,,,40.8,40.81,12318.3
2704.52,95.69,20681.0,,,,,95.69,95.69,12318.3
2705.52,100.0,21976.8,,,,,100.0,100.0,12318.4
2706.52,0.0,21959.9,,,,,0.0,0.0,12318.4
2707.52,100.0,20681.0,,,,,100.0,100.0,12318.4
2708.52,80.05,21959.9,,,,,80.03,80.06,12318.4
2709.52,95.63,20681.0,,,,,95.64,95.63,12318.4
2710.52,100.0,21976.8,,,,,100.0,100.0,12318.5
2711.52,0.0,22059.9,,,,,0.0,0.0,12318.5
2712.52,100.0,20681.0,,,,,100.0,100.0,12322.3
2713.52,80.03,21951.8,,,,,80.02,80.04,12322.3
2714.52,95.58,20681.0,,,,,95.58,95.57,12322.4
2715.52,78.46,23980.5,,,,,78.46,78.47,12322.4
2716.52,40.81,21959.9,,,,,40.81,40.82,12322.4
2717.52,100.0,20681.0,,,,,100.0,100.0,12322.4
2718.52,79.97,21976.8,,,,,79.96,79.98,12322.4
2719.52,95.63,20681.0,,,,,95.63,95.63,12322.4
2720.52,78.43,23980.5,,,,,78.42,78.43,12322.5
2721.53,40.79,21959.9,,,,,40.79,40.8,12322.5
2722.53,100.0,20681.0,,,,,100.0,100.0,12322.5
2723.53,80.0,21976.8,,,,,79.99,80.01,12322.5
2724.53,0.0,21959.9,,,,,0.0,0.0,12322.5
2725.53,100.0,23980.5,,,,,100.0,100.0,12322.6
2726.53,40.82,21959.9,,,,,40.82,40.83,12322.6
2727.53,100.0,20681.0,,,,,100.0,100.0,12322.6
2728.53,80.01,21976.8,,,,,80.01,80.02,12322.6
2729.53,0.0,21959.9,,,,,0.0,0.0,12322.6
2730.53,100.0,23980.5,,,,,100.0,100.0,12322.7
2731.53,40.79,22059.9,,,,,40.78,40.79,12322.7
2732.53,96.85,20681.0,,,,,96.85,96.85,12323.8
2733.53,100.0,21976.8,,,,,100.0,100.0,12323.8
2734.53,0.0,21959.9,,,,,0.0,0.0,12323.8
2735.53,100.0,20681.0,,,,,100.0,100.0,12323.8
2736.53,80.06,21959.9,,,,,80.05,80.07,12323.8
2737.53,95.58,20681.0,,,,,95.58,95.58,12323.9
2738.53,100.0,21976.9,,,,,100.0,100.0,12323.9
2739.53,0.0,21959.9,,,,,0.0,0.0,12323.9
2740.53,100.0,20681.0,,,,,100.0,100.0,12323.9
2741.53,79.96,21959.9,,,,,79.96,79.96,12323.9
2742.53,95.66,20681.0,,,,,95.66,95.66,12323.9
2743.53,78.42,23980.5,,,,,78.41,78.42,12324.0
2744.53,40.8,21959.9,,,,,40.79,40.8,12324.0
2745.53,100.0,20681.0,,,,,100.0,100.0,12324.0
2746.53,80.01,21959.9,,,,,80.0,80.02,12324.0
2747.53,95.53,20681.0,,,,,95.53,95.53,12324.0
2748.53,78.48,23980.5,,,,,78.48,78.48,12324.1
2749.53,40.8,21959.9,,,,,40.8,40.81,12324.1
2750.53,100.0,20681.0,,,,,100.0,100.0,12324.1
2751.53,80.03,21959.9,,,,,80.02,80.04,12324.1
2752.53,96.9,20681.0,,,,,96.89,96.9,12325.2
2753.53,78.4,23980.5,,,,,78.4,78.4,12325.3
2754.53,40.81,21959.9,,,,,40.81,40.81,12325.3
2755.53,100.0,20681.0,,,,,100.0,100.0,12325.3
2756.53,79.99,21976.8,,,,,79.99,79.99,12325.3
2757.53,0.0,21959.9,,,,,0.0,0.0,12325.3
2758.53,100.0,23980.5,,,,,100.0,100.0,12325.4
2759.53,40.81,21959.9,,,,,40.81,40.82,12325.4
2760.53,100.0,20681.0,,,,,100.0,100.0,12325.4
2761.53,80.06,21976.8,,,,,80.05,80.06,12325.4
2762.53,0.0,21959.9,,,,,0.0,0.0,12325.4
2763.53,100.0,23980.5,,,,,100.0,100.0,12325.5
2764.53,40.81,21959.9,,,,,40.81,40.82,12325.5
2765.53,95.59,20681.0,,,,,95.59,95.58,12325.5
2766.53,100.0,21976.8,,,,,100.0,100.0,12325.5
2767.53,0.0,21959.9,,,,,0.0,0.0,12325.5
2768.53,100.0,23980.5,,,,,100.0,100.0,12325.5
2769.53,40.85,21959.9,,,,,40.84,40.85,12325.6
2770.53,95.54,20681.0,,,,,95.54,95.54,12325.6
2771.53,100.0,21976.8,,,,,100.0,100.0,12325.6
2772.53,0.0,22059.9,,,,,0.0,0.0,12325.6
2773.53,100.0,20681.0,,,,,100.0,100.0,12327.2
2774.53,79.97,21959.9,,,,,79.97,79.97,12327.2
2775.53,95.65,20681.0,,,,,95.65,95.65,12327.2
2776.53,78.42,23980.5,,,,,78.41,78.43,12327.2
2777.53,40.81,21959.9,,,,,40.8,40.81,12327.2
2778.53,100.0,20681.0,,,,,100.0,100.0,12327.3
2779.53,79.98,21959.9,,,,,79.97,79.99,12327.3
2780.53,95.64,20681.0,,,,,95.64,95.63,12327.3
2781.53,78.43,23980.5,,,,,78.42,78.43,12327.3
2782.53,40.8,21959.9,,,,,40.8,40.81,12327.3
2783.53,100.0,20681.0,,,,,100.0,100.0,12327.3
2784.53,80.02,21976.8,,,,,80.01,80.03,12327.4
2785.54,95.61,20681.0,,,,,95.62,95.61,12327.4
2786.54,78.38,23980.5,,,,,78.38,78.39,12327.4
2787.54,40.84,21959.9,,,,,40.84,40.85,12327.4
2788.54,100.0,20681.0,,,,,100.0,100.0,12327.4
2789.54,80.05,21976.8,,,,,80.04,80.06,12327.5
2790.54,0.0,21959.9,,,,,0.0,0.0,12327.5
2791.54,100.0,23980.5,,,,,100.0,100.0,12327.5
2792.54,40.83,22059.9,,,,,40.83,40.83,12327.6
2793.54,96.82,20681.0,,,,,96.81,96.82,12330.5
2794.54,100.0,21976.8,,,,,100.0,100.0,12330.6
2795.54,0.0,21959.9,,,,,0.0,0.0,12330.6
2796.54,100.0,20681.0,,,,,100.0,100.0,12330.6
2797.54,80.04,21959.9,,,,,80.03,80.04,12330.6
2798.54,95.58,20681.0,,,,,95.58,95.58,12330.6
2799.54,100.0,21976.8,,,,,100.0,100.0,12330.7
2800.54,0.0,21959.9,,,,,0.0,0.0,12330.7
2801.54,100.0,20681.0,,,,,100.0,100.0,12330.7
2802.54,79.96,21959.9,,,,,79.95,79.96,12330.7
2803.54,95.61,20681.0,,,,,95.61,95.61,12330.7
2804.54,78.44,23980.5,,,,,78.44,78.45,12330.7
2805.54,40.81,21959.9,,,,,40.81,40.82,12330.8
2806.54,100.0,20681.0,,,,,100.0,100.0,12330.8
2807.54,80.01,21959.9,,,,,80.01,80.02,12330.8
2808.54,95.6,20681.0,,,,,95.6,95.6,12330.8
2809.54,78.39,23980.5,,,,,78.39,78.4,12330.8
2810.54,40.81,21959.9,,,,,40.81,40.82,12330.8
2811.54,100.0,20681.0,,,,,100.0,100.0,12330.9
2812.54,80.06,21959.9,,,,,80.05,80.07,12330.9
2813.54,96.82,20681.0,,,,,96.81,96.82,12332.7
2814.54,78.48,23980.5,,,,,78.47,78.48,12332.7
2815.54,40.79,21959.9,,,,,40.79,40.8,12332.7
2816.54,95.65,20681.0,,,,,95.66,95.65,12332.7
2817.54,100.0,21976.8,,,,,100.0,100.0,12332.7
2818.54,0.0,21959.9,,,,,0.0,0.0,12332.7
2819.54,100.0,23980.5,,,,,100.0,100.0,12332.8
2820.54,40.82,21959.9,,,,,40.81,40.82,12332.8
2821.54,95.55,20681.0,,,,,95.56,95.55,12332.8
2822.54,100.0,21976.8,,,,,100.0,100.0,12332.8
2823.54,0.0,21959.9,,,,,0.0,0.0,12332.8
2824.54,100.0,23980.5,,,,,100.0,100.0,12332.9
2825.54,40.78,21959.9,,,,,40.77,40.79,12332.9
2826.54,95.64,20681.0,,,,,95.65,95.64,12332.9
2827.54,100.0,21976.8,,,,,100.0,100.0,12332.9
2828.54,0.0,21959.9,,,,,0.0,0.0,12332.9
2829.54,100.0,23980.5,,,,,100.0,100.0,12333.0
2830.54,40.84,21959.9,,,,,40.83,40.84,12333.0
2831.54,95.58,20681.0,,,,,95.58,95.58,12333.0
2832.54,100.0,21976.8,,,,,100.0,100.0,12333.0
2833.54,0.0,22059.9,,,,,0.0,0.0,12333.1
2834.54,100.0,20681.0,,,,,100.0,100.0,12337.0
2835.54,80.01,21951.8,,,,,80.0,80.01,12337.0
2836.54,95.53,20681.0,,,,,95.54,95.53,12337.0
2837.54,78.43,23980.5,,,,,78.42,78.43,12337.1
2838.54,40.83,21959.9,,,,,40.83,40.84,12337.1
2839.54,100.0,20681.0,,,,,100.0,100.0,12337.1
2840.54,80.02,21976.8,,,,,80.01,80.02,12337.1
2841.54,95.57,20681.0,,,,,95.57,95.57,12337.1
2842.54,78.39,23980.5,,,,,78.38,78.39,12337.2
2843.54,40.8,21959.9,,,,,40.8,40.81,12337.2
2844.54,100.0,20681.0,,,,,100.0,100.0,12337.2
2845.55,79.96,21976.8,,,,,79.95,79.97,12337.2
2846.55,0.0,21959.9,,,,,0.0,0.0,12337.2
2847.55,100.0,23980.5,,,,,100.0,100.0,12337.2
2848.55,40.84,21959.9,,,,,40.82,40.85,12337.3
2849.55,100.0,20681.0,,,,,100.0,100.0,12337.3
2850.55,80.02,21976.8,,,,,80.01,80.03,12337.3
2851.55,0.0,21959.9,,,,,0.0,0.0,12337.3
2852.55,100.0,23980.5,,,,,100.0,100.0,12337.3
2853.55,40.81,22059.9,,,,,40.81,40.82,12337.4
2854.55,96.91,20681.0,,,,,96.9,96.91,12338.6
2855.55,100.0,21976.8,,,,,100.0,100.0,12338.7
2856.55,0.0,21959.9,,,,,0.0,0.0,12338.7
2857.55,100.0,20681.0,,,,,100.0,100.0,12338.7
2858.55,80.0,21959.9,,,,,80.0,80.0,12338.7
2859.55,95.64,20681.0,,,,,95.63,95.65,12338.7
2860.55,78.43,23980.5,,,,,78.43,78.44,12338.8
2861.55,40.82,21959.9,,,,,40.81,40.82,12338.8
2862.55,100.0,20681.0,,,,,100.0,100.0,12338.8
2863.55,80.02,21959.9,,,,,80.01,80.03,12338.8
2864.55,95.53,20681.0,,,,,95.53,95.53,12338.8
2865.55,78.43,23980.5,,,,,78.42,78.44,12338.9
2866.55,40.79,21959.9,,,,,40.8,40.77,12338.9
2867.55,100.0,20681.0,,,,,100.0,100.0,12338.9
2868.55,79.97,21959.9,,,,,79.96,79.98,12338.9
2869.55,95.61,20681.0,,,,,95.61,95.61,12338.9
2870.55,78.46,23980.5,,,,,78.46,78.47,12338.9
2871.55,40.79,21959.9,,,,,40.79,40.8,12339.0
2872.55,100.0,20681.0,,,,,100.0,100.0,12339.0
2873.55,80.01,21959.9,,,,,80.0,80.01,12339.0
2874.55,96.87,20681.0,,,,,96.87,96.87,12339.6
2875.55,78.43,23980.5,,,,,78.43,78.44,12339.6
2876.55,40.81,21959.9,,,,,40.8,40.81,12339.6
2877.55,95.57,20681.0,,,,,95.57,95.57,12339.7
2878.55,100.0,21976.8,,,,,100.0,100.0,12339.7
2879.55,0.0,21959.9,,,,,0.0,0.0,12339.7
2880.55,100.0,23980.5,,,,,100.0,100.0,12339.7
2881.55,40.81,21959.9,,,,,40.8,40.81,12339.7
2882.55,95.61,20681.0,,,,,95.61,95.6,12339.8
2883.55,100.0,21976.8,,,,,100.0,100.0,12339.8
2884.55,0.0,21959.9,,,,,0.0,0.0,12339.8
2885.55,100.0,23980.5,,,,,100.0,100.0,12339.8
2886.55,40.79,21959.9,,,,,40.78,40.79,12339.8
2887.55,95.65,20681.0,,,,,95.65,95.65,12339.8
2888.55,100.0,21976.8,,,,,100.0,100.0,12339.9
2889.55,0.0,21959.9,,,,,0.0,0.0,12339.9
2890.55,100.0,23980.5,,,,,100.0,100.0,12339.9
2891.55,40.81,21959.9,,,,,40.8,40.81,12339.9
2892.55,95.6,20681.0,,,,,95.6,95.59,12339.9
2893.55,100.0,21976.8,,,,,100.0,100.0,12340.0
2894.55,0.0,22059.9,,,,,0.0,0.0,12340.0
2895.55,100.0,20681.0,,,,,100.0,100.0,12341.4
2896.55,79.94,21959.9,,,,,79.94,79.94,12341.5
2897.55,95.64,20681.0,,,,,95.64,95.64,12341.5
2898.55,78.4,23980.5,,,,,78.4,78.4,12341.5
2899.55,40.84,21959.9,,,,,40.83,40.84,12341.5
2900.55,100.0,20681.0,,,,,100.0,100.0,12341.5
2901.55,79.97,21959.9,,,,,79.96,79.98,12341.6
2902.55,95.61,20681.0,,,,,95.61,95.6,12341.6
2903.55,78.48,23980.5,,,,,78.48,78.49,12341.6
2904.55,40.78,21959.9,,,,,40.78,40.78,12341.6
2905.55,100.0,20681.0,,,,,100.0,100.0,12341.6
2906.56,80.07,21959.9,,,,,80.06,80.08,12341.6
2907.56,95.57,20681.0,,,,,95.57,95.57,12341.7
2908.56,78.39,23980.5,,,,,78.39,78.39,12341.7
2909.56,40.85,21959.9,,,,,40.84,40.85,12341.7
2910.56,100.0,20681.0,,,,,100.0,100.0,12341.7
2911.56,80.01,21976.8,,,,,80.01,80.01,12341.7
2912.56,95.65,20681.0,,,,,95.65,95.65,12341.7
2913.56,78.39,23980.5,,,,,78.39,78.39,12341.8
2914.56,40.82,22059.9,,,,,40.82,40.83,12341.8
2915.56,96.83,20681.0,,,,,96.82,96.83,12344.5
2916.56,100.0,21976.8,,,,,100.0,100.0,12344.5
2917.56,0.0,21959.9,,,,,0.0,0.0,12344.5
2918.56,100.0,20818.0,,,,,100.0,100.0,12344.5
2919.56,40.84,21959.9,,,,,40.84,40.84,12344.6
2920.56,95.55,20681.0,,,,,95.55,95.55,12344.6
2921.56,100.0,21976.8,,,,,100.0,100.0,12344.6
2922.56,0.0,21959.9,,,,,0.0,0.0,12344.6
2923.56,100.0,20681.0,,,,,100.0,100.0,12344.6
2924.56,79.95,21959.9,,,,,79.93,79.96,12344.7
2925.56,95.63,20681.0,,,,,95.63,95.63,12344.7
2926.56,100.0,21976.8,,,,,100.0,100.0,12344.7
2927.56,0.0,21959.9,,,,,0.0,0.0,12344.7
2928.56,100.0,20681.0,,,,,100.0,100.0,12344.7
2929.56,80.08,21959.9,,,,,80.07,80.09,12344.7
2930.56,95.6,20681.0,,,,,95.6,95.6,12344.8
2931.56,100.0,21976.8,,,,,100.0,100.0,12344.8
2932.56,0.0,21959.9,,,,,0.0,0.0,12344.8
2933.56,100.0,20681.0,,,,,100.0,100.0,12344.8
2934.56,80.03,22059.9,,,,,80.02,80.03,12344.9
2935.56,96.9,20681.0,,,,,96.9,96.91,12346.5
2936.56,78.42,23980.5,,,,,78.42,78.43,12346.5
2937.56,40.78,21959.9,,,,,40.77,40.79,12346.5
2938.56,100.0,20681.0,,,,,100.0,100.0,12346.5
2939.56,80.03,21976.8,,,,,80.02,80.03,12346.6
2940.56,95.58,20681.0,,,,,95.58,95.58,12346.6
2941.56,78.39,23980.5,,,,,78.39,78.4,12346.6
2942.56,40.81,21959.9,,,,,40.8,40.81,12346.6
2943.56,100.0,20681.0,,,,,100.0,100.0,12346.6
2944.56,80.0,21976.8,,,,,79.99,80.0,12346.7
2945.56,0.0,21959.9,,,,,0.0,0.0,12346.7
2946.56,100.0,23980.5,,,,,100.0,100.0,12346.7
2947.56,40.85,21959.9,,,,,40.84,40.85,12346.7
2948.56,100.0,20681.0,,,,,100.0,100.0,12346.7
2949.56,79.97,21976.8,,,,,79.96,79.97,12346.8
2950.56,0.0,21959.9,,,,,0.0,0.0,12346.8
2951.56,100.0,23980.5,,,,,100.0,100.0,12346.8
2952.56,40.81,21959.9,,,,,40.81,40.81,12346.8
2953.56,100.0,20681.0,,,,,100.0,100.0,12346.8
2954.56,80.02,21976.8,,,,,80.01,80.03,12346.8
2955.56,0.0,22059.9,,,,,0.0,0.0,12346.9
2956.56,100.0,20681.0,,,,,100.0,100.0,12348.6
2957.56,79.98,21959.9,,,,,79.98,79.99,12348.7
2958.56,95.58,20681.0,,,,,95.58,95.58,12348.7
2959.56,100.0,21976.8,,,,,100.0,100.0,12348.7
2960.56,0.0,21959.9,,,,,0.0,0.0,12348.7
2961.56,100.0,20681.0,,,,,100.0,100.0,12348.7
2962.56,79.98,21959.9,,,,,79.97,79.99,12348.7
2963.56,95.62,20681.0,,,,,95.63,95.62,12348.8
2964.56,78.44,23980.5,,,,,78.43,78.45,12348.8
2965.56,40.82,21959.9,,,,,40.82,40.82,12348.8
2966.57,100.0,20681.0,,,,,100.0,100.0,12348.8
2967.57,80.01,21959.9,,,,,80.0,80.03,12348.8
2968.57,95.61,20681.0,,,,,95.62,95.61,12348.8
2969.57,78.46,23980.5,,,,,78.46,78.46,12348.9
2970.57,40.79,21959.9,,,,,40.78,40.8,12348.9
2971.57,100.0,20681.0,,,,,100.0,100.0,12348.9
2972.57,80.06,21959.9,,,,,80.06,80.07,12348.9
2973.57,95.61,20681.0,,,,,95.61,95.61,12348.9
2974.57,78.39,23980.5,,,,,78.39,78.4,12349.0
2975.57,40.83,22059.9,,,,,40.82,40.83,12349.0
2976.57,100.0,20681.0,,,,,100.0,100.0,12349.7
2977.57,80.01,21976.8,,,,,80.0,80.02,12349.7
2978.57,0.0,21959.9,,,,,0.0,0.0,12349.7
2979.57,100.0,23980.5,,,,,100.0,100.0,12349.8
2980.57,40.81,21959.9,,,,,40.81,40.82,12349.8
2981.57,100.0,20681.0,,,,,100.0,100.0,12349.8
2982.57,80.06,21976.8,,,,,80.06,80.06,12349.8
2983.57,0.0,21959.9,,,,,0.0,0.0,12349.8
2984.57,100.0,23980.5,,,,,100.0,100.0,12349.9
2985.57,40.81,21959.9,,,,,40.8,40.82,12349.9
2986.57,100.0,20681.0,,,,,100.0,100.0,12349.9
2987.57,80.1,21976.8,,,,,80.09,80.11,12349.9
2988.57,0.0,21959.9,,,,,0.0,0.0,12349.9
2989.57,100.0,23980.5,,,,,100.0,100.0,12350.0
2990.57,40.84,21959.9,,,,,40.83,40.84,12350.0
2991.57,95.57,20681.0,,,,,95.57,95.57,12350.0
2992.57,100.0,21976.8,,,,,100.0,100.0,12350.0
2993.57,0.0,21959.9,,,,,0.0,0.0,12350.0
2994.57,100.0,23980.5,,,,,100.0,100.0,12350.0
2995.57,40.81,22059.9,,,,,40.8,40.81,12350.1
2996.57,96.8,20681.0,,,,,96.8,96.8,12352.0
2997.57,78.43,23980.5,,,,,78.43,78.44,12352.0
2998.57,40.81,21959.9,,,,,40.81,40.82,12352.0
2999.57,100.0,20681.0,,,,,100.0,100.0,12352.0
3000.57,80.01,21959.9,,,,,80.01,80.02,12352.0
3001.57,95.61,20681.0,,,,,95.6,95.61,12352.1
3002.57,78.44,23980.5,,,,,78.44,78.44,12352.1
3003.57,40.82,21959.9,,,,,40.81,40.82,12352.1
3004.57,100.0,20681.0,,,,,100.0,100.0,12352.1
3005.57,80.01,21959.9,,,,,80.0,80.01,12352.1
3006.57,95.64,20681.0,,,,,95.64,95.64,12352.1
3007.57,78.44,23980.5,,,,,78.44,78.44,12352.2
3008.57,40.81,21959.9,,,,,40.8,40.81,12352.2
3009.57,100.0,20681.0,,,,,100.0,100.0,12352.2
3010.57,79.98,21959.9,,,,,79.97,79.99,12352.2
3011.57,95.63,20681.0,,,,,95.64,95.63,12352.2
3012.57,78.44,23980.5,,,,,78.44,78.44,12352.3
3013.57,40.78,21959.9,,,,,40.78,40.79,12352.3
3014.57,100.0,20681.0,,,,,100.0,100.0,12352.3
3015.57,80.0,21959.9,,,,,79.99,80.01,12352.3
3016.57,96.89,20681.0,,,,,96.89,96.89,12353.8
3017.57,78.39,23980.5,,,,,78.38,78.39,12353.9
3018.57,40.8,21959.9,,,,,40.79,40.8,12353.9
3019.57,95.64,20681.0,,,,,95.63,95.65,12353.9
3020.57,100.0,21976.8,,,,,100.0,100.0,12353.9
3021.57,0.0,21959.9,,,,,0.0,0.0,12353.9
3022.57,100.0,23980.5,,,,,100.0,100.0,12354.0
3023.57,40.78,21959.9,,,,,40.77,40.79,12354.0
3024.57,95.64,20681.0,,,,,95.64,95.64,12354.0
3025.57,100.0,21976.8,,,,,100.0,100.0,12354.0
3026.57,0.0,21959.9,,,,,0.0,0.0,12354.0
3027.57,100.0,23980.5,,,,,100.0,100.0,12354.1
3028.58,40.81,21959.9,,,,,40.8,40.81,12354.1
3029.58,95.58,20681.0,,,,,95.58,95.58,12354.1
3030.58,100.0,21976.8,,,,,100.0,100.0,12354.1
3031.58,0.0,21959.9,,,,,0.0,0.0,12354.1
3032.58,100.0,23980.5,,,,,100.0,100.0,12354.1
3033.58,40.81,21959.9,,,,,40.81,40.82,12354.1
3034.58,95.61,20681.0,,,,,95.61,95.61,12354.2
3035.58,100.0,21976.8,,,,,100.0,100.0,12354.2
3036.58,0.0,22059.9,,,,,0.0,0.0,12354.2
3037.58,100.0,20681.0,,,,,100.0,100.0,12355.7
3038.58,80.02,21959.9,,,,,80.02,80.02,12355.8
3039.58,95.66,20681.0,,,,,95.66,95.67,12355.8
3040.58,78.36,23980.5,,,,,78.36,78.37,12355.8
3041.58,40.83,21959.9,,,,,40.82,40.83,12355.8
3042.58,100.0,20681.0,,,,,100.0,100.0,12355.8
3043.58,80.01,21951.8,,,,,80.0,80.02,12355.8
3044.58,95.62,20681.0,,,,,95.62,95.61,12355.9
3045.58,78.42,23980.5,,,,,78.42,78.42,12355.9
3046.58,40.78,21959.9,,,,,40.78,40.79,12355.9
3047.58,100.0,20681.0,,,,,100.0,100.0,12355.9
3048.58,80.01,21976.8,,,,,80.0,80.02,12355.9
3049.58,95.53,20681.0,,,,,95.54,95.53,12355.9
3050.58,78.43,23980.5,,,,,78.42,78.43,12356.0
3051.58,40.81,21959.9,,,,,40.81,40.82,12356.0
3052.58,100.0,20681.0,,,,,100.0,100.0,12356.0
3053.58,80.02,21976.8,,,,,80.01,80.02,12356.0
3054.58,0.0,21959.9,,,,,0.0,0.0,12356.0
3055.58,100.0,23980.5,,,,,100.0,100.0,12356.1
3056.58,40.85,22059.9,,,,,40.85,40.86,12356.1
3057.58,96.83,20681.0,,,,,96.82,96.83,12357.5
3058.58,100.0,21976.8,,,,,100.0,100.0,12357.5
3059.58,0.0,21959.9,,,,,0.0,0.0,12357.5
3060.58,100.0,20681.0,,,,,100.0,100.0,12357.5
3061.58,79.99,21959.9,,,,,79.98,80.0,12357.6
3062.58,95.58,20681.0,,,,,95.58,95.58,12357.6
3063.58,100.0,21976.8,,,,,100.0,100.0,12357.6
3064.58,0.0,21959.9,,,,,0.0,0.0,12357.6
3065.58,100.0,20681.0,,,,,100.0,100.0,12357.6
3066.58,80.01,21959.9,,,,,80.01,80.02,12357.7
3067.58,95.58,20681.0,,,,,95.58,95.58,12357.7
3068.58,100.0,21976.8,,,,,100.0,100.0,12357.7
3069.58,0.0,21959.9,,,,,0.0,0.0,12357.7
3070.58,100.0,20681.0,,,,,100.0,100.0,12357.7
3071.58,80.0,21959.9,,,,,79.99,80.01,12357.8
3072.58,95.63,20681.0,,,,,95.63,95.63,12357.8
3073.58,78.4,23980.5,,,,,78.39,78.41,12357.8
3074.58,40.81,21959.9,,,,,40.8,40.82,12357.8
3075.58,100.0,20681.0,,,,,100.0,100.0,12357.8
3076.58,79.99,22059.9,,,,,79.98,80.0,12357.9
3077.58,96.94,20681.0,,,,,96.94,96.94,12358.2
3078.58,78.42,23980.5,,,,,78.41,78.42,12358.2
3079.58,40.81,21959.9,,,,,40.81,40.82,12358.3
3080.58,100.0,20681.0,,,,,100.0,100.0,12358.3
3081.58,79.99,21976.8,,,,,79.98,80.0,12358.3
3082.58,0.0,21959.9,,,,,0.0,0.0,12358.3
3083.58,100.0,23980.5,,,,,100.0,100.0,12358.3
3084.58,40.85,21959.9,,,,,40.84,40.86,12358.3
3085.58,100.0,20681.0,,,,,100.0,100.0,12358.4
3086.58,80.01,21976.8,,,,,80.0,80.02,12358.4
3087.58,0.0,21959.9,,,,,0.0,0.0,12358.4
3088.59,100.0,23980.5,,,,,100.0,100.0,12358.4
3089.59,40.81,21959.9,,,,,40.81,40.81,12358.4
3090.59,100.0,20681.0,,,,,100.0,100.0,12358.5
3091.59,79.97,21976.8,,,,,79.97,79.97,12358.5
3092.59,0.0,21959.9,,,,,0.0,0.0,12358.5
3093.59,100.0,23980.5,,,,,100.0,100.0,12358.5
3094.59,40.81,21959.9,,,,,40.8,40.81,12358.5
3095.59,95.58,20681.0,,,,,95.58,95.57,12358.5
3096.59,100.0,21976.8,,,,,100.0,100.0,12358.6
3097.59,0.0,22059.9,,,,,0.0,0.0,12358.6
3098.59,100.0,20681.0,,,,,100.0,100.0,12360.9
3099.59,80.01,21959.9,,,,,80.01,80.01,12361.0
3100.59,95.61,20681.0,,,,,95.61,95.62,12361.0
3101.59,78.42,23980.5,,,,,78.41,78.42,12361.0
3102.59,40.81,21959.9,,,,,40.81,40.82,12361.0
3103.59,100.0,20681.0,,,,,100.0,100.0,12361.0
3104.59,80.06,21959.9,,,,,80.05,80.07,12361.1
3105.59,95.61,20681.0,,,,,95.61,95.61,12361.1
3106.59,78.43,23980.5,,,,,78.42,78.43,12361.1
3107.59,40.82,21959.9,,,,,40.81,40.82,12361.1
3108.59,100.0,20681.0,,,,,100.0,100.0,12361.1
3109.59,79.95,21959.9,,,,,79.95,79.96,12361.2
3110.59,95.67,20681.0,,,,,95.67,95.68,12361.2
3111.59,78.41,23980.5,,,,,78.41,78.41,12361.2
3112.59,40.8,21959.9,,,,,40.8,40.81,12361.2
3113.59,100.0,20681.0,,,,,100.0,100.0,12361.2
3114.59,80.0,21959.9,,,,,79.99,80.01,12361.2
3115.59,95.58,20681.0,,,,,95.57,95.58,12361.3
3116.59,78.38,23980.5,,,,,78.38,78.39,12361.3
3117.59,40.8,22059.9,,,,,40.8,40.81,12361.3
3118.59,96.97,20681.0,,,,,96.97,96.98,12363.8
3119.59,100.0,21976.8,,,,,100.0,100.0,12363.8
3120.59,0.0,21959.9,,,,,0.0,0.0,12363.8
3121.59,100.0,23980.5,,,,,100.0,100.0,12363.8
3122.59,40.79,21959.9,,,,,40.78,40.79,12363.8
3123.59,95.64,20681.0,,,,,95.64,95.64,12363.8
3124.59,100.0,21976.8,,,,,100.0,100.0,12363.9
3125.59,0.0,21959.9,,,,,0.0,0.0,12363.9
3126.59,100.0,23980.5,,,,,100.0,100.0,12363.9
3127.59,40.84,21959.9,,,,,40.83,40.84,12363.9
3128.59,95.53,20681.0,,,,,95.54,95.53,12363.9
3129.59,100.0,21976.8,,,,,100.0,100.0,12364.0
3130.59,0.0,21959.9,,,,,0.0,0.0,12364.0
3131.59,100.0,20681.0,,,,,100.0,100.0,12364.0
3132.59,80.04,21959.9,,,,,80.03,80.05,12364.0
3133.59,95.53,20681.0,,,,,95.53,95.53,12364.0
3134.59,100.0,21976.8,,,,,100.0,100.0,12364.1
3135.59,0.0,21959.9,,,,,0.0,0.0,12364.1
3136.59,100.0,20681.0,,,,,100.0,100.0,12364.1
3137.59,80.02,22059.9,,,,,80.01,80.03,12364.2
3138.59,96.82,20681.0,,,,,96.82,96.82,12364.8
3139.59,78.37,23980.5,,,,,78.36,78.37,12364.9
3140.59,40.81,21959.9,,,,,40.81,40.82,12364.9
3141.59,100.0,20681.0,,,,,100.0,100.0,12364.9
3142.59,79.97,21976.8,,,,,79.96,79.97,12364.9
3143.59,0.0,21959.9,,,,,0.0,0.0,12364.9
3144.59,100.0,23980.5,,,,,100.0,100.0,12364.9
3145.59,40.84,21959.9,,,,,40.84,40.85,12364.9
3146.59,100.0,20681.0,,,,,100.0,100.0,12365.0
3147.59,80.01,21976.8,,,,,80.0,80.02,12365.0
3148.59,0.0,21959.9,,,,,0.0,0.0,12365.0
3149.59,100.0,23980.5,,,,,100.0,100.0,12365.0
3150.59,40.8,21959.9,,,,,40.79,40.81,12365.0
3151.6,100.0,20681.0,,,,,100.0,100.0,12365.1
3152.6,80.0,21976.8,,,,,79.99,80.02,12365.1
3153.6,0.0,21959.9,,,,,0.0,0.0,12365.1
3154.6,100.0,23980.5,,,,,100.0,100.0,12365.1
3155.6,40.79,21959.9,,,,,40.78,40.79,12365.1
3156.6,100.0,20681.0,,,,,100.0,100.0,12365.1
3157.6,79.97,21976.8,,,,,79.96,79.97,12365.2
3158.6,0.0,22059.9,,,,,0.0,0.0,12365.2
3159.6,100.0,20681.0,,,,,100.0,100.0,12366.3
3160.6,79.97,21959.9,,,,,79.96,79.98,12366.4
3161.6,95.61,20681.0,,,,,95.61,95.61,12366.4
3162.6,78.43,23980.5,,,,,78.43,78.43,12366.4
3163.6,40.79,21959.9,,,,,40.78,40.79,12366.4
3164.6,100.0,20681.0,,,,,100.0,100.0,12366.4
3165.6,80.0,21959.9,,,,,79.99,80.01,12366.5
3166.6,95.53,20681.0,,,,,95.53,95.53,12366.5
3167.6,78.44,23980.5,,,,,78.43,78.44,12366.5
3168.6,40.83,21959.9,,,,,40.83,40.84,12366.5
3169.6,100.0,20681.0,,,,,100.0,100.0,12366.5
3170.6,80.06,21959.9,,,,,80.06,80.07,12366.5
3171.6,95.59,20681.0,,,,,95.59,95.59,12366.5
3172.6,78.42,23980.5,,,,,78.42,78.43,12366.6
3173.6,40.78,21959.9,,,,,40.78,40.79,12366.6
3174.6,100.0,20681.0,,,,,100.0,100.0,12366.6
3175.6,80.01,21959.9,,,,,80.0,80.01,12366.6
3176.6,95.53,20681.0,,,,,95.53,95.53,12366.6
3177.6,78.49,23980.5,,,,,78.49,78.5,12366.7
3178.6,40.8,22059.9,,,,,40.8,40.81,12366.7
3179.6,96.91,20681.0,,,,,96.9,96.91,12367.3
3180.6,100.0,21976.8,,,,,100.0,100.0,12367.3
3181.6,0.0,21959.9,,,,,0.0,0.0,12367.3
3182.6,100.0,23980.5,,,,,100.0,100.0,12367.4
3183.6,40.83,21959.9,,,,,40.82,40.83,12367.4
3184.6,95.59,20681.0,,,,,95.59,95.59,12367.4
3185.6,100.0,21976.8,,,,,100.0,100.0,12367.4
3186.6,0.0,21959.9,,,,,0.0,0.0,12367.4
3187.6,100.0,23980.5,,,,,100.0,100.0,12367.4
3188.6,40.79,21959.9,,,,,40.78,40.79,12367.5
3189.6,95.59,20681.0,,,,,95.59,95.6,12367.5
3190.6,100.0,21976.8,,,,,100.0,100.0,12367.5
3191.6,0.0,21959.9,,,,,0.0,0.0,12367.5
3192.6,100.0,20681.0,,,,,100.0,100.0,12367.5
3193.6,80.07,21959.9,,,,,80.07,80.08,12367.5
3194.6,95.54,20681.0,,,,,95.55,95.54,12367.6
3195.6,100.0,21976.8,,,,,100.0,100.0,12367.6
3196.6,0.0,21959.9,,,,,0.0,0.0,12367.6
3197.6,100.0,20681.0,,,,,100.0,100.0,12367.6
3198.6,80.02,22059.9,,,,,80.01,80.02,12367.7
3199.6,96.93,20681.0,,,,,96.92,96.93,12369.9
3200.6,78.43,23980.5,,,,,78.43,78.44,12370.0
3201.6,40.81,21959.9,,,,,40.81,40.82,12370.0
3202.6,100.0,20681.0,,,,,100.0,100.0,12370.0
3203.6,80.0,21976.8,,,,,79.99,80.0,12370.0
3204.6,95.58,20681.0,,,,,95.58,95.58,12370.0
3205.6,78.43,23980.5,,,,,78.42,78.43,12370.0
3206.6,40.79,21959.9,,,,,40.79,40.8,12370.1
3207.6,100.0,20681.0,,,,,100.0,100.0,12370.1
3208.6,80.03,21976.8,,,,,80.02,80.04,12370.1
3209.6,0.0,21959.9,,,,,0.0,0.0,12370.1
3210.6,100.0,23980.5,,,,,100.0,100.0,12370.1
3211.6,40.79,21959.9,,,,,40.79,40.8,12370.1
3212.6,100.0,20681.0,,,,,100.0,100.0,12370.2
3213.6,80.02,21976.8,,,,,80.01,80.03,12370.2
3214.61,0.0,21959.9,,,,,0.0,0.0,12370.2
3215.61,100.0,23980.5,,,,,100.0,100.0,12370.2
3216.61,40.82,21959.9,,,,,40.82,40.83,12370.2
3217.61,100.0,20681.0,,,,,100.0,100.0,12370.2
3218.61,80.02,21976.8,,,,,80.01,80.02,12370.3
3219.61,0.0,22059.9,,,,,0.0,0.0,12370.3
3220.61,100.0,20681.0,,,,,100.0,100.0,12372.8
3221.61,80.02,21959.9,,,,,80.02,80.03,12372.8
3222.61,95.63,20681.0,,,,,95.62,95.64,12372.8
3223.61,78.43,23980.5,,,,,78.43,78.42,12372.9
3224.61,40.79,21959.9,,,,,40.78,40.79,12372.9
3225.61,100.0,20681.0,,,,,100.0,100.0,12372.9
3226.61,80.04,21959.9,,,,,80.03,80.04,12372.9
3227.61,95.58,20681.0,,,,,95.59,95.58,12372.9
3228.61,78.45,23980.5,,,,,78.45,78.46,12373.0
3229.61,40.81,21959.9,,,,,40.8,40.81,12373.0
3230.61,100.0,20681.0,,,,,100.0,100.0,12373.0
3231.61,80.04,21959.9,,,,,80.03,80.06,12373.0
3232.61,95.55,20681.0,,,,,95.55,95.55,12373.0
3233.61,78.47,23980.5,,,,,78.47,78.48,12373.0
3234.61,40.82,21959.9,,,,,40.81,40.82,12373.1
3235.61,100.0,20681.0,,,,,100.0,100.0,12373.1
3236.61,80.06,21959.9,,,,,80.05,80.07,12373.1
3237.61,95.62,20681.0,,,,,95.63,95.62,12373.1
3238.61,78.34,23980.5,,,,,78.34,78.34,12373.1
3239.61,40.82,22059.9,,,,,40.81,40.82,12373.2
3240.61,100.0,20681.0,,,,,100.0,100.0,12375.6
3241.61,79.99,21976.8,,,,,79.97,80.0,12375.6
3242.61,0.0,21959.9,,,,,0.0,0.0,12375.6
3243.61,100.0,23980.5,,,,,100.0,100.0,12375.6
3244.61,40.94,21959.9,,,,,40.93,40.95,12375.6
3245.61,95.66,20681.0,,,,,95.66,95.66,12375.6
3246.61,100.0,21976.8,,,,,100.0,100.0,12375.7
3247.61,0.0,21959.9,,,,,0.0,0.0,12375.7
3248.61,100.0,23980.5,,,,,100.0,100.0,12375.7
3249.61,40.81,21959.9,,,,,40.81,40.81,12375.7
3250.61,95.63,20681.0,,,,,95.62,95.63,12375.7
3251.61,100.0,21976.8,,,,,100.0,100.0,12375.8
3252.61,0.0,21959.9,,,,,0.0,0.0,12375.8
3253.61,100.0,23980.5,,,,,100.0,100.0,12375.8
3254.61,40.79,21959.9,,,,,40.78,40.79,12375.8
3255.61,95.58,20681.0,,,,,95.58,95.58,12375.8
3256.61,100.0,21976.8,,,,,100.0,100.0,12375.8
3257.61,0.0,21959.9,,,,,0.0,0.0,12375.8
3258.61,100.0,23104.2,,,,,100.0,100.0,12375.9
3259.61,40.81,22059.9,,,,,40.8,40.81,12375.9
3260.61,96.93,20681.0,,,,,96.93,96.93,12377.2
3261.61,78.38,23980.5,,,,,78.38,78.39,12377.2
3262.61,40.81,21959.9,,,,,40.81,40.81,12377.3
3263.61,100.0,20681.0,,,,,100.0,100.0,12377.3
3264.61,80.05,21959.9,,,,,80.05,80.05,12377.3
3265.61,95.62,20681.0,,,,,95.61,95.63,12377.3
3266.61,78.38,23980.5,,,,,78.37,78.39,12377.3
3267.61,40.81,21959.9,,,,,40.8,40.81,12377.4
3268.61,100.0,20681.0,,,,,100.0,100.0,12377.4
3269.61,80.02,21943.8,,,,,80.02,80.02,12377.4
3270.61,95.52,20681.0,,,,,95.52,95.52,12377.4
3271.61,78.48,23980.5,,,,,78.48,78.48,12377.4
3272.61,40.82,21959.9,,,,,40.81,40.82,12377.4
3273.61,100.0,20681.0,,,,,100.0,100.0,12377.5
3274.61,79.96,21976.8,,,,,79.95,79.96,12377.5
3275.61,0.0,21959.9,,,,,0.0,0.0,12377.5
3276.62,100.0,23980.5,,,,,100.0,100.0,12377.5
3277.62,40.78,21959.9,,,,,40.78,40.79,12377.5
3278.62,100.0,20681.0,,,,,100.0,100.0,12377.5
3279.62,80.08,21976.8,,,,,80.07,80.09,12377.6
3280.62,0.0,22059.9,,,,,0.0,0.0,12377.6
3281.62,100.0,20681.0,,,,,100.0,100.0,12378.4
3282.62,79.99,21959.9,,,,,79.98,80.0,12378.4
3283.62,95.65,20681.0,,,,,95.65,95.64,12378.4
3284.62,100.0,21976.8,,,,,100.0,100.0,12378.4
3285.62,0.0,21959.9,,,,,0.0,0.0,12378.4
3286.62,100.0,20681.0,,,,,100.0,100.0,12378.5
3287.62,80.0,21959.9,,,,,79.99,80.0,12378.5
3288.62,95.58,20681.0,,,,,95.58,95.58,12378.5
3289.62,100.0,21976.8,,,,,100.0,100.0,12378.5
3290.62,0.0,21959.9,,,,,0.0,0.0,12378.5
3291.62,100.0,20681.0,,,,,100.0,100.0,12378.5
3292.62,79.99,21959.9,,,,,79.98,80.0,12378.6
3293.62,95.62,20681.0,,,,,95.62,95.61,12378.6
3294.62,78.43,23980.5,,,,,78.42,78.43,12378.6
3295.62,40.8,21959.9,,,,,40.8,40.81,12378.6
3296.62,100.0,20681.0,,,,,100.0,100.0,12378.6
3297.62,79.98,21959.9,,,,,79.97,79.99,12378.7
3298.62,95.62,20681.0,,,,,95.62,95.62,12378.7
3299.62,78.38,23980.5,,,,,78.38,78.39,12378.7
3300.62,40.81,22059.9,,,,,40.8,40.81,12378.8
3301.62,100.0,20681.0,,,,,100.0,100.0,12379.7
3302.62,79.97,21976.8,,,,,79.96,79.98,12379.8
3303.62,0.0,21959.9,,,,,0.0,0.0,12379.8
3304.62,100.0,23980.5,,,,,100.0,100.0,12379.8
3305.62,40.81,21959.9,,,,,40.8,40.81,12379.8
3306.62,95.58,20681.0,,,,,95.58,95.58,12379.8
3307.62,100.0,21976.8,,,,,100.0,100.0,12379.9
3308.62,0.0,21959.9,,,,,0.0,0.0,12379.9
3309.62,100.0,23980.5,,,,,100.0,100.0,12379.9
3310.62,40.82,21959.9,,,,,40.81,40.82,12379.9
3311.62,95.57,20681.0,,,,,95.56,95.58,12379.9
3312.62,100.0,21976.8,,,,,100.0,100.0,12380.0
3313.62,0.0,21959.9,,,,,0.0,0.0,12380.0
3314.62,100.0,23980.5,,,,,100.0,100.0,12380.0
3315.62,40.81,21959.9,,,,,40.81,40.81,12380.0
3316.62,95.65,20681.0,,,,,95.65,95.65,12380.0
3317.62,100.0,21976.8,,,,,100.0,100.0,12380.0
3318.62,0.0,21959.9,,,,,0.0,0.0,12380.0
3319.62,100.0,23980.5,,,,,100.0,100.0,12380.1
3320.62,40.8,22059.9,,,,,40.79,40.8,12380.1
3321.62,96.86,20681.0,,,,,96.85,96.86,12380.9
3322.62,78.47,23980.5,,,,,78.47,78.47,12381.0
3323.62,40.8,21959.9,,,,,40.79,40.8,12381.0
3324.62,100.0,20681.0,,,,,100.0,100.0,12381.0
3325.62,80.02,21959.9,,,,,80.01,80.03,12381.0
3326.62,95.68,20681.0,,,,,95.68,95.68,12381.0
3327.62,78.39,23980.5,,,,,78.38,78.39,12381.0
3328.62,40.8,21959.9,,,,,40.8,40.81,12381.1
3329.62,100.0,20681.0,,,,,100.0,100.0,12381.1
3330.62,80.01,21951.8,,,,,80.0,80.02,12381.1
3331.62,95.52,20681.0,,,,,95.53,95.52,12381.1
3332.62,78.45,23980.5,,,,,78.44,78.45,12381.1
3333.62,40.82,21959.9,,,,,40.82,40.83,12381.1
3334.62,100.0,20681.0,,,,,100.0,100.0,12381.2
3335.62,80.06,21976.8,,,,,80.05,80.07,12381.2
3336.62,0.0,21959.9,,,,,0.0,0.0,12381.2
3337.62,100.0,23980.5,,,,,100.0,100.0,12381.2
3338.63,40.82,21959.9,,,,,40.81,40.82,12381.2
3339.63,100.0,20681.0,,,,,100.0,100.0,12381.2
3340.63,80.01,21976.8,,,,,80.0,80.01,12381.3
3341.63,0.0,22059.9,,,,,0.0,0.0,12381.3
3342.63,100.0,20681.0,,,,,100.0,100.0,12382.4
3343.63,80.01,21959.9,,,,,80.0,80.01,12382.4
3344.63,95.61,20681.0,,,,,95.61,95.61,12382.4
3345.63,100.0,21976.8,,,,,100.0,100.0,12382.5
3346.63,0.0,21959.9,,,,,0.0,0.0,12382.5
3347.63,100.0,20681.0,,,,,100.0,100.0,12382.5
3348.63,80.06,21959.9,,,,,80.06,80.07,12382.5
3349.63,95.63,20681.0,,,,,95.63,95.63,12382.5
3350.63,100.0,21976.8,,,,,100.0,100.0,12382.6
3351.63,0.0,21959.9,,,,,0.0,0.0,12382.6
3352.63,100.0,20681.0,,,,,100.0,100.0,12382.6
3353.63,79.99,21959.9,,,,,79.98,80.0,12382.6
3354.63,95.63,20681.0,,,,,95.63,95.63,12382.6
3355.63,78.38,23980.5,,,,,78.38,78.39,12382.6
3356.63,40.81,21959.9,,,,,40.81,40.82,12382.7
3357.63,100.0,20681.0,,,,,100.0,100.0,12382.7
3358.63,80.01,21959.9,,,,,80.01,80.01,12382.7
3359.63,95.6,20681.0,,,,,95.6,95.6,12382.7
3360.63,78.42,23980.5,,,,,78.42,78.43,12382.7
3361.63,40.81,22059.9,,,,,40.81,40.82,12382.8
3362.63,100.0,20681.0,,,,,100.0,100.0,12384.1
3363.63,79.99,21976.8,,,,,79.98,80.0,12384.1
3364.63,0.0,21959.9,,,,,0.0,0.0,12384.1
3365.63,100.0,23980.5,,,,,100.0,100.0,12384.2
3366.63,40.82,21959.9,,,,,40.82,40.83,12384.2
3367.63,100.0,20681.0,,,,,100.0,100.0,12384.2
3368.63,79.97,21976.8,,,,,79.96,79.99,12384.2
3369.63,0.0,21959.9,,,,,0.0,0.0,12384.2
3370.63,100.0,23980.5,,,,,100.0,100.0,12384.2
3371.63,40.81,21959.9,,,,,40.81,40.81,12384.3
3372.63,95.57,20681.0,,,,,95.57,95.57,12384.3
3373.63,100.0,21976.8,,,,,100.0,100.0,12384.3
3374.63,0.0,21959.9,,,,,0.0,0.0,12384.3
3375.63,100.0,23980.5,,,,,100.0,100.0,12384.3
3376.63,40.85,21959.9,,,,,40.84,40.86,12384.3
3377.63,95.56,20681.0,,,,,95.56,95.56,12384.4
3378.63,100.0,21976.8,,,,,100.0,100.0,12384.4
3379.63,0.0,21959.9,,,,,0.0,0.0,12384.4
3380.63,100.0,23980.5,,,,,100.0,100.0,12384.4
3381.63,40.88,22059.9,,,,,40.87,40.89,12384.5
3382.63,96.78,20681.0,,,,,96.78,96.78,12386.1
3383.63,78.42,23980.5,,,,,78.41,78.43,12386.1
3384.63,40.85,21959.9,,,,,40.84,40.85,12386.1
3385.63,100.0,20681.0,,,,,100.0,100.0,12386.1
3386.63,79.97,21959.9,,,,,79.96,79.97,12386.1
3387.63,95.59,20681.0,,,,,95.59,95.6,12386.2
3388.63,78.42,23980.5,,,,,78.41,78.42,12386.2
3389.63,40.84,21959.9,,,,,40.84,40.85,12386.2
3390.63,100.0,20681.0,,,,,100.0,100.0,12386.2
3391.63,80.0,21960.3,,,,,79.99,80.01,12386.2
3392.63,95.6,20681.0,,,,,95.6,95.6,12386.2
3393.63,78.5,23980.5,,,,,78.5,78.5,12386.3
3394.63,40.8,21959.9,,,,,40.8,40.81,12386.3
3395.63,100.0,20681.0,,,,,100.0,100.0,12386.3
3396.63,80.02,21976.8,,,,,80.01,80.03,12386.3
3397.63,0.0,21959.9,,,,,0.0,0.0,12386.3
3398.63,100.0,23980.5,,,,,100.0,100.0,12386.4
3399.63,40.83,21959.9,,,,,40.82,40.84,12386.4
3400.63,100.0,20681.0,,,,,100.0,100.0,12386.4
3401.64,80.06,21976.8,,,,,80.05,80.06,12386.4
3402.64,0.0,22059.9,,,,,0.0,0.0,12386.5
3403.64,100.0,20681.0,,,,,100.0,100.0,12387.5
3404.64,80.06,21959.9,,,,,80.05,80.07,12387.5
3405.64,95.58,20681.0,,,,,95.59,95.57,12387.5
3406.64,100.0,21976.8,,,,,100.0,100.0,12387.5
3407.64,0.0,21959.9,,,,,0.0,0.0,12387.5
3408.64,100.0,20681.0,,,,,100.0,100.0,12387.5
3409.64,95.6,20681.0,,,,,95.6,95.6,12387.6
3410.64,78.41,23980.5,,,,,78.41,78.42,12387.6
3411.64,78.41,23980.5,,,,,78.41,78.42,12387.6
3412.64,100.0,20681.0,,,,,100.0,100.0,12387.6
3413.64,80.0,21959.9,,,,,79.99,80.01,12387.7
3414.64,95.53,20681.0,,,,,95.53,95.53,12387.7
3415.64,78.43,23980.5,,,,,78.42,78.43,12387.7
3416.64,40.84,21959.9,,,,,40.83,40.84,12387.7
3417.64,100.0,20681.0,,,,,100.0,100.0,12387.7
3418.64,100.0,20681.0,,,,,100.0,100.0,12387.7
3419.64,95.67,20681.0,,,,,95.67,95.67,12387.8
3420.64,78.4,23980.5,,,,,78.4,78.4,12387.8
3421.64,40.82,22059.9,,,,,40.81,40.82,12387.8
3422.64,100.0,20681.0,,,,,100.0,100.0,12389.0
3423.64,80.05,21976.8,,,,,80.04,80.05,12389.1
3424.64,0.0,21959.9,,,,,0.0,0.0,12389.1
3425.64,100.0,23980.5,,,,,100.0,100.0,12389.1
3426.64,40.8,21959.9,,,,,40.8,40.81,12389.1
3427.64,100.0,20681.0,,,,,100.0,100.0,12389.1
3428.64,79.97,21976.8,,,,,79.97,79.98,12389.2
3429.64,0.0,21959.9,,,,,0.0,0.0,12389.2
3430.64,100.0,23980.5,,,,,100.0,100.0,12389.2
3431.64,40.84,21959.9,,,,,40.83,40.85,12389.2
3432.64,95.6,20681.0,,,,,95.6,95.61,12389.2
3433.64,100.0,21976.8,,,,,100.0,100.0,12389.2
3434.64,0.0,21959.9,,,,,0.0,0.0,12389.2
3435.64,100.0,23980.5,,,,,100.0,100.0,12389.3
3436.64,40.78,21959.9,,,,,40.78,40.78,12389.3
3437.64,95.59,20681.0,,,,,95.6,95.59,12389.3
3438.64,100.0,21976.8,,,,,100.0,100.0,12389.3
3439.64,0.0,21959.9,,,,,0.0,0.0,12389.3
3440.64,100.0,23980.5,,,,,100.0,100.0,12389.4
3441.64,40.82,22059.9,,,,,40.82,40.83,12389.4
3442.64,96.86,20681.0,,,,,96.85,96.86,12389.7
3443.64,78.48,23980.5,,,,,78.48,78.49,12389.7
3444.64,40.81,21959.9,,,,,40.81,40.82,12389.7
3445.64,100.0,20681.0,,,,,100.0,100.0,12389.7
3446.64,80.0,21959.9,,,,,80.0,80.01,12389.8
3447.64,95.59,20681.0,,,,,95.59,95.59,12389.8
3448.64,78.39,23980.5,,,,,78.39,78.4,12389.8
3449.64,40.83,21959.9,,,,,40.83,40.83,12389.8
3450.64,100.0,20681.0,,,,,100.0,100.0,12389.8
3451.64,80.05,21959.9,,,,,80.05,80.06,12389.9
3452.64,95.58,20681.0,,,,,95.58,95.58,12389.9
3453.64,78.43,23980.5,,,,,78.42,78.43,12389.9
3454.64,40.81,21959.9,,,,,40.8,40.82,12389.9
3455.64,100.0,20681.0,,,,,100.0,100.0,12389.9
3456.64,79.98,21943.8,,,,,79.97,79.98,12389.9
3457.65,95.58,20681.0,,,,,95.58,95.59,12390.0
3458.65,78.42,23980.5,,,,,78.41,78.42,12390.0
3459.65,40.85,21959.9,,,,,40.84,40.85,12390.0
3460.65,100.0,20681.0,,,,,100.0,100.0,12390.0
3461.65,80.06,21976.8,,,,,80.05,80.07,12390.0
3462.65,0.0,22059.9,,,,,0.0,0.0,12390.1
3463.65,100.0,20681.0,,,,,100.0,100.0,12391.2
3464.65,79.98,21959.9,,,,,79.98,79.99,12391.2
3465.65,95.66,20681.0,,,,,95.66,95.66,12391.3
3466.65,100.0,21976.8,,,,,100.0,100.0,12391.3
3467.65,0.0,21959.9,,,,,0.0,0.0,12391.3
3468.65,100.0,20681.0,,,,,100.0,100.0,12391.3
3469.65,80.03,21959.9,,,,,80.02,80.03,12391.3
3470.65,95.57,20681.0,,,,,95.58,95.57,12391.3
3471.65,100.0,21976.8,,,,,100.0,100.0,12391.4
3472.65,0.0,21959.9,,,,,0.0,0.0,12391.4
3473.65,100.0,20681.0,,,,,100.0,100.0,12391.4
3474.65,80.01,21959.9,,,,,80.0,80.02,12391.4
3475.65,95.56,20681.0,,,,,95.56,95.56,12391.4
3476.65,78.39,23980.5,,,,,78.38,78.39,12391.5
3477.65,40.82,21959.9,,,,,40.82,40.83,12391.5
3478.65,100.0,20681.0,,,,,100.0,100.0,12391.5
3479.65,79.99,21959.9,,,,,79.98,80.0,12391.5
3480.65,95.61,20681.0,,,,,95.6,95.61,12391.5
3481.65,78.42,23980.5,,,,,78.41,78.42,12391.6
3482.65,40.79,22059.9,,,,,40.79,40.8,12391.6
3483.65,100.0,20681.0,,,,,100.0,100.0,12392.3
3484.65,80.04,21976.8,,,,,80.03,80.05,12392.3
3485.65,0.0,21959.9,,,,,0.0,0.0,12392.3
3486.65,100.0,23980.5,,,,,100.0,100.0,12392.4
3487.65,40.81,21959.9,,,,,40.81,40.81,12392.4
3488.65,100.0,20681.0,,,,,100.0,100.0,12392.4
3489.65,80.02,21976.8,,,,,80.01,80.02,12392.4
3490.65,0.0,21959.9,,,,,0.0,0.0,12392.4
3491.65,100.0,23980.5,,,,,100.0,100.0,12392.4
3492.65,40.78,21959.9,,,,,40.78,40.78,12392.4
3493.65,100.0,20681.0,,,,,100.0,100.0,12392.5
3494.65,80.03,21976.8,,,,,80.02,80.03,12392.5
3495.65,0.0,21959.9,,,,,0.0,0.0,12392.5
3496.65,100.0,23980.5,,,,,100.0,100.0,12392.5
3497.65,40.78,21959.9,,,,,40.78,40.79,12392.5
3498.65,95.62,20681.0,,,,,95.62,95.62,12392.5
3499.65,100.0,21976.8,,,,,100.0,100.0,12392.6
3500.65,0.0,21959.9,,,,,0.0,0.0,12392.6
3501.65,100.0,23980.5,,,,,100.0,100.0,12392.6
3502.65,40.79,22059.9,,,,,40.78,40.79,12392.7
3503.65,96.87,20681.0,,,,,96.87,96.87,12393.1
3504.65,78.46,23980.5,,,,,78.45,78.46,12393.2
3505.65,40.79,21959.9,,,,,40.79,40.8,12393.2
3506.65,100.0,20681.0,,,,,100.0,100.0,12393.2
3507.65,80.07,21959.9,,,,,80.07,80.07,12393.2
3508.65,95.61,20681.0,,,,,95.61,95.61,12393.2
3509.65,78.38,23980.5,,,,,78.37,78.39,12393.3
3510.65,40.79,21959.9,,,,,40.78,40.8,12393.3
3511.65,100.0,20681.0,,,,,100.0,100.0,12393.3
3512.65,80.0,21959.9,,,,,79.99,80.01,12393.3
3513.65,95.62,20681.0,,,,,95.62,95.62,12393.3
3514.65,78.45,23980.5,,,,,78.45,78.45,12393.4
3515.65,40.79,21959.9,,,,,40.79,40.8,12393.4
3516.65,100.0,20681.0,,,,,100.0,100.0,12393.4
3517.65,79.95,21959.9,,,,,79.95,79.95,12393.4
3518.65,95.61,20681.0,,,,,95.61,95.61,12393.4
3519.65,78.42,23980.5,,,,,78.42,78.43,12393.4
3520.65,40.8,21959.9,,,,,40.8,40.8,12393.5
3521.66,100.0,20681.0,,,,,100.0,100.0,12393.5
3522.66,80.02,21951.8,,,,,80.01,80.03,12393.5
3523.66,96.87,20681.0,,,,,96.87,96.87,12394.2
3524.66,78.42,23980.5,,,,,78.43,78.41,12394.3
3525.66,40.8,21959.9,,,,,40.79,40.81,12394.3
3526.66,95.52,20681.0,,,,,95.52,95.51,12394.3
3527.66,100.0,21976.8,,,,,100.0,100.0,12394.3
3528.66,0.0,21959.9,,,,,0.0,0.0,12394.3
3529.66,100.0,20681.0,,,,,100.0,100.0,12394.4
3530.66,40.81,21959.9,,,,,40.8,40.82,12394.4
3531.66,95.58,20681.0,,,,,95.58,95.58,12394.4
3532.66,100.0,21976.8,,,,,100.0,100.0,12394.4
3533.66,0.0,21959.9,,,,,0.0,0.0,12394.4
3534.66,100.0,20681.0,,,,,100.0,100.0,12394.4
3535.66,80.03,21959.9,,,,,80.02,80.04,12394.5
3536.66,95.59,20681.0,,,,,95.59,95.59,12394.5
3537.66,78.43,23980.5,,,,,78.43,78.43,12394.5
3538.66,40.79,21959.9,,,,,40.79,40.8,12394.5
3539.66,100.0,20681.0,,,,,100.0,100.0,12394.5
3540.66,80.0,21959.9,,,,,80.0,80.01,12394.6
3541.66,95.59,20681.0,,,,,95.59,95.59,12394.6
3542.66,78.44,23980.5,,,,,78.43,78.44,12394.6
3543.66,40.8,22059.9,,,,,40.8,40.81,12394.7
3544.66,100.0,20681.0,,,,,100.0,100.0,12395.4
3545.66,80.07,21976.8,,,,,80.07,80.08,12395.5
3546.66,0.0,21959.9,,,,,0.0,0.0,12395.5
3547.66,100.0,23980.5,,,,,100.0,100.0,12395.5
3548.66,40.81,21959.9,,,,,40.8,40.81,12395.5
3549.66,95.62,20681.0,,,,,95.62,95.62,12395.5
3550.66,100.0,21976.8,,,,,100.0,100.0,12395.6
3551.66,0.0,21959.9,,,,,0.0,0.0,12395.6
3552.66,100.0,23980.5,,,,,100.0,100.0,12395.6
3553.66,40.8,21959.9,,,,,40.79,40.8,12395.6
3554.66,95.57,20681.0,,,,,95.58,95.56,12395.6
3555.66,100.0,21976.8,,,,,100.0,100.0,12395.6
3556.66,0.0,21959.9,,,,,0.0,0.0,12395.7
3557.66,100.0,20681.0,,,,,100.0,100.0,12395.7
3558.66,80.01,21959.9,,,,,80.0,80.02,12395.7
3559.66,95.56,20681.0,,,,,95.56,95.56,12395.7
3560.66,100.0,21976.8,,,,,100.0,100.0,12395.7
3561.66,0.0,21959.9,,,,,0.0,0.0,12395.8
3562.66,100.0,20681.0,,,,,100.0,100.0,12395.8
3563.66,80.02,22059.9,,,,,80.01,80.03,12395.8
3564.66,96.88,20681.0,,,,,96.88,96.89,12396.8
3565.66,78.48,23980.5,,,,,78.48,78.49,12396.9
3566.66,40.77,21959.9,,,,,40.77,40.78,12396.9
3567.66,100.0,20681.0,,,,,100.0,100.0,12396.9
3568.66,80.01,21976.8,,,,,80.0,80.02,12396.9
3569.66,0.0,21959.9,,,,,0.0,0.0,12396.9
3570.66,100.0,23980.5,,,,,100.0,100.0,12397.0
3571.66,40.84,21959.9,,,,,40.83,40.84,12397.0
3572.66,95.6,20681.0,,,,,95.6,95.6,12397.0
3573.66,100.0,21976.8,,,,,100.0,100.0,12397.0
3574.66,0.0,21959.9,,,,,0.0,0.0,12397.0
3575.66,100.0,23980.5,,,,,100.0,100.0,12397.1
3576.66,40.81,21959.9,,,,,40.81,40.82,12397.1
3577.66,95.64,20681.0,,,,,95.65,95.64,12397.1
3578.66,100.0,21976.8,,,,,100.0,100.0,12397.1
3579.67,0.0,21959.9,,,,,0.0,0.0,12397.1
3580.67,100.0,20681.0,,,,,100.0,100.0,12397.1
3581.67,80.07,21959.9,,,,,80.07,80.08,12397.2
3582.67,95.55,20681.0,,,,,95.56,95.55,12397.2
3583.67,100.0,21976.8,,,,,100.0,100.0,12397.2
3584.67,0.0,22059.9,,,,,0.0,0.0,12397.2
3585.67,100.0,20681.0,,,,,100.0,100.0,12397.7
3586.67,79.96,21976.8,,,,,79.95,79.97,12397.7
3587.67,0.0,21959.9,,,,,0.0,0.0,12397.7
3588.67,100.0,23980.5,,,,,100.0,100.0,12397.8
3589.67,40.78,21959.9,,,,,40.78,40.79,12397.8
3590.67,100.0,20681.0,,,,,100.0,100.0,12397.8
3591.67,80.07,21976.8,,,,,80.06,80.07,12397.8
3592.67,0.0,21959.9,,,,,0.0,0.0,12397.8
3593.67,100.0,23980.5,,,,,100.0,100.0,12397.9
3594.67,40.79,21959.9,,,,,40.78,40.79,12397.9
3595.67,95.58,20681.0,,,,,95.58,95.58,12397.9
3596.67,100.0,21976.8,,,,,100.0,100.0,12397.9
3597.67,0.0,21959.9,,,,,0.0,0.0,12397.9
3598.67,100.0,23980.5,,,,,100.0,100.0,12397.9
3599.67,40.83,21959.9,,,,,40.82,40.84,12397.9
3600.67,95.54,20681.0,,,,,95.54,95.54,12398.0
3601.67,100.0,21976.8,,,,,100.0,100.0,12398.0
3602.67,0.0,21959.9,,,,,0.0,0.0,12398.0
3603.67,100.0,20681.0,,,,,100.0,100.0,12398.0
3604.67,80.02,22059.9,,,,,80.01,80.02,12398.1
3605.67,96.88,20681.0,,,,,96.87,96.88,12399.6
3606.67,78.37,23980.5,,,,,78.37,78.38,12399.6
3607.67,40.84,21959.9,,,,,40.83,40.84,12399.6
3608.67,100.0,20681.0,,,,,100.0,100.0,12399.6
3609.67,80.03,21976.8,,,,,80.01,80.05,12399.7
3610.67,0.0,21959.9,,,,,0.0,0.0,12399.7
3611.67,100.0,23980.5,,,,,100.0,100.0,12399.7
3612.67,40.8,21959.9,,,,,40.8,40.81,12399.7
3613.67,100.0,20681.0,,,,,100.0,100.0,12399.7
3614.67,79.96,21976.8,,,,,79.96,79.97,12399.8
3615.67,0.0,21959.9,,,,,0.0,0.0,12399.8
3616.67,100.0,23980.5,,,,,100.0,100.0,12399.8
3617.67,40.8,21959.9,,,,,40.8,40.81,12399.8
3618.67,100.0,20681.0,,,,,100.0,100.0,12399.8
3619.67,80.01,21976.8,,,,,80.0,80.02,12399.8
3620.67,0.0,21959.9,,,,,0.0,0.0,12399.9
3621.67,100.0,23980.5,,,,,100.0,100.0,12399.9
3622.67,40.79,21959.9,,,,,40.79,40.8,12399.9
3623.67,95.58,20681.0,,,,,95.59,95.57,12399.9
3624.67,100.0,21976.8,,,,,100.0,100.0,12399.9
3625.67,0.0,22059.9,,,,,0.0,0.0,12400.0
3626.67,100.0,20681.0,,,,,100.0,100.0,12401.4
3627.67,79.99,21959.9,,,,,79.99,80.0,12401.4
3628.67,95.65,20681.0,,,,,95.65,95.64,12401.4
3629.67,78.39,23980.5,,,,,78.39,78.4,12401.5
3630.67,40.83,21959.9,,,,,40.83,40.84,12401.5
3631.67,100.0,20681.0,,,,,100.0,100.0,12401.5
3632.67,80.04,21976.8,,,,,80.03,80.04,12401.5
3633.67,0.0,21959.9,,,,,0.0,0.0,12401.5
3634.67,100.0,23980.5,,,,,100.0,100.0,12401.5
3635.67,40.82,21959.9,,,,,40.81,40.83,12401.6
3636.67,100.0,20681.0,,,,,100.0,100.0,12401.6
3637.67,79.98,21976.8,,,,,79.98,79.99,12401.6
3638.67,0.0,21959.9,,,,,0.0,0.0,12401.6
3639.68,100.0,23980.5,,,,,100.0,100.0,12401.6
3640.68,40.84,21959.9,,,,,40.83,40.84,12401.6
3641.68,95.52,20681.0,,,,,95.52,95.51,12401.6
3642.68,100.0,21976.8,,,,,100.0,100.0,12401.7
3643.68,0.0,21959.9,,,,,0.0,0.0,12401.7
3644.68,100.0,23980.5,,,,,100.0,100.0,12401.7
3645.68,40.81,22059.9,,,,,40.81,40.82,12401.8
3646.68,96.86,20681.0,,,,,96.85,96.86,12401.9
3647.68,78.38,23980.5,,,,,78.38,78.38,12401.9
3648.68,40.83,21959.9,,,,,40.82,40.83,12402.0
3649.68,100.0,20681.0,,,,,100.0,100.0,12402.0
3650.68,80.03,21959.9,,,,,80.02,80.03,12402.0
3651.68,95.57,20681.0,,,,,95.58,95.57,12402.0
3652.68,78.47,23980.5,,,,,78.47,78.48,12402.0
3653.68,40.81,21959.9,,,,,40.81,40.82,12402.0
3654.68,100.0,20681.0,,,,,100.0,100.0,12402.1
3655.68,80.01,21976.8,,,,,80.01,80.02,12402.1
3656.68,95.65,20681.0,,,,,95.65,95.65,12402.1
3657.68,78.38,23980.5,,,,,78.38,78.39,12402.1
3658.68,40.81,21959.9,,,,,40.81,40.82,12402.1
3659.68,100.0,20681.0,,,,,100.0,100.0,12402.2
3660.68,80.02,21976.8,,,,,80.02,80.03,12402.2
3661.68,0.0,21959.9,,,,,0.0,0.0,12402.2
3662.68,100.0,23980.5,,,,,100.0,100.0,12402.2
3663.68,40.84,21959.9,,,,,40.84,40.85,12402.2
3664.68,100.0,20681.0,,,,,100.0,100.0,12402.2
3665.68,79.96,21976.8,,,,,79.95,79.97,12402.3
3666.68,0.0,22059.9,,,,,0.0,0.0,12402.3
3667.68,100.0,20681.0,,,,,100.0,100.0,12403.5
3668.68,79.98,21959.9,,,,,79.96,79.99,12403.6
3669.68,95.64,20681.0,,,,,95.64,95.63,12403.6
3670.68,78.44,23980.5,,,,,78.44,78.44,12403.6
3671.68,40.8,21959.9,,,,,40.8,40.81,12403.6
3672.68,100.0,20681.0,,,,,100.0,100.0,12403.6
3673.68,80.03,21959.9,,,,,80.02,80.03,12403.7
3674.68,95.59,20681.0,,,,,95.59,95.6,12403.7
3675.68,78.36,23980.5,,,,,78.36,78.37,12403.7
3676.68,40.84,21959.9,,,,,40.83,40.84,12403.7
3677.68,100.0,20681.0,,,,,100.0,100.0,12403.7
3678.68,80.01,21959.9,,,,,80.0,80.02,12403.8
3679.68,95.57,20681.0,,,,,95.56,95.58,12403.8
3680.68,78.48,23980.5,,,,,78.48,78.48,12403.8
3681.68,40.82,21959.9,,,,,40.81,40.82,12403.8
3682.68,100.0,20681.0,,,,,100.0,100.0,12403.8
3683.68,80.01,21976.8,,,,,80.0,80.01,12403.8
3684.68,95.53,20681.0,,,,,95.53,95.53,12403.9
3685.68,78.41,23980.5,,,,,78.41,78.42,12403.9
3686.68,40.82,22059.9,,,,,40.82,40.82,12403.9
3687.68,96.82,20681.0,,,,,96.82,96.83,12404.9
3688.68,100.0,21976.8,,,,,100.0,100.0,12404.9
3689.68,0.0,21959.9,,,,,0.0,0.0,12404.9
3690.68,100.0,20681.0,,,,,100.0,100.0,12404.9
3691.68,80.01,21959.9,,,,,80.0,80.01,12405.0
3692.68,95.59,20681.0,,,,,95.59,95.59,12405.0
3693.68,100.0,21976.8,,,,,100.0,100.0,12405.0
3694.68,0.0,21959.9,,,,,0.0,0.0,12405.0
3695.68,100.0,20681.0,,,,,100.0,100.0,12405.0
3696.68,80.03,21959.9,,,,,80.02,80.04,12405.1
3697.68,95.6,20681.0,,,,,95.6,95.6,12405.1
3698.68,78.38,23980.5,,,,,78.38,78.38,12405.1
3699.69,40.81,21959.9,,,,,40.8,40.81,12405.1
3700.69,100.0,20681.0,,,,,100.0,100.0,12405.1
3701.69,79.98,21959.9,,,,,79.97,79.98,12405.1
3702.69,95.61,20681.0,,,,,95.62,95.61,12405.2
3703.69,78.46,23980.5,,,,,78.46,78.47,12405.2
3704.69,40.81,21959.9,,,,,40.8,40.81,12405.2
3705.69,100.0,20681.0,,,,,100.0,100.0,12405.2
3706.69,80.01,21959.9,,,,,80.0,80.02,12405.2
3707.69,96.8,20681.0,,,,,96.8,96.8,12406.7
3708.69,78.49,23980.5,,,,,78.48,78.5,12406.8
3709.69,40.81,21959.9,,,,,40.81,40.81,12406.8
3710.69,95.57,20681.0,,,,,95.57,95.57,12406.8
3711.69,100.0,21976.8,,,,,100.0,100.0,12406.8
3712.69,0.0,21959.9,,,,,0.0,0.0,12406.8
3713.69,100.0,23980.5,,,,,100.0,100.0,12406.8
3714.69,40.81,21959.9,,,,,40.8,40.81,12406.9
3715.69,95.59,20681.0,,,,,95.6,95.59,12406.9
3716.69,100.0,21976.8,,,,,100.0,100.0,12406.9
3717.69,0.0,21959.9,,,,,0.0,0.0,12406.9
3718.69,100.0,20681.0,,,,,100.0,100.0,12406.9
3719.69,80.06,21959.9,,,,,80.05,80.07,12406.9
3720.69,95.6,20681.0,,,,,95.6,95.6,12407.0
3721.69,100.0,21976.8,,,,,100.0,100.0,12407.0
3722.69,0.0,21959.9,,,,,0.0,0.0,12407.0
3723.69,100.0,20681.0,,,,,100.0,100.0,12407.0
3724.69,79.98,21959.9,,,,,79.97,79.99,12407.0
3725.69,95.6,20681.0,,,,,95.6,95.6,12407.0
3726.69,78.44,23980.5,,,,,78.43,78.45,12407.1
3727.69,40.84,22059.9,,,,,40.84,40.85,12407.1
3728.69,100.0,20681.0,,,,,100.0,100.0,12408.3
3729.69,80.06,21976.8,,,,,80.05,80.07,12408.3
3730.69,0.0,21959.9,,,,,0.0,0.0,12408.3
3731.69,100.0,23980.5,,,,,100.0,100.0,12408.3
3732.69,40.85,21959.9,,,,,40.84,40.85,12408.4
3733.69,100.0,20681.0,,,,,100.0,100.0,12408.4
3734.69,79.97,21976.8,,,,,79.96,79.98,12408.4
3735.69,0.0,21959.9,,,,,0.0,0.0,12408.4
3736.69,100.0,23980.5,,,,,100.0,100.0,12408.4
3737.69,40.79,21959.9,,,,,40.78,40.79,12408.4
3738.69,95.56,20681.0,,,,,95.56,95.56,12408.4
3739.69,100.0,21976.8,,,,,100.0,100.0,12408.5
3740.69,0.0,21959.9,,,,,0.0,0.0,12408.5
3741.69,100.0,23980.5,,,,,100.0,100.0,12408.5
3742.69,40.82,21959.9,,,,,40.82,40.83,12408.5
3743.69,95.54,20681.0,,,,,95.53,95.54,12408.5
3744.69,100.0,21976.8,,,,,100.0,100.0,12408.6
3745.69,0.0,21959.9,,,,,0.0,0.0,12408.6
3746.69,100.0,20681.0,,,,,100.0,100.0,12408.6
3747.69,40.79,22059.9,,,,,40.78,40.79,12408.7
3748.69,96.91,20681.0,,,,,96.91,96.91,12409.7
3749.69,78.38,23980.5,,,,,78.37,78.39,12409.7
3750.69,40.85,21959.9,,,,,40.85,40.86,12409.7
3751.69,100.0,20681.0,,,,,100.0,100.0,12409.7
3752.69,79.97,21943.8,,,,,79.97,79.98,12409.8
3753.69,95.62,20681.0,,,,,95.62,95.62,12409.8
3754.69,78.43,23980.5,,,,,78.42,78.44,12409.8
3755.69,40.81,21959.9,,,,,40.81,40.81,12409.8
3756.69,100.0,20681.0,,,,,100.0,100.0,12409.8
3757.69,80.02,21976.8,,,,,80.01,80.04,12409.9
3758.69,0.0,21959.9,,,,,0.0,0.0,12409.9
3759.69,100.0,23980.5,,,,,100.0,100.0,12409.9
3760.69,40.79,21959.9,,,,,40.78,40.79,12409.9
3761.7,100.0,20681.0,,,,,100.0,100.0,12409.9
3762.7,80.03,21976.8,,,,,80.03,80.04,12409.9
3763.7,0.0,21959.9,,,,,0.0,0.0,12410.0
3764.7,100.0,23980.5,,,,,100.0,100.0,12410.0
3765.7,40.82,21959.9,,,,,40.82,40.82,12410.0
3766.7,100.0,20681.0,,,,,100.0,100.0,12410.0
3767.7,80.03,21976.8,,,,,80.03,80.04,12410.0
3768.7,0.0,22059.9,,,,,0.0,0.0,12410.1
3769.7,100.0,20681.0,,,,,100.0,100.0,12410.5
3770.7,80.0,21959.9,,,,,79.99,80.01,12410.5
3771.7,95.63,20681.0,,,,,95.63,95.62,12410.5
3772.7,78.44,23980.5,,,,,78.43,78.44,12410.6
3773.7,40.79,21959.9,,,,,40.78,40.79,12410.6
3774.7,100.0,20681.0,,,,,100.0,100.0,12410.6
3775.7,80.02,21959.9,,,,,80.01,80.02,12410.6
3776.7,95.52,20681.0,,,,,95.52,95.52,12410.6
3777.7,78.49,23980.5,,,,,78.48,78.49,12410.7
3778.7,40.79,21959.9,,,,,40.79,40.79,12410.7
3779.7,100.0,20681.0,,,,,100.0,100.0,12410.7
3780.7,80.06,21959.9,,,,,80.05,80.06,12410.7
3781.7,95.58,20681.0,,,,,95.58,95.58,12410.7
3782.7,78.39,23980.5,,,,,78.39,78.4,12410.7
3783.7,40.78,21959.9,,,,,40.78,40.79,12410.8
3784.7,100.0,20681.0,,,,,100.0,100.0,12410.8
3785.7,80.01,21959.9,,,,,80.0,80.02,12410.8
3786.7,95.6,20681.0,,,,,95.6,95.6,12410.8
3787.7,78.37,23980.5,,,,,78.37,78.38,12410.8
3788.7,40.84,22059.9,,,,,40.84,40.84,12410.9
3789.7,96.85,20681.0,,,,,96.85,96.85,12411.4
3790.7,100.0,21976.8,,,,,100.0,100.0,12411.5
3791.7,0.0,21959.9,,,,,0.0,0.0,12411.5
3792.7,100.0,23980.5,,,,,100.0,100.0,12411.5
3793.7,40.79,21959.9,,,,,40.79,40.8,12411.5
3794.7,95.59,20681.0,,,,,95.59,95.59,12411.5
3795.7,100.0,21976.8,,,,,100.0,100.0,12411.6
3796.7,0.0,21959.9,,,,,0.0,0.0,12411.6
3797.7,100.0,20681.0,,,,,100.0,100.0,12411.6
3798.7,79.97,21959.9,,,,,79.96,79.97,12411.6
3799.7,95.64,20681.0,,,,,95.64,95.63,12411.6
3800.7,100.0,21976.8,,,,,100.0,100.0,12411.7
3801.7,0.0,21959.9,,,,,0.0,0.0,12411.7
3802.7,100.0,20681.0,,,,,100.0,100.0,12411.7
3803.7,80.03,21959.9,,,,,80.02,80.04,12411.7
3804.7,95.64,20681.0,,,,,95.64,95.63,12411.7
3805.7,100.0,21976.8,,,,,100.0,100.0,12411.7
3806.7,0.0,21959.9,,,,,0.0,0.0,12411.7
3807.7,100.0,20681.0,,,,,100.0,100.0,12411.8
3808.7,80.02,22059.9,,,,,80.01,80.03,12411.8
3809.7,96.87,20681.0,,,,,96.86,96.88,12413.6
3810.7,78.4,23980.5,,,,,78.39,78.4,12413.7
3811.7,40.81,21959.9,,,,,40.81,40.81,12413.7
3812.7,100.0,20681.0,,,,,100.0,100.0,12413.7
3813.7,80.05,21976.8,,,,,80.05,80.06,12413.7
3814.7,0.0,21959.9,,,,,0.0,0.0,12413.7
3815.7,100.0,23980.5,,,,,100.0,100.0,12413.8
3816.7,40.81,21959.9,,,,,40.8,40.82,12413.8
3817.7,100.0,20681.0,,,,,100.0,100.0,12413.8
3818.7,79.98,21976.8,,,,,79.97,79.99,12413.8
3819.7,0.0,21959.9,,,,,0.0,0.0,12413.8
3820.7,100.0,23980.5,,,,,100.0,100.0,12413.8
3821.7,40.81,21959.9,,,,,40.8,40.81,12413.9
3822.7,100.0,20681.0,,,,,100.0,100.0,12413.9
3823.7,80.06,21976.8,,,,,80.05,80.07,12413.9
3824.7,0.0,21959.9,,,,,0.0,0.0,12413.9
3825.71,100.0,23980.5,,,,,100.0,100.0,12413.9
3826.71,40.8,21959.9,,,,,40.8,40.81,12413.9
3827.71,95.58,20681.0,,,,,95.58,95.58,12414.0
3828.71,100.0,21976.8,,,,,100.0,100.0,12414.0
3829.71,0.0,22059.9,,,,,0.0,0.0,12414.0
3830.71,100.0,20681.0,,,,,100.0,100.0,12415.2
3831.71,80.09,21959.9,,,,,80.08,80.09,12415.3
3832.71,95.57,20681.0,,,,,95.57,95.57,12415.3
3833.71,78.47,23980.5,,,,,78.47,78.48,12415.3
3834.71,40.81,21959.9,,,,,40.8,40.81,12415.3
3835.71,100.0,20681.0,,,,,100.0,100.0,12415.3
3836.71,79.98,21959.9,,,,,79.97,79.99,12415.3
3837.71,95.68,20681.0,,,,,95.68,95.68,12415.4
3838.71,78.38,23980.5,,,,,78.37,78.38,12415.4
3839.71,40.79,21959.9,,,,,40.79,40.79,12415.4
3840.71,100.0,20681.0,,,,,100.0,100.0,12415.4
3841.71,79.98,21959.9,,,,,79.97,79.99,12415.4
3842.71,95.63,20681.0,,,,,95.63,95.63,12415.4
3843.71,78.39,23980.5,,,,,78.39,78.4,12415.5
3844.71,40.84,21959.9,,,,,40.83,40.84,12415.5
3845.71,100.0,20681.0,,,,,100.0,100.0,12415.5
3846.71,80.02,21976.8,,,,,80.01,80.02,12415.5
3847.71,0.0,21959.9,,,,,0.0,0.0,12415.5
3848.71,100.0,23980.5,,,,,100.0,100.0,12415.6
3849.71,40.81,22059.9,,,,,40.81,40.82,12415.6
3850.71,96.86,20681.0,,,,,96.86,96.86,12416.5
3851.71,100.0,21976.8,,,,,100.0,100.0,12416.5
3852.71,0.0,21959.9,,,,,0.0,0.0,12416.5
3853.71,100.0,20681.0,,,,,100.0,100.0,12416.5
3854.71,80.08,21959.9,,,,,80.07,80.09,12416.5
3855.71,95.6,20681.0,,,,,95.6,95.6,12416.6
3856.71,100.0,21976.8,,,,,100.0,100.0,12416.6
3857.71,0.0,21959.9,,,,,0.0,0.0,12416.6
3858.71,100.0,20681.0,,,,,100.0,100.0,12416.6
3859.71,80.03,21959.9,,,,,80.03,80.04,12416.6
3860.71,95.63,20681.0,,,,,95.62,95.63,12416.6
3861.71,78.38,23980.5,,,,,78.37,78.38,12416.7
3862.71,40.83,21959.9,,,,,40.82,40.84,12416.7
3863.71,100.0,20681.0,,,,,100.0,100.0,12416.7
3864.71,80.06,21959.9,,,,,80.05,80.06,12416.7
3865.71,95.58,20681.0,,,,,95.58,95.58,12416.7
3866.71,78.39,23980.5,,,,,78.39,78.39,12416.8
3867.71,40.98,21959.9,,,,,40.97,40.98,12416.8
3868.71,100.0,20681.0,,,,,100.0,100.0,12416.8
3869.71,79.95,21959.9,,,,,79.95,79.96,12416.8
3870.71,96.9,20681.0,,,,,96.89,96.9,12417.9
3871.71,78.41,23980.5,,,,,78.41,78.41,12417.9
3872.71,40.84,21959.9,,,,,40.83,40.85,12417.9
3873.71,95.58,20681.0,,,,,95.58,95.59,12417.9
3874.71,100.0,21976.8,,,,,100.0,100.0,12418.0
3875.71,0.0,21959.9,,,,,0.0,0.0,12418.0
3876.71,100.0,23980.5,,,,,100.0,100.0,12418.0
3877.71,40.79,21959.9,,,,,40.79,40.79,12418.0
3878.71,95.64,20681.0,,,,,95.65,95.64,12418.0
3879.71,100.0,21976.8,,,,,100.0,100.0,12418.1
3880.71,0.0,21959.9,,,,,0.0,0.0,12418.1
3881.71,100.0,23980.5,,,,,100.0,100.0,12418.1
3882.71,40.82,21959.9,,,,,40.82,40.83,12418.1
3883.71,95.67,20681.0,,,,,95.67,95.67,12418.1
3884.71,100.0,21976.8,,,,,100.0,100.0,12418.1
3885.71,0.0,21959.9,,,,,0.0,0.0,12418.1
3886.71,100.0,20681.0,,,,,100.0,100.0,12418.2
3887.72,79.96,21959.9,,,,,79.96,79.97,12418.2
3888.72,95.59,20681.0,,,,,95.59,95.59,12418.2
3889.72,100.0,21976.8,,,,,100.0,100.0,12418.2
3890.72,0.0,22059.9,,,,,0.0,0.0,12418.3
3891.72,100.0,20681.0,,,,,100.0,100.0,12418.5
3892.72,80.0,21959.9,,,,,80.0,80.0,12418.5
3893.72,95.66,20681.0,,,,,95.66,95.66,12418.5
3894.72,78.45,23980.5,,,,,78.45,78.45,12418.5
3895.72,40.78,21959.9,,,,,40.77,40.79,12418.5
3896.72,100.0,20681.0,,,,,100.0,100.0,12418.6
3897.72,80.02,21976.8,,,,,80.01,80.03,12418.6
3898.72,95.65,20681.0,,,,,95.66,95.64,12418.6
3899.72,78.44,23980.5,,,,,78.43,78.44,12418.6
3900.72,40.8,21959.9,,,,,40.8,40.8,12418.6
3901.72,100.0,20681.0,,,,,100.0,100.0,12418.7
3902.72,80.06,21976.8,,,,,80.05,80.07,12418.7
3903.72,0.0,21959.9,,,,,0.0,0.0,12418.7
3904.72,100.0,23980.5,,,,,100.0,100.0,12418.7
3905.72,40.8,21959.9,,,,,40.8,40.81,12418.7
3906.72,100.0,20681.0,,,,,100.0,100.0,12418.7
3907.72,79.98,21976.8,,,,,79.97,79.98,12418.8
3908.72,0.0,21959.9,,,,,0.0,0.0,12418.8
3909.72,100.0,23980.5,,,,,100.0,100.0,12418.8
3910.72,40.78,22059.9,,,,,40.77,40.79,12418.9
3911.72,96.89,20681.0,,,,,96.89,96.89,12419.3
3912.72,100.0,21976.8,,,,,100.0,100.0,12419.3
3913.72,0.0,21959.9,,,,,0.0,0.0,12419.3
3914.72,100.0,20681.0,,,,,100.0,100.0,12419.3
3915.72,80.03,21959.9,,,,,80.02,80.03,12419.4
3916.72,95.65,20681.0,,,,,95.65,95.65,12419.4
3917.72,78.44,23980.5,,,,,78.43,78.45,12419.4
3918.72,40.79,21959.9,,,,,40.78,40.79,12419.4
3919.72,100.0,20681.0,,,,,100.0,100.0,12419.4
3920.72,79.99,21959.9,,,,,79.99,80.0,12419.5
3921.72,95.6,20681.0,,,,,95.6,95.6,12419.5
3922.72,78.44,23980.5,,,,,78.44,78.45,12419.5
3923.72,40.8,21959.9,,,,,40.8,40.81,12419.5
3924.72,100.0,20681.0,,,,,100.0,100.0,12419.5
3925.72,79.96,21959.9,,,,,79.96,79.97,12419.6
3926.72,95.59,20681.0,,,,,95.6,95.58,12419.6
3927.72,78.44,23980.5,,,,,78.44,78.45,12419.6
3928.72,40.81,21959.9,,,,,40.8,40.82,12419.6
3929.72,100.0,20681.0,,,,,100.0,100.0,12419.6
3930.72,80.04,21959.9,,,,,80.03,80.04,12419.6
3931.72,96.85,20681.0,,,,,96.85,96.86,12420.9
3932.72,78.43,23980.5,,,,,78.42,78.43,12420.9
3933.72,40.81,21959.9,,,,,40.81,40.81,12420.9
3934.72,95.67,20681.0,,,,,95.66,95.68,12420.9
3935.72,100.0,21976.8,,,,,100.0,100.0,12421.0
3936.72,0.0,21959.9,,,,,0.0,0.0,12421.0
3937.72,100.0,23980.5,,,,,100.0,100.0,12421.0
3938.72,40.79,21959.9,,,,,40.78,40.79,12421.0
3939.72,95.57,20681.0,,,,,95.57,95.58,12421.0
3940.72,100.0,21976.8,,,,,100.0,100.0,12421.1
3941.72,0.0,21959.9,,,,,0.0,0.0,12421.1
3942.72,100.0,23980.5,,,,,100.0,100.0,12421.1
3943.72,40.79,21959.9,,,,,40.79,40.8,12421.1
3944.72,95.67,20681.0,,,,,95.66,95.67,12421.1
3945.72,100.0,21976.8,,,,,100.0,100.0,12421.2
3946.72,0.0,21959.9,,,,,0.0,0.0,12421.2
3947.72,100.0,20681.0,,,,,100.0,100.0,12421.2
3948.72,80.04,21959.9,,,,,80.03,80.05,12421.2
3949.72,95.53,20681.0,,,,,95.53,95.53,12421.2
3950.73,100.0,21976.8,,,,,100.0,100.0,12421.3
3951.73,0.0,22059.9,,,,,0.0,0.0,12421.3
3952.73,100.0,20681.0,,,,,100.0,100.0,12421.7
3953.73,80.03,21976.8,,,,,80.02,80.03,12421.7
3954.73,95.51,20681.0,,,,,95.51,95.51,12421.7
3955.73,78.47,23980.5,,,,,78.47,78.48,12421.7
3956.73,40.79,21959.9,,,,,40.78,40.79,12421.7
3957.73,100.0,20681.0,,,,,100.0,100.0,12421.7
3958.73,80.08,21976.8,,,,,80.07,80.09,12421.8
3959.73,0.0,21959.9,,,,,0.0,0.0,12421.8
3960.73,100.0,23980.5,,,,,100.0,100.0,12421.8
3961.73,40.82,21959.9,,,,,40.82,40.83,12421.8
3962.73,100.0,20681.0,,,,,100.0,100.0,12421.8
3963.73,79.94,21976.8,,,,,79.93,79.95,12421.9
3964.73,0.0,21959.9,,,,,0.0,0.0,12421.9
3965.73,100.0,23980.5,,,,,100.0,100.0,12421.9
3966.73,40.81,21959.9,,,,,40.8,40.82,12421.9
3967.73,100.0,20681.0,,,,,100.0,100.0,12421.9
3968.73,80.1,21976.8,,,,,80.12,80.08,12421.9
3969.73,0.0,21959.9,,,,,0.0,0.0,12422.0
3970.73,100.0,23980.5,,,,,100.0,100.0,12422.0
3971.73,40.82,22059.9,,,,,40.81,40.82,12422.1
3972.73,96.89,20681.0,,,,,96.88,96.89,12423.0
3973.73,78.44,23980.5,,,,,78.44,78.44,12423.1
3974.73,40.78,21959.9,,,,,40.78,40.79,12423.1
3975.73,100.0,20681.0,,,,,100.0,100.0,12423.1
3976.73,80.06,21959.9,,,,,80.06,80.06,12423.1
3977.73,95.54,20681.0,,,,,95.54,95.54,12423.1
3978.73,78.42,23980.5,,,,,78.41,78.42,12423.2
3979.73,40.83,21959.9,,,,,40.82,40.84,12423.2
3980.73,100.0,20681.0,,,,,100.0,100.0,12423.2
3981.73,80.0,21959.9,,,,,79.99,80.01,12423.2
3982.73,95.63,20681.0,,,,,95.63,95.63,12423.2
3983.73,78.45,23980.5,,,,,78.44,78.45,12423.2
3984.73,40.82,21959.9,,,,,40.81,40.82,12423.3
3985.73,100.0,20681.0,,,,,100.0,100.0,12423.3
3986.73,80.06,21959.9,,,,,80.05,80.07,12423.3
3987.73,95.59,20681.0,,,,,95.59,95.58,12423.3
3988.73,78.43,23980.5,,,,,78.42,78.43,12423.3
3989.73,40.81,21959.9,,,,,40.81,40.82,12423.3
3990.73,100.0,20681.0,,,,,100.0,100.0,12423.4
3991.73,80.06,21943.8,,,,,80.05,80.07,12423.4
3992.73,96.79,20681.0,,,,,96.78,96.79,12424.0
3993.73,78.46,23980.5,,,,,78.46,78.46,12424.1
3994.73,40.81,21959.9,,,,,40.8,40.81,12424.1
3995.73,95.6,20681.0,,,,,95.6,95.61,12424.1
3996.73,100.0,21976.8,,,,,100.0,100.0,12424.2
3997.73,0.0,21959.9,,,,,0.0,0.0,12424.2
3998.73,100.0,20681.0,,,,,100.0,100.0,12424.2
3999.73,40.84,21959.9,,,,,40.84,40.84,12424.2
4000.73,95.61,20681.0,,,,,95.61,95.61,12424.2
4001.73,100.0,21976.8,,,,,100.0,100.0,12424.3
4002.73,0.0,21959.9,,,,,0.0,0.0,12424.3
4003.73,100.0,20681.0,,,,,100.0,100.0,12424.3
4004.73,79.99,21959.9,,,,,79.98,80.0,12424.3
4005.73,95.6,20681.0,,,,,95.61,95.6,12424.3
4006.73,100.0,21976.8,,,,,100.0,100.0,12424.4
4007.73,0.0,21959.9,,,,,0.0,0.0,12424.4
4008.73,100.0,20681.0,,,,,100.0,100.0,12424.4
4009.73,80.06,21959.9,,,,,80.05,80.07,12424.4
4010.73,95.58,20681.0,,,,,95.58,95.58,12424.4
4011.73,78.42,23980.5,,,,,78.42,78.42,12424.4
4012.73,40.81,22059.9,,,,,40.81,40.82,12424.5
4013.74,100.0,20681.0,,,,,100.0,100.0,12425.8
4014.74,79.97,21976.8,,,,,79.97,79.98,12425.9
4015.74,0.0,21959.9,,,,,0.0,0.0,12425.9
4016.74,100.0,23980.5,,,,,100.0,100.0,12425.9
4017.74,40.84,21959.9,,,,,40.83,40.85,12425.9
4018.74,100.0,20681.0,,,,,100.0,100.0,12425.9
4019.74,79.97,21976.8,,,,,79.97,79.98,12425.9
4020.74,0.0,21959.9,,,,,0.0,0.0,12425.9
4021.74,100.0,23980.5,,,,,100.0,100.0,12426.0
4022.74,40.8,21959.9,,,,,40.8,40.81,12426.0
4023.74,95.58,20681.0,,,,,95.58,95.58,12426.0
4024.74,100.0,21976.8,,,,,100.0,100.0,12426.0
4025.74,0.0,21959.9,,,,,0.0,0.0,12426.0
4026.74,100.0,23980.5,,,,,100.0,100.0,12426.1
4027.74,40.79,21959.9,,,,,40.79,40.79,12426.1
4028.74,95.65,20681.0,,,,,95.65,95.65,12426.1
4029.74,100.0,21976.8,,,,,100.0,100.0,12426.1
4030.74,0.0,21959.9,,,,,0.0,0.0,12426.1
4031.74,100.0,23980.5,,,,,100.0,100.0,12426.2
4032.74,40.81,22059.9,,,,,40.8,40.81,12426.2
4033.74,96.85,20681.0,,,,,96.85,96.85,12427.9
4034.74,78.38,23980.5,,,,,78.37,78.38,12427.9
4035.74,40.84,21959.9,,,,,40.83,40.84,12427.9
4036.74,100.0,20681.0,,,,,100.0,100.0,12427.9
4037.74,80.07,21959.9,,,,,80.07,80.08,12428.0
4038.74,95.55,20681.0,,,,,95.54,95.55,12428.0
4039.74,78.47,23980.5,,,,,78.47,78.47,12428.0
4040.74,40.79,21959.9,,,,,40.79,40.79,12428.0
4041.74,100.0,20681.0,,,,,100.0,100.0,12428.0
4042.74,80.02,21943.8,,,,,80.02,80.03,12428.0
4043.74,95.66,20681.0,,,,,95.66,95.66,12428.1
4044.74,78.39,23980.5,,,,,78.38,78.39,12428.1
4045.74,40.83,21959.9,,,,,40.82,40.84,12428.1
4046.74,100.0,20681.0,,,,,100.0,100.0,12428.1
4047.74,80.07,21976.8,,,,,80.06,80.08,12428.1
4048.74,0.0,21959.9,,,,,0.0,0.0,12428.1
4049.74,100.0,23980.5,,,,,100.0,100.0,12428.2
4050.74,40.83,21959.9,,,,,40.83,40.84,12428.2
4051.74,100.0,20681.0,,,,,100.0,100.0,12428.2
4052.74,79.97,21976.8,,,,,79.97,79.98,12428.2
4053.74,0.0,22059.9,,,,,0.0,0.0,12428.3
4054.74,100.0,20681.0,,,,,100.0,100.0,12428.4
4055.74,80.02,21959.9,,,,,80.02,80.03,12428.4
4056.74,95.53,20681.0,,,,,95.53,95.53,12428.4
4057.74,100.0,21976.8,,,,,100.0,100.0,12428.4
4058.74,0.0,21959.9,,,,,0.0,0.0,12428.4
4059.74,100.0,20681.0,,,,,100.0,100.0,12428.4
4060.74,79.98,21959.9,,,,,79.98,79.98,12428.5
4061.74,95.61,20681.0,,,,,95.61,95.62,12428.5
4062.74,78.43,23980.5,,,,,78.43,78.43,12428.5
4063.74,40.78,21959.9,,,,,40.78,40.78,12428.5
4064.74,100.0,20681.0,,,,,100.0,100.0,12428.5
4065.74,80.02,21959.9,,,,,80.01,80.02,12428.6
4066.74,95.66,20681.0,,,,,95.67,95.66,12428.6
4067.74,78.44,23980.5,,,,,78.43,78.44,12428.6
4068.74,40.81,21959.9,,,,,40.81,40.82,12428.6
4069.74,100.0,20681.0,,,,,100.0,100.0,12428.6
4070.74,80.04,21959.9,,,,,80.03,80.05,12428.6
4071.74,95.52,20681.0,,,,,95.52,95.52,12428.7
4072.74,78.48,23980.5,,,,,78.48,78.48,12428.7
4073.74,40.81,22059.9,,,,,40.8,40.82,12428.7
4074.74,96.9,20681.0,,,,,96.89,96.9,12429.3
4075.74,100.0,21976.8,,,,,100.0,100.0,12429.3
4076.75,0.0,21959.9,,,,,0.0,0.0,12429.3
4077.75,100.0,23980.5,,,,,100.0,100.0,12429.3
4078.75,40.81,21959.9,,,,,40.8,40.82,12429.4
4079.75,95.6,20681.0,,,,,95.6,95.6,12429.4
4080.75,100.0,21976.8,,,,,100.0,100.0,12429.4
4081.75,0.0,21959.9,,,,,0.0,0.0,12429.4
4082.75,100.0,23980.5,,,,,100.0,100.0,12429.4
4083.75,40.82,21959.9,,,,,40.82,40.82,12429.4
4084.75,95.61,20681.0,,,,,95.61,95.61,12429.5
4085.75,100.0,21976.8,,,,,100.0,100.0,12429.5
4086.75,0.0,21959.9,,,,,0.0,0.0,12429.5
4087.75,100.0,20681.0,,,,,100.0,100.0,12429.5
4088.75,80.04,21959.9,,,,,80.03,80.05,12429.5
4089.75,95.52,20681.0,,,,,95.52,95.53,12429.5
4090.75,100.0,21976.8,,,,,100.0,100.0,12429.6
4091.75,0.0,21959.9,,,,,0.0,0.0,12429.6
4092.75,100.0,20681.0,,,,,100.0,100.0,12429.6
4093.75,80.07,22059.9,,,,,80.07,80.08,12429.7
4094.75,96.86,20681.0,,,,,96.86,96.87,12429.9
4095.75,78.42,23980.5,,,,,78.42,78.42,12429.9
4096.75,40.81,21959.9,,,,,40.81,40.82,12429.9
4097.75,100.0,20681.0,,,,,100.0,100.0,12430.0
4098.75,79.97,21976.8,,,,,79.96,79.98,12430.0
4099.75,0.0,21959.9,,,,,0.0,0.0,12430.0
4100.75,100.0,23980.5,,,,,100.0,100.0,12430.0
4101.75,40.81,21959.9,,,,,40.8,40.82,12430.0
4102.75,100.0,20681.0,,,,,100.0,100.0,12430.1
4103.75,80.02,21976.8,,,,,80.01,80.03,12430.1
4104.75,0.0,21959.9,,,,,0.0,0.0,12430.1
4105.75,100.0,23980.5,,,,,100.0,100.0,12430.1
4106.75,40.84,21959.9,,,,,40.83,40.84,12430.1
4107.75,100.0,20681.0,,,,,100.0,100.0,12430.1
4108.75,80.06,21976.8,,,,,80.05,80.07,12430.2
4109.75,0.0,21959.9,,,,,0.0,0.0,12430.2
4110.75,100.0,23980.5,,,,,100.0,100.0,12430.2
4111.75,40.84,21959.9,,,,,40.83,40.84,12430.2
4112.75,95.58,20681.0,,,,,95.58,95.58,12430.2
4113.75,100.0,21976.8,,,,,100.0,100.0,12430.3
4114.75,0.0,22059.9,,,,,0.0,0.0,12430.3
4115.75,100.0,20681.0,,,,,100.0,100.0,12431.0
4116.75,80.01,21959.9,,,,,80.0,80.01,12431.1
4117.75,95.53,20681.0,,,,,95.53,95.53,12431.1
4118.75,78.43,23980.5,,,,,78.42,78.43,12431.1
4119.75,40.82,21959.9,,,,,40.81,40.82,12431.1
4120.75,100.0,20681.0,,,,,100.0,100.0,12431.1
4121.75,79.97,21959.9,,,,,79.96,79.97,12431.1
4122.75,95.62,20681.0,,,,,95.63,95.62,12431.2
4123.75,78.43,23980.5,,,,,78.43,78.44,12431.2
4124.75,40.79,21959.9,,,,,40.78,40.79,12431.2
4125.75,100.0,20681.0,,,,,100.0,100.0,12431.2
4126.75,79.99,21959.9,,,,,79.98,79.99,12431.2
4127.75,95.66,20681.0,,,,,95.66,95.66,12431.2
4128.75,78.44,23980.5,,,,,78.43,78.44,12431.3
4129.75,40.81,21959.9,,,,,40.8,40.81,12431.3
4130.75,100.0,20681.0,,,,,100.0,100.0,12431.3
4131.75,80.01,21976.8,,,,,80.0,80.02,12431.3
4132.75,95.56,20681.0,,,,,95.56,95.56,12431.3
4133.75,78.44,23980.5,,,,,78.44,78.44,12431.4
4134.75,40.8,22059.9,,,,,40.79,40.8,12431.4
4135.75,96.92,20681.0,,,,,96.91,96.92,12431.6
4136.75,100.0,21976.8,,,,,100.0,100.0,12431.6
4137.75,0.0,21959.9,,,,,0.0,0.0,12431.6
4138.75,100.0,20681.0,,,,,100.0,100.0,12431.6
4139.75,80.06,21959.9,,,,,80.05,80.07,12431.6
4140.76,95.55,20681.0,,,,,95.55,95.55,12431.6
4141.76,100.0,21976.8,,,,,100.0,100.0,12431.7
4142.76,0.0,21959.9,,,,,0.0,0.0,12431.7
4143.76,100.0,20681.0,,,,,100.0,100.0,12431.7
4144.76,80.0,21959.9,,,,,79.99,80.02,12431.7
4145.76,95.63,20681.0,,,,,95.64,95.63,12431.7
4146.76,100.0,21976.8,,,,,100.0,100.0,12431.8
4147.76,0.0,21959.9,,,,,0.0,0.0,12431.8
4148.76,100.0,20681.0,,,,,100.0,100.0,12431.8
4149.76,80.02,21959.9,,,,,80.02,80.02,12431.8
4150.76,95.61,20681.0,,,,,95.61,95.61,12431.8
4151.76,78.42,23980.5,,,,,78.42,78.42,12431.8
4152.76,40.81,21959.9,,,,,40.8,40.81,12431.9
4153.76,100.0,20681.0,,,,,100.0,100.0,12431.9
4154.76,80.0,21959.9,,,,,79.99,80.01,12431.9
4155.76,96.86,20681.0,,,,,96.86,96.87,12432.4
4156.76,78.43,23980.5,,,,,78.42,78.43,12432.4
4157.76,40.78,21959.9,,,,,40.77,40.79,12432.4
4158.76,100.0,20681.0,,,,,100.0,100.0,12432.4
4159.76,79.97,21976.8,,,,,79.96,79.98,12432.5
4160.76,0.0,21959.9,,,,,0.0,0.0,12432.5
4161.76,100.0,23980.5,,,,,100.0,100.0,12432.5
4162.76,40.8,21959.9,,,,,40.79,40.8,12432.5
4163.76,95.57,20681.0,,,,,95.57,95.57,12432.5
4164.76,100.0,21976.8,,,,,100.0,100.0,12432.6
4165.76,0.0,21959.9,,,,,0.0,0.0,12432.6
4166.76,100.0,23980.5,,,,,100.0,100.0,12432.6
4167.76,40.81,21959.9,,,,,40.81,40.81,12432.6
4168.76,95.56,20681.0,,,,,95.56,95.56,12432.6
4169.76,100.0,21976.8,,,,,100.0,100.0,12432.6
4170.76,0.0,21959.9,,,,,0.0,0.0,12432.6
4171.76,100.0,23980.5,,,,,100.0,100.0,12432.7
4172.76,40.79,21959.9,,,,,40.78,40.79,12432.7
4173.76,95.62,20681.0,,,,,95.62,95.62,12432.7
4174.76,100.0,21976.8,,,,,100.0,100.0,12432.7
4175.76,0.0,22059.9,,,,,0.0,0.0,12432.8
4176.76,100.0,20681.0,,,,,100.0,100.0,12432.9
4177.76,80.05,21959.9,,,,,80.04,80.05,12433.0
4178.76,95.6,20681.0,,,,,95.6,95.6,12433.0
4179.76,78.43,23980.5,,,,,78.42,78.43,12433.0
4180.76,40.81,21959.9,,,,,40.8,40.81,12433.0
4181.76,100.0,20681.0,,,,,100.0,100.0,12433.0
4182.76,79.97,21959.9,,,,,79.96,79.99,12433.1
4183.76,95.64,20681.0,,,,,95.65,95.63,12433.1
4184.76,78.42,23980.5,,,,,78.43,78.41,12433.1
4185.76,40.81,21959.9,,,,,40.8,40.82,12433.1
4186.76,100.0,20681.0,,,,,100.0,100.0,12433.1
4187.76,80.03,21959.9,,,,,80.02,80.04,12433.2
4188.76,95.58,20681.0,,,,,95.58,95.58,12433.2
4189.76,78.39,23980.5,,,,,78.38,78.39,12433.2
4190.76,40.79,21959.9,,,,,40.79,40.8,12433.2
4191.76,100.0,20681.0,,,,,100.0,100.0,12433.2
4192.76,79.98,21943.8,,,,,79.97,79.99,12433.2
4193.76,95.64,20681.0,,,,,95.63,95.64,12433.3
4194.76,78.42,23980.5,,,,,78.43,78.42,12433.3
4195.76,40.78,22059.9,,,,,40.78,40.79,12433.3
4196.76,96.9,20681.0,,,,,96.9,96.91,12433.4
4197.76,100.0,21976.8,,,,,100.0,100.0,12433.5
4198.76,0.0,21959.9,,,,,0.0,0.0,12433.5
4199.76,100.0,20681.0,,,,,100.0,100.0,12433.5
4200.76,80.0,21959.9,,,,,79.99,80.01,12433.5
4201.76,95.58,20681.0,,,,,95.58,95.58,12433.5
4202.76,100.0,21976.8,,,,,100.0,100.0,12433.6
4203.76,0.0,21959.9,,,,,0.0,0.0,12433.6
4204.76,100.0,20681.0,,,,,100.0,100.0,12433.6
4205.77,80.01,21959.9,,,,,80.01,80.02,12433.6
4206.77,95.65,20681.0,,,,,95.65,95.65,12433.6
4207.77,78.43,23980.5,,,,,78.43,78.43,12433.6
4208.77,40.81,21959.9,,,,,40.81,40.82,12433.7
4209.77,100.0,20681.0,,,,,100.0,100.0,12433.7
4210.77,80.07,21959.9,,,,,80.06,80.07,12433.7
4211.77,95.61,20681.0,,,,,95.61,95.61,12433.7
4212.77,78.4,23980.5,,,,,78.39,78.41,12433.7
4213.77,40.84,21959.9,,,,,40.83,40.84,12433.8
4214.77,100.0,20681.0,,,,,100.0,100.0,12433.8
4215.77,80.06,21959.9,,,,,80.05,80.06,12433.8
4216.77,96.79,20681.0,,,,,96.79,96.8,12434.1
4217.77,78.48,23980.5,,,,,78.48,78.48,12434.1
4218.77,40.78,21959.9,,,,,40.77,40.79,12434.1
4219.77,100.0,20681.0,,,,,100.0,100.0,12434.2
4220.77,80.03,21976.8,,,,,80.03,80.04,12434.2
4221.77,0.0,21959.9,,,,,0.0,0.0,12434.2
4222.77,100.0,23980.5,,,,,100.0,100.0,12434.2
4223.77,40.84,21959.9,,,,,40.83,40.84,12434.2
4224.77,95.52,20681.0,,,,,95.52,95.52,12434.2
4225.77,100.0,21976.8,,,,,100.0,100.0,12434.3
4226.77,0.0,21959.9,,,,,0.0,0.0,12434.3
4227.77,100.0,23980.5,,,,,100.0,100.0,12434.3
4228.77,40.81,21959.9,,,,,40.8,40.82,12434.3
4229.77,95.66,20681.0,,,,,95.66,95.65,12434.3
4230.77,100.0,21976.8,,,,,100.0,100.0,12434.4
4231.77,0.0,21959.9,,,,,0.0,0.0,12434.4
4232.77,100.0,23980.5,,,,,100.0,100.0,12434.4
4233.77,40.81,21959.9,,,,,40.8,40.81,12434.4
4234.77,95.65,20681.0,,,,,95.65,95.65,12434.4
4235.77,100.0,21976.8,,,,,100.0,100.0,12434.5
4236.77,0.0,22059.9,,,,,0.0,0.0,12434.5
4237.77,100.0,20681.0,,,,,100.0,100.0,12434.9
4238.77,79.98,21959.9,,,,,79.97,79.99,12435.0
4239.77,95.64,20681.0,,,,,95.64,95.63,12435.0
4240.77,78.39,23980.5,,,,,78.39,78.39,12435.0
4241.77,40.82,21959.9,,,,,40.82,40.83,12435.0
4242.77,100.0,20681.0,,,,,100.0,100.0,12435.0
4243.77,80.0,21976.8,,,,,80.0,80.01,12435.0
4244.77,95.65,20681.0,,,,,95.66,95.65,12435.1
4245.77,78.44,23980.5,,,,,78.43,78.44,12435.1
4246.77,40.79,21959.9,,,,,40.79,40.8,12435.1
4247.77,100.0,20681.0,,,,,100.0,100.0,12435.1
4248.77,80.07,21976.8,,,,,80.06,80.08,12435.1
4249.77,0.0,21959.9,,,,,0.0,0.0,12435.1
4250.77,100.0,23980.5,,,,,100.0,100.0,12435.2
4251.77,40.8,21959.9,,,,,40.8,40.81,12435.2
4252.77,100.0,20681.0,,,,,100.0,100.0,12435.2
4253.77,79.99,21976.8,,,,,79.98,79.99,12435.2
4254.77,0.0,21959.9,,,,,0.0,0.0,12435.2
4255.77,100.0,23980.5,,,,,100.0,100.0,12435.3
4256.77,40.79,22059.9,,,,,40.78,40.79,12435.3
4257.77,96.86,20681.0,,,,,96.85,96.86,12436.0
4258.77,78.49,23980.5,,,,,78.49,78.49,12436.0
4259.77,40.82,21959.9,,,,,40.81,40.82,12436.0
4260.77,100.0,20681.0,,,,,100.0,100.0,12436.0
4261.77,80.0,21959.9,,,,,80.0,80.01,12436.1
4262.77,95.5,20681.0,,,,,95.51,95.5,12436.1
4263.77,78.5,23980.5,,,,,78.5,78.51,12436.1
4264.77,40.8,21959.9,,,,,40.8,40.81,12436.1
4265.77,100.0,20681.0,,,,,100.0,100.0,12436.1
4266.77,80.06,21959.9,,,,,80.06,80.06,12436.1
4267.77,95.62,20681.0,,,,,95.61,95.63,12436.2
4268.78,78.42,23980.5,,,,,78.42,78.43,12436.2
4269.78,40.8,21959.9,,,,,40.8,40.8,12436.2
4270.78,100.0,20681.0,,,,,100.0,100.0,12436.2
4271.78,79.96,21959.9,,,,,79.95,79.97,12436.2
4272.78,95.65,20681.0,,,,,95.65,95.64,12436.2
4273.78,78.44,23980.5,,,,,78.43,78.45,12436.3
4274.78,40.81,21959.9,,,,,40.8,40.82,12436.3
4275.78,100.0,20681.0,,,,,100.0,100.0,12436.3
4276.78,80.07,21959.9,,,,,80.05,80.08,12436.3
4277.78,96.79,20681.0,,,,,96.78,96.79,12436.7
4278.78,78.48,23980.5,,,,,78.48,78.48,12436.8
4279.78,40.8,21959.9,,,,,40.8,40.81,12436.8
4280.78,95.63,20681.0,,,,,95.63,95.62,12436.8
4281.78,100.0,21976.8,,,,,100.0,100.0,12436.8
4282.78,0.0,21959.9,,,,,0.0,0.0,12436.8
4283.78,100.0,23980.5,,,,,100.0,100.0,12436.8
4284.78,40.84,21959.9,,,,,40.83,40.85,12436.9
4285.78,95.58,20681.0,,,,,95.58,95.59,12436.9
4286.78,100.0,21976.8,,,,,100.0,100.0,12436.9
4287.78,0.0,21959.9,,,,,0.0,0.0,12436.9
4288.78,100.0,23980.5,,,,,100.0,100.0,12436.9
4289.78,40.81,21959.9,,,,,40.8,40.81,12436.9
4290.78,95.62,20681.0,,,,,95.62,95.61,12437.0
4291.78,100.0,21976.8,,,,,100.0,100.0,12437.0
4292.78,0.0,21959.9,,,,,0.0,0.0,12437.0
4293.78,100.0,20681.0,,,,,100.0,100.0,12437.0
4294.78,40.81,21959.9,,,,,40.8,40.81,12437.0
4295.78,95.52,20681.0,,,,,95.52,95.52,12437.0
4296.78,100.0,21976.8,,,,,100.0,100.0,12437.1
4297.78,0.0,22059.9,,,,,0.0,0.0,12437.1
4298.78,100.0,20681.0,,,,,100.0,100.0,12437.2
4299.78,80.1,21959.9,,,,,80.09,80.1,12437.2
4300.78,95.53,20681.0,,,,,95.53,95.52,12437.2
4301.78,78.48,23980.5,,,,,78.47,78.48,12437.3
4302.78,40.83,21959.9,,,,,40.82,40.83,12437.3
4303.78,100.0,20681.0,,,,,100.0,100.0,12437.3
4304.78,79.97,21951.8,,,,,79.96,79.97,12437.3
4305.78,95.64,20681.0,,,,,95.65,95.64,12437.3
4306.78,78.44,23980.5,,,,,78.44,78.45,12437.4
4307.78,40.79,21959.9,,,,,40.79,40.8,12437.4
4308.78,100.0,20681.0,,,,,100.0,100.0,12437.4
4309.78,80.04,21976.8,,,,,80.04,80.05,12437.4
4310.78,95.54,20681.0,,,,,95.54,95.54,12437.4
4311.78,78.43,23980.5,,,,,78.42,78.43,12437.4
4312.78,40.8,21959.9,,,,,40.8,40.81,12437.5
4313.78,100.0,20681.0,,,,,100.0,100.0,12437.5
4314.78,79.97,21976.8,,,,,79.96,79.98,12437.5
4315.78,0.0,21959.9,,,,,0.0,0.0,12437.5
4316.78,100.0,23980.5,,,,,100.0,100.0,12437.5
4317.78,40.79,22059.9,,,,,40.78,40.8,12437.6
4318.78,96.85,20681.0,,,,,96.84,96.86,12439.3
4319.78,100.0,21976.8,,,,,100.0,100.0,12439.3
4320.78,0.0,21959.9,,,,,0.0,0.0,12439.3
4321.78,100.0,20681.0,,,,,100.0,100.0,12439.3
4322.78,80.0,21959.9,,,,,79.99,80.01,12439.4
4323.78,95.58,20681.0,,,,,95.58,95.58,12439.4
4324.78,100.0,21976.8,,,,,100.0,100.0,12439.4
4325.78,0.0,21959.9,,,,,0.0,0.0,12439.4
4326.78,100.0,20681.0,,,,,100.0,100.0,12439.4
4327.78,79.97,21959.9,,,,,79.97,79.98,12439.5
4328.78,95.64,20681.0,,,,,95.64,95.64,12439.5
4329.78,100.0,21976.8,,,,,100.0,100.0,12439.5
4330.78,0.0,21959.9,,,,,0.0,0.0,12439.5
4331.78,100.0,20681.0,,,,,100.0,100.0,12439.5
4332.78,80.04,21959.9,,,,,80.03,80.05,12439.5
4333.78,95.54,20681.0,,,,,95.54,95.53,12439.6
4334.78,100.0,21976.8,,,,,100.0,100.0,12439.6
4335.79,0.0,21959.9,,,,,0.0,0.0,12439.6
4336.79,100.0,20681.0,,,,,100.0,100.0,12439.6
4337.79,79.98,22059.9,,,,,79.97,79.98,12439.7
4338.79,96.85,20681.0,,,,,96.84,96.85,12440.0
4339.79,78.44,23980.5,,,,,78.44,78.45,12440.0
4340.79,40.83,21959.9,,,,,40.83,40.84,12440.0
4341.79,100.0,20681.0,,,,,100.0,100.0,12440.0
4342.79,79.98,21976.8,,,,,79.97,79.99,12440.1
4343.79,0.0,21959.9,,,,,0.0,0.0,12440.1
4344.79,100.0,23980.5,,,,,100.0,100.0,12440.1
4345.79,40.78,21959.9,,,,,40.78,40.79,12440.1
4346.79,100.0,20681.0,,,,,100.0,100.0,12440.1
4347.79,80.02,21976.8,,,,,80.02,80.03,12440.2
4348.79,0.0,21959.9,,,,,0.0,0.0,12440.2
4349.79,100.0,23980.5,,,,,100.0,100.0,12440.2
4350.79,40.78,21959.9,,,,,40.78,40.79,12440.2
4351.79,100.0,20681.0,,,,,100.0,100.0,12440.2
4352.79,80.02,21976.8,,,,,80.01,80.03,12440.2
4353.79,0.0,21959.9,,,,,0.0,0.0,12440.3
4354.79,100.0,23980.5,,,,,100.0,100.0,12440.3
4355.79,40.84,21959.9,,,,,40.83,40.84,12440.3
4356.79,100.0,20681.0,,,,,100.0,100.0,12440.3
4357.79,80.02,21976.8,,,,,80.01,80.03,12440.3
4358.79,0.0,22059.9,,,,,0.0,0.0,12440.4
4359.79,100.0,20681.0,,,,,100.0,100.0,12440.5
4360.79,79.98,21959.9,,,,,79.97,79.98,12440.5
4361.79,95.65,20681.0,,,,,95.65,95.65,12440.5
4362.79,78.41,23980.5,,,,,78.4,78.41,12440.6
4363.79,40.81,21959.9,,,,,40.8,40.81,12440.6
4364.79,100.0,20681.0,,,,,100.0,100.0,12440.6
4365.79,80.01,21959.9,,,,,80.01,80.02,12440.6
4366.79,95.53,20681.0,,,,,95.53,95.54,12440.6
4367.79,78.48,23980.5,,,,,78.48,78.49,12440.6
4368.79,40.79,21959.9,,,,,40.78,40.8,12440.7
4369.79,100.0,20681.0,,,,,100.0,100.0,12440.7
4370.79,80.02,21959.9,,,,,80.02,80.03,12440.7
4371.79,95.59,20681.0,,,,,95.59,95.6,12440.7
4372.79,78.37,23980.5,,,,,78.36,78.37,12440.7
4373.79,40.8,21959.9,,,,,40.8,40.81,12440.7
4374.79,100.0,20681.0,,,,,100.0,100.0,12440.8
4375.79,79.96,21959.9,,,,,79.96,79.97,12440.8
4376.79,95.6,20681.0,,,,,95.61,95.6,12440.8
4377.79,78.47,23980.5,,,,,78.46,78.47,12440.8
4378.79,40.78,22059.9,,,,,40.77,40.78,12440.9
4379.79,100.0,20681.0,,,,,100.0,100.0,12441.5
4380.79,80.0,21976.8,,,,,79.99,80.01,12441.5
4381.79,0.0,21959.9,,,,,0.0,0.0,12441.5
4382.79,100.0,23980.5,,,,,100.0,100.0,12441.6
4383.79,40.83,21959.9,,,,,40.83,40.84,12441.6
4384.79,95.57,20681.0,,,,,95.57,95.57,12441.6
4385.79,100.0,21976.8,,,,,100.0,100.0,12441.6
4386.79,0.0,21959.9,,,,,0.0,0.0,12441.6
4387.79,100.0,23980.5,,,,,100.0,100.0,12441.6
4388.79,40.81,21959.9,,,,,40.8,40.81,12441.7
4389.79,95.62,20681.0,,,,,95.62,95.61,12441.7
4390.79,100.0,21976.8,,,,,100.0,100.0,12441.7
4391.79,0.0,21959.9,,,,,0.0,0.0,12441.7
4392.79,100.0,23980.5,,,,,100.0,100.0,12441.7
4393.79,40.81,21959.9,,,,,40.8,40.82,12441.7
4394.79,95.53,20681.0,,,,,95.53,95.53,12441.8
4395.79,100.0,21976.8,,,,,100.0,100.0,12441.8
4396.79,0.0,21959.9,,,,,0.0,0.0,12441.8
4397.79,100.0,20681.0,,,,,100.0,100.0,12441.8
4398.79,40.82,22059.9,,,,,40.81,40.82,12441.9
4399.8,96.84,20681.0,,,,,96.84,96.85,12442.3
4400.8,78.46,23980.5,,,,,78.45,78.47,12442.3
4401.8,40.8,21959.9,,,,,40.79,40.8,12442.3
4402.8,100.0,20681.0,,,,,100.0,100.0,12442.4
4403.8,80.03,21959.9,,,,,80.02,80.03,12442.4
4404.8,95.59,20681.0,,,,,95.59,95.59,12442.4
4405.8,78.39,23980.5,,,,,78.39,78.4,12442.4
4406.8,40.83,21959.9,,,,,40.83,40.84,12442.4
4407.8,100.0,20681.0,,,,,100.0,100.0,12442.5
4408.8,80.06,21960.3,,,,,80.05,80.06,12442.5
4409.8,95.54,20681.0,,,,,95.54,95.55,12442.5
4410.8,78.49,23980.5,,,,,78.48,78.49,12442.5
4411.8,40.79,21959.9,,,,,40.79,40.79,12442.5
4412.8,100.0,20681.0,,,,,100.0,100.0,12442.5
4413.8,80.07,21976.8,,,,,80.07,80.08,12442.6
4414.8,0.0,21959.9,,,,,0.0,0.0,12442.6
4415.8,100.0,23980.5,,,,,100.0,100.0,12442.6
4416.8,40.8,21959.9,,,,,40.8,40.81,12442.6
4417.8,100.0,20681.0,,,,,100.0,100.0,12442.6
4418.8,80.09,21976.8,,,,,80.08,80.1,12442.7
4419.8,0.0,22059.9,,,,,0.0,0.0,12442.7
4420.8,100.0,20681.0,,,,,100.0,100.0,12444.1
4421.8,79.97,21959.9,,,,,79.96,79.97,12444.1
4422.8,95.59,20681.0,,,,,95.59,95.59,12444.2
4423.8,100.0,21976.8,,,,,100.0,100.0,12444.2
4424.8,0.0,21959.9,,,,,0.0,0.0,12444.2
4425.8,100.0,20681.0,,,,,100.0,100.0,12444.2
4426.8,80.06,21959.9,,,,,80.05,80.07,12444.2
4427.8,95.52,20681.0,,,,,95.52,95.53,12444.2
4428.8,78.46,23980.5,,,,,78.45,78.46,12444.3
4429.8,40.78,21959.9,,,,,40.79,40.78,12444.3
4430.8,100.0,20681.0,,,,,100.0,100.0,12444.3
4431.8,79.98,21959.9,,,,,79.97,79.99,12444.3
4432.8,95.55,20681.0,,,,,95.55,95.54,12444.3
4433.8,78.48,23980.5,,,,,78.48,78.48,12444.4
4434.8,40.79,21959.9,,,,,40.78,40.79,12444.4
4435.8,100.0,20681.0,,,,,100.0,100.0,12444.4
4436.8,79.97,21959.9,,,,,79.96,79.98,12444.4
4437.8,95.59,20681.0,,,,,95.59,95.59,12444.4
4438.8,78.43,23980.5,,,,,78.42,78.43,12444.4
4439.8,40.79,22059.9,,,,,40.78,40.8,12444.5
4440.8,100.0,20681.0,,,,,100.0,100.0,12445.3
4441.8,80.02,21976.8,,,,,80.02,80.03,12445.3
4442.8,0.0,21959.9,,,,,0.0,0.0,12445.3
4443.8,100.0,23980.5,,,,,100.0,100.0,12445.4
4444.8,40.83,21959.9,,,,,40.82,40.84,12445.4
4445.8,100.0,20681.0,,,,,100.0,100.0,12445.4
4446.8,80.04,21976.8,,,,,80.03,80.04,12445.4
4447.8,0.0,21959.9,,,,,0.0,0.0,12445.4
4448.8,100.0,23980.5,,,,,100.0,100.0,12445.5
4449.8,40.83,21959.9,,,,,40.83,40.84,12445.5
4450.8,95.54,20681.0,,,,,95.54,95.54,12445.5
4451.8,100.0,21976.8,,,,,100.0,100.0,12445.5
4452.8,0.0,21959.9,,,,,0.0,0.0,12445.5
4453.8,100.0,23980.5,,,,,100.0,100.0,12445.6
4454.8,40.8,21959.9,,,,,40.79,40.8,12445.6
4455.8,95.61,20681.0,,,,,95.61,95.6,12445.6
4456.8,100.0,21976.8,,,,,100.0,100.0,12445.6
4457.8,0.0,21959.9,,,,,0.0,0.0,12445.6
4458.8,100.0,23980.5,,,,,100.0,100.0,12445.6
4459.8,40.79,22059.9,,,,,40.78,40.79,12445.7
4460.8,96.96,20681.0,,,,,96.96,96.96,12446.2
4461.8,78.44,23980.5,,,,,78.44,78.45,12446.2
4462.8,40.81,21959.9,,,,,40.8,40.82,12446.2
4463.8,100.0,20681.0,,,,,100.0,100.0,12446.2
4464.81,79.98,21959.8,,,,,79.96,79.99,12446.3
4465.81,95.67,20681.0,,,,,95.68,95.67,12446.3
4466.81,78.43,23980.5,,,,,78.43,78.43,12446.3
4467.81,40.8,21959.9,,,,,40.8,40.81,12446.3
4468.81,100.0,20681.0,,,,,100.0,100.0,12446.3
4469.81,80.04,21976.8,,,,,80.03,80.05,12446.4
4470.81,95.58,20681.0,,,,,95.58,95.57,12446.4
4471.81,78.43,23980.5,,,,,78.43,78.43,12446.4
4472.81,40.81,21959.9,,,,,40.81,40.82,12446.4
4473.81,100.0,20681.0,,,,,100.0,100.0,12446.4
4474.81,80.03,21976.8,,,,,80.03,80.04,12446.4
4475.81,0.0,21959.9,,,,,0.0,0.0,12446.4
4476.81,100.0,23980.5,,,,,100.0,100.0,12446.5
4477.81,40.8,21959.9,,,,,40.8,40.81,12446.5
4478.81,100.0,20681.0,,,,,100.0,100.0,12446.5
4479.81,80.05,21976.8,,,,,80.04,80.06,12446.5
4480.81,0.0,22059.9,,,,,0.0,0.0,12446.6
4481.81,100.0,20681.0,,,,,100.0,100.0,12446.9
4482.81,79.97,21959.9,,,,,79.96,79.97,12446.9
4483.81,95.59,20681.0,,,,,95.59,95.59,12446.9
4484.81,100.0,21976.8,,,,,100.0,100.0,12446.9
4485.81,0.0,21959.9,,,,,0.0,0.0,12446.9
4486.81,100.0,20681.0,,,,,100.0,100.0,12447.0
4487.81,80.02,21959.9,,,,,80.01,80.03,12447.0
4488.81,95.66,20681.0,,,,,95.66,95.66,12447.0
4489.81,78.37,23980.5,,,,,78.36,78.37,12447.0
4490.81,40.81,21959.9,,,,,40.8,40.82,12447.0
4491.81,100.0,20681.0,,,,,100.0,100.0,12447.1
4492.81,79.98,21959.9,,,,,79.97,79.99,12447.1
4493.81,95.67,20681.0,,,,,95.67,95.67,12447.1
4494.81,78.43,23980.5,,,,,78.43,78.43,12447.1
4495.81,40.81,21959.9,,,,,40.8,40.81,12447.1
4496.81,100.0,20681.0,,,,,100.0,100.0,12447.1
4497.81,80.05,21959.9,,,,,80.04,80.06,12447.2
4498.81,95.53,20681.0,,,,,95.53,95.53,12447.2
4499.81,78.44,23980.5,,,,,78.43,78.44,12447.2
4500.81,40.83,22059.9,,,,,40.82,40.84,12447.3
4501.81,100.0,20681.0,,,,,100.0,100.0,12447.4
4502.81,80.07,21976.8,,,,,80.06,80.08,12447.4
4503.81,0.0,21959.9,,,,,0.0,0.0,12447.4
4504.81,100.0,23980.5,,,,,100.0,100.0,12447.4
4505.81,40.84,21959.9,,,,,40.83,40.84,12447.4
4506.81,100.0,20681.0,,,,,100.0,100.0,12447.4
4507.81,80.04,21976.8,,,,,80.03,80.05,12447.5
4508.81,0.0,21959.9,,,,,0.0,0.0,12447.5
4509.81,100.0,23980.5,,,,,100.0,100.0,12447.5
4510.81,40.82,21959.9,,,,,40.81,40.83,12447.5
4511.81,95.58,20681.0,,,,,95.58,95.57,12447.5
4512.81,100.0,21976.8,,,,,100.0,100.0,12447.6
4513.81,0.0,21959.9,,,,,0.0,0.0,12447.6
4514.81,100.0,23980.5,,,,,100.0,100.0,12447.6
4515.81,40.8,21959.9,,,,,40.79,40.8,12447.6
4516.81,95.65,20681.0,,,,,95.65,95.64,12447.6
4517.81,100.0,21976.8,,,,,100.0,100.0,12447.7
4518.81,0.0,21959.9,,,,,0.0,0.0,12447.7
4519.81,100.0,23980.5,,,,,100.0,100.0,12447.7
4520.81,40.8,22059.9,,,,,40.8,40.81,12447.8
4521.81,96.87,20681.0,,,,,96.86,96.88,12449.0
4522.81,78.46,23980.5,,,,,78.46,78.46,12449.0
4523.81,40.79,21959.9,,,,,40.78,40.8,12449.0
4524.81,100.0,20681.0,,,,,100.0,100.0,12449.0
4525.81,80.02,21959.9,,,,,80.02,80.02,12449.0
4526.81,95.55,20681.0,,,,,95.56,95.55,12449.0
4527.81,78.47,23980.5,,,,,78.47,78.48,12449.1
4528.81,40.81,21959.9,,,,,40.81,40.82,12449.1
4529.81,100.0,20681.0,,,,,100.0,100.0,12449.1
4530.81,80.02,21959.9,,,,,80.02,80.03,12449.1
4531.82,95.53,20681.0,,,,,95.53,95.53,12449.1
4532.82,78.43,23980.5,,,,,78.42,78.43,12449.2
4533.82,40.82,21959.9,,,,,40.82,40.82,12449.2
4534.82,100.0,20681.0,,,,,100.0,100.0,12449.2
4535.82,79.95,21976.8,,,,,79.95,79.96,12449.2
4536.82,95.6,20681.0,,,,,95.6,95.6,12449.2
4537.82,78.48,23980.5,,,,,78.48,78.48,12449.3
4538.82,40.82,21959.9,,,,,40.81,40.82,12449.3
4539.82,100.0,20681.0,,,,,100.0,100.0,12449.3
4540.82,80.02,21976.8,,,,,80.01,80.02,12449.3
4541.82,0.0,22059.9,,,,,0.0,0.0,12449.4
4542.82,100.0,20681.0,,,,,100.0,100.0,12449.8
4543.82,80.0,21959.9,,,,,79.99,80.0,12449.8
4544.82,95.57,20681.0,,,,,95.57,95.57,12449.9
4545.82,100.0,21976.8,,,,,100.0,100.0,12449.9
4546.82,0.0,21959.9,,,,,0.0,0.0,12449.9
4547.82,100.0,20681.0,,,,,100.0,100.0,12449.9
4548.82,80.02,21959.9,,,,,80.01,80.03,12449.9
4549.82,95.58,20681.0,,,,,95.58,95.57,12449.9
4550.82,100.0,21976.8,,,,,100.0,100.0,12450.0
4551.82,0.0,21959.9,,,,,0.0,0.0,12450.0
4552.82,100.0,20681.0,,,,,100.0,100.0,12450.0
4553.82,80.1,21959.9,,,,,80.09,80.11,12450.0
4554.82,95.6,20681.0,,,,,95.6,95.6,12450.0
4555.82,78.36,23980.5,,,,,78.35,78.36,12450.1
4556.82,40.85,21959.9,,,,,40.84,40.86,12450.1
4557.82,100.0,20681.0,,,,,100.0,100.0,12450.1
4558.82,80.05,21959.9,,,,,80.03,80.06,12450.1
4559.82,95.53,20681.0,,,,,95.53,95.53,12450.1
4560.82,78.47,23980.5,,,,,78.47,78.48,12450.1
4561.82,40.81,22059.9,,,,,40.8,40.81,12450.2
4562.82,100.0,20681.0,,,,,100.0,100.0,12451.5
4563.82,80.01,21976.8,,,,,80.0,80.02,12451.5
4564.82,0.0,21959.9,,,,,0.0,0.0,12451.5
4565.82,100.0,23980.5,,,,,100.0,100.0,12451.6
4566.82,40.82,21959.9,,,,,40.81,40.82,12451.6
4567.82,100.0,20681.0,,,,,100.0,100.0,12451.6
4568.82,80.01,21976.8,,,,,80.01,80.02,12451.6
4569.82,0.0,21959.9,,,,,0.0,0.0,12451.6
4570.82,100.0,23980.5,,,,,100.0,100.0,12451.7
4571.82,40.78,21959.9,,,,,40.77,40.78,12451.7
4572.82,95.64,20681.0,,,,,95.64,95.63,12451.7
4573.82,100.0,21976.8,,,,,100.0,100.0,12451.7
4574.82,0.0,21959.9,,,,,0.0,0.0,12451.7
4575.82,100.0,23980.5,,,,,100.0,100.0,12451.8
4576.82,40.81,21959.9,,,,,40.81,40.81,12451.8
4577.82,95.59,20681.0,,,,,95.59,95.59,12451.8
4578.82,100.0,21976.8,,,,,100.0,100.0,12451.8
4579.82,0.0,21959.9,,,,,0.0,0.0,12451.8
4580.82,100.0,23980.5,,,,,100.0,100.0,12451.8
4581.82,40.81,22059.9,,,,,40.8,40.81,12451.9
4582.82,96.85,20681.0,,,,,96.84,96.86,12452.4
4583.82,78.38,23980.5,,,,,78.38,78.39,12452.4
4584.82,40.8,21959.9,,,,,40.8,40.81,12452.4
4585.82,100.0,20681.0,,,,,100.0,100.0,12452.4
4586.82,80.05,21959.9,,,,,80.04,80.06,12452.4
4587.82,95.54,20681.0,,,,,95.54,95.54,12452.4
4588.82,78.46,23980.5,,,,,78.46,78.47,12452.5
4589.82,40.82,21959.9,,,,,40.82,40.83,12452.5
4590.82,100.0,20681.0,,,,,100.0,100.0,12452.5
4591.82,79.97,21951.8,,,,,79.96,79.98,12452.5
4592.82,95.66,20681.0,,,,,95.66,95.66,12452.5
4593.82,78.43,23980.5,,,,,78.43,78.44,12452.6
4594.82,40.8,21959.9,,,,,40.79,40.8,12452.6
4595.82,100.0,20681.0,,,,,100.0,100.0,12452.6
4596.83,80.02,21976.8,,,,,80.01,80.03,12452.6
4597.83,95.63,20681.0,,,,,95.63,95.63,12452.6
4598.83,78.4,23980.5,,,,,78.4,78.41,12452.6
4599.83,40.81,21959.9,,,,,40.8,40.82,12452.6
4600.83,100.0,20681.0,,,,,100.0,100.0,12452.7
4601.83,80.03,21976.8,,,,,80.03,80.04,12452.7
4602.83,0.0,22059.9,,,,,0.0,0.0,12452.7
4603.83,100.0,20681.0,,,,,100.0,100.0,12452.9
4604.83,80.06,21959.9,,,,,80.05,80.07,12453.0
4605.83,95.55,20681.0,,,,,95.55,95.54,12453.0
4606.83,100.0,21976.8,,,,,100.0,100.0,12453.0
4607.83,0.0,21959.9,,,,,0.0,0.0,12453.0
4608.83,100.0,20681.0,,,,,100.0,100.0,12453.0
4609.83,79.93,21959.9,,,,,79.93,79.92,12453.1
4610.83,95.71,20681.0,,,,,95.7,95.73,12453.1
4611.83,100.0,21976.8,,,,,100.0,100.0,12453.1
4612.83,0.0,21959.9,,,,,0.0,0.0,12453.1
4613.83,100.0,20681.0,,,,,100.0,100.0,12453.1
4614.83,79.97,21959.9,,,,,79.96,79.98,12453.1
4615.83,95.62,20681.0,,,,,95.63,95.62,12453.2
4616.83,78.38,23980.5,,,,,78.37,78.39,12453.2
4617.83,40.84,21959.9,,,,,40.83,40.85,12453.2
4618.83,100.0,20681.0,,,,,100.0,100.0,12453.2
4619.83,79.97,21959.9,,,,,79.96,79.98,12453.2
4620.83,95.66,20681.0,,,,,95.66,95.65,12453.2
4621.83,78.45,23980.5,,,,,78.45,78.46,12453.3
4622.83,40.78,22059.9,,,,,40.78,40.79,12453.3
4623.83,100.0,20681.0,,,,,100.0,100.0,12453.5
4624.83,80.06,21976.8,,,,,80.05,80.07,12453.5
4625.83,0.0,21959.9,,,,,0.0,0.0,12453.5
4626.83,100.0,23980.5,,,,,100.0,100.0,12453.5
4627.83,40.82,21959.9,,,,,40.81,40.82,12453.5
4628.83,100.0,20681.0,,,,,100.0,100.0,12453.6
4629.83,79.98,21976.8,,,,,79.98,79.99,12453.6
4630.83,0.0,21959.9,,,,,0.0,0.0,12453.6
4631.83,100.0,23980.5,,,,,100.0,100.0,12453.6
4632.83,40.81,21959.9,,,,,40.8,40.81,12453.6
4633.83,95.64,20681.0,,,,,95.65,95.64,12453.6
4634.83,100.0,21976.8,,,,,100.0,100.0,12453.7
4635.83,0.0,21959.9,,,,,0.0,0.0,12453.7
4636.83,100.0,23980.5,,,,,100.0,100.0,12453.7
4637.83,40.85,21959.9,,,,,40.84,40.85,12453.7
4638.83,95.56,20681.0,,,,,95.56,95.56,12453.7
4639.83,100.0,21976.8,,,,,100.0,100.0,12453.8
4640.83,0.0,21959.9,,,,,0.0,0.0,12453.8
4641.83,100.0,23980.5,,,,,100.0,100.0,12453.8
4642.83,40.8,22059.9,,,,,40.8,40.81,12453.9
4643.83,96.84,20681.0,,,,,96.84,96.84,12454.2
4644.83,78.41,23980.5,,,,,78.4,78.42,12454.2
4645.83,40.82,21959.9,,,,,40.82,40.82,12454.2
4646.83,100.0,20681.0,,,,,100.0,100.0,12454.3
4647.83,80.02,21959.9,,,,,80.02,80.02,12454.3
4648.83,95.65,20681.0,,,,,95.64,95.66,12454.3
4649.83,78.4,23980.5,,,,,78.39,78.4,12454.3
4650.83,40.83,21959.9,,,,,40.82,40.84,12454.3
4651.83,100.0,20681.0,,,,,100.0,100.0,12454.3
4652.83,80.04,21951.8,,,,,80.03,80.05,12454.4
4653.83,95.56,20681.0,,,,,95.55,95.56,12454.4
4654.83,78.45,23980.5,,,,,78.45,78.45,12454.4
4655.83,40.78,21959.9,,,,,40.77,40.79,12454.4
4656.83,100.0,20681.0,,,,,100.0,100.0,12454.4
4657.83,80.02,21976.8,,,,,80.01,80.03,12454.5
4658.83,95.63,20681.0,,,,,95.64,95.63,12454.5
4659.83,78.41,23980.5,,,,,78.41,78.42,12454.5
4660.83,40.78,21959.9,,,,,40.78,40.79,12454.5
4661.84,100.0,20681.0,,,,,100.0,100.0,12454.5
4662.84,80.01,21976.8,,,,,80.0,80.02,12454.6
4663.84,0.0,22059.9,,,,,0.0,0.0,12454.6
4664.84,100.0,20681.0,,,,,100.0,100.0,12455.4
4665.84,40.82,21959.9,,,,,40.81,40.83,12455.5
4666.84,95.54,20681.0,,,,,95.55,95.53,12455.5
4667.84,100.0,21976.8,,,,,100.0,100.0,12455.5
4668.84,0.0,21959.9,,,,,0.0,0.0,12455.5
4669.84,100.0,20681.0,,,,,100.0,100.0,12455.5
4670.84,79.99,21959.9,,,,,79.98,80.0,12455.6
4671.84,95.63,20681.0,,,,,95.63,95.62,12455.6
4672.84,100.0,21976.8,,,,,100.0,100.0,12455.6
4673.84,0.0,21959.9,,,,,0.0,0.0,12455.6
4674.84,100.0,20681.0,,,,,100.0,100.0,12455.6
4675.84,80.06,21959.9,,,,,80.06,80.06,12455.6
4676.84,95.53,20681.0,,,,,95.54,95.53,12455.7
4677.84,78.47,23980.5,,,,,78.47,78.48,12455.7
4678.84,40.81,21959.9,,,,,40.8,40.81,12455.7
4679.84,100.0,20681.0,,,,,100.0,100.0,12455.7
4680.84,79.98,21959.9,,,,,79.98,79.99,12455.7
4681.84,95.61,20681.0,,,,,95.62,95.61,12455.7
4682.84,78.45,23980.5,,,,,78.44,78.45,12455.8
4683.84,40.81,22059.9,,,,,40.8,40.82,12455.8
4684.84,100.0,20681.0,,,,,100.0,100.0,12457.1
4685.84,80.06,21976.8,,,,,80.06,80.06,12457.1
4686.84,0.0,21959.9,,,,,0.0,0.0,12457.1
4687.84,100.0,23980.5,,,,,100.0,100.0,12457.2
4688.84,40.84,21959.9,,,,,40.83,40.84,12457.2
4689.84,100.0,20681.0,,,,,100.0,100.0,12457.2
4690.84,80.07,21976.8,,,,,80.06,80.08,12457.2
4691.84,0.0,21959.9,,,,,0.0,0.0,12457.2
4692.84,100.0,23980.5,,,,,100.0,100.0,12457.2
4693.84,40.81,21959.9,,,,,40.81,40.81,12457.3
4694.84,95.58,20681.0,,,,,95.59,95.58,12457.3
4695.84,100.0,21976.8,,,,,100.0,100.0,12457.3
4696.84,0.0,21959.9,,,,,0.0,0.0,12457.3
4697.84,100.0,23980.5,,,,,100.0,100.0,12457.3
4698.84,40.81,21959.9,,,,,40.8,40.81,12457.3
4699.84,95.58,20681.0,,,,,95.59,95.58,12457.4
4700.84,100.0,21976.8,,,,,100.0,100.0,12457.4
4701.84,0.0,21959.9,,,,,0.0,0.0,12457.4
4702.84,100.0,23980.5,,,,,100.0,100.0,12457.4
4703.84,40.79,22059.9,,,,,40.79,40.8,12457.5
4704.84,96.85,20681.0,,,,,96.85,96.86,12457.6
4705.84,78.49,23980.5,,,,,78.49,78.49,12457.6
4706.84,40.81,21959.9,,,,,40.8,40.82,12457.6
4707.84,100.0,20681.0,,,,,100.0,100.0,12457.6
4708.84,80.01,21959.9,,,,,80.01,80.02,12457.6
4709.84,95.64,20681.0,,,,,95.64,95.63,12457.6
4710.84,78.44,23980.5,,,,,78.44,78.45,12457.7
4711.84,40.79,21959.9,,,,,40.79,40.8,12457.7
4712.84,100.0,20681.0,,,,,100.0,100.0,12457.7
4713.84,79.96,21959.8,,,,,79.96,79.96,12457.7
4714.84,95.65,20681.0,,,,,95.65,95.65,12457.7
4715.84,78.42,23980.5,,,,,78.42,78.43,12457.8
4716.84,40.8,21959.9,,,,,40.8,40.81,12457.8
4717.84,100.0,20681.0,,,,,100.0,100.0,12457.8
4718.84,80.02,21976.8,,,,,80.01,80.02,12457.8
4719.84,95.58,20681.0,,,,,95.58,95.58,12457.8
4720.84,78.38,23980.5,,,,,78.38,78.38,12457.8
4721.84,40.85,21959.9,,,,,40.84,40.85,12457.9
4722.84,100.0,20681.0,,,,,100.0,100.0,12457.9
4723.84,80.02,21976.8,,,,,80.01,80.03,12457.9
4724.84,0.0,22059.9,,,,,0.0,0.0,12457.9
4725.84,100.0,20681.0,,,,,100.0,100.0,12459.2
4726.84,80.02,21959.9,,,,,80.01,80.03,12459.2
4727.85,95.53,20681.0,,,,,95.54,95.53,12459.2
4728.85,100.0,21976.8,,,,,100.0,100.0,12459.3
4729.85,0.0,21959.9,,,,,0.0,0.0,12459.3
4730.85,100.0,20681.0,,,,,100.0,100.0,12459.3
4731.85,80.02,21959.9,,,,,80.01,80.02,12459.3
4732.85,95.53,20681.0,,,,,95.53,95.53,12459.3
4733.85,100.0,21976.9,,,,,100.0,100.0,12459.4
4734.85,0.0,21959.9,,,,,0.0,0.0,12459.4
4735.85,100.0,20681.0,,,,,100.0,100.0,12459.4
4736.85,80.0,21959.9,,,,,79.99,80.02,12459.4
4737.85,95.65,20681.0,,,,,95.65,95.65,12459.4
4738.85,78.39,23980.5,,,,,78.39,78.4,12459.5
4739.85,40.83,21959.9,,,,,40.83,40.84,12459.5
4740.85,100.0,20681.0,,,,,100.0,100.0,12459.5
4741.85,80.05,21959.9,,,,,80.04,80.07,12459.5
4742.85,95.53,20681.0,,,,,95.53,95.52,12459.5
4743.85,78.43,23980.5,,,,,78.42,78.44,12459.5
4744.85,40.86,22059.9,,,,,40.85,40.86,12459.6
4745.85,100.0,20681.0,,,,,100.0,100.0,12460.8
4746.85,80.03,21976.8,,,,,80.02,80.04,12460.9
4747.85,0.0,21959.9,,,,,0.0,0.0,12460.9
4748.85,100.0,23980.5,,,,,100.0,100.0,12460.9
4749.85,40.79,21959.9,,,,,40.78,40.8,12460.9
4750.85,100.0,20681.0,,,,,100.0,100.0,12460.9
4751.85,80.01,21976.8,,,,,80.0,80.02,12461.0
4752.85,0.0,21959.9,,,,,0.0,0.0,12461.0
4753.85,100.0,23980.5,,,,,100.0,100.0,12461.0
4754.85,40.78,21959.9,,,,,40.78,40.79,12461.0
4755.85,100.0,20681.0,,,,,100.0,100.0,12461.0
4756.85,79.96,21976.8,,,,,79.95,79.96,12461.0
4757.85,0.0,21959.9,,,,,0.0,0.0,12461.0
4758.85,100.0,23980.5,,,,,100.0,100.0,12461.1
4759.85,40.84,21959.9,,,,,40.83,40.84,12461.1
4760.85,95.6,20681.0,,,,,95.6,95.59,12461.1
4761.85,100.0,21976.8,,,,,100.0,100.0,12461.1
4762.85,0.0,21959.9,,,,,0.0,0.0,12461.1
4763.85,100.0,23980.5,,,,,100.0,100.0,12461.2
4764.85,40.83,22059.9,,,,,40.83,40.84,12461.2
4765.85,96.87,20681.0,,,,,96.87,96.87,12461.5
4766.85,78.38,23980.5,,,,,78.37,78.38,12461.5
4767.85,40.82,21959.9,,,,,40.82,40.83,12461.5
4768.85,100.0,20681.0,,,,,100.0,100.0,12461.5
4769.85,79.96,21959.9,,,,,79.95,79.97,12461.6
4770.85,95.65,20681.0,,,,,95.64,95.65,12461.6
4771.85,78.46,23980.5,,,,,78.46,78.46,12461.6
4772.85,40.83,21959.9,,,,,40.82,40.83,12461.6
4773.85,100.0,20681.0,,,,,100.0,100.0,12461.6
4774.85,80.01,21959.9,,,,,80.01,80.02,12461.7
4775.85,95.6,20681.0,,,,,95.6,95.6,12461.7
4776.85,78.43,23980.5,,,,,78.43,78.44,12461.7
4777.85,40.82,21959.9,,,,,40.81,40.82,12461.7
4778.85,100.0,20681.0,,,,,100.0,100.0,12461.7
4779.85,80.02,21943.8,,,,,80.01,80.03,12461.8
4780.85,95.59,20681.0,,,,,95.59,95.59,12461.8
4781.85,78.43,23980.5,,,,,78.42,78.43,12461.8
4782.85,40.81,21959.9,,,,,40.81,40.81,12461.8
4783.85,100.0,20681.0,,,,,100.0,100.0,12461.8
4784.85,79.96,21976.8,,,,,79.95,79.97,12461.8
4785.85,95.59,20681.0,,,,,95.59,95.58,12461.9
4786.85,79.75,23980.5,,,,,79.74,79.76,12462.0
4787.85,40.81,21959.9,,,,,40.8,40.81,12462.0
4788.85,95.53,20681.0,,,,,95.53,95.53,12462.0
4789.85,100.0,21976.8,,,,,100.0,100.0,12462.0
4790.86,0.0,21959.9,,,,,0.0,0.0,12462.0
4791.86,100.0,20681.0,,,,,100.0,100.0,12462.1
4792.86,40.78,21959.9,,,,,40.77,40.78,12462.1
4793.86,95.59,20681.0,,,,,95.59,95.59,12462.1
4794.86,100.0,21976.8,,,,,100.0,100.0,12462.1
4795.86,0.0,21959.9,,,,,0.0,0.0,12462.1
4796.86,100.0,20681.0,,,,,100.0,100.0,12462.1
4797.86,80.01,21959.9,,,,,80.0,80.02,12462.2
4798.86,95.57,20681.0,,,,,95.57,95.57,12462.2
4799.86,100.0,21976.8,,,,,100.0,100.0,12462.2
4800.86,0.0,21959.9,,,,,0.0,0.0,12462.2
4801.86,100.0,20681.0,,,,,100.0,100.0,12462.2
4802.86,79.99,21959.9,,,,,79.98,80.0,12462.3
4803.86,95.65,20681.0,,,,,95.65,95.65,12462.3
4804.86,100.0,21976.8,,,,,100.0,100.0,12462.3
4805.86,0.0,22059.9,,,,,0.0,0.0,12462.4
4806.86,100.0,20681.0,,,,,100.0,100.0,12463.8
4807.86,80.03,21976.8,,,,,80.02,80.04,12463.9
4808.86,0.0,21959.9,,,,,0.0,0.0,12463.9
4809.86,100.0,23980.5,,,,,100.0,100.0,12463.9
4810.86,40.79,21959.9,,,,,40.79,40.8,12463.9
4811.86,100.0,20681.0,,,,,100.0,100.0,12463.9
4812.86,79.98,21976.8,,,,,79.97,79.99,12463.9
4813.86,0.0,21959.9,,,,,0.0,0.0,12463.9
4814.86,100.0,23980.5,,,,,100.0,100.0,12464.0
4815.86,40.82,21959.9,,,,,40.81,40.82,12464.0
4816.86,100.0,20681.0,,,,,100.0,100.0,12464.0
4817.86,79.98,21976.8,,,,,79.98,79.99,12464.0
4818.86,0.0,21959.9,,,,,0.0,0.0,12464.0
4819.86,100.0,23980.5,,,,,100.0,100.0,12464.1
4820.86,40.8,21959.9,,,,,40.8,40.81,12464.1
4821.86,100.0,20681.0,,,,,100.0,100.0,12464.1
4822.86,80.02,21976.8,,,,,80.01,80.03,12464.1
4823.86,0.0,21959.9,,,,,0.0,0.0,12464.1
4824.86,100.0,23980.5,,,,,100.0,100.0,12464.2
4825.86,40.82,22059.9,,,,,40.82,40.82,12464.2
4826.86,96.86,20681.0,,,,,96.86,96.86,12464.7
4827.86,100.0,21976.8,,,,,100.0,100.0,12464.7
4828.86,0.0,21959.9,,,,,0.0,0.0,12464.7
4829.86,100.0,20681.0,,,,,100.0,100.0,12464.7
4830.86,80.01,21959.9,,,,,80.01,80.01,12464.8
4831.86,95.59,20681.0,,,,,95.59,95.59,12464.8
4832.86,78.37,23980.5,,,,,78.36,78.38,12464.8
4833.86,40.81,21959.9,,,,,40.81,40.82,12464.8
4834.86,100.0,20681.0,,,,,100.0,100.0,12464.8
4835.86,80.18,21959.9,,,,,80.17,80.18,12464.9
4836.86,95.55,20681.0,,,,,95.55,95.55,12464.9
4837.86,78.43,23980.5,,,,,78.42,78.44,12464.9
4838.86,40.81,21959.9,,,,,40.81,40.82,12464.9
4839.86,100.0,20681.0,,,,,100.0,100.0,12464.9
4840.86,79.99,21959.9,,,,,79.99,80.0,12464.9
4841.86,95.53,20681.0,,,,,95.53,95.54,12465.0
4842.86,78.48,23980.5,,,,,78.47,78.48,12465.0
4843.86,40.82,21959.9,,,,,40.82,40.83,12465.0
4844.86,100.0,20681.0,,,,,100.0,100.0,12465.0
4845.86,80.0,21959.9,,,,,79.99,80.01,12465.0
4846.86,96.79,20681.0,,,,,96.79,96.8,12465.3
4847.86,78.44,23980.5,,,,,78.43,78.44,12465.3
4848.86,40.82,21959.9,,,,,40.82,40.83,12465.3
4849.86,100.0,20681.0,,,,,100.0,100.0,12465.3
4850.86,80.08,21976.8,,,,,80.07,80.09,12465.4
4851.86,0.0,21959.9,,,,,0.0,0.0,12465.4
4852.87,100.0,23980.5,,,,,100.0,100.0,12465.4
4853.87,40.81,21959.9,,,,,40.81,40.81,12465.4
4854.87,100.0,20681.0,,,,,100.0,100.0,12465.4
4855.87,79.99,21976.8,,,,,79.98,79.99,12465.5
4856.87,0.0,21959.9,,,,,0.0,0.0,12465.5
4857.87,100.0,23980.5,,,,,100.0,100.0,12465.5
4858.87,40.8,21959.9,,,,,40.8,40.81,12465.5
4859.87,95.51,20681.0,,,,,95.52,95.51,12465.5
4860.87,100.0,21976.8,,,,,100.0,100.0,12465.5
4861.87,0.0,21959.9,,,,,0.0,0.0,12465.6
4862.87,100.0,23980.5,,,,,100.0,100.0,12465.6
4863.87,40.83,21959.9,,,,,40.83,40.83,12465.6
4864.87,95.55,20681.0,,,,,95.55,95.55,12465.6
4865.87,100.0,21976.8,,,,,100.0,100.0,12465.6
4866.87,0.0,22059.9,,,,,0.0,0.0,12465.7
4867.87,100.0,20681.0,,,,,100.0,100.0,12465.9
4868.87,80.01,21959.9,,,,,80.01,80.02,12465.9
4869.87,95.55,20681.0,,,,,95.55,95.55,12465.9
4870.87,78.49,23980.5,,,,,78.48,78.49,12466.0
4871.87,40.78,21959.9,,,,,40.77,40.78,12466.0
4872.87,100.0,20681.0,,,,,100.0,100.0,12466.0
4873.87,79.97,21959.9,,,,,79.96,79.98,12466.0
4874.87,95.63,20681.0,,,,,95.63,95.62,12466.0
4875.87,78.46,23980.5,,,,,78.45,78.46,12466.1
4876.87,40.79,21959.9,,,,,40.78,40.79,12466.1
4877.87,100.0,20681.0,,,,,100.0,100.0,12466.1
4878.87,79.98,21959.9,,,,,79.98,79.99,12466.1
4879.87,95.64,20681.0,,,,,95.64,95.64,12466.1
4880.87,78.4,23980.5,,,,,78.39,78.41,12466.2
4881.87,40.84,21959.9,,,,,40.83,40.84,12466.2
4882.87,100.0,20681.0,,,,,100.0,100.0,12466.2
4883.87,80.07,21976.8,,,,,80.06,80.07,12466.2
4884.87,95.59,20681.0,,,,,95.59,95.59,12466.2
4885.87,78.39,23980.5,,,,,78.39,78.39,12466.2
4886.87,40.8,22059.9,,,,,40.8,40.81,12466.3
4887.87,96.9,20681.0,,,,,96.9,96.91,12466.4
4888.87,100.0,21976.8,,,,,100.0,100.0,12466.4
4889.87,0.0,21959.9,,,,,0.0,0.0,12466.4
4890.87,100.0,20681.0,,,,,100.0,100.0,12466.4
4891.87,40.81,21959.9,,,,,40.8,40.82,12466.4
4892.87,95.64,20681.0,,,,,95.65,95.64,12466.5
4893.87,100.0,21976.8,,,,,100.0,100.0,12466.5
4894.87,0.0,21959.9,,,,,0.0,0.0,12466.5
4895.87,100.0,20681.0,,,,,100.0,100.0,12466.5
4896.87,79.99,21959.9,,,,,79.98,80.01,12466.5
4897.87,95.66,20681.0,,,,,95.66,95.66,12466.6
4898.87,100.0,21976.8,,,,,100.0,100.0,12466.6
4899.87,0.0,21959.9,,,,,0.0,0.0,12466.6
4900.87,100.0,20681.0,,,,,100.0,100.0,12466.6
4901.87,80.01,21959.9,,,,,80.0,80.02,12466.6
4902.87,95.59,20681.0,,,,,95.59,95.58,12466.6
4903.87,100.0,21976.8,,,,,100.0,100.0,12466.7
4904.87,0.0,21959.9,,,,,0.0,0.0,12466.7
4905.87,100.0,20681.0,,,,,100.0,100.0,12466.7
4906.87,80.08,22059.9,,,,,80.07,80.09,12466.8
4907.87,96.79,20681.0,,,,,96.79,96.8,12466.9
4908.87,78.42,23980.5,,,,,78.42,78.43,12466.9
4909.87,40.81,21959.9,,,,,40.8,40.82,12466.9
4910.87,100.0,20681.0,,,,,100.0,100.0,12466.9
4911.87,80.01,21976.8,,,,,80.0,80.01,12466.9
4912.87,0.0,21959.9,,,,,0.0,0.0,12466.9
4913.87,100.0,23980.5,,,,,100.0,100.0,12467.0
4914.87,40.8,21959.9,,,,,40.8,40.81,12467.0
4915.87,100.0,20681.0,,,,,100.0,100.0,12467.0
4916.88,80.02,21976.8,,,,,80.01,80.02,12467.0
4917.88,0.0,21959.9,,,,,0.0,0.0,12467.0
4918.88,100.0,23980.5,,,,,100.0,100.0,12467.1
4919.88,40.81,21959.9,,,,,40.8,40.81,12467.1
4920.88,100.0,20681.0,,,,,100.0,100.0,12467.1
4921.88,80.0,21976.8,,,,,79.99,80.02,12467.1
4922.88,0.0,21959.9,,,,,0.0,0.0,12467.1
4923.88,100.0,23980.5,,,,,100.0,100.0,12467.1
4924.88,40.78,21959.9,,,,,40.77,40.79,12467.2
4925.88,100.0,20681.0,,,,,100.0,100.0,12467.2
4926.88,79.99,21976.8,,,,,79.99,80.0,12467.2
4927.88,0.0,22059.9,,,,,0.0,0.0,12467.2
4928.88,100.0,20681.0,,,,,100.0,100.0,12467.8
4929.88,80.02,21959.9,,,,,80.01,80.03,12467.8
4930.88,95.55,20681.0,,,,,95.56,95.55,12467.8
4931.88,78.47,23980.5,,,,,78.47,78.48,12467.8
4932.88,40.81,21959.9,,,,,40.81,40.82,12467.8
4933.88,100.0,20681.0,,,,,100.0,100.0,12467.8
4934.88,80.01,21959.9,,,,,80.0,80.02,12467.9
4935.88,95.65,20681.0,,,,,95.66,95.65,12467.9
4936.88,78.38,23980.5,,,,,78.38,78.38,12467.9
4937.88,40.81,21959.9,,,,,40.81,40.82,12467.9
4938.88,100.0,20681.0,,,,,100.0,100.0,12467.9
4939.88,80.03,21959.9,,,,,80.02,80.04,12468.0
4940.88,95.56,20681.0,,,,,95.56,95.55,12468.0
4941.88,78.43,23980.5,,,,,78.42,78.43,12468.0
4942.88,40.83,21959.9,,,,,40.83,40.84,12468.0
4943.88,100.0,20681.0,,,,,100.0,100.0,12468.0
4944.88,80.0,21959.9,,,,,80.0,80.01,12468.1
4945.88,95.52,20681.0,,,,,95.51,95.52,12468.1
4946.88,78.48,23980.5,,,,,78.47,78.49,12468.1
4947.88,41.03,22059.9,,,,,41.03,41.04,12468.2
4948.88,100.0,20681.0,,,,,100.0,100.0,12468.5
4949.88,80.08,21976.8,,,,,80.07,80.09,12468.5
4950.88,0.0,21959.9,,,,,0.0,0.0,12468.5
4951.88,100.0,23980.5,,,,,100.0,100.0,12468.6
4952.88,40.8,21959.9,,,,,40.79,40.81,12468.6
4953.88,95.65,20681.0,,,,,95.65,95.65,12468.6
4954.88,100.0,21976.8,,,,,100.0,100.0,12468.6
4955.88,0.0,21959.9,,,,,0.0,0.0,12468.6
4956.88,100.0,23980.5,,,,,100.0,100.0,12468.7
4957.88,40.84,21959.9,,,,,40.84,40.84,12468.7
4958.88,95.59,20681.0,,,,,95.59,95.59,12468.7
4959.88,100.0,21976.8,,,,,100.0,100.0,12468.7
4960.88,0.0,21959.9,,,,,0.0,0.0,12468.7
4961.88,100.0,23980.5,,,,,100.0,100.0,12468.8
4962.88,40.83,21959.9,,,,,40.83,40.84,12468.8
4963.88,95.59,20681.0,,,,,95.6,95.59,12468.8
4964.88,100.0,21976.8,,,,,100.0,100.0,12468.8
4965.88,0.0,21959.9,,,,,0.0,0.0,12468.8
4966.88,100.0,23980.5,,,,,100.0,100.0,12468.8
4967.88,40.81,22059.9,,,,,40.8,40.81,12468.9
4968.88,96.9,20681.0,,,,,96.9,96.89,12469.7
4969.88,78.37,23980.5,,,,,78.36,78.37,12469.7
4970.88,40.84,21959.9,,,,,40.83,40.84,12469.7
4971.88,100.0,20681.0,,,,,100.0,100.0,12469.8
4972.88,80.06,21959.9,,,,,80.05,80.07,12469.8
4973.88,95.54,20681.0,,,,,95.54,95.53,12469.8
4974.88,78.5,23980.5,,,,,78.49,78.5,12469.8
4975.88,40.78,21959.9,,,,,40.78,40.78,12469.8
4976.88,100.0,20681.0,,,,,100.0,100.0,12469.8
4977.88,80.06,21952.1,,,,,80.06,80.07,12469.9
4978.88,95.53,20681.0,,,,,95.54,95.53,12469.9
4979.89,78.48,23980.5,,,,,78.48,78.48,12469.9
4980.89,40.82,21959.9,,,,,40.82,40.83,12469.9
4981.89,100.0,20681.0,,,,,100.0,100.0,12469.9
4982.89,79.98,21976.8,,,,,79.97,79.99,12470.0
4983.89,95.65,20681.0,,,,,95.65,95.65,12470.0
4984.89,78.43,23980.5,,,,,78.43,78.44,12470.0
4985.89,40.81,21959.9,,,,,40.8,40.82,12470.0
4986.89,100.0,20681.0,,,,,100.0,100.0,12470.0
4987.89,79.95,21976.8,,,,,79.94,79.96,12470.0
4988.89,0.0,22059.9,,,,,0.0,0.0,12470.1
4989.89,100.0,20681.0,,,,,100.0,100.0,12470.6
4990.89,79.99,21959.9,,,,,79.99,80.0,12470.6
4991.89,95.58,20681.0,,,,,95.58,95.58,12470.6
4992.89,100.0,21976.8,,,,,100.0,100.0,12470.7
4993.89,0.0,21959.9,,,,,0.0,0.0,12470.7
4994.89,100.0,20681.0,,,,,100.0,100.0,12470.7
4995.89,80.03,21959.9,,,,,80.02,80.03,12470.7
4996.89,95.57,20681.0,,,,,95.57,95.56,12470.7
4997.89,100.0,21976.8,,,,,100.0,100.0,12470.8
4998.89,0.0,21959.9,,,,,0.0,0.0,12470.8
4999.89,100.0,20681.0,,,,,100.0,100.0,12470.8
5000.89,80.02,21959.9,,,,,80.01,80.03,12470.8
5001.89,95.59,20681.0,,,,,95.59,95.59,12470.8
5002.89,100.0,21976.9,,,,,100.0,100.0,12470.8
5003.89,0.0,21959.9,,,,,0.0,0.0,12470.8
5004.89,100.0,20681.0,,,,,100.0,100.0,12470.9
5005.89,80.02,21959.9,,,,,80.01,80.03,12470.9
5006.89,95.62,20681.0,,,,,95.62,95.62,12470.9
5007.89,78.36,23980.5,,,,,78.36,78.37,12470.9
5008.89,40.81,22059.9,,,,,40.81,40.81,12471.0
5009.89,100.0,20681.0,,,,,100.0,100.0,12471.5
5010.89,80.04,21976.8,,,,,80.03,80.04,12471.5
5011.89,0.0,21959.9,,,,,0.0,0.0,12471.5
5012.89,100.0,23980.5,,,,,100.0,100.0,12471.5
5013.89,40.83,21959.9,,,,,40.82,40.85,12471.5
5014.89,100.0,20681.0,,,,,100.0,100.0,12471.5
5015.89,80.0,21976.8,,,,,79.99,80.0,12471.6
5016.89,0.0,21959.9,,,,,0.0,0.0,12471.6
5017.89,100.0,23980.5,,,,,100.0,100.0,12471.6
5018.89,40.8,21959.9,,,,,40.79,40.81,12471.6
5019.89,100.0,20681.0,,,,,100.0,100.0,12471.6
5020.89,80.08,21976.8,,,,,80.07,80.08,12471.7
5021.89,0.0,21959.9,,,,,0.0,0.0,12471.7
5022.89,100.0,23980.5,,,,,100.0,100.0,12471.7
5023.89,40.79,21959.9,,,,,40.79,40.78,12471.7
5024.89,95.68,20681.0,,,,,95.68,95.69,12471.7
5025.89,100.0,21976.8,,,,,100.0,100.0,12471.8
5026.89,0.0,21959.9,,,,,0.0,0.0,12471.8
5027.89,100.0,23980.5,,,,,100.0,100.0,12471.8
5028.89,40.79,22059.9,,,,,40.78,40.8,12471.9
5029.89,96.86,20681.0,,,,,96.86,96.87,12471.9
5030.89,78.48,23980.5,,,,,78.48,78.49,12472.0
5031.89,40.78,21959.9,,,,,40.78,40.79,12472.0
5032.89,100.0,20681.0,,,,,100.0,100.0,12472.0
5033.89,80.05,21959.9,,,,,80.04,80.06,12472.0
5034.89,95.52,20681.0,,,,,95.53,95.52,12472.0
5035.89,78.43,23980.5,,,,,78.43,78.44,12472.0
5036.89,40.82,21959.9,,,,,40.82,40.82,12472.1
5037.89,100.0,20681.0,,,,,100.0,100.0,12472.1
5038.89,80.02,21959.9,,,,,80.01,80.03,12472.1
5039.89,95.65,20681.0,,,,,95.65,95.64,12472.1
5040.89,78.43,23980.5,,,,,78.43,78.44,12472.1
5041.89,40.81,21959.9,,,,,40.81,40.82,12472.1
5042.9,100.0,20681.0,,,,,100.0,100.0,12472.2
5043.9,80.01,21959.9,,,,,80.0,80.01,12472.2
5044.9,95.6,20681.0,,,,,95.6,95.59,12472.2
5045.9,78.44,23980.5,,,,,78.44,78.45,12472.2
5046.9,40.81,21959.9,,,,,40.8,40.81,12472.2
5047.9,100.0,20681.0,,,,,100.0,100.0,12472.2
5048.9,80.07,21959.9,,,,,80.06,80.08,12472.3
5049.9,96.85,20681.0,,,,,96.86,96.84,12472.6
5050.9,78.45,23980.5,,,,,78.43,78.46,12472.6
5051.9,40.81,21959.9,,,,,40.81,40.82,12472.6
5052.9,95.61,20681.0,,,,,95.61,95.61,12472.6
5053.9,100.0,21976.8,,,,,100.0,100.0,12472.6
5054.9,0.0,21959.9,,,,,0.0,0.0,12472.6
5055.9,100.0,23980.5,,,,,100.0,100.0,12472.7
5056.9,40.84,21959.9,,,,,40.83,40.84,12472.7
5057.9,95.56,20681.0,,,,,95.56,95.56,12472.7
5058.9,100.0,21976.8,,,,,100.0,100.0,12472.7
5059.9,0.0,21959.9,,,,,0.0,0.0,12472.7
5060.9,100.0,20681.0,,,,,100.0,100.0,12472.7
5061.9,80.11,21959.9,,,,,80.1,80.11,12472.8
5062.9,95.61,20681.0,,,,,95.61,95.61,12472.8
5063.9,100.0,21976.8,,,,,100.0,100.0,12472.8
5064.9,0.0,21959.9,,,,,0.0,0.0,12472.8
5065.9,100.0,20681.0,,,,,100.0,100.0,12472.8
5066.9,79.97,21959.9,,,,,79.97,79.98,12472.9
5067.9,95.67,20681.0,,,,,95.67,95.67,12472.9
5068.9,100.0,21976.8,,,,,100.0,100.0,12472.9
5069.9,0.0,22059.9,,,,,0.0,0.0,12473.0
5070.9,100.0,20681.0,,,,,100.0,100.0,12473.1
5071.9,80.02,21976.8,,,,,80.01,80.03,12473.1
5072.9,95.61,20681.0,,,,,95.61,95.61,12473.2
5073.9,78.43,23980.5,,,,,78.42,78.43,12473.2
5074.9,40.79,21959.9,,,,,40.79,40.8,12473.2
5075.9,100.0,20681.0,,,,,100.0,100.0,12473.2
5076.9,80.01,21976.8,,,,,80.0,80.01,12473.2
5077.9,0.0,21959.9,,,,,0.0,0.0,12473.2
5078.9,100.0,23980.5,,,,,100.0,100.0,12473.3
5079.9,40.82,21959.9,,,,,40.81,40.82,12473.3
5080.9,100.0,20681.0,,,,,100.0,100.0,12473.3
5081.9,79.98,21976.8,,,,,79.97,79.99,12473.3
5082.9,0.0,21959.9,,,,,0.0,0.0,12473.3
5083.9,100.0,23980.5,,,,,100.0,100.0,12473.4
5084.9,40.79,21959.9,,,,,40.79,40.8,12473.4
5085.9,100.0,20681.0,,,,,100.0,100.0,12473.4
5086.9,79.96,21976.8,,,,,79.95,79.97,12473.4
5087.9,0.0,21959.9,,,,,0.0,0.0,12473.4
5088.9,100.0,23980.5,,,,,100.0,100.0,12473.4
5089.9,40.8,22059.9,,,,,40.8,40.81,12473.5
5090.9,96.83,20681.0,,,,,96.83,96.83,12473.8
5091.9,78.5,23980.5,,,,,78.5,78.51,12473.8
5092.9,40.81,21959.9,,,,,40.8,40.81,12473.8
5093.9,100.0,20681.0,,,,,100.0,100.0,12473.8
5094.9,79.97,21959.9,,,,,79.96,79.97,12473.9
5095.9,95.66,20681.0,,,,,95.66,95.66,12473.9
5096.9,78.42,23980.5,,,,,78.42,78.43,12473.9
5097.9,40.8,21959.9,,,,,40.79,40.81,12473.9
5098.9,100.0,20681.0,,,,,100.0,100.0,12473.9
5099.9,79.96,21959.9,,,,,79.95,79.97,12474.0
5100.9,95.66,20681.0,,,,,95.66,95.66,12474.0
5101.9,78.43,23980.5,,,,,78.42,78.44,12474.0
5102.9,40.81,21959.9,,,,,40.81,40.82,12474.0
5103.9,100.0,20681.0,,,,,100.0,100.0,12474.0
5104.9,79.98,21943.8,,,,,79.97,79.98,12474.1
5105.9,95.6,20681.0,,,,,95.59,95.6,12474.1
5106.9,78.46,23980.5,,,,,78.46,78.46,12474.1
5107.91,40.79,21959.9,,,,,40.79,40.8,12474.1
5108.91,100.0,20681.0,,,,,100.0,100.0,12474.1
5109.91,80.07,21976.8,,,,,80.06,80.08,12474.1
5110.91,0.0,22059.9,,,,,0.0,0.0,12474.2
5111.91,100.0,23980.5,,,,,100.0,100.0,12474.4
5112.91,40.79,21959.9,,,,,40.79,40.8,12474.4
5113.91,95.58,20681.0,,,,,95.57,95.58,12474.4
5114.91,100.0,21976.8,,,,,100.0,100.0,12474.4
5115.91,0.0,21959.9,,,,,0.0,0.0,12474.4
5116.91,100.0,20681.0,,,,,100.0,100.0,12474.4
5117.91,80.0,21959.9,,,,,79.99,80.01,12474.5
5118.91,95.62,20681.0,,,,,95.62,95.61,12474.5
5119.91,100.0,21976.8,,,,,100.0,100.0,12474.5
5120.91,0.0,21959.9,,,,,0.0,0.0,12474.5
5121.91,100.0,20681.0,,,,,100.0,100.0,12474.5
5122.91,80.02,21959.9,,,,,80.02,80.03,12474.6
5123.91,95.56,20681.0,,,,,95.56,95.57,12474.6
5124.91,78.48,23980.5,,,,,78.48,78.48,12474.6
5125.91,40.79,21959.9,,,,,40.78,40.79,12474.6
5126.91,100.0,20681.0,,,,,100.0,100.0,12474.6
5127.91,80.02,21959.9,,,,,80.02,80.03,12474.7
5128.91,95.61,20681.0,,,,,95.62,95.61,12474.7
5129.91,78.43,23980.5,,,,,78.43,78.44,12474.7
5130.91,40.81,22059.9,,,,,40.8,40.81,12474.7
5131.91,100.0,20681.0,,,,,100.0,100.0,12474.8
5132.91,80.01,21976.8,,,,,80.0,80.02,12474.9
5133.91,0.0,21959.9,,,,,0.0,0.0,12474.9
5134.91,100.0,23980.5,,,,,100.0,100.0,12474.9
5135.91,40.81,21959.9,,,,,40.8,40.82,12474.9
5136.91,100.0,20681.0,,,,,100.0,100.0,12474.9
5137.91,80.02,21976.8,,,,,80.01,80.03,12474.9
5138.91,0.0,21959.9,,,,,0.0,0.0,12474.9
5139.91,100.0,23980.5,,,,,100.0,100.0,12475.0
5140.91,40.79,21959.9,,,,,40.78,40.79,12475.0
5141.91,95.59,20681.0,,,,,95.6,95.59,12475.0
5142.91,100.0,21976.8,,,,,100.0,100.0,12475.0
5143.91,0.0,21959.9,,,,,0.0,0.0,12475.0
5144.91,100.0,23980.5,,,,,100.0,100.0,12475.1
5145.91,40.8,21959.9,,,,,40.8,40.8,12475.1
5146.91,95.56,20681.0,,,,,95.57,95.56,12475.1
5147.91,100.0,21976.8,,,,,100.0,100.0,12475.1
5148.91,0.0,21959.9,,,,,0.0,0.0,12475.1
5149.91,100.0,23980.5,,,,,100.0,100.0,12475.2
5150.91,40.84,22059.9,,,,,40.83,40.84,12475.2
5151.91,96.88,20681.0,,,,,96.88,96.88,12475.3
5152.91,78.38,23980.5,,,,,78.38,78.38,12475.3
5153.91,40.8,21959.9,,,,,40.8,40.81,12475.3
5154.91,100.0,20681.0,,,,,100.0,100.0,12475.3
5155.91,80.04,21959.9,,,,,80.04,80.04,12475.4
5156.91,95.64,20681.0,,,,,95.63,95.65,12475.4
5157.91,78.37,23980.5,,,,,78.37,78.37,12475.4
5158.91,40.83,21959.9,,,,,40.83,40.84,12475.4
5159.91,100.0,20681.0,,,,,100.0,100.0,12475.4
5160.91,80.29,21951.8,,,,,80.28,80.29,12475.5
5161.91,95.62,20681.0,,,,,95.62,95.62,12475.5
5162.91,78.4,23980.5,,,,,78.39,78.4,12475.5
5163.91,40.81,21959.9,,,,,40.81,40.82,12475.5
5164.91,100.0,20681.0,,,,,100.0,100.0,12475.5
5165.91,79.99,21976.8,,,,,79.98,80.01,12475.6
5166.91,0.0,21959.9,,,,,0.0,0.0,12475.6
5167.91,100.0,23980.5,,,,,100.0,100.0,12475.6
5168.91,40.78,21959.9,,,,,40.78,40.79,12475.6
5169.91,100.0,20681.0,,,,,100.0,100.0,12475.6
5170.91,79.97,21976.8,,,,,79.97,79.98,12475.6
5171.91,0.0,22059.9,,,,,0.0,0.0,12475.7
5172.91,100.0,20681.0,,,,,100.0,100.0,12475.8
5173.91,80.01,21959.9,,,,,80.01,80.02,12475.8
5174.92,95.6,20681.0,,,,,95.6,95.6,12475.8
5175.92,100.0,21976.8,,,,,100.0,100.0,12475.8
5176.92,0.0,21959.9,,,,,0.0,0.0,12475.8
5177.92,100.0,20681.0,,,,,100.0,100.0,12475.9
5178.92,80.02,21959.9,,,,,80.02,80.03,12475.9
5179.92,95.64,20681.0,,,,,95.64,95.64,12475.9
5180.92,100.0,21976.8,,,,,100.0,100.0,12475.9
5181.92,0.0,21959.9,,,,,0.0,0.0,12475.9
5182.92,100.0,20681.0,,,,,100.0,100.0,12475.9
5183.92,79.98,21959.9,,,,,79.97,79.99,12476.0
5184.92,95.64,20681.0,,,,,95.65,95.64,12476.0
5185.92,78.39,23980.5,,,,,78.39,78.4,12476.0
5186.92,40.84,21959.9,,,,,40.84,40.85,12476.0
5187.92,100.0,20681.0,,,,,100.0,100.0,12476.0
5188.92,79.97,21959.9,,,,,79.96,79.97,12476.1
5189.92,95.64,20681.0,,,,,95.64,95.64,12476.1
5190.92,78.39,23980.5,,,,,78.38,78.39,12476.1
5191.92,40.83,22059.9,,,,,40.82,40.84,12476.2
5192.92,100.0,20681.0,,,,,100.0,100.0,12476.6
5193.92,80.06,21976.8,,,,,80.06,80.07,12476.6
5194.92,0.0,21959.9,,,,,0.0,0.0,12476.6
5195.92,100.0,23980.5,,,,,100.0,100.0,12476.6
5196.92,40.8,21959.9,,,,,40.79,40.8,12476.6
5197.92,100.0,20681.0,,,,,100.0,100.0,12476.6
5198.92,80.01,21976.8,,,,,80.01,80.01,12476.7
5199.92,0.0,21959.9,,,,,0.0,0.0,12476.7
5200.92,100.0,23980.5,,,,,100.0,100.0,12476.7
5201.92,40.8,21959.9,,,,,40.79,40.8,12476.7
5202.92,95.57,20681.0,,,,,95.58,95.57,12476.7
5203.92,100.0,21976.8,,,,,100.0,100.0,12476.8
5204.92,0.0,21959.9,,,,,0.0,0.0,12476.8
5205.92,100.0,23980.5,,,,,100.0,100.0,12476.8
5206.92,40.83,21959.9,,,,,40.83,40.83,12476.8
5207.92,95.52,20681.0,,,,,95.52,95.52,12476.8
5208.92,100.0,21976.8,,,,,100.0,100.0,12476.8
5209.92,0.0,21959.9,,,,,0.0,0.0,12476.9
5210.92,100.0,23980.5,,,,,100.0,100.0,12476.9
5211.92,40.8,22059.9,,,,,40.79,40.81,12476.9
5212.92,96.85,20681.0,,,,,96.85,96.86,12477.0
5213.92,78.43,23980.5,,,,,78.43,78.43,12477.1
5214.92,40.85,21959.9,,,,,40.84,40.85,12477.1
5215.92,100.0,20681.0,,,,,100.0,100.0,12477.1
5216.92,79.96,21959.9,,,,,79.95,79.96,12477.1
5217.92,95.63,20681.0,,,,,95.63,95.63,12477.1
5218.92,78.44,23980.5,,,,,78.44,78.44,12477.1
5219.92,40.81,21959.9,,,,,40.8,40.81,12477.2
5220.92,100.0,20681.0,,,,,100.0,100.0,12477.2
5221.92,79.99,21959.9,,,,,79.99,80.0,12477.2
5222.92,95.67,20681.0,,,,,95.67,95.68,12477.2
5223.92,78.43,23980.5,,,,,78.43,78.43,12477.2
5224.92,40.77,21959.9,,,,,40.77,40.78,12477.2
5225.92,100.0,20681.0,,,,,100.0,100.0,12477.3
5226.92,80.02,21959.9,,,,,80.01,80.02,12477.3
5227.92,95.61,20681.0,,,,,95.61,95.61,12477.3
5228.92,78.44,23980.5,,,,,78.43,78.44,12477.3
5229.92,40.81,21959.9,,,,,40.81,40.82,12477.3
5230.92,100.0,20681.0,,,,,100.0,100.0,12477.3
5231.92,80.01,21943.8,,,,,80.0,80.02,12477.4
5232.92,96.84,20681.0,,,,,96.84,96.84,12477.9
5233.92,78.43,23980.5,,,,,78.44,78.43,12477.9
5234.92,40.82,21959.9,,,,,40.81,40.83,12477.9
5235.92,95.53,20681.0,,,,,95.54,95.53,12477.9
5236.92,100.0,21976.8,,,,,100.0,100.0,12478.0
5237.92,0.0,21959.9,,,,,0.0,0.0,12478.0
5238.92,100.0,23980.5,,,,,100.0,100.0,12478.0
5239.92,40.78,21959.9,,,,,40.77,40.79,12478.0
5240.93,95.58,20681.0,,,,,95.58,95.59,12478.0
5241.93,100.0,21976.8,,,,,100.0,100.0,12478.1
5242.93,0.0,21959.9,,,,,0.0,0.0,12478.1
5243.93,100.0,20681.0,,,,,100.0,100.0,12478.1
5244.93,80.02,21959.9,,,,,80.01,80.03,12478.1
5245.93,95.65,20681.0,,,,,95.65,95.65,12478.1
5246.93,100.0,21976.8,,,,,100.0,100.0,12478.1
5247.93,0.0,21959.9,,,,,0.0,0.0,12478.2
5248.93,100.0,20681.0,,,,,100.0,100.0,12478.2
5249.93,79.98,21959.9,,,,,79.97,79.99,12478.2
5250.93,95.58,20681.0,,,,,95.58,95.58,12478.2
5251.93,100.0,21976.8,,,,,100.0,100.0,12478.2
5252.93,0.0,22059.9,,,,,0.0,0.0,12478.3
5253.93,100.0,20681.0,,,,,100.0,100.0,12479.3
5254.93,80.02,21976.8,,,,,80.01,80.03,12479.3
5255.93,95.59,20681.0,,,,,95.59,95.59,12479.4
5256.93,78.39,23980.5,,,,,78.39,78.39,12479.4
5257.93,40.83,21959.9,,,,,40.83,40.84,12479.4
5258.93,100.0,20681.0,,,,,100.0,100.0,12479.4
5259.93,80.02,21976.8,,,,,80.01,80.03,12479.4
5260.93,0.0,21959.9,,,,,0.0,0.0,12479.4
5261.93,100.0,23980.5,,,,,100.0,100.0,12479.5
5262.93,40.81,21959.9,,,,,40.81,40.82,12479.5
5263.93,100.0,20681.0,,,,,100.0,100.0,12479.5
5264.93,79.96,21976.8,,,,,79.95,79.96,12479.5
5265.93,0.0,21959.9,,,,,0.0,0.0,12479.5
5266.93,100.0,23980.5,,,,,100.0,100.0,12479.6
5267.93,40.81,21959.9,,,,,40.8,40.81,12479.6
5268.93,100.0,20681.0,,,,,100.0,100.0,12479.6
5269.93,80.03,21976.8,,,,,80.02,80.03,12479.6
5270.93,0.0,21959.9,,,,,0.0,0.0,12479.6
5271.93,100.0,23980.5,,,,,100.0,100.0,12479.6
5272.93,40.82,22059.9,,,,,40.81,40.82,12479.7
5273.93,96.91,20681.0,,,,,96.9,96.92,12480.2
5274.93,100.0,21976.9,,,,,100.0,100.0,12480.2
5275.93,0.0,21959.9,,,,,0.0,0.0,12480.2
5276.93,100.0,20681.0,,,,,100.0,100.0,12480.2
5277.93,80.0,21959.9,,,,,79.99,80.01,12480.2
5278.93,95.6,20681.0,,,,,95.6,95.6,12480.2
5279.93,78.37,23980.5,,,,,78.37,78.38,12480.3
5280.93,40.81,21959.9,,,,,40.81,40.82,12480.3
5281.93,100.0,20681.0,,,,,100.0,100.0,12480.3
5282.93,80.02,21959.9,,,,,80.01,80.03,12480.3
5283.93,95.57,20681.0,,,,,95.57,95.57,12480.3
5284.93,78.42,23980.5,,,,,78.43,78.42,12480.4
5285.93,40.81,21959.9,,,,,40.81,40.81,12480.4
5286.93,100.0,20681.0,,,,,100.0,100.0,12480.4
5287.93,79.96,21959.9,,,,,79.96,79.97,12480.4
5288.93,95.65,20681.0,,,,,95.65,95.65,12480.4
5289.93,78.4,23980.5,,,,,78.39,78.4,12480.5
5290.93,40.84,21959.9,,,,,40.83,40.85,12480.5
5291.93,100.0,20681.0,,,,,100.0,100.0,12480.5
5292.93,79.94,21959.9,,,,,79.94,79.95,12480.5
5293.93,96.9,20681.0,,,,,96.9,96.9,12480.9
5294.93,78.46,23980.5,,,,,78.45,78.46,12481.0
5295.93,40.79,21959.9,,,,,40.78,40.79,12481.0
5296.93,100.0,20681.0,,,,,100.0,100.0,12481.0
5297.93,80.08,21976.8,,,,,80.08,80.09,12481.0
5298.93,0.0,21959.9,,,,,0.0,0.0,12481.0
5299.93,100.0,23980.5,,,,,100.0,100.0,12481.0
5300.93,40.83,21959.9,,,,,40.82,40.84,12481.1
5301.93,95.6,20681.0,,,,,95.6,95.6,12481.1
5302.93,100.0,21976.8,,,,,100.0,100.0,12481.1
5303.93,0.0,21959.9,,,,,0.0,0.0,12481.1
5304.93,100.0,23980.5,,,,,100.0,100.0,12481.1
5305.93,40.79,21959.9,,,,,40.79,40.8,12481.1
5306.94,95.57,20681.0,,,,,95.58,95.57,12481.2
5307.94,100.0,21976.8,,,,,100.0,100.0,12481.2
5308.94,0.0,21959.9,,,,,0.0,0.0,12481.2
5309.94,100.0,23980.5,,,,,100.0,100.0,12481.2
5310.94,40.84,21959.9,,,,,40.83,40.84,12481.2
5311.94,95.59,20681.0,,,,,95.59,95.59,12481.2
5312.94,100.0,21976.8,,,,,100.0,100.0,12481.3
5313.94,0.0,22059.9,,,,,0.0,0.0,12481.3
5314.94,100.0,20681.0,,,,,100.0,100.0,12481.9
5315.94,79.97,21959.9,,,,,79.97,79.98,12481.9
5316.94,95.67,20681.0,,,,,95.68,95.66,12481.9
5317.94,78.42,23980.5,,,,,78.41,78.42,12482.0
5318.94,40.8,21959.9,,,,,40.79,40.81,12482.0
5319.94,100.0,20681.0,,,,,100.0,100.0,12482.0
5320.94,80.0,21959.9,,,,,80.0,80.01,12482.0
5321.94,95.59,20681.0,,,,,95.59,95.6,12482.0
5322.94,78.43,23980.5,,,,,78.42,78.43,12482.1
5323.94,40.78,21959.9,,,,,40.77,40.78,12482.1
5324.94,100.0,20681.0,,,,,100.0,100.0,12482.1
5325.94,80.02,21976.8,,,,,80.01,80.03,12482.1
5326.94,95.67,20681.0,,,,,95.67,95.67,12482.1
5327.94,78.41,23980.5,,,,,78.41,78.42,12482.1
5328.94,40.81,21959.9,,,,,40.81,40.82,12482.2
5329.94,100.0,20681.0,,,,,100.0,100.0,12482.2
5330.94,80.02,21976.8,,,,,80.01,80.02,12482.2
5331.94,0.0,21959.9,,,,,0.0,0.0,12482.2
5332.94,100.0,23980.5,,,,,100.0,100.0,12482.2
5333.94,40.79,22059.9,,,,,40.79,40.8,12482.3
5334.94,96.88,20681.0,,,,,96.88,96.88,12482.4
5335.94,100.0,21976.8,,,,,100.0,100.0,12482.5
5336.94,0.0,21959.9,,,,,0.0,0.0,12482.5
5337.94,100.0,20681.0,,,,,100.0,100.0,12482.5
5338.94,80.03,21959.9,,,,,80.02,80.04,12482.5
5339.94,95.57,20681.0,,,,,95.57,95.56,12482.5
5340.94,100.0,21976.8,,,,,100.0,100.0,12482.6
5341.94,0.0,21959.9,,,,,0.0,0.0,12482.6
5342.94,100.0,20681.0,,,,,100.0,100.0,12482.6
5343.94,79.99,21959.9,,,,,79.98,80.0,12482.6
5344.94,95.63,20681.0,,,,,95.63,95.62,12482.6
5345.94,100.0,21976.8,,,,,100.0,100.0,12482.6
5346.94,0.0,21959.9,,,,,0.0,0.0,12482.7
5347.94,100.0,20681.0,,,,,100.0,100.0,12482.7
5348.94,80.03,21959.9,,,,,80.02,80.03,12482.7
5349.94,95.52,20681.0,,,,,95.52,95.52,12482.7
5350.94,100.0,21976.9,,,,,100.0,100.0,12482.7
5351.94,0.0,21959.9,,,,,0.0,0.0,12482.7
5352.94,100.0,20681.0,,,,,100.0,100.0,12482.8
5353.94,79.98,22059.9,,,,,79.97,79.99,12482.8
5354.94,96.83,20681.0,,,,,96.83,96.83,12483.3
5355.94,78.41,23980.5,,,,,78.41,78.42,12483.4
5356.94,40.84,21959.9,,,,,40.84,40.85,12483.4
5357.94,100.0,20681.0,,,,,100.0,100.0,12483.4
5358.94,80.07,21976.8,,,,,80.06,80.08,12483.4
5359.94,0.0,21959.9,,,,,0.0,0.0,12483.4
5360.94,100.0,23980.5,,,,,100.0,100.0,12483.4
5361.94,40.81,21959.9,,,,,40.8,40.81,12483.4
5362.94,100.0,20681.0,,,,,100.0,100.0,12483.5
5363.94,80.07,21976.8,,,,,80.07,80.08,12483.5
5364.94,0.0,21959.9,,,,,0.0,0.0,12483.5
5365.94,100.0,23980.5,,,,,100.0,100.0,12483.5
5366.94,40.83,21959.9,,,,,40.83,40.83,12483.5
5367.94,100.0,20681.0,,,,,100.0,100.0,12483.6
5368.94,80.01,21976.8,,,,,80.01,80.02,12483.6
5369.94,0.0,21959.9,,,,,0.0,0.0,12483.6
5370.94,100.0,23980.5,,,,,100.0,100.0,12483.6
5371.94,40.83,21959.9,,,,,40.83,40.84,12483.6
5372.95,95.55,20681.0,,,,,95.55,95.55,12483.6
5373.95,100.0,21976.8,,,,,100.0,100.0,12483.7
5374.95,0.0,22059.9,,,,,0.0,0.0,12483.7
5375.95,100.0,20681.0,,,,,100.0,100.0,12484.3
5376.95,79.98,21959.9,,,,,79.97,79.98,12484.3
5377.95,95.64,20681.0,,,,,95.65,95.64,12484.3
5378.95,78.39,23980.5,,,,,78.38,78.4,12484.3
5379.95,40.83,21959.9,,,,,40.82,40.83,12484.3
5380.95,100.0,20681.0,,,,,100.0,100.0,12484.4
5381.95,79.98,21959.9,,,,,79.97,79.99,12484.4
5382.95,95.63,20681.0,,,,,95.63,95.63,12484.4
5383.95,78.44,23980.5,,,,,78.43,78.45,12484.4
5384.95,40.8,21959.9,,,,,40.79,40.81,12484.4
5385.95,100.0,20681.0,,,,,100.0,100.0,12484.4
5386.95,79.96,21959.9,,,,,79.95,79.97,12484.5
5387.95,95.66,20681.0,,,,,95.66,95.66,12484.5
5388.95,78.44,23980.5,,,,,78.43,78.45,12484.5
5389.95,40.8,21959.9,,,,,40.8,40.81,12484.5
5390.95,100.0,20681.0,,,,,100.0,100.0,12484.5
5391.95,80.01,21959.9,,,,,80.01,80.02,12484.6
5392.95,95.6,20681.0,,,,,95.6,95.61,12484.6
5393.95,78.43,23980.5,,,,,78.43,78.44,12484.6
5394.95,40.81,22059.9,,,,,40.81,40.81,12484.7
5395.95,96.86,20681.0,,,,,96.86,96.87,12484.7
5396.95,100.0,21976.8,,,,,100.0,100.0,12484.8
5397.95,0.0,21959.9,,,,,0.0,0.0,12484.8
5398.95,100.0,23980.5,,,,,100.0,100.0,12484.8
5399.95,40.84,21959.9,,,,,40.83,40.84,12484.8
5400.95,95.56,20681.0,,,,,95.56,95.56,12484.8
5401.95,100.0,21976.8,,,,,100.0,100.0,12484.9
5402.95,0.0,21959.9,,,,,0.0,0.0,12484.9
5403.95,100.0,23980.5,,,,,100.0,100.0,12484.9
5404.95,40.82,21959.9,,,,,40.82,40.83,12484.9
5405.95,95.58,20681.0,,,,,95.59,95.57,12484.9
5406.95,100.0,21976.8,,,,,100.0,100.0,12484.9
5407.95,0.0,21959.9,,,,,0.0,0.0,12484.9
5408.95,100.0,20681.0,,,,,100.0,100.0,12485.0
5409.95,80.06,21959.9,,,,,80.06,80.06,12485.0
5410.95,95.63,20681.0,,,,,95.63,95.64,12485.0
5411.95,100.0,21976.8,,,,,100.0,100.0,12485.0
5412.95,0.0,21959.9,,,,,0.0,0.0,12485.0
5413.95,100.0,20681.0,,,,,100.0,100.0,12485.1
5414.95,80.02,22059.9,,,,,80.02,80.03,12485.1
5415.95,96.84,20681.0,,,,,96.84,96.85,12485.2
5416.95,78.47,23980.5,,,,,78.47,78.47,12485.3
5417.95,40.79,21959.9,,,,,40.78,40.8,12485.3
5418.95,100.0,20681.0,,,,,100.0,100.0,12485.3
5419.95,80.01,21951.8,,,,,80.01,80.02,12485.3
5420.95,95.64,20681.0,,,,,95.64,95.64,12485.3
5421.95,78.39,23980.5,,,,,78.39,78.4,12485.3
5422.95,40.8,21959.9,,,,,40.79,40.8,12485.4
5423.95,100.0,20681.0,,,,,100.0,100.0,12485.4
5424.95,80.03,21976.8,,,,,80.03,80.03,12485.4
5425.95,95.64,20681.0,,,,,95.64,95.64,12485.4
5426.95,78.39,23980.5,,,,,78.38,78.39,12485.4
5427.95,40.81,21959.9,,,,,40.8,40.81,12485.4
5428.95,100.0,20681.0,,,,,100.0,100.0,12485.5
5429.95,80.08,21976.8,,,,,80.07,80.09,12485.5
5430.95,0.0,21959.9,,,,,0.0,0.0,12485.5
5431.95,100.0,23980.5,,,,,100.0,100.0,12485.5
5432.95,40.83,21959.9,,,,,40.82,40.83,12485.5
5433.95,100.0,20681.0,,,,,100.0,100.0,12485.6
5434.95,80.01,21976.8,,,,,80.01,80.02,12485.6
5435.96,0.0,22059.9,,,,,0.0,0.0,12485.6
5436.96,100.0,20681.0,,,,,100.0,100.0,12485.7
5437.96,80.07,21959.9,,,,,80.06,80.08,12485.7
5438.96,95.59,20681.0,,,,,95.58,95.59,12485.7
5439.96,100.0,21976.8,,,,,100.0,100.0,12485.8
5440.96,0.0,21959.9,,,,,0.0,0.0,12485.8
5441.96,100.0,20681.0,,,,,100.0,100.0,12485.8
5442.96,79.97,21959.9,,,,,79.96,79.98,12485.8
5443.96,95.6,20681.0,,,,,95.6,95.59,12485.8
5444.96,100.0,21976.8,,,,,100.0,100.0,12485.9
5445.96,0.0,21959.9,,,,,0.0,0.0,12485.9
5446.96,100.0,20681.0,,,,,100.0,100.0,12485.9
5447.96,80.22,21959.9,,,,,80.21,80.23,12485.9
5448.96,95.58,20681.0,,,,,95.58,95.59,12485.9
5449.96,78.39,23980.5,,,,,78.39,78.39,12486.0
5450.96,40.8,21959.9,,,,,40.79,40.8,12486.0
5451.96,100.0,20681.0,,,,,100.0,100.0,12486.0
5452.96,80.0,21959.9,,,,,79.99,80.01,12486.0
5453.96,95.63,20681.0,,,,,95.63,95.64,12486.0
5454.96,78.42,23980.5,,,,,78.42,78.43,12486.0
5455.96,40.81,22059.9,,,,,40.8,40.81,12486.1
5456.96,100.0,20681.0,,,,,100.0,100.0,12486.5
5457.96,80.0,21976.8,,,,,79.99,80.01,12486.5
5458.96,0.0,21959.9,,,,,0.0,0.0,12486.5
5459.96,100.0,23980.5,,,,,100.0,100.0,12486.5
5460.96,40.8,21959.9,,,,,40.8,40.81,12486.5
5461.96,100.0,20681.0,,,,,100.0,100.0,12486.6
5462.96,80.02,21976.8,,,,,80.01,80.02,12486.6
5463.96,0.0,21959.9,,,,,0.0,0.0,12486.6
5464.96,100.0,23980.5,,,,,100.0,100.0,12486.6
5465.96,40.8,21959.9,,,,,40.79,40.81,12486.6
5466.96,95.57,20681.0,,,,,95.58,95.56,12486.6
5467.96,100.0,21976.8,,,,,100.0,100.0,12486.7
5468.96,0.0,21959.9,,,,,0.0,0.0,12486.7
5469.96,100.0,23980.5,,,,,100.0,100.0,12486.7
5470.96,40.79,21959.9,,,,,40.78,40.8,12486.7
5471.96,95.65,20681.0,,,,,95.66,95.65,12486.7
5472.96,100.0,21976.8,,,,,100.0,100.0,12486.8
5473.96,0.0,21959.9,,,,,0.0,0.0,12486.8
5474.96,100.0,23980.5,,,,,100.0,100.0,12486.8
5475.96,40.84,22059.9,,,,,40.83,40.85,12486.9
5476.96,96.84,20681.0,,,,,96.83,96.85,12486.9
5477.96,78.39,23980.5,,,,,78.38,78.4,12487.0
5478.96,40.83,21959.9,,,,,40.83,40.83,12487.0
5479.96,100.0,20681.0,,,,,100.0,100.0,12487.0
5480.96,79.98,21959.9,,,,,79.97,79.99,12487.0
5481.96,95.64,20681.0,,,,,95.64,95.64,12487.0
5482.96,78.42,23980.5,,,,,78.42,78.43,12487.1
5483.96,40.79,21959.9,,,,,40.78,40.79,12487.1
5484.96,100.0,20681.0,,,,,100.0,100.0,12487.1
5485.96,80.02,21959.9,,,,,80.01,80.02,12487.1
5486.96,95.53,20681.0,,,,,95.53,95.53,12487.1
5487.96,78.44,23980.5,,,,,78.43,78.44,12487.1
5488.96,40.82,21959.9,,,,,40.82,40.83,12487.2
5489.96,100.0,20681.0,,,,,100.0,100.0,12487.2
5490.96,80.0,21943.8,,,,,79.99,80.01,12487.2
5491.96,95.59,20681.0,,,,,95.59,95.59,12487.2
5492.96,78.49,23980.5,,,,,78.49,78.5,12487.2
5493.96,40.81,21959.9,,,,,40.8,40.81,12487.2
5494.96,100.0,20681.0,,,,,100.0,100.0,12487.3
5495.96,79.96,21976.8,,,,,79.95,79.97,12487.3
5496.96,0.0,22059.9,,,,,0.0,0.0,12487.3
5497.96,100.0,23980.5,,,,,100.0,100.0,12488.9
5498.96,40.81,21959.9,,,,,40.81,40.81,12488.9
5499.96,95.59,20681.0,,,,,95.59,95.59,12488.9
5500.97,100.0,21976.8,,,,,100.0,100.0,12488.9
5501.97,0.0,21959.9,,,,,0.0,0.0,12488.9
5502.97,100.0,20681.0,,,,,100.0,100.0,12488.9
5503.97,79.99,21959.9,,,,,79.98,80.0,12489.0
5504.97,95.67,20681.0,,,,,95.67,95.67,12489.0
5505.97,100.0,21976.8,,,,,100.0,100.0,12489.0
5506.97,0.0,21959.9,,,,,0.0,0.0,12489.0
5507.97,100.0,20681.0,,,,,100.0,100.0,12489.0
5508.97,80.06,21959.9,,,,,80.05,80.07,12489.1
5509.97,95.61,20681.0,,,,,95.62,95.61,12489.1
5510.97,100.0,21976.8,,,,,100.0,100.0,12489.1
5511.97,0.0,21959.9,,,,,0.0,0.0,12489.1
5512.97,100.0,20681.0,,,,,100.0,100.0,12489.1
5513.97,80.02,21959.9,,,,,80.02,80.03,12489.2
5514.97,95.54,20681.0,,,,,95.54,95.54,12489.2
5515.97,100.0,21976.9,,,,,100.0,100.0,12489.2
5516.97,0.0,22059.9,,,,,0.0,0.0,12489.2
5517.97,100.0,20681.0,,,,,100.0,100.0,12489.4
5518.97,80.02,21976.8,,,,,80.02,80.02,12489.4
5519.97,0.0,21959.9,,,,,0.0,0.0,12489.4
5520.97,100.0,23980.5,,,,,100.0,100.0,12489.4
5521.97,40.82,21959.9,,,,,40.82,40.83,12489.5
5522.97,100.0,20681.0,,,,,100.0,100.0,12489.5
5523.97,79.97,21976.8,,,,,79.96,79.98,12489.5
5524.97,0.0,21959.9,,,,,0.0,0.0,12489.5
5525.97,100.0,23980.5,,,,,100.0,100.0,12489.5
5526.97,40.84,21959.9,,,,,40.84,40.85,12489.6
5527.97,100.0,20681.0,,,,,100.0,100.0,12489.6
5528.97,79.97,21976.8,,,,,79.97,79.98,12489.6
5529.97,0.0,21959.9,,,,,0.0,0.0,12489.6
5530.97,100.0,23980.5,,,,,100.0,100.0,12489.6
5531.97,40.81,21959.9,,,,,40.81,40.82,12489.6
5532.97,100.0,20681.0,,,,,100.0,100.0,12489.7
5533.97,79.96,21976.8,,,,,79.96,79.97,12489.7
5534.97,0.0,21959.9,,,,,0.0,0.0,12489.7
5535.97,100.0,23980.5,,,,,100.0,100.0,12489.7
5536.97,40.8,22059.9,,,,,40.8,40.81,12489.8
5537.97,96.82,20681.0,,,,,96.81,96.82,12490.3
5538.97,78.45,23980.5,,,,,78.45,78.45,12490.4
5539.97,40.78,21959.9,,,,,40.78,40.79,12490.4
5540.97,100.0,20681.0,,,,,100.0,100.0,12490.4
5541.97,80.08,21959.9,,,,,80.07,80.09,12490.4
5542.97,95.54,20681.0,,,,,95.54,95.54,12490.4
5543.97,78.48,23980.5,,,,,78.47,78.49,12490.5
5544.97,40.78,21959.9,,,,,40.78,40.79,12490.5
5545.97,100.0,20681.0,,,,,100.0,100.0,12490.5
5546.97,79.97,21959.9,,,,,79.96,79.98,12490.5
5547.97,95.64,20681.0,,,,,95.64,95.64,12490.5
5548.97,78.44,23980.5,,,,,78.43,78.44,12490.5
5549.97,40.79,21959.9,,,,,40.78,40.79,12490.6
5550.97,100.0,20681.0,,,,,100.0,100.0,12490.6
5551.97,80.05,21959.9,,,,,80.05,80.06,12490.6
5552.97,95.55,20681.0,,,,,95.55,95.55,12490.6
5553.97,78.47,23980.5,,,,,78.47,78.47,12490.6
5554.97,40.77,21959.9,,,,,40.77,40.77,12490.6
5555.97,100.0,20681.0,,,,,100.0,100.0,12490.7
5556.97,80.01,21959.9,,,,,80.01,80.02,12490.7
5557.97,96.92,20681.0,,,,,96.92,96.92,12490.8
5558.97,78.43,23980.5,,,,,78.42,78.43,12490.8
5559.97,40.81,21959.9,,,,,40.8,40.81,12490.8
5560.97,95.59,20681.0,,,,,95.59,95.59,12490.9
5561.97,100.0,21976.8,,,,,100.0,100.0,12490.9
5562.97,0.0,21959.9,,,,,0.0,0.0,12490.9
5563.97,100.0,23980.5,,,,,100.0,100.0,12490.9
5564.98,40.8,21959.9,,,,,40.8,40.81,12490.9
5565.98,95.56,20681.0,,,,,95.56,95.55,12490.9
5566.98,100.0,21976.8,,,,,100.0,100.0,12491.0
5567.98,0.0,21959.9,,,,,0.0,0.0,12491.0
5568.98,100.0,23980.5,,,,,100.0,100.0,12491.0
5569.98,40.79,21959.9,,,,,40.78,40.79,12491.0
5570.98,95.56,20681.0,,,,,95.56,95.56,12491.0
5571.98,100.0,21976.8,,,,,100.0,100.0,12491.1
5572.98,0.0,21959.9,,,,,0.0,0.0,12491.1
5573.98,100.0,23980.5,,,,,100.0,100.0,12491.1
5574.98,40.84,21959.9,,,,,40.84,40.84,12491.1
5575.98,95.53,20681.0,,,,,95.53,95.52,12491.1
5576.98,100.0,21976.8,,,,,100.0,100.0,12491.2
5577.98,0.0,22059.9,,,,,0.0,0.0,12491.2
5578.98,100.0,20681.0,,,,,100.0,100.0,12491.6
5579.98,80.07,21959.9,,,,,80.06,80.07,12491.6
5580.98,95.54,20681.0,,,,,95.54,95.54,12491.6
5581.98,78.48,23980.5,,,,,78.47,78.49,12491.7
5582.98,40.81,21959.9,,,,,40.8,40.81,12491.7
5583.98,100.0,20681.0,,,,,100.0,100.0,12491.7
5584.98,80.02,21959.9,,,,,80.01,80.03,12491.7
5585.98,95.64,20681.0,,,,,95.64,95.64,12491.7
5586.98,78.41,23980.5,,,,,78.4,78.41,12491.8
5587.98,40.82,21959.9,,,,,40.81,40.82,12491.8
5588.98,100.0,20681.0,,,,,100.0,100.0,12491.8
5589.98,79.96,21943.8,,,,,79.95,79.97,12491.8
5590.98,95.58,20681.0,,,,,95.58,95.58,12491.8
5591.98,78.48,23980.5,,,,,78.48,78.49,12491.8
5592.98,40.79,21959.9,,,,,40.79,40.8,12491.9
5593.98,100.0,20681.0,,,,,100.0,100.0,12491.9
5594.98,80.02,21976.8,,,,,80.01,80.03,12491.9
5595.98,95.63,20681.0,,,,,95.63,95.63,12491.9
5596.98,78.4,23980.5,,,,,78.39,78.4,12491.9
5597.98,40.84,22059.9,,,,,40.84,40.84,12492.0
5598.98,96.82,20681.0,,,,,96.81,96.82,12492.1
5599.98,100.0,21976.8,,,,,100.0,100.0,12492.1
5600.98,0.0,21959.9,,,,,0.0,0.0,12492.1
5601.98,100.0,20681.0,,,,,100.0,100.0,12492.1
5602.98,79.95,21959.9,,,,,79.94,79.96,12492.1
5603.98,95.65,20681.0,,,,,95.65,95.65,12492.2
5604.98,100.0,21976.8,,,,,100.0,100.0,12492.2
5605.98,0.0,21959.9,,,,,0.0,0.0,12492.2
5606.98,100.0,20681.0,,,,,100.0,100.0,12492.2
5607.98,80.1,21959.9,,,,,80.09,80.11,12492.2
5608.98,95.59,20681.0,,,,,95.59,95.58,12492.2
5609.98,100.0,21976.8,,,,,100.0,100.0,12492.3
5610.98,0.0,21959.9,,,,,0.0,0.0,12492.3
5611.98,100.0,20681.0,,,,,100.0,100.0,12492.3
5612.98,80.02,21959.9,,,,,80.01,80.02,12492.3
5613.98,95.58,20681.0,,,,,95.59,95.58,12492.3
5614.98,100.0,21976.8,,,,,100.0,100.0,12492.4
5615.98,0.0,21959.9,,,,,0.0,0.0,12492.4
5616.98,100.0,20681.0,,,,,100.0,100.0,12492.4
5617.98,80.04,22059.9,,,,,80.03,80.06,12492.5
5618.98,96.87,20681.0,,,,,96.86,96.87,12492.8
5619.98,78.45,23980.5,,,,,78.45,78.46,12492.8
5620.98,40.78,21959.9,,,,,40.78,40.79,12492.8
5621.98,100.0,20681.0,,,,,100.0,100.0,12492.8
5622.98,80.07,21976.8,,,,,80.06,80.08,12492.8
5623.98,0.0,21959.9,,,,,0.0,0.0,12492.8
5624.98,100.0,23980.5,,,,,100.0,100.0,12492.9
5625.98,40.83,21959.9,,,,,40.83,40.84,12492.9
5626.99,100.0,20681.0,,,,,100.0,100.0,12492.9
5627.99,79.97,21976.8,,,,,79.97,79.97,12492.9
5628.99,0.0,21959.9,,,,,0.0,0.0,12492.9
5629.99,100.0,23980.5,,,,,100.0,100.0,12493.0
5630.99,40.82,21959.9,,,,,40.82,40.82,12493.0
5631.99,100.0,20681.0,,,,,100.0,100.0,12493.0
5632.99,80.02,21976.8,,,,,80.01,80.03,12493.0
5633.99,0.0,21959.9,,,,,0.0,0.0,12493.0
5634.99,100.0,23980.5,,,,,100.0,100.0,12493.0
5635.99,40.81,21959.9,,,,,40.8,40.82,12493.0
5636.99,100.0,20681.0,,,,,100.0,100.0,12493.1
5637.99,79.97,21976.8,,,,,79.97,79.98,12493.1
5638.99,0.0,22059.9,,,,,0.0,0.0,12493.1
5639.99,100.0,20681.0,,,,,100.0,100.0,12493.4
5640.99,80.06,21959.9,,,,,80.05,80.07,12493.4
5641.99,95.55,20681.0,,,,,95.55,95.55,12493.5
5642.99,78.47,23980.5,,,,,78.47,78.48,12493.5
5643.99,40.79,21959.9,,,,,40.78,40.8,12493.5
5644.99,100.0,20681.0,,,,,100.0,100.0,12493.5
5645.99,79.93,21959.9,,,,,79.93,79.94,12493.5
5646.99,95.62,20681.0,,,,,95.62,95.63,12493.5
5647.99,78.47,23980.5,,,,,78.47,78.48,12493.6
5648.99,40.78,21959.9,,,,,40.78,40.79,12493.6
5649.99,100.0,20681.0,,,,,100.0,100.0,12493.6
5650.99,79.97,21959.9,,,,,79.96,79.98,12493.6
5651.99,95.57,20681.0,,,,,95.58,95.57,12493.6
5652.99,78.48,23980.5,,,,,78.47,78.49,12493.7
5653.99,40.8,21959.9,,,,,40.79,40.8,12493.7
5654.99,100.0,20681.0,,,,,100.0,100.0,12493.7
5655.99,80.01,21959.9,,,,,80.0,80.01,12493.7
5656.99,95.54,20681.0,,,,,95.55,95.54,12493.7
5657.99,78.48,23980.5,,,,,78.47,78.48,12493.7
5658.99,40.81,22059.9,,,,,40.81,40.82,12493.8
5659.99,96.85,20681.0,,,,,96.85,96.85,12493.9
5660.99,100.0,21976.8,,,,,100.0,100.0,12493.9
5661.99,0.0,21959.9,,,,,0.0,0.0,12493.9
5662.99,100.0,23980.5,,,,,100.0,100.0,12493.9
5663.99,40.82,21959.9,,,,,40.82,40.83,12494.0
5664.99,95.54,20681.0,,,,,95.54,95.54,12494.0
5665.99,100.0,21976.8,,,,,100.0,100.0,12494.0
5666.99,0.0,21959.9,,,,,0.0,0.0,12494.0
5667.99,100.0,23980.5,,,,,100.0,100.0,12494.0
5668.99,40.79,21959.9,,,,,40.78,40.8,12494.0
5669.99,95.56,20681.0,,,,,95.57,95.56,12494.1
5670.99,100.0,21976.8,,,,,100.0,100.0,12494.1
5671.99,0.0,21959.9,,,,,0.0,0.0,12494.1
5672.99,100.0,23980.5,,,,,100.0,100.0,12494.1
5673.99,40.81,21959.9,,,,,40.81,40.82,12494.1
5674.99,95.58,20681.0,,,,,95.59,95.58,12494.1
5675.99,100.0,21976.8,,,,,100.0,100.0,12494.2
5676.99,0.0,21959.9,,,,,0.0,0.0,12494.2
5677.99,100.0,23604.9,,,,,100.0,100.0,12494.2
5678.99,40.82,22059.9,,,,,40.82,40.82,12494.3
5679.99,96.85,20681.0,,,,,96.85,96.85,12494.4
5680.99,78.38,23980.5,,,,,78.38,78.39,12494.4
5681.99,40.8,21959.9,,,,,40.8,40.81,12494.4
5682.99,100.0,20681.0,,,,,100.0,100.0,12494.5
5683.99,79.97,21959.9,,,,,79.97,79.97,12494.5
5684.99,95.62,20681.0,,,,,95.63,95.62,12494.5
5685.99,78.43,23980.5,,,,,78.43,78.44,12494.5
5686.99,40.81,21959.9,,,,,40.8,40.81,12494.5
5687.99,100.0,20681.0,,,,,100.0,100.0,12494.5
5688.99,80.02,21959.9,,,,,80.01,80.03,12494.6
5689.99,95.6,20681.0,,,,,95.6,95.59,12494.6
5690.99,78.39,23980.5,,,,,78.39,78.39,12494.6
5692.0,40.83,21959.9,,,,,40.82,40.84,12494.6
5693.0,100.0,20681.0,,,,,100.0,100.0,12494.6
5694.0,79.99,21943.8,,,,,79.99,80.0,12494.7
5695.0,95.63,20681.0,,,,,95.64,95.63,12494.7
5696.0,78.44,23980.5,,,,,78.43,78.44,12494.7
5697.0,40.79,21959.9,,,,,40.78,40.8,12494.7
5698.0,100.0,20681.0,,,,,100.0,100.0,12494.7
5699.0,80.02,21976.8,,,,,80.02,80.02,12494.7
5700.0,0.0,22059.9,,,,,0.0,0.0,12494.8
5701.0,100.0,23980.5,,,,,100.0,100.0,12494.9
5702.0,40.84,21959.9,,,,,40.84,40.85,12494.9
5703.0,95.62,20681.0,,,,,95.62,95.62,12494.9
5704.0,100.0,21976.8,,,,,100.0,100.0,12494.9
5705.0,0.0,21959.9,,,,,0.0,0.0,12495.0
5706.0,100.0,20681.0,,,,,100.0,100.0,12495.0
5707.0,80.05,21959.9,,,,,80.04,80.06,12495.0
5708.0,95.52,20681.0,,,,,95.52,95.52,12495.0
5709.0,100.0,21976.8,,,,,100.0,100.0,12495.0
5710.0,0.0,21959.9,,,,,0.0,0.0,12495.0
5711.0,100.0,20681.0,,,,,100.0,100.0,12495.1
5712.0,79.95,21959.9,,,,,79.94,79.96,12495.1
5713.0,95.59,20681.0,,,,,95.6,95.59,12495.1
5714.0,100.0,21976.8,,,,,100.0,100.0,12495.1
5715.0,0.0,21959.9,,,,,0.0,0.0,12495.1
5716.0,100.0,20681.0,,,,,100.0,100.0,12495.1
5717.0,79.98,21959.9,,,,,79.97,79.99,12495.2
5718.0,95.61,20681.0,,,,,95.61,95.61,12495.2
5719.0,100.0,21976.9,,,,,100.0,100.0,12495.2
5720.0,0.0,22059.9,,,,,0.0,0.0,12495.3
5721.0,100.0,20681.0,,,,,100.0,100.0,12495.5
5722.0,79.96,21976.8,,,,,79.95,79.97,12495.5
5723.0,0.0,21959.9,,,,,0.0,0.0,12495.5
5724.0,100.0,23980.5,,,,,100.0,100.0,12495.6
5725.0,40.79,21959.9,,,,,40.79,40.8,12495.6
5726.0,100.0,20681.0,,,,,100.0,100.0,12495.6
5727.0,80.06,21976.8,,,,,80.06,80.07,12495.6
5728.0,0.0,21959.9,,,,,0.0,0.0,12495.6
5729.0,100.0,23980.5,,,,,100.0,100.0,12495.6
5730.0,40.83,21959.9,,,,,40.82,40.83,12495.7
5731.0,100.0,20681.0,,,,,100.0,100.0,12495.7
5732.0,79.99,21976.8,,,,,79.99,80.0,12495.7
5733.0,0.0,21959.9,,,,,0.0,0.0,12495.7
5734.0,100.0,23980.5,,,,,100.0,100.0,12495.7
5735.0,40.81,21959.9,,,,,40.8,40.82,12495.7
5736.0,100.0,20681.0,,,,,100.0,100.0,12495.8
5737.0,80.02,21976.8,,,,,80.01,80.02,12495.8
5738.0,0.0,21959.9,,,,,0.0,0.0,12495.8
5739.0,100.0,23980.5,,,,,100.0,100.0,12495.8
5740.0,40.8,22059.9,,,,,40.79,40.8,12495.9
5741.0,96.86,20681.0,,,,,96.86,96.86,12496.0
5742.0,78.42,23980.5,,,,,78.42,78.43,12496.0
5743.0,40.83,21959.9,,,,,40.83,40.83,12496.0
5744.0,100.0,20681.0,,,,,100.0,100.0,12496.0
5745.0,79.98,21959.9,,,,,79.97,79.98,12496.0
5746.0,95.69,20681.0,,,,,95.69,95.7,12496.1
5747.0,78.43,23980.5,,,,,78.42,78.43,12496.1
5748.0,40.78,21959.9,,,,,40.78,40.79,12496.1
5749.0,100.0,20681.0,,,,,100.0,100.0,12496.1
5750.0,80.06,21959.9,,,,,80.05,80.06,12496.1
5751.0,95.59,20681.0,,,,,95.6,95.58,12496.1
5752.0,78.43,23980.5,,,,,78.43,78.43,12496.2
5753.0,40.81,21959.9,,,,,40.8,40.81,12496.2
5754.0,100.0,20681.0,,,,,100.0,100.0,12496.2
5755.0,80.02,21959.9,,,,,80.01,80.03,12496.2
5756.0,95.54,20681.0,,,,,95.54,95.53,12496.2
5757.0,78.43,23980.5,,,,,78.42,78.43,12496.3
5758.01,40.8,21959.9,,,,,40.79,40.8,12496.3
5759.01,100.0,20681.0,,,,,100.0,100.0,12496.3
5760.01,79.96,21959.9,,,,,79.95,79.97,12496.3
5761.01,96.9,20681.0,,,,,96.9,96.9,12496.5
5762.01,78.39,23980.5,,,,,78.38,78.39,12496.5
5763.01,40.84,21959.9,,,,,40.83,40.84,12496.5
5764.01,95.59,20681.0,,,,,95.6,95.59,12496.5
5765.01,100.0,21976.8,,,,,100.0,100.0,12496.5
5766.01,0.0,21959.9,,,,,0.0,0.0,12496.6
5767.01,100.0,23980.5,,,,,100.0,100.0,12496.6
5768.01,40.8,21959.9,,,,,40.79,40.81,12496.6
5769.01,95.64,20681.0,,,,,95.64,95.64,12496.6
5770.01,100.0,21976.8,,,,,100.0,100.0,12496.6
5771.01,0.0,21959.9,,,,,0.0,0.0,12496.6
5772.01,100.0,20681.0,,,,,100.0,100.0,12496.7
5773.01,80.03,21959.9,,,,,80.02,80.04,12496.7
5774.01,95.64,20681.0,,,,,95.64,95.63,12496.7
5775.01,100.0,21976.8,,,,,100.0,100.0,12496.7
5776.01,0.0,21959.9,,,,,0.0,0.0,12496.7
5777.01,100.0,20681.0,,,,,100.0,100.0,12496.7
5778.01,80.08,21959.9,,,,,80.07,80.09,12496.8
5779.01,95.58,20681.0,,,,,95.59,95.58,12496.8
5780.01,100.0,21976.8,,,,,100.0,100.0,12496.8
5781.01,0.0,22059.9,,,,,0.0,0.0,12496.9
5782.01,100.0,20681.0,,,,,100.0,100.0,12497.0
5783.01,79.97,21943.8,,,,,79.96,79.98,12497.1
5784.01,95.58,20681.0,,,,,95.57,95.58,12497.1
5785.01,78.48,23980.5,,,,,78.48,78.49,12497.1
5786.01,40.79,21959.9,,,,,40.79,40.8,12497.1
5787.01,100.0,20681.0,,,,,100.0,100.0,12497.1
5788.01,80.02,21976.8,,,,,80.03,80.02,12497.2
5789.01,95.57,20681.0,,,,,95.57,95.57,12497.2
5790.01,78.37,23980.5,,,,,78.37,78.37,12497.2
5791.01,40.84,21959.9,,,,,40.83,40.84,12497.2
5792.01,100.0,20681.0,,,,,100.0,100.0,12497.2
5793.01,79.96,21976.8,,,,,79.96,79.96,12497.2
5794.01,0.0,21959.9,,,,,0.0,0.0,12497.2
5795.01,100.0,23980.5,,,,,100.0,100.0,12497.3
5796.01,40.82,21959.9,,,,,40.82,40.82,12497.3
5797.01,100.0,20681.0,,,,,100.0,100.0,12497.3
5798.01,80.01,21976.8,,,,,80.0,80.02,12497.3
5799.01,0.0,21959.9,,,,,0.0,0.0,12497.3
5800.01,100.0,23980.5,,,,,100.0,100.0,12497.4
5801.01,40.81,22059.9,,,,,40.8,40.82,12497.4
5802.01,96.86,20681.0,,,,,96.85,96.86,12497.6
5803.01,100.0,21976.8,,,,,100.0,100.0,12497.6
5804.01,0.0,21959.9,,,,,0.0,0.0,12497.6
5805.01,100.0,20681.0,,,,,100.0,100.0,12497.6
5806.01,80.02,21959.9,,,,,80.01,80.03,12497.6
5807.01,95.57,20681.0,,,,,95.58,95.57,12497.6
5808.01,100.0,21976.8,,,,,100.0,100.0,12497.7
5809.01,0.0,21959.9,,,,,0.0,0.0,12497.7
5810.01,100.0,20681.0,,,,,100.0,100.0,12497.7
5811.01,79.96,21959.9,,,,,79.96,79.97,12497.7
5812.01,95.56,20681.0,,,,,95.56,95.56,12497.7
5813.02,78.47,23980.5,,,,,78.46,78.48,12497.8
5814.02,40.79,21959.9,,,,,40.79,40.79,12497.8
5815.02,100.0,20681.0,,,,,100.0,100.0,12497.8
5816.02,80.02,21959.9,,,,,80.02,80.03,12497.8
5817.02,95.63,20681.0,,,,,95.63,95.63,12497.8
5818.02,78.4,23980.5,,,,,78.4,78.4,12497.8
5819.02,40.81,21959.9,,,,,40.8,40.81,12497.9
5820.02,100.0,20681.0,,,,,100.0,100.0,12497.9
5821.02,79.99,21959.9,,,,,79.98,80.0,12497.9
5822.02,96.8,20681.0,,,,,96.79,96.81,12498.6
5823.02,78.5,23980.5,,,,,78.5,78.51,12498.6
5824.02,40.81,21959.9,,,,,40.81,40.82,12498.6
5825.02,100.0,20681.0,,,,,100.0,100.0,12498.7
5826.02,80.04,21976.8,,,,,80.04,80.05,12498.7
5827.02,0.0,21959.9,,,,,0.0,0.0,12498.7
5828.02,100.0,23980.5,,,,,100.0,100.0,12498.7
5829.02,40.8,21959.9,,,,,40.79,40.8,12498.7
5830.02,95.62,20681.0,,,,,95.62,95.61,12498.7
5831.02,100.0,21976.8,,,,,100.0,100.0,12498.8
5832.02,0.0,21959.9,,,,,0.0,0.0,12498.8
5833.02,100.0,23980.5,,,,,100.0,100.0,12498.8
5834.02,40.81,21959.9,,,,,40.81,40.81,12498.8
5835.02,95.64,20681.0,,,,,95.64,95.63,12498.8
5836.02,100.0,21976.8,,,,,100.0,100.0,12498.9
5837.02,0.0,21959.9,,,,,0.0,0.0,12498.9
5838.02,100.0,23980.5,,,,,100.0,100.0,12498.9
5839.02,40.81,21959.9,,,,,40.8,40.81,12498.9
5840.02,95.54,20681.0,,,,,95.54,95.54,12498.9
5841.02,100.0,21976.8,,,,,100.0,100.0,12498.9
5842.02,0.0,22059.9,,,,,0.0,0.0,12499.0
5843.02,100.0,20681.0,,,,,100.0,100.0,12499.1
5844.02,79.98,21959.9,,,,,79.97,79.98,12499.1
5845.02,95.64,20681.0,,,,,95.64,95.64,12499.1
5846.02,78.4,23980.5,,,,,78.4,78.4,12499.1
5847.02,40.8,21959.9,,,,,40.79,40.81,12499.2
5848.02,100.0,20681.0,,,,,100.0,100.0,12499.2
5849.02,80.08,21959.9,,,,,80.07,80.09,12499.2
5850.02,95.53,20681.0,,,,,95.53,95.53,12499.2
5851.02,78.45,23980.5,,,,,78.44,78.45,12499.2
5852.02,40.81,21959.9,,,,,40.81,40.81,12499.2
5853.02,100.0,20681.0,,,,,100.0,100.0,12499.3
5854.02,80.02,21943.8,,,,,80.02,80.02,12499.3
5855.02,95.55,20681.0,,,,,95.54,95.55,12499.3
5856.02,78.43,23980.5,,,,,78.43,78.43,12499.3
5857.02,40.84,21959.9,,,,,40.83,40.84,12499.3
5858.02,100.0,20681.0,,,,,100.0,100.0,12499.3
5859.02,80.02,21976.8,,,,,80.01,80.02,12499.4
5860.02,95.54,20681.0,,,,,95.54,95.54,12499.4
5861.02,78.44,23980.5,,,,,78.44,78.45,12499.4
5862.02,40.82,22059.9,,,,,40.81,40.83,12499.5
5863.02,96.84,20681.0,,,,,96.84,96.84,12499.7
5864.02,100.0,21976.8,,,,,100.0,100.0,12499.7
5865.02,0.0,21959.9,,,,,0.0,0.0,12499.7
5866.02,100.0,23980.5,,,,,100.0,100.0,12499.8
5867.02,40.8,21959.9,,,,,40.8,40.8,12499.8
5868.02,95.59,20681.0,,,,,95.6,95.59,12499.8
5869.02,100.0,21976.8,,,,,100.0,100.0,12499.8
5870.02,0.0,21959.9,,,,,0.0,0.0,12499.8
5871.02,100.0,20681.0,,,,,100.0,100.0,12499.8
5872.02,80.02,21959.9,,,,,80.02,80.03,12499.9
5873.02,95.59,20681.0,,,,,95.6,95.58,12499.9
5874.03,100.0,21976.8,,,,,100.0,100.0,12499.9
5875.03,0.0,21959.9,,,,,0.0,0.0,12499.9
5876.03,100.0,20681.0,,,,,100.0,100.0,12499.9
5877.03,80.01,21959.9,,,,,80.0,80.01,12499.9
5878.03,95.63,20681.0,,,,,95.63,95.63,12500.0
5879.03,100.0,21976.8,,,,,100.0,100.0,12500.0
5880.03,0.0,21959.9,,,,,0.0,0.0,12500.0
5881.03,100.0,20681.0,,,,,100.0,100.0,12500.0
5882.03,80.0,22059.9,,,,,79.99,80.01,12500.1
5883.03,96.93,20681.0,,,,,96.92,96.93,12500.3
5884.03,78.38,23980.5,,,,,78.37,78.39,12500.3
5885.03,40.82,21959.9,,,,,40.81,40.82,12500.3
5886.03,100.0,20681.0,,,,,100.0,100.0,12500.3
5887.03,80.01,21976.8,,,,,80.01,80.02,12500.4
5888.03,0.0,21959.9,,,,,0.0,0.0,12500.4
5889.03,100.0,23980.5,,,,,100.0,100.0,12500.4
5890.03,40.78,21959.9,,,,,40.78,40.79,12500.4
5891.03,100.0,20681.0,,,,,100.0,100.0,12500.4
5892.03,79.95,21976.8,,,,,79.94,79.95,12500.4
5893.03,0.0,21959.9,,,,,0.0,0.0,12500.4
5894.03,100.0,23980.5,,,,,100.0,100.0,12500.5
5895.03,40.81,21959.9,,,,,40.81,40.82,12500.5
5896.03,100.0,20681.0,,,,,100.0,100.0,12500.5
5897.03,79.98,21976.8,,,,,79.97,79.99,12500.5
5898.03,0.0,21959.9,,,,,0.0,0.0,12500.5
5899.03,100.0,23980.5,,,,,100.0,100.0,12500.6
5900.03,40.83,21959.9,,,,,40.82,40.83,12500.6
5901.03,100.0,20681.0,,,,,100.0,100.0,12500.6
5902.03,80.02,21976.8,,,,,80.01,80.03,12500.6
5903.03,0.0,22059.9,,,,,0.0,0.0,12500.7
5904.03,100.0,20681.0,,,,,100.0,100.0,12501.2
5905.03,79.97,21959.9,,,,,79.96,79.97,12501.2
5906.03,95.63,20681.0,,,,,95.63,95.63,12501.2
5907.03,78.42,23980.5,,,,,78.42,78.42,12501.2
5908.03,40.83,21959.9,,,,,40.82,40.84,12501.2
5909.03,100.0,20681.0,,,,,100.0,100.0,12501.3
5910.03,79.96,21959.9,,,,,79.95,79.98,12501.3
5911.03,95.62,20681.0,,,,,95.63,95.62,12501.3
5912.03,78.45,23980.5,,,,,78.44,78.46,12501.3
5913.03,40.8,21959.9,,,,,40.79,40.81,12501.3
5914.03,100.0,20681.0,,,,,100.0,100.0,12501.4
5915.03,79.97,21959.9,,,,,79.96,79.98,12501.4
5916.03,95.66,20681.0,,,,,95.67,95.64,12501.4
5917.03,78.43,23980.5,,,,,78.41,78.44,12501.4
5918.03,40.79,21959.9,,,,,40.79,40.8,12501.4
5919.03,100.0,20681.0,,,,,100.0,100.0,12501.4
5920.03,79.98,21959.9,,,,,79.98,79.99,12501.5
5921.03,95.59,20681.0,,,,,95.58,95.6,12501.5
5922.03,78.39,23980.5,,,,,78.39,78.39,12501.5
5923.03,40.83,22059.9,,,,,40.83,40.84,12501.6
5924.03,96.84,20681.0,,,,,96.83,96.84,12501.6
5925.03,100.0,21976.8,,,,,100.0,100.0,12501.7
5926.03,0.0,21959.9,,,,,0.0,0.0,12501.7
5927.03,100.0,23980.5,,,,,100.0,100.0,12501.7
5928.03,40.8,21959.9,,,,,40.79,40.8,12501.7
5929.03,95.66,20681.0,,,,,95.66,95.65,12501.7
5930.03,100.0,21976.8,,,,,100.0,100.0,12501.8
5931.03,0.0,21959.9,,,,,0.0,0.0,12501.8
5932.03,100.0,23980.5,,,,,100.0,100.0,12501.8
5933.03,40.8,21959.9,,,,,40.8,40.8,12501.8
5934.03,95.64,20681.0,,,,,95.64,95.64,12501.8
5935.03,100.0,21976.8,,,,,100.0,100.0,12501.8
5936.03,0.0,21959.9,,,,,0.0,0.0,12501.9
5937.03,100.0,23980.5,,,,,100.0,100.0,12501.9
5938.04,40.79,21959.9,,,,,40.79,40.79,12501.9
5939.04,95.59,20681.0,,,,,95.59,95.59,12501.9
5940.04,100.0,21976.8,,,,,100.0,100.0,12501.9
5941.04,0.0,21959.9,,,,,0.0,0.0,12501.9
5942.04,100.0,20681.0,,,,,100.0,100.0,12502.0
5943.04,40.83,22059.9,,,,,40.83,40.84,12502.0
5944.04,96.8,20681.0,,,,,96.79,96.8,12502.2
5945.04,78.48,23980.5,,,,,78.47,78.49,12502.2
5946.04,40.82,21959.9,,,,,40.82,40.82,12502.2
5947.04,100.0,20681.0,,,,,100.0,100.0,12502.2
5948.04,80.07,21959.9,,,,,80.06,80.07,12502.3
5949.04,95.55,20681.0,,,,,95.55,95.55,12502.3
5950.04,78.48,23980.5,,,,,78.48,78.48,12502.3
5951.04,40.78,21959.9,,,,,40.77,40.79,12502.3
5952.04,100.0,20681.0,,,,,100.0,100.0,12502.3
5953.04,80.0,21976.8,,,,,79.99,80.01,12502.3
5954.04,95.66,20681.0,,,,,95.67,95.66,12502.4
5955.04,78.39,23980.5,,,,,78.39,78.39,12502.4
5956.04,40.81,21959.9,,,,,40.81,40.81,12502.4
5957.04,100.0,20681.0,,,,,100.0,100.0,12502.4
5958.04,80.01,21976.8,,,,,80.0,80.02,12502.4
5959.04,0.0,21959.9,,,,,0.0,0.0,12502.4
5960.04,100.0,23980.5,,,,,100.0,100.0,12502.5
5961.04,40.81,21959.9,,,,,40.81,40.82,12502.5
5962.04,100.0,20681.0,,,,,100.0,100.0,12502.5
5963.04,80.03,21976.8,,,,,80.03,80.04,12502.5
5964.04,0.0,22059.9,,,,,0.0,0.0,12502.6
5965.04,100.0,20681.0,,,,,100.0,100.0,12502.8
5966.04,80.06,21959.9,,,,,80.05,80.07,12502.8
5967.04,95.54,20681.0,,,,,95.54,95.54,12502.8
5968.04,100.0,21976.8,,,,,100.0,100.0,12502.8
5969.04,0.0,21959.9,,,,,0.0,0.0,12502.9
5970.04,100.0,20681.0,,,,,100.0,100.0,12502.9
5971.04,80.02,21959.9,,,,,80.01,80.03,12502.9
5972.04,95.57,20681.0,,,,,95.58,95.57,12502.9
5973.04,78.44,23980.5,,,,,78.43,78.44,12502.9
5974.04,40.81,21959.9,,,,,40.81,40.82,12502.9
5975.04,100.0,20681.0,,,,,100.0,100.0,12503.0
5976.04,80.04,21959.9,,,,,80.03,80.06,12503.0
5977.04,95.55,20681.0,,,,,95.55,95.55,12503.0
5978.04,78.42,23980.5,,,,,78.42,78.42,12503.0
5979.04,40.81,21959.9,,,,,40.81,40.82,12503.0
5980.04,100.0,20681.0,,,,,100.0,100.0,12503.0
5981.04,80.01,21959.9,,,,,80.0,80.01,12503.1
5982.04,95.61,20681.0,,,,,95.61,95.6,12503.1
5983.04,78.43,23980.5,,,,,78.43,78.43,12503.1
5984.04,40.81,22059.9,,,,,40.81,40.82,12503.2
5985.04,100.0,20681.0,,,,,100.0,100.0,12503.4
5986.04,80.01,21976.8,,,,,80.0,80.02,12503.4
5987.04,0.0,21959.9,,,,,0.0,0.0,12503.4
5988.04,100.0,23980.5,,,,,100.0,100.0,12503.4
5989.04,40.8,21959.9,,,,,40.8,40.81,12503.4
5990.04,100.0,20681.0,,,,,100.0,100.0,12503.4
5991.04,79.99,21976.8,,,,,79.98,80.0,12503.5
5992.04,0.0,21959.9,,,,,0.0,0.0,12503.5
5993.04,100.0,23980.5,,,,,100.0,100.0,12503.5
5994.04,40.78,21959.9,,,,,40.78,40.79,12503.5
5995.04,95.59,20681.0,,,,,95.6,95.59,12503.5
5996.04,100.0,21976.8,,,,,100.0,100.0,12503.6
5997.04,0.0,21959.9,,,,,0.0,0.0,12503.6
5998.04,100.0,23980.5,,,,,100.0,100.0,12503.6
5999.04,40.79,21959.9,,,,,40.78,40.8,12503.6
6000.05,95.64,20681.0,,,,,95.64,95.64,12503.6
6001.05,100.0,21976.8,,,,,100.0,100.0,12503.6
6002.05,0.0,21959.9,,,,,0.0,0.0,12503.7
6003.05,100.0,23980.5,,,,,100.0,100.0,12503.7
6004.05,40.84,22059.9,,,,,40.83,40.85,12503.8
6005.05,96.85,20681.0,,,,,96.85,96.86,12503.8
6006.05,78.39,23980.5,,,,,78.39,78.4,12503.9
6007.05,40.84,21959.9,,,,,40.84,40.85,12503.9
6008.05,100.0,20681.0,,,,,100.0,100.0,12503.9
6009.05,80.03,21959.9,,,,,80.02,80.04,12503.9
6010.05,95.53,20681.0,,,,,95.53,95.53,12503.9
6011.05,78.47,23980.5,,,,,78.47,78.47,12504.0
6012.05,40.78,21959.9,,,,,40.77,40.79,12504.0
6013.05,100.0,20681.0,,,,,100.0,100.0,12504.0
6014.05,80.0,21959.9,,,,,79.99,80.0,12504.0
6015.05,95.57,20681.0,,,,,95.57,95.58,12504.0
6016.05,78.43,23980.5,,,,,78.42,78.44,12504.0
6017.05,40.81,21959.9,,,,,40.81,40.82,12504.1
6018.05,100.0,20681.0,,,,,100.0,100.0,12504.1
6019.05,79.97,21976.8,,,,,79.96,79.98,12504.1
6020.05,95.58,20681.0,,,,,95.58,95.58,12504.1
6021.05,78.49,23980.5,,,,,78.48,78.49,12504.1
6022.05,40.78,21959.9,,,,,40.78,40.79,12504.1
6023.05,100.0,20681.0,,,,,100.0,100.0,12504.2
6024.05,80.05,21976.8,,,,,80.05,80.06,12504.2
6025.05,0.0,22059.9,,,,,0.0,0.0,12504.2
6026.05,100.0,20681.0,,,,,100.0,100.0,12504.3
6027.05,40.8,21959.9,,,,,40.79,40.81,12504.3
6028.05,95.57,20681.0,,,,,95.59,95.56,12504.4
6029.05,100.0,21976.8,,,,,100.0,100.0,12504.4
6030.05,0.0,21959.9,,,,,0.0,0.0,12504.4
6031.05,100.0,20681.0,,,,,100.0,100.0,12504.4
6032.05,80.07,21959.9,,,,,80.06,80.08,12504.4
6033.05,95.58,20681.0,,,,,95.58,95.58,12504.4
6034.05,100.0,21976.8,,,,,100.0,100.0,12504.5
6035.05,0.0,21959.9,,,,,0.0,0.0,12504.5
6036.05,100.0,20681.0,,,,,100.0,100.0,12504.5
6037.05,80.05,21959.9,,,,,80.04,80.06,12504.5
6038.05,95.6,20681.0,,,,,95.6,95.6,12504.5
6039.05,100.0,21976.8,,,,,100.0,100.0,12504.6
6040.05,0.0,21959.9,,,,,0.0,0.0,12504.6
6041.05,100.0,20681.0,,,,,100.0,100.0,12504.6
6042.05,79.99,21959.9,,,,,79.98,79.99,12504.6
6043.05,95.65,20681.0,,,,,95.65,95.65,12504.6
6044.05,78.43,23980.5,,,,,78.43,78.42,12504.6
6045.05,40.81,22059.9,,,,,40.8,40.82,12504.7
6046.05,100.0,20681.0,,,,,100.0,100.0,12504.8
6047.05,80.02,21976.8,,,,,80.02,80.03,12504.9
6048.05,0.0,21959.9,,,,,0.0,0.0,12504.9
6049.05,100.0,23980.5,,,,,100.0,100.0,12504.9
6050.05,40.79,21959.9,,,,,40.78,40.8,12504.9
6051.05,100.0,20681.0,,,,,100.0,100.0,12504.9
6052.05,80.02,21976.8,,,,,80.02,80.03,12504.9
6053.05,0.0,21959.9,,,,,0.0,0.0,12504.9
6054.05,100.0,23980.5,,,,,100.0,100.0,12505.0
6055.05,40.79,21959.9,,,,,40.79,40.79,12505.0
6056.05,100.0,20681.0,,,,,100.0,100.0,12505.0
6057.05,79.97,21976.8,,,,,79.97,79.98,12505.0
6058.05,0.0,21959.9,,,,,0.0,0.0,12505.0
6059.05,100.0,23980.5,,,,,100.0,100.0,12505.1
6060.05,40.81,21959.9,,,,,40.8,40.82,12505.1
6061.05,95.68,20681.0,,,,,95.68,95.68,12505.1
6062.05,100.0,21976.8,,,,,100.0,100.0,12505.1
6063.06,0.0,21959.9,,,,,0.0,0.0,12505.1
6064.06,100.0,23980.5,,,,,100.0,100.0,12505.2
6065.06,40.83,22059.9,,,,,40.82,40.83,12505.2
6066.06,96.8,20681.0,,,,,96.8,96.81,12505.5
6067.06,78.44,23980.5,,,,,78.43,78.45,12505.5
6068.06,40.82,21959.9,,,,,40.81,40.82,12505.5
6069.06,100.0,20681.0,,,,,100.0,100.0,12505.6
6070.06,79.95,21959.9,,,,,79.95,79.96,12505.6
6071.06,95.61,20681.0,,,,,95.61,95.61,12505.6
6072.06,78.44,23980.5,,,,,78.44,78.44,12505.6
6073.06,40.81,21959.9,,,,,40.81,40.82,12505.6
6074.06,100.0,20681.0,,,,,100.0,100.0,12505.6
6075.06,80.33,21959.9,,,,,80.32,80.34,12505.7
6076.06,95.64,20681.0,,,,,95.64,95.65,12505.7
6077.06,78.4,23980.5,,,,,78.4,78.4,12505.7
6078.06,40.81,21959.9,,,,,40.8,40.81,12505.7
6079.06,100.0,20681.0,,,,,100.0,100.0,12505.7
6080.06,79.96,21959.9,,,,,79.95,79.97,12505.8
6081.06,95.66,20681.0,,,,,95.66,95.66,12505.8
6082.06,78.43,23980.5,,,,,78.43,78.44,12505.8
6083.06,40.81,21959.9,,,,,40.81,40.81,12505.8
6084.06,100.0,20681.0,,,,,100.0,100.0,12505.8
6085.06,80.01,21959.9,,,,,80.0,80.01,12505.9
6086.06,96.8,20681.0,,,,,96.8,96.81,12506.1
6087.06,78.49,23980.5,,,,,78.48,78.49,12506.1
6088.06,40.78,21959.9,,,,,40.78,40.78,12506.2
6089.06,95.65,20681.0,,,,,95.65,95.65,12506.2
6090.06,100.0,21976.8,,,,,100.0,100.0,12506.2
6091.06,0.0,21959.9,,,,,0.0,0.0,12506.2
6092.06,100.0,23980.5,,,,,100.0,100.0,12506.2
6093.06,40.84,21959.9,,,,,40.83,40.84,12506.2
6094.06,95.58,20681.0,,,,,95.58,95.59,12506.3
6095.06,100.0,21976.8,,,,,100.0,100.0,12506.3
6096.06,0.0,21959.9,,,,,0.0,0.0,12506.3
6097.06,100.0,23980.5,,,,,100.0,100.0,12506.3
6098.06,40.81,21959.9,,,,,40.81,40.82,12506.3
6099.06,95.54,20681.0,,,,,95.54,95.55,12506.3
6100.06,100.0,21976.8,,,,,100.0,100.0,12506.4
6101.06,0.0,21959.9,,,,,0.0,0.0,12506.4
6102.06,100.0,20681.0,,,,,100.0,100.0,12506.4
6103.06,80.02,21959.9,,,,,80.01,80.04,12506.4
6104.06,95.63,20681.0,,,,,95.63,95.63,12506.4
6105.06,100.0,21976.8,,,,,100.0,100.0,12506.5
6106.06,0.0,22059.9,,,,,0.0,0.0,12506.5
6107.06,100.0,20681.0,,,,,100.0,100.0,12506.9
6108.06,80.07,21951.8,,,,,80.06,80.08,12506.9
6109.06,95.59,20681.0,,,,,95.59,95.59,12506.9
6110.06,78.41,23980.5,,,,,78.4,78.41,12507.0
6111.06,40.83,21959.9,,,,,40.83,40.83,12507.0
6112.06,100.0,20681.0,,,,,100.0,100.0,12507.0
6113.06,80.01,21976.8,,,,,80.01,80.02,12507.0
6114.06,95.6,20681.0,,,,,95.6,95.6,12507.0
6115.06,78.43,23980.5,,,,,78.43,78.43,12507.0
6116.06,40.8,21959.9,,,,,40.8,40.81,12507.1
6117.06,100.0,20681.0,,,,,100.0,100.0,12507.1
6118.06,79.98,21976.8,,,,,79.97,79.98,12507.1
6119.06,0.0,21959.9,,,,,0.0,0.0,12507.1
6120.06,100.0,23980.5,,,,,100.0,100.0,12507.1
6121.06,40.8,21959.9,,,,,40.8,40.8,12507.1
6122.06,100.0,20681.0,,,,,100.0,100.0,12507.2
6123.06,80.08,21976.8,,,,,80.06,80.09,12507.2
6124.06,0.0,21959.9,,,,,0.0,0.0,12507.2
6125.07,100.0,23980.5,,,,,100.0,100.0,12507.2
6126.07,40.84,22059.9,,,,,40.83,40.85,12507.3
6127.07,96.85,20681.0,,,,,96.85,96.85,12507.4
6128.07,100.0,21976.8,,,,,100.0,100.0,12507.4
6129.07,0.0,21959.9,,,,,0.0,0.0,12507.4
6130.07,100.0,20681.0,,,,,100.0,100.0,12507.4
6131.07,80.02,21959.9,,,,,80.01,80.02,12507.4
6132.07,95.6,20681.0,,,,,95.6,95.59,12507.5
6133.07,100.0,21976.8,,,,,100.0,100.0,12507.5
6134.07,0.0,21959.9,,,,,0.0,0.0,12507.5
6135.07,100.0,20681.0,,,,,100.0,100.0,12507.5
6136.07,80.04,21959.9,,,,,80.03,80.04,12507.5
6137.07,95.61,20681.0,,,,,95.61,95.61,12507.5
6138.07,78.39,23980.5,,,,,78.39,78.4,12507.6
6139.07,40.84,21959.9,,,,,40.83,40.84,12507.6
6140.07,100.0,20681.0,,,,,100.0,100.0,12507.6
6141.07,80.01,21959.9,,,,,80.0,80.02,12507.6
6142.07,95.6,20681.0,,,,,95.6,95.6,12507.6
6143.07,78.43,23980.5,,,,,78.42,78.43,12507.7
6144.07,40.79,21959.9,,,,,40.78,40.79,12507.7
6145.07,100.0,20681.0,,,,,100.0,100.0,12507.7
6146.07,79.96,21959.9,,,,,79.95,79.97,12507.7
6147.07,96.89,20681.0,,,,,96.89,96.89,12507.9
6148.07,78.43,23980.5,,,,,78.43,78.44,12508.0
6149.07,40.8,21959.9,,,,,40.79,40.81,12508.0
6150.07,100.0,20681.0,,,,,100.0,100.0,12508.0
6151.07,79.94,21976.8,,,,,79.94,79.95,12508.0
6152.07,0.0,21959.9,,,,,0.0,0.0,12508.0
6153.07,100.0,23980.5,,,,,100.0,100.0,12508.0
6154.07,40.78,21959.9,,,,,40.77,40.79,12508.1
6155.07,95.65,20681.0,,,,,95.65,95.65,12508.1
6156.07,100.0,21976.8,,,,,100.0,100.0,12508.1
6157.07,0.0,21959.9,,,,,0.0,0.0,12508.1
6158.07,100.0,23980.5,,,,,100.0,100.0,12508.1
6159.07,40.82,21959.9,,,,,40.81,40.83,12508.1
6160.07,95.54,20681.0,,,,,95.55,95.54,12508.2
6161.07,100.0,21976.8,,,,,100.0,100.0,12508.2
6162.07,0.0,21959.9,,,,,0.0,0.0,12508.2
6163.07,100.0,23980.5,,,,,100.0,100.0,12508.2
6164.07,40.83,21959.9,,,,,40.82,40.83,12508.2
6165.07,95.56,20681.0,,,,,95.56,95.56,12508.2
6166.07,100.0,21976.8,,,,,100.0,100.0,12508.3
6167.07,0.0,22059.9,,,,,0.0,0.0,12508.3
6168.07,100.0,20681.0,,,,,100.0,100.0,12508.5
6169.07,80.07,21959.9,,,,,80.06,80.07,12508.6
6170.07,95.58,20681.0,,,,,95.59,95.58,12508.6
6171.07,78.39,23980.5,,,,,78.38,78.39,12508.6
6172.07,40.82,21959.9,,,,,40.81,40.82,12508.6
6173.07,100.0,20681.0,,,,,100.0,100.0,12508.6
6174.07,80.01,21943.8,,,,,80.01,80.02,12508.6
6175.07,95.56,20681.0,,,,,95.56,95.56,12508.7
6176.07,78.42,23980.5,,,,,78.42,78.42,12508.7
6177.07,40.81,21959.9,,,,,40.8,40.81,12508.7
6178.07,100.0,20681.0,,,,,100.0,100.0,12508.7
6179.07,80.01,21976.8,,,,,80.01,80.02,12508.7
6180.07,0.0,21959.9,,,,,0.0,0.0,12508.7
6181.07,100.0,23980.5,,,,,100.0,100.0,12508.8
6182.07,40.82,21959.9,,,,,40.81,40.82,12508.8
6183.07,100.0,20681.0,,,,,100.0,100.0,12508.8
6184.07,80.01,21976.8,,,,,80.01,80.02,12508.8
6185.07,0.0,21959.9,,,,,0.0,0.0,12508.8
6186.07,100.0,23980.5,,,,,100.0,100.0,12508.9
6187.07,40.81,22059.9,,,,,40.81,40.82,12508.9
6188.07,96.8,20681.0,,,,,96.79,96.8,12509.1
6189.08,100.0,21976.8,,,,,100.0,100.0,12509.1
6190.08,0.0,21959.9,,,,,0.0,0.0,12509.1
6191.08,100.0,20681.0,,,,,100.0,100.0,12509.1
6192.08,79.99,21959.9,,,,,79.98,79.99,12509.2
6193.08,95.63,20681.0,,,,,95.64,95.63,12509.2
6194.08,100.0,21976.8,,,,,100.0,100.0,12509.2
6195.08,0.0,21959.9,,,,,0.0,0.0,12509.2
6196.08,100.0,20681.0,,,,,100.0,100.0,12509.2
6197.08,80.02,21959.9,,,,,80.01,80.04,12509.2
6198.08,95.61,20681.0,,,,,95.62,95.6,12509.3
6199.08,78.39,23980.5,,,,,78.38,78.4,12509.3
6200.08,40.81,21959.9,,,,,40.8,40.82,12509.3
6201.08,100.0,20681.0,,,,,100.0,100.0,12509.3
6202.08,79.97,21959.9,,,,,79.96,79.98,12509.3
6203.08,95.66,20681.0,,,,,95.65,95.66,12509.4
6204.08,78.44,23980.5,,,,,78.44,78.44,12509.4
6205.08,40.78,21959.9,,,,,40.78,40.79,12509.4
6206.08,100.0,20681.0,,,,,100.0,100.0,12509.4
6207.08,80.01,21959.9,,,,,80.01,80.02,12509.4
6208.08,96.87,20681.0,,,,,96.86,96.87,12509.7
6209.08,78.41,23980.5,,,,,78.4,78.41,12509.7
6210.08,40.8,21959.9,,,,,40.79,40.81,12509.7
6211.08,100.0,20681.0,,,,,100.0,100.0,12509.7
6212.08,80.02,21976.8,,,,,80.01,80.03,12509.8
6213.08,0.0,21959.9,,,,,0.0,0.0,12509.8
6214.08,100.0,23980.5,,,,,100.0,100.0,12509.8
6215.08,40.79,21959.9,,,,,40.78,40.8,12509.8
6216.08,95.65,20681.0,,,,,95.65,95.65,12509.8
6217.08,100.0,21976.8,,,,,100.0,100.0,12509.8
6218.08,0.0,21959.9,,,,,0.0,0.0,12509.8
6219.08,100.0,23980.5,,,,,100.0,100.0,12509.9
6220.08,40.81,21959.9,,,,,40.8,40.82,12509.9
6221.08,95.53,20681.0,,,,,95.53,95.52,12509.9
6222.08,100.0,21976.8,,,,,100.0,100.0,12509.9
6223.08,0.0,21959.9,,,,,0.0,0.0,12509.9
6224.08,100.0,23980.5,,,,,100.0,100.0,12510.0
6225.08,40.84,21959.9,,,,,40.83,40.85,12510.0
6226.08,95.6,20681.0,,,,,95.61,95.6,12510.0
6227.08,100.0,21976.8,,,,,100.0,100.0,12510.0
6228.08,0.0,22059.9,,,,,0.0,0.0,12510.1
6229.08,100.0,20681.0,,,,,100.0,100.0,12510.6
6230.08,79.95,21959.9,,,,,79.95,79.95,12510.6
6231.08,95.63,20681.0,,,,,95.63,95.63,12510.6
6232.08,78.43,23980.5,,,,,78.43,78.44,12510.7
6233.08,40.8,21959.9,,,,,40.79,40.8,12510.7
6234.08,100.0,20681.0,,,,,100.0,100.0,12510.7
6235.08,80.02,21959.9,,,,,80.01,80.03,12510.7
6236.08,95.58,20681.0,,,,,95.58,95.58,12510.7
6237.08,78.43,23980.5,,,,,78.42,78.43,12510.8
6238.08,40.83,21959.9,,,,,40.83,40.84,12510.8
6239.08,100.0,20681.0,,,,,100.0,100.0,12510.8
6240.08,79.97,21943.8,,,,,79.97,79.98,12510.8
6241.08,95.58,20681.0,,,,,95.58,95.58,12510.8
6242.08,78.42,23980.5,,,,,78.41,78.42,12510.9
6243.08,40.83,21959.9,,,,,40.83,40.84,12510.9
6244.08,100.0,20681.0,,,,,100.0,100.0,12510.9
6245.08,80.07,21976.8,,,,,80.06,80.08,12510.9
6246.08,95.58,20681.0,,,,,95.59,95.57,12510.9
6247.08,78.44,23980.5,,,,,78.43,78.45,12510.9
6248.08,40.8,22059.9,,,,,40.8,40.81,12511.0
6249.08,96.85,20681.0,,,,,96.85,96.85,12511.1
6250.08,100.0,21976.8,,,,,100.0,100.0,12511.2
6251.08,0.0,21959.9,,,,,0.0,0.0,12511.2
6252.08,100.0,20681.0,,,,,100.0,100.0,12511.2
6253.09,40.81,21959.9,,,,,40.8,40.81,12511.2
6254.09,95.6,20681.0,,,,,95.61,95.6,12511.2
6255.09,100.0,21976.8,,,,,100.0,100.0,12511.2
6256.09,0.0,21959.9,,,,,0.0,0.0,12511.3
6257.09,100.0,20681.0,,,,,100.0,100.0,12511.3
6258.09,80.04,21959.9,,,,,80.04,80.04,12511.3
6259.09,95.54,20681.0,,,,,95.54,95.54,12511.3
6260.09,100.0,21976.8,,,,,100.0,100.0,12511.3
6261.09,0.0,21959.9,,,,,0.0,0.0,12511.4
6262.09,100.0,20681.0,,,,,100.0,100.0,12511.4
6263.09,80.01,21959.9,,,,,80.01,80.02,12511.4
6264.09,95.59,20681.0,,,,,95.58,95.59,12511.4
6265.09,100.0,21976.8,,,,,100.0,100.0,12511.4
6266.09,0.0,21959.9,,,,,0.0,0.0,12511.4
6267.09,100.0,20681.0,,,,,100.0,100.0,12511.5
6268.09,79.99,22059.9,,,,,79.99,80.0,12511.5
6269.09,96.86,20681.0,,,,,96.85,96.86,12511.6
6270.09,78.43,23980.5,,,,,78.42,78.43,12511.6
6271.09,40.83,21959.9,,,,,40.82,40.83,12511.6
6272.09,100.0,20681.0,,,,,100.0,100.0,12511.7
6273.09,80.07,21976.8,,,,,80.07,80.08,12511.7
6274.09,0.0,21959.9,,,,,0.0,0.0,12511.7
6275.09,100.0,23980.5,,,,,100.0,100.0,12511.7
6276.09,40.84,21959.9,,,,,40.84,40.85,12511.7
6277.09,100.0,20681.0,,,,,100.0,100.0,12511.7
6278.09,79.99,21976.8,,,,,79.99,79.99,12511.8
6279.09,0.0,21959.9,,,,,0.0,0.0,12511.8
6280.09,100.0,23980.5,,,,,100.0,100.0,12511.8
6281.09,40.84,21959.9,,,,,40.83,40.85,12511.8
6282.09,100.0,20681.0,,,,,100.0,100.0,12511.8
6283.09,79.98,21976.8,,,,,79.98,79.99,12511.9
6284.09,0.0,21959.9,,,,,0.0,0.0,12511.9
6285.09,100.0,23980.5,,,,,100.0,100.0,12511.9
6286.09,40.84,21959.9,,,,,40.83,40.84,12511.9
6287.09,100.0,20681.0,,,,,100.0,100.0,12511.9
6288.09,80.02,21976.8,,,,,80.02,80.03,12511.9
6289.09,0.0,22059.9,,,,,0.0,0.0,12512.0
6290.09,100.0,20681.0,,,,,100.0,100.0,12512.1
6291.09,79.96,21959.9,,,,,79.96,79.97,12512.2
6292.09,95.59,20681.0,,,,,95.59,95.59,12512.2
6293.09,78.49,23980.5,,,,,78.49,78.49,12512.2
6294.09,40.82,21959.9,,,,,40.81,40.82,12512.2
6295.09,100.0,20681.0,,,,,100.0,100.0,12512.2
6296.09,80.01,21959.9,,,,,80.0,80.02,12512.3
6297.09,95.6,20681.0,,,,,95.6,95.6,12512.3
6298.09,78.41,23980.5,,,,,78.4,78.41,12512.3
6299.09,40.84,21959.9,,,,,40.84,40.85,12512.3
6300.09,100.0,20681.0,,,,,100.0,100.0,12512.3
6301.09,80.0,21959.9,,,,,79.99,80.0,12512.4
6302.09,95.6,20681.0,,,,,95.61,95.6,12512.4
6303.09,78.45,23980.5,,,,,78.44,78.45,12512.4
6304.09,40.81,21959.9,,,,,40.81,40.81,12512.4
6305.09,100.0,20681.0,,,,,100.0,100.0,12512.4
6306.09,80.07,21959.9,,,,,80.07,80.07,12512.4
6307.09,95.61,20681.0,,,,,95.61,95.61,12512.5
6308.09,78.45,23980.5,,,,,78.44,78.45,12512.5
6309.09,40.79,22059.9,,,,,40.79,40.8,12512.5
6310.09,96.89,20681.0,,,,,96.89,96.9,12512.7
6311.09,100.0,21976.8,,,,,100.0,100.0,12512.8
6312.09,0.0,21959.9,,,,,0.0,0.0,12512.8
6313.09,100.0,23980.5,,,,,100.0,100.0,12512.8
6314.09,40.84,21959.9,,,,,40.83,40.84,12512.8
6315.09,95.55,20681.0,,,,,95.54,95.55,12512.8
6316.1,100.0,21976.8,,,,,100.0,100.0,12512.8
6317.1,0.0,21959.9,,,,,0.0,0.0,12512.9
6318.1,100.0,23980.5,,,,,100.0,100.0,12512.9
6319.1,40.79,21959.9,,,,,40.78,40.8,12512.9
6320.1,95.63,20681.0,,,,,95.63,95.63,12512.9
6321.1,100.0,21976.8,,,,,100.0,100.0,12512.9
6322.1,0.0,21959.9,,,,,0.0,0.0,12512.9
6323.1,100.0,23980.5,,,,,100.0,100.0,12513.0
6324.1,40.79,21959.9,,,,,40.78,40.79,12513.0
6325.1,95.65,20681.0,,,,,95.65,95.65,12513.0
6326.1,100.0,21976.8,,,,,100.0,100.0,12513.0
6327.1,0.0,21959.9,,,,,0.0,0.0,12513.0
6328.1,100.0,20681.0,,,,,100.0,100.0,12513.0
6329.1,80.06,22059.9,,,,,80.05,80.07,12513.1
6330.1,96.88,20681.0,,,,,96.88,96.88,12513.3
6331.1,78.38,23980.5,,,,,78.38,78.39,12513.3
6332.1,40.84,21959.9,,,,,40.84,40.84,12513.3
6333.1,100.0,20681.0,,,,,100.0,100.0,12513.3
6334.1,80.0,21952.0,,,,,79.99,80.01,12513.3
6335.1,95.51,20681.0,,,,,95.51,95.51,12513.4
6336.1,78.43,23980.5,,,,,78.43,78.44,12513.4
6337.1,40.84,21959.9,,,,,40.83,40.84,12513.4
6338.1,100.0,20681.0,,,,,100.0,100.0,12513.4
6339.1,80.02,21976.8,,,,,80.01,80.03,12513.4
6340.1,95.52,20681.0,,,,,95.52,95.52,12513.4
6341.1,78.48,23980.5,,,,,78.47,78.48,12513.5
6342.1,40.81,21959.9,,,,,40.81,40.82,12513.5
6343.1,100.0,20681.0,,,,,100.0,100.0,12513.5
6344.1,80.0,21976.8,,,,,79.99,80.01,12513.5
6345.1,0.0,21959.9,,,,,0.0,0.0,12513.5
6346.1,100.0,23980.5,,,,,100.0,100.0,12513.6
6347.1,40.79,21959.9,,,,,40.79,40.79,12513.6
6348.1,100.0,20681.0,,,,,100.0,100.0,12513.6
6349.1,80.01,21976.8,,,,,80.0,80.01,12513.6
6350.1,0.0,22059.9,,,,,0.0,0.0,12513.7
6351.1,100.0,20681.0,,,,,100.0,100.0,12513.9
6352.1,80.04,21959.9,,,,,80.03,80.05,12513.9
6353.1,95.6,20681.0,,,,,95.61,95.6,12513.9
6354.1,100.0,21976.8,,,,,100.0,100.0,12513.9
6355.1,0.0,21959.9,,,,,0.0,0.0,12513.9
6356.1,100.0,20681.0,,,,,100.0,100.0,12514.0
6357.1,80.03,21959.9,,,,,80.0,80.05,12514.0
6358.1,95.62,20681.0,,,,,95.63,95.62,12514.0
6359.1,100.0,21976.8,,,,,100.0,100.0,12514.0
6360.1,0.0,21959.9,,,,,0.0,0.0,12514.0
6361.1,100.0,20681.0,,,,,100.0,100.0,12514.0
6362.1,80.02,21959.9,,,,,80.01,80.03,12514.1
6363.1,95.65,20681.0,,,,,95.66,95.65,12514.1
6364.1,100.0,21976.9,,,,,100.0,100.0,12514.1
6365.1,0.0,21959.9,,,,,0.0,0.0,12514.1
6366.1,100.0,20681.0,,,,,100.0,100.0,12514.1
6367.1,80.01,21959.9,,,,,80.0,80.02,12514.2
6368.1,95.63,20681.0,,,,,95.63,95.64,12514.2
6369.1,78.38,23980.5,,,,,78.38,78.39,12514.2
6370.1,40.85,22059.9,,,,,40.85,40.86,12514.3
6371.1,100.0,20681.0,,,,,100.0,100.0,12514.9
6372.1,80.01,21976.8,,,,,80.0,80.02,12514.9
6373.1,0.0,21959.9,,,,,0.0,0.0,12514.9
6374.1,100.0,23980.5,,,,,100.0,100.0,12515.0
6375.1,40.8,21959.9,,,,,40.79,40.81,12515.0
6376.1,100.0,20681.0,,,,,100.0,100.0,12515.0
6377.11,80.05,21976.8,,,,,80.04,80.05,12515.0
6378.11,0.0,21959.9,,,,,0.0,0.0,12515.0
6379.11,100.0,23980.5,,,,,100.0,100.0,12515.0
6380.11,40.8,21959.9,,,,,40.8,40.81,12515.1
6381.11,100.0,20681.0,,,,,100.0,100.0,12515.1
6382.11,80.01,21976.8,,,,,80.0,80.02,12515.1
6383.11,0.0,21959.9,,,,,0.0,0.0,12515.1
6384.11,100.0,23980.5,,,,,100.0,100.0,12515.1
6385.11,40.8,21959.9,,,,,40.78,40.81,12515.1
6386.11,100.0,20681.0,,,,,100.0,100.0,12515.2
6387.11,79.98,21976.8,,,,,79.97,79.99,12515.2
6388.11,0.0,21959.9,,,,,0.0,0.0,12515.2
6389.11,100.0,23980.5,,,,,100.0,100.0,12515.2
6390.11,40.8,22059.9,,,,,40.8,40.81,12515.3
6391.11,96.88,20681.0,,,,,96.88,96.88,12515.4
6392.11,100.0,21976.9,,,,,100.0,100.0,12515.4
6393.11,0.0,21959.9,,,,,0.0,0.0,12515.4
6394.11,100.0,20681.0,,,,,100.0,100.0,12515.4
6395.11,80.01,21959.9,,,,,80.0,80.02,12515.4
6396.11,95.56,20681.0,,,,,95.56,95.56,12515.4
6397.11,78.48,23980.5,,,,,78.47,78.48,12515.5
6398.11,40.79,21959.9,,,,,40.79,40.79,12515.5
6399.11,100.0,20681.0,,,,,100.0,100.0,12515.5
6400.11,80.01,21959.9,,,,,80.01,80.02,12515.5
6401.11,95.52,20681.0,,,,,95.52,95.52,12515.5
6402.11,78.44,23980.5,,,,,78.44,78.44,12515.6
6403.11,40.84,21959.9,,,,,40.84,40.85,12515.6
6404.11,100.0,20681.0,,,,,100.0,100.0,12515.6
6405.11,80.01,21959.9,,,,,80.0,80.02,12515.6
6406.11,95.66,20681.0,,,,,95.66,95.66,12515.6
6407.11,78.42,23980.5,,,,,78.42,78.42,12515.6
6408.11,40.78,21959.9,,,,,40.78,40.79,12515.7
6409.11,100.0,20681.0,,,,,100.0,100.0,12515.7
6410.11,79.98,21959.9,,,,,79.98,79.99,12515.7
6411.11,96.92,20681.0,,,,,96.91,96.92,12515.9
6412.11,78.47,23980.5,,,,,78.47,78.48,12515.9
6413.11,40.83,21959.9,,,,,40.83,40.84,12515.9
6414.11,95.57,20681.0,,,,,95.57,95.56,12515.9
6415.11,100.0,21976.8,,,,,100.0,100.0,12516.0
6416.11,0.0,21959.9,,,,,0.0,0.0,12516.0
6417.11,100.0,23980.5,,,,,100.0,100.0,12516.0
6418.11,40.78,21959.9,,,,,40.78,40.78,12516.0
6419.11,95.62,20681.0,,,,,95.62,95.62,12516.0
6420.11,100.0,21976.8,,,,,100.0,100.0,12516.1
6421.11,0.0,21959.9,,,,,0.0,0.0,12516.1
6422.11,100.0,23980.5,,,,,100.0,100.0,12516.1
6423.11,40.81,21959.9,,,,,40.81,40.82,12516.1
6424.11,95.57,20681.0,,,,,95.58,95.57,12516.1
6425.11,100.0,21976.8,,,,,100.0,100.0,12516.2
6426.11,0.0,21959.9,,,,,0.0,0.0,12516.2
6427.11,100.0,23980.5,,,,,100.0,100.0,12516.2
6428.11,40.83,21959.9,,,,,40.83,40.84,12516.2
6429.11,95.56,20681.0,,,,,95.56,95.56,12516.2
6430.11,100.0,21976.8,,,,,100.0,100.0,12516.2
6431.11,0.0,22059.9,,,,,0.0,0.0,12516.3
6432.11,100.0,20681.0,,,,,100.0,100.0,12516.4
6433.11,80.01,21959.9,,,,,80.01,80.02,12516.5
6434.11,95.54,20681.0,,,,,95.54,95.54,12516.5
6435.11,78.5,23980.5,,,,,78.49,78.5,12516.5
6436.11,40.78,21959.9,,,,,40.77,40.78,12516.5
6437.11,100.0,20681.0,,,,,100.0,100.0,12516.5
6438.11,79.96,21943.8,,,,,79.95,79.97,12516.6
6439.12,95.66,20681.0,,,,,95.66,95.65,12516.6
6440.12,78.43,23980.5,,,,,78.43,78.43,12516.6
6441.12,40.78,21959.9,,,,,40.78,40.79,12516.6
6442.12,100.0,20681.0,,,,,100.0,100.0,12516.6
6443.12,80.06,21976.8,,,,,80.05,80.07,12516.7
6444.12,95.54,20681.0,,,,,95.54,95.54,12516.7
6445.12,78.41,23980.5,,,,,78.41,78.41,12516.7
6446.12,40.83,21959.9,,,,,40.82,40.84,12516.7
6447.12,100.0,20681.0,,,,,100.0,100.0,12516.7
6448.12,79.97,21976.8,,,,,79.97,79.98,12516.7
6449.12,0.0,21959.9,,,,,0.0,0.0,12516.8
6450.12,100.0,23980.5,,,,,100.0,100.0,12516.8
6451.12,40.84,22059.9,,,,,40.83,40.84,12516.8
6452.12,96.86,20681.0,,,,,96.85,96.87,12516.9
6453.12,100.0,21976.8,,,,,100.0,100.0,12516.9
6454.12,0.0,21959.9,,,,,0.0,0.0,12516.9
6455.12,100.0,20681.0,,,,,100.0,100.0,12516.9
6456.12,79.97,21959.9,,,,,79.96,79.98,12516.9
6457.12,95.64,20681.0,,,,,95.64,95.64,12516.9
6458.12,100.0,21976.8,,,,,100.0,100.0,12516.9
6459.12,0.0,21959.9,,,,,0.0,0.0,12516.9
6460.12,100.0,20681.0,,,,,100.0,100.0,12516.9
6461.12,80.01,21959.9,,,,,80.01,80.02,12516.9
6462.12,95.57,20681.0,,,,,95.57,95.57,12516.9
6463.12,78.44,23980.5,,,,,78.44,78.44,12516.9
6464.12,40.81,21959.9,,,,,40.8,40.82,12516.9
6465.12,100.0,20681.0,,,,,100.0,100.0,12516.9
6466.12,79.94,21959.9,,,,,79.93,79.94,12516.9
6467.12,95.64,20681.0,,,,,95.64,95.64,12516.9
6468.12,78.39,23980.5,,,,,78.38,78.39,12516.9
6469.12,40.84,21959.9,,,,,40.83,40.84,12516.9
6470.12,100.0,20681.0,,,,,100.0,100.0,12516.9
6471.12,79.96,21959.9,,,,,79.95,79.97,12516.9
6472.12,96.87,20681.0,,,,,96.86,96.88,12517.0
6473.12,78.49,23980.5,,,,,78.49,78.49,12517.0
6474.12,40.78,21959.9,,,,,40.77,40.79,12517.0
6475.12,100.0,20681.0,,,,,100.0,100.0,12517.0
6476.12,80.02,21976.8,,,,,80.01,80.03,12517.0
6477.12,0.0,21959.9,,,,,0.0,0.0,12517.0
6478.12,100.0,23980.5,,,,,100.0,100.0,12517.0
6479.12,40.78,21959.9,,,,,40.78,40.79,12517.0
6480.12,95.58,20681.0,,,,,95.58,95.57,12517.0
6481.12,100.0,21976.8,,,,,100.0,100.0,12517.0
6482.12,0.0,21959.9,,,,,0.0,0.0,12517.0
6483.12,100.0,23980.5,,,,,100.0,100.0,12517.0
6484.12,40.81,21959.9,,,,,40.8,40.82,12517.0
6485.12,95.66,20681.0,,,,,95.66,95.66,12517.0
6486.12,100.0,21976.8,,,,,100.0,100.0,12517.0
6487.12,0.0,21959.9,,,,,0.0,0.0,12517.0
6488.12,100.0,23980.5,,,,,100.0,100.0,12517.0
6489.12,40.83,21959.9,,,,,40.83,40.84,12517.0
6490.12,95.54,20681.0,,,,,95.55,95.54,12517.0
6491.12,100.0,21976.8,,,,,100.0,100.0,12517.0
6492.12,0.0,22059.9,,,,,0.0,0.0,12517.0
6493.12,100.0,20681.0,,,,,100.0,100.0,12517.0
6494.12,79.97,21959.9,,,,,79.96,79.97,12517.0
6495.12,95.65,20681.0,,,,,95.65,95.65,12517.0
6496.12,78.41,23980.5,,,,,78.41,78.42,12517.0
6497.12,40.8,21959.9,,,,,40.79,40.8,12517.0
6498.12,100.0,20681.0,,,,,100.0,100.0,12517.0
6499.12,79.97,21959.9,,,,,79.96,79.98,12517.0
6500.13,95.66,20681.0,,,,,95.67,95.66,12517.0
6501.13,78.43,23980.5,,,,,78.42,78.43,12517.0
6502.13,40.8,21959.9,,,,,40.8,40.81,12517.0
6503.13,100.0,20681.0,,,,,100.0,100.0,12517.0
6504.13,80.09,21951.8,,,,,80.09,80.1,12517.0
6505.13,95.56,20681.0,,,,,95.56,95.56,12517.0
6506.13,78.42,23980.5,,,,,78.42,78.43,12517.0
6507.13,40.82,21959.9,,,,,40.81,40.82,12517.0
6508.13,100.0,20681.0,,,,,100.0,100.0,12517.0
6509.13,80.02,21976.8,,,,,80.01,80.03,12517.0
6510.13,95.58,21959.8,,,,,95.58,95.57,12517.0
6511.13,78.43,23980.5,,,,,78.42,78.44,12517.0
6512.13,40.78,22059.9,,,,,40.77,40.78,12517.0
6513.13,96.94,20681.0,,,,,96.94,96.95,12517.2
6514.13,100.0,21976.8,,,,,100.0,100.0,12517.2
6515.13,0.0,21959.9,,,,,0.0,0.0,12517.2
6516.13,100.0,20681.0,,,,,100.0,100.0,12517.2
6517.13,79.95,21959.9,,,,,79.95,79.96,12517.2
6518.13,95.64,20681.0,,,,,95.65,95.64,12517.2
6519.13,100.0,21976.8,,,,,100.0,100.0,12517.2
6520.13,0.0,21959.9,,,,,0.0,0.0,12517.2
6521.13,100.0,20681.0,,,,,100.0,100.0,12517.2
6522.13,80.02,21959.9,,,,,80.01,80.03,12517.2
6523.13,95.54,20681.0,,,,,95.54,95.54,12517.2
6524.13,100.0,21976.8,,,,,100.0,100.0,12517.2
6525.13,0.0,21959.9,,,,,0.0,0.0,12517.2
6526.13,100.0,20681.0,,,,,100.0,100.0,12517.2
6527.13,80.03,21959.9,,,,,80.02,80.03,12517.2
6528.13,95.66,20681.0,,,,,95.66,95.66,12517.2
6529.13,78.35,23980.5,,,,,78.35,78.35,12517.2
6530.13,40.84,21959.9,,,,,40.83,40.84,12517.2
6531.13,100.0,20681.0,,,,,100.0,100.0,12517.2
6532.13,79.99,22059.9,,,,,79.99,79.99,12517.2
6533.13,96.92,20681.0,,,,,96.91,96.92,12517.2
6534.13,78.41,23980.5,,,,,78.41,78.41,12517.2
6535.13,40.82,21959.9,,,,,40.81,40.82,12517.2
6536.13,100.0,20681.0,,,,,100.0,100.0,12517.2
6537.13,80.05,21976.8,,,,,80.04,80.05,12517.2
6538.13,0.0,21959.9,,,,,0.0,0.0,12517.2
6539.13,100.0,23980.5,,,,,100.0,100.0,12517.2
6540.13,40.79,21959.9,,,,,40.79,40.79,12517.2
6541.13,100.0,20681.0,,,,,100.0,100.0,12517.2
6542.13,80.01,21976.8,,,,,80.0,80.02,12517.2
6543.13,0.0,21959.9,,,,,0.0,0.0,12517.2
6544.13,100.0,23980.5,,,,,100.0,100.0,12517.2
6545.13,40.81,21959.9,,,,,40.81,40.82,12517.2
6546.13,100.0,20681.0,,,,,100.0,100.0,12517.2
6547.13,79.97,21976.8,,,,,79.96,79.97,12517.2
6548.13,0.0,21959.9,,,,,0.0,0.0,12517.2
6549.13,100.0,23980.5,,,,,100.0,100.0,12517.2
6550.13,40.8,21959.9,,,,,40.79,40.8,12517.2
6551.13,100.0,20681.0,,,,,100.0,100.0,12517.2
6552.13,80.01,21976.8,,,,,80.0,80.02,12517.2
6553.13,0.0,22059.9,,,,,0.0,0.0,12517.2
6554.13,100.0,20681.0,,,,,100.0,100.0,12517.3
6555.13,79.99,21959.9,,,,,79.99,80.0,12517.3
6556.13,95.61,20681.0,,,,,95.61,95.61,12517.3
6557.13,78.46,23980.5,,,,,78.46,78.46,12517.3
6558.13,40.79,21959.9,,,,,40.78,40.79,12517.3
6559.13,100.0,20681.0,,,,,100.0,100.0,12517.3
6560.13,80.0,21959.9,,,,,79.99,80.01,12517.3
6561.13,95.65,20681.0,,,,,95.65,95.64,12517.3
6562.13,78.38,23980.5,,,,,78.38,78.39,12517.3
6563.14,40.84,21959.9,,,,,40.83,40.84,12517.3
6564.14,100.0,20681.0,,,,,100.0,100.0,12517.3
6565.14,79.99,21959.9,,,,,79.98,79.99,12517.3
6566.14,95.52,20681.0,,,,,95.52,95.52,12517.3
6567.14,78.47,23980.5,,,,,78.47,78.47,12517.3
6568.14,40.8,21959.9,,,,,40.79,40.8,12517.3
6569.14,100.0,20681.0,,,,,100.0,100.0,12517.3
6570.14,79.97,21959.9,,,,,79.96,79.98,12517.3
6571.14,95.59,20681.0,,,,,95.59,95.59,12517.3
6572.14,78.47,23980.5,,,,,78.47,78.48,12517.3
6573.14,40.81,22059.9,,,,,40.8,40.82,12517.3
6574.14,96.8,20681.0,,,,,96.8,96.8,12517.4
6575.14,100.0,21976.8,,,,,100.0,100.0,12517.4
6576.14,0.0,21959.9,,,,,0.0,0.0,12517.4
6577.14,100.0,23980.5,,,,,100.0,100.0,12517.4
6578.14,40.8,21959.9,,,,,40.8,40.8,12517.4
6579.14,95.59,20681.0,,,,,95.59,95.58,12517.4
6580.14,100.0,21976.8,,,,,100.0,100.0,12517.4
6581.14,0.0,21959.9,,,,,0.0,0.0,12517.4
6582.14,100.0,20681.0,,,,,100.0,100.0,12517.4
6583.14,40.8,21959.9,,,,,40.79,40.81,12517.4
6584.14,95.61,20681.0,,,,,95.61,95.6,12517.4
6585.14,100.0,21976.8,,,,,100.0,100.0,12517.4
6586.14,0.0,21959.9,,,,,0.0,0.0,12517.4
6587.14,100.0,20681.0,,,,,100.0,100.0,12517.4
6588.14,79.98,21959.9,,,,,79.97,79.99,12517.4
6589.14,95.64,20681.0,,,,,95.64,95.64,12517.4
6590.14,100.0,21976.8,,,,,100.0,100.0,12517.4
6591.14,0.0,21959.9,,,,,0.0,0.0,12517.4
6592.14,100.0,20681.0,,,,,100.0,100.0,12517.4
6593.14,80.05,22059.9,,,,,80.04,80.05,12517.4
6594.14,96.85,20681.0,,,,,96.85,96.85,12517.4
6595.14,78.42,23980.5,,,,,78.41,78.42,12517.4
6596.14,40.81,21959.9,,,,,40.8,40.81,12517.4
6597.14,100.0,20681.0,,,,,100.0,100.0,12517.4
6598.14,79.97,21976.8,,,,,79.97,79.98,12517.4
6599.14,95.66,20681.0,,,,,95.67,95.66,12517.4
6600.14,78.43,23980.5,,,,,78.42,78.43,12517.4
6601.14,40.83,21959.9,,,,,40.82,40.83,12517.4
6602.14,100.0,20681.0,,,,,100.0,100.0,12517.4
6603.14,80.02,21976.8,,,,,80.02,80.03,12517.4
6604.14,0.0,21959.9,,,,,0.0,0.0,12517.4
6605.14,100.0,23980.5,,,,,100.0,100.0,12517.4
6606.14,40.8,21959.9,,,,,40.8,40.81,12517.4
6607.14,100.0,20681.0,,,,,100.0,100.0,12517.4
6608.14,80.03,21976.8,,,,,80.02,80.04,12517.4
6609.14,0.0,21959.9,,,,,0.0,0.0,12517.4
6610.14,100.0,23980.5,,,,,100.0,100.0,12517.4
6611.14,40.84,21959.9,,,,,40.84,40.84,12517.4
6612.14,100.0,20681.0,,,,,100.0,100.0,12517.4
6613.14,79.98,21976.8,,,,,79.97,79.99,12517.4
6614.14,0.0,22059.9,,,,,0.0,0.0,12517.4
6615.14,100.0,20681.0,,,,,100.0,100.0,12517.9
6616.14,80.01,21959.9,,,,,80.01,80.02,12517.9
6617.14,95.64,20681.0,,,,,95.65,95.64,12517.9
6618.14,78.39,23980.5,,,,,78.38,78.39,12517.9
6619.14,40.79,21959.9,,,,,40.79,40.8,12517.9
6620.14,100.0,20681.0,,,,,100.0,100.0,12517.9
6621.14,80.0,21959.9,,,,,79.99,80.01,12517.9
6622.14,95.52,20681.0,,,,,95.53,95.51,12517.9
6623.14,78.43,23980.5,,,,,78.43,78.44,12517.9
6624.14,40.84,21959.9,,,,,40.84,40.84,12517.9
6625.14,100.0,20681.0,,,,,100.0,100.0,12517.9
6626.14,79.96,21959.9,,,,,79.95,79.97,12517.9
6627.14,95.63,20681.0,,,,,95.65,95.62,12517.9
6628.15,78.46,23980.5,,,,,78.44,78.47,12517.9
6629.15,40.8,21959.9,,,,,40.8,40.81,12517.9
6630.15,100.0,20681.0,,,,,100.0,100.0,12517.9
6631.15,79.97,21959.9,,,,,79.96,79.99,12517.9
6632.15,95.63,20681.0,,,,,95.64,95.62,12517.9
6633.15,78.38,23980.5,,,,,78.38,78.39,12517.9
6634.15,40.81,22059.9,,,,,40.8,40.81,12517.9
6635.15,96.93,20681.0,,,,,96.92,96.93,12518.0
6636.15,100.0,21976.8,,,,,100.0,100.0,12518.0
6637.15,0.0,21959.9,,,,,0.0,0.0,12518.0
6638.15,100.0,23980.5,,,,,100.0,100.0,12518.0
6639.15,40.8,21959.9,,,,,40.8,40.81,12518.0
6640.15,95.62,20681.0,,,,,95.62,95.61,12518.0
6641.15,100.0,21976.8,,,,,100.0,100.0,12518.0
6642.15,0.0,21959.9,,,,,0.0,0.0,12518.0
6643.15,100.0,20681.0,,,,,100.0,100.0,12518.0
6644.15,80.01,21959.9,,,,,80.0,80.02,12518.0
6645.15,95.54,20681.0,,,,,95.54,95.54,12518.0
6646.15,100.0,21976.8,,,,,100.0,100.0,12518.0
6647.15,0.0,21959.9,,,,,0.0,0.0,12518.0
6648.15,100.0,20681.0,,,,,100.0,100.0,12518.0
6649.15,80.03,21959.9,,,,,80.02,80.03,12518.0
6650.15,95.59,20681.0,,,,,95.59,95.59,12518.0
6651.15,100.0,21976.8,,,,,100.0,100.0,12518.0
6652.15,0.0,21959.9,,,,,0.0,0.0,12518.0
6653.15,100.0,20681.0,,,,,100.0,100.0,12518.0
6654.15,80.01,22059.9,,,,,80.0,80.02,12518.0
6655.15,96.82,20681.0,,,,,96.82,96.82,12518.0
6656.15,78.5,23980.5,,,,,78.49,78.52,12518.0
6657.15,40.79,21959.9,,,,,40.79,40.79,12518.0
6658.15,100.0,20681.0,,,,,100.0,100.0,12518.0
6659.15,80.08,21976.8,,,,,80.07,80.08,12518.0
6660.15,0.0,21959.9,,,,,0.0,0.0,12518.0
6661.15,100.0,23980.5,,,,,100.0,100.0,12518.0
6662.15,40.8,21959.9,,,,,40.78,40.81,12518.0
6663.15,100.0,20681.0,,,,,100.0,100.0,12518.0
6664.15,80.03,21976.8,,,,,80.02,80.03,12518.0
6665.15,0.0,21959.9,,,,,0.0,0.0,12518.0
6666.15,100.0,23980.5,,,,,100.0,100.0,12518.0
6667.15,40.81,21959.9,,,,,40.8,40.81,12518.0
6668.15,100.0,20681.0,,,,,100.0,100.0,12518.0
6669.15,80.04,21976.8,,,,,80.03,80.04,12518.0
6670.15,0.0,21959.9,,,,,0.0,0.0,12518.0
6671.15,100.0,23980.5,,,,,100.0,100.0,12518.0
6672.15,40.83,21959.9,,,,,40.83,40.83,12518.0
6673.15,100.0,20681.0,,,,,100.0,100.0,12518.0
6674.15,80.0,21976.8,,,,,79.99,80.0,12518.0
6675.15,0.0,22059.9,,,,,0.0,0.0,12518.0
6676.15,100.0,20681.0,,,,,100.0,100.0,12518.1
6677.15,80.01,21959.9,,,,,80.01,80.02,12518.1
6678.15,95.64,20681.0,,,,,95.64,95.63,12518.1
6679.15,78.45,23980.5,,,,,78.44,78.46,12518.1
6680.15,40.79,21959.9,,,,,40.78,40.79,12518.1
6681.15,100.0,20681.0,,,,,100.0,100.0,12518.1
6682.15,80.0,21959.9,,,,,79.99,80.01,12518.1
6683.15,95.54,20681.0,,,,,95.55,95.54,12518.1
6684.15,78.48,23980.5,,,,,78.48,78.49,12518.1
6685.15,40.8,21959.9,,,,,40.79,40.81,12518.1
6686.15,100.0,20681.0,,,,,100.0,100.0,12518.1
6687.15,80.01,21959.9,,,,,80.0,80.02,12518.1
6688.15,95.54,20681.0,,,,,95.54,95.54,12518.1
6689.16,78.47,23980.5,,,,,78.48,78.47,12518.1
6690.16,40.81,21959.9,,,,,40.81,40.82,12518.1
6691.16,100.0,20681.0,,,,,100.0,100.0,12518.1
6692.16,79.92,21959.9,,,,,79.92,79.93,12518.1
6693.16,95.62,20681.0,,,,,95.62,95.62,12518.1
6694.16,78.46,23980.5,,,,,78.46,78.47,12518.1
6695.16,40.79,22059.9,,,,,40.79,40.8,12518.1
6696.16,96.86,20681.0,,,,,96.86,96.87,12518.1
6697.16,100.0,21976.8,,,,,100.0,100.0,12518.1
6698.16,0.0,21959.9,,,,,0.0,0.0,12518.1
6699.16,100.0,23980.5,,,,,100.0,100.0,12518.1
6700.16,40.83,21959.9,,,,,40.82,40.84,12518.1
6701.16,95.56,20681.0,,,,,95.56,95.56,12518.1
6702.16,100.0,21976.8,,,,,100.0,100.0,12518.1
6703.16,0.0,21959.9,,,,,0.0,0.0,12518.1
6704.16,100.0,23980.5,,,,,100.0,100.0,12518.1
6705.16,40.83,21959.9,,,,,40.83,40.84,12518.1
6706.16,95.53,20681.0,,,,,95.53,95.53,12518.1
6707.16,100.0,21976.8,,,,,100.0,100.0,12518.1
6708.16,0.0,21959.9,,,,,0.0,0.0,12518.1
6709.16,100.0,20681.0,,,,,100.0,100.0,12518.1
6710.16,40.78,21959.9,,,,,40.78,40.79,12518.1
6711.16,95.63,20681.0,,,,,95.64,95.63,12518.1
6712.16,100.0,21976.8,,,,,100.0,100.0,12518.1
6713.16,0.0,21959.9,,,,,0.0,0.0,12518.1
6714.16,100.0,20681.0,,,,,100.0,100.0,12518.1
6715.16,80.07,22059.9,,,,,80.06,80.08,12518.1
6716.16,96.85,20681.0,,,,,96.84,96.85,12518.2
6717.16,78.44,23980.5,,,,,78.43,78.44,12518.2
6718.16,40.79,21959.9,,,,,40.78,40.79,12518.2
6719.16,100.0,20681.0,,,,,100.0,100.0,12518.2
6720.16,79.98,21976.8,,,,,79.98,79.99,12518.2
6721.16,95.68,20681.0,,,,,95.67,95.68,12518.2
6722.16,78.42,23980.5,,,,,78.41,78.42,12518.2
6723.16,40.79,21959.9,,,,,40.79,40.8,12518.2
6724.16,100.0,20681.0,,,,,100.0,100.0,12518.2
6725.16,79.99,21976.8,,,,,79.98,79.99,12518.2
6726.16,0.0,21959.9,,,,,0.0,0.0,12518.2
6727.16,100.0,23980.5,,,,,100.0,100.0,12518.2
6728.16,40.84,21959.9,,,,,40.83,40.84,12518.2
6729.16,100.0,20681.0,,,,,100.0,100.0,12518.2
6730.16,79.99,21976.8,,,,,79.98,80.0,12518.2
6731.16,0.0,21959.9,,,,,0.0,0.0,12518.2
6732.16,100.0,23980.5,,,,,100.0,100.0,12518.2
6733.16,40.81,21959.9,,,,,40.81,40.82,12518.2
6734.16,100.0,20681.0,,,,,100.0,100.0,12518.2
6735.16,80.0,21976.8,,,,,79.99,80.0,12518.2
6736.16,0.0,22059.9,,,,,0.0,0.0,12518.2
6737.16,100.0,20681.0,,,,,100.0,100.0,12518.3
6738.16,79.96,21959.9,,,,,79.94,79.97,12518.3
6739.16,95.66,20681.0,,,,,95.66,95.65,12518.3
6740.16,78.44,23980.5,,,,,78.44,78.45,12518.3
6741.16,40.81,21959.9,,,,,40.81,40.81,12518.3
6742.16,100.0,20681.0,,,,,100.0,100.0,12518.3
6743.16,80.03,21959.9,,,,,80.02,80.04,12518.3
6744.16,95.53,20681.0,,,,,95.54,95.53,12518.3
6745.16,78.44,23980.5,,,,,78.44,78.45,12518.3
6746.16,40.82,21959.9,,,,,40.81,40.82,12518.3
6747.16,100.0,20681.0,,,,,100.0,100.0,12518.3
6748.16,80.01,21959.9,,,,,80.0,80.02,12518.3
6749.16,95.62,20681.0,,,,,95.62,95.62,12518.3
6750.17,78.4,23980.5,,,,,78.4,78.4,12518.3
6751.17,40.82,21959.9,,,,,40.81,40.83,12518.3
6752.17,100.0,20681.0,,,,,100.0,100.0,12518.3
6753.17,79.97,21959.9,,,,,79.97,79.97,12518.3
6754.17,95.65,20681.0,,,,,95.65,95.66,12518.3
6755.17,78.4,23980.5,,,,,78.39,78.41,12518.3
6756.17,40.82,22059.9,,,,,40.81,40.82,12518.3
6757.17,100.0,20681.0,,,,,100.0,100.0,12518.3
6758.17,80.09,21976.8,,,,,80.08,80.1,12518.3
6759.17,0.0,21959.9,,,,,0.0,0.0,12518.3
6760.17,100.0,23980.5,,,,,100.0,100.0,12518.3
6761.17,40.82,21959.9,,,,,40.81,40.82,12518.3
6762.17,95.59,20681.0,,,,,95.59,95.59,12518.3
6763.17,100.0,21976.8,,,,,100.0,100.0,12518.3
6764.17,0.0,21959.9,,,,,0.0,0.0,12518.3
6765.17,100.0,23980.5,,,,,100.0,100.0,12518.3
6766.17,40.81,21959.9,,,,,40.81,40.81,12518.3
6767.17,95.64,20681.0,,,,,95.64,95.64,12518.3
6768.17,100.0,21976.8,,,,,100.0,100.0,12518.3
6769.17,0.0,21959.9,,,,,0.0,0.0,12518.3
6770.17,100.0,23980.5,,,,,100.0,100.0,12518.3
6771.17,40.81,21959.9,,,,,40.81,40.82,12518.3
6772.17,95.55,20681.0,,,,,95.55,95.55,12518.3
6773.17,100.0,21976.8,,,,,100.0,100.0,12518.3
6774.17,0.0,21959.9,,,,,0.0,0.0,12518.3
6775.17,100.0,20681.0,,,,,100.0,100.0,12518.3
6776.17,80.02,22059.9,,,,,80.01,80.02,12518.3
6777.17,96.87,20681.0,,,,,96.86,96.88,12518.3
6778.17,78.43,23980.5,,,,,78.43,78.44,12518.3
6779.17,40.8,21959.9,,,,,40.79,40.81,12518.3
6780.17,100.0,20681.0,,,,,100.0,100.0,12518.3
6781.17,79.95,21959.8,,,,,79.94,79.96,12518.3
6782.17,95.58,20681.0,,,,,95.58,95.58,12518.3
6783.17,78.47,23980.5,,,,,78.46,78.47,12518.3
6784.17,40.8,21959.9,,,,,40.79,40.8,12518.3
6785.17,100.0,20681.0,,,,,100.0,100.0,12518.3
6786.17,80.08,21976.8,,,,,80.07,80.09,12518.3
6787.17,95.55,20681.0,,,,,95.55,95.55,12518.3
6788.17,78.44,23980.5,,,,,78.43,78.44,12518.3
6789.17,40.83,21959.9,,,,,40.83,40.84,12518.3
6790.17,100.0,20681.0,,,,,100.0,100.0,12518.3
6791.17,80.05,21976.8,,,,,80.05,80.05,12518.3
6792.17,0.0,21959.9,,,,,0.0,0.0,12518.3
6793.17,100.0,23980.5,,,,,100.0,100.0,12518.3
6794.17,40.81,21959.9,,,,,40.8,40.81,12518.3
6795.17,100.0,20681.0,,,,,100.0,100.0,12518.3
6796.17,79.97,21976.8,,,,,79.96,79.98,12518.3
6797.17,0.0,22059.9,,,,,0.0,0.0,12518.3
6798.17,100.0,20681.0,,,,,100.0,100.0,12518.5
6799.17,80.04,21959.9,,,,,80.02,80.06,12518.5
6800.17,95.6,20681.0,,,,,95.6,95.6,12518.5
6801.17,100.0,21976.8,,,,,100.0,100.0,12518.5
6802.17,0.0,21959.9,,,,,0.0,0.0,12518.5
6803.17,100.0,20681.0,,,,,100.0,100.0,12518.5
6804.17,80.03,21959.9,,,,,80.02,80.04,12518.5
6805.17,95.55,20681.0,,,,,95.55,95.54,12518.5
6806.17,100.0,21976.9,,,,,100.0,100.0,12518.5
6807.17,0.0,21959.9,,,,,0.0,0.0,12518.5
6808.17,100.0,20681.0,,,,,100.0,100.0,12518.5
6809.17,80.03,21959.9,,,,,80.02,80.04,12518.5
6810.17,95.63,20681.0,,,,,95.63,95.63,12518.5
6811.17,78.45,23980.5,,,,,78.45,78.46,12518.5
6812.17,40.79,21959.9,,,,,40.79,40.8,12518.5
6813.17,100.0,20681.0,,,,,100.0,100.0,12518.5
6814.18,80.05,21959.9,,,,,80.05,80.05,12518.5
6815.18,95.59,20681.0,,,,,95.59,95.59,12518.5
6816.18,78.42,23980.5,,,,,78.42,78.43,12518.5
6817.18,40.8,22059.9,,,,,40.8,40.8,12518.5
6818.18,100.0,20681.0,,,,,100.0,100.0,12518.5
6819.18,80.01,21976.8,,,,,80.0,80.01,12518.5
6820.18,0.0,21959.9,,,,,0.0,0.0,12518.5
6821.18,100.0,23980.5,,,,,100.0,100.0,12518.5
6822.18,40.84,21959.9,,,,,40.83,40.85,12518.5
6823.18,95.53,20681.0,,,,,95.53,95.52,12518.5
6824.18,100.0,21976.8,,,,,100.0,100.0,12518.5
6825.18,0.0,21959.9,,,,,0.0,0.0,12518.5
6826.18,100.0,23980.5,,,,,100.0,100.0,12518.5
6827.18,40.79,21959.9,,,,,40.78,40.79,12518.5
6828.18,95.57,20681.0,,,,,95.57,95.57,12518.5
6829.18,100.0,21976.8,,,,,100.0,100.0,12518.5
6830.18,0.0,21959.9,,,,,0.0,0.0,12518.5
6831.18,100.0,23980.5,,,,,100.0,100.0,12518.5
6832.18,40.78,21959.9,,,,,40.77,40.78,12518.5
6833.18,95.63,20681.0,,,,,95.63,95.63,12518.5
6834.18,100.0,21976.8,,,,,100.0,100.0,12518.5
6835.18,0.0,21959.9,,,,,0.0,0.0,12518.5
6836.18,100.0,20681.0,,,,,100.0,100.0,12518.5
6837.18,80.02,22059.9,,,,,80.02,80.03,12518.5
6838.18,96.87,20681.0,,,,,96.87,96.87,12518.5
6839.18,78.42,23980.5,,,,,78.42,78.43,12518.5
6840.18,40.8,21959.9,,,,,40.79,40.81,12518.5
6841.18,100.0,20681.0,,,,,100.0,100.0,12518.5
6842.18,79.98,21943.8,,,,,79.97,79.99,12518.5
6843.18,95.66,20681.0,,,,,95.66,95.66,12518.5
6844.18,78.43,23980.5,,,,,78.42,78.43,12518.5
6845.18,40.81,21959.9,,,,,40.8,40.81,12518.5
6846.18,100.0,20681.0,,,,,100.0,100.0,12518.5
6847.18,80.06,21976.8,,,,,80.06,80.07,12518.5
6848.18,0.0,21959.9,,,,,0.0,0.0,12518.5
6849.18,100.0,23980.5,,,,,100.0,100.0,12518.5
6850.18,40.83,21959.9,,,,,40.83,40.84,12518.5
6851.18,100.0,20681.0,,,,,100.0,100.0,12518.5
6852.18,79.98,21976.8,,,,,79.97,79.99,12518.5
6853.18,0.0,21959.9,,,,,0.0,0.0,12518.5
6854.18,100.0,23980.5,,,,,100.0,100.0,12518.5
6855.18,40.77,21959.9,,,,,40.77,40.78,12518.5
6856.18,100.0,20681.0,,,,,100.0,100.0,12518.5
6857.18,79.99,21976.8,,,,,79.99,80.0,12518.5
6858.18,0.0,22059.9,,,,,0.0,0.0,12518.5
6859.18,100.0,20681.0,,,,,100.0,100.0,12519.2
6860.18,80.05,21959.9,,,,,80.05,80.06,12519.2
6861.18,95.56,20681.0,,,,,95.57,95.56,12519.2
6862.18,100.0,21976.8,,,,,100.0,100.0,12519.2
6863.18,0.0,21959.9,,,,,0.0,0.0,12519.2
6864.18,100.0,20681.0,,,,,100.0,100.0,12519.2
6865.18,80.07,21959.9,,,,,80.06,80.08,12519.2
6866.18,95.54,20681.0,,,,,95.55,95.54,12519.2
6867.18,78.49,23980.5,,,,,78.49,78.5,12519.2
6868.18,40.8,21959.9,,,,,40.8,40.81,12519.2
6869.18,100.0,20681.0,,,,,100.0,100.0,12519.2
6870.18,79.96,21959.9,,,,,79.95,79.97,12519.2
6871.18,95.59,20681.0,,,,,95.6,95.59,12519.2
6872.18,78.48,23980.5,,,,,78.47,78.48,12519.2
6873.18,40.8,21959.9,,,,,40.79,40.8,12519.2
6874.18,100.0,20681.0,,,,,100.0,100.0,12519.2
6875.18,80.01,21959.9,,,,,80.0,80.02,12519.2
6876.19,95.52,20681.0,,,,,95.52,95.52,12519.2
6877.19,78.49,23980.5,,,,,78.48,78.49,12519.2
6878.19,40.81,22059.9,,,,,40.81,40.82,12519.2
6879.19,100.0,20681.0,,,,,100.0,100.0,12519.2
6880.19,80.01,21976.8,,,,,80.01,80.02,12519.2
6881.19,0.0,21959.9,,,,,0.0,0.0,12519.2
6882.19,100.0,23980.5,,,,,100.0,100.0,12519.2
6883.19,40.78,21959.9,,,,,40.78,40.78,12519.2
6884.19,95.58,20681.0,,,,,95.59,95.58,12519.2
6885.19,100.0,21976.8,,,,,100.0,100.0,12519.2
6886.19,0.0,21959.9,,,,,0.0,0.0,12519.2
6887.19,100.0,23980.5,,,,,100.0,100.0,12519.2
6888.19,40.81,21959.9,,,,,40.81,40.82,12519.2
6889.19,95.65,20681.0,,,,,95.66,95.65,12519.2
6890.19,100.0,21976.8,,,,,100.0,100.0,12519.2
6891.19,0.0,21959.9,,,,,0.0,0.0,12519.2
6892.19,100.0,23980.5,,,,,100.0,100.0,12519.2
6893.19,40.81,21959.9,,,,,40.81,40.82,12519.2
6894.19,95.59,20681.0,,,,,95.58,95.59,12519.2
6895.19,100.0,21976.8,,,,,100.0,100.0,12519.2
6896.19,0.0,21959.9,,,,,0.0,0.0,12519.2
6897.19,100.0,23980.5,,,,,100.0,100.0,12519.2
6898.19,40.81,22059.9,,,,,40.8,40.82,12519.2
6899.19,96.81,20681.0,,,,,96.81,96.82,12519.2
6900.19,78.43,23980.5,,,,,78.43,78.44,12519.2
6901.19,40.81,21959.9,,,,,40.8,40.81,12519.2
6902.19,100.0,20681.0,,,,,100.0,100.0,12519.2
6903.19,80.0,21959.9,,,,,80.0,80.01,12519.2
6904.19,95.57,20681.0,,,,,95.57,95.57,12519.2
6905.19,78.39,23980.5,,,,,78.39,78.4,12519.2
6906.19,40.83,21959.9,,,,,40.83,40.84,12519.2
6907.19,100.0,20681.0,,,,,100.0,100.0,12519.2
6908.19,79.96,21943.8,,,,,79.95,79.98,12519.2
6909.19,95.65,20681.0,,,,,95.65,95.64,12519.2
6910.19,78.42,23980.5,,,,,78.42,78.42,12519.2
6911.19,40.78,21959.9,,,,,40.77,40.79,12519.2
6912.19,100.0,20681.0,,,,,100.0,100.0,12519.2
6913.19,79.97,21976.8,,,,,79.96,79.97,12519.2
6914.19,0.0,21959.9,,,,,0.0,0.0,12519.2
6915.19,100.0,23980.5,,,,,100.0,100.0,12519.2
6916.19,40.81,21959.9,,,,,40.81,40.82,12519.2
6917.19,100.0,20681.0,,,,,100.0,100.0,12519.2
6918.19,80.03,21976.8,,,,,80.02,80.05,12519.2
6919.19,0.0,22059.9,,,,,0.0,0.0,12519.2
6920.19,100.0,20681.0,,,,,100.0,100.0,12519.2
6921.19,80.02,21959.9,,,,,80.01,80.03,12519.2
6922.19,95.65,20681.0,,,,,95.65,95.65,12519.2
6923.19,100.0,21976.8,,,,,100.0,100.0,12519.2
6924.19,0.0,21959.9,,,,,0.0,0.0,12519.2
6925.19,100.0,20681.0,,,,,100.0,100.0,12519.2
6926.19,80.06,21959.9,,,,,80.05,80.06,12519.2
6927.19,95.52,20681.0,,,,,95.52,95.52,12519.2
6928.19,100.0,21976.9,,,,,100.0,100.0,12519.2
6929.19,0.0,21959.9,,,,,0.0,0.0,12519.2
6930.19,100.0,20681.0,,,,,100.0,100.0,12519.2
6931.19,79.98,21959.9,,,,,79.97,79.99,12519.2
6932.19,95.64,20681.0,,,,,95.64,95.64,12519.2
6933.19,78.45,23980.5,,,,,78.44,78.45,12519.2
6934.19,40.78,21959.9,,,,,40.78,40.79,12519.2
6935.19,100.0,20681.0,,,,,100.0,100.0,12519.2
6936.19,80.04,21959.9,,,,,80.04,80.04,12519.2
6937.19,95.65,20681.0,,,,,95.65,95.66,12519.2
6938.19,78.44,23980.5,,,,,78.44,78.45,12519.2
6939.19,40.81,22059.9,,,,,40.8,40.81,12519.2
6940.2,100.0,20681.0,,,,,100.0,100.0,12519.2
6941.2,79.97,21976.8,,,,,79.96,79.97,12519.2
6942.2,0.0,21959.9,,,,,0.0,0.0,12519.2
6943.2,100.0,23980.5,,,,,100.0,100.0,12519.2
6944.2,40.82,21959.9,,,,,40.82,40.83,12519.2
6945.2,100.0,20681.0,,,,,100.0,100.0,12519.2
6946.2,80.06,21976.8,,,,,80.05,80.06,12519.2
6947.2,0.0,21959.9,,,,,0.0,0.0,12519.2
6948.2,100.0,23980.5,,,,,100.0,100.0,12519.2
6949.2,40.79,21959.9,,,,,40.78,40.79,12519.2
6950.2,95.63,20681.0,,,,,95.63,95.63,12519.2
6951.2,100.0,21976.8,,,,,100.0,100.0,12519.2
6952.2,0.0,21959.9,,,,,0.0,0.0,12519.2
6953.2,100.0,23980.5,,,,,100.0,100.0,12519.2
6954.2,40.81,21959.9,,,,,40.8,40.82,12519.2
6955.2,95.54,20681.0,,,,,95.54,95.53,12519.2
6956.2,100.0,21976.8,,,,,100.0,100.0,12519.2
6957.2,0.0,21959.9,,,,,0.0,0.0,12519.2
6958.2,100.0,23980.5,,,,,100.0,100.0,12519.2
6959.2,40.81,22059.9,,,,,40.81,40.82,12519.2
6960.2,96.85,20681.0,,,,,96.84,96.85,12519.2
6961.2,78.39,23980.5,,,,,78.38,78.39,12519.2
6962.2,40.8,21959.9,,,,,40.79,40.81,12519.2
6963.2,100.0,20681.0,,,,,100.0,100.0,12519.2
6964.2,80.0,21959.9,,,,,79.98,80.01,12519.2
6965.2,95.54,20681.0,,,,,95.55,95.54,12519.2
6966.2,78.42,23980.5,,,,,78.42,78.43,12519.2
6967.2,40.81,21959.9,,,,,40.81,40.81,12519.2
6968.2,100.0,20681.0,,,,,100.0,100.0,12519.2
6969.2,79.96,21959.9,,,,,79.95,79.97,12519.2
6970.2,95.63,20681.0,,,,,95.63,95.63,12519.2
6971.2,78.44,23980.5,,,,,78.44,78.43,12519.2
6972.2,40.82,21959.9,,,,,40.81,40.82,12519.2
6973.2,100.0,20681.0,,,,,100.0,100.0,12519.2
6974.2,80.06,21943.8,,,,,80.05,80.06,12519.2
6975.2,95.57,20681.0,,,,,95.57,95.57,12519.2
6976.2,78.44,23980.5,,,,,78.44,78.44,12519.2
6977.2,40.79,21959.9,,,,,40.79,40.8,12519.2
6978.2,100.0,20681.0,,,,,100.0,100.0,12519.2
6979.2,80.08,21976.8,,,,,80.07,80.08,12519.2
6980.2,0.0,22059.9,,,,,0.0,0.0,12519.2
6981.2,100.0,20946.0,,,,,100.0,100.0,12519.3
6982.2,40.84,21959.9,,,,,40.83,40.84,12519.3
6983.2,95.53,20681.0,,,,,95.53,95.52,12519.3
6984.2,100.0,21976.8,,,,,100.0,100.0,12519.3
6985.2,0.0,21959.9,,,,,0.0,0.0,12519.3
6986.2,100.0,20681.0,,,,,100.0,100.0,12519.3
6987.2,80.02,21959.9,,,,,80.02,80.03,12519.3
6988.2,95.64,20681.0,,,,,95.64,95.64,12519.3
6989.2,100.0,21976.8,,,,,100.0,100.0,12519.3
6990.2,0.0,21959.9,,,,,0.0,0.0,12519.3
6991.2,100.0,20681.0,,,,,100.0,100.0,12519.3
6992.2,80.02,21959.9,,,,,80.01,80.03,12519.3
6993.2,95.6,20681.0,,,,,95.6,95.6,12519.3
6994.2,100.0,21976.9,,,,,100.0,100.0,12519.3
6995.2,0.0,21959.9,,,,,0.0,0.0,12519.3
6996.2,100.0,20681.0,,,,,100.0,100.0,12519.3
6997.2,80.01,21959.9,,,,,80.0,80.02,12519.3
6998.2,95.58,20681.0,,,,,95.58,95.57,12519.3
6999.2,78.43,23980.5,,,,,78.42,78.43,12519.3
7000.2,40.8,22059.9,,,,,40.8,40.81,12519.3
7001.2,100.0,20681.0,,,,,100.0,100.0,12519.4
7002.2,79.96,21976.8,,,,,79.95,79.97,12519.4
7003.21,0.0,21959.9,,,,,0.0,0.0,12519.4
7004.21,100.0,23980.5,,,,,100.0,100.0,12519.4
7005.21,40.83,21959.9,,,,,40.82,40.83,12519.4
7006.21,100.0,20681.0,,,,,100.0,100.0,12519.4
7007.21,80.06,21976.8,,,,,80.06,80.07,12519.4
7008.21,0.0,21959.9,,,,,0.0,0.0,12519.4
7009.21,100.0,23980.5,,,,,100.0,100.0,12519.4
7010.21,40.81,21959.9,,,,,40.8,40.81,12519.4
7011.21,95.65,20681.0,,,,,95.66,95.65,12519.4
7012.21,100.0,21976.8,,,,,100.0,100.0,12519.4
7013.21,0.0,21959.9,,,,,0.0,0.0,12519.4
7014.21,100.0,23980.5,,,,,100.0,100.0,12519.4
7015.21,40.79,21959.9,,,,,40.79,40.8,12519.4
7016.21,95.63,20681.0,,,,,95.65,95.61,12519.4
7017.21,100.0,21976.8,,,,,100.0,100.0,12519.4
7018.21,0.0,21959.9,,,,,0.0,0.0,12519.4
7019.21,100.0,23980.5,,,,,100.0,100.0,12519.4
7020.21,40.81,22059.9,,,,,40.81,40.82,12519.4
7021.21,96.88,20681.0,,,,,96.88,96.89,12519.4
7022.21,78.45,23980.5,,,,,78.44,78.45,12519.4
7023.21,40.79,21959.9,,,,,40.79,40.8,12519.4
7024.21,100.0,20681.0,,,,,100.0,100.0,12519.4
7025.21,80.05,21959.9,,,,,80.05,80.06,12519.4
7026.21,95.58,20681.0,,,,,95.58,95.57,12519.4
7027.21,78.42,23980.5,,,,,78.41,78.42,12519.4
7028.21,40.82,21959.9,,,,,40.81,40.82,12519.4
7029.21,100.0,20681.0,,,,,100.0,100.0,12519.4
7030.21,80.0,21976.8,,,,,79.99,80.01,12519.4
7031.21,95.53,20681.0,,,,,95.53,95.53,12519.4
7032.21,78.47,23980.5,,,,,78.47,78.48,12519.4
7033.21,40.79,21959.9,,,,,40.79,40.79,12519.4
7034.21,100.0,20681.0,,,,,100.0,100.0,12519.4
7035.21,80.02,21976.8,,,,,80.01,80.03,12519.4
7036.21,0.0,21959.9,,,,,0.0,0.0,12519.4
7037.21,100.0,23980.5,,,,,100.0,100.0,12519.4
7038.21,40.82,21959.9,,,,,40.81,40.82,12519.4
7039.21,100.0,20681.0,,,,,100.0,100.0,12519.4
7040.21,79.98,21976.8,,,,,79.97,79.99,12519.4
7041.21,0.0,22059.9,,,,,0.0,0.0,12519.4
7042.21,100.0,20681.0,,,,,100.0,100.0,12519.5
7043.21,80.0,21959.9,,,,,80.0,80.0,12519.5
7044.21,95.61,20681.0,,,,,95.61,95.61,12519.5
7045.21,78.37,23980.5,,,,,78.36,78.37,12519.5
7046.21,40.83,21959.9,,,,,40.83,40.83,12519.5
7047.21,100.0,20681.0,,,,,100.0,100.0,12519.5
7048.21,80.02,21959.9,,,,,80.01,80.02,12519.5
7049.21,95.62,20681.0,,,,,95.62,95.62,12519.5
7050.21,78.39,23980.5,,,,,78.39,78.4,12519.5
7051.21,40.8,21959.9,,,,,40.79,40.8,12519.5
7052.21,100.0,20681.0,,,,,100.0,100.0,12519.5
7053.21,80.02,21959.9,,,,,80.01,80.02,12519.5
7054.21,95.59,20681.0,,,,,95.59,95.58,12519.5
7055.21,78.44,23980.5,,,,,78.43,78.45,12519.5
7056.21,40.81,21959.9,,,,,40.81,40.82,12519.5
7057.21,100.0,20681.0,,,,,100.0,100.0,12519.5
7058.21,80.01,21976.8,,,,,80.01,80.01,12519.5
7059.21,95.57,20681.0,,,,,95.57,95.57,12519.5
7060.21,78.4,23980.5,,,,,78.4,78.4,12519.5
7061.22,40.83,22059.9,,,,,40.83,40.84,12519.5
7062.22,96.84,20681.0,,,,,96.84,96.84,12519.5
7063.22,100.0,21976.8,,,,,100.0,100.0,12519.5
7064.22,0.0,21959.9,,,,,0.0,0.0,12519.5
7065.22,100.0,20681.0,,,,,100.0,100.0,12519.5
7066.22,80.02,21959.9,,,,,80.01,80.03,12519.5
7067.22,95.67,20681.0,,,,,95.67,95.67,12519.5
7068.22,100.0,21976.8,,,,,100.0,100.0,12519.5
7069.22,0.0,21959.9,,,,,0.0,0.0,12519.5
7070.22,100.0,20681.0,,,,,100.0,100.0,12519.5
7071.22,79.97,21959.9,,,,,79.97,79.98,12519.5
7072.22,95.63,20681.0,,,,,95.63,95.63,12519.5
7073.22,78.43,23980.5,,,,,78.43,78.43,12519.5
7074.22,40.8,21959.9,,,,,40.79,40.81,12519.5
7075.22,100.0,20681.0,,,,,100.0,100.0,12519.5
7076.22,80.01,21959.9,,,,,80.01,80.02,12519.5
7077.22,95.53,20681.0,,,,,95.53,95.53,12519.5
7078.22,78.43,23980.5,,,,,78.42,78.43,12519.5
7079.22,40.83,21959.9,,,,,40.83,40.84,12519.5
7080.22,100.0,20681.0,,,,,100.0,100.0,12519.5
7081.22,80.07,21959.9,,,,,80.06,80.08,12519.5
7082.22,96.86,20647.0,,,,,96.85,96.86,12520.0
7083.22,0.01,20647.4,,,,,0.01,0.01,11868.7
7084.22,0.0,4430.3,,,,,0.0,0.0,11897.1
7085.22,0.0,4430.3,,,,,0.0,0.0,11996.3
7086.22,0.0,4430.3,,,,,0.0,0.0,4.3
7087.22,0.0,0.0,,,,,0.0,0.0,0.0
