t_s,gpu_util_pct,mem_used_mib,power_w,temp_c,sclk_mhz,mclk_mhz,util_nc0,util_nc1,host_mem_used_mib
0.0,,,,,,,,,
1.0,0.0,0.0,,,,,0.0,0.0,0.0
2.0,0.0,0.0,,,,,0.0,0.0,0.0
3.0,0.0,0.0,,,,,0.0,0.0,0.0
4.0,0.0,0.0,,,,,0.0,0.0,0.0
5.0,0.0,0.0,,,,,0.0,0.0,0.0
6.0,0.0,0.0,,,,,0.0,0.0,0.0
7.0,0.0,0.0,,,,,0.0,0.0,0.0
8.0,0.0,0.0,,,,,0.0,0.0,0.0
9.0,0.0,0.0,,,,,0.0,0.0,0.0
10.0,0.0,0.0,,,,,0.0,0.0,0.0
11.0,0.0,0.0,,,,,0.0,0.0,0.0
12.0,0.0,0.0,,,,,0.0,0.0,0.0
13.0,0.0,0.0,,,,,0.0,0.0,0.0
14.0,0.0,0.0,,,,,0.0,0.0,0.0
15.0,0.0,0.0,,,,,0.0,0.0,0.0
16.0,0.0,0.0,,,,,0.0,0.0,0.0
17.0,0.0,0.0,,,,,0.0,0.0,2118.0
18.0,0.0,0.0,,,,,0.0,0.0,2118.0
19.0,0.0,0.0,,,,,0.0,0.0,2118.0
20.0,0.0,0.0,,,,,0.0,0.0,2118.0
21.0,0.0,0.0,,,,,0.0,0.0,2118.0
22.0,0.0,3.4,,,,,0.0,0.0,2678.9
23.0,0.0,3.4,,,,,0.0,0.0,4241.8
24.0,0.0,3.4,,,,,0.0,0.0,4895.7
25.0,0.0,3.4,,,,,0.0,0.0,4959.8
26.0,0.0,1563.6,,,,,0.0,0.0,3786.1
27.0,0.0,1563.7,,,,,0.0,0.0,3759.9
28.0,0.0,2103.7,,,,,0.0,0.0,4567.3
29.0,5.39,2352.7,,,,,5.39,5.4,4486.6
30.0,0.0,2352.7,,,,,0.0,0.0,4486.8
31.0,0.0,2352.7,,,,,0.0,0.0,4486.8
32.0,0.0,2352.7,,,,,0.0,0.0,4486.8
33.0,0.0,2352.7,,,,,0.0,0.0,4486.8
34.0,0.0,2352.7,,,,,0.0,0.0,4487.0
35.01,0.0,2352.7,,,,,0.0,0.0,4487.0
36.01,0.0,2352.7,,,,,0.0,0.0,4487.0
37.01,0.0,2352.7,,,,,0.0,0.0,4487.0
38.01,0.0,2352.7,,,,,0.0,0.0,4487.0
39.01,0.0,2352.7,,,,,0.0,0.0,4487.0
40.01,0.0,2352.7,,,,,0.0,0.0,4487.0
41.01,0.0,2352.7,,,,,0.0,0.0,4487.0
42.01,0.0,2352.7,,,,,0.0,0.0,4487.0
43.01,0.0,2352.7,,,,,0.0,0.0,4487.0
44.01,0.0,2352.7,,,,,0.0,0.0,4487.0
45.01,0.0,2352.7,,,,,0.0,0.0,4487.0
46.01,0.0,2352.7,,,,,0.0,0.0,4487.0
47.01,0.0,2352.7,,,,,0.0,0.0,4487.0
48.01,0.0,2352.7,,,,,0.0,0.0,4487.0
49.01,0.0,2352.7,,,,,0.0,0.0,4487.0
50.01,0.0,2352.7,,,,,0.0,0.0,4487.0
51.01,0.0,2352.7,,,,,0.0,0.0,4487.0
52.01,0.0,2352.7,,,,,0.0,0.0,4487.0
53.01,0.0,2352.7,,,,,0.0,0.0,4487.0
54.01,0.0,2352.7,,,,,0.0,0.0,4487.0
55.01,0.0,2352.7,,,,,0.0,0.0,4487.0
56.01,0.0,2352.7,,,,,0.0,0.0,4487.0
57.01,0.0,2352.7,,,,,0.0,0.0,4487.0
58.01,0.0,2352.7,,,,,0.0,0.0,4487.0
59.01,0.0,2352.7,,,,,0.0,0.0,4487.0
60.01,0.0,2352.7,,,,,0.0,0.0,4487.0
61.01,0.0,2352.7,,,,,0.0,0.0,4487.0
62.01,0.0,2352.7,,,,,0.0,0.0,4487.0
63.01,0.0,2352.7,,,,,0.0,0.0,4487.0
64.01,0.0,2352.7,,,,,0.0,0.0,4487.0
65.01,0.0,2352.7,,,,,0.0,0.0,4487.0
66.01,0.0,2352.7,,,,,0.0,0.0,4487.0
67.01,0.0,2352.7,,,,,0.0,0.0,4487.0
68.01,0.0,2352.7,,,,,0.0,0.0,4487.0
69.01,0.0,2352.7,,,,,0.0,0.0,4487.0
70.01,0.0,2352.7,,,,,0.0,0.0,4487.0
71.01,0.0,2352.7,,,,,0.0,0.0,4487.0
72.01,0.0,2352.7,,,,,0.0,0.0,4487.0
73.01,0.0,2352.7,,,,,0.0,0.0,4487.0
74.01,0.0,2352.7,,,,,0.0,0.0,4487.0
75.01,0.0,2352.7,,,,,0.0,0.0,4487.0
76.01,0.0,2352.7,,,,,0.0,0.0,4487.0
77.01,0.0,2352.7,,,,,0.0,0.0,4487.0
78.01,0.0,2352.7,,,,,0.0,0.0,4487.0
79.01,0.0,2352.7,,,,,0.0,0.0,4487.0
80.01,0.0,2352.7,,,,,0.0,0.0,4487.0
81.01,0.0,2352.7,,,,,0.0,0.0,4487.0
82.01,0.0,2352.7,,,,,0.0,0.0,4487.0
83.01,0.0,2352.7,,,,,0.0,0.0,4487.0
84.01,0.0,2352.7,,,,,0.0,0.0,4487.0
85.01,0.0,2352.7,,,,,0.0,0.0,4487.0
86.01,0.0,2352.7,,,,,0.0,0.0,4487.0
87.01,0.0,2352.7,,,,,0.0,0.0,4487.0
88.01,0.0,2352.7,,,,,0.0,0.0,4487.0
89.01,0.0,2352.7,,,,,0.0,0.0,4487.0
90.02,0.0,2352.7,,,,,0.0,0.0,4487.0
91.02,0.0,2352.7,,,,,0.0,0.0,4487.0
92.02,0.0,2352.7,,,,,0.0,0.0,4487.0
93.02,0.0,2352.7,,,,,0.0,0.0,4487.0
94.02,0.0,2352.7,,,,,0.0,0.0,4487.0
95.02,0.0,2352.7,,,,,0.0,0.0,4487.0
96.02,0.0,2352.7,,,,,0.0,0.0,4487.0
97.02,0.0,2352.7,,,,,0.0,0.0,4487.0
98.02,0.0,2352.7,,,,,0.0,0.0,4487.0
99.02,0.0,2352.7,,,,,0.0,0.0,4487.0
100.02,0.0,2352.7,,,,,0.0,0.0,4487.0
101.02,0.0,2352.7,,,,,0.0,0.0,4487.0
102.02,0.0,2352.7,,,,,0.0,0.0,4487.0
103.02,0.0,2352.7,,,,,0.0,0.0,4487.0
104.02,0.0,2352.7,,,,,0.0,0.0,4487.0
105.02,0.0,2352.7,,,,,0.0,0.0,4487.0
106.02,0.0,2352.7,,,,,0.0,0.0,4487.0
107.02,0.0,2352.7,,,,,0.0,0.0,4487.0
108.02,0.0,2352.7,,,,,0.0,0.0,4487.0
109.02,0.0,2352.7,,,,,0.0,0.0,4487.0
110.02,0.0,2352.7,,,,,0.0,0.0,4487.0
111.02,0.0,2352.7,,,,,0.0,0.0,4487.0
112.02,0.0,2352.7,,,,,0.0,0.0,4487.0
113.02,0.0,2352.7,,,,,0.0,0.0,4487.0
114.02,0.0,2352.7,,,,,0.0,0.0,4487.0
115.02,0.0,2352.7,,,,,0.0,0.0,4487.0
116.02,0.0,2352.7,,,,,0.0,0.0,4487.0
117.02,0.0,2352.7,,,,,0.0,0.0,4487.0
118.02,0.0,2352.7,,,,,0.0,0.0,4487.0
119.02,0.0,2352.7,,,,,0.0,0.0,4487.0
120.02,0.0,2352.7,,,,,0.0,0.0,4487.0
121.02,0.0,2352.7,,,,,0.0,0.0,4487.0
122.02,0.0,2352.7,,,,,0.0,0.0,4487.0
123.02,0.0,2352.7,,,,,0.0,0.0,4487.0
124.02,0.0,2352.7,,,,,0.0,0.0,4487.0
125.02,0.0,2352.7,,,,,0.0,0.0,4487.0
126.02,0.0,2352.7,,,,,0.0,0.0,4487.0
127.02,0.0,2352.7,,,,,0.0,0.0,4487.0
128.02,0.0,2352.7,,,,,0.0,0.0,4487.0
129.02,0.0,2352.7,,,,,0.0,0.0,4487.0
130.02,0.0,2352.7,,,,,0.0,0.0,4487.0
131.02,0.0,2352.7,,,,,0.0,0.0,4487.0
132.02,0.0,2352.7,,,,,0.0,0.0,4487.0
133.02,0.0,2352.7,,,,,0.0,0.0,4487.0
134.02,0.0,2352.7,,,,,0.0,0.0,4487.0
135.02,0.0,2352.7,,,,,0.0,0.0,4487.0
136.02,0.0,2352.7,,,,,0.0,0.0,4487.0
137.02,0.0,2352.7,,,,,0.0,0.0,4487.0
138.02,0.0,2352.7,,,,,0.0,0.0,4487.0
139.02,0.0,2352.7,,,,,0.0,0.0,4487.0
140.02,0.0,2352.7,,,,,0.0,0.0,4487.0
141.02,0.0,2352.7,,,,,0.0,0.0,4487.0
142.02,0.0,2352.7,,,,,0.0,0.0,4487.0
143.02,0.0,2352.7,,,,,0.0,0.0,4487.0
144.02,0.0,2352.7,,,,,0.0,0.0,4487.0
145.02,0.0,2352.7,,,,,0.0,0.0,4487.0
146.02,0.0,2352.7,,,,,0.0,0.0,4487.0
147.02,0.0,2352.7,,,,,0.0,0.0,4487.0
148.02,0.0,2352.7,,,,,0.0,0.0,4487.0
149.02,0.0,2352.7,,,,,0.0,0.0,4487.0
150.02,0.0,2352.7,,,,,0.0,0.0,4487.0
151.02,0.0,2352.7,,,,,0.0,0.0,4487.0
152.02,0.0,2352.7,,,,,0.0,0.0,4487.0
153.02,0.0,2352.7,,,,,0.0,0.0,4487.0
154.02,0.0,2352.7,,,,,0.0,0.0,4487.0
155.02,0.0,2352.7,,,,,0.0,0.0,4487.0
156.03,0.0,2352.7,,,,,0.0,0.0,4487.0
157.03,0.0,2352.7,,,,,0.0,0.0,4487.0
158.03,0.0,2352.7,,,,,0.0,0.0,4487.0
159.03,0.0,2352.7,,,,,0.0,0.0,4487.0
160.03,0.0,2352.7,,,,,0.0,0.0,4487.0
161.03,0.0,2352.7,,,,,0.0,0.0,4487.0
162.03,0.0,2352.7,,,,,0.0,0.0,4487.0
163.03,0.0,2352.7,,,,,0.0,0.0,4487.0
164.03,0.0,2352.7,,,,,0.0,0.0,4487.0
165.03,0.0,2352.7,,,,,0.0,0.0,4487.0
166.03,0.0,2352.7,,,,,0.0,0.0,4487.0
167.03,0.0,2352.7,,,,,0.0,0.0,4487.0
168.03,0.0,2352.7,,,,,0.0,0.0,4487.0
169.03,0.0,2352.7,,,,,0.0,0.0,4487.0
170.03,0.0,2352.7,,,,,0.0,0.0,4487.0
171.03,0.0,2352.7,,,,,0.0,0.0,4487.0
172.03,0.0,2352.7,,,,,0.0,0.0,4487.0
173.03,0.0,2352.7,,,,,0.0,0.0,4487.0
174.03,0.0,2352.7,,,,,0.0,0.0,4487.0
175.03,0.0,2352.7,,,,,0.0,0.0,4487.0
176.03,0.0,2352.7,,,,,0.0,0.0,4487.0
177.03,0.0,2352.7,,,,,0.0,0.0,4487.0
178.03,0.0,2352.7,,,,,0.0,0.0,4487.0
179.03,0.0,2352.7,,,,,0.0,0.0,4487.0
180.03,0.0,2352.7,,,,,0.0,0.0,4487.0
181.03,0.0,2352.7,,,,,0.0,0.0,4487.0
182.03,0.0,2352.7,,,,,0.0,0.0,4487.0
183.03,0.0,2352.7,,,,,0.0,0.0,4487.0
184.03,0.0,2352.7,,,,,0.0,0.0,4487.0
185.03,0.0,2352.7,,,,,0.0,0.0,4487.0
186.03,0.0,2352.7,,,,,0.0,0.0,4487.0
187.03,0.0,2352.7,,,,,0.0,0.0,4487.0
188.03,0.0,2352.7,,,,,0.0,0.0,4487.0
189.03,0.0,2352.7,,,,,0.0,0.0,4487.0
190.03,0.0,2352.7,,,,,0.0,0.0,4487.0
191.03,0.0,2352.7,,,,,0.0,0.0,4487.0
192.03,0.0,2352.7,,,,,0.0,0.0,4487.0
193.03,0.0,2352.7,,,,,0.0,0.0,4487.0
194.03,0.0,2352.7,,,,,0.0,0.0,4487.0
195.03,0.0,2352.7,,,,,0.0,0.0,4487.0
196.03,0.0,2352.7,,,,,0.0,0.0,4487.0
197.03,0.0,2352.7,,,,,0.0,0.0,4487.0
198.03,0.0,2352.7,,,,,0.0,0.0,4487.0
199.03,0.0,2352.7,,,,,0.0,0.0,4487.0
200.03,0.0,2352.7,,,,,0.0,0.0,4487.0
201.03,0.0,2352.7,,,,,0.0,0.0,4487.0
202.03,0.0,2352.7,,,,,0.0,0.0,4487.0
203.03,0.0,2352.7,,,,,0.0,0.0,4487.0
204.03,0.0,2352.7,,,,,0.0,0.0,4487.0
205.03,0.0,2352.7,,,,,0.0,0.0,4487.0
206.03,0.0,2352.7,,,,,0.0,0.0,4487.0
207.03,0.0,2352.7,,,,,0.0,0.0,4487.0
208.03,0.0,2352.7,,,,,0.0,0.0,4487.0
209.03,0.0,2352.7,,,,,0.0,0.0,4487.0
210.03,0.0,2352.7,,,,,0.0,0.0,4487.0
211.03,0.0,2352.7,,,,,0.0,0.0,4487.0
212.03,0.0,2352.7,,,,,0.0,0.0,4487.0
213.03,0.0,2352.7,,,,,0.0,0.0,4487.0
214.03,0.0,2352.7,,,,,0.0,0.0,4487.0
215.03,0.0,2352.7,,,,,0.0,0.0,4487.0
216.03,0.0,2352.7,,,,,0.0,0.0,4487.0
217.03,0.0,2352.7,,,,,0.0,0.0,4487.0
218.03,0.0,2352.7,,,,,0.0,0.0,4487.0
219.03,0.0,2352.7,,,,,0.0,0.0,4487.0
220.03,0.0,2352.7,,,,,0.0,0.0,4487.0
221.03,0.0,2352.7,,,,,0.0,0.0,4487.0
222.03,0.0,2352.7,,,,,0.0,0.0,4487.0
223.03,0.0,2352.7,,,,,0.0,0.0,4487.0
224.03,0.0,2352.7,,,,,0.0,0.0,4487.0
225.03,0.0,2352.7,,,,,0.0,0.0,4487.0
226.03,0.0,2352.7,,,,,0.0,0.0,4487.0
227.03,0.0,2352.7,,,,,0.0,0.0,4487.0
228.03,0.0,2352.7,,,,,0.0,0.0,4487.0
229.03,0.0,2352.7,,,,,0.0,0.0,4487.0
230.03,0.0,2352.7,,,,,0.0,0.0,4487.0
231.03,0.0,2352.7,,,,,0.0,0.0,4487.0
232.04,0.0,2352.7,,,,,0.0,0.0,4487.0
233.04,0.0,2352.7,,,,,0.0,0.0,4487.0
234.04,0.0,2352.7,,,,,0.0,0.0,4487.0
235.04,0.0,2352.7,,,,,0.0,0.0,4487.0
236.04,0.0,2352.7,,,,,0.0,0.0,4487.0
237.04,0.0,2352.7,,,,,0.0,0.0,4487.0
238.04,0.0,2352.7,,,,,0.0,0.0,4487.0
239.04,0.0,2352.7,,,,,0.0,0.0,4487.0
240.04,0.0,2352.7,,,,,0.0,0.0,4487.0
241.04,0.0,2352.7,,,,,0.0,0.0,4487.0
242.04,0.0,2352.7,,,,,0.0,0.0,4487.0
243.04,0.0,2352.7,,,,,0.0,0.0,4487.0
244.04,0.0,2352.7,,,,,0.0,0.0,4487.0
245.04,0.0,2352.7,,,,,0.0,0.0,4487.0
246.04,0.0,2352.7,,,,,0.0,0.0,4487.0
247.04,0.0,2352.7,,,,,0.0,0.0,4487.0
248.04,0.0,2352.7,,,,,0.0,0.0,4487.0
249.04,0.0,2352.7,,,,,0.0,0.0,4487.0
250.04,0.0,2352.7,,,,,0.0,0.0,4487.0
251.04,0.0,2352.7,,,,,0.0,0.0,4487.0
252.04,0.0,2352.7,,,,,0.0,0.0,4487.0
253.04,0.0,2352.7,,,,,0.0,0.0,4487.0
254.04,0.0,2352.7,,,,,0.0,0.0,4487.0
255.04,0.0,2352.7,,,,,0.0,0.0,4487.0
256.04,0.0,2352.7,,,,,0.0,0.0,4487.0
257.04,0.0,2352.7,,,,,0.0,0.0,4487.0
258.04,0.0,2352.7,,,,,0.0,0.0,4487.0
259.04,0.0,2352.7,,,,,0.0,0.0,4487.0
260.04,0.0,2352.7,,,,,0.0,0.0,4487.0
261.04,0.0,2352.7,,,,,0.0,0.0,4487.0
262.04,0.0,2352.7,,,,,0.0,0.0,4487.0
263.04,0.0,2352.7,,,,,0.0,0.0,4487.0
264.04,0.0,2352.7,,,,,0.0,0.0,4487.0
265.04,0.0,2352.7,,,,,0.0,0.0,4487.0
266.04,0.0,2352.7,,,,,0.0,0.0,4487.0
267.04,0.0,2352.7,,,,,0.0,0.0,4487.0
268.04,0.0,2352.7,,,,,0.0,0.0,4487.0
269.04,0.0,2352.7,,,,,0.0,0.0,4487.0
270.04,0.0,2352.7,,,,,0.0,0.0,4487.0
271.04,0.0,2352.7,,,,,0.0,0.0,4487.0
272.04,0.0,2352.7,,,,,0.0,0.0,4487.0
273.04,0.0,2352.7,,,,,0.0,0.0,4487.0
274.04,0.0,2352.7,,,,,0.0,0.0,4487.0
275.04,0.0,2352.7,,,,,0.0,0.0,4487.0
276.04,0.0,2352.7,,,,,0.0,0.0,4487.0
277.04,0.0,2352.7,,,,,0.0,0.0,4487.0
278.04,0.0,2352.7,,,,,0.0,0.0,4487.0
279.04,0.0,2352.7,,,,,0.0,0.0,4487.0
280.04,0.0,2352.7,,,,,0.0,0.0,4487.0
281.04,0.0,2352.7,,,,,0.0,0.0,4487.0
282.04,0.0,2352.7,,,,,0.0,0.0,4487.0
283.04,0.0,2352.7,,,,,0.0,0.0,4487.0
284.04,0.0,2352.7,,,,,0.0,0.0,4487.0
285.04,0.0,2352.7,,,,,0.0,0.0,4487.0
286.04,0.0,2352.7,,,,,0.0,0.0,4487.0
287.04,0.0,2352.7,,,,,0.0,0.0,4487.0
288.04,0.0,2352.7,,,,,0.0,0.0,4487.0
289.04,0.0,2352.7,,,,,0.0,0.0,4487.0
290.04,0.0,2352.7,,,,,0.0,0.0,4487.0
291.04,0.0,2352.7,,,,,0.0,0.0,4487.0
292.04,0.0,2352.7,,,,,0.0,0.0,4487.0
293.04,0.0,2352.7,,,,,0.0,0.0,4487.0
294.04,0.0,2352.7,,,,,0.0,0.0,4487.0
295.04,0.0,2352.7,,,,,0.0,0.0,4487.0
296.04,0.0,2352.7,,,,,0.0,0.0,4487.0
297.04,0.0,2352.7,,,,,0.0,0.0,4487.0
298.04,0.0,2352.7,,,,,0.0,0.0,4487.0
299.04,0.0,2352.7,,,,,0.0,0.0,4487.0
300.04,0.0,2352.7,,,,,0.0,0.0,4487.0
301.04,0.0,2352.7,,,,,0.0,0.0,4487.0
302.04,0.0,2352.7,,,,,0.0,0.0,4487.0
303.04,0.0,2352.7,,,,,0.0,0.0,4487.0
304.04,0.0,2352.7,,,,,0.0,0.0,4487.0
305.04,0.0,2352.7,,,,,0.0,0.0,4487.0
306.04,0.0,2352.7,,,,,0.0,0.0,4487.0
307.04,0.0,2352.7,,,,,0.0,0.0,4487.0
308.04,0.0,2352.7,,,,,0.0,0.0,4487.0
309.04,0.0,2352.7,,,,,0.0,0.0,4487.0
310.04,0.0,2352.7,,,,,0.0,0.0,4487.0
311.04,0.0,2352.7,,,,,0.0,0.0,4487.0
312.04,0.0,2352.7,,,,,0.0,0.0,4487.0
313.04,0.0,2352.7,,,,,0.0,0.0,4487.0
314.04,0.0,2352.7,,,,,0.0,0.0,4487.0
315.05,0.0,2352.7,,,,,0.0,0.0,4487.0
316.05,0.0,2352.7,,,,,0.0,0.0,4487.0
317.05,0.0,2352.7,,,,,0.0,0.0,4487.0
318.05,0.0,2352.7,,,,,0.0,0.0,4487.0
319.05,0.0,2352.7,,,,,0.0,0.0,4487.0
320.05,0.0,2352.7,,,,,0.0,0.0,4487.0
321.05,0.0,2352.7,,,,,0.0,0.0,4487.0
322.05,0.0,2352.7,,,,,0.0,0.0,4487.0
323.05,0.0,2352.7,,,,,0.0,0.0,4487.0
324.05,0.0,2352.7,,,,,0.0,0.0,4487.0
325.05,0.0,2352.7,,,,,0.0,0.0,4487.0
326.05,0.0,2352.7,,,,,0.0,0.0,4487.0
327.05,0.0,2352.7,,,,,0.0,0.0,4487.0
328.05,0.0,2352.7,,,,,0.0,0.0,4487.0
329.05,0.0,2352.7,,,,,0.0,0.0,4487.0
330.05,0.0,2352.7,,,,,0.0,0.0,4487.0
331.05,0.0,2352.7,,,,,0.0,0.0,4487.0
332.05,0.0,2352.7,,,,,0.0,0.0,4487.0
333.05,0.0,2352.7,,,,,0.0,0.0,4487.0
334.05,0.0,2352.7,,,,,0.0,0.0,4487.0
335.05,0.0,2352.7,,,,,0.0,0.0,4487.0
336.05,0.0,2352.7,,,,,0.0,0.0,4487.0
337.05,0.0,2352.7,,,,,0.0,0.0,4487.0
338.05,0.0,2352.7,,,,,0.0,0.0,4487.0
339.05,0.0,2352.7,,,,,0.0,0.0,4487.0
340.05,0.0,2352.7,,,,,0.0,0.0,4487.0
341.05,0.0,2352.7,,,,,0.0,0.0,4487.0
342.05,0.0,2352.7,,,,,0.0,0.0,4487.0
343.05,0.0,2352.7,,,,,0.0,0.0,4487.0
344.05,0.0,2352.7,,,,,0.0,0.0,4487.0
345.05,0.0,2352.7,,,,,0.0,0.0,4487.0
346.05,0.0,2352.7,,,,,0.0,0.0,4487.0
347.05,0.0,2352.7,,,,,0.0,0.0,4487.0
348.05,0.0,2352.7,,,,,0.0,0.0,4487.0
349.05,0.0,2352.7,,,,,0.0,0.0,4487.0
350.05,0.0,2352.7,,,,,0.0,0.0,4487.0
351.05,0.0,2352.7,,,,,0.0,0.0,4487.0
352.05,0.0,2352.7,,,,,0.0,0.0,4487.0
353.05,0.0,2352.7,,,,,0.0,0.0,4487.0
354.05,0.0,2352.7,,,,,0.0,0.0,4487.0
355.05,0.0,2352.7,,,,,0.0,0.0,4487.0
356.05,0.0,2352.7,,,,,0.0,0.0,4487.0
357.05,0.0,2352.7,,,,,0.0,0.0,4487.0
358.05,0.0,2352.7,,,,,0.0,0.0,4487.0
359.05,0.0,2352.7,,,,,0.0,0.0,4487.0
360.05,0.0,2352.7,,,,,0.0,0.0,4487.0
361.05,0.0,2352.7,,,,,0.0,0.0,4487.0
362.05,0.0,2352.7,,,,,0.0,0.0,4487.0
363.05,0.0,2352.7,,,,,0.0,0.0,4487.0
364.05,0.0,2352.7,,,,,0.0,0.0,4487.0
365.05,0.0,2352.7,,,,,0.0,0.0,4487.0
366.05,0.0,2352.7,,,,,0.0,0.0,4487.0
367.05,0.0,2352.7,,,,,0.0,0.0,4487.0
368.05,0.0,2352.7,,,,,0.0,0.0,4487.0
369.05,0.0,2352.7,,,,,0.0,0.0,4487.0
370.05,0.0,2352.7,,,,,0.0,0.0,4487.0
371.05,0.0,2352.7,,,,,0.0,0.0,4487.0
372.05,0.0,2352.7,,,,,0.0,0.0,4487.0
373.05,0.0,2352.7,,,,,0.0,0.0,4487.0
374.05,0.0,2352.7,,,,,0.0,0.0,4487.0
375.05,0.0,2352.7,,,,,0.0,0.0,4487.0
376.05,0.0,2352.7,,,,,0.0,0.0,4487.0
377.05,0.0,2352.7,,,,,0.0,0.0,4487.0
378.05,0.0,2352.7,,,,,0.0,0.0,4487.0
379.05,0.0,2352.7,,,,,0.0,0.0,4487.0
380.05,0.0,2352.7,,,,,0.0,0.0,4487.0
381.05,0.0,2352.7,,,,,0.0,0.0,4487.0
382.05,0.0,2352.7,,,,,0.0,0.0,4487.0
383.05,0.0,2352.7,,,,,0.0,0.0,4487.0
384.05,0.0,2352.7,,,,,0.0,0.0,4487.0
385.05,0.0,2352.7,,,,,0.0,0.0,4487.0
386.05,0.0,2352.7,,,,,0.0,0.0,4487.0
387.05,0.0,2352.7,,,,,0.0,0.0,4487.0
388.06,0.0,2352.7,,,,,0.0,0.0,4487.0
389.06,0.0,2352.7,,,,,0.0,0.0,4487.0
390.06,0.0,2352.7,,,,,0.0,0.0,4487.0
391.06,0.0,2352.7,,,,,0.0,0.0,4487.0
392.06,0.0,2352.7,,,,,0.0,0.0,4487.0
393.06,0.0,2352.7,,,,,0.0,0.0,4487.0
394.06,0.0,2352.7,,,,,0.0,0.0,4487.0
395.06,0.0,2352.7,,,,,0.0,0.0,4487.0
396.06,0.0,2352.7,,,,,0.0,0.0,4487.0
397.06,0.0,2352.7,,,,,0.0,0.0,4487.0
398.06,0.0,2352.7,,,,,0.0,0.0,4487.0
399.06,0.0,2352.7,,,,,0.0,0.0,4487.0
400.06,0.0,2352.7,,,,,0.0,0.0,4487.0
401.06,0.0,2352.7,,,,,0.0,0.0,4487.0
402.06,0.0,2352.7,,,,,0.0,0.0,4487.0
403.06,0.0,2352.7,,,,,0.0,0.0,4487.0
404.06,0.0,2352.7,,,,,0.0,0.0,4487.0
405.06,0.0,2352.7,,,,,0.0,0.0,4487.0
406.06,0.0,2352.7,,,,,0.0,0.0,4487.0
407.06,0.0,2352.7,,,,,0.0,0.0,4487.0
408.06,0.0,2352.7,,,,,0.0,0.0,4487.0
409.06,0.0,2352.7,,,,,0.0,0.0,4487.0
410.06,0.0,2352.7,,,,,0.0,0.0,4487.0
411.06,0.0,2352.7,,,,,0.0,0.0,4487.0
412.06,0.0,2352.7,,,,,0.0,0.0,4487.0
413.06,0.0,2352.7,,,,,0.0,0.0,4487.0
414.06,0.0,2352.7,,,,,0.0,0.0,4487.0
415.06,0.0,2352.7,,,,,0.0,0.0,4487.0
416.06,0.0,2352.7,,,,,0.0,0.0,4487.0
417.06,0.0,2352.7,,,,,0.0,0.0,4487.0
418.06,0.0,2352.7,,,,,0.0,0.0,4487.0
419.06,0.0,2352.7,,,,,0.0,0.0,4487.0
420.06,0.0,2352.7,,,,,0.0,0.0,4487.0
421.06,0.0,2352.7,,,,,0.0,0.0,4487.0
422.06,0.0,2352.7,,,,,0.0,0.0,4487.0
423.06,0.0,2352.7,,,,,0.0,0.0,4487.0
424.06,0.0,2352.7,,,,,0.0,0.0,4487.0
425.06,0.0,2352.7,,,,,0.0,0.0,4487.0
426.06,0.0,2352.7,,,,,0.0,0.0,4487.0
427.06,0.0,2352.7,,,,,0.0,0.0,4487.0
428.06,0.0,2352.7,,,,,0.0,0.0,4487.0
429.06,0.0,2352.7,,,,,0.0,0.0,4487.0
430.06,0.0,2352.7,,,,,0.0,0.0,4487.0
431.06,0.0,2352.7,,,,,0.0,0.0,4487.0
432.06,0.0,2352.7,,,,,0.0,0.0,4487.0
433.06,0.0,2352.7,,,,,0.0,0.0,4487.0
434.06,0.0,2352.7,,,,,0.0,0.0,4487.0
435.06,0.0,2352.7,,,,,0.0,0.0,4487.0
436.06,0.0,2352.7,,,,,0.0,0.0,4487.0
437.06,0.0,2352.7,,,,,0.0,0.0,4487.0
438.06,0.0,2352.7,,,,,0.0,0.0,4487.0
439.06,0.0,2352.7,,,,,0.0,0.0,4487.0
440.06,0.0,2352.7,,,,,0.0,0.0,4487.0
441.06,0.0,2352.7,,,,,0.0,0.0,4487.0
442.06,0.0,2352.7,,,,,0.0,0.0,4487.0
443.06,0.0,2352.7,,,,,0.0,0.0,4487.0
444.06,0.0,2352.7,,,,,0.0,0.0,4487.0
445.06,0.0,2352.7,,,,,0.0,0.0,4487.0
446.06,0.0,2352.7,,,,,0.0,0.0,4487.0
447.06,0.0,2352.7,,,,,0.0,0.0,4487.0
448.06,0.0,2352.7,,,,,0.0,0.0,4487.0
449.06,0.0,2352.7,,,,,0.0,0.0,4487.0
450.06,0.0,2352.7,,,,,0.0,0.0,4487.0
451.06,0.0,2352.7,,,,,0.0,0.0,4487.0
452.06,0.0,2352.7,,,,,0.0,0.0,4487.0
453.06,0.0,2352.7,,,,,0.0,0.0,4487.0
454.06,0.0,2352.7,,,,,0.0,0.0,4487.0
455.06,0.0,2352.7,,,,,0.0,0.0,4487.0
456.06,0.0,2352.7,,,,,0.0,0.0,4487.0
457.06,0.0,2352.7,,,,,0.0,0.0,4487.0
458.06,0.0,2352.7,,,,,0.0,0.0,4487.0
459.06,0.0,2352.7,,,,,0.0,0.0,4487.0
460.06,0.0,2352.7,,,,,0.0,0.0,4487.0
461.06,0.0,2352.7,,,,,0.0,0.0,4487.0
462.06,0.0,2352.7,,,,,0.0,0.0,4487.0
463.06,0.0,2352.7,,,,,0.0,0.0,4487.0
464.06,0.0,2352.7,,,,,0.0,0.0,4487.0
465.06,0.0,2352.7,,,,,0.0,0.0,4487.0
466.06,0.0,2352.7,,,,,0.0,0.0,4487.0
467.06,0.0,2352.7,,,,,0.0,0.0,4487.0
468.06,0.0,2352.7,,,,,0.0,0.0,4487.0
469.06,0.0,2352.7,,,,,0.0,0.0,4487.0
470.06,0.0,2352.7,,,,,0.0,0.0,4487.0
471.07,0.0,2352.7,,,,,0.0,0.0,4487.0
472.07,0.0,2352.7,,,,,0.0,0.0,4487.0
473.07,0.0,2352.7,,,,,0.0,0.0,4487.0
474.07,0.0,2352.7,,,,,0.0,0.0,4487.0
475.07,0.0,2352.7,,,,,0.0,0.0,4487.0
476.07,0.0,2352.7,,,,,0.0,0.0,4487.0
477.07,0.0,2352.7,,,,,0.0,0.0,4487.0
478.07,0.0,2352.7,,,,,0.0,0.0,4487.0
479.07,0.0,2352.7,,,,,0.0,0.0,4487.0
480.07,0.0,2352.7,,,,,0.0,0.0,4487.0
481.07,0.0,2352.7,,,,,0.0,0.0,4487.0
482.07,0.0,2352.7,,,,,0.0,0.0,4487.0
483.07,0.0,2352.7,,,,,0.0,0.0,4487.0
484.07,0.0,2352.7,,,,,0.0,0.0,4487.0
485.07,0.0,2352.7,,,,,0.0,0.0,4487.0
486.07,0.0,2352.7,,,,,0.0,0.0,4487.0
487.07,0.0,2352.7,,,,,0.0,0.0,4487.0
488.07,0.0,2352.7,,,,,0.0,0.0,4487.0
489.07,0.0,2352.7,,,,,0.0,0.0,4487.0
490.07,0.0,2352.7,,,,,0.0,0.0,4487.0
491.07,0.0,2352.7,,,,,0.0,0.0,4487.0
492.07,0.0,2352.7,,,,,0.0,0.0,4487.0
493.07,0.0,2352.7,,,,,0.0,0.0,4487.0
494.07,0.0,2352.7,,,,,0.0,0.0,4487.0
495.07,0.0,2352.7,,,,,0.0,0.0,4487.0
496.07,0.0,2352.7,,,,,0.0,0.0,4487.0
497.07,0.0,2352.7,,,,,0.0,0.0,4487.0
498.07,0.0,2352.7,,,,,0.0,0.0,4487.0
499.07,0.0,2352.7,,,,,0.0,0.0,4487.0
500.07,0.0,2352.7,,,,,0.0,0.0,4487.0
501.07,0.0,2352.7,,,,,0.0,0.0,4487.0
502.07,0.0,2352.7,,,,,0.0,0.0,4487.0
503.07,0.0,2352.7,,,,,0.0,0.0,4487.0
504.07,0.0,2352.7,,,,,0.0,0.0,4487.0
505.07,0.0,2352.7,,,,,0.0,0.0,4487.0
506.07,0.0,2352.7,,,,,0.0,0.0,4487.0
507.07,0.0,2352.7,,,,,0.0,0.0,4487.0
508.07,0.0,2352.7,,,,,0.0,0.0,4487.0
509.07,0.0,2352.7,,,,,0.0,0.0,4487.0
510.07,0.0,2352.7,,,,,0.0,0.0,4487.0
511.07,0.0,2352.7,,,,,0.0,0.0,4487.0
512.07,0.0,2352.7,,,,,0.0,0.0,4487.0
513.07,0.0,2352.7,,,,,0.0,0.0,4487.0
514.07,0.0,2352.7,,,,,0.0,0.0,4487.0
515.07,0.0,2352.7,,,,,0.0,0.0,4487.0
516.07,0.0,2352.7,,,,,0.0,0.0,4487.0
517.07,0.0,2352.7,,,,,0.0,0.0,4487.0
518.07,0.0,2352.7,,,,,0.0,0.0,4487.0
519.07,0.0,2352.7,,,,,0.0,0.0,4487.0
520.07,0.0,2352.7,,,,,0.0,0.0,4487.0
521.07,0.0,2352.7,,,,,0.0,0.0,4487.0
522.07,0.0,2352.7,,,,,0.0,0.0,4487.0
523.07,0.0,2352.7,,,,,0.0,0.0,4487.0
524.07,0.0,2352.7,,,,,0.0,0.0,4487.0
525.07,0.0,2352.7,,,,,0.0,0.0,4487.0
526.07,0.0,2352.7,,,,,0.0,0.0,4487.0
527.07,0.0,2352.7,,,,,0.0,0.0,4487.0
528.07,0.0,2352.7,,,,,0.0,0.0,4487.0
529.07,0.0,2352.7,,,,,0.0,0.0,4487.0
530.07,0.0,2352.7,,,,,0.0,0.0,4487.0
531.07,0.0,2352.7,,,,,0.0,0.0,4487.0
532.07,0.0,2352.7,,,,,0.0,0.0,4487.0
533.07,0.0,2352.7,,,,,0.0,0.0,4487.0
534.07,0.0,2352.7,,,,,0.0,0.0,4487.0
535.07,0.0,2352.7,,,,,0.0,0.0,4487.0
536.07,0.0,2352.7,,,,,0.0,0.0,4487.0
537.07,0.0,2352.7,,,,,0.0,0.0,4487.0
538.07,0.0,2352.7,,,,,0.0,0.0,4487.0
539.07,0.0,2352.7,,,,,0.0,0.0,4487.0
540.07,0.0,2352.7,,,,,0.0,0.0,4487.0
541.07,0.0,2352.7,,,,,0.0,0.0,4487.0
542.07,0.0,2352.7,,,,,0.0,0.0,4487.0
543.07,0.0,2352.7,,,,,0.0,0.0,4487.0
544.07,0.0,2352.7,,,,,0.0,0.0,4487.0
545.07,0.0,2352.7,,,,,0.0,0.0,4487.0
546.07,0.0,2352.7,,,,,0.0,0.0,4487.0
547.07,0.0,2352.7,,,,,0.0,0.0,4487.0
548.07,0.0,2352.7,,,,,0.0,0.0,4487.0
549.07,0.0,2352.7,,,,,0.0,0.0,4487.0
550.07,0.0,2352.7,,,,,0.0,0.0,4487.0
551.07,0.0,2352.7,,,,,0.0,0.0,4487.0
552.07,0.0,2352.7,,,,,0.0,0.0,4487.0
553.07,0.0,2352.7,,,,,0.0,0.0,4487.0
554.07,0.0,2352.7,,,,,0.0,0.0,4487.0
555.08,0.0,2352.7,,,,,0.0,0.0,4487.0
556.08,0.0,2352.7,,,,,0.0,0.0,4487.0
557.08,0.0,2352.7,,,,,0.0,0.0,4487.0
558.08,0.0,2352.7,,,,,0.0,0.0,4487.0
559.08,0.0,2352.7,,,,,0.0,0.0,4487.0
560.08,0.0,2352.7,,,,,0.0,0.0,4487.0
561.08,0.0,2352.7,,,,,0.0,0.0,4487.0
562.08,0.0,2352.7,,,,,0.0,0.0,4487.0
563.08,0.0,2352.7,,,,,0.0,0.0,4487.0
564.08,0.0,2352.7,,,,,0.0,0.0,4487.0
565.08,0.0,2352.7,,,,,0.0,0.0,4487.0
566.08,0.0,2352.7,,,,,0.0,0.0,4487.0
567.08,0.0,2352.7,,,,,0.0,0.0,4487.0
568.08,0.0,2352.7,,,,,0.0,0.0,4487.0
569.08,0.0,2352.7,,,,,0.0,0.0,4487.0
570.08,0.0,2352.7,,,,,0.0,0.0,4487.0
571.08,0.0,2352.7,,,,,0.0,0.0,4487.0
572.08,0.0,2352.7,,,,,0.0,0.0,4487.0
573.08,0.0,2352.7,,,,,0.0,0.0,4487.0
574.08,0.0,2352.7,,,,,0.0,0.0,4487.0
575.08,0.0,2352.7,,,,,0.0,0.0,4487.0
576.08,0.0,2352.7,,,,,0.0,0.0,4487.0
577.08,0.0,2352.7,,,,,0.0,0.0,4487.0
578.08,0.0,2352.7,,,,,0.0,0.0,4487.0
579.08,0.0,2352.7,,,,,0.0,0.0,4487.0
580.08,0.0,2352.7,,,,,0.0,0.0,4487.0
581.08,0.0,2352.7,,,,,0.0,0.0,4487.0
582.08,0.0,2352.7,,,,,0.0,0.0,4487.0
583.08,0.0,2352.7,,,,,0.0,0.0,4487.0
584.08,0.0,2352.7,,,,,0.0,0.0,4487.0
585.08,0.0,2352.7,,,,,0.0,0.0,4487.0
586.08,0.0,2352.7,,,,,0.0,0.0,4487.0
587.08,0.0,2352.7,,,,,0.0,0.0,4487.0
588.08,0.0,2352.7,,,,,0.0,0.0,4487.0
589.08,0.0,2352.7,,,,,0.0,0.0,4487.0
590.08,0.0,2352.7,,,,,0.0,0.0,4487.0
591.08,0.0,2352.7,,,,,0.0,0.0,4487.0
592.08,0.0,2352.7,,,,,0.0,0.0,4487.0
593.08,0.0,2352.7,,,,,0.0,0.0,4487.0
594.08,0.0,2352.7,,,,,0.0,0.0,4487.0
595.08,0.0,2352.7,,,,,0.0,0.0,4487.0
596.08,0.0,2352.7,,,,,0.0,0.0,4487.0
597.08,0.0,2352.7,,,,,0.0,0.0,4487.0
598.08,0.0,2352.7,,,,,0.0,0.0,4487.0
599.08,0.0,2352.7,,,,,0.0,0.0,4487.0
600.08,0.0,2352.7,,,,,0.0,0.0,4487.0
601.08,0.0,2352.7,,,,,0.0,0.0,4487.0
602.08,0.0,2352.7,,,,,0.0,0.0,4487.0
603.08,0.0,2352.7,,,,,0.0,0.0,4487.0
604.08,0.0,2352.7,,,,,0.0,0.0,4487.0
605.08,0.0,2352.7,,,,,0.0,0.0,4487.0
606.08,0.0,2352.7,,,,,0.0,0.0,4487.0
607.08,0.0,2352.7,,,,,0.0,0.0,4487.0
608.08,0.0,2352.7,,,,,0.0,0.0,4487.0
609.08,0.0,2352.7,,,,,0.0,0.0,4487.0
610.08,0.0,2352.7,,,,,0.0,0.0,4487.0
611.08,0.0,2352.7,,,,,0.0,0.0,4487.0
612.08,0.0,2352.7,,,,,0.0,0.0,4487.0
613.08,0.0,2352.7,,,,,0.0,0.0,4487.0
614.08,0.0,2352.7,,,,,0.0,0.0,4487.0
615.08,0.0,2352.7,,,,,0.0,0.0,4487.0
616.08,0.0,2352.7,,,,,0.0,0.0,4487.0
617.08,0.0,2352.7,,,,,0.0,0.0,4487.0
618.08,0.0,2352.7,,,,,0.0,0.0,4487.0
619.08,0.0,2352.7,,,,,0.0,0.0,4487.0
620.08,0.0,2352.7,,,,,0.0,0.0,4487.0
621.08,0.0,2352.7,,,,,0.0,0.0,4487.0
622.08,0.0,2352.7,,,,,0.0,0.0,4487.0
623.08,0.0,2352.7,,,,,0.0,0.0,4487.0
624.08,0.0,2352.7,,,,,0.0,0.0,4487.0
625.08,0.0,2352.7,,,,,0.0,0.0,4487.0
626.08,0.0,2352.7,,,,,0.0,0.0,4487.0
627.08,0.0,2352.7,,,,,0.0,0.0,4487.0
628.08,0.0,2352.7,,,,,0.0,0.0,4487.0
629.08,0.0,2352.7,,,,,0.0,0.0,4487.0
630.08,0.0,2352.7,,,,,0.0,0.0,4487.0
631.08,0.0,2352.7,,,,,0.0,0.0,4487.0
632.08,0.0,2352.7,,,,,0.0,0.0,4487.0
633.08,0.0,2352.7,,,,,0.0,0.0,4487.0
634.08,0.0,2352.7,,,,,0.0,0.0,4487.0
635.08,0.0,2352.7,,,,,0.0,0.0,4487.0
636.08,0.0,2352.7,,,,,0.0,0.0,4487.0
637.09,0.0,2352.7,,,,,0.0,0.0,4487.0
638.09,0.0,2352.7,,,,,0.0,0.0,4487.0
639.09,0.0,2352.7,,,,,0.0,0.0,4487.0
640.09,0.0,2352.7,,,,,0.0,0.0,4487.0
641.09,0.0,2352.7,,,,,0.0,0.0,4487.0
642.09,0.0,2352.7,,,,,0.0,0.0,4487.0
643.09,0.0,2352.7,,,,,0.0,0.0,4487.0
644.09,0.0,2352.7,,,,,0.0,0.0,4487.0
645.09,0.0,2352.7,,,,,0.0,0.0,4487.0
646.09,0.0,2352.7,,,,,0.0,0.0,4487.0
647.09,0.0,2352.7,,,,,0.0,0.0,4487.0
648.09,0.0,2352.7,,,,,0.0,0.0,4487.0
649.09,0.0,2352.7,,,,,0.0,0.0,4487.0
650.09,0.0,2352.7,,,,,0.0,0.0,4487.0
651.09,0.0,2352.7,,,,,0.0,0.0,4487.0
652.09,0.0,2352.7,,,,,0.0,0.0,4487.0
653.09,0.0,2352.7,,,,,0.0,0.0,4487.0
654.09,0.0,2352.7,,,,,0.0,0.0,4487.0
655.09,0.0,2352.7,,,,,0.0,0.0,4487.0
656.09,0.0,2352.7,,,,,0.0,0.0,4487.0
657.09,0.0,2352.7,,,,,0.0,0.0,4487.0
658.09,0.0,2352.7,,,,,0.0,0.0,4487.0
659.09,0.0,2352.7,,,,,0.0,0.0,4487.0
660.09,0.0,2352.7,,,,,0.0,0.0,4487.0
661.09,0.0,2352.7,,,,,0.0,0.0,4487.0
662.09,0.0,2352.7,,,,,0.0,0.0,4487.0
663.09,0.0,2352.7,,,,,0.0,0.0,4487.0
664.09,0.0,2352.7,,,,,0.0,0.0,4487.0
665.09,0.0,2352.7,,,,,0.0,0.0,4487.0
666.09,0.0,2352.7,,,,,0.0,0.0,4487.0
667.09,0.0,2352.7,,,,,0.0,0.0,4487.0
668.09,0.0,2352.7,,,,,0.0,0.0,4487.0
669.09,0.0,2352.7,,,,,0.0,0.0,4487.0
670.09,0.0,2352.7,,,,,0.0,0.0,4487.0
671.09,0.0,2352.7,,,,,0.0,0.0,4487.0
672.09,0.0,2352.7,,,,,0.0,0.0,4487.0
673.09,0.0,2352.7,,,,,0.0,0.0,4487.0
674.09,0.0,2352.7,,,,,0.0,0.0,4487.0
675.09,0.0,2352.7,,,,,0.0,0.0,4487.0
676.09,0.0,2352.7,,,,,0.0,0.0,4487.0
677.09,0.0,2352.7,,,,,0.0,0.0,4487.0
678.09,0.0,2352.7,,,,,0.0,0.0,4487.0
679.09,0.0,2352.7,,,,,0.0,0.0,4487.0
680.09,0.0,2352.7,,,,,0.0,0.0,4487.0
681.09,0.0,2352.7,,,,,0.0,0.0,4487.0
682.09,0.0,2352.7,,,,,0.0,0.0,4487.0
683.09,0.0,2352.7,,,,,0.0,0.0,4487.0
684.09,0.0,2352.7,,,,,0.0,0.0,4487.0
685.09,0.0,2352.7,,,,,0.0,0.0,4487.0
686.09,0.0,2352.7,,,,,0.0,0.0,4487.0
687.09,0.0,2352.7,,,,,0.0,0.0,4487.0
688.09,0.0,2352.7,,,,,0.0,0.0,4487.0
689.09,0.0,2352.7,,,,,0.0,0.0,4487.0
690.09,0.0,2352.7,,,,,0.0,0.0,4487.0
691.09,0.0,2352.7,,,,,0.0,0.0,4487.0
692.09,0.0,2352.7,,,,,0.0,0.0,4487.0
693.09,0.0,2352.7,,,,,0.0,0.0,4487.0
694.09,0.0,2352.7,,,,,0.0,0.0,4487.0
695.09,0.0,2352.7,,,,,0.0,0.0,4487.0
696.09,0.0,2352.7,,,,,0.0,0.0,4487.0
697.09,0.0,2352.7,,,,,0.0,0.0,4487.0
698.09,0.0,2352.7,,,,,0.0,0.0,4487.0
699.09,0.0,2352.7,,,,,0.0,0.0,4487.0
700.09,0.0,2352.7,,,,,0.0,0.0,4487.0
701.09,0.0,2352.7,,,,,0.0,0.0,4487.0
702.09,0.0,2352.7,,,,,0.0,0.0,4487.0
703.09,0.0,2352.7,,,,,0.0,0.0,4487.0
704.09,0.0,2352.7,,,,,0.0,0.0,4487.0
705.09,0.0,2352.7,,,,,0.0,0.0,4487.0
706.09,0.0,2352.7,,,,,0.0,0.0,4487.0
707.09,0.0,2352.7,,,,,0.0,0.0,4487.0
708.09,0.0,2352.7,,,,,0.0,0.0,4487.0
709.09,0.0,2352.7,,,,,0.0,0.0,4487.0
710.09,0.0,2352.7,,,,,0.0,0.0,4487.0
711.09,0.0,2352.7,,,,,0.0,0.0,4487.0
712.09,0.0,2352.7,,,,,0.0,0.0,4487.0
713.09,0.0,2352.7,,,,,0.0,0.0,4487.0
714.09,0.0,2352.7,,,,,0.0,0.0,4487.0
715.09,0.0,2352.7,,,,,0.0,0.0,4487.0
716.09,0.0,2352.7,,,,,0.0,0.0,4487.0
717.09,0.0,2352.7,,,,,0.0,0.0,4487.0
718.09,0.0,2352.7,,,,,0.0,0.0,4487.0
719.09,0.0,2352.7,,,,,0.0,0.0,4487.0
720.1,0.0,2352.7,,,,,0.0,0.0,4487.0
721.1,0.0,2352.7,,,,,0.0,0.0,4487.0
722.1,0.0,2352.7,,,,,0.0,0.0,4487.0
723.1,0.0,2352.7,,,,,0.0,0.0,4487.0
724.1,0.0,2352.7,,,,,0.0,0.0,4487.0
725.1,0.0,2352.7,,,,,0.0,0.0,4487.0
726.1,0.0,2352.7,,,,,0.0,0.0,4487.0
727.1,0.0,2352.7,,,,,0.0,0.0,4487.0
728.1,0.0,2352.7,,,,,0.0,0.0,4487.0
729.1,0.0,2352.7,,,,,0.0,0.0,4487.0
730.1,0.0,2352.7,,,,,0.0,0.0,4487.0
731.1,0.0,2352.7,,,,,0.0,0.0,4487.0
732.1,0.0,2352.7,,,,,0.0,0.0,4487.0
733.1,0.0,2352.7,,,,,0.0,0.0,4487.0
734.1,0.0,2352.7,,,,,0.0,0.0,4487.0
735.1,0.0,2352.7,,,,,0.0,0.0,4487.0
736.1,0.0,2352.7,,,,,0.0,0.0,4487.0
737.1,0.0,2352.7,,,,,0.0,0.0,4487.0
738.1,0.0,2352.7,,,,,0.0,0.0,4487.0
739.1,0.0,2352.7,,,,,0.0,0.0,4487.0
740.1,0.0,2352.7,,,,,0.0,0.0,4487.0
741.1,0.0,2352.7,,,,,0.0,0.0,4487.0
742.1,0.0,2352.7,,,,,0.0,0.0,4487.0
743.1,0.0,2352.7,,,,,0.0,0.0,4487.0
744.1,0.0,2352.7,,,,,0.0,0.0,4487.0
745.1,0.0,2352.7,,,,,0.0,0.0,4487.0
746.1,0.0,2352.7,,,,,0.0,0.0,4487.0
747.1,0.0,2352.7,,,,,0.0,0.0,4487.0
748.1,0.0,2352.7,,,,,0.0,0.0,4487.0
749.1,0.0,2352.7,,,,,0.0,0.0,4487.0
750.1,0.0,2352.7,,,,,0.0,0.0,4487.0
751.1,0.0,2352.7,,,,,0.0,0.0,4487.0
752.1,0.0,2352.7,,,,,0.0,0.0,4487.0
753.1,0.0,2352.7,,,,,0.0,0.0,4487.0
754.1,0.0,2352.7,,,,,0.0,0.0,4487.0
755.1,0.0,2352.7,,,,,0.0,0.0,4487.0
756.1,0.0,2352.7,,,,,0.0,0.0,4487.0
757.1,0.0,2352.7,,,,,0.0,0.0,4487.0
758.1,0.0,2352.7,,,,,0.0,0.0,4487.0
759.1,0.0,2352.7,,,,,0.0,0.0,4487.0
760.1,0.0,2352.7,,,,,0.0,0.0,4487.0
761.1,0.0,2352.7,,,,,0.0,0.0,4487.0
762.1,0.0,2352.7,,,,,0.0,0.0,4487.0
763.1,0.0,2352.7,,,,,0.0,0.0,4487.0
764.1,0.0,2352.7,,,,,0.0,0.0,4487.0
765.1,0.0,2352.7,,,,,0.0,0.0,4487.0
766.1,0.0,2352.7,,,,,0.0,0.0,4487.0
767.1,0.0,2352.7,,,,,0.0,0.0,4487.0
768.1,0.0,2352.7,,,,,0.0,0.0,4487.0
769.1,0.0,2352.7,,,,,0.0,0.0,4487.0
770.1,0.0,2352.7,,,,,0.0,0.0,4487.0
771.1,0.0,2352.7,,,,,0.0,0.0,4487.0
772.1,0.0,2352.7,,,,,0.0,0.0,4487.0
773.1,0.0,2352.7,,,,,0.0,0.0,4487.0
774.1,0.0,2352.7,,,,,0.0,0.0,4487.0
775.1,0.0,2352.7,,,,,0.0,0.0,4487.0
776.1,0.0,2352.7,,,,,0.0,0.0,4487.0
777.1,0.0,2352.7,,,,,0.0,0.0,4487.0
778.1,0.0,2352.7,,,,,0.0,0.0,4487.0
779.1,0.0,2352.7,,,,,0.0,0.0,4487.0
780.1,0.0,2352.7,,,,,0.0,0.0,4487.0
781.1,0.0,2352.7,,,,,0.0,0.0,4487.0
782.1,0.0,2352.7,,,,,0.0,0.0,4487.0
783.1,0.0,2352.7,,,,,0.0,0.0,4487.0
784.1,0.0,2352.7,,,,,0.0,0.0,4487.0
785.1,0.0,2352.7,,,,,0.0,0.0,4487.0
786.1,0.0,2352.7,,,,,0.0,0.0,4487.0
787.1,0.0,2352.7,,,,,0.0,0.0,4487.0
788.1,0.0,2352.7,,,,,0.0,0.0,4487.0
789.1,0.0,2352.7,,,,,0.0,0.0,4487.0
790.1,0.0,2352.7,,,,,0.0,0.0,4487.0
791.1,0.0,2352.7,,,,,0.0,0.0,4487.0
792.1,0.0,2352.7,,,,,0.0,0.0,4487.0
793.1,0.0,2352.7,,,,,0.0,0.0,4487.0
794.1,0.0,2352.7,,,,,0.0,0.0,4487.0
795.1,0.0,2352.7,,,,,0.0,0.0,4487.0
796.1,0.0,2352.7,,,,,0.0,0.0,4487.0
797.1,0.0,2352.7,,,,,0.0,0.0,4487.0
798.11,0.0,2352.7,,,,,0.0,0.0,4487.0
799.11,0.0,2352.7,,,,,0.0,0.0,4487.0
800.11,0.0,2352.7,,,,,0.0,0.0,4487.0
801.11,0.0,2352.7,,,,,0.0,0.0,4487.0
802.11,0.0,2352.7,,,,,0.0,0.0,4487.0
803.11,0.0,2352.7,,,,,0.0,0.0,4487.0
804.11,0.0,2352.7,,,,,0.0,0.0,4487.0
805.11,0.0,2352.7,,,,,0.0,0.0,4487.0
806.11,0.0,2352.7,,,,,0.0,0.0,4487.0
807.11,0.0,2352.7,,,,,0.0,0.0,4487.0
808.11,0.0,2352.7,,,,,0.0,0.0,4487.0
809.11,0.0,2352.7,,,,,0.0,0.0,4487.0
810.11,0.0,2352.7,,,,,0.0,0.0,4487.0
811.11,0.0,2352.7,,,,,0.0,0.0,4487.0
812.11,0.0,2352.7,,,,,0.0,0.0,4487.0
813.11,0.0,2352.7,,,,,0.0,0.0,4487.0
814.11,0.0,2352.7,,,,,0.0,0.0,4487.0
815.11,0.0,2352.7,,,,,0.0,0.0,4487.0
816.11,0.0,2352.7,,,,,0.0,0.0,4487.0
817.11,0.0,2352.7,,,,,0.0,0.0,4487.0
818.11,0.0,2352.7,,,,,0.0,0.0,4487.0
819.11,0.0,2352.7,,,,,0.0,0.0,4487.0
820.11,0.0,2352.7,,,,,0.0,0.0,4487.0
821.11,0.0,2352.7,,,,,0.0,0.0,4487.0
822.11,0.0,2352.7,,,,,0.0,0.0,4487.0
823.11,0.0,2352.7,,,,,0.0,0.0,4487.0
824.11,0.0,2352.7,,,,,0.0,0.0,4487.0
825.11,0.0,2352.7,,,,,0.0,0.0,4487.0
826.11,0.0,2352.7,,,,,0.0,0.0,4487.0
827.11,0.0,2352.7,,,,,0.0,0.0,4487.0
828.11,0.0,2352.7,,,,,0.0,0.0,4487.0
829.11,0.0,2352.7,,,,,0.0,0.0,4487.0
830.11,0.0,2352.7,,,,,0.0,0.0,4487.0
831.11,0.0,2352.7,,,,,0.0,0.0,4487.0
832.11,0.0,2352.7,,,,,0.0,0.0,4487.0
833.11,0.0,2352.7,,,,,0.0,0.0,4487.0
834.11,0.0,2352.7,,,,,0.0,0.0,4487.0
835.11,0.0,2352.7,,,,,0.0,0.0,4487.0
836.11,0.0,2352.7,,,,,0.0,0.0,4487.0
837.11,0.0,2352.7,,,,,0.0,0.0,4487.0
838.11,0.0,2352.7,,,,,0.0,0.0,4487.0
839.11,0.0,2352.7,,,,,0.0,0.0,4487.0
840.11,0.0,2352.7,,,,,0.0,0.0,4487.0
841.11,0.0,2352.7,,,,,0.0,0.0,4487.0
842.11,0.0,2352.7,,,,,0.0,0.0,4487.0
843.11,0.0,2352.7,,,,,0.0,0.0,4487.0
844.11,0.0,2352.7,,,,,0.0,0.0,4487.0
845.11,0.0,2352.7,,,,,0.0,0.0,4487.0
846.11,0.0,2352.7,,,,,0.0,0.0,4487.0
847.11,0.0,2352.7,,,,,0.0,0.0,4487.0
848.11,0.0,2352.7,,,,,0.0,0.0,4487.0
849.11,0.0,2352.7,,,,,0.0,0.0,4487.0
850.11,0.0,2352.7,,,,,0.0,0.0,4487.0
851.11,0.0,2352.7,,,,,0.0,0.0,4487.0
852.11,0.0,2352.7,,,,,0.0,0.0,4487.0
853.11,0.0,2352.7,,,,,0.0,0.0,4487.0
854.11,0.0,2352.7,,,,,0.0,0.0,4487.0
855.11,0.0,2352.7,,,,,0.0,0.0,4487.0
856.11,0.0,2352.7,,,,,0.0,0.0,4487.0
857.11,0.0,2352.7,,,,,0.0,0.0,4487.0
858.11,0.0,2352.7,,,,,0.0,0.0,4487.0
859.11,0.0,2352.7,,,,,0.0,0.0,4487.0
860.11,0.0,2352.7,,,,,0.0,0.0,4487.0
861.11,0.0,2352.7,,,,,0.0,0.0,4487.0
862.11,0.0,2352.7,,,,,0.0,0.0,4487.0
863.11,0.0,2352.7,,,,,0.0,0.0,4487.0
864.11,0.0,2352.7,,,,,0.0,0.0,4487.0
865.11,0.0,2352.7,,,,,0.0,0.0,4487.0
866.11,0.0,2352.7,,,,,0.0,0.0,4487.0
867.11,0.0,2352.7,,,,,0.0,0.0,4487.0
868.11,0.0,2352.7,,,,,0.0,0.0,4487.0
869.11,0.0,2352.7,,,,,0.0,0.0,4487.0
870.11,0.0,2352.7,,,,,0.0,0.0,4487.0
871.12,0.0,2352.7,,,,,0.0,0.0,4487.0
872.12,0.0,2352.7,,,,,0.0,0.0,4487.0
873.12,0.0,2352.7,,,,,0.0,0.0,4487.0
874.12,0.0,2352.7,,,,,0.0,0.0,4487.0
875.12,0.0,2352.7,,,,,0.0,0.0,4487.0
876.12,0.0,2352.7,,,,,0.0,0.0,4487.0
877.12,0.0,2352.7,,,,,0.0,0.0,4487.0
878.12,0.0,2352.7,,,,,0.0,0.0,4487.0
879.12,0.0,2352.7,,,,,0.0,0.0,4487.0
880.12,0.0,2352.7,,,,,0.0,0.0,4487.0
881.12,0.0,2352.7,,,,,0.0,0.0,4487.0
882.12,0.0,2352.7,,,,,0.0,0.0,4487.0
883.12,0.0,2352.7,,,,,0.0,0.0,4487.0
884.12,0.0,2352.7,,,,,0.0,0.0,4487.0
885.12,0.0,2352.7,,,,,0.0,0.0,4487.0
886.12,0.0,2352.7,,,,,0.0,0.0,4487.0
887.12,0.0,2352.7,,,,,0.0,0.0,4487.0
888.12,0.0,2352.7,,,,,0.0,0.0,4487.0
889.12,0.0,2352.7,,,,,0.0,0.0,4487.0
890.12,0.0,2352.7,,,,,0.0,0.0,4487.0
891.12,0.0,2352.7,,,,,0.0,0.0,4487.0
892.12,0.0,2352.7,,,,,0.0,0.0,4487.0
893.12,0.0,2352.7,,,,,0.0,0.0,4487.0
894.12,0.0,2352.7,,,,,0.0,0.0,4487.0
895.12,0.0,2352.7,,,,,0.0,0.0,4487.0
896.12,0.0,2352.7,,,,,0.0,0.0,4487.0
897.12,0.0,2352.7,,,,,0.0,0.0,4487.0
898.12,0.0,2352.7,,,,,0.0,0.0,4487.0
899.12,0.0,2352.7,,,,,0.0,0.0,4487.0
900.12,0.0,2352.7,,,,,0.0,0.0,4487.0
901.12,0.0,2352.7,,,,,0.0,0.0,4487.0
902.12,0.0,2352.7,,,,,0.0,0.0,4487.0
903.12,0.0,2352.7,,,,,0.0,0.0,4487.0
904.12,0.0,2352.7,,,,,0.0,0.0,4487.0
905.12,0.0,2352.7,,,,,0.0,0.0,4487.0
906.12,0.0,2352.7,,,,,0.0,0.0,4487.0
907.12,0.0,2352.7,,,,,0.0,0.0,4487.0
908.12,0.0,2352.7,,,,,0.0,0.0,4487.0
909.12,0.0,2352.7,,,,,0.0,0.0,4487.0
910.12,0.0,2352.7,,,,,0.0,0.0,4487.0
911.12,0.0,2352.7,,,,,0.0,0.0,4487.0
912.12,0.0,2352.7,,,,,0.0,0.0,4487.0
913.12,0.0,2352.7,,,,,0.0,0.0,4487.0
914.12,0.0,2352.7,,,,,0.0,0.0,4487.0
915.12,0.0,2352.7,,,,,0.0,0.0,4487.0
916.12,0.0,2352.7,,,,,0.0,0.0,4487.0
917.12,0.0,2352.7,,,,,0.0,0.0,4487.0
918.12,0.0,2352.7,,,,,0.0,0.0,4487.0
919.12,0.0,2352.7,,,,,0.0,0.0,4487.0
920.12,0.0,2352.7,,,,,0.0,0.0,4487.0
921.12,0.0,2352.7,,,,,0.0,0.0,4487.0
922.12,0.0,2352.7,,,,,0.0,0.0,4487.0
923.12,0.0,2352.7,,,,,0.0,0.0,4487.0
924.12,0.0,2352.7,,,,,0.0,0.0,4487.0
925.12,0.0,2352.7,,,,,0.0,0.0,4487.0
926.12,0.0,2352.7,,,,,0.0,0.0,4487.0
927.12,0.0,2352.7,,,,,0.0,0.0,4487.0
928.12,0.0,2352.7,,,,,0.0,0.0,4487.0
929.12,0.0,2352.7,,,,,0.0,0.0,4487.0
930.12,0.0,2352.7,,,,,0.0,0.0,4487.0
931.12,0.0,2352.7,,,,,0.0,0.0,4487.0
932.12,0.0,2352.7,,,,,0.0,0.0,4487.0
933.12,0.0,2352.7,,,,,0.0,0.0,4487.0
934.12,0.0,2352.7,,,,,0.0,0.0,4487.0
935.12,0.0,2352.7,,,,,0.0,0.0,4487.0
936.12,0.0,2352.7,,,,,0.0,0.0,4486.4
937.12,0.0,2352.7,,,,,0.0,0.0,4486.4
938.12,0.0,2352.7,,,,,0.0,0.0,4486.4
939.13,0.0,2352.7,,,,,0.0,0.0,4486.4
940.13,0.0,2352.7,,,,,0.0,0.0,4486.4
941.13,0.0,2352.7,,,,,0.0,0.0,4486.4
942.13,0.0,2352.7,,,,,0.0,0.0,4486.4
943.13,0.0,2352.7,,,,,0.0,0.0,4486.4
944.13,0.0,2352.7,,,,,0.0,0.0,4486.4
945.13,0.0,2352.7,,,,,0.0,0.0,4486.4
946.13,0.0,2352.7,,,,,0.0,0.0,4486.4
947.13,0.0,2352.7,,,,,0.0,0.0,4486.4
948.13,0.0,2352.7,,,,,0.0,0.0,4486.4
949.13,0.0,2352.7,,,,,0.0,0.0,4486.4
950.13,0.0,2352.7,,,,,0.0,0.0,4486.4
951.13,0.0,2352.7,,,,,0.0,0.0,4486.4
952.13,0.0,2352.7,,,,,0.0,0.0,4486.4
953.13,0.0,2352.7,,,,,0.0,0.0,4486.4
954.13,0.0,2352.7,,,,,0.0,0.0,4486.4
955.13,0.0,2352.7,,,,,0.0,0.0,4486.4
956.13,0.0,2352.7,,,,,0.0,0.0,4486.4
957.13,0.0,2352.7,,,,,0.0,0.0,4486.4
958.13,0.0,2352.7,,,,,0.0,0.0,4486.4
959.13,0.0,2352.7,,,,,0.0,0.0,4486.4
960.13,0.0,2352.7,,,,,0.0,0.0,4486.4
961.13,0.0,2352.7,,,,,0.0,0.0,4486.4
962.13,0.0,2352.7,,,,,0.0,0.0,4486.4
963.13,0.0,2352.7,,,,,0.0,0.0,4486.4
964.13,0.0,2352.7,,,,,0.0,0.0,4486.4
965.13,0.0,2352.7,,,,,0.0,0.0,4486.4
966.13,0.0,2352.7,,,,,0.0,0.0,4486.4
967.13,0.0,2352.7,,,,,0.0,0.0,4486.4
968.13,0.0,2352.7,,,,,0.0,0.0,4486.4
969.13,0.0,2352.7,,,,,0.0,0.0,4486.4
970.13,0.0,2352.7,,,,,0.0,0.0,4486.4
971.13,0.0,2352.7,,,,,0.0,0.0,4486.4
972.13,0.0,2352.7,,,,,0.0,0.0,4486.4
973.13,0.0,2352.7,,,,,0.0,0.0,4486.4
974.13,0.0,2352.7,,,,,0.0,0.0,4486.4
975.13,0.0,2352.7,,,,,0.0,0.0,4486.4
976.13,0.0,2352.7,,,,,0.0,0.0,4486.4
977.13,0.0,2352.7,,,,,0.0,0.0,4486.4
978.13,0.0,2352.7,,,,,0.0,0.0,4486.4
979.13,0.0,2352.7,,,,,0.0,0.0,4486.4
980.13,0.0,2352.7,,,,,0.0,0.0,4486.4
981.13,0.0,2352.7,,,,,0.0,0.0,4485.6
982.13,0.0,2352.7,,,,,0.0,0.0,4485.6
983.13,0.0,2352.7,,,,,0.0,0.0,4485.6
984.13,0.0,2352.7,,,,,0.0,0.0,4485.6
985.13,0.0,2352.7,,,,,0.0,0.0,4485.6
986.13,0.0,2352.7,,,,,0.0,0.0,4485.6
987.13,0.0,2352.7,,,,,0.0,0.0,4485.6
988.13,0.0,2352.7,,,,,0.0,0.0,4485.6
989.13,0.0,2352.7,,,,,0.0,0.0,4485.6
990.13,0.0,2352.7,,,,,0.0,0.0,4485.6
991.13,0.0,2352.7,,,,,0.0,0.0,4485.6
992.13,0.0,2352.7,,,,,0.0,0.0,4485.6
993.13,0.0,2352.7,,,,,0.0,0.0,4485.6
994.13,0.0,2352.7,,,,,0.0,0.0,4485.6
995.13,0.0,2352.7,,,,,0.0,0.0,4485.6
996.13,0.0,2352.7,,,,,0.0,0.0,4485.6
997.13,0.0,2352.7,,,,,0.0,0.0,4485.6
998.13,0.0,2352.7,,,,,0.0,0.0,4485.6
999.13,0.0,2352.7,,,,,0.0,0.0,4485.6
1000.13,0.0,2352.7,,,,,0.0,0.0,4485.6
1001.13,0.0,2352.7,,,,,0.0,0.0,4485.6
1002.14,0.0,2352.7,,,,,0.0,0.0,4485.6
1003.14,0.0,2352.7,,,,,0.0,0.0,4485.6
1004.14,0.0,2352.7,,,,,0.0,0.0,4485.6
1005.14,0.0,2352.7,,,,,0.0,0.0,4485.6
1006.14,0.0,2352.7,,,,,0.0,0.0,4485.6
1007.14,0.0,2352.7,,,,,0.0,0.0,4485.6
1008.14,0.0,2352.7,,,,,0.0,0.0,4485.6
1009.14,0.0,2352.7,,,,,0.0,0.0,4485.6
1010.14,0.0,2352.7,,,,,0.0,0.0,4485.6
1011.14,0.0,2352.7,,,,,0.0,0.0,4485.6
1012.14,0.0,2352.7,,,,,0.0,0.0,4485.6
1013.14,0.0,2352.7,,,,,0.0,0.0,4485.6
1014.14,0.0,2352.7,,,,,0.0,0.0,4485.6
1015.14,0.0,2352.7,,,,,0.0,0.0,4485.6
1016.14,0.0,2352.7,,,,,0.0,0.0,4485.6
1017.14,0.0,2352.7,,,,,0.0,0.0,4485.6
1018.14,0.0,2352.7,,,,,0.0,0.0,4485.6
1019.14,0.0,2352.7,,,,,0.0,0.0,4485.6
1020.14,0.0,2352.7,,,,,0.0,0.0,4485.6
1021.14,0.0,2352.7,,,,,0.0,0.0,4485.6
1022.14,0.0,2352.7,,,,,0.0,0.0,4485.6
1023.14,0.0,2352.7,,,,,0.0,0.0,4485.6
1024.14,0.0,2352.7,,,,,0.0,0.0,4485.6
1025.14,0.0,2352.7,,,,,0.0,0.0,4485.6
1026.14,0.0,2352.7,,,,,0.0,0.0,4485.6
1027.14,0.0,2352.7,,,,,0.0,0.0,4485.6
1028.14,0.0,2352.7,,,,,0.0,0.0,4485.6
1029.14,0.0,2352.7,,,,,0.0,0.0,4485.6
1030.14,0.0,2352.7,,,,,0.0,0.0,4485.6
1031.14,0.0,2352.7,,,,,0.0,0.0,4485.6
1032.14,0.0,2352.7,,,,,0.0,0.0,4485.6
1033.14,0.0,2352.7,,,,,0.0,0.0,4485.6
1034.14,0.0,2352.7,,,,,0.0,0.0,4485.6
1035.14,0.0,2352.7,,,,,0.0,0.0,4485.6
1036.14,0.0,2352.7,,,,,0.0,0.0,4485.6
1037.14,0.0,2352.7,,,,,0.0,0.0,4485.6
1038.14,0.0,2352.7,,,,,0.0,0.0,4485.6
1039.14,0.0,2352.7,,,,,0.0,0.0,4485.6
1040.14,0.0,2352.7,,,,,0.0,0.0,4485.6
1041.14,0.0,2352.7,,,,,0.0,0.0,4485.6
1042.14,0.0,2352.7,,,,,0.0,0.0,4485.6
1043.14,0.0,2352.7,,,,,0.0,0.0,4485.6
1044.14,0.0,2352.7,,,,,0.0,0.0,4485.6
1045.14,0.0,2352.7,,,,,0.0,0.0,4485.6
1046.14,0.0,2352.7,,,,,0.0,0.0,4485.6
1047.14,0.0,2352.7,,,,,0.0,0.0,4485.6
1048.14,0.0,2352.7,,,,,0.0,0.0,4485.6
1049.14,0.0,2352.7,,,,,0.0,0.0,4485.6
1050.14,0.0,2352.7,,,,,0.0,0.0,4485.6
1051.14,0.0,2352.7,,,,,0.0,0.0,4485.6
1052.14,0.0,2352.7,,,,,0.0,0.0,4485.6
1053.14,0.0,2352.7,,,,,0.0,0.0,4485.6
1054.14,0.0,2352.7,,,,,0.0,0.0,4485.6
1055.14,0.0,2352.7,,,,,0.0,0.0,4485.6
1056.14,0.0,2352.7,,,,,0.0,0.0,4485.6
1057.14,0.0,2352.7,,,,,0.0,0.0,4485.6
1058.14,0.0,2352.7,,,,,0.0,0.0,4485.6
1059.14,0.0,2352.7,,,,,0.0,0.0,4485.6
1060.14,0.0,2352.7,,,,,0.0,0.0,4485.6
1061.14,0.0,2352.7,,,,,0.0,0.0,4485.6
1062.14,0.0,2352.7,,,,,0.0,0.0,4485.6
1063.14,0.0,2352.7,,,,,0.0,0.0,4485.6
1064.14,0.0,2352.7,,,,,0.0,0.0,4485.6
1065.14,0.0,2352.7,,,,,0.0,0.0,4485.4
1066.15,0.0,2352.7,,,,,0.0,0.0,4314.6
1067.15,0.0,2352.7,,,,,0.0,0.0,3473.1
1068.15,0.0,2352.7,,,,,0.0,0.0,3341.2
1069.15,0.0,2352.7,,,,,0.0,0.0,2975.3
1070.15,0.0,2352.7,,,,,0.0,0.0,2725.1
1071.15,0.0,2352.7,,,,,0.0,0.0,2467.1
1072.15,0.0,2352.7,,,,,0.0,0.0,2208.3
1073.15,0.0,2352.7,,,,,0.0,0.0,1964.1
1074.15,0.0,2352.7,,,,,0.0,0.0,1710.2
1075.15,0.0,2352.7,,,,,0.0,0.0,1463.6
1076.15,0.0,2352.7,,,,,0.0,0.0,1210.2
1077.15,0.0,2352.7,,,,,0.0,0.0,958.3
1078.15,0.0,2352.7,,,,,0.0,0.0,708.9
1079.15,0.0,2352.7,,,,,0.0,0.0,423.4
1080.15,0.0,2352.7,,,,,0.0,0.0,177.5
1081.15,0.0,2352.7,,,,,0.0,0.0,107.3
1082.15,0.0,2352.7,,,,,0.0,0.0,107.3
1083.15,0.0,2352.7,,,,,0.0,0.0,107.3
1084.15,0.0,2352.7,,,,,0.0,0.0,107.3
1085.15,0.0,2352.7,,,,,0.0,0.0,107.3
1086.15,0.0,2352.7,,,,,0.0,0.0,107.3
1087.15,0.0,2352.7,,,,,0.0,0.0,107.3
1088.15,0.0,2352.7,,,,,0.0,0.0,107.3
1089.15,0.0,2352.7,,,,,0.0,0.0,107.3
1090.15,0.0,2352.7,,,,,0.0,0.0,107.3
1091.15,0.0,2352.7,,,,,0.0,0.0,107.3
1092.15,0.0,2352.7,,,,,0.0,0.0,107.3
1093.15,0.0,2352.7,,,,,0.0,0.0,107.3
1094.15,0.0,2352.7,,,,,0.0,0.0,107.3
1095.15,0.0,2352.7,,,,,0.0,0.0,107.3
1096.15,0.0,2352.7,,,,,0.0,0.0,107.3
1097.15,0.0,2352.7,,,,,0.0,0.0,107.3
1098.15,0.0,2352.7,,,,,0.0,0.0,107.3
1099.15,0.0,2352.7,,,,,0.0,0.0,107.3
1100.15,0.0,2352.7,,,,,0.0,0.0,107.3
1101.15,0.0,2352.7,,,,,0.0,0.0,107.3
1102.15,0.0,2352.7,,,,,0.0,0.0,107.3
1103.15,0.0,2352.7,,,,,0.0,0.0,107.3
1104.15,0.0,2352.7,,,,,0.0,0.0,107.3
1105.15,0.0,2352.7,,,,,0.0,0.0,107.3
1106.15,0.0,2352.7,,,,,0.0,0.0,107.3
1107.16,0.0,2352.7,,,,,0.0,0.0,107.3
1108.16,0.0,2352.7,,,,,0.0,0.0,107.3
1109.16,0.0,2352.7,,,,,0.0,0.0,107.3
1110.16,0.0,2352.7,,,,,0.0,0.0,107.3
1111.16,0.0,2352.7,,,,,0.0,0.0,107.3
1112.16,0.0,2352.7,,,,,0.0,0.0,107.3
1113.16,0.0,2352.7,,,,,0.0,0.0,97.7
1114.16,0.0,2352.7,,,,,0.0,0.0,77.1
1115.16,0.0,2352.7,,,,,0.0,0.0,78.0
1116.16,0.0,2352.7,,,,,0.0,0.0,78.0
1117.16,0.0,2352.7,,,,,0.0,0.0,78.0
1118.16,0.0,2352.7,,,,,0.0,0.0,78.0
1119.16,0.0,2352.7,,,,,0.0,0.0,78.0
1120.16,0.0,2352.7,,,,,0.0,0.0,78.0
1121.16,0.0,2352.7,,,,,0.0,0.0,73.4
1122.16,0.0,2352.7,,,,,0.0,0.0,66.2
1123.16,0.0,2352.7,,,,,0.0,0.0,62.9
1124.16,0.0,2352.7,,,,,0.0,0.0,53.7
1125.16,0.0,2352.7,,,,,0.0,0.0,52.0
1126.16,0.0,2352.7,,,,,0.0,0.0,52.0
1127.16,0.0,2352.7,,,,,0.0,0.0,52.0
1128.16,0.0,2352.7,,,,,0.0,0.0,52.0
1129.16,0.0,2352.7,,,,,0.0,0.0,52.0
1130.16,0.0,2352.7,,,,,0.0,0.0,52.0
1131.16,0.0,2352.7,,,,,0.0,0.0,52.0
1132.16,0.0,2352.7,,,,,0.0,0.0,52.0
1133.16,0.0,2352.7,,,,,0.0,0.0,52.0
1134.16,0.0,2352.7,,,,,0.0,0.0,52.0
1135.16,0.0,2352.7,,,,,0.0,0.0,52.0
1136.16,0.0,2352.7,,,,,0.0,0.0,52.0
1137.16,0.0,2352.7,,,,,0.0,0.0,52.0
1138.17,0.0,2352.7,,,,,0.0,0.0,52.0
1139.17,0.0,2352.7,,,,,0.0,0.0,52.0
1140.17,0.0,2352.7,,,,,0.0,0.0,52.0
1141.17,0.0,2352.7,,,,,0.0,0.0,52.0
1142.17,0.0,2352.7,,,,,0.0,0.0,52.0
1143.17,0.0,2352.7,,,,,0.0,0.0,52.0
1144.17,0.0,2352.7,,,,,0.0,0.0,52.0
1145.17,0.0,2352.7,,,,,0.0,0.0,52.0
1146.17,0.0,2352.7,,,,,0.0,0.0,52.0
1147.17,0.0,2352.7,,,,,0.0,0.0,52.0
1148.17,0.0,2352.7,,,,,0.0,0.0,52.0
1149.17,0.0,2352.7,,,,,0.0,0.0,52.0
1150.17,0.0,2352.7,,,,,0.0,0.0,52.0
1151.17,0.0,2352.7,,,,,0.0,0.0,52.0
1152.17,0.0,2352.7,,,,,0.0,0.0,52.0
1153.17,0.0,2352.7,,,,,0.0,0.0,52.0
1154.17,0.0,2352.7,,,,,0.0,0.0,52.0
1155.17,0.0,2352.7,,,,,0.0,0.0,52.0
1156.17,0.0,2352.7,,,,,0.0,0.0,52.0
1157.17,0.0,2352.7,,,,,0.0,0.0,52.0
1158.17,0.0,2352.7,,,,,0.0,0.0,52.0
1159.17,0.0,2352.7,,,,,0.0,0.0,52.0
1160.17,0.0,2352.7,,,,,0.0,0.0,52.0
1161.17,0.0,2352.7,,,,,0.0,0.0,20.0
1162.17,0.0,2352.7,,,,,0.0,0.0,20.0
1163.17,0.0,2352.7,,,,,0.0,0.0,20.0
1164.17,0.0,2352.7,,,,,0.0,0.0,20.0
1165.17,0.0,2352.7,,,,,0.0,0.0,20.0
1166.17,0.0,2352.7,,,,,0.0,0.0,20.0
1167.17,0.0,2352.7,,,,,0.0,0.0,20.0
1168.17,0.0,2352.7,,,,,0.0,0.0,20.0
1169.18,0.0,2352.7,,,,,0.0,0.0,20.0
1170.18,0.0,2352.7,,,,,0.0,0.0,20.0
1171.18,0.0,2352.7,,,,,0.0,0.0,20.0
1172.18,0.0,2352.7,,,,,0.0,0.0,20.0
1173.18,0.0,2352.7,,,,,0.0,0.0,20.0
1174.18,0.0,2352.7,,,,,0.0,0.0,20.0
1175.18,0.0,2352.7,,,,,0.0,0.0,20.0
1176.18,0.0,2352.7,,,,,0.0,0.0,20.0
1177.18,0.0,2352.7,,,,,0.0,0.0,20.0
1178.18,0.0,2352.7,,,,,0.0,0.0,20.0
1179.18,0.0,2352.7,,,,,0.0,0.0,15.6
1180.18,0.0,2352.7,,,,,0.0,0.0,15.6
1181.18,0.0,2352.7,,,,,0.0,0.0,15.6
1182.18,0.0,2352.7,,,,,0.0,0.0,15.6
1183.18,0.0,2352.7,,,,,0.0,0.0,15.6
1184.18,0.0,2352.7,,,,,0.0,0.0,15.6
1185.18,0.0,2352.7,,,,,0.0,0.0,15.6
1186.18,0.0,2352.7,,,,,0.0,0.0,15.6
1187.18,0.0,2352.7,,,,,0.0,0.0,15.6
1188.18,0.0,2352.7,,,,,0.0,0.0,15.6
1189.18,0.0,2352.7,,,,,0.0,0.0,15.6
1190.18,0.0,2352.7,,,,,0.0,0.0,11.6
1191.18,0.0,2352.7,,,,,0.0,0.0,11.6
1192.18,0.0,2352.7,,,,,0.0,0.0,11.6
1193.18,0.0,2352.7,,,,,0.0,0.0,11.6
1194.18,0.0,2352.7,,,,,0.0,0.0,11.6
1195.18,0.0,2352.7,,,,,0.0,0.0,11.6
1196.18,0.0,2352.7,,,,,0.0,0.0,11.6
1197.18,0.0,2352.7,,,,,0.0,0.0,11.6
1198.18,0.0,2352.7,,,,,0.0,0.0,11.6
1199.18,0.0,2352.7,,,,,0.0,0.0,11.6
1200.18,0.0,2352.7,,,,,0.0,0.0,11.6
1201.19,0.0,2352.7,,,,,0.0,0.0,11.6
1202.19,0.0,2352.7,,,,,0.0,0.0,11.6
1203.19,0.0,2352.7,,,,,0.0,0.0,11.6
1204.19,0.0,2352.7,,,,,0.0,0.0,11.6
1205.19,0.0,2352.7,,,,,0.0,0.0,11.6
1206.19,0.0,2352.7,,,,,0.0,0.0,11.6
1207.19,0.0,2352.7,,,,,0.0,0.0,11.6
1208.19,0.0,2352.7,,,,,0.0,0.0,11.6
1209.19,0.0,2352.7,,,,,0.0,0.0,11.6
1210.19,0.0,2352.7,,,,,0.0,0.0,11.6
1211.19,0.0,2352.7,,,,,0.0,0.0,11.6
1212.19,0.0,2352.7,,,,,0.0,0.0,11.6
1213.19,0.0,2352.7,,,,,0.0,0.0,11.6
1214.19,0.0,2352.7,,,,,0.0,0.0,11.6
1215.19,0.0,2352.7,,,,,0.0,0.0,11.6
1216.19,0.0,2352.7,,,,,0.0,0.0,11.6
1217.19,0.0,2352.7,,,,,0.0,0.0,11.6
1218.19,0.0,2352.7,,,,,0.0,0.0,11.6
1219.19,0.0,2352.7,,,,,0.0,0.0,11.6
1220.19,0.0,2352.7,,,,,0.0,0.0,11.6
1221.19,0.0,2352.7,,,,,0.0,0.0,11.6
1222.19,0.0,2352.7,,,,,0.0,0.0,11.6
1223.19,0.0,2352.7,,,,,0.0,0.0,11.6
1224.19,0.0,2352.7,,,,,0.0,0.0,11.6
1225.19,0.0,2352.7,,,,,0.0,0.0,11.6
1226.19,0.0,2352.7,,,,,0.0,0.0,11.6
1227.19,0.0,2352.7,,,,,0.0,0.0,11.4
1228.19,0.0,2352.7,,,,,0.0,0.0,11.4
1229.19,0.0,2352.7,,,,,0.0,0.0,11.4
1230.19,0.0,2352.7,,,,,0.0,0.0,11.4
1231.19,0.0,2352.7,,,,,0.0,0.0,11.4
1232.19,0.0,2352.7,,,,,0.0,0.0,11.4
1233.19,0.0,2352.7,,,,,0.0,0.0,11.4
1234.19,0.0,2352.7,,,,,0.0,0.0,11.4
1235.19,0.0,2352.7,,,,,0.0,0.0,11.6
1236.19,0.0,2352.7,,,,,0.0,0.0,11.6
1237.19,0.0,2352.7,,,,,0.0,0.0,11.6
1238.19,0.0,2352.7,,,,,0.0,0.0,11.6
1239.19,0.0,2352.7,,,,,0.0,0.0,11.6
1240.19,0.0,2352.7,,,,,0.0,0.0,11.6
1241.19,0.0,2352.7,,,,,0.0,0.0,11.6
1242.19,0.0,2352.7,,,,,0.0,0.0,11.6
1243.19,0.0,2352.7,,,,,0.0,0.0,11.6
1244.19,0.0,2352.7,,,,,0.0,0.0,11.6
1245.19,0.0,2352.7,,,,,0.0,0.0,11.6
1246.19,0.0,2352.7,,,,,0.0,0.0,11.6
1247.19,0.0,2352.7,,,,,0.0,0.0,11.6
1248.19,0.0,2352.7,,,,,0.0,0.0,11.6
1249.19,0.0,2352.7,,,,,0.0,0.0,11.6
1250.19,0.0,2352.7,,,,,0.0,0.0,11.6
1251.19,0.0,2352.7,,,,,0.0,0.0,11.6
1252.19,0.0,2352.7,,,,,0.0,0.0,11.6
1253.19,0.0,2352.7,,,,,0.0,0.0,11.6
1254.19,0.0,2352.7,,,,,0.0,0.0,11.6
1255.19,0.0,2352.7,,,,,0.0,0.0,11.6
1256.19,0.0,2352.7,,,,,0.0,0.0,11.6
1257.19,0.0,2352.7,,,,,0.0,0.0,11.6
1258.19,0.0,2352.7,,,,,0.0,0.0,11.6
1259.19,0.0,2352.7,,,,,0.0,0.0,11.6
1260.19,0.0,2352.7,,,,,0.0,0.0,11.6
1261.19,0.0,2352.7,,,,,0.0,0.0,11.6
1262.19,0.0,2352.7,,,,,0.0,0.0,11.6
1263.19,0.0,2352.7,,,,,0.0,0.0,11.6
1264.19,0.0,2352.7,,,,,0.0,0.0,11.6
1265.19,0.0,2352.7,,,,,0.0,0.0,11.6
1266.19,0.0,2352.7,,,,,0.0,0.0,11.6
1267.19,0.0,2352.7,,,,,0.0,0.0,11.6
1268.19,0.0,2352.7,,,,,0.0,0.0,11.6
1269.19,0.0,2352.7,,,,,0.0,0.0,11.6
1270.19,0.0,2352.7,,,,,0.0,0.0,11.6
1271.19,0.0,2352.7,,,,,0.0,0.0,11.6
1272.19,0.0,2352.7,,,,,0.0,0.0,11.6
1273.19,0.0,2352.7,,,,,0.0,0.0,11.6
1274.19,0.0,2352.7,,,,,0.0,0.0,11.6
1275.19,0.0,2352.7,,,,,0.0,0.0,11.6
1276.19,0.0,2352.7,,,,,0.0,0.0,11.6
1277.19,0.0,2352.7,,,,,0.0,0.0,11.6
1278.19,0.0,2352.7,,,,,0.0,0.0,11.6
1279.19,0.0,2352.7,,,,,0.0,0.0,11.6
1280.19,0.0,2352.7,,,,,0.0,0.0,11.6
1281.2,0.0,2352.7,,,,,0.0,0.0,11.6
1282.2,0.0,2352.7,,,,,0.0,0.0,11.6
1283.2,0.0,2352.7,,,,,0.0,0.0,11.6
1284.2,0.0,2352.7,,,,,0.0,0.0,11.6
1285.2,0.0,2352.7,,,,,0.0,0.0,11.6
1286.2,0.0,2352.7,,,,,0.0,0.0,11.6
1287.2,0.0,2352.7,,,,,0.0,0.0,11.6
1288.2,0.0,2352.7,,,,,0.0,0.0,11.6
1289.2,0.0,2352.7,,,,,0.0,0.0,11.6
1290.2,0.0,2352.7,,,,,0.0,0.0,11.6
1291.2,0.0,2352.7,,,,,0.0,0.0,11.6
1292.2,0.0,2352.7,,,,,0.0,0.0,11.6
1293.2,0.0,2352.7,,,,,0.0,0.0,11.6
1294.2,0.0,2352.7,,,,,0.0,0.0,11.6
1295.2,0.0,2352.7,,,,,0.0,0.0,11.6
1296.2,0.0,2352.7,,,,,0.0,0.0,11.6
1297.2,0.0,2352.7,,,,,0.0,0.0,11.6
1298.2,0.0,2352.7,,,,,0.0,0.0,11.6
1299.2,0.0,2352.7,,,,,0.0,0.0,11.6
1300.2,0.0,2352.7,,,,,0.0,0.0,11.6
1301.2,0.0,2352.7,,,,,0.0,0.0,11.6
1302.2,0.0,2352.7,,,,,0.0,0.0,11.6
1303.2,0.0,2352.7,,,,,0.0,0.0,11.6
1304.2,0.0,2352.7,,,,,0.0,0.0,11.6
1305.2,0.0,2352.7,,,,,0.0,0.0,11.6
1306.2,0.0,2352.7,,,,,0.0,0.0,11.6
1307.2,0.0,2352.7,,,,,0.0,0.0,11.6
1308.2,0.0,2352.7,,,,,0.0,0.0,11.6
1309.2,0.0,2352.7,,,,,0.0,0.0,11.6
1310.2,0.0,2352.7,,,,,0.0,0.0,11.6
1311.2,0.0,2352.7,,,,,0.0,0.0,11.6
1312.2,0.0,2352.7,,,,,0.0,0.0,11.6
1313.2,0.0,2352.7,,,,,0.0,0.0,11.6
1314.2,0.0,2352.7,,,,,0.0,0.0,11.6
1315.2,0.0,2352.7,,,,,0.0,0.0,11.6
1316.2,0.0,2352.7,,,,,0.0,0.0,11.6
1317.2,0.0,2352.7,,,,,0.0,0.0,11.6
1318.2,0.0,2352.7,,,,,0.0,0.0,11.6
1319.2,0.0,2352.7,,,,,0.0,0.0,11.6
1320.2,0.0,2352.7,,,,,0.0,0.0,11.6
1321.2,0.0,2352.7,,,,,0.0,0.0,11.6
1322.2,0.0,2352.7,,,,,0.0,0.0,11.6
1323.2,0.0,2352.7,,,,,0.0,0.0,11.6
1324.2,0.0,2352.7,,,,,0.0,0.0,11.6
1325.2,0.0,2352.7,,,,,0.0,0.0,11.4
1326.2,0.0,2352.7,,,,,0.0,0.0,11.4
1327.2,0.0,2352.7,,,,,0.0,0.0,11.2
1328.2,0.0,2352.7,,,,,0.0,0.0,11.2
1329.2,0.0,2352.7,,,,,0.0,0.0,11.2
1330.2,0.0,2352.7,,,,,0.0,0.0,11.2
1331.2,0.0,2352.7,,,,,0.0,0.0,11.2
1332.2,0.0,2352.7,,,,,0.0,0.0,11.2
1333.2,0.0,2352.7,,,,,0.0,0.0,11.2
1334.2,0.0,2352.7,,,,,0.0,0.0,11.2
1335.2,0.0,2352.7,,,,,0.0,0.0,11.2
1336.2,0.0,2352.7,,,,,0.0,0.0,11.2
1337.2,0.0,2352.7,,,,,0.0,0.0,11.2
1338.2,0.0,2352.7,,,,,0.0,0.0,11.2
1339.2,0.0,2352.7,,,,,0.0,0.0,11.2
1340.2,0.0,2352.7,,,,,0.0,0.0,11.2
1341.2,0.0,2352.7,,,,,0.0,0.0,11.2
1342.21,0.0,2352.7,,,,,0.0,0.0,11.2
1343.21,0.0,2352.7,,,,,0.0,0.0,11.2
1344.21,0.0,2352.7,,,,,0.0,0.0,11.2
1345.21,0.0,2352.7,,,,,0.0,0.0,11.2
1346.21,0.0,2352.7,,,,,0.0,0.0,11.2
1347.21,0.0,2352.7,,,,,0.0,0.0,11.2
1348.21,0.0,2352.7,,,,,0.0,0.0,11.2
1349.21,0.0,2352.7,,,,,0.0,0.0,11.2
1350.21,0.0,2352.7,,,,,0.0,0.0,11.2
1351.21,0.0,2352.7,,,,,0.0,0.0,11.2
1352.21,0.0,2352.7,,,,,0.0,0.0,11.2
1353.21,0.0,2352.7,,,,,0.0,0.0,11.2
1354.21,0.0,2352.7,,,,,0.0,0.0,11.2
1355.22,0.0,2352.7,,,,,0.0,0.0,11.6
1356.22,0.0,2352.7,,,,,0.0,0.0,11.6
1357.22,0.0,2352.7,,,,,0.0,0.0,11.6
1358.22,0.0,2352.7,,,,,0.0,0.0,11.6
1359.22,0.0,2352.7,,,,,0.0,0.0,11.6
1360.22,0.0,2352.7,,,,,0.0,0.0,11.6
1361.22,0.0,2352.7,,,,,0.0,0.0,11.6
1362.22,0.0,2352.7,,,,,0.0,0.0,11.6
1363.22,0.0,2352.7,,,,,0.0,0.0,11.6
1364.22,0.0,2352.7,,,,,0.0,0.0,11.6
1365.22,0.0,2352.7,,,,,0.0,0.0,11.6
1366.22,0.0,2352.7,,,,,0.0,0.0,11.6
1367.22,0.0,2352.7,,,,,0.0,0.0,11.6
1368.22,0.0,2352.7,,,,,0.0,0.0,11.6
1369.22,0.0,2352.7,,,,,0.0,0.0,11.6
1370.22,0.0,2352.7,,,,,0.0,0.0,11.6
1371.22,0.0,2352.7,,,,,0.0,0.0,11.6
1372.22,0.0,2352.7,,,,,0.0,0.0,11.6
1373.22,0.0,2352.7,,,,,0.0,0.0,11.6
1374.22,0.0,2352.7,,,,,0.0,0.0,11.6
1375.22,0.0,2352.7,,,,,0.0,0.0,11.6
1376.22,0.0,2352.7,,,,,0.0,0.0,11.6
1377.22,0.0,2352.7,,,,,0.0,0.0,11.6
1378.23,0.0,2352.7,,,,,0.0,0.0,11.6
1379.23,0.0,2352.7,,,,,0.0,0.0,11.6
1380.23,0.0,2352.7,,,,,0.0,0.0,11.6
1381.23,0.0,2352.7,,,,,0.0,0.0,11.6
1382.23,0.0,2352.7,,,,,0.0,0.0,11.6
1383.23,0.0,2352.7,,,,,0.0,0.0,11.6
1384.23,0.0,2352.7,,,,,0.0,0.0,11.6
1385.23,0.0,2352.7,,,,,0.0,0.0,11.6
1386.23,0.0,2352.7,,,,,0.0,0.0,11.6
1387.23,0.0,2352.7,,,,,0.0,0.0,11.6
1388.23,0.0,2352.7,,,,,0.0,0.0,11.6
1389.23,0.0,2352.7,,,,,0.0,0.0,11.6
1390.23,0.0,2352.7,,,,,0.0,0.0,11.6
1391.23,0.0,2352.7,,,,,0.0,0.0,11.6
1392.23,0.0,2352.7,,,,,0.0,0.0,11.6
1393.23,0.0,2352.7,,,,,0.0,0.0,11.6
1394.23,0.0,2352.7,,,,,0.0,0.0,11.6
1395.23,0.0,2352.7,,,,,0.0,0.0,11.6
1396.23,0.0,2352.7,,,,,0.0,0.0,11.6
1397.23,0.0,2352.7,,,,,0.0,0.0,11.6
1398.23,0.0,2352.7,,,,,0.0,0.0,11.6
1399.23,0.0,2352.7,,,,,0.0,0.0,11.6
1400.23,0.0,2352.7,,,,,0.0,0.0,11.6
1401.23,0.0,2352.7,,,,,0.0,0.0,11.6
1402.23,0.0,2352.7,,,,,0.0,0.0,11.6
1403.23,0.0,2352.7,,,,,0.0,0.0,11.6
1404.23,0.0,2352.7,,,,,0.0,0.0,11.6
1405.23,0.0,2352.7,,,,,0.0,0.0,11.6
1406.23,0.0,2352.7,,,,,0.0,0.0,11.6
1407.23,0.0,2352.7,,,,,0.0,0.0,11.6
1408.23,0.0,2352.7,,,,,0.0,0.0,11.6
1409.23,0.0,2352.7,,,,,0.0,0.0,11.6
1410.23,0.0,2352.7,,,,,0.0,0.0,11.6
1411.23,0.0,2352.7,,,,,0.0,0.0,11.6
1412.23,0.0,2352.7,,,,,0.0,0.0,11.6
1413.23,0.0,2352.7,,,,,0.0,0.0,11.6
1414.23,0.0,2352.7,,,,,0.0,0.0,11.6
1415.23,0.0,2352.7,,,,,0.0,0.0,11.6
1416.23,0.0,2352.7,,,,,0.0,0.0,11.6
1417.23,0.0,2352.7,,,,,0.0,0.0,11.6
1418.23,0.0,2352.7,,,,,0.0,0.0,11.6
1419.23,0.0,2352.7,,,,,0.0,0.0,11.6
1420.23,0.0,2352.7,,,,,0.0,0.0,11.6
1421.23,0.0,2352.7,,,,,0.0,0.0,11.6
1422.23,0.0,2352.7,,,,,0.0,0.0,11.6
1423.23,0.0,2352.7,,,,,0.0,0.0,11.6
1424.23,0.0,2352.7,,,,,0.0,0.0,11.6
1425.23,0.0,2352.7,,,,,0.0,0.0,11.6
1426.23,0.0,2352.7,,,,,0.0,0.0,11.6
1427.23,0.0,2352.7,,,,,0.0,0.0,11.6
1428.23,0.0,2352.7,,,,,0.0,0.0,11.6
1429.23,0.0,2352.7,,,,,0.0,0.0,11.6
1430.23,0.0,2352.7,,,,,0.0,0.0,11.6
1431.23,0.0,2352.7,,,,,0.0,0.0,11.6
1432.23,0.0,2352.7,,,,,0.0,0.0,11.6
1433.23,0.0,2352.7,,,,,0.0,0.0,11.6
1434.23,0.0,2352.7,,,,,0.0,0.0,11.6
1435.23,0.0,2352.7,,,,,0.0,0.0,11.6
1436.23,0.0,2352.7,,,,,0.0,0.0,11.6
1437.23,0.0,2352.7,,,,,0.0,0.0,11.6
1438.23,0.0,2352.7,,,,,0.0,0.0,11.6
1439.23,0.0,2352.7,,,,,0.0,0.0,11.6
1440.23,0.0,2352.7,,,,,0.0,0.0,11.6
1441.23,0.0,2352.7,,,,,0.0,0.0,11.6
1442.23,0.0,2352.7,,,,,0.0,0.0,11.6
1443.23,0.0,2352.7,,,,,0.0,0.0,11.6
1444.23,0.0,2352.7,,,,,0.0,0.0,11.6
1445.23,0.0,2352.7,,,,,0.0,0.0,11.6
1446.23,0.0,2352.7,,,,,0.0,0.0,11.6
1447.23,0.0,2352.7,,,,,0.0,0.0,11.6
1448.24,0.0,2352.7,,,,,0.0,0.0,11.6
1449.24,0.0,2352.7,,,,,0.0,0.0,11.6
1450.24,0.0,2352.7,,,,,0.0,0.0,11.6
1451.24,0.0,2352.7,,,,,0.0,0.0,11.6
1452.24,0.0,2352.7,,,,,0.0,0.0,11.6
1453.24,0.0,2352.7,,,,,0.0,0.0,11.6
1454.24,0.0,2352.7,,,,,0.0,0.0,11.6
1455.24,0.0,2352.7,,,,,0.0,0.0,11.6
1456.24,0.0,2352.7,,,,,0.0,0.0,11.6
1457.24,0.0,2352.7,,,,,0.0,0.0,11.6
1458.24,0.0,2352.7,,,,,0.0,0.0,11.6
1459.24,0.0,2352.7,,,,,0.0,0.0,11.6
1460.24,0.0,2352.7,,,,,0.0,0.0,11.6
1461.24,0.0,2352.7,,,,,0.0,0.0,11.6
1462.24,0.0,2352.7,,,,,0.0,0.0,11.6
1463.24,0.0,2352.7,,,,,0.0,0.0,11.6
1464.24,0.0,2352.7,,,,,0.0,0.0,11.6
1465.24,0.0,2352.7,,,,,0.0,0.0,11.6
1466.24,0.0,2352.7,,,,,0.0,0.0,11.6
1467.24,0.0,2352.7,,,,,0.0,0.0,11.6
1468.24,0.0,2352.7,,,,,0.0,0.0,11.6
1469.24,0.0,2352.7,,,,,0.0,0.0,11.6
1470.24,0.0,2352.7,,,,,0.0,0.0,11.6
1471.24,0.0,2352.7,,,,,0.0,0.0,11.4
1472.24,0.0,2352.7,,,,,0.0,0.0,11.4
1473.24,0.0,2352.7,,,,,0.0,0.0,11.4
1474.24,0.0,2352.7,,,,,0.0,0.0,11.4
1475.24,0.0,2352.7,,,,,0.0,0.0,11.8
1476.24,0.0,2352.7,,,,,0.0,0.0,11.8
1477.24,0.0,2352.7,,,,,0.0,0.0,11.8
1478.24,0.0,2352.7,,,,,0.0,0.0,11.8
1479.24,0.0,2352.7,,,,,0.0,0.0,11.8
1480.24,0.0,2352.7,,,,,0.0,0.0,11.8
1481.24,0.0,2352.7,,,,,0.0,0.0,11.8
1482.24,0.0,2352.7,,,,,0.0,0.0,11.8
1483.24,0.0,2352.7,,,,,0.0,0.0,11.8
1484.24,0.0,2352.7,,,,,0.0,0.0,11.8
1485.24,0.0,2352.7,,,,,0.0,0.0,11.8
1486.24,0.0,2352.7,,,,,0.0,0.0,11.8
1487.24,0.0,2352.7,,,,,0.0,0.0,11.8
1488.24,0.0,2352.7,,,,,0.0,0.0,11.8
1489.24,0.0,2352.7,,,,,0.0,0.0,11.8
1490.24,0.0,2352.7,,,,,0.0,0.0,11.8
1491.24,0.0,2352.7,,,,,0.0,0.0,11.8
1492.24,0.0,2352.7,,,,,0.0,0.0,11.8
1493.24,0.0,2352.7,,,,,0.0,0.0,11.8
1494.24,0.0,2352.7,,,,,0.0,0.0,11.8
1495.24,0.0,2352.7,,,,,0.0,0.0,11.8
1496.24,0.0,2352.7,,,,,0.0,0.0,11.8
1497.24,0.0,2352.7,,,,,0.0,0.0,11.8
1498.24,0.0,2352.7,,,,,0.0,0.0,11.8
1499.24,0.0,2352.7,,,,,0.0,0.0,11.8
1500.24,0.0,2352.7,,,,,0.0,0.0,11.8
1501.24,0.0,2352.7,,,,,0.0,0.0,11.8
1502.24,0.0,2352.7,,,,,0.0,0.0,11.8
1503.24,0.0,2352.7,,,,,0.0,0.0,11.8
1504.24,0.0,2352.7,,,,,0.0,0.0,11.8
1505.24,0.0,2352.7,,,,,0.0,0.0,11.8
1506.24,0.0,2352.7,,,,,0.0,0.0,11.8
1507.24,0.0,2352.7,,,,,0.0,0.0,11.8
1508.24,0.0,2352.7,,,,,0.0,0.0,11.8
1509.24,0.0,2352.7,,,,,0.0,0.0,11.8
1510.24,0.0,2352.7,,,,,0.0,0.0,11.8
1511.24,0.0,2352.7,,,,,0.0,0.0,11.8
1512.24,0.0,2352.7,,,,,0.0,0.0,11.8
1513.24,0.0,2352.7,,,,,0.0,0.0,11.8
1514.25,0.0,2352.7,,,,,0.0,0.0,11.8
1515.25,0.0,2352.7,,,,,0.0,0.0,11.6
1516.25,0.0,2352.7,,,,,0.0,0.0,11.6
1517.25,0.0,2352.7,,,,,0.0,0.0,11.6
1518.25,0.0,2352.7,,,,,0.0,0.0,11.6
1519.25,0.0,2352.7,,,,,0.0,0.0,11.6
1520.25,0.0,2352.7,,,,,0.0,0.0,11.6
1521.25,0.0,2352.7,,,,,0.0,0.0,11.6
1522.25,0.0,2352.7,,,,,0.0,0.0,11.6
1523.25,0.0,2352.7,,,,,0.0,0.0,11.6
1524.25,0.0,2352.7,,,,,0.0,0.0,11.6
1525.25,0.0,2352.7,,,,,0.0,0.0,11.6
1526.25,0.0,2352.7,,,,,0.0,0.0,11.6
1527.25,0.0,2352.7,,,,,0.0,0.0,11.6
1528.25,0.0,2352.7,,,,,0.0,0.0,11.6
1529.25,0.0,2352.7,,,,,0.0,0.0,11.6
1530.25,0.0,2352.7,,,,,0.0,0.0,11.6
1531.25,0.0,2352.7,,,,,0.0,0.0,11.6
1532.25,0.0,2352.7,,,,,0.0,0.0,11.6
1533.25,0.0,2352.7,,,,,0.0,0.0,11.6
1534.25,0.0,2352.7,,,,,0.0,0.0,11.6
1535.25,0.0,2352.7,,,,,0.0,0.0,11.8
1536.25,0.0,2352.7,,,,,0.0,0.0,11.8
1537.25,0.0,2352.7,,,,,0.0,0.0,11.8
1538.25,0.0,2352.7,,,,,0.0,0.0,11.8
1539.25,0.0,2352.7,,,,,0.0,0.0,11.8
1540.25,0.0,2352.7,,,,,0.0,0.0,11.8
1541.25,0.0,2352.7,,,,,0.0,0.0,11.8
1542.25,0.0,2352.7,,,,,0.0,0.0,11.8
1543.25,0.0,2352.7,,,,,0.0,0.0,11.8
1544.25,0.0,2352.7,,,,,0.0,0.0,11.8
1545.25,0.0,2352.7,,,,,0.0,0.0,11.8
1546.25,0.0,2352.7,,,,,0.0,0.0,11.8
1547.25,0.0,2352.7,,,,,0.0,0.0,11.8
1548.25,0.0,2352.7,,,,,0.0,0.0,11.8
1549.25,0.0,2352.7,,,,,0.0,0.0,11.8
1550.25,0.0,2352.7,,,,,0.0,0.0,11.8
1551.25,0.0,2352.7,,,,,0.0,0.0,11.8
1552.25,0.0,2352.7,,,,,0.0,0.0,11.8
1553.25,0.0,2352.7,,,,,0.0,0.0,11.8
1554.25,0.0,2352.7,,,,,0.0,0.0,11.8
1555.25,0.0,2352.7,,,,,0.0,0.0,11.8
1556.25,0.0,2352.7,,,,,0.0,0.0,11.8
1557.25,0.0,2352.7,,,,,0.0,0.0,11.8
1558.25,0.0,2352.7,,,,,0.0,0.0,11.8
1559.25,0.0,2352.7,,,,,0.0,0.0,11.8
1560.25,0.0,2352.7,,,,,0.0,0.0,11.8
1561.25,0.0,2352.7,,,,,0.0,0.0,11.8
1562.25,0.0,2352.7,,,,,0.0,0.0,11.8
1563.25,0.0,2352.7,,,,,0.0,0.0,11.8
1564.25,0.0,2352.7,,,,,0.0,0.0,11.8
1565.25,0.0,2352.7,,,,,0.0,0.0,11.8
1566.25,0.0,2352.7,,,,,0.0,0.0,11.8
1567.25,0.0,2352.7,,,,,0.0,0.0,11.8
1568.25,0.0,2352.7,,,,,0.0,0.0,11.8
1569.25,0.0,2352.7,,,,,0.0,0.0,11.8
1570.26,0.0,2352.7,,,,,0.0,0.0,11.8
1571.26,0.0,2352.7,,,,,0.0,0.0,11.8
1572.26,0.0,2352.7,,,,,0.0,0.0,11.8
1573.26,0.0,2352.7,,,,,0.0,0.0,11.8
1574.26,0.0,2352.7,,,,,0.0,0.0,11.8
1575.26,0.0,2352.7,,,,,0.0,0.0,11.8
1576.26,0.0,2352.7,,,,,0.0,0.0,11.8
1577.26,0.0,2352.7,,,,,0.0,0.0,11.8
1578.26,0.0,2352.7,,,,,0.0,0.0,11.8
1579.26,0.0,2352.7,,,,,0.0,0.0,11.8
1580.26,0.0,2352.7,,,,,0.0,0.0,11.8
1581.26,0.0,2352.7,,,,,0.0,0.0,11.8
1582.26,0.0,2352.7,,,,,0.0,0.0,11.8
1583.26,0.0,2352.7,,,,,0.0,0.0,11.8
1584.26,0.0,2352.7,,,,,0.0,0.0,11.8
1585.26,0.0,2352.7,,,,,0.0,0.0,11.7
1586.26,0.0,2352.7,,,,,0.0,0.0,11.7
1587.26,0.0,2352.7,,,,,0.0,0.0,11.7
1588.26,0.0,2352.7,,,,,0.0,0.0,11.7
1589.26,0.0,2352.7,,,,,0.0,0.0,11.7
1590.26,0.0,2352.7,,,,,0.0,0.0,11.7
1591.26,0.0,2352.7,,,,,0.0,0.0,11.7
1592.26,0.0,2352.7,,,,,0.0,0.0,11.7
1593.26,0.0,2352.7,,,,,0.0,0.0,11.7
1594.26,0.0,2352.7,,,,,0.0,0.0,11.7
1595.26,0.0,2352.7,,,,,0.0,0.0,11.7
1596.26,0.0,2352.7,,,,,0.0,0.0,11.7
1597.26,0.0,2352.7,,,,,0.0,0.0,11.7
1598.26,0.0,2352.7,,,,,0.0,0.0,11.7
1599.26,0.0,2352.7,,,,,0.0,0.0,11.7
1600.26,0.0,2352.7,,,,,0.0,0.0,11.7
1601.26,0.0,2352.7,,,,,0.0,0.0,11.7
1602.26,0.0,2352.7,,,,,0.0,0.0,11.7
1603.26,0.0,2352.7,,,,,0.0,0.0,11.7
1604.26,0.0,2352.7,,,,,0.0,0.0,11.7
1605.26,0.0,2352.7,,,,,0.0,0.0,11.7
1606.26,0.0,2352.7,,,,,0.0,0.0,11.7
1607.26,0.0,2352.7,,,,,0.0,0.0,11.7
1608.26,0.0,2352.7,,,,,0.0,0.0,11.7
1609.26,0.0,2352.7,,,,,0.0,0.0,11.7
1610.26,0.0,2352.7,,,,,0.0,0.0,11.7
1611.26,0.0,2352.7,,,,,0.0,0.0,11.7
1612.26,0.0,2352.7,,,,,0.0,0.0,11.7
1613.26,0.0,2352.7,,,,,0.0,0.0,11.7
1614.26,0.0,2352.7,,,,,0.0,0.0,11.7
1615.26,0.0,2352.7,,,,,0.0,0.0,11.7
1616.26,0.0,2352.7,,,,,0.0,0.0,11.7
1617.26,0.0,2352.7,,,,,0.0,0.0,11.7
1618.26,0.0,2352.7,,,,,0.0,0.0,11.7
1619.26,0.0,2352.7,,,,,0.0,0.0,11.7
1620.26,0.0,2352.7,,,,,0.0,0.0,11.7
1621.26,0.0,2352.7,,,,,0.0,0.0,11.7
1622.26,0.0,2352.7,,,,,0.0,0.0,11.7
1623.26,0.0,2352.7,,,,,0.0,0.0,11.7
1624.26,0.0,2352.7,,,,,0.0,0.0,11.7
1625.26,0.0,2352.7,,,,,0.0,0.0,11.7
1626.26,0.0,2352.7,,,,,0.0,0.0,11.7
1627.26,0.0,2352.7,,,,,0.0,0.0,11.7
1628.27,0.0,2352.7,,,,,0.0,0.0,11.7
1629.27,0.0,2352.7,,,,,0.0,0.0,11.7
1630.27,0.0,2352.7,,,,,0.0,0.0,11.7
1631.27,0.0,2352.7,,,,,0.0,0.0,11.7
1632.27,0.0,2352.7,,,,,0.0,0.0,11.7
1633.27,0.0,2352.7,,,,,0.0,0.0,11.7
1634.27,0.0,2352.7,,,,,0.0,0.0,11.7
1635.27,0.0,2352.7,,,,,0.0,0.0,11.7
1636.27,0.0,2352.7,,,,,0.0,0.0,11.7
1637.27,0.0,2352.7,,,,,0.0,0.0,11.7
1638.27,0.0,2352.7,,,,,0.0,0.0,11.7
1639.27,0.0,2352.7,,,,,0.0,0.0,11.7
1640.27,0.0,2352.7,,,,,0.0,0.0,11.7
1641.27,0.0,2352.7,,,,,0.0,0.0,11.7
1642.27,0.0,2352.7,,,,,0.0,0.0,11.7
1643.27,0.0,2352.7,,,,,0.0,0.0,11.7
1644.27,0.0,2352.7,,,,,0.0,0.0,11.7
1645.27,0.0,2352.7,,,,,0.0,0.0,11.7
1646.27,0.0,2352.7,,,,,0.0,0.0,11.7
1647.27,0.0,2352.7,,,,,0.0,0.0,11.7
1648.27,0.0,2352.7,,,,,0.0,0.0,11.7
1649.27,0.0,2352.7,,,,,0.0,0.0,11.7
1650.27,0.0,2352.7,,,,,0.0,0.0,11.7
1651.27,0.0,2352.7,,,,,0.0,0.0,11.7
1652.27,0.0,2352.7,,,,,0.0,0.0,11.7
1653.27,0.0,2352.7,,,,,0.0,0.0,11.7
1654.27,0.0,2352.7,,,,,0.0,0.0,11.7
1655.27,0.0,2352.7,,,,,0.0,0.0,11.7
1656.27,0.0,2352.7,,,,,0.0,0.0,11.7
1657.27,0.0,2352.7,,,,,0.0,0.0,11.7
1658.27,0.0,2352.7,,,,,0.0,0.0,11.7
1659.27,0.0,2352.7,,,,,0.0,0.0,11.7
1660.27,0.0,2352.7,,,,,0.0,0.0,11.7
1661.27,0.0,2352.7,,,,,0.0,0.0,11.7
1662.27,0.0,2352.7,,,,,0.0,0.0,11.7
1663.27,0.0,2352.7,,,,,0.0,0.0,11.7
1664.27,0.0,2352.7,,,,,0.0,0.0,11.7
1665.27,0.0,2352.7,,,,,0.0,0.0,11.7
1666.27,0.0,2352.7,,,,,0.0,0.0,11.7
1667.27,0.0,2352.7,,,,,0.0,0.0,11.7
1668.27,0.0,2352.7,,,,,0.0,0.0,11.7
1669.27,0.0,2352.7,,,,,0.0,0.0,11.7
1670.27,0.0,2352.7,,,,,0.0,0.0,11.7
1671.27,0.0,2352.7,,,,,0.0,0.0,11.7
1672.27,0.0,2352.7,,,,,0.0,0.0,11.7
1673.27,0.0,2352.7,,,,,0.0,0.0,11.7
1674.27,0.0,2352.7,,,,,0.0,0.0,11.7
1675.27,0.0,2352.7,,,,,0.0,0.0,9.4
1676.27,0.0,2352.7,,,,,0.0,0.0,9.4
1677.27,0.0,2352.7,,,,,0.0,0.0,9.4
1678.27,0.0,2352.7,,,,,0.0,0.0,9.4
1679.27,0.0,2352.7,,,,,0.0,0.0,9.4
1680.27,0.0,2352.7,,,,,0.0,0.0,9.4
1681.27,0.0,2352.7,,,,,0.0,0.0,9.4
1682.27,0.0,2352.7,,,,,0.0,0.0,9.4
1683.27,0.0,2352.7,,,,,0.0,0.0,9.4
1684.27,0.0,2352.7,,,,,0.0,0.0,9.4
1685.27,0.0,2352.7,,,,,0.0,0.0,9.4
1686.28,0.0,2352.7,,,,,0.0,0.0,9.4
1687.28,0.0,2352.7,,,,,0.0,0.0,9.4
1688.28,0.0,2352.7,,,,,0.0,0.0,9.4
1689.28,0.0,2352.7,,,,,0.0,0.0,9.4
1690.28,0.0,2352.7,,,,,0.0,0.0,9.4
1691.28,0.0,2352.7,,,,,0.0,0.0,9.4
1692.28,0.0,2352.7,,,,,0.0,0.0,9.4
1693.28,0.0,2352.7,,,,,0.0,0.0,9.4
1694.28,0.0,2352.7,,,,,0.0,0.0,9.4
1695.28,0.0,2352.7,,,,,0.0,0.0,9.4
1696.28,0.0,2352.7,,,,,0.0,0.0,9.4
1697.28,0.0,2352.7,,,,,0.0,0.0,9.4
1698.28,0.0,2352.7,,,,,0.0,0.0,9.4
1699.28,0.0,2352.7,,,,,0.0,0.0,9.4
1700.28,0.0,2352.7,,,,,0.0,0.0,9.4
1701.28,0.0,2352.7,,,,,0.0,0.0,9.4
1702.28,0.0,2352.7,,,,,0.0,0.0,9.4
1703.28,0.0,2352.7,,,,,0.0,0.0,9.4
1704.28,0.0,2352.7,,,,,0.0,0.0,9.4
1705.28,0.0,2352.7,,,,,0.0,0.0,9.4
1706.28,0.0,2352.7,,,,,0.0,0.0,9.4
1707.28,0.0,2352.7,,,,,0.0,0.0,9.4
1708.28,0.0,2352.7,,,,,0.0,0.0,9.4
1709.28,0.0,2352.7,,,,,0.0,0.0,9.4
1710.28,0.0,2352.7,,,,,0.0,0.0,9.4
1711.28,0.0,2352.7,,,,,0.0,0.0,9.4
1712.28,0.0,2352.7,,,,,0.0,0.0,9.4
1713.28,0.0,2352.7,,,,,0.0,0.0,9.4
1714.28,0.0,2352.7,,,,,0.0,0.0,9.4
1715.28,0.0,2352.7,,,,,0.0,0.0,9.4
1716.28,0.0,2352.7,,,,,0.0,0.0,9.4
1717.28,0.0,2352.7,,,,,0.0,0.0,9.4
1718.28,0.0,2352.7,,,,,0.0,0.0,9.4
1719.28,0.0,2352.7,,,,,0.0,0.0,9.4
1720.28,0.0,2352.7,,,,,0.0,0.0,9.4
1721.28,0.0,2352.7,,,,,0.0,0.0,9.4
1722.28,0.0,2352.7,,,,,0.0,0.0,9.4
1723.28,0.0,2352.7,,,,,0.0,0.0,9.4
1724.28,0.0,2352.7,,,,,0.0,0.0,9.4
1725.28,0.0,2352.7,,,,,0.0,0.0,9.4
1726.28,0.0,2352.7,,,,,0.0,0.0,9.4
1727.28,0.0,2352.7,,,,,0.0,0.0,9.4
1728.28,0.0,2352.7,,,,,0.0,0.0,9.4
1729.28,0.0,2352.7,,,,,0.0,0.0,9.4
1730.28,0.0,2352.7,,,,,0.0,0.0,9.4
1731.28,0.0,2352.7,,,,,0.0,0.0,9.4
1732.28,0.0,2352.7,,,,,0.0,0.0,9.4
1733.28,0.0,2352.7,,,,,0.0,0.0,9.4
1734.28,0.0,2352.7,,,,,0.0,0.0,9.4
1735.28,0.0,2352.7,,,,,0.0,0.0,9.4
1736.28,0.0,2352.7,,,,,0.0,0.0,9.4
1737.28,0.0,2352.7,,,,,0.0,0.0,9.4
1738.28,0.0,2352.7,,,,,0.0,0.0,9.4
1739.28,0.0,2352.7,,,,,0.0,0.0,9.4
1740.28,0.0,2352.7,,,,,0.0,0.0,9.4
1741.28,0.0,2352.7,,,,,0.0,0.0,9.4
1742.28,0.0,2352.7,,,,,0.0,0.0,9.4
1743.28,0.0,2352.7,,,,,0.0,0.0,9.4
1744.28,0.0,2352.7,,,,,0.0,0.0,9.4
1745.28,0.0,2352.7,,,,,0.0,0.0,9.4
1746.28,0.0,2352.7,,,,,0.0,0.0,9.4
1747.28,0.0,2352.7,,,,,0.0,0.0,9.4
1748.28,0.0,2352.7,,,,,0.0,0.0,9.4
1749.28,0.0,2352.7,,,,,0.0,0.0,9.4
1750.28,0.0,2352.7,,,,,0.0,0.0,9.4
1751.29,0.0,2352.7,,,,,0.0,0.0,9.4
1752.29,0.0,2352.7,,,,,0.0,0.0,9.4
1753.29,0.0,2352.7,,,,,0.0,0.0,9.4
1754.29,0.0,2352.7,,,,,0.0,0.0,9.4
1755.29,0.0,2352.7,,,,,0.0,0.0,9.4
1756.29,0.0,2352.7,,,,,0.0,0.0,9.4
1757.29,0.0,2352.7,,,,,0.0,0.0,9.4
1758.29,0.0,2352.7,,,,,0.0,0.0,9.4
1759.29,0.0,2352.7,,,,,0.0,0.0,9.4
1760.29,0.0,2352.7,,,,,0.0,0.0,9.4
1761.29,0.0,2352.7,,,,,0.0,0.0,9.4
1762.29,0.0,2352.7,,,,,0.0,0.0,9.4
1763.29,0.0,2352.7,,,,,0.0,0.0,9.4
1764.29,0.0,2352.7,,,,,0.0,0.0,9.4
1765.29,0.0,2352.7,,,,,0.0,0.0,9.4
1766.29,0.0,2352.7,,,,,0.0,0.0,9.4
1767.29,0.0,2352.7,,,,,0.0,0.0,9.4
1768.29,0.0,2352.7,,,,,0.0,0.0,9.4
1769.29,0.0,2352.7,,,,,0.0,0.0,9.4
1770.29,0.0,2352.7,,,,,0.0,0.0,9.4
1771.29,0.0,2352.7,,,,,0.0,0.0,9.4
1772.29,0.0,2352.7,,,,,0.0,0.0,9.4
1773.29,0.0,2352.7,,,,,0.0,0.0,9.4
1774.29,0.0,2352.7,,,,,0.0,0.0,9.4
1775.29,0.0,2352.7,,,,,0.0,0.0,9.4
1776.29,0.0,2352.7,,,,,0.0,0.0,9.4
1777.29,0.0,2352.7,,,,,0.0,0.0,9.4
1778.29,0.0,2352.7,,,,,0.0,0.0,9.4
1779.29,0.0,2352.7,,,,,0.0,0.0,9.4
1780.29,0.0,2352.7,,,,,0.0,0.0,9.4
1781.29,0.0,2352.7,,,,,0.0,0.0,9.4
1782.29,0.0,2352.7,,,,,0.0,0.0,9.4
1783.29,0.0,2352.7,,,,,0.0,0.0,9.4
1784.29,0.0,2352.7,,,,,0.0,0.0,9.4
1785.29,0.0,2352.7,,,,,0.0,0.0,9.4
1786.29,0.0,2352.7,,,,,0.0,0.0,9.4
1787.29,0.0,2352.7,,,,,0.0,0.0,9.4
1788.29,0.0,2352.7,,,,,0.0,0.0,9.4
1789.29,0.0,2352.7,,,,,0.0,0.0,9.4
1790.29,0.0,2352.7,,,,,0.0,0.0,9.4
1791.29,0.0,2352.7,,,,,0.0,0.0,9.4
1792.29,0.0,2352.7,,,,,0.0,0.0,9.4
1793.29,0.0,2352.7,,,,,0.0,0.0,9.4
1794.29,0.0,2352.7,,,,,0.0,0.0,9.4
1795.29,0.0,2352.7,,,,,0.0,0.0,9.4
1796.29,0.0,2352.7,,,,,0.0,0.0,9.4
1797.29,0.0,2352.7,,,,,0.0,0.0,9.4
1798.29,0.0,2352.7,,,,,0.0,0.0,9.4
1799.29,0.0,2352.7,,,,,0.0,0.0,9.4
1800.29,0.0,2352.7,,,,,0.0,0.0,9.4
1801.29,0.0,2352.7,,,,,0.0,0.0,9.4
1802.29,0.0,2352.7,,,,,0.0,0.0,9.4
1803.29,0.0,2352.7,,,,,0.0,0.0,9.4
1804.29,0.0,2352.7,,,,,0.0,0.0,9.4
1805.29,0.0,2352.7,,,,,0.0,0.0,9.4
1806.29,0.0,2352.7,,,,,0.0,0.0,9.4
1807.29,0.0,2352.7,,,,,0.0,0.0,9.4
1808.29,0.0,2352.7,,,,,0.0,0.0,9.4
1809.29,0.0,2352.7,,,,,0.0,0.0,9.4
1810.29,0.0,2352.7,,,,,0.0,0.0,9.4
1811.29,0.0,2352.7,,,,,0.0,0.0,9.4
1812.3,0.0,2352.7,,,,,0.0,0.0,9.4
1813.3,0.0,2352.7,,,,,0.0,0.0,9.4
1814.3,0.0,2352.7,,,,,0.0,0.0,9.4
1815.3,0.0,2352.7,,,,,0.0,0.0,9.4
1816.3,0.0,2352.7,,,,,0.0,0.0,9.4
1817.3,0.0,2352.7,,,,,0.0,0.0,9.4
1818.3,0.0,2352.7,,,,,0.0,0.0,9.4
1819.3,0.0,2352.7,,,,,0.0,0.0,9.4
1820.3,0.0,2352.7,,,,,0.0,0.0,9.4
1821.3,0.0,2352.7,,,,,0.0,0.0,9.4
1822.3,0.0,2352.7,,,,,0.0,0.0,9.4
1823.3,0.0,2352.7,,,,,0.0,0.0,9.4
1824.3,0.0,2352.7,,,,,0.0,0.0,9.4
1825.3,0.0,2352.7,,,,,0.0,0.0,9.4
1826.3,0.0,2352.7,,,,,0.0,0.0,9.4
1827.3,0.0,2352.7,,,,,0.0,0.0,9.4
1828.3,0.0,2352.7,,,,,0.0,0.0,9.4
1829.3,0.0,2352.7,,,,,0.0,0.0,9.4
1830.3,0.0,2352.7,,,,,0.0,0.0,9.4
1831.3,0.0,2352.7,,,,,0.0,0.0,9.4
1832.3,0.0,2352.7,,,,,0.0,0.0,9.4
1833.3,0.0,2352.7,,,,,0.0,0.0,9.4
1834.3,0.0,2352.7,,,,,0.0,0.0,9.4
1835.3,0.0,2352.7,,,,,0.0,0.0,9.4
1836.3,0.0,2352.7,,,,,0.0,0.0,9.4
1837.3,0.0,2352.7,,,,,0.0,0.0,9.4
1838.3,0.0,2352.7,,,,,0.0,0.0,9.4
1839.3,0.0,2352.7,,,,,0.0,0.0,9.4
1840.3,0.0,2352.7,,,,,0.0,0.0,9.4
1841.3,0.0,2352.7,,,,,0.0,0.0,9.4
1842.3,0.0,2352.7,,,,,0.0,0.0,9.4
1843.3,0.0,2352.7,,,,,0.0,0.0,9.4
1844.3,0.0,2352.7,,,,,0.0,0.0,9.4
1845.3,0.0,2352.7,,,,,0.0,0.0,9.4
1846.3,0.0,2352.7,,,,,0.0,0.0,9.4
1847.3,0.0,2352.7,,,,,0.0,0.0,9.4
1848.3,0.0,2352.7,,,,,0.0,0.0,9.4
1849.3,0.0,2352.7,,,,,0.0,0.0,9.4
1850.3,0.0,2352.7,,,,,0.0,0.0,9.4
1851.3,0.0,2352.7,,,,,0.0,0.0,9.4
1852.3,0.0,2352.7,,,,,0.0,0.0,9.4
1853.3,0.0,2352.7,,,,,0.0,0.0,9.4
1854.3,0.0,2352.7,,,,,0.0,0.0,9.4
1855.3,0.0,2352.7,,,,,0.0,0.0,9.4
1856.3,0.0,2352.7,,,,,0.0,0.0,9.4
1857.3,0.0,2352.7,,,,,0.0,0.0,9.4
1858.3,0.0,2352.7,,,,,0.0,0.0,9.4
1859.3,0.0,2352.7,,,,,0.0,0.0,9.4
1860.3,0.0,2352.7,,,,,0.0,0.0,9.4
1861.3,0.0,2352.7,,,,,0.0,0.0,9.4
1862.3,0.0,2352.7,,,,,0.0,0.0,9.4
1863.3,0.0,2352.7,,,,,0.0,0.0,9.4
1864.3,0.0,2352.7,,,,,0.0,0.0,9.4
1865.3,0.0,2352.7,,,,,0.0,0.0,9.4
1866.3,0.0,2352.7,,,,,0.0,0.0,9.4
1867.3,0.0,2352.7,,,,,0.0,0.0,9.4
1868.3,0.0,2352.7,,,,,0.0,0.0,9.4
1869.3,0.0,2352.7,,,,,0.0,0.0,9.4
1870.3,0.0,2352.7,,,,,0.0,0.0,9.4
1871.3,0.0,2352.7,,,,,0.0,0.0,9.4
1872.3,0.0,2352.7,,,,,0.0,0.0,9.4
1873.3,0.0,2352.7,,,,,0.0,0.0,9.4
1874.3,0.0,2352.7,,,,,0.0,0.0,9.4
1875.31,0.0,2352.7,,,,,0.0,0.0,9.4
1876.31,0.0,2352.7,,,,,0.0,0.0,9.4
1877.31,0.0,2352.7,,,,,0.0,0.0,9.4
1878.31,0.0,2352.7,,,,,0.0,0.0,9.4
1879.31,0.0,2352.7,,,,,0.0,0.0,9.4
1880.31,0.0,2352.7,,,,,0.0,0.0,9.4
1881.31,0.0,2352.7,,,,,0.0,0.0,9.4
1882.31,0.0,2352.7,,,,,0.0,0.0,9.4
1883.31,0.0,2352.7,,,,,0.0,0.0,9.4
1884.31,0.0,2352.7,,,,,0.0,0.0,9.4
1885.31,0.0,2352.7,,,,,0.0,0.0,9.4
1886.31,0.0,2352.7,,,,,0.0,0.0,9.4
1887.31,0.0,2352.7,,,,,0.0,0.0,9.4
1888.31,0.0,2352.7,,,,,0.0,0.0,9.4
1889.31,0.0,2352.7,,,,,0.0,0.0,9.4
1890.31,0.0,2352.7,,,,,0.0,0.0,9.4
1891.31,0.0,2352.7,,,,,0.0,0.0,9.4
1892.31,0.0,2352.7,,,,,0.0,0.0,9.4
1893.31,0.0,2352.7,,,,,0.0,0.0,9.4
1894.31,0.0,2352.7,,,,,0.0,0.0,9.4
1895.31,0.0,2352.7,,,,,0.0,0.0,9.4
1896.31,0.0,2352.7,,,,,0.0,0.0,9.4
1897.31,0.0,2352.7,,,,,0.0,0.0,9.4
1898.31,0.0,2352.7,,,,,0.0,0.0,9.4
1899.31,0.0,2352.7,,,,,0.0,0.0,9.4
1900.31,0.0,2352.7,,,,,0.0,0.0,9.4
1901.31,0.0,2352.7,,,,,0.0,0.0,9.4
1902.31,0.0,2352.7,,,,,0.0,0.0,9.4
1903.31,0.0,2352.7,,,,,0.0,0.0,9.4
1904.31,0.0,2352.7,,,,,0.0,0.0,9.4
1905.31,0.0,2352.7,,,,,0.0,0.0,9.4
1906.31,0.0,2352.7,,,,,0.0,0.0,9.4
1907.31,0.0,2352.7,,,,,0.0,0.0,9.4
1908.31,0.0,2352.7,,,,,0.0,0.0,9.4
1909.31,0.0,2352.7,,,,,0.0,0.0,9.4
1910.31,0.0,2352.7,,,,,0.0,0.0,9.4
1911.31,0.0,2352.7,,,,,0.0,0.0,9.4
1912.31,0.0,2352.7,,,,,0.0,0.0,9.4
1913.31,0.0,2352.7,,,,,0.0,0.0,9.4
1914.31,0.0,2352.7,,,,,0.0,0.0,9.4
1915.31,0.0,2352.7,,,,,0.0,0.0,9.4
1916.31,0.0,2352.7,,,,,0.0,0.0,9.4
1917.31,0.0,2352.7,,,,,0.0,0.0,9.4
1918.31,0.0,2352.7,,,,,0.0,0.0,9.2
1919.31,0.0,2352.7,,,,,0.0,0.0,9.2
1920.31,0.0,2352.7,,,,,0.0,0.0,9.2
1921.31,0.0,2352.7,,,,,0.0,0.0,9.2
1922.31,0.0,2352.7,,,,,0.0,0.0,9.2
1923.31,0.0,2352.7,,,,,0.0,0.0,9.2
1924.31,0.0,2352.7,,,,,0.0,0.0,9.2
1925.31,0.0,2352.7,,,,,0.0,0.0,9.2
1926.31,0.0,2352.7,,,,,0.0,0.0,9.2
1927.31,0.0,2352.7,,,,,0.0,0.0,9.2
1928.31,0.0,2352.7,,,,,0.0,0.0,9.2
1929.31,0.0,2352.7,,,,,0.0,0.0,9.2
1930.31,0.0,2352.7,,,,,0.0,0.0,9.2
1931.31,0.0,2352.7,,,,,0.0,0.0,9.2
1932.31,0.0,2352.7,,,,,0.0,0.0,9.2
1933.31,0.0,2352.7,,,,,0.0,0.0,9.2
1934.32,0.0,2352.7,,,,,0.0,0.0,9.2
1935.32,0.0,2352.7,,,,,0.0,0.0,9.2
1936.32,0.0,2352.7,,,,,0.0,0.0,9.2
1937.32,0.0,2352.7,,,,,0.0,0.0,9.2
1938.32,0.0,2352.7,,,,,0.0,0.0,9.2
1939.32,0.0,2352.7,,,,,0.0,0.0,9.2
1940.32,0.0,2352.7,,,,,0.0,0.0,9.2
1941.32,0.0,2352.7,,,,,0.0,0.0,9.2
1942.32,0.0,2352.7,,,,,0.0,0.0,9.2
1943.32,0.0,2352.7,,,,,0.0,0.0,9.2
1944.32,0.0,2352.7,,,,,0.0,0.0,9.2
1945.32,0.0,2352.7,,,,,0.0,0.0,9.2
1946.32,0.0,2352.7,,,,,0.0,0.0,9.2
1947.32,0.0,2352.7,,,,,0.0,0.0,9.2
1948.32,0.0,2352.7,,,,,0.0,0.0,9.2
1949.32,0.0,2352.7,,,,,0.0,0.0,9.2
1950.32,0.0,2352.7,,,,,0.0,0.0,9.2
1951.32,0.0,2352.7,,,,,0.0,0.0,9.2
1952.32,0.0,2352.7,,,,,0.0,0.0,9.2
1953.32,0.0,2352.7,,,,,0.0,0.0,9.2
1954.32,0.0,2352.7,,,,,0.0,0.0,9.2
1955.32,0.0,2352.7,,,,,0.0,0.0,9.2
1956.32,0.0,2352.7,,,,,0.0,0.0,9.2
1957.32,0.0,2352.7,,,,,0.0,0.0,9.2
1958.32,0.0,2352.7,,,,,0.0,0.0,9.2
1959.32,0.0,2352.7,,,,,0.0,0.0,9.2
1960.32,0.0,2352.7,,,,,0.0,0.0,9.2
1961.32,0.0,2352.7,,,,,0.0,0.0,9.2
1962.32,0.0,2352.7,,,,,0.0,0.0,9.2
1963.32,0.0,2352.7,,,,,0.0,0.0,9.2
1964.32,0.0,2352.7,,,,,0.0,0.0,9.2
1965.32,0.0,2352.7,,,,,0.0,0.0,9.2
1966.32,0.0,2352.7,,,,,0.0,0.0,9.2
1967.32,0.0,2352.7,,,,,0.0,0.0,9.2
1968.32,0.0,2352.7,,,,,0.0,0.0,9.2
1969.32,0.0,2352.7,,,,,0.0,0.0,9.2
1970.32,0.0,2352.7,,,,,0.0,0.0,9.2
1971.32,0.0,2352.7,,,,,0.0,0.0,9.2
1972.32,0.0,2352.7,,,,,0.0,0.0,9.2
1973.32,0.0,2352.7,,,,,0.0,0.0,9.2
1974.32,0.0,2352.7,,,,,0.0,0.0,9.2
1975.32,0.0,2352.7,,,,,0.0,0.0,9.2
1976.32,0.0,2352.7,,,,,0.0,0.0,9.2
1977.32,0.0,2352.7,,,,,0.0,0.0,9.2
1978.32,0.0,2352.7,,,,,0.0,0.0,9.2
1979.32,0.0,2352.7,,,,,0.0,0.0,9.2
1980.32,0.0,2352.7,,,,,0.0,0.0,9.2
1981.32,0.0,2352.7,,,,,0.0,0.0,9.2
1982.32,0.0,2352.7,,,,,0.0,0.0,9.2
1983.32,0.0,2352.7,,,,,0.0,0.0,9.2
1984.32,0.0,2352.7,,,,,0.0,0.0,9.2
1985.32,0.0,2352.7,,,,,0.0,0.0,9.2
1986.32,0.0,2352.7,,,,,0.0,0.0,9.2
1987.32,0.0,2352.7,,,,,0.0,0.0,9.2
1988.32,0.0,2352.7,,,,,0.0,0.0,9.2
1989.32,0.0,2352.7,,,,,0.0,0.0,9.2
1990.32,0.0,2352.7,,,,,0.0,0.0,9.2
1991.32,0.0,2352.7,,,,,0.0,0.0,9.2
1992.32,0.0,2352.7,,,,,0.0,0.0,9.2
1993.32,0.0,2352.7,,,,,0.0,0.0,9.2
1994.32,0.0,2352.7,,,,,0.0,0.0,9.2
1995.32,0.0,2352.7,,,,,0.0,0.0,9.2
1996.32,0.0,2352.7,,,,,0.0,0.0,9.2
1997.32,0.0,2352.7,,,,,0.0,0.0,9.2
1998.32,0.0,2352.7,,,,,0.0,0.0,9.2
1999.32,0.0,2352.7,,,,,0.0,0.0,9.2
2000.32,0.0,2352.7,,,,,0.0,0.0,9.2
2001.33,0.0,2352.7,,,,,0.0,0.0,9.2
2002.33,0.0,2352.7,,,,,0.0,0.0,9.2
2003.33,0.0,2352.7,,,,,0.0,0.0,9.2
2004.33,0.0,2352.7,,,,,0.0,0.0,9.2
2005.33,0.0,2352.7,,,,,0.0,0.0,9.2
2006.33,0.0,2352.7,,,,,0.0,0.0,9.2
2007.33,0.0,2352.7,,,,,0.0,0.0,9.2
2008.33,0.0,2352.7,,,,,0.0,0.0,9.2
2009.33,0.0,2352.7,,,,,0.0,0.0,9.2
2010.33,0.0,2352.7,,,,,0.0,0.0,9.2
2011.33,0.0,2352.7,,,,,0.0,0.0,9.2
2012.33,0.0,2352.7,,,,,0.0,0.0,9.2
2013.33,0.0,2352.7,,,,,0.0,0.0,9.2
2014.33,0.0,2352.7,,,,,0.0,0.0,9.2
2015.33,0.0,2352.7,,,,,0.0,0.0,9.2
2016.33,0.0,2352.7,,,,,0.0,0.0,9.2
2017.33,0.0,2352.7,,,,,0.0,0.0,9.2
2018.33,0.0,2352.7,,,,,0.0,0.0,9.2
2019.33,0.0,2352.7,,,,,0.0,0.0,9.2
2020.33,0.0,2352.7,,,,,0.0,0.0,9.2
2021.33,0.0,2352.7,,,,,0.0,0.0,9.2
2022.33,0.0,2352.7,,,,,0.0,0.0,9.2
2023.33,0.0,2352.7,,,,,0.0,0.0,9.2
2024.33,0.0,2352.7,,,,,0.0,0.0,9.2
2025.33,0.0,2352.7,,,,,0.0,0.0,9.2
2026.33,0.0,2352.7,,,,,0.0,0.0,9.2
2027.33,0.0,2352.7,,,,,0.0,0.0,9.2
2028.33,0.0,2352.7,,,,,0.0,0.0,9.2
2029.33,0.0,2352.7,,,,,0.0,0.0,9.2
2030.33,0.0,2352.7,,,,,0.0,0.0,9.2
2031.33,0.0,2352.7,,,,,0.0,0.0,9.2
2032.33,0.0,2352.7,,,,,0.0,0.0,9.2
2033.33,0.0,2352.7,,,,,0.0,0.0,9.2
2034.33,0.0,2352.7,,,,,0.0,0.0,9.2
2035.33,0.0,2352.7,,,,,0.0,0.0,9.2
2036.33,0.0,2352.7,,,,,0.0,0.0,9.2
2037.33,0.0,2352.7,,,,,0.0,0.0,9.2
2038.33,0.0,2352.7,,,,,0.0,0.0,9.2
2039.33,0.0,2352.7,,,,,0.0,0.0,9.2
2040.33,0.0,2352.7,,,,,0.0,0.0,9.2
2041.33,0.0,2352.7,,,,,0.0,0.0,9.2
2042.33,0.0,2352.7,,,,,0.0,0.0,9.2
2043.33,0.0,2352.7,,,,,0.0,0.0,9.2
2044.33,0.0,2352.7,,,,,0.0,0.0,9.2
2045.33,0.0,2352.7,,,,,0.0,0.0,9.2
2046.33,0.0,2352.7,,,,,0.0,0.0,9.2
2047.33,0.0,2352.7,,,,,0.0,0.0,9.2
2048.33,0.0,2352.7,,,,,0.0,0.0,9.2
2049.33,0.0,2352.7,,,,,0.0,0.0,9.2
2050.33,0.0,2352.7,,,,,0.0,0.0,9.2
2051.33,0.0,2352.7,,,,,0.0,0.0,9.2
2052.33,0.0,2352.7,,,,,0.0,0.0,9.2
2053.33,0.0,2352.7,,,,,0.0,0.0,9.2
2054.33,0.0,2352.7,,,,,0.0,0.0,9.2
2055.33,0.0,2352.7,,,,,0.0,0.0,9.2
2056.33,0.0,2352.7,,,,,0.0,0.0,9.2
2057.33,0.0,2352.7,,,,,0.0,0.0,9.2
2058.33,0.0,2352.7,,,,,0.0,0.0,9.2
2059.33,0.0,2352.7,,,,,0.0,0.0,9.2
2060.33,0.0,2352.7,,,,,0.0,0.0,9.2
2061.33,0.0,2352.7,,,,,0.0,0.0,9.2
2062.33,0.0,2352.7,,,,,0.0,0.0,9.2
2063.33,0.0,2352.7,,,,,0.0,0.0,9.2
2064.33,0.0,2352.7,,,,,0.0,0.0,9.2
2065.33,0.0,2352.7,,,,,0.0,0.0,9.2
2066.33,0.0,2352.7,,,,,0.0,0.0,9.2
2067.33,0.0,2352.7,,,,,0.0,0.0,9.2
2068.33,0.0,2352.7,,,,,0.0,0.0,9.2
2069.33,0.0,2352.7,,,,,0.0,0.0,9.2
2070.33,0.0,2352.7,,,,,0.0,0.0,9.2
2071.33,0.0,2352.7,,,,,0.0,0.0,9.2
2072.33,0.0,2352.7,,,,,0.0,0.0,9.2
2073.33,0.0,2352.7,,,,,0.0,0.0,9.2
2074.33,0.0,2352.7,,,,,0.0,0.0,9.2
2075.34,0.0,2352.7,,,,,0.0,0.0,9.2
2076.34,0.0,2352.7,,,,,0.0,0.0,9.2
2077.34,0.0,2352.7,,,,,0.0,0.0,9.2
2078.34,0.0,2352.7,,,,,0.0,0.0,9.2
2079.34,0.0,2352.7,,,,,0.0,0.0,9.2
2080.34,0.0,2352.7,,,,,0.0,0.0,9.2
2081.34,0.0,2352.7,,,,,0.0,0.0,9.2
2082.34,0.0,2352.7,,,,,0.0,0.0,9.2
2083.34,0.0,2352.7,,,,,0.0,0.0,9.2
2084.34,0.0,2352.7,,,,,0.0,0.0,9.2
2085.34,0.0,2352.7,,,,,0.0,0.0,9.2
2086.34,0.0,2352.7,,,,,0.0,0.0,9.2
2087.34,0.0,2352.7,,,,,0.0,0.0,9.2
2088.34,0.0,2352.7,,,,,0.0,0.0,9.2
2089.34,0.0,2352.7,,,,,0.0,0.0,9.2
2090.34,0.0,2352.7,,,,,0.0,0.0,9.2
2091.34,0.0,2352.7,,,,,0.0,0.0,9.2
2092.34,0.0,2352.7,,,,,0.0,0.0,9.2
2093.34,0.0,2352.7,,,,,0.0,0.0,9.2
2094.34,0.0,2352.7,,,,,0.0,0.0,9.2
2095.34,0.0,2352.7,,,,,0.0,0.0,9.2
2096.34,0.0,2352.7,,,,,0.0,0.0,9.2
2097.34,0.0,2352.7,,,,,0.0,0.0,9.2
2098.34,0.0,2352.7,,,,,0.0,0.0,9.2
2099.34,0.0,2352.7,,,,,0.0,0.0,9.2
2100.34,0.0,2352.7,,,,,0.0,0.0,9.2
2101.34,0.0,2352.7,,,,,0.0,0.0,9.2
2102.34,0.0,2352.7,,,,,0.0,0.0,9.2
2103.34,0.0,2352.7,,,,,0.0,0.0,9.2
2104.34,0.0,2352.7,,,,,0.0,0.0,9.2
2105.34,0.0,2352.7,,,,,0.0,0.0,9.2
2106.34,0.0,2352.7,,,,,0.0,0.0,9.2
2107.34,0.0,2352.7,,,,,0.0,0.0,9.2
2108.34,0.0,2352.7,,,,,0.0,0.0,9.2
2109.34,0.0,2352.7,,,,,0.0,0.0,9.2
2110.34,0.0,2352.7,,,,,0.0,0.0,9.2
2111.34,0.0,2352.7,,,,,0.0,0.0,9.2
2112.34,0.0,2352.7,,,,,0.0,0.0,9.2
2113.34,0.0,2352.7,,,,,0.0,0.0,9.2
2114.34,0.0,2352.7,,,,,0.0,0.0,9.2
2115.34,0.0,2352.7,,,,,0.0,0.0,9.2
2116.34,0.0,2352.7,,,,,0.0,0.0,9.2
2117.34,0.0,2352.7,,,,,0.0,0.0,9.2
2118.34,0.0,2352.7,,,,,0.0,0.0,9.2
2119.34,0.0,2352.7,,,,,0.0,0.0,9.2
2120.34,0.0,2352.7,,,,,0.0,0.0,9.2
2121.34,0.0,2352.7,,,,,0.0,0.0,9.2
2122.34,0.0,2352.7,,,,,0.0,0.0,9.2
2123.34,0.0,2352.7,,,,,0.0,0.0,9.2
2124.34,0.0,2352.7,,,,,0.0,0.0,9.2
2125.34,0.0,2352.7,,,,,0.0,0.0,9.2
2126.34,0.0,2352.7,,,,,0.0,0.0,9.2
2127.34,0.0,2352.7,,,,,0.0,0.0,9.2
2128.34,0.0,2352.7,,,,,0.0,0.0,9.2
2129.34,0.0,2352.7,,,,,0.0,0.0,9.2
2130.34,0.0,2352.7,,,,,0.0,0.0,9.2
2131.34,0.0,2352.7,,,,,0.0,0.0,9.2
2132.34,0.0,2352.7,,,,,0.0,0.0,9.2
2133.34,0.0,2352.7,,,,,0.0,0.0,9.2
2134.34,0.0,2352.7,,,,,0.0,0.0,9.2
2135.34,0.0,2352.7,,,,,0.0,0.0,9.2
2136.34,0.0,2352.7,,,,,0.0,0.0,9.2
2137.34,0.0,2352.7,,,,,0.0,0.0,9.2
2138.35,0.0,2352.7,,,,,0.0,0.0,9.2
2139.35,0.0,2352.7,,,,,0.0,0.0,9.2
2140.35,0.0,2352.7,,,,,0.0,0.0,9.2
2141.35,0.0,2352.7,,,,,0.0,0.0,9.2
2142.35,0.0,2352.7,,,,,0.0,0.0,9.2
2143.35,0.0,2352.7,,,,,0.0,0.0,9.2
2144.35,0.0,2352.7,,,,,0.0,0.0,9.2
2145.35,0.0,2352.7,,,,,0.0,0.0,9.2
2146.35,0.0,2352.7,,,,,0.0,0.0,9.2
2147.35,0.0,2352.7,,,,,0.0,0.0,9.2
2148.35,0.0,2352.7,,,,,0.0,0.0,9.2
2149.35,0.0,2352.7,,,,,0.0,0.0,9.2
2150.35,0.0,2352.7,,,,,0.0,0.0,9.2
2151.35,0.0,2352.7,,,,,0.0,0.0,9.2
2152.35,0.0,2352.7,,,,,0.0,0.0,9.2
2153.35,0.0,2352.7,,,,,0.0,0.0,9.2
2154.35,0.0,2352.7,,,,,0.0,0.0,9.2
2155.35,0.0,2352.7,,,,,0.0,0.0,9.2
2156.35,0.0,2352.7,,,,,0.0,0.0,9.2
2157.35,0.0,2352.7,,,,,0.0,0.0,9.2
2158.35,0.0,2352.7,,,,,0.0,0.0,9.2
2159.35,0.0,2352.7,,,,,0.0,0.0,9.2
2160.35,0.0,2352.7,,,,,0.0,0.0,9.2
2161.35,0.0,2352.7,,,,,0.0,0.0,9.2
2162.35,0.0,2352.7,,,,,0.0,0.0,9.2
2163.35,0.0,2352.7,,,,,0.0,0.0,9.2
2164.35,0.0,2352.7,,,,,0.0,0.0,9.2
2165.35,0.0,2352.7,,,,,0.0,0.0,9.2
2166.35,0.0,2352.7,,,,,0.0,0.0,9.2
2167.35,0.0,2352.7,,,,,0.0,0.0,9.2
2168.35,0.0,2352.7,,,,,0.0,0.0,9.2
2169.35,0.0,2352.7,,,,,0.0,0.0,9.2
2170.35,0.0,2352.7,,,,,0.0,0.0,9.2
2171.35,0.0,2352.7,,,,,0.0,0.0,9.2
2172.35,0.0,2352.7,,,,,0.0,0.0,9.2
2173.35,0.0,2352.7,,,,,0.0,0.0,9.2
2174.35,0.0,2352.7,,,,,0.0,0.0,9.2
2175.35,0.0,2352.7,,,,,0.0,0.0,9.2
2176.35,0.0,2352.7,,,,,0.0,0.0,9.2
2177.35,0.0,2352.7,,,,,0.0,0.0,9.2
2178.35,0.0,2352.7,,,,,0.0,0.0,9.2
2179.35,0.0,2352.7,,,,,0.0,0.0,9.2
2180.35,0.0,2352.7,,,,,0.0,0.0,9.2
2181.35,0.0,2352.7,,,,,0.0,0.0,9.2
2182.35,0.0,2352.7,,,,,0.0,0.0,9.2
2183.35,0.0,2352.7,,,,,0.0,0.0,9.2
2184.35,0.0,2352.7,,,,,0.0,0.0,9.2
2185.35,0.0,2352.7,,,,,0.0,0.0,9.2
2186.35,0.0,2352.7,,,,,0.0,0.0,9.2
2187.35,0.0,2352.7,,,,,0.0,0.0,9.2
2188.35,0.0,2352.7,,,,,0.0,0.0,9.2
2189.35,0.0,2352.7,,,,,0.0,0.0,9.2
2190.35,0.0,2352.7,,,,,0.0,0.0,9.2
2191.35,0.0,2352.7,,,,,0.0,0.0,9.2
2192.35,0.0,2352.7,,,,,0.0,0.0,9.2
2193.35,0.0,2352.7,,,,,0.0,0.0,9.2
2194.35,0.0,2352.7,,,,,0.0,0.0,9.2
2195.35,0.0,2352.7,,,,,0.0,0.0,9.2
2196.35,0.0,2352.7,,,,,0.0,0.0,9.2
2197.35,0.0,2352.7,,,,,0.0,0.0,9.2
2198.36,0.0,2352.7,,,,,0.0,0.0,9.2
2199.36,0.0,2352.7,,,,,0.0,0.0,9.2
2200.36,0.0,2352.7,,,,,0.0,0.0,9.2
2201.36,0.0,2352.7,,,,,0.0,0.0,9.2
2202.36,0.0,2352.7,,,,,0.0,0.0,9.2
2203.36,0.0,2352.7,,,,,0.0,0.0,9.2
2204.36,0.0,2352.7,,,,,0.0,0.0,9.2
2205.36,0.0,2352.7,,,,,0.0,0.0,9.2
2206.36,0.0,2352.7,,,,,0.0,0.0,9.2
2207.36,0.0,2352.7,,,,,0.0,0.0,9.2
2208.36,0.0,2352.7,,,,,0.0,0.0,9.2
2209.36,0.0,2352.7,,,,,0.0,0.0,9.2
2210.36,0.0,2352.7,,,,,0.0,0.0,9.2
2211.36,0.0,2352.7,,,,,0.0,0.0,9.2
2212.36,0.0,2352.7,,,,,0.0,0.0,9.2
2213.36,0.0,2352.7,,,,,0.0,0.0,9.2
2214.36,0.0,2352.7,,,,,0.0,0.0,9.2
2215.36,0.0,2352.7,,,,,0.0,0.0,9.2
2216.36,0.0,2352.7,,,,,0.0,0.0,9.2
2217.36,0.0,2352.7,,,,,0.0,0.0,9.2
2218.36,0.0,2352.7,,,,,0.0,0.0,9.2
2219.36,0.0,2352.7,,,,,0.0,0.0,9.2
2220.36,0.0,2352.7,,,,,0.0,0.0,9.2
2221.36,0.0,2352.7,,,,,0.0,0.0,9.2
2222.36,0.0,2352.7,,,,,0.0,0.0,9.2
2223.36,0.0,2352.7,,,,,0.0,0.0,9.2
2224.36,0.0,2352.7,,,,,0.0,0.0,9.2
2225.36,0.0,2352.7,,,,,0.0,0.0,9.2
2226.36,0.0,2352.7,,,,,0.0,0.0,9.2
2227.36,0.0,2352.7,,,,,0.0,0.0,9.2
2228.36,0.0,2352.7,,,,,0.0,0.0,9.2
2229.36,0.0,2352.7,,,,,0.0,0.0,9.2
2230.36,0.0,2352.7,,,,,0.0,0.0,9.2
2231.36,0.0,2352.7,,,,,0.0,0.0,9.2
2232.36,0.0,2352.7,,,,,0.0,0.0,9.2
2233.36,0.0,2352.7,,,,,0.0,0.0,9.2
2234.36,0.0,2352.7,,,,,0.0,0.0,9.2
2235.36,0.0,2352.7,,,,,0.0,0.0,9.2
2236.36,0.0,2352.7,,,,,0.0,0.0,9.2
2237.36,0.0,2352.7,,,,,0.0,0.0,9.2
2238.36,0.0,2352.7,,,,,0.0,0.0,9.2
2239.36,0.0,2352.7,,,,,0.0,0.0,9.2
2240.36,0.0,2352.7,,,,,0.0,0.0,9.2
2241.36,0.0,2352.7,,,,,0.0,0.0,9.2
2242.36,0.0,2352.7,,,,,0.0,0.0,9.2
2243.36,0.0,2352.7,,,,,0.0,0.0,9.2
2244.36,0.0,2352.7,,,,,0.0,0.0,9.2
2245.36,0.0,2352.7,,,,,0.0,0.0,9.2
2246.36,0.0,2352.7,,,,,0.0,0.0,9.2
2247.36,0.0,2352.7,,,,,0.0,0.0,9.2
2248.36,0.0,2352.7,,,,,0.0,0.0,9.2
2249.36,0.0,2352.7,,,,,0.0,0.0,9.2
2250.36,0.0,2352.7,,,,,0.0,0.0,9.2
2251.36,0.0,2352.7,,,,,0.0,0.0,9.2
2252.36,0.0,2352.7,,,,,0.0,0.0,9.2
2253.36,0.0,2352.7,,,,,0.0,0.0,9.2
2254.36,0.0,2352.7,,,,,0.0,0.0,9.2
2255.36,0.0,2352.7,,,,,0.0,0.0,9.2
2256.36,0.0,2352.7,,,,,0.0,0.0,9.2
2257.36,0.0,2352.7,,,,,0.0,0.0,9.2
2258.36,0.0,2352.7,,,,,0.0,0.0,9.2
2259.36,0.0,2352.7,,,,,0.0,0.0,9.2
2260.36,0.0,2352.7,,,,,0.0,0.0,9.2
2261.37,0.0,2352.7,,,,,0.0,0.0,9.2
2262.37,0.0,2352.7,,,,,0.0,0.0,9.2
2263.37,0.0,2352.7,,,,,0.0,0.0,9.2
2264.37,0.0,2352.7,,,,,0.0,0.0,9.2
2265.37,0.0,2352.7,,,,,0.0,0.0,9.2
2266.37,0.0,2352.7,,,,,0.0,0.0,9.2
2267.37,0.0,2352.7,,,,,0.0,0.0,9.2
2268.37,0.0,2352.7,,,,,0.0,0.0,9.2
2269.37,0.0,2352.7,,,,,0.0,0.0,9.2
2270.37,0.0,2352.7,,,,,0.0,0.0,9.2
2271.37,0.0,2352.7,,,,,0.0,0.0,9.2
2272.37,0.0,2352.7,,,,,0.0,0.0,9.2
2273.37,0.0,2352.7,,,,,0.0,0.0,9.2
2274.37,0.0,2352.7,,,,,0.0,0.0,9.2
2275.37,0.0,2352.7,,,,,0.0,0.0,9.2
2276.37,0.0,2352.7,,,,,0.0,0.0,9.2
2277.37,0.0,2352.7,,,,,0.0,0.0,9.2
2278.37,0.0,2352.7,,,,,0.0,0.0,9.2
2279.37,0.0,2352.7,,,,,0.0,0.0,9.2
2280.37,0.0,2352.7,,,,,0.0,0.0,9.2
2281.37,0.0,2352.7,,,,,0.0,0.0,9.2
2282.37,0.0,2352.7,,,,,0.0,0.0,9.2
2283.37,0.0,2352.7,,,,,0.0,0.0,9.2
2284.37,0.0,2352.7,,,,,0.0,0.0,9.2
2285.37,0.0,2352.7,,,,,0.0,0.0,9.2
2286.37,0.0,2352.7,,,,,0.0,0.0,9.2
2287.37,0.0,2352.7,,,,,0.0,0.0,9.2
2288.37,0.0,2352.7,,,,,0.0,0.0,9.2
2289.37,0.0,2352.7,,,,,0.0,0.0,9.2
2290.37,0.0,2352.7,,,,,0.0,0.0,9.2
2291.37,0.0,2352.7,,,,,0.0,0.0,9.2
2292.37,0.0,2352.7,,,,,0.0,0.0,9.2
2293.37,0.0,2352.7,,,,,0.0,0.0,9.2
2294.37,0.0,2352.7,,,,,0.0,0.0,9.2
2295.37,0.0,2352.7,,,,,0.0,0.0,9.2
2296.37,0.0,2352.7,,,,,0.0,0.0,9.2
2297.37,0.0,2352.7,,,,,0.0,0.0,9.2
2298.37,0.0,2352.7,,,,,0.0,0.0,9.2
2299.37,0.0,2352.7,,,,,0.0,0.0,9.2
2300.37,0.0,2352.7,,,,,0.0,0.0,9.2
2301.37,0.0,2352.7,,,,,0.0,0.0,9.2
2302.37,0.0,2352.7,,,,,0.0,0.0,9.2
2303.37,0.0,2352.7,,,,,0.0,0.0,9.2
2304.37,0.0,2352.7,,,,,0.0,0.0,9.2
2305.37,0.0,2352.7,,,,,0.0,0.0,9.2
2306.37,0.0,2352.7,,,,,0.0,0.0,9.2
2307.37,0.0,2352.7,,,,,0.0,0.0,9.2
2308.37,0.0,2352.7,,,,,0.0,0.0,9.2
2309.37,0.0,2352.7,,,,,0.0,0.0,9.2
2310.37,0.0,2352.7,,,,,0.0,0.0,9.2
2311.37,0.0,2352.7,,,,,0.0,0.0,9.2
2312.37,0.0,2352.7,,,,,0.0,0.0,9.2
2313.37,0.0,2352.7,,,,,0.0,0.0,9.2
2314.37,0.0,2352.7,,,,,0.0,0.0,9.2
2315.37,0.0,2352.7,,,,,0.0,0.0,9.2
2316.37,0.0,2352.7,,,,,0.0,0.0,9.2
2317.37,0.0,2352.7,,,,,0.0,0.0,9.2
2318.37,0.0,2352.7,,,,,0.0,0.0,9.2
2319.37,0.0,2352.7,,,,,0.0,0.0,9.2
2320.37,0.0,2352.7,,,,,0.0,0.0,9.2
2321.37,0.0,2352.7,,,,,0.0,0.0,9.2
2322.38,0.0,2352.7,,,,,0.0,0.0,9.2
2323.38,0.0,2352.7,,,,,0.0,0.0,9.2
2324.38,0.0,2352.7,,,,,0.0,0.0,9.2
2325.38,0.0,2352.7,,,,,0.0,0.0,9.2
2326.38,0.0,2352.7,,,,,0.0,0.0,9.2
2327.38,0.0,2352.7,,,,,0.0,0.0,9.2
2328.38,0.0,2352.7,,,,,0.0,0.0,9.2
2329.38,0.0,2352.7,,,,,0.0,0.0,9.2
2330.38,0.0,2352.7,,,,,0.0,0.0,9.2
2331.38,0.0,2352.7,,,,,0.0,0.0,9.2
2332.38,0.0,2352.7,,,,,0.0,0.0,9.2
2333.38,0.0,2352.7,,,,,0.0,0.0,9.2
2334.38,0.0,2352.7,,,,,0.0,0.0,9.2
2335.38,0.0,2352.7,,,,,0.0,0.0,9.2
2336.38,0.0,2352.7,,,,,0.0,0.0,9.2
2337.38,0.0,2352.7,,,,,0.0,0.0,9.2
2338.38,0.0,2352.7,,,,,0.0,0.0,9.2
2339.38,0.0,2352.7,,,,,0.0,0.0,9.2
2340.38,0.0,2352.7,,,,,0.0,0.0,9.2
2341.38,0.0,2352.7,,,,,0.0,0.0,9.2
2342.38,0.0,2352.7,,,,,0.0,0.0,9.2
2343.38,0.0,2352.7,,,,,0.0,0.0,9.2
2344.38,0.0,2352.7,,,,,0.0,0.0,9.2
2345.38,0.0,2352.7,,,,,0.0,0.0,9.2
2346.38,0.0,2352.7,,,,,0.0,0.0,9.2
2347.38,0.0,2352.7,,,,,0.0,0.0,9.2
2348.38,0.0,2352.7,,,,,0.0,0.0,9.2
2349.38,0.0,2352.7,,,,,0.0,0.0,9.2
2350.38,0.0,2352.7,,,,,0.0,0.0,9.2
2351.38,0.0,2352.7,,,,,0.0,0.0,9.2
2352.38,0.0,2352.7,,,,,0.0,0.0,9.2
2353.38,0.0,2352.7,,,,,0.0,0.0,9.2
2354.38,0.0,2352.7,,,,,0.0,0.0,9.2
2355.38,0.0,2352.7,,,,,0.0,0.0,9.2
2356.38,0.0,2352.7,,,,,0.0,0.0,9.2
2357.38,0.0,2352.7,,,,,0.0,0.0,9.2
2358.38,0.0,2352.7,,,,,0.0,0.0,9.2
2359.38,0.0,2352.7,,,,,0.0,0.0,9.2
2360.38,0.0,2352.7,,,,,0.0,0.0,9.2
2361.38,0.0,2352.7,,,,,0.0,0.0,9.2
2362.38,0.0,2352.7,,,,,0.0,0.0,9.2
2363.38,0.0,2352.7,,,,,0.0,0.0,9.2
2364.38,0.0,2352.7,,,,,0.0,0.0,9.2
2365.38,0.0,2352.7,,,,,0.0,0.0,9.2
2366.38,0.0,2352.7,,,,,0.0,0.0,9.2
2367.38,0.0,2352.7,,,,,0.0,0.0,9.2
2368.38,0.0,2352.7,,,,,0.0,0.0,9.2
2369.38,0.0,2352.7,,,,,0.0,0.0,9.2
2370.38,0.0,2352.7,,,,,0.0,0.0,9.2
2371.38,0.0,2352.7,,,,,0.0,0.0,9.2
2372.38,0.0,2352.7,,,,,0.0,0.0,9.2
2373.38,0.0,2352.7,,,,,0.0,0.0,9.2
2374.38,0.0,2352.7,,,,,0.0,0.0,9.2
2375.38,0.0,2352.7,,,,,0.0,0.0,9.2
2376.38,0.0,2352.7,,,,,0.0,0.0,9.2
2377.38,0.0,2352.7,,,,,0.0,0.0,9.2
2378.38,0.0,2352.7,,,,,0.0,0.0,9.2
2379.38,0.0,2352.7,,,,,0.0,0.0,9.2
2380.38,0.0,2352.7,,,,,0.0,0.0,9.2
2381.38,0.0,2352.7,,,,,0.0,0.0,9.2
2382.38,0.0,2352.7,,,,,0.0,0.0,9.2
2383.38,0.0,2352.7,,,,,0.0,0.0,9.2
2384.39,0.0,2352.7,,,,,0.0,0.0,9.2
2385.39,0.0,2352.7,,,,,0.0,0.0,9.2
2386.39,0.0,2352.7,,,,,0.0,0.0,9.2
2387.39,0.0,2352.7,,,,,0.0,0.0,9.2
2388.39,0.0,2352.7,,,,,0.0,0.0,9.2
2389.39,0.0,2352.7,,,,,0.0,0.0,9.2
2390.39,0.0,2352.7,,,,,0.0,0.0,9.2
2391.39,0.0,2352.7,,,,,0.0,0.0,9.2
2392.39,0.0,2352.7,,,,,0.0,0.0,9.2
2393.39,0.0,2352.7,,,,,0.0,0.0,9.2
2394.39,0.0,2352.7,,,,,0.0,0.0,9.2
2395.39,0.0,2352.7,,,,,0.0,0.0,9.2
2396.39,0.0,2352.7,,,,,0.0,0.0,9.2
2397.39,0.0,2352.7,,,,,0.0,0.0,9.2
2398.39,0.0,2352.7,,,,,0.0,0.0,9.2
2399.39,0.0,2352.7,,,,,0.0,0.0,9.2
2400.39,0.0,2352.7,,,,,0.0,0.0,9.2
2401.39,0.0,2352.7,,,,,0.0,0.0,9.2
2402.39,0.0,2352.7,,,,,0.0,0.0,9.2
2403.39,0.0,2352.7,,,,,0.0,0.0,9.2
2404.39,0.0,2352.7,,,,,0.0,0.0,9.2
2405.39,0.0,2352.7,,,,,0.0,0.0,9.2
2406.39,0.0,2352.7,,,,,0.0,0.0,9.2
2407.39,0.0,2352.7,,,,,0.0,0.0,9.2
2408.39,0.0,2352.7,,,,,0.0,0.0,9.2
2409.39,0.0,2352.7,,,,,0.0,0.0,9.2
2410.39,0.0,2352.7,,,,,0.0,0.0,9.2
2411.39,0.0,2352.7,,,,,0.0,0.0,9.2
2412.39,0.0,2352.7,,,,,0.0,0.0,9.2
2413.39,0.0,2352.7,,,,,0.0,0.0,9.2
2414.39,0.0,2352.7,,,,,0.0,0.0,9.2
2415.39,0.0,2352.7,,,,,0.0,0.0,9.2
2416.39,0.0,2352.7,,,,,0.0,0.0,9.2
2417.39,0.0,2352.7,,,,,0.0,0.0,9.2
2418.39,0.0,2352.7,,,,,0.0,0.0,9.2
2419.39,0.0,2352.7,,,,,0.0,0.0,9.2
2420.39,0.0,2352.7,,,,,0.0,0.0,9.2
2421.39,0.0,2352.7,,,,,0.0,0.0,9.2
2422.39,0.0,2352.7,,,,,0.0,0.0,9.2
2423.39,0.0,2352.7,,,,,0.0,0.0,9.2
2424.39,0.0,2352.7,,,,,0.0,0.0,9.2
2425.39,0.0,2352.7,,,,,0.0,0.0,9.2
2426.39,0.0,2352.7,,,,,0.0,0.0,9.2
2427.39,0.0,2352.7,,,,,0.0,0.0,9.2
2428.39,0.0,2352.7,,,,,0.0,0.0,9.2
2429.39,0.0,2352.7,,,,,0.0,0.0,9.2
2430.39,0.0,2352.7,,,,,0.0,0.0,9.2
2431.39,0.0,2352.7,,,,,0.0,0.0,9.2
2432.39,0.0,2352.7,,,,,0.0,0.0,9.2
2433.39,0.0,2352.7,,,,,0.0,0.0,9.2
2434.39,0.0,2352.7,,,,,0.0,0.0,9.2
2435.39,0.0,2352.7,,,,,0.0,0.0,9.2
2436.39,0.0,2352.7,,,,,0.0,0.0,9.2
2437.39,0.0,2352.7,,,,,0.0,0.0,9.2
2438.39,0.0,2352.7,,,,,0.0,0.0,9.2
2439.39,0.0,2352.7,,,,,0.0,0.0,9.2
2440.39,0.0,2352.7,,,,,0.0,0.0,9.2
2441.4,0.0,2352.7,,,,,0.0,0.0,9.2
2442.4,0.0,2352.7,,,,,0.0,0.0,9.2
2443.4,0.0,2352.7,,,,,0.0,0.0,9.2
2444.4,0.0,2352.7,,,,,0.0,0.0,9.2
2445.4,0.0,2352.7,,,,,0.0,0.0,9.2
2446.4,0.0,2352.7,,,,,0.0,0.0,9.2
2447.4,0.0,2352.7,,,,,0.0,0.0,9.2
2448.4,0.0,2352.7,,,,,0.0,0.0,9.2
2449.4,0.0,2352.7,,,,,0.0,0.0,9.2
2450.4,0.0,2352.7,,,,,0.0,0.0,9.2
2451.4,0.0,2352.7,,,,,0.0,0.0,9.2
2452.4,0.0,2352.7,,,,,0.0,0.0,9.2
2453.4,0.0,2352.7,,,,,0.0,0.0,9.2
2454.4,0.0,2352.7,,,,,0.0,0.0,9.2
2455.4,0.0,2352.7,,,,,0.0,0.0,9.2
2456.4,0.0,2352.7,,,,,0.0,0.0,9.2
2457.4,0.0,2352.7,,,,,0.0,0.0,9.2
2458.4,0.0,2352.7,,,,,0.0,0.0,9.2
2459.4,0.0,2352.7,,,,,0.0,0.0,9.2
2460.4,0.0,2352.7,,,,,0.0,0.0,9.2
2461.4,0.0,2352.7,,,,,0.0,0.0,9.2
2462.4,0.0,2352.7,,,,,0.0,0.0,9.2
2463.4,0.0,2352.7,,,,,0.0,0.0,9.2
2464.4,0.0,2352.7,,,,,0.0,0.0,9.2
2465.4,0.0,2352.7,,,,,0.0,0.0,9.2
2466.4,0.0,2352.7,,,,,0.0,0.0,9.2
2467.4,0.0,2352.7,,,,,0.0,0.0,9.2
2468.4,0.0,2352.7,,,,,0.0,0.0,9.2
2469.4,0.0,2352.7,,,,,0.0,0.0,9.2
2470.4,0.0,2352.7,,,,,0.0,0.0,9.2
2471.4,0.0,2352.7,,,,,0.0,0.0,9.2
2472.4,0.0,2352.7,,,,,0.0,0.0,9.2
2473.4,0.0,2352.7,,,,,0.0,0.0,9.2
2474.4,0.0,2352.7,,,,,0.0,0.0,9.2
2475.4,0.0,2352.7,,,,,0.0,0.0,9.2
2476.4,0.0,2352.7,,,,,0.0,0.0,9.2
2477.4,0.0,2352.7,,,,,0.0,0.0,9.2
2478.4,0.0,2352.7,,,,,0.0,0.0,9.2
2479.4,0.0,2352.7,,,,,0.0,0.0,9.2
2480.4,0.0,2352.7,,,,,0.0,0.0,9.2
2481.4,0.0,2352.7,,,,,0.0,0.0,9.2
2482.4,0.0,2352.7,,,,,0.0,0.0,9.2
2483.4,0.0,2352.7,,,,,0.0,0.0,9.2
2484.4,0.0,2352.7,,,,,0.0,0.0,9.2
2485.4,0.0,2352.7,,,,,0.0,0.0,9.2
2486.4,0.0,2352.7,,,,,0.0,0.0,9.2
2487.4,0.0,2352.7,,,,,0.0,0.0,9.2
2488.4,0.0,2352.7,,,,,0.0,0.0,9.2
2489.4,0.0,2352.7,,,,,0.0,0.0,9.2
2490.4,0.0,2352.7,,,,,0.0,0.0,9.2
2491.4,0.0,2352.7,,,,,0.0,0.0,9.2
2492.4,0.0,2352.7,,,,,0.0,0.0,9.2
2493.4,0.0,2352.7,,,,,0.0,0.0,9.2
2494.4,0.0,2352.7,,,,,0.0,0.0,9.2
2495.4,0.0,2352.7,,,,,0.0,0.0,9.2
2496.4,0.0,2352.7,,,,,0.0,0.0,9.2
2497.4,0.0,2352.7,,,,,0.0,0.0,9.2
2498.4,0.0,2352.7,,,,,0.0,0.0,9.2
2499.4,0.0,2352.7,,,,,0.0,0.0,9.2
2500.4,0.0,2352.7,,,,,0.0,0.0,9.2
2501.41,0.0,2352.7,,,,,0.0,0.0,9.2
2502.41,0.0,2352.7,,,,,0.0,0.0,9.2
2503.41,0.0,2352.7,,,,,0.0,0.0,9.2
2504.41,0.0,2352.7,,,,,0.0,0.0,9.2
2505.41,0.0,2352.7,,,,,0.0,0.0,9.2
2506.41,0.0,2352.7,,,,,0.0,0.0,9.2
2507.41,0.0,2352.7,,,,,0.0,0.0,9.2
2508.41,0.0,2352.7,,,,,0.0,0.0,9.2
2509.41,0.0,2352.7,,,,,0.0,0.0,9.2
2510.41,0.0,2352.7,,,,,0.0,0.0,9.2
2511.41,0.0,2352.7,,,,,0.0,0.0,9.2
2512.41,0.0,2352.7,,,,,0.0,0.0,9.2
2513.41,0.0,2352.7,,,,,0.0,0.0,9.2
2514.41,0.0,2352.7,,,,,0.0,0.0,9.2
2515.41,0.0,2352.7,,,,,0.0,0.0,9.2
2516.41,0.0,2352.7,,,,,0.0,0.0,9.2
2517.41,0.0,2352.7,,,,,0.0,0.0,9.2
2518.41,0.0,2352.7,,,,,0.0,0.0,9.2
2519.41,0.0,2352.7,,,,,0.0,0.0,9.2
2520.41,0.0,2352.7,,,,,0.0,0.0,9.2
2521.41,0.0,2352.7,,,,,0.0,0.0,9.2
2522.41,0.0,2352.7,,,,,0.0,0.0,9.2
2523.41,0.0,2352.7,,,,,0.0,0.0,9.2
2524.41,0.0,2352.7,,,,,0.0,0.0,9.2
2525.41,0.0,2352.7,,,,,0.0,0.0,9.2
2526.41,0.0,2352.7,,,,,0.0,0.0,9.2
2527.41,0.0,2352.7,,,,,0.0,0.0,9.2
2528.41,0.0,2352.7,,,,,0.0,0.0,9.2
2529.41,0.0,2352.7,,,,,0.0,0.0,9.2
2530.41,0.0,2352.7,,,,,0.0,0.0,9.2
2531.41,0.0,2352.7,,,,,0.0,0.0,9.2
2532.41,0.0,2352.7,,,,,0.0,0.0,9.2
2533.41,0.0,2352.7,,,,,0.0,0.0,9.2
2534.41,0.0,2352.7,,,,,0.0,0.0,9.2
2535.41,0.0,2352.7,,,,,0.0,0.0,9.2
2536.41,0.0,2352.7,,,,,0.0,0.0,9.2
2537.41,0.0,2352.7,,,,,0.0,0.0,9.2
2538.41,0.0,2352.7,,,,,0.0,0.0,9.2
2539.41,0.0,2352.7,,,,,0.0,0.0,9.2
2540.41,0.0,2352.7,,,,,0.0,0.0,9.2
2541.41,0.0,2352.7,,,,,0.0,0.0,9.2
2542.41,0.0,2352.7,,,,,0.0,0.0,9.2
2543.41,0.0,2352.7,,,,,0.0,0.0,9.2
2544.41,0.0,2352.7,,,,,0.0,0.0,9.2
2545.41,0.0,2352.7,,,,,0.0,0.0,9.2
2546.41,0.0,2352.7,,,,,0.0,0.0,9.2
2547.41,0.0,2352.7,,,,,0.0,0.0,9.2
2548.41,0.0,2352.7,,,,,0.0,0.0,9.2
2549.41,0.0,2352.7,,,,,0.0,0.0,9.2
2550.41,0.0,2352.7,,,,,0.0,0.0,9.2
2551.41,0.0,2352.7,,,,,0.0,0.0,9.2
2552.41,0.0,2352.7,,,,,0.0,0.0,9.2
2553.41,0.0,2352.7,,,,,0.0,0.0,9.2
2554.41,0.0,2352.7,,,,,0.0,0.0,9.2
2555.41,0.0,2352.7,,,,,0.0,0.0,9.2
2556.41,0.0,2352.7,,,,,0.0,0.0,9.2
2557.41,0.0,2352.7,,,,,0.0,0.0,9.2
2558.41,0.0,2352.7,,,,,0.0,0.0,9.2
2559.41,0.0,2352.7,,,,,0.0,0.0,9.2
2560.41,0.0,2352.7,,,,,0.0,0.0,9.2
2561.41,0.0,2352.7,,,,,0.0,0.0,9.2
2562.41,0.0,2352.7,,,,,0.0,0.0,9.2
2563.41,0.0,2352.7,,,,,0.0,0.0,9.2
2564.42,0.0,2352.7,,,,,0.0,0.0,9.2
2565.42,0.0,2352.7,,,,,0.0,0.0,9.2
2566.42,0.0,2352.7,,,,,0.0,0.0,9.2
2567.42,0.0,2352.7,,,,,0.0,0.0,9.2
2568.42,0.0,2352.7,,,,,0.0,0.0,9.2
2569.42,0.0,2352.7,,,,,0.0,0.0,9.2
2570.42,0.0,2352.7,,,,,0.0,0.0,9.2
2571.42,0.0,2352.7,,,,,0.0,0.0,9.2
2572.42,0.0,2352.7,,,,,0.0,0.0,9.2
2573.42,0.0,2352.7,,,,,0.0,0.0,9.2
2574.42,0.0,2352.7,,,,,0.0,0.0,9.2
2575.42,0.0,2352.7,,,,,0.0,0.0,9.2
2576.42,0.0,2352.7,,,,,0.0,0.0,9.2
2577.42,0.0,2352.7,,,,,0.0,0.0,9.2
2578.42,0.0,2352.7,,,,,0.0,0.0,9.2
2579.42,0.0,2352.7,,,,,0.0,0.0,9.2
2580.42,0.0,2352.7,,,,,0.0,0.0,9.2
2581.42,0.0,2352.7,,,,,0.0,0.0,9.2
2582.42,0.0,2352.7,,,,,0.0,0.0,9.2
2583.42,0.0,2352.7,,,,,0.0,0.0,9.2
2584.42,0.0,2352.7,,,,,0.0,0.0,9.2
2585.42,0.0,2352.7,,,,,0.0,0.0,9.2
2586.42,0.0,2352.7,,,,,0.0,0.0,9.2
2587.42,0.0,2352.7,,,,,0.0,0.0,9.2
2588.42,0.0,2352.7,,,,,0.0,0.0,9.2
2589.42,0.0,2352.7,,,,,0.0,0.0,9.2
2590.42,0.0,2352.7,,,,,0.0,0.0,9.2
2591.42,0.0,2352.7,,,,,0.0,0.0,9.2
2592.42,0.0,2352.7,,,,,0.0,0.0,9.2
2593.42,0.0,2352.7,,,,,0.0,0.0,9.2
2594.42,0.0,2352.7,,,,,0.0,0.0,9.2
2595.42,0.0,2352.7,,,,,0.0,0.0,9.2
2596.42,0.0,2352.7,,,,,0.0,0.0,9.2
2597.42,0.0,2352.7,,,,,0.0,0.0,9.2
2598.42,0.0,2352.7,,,,,0.0,0.0,9.2
2599.42,0.0,2352.7,,,,,0.0,0.0,9.2
2600.42,0.0,2352.7,,,,,0.0,0.0,9.2
2601.42,0.0,2352.7,,,,,0.0,0.0,9.2
2602.42,0.0,2352.7,,,,,0.0,0.0,9.2
2603.42,0.0,2352.7,,,,,0.0,0.0,9.2
2604.42,0.0,2352.7,,,,,0.0,0.0,9.2
2605.42,0.0,2352.7,,,,,0.0,0.0,9.2
2606.42,0.0,2352.7,,,,,0.0,0.0,9.2
2607.42,0.0,2352.7,,,,,0.0,0.0,9.2
2608.42,0.0,2352.7,,,,,0.0,0.0,9.2
2609.42,0.0,2352.7,,,,,0.0,0.0,9.2
2610.42,0.0,2352.7,,,,,0.0,0.0,9.2
2611.42,0.0,2352.7,,,,,0.0,0.0,9.2
2612.42,0.0,2352.7,,,,,0.0,0.0,9.2
2613.42,0.0,2352.7,,,,,0.0,0.0,9.2
2614.42,0.0,2352.7,,,,,0.0,0.0,9.2
2615.42,0.0,2352.7,,,,,0.0,0.0,9.2
2616.42,0.0,2352.7,,,,,0.0,0.0,9.2
2617.42,0.0,2352.7,,,,,0.0,0.0,9.2
2618.42,0.0,2352.7,,,,,0.0,0.0,9.2
2619.42,0.0,2352.7,,,,,0.0,0.0,9.2
2620.42,0.0,2352.7,,,,,0.0,0.0,9.2
2621.42,0.0,2352.7,,,,,0.0,0.0,9.2
2622.42,0.0,2352.7,,,,,0.0,0.0,9.2
2623.42,0.0,2352.7,,,,,0.0,0.0,9.2
2624.42,0.0,2352.7,,,,,0.0,0.0,9.2
2625.42,0.0,2352.7,,,,,0.0,0.0,9.2
2626.42,0.0,2352.7,,,,,0.0,0.0,9.2
2627.43,0.0,2352.7,,,,,0.0,0.0,9.2
2628.43,0.0,2352.7,,,,,0.0,0.0,9.2
2629.43,0.0,2352.7,,,,,0.0,0.0,9.2
2630.43,0.0,2352.7,,,,,0.0,0.0,9.2
2631.43,0.0,2352.7,,,,,0.0,0.0,9.2
2632.43,0.0,2352.7,,,,,0.0,0.0,9.2
2633.43,0.0,2352.7,,,,,0.0,0.0,9.2
2634.43,0.0,2352.7,,,,,0.0,0.0,9.2
2635.43,0.0,2352.7,,,,,0.0,0.0,9.2
2636.43,0.0,2352.7,,,,,0.0,0.0,9.2
2637.43,0.0,2352.7,,,,,0.0,0.0,9.2
2638.43,0.0,2352.7,,,,,0.0,0.0,9.2
2639.43,0.0,2352.7,,,,,0.0,0.0,9.2
2640.43,0.0,2352.7,,,,,0.0,0.0,9.2
2641.43,0.0,2352.7,,,,,0.0,0.0,9.2
2642.43,0.0,2352.7,,,,,0.0,0.0,9.2
2643.43,0.0,2352.7,,,,,0.0,0.0,9.2
2644.43,0.0,2352.7,,,,,0.0,0.0,9.2
2645.43,0.0,2352.7,,,,,0.0,0.0,9.2
2646.43,0.0,2352.7,,,,,0.0,0.0,9.2
2647.43,0.0,2352.7,,,,,0.0,0.0,9.2
2648.43,0.0,2352.7,,,,,0.0,0.0,9.2
2649.43,0.0,2352.7,,,,,0.0,0.0,9.2
2650.43,0.0,2352.7,,,,,0.0,0.0,9.2
2651.43,0.0,2352.7,,,,,0.0,0.0,9.2
2652.43,0.0,2352.7,,,,,0.0,0.0,9.2
2653.43,0.0,2352.7,,,,,0.0,0.0,9.2
2654.43,0.0,2352.7,,,,,0.0,0.0,9.2
2655.43,0.0,2352.7,,,,,0.0,0.0,9.2
2656.43,0.0,2352.7,,,,,0.0,0.0,9.2
2657.43,0.0,2352.7,,,,,0.0,0.0,9.2
2658.43,0.0,2352.7,,,,,0.0,0.0,9.2
2659.43,0.0,2352.7,,,,,0.0,0.0,9.2
2660.43,0.0,2352.7,,,,,0.0,0.0,9.2
2661.43,0.0,2352.7,,,,,0.0,0.0,9.2
2662.43,0.0,2352.7,,,,,0.0,0.0,9.2
2663.43,0.0,2352.7,,,,,0.0,0.0,9.2
2664.43,0.0,2352.7,,,,,0.0,0.0,9.2
2665.43,0.0,2352.7,,,,,0.0,0.0,9.2
2666.43,0.0,2352.7,,,,,0.0,0.0,9.2
2667.43,0.0,2352.7,,,,,0.0,0.0,9.2
2668.43,0.0,2352.7,,,,,0.0,0.0,9.2
2669.43,0.0,2352.7,,,,,0.0,0.0,9.2
2670.43,0.0,2352.7,,,,,0.0,0.0,9.2
2671.43,0.0,2352.7,,,,,0.0,0.0,9.2
2672.43,0.0,2352.7,,,,,0.0,0.0,9.2
2673.43,0.0,2352.7,,,,,0.0,0.0,9.2
2674.43,0.0,2352.7,,,,,0.0,0.0,9.2
2675.43,0.0,2352.7,,,,,0.0,0.0,9.2
2676.43,0.0,2352.7,,,,,0.0,0.0,9.2
2677.43,0.0,2352.7,,,,,0.0,0.0,9.2
2678.43,0.0,2352.7,,,,,0.0,0.0,9.2
2679.43,0.0,2352.7,,,,,0.0,0.0,9.2
2680.43,0.0,2352.7,,,,,0.0,0.0,9.2
2681.43,0.0,2352.7,,,,,0.0,0.0,9.2
2682.43,0.0,2352.7,,,,,0.0,0.0,9.2
2683.43,0.0,2352.7,,,,,0.0,0.0,9.2
2684.43,0.0,2352.7,,,,,0.0,0.0,9.2
2685.43,0.0,2352.7,,,,,0.0,0.0,9.2
2686.43,0.0,2352.7,,,,,0.0,0.0,9.2
2687.43,0.0,2352.7,,,,,0.0,0.0,9.2
2688.43,0.0,2352.7,,,,,0.0,0.0,9.2
2689.43,0.0,2352.7,,,,,0.0,0.0,9.2
2690.43,0.0,2352.7,,,,,0.0,0.0,9.2
2691.43,0.0,2352.7,,,,,0.0,0.0,9.2
2692.43,0.0,2352.7,,,,,0.0,0.0,9.2
2693.43,0.0,2352.7,,,,,0.0,0.0,9.2
2694.44,0.0,2352.7,,,,,0.0,0.0,9.2
2695.44,0.0,2352.7,,,,,0.0,0.0,9.2
2696.44,0.0,2352.7,,,,,0.0,0.0,9.2
2697.44,0.0,2352.7,,,,,0.0,0.0,9.2
2698.44,0.0,2352.7,,,,,0.0,0.0,9.2
2699.44,0.0,2352.7,,,,,0.0,0.0,9.2
2700.44,0.0,2352.7,,,,,0.0,0.0,9.2
2701.44,0.0,2352.7,,,,,0.0,0.0,9.2
2702.44,0.0,2352.7,,,,,0.0,0.0,9.2
2703.44,0.0,2352.7,,,,,0.0,0.0,9.2
2704.44,0.0,2352.7,,,,,0.0,0.0,9.2
2705.44,0.0,2352.7,,,,,0.0,0.0,9.2
2706.44,0.0,2352.7,,,,,0.0,0.0,9.2
2707.44,0.0,2352.7,,,,,0.0,0.0,9.2
2708.44,0.0,2352.7,,,,,0.0,0.0,9.2
2709.44,0.0,2352.7,,,,,0.0,0.0,9.2
2710.44,0.0,2352.7,,,,,0.0,0.0,9.2
2711.44,0.0,2352.7,,,,,0.0,0.0,9.2
2712.44,0.0,2352.7,,,,,0.0,0.0,9.2
2713.44,0.0,2352.7,,,,,0.0,0.0,9.2
2714.44,0.0,2352.7,,,,,0.0,0.0,9.2
2715.44,0.0,2352.7,,,,,0.0,0.0,9.2
2716.44,0.0,2352.7,,,,,0.0,0.0,9.2
2717.44,0.0,2352.7,,,,,0.0,0.0,9.2
2718.44,0.0,2352.7,,,,,0.0,0.0,9.2
2719.44,0.0,2352.7,,,,,0.0,0.0,9.2
2720.44,0.0,2352.7,,,,,0.0,0.0,9.2
2721.44,0.0,2352.7,,,,,0.0,0.0,9.2
2722.44,0.0,2352.7,,,,,0.0,0.0,9.2
2723.44,0.0,2352.7,,,,,0.0,0.0,9.2
2724.44,0.0,2352.7,,,,,0.0,0.0,9.2
2725.44,0.0,2352.7,,,,,0.0,0.0,9.2
2726.44,0.0,2352.7,,,,,0.0,0.0,9.2
2727.44,0.0,2352.7,,,,,0.0,0.0,9.2
2728.44,0.0,2352.7,,,,,0.0,0.0,9.2
2729.44,0.0,2352.7,,,,,0.0,0.0,9.2
2730.44,0.0,2352.7,,,,,0.0,0.0,9.2
2731.44,0.0,2352.7,,,,,0.0,0.0,9.2
2732.44,0.0,2352.7,,,,,0.0,0.0,9.2
2733.44,0.0,2352.7,,,,,0.0,0.0,9.2
2734.44,0.0,2352.7,,,,,0.0,0.0,9.2
2735.44,0.0,2352.7,,,,,0.0,0.0,9.2
2736.44,0.0,2352.7,,,,,0.0,0.0,9.2
2737.44,0.0,2352.7,,,,,0.0,0.0,9.2
2738.44,0.0,2352.7,,,,,0.0,0.0,9.2
2739.44,0.0,2352.7,,,,,0.0,0.0,9.2
2740.44,0.0,2352.7,,,,,0.0,0.0,9.2
2741.44,0.0,2352.7,,,,,0.0,0.0,9.2
2742.44,0.0,2352.7,,,,,0.0,0.0,9.2
2743.44,0.0,2352.7,,,,,0.0,0.0,9.2
2744.44,0.0,2352.7,,,,,0.0,0.0,9.2
2745.44,0.0,2352.7,,,,,0.0,0.0,9.2
2746.44,0.0,2352.7,,,,,0.0,0.0,9.2
2747.44,0.0,2352.7,,,,,0.0,0.0,9.2
2748.44,0.0,2352.7,,,,,0.0,0.0,9.2
2749.44,0.0,2352.7,,,,,0.0,0.0,9.2
2750.44,0.0,2352.7,,,,,0.0,0.0,9.2
2751.44,0.0,2352.7,,,,,0.0,0.0,9.2
2752.44,0.0,2352.7,,,,,0.0,0.0,9.2
2753.44,0.0,2352.7,,,,,0.0,0.0,9.2
2754.44,0.0,2352.7,,,,,0.0,0.0,9.2
2755.44,0.0,2352.7,,,,,0.0,0.0,9.2
2756.44,0.0,2352.7,,,,,0.0,0.0,9.2
2757.45,0.0,2352.7,,,,,0.0,0.0,9.2
2758.45,0.0,2352.7,,,,,0.0,0.0,9.2
2759.45,0.0,2352.7,,,,,0.0,0.0,9.2
2760.45,0.0,2352.7,,,,,0.0,0.0,9.2
2761.45,0.0,2352.7,,,,,0.0,0.0,9.2
2762.45,0.0,2352.7,,,,,0.0,0.0,9.2
2763.45,0.0,2352.7,,,,,0.0,0.0,9.2
2764.45,0.0,2352.7,,,,,0.0,0.0,9.2
2765.45,0.0,2352.7,,,,,0.0,0.0,9.2
2766.45,0.0,2352.7,,,,,0.0,0.0,9.2
2767.45,0.0,2352.7,,,,,0.0,0.0,9.2
2768.45,0.0,2352.7,,,,,0.0,0.0,9.2
2769.45,0.0,2352.7,,,,,0.0,0.0,9.2
2770.45,0.0,2352.7,,,,,0.0,0.0,9.2
2771.45,0.0,2352.7,,,,,0.0,0.0,9.2
2772.45,0.0,2352.7,,,,,0.0,0.0,9.2
2773.45,0.0,2352.7,,,,,0.0,0.0,9.2
2774.45,0.0,2352.7,,,,,0.0,0.0,9.2
2775.45,0.0,2352.7,,,,,0.0,0.0,9.2
2776.45,0.0,2352.7,,,,,0.0,0.0,9.2
2777.45,0.0,2352.7,,,,,0.0,0.0,9.2
2778.45,0.0,2352.7,,,,,0.0,0.0,9.2
2779.45,0.0,2352.7,,,,,0.0,0.0,9.2
2780.45,0.0,2352.7,,,,,0.0,0.0,9.2
2781.45,0.0,2352.7,,,,,0.0,0.0,9.2
2782.45,0.0,2352.7,,,,,0.0,0.0,9.2
2783.45,0.0,2352.7,,,,,0.0,0.0,9.2
2784.45,0.0,2352.7,,,,,0.0,0.0,9.2
2785.45,0.0,2352.7,,,,,0.0,0.0,9.2
2786.45,0.0,2352.7,,,,,0.0,0.0,9.2
2787.45,0.0,2352.7,,,,,0.0,0.0,9.2
2788.45,0.0,2352.7,,,,,0.0,0.0,9.2
2789.45,0.0,2352.7,,,,,0.0,0.0,9.2
2790.45,0.0,2352.7,,,,,0.0,0.0,9.2
2791.45,0.0,2352.7,,,,,0.0,0.0,9.2
2792.45,0.0,2352.7,,,,,0.0,0.0,9.2
2793.45,0.0,2352.7,,,,,0.0,0.0,9.2
2794.45,0.0,2352.7,,,,,0.0,0.0,9.2
2795.45,0.0,2352.7,,,,,0.0,0.0,9.2
2796.45,0.0,2352.7,,,,,0.0,0.0,9.2
2797.45,0.0,2352.7,,,,,0.0,0.0,9.2
2798.45,0.0,2352.7,,,,,0.0,0.0,9.2
2799.45,0.0,2352.7,,,,,0.0,0.0,9.2
2800.45,0.0,2352.7,,,,,0.0,0.0,9.2
2801.45,0.0,2352.7,,,,,0.0,0.0,9.2
2802.45,0.0,2352.7,,,,,0.0,0.0,9.2
2803.45,0.0,2352.7,,,,,0.0,0.0,9.2
2804.45,0.0,2352.7,,,,,0.0,0.0,9.2
2805.45,0.0,2352.7,,,,,0.0,0.0,9.2
2806.45,0.0,2352.7,,,,,0.0,0.0,9.2
2807.45,0.0,2352.7,,,,,0.0,0.0,9.2
2808.45,0.0,2352.7,,,,,0.0,0.0,9.2
2809.45,0.0,2352.7,,,,,0.0,0.0,9.2
2810.45,0.0,2352.7,,,,,0.0,0.0,9.2
2811.45,0.0,2352.7,,,,,0.0,0.0,9.2
2812.45,0.0,2352.7,,,,,0.0,0.0,9.2
2813.45,0.0,2352.7,,,,,0.0,0.0,9.2
2814.45,0.0,2352.7,,,,,0.0,0.0,9.2
2815.45,0.0,2352.7,,,,,0.0,0.0,9.2
2816.45,0.0,2352.7,,,,,0.0,0.0,9.2
2817.45,0.0,2352.7,,,,,0.0,0.0,9.2
2818.45,0.0,2352.7,,,,,0.0,0.0,9.2
2819.45,0.0,2352.7,,,,,0.0,0.0,9.2
2820.45,0.0,2352.7,,,,,0.0,0.0,9.2
2821.45,0.0,2352.7,,,,,0.0,0.0,9.2
2822.45,0.0,2352.7,,,,,0.0,0.0,9.2
2823.45,0.0,2352.7,,,,,0.0,0.0,9.2
2824.45,0.0,2352.7,,,,,0.0,0.0,9.2
2825.46,0.0,2352.7,,,,,0.0,0.0,9.2
2826.46,0.0,2352.7,,,,,0.0,0.0,9.2
2827.46,0.0,2352.7,,,,,0.0,0.0,9.2
2828.46,0.0,2352.7,,,,,0.0,0.0,9.2
2829.46,0.0,2352.7,,,,,0.0,0.0,9.2
2830.46,0.0,2352.7,,,,,0.0,0.0,9.2
2831.46,0.0,2352.7,,,,,0.0,0.0,9.2
2832.46,0.0,2352.7,,,,,0.0,0.0,9.2
2833.46,0.0,2352.7,,,,,0.0,0.0,9.2
2834.46,0.0,2352.7,,,,,0.0,0.0,9.2
2835.46,0.0,2352.7,,,,,0.0,0.0,9.2
2836.46,0.0,2352.7,,,,,0.0,0.0,9.2
2837.46,0.0,2352.7,,,,,0.0,0.0,9.2
2838.46,0.0,2352.7,,,,,0.0,0.0,9.2
2839.46,0.0,2352.7,,,,,0.0,0.0,9.2
2840.46,0.0,2352.7,,,,,0.0,0.0,9.2
2841.46,0.0,2352.7,,,,,0.0,0.0,9.2
2842.46,0.0,2352.7,,,,,0.0,0.0,9.2
2843.46,0.0,2352.7,,,,,0.0,0.0,9.2
2844.46,0.0,2352.7,,,,,0.0,0.0,9.2
2845.46,0.0,2352.7,,,,,0.0,0.0,9.2
2846.46,0.0,2352.7,,,,,0.0,0.0,9.2
2847.46,0.0,2352.7,,,,,0.0,0.0,9.2
2848.46,0.0,2352.7,,,,,0.0,0.0,9.2
2849.46,0.0,2352.7,,,,,0.0,0.0,9.2
2850.46,0.0,2352.7,,,,,0.0,0.0,9.2
2851.46,0.0,2352.7,,,,,0.0,0.0,9.2
2852.46,0.0,2352.7,,,,,0.0,0.0,9.2
2853.46,0.0,2352.7,,,,,0.0,0.0,9.2
2854.46,0.0,2352.7,,,,,0.0,0.0,9.2
2855.46,0.0,2352.7,,,,,0.0,0.0,9.2
2856.46,0.0,2352.7,,,,,0.0,0.0,9.2
2857.46,0.0,2352.7,,,,,0.0,0.0,9.2
2858.46,0.0,2352.7,,,,,0.0,0.0,9.2
2859.46,0.0,2352.7,,,,,0.0,0.0,9.2
2860.46,0.0,2352.7,,,,,0.0,0.0,9.2
2861.46,0.0,2352.7,,,,,0.0,0.0,9.2
2862.46,0.0,2352.7,,,,,0.0,0.0,9.2
2863.46,0.0,2352.7,,,,,0.0,0.0,9.2
2864.46,0.0,2352.7,,,,,0.0,0.0,9.2
2865.46,0.0,2352.7,,,,,0.0,0.0,9.2
2866.46,0.0,2352.7,,,,,0.0,0.0,9.2
2867.46,0.0,2352.7,,,,,0.0,0.0,9.2
2868.46,0.0,2352.7,,,,,0.0,0.0,9.2
2869.46,0.0,2352.7,,,,,0.0,0.0,9.2
2870.46,0.0,2352.7,,,,,0.0,0.0,9.2
2871.46,0.0,2352.7,,,,,0.0,0.0,9.2
2872.46,0.0,2352.7,,,,,0.0,0.0,9.2
2873.46,0.0,2352.7,,,,,0.0,0.0,9.2
2874.46,0.0,2352.7,,,,,0.0,0.0,9.2
2875.46,0.0,2352.7,,,,,0.0,0.0,9.2
2876.46,0.0,2352.7,,,,,0.0,0.0,9.2
2877.46,0.0,2352.7,,,,,0.0,0.0,9.2
2878.46,0.0,2352.7,,,,,0.0,0.0,9.2
2879.46,0.0,2352.7,,,,,0.0,0.0,9.2
2880.46,0.0,2352.7,,,,,0.0,0.0,9.2
2881.46,0.0,2352.7,,,,,0.0,0.0,9.2
2882.46,0.0,2352.7,,,,,0.0,0.0,9.2
2883.46,0.0,2352.7,,,,,0.0,0.0,9.2
2884.46,0.0,2352.7,,,,,0.0,0.0,9.2
2885.46,0.0,2352.7,,,,,0.0,0.0,9.2
2886.46,0.0,2352.7,,,,,0.0,0.0,9.2
2887.47,0.0,2352.7,,,,,0.0,0.0,9.2
2888.47,0.0,2352.7,,,,,0.0,0.0,9.2
2889.47,0.0,2352.7,,,,,0.0,0.0,9.2
2890.47,0.0,2352.7,,,,,0.0,0.0,9.2
2891.47,0.0,2352.7,,,,,0.0,0.0,9.2
2892.47,0.0,2352.7,,,,,0.0,0.0,9.2
2893.47,0.0,2352.7,,,,,0.0,0.0,9.2
2894.47,0.0,2352.7,,,,,0.0,0.0,9.2
2895.47,0.0,2352.7,,,,,0.0,0.0,9.2
2896.47,0.0,2352.7,,,,,0.0,0.0,9.2
2897.47,0.0,2352.7,,,,,0.0,0.0,9.2
2898.47,0.0,2352.7,,,,,0.0,0.0,9.2
2899.47,0.0,2352.7,,,,,0.0,0.0,9.2
2900.47,0.0,2352.7,,,,,0.0,0.0,9.2
2901.47,0.0,2352.7,,,,,0.0,0.0,9.2
2902.47,0.0,2352.7,,,,,0.0,0.0,9.2
2903.47,0.0,2352.7,,,,,0.0,0.0,9.2
2904.47,0.0,2352.7,,,,,0.0,0.0,9.2
2905.47,0.0,2352.7,,,,,0.0,0.0,9.2
2906.47,0.0,2352.7,,,,,0.0,0.0,9.2
2907.47,0.0,2352.7,,,,,0.0,0.0,9.2
2908.47,0.0,2352.7,,,,,0.0,0.0,9.2
2909.47,0.0,2352.7,,,,,0.0,0.0,9.2
2910.47,0.0,2352.7,,,,,0.0,0.0,9.2
2911.47,0.0,2352.7,,,,,0.0,0.0,9.2
2912.47,0.0,2352.7,,,,,0.0,0.0,9.2
2913.47,0.0,2352.7,,,,,0.0,0.0,9.2
2914.47,0.0,2352.7,,,,,0.0,0.0,9.2
2915.47,0.0,2352.7,,,,,0.0,0.0,9.2
2916.47,0.0,2352.7,,,,,0.0,0.0,9.2
2917.47,0.0,2352.7,,,,,0.0,0.0,9.2
2918.47,0.0,2352.7,,,,,0.0,0.0,9.2
2919.47,0.0,2352.7,,,,,0.0,0.0,9.2
2920.47,0.0,2352.7,,,,,0.0,0.0,9.2
2921.47,0.0,2352.7,,,,,0.0,0.0,9.2
2922.47,0.0,2352.7,,,,,0.0,0.0,9.2
2923.47,0.0,2352.7,,,,,0.0,0.0,9.2
2924.47,0.0,2352.7,,,,,0.0,0.0,9.2
2925.47,0.0,2352.7,,,,,0.0,0.0,9.2
2926.47,0.0,2352.7,,,,,0.0,0.0,9.2
2927.47,0.0,2352.7,,,,,0.0,0.0,9.2
2928.47,0.0,2352.7,,,,,0.0,0.0,9.2
2929.47,0.0,2352.7,,,,,0.0,0.0,9.2
2930.47,0.0,2352.7,,,,,0.0,0.0,9.2
2931.47,0.0,2352.7,,,,,0.0,0.0,9.2
2932.47,0.0,2352.7,,,,,0.0,0.0,9.2
2933.47,0.0,2352.7,,,,,0.0,0.0,9.2
2934.47,0.0,2352.7,,,,,0.0,0.0,9.2
2935.47,0.0,2352.7,,,,,0.0,0.0,9.2
2936.47,0.0,2352.7,,,,,0.0,0.0,9.2
2937.47,0.0,2352.7,,,,,0.0,0.0,9.2
2938.47,0.0,2352.7,,,,,0.0,0.0,9.2
2939.48,0.0,2352.7,,,,,0.0,0.0,9.2
2940.48,0.0,2352.7,,,,,0.0,0.0,9.2
2941.48,0.0,2352.7,,,,,0.0,0.0,9.2
2942.48,0.0,2352.7,,,,,0.0,0.0,9.2
2943.48,0.0,2352.7,,,,,0.0,0.0,9.2
2944.48,0.0,2352.7,,,,,0.0,0.0,9.2
2945.48,0.0,2352.7,,,,,0.0,0.0,9.2
2946.48,0.0,2352.7,,,,,0.0,0.0,9.2
2947.48,0.0,2352.7,,,,,0.0,0.0,9.2
2948.48,0.0,2352.7,,,,,0.0,0.0,9.2
2949.48,0.0,2352.7,,,,,0.0,0.0,9.2
2950.48,0.0,2352.7,,,,,0.0,0.0,9.2
2951.48,0.0,2352.7,,,,,0.0,0.0,9.2
2952.48,0.0,2352.7,,,,,0.0,0.0,9.2
2953.48,0.0,2352.7,,,,,0.0,0.0,9.2
2954.48,0.0,2352.7,,,,,0.0,0.0,9.2
2955.48,0.0,2352.7,,,,,0.0,0.0,9.2
2956.48,0.0,2352.7,,,,,0.0,0.0,9.2
2957.48,0.0,2352.7,,,,,0.0,0.0,9.2
2958.48,0.0,2352.7,,,,,0.0,0.0,9.2
2959.48,0.0,2352.7,,,,,0.0,0.0,9.2
2960.48,0.0,2352.7,,,,,0.0,0.0,9.2
2961.48,0.0,2352.7,,,,,0.0,0.0,9.2
2962.48,0.0,2352.7,,,,,0.0,0.0,9.2
2963.48,0.0,2352.7,,,,,0.0,0.0,9.2
2964.48,0.0,2352.7,,,,,0.0,0.0,9.2
2965.48,0.0,2352.7,,,,,0.0,0.0,9.2
2966.48,0.0,2352.7,,,,,0.0,0.0,9.2
2967.48,0.0,2352.7,,,,,0.0,0.0,9.2
2968.48,0.0,2352.7,,,,,0.0,0.0,9.2
2969.48,0.0,2352.7,,,,,0.0,0.0,9.2
2970.48,0.0,2352.7,,,,,0.0,0.0,9.2
2971.48,0.0,2352.7,,,,,0.0,0.0,9.2
2972.48,0.0,2352.7,,,,,0.0,0.0,9.2
2973.48,0.0,2352.7,,,,,0.0,0.0,9.2
2974.48,0.0,2352.7,,,,,0.0,0.0,9.2
2975.48,0.0,2352.7,,,,,0.0,0.0,9.2
2976.48,0.0,2352.7,,,,,0.0,0.0,9.2
2977.48,0.0,2352.7,,,,,0.0,0.0,9.2
2978.48,0.0,2352.7,,,,,0.0,0.0,9.2
2979.48,0.0,2352.7,,,,,0.0,0.0,9.2
2980.48,0.0,2352.7,,,,,0.0,0.0,9.2
2981.48,0.0,2352.7,,,,,0.0,0.0,9.2
2982.48,0.0,2352.7,,,,,0.0,0.0,9.2
2983.48,0.0,2352.7,,,,,0.0,0.0,9.2
2984.48,0.0,2352.7,,,,,0.0,0.0,9.2
2985.48,0.0,2352.7,,,,,0.0,0.0,9.2
2986.48,0.0,2352.7,,,,,0.0,0.0,9.2
2987.48,0.0,2352.7,,,,,0.0,0.0,9.2
2988.48,0.0,2352.7,,,,,0.0,0.0,9.2
2989.48,0.0,2352.7,,,,,0.0,0.0,9.2
2990.48,0.0,2352.7,,,,,0.0,0.0,9.2
2991.48,0.0,2352.7,,,,,0.0,0.0,9.2
2992.48,0.0,2352.7,,,,,0.0,0.0,9.2
2993.48,0.0,2352.7,,,,,0.0,0.0,9.2
2994.48,0.0,2352.7,,,,,0.0,0.0,9.2
2995.48,0.0,2352.7,,,,,0.0,0.0,9.2
2996.48,0.0,2352.7,,,,,0.0,0.0,9.2
2997.48,0.0,2352.7,,,,,0.0,0.0,9.2
2998.48,0.0,2352.7,,,,,0.0,0.0,9.2
2999.48,0.0,2352.7,,,,,0.0,0.0,9.2
3000.48,0.0,2352.7,,,,,0.0,0.0,9.2
3001.48,0.0,2352.7,,,,,0.0,0.0,9.2
3002.48,0.0,2352.7,,,,,0.0,0.0,9.2
3003.48,0.0,2352.7,,,,,0.0,0.0,9.2
3004.48,0.0,2352.7,,,,,0.0,0.0,9.2
3005.49,0.0,2352.7,,,,,0.0,0.0,9.2
3006.49,0.0,2352.7,,,,,0.0,0.0,9.2
3007.49,0.0,2352.7,,,,,0.0,0.0,9.2
3008.49,0.0,2352.7,,,,,0.0,0.0,9.2
3009.49,0.0,2352.7,,,,,0.0,0.0,9.2
3010.49,0.0,2352.7,,,,,0.0,0.0,9.2
3011.49,0.0,2352.7,,,,,0.0,0.0,9.2
3012.49,0.0,2352.7,,,,,0.0,0.0,9.2
3013.49,0.0,2352.7,,,,,0.0,0.0,9.2
3014.49,0.0,2352.7,,,,,0.0,0.0,9.2
3015.49,0.0,2352.7,,,,,0.0,0.0,9.2
3016.49,0.0,2352.7,,,,,0.0,0.0,9.2
3017.49,0.0,2352.7,,,,,0.0,0.0,9.2
3018.49,0.0,2352.7,,,,,0.0,0.0,9.2
3019.49,0.0,2352.7,,,,,0.0,0.0,9.2
3020.49,0.0,2352.7,,,,,0.0,0.0,9.2
3021.49,0.0,2352.7,,,,,0.0,0.0,9.2
3022.49,0.0,2352.7,,,,,0.0,0.0,9.2
3023.49,0.0,2352.7,,,,,0.0,0.0,9.2
3024.49,0.0,2352.7,,,,,0.0,0.0,9.2
3025.49,0.0,2352.7,,,,,0.0,0.0,9.2
3026.49,0.0,2352.7,,,,,0.0,0.0,9.2
3027.49,0.0,2352.7,,,,,0.0,0.0,9.2
3028.49,0.0,2352.7,,,,,0.0,0.0,9.2
3029.49,0.0,2352.7,,,,,0.0,0.0,9.2
3030.49,0.0,2352.7,,,,,0.0,0.0,9.2
3031.49,0.0,2352.7,,,,,0.0,0.0,9.2
3032.49,0.0,2352.7,,,,,0.0,0.0,9.2
3033.49,0.0,2352.7,,,,,0.0,0.0,9.2
3034.49,0.0,2352.7,,,,,0.0,0.0,9.2
3035.49,0.0,2352.7,,,,,0.0,0.0,9.2
3036.49,0.0,2352.7,,,,,0.0,0.0,9.2
3037.49,0.0,2352.7,,,,,0.0,0.0,9.2
3038.49,0.0,2352.7,,,,,0.0,0.0,9.2
3039.49,0.0,2352.7,,,,,0.0,0.0,9.2
3040.49,0.0,2352.7,,,,,0.0,0.0,9.2
3041.49,0.0,2352.7,,,,,0.0,0.0,9.2
3042.49,0.0,2352.7,,,,,0.0,0.0,9.2
3043.49,0.0,2352.7,,,,,0.0,0.0,9.2
3044.49,0.0,2352.7,,,,,0.0,0.0,9.2
3045.49,0.0,2352.7,,,,,0.0,0.0,9.2
3046.49,0.0,2352.7,,,,,0.0,0.0,9.2
3047.49,0.0,2352.7,,,,,0.0,0.0,9.2
3048.49,0.0,2352.7,,,,,0.0,0.0,9.2
3049.49,0.0,2352.7,,,,,0.0,0.0,9.2
3050.49,0.0,2352.7,,,,,0.0,0.0,9.2
3051.49,0.0,2352.7,,,,,0.0,0.0,9.2
3052.49,0.0,2352.7,,,,,0.0,0.0,9.2
3053.49,0.0,2352.7,,,,,0.0,0.0,9.2
3054.49,0.0,2352.7,,,,,0.0,0.0,9.2
3055.49,0.0,2352.7,,,,,0.0,0.0,9.2
3056.49,0.0,2352.7,,,,,0.0,0.0,9.2
3057.49,0.0,2352.7,,,,,0.0,0.0,9.2
3058.49,0.0,2352.7,,,,,0.0,0.0,9.2
3059.49,0.0,2352.7,,,,,0.0,0.0,9.2
3060.49,0.0,2352.7,,,,,0.0,0.0,9.2
3061.49,0.0,2352.7,,,,,0.0,0.0,9.2
3062.49,0.0,2352.7,,,,,0.0,0.0,9.2
3063.49,0.0,2352.7,,,,,0.0,0.0,9.2
3064.49,0.0,2352.7,,,,,0.0,0.0,9.2
3065.49,0.0,2352.7,,,,,0.0,0.0,9.2
3066.49,0.0,2352.7,,,,,0.0,0.0,9.2
3067.49,0.0,2352.7,,,,,0.0,0.0,9.2
3068.5,0.0,2352.7,,,,,0.0,0.0,9.2
3069.5,0.0,2352.7,,,,,0.0,0.0,9.2
3070.5,0.0,2352.7,,,,,0.0,0.0,9.2
3071.5,0.0,2352.7,,,,,0.0,0.0,9.2
3072.5,0.0,2352.7,,,,,0.0,0.0,9.2
3073.5,0.0,2352.7,,,,,0.0,0.0,9.2
3074.5,0.0,2352.7,,,,,0.0,0.0,9.2
3075.5,0.0,2352.7,,,,,0.0,0.0,9.2
3076.5,0.0,2352.7,,,,,0.0,0.0,9.2
3077.5,0.0,2352.7,,,,,0.0,0.0,9.2
3078.5,0.0,2352.7,,,,,0.0,0.0,9.2
3079.5,0.0,2352.7,,,,,0.0,0.0,9.2
3080.5,0.0,2352.7,,,,,0.0,0.0,9.2
3081.5,0.0,2352.7,,,,,0.0,0.0,9.2
3082.5,0.0,2352.7,,,,,0.0,0.0,9.2
3083.5,0.0,2352.7,,,,,0.0,0.0,9.2
3084.5,0.0,2352.7,,,,,0.0,0.0,9.2
3085.5,0.0,2352.7,,,,,0.0,0.0,9.2
3086.5,0.0,2352.7,,,,,0.0,0.0,9.2
3087.5,0.0,2352.7,,,,,0.0,0.0,9.2
3088.5,0.0,2352.7,,,,,0.0,0.0,9.2
3089.5,0.0,2352.7,,,,,0.0,0.0,9.2
3090.5,0.0,2352.7,,,,,0.0,0.0,9.2
3091.5,0.0,2352.7,,,,,0.0,0.0,9.2
3092.5,0.0,2352.7,,,,,0.0,0.0,9.2
3093.5,0.0,2352.7,,,,,0.0,0.0,9.2
3094.5,0.0,2352.7,,,,,0.0,0.0,9.2
3095.5,0.0,2352.7,,,,,0.0,0.0,9.2
3096.5,0.0,2352.7,,,,,0.0,0.0,9.2
3097.5,0.0,2352.7,,,,,0.0,0.0,9.2
3098.5,0.0,2352.7,,,,,0.0,0.0,9.2
3099.5,0.0,2352.7,,,,,0.0,0.0,9.2
3100.5,0.0,2352.7,,,,,0.0,0.0,9.2
3101.5,0.0,2352.7,,,,,0.0,0.0,9.2
3102.5,0.0,2352.7,,,,,0.0,0.0,9.2
3103.5,0.0,2352.7,,,,,0.0,0.0,9.2
3104.5,0.0,2352.7,,,,,0.0,0.0,9.2
3105.5,0.0,2352.7,,,,,0.0,0.0,9.2
3106.5,0.0,2352.7,,,,,0.0,0.0,9.2
3107.5,0.0,2352.7,,,,,0.0,0.0,9.2
3108.5,0.0,2352.7,,,,,0.0,0.0,9.2
3109.5,0.0,2352.7,,,,,0.0,0.0,9.2
3110.5,0.0,2352.7,,,,,0.0,0.0,9.2
3111.5,0.0,2352.7,,,,,0.0,0.0,9.2
3112.5,0.0,2352.7,,,,,0.0,0.0,9.2
3113.5,0.0,2352.7,,,,,0.0,0.0,9.2
3114.5,0.0,2352.7,,,,,0.0,0.0,9.2
3115.5,0.0,2352.7,,,,,0.0,0.0,9.2
3116.5,0.0,2352.7,,,,,0.0,0.0,9.2
3117.5,0.0,2352.7,,,,,0.0,0.0,9.2
3118.5,0.0,2352.7,,,,,0.0,0.0,9.2
3119.5,0.0,2352.7,,,,,0.0,0.0,9.2
3120.5,0.0,2352.7,,,,,0.0,0.0,9.2
3121.5,0.0,2352.7,,,,,0.0,0.0,9.2
3122.5,0.0,2352.7,,,,,0.0,0.0,9.2
3123.5,0.0,2352.7,,,,,0.0,0.0,9.2
3124.5,0.0,2352.7,,,,,0.0,0.0,9.2
3125.5,0.0,2352.7,,,,,0.0,0.0,9.2
3126.5,0.0,2352.7,,,,,0.0,0.0,9.2
3127.5,0.0,2352.7,,,,,0.0,0.0,9.2
3128.5,0.0,2352.7,,,,,0.0,0.0,9.2
3129.5,0.0,2352.7,,,,,0.0,0.0,9.2
3130.5,0.0,2352.7,,,,,0.0,0.0,9.2
3131.5,0.0,2352.7,,,,,0.0,0.0,9.2
3132.51,0.0,2352.7,,,,,0.0,0.0,9.2
3133.51,0.0,2352.7,,,,,0.0,0.0,9.2
3134.51,0.0,2352.7,,,,,0.0,0.0,9.2
3135.51,0.0,2352.7,,,,,0.0,0.0,9.2
3136.51,0.0,2352.7,,,,,0.0,0.0,9.2
3137.51,0.0,2352.7,,,,,0.0,0.0,9.2
3138.51,0.0,2352.7,,,,,0.0,0.0,9.2
3139.51,0.0,2352.7,,,,,0.0,0.0,9.2
3140.51,0.0,2352.7,,,,,0.0,0.0,9.2
3141.51,0.0,2352.7,,,,,0.0,0.0,9.2
3142.51,0.0,2352.7,,,,,0.0,0.0,9.2
3143.51,0.0,2352.7,,,,,0.0,0.0,9.2
3144.51,0.0,2352.7,,,,,0.0,0.0,9.2
3145.51,0.0,2352.7,,,,,0.0,0.0,9.2
3146.51,0.0,2352.7,,,,,0.0,0.0,9.2
3147.51,0.0,2352.7,,,,,0.0,0.0,9.2
3148.51,0.0,2352.7,,,,,0.0,0.0,9.2
3149.51,0.0,2352.7,,,,,0.0,0.0,9.2
3150.51,0.0,2352.7,,,,,0.0,0.0,9.2
3151.51,0.0,2352.7,,,,,0.0,0.0,9.2
3152.51,0.0,2352.7,,,,,0.0,0.0,9.2
3153.51,0.0,2352.7,,,,,0.0,0.0,9.2
3154.51,0.0,2352.7,,,,,0.0,0.0,9.2
3155.51,0.0,2352.7,,,,,0.0,0.0,9.2
3156.51,0.0,2352.7,,,,,0.0,0.0,9.2
3157.51,0.0,2352.7,,,,,0.0,0.0,9.2
3158.51,0.0,2352.7,,,,,0.0,0.0,9.2
3159.51,0.0,2352.7,,,,,0.0,0.0,9.2
3160.51,0.0,2352.7,,,,,0.0,0.0,9.2
3161.51,0.0,2352.7,,,,,0.0,0.0,9.2
3162.51,0.0,2352.7,,,,,0.0,0.0,9.2
3163.51,0.0,2352.7,,,,,0.0,0.0,9.2
3164.51,0.0,2352.7,,,,,0.0,0.0,9.2
3165.51,0.0,2352.7,,,,,0.0,0.0,9.2
3166.51,0.0,2352.7,,,,,0.0,0.0,9.2
3167.51,0.0,2352.7,,,,,0.0,0.0,9.2
3168.51,0.0,2352.7,,,,,0.0,0.0,9.2
3169.51,0.0,2352.7,,,,,0.0,0.0,9.2
3170.51,0.0,2352.7,,,,,0.0,0.0,9.2
3171.51,0.0,2352.7,,,,,0.0,0.0,9.2
3172.51,0.0,2352.7,,,,,0.0,0.0,9.2
3173.51,0.0,2352.7,,,,,0.0,0.0,9.2
3174.51,0.0,2352.7,,,,,0.0,0.0,9.2
3175.51,0.0,2352.7,,,,,0.0,0.0,9.2
3176.51,0.0,2352.7,,,,,0.0,0.0,9.2
3177.51,0.0,2352.7,,,,,0.0,0.0,9.2
3178.51,0.0,2352.7,,,,,0.0,0.0,9.2
3179.51,0.0,2352.7,,,,,0.0,0.0,9.2
3180.51,0.0,2352.7,,,,,0.0,0.0,9.2
3181.51,0.0,2352.7,,,,,0.0,0.0,9.2
3182.51,0.0,2352.7,,,,,0.0,0.0,9.2
3183.51,0.0,2352.7,,,,,0.0,0.0,9.2
3184.51,0.0,2352.7,,,,,0.0,0.0,9.2
3185.51,0.0,2352.7,,,,,0.0,0.0,9.2
3186.51,0.0,2352.7,,,,,0.0,0.0,9.2
3187.51,0.0,2352.7,,,,,0.0,0.0,9.2
3188.51,0.0,2352.7,,,,,0.0,0.0,9.2
3189.51,0.0,2352.7,,,,,0.0,0.0,9.2
3190.51,0.0,2352.7,,,,,0.0,0.0,9.2
3191.52,0.0,2352.7,,,,,0.0,0.0,9.2
3192.52,0.0,2352.7,,,,,0.0,0.0,9.2
3193.52,0.0,2352.7,,,,,0.0,0.0,9.2
3194.52,0.0,2352.7,,,,,0.0,0.0,9.2
3195.52,0.0,2352.7,,,,,0.0,0.0,9.2
3196.52,0.0,2352.7,,,,,0.0,0.0,9.2
3197.52,0.0,2352.7,,,,,0.0,0.0,9.2
3198.52,0.0,2352.7,,,,,0.0,0.0,9.2
3199.52,0.0,2352.7,,,,,0.0,0.0,9.2
3200.52,0.0,2352.7,,,,,0.0,0.0,9.2
3201.52,0.0,2352.7,,,,,0.0,0.0,9.2
3202.52,0.0,2352.7,,,,,0.0,0.0,9.2
3203.52,0.0,2352.7,,,,,0.0,0.0,9.2
3204.52,0.0,2352.7,,,,,0.0,0.0,9.2
3205.52,0.0,2352.7,,,,,0.0,0.0,9.2
3206.52,0.0,2352.7,,,,,0.0,0.0,9.2
3207.52,0.0,2352.7,,,,,0.0,0.0,9.2
3208.52,0.0,2352.7,,,,,0.0,0.0,9.2
3209.52,0.0,2352.7,,,,,0.0,0.0,9.2
3210.52,0.0,2352.7,,,,,0.0,0.0,9.2
3211.52,0.0,2352.7,,,,,0.0,0.0,9.2
3212.52,0.0,2352.7,,,,,0.0,0.0,9.2
3213.52,0.0,2352.7,,,,,0.0,0.0,9.2
3214.52,0.0,2352.7,,,,,0.0,0.0,9.2
3215.52,0.0,2352.7,,,,,0.0,0.0,9.2
3216.52,0.0,2352.7,,,,,0.0,0.0,9.2
3217.52,0.0,2352.7,,,,,0.0,0.0,9.2
3218.52,0.0,2352.7,,,,,0.0,0.0,9.2
3219.52,0.0,2352.7,,,,,0.0,0.0,9.2
3220.52,0.0,2352.7,,,,,0.0,0.0,9.2
3221.52,0.0,2352.7,,,,,0.0,0.0,9.2
3222.52,0.0,2352.7,,,,,0.0,0.0,9.2
3223.52,0.0,2352.7,,,,,0.0,0.0,9.2
3224.52,0.0,2352.7,,,,,0.0,0.0,9.2
3225.52,0.0,2352.7,,,,,0.0,0.0,9.2
3226.52,0.0,2352.7,,,,,0.0,0.0,9.2
3227.52,0.0,2352.7,,,,,0.0,0.0,9.2
3228.52,0.0,2352.7,,,,,0.0,0.0,9.2
3229.52,0.0,2352.7,,,,,0.0,0.0,9.2
3230.52,0.0,2352.7,,,,,0.0,0.0,9.2
3231.52,0.0,2352.7,,,,,0.0,0.0,9.2
3232.52,0.0,2352.7,,,,,0.0,0.0,9.2
3233.52,0.0,2352.7,,,,,0.0,0.0,9.2
3234.52,0.0,2352.7,,,,,0.0,0.0,9.2
3235.52,0.0,2352.7,,,,,0.0,0.0,9.2
3236.52,0.0,2352.7,,,,,0.0,0.0,9.2
3237.52,0.0,2352.7,,,,,0.0,0.0,9.2
3238.52,0.0,2352.7,,,,,0.0,0.0,9.2
3239.52,0.0,2352.7,,,,,0.0,0.0,9.2
3240.52,0.0,2352.7,,,,,0.0,0.0,9.2
3241.52,0.0,2352.7,,,,,0.0,0.0,9.2
3242.52,0.0,2352.7,,,,,0.0,0.0,9.2
3243.52,0.0,2352.7,,,,,0.0,0.0,9.2
3244.52,0.0,2352.7,,,,,0.0,0.0,9.2
3245.53,0.0,2352.7,,,,,0.0,0.0,9.2
3246.53,0.0,2352.7,,,,,0.0,0.0,9.2
3247.53,0.0,2352.7,,,,,0.0,0.0,9.2
3248.53,0.0,2352.7,,,,,0.0,0.0,9.2
3249.53,0.0,2352.7,,,,,0.0,0.0,9.2
3250.53,0.0,2352.7,,,,,0.0,0.0,9.2
3251.53,0.0,2352.7,,,,,0.0,0.0,9.2
3252.53,0.0,2352.7,,,,,0.0,0.0,9.2
3253.53,0.0,2352.7,,,,,0.0,0.0,9.2
3254.53,0.0,2352.7,,,,,0.0,0.0,9.2
3255.53,0.0,2352.7,,,,,0.0,0.0,9.2
3256.53,0.0,2352.7,,,,,0.0,0.0,11.6
3257.53,0.0,2352.7,,,,,0.0,0.0,158.9
3258.53,0.0,2352.7,,,,,0.0,0.0,200.7
3259.53,0.0,2352.7,,,,,0.0,0.0,248.6
3260.53,0.0,2352.7,,,,,0.0,0.0,470.1
3261.53,0.0,2352.7,,,,,0.0,0.0,962.0
3262.53,0.0,2352.7,,,,,0.0,0.0,1106.2
3263.53,0.0,2352.7,,,,,0.0,0.0,1622.8
3264.53,0.0,2352.7,,,,,0.0,0.0,2802.4
3265.53,0.0,2352.7,,,,,0.0,0.0,4172.0
3266.53,0.0,2352.7,,,,,0.0,0.0,5178.4
3267.53,0.0,2352.7,,,,,0.0,0.0,6114.5
3268.53,0.0,2352.7,,,,,0.0,0.0,7688.5
3269.53,0.0,2352.7,,,,,0.0,0.0,8780.2
3270.53,0.0,2352.7,,,,,0.0,0.0,9787.8
3271.53,0.0,8945.9,,,,,0.0,0.0,10292.1
3272.53,0.0,8945.9,,,,,0.0,0.0,10695.6
3273.53,0.0,9073.3,,,,,0.0,0.0,10960.5
3274.53,0.0,9073.3,,,,,0.0,0.0,11199.8
3275.53,0.0,15665.9,,,,,0.0,0.0,11213.3
3276.53,0.0,15666.5,,,,,0.0,0.0,11213.5
3277.53,0.0,15794.0,,,,,0.0,0.0,11213.7
3278.53,0.0,15794.0,,,,,0.0,0.0,11213.7
3279.53,0.0,16076.6,,,,,0.0,0.0,11213.7
3280.53,0.0,16308.7,,,,,0.0,0.0,9694.7
3281.53,0.0,16308.7,,,,,0.0,0.0,10011.6
3282.53,0.0,16308.7,,,,,0.0,0.0,10161.7
3283.53,0.0,16591.7,,,,,0.0,0.0,10253.4
3284.53,0.0,16815.9,,,,,0.0,0.0,10416.8
3285.53,0.0,16823.7,,,,,0.0,0.0,9018.6
3286.53,0.0,16823.7,,,,,0.0,0.0,9192.6
3287.53,0.0,16823.7,,,,,0.0,0.0,9278.2
3288.53,46.55,16900.0,,,,,46.54,46.55,9361.1
3289.53,0.0,16900.0,,,,,0.0,0.0,9470.8
3290.53,0.0,16900.0,,,,,0.0,0.0,9560.8
3291.53,0.0,16900.0,,,,,0.0,0.0,10105.9
3292.53,0.0,16900.0,,,,,0.0,0.0,10114.5
3293.53,0.0,16900.0,,,,,0.0,0.0,10115.7
3294.53,0.0,16900.0,,,,,0.0,0.0,10115.7
3295.53,0.0,16900.0,,,,,0.0,0.0,10118.0
3296.53,0.0,16900.0,,,,,0.0,0.0,10118.0
3297.53,0.0,16900.0,,,,,0.0,0.0,10118.0
3298.53,0.0,16900.0,,,,,0.0,0.0,10118.0
3299.53,0.0,16900.0,,,,,0.0,0.0,10122.5
3300.53,0.0,16900.0,,,,,0.0,0.0,10326.2
3301.53,0.0,16900.0,,,,,0.0,0.0,10330.3
3302.53,0.0,16900.0,,,,,0.0,0.0,10336.8
3303.53,0.0,16900.0,,,,,0.0,0.0,10343.0
3304.53,0.0,16900.0,,,,,0.0,0.0,10343.0
3305.53,0.0,16900.0,,,,,0.0,0.0,10343.0
3306.53,0.0,16900.0,,,,,0.0,0.0,10343.0
3307.53,0.0,16900.0,,,,,0.0,0.0,10343.0
3308.54,0.0,16900.0,,,,,0.0,0.0,10343.0
3309.54,0.0,16900.0,,,,,0.0,0.0,10343.0
3310.54,0.0,16900.0,,,,,0.0,0.0,10343.0
3311.54,0.0,16900.0,,,,,0.0,0.0,10343.0
3312.54,0.0,16900.0,,,,,0.0,0.0,10343.0
3313.54,0.0,16900.0,,,,,0.0,0.0,10343.0
3314.54,0.0,16900.0,,,,,0.0,0.0,10343.0
3315.54,0.0,16900.0,,,,,0.0,0.0,10343.0
3316.54,0.0,16900.0,,,,,0.0,0.0,10343.0
3317.54,0.0,16900.0,,,,,0.0,0.0,10343.0
3318.54,0.0,16900.0,,,,,0.0,0.0,10343.0
3319.54,0.0,16900.0,,,,,0.0,0.0,10343.0
3320.54,0.0,16900.0,,,,,0.0,0.0,10343.0
3321.54,0.0,16900.0,,,,,0.0,0.0,10343.0
3322.54,0.0,16900.0,,,,,0.0,0.0,10343.0
3323.54,0.0,16900.0,,,,,0.0,0.0,10343.0
3324.54,0.0,16900.0,,,,,0.0,0.0,10343.0
3325.54,0.0,16900.0,,,,,0.0,0.0,10343.0
3326.54,0.0,16900.0,,,,,0.0,0.0,10343.0
3327.54,0.0,16900.0,,,,,0.0,0.0,10343.0
3328.54,0.0,16900.0,,,,,0.0,0.0,10343.0
3329.54,0.0,16900.0,,,,,0.0,0.0,10343.0
3330.54,0.0,16900.0,,,,,0.0,0.0,10343.0
3331.54,0.0,16900.0,,,,,0.0,0.0,10343.0
3332.54,0.0,16900.0,,,,,0.0,0.0,10343.0
3333.54,0.0,16900.0,,,,,0.0,0.0,10343.0
3334.54,0.0,16900.0,,,,,0.0,0.0,10343.0
3335.54,0.0,16900.0,,,,,0.0,0.0,10343.0
3336.54,0.0,16900.0,,,,,0.0,0.0,10343.0
3337.54,0.0,16900.0,,,,,0.0,0.0,10343.0
3338.54,0.0,16900.0,,,,,0.0,0.0,10343.0
3339.54,0.0,16900.0,,,,,0.0,0.0,10343.0
3340.54,0.0,16900.0,,,,,0.0,0.0,10343.0
3341.54,0.0,16900.0,,,,,0.0,0.0,10343.0
3342.54,0.0,16900.0,,,,,0.0,0.0,10343.0
3343.54,0.0,16900.0,,,,,0.0,0.0,10343.0
3344.54,0.0,16900.0,,,,,0.0,0.0,10343.0
3345.54,0.0,16900.0,,,,,0.0,0.0,10343.0
3346.54,0.0,16900.0,,,,,0.0,0.0,10343.0
3347.54,0.0,16900.0,,,,,0.0,0.0,10343.0
3348.54,0.0,16900.0,,,,,0.0,0.0,10343.0
3349.54,0.0,16900.0,,,,,0.0,0.0,10343.0
3350.54,0.0,16900.0,,,,,0.0,0.0,10343.0
3351.54,0.0,16900.0,,,,,0.0,0.0,10343.0
3352.54,0.0,16900.0,,,,,0.0,0.0,10343.0
3353.54,0.0,16900.0,,,,,0.0,0.0,10343.0
3354.54,0.0,16900.0,,,,,0.0,0.0,10343.0
3355.54,0.0,16900.0,,,,,0.0,0.0,10343.0
3356.54,0.0,16900.0,,,,,0.0,0.0,10343.0
3357.54,0.0,16900.0,,,,,0.0,0.0,10343.0
3358.55,0.0,16900.0,,,,,0.0,0.0,10343.0
3359.55,0.0,16900.0,,,,,0.0,0.0,10343.0
3360.55,0.0,16900.0,,,,,0.0,0.0,10343.0
3361.55,0.0,16900.0,,,,,0.0,0.0,10343.0
3362.55,0.0,16900.0,,,,,0.0,0.0,10343.0
3363.55,0.0,16900.0,,,,,0.0,0.0,10343.0
3364.55,0.0,16900.0,,,,,0.0,0.0,10343.0
3365.55,0.0,16900.0,,,,,0.0,0.0,10343.0
3366.55,0.0,16900.0,,,,,0.0,0.0,10343.0
3367.55,0.0,16900.0,,,,,0.0,0.0,10343.0
3368.55,0.0,16900.0,,,,,0.0,0.0,10343.0
3369.55,0.0,16900.0,,,,,0.0,0.0,10343.0
3370.55,0.0,16900.0,,,,,0.0,0.0,10343.0
3371.55,0.0,16900.0,,,,,0.0,0.0,10343.0
3372.55,0.0,16900.0,,,,,0.0,0.0,10343.0
3373.55,0.0,16900.0,,,,,0.0,0.0,10343.0
3374.55,0.0,16900.0,,,,,0.0,0.0,10343.0
3375.55,0.0,16900.0,,,,,0.0,0.0,10343.0
3376.55,0.0,16900.0,,,,,0.0,0.0,10343.0
3377.55,0.0,16900.0,,,,,0.0,0.0,10343.0
3378.55,0.0,16900.0,,,,,0.0,0.0,10343.0
3379.55,0.0,16900.0,,,,,0.0,0.0,10343.0
3380.55,0.0,16900.0,,,,,0.0,0.0,10343.0
3381.55,0.0,16900.0,,,,,0.0,0.0,10343.0
3382.55,0.0,16900.0,,,,,0.0,0.0,10343.0
3383.55,0.0,16900.0,,,,,0.0,0.0,10343.0
3384.55,0.0,16900.0,,,,,0.0,0.0,10343.0
3385.55,0.0,16900.0,,,,,0.0,0.0,10343.0
3386.55,0.0,16900.0,,,,,0.0,0.0,10343.0
3387.55,0.0,16900.0,,,,,0.0,0.0,10343.0
3388.55,0.0,16900.0,,,,,0.0,0.0,10343.0
3389.55,0.0,16900.0,,,,,0.0,0.0,10343.0
3390.55,0.0,16900.0,,,,,0.0,0.0,10343.0
3391.55,0.0,16900.0,,,,,0.0,0.0,10343.0
3392.55,0.0,16900.0,,,,,0.0,0.0,10343.0
3393.55,0.0,16900.0,,,,,0.0,0.0,10343.0
3394.55,0.0,16900.0,,,,,0.0,0.0,10343.0
3395.55,0.0,16900.0,,,,,0.0,0.0,10343.0
3396.55,0.0,16900.0,,,,,0.0,0.0,10343.0
3397.55,0.0,16900.0,,,,,0.0,0.0,10343.0
3398.55,0.0,16900.0,,,,,0.0,0.0,10343.0
3399.55,0.0,16900.0,,,,,0.0,0.0,10343.0
3400.55,0.0,16900.0,,,,,0.0,0.0,10343.0
3401.55,0.0,16900.0,,,,,0.0,0.0,10343.0
3402.55,0.0,16900.0,,,,,0.0,0.0,10343.0
3403.55,0.0,16900.0,,,,,0.0,0.0,10343.0
3404.55,0.0,16900.0,,,,,0.0,0.0,10343.0
3405.55,0.0,16900.0,,,,,0.0,0.0,10343.0
3406.55,0.0,16900.0,,,,,0.0,0.0,10343.0
3407.55,0.0,16900.0,,,,,0.0,0.0,10343.0
3408.56,0.0,16900.0,,,,,0.0,0.0,10343.0
3409.56,0.0,16900.0,,,,,0.0,0.0,10343.0
3410.56,0.0,16900.0,,,,,0.0,0.0,10343.0
3411.56,0.0,16900.0,,,,,0.0,0.0,10343.0
3412.56,0.0,16900.0,,,,,0.0,0.0,10343.0
3413.56,0.0,16900.0,,,,,0.0,0.0,10343.0
3414.56,0.0,16900.0,,,,,0.0,0.0,10343.0
3415.56,0.0,16900.0,,,,,0.0,0.0,10343.0
3416.56,0.0,16900.0,,,,,0.0,0.0,10343.0
3417.56,0.0,16900.0,,,,,0.0,0.0,10343.0
3418.56,0.0,16900.0,,,,,0.0,0.0,10343.0
3419.56,0.0,16900.0,,,,,0.0,0.0,10343.0
3420.56,0.0,16900.0,,,,,0.0,0.0,10343.0
3421.56,0.0,16900.0,,,,,0.0,0.0,10343.0
3422.56,0.0,16900.0,,,,,0.0,0.0,10343.0
3423.56,0.0,16900.0,,,,,0.0,0.0,10343.0
3424.56,0.0,16900.0,,,,,0.0,0.0,10343.0
3425.56,0.0,16900.0,,,,,0.0,0.0,10343.0
3426.56,0.0,16900.0,,,,,0.0,0.0,10343.0
3427.56,0.0,16900.0,,,,,0.0,0.0,10343.0
3428.56,0.0,16900.0,,,,,0.0,0.0,10343.0
3429.56,0.0,16900.0,,,,,0.0,0.0,10343.0
3430.56,0.0,16900.0,,,,,0.0,0.0,10343.0
3431.56,0.0,16900.0,,,,,0.0,0.0,10343.0
3432.56,0.0,16900.0,,,,,0.0,0.0,10343.0
3433.56,0.0,16900.0,,,,,0.0,0.0,10343.0
3434.56,0.0,16900.0,,,,,0.0,0.0,10343.0
3435.56,0.0,16900.0,,,,,0.0,0.0,10343.0
3436.56,0.0,16900.0,,,,,0.0,0.0,10343.0
3437.56,0.0,16900.0,,,,,0.0,0.0,10343.0
3438.56,0.0,16900.0,,,,,0.0,0.0,10343.0
3439.56,0.0,16900.0,,,,,0.0,0.0,10343.0
3440.56,0.0,16900.0,,,,,0.0,0.0,10343.0
3441.56,0.0,16900.0,,,,,0.0,0.0,10343.0
3442.56,0.0,16900.0,,,,,0.0,0.0,10343.0
3443.56,0.0,16900.0,,,,,0.0,0.0,10343.0
3444.56,0.0,16900.0,,,,,0.0,0.0,10343.0
3445.56,0.0,16900.0,,,,,0.0,0.0,10343.0
3446.56,0.0,16900.0,,,,,0.0,0.0,10343.0
