t_s,gpu_util_pct,mem_used_mib,power_w,temp_c,sclk_mhz,mclk_mhz,util_nc0,util_nc1,util_nc2,util_nc3,host_mem_used_mib
0.0,,,,,,,,,,,
1.0,0.0,0.0,,,,,0.0,0.0,0.0,0.0,0.0
2.0,0.0,0.0,,,,,0.0,0.0,0.0,0.0,0.0
3.0,0.0,0.0,,,,,0.0,0.0,0.0,0.0,0.0
4.0,0.0,0.0,,,,,0.0,0.0,0.0,0.0,0.0
5.0,0.0,0.0,,,,,0.0,0.0,0.0,0.0,0.0
6.0,0.0,0.0,,,,,0.0,0.0,0.0,0.0,0.0
7.0,0.0,0.0,,,,,0.0,0.0,0.0,0.0,0.0
8.0,0.0,0.0,,,,,0.0,0.0,0.0,0.0,4498.0
9.0,0.0,0.0,,,,,0.0,0.0,0.0,0.0,4498.0
10.0,0.0,0.0,,,,,0.0,0.0,0.0,0.0,4498.0
11.0,0.0,0.0,,,,,0.0,0.0,0.0,0.0,4498.0
12.0,0.0,3.5,,,,,0.0,0.0,0.0,0.0,4499.5
13.0,0.0,3.5,,,,,0.0,0.0,0.0,0.0,4499.5
14.0,0.0,3.5,,,,,0.0,0.0,0.0,0.0,4499.5
15.0,0.0,3.5,,,,,0.0,0.0,0.0,0.0,4499.5
16.0,0.0,3.5,,,,,0.0,0.0,0.0,0.0,4499.5
17.0,0.0,3.5,,,,,0.0,0.0,0.0,0.0,4499.5
18.0,0.0,3.5,,,,,0.0,0.0,0.0,0.0,4499.5
19.0,0.0,3.5,,,,,0.0,0.0,0.0,0.0,4499.5
20.0,0.0,3.5,,,,,0.0,0.0,0.0,0.0,4499.5
21.0,0.0,3.5,,,,,0.0,0.0,0.0,0.0,4499.5
22.0,0.01,335.5,,,,,0.01,0.01,0.01,0.01,5528.0
23.0,0.0,335.5,,,,,0.0,0.0,0.0,0.0,6438.2
24.01,0.0,335.5,,,,,0.0,0.0,0.0,0.0,7617.0
25.01,0.0,335.5,,,,,0.0,0.0,0.0,0.0,9029.6
26.01,0.0,335.5,,,,,0.0,0.0,0.0,0.0,10206.3
27.01,0.0,335.5,,,,,0.0,0.0,0.0,0.0,11514.4
28.01,0.0,335.5,,,,,0.0,0.0,0.0,0.0,13067.2
29.01,0.0,335.5,,,,,0.0,0.0,0.0,0.0,14236.3
30.01,0.0,335.5,,,,,0.0,0.0,0.0,0.0,15420.5
31.01,0.0,335.5,,,,,0.0,0.0,0.0,0.0,16617.1
32.01,0.0,335.5,,,,,0.0,0.0,0.0,0.0,17820.1
33.01,0.0,335.5,,,,,0.0,0.0,0.0,0.0,19034.2
34.01,0.0,335.5,,,,,0.0,0.0,0.0,0.0,22092.4
35.01,0.0,335.5,,,,,0.0,0.0,0.0,0.0,22159.0
36.01,0.0,335.5,,,,,0.0,0.0,0.0,0.0,20809.0
37.01,0.0,335.5,,,,,0.0,0.0,0.0,0.0,21920.2
38.01,0.0,335.5,,,,,0.0,0.0,0.0,0.0,20684.7
39.01,0.0,335.5,,,,,0.0,0.0,0.0,0.0,21763.4
40.01,0.0,335.5,,,,,0.0,0.0,0.0,0.0,20559.6
41.01,0.0,335.5,,,,,0.0,0.0,0.0,0.0,21692.2
42.01,0.0,335.5,,,,,0.0,0.0,0.0,0.0,20431.9
43.01,0.0,335.5,,,,,0.0,0.0,0.0,0.0,21682.0
44.01,0.0,335.5,,,,,0.0,0.0,0.0,0.0,20311.2
45.01,0.0,335.5,,,,,0.0,0.0,0.0,0.0,21632.0
46.01,0.0,335.5,,,,,0.0,0.0,0.0,0.0,20192.0
47.01,0.0,335.5,,,,,0.0,0.0,0.0,0.0,21565.1
48.01,0.0,335.5,,,,,0.0,0.0,0.0,0.0,20089.3
49.01,0.0,335.5,,,,,0.0,0.0,0.0,0.0,21476.4
50.01,0.0,335.5,,,,,0.0,0.0,0.0,0.0,20785.1
51.01,0.0,335.5,,,,,0.0,0.0,0.0,0.0,21376.3
52.01,0.0,335.5,,,,,0.0,0.0,0.0,0.0,21356.8
53.01,0.0,335.5,,,,,0.0,0.0,0.0,0.0,21271.3
54.01,0.0,335.5,,,,,0.0,0.0,0.0,0.0,21959.5
55.01,0.0,335.5,,,,,0.0,0.0,0.0,0.0,21181.2
56.01,0.0,335.5,,,,,0.0,0.0,0.0,0.0,22007.8
57.01,0.0,335.5,,,,,0.0,0.0,0.0,0.0,34005.9
58.01,0.0,335.5,,,,,0.0,0.0,0.0,0.0,37296.1
59.01,0.0,335.5,,,,,0.0,0.0,0.0,0.0,36662.1
60.01,0.0,335.5,,,,,0.0,0.0,0.0,0.0,49990.6
61.01,0.0,335.5,,,,,0.0,0.0,0.0,0.0,35975.9
62.01,0.02,338.7,,,,,0.02,0.02,0.02,0.02,20928.5
63.01,0.0,338.7,,,,,0.0,0.0,0.0,0.0,21307.1
64.01,0.0,338.7,,,,,0.0,0.0,0.0,0.0,21307.1
65.01,0.0,338.7,,,,,0.0,0.0,0.0,0.0,21497.7
66.01,0.03,4739.4,,,,,0.01,0.02,0.03,0.03,18213.0
67.01,0.0,15892.6,,,,,0.0,0.0,0.0,0.0,9760.4
68.02,0.0,16102.6,,,,,0.0,0.0,0.0,0.0,8262.2
69.02,0.0,16102.6,,,,,0.0,0.0,0.0,0.0,7349.1
70.02,0.0,16102.6,,,,,0.0,0.0,0.0,0.0,7350.5
71.02,0.0,16102.6,,,,,0.0,0.0,0.0,0.0,7351.6
72.02,0.0,16102.6,,,,,0.0,0.0,0.0,0.0,7422.3
73.02,0.0,16102.6,,,,,0.0,0.0,0.0,0.0,8033.1
74.02,0.0,16102.6,,,,,0.0,0.0,0.0,0.0,8390.4
75.02,0.0,16102.6,,,,,0.0,0.0,0.0,0.0,10884.8
76.02,0.0,17583.6,,,,,0.0,0.0,0.0,0.0,12841.3
77.02,0.0,22363.4,,,,,0.0,0.0,0.0,0.0,14127.9
78.02,0.0,22837.4,,,,,0.0,0.0,0.0,0.0,10036.7
79.02,45.74,22801.1,,,,,45.74,45.75,45.74,45.75,10976.7
80.02,0.0,22801.1,,,,,0.0,0.0,0.0,0.0,10977.1
81.02,0.0,22801.1,,,,,0.0,0.0,0.0,0.0,10978.2
82.02,0.0,22801.1,,,,,0.0,0.0,0.0,0.0,11067.0
83.02,0.0,22801.1,,,,,0.0,0.0,0.0,0.0,11366.1
84.02,0.0,22801.1,,,,,0.0,0.0,0.0,0.0,11696.3
85.02,0.0,22801.1,,,,,0.0,0.0,0.0,0.0,14471.0
86.02,0.0,22900.9,,,,,0.0,0.0,0.0,0.0,15749.2
87.02,0.0,23070.4,,,,,0.0,0.0,0.0,0.0,16022.0
88.02,45.91,23160.0,,,,,45.91,45.91,45.91,45.91,13389.9
89.02,91.67,23151.0,,,,,91.67,91.66,91.67,91.67,13383.6
90.02,91.8,23151.0,,,,,91.8,91.81,91.79,91.81,13398.6
91.02,91.75,22993.6,,,,,91.75,91.75,91.78,91.73,13779.5
92.02,0.0,23022.6,,,,,0.0,0.0,0.0,0.0,14741.1
93.02,0.95,23858.7,,,,,0.94,0.96,0.95,0.94,14693.8
94.02,45.92,23849.9,,,,,45.91,45.92,45.93,45.91,14706.3
95.02,45.84,23877.2,,,,,45.83,45.85,45.84,45.85,14717.4
96.02,91.77,23859.0,,,,,91.77,91.78,91.78,91.75,14706.3
97.02,91.77,23859.0,,,,,91.77,91.78,91.78,91.75,14702.0
98.02,91.8,23710.7,,,,,91.78,91.81,91.8,91.82,15203.6
99.02,0.0,23714.1,,,,,0.0,0.0,0.0,0.0,16384.0
100.02,1.22,23924.0,,,,,1.23,1.23,1.23,1.22,16132.2
101.02,45.85,23933.3,,,,,45.84,45.85,45.85,45.84,16122.2
102.02,91.82,23933.3,,,,,91.82,91.82,91.81,91.83,16141.1
103.02,91.69,23933.3,,,,,91.67,91.7,91.71,91.7,16108.0
104.02,91.84,23970.4,,,,,91.82,91.84,91.85,91.84,16144.7
105.02,47.07,23933.3,,,,,47.06,47.06,47.06,47.07,16147.0
106.02,45.92,23933.3,,,,,45.92,45.92,45.92,45.92,16131.6
107.02,91.68,23933.3,,,,,91.68,91.67,91.69,91.68,16128.1
108.02,91.83,23933.3,,,,,91.82,91.84,91.83,91.82,16147.1
109.03,45.85,23960.5,,,,,45.86,45.86,45.85,45.84,16141.2
110.03,93.02,23933.0,,,,,93.01,93.02,93.05,93.0,16160.6
111.03,45.85,23933.3,,,,,45.84,45.84,45.85,45.85,16119.9
112.03,91.84,23933.3,,,,,91.86,91.83,91.84,91.84,16148.8
113.03,91.71,23933.0,,,,,91.7,91.7,91.72,91.7,16136.5
114.03,45.91,23933.3,,,,,45.9,45.9,45.92,45.91,16144.1
115.03,92.91,23933.0,,,,,92.91,92.91,92.93,92.91,16124.8
116.03,45.93,23933.3,,,,,45.93,45.92,45.93,45.94,16151.1
117.03,91.71,23933.3,,,,,91.7,91.67,91.72,91.73,16150.5
118.03,45.93,23933.3,,,,,45.92,45.94,45.93,45.91,16136.4
119.03,91.71,23933.3,,,,,91.71,91.68,91.73,91.7,16126.7
120.03,93.04,23933.0,,,,,93.03,93.02,93.03,93.06,16130.9
121.03,45.86,23933.3,,,,,45.87,45.85,45.88,45.85,16124.7
122.03,91.87,23933.3,,,,,91.86,91.86,91.85,91.9,16153.9
123.03,45.84,23951.5,,,,,45.85,45.83,45.86,45.84,16146.6
124.03,91.89,23933.3,,,,,91.88,91.87,91.88,91.92,16136.5
125.03,92.97,23933.0,,,,,92.97,92.97,92.97,92.97,16167.6
126.03,45.86,23933.3,,,,,45.85,45.87,45.87,45.87,16156.8
127.03,91.84,23933.3,,,,,91.85,91.82,91.85,91.85,16137.8
128.03,45.85,23933.2,,,,,45.86,45.85,45.85,45.85,16146.6
129.03,91.83,23933.3,,,,,91.82,91.82,91.84,91.83,16141.7
130.03,93.0,23933.0,,,,,93.0,92.98,93.02,93.0,16134.9
131.03,45.85,23933.3,,,,,45.84,45.84,45.85,45.86,16152.2
132.03,91.84,23933.3,,,,,91.84,91.84,91.87,91.83,16158.8
133.03,91.7,23933.2,,,,,91.69,91.69,91.72,91.69,16156.0
134.03,45.93,23933.3,,,,,45.93,45.93,45.92,45.93,16140.8
135.03,92.93,23933.0,,,,,92.91,92.93,92.94,92.95,16140.2
136.03,45.91,23933.3,,,,,45.9,45.92,45.92,45.89,16134.6
137.03,91.72,23933.3,,,,,91.71,91.71,91.73,91.72,16144.4
138.03,91.84,23933.2,,,,,91.83,91.84,91.85,91.84,16156.9
139.03,45.87,23951.5,,,,,45.87,45.86,45.87,45.87,16152.1
140.03,93.04,23933.0,,,,,93.05,93.02,93.02,93.05,16139.3
141.03,45.87,23933.3,,,,,45.86,45.86,45.88,45.87,16162.2
142.03,91.85,23933.3,,,,,91.88,91.87,91.85,91.81,16128.1
143.03,91.69,23924.1,,,,,91.68,91.7,91.69,91.69,16149.8
144.03,45.94,23942.4,,,,,45.93,45.95,45.95,45.94,16145.3
145.03,92.93,23933.0,,,,,92.92,92.92,92.95,92.94,16140.5
146.03,45.92,23933.3,,,,,45.93,45.92,45.92,45.92,16149.7
147.03,91.74,23933.3,,,,,91.73,91.74,91.75,91.75,16164.0
148.03,91.78,23933.2,,,,,91.79,91.76,91.81,91.78,16161.3
149.03,45.9,23933.3,,,,,45.9,45.91,45.88,45.9,16145.1
150.03,92.88,23933.0,,,,,92.86,92.85,92.89,92.92,16176.8
151.03,45.95,23933.3,,,,,45.95,45.95,45.97,45.94,16137.1
152.03,91.7,23933.3,,,,,91.69,91.68,91.72,91.72,16157.0
153.03,45.95,23933.3,,,,,45.94,45.96,45.96,45.96,16154.2
154.04,91.72,23933.3,,,,,91.71,91.72,91.73,91.71,16144.9
155.04,93.02,23933.0,,,,,93.01,93.03,93.02,93.04,16141.9
156.04,45.88,23933.3,,,,,45.86,45.88,45.88,45.88,16168.2
157.04,91.83,23933.3,,,,,91.85,91.8,91.85,91.82,16167.8
158.04,91.71,23933.1,,,,,91.71,91.69,91.71,91.72,16161.8
159.04,45.95,23933.3,,,,,45.95,45.95,45.95,45.94,16146.9
160.04,92.92,23933.0,,,,,92.9,92.93,92.94,92.9,16148.6
161.04,45.93,23933.3,,,,,45.94,45.92,45.92,45.94,16142.6
162.04,91.69,23933.3,,,,,91.69,91.69,91.71,91.68,16169.3
163.04,91.83,23933.1,,,,,91.83,91.82,91.84,91.84,16164.3
164.04,45.87,23933.3,,,,,45.87,45.87,45.88,45.87,16151.6
165.04,93.04,23933.0,,,,,93.05,93.01,93.05,93.04,16146.5
166.04,45.85,23933.3,,,,,45.85,45.85,45.85,45.85,16144.6
167.04,91.84,23933.3,,,,,91.84,91.85,91.83,91.84,16144.0
168.04,91.73,23933.1,,,,,91.73,91.71,91.75,91.74,16167.1
169.04,45.92,23933.3,,,,,45.93,45.92,45.93,45.92,16157.0
170.04,92.99,23933.0,,,,,92.97,92.98,93.01,92.99,16147.3
171.04,45.89,23933.3,,,,,45.9,45.9,45.88,45.9,16172.9
172.04,91.71,23933.3,,,,,91.73,91.68,91.75,91.67,16172.6
173.04,45.94,23933.3,,,,,45.93,45.94,45.94,45.94,16161.7
174.04,91.75,23933.3,,,,,91.74,91.77,91.77,91.72,16156.8
175.04,93.02,23933.0,,,,,93.01,93.01,93.01,93.07,16145.9
176.04,45.86,23933.3,,,,,45.85,45.86,45.87,45.86,16165.6
177.04,91.84,23924.1,,,,,91.81,91.83,91.86,91.87,16169.3
178.04,45.88,23933.3,,,,,45.87,45.89,45.88,45.88,16158.0
179.04,91.87,23933.3,,,,,91.86,91.87,91.89,91.86,16151.7
180.04,92.99,23933.0,,,,,92.98,92.99,92.99,93.0,16185.9
181.04,45.86,23933.3,,,,,45.86,45.87,45.87,45.85,16175.4
182.04,91.83,23915.1,,,,,91.82,91.81,91.82,91.88,16164.0
183.04,45.87,23942.4,,,,,45.87,45.86,45.89,45.85,16158.4
184.04,91.88,23933.3,,,,,91.89,91.87,91.86,91.9,16166.4
185.04,92.9,23933.0,,,,,92.89,92.91,92.9,92.89,16187.8
186.04,45.94,23933.3,,,,,45.94,45.93,45.94,45.93,16177.4
187.04,91.69,23933.0,,,,,91.69,91.69,91.7,91.7,16163.5
188.04,45.92,23933.3,,,,,45.92,45.92,45.92,45.91,16156.4
189.04,91.7,23933.3,,,,,91.7,91.71,91.71,91.7,16150.5
190.04,93.04,23933.0,,,,,93.02,93.04,93.05,93.05,16146.7
191.04,45.86,23933.3,,,,,45.87,45.86,45.85,45.86,16169.9
192.04,91.87,23924.0,,,,,91.84,91.87,91.89,91.87,16168.8
193.04,45.85,23933.3,,,,,45.83,45.85,45.85,45.86,16168.8
194.04,91.87,23933.3,,,,,91.88,91.85,91.87,91.87,16152.4
195.04,92.9,23933.0,,,,,92.9,92.91,92.89,92.89,16190.2
196.04,45.93,23933.3,,,,,45.93,45.93,45.93,45.92,16180.2
197.04,91.71,23933.1,,,,,91.71,91.71,91.71,91.72,16173.2
198.04,45.93,23933.3,,,,,45.93,45.93,45.94,45.92,16157.7
199.04,91.72,23933.3,,,,,91.71,91.72,91.74,91.7,16174.0
200.04,93.09,23933.0,,,,,93.09,93.09,93.07,93.1,16146.2
201.05,45.87,23933.3,,,,,45.87,45.87,45.87,45.86,16181.8
202.05,45.93,23933.3,,,,,45.93,45.94,45.94,45.91,16171.9
203.05,91.72,23933.3,,,,,91.72,91.73,91.73,91.7,16161.8
204.05,91.84,23933.3,,,,,91.84,91.86,91.86,91.82,16155.6
205.05,93.02,23933.0,,,,,93.01,93.03,93.03,93.01,16192.7
206.05,45.85,23933.3,,,,,45.84,45.86,45.85,45.86,16145.5
207.05,91.76,23924.1,,,,,91.74,91.76,91.77,91.76,16174.9
208.05,45.94,23933.3,,,,,45.94,45.93,45.94,45.94,16169.2
209.05,91.72,23933.3,,,,,91.71,91.71,91.75,91.72,16156.8
210.05,93.06,23933.0,,,,,93.05,93.06,93.05,93.06,16194.3
211.05,45.85,23933.3,,,,,45.85,45.85,45.86,45.85,16184.7
212.05,45.92,23942.4,,,,,45.91,45.93,45.92,45.93,16175.6
213.05,91.73,23933.3,,,,,91.73,91.72,91.75,91.73,16163.0
214.05,91.86,23933.3,,,,,91.87,91.84,91.87,91.88,16179.8
215.05,92.92,23933.0,,,,,92.91,92.91,92.93,92.92,16149.3
216.05,45.88,23933.3,,,,,45.87,45.89,45.87,45.87,16186.0
217.05,91.8,23924.0,,,,,91.77,91.8,91.83,91.8,16174.6
218.05,45.88,23933.3,,,,,45.87,45.88,45.87,45.88,16164.1
219.05,91.87,23933.3,,,,,91.87,91.86,91.87,91.88,16158.7
220.05,92.98,23933.0,,,,,92.97,92.98,92.98,92.98,16197.3
221.05,45.9,23933.3,,,,,45.91,45.89,45.89,45.9,16148.7
222.05,91.8,23933.0,,,,,91.8,91.78,91.83,91.81,16178.2
223.05,45.86,23933.3,,,,,45.85,45.87,45.86,45.87,16162.9
224.05,91.86,23933.3,,,,,91.85,91.86,91.87,91.85,16181.5
225.05,92.89,23933.0,,,,,92.87,92.9,92.9,92.88,16198.8
226.05,45.94,23933.3,,,,,45.94,45.93,45.94,45.96,16188.8
227.05,45.84,23933.3,,,,,45.84,45.84,45.83,45.83,16172.0
228.05,91.86,23933.3,,,,,91.84,91.86,91.88,91.87,16165.9
229.05,91.78,23933.3,,,,,91.78,91.77,91.79,91.77,16166.5
230.05,92.89,23933.0,,,,,92.9,92.88,92.86,92.93,16154.5
231.05,45.96,23933.3,,,,,45.95,45.96,45.97,45.94,16190.1
232.05,91.66,23924.0,,,,,91.66,91.66,91.69,91.64,16182.7
233.05,45.94,23933.3,,,,,45.93,45.95,45.93,45.96,16166.7
234.05,91.79,23933.3,,,,,91.76,91.78,91.81,91.8,16157.9
235.05,92.93,23933.0,,,,,92.94,92.9,92.97,92.91,16201.2
236.05,45.92,23915.0,,,,,45.91,45.91,45.93,45.92,16185.3
237.05,45.87,23933.3,,,,,45.87,45.87,45.87,45.88,16167.8
238.05,91.84,23933.3,,,,,91.85,91.83,91.85,91.85,16178.0
239.05,91.7,23933.3,,,,,91.7,91.71,91.7,91.71,16192.0
240.05,93.03,23933.0,,,,,93.02,93.03,93.03,93.03,16202.4
241.05,45.85,23915.0,,,,,45.85,45.85,45.85,45.85,16189.7
242.05,45.94,23933.3,,,,,45.94,45.93,45.94,45.94,16172.7
243.05,91.7,23933.3,,,,,91.68,91.71,91.7,91.71,16167.6
244.05,91.86,23933.3,,,,,91.87,91.85,91.87,91.83,16186.4
245.05,92.92,23933.0,,,,,92.9,92.93,92.92,92.93,16154.6
246.06,45.92,23915.1,,,,,45.92,45.93,45.93,45.92,16191.2
247.06,45.86,23933.3,,,,,45.87,45.85,45.87,45.86,16175.0
248.06,91.87,23933.3,,,,,91.86,91.89,91.86,91.88,16189.9
249.06,91.72,23933.3,,,,,91.71,91.71,91.74,91.72,16170.0
250.06,93.04,23933.0,,,,,93.04,93.04,93.05,93.05,16204.5
251.06,45.87,23933.0,,,,,45.86,45.87,45.88,45.87,16181.7
252.06,45.93,23933.3,,,,,45.94,45.93,45.93,45.92,16173.2
253.06,91.72,23933.3,,,,,91.72,91.72,91.73,91.72,16175.3
254.06,91.86,23933.3,,,,,91.85,91.85,91.87,91.85,16195.7
255.06,92.92,23933.0,,,,,92.92,92.91,92.94,92.91,16205.6
256.06,45.92,23915.1,,,,,45.91,45.92,45.93,45.92,16194.2
257.06,45.88,23933.3,,,,,45.88,45.87,45.88,45.89,16174.6
258.06,91.85,23933.3,,,,,91.82,91.86,91.85,91.87,16168.4
259.06,91.75,23933.3,,,,,91.74,91.74,91.77,91.73,16171.8
260.06,93.08,23933.0,,,,,93.06,93.07,93.1,93.1,16206.0
261.06,45.85,23933.0,,,,,45.87,45.85,45.85,45.85,16183.3
262.06,45.94,23933.3,,,,,45.92,45.94,45.95,45.94,16178.9
263.06,91.75,23933.3,,,,,91.73,91.76,91.75,91.74,16197.4
264.06,91.84,23933.2,,,,,91.83,91.83,91.85,91.85,16196.5
265.06,45.87,24081.7,,,,,45.86,45.86,45.89,45.87,16207.5
266.06,47.15,23933.3,,,,,47.15,47.14,47.14,47.16,16177.7
267.06,91.73,23933.3,,,,,91.75,91.69,91.75,91.74,16171.9
268.06,91.85,23933.3,,,,,91.86,91.83,91.86,91.83,16190.8
269.06,91.75,23933.3,,,,,91.76,91.75,91.76,91.74,16198.4
270.06,45.91,24081.7,,,,,45.92,45.9,45.92,45.9,16207.8
271.06,47.09,23933.3,,,,,47.1,47.08,47.1,47.08,16181.9
272.06,91.86,23933.3,,,,,91.85,91.86,91.87,91.88,16187.0
273.06,91.72,23933.3,,,,,91.72,91.71,91.74,91.72,16169.7
274.06,91.88,23933.3,,,,,91.88,91.86,91.89,91.88,16171.0
275.06,45.84,24081.7,,,,,45.84,45.84,45.85,45.86,16208.6
276.06,47.16,23933.3,,,,,47.15,47.15,47.17,47.16,16183.1
277.06,91.79,23933.3,,,,,91.79,91.78,91.81,91.8,16173.8
278.06,91.8,23933.3,,,,,91.78,91.8,91.81,91.82,16191.9
279.06,91.79,23933.3,,,,,91.79,91.75,91.82,91.8,16200.3
280.06,91.77,23933.3,,,,,91.75,91.77,91.77,91.78,16209.9
281.06,1.21,23933.3,,,,,1.21,1.21,1.21,1.21,16183.9
282.06,91.84,23933.3,,,,,91.85,91.83,91.87,91.82,16176.5
283.06,91.72,23933.3,,,,,91.72,91.73,91.73,91.71,16172.2
284.06,91.8,23933.3,,,,,91.79,91.81,91.81,91.78,16201.3
285.06,93.01,23933.0,,,,,93.04,93.01,93.01,93.0,16210.5
286.06,45.9,23924.0,,,,,45.89,45.9,45.9,45.9,16190.8
287.06,45.87,23933.3,,,,,45.88,45.86,45.89,45.86,16182.7
288.06,91.8,23933.3,,,,,91.81,91.8,91.81,91.79,16201.6
289.06,91.87,23933.3,,,,,91.87,91.86,91.86,91.88,16163.2
290.06,92.99,23933.0,,,,,92.99,92.98,93.02,92.97,16211.7
291.06,45.88,23915.1,,,,,45.88,45.87,45.87,45.88,16198.6
292.06,45.87,23933.3,,,,,45.87,45.87,45.87,45.88,16180.9
293.06,91.86,23933.3,,,,,91.84,91.83,91.89,91.86,16181.3
294.07,91.72,23933.3,,,,,91.74,91.73,91.72,91.71,16203.2
295.07,93.03,23933.0,,,,,93.03,93.02,93.06,93.02,16213.4
296.07,45.89,23924.0,,,,,45.87,45.88,45.88,45.9,16193.6
297.07,45.9,23933.3,,,,,45.9,45.91,45.92,45.89,16182.0
298.07,91.74,23933.3,,,,,91.74,91.72,91.74,91.75,16174.5
299.07,91.84,23933.3,,,,,91.84,91.84,91.85,91.84,16196.8
300.07,92.91,23933.0,,,,,92.9,92.92,92.92,92.91,16213.9
301.07,45.93,23933.0,,,,,45.94,45.92,45.94,45.93,16196.6
302.07,45.87,23933.3,,,,,45.87,45.86,45.87,45.87,16182.0
303.07,91.87,23933.3,,,,,91.87,91.87,91.87,91.85,16198.9
304.07,91.72,23933.3,,,,,91.72,91.72,91.73,91.72,16172.9
305.07,93.05,23933.0,,,,,93.06,93.03,93.07,93.04,16215.6
306.07,45.85,23924.0,,,,,45.85,45.86,45.85,45.84,16193.6
307.07,45.95,23933.3,,,,,45.95,45.94,45.96,45.95,16184.7
308.07,91.69,23933.3,,,,,91.67,91.68,91.71,91.71,16184.7
309.07,91.87,23933.2,,,,,91.86,91.88,91.87,91.87,16198.0
310.07,45.87,24081.7,,,,,45.87,45.87,45.87,45.86,16215.3
311.07,47.15,23933.3,,,,,47.16,47.14,47.16,47.14,16184.8
312.07,91.7,23933.3,,,,,91.7,91.72,91.69,91.7,16180.5
313.07,91.85,23933.3,,,,,91.86,91.84,91.87,91.82,16173.7
314.07,91.71,23933.3,,,,,91.71,91.7,91.72,91.71,16197.3
315.07,45.93,24081.7,,,,,45.94,45.92,45.94,45.93,16216.5
316.07,47.07,23933.3,,,,,47.06,47.09,47.07,47.06,16191.1
317.07,91.87,23933.3,,,,,91.88,91.86,91.88,91.86,16182.5
318.07,91.74,23933.3,,,,,91.75,91.73,91.73,91.74,16201.4
319.07,91.85,23933.3,,,,,91.85,91.83,91.85,91.85,16208.3
320.07,92.93,23933.0,,,,,92.92,92.9,92.97,92.93,16218.2
321.07,45.93,23933.3,,,,,45.93,45.95,45.92,45.94,16209.0
322.07,45.84,23942.4,,,,,45.85,45.84,45.85,45.84,16199.6
323.07,91.87,23942.4,,,,,91.88,91.85,91.86,91.88,16191.9
324.07,91.73,23933.3,,,,,91.73,91.72,91.75,91.74,16200.7
325.07,93.01,23933.0,,,,,93.01,93.0,93.03,92.99,16180.0
326.07,45.9,23933.3,,,,,45.88,45.9,45.91,45.91,16200.9
327.07,91.83,23933.3,,,,,91.86,91.84,91.83,91.78,16210.3
328.07,45.87,23933.3,,,,,45.87,45.86,45.87,45.87,16199.4
329.07,91.85,23933.3,,,,,91.86,91.83,91.87,91.85,16188.6
330.07,92.93,23933.0,,,,,92.93,92.94,92.95,92.93,16183.5
331.07,45.92,23933.3,,,,,45.92,45.92,45.92,45.93,16211.1
332.07,91.73,23933.3,,,,,91.72,91.74,91.73,91.71,16172.4
333.07,91.84,23933.2,,,,,91.86,91.84,91.85,91.82,16208.7
334.07,45.87,23933.3,,,,,45.86,45.88,45.87,45.86,16192.4
335.07,93.04,23933.0,,,,,93.04,93.04,93.03,93.04,16190.0
336.07,45.87,23933.3,,,,,45.87,45.87,45.87,45.87,16181.6
337.07,91.85,23933.3,,,,,91.86,91.84,91.86,91.84,16211.6
338.07,91.69,23933.1,,,,,91.67,91.7,91.69,91.71,16205.5
339.07,45.88,23933.3,,,,,45.88,45.89,45.9,45.88,16194.0
340.08,93.08,23933.0,,,,,93.09,93.05,93.09,93.08,16186.0
341.08,45.88,23933.3,,,,,45.88,45.88,45.88,45.89,16176.7
342.08,91.82,23933.3,,,,,91.83,91.8,91.84,91.82,16212.7
343.08,91.8,23933.1,,,,,91.81,91.79,91.8,91.81,16200.7
344.08,45.88,23933.3,,,,,45.88,45.87,45.89,45.88,16192.6
345.08,93.02,23933.0,,,,,93.02,93.04,92.98,93.04,16222.7
346.08,45.91,23933.0,,,,,45.91,45.88,45.94,45.9,16194.7
347.08,45.89,23933.3,,,,,45.89,45.88,45.89,45.89,16187.3
348.08,91.86,23933.3,,,,,91.86,91.86,91.86,91.86,16190.2
349.08,91.73,23933.3,,,,,91.75,91.71,91.75,91.7,16211.6
350.08,93.06,23933.0,,,,,93.05,93.04,93.07,93.07,16220.1
351.08,45.86,23915.0,,,,,45.87,45.85,45.85,45.85,16205.7
352.08,45.93,23933.3,,,,,45.93,45.93,45.94,45.93,16190.3
353.08,91.72,23933.3,,,,,91.73,91.71,91.73,91.72,16185.4
354.08,91.85,23933.3,,,,,91.86,91.83,91.89,91.84,16203.4
355.08,92.92,23933.0,,,,,92.92,92.93,92.91,92.93,16221.0
356.08,45.94,23933.0,,,,,45.94,45.94,45.95,45.94,16202.4
357.08,45.86,23933.3,,,,,45.85,45.86,45.87,45.87,16189.1
358.08,91.84,23933.3,,,,,91.83,91.84,91.85,91.84,16212.6
359.08,91.74,23933.3,,,,,91.74,91.73,91.74,91.75,16176.3
360.08,93.05,23933.0,,,,,93.02,93.04,93.06,93.06,16221.7
361.08,45.88,23924.2,,,,,45.87,45.88,45.89,45.88,16210.9
362.08,45.93,23933.3,,,,,45.93,45.93,45.93,45.93,16196.4
363.08,91.72,23933.3,,,,,91.73,91.71,91.73,91.72,16187.3
364.08,91.87,23933.3,,,,,91.88,91.88,91.88,91.85,16206.3
365.08,92.92,23933.0,,,,,92.91,92.92,92.94,92.91,16178.2
366.08,45.92,23933.3,,,,,45.93,45.93,45.92,45.93,16213.1
367.08,45.85,23951.5,,,,,45.86,45.85,45.86,45.85,16205.9
368.08,91.84,23933.3,,,,,91.83,91.84,91.84,91.84,16193.4
369.08,91.8,23933.3,,,,,91.8,91.8,91.82,91.79,16187.9
370.08,92.99,23933.0,,,,,92.98,93.01,93.0,93.0,16223.5
371.08,45.87,23933.3,,,,,45.86,45.87,45.87,45.87,16206.9
372.08,45.93,23933.3,,,,,45.93,45.92,45.94,45.93,16196.1
373.08,91.78,23933.3,,,,,91.77,91.75,91.79,91.8,16201.1
374.08,91.74,23933.3,,,,,91.75,91.75,91.73,91.72,16214.5
375.08,93.06,23933.0,,,,,93.05,93.03,93.08,93.07,16223.6
376.08,45.87,23933.3,,,,,45.86,45.87,45.88,45.87,16214.4
377.08,91.86,23933.1,,,,,91.86,91.84,91.87,91.85,16206.0
378.08,45.87,23933.3,,,,,45.88,45.87,45.86,45.87,16196.4
379.08,91.85,23933.3,,,,,91.85,91.84,91.88,91.85,16196.4
380.08,92.96,23933.0,,,,,92.98,92.93,92.97,92.96,16181.3
381.08,45.92,23933.3,,,,,45.92,45.92,45.93,45.92,16215.6
382.08,91.76,23933.2,,,,,91.76,91.76,91.75,91.76,16211.4
383.08,45.85,23933.3,,,,,45.84,45.84,45.86,45.85,16196.7
384.08,91.92,23933.3,,,,,91.92,91.93,91.91,91.9,16192.9
385.08,92.94,23933.0,,,,,92.93,92.96,92.93,92.95,16215.9
386.08,45.92,23933.3,,,,,45.92,45.91,45.93,45.92,16216.4
387.09,91.73,23933.3,,,,,91.74,91.74,91.74,91.72,16188.0
388.09,45.93,23942.4,,,,,45.93,45.93,45.93,45.94,16206.6
389.09,91.7,23933.3,,,,,91.7,91.71,91.71,91.69,16202.5
390.09,93.06,23933.0,,,,,93.07,93.07,93.06,93.06,16190.5
391.09,45.86,23933.3,,,,,45.85,45.86,45.87,45.86,16209.0
392.09,91.84,23933.2,,,,,91.86,91.84,91.83,91.84,16215.6
393.09,45.89,23942.4,,,,,45.87,45.88,45.9,45.89,16203.7
394.09,91.84,23933.3,,,,,91.85,91.83,91.85,91.83,16195.7
395.09,92.93,23933.0,,,,,92.92,92.94,92.94,92.93,16191.3
396.09,45.93,23933.3,,,,,45.92,45.92,45.93,45.93,16181.6
397.09,91.76,23924.2,,,,,91.75,91.76,91.75,91.76,16216.8
398.09,45.91,23933.3,,,,,45.9,45.9,45.91,45.9,16205.5
399.09,91.73,23933.3,,,,,91.72,91.73,91.73,91.73,16198.0
400.09,93.02,23933.0,,,,,93.01,93.03,93.02,93.03,16191.5
401.09,45.87,23933.3,,,,,45.88,45.85,45.87,45.87,16217.9
402.09,91.88,23933.3,,,,,91.87,91.87,91.89,91.88,16217.8
403.09,91.72,23924.2,,,,,91.74,91.71,91.75,91.67,16216.0
404.09,45.92,23933.3,,,,,45.91,45.92,45.91,45.95,16201.4
405.09,92.92,23933.0,,,,,92.94,92.89,92.94,92.9,16198.3
406.09,45.94,23933.3,,,,,45.95,45.94,45.94,45.95,16191.4
407.09,91.73,23933.3,,,,,91.74,91.71,91.76,91.74,16211.3
408.09,91.86,23933.3,,,,,91.86,91.87,91.88,91.84,16219.1
409.09,45.86,23942.4,,,,,45.86,45.85,45.87,45.85,16206.1
410.09,93.05,23933.0,,,,,93.03,93.05,93.08,93.04,16196.7
411.09,45.88,23933.3,,,,,45.88,45.89,45.88,45.87,16194.5
412.09,91.85,23933.3,,,,,91.86,91.84,91.86,91.83,16186.2
413.09,91.74,23933.3,,,,,91.72,91.75,91.75,91.75,16211.2
414.09,91.83,23952.1,,,,,91.83,91.83,91.83,91.84,16214.0
415.09,47.07,23933.0,,,,,47.07,47.07,47.07,47.07,16202.4
416.09,45.92,23933.3,,,,,45.91,45.92,45.92,45.92,16195.1
417.09,91.77,23933.3,,,,,91.78,91.75,91.78,91.76,16220.5
418.09,91.87,23933.3,,,,,91.87,91.85,91.88,91.87,16185.1
419.09,91.71,23933.1,,,,,91.7,91.71,91.71,91.72,16216.5
420.09,47.15,23933.0,,,,,47.14,47.15,47.16,47.16,16211.9
421.09,45.86,23933.3,,,,,45.87,45.85,45.87,45.86,16202.1
422.09,91.86,23933.3,,,,,91.86,91.85,91.86,91.88,16195.6
423.09,91.74,23933.3,,,,,91.75,91.73,91.75,91.73,16221.4
424.09,91.87,24044.5,,,,,91.88,91.85,91.88,91.88,16227.0
425.09,47.08,23933.3,,,,,47.08,47.07,47.08,47.09,16222.7
426.09,91.88,23924.1,,,,,91.85,91.89,91.89,91.88,16218.0
427.09,45.87,23942.4,,,,,45.85,45.88,45.88,45.88,16207.9
428.09,91.87,23933.3,,,,,91.84,91.86,91.88,91.89,16201.6
429.09,91.82,24081.6,,,,,91.81,91.81,91.82,91.82,16230.7
430.09,47.1,23933.3,,,,,47.1,47.11,47.12,47.08,16185.5
431.09,91.71,23933.2,,,,,91.7,91.73,91.72,91.7,16219.4
432.1,45.94,23933.3,,,,,45.94,45.94,45.95,45.95,16209.1
433.1,91.71,23933.3,,,,,91.72,91.7,91.72,91.7,16217.4
434.1,91.81,24044.6,,,,,91.83,91.83,91.79,91.78,16229.3
435.1,47.13,23933.3,,,,,47.13,47.13,47.15,47.13,16224.0
436.1,91.71,23933.0,,,,,91.7,91.71,91.71,91.72,16208.3
437.1,45.94,23933.3,,,,,45.94,45.94,45.95,45.94,16201.6
438.1,91.72,23933.3,,,,,91.72,91.72,91.7,91.73,16194.2
439.1,91.83,24044.6,,,,,91.83,91.82,91.85,91.83,16230.2
440.1,47.1,23933.3,,,,,47.09,47.12,47.1,47.11,16216.0
441.1,91.77,23933.1,,,,,91.78,91.74,91.81,91.74,16218.8
442.1,45.91,23933.3,,,,,45.9,45.93,45.92,45.91,16202.9
443.1,91.81,23933.3,,,,,91.8,91.82,91.83,91.8,16198.1
444.1,91.72,24007.5,,,,,91.72,91.73,91.73,91.71,16228.6
445.1,47.14,23933.3,,,,,47.13,47.15,47.15,47.14,16225.9
446.1,91.72,23924.0,,,,,91.72,91.73,91.73,91.7,16211.0
447.1,45.93,23933.3,,,,,45.92,45.94,45.94,45.93,16207.0
448.1,91.81,23933.3,,,,,91.81,91.8,91.82,91.8,16226.4
449.1,45.9,23997.6,,,,,45.9,45.89,45.91,45.9,16222.4
450.1,92.94,23933.0,,,,,92.94,92.94,92.94,92.95,16203.3
451.1,45.94,23933.3,,,,,45.93,45.93,45.95,45.94,16194.9
452.1,91.72,23933.3,,,,,91.74,91.73,91.72,91.7,16216.4
453.1,45.91,23951.5,,,,,45.91,45.91,45.92,45.91,16218.3
454.1,91.71,23933.3,,,,,91.69,91.75,91.68,91.71,16208.4
455.1,93.11,23933.0,,,,,93.13,93.08,93.14,93.09,16199.1
456.1,45.92,23933.3,,,,,45.91,45.92,45.93,45.92,16226.0
457.1,91.71,23933.2,,,,,91.7,91.72,91.72,91.71,16223.2
458.1,45.94,23942.4,,,,,45.94,45.93,45.95,45.94,16207.9
459.1,91.71,23933.3,,,,,91.71,91.7,91.7,91.72,16208.9
460.1,93.0,23933.0,,,,,92.99,92.99,93.03,92.98,16201.1
461.1,45.9,23933.3,,,,,45.91,45.9,45.9,45.9,16204.7
462.1,91.85,23933.3,,,,,91.84,91.85,91.86,91.84,16227.0
463.1,91.74,23933.1,,,,,91.74,91.73,91.75,91.76,16219.5
464.1,45.93,23942.4,,,,,45.93,45.93,45.94,45.94,16212.0
465.1,92.91,23933.0,,,,,92.86,92.92,92.92,92.93,16204.0
466.1,45.93,23933.3,,,,,45.95,45.9,45.93,45.92,16202.2
467.1,91.74,23933.3,,,,,91.73,91.73,91.73,91.75,16192.6
468.1,91.86,23915.1,,,,,91.88,91.83,91.88,91.85,16220.5
469.1,45.86,23951.5,,,,,45.85,45.86,45.86,45.86,16216.9
470.1,93.04,23933.0,,,,,93.03,93.04,93.03,93.06,16205.4
471.1,45.87,23933.3,,,,,45.87,45.86,45.89,45.86,16200.4
472.1,91.86,23933.3,,,,,91.84,91.89,91.86,91.84,16227.9
473.1,91.71,23924.2,,,,,91.73,91.7,91.72,91.69,16198.7
474.1,45.94,23951.5,,,,,45.94,45.95,45.95,45.93,16220.0
475.11,92.96,23933.0,,,,,92.98,92.95,92.96,92.94,16208.9
476.11,45.92,23933.3,,,,,45.91,45.92,45.94,45.92,16202.2
477.11,91.8,23933.3,,,,,91.79,91.79,91.8,91.79,16218.9
478.11,91.75,23933.3,,,,,91.75,91.75,91.75,91.75,16228.0
479.11,45.85,23942.4,,,,,45.86,45.85,45.85,45.85,16215.9
480.11,93.09,23933.0,,,,,93.09,93.11,93.09,93.07,16206.2
481.11,45.86,23933.3,,,,,45.85,45.85,45.87,45.86,16228.8
482.11,91.86,23933.3,,,,,91.85,91.86,91.87,91.86,16193.1
483.11,91.8,23933.2,,,,,91.82,91.8,91.79,91.8,16228.3
484.11,45.89,23933.3,,,,,45.9,45.9,45.9,45.88,16212.0
485.11,92.93,23933.0,,,,,92.93,92.92,92.95,92.92,16208.2
486.11,45.92,23933.3,,,,,45.91,45.93,45.91,45.92,16201.6
487.11,91.71,23933.3,,,,,91.72,91.7,91.73,91.69,16229.1
488.11,91.82,23933.3,,,,,91.82,91.82,91.81,91.82,16229.4
489.11,91.69,23952.1,,,,,91.69,91.69,91.7,91.7,16227.2
490.11,47.15,23924.0,,,,,47.14,47.16,47.16,47.16,16224.2
491.11,45.86,23933.3,,,,,45.87,45.86,45.86,45.86,16211.3
492.11,91.85,23933.3,,,,,91.84,91.84,91.86,91.85,16205.6
493.11,91.74,23933.3,,,,,91.73,91.74,91.75,91.74,16215.9
494.11,91.89,24044.5,,,,,91.89,91.89,91.9,91.87,16235.8
495.11,47.11,23933.3,,,,,47.11,47.11,47.12,47.11,16231.0
496.11,91.71,23933.0,,,,,91.68,91.74,91.7,91.73,16217.8
497.11,45.92,23933.3,,,,,45.93,45.91,45.93,45.91,16207.5
498.11,91.78,23933.3,,,,,91.78,91.78,91.8,91.77,16201.6
499.11,91.75,24007.4,,,,,91.75,91.75,91.75,91.73,16234.5
500.11,47.13,23933.3,,,,,47.12,47.12,47.13,47.13,16232.0
501.11,91.79,23933.1,,,,,91.79,91.78,91.79,91.8,16222.2
502.11,45.89,23933.3,,,,,45.91,45.88,45.91,45.88,16211.6
503.11,91.79,23933.3,,,,,91.8,91.75,91.8,91.81,16220.0
504.11,91.81,24081.6,,,,,91.8,91.84,91.81,91.8,16240.1
505.11,47.07,23933.3,,,,,47.08,47.06,47.07,47.06,16233.0
506.11,91.86,23924.1,,,,,91.86,91.86,91.88,91.85,16229.5
507.11,45.87,23933.3,,,,,45.87,45.87,45.87,45.87,16216.6
508.11,91.88,23933.3,,,,,91.87,91.88,91.89,91.88,16208.0
509.11,91.73,24081.7,,,,,91.73,91.73,91.74,91.72,16240.9
510.11,47.11,23933.3,,,,,47.11,47.12,47.11,47.11,16203.6
511.11,91.76,23933.3,,,,,91.76,91.76,91.76,91.75,16232.2
512.11,91.84,23924.2,,,,,91.86,91.85,91.84,91.82,16231.7
513.11,45.86,23933.3,,,,,45.86,45.84,45.88,45.86,16216.7
514.11,91.87,24081.7,,,,,91.86,91.89,91.86,91.86,16241.2
515.11,47.07,23933.3,,,,,47.07,47.06,47.07,47.07,16219.3
516.11,91.86,23933.3,,,,,91.84,91.87,91.87,91.85,16233.1
517.11,91.72,23924.2,,,,,91.73,91.71,91.72,91.73,16212.9
518.11,45.94,23942.4,,,,,45.93,45.94,45.94,45.94,16223.9
519.11,91.8,24081.7,,,,,91.81,91.8,91.82,91.78,16241.7
520.11,47.09,23933.3,,,,,47.09,47.09,47.1,47.09,16205.5
521.11,91.74,23933.3,,,,,91.75,91.73,91.75,91.75,16233.7
522.12,91.85,23933.3,,,,,91.84,91.84,91.85,91.86,16233.7
523.12,45.86,23933.3,,,,,45.86,45.85,45.87,45.86,16218.2
524.12,91.84,24081.7,,,,,91.84,91.84,91.85,91.83,16242.7
525.12,47.08,23933.3,,,,,47.07,47.09,47.08,47.08,16207.5
526.12,91.87,23933.3,,,,,91.86,91.85,91.89,91.86,16216.3
527.12,91.72,23924.1,,,,,91.72,91.7,91.73,91.73,16231.8
528.12,45.95,23942.4,,,,,45.95,45.96,45.95,45.95,16219.6
529.12,91.73,24081.7,,,,,91.74,91.71,91.76,91.7,16243.2
530.12,47.14,23933.3,,,,,47.14,47.15,47.14,47.14,16207.0
531.12,91.69,23933.3,,,,,91.7,91.68,91.71,91.69,16234.6
532.12,91.89,23933.2,,,,,91.88,91.92,91.88,91.87,16207.1
533.12,45.87,23951.5,,,,,45.87,45.85,45.89,45.87,16222.9
534.12,91.85,24081.7,,,,,91.84,91.86,91.87,91.84,16244.2
535.12,47.08,23933.3,,,,,47.08,47.07,47.09,47.08,16203.6
536.12,91.85,23933.3,,,,,91.84,91.85,91.86,91.85,16226.6
537.12,91.73,23933.2,,,,,91.73,91.74,91.74,91.72,16231.1
538.12,45.92,23933.3,,,,,45.93,45.91,45.93,45.92,16220.8
539.12,91.74,24081.7,,,,,91.75,91.74,91.74,91.74,16244.1
540.12,47.14,23933.3,,,,,47.13,47.14,47.16,47.14,16236.9
541.12,91.7,23933.3,,,,,91.69,91.7,91.71,91.72,16197.7
542.12,91.85,23933.2,,,,,91.83,91.85,91.85,91.86,16234.2
543.12,45.91,23933.3,,,,,45.91,45.91,45.91,45.91,16222.9
544.12,91.72,24081.7,,,,,91.71,91.71,91.75,91.72,16244.3
545.12,47.11,23933.3,,,,,47.1,47.1,47.11,47.11,16208.1
546.12,91.77,23933.3,,,,,91.77,91.77,91.78,91.77,16236.3
547.12,91.82,23933.3,,,,,91.81,91.78,91.82,91.85,16235.9
548.12,91.84,23924.1,,,,,91.84,91.83,91.84,91.83,16228.3
549.12,45.84,24081.7,,,,,45.84,45.84,45.84,45.84,16244.9
550.12,47.16,23933.3,,,,,47.15,47.16,47.16,47.16,16214.4
551.12,91.71,23933.3,,,,,91.69,91.72,91.71,91.71,16209.1
552.12,91.87,23933.3,,,,,91.87,91.87,91.88,91.87,16236.8
553.12,91.74,23933.3,,,,,91.73,91.71,91.76,91.76,16236.1
554.12,45.92,24081.7,,,,,45.91,45.94,45.93,45.91,16245.2
555.12,47.12,23933.3,,,,,47.12,47.13,47.12,47.13,16215.1
556.12,91.73,23933.3,,,,,91.73,91.73,91.74,91.73,16212.2
557.12,91.86,23933.3,,,,,91.86,91.84,91.87,91.86,16214.1
558.12,91.67,23933.2,,,,,91.66,91.67,91.68,91.69,16226.1
559.12,45.94,24081.7,,,,,45.95,45.93,45.95,45.94,16246.0
560.12,47.07,23933.3,,,,,47.07,47.07,47.08,47.06,16212.2
561.12,91.89,23933.3,,,,,91.89,91.88,91.9,91.88,16230.6
562.12,91.78,23933.3,,,,,91.78,91.8,91.78,91.77,16237.9
563.12,91.8,23924.2,,,,,91.78,91.82,91.82,91.8,16207.0
564.12,91.72,23933.3,,,,,91.73,91.71,91.73,91.7,16246.5
565.12,47.11,23933.0,,,,,47.11,47.1,47.11,47.11,16222.9
566.12,45.9,23933.3,,,,,45.9,45.9,45.9,45.9,16215.2
567.13,91.78,23933.3,,,,,91.79,91.78,91.8,91.74,16208.3
568.13,91.89,23933.3,,,,,91.88,91.9,91.88,91.91,16237.8
569.13,92.95,23933.0,,,,,92.95,92.95,92.95,92.96,16246.5
570.13,45.91,23924.1,,,,,45.91,45.9,45.91,45.9,16237.4
571.13,45.89,23933.3,,,,,45.89,45.89,45.9,45.89,16219.1
572.13,91.8,23933.3,,,,,91.78,91.81,91.8,91.81,16213.3
573.13,91.79,23933.3,,,,,91.79,91.79,91.8,91.8,16214.8
574.13,92.98,23933.0,,,,,92.97,92.97,92.99,92.98,16247.1
575.13,45.89,23924.1,,,,,45.89,45.89,45.89,45.9,16236.0
576.13,45.88,23933.3,,,,,45.86,45.89,45.9,45.88,16219.0
577.13,91.88,23933.3,,,,,91.88,91.88,91.88,91.88,16212.7
578.13,91.71,23933.3,,,,,91.69,91.71,91.7,91.72,16239.2
579.13,93.06,23933.0,,,,,93.04,93.05,93.07,93.06,16207.4
580.13,45.87,23933.3,,,,,45.89,45.88,45.88,45.85,16239.4
581.13,91.82,23933.1,,,,,91.81,91.81,91.85,91.83,16235.1
582.13,45.87,23933.3,,,,,45.88,45.86,45.87,45.88,16221.6
583.13,91.84,23933.3,,,,,91.83,91.84,91.86,91.85,16219.6
584.13,92.94,23933.0,,,,,92.92,92.93,92.95,92.95,16202.0
585.13,45.94,23933.3,,,,,45.93,45.94,45.94,45.94,16239.5
586.13,45.85,23933.3,,,,,45.84,45.85,45.85,45.85,16224.8
587.13,91.88,23933.3,,,,,91.88,91.85,91.89,91.88,16216.1
588.13,91.72,23933.3,,,,,91.71,91.72,91.72,91.73,16213.0
589.13,93.06,23933.0,,,,,93.05,93.06,93.07,93.05,16248.9
590.13,45.87,23933.3,,,,,45.87,45.86,45.87,45.88,16240.0
591.13,91.84,23933.2,,,,,91.84,91.84,91.84,91.85,16237.7
592.13,45.87,23933.3,,,,,45.87,45.88,45.88,45.87,16222.5
593.13,91.86,23933.3,,,,,91.88,91.86,91.86,91.84,16228.7
594.13,92.94,23933.0,,,,,92.92,92.96,92.96,92.93,16214.1
595.13,45.95,23933.3,,,,,45.95,45.93,45.96,45.94,16240.8
596.13,91.74,23933.3,,,,,91.74,91.73,91.74,91.74,16240.4
597.13,91.83,23924.1,,,,,91.82,91.81,91.85,91.84,16235.6
598.13,45.88,23942.4,,,,,45.88,45.87,45.88,45.88,16227.9
599.13,93.07,23933.0,,,,,93.08,93.07,93.07,93.08,16217.0
600.13,45.85,23933.3,,,,,45.85,45.85,45.86,45.86,16214.7
601.13,91.88,23933.3,,,,,91.88,91.89,91.9,91.85,16207.6
602.13,91.7,23933.2,,,,,91.67,91.71,91.73,91.7,16239.8
603.13,45.95,23933.3,,,,,45.96,45.94,45.93,45.95,16221.4
604.13,92.93,23933.0,,,,,92.89,92.93,92.94,92.94,16214.6
605.13,45.94,23933.3,,,,,45.94,45.94,45.95,45.94,16241.3
606.13,91.72,23933.3,,,,,91.74,91.7,91.73,91.73,16241.4
607.13,91.84,23924.2,,,,,91.83,91.82,91.85,91.84,16239.9
608.13,45.86,23933.3,,,,,45.87,45.87,45.86,45.85,16222.8
609.13,92.99,23933.0,,,,,92.96,92.98,93.03,92.98,16220.5
610.13,45.95,23933.3,,,,,45.94,45.95,45.94,45.96,16215.0
611.13,91.79,23933.3,,,,,91.8,91.76,91.8,91.78,16242.1
612.14,91.71,23924.1,,,,,91.74,91.68,91.74,91.66,16236.5
613.14,45.96,23933.3,,,,,45.95,45.96,45.95,45.96,16224.4
614.14,92.95,23933.0,,,,,92.94,92.94,92.97,92.94,16251.2
615.14,45.91,23933.3,,,,,45.91,45.91,45.92,45.91,16204.1
616.14,91.81,23933.2,,,,,91.81,91.8,91.81,91.8,16240.2
617.14,45.87,23933.3,,,,,45.87,45.88,45.87,45.87,16226.7
618.14,91.85,23933.3,,,,,91.83,91.86,91.87,91.86,16232.2
619.14,92.99,23933.0,,,,,93.0,92.98,93.01,92.97,16213.7
620.14,45.91,23933.3,,,,,45.9,45.93,45.92,45.91,16243.7
621.14,91.77,23933.3,,,,,91.76,91.77,91.76,91.79,16242.7
622.14,45.87,23942.4,,,,,45.86,45.86,45.88,45.87,16230.1
623.14,91.88,23933.3,,,,,91.87,91.87,91.9,91.89,16219.7
624.14,92.99,23933.0,,,,,92.97,92.98,93.01,93.01,16217.7
625.14,45.87,23933.3,,,,,45.87,45.87,45.88,45.88,16212.7
626.14,91.86,23933.3,,,,,91.85,91.85,91.87,91.88,16243.9
627.14,91.72,23933.1,,,,,91.71,91.7,91.75,91.74,16238.9
628.14,45.94,23942.4,,,,,45.93,45.94,45.94,45.94,16228.8
629.14,92.95,23933.0,,,,,92.93,92.94,92.95,92.97,16219.6
630.14,45.94,23933.3,,,,,45.94,45.93,45.94,45.93,16244.2
631.14,91.74,23933.0,,,,,91.74,91.74,91.75,91.75,16224.6
632.14,45.92,23933.3,,,,,45.91,45.9,45.93,45.92,16216.0
633.14,91.72,23933.3,,,,,91.72,91.72,91.73,91.72,16241.7
634.14,93.05,23933.0,,,,,93.05,93.05,93.04,93.05,16250.5
635.14,45.89,23933.3,,,,,45.89,45.87,45.9,45.89,16241.9
636.14,91.86,23933.0,,,,,91.86,91.84,91.86,91.87,16229.8
637.14,45.88,23933.3,,,,,45.88,45.87,45.89,45.88,16222.6
638.14,91.87,23933.3,,,,,91.88,91.84,91.89,91.87,16216.2
639.14,92.95,23933.0,,,,,92.97,92.93,92.95,92.97,16214.2
640.14,45.94,23933.3,,,,,45.93,45.94,45.95,45.94,16225.0
641.14,91.74,23933.3,,,,,91.75,91.72,91.75,91.74,16242.9
642.14,45.93,23942.4,,,,,45.92,45.92,45.94,45.94,16230.4
643.14,91.71,23933.3,,,,,91.7,91.67,91.73,91.74,16223.7
644.14,93.05,23933.0,,,,,93.04,93.08,93.05,93.02,16234.1
645.14,45.87,23933.3,,,,,45.87,45.87,45.87,45.87,16243.5
646.14,91.86,23933.3,,,,,91.84,91.88,91.87,91.85,16206.6
647.14,91.74,23933.2,,,,,91.72,91.76,91.77,91.72,16241.4
648.14,45.93,23933.3,,,,,45.93,45.93,45.93,45.93,16225.1
649.14,92.95,23933.0,,,,,92.94,92.97,92.96,92.94,16224.2
650.14,45.93,23933.3,,,,,45.92,45.93,45.93,45.92,16217.9
651.14,91.72,23933.3,,,,,91.72,91.7,91.75,91.7,16244.0
652.14,91.85,23933.2,,,,,91.84,91.85,91.85,91.84,16242.2
653.14,45.86,23942.4,,,,,45.86,45.85,45.86,45.86,16235.6
654.14,93.05,23933.0,,,,,93.04,93.04,93.05,93.06,16222.9
655.14,45.87,23933.3,,,,,45.87,45.87,45.88,45.88,16219.4
656.14,91.87,23933.3,,,,,91.87,91.83,91.89,91.88,16212.0
657.15,91.74,23933.3,,,,,91.72,91.77,91.74,91.74,16244.4
658.15,91.85,23924.1,,,,,91.83,91.84,91.84,91.87,16238.3
659.15,47.07,23933.0,,,,,47.06,47.07,47.08,47.06,16231.9
660.15,45.95,23933.3,,,,,45.94,45.96,45.95,45.96,16222.6
661.15,91.78,23933.3,,,,,91.77,91.76,91.79,91.81,16245.0
662.15,91.8,23933.3,,,,,91.79,91.79,91.82,91.78,16211.4
663.15,91.8,23961.2,,,,,91.81,91.8,91.8,91.79,16242.7
664.15,47.08,23933.0,,,,,47.08,47.08,47.09,47.07,16232.5
665.15,45.88,23933.3,,,,,45.88,45.88,45.88,45.88,16224.6
666.15,91.79,23933.3,,,,,91.8,91.78,91.81,91.78,16233.3
667.15,91.8,23933.2,,,,,91.8,91.78,91.82,91.77,16242.3
668.15,45.95,23960.5,,,,,45.94,45.95,45.95,45.96,16240.9
669.15,92.92,23933.0,,,,,92.91,92.93,92.94,92.91,16255.9
670.15,45.93,23933.3,,,,,45.92,45.93,45.93,45.94,16216.1
671.15,91.72,23915.1,,,,,91.72,91.7,91.74,91.72,16226.5
672.15,45.92,23951.5,,,,,45.91,45.93,45.92,45.93,16237.5
673.15,91.71,23942.4,,,,,91.71,91.69,91.73,91.71,16241.8
674.15,93.1,23933.0,,,,,93.07,93.11,93.1,93.1,16219.5
675.15,45.87,23933.3,,,,,45.88,45.88,45.85,45.86,16247.1
676.15,91.9,23933.3,,,,,91.89,91.89,91.96,91.87,16247.0
677.15,45.86,23942.2,,,,,45.86,45.86,45.85,45.85,16237.2
678.15,91.86,23933.3,,,,,91.85,91.86,91.88,91.85,16226.7
679.15,92.91,23933.0,,,,,92.89,92.91,92.91,92.93,16221.9
680.15,45.94,23933.3,,,,,45.93,45.93,45.95,45.93,16213.3
681.15,91.74,23933.2,,,,,91.74,91.72,91.76,91.74,16245.7
682.15,45.95,23942.4,,,,,45.94,45.94,45.95,45.96,16232.5
683.15,91.73,23933.3,,,,,91.73,91.74,91.74,91.71,16226.6
684.15,93.02,23933.0,,,,,93.02,93.01,93.03,93.01,16257.0
685.15,45.89,23933.3,,,,,45.9,45.88,45.9,45.88,16247.6
686.15,91.88,23924.1,,,,,91.87,91.87,91.89,91.88,16233.4
687.15,45.85,23933.3,,,,,45.85,45.86,45.86,45.86,16230.5
688.15,91.86,23933.3,,,,,91.88,91.84,91.88,91.84,16245.0
689.15,92.93,23933.0,,,,,92.92,92.93,92.95,92.94,16222.5
690.15,45.93,23933.3,,,,,45.93,45.93,45.93,45.93,16248.7
691.15,91.78,23933.2,,,,,91.76,91.79,91.78,91.78,16246.2
692.15,45.91,23933.3,,,,,45.92,45.91,45.92,45.89,16234.1
693.15,91.78,23933.3,,,,,91.77,91.77,91.8,91.78,16221.1
694.15,92.97,23933.0,,,,,92.96,92.96,92.99,92.96,16214.4
695.15,45.86,23933.3,,,,,45.86,45.87,45.86,45.87,16240.7
696.15,91.83,23933.1,,,,,91.81,91.85,91.83,91.84,16238.8
697.15,45.87,23933.3,,,,,45.87,45.86,45.87,45.87,16234.4
698.15,91.86,23933.3,,,,,91.86,91.87,91.86,91.85,16223.8
699.15,92.94,23933.0,,,,,92.95,92.95,92.97,92.9,16258.5
700.15,45.93,23933.3,,,,,45.92,45.93,45.93,45.93,16249.3
701.16,91.77,23933.1,,,,,91.78,91.75,91.78,91.78,16235.3
702.16,45.86,23933.3,,,,,45.86,45.86,45.87,45.86,16227.0
703.16,91.86,23933.3,,,,,91.85,91.84,91.86,91.87,16235.9
704.16,92.94,23933.0,,,,,92.93,92.92,92.95,92.95,16220.7
705.16,45.94,23933.3,,,,,45.95,45.94,45.94,45.93,16249.9
706.16,91.74,23933.2,,,,,91.75,91.72,91.76,91.73,16246.7
707.16,45.93,23933.3,,,,,45.93,45.93,45.93,45.93,16232.9
708.16,91.71,23933.3,,,,,91.7,91.71,91.72,91.73,16226.9
709.16,93.05,23933.0,,,,,93.05,93.06,93.06,93.04,16259.2
710.16,45.87,23933.3,,,,,45.87,45.87,45.87,45.87,16214.2
711.16,91.84,23933.2,,,,,91.84,91.86,91.86,91.83,16247.4
712.16,45.85,23933.3,,,,,45.86,45.85,45.87,45.84,16239.1
713.16,91.88,23933.3,,,,,91.88,91.9,91.86,91.9,16226.9
714.16,92.9,23933.0,,,,,92.88,92.89,92.91,92.91,16260.5
715.16,45.97,23933.3,,,,,45.98,45.97,45.98,45.96,16251.0
716.16,91.73,23924.0,,,,,91.73,91.75,91.75,91.69,16242.5
717.16,45.91,23933.3,,,,,45.91,45.91,45.91,45.91,16228.6
718.16,91.75,23933.3,,,,,91.76,91.75,91.76,91.73,16229.2
719.16,93.06,23933.0,,,,,93.06,93.05,93.08,93.06,16213.5
720.16,45.86,23933.3,,,,,45.85,45.85,45.86,45.87,16251.3
721.16,45.93,23933.3,,,,,45.93,45.93,45.93,45.93,16236.3
722.16,91.82,23933.3,,,,,91.8,91.83,91.84,91.82,16228.6
723.16,91.8,23933.3,,,,,91.82,91.79,91.81,91.78,16222.0
724.16,92.91,23933.0,,,,,92.91,92.92,92.92,92.91,16261.0
725.16,45.93,23933.1,,,,,45.93,45.93,45.93,45.93,16226.6
726.16,45.87,23942.4,,,,,45.88,45.87,45.88,45.87,16237.9
727.16,91.82,23933.3,,,,,91.83,91.82,91.82,91.81,16244.6
728.16,91.76,23933.3,,,,,91.77,91.76,91.78,91.76,16248.2
729.16,93.02,23933.0,,,,,93.02,93.0,93.03,93.01,16261.5
730.16,45.85,23924.0,,,,,45.86,45.85,45.86,45.86,16244.4
731.16,45.92,23933.3,,,,,45.93,45.93,45.92,45.91,16230.8
732.16,91.72,23933.3,,,,,91.7,91.69,91.73,91.73,16224.5
733.16,91.83,23933.3,,,,,91.83,91.83,91.84,91.83,16246.3
734.16,45.87,24081.7,,,,,45.88,45.86,45.88,45.87,16261.7
735.16,47.15,23933.3,,,,,47.16,47.15,47.17,47.14,16234.8
736.16,91.73,23933.3,,,,,91.72,91.71,91.74,91.73,16241.1
737.16,91.87,23933.3,,,,,91.86,91.87,91.88,91.86,16224.6
738.16,91.71,23933.3,,,,,91.7,91.7,91.73,91.72,16237.7
739.16,45.92,24081.7,,,,,45.92,45.91,45.92,45.93,16262.1
740.16,47.08,23933.3,,,,,47.06,47.08,47.09,47.08,16236.8
741.16,91.81,23933.3,,,,,91.81,91.8,91.82,91.8,16227.1
742.16,91.84,23933.3,,,,,91.83,91.83,91.84,91.85,16253.8
743.16,91.78,23933.3,,,,,91.77,91.76,91.81,91.79,16253.5
744.16,45.86,24081.7,,,,,45.85,45.86,45.87,45.86,16262.3
745.16,47.15,23933.3,,,,,47.14,47.15,47.16,47.14,16233.6
746.16,91.71,23933.3,,,,,91.7,91.72,91.7,91.72,16230.1
747.16,91.86,23933.3,,,,,91.87,91.85,91.87,91.85,16224.4
748.17,91.71,23933.3,,,,,91.7,91.73,91.73,91.7,16254.1
749.17,93.04,23933.0,,,,,93.05,93.04,93.05,93.03,16215.0
750.17,45.91,23924.0,,,,,45.89,45.92,45.92,45.9,16250.1
751.17,45.9,23933.3,,,,,45.9,45.9,45.9,45.89,16233.5
752.17,91.71,23933.3,,,,,91.71,91.7,91.71,91.72,16248.0
753.17,91.84,23933.3,,,,,91.84,91.83,91.85,91.83,16223.4
754.17,92.94,23933.0,,,,,92.92,92.94,92.95,92.95,16263.4
755.17,45.93,23933.3,,,,,45.94,45.92,45.94,45.93,16254.6
756.17,91.72,23933.0,,,,,91.73,91.71,91.72,91.73,16242.7
757.17,45.93,23933.3,,,,,45.93,45.93,45.94,45.94,16231.6
758.17,91.71,23933.3,,,,,91.71,91.71,91.71,91.69,16248.0
759.17,93.07,23933.0,,,,,93.05,93.04,93.09,93.08,16226.7
760.17,45.86,23933.3,,,,,45.85,45.86,45.86,45.87,16255.3
761.17,91.86,23933.3,,,,,91.87,91.84,91.88,91.86,16255.1
762.17,45.86,23942.4,,,,,45.86,45.85,45.86,45.87,16243.8
763.17,91.86,23933.3,,,,,91.86,91.85,91.88,91.85,16235.2
764.17,92.97,23933.0,,,,,92.96,92.96,92.95,92.99,16264.8
765.17,45.91,23933.3,,,,,45.91,45.9,45.93,45.9,16226.3
766.17,91.79,23933.3,,,,,91.78,91.78,91.8,91.78,16237.8
767.17,91.76,23933.2,,,,,91.75,91.75,91.8,91.75,16254.5
768.17,45.87,23942.4,,,,,45.86,45.87,45.87,45.86,16243.4
769.17,93.07,23933.0,,,,,93.05,93.08,93.08,93.06,16233.9
770.17,45.86,23933.3,,,,,45.86,45.87,45.86,45.85,16243.0
771.17,91.87,23933.3,,,,,91.88,91.87,91.88,91.84,16256.5
772.17,91.77,23933.3,,,,,91.78,91.78,91.78,91.76,16226.6
773.17,91.8,23933.0,,,,,91.81,91.79,91.81,91.78,16244.7
774.17,47.06,23933.0,,,,,47.05,47.06,47.05,47.07,16241.6
775.17,45.93,23933.3,,,,,45.94,45.93,45.93,45.93,16234.8
776.17,91.73,23933.3,,,,,91.72,91.7,91.76,91.75,16235.2
777.17,91.83,23933.3,,,,,91.84,91.82,91.83,91.81,16257.4
778.17,91.82,23933.1,,,,,91.83,91.83,91.83,91.79,16252.4
779.17,47.05,23933.0,,,,,47.04,47.05,47.07,47.06,16247.3
780.17,45.91,23933.3,,,,,45.92,45.9,45.92,45.9,16240.1
781.17,91.87,23933.3,,,,,91.86,91.9,91.87,91.86,16230.7
782.17,91.73,23933.3,,,,,91.73,91.72,91.74,91.73,16231.6
783.17,91.85,23943.1,,,,,91.85,91.84,91.88,91.84,16257.6
784.17,47.09,23933.2,,,,,47.08,47.09,47.09,47.1,16257.8
785.17,45.92,23933.3,,,,,45.91,45.92,45.91,45.92,16238.9
786.17,91.74,23933.3,,,,,91.73,91.73,91.76,91.73,16252.5
787.17,91.87,23933.3,,,,,91.87,91.87,91.86,91.86,16251.8
788.17,91.74,24007.5,,,,,91.73,91.71,91.75,91.75,16262.1
789.17,47.14,23933.3,,,,,47.13,47.14,47.15,47.15,16259.0
790.17,45.88,23933.3,,,,,45.88,45.88,45.88,45.88,16244.2
791.17,91.85,23933.3,,,,,91.86,91.82,91.88,91.85,16235.7
792.17,91.74,23933.3,,,,,91.73,91.74,91.74,91.74,16236.1
793.17,91.87,24044.5,,,,,91.88,91.86,91.89,91.87,16264.2
794.18,47.07,23933.3,,,,,47.06,47.08,47.07,47.07,16259.7
795.18,91.81,23924.0,,,,,91.82,91.81,91.8,91.81,16247.9
796.18,45.9,23933.3,,,,,45.88,45.9,45.9,45.9,16236.0
797.18,91.81,23933.3,,,,,91.82,91.79,91.82,91.8,16231.3
798.18,91.69,24044.6,,,,,91.67,91.7,91.7,91.69,16264.8
799.18,47.15,23933.3,,,,,47.14,47.14,47.16,47.16,16260.2
800.18,91.71,23924.1,,,,,91.7,91.72,91.71,91.69,16256.3
801.18,45.96,23933.3,,,,,45.95,45.96,45.96,45.96,16240.7
802.18,91.71,23933.3,,,,,91.7,91.72,91.7,91.71,16240.4
803.18,91.83,24081.7,,,,,91.81,91.84,91.86,91.82,16267.8
804.18,47.09,23933.3,,,,,47.1,47.1,47.1,47.08,16260.6
805.18,91.87,23933.3,,,,,91.88,91.87,91.88,91.87,16259.4
806.18,91.71,23933.1,,,,,91.7,91.73,91.71,91.71,16248.7
807.18,45.94,23933.3,,,,,45.94,45.95,45.95,45.94,16235.4
808.18,91.74,24081.7,,,,,91.73,91.75,91.75,91.75,16268.7
809.18,47.16,23933.3,,,,,47.16,47.15,47.17,47.18,16228.6
810.18,91.71,23933.3,,,,,91.71,91.69,91.73,91.7,16260.5
811.18,91.83,23924.1,,,,,91.82,91.82,91.85,91.85,16251.9
812.18,45.92,23933.3,,,,,45.92,45.91,45.92,45.93,16238.9
813.18,91.77,24081.7,,,,,91.75,91.77,91.8,91.77,16269.1
814.18,47.08,23933.3,,,,,47.08,47.08,47.08,47.09,16261.9
815.18,91.84,23933.3,,,,,91.84,91.84,91.84,91.84,16260.3
816.18,91.76,23924.1,,,,,91.75,91.75,91.78,91.76,16256.5
817.18,45.9,23933.3,,,,,45.91,45.91,45.9,45.9,16240.3
818.18,91.73,24081.7,,,,,91.73,91.74,91.74,91.72,16269.5
819.18,47.15,23933.3,,,,,47.16,47.15,47.16,47.15,16230.9
820.18,91.72,23933.3,,,,,91.72,91.72,91.72,91.72,16261.0
821.18,91.86,23933.3,,,,,91.87,91.84,91.87,91.85,16260.8
822.18,91.7,23933.0,,,,,91.71,91.7,91.7,91.69,16249.8
823.18,45.93,24081.7,,,,,45.92,45.93,45.93,45.93,16269.6
824.18,47.09,23933.3,,,,,47.09,47.09,47.09,47.09,16238.1
825.18,91.88,23933.3,,,,,91.89,91.87,91.89,91.86,16230.6
826.18,91.72,23933.3,,,,,91.71,91.74,91.72,91.73,16253.6
827.18,45.89,23942.4,,,,,45.89,45.88,45.89,45.88,16245.5
828.18,91.85,24081.7,,,,,91.84,91.85,91.84,91.87,16270.3
829.18,47.09,23933.3,,,,,47.08,47.09,47.09,47.09,16263.3
830.18,91.81,23933.3,,,,,91.81,91.8,91.82,91.81,16261.9
831.18,91.78,23915.1,,,,,91.77,91.77,91.82,91.77,16240.7
832.18,45.93,23933.3,,,,,45.94,45.94,45.92,45.92,16248.0
833.18,91.71,24081.7,,,,,91.71,91.71,91.71,91.71,16270.4
834.18,47.15,23933.3,,,,,47.14,47.16,47.15,47.15,16237.3
835.18,91.72,23933.3,,,,,91.7,91.71,91.74,91.73,16238.2
836.18,91.85,23933.3,,,,,91.85,91.84,91.85,91.84,16262.2
837.18,91.67,23924.1,,,,,91.67,91.7,91.65,91.68,16257.8
838.18,45.94,24081.7,,,,,45.94,45.93,45.95,45.94,16271.0
839.18,47.08,23933.3,,,,,47.07,47.08,47.08,47.08,16239.4
840.18,91.86,23933.3,,,,,91.85,91.86,91.86,91.87,16236.9
841.19,91.74,23933.3,,,,,91.75,91.74,91.74,91.74,16232.1
842.19,91.86,23933.2,,,,,91.84,91.85,91.88,91.87,16256.4
843.19,45.89,24081.7,,,,,45.88,45.89,45.89,45.88,16271.6
844.19,47.14,23933.3,,,,,47.12,47.14,47.15,47.14,16257.0
845.19,91.74,23933.3,,,,,91.76,91.72,91.76,91.71,16263.7
846.19,91.86,23924.1,,,,,91.87,91.83,91.87,91.86,16260.2
847.19,45.86,23942.4,,,,,45.86,45.87,45.86,45.84,16239.7
848.19,91.87,24081.7,,,,,91.87,91.86,91.87,91.88,16272.1
849.19,47.08,23933.3,,,,,47.08,47.09,47.08,47.08,16236.1
850.19,91.84,23933.3,,,,,91.84,91.83,91.84,91.86,16254.8
851.19,91.71,23933.3,,,,,91.72,91.71,91.7,91.71,16263.4
852.19,91.82,23915.0,,,,,91.82,91.8,91.84,91.81,16254.5
853.19,45.92,24081.7,,,,,45.91,45.92,45.92,45.93,16272.2
854.19,47.11,23933.3,,,,,47.1,47.1,47.12,47.11,16258.6
855.19,91.75,23933.3,,,,,91.76,91.77,91.74,91.72,16233.2
856.19,91.82,23933.3,,,,,91.83,91.81,91.85,91.81,16235.3
857.19,91.76,23933.2,,,,,91.76,91.77,91.78,91.75,16262.2
858.19,45.94,24081.7,,,,,45.95,45.95,45.93,45.93,16272.8
859.19,47.08,23933.3,,,,,47.08,47.08,47.09,47.07,16241.9
860.19,91.89,23933.3,,,,,91.87,91.88,91.89,91.9,16244.0
861.19,91.74,23933.3,,,,,91.72,91.73,91.76,91.76,16265.0
862.19,91.86,23933.3,,,,,91.85,91.83,91.89,91.87,16224.7
863.19,91.72,23933.2,,,,,91.71,91.75,91.72,91.72,16273.2
864.19,47.15,23933.0,,,,,47.15,47.13,47.16,47.14,16247.8
865.19,45.86,23933.3,,,,,45.86,45.86,45.86,45.86,16241.0
866.19,91.87,23933.3,,,,,91.87,91.86,91.87,91.87,16241.2
867.19,91.74,23933.3,,,,,91.75,91.71,91.75,91.75,16265.3
868.19,93.02,23933.0,,,,,93.02,93.01,93.02,93.02,16274.3
869.19,45.91,23924.2,,,,,45.91,45.91,45.92,45.91,16264.1
870.19,45.91,23933.3,,,,,45.9,45.91,45.9,45.91,16256.3
871.19,91.71,23933.3,,,,,91.71,91.68,91.72,91.71,16236.7
872.19,91.84,23933.3,,,,,91.84,91.84,91.85,91.83,16250.0
873.19,92.95,23933.0,,,,,92.96,92.94,92.97,92.95,16274.8
874.19,45.93,23933.1,,,,,45.93,45.94,45.91,45.93,16260.0
875.19,45.89,23933.3,,,,,45.89,45.88,45.9,45.88,16243.8
876.19,91.8,23933.3,,,,,91.79,91.8,91.78,91.83,16253.0
877.19,91.7,23933.3,,,,,91.67,91.71,91.71,91.71,16266.9
878.19,93.08,23933.0,,,,,93.11,93.04,93.09,93.09,16274.9
879.19,45.87,23933.3,,,,,45.87,45.86,45.87,45.88,16266.2
880.19,45.94,23933.3,,,,,45.94,45.92,45.95,45.94,16251.0
881.19,91.73,23933.3,,,,,91.71,91.72,91.73,91.75,16243.0
882.19,91.87,23933.3,,,,,91.89,91.84,91.88,91.86,16244.1
883.19,92.93,23933.0,,,,,92.91,92.91,92.93,92.95,16236.2
884.19,45.93,23933.3,,,,,45.93,45.93,45.93,45.92,16247.8
885.19,45.86,23951.5,,,,,45.84,45.87,45.87,45.87,16259.0
886.19,91.86,23942.4,,,,,91.87,91.83,91.86,91.87,16252.3
887.19,91.82,23933.3,,,,,91.83,91.83,91.83,91.79,16243.1
888.2,92.99,23933.0,,,,,92.98,92.99,93.02,92.99,16276.0
889.2,45.88,23933.3,,,,,45.88,45.88,45.88,45.87,16267.4
890.2,91.84,23933.1,,,,,91.83,91.86,91.85,91.83,16252.4
891.2,45.89,23933.3,,,,,45.9,45.9,45.88,45.88,16250.5
892.2,91.83,23933.3,,,,,91.82,91.81,91.87,91.82,16256.9
893.2,92.94,23933.0,,,,,92.96,92.94,92.96,92.91,16238.7
894.2,45.93,23933.3,,,,,45.94,45.93,45.93,45.94,16268.0
895.2,91.72,23924.2,,,,,91.69,91.74,91.73,91.71,16266.7
896.2,45.93,23933.3,,,,,45.93,45.92,45.94,45.93,16249.3
897.2,91.72,23933.3,,,,,91.73,91.71,91.73,91.71,16241.5
898.2,93.05,23933.0,,,,,93.04,93.07,93.03,93.08,16231.0
899.2,45.87,23933.3,,,,,45.88,45.86,45.89,45.87,16261.7
900.2,91.84,23915.0,,,,,91.83,91.85,91.85,91.85,16258.0
901.2,45.87,23933.3,,,,,45.88,45.87,45.87,45.87,16251.8
902.2,91.86,23933.3,,,,,91.87,91.84,91.87,91.84,16238.2
903.2,92.93,23933.0,,,,,92.92,92.91,92.95,92.94,16277.3
904.2,45.93,23933.3,,,,,45.93,45.92,45.92,45.93,16269.0
905.2,91.84,23924.1,,,,,91.8,91.82,91.88,91.86,16265.1
906.2,45.91,23933.3,,,,,45.92,45.91,45.91,45.9,16246.0
907.2,91.73,23933.3,,,,,91.74,91.73,91.73,91.71,16247.8
908.2,93.03,23933.0,,,,,93.02,93.02,93.02,93.04,16233.6
909.2,45.88,23933.3,,,,,45.88,45.88,45.88,45.87,16269.8
910.2,45.93,23933.3,,,,,45.93,45.92,45.94,45.93,16254.0
911.2,91.73,23933.3,,,,,91.71,91.73,91.75,91.74,16242.6
912.2,91.88,23933.3,,,,,91.87,91.87,91.9,91.9,16255.6
913.2,45.87,24081.7,,,,,45.86,45.86,45.89,45.88,16278.6
914.2,47.14,23933.3,,,,,47.13,47.14,47.15,47.15,16253.8
915.2,91.74,23933.3,,,,,91.74,91.73,91.74,91.73,16244.1
916.2,91.84,23933.3,,,,,91.84,91.83,91.84,91.84,16270.6
917.2,91.72,23933.3,,,,,91.74,91.7,91.75,91.7,16270.4
918.2,93.04,23933.0,,,,,93.04,93.04,93.04,93.04,16279.0
919.2,45.86,23933.3,,,,,45.86,45.87,45.86,45.87,16270.3
920.2,45.93,23933.3,,,,,45.93,45.93,45.93,45.93,16241.7
921.2,91.71,23933.3,,,,,91.7,91.73,91.73,91.7,16261.7
922.2,91.84,23924.1,,,,,91.82,91.83,91.83,91.86,16263.6
923.2,45.85,24081.7,,,,,45.86,45.85,45.85,45.85,16277.5
924.2,47.16,23933.3,,,,,47.15,47.17,47.17,47.16,16251.1
925.2,91.72,23933.3,,,,,91.72,91.73,91.73,91.7,16269.0
926.2,91.84,23933.3,,,,,91.83,91.84,91.84,91.86,16239.0
927.2,91.77,23915.1,,,,,91.78,91.76,91.78,91.77,16250.4
928.2,45.87,24081.7,,,,,45.86,45.87,45.87,45.87,16278.1
929.2,47.14,23933.3,,,,,47.12,47.15,47.14,47.15,16253.0
930.2,91.7,23933.3,,,,,91.72,91.68,91.71,91.7,16245.0
931.2,91.9,23933.3,,,,,91.9,91.91,91.91,91.89,16269.9
932.21,91.7,23933.3,,,,,91.72,91.7,91.72,91.67,16270.3
933.21,93.08,23933.0,,,,,93.1,93.09,93.07,93.06,16278.5
934.21,45.91,23933.0,,,,,45.91,45.91,45.92,45.91,16258.2
935.21,45.87,23933.3,,,,,45.87,45.87,45.87,45.86,16250.1
936.21,91.83,23933.3,,,,,91.83,91.83,91.84,91.81,16245.3
937.21,91.82,23933.3,,,,,91.82,91.82,91.82,91.81,16262.9
938.21,92.96,23933.0,,,,,92.94,92.96,92.97,92.96,16232.9
939.21,45.9,23924.1,,,,,45.9,45.91,45.9,45.9,16267.8
940.21,45.9,23933.3,,,,,45.9,45.9,45.91,45.9,16251.3
941.21,91.87,23933.3,,,,,91.85,91.89,91.87,91.88,16270.5
942.21,91.8,23933.3,,,,,91.79,91.8,91.81,91.79,16240.6
943.21,92.96,23933.0,,,,,92.94,92.97,92.98,92.96,16279.9
944.21,45.87,23924.2,,,,,45.88,45.87,45.88,45.87,16269.2
945.21,45.93,23933.3,,,,,45.94,45.93,45.94,45.93,16258.4
946.21,91.69,23933.3,,,,,91.68,91.7,91.71,91.68,16249.3
947.21,91.87,23933.3,,,,,91.87,91.85,91.86,91.88,16266.3
948.21,92.92,23933.0,,,,,92.9,92.9,92.95,92.92,16238.3
949.21,45.94,23933.3,,,,,45.95,45.94,45.94,45.93,16271.8
950.21,91.71,23933.1,,,,,91.71,91.71,91.71,91.7,16261.9
951.21,45.95,23933.3,,,,,45.94,45.94,45.96,45.94,16251.7
952.21,91.79,23933.3,,,,,91.79,91.79,91.82,91.78,16252.7
953.21,93.0,23933.0,,,,,92.98,92.99,93.01,93.02,16234.9
954.21,45.86,23933.3,,,,,45.86,45.87,45.86,45.86,16272.0
955.21,45.91,23933.3,,,,,45.9,45.9,45.91,45.91,16255.9
956.21,91.81,23933.3,,,,,91.8,91.81,91.8,91.81,16267.2
957.21,91.77,23933.3,,,,,91.76,91.78,91.77,91.77,16245.5
958.21,92.91,23933.0,,,,,92.92,92.89,92.93,92.89,16281.9
959.21,45.95,23933.3,,,,,45.95,45.95,45.95,45.95,16272.8
960.21,91.72,23924.2,,,,,91.71,91.73,91.71,91.73,16271.7
961.21,45.92,23942.4,,,,,45.92,45.92,45.93,45.91,16261.7
962.21,91.71,23933.3,,,,,91.7,91.72,91.71,91.71,16254.7
963.21,93.1,23933.0,,,,,93.06,93.12,93.1,93.11,16250.0
964.21,45.88,23933.3,,,,,45.88,45.88,45.89,45.88,16245.9
965.21,91.86,23933.3,,,,,91.85,91.86,91.86,91.88,16273.5
966.21,91.8,23933.3,,,,,91.79,91.79,91.83,91.8,16273.1
967.21,45.89,23933.3,,,,,45.88,45.89,45.89,45.9,16260.4
968.21,92.94,23933.0,,,,,92.92,92.95,92.95,92.95,16254.3
969.21,45.91,23933.3,,,,,45.91,45.92,45.91,45.92,16250.6
970.21,91.75,23933.3,,,,,91.76,91.75,91.77,91.72,16241.4
971.21,91.84,23924.2,,,,,91.83,91.83,91.85,91.86,16273.0
972.21,45.85,23942.4,,,,,45.87,45.85,45.86,45.84,16263.8
973.21,93.07,23933.0,,,,,93.04,93.09,93.05,93.1,16253.5
974.21,45.9,23933.3,,,,,45.9,45.9,45.9,45.9,16254.4
975.21,91.71,23933.3,,,,,91.71,91.72,91.7,91.72,16274.3
976.21,91.88,23933.3,,,,,91.86,91.88,91.92,91.85,16237.0
977.22,91.73,23933.1,,,,,91.72,91.72,91.74,91.73,16266.4
978.22,47.15,23933.0,,,,,47.14,47.14,47.15,47.16,16260.4
979.22,45.87,23933.3,,,,,45.87,45.87,45.88,45.87,16253.1
980.22,91.85,23933.3,,,,,91.85,91.87,91.85,91.83,16245.1
981.22,91.75,23933.3,,,,,91.76,91.75,91.78,91.71,16274.6
982.22,91.82,23933.1,,,,,91.85,91.8,91.82,91.82,16267.3
983.22,47.07,23933.0,,,,,47.06,47.07,47.09,47.08,16252.2
984.22,45.93,23933.3,,,,,45.93,45.93,45.95,45.94,16275.0
985.22,91.74,23933.3,,,,,91.75,91.73,91.75,91.72,16239.4
986.22,45.93,23951.5,,,,,45.91,45.93,45.94,45.93,16266.8
987.22,91.73,23942.4,,,,,91.72,91.74,91.75,91.72,16273.7
988.22,93.05,23933.0,,,,,93.04,93.08,93.06,93.03,16246.3
989.22,45.88,23933.3,,,,,45.86,45.87,45.89,45.89,16275.7
990.22,91.85,23933.1,,,,,91.85,91.86,91.86,91.83,16269.1
991.22,45.88,23933.3,,,,,45.88,45.89,45.9,45.88,16258.8
992.22,91.79,23933.3,,,,,91.78,91.8,91.81,91.78,16250.8
993.22,92.94,23933.0,,,,,92.95,92.93,92.94,92.93,16246.6
994.22,45.92,23933.3,,,,,45.92,45.92,45.92,45.91,16267.1
995.22,45.88,23942.4,,,,,45.88,45.87,45.89,45.88,16261.1
996.22,91.88,23942.4,,,,,91.89,91.87,91.89,91.88,16276.8
997.22,91.73,23942.4,,,,,91.73,91.73,91.74,91.74,16249.4
998.22,93.05,23933.0,,,,,93.04,93.04,93.06,93.07,16285.9
999.22,45.9,23915.1,,,,,45.9,45.9,45.9,45.89,16273.2
1000.22,45.9,23933.3,,,,,45.89,45.88,45.91,45.91,16262.0
1001.22,91.81,23933.3,,,,,91.82,91.8,91.81,91.8,16263.1
1002.22,91.74,23933.3,,,,,91.74,91.74,91.74,91.72,16272.8
1003.22,91.85,23933.3,,,,,91.84,91.84,91.86,91.85,16286.0
1004.22,1.21,23933.3,,,,,1.21,1.21,1.21,1.21,16260.1
1005.22,91.85,23933.3,,,,,91.85,91.84,91.86,91.85,16254.4
1006.22,91.82,23933.3,,,,,91.83,91.79,91.84,91.85,16250.0
1007.22,91.79,23933.3,,,,,91.78,91.79,91.81,91.79,16270.4
1008.22,92.94,23933.0,,,,,92.92,92.93,92.96,92.95,16286.2
1009.22,45.91,23915.0,,,,,45.92,45.9,45.91,45.92,16270.4
1010.22,45.91,23933.3,,,,,45.91,45.89,45.92,45.91,16253.8
1011.22,91.8,23933.3,,,,,91.79,91.8,91.79,91.81,16272.5
1012.22,91.74,23933.3,,,,,91.75,91.71,91.76,91.75,16244.1
1013.22,93.05,23933.0,,,,,93.05,93.04,93.06,93.06,16287.0
1014.22,45.87,23933.0,,,,,45.88,45.86,45.88,45.86,16268.5
1015.22,45.95,23933.3,,,,,45.94,45.94,45.96,45.94,16256.2
1016.22,91.73,23933.3,,,,,91.73,91.73,91.74,91.72,16257.3
1017.22,91.84,23933.3,,,,,91.84,91.86,91.85,91.83,16278.8
1018.22,92.91,23933.0,,,,,92.93,92.92,92.91,92.88,16241.1
1019.22,45.96,23924.2,,,,,45.94,45.96,45.98,45.96,16278.0
1020.22,45.86,23933.3,,,,,45.86,45.87,45.87,45.85,16261.5
1021.22,91.86,23933.3,,,,,91.84,91.86,91.87,91.85,16256.3
1022.22,91.72,23933.3,,,,,91.73,91.71,91.72,91.73,16250.2
1023.23,93.1,23933.0,,,,,93.1,93.07,93.1,93.1,16287.5
1024.23,45.9,23933.3,,,,,45.9,45.9,45.9,45.9,16239.9
1025.23,91.72,23924.0,,,,,91.72,91.72,91.72,91.73,16271.3
1026.23,45.94,23933.3,,,,,45.94,45.93,45.94,45.94,16256.1
1027.23,91.74,23933.3,,,,,91.74,91.75,91.74,91.72,16273.0
1028.23,93.06,23933.0,,,,,93.03,93.06,93.08,93.06,16288.3
1029.23,45.85,23933.3,,,,,45.84,45.85,45.85,45.85,16279.1
1030.23,91.9,23933.0,,,,,91.9,91.89,91.92,91.88,16263.0
1031.23,45.87,23933.3,,,,,45.88,45.86,45.89,45.87,16256.4
1032.23,91.87,23933.3,,,,,91.87,91.88,91.85,91.87,16257.4
1033.23,93.0,23933.0,,,,,93.0,92.99,93.02,92.98,16243.5
1034.23,45.91,23933.3,,,,,45.92,45.9,45.92,45.92,16279.6
1035.23,91.72,23933.0,,,,,91.69,91.7,91.74,91.75,16267.9
1036.23,45.95,23933.3,,,,,45.96,45.95,45.95,45.95,16257.3
1037.23,91.74,23933.3,,,,,91.73,91.74,91.76,91.74,16253.3
1038.23,93.04,23933.0,,,,,93.03,93.04,93.05,93.03,16289.2
1039.23,45.87,23933.3,,,,,45.87,45.87,45.87,45.87,16280.1
1040.23,91.85,23933.1,,,,,91.84,91.84,91.88,91.85,16258.9
1041.23,45.91,23942.4,,,,,45.91,45.92,45.91,45.91,16269.2
1042.23,91.74,23933.3,,,,,91.74,91.74,91.75,91.73,16279.0
1043.23,93.07,23933.0,,,,,93.07,93.06,93.08,93.07,16289.8
1044.23,45.87,23924.2,,,,,45.85,45.87,45.87,45.87,16280.1
1045.23,45.93,23933.3,,,,,45.93,45.93,45.92,45.91,16263.3
1046.23,91.73,23933.3,,,,,91.72,91.7,91.76,91.75,16258.2
1047.23,91.86,23933.3,,,,,91.85,91.89,91.86,91.83,16260.1
1048.23,92.97,23933.0,,,,,93.0,92.99,92.95,92.95,16243.1
1049.23,45.9,23933.2,,,,,45.89,45.89,45.92,45.89,16279.1
1050.23,45.9,23933.3,,,,,45.9,45.9,45.91,45.9,16261.6
1051.23,91.89,23933.3,,,,,91.89,91.87,91.89,91.9,16276.0
1052.23,91.72,23933.3,,,,,91.74,91.68,91.76,91.72,16267.0
1053.23,93.08,23933.0,,,,,93.07,93.08,93.06,93.1,16290.7
1054.23,45.87,23933.0,,,,,45.87,45.86,45.88,45.87,16270.2
1055.23,45.95,23933.3,,,,,45.95,45.93,45.95,45.95,16260.4
1056.23,91.74,23933.3,,,,,91.72,91.73,91.74,91.75,16260.3
1057.23,91.86,23933.3,,,,,91.88,91.82,91.87,91.86,16282.3
1058.23,92.93,23933.0,,,,,92.92,92.95,92.94,92.94,16290.9
1059.23,45.94,23933.1,,,,,45.94,45.92,45.95,45.94,16276.2
1060.23,45.87,23933.3,,,,,45.86,45.87,45.87,45.86,16263.4
1061.23,91.89,23933.3,,,,,91.87,91.9,91.88,91.92,16259.3
1062.23,91.74,23933.3,,,,,91.72,91.72,91.75,91.76,16252.4
1063.23,93.02,23933.0,,,,,93.01,93.04,93.03,93.01,16291.5
1064.23,45.91,23933.3,,,,,45.91,45.91,45.91,45.9,16253.6
1065.23,91.77,23924.1,,,,,91.76,91.76,91.78,91.79,16274.7
1066.23,45.86,23933.3,,,,,45.86,45.86,45.86,45.86,16260.4
1067.23,91.86,23933.3,,,,,91.83,91.86,91.87,91.86,16283.1
1068.23,93.0,23933.0,,,,,92.99,93.01,93.0,93.01,16292.1
1069.24,45.86,23933.3,,,,,45.86,45.85,45.86,45.85,16282.9
1070.24,91.85,23933.1,,,,,91.83,91.85,91.86,91.87,16276.8
1071.24,45.85,23933.3,,,,,45.86,45.86,45.86,45.84,16261.8
1072.24,91.88,23933.3,,,,,91.87,91.85,91.89,91.9,16261.8
1073.24,93.01,23933.0,,,,,93.02,93.0,93.03,92.99,16254.9
1074.24,45.91,23933.3,,,,,45.91,45.9,45.9,45.91,16280.5
1075.24,91.78,23933.2,,,,,91.75,91.78,91.82,91.78,16283.2
1076.24,45.9,23933.3,,,,,45.9,45.91,45.89,45.91,16265.6
1077.24,91.71,23933.3,,,,,91.71,91.68,91.74,91.69,16259.6
1078.24,93.08,23933.0,,,,,93.05,93.09,93.07,93.13,16292.9
1079.24,45.88,23933.3,,,,,45.87,45.86,45.9,45.88,16284.1
1080.24,91.84,23933.3,,,,,91.83,91.82,91.85,91.85,16274.5
1081.24,91.72,23933.1,,,,,91.7,91.71,91.75,91.72,16275.0
1082.24,45.92,23942.3,,,,,45.93,45.93,45.93,45.92,16272.3
1083.24,92.9,23933.0,,,,,92.92,92.86,92.92,92.89,16259.1
1084.24,45.96,23933.3,,,,,45.95,45.97,45.95,45.97,16276.7
1085.24,91.76,23933.3,,,,,91.77,91.75,91.77,91.74,16284.6
1086.24,91.82,23933.2,,,,,91.8,91.83,91.81,91.83,16280.4
1087.24,45.91,23933.3,,,,,45.91,45.91,45.91,45.91,16266.5
1088.24,92.93,23933.0,,,,,92.92,92.92,92.94,92.93,16260.7
1089.24,45.95,23933.3,,,,,45.95,45.95,45.95,45.93,16254.4
1090.24,91.82,23933.3,,,,,91.83,91.81,91.83,91.8,16285.1
1091.24,91.76,23924.1,,,,,91.76,91.76,91.77,91.76,16279.5
1092.24,45.85,23933.3,,,,,45.85,45.86,45.85,45.86,16267.1
1093.24,93.06,23933.0,,,,,93.06,93.07,93.07,93.06,16259.4
1094.24,45.85,23933.3,,,,,45.86,45.83,45.85,45.85,16285.7
1095.24,91.93,23933.3,,,,,91.94,91.91,91.94,91.91,16247.3
1096.24,45.9,23951.5,,,,,45.9,45.89,45.91,45.9,16276.6
1097.24,91.73,23933.3,,,,,91.74,91.71,91.75,91.74,16264.4
1098.24,93.0,23933.0,,,,,93.01,93.0,93.0,93.0,16262.2
1099.24,45.89,23933.3,,,,,45.89,45.89,45.91,45.89,16263.5
1100.24,91.81,23933.3,,,,,91.81,91.79,91.82,91.83,16286.0
1101.24,91.78,23924.2,,,,,91.75,91.8,91.79,91.79,16285.0
1102.24,45.89,23933.3,,,,,45.89,45.89,45.9,45.89,16268.6
1103.24,93.04,23933.0,,,,,93.02,93.02,93.05,93.05,16264.2
1104.24,45.86,23933.3,,,,,45.86,45.86,45.86,45.87,16262.3
1105.24,91.85,23933.3,,,,,91.86,91.82,91.86,91.85,16252.5
1106.24,91.82,23924.2,,,,,91.81,91.82,91.83,91.82,16285.8
1107.24,45.87,23942.4,,,,,45.87,45.87,45.88,45.87,16273.3
1108.24,93.05,23933.0,,,,,93.03,93.04,93.08,93.06,16263.6
1109.24,45.88,23933.3,,,,,45.87,45.89,45.88,45.89,16287.1
1110.24,91.85,23933.3,,,,,91.87,91.85,91.86,91.84,16287.2
1111.24,91.68,23933.2,,,,,91.68,91.68,91.71,91.67,16285.1
1112.24,45.91,23933.3,,,,,45.91,45.92,45.91,45.91,16269.9
1113.24,93.05,23933.0,,,,,93.03,93.06,93.07,93.03,16264.8
1114.25,45.88,23933.3,,,,,45.89,45.88,45.88,45.89,16259.9
1115.25,91.86,23933.3,,,,,91.86,91.84,91.87,91.85,16287.7
1116.25,91.71,23933.3,,,,,91.73,91.71,91.73,91.69,16287.7
1117.25,45.93,23933.3,,,,,45.93,45.93,45.94,45.92,16274.6
1118.25,92.89,23933.0,,,,,92.9,92.89,92.87,92.91,16268.7
1119.25,45.94,23933.3,,,,,45.94,45.95,45.96,45.93,16262.9
1120.25,91.79,23933.3,,,,,91.8,91.79,91.8,91.78,16256.4
1121.25,91.74,23933.3,,,,,91.73,91.74,91.74,91.73,16287.8
1122.25,91.85,23933.2,,,,,91.85,91.86,91.85,91.84,16285.1
1123.25,47.08,23933.0,,,,,47.08,47.08,47.08,47.07,16277.9
1124.25,45.93,23933.3,,,,,45.93,45.93,45.93,45.92,16264.6
1125.25,91.75,23933.3,,,,,91.72,91.75,91.76,91.76,16288.7
1126.25,91.87,23933.3,,,,,91.88,91.87,91.88,91.84,16254.2
1127.25,91.71,23933.3,,,,,91.69,91.71,91.7,91.71,16288.1
1128.25,47.13,23924.2,,,,,47.12,47.13,47.13,47.12,16288.2
1129.25,45.89,23933.3,,,,,45.89,45.9,45.9,45.87,16271.8
1130.25,91.88,23933.3,,,,,91.89,91.87,91.88,91.87,16263.4
1131.25,91.72,23933.3,,,,,91.72,91.73,91.74,91.7,16282.6
1132.25,91.87,24007.4,,,,,91.86,91.88,91.86,91.87,16292.8
1133.25,47.09,23933.3,,,,,47.07,47.09,47.1,47.08,16290.5
1134.25,91.87,23915.1,,,,,91.89,91.85,91.89,91.85,16286.5
1135.25,45.86,23933.3,,,,,45.86,45.87,45.86,45.87,16267.5
1136.25,91.83,23933.3,,,,,91.82,91.84,91.82,91.82,16265.1
1137.25,91.74,24081.7,,,,,91.73,91.75,91.74,91.75,16298.5
1138.25,47.16,23933.3,,,,,47.17,47.15,47.17,47.15,16260.4
1139.25,91.73,23933.3,,,,,91.72,91.74,91.73,91.74,16251.4
1140.25,91.82,23924.2,,,,,91.83,91.81,91.83,91.81,16288.6
1141.25,45.87,23933.3,,,,,45.86,45.87,45.86,45.87,16272.9
1142.25,91.87,24081.7,,,,,91.86,91.86,91.87,91.87,16298.6
1143.25,47.07,23933.3,,,,,47.06,47.08,47.07,47.07,16262.6
1144.25,91.86,23933.3,,,,,91.87,91.87,91.87,91.84,16290.4
1145.25,91.74,23933.3,,,,,91.75,91.75,91.73,91.73,16290.2
1146.25,91.86,23933.2,,,,,91.88,91.85,91.88,91.84,16278.3
1147.25,45.86,24081.7,,,,,45.86,45.84,45.87,45.86,16299.0
1148.25,47.14,23933.3,,,,,47.14,47.14,47.15,47.14,16271.9
1149.25,91.73,23933.3,,,,,91.74,91.73,91.73,91.73,16264.4
1150.25,91.86,23933.3,,,,,91.87,91.84,91.87,91.86,16291.1
1151.25,91.72,23933.2,,,,,91.71,91.72,91.74,91.71,16290.5
1152.25,45.94,24081.7,,,,,45.93,45.94,45.94,45.94,16299.7
1153.25,47.09,23933.3,,,,,47.09,47.09,47.1,47.07,16270.7
1154.25,91.86,23933.3,,,,,91.83,91.86,91.86,91.88,16266.1
1155.25,91.74,23933.3,,,,,91.74,91.74,91.74,91.72,16256.7
1156.25,91.85,23933.2,,,,,91.83,91.84,91.87,91.86,16290.8
1157.25,45.86,24080.9,,,,,45.85,45.86,45.87,45.88,16299.9
1158.25,93.06,23932.3,,,,,93.07,93.04,93.08,93.04,16276.6
1159.25,45.87,23932.5,,,,,45.86,45.88,45.87,45.88,16267.3
1160.26,93.04,23933.0,,,,,93.04,93.04,93.04,93.04,16267.3
1161.26,45.87,23933.3,,,,,45.86,45.87,45.87,45.86,16268.8
1162.26,91.86,23933.3,,,,,91.86,91.85,91.87,91.83,16292.0
1163.26,91.7,23924.1,,,,,91.69,91.7,91.69,91.7,16289.9
1164.26,45.93,23933.3,,,,,45.93,45.94,45.94,45.92,16275.6
1165.26,93.01,23933.0,,,,,93.02,93.0,93.03,93.01,16269.1
1166.26,45.89,23933.3,,,,,45.89,45.91,45.89,45.89,16265.8
1167.26,91.74,23933.3,,,,,91.74,91.74,91.78,91.72,16266.2
1168.26,91.88,23924.2,,,,,91.88,91.9,91.88,91.86,16283.0
1169.26,45.87,23942.4,,,,,45.88,45.87,45.89,45.86,16281.1
1170.26,93.06,23933.0,,,,,93.04,93.06,93.07,93.05,16273.3
1171.26,45.87,23933.3,,,,,45.88,45.87,45.88,45.87,16267.3
1172.26,91.86,23933.3,,,,,91.86,91.85,91.86,91.86,16293.4
1173.26,91.75,23933.3,,,,,91.75,91.75,91.76,91.75,16256.6
1174.26,91.84,23924.2,,,,,91.84,91.82,91.85,91.85,16291.9
1175.26,47.07,23915.1,,,,,47.08,47.06,47.08,47.06,16292.7
1176.26,45.95,23933.3,,,,,45.96,45.94,45.95,45.96,16274.5
1177.26,91.72,23933.3,,,,,91.72,91.7,91.73,91.72,16265.2
1178.26,91.88,23933.3,,,,,91.89,91.86,91.89,91.9,16286.0
1179.26,91.72,24007.2,,,,,91.73,91.71,91.72,91.72,16290.5
1180.26,47.13,23933.0,,,,,47.12,47.12,47.14,47.15,16278.4
1181.26,45.91,23933.3,,,,,45.9,45.91,45.91,45.9,16294.0
1182.26,91.77,23933.3,,,,,91.77,91.78,91.78,91.77,16265.4
1183.26,91.74,23933.3,,,,,91.73,91.75,91.74,91.75,16269.0
1184.26,91.85,23933.2,,,,,91.85,91.85,91.88,91.82,16289.3
1185.26,47.1,23933.0,,,,,47.08,47.11,47.1,47.1,16277.0
1186.26,45.91,23933.3,,,,,45.9,45.91,45.92,45.9,16268.5
1187.26,91.72,23933.3,,,,,91.72,91.73,91.73,91.72,16294.6
1188.26,91.84,23933.3,,,,,91.83,91.84,91.85,91.84,16294.8
1189.26,91.8,23933.1,,,,,91.8,91.78,91.79,91.81,16286.8
1190.26,47.11,23933.0,,,,,47.11,47.11,47.13,47.1,16275.0
1191.26,45.87,23933.3,,,,,45.87,45.88,45.87,45.87,16270.1
1192.26,91.83,23933.3,,,,,91.83,91.83,91.82,91.83,16272.0
1193.26,91.74,23933.3,,,,,91.74,91.72,91.76,91.73,16295.4
1194.26,45.93,23933.3,,,,,45.93,45.92,45.93,45.93,16281.8
1195.26,92.92,23933.0,,,,,92.89,92.92,92.92,92.93,16270.5
1196.26,45.88,23933.3,,,,,45.89,45.88,45.89,45.88,16295.6
1197.26,91.88,23933.3,,,,,91.88,91.88,91.88,91.89,16262.1
1198.26,91.69,23933.3,,,,,91.69,91.69,91.69,91.67,16275.7
1199.26,91.83,23933.1,,,,,91.84,91.82,91.83,91.84,16289.2
1200.26,47.13,23933.0,,,,,47.12,47.14,47.12,47.12,16282.1
1201.26,45.92,23933.3,,,,,45.9,45.92,45.93,45.92,16271.2
1202.26,91.74,23933.3,,,,,91.73,91.74,91.75,91.74,16282.9
1203.26,91.87,23933.3,,,,,91.87,91.87,91.87,91.86,16296.5
1204.26,91.7,23970.2,,,,,91.69,91.7,91.71,91.68,16296.2
1205.27,47.16,23915.0,,,,,47.16,47.14,47.17,47.16,16292.8
1206.27,45.86,23933.3,,,,,45.86,45.86,45.85,45.86,16275.4
1207.27,91.84,23933.3,,,,,91.83,91.86,91.84,91.86,16269.2
1208.27,91.68,23933.3,,,,,91.72,91.72,91.65,91.65,16278.5
1209.27,91.88,23998.2,,,,,91.85,91.84,91.93,91.89,16298.6
1210.27,47.07,23933.0,,,,,47.05,47.06,47.08,47.07,16302.2
1211.27,45.93,23933.3,,,,,45.92,45.94,45.94,45.93,16286.7
1212.27,91.7,23933.1,,,,,91.69,91.71,91.71,91.69,16288.0
1213.27,45.94,23933.3,,,,,45.94,45.94,45.96,45.94,16273.1
1214.27,91.74,23933.3,,,,,91.71,91.75,91.75,91.73,16283.2
1215.27,93.05,23933.0,,,,,93.07,93.03,93.07,93.04,16304.1
1216.27,45.86,23915.1,,,,,45.86,45.87,45.86,45.87,16294.2
1217.27,45.94,23933.3,,,,,45.94,45.94,45.95,45.93,16278.2
1218.27,91.73,23933.3,,,,,91.72,91.75,91.73,91.72,16274.5
1219.27,91.87,23933.3,,,,,91.87,91.88,91.86,91.85,16268.3
1220.27,92.93,23933.0,,,,,92.91,92.91,92.96,92.93,16304.6
1221.27,45.95,23933.3,,,,,45.94,45.96,45.95,45.95,16256.8
1222.27,91.75,23933.1,,,,,91.74,91.75,91.75,91.76,16286.6
1223.27,45.91,23933.3,,,,,45.92,45.9,45.92,45.92,16274.1
1224.27,91.81,23933.3,,,,,91.77,91.81,91.83,91.83,16290.3
1225.27,92.99,23933.0,,,,,93.01,92.96,93.01,92.97,16304.7
1226.27,45.87,23933.3,,,,,45.86,45.87,45.86,45.87,16296.0
1227.27,91.83,23924.1,,,,,91.81,91.81,91.85,91.84,16292.3
1228.27,45.89,23933.3,,,,,45.88,45.89,45.9,45.9,16282.2
1229.27,91.85,23933.3,,,,,91.85,91.81,91.87,91.85,16278.9
1230.27,92.95,23933.0,,,,,92.94,92.96,92.95,92.96,16269.5
1231.27,45.93,23933.3,,,,,45.92,45.92,45.94,45.93,16287.9
1232.27,91.77,23915.1,,,,,91.75,91.78,91.77,91.78,16295.1
1233.27,45.92,23942.4,,,,,45.91,45.91,45.93,45.91,16282.1
1234.27,91.81,23933.3,,,,,91.8,91.81,91.83,91.8,16273.6
1235.27,93.01,23933.0,,,,,93.01,93.02,93.02,92.99,16306.3
1236.27,45.86,23933.3,,,,,45.86,45.85,45.86,45.86,16297.0
1237.27,91.78,23924.1,,,,,91.76,91.79,91.79,91.79,16292.1
1238.27,45.89,23933.3,,,,,45.88,45.9,45.89,45.89,16275.5
1239.27,91.86,23933.3,,,,,91.84,91.86,91.86,91.87,16291.5
1240.27,92.94,23933.0,,,,,92.92,92.95,92.94,92.95,16272.1
1241.27,45.94,23933.3,,,,,45.95,45.93,45.95,45.94,16297.7
1242.27,91.72,23933.3,,,,,91.73,91.69,91.73,91.73,16297.3
1243.27,45.94,23951.4,,,,,45.93,45.93,45.94,45.94,16288.8
1244.27,91.81,23933.3,,,,,91.82,91.8,91.8,91.8,16276.7
1245.27,92.92,23933.0,,,,,92.92,92.9,92.95,92.91,16272.0
1246.27,45.9,23933.3,,,,,45.89,45.89,45.91,45.91,16263.2
1247.27,91.87,23933.3,,,,,91.86,91.88,91.87,91.86,16297.8
1248.27,45.89,23942.4,,,,,45.89,45.88,45.9,45.89,16285.9
1249.27,91.78,23933.3,,,,,91.76,91.77,91.79,91.8,16277.0
1250.28,93.0,23933.0,,,,,93.0,93.0,92.99,93.0,16273.8
1251.28,45.92,23933.3,,,,,45.91,45.92,45.92,45.91,16299.2
1252.28,91.71,23933.3,,,,,91.72,91.71,91.72,91.71,16261.8
1253.28,91.84,23933.0,,,,,91.85,91.83,91.86,91.83,16289.7
1254.28,45.87,23933.3,,,,,45.88,45.87,45.88,45.86,16276.7
1255.28,93.06,23933.0,,,,,93.05,93.05,93.05,93.08,16278.2
1256.28,45.86,23933.3,,,,,45.86,45.87,45.87,45.86,16278.4
1257.28,91.86,23933.3,,,,,91.85,91.87,91.88,91.84,16299.4
1258.28,91.71,23924.1,,,,,91.68,91.74,91.71,91.7,16293.2
1259.28,45.91,23933.3,,,,,45.91,45.9,45.91,45.9,16283.9
1260.28,93.04,23933.0,,,,,93.04,93.04,93.06,93.03,16308.6
1261.28,45.92,23933.3,,,,,45.91,45.93,45.92,45.92,16272.9
1262.28,91.74,23933.3,,,,,91.73,91.74,91.75,91.75,16290.8
1263.28,91.84,23933.2,,,,,91.85,91.82,91.84,91.87,16297.7
1264.28,45.87,23933.3,,,,,45.87,45.86,45.87,45.86,16280.8
1265.28,93.04,23933.0,,,,,93.05,93.04,93.05,93.02,16280.3
1266.28,45.87,23933.3,,,,,45.87,45.89,45.88,45.86,16272.8
1267.28,91.87,23933.3,,,,,91.87,91.86,91.89,91.86,16300.8
1268.28,91.72,23933.3,,,,,91.7,91.73,91.73,91.73,16284.1
1269.28,91.76,23970.1,,,,,91.76,91.76,91.76,91.75,16292.5
1270.28,47.12,23933.0,,,,,47.11,47.13,47.13,47.12,16283.9
1271.28,45.95,23933.3,,,,,45.95,45.94,45.95,45.95,16278.2
1272.28,91.75,23933.3,,,,,91.75,91.73,91.77,91.74,16283.8
1273.28,91.87,23933.3,,,,,91.87,91.84,91.88,91.88,16301.2
1274.28,91.71,23924.2,,,,,91.72,91.7,91.72,91.71,16300.4
1275.28,47.13,23933.3,,,,,47.12,47.13,47.13,47.14,16302.1
1276.28,45.87,23933.3,,,,,45.88,45.87,45.87,45.87,16285.6
1277.28,91.77,23933.3,,,,,91.78,91.76,91.78,91.74,16280.3
1278.28,91.91,23933.3,,,,,91.9,91.89,91.91,91.92,16274.1
1279.28,91.75,24044.6,,,,,91.74,91.74,91.75,91.77,16307.8
1280.28,47.14,23933.3,,,,,47.14,47.12,47.15,47.13,16263.0
1281.28,91.76,23933.0,,,,,91.76,91.75,91.76,91.77,16291.2
1282.28,45.92,23933.3,,,,,45.92,45.9,45.92,45.92,16279.2
1283.28,91.72,23933.3,,,,,91.71,91.72,91.71,91.73,16302.8
1284.28,91.85,24081.6,,,,,91.86,91.83,91.86,91.86,16310.2
1285.28,47.07,23933.3,,,,,47.06,47.07,47.07,47.06,16303.5
1286.28,91.86,23924.1,,,,,91.85,91.84,91.88,91.87,16297.5
1287.28,45.91,23933.3,,,,,45.93,45.91,45.93,45.87,16280.6
1288.28,91.81,23933.3,,,,,91.79,91.78,91.79,91.9,16281.5
1289.28,91.78,24035.3,,,,,91.78,91.78,91.79,91.76,16306.3
1290.28,47.09,23915.1,,,,,47.08,47.1,47.1,47.08,16302.0
1291.28,45.94,23933.3,,,,,45.95,45.93,45.96,45.93,16287.7
1292.28,91.73,23933.3,,,,,91.73,91.73,91.73,91.71,16276.0
1293.28,91.9,23933.3,,,,,91.89,91.92,91.9,91.9,16286.9
1294.28,91.68,23970.1,,,,,91.67,91.67,91.72,91.67,16296.3
1295.28,47.17,23933.0,,,,,47.17,47.17,47.16,47.17,16287.6
1296.28,45.83,23933.3,,,,,45.82,45.84,45.83,45.83,16277.2
1297.29,91.89,23933.3,,,,,91.89,91.88,91.89,91.89,16303.8
1298.29,91.71,23933.2,,,,,91.69,91.72,91.72,91.72,16301.7
1299.29,45.94,23942.4,,,,,45.95,45.94,45.95,45.93,16290.7
1300.29,93.0,23933.0,,,,,93.0,92.98,93.0,93.01,16283.1
1301.29,45.88,23933.3,,,,,45.88,45.88,45.88,45.87,16280.6
1302.29,91.85,23933.3,,,,,91.84,91.84,91.86,91.84,16279.9
1303.29,91.7,23933.2,,,,,91.7,91.7,91.71,91.68,16301.8
1304.29,45.95,23942.4,,,,,45.95,45.94,45.95,45.96,16293.8
1305.29,92.93,23933.0,,,,,92.94,92.91,92.95,92.91,16281.8
1306.29,45.93,23933.3,,,,,45.93,45.94,45.93,45.93,16304.8
1307.29,91.78,23933.3,,,,,91.78,91.78,91.78,91.78,16304.6
1308.29,91.78,23933.3,,,,,91.79,91.77,91.79,91.79,16286.2
1309.29,91.72,23933.1,,,,,91.72,91.7,91.71,91.75,16298.1
1310.29,47.15,23933.0,,,,,47.15,47.15,47.15,47.13,16293.3
1311.29,45.88,23933.3,,,,,45.87,45.87,45.89,45.88,16281.9
1312.29,91.84,23933.3,,,,,91.84,91.84,91.85,91.85,16290.9
1313.29,91.73,23933.3,,,,,91.71,91.73,91.73,91.74,16305.8
1314.29,91.79,23933.1,,,,,91.79,91.8,91.79,91.79,16299.7
1315.29,47.12,23933.0,,,,,47.11,47.12,47.12,47.12,16293.6
1316.29,45.93,23933.3,,,,,45.93,45.91,45.94,45.93,16284.8
1317.29,91.73,23933.3,,,,,91.73,91.72,91.73,91.75,16279.4
1318.29,91.84,23933.3,,,,,91.84,91.85,91.84,91.82,16288.7
1319.29,91.74,23924.2,,,,,91.74,91.73,91.74,91.75,16303.8
1320.29,47.12,23915.0,,,,,47.12,47.12,47.12,47.12,16301.2
1321.29,45.87,23933.3,,,,,45.87,45.87,45.88,45.87,16283.8
1322.29,91.86,23933.3,,,,,91.85,91.86,91.85,91.86,16305.7
1323.29,91.72,23933.3,,,,,91.71,91.71,91.72,91.72,16273.3
1324.29,91.85,23970.2,,,,,91.85,91.85,91.85,91.85,16307.1
1325.29,47.11,23933.3,,,,,47.11,47.11,47.11,47.11,16307.0
1326.29,45.88,23933.3,,,,,45.87,45.88,45.89,45.88,16290.6
1327.29,91.76,23933.3,,,,,91.73,91.77,91.77,91.77,16280.7
1328.29,91.88,23933.3,,,,,91.9,91.85,91.89,91.88,16300.5
1329.29,91.71,24007.3,,,,,91.71,91.7,91.72,91.72,16309.8
1330.29,47.15,23933.3,,,,,47.14,47.14,47.16,47.16,16307.6
1331.29,45.86,23933.3,,,,,45.85,45.86,45.87,45.86,16287.9
1332.29,91.86,23933.3,,,,,91.87,91.85,91.85,91.87,16281.6
1333.29,91.81,23933.3,,,,,91.81,91.8,91.83,91.82,16273.3
1334.29,91.8,23933.3,,,,,91.77,91.79,91.81,91.81,16306.4
1335.29,47.11,23933.3,,,,,47.1,47.11,47.11,47.11,16267.6
1336.29,91.78,23933.0,,,,,91.78,91.79,91.78,91.77,16290.3
1337.29,45.87,23933.3,,,,,45.87,45.87,45.87,45.86,16288.8
1338.29,91.87,23933.3,,,,,91.86,91.86,91.88,91.88,16307.8
1339.29,91.68,23998.2,,,,,91.66,91.69,91.68,91.69,16311.3
1340.29,47.16,23924.1,,,,,47.17,47.16,47.17,47.16,16307.8
1341.3,45.86,23933.3,,,,,45.87,45.86,45.86,45.87,16290.7
1342.3,91.87,23933.3,,,,,91.86,91.86,91.89,91.87,16282.8
1343.3,91.8,23933.3,,,,,91.8,91.81,91.79,91.79,16300.8
1344.3,91.79,23970.4,,,,,91.79,91.79,91.81,91.76,16309.4
1345.3,47.09,23933.3,,,,,47.09,47.08,47.09,47.09,16308.8
1346.3,45.93,23933.3,,,,,45.94,45.93,45.94,45.94,16293.9
1347.3,91.72,23933.3,,,,,91.73,91.71,91.73,91.72,16286.7
1348.3,91.87,23933.3,,,,,91.87,91.86,91.87,91.89,16282.6
1349.3,91.71,24081.7,,,,,91.72,91.7,91.72,91.69,16317.0
1350.3,47.15,23933.3,,,,,47.14,47.15,47.15,47.16,16310.0
1351.3,91.74,23924.2,,,,,91.75,91.74,91.76,91.72,16297.8
1352.3,45.93,23942.4,,,,,45.94,45.92,45.94,45.92,16295.4
1353.3,91.74,23933.3,,,,,91.73,91.74,91.74,91.76,16298.1
1354.3,91.84,24081.7,,,,,91.83,91.86,91.84,91.84,16317.8
1355.3,47.08,23933.3,,,,,47.08,47.06,47.09,47.08,16310.7
1356.3,91.85,23933.3,,,,,91.85,91.84,91.86,91.83,16309.0
1357.3,91.72,23924.1,,,,,91.72,91.71,91.74,91.71,16305.0
1358.3,45.9,23933.3,,,,,45.91,45.9,45.9,45.9,16289.3
1359.3,91.87,24081.7,,,,,91.88,91.86,91.88,91.86,16318.2
1360.3,47.1,23933.3,,,,,47.1,47.09,47.11,47.09,16276.9
1361.3,91.77,23933.3,,,,,91.75,91.79,91.77,91.79,16300.5
1362.3,91.78,23924.0,,,,,91.78,91.77,91.8,91.77,16295.9
1363.3,45.9,23933.3,,,,,45.9,45.9,45.9,45.9,16287.8
1364.3,91.84,24081.7,,,,,91.83,91.84,91.83,91.84,16319.0
1365.3,47.12,23933.3,,,,,47.12,47.12,47.13,47.11,16311.6
1366.3,91.78,23933.3,,,,,91.78,91.78,91.78,91.77,16272.1
1367.3,91.72,23915.1,,,,,91.71,91.73,91.72,91.74,16308.6
1368.3,45.94,23933.3,,,,,45.93,45.94,45.95,45.95,16291.3
1369.3,91.74,24081.7,,,,,91.72,91.75,91.76,91.72,16319.2
1370.3,47.14,23933.3,,,,,47.15,47.13,47.14,47.14,16292.8
1371.3,91.73,23933.3,,,,,91.72,91.72,91.74,91.73,16310.9
1372.3,91.86,23924.0,,,,,91.86,91.86,91.86,91.87,16301.1
1373.3,45.87,23933.3,,,,,45.86,45.87,45.87,45.87,16288.2
1374.3,91.87,24081.7,,,,,91.87,91.86,91.89,91.87,16320.0
1375.3,47.07,23933.3,,,,,47.07,47.07,47.08,47.08,16277.7
1376.3,91.87,23933.3,,,,,91.87,91.85,91.87,91.87,16311.2
1377.3,91.74,23924.0,,,,,91.73,91.72,91.76,91.75,16303.7
1378.3,45.92,23933.3,,,,,45.92,45.92,45.91,45.92,16289.6
1379.3,91.7,24081.7,,,,,91.72,91.7,91.7,91.7,16320.3
1380.3,47.14,23933.3,,,,,47.13,47.14,47.15,47.15,16313.3
1381.3,91.73,23933.3,,,,,91.71,91.73,91.74,91.75,16311.7
1382.3,91.85,23933.1,,,,,91.83,91.86,91.86,91.85,16303.2
1383.3,45.89,23933.3,,,,,45.9,45.86,45.9,45.9,16295.9
1384.3,91.87,24081.7,,,,,91.88,91.86,91.88,91.87,16321.1
1385.3,47.13,23933.3,,,,,47.12,47.12,47.13,47.13,16313.9
1386.31,91.74,23933.1,,,,,91.73,91.73,91.75,91.75,16310.4
1387.31,45.88,23933.3,,,,,45.88,45.88,45.89,45.89,16293.7
1388.31,91.75,23933.3,,,,,91.75,91.72,91.77,91.74,16288.0
1389.31,91.88,24081.7,,,,,91.87,91.88,91.89,91.89,16321.2
1390.31,47.07,23933.3,,,,,47.06,47.07,47.06,47.07,16276.5
1391.31,91.88,23933.3,,,,,91.88,91.88,91.88,91.88,16302.7
1392.31,45.88,23933.3,,,,,45.88,45.86,45.88,45.88,16302.5
1393.31,91.89,23933.3,,,,,91.87,91.89,91.9,91.9,16299.5
1394.31,91.78,24081.7,,,,,91.79,91.78,91.79,91.78,16321.9
1395.31,47.11,23933.3,,,,,47.1,47.12,47.12,47.09,16314.9
1396.31,91.73,23933.3,,,,,91.75,91.7,91.75,91.71,16313.8
1397.31,91.85,23933.3,,,,,91.84,91.85,91.84,91.86,16313.5
1398.31,91.72,23933.1,,,,,91.74,91.72,91.74,91.7,16305.5
1399.31,45.94,24081.7,,,,,45.95,45.93,45.95,45.95,16322.2
1400.31,47.08,23933.3,,,,,47.08,47.09,47.08,47.08,16291.8
1401.31,91.85,23933.3,,,,,91.85,91.85,91.86,91.83,16284.9
1402.31,91.73,23933.3,,,,,91.72,91.74,91.76,91.72,16313.9
1403.31,91.83,23933.1,,,,,91.81,91.85,91.84,91.82,16307.7
1404.31,45.88,24081.7,,,,,45.88,45.89,45.89,45.87,16323.2
1405.31,47.15,23933.3,,,,,47.14,47.15,47.16,47.14,16315.9
1406.31,91.72,23933.3,,,,,91.72,91.7,91.76,91.71,16285.2
1407.31,91.87,23933.3,,,,,91.85,91.86,91.87,91.9,16289.1
1408.31,91.7,23933.1,,,,,91.68,91.67,91.71,91.75,16312.5
1409.31,45.93,24081.7,,,,,45.94,45.93,45.94,45.92,16323.1
1410.31,47.09,23933.3,,,,,47.1,47.08,47.1,47.1,16290.6
1411.31,91.85,23933.3,,,,,91.84,91.86,91.87,91.82,16292.6
1412.31,91.7,23933.3,,,,,91.69,91.69,91.73,91.71,16314.7
1413.31,91.9,23933.1,,,,,91.88,91.91,91.89,91.91,16288.4
1414.31,45.86,24081.7,,,,,45.86,45.86,45.86,45.87,16323.3
1415.31,47.12,23933.3,,,,,47.12,47.11,47.13,47.11,16290.8
1416.31,91.86,23933.3,,,,,91.87,91.86,91.85,91.87,16283.9
1417.31,91.72,23933.3,,,,,91.71,91.71,91.73,91.71,16315.2
1418.31,91.84,23915.1,,,,,91.84,91.84,91.84,91.84,16310.1
1419.31,45.89,24081.7,,,,,45.89,45.9,45.89,45.89,16323.8
1420.31,47.13,23933.3,,,,,47.13,47.12,47.13,47.12,16290.6
1421.31,91.7,23933.3,,,,,91.7,91.69,91.73,91.7,16315.7
1422.31,91.91,23933.3,,,,,91.93,91.93,91.87,91.9,16278.7
1423.31,91.7,23933.2,,,,,91.68,91.71,91.72,91.71,16314.4
1424.31,45.93,24081.7,,,,,45.94,45.92,45.93,45.94,16324.3
1425.31,47.11,23933.3,,,,,47.11,47.1,47.12,47.11,16294.1
1426.31,91.8,23933.3,,,,,91.8,91.79,91.8,91.8,16294.7
1427.31,91.78,23933.3,,,,,91.78,91.78,91.78,91.79,16317.2
1428.31,91.73,23933.3,,,,,91.71,91.73,91.73,91.73,16317.2
1429.31,91.85,23933.3,,,,,91.85,91.85,91.86,91.85,16325.0
1430.31,1.21,23933.3,,,,,1.21,1.21,1.21,1.21,16298.8
1431.32,91.86,23933.3,,,,,91.85,91.85,91.88,91.85,16292.5
1432.32,91.8,23933.3,,,,,91.79,91.79,91.8,91.82,16285.0
1433.32,91.81,23933.3,,,,,91.81,91.83,91.81,91.77,16316.4
1434.32,92.94,23933.0,,,,,92.96,92.91,92.97,92.91,16275.4
1435.32,45.94,23924.1,,,,,45.93,45.94,45.94,45.94,16313.2
1436.32,45.87,23933.3,,,,,45.87,45.87,45.88,45.87,16293.0
1437.32,91.84,23933.3,,,,,91.85,91.84,91.85,91.85,16287.2
1438.32,91.81,23933.3,,,,,91.8,91.8,91.81,91.81,16289.1
1439.32,92.98,23933.0,,,,,92.96,92.99,92.99,92.97,16325.8
1440.32,45.9,23933.0,,,,,45.9,45.89,45.9,45.89,16307.3
1441.32,45.88,23933.3,,,,,45.88,45.88,45.88,45.88,16293.1
1442.32,91.73,23933.3,,,,,91.73,91.73,91.74,91.74,16287.2
1443.32,91.86,23933.3,,,,,91.87,91.86,91.87,91.86,16317.3
1444.32,92.89,23933.0,,,,,92.87,92.9,92.89,92.89,16309.9
1445.32,45.96,23933.3,,,,,45.95,45.96,45.96,45.96,16317.6
1446.32,91.74,23933.1,,,,,91.7,91.75,91.76,91.75,16309.2
1447.32,45.93,23933.3,,,,,45.93,45.93,45.93,45.93,16298.9
1448.32,91.73,23933.3,,,,,91.74,91.72,91.74,91.74,16290.8
1449.32,93.06,23933.0,,,,,93.05,93.05,93.07,93.07,16289.9
1450.32,45.87,23933.3,,,,,45.88,45.87,45.87,45.88,16282.1
1451.32,91.84,23933.3,,,,,91.85,91.85,91.84,91.84,16318.5
1452.32,91.75,23933.1,,,,,91.74,91.73,91.77,91.76,16313.9
1453.32,45.94,23933.3,,,,,45.94,45.93,45.94,45.94,16301.3
1454.32,92.93,23933.0,,,,,92.92,92.91,92.95,92.94,16292.2
1455.32,45.94,23933.3,,,,,45.94,45.94,45.93,45.95,16318.9
1456.32,91.73,23933.3,,,,,91.72,91.72,91.75,91.74,16318.7
1457.32,91.86,23933.2,,,,,91.86,91.86,91.85,91.86,16305.2
1458.32,45.88,23933.3,,,,,45.88,45.86,45.89,45.88,16300.8
1459.32,93.05,23933.0,,,,,93.03,93.04,93.04,93.08,16297.0
1460.32,45.9,23933.3,,,,,45.89,45.91,45.91,45.9,16290.2
1461.32,91.83,23933.3,,,,,91.82,91.83,91.83,91.84,16319.2
1462.32,91.72,23933.3,,,,,91.71,91.72,91.74,91.73,16319.8
1463.32,45.94,23951.5,,,,,45.94,45.94,45.95,45.93,16312.6
1464.32,92.99,23933.0,,,,,92.99,92.96,93.02,92.99,16294.4
1465.32,45.89,23933.3,,,,,45.89,45.9,45.88,45.9,16292.8
1466.32,91.72,23933.3,,,,,91.72,91.73,91.73,91.72,16285.2
1467.32,91.86,23933.3,,,,,91.87,91.85,91.87,91.86,16319.9
1468.32,91.79,23933.1,,,,,91.79,91.77,91.8,91.79,16309.4
1469.32,47.07,23933.0,,,,,47.08,47.07,47.08,47.07,16301.8
1470.33,45.94,23933.3,,,,,45.94,45.94,45.94,45.93,16293.3
1471.33,91.79,23933.3,,,,,91.79,91.79,91.79,91.77,16320.5
1472.33,91.72,23933.3,,,,,91.7,91.73,91.72,91.72,16282.4
1473.33,91.84,23933.3,,,,,91.84,91.82,91.86,91.83,16320.2
1474.33,47.09,23933.3,,,,,47.08,47.09,47.09,47.09,16321.5
1475.33,45.92,23933.3,,,,,45.92,45.92,45.92,45.92,16304.5
1476.33,91.73,23933.3,,,,,91.71,91.75,91.74,91.72,16293.4
1477.33,91.85,23933.3,,,,,91.85,91.86,91.85,91.85,16322.0
1478.33,91.72,24044.6,,,,,91.72,91.72,91.74,91.72,16326.6
1479.33,47.14,23933.3,,,,,47.14,47.14,47.15,47.14,16322.4
1480.33,91.81,23924.0,,,,,91.79,91.83,91.8,91.83,16310.1
1481.33,45.91,23933.3,,,,,45.9,45.91,45.92,45.91,16298.2
1482.33,91.79,23933.3,,,,,91.8,91.78,91.81,91.79,16292.6
1483.33,91.81,24045.6,,,,,91.81,91.78,91.81,91.83,16327.9
1484.33,47.07,23933.3,,,,,47.06,47.06,47.07,47.08,16281.5
1485.33,91.84,23933.1,,,,,91.84,91.85,91.84,91.82,16314.7
1486.33,45.88,23933.3,,,,,45.89,45.89,45.88,45.88,16299.1
1487.33,91.84,23933.3,,,,,91.84,91.84,91.87,91.83,16322.3
1488.33,91.72,24007.3,,,,,91.73,91.7,91.73,91.72,16325.2
1489.33,47.13,23915.1,,,,,47.12,47.14,47.13,47.13,16319.4
1490.33,45.88,23933.3,,,,,45.89,45.87,45.89,45.87,16301.7
1491.33,91.86,23933.3,,,,,91.85,91.86,91.85,91.86,16294.6
1492.33,91.72,23933.3,,,,,91.71,91.71,91.74,91.71,16314.7
1493.33,91.86,24044.5,,,,,91.85,91.87,91.86,91.87,16328.9
1494.33,47.08,23933.3,,,,,47.08,47.09,47.09,47.07,16324.2
1495.33,91.8,23933.0,,,,,91.8,91.8,91.81,91.8,16308.3
1496.33,45.9,23933.3,,,,,45.9,45.91,45.91,45.9,16297.9
1497.33,91.86,23933.3,,,,,91.87,91.87,91.87,91.85,16288.3
1498.33,91.69,23924.0,,,,,91.69,91.7,91.69,91.7,16308.1
1499.33,47.15,23933.0,,,,,47.14,47.15,47.15,47.15,16291.0
1500.33,45.88,23933.3,,,,,45.86,45.89,45.88,45.88,16320.2
1501.33,91.85,23924.1,,,,,91.84,91.84,91.86,91.85,16316.6
1502.33,45.88,23933.3,,,,,45.86,45.88,45.88,45.88,16300.9
1503.33,91.89,23933.3,,,,,91.9,91.86,91.91,91.88,16302.1
1504.33,92.94,23933.0,,,,,92.94,92.93,92.96,92.93,16284.9
1505.33,45.9,23933.3,,,,,45.9,45.9,45.9,45.9,16321.0
1506.33,45.88,23942.4,,,,,45.88,45.87,45.87,45.88,16309.0
1507.33,91.81,23933.3,,,,,91.79,91.82,91.83,91.79,16317.2
1508.33,91.81,23933.3,,,,,91.81,91.82,91.82,91.81,16300.6
1509.33,93.04,23933.0,,,,,93.04,93.04,93.05,93.03,16330.2
1510.33,45.87,23933.0,,,,,45.87,45.87,45.89,45.86,16308.8
1511.33,45.94,23933.3,,,,,45.94,45.95,45.94,45.93,16301.9
1512.33,91.72,23933.3,,,,,91.72,91.73,91.73,91.71,16294.7
1513.33,91.86,23933.3,,,,,91.85,91.87,91.85,91.87,16321.5
1514.33,45.84,24081.7,,,,,45.83,45.83,45.86,45.85,16330.3
1515.33,47.14,23933.3,,,,,47.14,47.14,47.16,47.15,16302.1
1516.34,91.75,23933.3,,,,,91.77,91.74,91.76,91.75,16297.8
1517.34,91.84,23933.3,,,,,91.84,91.84,91.84,91.84,16288.9
1518.34,91.71,23924.1,,,,,91.71,91.7,91.71,91.71,16316.6
1519.34,45.94,24081.7,,,,,45.93,45.93,45.94,45.94,16330.7
1520.34,47.08,23933.3,,,,,47.09,47.07,47.08,47.07,16297.3
1521.34,91.84,23933.3,,,,,91.84,91.84,91.85,91.84,16315.0
1522.34,91.73,23933.3,,,,,91.7,91.71,91.73,91.76,16322.9
1523.34,91.86,23933.1,,,,,91.86,91.83,91.87,91.85,16315.1
1524.34,45.86,24081.7,,,,,45.85,45.85,45.85,45.87,16331.3
1525.34,47.14,23933.3,,,,,47.14,47.15,47.15,47.14,16299.7
1526.34,91.8,23933.3,,,,,91.81,91.77,91.81,91.81,16292.9
1527.34,91.77,23933.3,,,,,91.79,91.75,91.79,91.76,16315.8
1528.34,91.74,23933.1,,,,,91.75,91.73,91.74,91.74,16315.8
1529.34,45.9,24081.7,,,,,45.91,45.9,45.91,45.9,16332.3
1530.34,47.1,23933.3,,,,,47.11,47.1,47.11,47.1,16312.1
1531.34,91.87,23933.3,,,,,91.88,91.87,91.88,91.85,16323.6
1532.34,91.74,23933.3,,,,,91.71,91.75,91.75,91.75,16313.8
1533.34,45.93,23933.3,,,,,45.92,45.94,45.94,45.93,16311.4
1534.34,91.7,24081.7,,,,,91.7,91.7,91.7,91.71,16332.4
1535.34,47.15,23933.3,,,,,47.16,47.16,47.16,47.14,16300.1
1536.34,91.73,23933.3,,,,,91.73,91.73,91.73,91.73,16316.9
1537.34,91.85,23933.3,,,,,91.85,91.85,91.86,91.85,16324.5
1538.34,45.84,23942.4,,,,,45.83,45.84,45.85,45.84,16313.9
1539.34,91.85,24081.7,,,,,91.88,91.83,91.85,91.86,16333.0
1540.34,47.08,23933.3,,,,,47.08,47.09,47.08,47.07,16299.7
1541.34,91.86,23933.3,,,,,91.85,91.87,91.87,91.86,16288.8
1542.34,91.71,23933.2,,,,,91.71,91.71,91.72,91.71,16322.3
1543.34,45.92,23933.3,,,,,45.9,45.92,45.92,45.93,16310.9
1544.34,91.75,24081.7,,,,,91.75,91.75,91.76,91.72,16333.4
1545.34,47.13,23933.3,,,,,47.13,47.14,47.13,47.13,16326.8
1546.34,91.7,23933.3,,,,,91.68,91.69,91.71,91.71,16325.4
1547.34,91.85,23933.1,,,,,91.85,91.85,91.85,91.84,16320.7
1548.34,45.9,23942.3,,,,,45.9,45.9,45.9,45.9,16308.5
1549.34,91.8,24081.7,,,,,91.81,91.79,91.83,91.79,16334.4
1550.34,47.08,23933.3,,,,,47.07,47.09,47.08,47.07,16293.7
1551.34,91.86,23933.3,,,,,91.87,91.86,91.87,91.84,16325.7
1552.34,45.87,23933.3,,,,,45.87,45.87,45.87,45.86,16306.6
1553.34,91.87,23933.3,,,,,91.86,91.86,91.87,91.87,16300.8
1554.34,91.75,24081.7,,,,,91.75,91.75,91.75,91.73,16334.5
1555.34,47.15,23933.3,,,,,47.13,47.15,47.15,47.15,16327.5
1556.34,91.7,23924.2,,,,,91.69,91.7,91.71,91.7,16315.8
1557.34,45.94,23933.3,,,,,45.94,45.95,45.95,45.94,16310.8
1558.34,91.79,23933.3,,,,,91.77,91.8,91.8,91.78,16314.2
1559.34,91.74,24044.6,,,,,91.73,91.75,91.75,91.74,16332.6
1560.34,47.11,23933.3,,,,,47.12,47.11,47.12,47.1,16327.7
1561.35,91.79,23933.0,,,,,91.79,91.78,91.8,91.79,16310.1
1562.35,45.91,23933.3,,,,,45.9,45.91,45.91,45.92,16302.9
1563.35,91.77,23933.3,,,,,91.77,91.77,91.77,91.78,16319.2
1564.35,91.78,23933.3,,,,,91.76,91.76,91.8,91.79,16326.6
1565.35,47.12,23933.3,,,,,47.11,47.11,47.13,47.13,16327.9
1566.35,45.91,23933.3,,,,,45.9,45.89,45.92,45.92,16309.6
1567.35,91.79,23933.3,,,,,91.79,91.78,91.8,91.79,16321.3
1568.35,91.82,23933.3,,,,,91.82,91.8,91.82,91.83,16294.7
1569.35,91.78,23961.1,,,,,91.79,91.77,91.77,91.76,16321.9
1570.35,47.11,23933.0,,,,,47.1,47.1,47.11,47.11,16311.9
1571.35,45.92,23933.3,,,,,45.92,45.91,45.93,45.93,16302.5
1572.35,91.74,23924.2,,,,,91.75,91.73,91.75,91.74,16319.6
1573.35,45.89,23951.5,,,,,45.9,45.88,45.9,45.89,16319.2
1574.35,91.78,23933.3,,,,,91.78,91.79,91.78,91.76,16309.1
1575.35,93.03,23933.0,,,,,93.05,93.02,93.04,93.01,16336.7
1576.35,45.89,23933.3,,,,,45.9,45.86,45.9,45.87,16292.8
1577.35,91.9,23933.3,,,,,91.88,91.94,91.89,91.91,16327.9
1578.35,45.87,23933.3,,,,,45.87,45.86,45.88,45.88,16310.6
1579.35,91.87,23933.3,,,,,91.88,91.87,91.87,91.84,16323.0
1580.35,92.98,23933.0,,,,,92.97,92.97,92.99,93.0,16299.3
1581.35,45.87,23933.3,,,,,45.87,45.86,45.87,45.87,16328.8
1582.35,91.86,23933.2,,,,,91.87,91.85,91.87,91.85,16326.2
1583.35,45.87,23933.3,,,,,45.89,45.86,45.89,45.86,16314.1
1584.35,91.86,23933.3,,,,,91.87,91.85,91.87,91.84,16303.2
1585.35,92.93,23933.0,,,,,92.91,92.92,92.92,92.95,16302.8
1586.35,45.92,23933.3,,,,,45.92,45.93,45.92,45.91,16294.1
1587.35,91.73,23933.2,,,,,91.7,91.73,91.76,91.73,16327.6
1588.35,45.94,23933.3,,,,,45.93,45.94,45.93,45.94,16312.7
1589.35,91.73,23933.3,,,,,91.71,91.74,91.73,91.74,16305.7
1590.35,93.05,23933.0,,,,,93.07,93.04,93.07,93.04,16338.4
1591.35,45.87,23933.3,,,,,45.86,45.87,45.87,45.88,16330.0
1592.35,91.84,23924.2,,,,,91.83,91.83,91.87,91.85,16310.4
1593.35,45.87,23933.3,,,,,45.87,45.87,45.87,45.87,16311.8
1594.35,91.86,23933.3,,,,,91.84,91.86,91.86,91.89,16311.7
1595.35,92.92,23933.0,,,,,92.92,92.91,92.96,92.91,16296.1
1596.35,45.93,23933.3,,,,,45.93,45.93,45.92,45.92,16330.2
1597.35,91.78,23915.1,,,,,91.77,91.76,91.8,91.77,16326.1
1598.35,45.85,23933.3,,,,,45.85,45.86,45.84,45.85,16313.8
1599.35,91.81,23933.3,,,,,91.78,91.8,91.83,91.83,16302.9
1600.35,92.99,23933.0,,,,,92.99,92.99,93.0,92.98,16298.9
1601.35,45.92,23933.3,,,,,45.92,45.92,45.92,45.92,16311.7
1602.35,91.74,23915.0,,,,,91.73,91.73,91.74,91.74,16324.4
1603.35,45.91,23933.3,,,,,45.92,45.9,45.92,45.89,16325.4
1604.35,91.79,23933.3,,,,,91.81,91.8,91.79,91.78,16302.1
1605.35,93.0,23933.0,,,,,92.99,93.01,93.02,92.99,16339.8
1606.36,45.95,23933.3,,,,,45.95,45.94,45.94,45.95,16331.2
1607.36,91.72,23924.0,,,,,91.72,91.72,91.73,91.72,16322.3
1608.36,45.88,23933.3,,,,,45.89,45.88,45.89,45.88,16308.8
1609.36,91.81,23933.3,,,,,91.79,91.82,91.82,91.79,16324.9
1610.36,93.0,23933.0,,,,,92.98,92.97,93.01,93.03,16303.3
1611.36,45.9,23933.3,,,,,45.9,45.91,45.91,45.89,16331.8
1612.36,91.86,23924.1,,,,,91.84,91.86,91.87,91.86,16326.9
1613.36,45.86,23933.3,,,,,45.87,45.87,45.87,45.81,16315.4
1614.36,91.89,23933.3,,,,,91.87,91.86,91.89,91.96,16307.9
1615.36,93.01,23933.0,,,,,93.02,93.01,93.02,93.01,16341.2
1616.36,45.87,23933.3,,,,,45.86,45.87,45.88,45.86,16297.1
1617.36,91.85,23924.1,,,,,91.85,91.85,91.85,91.84,16328.9
1618.36,45.88,23933.3,,,,,45.88,45.89,45.89,45.87,16317.4
1619.36,91.88,23933.3,,,,,91.9,91.89,91.89,91.85,16311.9
1620.36,92.93,23933.0,,,,,92.92,92.93,92.96,92.91,16305.2
1621.36,45.92,23933.3,,,,,45.93,45.92,45.92,45.91,16332.8
1622.36,91.72,23933.3,,,,,91.72,91.73,91.72,91.7,16332.5
1623.36,91.86,23933.2,,,,,91.85,91.86,91.87,91.87,16326.2
1624.36,45.89,23933.3,,,,,45.89,45.89,45.89,45.87,16317.7
1625.36,93.04,23933.0,,,,,93.04,93.05,93.06,93.03,16313.1
1626.36,45.85,23933.3,,,,,45.85,45.86,45.85,45.86,16307.8
1627.36,91.9,23933.3,,,,,91.88,91.92,91.91,91.91,16325.0
1628.36,91.73,23924.2,,,,,91.72,91.77,91.7,91.73,16333.1
1629.36,45.95,23942.4,,,,,45.95,45.93,45.98,45.95,16323.0
1630.36,92.94,23933.0,,,,,92.95,92.93,92.92,92.97,16317.2
1631.36,45.94,23933.3,,,,,45.92,45.96,45.96,45.93,16305.3
1632.36,91.7,23933.3,,,,,91.69,91.7,91.72,91.7,16315.6
1633.36,91.87,23933.1,,,,,91.86,91.87,91.87,91.88,16325.8
1634.36,45.88,23933.3,,,,,45.89,45.88,45.88,45.87,16319.9
1635.36,93.08,23933.0,,,,,93.08,93.09,93.08,93.06,16309.1
1636.36,45.88,23933.3,,,,,45.89,45.88,45.89,45.87,16334.4
1637.36,91.85,23933.3,,,,,91.86,91.83,91.86,91.87,16334.2
1638.36,91.7,23933.1,,,,,91.71,91.67,91.73,91.71,16329.7
1639.36,45.94,23933.3,,,,,45.95,45.96,45.94,45.93,16314.9
1640.36,92.93,23933.0,,,,,92.93,92.91,92.95,92.92,16312.6
1641.36,45.94,23933.3,,,,,45.94,45.94,45.93,45.95,16308.3
1642.36,91.73,23933.3,,,,,91.74,91.71,91.75,91.74,16325.7
1643.36,91.88,23933.3,,,,,91.89,91.86,91.9,91.87,16334.4
1644.36,45.85,23942.4,,,,,45.86,45.83,45.86,45.84,16323.5
1645.36,93.1,23933.0,,,,,93.06,93.11,93.09,93.13,16313.2
1646.36,45.9,23933.3,,,,,45.89,45.9,45.9,45.9,16335.2
1647.36,91.82,23933.3,,,,,91.8,91.82,91.82,91.82,16301.6
1648.36,91.77,23933.3,,,,,91.76,91.77,91.79,91.78,16327.5
1649.36,45.86,23979.4,,,,,45.86,45.86,45.87,45.86,16328.1
1650.36,93.06,23933.0,,,,,93.05,93.09,93.07,93.04,16319.3
1651.36,45.87,23933.3,,,,,45.87,45.86,45.88,45.86,16310.8
1652.37,91.87,23933.3,,,,,91.86,91.88,91.87,91.88,16335.7
1653.37,91.71,23933.3,,,,,91.71,91.71,91.72,91.72,16336.0
1654.37,91.82,23933.1,,,,,91.83,91.82,91.82,91.83,16334.9
1655.37,47.08,23897.0,,,,,47.08,47.07,47.08,47.09,16332.3
1656.37,45.93,23933.3,,,,,45.93,45.94,45.94,45.91,16316.6
1657.37,91.73,23933.3,,,,,91.71,91.74,91.74,91.72,16312.3
1658.37,91.87,23933.3,,,,,91.87,91.87,91.88,91.86,16306.5
1659.37,91.69,24044.5,,,,,91.68,91.68,91.7,91.71,16342.3
1660.37,47.16,23933.3,,,,,47.14,47.15,47.16,47.18,16308.7
1661.37,91.79,23924.1,,,,,91.78,91.78,91.81,91.79,16335.6
1662.37,45.9,23933.3,,,,,45.89,45.9,45.9,45.9,16320.7
1663.37,91.73,23933.3,,,,,91.73,91.7,91.76,91.73,16314.9
1664.37,91.82,24081.7,,,,,91.82,91.82,91.83,91.84,16345.4
1665.37,47.09,23933.3,,,,,47.09,47.08,47.09,47.09,16338.5
1666.37,91.88,23933.3,,,,,91.9,91.88,91.9,91.86,16299.4
1667.37,91.7,23924.1,,,,,91.71,91.69,91.74,91.66,16323.2
1668.37,45.95,23942.4,,,,,45.97,45.95,45.95,45.95,16320.4
1669.37,91.73,24081.7,,,,,91.72,91.73,91.74,91.72,16346.3
1670.37,47.14,23933.3,,,,,47.14,47.13,47.14,47.14,16308.1
1671.37,91.7,23933.3,,,,,91.69,91.69,91.7,91.7,16337.5
1672.37,91.84,23924.2,,,,,91.8,91.83,91.87,91.83,16336.5
1673.37,45.87,23933.3,,,,,45.88,45.88,45.87,45.88,16323.1
1674.37,91.88,24081.7,,,,,91.86,91.88,91.89,91.88,16346.4
1675.37,47.08,23933.3,,,,,47.07,47.08,47.08,47.08,16315.0
1676.37,91.88,23933.3,,,,,91.87,91.89,91.9,91.87,16309.4
1677.37,91.72,23933.3,,,,,91.71,91.73,91.74,91.7,16338.0
1678.37,91.87,23924.1,,,,,91.85,91.87,91.9,91.88,16332.2
1679.37,45.86,24081.7,,,,,45.86,45.86,45.87,45.87,16346.7
1680.37,47.15,23933.3,,,,,47.16,47.14,47.15,47.14,16313.5
1681.37,91.73,23933.3,,,,,91.71,91.73,91.74,91.73,16338.5
1682.37,91.89,23933.3,,,,,91.87,91.89,91.9,91.9,16310.7
1683.37,91.72,23933.1,,,,,91.73,91.7,91.73,91.73,16331.5
1684.37,45.93,24081.7,,,,,45.92,45.93,45.92,45.93,16347.5
1685.37,47.08,23933.3,,,,,47.08,47.08,47.09,47.08,16315.8
1686.37,91.87,23933.3,,,,,91.89,91.87,91.87,91.87,16325.0
1687.37,91.74,23933.3,,,,,91.73,91.72,91.76,91.74,16339.6
1688.37,45.93,23951.5,,,,,45.93,45.93,45.94,45.93,16332.0
1689.37,91.76,24081.7,,,,,91.75,91.77,91.77,91.75,16347.8
1690.37,47.13,23933.3,,,,,47.12,47.14,47.14,47.12,16315.4
1691.37,91.74,23933.3,,,,,91.75,91.73,91.75,91.73,16310.3
1692.37,91.86,23933.3,,,,,91.87,91.84,91.87,91.87,16330.5
1693.37,45.88,23951.5,,,,,45.88,45.86,45.88,45.88,16330.6
1694.37,91.83,24081.7,,,,,91.83,91.85,91.83,91.81,16348.2
1695.37,47.09,23933.3,,,,,47.11,47.08,47.11,47.08,16313.4
1696.38,91.85,23933.3,,,,,91.85,91.85,91.85,91.85,16339.7
1697.38,91.72,23933.3,,,,,91.72,91.7,91.72,91.72,16339.9
1698.38,91.86,23924.1,,,,,91.84,91.85,91.88,91.88,16336.5
1699.38,45.84,24081.7,,,,,45.84,45.85,45.84,45.85,16348.8
1700.38,47.17,23933.3,,,,,47.17,47.16,47.17,47.16,16318.2
1701.38,91.74,23933.3,,,,,91.75,91.71,91.75,91.73,16311.1
1702.38,91.85,23933.3,,,,,91.86,91.85,91.86,91.84,16340.2
1703.38,91.75,23933.3,,,,,91.76,91.76,91.76,91.74,16340.2
1704.38,92.97,23933.0,,,,,92.98,92.98,92.99,92.95,16349.3
1705.38,45.94,23933.0,,,,,45.95,45.93,45.95,45.93,16327.2
1706.38,45.87,23933.3,,,,,45.86,45.87,45.88,45.86,16317.9
1707.38,91.86,23933.3,,,,,91.88,91.84,91.88,91.85,16312.5
1708.38,91.73,23933.3,,,,,91.74,91.73,91.74,91.73,16326.0
1709.38,93.08,23933.0,,,,,93.09,93.08,93.1,93.06,16350.2
1710.38,45.85,23924.0,,,,,45.85,45.85,45.85,45.85,16330.8
1711.38,45.95,23933.3,,,,,45.96,45.94,45.96,45.94,16318.1
1712.38,91.72,23933.3,,,,,91.72,91.72,91.72,91.71,16335.7
1713.38,91.84,23933.3,,,,,91.83,91.84,91.85,91.85,16310.5
1714.38,93.03,23933.0,,,,,93.03,93.0,93.03,93.04,16350.7
1715.38,45.91,23933.3,,,,,45.91,45.92,45.91,45.89,16341.5
1716.38,45.87,23933.3,,,,,45.87,45.85,45.87,45.87,16327.6
1717.38,91.87,23933.3,,,,,91.87,91.86,91.88,91.86,16315.8
1718.38,91.7,23933.3,,,,,91.7,91.68,91.72,91.69,16335.7
1719.38,93.08,23933.0,,,,,93.07,93.09,93.07,93.08,16306.4
1720.38,45.86,23933.3,,,,,45.84,45.87,45.86,45.87,16342.4
1721.38,91.84,23933.1,,,,,91.87,91.81,91.86,91.82,16335.5
1722.38,45.85,23933.3,,,,,45.85,45.85,45.86,45.86,16326.4
1723.38,91.87,23933.3,,,,,91.85,91.89,91.87,91.86,16316.8
1724.38,92.91,23933.0,,,,,92.92,92.9,92.91,92.92,16352.2
1725.38,45.92,23933.3,,,,,45.91,45.92,45.93,45.94,16304.1
1726.38,91.74,23933.1,,,,,91.73,91.73,91.76,91.75,16336.2
1727.38,45.94,23933.3,,,,,45.95,45.94,45.95,45.94,16321.4
1728.38,91.74,23933.3,,,,,91.74,91.74,91.75,91.74,16343.7
1729.38,93.02,23933.0,,,,,93.01,93.01,93.03,93.02,16313.4
1730.38,45.88,23933.3,,,,,45.87,45.89,45.87,45.88,16343.2
1731.38,91.87,23933.3,,,,,91.85,91.87,91.9,91.87,16343.1
1732.38,91.74,23924.1,,,,,91.72,91.72,91.76,91.76,16332.8
1733.38,45.92,23933.3,,,,,45.93,45.94,45.92,45.91,16323.7
1734.38,92.95,23933.0,,,,,92.96,92.92,92.98,92.93,16322.9
1735.38,45.92,23933.3,,,,,45.92,45.92,45.92,45.91,16318.4
1736.38,91.74,23933.3,,,,,91.75,91.74,91.75,91.73,16328.6
1737.38,91.84,23933.2,,,,,91.83,91.86,91.84,91.83,16340.5
1738.38,45.88,23960.5,,,,,45.89,45.86,45.88,45.88,16339.2
1739.39,93.05,23933.0,,,,,93.04,93.06,93.07,93.04,16319.1
1740.39,45.87,23933.3,,,,,45.87,45.87,45.88,45.88,16344.1
1741.39,91.85,23933.3,,,,,91.83,91.85,91.87,91.85,16308.8
1742.39,91.73,23933.3,,,,,91.74,91.73,91.73,91.71,16343.8
1743.39,45.94,23933.3,,,,,45.94,45.95,45.95,45.94,16330.9
1744.39,92.9,23933.0,,,,,92.9,92.89,92.94,92.89,16324.9
1745.39,45.94,23933.3,,,,,45.95,45.95,45.92,45.94,16317.4
1746.39,91.71,23933.3,,,,,91.7,91.7,91.72,91.72,16344.8
1747.39,91.82,23933.3,,,,,91.81,91.83,91.82,91.82,16344.7
1748.39,91.79,23933.1,,,,,91.8,91.75,91.83,91.77,16340.5
1749.39,47.13,23933.0,,,,,47.12,47.13,47.13,47.14,16338.6
1750.39,45.87,23933.3,,,,,45.87,45.88,45.88,45.84,16325.0
1751.39,91.91,23933.3,,,,,91.93,91.92,91.91,91.89,16320.0
1752.39,91.76,23933.3,,,,,91.76,91.76,91.76,91.74,16329.4
1753.39,91.82,24007.4,,,,,91.8,91.82,91.84,91.83,16349.3
1754.39,47.12,23933.3,,,,,47.11,47.13,47.12,47.12,16343.3
1755.39,91.71,23924.2,,,,,91.72,91.69,91.7,91.73,16344.8
1756.39,45.94,23933.3,,,,,45.93,45.96,45.95,45.94,16325.9
1757.39,91.71,23933.3,,,,,91.72,91.71,91.72,91.7,16322.1
1758.39,91.84,24081.7,,,,,91.84,91.82,91.87,91.82,16354.6
1759.39,47.12,23933.3,,,,,47.12,47.12,47.12,47.11,16347.5
1760.39,91.8,23933.3,,,,,91.8,91.79,91.81,91.79,16306.9
1761.39,91.73,23933.1,,,,,91.71,91.73,91.73,91.74,16342.6
1762.39,45.93,23933.3,,,,,45.93,45.93,45.93,45.92,16324.9
1763.39,91.71,24081.7,,,,,91.72,91.71,91.7,91.7,16355.0
1764.39,47.14,23933.3,,,,,47.13,47.13,47.15,47.14,16318.0
1765.39,91.72,23933.3,,,,,91.71,91.74,91.74,91.71,16346.6
1766.39,91.87,23933.2,,,,,91.87,91.84,91.89,91.9,16344.9
1767.39,45.88,23960.5,,,,,45.88,45.88,45.88,45.88,16342.0
1768.39,91.87,24081.7,,,,,91.88,91.84,91.87,91.87,16355.9
1769.39,47.08,23933.3,,,,,47.09,47.08,47.08,47.07,16319.4
1770.39,91.88,23933.3,,,,,91.88,91.87,91.88,91.89,16318.8
1771.39,91.71,23933.1,,,,,91.71,91.69,91.74,91.72,16343.6
1772.39,45.93,23933.3,,,,,45.93,45.93,45.92,45.93,16327.3
1773.39,91.73,24081.7,,,,,91.73,91.72,91.74,91.74,16355.8
1774.39,47.16,23933.3,,,,,47.16,47.14,47.16,47.16,16348.8
1775.39,91.71,23933.3,,,,,91.7,91.71,91.72,91.73,16347.3
1776.39,91.86,23933.1,,,,,91.88,91.86,91.86,91.85,16334.7
1777.39,45.91,23933.3,,,,,45.91,45.9,45.91,45.9,16331.6
1778.39,91.8,24081.7,,,,,91.81,91.79,91.81,91.78,16356.6
1779.39,47.08,23933.3,,,,,47.09,47.06,47.09,47.06,16321.8
1780.39,91.8,23933.3,,,,,91.79,91.77,91.8,91.82,16339.8
1781.39,91.9,23933.3,,,,,91.91,91.87,91.91,91.89,16348.2
1782.4,91.72,23924.1,,,,,91.72,91.7,91.72,91.73,16341.5
1783.4,45.9,24081.7,,,,,45.89,45.89,45.91,45.9,16356.9
1784.4,47.13,23933.3,,,,,47.12,47.12,47.13,47.13,16326.0
1785.4,91.79,23933.2,,,,,91.77,91.79,91.81,91.81,16335.8
1786.4,45.9,23942.4,,,,,45.9,45.91,45.9,45.91,16331.7
1787.4,91.78,23933.3,,,,,91.77,91.8,91.8,91.77,16340.8
1788.4,91.8,24081.7,,,,,91.78,91.81,91.81,91.78,16355.5
1789.4,47.1,23933.3,,,,,47.09,47.11,47.11,47.1,16348.1
1790.4,91.8,23933.3,,,,,91.78,91.81,91.8,91.8,16346.4
1791.4,91.77,23933.1,,,,,91.83,91.75,91.76,91.74,16340.6
1792.4,45.9,23933.3,,,,,45.88,45.9,45.92,45.89,16325.1
1793.4,91.82,24081.7,,,,,91.83,91.8,91.83,91.8,16355.7
1794.4,47.16,23933.3,,,,,47.16,47.15,47.16,47.15,16319.5
1795.4,91.72,23933.3,,,,,91.69,91.74,91.74,91.72,16347.5
1796.4,91.84,23915.1,,,,,91.87,91.81,91.85,91.82,16344.4
1797.4,45.87,23933.3,,,,,45.86,45.86,45.86,45.87,16326.4
1798.4,91.87,24081.7,,,,,91.85,91.86,91.9,91.88,16356.5
1799.4,47.09,23933.3,,,,,47.08,47.1,47.09,47.09,16349.0
1800.4,45.86,23960.5,,,,,45.88,45.88,45.83,45.87,16332.0
1801.4,91.9,23933.3,,,,,91.84,91.88,92.0,91.87,16336.3
1802.4,91.71,23933.2,,,,,91.71,91.7,91.72,91.7,16333.2
1803.4,45.92,24071.7,,,,,45.92,45.92,45.92,45.93,16347.6
1804.4,92.93,23933.0,,,,,92.93,92.95,92.93,92.91,16323.4
1805.4,45.94,23933.3,,,,,45.94,45.94,45.96,45.94,16313.3
1806.4,91.71,23933.3,,,,,91.71,91.69,91.72,91.73,16347.9
1807.4,45.9,23933.3,,,,,45.89,45.9,45.9,45.9,16329.2
1808.4,91.79,23933.3,,,,,91.79,91.8,91.8,91.75,16323.8
1809.4,93.07,23933.0,,,,,93.08,93.08,93.09,93.05,16341.4
1810.4,45.87,23933.3,,,,,45.87,45.87,45.88,45.86,16348.4
1811.4,91.84,23933.1,,,,,91.84,91.83,91.87,91.83,16341.7
1812.4,45.88,23933.3,,,,,45.88,45.87,45.88,45.88,16327.6
1813.4,91.88,23933.3,,,,,91.88,91.87,91.89,91.89,16328.6
1814.4,92.94,23933.0,,,,,92.93,92.94,92.96,92.94,16322.4
1815.4,45.91,23933.3,,,,,45.91,45.91,45.91,45.91,16349.4
1816.4,91.72,23933.3,,,,,91.72,91.71,91.72,91.72,16348.8
1817.4,91.87,23933.0,,,,,91.84,91.88,91.88,91.88,16334.4
1818.4,45.85,23933.3,,,,,45.86,45.85,45.85,45.84,16327.2
1819.4,93.02,23933.0,,,,,93.04,93.03,93.03,92.98,16358.6
1820.4,45.94,23933.3,,,,,45.94,45.94,45.95,45.94,16317.1
1821.4,91.74,23933.3,,,,,91.73,91.76,91.74,91.72,16349.4
1822.4,91.83,23924.0,,,,,91.85,91.81,91.84,91.8,16341.7
1823.4,45.88,23933.3,,,,,45.88,45.87,45.89,45.87,16340.0
1824.4,93.08,23933.0,,,,,93.07,93.08,93.06,93.12,16325.8
1825.4,45.86,23933.3,,,,,45.86,45.86,45.87,45.87,16350.2
1826.4,91.88,23933.3,,,,,91.88,91.89,91.87,91.87,16350.0
1827.4,91.72,23933.3,,,,,91.73,91.73,91.72,91.72,16329.2
1828.4,91.81,23933.0,,,,,91.8,91.81,91.84,91.81,16336.4
1829.41,47.11,23933.0,,,,,47.12,47.11,47.11,47.11,16335.1
1830.41,45.92,23933.3,,,,,45.92,45.92,45.92,45.92,16328.5
1831.41,91.75,23933.3,,,,,91.75,91.75,91.75,91.75,16321.9
1832.41,91.71,23933.3,,,,,91.74,91.7,91.75,91.66,16351.0
1833.41,91.87,23933.2,,,,,91.86,91.88,91.85,91.92,16348.5
1834.41,47.07,23933.0,,,,,47.05,47.07,47.08,47.08,16343.7
1835.41,45.94,23933.3,,,,,45.94,45.94,45.94,45.94,16334.2
1836.41,91.71,23933.3,,,,,91.7,91.7,91.73,91.72,16324.5
1837.41,91.85,23933.3,,,,,91.82,91.84,91.85,91.87,16335.0
1838.41,91.7,23933.1,,,,,91.69,91.67,91.71,91.7,16347.1
1839.41,47.14,23933.0,,,,,47.15,47.13,47.15,47.13,16341.8
1840.41,45.88,23933.3,,,,,45.88,45.87,45.88,45.88,16326.8
1841.41,91.84,23933.3,,,,,91.85,91.82,91.86,91.84,16352.1
1842.41,91.72,23933.3,,,,,91.72,91.71,91.73,91.72,16351.7
1843.41,91.85,23924.0,,,,,91.85,91.84,91.84,91.86,16337.2
1844.41,47.13,23933.0,,,,,47.12,47.13,47.14,47.14,16331.5
1845.41,45.87,23933.3,,,,,45.88,45.88,45.88,45.86,16325.7
1846.41,91.75,23933.3,,,,,91.76,91.76,91.76,91.73,16345.2
1847.41,91.86,23933.2,,,,,91.85,91.86,91.88,91.86,16347.9
1848.41,45.87,23933.3,,,,,45.87,45.87,45.88,45.87,16332.2
1849.41,93.06,23933.0,,,,,93.05,93.04,93.1,93.05,16361.8
1850.41,45.86,23933.3,,,,,45.86,45.86,45.87,45.86,16352.5
1851.41,91.85,23933.3,,,,,91.84,91.84,91.88,91.84,16352.2
1852.41,45.86,23933.3,,,,,45.86,45.86,45.86,45.86,16335.6
1853.41,91.85,23933.3,,,,,91.86,91.86,91.86,91.83,16327.1
1854.41,93.04,23933.0,,,,,93.02,93.06,93.05,93.05,16327.5
1855.41,45.86,23933.3,,,,,45.86,45.84,45.87,45.86,16346.1
1856.41,91.79,23933.3,,,,,91.78,91.8,91.8,91.79,16353.6
1857.41,91.82,23933.1,,,,,91.81,91.83,91.82,91.82,16347.6
1858.41,45.87,23933.3,,,,,45.87,45.87,45.88,45.88,16333.9
1859.41,92.99,23933.0,,,,,92.99,92.99,93.01,92.98,16362.6
1860.41,45.9,23933.3,,,,,45.9,45.89,45.9,45.9,16324.5
1861.41,91.85,23933.3,,,,,91.86,91.85,91.85,91.85,16335.8
1862.41,91.79,23933.1,,,,,91.78,91.78,91.8,91.8,16348.4
1863.41,45.91,23933.3,,,,,45.91,45.91,45.91,45.92,16336.2
1864.41,92.93,23933.0,,,,,92.93,92.92,92.95,92.93,16331.1
1865.41,45.94,23933.3,,,,,45.93,45.92,45.95,45.94,16340.8
1866.41,91.76,23933.3,,,,,91.76,91.75,91.76,91.78,16355.1
1867.41,91.84,23933.1,,,,,91.87,91.8,91.87,91.83,16336.4
1868.41,45.88,23933.3,,,,,45.88,45.88,45.88,45.88,16333.9
1869.41,93.05,23933.0,,,,,93.07,93.04,93.07,93.03,16327.7
1870.41,45.86,23933.3,,,,,45.85,45.86,45.85,45.86,16345.9
1871.41,91.86,23933.3,,,,,91.87,91.84,91.87,91.86,16354.5
1872.42,91.72,23924.0,,,,,91.72,91.73,91.74,91.72,16345.5
1873.42,45.95,23933.3,,,,,45.96,45.95,45.95,45.94,16333.2
1874.42,93.05,23933.0,,,,,93.05,93.07,93.04,93.02,16355.5
1875.42,45.85,23933.3,,,,,45.86,45.85,45.86,45.85,16323.9
1876.42,91.8,23933.3,,,,,91.79,91.81,91.81,91.79,16336.8
1877.42,91.79,23933.1,,,,,91.78,91.79,91.81,91.8,16351.9
1878.42,45.92,23933.3,,,,,45.93,45.92,45.92,45.92,16345.6
1879.42,93.03,23933.0,,,,,93.01,93.03,93.03,93.03,16331.7
1880.42,45.87,23933.3,,,,,45.87,45.87,45.89,45.86,16349.0
1881.42,91.87,23933.3,,,,,91.87,91.84,91.87,91.9,16355.8
1882.42,91.74,23933.2,,,,,91.72,91.75,91.76,91.74,16334.6
1883.42,45.94,23933.3,,,,,45.94,45.93,45.94,45.95,16338.8
1884.42,92.96,23933.0,,,,,92.97,92.94,92.99,92.94,16331.0
1885.42,45.93,23933.3,,,,,45.94,45.92,45.94,45.94,16326.6
1886.42,91.74,23933.3,,,,,91.72,91.75,91.75,91.74,16356.1
1887.42,91.84,23933.1,,,,,91.82,91.85,91.85,91.85,16350.9
1888.42,45.86,23933.3,,,,,45.87,45.85,45.87,45.86,16340.9
1889.42,93.07,23933.0,,,,,93.09,93.07,93.1,93.04,16333.1
1890.42,45.89,23933.3,,,,,45.89,45.9,45.89,45.89,16356.8
1891.42,91.77,23933.3,,,,,91.76,91.76,91.77,91.77,16327.3
1892.42,91.74,23933.3,,,,,91.73,91.75,91.74,91.75,16339.8
1893.42,91.84,23961.2,,,,,91.86,91.84,91.86,91.81,16356.4
1894.42,47.08,23915.1,,,,,47.09,47.09,47.08,47.08,16357.9
1895.42,45.94,23933.3,,,,,45.94,45.94,45.95,45.93,16338.9
1896.42,91.8,23933.3,,,,,91.8,91.8,91.81,91.79,16331.3
1897.42,91.8,23933.3,,,,,91.79,91.81,91.8,91.81,16357.9
1898.42,91.78,24007.5,,,,,91.8,91.75,91.79,91.77,16361.3
1899.42,47.09,23933.3,,,,,47.08,47.08,47.08,47.1,16359.0
1900.42,91.77,23924.0,,,,,91.78,91.75,91.8,91.76,16345.6
1901.42,45.92,23933.3,,,,,45.94,45.91,45.94,45.9,16335.8
1902.42,91.75,23933.3,,,,,91.74,91.75,91.75,91.77,16336.7
1903.42,91.79,24007.5,,,,,91.79,91.77,91.8,91.8,16361.7
1904.42,47.16,23933.3,,,,,47.16,47.15,47.17,47.15,16359.3
1905.42,91.73,23924.0,,,,,91.73,91.73,91.75,91.72,16347.8
1906.42,45.95,23933.3,,,,,45.94,45.96,45.96,45.96,16334.8
1907.42,91.73,23933.3,,,,,91.74,91.72,91.74,91.74,16328.9
1908.42,91.86,24007.5,,,,,91.86,91.86,91.86,91.85,16362.2
1909.42,47.07,23933.3,,,,,47.07,47.07,47.09,47.07,16359.6
1910.42,45.94,23933.3,,,,,45.93,45.95,45.95,45.94,16339.7
1911.42,91.73,23933.3,,,,,91.71,91.74,91.73,91.75,16330.9
1912.42,91.86,23933.3,,,,,91.87,91.84,91.87,91.85,16358.8
1913.42,91.71,24007.4,,,,,91.7,91.7,91.72,91.72,16363.1
1914.42,47.13,23933.3,,,,,47.13,47.13,47.13,47.13,16360.3
1915.42,91.74,23933.1,,,,,91.72,91.75,91.76,91.72,16355.4
1916.42,45.93,23933.3,,,,,45.92,45.94,45.93,45.94,16341.7
1917.42,91.76,23933.3,,,,,91.76,91.76,91.77,91.74,16334.8
1918.43,91.84,24081.7,,,,,91.82,91.85,91.84,91.84,16368.3
1919.43,47.09,23933.3,,,,,47.09,47.09,47.1,47.08,16322.9
1920.43,91.86,23933.3,,,,,91.86,91.87,91.87,91.85,16359.3
1921.43,91.79,23933.1,,,,,91.82,91.75,91.8,91.79,16349.3
1922.43,45.89,23933.3,,,,,45.88,45.89,45.9,45.88,16338.4
1923.43,91.87,24081.7,,,,,91.88,91.84,91.89,91.86,16368.5
1924.43,47.09,23933.3,,,,,47.09,47.08,47.09,47.09,16361.8
1925.43,91.86,23933.3,,,,,91.84,91.86,91.87,91.85,16360.2
1926.43,91.7,23924.2,,,,,91.7,91.69,91.7,91.71,16358.6
1927.43,45.94,23933.3,,,,,45.94,45.94,45.95,45.93,16344.3
1928.43,91.72,24081.7,,,,,91.72,91.72,91.72,91.72,16369.3
1929.43,47.14,23933.3,,,,,47.15,47.13,47.14,47.15,16334.4
1930.43,91.74,23933.3,,,,,91.75,91.73,91.75,91.71,16353.4
1931.43,91.86,23933.3,,,,,91.85,91.85,91.88,91.85,16361.0
1932.43,45.87,23951.5,,,,,45.87,45.86,45.88,45.86,16351.4
1933.43,91.85,24081.7,,,,,91.85,91.84,91.85,91.86,16370.2
1934.43,47.09,23933.3,,,,,47.1,47.07,47.1,47.1,16334.0
1935.43,91.88,23933.3,,,,,91.89,91.87,91.89,91.87,16328.0
1936.43,91.72,23933.3,,,,,91.72,91.71,91.72,91.72,16361.1
1937.43,91.81,23924.1,,,,,91.81,91.81,91.81,91.81,16357.3
1938.43,45.92,24081.7,,,,,45.93,45.9,45.93,45.93,16370.1
1939.43,47.11,23933.3,,,,,47.11,47.1,47.12,47.1,16336.3
1940.43,91.71,23933.3,,,,,91.74,91.68,91.73,91.69,16361.6
1941.43,91.88,23933.3,,,,,91.87,91.91,91.87,91.86,16329.4
1942.43,91.73,23933.3,,,,,91.73,91.73,91.73,91.72,16344.2
1943.43,93.08,23933.0,,,,,93.1,93.07,93.09,93.04,16370.6
1944.43,45.91,23924.0,,,,,45.91,45.92,45.91,45.9,16351.4
1945.43,45.9,23933.3,,,,,45.9,45.9,45.9,45.89,16338.6
1946.43,91.73,23933.3,,,,,91.75,91.72,91.76,91.69,16341.4
1947.43,91.89,23933.3,,,,,91.9,91.9,91.9,91.87,16362.7
1948.43,92.93,23933.0,,,,,92.93,92.93,92.93,92.94,16372.0
1949.43,45.94,23924.1,,,,,45.95,45.93,45.95,45.95,16359.6
1950.43,45.85,23933.3,,,,,45.85,45.84,45.86,45.84,16343.1
1951.43,91.88,23933.3,,,,,91.87,91.89,91.87,91.88,16337.5
1952.43,91.7,23933.3,,,,,91.72,91.7,91.72,91.68,16341.1
1953.43,93.06,23933.0,,,,,93.06,93.06,93.06,93.06,16324.1
1954.43,45.86,23924.2,,,,,45.87,45.86,45.87,45.86,16361.3
1955.43,45.92,23933.3,,,,,45.92,45.92,45.92,45.92,16343.8
1956.43,91.73,23933.3,,,,,91.73,91.73,91.72,91.73,16357.8
1957.43,91.86,23933.3,,,,,91.84,91.85,91.88,91.86,16338.0
1958.43,45.86,24081.7,,,,,45.84,45.87,45.86,45.87,16372.2
1959.43,47.16,23933.3,,,,,47.16,47.16,47.18,47.14,16345.5
1960.44,91.72,23933.3,,,,,91.73,91.72,91.73,91.7,16336.6
1961.44,91.86,23933.3,,,,,91.84,91.86,91.87,91.85,16363.7
1962.44,91.76,23933.3,,,,,91.76,91.76,91.75,91.75,16363.3
1963.44,45.94,24081.7,,,,,45.95,45.94,45.95,45.92,16372.3
1964.44,47.08,23933.3,,,,,47.08,47.08,47.09,47.07,16348.2
1965.44,91.87,23933.3,,,,,91.85,91.87,91.89,91.87,16340.8
1966.44,91.72,23933.3,,,,,91.69,91.71,91.73,91.75,16335.8
1967.44,91.86,23933.3,,,,,91.87,91.85,91.88,91.83,16356.9
1968.44,92.92,23933.0,,,,,92.93,92.92,92.91,92.92,16373.1
1969.44,45.93,23915.1,,,,,45.92,45.94,45.94,45.93,16362.7
1970.44,45.86,23933.3,,,,,45.86,45.86,45.86,45.86,16345.7
1971.44,91.85,23933.3,,,,,91.84,91.86,91.85,91.86,16345.5
1972.44,91.72,23933.3,,,,,91.72,91.71,91.73,91.71,16365.1
1973.44,93.05,23933.0,,,,,93.04,93.05,93.04,93.06,16373.6
1974.44,45.87,23933.3,,,,,45.88,45.86,45.88,45.87,16364.7
1975.44,91.87,23915.0,,,,,91.86,91.88,91.86,91.87,16357.9
1976.44,45.89,23933.3,,,,,45.9,45.87,45.9,45.9,16338.9
1977.44,91.86,23933.3,,,,,91.85,91.86,91.87,91.86,16348.0
1978.44,92.95,23933.0,,,,,92.96,92.95,92.97,92.93,16325.7
1979.44,45.91,23933.2,,,,,45.92,45.91,45.91,45.91,16363.1
1980.44,45.88,23933.3,,,,,45.88,45.87,45.88,45.86,16348.3
1981.44,91.88,23933.3,,,,,91.88,91.87,91.91,91.86,16336.6
1982.44,91.73,23933.3,,,,,91.73,91.74,91.72,91.73,16341.4
1983.44,93.06,23933.0,,,,,93.05,93.04,93.09,93.06,16374.1
1984.44,45.86,23933.0,,,,,45.84,45.87,45.87,45.86,16354.1
1985.44,45.95,23933.3,,,,,45.95,45.95,45.95,45.95,16340.4
1986.44,91.74,23933.3,,,,,91.75,91.73,91.75,91.72,16365.9
1987.44,91.84,23933.3,,,,,91.86,91.82,91.86,91.82,16365.8
1988.44,92.93,23933.0,,,,,92.92,92.92,92.93,92.95,16375.1
1989.44,45.94,23933.3,,,,,45.94,45.92,45.95,45.94,16366.2
1990.44,45.87,23933.3,,,,,45.86,45.88,45.88,45.88,16355.2
1991.44,91.85,23933.3,,,,,91.84,91.85,91.85,91.85,16344.6
1992.44,91.74,23933.3,,,,,91.74,91.76,91.75,91.72,16346.1
1993.44,93.08,23933.0,,,,,93.1,93.06,93.1,93.05,16337.0
1994.44,45.85,23933.3,,,,,45.85,45.86,45.85,45.85,16328.5
1995.44,91.81,23933.2,,,,,91.82,91.8,91.8,91.81,16363.5
1996.44,45.87,23933.3,,,,,45.87,45.88,45.88,45.87,16347.9
1997.44,91.86,23933.3,,,,,91.86,91.86,91.88,91.86,16341.4
1998.44,92.92,23933.0,,,,,92.91,92.93,92.92,92.93,16375.9
1999.44,45.93,23933.3,,,,,45.93,45.93,45.94,45.93,16366.9
2000.44,91.73,23933.3,,,,,91.72,91.73,91.74,91.73,16345.9
2001.44,91.86,23933.1,,,,,91.83,91.86,91.88,91.87,16356.5
2002.44,45.89,23933.3,,,,,45.88,45.89,45.89,45.89,16342.4
2003.44,93.06,23933.0,,,,,93.06,93.05,93.07,93.07,16342.2
2004.44,45.87,23933.3,,,,,45.86,45.88,45.88,45.86,16344.0
2005.44,91.86,23933.3,,,,,91.87,91.87,91.87,91.85,16367.4
2006.45,91.73,23933.2,,,,,91.71,91.73,91.74,91.73,16365.6
2007.45,45.91,23942.4,,,,,45.91,45.9,45.93,45.9,16355.2
2008.45,92.93,23933.0,,,,,92.94,92.92,92.94,92.93,16343.0
2009.45,45.93,23933.3,,,,,45.92,45.93,45.94,45.93,16341.1
2010.45,91.72,23933.3,,,,,91.71,91.71,91.73,91.73,16341.8
2011.45,91.88,23933.2,,,,,91.88,91.86,91.9,91.9,16365.4
2012.45,45.86,23979.4,,,,,45.87,45.85,45.87,45.87,16357.2
2013.45,93.03,23933.0,,,,,93.01,93.03,93.06,93.02,16341.2
2014.45,45.89,23933.3,,,,,45.9,45.88,45.89,45.87,16368.8
2015.45,91.86,23933.3,,,,,91.87,91.86,91.87,91.86,16368.8
2016.45,91.67,23933.3,,,,,91.68,91.65,91.68,91.68,16358.8
2017.45,45.93,23933.3,,,,,45.93,45.92,45.94,45.91,16352.3
2018.45,92.93,23933.0,,,,,92.92,92.92,92.95,92.93,16351.9
2019.45,45.94,23933.3,,,,,45.95,45.94,45.93,45.93,16344.7
2020.45,91.74,23933.3,,,,,91.74,91.72,91.75,91.73,16338.1
2021.45,91.87,23933.3,,,,,91.86,91.85,91.89,91.87,16368.9
2022.45,91.79,23933.2,,,,,91.79,91.77,91.8,91.8,16368.2
2023.45,47.08,23933.3,,,,,47.07,47.08,47.07,47.07,16370.3
2024.45,91.81,23933.0,,,,,91.81,91.8,91.83,91.8,16354.4
2025.45,45.9,23933.3,,,,,45.91,45.9,45.9,45.91,16346.2
2026.45,91.72,23933.3,,,,,91.73,91.7,91.73,91.73,16341.3
2027.45,91.87,24081.7,,,,,91.87,91.87,91.88,91.85,16378.3
2028.45,47.11,23933.3,,,,,47.09,47.12,47.12,47.12,16331.8
2029.45,91.81,23933.2,,,,,91.82,91.79,91.82,91.81,16367.3
2030.45,45.86,23933.3,,,,,45.86,45.87,45.87,45.85,16352.8
2031.45,91.75,23933.3,,,,,91.75,91.76,91.78,91.73,16346.3
2032.45,91.91,24081.7,,,,,91.94,91.92,91.89,91.9,16378.5
2033.45,47.09,23933.3,,,,,47.09,47.09,47.1,47.08,16372.0
2034.45,91.85,23933.3,,,,,91.83,91.85,91.85,91.85,16370.4
2035.45,91.84,23933.3,,,,,91.81,91.85,91.85,91.85,16340.0
2036.45,91.7,23924.1,,,,,91.7,91.69,91.69,91.73,16365.4
2037.45,45.92,24081.7,,,,,45.92,45.93,45.93,45.91,16379.1
2038.45,47.08,23933.3,,,,,47.09,47.07,47.09,47.08,16347.4
2039.45,91.86,23933.3,,,,,91.85,91.87,91.86,91.87,16340.8
2040.45,91.71,23933.3,,,,,91.69,91.71,91.73,91.71,16370.9
2041.45,91.85,23915.1,,,,,91.83,91.87,91.86,91.86,16369.1
2042.45,45.89,24081.7,,,,,45.88,45.88,45.89,45.89,16379.6
2043.45,47.15,23933.3,,,,,47.13,47.15,47.16,47.15,16348.6
2044.45,91.7,23933.3,,,,,91.71,91.7,91.7,91.7,16344.1
2045.45,91.89,23933.3,,,,,91.9,91.88,91.92,91.87,16347.2
2046.45,91.72,23924.2,,,,,91.72,91.71,91.74,91.72,16372.0
2047.45,45.92,24081.7,,,,,45.92,45.93,45.92,45.93,16380.4
2048.45,47.07,23933.3,,,,,47.08,47.08,47.08,47.06,16350.0
2049.45,91.84,23933.3,,,,,91.84,91.85,91.84,91.83,16358.4
2050.45,91.73,23933.3,,,,,91.74,91.73,91.76,91.71,16372.3
2051.46,91.85,23933.3,,,,,91.85,91.83,91.86,91.86,16342.9
2052.46,91.7,24081.4,,,,,91.68,91.7,91.7,91.7,16380.8
2053.46,47.16,23933.0,,,,,47.16,47.16,47.17,47.17,16358.9
2054.46,45.9,23933.3,,,,,45.88,45.9,45.9,45.91,16347.5
2055.46,91.74,23933.3,,,,,91.75,91.71,91.77,91.73,16358.5
2056.46,91.77,23933.2,,,,,91.75,91.77,91.8,91.76,16371.4
2057.46,45.92,24081.7,,,,,45.94,45.92,45.91,45.92,16382.0
2058.46,47.09,23933.3,,,,,47.08,47.09,47.11,47.09,16349.8
2059.46,91.81,23933.3,,,,,91.79,91.8,91.82,91.84,16346.4
2060.46,91.79,23933.3,,,,,91.79,91.8,91.8,91.79,16340.5
2061.46,91.88,23933.3,,,,,91.86,91.89,91.88,91.89,16373.2
2062.46,92.99,23933.0,,,,,92.95,93.01,93.01,93.0,16382.1
2063.46,45.89,23915.0,,,,,45.9,45.88,45.9,45.87,16367.7
2064.46,45.9,23933.3,,,,,45.91,45.9,45.91,45.91,16348.0
2065.46,91.72,23933.3,,,,,91.72,91.73,91.71,91.73,16373.6
2066.46,91.86,23933.3,,,,,91.86,91.85,91.88,91.83,16337.2
2067.46,93.01,23933.0,,,,,92.98,93.01,93.01,93.04,16382.5
2068.46,45.9,23933.3,,,,,45.9,45.89,45.91,45.89,16373.6
2069.46,91.78,23924.0,,,,,91.77,91.78,91.77,91.78,16367.0
2070.46,45.92,23933.3,,,,,45.91,45.92,45.92,45.92,16351.2
2071.46,91.71,23933.3,,,,,91.7,91.71,91.73,91.71,16360.6
2072.46,93.06,23933.0,,,,,93.05,93.04,93.07,93.07,16336.2
2073.46,45.85,23933.3,,,,,45.86,45.86,45.85,45.85,16374.0
2074.46,91.87,23924.0,,,,,91.87,91.87,91.89,91.84,16367.0
2075.46,45.88,23933.3,,,,,45.88,45.88,45.88,45.87,16338.7
2076.46,91.85,23933.3,,,,,91.86,91.83,91.87,91.86,16366.7
2077.46,92.93,23933.0,,,,,92.9,92.94,92.93,92.94,16380.9
2078.46,45.92,23933.0,,,,,45.92,45.92,45.93,45.92,16363.4
2079.46,45.89,23933.3,,,,,45.87,45.89,45.9,45.89,16350.4
2080.46,91.86,23933.3,,,,,91.84,91.87,91.87,91.87,16359.0
2081.46,91.71,23933.3,,,,,91.69,91.7,91.73,91.72,16373.4
2082.46,93.04,23933.0,,,,,93.02,93.04,93.05,93.06,16381.6
2083.46,45.92,23933.3,,,,,45.93,45.91,45.93,45.91,16372.8
2084.46,91.79,23924.0,,,,,91.8,91.77,91.8,91.79,16358.8
2085.46,45.87,23933.3,,,,,45.87,45.87,45.87,45.88,16353.5
2086.46,91.79,23933.3,,,,,91.8,91.79,91.78,91.79,16346.1
2087.46,93.01,23933.0,,,,,92.99,92.99,93.06,93.01,16346.6
2088.46,45.92,23933.3,,,,,45.93,45.92,45.93,45.91,16340.7
2089.46,91.76,23933.2,,,,,91.76,91.74,91.75,91.8,16373.6
2090.46,45.9,23942.4,,,,,45.91,45.9,45.92,45.87,16363.7
2091.46,91.75,23933.3,,,,,91.76,91.72,91.76,91.74,16353.8
2092.46,93.03,23933.0,,,,,93.02,93.05,93.02,93.03,16382.8
2093.46,45.87,23933.3,,,,,45.86,45.88,45.88,45.88,16373.2
2094.46,91.86,23933.0,,,,,91.87,91.86,91.87,91.83,16362.3
2095.46,45.87,23933.3,,,,,45.86,45.87,45.87,45.87,16353.4
2096.46,91.86,23933.3,,,,,91.84,91.85,91.87,91.88,16369.6
2097.47,92.93,23933.0,,,,,92.91,92.94,92.93,92.93,16350.2
2098.47,45.95,23933.3,,,,,45.95,45.94,45.95,45.94,16374.2
2099.47,91.71,23933.3,,,,,91.71,91.71,91.71,91.71,16374.7
2100.47,91.8,23933.1,,,,,91.78,91.81,91.8,91.81,16368.5
2101.47,45.88,23942.4,,,,,45.89,45.88,45.89,45.88,16361.1
2102.47,93.07,23933.0,,,,,93.06,93.05,93.09,93.06,16353.8
2103.47,45.87,23933.3,,,,,45.86,45.88,45.87,45.88,16349.8
2104.47,91.83,23933.3,,,,,91.84,91.82,91.84,91.82,16358.4
2105.47,91.72,23933.3,,,,,91.7,91.71,91.75,91.71,16374.7
2106.47,45.93,23942.4,,,,,45.93,45.93,45.93,45.93,16368.6
2107.47,92.96,23933.0,,,,,92.96,92.93,92.98,92.96,16362.7
2108.47,45.93,23933.3,,,,,45.94,45.92,45.93,45.93,16353.8
2109.47,91.73,23933.3,,,,,91.72,91.72,91.73,91.74,16375.2
2110.47,91.78,23933.3,,,,,91.77,91.78,91.79,91.78,16341.6
2111.47,91.87,23970.4,,,,,91.85,91.87,91.88,91.89,16376.8
2112.47,47.11,23933.3,,,,,47.1,47.11,47.11,47.11,16376.7
2113.47,91.73,23933.0,,,,,91.71,91.74,91.74,91.74,16361.7
2114.47,45.9,23933.3,,,,,45.9,45.9,45.91,45.91,16352.7
2115.47,91.76,23933.3,,,,,91.76,91.76,91.76,91.76,16376.4
2116.47,91.87,24044.5,,,,,91.86,91.86,91.89,91.87,16381.9
2117.47,47.07,23933.3,,,,,47.06,47.06,47.08,47.06,16377.3
2118.47,91.84,23933.0,,,,,91.84,91.83,91.84,91.85,16368.5
2119.47,45.9,23933.3,,,,,45.9,45.87,45.91,45.91,16357.6
2120.47,91.87,23933.3,,,,,91.88,91.85,91.89,91.87,16352.0
2121.47,91.8,24081.6,,,,,91.78,91.79,91.81,91.81,16383.6
2122.47,47.11,23933.3,,,,,47.11,47.1,47.11,47.11,16340.8
2123.47,91.7,23933.3,,,,,91.69,91.69,91.7,91.7,16376.6
2124.47,45.91,23933.3,,,,,45.91,45.91,45.91,45.91,16362.9
2125.47,91.7,23933.3,,,,,91.71,91.66,91.7,91.73,16358.0
2126.47,91.87,24081.7,,,,,91.87,91.89,91.87,91.83,16385.8
2127.47,47.07,23933.3,,,,,47.07,47.05,47.08,47.07,16379.1
2128.47,91.92,23933.3,,,,,91.93,91.91,91.9,91.92,16377.4
2129.47,91.69,23933.2,,,,,91.71,91.68,91.71,91.66,16367.6
2130.47,45.96,23942.4,,,,,45.96,45.96,45.96,45.95,16367.2
2131.47,91.71,24081.7,,,,,91.72,91.72,91.72,91.7,16386.2
2132.47,47.17,23933.3,,,,,47.17,47.18,47.17,47.15,16354.6
2133.47,91.77,23933.3,,,,,91.75,91.74,91.8,91.79,16371.6
2134.47,91.84,23933.3,,,,,91.85,91.83,91.85,91.8,16378.4
2135.47,91.79,23924.2,,,,,91.79,91.79,91.81,91.78,16377.6
2136.47,45.82,24081.7,,,,,45.81,45.83,45.83,45.82,16386.9
2137.47,47.15,23933.3,,,,,47.17,47.14,47.15,47.15,16360.9
2138.47,91.74,23933.3,,,,,91.75,91.74,91.75,91.72,16355.9
2139.47,91.87,23933.3,,,,,91.87,91.87,91.88,91.86,16359.3
2140.47,91.8,23933.3,,,,,91.81,91.81,91.81,91.78,16380.0
2141.47,93.02,23933.0,,,,,93.02,93.01,93.04,93.01,16387.2
2142.47,45.89,23933.0,,,,,45.89,45.9,45.89,45.89,16367.2
2143.48,45.86,23933.3,,,,,45.85,45.87,45.87,45.85,16356.9
2144.48,91.88,23933.3,,,,,91.87,91.89,91.89,91.86,16353.8
2145.48,91.78,23933.3,,,,,91.81,91.76,91.78,91.8,16347.6
2146.48,93.0,23933.0,,,,,92.98,93.02,93.04,92.96,16388.0
2147.48,45.87,23933.3,,,,,45.87,45.86,45.87,45.87,16379.3
2148.48,91.85,23924.1,,,,,91.86,91.84,91.85,91.86,16373.2
2149.48,45.88,23933.3,,,,,45.88,45.86,45.88,45.88,16362.8
2150.48,91.87,23933.3,,,,,91.88,91.86,91.9,91.84,16367.8
2151.48,92.92,23933.0,,,,,92.9,92.91,92.91,92.93,16356.7
2152.48,45.93,23933.3,,,,,45.93,45.93,45.93,45.91,16357.8
2153.48,91.73,23933.3,,,,,91.72,91.71,91.75,91.73,16380.1
2154.48,91.85,23915.1,,,,,91.85,91.87,91.86,91.84,16379.4
2155.48,45.88,23942.4,,,,,45.87,45.88,45.88,45.88,16370.9
2156.48,93.04,23933.0,,,,,93.05,93.02,93.06,93.04,16360.0
2157.48,45.86,23933.3,,,,,45.86,45.87,45.86,45.87,16357.2
2158.48,91.89,23933.3,,,,,91.88,91.88,91.9,91.88,16359.1
2159.48,91.71,23933.2,,,,,91.7,91.68,91.73,91.71,16371.9
2160.48,45.94,23988.5,,,,,45.93,45.94,45.94,45.93,16374.1
2161.48,92.93,23933.0,,,,,92.93,92.93,92.94,92.93,16361.9
2162.48,45.93,23933.3,,,,,45.94,45.93,45.94,45.92,16367.1
2163.48,91.74,23933.3,,,,,91.74,91.75,91.75,91.73,16381.6
2164.48,91.85,23933.3,,,,,91.86,91.85,91.86,91.84,16364.2
2165.48,91.71,23933.1,,,,,91.7,91.71,91.7,91.72,16376.2
2166.48,47.14,23933.0,,,,,47.14,47.14,47.15,47.13,16365.9
2167.48,45.87,23933.3,,,,,45.88,45.87,45.86,45.88,16359.8
2168.48,91.83,23933.3,,,,,91.81,91.81,91.86,91.85,16367.7
2169.48,91.74,23933.3,,,,,91.73,91.74,91.76,91.74,16382.2
2170.48,91.86,23933.2,,,,,91.85,91.85,91.86,91.87,16379.1
2171.48,47.12,23933.0,,,,,47.12,47.13,47.14,47.11,16373.3
2172.48,45.89,23933.3,,,,,45.89,45.89,45.88,45.89,16362.1
2173.48,91.71,23933.3,,,,,91.7,91.69,91.73,91.72,16357.5
2174.48,91.91,23933.3,,,,,91.92,91.9,91.92,91.88,16358.1
2175.48,91.72,23976.6,,,,,91.7,91.73,91.72,91.74,16384.1
2176.48,47.14,23933.3,,,,,47.15,47.13,47.14,47.15,16345.6
2177.48,91.71,23915.1,,,,,91.73,91.73,91.71,91.69,16380.2
2178.48,45.93,23933.3,,,,,45.93,45.93,45.94,45.93,16365.9
2179.48,91.79,23933.3,,,,,91.79,91.8,91.79,91.78,16359.5
2180.48,91.79,24081.6,,,,,91.75,91.8,91.82,91.77,16390.9
2181.48,47.13,23933.3,,,,,47.12,47.13,47.12,47.13,16384.5
2182.48,91.73,23933.3,,,,,91.7,91.74,91.73,91.73,16382.7
2183.48,91.86,23933.0,,,,,91.85,91.85,91.88,91.86,16371.7
2184.48,45.85,23933.3,,,,,45.85,45.85,45.85,45.85,16363.0
2185.48,91.79,24081.7,,,,,91.78,91.79,91.78,91.81,16392.0
2186.48,47.13,23933.3,,,,,47.13,47.14,47.13,47.13,16356.3
2187.48,91.72,23933.3,,,,,91.7,91.71,91.74,91.71,16383.6
2188.48,91.87,23933.3,,,,,91.87,91.88,91.89,91.86,16383.6
2189.48,91.72,23933.1,,,,,91.72,91.73,91.72,91.71,16375.0
2190.48,45.93,24081.7,,,,,45.94,45.91,45.95,45.92,16392.2
2191.49,47.08,23933.3,,,,,47.09,47.09,47.08,47.07,16363.4
2192.49,91.85,23933.3,,,,,91.83,91.84,91.88,91.85,16358.3
2193.49,91.71,23933.3,,,,,91.7,91.72,91.69,91.72,16376.6
2194.49,91.89,23924.1,,,,,91.85,91.89,91.94,91.88,16379.7
2195.49,45.86,24081.7,,,,,45.86,45.86,45.86,45.86,16392.6
2196.49,47.12,23933.3,,,,,47.12,47.12,47.12,47.11,16362.6
2197.49,91.82,23933.3,,,,,91.83,91.81,91.84,91.83,16377.6
2198.49,91.84,23933.3,,,,,91.85,91.84,91.84,91.84,16384.6
2199.49,91.72,23933.3,,,,,91.73,91.7,91.74,91.72,16348.7
2200.49,93.07,23933.0,,,,,93.07,93.05,93.08,93.07,16393.4
2201.49,45.9,23924.2,,,,,45.9,45.91,45.9,45.9,16383.9
2202.49,45.86,23933.3,,,,,45.85,45.86,45.86,45.86,16368.0
2203.49,91.81,23933.3,,,,,91.82,91.78,91.82,91.8,16359.5
2204.49,91.78,23933.3,,,,,91.76,91.78,91.79,91.79,16378.9
2205.49,93.02,23933.0,,,,,93.02,93.01,93.04,93.02,16350.2
2206.49,45.94,23933.3,,,,,45.94,45.94,45.95,45.95,16385.5
2207.49,91.82,23924.0,,,,,91.78,91.82,91.84,91.85,16378.1
2208.49,45.9,23933.3,,,,,45.9,45.89,45.91,45.91,16364.6
2209.49,91.72,23933.3,,,,,91.73,91.73,91.73,91.71,16364.5
2210.49,93.01,23933.0,,,,,93.0,93.02,93.0,93.02,16394.4
2211.49,45.93,23933.3,,,,,45.92,45.92,45.93,45.93,16375.8
2212.49,45.9,23933.3,,,,,45.9,45.89,45.91,45.89,16369.4
2213.49,91.73,23933.3,,,,,91.71,91.74,91.74,91.74,16367.5
2214.49,91.88,23933.3,,,,,91.89,91.85,91.89,91.89,16360.0
2215.49,92.99,23933.0,,,,,93.0,92.98,92.99,92.98,16394.9
2216.49,45.92,23933.3,,,,,45.92,45.91,45.92,45.92,16386.2
2217.49,91.73,23924.1,,,,,91.72,91.7,91.74,91.74,16381.8
2218.49,45.93,23933.3,,,,,45.93,45.92,45.93,45.93,16368.6
2219.49,91.72,23933.3,,,,,91.7,91.71,91.73,91.73,16368.2
2220.49,93.07,23933.0,,,,,93.06,93.05,93.1,93.08,16359.6
2221.49,45.87,23933.3,,,,,45.88,45.86,45.89,45.87,16382.1
2222.49,91.89,23933.3,,,,,91.9,91.88,91.89,91.89,16385.9
2223.49,45.89,23933.3,,,,,45.89,45.88,45.89,45.9,16372.9
2224.49,91.8,23933.3,,,,,91.78,91.78,91.82,91.82,16362.6
2225.49,92.91,23932.3,,,,,92.93,92.89,92.94,92.87,16395.9
2226.49,45.97,23932.5,,,,,45.95,45.97,45.97,45.97,16371.0
2227.49,45.85,23932.5,,,,,45.85,45.86,45.85,45.86,16371.1
2228.49,93.06,23933.0,,,,,93.06,93.04,93.07,93.06,16365.7
2229.49,45.87,23933.3,,,,,45.88,45.88,45.87,45.86,16360.6
2230.49,91.84,23933.3,,,,,91.84,91.84,91.85,91.84,16380.0
2231.49,91.73,23924.2,,,,,91.71,91.73,91.73,91.76,16386.1
2232.49,45.94,23979.4,,,,,45.93,45.94,45.95,45.93,16376.4
2233.49,92.94,23933.0,,,,,92.92,92.94,92.94,92.94,16367.7
2234.49,45.9,23933.3,,,,,45.9,45.89,45.9,45.9,16382.6
2235.49,91.78,23933.3,,,,,91.78,91.78,91.79,91.79,16358.6
2236.49,91.87,23933.3,,,,,91.86,91.85,91.91,91.88,16381.2
2237.5,91.78,23970.1,,,,,91.77,91.78,91.78,91.78,16381.7
2238.5,47.12,23933.0,,,,,47.12,47.1,47.13,47.13,16371.4
2239.5,45.93,23933.3,,,,,45.93,45.91,45.93,45.93,16364.1
2240.5,91.79,23933.3,,,,,91.78,91.78,91.83,91.78,16388.7
2241.5,91.79,23933.3,,,,,91.79,91.78,91.79,91.79,16388.6
2242.5,91.79,23933.2,,,,,91.8,91.79,91.79,91.78,16385.8
2243.5,47.06,23933.0,,,,,47.05,47.07,47.07,47.06,16379.2
2244.5,45.96,23933.3,,,,,45.96,45.95,45.96,45.97,16367.9
2245.5,91.73,23933.3,,,,,91.73,91.71,91.75,91.72,16362.6
2246.5,91.87,23933.3,,,,,91.88,91.85,91.88,91.88,16381.9
2247.5,91.71,23970.4,,,,,91.71,91.69,91.72,91.72,16390.9
2248.5,47.15,23933.3,,,,,47.15,47.14,47.15,47.15,16390.5
2249.5,45.85,23933.3,,,,,45.86,45.85,45.86,45.85,16370.9
2250.5,91.89,23933.3,,,,,91.89,91.88,91.9,91.9,16365.9
2251.5,91.7,23933.3,,,,,91.69,91.7,91.7,91.69,16359.0
2252.5,91.83,23998.2,,,,,91.83,91.82,91.85,91.83,16392.3
2253.5,47.12,23906.1,,,,,47.12,47.12,47.14,47.11,16387.5
2254.5,45.89,23933.3,,,,,45.9,45.89,45.89,45.89,16371.1
2255.5,91.73,23933.3,,,,,91.74,91.74,91.74,91.72,16364.7
2256.5,91.84,23933.3,,,,,91.83,91.85,91.84,91.83,16384.4
2257.5,91.72,24007.5,,,,,91.72,91.72,91.73,91.72,16394.6
2258.5,47.13,23933.3,,,,,47.13,47.13,47.14,47.13,16392.0
2259.5,91.7,23933.2,,,,,91.69,91.7,91.69,91.7,16387.7
2260.5,45.94,23933.3,,,,,45.94,45.94,45.94,45.93,16375.9
2261.5,91.73,23933.3,,,,,91.73,91.72,91.73,91.72,16367.2
2262.5,91.86,24081.7,,,,,91.87,91.86,91.87,91.86,16399.3
2263.5,47.1,23933.3,,,,,47.1,47.09,47.11,47.11,16363.2
2264.5,91.82,23933.3,,,,,91.83,91.83,91.82,91.78,16381.9
2265.5,91.71,23933.3,,,,,91.72,91.72,91.71,91.7,16390.6
2266.5,45.93,23933.3,,,,,45.93,45.93,45.94,45.93,16375.4
2267.5,91.72,24081.7,,,,,91.72,91.72,91.71,91.72,16399.9
2268.5,47.14,23933.3,,,,,47.13,47.13,47.15,47.14,16393.2
2269.5,91.75,23933.3,,,,,91.72,91.76,91.76,91.76,16353.9
2270.5,45.94,23951.5,,,,,45.93,45.95,45.95,45.95,16381.7
2271.5,91.75,23933.3,,,,,91.74,91.73,91.75,91.76,16377.0
2272.5,91.85,24044.6,,,,,91.83,91.86,91.86,91.84,16398.5
2273.5,47.09,23933.3,,,,,47.08,47.08,47.09,47.1,16393.4
2274.5,91.87,23924.1,,,,,91.86,91.86,91.88,91.85,16387.9
2275.5,45.88,23933.3,,,,,45.87,45.89,45.89,45.87,16373.5
2276.5,91.83,23933.3,,,,,91.84,91.83,91.83,91.84,16374.0
2277.5,91.73,24044.6,,,,,91.73,91.71,91.75,91.73,16399.0
2278.5,47.14,23933.3,,,,,47.14,47.14,47.14,47.14,16393.6
2279.5,91.73,23933.0,,,,,91.72,91.71,91.76,91.73,16378.2
2280.51,45.93,23933.3,,,,,45.92,45.94,45.93,45.93,16373.3
2281.51,91.72,23933.3,,,,,91.72,91.72,91.72,91.72,16363.2
2282.51,91.87,23970.4,,,,,91.88,91.86,91.87,91.86,16394.4
2283.51,47.08,23933.3,,,,,47.06,47.08,47.08,47.07,16394.2
2284.51,91.86,23933.1,,,,,91.88,91.86,91.86,91.83,16384.4
2285.51,45.86,23933.3,,,,,45.86,45.86,45.87,45.86,16370.1
2286.51,91.85,23933.3,,,,,91.85,91.85,91.85,91.87,16380.8
2287.51,91.72,24074.0,,,,,91.72,91.71,91.73,91.72,16399.6
2288.51,47.14,23933.3,,,,,47.13,47.14,47.15,47.14,16395.1
2289.51,91.79,23933.3,,,,,91.79,91.77,91.82,91.77,16393.2
2290.51,45.9,23933.3,,,,,45.89,45.9,45.9,45.9,16379.6
2291.51,91.72,23933.3,,,,,91.71,91.73,91.73,91.71,16369.3
2292.51,91.86,24044.6,,,,,91.85,91.86,91.86,91.86,16399.5
2293.51,47.08,23933.3,,,,,47.08,47.08,47.08,47.06,16354.9
2294.51,91.86,23924.1,,,,,91.85,91.85,91.87,91.86,16391.5
2295.51,45.88,23933.3,,,,,45.87,45.9,45.88,45.88,16375.9
2296.51,91.86,23933.3,,,,,91.85,91.86,91.89,91.85,16375.3
2297.51,91.71,24081.7,,,,,91.7,91.7,91.73,91.7,16402.6
2298.51,47.13,23933.3,,,,,47.13,47.14,47.14,47.13,16395.8
2299.51,91.75,23933.3,,,,,91.74,91.72,91.77,91.76,16394.3
2300.51,91.84,23933.0,,,,,91.82,91.82,91.85,91.85,16381.1
2301.51,45.87,23933.3,,,,,45.87,45.87,45.88,45.87,16369.2
2302.51,91.85,24081.7,,,,,91.85,91.83,91.87,91.86,16403.1
2303.51,47.07,23933.3,,,,,47.07,47.07,47.07,47.08,16366.4
2304.51,91.87,23933.3,,,,,91.85,91.85,91.88,91.89,16395.0
2305.51,91.72,23933.3,,,,,91.72,91.71,91.74,91.73,16394.9
2306.51,91.84,23933.1,,,,,91.83,91.83,91.86,91.84,16382.0
2307.51,45.85,24081.7,,,,,45.85,45.85,45.85,45.85,16403.8
2308.51,47.16,23933.3,,,,,47.17,47.16,47.17,47.15,16383.6
2309.51,91.74,23933.3,,,,,91.75,91.73,91.74,91.74,16368.4
2310.51,91.87,23933.3,,,,,91.85,91.86,91.89,91.86,16360.9
2311.51,91.72,23933.3,,,,,91.71,91.71,91.74,91.72,16395.6
2312.51,93.05,23933.0,,,,,93.07,93.03,93.08,93.02,16404.0
2313.51,45.9,23924.1,,,,,45.91,45.9,45.9,45.9,16392.1
2314.51,45.9,23933.3,,,,,45.91,45.9,45.91,45.89,16376.4
2315.51,91.7,23933.3,,,,,91.71,91.69,91.73,91.69,16377.5
2316.51,91.86,23933.3,,,,,91.87,91.86,91.87,91.84,16367.4
2317.51,92.88,23933.0,,,,,92.87,92.85,92.9,92.89,16404.8
2318.51,45.97,23933.3,,,,,45.98,45.96,45.97,45.98,16396.2
2319.51,91.72,23915.1,,,,,91.74,91.71,91.71,91.73,16387.6
2320.51,45.91,23933.3,,,,,45.9,45.91,45.92,45.91,16374.0
2321.51,91.73,23933.3,,,,,91.71,91.72,91.73,91.75,16376.8
2322.51,93.08,23933.0,,,,,93.07,93.05,93.09,93.09,16405.2
2323.51,45.85,23933.2,,,,,45.86,45.85,45.83,45.85,16395.0
2324.51,45.96,23933.3,,,,,45.95,45.96,45.98,45.96,16376.9
2325.51,91.72,23933.3,,,,,91.7,91.74,91.75,91.68,16371.9
2326.51,91.85,23933.3,,,,,91.85,91.85,91.85,91.87,16365.5
2327.52,92.92,23933.0,,,,,92.92,92.92,92.92,92.92,16405.5
2328.52,45.88,23933.3,,,,,45.88,45.88,45.89,45.88,16356.2
2329.52,91.88,23924.0,,,,,91.89,91.86,91.89,91.9,16385.6
2330.52,45.86,23933.3,,,,,45.87,45.85,45.87,45.85,16379.7
2331.52,91.86,23933.3,,,,,91.86,91.87,91.86,91.86,16398.0
2332.52,45.91,24081.7,,,,,45.91,45.9,45.91,45.91,16406.3
2333.52,47.1,23933.3,,,,,47.11,47.11,47.11,47.1,16377.2
2334.52,91.74,23933.3,,,,,91.75,91.73,91.76,91.72,16372.7
2335.52,91.88,23933.3,,,,,91.85,91.87,91.89,91.89,16363.8
2336.52,91.71,23933.3,,,,,91.71,91.69,91.72,91.73,16398.2
2337.52,93.06,23933.0,,,,,93.05,93.07,93.06,93.05,16406.4
2338.52,45.86,23933.0,,,,,45.86,45.87,45.85,45.87,16388.8
2339.52,45.93,23933.3,,,,,45.93,45.93,45.95,45.93,16375.6
2340.52,91.8,23933.3,,,,,91.81,91.8,91.82,91.77,16373.4
2341.52,91.8,23933.3,,,,,91.8,91.77,91.8,91.85,16365.7
2342.52,92.94,23933.0,,,,,92.94,92.94,92.94,92.95,16406.7
2343.52,45.94,23933.3,,,,,45.94,45.93,45.95,45.94,16398.4
2344.52,91.72,23933.0,,,,,91.72,91.7,91.73,91.73,16388.3
2345.52,45.93,23933.3,,,,,45.93,45.94,45.94,45.93,16375.1
2346.52,91.72,23933.3,,,,,91.72,91.72,91.72,91.72,16392.3
2347.52,93.09,23933.0,,,,,93.08,93.07,93.09,93.11,16362.5
2348.52,45.91,23933.3,,,,,45.92,45.91,45.92,45.91,16399.0
2349.52,91.76,23933.1,,,,,91.77,91.73,91.78,91.76,16394.3
2350.52,45.87,23942.4,,,,,45.87,45.86,45.87,45.87,16383.6
2351.52,91.87,23933.3,,,,,91.87,91.85,91.89,91.88,16375.4
2352.52,92.92,23933.0,,,,,92.93,92.91,92.91,92.94,16372.8
2353.52,45.94,23933.3,,,,,45.94,45.94,45.94,45.93,16368.0
2354.52,91.73,23933.3,,,,,91.73,91.74,91.72,91.72,16390.9
2355.52,45.94,23960.5,,,,,45.93,45.94,45.95,45.93,16394.1
2356.52,91.74,23942.4,,,,,91.75,91.72,91.75,91.72,16382.1
2357.52,93.03,23933.0,,,,,93.03,93.02,93.04,93.04,16408.6
2358.52,45.87,23933.3,,,,,45.87,45.86,45.87,45.87,16400.1
2359.52,91.85,23933.3,,,,,91.86,91.83,91.87,91.84,16400.1
2360.52,45.88,23942.4,,,,,45.88,45.88,45.88,45.89,16390.6
2361.52,91.85,23933.3,,,,,91.85,91.83,91.87,91.85,16378.4
2362.52,92.91,23933.0,,,,,92.91,92.91,92.92,92.9,16377.3
2363.52,45.94,23933.3,,,,,45.95,45.94,45.94,45.94,16370.9
2364.52,91.81,23933.3,,,,,91.79,91.82,91.82,91.8,16400.5
2365.52,91.79,23933.3,,,,,91.8,91.77,91.8,91.78,16400.4
2366.52,45.87,23942.4,,,,,45.87,45.87,45.87,45.87,16378.4
2367.52,93.05,23933.0,,,,,93.03,93.05,93.05,93.07,16408.2
2368.52,45.88,23933.3,,,,,45.88,45.87,45.88,45.87,16363.0
2369.52,91.87,23933.3,,,,,91.87,91.89,91.88,91.85,16399.4
2370.52,45.89,23933.3,,,,,45.89,45.89,45.89,45.89,16385.0
2371.52,91.8,23933.3,,,,,91.82,91.78,91.8,91.78,16389.1
2372.52,92.93,23933.0,,,,,92.93,92.9,92.95,92.94,16372.4
2373.52,45.95,23933.3,,,,,45.95,45.94,45.96,45.93,16400.2
2374.53,91.74,23924.2,,,,,91.76,91.73,91.75,91.74,16398.7
2375.53,45.92,23942.4,,,,,45.92,45.91,45.93,45.91,16376.6
2376.53,91.81,23942.4,,,,,91.82,91.79,91.82,91.81,16388.1
2377.53,92.96,23933.0,,,,,92.95,92.97,92.96,92.98,16374.0
2378.53,45.87,23933.3,,,,,45.88,45.87,45.88,45.86,16369.9
2379.53,91.85,23933.3,,,,,91.84,91.85,91.84,91.85,16400.7
2380.53,91.73,23933.1,,,,,91.75,91.69,91.75,91.72,16385.5
2381.53,45.88,23933.3,,,,,45.87,45.88,45.88,45.89,16380.1
2382.53,93.12,23933.0,,,,,93.12,93.11,93.15,93.11,16410.2
2383.53,45.88,23924.2,,,,,45.87,45.87,45.9,45.88,16370.6
2384.53,45.86,23933.3,,,,,45.85,45.88,45.86,45.86,16387.4
2385.53,91.92,23933.3,,,,,91.94,91.91,91.95,91.89,16384.5
2386.53,91.69,23933.3,,,,,91.67,91.71,91.71,91.68,16402.2
2387.53,91.9,23933.3,,,,,91.9,91.89,91.9,91.93,16410.7
2388.53,47.12,23933.0,,,,,47.11,47.12,47.11,47.12,16384.5
2389.53,45.86,23933.3,,,,,45.86,45.86,45.88,45.85,16378.3
2390.53,91.77,23933.3,,,,,91.75,91.77,91.81,91.77,16371.8
2391.53,91.9,23933.3,,,,,91.91,91.91,91.89,91.89,16401.3
2392.53,45.87,24081.7,,,,,45.88,45.86,45.87,45.88,16409.9
2393.53,47.13,23933.3,,,,,47.12,47.12,47.14,47.12,16382.3
2394.53,91.72,23933.3,,,,,91.72,91.72,91.72,91.73,16396.6
2395.53,91.88,23933.3,,,,,91.89,91.87,91.9,91.86,16372.7
2396.53,91.7,23933.3,,,,,91.72,91.69,91.71,91.69,16377.2
2397.53,45.94,24081.7,,,,,45.92,45.94,45.94,45.95,16410.7
2398.53,47.1,23933.3,,,,,47.09,47.09,47.12,47.11,16388.1
2399.53,91.76,23933.3,,,,,91.76,91.73,91.77,91.77,16379.3
2400.53,91.87,23933.3,,,,,91.85,91.88,91.88,91.86,16394.4
2401.53,91.72,23933.3,,,,,91.72,91.72,91.7,91.73,16402.4
2402.53,91.88,23933.3,,,,,91.85,91.85,91.9,91.91,16411.1
2403.53,47.07,23933.0,,,,,47.07,47.07,47.07,47.07,16386.6
2404.53,45.94,23933.3,,,,,45.94,45.92,45.96,45.95,16377.1
2405.53,91.74,23933.3,,,,,91.74,91.72,91.74,91.75,16380.4
2406.53,91.84,23933.2,,,,,91.84,91.84,91.85,91.82,16393.8
2407.53,45.86,24081.7,,,,,45.86,45.86,45.86,45.87,16412.0
2408.53,47.16,23933.3,,,,,47.17,47.15,47.17,47.15,16382.2
2409.53,91.69,23933.3,,,,,91.68,91.7,91.69,91.71,16389.7
2410.53,91.85,23933.3,,,,,91.85,91.85,91.85,91.83,16403.5
2411.53,91.79,23933.3,,,,,91.79,91.8,91.79,91.8,16366.2
2412.53,92.98,23933.0,,,,,92.98,92.97,93.0,92.97,16412.2
2413.53,45.9,23933.0,,,,,45.89,45.91,45.9,45.92,16393.1
2414.53,45.88,23933.3,,,,,45.88,45.89,45.88,45.88,16384.0
2415.53,91.74,23933.3,,,,,91.75,91.73,91.76,91.74,16376.9
2416.53,91.78,23933.3,,,,,91.78,91.78,91.79,91.77,16404.1
2417.53,93.0,23933.0,,,,,92.99,93.0,93.0,93.01,16367.8
2418.54,45.91,23933.3,,,,,45.9,45.92,45.9,45.9,16403.9
2419.54,45.9,23933.3,,,,,45.89,45.89,45.9,45.9,16389.3
2420.54,91.85,23933.3,,,,,91.86,91.86,91.86,91.84,16383.0
2421.54,91.72,23933.3,,,,,91.72,91.72,91.72,91.73,16376.7
2422.54,93.05,23933.0,,,,,93.05,93.03,93.05,93.06,16413.3
2423.54,45.88,23933.3,,,,,45.88,45.87,45.89,45.89,16365.9
2424.54,91.86,23924.1,,,,,91.86,91.87,91.86,91.84,16400.7
2425.54,45.88,23933.3,,,,,45.88,45.88,45.88,45.88,16383.3
2426.54,91.84,23933.3,,,,,91.82,91.83,91.86,91.84,16399.6
2427.54,92.94,23933.0,,,,,92.93,92.92,92.96,92.95,16413.7
2428.54,45.93,23933.3,,,,,45.93,45.92,45.93,45.93,16405.2
2429.54,91.73,23915.1,,,,,91.7,91.72,91.75,91.74,16403.1
2430.54,45.94,23933.3,,,,,45.94,45.94,45.94,45.95,16393.2
2431.54,91.75,23933.3,,,,,91.72,91.74,91.77,91.76,16382.8
2432.54,93.02,23933.0,,,,,93.02,93.0,93.01,93.05,16382.2
2433.54,45.87,23933.3,,,,,45.88,45.86,45.89,45.87,16378.5
2434.54,91.88,23933.3,,,,,91.88,91.87,91.88,91.88,16398.6
2435.54,91.75,23924.1,,,,,91.76,91.75,91.76,91.74,16403.3
2436.54,45.91,23979.4,,,,,45.91,45.91,45.91,45.9,16393.3
2437.54,92.93,23933.0,,,,,92.94,92.9,92.95,92.94,16382.5
2438.54,45.92,23933.3,,,,,45.92,45.92,45.92,45.93,16406.4
2439.54,91.72,23933.3,,,,,91.71,91.72,91.73,91.72,16388.2
2440.54,91.85,23924.1,,,,,91.85,91.84,91.85,91.84,16398.8
2441.54,45.88,23933.3,,,,,45.88,45.88,45.89,45.88,16392.8
2442.54,93.06,23933.0,,,,,93.07,93.05,93.09,93.05,16381.0
2443.54,91.8,23933.3,,,,,91.8,91.79,91.81,91.8,16406.3
2444.54,91.8,23933.3,,,,,91.8,91.79,91.81,91.8,16406.3
2445.54,45.95,23933.3,,,,,45.95,45.93,45.96,45.96,16379.8
2446.54,45.95,23933.3,,,,,45.95,45.93,45.96,45.96,16379.8
2447.54,45.94,23933.3,,,,,45.94,45.95,45.93,45.93,16407.1
2448.54,45.94,23933.3,,,,,45.94,45.95,45.93,45.93,16407.1
2449.54,91.84,23933.3,,,,,91.85,91.85,91.84,91.82,16400.9
2450.54,91.72,23933.3,,,,,91.7,91.71,91.74,91.72,16377.4
2451.54,93.04,23933.0,,,,,93.05,93.03,93.04,93.05,16416.2
2452.54,45.87,23933.1,,,,,45.86,45.87,45.87,45.87,16400.3
2453.54,45.94,23933.3,,,,,45.93,45.95,45.95,45.93,16388.1
2454.54,91.74,23933.3,,,,,91.74,91.76,91.74,91.72,16387.9
2455.54,91.85,23933.3,,,,,91.85,91.86,91.88,91.84,16408.1
2456.54,92.97,23933.0,,,,,92.96,92.99,93.0,92.96,16416.6
2457.54,45.91,23924.1,,,,,45.91,45.9,45.91,45.91,16403.2
2458.54,45.91,23933.3,,,,,45.91,45.9,45.91,45.9,16389.5
2459.54,91.79,23933.3,,,,,91.8,91.78,91.81,91.75,16383.6
2460.54,91.75,23933.3,,,,,91.76,91.76,91.76,91.72,16376.4
2461.54,93.02,23933.0,,,,,93.02,93.02,93.03,93.03,16417.1
2462.54,45.91,23924.2,,,,,45.92,45.92,45.92,45.9,16398.4
2463.55,45.88,23933.3,,,,,45.87,45.88,45.9,45.87,16392.3
2464.55,91.72,23933.3,,,,,91.73,91.72,91.73,91.72,16396.9
2465.55,91.85,23933.3,,,,,91.83,91.86,91.85,91.87,16376.8
2466.55,93.0,23933.0,,,,,93.0,93.01,93.01,92.99,16417.5
2467.55,45.87,23924.2,,,,,45.87,45.87,45.87,45.88,16407.4
2468.55,45.88,23933.3,,,,,45.88,45.87,45.88,45.87,16391.5
2469.55,91.86,23933.3,,,,,91.86,91.86,91.86,91.86,16383.6
2470.55,91.81,23933.3,,,,,91.82,91.82,91.82,91.8,16402.3
2471.55,92.92,23933.0,,,,,92.91,92.94,92.9,92.94,16385.3
2472.55,45.92,23933.3,,,,,45.92,45.91,45.93,45.9,16409.3
2473.55,91.81,23933.0,,,,,91.8,91.81,91.8,91.82,16393.2
2474.55,45.88,23933.3,,,,,45.88,45.88,45.88,45.87,16387.2
2475.55,91.86,23933.3,,,,,91.86,91.84,91.87,91.86,16380.0
2476.55,92.91,23933.0,,,,,92.91,92.9,92.91,92.93,16418.6
2477.55,45.94,23933.3,,,,,45.94,45.94,45.95,45.94,16386.9
2478.55,45.87,23942.4,,,,,45.87,45.86,45.88,45.86,16398.6
2479.55,91.87,23933.3,,,,,91.87,91.86,91.89,91.87,16387.4
2480.55,91.74,23933.3,,,,,91.76,91.74,91.76,91.71,16410.9
2481.55,93.01,23933.0,,,,,92.99,93.01,93.03,93.0,16419.0
2482.55,45.88,23933.3,,,,,45.88,45.88,45.87,45.88,16410.3
2483.55,91.84,23924.1,,,,,91.85,91.81,91.87,91.84,16401.0
2484.55,45.89,23933.3,,,,,45.9,45.88,45.9,45.9,16392.8
2485.55,91.87,23933.3,,,,,91.87,91.87,91.87,91.86,16382.8
2486.55,92.94,23933.0,,,,,92.94,92.93,92.95,92.93,16382.7
2487.55,45.91,23933.3,,,,,45.91,45.92,45.92,45.91,16392.8
2488.55,91.69,23924.2,,,,,91.69,91.72,91.68,91.69,16409.5
2489.55,45.94,23942.4,,,,,45.94,45.93,45.96,45.95,16397.6
2490.55,91.71,23933.3,,,,,91.7,91.71,91.72,91.71,16388.0
2491.55,93.04,23933.0,,,,,93.03,93.05,93.05,93.04,16419.8
2492.55,45.88,23933.3,,,,,45.88,45.88,45.88,45.87,16411.4
2493.55,91.87,23924.2,,,,,91.86,91.88,91.86,91.86,16401.6
2494.55,45.86,23942.4,,,,,45.87,45.86,45.87,45.86,16399.4
2495.55,91.87,23933.3,,,,,91.88,91.86,91.88,91.86,16387.4
2496.55,92.92,23933.0,,,,,92.92,92.9,92.94,92.89,16387.3
2497.55,45.96,23933.3,,,,,45.95,45.97,45.96,45.95,16392.6
2498.55,91.69,23933.3,,,,,91.67,91.71,91.71,91.67,16411.9
2499.55,91.87,23924.2,,,,,91.86,91.87,91.89,91.85,16411.2
2500.55,45.87,23933.3,,,,,45.88,45.86,45.87,45.87,16398.7
2501.55,93.05,23933.0,,,,,93.05,93.07,93.05,93.03,16392.4
2502.55,45.88,23933.3,,,,,45.88,45.89,45.88,45.88,16388.6
2503.55,91.85,23933.3,,,,,91.84,91.83,91.87,91.86,16382.0
2504.55,91.75,23933.3,,,,,91.75,91.76,91.75,91.74,16412.4
2505.55,45.93,23979.4,,,,,45.92,45.93,45.93,45.92,16407.6
2506.55,92.91,23933.0,,,,,92.94,92.91,92.91,92.89,16394.9
2507.55,45.95,23933.3,,,,,45.94,45.95,45.96,45.96,16387.7
2508.55,91.72,23933.3,,,,,91.71,91.69,91.74,91.73,16385.5
2509.55,91.86,23933.3,,,,,91.86,91.88,91.86,91.85,16376.5
2510.55,91.7,23970.2,,,,,91.69,91.7,91.71,91.7,16409.9
2511.55,47.16,23933.0,,,,,47.15,47.17,47.16,47.16,16402.0
2512.55,45.9,23933.3,,,,,45.9,45.91,45.91,45.89,16389.6
2513.56,91.79,23933.3,,,,,91.77,91.79,91.8,91.79,16406.6
2514.56,91.77,23933.3,,,,,91.75,91.78,91.77,91.78,16413.5
2515.56,91.78,23961.2,,,,,91.79,91.76,91.78,91.78,16413.4
2516.56,47.14,23924.1,,,,,47.15,47.12,47.15,47.14,16410.9
2517.56,45.86,23933.3,,,,,45.86,45.85,45.87,45.87,16395.1
2518.56,91.84,23933.3,,,,,91.84,91.86,91.84,91.84,16390.3
2519.56,91.71,23933.3,,,,,91.72,91.7,91.72,91.72,16393.7
2520.56,91.86,24007.4,,,,,91.86,91.85,91.87,91.87,16417.6
2521.56,47.08,23933.3,,,,,47.07,47.08,47.09,47.08,16415.1
2522.56,91.83,23933.0,,,,,91.82,91.83,91.82,91.84,16402.5
2523.56,45.9,23933.3,,,,,45.9,45.9,45.91,45.9,16388.7
2524.56,91.83,23933.3,,,,,91.84,91.84,91.83,91.82,16384.1
2525.56,91.71,23970.4,,,,,91.7,91.72,91.72,91.72,16415.3
2526.56,47.13,23933.3,,,,,47.14,47.13,47.13,47.14,16415.3
2527.56,45.86,23933.3,,,,,45.86,45.86,45.86,45.86,16396.5
2528.56,91.85,23933.3,,,,,91.84,91.86,91.86,91.85,16387.3
2529.56,91.74,23933.3,,,,,91.71,91.76,91.74,91.75,16414.6
2530.56,91.88,24007.3,,,,,91.87,91.88,91.91,91.88,16415.8
2531.56,47.12,23933.3,,,,,47.12,47.13,47.11,47.14,16415.5
2532.56,45.88,23933.3,,,,,45.89,45.86,45.91,45.85,16393.6
2533.56,91.8,23933.3,,,,,91.8,91.8,91.8,91.8,16389.8
2534.56,91.87,23933.3,,,,,91.88,91.88,91.88,91.86,16389.8
2535.56,91.72,23970.2,,,,,91.72,91.7,91.71,91.74,16415.2
2536.56,47.12,23906.0,,,,,47.13,47.12,47.13,47.12,16410.1
2537.56,45.9,23933.3,,,,,45.9,45.9,45.91,45.88,16392.9
2538.56,91.87,23933.3,,,,,91.87,91.88,91.88,91.87,16415.4
2539.56,91.74,23933.3,,,,,91.71,91.74,91.74,91.76,16415.4
2540.56,91.82,23924.1,,,,,91.83,91.81,91.84,91.81,16412.1
2541.56,47.07,23933.0,,,,,47.06,47.08,47.06,47.08,16400.7
2542.56,45.92,23933.3,,,,,45.92,45.92,45.92,45.92,16393.6
2543.56,91.74,23933.3,,,,,91.76,91.74,91.74,91.72,16388.4
2544.56,91.86,23933.3,,,,,91.86,91.87,91.88,91.86,16415.7
2545.56,91.7,23933.2,,,,,91.71,91.69,91.71,91.68,16413.6
2546.56,47.14,23933.0,,,,,47.13,47.14,47.15,47.15,16408.4
2547.56,45.87,23933.3,,,,,45.88,45.86,45.88,45.87,16394.0
2548.56,91.84,23933.3,,,,,91.84,91.84,91.84,91.84,16390.7
2549.56,91.76,23933.3,,,,,91.73,91.76,91.75,91.77,16382.2
2550.56,91.76,23970.2,,,,,91.75,91.75,91.78,91.76,16417.9
2551.56,47.15,23933.3,,,,,47.15,47.15,47.15,47.14,16417.4
2552.56,45.86,23933.3,,,,,45.88,45.85,45.87,45.85,16400.0
2553.56,91.75,23933.3,,,,,91.75,91.74,91.75,91.78,16391.5
2554.56,91.88,23933.3,,,,,91.88,91.88,91.91,91.86,16409.8
2555.56,91.76,24044.5,,,,,91.76,91.76,91.75,91.78,16423.1
2556.56,47.12,23933.3,,,,,47.11,47.12,47.12,47.12,16418.0
2557.56,45.9,23933.3,,,,,45.88,45.91,45.91,45.91,16398.3
2558.56,91.69,23933.3,,,,,91.69,91.7,91.68,91.69,16392.5
2559.56,91.93,23933.3,,,,,91.89,91.91,91.96,91.95,16401.9
2560.56,91.8,24007.4,,,,,91.81,91.8,91.82,91.77,16421.4
2561.56,47.08,23933.3,,,,,47.08,47.07,47.08,47.07,16418.6
2562.56,45.93,23933.3,,,,,45.92,45.94,45.94,45.94,16399.6
2563.56,91.78,23933.3,,,,,91.78,91.78,91.79,91.79,16405.6
2564.57,91.81,23933.3,,,,,91.79,91.8,91.83,91.82,16385.6
2565.57,91.72,23970.2,,,,,91.71,91.73,91.74,91.72,16418.6
2566.57,47.14,23933.0,,,,,47.14,47.14,47.15,47.14,16410.6
2567.57,45.87,23933.3,,,,,45.86,45.87,45.88,45.88,16394.2
2568.57,91.85,23933.3,,,,,91.84,91.85,91.86,91.86,16402.9
2569.57,91.74,23933.3,,,,,91.74,91.73,91.76,91.73,16418.0
2570.57,91.82,23933.2,,,,,91.8,91.83,91.83,91.81,16416.4
2571.57,47.08,23906.0,,,,,47.07,47.07,47.09,47.07,16412.1
2572.57,45.93,23933.3,,,,,45.93,45.93,45.94,45.93,16397.1
2573.57,91.81,23933.3,,,,,91.8,91.81,91.83,91.8,16390.8
2574.57,91.8,23933.3,,,,,91.8,91.8,91.8,91.78,16391.5
2575.57,91.71,23924.1,,,,,91.73,91.7,91.73,91.7,16415.2
2576.57,47.14,23933.0,,,,,47.13,47.15,47.14,47.13,16406.2
2577.57,45.92,23933.3,,,,,45.9,45.92,45.92,45.92,16394.2
2578.57,91.78,23933.3,,,,,91.78,91.78,91.79,91.79,16419.3
2579.57,91.71,23933.3,,,,,91.7,91.72,91.72,91.72,16384.0
2580.57,91.84,23970.2,,,,,91.84,91.83,91.83,91.84,16417.5
2581.57,47.09,23933.0,,,,,47.09,47.1,47.09,47.07,16403.3
2582.57,45.94,23933.3,,,,,45.94,45.94,45.95,45.93,16396.1
2583.57,91.75,23933.3,,,,,91.74,91.76,91.76,91.73,16395.4
2584.57,91.86,23933.3,,,,,91.86,91.85,91.88,91.86,16419.7
2585.57,91.69,23924.1,,,,,91.7,91.68,91.69,91.68,16411.2
2586.57,47.15,23933.0,,,,,47.16,47.16,47.16,47.14,16408.8
2587.57,45.86,23933.3,,,,,45.86,45.86,45.86,45.87,16407.4
2588.57,91.86,23933.3,,,,,91.85,91.85,91.87,91.85,16388.8
2589.57,91.73,23933.3,,,,,91.73,91.72,91.74,91.72,16404.2
2590.57,45.93,23988.5,,,,,45.92,45.94,45.94,45.94,16413.5
2591.57,92.91,23933.0,,,,,92.91,92.9,92.91,92.93,16403.1
2592.57,45.94,23933.3,,,,,45.93,45.93,45.95,45.94,16393.6
2593.57,91.7,23933.3,,,,,91.69,91.71,91.69,91.7,16420.8
2594.57,91.85,23933.3,,,,,91.85,91.85,91.86,91.85,16421.4
2595.57,45.88,23951.5,,,,,45.88,45.86,45.89,45.88,16413.6
2596.57,93.06,23933.0,,,,,93.04,93.06,93.07,93.07,16398.4
2597.57,45.87,23933.3,,,,,45.88,45.87,45.87,45.85,16394.1
2598.57,91.89,23933.3,,,,,91.89,91.9,91.9,91.88,16402.5
2599.57,91.7,23924.1,,,,,91.68,91.69,91.72,91.71,16416.1
2600.57,45.91,23933.3,,,,,45.92,45.9,45.91,45.89,16405.8
2601.57,93.0,23933.0,,,,,93.0,93.0,93.02,92.99,16394.7
2602.57,45.93,23933.3,,,,,45.92,45.94,45.94,45.94,16421.3
2603.57,91.71,23933.3,,,,,91.71,91.7,91.71,91.71,16381.1
2604.57,91.82,23933.1,,,,,91.81,91.81,91.84,91.83,16416.6
2605.57,45.92,23933.3,,,,,45.92,45.92,45.92,45.92,16398.9
2606.57,92.98,23933.0,,,,,92.96,92.96,93.0,92.98,16397.9
2607.57,45.85,23933.3,,,,,45.85,45.86,45.85,45.85,16399.1
2608.57,91.89,23933.3,,,,,91.87,91.89,91.9,91.9,16422.6
2609.57,91.73,23933.1,,,,,91.72,91.73,91.75,91.72,16418.0
2610.57,45.92,23942.4,,,,,45.91,45.92,45.92,45.93,16411.1
2611.57,92.92,23933.0,,,,,92.93,92.9,92.92,92.92,16399.7
2612.58,45.96,23933.3,,,,,45.96,45.97,45.96,45.95,16395.5
2613.58,91.74,23933.3,,,,,91.75,91.71,91.76,91.74,16396.9
2614.58,91.81,23915.1,,,,,91.82,91.81,91.82,91.82,16421.2
2615.58,45.88,23942.4,,,,,45.89,45.87,45.89,45.89,16407.5
2616.58,93.05,23933.0,,,,,93.05,93.05,93.05,93.05,16398.3
2617.58,45.87,23933.3,,,,,45.86,45.88,45.88,45.88,16423.1
2618.58,91.87,23933.3,,,,,91.85,91.86,91.9,91.89,16422.9
2619.58,91.71,23933.1,,,,,91.73,91.71,91.71,91.69,16409.3
2620.58,45.95,23979.4,,,,,45.95,45.95,45.96,45.96,16407.8
2621.58,92.95,23933.0,,,,,92.94,92.93,92.97,92.97,16400.6
2622.58,45.91,23933.3,,,,,45.91,45.91,45.92,45.91,16396.0
2623.58,91.72,23933.3,,,,,91.7,91.73,91.71,91.73,16423.4
2624.58,91.86,23933.3,,,,,91.87,91.86,91.88,91.84,16423.3
2625.58,91.79,23924.1,,,,,91.79,91.8,91.8,91.79,16418.1
2626.58,47.12,23933.0,,,,,47.12,47.13,47.12,47.11,16415.0
2627.58,45.87,23933.3,,,,,45.86,45.87,45.88,45.87,16400.7
2628.58,91.87,23933.3,,,,,91.87,91.86,91.87,91.87,16397.0
2629.58,91.73,23933.3,,,,,91.72,91.71,91.75,91.73,16408.9
2630.58,91.85,23952.2,,,,,91.85,91.83,91.85,91.87,16423.6
2631.58,47.04,23906.0,,,,,47.02,47.04,47.05,47.05,16421.7
2632.58,45.95,23933.3,,,,,45.95,45.94,45.96,45.94,16396.6
2633.58,91.8,23933.3,,,,,91.79,91.79,91.82,91.8,16424.6
2634.58,91.77,23933.2,,,,,91.76,91.76,91.77,91.77,16423.3
2635.58,45.87,23942.4,,,,,45.87,45.87,45.88,45.86,16406.5
2636.58,93.05,23933.0,,,,,93.05,93.05,93.07,93.05,16401.6
2637.58,45.87,23933.3,,,,,45.88,45.86,45.88,45.86,16396.3
2638.58,91.85,23933.3,,,,,91.84,91.85,91.85,91.86,16424.9
2639.58,91.73,23924.1,,,,,91.72,91.74,91.74,91.73,16419.3
2640.58,45.94,23933.3,,,,,45.94,45.93,45.94,45.94,16402.2
2641.58,92.92,23933.0,,,,,92.92,92.93,92.92,92.92,16398.3
2642.58,45.91,23933.3,,,,,45.9,45.89,45.92,45.91,16425.3
2643.58,91.79,23933.3,,,,,91.79,91.78,91.81,91.79,16384.9
2644.58,91.79,23933.1,,,,,91.8,91.78,91.79,91.8,16418.8
2645.58,45.92,23933.3,,,,,45.92,45.92,45.93,45.91,16411.8
2646.58,92.99,23933.0,,,,,92.99,93.0,92.99,92.99,16399.3
2647.58,45.87,23933.3,,,,,45.88,45.86,45.88,45.87,16426.4
2648.58,91.76,23933.3,,,,,91.77,91.76,91.77,91.76,16425.9
2649.58,45.94,23933.3,,,,,45.94,45.93,45.94,45.95,16408.7
2650.58,91.73,23933.3,,,,,91.75,91.71,91.72,91.72,16397.5
2651.58,93.02,23933.0,,,,,93.01,93.0,93.03,93.02,16398.1
2652.58,45.9,23933.3,,,,,45.9,45.9,45.9,45.89,16388.2
2653.58,91.85,23933.2,,,,,91.86,91.84,91.87,91.84,16424.0
2654.58,45.86,23933.3,,,,,45.87,45.86,45.86,45.84,16411.3
2655.58,91.83,23933.3,,,,,91.84,91.82,91.85,91.82,16401.1
2656.58,92.97,23933.0,,,,,92.96,92.96,92.99,92.97,16435.5
2657.58,45.93,23933.3,,,,,45.92,45.93,45.93,45.92,16427.1
2658.59,91.77,23933.1,,,,,91.77,91.76,91.78,91.76,16422.2
2659.59,45.86,23933.3,,,,,45.86,45.85,45.87,45.84,16419.0
2660.59,91.87,23915.1,,,,,91.84,91.86,91.86,91.9,16424.4
2661.59,45.9,24081.7,,,,,45.89,45.9,45.9,45.9,16434.1
2662.59,47.11,23933.3,,,,,47.11,47.1,47.12,47.11,16404.6
2663.59,91.73,23933.3,,,,,91.74,91.73,91.74,91.72,16401.0
2664.59,91.87,23933.3,,,,,91.87,91.87,91.88,91.86,16393.2
2665.59,91.76,23933.3,,,,,91.75,91.77,91.75,91.74,16425.8
2666.59,45.91,24081.7,,,,,45.91,45.92,45.91,45.9,16434.5
2667.59,47.09,23933.3,,,,,47.1,47.08,47.1,47.08,16407.2
2668.59,91.86,23933.3,,,,,91.87,91.88,91.86,91.85,16400.7
2669.59,91.75,23933.2,,,,,91.74,91.77,91.77,91.72,16422.9
2670.59,45.93,23960.5,,,,,45.93,45.91,45.94,45.93,16401.4
2671.59,91.81,24044.6,,,,,91.8,91.82,91.81,91.8,16433.0
2672.59,47.11,23933.3,,,,,47.11,47.12,47.12,47.1,16389.7
2673.59,91.73,23906.1,,,,,91.72,91.73,91.73,91.71,16424.3
2674.59,45.93,23933.3,,,,,45.93,45.93,45.93,45.93,16406.8
2675.59,91.74,23933.3,,,,,91.74,91.73,91.76,91.74,16401.8
2676.59,91.86,24007.5,,,,,91.85,91.85,91.86,91.86,16430.5
2677.59,47.06,23924.2,,,,,47.03,47.06,47.08,47.05,16427.2
2678.59,45.95,23933.3,,,,,45.96,45.94,45.95,45.96,16410.6
2679.59,91.74,23933.3,,,,,91.73,91.71,91.74,91.76,16402.2
2680.59,91.85,23933.3,,,,,91.86,91.84,91.85,91.84,16420.7
2681.59,91.7,23961.2,,,,,91.71,91.68,91.71,91.71,16428.6
2682.59,47.16,23906.1,,,,,47.17,47.15,47.17,47.15,16426.9
2683.59,45.86,23933.3,,,,,45.86,45.87,45.86,45.86,16408.7
2684.59,91.87,23933.3,,,,,91.86,91.86,91.88,91.9,16405.0
2685.59,91.74,23933.3,,,,,91.71,91.73,91.75,91.76,16398.1
2686.59,91.87,23970.4,,,,,91.88,91.85,91.89,91.86,16429.7
2687.59,47.06,23933.3,,,,,47.06,47.06,47.07,47.07,16428.9
2688.59,45.93,23933.3,,,,,45.93,45.93,45.93,45.94,16412.8
2689.59,91.72,23933.3,,,,,91.72,91.7,91.74,91.71,16416.9
2690.59,91.88,23933.3,,,,,91.88,91.87,91.89,91.88,16428.9
2691.59,45.87,24034.6,,,,,45.86,45.88,45.87,45.88,16427.8
2692.59,93.07,23933.0,,,,,93.07,93.06,93.08,93.07,16410.1
2693.59,45.86,23933.3,,,,,45.85,45.87,45.87,45.86,16405.2
2694.59,91.87,23933.3,,,,,91.85,91.87,91.88,91.88,16416.1
2695.59,91.71,23933.3,,,,,91.7,91.71,91.72,91.72,16428.5
2696.59,45.91,23933.3,,,,,45.91,45.91,45.91,45.91,16413.6
2697.59,93.02,23933.0,,,,,92.99,93.04,93.01,93.02,16408.6
2698.59,45.9,23933.3,,,,,45.89,45.89,45.92,45.9,16429.2
2699.59,91.74,23933.3,,,,,91.74,91.72,91.74,91.74,16395.4
2700.59,91.85,23924.1,,,,,91.83,91.83,91.87,91.86,16427.5
2701.59,45.89,23933.3,,,,,45.89,45.88,45.9,45.89,16414.7
2702.59,93.0,23933.0,,,,,93.0,93.0,93.0,93.01,16403.4
2703.59,45.87,23933.3,,,,,45.87,45.86,45.87,45.87,16429.8
2704.59,91.85,23915.1,,,,,91.85,91.84,91.85,91.87,16425.6
2705.6,45.87,23933.3,,,,,45.86,45.88,45.87,45.87,16410.9
2706.6,91.8,23933.3,,,,,91.8,91.79,91.82,91.79,16403.9
2707.6,93.04,23933.0,,,,,93.03,93.05,93.04,93.04,16404.4
2708.6,45.88,23933.3,,,,,45.87,45.87,45.89,45.87,16404.9
2709.6,45.91,23951.5,,,,,45.91,45.91,45.93,45.9,16420.2
2710.6,91.83,23933.3,,,,,91.83,91.82,91.85,91.83,16418.3
2711.6,91.75,23933.3,,,,,91.73,91.75,91.75,91.76,16405.6
2712.6,93.05,23933.0,,,,,93.04,93.05,93.07,93.04,16440.0
2713.6,45.87,23933.3,,,,,45.87,45.86,45.88,45.86,16431.0
2714.6,91.85,23933.1,,,,,91.85,91.86,91.85,91.86,16426.0
2715.6,45.87,23942.4,,,,,45.87,45.86,45.88,45.86,16415.3
2716.6,91.86,23933.3,,,,,91.87,91.83,91.89,91.85,16424.1
2717.6,92.91,23933.0,,,,,92.89,92.91,92.91,92.92,16405.7
2718.6,45.96,23933.3,,,,,45.96,45.95,45.97,45.96,16416.4
2719.6,91.72,23933.3,,,,,91.72,91.72,91.72,91.71,16431.9
2720.6,91.81,23933.2,,,,,91.79,91.82,91.82,91.82,16427.9
2721.6,45.86,23933.3,,,,,45.86,45.86,45.87,45.86,16419.2
2722.6,93.08,23933.0,,,,,93.04,93.08,93.09,93.11,16410.6
2723.6,45.87,23933.3,,,,,45.87,45.88,45.88,45.85,16409.2
2724.6,91.88,23933.3,,,,,91.86,91.88,91.89,91.9,16404.9
2725.6,91.74,23933.3,,,,,91.75,91.75,91.74,91.73,16423.1
2726.6,91.82,23933.2,,,,,91.81,91.79,91.85,91.83,16430.2
2727.6,47.12,23924.0,,,,,47.12,47.13,47.12,47.11,16424.5
2728.6,45.85,23933.3,,,,,45.85,45.86,45.86,45.86,16413.2
2729.6,91.79,23933.3,,,,,91.77,91.79,91.8,91.8,16414.4
2730.6,91.84,23933.3,,,,,91.83,91.83,91.84,91.86,16405.9
2731.6,91.82,24044.5,,,,,91.83,91.8,91.83,91.81,16437.2
2732.6,47.08,23933.3,,,,,47.07,47.07,47.08,47.08,16433.6
2733.6,91.79,23924.2,,,,,91.78,91.8,91.81,91.78,16431.3
2734.6,45.91,23933.3,,,,,45.91,45.92,45.91,45.92,16416.6
2735.6,91.75,23933.3,,,,,91.73,91.74,91.76,91.76,16408.0
2736.6,91.85,24081.7,,,,,91.86,91.84,91.86,91.85,16441.1
2737.6,47.08,23933.3,,,,,47.08,47.06,47.09,47.09,16399.7
2738.6,91.87,23933.3,,,,,91.89,91.88,91.88,91.84,16432.8
2739.6,91.72,23933.1,,,,,91.71,91.68,91.75,91.75,16428.0
2740.6,45.93,23933.3,,,,,45.94,45.94,45.93,45.92,16419.2
2741.6,91.74,24081.7,,,,,91.74,91.73,91.75,91.75,16441.8
2742.6,47.15,23933.3,,,,,47.15,47.15,47.16,47.15,16407.7
2743.6,91.72,23933.3,,,,,91.72,91.73,91.7,91.73,16398.6
2744.6,91.87,23933.3,,,,,91.84,91.87,91.91,91.87,16433.5
2745.6,91.72,23915.1,,,,,91.71,91.73,91.71,91.72,16428.8
2746.6,45.91,24081.7,,,,,45.9,45.91,45.93,45.92,16441.9
2747.6,47.09,23933.3,,,,,47.09,47.08,47.09,47.09,16411.8
2748.6,91.86,23933.3,,,,,91.84,91.86,91.87,91.86,16433.9
2749.6,91.76,23933.3,,,,,91.74,91.76,91.77,91.75,16434.3
2750.6,91.84,23933.2,,,,,91.83,91.85,91.85,91.82,16409.9
2751.6,45.87,24081.7,,,,,45.87,45.87,45.87,45.88,16443.2
2752.6,47.14,23933.3,,,,,47.13,47.15,47.15,47.14,16409.8
2753.6,91.72,23933.3,,,,,91.73,91.71,91.75,91.68,16428.0
2754.6,91.85,23933.2,,,,,91.84,91.88,91.85,91.86,16433.3
2755.61,45.87,23942.4,,,,,45.87,45.86,45.88,45.87,16421.4
2756.61,91.87,24081.7,,,,,91.85,91.9,91.88,91.83,16443.3
2757.61,47.07,23933.3,,,,,47.08,47.08,47.06,47.08,16436.2
2758.61,91.85,23933.3,,,,,91.84,91.84,91.9,91.84,16404.5
2759.61,91.71,23924.1,,,,,91.72,91.7,91.72,91.69,16414.5
2760.61,45.92,23942.4,,,,,45.93,45.92,45.93,45.93,16423.1
2761.61,91.75,24081.7,,,,,91.74,91.75,91.75,91.75,16443.9
2762.61,47.13,23933.3,,,,,47.15,47.12,47.14,47.12,16409.5
2763.61,91.72,23933.3,,,,,91.72,91.72,91.72,91.73,16435.3
2764.61,91.84,23933.3,,,,,91.84,91.84,91.84,91.85,16435.3
2765.61,91.69,23933.1,,,,,91.7,91.68,91.7,91.67,16413.3
2766.61,45.93,24081.7,,,,,45.92,45.93,45.92,45.93,16444.2
2767.61,47.08,23933.3,,,,,47.08,47.09,47.1,47.07,16415.7
2768.61,91.86,23933.3,,,,,91.86,91.85,91.86,91.89,16410.5
2769.61,91.74,23933.3,,,,,91.73,91.73,91.78,91.72,16428.6
2770.61,91.84,23933.3,,,,,91.82,91.84,91.85,91.86,16436.5
2771.61,92.94,23933.0,,,,,92.93,92.94,92.95,92.94,16444.7
2772.61,45.93,23933.0,,,,,45.93,45.92,45.94,45.92,16426.9
2773.61,45.87,23933.3,,,,,45.87,45.86,45.87,45.87,16415.0
2774.61,91.85,23933.3,,,,,91.86,91.84,91.84,91.84,16413.7
2775.61,91.75,23933.3,,,,,91.75,91.75,91.77,91.72,16407.5
2776.61,93.07,23933.0,,,,,93.06,93.09,93.06,93.07,16445.3
2777.61,45.89,23933.3,,,,,45.9,45.89,45.9,45.88,16398.9
2778.61,91.74,23933.2,,,,,91.74,91.74,91.75,91.74,16434.3
2779.61,45.88,23942.4,,,,,45.88,45.88,45.88,45.87,16425.5
2780.61,91.87,23933.3,,,,,91.89,91.86,91.89,91.86,16431.4
2781.61,92.92,23933.0,,,,,92.94,92.9,92.95,92.91,16412.6
2782.61,45.94,23933.3,,,,,45.94,45.94,45.95,45.95,16423.9
2783.61,91.74,23933.3,,,,,91.72,91.72,91.77,91.74,16438.1
2784.61,91.86,23933.2,,,,,91.83,91.89,91.85,91.88,16414.7
2785.61,45.86,23951.5,,,,,45.85,45.85,45.87,45.86,16428.2
2786.61,93.05,23933.0,,,,,93.05,93.05,93.07,93.05,16419.8
2787.61,45.89,23933.3,,,,,45.9,45.88,45.9,45.88,16414.4
2788.61,91.85,23933.3,,,,,91.83,91.87,91.85,91.87,16423.9
2789.61,91.73,23933.3,,,,,91.73,91.73,91.75,91.72,16438.2
2790.61,91.83,23933.1,,,,,91.85,91.83,91.83,91.82,16432.2
2791.61,47.11,23933.0,,,,,47.11,47.1,47.11,47.1,16423.2
2792.61,45.93,23933.3,,,,,45.93,45.94,45.94,45.92,16426.9
2793.61,91.74,23933.3,,,,,91.72,91.74,91.74,91.74,16414.1
2794.61,91.87,23933.3,,,,,91.89,91.85,91.88,91.85,16415.5
2795.61,91.72,23933.3,,,,,91.72,91.72,91.72,91.72,16437.9
2796.61,47.14,23933.3,,,,,47.14,47.13,47.15,47.15,16398.8
2797.61,91.76,23933.1,,,,,91.75,91.76,91.76,91.75,16431.6
2798.61,45.9,23933.3,,,,,45.9,45.9,45.9,45.9,16420.4
2799.61,91.75,23933.3,,,,,91.73,91.76,91.75,91.76,16434.9
2800.62,91.84,24044.5,,,,,91.84,91.84,91.85,91.83,16445.0
2801.62,47.08,23933.3,,,,,47.08,47.08,47.09,47.08,16440.4
2802.62,91.84,23924.1,,,,,91.85,91.82,91.85,91.86,16435.9
2803.62,45.87,23942.4,,,,,45.86,45.86,45.88,45.87,16426.6
2804.62,91.85,23933.3,,,,,91.85,91.85,91.86,91.84,16420.1
2805.62,91.72,24081.7,,,,,91.71,91.71,91.71,91.74,16448.0
2806.62,47.13,23933.3,,,,,47.13,47.13,47.14,47.12,16413.1
2807.62,91.72,23933.3,,,,,91.7,91.72,91.73,91.73,16418.3
2808.62,91.85,23933.3,,,,,91.84,91.86,91.85,91.85,16439.7
2809.62,91.8,23933.2,,,,,91.77,91.8,91.82,91.81,16438.4
2810.62,45.9,24081.7,,,,,45.89,45.9,45.91,45.9,16448.1
2811.62,47.08,23933.3,,,,,47.08,47.09,47.08,47.07,16421.1
2812.62,91.85,23933.3,,,,,91.84,91.84,91.84,91.86,16415.6
2813.62,91.75,23933.3,,,,,91.74,91.75,91.76,91.74,16416.5
2814.62,91.82,23933.2,,,,,91.83,91.81,91.84,91.8,16433.2
2815.62,91.74,23933.3,,,,,91.75,91.74,91.73,91.74,16449.0
2816.62,47.14,23933.0,,,,,47.14,47.13,47.15,47.14,16430.3
2817.62,45.89,23933.3,,,,,45.9,45.87,45.89,45.9,16419.7
2818.62,91.83,23933.3,,,,,91.82,91.85,91.84,91.83,16435.2
2819.62,91.7,23933.3,,,,,91.69,91.68,91.71,91.72,16411.6
2820.62,93.06,23933.0,,,,,93.05,93.09,93.05,93.04,16449.5
2821.62,45.87,23933.3,,,,,45.88,45.87,45.88,45.87,16441.1
2822.62,91.81,23933.3,,,,,91.81,91.81,91.82,91.81,16440.6
2823.62,91.82,23933.1,,,,,91.8,91.81,91.85,91.8,16435.2
2824.62,45.88,23933.3,,,,,45.88,45.88,45.89,45.88,16424.4
2825.62,92.94,23933.0,,,,,92.92,92.93,92.97,92.93,16423.1
2826.62,45.9,23933.3,,,,,45.91,45.9,45.9,45.9,16417.8
2827.62,91.8,23933.3,,,,,91.78,91.78,91.81,91.8,16420.7
2828.62,91.85,23933.3,,,,,91.85,91.85,91.87,91.83,16442.9
2829.62,91.73,24007.4,,,,,91.74,91.71,91.73,91.74,16445.3
2830.62,47.13,23933.3,,,,,47.14,47.13,47.15,47.13,16443.1
2831.62,91.73,23915.0,,,,,91.73,91.72,91.73,91.73,16436.1
2832.62,45.94,23933.3,,,,,45.94,45.93,45.94,45.94,16422.4
2833.62,91.7,23933.3,,,,,91.69,91.71,91.72,91.69,16417.7
2834.62,91.88,24081.7,,,,,91.87,91.88,91.87,91.89,16450.8
2835.62,47.07,23933.3,,,,,47.07,47.06,47.09,47.07,16408.6
2836.62,91.86,23933.3,,,,,91.85,91.88,91.86,91.85,16433.7
2837.62,91.77,23924.1,,,,,91.77,91.75,91.78,91.79,16440.8
2838.62,45.89,23933.3,,,,,45.89,45.89,45.89,45.88,16426.9
2839.62,91.84,24081.7,,,,,91.84,91.83,91.86,91.84,16450.7
2840.62,47.09,23933.3,,,,,47.08,47.08,47.1,47.08,16429.7
2841.62,91.89,23933.3,,,,,91.87,91.91,91.89,91.9,16443.4
2842.62,91.76,23924.1,,,,,91.76,91.74,91.77,91.77,16421.2
2843.62,45.91,23942.4,,,,,45.9,45.91,45.92,45.92,16421.4
2844.62,91.7,24081.7,,,,,91.7,91.7,91.7,91.71,16452.1
2845.62,47.15,23933.3,,,,,47.15,47.15,47.17,47.14,16409.4
2846.62,91.74,23933.3,,,,,91.73,91.74,91.75,91.73,16443.6
2847.63,91.86,23933.2,,,,,91.84,91.88,91.88,91.86,16441.5
2848.63,45.88,23942.4,,,,,45.87,45.88,45.88,45.88,16432.5
2849.63,91.8,24081.7,,,,,91.8,91.79,91.81,91.81,16451.8
2850.63,47.08,23933.3,,,,,47.08,47.08,47.08,47.08,16444.9
2851.63,91.86,23933.3,,,,,91.84,91.85,91.86,91.87,16412.5
2852.63,91.71,23933.3,,,,,91.71,91.71,91.71,91.72,16425.6
2853.63,91.85,23933.3,,,,,91.83,91.82,91.88,91.88,16444.4
2854.63,45.86,24081.7,,,,,45.85,45.86,45.87,45.86,16452.2
2855.63,93.08,23933.0,,,,,93.06,93.06,93.1,93.09,16433.6
2856.63,45.86,23933.3,,,,,45.86,45.85,45.87,45.86,16424.3
2857.63,91.9,23933.3,,,,,91.9,91.89,91.92,91.91,16439.9
2858.63,91.71,23933.3,,,,,91.73,91.69,91.72,91.7,16416.1
2859.63,93.1,23933.0,,,,,93.1,93.09,93.11,93.1,16453.3
2860.63,45.87,23933.3,,,,,45.88,45.87,45.88,45.87,16444.8
2861.63,91.87,23933.3,,,,,91.82,91.87,91.89,91.88,16444.5
2862.63,45.85,23933.3,,,,,45.86,45.84,45.86,45.85,16434.0
2863.63,91.84,23933.3,,,,,91.84,91.84,91.83,91.84,16422.6
2864.63,93.0,23933.0,,,,,93.0,92.99,93.04,92.98,16421.8
2865.63,45.88,23933.3,,,,,45.87,45.88,45.88,45.87,16417.2
2866.63,91.87,23933.3,,,,,91.87,91.87,91.88,91.88,16446.1
2867.63,91.7,23933.3,,,,,91.7,91.71,91.71,91.67,16445.9
2868.63,91.86,23961.2,,,,,91.84,91.85,91.85,91.89,16445.3
2869.63,47.09,23933.3,,,,,47.09,47.08,47.1,47.09,16446.4
2870.63,91.84,23924.0,,,,,91.84,91.83,91.85,91.84,16434.0
2871.63,45.87,23933.3,,,,,45.88,45.88,45.87,45.87,16424.9
2872.63,91.88,23933.3,,,,,91.89,91.87,91.89,91.86,16420.1
2873.63,91.74,24081.6,,,,,91.76,91.73,91.76,91.73,16453.8
2874.63,47.14,23933.3,,,,,47.14,47.14,47.14,47.13,16410.1
2875.63,91.72,23933.3,,,,,91.71,91.73,91.73,91.73,16445.8
2876.63,45.93,23942.4,,,,,45.94,45.93,45.94,45.93,16433.9
2877.63,91.73,23942.4,,,,,91.73,91.72,91.74,91.73,16428.3
2878.63,91.88,24081.7,,,,,91.89,91.86,91.91,91.89,16454.8
2879.63,47.1,23933.3,,,,,47.1,47.1,47.11,47.1,16448.0
2880.63,91.76,23933.3,,,,,91.76,91.75,91.76,91.76,16446.9
2881.63,91.82,23933.3,,,,,91.81,91.81,91.81,91.83,16418.4
2882.63,45.9,23960.5,,,,,45.9,45.9,45.9,45.89,16433.8
2883.63,91.72,24081.7,,,,,91.71,91.72,91.73,91.72,16455.3
2884.63,47.15,23933.3,,,,,47.16,47.14,47.15,47.14,16426.1
2885.63,91.71,23933.3,,,,,91.72,91.7,91.73,91.7,16419.9
2886.63,91.87,23933.3,,,,,91.88,91.85,91.89,91.86,16440.9
2887.63,91.74,23933.3,,,,,91.74,91.73,91.74,91.74,16447.4
2888.63,93.07,23933.0,,,,,93.06,93.08,93.05,93.07,16456.1
2889.63,45.85,23933.3,,,,,45.84,45.84,45.85,45.85,16447.8
2890.63,91.86,23933.1,,,,,91.87,91.85,91.87,91.85,16438.8
2891.63,45.86,23933.3,,,,,45.86,45.86,45.86,45.86,16431.1
2892.63,91.86,23933.3,,,,,91.88,91.86,91.86,91.86,16421.2
2893.63,92.94,23933.0,,,,,92.94,92.92,92.96,92.94,16421.6
2894.63,45.93,23933.3,,,,,45.93,45.93,45.93,45.91,16417.3
2895.64,91.72,23933.3,,,,,91.71,91.72,91.73,91.7,16448.0
2896.64,91.86,23933.3,,,,,91.87,91.87,91.87,91.85,16447.9
2897.64,91.7,23924.1,,,,,91.68,91.74,91.68,91.68,16445.7
2898.64,47.15,23906.0,,,,,47.16,47.13,47.16,47.16,16444.6
2899.64,45.85,23933.3,,,,,45.86,45.85,45.86,45.84,16432.2
2900.64,91.89,23933.3,,,,,91.9,91.87,91.89,91.92,16424.7
2901.64,91.71,23933.3,,,,,91.7,91.7,91.72,91.71,16421.7
2902.64,91.88,24081.6,,,,,91.86,91.9,91.89,91.89,16456.4
2903.64,47.06,23933.3,,,,,47.06,47.06,47.08,47.05,16450.0
2904.64,91.9,23933.3,,,,,91.86,91.91,91.9,91.91,16419.0
2905.64,91.77,23924.1,,,,,91.75,91.77,91.77,91.78,16445.8
2906.64,45.92,23933.3,,,,,45.91,45.92,45.93,45.92,16434.1
2907.64,91.78,24081.7,,,,,91.76,91.78,91.79,91.78,16457.5
2908.64,47.12,23933.3,,,,,47.12,47.12,47.12,47.11,16423.9
2909.64,91.74,23933.3,,,,,91.75,91.75,91.72,91.72,16435.8
2910.64,91.89,23933.3,,,,,91.87,91.88,91.92,91.88,16450.1
2911.64,91.68,23924.2,,,,,91.69,91.66,91.73,91.64,16430.3
2912.64,45.93,24081.7,,,,,45.92,45.94,45.91,45.94,16457.9
2913.64,92.97,23933.0,,,,,92.99,92.96,92.99,92.94,16435.1
2914.64,45.94,23933.3,,,,,45.94,45.94,45.93,45.95,16427.9
2915.64,91.71,23933.3,,,,,91.71,91.7,91.74,91.69,16421.7
2916.64,91.87,23933.3,,,,,91.88,91.87,91.85,91.87,16443.2
2917.64,92.93,23933.0,,,,,92.92,92.94,92.94,92.93,16417.6
2918.64,45.93,23933.3,,,,,45.93,45.93,45.93,45.93,16450.6
2919.64,91.73,23933.3,,,,,91.71,91.73,91.75,91.73,16450.3
2920.64,91.82,23915.1,,,,,91.79,91.83,91.81,91.84,16445.3
2921.64,45.88,23933.3,,,,,45.88,45.88,45.89,45.88,16433.2
2922.64,93.08,23933.0,,,,,93.07,93.08,93.08,93.1,16427.4
2923.64,45.91,23933.3,,,,,45.89,45.91,45.91,45.91,16426.2
2924.64,91.77,23933.3,,,,,91.76,91.78,91.77,91.78,16422.6
2925.64,91.71,23933.3,,,,,91.71,91.7,91.73,91.7,16425.3
2926.64,91.87,23970.4,,,,,91.87,91.86,91.88,91.87,16452.4
2927.64,47.1,23933.3,,,,,47.1,47.1,47.1,47.1,16421.9
2928.64,91.74,23915.1,,,,,91.73,91.73,91.77,91.74,16448.5
2929.64,45.94,23942.4,,,,,45.93,45.93,45.94,45.94,16438.1
2930.64,91.71,23942.4,,,,,91.7,91.69,91.72,91.71,16434.5
2931.64,91.9,24081.7,,,,,91.91,91.92,91.91,91.87,16459.8
2932.64,47.08,23933.3,,,,,47.08,47.07,47.07,47.07,16428.4
2933.64,91.86,23933.3,,,,,91.85,91.85,91.86,91.86,16451.9
2934.64,91.73,23933.3,,,,,91.73,91.71,91.73,91.73,16417.2
2935.64,91.86,23924.2,,,,,91.85,91.88,91.86,91.85,16442.3
2936.64,45.86,24081.7,,,,,45.86,45.86,45.87,45.85,16460.4
2937.64,47.14,23933.3,,,,,47.14,47.15,47.14,47.15,16430.5
2938.64,91.74,23933.3,,,,,91.74,91.75,91.75,91.74,16430.8
2939.64,91.83,23933.3,,,,,91.83,91.81,91.84,91.82,16445.2
2940.64,91.79,23924.1,,,,,91.79,91.8,91.79,91.77,16447.4
2941.64,45.92,24081.7,,,,,45.93,45.92,45.91,45.91,16460.9
2942.64,47.11,23933.3,,,,,47.11,47.12,47.12,47.1,16429.2
2943.64,91.77,23933.3,,,,,91.77,91.75,91.77,91.77,16426.2
2944.64,91.82,23933.3,,,,,91.83,91.82,91.82,91.83,16422.1
2945.65,91.79,23933.3,,,,,91.78,91.77,91.82,91.8,16445.3
2946.65,92.94,23933.0,,,,,92.92,92.93,92.94,92.95,16412.1
2947.65,45.95,23933.3,,,,,45.95,45.93,45.95,45.95,16452.7
2948.65,91.74,23933.0,,,,,91.74,91.73,91.75,91.74,16440.8
2949.65,45.93,23933.3,,,,,45.93,45.93,45.93,45.93,16431.6
2950.65,91.72,23933.3,,,,,91.72,91.71,91.72,91.72,16428.9
2951.65,93.05,23933.0,,,,,93.03,93.06,93.06,93.05,16443.3
2952.65,45.91,23933.1,,,,,45.92,45.91,45.92,45.9,16442.1
2953.65,45.9,23942.4,,,,,45.91,45.9,45.9,45.89,16426.7
2954.65,91.74,23933.3,,,,,91.75,91.73,91.74,91.75,16425.9
2955.65,91.87,23933.3,,,,,91.88,91.85,91.89,91.87,16444.7
2956.65,92.91,23933.0,,,,,92.92,92.9,92.92,92.9,16424.2
2957.65,45.93,23933.3,,,,,45.93,45.93,45.93,45.92,16451.9
2958.65,91.73,23924.2,,,,,91.75,91.72,91.73,91.73,16451.4
2959.65,91.85,23924.0,,,,,91.84,91.83,91.88,91.86,16441.2
2960.65,45.87,23933.3,,,,,45.86,45.88,45.88,45.86,16433.1
2961.65,93.05,23933.0,,,,,93.05,93.04,93.07,93.06,16431.2
2962.65,45.87,23933.3,,,,,45.86,45.86,45.87,45.87,16428.5
2963.65,91.87,23933.3,,,,,91.88,91.87,91.88,91.85,16423.9
2964.65,91.8,23933.3,,,,,91.8,91.81,91.81,91.78,16453.1
2965.65,91.74,23933.3,,,,,91.75,91.73,91.76,91.72,16452.0
2966.65,47.15,23933.3,,,,,47.16,47.14,47.16,47.15,16453.9
2967.65,91.68,23933.1,,,,,91.68,91.69,91.67,91.68,16448.4
2968.65,45.92,23933.3,,,,,45.93,45.92,45.92,45.91,16440.0
2969.65,91.84,23933.3,,,,,91.84,91.81,91.86,91.83,16433.7
2970.65,91.76,24081.7,,,,,91.76,91.75,91.76,91.76,16461.6
2971.65,47.08,23933.3,,,,,47.08,47.08,47.1,47.07,16454.6
2972.65,91.87,23933.3,,,,,91.87,91.86,91.87,91.87,16453.0
2973.65,91.78,23933.3,,,,,91.76,91.79,91.79,91.8,16434.3
2974.65,45.89,23942.4,,,,,45.88,45.89,45.89,45.89,16445.1
2975.65,91.72,24081.7,,,,,91.72,91.72,91.73,91.72,16461.6
2976.65,47.15,23933.3,,,,,47.14,47.15,47.15,47.15,16431.2
2977.65,91.75,23933.3,,,,,91.72,91.75,91.78,91.76,16433.7
2978.65,91.87,23933.3,,,,,91.88,91.86,91.87,91.85,16453.9
2979.65,91.74,23933.3,,,,,91.73,91.73,91.74,91.74,16454.9
2980.65,93.04,23933.0,,,,,93.05,93.03,93.05,93.03,16462.5
2981.65,45.89,23924.1,,,,,45.88,45.91,45.88,45.9,16450.6
2982.65,45.89,23933.3,,,,,45.9,45.88,45.9,45.89,16438.9
2983.65,91.72,23933.3,,,,,91.72,91.71,91.72,91.72,16432.5
2984.65,91.87,23933.3,,,,,91.88,91.85,91.87,91.87,16442.7
2985.65,92.94,23933.0,,,,,92.93,92.95,92.95,92.92,16430.6
2986.65,45.94,23933.3,,,,,45.93,45.95,45.95,45.93,16454.5
2987.65,45.86,23942.4,,,,,45.86,45.86,45.87,45.85,16442.9
2988.65,91.85,23933.3,,,,,91.84,91.84,91.87,91.84,16435.4
2989.65,91.73,23933.3,,,,,91.71,91.74,91.74,91.71,16432.0
2990.65,93.07,23933.0,,,,,93.07,93.05,93.08,93.06,16463.5
2991.65,45.88,23933.3,,,,,45.86,45.89,45.88,45.88,16455.2
2992.65,91.85,23933.2,,,,,91.82,91.87,91.84,91.86,16435.4
2993.65,45.86,23951.5,,,,,45.86,45.85,45.87,45.87,16447.5
2994.65,91.87,23933.3,,,,,91.85,91.85,91.88,91.88,16447.0
2995.66,92.95,23933.0,,,,,92.95,92.95,92.97,92.94,16431.4
2996.66,45.94,23933.3,,,,,45.94,45.94,45.93,45.93,16433.4
2997.66,91.78,23933.3,,,,,91.77,91.77,91.8,91.79,16455.4
2998.66,91.75,23933.2,,,,,91.74,91.74,91.75,91.76,16454.0
2999.66,45.88,23951.5,,,,,45.88,45.87,45.89,45.89,16450.6
3000.66,93.07,23933.0,,,,,93.06,93.07,93.09,93.07,16434.6
3001.66,45.88,23933.3,,,,,45.88,45.88,45.89,45.87,16433.6
3002.66,91.87,23933.3,,,,,91.87,91.87,91.87,91.86,16430.9
3003.66,91.73,23933.3,,,,,91.73,91.73,91.75,91.71,16433.3
3004.66,91.86,24044.5,,,,,91.85,91.85,91.87,91.86,16461.3
3005.66,47.1,23933.3,,,,,47.09,47.1,47.1,47.11,16456.5
3006.66,91.84,23933.2,,,,,91.82,91.84,91.85,91.83,16453.2
3007.66,45.86,23933.3,,,,,45.85,45.86,45.85,45.87,16440.0
3008.66,91.85,23933.3,,,,,91.85,91.84,91.87,91.84,16435.3
3009.66,91.72,24081.7,,,,,91.72,91.73,91.72,91.73,16463.2
3010.66,47.16,23933.3,,,,,47.15,47.16,47.17,47.16,16456.5
3011.66,91.72,23933.3,,,,,91.72,91.72,91.72,91.72,16427.9
3012.66,91.87,23933.3,,,,,91.86,91.87,91.87,91.87,16422.2
3013.66,91.72,23933.3,,,,,91.7,91.73,91.72,91.74,16437.4
3014.66,91.84,23933.3,,,,,91.85,91.82,91.87,91.84,16463.7
3015.66,47.07,23933.0,,,,,47.08,47.07,47.07,47.07,16446.6
3016.66,45.95,23933.3,,,,,45.95,45.94,45.96,45.96,16436.9
3017.66,91.74,23933.3,,,,,91.75,91.73,91.75,91.71,16452.1
3018.66,91.87,23933.3,,,,,91.87,91.87,91.87,91.86,16450.1
3019.66,92.91,23933.0,,,,,92.89,92.93,92.93,92.91,16464.1
3020.66,45.94,23933.0,,,,,45.93,45.94,45.94,45.92,16446.0
3021.66,45.87,23933.3,,,,,45.86,45.87,45.88,45.86,16437.5
3022.66,91.85,23933.3,,,,,91.85,91.86,91.86,91.83,16436.6
3023.66,91.74,23933.3,,,,,91.71,91.74,91.75,91.75,16442.5
3024.66,93.04,23933.0,,,,,93.04,93.06,93.05,93.02,16464.3
3025.66,45.87,23915.0,,,,,45.86,45.86,45.87,45.87,16450.1
3026.66,45.93,23933.3,,,,,45.93,45.93,45.94,45.92,16437.7
3027.66,91.73,23933.3,,,,,91.73,91.73,91.73,91.71,16433.8
3028.66,91.82,23933.3,,,,,91.83,91.82,91.84,91.8,16428.0
3029.66,93.05,23933.0,,,,,93.04,93.05,93.06,93.03,16463.9
3030.66,45.88,23933.3,,,,,45.88,45.87,45.87,45.87,16418.2
3031.66,91.8,23933.2,,,,,91.8,91.79,91.81,91.81,16452.8
3032.66,45.89,23933.3,,,,,45.88,45.88,45.88,45.89,16442.2
3033.66,91.8,23933.3,,,,,91.8,91.78,91.82,91.8,16446.3
3034.66,93.06,23933.0,,,,,93.04,93.05,93.06,93.07,16430.3
3035.66,45.91,23933.3,,,,,45.92,45.91,45.91,45.91,16434.4
3036.66,91.79,23933.3,,,,,91.8,91.77,91.79,91.79,16455.7
3037.66,91.73,23933.3,,,,,91.72,91.71,91.75,91.73,16455.3
3038.66,91.84,23970.2,,,,,91.85,91.82,91.83,91.86,16456.8
3039.66,47.13,23933.3,,,,,47.13,47.12,47.14,47.13,16456.6
3040.66,91.76,23933.1,,,,,91.76,91.74,91.78,91.77,16445.8
3041.66,45.89,23933.3,,,,,45.9,45.88,45.89,45.9,16439.0
3042.67,91.88,23933.3,,,,,91.89,91.87,91.91,91.87,16445.4
3043.67,91.7,24044.6,,,,,91.7,91.71,91.72,91.69,16462.2
3044.67,47.14,23933.3,,,,,47.13,47.13,47.14,47.14,16457.4
3045.67,91.71,23924.1,,,,,91.71,91.71,91.71,91.72,16452.7
3046.67,45.89,23933.3,,,,,45.88,45.9,45.9,45.9,16436.7
3047.67,91.81,23933.3,,,,,91.79,91.8,91.82,91.81,16435.6
3048.67,91.85,24081.7,,,,,91.84,91.85,91.87,91.86,16463.6
3049.67,47.07,23933.3,,,,,47.06,47.08,47.08,47.06,16457.1
3050.67,91.89,23933.3,,,,,91.88,91.88,91.9,91.89,16424.0
3051.67,91.71,23933.3,,,,,91.71,91.71,91.7,91.72,16455.5
3052.67,45.94,23951.4,,,,,45.93,45.94,45.95,45.93,16449.6
3053.67,91.71,24081.7,,,,,91.72,91.72,91.71,91.71,16464.1
3054.67,47.17,23933.3,,,,,47.16,47.18,47.18,47.16,16432.0
3055.67,91.73,23933.3,,,,,91.73,91.72,91.74,91.72,16442.6
3056.67,91.87,23933.3,,,,,91.88,91.88,91.87,91.84,16456.7
3057.67,91.75,23933.2,,,,,91.73,91.76,91.77,91.74,16428.7
3058.67,91.87,23933.3,,,,,91.88,91.85,91.87,91.86,16463.9
3059.67,47.08,23924.0,,,,,47.07,47.09,47.08,47.08,16446.1
3060.67,45.91,23933.3,,,,,45.91,45.91,45.92,45.91,16439.4
3061.67,91.79,23933.3,,,,,91.78,91.8,91.79,91.8,16431.8
3062.67,91.82,23933.3,,,,,91.82,91.8,91.84,91.82,16444.9
3063.67,93.04,23933.0,,,,,93.04,93.04,93.04,93.05,16419.9
3064.67,45.92,23933.3,,,,,45.92,45.92,45.93,45.9,16455.8
3065.67,91.72,23924.1,,,,,91.71,91.72,91.73,91.7,16450.9
3066.67,45.87,23933.3,,,,,45.87,45.87,45.88,45.88,16438.2
3067.67,91.9,23933.3,,,,,91.9,91.91,91.91,91.89,16434.5
3068.67,92.94,23933.0,,,,,92.94,92.93,92.94,92.96,16464.0
3069.67,45.92,23933.3,,,,,45.92,45.92,45.93,45.91,16430.3
3070.67,91.78,23933.3,,,,,91.78,91.78,91.79,91.78,16427.9
3071.67,91.73,23933.3,,,,,91.73,91.73,91.73,91.74,16448.0
3072.67,91.84,23970.1,,,,,91.84,91.84,91.85,91.83,16444.3
3073.67,47.08,23933.0,,,,,47.08,47.08,47.09,47.07,16434.3
3074.67,45.94,23933.3,,,,,45.94,45.95,45.94,45.93,16430.6
3075.67,91.73,23933.3,,,,,91.72,91.72,91.75,91.73,16456.6
3076.67,91.86,23933.3,,,,,91.87,91.85,91.87,91.85,16429.0
3077.67,91.7,23933.2,,,,,91.69,91.68,91.71,91.7,16453.4
3078.67,47.14,23933.0,,,,,47.14,47.13,47.14,47.15,16445.8
3079.67,45.88,23933.3,,,,,45.87,45.88,45.88,45.88,16436.1
3080.67,91.85,23933.3,,,,,91.84,91.85,91.87,91.86,16429.4
3081.67,91.72,23933.3,,,,,91.74,91.7,91.73,91.71,16456.3
3082.67,91.87,23970.4,,,,,91.86,91.86,91.86,91.89,16458.0
3083.67,47.08,23933.3,,,,,47.08,47.07,47.09,47.07,16457.2
3084.67,91.87,23933.1,,,,,91.87,91.87,91.87,91.86,16448.5
3085.67,45.88,23933.3,,,,,45.88,45.86,45.88,45.88,16437.1
3086.67,91.85,23933.3,,,,,91.85,91.85,91.85,91.84,16432.5
3087.67,91.75,24081.7,,,,,91.76,91.75,91.76,91.75,16464.4
3088.67,47.12,23933.3,,,,,47.13,47.11,47.13,47.13,16424.6
3089.67,91.72,23933.3,,,,,91.71,91.7,91.73,91.73,16436.8
3090.68,91.88,23933.2,,,,,91.87,91.89,91.87,91.87,16454.9
3091.68,45.91,23951.4,,,,,45.91,45.9,45.91,45.9,16448.3
3092.68,91.78,24081.7,,,,,91.77,91.79,91.79,91.78,16464.1
3093.68,47.07,23933.3,,,,,47.06,47.06,47.08,47.09,16431.0
3094.68,91.87,23933.3,,,,,91.87,91.87,91.89,91.85,16456.4
3095.68,91.71,23933.3,,,,,91.71,91.7,91.73,91.72,16456.3
3096.68,91.88,23933.3,,,,,91.88,91.9,91.88,91.87,16418.2
3097.68,92.9,23933.0,,,,,92.91,92.88,92.9,92.9,16464.3
3098.68,45.95,23924.2,,,,,45.94,45.95,45.95,45.95,16454.2
3099.68,45.87,23933.3,,,,,45.86,45.86,45.89,45.88,16442.2
3100.68,91.85,23933.3,,,,,91.85,91.84,91.86,91.85,16433.1
3101.68,91.75,23933.3,,,,,91.74,91.75,91.73,91.77,16443.6
3102.68,93.08,23933.0,,,,,93.09,93.04,93.1,93.09,16430.9
3103.68,45.86,23933.3,,,,,45.87,45.87,45.87,45.84,16425.5
3104.68,91.88,23933.3,,,,,91.86,91.86,91.89,91.9,16456.5
3105.68,91.71,23933.3,,,,,91.69,91.72,91.7,91.72,16456.1
3106.68,91.84,23915.1,,,,,91.85,91.83,91.86,91.81,16453.3
3107.68,47.07,23933.3,,,,,47.07,47.08,47.08,47.06,16457.2
3108.68,45.9,23933.3,,,,,45.9,45.89,45.89,45.89,16441.1
3109.68,91.8,23933.3,,,,,91.81,91.8,91.81,91.79,16432.5
3110.68,91.87,23933.3,,,,,91.84,91.86,91.89,91.89,16434.6
3111.68,91.72,24044.6,,,,,91.7,91.7,91.73,91.75,16462.1
3112.68,47.15,23933.3,,,,,47.14,47.16,47.16,47.15,16457.6
3113.68,91.77,23924.1,,,,,91.75,91.8,91.81,91.74,16451.6
3114.68,45.92,23933.3,,,,,45.91,45.92,45.91,45.93,16438.1
3115.68,91.73,23933.3,,,,,91.72,91.72,91.73,91.75,16436.2
3116.68,91.86,24081.7,,,,,91.86,91.86,91.87,91.87,16464.8
3117.68,47.08,23933.3,,,,,47.08,47.09,47.08,47.08,16458.0
3118.68,91.87,23933.3,,,,,91.88,91.87,91.89,91.85,16456.8
3119.68,91.73,23933.3,,,,,91.71,91.75,91.73,91.74,16437.3
3120.68,45.93,23951.5,,,,,45.93,45.93,45.94,45.92,16450.5
3121.68,91.8,24081.7,,,,,91.79,91.81,91.8,91.79,16464.6
3122.68,47.11,23933.3,,,,,47.11,47.11,47.11,47.1,16431.7
3123.68,91.75,23933.3,,,,,91.74,91.76,91.75,91.75,16426.9
3124.68,91.84,23933.3,,,,,91.84,91.84,91.86,91.83,16457.3
3125.68,91.75,23933.2,,,,,91.75,91.75,91.75,91.73,16455.8
3126.68,45.93,24081.7,,,,,45.93,45.93,45.93,45.92,16464.5
3127.68,47.06,23933.3,,,,,47.06,47.06,47.07,47.07,16441.3
3128.68,91.87,23933.3,,,,,91.85,91.88,91.87,91.88,16436.4
3129.68,91.79,23933.3,,,,,91.79,91.78,91.8,91.77,16433.6
3130.68,91.73,23933.3,,,,,91.73,91.72,91.74,91.74,16444.1
3131.68,93.06,23933.0,,,,,93.05,93.06,93.05,93.06,16420.3
3132.68,45.87,23933.3,,,,,45.86,45.87,45.88,45.87,16456.8
3133.68,91.87,23924.1,,,,,91.86,91.87,91.88,91.87,16454.7
3134.68,45.86,23942.4,,,,,45.85,45.87,45.85,45.87,16447.1
3135.68,91.88,23942.4,,,,,91.87,91.88,91.9,91.86,16441.9
3136.68,93.0,23933.0,,,,,92.99,93.0,92.99,93.01,16432.3
3137.68,45.9,23933.3,,,,,45.9,45.9,45.91,45.89,16456.7
3138.68,91.8,23933.3,,,,,91.8,91.8,91.8,91.78,16428.4
3139.69,91.74,23933.3,,,,,91.75,91.74,91.75,91.72,16430.7
3140.69,91.79,23998.2,,,,,91.78,91.81,91.8,91.76,16459.1
3141.69,47.11,23933.3,,,,,47.1,47.1,47.12,47.12,16457.4
3142.69,91.69,23933.0,,,,,91.7,91.7,91.67,91.69,16444.1
3143.69,45.94,23933.3,,,,,45.94,45.93,45.95,45.95,16434.5
3144.69,91.73,23933.3,,,,,91.73,91.7,91.74,91.73,16444.7
3145.69,91.85,24081.7,,,,,91.85,91.86,91.85,91.84,16464.4
3146.69,47.09,23933.3,,,,,47.1,47.08,47.1,47.09,16458.1
3147.69,91.86,23933.3,,,,,91.84,91.86,91.86,91.86,16457.0
3148.69,91.69,23933.2,,,,,91.71,91.68,91.7,91.67,16454.6
3149.69,45.94,23951.4,,,,,45.94,45.95,45.95,45.94,16434.2
3150.69,91.75,24081.7,,,,,91.79,91.74,91.73,91.75,16464.9
3151.69,47.13,23933.3,,,,,47.11,47.12,47.14,47.13,16427.9
3152.69,91.81,23933.3,,,,,91.8,91.83,91.82,91.78,16456.6
3153.69,45.9,23951.5,,,,,45.9,45.9,45.9,45.91,16449.7
3154.69,91.72,23951.5,,,,,91.73,91.71,91.73,91.71,16446.1
3155.69,91.84,24081.7,,,,,91.85,91.81,91.86,91.85,16465.0
3156.69,47.08,23933.3,,,,,47.08,47.09,47.1,47.08,16458.5
3157.69,91.86,23933.3,,,,,91.84,91.84,91.87,91.87,16426.1
3158.69,91.74,23933.3,,,,,91.73,91.74,91.76,91.72,16428.4
3159.69,91.85,23933.2,,,,,91.85,91.85,91.86,91.86,16455.2
3160.69,45.87,24081.7,,,,,45.87,45.88,45.87,45.86,16464.4
3161.69,47.14,23933.3,,,,,47.13,47.14,47.15,47.14,16438.0
3162.69,91.81,23933.3,,,,,91.82,91.82,91.8,91.8,16432.4
3163.69,91.78,23933.3,,,,,91.78,91.77,91.8,91.77,16450.9
3164.69,91.71,23933.3,,,,,91.71,91.72,91.71,91.71,16423.3
3165.69,93.06,23933.0,,,,,93.06,93.08,93.05,93.04,16465.2
3166.69,45.86,23933.3,,,,,45.86,45.85,45.86,45.86,16456.5
3167.69,91.85,23906.1,,,,,91.85,91.85,91.87,91.84,16452.8
3168.69,45.87,23942.4,,,,,45.88,45.88,45.86,45.87,16441.9
3169.69,91.84,23942.4,,,,,91.85,91.84,91.88,91.82,16437.0
3170.69,92.95,23933.0,,,,,92.96,92.96,92.96,92.94,16433.1
3171.69,45.95,23933.3,,,,,45.95,45.95,45.95,45.94,16429.0
3172.69,91.78,23933.3,,,,,91.78,91.77,91.78,91.78,16441.0
3173.69,91.78,23933.2,,,,,91.79,91.77,91.78,91.77,16456.7
3174.69,45.87,23979.4,,,,,45.87,45.87,45.88,45.88,16450.5
3175.69,93.05,23933.0,,,,,93.05,93.04,93.06,93.06,16437.8
3176.69,45.89,23933.3,,,,,45.9,45.9,45.9,45.87,16433.8
3177.69,91.85,23933.3,,,,,91.84,91.85,91.84,91.86,16427.4
3178.69,91.74,23933.3,,,,,91.74,91.74,91.77,91.71,16440.8
3179.69,91.88,23970.4,,,,,91.89,91.87,91.89,91.87,16458.5
3180.69,47.07,23933.3,,,,,47.08,47.07,47.09,47.06,16447.0
3181.69,91.84,23924.0,,,,,91.84,91.85,91.83,91.84,16451.1
3182.69,45.89,23933.3,,,,,45.89,45.89,45.9,45.87,16435.9
3183.69,91.86,23933.3,,,,,91.88,91.87,91.86,91.85,16456.8
3184.69,91.71,24081.7,,,,,91.69,91.72,91.73,91.7,16464.5
3185.69,47.15,23933.3,,,,,47.14,47.14,47.16,47.14,16458.4
3186.69,91.77,23933.3,,,,,91.76,91.77,91.78,91.79,16456.8
3187.69,45.89,23951.5,,,,,45.87,45.89,45.89,45.89,16432.6
3188.7,91.85,23942.4,,,,,91.84,91.85,91.86,91.86,16445.8
3189.7,91.75,24081.7,,,,,91.72,91.74,91.76,91.76,16464.8
3190.7,47.16,23933.3,,,,,47.16,47.17,47.17,47.16,16430.6
3191.7,91.81,23933.3,,,,,91.79,91.81,91.82,91.82,16433.4
3192.7,91.79,23933.3,,,,,91.8,91.76,91.81,91.8,16457.1
3193.7,91.71,23915.1,,,,,91.7,91.69,91.72,91.71,16456.7
3194.7,45.92,24081.7,,,,,45.92,45.93,45.92,45.92,16464.4
3195.7,47.06,23933.3,,,,,47.07,47.06,47.07,47.05,16442.6
3196.7,91.87,23933.3,,,,,91.85,91.87,91.87,91.89,16435.1
3197.7,91.72,23933.3,,,,,91.74,91.7,91.74,91.68,16430.7
3198.7,91.85,23933.3,,,,,91.84,91.85,91.86,91.86,16433.7
3199.7,92.93,23933.0,,,,,92.94,92.92,92.93,92.93,16417.8
3200.7,45.93,23933.3,,,,,45.93,45.93,45.93,45.92,16456.6
3201.7,45.85,23933.3,,,,,45.85,45.86,45.85,45.85,16443.0
3202.7,91.89,23933.3,,,,,91.85,91.89,91.9,91.9,16439.4
3203.7,91.8,23933.3,,,,,91.82,91.78,91.81,91.79,16431.6
3204.7,92.97,23933.0,,,,,92.96,92.99,92.97,92.98,16465.1
3205.7,45.88,23933.3,,,,,45.88,45.88,45.9,45.88,16456.9
3206.7,91.81,23933.3,,,,,91.8,91.83,91.81,91.81,16456.4
3207.7,91.79,23924.1,,,,,91.77,91.81,91.8,91.8,16449.2
3208.7,45.92,23933.3,,,,,45.92,45.92,45.93,45.91,16435.1
3209.7,92.97,23933.0,,,,,92.96,92.98,92.97,92.98,16434.8
3210.7,45.91,23933.3,,,,,45.92,45.9,45.93,45.91,16429.1
3211.7,91.82,23933.3,,,,,91.82,91.82,91.83,91.83,16457.0
3212.7,91.74,23933.3,,,,,91.7,91.75,91.75,91.75,16456.8
3213.7,91.86,23933.3,,,,,91.85,91.87,91.87,91.87,16456.3
3214.7,47.08,23933.3,,,,,47.06,47.08,47.08,47.09,16458.2
3215.7,91.82,23933.0,,,,,91.82,91.83,91.82,91.81,16445.2
3216.7,45.88,23933.3,,,,,45.88,45.89,45.88,45.88,16431.1
3217.7,91.87,23933.3,,,,,91.86,91.87,91.9,91.85,16443.0
3218.7,91.72,23970.4,,,,,91.71,91.71,91.73,91.73,16458.7
3219.7,47.13,23933.3,,,,,47.12,47.13,47.14,47.14,16417.5
3220.7,91.73,23924.1,,,,,91.74,91.73,91.73,91.7,16453.3
3221.7,45.93,23942.4,,,,,45.93,45.94,45.93,45.92,16444.3
3222.7,91.73,23933.3,,,,,91.7,91.72,91.76,91.73,16435.2
3223.7,91.81,24081.7,,,,,91.78,91.83,91.82,91.82,16464.9
3224.7,47.13,23933.3,,,,,47.13,47.13,47.13,47.14,16443.7
3225.7,91.78,23933.3,,,,,91.78,91.79,91.79,91.78,16457.3
3226.7,91.81,23933.3,,,,,91.81,91.78,91.82,91.82,16419.1
3227.7,91.79,23933.3,,,,,91.79,91.78,91.78,91.79,16456.8
3228.7,45.88,24081.7,,,,,45.87,45.88,45.88,45.88,16464.8
3229.7,93.05,23933.0,,,,,93.07,93.03,93.08,93.03,16447.2
3230.7,45.86,23933.3,,,,,45.87,45.86,45.86,45.86,16435.3
3231.7,91.87,23933.3,,,,,91.88,91.88,91.89,91.85,16437.8
3232.7,91.82,23933.3,,,,,91.83,91.8,91.83,91.83,16451.7
3233.7,92.9,23933.0,,,,,92.9,92.9,92.9,92.9,16465.8
3234.7,45.92,23933.2,,,,,45.91,45.91,45.93,45.94,16451.9
3235.7,45.87,23933.3,,,,,45.87,45.88,45.88,45.86,16432.0
3236.71,91.8,23933.3,,,,,91.78,91.8,91.8,91.81,16426.1
3237.71,91.78,23933.3,,,,,91.78,91.78,91.78,91.78,16445.7
3238.71,92.98,23933.0,,,,,92.98,92.98,93.0,92.97,16417.1
3239.71,45.91,23933.3,,,,,45.92,45.9,45.92,45.9,16453.6
3240.71,91.77,23933.1,,,,,91.78,91.76,91.78,91.76,16440.2
3241.71,45.93,23933.3,,,,,45.93,45.93,45.95,45.94,16449.9
3242.71,91.71,23933.3,,,,,91.71,91.7,91.72,91.72,16428.4
3243.71,93.06,23933.0,,,,,93.03,93.05,93.07,93.09,16462.1
3244.71,45.87,23933.3,,,,,45.87,45.86,45.88,45.88,16454.1
3245.71,91.89,23933.3,,,,,91.88,91.87,91.9,91.89,16435.6
3246.71,91.73,23924.1,,,,,91.73,91.76,91.73,91.7,16447.2
3247.71,45.94,23942.4,,,,,45.94,45.93,45.95,45.92,16440.8
3248.71,93.01,23933.0,,,,,93.01,93.02,93.02,93.01,16434.4
3249.71,45.9,23933.3,,,,,45.9,45.89,45.9,45.9,16429.8
3250.71,91.73,23933.3,,,,,91.73,91.73,91.76,91.72,16447.6
3251.71,91.85,23933.3,,,,,91.85,91.84,91.86,91.85,16454.4
3252.71,91.73,23970.4,,,,,91.74,91.72,91.74,91.74,16455.5
3253.71,47.14,23933.3,,,,,47.14,47.13,47.14,47.13,16455.7
3254.71,91.73,23924.2,,,,,91.72,91.73,91.73,91.75,16453.7
3255.71,45.93,23933.3,,,,,45.93,45.94,45.94,45.93,16441.5
3256.71,91.72,23933.3,,,,,91.72,91.7,91.72,91.72,16432.7
3257.71,91.87,24081.7,,,,,91.86,91.87,91.89,91.86,16462.3
3258.71,47.09,23933.3,,,,,47.1,47.08,47.09,47.09,16428.6
3259.71,91.85,23933.3,,,,,91.83,91.85,91.85,91.87,16430.6
3260.71,91.72,23933.3,,,,,91.73,91.7,91.74,91.73,16455.2
3261.71,91.84,23933.1,,,,,91.83,91.84,91.86,91.83,16449.5
3262.71,45.91,24081.7,,,,,45.91,45.91,45.91,45.92,16463.1
3263.71,47.12,23933.3,,,,,47.11,47.11,47.13,47.13,16435.3
3264.71,91.74,23933.3,,,,,91.73,91.75,91.75,91.72,16449.0
3265.71,91.86,23933.3,,,,,91.86,91.84,91.87,91.87,16444.3
3266.71,91.72,23915.1,,,,,91.71,91.73,91.73,91.72,16442.2
3267.71,45.91,24081.7,,,,,45.91,45.91,45.9,45.91,16463.0
3268.71,92.96,23924.0,,,,,92.95,92.96,92.98,92.96,16445.1
3269.71,45.94,23933.3,,,,,45.93,45.94,45.95,45.93,16435.8
3270.71,91.75,23933.3,,,,,91.74,91.75,91.76,91.73,16438.4
3271.71,91.84,23933.3,,,,,91.84,91.85,91.84,91.83,16449.5
3272.71,92.95,23933.0,,,,,92.95,92.95,92.97,92.94,16462.9
3273.71,45.92,23933.3,,,,,45.93,45.92,45.93,45.91,16455.1
3274.71,91.69,23924.2,,,,,91.68,91.68,91.69,91.7,16452.9
3275.71,45.9,23942.3,,,,,45.89,45.91,45.91,45.9,16444.9
3276.71,91.8,23933.3,,,,,91.78,91.81,91.81,91.8,16435.7
3277.71,93.09,23933.0,,,,,93.06,93.08,93.1,93.1,16435.6
3278.71,45.87,23933.3,,,,,45.86,45.88,45.87,45.88,16431.7
3279.71,91.81,23933.3,,,,,91.82,91.82,91.82,91.79,16426.2
3280.72,91.8,23933.3,,,,,91.8,91.8,91.8,91.79,16455.0
3281.72,91.86,23970.3,,,,,91.86,91.86,91.87,91.85,16456.6
3282.72,47.11,23932.5,,,,,47.1,47.12,47.11,47.11,16456.6
3283.72,91.8,23932.4,,,,,91.79,91.81,91.82,91.79,16451.8
3284.72,45.86,24080.8,,,,,45.85,45.86,45.85,45.86,16463.0
3285.72,47.16,23895.5,,,,,47.15,47.14,47.17,47.16,16463.5
3286.72,0.03,7901.1,,,,,0.01,0.02,0.07,0.02,16597.9
3287.72,0.0,7245.5,,,,,0.0,0.0,0.0,0.0,4.6
