t_s,gpu_util_pct,mem_used_mib,power_w,temp_c,sclk_mhz,mclk_mhz,util_nc0,util_nc1,util_nc2,util_nc3,host_mem_used_mib
0.0,,,,,,,,,,,
1.0,0.0,0.0,,,,,0.0,0.0,0.0,0.0,0.0
2.0,0.0,0.0,,,,,0.0,0.0,0.0,0.0,0.0
3.0,0.0,0.0,,,,,0.0,0.0,0.0,0.0,0.0
4.0,0.0,0.0,,,,,0.0,0.0,0.0,0.0,0.0
5.0,0.0,0.0,,,,,0.0,0.0,0.0,0.0,0.0
6.0,0.0,0.0,,,,,0.0,0.0,0.0,0.0,0.0
7.0,0.0,0.0,,,,,0.0,0.0,0.0,0.0,0.0
8.0,0.0,0.0,,,,,0.0,0.0,0.0,0.0,4501.6
9.0,0.0,0.0,,,,,0.0,0.0,0.0,0.0,4501.6
10.0,0.0,0.0,,,,,0.0,0.0,0.0,0.0,4501.6
11.0,0.0,0.0,,,,,0.0,0.0,0.0,0.0,4501.6
12.0,0.0,0.0,,,,,0.0,0.0,0.0,0.0,4501.6
13.0,0.0,0.0,,,,,0.0,0.0,0.0,0.0,4501.6
14.0,0.0,6.9,,,,,0.0,0.0,0.0,0.0,4504.8
15.0,0.0,6.9,,,,,0.0,0.0,0.0,0.0,4504.8
16.0,0.0,6.9,,,,,0.0,0.0,0.0,0.0,4504.8
17.0,0.0,6.9,,,,,0.0,0.0,0.0,0.0,4504.8
18.0,0.0,6.9,,,,,0.0,0.0,0.0,0.0,4504.8
19.0,0.0,6.9,,,,,0.0,0.0,0.0,0.0,4504.8
20.0,0.0,6.9,,,,,0.0,0.0,0.0,0.0,4504.8
21.0,0.0,6.9,,,,,0.0,0.0,0.0,0.0,4504.8
22.0,0.0,6.9,,,,,0.0,0.0,0.0,0.0,4504.8
23.0,0.0,6.9,,,,,0.0,0.0,0.0,0.0,4504.8
24.0,0.01,335.5,,,,,0.01,0.01,0.01,0.01,4718.0
25.0,0.0,335.5,,,,,0.0,0.0,0.0,0.0,4719.1
26.0,0.0,335.5,,,,,0.0,0.0,0.0,0.0,4784.0
27.0,0.0,335.5,,,,,0.0,0.0,0.0,0.0,4798.2
28.0,0.0,335.5,,,,,0.0,0.0,0.0,0.0,4907.9
29.0,0.0,335.5,,,,,0.0,0.0,0.0,0.0,5569.7
30.01,0.0,335.5,,,,,0.0,0.0,0.0,0.0,6383.3
31.01,0.0,335.5,,,,,0.0,0.0,0.0,0.0,6659.2
32.01,0.0,335.5,,,,,0.0,0.0,0.0,0.0,7520.3
33.01,0.0,335.5,,,,,0.0,0.0,0.0,0.0,8300.3
34.01,0.0,335.5,,,,,0.0,0.0,0.0,0.0,9162.7
35.01,0.0,335.5,,,,,0.0,0.0,0.0,0.0,8882.7
36.01,0.0,335.5,,,,,0.0,0.0,0.0,0.0,7636.9
37.01,0.0,335.5,,,,,0.0,0.0,0.0,0.0,7196.6
38.01,0.0,335.5,,,,,0.0,0.0,0.0,0.0,6317.9
39.01,0.0,335.5,,,,,0.0,0.0,0.0,0.0,5913.6
40.01,0.0,335.5,,,,,0.0,0.0,0.0,0.0,5913.6
41.01,0.0,335.5,,,,,0.0,0.0,0.0,0.0,5913.6
42.01,0.0,335.5,,,,,0.0,0.0,0.0,0.0,5913.6
43.01,0.0,335.5,,,,,0.0,0.0,0.0,0.0,5913.6
44.01,0.0,335.5,,,,,0.0,0.0,0.0,0.0,5913.6
45.01,0.0,335.5,,,,,0.0,0.0,0.0,0.0,5913.6
46.01,0.0,335.5,,,,,0.0,0.0,0.0,0.0,5913.7
47.01,0.0,335.5,,,,,0.0,0.0,0.0,0.0,5913.7
48.01,0.0,335.5,,,,,0.0,0.0,0.0,0.0,5913.7
49.01,0.0,335.5,,,,,0.0,0.0,0.0,0.0,5913.7
50.01,0.0,335.5,,,,,0.0,0.0,0.0,0.0,5913.7
51.01,0.0,335.5,,,,,0.0,0.0,0.0,0.0,5913.7
52.01,0.0,335.5,,,,,0.0,0.0,0.0,0.0,5913.7
53.01,0.0,335.5,,,,,0.0,0.0,0.0,0.0,5913.7
54.01,0.0,335.5,,,,,0.0,0.0,0.0,0.0,5913.7
55.01,0.0,335.5,,,,,0.0,0.0,0.0,0.0,5913.7
56.01,0.0,335.5,,,,,0.0,0.0,0.0,0.0,5913.7
57.01,0.0,335.5,,,,,0.0,0.0,0.0,0.0,5913.7
58.01,0.0,335.5,,,,,0.0,0.0,0.0,0.0,5913.7
59.01,0.0,335.5,,,,,0.0,0.0,0.0,0.0,5913.7
60.01,0.0,335.5,,,,,0.0,0.0,0.0,0.0,5913.7
61.01,0.0,335.5,,,,,0.0,0.0,0.0,0.0,5913.7
62.01,0.0,335.5,,,,,0.0,0.0,0.0,0.0,5913.7
63.01,0.0,335.5,,,,,0.0,0.0,0.0,0.0,5913.7
64.01,0.0,335.5,,,,,0.0,0.0,0.0,0.0,5913.7
65.01,0.0,335.5,,,,,0.0,0.0,0.0,0.0,5913.7
66.01,0.0,335.5,,,,,0.0,0.0,0.0,0.0,5913.7
67.01,0.0,335.5,,,,,0.0,0.0,0.0,0.0,5913.7
68.01,0.0,335.5,,,,,0.0,0.0,0.0,0.0,5913.7
69.01,0.0,335.5,,,,,0.0,0.0,0.0,0.0,5913.7
70.01,0.0,335.5,,,,,0.0,0.0,0.0,0.0,5913.7
71.01,0.0,335.5,,,,,0.0,0.0,0.0,0.0,5913.7
72.01,0.0,335.5,,,,,0.0,0.0,0.0,0.0,5913.7
73.01,0.0,335.5,,,,,0.0,0.0,0.0,0.0,5913.7
74.01,0.0,335.5,,,,,0.0,0.0,0.0,0.0,5913.7
75.01,0.0,335.5,,,,,0.0,0.0,0.0,0.0,5913.7
76.01,0.0,335.5,,,,,0.0,0.0,0.0,0.0,5913.7
77.01,0.0,335.5,,,,,0.0,0.0,0.0,0.0,5913.7
78.01,0.0,335.5,,,,,0.0,0.0,0.0,0.0,5913.7
79.01,0.0,335.5,,,,,0.0,0.0,0.0,0.0,5913.7
80.01,0.0,335.5,,,,,0.0,0.0,0.0,0.0,5913.7
81.01,0.0,335.5,,,,,0.0,0.0,0.0,0.0,5913.7
82.01,0.0,335.5,,,,,0.0,0.0,0.0,0.0,5913.7
83.01,0.0,335.5,,,,,0.0,0.0,0.0,0.0,5913.7
84.02,0.0,335.5,,,,,0.0,0.0,0.0,0.0,5913.8
85.02,0.0,335.5,,,,,0.0,0.0,0.0,0.0,5913.8
86.02,0.0,335.5,,,,,0.0,0.0,0.0,0.0,5913.8
87.02,0.0,335.5,,,,,0.0,0.0,0.0,0.0,5913.8
88.02,0.0,335.5,,,,,0.0,0.0,0.0,0.0,5913.8
89.02,0.0,335.5,,,,,0.0,0.0,0.0,0.0,5913.8
90.02,0.0,335.5,,,,,0.0,0.0,0.0,0.0,5913.8
91.02,0.0,335.5,,,,,0.0,0.0,0.0,0.0,5913.8
92.02,0.0,335.5,,,,,0.0,0.0,0.0,0.0,5913.8
93.02,0.0,335.5,,,,,0.0,0.0,0.0,0.0,5913.8
94.02,0.0,335.5,,,,,0.0,0.0,0.0,0.0,5913.8
95.02,0.0,335.5,,,,,0.0,0.0,0.0,0.0,5913.9
96.02,0.0,335.5,,,,,0.0,0.0,0.0,0.0,8333.5
97.02,0.0,335.5,,,,,0.0,0.0,0.0,0.0,7751.4
98.02,0.0,335.5,,,,,0.0,0.0,0.0,0.0,9354.0
99.02,0.0,335.5,,,,,0.0,0.0,0.0,0.0,10101.5
100.02,0.0,335.5,,,,,0.0,0.0,0.0,0.0,11579.2
101.02,0.0,335.5,,,,,0.0,0.0,0.0,0.0,12921.1
102.02,0.0,335.5,,,,,0.0,0.0,0.0,0.0,13819.3
103.02,0.0,335.5,,,,,0.0,0.0,0.0,0.0,15398.0
104.02,0.0,335.5,,,,,0.0,0.0,0.0,0.0,16367.0
105.02,0.0,335.5,,,,,0.0,0.0,0.0,0.0,17540.0
106.02,0.0,335.5,,,,,0.0,0.0,0.0,0.0,19223.9
107.02,0.0,335.5,,,,,0.0,0.0,0.0,0.0,20213.7
108.02,0.0,335.5,,,,,0.0,0.0,0.0,0.0,24386.5
109.02,0.0,335.5,,,,,0.0,0.0,0.0,0.0,25435.3
110.02,0.0,335.5,,,,,0.0,0.0,0.0,0.0,23717.8
111.02,0.0,335.5,,,,,0.0,0.0,0.0,0.0,24710.3
112.02,0.0,335.5,,,,,0.0,0.0,0.0,0.0,26414.5
113.02,0.0,335.5,,,,,0.0,0.0,0.0,0.0,27326.8
114.02,0.0,335.5,,,,,0.0,0.0,0.0,0.0,28229.6
115.02,0.0,335.5,,,,,0.0,0.0,0.0,0.0,29191.1
116.02,0.0,335.5,,,,,0.0,0.0,0.0,0.0,30369.7
117.02,0.0,335.5,,,,,0.0,0.0,0.0,0.0,31440.6
118.02,0.0,335.5,,,,,0.0,0.0,0.0,0.0,32760.9
119.02,0.0,335.5,,,,,0.0,0.0,0.0,0.0,34067.2
120.02,0.0,335.5,,,,,0.0,0.0,0.0,0.0,35338.0
121.02,0.0,335.5,,,,,0.0,0.0,0.0,0.0,36241.9
122.02,0.0,335.5,,,,,0.0,0.0,0.0,0.0,30086.5
123.02,0.0,335.5,,,,,0.0,0.0,0.0,0.0,27434.0
124.02,0.0,335.5,,,,,0.0,0.0,0.0,0.0,26906.0
125.02,0.0,335.5,,,,,0.0,0.0,0.0,0.0,26905.9
126.02,0.0,335.5,,,,,0.0,0.0,0.0,0.0,26377.9
127.02,0.0,335.5,,,,,0.0,0.0,0.0,0.0,25849.9
128.02,0.0,335.5,,,,,0.0,0.0,0.0,0.0,25327.3
129.02,0.0,335.5,,,,,0.0,0.0,0.0,0.0,24662.2
130.02,0.0,335.5,,,,,0.0,0.0,0.0,0.0,25076.1
131.02,0.0,335.5,,,,,0.0,0.0,0.0,0.0,24217.7
132.03,0.0,335.5,,,,,0.0,0.0,0.0,0.0,24367.9
133.03,0.0,335.5,,,,,0.0,0.0,0.0,0.0,23884.6
134.03,0.0,335.5,,,,,0.0,0.0,0.0,0.0,23786.4
135.03,0.0,335.5,,,,,0.0,0.0,0.0,0.0,23769.8
136.03,0.0,335.5,,,,,0.0,0.0,0.0,0.0,23963.1
137.03,0.0,335.5,,,,,0.0,0.0,0.0,0.0,23913.8
138.03,0.0,335.5,,,,,0.0,0.0,0.0,0.0,24449.1
139.03,0.0,335.5,,,,,0.0,0.0,0.0,0.0,30725.1
140.03,0.0,335.5,,,,,0.0,0.0,0.0,0.0,32265.9
141.03,0.0,335.5,,,,,0.0,0.0,0.0,0.0,38528.7
142.03,0.0,335.5,,,,,0.0,0.0,0.0,0.0,39743.7
143.03,0.0,335.5,,,,,0.0,0.0,0.0,0.0,29251.5
144.03,0.0,335.9,,,,,0.0,0.0,0.0,0.0,25954.1
145.03,0.0,335.9,,,,,0.0,0.0,0.0,0.0,26141.4
146.03,0.0,335.9,,,,,0.0,0.0,0.0,0.0,25765.7
147.03,0.02,338.7,,,,,0.02,0.03,0.03,0.02,22869.8
148.03,0.0,338.7,,,,,0.0,0.0,0.0,0.0,22873.0
149.03,0.0,338.7,,,,,0.0,0.0,0.0,0.0,22878.1
150.03,0.0,338.7,,,,,0.0,0.0,0.0,0.0,22878.1
151.03,0.0,338.7,,,,,0.0,0.0,0.0,0.0,23053.4
152.03,0.0,338.7,,,,,0.0,0.0,0.0,0.0,23088.1
153.03,0.0,338.7,,,,,0.0,0.0,0.0,0.0,23088.1
154.03,0.0,338.7,,,,,0.0,0.0,0.0,0.0,23175.4
155.03,0.0,338.7,,,,,0.0,0.0,0.0,0.0,23185.0
156.03,0.0,338.7,,,,,0.0,0.0,0.0,0.0,23194.3
157.03,0.0,338.7,,,,,0.0,0.0,0.0,0.0,23196.9
158.03,0.0,338.7,,,,,0.0,0.0,0.0,0.0,23203.0
159.03,0.0,338.7,,,,,0.0,0.0,0.0,0.0,23203.9
160.03,0.0,338.7,,,,,0.0,0.0,0.0,0.0,23207.8
161.03,0.0,338.7,,,,,0.0,0.0,0.0,0.0,23211.4
162.03,0.0,338.7,,,,,0.0,0.0,0.0,0.0,23220.4
163.03,0.0,338.7,,,,,0.0,0.0,0.0,0.0,23224.1
164.03,0.02,338.7,,,,,0.01,0.03,0.03,0.03,23234.2
165.03,0.0,11333.2,,,,,0.0,0.0,0.0,0.0,21031.9
166.03,0.0,16443.3,,,,,0.0,0.0,0.0,0.0,18393.1
167.04,0.0,16444.2,,,,,0.0,0.0,0.0,0.0,7384.0
168.04,0.0,16444.2,,,,,0.0,0.0,0.0,0.0,8768.1
169.04,0.0,16444.2,,,,,0.0,0.0,0.0,0.0,8768.1
170.04,0.0,16444.2,,,,,0.0,0.0,0.0,0.0,8772.6
171.04,0.0,16444.2,,,,,0.0,0.0,0.0,0.0,8772.6
172.04,0.0,16444.2,,,,,0.0,0.0,0.0,0.0,9120.1
173.04,0.0,16444.2,,,,,0.0,0.0,0.0,0.0,9683.3
174.04,0.0,16444.2,,,,,0.0,0.0,0.0,0.0,10238.5
175.04,0.0,16444.2,,,,,0.0,0.0,0.0,0.0,13160.0
176.04,0.0,16444.2,,,,,0.0,0.0,0.0,0.0,15153.6
177.04,0.0,24450.4,,,,,0.0,0.0,0.0,0.0,16315.2
178.04,0.0,24966.3,,,,,0.0,0.0,0.0,0.0,11511.5
179.04,52.99,24994.7,,,,,52.98,52.99,52.99,52.99,12756.5
180.04,0.0,24994.7,,,,,0.0,0.0,0.0,0.0,12898.8
181.04,0.0,24994.7,,,,,0.0,0.0,0.0,0.0,12907.8
182.04,0.0,24994.7,,,,,0.0,0.0,0.0,0.0,12907.8
183.04,0.0,24994.7,,,,,0.0,0.0,0.0,0.0,12907.8
184.04,0.0,24994.7,,,,,0.0,0.0,0.0,0.0,13309.0
185.04,0.0,24994.7,,,,,0.0,0.0,0.0,0.0,13409.0
186.04,0.0,24994.7,,,,,0.0,0.0,0.0,0.0,14547.0
187.04,0.0,24994.7,,,,,0.0,0.0,0.0,0.0,17654.1
188.04,0.0,25154.6,,,,,0.0,0.0,0.0,0.0,18747.1
189.04,0.0,25304.0,,,,,0.0,0.0,0.0,0.0,18808.3
190.04,53.39,25366.3,,,,,53.39,53.39,53.39,53.38,15445.6
191.04,53.31,25384.5,,,,,53.31,53.31,53.31,53.31,15455.6
192.04,100.0,25366.3,,,,,100.0,100.0,100.0,100.0,15445.3
193.04,53.31,25384.5,,,,,53.32,53.3,53.32,53.32,15455.3
194.04,100.0,25206.2,,,,,100.0,100.0,100.0,100.0,15854.9
195.04,0.0,25239.0,,,,,0.0,0.0,0.0,0.0,17043.4
196.04,0.98,26136.2,,,,,0.98,0.97,0.98,0.98,17223.0
197.04,0.0,26154.6,,,,,0.0,0.0,0.0,0.0,16741.7
198.04,100.0,26136.5,,,,,100.0,100.0,100.0,100.0,16730.9
199.04,53.37,26154.8,,,,,53.36,53.37,53.37,53.37,16741.4
200.04,100.0,26136.5,,,,,100.0,100.0,100.0,100.0,16721.5
201.04,100.0,26136.4,,,,,100.0,100.0,100.0,100.0,16742.8
202.04,53.31,25976.4,,,,,53.32,53.3,53.32,53.3,17242.6
203.04,0.0,25996.9,,,,,0.0,0.0,0.0,0.0,18712.5
204.04,1.38,26218.5,,,,,1.38,1.38,1.37,1.38,18174.4
205.04,53.38,26218.8,,,,,53.37,53.38,53.38,53.38,18214.2
206.04,53.32,26218.8,,,,,53.32,53.32,53.32,53.31,18185.5
207.04,100.0,26218.8,,,,,100.0,100.0,100.0,100.0,18213.9
208.04,53.32,26218.8,,,,,53.32,53.31,53.33,53.33,18190.5
209.05,100.0,26379.0,,,,,100.0,100.0,100.0,100.0,18230.1
210.05,54.7,26209.8,,,,,54.7,54.71,54.71,54.7,18219.4
211.05,53.38,26218.8,,,,,53.39,53.38,53.38,53.37,18195.9
212.05,100.0,26218.8,,,,,100.0,100.0,100.0,100.0,18216.9
213.05,53.4,26218.8,,,,,53.38,53.41,53.4,53.39,18199.8
214.05,100.0,26218.8,,,,,100.0,100.0,100.0,100.0,18219.9
215.05,53.37,26379.0,,,,,53.37,53.37,53.37,53.38,18233.5
216.05,54.74,26218.8,,,,,54.73,54.75,54.75,54.73,18223.8
217.05,53.36,26218.8,,,,,53.34,53.36,53.36,53.37,18192.7
218.05,100.0,26218.8,,,,,100.0,100.0,100.0,100.0,18221.8
219.05,53.44,26227.8,,,,,53.42,53.46,53.44,53.46,18202.4
220.05,100.0,26218.8,,,,,100.0,100.0,100.0,100.0,18222.4
221.05,53.38,26379.0,,,,,53.36,53.39,53.37,53.38,18235.8
222.05,54.7,26218.8,,,,,54.7,54.7,54.71,54.69,18185.0
223.05,100.0,26218.8,,,,,100.0,100.0,100.0,100.0,18224.4
224.05,53.31,26218.8,,,,,53.32,53.31,53.32,53.31,18211.1
225.05,100.0,26218.8,,,,,100.0,100.0,100.0,100.0,18225.5
226.05,53.3,26218.8,,,,,53.32,53.29,53.32,53.29,18191.3
227.05,100.0,26218.5,,,,,100.0,100.0,100.0,100.0,18239.3
228.05,53.33,26218.5,,,,,53.33,53.33,53.34,53.32,18204.5
229.05,53.41,26218.8,,,,,53.42,53.39,53.4,53.41,18227.6
230.05,53.35,26228.0,,,,,53.36,53.33,53.36,53.35,18213.8
231.05,100.0,26218.8,,,,,100.0,100.0,100.0,100.0,18229.1
232.05,53.37,26237.1,,,,,53.38,53.36,53.38,53.36,18218.0
233.05,100.0,26218.5,,,,,100.0,100.0,100.0,100.0,18187.0
234.05,53.36,26218.8,,,,,53.33,53.36,53.37,53.37,18229.6
235.05,53.35,26218.8,,,,,53.35,53.34,53.35,53.35,18205.2
236.05,100.0,26218.8,,,,,100.0,100.0,100.0,100.0,18229.7
237.05,53.35,26218.8,,,,,53.34,53.35,53.35,53.35,18207.5
238.05,100.0,26379.0,,,,,100.0,100.0,100.0,100.0,18242.7
239.05,54.71,26209.8,,,,,54.71,54.71,54.71,54.72,18232.6
240.05,53.33,26218.8,,,,,53.31,53.34,53.34,53.31,18191.9
241.05,100.0,26218.8,,,,,100.0,100.0,100.0,100.0,18231.7
242.05,53.33,26218.8,,,,,53.34,53.33,53.32,53.33,18205.2
243.05,100.0,26218.8,,,,,100.0,100.0,100.0,100.0,18232.5
244.05,53.33,26379.0,,,,,53.34,53.35,53.35,53.3,18244.6
245.05,54.76,26218.8,,,,,54.76,54.76,54.76,54.77,18226.5
246.05,100.0,26200.5,,,,,100.0,100.0,100.0,100.0,18226.8
247.05,53.34,26218.8,,,,,53.33,53.33,53.34,53.34,18216.7
248.05,100.0,26209.6,,,,,100.0,100.0,100.0,100.0,18224.4
249.05,53.29,26218.8,,,,,53.3,53.28,53.3,53.29,18194.2
250.05,53.39,26379.0,,,,,53.39,53.4,53.39,53.4,18246.4
251.05,54.68,26218.8,,,,,54.66,54.68,54.69,54.67,18228.0
252.05,100.0,26218.8,,,,,100.0,100.0,100.0,100.0,18235.1
253.05,53.31,26218.8,,,,,53.31,53.31,53.31,53.3,18198.6
254.05,100.0,26218.8,,,,,100.0,100.0,100.0,100.0,18235.4
255.06,53.31,26218.8,,,,,53.31,53.29,53.32,53.3,18201.8
256.06,100.0,26218.5,,,,,100.0,100.0,100.0,100.0,18248.2
257.06,53.33,26209.5,,,,,53.34,53.33,53.34,53.3,18226.8
258.06,53.39,26218.8,,,,,53.39,53.39,53.4,53.39,18237.6
259.06,100.0,26209.6,,,,,100.0,100.0,100.0,100.0,18229.7
260.06,53.42,26218.8,,,,,53.42,53.41,53.44,53.41,18194.5
261.06,53.34,26237.1,,,,,53.33,53.34,53.34,53.33,18216.9
262.06,100.0,26218.5,,,,,100.0,100.0,100.0,100.0,18250.7
263.06,53.4,26209.5,,,,,53.4,53.42,53.4,53.4,18225.1
264.06,53.33,26218.8,,,,,53.32,53.32,53.34,53.33,18197.1
265.06,53.35,26228.0,,,,,53.34,53.35,53.34,53.35,18226.2
266.06,100.0,26218.8,,,,,100.0,100.0,100.0,100.0,18197.4
267.06,53.37,26237.1,,,,,53.37,53.36,53.39,53.38,18229.8
268.06,100.0,26218.5,,,,,100.0,100.0,100.0,100.0,18202.5
269.06,53.31,26218.8,,,,,53.31,53.3,53.31,53.32,18241.4
270.06,53.41,26218.8,,,,,53.41,53.41,53.41,53.4,18207.1
271.06,100.0,26218.8,,,,,100.0,100.0,100.0,100.0,18189.8
272.06,53.41,26218.8,,,,,53.41,53.39,53.41,53.41,18208.7
273.06,100.0,26338.9,,,,,100.0,100.0,100.0,100.0,18251.3
274.06,54.75,26218.5,,,,,54.74,54.74,54.76,54.75,18226.7
275.06,53.33,26218.8,,,,,53.34,53.34,53.34,53.32,18201.4
276.06,100.0,26209.5,,,,,100.0,100.0,100.0,100.0,18233.6
277.06,53.33,26218.8,,,,,53.33,53.32,53.33,53.33,18202.9
278.06,100.0,26209.7,,,,,100.0,100.0,100.0,100.0,18227.4
279.06,53.35,26379.0,,,,,53.35,53.35,53.35,53.35,18256.6
280.06,54.72,26218.8,,,,,54.72,54.72,54.73,54.71,18247.5
281.06,53.31,26218.8,,,,,53.31,53.32,53.31,53.32,18213.0
282.06,100.0,26218.8,,,,,100.0,100.0,100.0,100.0,18194.5
283.06,53.33,26218.8,,,,,53.33,53.33,53.33,53.32,18220.8
284.06,100.0,26218.8,,,,,100.0,100.0,100.0,100.0,18220.6
285.06,53.33,26379.0,,,,,53.32,53.34,53.34,53.32,18257.8
286.06,54.75,26218.8,,,,,54.75,54.75,54.76,54.75,18204.7
287.06,100.0,26218.7,,,,,100.0,100.0,100.0,100.0,18240.3
288.06,53.39,26218.8,,,,,53.39,53.39,53.4,53.38,18204.2
289.06,100.0,26218.7,,,,,100.0,100.0,100.0,100.0,18238.8
290.06,53.4,26218.8,,,,,53.4,53.38,53.41,53.4,18213.5
291.06,53.31,26379.0,,,,,53.29,53.31,53.32,53.32,18258.6
292.06,54.71,26218.8,,,,,54.71,54.7,54.72,54.73,18206.1
293.06,100.0,26200.6,,,,,100.0,100.0,100.0,100.0,18244.1
294.06,53.39,26218.8,,,,,53.39,53.39,53.39,53.38,18206.7
295.06,100.0,26218.8,,,,,100.0,100.0,100.0,100.0,18235.3
296.06,53.39,26218.8,,,,,53.38,53.4,53.39,53.39,18230.7
297.06,100.0,26218.5,,,,,100.0,100.0,100.0,100.0,18192.9
298.06,0.0,26218.8,,,,,0.0,0.0,0.0,0.0,18217.7
299.06,100.0,26218.8,,,,,100.0,100.0,100.0,100.0,18228.6
300.07,53.37,26218.8,,,,,53.35,53.36,53.38,53.38,18223.2
301.07,100.0,26218.8,,,,,100.0,100.0,100.0,100.0,18233.1
302.07,53.31,26228.0,,,,,53.3,53.32,53.32,53.31,18231.9
303.07,100.0,26218.5,,,,,100.0,100.0,100.0,100.0,18207.5
304.07,53.3,26209.8,,,,,53.3,53.3,53.3,53.3,18250.0
305.07,53.38,26218.8,,,,,53.38,53.39,53.38,53.38,18211.2
306.07,100.0,26218.8,,,,,100.0,100.0,100.0,100.0,18252.7
307.07,53.37,26218.8,,,,,53.38,53.37,53.37,53.38,18214.6
308.07,100.0,26338.9,,,,,100.0,100.0,100.0,100.0,18260.0
309.07,54.79,26218.5,,,,,54.78,54.79,54.78,54.79,18233.1
310.07,53.32,26218.8,,,,,53.32,53.33,53.33,53.31,18209.3
311.07,100.0,26209.6,,,,,100.0,100.0,100.0,100.0,18245.7
312.07,53.37,26218.8,,,,,53.37,53.36,53.38,53.38,18210.5
313.07,100.0,26218.7,,,,,100.0,100.0,100.0,100.0,18239.3
314.07,53.33,26379.0,,,,,53.31,53.34,53.33,53.32,18263.7
315.07,54.77,26218.8,,,,,54.77,54.77,54.78,54.76,18201.4
316.07,53.31,26218.8,,,,,53.32,53.3,53.33,53.3,18220.3
317.07,100.0,26218.8,,,,,100.0,100.0,100.0,100.0,18223.7
318.07,53.35,26218.8,,,,,53.35,53.36,53.36,53.34,18226.6
319.07,100.0,26218.8,,,,,100.0,100.0,100.0,100.0,18235.3
320.07,53.4,26379.0,,,,,53.39,53.41,53.4,53.4,18265.9
321.07,54.69,26218.8,,,,,54.67,54.69,54.7,54.68,18212.5
322.07,100.0,26191.5,,,,,100.0,100.0,100.0,100.0,18250.6
323.07,53.32,26218.8,,,,,53.31,53.32,53.32,53.32,18212.9
324.07,100.0,26209.8,,,,,100.0,100.0,100.0,100.0,18255.2
325.07,53.36,26218.8,,,,,53.36,53.35,53.37,53.37,18233.4
326.07,100.0,26218.5,,,,,100.0,100.0,100.0,100.0,18202.7
327.07,0.0,26218.9,,,,,0.0,0.0,0.0,0.0,18233.3
328.07,100.0,26218.8,,,,,100.0,100.0,100.0,100.0,18211.3
329.07,100.0,26209.6,,,,,100.0,100.0,100.0,100.0,18248.7
330.07,53.34,26218.8,,,,,53.34,53.34,53.34,53.33,18214.3
331.07,100.0,26258.7,,,,,100.0,100.0,100.0,100.0,18256.4
332.07,54.71,26218.5,,,,,54.71,54.71,54.71,54.69,18223.2
333.07,53.38,26218.8,,,,,53.38,53.37,53.38,53.37,18205.0
334.07,53.31,26218.9,,,,,53.31,53.31,53.31,53.32,18229.7
335.07,100.0,26218.8,,,,,100.0,100.0,100.0,100.0,18229.9
336.07,53.34,26218.9,,,,,53.33,53.35,53.34,53.34,18240.2
337.07,100.0,26379.0,,,,,100.0,100.0,100.0,100.0,18270.6
338.07,54.72,26218.8,,,,,54.71,54.73,54.73,54.73,18262.0
339.07,53.37,26218.8,,,,,53.37,53.37,53.37,53.37,18220.9
340.07,100.0,26218.8,,,,,100.0,100.0,100.0,100.0,18249.3
341.07,53.38,26218.8,,,,,53.39,53.37,53.39,53.38,18225.4
342.07,100.0,26218.8,,,,,100.0,100.0,100.0,100.0,18231.6
343.07,53.38,26379.0,,,,,53.37,53.38,53.39,53.38,18273.0
344.07,54.74,26218.8,,,,,54.74,54.73,54.74,54.75,18210.1
345.07,53.36,26218.9,,,,,53.36,53.35,53.36,53.36,18236.3
346.08,100.0,26218.8,,,,,100.0,100.0,100.0,100.0,18216.0
347.08,100.0,26209.5,,,,,100.0,100.0,100.0,100.0,18249.9
348.08,53.33,26218.8,,,,,53.32,53.33,53.34,53.34,18246.0
349.08,53.39,26379.0,,,,,53.39,53.38,53.39,53.39,18274.0
350.08,54.69,26218.8,,,,,54.69,54.67,54.72,54.69,18223.5
351.08,100.0,26218.8,,,,,100.0,100.0,100.0,100.0,18263.5
352.08,53.32,26218.8,,,,,53.33,53.31,53.33,53.31,18223.8
353.08,100.0,26218.8,,,,,100.0,100.0,100.0,100.0,18253.3
354.08,53.33,26218.8,,,,,53.33,53.31,53.33,53.34,18226.0
355.08,100.0,26218.5,,,,,100.0,100.0,100.0,100.0,18211.7
356.08,53.36,26218.5,,,,,53.35,53.37,53.37,53.36,18244.9
357.08,53.33,26218.8,,,,,53.32,53.32,53.34,53.34,18218.8
358.08,53.4,26218.9,,,,,53.39,53.41,53.4,53.39,18243.5
359.08,100.0,26218.8,,,,,100.0,100.0,100.0,100.0,18257.3
360.08,53.4,26228.0,,,,,53.37,53.42,53.41,53.42,18240.1
361.08,100.0,26218.5,,,,,100.0,100.0,100.0,100.0,18277.4
362.08,53.39,26218.5,,,,,53.37,53.4,53.4,53.39,18248.1
363.08,53.32,26218.8,,,,,53.32,53.32,53.32,53.32,18240.1
364.08,100.0,26218.7,,,,,100.0,100.0,100.0,100.0,18260.4
365.08,53.33,26218.8,,,,,53.33,53.34,53.34,53.32,18251.8
366.08,100.0,26249.6,,,,,100.0,100.0,100.0,100.0,18263.9
367.08,54.7,26218.5,,,,,54.69,54.69,54.71,54.7,18229.2
368.08,53.41,26218.8,,,,,53.4,53.42,53.41,53.4,18268.4
369.08,53.31,26218.9,,,,,53.31,53.32,53.33,53.3,18241.1
370.08,100.0,26218.8,,,,,100.0,100.0,100.0,100.0,18259.7
371.08,53.33,26228.0,,,,,53.32,53.33,53.32,53.33,18247.7
372.08,100.0,26338.9,,,,,100.0,100.0,100.0,100.0,18276.9
373.08,54.69,26191.5,,,,,54.69,54.69,54.69,54.68,18264.4
374.08,53.41,26218.8,,,,,53.4,53.41,53.41,53.41,18226.1
375.08,100.0,26218.8,,,,,100.0,100.0,100.0,100.0,18269.3
376.08,53.4,26218.8,,,,,53.39,53.4,53.4,53.38,18237.5
377.08,100.0,26218.8,,,,,100.0,100.0,100.0,100.0,18270.0
378.08,53.37,26379.0,,,,,53.36,53.37,53.37,53.37,18281.5
379.08,54.71,26218.8,,,,,54.71,54.71,54.71,54.71,18273.0
380.08,100.0,26218.5,,,,,100.0,100.0,100.0,100.0,18254.6
381.08,53.35,26218.8,,,,,53.34,53.35,53.35,53.34,18262.6
382.08,100.0,26209.6,,,,,100.0,100.0,100.0,100.0,18261.8
383.08,53.32,26218.8,,,,,53.33,53.31,53.32,53.32,18262.8
384.08,100.0,26218.5,,,,,100.0,100.0,100.0,100.0,18282.1
385.08,0.0,26218.9,,,,,0.0,0.0,0.0,0.0,18234.2
386.08,100.0,26218.8,,,,,100.0,100.0,100.0,100.0,18272.1
387.08,53.33,26218.9,,,,,53.33,53.32,53.34,53.33,18251.0
388.08,100.0,26218.8,,,,,100.0,100.0,100.0,100.0,18273.0
389.08,53.37,26218.9,,,,,53.38,53.36,53.38,53.37,18240.5
390.08,100.0,26218.5,,,,,100.0,100.0,100.0,100.0,18283.0
391.09,53.31,26218.5,,,,,53.31,53.31,53.31,53.31,18252.7
392.09,53.41,26218.8,,,,,53.4,53.4,53.41,53.41,18254.9
393.09,53.37,26246.2,,,,,53.35,53.38,53.37,53.38,18267.0
394.09,100.0,26218.8,,,,,100.0,100.0,100.0,100.0,18249.2
395.09,100.0,26258.7,,,,,100.0,100.0,100.0,100.0,18267.3
396.09,54.74,26218.5,,,,,54.75,54.73,54.75,54.73,18227.8
397.09,53.35,26218.8,,,,,53.34,53.35,53.35,53.35,18273.1
398.09,53.34,26218.9,,,,,53.32,53.34,53.34,53.35,18236.2
399.09,100.0,26218.8,,,,,100.0,100.0,100.0,100.0,18273.9
400.09,53.33,26218.9,,,,,53.31,53.33,53.33,53.33,18242.6
401.09,100.0,26338.9,,,,,100.0,100.0,100.0,100.0,18281.5
402.09,54.72,26218.5,,,,,54.72,54.71,54.72,54.72,18263.2
403.09,53.37,26218.8,,,,,53.38,53.35,53.38,53.37,18274.4
404.09,100.0,26218.8,,,,,100.0,100.0,100.0,100.0,18274.1
405.09,53.4,26218.9,,,,,53.38,53.4,53.41,53.41,18260.0
406.09,100.0,26218.8,,,,,100.0,100.0,100.0,100.0,18275.1
407.09,53.39,26379.0,,,,,53.38,53.39,53.39,53.4,18285.8
408.09,54.68,26218.8,,,,,54.68,54.67,54.69,54.68,18257.7
409.09,100.0,26200.5,,,,,100.0,100.0,100.0,100.0,18264.6
410.09,53.34,26218.8,,,,,53.34,53.34,53.36,53.33,18266.9
411.09,100.0,26209.7,,,,,100.0,100.0,100.0,100.0,18273.9
412.09,53.33,26218.9,,,,,53.33,53.34,53.33,53.33,18276.1
413.09,100.0,26218.5,,,,,100.0,100.0,100.0,100.0,18287.1
414.09,0.0,26218.9,,,,,0.0,0.0,0.0,0.0,18244.2
415.09,100.0,26218.8,,,,,100.0,100.0,100.0,100.0,18276.9
416.09,53.33,26218.9,,,,,53.33,53.32,53.34,53.33,18251.0
417.09,100.0,26218.8,,,,,100.0,100.0,100.0,100.0,18278.1
418.09,53.33,26237.1,,,,,53.32,53.33,53.33,53.33,18260.0
419.09,100.0,26218.5,,,,,100.0,100.0,100.0,100.0,18230.4
420.09,53.33,26218.8,,,,,53.33,53.32,53.33,53.32,18276.8
421.09,53.39,26218.9,,,,,53.39,53.38,53.39,53.39,18235.6
422.09,100.0,26218.8,,,,,100.0,100.0,100.0,100.0,18277.1
423.09,53.4,26218.9,,,,,53.4,53.4,53.41,53.41,18254.4
424.09,100.0,26289.7,,,,,100.0,100.0,100.0,100.0,18281.5
425.09,54.78,26218.5,,,,,54.78,54.76,54.77,54.8,18245.6
426.09,53.36,26218.8,,,,,53.35,53.36,53.37,53.36,18278.6
427.09,53.33,26218.9,,,,,53.33,53.34,53.34,53.33,18259.7
428.09,100.0,26218.8,,,,,100.0,100.0,100.0,100.0,18269.8
429.09,100.0,26218.6,,,,,100.0,100.0,100.0,100.0,18262.2
430.09,53.39,26378.9,,,,,53.39,53.39,53.39,53.39,18288.8
431.09,54.68,26218.5,,,,,54.68,54.66,54.7,54.67,18270.8
432.09,53.41,26218.9,,,,,53.41,53.42,53.39,53.4,18279.2
433.09,100.0,26218.5,,,,,100.0,100.0,100.0,100.0,18239.8
434.09,53.41,26218.8,,,,,53.41,53.4,53.4,53.43,18222.1
435.09,53.31,26218.9,,,,,53.31,53.31,53.32,53.28,18242.6
436.1,100.0,26338.9,,,,,100.0,100.0,100.0,100.0,18283.4
437.1,54.68,26218.5,,,,,54.67,54.68,54.7,54.69,18267.8
438.1,53.4,26218.9,,,,,53.39,53.39,53.4,53.4,18237.3
439.1,100.0,26218.8,,,,,100.0,100.0,100.0,100.0,18274.2
440.1,53.41,26218.9,,,,,53.41,53.41,53.42,53.41,18239.8
441.1,100.0,26218.8,,,,,100.0,100.0,100.0,100.0,18243.8
442.1,53.42,26379.0,,,,,53.4,53.42,53.42,53.42,18287.8
443.1,54.7,26218.8,,,,,54.7,54.71,54.7,54.7,18279.1
444.1,53.39,26218.9,,,,,53.38,53.4,53.4,53.4,18253.2
445.1,100.0,26218.8,,,,,100.0,100.0,100.0,100.0,18232.3
446.1,53.38,26228.0,,,,,53.37,53.37,53.39,53.39,18263.2
447.1,100.0,26218.9,,,,,100.0,100.0,100.0,100.0,18238.4
448.1,100.0,26218.8,,,,,100.0,100.0,100.0,100.0,18289.2
449.1,1.37,26218.9,,,,,1.37,1.38,1.37,1.38,18243.0
450.1,100.0,26218.8,,,,,100.0,100.0,100.0,100.0,18278.8
451.1,53.31,26218.9,,,,,53.31,53.29,53.31,53.33,18247.1
452.1,100.0,26218.8,,,,,100.0,100.0,100.0,100.0,18254.6
453.1,53.33,26228.0,,,,,53.33,53.34,53.33,53.34,18256.3
454.1,100.0,26218.5,,,,,100.0,100.0,100.0,100.0,18290.5
455.1,0.0,26218.9,,,,,0.0,0.0,0.0,0.0,18256.2
456.1,100.0,26218.8,,,,,100.0,100.0,100.0,100.0,18231.4
457.1,53.37,26218.9,,,,,53.36,53.37,53.37,53.36,18258.6
458.1,100.0,26218.8,,,,,100.0,100.0,100.0,100.0,18232.7
459.1,100.0,26209.5,,,,,100.0,100.0,100.0,100.0,18262.8
460.1,54.7,26218.5,,,,,54.69,54.71,54.69,54.7,18240.0
461.1,53.39,26218.8,,,,,53.4,53.39,53.4,53.39,18279.1
462.1,53.31,26218.9,,,,,53.3,53.31,53.31,53.31,18242.8
463.1,100.0,26218.8,,,,,100.0,100.0,100.0,100.0,18247.5
464.1,53.33,26218.9,,,,,53.33,53.32,53.34,53.33,18246.0
465.1,100.0,26338.9,,,,,100.0,100.0,100.0,100.0,18288.3
466.1,54.69,26218.5,,,,,54.67,54.69,54.69,54.7,18256.3
467.1,53.41,26218.8,,,,,53.4,53.42,53.41,53.4,18232.5
468.1,53.33,26218.9,,,,,53.34,53.33,53.34,53.32,18259.7
469.1,100.0,26218.9,,,,,100.0,100.0,100.0,100.0,18236.3
470.1,53.33,26228.0,,,,,53.33,53.32,53.33,53.34,18267.2
471.1,100.0,26379.0,,,,,100.0,100.0,100.0,100.0,18291.6
472.1,54.69,26218.9,,,,,54.69,54.68,54.7,54.69,18283.0
473.1,53.39,26218.9,,,,,53.38,53.4,53.39,53.41,18245.5
474.1,100.0,26218.9,,,,,100.0,100.0,100.0,100.0,18250.8
475.1,53.4,26218.9,,,,,53.4,53.39,53.39,53.4,18247.4
476.1,100.0,26218.9,,,,,100.0,100.0,100.0,100.0,18253.3
477.1,53.38,26379.0,,,,,53.38,53.38,53.39,53.37,18292.9
478.1,54.72,26218.9,,,,,54.73,54.71,54.72,54.71,18239.4
479.1,100.0,26209.5,,,,,100.0,100.0,100.0,100.0,18272.0
480.1,53.36,26218.9,,,,,53.36,53.34,53.37,53.35,18242.3
481.1,100.0,26218.7,,,,,100.0,100.0,100.0,100.0,18263.4
482.1,53.32,26218.9,,,,,53.31,53.32,53.33,53.33,18260.0
483.11,53.39,26379.0,,,,,53.39,53.39,53.39,53.39,18294.2
484.11,54.72,26218.9,,,,,54.71,54.71,54.72,54.72,18241.5
485.11,100.0,26218.6,,,,,100.0,100.0,100.0,100.0,18280.9
486.11,53.31,26218.9,,,,,53.32,53.3,53.32,53.3,18242.8
487.11,100.0,26218.9,,,,,100.0,100.0,100.0,100.0,18283.4
488.11,53.33,26218.9,,,,,53.34,53.33,53.34,53.32,18244.8
489.11,100.0,26218.5,,,,,100.0,100.0,100.0,100.0,18231.9
490.11,0.0,26218.9,,,,,0.0,0.0,0.0,0.0,18257.2
491.11,100.0,26218.9,,,,,100.0,100.0,100.0,100.0,18259.9
492.11,53.33,26227.9,,,,,53.32,53.32,53.33,53.33,18270.2
493.11,100.0,26218.9,,,,,100.0,100.0,100.0,100.0,18260.5
494.11,53.33,26277.1,,,,,53.33,53.32,53.34,53.35,18276.4
495.11,100.0,26218.5,,,,,100.0,100.0,100.0,100.0,18242.8
496.11,53.37,26218.9,,,,,53.36,53.37,53.37,53.37,18284.6
497.11,53.35,26218.9,,,,,53.35,53.34,53.36,53.35,18246.3
498.11,100.0,26218.9,,,,,100.0,100.0,100.0,100.0,18274.6
499.11,53.39,26218.9,,,,,53.4,53.39,53.4,53.39,18267.5
500.11,100.0,26289.7,,,,,100.0,100.0,100.0,100.0,18289.4
501.11,54.77,26218.5,,,,,54.78,54.76,54.77,54.78,18255.4
502.11,53.35,26218.9,,,,,53.35,53.34,53.36,53.34,18246.1
503.11,53.38,26218.9,,,,,53.37,53.38,53.38,53.37,18257.4
504.11,100.0,26218.9,,,,,100.0,100.0,100.0,100.0,18286.4
505.11,53.39,26218.9,,,,,53.4,53.39,53.39,53.39,18258.5
506.11,100.0,26338.9,,,,,100.0,100.0,100.0,100.0,18293.4
507.11,54.78,26218.5,,,,,54.77,54.78,54.78,54.78,18276.6
508.11,53.35,26218.9,,,,,53.36,53.34,53.36,53.35,18244.1
509.11,100.0,26218.8,,,,,100.0,100.0,100.0,100.0,18284.8
510.11,53.37,26218.9,,,,,53.37,53.36,53.37,53.37,18265.6
511.11,100.0,26218.8,,,,,100.0,100.0,100.0,100.0,18286.1
512.11,53.3,26379.0,,,,,53.31,53.3,53.3,53.3,18297.5
513.11,54.76,26218.9,,,,,54.75,54.76,54.77,54.77,18288.8
514.11,53.32,26218.9,,,,,53.31,53.31,53.32,53.32,18256.7
515.11,100.0,26218.9,,,,,100.0,100.0,100.0,100.0,18279.1
516.11,53.4,26228.0,,,,,53.39,53.39,53.41,53.4,18270.9
517.11,100.0,26218.9,,,,,100.0,100.0,100.0,100.0,18272.8
518.11,53.3,26379.0,,,,,53.3,53.3,53.3,53.31,18298.5
519.11,54.75,26218.9,,,,,54.75,54.74,54.76,54.75,18246.1
520.11,100.0,26218.8,,,,,100.0,100.0,100.0,100.0,18285.8
521.11,53.33,26218.9,,,,,53.33,53.32,53.32,53.34,18267.2
522.11,100.0,26218.9,,,,,100.0,100.0,100.0,100.0,18289.7
523.11,53.4,26218.9,,,,,53.38,53.41,53.39,53.41,18256.1
524.12,100.0,26218.5,,,,,100.0,100.0,100.0,100.0,18299.6
525.12,0.0,26218.9,,,,,0.0,0.0,0.0,0.0,18256.6
526.12,100.0,26218.9,,,,,100.0,100.0,100.0,100.0,18288.7
527.12,53.35,26218.9,,,,,53.35,53.34,53.36,53.33,18259.1
528.12,100.0,26218.9,,,,,100.0,100.0,100.0,100.0,18289.6
529.12,53.39,26218.9,,,,,53.39,53.38,53.39,53.39,18271.4
530.12,100.0,26218.5,,,,,100.0,100.0,100.0,100.0,18245.4
531.12,53.41,26218.9,,,,,53.41,53.39,53.42,53.42,18289.5
532.12,53.34,26218.9,,,,,53.34,53.33,53.34,53.34,18250.7
533.12,100.0,26209.8,,,,,100.0,100.0,100.0,100.0,18290.0
534.12,53.36,26218.9,,,,,53.35,53.36,53.35,53.39,18254.4
535.12,100.0,26338.9,,,,,100.0,100.0,100.0,100.0,18296.2
536.12,54.72,26218.5,,,,,54.73,54.7,54.74,54.71,18263.5
537.12,53.38,26218.9,,,,,53.37,53.4,53.38,53.39,18290.8
538.12,53.3,26218.9,,,,,53.31,53.3,53.29,53.3,18274.5
539.12,100.0,26218.9,,,,,100.0,100.0,100.0,100.0,18290.9
540.12,100.0,26209.6,,,,,100.0,100.0,100.0,100.0,18284.1
541.12,53.36,26379.0,,,,,53.35,53.36,53.37,53.37,18301.1
542.12,54.68,26218.9,,,,,54.67,54.69,54.68,54.67,18292.8
543.12,53.4,26218.9,,,,,53.4,53.41,53.41,53.4,18263.7
544.12,100.0,26218.9,,,,,100.0,100.0,100.0,100.0,18291.7
545.12,53.36,26218.9,,,,,53.36,53.35,53.37,53.37,18263.9
546.12,100.0,26218.9,,,,,100.0,100.0,100.0,100.0,18292.8
547.12,53.39,26379.0,,,,,53.39,53.38,53.39,53.4,18302.3
548.12,54.7,26218.9,,,,,54.7,54.7,54.71,54.7,18293.2
549.12,100.0,26209.5,,,,,100.0,100.0,100.0,100.0,18279.0
550.12,53.33,26218.9,,,,,53.33,53.33,53.33,53.33,18292.0
551.12,53.38,26228.0,,,,,53.39,53.37,53.37,53.38,18277.8
552.12,100.0,26218.9,,,,,100.0,100.0,100.0,100.0,18249.5
553.12,53.4,26379.0,,,,,53.39,53.4,53.4,53.39,18302.2
554.12,54.71,26218.9,,,,,54.71,54.71,54.72,54.71,18294.4
555.12,100.0,26209.8,,,,,100.0,100.0,100.0,100.0,18292.0
556.12,53.39,26218.9,,,,,53.4,53.39,53.39,53.39,18254.9
557.12,100.0,26218.8,,,,,100.0,100.0,100.0,100.0,18290.6
558.12,53.4,26218.9,,,,,53.4,53.39,53.41,53.4,18254.6
559.12,100.0,26218.5,,,,,100.0,100.0,100.0,100.0,18303.3
560.12,0.0,26218.9,,,,,0.0,0.0,0.0,0.0,18262.0
561.12,100.0,26218.9,,,,,100.0,100.0,100.0,100.0,18293.2
562.12,53.4,26218.9,,,,,53.4,53.41,53.41,53.38,18274.3
563.12,100.0,26218.9,,,,,100.0,100.0,100.0,100.0,18249.2
564.12,100.0,26218.6,,,,,100.0,100.0,100.0,100.0,18282.4
565.12,54.69,26218.5,,,,,54.67,54.69,54.71,54.68,18292.1
566.12,53.39,26218.9,,,,,53.4,53.38,53.39,53.4,18293.8
567.12,53.32,26218.9,,,,,53.33,53.33,53.33,53.31,18256.5
568.12,100.0,26218.9,,,,,100.0,100.0,100.0,100.0,18295.3
569.12,53.33,26218.9,,,,,53.33,53.32,53.33,53.33,18260.2
570.13,100.0,26329.7,,,,,100.0,100.0,100.0,100.0,18300.5
571.13,54.72,26218.5,,,,,54.73,54.71,54.74,54.71,18261.2
572.13,53.38,26218.9,,,,,53.37,53.39,53.38,53.39,18294.2
573.13,53.33,26218.9,,,,,53.31,53.33,53.33,53.34,18269.7
574.13,100.0,26218.9,,,,,100.0,100.0,100.0,100.0,18247.8
575.13,53.37,26218.9,,,,,53.36,53.37,53.37,53.37,18280.1
576.13,100.0,26379.0,,,,,100.0,100.0,100.0,100.0,18305.0
577.13,54.74,26218.9,,,,,54.72,54.73,54.74,54.74,18296.6
578.13,53.37,26218.9,,,,,53.36,53.37,53.37,53.37,18261.1
579.13,100.0,26218.9,,,,,100.0,100.0,100.0,100.0,18295.4
580.13,53.32,26218.9,,,,,53.33,53.32,53.32,53.31,18266.9
581.13,100.0,26218.9,,,,,100.0,100.0,100.0,100.0,18246.5
582.13,53.31,26379.0,,,,,53.3,53.31,53.29,53.32,18305.8
583.13,54.79,26218.9,,,,,54.8,54.78,54.82,54.78,18297.5
584.13,100.0,26209.7,,,,,100.0,100.0,100.0,100.0,18293.5
585.13,53.41,26218.9,,,,,53.42,53.4,53.42,53.41,18256.1
586.13,100.0,26218.8,,,,,100.0,100.0,100.0,100.0,18291.4
587.13,53.4,26218.9,,,,,53.39,53.39,53.41,53.39,18257.4
588.13,100.0,26218.5,,,,,100.0,100.0,100.0,100.0,18306.6
589.13,0.0,26218.9,,,,,0.0,0.0,0.0,0.0,18262.7
590.13,100.0,26218.9,,,,,100.0,100.0,100.0,100.0,18296.6
591.13,53.4,26218.9,,,,,53.4,53.38,53.4,53.4,18263.1
592.13,100.0,26218.9,,,,,100.0,100.0,100.0,100.0,18267.8
593.13,53.36,26228.0,,,,,53.36,53.35,53.36,53.35,18273.0
594.13,100.0,26218.5,,,,,100.0,100.0,100.0,100.0,18307.4
595.13,53.39,26218.5,,,,,53.39,53.39,53.4,53.4,18285.2
596.13,53.34,26218.9,,,,,53.34,53.34,53.34,53.34,18255.0
597.13,100.0,26218.7,,,,,100.0,100.0,100.0,100.0,18285.8
598.13,53.37,26218.9,,,,,53.38,53.36,53.38,53.38,18272.6
599.13,53.35,26268.0,,,,,53.35,53.35,53.36,53.34,18287.2
600.13,100.0,26218.5,,,,,100.0,100.0,100.0,100.0,18255.4
601.13,53.41,26218.9,,,,,53.41,53.41,53.42,53.39,18297.9
602.13,53.33,26218.9,,,,,53.34,53.34,53.34,53.32,18260.5
603.13,100.0,26218.9,,,,,100.0,100.0,100.0,100.0,18265.1
604.13,53.35,26218.9,,,,,53.34,53.35,53.35,53.35,18258.0
605.13,100.0,26298.7,,,,,100.0,100.0,100.0,100.0,18298.9
606.13,54.75,26218.5,,,,,54.75,54.74,54.75,54.75,18260.3
607.13,53.34,26218.9,,,,,53.34,53.34,53.34,53.34,18265.2
608.13,53.4,26218.9,,,,,53.39,53.41,53.4,53.39,18264.7
609.13,100.0,26218.9,,,,,100.0,100.0,100.0,100.0,18281.5
610.13,53.39,26218.9,,,,,53.38,53.39,53.4,53.39,18289.1
611.13,100.0,26338.9,,,,,100.0,100.0,100.0,100.0,18307.2
612.13,54.7,26218.5,,,,,54.7,54.71,54.7,54.7,18278.2
613.13,53.39,26218.9,,,,,53.39,53.38,53.4,53.39,18252.1
614.13,100.0,26209.5,,,,,100.0,100.0,100.0,100.0,18284.9
615.14,53.32,26218.9,,,,,53.33,53.31,53.32,53.33,18273.6
616.14,53.39,26228.0,,,,,53.39,53.38,53.4,53.4,18285.8
617.14,100.0,26379.0,,,,,100.0,100.0,100.0,100.0,18309.8
618.14,54.71,26218.9,,,,,54.72,54.7,54.72,54.71,18300.7
619.14,53.41,26218.9,,,,,53.41,53.41,53.41,53.4,18262.2
620.14,100.0,26218.9,,,,,100.0,100.0,100.0,100.0,18289.3
621.14,53.39,26218.9,,,,,53.38,53.39,53.38,53.39,18268.5
622.14,100.0,26218.9,,,,,100.0,100.0,100.0,100.0,18293.0
623.14,53.39,26379.0,,,,,53.4,53.39,53.4,53.4,18310.6
624.14,54.71,26218.9,,,,,54.7,54.7,54.71,54.72,18251.5
625.14,100.0,26218.6,,,,,100.0,100.0,100.0,100.0,18288.7
626.14,53.33,26218.9,,,,,53.34,53.32,53.33,53.34,18274.6
627.14,100.0,26218.7,,,,,100.0,100.0,100.0,100.0,18296.0
628.14,53.34,26218.9,,,,,53.34,53.32,53.33,53.35,18294.8
629.14,53.37,26379.0,,,,,53.36,53.37,53.38,53.37,18311.2
630.14,54.71,26218.9,,,,,54.72,54.7,54.71,54.71,18260.8
631.14,100.0,26218.9,,,,,100.0,100.0,100.0,100.0,18300.5
632.14,53.33,26218.9,,,,,53.32,53.34,53.33,53.34,18263.7
633.14,100.0,26218.9,,,,,100.0,100.0,100.0,100.0,18301.5
634.14,53.37,26218.9,,,,,53.37,53.37,53.38,53.38,18269.5
635.14,100.0,26218.5,,,,,100.0,100.0,100.0,100.0,18255.1
636.14,53.33,26191.6,,,,,53.33,53.32,53.33,53.32,18299.6
637.14,53.38,26218.9,,,,,53.38,53.38,53.38,53.38,18259.0
638.14,100.0,26218.7,,,,,100.0,100.0,100.0,100.0,18290.5
639.14,53.42,26218.9,,,,,53.42,53.41,53.42,53.42,18288.9
640.14,53.32,26326.1,,,,,53.33,53.31,53.32,53.31,18298.9
641.14,100.0,26218.5,,,,,100.0,100.0,100.0,100.0,18256.8
642.14,53.34,26218.9,,,,,53.33,53.34,53.34,53.34,18302.2
643.14,53.4,26218.9,,,,,53.4,53.39,53.4,53.4,18264.0
644.14,100.0,26218.9,,,,,100.0,100.0,100.0,100.0,18302.4
645.14,53.39,26218.9,,,,,53.38,53.38,53.39,53.4,18265.0
646.14,100.0,26289.7,,,,,100.0,100.0,100.0,100.0,18306.3
647.14,54.76,26218.5,,,,,54.76,54.76,54.77,54.76,18270.7
648.14,53.35,26218.9,,,,,53.34,53.34,53.36,53.36,18303.2
649.14,53.39,26218.9,,,,,53.39,53.38,53.39,53.39,18279.7
650.14,100.0,26218.9,,,,,100.0,100.0,100.0,100.0,18303.5
651.14,53.38,26228.0,,,,,53.37,53.38,53.37,53.38,18287.5
652.14,100.0,26379.0,,,,,100.0,100.0,100.0,100.0,18312.9
653.14,54.74,26218.9,,,,,54.74,54.74,54.74,54.73,18304.3
654.14,53.32,26218.9,,,,,53.32,53.32,53.32,53.33,18285.9
655.14,100.0,26218.9,,,,,100.0,100.0,100.0,100.0,18304.0
656.14,53.33,26218.9,,,,,53.33,53.33,53.33,53.32,18267.1
657.14,100.0,26218.9,,,,,100.0,100.0,100.0,100.0,18304.0
658.14,53.35,26379.0,,,,,53.34,53.36,53.35,53.35,18313.6
659.14,54.73,26218.9,,,,,54.74,54.72,54.72,54.73,18305.6
660.14,100.0,26209.5,,,,,100.0,100.0,100.0,100.0,18295.7
661.14,53.39,26218.9,,,,,53.39,53.39,53.39,53.4,18304.2
662.15,100.0,26218.8,,,,,100.0,100.0,100.0,100.0,18301.9
663.15,53.39,26218.9,,,,,53.39,53.39,53.39,53.38,18263.2
664.15,100.0,26218.5,,,,,100.0,100.0,100.0,100.0,18314.6
665.15,0.0,26218.9,,,,,0.0,0.0,0.0,0.0,18272.7
666.15,100.0,26218.9,,,,,100.0,100.0,100.0,100.0,18304.5
667.15,53.37,26218.9,,,,,53.36,53.37,53.37,53.37,18275.0
668.15,100.0,26218.9,,,,,100.0,100.0,100.0,100.0,18305.1
669.15,53.31,26227.9,,,,,53.31,53.31,53.32,53.31,18278.2
670.15,100.0,26218.5,,,,,100.0,100.0,100.0,100.0,18315.6
671.15,0.0,26218.9,,,,,0.0,0.0,0.0,0.0,18276.5
672.15,100.0,26218.9,,,,,100.0,100.0,100.0,100.0,18305.2
673.15,100.0,26218.5,,,,,100.0,100.0,100.0,100.0,18286.6
674.15,53.39,26218.9,,,,,53.38,53.39,53.42,53.38,18260.4
675.15,100.0,26209.5,,,,,100.0,100.0,100.0,100.0,18296.7
676.15,54.68,26218.5,,,,,54.68,54.68,54.69,54.68,18266.3
677.15,53.4,26218.9,,,,,53.4,53.4,53.4,53.4,18306.2
678.15,53.31,26218.9,,,,,53.3,53.31,53.32,53.32,18275.7
679.15,100.0,26218.9,,,,,100.0,100.0,100.0,100.0,18306.5
680.15,53.33,26218.9,,,,,53.34,53.31,53.34,53.33,18281.3
681.15,100.0,26379.0,,,,,100.0,100.0,100.0,100.0,18316.0
682.15,54.73,26218.9,,,,,54.72,54.72,54.74,54.72,18307.5
683.15,53.38,26218.9,,,,,53.38,53.37,53.38,53.38,18275.4
684.15,100.0,26218.9,,,,,100.0,100.0,100.0,100.0,18306.9
685.15,53.41,26218.9,,,,,53.4,53.4,53.43,53.42,18270.8
686.15,100.0,26218.8,,,,,100.0,100.0,100.0,100.0,18306.3
687.15,53.38,26379.0,,,,,53.38,53.37,53.39,53.37,18317.7
688.15,54.7,26218.9,,,,,54.69,54.7,54.7,54.71,18308.8
689.15,53.39,26218.9,,,,,53.39,53.39,53.4,53.39,18281.1
690.15,100.0,26218.9,,,,,100.0,100.0,100.0,100.0,18307.6
691.15,53.39,26228.0,,,,,53.38,53.38,53.39,53.4,18285.8
692.15,100.0,26218.9,,,,,100.0,100.0,100.0,100.0,18262.9
693.15,53.39,26379.0,,,,,53.37,53.39,53.4,53.39,18318.0
694.15,54.69,26218.9,,,,,54.7,54.7,54.69,54.69,18309.4
695.15,100.0,26209.8,,,,,100.0,100.0,100.0,100.0,18306.2
696.15,53.35,26218.9,,,,,53.33,53.35,53.35,53.35,18269.1
697.15,100.0,26218.9,,,,,100.0,100.0,100.0,100.0,18308.1
698.15,53.32,26218.9,,,,,53.33,53.3,53.33,53.33,18273.2
699.15,100.0,26218.5,,,,,100.0,100.0,100.0,100.0,18318.7
700.15,53.31,26218.5,,,,,53.31,53.3,53.32,53.31,18294.3
701.15,53.4,26218.9,,,,,53.4,53.39,53.4,53.4,18308.6
702.15,100.0,26218.8,,,,,100.0,100.0,100.0,100.0,18306.3
703.15,53.38,26218.9,,,,,53.38,53.39,53.39,53.38,18268.0
704.15,100.0,26218.9,,,,,100.0,100.0,100.0,100.0,18308.8
705.15,54.76,26218.5,,,,,54.76,54.76,54.77,54.77,18280.4
706.15,53.34,26218.9,,,,,53.33,53.34,53.33,53.35,18309.0
707.16,100.0,26218.5,,,,,100.0,100.0,100.0,100.0,18286.6
708.16,53.32,26218.9,,,,,53.31,53.32,53.32,53.32,18261.8
709.16,53.38,26228.0,,,,,53.39,53.37,53.39,53.39,18294.9
710.16,100.0,26379.0,,,,,100.0,100.0,100.0,100.0,18319.0
711.16,54.78,26218.9,,,,,54.78,54.79,54.79,54.77,18311.0
712.16,53.33,26218.9,,,,,53.33,53.33,53.33,53.32,18259.0
713.16,53.38,26218.9,,,,,53.38,53.38,53.38,53.38,18279.3
714.16,100.0,26218.9,,,,,100.0,100.0,100.0,100.0,18287.0
715.16,53.35,26218.9,,,,,53.35,53.36,53.36,53.36,18269.0
716.16,100.0,26298.8,,,,,100.0,100.0,100.0,100.0,18310.7
717.16,54.71,26218.5,,,,,54.7,54.72,54.72,54.72,18280.5
718.16,53.34,26218.9,,,,,53.33,53.33,53.34,53.35,18261.5
719.16,53.38,26227.9,,,,,53.37,53.38,53.39,53.37,18288.8
720.16,100.0,26218.9,,,,,100.0,100.0,100.0,100.0,18265.3
721.16,100.0,26218.7,,,,,100.0,100.0,100.0,100.0,18299.5
722.16,53.32,26379.0,,,,,53.3,53.32,53.32,53.32,18316.6
723.16,54.77,26218.9,,,,,54.77,54.76,54.77,54.77,18264.4
724.16,53.34,26218.9,,,,,53.33,53.33,53.35,53.34,18272.9
725.16,100.0,26218.9,,,,,100.0,100.0,100.0,100.0,18275.5
726.16,53.32,26218.9,,,,,53.32,53.31,53.33,53.32,18278.4
727.16,100.0,26218.9,,,,,100.0,100.0,100.0,100.0,18280.7
728.16,53.35,26379.0,,,,,53.35,53.34,53.36,53.36,18317.7
729.16,54.72,26218.9,,,,,54.72,54.72,54.72,54.74,18266.0
730.16,100.0,26209.5,,,,,100.0,100.0,100.0,100.0,18304.0
731.16,53.35,26218.9,,,,,53.36,53.35,53.37,53.34,18268.2
732.16,100.0,26218.8,,,,,100.0,100.0,100.0,100.0,18305.3
733.16,53.31,26218.9,,,,,53.31,53.32,53.32,53.31,18269.7
734.16,100.0,26218.5,,,,,100.0,100.0,100.0,100.0,18254.2
735.16,0.0,26218.9,,,,,0.0,0.0,0.0,0.0,18279.9
736.16,100.0,26218.9,,,,,100.0,100.0,100.0,100.0,18278.3
737.16,53.32,26218.9,,,,,53.32,53.32,53.32,53.32,18284.2
738.16,100.0,26218.9,,,,,100.0,100.0,100.0,100.0,18282.7
739.16,53.32,26218.9,,,,,53.31,53.32,53.32,53.32,18291.1
740.16,100.0,26218.5,,,,,100.0,100.0,100.0,100.0,18265.4
741.16,53.32,26209.7,,,,,53.31,53.31,53.33,53.31,18306.4
742.16,53.42,26218.9,,,,,53.42,53.41,53.42,53.43,18269.7
743.16,100.0,26209.7,,,,,100.0,100.0,100.0,100.0,18306.9
744.16,53.38,26218.9,,,,,53.37,53.38,53.37,53.39,18271.1
745.16,100.0,26258.9,,,,,100.0,100.0,100.0,100.0,18311.5
746.16,54.77,26218.5,,,,,54.78,54.77,54.77,54.77,18292.4
747.16,53.32,26218.9,,,,,53.33,53.31,53.33,53.32,18268.1
748.16,100.0,26209.7,,,,,100.0,100.0,100.0,100.0,18305.7
749.16,53.34,26218.9,,,,,53.34,53.34,53.36,53.34,18270.0
750.16,100.0,26218.9,,,,,100.0,100.0,100.0,100.0,18309.0
751.16,53.32,26379.0,,,,,53.32,53.32,53.33,53.33,18319.6
752.17,54.77,26218.9,,,,,54.76,54.79,54.78,54.76,18262.3
753.17,100.0,26218.5,,,,,100.0,100.0,100.0,100.0,18283.0
754.17,53.41,26218.9,,,,,53.41,53.4,53.41,53.41,18284.0
755.17,53.37,26218.9,,,,,53.37,53.36,53.38,53.38,18280.6
756.17,100.0,26218.9,,,,,100.0,100.0,100.0,100.0,18302.4
757.17,53.31,26379.0,,,,,53.3,53.31,53.32,53.31,18320.6
758.17,54.78,26218.9,,,,,54.78,54.77,54.79,54.78,18264.1
759.17,53.32,26218.9,,,,,53.32,53.32,53.32,53.33,18291.7
760.17,100.0,26218.9,,,,,100.0,100.0,100.0,100.0,18286.7
761.17,53.32,26237.1,,,,,53.33,53.33,53.33,53.32,18290.3
762.17,100.0,26218.9,,,,,100.0,100.0,100.0,100.0,18297.0
763.17,53.36,26379.0,,,,,53.35,53.37,53.37,53.37,18321.5
764.17,54.74,26218.9,,,,,54.73,54.74,54.75,54.74,18275.7
765.17,100.0,26218.5,,,,,100.0,100.0,100.0,100.0,18300.8
766.17,53.38,26218.9,,,,,53.38,53.38,53.38,53.37,18295.8
767.17,100.0,26209.7,,,,,100.0,100.0,100.0,100.0,18307.5
768.17,53.39,26218.9,,,,,53.39,53.39,53.41,53.38,18297.3
769.17,100.0,26218.5,,,,,100.0,100.0,100.0,100.0,18321.8
770.17,0.0,26218.9,,,,,0.0,0.0,0.0,0.0,18283.5
771.17,100.0,26218.9,,,,,100.0,100.0,100.0,100.0,18302.5
772.17,53.38,26218.9,,,,,53.36,53.38,53.38,53.38,18296.0
773.17,100.0,26218.9,,,,,100.0,100.0,100.0,100.0,18294.8
774.17,53.31,26228.0,,,,,53.31,53.31,53.32,53.3,18300.9
775.17,100.0,26218.5,,,,,100.0,100.0,100.0,100.0,18269.0
776.17,53.32,26218.9,,,,,53.32,53.32,53.33,53.32,18312.1
777.17,53.38,26218.9,,,,,53.38,53.39,53.38,53.37,18273.2
778.17,100.0,26218.9,,,,,100.0,100.0,100.0,100.0,18312.7
779.17,53.36,26218.9,,,,,53.36,53.37,53.37,53.35,18293.3
780.17,100.0,26338.9,,,,,100.0,100.0,100.0,100.0,18319.7
781.17,54.77,26218.5,,,,,54.77,54.76,54.77,54.77,18303.2
782.17,53.32,26218.9,,,,,53.3,53.32,53.33,53.32,18271.9
783.17,100.0,26218.9,,,,,100.0,100.0,100.0,100.0,18313.0
784.17,53.36,26218.9,,,,,53.36,53.37,53.36,53.36,18276.1
785.17,100.0,26218.9,,,,,100.0,100.0,100.0,100.0,18313.4
786.17,53.34,26379.0,,,,,53.33,53.34,53.34,53.34,18322.9
787.17,54.78,26218.9,,,,,54.78,54.77,54.78,54.77,18271.9
788.17,100.0,26200.6,,,,,100.0,100.0,100.0,100.0,18308.6
789.17,53.39,26218.9,,,,,53.4,53.37,53.4,53.38,18291.0
790.17,100.0,26218.8,,,,,100.0,100.0,100.0,100.0,18301.4
791.17,53.4,26218.9,,,,,53.41,53.4,53.41,53.39,18295.3
792.17,100.0,26218.5,,,,,100.0,100.0,100.0,100.0,18324.6
793.17,0.0,26218.9,,,,,0.0,0.0,0.0,0.0,18276.9
794.17,100.0,26218.9,,,,,100.0,100.0,100.0,100.0,18314.2
795.17,53.4,26218.9,,,,,53.4,53.4,53.39,53.41,18279.6
796.18,100.0,26218.9,,,,,100.0,100.0,100.0,100.0,18315.1
797.18,53.4,26218.9,,,,,53.39,53.39,53.41,53.4,18287.0
798.18,100.0,26218.5,,,,,100.0,100.0,100.0,100.0,18268.9
799.18,53.4,26209.5,,,,,53.39,53.4,53.41,53.4,18307.5
800.18,53.35,26218.9,,,,,53.36,53.35,53.36,53.35,18272.0
801.18,100.0,26209.7,,,,,100.0,100.0,100.0,100.0,18308.4
802.18,53.34,26218.9,,,,,53.34,53.34,53.34,53.35,18299.8
803.18,100.0,26218.8,,,,,100.0,100.0,100.0,100.0,18311.0
804.18,54.72,26218.5,,,,,54.72,54.72,54.72,54.72,18277.0
805.18,53.4,26218.9,,,,,53.39,53.41,53.4,53.4,18316.0
806.18,53.32,26218.9,,,,,53.31,53.32,53.33,53.3,18284.0
807.18,100.0,26218.9,,,,,100.0,100.0,100.0,100.0,18315.7
808.18,53.34,26218.9,,,,,53.35,53.34,53.35,53.33,18286.6
809.18,100.0,26338.6,,,,,100.0,100.0,100.0,100.0,18319.3
810.18,54.72,26218.5,,,,,54.71,54.73,54.73,54.72,18280.0
811.18,53.37,26218.9,,,,,53.37,53.37,53.38,53.36,18316.1
812.18,53.32,26218.9,,,,,53.32,53.32,53.32,53.32,18283.5
813.18,100.0,26218.9,,,,,100.0,100.0,100.0,100.0,18317.1
814.18,53.32,26218.9,,,,,53.33,53.33,53.34,53.3,18291.8
815.18,100.0,26379.0,,,,,100.0,100.0,100.0,100.0,18325.9
816.18,54.68,26209.5,,,,,54.66,54.68,54.68,54.69,18309.4
817.18,53.39,26218.9,,,,,53.39,53.39,53.39,53.39,18316.8
818.18,100.0,26218.8,,,,,100.0,100.0,100.0,100.0,18316.3
819.18,53.36,26218.9,,,,,53.36,53.36,53.36,53.37,18279.6
820.18,100.0,26218.9,,,,,100.0,100.0,100.0,100.0,18316.9
821.18,53.36,26379.0,,,,,53.36,53.36,53.37,53.35,18327.0
822.18,54.72,26218.9,,,,,54.72,54.72,54.71,54.73,18319.1
823.18,100.0,26209.6,,,,,100.0,100.0,100.0,100.0,18314.1
824.18,53.35,26218.9,,,,,53.34,53.34,53.35,53.35,18317.7
825.18,100.0,26218.7,,,,,100.0,100.0,100.0,100.0,18313.8
826.18,53.31,26218.9,,,,,53.31,53.31,53.31,53.31,18278.8
827.18,100.0,26218.5,,,,,100.0,100.0,100.0,100.0,18328.0
828.18,0.0,26218.9,,,,,0.0,0.0,0.0,0.0,18282.8
829.18,100.0,26218.9,,,,,100.0,100.0,100.0,100.0,18318.4
830.18,53.39,26218.9,,,,,53.4,53.38,53.4,53.39,18282.0
831.18,100.0,26218.9,,,,,100.0,100.0,100.0,100.0,18318.5
832.18,53.39,26218.9,,,,,53.39,53.38,53.39,53.39,18280.7
833.18,100.0,26218.5,,,,,100.0,100.0,100.0,100.0,18328.3
834.18,0.0,26218.9,,,,,0.0,0.0,0.0,0.0,18284.8
835.18,100.0,26218.9,,,,,100.0,100.0,100.0,100.0,18318.8
836.18,53.35,26218.9,,,,,53.35,53.36,53.36,53.34,18288.1
837.18,100.0,26218.9,,,,,100.0,100.0,100.0,100.0,18291.9
838.18,53.44,26218.9,,,,,53.4,53.45,53.44,53.45,18294.2
839.18,100.0,26218.5,,,,,100.0,100.0,100.0,100.0,18329.8
840.18,53.38,26218.5,,,,,53.36,53.39,53.38,53.38,18303.3
841.19,53.35,26218.9,,,,,53.35,53.35,53.35,53.33,18276.8
842.19,100.0,26209.6,,,,,100.0,100.0,100.0,100.0,18313.3
843.19,53.32,26218.9,,,,,53.32,53.33,53.32,53.32,18280.2
844.19,100.0,26258.7,,,,,100.0,100.0,100.0,100.0,18317.0
845.19,54.74,26218.5,,,,,54.75,54.74,54.75,54.74,18281.1
846.19,53.39,26218.9,,,,,53.38,53.38,53.39,53.39,18319.4
847.19,53.31,26218.9,,,,,53.3,53.31,53.32,53.32,18285.1
848.19,100.0,26218.8,,,,,100.0,100.0,100.0,100.0,18295.2
849.19,53.34,26218.9,,,,,53.33,53.34,53.34,53.34,18299.6
850.19,53.4,26326.2,,,,,53.39,53.4,53.41,53.39,18315.4
851.19,100.0,26218.5,,,,,100.0,100.0,100.0,100.0,18277.1
852.19,53.39,26218.7,,,,,53.4,53.38,53.4,53.38,18317.6
853.19,53.33,26218.9,,,,,53.33,53.33,53.33,53.32,18279.2
854.19,100.0,26218.8,,,,,100.0,100.0,100.0,100.0,18310.7
855.19,53.34,26218.9,,,,,53.34,53.34,53.34,53.33,18306.1
856.19,53.39,26277.0,,,,,53.4,53.39,53.4,53.38,18304.2
857.19,100.0,26218.5,,,,,100.0,100.0,100.0,100.0,18331.7
858.19,0.0,26218.9,,,,,0.0,0.0,0.0,0.0,18293.5
859.19,100.0,26218.9,,,,,100.0,100.0,100.0,100.0,18321.1
860.19,53.38,26218.9,,,,,53.38,53.38,53.38,53.38,18300.8
861.19,100.0,26218.9,,,,,100.0,100.0,100.0,100.0,18321.5
862.19,53.39,26222.9,,,,,53.4,53.38,53.4,53.39,18292.8
863.19,100.0,26218.5,,,,,100.0,100.0,100.0,100.0,18331.7
864.19,0.0,26218.9,,,,,0.0,0.0,0.0,0.0,18292.8
865.19,100.0,26218.9,,,,,100.0,100.0,100.0,100.0,18321.4
866.19,53.4,26218.9,,,,,53.41,53.38,53.41,53.39,18298.4
867.19,100.0,26218.9,,,,,100.0,100.0,100.0,100.0,18296.8
868.19,53.39,26237.1,,,,,53.39,53.39,53.39,53.39,18301.8
869.19,100.0,26218.5,,,,,100.0,100.0,100.0,100.0,18332.4
870.19,53.39,26218.5,,,,,53.38,53.39,53.4,53.4,18307.8
871.19,53.37,26218.9,,,,,53.38,53.37,53.38,53.38,18280.7
872.19,100.0,26209.6,,,,,100.0,100.0,100.0,100.0,18316.8
873.19,53.33,26218.9,,,,,53.33,53.32,53.34,53.34,18282.1
874.19,100.0,26218.9,,,,,100.0,100.0,100.0,100.0,18321.6
875.19,54.7,26218.5,,,,,54.7,54.69,54.71,54.7,18292.6
876.19,53.39,26218.9,,,,,53.39,53.38,53.39,53.39,18322.5
877.19,53.32,26218.9,,,,,53.32,53.32,53.32,53.32,18300.8
878.19,100.0,26218.9,,,,,100.0,100.0,100.0,100.0,18277.5
879.19,53.37,26228.0,,,,,53.36,53.38,53.37,53.38,18309.9
880.19,100.0,26379.0,,,,,100.0,100.0,100.0,100.0,18332.5
881.19,54.71,26218.7,,,,,54.72,54.71,54.71,54.7,18323.6
882.19,53.42,26218.9,,,,,53.39,53.44,53.45,53.4,18282.1
883.19,100.0,26200.6,,,,,100.0,100.0,100.0,100.0,18319.3
884.19,53.31,26218.9,,,,,53.31,53.32,53.31,53.3,18283.9
885.19,100.0,26218.9,,,,,100.0,100.0,100.0,100.0,18311.7
886.19,53.39,26379.0,,,,,53.39,53.39,53.39,53.39,18332.8
887.19,54.71,26218.9,,,,,54.71,54.7,54.71,54.71,18274.9
888.2,100.0,26218.5,,,,,100.0,100.0,100.0,100.0,18307.7
889.2,53.34,26218.9,,,,,53.34,53.33,53.35,53.34,18281.6
890.2,100.0,26218.8,,,,,100.0,100.0,100.0,100.0,18322.9
891.2,53.35,26218.9,,,,,53.35,53.35,53.35,53.35,18284.4
892.2,100.0,26218.5,,,,,100.0,100.0,100.0,100.0,18333.7
893.2,0.0,26218.9,,,,,0.0,0.0,0.0,0.0,18298.2
894.2,100.0,26218.9,,,,,100.0,100.0,100.0,100.0,18276.9
895.2,100.0,26218.5,,,,,100.0,100.0,100.0,100.0,18306.6
896.2,53.34,26218.9,,,,,53.33,53.34,53.34,53.35,18282.8
897.2,100.0,26218.8,,,,,100.0,100.0,100.0,100.0,18320.1
898.2,54.74,26218.5,,,,,54.72,54.74,54.74,54.74,18287.7
899.2,53.36,26218.9,,,,,53.36,53.35,53.35,53.36,18324.6
900.2,53.36,26218.9,,,,,53.35,53.35,53.37,53.37,18293.0
901.2,100.0,26218.9,,,,,100.0,100.0,100.0,100.0,18276.3
902.2,53.35,26218.9,,,,,53.34,53.37,53.36,53.35,18302.3
903.2,100.0,26379.1,,,,,100.0,100.0,100.0,100.0,18334.7
904.2,54.68,26200.7,,,,,54.67,54.69,54.68,54.68,18324.2
905.2,53.41,26218.9,,,,,53.41,53.4,53.42,53.4,18284.6
906.2,53.35,26237.1,,,,,53.36,53.34,53.36,53.36,18312.3
907.2,100.0,26218.9,,,,,100.0,100.0,100.0,100.0,18302.1
908.2,53.4,26246.2,,,,,53.4,53.4,53.4,53.4,18304.6
909.2,100.0,26379.0,,,,,100.0,100.0,100.0,100.0,18335.7
910.2,54.79,26191.6,,,,,54.79,54.8,54.79,54.79,18324.2
911.2,53.37,26218.9,,,,,53.36,53.36,53.37,53.37,18285.2
912.2,100.0,26209.8,,,,,100.0,100.0,100.0,100.0,18324.8
913.2,53.34,26218.9,,,,,53.35,53.33,53.35,53.34,18287.3
914.2,100.0,26218.8,,,,,100.0,100.0,100.0,100.0,18324.1
915.2,53.33,26379.0,,,,,53.33,53.33,53.34,53.34,18336.0
916.2,54.78,26218.9,,,,,54.79,54.77,54.79,54.76,18291.8
917.2,53.34,26218.9,,,,,53.34,53.34,53.34,53.35,18289.1
918.2,100.0,26218.9,,,,,100.0,100.0,100.0,100.0,18326.1
919.2,53.3,26218.9,,,,,53.3,53.31,53.31,53.27,18288.1
920.2,100.0,26218.8,,,,,100.0,100.0,100.0,100.0,18326.2
921.2,53.37,26379.0,,,,,53.37,53.37,53.37,53.37,18336.6
922.2,54.71,26218.9,,,,,54.71,54.71,54.71,54.7,18320.2
923.2,53.37,26218.9,,,,,53.36,53.36,53.37,53.38,18295.8
924.2,100.0,26218.9,,,,,100.0,100.0,100.0,100.0,18316.7
925.2,53.38,26218.9,,,,,53.38,53.37,53.38,53.39,18298.5
926.2,100.0,26218.9,,,,,100.0,100.0,100.0,100.0,18327.3
927.2,53.39,26379.0,,,,,53.4,53.39,53.4,53.37,18336.7
928.2,54.71,26218.9,,,,,54.72,54.69,54.72,54.72,18308.1
929.2,100.0,26218.5,,,,,100.0,100.0,100.0,100.0,18304.3
930.2,53.37,26218.9,,,,,53.36,53.36,53.38,53.37,18327.2
931.2,53.33,26228.0,,,,,53.34,53.32,53.34,53.33,18300.8
932.21,100.0,26218.9,,,,,100.0,100.0,100.0,100.0,18319.8
933.21,53.32,26379.0,,,,,53.32,53.32,53.32,53.31,18337.9
934.21,54.77,26218.9,,,,,54.76,54.77,54.78,54.78,18329.3
935.21,100.0,26209.5,,,,,100.0,100.0,100.0,100.0,18315.5
936.21,53.4,26218.9,,,,,53.39,53.4,53.4,53.41,18327.9
937.21,100.0,26209.6,,,,,100.0,100.0,100.0,100.0,18323.0
938.21,53.37,26218.9,,,,,53.37,53.36,53.38,53.35,18287.1
939.21,100.0,26218.5,,,,,100.0,100.0,100.0,100.0,18338.0
940.21,0.0,26218.9,,,,,0.0,0.0,0.0,0.0,18291.9
941.21,100.0,26218.9,,,,,100.0,100.0,100.0,100.0,18328.6
942.21,53.37,26218.9,,,,,53.36,53.37,53.38,53.36,18292.1
943.21,100.0,26209.8,,,,,100.0,100.0,100.0,100.0,18328.9
944.21,53.39,26218.9,,,,,53.4,53.39,53.39,53.39,18300.5
945.21,100.0,26218.5,,,,,100.0,100.0,100.0,100.0,18339.3
946.21,0.0,26218.9,,,,,0.0,0.0,0.0,0.0,18304.0
947.21,100.0,26218.9,,,,,100.0,100.0,100.0,100.0,18328.9
948.21,100.0,26218.6,,,,,100.0,100.0,100.0,100.0,18319.4
949.21,53.36,26218.9,,,,,53.35,53.36,53.36,53.35,18289.0
950.21,100.0,26209.7,,,,,100.0,100.0,100.0,100.0,18325.1
951.21,54.73,26218.5,,,,,54.72,54.73,54.73,54.72,18292.3
952.21,53.41,26218.9,,,,,53.4,53.41,53.42,53.4,18329.6
953.21,53.34,26218.9,,,,,53.34,53.33,53.34,53.35,18290.8
954.21,100.0,26218.8,,,,,100.0,100.0,100.0,100.0,18325.9
955.21,53.33,26218.9,,,,,53.33,53.34,53.32,53.34,18292.0
956.21,100.0,26258.7,,,,,100.0,100.0,100.0,100.0,18325.7
957.21,54.75,26218.5,,,,,54.74,54.74,54.75,54.76,18288.7
958.21,53.37,26218.9,,,,,53.38,53.37,53.38,53.36,18329.8
959.21,53.33,26218.9,,,,,53.31,53.33,53.33,53.32,18292.5
960.21,100.0,26218.9,,,,,100.0,100.0,100.0,100.0,18297.1
961.21,53.34,26218.9,,,,,53.35,53.31,53.35,53.34,18293.2
962.21,100.0,26258.9,,,,,100.0,100.0,100.0,100.0,18332.3
963.21,54.71,26218.5,,,,,54.7,54.7,54.71,54.72,18308.5
964.21,53.4,26218.9,,,,,53.41,53.39,53.41,53.4,18287.0
965.21,100.0,26191.5,,,,,100.0,100.0,100.0,100.0,18319.6
966.21,53.39,26218.9,,,,,53.39,53.39,53.39,53.39,18290.3
967.21,100.0,26218.8,,,,,100.0,100.0,100.0,100.0,18327.6
968.21,53.39,26379.0,,,,,53.39,53.39,53.38,53.39,18341.3
969.21,54.69,26218.9,,,,,54.68,54.68,54.69,54.71,18332.5
970.21,53.4,26218.9,,,,,53.41,53.41,53.41,53.37,18295.4
971.21,100.0,26218.8,,,,,100.0,100.0,100.0,100.0,18296.2
972.21,53.4,26218.9,,,,,53.4,53.4,53.4,53.42,18298.3
973.21,100.0,26218.8,,,,,100.0,100.0,100.0,100.0,18308.9
974.21,53.42,26379.0,,,,,53.4,53.43,53.43,53.42,18341.9
975.21,54.71,26218.9,,,,,54.7,54.73,54.72,54.71,18332.7
976.21,53.36,26218.9,,,,,53.36,53.36,53.37,53.36,18292.4
977.21,100.0,26218.7,,,,,100.0,100.0,100.0,100.0,18328.1
978.22,53.32,26218.9,,,,,53.31,53.34,53.34,53.31,18327.8
979.22,100.0,26200.7,,,,,100.0,100.0,100.0,100.0,18320.5
980.22,53.32,26379.0,,,,,53.3,53.33,53.32,53.32,18342.5
981.22,54.79,26218.9,,,,,54.79,54.79,54.79,54.79,18334.0
982.22,53.33,26218.9,,,,,53.33,53.33,53.34,53.33,18304.9
983.22,100.0,26218.9,,,,,100.0,100.0,100.0,100.0,18332.7
984.22,53.34,26218.9,,,,,53.34,53.35,53.35,53.34,18306.7
985.22,100.0,26218.9,,,,,100.0,100.0,100.0,100.0,18333.2
986.22,53.31,26379.0,,,,,53.33,53.3,53.33,53.29,18342.3
987.22,54.75,26218.6,,,,,54.73,54.75,54.75,54.77,18324.5
988.22,53.36,26218.9,,,,,53.37,53.37,53.34,53.37,18289.6
989.22,100.0,26209.7,,,,,100.0,100.0,100.0,100.0,18321.7
990.22,53.31,26218.9,,,,,53.31,53.3,53.31,53.31,18290.2
991.22,100.0,26218.8,,,,,100.0,100.0,100.0,100.0,18300.8
992.22,53.33,26379.0,,,,,53.33,53.33,53.33,53.32,18339.1
993.22,54.76,26218.9,,,,,54.75,54.76,54.77,54.76,18330.0
994.22,53.31,26218.9,,,,,53.31,53.31,53.32,53.31,18293.3
995.22,100.0,26218.9,,,,,100.0,100.0,100.0,100.0,18296.5
996.22,53.33,26218.9,,,,,53.34,53.33,53.34,53.32,18294.4
997.22,100.0,26218.8,,,,,100.0,100.0,100.0,100.0,18309.7
998.22,53.33,26379.0,,,,,53.34,53.32,53.34,53.34,18339.4
999.22,54.76,26218.9,,,,,54.75,54.77,54.78,54.74,18278.9
1000.22,53.36,26218.9,,,,,53.35,53.36,53.35,53.36,18300.9
1001.22,100.0,26218.9,,,,,100.0,100.0,100.0,100.0,18302.1
1002.22,53.36,26218.9,,,,,53.37,53.35,53.36,53.36,18296.1
1003.22,100.0,26209.8,,,,,100.0,100.0,100.0,100.0,18325.4
1004.22,53.34,26379.0,,,,,53.36,53.33,53.36,53.33,18339.9
1005.22,54.71,26218.9,,,,,54.7,54.73,54.71,54.71,18297.6
1006.22,53.37,26218.9,,,,,53.37,53.35,53.37,53.37,18300.1
1007.22,100.0,26218.9,,,,,100.0,100.0,100.0,100.0,18320.8
1008.22,53.35,26218.9,,,,,53.35,53.35,53.35,53.35,18305.9
1009.22,100.0,26218.9,,,,,100.0,100.0,100.0,100.0,18324.3
1010.22,53.37,26379.0,,,,,53.36,53.38,53.37,53.36,18340.9
1011.22,54.72,26218.9,,,,,54.7,54.72,54.73,54.72,18332.3
1012.22,53.38,26218.9,,,,,53.39,53.38,53.38,53.38,18303.7
1013.22,100.0,26218.9,,,,,100.0,100.0,100.0,100.0,18331.5
1014.22,53.31,26218.9,,,,,53.31,53.31,53.31,53.32,18312.5
1015.22,100.0,26218.9,,,,,100.0,100.0,100.0,100.0,18331.9
1016.22,53.32,26379.0,,,,,53.33,53.3,53.31,53.33,18341.5
1017.22,54.8,26218.9,,,,,54.8,54.8,54.8,54.8,18292.1
1018.22,100.0,26218.9,,,,,100.0,100.0,100.0,100.0,18331.4
1019.22,53.41,26218.9,,,,,53.41,53.41,53.41,53.4,18296.5
1020.22,100.0,26218.9,,,,,100.0,100.0,100.0,100.0,18331.7
1021.22,53.38,26218.9,,,,,53.38,53.37,53.38,53.38,18299.7
1022.22,100.0,26218.5,,,,,100.0,100.0,100.0,100.0,18288.3
1023.22,53.39,26191.6,,,,,53.4,53.39,53.4,53.39,18330.0
1024.23,53.32,26218.9,,,,,53.33,53.33,53.33,53.32,18291.3
1025.23,100.0,26200.7,,,,,100.0,100.0,100.0,100.0,18329.5
1026.23,53.33,26218.9,,,,,53.34,53.32,53.34,53.33,18332.4
1027.23,100.0,26218.8,,,,,100.0,100.0,100.0,100.0,18327.3
1028.23,54.73,26218.5,,,,,54.72,54.74,54.74,54.73,18294.5
1029.23,53.36,26218.9,,,,,53.36,53.36,53.37,53.35,18332.4
1030.23,53.31,26218.9,,,,,53.3,53.31,53.31,53.3,18300.2
1031.23,100.0,26218.9,,,,,100.0,100.0,100.0,100.0,18332.8
1032.23,53.35,26218.9,,,,,53.34,53.35,53.35,53.34,18299.9
1033.23,100.0,26298.7,,,,,100.0,100.0,100.0,100.0,18334.3
1034.23,54.69,26218.5,,,,,54.7,54.7,54.69,54.68,18299.1
1035.23,53.4,26218.9,,,,,53.4,53.39,53.41,53.42,18333.6
1036.23,53.33,26218.9,,,,,53.33,53.32,53.33,53.33,18307.2
1037.23,100.0,26218.9,,,,,100.0,100.0,100.0,100.0,18333.6
1038.23,100.0,26209.5,,,,,100.0,100.0,100.0,100.0,18323.2
1039.23,53.35,26379.0,,,,,53.35,53.34,53.35,53.36,18343.3
1040.23,54.72,26218.9,,,,,54.73,54.71,54.73,54.72,18335.3
1041.23,53.39,26218.9,,,,,53.39,53.38,53.4,53.4,18303.1
1042.23,100.0,26218.9,,,,,100.0,100.0,100.0,100.0,18333.9
1043.23,53.39,26218.9,,,,,53.4,53.38,53.39,53.38,18304.9
1044.23,100.0,26218.9,,,,,100.0,100.0,100.0,100.0,18334.0
1045.23,53.37,26379.0,,,,,53.38,53.37,53.37,53.37,18343.8
1046.23,54.72,26218.9,,,,,54.71,54.72,54.71,54.74,18327.7
1047.23,100.0,26218.7,,,,,100.0,100.0,100.0,100.0,18332.5
1048.23,53.37,26218.9,,,,,53.38,53.37,53.37,53.35,18327.2
1049.23,100.0,26218.9,,,,,100.0,100.0,100.0,100.0,18334.8
1050.23,53.33,26218.9,,,,,53.33,53.34,53.33,53.34,18298.9
1051.23,100.0,26218.5,,,,,100.0,100.0,100.0,100.0,18344.9
1052.23,0.0,26218.9,,,,,0.0,0.0,0.0,0.0,18309.8
1053.23,100.0,26218.9,,,,,100.0,100.0,100.0,100.0,18335.0
1054.23,53.38,26218.9,,,,,53.38,53.38,53.38,53.38,18310.2
1055.23,100.0,26218.9,,,,,100.0,100.0,100.0,100.0,18335.4
1056.23,53.38,26218.9,,,,,53.38,53.37,53.39,53.37,18303.7
1057.23,100.0,26218.5,,,,,100.0,100.0,100.0,100.0,18345.1
1058.23,53.3,26218.5,,,,,53.3,53.3,53.31,53.3,18314.2
1059.23,53.37,26218.9,,,,,53.38,53.37,53.37,53.37,18335.7
1060.23,53.39,26228.0,,,,,53.39,53.38,53.39,53.4,18312.1
1061.23,100.0,26218.9,,,,,100.0,100.0,100.0,100.0,18322.6
1062.23,53.39,26277.0,,,,,53.37,53.39,53.39,53.4,18318.8
1063.23,100.0,26218.5,,,,,100.0,100.0,100.0,100.0,18346.7
1064.23,53.39,26218.7,,,,,53.38,53.39,53.39,53.38,18335.7
1065.23,53.35,26218.9,,,,,53.35,53.34,53.35,53.35,18298.6
1066.23,100.0,26209.8,,,,,100.0,100.0,100.0,100.0,18336.1
1067.23,53.33,26218.9,,,,,53.34,53.32,53.34,53.34,18302.4
1068.23,100.0,26329.6,,,,,100.0,100.0,100.0,100.0,18342.6
1069.23,54.7,26218.5,,,,,54.69,54.7,54.72,54.7,18308.0
1070.23,53.41,26218.9,,,,,53.42,53.41,53.4,53.41,18287.7
1071.24,53.32,26218.9,,,,,53.34,53.31,53.34,53.3,18317.2
1072.24,100.0,26218.9,,,,,100.0,100.0,100.0,100.0,18291.8
1073.24,100.0,26218.6,,,,,100.0,100.0,100.0,100.0,18313.0
1074.24,53.37,26379.0,,,,,53.36,53.37,53.37,53.37,18346.8
1075.24,54.69,26218.9,,,,,54.69,54.68,54.7,54.69,18338.7
1076.24,53.4,26218.9,,,,,53.4,53.4,53.4,53.4,18305.3
1077.24,100.0,26218.9,,,,,100.0,100.0,100.0,100.0,18286.9
1078.24,53.39,26218.9,,,,,53.38,53.39,53.4,53.39,18304.8
1079.24,100.0,26218.9,,,,,100.0,100.0,100.0,100.0,18310.3
1080.24,53.41,26379.0,,,,,53.4,53.4,53.41,53.41,18348.5
1081.24,54.7,26218.9,,,,,54.7,54.68,54.7,54.69,18290.3
1082.24,100.0,26218.5,,,,,100.0,100.0,100.0,100.0,18321.5
1083.24,53.32,26218.9,,,,,53.33,53.3,53.33,53.33,18294.8
1084.24,100.0,26209.7,,,,,100.0,100.0,100.0,100.0,18309.2
1085.24,53.31,26218.9,,,,,53.31,53.31,53.32,53.31,18301.6
1086.24,100.0,26218.5,,,,,100.0,100.0,100.0,100.0,18349.0
1087.24,0.0,26218.9,,,,,0.0,0.0,0.0,0.0,18308.5
1088.24,100.0,26218.9,,,,,100.0,100.0,100.0,100.0,18288.9
1089.24,53.33,26218.9,,,,,53.33,53.33,53.33,53.34,18315.9
1090.24,100.0,26218.9,,,,,100.0,100.0,100.0,100.0,18290.5
1091.24,53.33,26218.9,,,,,53.33,53.33,53.33,53.33,18321.0
1092.24,100.0,26218.5,,,,,100.0,100.0,100.0,100.0,18299.7
1093.24,53.3,26218.9,,,,,53.3,53.29,53.3,53.29,18339.1
1094.24,53.4,26218.9,,,,,53.4,53.4,53.4,53.41,18307.6
1095.24,100.0,26218.9,,,,,100.0,100.0,100.0,100.0,18288.9
1096.24,53.39,26218.9,,,,,53.39,53.38,53.41,53.4,18311.1
1097.24,100.0,26298.9,,,,,100.0,100.0,100.0,100.0,18344.7
1098.24,54.75,26218.5,,,,,54.76,54.75,54.74,54.76,18319.5
1099.24,53.33,26218.9,,,,,53.33,53.32,53.35,53.34,18295.6
1100.24,100.0,26209.5,,,,,100.0,100.0,100.0,100.0,18329.6
1101.24,53.34,26218.9,,,,,53.34,53.34,53.34,53.34,18299.3
1102.24,100.0,26218.7,,,,,100.0,100.0,100.0,100.0,18323.2
1103.24,53.32,26379.0,,,,,53.32,53.33,53.32,53.32,18349.9
1104.24,54.78,26218.9,,,,,54.78,54.78,54.78,54.79,18341.8
1105.24,53.36,26218.9,,,,,53.36,53.36,53.37,53.36,18310.6
1106.24,100.0,26218.9,,,,,100.0,100.0,100.0,100.0,18290.9
1107.24,53.32,26218.9,,,,,53.32,53.3,53.32,53.33,18315.4
1108.24,100.0,26218.9,,,,,100.0,100.0,100.0,100.0,18313.4
1109.24,53.31,26379.0,,,,,53.31,53.31,53.31,53.31,18350.7
1110.24,54.73,26218.9,,,,,54.75,54.72,54.75,54.69,18300.2
1111.24,100.0,26209.6,,,,,100.0,100.0,100.0,100.0,18336.6
1112.24,53.37,26218.9,,,,,53.38,53.36,53.39,53.36,18301.1
1113.24,100.0,26218.8,,,,,100.0,100.0,100.0,100.0,18325.4
1114.24,53.38,26218.9,,,,,53.37,53.37,53.39,53.38,18303.3
1115.24,100.0,26218.5,,,,,100.0,100.0,100.0,100.0,18351.3
1116.24,0.0,26218.9,,,,,0.0,0.0,0.0,0.0,18312.1
1117.24,100.0,26218.9,,,,,100.0,100.0,100.0,100.0,18291.7
1118.25,53.37,26218.9,,,,,53.37,53.35,53.37,53.38,18320.3
1119.25,100.0,26218.9,,,,,100.0,100.0,100.0,100.0,18296.2
1120.25,53.34,26228.0,,,,,53.34,53.34,53.34,53.34,18325.5
1121.25,100.0,26218.5,,,,,100.0,100.0,100.0,100.0,18300.2
1122.25,53.36,26209.8,,,,,53.36,53.36,53.37,53.35,18341.1
1123.25,53.34,26218.9,,,,,53.35,53.33,53.34,53.33,18304.2
1124.25,100.0,26209.7,,,,,100.0,100.0,100.0,100.0,18312.1
1125.25,53.37,26218.9,,,,,53.36,53.37,53.37,53.37,18322.0
1126.25,100.0,26298.7,,,,,100.0,100.0,100.0,100.0,18340.4
1127.25,54.7,26218.5,,,,,54.69,54.7,54.71,54.7,18301.6
1128.25,53.39,26218.9,,,,,53.39,53.4,53.39,53.39,18308.8
1129.25,53.37,26218.9,,,,,53.35,53.37,53.37,53.37,18305.6
1130.25,100.0,26218.9,,,,,100.0,100.0,100.0,100.0,18332.5
1131.25,53.32,26218.9,,,,,53.32,53.32,53.32,53.32,18305.6
1132.25,100.0,26290.7,,,,,100.0,100.0,100.0,100.0,18344.0
1133.25,54.76,26218.5,,,,,54.75,54.78,54.77,54.75,18307.9
1134.25,53.35,26218.9,,,,,53.36,53.34,53.34,53.34,18316.1
1135.25,53.36,26218.9,,,,,53.35,53.35,53.36,53.37,18312.8
1136.25,100.0,26218.9,,,,,100.0,100.0,100.0,100.0,18335.5
1137.25,53.31,26218.9,,,,,53.31,53.3,53.31,53.3,18318.9
1138.25,100.0,26338.9,,,,,100.0,100.0,100.0,100.0,18350.6
1139.25,54.7,26191.5,,,,,54.7,54.7,54.7,54.71,18337.6
1140.25,53.4,26218.9,,,,,53.4,53.39,53.4,53.4,18301.2
1141.25,100.0,26218.7,,,,,100.0,100.0,100.0,100.0,18342.0
1142.25,53.37,26218.9,,,,,53.38,53.37,53.38,53.37,18329.2
1143.25,100.0,26209.7,,,,,100.0,100.0,100.0,100.0,18332.1
1144.25,53.39,26379.0,,,,,53.38,53.39,53.4,53.38,18354.4
1145.25,54.69,26218.8,,,,,54.69,54.68,54.7,54.69,18345.5
1146.25,53.41,26218.9,,,,,53.4,53.4,53.4,53.41,18329.1
1147.25,100.0,26200.7,,,,,100.0,100.0,100.0,100.0,18343.3
1148.25,53.4,26218.9,,,,,53.39,53.4,53.41,53.4,18332.7
1149.25,100.0,26218.9,,,,,100.0,100.0,100.0,100.0,18345.6
1150.25,53.38,26379.0,,,,,53.39,53.38,53.38,53.39,18354.5
1151.25,54.74,26218.9,,,,,54.73,54.73,54.75,54.73,18346.8
1152.25,53.35,26218.9,,,,,53.34,53.36,53.34,53.36,18326.4
1153.25,100.0,26218.9,,,,,100.0,100.0,100.0,100.0,18328.8
1154.25,53.4,26237.1,,,,,53.4,53.4,53.41,53.4,18334.9
1155.25,100.0,26218.9,,,,,100.0,100.0,100.0,100.0,18339.2
1156.25,100.0,26218.5,,,,,100.0,100.0,100.0,100.0,18355.5
1157.25,0.01,26218.9,,,,,0.01,0.01,0.01,0.01,18305.9
1158.25,100.0,26209.7,,,,,100.0,100.0,100.0,100.0,18340.8
1159.25,53.35,26218.9,,,,,53.35,53.35,53.35,53.34,18339.6
1160.25,100.0,26209.7,,,,,100.0,100.0,100.0,100.0,18339.5
1161.25,53.34,26218.9,,,,,53.34,53.33,53.34,53.34,18309.1
1162.26,100.0,26218.5,,,,,100.0,100.0,100.0,100.0,18356.6
1163.26,0.0,26218.9,,,,,0.0,0.0,0.0,0.0,18308.3
1164.26,100.0,26218.8,,,,,100.0,100.0,100.0,100.0,18342.2
1165.26,53.35,26218.9,,,,,53.36,53.35,53.36,53.33,18307.9
1166.26,53.37,26246.2,,,,,53.35,53.37,53.37,53.38,18302.4
1167.26,100.0,26218.9,,,,,100.0,100.0,100.0,100.0,18332.9
1168.26,53.4,26379.0,,,,,53.4,53.41,53.4,53.4,18357.8
1169.26,54.69,26218.9,,,,,54.68,54.7,54.7,54.7,18304.9
1170.26,100.0,26191.5,,,,,100.0,100.0,100.0,100.0,18337.0
1171.26,53.32,26218.9,,,,,53.32,53.33,53.33,53.31,18323.6
1172.26,53.4,26246.2,,,,,53.39,53.4,53.4,53.39,18333.8
1173.26,100.0,26218.8,,,,,100.0,100.0,100.0,100.0,18323.6
1174.26,53.39,26379.0,,,,,53.4,53.39,53.41,53.38,18358.3
1175.26,54.74,26218.9,,,,,54.76,54.73,54.75,54.74,18348.8
1176.26,53.36,26218.9,,,,,53.35,53.35,53.36,53.37,18320.3
1177.26,100.0,26218.9,,,,,100.0,100.0,100.0,100.0,18347.6
1178.26,53.41,26218.9,,,,,53.4,53.41,53.41,53.43,18331.0
1179.26,100.0,26218.9,,,,,100.0,100.0,100.0,100.0,18340.0
1180.26,100.0,26218.8,,,,,100.0,100.0,100.0,100.0,18357.6
1181.26,1.37,26218.9,,,,,1.37,1.38,1.37,1.37,18309.0
1182.26,100.0,26218.9,,,,,100.0,100.0,100.0,100.0,18348.0
1183.26,53.34,26218.9,,,,,53.33,53.34,53.36,53.36,18313.7
1184.26,100.0,26218.9,,,,,100.0,100.0,100.0,100.0,18349.0
1185.26,53.33,26218.9,,,,,53.32,53.33,53.33,53.33,18316.5
1186.26,100.0,26218.5,,,,,100.0,100.0,100.0,100.0,18297.0
1187.26,53.33,26218.5,,,,,53.33,53.32,53.32,53.32,18328.6
1188.26,53.39,26218.9,,,,,53.39,53.38,53.39,53.38,18340.2
1189.26,53.34,26228.0,,,,,53.34,53.34,53.34,53.33,18333.1
1190.26,100.0,26218.9,,,,,100.0,100.0,100.0,100.0,18349.2
1191.26,53.33,26228.0,,,,,53.33,53.33,53.34,53.32,18332.0
1192.26,100.0,26218.5,,,,,100.0,100.0,100.0,100.0,18304.7
1193.26,53.38,26218.9,,,,,53.39,53.39,53.39,53.38,18348.8
1194.26,53.32,26218.9,,,,,53.33,53.31,53.33,53.31,18311.3
1195.26,100.0,26218.9,,,,,100.0,100.0,100.0,100.0,18349.2
1196.26,53.34,26218.9,,,,,53.35,53.34,53.35,53.34,18320.6
1197.26,100.0,26298.9,,,,,100.0,100.0,100.0,100.0,18353.9
1198.26,54.78,26218.5,,,,,54.79,54.77,54.79,54.77,18337.0
1199.26,53.34,26218.9,,,,,53.34,53.34,53.35,53.34,18333.2
1200.26,100.0,26209.7,,,,,100.0,100.0,100.0,100.0,18343.5
1201.26,53.33,26218.9,,,,,53.32,53.32,53.33,53.34,18342.8
1202.26,100.0,26209.8,,,,,100.0,100.0,100.0,100.0,18349.4
1203.26,53.37,26379.0,,,,,53.38,53.35,53.37,53.36,18360.0
1204.26,54.75,26218.9,,,,,54.74,54.75,54.74,54.75,18351.5
1205.26,53.33,26218.9,,,,,53.34,53.32,53.34,53.33,18325.5
1206.27,100.0,26218.9,,,,,100.0,100.0,100.0,100.0,18350.2
1207.27,53.31,26227.9,,,,,53.31,53.31,53.32,53.31,18331.2
1208.27,100.0,26218.9,,,,,100.0,100.0,100.0,100.0,18342.2
1209.27,100.0,26218.8,,,,,100.0,100.0,100.0,100.0,18360.2
1210.27,1.38,26218.9,,,,,1.38,1.38,1.37,1.38,18313.3
1211.27,100.0,26218.9,,,,,100.0,100.0,100.0,100.0,18350.5
1212.27,53.39,26218.9,,,,,53.38,53.39,53.39,53.38,18321.2
1213.27,100.0,26218.9,,,,,100.0,100.0,100.0,100.0,18350.8
1214.27,53.39,26218.9,,,,,53.38,53.4,53.4,53.39,18319.2
1215.27,100.0,26218.5,,,,,100.0,100.0,100.0,100.0,18304.3
1216.27,53.39,26200.5,,,,,53.4,53.39,53.39,53.39,18344.6
1217.27,53.37,26218.9,,,,,53.35,53.36,53.38,53.38,18351.0
1218.27,100.0,26218.7,,,,,100.0,100.0,100.0,100.0,18345.6
1219.27,53.38,26218.9,,,,,53.39,53.37,53.39,53.39,18349.7
1220.27,53.37,26246.2,,,,,53.37,53.37,53.37,53.37,18343.1
1221.27,100.0,26218.5,,,,,100.0,100.0,100.0,100.0,18341.2
1222.27,53.34,26209.8,,,,,53.33,53.34,53.35,53.34,18351.0
1223.27,53.34,26218.9,,,,,53.35,53.33,53.35,53.34,18344.0
1224.27,100.0,26218.8,,,,,100.0,100.0,100.0,100.0,18346.0
1225.27,53.34,26218.9,,,,,53.33,53.34,53.34,53.34,18313.5
1226.27,53.38,26317.1,,,,,53.38,53.38,53.38,53.36,18346.1
1227.27,100.0,26218.5,,,,,100.0,100.0,100.0,100.0,18362.9
1228.27,53.41,26218.8,,,,,53.42,53.41,53.4,53.4,18351.5
1229.27,53.33,26218.9,,,,,53.32,53.33,53.33,53.33,18312.9
1230.27,100.0,26209.8,,,,,100.0,100.0,100.0,100.0,18351.4
1231.27,53.34,26218.9,,,,,53.34,53.32,53.35,53.33,18313.0
1232.27,100.0,26218.9,,,,,100.0,100.0,100.0,100.0,18351.9
1233.27,54.73,26218.5,,,,,54.72,54.74,54.73,54.74,18323.8
1234.27,53.37,26218.9,,,,,53.38,53.36,53.38,53.35,18352.6
1235.27,53.32,26218.9,,,,,53.31,53.33,53.32,53.33,18333.9
1236.27,100.0,26218.9,,,,,100.0,100.0,100.0,100.0,18309.2
1237.27,53.37,26218.9,,,,,53.37,53.37,53.37,53.37,18333.1
1238.27,100.0,26338.9,,,,,100.0,100.0,100.0,100.0,18361.0
1239.27,54.76,26218.5,,,,,54.74,54.77,54.77,54.76,18335.5
1240.27,53.33,26218.9,,,,,53.34,53.32,53.33,53.33,18311.4
1241.27,100.0,26209.6,,,,,100.0,100.0,100.0,100.0,18345.9
1242.27,53.33,26218.9,,,,,53.33,53.34,53.33,53.34,18312.1
1243.27,100.0,26218.7,,,,,100.0,100.0,100.0,100.0,18338.1
1244.27,53.35,26379.0,,,,,53.34,53.35,53.36,53.35,18363.4
1245.27,54.75,26218.9,,,,,54.74,54.74,54.76,54.75,18355.1
1246.27,53.39,26218.9,,,,,53.39,53.39,53.39,53.39,18316.9
1247.27,100.0,26218.9,,,,,100.0,100.0,100.0,100.0,18321.1
1248.27,53.4,26218.9,,,,,53.39,53.39,53.41,53.4,18319.5
1249.27,100.0,26218.8,,,,,100.0,100.0,100.0,100.0,18333.7
1250.27,53.35,26379.0,,,,,53.36,53.36,53.36,53.34,18364.7
1251.27,54.71,26218.9,,,,,54.7,54.7,54.72,54.71,18324.1
1252.28,53.41,26218.9,,,,,53.42,53.4,53.42,53.4,18319.7
1253.28,100.0,26218.9,,,,,100.0,100.0,100.0,100.0,18345.8
1254.28,53.41,26218.9,,,,,53.42,53.4,53.42,53.41,18325.2
1255.28,100.0,26218.9,,,,,100.0,100.0,100.0,100.0,18337.5
1256.28,53.39,26379.0,,,,,53.4,53.39,53.4,53.39,18365.2
1257.28,54.7,26218.9,,,,,54.69,54.7,54.71,54.69,18313.4
1258.28,100.0,26209.7,,,,,100.0,100.0,100.0,100.0,18353.3
1259.28,53.33,26218.9,,,,,53.32,53.33,53.32,53.33,18315.2
1260.28,100.0,26218.8,,,,,100.0,100.0,100.0,100.0,18351.5
1261.28,53.32,26218.9,,,,,53.33,53.32,53.32,53.31,18349.1
1262.28,53.38,26379.0,,,,,53.39,53.38,53.39,53.38,18361.9
1263.28,54.71,26218.9,,,,,54.72,54.71,54.71,54.71,18353.3
1264.28,53.39,26218.9,,,,,53.39,53.38,53.39,53.39,18321.6
1265.28,100.0,26218.8,,,,,100.0,100.0,100.0,100.0,18348.2
1266.28,53.4,26228.0,,,,,53.4,53.4,53.4,53.39,18335.6
1267.28,100.0,26218.8,,,,,100.0,100.0,100.0,100.0,18319.8
1268.28,53.39,26379.0,,,,,53.4,53.39,53.39,53.37,18361.3
1269.28,54.7,26218.9,,,,,54.7,54.7,54.71,54.69,18353.1
1270.28,53.39,26218.9,,,,,53.39,53.39,53.39,53.39,18330.5
1271.28,100.0,26218.9,,,,,100.0,100.0,100.0,100.0,18307.7
1272.28,100.0,26209.5,,,,,100.0,100.0,100.0,100.0,18336.6
1273.28,53.34,26218.9,,,,,53.34,53.34,53.34,53.34,18312.3
1274.28,100.0,26218.5,,,,,100.0,100.0,100.0,100.0,18361.8
1275.28,0.0,26218.9,,,,,0.0,0.0,0.0,0.0,18320.4
1276.28,100.0,26218.9,,,,,100.0,100.0,100.0,100.0,18352.2
1277.28,53.33,26218.9,,,,,53.33,53.33,53.33,53.33,18326.6
1278.28,100.0,26218.9,,,,,100.0,100.0,100.0,100.0,18307.1
1279.28,53.32,26228.0,,,,,53.33,53.31,53.33,53.31,18334.0
1280.28,100.0,26218.5,,,,,100.0,100.0,100.0,100.0,18362.9
1281.28,53.36,26209.8,,,,,53.36,53.35,53.36,53.36,18352.0
1282.28,53.42,26218.9,,,,,53.42,53.42,53.42,53.4,18315.3
1283.28,100.0,26218.8,,,,,100.0,100.0,100.0,100.0,18351.4
1284.28,53.38,26218.9,,,,,53.39,53.38,53.38,53.37,18320.7
1285.28,100.0,26298.7,,,,,100.0,100.0,100.0,100.0,18355.5
1286.28,54.74,26218.5,,,,,54.73,54.74,54.75,54.72,18317.5
1287.28,53.33,26218.9,,,,,53.32,53.34,53.33,53.33,18353.3
1288.28,53.4,26218.9,,,,,53.4,53.39,53.41,53.41,18324.4
1289.28,100.0,26218.9,,,,,100.0,100.0,100.0,100.0,18307.3
1290.28,53.4,26218.9,,,,,53.39,53.38,53.41,53.41,18333.5
1291.28,100.0,26379.0,,,,,100.0,100.0,100.0,100.0,18363.2
1292.28,54.74,26218.9,,,,,54.73,54.75,54.74,54.73,18355.3
1293.28,53.32,26218.9,,,,,53.31,53.32,53.33,53.33,18320.2
1294.28,100.0,26218.9,,,,,100.0,100.0,100.0,100.0,18354.0
1295.28,53.33,26218.9,,,,,53.31,53.33,53.34,53.34,18322.2
1296.28,100.0,26218.9,,,,,100.0,100.0,100.0,100.0,18326.7
1297.28,53.33,26379.0,,,,,53.32,53.33,53.32,53.33,18364.2
1298.28,54.78,26218.9,,,,,54.78,54.79,54.79,54.76,18356.0
1299.29,100.0,26200.6,,,,,100.0,100.0,100.0,100.0,18347.8
1300.29,53.39,26218.9,,,,,53.4,53.39,53.39,53.38,18315.7
1301.29,100.0,26209.7,,,,,100.0,100.0,100.0,100.0,18349.3
1302.29,53.39,26218.9,,,,,53.39,53.39,53.39,53.39,18316.3
1303.29,100.0,26218.5,,,,,100.0,100.0,100.0,100.0,18365.1
1304.29,0.0,26218.9,,,,,0.0,0.0,0.0,0.0,18322.8
1305.29,100.0,26218.9,,,,,100.0,100.0,100.0,100.0,18355.3
1306.29,53.39,26218.9,,,,,53.4,53.38,53.39,53.39,18329.3
1307.29,100.0,26218.9,,,,,100.0,100.0,100.0,100.0,18310.3
1308.29,53.4,26218.9,,,,,53.39,53.4,53.4,53.4,18330.2
1309.29,100.0,26218.5,,,,,100.0,100.0,100.0,100.0,18365.4
1310.29,53.4,26209.5,,,,,53.42,53.39,53.4,53.37,18345.4
1311.29,53.32,26218.9,,,,,53.31,53.33,53.33,53.32,18315.8
1312.29,100.0,26218.6,,,,,100.0,100.0,100.0,100.0,18343.4
1313.29,53.37,26218.9,,,,,53.36,53.36,53.36,53.38,18323.0
1314.29,53.35,26228.0,,,,,53.34,53.35,53.35,53.34,18344.0
1315.29,100.0,26218.5,,,,,100.0,100.0,100.0,100.0,18316.0
1316.29,53.42,26218.9,,,,,53.42,53.4,53.42,53.42,18356.3
1317.29,53.34,26218.9,,,,,53.34,53.33,53.34,53.34,18321.6
1318.29,100.0,26218.9,,,,,100.0,100.0,100.0,100.0,18312.0
1319.29,53.32,26218.9,,,,,53.32,53.32,53.32,53.32,18323.8
1320.29,100.0,26298.9,,,,,100.0,100.0,100.0,100.0,18361.8
1321.29,54.71,26218.5,,,,,54.71,54.7,54.71,54.7,18341.2
1322.29,53.41,26218.9,,,,,53.41,53.42,53.42,53.41,18316.1
1323.29,100.0,26209.6,,,,,100.0,100.0,100.0,100.0,18352.9
1324.29,53.4,26218.9,,,,,53.4,53.41,53.41,53.4,18318.5
1325.29,100.0,26209.8,,,,,100.0,100.0,100.0,100.0,18347.0
1326.29,53.34,26379.0,,,,,53.34,53.34,53.35,53.35,18367.2
1327.29,54.7,26218.9,,,,,54.7,54.71,54.7,54.7,18359.0
1328.29,100.0,26218.5,,,,,100.0,100.0,100.0,100.0,18341.4
1329.29,53.31,26218.9,,,,,53.31,53.32,53.31,53.32,18316.2
1330.29,53.4,26246.2,,,,,53.4,53.41,53.4,53.4,18350.5
1331.29,100.0,26218.9,,,,,100.0,100.0,100.0,100.0,18317.3
1332.29,100.0,26218.8,,,,,100.0,100.0,100.0,100.0,18368.1
1333.29,1.37,26218.9,,,,,1.37,1.38,1.37,1.38,18322.1
1334.29,100.0,26218.9,,,,,100.0,100.0,100.0,100.0,18358.4
1335.29,53.38,26218.9,,,,,53.37,53.37,53.39,53.38,18326.4
1336.29,100.0,26218.9,,,,,100.0,100.0,100.0,100.0,18319.8
1337.29,53.4,26218.9,,,,,53.39,53.41,53.41,53.39,18331.8
1338.29,100.0,26218.5,,,,,100.0,100.0,100.0,100.0,18368.7
1339.29,53.38,26200.6,,,,,53.4,53.38,53.4,53.36,18354.3
1340.29,53.34,26218.9,,,,,53.34,53.33,53.34,53.34,18318.0
1341.29,100.0,26218.8,,,,,100.0,100.0,100.0,100.0,18357.0
1342.29,53.36,26218.9,,,,,53.35,53.36,53.37,53.37,18320.0
1343.29,100.0,26218.8,,,,,100.0,100.0,100.0,100.0,18352.6
1344.29,54.77,26218.5,,,,,54.76,54.77,54.77,54.77,18319.5
1345.3,53.33,26218.9,,,,,53.33,53.33,53.33,53.34,18305.3
1346.3,53.38,26218.9,,,,,53.38,53.38,53.38,53.37,18324.0
1347.3,100.0,26218.9,,,,,100.0,100.0,100.0,100.0,18338.2
1348.3,53.41,26218.9,,,,,53.4,53.42,53.41,53.41,18323.8
1349.3,100.0,26298.9,,,,,100.0,100.0,100.0,100.0,18364.8
1350.3,54.69,26218.5,,,,,54.67,54.7,54.66,54.7,18333.8
1351.3,53.41,26218.9,,,,,53.42,53.39,53.43,53.4,18313.0
1352.3,53.36,26218.9,,,,,53.36,53.37,53.36,53.35,18339.7
1353.3,100.0,26218.9,,,,,100.0,100.0,100.0,100.0,18336.2
1354.3,53.38,26237.1,,,,,53.38,53.37,53.39,53.39,18347.0
1355.3,100.0,26379.0,,,,,100.0,100.0,100.0,100.0,18370.9
1356.3,54.77,26218.9,,,,,54.77,54.78,54.78,54.77,18353.4
1357.3,53.32,26218.9,,,,,53.33,53.31,53.33,53.31,18325.1
1358.3,100.0,26218.9,,,,,100.0,100.0,100.0,100.0,18339.8
1359.3,53.32,26218.9,,,,,53.33,53.31,53.33,53.3,18335.5
1360.3,100.0,26218.9,,,,,100.0,100.0,100.0,100.0,18353.7
1361.3,53.31,26379.0,,,,,53.31,53.31,53.32,53.32,18370.9
1362.3,54.79,26218.9,,,,,54.79,54.78,54.79,54.78,18320.4
1363.3,100.0,26218.8,,,,,100.0,100.0,100.0,100.0,18358.6
1364.3,53.37,26218.9,,,,,53.37,53.36,53.36,53.37,18324.7
1365.3,100.0,26218.8,,,,,100.0,100.0,100.0,100.0,18340.7
1366.3,53.36,26218.9,,,,,53.36,53.35,53.37,53.37,18330.1
1367.3,100.0,26218.5,,,,,100.0,100.0,100.0,100.0,18310.3
1368.3,53.38,26218.5,,,,,53.39,53.38,53.39,53.38,18344.4
1369.3,53.34,26218.9,,,,,53.34,53.33,53.34,53.34,18320.2
1370.3,100.0,26191.5,,,,,100.0,100.0,100.0,100.0,18356.8
1371.3,53.34,26218.9,,,,,53.33,53.33,53.35,53.34,18321.8
1372.3,100.0,26200.7,,,,,100.0,100.0,100.0,100.0,18361.3
1373.3,54.69,26218.5,,,,,54.7,54.69,54.68,54.69,18332.8
1374.3,53.39,26218.9,,,,,53.38,53.39,53.39,53.39,18312.6
1375.3,53.32,26218.9,,,,,53.32,53.32,53.32,53.32,18342.2
1376.3,100.0,26218.9,,,,,100.0,100.0,100.0,100.0,18318.3
1377.3,100.0,26218.7,,,,,100.0,100.0,100.0,100.0,18356.2
1378.3,53.4,26379.0,,,,,53.4,53.41,53.41,53.4,18372.7
1379.3,54.7,26218.9,,,,,54.69,54.69,54.7,54.69,18364.4
1380.3,53.39,26218.9,,,,,53.39,53.39,53.39,53.39,18328.2
1381.3,100.0,26209.7,,,,,100.0,100.0,100.0,100.0,18339.5
1382.3,53.34,26218.9,,,,,53.34,53.34,53.34,53.35,18329.7
1383.3,100.0,26218.7,,,,,100.0,100.0,100.0,100.0,18342.8
1384.3,53.4,26379.0,,,,,53.41,53.38,53.41,53.4,18373.5
1385.3,54.71,26218.9,,,,,54.7,54.73,54.72,54.71,18312.7
1386.3,53.39,26218.9,,,,,53.38,53.4,53.4,53.39,18340.6
1387.3,100.0,26218.9,,,,,100.0,100.0,100.0,100.0,18316.0
1388.3,53.39,26218.9,,,,,53.39,53.4,53.4,53.38,18342.0
1389.3,100.0,26218.9,,,,,100.0,100.0,100.0,100.0,18347.2
1390.3,53.35,26379.0,,,,,53.36,53.34,53.36,53.35,18373.6
1391.31,54.72,26218.9,,,,,54.73,54.72,54.72,54.72,18320.4
1392.31,100.0,26209.5,,,,,100.0,100.0,100.0,100.0,18352.0
1393.31,53.37,26218.9,,,,,53.37,53.38,53.38,53.36,18322.3
1394.31,100.0,26209.8,,,,,100.0,100.0,100.0,100.0,18363.2
1395.31,53.33,26218.9,,,,,53.32,53.32,53.33,53.33,18325.0
1396.31,100.0,26218.5,,,,,100.0,100.0,100.0,100.0,18311.5
1397.31,0.0,26218.9,,,,,0.0,0.0,0.0,0.0,18341.9
1398.31,100.0,26218.9,,,,,100.0,100.0,100.0,100.0,18318.7
1399.31,53.33,26218.9,,,,,53.32,53.34,53.32,53.35,18351.4
1400.31,100.0,26218.9,,,,,100.0,100.0,100.0,100.0,18339.3
1401.31,53.32,26228.0,,,,,53.33,53.31,53.33,53.3,18353.2
1402.31,100.0,26218.1,,,,,100.0,100.0,100.0,100.0,18324.1
1403.31,53.32,26218.5,,,,,53.31,53.32,53.31,53.33,18342.4
1404.31,53.4,26218.5,,,,,53.4,53.38,53.41,53.4,18327.3
1405.31,100.0,26218.5,,,,,100.0,100.0,100.0,100.0,18355.2
1406.31,53.41,26378.5,,,,,53.4,53.41,53.43,53.4,18375.2
1407.31,54.69,26218.9,,,,,54.68,54.7,54.69,54.7,18315.7
1408.31,53.4,26218.9,,,,,53.4,53.4,53.42,53.4,18341.2
1409.31,100.0,26218.9,,,,,100.0,100.0,100.0,100.0,18318.6
1410.31,100.0,26218.5,,,,,100.0,100.0,100.0,100.0,18350.7
1411.31,53.35,26218.9,,,,,53.34,53.35,53.35,53.35,18322.4
1412.31,100.0,26218.5,,,,,100.0,100.0,100.0,100.0,18376.0
1413.31,0.0,26218.9,,,,,0.0,0.0,0.0,0.0,18335.0
1414.31,100.0,26218.9,,,,,100.0,100.0,100.0,100.0,18315.4
1415.31,53.39,26218.9,,,,,53.39,53.4,53.4,53.38,18330.4
1416.31,100.0,26218.9,,,,,100.0,100.0,100.0,100.0,18345.7
1417.31,53.38,26218.9,,,,,53.39,53.38,53.38,53.38,18333.0
1418.31,100.0,26218.5,,,,,100.0,100.0,100.0,100.0,18315.1
1419.31,53.37,26218.5,,,,,53.36,53.38,53.37,53.38,18350.0
1420.31,53.34,26218.9,,,,,53.34,53.33,53.34,53.34,18331.0
1421.31,53.39,26228.0,,,,,53.39,53.38,53.4,53.38,18353.1
1422.31,100.0,26218.9,,,,,100.0,100.0,100.0,100.0,18350.3
1423.31,53.39,26268.0,,,,,53.4,53.39,53.4,53.39,18357.4
1424.31,100.0,26218.5,,,,,100.0,100.0,100.0,100.0,18323.8
1425.31,53.4,26200.6,,,,,53.41,53.39,53.41,53.39,18366.5
1426.31,53.32,26218.9,,,,,53.33,53.32,53.33,53.32,18325.4
1427.31,100.0,26209.7,,,,,100.0,100.0,100.0,100.0,18364.7
1428.31,53.41,26218.9,,,,,53.42,53.42,53.42,53.39,18360.4
1429.31,100.0,26209.6,,,,,100.0,100.0,100.0,100.0,18359.7
1430.31,54.7,26218.5,,,,,54.7,54.7,54.7,54.71,18330.9
1431.31,53.39,26218.9,,,,,53.39,53.39,53.4,53.39,18368.4
1432.31,53.32,26218.9,,,,,53.32,53.32,53.32,53.32,18334.3
1433.31,100.0,26218.9,,,,,100.0,100.0,100.0,100.0,18369.7
1434.31,53.32,26218.9,,,,,53.33,53.32,53.32,53.32,18341.4
1435.32,100.0,26338.9,,,,,100.0,100.0,100.0,100.0,18375.8
1436.32,54.71,26218.5,,,,,54.71,54.7,54.71,54.71,18351.6
1437.32,53.39,26218.9,,,,,53.38,53.39,53.39,53.4,18351.4
1438.32,100.0,26191.5,,,,,100.0,100.0,100.0,100.0,18358.4
1439.32,53.4,26218.9,,,,,53.41,53.39,53.4,53.41,18344.6
1440.32,53.32,26246.2,,,,,53.33,53.32,53.33,53.32,18360.2
1441.32,100.0,26379.0,,,,,100.0,100.0,100.0,100.0,18379.9
1442.32,54.72,26218.9,,,,,54.71,54.71,54.72,54.72,18370.7
1443.32,53.4,26218.9,,,,,53.39,53.4,53.4,53.39,18345.9
1444.32,100.0,26218.9,,,,,100.0,100.0,100.0,100.0,18370.1
1445.32,53.41,26218.9,,,,,53.42,53.4,53.41,53.4,18331.3
1446.32,100.0,26218.8,,,,,100.0,100.0,100.0,100.0,18367.8
1447.32,53.39,26379.0,,,,,53.39,53.39,53.39,53.4,18379.7
1448.32,54.75,26218.9,,,,,54.76,54.74,54.76,54.74,18371.3
1449.32,53.33,26218.9,,,,,53.33,53.32,53.33,53.32,18341.6
1450.32,100.0,26218.9,,,,,100.0,100.0,100.0,100.0,18369.9
1451.32,53.35,26218.9,,,,,53.35,53.34,53.36,53.36,18348.5
1452.32,100.0,26218.9,,,,,100.0,100.0,100.0,100.0,18325.1
1453.32,53.41,26379.0,,,,,53.41,53.4,53.42,53.43,18380.3
1454.32,54.71,26218.9,,,,,54.72,54.69,54.71,54.7,18355.4
1455.32,100.0,26218.9,,,,,100.0,100.0,100.0,100.0,18370.5
1456.32,53.33,26218.9,,,,,53.33,53.32,53.33,53.33,18333.9
1457.32,100.0,26218.9,,,,,100.0,100.0,100.0,100.0,18371.2
1458.32,53.33,26218.9,,,,,53.33,53.32,53.33,53.33,18338.7
1459.32,100.0,26218.5,,,,,100.0,100.0,100.0,100.0,18380.8
1460.32,53.33,26209.5,,,,,53.33,53.33,53.33,53.32,18361.3
1461.32,53.39,26218.9,,,,,53.39,53.39,53.39,53.38,18371.1
1462.32,100.0,26209.7,,,,,100.0,100.0,100.0,100.0,18367.0
1463.32,53.39,26218.9,,,,,53.4,53.39,53.4,53.38,18332.6
1464.32,100.0,26264.7,,,,,100.0,100.0,100.0,100.0,18368.4
1465.32,54.75,26218.5,,,,,54.75,54.76,54.76,54.75,18330.9
1466.32,53.34,26218.9,,,,,53.33,53.35,53.34,53.35,18371.9
1467.32,53.39,26218.9,,,,,53.39,53.4,53.41,53.37,18337.9
1468.32,100.0,26218.9,,,,,100.0,100.0,100.0,100.0,18371.7
1469.32,53.39,26218.9,,,,,53.4,53.39,53.4,53.38,18336.2
1470.32,100.0,26249.7,,,,,100.0,100.0,100.0,100.0,18373.5
1471.32,54.77,26218.5,,,,,54.77,54.77,54.77,54.77,18341.3
1472.32,53.34,26218.9,,,,,53.35,53.34,53.35,53.32,18372.2
1473.32,53.39,26218.9,,,,,53.39,53.39,53.39,53.37,18346.6
1474.32,100.0,26218.9,,,,,100.0,100.0,100.0,100.0,18325.2
1475.32,53.38,26218.9,,,,,53.38,53.37,53.39,53.38,18348.0
1476.32,100.0,26338.9,,,,,100.0,100.0,100.0,100.0,18379.7
1477.32,54.72,26218.5,,,,,54.71,54.73,54.71,54.72,18353.5
1478.32,53.38,26218.9,,,,,53.37,53.38,53.38,53.38,18330.7
1479.32,100.0,26218.6,,,,,100.0,100.0,100.0,100.0,18361.5
1480.32,53.35,26218.9,,,,,53.36,53.34,53.35,53.34,18332.4
1481.32,100.0,26218.7,,,,,100.0,100.0,100.0,100.0,18353.5
1482.32,53.33,26379.0,,,,,53.33,53.33,53.34,53.32,18382.6
1483.33,54.76,26218.9,,,,,54.76,54.76,54.77,54.76,18374.7
1484.33,53.34,26218.9,,,,,53.35,53.33,53.34,53.34,18342.9
1485.33,100.0,26218.9,,,,,100.0,100.0,100.0,100.0,18321.7
1486.33,53.34,26218.9,,,,,53.33,53.33,53.35,53.33,18347.2
1487.33,100.0,26218.9,,,,,100.0,100.0,100.0,100.0,18326.0
1488.33,53.31,26379.0,,,,,53.31,53.31,53.32,53.31,18383.0
1489.33,54.77,26218.9,,,,,54.77,54.77,54.78,54.76,18336.6
1490.33,100.0,26218.9,,,,,100.0,100.0,100.0,100.0,18373.9
1491.33,53.4,26218.9,,,,,53.4,53.39,53.39,53.4,18340.6
1492.33,100.0,26218.9,,,,,100.0,100.0,100.0,100.0,18326.2
1493.33,53.38,26218.9,,,,,53.37,53.38,53.39,53.39,18353.6
1494.33,100.0,26218.5,,,,,100.0,100.0,100.0,100.0,18384.0
1495.33,53.39,26218.9,,,,,53.39,53.39,53.38,53.39,18374.1
1496.33,53.37,26218.9,,,,,53.37,53.36,53.38,53.38,18338.9
1497.33,100.0,26218.9,,,,,100.0,100.0,100.0,100.0,18374.8
1498.33,53.33,26218.9,,,,,53.33,53.33,53.33,53.33,18345.5
1499.33,100.0,26338.9,,,,,100.0,100.0,100.0,100.0,18382.3
1500.33,54.77,26218.5,,,,,54.78,54.77,54.77,54.75,18359.0
1501.33,53.36,26218.9,,,,,53.35,53.35,53.36,53.36,18375.2
1502.33,100.0,26218.7,,,,,100.0,100.0,100.0,100.0,18369.8
1503.33,53.39,26218.9,,,,,53.38,53.39,53.4,53.38,18336.8
1504.33,100.0,26218.8,,,,,100.0,100.0,100.0,100.0,18374.3
1505.33,53.38,26379.0,,,,,53.39,53.36,53.39,53.38,18384.9
1506.33,54.75,26218.9,,,,,54.74,54.75,54.75,54.75,18376.8
1507.33,53.3,26218.9,,,,,53.31,53.29,53.32,53.29,18346.5
1508.33,100.0,26218.9,,,,,100.0,100.0,100.0,100.0,18376.0
1509.33,53.36,26218.9,,,,,53.36,53.36,53.37,53.37,18357.0
1510.33,100.0,26218.9,,,,,100.0,100.0,100.0,100.0,18331.5
1511.33,53.38,26379.0,,,,,53.39,53.37,53.39,53.39,18385.7
1512.33,54.7,26218.9,,,,,54.7,54.7,54.71,54.7,18377.6
1513.33,100.0,26200.7,,,,,100.0,100.0,100.0,100.0,18373.2
1514.33,53.34,26218.9,,,,,53.35,53.33,53.35,53.33,18335.8
1515.33,100.0,26218.8,,,,,100.0,100.0,100.0,100.0,18376.3
1516.33,53.36,26218.9,,,,,53.36,53.37,53.36,53.36,18343.1
1517.33,100.0,26218.5,,,,,100.0,100.0,100.0,100.0,18386.6
1518.33,0.0,26218.9,,,,,0.0,0.0,0.0,0.0,18354.6
1519.33,100.0,26218.9,,,,,100.0,100.0,100.0,100.0,18377.0
1520.33,100.0,26218.6,,,,,100.0,100.0,100.0,100.0,18367.6
1521.33,53.36,26218.9,,,,,53.35,53.36,53.35,53.36,18335.7
1522.33,100.0,26249.6,,,,,100.0,100.0,100.0,100.0,18373.0
1523.33,54.76,26218.5,,,,,54.77,54.75,54.76,54.75,18347.0
1524.33,53.32,26218.9,,,,,53.31,53.31,53.33,53.33,18377.6
1525.33,53.35,26218.9,,,,,53.35,53.35,53.36,53.36,18347.6
1526.33,100.0,26218.9,,,,,100.0,100.0,100.0,100.0,18326.4
1527.33,53.38,26218.9,,,,,53.37,53.37,53.38,53.38,18349.6
1528.33,100.0,26379.0,,,,,100.0,100.0,100.0,100.0,18387.0
1529.34,54.76,26182.5,,,,,54.76,54.76,54.75,54.76,18374.0
1530.34,53.34,26218.9,,,,,53.32,53.34,53.35,53.34,18337.6
1531.34,100.0,26218.8,,,,,100.0,100.0,100.0,100.0,18374.7
1532.34,53.34,26218.9,,,,,53.34,53.35,53.35,53.33,18337.9
1533.34,100.0,26218.9,,,,,100.0,100.0,100.0,100.0,18354.7
1534.34,53.33,26338.9,,,,,53.33,53.32,53.33,53.33,18384.8
1535.34,54.77,26218.9,,,,,54.74,54.78,54.78,54.78,18376.2
1536.34,100.0,26218.5,,,,,100.0,100.0,100.0,100.0,18349.0
1537.34,53.35,26218.9,,,,,53.35,53.35,53.35,53.35,18329.3
1538.34,53.37,26218.9,,,,,53.36,53.37,53.38,53.36,18359.9
1539.34,100.0,26218.9,,,,,100.0,100.0,100.0,100.0,18331.8
1540.34,100.0,26377.3,,,,,100.0,100.0,100.0,100.0,18383.8
1541.34,1.38,26218.9,,,,,1.37,1.38,1.37,1.38,18338.3
1542.34,100.0,26218.9,,,,,100.0,100.0,100.0,100.0,18374.5
1543.34,53.39,26218.9,,,,,53.4,53.38,53.4,53.38,18342.6
1544.34,100.0,26218.9,,,,,100.0,100.0,100.0,100.0,18327.0
1545.34,53.37,26218.9,,,,,53.36,53.37,53.38,53.37,18347.2
1546.34,100.0,26218.5,,,,,100.0,100.0,100.0,100.0,18384.8
1547.34,53.37,26218.5,,,,,53.36,53.37,53.38,53.37,18362.2
1548.34,53.38,26218.9,,,,,53.39,53.38,53.38,53.37,18336.2
1549.34,100.0,26218.8,,,,,100.0,100.0,100.0,100.0,18373.5
1550.34,53.39,26218.9,,,,,53.4,53.38,53.38,53.39,18337.9
1551.34,100.0,26218.9,,,,,100.0,100.0,100.0,100.0,18375.2
1552.34,54.7,26218.5,,,,,54.71,54.69,54.7,54.7,18352.3
1553.34,53.39,26218.9,,,,,53.37,53.4,53.4,53.4,18375.7
1554.34,100.0,26218.5,,,,,100.0,100.0,100.0,100.0,18354.3
1555.34,53.41,26218.9,,,,,53.42,53.41,53.41,53.39,18334.2
1556.34,53.33,26237.1,,,,,53.33,53.33,53.33,53.32,18365.6
1557.34,100.0,26338.9,,,,,100.0,100.0,100.0,100.0,18383.3
1558.34,54.69,26218.5,,,,,54.69,54.7,54.7,54.69,18362.7
1559.34,53.41,26218.9,,,,,53.41,53.4,53.42,53.4,18335.9
1560.34,100.0,26200.7,,,,,100.0,100.0,100.0,100.0,18373.3
1561.34,53.41,26218.9,,,,,53.42,53.4,53.43,53.4,18337.8
1562.34,100.0,26209.7,,,,,100.0,100.0,100.0,100.0,18359.2
1563.34,53.38,26379.0,,,,,53.37,53.38,53.38,53.39,18386.5
1564.34,54.69,26218.9,,,,,54.68,54.69,54.7,54.69,18378.0
1565.34,53.39,26218.9,,,,,53.39,53.39,53.4,53.39,18344.4
1566.34,100.0,26218.9,,,,,100.0,100.0,100.0,100.0,18325.5
1567.34,53.36,26218.9,,,,,53.35,53.36,53.36,53.36,18346.6
1568.34,100.0,26218.9,,,,,100.0,100.0,100.0,100.0,18350.9
1569.34,53.39,26379.0,,,,,53.39,53.37,53.39,53.4,18387.8
1570.34,54.71,26218.9,,,,,54.7,54.72,54.73,54.71,18329.4
1571.34,53.38,26218.9,,,,,53.38,53.38,53.38,53.38,18359.2
1572.34,100.0,26218.9,,,,,100.0,100.0,100.0,100.0,18334.3
1573.35,53.4,26228.0,,,,,53.4,53.39,53.4,53.4,18369.0
1574.35,100.0,26218.9,,,,,100.0,100.0,100.0,100.0,18336.9
1575.35,100.0,26218.5,,,,,100.0,100.0,100.0,100.0,18387.5
1576.35,0.0,26218.9,,,,,0.0,0.0,0.0,0.0,18349.1
1577.35,100.0,26218.9,,,,,100.0,100.0,100.0,100.0,18329.8
1578.35,53.36,26218.9,,,,,53.36,53.35,53.36,53.36,18349.8
1579.35,100.0,26218.9,,,,,100.0,100.0,100.0,100.0,18352.4
1580.35,53.33,26228.0,,,,,53.33,53.32,53.34,53.34,18354.3
1581.35,100.0,26218.5,,,,,100.0,100.0,100.0,100.0,18326.0
1582.35,0.0,26218.7,,,,,0.0,0.0,0.0,0.0,18358.2
1583.35,100.0,26218.9,,,,,100.0,100.0,100.0,100.0,18335.2
1584.35,100.0,26218.6,,,,,100.0,100.0,100.0,100.0,18366.2
1585.35,53.35,26218.9,,,,,53.35,53.36,53.37,53.33,18354.5
1586.35,53.4,26268.0,,,,,53.4,53.39,53.4,53.41,18368.6
1587.35,100.0,26218.5,,,,,100.0,100.0,100.0,100.0,18335.4
1588.35,53.41,26200.7,,,,,53.42,53.39,53.4,53.41,18377.1
1589.35,53.38,26218.9,,,,,53.39,53.37,53.39,53.37,18339.3
1590.35,100.0,26209.8,,,,,100.0,100.0,100.0,100.0,18367.4
1591.35,53.33,26218.9,,,,,53.32,53.32,53.34,53.34,18349.1
1592.35,100.0,26298.8,,,,,100.0,100.0,100.0,100.0,18383.4
1593.35,54.71,26218.5,,,,,54.72,54.69,54.72,54.71,18350.7
1594.35,53.39,26218.9,,,,,53.38,53.4,53.4,53.4,18332.2
1595.35,53.34,26218.9,,,,,53.33,53.34,53.34,53.34,18361.4
1596.35,100.0,26218.9,,,,,100.0,100.0,100.0,100.0,18354.2
1597.35,53.32,26228.0,,,,,53.33,53.32,53.33,53.32,18366.4
1598.35,100.0,26379.0,,,,,100.0,100.0,100.0,100.0,18389.7
1599.35,54.76,26218.9,,,,,54.75,54.76,54.77,54.76,18381.4
1600.35,53.35,26218.9,,,,,53.35,53.36,53.35,53.34,18341.9
1601.35,100.0,26218.9,,,,,100.0,100.0,100.0,100.0,18380.3
1602.35,53.33,26218.9,,,,,53.33,53.33,53.33,53.33,18347.0
1603.35,100.0,26218.9,,,,,100.0,100.0,100.0,100.0,18380.9
1604.35,53.33,26379.0,,,,,53.32,53.33,53.32,53.33,18390.2
1605.35,54.78,26218.9,,,,,54.78,54.78,54.78,54.79,18340.3
1606.35,100.0,26218.8,,,,,100.0,100.0,100.0,100.0,18378.8
1607.35,53.39,26218.9,,,,,53.39,53.38,53.39,53.39,18342.9
1608.35,100.0,26218.8,,,,,100.0,100.0,100.0,100.0,18364.3
1609.35,53.3,26218.9,,,,,53.32,53.29,53.29,53.29,18365.7
1610.35,100.0,26218.5,,,,,100.0,100.0,100.0,100.0,18391.7
1611.35,0.0,26218.9,,,,,0.0,0.01,0.01,0.0,18341.7
1612.35,100.0,26218.8,,,,,100.0,100.0,100.0,100.0,18380.0
1613.35,53.37,26218.9,,,,,53.37,53.37,53.37,53.36,18361.2
1614.35,100.0,26218.8,,,,,100.0,100.0,100.0,100.0,18380.2
1615.35,53.36,26218.9,,,,,53.35,53.37,53.36,53.34,18372.4
1616.35,100.0,26218.5,,,,,100.0,100.0,100.0,100.0,18392.1
1617.35,0.0,26218.9,,,,,0.0,0.0,0.0,0.0,18344.9
1618.35,100.0,26218.9,,,,,100.0,100.0,100.0,100.0,18382.4
1619.35,53.32,26218.9,,,,,53.31,53.33,53.33,53.31,18347.8
1620.36,100.0,26218.8,,,,,100.0,100.0,100.0,100.0,18383.5
1621.36,53.36,26218.9,,,,,53.36,53.35,53.36,53.36,18347.8
1622.36,100.0,26218.5,,,,,100.0,100.0,100.0,100.0,18392.2
1623.36,0.0,26218.9,,,,,0.0,0.0,0.0,0.0,18349.4
1624.36,100.0,26218.9,,,,,100.0,100.0,100.0,100.0,18384.0
1625.36,53.33,26228.0,,,,,53.34,53.34,53.34,53.31,18361.2
1626.36,100.0,26218.9,,,,,100.0,100.0,100.0,100.0,18338.2
1627.36,53.32,26267.9,,,,,53.32,53.32,53.32,53.31,18370.2
1628.36,100.0,26218.5,,,,,100.0,100.0,100.0,100.0,18340.6
1629.36,53.34,26218.9,,,,,53.35,53.34,53.35,53.32,18383.4
1630.36,53.39,26218.9,,,,,53.4,53.38,53.4,53.39,18348.8
1631.36,100.0,26218.9,,,,,100.0,100.0,100.0,100.0,18384.0
1632.36,53.39,26218.9,,,,,53.4,53.39,53.4,53.39,18352.1
1633.36,100.0,26338.9,,,,,100.0,100.0,100.0,100.0,18390.7
1634.36,54.77,26218.5,,,,,54.76,54.77,54.77,54.77,18374.0
1635.36,53.33,26218.9,,,,,53.33,53.34,53.33,53.31,18384.2
1636.36,100.0,26218.8,,,,,100.0,100.0,100.0,100.0,18380.2
1637.36,53.32,26218.9,,,,,53.31,53.33,53.31,53.32,18345.1
1638.36,100.0,26209.8,,,,,100.0,100.0,100.0,100.0,18384.1
1639.36,53.37,26379.0,,,,,53.37,53.38,53.38,53.36,18394.3
1640.36,54.76,26218.9,,,,,54.76,54.77,54.76,54.75,18385.8
1641.36,53.3,26218.9,,,,,53.3,53.29,53.32,53.3,18356.6
1642.36,100.0,26218.9,,,,,100.0,100.0,100.0,100.0,18385.0
1643.36,53.33,26218.9,,,,,53.32,53.34,53.32,53.33,18364.1
1644.36,100.0,26218.9,,,,,100.0,100.0,100.0,100.0,18339.9
1645.36,53.32,26379.0,,,,,53.31,53.32,53.32,53.33,18394.3
1646.36,54.79,26218.9,,,,,54.79,54.78,54.8,54.79,18344.1
1647.36,100.0,26218.9,,,,,100.0,100.0,100.0,100.0,18385.3
1648.36,53.4,26218.9,,,,,53.39,53.4,53.41,53.38,18347.6
1649.36,100.0,26209.8,,,,,100.0,100.0,100.0,100.0,18385.4
1650.36,53.41,26218.9,,,,,53.41,53.42,53.4,53.4,18351.4
1651.36,100.0,26218.5,,,,,100.0,100.0,100.0,100.0,18395.3
1652.36,0.0,26218.9,,,,,0.0,0.0,0.0,0.0,18358.0
1653.36,100.0,26218.9,,,,,100.0,100.0,100.0,100.0,18385.7
1654.36,53.39,26218.9,,,,,53.39,53.4,53.4,53.39,18367.1
1655.36,100.0,26218.9,,,,,100.0,100.0,100.0,100.0,18343.4
1656.36,100.0,26200.5,,,,,100.0,100.0,100.0,100.0,18379.8
1657.36,54.71,26218.5,,,,,54.7,54.72,54.7,54.71,18348.5
1658.36,53.4,26218.9,,,,,53.4,53.4,53.4,53.39,18386.6
1659.36,53.34,26218.9,,,,,53.34,53.35,53.35,53.32,18351.5
1660.36,100.0,26218.9,,,,,100.0,100.0,100.0,100.0,18387.1
1661.36,53.33,26228.0,,,,,53.32,53.33,53.34,53.34,18358.2
1662.36,100.0,26338.9,,,,,100.0,100.0,100.0,100.0,18394.0
1663.37,54.69,26218.5,,,,,54.69,54.68,54.69,54.69,18364.1
1664.37,53.41,26218.9,,,,,53.41,53.4,53.42,53.41,18387.3
1665.37,100.0,26209.5,,,,,100.0,100.0,100.0,100.0,18364.0
1666.37,53.4,26218.9,,,,,53.38,53.41,53.41,53.38,18363.3
1667.37,53.35,26237.1,,,,,53.35,53.34,53.35,53.35,18366.7
1668.37,100.0,26338.9,,,,,100.0,100.0,100.0,100.0,18394.8
1669.37,54.71,26218.5,,,,,54.71,54.71,54.71,54.7,18368.8
1670.37,53.4,26218.9,,,,,53.39,53.4,53.4,53.39,18343.0
1671.37,100.0,26209.6,,,,,100.0,100.0,100.0,100.0,18379.7
1672.37,53.39,26218.9,,,,,53.4,53.38,53.38,53.4,18344.7
1673.37,53.34,26228.0,,,,,53.35,53.33,53.35,53.34,18362.6
1674.37,100.0,26379.0,,,,,100.0,100.0,100.0,100.0,18398.1
1675.37,54.68,26209.8,,,,,54.67,54.67,54.69,54.69,18388.7
1676.37,53.42,26218.9,,,,,53.41,53.42,53.42,53.42,18348.7
1677.37,100.0,26209.7,,,,,100.0,100.0,100.0,100.0,18369.4
1678.37,53.39,26218.9,,,,,53.38,53.4,53.4,53.39,18367.5
1679.37,100.0,26218.8,,,,,100.0,100.0,100.0,100.0,18365.5
1680.37,53.39,26379.0,,,,,53.4,53.38,53.39,53.41,18399.2
1681.37,54.72,26218.9,,,,,54.71,54.72,54.73,54.71,18335.3
1682.37,53.4,26218.9,,,,,53.4,53.39,53.41,53.39,18355.2
1683.37,100.0,26218.9,,,,,100.0,100.0,100.0,100.0,18357.6
1684.37,53.4,26218.9,,,,,53.38,53.4,53.41,53.4,18360.5
1685.37,100.0,26218.9,,,,,100.0,100.0,100.0,100.0,18389.9
1686.37,53.38,26379.0,,,,,53.38,53.38,53.38,53.38,18398.6
1687.37,54.74,26218.9,,,,,54.73,54.74,54.75,54.73,18342.7
1688.37,100.0,26218.5,,,,,100.0,100.0,100.0,100.0,18373.8
1689.37,53.33,26218.9,,,,,53.33,53.32,53.33,53.33,18361.6
1690.37,100.0,26200.5,,,,,100.0,100.0,100.0,100.0,18384.6
1691.37,53.33,26218.9,,,,,53.33,53.34,53.33,53.34,18372.6
1692.37,100.0,26218.5,,,,,100.0,100.0,100.0,100.0,18399.2
1693.37,0.0,26218.9,,,,,0.0,0.0,0.0,0.0,18356.0
1694.37,100.0,26218.9,,,,,100.0,100.0,100.0,100.0,18367.8
1695.37,53.33,26218.9,,,,,53.33,53.33,53.33,53.34,18360.8
1696.37,100.0,26218.9,,,,,100.0,100.0,100.0,100.0,18372.4
1697.37,53.32,26218.9,,,,,53.33,53.32,53.33,53.32,18383.4
1698.37,100.0,26218.5,,,,,100.0,100.0,100.0,100.0,18367.5
1699.37,0.0,26218.9,,,,,0.0,0.0,0.0,0.0,18368.1
1700.37,100.0,26218.9,,,,,100.0,100.0,100.0,100.0,18373.3
1701.37,53.31,26228.0,,,,,53.31,53.31,53.31,53.32,18378.8
1702.37,100.0,26218.9,,,,,100.0,100.0,100.0,100.0,18374.0
1703.37,100.0,26218.7,,,,,100.0,100.0,100.0,100.0,18379.8
1704.37,54.76,26218.5,,,,,54.76,54.77,54.76,54.76,18347.8
1705.37,53.33,26218.9,,,,,53.32,53.32,53.33,53.33,18391.2
1706.37,53.39,26218.9,,,,,53.4,53.39,53.39,53.39,18353.0
1707.37,100.0,26218.9,,,,,100.0,100.0,100.0,100.0,18391.6
1708.37,53.4,26218.9,,,,,53.39,53.4,53.4,53.4,18357.1
1709.37,100.0,26289.7,,,,,100.0,100.0,100.0,100.0,18394.3
1710.37,54.76,26218.5,,,,,54.75,54.77,54.76,54.76,18357.5
1711.38,53.32,26218.9,,,,,53.32,53.32,53.32,53.32,18391.8
1712.38,53.38,26218.9,,,,,53.39,53.37,53.39,53.39,18364.9
1713.38,100.0,26218.9,,,,,100.0,100.0,100.0,100.0,18392.2
1714.38,53.39,26218.9,,,,,53.39,53.39,53.39,53.38,18368.6
1715.38,100.0,26379.0,,,,,100.0,100.0,100.0,100.0,18401.2
1716.38,54.77,26218.9,,,,,54.77,54.76,54.78,54.77,18393.1
1717.38,53.31,26218.9,,,,,53.31,53.3,53.31,53.32,18362.8
1718.38,100.0,26218.8,,,,,100.0,100.0,100.0,100.0,18389.7
1719.38,53.33,26218.9,,,,,53.33,53.34,53.34,53.32,18359.5
1720.38,100.0,26218.9,,,,,100.0,100.0,100.0,100.0,18393.1
1721.38,53.31,26379.0,,,,,53.31,53.31,53.31,53.31,18402.1
1722.38,54.77,26218.9,,,,,54.77,54.77,54.77,54.77,18348.7
1723.38,100.0,26218.8,,,,,100.0,100.0,100.0,100.0,18392.5
1724.38,53.42,26218.9,,,,,53.41,53.42,53.42,53.42,18369.4
1725.38,100.0,26218.9,,,,,100.0,100.0,100.0,100.0,18393.3
1726.38,53.39,26218.9,,,,,53.39,53.4,53.39,53.38,18359.4
1727.38,100.0,26218.5,,,,,100.0,100.0,100.0,100.0,18402.8
1728.38,53.35,26218.5,,,,,53.37,53.35,53.34,53.36,18375.3
1729.38,53.31,26218.9,,,,,53.3,53.32,53.31,53.32,18393.5
1730.38,100.0,26218.5,,,,,100.0,100.0,100.0,100.0,18380.1
1731.38,53.34,26218.9,,,,,53.34,53.33,53.35,53.34,18394.6
1732.38,100.0,26218.8,,,,,100.0,100.0,100.0,100.0,18391.4
1733.38,54.68,26218.5,,,,,54.68,54.69,54.67,54.69,18358.4
1734.38,53.41,26218.9,,,,,53.4,53.4,53.43,53.41,18394.1
1735.38,53.32,26218.9,,,,,53.32,53.32,53.32,53.32,18362.4
1736.38,100.0,26218.9,,,,,100.0,100.0,100.0,100.0,18394.0
1737.38,53.35,26218.9,,,,,53.35,53.34,53.35,53.36,18363.4
1738.38,100.0,26338.9,,,,,100.0,100.0,100.0,100.0,18401.2
1739.38,54.7,26218.5,,,,,54.71,54.69,54.7,54.71,18375.1
1740.38,53.41,26218.9,,,,,53.39,53.42,53.42,53.42,18394.6
1741.38,100.0,26200.5,,,,,100.0,100.0,100.0,100.0,18379.0
1742.38,53.38,26218.9,,,,,53.38,53.37,53.39,53.38,18394.8
1743.38,100.0,26209.6,,,,,100.0,100.0,100.0,100.0,18387.1
1744.38,53.4,26379.0,,,,,53.4,53.41,53.4,53.4,18404.0
1745.38,54.7,26218.9,,,,,54.69,54.71,54.7,54.69,18396.2
1746.38,53.39,26218.9,,,,,53.4,53.38,53.4,53.39,18364.5
1747.38,100.0,26218.9,,,,,100.0,100.0,100.0,100.0,18395.1
1748.38,53.38,26218.9,,,,,53.39,53.38,53.39,53.39,18366.8
1749.38,100.0,26218.9,,,,,100.0,100.0,100.0,100.0,18396.4
1750.38,53.38,26379.0,,,,,53.37,53.38,53.38,53.38,18404.9
1751.38,54.69,26218.9,,,,,54.7,54.69,54.69,54.7,18368.6
1752.38,100.0,26209.7,,,,,100.0,100.0,100.0,100.0,18391.2
1753.38,53.34,26218.9,,,,,53.33,53.34,53.34,53.35,18387.1
1754.38,100.0,26218.9,,,,,100.0,100.0,100.0,100.0,18395.4
1755.38,53.3,26218.9,,,,,53.3,53.3,53.31,53.3,18357.5
1756.38,100.0,26218.5,,,,,100.0,100.0,100.0,100.0,18405.3
1757.38,0.0,26218.9,,,,,0.0,0.0,0.0,0.0,18367.3
1758.39,100.0,26218.9,,,,,100.0,100.0,100.0,100.0,18396.1
1759.39,53.32,26218.9,,,,,53.32,53.32,53.32,53.32,18375.9
1760.39,100.0,26218.9,,,,,100.0,100.0,100.0,100.0,18396.1
1761.39,53.33,26228.0,,,,,53.34,53.33,53.33,53.32,18375.6
1762.39,100.0,26218.5,,,,,100.0,100.0,100.0,100.0,18406.3
1763.39,53.32,26209.6,,,,,53.32,53.31,53.34,53.33,18388.8
1764.39,53.41,26218.9,,,,,53.41,53.41,53.41,53.41,18387.6
1765.39,100.0,26209.8,,,,,100.0,100.0,100.0,100.0,18395.6
1766.39,53.41,26218.9,,,,,53.4,53.41,53.41,53.41,18356.7
1767.39,100.0,26258.7,,,,,100.0,100.0,100.0,100.0,18398.4
1768.39,54.76,26218.5,,,,,54.78,54.75,54.76,54.76,18367.5
1769.39,53.34,26218.9,,,,,53.34,53.34,53.35,53.33,18397.4
1770.39,100.0,26218.5,,,,,100.0,100.0,100.0,100.0,18378.6
1771.39,53.37,26218.9,,,,,53.37,53.36,53.39,53.37,18397.6
1772.39,53.32,26228.0,,,,,53.34,53.31,53.32,53.31,18378.0
1773.39,100.0,26338.9,,,,,100.0,100.0,100.0,100.0,18404.9
1774.39,54.66,26218.5,,,,,54.67,54.66,54.68,54.64,18389.5
1775.39,53.42,26218.9,,,,,53.4,53.42,53.41,53.44,18397.7
1776.39,100.0,26209.8,,,,,100.0,100.0,100.0,100.0,18396.6
1777.39,53.34,26218.9,,,,,53.35,53.34,53.34,53.34,18359.6
1778.39,100.0,26218.9,,,,,100.0,100.0,100.0,100.0,18397.7
1779.39,53.4,26379.0,,,,,53.4,53.4,53.41,53.4,18407.0
1780.39,54.75,26218.9,,,,,54.75,54.74,54.75,54.74,18399.6
1781.39,53.37,26218.9,,,,,53.36,53.38,53.38,53.36,18373.7
1782.39,100.0,26218.9,,,,,100.0,100.0,100.0,100.0,18398.3
1783.39,53.4,26228.0,,,,,53.39,53.4,53.39,53.41,18377.5
1784.39,100.0,26218.9,,,,,100.0,100.0,100.0,100.0,18354.3
1785.39,53.38,26379.0,,,,,53.37,53.38,53.39,53.39,18408.6
1786.39,54.71,26218.9,,,,,54.72,54.7,54.71,54.71,18400.3
1787.39,100.0,26218.8,,,,,100.0,100.0,100.0,100.0,18394.8
1788.39,53.35,26218.9,,,,,53.35,53.34,53.35,53.35,18360.1
1789.39,100.0,26218.8,,,,,100.0,100.0,100.0,100.0,18393.3
1790.39,53.35,26218.9,,,,,53.35,53.35,53.36,53.34,18360.0
1791.39,100.0,26218.5,,,,,100.0,100.0,100.0,100.0,18409.2
1792.39,0.0,26218.9,,,,,0.0,0.0,0.0,0.0,18363.5
1793.39,100.0,26218.9,,,,,100.0,100.0,100.0,100.0,18399.6
1794.39,53.33,26218.9,,,,,53.34,53.32,53.33,53.32,18363.0
1795.39,100.0,26218.8,,,,,100.0,100.0,100.0,100.0,18366.7
1796.39,53.35,26218.9,,,,,53.35,53.35,53.36,53.36,18382.9
1797.39,100.0,26218.5,,,,,100.0,100.0,100.0,100.0,18410.1
1798.39,0.0,26218.9,,,,,0.0,0.0,0.0,0.0,18367.0
1799.39,100.0,26218.9,,,,,100.0,100.0,100.0,100.0,18347.0
1800.39,53.35,26218.9,,,,,53.35,53.36,53.35,53.34,18377.6
1801.39,100.0,26218.9,,,,,100.0,100.0,100.0,100.0,18352.9
1802.39,53.33,26227.9,,,,,53.32,53.33,53.33,53.32,18387.5
1803.39,100.0,26218.5,,,,,100.0,100.0,100.0,100.0,18357.1
1804.4,53.32,26200.7,,,,,53.33,53.32,53.32,53.31,18386.5
1805.4,53.42,26218.9,,,,,53.41,53.42,53.43,53.41,18360.1
1806.4,100.0,26218.9,,,,,100.0,100.0,100.0,100.0,18388.8
1807.4,53.39,26218.9,,,,,53.39,53.39,53.39,53.39,18386.9
1808.4,100.0,26249.6,,,,,100.0,100.0,100.0,100.0,18399.1
1809.4,54.73,26218.5,,,,,54.73,54.73,54.74,54.71,18365.0
1810.4,53.36,26218.8,,,,,53.36,53.35,53.37,53.36,18369.3
1811.4,53.37,26218.9,,,,,53.37,53.38,53.37,53.37,18373.7
1812.4,100.0,26218.8,,,,,100.0,100.0,100.0,100.0,18387.2
1813.4,53.39,26218.9,,,,,53.39,53.39,53.4,53.4,18383.4
1814.4,53.32,26268.0,,,,,53.32,53.32,53.33,53.33,18382.5
1815.4,100.0,26218.5,,,,,100.0,100.0,100.0,100.0,18406.6
1816.4,53.36,26218.6,,,,,53.37,53.36,53.36,53.36,18390.3
1817.4,53.38,26218.9,,,,,53.36,53.39,53.39,53.39,18382.2
1818.4,100.0,26218.9,,,,,100.0,100.0,100.0,100.0,18397.6
1819.4,53.39,26218.9,,,,,53.38,53.39,53.39,53.4,18363.1
1820.4,100.0,26258.9,,,,,100.0,100.0,100.0,100.0,18400.1
1821.4,54.77,26218.5,,,,,54.76,54.76,54.78,54.78,18378.7
1822.4,53.34,26218.9,,,,,53.34,53.34,53.34,53.34,18389.7
1823.4,100.0,26218.6,,,,,100.0,100.0,100.0,100.0,18389.3
1824.4,53.34,26218.9,,,,,53.33,53.34,53.34,53.33,18391.7
1825.4,100.0,26218.7,,,,,100.0,100.0,100.0,100.0,18395.6
1826.4,53.34,26379.0,,,,,53.33,53.35,53.34,53.34,18408.0
1827.4,54.72,26218.9,,,,,54.71,54.72,54.74,54.71,18400.1
1828.4,53.41,26218.9,,,,,53.4,53.42,53.42,53.42,18370.5
1829.4,100.0,26218.9,,,,,100.0,100.0,100.0,100.0,18399.0
1830.4,53.39,26218.9,,,,,53.38,53.4,53.38,53.4,18373.3
1831.4,100.0,26218.9,,,,,100.0,100.0,100.0,100.0,18398.9
1832.4,53.41,26379.0,,,,,53.4,53.4,53.42,53.41,18408.4
1833.4,54.7,26218.9,,,,,54.69,54.69,54.69,54.71,18358.4
1834.4,100.0,26218.9,,,,,100.0,100.0,100.0,100.0,18399.0
1835.4,53.33,26218.9,,,,,53.33,53.33,53.34,53.33,18360.7
1836.4,100.0,26218.9,,,,,100.0,100.0,100.0,100.0,18398.9
1837.4,53.31,26218.9,,,,,53.31,53.3,53.31,53.31,18365.4
1838.4,100.0,26218.5,,,,,100.0,100.0,100.0,100.0,18350.4
1839.4,53.39,26218.5,,,,,53.4,53.39,53.4,53.39,18390.6
1840.4,53.37,26218.9,,,,,53.38,53.36,53.37,53.38,18375.7
1841.4,100.0,26218.8,,,,,100.0,100.0,100.0,100.0,18397.7
1842.4,53.33,26218.9,,,,,53.33,53.33,53.33,53.33,18383.9
1843.4,100.0,26218.8,,,,,100.0,100.0,100.0,100.0,18398.5
1844.4,54.72,26218.5,,,,,54.73,54.71,54.73,54.73,18367.3
1845.4,53.4,26218.9,,,,,53.39,53.41,53.4,53.4,18400.4
1846.4,53.32,26218.9,,,,,53.32,53.31,53.32,53.32,18373.1
1847.4,100.0,26218.9,,,,,100.0,100.0,100.0,100.0,18401.1
1848.4,53.33,26218.9,,,,,53.34,53.33,53.32,53.33,18375.6
1849.4,100.0,26338.9,,,,,100.0,100.0,100.0,100.0,18407.6
1850.41,54.7,26218.5,,,,,54.69,54.7,54.71,54.71,18378.8
1851.41,53.41,26218.9,,,,,53.4,53.41,53.41,53.41,18401.0
1852.41,53.33,26218.9,,,,,53.33,53.33,53.35,53.33,18381.7
1853.41,100.0,26218.9,,,,,100.0,100.0,100.0,100.0,18402.1
1854.41,53.37,26237.1,,,,,53.37,53.36,53.37,53.37,18383.6
1855.41,100.0,26338.9,,,,,100.0,100.0,100.0,100.0,18408.8
1856.41,54.68,26218.5,,,,,54.68,54.68,54.7,54.68,18380.9
1857.41,53.4,26218.9,,,,,53.4,53.39,53.4,53.39,18401.7
1858.41,100.0,26209.6,,,,,100.0,100.0,100.0,100.0,18391.1
1859.41,53.41,26218.9,,,,,53.4,53.42,53.4,53.4,18361.6
1860.41,53.32,26246.1,,,,,53.32,53.31,53.32,53.31,18390.9
1861.41,100.0,26379.0,,,,,100.0,100.0,100.0,100.0,18411.7
1862.41,54.72,26209.6,,,,,54.72,54.71,54.72,54.71,18402.3
1863.41,53.4,26218.9,,,,,53.4,53.4,53.4,53.39,18364.3
1864.41,100.0,26218.8,,,,,100.0,100.0,100.0,100.0,18401.7
1865.41,53.42,26218.9,,,,,53.42,53.41,53.43,53.42,18366.0
1866.41,100.0,26218.8,,,,,100.0,100.0,100.0,100.0,18361.7
1867.41,53.4,26338.9,,,,,53.41,53.39,53.4,53.41,18410.1
1868.41,54.7,26218.5,,,,,54.7,54.7,54.7,54.7,18394.2
1869.41,53.41,26218.9,,,,,53.42,53.41,53.41,53.4,18362.9
1870.41,100.0,26209.8,,,,,100.0,100.0,100.0,100.0,18401.8
1871.41,53.37,26218.9,,,,,53.38,53.36,53.38,53.37,18364.4
1872.41,100.0,26209.8,,,,,100.0,100.0,100.0,100.0,18403.8
1873.41,53.42,26379.0,,,,,53.43,53.43,53.43,53.41,18412.6
1874.41,54.7,26218.9,,,,,54.7,54.69,54.7,54.7,18353.2
1875.41,53.38,26218.9,,,,,53.37,53.38,53.39,53.39,18378.9
1876.41,100.0,26218.9,,,,,100.0,100.0,100.0,100.0,18377.8
1877.41,53.4,26218.9,,,,,53.4,53.4,53.41,53.4,18384.5
1878.41,100.0,26218.9,,,,,100.0,100.0,100.0,100.0,18386.6
1879.41,53.36,26379.0,,,,,53.35,53.36,53.36,53.37,18413.4
1880.41,54.74,26218.9,,,,,54.74,54.73,54.75,54.75,18364.8
1881.41,100.0,26209.8,,,,,100.0,100.0,100.0,100.0,18403.3
1882.41,53.32,26218.9,,,,,53.33,53.32,53.32,53.31,18365.6
1883.41,100.0,26218.9,,,,,100.0,100.0,100.0,100.0,18405.7
1884.41,53.32,26218.9,,,,,53.32,53.32,53.33,53.32,18368.1
1885.41,100.0,26218.5,,,,,100.0,100.0,100.0,100.0,18350.9
1886.41,0.0,26218.9,,,,,0.0,0.0,0.0,0.0,18380.7
1887.41,100.0,26218.9,,,,,100.0,100.0,100.0,100.0,18359.3
1888.41,100.0,26218.5,,,,,100.0,100.0,100.0,100.0,18391.6
1889.41,53.41,26218.9,,,,,53.42,53.41,53.41,53.4,18379.2
1890.41,100.0,26209.5,,,,,100.0,100.0,100.0,100.0,18384.2
1891.41,54.77,26218.5,,,,,54.77,54.78,54.78,54.75,18361.8
1892.41,53.38,26218.8,,,,,53.37,53.36,53.38,53.39,18404.4
1893.41,53.38,26218.9,,,,,53.39,53.38,53.39,53.39,18364.7
1894.41,100.0,26218.9,,,,,100.0,100.0,100.0,100.0,18405.2
1895.41,53.33,26218.9,,,,,53.34,53.32,53.33,53.32,18392.1
1896.41,100.0,26289.7,,,,,100.0,100.0,100.0,100.0,18408.0
1897.42,54.73,26218.5,,,,,54.73,54.72,54.74,54.75,18376.0
1898.42,53.33,26218.9,,,,,53.34,53.33,53.34,53.32,18377.3
1899.42,53.4,26218.9,,,,,53.39,53.41,53.39,53.4,18386.8
1900.42,100.0,26218.9,,,,,100.0,100.0,100.0,100.0,18398.0
1901.42,53.39,26228.0,,,,,53.39,53.39,53.39,53.39,18385.8
1902.42,100.0,26379.0,,,,,100.0,100.0,100.0,100.0,18415.4
1903.42,54.78,26218.9,,,,,54.77,54.78,54.78,54.78,18407.2
1904.42,53.31,26218.9,,,,,53.3,53.32,53.32,53.31,18368.8
1905.42,100.0,26218.9,,,,,100.0,100.0,100.0,100.0,18406.9
1906.42,53.36,26218.9,,,,,53.36,53.36,53.36,53.35,18376.7
1907.42,100.0,26218.9,,,,,100.0,100.0,100.0,100.0,18406.5
1908.42,53.33,26379.0,,,,,53.33,53.34,53.34,53.32,18415.7
1909.42,54.79,26218.9,,,,,54.79,54.79,54.79,54.78,18362.9
1910.42,100.0,26218.5,,,,,100.0,100.0,100.0,100.0,18393.6
1911.42,53.33,26218.9,,,,,53.33,53.33,53.33,53.33,18373.1
1912.42,100.0,26209.7,,,,,100.0,100.0,100.0,100.0,18402.3
1913.42,53.34,26218.9,,,,,53.33,53.34,53.35,53.34,18392.9
1914.42,53.38,26379.0,,,,,53.4,53.36,53.39,53.38,18416.6
1915.42,54.71,26218.9,,,,,54.7,54.71,54.71,54.72,18367.7
1916.42,100.0,26218.9,,,,,100.0,100.0,100.0,100.0,18407.5
1917.42,53.36,26218.9,,,,,53.37,53.37,53.36,53.36,18386.9
1918.42,100.0,26218.8,,,,,100.0,100.0,100.0,100.0,18404.4
1919.42,53.33,26218.9,,,,,53.33,53.34,53.34,53.32,18370.4
1920.42,100.0,26218.5,,,,,100.0,100.0,100.0,100.0,18417.7
1921.42,0.0,26218.9,,,,,0.0,0.0,0.0,0.0,18376.4
1922.42,100.0,26218.9,,,,,100.0,100.0,100.0,100.0,18408.4
1923.42,53.36,26218.9,,,,,53.35,53.35,53.36,53.37,18382.5
1924.42,100.0,26218.9,,,,,100.0,100.0,100.0,100.0,18409.1
1925.42,53.33,26218.9,,,,,53.33,53.33,53.33,53.33,18389.1
1926.42,100.0,26218.5,,,,,100.0,100.0,100.0,100.0,18363.7
1927.42,53.33,26218.8,,,,,53.32,53.32,53.34,53.34,18408.3
1928.42,53.39,26218.9,,,,,53.39,53.39,53.39,53.37,18385.9
1929.42,100.0,26209.8,,,,,100.0,100.0,100.0,100.0,18408.8
1930.42,53.42,26218.9,,,,,53.42,53.42,53.44,53.43,18371.4
1931.42,100.0,26218.8,,,,,100.0,100.0,100.0,100.0,18407.1
1932.42,54.78,26218.5,,,,,54.79,54.77,54.79,54.79,18374.5
1933.42,53.34,26218.9,,,,,53.34,53.33,53.34,53.34,18409.2
1934.42,53.39,26218.9,,,,,53.4,53.4,53.4,53.38,18381.3
1935.42,100.0,26218.9,,,,,100.0,100.0,100.0,100.0,18410.2
1936.42,53.39,26218.9,,,,,53.39,53.39,53.4,53.39,18387.0
1937.42,100.0,26379.0,,,,,100.0,100.0,100.0,100.0,18419.4
1938.42,54.77,26218.9,,,,,54.78,54.77,54.77,54.77,18410.9
1939.42,53.32,26218.9,,,,,53.31,53.32,53.33,53.31,18387.5
1940.42,100.0,26218.9,,,,,100.0,100.0,100.0,100.0,18410.2
1941.42,53.32,26218.9,,,,,53.32,53.32,53.32,53.31,18377.5
1942.43,100.0,26218.9,,,,,100.0,100.0,100.0,100.0,18410.0
1943.43,53.33,26379.0,,,,,53.34,53.32,53.33,53.33,18419.7
1944.43,54.76,26218.9,,,,,54.76,54.75,54.76,54.77,18411.6
1945.43,100.0,26200.5,,,,,100.0,100.0,100.0,100.0,18402.5
1946.43,53.41,26218.9,,,,,53.4,53.4,53.41,53.42,18410.3
1947.43,100.0,26218.7,,,,,100.0,100.0,100.0,100.0,18404.4
1948.43,53.41,26218.9,,,,,53.42,53.4,53.42,53.41,18370.7
1949.43,100.0,26218.5,,,,,100.0,100.0,100.0,100.0,18420.2
1950.43,0.0,26218.9,,,,,0.0,0.0,0.0,0.0,18377.4
1951.43,100.0,26218.9,,,,,100.0,100.0,100.0,100.0,18411.2
1952.43,53.4,26218.9,,,,,53.39,53.4,53.4,53.4,18377.2
1953.43,100.0,26218.9,,,,,100.0,100.0,100.0,100.0,18411.3
1954.43,53.4,26218.9,,,,,53.39,53.4,53.4,53.41,18387.9
1955.43,100.0,26218.5,,,,,100.0,100.0,100.0,100.0,18420.8
1956.43,53.37,26218.8,,,,,53.37,53.37,53.38,53.38,18406.6
1957.43,53.33,26218.9,,,,,53.32,53.34,53.34,53.33,18404.4
1958.43,100.0,26218.8,,,,,100.0,100.0,100.0,100.0,18405.7
1959.43,53.4,26218.9,,,,,53.38,53.4,53.42,53.4,18374.2
1960.43,100.0,26338.7,,,,,100.0,100.0,100.0,100.0,18416.2
1961.43,54.75,26218.5,,,,,54.75,54.75,54.76,54.74,18377.8
1962.43,53.35,26218.9,,,,,53.33,53.35,53.35,53.35,18412.5
1963.43,53.41,26218.9,,,,,53.4,53.4,53.41,53.42,18387.7
1964.43,100.0,26218.9,,,,,100.0,100.0,100.0,100.0,18413.3
1965.43,53.38,26228.0,,,,,53.37,53.37,53.39,53.39,18400.9
1966.43,100.0,26379.0,,,,,100.0,100.0,100.0,100.0,18422.2
1967.43,54.73,26218.9,,,,,54.72,54.72,54.74,54.74,18413.8
1968.43,53.32,26218.9,,,,,53.31,53.32,53.34,53.33,18384.1
1969.43,100.0,26218.9,,,,,100.0,100.0,100.0,100.0,18412.6
1970.43,53.33,26218.9,,,,,53.34,53.32,53.34,53.33,18380.4
1971.43,100.0,26218.9,,,,,100.0,100.0,100.0,100.0,18414.0
1972.43,53.34,26379.0,,,,,53.32,53.35,53.36,53.35,18422.5
1973.43,54.78,26218.9,,,,,54.78,54.78,54.78,54.76,18414.8
1974.43,100.0,26218.5,,,,,100.0,100.0,100.0,100.0,18399.6
1975.43,53.36,26218.9,,,,,53.37,53.35,53.36,53.36,18413.5
1976.43,100.0,26218.7,,,,,100.0,100.0,100.0,100.0,18405.9
1977.43,53.43,26218.9,,,,,53.43,53.42,53.43,53.43,18371.8
1978.43,100.0,26218.5,,,,,100.0,100.0,100.0,100.0,18423.2
1979.43,0.0,26218.9,,,,,0.0,0.0,0.0,0.0,18377.6
1980.43,100.0,26218.9,,,,,100.0,100.0,100.0,100.0,18413.9
1981.43,53.39,26218.9,,,,,53.4,53.38,53.41,53.37,18377.5
1982.43,100.0,26209.8,,,,,100.0,100.0,100.0,100.0,18383.5
1983.43,53.33,26218.9,,,,,53.34,53.32,53.33,53.33,18383.5
1984.43,100.0,26218.5,,,,,100.0,100.0,100.0,100.0,18424.2
1985.43,0.0,26218.9,,,,,0.0,0.0,0.0,0.0,18388.4
1986.43,100.0,26218.9,,,,,100.0,100.0,100.0,100.0,18370.4
1987.44,53.4,26228.0,,,,,53.41,53.4,53.41,53.4,18405.7
1988.44,100.0,26218.9,,,,,100.0,100.0,100.0,100.0,18374.7
1989.44,100.0,26218.8,,,,,100.0,100.0,100.0,100.0,18408.9
1990.44,54.7,26218.5,,,,,54.7,54.7,54.71,54.71,18374.6
1991.44,53.39,26218.9,,,,,53.38,53.39,53.4,53.4,18414.8
1992.44,53.35,26218.9,,,,,53.35,53.33,53.35,53.34,18376.8
1993.44,100.0,26209.7,,,,,100.0,100.0,100.0,100.0,18387.7
1994.44,53.32,26218.9,,,,,53.32,53.33,53.34,53.3,18376.1
1995.44,100.0,26298.6,,,,,100.0,100.0,100.0,100.0,18410.9
1996.44,54.71,26218.5,,,,,54.69,54.73,54.72,54.69,18375.5
1997.44,53.39,26218.9,,,,,53.38,53.4,53.39,53.39,18361.4
1998.44,53.33,26218.9,,,,,53.33,53.33,53.34,53.31,18382.4
1999.44,100.0,26218.9,,,,,100.0,100.0,100.0,100.0,18394.7
2000.44,53.33,26218.9,,,,,53.33,53.33,53.33,53.32,18383.0
2001.44,100.0,26298.9,,,,,100.0,100.0,100.0,100.0,18420.2
2002.44,54.69,26218.5,,,,,54.69,54.69,54.69,54.7,18396.9
2003.44,53.37,26218.9,,,,,53.35,53.38,53.37,53.36,18373.6
2004.44,100.0,26200.5,,,,,100.0,100.0,100.0,100.0,18407.2
2005.44,53.36,26218.9,,,,,53.36,53.35,53.37,53.37,18375.6
2006.44,100.0,26218.7,,,,,100.0,100.0,100.0,100.0,18411.4
2007.44,53.35,26379.0,,,,,53.34,53.35,53.35,53.36,18425.8
2008.44,54.74,26209.8,,,,,54.74,54.74,54.74,54.73,18417.1
2009.44,53.4,26218.9,,,,,53.39,53.39,53.4,53.39,18376.4
2010.44,100.0,26209.8,,,,,100.0,100.0,100.0,100.0,18416.2
2011.44,53.41,26218.9,,,,,53.41,53.41,53.41,53.4,18384.9
2012.44,100.0,26218.8,,,,,100.0,100.0,100.0,100.0,18415.1
2013.44,53.41,26379.0,,,,,53.4,53.41,53.41,53.41,18426.2
2014.44,54.69,26218.9,,,,,54.69,54.7,54.7,54.68,18365.3
2015.44,53.4,26218.9,,,,,53.39,53.4,53.41,53.4,18394.3
2016.44,100.0,26218.9,,,,,100.0,100.0,100.0,100.0,18372.3
2017.44,100.0,26209.5,,,,,100.0,100.0,100.0,100.0,18405.5
2018.44,53.34,26218.9,,,,,53.34,53.33,53.33,53.33,18411.2
2019.44,53.4,26379.0,,,,,53.42,53.38,53.43,53.38,18428.8
2020.44,54.7,26218.9,,,,,54.7,54.71,54.71,54.7,18375.7
2021.44,53.34,26218.9,,,,,53.33,53.35,53.34,53.35,18403.0
2022.44,100.0,26218.9,,,,,100.0,100.0,100.0,100.0,18411.2
2023.44,100.0,26218.6,,,,,100.0,100.0,100.0,100.0,18402.1
2024.44,53.42,26218.9,,,,,53.42,53.41,53.42,53.43,18420.1
2025.44,53.34,26379.0,,,,,53.34,53.33,53.34,53.34,18429.2
2026.44,54.71,26218.9,,,,,54.71,54.72,54.72,54.71,18379.9
2027.44,100.0,26218.9,,,,,100.0,100.0,100.0,100.0,18419.9
2028.44,53.32,26218.9,,,,,53.31,53.33,53.33,53.33,18400.3
2029.44,100.0,26209.8,,,,,100.0,100.0,100.0,100.0,18420.6
2030.44,53.33,26218.9,,,,,53.32,53.35,53.34,53.33,18388.4
2031.44,100.0,26218.5,,,,,100.0,100.0,100.0,100.0,18430.5
2032.44,0.0,26218.9,,,,,0.0,0.0,0.0,0.0,18396.6
2033.45,100.0,26218.9,,,,,100.0,100.0,100.0,100.0,18420.8
2034.45,53.34,26228.0,,,,,53.35,53.34,53.35,53.31,18409.6
2035.45,100.0,26218.9,,,,,100.0,100.0,100.0,100.0,18413.6
2036.45,53.37,26246.2,,,,,53.37,53.37,53.37,53.36,18415.0
2037.45,100.0,26218.5,,,,,100.0,100.0,100.0,100.0,18379.8
2038.45,53.32,26218.9,,,,,53.32,53.32,53.32,53.33,18420.6
2039.45,53.36,26218.9,,,,,53.37,53.36,53.37,53.36,18386.8
2040.45,100.0,26218.9,,,,,100.0,100.0,100.0,100.0,18421.0
2041.45,53.36,26218.9,,,,,53.35,53.36,53.36,53.37,18386.2
2042.45,100.0,26298.9,,,,,100.0,100.0,100.0,100.0,18425.1
2043.45,54.77,26218.5,,,,,54.78,54.77,54.77,54.75,18394.7
2044.45,53.33,26218.9,,,,,53.32,53.32,53.33,53.34,18421.8
2045.45,53.39,26218.9,,,,,53.39,53.39,53.39,53.38,18393.1
2046.45,100.0,26218.9,,,,,100.0,100.0,100.0,100.0,18422.1
2047.45,53.38,26218.9,,,,,53.37,53.38,53.38,53.38,18395.9
2048.45,100.0,26338.9,,,,,100.0,100.0,100.0,100.0,18428.8
2049.45,54.77,26218.5,,,,,54.75,54.78,54.77,54.78,18407.5
2050.45,53.36,26218.9,,,,,53.34,53.37,53.37,53.37,18422.0
2051.45,53.38,26218.9,,,,,53.38,53.38,53.39,53.36,18409.5
2052.45,100.0,26218.9,,,,,100.0,100.0,100.0,100.0,18380.3
2053.45,100.0,26209.6,,,,,100.0,100.0,100.0,100.0,18417.0
2054.45,53.4,26379.0,,,,,53.41,53.4,53.41,53.41,18431.8
2055.45,54.67,26218.9,,,,,54.68,54.67,54.67,54.67,18424.1
2056.45,53.41,26218.9,,,,,53.41,53.41,53.41,53.41,18389.2
2057.45,100.0,26218.9,,,,,100.0,100.0,100.0,100.0,18423.2
2058.45,53.39,26218.9,,,,,53.38,53.4,53.41,53.38,18393.0
2059.45,100.0,26218.9,,,,,100.0,100.0,100.0,100.0,18393.2
2060.45,53.4,26379.0,,,,,53.39,53.4,53.4,53.4,18433.3
2061.45,54.69,26218.9,,,,,54.69,54.69,54.7,54.68,18424.9
2062.45,53.41,26218.9,,,,,53.42,53.4,53.41,53.41,18400.1
2063.45,100.0,26218.9,,,,,100.0,100.0,100.0,100.0,18376.8
2064.45,53.39,26218.9,,,,,53.39,53.39,53.4,53.39,18401.0
2065.45,100.0,26218.9,,,,,100.0,100.0,100.0,100.0,18385.0
2066.45,53.39,26379.0,,,,,53.39,53.4,53.4,53.37,18433.0
2067.45,54.7,26218.9,,,,,54.71,54.7,54.7,54.7,18384.6
2068.45,100.0,26218.8,,,,,100.0,100.0,100.0,100.0,18422.1
2069.45,53.33,26218.9,,,,,53.33,53.33,53.33,53.33,18386.4
2070.45,100.0,26200.7,,,,,100.0,100.0,100.0,100.0,18423.3
2071.45,53.31,26218.9,,,,,53.32,53.31,53.31,53.31,18385.0
2072.45,100.0,26218.5,,,,,100.0,100.0,100.0,100.0,18433.7
2073.45,53.35,26218.5,,,,,53.35,53.34,53.36,53.35,18401.3
2074.45,53.39,26218.9,,,,,53.41,53.38,53.4,53.4,18377.4
2075.45,100.0,26218.6,,,,,100.0,100.0,100.0,100.0,18409.5
2076.45,53.41,26218.9,,,,,53.42,53.41,53.41,53.41,18399.8
2077.46,53.36,26228.0,,,,,53.35,53.35,53.37,53.36,18407.3
2078.46,100.0,26218.5,,,,,100.0,100.0,100.0,100.0,18372.2
2079.46,0.0,26218.9,,,,,0.0,0.0,0.0,0.0,18403.3
2080.46,100.0,26218.9,,,,,100.0,100.0,100.0,100.0,18379.5
2081.46,100.0,26200.5,,,,,100.0,100.0,100.0,100.0,18411.3
2082.46,53.41,26218.9,,,,,53.41,53.41,53.42,53.41,18408.4
2083.46,53.31,26228.0,,,,,53.32,53.31,53.31,53.31,18408.5
2084.46,100.0,26218.5,,,,,100.0,100.0,100.0,100.0,18388.7
2085.46,0.0,26218.9,,,,,0.0,0.0,0.0,0.0,18408.2
2086.46,100.0,26218.9,,,,,100.0,100.0,100.0,100.0,18407.1
2087.46,53.33,26237.1,,,,,53.32,53.32,53.34,53.33,18414.3
2088.46,100.0,26209.8,,,,,100.0,100.0,100.0,100.0,18419.4
2089.46,53.32,26218.9,,,,,53.32,53.32,53.33,53.31,18387.8
2090.46,100.0,26218.5,,,,,100.0,100.0,100.0,100.0,18431.4
2091.46,0.0,26218.9,,,,,0.0,0.0,0.0,0.0,18399.2
2092.46,100.0,26218.9,,,,,100.0,100.0,100.0,100.0,18421.9
2093.46,100.0,26218.6,,,,,100.0,100.0,100.0,100.0,18413.8
2094.46,53.4,26218.9,,,,,53.39,53.4,53.41,53.4,18383.9
2095.46,100.0,26258.6,,,,,100.0,100.0,100.0,100.0,18410.3
2096.46,54.75,26218.5,,,,,54.75,54.74,54.75,54.74,18432.1
2097.46,53.31,26209.8,,,,,53.31,53.3,53.32,53.31,18422.2
2098.46,53.39,26218.9,,,,,53.38,53.38,53.39,53.4,18386.3
2099.46,100.0,26218.9,,,,,100.0,100.0,100.0,100.0,18422.9
2100.46,53.4,26218.9,,,,,53.4,53.4,53.41,53.4,18387.3
2101.46,100.0,26280.6,,,,,100.0,100.0,100.0,100.0,18425.3
2102.46,54.76,26218.5,,,,,54.75,54.76,54.76,54.76,18390.7
2103.46,53.38,26218.9,,,,,53.38,53.39,53.38,53.38,18422.8
2104.46,53.36,26218.9,,,,,53.36,53.35,53.36,53.35,18398.3
2105.46,100.0,26218.9,,,,,100.0,100.0,100.0,100.0,18377.1
2106.46,53.4,26228.0,,,,,53.39,53.4,53.4,53.4,18408.3
2107.46,100.0,26379.0,,,,,100.0,100.0,100.0,100.0,18433.0
2108.46,54.72,26218.9,,,,,54.72,54.72,54.72,54.73,18424.7
2109.46,53.33,26218.9,,,,,53.32,53.32,53.33,53.32,18388.3
2110.46,100.0,26218.9,,,,,100.0,100.0,100.0,100.0,18423.8
2111.46,53.36,26218.9,,,,,53.35,53.36,53.36,53.36,18391.7
2112.46,100.0,26218.9,,,,,100.0,100.0,100.0,100.0,18399.2
2113.46,53.34,26379.0,,,,,53.33,53.35,53.35,53.34,18433.7
2114.46,54.75,26218.9,,,,,54.75,54.76,54.76,54.74,18425.5
2115.46,100.0,26209.5,,,,,100.0,100.0,100.0,100.0,18410.8
2116.46,53.41,26218.9,,,,,53.41,53.41,53.41,53.41,18382.0
2117.46,53.31,26228.0,,,,,53.31,53.31,53.31,53.32,18409.3
2118.46,100.0,26218.9,,,,,100.0,100.0,100.0,100.0,18383.0
2119.46,53.33,26379.0,,,,,53.32,53.33,53.34,53.31,18434.2
2120.46,54.76,26218.9,,,,,54.76,54.77,54.77,54.76,18385.5
2121.46,100.0,26209.7,,,,,100.0,100.0,100.0,100.0,18420.7
2122.46,53.38,26218.9,,,,,53.38,53.37,53.39,53.37,18385.9
2123.46,100.0,26218.7,,,,,100.0,100.0,100.0,100.0,18408.4
2124.46,53.4,26218.9,,,,,53.38,53.4,53.4,53.41,18386.3
2125.47,100.0,26218.5,,,,,100.0,100.0,100.0,100.0,18434.9
2126.47,0.0,26218.9,,,,,0.0,0.0,0.0,0.0,18392.6
2127.47,100.0,26218.9,,,,,100.0,100.0,100.0,100.0,18374.8
2128.47,53.35,26218.9,,,,,53.35,53.35,53.35,53.35,18396.6
2129.47,100.0,26218.9,,,,,100.0,100.0,100.0,100.0,18407.8
2130.47,53.38,26218.9,,,,,53.38,53.39,53.39,53.38,18399.7
2131.47,100.0,26218.5,,,,,100.0,100.0,100.0,100.0,18382.8
2132.47,53.39,26200.6,,,,,53.4,53.37,53.4,53.39,18423.1
2133.47,53.33,26218.9,,,,,53.33,53.33,53.33,53.32,18387.2
2134.47,100.0,26209.8,,,,,100.0,100.0,100.0,100.0,18425.0
2135.47,53.32,26218.9,,,,,53.31,53.32,53.33,53.33,18387.9
2136.47,100.0,26258.7,,,,,100.0,100.0,100.0,100.0,18427.3
2137.47,54.73,26218.5,,,,,54.72,54.73,54.73,54.75,18395.7
2138.47,53.33,26218.9,,,,,53.34,53.33,53.34,53.32,18377.1
2139.47,53.39,26218.9,,,,,53.4,53.4,53.39,53.38,18402.2
2140.47,100.0,26218.9,,,,,100.0,100.0,100.0,100.0,18381.5
2141.47,100.0,26218.5,,,,,100.0,100.0,100.0,100.0,18411.8
2142.47,53.33,26379.0,,,,,53.32,53.33,53.32,53.32,18436.4
2143.47,54.79,26218.9,,,,,54.8,54.79,54.8,54.78,18428.5
2144.47,53.29,26218.9,,,,,53.31,53.27,53.3,53.28,18393.7
2145.47,100.0,26218.9,,,,,100.0,100.0,100.0,100.0,18386.6
2146.47,53.29,26218.9,,,,,53.29,53.29,53.29,53.29,18398.4
2147.47,100.0,26218.9,,,,,100.0,100.0,100.0,100.0,18400.7
2148.47,53.33,26379.0,,,,,53.34,53.33,53.33,53.33,18437.9
2149.47,54.71,26218.9,,,,,54.71,54.71,54.72,54.72,18387.1
2150.47,100.0,26209.7,,,,,100.0,100.0,100.0,100.0,18425.8
2151.47,53.33,26218.9,,,,,53.34,53.33,53.34,53.32,18389.9
2152.47,100.0,26218.9,,,,,100.0,100.0,100.0,100.0,18427.9
2153.47,53.31,26218.9,,,,,53.32,53.3,53.31,53.3,18392.2
2154.47,100.0,26218.5,,,,,100.0,100.0,100.0,100.0,18438.0
2155.47,53.33,26218.5,,,,,53.33,53.34,53.34,53.32,18407.9
2156.47,53.4,26218.9,,,,,53.38,53.4,53.39,53.41,18386.9
2157.47,100.0,26209.6,,,,,100.0,100.0,100.0,100.0,18421.8
2158.47,53.36,26218.9,,,,,53.36,53.36,53.37,53.36,18387.9
2159.47,100.0,26209.7,,,,,100.0,100.0,100.0,100.0,18426.2
2160.47,54.77,26218.5,,,,,54.78,54.77,54.77,54.76,18397.0
2161.47,53.33,26218.9,,,,,53.33,53.33,53.34,53.33,18429.2
2162.47,53.39,26218.9,,,,,53.38,53.39,53.4,53.39,18402.0
2163.47,100.0,26218.9,,,,,100.0,100.0,100.0,100.0,18401.1
2164.47,53.39,26218.9,,,,,53.39,53.39,53.39,53.39,18394.9
2165.47,100.0,26298.7,,,,,100.0,100.0,100.0,100.0,18432.4
2166.47,54.74,26218.5,,,,,54.74,54.73,54.74,54.74,18397.4
2167.47,53.4,26218.9,,,,,53.4,53.4,53.41,53.38,18379.0
2168.47,53.36,26218.9,,,,,53.34,53.35,53.37,53.37,18402.8
2169.47,100.0,26218.9,,,,,100.0,100.0,100.0,100.0,18389.1
2170.47,53.41,26218.9,,,,,53.41,53.4,53.42,53.41,18414.5
2171.47,100.0,26379.0,,,,,100.0,100.0,100.0,100.0,18439.1
2172.48,54.77,26218.9,,,,,54.77,54.77,54.77,54.77,18377.7
2173.48,53.3,26218.9,,,,,53.32,53.3,53.29,53.3,18398.2
2174.48,100.0,26218.9,,,,,100.0,100.0,100.0,100.0,18409.3
2175.48,53.32,26218.9,,,,,53.32,53.31,53.33,53.32,18397.7
2176.48,100.0,26218.9,,,,,100.0,100.0,100.0,100.0,18412.6
2177.48,53.4,26379.0,,,,,53.4,53.39,53.4,53.4,18440.4
2178.48,54.75,26218.9,,,,,54.72,54.76,54.76,54.77,18381.4
2179.48,53.36,26218.9,,,,,53.38,53.35,53.36,53.36,18399.3
2180.48,100.0,26209.8,,,,,100.0,100.0,100.0,100.0,18413.7
2181.48,53.43,26218.9,,,,,53.44,53.42,53.44,53.41,18399.5
2182.48,100.0,26218.9,,,,,100.0,100.0,100.0,100.0,18423.6
2183.48,53.36,26379.0,,,,,53.36,53.36,53.37,53.37,18441.3
2184.48,54.7,26218.9,,,,,54.71,54.7,54.7,54.7,18422.2
2185.48,53.41,26218.9,,,,,53.4,53.4,53.42,53.41,18407.7
2186.48,100.0,26218.9,,,,,100.0,100.0,100.0,100.0,18431.5
2187.48,100.0,26218.5,,,,,100.0,100.0,100.0,100.0,18415.0
2188.48,53.34,26218.9,,,,,53.34,53.34,53.35,53.33,18431.8
2189.48,100.0,26218.8,,,,,100.0,100.0,100.0,100.0,18441.7
2190.48,1.38,26218.9,,,,,1.37,1.38,1.37,1.38,18393.9
2191.48,100.0,26218.9,,,,,100.0,100.0,100.0,100.0,18431.9
2192.48,53.32,26218.9,,,,,53.32,53.33,53.32,53.33,18398.1
2193.48,100.0,26218.9,,,,,100.0,100.0,100.0,100.0,18432.6
2194.48,53.36,26218.9,,,,,53.35,53.36,53.36,53.36,18400.9
2195.48,100.0,26218.5,,,,,100.0,100.0,100.0,100.0,18382.7
2196.48,53.37,26218.5,,,,,53.37,53.37,53.37,53.37,18417.8
2197.48,53.31,26218.9,,,,,53.3,53.31,53.31,53.31,18416.0
2198.48,100.0,26200.6,,,,,100.0,100.0,100.0,100.0,18428.4
2199.48,53.38,26218.9,,,,,53.37,53.39,53.39,53.38,18425.4
2200.48,100.0,26258.7,,,,,100.0,100.0,100.0,100.0,18431.8
2201.48,54.75,26218.5,,,,,54.76,54.75,54.75,54.75,18397.6
2202.48,53.33,26218.9,,,,,53.34,53.32,53.34,53.33,18433.5
2203.48,53.39,26218.9,,,,,53.4,53.38,53.4,53.41,18406.9
2204.48,100.0,26218.9,,,,,100.0,100.0,100.0,100.0,18433.6
2205.48,53.41,26228.0,,,,,53.4,53.4,53.42,53.4,18417.4
2206.48,100.0,26379.0,,,,,100.0,100.0,100.0,100.0,18442.7
2207.48,54.78,26218.9,,,,,54.78,54.77,54.78,54.77,18434.5
2208.48,53.33,26218.9,,,,,53.33,53.32,53.34,53.33,18395.9
2209.48,100.0,26218.9,,,,,100.0,100.0,100.0,100.0,18434.0
2210.48,53.33,26218.9,,,,,53.33,53.3,53.34,53.35,18401.9
2211.48,100.0,26218.9,,,,,100.0,100.0,100.0,100.0,18435.1
2212.48,53.33,26379.0,,,,,53.32,53.34,53.34,53.34,18443.6
2213.48,54.78,26218.9,,,,,54.78,54.77,54.79,54.77,18387.5
2214.48,100.0,26218.5,,,,,100.0,100.0,100.0,100.0,18418.3
2215.48,53.4,26218.9,,,,,53.41,53.4,53.41,53.4,18418.0
2216.48,100.0,26218.8,,,,,100.0,100.0,100.0,100.0,18432.2
2217.48,53.38,26218.9,,,,,53.38,53.38,53.39,53.36,18426.9
2218.48,100.0,26218.5,,,,,100.0,100.0,100.0,100.0,18421.3
2219.48,0.0,26218.9,,,,,0.0,0.0,0.0,0.0,18408.7
2220.49,100.0,26218.9,,,,,100.0,100.0,100.0,100.0,18426.7
2221.49,53.39,26218.9,,,,,53.38,53.38,53.4,53.39,18410.6
2222.49,100.0,26218.9,,,,,100.0,100.0,100.0,100.0,18425.6
2223.49,53.4,26228.0,,,,,53.38,53.4,53.4,53.4,18415.6
2224.49,100.0,26218.5,,,,,100.0,100.0,100.0,100.0,18444.9
2225.49,53.37,26209.5,,,,,53.37,53.37,53.38,53.38,18423.4
2226.49,53.33,26218.9,,,,,53.32,53.32,53.34,53.34,18419.5
2227.49,53.38,26228.0,,,,,53.37,53.37,53.38,53.38,18420.4
2228.49,100.0,26218.9,,,,,100.0,100.0,100.0,100.0,18428.0
2229.49,53.41,26267.9,,,,,53.41,53.41,53.41,53.41,18412.5
2230.49,100.0,26218.5,,,,,100.0,100.0,100.0,100.0,18445.6
2231.49,53.38,26218.5,,,,,53.39,53.38,53.38,53.38,18417.2
2232.49,53.3,26218.9,,,,,53.3,53.3,53.3,53.31,18436.3
2233.49,53.4,26237.0,,,,,53.4,53.4,53.41,53.38,18426.7
2234.49,100.0,26218.9,,,,,100.0,100.0,100.0,100.0,18395.3
2235.49,53.37,26246.2,,,,,53.38,53.37,53.38,53.37,18429.4
2236.49,100.0,26218.5,,,,,100.0,100.0,100.0,100.0,18446.1
2237.49,53.38,26218.9,,,,,53.37,53.38,53.39,53.38,18436.2
2238.49,53.33,26218.9,,,,,53.33,53.33,53.34,53.33,18402.2
2239.49,100.0,26218.9,,,,,100.0,100.0,100.0,100.0,18436.7
2240.49,53.33,26218.9,,,,,53.33,53.33,53.34,53.33,18407.9
2241.49,100.0,26379.0,,,,,100.0,100.0,100.0,100.0,18445.9
2242.49,54.7,26191.6,,,,,54.68,54.71,54.7,54.71,18434.8
2243.49,53.39,26218.9,,,,,53.39,53.38,53.39,53.38,18437.2
2244.49,100.0,26209.8,,,,,100.0,100.0,100.0,100.0,18436.0
2245.49,53.39,26218.9,,,,,53.39,53.38,53.39,53.39,18399.8
2246.49,100.0,26218.9,,,,,100.0,100.0,100.0,100.0,18437.8
2247.49,53.38,26379.0,,,,,53.36,53.39,53.38,53.39,18447.1
2248.49,54.75,26218.9,,,,,54.74,54.75,54.76,54.75,18439.0
2249.49,100.0,26218.5,,,,,100.0,100.0,100.0,100.0,18423.3
2250.49,53.34,26218.9,,,,,53.35,53.35,53.34,53.33,18438.0
2251.49,100.0,26209.6,,,,,100.0,100.0,100.0,100.0,18432.4
2252.49,53.35,26218.9,,,,,53.36,53.35,53.36,53.34,18398.7
2253.49,100.0,26218.5,,,,,100.0,100.0,100.0,100.0,18447.3
2254.49,0.0,26218.9,,,,,0.0,0.0,0.0,0.0,18409.2
2255.49,100.0,26218.9,,,,,100.0,100.0,100.0,100.0,18438.6
2256.49,53.35,26218.9,,,,,53.35,53.35,53.36,53.34,18415.8
2257.49,100.0,26218.9,,,,,100.0,100.0,100.0,100.0,18392.1
2258.49,53.35,26228.0,,,,,53.36,53.33,53.35,53.35,18418.5
2259.49,100.0,26218.5,,,,,100.0,100.0,100.0,100.0,18448.8
2260.49,53.32,26209.7,,,,,53.33,53.32,53.33,53.32,18438.1
2261.49,53.4,26218.9,,,,,53.4,53.39,53.4,53.4,18400.3
2262.49,100.0,26209.8,,,,,100.0,100.0,100.0,100.0,18438.3
2263.49,53.37,26218.9,,,,,53.37,53.36,53.37,53.38,18401.3
2264.49,100.0,26218.8,,,,,100.0,100.0,100.0,100.0,18433.5
2265.5,54.76,26218.5,,,,,54.76,54.75,54.76,54.75,18399.8
2266.5,53.34,26218.9,,,,,53.34,53.35,53.35,53.34,18439.3
2267.5,53.41,26218.9,,,,,53.42,53.41,53.41,53.39,18404.1
2268.5,100.0,26218.9,,,,,100.0,100.0,100.0,100.0,18389.3
2269.5,53.36,26218.9,,,,,53.36,53.35,53.37,53.36,18412.4
2270.5,100.0,26379.0,,,,,100.0,100.0,100.0,100.0,18449.5
2271.5,54.77,26218.9,,,,,54.77,54.76,54.77,54.77,18440.9
2272.5,53.32,26218.9,,,,,53.31,53.33,53.33,53.32,18402.0
2273.5,100.0,26218.9,,,,,100.0,100.0,100.0,100.0,18439.9
2274.5,53.31,26218.9,,,,,53.31,53.31,53.32,53.31,18406.0
2275.5,100.0,26218.9,,,,,100.0,100.0,100.0,100.0,18406.0
2276.5,53.32,26379.0,,,,,53.31,53.31,53.32,53.32,18449.4
2277.5,54.78,26218.9,,,,,54.78,54.77,54.78,54.78,18441.8
2278.5,53.31,26218.9,,,,,53.31,53.31,53.31,53.31,18415.3
2279.5,100.0,26218.9,,,,,100.0,100.0,100.0,100.0,18396.2
2280.5,100.0,26209.6,,,,,100.0,100.0,100.0,100.0,18430.2
2281.5,53.39,26218.9,,,,,53.38,53.39,53.39,53.38,18400.7
2282.5,100.0,26218.5,,,,,100.0,100.0,100.0,100.0,18450.6
2283.5,0.0,26218.9,,,,,0.0,0.0,0.0,0.0,18406.3
2284.5,100.0,26218.9,,,,,100.0,100.0,100.0,100.0,18441.4
2285.5,53.38,26218.9,,,,,53.38,53.38,53.38,53.38,18412.3
2286.5,100.0,26218.9,,,,,100.0,100.0,100.0,100.0,18411.6
2287.5,53.41,26228.0,,,,,53.41,53.42,53.43,53.38,18413.7
2288.5,100.0,26218.5,,,,,100.0,100.0,100.0,100.0,18451.3
2289.5,53.39,26218.5,,,,,53.38,53.4,53.39,53.38,18423.1
2290.5,53.35,26218.9,,,,,53.35,53.35,53.35,53.35,18397.6
2291.5,100.0,26209.5,,,,,100.0,100.0,100.0,100.0,18427.7
2292.5,53.34,26218.9,,,,,53.33,53.34,53.34,53.33,18398.0
2293.5,53.4,26228.0,,,,,53.39,53.4,53.4,53.41,18428.2
2294.5,100.0,26218.5,,,,,100.0,100.0,100.0,100.0,18400.8
2295.5,53.4,26218.9,,,,,53.39,53.4,53.41,53.4,18441.7
2296.5,53.31,26218.9,,,,,53.3,53.32,53.32,53.32,18407.3
2297.5,100.0,26218.9,,,,,100.0,100.0,100.0,100.0,18388.8
2298.5,53.33,26218.9,,,,,53.32,53.33,53.33,53.33,18406.8
2299.5,100.0,26329.6,,,,,100.0,100.0,100.0,100.0,18447.5
2300.5,54.71,26218.5,,,,,54.72,54.69,54.72,54.69,18413.0
2301.5,53.41,26218.9,,,,,53.4,53.41,53.42,53.4,18393.1
2302.5,53.32,26218.9,,,,,53.33,53.31,53.32,53.31,18421.4
2303.5,100.0,26218.9,,,,,100.0,100.0,100.0,100.0,18418.2
2304.5,53.3,26228.0,,,,,53.3,53.28,53.31,53.3,18433.5
2305.5,100.0,26379.0,,,,,100.0,100.0,100.0,100.0,18452.4
2306.5,54.7,26218.9,,,,,54.69,54.7,54.71,54.71,18444.3
2307.5,53.4,26218.9,,,,,53.4,53.4,53.41,53.39,18405.1
2308.5,100.0,26218.8,,,,,100.0,100.0,100.0,100.0,18418.4
2309.5,53.4,26218.9,,,,,53.4,53.39,53.4,53.41,18407.0
2310.5,100.0,26209.8,,,,,100.0,100.0,100.0,100.0,18424.9
2311.51,53.33,26379.0,,,,,53.33,53.32,53.33,53.33,18453.6
2312.51,54.72,26218.9,,,,,54.72,54.72,54.72,54.72,18394.2
2313.51,53.36,26218.9,,,,,53.36,53.36,53.37,53.36,18425.5
2314.51,100.0,26218.9,,,,,100.0,100.0,100.0,100.0,18399.3
2315.51,53.37,26228.0,,,,,53.36,53.36,53.37,53.37,18423.6
2316.51,100.0,26218.9,,,,,100.0,100.0,100.0,100.0,18418.9
2317.51,53.39,26379.0,,,,,53.39,53.38,53.4,53.38,18454.1
2318.51,54.7,26218.9,,,,,54.7,54.7,54.71,54.71,18403.7
2319.51,100.0,26218.8,,,,,100.0,100.0,100.0,100.0,18440.4
2320.51,53.32,26218.9,,,,,53.32,53.32,53.32,53.32,18403.8
2321.51,100.0,26218.8,,,,,100.0,100.0,100.0,100.0,18444.3
2322.51,53.36,26218.9,,,,,53.34,53.36,53.37,53.36,18406.7
2323.51,100.0,26218.5,,,,,100.0,100.0,100.0,100.0,18390.0
2324.51,0.0,26218.9,,,,,0.0,0.0,0.0,0.0,18417.0
2325.51,100.0,26218.9,,,,,100.0,100.0,100.0,100.0,18415.1
2326.51,53.33,26218.9,,,,,53.33,53.33,53.33,53.33,18428.5
2327.51,100.0,26218.9,,,,,100.0,100.0,100.0,100.0,18418.9
2328.51,53.34,26237.1,,,,,53.34,53.35,53.35,53.34,18437.3
2329.51,100.0,26218.5,,,,,100.0,100.0,100.0,100.0,18404.7
2330.51,53.33,26218.9,,,,,53.33,53.33,53.33,53.32,18434.1
2331.51,53.4,26218.9,,,,,53.39,53.41,53.4,53.39,18409.8
2332.51,100.0,26218.9,,,,,100.0,100.0,100.0,100.0,18435.0
2333.51,53.39,26218.9,,,,,53.4,53.38,53.39,53.39,18413.1
2334.51,100.0,26338.9,,,,,100.0,100.0,100.0,100.0,18452.4
2335.51,54.75,26218.5,,,,,54.75,54.75,54.74,54.75,18434.8
2336.51,53.36,26218.9,,,,,53.35,53.35,53.36,53.37,18404.9
2337.51,100.0,26209.8,,,,,100.0,100.0,100.0,100.0,18445.6
2338.51,53.38,26218.9,,,,,53.38,53.38,53.39,53.38,18404.2
2339.51,100.0,26218.7,,,,,100.0,100.0,100.0,100.0,18434.9
2340.51,53.31,26338.9,,,,,53.29,53.32,53.32,53.32,18453.6
2341.51,54.78,26218.5,,,,,54.78,54.78,54.78,54.78,18431.9
2342.51,53.3,26218.9,,,,,53.3,53.3,53.31,53.3,18420.4
2343.51,53.42,26218.9,,,,,53.42,53.42,53.42,53.41,18433.7
2344.51,100.0,26218.9,,,,,100.0,100.0,100.0,100.0,18447.3
2345.51,53.4,26237.1,,,,,53.41,53.39,53.4,53.39,18431.4
2346.51,100.0,26379.0,,,,,100.0,100.0,100.0,100.0,18456.2
2347.51,54.78,26182.5,,,,,54.76,54.78,54.77,54.78,18443.2
2348.51,53.31,26218.9,,,,,53.31,53.31,53.32,53.32,18439.7
2349.51,100.0,26218.8,,,,,100.0,100.0,100.0,100.0,18447.1
2350.51,53.37,26218.9,,,,,53.38,53.35,53.38,53.35,18410.4
2351.51,100.0,26218.9,,,,,100.0,100.0,100.0,100.0,18447.9
2352.51,53.32,26379.0,,,,,53.32,53.32,53.32,53.33,18457.0
2353.51,54.78,26218.9,,,,,54.77,54.78,54.78,54.77,18402.8
2354.51,100.0,26200.6,,,,,100.0,100.0,100.0,100.0,18444.5
2355.51,53.41,26218.9,,,,,53.41,53.4,53.41,53.41,18440.3
2356.51,100.0,26200.7,,,,,100.0,100.0,100.0,100.0,18447.5
2357.52,53.37,26218.9,,,,,53.38,53.38,53.36,53.37,18407.1
2358.52,53.31,26379.0,,,,,53.33,53.29,53.34,53.29,18456.3
2359.52,54.78,26218.9,,,,,54.77,54.8,54.78,54.8,18448.5
2360.52,100.0,26218.6,,,,,100.0,100.0,100.0,100.0,18413.2
2361.52,53.42,26218.9,,,,,53.43,53.42,53.43,53.41,18397.0
2362.52,53.35,26228.0,,,,,53.34,53.35,53.35,53.35,18418.2
2363.52,100.0,26218.9,,,,,100.0,100.0,100.0,100.0,18420.4
2364.52,53.38,26379.0,,,,,53.37,53.39,53.39,53.39,18454.4
2365.52,54.7,26218.9,,,,,54.7,54.7,54.71,54.71,18404.6
2366.52,100.0,26209.8,,,,,100.0,100.0,100.0,100.0,18444.0
2367.52,53.3,26218.9,,,,,53.32,53.29,53.31,53.29,18407.5
2368.52,100.0,26218.9,,,,,100.0,100.0,100.0,100.0,18412.1
2369.52,53.32,26218.9,,,,,53.32,53.33,53.33,53.32,18410.9
2370.52,100.0,26218.5,,,,,100.0,100.0,100.0,100.0,18455.1
2371.52,0.0,26218.9,,,,,0.0,0.0,0.0,0.0,18425.0
2372.52,100.0,26218.9,,,,,100.0,100.0,100.0,100.0,18403.4
2373.52,53.32,26228.0,,,,,53.32,53.32,53.33,53.32,18429.4
2374.52,100.0,26218.9,,,,,100.0,100.0,100.0,100.0,18403.0
2375.52,53.33,26228.0,,,,,53.32,53.34,53.34,53.32,18430.6
2376.52,100.0,26218.5,,,,,100.0,100.0,100.0,100.0,18402.1
2377.52,53.34,26209.5,,,,,53.35,53.34,53.32,53.35,18440.2
2378.52,53.4,26218.9,,,,,53.4,53.39,53.43,53.39,18406.1
2379.52,100.0,26218.7,,,,,100.0,100.0,100.0,100.0,18429.7
2380.52,53.37,26218.9,,,,,53.37,53.36,53.38,53.38,18406.9
2381.52,100.0,26258.7,,,,,100.0,100.0,100.0,100.0,18440.7
2382.52,54.7,26218.5,,,,,54.71,54.69,54.71,54.69,18407.1
2383.52,53.42,26218.9,,,,,53.43,53.42,53.43,53.4,18397.7
2384.52,53.3,26218.9,,,,,53.3,53.3,53.3,53.3,18412.6
2385.52,100.0,26218.9,,,,,100.0,100.0,100.0,100.0,18416.4
2386.52,53.34,26218.9,,,,,53.34,53.34,53.34,53.33,18417.2
2387.52,100.0,26338.9,,,,,100.0,100.0,100.0,100.0,18453.6
2388.52,54.68,26218.5,,,,,54.66,54.68,54.68,54.69,18431.8
2389.52,53.39,26218.9,,,,,53.39,53.4,53.4,53.38,18405.6
2390.52,100.0,26218.7,,,,,100.0,100.0,100.0,100.0,18442.1
2391.52,53.36,26218.9,,,,,53.34,53.37,53.37,53.35,18408.3
2392.52,100.0,26218.8,,,,,100.0,100.0,100.0,100.0,18433.5
2393.52,53.36,26379.0,,,,,53.35,53.36,53.36,53.37,18456.9
2394.52,54.71,26218.9,,,,,54.7,54.73,54.72,54.7,18395.6
2395.52,53.39,26218.9,,,,,53.39,53.39,53.39,53.4,18415.0
2396.52,100.0,26218.9,,,,,100.0,100.0,100.0,100.0,18418.0
2397.52,53.37,26218.9,,,,,53.37,53.37,53.38,53.37,18421.0
2398.52,100.0,26218.9,,,,,100.0,100.0,100.0,100.0,18431.9
2399.52,53.38,26379.0,,,,,53.37,53.38,53.38,53.38,18457.9
2400.52,54.71,26218.9,,,,,54.7,54.72,54.72,54.71,18406.6
2401.52,100.0,26209.6,,,,,100.0,100.0,100.0,100.0,18441.9
2402.52,53.33,26218.9,,,,,53.33,53.33,53.33,53.33,18426.4
2403.52,53.39,26237.1,,,,,53.38,53.4,53.4,53.38,18432.6
2404.52,100.0,26218.9,,,,,100.0,100.0,100.0,100.0,18434.1
2405.53,53.39,26379.0,,,,,53.39,53.38,53.39,53.39,18459.3
2406.53,54.7,26218.9,,,,,54.69,54.7,54.71,54.71,18450.5
2407.53,53.39,26218.9,,,,,53.4,53.38,53.4,53.38,18429.4
2408.53,100.0,26218.9,,,,,100.0,100.0,100.0,100.0,18441.1
2409.53,53.38,26228.0,,,,,53.37,53.38,53.38,53.38,18435.2
2410.53,100.0,26218.9,,,,,100.0,100.0,100.0,100.0,18443.2
2411.53,53.34,26379.0,,,,,53.33,53.34,53.34,53.33,18458.6
2412.53,54.71,26218.9,,,,,54.71,54.71,54.72,54.7,18409.0
2413.53,100.0,26218.9,,,,,100.0,100.0,100.0,100.0,18449.5
2414.53,53.35,26218.9,,,,,53.35,53.34,53.37,53.34,18422.4
2415.53,100.0,26209.8,,,,,100.0,100.0,100.0,100.0,18449.9
2416.53,53.34,26218.9,,,,,53.35,53.34,53.35,53.34,18421.2
2417.53,100.0,26218.5,,,,,100.0,100.0,100.0,100.0,18459.4
2418.53,0.0,26218.9,,,,,0.0,0.0,0.0,0.0,18426.5
2419.53,100.0,26218.9,,,,,100.0,100.0,100.0,100.0,18450.2
2420.53,53.32,26237.1,,,,,53.32,53.32,53.33,53.33,18435.6
2421.53,100.0,26218.9,,,,,100.0,100.0,100.0,100.0,18444.3
2422.53,53.35,26286.2,,,,,53.35,53.35,53.36,53.34,18443.0
2423.53,100.0,26218.5,,,,,100.0,100.0,100.0,100.0,18460.4
2424.53,53.32,26218.8,,,,,53.32,53.32,53.32,53.32,18448.7
2425.53,53.41,26218.9,,,,,53.4,53.4,53.41,53.41,18444.4
2426.53,100.0,26218.9,,,,,100.0,100.0,100.0,100.0,18451.3
2427.53,53.4,26218.9,,,,,53.4,53.4,53.41,53.39,18421.8
2428.53,100.0,26338.9,,,,,100.0,100.0,100.0,100.0,18457.9
2429.53,54.76,26218.5,,,,,54.75,54.76,54.76,54.75,18427.0
2430.53,53.33,26218.9,,,,,53.34,53.32,53.34,53.33,18451.5
2431.53,100.0,26200.5,,,,,100.0,100.0,100.0,100.0,18443.7
2432.53,53.35,26218.9,,,,,53.35,53.34,53.35,53.34,18451.4
2433.53,100.0,26218.8,,,,,100.0,100.0,100.0,100.0,18446.1
2434.53,53.33,26379.0,,,,,53.35,53.32,53.34,53.33,18461.2
2435.53,54.77,26218.9,,,,,54.78,54.77,54.78,54.77,18452.9
2436.53,53.32,26218.9,,,,,53.31,53.32,53.32,53.33,18438.0
2437.53,100.0,26200.7,,,,,100.0,100.0,100.0,100.0,18451.6
2438.53,53.33,26218.9,,,,,53.33,53.32,53.33,53.32,18416.8
2439.53,100.0,26209.8,,,,,100.0,100.0,100.0,100.0,18433.1
2440.53,53.37,26379.0,,,,,53.38,53.37,53.38,53.37,18462.5
2441.53,54.73,26218.9,,,,,54.73,54.72,54.72,54.74,18454.0
2442.53,53.32,26218.9,,,,,53.32,53.33,53.33,53.32,18424.7
2443.53,100.0,26218.9,,,,,100.0,100.0,100.0,100.0,18407.6
2444.53,53.33,26218.9,,,,,53.33,53.32,53.34,53.33,18435.4
2445.53,100.0,26218.9,,,,,100.0,100.0,100.0,100.0,18409.0
2446.53,100.0,26218.5,,,,,100.0,100.0,100.0,100.0,18462.1
2447.53,0.0,26218.9,,,,,0.0,0.0,0.0,0.0,18417.5
2448.53,100.0,26218.9,,,,,100.0,100.0,100.0,100.0,18453.2
2449.53,53.34,26218.9,,,,,53.34,53.35,53.34,53.33,18425.7
2450.54,100.0,26218.9,,,,,100.0,100.0,100.0,100.0,18405.9
2451.54,53.33,26218.9,,,,,53.32,53.33,53.33,53.32,18426.9
2452.54,100.0,26218.5,,,,,100.0,100.0,100.0,100.0,18462.8
2453.54,53.32,26209.8,,,,,53.31,53.32,53.33,53.31,18452.6
2454.54,53.38,26218.9,,,,,53.39,53.37,53.39,53.37,18417.3
2455.54,100.0,26209.8,,,,,100.0,100.0,100.0,100.0,18453.4
2456.54,53.36,26218.9,,,,,53.36,53.37,53.38,53.35,18418.1
2457.54,100.0,26338.9,,,,,100.0,100.0,100.0,100.0,18460.8
2458.54,54.74,26218.5,,,,,54.74,54.74,54.75,54.75,18425.7
2459.54,53.36,26218.9,,,,,53.36,53.36,53.36,53.36,18454.7
2460.54,53.35,26218.9,,,,,53.36,53.35,53.36,53.33,18436.4
2461.54,100.0,26218.9,,,,,100.0,100.0,100.0,100.0,18413.0
2462.54,100.0,26209.5,,,,,100.0,100.0,100.0,100.0,18444.5
2463.54,53.33,26379.0,,,,,53.33,53.33,53.34,53.33,18464.0
2464.54,54.77,26218.9,,,,,54.75,54.77,54.78,54.78,18455.8
2465.54,53.35,26218.9,,,,,53.35,53.34,53.35,53.35,18419.6
2466.54,100.0,26218.9,,,,,100.0,100.0,100.0,100.0,18455.0
2467.54,53.32,26218.9,,,,,53.31,53.32,53.32,53.31,18420.1
2468.54,100.0,26218.8,,,,,100.0,100.0,100.0,100.0,18421.1
2469.54,53.31,26379.0,,,,,53.3,53.31,53.31,53.32,18465.4
2470.54,54.77,26218.9,,,,,54.76,54.76,54.78,54.77,18457.2
2471.54,53.34,26218.9,,,,,53.33,53.34,53.33,53.34,18420.1
2472.54,100.0,26218.9,,,,,100.0,100.0,100.0,100.0,18425.1
2473.54,53.31,26218.9,,,,,53.31,53.31,53.31,53.3,18421.2
2474.54,100.0,26209.8,,,,,100.0,100.0,100.0,100.0,18445.3
2475.54,53.33,26379.0,,,,,53.34,53.33,53.33,53.31,18465.1
2476.54,54.77,26218.9,,,,,54.76,54.78,54.77,54.78,18406.7
2477.54,53.34,26218.9,,,,,53.35,53.34,53.35,53.33,18435.0
2478.54,100.0,26218.9,,,,,100.0,100.0,100.0,100.0,18411.8
2479.54,53.31,26218.9,,,,,53.3,53.32,53.31,53.32,18444.0
2480.54,100.0,26218.9,,,,,100.0,100.0,100.0,100.0,18432.6
2481.54,53.3,26379.0,,,,,53.3,53.3,53.31,53.3,18465.8
2482.54,54.78,26218.9,,,,,54.79,54.78,54.78,54.78,18419.3
2483.54,100.0,26218.9,,,,,100.0,100.0,100.0,100.0,18415.5
2484.54,53.4,26218.9,,,,,53.39,53.4,53.4,53.4,18422.0
2485.54,100.0,26218.9,,,,,100.0,100.0,100.0,100.0,18435.4
2486.54,53.39,26218.9,,,,,53.4,53.38,53.4,53.38,18422.7
2487.54,100.0,26218.5,,,,,100.0,100.0,100.0,100.0,18406.5
2488.54,53.32,26218.5,,,,,53.32,53.32,53.32,53.31,18442.1
2489.54,53.41,26218.9,,,,,53.41,53.41,53.41,53.41,18415.6
2490.54,100.0,26209.6,,,,,100.0,100.0,100.0,100.0,18453.0
2491.54,53.42,26218.9,,,,,53.43,53.42,53.42,53.41,18416.5
2492.54,100.0,26240.6,,,,,100.0,100.0,100.0,100.0,18457.1
2493.54,54.78,26218.5,,,,,54.79,54.77,54.79,54.76,18427.5
2494.54,53.33,26218.9,,,,,53.33,53.33,53.33,53.33,18408.4
2495.54,53.4,26218.9,,,,,53.4,53.39,53.41,53.39,18438.2
2496.55,100.0,26218.9,,,,,100.0,100.0,100.0,100.0,18413.0
2497.55,53.33,26228.0,,,,,53.33,53.34,53.34,53.33,18434.3
2498.55,100.0,26379.0,,,,,100.0,100.0,100.0,100.0,18466.8
2499.55,54.68,26218.9,,,,,54.66,54.68,54.69,54.7,18459.2
2500.55,53.39,26218.9,,,,,53.39,53.39,53.4,53.38,18424.0
2501.55,100.0,26218.9,,,,,100.0,100.0,100.0,100.0,18428.4
2502.55,53.39,26218.9,,,,,53.38,53.39,53.4,53.4,18431.7
2503.55,100.0,26218.9,,,,,100.0,100.0,100.0,100.0,18432.5
2504.55,53.4,26379.0,,,,,53.38,53.4,53.41,53.39,18468.6
2505.55,54.7,26218.9,,,,,54.7,54.69,54.71,54.7,18417.5
2506.55,100.0,26218.8,,,,,100.0,100.0,100.0,100.0,18454.6
2507.55,53.33,26218.9,,,,,53.32,53.32,53.33,53.33,18419.4
2508.55,100.0,26209.8,,,,,100.0,100.0,100.0,100.0,18458.2
2509.55,53.34,26218.9,,,,,53.33,53.33,53.34,53.34,18418.7
2510.55,100.0,26218.5,,,,,100.0,100.0,100.0,100.0,18468.2
2511.55,100.0,26218.9,,,,,100.0,100.0,100.0,100.0,18412.5
2512.55,100.0,26218.9,,,,,100.0,100.0,100.0,100.0,18412.5
2513.55,100.0,26218.9,,,,,100.0,100.0,100.0,100.0,18414.4
2514.55,53.35,26228.0,,,,,53.35,53.36,53.35,53.34,18446.7
2515.55,53.35,26228.0,,,,,53.35,53.36,53.35,53.34,18446.7
2516.55,53.4,26218.9,,,,,53.41,53.39,53.41,53.39,18459.2
2517.55,53.4,26218.9,,,,,53.41,53.39,53.41,53.39,18459.2
2518.55,100.0,26218.9,,,,,100.0,100.0,100.0,100.0,18422.4
2519.55,53.34,26218.9,,,,,53.34,53.34,53.34,53.33,18435.2
2520.55,100.0,26378.9,,,,,100.0,100.0,100.0,100.0,18469.6
2521.55,54.73,26191.5,,,,,54.73,54.72,54.73,54.73,18456.2
2522.55,53.36,26218.9,,,,,53.36,53.36,53.36,53.36,18420.4
2523.55,100.0,26218.8,,,,,100.0,100.0,100.0,100.0,18458.7
2524.55,53.4,26218.9,,,,,53.4,53.4,53.41,53.39,18423.9
2525.55,100.0,26218.8,,,,,100.0,100.0,100.0,100.0,18435.6
2526.55,53.4,26379.0,,,,,53.4,53.4,53.41,53.39,18470.6
2527.55,54.7,26218.9,,,,,54.68,54.7,54.71,54.7,18461.7
2528.55,53.38,26218.9,,,,,53.38,53.38,53.38,53.38,18424.6
2529.55,100.0,26218.9,,,,,100.0,100.0,100.0,100.0,18429.5
2530.55,53.4,26218.9,,,,,53.39,53.4,53.4,53.41,18427.6
2531.55,100.0,26218.9,,,,,100.0,100.0,100.0,100.0,18442.3
2532.55,53.41,26379.0,,,,,53.39,53.42,53.41,53.42,18470.6
2533.55,54.7,26218.9,,,,,54.69,54.72,54.71,54.7,18414.5
2534.55,100.0,26209.5,,,,,100.0,100.0,100.0,100.0,18448.6
2535.55,53.34,26218.9,,,,,53.32,53.34,53.34,53.34,18420.4
2536.55,100.0,26218.7,,,,,100.0,100.0,100.0,100.0,18456.5
2537.55,53.32,26218.9,,,,,53.32,53.33,53.32,53.32,18438.8
2538.56,100.0,26218.5,,,,,100.0,100.0,100.0,100.0,18410.4
2539.56,0.0,26218.9,,,,,0.0,0.0,0.0,0.0,18427.2
2540.56,100.0,26218.9,,,,,100.0,100.0,100.0,100.0,18428.9
2541.56,53.32,26218.9,,,,,53.32,53.32,53.32,53.32,18433.0
2542.56,100.0,26218.9,,,,,100.0,100.0,100.0,100.0,18441.5
2543.56,53.33,26218.9,,,,,53.33,53.32,53.32,53.33,18429.5
2544.56,100.0,26218.5,,,,,100.0,100.0,100.0,100.0,18410.7
2545.56,53.32,26218.5,,,,,53.31,53.31,53.33,53.33,18446.7
2546.56,53.39,26218.9,,,,,53.4,53.38,53.38,53.4,18418.6
2547.56,53.33,26237.0,,,,,53.32,53.33,53.34,53.31,18452.7
2548.56,100.0,26218.9,,,,,100.0,100.0,100.0,100.0,18447.0
2549.56,100.0,26258.6,,,,,100.0,100.0,100.0,100.0,18455.5
2550.56,54.7,26218.5,,,,,54.7,54.7,54.7,54.69,18421.0
2551.56,53.4,26218.9,,,,,53.38,53.4,53.4,53.4,18463.2
2552.56,53.32,26218.9,,,,,53.33,53.31,53.33,53.32,18423.8
2553.56,100.0,26209.8,,,,,100.0,100.0,100.0,100.0,18463.4
2554.56,53.33,26218.9,,,,,53.33,53.34,53.32,53.33,18442.1
2555.56,53.4,26326.0,,,,,53.39,53.4,53.4,53.4,18460.9
2556.56,100.0,26218.5,,,,,100.0,100.0,100.0,100.0,18420.8
2557.56,53.4,26218.9,,,,,53.41,53.4,53.41,53.4,18463.6
2558.56,53.36,26218.9,,,,,53.35,53.37,53.36,53.36,18441.9
2559.56,53.35,26246.2,,,,,53.35,53.33,53.36,53.34,18456.6
2560.56,100.0,26218.9,,,,,100.0,100.0,100.0,100.0,18424.8
2561.56,53.39,26366.2,,,,,53.4,53.37,53.39,53.39,18458.3
2562.56,100.0,26218.5,,,,,100.0,100.0,100.0,100.0,18474.9
2563.56,53.39,26218.7,,,,,53.38,53.38,53.39,53.39,18460.0
2564.56,53.37,26218.9,,,,,53.37,53.37,53.38,53.38,18425.5
2565.56,100.0,26218.8,,,,,100.0,100.0,100.0,100.0,18463.6
2566.56,53.33,26218.9,,,,,53.33,53.33,53.33,53.33,18428.6
2567.56,100.0,26298.7,,,,,100.0,100.0,100.0,100.0,18465.7
2568.56,54.71,26218.5,,,,,54.71,54.71,54.71,54.71,18428.7
2569.56,53.39,26218.9,,,,,53.4,53.39,53.41,53.38,18465.3
2570.56,53.33,26218.9,,,,,53.32,53.35,53.34,53.33,18438.1
2571.56,100.0,26218.9,,,,,100.0,100.0,100.0,100.0,18416.9
2572.56,53.33,26218.9,,,,,53.33,53.33,53.34,53.33,18443.8
2573.56,100.0,26379.0,,,,,100.0,100.0,100.0,100.0,18474.1
2574.56,54.71,26218.9,,,,,54.72,54.7,54.71,54.71,18466.4
2575.56,53.4,26218.9,,,,,53.4,53.4,53.4,53.39,18429.2
2576.56,100.0,26218.9,,,,,100.0,100.0,100.0,100.0,18465.2
2577.56,53.4,26218.9,,,,,53.39,53.4,53.41,53.4,18434.3
2578.56,100.0,26218.9,,,,,100.0,100.0,100.0,100.0,18413.7
2579.56,53.39,26379.0,,,,,53.39,53.39,53.4,53.38,18474.6
2580.56,54.7,26218.9,,,,,54.7,54.7,54.7,54.69,18467.0
2581.56,100.0,26218.8,,,,,100.0,100.0,100.0,100.0,18463.1
2582.56,53.32,26218.9,,,,,53.32,53.32,53.32,53.32,18428.0
2583.56,100.0,26218.9,,,,,100.0,100.0,100.0,100.0,18465.9
2584.56,53.33,26218.9,,,,,53.32,53.33,53.33,53.33,18431.0
2585.56,100.0,26218.5,,,,,100.0,100.0,100.0,100.0,18475.4
2586.57,0.0,26218.9,,,,,0.0,0.0,0.0,0.0,18443.3
2587.57,100.0,26218.9,,,,,100.0,100.0,100.0,100.0,18466.7
2588.57,53.36,26228.0,,,,,53.36,53.37,53.37,53.36,18453.0
2589.57,100.0,26218.9,,,,,100.0,100.0,100.0,100.0,18425.1
2590.57,53.36,26228.0,,,,,53.34,53.35,53.36,53.39,18455.4
2591.57,100.0,26218.5,,,,,100.0,100.0,100.0,100.0,18476.9
2592.57,53.4,26209.8,,,,,53.41,53.4,53.4,53.4,18466.2
2593.57,53.33,26218.9,,,,,53.31,53.34,53.34,53.33,18429.1
2594.57,100.0,26209.8,,,,,100.0,100.0,100.0,100.0,18466.9
2595.57,53.33,26218.9,,,,,53.34,53.32,53.33,53.32,18431.1
2596.57,100.0,26258.8,,,,,100.0,100.0,100.0,100.0,18470.1
2597.57,54.68,26218.5,,,,,54.68,54.68,54.67,54.68,18438.3
2598.57,53.41,26218.9,,,,,53.41,53.4,53.42,53.41,18467.6
2599.57,53.33,26218.9,,,,,53.33,53.33,53.33,53.33,18448.7
2600.57,100.0,26218.9,,,,,100.0,100.0,100.0,100.0,18424.6
2601.57,53.32,26228.0,,,,,53.33,53.32,53.33,53.32,18454.1
2602.57,100.0,26379.0,,,,,100.0,100.0,100.0,100.0,18477.3
2603.57,54.72,26218.9,,,,,54.7,54.72,54.73,54.72,18468.9
2604.57,53.39,26218.9,,,,,53.39,53.39,53.39,53.4,18429.1
2605.57,100.0,26218.7,,,,,100.0,100.0,100.0,100.0,18463.7
2606.57,53.41,26218.9,,,,,53.41,53.4,53.42,53.42,18429.2
2607.57,100.0,26209.8,,,,,100.0,100.0,100.0,100.0,18458.0
2608.57,53.41,26379.0,,,,,53.42,53.4,53.42,53.41,18478.2
2609.57,54.72,26218.9,,,,,54.72,54.72,54.72,54.71,18470.0
2610.57,53.39,26218.9,,,,,53.38,53.39,53.39,53.4,18445.3
2611.57,100.0,26218.9,,,,,100.0,100.0,100.0,100.0,18442.9
2612.57,53.41,26228.0,,,,,53.41,53.39,53.42,53.4,18448.0
2613.57,100.0,26218.9,,,,,100.0,100.0,100.0,100.0,18443.5
2614.57,53.39,26378.6,,,,,53.38,53.4,53.39,53.39,18478.9
2615.57,54.74,26218.5,,,,,54.74,54.74,54.75,54.73,18423.5
2616.57,100.0,26218.2,,,,,100.0,100.0,100.0,100.0,18454.7
2617.57,53.33,26218.5,,,,,53.33,53.33,53.34,53.34,18426.3
2618.57,100.0,26218.3,,,,,100.0,100.0,100.0,100.0,18461.2
2619.57,54.72,26218.5,,,,,54.72,54.72,54.73,54.72,18431.3
2620.57,53.38,26218.9,,,,,53.37,53.38,53.38,53.37,18416.4
2621.57,53.32,26218.9,,,,,53.31,53.32,53.32,53.31,18435.6
2622.57,100.0,26218.9,,,,,100.0,100.0,100.0,100.0,18449.0
2623.57,53.37,26218.9,,,,,53.35,53.37,53.37,53.37,18436.0
2624.57,100.0,26298.9,,,,,100.0,100.0,100.0,100.0,18474.7
2625.57,54.69,26218.5,,,,,54.7,54.68,54.68,54.68,18443.3
2626.57,53.4,26218.9,,,,,53.4,53.39,53.4,53.41,18422.6
2627.57,100.0,26218.5,,,,,100.0,100.0,100.0,100.0,18453.0
2628.57,53.36,26218.9,,,,,53.37,53.36,53.37,53.36,18425.3
2629.57,100.0,26218.6,,,,,100.0,100.0,100.0,100.0,18457.2
2630.57,53.4,26338.9,,,,,53.41,53.39,53.39,53.4,18477.8
2631.57,54.71,26218.9,,,,,54.69,54.71,54.71,54.71,18470.3
2632.57,53.38,26218.9,,,,,53.38,53.37,53.38,53.39,18430.4
2633.57,100.0,26218.6,,,,,100.0,100.0,100.0,100.0,18437.7
2634.57,53.39,26218.9,,,,,53.38,53.4,53.4,53.39,18459.0
2635.58,53.33,26228.0,,,,,53.33,53.33,53.33,53.33,18443.9
2636.58,100.0,26379.0,,,,,100.0,100.0,100.0,100.0,18476.6
2637.58,54.7,26218.9,,,,,54.69,54.7,54.7,54.7,18468.1
2638.58,53.4,26218.9,,,,,53.41,53.38,53.41,53.4,18429.9
2639.58,100.0,26218.9,,,,,100.0,100.0,100.0,100.0,18467.3
2640.58,53.39,26218.9,,,,,53.39,53.4,53.4,53.38,18439.6
2641.58,100.0,26218.9,,,,,100.0,100.0,100.0,100.0,18468.2
2642.58,53.38,26379.0,,,,,53.37,53.39,53.38,53.39,18476.9
2643.58,54.7,26218.9,,,,,54.7,54.69,54.71,54.71,18427.8
2644.58,100.0,26209.8,,,,,100.0,100.0,100.0,100.0,18466.9
2645.58,53.32,26218.9,,,,,53.32,53.33,53.32,53.32,18430.4
2646.58,100.0,26218.9,,,,,100.0,100.0,100.0,100.0,18469.1
2647.58,53.33,26218.9,,,,,53.31,53.33,53.33,53.33,18437.1
2648.58,100.0,26218.5,,,,,100.0,100.0,100.0,100.0,18418.5
2649.58,53.33,26218.5,,,,,53.33,53.32,53.33,53.34,18455.1
2650.58,53.4,26218.9,,,,,53.41,53.39,53.41,53.4,18427.8
2651.58,100.0,26200.6,,,,,100.0,100.0,100.0,100.0,18465.6
2652.58,53.4,26218.9,,,,,53.4,53.39,53.4,53.4,18429.0
2653.58,100.0,26218.9,,,,,100.0,100.0,100.0,100.0,18468.7
2654.58,54.78,26218.5,,,,,54.78,54.78,54.78,54.79,18447.2
2655.58,53.33,26218.9,,,,,53.33,53.34,53.34,53.32,18426.1
2656.58,53.4,26228.0,,,,,53.4,53.4,53.4,53.4,18455.4
2657.58,100.0,26218.9,,,,,100.0,100.0,100.0,100.0,18447.8
2658.58,53.38,26246.2,,,,,53.38,53.38,53.39,53.37,18462.3
2659.58,100.0,26379.0,,,,,100.0,100.0,100.0,100.0,18479.8
2660.58,54.78,26218.9,,,,,54.79,54.78,54.78,54.78,18448.2
2661.58,53.33,26218.9,,,,,53.34,53.32,53.34,53.31,18435.6
2662.58,100.0,26218.9,,,,,100.0,100.0,100.0,100.0,18459.7
2663.58,53.31,26218.9,,,,,53.33,53.31,53.33,53.29,18436.3
2664.58,100.0,26218.9,,,,,100.0,100.0,100.0,100.0,18452.0
2665.58,53.32,26379.0,,,,,53.32,53.32,53.33,53.31,18479.4
2666.58,54.75,26218.9,,,,,54.75,54.75,54.75,54.75,18429.9
2667.58,100.0,26200.7,,,,,100.0,100.0,100.0,100.0,18469.2
2668.58,53.38,26218.9,,,,,53.37,53.39,53.39,53.38,18430.2
2669.58,100.0,26218.8,,,,,100.0,100.0,100.0,100.0,18468.0
2670.58,53.35,26218.9,,,,,53.34,53.35,53.35,53.35,18449.3
2671.58,100.0,26218.5,,,,,100.0,100.0,100.0,100.0,18415.4
2672.58,0.0,26218.9,,,,,0.0,0.0,0.0,0.0,18440.4
2673.58,100.0,26218.9,,,,,100.0,100.0,100.0,100.0,18440.7
2674.58,53.37,26218.9,,,,,53.36,53.38,53.38,53.36,18444.8
2675.58,100.0,26218.9,,,,,100.0,100.0,100.0,100.0,18450.6
2676.58,53.38,26218.9,,,,,53.38,53.38,53.38,53.39,18452.3
2677.58,100.0,26218.5,,,,,100.0,100.0,100.0,100.0,18427.8
2678.58,53.42,26200.6,,,,,53.42,53.42,53.41,53.43,18469.0
2679.58,53.34,26218.9,,,,,53.34,53.34,53.35,53.33,18430.9
2680.58,100.0,26209.7,,,,,100.0,100.0,100.0,100.0,18470.2
2681.58,53.33,26218.9,,,,,53.34,53.34,53.34,53.33,18439.1
2682.58,100.0,26249.7,,,,,100.0,100.0,100.0,100.0,18473.2
2683.58,54.69,26218.5,,,,,54.7,54.7,54.68,54.69,18440.7
2684.58,53.41,26218.9,,,,,53.41,53.41,53.41,53.42,18441.6
2685.59,53.33,26218.9,,,,,53.32,53.33,53.33,53.32,18444.8
2686.59,100.0,26218.9,,,,,100.0,100.0,100.0,100.0,18464.4
2687.59,53.32,26228.0,,,,,53.33,53.31,53.32,53.3,18447.1
2688.59,100.0,26378.9,,,,,100.0,100.0,100.0,100.0,18480.3
2689.59,54.69,26209.5,,,,,54.69,54.69,54.7,54.68,18464.6
2690.59,53.42,26218.9,,,,,53.41,53.41,53.42,53.43,18430.7
2691.59,100.0,26209.8,,,,,100.0,100.0,100.0,100.0,18471.6
2692.59,53.41,26218.9,,,,,53.41,53.42,53.41,53.41,18450.7
2693.59,100.0,26218.9,,,,,100.0,100.0,100.0,100.0,18473.0
2694.59,53.4,26379.0,,,,,53.4,53.38,53.4,53.4,18482.1
2695.59,54.72,26218.9,,,,,54.72,54.73,54.73,54.71,18426.5
2696.59,100.0,26218.5,,,,,100.0,100.0,100.0,100.0,18452.1
2697.59,53.34,26218.9,,,,,53.33,53.34,53.34,53.33,18465.6
2698.59,53.4,26228.0,,,,,53.4,53.4,53.41,53.39,18458.1
2699.59,100.0,26218.8,,,,,100.0,100.0,100.0,100.0,18461.2
2700.59,53.42,26379.0,,,,,53.41,53.41,53.43,53.42,18483.2
2701.59,54.7,26218.9,,,,,54.69,54.7,54.71,54.71,18475.2
2702.59,53.4,26218.9,,,,,53.4,53.4,53.4,53.41,18440.7
2703.59,100.0,26218.9,,,,,100.0,100.0,100.0,100.0,18474.3
2704.59,53.38,26218.9,,,,,53.38,53.37,53.39,53.38,18443.9
2705.59,100.0,26218.9,,,,,100.0,100.0,100.0,100.0,18475.1
2706.59,53.41,26379.0,,,,,53.41,53.42,53.41,53.4,18483.6
2707.59,54.7,26218.9,,,,,54.69,54.72,54.72,54.69,18475.7
2708.59,100.0,26209.5,,,,,100.0,100.0,100.0,100.0,18461.4
2709.59,53.34,26218.9,,,,,53.33,53.34,53.35,53.34,18475.1
2710.59,100.0,26218.7,,,,,100.0,100.0,100.0,100.0,18469.4
2711.59,53.31,26218.9,,,,,53.31,53.3,53.31,53.31,18434.2
2712.59,100.0,26218.5,,,,,100.0,100.0,100.0,100.0,18484.2
2713.59,0.0,26218.9,,,,,0.0,0.0,0.0,0.0,18441.5
2714.59,100.0,26218.9,,,,,100.0,100.0,100.0,100.0,18475.3
2715.59,53.33,26218.9,,,,,53.33,53.33,53.33,53.33,18443.2
2716.59,100.0,26218.9,,,,,100.0,100.0,100.0,100.0,18425.3
2717.59,53.32,26218.9,,,,,53.32,53.32,53.32,53.32,18451.1
2718.59,100.0,26218.5,,,,,100.0,100.0,100.0,100.0,18484.5
2719.59,53.32,26209.8,,,,,53.31,53.32,53.33,53.32,18475.1
2720.59,53.41,26218.9,,,,,53.41,53.42,53.42,53.4,18438.4
2721.59,100.0,26218.9,,,,,100.0,100.0,100.0,100.0,18475.7
2722.59,53.39,26218.9,,,,,53.38,53.39,53.38,53.39,18442.4
2723.59,100.0,26258.9,,,,,100.0,100.0,100.0,100.0,18478.0
2724.59,54.77,26218.5,,,,,54.78,54.77,54.77,54.76,18459.5
2725.59,53.36,26218.9,,,,,53.36,53.37,53.37,53.35,18476.5
2726.59,100.0,26209.6,,,,,100.0,100.0,100.0,100.0,18470.4
2727.59,53.34,26218.9,,,,,53.34,53.33,53.35,53.34,18435.4
2728.59,100.0,26200.6,,,,,100.0,100.0,100.0,100.0,18472.4
2729.59,53.37,26379.0,,,,,53.37,53.36,53.38,53.35,18485.9
2730.59,54.73,26218.9,,,,,54.73,54.73,54.74,54.73,18478.0
2731.59,53.32,26218.9,,,,,53.32,53.32,53.34,53.32,18438.9
2732.59,100.0,26218.9,,,,,100.0,100.0,100.0,100.0,18476.6
2733.59,53.33,26218.9,,,,,53.32,53.34,53.33,53.32,18442.3
2734.6,100.0,26218.9,,,,,100.0,100.0,100.0,100.0,18425.4
2735.6,53.32,26379.0,,,,,53.32,53.31,53.33,53.31,18486.1
2736.6,54.79,26218.9,,,,,54.79,54.78,54.79,54.79,18478.5
2737.6,100.0,26218.5,,,,,100.0,100.0,100.0,100.0,18460.3
2738.6,53.41,26218.9,,,,,53.41,53.41,53.41,53.39,18431.9
2739.6,53.33,26218.9,,,,,53.31,53.33,53.34,53.34,18462.1
2740.6,100.0,26218.9,,,,,100.0,100.0,100.0,100.0,18432.0
2741.6,100.0,26218.8,,,,,100.0,100.0,100.0,100.0,18486.8
2742.6,1.38,26218.9,,,,,1.37,1.38,1.38,1.38,18440.7
2743.6,100.0,26218.9,,,,,100.0,100.0,100.0,100.0,18478.2
2744.6,53.4,26218.9,,,,,53.4,53.39,53.4,53.4,18444.4
2745.6,100.0,26218.9,,,,,100.0,100.0,100.0,100.0,18431.0
2746.6,53.39,26218.9,,,,,53.39,53.4,53.4,53.38,18454.5
2747.6,100.0,26218.5,,,,,100.0,100.0,100.0,100.0,18488.1
2748.6,53.39,26218.5,,,,,53.4,53.38,53.41,53.39,18467.5
2749.6,53.31,26218.9,,,,,53.31,53.32,53.31,53.31,18436.4
2750.6,53.4,26228.0,,,,,53.4,53.39,53.42,53.41,18458.2
2751.6,100.0,26218.9,,,,,100.0,100.0,100.0,100.0,18456.6
2752.6,53.39,26237.1,,,,,53.39,53.39,53.39,53.39,18462.5
2753.6,100.0,26218.5,,,,,100.0,100.0,100.0,100.0,18432.4
2754.6,53.39,26209.5,,,,,53.38,53.4,53.39,53.38,18465.9
2755.6,53.34,26218.9,,,,,53.34,53.33,53.34,53.33,18438.6
2756.6,100.0,26200.6,,,,,100.0,100.0,100.0,100.0,18458.1
2757.6,53.34,26218.9,,,,,53.33,53.32,53.34,53.34,18457.3
2758.6,100.0,26258.7,,,,,100.0,100.0,100.0,100.0,18476.8
2759.6,54.73,26218.5,,,,,54.73,54.73,54.74,54.74,18441.7
2760.6,53.39,26218.9,,,,,53.39,53.4,53.4,53.39,18426.0
2761.6,53.32,26218.9,,,,,53.31,53.33,53.33,53.33,18444.2
2762.6,100.0,26218.9,,,,,100.0,100.0,100.0,100.0,18467.7
2763.6,53.34,26218.9,,,,,53.33,53.33,53.34,53.34,18449.4
2764.6,100.0,26379.0,,,,,100.0,100.0,100.0,100.0,18489.0
2765.6,54.69,26200.6,,,,,54.69,54.68,54.69,54.71,18478.6
2766.6,53.39,26218.9,,,,,53.39,53.39,53.39,53.39,18440.7
2767.6,100.0,26218.8,,,,,100.0,100.0,100.0,100.0,18468.7
2768.6,53.39,26218.9,,,,,53.39,53.38,53.39,53.39,18445.6
2769.6,100.0,26218.9,,,,,100.0,100.0,100.0,100.0,18470.7
2770.6,53.4,26379.0,,,,,53.4,53.39,53.4,53.4,18489.4
2771.6,54.7,26218.9,,,,,54.67,54.71,54.69,54.71,18439.7
2772.6,100.0,26209.6,,,,,100.0,100.0,100.0,100.0,18477.9
2773.6,53.33,26218.9,,,,,53.32,53.33,53.33,53.34,18441.4
2774.6,100.0,26209.8,,,,,100.0,100.0,100.0,100.0,18457.5
2775.6,53.33,26218.9,,,,,53.33,53.33,53.33,53.34,18442.3
2776.6,100.0,26218.5,,,,,100.0,100.0,100.0,100.0,18490.2
2777.6,0.0,26218.9,,,,,0.0,0.0,0.0,0.0,18449.8
2778.6,100.0,26218.9,,,,,100.0,100.0,100.0,100.0,18432.0
2779.6,53.33,26218.9,,,,,53.34,53.33,53.34,53.33,18461.6
2780.6,100.0,26218.9,,,,,100.0,100.0,100.0,100.0,18435.2
2781.6,53.33,26218.9,,,,,53.33,53.33,53.33,53.33,18462.8
2782.6,100.0,26218.5,,,,,100.0,100.0,100.0,100.0,18438.8
2783.61,53.33,26218.9,,,,,53.32,53.34,53.34,53.33,18481.4
2784.61,53.41,26218.9,,,,,53.4,53.41,53.41,53.42,18446.1
2785.61,100.0,26218.9,,,,,100.0,100.0,100.0,100.0,18440.9
2786.61,53.4,26218.9,,,,,53.39,53.39,53.4,53.4,18452.9
2787.61,100.0,26379.0,,,,,100.0,100.0,100.0,100.0,18491.1
2788.61,54.77,26200.7,,,,,54.76,54.76,54.78,54.78,18481.5
2789.61,53.3,26218.9,,,,,53.31,53.3,53.3,53.3,18443.5
2790.61,100.0,26209.8,,,,,100.0,100.0,100.0,100.0,18481.3
2791.61,53.32,26218.9,,,,,53.31,53.32,53.33,53.33,18444.6
2792.61,100.0,26218.9,,,,,100.0,100.0,100.0,100.0,18460.8
2793.61,53.35,26379.0,,,,,53.34,53.35,53.35,53.36,18491.9
2794.61,54.74,26218.9,,,,,54.74,54.74,54.74,54.73,18484.7
2795.61,100.0,26218.5,,,,,100.0,100.0,100.0,100.0,18467.1
2796.61,53.41,26218.9,,,,,53.4,53.41,53.41,53.4,18440.7
2797.61,100.0,26209.7,,,,,100.0,100.0,100.0,100.0,18474.9
2798.61,53.36,26218.9,,,,,53.36,53.36,53.36,53.35,18442.9
2799.61,100.0,26218.8,,,,,100.0,100.0,100.0,100.0,18492.7
2800.61,1.38,26218.9,,,,,1.38,1.38,1.38,1.38,18448.7
2801.61,100.0,26218.9,,,,,100.0,100.0,100.0,100.0,18430.1
2802.61,53.42,26218.9,,,,,53.42,53.43,53.42,53.41,18450.6
2803.61,100.0,26218.9,,,,,100.0,100.0,100.0,100.0,18461.3
2804.61,53.39,26218.9,,,,,53.38,53.38,53.39,53.39,18451.9
2805.61,100.0,26218.5,,,,,100.0,100.0,100.0,100.0,18438.9
2806.61,53.32,26218.6,,,,,53.3,53.32,53.33,53.32,18476.0
2807.61,53.37,26218.9,,,,,53.36,53.37,53.37,53.37,18439.1
2808.61,100.0,26218.6,,,,,100.0,100.0,100.0,100.0,18472.2
2809.61,53.37,26218.9,,,,,53.36,53.37,53.37,53.38,18443.0
2810.61,100.0,26218.7,,,,,100.0,100.0,100.0,100.0,18482.9
2811.61,54.72,26218.5,,,,,54.71,54.72,54.73,54.73,18452.3
2812.61,53.41,26218.9,,,,,53.42,53.4,53.42,53.4,18433.6
2813.61,53.32,26218.9,,,,,53.32,53.3,53.31,53.33,18456.8
2814.61,100.0,26218.9,,,,,100.0,100.0,100.0,100.0,18435.1
2815.61,53.33,26218.9,,,,,53.33,53.31,53.35,53.32,18454.7
2816.61,100.0,26338.9,,,,,100.0,100.0,100.0,100.0,18491.1
2817.61,54.69,26218.5,,,,,54.69,54.69,54.7,54.7,18473.8
2818.61,53.36,26218.9,,,,,53.35,53.37,53.37,53.36,18443.9
2819.61,100.0,26209.7,,,,,100.0,100.0,100.0,100.0,18458.6
2820.61,53.38,26218.9,,,,,53.37,53.38,53.38,53.38,18447.1
2821.61,100.0,26218.8,,,,,100.0,100.0,100.0,100.0,18462.1
2822.61,53.39,26379.0,,,,,53.4,53.39,53.37,53.4,18495.4
2823.61,54.7,26218.9,,,,,54.7,54.71,54.71,54.7,18434.0
2824.61,53.4,26218.9,,,,,53.38,53.39,53.4,53.43,18460.3
2825.61,100.0,26218.9,,,,,100.0,100.0,100.0,100.0,18437.9
2826.61,100.0,26218.5,,,,,100.0,100.0,100.0,100.0,18466.4
2827.61,53.37,26218.9,,,,,53.37,53.36,53.38,53.37,18443.3
2828.61,100.0,26218.5,,,,,100.0,100.0,100.0,100.0,18495.2
2829.61,0.0,26218.9,,,,,0.0,0.0,0.0,0.0,18452.5
2830.62,100.0,26218.9,,,,,100.0,100.0,100.0,100.0,18433.9
2831.62,53.36,26218.9,,,,,53.35,53.35,53.36,53.36,18455.3
2832.62,100.0,26218.9,,,,,100.0,100.0,100.0,100.0,18459.9
2833.62,53.36,26218.9,,,,,53.36,53.37,53.37,53.35,18461.1
2834.62,100.0,26218.5,,,,,100.0,100.0,100.0,100.0,18434.6
2835.62,53.31,26218.5,,,,,53.32,53.31,53.3,53.31,18470.7
2836.62,53.41,26218.9,,,,,53.41,53.42,53.43,53.41,18443.6
2837.62,100.0,26218.6,,,,,100.0,100.0,100.0,100.0,18460.1
2838.62,53.42,26218.9,,,,,53.42,53.42,53.42,53.41,18462.4
2839.62,53.33,26268.0,,,,,53.34,53.32,53.33,53.32,18473.2
2840.62,100.0,26218.5,,,,,100.0,100.0,100.0,100.0,18447.1
2841.62,53.33,26218.9,,,,,53.34,53.31,53.34,53.32,18433.4
2842.62,53.39,26218.9,,,,,53.39,53.39,53.4,53.39,18455.6
2843.62,100.0,26218.9,,,,,100.0,100.0,100.0,100.0,18459.7
2844.62,53.39,26228.0,,,,,53.38,53.39,53.41,53.37,18461.1
2845.62,100.0,26298.9,,,,,100.0,100.0,100.0,100.0,18492.3
2846.62,54.75,26218.5,,,,,54.75,54.75,54.75,54.73,18472.0
2847.62,53.34,26218.9,,,,,53.34,53.34,53.34,53.33,18444.6
2848.62,100.0,26209.5,,,,,100.0,100.0,100.0,100.0,18479.9
2849.62,53.34,26218.9,,,,,53.33,53.34,53.35,53.34,18445.7
2850.62,100.0,26218.7,,,,,100.0,100.0,100.0,100.0,18484.3
2851.62,53.34,26379.0,,,,,53.34,53.34,53.34,53.34,18497.0
2852.62,54.77,26218.9,,,,,54.76,54.77,54.77,54.77,18435.7
2853.62,53.34,26218.9,,,,,53.35,53.33,53.34,53.34,18457.6
2854.62,100.0,26218.9,,,,,100.0,100.0,100.0,100.0,18456.3
2855.62,53.32,26218.9,,,,,53.31,53.32,53.33,53.32,18462.1
2856.62,100.0,26218.9,,,,,100.0,100.0,100.0,100.0,18479.7
2857.62,53.33,26379.0,,,,,53.33,53.32,53.34,53.34,18497.8
2858.62,54.76,26218.9,,,,,54.77,54.77,54.77,54.75,18448.1
2859.62,100.0,26218.9,,,,,100.0,100.0,100.0,100.0,18477.2
2860.62,53.4,26218.9,,,,,53.4,53.4,53.4,53.39,18449.3
2861.62,100.0,26218.8,,,,,100.0,100.0,100.0,100.0,18476.9
2862.62,53.39,26218.9,,,,,53.39,53.39,53.4,53.38,18465.1
2863.62,100.0,26218.5,,,,,100.0,100.0,100.0,100.0,18498.6
2864.62,0.0,26218.9,,,,,0.0,0.0,0.0,0.0,18451.3
2865.62,100.0,26218.9,,,,,100.0,100.0,100.0,100.0,18489.8
2866.62,53.4,26218.9,,,,,53.4,53.4,53.41,53.4,18456.0
2867.62,100.0,26218.9,,,,,100.0,100.0,100.0,100.0,18480.7
2868.62,53.38,26228.0,,,,,53.37,53.38,53.38,53.38,18476.2
2869.62,100.0,26218.5,,,,,100.0,100.0,100.0,100.0,18500.0
2870.62,0.0,26218.9,,,,,0.0,0.0,0.0,0.0,18461.9
2871.62,100.0,26218.9,,,,,100.0,100.0,100.0,100.0,18490.4
2872.62,100.0,26218.5,,,,,100.0,100.0,100.0,100.0,18471.4
2873.62,53.34,26218.9,,,,,53.33,53.34,53.35,53.34,18490.6
2874.62,100.0,26200.5,,,,,100.0,100.0,100.0,100.0,18484.8
2875.62,54.71,26218.5,,,,,54.72,54.71,54.71,54.7,18456.5
2876.62,53.42,26218.9,,,,,53.42,53.42,53.43,53.43,18459.4
2877.62,53.35,26218.9,,,,,53.34,53.35,53.35,53.35,18465.4
2878.62,100.0,26218.9,,,,,100.0,100.0,100.0,100.0,18488.7
2879.62,53.31,26218.9,,,,,53.32,53.31,53.32,53.31,18472.0
2880.63,100.0,26379.0,,,,,100.0,100.0,100.0,100.0,18500.6
2881.63,54.7,26218.9,,,,,54.7,54.7,54.7,54.71,18492.5
2882.63,53.4,26218.9,,,,,53.41,53.4,53.41,53.39,18454.6
2883.63,100.0,26218.9,,,,,100.0,100.0,100.0,100.0,18480.3
2884.63,53.4,26218.9,,,,,53.4,53.39,53.4,53.4,18460.1
2885.63,100.0,26218.9,,,,,100.0,100.0,100.0,100.0,18491.6
2886.63,53.42,26379.0,,,,,53.41,53.42,53.44,53.42,18500.6
2887.63,54.68,26218.9,,,,,54.68,54.66,54.68,54.68,18450.3
2888.63,100.0,26209.7,,,,,100.0,100.0,100.0,100.0,18491.2
2889.63,53.33,26218.9,,,,,53.33,53.34,53.33,53.34,18451.0
2890.63,100.0,26218.9,,,,,100.0,100.0,100.0,100.0,18491.8
2891.63,53.3,26218.9,,,,,53.3,53.3,53.3,53.3,18454.0
2892.63,100.0,26218.5,,,,,100.0,100.0,100.0,100.0,18439.3
2893.63,53.31,26218.5,,,,,53.31,53.32,53.31,53.32,18474.8
2894.63,53.39,26218.9,,,,,53.39,53.39,53.39,53.4,18449.7
2895.63,100.0,26200.6,,,,,100.0,100.0,100.0,100.0,18488.1
2896.63,53.4,26218.9,,,,,53.4,53.4,53.41,53.4,18450.0
2897.63,100.0,26200.6,,,,,100.0,100.0,100.0,100.0,18487.6
2898.63,54.76,26218.5,,,,,54.76,54.75,54.76,54.76,18458.8
2899.63,53.33,26218.9,,,,,53.32,53.33,53.33,53.34,18440.4
2900.63,53.38,26218.9,,,,,53.38,53.38,53.39,53.37,18464.8
2901.63,100.0,26218.9,,,,,100.0,100.0,100.0,100.0,18473.8
2902.63,53.37,26218.9,,,,,53.38,53.37,53.38,53.37,18471.3
2903.63,100.0,26379.0,,,,,100.0,100.0,100.0,100.0,18502.9
2904.63,54.76,26218.9,,,,,54.75,54.76,54.77,54.77,18494.7
2905.63,53.34,26218.9,,,,,53.35,53.34,53.34,53.33,18486.3
2906.63,53.31,26228.0,,,,,53.32,53.3,53.3,53.31,18450.9
2907.63,100.0,26218.9,,,,,100.0,100.0,100.0,100.0,18486.3
2908.63,53.31,26218.9,,,,,53.3,53.29,53.31,53.34,18462.6
2909.63,100.0,26338.9,,,,,100.0,100.0,100.0,100.0,18496.1
2910.63,54.68,26218.5,,,,,54.69,54.68,54.69,54.65,18481.1
2911.63,53.41,26218.9,,,,,53.4,53.4,53.41,53.42,18465.1
2912.63,100.0,26218.7,,,,,100.0,100.0,100.0,100.0,18483.1
2913.63,53.42,26218.9,,,,,53.43,53.41,53.43,53.41,18475.6
2914.63,100.0,26218.8,,,,,100.0,100.0,100.0,100.0,18485.7
2915.63,53.39,26379.0,,,,,53.38,53.39,53.39,53.39,18499.2
2916.63,54.7,26218.9,,,,,54.71,54.7,54.71,54.71,18491.3
2917.63,53.4,26218.9,,,,,53.4,53.39,53.4,53.4,18455.5
2918.63,100.0,26218.9,,,,,100.0,100.0,100.0,100.0,18491.2
2919.63,53.4,26218.9,,,,,53.41,53.39,53.4,53.41,18457.4
2920.63,100.0,26218.8,,,,,100.0,100.0,100.0,100.0,18485.9
2921.63,53.4,26379.0,,,,,53.38,53.4,53.42,53.4,18499.9
2922.63,54.71,26218.9,,,,,54.71,54.72,54.72,54.71,18491.8
2923.63,53.4,26218.9,,,,,53.39,53.39,53.4,53.4,18455.4
2924.63,100.0,26218.9,,,,,100.0,100.0,100.0,100.0,18490.6
2925.63,53.4,26218.9,,,,,53.4,53.4,53.41,53.41,18460.8
2926.63,100.0,26218.9,,,,,100.0,100.0,100.0,100.0,18443.6
2927.63,53.4,26379.0,,,,,53.4,53.39,53.41,53.4,18500.1
2928.63,54.7,26218.9,,,,,54.71,54.69,54.7,54.69,18492.4
2929.63,100.0,26218.9,,,,,100.0,100.0,100.0,100.0,18490.8
2930.63,53.31,26218.9,,,,,53.3,53.3,53.32,53.31,18454.3
2931.63,100.0,26218.9,,,,,100.0,100.0,100.0,100.0,18491.1
2932.64,53.32,26218.9,,,,,53.3,53.33,53.33,53.33,18455.3
2933.64,100.0,26218.5,,,,,100.0,100.0,100.0,100.0,18501.2
2934.64,0.0,26218.9,,,,,0.0,0.0,0.0,0.0,18463.8
2935.64,100.0,26218.9,,,,,100.0,100.0,100.0,100.0,18491.7
2936.64,53.33,26218.9,,,,,53.34,53.32,53.33,53.32,18474.5
2937.64,100.0,26218.9,,,,,100.0,100.0,100.0,100.0,18450.8
2938.64,53.32,26246.2,,,,,53.32,53.33,53.33,53.3,18485.1
2939.64,100.0,26218.5,,,,,100.0,100.0,100.0,100.0,18501.8
2940.64,53.32,26218.9,,,,,53.33,53.32,53.33,53.32,18492.3
2941.64,53.38,26218.9,,,,,53.38,53.38,53.38,53.37,18457.2
2942.64,100.0,26218.9,,,,,100.0,100.0,100.0,100.0,18493.3
2943.64,53.33,26218.9,,,,,53.33,53.33,53.33,53.32,18462.8
2944.64,100.0,26338.9,,,,,100.0,100.0,100.0,100.0,18499.9
2945.64,54.7,26218.5,,,,,54.7,54.69,54.7,54.7,18474.9
2946.64,53.39,26218.9,,,,,53.38,53.39,53.39,53.38,18493.1
2947.64,100.0,26209.6,,,,,100.0,100.0,100.0,100.0,18486.4
2948.64,53.33,26218.9,,,,,53.33,53.34,53.34,53.33,18454.6
2949.64,100.0,26209.7,,,,,100.0,100.0,100.0,100.0,18490.4
2950.64,53.31,26379.0,,,,,53.31,53.31,53.31,53.31,18502.4
2951.64,54.79,26218.9,,,,,54.78,54.79,54.79,54.8,18494.7
2952.64,53.35,26218.9,,,,,53.34,53.36,53.36,53.36,18464.1
2953.64,100.0,26218.9,,,,,100.0,100.0,100.0,100.0,18493.6
2954.64,53.39,26218.9,,,,,53.39,53.39,53.4,53.39,18468.1
2955.64,100.0,26218.9,,,,,100.0,100.0,100.0,100.0,18470.8
2956.64,53.4,26379.0,,,,,53.39,53.4,53.4,53.41,18503.9
2957.64,54.69,26218.9,,,,,54.67,54.68,54.69,54.69,18495.6
2958.64,100.0,26209.5,,,,,100.0,100.0,100.0,100.0,18483.3
2959.64,53.34,26218.9,,,,,53.34,53.36,53.33,53.35,18453.6
2960.64,100.0,26218.6,,,,,100.0,100.0,100.0,100.0,18480.6
2961.64,53.32,26218.9,,,,,53.33,53.32,53.33,53.32,18455.4
2962.64,53.39,26379.0,,,,,53.38,53.38,53.4,53.4,18504.4
2963.64,54.7,26218.9,,,,,54.7,54.71,54.7,54.69,18459.4
2964.64,100.0,26218.8,,,,,100.0,100.0,100.0,100.0,18492.4
2965.64,53.34,26218.9,,,,,53.34,53.33,53.34,53.33,18458.9
2966.64,100.0,26218.9,,,,,100.0,100.0,100.0,100.0,18469.7
2967.64,53.32,26218.9,,,,,53.33,53.3,53.33,53.33,18461.0
2968.64,100.0,26218.5,,,,,100.0,100.0,100.0,100.0,18504.9
2969.64,53.34,26218.5,,,,,53.34,53.33,53.35,53.33,18479.8
2970.64,53.4,26218.9,,,,,53.4,53.39,53.4,53.4,18454.4
2971.64,100.0,26218.7,,,,,100.0,100.0,100.0,100.0,18486.3
2972.64,53.38,26218.9,,,,,53.39,53.38,53.39,53.38,18475.4
2973.64,53.33,26326.1,,,,,53.33,53.33,53.33,53.31,18493.4
2974.64,100.0,26218.5,,,,,100.0,100.0,100.0,100.0,18456.2
2975.64,53.38,26218.9,,,,,53.39,53.38,53.39,53.38,18496.1
2976.65,53.41,26218.9,,,,,53.41,53.39,53.42,53.39,18463.9
2977.65,100.0,26218.9,,,,,100.0,100.0,100.0,100.0,18466.8
2978.65,53.4,26218.9,,,,,53.4,53.39,53.4,53.4,18467.3
2979.65,100.0,26298.9,,,,,100.0,100.0,100.0,100.0,18501.3
2980.65,54.8,26218.5,,,,,54.81,54.77,54.81,54.8,18476.3
2981.65,53.33,26218.9,,,,,53.33,53.32,53.33,53.34,18453.1
2982.65,100.0,26218.6,,,,,100.0,100.0,100.0,100.0,18486.1
2983.65,53.34,26218.9,,,,,53.34,53.33,53.35,53.32,18455.4
2984.65,100.0,26218.6,,,,,100.0,100.0,100.0,100.0,18488.5
2985.65,53.35,26379.0,,,,,53.35,53.35,53.35,53.36,18506.1
2986.65,54.78,26218.9,,,,,54.78,54.77,54.78,54.77,18443.2
2987.65,53.31,26218.9,,,,,53.31,53.31,53.32,53.31,18462.9
2988.65,100.0,26218.9,,,,,100.0,100.0,100.0,100.0,18466.1
2989.65,53.31,26218.9,,,,,53.31,53.31,53.32,53.3,18465.0
2990.65,100.0,26218.9,,,,,100.0,100.0,100.0,100.0,18480.0
2991.65,53.32,26379.0,,,,,53.32,53.31,53.33,53.34,18506.9
2992.65,54.76,26218.9,,,,,54.77,54.76,54.77,54.76,18454.4
2993.65,100.0,26209.6,,,,,100.0,100.0,100.0,100.0,18490.4
2994.65,53.38,26218.9,,,,,53.38,53.38,53.38,53.38,18456.7
2995.65,53.32,26237.1,,,,,53.32,53.32,53.32,53.32,18472.2
2996.65,100.0,26218.9,,,,,100.0,100.0,100.0,100.0,18485.6
2997.65,53.3,26379.0,,,,,53.28,53.31,53.31,53.29,18508.5
2998.65,54.78,26218.9,,,,,54.79,54.78,54.78,54.79,18456.7
2999.65,100.0,26209.6,,,,,100.0,100.0,100.0,100.0,18494.3
3000.65,53.4,26218.9,,,,,53.4,53.4,53.4,53.4,18458.3
3001.65,100.0,26218.8,,,,,100.0,100.0,100.0,100.0,18496.7
3002.65,53.42,26218.9,,,,,53.43,53.42,53.43,53.4,18485.6
3003.65,100.0,26218.5,,,,,100.0,100.0,100.0,100.0,18481.1
3004.65,0.0,26218.9,,,,,0.0,0.0,0.0,0.0,18470.1
3005.65,100.0,26218.9,,,,,100.0,100.0,100.0,100.0,18483.1
3006.65,53.41,26228.0,,,,,53.4,53.4,53.42,53.42,18491.3
3007.65,100.0,26209.8,,,,,100.0,100.0,100.0,100.0,18484.4
3008.65,53.4,26237.1,,,,,53.38,53.41,53.4,53.41,18476.7
3009.65,100.0,26218.5,,,,,100.0,100.0,100.0,100.0,18510.0
3010.65,0.0,26218.9,,,,,0.0,0.0,0.0,0.0,18467.7
3011.65,100.0,26218.9,,,,,100.0,100.0,100.0,100.0,18500.3
3012.65,53.38,26218.9,,,,,53.38,53.37,53.38,53.38,18469.7
3013.65,100.0,26218.9,,,,,100.0,100.0,100.0,100.0,18501.6
3014.65,53.4,26228.0,,,,,53.39,53.39,53.4,53.4,18481.2
3015.65,100.0,26218.5,,,,,100.0,100.0,100.0,100.0,18509.9
3016.65,53.4,26200.5,,,,,53.42,53.4,53.4,53.39,18493.6
3017.65,53.32,26218.9,,,,,53.32,53.31,53.33,53.31,18500.9
3018.65,100.0,26209.8,,,,,100.0,100.0,100.0,100.0,18500.5
3019.65,53.33,26218.9,,,,,53.34,53.32,53.33,53.34,18462.3
3020.65,100.0,26218.8,,,,,100.0,100.0,100.0,100.0,18498.5
3021.65,54.71,26218.5,,,,,54.7,54.72,54.71,54.71,18466.8
3022.65,53.43,26218.9,,,,,53.44,53.41,53.44,53.42,18501.2
3023.65,53.32,26218.9,,,,,53.33,53.32,53.32,53.32,18474.4
3024.66,100.0,26218.9,,,,,100.0,100.0,100.0,100.0,18501.0
3025.66,53.36,26218.9,,,,,53.36,53.37,53.36,53.36,18477.2
3026.66,100.0,26379.0,,,,,100.0,100.0,100.0,100.0,18510.4
3027.66,54.7,26200.6,,,,,54.71,54.7,54.7,54.68,18500.6
3028.66,53.4,26218.9,,,,,53.39,53.41,53.41,53.41,18501.6
3029.66,100.0,26209.8,,,,,100.0,100.0,100.0,100.0,18500.3
3030.66,53.4,26218.9,,,,,53.39,53.41,53.39,53.39,18462.9
3031.66,100.0,26218.8,,,,,100.0,100.0,100.0,100.0,18498.3
3032.66,53.39,26379.0,,,,,53.38,53.37,53.39,53.39,18511.0
3033.66,54.72,26218.9,,,,,54.72,54.71,54.72,54.72,18503.5
3034.66,53.39,26218.9,,,,,53.38,53.39,53.39,53.38,18467.5
3035.66,100.0,26218.9,,,,,100.0,100.0,100.0,100.0,18502.7
3036.66,53.39,26218.9,,,,,53.39,53.39,53.4,53.39,18474.2
3037.66,100.0,26218.9,,,,,100.0,100.0,100.0,100.0,18455.4
3038.66,53.4,26379.0,,,,,53.4,53.39,53.4,53.4,18511.9
3039.66,54.7,26218.9,,,,,54.69,54.69,54.71,54.7,18504.1
3040.66,100.0,26209.6,,,,,100.0,100.0,100.0,100.0,18493.5
3041.66,53.36,26218.9,,,,,53.38,53.35,53.36,53.37,18463.7
3042.66,100.0,26218.6,,,,,100.0,100.0,100.0,100.0,18495.0
3043.66,53.33,26218.9,,,,,53.33,53.32,53.34,53.34,18464.3
3044.66,100.0,26218.5,,,,,100.0,100.0,100.0,100.0,18512.6
3045.66,0.0,26218.9,,,,,0.0,0.0,0.0,0.0,18473.4
3046.66,100.0,26218.9,,,,,100.0,100.0,100.0,100.0,18503.6
3047.66,53.34,26218.9,,,,,53.33,53.34,53.34,53.34,18477.1
3048.66,100.0,26218.9,,,,,100.0,100.0,100.0,100.0,18464.5
3049.66,53.34,26218.9,,,,,53.33,53.34,53.34,53.34,18481.0
3050.66,100.0,26218.5,,,,,100.0,100.0,100.0,100.0,18512.9
3051.66,53.32,26191.6,,,,,53.31,53.32,53.32,53.32,18502.1
3052.66,53.4,26218.9,,,,,53.4,53.4,53.4,53.39,18465.1
3053.66,100.0,26209.8,,,,,100.0,100.0,100.0,100.0,18503.7
3054.66,53.36,26218.9,,,,,53.36,53.35,53.36,53.35,18468.1
3055.66,100.0,26298.9,,,,,100.0,100.0,100.0,100.0,18508.9
3056.66,54.78,26218.5,,,,,54.76,54.8,54.8,54.77,18477.7
3057.66,53.33,26218.9,,,,,53.33,53.34,53.34,53.33,18504.6
3058.66,53.41,26218.9,,,,,53.4,53.42,53.41,53.42,18485.2
3059.66,100.0,26218.9,,,,,100.0,100.0,100.0,100.0,18460.2
3060.66,53.38,26237.1,,,,,53.38,53.37,53.37,53.37,18493.5
3061.66,100.0,26379.0,,,,,100.0,100.0,100.0,100.0,18513.9
3062.66,54.73,26218.9,,,,,54.72,54.74,54.75,54.72,18506.1
3063.66,53.31,26218.9,,,,,53.32,53.31,53.31,53.32,18470.9
3064.66,100.0,26218.9,,,,,100.0,100.0,100.0,100.0,18505.2
3065.66,53.32,26218.9,,,,,53.32,53.32,53.32,53.32,18471.4
3066.66,100.0,26218.9,,,,,100.0,100.0,100.0,100.0,18474.3
3067.66,53.33,26379.0,,,,,53.34,53.33,53.34,53.31,18514.9
3068.66,54.77,26218.9,,,,,54.75,54.76,54.78,54.78,18507.1
3069.66,53.34,26218.9,,,,,53.33,53.35,53.35,53.33,18480.7
3070.66,100.0,26218.9,,,,,100.0,100.0,100.0,100.0,18459.2
3071.66,53.36,26218.9,,,,,53.36,53.36,53.36,53.34,18486.4
3072.66,100.0,26218.9,,,,,100.0,100.0,100.0,100.0,18461.4
3073.66,100.0,26218.5,,,,,100.0,100.0,100.0,100.0,18515.4
3074.67,0.0,26218.9,,,,,0.0,0.0,0.0,0.0,18473.6
3075.67,100.0,26218.9,,,,,100.0,100.0,100.0,100.0,18454.5
3076.67,53.39,26218.9,,,,,53.38,53.4,53.38,53.4,18479.8
3077.67,100.0,26218.9,,,,,100.0,100.0,100.0,100.0,18459.5
3078.67,100.0,26218.5,,,,,100.0,100.0,100.0,100.0,18488.6
3079.67,54.69,26218.5,,,,,54.69,54.7,54.69,54.7,18467.4
3080.67,53.4,26218.9,,,,,53.4,53.4,53.4,53.39,18506.7
3081.67,53.34,26218.9,,,,,53.33,53.35,53.35,53.35,18470.1
3082.67,100.0,26218.8,,,,,100.0,100.0,100.0,100.0,18469.3
3083.67,53.34,26218.9,,,,,53.33,53.33,53.36,53.35,18472.6
3084.67,100.0,26338.7,,,,,100.0,100.0,100.0,100.0,18509.2
3085.67,54.72,26218.5,,,,,54.7,54.73,54.72,54.74,18469.3
3086.67,53.39,26218.9,,,,,53.39,53.38,53.4,53.38,18454.0
3087.67,53.33,26218.9,,,,,53.34,53.33,53.33,53.33,18472.2
3088.67,100.0,26218.9,,,,,100.0,100.0,100.0,100.0,18487.1
3089.67,53.36,26218.9,,,,,53.37,53.35,53.37,53.36,18480.2
3090.67,100.0,26338.9,,,,,100.0,100.0,100.0,100.0,18514.5
3091.67,54.77,26218.5,,,,,54.77,54.77,54.77,54.77,18497.7
3092.67,53.33,26218.9,,,,,53.33,53.34,53.35,53.31,18466.7
3093.67,100.0,26209.7,,,,,100.0,100.0,100.0,100.0,18505.2
3094.67,53.32,26218.9,,,,,53.31,53.31,53.32,53.32,18468.2
3095.67,100.0,26209.6,,,,,100.0,100.0,100.0,100.0,18490.5
3096.67,53.33,26379.0,,,,,53.31,53.34,53.33,53.32,18517.8
3097.67,54.78,26218.9,,,,,54.78,54.77,54.79,54.78,18457.1
3098.67,53.34,26218.9,,,,,53.33,53.33,53.35,53.35,18482.2
3099.67,100.0,26218.9,,,,,100.0,100.0,100.0,100.0,18461.0
3100.67,53.32,26218.9,,,,,53.31,53.32,53.33,53.32,18488.4
3101.67,100.0,26218.9,,,,,100.0,100.0,100.0,100.0,18474.4
3102.67,53.36,26379.0,,,,,53.34,53.38,53.38,53.35,18517.9
3103.67,54.74,26218.9,,,,,54.74,54.73,54.73,54.74,18471.1
3104.67,100.0,26218.9,,,,,100.0,100.0,100.0,100.0,18486.5
3105.67,53.39,26218.9,,,,,53.39,53.39,53.39,53.38,18475.3
3106.67,100.0,26218.9,,,,,100.0,100.0,100.0,100.0,18489.3
3107.67,53.39,26218.9,,,,,53.39,53.38,53.39,53.38,18479.2
3108.67,100.0,26218.5,,,,,100.0,100.0,100.0,100.0,18464.5
3109.67,53.41,26191.5,,,,,53.42,53.39,53.45,53.39,18506.0
3110.67,53.33,26218.9,,,,,53.33,53.33,53.33,53.32,18469.3
3111.67,100.0,26218.9,,,,,100.0,100.0,100.0,100.0,18500.8
3112.67,53.32,26218.9,,,,,53.31,53.34,53.31,53.33,18472.2
3113.67,100.0,26258.9,,,,,100.0,100.0,100.0,100.0,18511.6
3114.67,54.72,26218.5,,,,,54.73,54.73,54.72,54.72,18482.4
3115.67,53.38,26218.9,,,,,53.38,53.38,53.39,53.37,18462.7
3116.67,53.33,26218.9,,,,,53.33,53.34,53.33,53.34,18492.3
3117.67,100.0,26218.9,,,,,100.0,100.0,100.0,100.0,18464.5
3118.67,53.34,26218.9,,,,,53.34,53.34,53.35,53.35,18499.1
3119.67,100.0,26379.0,,,,,100.0,100.0,100.0,100.0,18519.6
3120.67,54.72,26218.9,,,,,54.72,54.72,54.72,54.7,18511.7
3121.67,53.38,26218.9,,,,,53.38,53.38,53.38,53.38,18478.3
3122.67,100.0,26218.9,,,,,100.0,100.0,100.0,100.0,18460.3
3123.67,53.41,26218.9,,,,,53.41,53.41,53.41,53.42,18480.8
3124.68,100.0,26218.9,,,,,100.0,100.0,100.0,100.0,18481.2
3125.68,53.36,26379.0,,,,,53.36,53.37,53.37,53.35,18520.6
3126.68,54.69,26218.9,,,,,54.68,54.69,54.69,54.7,18469.9
3127.68,100.0,26200.7,,,,,100.0,100.0,100.0,100.0,18508.5
3128.68,53.34,26218.9,,,,,53.33,53.33,53.34,53.35,18471.8
3129.68,100.0,26218.9,,,,,100.0,100.0,100.0,100.0,18500.0
3130.68,53.33,26218.9,,,,,53.33,53.33,53.34,53.34,18472.1
3131.68,100.0,26218.5,,,,,100.0,100.0,100.0,100.0,18520.5
3132.68,0.0,26218.9,,,,,0.0,0.0,0.0,0.0,18484.4
3133.68,100.0,26218.9,,,,,100.0,100.0,100.0,100.0,18464.5
3134.68,53.32,26228.0,,,,,53.32,53.32,53.32,53.31,18495.2
3135.68,100.0,26218.9,,,,,100.0,100.0,100.0,100.0,18469.8
3136.68,100.0,26249.6,,,,,100.0,100.0,100.0,100.0,18506.3
3137.68,54.75,26218.5,,,,,54.75,54.74,54.76,54.74,18477.3
3138.68,53.38,26218.9,,,,,53.36,53.39,53.38,53.39,18512.2
3139.68,53.31,26218.9,,,,,53.32,53.31,53.31,53.31,18485.3
3140.68,100.0,26218.9,,,,,100.0,100.0,100.0,100.0,18466.8
3141.68,53.34,26228.0,,,,,53.34,53.34,53.34,53.33,18497.3
3142.68,100.0,26379.0,,,,,100.0,100.0,100.0,100.0,18522.4
3143.68,54.75,26200.5,,,,,54.75,54.74,54.76,54.73,18507.3
3144.68,53.37,26218.9,,,,,53.38,53.37,53.37,53.36,18472.3
3145.68,100.0,26218.7,,,,,100.0,100.0,100.0,100.0,18508.3
3146.68,53.39,26218.9,,,,,53.39,53.4,53.4,53.39,18472.1
3147.68,100.0,26218.7,,,,,100.0,100.0,100.0,100.0,18493.5
3148.68,53.39,26379.0,,,,,53.39,53.38,53.4,53.38,18522.6
3149.68,54.71,26218.9,,,,,54.71,54.72,54.7,54.71,18514.6
3150.68,53.41,26218.9,,,,,53.39,53.41,53.42,53.43,18476.6
3151.68,100.0,26218.9,,,,,100.0,100.0,100.0,100.0,18481.1
3152.68,53.4,26218.9,,,,,53.39,53.38,53.41,53.4,18477.8
3153.68,100.0,26218.8,,,,,100.0,100.0,100.0,100.0,18500.2
3154.68,53.4,26379.0,,,,,53.38,53.4,53.41,53.4,18523.5
3155.68,54.7,26218.9,,,,,54.7,54.7,54.7,54.71,18515.1
3156.68,53.39,26218.9,,,,,53.38,53.39,53.39,53.39,18476.7
3157.68,100.0,26218.9,,,,,100.0,100.0,100.0,100.0,18503.7
3158.68,53.39,26218.9,,,,,53.39,53.39,53.39,53.39,18482.9
3159.68,100.0,26218.9,,,,,100.0,100.0,100.0,100.0,18506.3
3160.68,53.39,26379.0,,,,,53.4,53.39,53.4,53.37,18523.7
3161.68,54.76,26218.9,,,,,54.76,54.75,54.76,54.75,18472.1
3162.68,53.37,26237.1,,,,,53.37,53.36,53.37,53.39,18504.7
3163.68,100.0,26218.9,,,,,100.0,100.0,100.0,100.0,18490.8
3164.68,100.0,26209.7,,,,,100.0,100.0,100.0,100.0,18511.6
3165.68,53.38,26218.9,,,,,53.38,53.37,53.39,53.39,18483.4
3166.68,100.0,26218.5,,,,,100.0,100.0,100.0,100.0,18513.7
3167.68,0.0,26218.9,,,,,0.0,0.0,0.0,0.0,18484.1
3168.68,100.0,26218.9,,,,,100.0,100.0,100.0,100.0,18504.8
3169.68,53.37,26218.9,,,,,53.37,53.36,53.38,53.37,18480.5
3170.68,100.0,26218.9,,,,,100.0,100.0,100.0,100.0,18516.2
3171.68,53.35,26218.9,,,,,53.35,53.34,53.35,53.36,18484.4
3172.69,100.0,26218.5,,,,,100.0,100.0,100.0,100.0,18489.6
3173.69,0.0,26218.9,,,,,0.0,0.0,0.0,0.0,18494.0
3174.69,100.0,26218.9,,,,,100.0,100.0,100.0,100.0,18507.0
3175.69,100.0,26209.6,,,,,100.0,100.0,100.0,100.0,18507.0
3176.69,53.34,26218.9,,,,,53.34,53.33,53.34,53.33,18516.4
3177.69,100.0,26209.6,,,,,100.0,100.0,100.0,100.0,18505.8
3178.69,54.7,26218.5,,,,,54.7,54.7,54.71,54.71,18474.5
3179.69,53.39,26218.6,,,,,53.41,53.39,53.4,53.37,18485.5
3180.69,53.35,26218.9,,,,,53.35,53.34,53.36,53.35,18506.1
3181.69,53.39,26228.0,,,,,53.39,53.38,53.39,53.39,18486.7
3182.69,100.0,26218.8,,,,,100.0,100.0,100.0,100.0,18482.0
3183.69,53.41,26218.9,,,,,53.41,53.41,53.42,53.41,18479.1
3184.69,100.0,26218.5,,,,,100.0,100.0,100.0,100.0,18521.9
3185.69,0.0,26218.9,,,,,0.0,0.0,0.0,0.0,18484.4
3186.69,100.0,26218.9,,,,,100.0,100.0,100.0,100.0,18462.6
3187.69,53.33,26218.9,,,,,53.31,53.34,53.33,53.33,18492.6
3188.69,100.0,26218.9,,,,,100.0,100.0,100.0,100.0,18468.3
3189.69,53.38,26218.9,,,,,53.38,53.38,53.37,53.37,18496.4
3190.69,100.0,26218.5,,,,,100.0,100.0,100.0,100.0,18472.2
3191.69,53.37,26218.9,,,,,53.37,53.36,53.37,53.38,18512.8
3192.69,53.31,26218.9,,,,,53.31,53.32,53.31,53.31,18477.4
3193.69,100.0,26218.9,,,,,100.0,100.0,100.0,100.0,18480.8
3194.69,53.35,26218.9,,,,,53.35,53.35,53.36,53.35,18478.5
3195.69,100.0,26298.9,,,,,100.0,100.0,100.0,100.0,18517.5
3196.69,54.77,26218.5,,,,,54.78,54.76,54.78,54.78,18498.5
3197.69,53.36,26218.9,,,,,53.35,53.37,53.37,53.37,18472.7
3198.69,100.0,26191.5,,,,,100.0,100.0,100.0,100.0,18506.1
3199.69,53.39,26218.9,,,,,53.38,53.4,53.39,53.4,18473.2
3200.69,100.0,26218.8,,,,,100.0,100.0,100.0,100.0,18511.0
3201.69,53.41,26379.0,,,,,53.41,53.41,53.4,53.42,18523.3
3202.69,54.67,26218.9,,,,,54.69,54.66,54.69,54.65,18515.6
3203.69,53.41,26218.9,,,,,53.4,53.43,53.4,53.42,18484.4
3204.69,100.0,26218.9,,,,,100.0,100.0,100.0,100.0,18468.9
3205.69,53.39,26228.0,,,,,53.38,53.39,53.4,53.39,18489.3
3206.69,100.0,26218.9,,,,,100.0,100.0,100.0,100.0,18496.8
3207.69,53.4,26379.0,,,,,53.4,53.4,53.4,53.39,18524.3
3208.69,54.69,26218.9,,,,,54.69,54.7,54.7,54.69,18475.8
3209.69,100.0,26218.8,,,,,100.0,100.0,100.0,100.0,18514.0
3210.69,53.33,26218.9,,,,,53.34,53.32,53.34,53.32,18477.7
3211.69,100.0,26209.8,,,,,100.0,100.0,100.0,100.0,18495.3
3212.69,53.33,26218.9,,,,,53.32,53.34,53.33,53.34,18477.6
3213.69,100.0,26218.5,,,,,100.0,100.0,100.0,100.0,18524.3
3214.69,0.0,26218.9,,,,,0.0,0.0,0.0,0.0,18487.8
3215.69,100.0,26218.9,,,,,100.0,100.0,100.0,100.0,18469.1
3216.69,53.32,26227.9,,,,,53.33,53.32,53.33,53.31,18492.3
3217.69,100.0,26218.9,,,,,100.0,100.0,100.0,100.0,18491.6
3218.7,53.35,26237.1,,,,,53.35,53.35,53.35,53.34,18500.1
3219.7,100.0,26218.5,,,,,100.0,100.0,100.0,100.0,18472.9
3220.7,53.32,26209.7,,,,,53.32,53.32,53.32,53.33,18512.9
3221.7,53.41,26218.9,,,,,53.41,53.39,53.41,53.41,18479.0
3222.7,100.0,26218.9,,,,,100.0,100.0,100.0,100.0,18496.0
3223.7,53.39,26218.9,,,,,53.4,53.38,53.4,53.39,18483.5
3224.7,100.0,26338.7,,,,,100.0,100.0,100.0,100.0,18520.0
3225.7,54.71,26218.5,,,,,54.72,54.71,54.72,54.71,18484.1
3226.7,53.36,26218.9,,,,,53.35,53.35,53.37,53.36,18466.8
3227.7,53.38,26218.9,,,,,53.39,53.37,53.38,53.38,18491.7
3228.7,100.0,26218.9,,,,,100.0,100.0,100.0,100.0,18491.6
3229.7,53.39,26228.0,,,,,53.38,53.38,53.39,53.39,18495.3
3230.7,100.0,26338.7,,,,,100.0,100.0,100.0,100.0,18523.1
3231.7,54.73,26218.5,,,,,54.73,54.73,54.74,54.72,18485.5
3232.7,53.34,26218.9,,,,,53.33,53.34,53.34,53.33,18486.9
3233.7,53.4,26218.9,,,,,53.4,53.4,53.41,53.39,18488.3
3234.7,100.0,26218.9,,,,,100.0,100.0,100.0,100.0,18501.1
3235.7,53.39,26218.9,,,,,53.39,53.39,53.39,53.4,18512.1
3236.7,100.0,26338.9,,,,,100.0,100.0,100.0,100.0,18525.2
3237.7,54.75,26218.5,,,,,54.76,54.75,54.76,54.75,18492.1
3238.7,53.39,26218.9,,,,,53.39,53.39,53.41,53.38,18518.2
3239.7,100.0,26218.5,,,,,100.0,100.0,100.0,100.0,18506.2
3240.7,53.34,26218.9,,,,,53.32,53.33,53.35,53.35,18509.8
3241.7,100.0,26209.7,,,,,100.0,100.0,100.0,100.0,18515.8
3242.7,53.36,26379.0,,,,,53.35,53.35,53.37,53.38,18527.3
3243.7,54.76,26218.9,,,,,54.76,54.77,54.76,54.73,18519.3
3244.7,53.34,26218.9,,,,,53.35,53.35,53.35,53.34,18486.2
3245.7,100.0,26218.9,,,,,100.0,100.0,100.0,100.0,18518.5
3246.7,53.32,26218.9,,,,,53.32,53.32,53.33,53.32,18491.6
3247.7,100.0,26218.9,,,,,100.0,100.0,100.0,100.0,18518.7
3248.7,53.32,26379.0,,,,,53.32,53.32,53.32,53.31,18527.7
3249.7,54.79,26218.9,,,,,54.79,54.78,54.78,54.8,18478.2
3250.7,100.0,26209.8,,,,,100.0,100.0,100.0,100.0,18518.8
3251.7,53.4,26218.9,,,,,53.4,53.4,53.41,53.39,18481.3
3252.7,100.0,26218.9,,,,,100.0,100.0,100.0,100.0,18519.9
3253.7,53.39,26218.9,,,,,53.41,53.38,53.39,53.37,18503.7
3254.7,100.0,26218.5,,,,,100.0,100.0,100.0,100.0,18471.4
3255.7,53.42,26218.5,,,,,53.4,53.42,53.44,53.43,18504.0
3256.7,53.32,26218.9,,,,,53.31,53.32,53.32,53.31,18495.3
3257.7,100.0,26200.6,,,,,100.0,100.0,100.0,100.0,18512.4
3258.7,53.31,26218.9,,,,,53.28,53.33,53.32,53.31,18504.4
3259.7,100.0,26218.7,,,,,100.0,100.0,100.0,100.0,18513.8
3260.7,54.69,26218.5,,,,,54.7,54.68,54.69,54.69,18481.9
3261.7,53.42,26218.9,,,,,53.39,53.42,53.42,53.43,18520.0
3262.7,53.35,26218.9,,,,,53.35,53.34,53.37,53.34,18487.7
3263.7,100.0,26218.9,,,,,100.0,100.0,100.0,100.0,18520.0
3264.7,53.27,26218.9,,,,,53.27,53.27,53.27,53.27,18491.2
3265.71,100.0,26379.0,,,,,100.0,100.0,100.0,100.0,18529.4
3266.71,54.74,26200.7,,,,,54.74,54.73,54.74,54.74,18520.9
3267.71,53.32,26218.9,,,,,53.32,53.32,53.33,53.32,18480.8
3268.71,100.0,26218.9,,,,,100.0,100.0,100.0,100.0,18520.9
3269.71,53.39,26218.9,,,,,53.39,53.39,53.39,53.37,18483.5
3270.71,100.0,26218.9,,,,,100.0,100.0,100.0,100.0,18521.9
3271.71,53.4,26379.0,,,,,53.4,53.41,53.41,53.4,18530.5
3272.71,54.71,26218.9,,,,,54.72,54.71,54.72,54.7,18477.2
3273.71,100.0,26209.5,,,,,100.0,100.0,100.0,100.0,18511.7
3274.71,53.33,26218.9,,,,,53.32,53.33,53.33,53.33,18496.0
3275.71,100.0,26209.7,,,,,100.0,100.0,100.0,100.0,18514.5
3276.71,53.34,26218.9,,,,,53.34,53.33,53.35,53.33,18498.4
3277.71,100.0,26218.5,,,,,100.0,100.0,100.0,100.0,18531.1
3278.71,0.0,26218.9,,,,,0.0,0.0,0.0,0.0,18484.0
3279.71,100.0,26218.9,,,,,100.0,100.0,100.0,100.0,18522.4
3280.71,53.32,26218.9,,,,,53.32,53.32,53.32,53.32,18491.7
3281.71,100.0,26218.9,,,,,100.0,100.0,100.0,100.0,18523.1
3282.71,53.33,26228.0,,,,,53.33,53.33,53.33,53.32,18501.0
3283.71,100.0,26218.5,,,,,100.0,100.0,100.0,100.0,18532.1
3284.71,0.0,26218.9,,,,,0.0,0.0,0.0,0.0,18500.0
3285.71,100.0,26218.9,,,,,100.0,100.0,100.0,100.0,18522.5
3286.71,100.0,26209.5,,,,,100.0,100.0,100.0,100.0,18510.2
3287.71,53.41,26218.9,,,,,53.39,53.42,53.43,53.4,18514.9
3288.71,100.0,26218.6,,,,,100.0,100.0,100.0,100.0,18513.2
3289.71,54.76,26218.5,,,,,54.75,54.77,54.76,54.76,18485.6
3290.71,53.34,26218.9,,,,,53.34,53.34,53.35,53.34,18523.3
3291.71,53.4,26218.9,,,,,53.4,53.39,53.4,53.39,18491.5
3292.71,100.0,26218.9,,,,,100.0,100.0,100.0,100.0,18523.9
3293.71,53.36,26218.9,,,,,53.34,53.36,53.36,53.37,18493.8
3294.71,100.0,26338.9,,,,,100.0,100.0,100.0,100.0,18530.0
3295.71,54.74,26218.5,,,,,54.75,54.74,54.75,54.74,18502.6
3296.71,53.33,26218.9,,,,,53.33,53.33,53.34,53.34,18523.7
3297.71,100.0,26209.6,,,,,100.0,100.0,100.0,100.0,18515.6
3298.71,53.34,26218.9,,,,,53.36,53.33,53.35,53.33,18516.4
3299.71,100.0,26200.7,,,,,100.0,100.0,100.0,100.0,18522.1
3300.71,53.35,26379.0,,,,,53.34,53.35,53.35,53.35,18533.1
3301.71,54.76,26218.9,,,,,54.77,54.75,54.77,54.75,18525.3
3302.71,53.33,26218.9,,,,,53.32,53.33,53.33,53.34,18499.3
3303.71,100.0,26218.9,,,,,100.0,100.0,100.0,100.0,18526.1
3304.71,53.34,26237.0,,,,,53.33,53.33,53.34,53.34,18508.1
3305.71,100.0,26218.9,,,,,100.0,100.0,100.0,100.0,18521.4
3306.71,53.34,26379.0,,,,,53.32,53.34,53.34,53.34,18534.6
3307.71,54.75,26218.9,,,,,54.76,54.75,54.76,54.74,18483.9
3308.71,100.0,26218.9,,,,,100.0,100.0,100.0,100.0,18524.6
3309.71,53.39,26218.9,,,,,53.38,53.39,53.38,53.39,18503.1
3310.71,100.0,26218.9,,,,,100.0,100.0,100.0,100.0,18524.8
3311.71,53.39,26218.9,,,,,53.37,53.4,53.39,53.39,18490.2
3312.72,100.0,26218.5,,,,,100.0,100.0,100.0,100.0,18534.0
3313.72,53.35,26218.5,,,,,53.35,53.34,53.36,53.36,18507.8
3314.72,53.33,26218.9,,,,,53.34,53.33,53.33,53.33,18524.9
3315.72,100.0,26209.5,,,,,100.0,100.0,100.0,100.0,18516.2
3316.72,53.34,26218.9,,,,,53.32,53.34,53.35,53.34,18525.2
3317.72,100.0,26200.7,,,,,100.0,100.0,100.0,100.0,18522.7
3318.72,54.73,26218.5,,,,,54.74,54.73,54.73,54.72,18494.0
3319.72,53.4,26218.9,,,,,53.4,53.39,53.41,53.41,18524.9
3320.72,53.33,26218.9,,,,,53.33,53.33,53.33,53.32,18501.4
3321.72,100.0,26218.9,,,,,100.0,100.0,100.0,100.0,18525.0
3322.72,100.0,26218.5,,,,,100.0,100.0,100.0,100.0,18512.3
3323.72,53.4,26379.0,,,,,53.41,53.4,53.41,53.4,18533.5
3324.72,54.7,26218.9,,,,,54.71,54.69,54.71,54.69,18526.4
3325.72,53.4,26218.9,,,,,53.39,53.4,53.4,53.4,18495.4
3326.72,100.0,26218.9,,,,,100.0,100.0,100.0,100.0,18514.7
3327.72,53.39,26228.0,,,,,53.39,53.38,53.4,53.39,18509.8
3328.72,100.0,26218.9,,,,,100.0,100.0,100.0,100.0,18509.9
3329.72,53.39,26379.0,,,,,53.38,53.39,53.39,53.39,18534.1
3330.72,54.71,26218.9,,,,,54.71,54.71,54.71,54.71,18485.7
3331.72,100.0,26218.9,,,,,100.0,100.0,100.0,100.0,18525.0
3332.72,53.33,26218.9,,,,,53.33,53.33,53.33,53.33,18489.6
3333.72,100.0,26218.9,,,,,100.0,100.0,100.0,100.0,18525.3
3334.72,53.36,26218.9,,,,,53.36,53.37,53.37,53.35,18492.7
3335.72,100.0,26218.5,,,,,100.0,100.0,100.0,100.0,18480.2
3336.72,53.37,26209.6,,,,,53.36,53.37,53.38,53.38,18521.3
3337.72,53.37,26218.9,,,,,53.36,53.37,53.37,53.37,18482.9
3338.72,100.0,26209.8,,,,,100.0,100.0,100.0,100.0,18523.7
3339.72,53.39,26218.9,,,,,53.38,53.39,53.39,53.4,18485.1
3340.72,100.0,26298.8,,,,,100.0,100.0,100.0,100.0,18529.8
3341.72,54.73,26218.5,,,,,54.72,54.73,54.73,54.73,18498.0
3342.72,53.33,26218.9,,,,,53.33,53.33,53.33,53.33,18477.5
3343.72,53.4,26228.0,,,,,53.4,53.4,53.4,53.41,18508.3
3344.72,100.0,26218.9,,,,,100.0,100.0,100.0,100.0,18518.2
3345.72,53.4,26228.0,,,,,53.4,53.39,53.41,53.4,18508.0
3346.72,100.0,26379.0,,,,,100.0,100.0,100.0,100.0,18534.8
3347.72,54.78,26218.9,,,,,54.76,54.8,54.78,54.79,18526.7
3348.72,53.33,26218.9,,,,,53.32,53.33,53.34,53.33,18486.9
3349.72,100.0,26218.9,,,,,100.0,100.0,100.0,100.0,18525.5
3350.72,53.32,26218.9,,,,,53.32,53.32,53.33,53.32,18512.8
3351.72,100.0,26218.8,,,,,100.0,100.0,100.0,100.0,18524.3
3352.72,53.37,26379.0,,,,,53.38,53.36,53.37,53.38,18535.0
3353.72,54.75,26218.9,,,,,54.75,54.74,54.76,54.76,18527.0
3354.72,53.31,26218.9,,,,,53.32,53.31,53.31,53.31,18497.8
3355.72,100.0,26218.9,,,,,100.0,100.0,100.0,100.0,18517.5
3356.72,53.35,26228.0,,,,,53.35,53.35,53.35,53.36,18505.3
3357.72,100.0,26218.9,,,,,100.0,100.0,100.0,100.0,18519.4
3358.72,53.34,26379.0,,,,,53.32,53.34,53.34,53.33,18535.1
3359.72,54.74,26218.9,,,,,54.74,54.74,54.75,54.74,18516.5
3360.72,100.0,26200.6,,,,,100.0,100.0,100.0,100.0,18519.7
3361.72,53.38,26218.9,,,,,53.39,53.36,53.38,53.38,18510.1
3362.73,100.0,26209.8,,,,,100.0,100.0,100.0,100.0,18526.2
3363.73,53.41,26218.9,,,,,53.4,53.4,53.41,53.42,18489.8
3364.73,100.0,26218.5,,,,,100.0,100.0,100.0,100.0,18535.1
3365.73,0.0,26218.9,,,,,0.0,0.0,0.0,0.0,18504.2
3366.73,100.0,26218.9,,,,,100.0,100.0,100.0,100.0,18506.0
3367.73,100.0,26218.6,,,,,100.0,100.0,100.0,100.0,18514.7
3368.73,53.3,26218.9,,,,,53.29,53.31,53.3,53.29,18519.1
3369.73,100.0,26258.7,,,,,100.0,100.0,100.0,100.0,18521.7
3370.73,54.68,26218.5,,,,,54.67,54.68,54.68,54.68,18484.3
3371.73,53.36,26218.9,,,,,53.36,53.37,53.36,53.35,18526.0
3372.73,53.36,26218.9,,,,,53.35,53.35,53.35,53.37,18491.3
3373.73,100.0,26218.9,,,,,100.0,100.0,100.0,100.0,18527.3
3374.73,53.34,26218.9,,,,,53.35,53.34,53.34,53.34,18501.7
3375.73,100.0,26338.9,,,,,100.0,100.0,100.0,100.0,18533.0
3376.73,54.71,26218.5,,,,,54.7,54.71,54.72,54.7,18513.3
3377.73,53.41,26218.9,,,,,53.4,53.39,53.42,53.41,18500.4
3378.73,100.0,26218.8,,,,,100.0,100.0,100.0,100.0,18520.9
3379.73,53.4,26218.9,,,,,53.41,53.41,53.4,53.39,18511.2
3380.73,100.0,26218.8,,,,,100.0,100.0,100.0,100.0,18524.2
3381.73,53.38,26379.0,,,,,53.38,53.38,53.39,53.38,18535.1
3382.73,54.69,26218.9,,,,,54.69,54.69,54.7,54.69,18527.4
3383.73,53.41,26218.9,,,,,53.4,53.42,53.42,53.41,18497.6
3384.73,100.0,26218.9,,,,,100.0,100.0,100.0,100.0,18526.0
3385.73,53.41,26218.9,,,,,53.41,53.41,53.41,53.41,18506.6
3386.73,100.0,26218.9,,,,,100.0,100.0,100.0,100.0,18527.2
3387.73,53.39,26379.0,,,,,53.37,53.37,53.42,53.38,18534.9
3388.73,54.69,26218.9,,,,,54.68,54.7,54.7,54.7,18483.5
3389.73,100.0,26218.9,,,,,100.0,100.0,100.0,100.0,18525.6
3390.73,53.33,26218.9,,,,,53.31,53.33,53.33,53.33,18509.3
3391.73,100.0,26218.9,,,,,100.0,100.0,100.0,100.0,18526.1
3392.73,53.31,26218.9,,,,,53.31,53.3,53.32,53.32,18489.1
3393.73,100.0,26218.5,,,,,100.0,100.0,100.0,100.0,18535.1
3394.73,53.31,26218.5,,,,,53.31,53.31,53.33,53.29,18508.7
3395.73,53.43,26218.9,,,,,53.42,53.44,53.44,53.45,18517.6
3396.73,53.33,26228.0,,,,,53.34,53.33,53.34,53.32,18511.2
3397.73,100.0,26218.9,,,,,100.0,100.0,100.0,100.0,18526.6
3398.73,100.0,26209.6,,,,,100.0,100.0,100.0,100.0,18513.4
3399.73,54.72,26218.5,,,,,54.71,54.73,54.72,54.73,18483.2
3400.73,53.36,26218.9,,,,,53.34,53.36,53.36,53.36,18525.8
3401.73,53.33,26218.9,,,,,53.34,53.32,53.34,53.33,18511.6
3402.73,100.0,26218.8,,,,,100.0,100.0,100.0,100.0,18523.9
3403.73,53.34,26218.9,,,,,53.32,53.33,53.35,53.34,18490.3
3404.73,100.0,26258.6,,,,,100.0,100.0,100.0,100.0,18520.1
3405.73,54.68,26218.5,,,,,54.67,54.69,54.69,54.68,18535.5
3406.73,53.4,26218.9,,,,,53.4,53.4,53.4,53.39,18526.2
3407.73,53.33,26218.9,,,,,53.33,53.34,53.33,53.33,18490.0
3408.73,100.0,26218.9,,,,,100.0,100.0,100.0,100.0,18526.2
3409.73,53.32,26218.9,,,,,53.33,53.31,53.34,53.31,18491.9
3410.74,100.0,26258.7,,,,,100.0,100.0,100.0,100.0,18526.0
3411.74,54.7,26218.5,,,,,54.71,54.7,54.7,54.69,18492.3
3412.74,53.4,26218.9,,,,,53.4,53.4,53.41,53.4,18526.4
3413.74,53.35,26218.9,,,,,53.35,53.36,53.34,53.36,18499.4
3414.74,100.0,26218.9,,,,,100.0,100.0,100.0,100.0,18475.8
3415.74,53.32,26218.9,,,,,53.33,53.33,53.33,53.31,18504.6
3416.74,100.0,26379.0,,,,,100.0,100.0,100.0,100.0,18535.3
3417.74,54.69,26218.9,,,,,54.68,54.7,54.7,54.68,18527.2
3418.74,53.37,26218.9,,,,,53.37,53.37,53.37,53.36,18493.4
3419.74,100.0,26218.9,,,,,100.0,100.0,100.0,100.0,18526.5
3420.74,53.4,26218.9,,,,,53.41,53.39,53.41,53.4,18494.7
3421.74,100.0,26218.9,,,,,100.0,100.0,100.0,100.0,18497.9
3422.74,53.39,26379.0,,,,,53.39,53.38,53.4,53.38,18536.2
3423.74,54.74,26218.9,,,,,54.74,54.73,54.75,54.75,18527.8
3424.74,100.0,26218.5,,,,,100.0,100.0,100.0,100.0,18510.7
3425.74,53.37,26218.9,,,,,53.38,53.36,53.38,53.37,18485.2
3426.74,100.0,26209.6,,,,,100.0,100.0,100.0,100.0,18522.1
3427.74,53.39,26218.9,,,,,53.4,53.39,53.4,53.39,18487.5
3428.74,100.0,26218.5,,,,,100.0,100.0,100.0,100.0,18535.6
3429.74,0.0,26218.9,,,,,0.0,0.0,0.0,0.0,18494.2
3430.74,100.0,26218.9,,,,,100.0,100.0,100.0,100.0,18526.6
3431.74,53.39,26218.9,,,,,53.4,53.39,53.4,53.39,18496.8
3432.74,100.0,26218.9,,,,,100.0,100.0,100.0,100.0,18495.9
3433.74,53.38,26218.9,,,,,53.38,53.38,53.39,53.39,18496.5
3434.74,100.0,26218.5,,,,,100.0,100.0,100.0,100.0,18536.8
3435.74,0.0,26218.9,,,,,0.0,0.0,0.0,0.0,18498.3
3436.74,100.0,26218.9,,,,,100.0,100.0,100.0,100.0,18477.5
3437.74,53.39,26218.9,,,,,53.39,53.39,53.4,53.39,18507.8
3438.74,100.0,26218.9,,,,,100.0,100.0,100.0,100.0,18483.6
3439.74,100.0,26209.6,,,,,100.0,100.0,100.0,100.0,18518.0
3440.74,54.75,26218.5,,,,,54.75,54.75,54.74,54.75,18486.8
3441.74,53.36,26218.9,,,,,53.35,53.36,53.37,53.35,18492.3
3442.74,53.33,26218.9,,,,,53.33,53.33,53.32,53.33,18492.4
3443.74,100.0,26218.9,,,,,100.0,100.0,100.0,100.0,18494.7
3444.74,53.33,26218.9,,,,,53.33,53.33,53.34,53.33,18498.2
3445.74,100.0,26379.0,,,,,100.0,100.0,100.0,100.0,18536.5
3446.74,54.7,26218.9,,,,,54.68,54.69,54.71,54.72,18528.0
3447.74,53.41,26218.9,,,,,53.39,53.41,53.41,53.41,18490.1
3448.74,100.0,26218.9,,,,,100.0,100.0,100.0,100.0,18473.5
3449.74,53.39,26218.9,,,,,53.38,53.38,53.4,53.4,18496.0
3450.74,100.0,26218.9,,,,,100.0,100.0,100.0,100.0,18475.9
3451.74,53.4,26379.0,,,,,53.4,53.41,53.4,53.41,18536.2
3452.74,54.71,26218.9,,,,,54.72,54.71,54.72,54.71,18504.8
3453.74,53.39,26218.9,,,,,53.39,53.39,53.4,53.38,18486.5
3454.74,100.0,26218.9,,,,,100.0,100.0,100.0,100.0,18512.2
3455.74,53.4,26218.9,,,,,53.4,53.39,53.41,53.41,18489.0
3456.74,100.0,26218.9,,,,,100.0,100.0,100.0,100.0,18514.7
3457.75,53.35,26379.0,,,,,53.33,53.35,53.34,53.36,18531.9
3458.75,54.71,26218.9,,,,,54.7,54.7,54.72,54.71,18473.6
3459.75,53.39,26218.9,,,,,53.39,53.38,53.39,53.38,18489.3
3460.75,100.0,26218.9,,,,,100.0,100.0,100.0,100.0,18506.9
3461.75,53.4,26218.9,,,,,53.4,53.39,53.41,53.4,18510.0
3462.75,100.0,26218.8,,,,,100.0,100.0,100.0,100.0,18521.1
3463.75,53.39,26379.0,,,,,53.39,53.4,53.39,53.38,18533.1
3464.75,54.69,26218.9,,,,,54.69,54.69,54.7,54.69,18524.3
3465.75,53.39,26218.9,,,,,53.39,53.4,53.4,53.4,18510.2
3466.75,100.0,26209.7,,,,,100.0,100.0,100.0,100.0,18521.3
3467.75,53.4,26218.9,,,,,53.4,53.4,53.4,53.39,18492.0
3468.75,100.0,26218.8,,,,,100.0,100.0,100.0,100.0,18522.0
3469.75,53.41,26379.0,,,,,53.42,53.41,53.42,53.4,18532.3
3470.75,54.7,26218.9,,,,,54.69,54.72,54.7,54.69,18524.2
3471.75,53.39,26218.9,,,,,53.39,53.39,53.39,53.38,18497.9
3472.75,100.0,26218.9,,,,,100.0,100.0,100.0,100.0,18523.6
3473.75,100.0,26209.5,,,,,100.0,100.0,100.0,100.0,18513.6
3474.75,53.34,26218.9,,,,,53.32,53.34,53.35,53.34,18483.8
3475.75,100.0,26218.5,,,,,100.0,100.0,100.0,100.0,18531.9
3476.75,0.0,26218.9,,,,,0.0,0.0,0.0,0.0,18494.7
3477.75,100.0,26218.9,,,,,100.0,100.0,100.0,100.0,18523.0
3478.75,53.36,26218.9,,,,,53.35,53.36,53.35,53.36,18505.9
3479.75,100.0,26218.9,,,,,100.0,100.0,100.0,100.0,18523.9
3480.75,53.32,26246.1,,,,,53.32,53.31,53.33,53.32,18513.8
3481.75,100.0,26218.5,,,,,100.0,100.0,100.0,100.0,18479.6
3482.75,53.33,26218.9,,,,,53.33,53.33,53.34,53.32,18522.8
3483.75,53.39,26218.9,,,,,53.39,53.4,53.39,53.39,18508.5
3484.75,100.0,26218.9,,,,,100.0,100.0,100.0,100.0,18523.0
3485.75,53.4,26218.9,,,,,53.41,53.38,53.41,53.4,18488.2
3486.75,100.0,26258.9,,,,,100.0,100.0,100.0,100.0,18524.8
3487.75,54.76,26218.5,,,,,54.76,54.76,54.76,54.77,18508.4
3488.75,53.34,26218.9,,,,,53.35,53.34,53.35,53.34,18515.2
3489.75,100.0,26209.6,,,,,100.0,100.0,100.0,100.0,18513.6
3490.75,53.33,26218.9,,,,,53.33,53.33,53.35,53.32,18516.5
3491.75,100.0,26218.7,,,,,100.0,100.0,100.0,100.0,18506.0
3492.75,53.33,26338.9,,,,,53.34,53.32,53.33,53.33,18530.6
3493.75,54.76,26218.5,,,,,54.77,54.75,54.76,54.76,18513.2
3494.75,53.33,26218.9,,,,,53.33,53.34,53.34,53.33,18523.6
3495.75,100.0,26191.6,,,,,100.0,100.0,100.0,100.0,18522.7
3496.75,53.33,26218.9,,,,,53.33,53.32,53.33,53.33,18485.7
3497.75,100.0,26209.8,,,,,100.0,100.0,100.0,100.0,18522.4
3498.75,53.32,26379.0,,,,,53.33,53.31,53.31,53.31,18532.4
3499.75,54.79,26218.9,,,,,54.78,54.78,54.8,54.79,18524.7
3500.75,53.32,26218.9,,,,,53.32,53.33,53.32,53.33,18490.4
3501.75,100.0,26218.9,,,,,100.0,100.0,100.0,100.0,18523.2
3502.75,53.32,26218.9,,,,,53.33,53.31,53.33,53.32,18492.3
3503.76,100.0,26218.9,,,,,100.0,100.0,100.0,100.0,18493.8
3504.76,53.35,26379.0,,,,,53.35,53.34,53.36,53.36,18532.9
3505.76,54.73,26218.9,,,,,54.74,54.72,54.73,54.74,18524.9
3506.76,100.0,26218.5,,,,,100.0,100.0,100.0,100.0,18508.9
3507.76,53.41,26218.9,,,,,53.43,53.41,53.43,53.39,18480.7
3508.76,100.0,26209.6,,,,,100.0,100.0,100.0,100.0,18514.9
3509.76,53.41,26218.9,,,,,53.4,53.41,53.42,53.41,18482.8
3510.76,100.0,26218.5,,,,,100.0,100.0,100.0,100.0,18533.1
3511.76,0.0,26218.9,,,,,0.0,0.0,0.0,0.0,18491.2
3512.76,100.0,26218.9,,,,,100.0,100.0,100.0,100.0,18523.7
3513.76,53.4,26218.9,,,,,53.39,53.39,53.42,53.41,18491.0
3514.76,100.0,26209.8,,,,,100.0,100.0,100.0,100.0,18492.4
3515.76,53.39,26218.9,,,,,53.38,53.4,53.4,53.39,18488.5
3516.76,53.32,26379.0,,,,,53.32,53.32,53.33,53.31,18533.5
3517.76,54.77,26218.9,,,,,54.77,54.77,54.77,54.76,18486.0
3518.76,100.0,26209.8,,,,,100.0,100.0,100.0,100.0,18511.9
3519.76,53.42,26218.9,,,,,53.4,53.43,53.42,53.43,18485.0
3520.76,100.0,26218.8,,,,,100.0,100.0,100.0,100.0,18520.3
3521.76,53.37,26218.9,,,,,53.37,53.37,53.38,53.36,18505.4
3522.76,100.0,26218.8,,,,,100.0,100.0,100.0,100.0,18533.5
3523.76,1.38,26218.9,,,,,1.38,1.38,1.38,1.38,18486.2
3524.76,100.0,26218.9,,,,,100.0,100.0,100.0,100.0,18524.2
3525.76,53.39,26218.9,,,,,53.38,53.39,53.39,53.38,18489.3
3526.76,100.0,26218.9,,,,,100.0,100.0,100.0,100.0,18525.3
3527.76,53.42,26218.9,,,,,53.41,53.43,53.42,53.42,18509.6
3528.76,100.0,26218.5,,,,,100.0,100.0,100.0,100.0,18533.9
3529.76,0.0,26218.9,,,,,0.0,0.0,0.0,0.0,18500.2
3530.76,100.0,26218.9,,,,,100.0,100.0,100.0,100.0,18524.4
3531.76,100.0,26218.5,,,,,100.0,100.0,100.0,100.0,18502.9
3532.76,53.34,26218.9,,,,,53.35,53.34,53.34,53.34,18515.1
3533.76,53.37,26237.1,,,,,53.37,53.37,53.37,53.37,18503.4
3534.76,100.0,26218.5,,,,,100.0,100.0,100.0,100.0,18534.4
3535.76,53.35,26209.5,,,,,53.34,53.34,53.35,53.36,18510.2
3536.76,53.32,26218.9,,,,,53.31,53.33,53.33,53.3,18524.9
3537.76,53.43,26237.1,,,,,53.42,53.42,53.43,53.43,18512.6
3538.76,100.0,26218.9,,,,,100.0,100.0,100.0,100.0,18485.2
3539.76,53.35,26237.1,,,,,53.35,53.35,53.34,53.35,18508.4
3540.76,100.0,26218.5,,,,,100.0,100.0,100.0,100.0,18533.6
3541.76,53.32,26209.7,,,,,53.33,53.31,53.33,53.31,18522.2
3542.76,53.39,26218.9,,,,,53.38,53.38,53.39,53.39,18485.8
3543.76,100.0,26218.8,,,,,100.0,100.0,100.0,100.0,18522.2
3544.76,53.4,26218.9,,,,,53.39,53.4,53.4,53.4,18486.9
3545.76,100.0,26240.6,,,,,100.0,100.0,100.0,100.0,18523.6
3546.76,54.77,26218.5,,,,,54.76,54.76,54.78,54.76,18489.5
3547.76,53.33,26218.9,,,,,53.33,53.33,53.33,53.34,18524.5
3548.76,53.4,26218.9,,,,,53.41,53.39,53.41,53.4,18499.8
3549.77,100.0,26218.9,,,,,100.0,100.0,100.0,100.0,18478.8
3550.77,100.0,26218.5,,,,,100.0,100.0,100.0,100.0,18509.0
3551.77,53.31,26379.0,,,,,53.33,53.31,53.31,53.31,18533.3
3552.77,54.78,26218.9,,,,,54.76,54.79,54.79,54.79,18525.8
3553.77,53.32,26218.9,,,,,53.32,53.33,53.32,53.32,18491.8
3554.77,100.0,26218.9,,,,,100.0,100.0,100.0,100.0,18524.7
3555.77,53.32,26218.9,,,,,53.31,53.32,53.33,53.32,18497.7
3556.77,100.0,26218.9,,,,,100.0,100.0,100.0,100.0,18479.5
3557.77,53.29,26379.0,,,,,53.29,53.29,53.3,53.29,18533.8
3558.77,54.8,26218.9,,,,,54.79,54.8,54.8,54.8,18526.0
3559.77,100.0,26209.8,,,,,100.0,100.0,100.0,100.0,18523.5
3560.77,53.4,26218.9,,,,,53.4,53.4,53.41,53.41,18486.6
3561.77,100.0,26209.8,,,,,100.0,100.0,100.0,100.0,18524.5
3562.77,53.41,26218.9,,,,,53.4,53.41,53.42,53.41,18489.1
3563.77,100.0,26218.5,,,,,100.0,100.0,100.0,100.0,18533.9
3564.77,0.0,26218.9,,,,,0.0,0.0,0.0,0.0,18496.2
3565.77,100.0,26218.9,,,,,100.0,100.0,100.0,100.0,18525.1
3566.77,53.4,26218.9,,,,,53.39,53.41,53.39,53.41,18505.3
3567.77,100.0,26218.9,,,,,100.0,100.0,100.0,100.0,18483.7
3568.77,53.39,26237.1,,,,,53.39,53.39,53.4,53.4,18502.5
3569.77,100.0,26218.5,,,,,100.0,100.0,100.0,100.0,18534.9
3570.77,0.0,26218.9,,,,,0.0,0.0,0.0,0.0,18496.2
3571.77,100.0,26218.9,,,,,100.0,100.0,100.0,100.0,18474.9
3572.77,53.39,26218.9,,,,,53.39,53.38,53.39,53.38,18496.0
3573.77,100.0,26218.9,,,,,100.0,100.0,100.0,100.0,18504.6
3574.77,53.38,26218.9,,,,,53.37,53.38,53.38,53.37,18493.8
3575.77,100.0,26218.5,,,,,100.0,100.0,100.0,100.0,18475.8
3576.77,53.4,26218.5,,,,,53.4,53.41,53.41,53.39,18513.1
3577.77,53.33,26218.9,,,,,53.32,53.34,53.34,53.34,18483.9
3578.77,100.0,26209.6,,,,,100.0,100.0,100.0,100.0,18519.6
3579.77,53.34,26218.9,,,,,53.35,53.33,53.35,53.33,18483.3
3580.77,100.0,26218.6,,,,,100.0,100.0,100.0,100.0,18513.7
3581.77,54.74,26218.5,,,,,54.72,54.73,54.76,54.76,18484.1
3582.77,53.39,26218.9,,,,,53.39,53.39,53.4,53.4,18513.8
3583.77,53.34,26218.9,,,,,53.33,53.33,53.35,53.34,18487.6
3584.77,100.0,26218.9,,,,,100.0,100.0,100.0,100.0,18525.2
3585.77,53.31,26218.9,,,,,53.31,53.31,53.31,53.32,18491.2
3586.77,100.0,26338.9,,,,,100.0,100.0,100.0,100.0,18531.0
3587.77,54.68,26200.5,,,,,54.68,54.68,54.67,54.68,18520.3
3588.77,53.38,26218.9,,,,,53.39,53.37,53.39,53.37,18484.2
3589.77,100.0,26218.7,,,,,100.0,100.0,100.0,100.0,18514.5
3590.77,53.33,26218.9,,,,,53.31,53.32,53.34,53.33,18483.2
3591.77,100.0,26218.7,,,,,100.0,100.0,100.0,100.0,18520.7
3592.77,53.34,26379.0,,,,,53.33,53.34,53.35,53.34,18533.8
3593.77,54.76,26218.9,,,,,54.76,54.76,54.78,54.76,18474.6
3594.77,53.33,26218.9,,,,,53.32,53.33,53.33,53.33,18499.8
3595.78,100.0,26218.9,,,,,100.0,100.0,100.0,100.0,18478.8
3596.78,100.0,26218.5,,,,,100.0,100.0,100.0,100.0,18512.0
3597.78,53.39,26218.9,,,,,53.39,53.39,53.39,53.4,18482.1
3598.78,100.0,26218.5,,,,,100.0,100.0,100.0,100.0,18534.2
3599.78,0.0,26218.9,,,,,0.0,0.0,0.0,0.0,18494.9
3600.78,100.0,26218.9,,,,,100.0,100.0,100.0,100.0,18475.3
3601.78,53.4,26218.9,,,,,53.39,53.39,53.41,53.39,18501.7
3602.78,100.0,26218.9,,,,,100.0,100.0,100.0,100.0,18481.1
3603.78,100.0,26218.6,,,,,100.0,100.0,100.0,100.0,18515.0
3604.78,54.68,26218.5,,,,,54.66,54.69,54.68,54.7,18488.3
3605.78,53.42,26218.9,,,,,53.4,53.42,53.43,53.41,18525.6
3606.78,53.32,26218.9,,,,,53.33,53.31,53.33,53.32,18497.5
3607.78,100.0,26218.9,,,,,100.0,100.0,100.0,100.0,18477.2
3608.78,53.29,26218.9,,,,,53.3,53.29,53.29,53.28,18505.4
3609.78,100.0,26379.0,,,,,100.0,100.0,100.0,100.0,18534.6
3610.78,54.74,26218.9,,,,,54.74,54.74,54.74,54.74,18526.6
3611.78,53.4,26218.9,,,,,53.4,53.39,53.4,53.39,18488.2
3612.78,100.0,26218.9,,,,,100.0,100.0,100.0,100.0,18525.7
3613.78,53.41,26218.9,,,,,53.4,53.4,53.42,53.43,18491.4
3614.78,100.0,26218.9,,,,,100.0,100.0,100.0,100.0,18496.8
3615.78,53.38,26379.0,,,,,53.38,53.38,53.38,53.38,18534.6
3616.78,54.69,26218.9,,,,,54.7,54.68,54.7,54.7,18527.1
3617.78,53.38,26218.9,,,,,53.37,53.38,53.38,53.38,18509.8
3618.78,100.0,26218.9,,,,,100.0,100.0,100.0,100.0,18482.2
3619.78,53.32,26237.1,,,,,53.33,53.32,53.31,53.33,18514.5
3620.78,100.0,26218.9,,,,,100.0,100.0,100.0,100.0,18504.3
3621.78,53.35,26379.0,,,,,53.35,53.35,53.35,53.34,18535.2
3622.78,54.78,26218.9,,,,,54.78,54.77,54.78,54.8,18489.2
3623.78,100.0,26218.9,,,,,100.0,100.0,100.0,100.0,18472.3
3624.78,53.41,26218.9,,,,,53.4,53.4,53.42,53.4,18493.1
3625.78,100.0,26218.9,,,,,100.0,100.0,100.0,100.0,18485.2
3626.78,53.32,26218.9,,,,,53.31,53.32,53.32,53.33,18492.2
3627.78,100.0,26218.5,,,,,100.0,100.0,100.0,100.0,18480.5
3628.78,53.33,26209.5,,,,,53.33,53.32,53.32,53.33,18515.7
3629.78,53.39,26218.9,,,,,53.38,53.39,53.39,53.39,18484.5
3630.78,100.0,26218.6,,,,,100.0,100.0,100.0,100.0,18500.7
3631.78,53.38,26218.9,,,,,53.38,53.37,53.37,53.39,18503.7
3632.78,53.38,26277.1,,,,,53.38,53.37,53.38,53.38,18518.5
3633.78,100.0,26218.5,,,,,100.0,100.0,100.0,100.0,18483.0
3634.78,53.34,26209.7,,,,,53.34,53.35,53.34,53.32,18511.6
3635.78,53.4,26218.9,,,,,53.4,53.4,53.41,53.39,18486.1
3636.78,100.0,26218.8,,,,,100.0,100.0,100.0,100.0,18510.7
3637.78,53.39,26218.9,,,,,53.4,53.4,53.4,53.38,18505.0
3638.78,100.0,26258.7,,,,,100.0,100.0,100.0,100.0,18523.3
3639.78,54.76,26218.5,,,,,54.76,54.76,54.76,54.75,18486.4
3640.78,53.37,26218.9,,,,,53.38,53.38,53.38,53.36,18523.1
3641.78,53.36,26218.9,,,,,53.36,53.36,53.36,53.34,18491.0
3642.78,100.0,26218.8,,,,,100.0,100.0,100.0,100.0,18524.6
3643.79,53.41,26218.9,,,,,53.42,53.41,53.42,53.4,18503.4
3644.79,100.0,26249.7,,,,,100.0,100.0,100.0,100.0,18527.1
3645.79,54.8,26218.5,,,,,54.81,54.79,54.81,54.79,18492.4
3646.79,53.32,26218.9,,,,,53.31,53.32,53.32,53.33,18526.1
3647.79,53.39,26218.9,,,,,53.4,53.38,53.4,53.4,18502.2
3648.79,100.0,26218.9,,,,,100.0,100.0,100.0,100.0,18517.4
3649.79,53.4,26228.0,,,,,53.41,53.38,53.41,53.4,18512.4
3650.79,100.0,26338.9,,,,,100.0,100.0,100.0,100.0,18532.7
3651.79,54.72,26218.5,,,,,54.71,54.71,54.74,54.73,18507.9
3652.79,53.4,26218.9,,,,,53.41,53.4,53.39,53.4,18526.4
3653.79,100.0,26200.5,,,,,100.0,100.0,100.0,100.0,18516.6
3654.79,53.4,26218.9,,,,,53.39,53.41,53.41,53.4,18518.6
3655.79,100.0,26218.8,,,,,100.0,100.0,100.0,100.0,18523.0
3656.79,53.37,26379.0,,,,,53.36,53.38,53.38,53.37,18535.2
3657.79,54.76,26218.9,,,,,54.75,54.76,54.76,54.75,18527.6
3658.79,53.36,26218.9,,,,,53.36,53.35,53.36,53.36,18498.2
3659.79,100.0,26218.9,,,,,100.0,100.0,100.0,100.0,18527.7
3660.79,53.41,26218.9,,,,,53.42,53.4,53.42,53.39,18507.1
3661.79,100.0,26218.9,,,,,100.0,100.0,100.0,100.0,18528.0
3662.79,53.36,26379.0,,,,,53.36,53.35,53.35,53.36,18535.9
3663.79,54.75,26218.9,,,,,54.74,54.75,54.76,54.74,18492.7
3664.79,100.0,26218.8,,,,,100.0,100.0,100.0,100.0,18524.2
3665.79,53.4,26218.9,,,,,53.4,53.4,53.41,53.4,18511.4
3666.79,100.0,26200.7,,,,,100.0,100.0,100.0,100.0,18526.0
3667.79,53.36,26218.9,,,,,53.36,53.35,53.37,53.38,18488.4
3668.79,100.0,26218.5,,,,,100.0,100.0,100.0,100.0,18535.6
3669.79,0.0,26218.9,,,,,0.0,0.0,0.0,0.0,18498.2
3670.79,100.0,26218.9,,,,,100.0,100.0,100.0,100.0,18526.6
3671.79,53.33,26218.9,,,,,53.32,53.34,53.34,53.32,18503.8
3672.79,100.0,26218.9,,,,,100.0,100.0,100.0,100.0,18527.0
3673.79,53.32,26228.0,,,,,53.34,53.3,53.32,53.31,18513.9
3674.79,100.0,26218.5,,,,,100.0,100.0,100.0,100.0,18482.6
3675.79,53.33,26218.9,,,,,53.32,53.34,53.35,53.31,18526.4
3676.79,53.4,26218.9,,,,,53.39,53.4,53.4,53.4,18505.1
3677.79,100.0,26209.8,,,,,100.0,100.0,100.0,100.0,18526.9
3678.79,53.44,26218.9,,,,,53.44,53.42,53.46,53.45,18490.7
3679.79,100.0,26329.7,,,,,100.0,100.0,100.0,100.0,18531.9
3680.79,54.71,26218.5,,,,,54.71,54.7,54.71,54.7,18494.3
3681.79,53.4,26218.9,,,,,53.41,53.39,53.41,53.41,18526.8
3682.79,53.31,26218.9,,,,,53.31,53.3,53.31,53.31,18499.5
3683.79,100.0,26218.9,,,,,100.0,100.0,100.0,100.0,18528.1
3684.79,53.33,26237.1,,,,,53.33,53.32,53.34,53.34,18506.6
3685.79,100.0,26338.9,,,,,100.0,100.0,100.0,100.0,18533.6
3686.79,54.75,26218.5,,,,,54.75,54.74,54.75,54.75,18508.5
3687.79,53.38,26218.9,,,,,53.39,53.38,53.39,53.37,18526.9
3688.79,100.0,26218.6,,,,,100.0,100.0,100.0,100.0,18512.7
3689.79,53.41,26218.9,,,,,53.42,53.4,53.42,53.41,18485.3
3690.8,53.33,26228.0,,,,,53.32,53.32,53.33,53.33,18516.8
3691.8,100.0,26379.0,,,,,100.0,100.0,100.0,100.0,18536.5
3692.8,54.71,26218.9,,,,,54.7,54.71,54.71,54.71,18528.1
3693.8,53.38,26218.9,,,,,53.38,53.38,53.38,53.38,18491.4
3694.8,100.0,26218.9,,,,,100.0,100.0,100.0,100.0,18526.7
3695.8,53.39,26218.9,,,,,53.39,53.38,53.39,53.4,18492.2
3696.8,100.0,26218.9,,,,,100.0,100.0,100.0,100.0,18477.6
3697.8,53.4,26379.0,,,,,53.39,53.4,53.4,53.39,18535.4
3698.8,54.7,26218.9,,,,,54.7,54.71,54.7,54.7,18528.0
3699.8,100.0,26200.5,,,,,100.0,100.0,100.0,100.0,18519.1
3700.8,53.35,26218.9,,,,,53.35,53.35,53.36,53.36,18486.8
3701.8,100.0,26218.9,,,,,100.0,100.0,100.0,100.0,18526.5
3702.8,53.42,26218.9,,,,,53.4,53.42,53.42,53.42,18488.2
3703.8,100.0,26218.5,,,,,100.0,100.0,100.0,100.0,18536.0
3704.8,0.0,26218.9,,,,,0.0,0.0,0.0,0.0,18498.3
3705.8,100.0,26218.9,,,,,100.0,100.0,100.0,100.0,18527.1
3706.8,53.41,26218.9,,,,,53.39,53.4,53.41,53.43,18505.1
3707.8,100.0,26218.9,,,,,100.0,100.0,100.0,100.0,18482.6
3708.8,53.38,26237.1,,,,,53.39,53.38,53.39,53.38,18514.2
3709.8,100.0,26218.5,,,,,100.0,100.0,100.0,100.0,18536.7
3710.8,53.42,26218.9,,,,,53.42,53.41,53.43,53.42,18526.7
3711.8,53.32,26218.9,,,,,53.32,53.31,53.32,53.33,18487.8
3712.8,100.0,26218.9,,,,,100.0,100.0,100.0,100.0,18504.1
3713.8,53.31,26218.9,,,,,53.32,53.31,53.31,53.31,18491.5
3714.8,100.0,26298.9,,,,,100.0,100.0,100.0,100.0,18530.9
3715.8,54.68,26218.5,,,,,54.68,54.68,54.68,54.69,18514.1
3716.8,53.39,26218.9,,,,,53.39,53.4,53.39,53.39,18485.1
3717.8,100.0,26200.5,,,,,100.0,100.0,100.0,100.0,18516.6
3718.8,53.42,26218.9,,,,,53.41,53.43,53.42,53.42,18484.7
3719.8,53.31,26246.2,,,,,53.32,53.31,53.32,53.3,18494.7
3720.8,100.0,26379.0,,,,,100.0,100.0,100.0,100.0,18536.9
3721.8,54.7,26182.5,,,,,54.7,54.69,54.71,54.7,18524.6
3722.8,53.4,26218.9,,,,,53.39,53.4,53.4,53.4,18487.9
3723.8,100.0,26218.9,,,,,100.0,100.0,100.0,100.0,18504.4
3724.8,53.39,26218.9,,,,,53.4,53.39,53.4,53.39,18491.1
3725.8,100.0,26218.9,,,,,100.0,100.0,100.0,100.0,18506.4
3726.8,53.41,26338.9,,,,,53.41,53.41,53.41,53.41,18530.1
3727.8,54.69,26191.5,,,,,54.68,54.68,54.7,54.68,18518.9
3728.8,53.4,26218.9,,,,,53.41,53.4,53.4,53.4,18490.3
3729.8,53.33,26237.1,,,,,53.32,53.33,53.34,53.33,18503.4
3730.8,100.0,26218.9,,,,,100.0,100.0,100.0,100.0,18509.8
3731.8,53.34,26237.1,,,,,53.33,53.33,53.35,53.33,18504.7
3732.8,100.0,26379.0,,,,,100.0,100.0,100.0,100.0,18531.7
3733.8,54.69,26218.9,,,,,54.69,54.69,54.71,54.69,18523.8
3734.8,53.39,26218.9,,,,,53.39,53.39,53.39,53.4,18486.2
3735.8,100.0,26218.9,,,,,100.0,100.0,100.0,100.0,18522.6
3736.8,53.39,26218.9,,,,,53.4,53.39,53.4,53.38,18489.6
3737.81,100.0,26218.9,,,,,100.0,100.0,100.0,100.0,18523.0
3738.81,53.38,26379.0,,,,,53.37,53.38,53.38,53.39,18531.5
3739.81,54.75,26218.9,,,,,54.76,54.74,54.76,54.74,18477.9
3740.81,100.0,26200.5,,,,,100.0,100.0,100.0,100.0,18510.6
3741.81,53.36,26218.9,,,,,53.35,53.35,53.36,53.35,18499.3
3742.81,100.0,26218.7,,,,,100.0,100.0,100.0,100.0,18515.6
3743.81,53.35,26218.9,,,,,53.34,53.33,53.36,53.35,18502.1
3744.81,100.0,26218.5,,,,,100.0,100.0,100.0,100.0,18532.1
3745.81,0.0,26218.9,,,,,0.0,0.0,0.0,0.0,18493.7
3746.81,100.0,26218.9,,,,,100.0,100.0,100.0,100.0,18512.9
3747.81,53.34,26218.9,,,,,53.33,53.33,53.35,53.35,18495.3
3748.81,100.0,26218.9,,,,,100.0,100.0,100.0,100.0,18523.6
3749.81,53.3,26218.9,,,,,53.31,53.31,53.32,53.29,18501.4
3750.81,100.0,26218.5,,,,,100.0,100.0,100.0,100.0,18480.8
3751.81,53.33,26218.9,,,,,53.34,53.33,53.32,53.34,18522.9
3752.81,53.39,26218.9,,,,,53.39,53.37,53.41,53.38,18486.1
3753.81,100.0,26209.8,,,,,100.0,100.0,100.0,100.0,18522.6
3754.81,53.41,26218.9,,,,,53.42,53.42,53.42,53.4,18505.5
3755.81,100.0,26338.9,,,,,100.0,100.0,100.0,100.0,18529.4
3756.81,54.77,26218.5,,,,,54.76,54.76,54.78,54.78,18495.5
3757.81,53.34,26218.9,,,,,53.34,53.33,53.34,53.33,18495.8
3758.81,100.0,26209.5,,,,,100.0,100.0,100.0,100.0,18512.5
3759.81,53.33,26218.9,,,,,53.33,53.33,53.35,53.33,18507.5
3760.81,53.4,26237.1,,,,,53.4,53.39,53.4,53.4,18507.8
3761.81,100.0,26379.0,,,,,100.0,100.0,100.0,100.0,18532.7
3762.81,54.73,26218.9,,,,,54.73,54.72,54.74,54.73,18524.0
3763.81,53.32,26218.9,,,,,53.32,53.33,53.32,53.32,18484.6
3764.81,100.0,26218.9,,,,,100.0,100.0,100.0,100.0,18523.4
3765.81,53.32,26218.9,,,,,53.32,53.32,53.33,53.32,18488.0
3766.81,100.0,26218.9,,,,,100.0,100.0,100.0,100.0,18523.9
3767.81,53.33,26379.0,,,,,53.33,53.33,53.33,53.33,18532.3
3768.81,54.77,26218.9,,,,,54.76,54.77,54.77,54.77,18481.5
3769.81,100.0,26209.7,,,,,100.0,100.0,100.0,100.0,18520.4
3770.81,53.4,26218.9,,,,,53.4,53.39,53.41,53.4,18498.8
3771.81,100.0,26200.5,,,,,100.0,100.0,100.0,100.0,18515.7
3772.81,53.4,26218.9,,,,,53.4,53.4,53.41,53.38,18523.4
3773.81,100.0,26218.5,,,,,100.0,100.0,100.0,100.0,18532.7
3774.81,0.0,26218.9,,,,,0.0,0.0,0.0,0.0,18494.1
3775.81,100.0,26218.9,,,,,100.0,100.0,100.0,100.0,18523.6
3776.81,53.35,26218.9,,,,,53.35,53.35,53.35,53.34,18499.2
3777.81,100.0,26218.9,,,,,100.0,100.0,100.0,100.0,18515.9
3778.81,53.4,26228.0,,,,,53.4,53.4,53.4,53.39,18506.4
3779.81,100.0,26218.5,,,,,100.0,100.0,100.0,100.0,18480.7
3780.81,53.4,26218.9,,,,,53.4,53.4,53.4,53.4,18523.8
3781.81,53.36,26218.9,,,,,53.36,53.36,53.37,53.37,18487.3
3782.82,100.0,26218.9,,,,,100.0,100.0,100.0,100.0,18523.6
3783.82,53.31,26218.9,,,,,53.3,53.31,53.31,53.32,18491.4
3784.82,100.0,26338.9,,,,,100.0,100.0,100.0,100.0,18530.3
3785.82,54.69,26191.5,,,,,54.69,54.7,54.7,54.68,18520.8
3786.82,53.4,26218.9,,,,,53.39,53.4,53.4,53.4,18482.2
3787.82,100.0,26218.8,,,,,100.0,100.0,100.0,100.0,18518.2
3788.82,53.4,26218.9,,,,,53.4,53.41,53.41,53.4,18502.9
3789.82,53.33,26246.2,,,,,53.31,53.32,53.33,53.34,18518.6
3790.82,100.0,26379.0,,,,,100.0,100.0,100.0,100.0,18533.3
3791.82,54.7,26218.9,,,,,54.7,54.7,54.72,54.68,18525.2
3792.82,53.41,26218.9,,,,,53.41,53.41,53.41,53.39,18486.6
3793.82,100.0,26218.9,,,,,100.0,100.0,100.0,100.0,18523.9
3794.82,53.34,26218.9,,,,,53.34,53.34,53.35,53.34,18489.0
3795.82,100.0,26218.9,,,,,100.0,100.0,100.0,100.0,18524.1
3796.82,53.38,26379.0,,,,,53.39,53.37,53.39,53.39,18532.6
3797.82,54.7,26218.9,,,,,54.69,54.7,54.7,54.7,18481.2
3798.82,100.0,26200.5,,,,,100.0,100.0,100.0,100.0,18520.0
3799.82,53.37,26218.9,,,,,53.37,53.36,53.37,53.35,18508.6
3800.82,100.0,26218.8,,,,,100.0,100.0,100.0,100.0,18522.0
3801.82,53.34,26218.9,,,,,53.34,53.33,53.34,53.34,18505.2
3802.82,100.0,26218.5,,,,,100.0,100.0,100.0,100.0,18533.5
3803.82,0.0,26218.9,,,,,0.0,0.0,0.0,0.0,18492.8
3804.82,100.0,26218.9,,,,,100.0,100.0,100.0,100.0,18524.4
3805.82,53.31,26218.9,,,,,53.31,53.31,53.32,53.31,18499.6
3806.82,100.0,26218.9,,,,,100.0,100.0,100.0,100.0,18517.8
3807.82,53.33,26267.9,,,,,53.31,53.33,53.33,53.35,18513.8
3808.82,100.0,26218.5,,,,,100.0,100.0,100.0,100.0,18481.1
3809.82,53.34,26218.9,,,,,53.34,53.35,53.34,53.33,18524.3
3810.82,53.38,26218.9,,,,,53.37,53.38,53.39,53.39,18487.1
3811.82,100.0,26218.9,,,,,100.0,100.0,100.0,100.0,18524.2
3812.82,53.4,26218.9,,,,,53.4,53.4,53.42,53.39,18491.6
3813.82,100.0,26338.9,,,,,100.0,100.0,100.0,100.0,18530.9
3814.82,54.76,26218.5,,,,,54.76,54.74,54.77,54.76,18516.2
3815.82,53.32,26218.9,,,,,53.32,53.32,53.32,53.32,18482.9
3816.82,100.0,26209.7,,,,,100.0,100.0,100.0,100.0,18523.2
3817.82,53.33,26218.9,,,,,53.32,53.32,53.34,53.34,18502.6
3818.82,100.0,26209.8,,,,,100.0,100.0,100.0,100.0,18524.9
3819.82,53.35,26379.0,,,,,53.35,53.35,53.36,53.36,18533.6
3820.82,54.76,26218.9,,,,,54.76,54.76,54.77,54.76,18505.3
3821.82,53.32,26218.9,,,,,53.3,53.32,53.33,53.33,18504.0
3822.82,100.0,26218.9,,,,,100.0,100.0,100.0,100.0,18508.7
3823.82,53.32,26237.0,,,,,53.31,53.32,53.31,53.33,18513.9
3824.82,100.0,26218.9,,,,,100.0,100.0,100.0,100.0,18518.3
3825.83,53.32,26378.6,,,,,53.33,53.32,53.32,53.31,18534.0
3826.83,54.77,26218.5,,,,,54.76,54.77,54.78,54.76,18483.7
3827.83,100.0,26218.5,,,,,100.0,100.0,100.0,100.0,18524.5
3828.83,53.37,26218.5,,,,,53.37,53.37,53.37,53.37,18494.4
3829.83,100.0,26218.5,,,,,100.0,100.0,100.0,100.0,18524.6
3830.83,54.74,26181.0,,,,,54.72,54.74,54.74,54.74,18534.2
3831.83,0.03,26181.0,,,,,0.02,0.02,0.06,0.02,18542.4
3832.83,0.0,9118.9,,,,,0.0,0.0,0.0,0.0,18619.9
3833.83,0.0,4559.4,,,,,0.0,0.0,0.0,0.0,2.3
