t_s,gpu_util_pct,mem_used_mib,power_w,temp_c,sclk_mhz,mclk_mhz,util_nc0,util_nc1,host_mem_used_mib
0.0,,,,,,,,,
1.0,0.0,0.0,,,,,0.0,0.0,0.0
2.0,0.0,0.0,,,,,0.0,0.0,0.0
3.0,0.0,0.0,,,,,0.0,0.0,0.0
4.0,0.0,0.0,,,,,0.0,0.0,0.0
5.0,0.0,0.0,,,,,0.0,0.0,0.0
6.0,0.0,0.0,,,,,0.0,0.0,0.0
7.0,0.0,0.0,,,,,0.0,0.0,0.0
8.0,0.0,0.0,,,,,0.0,0.0,0.0
9.0,0.0,0.0,,,,,0.0,0.0,2226.1
10.0,0.0,0.0,,,,,0.0,0.0,2226.1
11.0,0.0,0.0,,,,,0.0,0.0,2226.1
12.0,0.0,0.0,,,,,0.0,0.0,2226.1
13.0,0.0,0.0,,,,,0.0,0.0,2226.1
14.0,0.23,356.0,,,,,0.24,0.21,2405.2
15.0,0.0,356.0,,,,,0.0,0.0,3695.6
16.0,0.0,356.0,,,,,0.0,0.0,4608.4
17.0,0.0,356.0,,,,,0.0,0.0,5574.9
18.0,0.0,356.0,,,,,0.0,0.0,6667.2
19.0,0.0,356.0,,,,,0.0,0.0,7658.7
20.0,0.0,356.0,,,,,0.0,0.0,8775.1
21.0,0.0,356.0,,,,,0.0,0.0,9805.6
22.0,0.0,356.0,,,,,0.0,0.0,10906.7
23.0,0.0,356.0,,,,,0.0,0.0,11856.0
24.0,0.0,356.0,,,,,0.0,0.0,13051.1
25.0,0.0,356.0,,,,,0.0,0.0,13851.2
26.0,0.0,356.0,,,,,0.0,0.0,15197.6
27.0,0.0,356.0,,,,,0.0,0.0,15944.6
28.0,0.0,356.0,,,,,0.0,0.0,17368.8
29.0,0.0,356.0,,,,,0.0,0.0,17718.5
30.0,0.0,356.0,,,,,0.0,0.0,18093.9
31.0,0.0,356.0,,,,,0.0,0.0,18399.3
32.0,0.0,356.0,,,,,0.0,0.0,18900.8
33.0,0.0,356.0,,,,,0.0,0.0,17730.3
34.0,0.0,356.0,,,,,0.0,0.0,18094.1
35.01,0.0,356.0,,,,,0.0,0.0,18399.3
36.01,0.0,356.0,,,,,0.0,0.0,18882.3
37.01,0.0,356.0,,,,,0.0,0.0,17723.6
38.01,0.0,356.0,,,,,0.0,0.0,18094.6
39.01,0.0,356.0,,,,,0.0,0.0,18399.3
40.01,0.0,356.0,,,,,0.0,0.0,18891.6
41.01,0.0,356.0,,,,,0.0,0.0,17730.1
42.01,0.0,356.0,,,,,0.0,0.0,18095.2
43.01,0.0,356.0,,,,,0.0,0.0,18399.3
44.01,0.0,356.0,,,,,0.0,0.0,18898.1
45.01,0.0,356.0,,,,,0.0,0.0,17729.4
46.01,0.0,356.0,,,,,0.0,0.0,18102.3
47.01,0.0,356.0,,,,,0.0,0.0,18399.3
48.01,0.0,356.0,,,,,0.0,0.0,18924.4
49.01,0.0,356.0,,,,,0.0,0.0,17750.4
50.01,0.0,356.0,,,,,0.0,0.0,18120.3
51.01,0.0,356.0,,,,,0.0,0.0,18399.3
52.01,0.0,356.0,,,,,0.0,0.0,18962.9
53.01,0.0,356.0,,,,,0.0,0.0,17758.5
54.01,0.0,356.0,,,,,0.0,0.0,18123.5
55.01,0.0,356.0,,,,,0.0,0.0,18267.7
56.01,0.0,356.0,,,,,0.0,0.0,18975.7
57.01,0.0,356.0,,,,,0.0,0.0,19408.4
58.01,0.0,356.0,,,,,0.0,0.0,19919.7
59.01,0.0,356.0,,,,,0.0,0.0,20371.6
60.01,0.0,356.0,,,,,0.0,0.0,20873.0
61.01,0.0,356.0,,,,,0.0,0.0,21374.5
62.01,0.0,356.0,,,,,0.0,0.0,21875.0
63.01,0.0,356.0,,,,,0.0,0.0,22375.0
64.01,0.0,356.0,,,,,0.0,0.0,22871.5
65.01,0.0,356.0,,,,,0.0,0.0,23371.0
66.01,0.0,356.0,,,,,0.0,0.0,23916.0
67.01,0.0,356.0,,,,,0.0,0.0,24621.9
68.01,0.0,356.0,,,,,0.0,0.0,25295.0
69.01,0.0,356.0,,,,,0.0,0.0,25988.6
70.01,0.0,356.0,,,,,0.0,0.0,26695.0
71.01,0.0,356.0,,,,,0.0,0.0,27380.5
72.01,0.0,356.0,,,,,0.0,0.0,27854.0
73.01,0.0,356.0,,,,,0.0,0.0,28026.8
74.01,0.0,356.0,,,,,0.0,0.0,28612.2
75.01,0.0,356.0,,,,,0.0,0.0,28977.6
76.01,0.0,356.0,,,,,0.0,0.0,29052.9
77.01,0.0,356.0,,,,,0.0,0.0,29222.3
78.01,0.0,356.0,,,,,0.0,0.0,29368.6
79.01,0.0,356.0,,,,,0.0,0.0,29923.9
80.01,0.0,356.0,,,,,0.0,0.0,30172.9
81.01,0.0,356.0,,,,,0.0,0.0,30237.8
82.01,0.0,356.0,,,,,0.0,0.0,30364.3
83.01,0.0,356.0,,,,,0.0,0.0,30336.3
84.01,0.0,356.0,,,,,0.0,0.0,30508.4
85.01,0.0,356.0,,,,,0.0,0.0,30759.2
86.01,0.0,356.0,,,,,0.0,0.0,31088.5
87.01,0.0,356.0,,,,,0.0,0.0,31299.6
88.01,0.0,356.0,,,,,0.0,0.0,31418.6
89.01,0.0,356.0,,,,,0.0,0.0,31602.6
90.01,0.0,356.0,,,,,0.0,0.0,31851.1
91.01,0.0,356.0,,,,,0.0,0.0,31958.8
92.01,0.0,356.0,,,,,0.0,0.0,31866.6
93.01,0.0,356.0,,,,,0.0,0.0,31771.8
94.01,0.0,356.0,,,,,0.0,0.0,28152.0
95.01,0.0,356.0,,,,,0.0,0.0,24011.2
96.02,0.0,356.0,,,,,0.0,0.0,24968.3
97.02,0.0,356.0,,,,,0.0,0.0,26117.8
98.02,0.0,356.0,,,,,0.0,0.0,26646.0
99.02,0.0,356.0,,,,,0.0,0.0,27126.5
100.02,0.0,356.0,,,,,0.0,0.0,27319.1
101.02,0.0,356.0,,,,,0.0,0.0,27421.9
102.02,0.0,356.0,,,,,0.0,0.0,27418.2
103.02,0.0,356.0,,,,,0.0,0.0,27414.5
104.04,0.0,356.0,,,,,0.0,0.0,27412.7
105.04,0.0,356.0,,,,,0.0,0.0,27417.4
106.04,0.0,356.0,,,,,0.0,0.0,27411.2
107.04,0.0,356.0,,,,,0.0,0.0,28142.9
108.04,0.0,356.0,,,,,0.0,0.0,28686.6
109.04,0.0,356.0,,,,,0.0,0.0,29096.1
110.04,0.0,356.0,,,,,0.0,0.0,29613.6
111.05,0.0,356.0,,,,,0.0,0.0,29796.8
112.05,0.0,356.0,,,,,0.0,0.0,30333.2
113.05,0.0,356.0,,,,,0.0,0.0,30803.7
114.05,0.0,356.0,,,,,0.0,0.0,31467.7
115.05,0.0,356.0,,,,,0.0,0.0,31414.0
116.05,0.0,356.0,,,,,0.0,0.0,31637.3
117.05,0.0,356.0,,,,,0.0,0.0,22610.6
118.05,0.0,356.0,,,,,0.0,0.0,23286.7
119.05,0.0,356.0,,,,,0.0,0.0,23919.0
120.05,0.0,356.0,,,,,0.0,0.0,24451.4
121.05,0.0,356.0,,,,,0.0,0.0,25119.3
122.05,0.0,356.0,,,,,0.0,0.0,26170.3
123.05,0.0,356.1,,,,,0.0,0.0,20443.0
124.05,0.0,356.1,,,,,0.0,0.0,21053.5
125.05,0.0,356.1,,,,,0.0,0.0,16719.6
126.05,0.03,356.7,,,,,0.03,0.03,15536.7
127.05,0.0,356.7,,,,,0.0,0.0,15721.3
128.05,0.0,356.7,,,,,0.0,0.0,15724.0
129.05,0.0,356.7,,,,,0.0,0.0,15746.1
130.05,0.0,356.7,,,,,0.0,0.0,15777.2
131.05,0.0,356.7,,,,,0.0,0.0,15778.9
132.05,0.0,356.7,,,,,0.0,0.0,16104.3
133.05,0.0,356.7,,,,,0.0,0.0,15793.1
134.05,0.0,356.7,,,,,0.0,0.0,15793.1
135.05,0.0,356.7,,,,,0.0,0.0,15881.3
136.05,0.0,356.7,,,,,0.0,0.0,15798.4
137.05,0.0,356.7,,,,,0.0,0.0,15874.4
138.05,0.0,356.7,,,,,0.0,0.0,15807.0
139.05,0.0,356.7,,,,,0.0,0.0,15866.4
140.05,0.0,356.7,,,,,0.0,0.0,15849.6
141.05,0.0,356.7,,,,,0.0,0.0,15874.0
142.05,0.0,356.7,,,,,0.0,0.0,15860.2
143.05,0.0,356.7,,,,,0.0,0.0,16232.0
144.05,0.0,356.7,,,,,0.0,0.0,16231.0
145.05,0.0,356.7,,,,,0.0,0.0,16487.5
146.06,0.0,356.7,,,,,0.0,0.0,16110.3
147.06,0.0,356.7,,,,,0.0,0.0,16175.1
148.07,0.0,356.7,,,,,0.0,0.0,16245.7
149.07,0.0,356.7,,,,,0.0,0.0,16437.2
150.07,0.0,356.7,,,,,0.0,0.0,16449.4
151.07,0.0,356.7,,,,,0.0,0.0,16459.2
152.07,0.0,356.7,,,,,0.0,0.0,16470.7
153.07,0.0,356.7,,,,,0.0,0.0,16479.8
154.07,0.0,356.7,,,,,0.0,0.0,16493.7
155.07,0.0,356.7,,,,,0.0,0.0,16507.4
156.07,0.0,356.7,,,,,0.0,0.0,16516.3
157.07,0.0,356.7,,,,,0.0,0.0,16529.0
158.07,0.0,356.7,,,,,0.0,0.0,16540.6
159.07,0.0,356.7,,,,,0.0,0.0,16553.9
160.07,0.0,356.7,,,,,0.0,0.0,16568.6
161.07,0.0,356.7,,,,,0.0,0.0,16651.2
162.07,0.0,356.7,,,,,0.0,0.0,16701.2
163.07,0.0,356.7,,,,,0.0,0.0,16753.2
164.07,0.0,356.7,,,,,0.0,0.0,16803.3
165.07,0.0,356.7,,,,,0.0,0.0,16864.1
166.07,0.0,356.7,,,,,0.0,0.0,16923.2
167.07,0.0,356.7,,,,,0.0,0.0,16970.0
168.07,0.0,356.7,,,,,0.0,0.0,17017.5
169.07,0.0,356.7,,,,,0.0,0.0,17092.1
170.07,0.0,356.7,,,,,0.0,0.0,17134.2
171.07,0.0,356.7,,,,,0.0,0.0,17194.6
172.07,0.0,356.7,,,,,0.0,0.0,17232.9
173.07,0.0,356.7,,,,,0.0,0.0,17292.9
174.07,0.0,356.7,,,,,0.0,0.0,17347.3
175.07,0.0,356.7,,,,,0.0,0.0,17440.0
176.07,0.0,356.7,,,,,0.0,0.0,17469.3
177.07,0.0,356.7,,,,,0.0,0.0,17513.8
178.07,0.0,356.7,,,,,0.0,0.0,17576.5
179.07,0.0,356.7,,,,,0.0,0.0,17631.7
180.07,0.0,356.7,,,,,0.0,0.0,17641.7
181.07,0.0,356.7,,,,,0.0,0.0,17671.0
182.07,0.0,356.7,,,,,0.0,0.0,17700.0
183.07,0.0,356.7,,,,,0.0,0.0,17732.1
184.07,0.0,356.7,,,,,0.0,0.0,17771.7
185.07,0.0,356.7,,,,,0.0,0.0,17800.7
186.07,0.0,356.7,,,,,0.0,0.0,17833.4
187.07,0.0,356.7,,,,,0.0,0.0,17854.1
188.07,0.0,356.7,,,,,0.0,0.0,17897.8
189.07,0.0,356.7,,,,,0.0,0.0,17930.1
190.07,0.0,356.7,,,,,0.0,0.0,17963.3
191.07,0.0,356.7,,,,,0.0,0.0,17994.7
192.07,0.0,356.7,,,,,0.0,0.0,18027.2
193.07,0.0,356.7,,,,,0.0,0.0,18057.1
194.07,0.0,356.7,,,,,0.0,0.0,18089.4
195.07,0.0,356.7,,,,,0.0,0.0,18124.6
196.07,0.0,356.7,,,,,0.0,0.0,18147.3
197.07,0.0,356.7,,,,,0.0,0.0,18177.8
198.07,0.0,356.7,,,,,0.0,0.0,18190.8
199.07,0.0,356.7,,,,,0.0,0.0,18206.4
200.07,0.0,356.7,,,,,0.0,0.0,18221.6
201.07,0.0,356.7,,,,,0.0,0.0,18236.8
202.07,0.0,356.7,,,,,0.0,0.0,18250.0
203.07,0.0,356.7,,,,,0.0,0.0,18267.7
204.07,0.0,356.7,,,,,0.0,0.0,18267.3
205.07,0.0,356.7,,,,,0.0,0.0,18278.9
206.07,0.0,356.7,,,,,0.0,0.0,18286.3
207.07,0.0,356.7,,,,,0.0,0.0,18293.6
208.07,0.0,356.7,,,,,0.0,0.0,18300.8
209.07,0.0,356.7,,,,,0.0,0.0,18317.0
210.07,0.0,356.7,,,,,0.0,0.0,18336.6
211.07,0.0,356.7,,,,,0.0,0.0,18356.3
212.07,0.0,356.7,,,,,0.0,0.0,18376.0
213.07,0.0,356.7,,,,,0.0,0.0,18391.1
214.07,0.0,356.7,,,,,0.0,0.0,18408.7
215.07,0.0,356.7,,,,,0.0,0.0,18430.3
216.08,0.0,356.7,,,,,0.0,0.0,18450.1
217.08,0.0,356.7,,,,,0.0,0.0,18474.6
218.08,0.0,356.7,,,,,0.0,0.0,18502.6
219.08,0.0,356.7,,,,,0.0,0.0,18513.9
220.08,0.0,356.7,,,,,0.0,0.0,18525.6
221.08,0.0,356.7,,,,,0.0,0.0,18541.3
222.08,0.0,356.7,,,,,0.0,0.0,18550.0
223.08,0.0,356.7,,,,,0.0,0.0,18568.3
224.08,0.0,356.7,,,,,0.0,0.0,18589.4
225.08,0.0,356.7,,,,,0.0,0.0,18608.4
226.08,0.0,356.7,,,,,0.0,0.0,18627.3
227.08,0.0,356.7,,,,,0.0,0.0,18646.5
228.08,0.0,356.7,,,,,0.0,0.0,18666.5
229.08,0.0,356.7,,,,,0.0,0.0,18685.8
230.08,0.0,356.7,,,,,0.0,0.0,18705.3
231.08,0.0,356.7,,,,,0.0,0.0,18719.3
232.08,0.0,356.7,,,,,0.0,0.0,18738.4
233.08,0.0,356.7,,,,,0.0,0.0,18755.4
234.08,0.0,356.7,,,,,0.0,0.0,18776.3
235.08,0.0,356.7,,,,,0.0,0.0,18792.5
236.08,0.0,356.7,,,,,0.0,0.0,18811.9
237.08,0.0,356.7,,,,,0.0,0.0,18828.2
238.08,0.0,356.7,,,,,0.0,0.0,18844.8
239.08,0.0,356.7,,,,,0.0,0.0,18847.3
240.08,0.0,356.7,,,,,0.0,0.0,18855.7
241.08,0.0,356.7,,,,,0.0,0.0,18869.8
242.08,0.0,356.7,,,,,0.0,0.0,18881.8
243.08,0.0,356.7,,,,,0.0,0.0,18896.4
244.08,0.0,356.7,,,,,0.0,0.0,18907.9
245.08,0.0,356.7,,,,,0.0,0.0,18922.6
246.08,0.0,356.7,,,,,0.0,0.0,18931.3
247.08,0.0,356.7,,,,,0.0,0.0,18938.8
248.08,0.0,356.7,,,,,0.0,0.0,18950.9
249.08,0.0,356.7,,,,,0.0,0.0,18960.9
250.08,0.0,356.7,,,,,0.0,0.0,18969.4
251.08,0.0,356.7,,,,,0.0,0.0,18991.2
252.08,0.0,356.7,,,,,0.0,0.0,19036.5
253.08,0.0,356.7,,,,,0.0,0.0,19043.0
254.08,0.0,356.7,,,,,0.0,0.0,19048.3
255.08,0.0,356.7,,,,,0.0,0.0,19058.2
256.08,0.0,356.7,,,,,0.0,0.0,19109.6
257.08,0.0,356.7,,,,,0.0,0.0,19121.5
258.08,0.0,356.7,,,,,0.0,0.0,19127.1
259.08,0.0,356.7,,,,,0.0,0.0,19137.9
260.08,0.0,356.7,,,,,0.0,0.0,19150.2
261.08,0.0,356.7,,,,,0.0,0.0,19159.2
262.08,0.0,356.7,,,,,0.0,0.0,19168.8
263.08,0.0,356.7,,,,,0.0,0.0,19179.4
264.08,0.0,356.7,,,,,0.0,0.0,19186.8
265.08,0.0,356.7,,,,,0.0,0.0,19191.1
266.08,0.0,356.7,,,,,0.0,0.0,19191.1
267.08,0.0,356.7,,,,,0.0,0.0,19191.1
268.08,0.0,356.7,,,,,0.0,0.0,19191.1
269.08,0.0,356.7,,,,,0.0,0.0,19253.7
270.08,0.0,356.7,,,,,0.0,0.0,19261.0
271.08,0.0,356.7,,,,,0.0,0.0,19269.6
272.08,0.0,356.7,,,,,0.0,0.0,19270.6
273.08,0.0,356.7,,,,,0.0,0.0,19276.2
274.08,0.0,356.7,,,,,0.0,0.0,19277.7
275.08,0.0,356.7,,,,,0.0,0.0,19280.4
276.08,0.0,356.7,,,,,0.0,0.0,19282.9
277.08,0.0,356.7,,,,,0.0,0.0,19282.1
278.08,0.0,356.7,,,,,0.0,0.0,19288.2
279.08,0.0,356.7,,,,,0.0,0.0,19290.3
280.08,0.0,356.7,,,,,0.0,0.0,19294.8
281.08,0.0,356.7,,,,,0.0,0.0,19299.0
282.08,0.0,356.7,,,,,0.0,0.0,19299.2
283.08,0.0,356.7,,,,,0.0,0.0,19307.9
284.08,0.0,356.7,,,,,0.0,0.0,19305.6
285.08,0.0,356.7,,,,,0.0,0.0,19309.9
286.08,0.0,356.7,,,,,0.0,0.0,19317.4
287.08,0.0,356.7,,,,,0.0,0.0,19319.7
288.08,0.0,356.7,,,,,0.0,0.0,19319.5
289.08,0.0,356.7,,,,,0.0,0.0,19328.8
290.08,0.0,356.7,,,,,0.0,0.0,19327.0
291.08,0.0,356.7,,,,,0.0,0.0,19334.8
292.09,0.0,356.7,,,,,0.0,0.0,19339.5
293.09,0.0,356.7,,,,,0.0,0.0,19336.8
294.09,0.0,356.7,,,,,0.0,0.0,19341.3
295.09,0.0,356.7,,,,,0.0,0.0,19344.1
296.09,0.0,356.7,,,,,0.0,0.0,19352.5
297.09,0.0,356.7,,,,,0.0,0.0,19355.2
298.09,0.0,356.7,,,,,0.0,0.0,19360.6
299.09,0.0,356.7,,,,,0.0,0.0,19362.0
300.09,0.0,356.7,,,,,0.0,0.0,19366.8
301.09,0.0,356.7,,,,,0.0,0.0,19365.4
302.09,0.0,356.7,,,,,0.0,0.0,19372.1
303.09,0.0,356.7,,,,,0.0,0.0,19376.1
304.09,0.0,356.7,,,,,0.0,0.0,19377.7
305.09,0.0,356.7,,,,,0.0,0.0,19381.2
306.09,0.0,356.7,,,,,0.0,0.0,19384.6
307.09,0.0,356.7,,,,,0.0,0.0,19386.3
308.09,0.0,356.7,,,,,0.0,0.0,19394.7
309.09,0.0,356.7,,,,,0.0,0.0,19397.0
310.09,0.0,356.7,,,,,0.0,0.0,19398.4
311.09,0.0,356.7,,,,,0.0,0.0,19404.1
312.09,0.0,356.7,,,,,0.0,0.0,19404.1
313.09,0.0,356.7,,,,,0.0,0.0,19409.6
314.09,0.0,356.7,,,,,0.0,0.0,19416.5
315.09,0.0,356.7,,,,,0.0,0.0,19413.7
316.09,0.0,356.7,,,,,0.0,0.0,19417.8
317.09,0.0,356.7,,,,,0.0,0.0,19421.1
318.09,0.0,356.7,,,,,0.0,0.0,19422.8
319.09,0.0,356.7,,,,,0.0,0.0,19427.5
320.09,0.0,356.7,,,,,0.0,0.0,19435.1
321.09,0.0,356.7,,,,,0.0,0.0,19436.7
322.09,0.0,356.7,,,,,0.0,0.0,19440.3
323.09,0.0,356.7,,,,,0.0,0.0,19445.7
324.09,0.0,356.7,,,,,0.0,0.0,19443.9
325.09,0.0,356.7,,,,,0.0,0.0,19447.4
326.09,0.0,356.7,,,,,0.0,0.0,19453.0
327.09,0.0,356.7,,,,,0.0,0.0,19454.5
328.09,0.0,356.7,,,,,0.0,0.0,19457.9
329.09,0.0,356.7,,,,,0.0,0.0,19465.0
330.09,0.0,356.7,,,,,0.0,0.0,19468.5
331.09,0.0,356.7,,,,,0.0,0.0,19471.1
332.09,0.0,356.7,,,,,0.0,0.0,19471.2
333.09,0.0,356.7,,,,,0.0,0.0,19480.7
334.09,0.0,356.7,,,,,0.0,0.0,19478.2
335.09,0.0,356.7,,,,,0.0,0.0,19483.7
336.09,0.0,356.7,,,,,0.0,0.0,19489.2
337.09,0.0,356.7,,,,,0.0,0.0,19492.6
338.09,0.0,356.7,,,,,0.0,0.0,19494.1
339.09,0.0,356.7,,,,,0.0,0.0,19499.7
340.09,0.0,356.7,,,,,0.0,0.0,19502.4
341.09,0.0,356.7,,,,,0.0,0.0,19505.9
342.09,0.0,356.7,,,,,0.0,0.0,19509.3
343.09,0.0,356.7,,,,,0.0,0.0,19514.8
344.09,0.0,356.7,,,,,0.0,0.0,19516.7
345.09,0.0,356.7,,,,,0.0,0.0,19520.5
346.09,0.0,356.7,,,,,0.0,0.0,19524.0
347.09,0.0,356.7,,,,,0.0,0.0,19521.8
348.09,0.0,356.7,,,,,0.0,0.0,19526.2
349.09,0.0,356.7,,,,,0.0,0.0,19531.5
350.09,0.0,356.7,,,,,0.0,0.0,19538.4
351.09,0.0,356.7,,,,,0.0,0.0,19545.8
352.09,0.0,356.7,,,,,0.0,0.0,19548.8
353.1,0.0,356.7,,,,,0.0,0.0,19557.5
354.1,0.0,356.7,,,,,0.0,0.0,19562.0
355.1,0.0,356.7,,,,,0.0,0.0,19582.2
356.1,0.0,356.7,,,,,0.0,0.0,19603.4
357.1,0.0,356.7,,,,,0.0,0.0,19624.9
358.1,0.0,356.7,,,,,0.0,0.0,19640.9
359.1,0.0,356.7,,,,,0.0,0.0,19647.8
360.1,0.0,356.7,,,,,0.0,0.0,19669.2
361.1,0.0,356.7,,,,,0.0,0.0,19691.1
362.1,0.0,356.7,,,,,0.0,0.0,19714.0
363.1,0.0,356.7,,,,,0.0,0.0,19671.5
364.1,0.0,356.7,,,,,0.0,0.0,19689.9
365.1,0.0,356.7,,,,,0.0,0.0,19729.8
366.1,0.0,356.7,,,,,0.0,0.0,19750.6
367.1,0.0,356.7,,,,,0.0,0.0,19771.5
368.1,0.0,356.7,,,,,0.0,0.0,19663.6
369.1,0.0,356.7,,,,,0.0,0.0,19675.5
370.1,0.0,356.7,,,,,0.0,0.0,19711.4
371.1,0.0,356.7,,,,,0.0,0.0,19732.7
372.1,0.0,356.7,,,,,0.0,0.0,19685.8
373.1,0.0,356.7,,,,,0.0,0.0,19694.2
374.1,0.0,356.7,,,,,0.0,0.0,19716.0
375.1,0.0,356.7,,,,,0.0,0.0,19739.4
376.1,0.0,356.7,,,,,0.0,0.0,19765.9
377.1,0.0,356.7,,,,,0.0,0.0,19708.3
378.1,0.0,356.7,,,,,0.0,0.0,19719.5
379.1,0.0,356.7,,,,,0.0,0.0,19739.5
380.1,0.0,356.7,,,,,0.0,0.0,19761.9
381.1,0.0,356.7,,,,,0.0,0.0,19735.9
382.1,0.0,356.7,,,,,0.0,0.0,19744.6
383.1,0.0,356.7,,,,,0.0,0.0,19765.3
384.1,0.0,356.7,,,,,0.0,0.0,19787.1
385.1,0.0,356.7,,,,,0.0,0.0,19759.6
386.1,0.0,356.7,,,,,0.0,0.0,19765.1
387.1,0.0,356.7,,,,,0.0,0.0,19785.9
388.1,0.0,356.7,,,,,0.0,0.0,19807.4
389.1,0.0,356.7,,,,,0.0,0.0,19828.0
390.1,0.0,356.7,,,,,0.0,0.0,19782.6
391.1,0.0,356.7,,,,,0.0,0.0,19793.1
392.1,0.0,356.7,,,,,0.0,0.0,19819.2
393.1,0.0,356.7,,,,,0.0,0.0,19841.6
394.1,0.0,356.7,,,,,0.0,0.0,19864.3
395.1,0.0,356.7,,,,,0.0,0.0,19839.4
396.1,0.0,356.7,,,,,0.0,0.0,19856.2
397.1,0.0,356.7,,,,,0.0,0.0,19877.6
398.1,0.0,356.7,,,,,0.0,0.0,19899.1
399.1,0.0,356.7,,,,,0.0,0.0,19842.2
400.1,0.0,356.7,,,,,0.0,0.0,19849.5
401.1,0.0,356.7,,,,,0.0,0.0,19870.3
402.1,0.0,356.7,,,,,0.0,0.0,19891.7
403.1,0.0,356.7,,,,,0.0,0.0,19869.9
404.1,0.0,356.7,,,,,0.0,0.0,19856.6
405.1,0.0,356.7,,,,,0.0,0.0,19874.8
406.1,0.0,356.7,,,,,0.0,0.0,19894.9
407.1,0.0,356.7,,,,,0.0,0.0,19915.9
408.1,0.0,356.7,,,,,0.0,0.0,19882.5
409.1,0.0,356.7,,,,,0.0,0.0,19895.0
410.1,0.0,356.7,,,,,0.0,0.0,19916.2
411.1,0.0,356.7,,,,,0.0,0.0,19936.6
412.1,0.0,356.7,,,,,0.0,0.0,19887.0
413.1,0.0,356.7,,,,,0.0,0.0,19900.4
414.1,0.0,356.7,,,,,0.0,0.0,19921.7
415.1,0.0,356.7,,,,,0.0,0.0,19942.3
416.1,0.0,356.7,,,,,0.0,0.0,19933.7
417.1,0.0,356.7,,,,,0.0,0.0,19918.8
418.1,0.0,356.7,,,,,0.0,0.0,19935.6
419.1,0.0,356.7,,,,,0.0,0.0,19956.7
420.1,0.0,356.7,,,,,0.0,0.0,19923.5
421.1,0.0,356.7,,,,,0.0,0.0,19936.9
422.1,0.0,356.7,,,,,0.0,0.0,19952.7
423.1,0.0,356.7,,,,,0.0,0.0,19975.0
424.1,0.0,356.7,,,,,0.0,0.0,19996.2
425.1,0.0,356.7,,,,,0.0,0.0,19965.4
426.1,0.0,356.7,,,,,0.0,0.0,19976.7
427.11,0.0,356.7,,,,,0.0,0.0,19997.0
428.11,0.0,356.7,,,,,0.0,0.0,20018.2
429.11,0.0,356.7,,,,,0.0,0.0,20038.9
430.11,0.0,356.7,,,,,0.0,0.0,19973.0
431.11,0.0,356.7,,,,,0.0,0.0,19991.6
432.11,0.0,356.7,,,,,0.0,0.0,20012.5
433.11,0.0,356.7,,,,,0.0,0.0,20033.9
434.11,0.0,356.7,,,,,0.0,0.0,20004.3
435.11,0.0,356.7,,,,,0.0,0.0,20020.4
436.11,0.0,356.7,,,,,0.0,0.0,20041.9
437.11,0.0,356.7,,,,,0.0,0.0,20062.6
438.11,0.0,356.7,,,,,0.0,0.0,20035.3
439.11,0.0,356.7,,,,,0.0,0.0,20041.9
440.11,0.0,356.7,,,,,0.0,0.0,20064.1
441.11,0.0,356.7,,,,,0.0,0.0,20080.8
442.11,0.0,356.7,,,,,0.0,0.0,20028.1
443.11,0.0,356.7,,,,,0.0,0.0,20042.2
444.11,0.0,356.7,,,,,0.0,0.0,20063.6
445.11,0.0,356.7,,,,,0.0,0.0,20084.9
446.11,0.0,356.7,,,,,0.0,0.0,20062.8
447.11,0.0,356.7,,,,,0.0,0.0,20073.2
448.11,0.0,356.7,,,,,0.0,0.0,20094.3
449.11,0.0,356.7,,,,,0.0,0.0,20115.4
450.11,0.0,356.7,,,,,0.0,0.0,20093.6
451.11,0.0,356.7,,,,,0.0,0.0,20092.7
452.11,0.0,356.7,,,,,0.0,0.0,20112.3
453.11,0.0,356.7,,,,,0.0,0.0,20133.0
454.11,0.0,356.7,,,,,0.0,0.0,20154.2
455.11,0.0,356.7,,,,,0.0,0.0,20106.7
456.11,0.0,356.7,,,,,0.0,0.0,20119.9
457.11,0.0,356.7,,,,,0.0,0.0,20140.4
458.11,0.0,356.7,,,,,0.0,0.0,20137.5
459.11,0.0,356.7,,,,,0.0,0.0,20116.2
460.11,0.0,356.7,,,,,0.0,0.0,20124.0
461.11,0.0,356.7,,,,,0.0,0.0,20144.5
462.11,0.0,356.7,,,,,0.0,0.0,20164.7
463.11,0.0,356.7,,,,,0.0,0.0,20180.3
464.11,0.0,356.7,,,,,0.0,0.0,20162.4
465.11,0.0,356.7,,,,,0.0,0.0,20179.1
466.11,0.0,356.7,,,,,0.0,0.0,20198.6
467.11,0.0,356.7,,,,,0.0,0.0,20238.6
468.11,0.0,356.7,,,,,0.0,0.0,20139.6
469.11,0.0,356.7,,,,,0.0,0.0,20146.1
470.11,0.0,356.7,,,,,0.0,0.0,20195.5
471.11,0.0,356.7,,,,,0.0,0.0,20226.3
472.11,0.0,356.7,,,,,0.0,0.0,20246.7
473.11,0.0,356.7,,,,,0.0,0.0,20203.1
474.11,0.0,356.7,,,,,0.0,0.0,20216.5
475.11,0.0,356.7,,,,,0.0,0.0,20237.7
476.11,0.0,356.7,,,,,0.0,0.0,20206.0
477.11,0.0,356.7,,,,,0.0,0.0,20206.2
478.11,0.0,356.7,,,,,0.0,0.0,20222.2
479.11,0.0,356.7,,,,,0.0,0.0,20243.3
480.11,0.0,356.7,,,,,0.0,0.0,20253.9
481.11,0.0,356.7,,,,,0.0,0.0,20212.9
482.11,0.0,356.7,,,,,0.0,0.0,20225.0
483.11,0.0,356.7,,,,,0.0,0.0,20245.4
484.11,0.0,356.7,,,,,0.0,0.0,20266.5
485.11,0.0,356.7,,,,,0.0,0.0,20293.9
486.11,0.0,356.7,,,,,0.0,0.0,20247.8
487.11,0.0,356.7,,,,,0.0,0.0,20267.7
488.11,0.0,356.7,,,,,0.0,0.0,20289.4
489.11,0.0,356.7,,,,,0.0,0.0,20311.4
490.11,0.0,356.7,,,,,0.0,0.0,20267.8
491.11,0.0,356.7,,,,,0.0,0.0,20271.0
492.11,0.0,356.7,,,,,0.0,0.0,20255.2
493.11,0.0,356.7,,,,,0.0,0.0,20284.2
494.11,0.0,356.7,,,,,0.0,0.0,20309.1
495.11,0.0,356.7,,,,,0.0,0.0,20252.8
496.11,0.0,356.7,,,,,0.0,0.0,20271.2
497.11,0.0,356.7,,,,,0.0,0.0,20291.3
498.11,0.0,356.7,,,,,0.0,0.0,20312.4
499.12,0.0,356.7,,,,,0.0,0.0,20280.9
500.12,0.0,356.7,,,,,0.0,0.0,20291.4
501.12,0.0,356.7,,,,,0.0,0.0,20312.1
502.12,0.0,356.7,,,,,0.0,0.0,20333.8
503.12,0.0,356.7,,,,,0.0,0.0,20286.3
504.12,0.0,356.7,,,,,0.0,0.0,20295.8
505.12,0.0,356.7,,,,,0.0,0.0,20316.9
506.12,0.0,356.7,,,,,0.0,0.0,20338.1
507.12,0.0,356.7,,,,,0.0,0.0,20359.6
508.12,0.0,356.7,,,,,0.0,0.0,20317.6
509.12,0.0,356.7,,,,,0.0,0.0,20337.3
510.12,0.0,356.7,,,,,0.0,0.0,20358.6
511.12,0.0,356.7,,,,,0.0,0.0,20380.4
512.12,0.0,356.7,,,,,0.0,0.0,20345.5
513.12,0.0,356.7,,,,,0.0,0.0,20376.2
514.12,0.0,356.7,,,,,0.0,0.0,20397.5
515.12,0.0,356.7,,,,,0.0,0.0,20418.2
516.12,0.0,356.7,,,,,0.0,0.0,20392.7
517.12,0.0,356.7,,,,,0.0,0.0,20395.1
518.12,0.0,356.7,,,,,0.0,0.0,20416.1
519.12,0.0,356.7,,,,,0.0,0.0,20436.7
520.12,0.0,356.7,,,,,0.0,0.0,20458.2
521.12,0.0,356.7,,,,,0.0,0.0,20407.5
522.12,0.0,356.7,,,,,0.0,0.0,20419.0
523.12,0.0,356.7,,,,,0.0,0.0,20440.1
524.12,0.0,356.7,,,,,0.0,0.0,20456.8
525.12,0.0,356.7,,,,,0.0,0.0,20419.8
526.12,0.0,356.7,,,,,0.0,0.0,20429.4
527.12,0.0,356.7,,,,,0.0,0.0,20449.5
528.12,0.0,356.7,,,,,0.0,0.0,20472.1
529.12,0.0,356.7,,,,,0.0,0.0,20433.9
530.12,0.0,356.7,,,,,0.0,0.0,20447.4
531.12,0.0,356.7,,,,,0.0,0.0,20462.7
532.12,0.0,356.7,,,,,0.0,0.0,20484.3
533.12,0.0,356.7,,,,,0.0,0.0,20505.4
534.12,0.0,356.7,,,,,0.0,0.0,20468.7
535.12,0.0,356.7,,,,,0.0,0.0,20472.0
536.12,0.0,356.7,,,,,0.0,0.0,20492.3
537.12,0.0,356.7,,,,,0.0,0.0,20513.8
538.12,0.0,356.7,,,,,0.0,0.0,20474.6
539.12,0.0,356.7,,,,,0.0,0.0,20484.9
540.12,0.0,356.7,,,,,0.0,0.0,20504.7
541.12,0.0,356.7,,,,,0.0,0.0,20526.7
542.12,0.0,356.7,,,,,0.0,0.0,20548.6
543.12,0.0,356.7,,,,,0.0,0.0,20497.6
544.12,0.0,356.7,,,,,0.0,0.0,20511.2
545.12,0.0,356.7,,,,,0.0,0.0,20531.8
546.12,0.0,356.7,,,,,0.0,0.0,20553.2
547.12,0.0,356.7,,,,,0.0,0.0,20522.3
548.12,0.0,356.7,,,,,0.0,0.0,20538.9
549.12,0.0,356.7,,,,,0.0,0.0,20559.5
550.12,0.0,356.7,,,,,0.0,0.0,20580.5
551.12,0.0,356.7,,,,,0.0,0.0,20544.7
552.12,0.0,356.7,,,,,0.0,0.0,20551.3
553.12,0.0,356.7,,,,,0.0,0.0,20573.9
554.12,0.0,356.7,,,,,0.0,0.0,20593.4
555.12,0.0,356.7,,,,,0.0,0.0,20614.9
556.12,0.0,356.7,,,,,0.0,0.0,20575.7
557.12,0.0,356.7,,,,,0.0,0.0,20591.0
558.12,0.0,356.7,,,,,0.0,0.0,20611.8
559.12,0.0,356.7,,,,,0.0,0.0,20633.0
560.12,0.0,356.7,,,,,0.0,0.0,20611.3
561.12,0.0,356.7,,,,,0.0,0.0,20620.5
562.12,0.0,356.7,,,,,0.0,0.0,20641.4
563.12,0.0,356.7,,,,,0.0,0.0,20662.5
564.12,0.0,356.7,,,,,0.0,0.0,20600.8
565.12,0.0,356.7,,,,,0.0,0.0,20612.8
566.12,0.0,356.7,,,,,0.0,0.0,20633.6
567.12,0.0,356.7,,,,,0.0,0.0,20654.6
568.12,0.0,356.7,,,,,0.0,0.0,20649.6
569.13,0.0,356.7,,,,,0.0,0.0,20640.3
570.13,0.0,356.7,,,,,0.0,0.0,20659.8
571.13,0.0,356.7,,,,,0.0,0.0,20680.7
572.13,0.0,356.7,,,,,0.0,0.0,20701.8
573.13,0.0,356.7,,,,,0.0,0.0,20662.4
574.13,0.0,356.7,,,,,0.0,0.0,20673.8
575.13,0.0,356.7,,,,,0.0,0.0,20695.1
576.13,0.0,356.7,,,,,0.0,0.0,20716.3
577.13,0.0,356.7,,,,,0.0,0.0,20684.8
578.13,0.0,356.7,,,,,0.0,0.0,20689.7
579.13,0.0,356.7,,,,,0.0,0.0,20710.0
580.13,0.0,356.7,,,,,0.0,0.0,20731.1
581.13,0.0,356.7,,,,,0.0,0.0,20702.9
582.13,0.0,356.7,,,,,0.0,0.0,20708.2
583.13,0.0,356.7,,,,,0.0,0.0,20729.5
584.13,0.0,356.7,,,,,0.0,0.0,20750.7
585.13,0.0,356.7,,,,,0.0,0.0,20705.9
586.13,0.0,356.7,,,,,0.0,0.0,20714.9
587.13,0.0,356.7,,,,,0.0,0.0,20737.0
588.13,0.0,356.7,,,,,0.0,0.0,20757.9
589.13,0.0,356.7,,,,,0.0,0.0,20726.6
590.13,0.0,356.7,,,,,0.0,0.0,20733.7
591.13,0.0,356.7,,,,,0.0,0.0,20754.7
592.13,0.0,356.7,,,,,0.0,0.0,20776.2
593.13,0.0,356.7,,,,,0.0,0.0,20796.8
594.13,0.0,356.7,,,,,0.0,0.0,20755.8
595.13,0.0,356.7,,,,,0.0,0.0,20766.7
596.13,0.0,356.7,,,,,0.0,0.0,20787.7
597.13,0.0,356.7,,,,,0.0,0.0,20808.2
598.13,0.0,356.7,,,,,0.0,0.0,20774.9
599.13,0.0,356.7,,,,,0.0,0.0,20786.7
600.13,0.0,356.7,,,,,0.0,0.0,20808.3
601.13,0.0,356.7,,,,,0.0,0.0,20828.3
602.13,0.0,356.7,,,,,0.0,0.0,20849.4
603.13,0.0,356.7,,,,,0.0,0.0,20800.3
604.13,0.0,356.7,,,,,0.0,0.0,20813.5
605.13,0.0,356.7,,,,,0.0,0.0,20833.6
606.13,0.0,356.7,,,,,0.0,0.0,20854.6
607.13,0.0,356.7,,,,,0.0,0.0,20839.5
608.13,0.0,356.7,,,,,0.0,0.0,20840.8
609.13,0.0,356.7,,,,,0.0,0.0,20861.3
610.13,0.0,356.7,,,,,0.0,0.0,20880.9
611.13,0.0,356.7,,,,,0.0,0.0,20902.4
612.13,0.0,356.7,,,,,0.0,0.0,20828.2
613.13,0.0,356.7,,,,,0.0,0.0,20843.0
614.13,0.0,356.7,,,,,0.0,0.0,20863.2
615.13,0.0,356.7,,,,,0.0,0.0,20883.7
616.13,0.0,356.7,,,,,0.0,0.0,20869.2
617.13,0.0,356.7,,,,,0.0,0.0,20877.4
618.13,0.0,356.7,,,,,0.0,0.0,20898.2
619.13,0.0,356.7,,,,,0.0,0.0,20919.4
620.13,0.0,356.7,,,,,0.0,0.0,20877.3
621.13,0.0,356.7,,,,,0.0,0.0,20890.5
622.13,0.0,356.7,,,,,0.0,0.0,20911.0
623.13,0.0,356.7,,,,,0.0,0.0,20932.1
624.13,0.0,356.7,,,,,0.0,0.0,20953.4
625.13,0.0,356.7,,,,,0.0,0.0,20904.2
626.13,0.0,356.7,,,,,0.0,0.0,20922.9
627.13,0.0,356.7,,,,,0.0,0.0,20944.3
628.13,0.0,356.7,,,,,0.0,0.0,20965.6
629.13,0.0,356.7,,,,,0.0,0.0,20927.4
630.13,0.0,356.7,,,,,0.0,0.0,20936.8
631.13,0.0,356.7,,,,,0.0,0.0,20957.7
632.13,0.0,356.7,,,,,0.0,0.0,20978.7
633.13,0.0,356.7,,,,,0.0,0.0,20939.7
634.13,0.0,356.7,,,,,0.0,0.0,20948.2
635.13,0.0,356.7,,,,,0.0,0.0,20969.8
636.13,0.0,356.7,,,,,0.0,0.0,20990.7
637.13,0.0,356.7,,,,,0.0,0.0,21012.0
638.14,0.0,356.7,,,,,0.0,0.0,20962.4
639.14,0.0,356.7,,,,,0.0,0.0,20975.0
640.14,0.0,356.7,,,,,0.0,0.0,20996.2
641.14,0.0,356.7,,,,,0.0,0.0,21017.5
642.14,0.0,356.7,,,,,0.0,0.0,20990.1
643.14,0.0,356.7,,,,,0.0,0.0,20995.2
644.14,0.0,356.7,,,,,0.0,0.0,21015.8
645.14,0.0,356.7,,,,,0.0,0.0,21037.0
646.14,0.0,356.7,,,,,0.0,0.0,21006.4
647.14,0.0,356.7,,,,,0.0,0.0,21011.2
648.14,0.0,356.7,,,,,0.0,0.0,21030.2
649.14,0.0,356.7,,,,,0.0,0.0,21051.7
650.14,0.0,356.7,,,,,0.0,0.0,21013.6
651.14,0.0,356.7,,,,,0.0,0.0,21017.2
652.14,0.0,356.7,,,,,0.0,0.0,21038.1
653.14,0.0,356.7,,,,,0.0,0.0,21058.9
654.14,0.0,356.7,,,,,0.0,0.0,21039.4
655.14,0.0,356.7,,,,,0.0,0.0,21044.7
656.14,0.0,356.7,,,,,0.0,0.0,21033.3
657.14,0.0,356.7,,,,,0.0,0.0,21063.7
658.14,0.0,356.7,,,,,0.0,0.0,21085.3
659.14,0.0,356.7,,,,,0.0,0.0,21045.6
660.14,0.0,356.7,,,,,0.0,0.0,21060.6
661.14,0.0,356.7,,,,,0.0,0.0,21079.4
662.14,0.0,356.7,,,,,0.0,0.0,21100.0
663.14,0.0,356.7,,,,,0.0,0.0,21078.9
664.14,0.0,356.7,,,,,0.0,0.0,21087.0
665.14,0.0,356.7,,,,,0.0,0.0,21107.4
666.14,0.0,356.7,,,,,0.0,0.0,21127.7
667.14,0.0,356.7,,,,,0.0,0.0,21135.8
668.14,0.0,356.7,,,,,0.0,0.0,21096.6
669.14,0.0,356.7,,,,,0.0,0.0,21114.4
670.14,0.0,356.7,,,,,0.0,0.0,21136.6
671.14,0.0,356.7,,,,,0.0,0.0,21158.7
672.14,0.0,356.7,,,,,0.0,0.0,21132.4
673.14,0.0,356.7,,,,,0.0,0.0,21136.1
674.14,0.0,356.7,,,,,0.0,0.0,21154.8
675.14,0.0,356.7,,,,,0.0,0.0,21175.1
676.14,0.0,356.7,,,,,0.0,0.0,21209.2
677.14,0.0,356.7,,,,,0.0,0.0,21145.9
678.14,0.0,356.7,,,,,0.0,0.0,21153.6
679.14,0.0,356.7,,,,,0.0,0.0,21175.8
680.14,0.0,356.7,,,,,0.0,0.0,21196.7
681.14,0.0,356.7,,,,,0.0,0.0,21154.3
682.14,0.0,356.7,,,,,0.0,0.0,21158.4
683.14,0.0,356.7,,,,,0.0,0.0,21180.0
684.14,0.0,356.7,,,,,0.0,0.0,21201.1
685.14,0.0,356.7,,,,,0.0,0.0,21171.2
686.14,0.0,356.7,,,,,0.0,0.0,21174.9
687.14,0.0,356.7,,,,,0.0,0.0,21188.7
688.14,0.0,356.7,,,,,0.0,0.0,21209.7
689.14,0.0,356.7,,,,,0.0,0.0,21230.8
690.14,0.0,356.7,,,,,0.0,0.0,21207.7
691.14,0.0,356.7,,,,,0.0,0.0,21216.8
692.14,0.0,356.7,,,,,0.0,0.0,21236.0
693.14,0.0,356.7,,,,,0.0,0.0,21258.4
694.14,0.0,356.7,,,,,0.0,0.0,21228.9
695.14,0.0,356.7,,,,,0.0,0.0,21233.0
696.14,0.0,356.7,,,,,0.0,0.0,21252.0
697.14,0.0,356.7,,,,,0.0,0.0,21272.2
698.14,0.0,356.7,,,,,0.0,0.0,21293.1
699.14,0.0,356.7,,,,,0.0,0.0,21263.8
700.14,0.0,356.7,,,,,0.0,0.0,21270.0
701.14,0.0,356.7,,,,,0.0,0.0,21264.7
702.14,0.0,356.7,,,,,0.0,0.0,21286.0
703.14,0.0,356.7,,,,,0.0,0.0,21267.3
704.14,0.0,356.7,,,,,0.0,0.0,21273.5
705.14,0.0,356.7,,,,,0.0,0.0,21295.3
706.15,0.0,356.7,,,,,0.0,0.0,21315.8
707.15,0.0,356.7,,,,,0.0,0.0,21338.5
708.15,0.0,356.7,,,,,0.0,0.0,21295.0
709.15,0.0,356.7,,,,,0.0,0.0,21307.0
710.15,0.0,356.7,,,,,0.0,0.0,21328.3
711.15,0.0,356.7,,,,,0.0,0.0,21349.0
712.15,0.0,356.7,,,,,0.0,0.0,21296.5
713.15,0.0,356.7,,,,,0.0,0.0,21305.9
714.15,0.0,356.7,,,,,0.0,0.0,21327.6
715.15,0.0,356.7,,,,,0.0,0.0,21349.1
716.15,0.0,356.7,,,,,0.0,0.0,21339.5
717.15,0.0,356.7,,,,,0.0,0.0,21367.8
718.15,0.0,356.7,,,,,0.0,0.0,21384.1
719.15,0.0,356.7,,,,,0.0,0.0,21404.3
720.15,0.0,356.7,,,,,0.0,0.0,21426.5
721.15,0.0,356.7,,,,,0.0,0.0,21329.6
722.15,0.0,356.7,,,,,0.0,0.0,21344.9
723.15,0.0,356.7,,,,,0.0,0.0,21369.2
724.15,0.0,356.7,,,,,0.0,0.0,21391.5
725.15,0.0,356.7,,,,,0.0,0.0,21440.9
726.15,0.0,356.7,,,,,0.0,0.0,21408.8
727.15,0.0,356.7,,,,,0.0,0.0,21416.6
728.15,0.0,356.7,,,,,0.0,0.0,21436.4
729.15,0.0,356.7,,,,,0.0,0.0,21417.7
730.15,0.0,356.7,,,,,0.0,0.0,21446.9
731.15,0.0,356.7,,,,,0.0,0.0,21374.5
732.15,0.0,356.7,,,,,0.0,0.0,21391.4
733.15,0.0,356.7,,,,,0.0,0.0,21411.3
734.15,0.0,356.7,,,,,0.0,0.0,21433.1
735.15,0.0,356.7,,,,,0.0,0.0,21400.7
736.15,0.0,356.7,,,,,0.0,0.0,21410.7
737.15,0.0,356.7,,,,,0.0,0.0,21432.1
738.15,0.0,356.7,,,,,0.0,0.0,21483.7
739.15,0.0,356.7,,,,,0.0,0.0,21392.8
740.15,0.0,356.7,,,,,0.0,0.0,21416.1
741.15,0.0,356.7,,,,,0.0,0.0,21460.5
742.15,0.0,356.7,,,,,0.0,0.0,21480.8
743.15,0.0,356.7,,,,,0.0,0.0,21501.5
744.15,0.0,356.7,,,,,0.0,0.0,21482.4
745.15,0.0,356.7,,,,,0.0,0.0,21488.4
746.15,0.0,356.7,,,,,0.0,0.0,21508.8
747.15,0.0,356.7,,,,,0.0,0.0,21531.2
748.15,0.0,356.7,,,,,0.0,0.0,21483.5
749.15,0.0,356.7,,,,,0.0,0.0,21486.5
750.15,0.0,356.7,,,,,0.0,0.0,21508.3
751.15,0.0,356.7,,,,,0.0,0.0,21529.1
752.15,0.0,356.7,,,,,0.0,0.0,21497.8
753.15,0.0,356.7,,,,,0.0,0.0,21503.1
754.15,0.0,356.7,,,,,0.0,0.0,21523.8
755.15,0.0,356.7,,,,,0.0,0.0,21544.6
756.15,0.0,356.7,,,,,0.0,0.0,21585.3
757.15,0.0,356.7,,,,,0.0,0.0,21542.4
758.15,0.0,356.7,,,,,0.0,0.0,21563.4
759.15,0.0,356.7,,,,,0.0,0.0,21583.6
760.15,0.0,356.7,,,,,0.0,0.0,21606.0
761.15,0.0,356.7,,,,,0.0,0.0,21570.5
762.15,0.0,356.7,,,,,0.0,0.0,21574.8
763.15,0.0,356.7,,,,,0.0,0.0,21591.8
764.15,0.0,356.7,,,,,0.0,0.0,21613.3
765.15,0.0,356.7,,,,,0.0,0.0,21633.6
766.15,0.0,356.7,,,,,0.0,0.0,21570.9
767.15,0.0,356.7,,,,,0.0,0.0,21582.7
768.15,0.0,356.7,,,,,0.0,0.0,21604.3
769.15,0.0,356.7,,,,,0.0,0.0,21648.0
770.15,0.0,356.7,,,,,0.0,0.0,21574.9
771.15,0.0,356.7,,,,,0.0,0.0,21578.9
772.15,0.0,356.7,,,,,0.0,0.0,21616.9
773.15,0.0,356.7,,,,,0.0,0.0,21638.2
774.15,0.0,356.7,,,,,0.0,0.0,21659.4
775.15,0.0,356.7,,,,,0.0,0.0,21625.4
776.15,0.0,356.7,,,,,0.0,0.0,21636.2
777.15,0.0,356.7,,,,,0.0,0.0,21664.6
778.15,0.0,356.7,,,,,0.0,0.0,21684.8
779.16,0.0,356.7,,,,,0.0,0.0,21641.3
780.16,0.0,356.7,,,,,0.0,0.0,21658.3
781.16,0.0,356.7,,,,,0.0,0.0,21671.1
782.16,0.0,356.7,,,,,0.0,0.0,21692.7
783.16,0.0,356.7,,,,,0.0,0.0,21713.4
784.16,0.0,356.7,,,,,0.0,0.0,21667.8
785.16,0.0,356.7,,,,,0.0,0.0,21678.2
786.16,0.0,356.7,,,,,0.0,0.0,21700.0
787.16,0.0,356.7,,,,,0.0,0.0,21721.4
788.16,0.0,356.7,,,,,0.0,0.0,21691.5
789.16,0.0,356.7,,,,,0.0,0.0,21696.4
790.16,0.0,356.7,,,,,0.0,0.0,21716.7
791.16,0.0,356.7,,,,,0.0,0.0,21739.4
792.16,0.0,356.7,,,,,0.0,0.0,21667.8
793.16,0.0,356.7,,,,,0.0,0.0,21671.5
794.16,0.0,356.7,,,,,0.0,0.0,21685.2
795.16,0.0,356.7,,,,,0.0,0.0,21656.3
796.16,0.0,356.7,,,,,0.0,0.0,21667.9
797.16,0.0,356.7,,,,,0.0,0.0,21657.3
798.16,0.0,356.7,,,,,0.0,0.0,21665.8
799.16,0.0,356.7,,,,,0.0,0.0,21663.2
800.16,0.0,356.7,,,,,0.0,0.0,21670.8
801.16,0.0,356.7,,,,,0.0,0.0,21673.7
802.16,0.0,356.7,,,,,0.0,0.0,21679.8
803.16,0.0,356.7,,,,,0.0,0.0,21679.6
804.16,0.0,356.7,,,,,0.0,0.0,21683.3
805.16,0.0,356.7,,,,,0.0,0.0,21685.2
806.16,0.0,356.7,,,,,0.0,0.0,21689.0
807.16,0.0,356.7,,,,,0.0,0.0,21700.9
808.16,0.0,356.7,,,,,0.0,0.0,21704.8
809.16,0.0,356.7,,,,,0.0,0.0,21694.4
810.16,0.0,356.7,,,,,0.0,0.0,21705.0
811.16,0.0,356.7,,,,,0.0,0.0,21715.5
812.16,0.0,356.7,,,,,0.0,0.0,21709.9
813.16,0.0,356.7,,,,,0.0,0.0,21720.2
814.16,0.0,356.7,,,,,0.0,0.0,21722.8
815.16,0.0,356.7,,,,,0.0,0.0,21730.6
816.16,0.0,356.7,,,,,0.0,0.0,21731.4
817.16,0.0,356.7,,,,,0.0,0.0,21739.0
818.16,0.0,356.7,,,,,0.0,0.0,21729.1
819.16,0.0,356.7,,,,,0.0,0.0,21733.3
820.16,0.0,356.7,,,,,0.0,0.0,21744.9
821.16,0.0,356.7,,,,,0.0,0.0,21749.5
822.16,0.0,356.7,,,,,0.0,0.0,21750.6
823.16,0.0,356.7,,,,,0.0,0.0,21754.1
824.16,0.0,356.7,,,,,0.0,0.0,21769.6
825.16,0.0,356.7,,,,,0.0,0.0,21752.6
826.16,0.0,356.7,,,,,0.0,0.0,21767.1
827.16,0.0,356.7,,,,,0.0,0.0,21765.5
828.16,0.0,356.7,,,,,0.0,0.0,21777.5
829.16,0.0,356.7,,,,,0.0,0.0,21768.3
830.16,0.0,356.7,,,,,0.0,0.0,21778.6
831.16,0.0,356.7,,,,,0.0,0.0,21779.3
832.16,0.0,356.7,,,,,0.0,0.0,21789.4
833.16,0.0,356.7,,,,,0.0,0.0,21786.4
834.16,0.0,356.7,,,,,0.0,0.0,21795.1
835.16,0.0,356.7,,,,,0.0,0.0,21791.6
836.16,0.0,356.7,,,,,0.0,0.0,21798.9
837.16,0.0,356.7,,,,,0.0,0.0,21796.0
838.16,0.0,356.7,,,,,0.0,0.0,21800.6
839.16,0.0,356.7,,,,,0.0,0.0,21803.4
840.16,0.0,356.7,,,,,0.0,0.0,21810.5
841.16,0.0,356.7,,,,,0.0,0.0,21816.7
842.16,0.0,356.7,,,,,0.0,0.0,21821.2
843.16,0.0,356.7,,,,,0.0,0.0,21835.8
844.16,0.0,356.7,,,,,0.0,0.0,21823.2
845.16,0.0,356.7,,,,,0.0,0.0,21836.1
846.16,0.0,356.7,,,,,0.0,0.0,21833.8
847.16,0.0,356.7,,,,,0.0,0.0,21844.9
848.16,0.0,356.7,,,,,0.0,0.0,21838.2
849.16,0.0,356.7,,,,,0.0,0.0,21846.9
850.16,0.0,356.7,,,,,0.0,0.0,21849.1
851.16,0.0,356.7,,,,,0.0,0.0,21859.9
852.17,0.0,356.7,,,,,0.0,0.0,21849.8
853.17,0.0,356.7,,,,,0.0,0.0,21856.5
854.17,0.0,356.7,,,,,0.0,0.0,21859.0
855.17,0.0,356.7,,,,,0.0,0.0,21863.3
856.17,0.0,356.7,,,,,0.0,0.0,21872.0
857.17,0.0,356.7,,,,,0.0,0.0,21875.9
858.17,0.0,356.7,,,,,0.0,0.0,21880.0
859.17,0.0,356.7,,,,,0.0,0.0,21900.9
860.17,0.0,356.7,,,,,0.0,0.0,21914.8
861.17,0.0,356.7,,,,,0.0,0.0,21884.2
862.17,0.0,356.7,,,,,0.0,0.0,21898.4
863.17,0.0,356.7,,,,,0.0,0.0,21896.7
864.17,0.0,356.7,,,,,0.0,0.0,21908.4
865.17,0.0,356.7,,,,,0.0,0.0,21913.6
866.17,0.0,356.7,,,,,0.0,0.0,21922.3
867.17,0.0,356.7,,,,,0.0,0.0,21912.4
868.17,0.0,356.7,,,,,0.0,0.0,21920.4
869.17,0.0,356.7,,,,,0.0,0.0,21920.7
870.17,0.0,356.7,,,,,0.0,0.0,21925.2
871.17,0.0,356.7,,,,,0.0,0.0,21919.1
872.17,0.0,356.7,,,,,0.0,0.0,21923.0
873.17,0.0,356.7,,,,,0.0,0.0,21933.9
874.17,0.0,356.7,,,,,0.0,0.0,21937.7
875.17,0.0,356.7,,,,,0.0,0.0,21937.3
876.17,0.0,356.7,,,,,0.0,0.0,21941.4
877.17,0.0,356.7,,,,,0.0,0.0,21955.8
878.17,0.0,356.7,,,,,0.0,0.0,21947.9
879.17,0.0,356.7,,,,,0.0,0.0,21961.0
880.17,0.0,356.7,,,,,0.0,0.0,21954.4
881.17,0.0,356.7,,,,,0.0,0.0,21968.1
882.17,0.0,356.7,,,,,0.0,0.0,21958.8
883.17,0.0,356.7,,,,,0.0,0.0,21967.4
884.17,0.0,356.7,,,,,0.0,0.0,21960.1
885.17,0.0,356.7,,,,,0.0,0.0,21969.5
886.17,0.0,356.7,,,,,0.0,0.0,21975.1
887.17,0.0,356.7,,,,,0.0,0.0,21979.7
888.17,0.0,356.7,,,,,0.0,0.0,21982.9
889.17,0.0,356.7,,,,,0.0,0.0,21987.3
890.17,0.0,356.7,,,,,0.0,0.0,21987.6
891.17,0.0,356.7,,,,,0.0,0.0,22004.2
892.17,0.0,356.7,,,,,0.0,0.0,22017.2
893.17,0.0,356.7,,,,,0.0,0.0,22003.0
894.17,0.0,356.7,,,,,0.0,0.0,22013.8
895.17,0.0,356.7,,,,,0.0,0.0,22013.4
896.17,0.0,356.7,,,,,0.0,0.0,22021.3
897.17,0.0,356.7,,,,,0.0,0.0,22025.4
898.17,0.0,356.7,,,,,0.0,0.0,22030.2
899.17,0.0,356.7,,,,,0.0,0.0,22032.7
900.17,0.0,356.7,,,,,0.0,0.0,22036.8
901.17,0.0,356.7,,,,,0.0,0.0,22042.3
902.17,0.0,356.7,,,,,0.0,0.0,22046.2
903.17,0.0,356.7,,,,,0.0,0.0,22061.9
904.17,0.0,356.7,,,,,0.0,0.0,22051.3
905.17,0.0,356.7,,,,,0.0,0.0,22068.3
906.17,0.0,356.7,,,,,0.0,0.0,22065.2
907.17,0.0,356.7,,,,,0.0,0.0,22076.5
908.17,0.0,356.7,,,,,0.0,0.0,22065.0
909.17,0.0,356.7,,,,,0.0,0.0,22074.9
910.17,0.0,356.7,,,,,0.0,0.0,22067.3
911.17,0.0,356.7,,,,,0.0,0.0,22077.1
912.17,0.0,356.7,,,,,0.0,0.0,22089.0
913.17,0.0,356.7,,,,,0.0,0.0,22097.3
914.17,0.0,356.7,,,,,0.0,0.0,22075.4
915.17,0.0,356.7,,,,,0.0,0.0,22081.8
916.17,0.0,356.7,,,,,0.0,0.0,22094.4
917.17,0.0,356.7,,,,,0.0,0.0,22099.4
918.17,0.0,356.7,,,,,0.0,0.0,22095.8
919.17,0.0,356.7,,,,,0.0,0.0,22099.9
920.17,0.0,356.7,,,,,0.0,0.0,22102.1
921.17,0.0,356.7,,,,,0.0,0.0,22106.4
922.17,0.0,356.7,,,,,0.0,0.0,22111.0
923.18,0.0,356.7,,,,,0.0,0.0,22114.8
924.18,0.0,356.7,,,,,0.0,0.0,22129.2
925.18,0.0,356.7,,,,,0.0,0.0,22118.2
926.18,0.0,356.7,,,,,0.0,0.0,22135.4
927.18,0.0,356.7,,,,,0.0,0.0,22136.6
928.18,0.0,356.7,,,,,0.0,0.0,22148.6
929.18,0.0,356.7,,,,,0.0,0.0,22136.3
930.18,0.0,356.7,,,,,0.0,0.0,22146.7
931.18,0.0,356.7,,,,,0.0,0.0,22140.3
932.18,0.0,356.7,,,,,0.0,0.0,22149.2
933.18,0.0,356.7,,,,,0.0,0.0,22154.6
934.18,0.0,356.7,,,,,0.0,0.0,22160.9
935.18,0.0,356.7,,,,,0.0,0.0,22161.0
936.18,0.0,356.7,,,,,0.0,0.0,22167.0
937.18,0.0,356.7,,,,,0.0,0.0,22165.4
938.18,0.0,356.7,,,,,0.0,0.0,22172.8
939.18,0.0,356.7,,,,,0.0,0.0,22166.8
940.18,0.0,356.7,,,,,0.0,0.0,22173.1
941.18,0.0,356.7,,,,,0.0,0.0,22181.9
942.18,0.0,356.7,,,,,0.0,0.0,22186.0
943.18,0.0,356.7,,,,,0.0,0.0,22192.8
944.18,0.0,356.7,,,,,0.0,0.0,22188.7
945.18,0.0,356.7,,,,,0.0,0.0,22203.5
946.18,0.0,356.7,,,,,0.0,0.0,22197.8
947.18,0.0,356.7,,,,,0.0,0.0,22210.6
948.18,0.0,356.7,,,,,0.0,0.0,22209.9
949.18,0.0,356.7,,,,,0.0,0.0,22220.7
950.18,0.0,356.7,,,,,0.0,0.0,22222.4
951.18,0.0,356.7,,,,,0.0,0.0,22231.9
952.18,0.0,356.7,,,,,0.0,0.0,22215.7
953.18,0.0,356.7,,,,,0.0,0.0,22224.0
954.18,0.0,356.7,,,,,0.0,0.0,22237.3
955.18,0.0,356.7,,,,,0.0,0.0,22244.1
956.18,0.0,356.7,,,,,0.0,0.0,22242.8
957.18,0.0,356.7,,,,,0.0,0.0,22248.0
958.18,0.0,356.7,,,,,0.0,0.0,22246.2
959.18,0.0,356.7,,,,,0.0,0.0,22250.4
960.18,0.0,356.7,,,,,0.0,0.0,22245.7
961.18,0.0,356.7,,,,,0.0,0.0,22251.6
962.18,0.0,356.7,,,,,0.0,0.0,22256.9
963.18,0.0,356.7,,,,,0.0,0.0,22260.9
964.18,0.0,356.7,,,,,0.0,0.0,22272.6
965.18,0.0,356.7,,,,,0.0,0.0,22264.8
966.18,0.0,356.7,,,,,0.0,0.0,22279.9
967.18,0.0,356.7,,,,,0.0,0.0,22284.2
968.18,0.0,356.7,,,,,0.0,0.0,22297.8
969.18,0.0,356.7,,,,,0.0,0.0,22284.0
970.18,0.0,356.7,,,,,0.0,0.0,22295.1
971.18,0.0,356.7,,,,,0.0,0.0,22289.4
972.18,0.0,356.7,,,,,0.0,0.0,22296.5
973.18,0.0,356.7,,,,,0.0,0.0,22300.4
974.18,0.0,356.7,,,,,0.0,0.0,22305.8
975.18,0.0,356.7,,,,,0.0,0.0,22311.7
976.18,0.0,356.7,,,,,0.0,0.0,22315.9
977.18,0.0,356.7,,,,,0.0,0.0,22311.8
978.18,0.0,356.7,,,,,0.0,0.0,22315.7
979.18,0.0,356.7,,,,,0.0,0.0,22319.3
980.18,0.0,356.7,,,,,0.0,0.0,22323.5
981.18,0.0,356.7,,,,,0.0,0.0,22327.2
982.18,0.0,356.7,,,,,0.0,0.0,22331.8
983.18,0.0,356.7,,,,,0.0,0.0,22345.2
984.18,0.0,356.7,,,,,0.0,0.0,22335.0
985.18,0.0,356.7,,,,,0.0,0.0,22346.9
986.18,0.0,356.7,,,,,0.0,0.0,22347.7
987.18,0.0,356.7,,,,,0.0,0.0,22359.5
988.18,0.0,356.7,,,,,0.0,0.0,22340.9
989.18,0.0,356.7,,,,,0.0,0.0,22352.8
990.18,0.0,356.7,,,,,0.0,0.0,22351.4
991.18,0.0,356.7,,,,,0.0,0.0,22357.4
992.19,0.0,356.7,,,,,0.0,0.0,22359.4
993.19,0.0,356.7,,,,,0.0,0.0,22365.6
994.19,0.0,356.7,,,,,0.0,0.0,22357.3
995.19,0.0,356.7,,,,,0.0,0.0,22365.7
996.19,0.0,356.7,,,,,0.0,0.0,22369.9
997.19,0.0,356.7,,,,,0.0,0.0,22373.8
998.19,0.0,356.7,,,,,0.0,0.0,22389.7
999.19,0.0,356.7,,,,,0.0,0.0,22380.1
1000.19,0.0,356.7,,,,,0.0,0.0,22397.0
1001.19,0.0,356.7,,,,,0.0,0.0,22391.3
1002.19,0.0,356.7,,,,,0.0,0.0,22401.4
1003.19,0.0,356.7,,,,,0.0,0.0,22398.5
1004.19,0.0,356.7,,,,,0.0,0.0,22406.6
1005.19,0.0,356.7,,,,,0.0,0.0,22406.0
1006.19,0.0,356.7,,,,,0.0,0.0,22411.8
1007.19,0.0,356.7,,,,,0.0,0.0,22419.7
1008.19,0.0,356.7,,,,,0.0,0.0,22425.2
1009.19,0.0,356.7,,,,,0.0,0.0,22413.1
1010.19,0.0,356.7,,,,,0.0,0.0,22417.0
1011.19,0.0,356.7,,,,,0.0,0.0,22431.9
1012.19,0.0,356.7,,,,,0.0,0.0,22435.7
1013.19,0.0,356.7,,,,,0.0,0.0,22450.5
1014.19,0.0,356.7,,,,,0.0,0.0,22445.1
1015.19,0.0,356.7,,,,,0.0,0.0,22457.7
1016.19,0.0,356.7,,,,,0.0,0.0,22445.5
1017.19,0.0,356.7,,,,,0.0,0.0,22458.8
1018.19,0.0,356.7,,,,,0.0,0.0,22450.7
1019.19,0.0,356.7,,,,,0.0,0.0,22462.2
1020.19,0.0,356.7,,,,,0.0,0.0,22461.1
1021.19,0.0,356.7,,,,,0.0,0.0,22469.3
1022.19,0.0,356.7,,,,,0.0,0.0,22469.5
1023.19,0.0,356.7,,,,,0.0,0.0,22476.8
1024.19,0.0,356.7,,,,,0.0,0.0,22473.8
1025.19,0.0,356.7,,,,,0.0,0.0,22482.2
1026.19,0.0,356.7,,,,,0.0,0.0,22482.6
1027.19,0.0,356.7,,,,,0.0,0.0,22486.5
1028.19,0.0,356.7,,,,,0.0,0.0,22497.3
1029.19,0.0,356.7,,,,,0.0,0.0,22501.4
1030.19,0.0,356.7,,,,,0.0,0.0,22506.8
1031.19,0.0,356.7,,,,,0.0,0.0,22505.9
1032.19,0.0,356.7,,,,,0.0,0.0,22520.5
1033.19,0.0,356.7,,,,,0.0,0.0,22510.8
1034.19,0.0,356.7,,,,,0.0,0.0,22522.4
1035.19,0.0,356.7,,,,,0.0,0.0,22511.1
1036.19,0.0,356.7,,,,,0.0,0.0,22522.3
1037.19,0.0,356.7,,,,,0.0,0.0,22526.6
1038.19,0.0,356.7,,,,,0.0,0.0,22536.5
1039.19,0.0,356.7,,,,,0.0,0.0,22533.9
1040.19,0.0,356.7,,,,,0.0,0.0,22542.8
1041.19,0.0,356.7,,,,,0.0,0.0,22531.5
1042.19,0.0,356.7,,,,,0.0,0.0,22540.1
1043.19,0.0,356.7,,,,,0.0,0.0,22551.1
1044.19,0.0,356.7,,,,,0.0,0.0,22554.8
1045.19,0.0,356.7,,,,,0.0,0.0,22547.8
1046.19,0.0,356.7,,,,,0.0,0.0,22552.3
1047.19,0.0,356.7,,,,,0.0,0.0,22557.7
1048.19,0.0,356.7,,,,,0.0,0.0,22560.9
1049.19,0.0,356.7,,,,,0.0,0.0,22573.1
1050.19,0.0,356.7,,,,,0.0,0.0,22575.2
1051.19,0.0,356.7,,,,,0.0,0.0,22588.3
1052.19,0.0,356.7,,,,,0.0,0.0,22571.0
1053.19,0.0,356.7,,,,,0.0,0.0,22578.9
1054.19,0.0,356.7,,,,,0.0,0.0,22584.9
1055.19,0.0,356.7,,,,,0.0,0.0,22593.1
1056.19,0.0,356.7,,,,,0.0,0.0,22591.6
1057.19,0.0,356.7,,,,,0.0,0.0,22596.7
1058.19,0.0,356.7,,,,,0.0,0.0,22613.3
1059.2,0.0,356.7,,,,,0.0,0.0,22617.2
1060.2,0.0,356.7,,,,,0.0,0.0,22608.6
1061.2,0.0,356.7,,,,,0.0,0.0,22613.2
1062.2,0.0,356.7,,,,,0.0,0.0,22628.1
1063.2,0.0,356.7,,,,,0.0,0.0,22623.8
1064.2,0.0,356.7,,,,,0.0,0.0,22637.0
1065.2,0.0,356.7,,,,,0.0,0.0,22630.0
1066.2,0.0,356.7,,,,,0.0,0.0,22642.6
1067.2,0.0,356.7,,,,,0.0,0.0,22639.3
1068.2,0.0,356.7,,,,,0.0,0.0,22650.7
1069.2,0.0,356.7,,,,,0.0,0.0,22639.6
1070.2,0.0,356.7,,,,,0.0,0.0,22649.8
1071.2,0.0,356.7,,,,,0.0,0.0,22655.2
1072.2,0.0,356.7,,,,,0.0,0.0,22664.2
1073.2,0.0,356.7,,,,,0.0,0.0,22672.2
1074.2,0.0,356.7,,,,,0.0,0.0,22678.1
1075.2,0.0,356.7,,,,,0.0,0.0,22661.7
1076.2,0.0,356.7,,,,,0.0,0.0,22666.5
1077.2,0.0,356.7,,,,,0.0,0.0,22673.0
1078.2,0.0,356.7,,,,,0.0,0.0,22676.9
1079.2,0.0,356.7,,,,,0.0,0.0,22676.4
1080.2,0.0,356.7,,,,,0.0,0.0,22680.2
1081.2,0.0,356.7,,,,,0.0,0.0,22691.0
1082.2,0.0,356.7,,,,,0.0,0.0,22694.9
1083.2,0.0,356.7,,,,,0.0,0.0,22691.3
1084.2,0.0,356.7,,,,,0.0,0.0,22702.3
1085.2,0.0,356.7,,,,,0.0,0.0,22716.3
1086.2,0.0,356.7,,,,,0.0,0.0,22712.4
1087.2,0.0,356.7,,,,,0.0,0.0,22712.7
1088.2,0.0,356.7,,,,,0.0,0.0,22705.5
1089.2,0.0,356.7,,,,,0.0,0.0,22716.5
1090.2,0.0,356.7,,,,,0.0,0.0,22705.1
1091.2,0.0,356.7,,,,,0.0,0.0,22714.5
1092.2,0.0,356.7,,,,,0.0,0.0,22716.5
1093.2,0.0,356.7,,,,,0.0,0.0,22725.5
1094.2,0.0,356.7,,,,,0.0,0.0,22729.9
1095.2,0.0,356.7,,,,,0.0,0.0,22736.9
1096.2,0.0,356.7,,,,,0.0,0.0,22727.7
1097.2,0.0,356.7,,,,,0.0,0.0,22734.3
1098.2,0.0,356.7,,,,,0.0,0.0,22744.0
1099.2,0.0,356.7,,,,,0.0,0.0,22748.6
1100.2,0.0,356.7,,,,,0.0,0.0,22740.2
1101.2,0.0,356.7,,,,,0.0,0.0,22746.6
1102.2,0.0,356.7,,,,,0.0,0.0,22749.0
1103.2,0.0,356.7,,,,,0.0,0.0,22753.2
1104.2,0.0,356.7,,,,,0.0,0.0,22769.0
1105.2,0.0,356.7,,,,,0.0,0.0,22762.5
1106.2,0.0,356.7,,,,,0.0,0.0,22781.0
1107.2,0.0,356.7,,,,,0.0,0.0,22782.4
1108.2,0.0,356.7,,,,,0.0,0.0,22796.0
1109.2,0.0,356.7,,,,,0.0,0.0,22776.7
1110.2,0.0,356.7,,,,,0.0,0.0,22788.1
1111.2,0.0,356.7,,,,,0.0,0.0,22783.1
1112.2,0.0,356.7,,,,,0.0,0.0,22765.7
1113.2,0.0,356.7,,,,,0.0,0.0,22769.9
1114.2,0.0,356.7,,,,,0.0,0.0,22773.8
1115.2,0.0,356.7,,,,,0.0,0.0,22782.5
1116.2,0.0,356.7,,,,,0.0,0.0,22780.3
1117.2,0.0,356.7,,,,,0.0,0.0,22747.9
1118.2,0.0,356.7,,,,,0.0,0.0,22744.1
1119.2,0.0,356.7,,,,,0.0,0.0,22748.8
1120.2,0.0,356.7,,,,,0.0,0.0,22753.3
1121.2,0.0,356.7,,,,,0.0,0.0,22761.6
1122.2,0.0,356.7,,,,,0.0,0.0,22762.9
1123.2,0.0,356.7,,,,,0.0,0.0,22768.8
1124.2,0.0,356.7,,,,,0.0,0.0,22766.9
1125.2,0.0,356.7,,,,,0.0,0.0,22775.9
1126.2,0.0,356.7,,,,,0.0,0.0,22783.1
1127.2,0.0,356.7,,,,,0.0,0.0,22784.9
1128.2,0.0,356.7,,,,,0.0,0.0,22780.8
1129.2,0.0,356.7,,,,,0.0,0.0,22796.4
1130.2,0.0,356.7,,,,,0.0,0.0,22795.7
1131.2,0.0,356.7,,,,,0.0,0.0,22799.9
1132.2,0.0,356.7,,,,,0.0,0.0,22793.8
1133.2,0.0,356.7,,,,,0.0,0.0,22797.5
1134.2,0.0,356.7,,,,,0.0,0.0,22805.2
1135.2,0.0,356.7,,,,,0.0,0.0,22814.1
1136.21,0.0,356.7,,,,,0.0,0.0,22818.4
1137.21,0.0,356.7,,,,,0.0,0.0,22816.6
1138.21,0.0,356.7,,,,,0.0,0.0,22819.8
1139.21,0.0,356.7,,,,,0.0,0.0,22830.2
1140.21,0.0,356.7,,,,,0.0,0.0,22827.7
1141.21,0.0,356.7,,,,,0.0,0.0,22832.5
1142.21,0.0,356.7,,,,,0.0,0.0,22834.9
1143.21,0.0,356.7,,,,,0.0,0.0,22845.0
1144.21,0.0,356.7,,,,,0.0,0.0,22842.2
1145.21,0.0,356.7,,,,,0.0,0.0,22783.7
1146.21,0.0,356.7,,,,,0.0,0.0,22779.9
1147.21,0.0,356.7,,,,,0.0,0.0,22790.6
1148.21,0.0,356.7,,,,,0.0,0.0,22798.6
1149.21,0.0,356.7,,,,,0.0,0.0,22796.2
1150.21,0.0,356.7,,,,,0.0,0.0,22801.3
1151.21,0.0,356.7,,,,,0.0,0.0,22800.6
1152.21,0.0,356.7,,,,,0.0,0.0,22725.2
1153.21,0.0,356.7,,,,,0.0,0.0,22685.7
1154.21,0.0,356.7,,,,,0.0,0.0,22690.1
1155.21,0.0,356.7,,,,,0.0,0.0,22689.7
1156.21,0.0,356.7,,,,,0.0,0.0,22699.2
1157.21,0.0,356.7,,,,,0.0,0.0,22704.4
1158.21,0.0,356.7,,,,,0.0,0.0,22709.7
1159.21,0.0,356.7,,,,,0.0,0.0,22714.9
1160.21,0.0,356.7,,,,,0.0,0.0,22718.9
1161.21,0.0,356.7,,,,,0.0,0.0,22712.4
1162.21,0.0,356.7,,,,,0.0,0.0,22713.9
1163.21,0.0,356.7,,,,,0.0,0.0,22714.2
1164.21,0.0,356.7,,,,,0.0,0.0,22714.8
1165.21,0.0,356.7,,,,,0.0,0.0,22718.0
1166.21,0.0,356.7,,,,,0.0,0.0,22726.2
1167.21,0.0,356.7,,,,,0.0,0.0,22726.1
1168.21,0.0,356.7,,,,,0.0,0.0,22729.3
1169.21,0.0,356.7,,,,,0.0,0.0,22732.1
1170.21,0.0,356.7,,,,,0.0,0.0,22735.0
1171.21,0.0,356.7,,,,,0.0,0.0,22737.9
1172.21,0.0,356.7,,,,,0.0,0.0,22742.9
1173.21,0.0,356.7,,,,,0.0,0.0,22746.1
1174.21,0.0,356.7,,,,,0.0,0.0,22749.1
1175.21,0.0,356.7,,,,,0.0,0.0,22752.0
1176.21,0.0,356.7,,,,,0.0,0.0,22753.2
1177.21,0.0,356.7,,,,,0.0,0.0,22758.1
1178.21,0.0,356.7,,,,,0.0,0.0,22758.1
1179.21,0.0,356.7,,,,,0.0,0.0,22760.6
1180.21,0.0,356.7,,,,,0.0,0.0,22766.5
1181.21,0.0,356.7,,,,,0.0,0.0,22766.3
1182.21,0.0,356.7,,,,,0.0,0.0,22767.3
1183.21,0.0,356.7,,,,,0.0,0.0,22742.1
1184.21,0.0,356.7,,,,,0.0,0.0,22675.2
1185.21,0.0,356.7,,,,,0.0,0.0,22676.2
1186.21,0.0,356.7,,,,,0.0,0.0,22680.5
1187.21,0.0,356.7,,,,,0.0,0.0,22681.2
1188.21,0.0,356.7,,,,,0.0,0.0,22688.2
1189.21,0.0,356.7,,,,,0.0,0.0,22688.9
1190.21,0.0,356.7,,,,,0.0,0.0,22694.9
1191.21,0.0,356.7,,,,,0.0,0.0,22706.7
1192.21,0.0,356.7,,,,,0.0,0.0,22711.2
1193.21,0.0,356.7,,,,,0.0,0.0,22717.2
1194.21,0.0,356.7,,,,,0.0,0.0,22720.3
1195.21,0.0,356.7,,,,,0.0,0.0,22725.3
1196.21,0.0,356.7,,,,,0.0,0.0,22727.1
1197.21,0.0,356.7,,,,,0.0,0.0,22731.4
1198.21,0.0,356.7,,,,,0.0,0.0,22732.8
1199.21,0.0,356.7,,,,,0.0,0.0,22739.1
1200.21,0.0,356.7,,,,,0.0,0.0,22743.7
1201.21,0.0,356.7,,,,,0.0,0.0,22748.8
1202.21,0.0,356.7,,,,,0.0,0.0,22742.8
1203.21,0.0,356.7,,,,,0.0,0.0,22756.7
1204.21,0.0,356.7,,,,,0.0,0.0,22752.4
1205.21,0.0,356.7,,,,,0.0,0.0,22756.1
1206.21,0.0,356.7,,,,,0.0,0.0,22765.1
1207.21,0.0,356.7,,,,,0.0,0.0,22654.4
1208.21,0.0,356.7,,,,,0.0,0.0,22658.4
1209.21,0.0,356.7,,,,,0.0,0.0,22661.3
1210.21,0.0,356.7,,,,,0.0,0.0,22665.1
1211.21,0.0,356.7,,,,,0.0,0.0,22668.2
1212.21,0.0,356.7,,,,,0.0,0.0,22604.1
1213.21,0.0,356.7,,,,,0.0,0.0,22539.7
1214.21,0.0,356.7,,,,,0.0,0.0,22539.5
1215.21,0.0,356.7,,,,,0.0,0.0,22406.0
1216.22,0.0,356.7,,,,,0.0,0.0,22378.4
1217.22,0.0,356.7,,,,,0.0,0.0,22280.6
1218.22,0.0,356.7,,,,,0.0,0.0,22227.7
1219.22,0.0,356.7,,,,,0.0,0.0,22184.9
1220.22,0.0,356.7,,,,,0.0,0.0,22132.9
1221.22,0.0,356.7,,,,,0.0,0.0,22136.8
1222.22,0.0,356.7,,,,,0.0,0.0,22144.0
1223.22,0.0,356.7,,,,,0.0,0.0,22146.4
1224.22,0.0,356.7,,,,,0.0,0.0,22153.4
1225.22,0.0,356.7,,,,,0.0,0.0,22157.8
1226.22,0.0,356.7,,,,,0.0,0.0,22157.6
1227.22,0.0,356.7,,,,,0.0,0.0,22162.1
1228.22,0.0,356.7,,,,,0.0,0.0,22165.9
1229.22,0.0,356.7,,,,,0.0,0.0,22173.1
1230.22,0.0,356.7,,,,,0.0,0.0,22172.6
1231.22,0.0,356.7,,,,,0.0,0.0,22173.3
1232.22,0.0,356.7,,,,,0.0,0.0,22179.8
1233.22,0.0,356.7,,,,,0.0,0.0,22184.9
1234.22,0.0,356.7,,,,,0.0,0.0,22185.5
1235.22,0.0,356.7,,,,,0.0,0.0,22190.6
1236.22,0.0,356.7,,,,,0.0,0.0,22195.1
1237.22,0.0,356.7,,,,,0.0,0.0,22195.7
1238.22,0.0,356.7,,,,,0.0,0.0,22199.8
1239.22,0.0,356.7,,,,,0.0,0.0,22199.3
1240.22,0.0,356.7,,,,,0.0,0.0,22205.6
1241.22,0.0,356.7,,,,,0.0,0.0,22211.9
1242.22,0.0,356.7,,,,,0.0,0.0,22218.1
1243.22,0.0,356.7,,,,,0.0,0.0,22219.6
1244.22,0.0,356.7,,,,,0.0,0.0,22219.7
1245.22,0.0,356.7,,,,,0.0,0.0,22226.6
1246.22,0.0,356.7,,,,,0.0,0.0,22216.9
1247.22,0.0,356.7,,,,,0.0,0.0,22229.6
1248.22,0.0,356.7,,,,,0.0,0.0,22238.2
1249.22,0.0,356.7,,,,,0.0,0.0,22235.6
1250.22,0.0,356.7,,,,,0.0,0.0,22244.6
1251.22,0.0,356.7,,,,,0.0,0.0,22248.4
1252.22,0.0,356.7,,,,,0.0,0.0,22251.8
1253.22,0.0,356.7,,,,,0.0,0.0,22253.8
1254.22,0.0,356.7,,,,,0.0,0.0,22253.5
1255.22,0.0,356.7,,,,,0.0,0.0,22257.6
1256.22,0.0,356.7,,,,,0.0,0.0,22261.9
1257.22,0.0,356.7,,,,,0.0,0.0,22266.2
1258.22,0.0,356.7,,,,,0.0,0.0,22267.9
1259.22,0.0,356.7,,,,,0.0,0.0,22272.2
1260.22,0.0,356.7,,,,,0.0,0.0,22276.5
1261.22,0.0,356.7,,,,,0.0,0.0,22279.8
1262.22,0.0,356.7,,,,,0.0,0.0,22282.8
1263.22,0.0,356.7,,,,,0.0,0.0,22287.3
1264.22,0.0,356.7,,,,,0.0,0.0,22296.0
1265.22,0.0,356.7,,,,,0.0,0.0,22298.5
1266.22,0.0,356.7,,,,,0.0,0.0,22292.8
1267.22,0.0,356.7,,,,,0.0,0.0,22299.0
1268.22,0.0,356.7,,,,,0.0,0.0,22301.9
1269.22,0.0,356.7,,,,,0.0,0.0,22309.2
1270.22,0.0,356.7,,,,,0.0,0.0,22315.5
1271.22,0.0,356.7,,,,,0.0,0.0,22314.7
1272.22,0.0,356.7,,,,,0.0,0.0,22318.2
1273.22,0.0,356.7,,,,,0.0,0.0,22327.3
1274.22,0.0,356.7,,,,,0.0,0.0,22326.0
1275.22,0.0,356.7,,,,,0.0,0.0,22335.5
1276.22,0.0,356.7,,,,,0.0,0.0,22337.3
1277.22,0.0,356.7,,,,,0.0,0.0,22341.3
1278.22,0.0,356.7,,,,,0.0,0.0,22345.4
1279.22,0.0,356.7,,,,,0.0,0.0,22351.8
1280.22,0.0,356.7,,,,,0.0,0.0,22358.3
1281.22,0.0,356.7,,,,,0.0,0.0,22367.9
1282.22,0.0,356.7,,,,,0.0,0.0,22377.1
1283.22,0.0,356.7,,,,,0.0,0.0,22364.9
1284.22,0.0,356.7,,,,,0.0,0.0,22368.6
1285.22,0.0,356.7,,,,,0.0,0.0,22372.3
1286.22,0.0,356.7,,,,,0.0,0.0,22377.3
1287.23,0.0,356.7,,,,,0.0,0.0,22383.7
1288.23,0.0,356.7,,,,,0.0,0.0,22389.7
1289.23,0.0,356.7,,,,,0.0,0.0,22391.0
1290.23,0.0,356.7,,,,,0.0,0.0,22390.2
1291.23,0.0,356.7,,,,,0.0,0.0,22402.0
1292.23,0.0,356.7,,,,,0.0,0.0,22405.9
1293.23,0.0,356.7,,,,,0.0,0.0,22408.3
1294.23,0.0,356.7,,,,,0.0,0.0,22416.6
1295.23,0.0,356.7,,,,,0.0,0.0,22407.0
1296.23,0.0,356.7,,,,,0.0,0.0,22412.1
1297.23,0.0,356.7,,,,,0.0,0.0,22415.9
1298.23,0.0,356.7,,,,,0.0,0.0,22418.9
1299.23,0.0,356.7,,,,,0.0,0.0,22424.0
1300.23,0.0,356.7,,,,,0.0,0.0,22423.7
1301.23,0.0,356.7,,,,,0.0,0.0,22433.5
1302.23,0.0,356.7,,,,,0.0,0.0,22431.8
1303.23,0.0,356.7,,,,,0.0,0.0,22435.2
1304.23,0.0,356.7,,,,,0.0,0.0,22439.1
1305.23,0.0,356.7,,,,,0.0,0.0,22452.6
1306.23,0.0,356.7,,,,,0.0,0.0,22459.7
1307.23,0.0,356.7,,,,,0.0,0.0,22451.6
1308.23,0.0,356.7,,,,,0.0,0.0,22455.8
1309.23,0.0,356.7,,,,,0.0,0.0,22448.2
1310.23,0.0,356.7,,,,,0.0,0.0,22452.4
1311.23,0.0,356.7,,,,,0.0,0.0,22451.8
1312.23,0.0,356.7,,,,,0.0,0.0,22446.0
1313.23,0.0,356.7,,,,,0.0,0.0,22443.3
1314.23,0.0,356.7,,,,,0.0,0.0,22447.4
1315.23,0.0,356.7,,,,,0.0,0.0,22455.5
1316.23,0.0,356.7,,,,,0.0,0.0,22459.3
1317.23,0.0,356.7,,,,,0.0,0.0,22461.9
1318.23,0.0,356.7,,,,,0.0,0.0,22460.4
1319.23,0.0,356.7,,,,,0.0,0.0,22468.0
1320.23,0.0,356.7,,,,,0.0,0.0,22469.1
1321.23,0.0,356.7,,,,,0.0,0.0,22479.7
1322.23,0.0,356.7,,,,,0.0,0.0,22476.7
1323.23,0.0,356.7,,,,,0.0,0.0,22484.9
1324.23,0.0,356.7,,,,,0.0,0.0,22484.0
1325.23,0.0,356.7,,,,,0.0,0.0,22489.9
1326.23,0.0,356.7,,,,,0.0,0.0,22496.0
1327.23,0.0,356.7,,,,,0.0,0.0,22497.5
1328.23,0.0,356.7,,,,,0.0,0.0,22505.3
1329.23,0.0,356.7,,,,,0.0,0.0,22502.9
1330.23,0.0,356.7,,,,,0.0,0.0,22510.6
1331.23,0.0,356.7,,,,,0.0,0.0,22510.1
1332.23,0.0,356.7,,,,,0.0,0.0,22515.7
1333.23,0.0,356.7,,,,,0.0,0.0,22518.6
1334.23,0.0,356.7,,,,,0.0,0.0,22521.7
1335.23,0.0,356.7,,,,,0.0,0.0,22529.6
1336.23,0.0,356.7,,,,,0.0,0.0,22526.4
1337.23,0.0,356.7,,,,,0.0,0.0,22532.0
1338.23,0.0,356.7,,,,,0.0,0.0,22532.1
1339.23,0.0,356.7,,,,,0.0,0.0,22537.8
1340.23,0.0,356.7,,,,,0.0,0.0,22539.9
1341.23,0.0,356.7,,,,,0.0,0.0,22550.9
1342.23,0.0,356.7,,,,,0.0,0.0,22551.8
1343.23,0.0,356.7,,,,,0.0,0.0,22558.8
1344.23,0.0,356.7,,,,,0.0,0.0,22562.4
1345.23,0.0,356.7,,,,,0.0,0.0,22564.9
1346.23,0.0,356.7,,,,,0.0,0.0,22568.8
1347.23,0.0,356.7,,,,,0.0,0.0,22576.5
1348.23,0.0,356.7,,,,,0.0,0.0,22572.8
1349.23,0.0,356.7,,,,,0.0,0.0,22577.2
1350.23,0.0,356.7,,,,,0.0,0.0,22578.2
1351.23,0.0,356.7,,,,,0.0,0.0,22579.5
1352.23,0.0,356.7,,,,,0.0,0.0,22587.9
1353.23,0.0,356.7,,,,,0.0,0.0,22591.4
1354.23,0.0,356.7,,,,,0.0,0.0,22595.1
1355.24,0.0,356.7,,,,,0.0,0.0,22599.5
1356.24,0.0,356.7,,,,,0.0,0.0,22603.6
1357.24,0.0,356.7,,,,,0.0,0.0,22603.7
1358.24,0.0,356.7,,,,,0.0,0.0,22608.5
1359.24,0.0,356.7,,,,,0.0,0.0,22607.4
1360.24,0.0,356.7,,,,,0.0,0.0,22619.4
1361.24,0.0,356.7,,,,,0.0,0.0,22625.5
1362.24,0.0,356.7,,,,,0.0,0.0,22625.2
1363.24,0.0,356.7,,,,,0.0,0.0,22629.6
1364.24,0.0,356.7,,,,,0.0,0.0,22635.6
1365.24,0.0,356.7,,,,,0.0,0.0,22642.2
1366.24,0.0,356.7,,,,,0.0,0.0,22643.0
1367.24,0.0,356.7,,,,,0.0,0.0,22643.1
1368.24,0.0,356.7,,,,,0.0,0.0,22651.0
1369.24,0.0,356.7,,,,,0.0,0.0,22651.5
1370.24,0.0,356.7,,,,,0.0,0.0,22650.6
1371.24,0.0,356.7,,,,,0.0,0.0,22654.6
1372.24,0.0,356.7,,,,,0.0,0.0,22622.2
1373.24,0.0,356.7,,,,,0.0,0.0,22620.9
1374.24,0.0,356.7,,,,,0.0,0.0,22629.7
1375.24,0.0,356.7,,,,,0.0,0.0,22636.3
1376.24,0.0,356.7,,,,,0.0,0.0,22641.1
1377.24,0.0,356.7,,,,,0.0,0.0,22644.1
1378.24,0.0,356.7,,,,,0.0,0.0,22634.6
1379.24,0.0,356.7,,,,,0.0,0.0,22647.0
1380.24,0.0,356.7,,,,,0.0,0.0,22653.3
1381.24,0.0,356.7,,,,,0.0,0.0,22658.1
1382.24,0.0,356.7,,,,,0.0,0.0,22665.5
1383.24,0.0,356.7,,,,,0.0,0.0,22670.0
1384.24,0.0,356.7,,,,,0.0,0.0,22668.6
1385.24,0.0,356.7,,,,,0.0,0.0,22673.6
1386.24,0.0,356.7,,,,,0.0,0.0,22676.8
1387.24,0.0,356.7,,,,,0.0,0.0,22679.6
1388.24,0.0,356.7,,,,,0.0,0.0,22681.5
1389.24,0.0,356.7,,,,,0.0,0.0,22692.7
1390.24,0.0,356.7,,,,,0.0,0.0,22691.2
1391.24,0.0,356.7,,,,,0.0,0.0,22700.0
1392.24,0.0,356.7,,,,,0.0,0.0,22698.6
1393.24,0.0,356.7,,,,,0.0,0.0,22706.3
1394.24,0.0,356.7,,,,,0.0,0.0,22712.6
1395.24,0.0,356.7,,,,,0.0,0.0,22712.1
1396.24,0.0,356.7,,,,,0.0,0.0,22715.6
1397.24,0.0,356.7,,,,,0.0,0.0,22720.1
1398.24,0.0,356.7,,,,,0.0,0.0,22723.5
1399.24,0.0,356.7,,,,,0.0,0.0,22645.7
1400.24,0.0,356.7,,,,,0.0,0.0,22636.7
1401.24,0.0,356.7,,,,,0.0,0.0,22656.6
1402.24,0.0,356.7,,,,,0.0,0.0,22656.7
1403.24,0.0,356.7,,,,,0.0,0.0,22661.6
1404.24,0.0,356.7,,,,,0.0,0.0,22669.9
1405.24,0.0,356.7,,,,,0.0,0.0,22668.7
1406.24,0.0,356.7,,,,,0.0,0.0,22672.3
1407.24,0.0,356.7,,,,,0.0,0.0,22672.8
1408.24,0.0,356.7,,,,,0.0,0.0,22677.0
1409.24,0.0,356.7,,,,,0.0,0.0,22679.4
1410.24,0.0,356.7,,,,,0.0,0.0,22684.6
1411.24,0.0,356.7,,,,,0.0,0.0,22688.1
1412.24,0.0,356.7,,,,,0.0,0.0,22694.5
1413.24,0.0,356.7,,,,,0.0,0.0,22693.9
1414.24,0.0,356.7,,,,,0.0,0.0,22694.9
1415.24,0.0,356.7,,,,,0.0,0.0,22699.3
1416.24,0.0,356.7,,,,,0.0,0.0,22703.7
1417.24,0.0,356.7,,,,,0.0,0.0,22711.3
1418.24,0.0,356.7,,,,,0.0,0.0,22713.5
1419.24,0.0,356.7,,,,,0.0,0.0,22723.6
1420.24,0.0,356.7,,,,,0.0,0.0,22723.4
1421.24,0.0,356.7,,,,,0.0,0.0,22727.1
1422.24,0.0,356.7,,,,,0.0,0.0,22730.3
1423.25,0.0,356.7,,,,,0.0,0.0,22734.1
1424.25,0.0,356.7,,,,,0.0,0.0,22740.0
1425.25,0.0,356.7,,,,,0.0,0.0,22741.9
1426.25,0.0,356.7,,,,,0.0,0.0,22741.7
1427.25,0.0,356.7,,,,,0.0,0.0,22661.8
1428.25,0.0,356.7,,,,,0.0,0.0,22659.7
1429.25,0.0,356.7,,,,,0.0,0.0,22664.6
1430.25,0.0,356.7,,,,,0.0,0.0,22667.1
1431.25,0.0,356.7,,,,,0.0,0.0,22672.7
1432.25,0.0,356.7,,,,,0.0,0.0,22673.5
1433.25,0.0,356.7,,,,,0.0,0.0,22682.0
1434.25,0.0,356.7,,,,,0.0,0.0,22686.8
1435.25,0.0,356.7,,,,,0.0,0.0,22691.6
1436.25,0.0,356.7,,,,,0.0,0.0,22681.9
1437.25,0.0,356.7,,,,,0.0,0.0,22635.0
1438.25,0.0,356.7,,,,,0.0,0.0,22626.4
1439.25,0.0,356.7,,,,,0.0,0.0,22632.1
1440.25,0.0,356.7,,,,,0.0,0.0,22636.2
1441.25,0.0,356.7,,,,,0.0,0.0,22636.0
1442.25,0.0,356.7,,,,,0.0,0.0,22642.4
1443.25,0.0,356.7,,,,,0.0,0.0,22627.7
1444.25,0.0,356.7,,,,,0.0,0.0,22650.6
1445.25,0.0,356.7,,,,,0.0,0.0,22653.5
1446.25,0.0,356.7,,,,,0.0,0.0,22653.2
1447.25,0.0,356.7,,,,,0.0,0.0,22657.0
1448.25,0.0,356.7,,,,,0.0,0.0,22641.2
1449.25,0.0,356.7,,,,,0.0,0.0,22639.1
1450.25,0.0,356.7,,,,,0.0,0.0,22643.3
1451.25,0.0,356.7,,,,,0.0,0.0,22647.3
1452.25,0.0,356.7,,,,,0.0,0.0,22651.3
1453.25,0.0,356.7,,,,,0.0,0.0,22656.4
1454.25,0.0,356.7,,,,,0.0,0.0,22656.5
1455.25,0.0,356.7,,,,,0.0,0.0,22663.4
1456.25,0.0,356.7,,,,,0.0,0.0,22671.8
1457.25,0.0,356.7,,,,,0.0,0.0,22669.7
1458.25,0.0,356.7,,,,,0.0,0.0,22678.6
1459.25,0.0,356.7,,,,,0.0,0.0,22682.6
1460.25,0.0,356.7,,,,,0.0,0.0,22681.2
1461.25,0.0,356.7,,,,,0.0,0.0,22688.1
1462.25,0.0,356.7,,,,,0.0,0.0,22690.8
1463.25,0.0,356.7,,,,,0.0,0.0,22690.0
1464.25,0.0,356.7,,,,,0.0,0.0,22570.8
1465.25,0.0,356.7,,,,,0.0,0.0,22568.6
1466.25,0.0,356.7,,,,,0.0,0.0,22574.7
1467.25,0.0,356.7,,,,,0.0,0.0,22553.3
1468.25,0.0,356.7,,,,,0.0,0.0,22556.6
1469.25,0.0,356.7,,,,,0.0,0.0,22560.1
1470.25,0.0,356.7,,,,,0.0,0.0,22565.5
1471.25,0.0,356.7,,,,,0.0,0.0,22568.5
1472.25,0.0,356.7,,,,,0.0,0.0,22575.0
1473.25,0.0,356.7,,,,,0.0,0.0,22578.8
1474.25,0.0,356.7,,,,,0.0,0.0,22583.4
1475.25,0.0,356.7,,,,,0.0,0.0,22587.8
1476.25,0.0,356.7,,,,,0.0,0.0,22591.9
1477.25,0.0,356.7,,,,,0.0,0.0,22592.1
1478.25,0.0,356.7,,,,,0.0,0.0,22600.2
1479.25,0.0,356.7,,,,,0.0,0.0,22602.2
1480.25,0.0,356.7,,,,,0.0,0.0,22606.4
1481.26,0.0,356.7,,,,,0.0,0.0,22610.5
1482.26,0.0,356.7,,,,,0.0,0.0,22614.7
1483.26,0.0,356.7,,,,,0.0,0.0,22617.3
1484.26,0.0,356.7,,,,,0.0,0.0,22623.4
1485.26,0.0,356.7,,,,,0.0,0.0,22627.3
1486.26,0.0,356.7,,,,,0.0,0.0,22631.6
1487.26,0.0,356.7,,,,,0.0,0.0,22637.8
1488.26,0.0,356.7,,,,,0.0,0.0,22639.6
1489.26,0.0,356.7,,,,,0.0,0.0,22646.1
1490.26,0.0,356.7,,,,,0.0,0.0,22646.9
1491.26,0.0,356.7,,,,,0.0,0.0,22555.4
1492.26,0.0,356.7,,,,,0.0,0.0,22556.9
1493.26,0.0,356.7,,,,,0.0,0.0,22563.7
1494.26,0.0,356.7,,,,,0.0,0.0,22562.6
1495.26,0.0,356.7,,,,,0.0,0.0,22564.2
1496.26,0.0,356.7,,,,,0.0,0.0,22564.3
1497.26,0.0,356.7,,,,,0.0,0.0,22567.1
1498.26,0.0,356.7,,,,,0.0,0.0,22571.6
1499.26,0.0,356.7,,,,,0.0,0.0,22576.8
1500.26,0.0,356.7,,,,,0.0,0.0,22580.9
1501.26,0.0,356.7,,,,,0.0,0.0,22585.8
1502.26,0.0,356.7,,,,,0.0,0.0,22589.8
1503.26,0.0,356.7,,,,,0.0,0.0,22586.7
1504.26,0.0,356.7,,,,,0.0,0.0,22596.4
1505.26,0.0,356.7,,,,,0.0,0.0,22599.8
1506.26,0.0,356.7,,,,,0.0,0.0,22603.9
1507.26,0.0,356.7,,,,,0.0,0.0,22607.8
1508.26,0.0,356.7,,,,,0.0,0.0,22611.1
1509.26,0.0,356.7,,,,,0.0,0.0,22615.2
1510.26,0.0,356.7,,,,,0.0,0.0,22621.1
1511.26,0.0,356.7,,,,,0.0,0.0,22625.3
1512.26,0.0,356.7,,,,,0.0,0.0,22629.4
1513.26,0.0,356.7,,,,,0.0,0.0,22635.5
1514.26,0.0,356.7,,,,,0.0,0.0,22637.6
1515.26,0.0,356.7,,,,,0.0,0.0,22643.8
1516.26,0.0,356.7,,,,,0.0,0.0,22644.5
1517.26,0.0,356.7,,,,,0.0,0.0,22646.5
1518.26,0.0,356.7,,,,,0.0,0.0,22650.5
1519.26,0.0,356.7,,,,,0.0,0.0,22662.5
1520.26,0.0,356.7,,,,,0.0,0.0,22576.4
1521.26,0.0,356.7,,,,,0.0,0.0,22582.5
1522.26,0.0,356.7,,,,,0.0,0.0,22586.5
1523.26,0.0,356.7,,,,,0.0,0.0,22582.8
1524.26,0.0,356.7,,,,,0.0,0.0,22590.9
1525.26,0.0,356.7,,,,,0.0,0.0,22593.8
1526.26,0.0,356.7,,,,,0.0,0.0,22596.3
1527.26,0.0,356.7,,,,,0.0,0.0,22427.2
1528.26,0.0,356.7,,,,,0.0,0.0,22428.7
1529.26,0.0,356.7,,,,,0.0,0.0,22434.9
1530.26,0.0,356.7,,,,,0.0,0.0,22445.0
1531.26,0.0,356.7,,,,,0.0,0.0,22447.1
1532.26,0.0,356.7,,,,,0.0,0.0,22453.3
1533.26,0.0,356.7,,,,,0.0,0.0,22457.3
1534.26,0.0,356.7,,,,,0.0,0.0,22461.3
1535.26,0.0,356.7,,,,,0.0,0.0,22465.5
1536.26,0.0,356.7,,,,,0.0,0.0,22464.3
1537.26,0.0,356.7,,,,,0.0,0.0,22469.4
1538.26,0.0,356.7,,,,,0.0,0.0,22470.9
1539.26,0.0,356.7,,,,,0.0,0.0,22463.9
1540.26,0.0,356.7,,,,,0.0,0.0,22467.4
1541.26,0.0,356.7,,,,,0.0,0.0,22474.1
1542.26,0.0,356.7,,,,,0.0,0.0,22472.9
1543.26,0.0,356.7,,,,,0.0,0.0,22479.3
1544.26,0.0,356.7,,,,,0.0,0.0,22480.9
1545.26,0.0,356.7,,,,,0.0,0.0,22484.5
1546.26,0.0,356.7,,,,,0.0,0.0,22488.4
1547.26,0.0,356.7,,,,,0.0,0.0,22496.2
1548.26,0.0,356.7,,,,,0.0,0.0,22499.9
1549.26,0.0,356.7,,,,,0.0,0.0,22494.8
1550.26,0.0,356.7,,,,,0.0,0.0,22496.5
1551.27,0.0,356.7,,,,,0.0,0.0,22496.1
1552.27,0.0,356.7,,,,,0.0,0.0,22370.8
1553.27,0.0,356.7,,,,,0.0,0.0,22371.8
1554.27,0.0,356.7,,,,,0.0,0.0,22244.5
1555.27,0.0,356.7,,,,,0.0,0.0,22072.0
1556.27,0.0,356.7,,,,,0.0,0.0,22075.1
1557.27,0.0,356.7,,,,,0.0,0.0,22078.8
1558.27,0.0,356.7,,,,,0.0,0.0,22082.5
1559.27,0.0,356.7,,,,,0.0,0.0,22086.2
1560.27,0.0,356.7,,,,,0.0,0.0,22084.4
1561.27,0.0,356.7,,,,,0.0,0.0,22090.2
1562.27,0.0,356.7,,,,,0.0,0.0,22097.0
1563.27,0.0,356.7,,,,,0.0,0.0,22095.3
1564.27,0.0,356.7,,,,,0.0,0.0,22099.2
1565.27,0.0,356.7,,,,,0.0,0.0,22106.1
1566.27,0.0,356.7,,,,,0.0,0.0,22107.9
1567.27,0.0,356.7,,,,,0.0,0.0,22114.3
1568.27,0.0,356.7,,,,,0.0,0.0,22135.8
1569.27,0.0,356.7,,,,,0.0,0.0,22140.8
1570.27,0.0,356.7,,,,,0.0,0.0,22157.8
1571.27,0.0,356.7,,,,,0.0,0.0,22163.0
1572.27,0.0,356.7,,,,,0.0,0.0,22181.7
1573.27,0.0,356.7,,,,,0.0,0.0,22037.7
1574.27,0.0,356.7,,,,,0.0,0.0,21887.0
1575.27,0.0,356.7,,,,,0.0,0.0,21744.5
1576.27,0.0,356.7,,,,,0.0,0.0,21755.9
1577.27,0.0,356.7,,,,,0.0,0.0,21608.8
1578.27,0.0,356.7,,,,,0.0,0.0,21617.3
1579.27,0.0,356.7,,,,,0.0,0.0,21473.0
1580.27,0.0,356.7,,,,,0.0,0.0,21481.7
1581.27,0.0,356.7,,,,,0.0,0.0,21226.8
1582.27,0.0,356.7,,,,,0.0,0.0,21200.6
1583.27,0.0,356.7,,,,,0.0,0.0,21216.4
1584.27,0.0,356.7,,,,,0.0,0.0,21074.4
1585.27,0.0,356.7,,,,,0.0,0.0,21090.2
1586.27,0.0,356.7,,,,,0.0,0.0,20947.8
1587.27,0.0,356.7,,,,,0.0,0.0,20791.1
1588.27,0.0,356.7,,,,,0.0,0.0,20785.6
1589.27,0.0,356.7,,,,,0.0,0.0,20790.2
1590.27,0.0,356.7,,,,,0.0,0.0,20781.4
1591.27,0.0,356.7,,,,,0.0,0.0,20785.5
1592.27,0.0,356.7,,,,,0.0,0.0,20787.3
1593.27,0.0,356.7,,,,,0.0,0.0,20791.6
1594.27,0.0,356.7,,,,,0.0,0.0,20791.1
1595.27,0.0,356.7,,,,,0.0,0.0,20795.4
1596.27,0.0,356.7,,,,,0.0,0.0,20792.3
1597.27,0.0,356.7,,,,,0.0,0.0,20796.2
1598.27,0.0,356.7,,,,,0.0,0.0,20798.8
1599.27,0.0,356.7,,,,,0.0,0.0,20797.7
1600.27,0.0,356.7,,,,,0.0,0.0,20804.6
1601.27,0.0,356.7,,,,,0.0,0.0,20801.5
1602.27,0.0,356.7,,,,,0.0,0.0,20808.4
1603.27,0.0,356.7,,,,,0.0,0.0,20807.4
1604.27,0.0,356.7,,,,,0.0,0.0,20813.6
1605.27,0.0,356.7,,,,,0.0,0.0,20818.7
1606.27,0.0,356.7,,,,,0.0,0.0,20818.6
1607.27,0.0,356.7,,,,,0.0,0.0,20820.0
1608.27,0.0,356.7,,,,,0.0,0.0,20829.6
1609.27,0.0,356.7,,,,,0.0,0.0,20826.9
1610.27,0.0,356.7,,,,,0.0,0.0,20830.2
1611.27,0.0,356.7,,,,,0.0,0.0,20835.3
1612.27,0.0,356.7,,,,,0.0,0.0,20835.3
1613.27,0.0,356.7,,,,,0.0,0.0,21136.3
1614.27,0.0,356.7,,,,,0.0,0.0,21362.0
1615.27,0.0,356.7,,,,,0.0,0.0,21649.1
1616.27,0.0,356.7,,,,,0.0,0.0,21827.6
1617.27,0.0,356.7,,,,,0.0,0.0,21757.7
1618.27,0.0,356.7,,,,,0.0,0.0,21800.7
1619.27,0.0,356.7,,,,,0.0,0.0,21502.7
1620.27,0.0,356.7,,,,,0.0,0.0,21503.7
1621.27,0.0,356.7,,,,,0.0,0.0,21431.8
1622.27,0.0,356.7,,,,,0.0,0.0,21431.3
1623.27,0.0,356.7,,,,,0.0,0.0,21435.7
1624.27,0.0,356.7,,,,,0.0,0.0,21435.3
1625.28,0.0,356.7,,,,,0.0,0.0,21442.6
1626.28,0.0,356.7,,,,,0.0,0.0,21443.6
1627.28,0.0,356.7,,,,,0.0,0.0,21448.7
1628.28,0.0,356.7,,,,,0.0,0.0,21453.4
1629.28,0.0,356.7,,,,,0.0,0.0,21460.5
1630.28,0.0,356.7,,,,,0.0,0.0,21453.3
1631.28,0.0,356.7,,,,,0.0,0.0,21455.2
1632.28,0.0,356.7,,,,,0.0,0.0,21464.1
1633.28,0.0,356.7,,,,,0.0,0.0,21465.2
1634.28,0.0,356.7,,,,,0.0,0.0,21470.3
1635.28,0.0,356.7,,,,,0.0,0.0,21469.0
1636.28,0.0,356.7,,,,,0.0,0.0,20878.7
1637.28,0.0,356.7,,,,,0.0,0.0,20885.8
1638.28,0.0,356.7,,,,,0.0,0.0,20890.5
1639.28,0.0,356.7,,,,,0.0,0.0,20884.8
1640.28,0.0,356.7,,,,,0.0,0.0,20892.9
1641.28,0.0,356.7,,,,,0.0,0.0,20895.7
1642.28,0.0,356.7,,,,,0.0,0.0,20898.6
1643.28,0.0,356.7,,,,,0.0,0.0,20897.6
1644.28,0.0,356.7,,,,,0.0,0.0,20901.8
1645.28,0.0,356.7,,,,,0.0,0.0,20910.8
1646.28,0.0,356.7,,,,,0.0,0.0,20909.9
1647.28,0.0,356.7,,,,,0.0,0.0,20915.5
1648.28,0.0,356.7,,,,,0.0,0.0,20919.2
1649.28,0.0,356.7,,,,,0.0,0.0,20916.6
1650.28,0.0,356.7,,,,,0.0,0.0,20919.7
1651.28,0.0,356.7,,,,,0.0,0.0,20929.7
1652.28,0.0,356.7,,,,,0.0,0.0,20931.0
1653.28,0.0,356.7,,,,,0.0,0.0,20933.6
1654.28,0.0,356.7,,,,,0.0,0.0,20937.4
1655.28,0.0,356.7,,,,,0.0,0.0,20941.3
1656.28,0.0,356.7,,,,,0.0,0.0,20942.4
1657.28,0.0,356.7,,,,,0.0,0.0,20941.4
1658.28,0.0,356.7,,,,,0.0,0.0,20947.0
1659.28,0.0,356.7,,,,,0.0,0.0,20948.2
1660.28,0.0,356.7,,,,,0.0,0.0,20947.7
1661.28,0.0,356.7,,,,,0.0,0.0,20960.7
1662.28,0.0,356.7,,,,,0.0,0.0,20955.6
1663.28,0.0,356.7,,,,,0.0,0.0,20960.7
1664.28,0.0,356.7,,,,,0.0,0.0,20968.7
1665.28,0.0,356.7,,,,,0.0,0.0,20971.6
1666.28,0.0,356.7,,,,,0.0,0.0,20963.2
1667.28,0.0,356.7,,,,,0.0,0.0,20843.6
1668.28,0.0,356.7,,,,,0.0,0.0,20810.5
1669.28,0.0,356.7,,,,,0.0,0.0,20809.2
1670.28,0.0,356.7,,,,,0.0,0.0,20807.6
1671.28,0.0,356.7,,,,,0.0,0.0,20690.6
1672.28,0.0,356.7,,,,,0.0,0.0,20559.3
1673.28,0.0,356.7,,,,,0.0,0.0,20434.4
1674.28,0.0,356.7,,,,,0.0,0.0,20304.7
1675.28,0.0,356.7,,,,,0.0,0.0,20176.5
1676.28,0.0,356.7,,,,,0.0,0.0,20007.7
1677.28,0.0,356.7,,,,,0.0,0.0,19914.3
1678.28,0.0,356.7,,,,,0.0,0.0,19787.3
1679.28,0.0,356.7,,,,,0.0,0.0,19787.6
1680.28,0.0,356.7,,,,,0.0,0.0,19660.0
1681.28,0.0,356.7,,,,,0.0,0.0,19474.6
1682.28,0.0,356.7,,,,,0.0,0.0,19396.3
1683.28,0.0,356.7,,,,,0.0,0.0,19270.3
1684.28,0.0,356.7,,,,,0.0,0.0,19297.2
1685.28,0.0,356.7,,,,,0.0,0.0,13771.6
1686.28,0.0,356.7,,,,,0.0,0.0,13431.9
1687.28,0.0,356.7,,,,,0.0,0.0,13277.1
1688.28,0.0,356.7,,,,,0.0,0.0,13121.9
1689.29,0.0,356.7,,,,,0.0,0.0,12945.4
1690.29,0.0,356.7,,,,,0.0,0.0,12800.8
1691.29,0.0,356.7,,,,,0.0,0.0,12648.3
1692.29,0.0,356.7,,,,,0.0,0.0,12495.3
1693.29,0.0,356.7,,,,,0.0,0.0,12360.6
1694.29,0.0,356.7,,,,,0.0,0.0,12192.3
1695.29,0.0,356.7,,,,,0.0,0.0,12018.4
1696.29,0.0,356.7,,,,,0.0,0.0,11885.0
1697.29,0.0,356.7,,,,,0.0,0.0,11744.8
1698.29,0.0,356.7,,,,,0.0,0.0,11571.5
1699.29,0.0,356.7,,,,,0.0,0.0,11418.3
1700.29,0.0,356.7,,,,,0.0,0.0,11268.4
1701.29,0.0,356.7,,,,,0.0,0.0,11121.8
1702.29,0.0,356.7,,,,,0.0,0.0,10966.6
1703.29,0.0,356.7,,,,,0.0,0.0,10790.8
1704.29,0.0,356.7,,,,,0.0,0.0,10599.3
1705.29,0.0,356.7,,,,,0.0,0.0,10403.1
1706.29,0.0,356.7,,,,,0.0,0.0,10167.7
1707.29,0.0,356.7,,,,,0.0,0.0,9933.1
1708.29,0.0,356.7,,,,,0.0,0.0,9776.5
1709.29,0.0,356.7,,,,,0.0,0.0,9536.7
1710.29,0.0,356.7,,,,,0.0,0.0,9482.6
1711.29,0.0,356.7,,,,,0.0,0.0,9149.8
1712.29,0.0,356.7,,,,,0.0,0.0,9154.5
1713.29,0.0,356.7,,,,,0.0,0.0,9218.0
1714.29,0.0,356.7,,,,,0.0,0.0,9276.6
1715.29,0.0,356.7,,,,,0.0,0.0,9382.2
1716.29,0.0,356.7,,,,,0.0,0.0,9419.8
1717.29,0.0,356.7,,,,,0.0,0.0,9456.4
1718.29,0.0,356.7,,,,,0.0,0.0,9487.5
1719.29,0.0,356.7,,,,,0.0,0.0,9523.2
1720.29,0.0,356.7,,,,,0.0,0.0,9547.1
1721.29,0.0,356.7,,,,,0.0,0.0,9547.1
1722.29,0.0,356.7,,,,,0.0,0.0,9547.1
1723.29,0.0,356.7,,,,,0.0,0.0,9547.1
1724.29,0.0,356.7,,,,,0.0,0.0,9547.1
1725.29,50.06,356.7,,,,,0.12,100.0,6934.0
1726.29,41.32,356.7,,,,,82.63,0.01,7235.5
1727.29,0.0,356.7,,,,,0.0,0.0,7906.8
1728.29,0.0,356.7,,,,,0.0,0.0,8595.4
1729.29,0.0,1419.7,,,,,0.0,0.0,7119.3
1730.29,0.0,1746.0,,,,,0.0,0.0,7230.4
1731.29,0.0,2084.3,,,,,0.0,0.0,7334.1
1732.29,0.0,2390.9,,,,,0.0,0.0,7466.7
1733.29,0.0,2697.5,,,,,0.0,0.0,7622.7
1734.29,0.0,3100.5,,,,,0.0,0.0,7542.9
1735.29,0.0,3438.8,,,,,0.0,0.0,7598.9
1736.29,0.0,3817.3,,,,,0.0,0.0,7537.4
1737.29,0.0,4067.5,,,,,0.0,0.0,7816.4
1738.29,0.0,4486.7,,,,,0.0,0.0,7750.5
1739.29,0.0,4777.1,,,,,0.0,0.0,7907.1
1740.29,0.0,5115.4,,,,,0.0,0.0,7971.8
1741.29,0.0,5534.0,,,,,0.0,0.0,8044.1
1742.29,0.0,5800.5,,,,,0.0,0.0,8056.3
1743.29,0.0,6163.3,,,,,0.0,0.0,8088.2
1744.29,0.0,6453.7,,,,,0.0,0.0,8238.0
1745.29,0.0,6848.0,,,,,0.0,0.0,8259.8
1746.29,0.0,7211.2,,,,,0.0,0.0,8232.9
1747.29,0.0,7501.6,,,,,0.0,0.0,8411.7
1748.29,0.0,7896.3,,,,,0.0,0.0,8387.7
1749.3,0.0,8259.1,,,,,0.0,0.0,8429.3
1750.3,0.0,8549.5,,,,,0.0,0.0,8577.3
1751.3,0.0,8887.8,,,,,0.0,0.0,8652.2
1752.3,0.0,9307.0,,,,,0.0,0.0,8575.5
1753.3,0.0,9613.6,,,,,0.0,0.0,8705.1
1754.3,0.0,10032.7,,,,,0.0,0.0,8662.7
1755.3,0.0,10451.9,,,,,0.0,0.0,8656.2
1756.3,0.0,10983.6,,,,,0.0,0.0,8470.5
1757.3,0.0,11595.6,,,,,0.0,0.0,8329.7
1758.3,0.0,12031.5,,,,,0.0,0.0,8272.4
1759.3,0.0,12660.2,,,,,0.0,0.0,8030.9
1760.3,0.0,13289.0,,,,,0.0,0.0,7859.6
1761.3,0.0,13901.5,,,,,0.0,0.0,7630.8
1762.3,0.0,14433.9,,,,,0.0,0.0,7638.2
1763.3,0.0,14771.7,,,,,0.0,0.0,7902.9
1764.3,0.0,14771.7,,,,,0.0,0.0,8810.4
1765.3,0.0,15974.5,,,,,0.0,0.0,7000.3
1766.3,0.0,15974.5,,,,,0.0,0.0,4205.9
1767.3,0.0,15974.5,,,,,0.0,0.0,4900.7
1768.3,0.0,15974.5,,,,,0.0,0.0,4900.8
1769.3,0.0,15974.5,,,,,0.0,0.0,4901.8
1770.3,0.0,15974.5,,,,,0.0,0.0,4901.8
1771.3,0.0,15974.5,,,,,0.0,0.0,5038.4
1772.3,0.0,15974.5,,,,,0.0,0.0,5088.5
1773.3,0.0,15974.5,,,,,0.0,0.0,5289.9
1774.3,0.0,15974.5,,,,,0.0,0.0,6610.4
1775.3,0.0,15974.5,,,,,0.0,0.0,8804.3
1776.3,0.0,15974.5,,,,,0.0,0.0,9959.6
1777.3,0.0,15974.5,,,,,0.0,0.0,10386.9
1778.3,0.0,19753.3,,,,,0.0,0.0,10402.4
1779.3,0.0,19874.0,,,,,0.0,0.0,10402.4
1780.3,0.0,19946.6,,,,,0.0,0.0,10402.6
1781.3,0.0,20108.6,,,,,0.0,0.0,10550.1
1782.3,0.0,20455.9,,,,,0.0,0.0,10035.1
1783.3,0.0,20661.3,,,,,0.0,0.0,7203.3
1784.3,100.0,20627.2,,,,,100.0,100.0,7644.7
1785.3,0.0,20627.2,,,,,0.0,0.0,7644.8
1786.3,0.0,20627.2,,,,,0.0,0.0,7644.8
1787.3,0.0,20627.2,,,,,0.0,0.0,7644.8
1788.3,0.0,20627.2,,,,,0.0,0.0,7803.8
1789.3,0.0,20627.2,,,,,0.0,0.0,7918.0
1790.3,0.0,20627.2,,,,,0.0,0.0,8484.6
1791.3,0.0,20627.2,,,,,0.0,0.0,10712.1
1792.3,0.0,20627.2,,,,,0.0,0.0,12064.6
1793.3,0.0,20627.2,,,,,0.0,0.0,12585.5
1794.3,0.0,20700.3,,,,,0.0,0.0,12599.9
1795.3,0.0,20813.4,,,,,0.0,0.0,12600.1
1796.3,0.0,20926.2,,,,,0.0,0.0,12600.2
1797.3,0.0,21180.3,,,,,0.0,0.0,12558.8
1798.3,0.0,21234.3,,,,,0.0,0.0,9812.1
1799.3,0.0,21285.5,,,,,0.0,0.0,9672.0
1800.3,100.0,21302.5,,,,,100.0,100.0,9660.7
1801.3,100.0,21302.5,,,,,100.0,100.0,9670.4
1802.3,100.0,21336.6,,,,,100.0,100.0,9681.6
1803.3,0.0,21336.6,,,,,0.0,0.0,9877.4
1804.3,100.0,21579.2,,,,,100.0,100.0,10522.3
1805.3,100.0,21795.4,,,,,100.0,100.0,10588.1
1806.3,100.0,21761.2,,,,,100.0,100.0,10588.1
1807.3,0.0,21761.2,,,,,0.0,0.0,10588.1
1808.3,100.0,21661.2,,,,,100.0,100.0,10442.2
1809.31,0.0,21695.3,,,,,0.0,0.0,10433.2
1810.31,100.0,21729.4,,,,,100.0,100.0,10443.7
1811.31,100.0,21729.4,,,,,100.0,100.0,10431.0
1812.31,100.0,21746.5,,,,,100.0,100.0,10442.7
1813.31,0.0,21797.5,,,,,0.0,0.0,10446.8
1814.31,100.0,21763.5,,,,,100.0,100.0,10709.6
1815.31,100.0,21729.4,,,,,100.0,100.0,11256.0
1816.31,100.0,21833.2,,,,,100.0,100.0,11524.4
1817.31,0.0,21833.2,,,,,0.0,0.0,11524.4
1818.31,100.0,21799.0,,,,,100.0,100.0,11524.4
1819.31,100.0,21698.9,,,,,100.0,100.0,11100.6
1820.31,0.0,21733.1,,,,,0.0,0.0,11113.3
1821.31,100.0,21733.1,,,,,100.0,100.0,11104.1
1822.31,100.0,21767.2,,,,,100.0,100.0,11114.6
1823.31,0.0,21801.3,,,,,0.0,0.0,11104.0
1824.31,100.0,21835.3,,,,,100.0,100.0,11115.5
1825.31,100.0,21901.3,,,,,100.0,100.0,11118.4
1826.31,100.0,21867.5,,,,,100.0,100.0,11122.6
1827.31,0.0,21867.5,,,,,0.0,0.0,11122.6
1828.31,100.0,21833.3,,,,,100.0,100.0,11122.8
1829.31,100.0,21799.1,,,,,100.0,100.0,11122.8
1830.31,100.0,21698.9,,,,,100.0,100.0,11122.9
1831.31,0.0,21699.0,,,,,0.0,0.0,11102.5
1832.31,100.0,21733.1,,,,,100.0,100.0,11097.0
1833.31,0.0,21767.2,,,,,0.0,0.0,11104.7
1834.31,100.0,21784.3,,,,,100.0,100.0,11113.4
1835.31,100.0,21801.3,,,,,100.0,100.0,11104.8
1836.31,100.0,21901.3,,,,,100.0,100.0,11119.8
1837.31,0.0,21901.3,,,,,0.0,0.0,11119.8
1838.31,100.0,21867.5,,,,,100.0,100.0,11123.9
1839.31,100.0,21833.3,,,,,100.0,100.0,11124.1
1840.31,100.0,21799.1,,,,,100.0,100.0,11124.1
1841.31,0.0,21799.1,,,,,0.0,0.0,11124.1
1842.31,100.0,21699.0,,,,,100.0,100.0,11117.3
1843.31,0.0,21733.1,,,,,0.0,0.0,11106.4
1844.31,100.0,21750.2,,,,,100.0,100.0,11117.3
1845.31,100.0,21767.2,,,,,100.0,100.0,11112.4
1846.31,100.0,21784.3,,,,,100.0,100.0,11116.0
1847.31,0.0,21835.3,,,,,0.0,0.0,11119.4
1848.31,100.0,21901.3,,,,,100.0,100.0,11121.6
1849.31,100.0,21867.5,,,,,100.0,100.0,11125.3
1850.31,0.0,21867.5,,,,,0.0,0.0,11125.3
1851.31,100.0,21833.3,,,,,100.0,100.0,11125.5
1852.31,100.0,21799.1,,,,,100.0,100.0,11125.5
1853.31,100.0,21698.9,,,,,100.0,100.0,11104.9
1854.31,0.0,21716.1,,,,,0.0,0.0,11117.2
1855.31,100.0,21733.1,,,,,100.0,100.0,11106.3
1856.31,0.0,21767.2,,,,,0.0,0.0,11113.6
1857.31,100.0,21801.3,,,,,100.0,100.0,11104.1
1858.31,100.0,21801.3,,,,,100.0,100.0,11110.5
1859.31,100.0,21901.3,,,,,100.0,100.0,11123.3
1860.31,0.0,21901.3,,,,,0.0,0.0,11123.3
1861.31,100.0,21867.5,,,,,100.0,100.0,11126.7
1862.31,100.0,21833.3,,,,,100.0,100.0,11126.9
1863.31,100.0,21799.1,,,,,100.0,100.0,11126.9
1864.31,0.0,21799.1,,,,,0.0,0.0,11126.9
1865.31,100.0,21699.0,,,,,100.0,100.0,11120.3
1866.31,0.0,21733.1,,,,,0.0,0.0,11115.7
1867.31,100.0,21767.2,,,,,100.0,100.0,11113.8
1868.31,100.0,21767.2,,,,,100.0,100.0,11111.7
1869.31,100.0,21801.3,,,,,100.0,100.0,11113.1
1870.31,0.0,21835.3,,,,,0.0,0.0,11122.1
1871.31,100.0,21901.3,,,,,100.0,100.0,11124.5
1872.31,100.0,21867.5,,,,,100.0,100.0,11132.0
1873.31,100.0,21833.3,,,,,100.0,100.0,11132.2
1874.31,0.0,21833.3,,,,,0.0,0.0,11132.2
1875.31,100.0,21799.1,,,,,100.0,100.0,11132.2
1876.32,100.0,21698.9,,,,,100.0,100.0,11117.7
1877.32,0.0,21733.1,,,,,0.0,0.0,11125.6
1878.32,100.0,21733.1,,,,,100.0,100.0,11116.8
1879.32,100.0,21767.2,,,,,100.0,100.0,11126.4
1880.32,0.0,21801.3,,,,,0.0,0.0,11117.0
1881.32,100.0,21835.3,,,,,100.0,100.0,11127.2
1882.32,100.0,21901.3,,,,,100.0,100.0,11129.9
1883.32,100.0,21867.5,,,,,100.0,100.0,11137.2
1884.32,0.0,21867.5,,,,,0.0,0.0,11137.2
1885.32,100.0,21833.3,,,,,100.0,100.0,11137.4
1886.32,100.0,21799.1,,,,,100.0,100.0,11137.4
1887.32,100.0,21698.9,,,,,100.0,100.0,11137.6
1888.32,0.0,21699.0,,,,,0.0,0.0,11121.0
1889.32,100.0,21733.1,,,,,100.0,100.0,11122.5
1890.32,0.0,21767.2,,,,,0.0,0.0,11128.0
1891.32,100.0,21784.3,,,,,100.0,100.0,11129.4
1892.32,100.0,21801.3,,,,,100.0,100.0,11126.7
1893.32,100.0,21901.3,,,,,100.0,100.0,11135.0
1894.32,0.0,21901.3,,,,,0.0,0.0,11135.0
1895.32,100.0,21867.5,,,,,100.0,100.0,11138.8
1896.32,100.0,21833.3,,,,,100.0,100.0,11139.0
1897.32,100.0,21799.1,,,,,100.0,100.0,11139.0
1898.32,0.0,21799.1,,,,,0.0,0.0,11139.0
1899.32,100.0,21699.0,,,,,100.0,100.0,11132.4
1900.32,0.0,21733.1,,,,,0.0,0.0,11123.6
1901.32,100.0,21767.2,,,,,100.0,100.0,11124.5
1902.32,100.0,21767.2,,,,,100.0,100.0,11129.2
1903.32,100.0,21784.3,,,,,100.0,100.0,11120.3
1904.32,0.0,21835.3,,,,,0.0,0.0,11134.2
1905.32,100.0,21901.3,,,,,100.0,100.0,11136.7
1906.32,100.0,21867.5,,,,,100.0,100.0,11140.2
1907.32,100.0,21833.3,,,,,100.0,100.0,11140.4
1908.32,0.0,21833.3,,,,,0.0,0.0,11140.4
1909.32,100.0,21799.1,,,,,100.0,100.0,11140.4
1910.32,100.0,21698.9,,,,,100.0,100.0,11121.5
1911.32,0.0,21733.1,,,,,0.0,0.0,11133.8
1912.32,100.0,21733.1,,,,,100.0,100.0,11121.6
1913.32,100.0,21750.2,,,,,100.0,100.0,11132.7
1914.32,0.0,21801.3,,,,,0.0,0.0,11121.1
1915.32,100.0,21801.3,,,,,100.0,100.0,11126.9
1916.32,100.0,21901.3,,,,,100.0,100.0,11138.0
1917.32,100.0,21867.5,,,,,100.0,100.0,11141.5
1918.32,0.0,21867.5,,,,,0.0,0.0,11141.5
1919.32,100.0,21833.3,,,,,100.0,100.0,11141.7
1920.32,100.0,21799.1,,,,,100.0,100.0,11141.7
1921.32,100.0,21698.9,,,,,100.0,100.0,11141.9
1922.32,0.0,21699.0,,,,,0.0,0.0,11135.4
1923.32,100.0,21733.1,,,,,100.0,100.0,11135.5
1924.32,0.0,21767.2,,,,,0.0,0.0,11130.1
1925.32,100.0,21784.3,,,,,100.0,100.0,11133.3
1926.32,100.0,21801.3,,,,,100.0,100.0,11123.1
1927.32,100.0,21901.3,,,,,100.0,100.0,11139.6
1928.32,0.0,21901.3,,,,,0.0,0.0,11139.6
1929.32,100.0,21867.5,,,,,100.0,100.0,11146.9
1930.32,100.0,21833.3,,,,,100.0,100.0,11147.1
1931.32,100.0,21799.1,,,,,100.0,100.0,11147.1
1932.32,0.0,21799.1,,,,,0.0,0.0,11147.1
1933.32,100.0,21699.0,,,,,100.0,100.0,11140.3
1934.32,0.0,21733.1,,,,,0.0,0.0,11128.2
1935.32,100.0,21733.1,,,,,100.0,100.0,11135.9
1936.32,100.0,21767.2,,,,,100.0,100.0,11141.3
1937.32,0.0,21801.3,,,,,0.0,0.0,11134.8
1938.32,100.0,21835.3,,,,,100.0,100.0,11142.5
1939.32,100.0,21901.3,,,,,100.0,100.0,11144.7
1940.32,100.0,21867.5,,,,,100.0,100.0,11152.1
1941.32,0.0,21867.5,,,,,0.0,0.0,11152.1
1942.33,100.0,21833.3,,,,,100.0,100.0,11152.3
1943.33,100.0,21799.1,,,,,100.0,100.0,11152.3
1944.33,100.0,21698.9,,,,,100.0,100.0,11152.5
1945.33,0.0,21716.1,,,,,0.0,0.0,11142.1
1946.33,100.0,21733.1,,,,,100.0,100.0,11130.5
1947.33,0.0,21767.2,,,,,0.0,0.0,11140.1
1948.33,100.0,21801.3,,,,,100.0,100.0,11140.9
1949.33,100.0,21818.3,,,,,100.0,100.0,11147.5
1950.33,100.0,21901.3,,,,,100.0,100.0,11150.0
1951.33,0.0,21901.3,,,,,0.0,0.0,11150.0
1952.33,100.0,21867.5,,,,,100.0,100.0,11153.5
1953.33,100.0,21833.3,,,,,100.0,100.0,11153.7
1954.33,100.0,21799.1,,,,,100.0,100.0,11153.7
1955.33,0.0,21799.1,,,,,0.0,0.0,11153.7
1956.33,100.0,21699.0,,,,,100.0,100.0,11147.2
1957.33,0.0,21733.1,,,,,0.0,0.0,11139.4
1958.33,100.0,21767.2,,,,,100.0,100.0,11148.0
1959.33,100.0,21767.2,,,,,100.0,100.0,11138.0
1960.33,100.0,21801.3,,,,,100.0,100.0,11148.8
1961.33,0.0,21835.3,,,,,0.0,0.0,11149.4
1962.33,100.0,21901.3,,,,,100.0,100.0,11151.6
1963.33,100.0,21867.5,,,,,100.0,100.0,11154.7
1964.33,100.0,21833.3,,,,,100.0,100.0,11154.8
1965.33,0.0,21833.3,,,,,0.0,0.0,11154.8
1966.33,100.0,21799.1,,,,,100.0,100.0,11154.8
1967.33,100.0,21698.9,,,,,100.0,100.0,11139.3
1968.33,0.0,21733.1,,,,,0.0,0.0,11131.0
1969.33,100.0,21733.1,,,,,100.0,100.0,11137.4
1970.33,100.0,21767.2,,,,,100.0,100.0,11149.3
1971.33,0.0,21801.3,,,,,0.0,0.0,11138.8
1972.33,100.0,21818.3,,,,,100.0,100.0,11148.8
1973.33,100.0,21901.3,,,,,100.0,100.0,11152.8
1974.33,100.0,21867.5,,,,,100.0,100.0,11156.1
1975.33,0.0,21867.5,,,,,0.0,0.0,11156.1
1976.33,100.0,21833.3,,,,,100.0,100.0,11156.2
1977.33,100.0,21799.1,,,,,100.0,100.0,11156.2
1978.33,100.0,21698.9,,,,,100.0,100.0,11156.5
1979.33,0.0,21699.0,,,,,0.0,0.0,11139.9
1980.33,100.0,21733.1,,,,,100.0,100.0,11141.6
1981.33,0.0,21767.2,,,,,0.0,0.0,11146.0
1982.33,100.0,21801.3,,,,,100.0,100.0,11142.6
1983.33,100.0,21801.3,,,,,100.0,100.0,11138.5
1984.33,100.0,21901.3,,,,,100.0,100.0,11154.3
1985.33,0.0,21901.3,,,,,0.0,0.0,11154.3
1986.33,100.0,21867.5,,,,,100.0,100.0,11157.6
1987.33,100.0,21833.3,,,,,100.0,100.0,11157.8
1988.33,100.0,21799.1,,,,,100.0,100.0,11157.8
1989.33,0.0,21799.1,,,,,0.0,0.0,11157.8
1990.33,100.0,21699.0,,,,,100.0,100.0,11151.4
1991.33,0.0,21733.1,,,,,0.0,0.0,11141.1
1992.33,100.0,21767.2,,,,,100.0,100.0,11152.0
1993.33,100.0,21767.2,,,,,100.0,100.0,11139.8
1994.33,100.0,21784.3,,,,,100.0,100.0,11139.5
1995.33,0.0,21835.3,,,,,0.0,0.0,11153.5
1996.33,100.0,21901.3,,,,,100.0,100.0,11155.6
1997.33,100.0,21867.5,,,,,100.0,100.0,11158.7
1998.33,100.0,21833.3,,,,,100.0,100.0,11158.9
1999.33,0.0,21833.3,,,,,0.0,0.0,11158.9
2000.33,100.0,21799.1,,,,,100.0,100.0,11158.9
2001.33,100.0,21698.9,,,,,100.0,100.0,11139.3
2002.33,0.0,21733.1,,,,,0.0,0.0,11152.4
2003.33,100.0,21733.1,,,,,100.0,100.0,11139.8
2004.33,100.0,21767.2,,,,,100.0,100.0,11153.0
2005.33,0.0,21801.3,,,,,0.0,0.0,11141.5
2006.33,100.0,21801.3,,,,,100.0,100.0,11150.0
2007.33,100.0,21901.3,,,,,100.0,100.0,11156.7
2008.33,100.0,21867.5,,,,,100.0,100.0,11164.0
2009.33,0.0,21867.5,,,,,0.0,0.0,11164.0
2010.33,100.0,21833.3,,,,,100.0,100.0,11164.2
2011.33,100.0,21799.1,,,,,100.0,100.0,11164.2
2012.34,100.0,21698.9,,,,,100.0,100.0,11164.2
2013.34,0.0,21699.0,,,,,0.0,0.0,11145.6
2014.34,100.0,21716.1,,,,,100.0,100.0,11156.7
2015.34,0.0,21767.2,,,,,0.0,0.0,11158.8
2016.34,100.0,21767.2,,,,,100.0,100.0,11154.6
2017.34,100.0,21801.3,,,,,100.0,100.0,11152.7
2018.34,100.0,21801.3,,,,,100.0,100.0,11160.2
2019.34,0.0,21901.3,,,,,0.0,0.0,11162.1
2020.34,100.0,21867.5,,,,,100.0,100.0,11169.2
2021.34,100.0,21833.3,,,,,100.0,100.0,11169.4
2022.34,0.0,21833.3,,,,,0.0,0.0,11169.4
2023.34,100.0,21799.1,,,,,100.0,100.0,11169.4
2024.34,100.0,21681.9,,,,,100.0,100.0,11161.6
2025.34,0.0,21733.1,,,,,0.0,0.0,11150.3
2026.34,100.0,21733.1,,,,,100.0,100.0,11158.3
2027.34,100.0,21767.2,,,,,100.0,100.0,11164.0
2028.34,0.0,21801.3,,,,,0.0,0.0,11157.9
2029.34,100.0,21835.3,,,,,100.0,100.0,11165.2
2030.34,100.0,21901.3,,,,,100.0,100.0,11167.4
2031.34,100.0,21867.5,,,,,100.0,100.0,11170.6
2032.34,0.0,21867.5,,,,,0.0,0.0,11170.6
2033.34,100.0,21833.3,,,,,100.0,100.0,11170.7
2034.34,100.0,21799.1,,,,,100.0,100.0,11170.7
2035.34,100.0,21698.9,,,,,100.0,100.0,11170.9
2036.34,0.0,21699.0,,,,,0.0,0.0,11157.3
2037.34,100.0,21733.1,,,,,100.0,100.0,11157.7
2038.34,0.0,21767.2,,,,,0.0,0.0,11155.1
2039.34,100.0,21801.3,,,,,100.0,100.0,11157.3
2040.34,100.0,21801.3,,,,,100.0,100.0,11160.6
2041.34,100.0,21901.3,,,,,100.0,100.0,11168.8
2042.34,0.0,21901.3,,,,,0.0,0.0,11168.8
2043.34,100.0,21867.5,,,,,100.0,100.0,11171.9
2044.34,100.0,21833.3,,,,,100.0,100.0,11172.1
2045.34,100.0,21799.1,,,,,100.0,100.0,11172.1
2046.34,0.0,21799.1,,,,,0.0,0.0,11172.1
2047.34,100.0,21699.0,,,,,100.0,100.0,11166.0
2048.34,0.0,21733.1,,,,,0.0,0.0,11157.0
2049.34,100.0,21767.2,,,,,100.0,100.0,11166.7
2050.34,100.0,21767.2,,,,,100.0,100.0,11157.6
2051.34,100.0,21801.3,,,,,100.0,100.0,11159.1
2052.34,0.0,21835.3,,,,,0.0,0.0,11168.0
2053.34,100.0,21901.3,,,,,100.0,100.0,11170.2
2054.34,100.0,21867.5,,,,,100.0,100.0,11173.2
2055.34,100.0,21833.3,,,,,100.0,100.0,11173.4
2056.34,0.0,21833.3,,,,,0.0,0.0,11173.4
2057.34,100.0,21799.1,,,,,100.0,100.0,11173.4
2058.34,100.0,21698.9,,,,,100.0,100.0,11156.2
2059.34,0.0,21733.1,,,,,0.0,0.0,11149.4
2060.34,100.0,21733.1,,,,,100.0,100.0,11156.2
2061.34,100.0,21767.2,,,,,100.0,100.0,11167.8
2062.34,0.0,21801.3,,,,,0.0,0.0,11157.4
2063.34,100.0,21818.3,,,,,100.0,100.0,11163.6
2064.34,100.0,21901.3,,,,,100.0,100.0,11171.6
2065.34,100.0,21867.5,,,,,100.0,100.0,11174.7
2066.34,0.0,21867.5,,,,,0.0,0.0,11174.7
2067.34,100.0,21833.3,,,,,100.0,100.0,11174.9
2068.34,100.0,21799.1,,,,,100.0,100.0,11174.9
2069.34,100.0,21698.9,,,,,100.0,100.0,11175.0
2070.34,0.0,21699.0,,,,,0.0,0.0,11158.1
2071.34,100.0,21733.1,,,,,100.0,100.0,11168.9
2072.34,0.0,21767.2,,,,,0.0,0.0,11163.6
2073.34,100.0,21801.3,,,,,100.0,100.0,11160.6
2074.34,100.0,21801.3,,,,,100.0,100.0,11164.0
2075.34,100.0,21901.3,,,,,100.0,100.0,11172.9
2076.34,0.0,21901.3,,,,,0.0,0.0,11172.9
2077.34,100.0,21867.5,,,,,100.0,100.0,11176.0
2078.34,100.0,21833.3,,,,,100.0,100.0,11176.2
2079.35,100.0,21799.1,,,,,100.0,100.0,11176.2
2080.35,0.0,21799.1,,,,,0.0,0.0,11176.2
2081.35,100.0,21699.0,,,,,100.0,100.0,11170.0
2082.35,0.0,21733.1,,,,,0.0,0.0,11159.3
2083.35,100.0,21767.2,,,,,100.0,100.0,11170.8
2084.35,100.0,21767.2,,,,,100.0,100.0,11158.7
2085.35,100.0,21784.3,,,,,100.0,100.0,11169.9
2086.35,0.0,21835.3,,,,,0.0,0.0,11172.2
2087.35,100.0,21901.3,,,,,100.0,100.0,11174.4
2088.35,100.0,21867.5,,,,,100.0,100.0,11177.5
2089.35,100.0,21833.3,,,,,100.0,100.0,11177.7
2090.35,0.0,21833.3,,,,,0.0,0.0,11177.7
2091.35,100.0,21799.1,,,,,100.0,100.0,11177.7
2092.35,100.0,21698.9,,,,,100.0,100.0,11177.9
2093.35,0.0,21733.1,,,,,0.0,0.0,11152.2
2094.35,100.0,21733.1,,,,,100.0,100.0,11158.0
2095.35,100.0,21750.2,,,,,100.0,100.0,11169.6
2096.35,0.0,21801.3,,,,,0.0,0.0,11159.4
2097.35,100.0,21801.3,,,,,100.0,100.0,11165.8
2098.35,100.0,21901.3,,,,,100.0,100.0,11175.8
2099.35,100.0,21867.5,,,,,100.0,100.0,11179.0
2100.35,0.0,21867.5,,,,,0.0,0.0,11179.0
2101.35,100.0,21833.3,,,,,100.0,100.0,11179.2
2102.35,100.0,21799.1,,,,,100.0,100.0,11179.2
2103.35,100.0,21699.0,,,,,100.0,100.0,11179.2
2104.35,1.28,21699.0,,,,,1.27,1.28,11160.3
2105.35,100.0,21733.1,,,,,100.0,100.0,11173.7
2106.35,0.0,21767.2,,,,,0.0,0.0,11173.8
2107.35,100.0,21784.3,,,,,100.0,100.0,11171.1
2108.35,100.0,21801.3,,,,,100.0,100.0,11167.4
2109.35,0.0,21835.3,,,,,0.0,0.0,11175.0
2110.35,100.0,21901.3,,,,,100.0,100.0,11177.2
2111.35,100.0,21867.5,,,,,100.0,100.0,11180.0
2112.35,100.0,21833.3,,,,,100.0,100.0,11180.2
2113.35,0.0,21833.3,,,,,0.0,0.0,11180.2
2114.35,100.0,21799.1,,,,,100.0,100.0,11180.2
2115.35,100.0,21682.0,,,,,100.0,100.0,11172.3
2116.35,0.0,21733.1,,,,,0.0,0.0,11158.9
2117.35,100.0,21733.1,,,,,100.0,100.0,11167.0
2118.35,100.0,21767.2,,,,,100.0,100.0,11159.0
2119.35,0.0,21801.3,,,,,0.0,0.0,11166.1
2120.35,100.0,21818.3,,,,,100.0,100.0,11174.6
2121.35,100.0,21901.3,,,,,100.0,100.0,11178.4
2122.35,100.0,21867.5,,,,,100.0,100.0,11181.3
2123.35,0.0,21867.5,,,,,0.0,0.0,11181.3
2124.35,100.0,21833.3,,,,,100.0,100.0,11181.5
2125.35,100.0,21799.1,,,,,100.0,100.0,11181.5
2126.35,100.0,21698.9,,,,,100.0,100.0,11181.8
2127.35,0.0,21699.0,,,,,0.0,0.0,11170.0
2128.35,100.0,21733.1,,,,,100.0,100.0,11168.0
2129.35,0.0,21767.2,,,,,0.0,0.0,11168.8
2130.35,100.0,21784.3,,,,,100.0,100.0,11169.2
2131.35,100.0,21801.3,,,,,100.0,100.0,11173.6
2132.35,100.0,21901.3,,,,,100.0,100.0,11179.7
2133.35,0.0,21901.3,,,,,0.0,0.0,11179.7
2134.35,100.0,21867.5,,,,,100.0,100.0,11183.0
2135.35,100.0,21833.3,,,,,100.0,100.0,11183.2
2136.35,100.0,21799.1,,,,,100.0,100.0,11183.2
2137.35,0.0,21799.1,,,,,0.0,0.0,11183.2
2138.35,100.0,21699.0,,,,,100.0,100.0,11177.0
2139.35,0.0,21733.1,,,,,0.0,0.0,11167.4
2140.35,100.0,21767.2,,,,,100.0,100.0,11177.8
2141.35,100.0,21767.2,,,,,100.0,100.0,11166.5
2142.35,100.0,21801.3,,,,,100.0,100.0,11178.6
2143.35,0.0,21835.3,,,,,0.0,0.0,11179.0
2144.35,100.0,21901.3,,,,,100.0,100.0,11181.2
2145.35,100.0,21867.5,,,,,100.0,100.0,11188.1
2146.35,100.0,21833.3,,,,,100.0,100.0,11188.3
2147.36,0.0,21833.3,,,,,0.0,0.0,11188.3
2148.36,100.0,21799.1,,,,,100.0,100.0,11188.3
2149.36,100.0,21698.9,,,,,100.0,100.0,11170.9
2150.36,0.0,21733.1,,,,,0.0,0.0,11164.0
2151.36,100.0,21733.1,,,,,100.0,100.0,11170.0
2152.36,100.0,21767.2,,,,,100.0,100.0,11182.9
2153.36,0.0,21801.3,,,,,0.0,0.0,11170.1
2154.36,100.0,21818.3,,,,,100.0,100.0,11179.6
2155.36,100.0,21901.3,,,,,100.0,100.0,11186.5
2156.36,100.0,21867.5,,,,,100.0,100.0,11189.7
2157.36,0.0,21867.5,,,,,0.0,0.0,11189.7
2158.36,100.0,21833.3,,,,,100.0,100.0,11189.9
2159.36,100.0,21799.1,,,,,100.0,100.0,11189.9
2160.36,100.0,21698.9,,,,,100.0,100.0,11190.1
2161.36,0.0,21699.0,,,,,0.0,0.0,11173.2
2162.36,100.0,21733.1,,,,,100.0,100.0,11183.8
2163.36,0.0,21767.2,,,,,0.0,0.0,11184.7
2164.36,100.0,21801.3,,,,,100.0,100.0,11185.2
2165.36,100.0,21801.3,,,,,100.0,100.0,11178.9
2166.36,100.0,21901.3,,,,,100.0,100.0,11188.1
2167.36,0.0,21901.3,,,,,0.0,0.0,11188.1
2168.36,100.0,21867.5,,,,,100.0,100.0,11191.0
2169.36,100.0,21833.3,,,,,100.0,100.0,11191.2
2170.36,100.0,21799.1,,,,,100.0,100.0,11191.2
2171.36,0.0,21799.1,,,,,0.0,0.0,11191.2
2172.36,100.0,21699.0,,,,,100.0,100.0,11185.1
2173.36,0.0,21733.1,,,,,0.0,0.0,11172.5
2174.36,100.0,21767.2,,,,,100.0,100.0,11185.9
2175.36,100.0,21767.2,,,,,100.0,100.0,11173.2
2176.36,100.0,21767.2,,,,,100.0,100.0,11182.2
2177.36,0.0,21835.3,,,,,0.0,0.0,11187.3
2178.36,100.0,21901.3,,,,,100.0,100.0,11189.5
2179.36,100.0,21867.5,,,,,100.0,100.0,11192.4
2180.36,100.0,21833.3,,,,,100.0,100.0,11192.6
2181.36,0.0,21833.3,,,,,0.0,0.0,11192.6
2182.36,100.0,21799.1,,,,,100.0,100.0,11192.6
2183.36,100.0,21698.9,,,,,100.0,100.0,11192.7
2184.36,0.0,21716.1,,,,,0.0,0.0,11175.1
2185.36,100.0,21733.1,,,,,100.0,100.0,11179.7
2186.36,100.0,21750.2,,,,,100.0,100.0,11184.0
2187.36,0.0,21801.3,,,,,0.0,0.0,11181.5
2188.36,100.0,21801.3,,,,,100.0,100.0,11184.8
2189.36,100.0,21901.3,,,,,100.0,100.0,11190.6
2190.36,0.0,21901.3,,,,,0.0,0.0,11190.6
2191.36,100.0,21867.5,,,,,100.0,100.0,11193.4
2192.36,100.0,21833.3,,,,,100.0,100.0,11193.6
2193.36,100.0,21799.1,,,,,100.0,100.0,11193.6
2194.36,0.0,21799.1,,,,,0.0,0.0,11193.6
2195.36,100.0,21699.0,,,,,100.0,100.0,11173.8
2196.36,0.0,21750.2,,,,,0.0,0.0,11185.4
2197.36,100.0,21767.2,,,,,100.0,100.0,11188.3
2198.36,100.0,21767.2,,,,,100.0,100.0,11182.7
2199.36,100.0,21801.3,,,,,100.0,100.0,11189.2
2200.36,0.0,21835.3,,,,,0.0,0.0,11189.7
2201.36,100.0,21901.3,,,,,100.0,100.0,11191.8
2202.36,100.0,21867.5,,,,,100.0,100.0,11198.5
2203.36,100.0,21833.3,,,,,100.0,100.0,11198.7
2204.36,0.0,21833.3,,,,,0.0,0.0,11198.7
2205.36,100.0,21799.1,,,,,100.0,100.0,11198.7
2206.36,100.0,21698.9,,,,,100.0,100.0,11187.2
2207.36,0.0,21733.1,,,,,0.0,0.0,11178.8
2208.36,100.0,21733.1,,,,,100.0,100.0,11186.2
2209.36,100.0,21767.2,,,,,100.0,100.0,11177.6
2210.36,0.0,21801.3,,,,,0.0,0.0,11185.8
2211.36,100.0,21818.3,,,,,100.0,100.0,11193.0
2212.36,100.0,21901.3,,,,,100.0,100.0,11196.8
2213.36,100.0,21867.5,,,,,100.0,100.0,11199.9
2214.36,0.0,21867.5,,,,,0.0,0.0,11199.9
2215.36,100.0,21833.3,,,,,100.0,100.0,11200.1
2216.37,100.0,21799.1,,,,,100.0,100.0,11200.1
2217.37,100.0,21698.9,,,,,100.0,100.0,11200.3
2218.37,0.0,21699.0,,,,,0.0,0.0,11185.5
2219.37,100.0,21733.1,,,,,100.0,100.0,11194.1
2220.37,0.0,21767.2,,,,,0.0,0.0,11184.0
2221.37,100.0,21801.3,,,,,100.0,100.0,11187.0
2222.37,100.0,21801.3,,,,,100.0,100.0,11191.3
2223.37,100.0,21901.3,,,,,100.0,100.0,11198.5
2224.37,0.0,21901.3,,,,,0.0,0.0,11198.5
2225.37,100.0,21867.5,,,,,100.0,100.0,11201.4
2226.37,100.0,21833.3,,,,,100.0,100.0,11201.6
2227.37,100.0,21799.1,,,,,100.0,100.0,11201.6
2228.37,0.0,21799.1,,,,,0.0,0.0,11201.6
2229.37,100.0,21699.0,,,,,100.0,100.0,11176.9
2230.37,0.0,21733.1,,,,,0.0,0.0,11185.8
2231.37,100.0,21767.2,,,,,100.0,100.0,11196.0
2232.37,100.0,21767.2,,,,,100.0,100.0,11185.7
2233.37,100.0,21784.3,,,,,100.0,100.0,11193.7
2234.37,0.0,21835.3,,,,,0.0,0.0,11197.3
2235.37,100.0,21901.3,,,,,100.0,100.0,11199.6
2236.37,100.0,21867.5,,,,,100.0,100.0,11202.6
2237.37,100.0,21833.3,,,,,100.0,100.0,11202.8
2238.37,0.0,21833.3,,,,,0.0,0.0,11202.8
2239.37,100.0,21799.1,,,,,100.0,100.0,11202.8
2240.37,100.0,21698.9,,,,,100.0,100.0,11185.1
2241.37,0.0,21733.1,,,,,0.0,0.0,11187.5
2242.37,100.0,21733.1,,,,,100.0,100.0,11191.5
2243.37,100.0,21750.2,,,,,100.0,100.0,11197.2
2244.37,0.0,21801.3,,,,,0.0,0.0,11192.9
2245.37,100.0,21818.3,,,,,100.0,100.0,11194.8
2246.37,100.0,21901.3,,,,,100.0,100.0,11201.2
2247.37,100.0,21867.5,,,,,100.0,100.0,11204.4
2248.37,0.0,21867.5,,,,,0.0,0.0,11204.4
2249.37,100.0,21833.3,,,,,100.0,100.0,11204.6
2250.37,100.0,21799.1,,,,,100.0,100.0,11204.6
2251.37,100.0,21698.9,,,,,100.0,100.0,11204.7
2252.37,0.0,21699.0,,,,,0.0,0.0,11186.1
2253.37,100.0,21733.1,,,,,100.0,100.0,11198.9
2254.37,0.0,21767.2,,,,,0.0,0.0,11188.0
2255.37,100.0,21801.3,,,,,100.0,100.0,11200.0
2256.37,100.0,21801.3,,,,,100.0,100.0,11200.4
2257.37,100.0,21901.3,,,,,100.0,100.0,11202.8
2258.37,0.0,21901.3,,,,,0.0,0.0,11202.8
2259.37,100.0,21867.5,,,,,100.0,100.0,11205.6
2260.37,100.0,21833.3,,,,,100.0,100.0,11205.8
2261.37,100.0,21799.1,,,,,100.0,100.0,11205.8
2262.37,0.0,21799.1,,,,,0.0,0.0,11205.8
2263.37,100.0,21699.0,,,,,100.0,100.0,11199.6
2264.37,0.0,21733.1,,,,,0.0,0.0,11186.8
2265.37,100.0,21750.2,,,,,100.0,100.0,11198.4
2266.37,100.0,21767.2,,,,,100.0,100.0,11187.3
2267.37,100.0,21767.2,,,,,100.0,100.0,11195.6
2268.37,0.0,21835.3,,,,,0.0,0.0,11201.4
2269.37,100.0,21901.3,,,,,100.0,100.0,11203.5
2270.37,100.0,21867.5,,,,,100.0,100.0,11206.8
2271.37,0.0,21867.5,,,,,0.0,0.0,11206.8
2272.37,100.0,21833.3,,,,,100.0,100.0,11207.0
2273.37,100.0,21799.1,,,,,100.0,100.0,11207.0
2274.37,100.0,21698.9,,,,,100.0,100.0,11207.2
2275.37,0.0,21716.1,,,,,0.0,0.0,11198.7
2276.37,100.0,21733.1,,,,,100.0,100.0,11201.5
2277.37,0.0,21784.3,,,,,0.0,0.0,11196.9
2278.37,100.0,21801.3,,,,,100.0,100.0,11195.4
2279.37,100.0,21801.3,,,,,100.0,100.0,11194.8
2280.37,100.0,21901.3,,,,,100.0,100.0,11205.2
2281.37,0.0,21901.3,,,,,0.0,0.0,11205.2
2282.38,100.0,21867.5,,,,,100.0,100.0,11208.0
2283.38,100.0,21833.3,,,,,100.0,100.0,11208.2
2284.38,100.0,21799.1,,,,,100.0,100.0,11208.2
2285.38,0.0,21799.1,,,,,0.0,0.0,11208.2
2286.38,100.0,21699.0,,,,,100.0,100.0,11188.1
2287.38,0.0,21733.1,,,,,0.0,0.0,11197.5
2288.38,100.0,21767.2,,,,,100.0,100.0,11203.1
2289.38,100.0,21767.2,,,,,100.0,100.0,11193.2
2290.38,100.0,21801.3,,,,,100.0,100.0,11204.0
2291.38,0.0,21835.3,,,,,0.0,0.0,11204.5
2292.38,100.0,21901.3,,,,,100.0,100.0,11206.5
2293.38,100.0,21867.5,,,,,100.0,100.0,11209.7
2294.38,100.0,21833.3,,,,,100.0,100.0,11209.9
2295.38,0.0,21833.3,,,,,0.0,0.0,11209.9
2296.38,100.0,21799.1,,,,,100.0,100.0,11209.9
2297.38,100.0,21698.9,,,,,100.0,100.0,11196.4
2298.38,0.0,21733.1,,,,,0.0,0.0,11189.5
2299.38,100.0,21733.1,,,,,100.0,100.0,11195.9
2300.38,100.0,21767.2,,,,,100.0,100.0,11197.8
2301.38,0.0,21801.3,,,,,0.0,0.0,11203.7
2302.38,100.0,21818.3,,,,,100.0,100.0,11202.6
2303.38,100.0,21901.3,,,,,100.0,100.0,11208.0
2304.38,100.0,21867.5,,,,,100.0,100.0,11210.8
2305.38,0.0,21867.5,,,,,0.0,0.0,11210.8
2306.38,100.0,21833.3,,,,,100.0,100.0,11211.0
2307.38,100.0,21799.1,,,,,100.0,100.0,11211.0
2308.38,100.0,21698.9,,,,,100.0,100.0,11211.2
2309.38,0.0,21699.0,,,,,0.0,0.0,11195.8
2310.38,100.0,21733.1,,,,,100.0,100.0,11205.5
2311.38,0.0,21767.2,,,,,0.0,0.0,11195.5
2312.38,100.0,21801.3,,,,,100.0,100.0,11206.7
2313.38,100.0,21801.3,,,,,100.0,100.0,11206.7
2314.38,100.0,21901.3,,,,,100.0,100.0,11209.2
2315.38,0.0,21901.3,,,,,0.0,0.0,11209.2
2316.38,100.0,21867.5,,,,,100.0,100.0,11212.0
2317.38,100.0,21833.3,,,,,100.0,100.0,11212.2
2318.38,100.0,21799.1,,,,,100.0,100.0,11212.2
2319.38,0.0,21799.1,,,,,0.0,0.0,11212.2
2320.38,100.0,21699.0,,,,,100.0,100.0,11187.4
2321.38,0.0,21733.1,,,,,0.0,0.0,11195.7
2322.38,100.0,21767.2,,,,,100.0,100.0,11207.4
2323.38,100.0,21767.2,,,,,100.0,100.0,11195.9
2324.38,100.0,21784.3,,,,,100.0,100.0,11206.6
2325.38,0.0,21835.3,,,,,0.0,0.0,11208.4
2326.38,100.0,21901.3,,,,,100.0,100.0,11210.5
2327.38,100.0,21867.5,,,,,100.0,100.0,11213.5
2328.38,100.0,21833.3,,,,,100.0,100.0,11213.6
2329.38,0.0,21833.3,,,,,0.0,0.0,11213.6
2330.38,100.0,21799.1,,,,,100.0,100.0,11213.6
2331.38,100.0,21698.9,,,,,100.0,100.0,11195.6
2332.38,0.0,21733.1,,,,,0.0,0.0,11207.5
2333.38,100.0,21733.1,,,,,100.0,100.0,11207.7
2334.38,100.0,21767.2,,,,,100.0,100.0,11198.0
2335.38,0.0,21801.3,,,,,0.0,0.0,11195.1
2336.38,100.0,21801.3,,,,,100.0,100.0,11205.1
2337.38,100.0,21901.3,,,,,100.0,100.0,11211.8
2338.38,100.0,21867.5,,,,,100.0,100.0,11214.7
2339.38,0.0,21867.5,,,,,0.0,0.0,11214.7
2340.38,100.0,21833.3,,,,,100.0,100.0,11214.9
2341.38,100.0,21799.1,,,,,100.0,100.0,11214.9
2342.38,100.0,21698.9,,,,,100.0,100.0,11215.0
2343.38,0.0,21699.0,,,,,0.0,0.0,11195.8
2344.38,100.0,21716.1,,,,,100.0,100.0,11208.4
2345.38,0.0,21767.2,,,,,0.0,0.0,11196.5
2346.38,100.0,21784.3,,,,,100.0,100.0,11207.2
2347.38,100.0,21801.3,,,,,100.0,100.0,11210.5
2348.38,100.0,21901.3,,,,,100.0,100.0,11213.1
2349.38,0.0,21901.3,,,,,0.0,0.0,11213.1
2350.39,100.0,21867.5,,,,,100.0,100.0,11216.0
2351.39,100.0,21833.3,,,,,100.0,100.0,11216.2
2352.39,100.0,21799.1,,,,,100.0,100.0,11216.2
2353.39,0.0,21799.1,,,,,0.0,0.0,11216.2
2354.39,100.0,21699.0,,,,,100.0,100.0,11188.7
2355.39,0.0,21733.1,,,,,0.0,0.0,11196.5
2356.39,100.0,21750.1,,,,,100.0,100.0,11210.3
2357.39,100.0,21767.2,,,,,100.0,100.0,11197.2
2358.39,100.0,21767.2,,,,,100.0,100.0,11204.3
2359.39,0.0,21835.3,,,,,0.0,0.0,11212.2
2360.39,100.0,21901.3,,,,,100.0,100.0,11214.4
2361.39,100.0,21867.5,,,,,100.0,100.0,11217.0
2362.39,0.0,21867.5,,,,,0.0,0.0,11217.0
2363.39,100.0,21833.3,,,,,100.0,100.0,11217.2
2364.39,100.0,21799.1,,,,,100.0,100.0,11217.2
2365.39,100.0,21698.9,,,,,100.0,100.0,11197.0
2366.39,0.0,21733.1,,,,,0.0,0.0,11210.8
2367.39,100.0,21733.1,,,,,100.0,100.0,11212.1
2368.39,0.0,21784.3,,,,,0.0,0.0,11210.2
2369.39,100.0,21801.3,,,,,100.0,100.0,11205.6
2370.39,100.0,21801.3,,,,,100.0,100.0,11206.4
2371.39,100.0,21901.3,,,,,100.0,100.0,11215.5
2372.39,0.0,21901.3,,,,,0.0,0.0,11215.5
2373.39,100.0,21867.5,,,,,100.0,100.0,11218.3
2374.39,100.0,21833.3,,,,,100.0,100.0,11218.5
2375.39,100.0,21799.1,,,,,100.0,100.0,11218.5
2376.39,0.0,21799.1,,,,,0.0,0.0,11218.5
2377.39,100.0,21699.0,,,,,100.0,100.0,11211.3
2378.39,0.0,21733.1,,,,,0.0,0.0,11211.5
2379.39,100.0,21733.1,,,,,100.0,100.0,11209.5
2380.39,100.0,21767.2,,,,,100.0,100.0,11212.4
2381.39,100.0,21767.2,,,,,100.0,100.0,11205.2
2382.39,0.0,21835.3,,,,,0.0,0.0,11213.7
2383.39,100.0,21901.3,,,,,100.0,100.0,11215.8
2384.39,100.0,21867.5,,,,,100.0,100.0,11222.5
2385.39,0.0,21867.5,,,,,0.0,0.0,11222.5
2386.39,100.0,21833.3,,,,,100.0,100.0,11222.7
2387.39,100.0,21799.1,,,,,100.0,100.0,11222.7
2388.39,100.0,21698.9,,,,,100.0,100.0,11203.7
2389.39,0.0,21716.1,,,,,0.0,0.0,11214.0
2390.39,100.0,21733.1,,,,,100.0,100.0,11203.8
2391.39,0.0,21767.2,,,,,0.0,0.0,11211.8
2392.39,100.0,21801.3,,,,,100.0,100.0,11218.4
2393.39,100.0,21801.3,,,,,100.0,100.0,11210.0
2394.39,100.0,21901.3,,,,,100.0,100.0,11221.1
2395.39,0.0,21901.3,,,,,0.0,0.0,11221.1
2396.39,100.0,21867.5,,,,,100.0,100.0,11223.8
2397.39,100.0,21833.3,,,,,100.0,100.0,11224.0
2398.39,100.0,21799.1,,,,,100.0,100.0,11224.0
2399.39,0.0,21799.1,,,,,0.0,0.0,11224.0
2400.39,100.0,21699.0,,,,,100.0,100.0,11203.5
2401.39,0.0,21733.1,,,,,0.0,0.0,11213.6
2402.39,100.0,21767.2,,,,,100.0,100.0,11203.9
2403.39,100.0,21767.2,,,,,100.0,100.0,11209.1
2404.39,100.0,21801.3,,,,,100.0,100.0,11211.7
2405.39,0.0,21835.3,,,,,0.0,0.0,11220.2
2406.39,100.0,21901.3,,,,,100.0,100.0,11222.4
2407.39,100.0,21867.5,,,,,100.0,100.0,11225.5
2408.39,100.0,21833.3,,,,,100.0,100.0,11225.7
2409.39,0.0,21833.3,,,,,0.0,0.0,11225.7
2410.39,100.0,21799.1,,,,,100.0,100.0,11225.7
2411.39,100.0,21698.9,,,,,100.0,100.0,11213.1
2412.39,0.0,21733.1,,,,,0.0,0.0,11219.6
2413.39,100.0,21750.2,,,,,100.0,100.0,11214.4
2414.39,100.0,21767.2,,,,,100.0,100.0,11213.9
2415.39,0.0,21801.3,,,,,0.0,0.0,11212.6
2416.39,100.0,21818.3,,,,,100.0,100.0,11217.7
2417.39,100.0,21901.3,,,,,100.0,100.0,11224.1
2418.4,100.0,21867.5,,,,,100.0,100.0,11230.6
2419.4,0.0,21867.5,,,,,0.0,0.0,11230.6
2420.4,100.0,21833.3,,,,,100.0,100.0,11230.8
2421.4,100.0,21799.1,,,,,100.0,100.0,11230.8
2422.4,100.0,21698.9,,,,,100.0,100.0,11207.2
2423.4,0.0,21699.0,,,,,0.0,0.0,11215.5
2424.4,100.0,21733.1,,,,,100.0,100.0,11225.0
2425.4,0.0,21767.2,,,,,0.0,0.0,11214.4
2426.4,100.0,21801.3,,,,,100.0,100.0,11226.5
2427.4,100.0,21801.3,,,,,100.0,100.0,11215.1
2428.4,100.0,21901.3,,,,,100.0,100.0,11229.4
2429.4,0.0,21901.3,,,,,0.0,0.0,11229.4
2430.4,100.0,21867.5,,,,,100.0,100.0,11236.0
2431.4,100.0,21833.3,,,,,100.0,100.0,11236.2
2432.4,100.0,21799.1,,,,,100.0,100.0,11236.2
2433.4,0.0,21799.1,,,,,0.0,0.0,11236.2
2434.4,100.0,21699.0,,,,,100.0,100.0,11230.1
2435.4,0.0,21733.1,,,,,0.0,0.0,11219.8
2436.4,100.0,21767.2,,,,,100.0,100.0,11212.8
2437.4,100.0,21767.2,,,,,100.0,100.0,11219.7
2438.4,100.0,21801.3,,,,,100.0,100.0,11231.7
2439.4,0.0,21835.3,,,,,0.0,0.0,11232.3
2440.4,100.0,21901.3,,,,,100.0,100.0,11234.5
2441.4,100.0,21867.5,,,,,100.0,100.0,11237.6
2442.4,100.0,21833.3,,,,,100.0,100.0,11237.8
2443.4,0.0,21833.3,,,,,0.0,0.0,11237.8
2444.4,100.0,21799.1,,,,,100.0,100.0,11237.8
2445.4,100.0,21698.9,,,,,100.0,100.0,11220.6
2446.4,0.0,21733.1,,,,,0.0,0.0,11231.8
2447.4,100.0,21733.1,,,,,100.0,100.0,11221.2
2448.4,100.0,21750.2,,,,,100.0,100.0,11231.9
2449.4,0.0,21801.3,,,,,0.0,0.0,11233.5
2450.4,100.0,21801.3,,,,,100.0,100.0,11227.1
2451.4,100.0,21901.3,,,,,100.0,100.0,11236.3
2452.4,100.0,21867.5,,,,,100.0,100.0,11239.6
2453.4,0.0,21867.5,,,,,0.0,0.0,11239.6
2454.4,100.0,21833.3,,,,,100.0,100.0,11239.8
2455.4,100.0,21799.1,,,,,100.0,100.0,11239.8
2456.4,100.0,21698.9,,,,,100.0,100.0,11240.0
2457.4,0.0,21699.0,,,,,0.0,0.0,11221.4
2458.4,100.0,21733.1,,,,,100.0,100.0,11234.3
2459.4,0.0,21767.2,,,,,0.0,0.0,11222.7
2460.4,100.0,21784.3,,,,,100.0,100.0,11233.6
2461.4,100.0,21801.3,,,,,100.0,100.0,11223.5
2462.4,100.0,21901.3,,,,,100.0,100.0,11238.0
2463.4,0.0,21901.3,,,,,0.0,0.0,11238.0
2464.4,100.0,21867.5,,,,,100.0,100.0,11240.8
2465.4,100.0,21833.3,,,,,100.0,100.0,11241.0
2466.4,100.0,21799.1,,,,,100.0,100.0,11241.0
2467.4,0.0,21799.1,,,,,0.0,0.0,11241.0
2468.4,100.0,21699.0,,,,,100.0,100.0,11235.1
2469.4,0.0,21733.1,,,,,0.0,0.0,11235.1
2470.4,100.0,21750.2,,,,,100.0,100.0,11232.4
2471.4,100.0,21767.2,,,,,100.0,100.0,11229.9
2472.4,100.0,21784.3,,,,,100.0,100.0,11231.5
2473.4,0.0,21835.3,,,,,0.0,0.0,11237.2
2474.4,100.0,21901.3,,,,,100.0,100.0,11239.5
2475.4,100.0,21867.5,,,,,100.0,100.0,11246.5
2476.4,0.0,21867.5,,,,,0.0,0.0,11246.5
2477.4,100.0,21833.3,,,,,100.0,100.0,11246.7
2478.4,100.0,21799.1,,,,,100.0,100.0,11246.7
2479.4,100.0,21698.9,,,,,100.0,100.0,11227.3
2480.4,0.0,21733.1,,,,,0.0,0.0,11240.4
2481.4,100.0,21733.1,,,,,100.0,100.0,11227.8
2482.4,0.0,21767.2,,,,,0.0,0.0,11235.0
2483.4,100.0,21801.3,,,,,100.0,100.0,11242.2
2484.41,100.0,21801.3,,,,,100.0,100.0,11233.0
2485.41,100.0,21901.3,,,,,100.0,100.0,11244.8
2486.41,0.0,21901.3,,,,,0.0,0.0,11244.8
2487.41,100.0,21867.5,,,,,100.0,100.0,11247.5
2488.41,100.0,21833.3,,,,,100.0,100.0,11247.7
2489.41,100.0,21799.1,,,,,100.0,100.0,11247.7
2490.41,0.0,21799.1,,,,,0.0,0.0,11247.7
2491.41,100.0,21699.0,,,,,100.0,100.0,11234.4
2492.41,0.0,21733.1,,,,,0.0,0.0,11238.1
2493.41,100.0,21767.2,,,,,100.0,100.0,11229.2
2494.41,100.0,21784.3,,,,,100.0,100.0,11237.8
2495.41,100.0,21801.3,,,,,100.0,100.0,11229.3
2496.41,0.0,21835.3,,,,,0.0,0.0,11244.1
2497.41,100.0,21901.3,,,,,100.0,100.0,11246.3
2498.41,100.0,21867.5,,,,,100.0,100.0,11249.3
2499.41,100.0,21833.3,,,,,100.0,100.0,11249.4
2500.41,0.0,21833.3,,,,,0.0,0.0,11249.4
2501.41,100.0,21799.1,,,,,100.0,100.0,11249.4
2502.41,100.0,21698.9,,,,,100.0,100.0,11236.2
2503.41,0.0,21733.1,,,,,0.0,0.0,11243.3
2504.41,100.0,21733.1,,,,,100.0,100.0,11234.7
2505.41,100.0,21767.2,,,,,100.0,100.0,11244.1
2506.41,0.0,21801.3,,,,,0.0,0.0,11234.9
2507.41,100.0,21835.3,,,,,100.0,100.0,11245.1
2508.41,100.0,21901.3,,,,,100.0,100.0,11247.6
2509.41,100.0,21867.5,,,,,100.0,100.0,11250.4
2510.41,0.0,21867.5,,,,,0.0,0.0,11250.4
2511.41,100.0,21833.3,,,,,100.0,100.0,11250.5
2512.41,100.0,21799.1,,,,,100.0,100.0,11250.6
2513.41,100.0,21698.9,,,,,100.0,100.0,11226.9
2514.41,0.0,21699.0,,,,,0.0,0.0,11236.5
2515.41,100.0,21733.1,,,,,100.0,100.0,11229.4
2516.41,0.0,21767.2,,,,,0.0,0.0,11237.2
2517.41,100.0,21801.3,,,,,100.0,100.0,11246.0
2518.41,100.0,21801.3,,,,,100.0,100.0,11237.4
2519.41,100.0,21901.3,,,,,100.0,100.0,11248.9
2520.41,0.0,21901.3,,,,,0.0,0.0,11248.9
2521.41,100.0,21867.5,,,,,100.0,100.0,11251.5
2522.41,100.0,21833.3,,,,,100.0,100.0,11251.7
2523.41,100.0,21799.1,,,,,100.0,100.0,11251.8
2524.41,0.0,21799.1,,,,,0.0,0.0,11251.8
2525.41,100.0,21699.0,,,,,100.0,100.0,11245.8
2526.41,0.0,21733.1,,,,,0.0,0.0,11236.7
2527.41,100.0,21767.2,,,,,100.0,100.0,11237.8
2528.41,100.0,21767.2,,,,,100.0,100.0,11234.3
2529.41,100.0,21801.3,,,,,100.0,100.0,11247.4
2530.41,0.0,21835.3,,,,,0.0,0.0,11247.9
2531.41,100.0,21901.3,,,,,100.0,100.0,11250.2
2532.41,100.0,21867.5,,,,,100.0,100.0,11252.7
2533.41,100.0,21833.3,,,,,100.0,100.0,11252.9
2534.41,0.0,21833.3,,,,,0.0,0.0,11252.9
2535.41,100.0,21799.1,,,,,100.0,100.0,11252.9
2536.41,100.0,21698.9,,,,,100.0,100.0,11234.7
2537.41,0.0,21733.1,,,,,0.0,0.0,11246.9
2538.41,100.0,21733.1,,,,,100.0,100.0,11236.1
2539.41,100.0,21750.2,,,,,100.0,100.0,11247.5
2540.41,0.0,21801.3,,,,,0.0,0.0,11237.0
2541.41,100.0,21818.3,,,,,100.0,100.0,11243.5
2542.41,100.0,21901.3,,,,,100.0,100.0,11251.5
2543.41,100.0,21867.5,,,,,100.0,100.0,11254.6
2544.41,0.0,21867.5,,,,,0.0,0.0,11254.6
2545.41,100.0,21833.3,,,,,100.0,100.0,11254.8
2546.41,100.0,21799.1,,,,,100.0,100.0,11254.8
2547.41,100.0,21698.9,,,,,100.0,100.0,11254.9
2548.41,0.0,21699.0,,,,,0.0,0.0,11235.6
2549.41,100.0,21733.1,,,,,100.0,100.0,11249.2
2550.41,0.0,21767.2,,,,,0.0,0.0,11236.9
2551.41,100.0,21784.3,,,,,100.0,100.0,11245.7
2552.42,100.0,21801.3,,,,,100.0,100.0,11236.8
2553.42,100.0,21901.3,,,,,100.0,100.0,11253.0
2554.42,0.0,21901.3,,,,,0.0,0.0,11253.0
2555.42,100.0,21867.5,,,,,100.0,100.0,11255.7
2556.42,100.0,21833.3,,,,,100.0,100.0,11255.8
2557.42,100.0,21799.1,,,,,100.0,100.0,11255.8
2558.42,0.0,21799.1,,,,,0.0,0.0,11255.8
2559.42,100.0,21699.0,,,,,100.0,100.0,11249.8
2560.42,0.0,21733.1,,,,,0.0,0.0,11250.1
2561.42,100.0,21750.2,,,,,100.0,100.0,11238.5
2562.42,100.0,21767.2,,,,,100.0,100.0,11245.0
2563.42,100.0,21784.3,,,,,100.0,100.0,11247.4
2564.42,0.0,21835.3,,,,,0.0,0.0,11252.0
2565.42,100.0,21901.3,,,,,100.0,100.0,11254.3
2566.42,100.0,21867.5,,,,,100.0,100.0,11264.7
2567.42,0.0,21867.5,,,,,0.0,0.0,11264.7
2568.42,100.0,21833.3,,,,,100.0,100.0,11264.9
2569.42,100.0,21799.1,,,,,100.0,100.0,11264.9
2570.42,100.0,21698.9,,,,,100.0,100.0,11244.4
2571.42,0.0,21716.1,,,,,0.0,0.0,11255.8
2572.42,100.0,21733.1,,,,,100.0,100.0,11245.5
2573.42,0.0,21784.3,,,,,0.0,0.0,11255.0
2574.42,100.0,21801.3,,,,,100.0,100.0,11260.7
2575.42,100.0,21801.3,,,,,100.0,100.0,11252.7
2576.42,100.0,21901.3,,,,,100.0,100.0,11263.4
2577.42,0.0,21901.3,,,,,0.0,0.0,11263.4
2578.42,100.0,21867.5,,,,,100.0,100.0,11265.9
2579.42,100.0,21833.3,,,,,100.0,100.0,11266.1
2580.42,100.0,21799.1,,,,,100.0,100.0,11266.1
2581.42,0.0,21799.1,,,,,0.0,0.0,11266.1
2582.42,100.0,21699.0,,,,,100.0,100.0,11260.2
2583.42,0.0,21733.1,,,,,0.0,0.0,11253.2
2584.42,100.0,21767.2,,,,,100.0,100.0,11261.1
2585.42,100.0,21767.2,,,,,100.0,100.0,11250.4
2586.42,100.0,21801.3,,,,,100.0,100.0,11243.1
2587.42,0.0,21835.3,,,,,0.0,0.0,11262.3
2588.42,100.0,21901.3,,,,,100.0,100.0,11264.4
2589.42,100.0,21867.5,,,,,100.0,100.0,11266.9
2590.42,100.0,21833.3,,,,,100.0,100.0,11267.1
2591.42,0.0,21833.3,,,,,0.0,0.0,11267.1
2592.42,100.0,21799.1,,,,,100.0,100.0,11267.1
2593.42,100.0,21698.9,,,,,100.0,100.0,11253.3
2594.42,0.0,21733.1,,,,,0.0,0.0,11261.3
2595.42,100.0,21733.1,,,,,100.0,100.0,11251.4
2596.42,100.0,21767.2,,,,,100.0,100.0,11262.1
2597.42,0.0,21801.3,,,,,0.0,0.0,11252.9
2598.42,100.0,21835.3,,,,,100.0,100.0,11262.9
2599.42,100.0,21901.3,,,,,100.0,100.0,11265.5
2600.42,100.0,21867.5,,,,,100.0,100.0,11268.1
2601.42,0.0,21867.5,,,,,0.0,0.0,11268.1
2602.42,100.0,21833.3,,,,,100.0,100.0,11268.2
2603.42,100.0,21799.1,,,,,100.0,100.0,11268.2
2604.42,100.0,21698.9,,,,,100.0,100.0,11252.5
2605.42,0.0,21699.0,,,,,0.0,0.0,11252.8
2606.42,100.0,21733.1,,,,,100.0,100.0,11245.0
2607.42,0.0,21767.2,,,,,0.0,0.0,11252.8
2608.42,100.0,21801.3,,,,,100.0,100.0,11264.2
2609.42,100.0,21801.3,,,,,100.0,100.0,11252.7
2610.42,100.0,21901.3,,,,,100.0,100.0,11266.9
2611.42,0.0,21901.3,,,,,0.0,0.0,11266.9
2612.42,100.0,21867.5,,,,,100.0,100.0,11269.5
2613.42,100.0,21833.3,,,,,100.0,100.0,11269.6
2614.42,100.0,21799.1,,,,,100.0,100.0,11269.6
2615.42,0.0,21799.1,,,,,0.0,0.0,11269.6
2616.42,100.0,21699.0,,,,,100.0,100.0,11263.7
2617.42,0.0,21733.1,,,,,0.0,0.0,11254.2
2618.42,100.0,21767.2,,,,,100.0,100.0,11264.3
2619.42,100.0,21767.2,,,,,100.0,100.0,11264.5
2620.42,100.0,21784.3,,,,,100.0,100.0,11251.3
2621.43,0.0,21835.3,,,,,0.0,0.0,11265.8
2622.43,100.0,21901.3,,,,,100.0,100.0,11268.0
2623.43,100.0,21867.5,,,,,100.0,100.0,11270.6
2624.43,100.0,21833.3,,,,,100.0,100.0,11270.8
2625.43,0.0,21833.3,,,,,0.0,0.0,11270.8
2626.43,100.0,21799.1,,,,,100.0,100.0,11270.8
2627.43,100.0,21698.9,,,,,100.0,100.0,11252.3
2628.43,0.0,21733.1,,,,,0.0,0.0,11265.2
2629.43,100.0,21733.1,,,,,100.0,100.0,11254.5
2630.43,100.0,21750.2,,,,,100.0,100.0,11264.5
2631.43,0.0,21801.3,,,,,0.0,0.0,11254.7
2632.43,100.0,21818.3,,,,,100.0,100.0,11261.0
2633.43,100.0,21901.3,,,,,100.0,100.0,11269.2
2634.43,100.0,21867.5,,,,,100.0,100.0,11271.6
2635.43,0.0,21867.5,,,,,0.0,0.0,11271.6
2636.43,100.0,21833.3,,,,,100.0,100.0,11271.7
2637.43,100.0,21799.1,,,,,100.0,100.0,11271.7
2638.43,100.0,21698.9,,,,,100.0,100.0,11271.9
2639.43,0.0,21699.0,,,,,0.0,0.0,11252.3
2640.43,100.0,21716.1,,,,,100.0,100.0,11255.7
2641.43,0.0,21767.2,,,,,0.0,0.0,11259.9
2642.43,100.0,21767.2,,,,,100.0,100.0,11261.3
2643.43,100.0,21801.3,,,,,100.0,100.0,11260.7
2644.43,100.0,21901.3,,,,,100.0,100.0,11270.2
2645.43,0.0,21901.3,,,,,0.0,0.0,11270.2
2646.43,100.0,21867.5,,,,,100.0,100.0,11276.8
2647.43,100.0,21833.3,,,,,100.0,100.0,11277.0
2648.43,100.0,21799.1,,,,,100.0,100.0,11277.0
2649.43,0.0,21799.1,,,,,0.0,0.0,11277.0
2650.43,100.0,21699.0,,,,,100.0,100.0,11271.1
2651.43,0.0,21733.1,,,,,0.0,0.0,11258.6
2652.43,100.0,21750.2,,,,,100.0,100.0,11267.3
2653.43,100.0,21767.2,,,,,100.0,100.0,11272.2
2654.43,0.0,21801.2,,,,,0.0,0.0,11265.0
2655.43,100.0,21835.3,,,,,100.0,100.0,11273.3
2656.43,100.0,21901.3,,,,,100.0,100.0,11275.6
2657.43,100.0,21867.5,,,,,100.0,100.0,11278.1
2658.43,0.0,21867.5,,,,,0.0,0.0,11278.1
2659.43,100.0,21833.3,,,,,100.0,100.0,11278.3
2660.43,100.0,21799.1,,,,,100.0,100.0,11278.3
2661.43,100.0,21698.9,,,,,100.0,100.0,11257.1
2662.43,0.0,21699.0,,,,,0.0,0.0,11270.0
2663.43,100.0,21733.1,,,,,100.0,100.0,11258.7
2664.43,0.0,21767.2,,,,,0.0,0.0,11265.5
2665.43,100.0,21801.3,,,,,100.0,100.0,11258.0
2666.43,100.0,21801.3,,,,,100.0,100.0,11265.2
2667.43,100.0,21901.3,,,,,100.0,100.0,11276.7
2668.43,0.0,21901.3,,,,,0.0,0.0,11276.7
2669.43,100.0,21867.5,,,,,100.0,100.0,11279.6
2670.43,100.0,21833.3,,,,,100.0,100.0,11279.7
2671.43,100.0,21799.1,,,,,100.0,100.0,11279.7
2672.43,0.0,21799.1,,,,,0.0,0.0,11279.7
2673.43,100.0,21699.0,,,,,100.0,100.0,11274.0
2674.43,0.0,21733.1,,,,,0.0,0.0,11268.1
2675.43,100.0,21767.2,,,,,100.0,100.0,11274.7
2676.43,100.0,21767.2,,,,,100.0,100.0,11265.6
2677.43,100.0,21801.3,,,,,100.0,100.0,11266.4
2678.43,0.0,21835.3,,,,,0.0,0.0,11275.9
2679.43,100.0,21901.3,,,,,100.0,100.0,11278.0
2680.43,100.0,21867.5,,,,,100.0,100.0,11280.5
2681.43,100.0,21833.3,,,,,100.0,100.0,11280.7
2682.43,0.0,21833.3,,,,,0.0,0.0,11280.7
2683.43,100.0,21799.1,,,,,100.0,100.0,11280.7
2684.43,100.0,21698.9,,,,,100.0,100.0,11265.3
2685.43,0.0,21733.1,,,,,0.0,0.0,11274.9
2686.43,100.0,21733.1,,,,,100.0,100.0,11264.9
2687.43,100.0,21767.2,,,,,100.0,100.0,11275.8
2688.43,0.0,21801.3,,,,,0.0,0.0,11265.9
2689.43,100.0,21818.3,,,,,100.0,100.0,11274.1
2690.44,100.0,21901.3,,,,,100.0,100.0,11279.0
2691.44,100.0,21867.5,,,,,100.0,100.0,11281.7
2692.44,0.0,21867.5,,,,,0.0,0.0,11281.7
2693.44,100.0,21833.3,,,,,100.0,100.0,11281.8
2694.44,100.0,21799.1,,,,,100.0,100.0,11281.8
2695.44,100.0,21698.9,,,,,100.0,100.0,11282.1
2696.44,0.0,21699.0,,,,,0.0,0.0,11263.9
2697.44,100.0,21733.1,,,,,100.0,100.0,11267.1
2698.44,0.0,21767.2,,,,,0.0,0.0,11264.8
2699.44,100.0,21784.3,,,,,100.0,100.0,11275.9
2700.44,100.0,21801.3,,,,,100.0,100.0,11264.7
2701.44,100.0,21901.3,,,,,100.0,100.0,11280.4
2702.44,0.0,21901.3,,,,,0.0,0.0,11280.4
2703.44,100.0,21867.5,,,,,100.0,100.0,11283.3
2704.44,100.0,21833.3,,,,,100.0,100.0,11283.5
2705.44,100.0,21799.1,,,,,100.0,100.0,11283.5
2706.44,0.0,21799.1,,,,,0.0,0.0,11283.5
2707.44,100.0,21699.0,,,,,100.0,100.0,11277.4
2708.44,0.0,21733.1,,,,,0.0,0.0,11266.7
2709.44,100.0,21767.2,,,,,100.0,100.0,11278.3
2710.44,100.0,21767.2,,,,,100.0,100.0,11278.4
2711.44,100.0,21784.3,,,,,100.0,100.0,11278.6
2712.44,0.0,21835.3,,,,,0.0,0.0,11279.7
2713.44,100.0,21901.3,,,,,100.0,100.0,11281.8
2714.44,100.0,21867.5,,,,,100.0,100.0,11284.4
2715.44,100.0,21833.3,,,,,100.0,100.0,11284.6
2716.44,0.0,21833.3,,,,,0.0,0.0,11284.6
2717.44,100.0,21799.1,,,,,100.0,100.0,11284.6
2718.44,100.0,21698.9,,,,,100.0,100.0,11265.2
2719.44,0.0,21733.1,,,,,0.0,0.0,11278.8
2720.44,100.0,21733.1,,,,,100.0,100.0,11266.5
2721.44,100.0,21750.2,,,,,100.0,100.0,11275.7
2722.44,0.0,21801.3,,,,,0.0,0.0,11265.9
2723.44,100.0,21818.3,,,,,100.0,100.0,11274.0
2724.44,100.0,21901.3,,,,,100.0,100.0,11283.1
2725.44,100.0,21867.5,,,,,100.0,100.0,11286.0
2726.44,0.0,21867.5,,,,,0.0,0.0,11286.0
2727.44,100.0,21833.3,,,,,100.0,100.0,11286.2
2728.44,100.0,21799.1,,,,,100.0,100.0,11286.2
2729.44,100.0,21698.9,,,,,100.0,100.0,11286.3
2730.44,0.0,21699.0,,,,,0.0,0.0,11280.4
2731.44,100.0,21716.1,,,,,100.0,100.0,11270.8
2732.44,0.0,21767.2,,,,,0.0,0.0,11276.3
2733.44,100.0,21784.3,,,,,100.0,100.0,11276.4
2734.44,100.0,21801.3,,,,,100.0,100.0,11277.0
2735.44,100.0,21901.3,,,,,100.0,100.0,11283.9
2736.44,0.0,21901.3,,,,,0.0,0.0,11284.6
2737.44,100.0,21867.5,,,,,100.0,100.0,11287.3
2738.44,100.0,21833.3,,,,,100.0,100.0,11287.5
2739.44,0.0,21833.3,,,,,0.0,0.0,11287.5
2740.44,100.0,21799.1,,,,,100.0,100.0,11287.5
2741.44,100.0,21699.0,,,,,100.0,100.0,11281.2
2742.44,0.0,21733.1,,,,,0.0,0.0,11268.6
2743.44,100.0,21750.2,,,,,100.0,100.0,11279.7
2744.44,100.0,21767.2,,,,,100.0,100.0,11282.9
2745.44,0.0,21818.3,,,,,0.0,0.0,11279.2
2746.44,100.0,21835.3,,,,,100.0,100.0,11284.0
2747.44,100.0,21901.3,,,,,100.0,100.0,11286.2
2748.44,100.0,21867.5,,,,,100.0,100.0,11288.9
2749.44,0.0,21867.5,,,,,0.0,0.0,11288.9
2750.44,100.0,21833.3,,,,,100.0,100.0,11289.1
2751.44,100.0,21799.1,,,,,100.0,100.0,11289.1
2752.44,100.0,21698.9,,,,,100.0,100.0,11289.4
2753.44,0.0,21716.1,,,,,0.0,0.0,11280.9
2754.44,100.0,21733.1,,,,,100.0,100.0,11267.8
2755.44,0.0,21767.2,,,,,0.0,0.0,11276.4
2756.45,100.0,21801.3,,,,,100.0,100.0,11268.1
2757.45,100.0,21801.3,,,,,100.0,100.0,11274.2
2758.45,100.0,21901.3,,,,,100.0,100.0,11287.5
2759.45,0.0,21901.3,,,,,0.0,0.0,11287.5
2760.45,100.0,21867.5,,,,,100.0,100.0,11290.2
2761.45,100.0,21833.3,,,,,100.0,100.0,11290.3
2762.45,100.0,21799.1,,,,,100.0,100.0,11290.3
2763.45,0.0,21799.1,,,,,0.0,0.0,11290.3
2764.45,100.0,21699.0,,,,,100.0,100.0,11284.6
2765.45,0.0,21733.1,,,,,0.0,0.0,11279.5
2766.45,100.0,21767.2,,,,,100.0,100.0,11276.4
2767.45,100.0,21767.2,,,,,100.0,100.0,11276.0
2768.45,100.0,21801.3,,,,,100.0,100.0,11276.8
2769.45,0.0,21835.3,,,,,0.0,0.0,11286.6
2770.45,100.0,21901.3,,,,,100.0,100.0,11288.7
2771.45,100.0,21867.5,,,,,100.0,100.0,11291.5
2772.45,100.0,21833.3,,,,,100.0,100.0,11291.7
2773.45,0.0,21833.3,,,,,0.0,0.0,11291.7
2774.45,100.0,21799.1,,,,,100.0,100.0,11291.8
2775.45,100.0,21698.9,,,,,100.0,100.0,11276.4
2776.45,0.0,21733.1,,,,,0.0,0.0,11269.6
2777.45,100.0,21733.1,,,,,100.0,100.0,11276.9
2778.45,100.0,21767.2,,,,,100.0,100.0,11286.3
2779.45,0.0,21801.3,,,,,0.0,0.0,11276.0
2780.45,100.0,21835.3,,,,,100.0,100.0,11287.3
2781.45,100.0,21901.3,,,,,100.0,100.0,11289.9
2782.45,100.0,21867.5,,,,,100.0,100.0,11292.7
2783.45,0.0,21867.5,,,,,0.0,0.0,11292.7
2784.45,100.0,21833.3,,,,,100.0,100.0,11292.9
2785.45,100.0,21799.1,,,,,100.0,100.0,11292.9
2786.45,100.0,21698.9,,,,,100.0,100.0,11293.1
2787.45,0.0,21699.0,,,,,0.0,0.0,11275.8
2788.45,100.0,21733.1,,,,,100.0,100.0,11277.8
2789.45,0.0,21767.2,,,,,0.0,0.0,11275.1
2790.45,100.0,21801.3,,,,,100.0,100.0,11288.5
2791.45,100.0,21801.3,,,,,100.0,100.0,11274.8
2792.45,100.0,21901.3,,,,,100.0,100.0,11291.4
2793.45,0.0,21901.3,,,,,0.0,0.0,11291.4
2794.45,100.0,21867.5,,,,,100.0,100.0,11294.3
2795.45,100.0,21833.3,,,,,100.0,100.0,11294.4
2796.45,100.0,21799.1,,,,,100.0,100.0,11294.4
2797.45,0.0,21799.1,,,,,0.0,0.0,11294.4
2798.45,100.0,21699.0,,,,,100.0,100.0,11288.5
2799.45,0.0,21733.1,,,,,0.0,0.0,11277.2
2800.45,100.0,21767.2,,,,,100.0,100.0,11289.2
2801.45,100.0,21767.2,,,,,100.0,100.0,11276.6
2802.45,100.0,21784.3,,,,,100.0,100.0,11285.0
2803.45,0.0,21835.3,,,,,0.0,0.0,11290.8
2804.45,100.0,21901.3,,,,,100.0,100.0,11292.9
2805.45,100.0,21867.5,,,,,100.0,100.0,11295.4
2806.45,100.0,21833.3,,,,,100.0,100.0,11295.6
2807.45,0.0,21833.3,,,,,0.0,0.0,11295.6
2808.45,100.0,21799.1,,,,,100.0,100.0,11295.6
2809.45,100.0,21698.9,,,,,100.0,100.0,11276.0
2810.45,0.0,21733.1,,,,,0.0,0.0,11290.3
2811.45,100.0,21733.1,,,,,100.0,100.0,11276.7
2812.45,100.0,21750.2,,,,,100.0,100.0,11289.1
2813.45,0.0,21801.3,,,,,0.0,0.0,11276.5
2814.45,100.0,21801.3,,,,,100.0,100.0,11286.1
2815.45,100.0,21901.3,,,,,100.0,100.0,11294.0
2816.45,100.0,21867.5,,,,,100.0,100.0,11296.7
2817.45,0.0,21867.5,,,,,0.0,0.0,11296.7
2818.45,100.0,21833.3,,,,,100.0,100.0,11296.9
2819.45,100.0,21799.1,,,,,100.0,100.0,11296.9
2820.45,100.0,21698.9,,,,,100.0,100.0,11297.1
2821.45,0.0,21699.0,,,,,0.0,0.0,11291.3
2822.45,100.0,21716.1,,,,,100.0,100.0,11280.2
2823.45,0.0,21767.2,,,,,0.0,0.0,11286.2
2824.45,100.0,21784.3,,,,,100.0,100.0,11286.9
2825.45,100.0,21801.3,,,,,100.0,100.0,11286.1
2826.45,100.0,21901.3,,,,,100.0,100.0,11295.2
2827.46,0.0,21901.3,,,,,0.0,0.0,11295.7
2828.46,100.0,21867.5,,,,,100.0,100.0,11298.3
2829.46,100.0,21833.3,,,,,100.0,100.0,11298.5
2830.46,0.0,21833.3,,,,,0.0,0.0,11298.5
2831.46,100.0,21799.1,,,,,100.0,100.0,11298.5
2832.46,100.0,21682.0,,,,,100.0,100.0,11291.8
2833.46,0.0,21733.1,,,,,0.0,0.0,11278.9
2834.46,100.0,21733.1,,,,,100.0,100.0,11286.4
2835.46,100.0,21767.2,,,,,100.0,100.0,11293.5
2836.46,0.0,21801.3,,,,,0.0,0.0,11283.9
2837.46,100.0,21835.3,,,,,100.0,100.0,11294.6
2838.46,100.0,21901.3,,,,,100.0,100.0,11296.9
2839.46,100.0,21867.5,,,,,100.0,100.0,11307.2
2840.46,0.0,21867.5,,,,,0.0,0.0,11307.2
2841.46,100.0,21833.3,,,,,100.0,100.0,11307.4
2842.46,100.0,21799.1,,,,,100.0,100.0,11307.4
2843.46,100.0,21698.9,,,,,100.0,100.0,11307.6
2844.46,0.0,21699.0,,,,,0.0,0.0,11295.0
2845.46,100.0,21733.1,,,,,100.0,100.0,11291.7
2846.46,0.0,21767.2,,,,,0.0,0.0,11293.1
2847.46,100.0,21801.3,,,,,100.0,100.0,11284.4
2848.46,100.0,21801.3,,,,,100.0,100.0,11291.2
2849.46,100.0,21901.3,,,,,100.0,100.0,11305.7
2850.46,0.0,21901.3,,,,,0.0,0.0,11305.7
2851.46,100.0,21867.5,,,,,100.0,100.0,11308.2
2852.46,100.0,21833.3,,,,,100.0,100.0,11308.4
2853.46,100.0,21799.1,,,,,100.0,100.0,11308.4
2854.46,0.0,21799.1,,,,,0.0,0.0,11308.4
2855.46,100.0,21699.0,,,,,100.0,100.0,11302.6
2856.46,0.0,21733.1,,,,,0.0,0.0,11295.0
2857.46,100.0,21767.2,,,,,100.0,100.0,11303.5
2858.46,100.0,21767.2,,,,,100.0,100.0,11292.0
2859.46,100.0,21801.3,,,,,100.0,100.0,11304.2
2860.46,0.0,21835.3,,,,,0.0,0.0,11304.9
2861.46,100.0,21901.3,,,,,100.0,100.0,11307.0
2862.46,100.0,21867.5,,,,,100.0,100.0,11309.8
2863.46,100.0,21833.3,,,,,100.0,100.0,11310.0
2864.46,0.0,21833.3,,,,,0.0,0.0,11310.0
2865.46,100.0,21799.1,,,,,100.0,100.0,11310.0
2866.46,100.0,21698.9,,,,,100.0,100.0,11292.9
2867.46,0.0,21733.1,,,,,0.0,0.0,11286.1
2868.46,100.0,21733.1,,,,,100.0,100.0,11292.3
2869.46,100.0,21767.2,,,,,100.0,100.0,11305.6
2870.46,0.0,21801.3,,,,,0.0,0.0,11293.5
2871.46,100.0,21818.3,,,,,100.0,100.0,11301.7
2872.46,100.0,21901.3,,,,,100.0,100.0,11308.5
2873.46,100.0,21867.5,,,,,100.0,100.0,11311.1
2874.46,0.0,21867.5,,,,,0.0,0.0,11311.1
2875.46,100.0,21833.3,,,,,100.0,100.0,11311.2
2876.46,100.0,21799.1,,,,,100.0,100.0,11311.2
2877.46,100.0,21698.9,,,,,100.0,100.0,11311.4
2878.46,0.0,21699.0,,,,,0.0,0.0,11294.4
2879.46,100.0,21733.1,,,,,100.0,100.0,11305.6
2880.46,0.0,21767.2,,,,,0.0,0.0,11299.3
2881.46,100.0,21784.3,,,,,100.0,100.0,11294.7
2882.46,100.0,21801.3,,,,,100.0,100.0,11291.5
2883.46,100.0,21901.3,,,,,100.0,100.0,11309.5
2884.46,0.0,21901.3,,,,,0.0,0.0,11309.5
2885.46,100.0,21867.5,,,,,100.0,100.0,11312.4
2886.46,100.0,21833.3,,,,,100.0,100.0,11312.6
2887.46,100.0,21799.1,,,,,100.0,100.0,11312.6
2888.46,0.0,21799.1,,,,,0.0,0.0,11312.6
2889.46,100.0,21699.0,,,,,100.0,100.0,11306.7
2890.46,0.0,21733.1,,,,,0.0,0.0,11294.4
2891.46,100.0,21767.2,,,,,100.0,100.0,11307.6
2892.46,100.0,21767.2,,,,,100.0,100.0,11293.7
2893.46,100.0,21767.2,,,,,100.0,100.0,11302.8
2894.46,0.0,21835.3,,,,,0.0,0.0,11309.0
2895.46,100.0,21901.3,,,,,100.0,100.0,11311.1
2896.47,100.0,21867.5,,,,,100.0,100.0,11317.5
2897.47,100.0,21833.3,,,,,100.0,100.0,11317.7
2898.47,0.0,21833.3,,,,,0.0,0.0,11317.7
2899.47,100.0,21799.1,,,,,100.0,100.0,11317.7
2900.47,100.0,21698.9,,,,,100.0,100.0,11303.8
2901.47,0.0,21733.1,,,,,0.0,0.0,11291.7
2902.47,100.0,21733.1,,,,,100.0,100.0,11298.4
2903.47,100.0,21767.2,,,,,100.0,100.0,11313.2
2904.47,0.0,21801.3,,,,,0.0,0.0,11300.2
2905.47,100.0,21818.3,,,,,100.0,100.0,11310.5
2906.47,100.0,21901.3,,,,,100.0,100.0,11316.2
2907.47,100.0,21867.5,,,,,100.0,100.0,11318.8
2908.47,0.0,21867.5,,,,,0.0,0.0,11318.8
2909.47,100.0,21833.3,,,,,100.0,100.0,11319.0
2910.47,100.0,21799.1,,,,,100.0,100.0,11319.0
2911.47,100.0,21699.0,,,,,100.0,100.0,11319.1
2912.47,1.27,21699.0,,,,,1.27,1.28,11299.9
2913.47,100.0,21716.1,,,,,100.0,100.0,11312.3
2914.47,0.0,21767.2,,,,,0.0,0.0,11314.4
2915.47,100.0,21767.2,,,,,100.0,100.0,11308.6
2916.47,100.0,21801.3,,,,,100.0,100.0,11307.4
2917.47,0.0,21835.3,,,,,0.0,0.0,11315.6
2918.47,100.0,21901.3,,,,,100.0,100.0,11317.7
2919.47,100.0,21867.5,,,,,100.0,100.0,11320.2
2920.47,100.0,21833.3,,,,,100.0,100.0,11320.4
2921.47,0.0,21833.3,,,,,0.0,0.0,11320.4
2922.47,100.0,21799.1,,,,,100.0,100.0,11320.4
2923.47,100.0,21664.9,,,,,100.0,100.0,11311.5
2924.47,0.0,21733.1,,,,,0.0,0.0,11299.9
2925.47,100.0,21733.1,,,,,100.0,100.0,11306.6
2926.47,100.0,21767.2,,,,,100.0,100.0,11297.4
2927.47,0.0,21801.3,,,,,0.0,0.0,11305.3
2928.47,100.0,21835.3,,,,,100.0,100.0,11317.0
2929.47,100.0,21901.3,,,,,100.0,100.0,11319.1
2930.47,100.0,21867.5,,,,,100.0,100.0,11321.6
2931.47,0.0,21867.5,,,,,0.0,0.0,11321.6
2932.47,100.0,21833.3,,,,,100.0,100.0,11321.8
2933.47,100.0,21799.1,,,,,100.0,100.0,11321.8
2934.47,100.0,21698.9,,,,,100.0,100.0,11322.1
2935.47,0.0,21699.0,,,,,0.0,0.0,11311.2
2936.47,100.0,21733.1,,,,,100.0,100.0,11308.4
2937.47,0.0,21767.2,,,,,0.0,0.0,11310.1
2938.47,100.0,21801.3,,,,,100.0,100.0,11300.5
2939.47,100.0,21801.3,,,,,100.0,100.0,11306.2
2940.47,100.0,21901.3,,,,,100.0,100.0,11320.6
2941.47,0.0,21901.3,,,,,0.0,0.0,11320.6
2942.47,100.0,21867.5,,,,,100.0,100.0,11323.2
2943.47,100.0,21833.3,,,,,100.0,100.0,11323.3
2944.47,100.0,21799.1,,,,,100.0,100.0,11323.3
2945.47,0.0,21799.1,,,,,0.0,0.0,11323.3
2946.47,100.0,21699.0,,,,,100.0,100.0,11317.5
2947.47,0.0,21733.1,,,,,0.0,0.0,11308.9
2948.47,100.0,21767.2,,,,,100.0,100.0,11318.1
2949.47,100.0,21767.2,,,,,100.0,100.0,11306.9
2950.47,100.0,21784.3,,,,,100.0,100.0,11314.9
2951.47,0.0,21835.3,,,,,0.0,0.0,11319.6
2952.47,100.0,21901.3,,,,,100.0,100.0,11321.6
2953.47,100.0,21867.5,,,,,100.0,100.0,11324.1
2954.47,100.0,21833.3,,,,,100.0,100.0,11324.3
2955.47,0.0,21833.3,,,,,0.0,0.0,11324.3
2956.47,100.0,21799.1,,,,,100.0,100.0,11324.3
2957.47,100.0,21698.9,,,,,100.0,100.0,11306.3
2958.47,0.0,21733.1,,,,,0.0,0.0,11299.4
2959.47,100.0,21733.1,,,,,100.0,100.0,11306.0
2960.47,100.0,21767.2,,,,,100.0,100.0,11319.2
2961.47,0.0,21801.3,,,,,0.0,0.0,11304.9
2962.47,100.0,21801.3,,,,,100.0,100.0,11314.3
2963.48,100.0,21901.3,,,,,100.0,100.0,11322.6
2964.48,100.0,21867.5,,,,,100.0,100.0,11325.2
2965.48,0.0,21867.5,,,,,0.0,0.0,11325.2
2966.48,100.0,21833.3,,,,,100.0,100.0,11325.3
2967.48,100.0,21799.1,,,,,100.0,100.0,11325.3
2968.48,100.0,21698.9,,,,,100.0,100.0,11325.5
2969.48,0.0,21699.0,,,,,0.0,0.0,11307.3
2970.48,100.0,21733.1,,,,,100.0,100.0,11319.6
2971.48,0.0,21767.2,,,,,0.0,0.0,11320.7
2972.48,100.0,21784.3,,,,,100.0,100.0,11319.4
2973.48,100.0,21801.3,,,,,100.0,100.0,11314.3
2974.48,100.0,21901.3,,,,,100.0,100.0,11324.3
2975.48,0.0,21901.3,,,,,0.0,0.0,11324.3
2976.48,100.0,21867.5,,,,,100.0,100.0,11327.0
2977.48,100.0,21833.3,,,,,100.0,100.0,11327.2
2978.48,100.0,21799.1,,,,,100.0,100.0,11327.2
2979.48,0.0,21799.1,,,,,0.0,0.0,11327.2
2980.48,100.0,21699.0,,,,,100.0,100.0,11321.3
2981.48,0.0,21733.1,,,,,0.0,0.0,11308.4
2982.48,100.0,21767.2,,,,,100.0,100.0,11322.0
2983.48,100.0,21767.2,,,,,100.0,100.0,11307.6
2984.48,100.0,21767.2,,,,,100.0,100.0,11318.1
2985.48,0.0,21835.3,,,,,0.0,0.0,11323.3
2986.48,100.0,21901.3,,,,,100.0,100.0,11325.4
2987.48,100.0,21867.5,,,,,100.0,100.0,11328.2
2988.48,100.0,21833.3,,,,,100.0,100.0,11328.4
2989.48,0.0,21833.3,,,,,0.0,0.0,11328.4
2990.48,100.0,21799.1,,,,,100.0,100.0,11328.4
2991.48,100.0,21698.9,,,,,100.0,100.0,11328.6
2992.48,0.0,21733.1,,,,,0.0,0.0,11301.7
2993.48,100.0,21733.1,,,,,100.0,100.0,11307.5
2994.48,100.0,21733.1,,,,,100.0,100.0,11320.5
2995.48,0.0,21801.3,,,,,0.0,0.0,11307.4
2996.48,100.0,21801.3,,,,,100.0,100.0,11313.6
2997.48,100.0,21901.3,,,,,100.0,100.0,11326.9
2998.48,100.0,21867.3,,,,,100.0,100.0,11328.7
2999.48,0.0,21867.5,,,,,0.0,0.0,11329.2
3000.48,100.0,21833.3,,,,,100.0,100.0,11329.4
3001.48,100.0,21799.1,,,,,100.0,100.0,11329.4
3002.48,0.0,21799.1,,,,,0.0,0.0,11329.4
3003.48,100.0,21699.0,,,,,100.0,100.0,11309.5
3004.48,100.0,21716.1,,,,,100.0,100.0,11323.7
3005.48,0.0,21767.2,,,,,0.0,0.0,11324.5
3006.48,100.0,21767.2,,,,,100.0,100.0,11318.3
3007.48,100.0,21801.3,,,,,100.0,100.0,11325.5
3008.48,0.0,21835.3,,,,,0.0,0.0,11325.8
3009.48,100.0,21901.3,,,,,100.0,100.0,11327.9
3010.48,100.0,21867.5,,,,,100.0,100.0,11330.6
3011.48,100.0,21833.3,,,,,100.0,100.0,11330.7
3012.48,0.0,21833.3,,,,,0.0,0.0,11330.7
3013.48,100.0,21799.1,,,,,100.0,100.0,11330.7
3014.48,100.0,21681.9,,,,,100.0,100.0,11321.7
3015.48,0.0,21733.1,,,,,0.0,0.0,11310.0
3016.48,100.0,21733.1,,,,,100.0,100.0,11319.3
3017.48,100.0,21767.2,,,,,100.0,100.0,11307.5
3018.48,0.0,21801.3,,,,,0.0,0.0,11316.5
3019.48,100.0,21835.3,,,,,100.0,100.0,11327.5
3020.48,100.0,21901.3,,,,,100.0,100.0,11329.8
3021.48,100.0,21867.5,,,,,100.0,100.0,11332.3
3022.48,0.0,21867.5,,,,,0.0,0.0,11332.3
3023.48,100.0,21833.3,,,,,100.0,100.0,11332.5
3024.48,100.0,21799.1,,,,,100.0,100.0,11332.5
3025.48,100.0,21698.9,,,,,100.0,100.0,11332.7
3026.48,0.0,21699.0,,,,,0.0,0.0,11322.5
3027.48,100.0,21733.1,,,,,100.0,100.0,11326.7
3028.48,0.0,21767.2,,,,,0.0,0.0,11315.3
3029.48,100.0,21801.3,,,,,100.0,100.0,11328.4
3030.48,100.0,21801.3,,,,,100.0,100.0,11321.2
3031.49,100.0,21901.3,,,,,100.0,100.0,11330.7
3032.49,0.0,21901.3,,,,,0.0,0.0,11330.7
3033.49,100.0,21867.5,,,,,100.0,100.0,11333.4
3034.49,100.0,21833.3,,,,,100.0,100.0,11333.6
3035.49,100.0,21799.1,,,,,100.0,100.0,11333.6
3036.49,0.0,21799.1,,,,,0.0,0.0,11333.6
3037.49,100.0,21699.0,,,,,100.0,100.0,11310.1
3038.49,0.0,21733.1,,,,,0.0,0.0,11319.0
3039.49,100.0,21733.1,,,,,100.0,100.0,11319.2
3040.49,100.0,21767.2,,,,,100.0,100.0,11320.3
3041.49,100.0,21767.2,,,,,100.0,100.0,11324.8
3042.49,0.0,21835.3,,,,,0.0,0.0,11327.9
3043.49,100.0,21901.3,,,,,100.0,100.0,11330.3
3044.49,100.0,21867.5,,,,,100.0,100.0,11332.9
3045.49,100.0,21833.3,,,,,100.0,100.0,11333.1
3046.49,0.0,21833.3,,,,,0.0,0.0,11333.1
3047.49,100.0,21799.1,,,,,100.0,100.0,11333.1
3048.49,100.0,21698.9,,,,,100.0,100.0,11316.0
3049.49,0.0,21733.1,,,,,0.0,0.0,11310.4
3050.49,100.0,21733.1,,,,,100.0,100.0,11318.4
3051.49,100.0,21767.2,,,,,100.0,100.0,11328.7
3052.49,0.0,21801.3,,,,,0.0,0.0,11317.9
3053.49,100.0,21835.3,,,,,100.0,100.0,11329.1
3054.49,100.0,21901.3,,,,,100.0,100.0,11331.6
3055.49,100.0,21867.5,,,,,100.0,100.0,11334.3
3056.49,0.0,21867.5,,,,,0.0,0.0,11334.3
3057.49,100.0,21833.3,,,,,100.0,100.0,11334.4
3058.49,100.0,21799.1,,,,,100.0,100.0,11334.4
3059.49,100.0,21698.9,,,,,100.0,100.0,11334.6
3060.49,0.0,21699.0,,,,,0.0,0.0,11318.6
3061.49,100.0,21733.1,,,,,100.0,100.0,11329.2
3062.49,0.0,21767.2,,,,,0.0,0.0,11318.5
3063.49,100.0,21784.3,,,,,100.0,100.0,11327.4
3064.49,100.0,21801.3,,,,,100.0,100.0,11330.6
3065.49,100.0,21901.3,,,,,100.0,100.0,11333.2
3066.49,0.0,21901.3,,,,,0.0,0.0,11333.2
3067.49,100.0,21867.5,,,,,100.0,100.0,11335.7
3068.49,100.0,21833.3,,,,,100.0,100.0,11335.8
3069.49,100.0,21799.1,,,,,100.0,100.0,11335.8
3070.49,0.0,21799.1,,,,,0.0,0.0,11335.8
3071.49,100.0,21699.0,,,,,100.0,100.0,11330.0
3072.49,0.0,21733.1,,,,,0.0,0.0,11319.1
3073.49,100.0,21767.2,,,,,100.0,100.0,11330.9
3074.49,100.0,21767.2,,,,,100.0,100.0,11320.7
3075.49,100.0,21784.3,,,,,100.0,100.0,11329.8
3076.49,0.0,21835.3,,,,,0.0,0.0,11332.1
3077.49,100.0,21901.3,,,,,100.0,100.0,11334.2
3078.49,100.0,21867.5,,,,,100.0,100.0,11336.3
3079.49,100.0,21833.3,,,,,100.0,100.0,11336.5
3080.49,0.0,21833.3,,,,,0.0,0.0,11336.5
3081.49,100.0,21799.1,,,,,100.0,100.0,11336.5
3082.49,100.0,21698.9,,,,,100.0,100.0,11336.8
3083.49,0.0,21733.1,,,,,0.0,0.0,11331.1
3084.49,100.0,21733.1,,,,,100.0,100.0,11325.2
3085.49,100.0,21750.2,,,,,100.0,100.0,11331.1
3086.49,0.0,21801.3,,,,,0.0,0.0,11319.6
3087.49,100.0,21801.3,,,,,100.0,100.0,11327.1
3088.49,100.0,21901.3,,,,,100.0,100.0,11335.2
3089.49,100.0,21867.3,,,,,100.0,100.0,11336.6
3090.49,0.0,21867.5,,,,,0.0,0.0,11341.7
3091.49,100.0,21833.3,,,,,100.0,100.0,11341.9
3092.49,100.0,21799.1,,,,,100.0,100.0,11341.9
3093.49,0.0,21799.1,,,,,0.0,0.0,11341.9
3094.49,100.0,21699.0,,,,,100.0,100.0,11323.3
3095.49,0.0,21733.1,,,,,0.0,0.0,11332.8
3096.49,100.0,21767.2,,,,,100.0,100.0,11337.0
3097.49,100.0,21767.2,,,,,100.0,100.0,11329.6
3098.49,100.0,21801.3,,,,,100.0,100.0,11338.0
3099.49,0.0,21835.3,,,,,0.0,0.0,11338.4
3100.5,100.0,21901.3,,,,,100.0,100.0,11340.5
3101.5,100.0,21867.5,,,,,100.0,100.0,11343.1
3102.5,100.0,21833.3,,,,,100.0,100.0,11343.2
3103.5,0.0,21833.3,,,,,0.0,0.0,11343.2
3104.5,100.0,21799.1,,,,,100.0,100.0,11343.2
3105.5,100.0,21698.9,,,,,100.0,100.0,11332.6
3106.5,0.0,21733.1,,,,,0.0,0.0,11324.4
3107.5,100.0,21733.1,,,,,100.0,100.0,11329.4
3108.5,100.0,21767.2,,,,,100.0,100.0,11320.6
3109.5,0.0,21801.3,,,,,0.0,0.0,11328.4
3110.5,100.0,21835.3,,,,,100.0,100.0,11339.2
3111.5,100.0,21901.3,,,,,100.0,100.0,11341.7
3112.5,100.0,21867.5,,,,,100.0,100.0,11348.1
3113.5,0.0,21867.5,,,,,0.0,0.0,11348.1
3114.5,100.0,21833.3,,,,,100.0,100.0,11348.2
3115.5,100.0,21799.1,,,,,100.0,100.0,11348.2
3116.5,100.0,21698.9,,,,,100.0,100.0,11348.5
3117.5,0.0,21699.0,,,,,0.0,0.0,11334.7
3118.5,100.0,21733.1,,,,,100.0,100.0,11343.1
3119.5,0.0,21767.2,,,,,0.0,0.0,11334.4
3120.5,100.0,21801.3,,,,,100.0,100.0,11335.9
3121.5,100.0,21801.3,,,,,100.0,100.0,11339.9
3122.5,100.0,21901.3,,,,,100.0,100.0,11346.9
3123.5,0.0,21901.3,,,,,0.0,0.0,11346.9
3124.5,100.0,21867.5,,,,,100.0,100.0,11349.4
3125.5,100.0,21833.3,,,,,100.0,100.0,11349.6
3126.5,100.0,21799.1,,,,,100.0,100.0,11349.6
3127.5,0.0,21799.1,,,,,0.0,0.0,11349.6
3128.5,100.0,21699.0,,,,,100.0,100.0,11326.3
3129.5,0.0,21733.1,,,,,0.0,0.0,11334.5
3130.5,100.0,21767.2,,,,,100.0,100.0,11344.9
3131.5,100.0,21767.2,,,,,100.0,100.0,11334.6
3132.5,100.0,21784.3,,,,,100.0,100.0,11344.3
3133.5,0.0,21835.3,,,,,0.0,0.0,11346.3
3134.5,100.0,21901.3,,,,,100.0,100.0,11348.5
3135.5,100.0,21867.5,,,,,100.0,100.0,11354.8
3136.5,100.0,21833.3,,,,,100.0,100.0,11355.0
3137.5,0.0,21833.3,,,,,0.0,0.0,11355.0
3138.5,100.0,21799.1,,,,,100.0,100.0,11355.0
3139.5,100.0,21698.9,,,,,100.0,100.0,11338.7
3140.5,0.0,21733.1,,,,,0.0,0.0,11340.5
3141.5,100.0,21733.1,,,,,100.0,100.0,11337.8
3142.5,100.0,21767.2,,,,,100.0,100.0,11340.1
3143.5,0.0,21801.3,,,,,0.0,0.0,11344.1
3144.5,100.0,21801.3,,,,,100.0,100.0,11346.2
3145.5,100.0,21901.3,,,,,100.0,100.0,11353.6
3146.5,100.0,21867.5,,,,,100.0,100.0,11356.2
3147.5,0.0,21867.5,,,,,0.0,0.0,11356.2
3148.5,100.0,21833.3,,,,,100.0,100.0,11356.4
3149.5,100.0,21799.1,,,,,100.0,100.0,11356.4
3150.5,100.0,21698.9,,,,,100.0,100.0,11356.5
3151.5,0.0,21699.0,,,,,0.0,0.0,11339.9
3152.5,100.0,21733.1,,,,,100.0,100.0,11350.5
3153.5,0.0,21767.2,,,,,0.0,0.0,11339.2
3154.5,100.0,21767.2,,,,,100.0,100.0,11347.1
3155.5,100.0,21801.3,,,,,100.0,100.0,11352.4
3156.5,100.0,21901.3,,,,,100.0,100.0,11354.8
3157.5,0.0,21901.3,,,,,0.0,0.0,11354.8
3158.5,100.0,21867.5,,,,,100.0,100.0,11357.5
3159.5,100.0,21833.3,,,,,100.0,100.0,11357.7
3160.5,100.0,21799.1,,,,,100.0,100.0,11357.7
3161.5,0.0,21799.1,,,,,0.0,0.0,11357.7
3162.5,100.0,21699.0,,,,,100.0,100.0,11351.5
3163.5,0.0,21733.1,,,,,0.0,0.0,11338.5
3164.5,100.0,21750.2,,,,,100.0,100.0,11349.3
3165.5,100.0,21767.2,,,,,100.0,100.0,11337.9
3166.5,100.0,21767.2,,,,,100.0,100.0,11346.6
3167.5,0.0,21835.3,,,,,0.0,0.0,11353.7
3168.5,100.0,21901.3,,,,,100.0,100.0,11356.1
3169.5,100.0,21867.5,,,,,100.0,100.0,11358.6
3170.51,0.0,21867.5,,,,,0.0,0.0,11358.6
3171.51,100.0,21833.3,,,,,100.0,100.0,11358.8
3172.51,100.0,21799.1,,,,,100.0,100.0,11358.8
3173.51,100.0,21698.9,,,,,100.0,100.0,11339.5
3174.51,0.0,21716.1,,,,,0.0,0.0,11350.2
3175.51,100.0,21733.1,,,,,100.0,100.0,11353.2
3176.51,0.0,21767.2,,,,,0.0,0.0,11350.1
3177.51,100.0,21801.3,,,,,100.0,100.0,11354.8
3178.51,100.0,21801.3,,,,,100.0,100.0,11346.6
3179.51,100.0,21901.3,,,,,100.0,100.0,11357.3
3180.51,0.0,21901.3,,,,,0.0,0.0,11357.3
3181.51,100.0,21867.5,,,,,100.0,100.0,11359.5
3182.51,100.0,21833.3,,,,,100.0,100.0,11359.7
3183.51,100.0,21799.1,,,,,100.0,100.0,11359.7
3184.51,0.0,21799.1,,,,,0.0,0.0,11359.7
3185.51,100.0,21699.0,,,,,100.0,100.0,11340.1
3186.51,0.0,21733.1,,,,,0.0,0.0,11350.1
3187.51,100.0,21767.2,,,,,100.0,100.0,11340.2
3188.51,100.0,21767.2,,,,,100.0,100.0,11345.5
3189.51,100.0,21801.3,,,,,100.0,100.0,11355.6
3190.51,0.0,21835.3,,,,,0.0,0.0,11356.0
3191.51,100.0,21901.3,,,,,100.0,100.0,11358.1
3192.51,100.0,21867.5,,,,,100.0,100.0,11360.6
3193.51,100.0,21833.3,,,,,100.0,100.0,11360.8
3194.51,0.0,21833.3,,,,,0.0,0.0,11360.8
3195.51,100.0,21799.1,,,,,100.0,100.0,11360.8
3196.51,100.0,21698.9,,,,,100.0,100.0,11347.5
3197.51,0.0,21733.1,,,,,0.0,0.0,11339.5
3198.51,100.0,21733.1,,,,,100.0,100.0,11348.9
3199.51,100.0,21767.2,,,,,100.0,100.0,11349.2
3200.51,0.0,21801.3,,,,,0.0,0.0,11346.7
3201.51,100.0,21835.3,,,,,100.0,100.0,11356.8
3202.51,100.0,21901.3,,,,,100.0,100.0,11359.1
3203.51,100.0,21867.5,,,,,100.0,100.0,11361.8
3204.51,0.0,21867.5,,,,,0.0,0.0,11361.8
3205.51,100.0,21833.3,,,,,100.0,100.0,11361.9
3206.51,100.0,21799.1,,,,,100.0,100.0,11361.9
3207.51,100.0,21698.9,,,,,100.0,100.0,11362.2
3208.51,0.0,21699.0,,,,,0.0,0.0,11345.8
3209.51,100.0,21733.1,,,,,100.0,100.0,11356.4
3210.51,0.0,21767.2,,,,,0.0,0.0,11346.3
3211.51,100.0,21784.3,,,,,100.0,100.0,11356.1
3212.51,100.0,21801.3,,,,,100.0,100.0,11344.4
3213.51,100.0,21901.3,,,,,100.0,100.0,11360.6
3214.51,0.0,21901.3,,,,,0.0,0.0,11360.6
3215.51,100.0,21867.5,,,,,100.0,100.0,11363.0
3216.51,100.0,21833.3,,,,,100.0,100.0,11363.2
3217.51,100.0,21799.1,,,,,100.0,100.0,11363.2
3218.51,0.0,21799.1,,,,,0.0,0.0,11363.2
3219.51,100.0,21699.0,,,,,100.0,100.0,11338.7
3220.51,0.0,21733.1,,,,,0.0,0.0,11346.4
3221.51,100.0,21767.2,,,,,100.0,100.0,11358.1
3222.51,100.0,21767.2,,,,,100.0,100.0,11346.3
3223.51,100.0,21784.3,,,,,100.0,100.0,11357.6
3224.51,0.0,21835.3,,,,,0.0,0.0,11359.5
3225.51,100.0,21901.3,,,,,100.0,100.0,11361.6
3226.51,100.0,21867.5,,,,,100.0,100.0,11363.9
3227.51,100.0,21833.3,,,,,100.0,100.0,11364.1
3228.51,0.0,21833.3,,,,,0.0,0.0,11364.1
3229.51,100.0,21799.1,,,,,100.0,100.0,11364.1
3230.51,100.0,21698.9,,,,,100.0,100.0,11346.7
3231.51,0.0,21733.1,,,,,0.0,0.0,11358.3
3232.51,100.0,21733.1,,,,,100.0,100.0,11353.0
3233.51,100.0,21767.2,,,,,100.0,100.0,11349.8
3234.51,0.0,21801.3,,,,,0.0,0.0,11354.2
3235.51,100.0,21818.3,,,,,100.0,100.0,11356.6
3236.51,100.0,21901.3,,,,,100.0,100.0,11362.5
3237.51,100.0,21867.5,,,,,100.0,100.0,11365.3
3238.52,0.0,21867.5,,,,,0.0,0.0,11365.3
3239.52,100.0,21833.3,,,,,100.0,100.0,11365.5
3240.52,100.0,21799.1,,,,,100.0,100.0,11365.5
3241.52,100.0,21698.9,,,,,100.0,100.0,11365.7
3242.52,0.0,21699.0,,,,,0.0,0.0,11347.7
3243.52,100.0,21733.1,,,,,100.0,100.0,11360.2
3244.52,0.0,21767.2,,,,,0.0,0.0,11348.4
3245.52,100.0,21784.3,,,,,100.0,100.0,11357.2
3246.52,100.0,21801.3,,,,,100.0,100.0,11361.7
3247.52,100.0,21901.3,,,,,100.0,100.0,11364.1
3248.52,0.0,21901.3,,,,,0.0,0.0,11364.1
3249.52,100.0,21867.5,,,,,100.0,100.0,11366.6
3250.52,100.0,21833.3,,,,,100.0,100.0,11366.8
3251.52,100.0,21799.1,,,,,100.0,100.0,11366.8
3252.52,0.0,21799.1,,,,,0.0,0.0,11366.8
3253.52,100.0,21699.0,,,,,100.0,100.0,11360.8
3254.52,0.0,21733.1,,,,,0.0,0.0,11355.1
3255.52,100.0,21733.1,,,,,100.0,100.0,11356.7
3256.52,100.0,21767.2,,,,,100.0,100.0,11347.0
3257.52,0.0,21801.3,,,,,0.0,0.0,11354.8
3258.52,100.0,21835.3,,,,,100.0,100.0,11363.1
3259.52,100.0,21901.3,,,,,100.0,100.0,11365.4
3260.52,100.0,21867.5,,,,,100.0,100.0,11367.7
3261.52,0.0,21867.5,,,,,0.0,0.0,11367.7
3262.52,100.0,21833.3,,,,,100.0,100.0,11367.9
3263.52,100.0,21799.1,,,,,100.0,100.0,11367.9
3264.52,100.0,21698.9,,,,,100.0,100.0,11348.3
3265.52,0.0,21699.0,,,,,0.0,0.0,11358.7
3266.52,100.0,21733.1,,,,,100.0,100.0,11362.8
3267.52,0.0,21767.2,,,,,0.0,0.0,11357.9
3268.52,100.0,21801.3,,,,,100.0,100.0,11363.9
3269.52,100.0,21801.3,,,,,100.0,100.0,11355.6
3270.52,100.0,21901.3,,,,,100.0,100.0,11366.6
3271.52,0.0,21901.3,,,,,0.0,0.0,11366.6
3272.52,100.0,21867.5,,,,,100.0,100.0,11369.2
3273.52,100.0,21833.3,,,,,100.0,100.0,11369.4
3274.52,100.0,21799.1,,,,,100.0,100.0,11369.4
3275.52,0.0,21799.1,,,,,0.0,0.0,11369.4
3276.52,100.0,21699.0,,,,,100.0,100.0,11349.2
3277.52,0.0,21733.1,,,,,0.0,0.0,11354.5
3278.52,100.0,21767.2,,,,,100.0,100.0,11346.9
3279.52,100.0,21767.2,,,,,100.0,100.0,11353.6
3280.52,100.0,21801.3,,,,,100.0,100.0,11364.8
3281.52,0.0,21835.3,,,,,0.0,0.0,11365.7
3282.52,100.0,21901.3,,,,,100.0,100.0,11367.9
3283.52,100.0,21867.5,,,,,100.0,100.0,11370.2
3284.52,100.0,21833.3,,,,,100.0,100.0,11370.4
3285.52,0.0,21833.3,,,,,0.0,0.0,11370.4
3286.52,100.0,21799.1,,,,,100.0,100.0,11370.4
3287.52,100.0,21698.9,,,,,100.0,100.0,11356.9
3288.52,0.0,21733.1,,,,,0.0,0.0,11357.6
3289.52,100.0,21733.1,,,,,100.0,100.0,11355.9
3290.52,100.0,21767.2,,,,,100.0,100.0,11357.2
3291.52,0.0,21801.3,,,,,0.0,0.0,11361.4
3292.52,100.0,21835.3,,,,,100.0,100.0,11366.9
3293.52,100.0,21901.3,,,,,100.0,100.0,11369.2
3294.52,100.0,21867.5,,,,,100.0,100.0,11371.6
3295.52,0.0,21867.5,,,,,0.0,0.0,11371.6
3296.52,100.0,21833.3,,,,,100.0,100.0,11371.7
3297.52,100.0,21799.1,,,,,100.0,100.0,11371.7
3298.52,100.0,21698.9,,,,,100.0,100.0,11347.0
3299.52,0.0,21699.0,,,,,0.0,0.0,11356.2
3300.52,100.0,21733.1,,,,,100.0,100.0,11366.4
3301.52,0.0,21767.2,,,,,0.0,0.0,11355.1
3302.52,100.0,21801.3,,,,,100.0,100.0,11367.4
3303.52,100.0,21801.3,,,,,100.0,100.0,11355.1
3304.52,100.0,21901.3,,,,,100.0,100.0,11370.2
3305.52,0.0,21901.3,,,,,0.0,0.0,11370.2
3306.52,100.0,21867.5,,,,,100.0,100.0,11372.7
3307.52,100.0,21833.3,,,,,100.0,100.0,11372.9
3308.53,100.0,21799.1,,,,,100.0,100.0,11372.9
3309.53,0.0,21799.1,,,,,0.0,0.0,11372.9
3310.53,100.0,21699.0,,,,,100.0,100.0,11358.1
3311.53,0.0,21733.1,,,,,0.0,0.0,11355.4
3312.53,100.0,21750.2,,,,,100.0,100.0,11366.0
3313.53,100.0,21767.2,,,,,100.0,100.0,11362.9
3314.53,100.0,21784.3,,,,,100.0,100.0,11364.5
3315.53,0.0,21835.3,,,,,0.0,0.0,11369.2
3316.53,100.0,21901.3,,,,,100.0,100.0,11371.5
3317.53,100.0,21867.5,,,,,100.0,100.0,11373.9
3318.53,100.0,21833.3,,,,,100.0,100.0,11374.0
3319.53,0.0,21833.3,,,,,0.0,0.0,11374.0
3320.53,100.0,21799.1,,,,,100.0,100.0,11374.1
3321.53,100.0,21698.9,,,,,100.0,100.0,11356.2
3322.53,0.0,21733.1,,,,,0.0,0.0,11368.4
3323.53,100.0,21733.1,,,,,100.0,100.0,11356.6
3324.53,100.0,21750.2,,,,,100.0,100.0,11368.1
3325.53,0.0,21801.3,,,,,0.0,0.0,11370.1
3326.53,100.0,21801.3,,,,,100.0,100.0,11364.3
3327.53,100.0,21901.3,,,,,100.0,100.0,11372.4
3328.53,100.0,21867.5,,,,,100.0,100.0,11375.0
3329.53,0.0,21867.5,,,,,0.0,0.0,11375.0
3330.53,100.0,21833.3,,,,,100.0,100.0,11375.2
3331.53,100.0,21799.1,,,,,100.0,100.0,11375.2
3332.53,100.0,21699.0,,,,,100.0,100.0,11375.2
3333.53,1.27,21699.0,,,,,1.27,1.28,11356.1
3334.53,100.0,21716.1,,,,,100.0,100.0,11367.7
3335.53,0.0,21767.2,,,,,0.0,0.0,11357.6
3336.53,100.0,21767.2,,,,,100.0,100.0,11364.1
3337.53,100.0,21801.3,,,,,100.0,100.0,11371.4
3338.53,100.0,21801.2,,,,,100.0,100.0,11371.9
3339.53,0.0,21901.3,,,,,0.0,0.0,11373.8
3340.53,100.0,21867.5,,,,,100.0,100.0,11376.5
3341.53,100.0,21833.3,,,,,100.0,100.0,11376.7
3342.53,0.0,21833.3,,,,,0.0,0.0,11376.7
3343.53,100.0,21799.1,,,,,100.0,100.0,11376.7
3344.53,100.0,21682.0,,,,,100.0,100.0,11370.1
3345.53,0.0,21733.1,,,,,0.0,0.0,11364.5
3346.53,100.0,21750.2,,,,,100.0,100.0,11367.3
3347.53,100.0,21767.2,,,,,100.0,100.0,11365.4
3348.53,0.0,21818.3,,,,,0.0,0.0,11366.8
3349.53,100.0,21818.3,,,,,100.0,100.0,11371.4
3350.53,100.0,21901.3,,,,,100.0,100.0,11375.0
3351.53,100.0,21867.5,,,,,100.0,100.0,11377.8
3352.53,0.0,21867.5,,,,,0.0,0.0,11377.8
3353.53,100.0,21833.3,,,,,100.0,100.0,11378.0
3354.53,100.0,21799.1,,,,,100.0,100.0,11378.0
3355.53,100.0,21698.9,,,,,100.0,100.0,11357.9
3356.53,0.0,21716.1,,,,,0.0,0.0,11369.8
3357.53,100.0,21733.1,,,,,100.0,100.0,11372.9
3358.53,0.0,21767.2,,,,,0.0,0.0,11366.8
3359.53,100.0,21801.3,,,,,100.0,100.0,11374.1
3360.53,100.0,21801.3,,,,,100.0,100.0,11365.8
3361.53,100.0,21901.3,,,,,100.0,100.0,11376.5
3362.53,0.0,21901.3,,,,,0.0,0.0,11376.5
3363.53,100.0,21867.5,,,,,100.0,100.0,11379.1
3364.53,100.0,21833.3,,,,,100.0,100.0,11379.3
3365.53,100.0,21799.1,,,,,100.0,100.0,11379.3
3366.53,0.0,21799.1,,,,,0.0,0.0,11379.3
3367.53,100.0,21699.0,,,,,100.0,100.0,11358.5
3368.53,0.0,21733.1,,,,,0.0,0.0,11366.6
3369.53,100.0,21767.2,,,,,100.0,100.0,11358.6
3370.53,100.0,21767.2,,,,,100.0,100.0,11364.8
3371.53,100.0,21801.3,,,,,100.0,100.0,11375.4
3372.53,0.0,21835.3,,,,,0.0,0.0,11375.8
3373.53,100.0,21901.3,,,,,100.0,100.0,11377.8
3374.53,100.0,21867.5,,,,,100.0,100.0,11380.5
3375.53,100.0,21833.3,,,,,100.0,100.0,11380.7
3376.53,0.0,21833.3,,,,,0.0,0.0,11380.7
3377.54,100.0,21799.1,,,,,100.0,100.0,11380.7
3378.54,100.0,21698.9,,,,,100.0,100.0,11364.9
3379.54,0.0,21733.1,,,,,0.0,0.0,11375.2
3380.54,100.0,21733.1,,,,,100.0,100.0,11365.5
3381.54,100.0,21767.2,,,,,100.0,100.0,11375.9
3382.54,0.0,21801.3,,,,,0.0,0.0,11376.8
3383.54,100.0,21818.3,,,,,100.0,100.0,11372.4
3384.54,100.0,21901.3,,,,,100.0,100.0,11379.2
3385.54,100.0,21867.5,,,,,100.0,100.0,11381.5
3386.54,0.0,21867.5,,,,,0.0,0.0,11381.5
3387.54,100.0,21833.3,,,,,100.0,100.0,11381.7
3388.54,100.0,21799.1,,,,,100.0,100.0,11381.7
3389.54,100.0,21698.9,,,,,100.0,100.0,11356.3
3390.54,0.0,21699.0,,,,,0.0,0.0,11364.4
3391.54,100.0,21733.1,,,,,100.0,100.0,11376.2
3392.54,0.0,21767.2,,,,,0.0,0.0,11365.2
3393.54,100.0,21784.3,,,,,100.0,100.0,11375.3
3394.54,100.0,21801.3,,,,,100.0,100.0,11363.6
3395.54,100.0,21901.3,,,,,100.0,100.0,11380.2
3396.54,0.0,21901.3,,,,,0.0,0.0,11380.2
3397.54,100.0,21867.5,,,,,100.0,100.0,11386.5
3398.54,100.0,21833.3,,,,,100.0,100.0,11386.7
3399.54,100.0,21799.1,,,,,100.0,100.0,11386.7
3400.54,0.0,21799.1,,,,,0.0,0.0,11386.7
3401.54,100.0,21699.0,,,,,100.0,100.0,11381.1
3402.54,0.0,21733.1,,,,,0.0,0.0,11374.3
3403.54,100.0,21767.2,,,,,100.0,100.0,11381.9
3404.54,100.0,21767.2,,,,,100.0,100.0,11375.1
3405.54,100.0,21767.2,,,,,100.0,100.0,11376.6
3406.54,0.0,21835.3,,,,,0.0,0.0,11383.3
3407.54,100.0,21901.3,,,,,100.0,100.0,11385.4
3408.54,100.0,21867.5,,,,,100.0,100.0,11387.8
3409.54,100.0,21833.3,,,,,100.0,100.0,11387.9
3410.54,0.0,21833.3,,,,,0.0,0.0,11387.9
3411.54,100.0,21799.1,,,,,100.0,100.0,11388.0
3412.54,100.0,21698.9,,,,,100.0,100.0,11369.6
3413.54,0.0,21733.1,,,,,0.0,0.0,11382.2
3414.54,100.0,21733.1,,,,,100.0,100.0,11369.3
3415.54,100.0,21733.1,,,,,100.0,100.0,11377.8
3416.54,0.0,21801.3,,,,,0.0,0.0,11384.0
3417.54,100.0,21801.3,,,,,100.0,100.0,11374.4
3418.54,100.0,21901.3,,,,,100.0,100.0,11386.5
3419.54,100.0,21867.5,,,,,100.0,100.0,11389.2
3420.54,0.0,21867.5,,,,,0.0,0.0,11389.2
3421.54,100.0,21833.3,,,,,100.0,100.0,11389.4
3422.54,100.0,21799.1,,,,,100.0,100.0,11389.4
3423.54,100.0,21739.4,,,,,100.0,100.0,11389.4
3424.54,1.27,21699.0,,,,,1.27,1.28,11369.6
3425.54,100.0,21716.1,,,,,100.0,100.0,11381.0
3426.54,0.0,21767.2,,,,,0.0,0.0,11369.3
3427.54,100.0,21784.3,,,,,100.0,100.0,11379.3
3428.54,100.0,21801.3,,,,,100.0,100.0,11369.3
3429.54,0.0,21835.3,,,,,0.0,0.0,11385.7
3430.54,100.0,21901.3,,,,,100.0,100.0,11387.9
3431.54,100.0,21867.5,,,,,100.0,100.0,11390.3
3432.54,100.0,21833.3,,,,,100.0,100.0,11390.4
3433.54,0.0,21833.3,,,,,0.0,0.0,11390.4
3434.54,100.0,21799.1,,,,,100.0,100.0,11390.5
3435.54,100.0,21681.9,,,,,100.0,100.0,11382.5
3436.54,0.0,21733.1,,,,,0.0,0.0,11385.0
3437.54,100.0,21733.1,,,,,100.0,100.0,11379.7
3438.54,100.0,21767.2,,,,,100.0,100.0,11386.2
3439.54,0.0,21801.3,,,,,0.0,0.0,11378.1
3440.54,100.0,21835.3,,,,,100.0,100.0,11387.2
3441.54,100.0,21901.3,,,,,100.0,100.0,11389.4
3442.54,100.0,21867.5,,,,,100.0,100.0,11391.7
3443.54,0.0,21867.5,,,,,0.0,0.0,11391.7
3444.54,100.0,21833.3,,,,,100.0,100.0,11391.9
3445.54,100.0,21799.1,,,,,100.0,100.0,11391.9
3446.54,100.0,21698.9,,,,,100.0,100.0,11371.2
3447.54,0.0,21699.0,,,,,0.0,0.0,11380.7
3448.55,100.0,21733.1,,,,,100.0,100.0,11386.5
3449.55,0.0,21767.2,,,,,0.0,0.0,11378.0
3450.55,100.0,21801.3,,,,,100.0,100.0,11387.6
3451.55,100.0,21801.3,,,,,100.0,100.0,11376.9
3452.55,100.0,21901.3,,,,,100.0,100.0,11390.1
3453.55,0.0,21901.3,,,,,0.0,0.0,11390.1
3454.55,100.0,21867.5,,,,,100.0,100.0,11392.8
3455.55,100.0,21833.3,,,,,100.0,100.0,11393.0
3456.55,100.0,21799.1,,,,,100.0,100.0,11393.0
3457.55,0.0,21799.1,,,,,0.0,0.0,11393.0
3458.55,100.0,21699.0,,,,,100.0,100.0,11379.6
3459.55,0.0,21733.1,,,,,0.0,0.0,11378.3
3460.55,100.0,21767.2,,,,,100.0,100.0,11379.9
3461.55,100.0,21767.2,,,,,100.0,100.0,11384.6
3462.55,100.0,21801.3,,,,,100.0,100.0,11389.0
3463.55,0.0,21835.3,,,,,0.0,0.0,11389.5
3464.55,100.0,21901.3,,,,,100.0,100.0,11391.6
3465.55,100.0,21867.5,,,,,100.0,100.0,11394.2
3466.55,100.0,21833.3,,,,,100.0,100.0,11394.4
3467.55,0.0,21833.3,,,,,0.0,0.0,11394.4
3468.55,100.0,21799.1,,,,,100.0,100.0,11394.4
3469.55,100.0,21698.9,,,,,100.0,100.0,11377.7
3470.55,0.0,21733.1,,,,,0.0,0.0,11388.7
3471.55,100.0,21733.1,,,,,100.0,100.0,11379.2
3472.55,100.0,21767.2,,,,,100.0,100.0,11390.1
3473.55,0.0,21801.3,,,,,0.0,0.0,11378.6
3474.55,100.0,21818.3,,,,,100.0,100.0,11389.2
3475.55,100.0,21901.3,,,,,100.0,100.0,11393.2
3476.55,100.0,21867.5,,,,,100.0,100.0,11395.5
3477.55,0.0,21867.5,,,,,0.0,0.0,11395.5
3478.55,100.0,21833.3,,,,,100.0,100.0,11395.7
3479.55,100.0,21799.1,,,,,100.0,100.0,11395.7
3480.55,100.0,21698.9,,,,,100.0,100.0,11369.7
3481.55,0.0,21699.0,,,,,0.0,0.0,11377.3
3482.55,100.0,21733.1,,,,,100.0,100.0,11390.2
3483.55,0.0,21767.2,,,,,0.0,0.0,11378.3
3484.55,100.0,21784.3,,,,,100.0,100.0,11390.4
3485.55,100.0,21801.3,,,,,100.0,100.0,11379.5
3486.55,100.0,21901.3,,,,,100.0,100.0,11394.1
3487.55,0.0,21901.3,,,,,0.0,0.0,11394.1
3488.55,100.0,21867.5,,,,,100.0,100.0,11396.7
3489.55,100.0,21833.3,,,,,100.0,100.0,11396.9
3490.55,100.0,21799.1,,,,,100.0,100.0,11396.9
3491.55,0.0,21799.1,,,,,0.0,0.0,11396.9
3492.55,100.0,21699.0,,,,,100.0,100.0,11391.2
3493.55,0.0,21733.1,,,,,0.0,0.0,11391.1
3494.55,100.0,21767.2,,,,,100.0,100.0,11384.2
3495.55,100.0,21767.2,,,,,100.0,100.0,11378.0
3496.55,100.0,21784.3,,,,,100.0,100.0,11392.2
3497.55,0.0,21835.3,,,,,0.0,0.0,11393.2
3498.55,100.0,21901.3,,,,,100.0,100.0,11395.2
3499.55,100.0,21867.5,,,,,100.0,100.0,11397.9
3500.55,100.0,21833.3,,,,,100.0,100.0,11398.1
3501.55,0.0,21833.3,,,,,0.0,0.0,11398.1
3502.55,100.0,21799.1,,,,,100.0,100.0,11398.1
3503.55,100.0,21698.9,,,,,100.0,100.0,11379.4
3504.55,0.0,21733.1,,,,,0.0,0.0,11392.3
3505.55,100.0,21733.1,,,,,100.0,100.0,11379.4
3506.55,100.0,21733.1,,,,,100.0,100.0,11389.2
3507.55,0.0,21801.3,,,,,0.0,0.0,11394.1
3508.55,100.0,21801.3,,,,,100.0,100.0,11384.4
3509.55,100.0,21901.3,,,,,100.0,100.0,11396.8
3510.55,100.0,21867.5,,,,,100.0,100.0,11399.3
3511.55,0.0,21867.5,,,,,0.0,0.0,11399.3
3512.55,100.0,21833.3,,,,,100.0,100.0,11399.4
3513.55,100.0,21799.1,,,,,100.0,100.0,11399.4
3514.55,100.0,21738.2,,,,,100.0,100.0,11399.4
3515.55,1.28,21699.0,,,,,1.27,1.28,11379.5
3516.55,100.0,21716.1,,,,,100.0,100.0,11392.8
3517.55,0.0,21767.2,,,,,0.0,0.0,11380.0
3518.56,100.0,21767.2,,,,,100.0,100.0,11388.5
3519.56,100.0,21801.3,,,,,100.0,100.0,11378.4
3520.56,0.0,21835.3,,,,,0.0,0.0,11396.4
3521.56,100.0,21901.3,,,,,100.0,100.0,11398.6
3522.56,100.0,21867.5,,,,,100.0,100.0,11400.8
3523.56,100.0,21833.3,,,,,100.0,100.0,11400.9
3524.56,0.0,21833.3,,,,,0.0,0.0,11400.9
3525.56,100.0,21799.1,,,,,100.0,100.0,11400.9
3526.56,100.0,21664.9,,,,,100.0,100.0,11393.7
3527.56,0.0,21733.1,,,,,0.0,0.0,11395.6
3528.56,100.0,21733.1,,,,,100.0,100.0,11389.9
3529.56,100.0,21767.2,,,,,100.0,100.0,11396.0
3530.56,0.0,21801.3,,,,,0.0,0.0,11386.8
3531.56,100.0,21835.3,,,,,100.0,100.0,11396.9
3532.56,100.0,21901.3,,,,,100.0,100.0,11399.1
3533.56,100.0,21867.5,,,,,100.0,100.0,11401.7
3534.56,0.0,21867.5,,,,,0.0,0.0,11401.7
3535.56,100.0,21833.3,,,,,100.0,100.0,11401.9
3536.56,100.0,21799.1,,,,,100.0,100.0,11401.9
3537.56,100.0,21698.9,,,,,100.0,100.0,11381.4
3538.56,0.0,21699.0,,,,,0.0,0.0,11392.5
3539.56,100.0,21733.1,,,,,100.0,100.0,11381.5
3540.56,0.0,21767.2,,,,,0.0,0.0,11389.1
3541.56,100.0,21801.3,,,,,100.0,100.0,11397.9
3542.56,100.0,21801.3,,,,,100.0,100.0,11387.4
3543.56,100.0,21901.3,,,,,100.0,100.0,11400.4
3544.56,0.0,21901.3,,,,,0.0,0.0,11400.4
3545.56,100.0,21867.5,,,,,100.0,100.0,11402.8
3546.56,100.0,21833.3,,,,,100.0,100.0,11402.9
3547.56,100.0,21799.1,,,,,100.0,100.0,11402.9
3548.56,0.0,21799.1,,,,,0.0,0.0,11402.9
3549.56,100.0,21699.0,,,,,100.0,100.0,11397.4
3550.56,0.0,21733.1,,,,,0.0,0.0,11387.4
3551.56,100.0,21767.2,,,,,100.0,100.0,11389.7
3552.56,100.0,21767.2,,,,,100.0,100.0,11393.1
3553.56,100.0,21784.3,,,,,100.0,100.0,11389.4
3554.56,0.0,21835.3,,,,,0.0,0.0,11399.5
3555.56,100.0,21901.3,,,,,100.0,100.0,11401.6
3556.56,100.0,21867.5,,,,,100.0,100.0,11404.2
3557.56,100.0,21833.3,,,,,100.0,100.0,11404.3
3558.56,0.0,21833.3,,,,,0.0,0.0,11404.3
3559.56,100.0,21799.1,,,,,100.0,100.0,11404.3
3560.56,100.0,21698.9,,,,,100.0,100.0,11388.7
3561.56,0.0,21733.1,,,,,0.0,0.0,11399.0
3562.56,100.0,21733.1,,,,,100.0,100.0,11390.0
3563.56,100.0,21767.2,,,,,100.0,100.0,11400.1
3564.56,0.0,21801.3,,,,,0.0,0.0,11388.9
3565.56,100.0,21835.3,,,,,100.0,100.0,11400.7
3566.56,100.0,21901.3,,,,,100.0,100.0,11402.9
3567.56,100.0,21867.5,,,,,100.0,100.0,11405.6
3568.56,0.0,21867.5,,,,,0.0,0.0,11405.6
3569.56,100.0,21833.3,,,,,100.0,100.0,11405.7
3570.56,100.0,21799.1,,,,,100.0,100.0,11405.8
3571.56,100.0,21698.9,,,,,100.0,100.0,11380.4
3572.56,0.0,21699.0,,,,,0.0,0.0,11388.6
3573.56,100.0,21733.1,,,,,100.0,100.0,11400.6
3574.56,0.0,21767.2,,,,,0.0,0.0,11388.9
3575.56,100.0,21784.3,,,,,100.0,100.0,11400.7
3576.56,100.0,21801.3,,,,,100.0,100.0,11389.1
3577.56,100.0,21901.3,,,,,100.0,100.0,11404.3
3578.56,0.0,21901.3,,,,,0.0,0.0,11404.3
3579.56,100.0,21867.5,,,,,100.0,100.0,11406.8
3580.56,100.0,21833.3,,,,,100.0,100.0,11407.0
3581.56,100.0,21799.1,,,,,100.0,100.0,11407.0
3582.56,0.0,21799.1,,,,,0.0,0.0,11407.0
3583.56,100.0,21699.0,,,,,100.0,100.0,11401.4
3584.56,0.0,21733.1,,,,,0.0,0.0,11390.7
3585.56,100.0,21767.2,,,,,100.0,100.0,11392.6
3586.56,100.0,21767.2,,,,,100.0,100.0,11395.6
3587.57,100.0,21784.3,,,,,100.0,100.0,11398.5
3588.57,0.0,21835.3,,,,,0.0,0.0,11403.5
3589.57,100.0,21901.3,,,,,100.0,100.0,11405.6
3590.57,100.0,21867.5,,,,,100.0,100.0,11408.0
3591.57,100.0,21833.3,,,,,100.0,100.0,11408.2
3592.57,0.0,21833.3,,,,,0.0,0.0,11408.2
3593.57,100.0,21799.1,,,,,100.0,100.0,11408.2
3594.57,100.0,21698.9,,,,,100.0,100.0,11388.9
3595.57,0.0,21733.1,,,,,0.0,0.0,11402.8
3596.57,100.0,21733.1,,,,,100.0,100.0,11390.4
3597.57,100.0,21750.2,,,,,100.0,100.0,11401.0
3598.57,0.0,21801.3,,,,,0.0,0.0,11404.4
3599.57,100.0,21801.3,,,,,100.0,100.0,11396.5
3600.57,100.0,21901.3,,,,,100.0,100.0,11406.8
3601.57,100.0,21867.5,,,,,100.0,100.0,11409.4
3602.57,0.0,21867.5,,,,,0.0,0.0,11409.4
3603.57,100.0,21833.3,,,,,100.0,100.0,11409.5
3604.57,100.0,21799.1,,,,,100.0,100.0,11409.5
3605.57,100.0,21698.9,,,,,100.0,100.0,11409.6
3606.57,0.0,21699.0,,,,,0.0,0.0,11389.9
3607.57,100.0,21716.1,,,,,100.0,100.0,11403.0
3608.57,0.0,21767.2,,,,,0.0,0.0,11390.9
3609.57,100.0,21784.3,,,,,100.0,100.0,11400.0
3610.57,100.0,21801.3,,,,,100.0,100.0,11389.4
3611.57,100.0,21801.3,,,,,100.0,100.0,11406.5
3612.57,0.0,21901.3,,,,,0.0,0.0,11408.5
3613.57,100.0,21867.5,,,,,100.0,100.0,11411.0
3614.57,100.0,21833.3,,,,,100.0,100.0,11411.2
3615.57,0.0,21833.3,,,,,0.0,0.0,11411.2
3616.57,100.0,21799.1,,,,,100.0,100.0,11411.2
3617.57,100.0,21681.9,,,,,100.0,100.0,11403.2
3618.57,0.0,21733.1,,,,,0.0,0.0,11405.7
3619.57,100.0,21750.2,,,,,100.0,100.0,11402.6
3620.57,100.0,21767.2,,,,,100.0,100.0,11406.9
3621.57,0.0,21801.3,,,,,0.0,0.0,11398.8
3622.57,100.0,21835.3,,,,,100.0,100.0,11407.3
3623.57,100.0,21901.3,,,,,100.0,100.0,11409.5
3624.57,100.0,21867.5,,,,,100.0,100.0,11412.1
3625.57,0.0,21867.5,,,,,0.0,0.0,11412.1
3626.57,100.0,21833.3,,,,,100.0,100.0,11412.2
3627.57,100.0,21799.1,,,,,100.0,100.0,11412.2
3628.57,100.0,21698.9,,,,,100.0,100.0,11391.5
3629.57,0.0,21699.0,,,,,0.0,0.0,11402.5
3630.57,100.0,21733.1,,,,,100.0,100.0,11391.0
3631.57,0.0,21784.2,,,,,0.0,0.0,11401.0
3632.57,100.0,21801.3,,,,,100.0,100.0,11408.2
3633.57,100.0,21801.3,,,,,100.0,100.0,11398.3
3634.57,100.0,21901.3,,,,,100.0,100.0,11410.7
3635.57,0.0,21901.3,,,,,0.0,0.0,11410.7
3636.57,100.0,21867.5,,,,,100.0,100.0,11413.1
3637.57,100.0,21833.3,,,,,100.0,100.0,11413.3
3638.57,100.0,21799.1,,,,,100.0,100.0,11413.3
3639.57,0.0,21799.1,,,,,0.0,0.0,11413.3
3640.57,100.0,21699.0,,,,,100.0,100.0,11407.7
3641.57,0.0,21733.1,,,,,0.0,0.0,11398.7
3642.57,100.0,21767.2,,,,,100.0,100.0,11399.6
3643.57,100.0,21767.2,,,,,100.0,100.0,11402.8
3644.57,100.0,21801.3,,,,,100.0,100.0,11399.8
3645.57,0.0,21835.3,,,,,0.0,0.0,11409.9
3646.57,100.0,21901.3,,,,,100.0,100.0,11411.9
3647.57,100.0,21867.5,,,,,100.0,100.0,11414.3
3648.57,100.0,21833.3,,,,,100.0,100.0,11414.5
3649.57,0.0,21833.3,,,,,0.0,0.0,11414.5
3650.57,100.0,21799.1,,,,,100.0,100.0,11414.6
3651.57,100.0,21698.9,,,,,100.0,100.0,11396.8
3652.57,0.0,21733.1,,,,,0.0,0.0,11409.2
3653.57,100.0,21733.1,,,,,100.0,100.0,11398.5
3654.57,100.0,21767.2,,,,,100.0,100.0,11410.0
3655.57,0.0,21801.3,,,,,0.0,0.0,11399.4
3656.58,100.0,21835.3,,,,,100.0,100.0,11410.4
3657.58,100.0,21901.3,,,,,100.0,100.0,11412.8
3658.58,100.0,21867.5,,,,,100.0,100.0,11415.3
3659.58,0.0,21867.5,,,,,0.0,0.0,11415.3
3660.58,100.0,21833.3,,,,,100.0,100.0,11415.4
3661.58,100.0,21799.1,,,,,100.0,100.0,11415.5
3662.58,100.0,21698.9,,,,,100.0,100.0,11415.7
3663.58,0.0,21699.0,,,,,0.0,0.0,11396.8
3664.58,100.0,21733.1,,,,,100.0,100.0,11397.0
3665.58,0.0,21767.2,,,,,0.0,0.0,11396.9
3666.58,100.0,21784.3,,,,,100.0,100.0,11409.4
3667.58,100.0,21801.3,,,,,100.0,100.0,11397.8
3668.58,100.0,21901.3,,,,,100.0,100.0,11413.8
3669.58,0.0,21901.3,,,,,0.0,0.0,11413.8
3670.58,100.0,21867.5,,,,,100.0,100.0,11415.8
3671.58,100.0,21833.3,,,,,100.0,100.0,11415.9
3672.58,100.0,21799.1,,,,,100.0,100.0,11415.9
3673.58,0.0,21799.1,,,,,0.0,0.0,11415.9
3674.58,100.0,21699.0,,,,,100.0,100.0,11410.4
3675.58,0.0,21733.1,,,,,0.0,0.0,11398.2
3676.58,100.0,21750.2,,,,,100.0,100.0,11407.6
3677.58,100.0,21767.2,,,,,100.0,100.0,11404.9
3678.58,100.0,21784.3,,,,,100.0,100.0,11407.6
3679.58,0.0,21835.3,,,,,0.0,0.0,11412.7
3680.58,100.0,21901.3,,,,,100.0,100.0,11414.8
3681.58,100.0,21867.5,,,,,100.0,100.0,11417.4
3682.58,100.0,21833.3,,,,,100.0,100.0,11417.6
3683.58,0.0,21833.3,,,,,0.0,0.0,11417.6
3684.58,100.0,21799.1,,,,,100.0,100.0,11417.6
3685.58,100.0,21698.9,,,,,100.0,100.0,11396.8
3686.58,0.0,21733.1,,,,,0.0,0.0,11411.7
3687.58,100.0,21733.1,,,,,100.0,100.0,11398.0
3688.58,100.0,21733.1,,,,,100.0,100.0,11406.9
3689.58,0.0,21801.3,,,,,0.0,0.0,11397.4
3690.58,100.0,21801.3,,,,,100.0,100.0,11409.2
3691.58,100.0,21901.3,,,,,100.0,100.0,11415.0
3692.58,0.0,21901.3,,,,,0.0,0.0,11415.0
3693.58,100.0,21867.5,,,,,100.0,100.0,11417.6
3694.58,100.0,21833.3,,,,,100.0,100.0,11417.7
3695.58,100.0,21799.1,,,,,100.0,100.0,11417.7
3696.58,0.0,21799.1,,,,,0.0,0.0,11417.7
3697.58,100.0,21699.0,,,,,100.0,100.0,11411.7
3698.58,0.0,21733.1,,,,,0.0,0.0,11403.1
3699.58,100.0,21767.2,,,,,100.0,100.0,11412.4
3700.58,100.0,21767.2,,,,,100.0,100.0,11403.2
3701.58,100.0,21801.3,,,,,100.0,100.0,11413.6
3702.58,0.0,21835.3,,,,,0.0,0.0,11414.0
3703.58,100.0,21901.3,,,,,100.0,100.0,11416.1
3704.58,100.0,21867.5,,,,,100.0,100.0,11419.0
3705.58,100.0,21833.3,,,,,100.0,100.0,11419.2
3706.58,0.0,21833.3,,,,,0.0,0.0,11419.2
3707.58,100.0,21799.1,,,,,100.0,100.0,11419.2
3708.58,100.0,21698.9,,,,,100.0,100.0,11409.3
3709.58,0.0,21733.1,,,,,0.0,0.0,11413.8
3710.58,100.0,21733.1,,,,,100.0,100.0,11407.0
3711.58,100.0,21767.2,,,,,100.0,100.0,11414.6
3712.58,0.0,21801.3,,,,,0.0,0.0,11406.1
3713.58,100.0,21835.3,,,,,100.0,100.0,11415.6
3714.58,100.0,21901.3,,,,,100.0,100.0,11417.9
3715.58,100.0,21867.5,,,,,100.0,100.0,11420.4
3716.58,0.0,21867.5,,,,,0.0,0.0,11420.4
3717.58,100.0,21833.3,,,,,100.0,100.0,11420.6
3718.58,100.0,21799.1,,,,,100.0,100.0,11420.6
3719.58,100.0,21698.9,,,,,100.0,100.0,11420.9
3720.58,0.0,21699.0,,,,,0.0,0.0,11408.8
3721.58,100.0,21733.1,,,,,100.0,100.0,11400.0
3722.58,0.0,21767.2,,,,,0.0,0.0,11406.6
3723.58,100.0,21801.3,,,,,100.0,100.0,11416.5
3724.59,100.0,21801.3,,,,,100.0,100.0,11406.0
3725.59,100.0,21901.3,,,,,100.0,100.0,11419.0
3726.59,0.0,21901.3,,,,,0.0,0.0,11419.0
3727.59,100.0,21867.5,,,,,100.0,100.0,11421.5
3728.59,100.0,21833.3,,,,,100.0,100.0,11421.7
3729.59,100.0,21799.1,,,,,100.0,100.0,11421.7
3730.59,0.0,21799.1,,,,,0.0,0.0,11421.7
3731.59,100.0,21699.0,,,,,100.0,100.0,11416.2
3732.59,0.0,21733.1,,,,,0.0,0.0,11408.0
3733.59,100.0,21767.2,,,,,100.0,100.0,11417.0
3734.59,100.0,21767.2,,,,,100.0,100.0,11417.1
3735.59,100.0,21801.3,,,,,100.0,100.0,11417.8
3736.59,0.0,21835.3,,,,,0.0,0.0,11418.1
3737.59,100.0,21901.3,,,,,100.0,100.0,11420.2
3738.59,100.0,21867.5,,,,,100.0,100.0,11423.1
3739.59,100.0,21833.3,,,,,100.0,100.0,11423.3
3740.59,0.0,21833.3,,,,,0.0,0.0,11423.3
3741.59,100.0,21799.1,,,,,100.0,100.0,11423.3
3742.59,100.0,21698.9,,,,,100.0,100.0,11406.9
3743.59,0.0,21733.1,,,,,0.0,0.0,11417.9
3744.59,100.0,21733.1,,,,,100.0,100.0,11408.8
3745.59,100.0,21767.2,,,,,100.0,100.0,11419.2
3746.59,0.0,21801.3,,,,,0.0,0.0,11408.9
3747.59,100.0,21818.3,,,,,100.0,100.0,11418.2
3748.59,100.0,21901.3,,,,,100.0,100.0,11422.0
3749.59,100.0,21867.5,,,,,100.0,100.0,11424.6
3750.59,0.0,21867.5,,,,,0.0,0.0,11424.6
3751.59,100.0,21833.3,,,,,100.0,100.0,11424.8
3752.59,100.0,21799.1,,,,,100.0,100.0,11424.8
3753.59,100.0,21698.9,,,,,100.0,100.0,11425.0
3754.59,0.0,21699.0,,,,,0.0,0.0,11407.8
3755.59,100.0,21733.1,,,,,100.0,100.0,11400.9
3756.59,0.0,21767.2,,,,,0.0,0.0,11408.0
3757.59,100.0,21784.3,,,,,100.0,100.0,11418.9
3758.59,100.0,21801.3,,,,,100.0,100.0,11407.9
3759.59,100.0,21901.3,,,,,100.0,100.0,11423.5
3760.59,0.0,21901.3,,,,,0.0,0.0,11423.5
3761.59,100.0,21867.5,,,,,100.0,100.0,11425.9
3762.59,100.0,21833.3,,,,,100.0,100.0,11426.1
3763.59,100.0,21799.1,,,,,100.0,100.0,11426.1
3764.59,0.0,21799.1,,,,,0.0,0.0,11426.1
3765.59,100.0,21699.0,,,,,100.0,100.0,11420.1
3766.59,0.0,21733.1,,,,,0.0,0.0,11409.5
3767.59,100.0,21750.2,,,,,100.0,100.0,11418.3
3768.59,100.0,21767.2,,,,,100.0,100.0,11416.1
3769.59,100.0,21784.3,,,,,100.0,100.0,11408.1
3770.59,0.0,21835.3,,,,,0.0,0.0,11422.1
3771.59,100.0,21901.3,,,,,100.0,100.0,11424.3
3772.59,100.0,21867.5,,,,,100.0,100.0,11427.0
3773.59,100.0,21833.3,,,,,100.0,100.0,11427.1
3774.59,0.0,21833.3,,,,,0.0,0.0,11427.1
3775.59,100.0,21799.1,,,,,100.0,100.0,11427.1
3776.59,100.0,21698.9,,,,,100.0,100.0,11407.8
3777.59,0.0,21733.1,,,,,0.0,0.0,11421.4
3778.59,100.0,21733.1,,,,,100.0,100.0,11409.5
3779.59,100.0,21733.1,,,,,100.0,100.0,11416.9
3780.59,0.0,21801.3,,,,,0.0,0.0,11408.0
3781.59,100.0,21801.3,,,,,100.0,100.0,11414.1
3782.59,100.0,21901.3,,,,,100.0,100.0,11425.6
3783.59,0.0,21901.3,,,,,0.0,0.0,11425.6
3784.59,100.0,21867.5,,,,,100.0,100.0,11428.2
3785.59,100.0,21833.3,,,,,100.0,100.0,11428.4
3786.59,100.0,21799.1,,,,,100.0,100.0,11428.4
3787.59,0.0,21799.1,,,,,0.0,0.0,11428.4
3788.59,100.0,21699.0,,,,,100.0,100.0,11422.9
3789.59,0.0,21733.1,,,,,0.0,0.0,11419.9
3790.59,100.0,21767.2,,,,,100.0,100.0,11423.7
3791.59,100.0,21767.2,,,,,100.0,100.0,11416.3
3792.59,100.0,21801.3,,,,,100.0,100.0,11416.2
3793.59,0.0,21835.3,,,,,0.0,0.0,11424.9
3794.6,100.0,21901.3,,,,,100.0,100.0,11427.0
3795.6,100.0,21867.5,,,,,100.0,100.0,11429.6
3796.6,100.0,21833.3,,,,,100.0,100.0,11429.7
3797.6,0.0,21833.3,,,,,0.0,0.0,11429.7
3798.6,100.0,21799.1,,,,,100.0,100.0,11429.8
3799.6,100.0,21698.9,,,,,100.0,100.0,11418.9
3800.6,0.0,21733.1,,,,,0.0,0.0,11410.0
3801.6,100.0,21733.1,,,,,100.0,100.0,11415.0
3802.6,100.0,21767.2,,,,,100.0,100.0,11425.1
3803.6,0.0,21801.3,,,,,0.0,0.0,11415.0
3804.6,100.0,21835.3,,,,,100.0,100.0,11425.9
3805.6,100.0,21901.3,,,,,100.0,100.0,11428.3
3806.6,100.0,21867.5,,,,,100.0,100.0,11430.6
3807.6,0.0,21867.5,,,,,0.0,0.0,11430.6
3808.6,100.0,21833.3,,,,,100.0,100.0,11430.8
3809.6,100.0,21799.1,,,,,100.0,100.0,11430.8
3810.6,100.0,21698.9,,,,,100.0,100.0,11431.2
3811.6,0.0,21699.0,,,,,0.0,0.0,11418.4
3812.6,100.0,21733.1,,,,,100.0,100.0,11419.0
3813.6,0.0,21767.2,,,,,0.0,0.0,11424.8
3814.6,100.0,21784.3,,,,,100.0,100.0,11418.4
3815.6,100.0,21801.3,,,,,100.0,100.0,11426.7
3816.6,100.0,21901.3,,,,,100.0,100.0,11429.4
3817.6,0.0,21901.3,,,,,0.0,0.0,11429.4
3818.6,100.0,21867.5,,,,,100.0,100.0,11435.8
3819.6,100.0,21833.3,,,,,100.0,100.0,11436.0
3820.6,100.0,21799.1,,,,,100.0,100.0,11436.0
3821.6,0.0,21799.1,,,,,0.0,0.0,11436.0
3822.6,100.0,21699.0,,,,,100.0,100.0,11430.3
3823.6,0.0,21733.1,,,,,0.0,0.0,11421.8
3824.6,100.0,21767.2,,,,,100.0,100.0,11431.2
3825.6,100.0,21767.2,,,,,100.0,100.0,11419.5
3826.6,100.0,21784.3,,,,,100.0,100.0,11419.8
3827.6,0.0,21835.3,,,,,0.0,0.0,11432.4
3828.6,100.0,21901.3,,,,,100.0,100.0,11434.5
3829.6,100.0,21867.5,,,,,100.0,100.0,11436.7
3830.6,100.0,21833.3,,,,,100.0,100.0,11436.8
3831.6,0.0,21833.3,,,,,0.0,0.0,11436.8
3832.6,100.0,21799.1,,,,,100.0,100.0,11436.8
3833.6,100.0,21698.9,,,,,100.0,100.0,11419.7
3834.6,0.0,21733.1,,,,,0.0,0.0,11431.2
3835.6,100.0,21733.1,,,,,100.0,100.0,11419.0
3836.6,100.0,21750.2,,,,,100.0,100.0,11430.7
3837.6,0.0,21801.3,,,,,0.0,0.0,11419.9
3838.6,100.0,21801.3,,,,,100.0,100.0,11425.9
3839.6,100.0,21901.3,,,,,100.0,100.0,11435.2
3840.6,100.0,21867.5,,,,,100.0,100.0,11437.8
3841.6,0.0,21867.5,,,,,0.0,0.0,11437.8
3842.6,100.0,21833.3,,,,,100.0,100.0,11437.9
3843.6,100.0,21799.1,,,,,100.0,100.0,11438.0
3844.6,100.0,21698.9,,,,,100.0,100.0,11438.2
3845.6,0.0,21699.0,,,,,0.0,0.0,11421.0
3846.6,100.0,21733.1,,,,,100.0,100.0,11432.3
3847.6,0.0,21767.2,,,,,0.0,0.0,11426.9
3848.6,100.0,21784.3,,,,,100.0,100.0,11430.4
3849.6,100.0,21801.3,,,,,100.0,100.0,11427.0
3850.6,100.0,21901.3,,,,,100.0,100.0,11436.4
3851.6,0.0,21901.3,,,,,0.0,0.0,11436.4
3852.6,100.0,21867.5,,,,,100.0,100.0,11438.9
3853.6,100.0,21833.3,,,,,100.0,100.0,11439.1
3854.6,100.0,21799.1,,,,,100.0,100.0,11439.1
3855.6,0.0,21799.1,,,,,0.0,0.0,11439.1
3856.6,100.0,21699.0,,,,,100.0,100.0,11433.4
3857.6,0.0,21733.1,,,,,0.0,0.0,11422.0
3858.6,100.0,21750.2,,,,,100.0,100.0,11433.5
3859.6,100.0,21767.2,,,,,100.0,100.0,11434.7
3860.6,100.0,21784.3,,,,,100.0,100.0,11421.7
3861.6,0.0,21835.3,,,,,0.0,0.0,11435.6
3862.6,100.0,21901.3,,,,,100.0,100.0,11437.7
3863.6,100.0,21867.5,,,,,100.0,100.0,11440.0
3864.61,0.0,21867.5,,,,,0.0,0.0,11440.0
3865.61,100.0,21833.3,,,,,100.0,100.0,11440.2
3866.61,100.0,21799.1,,,,,100.0,100.0,11440.2
3867.61,100.0,21698.9,,,,,100.0,100.0,11440.5
3868.61,0.0,21716.0,,,,,0.0,0.0,11433.5
3869.61,100.0,21733.1,,,,,100.0,100.0,11421.9
3870.61,0.0,21784.3,,,,,0.0,0.0,11431.1
3871.61,100.0,21801.3,,,,,100.0,100.0,11421.8
3872.61,100.0,21818.3,,,,,100.0,100.0,11430.2
3873.61,100.0,21901.3,,,,,100.0,100.0,11438.7
3874.61,0.0,21901.3,,,,,0.0,0.0,11438.7
3875.61,100.0,21867.5,,,,,100.0,100.0,11441.2
3876.61,100.0,21833.3,,,,,100.0,100.0,11441.4
3877.61,100.0,21799.1,,,,,100.0,100.0,11441.4
3878.61,0.0,21799.1,,,,,0.0,0.0,11441.4
3879.61,100.0,21699.0,,,,,100.0,100.0,11436.0
3880.61,0.0,21733.1,,,,,0.0,0.0,11429.3
3881.61,100.0,21767.2,,,,,100.0,100.0,11436.6
3882.61,100.0,21767.2,,,,,100.0,100.0,11429.3
3883.61,100.0,21784.3,,,,,100.0,100.0,11430.4
3884.61,0.0,21835.3,,,,,0.0,0.0,11437.9
3885.61,100.0,21901.3,,,,,100.0,100.0,11439.9
3886.61,100.0,21867.5,,,,,100.0,100.0,11442.5
3887.61,100.0,21833.3,,,,,100.0,100.0,11442.7
3888.61,0.0,21833.3,,,,,0.0,0.0,11442.7
3889.61,100.0,21799.1,,,,,100.0,100.0,11442.7
3890.61,100.0,21698.9,,,,,100.0,100.0,11429.2
3891.61,0.0,21733.1,,,,,0.0,0.0,11421.9
3892.61,100.0,21733.1,,,,,100.0,100.0,11427.7
3893.61,100.0,21767.2,,,,,100.0,100.0,11438.4
3894.61,0.0,21801.3,,,,,0.0,0.0,11427.8
3895.61,100.0,21835.3,,,,,100.0,100.0,11438.8
3896.61,100.0,21901.3,,,,,100.0,100.0,11441.2
3897.61,100.0,21867.5,,,,,100.0,100.0,11443.8
3898.61,0.0,21867.5,,,,,0.0,0.0,11443.8
3899.61,100.0,21833.3,,,,,100.0,100.0,11444.0
3900.61,100.0,21799.1,,,,,100.0,100.0,11444.0
3901.61,100.0,21698.9,,,,,100.0,100.0,11444.3
3902.61,0.0,21699.0,,,,,0.0,0.0,11429.1
3903.61,100.0,21733.1,,,,,100.0,100.0,11430.5
3904.61,0.0,21767.2,,,,,0.0,0.0,11434.4
3905.61,100.0,21784.3,,,,,100.0,100.0,11429.3
3906.61,100.0,21801.3,,,,,100.0,100.0,11433.9
3907.61,100.0,21901.3,,,,,100.0,100.0,11442.6
3908.61,0.0,21901.3,,,,,0.0,0.0,11442.6
3909.61,100.0,21867.5,,,,,100.0,100.0,11445.0
3910.61,100.0,21833.3,,,,,100.0,100.0,11445.2
3911.61,100.0,21799.1,,,,,100.0,100.0,11445.2
3912.61,0.0,21799.1,,,,,0.0,0.0,11445.2
3913.61,100.0,21699.0,,,,,100.0,100.0,11439.8
3914.61,0.0,21733.1,,,,,0.0,0.0,11430.2
3915.61,100.0,21767.2,,,,,100.0,100.0,11440.5
3916.61,100.0,21767.2,,,,,100.0,100.0,11429.1
3917.61,100.0,21784.3,,,,,100.0,100.0,11436.7
3918.61,0.0,21835.3,,,,,0.0,0.0,11441.7
3919.61,100.0,21901.3,,,,,100.0,100.0,11443.9
3920.61,100.0,21867.5,,,,,100.0,100.0,11446.4
3921.61,100.0,21833.3,,,,,100.0,100.0,11446.6
3922.61,0.0,21833.3,,,,,0.0,0.0,11446.6
3923.61,100.0,21799.1,,,,,100.0,100.0,11446.6
3924.61,100.0,21698.9,,,,,100.0,100.0,11427.8
3925.61,0.0,21733.1,,,,,0.0,0.0,11422.5
3926.61,100.0,21733.1,,,,,100.0,100.0,11429.0
3927.61,100.0,21750.2,,,,,100.0,100.0,11438.5
3928.61,0.0,21801.3,,,,,0.0,0.0,11438.1
3929.61,100.0,21818.3,,,,,100.0,100.0,11442.7
3930.61,100.0,21901.3,,,,,100.0,100.0,11445.1
3931.62,100.0,21867.5,,,,,100.0,100.0,11447.5
3932.62,0.0,21867.5,,,,,0.0,0.0,11447.5
3933.62,100.0,21833.3,,,,,100.0,100.0,11447.6
3934.62,100.0,21799.1,,,,,100.0,100.0,11447.6
3935.62,100.0,21698.9,,,,,100.0,100.0,11447.8
3936.62,0.0,21699.0,,,,,0.0,0.0,11430.1
3937.62,100.0,21733.1,,,,,100.0,100.0,11443.0
3938.62,0.0,21767.2,,,,,0.0,0.0,11436.6
3939.62,100.0,21784.3,,,,,100.0,100.0,11442.1
3940.62,100.0,21801.3,,,,,100.0,100.0,11436.4
3941.62,100.0,21901.3,,,,,100.0,100.0,11446.1
3942.62,0.0,21901.3,,,,,0.0,0.0,11446.3
3943.62,100.0,21867.5,,,,,100.0,100.0,11448.7
3944.62,100.0,21833.3,,,,,100.0,100.0,11448.8
3945.62,0.0,21833.3,,,,,0.0,0.0,11448.8
3946.62,100.0,21799.1,,,,,100.0,100.0,11448.8
3947.62,100.0,21682.0,,,,,100.0,100.0,11442.0
3948.62,0.0,21733.1,,,,,0.0,0.0,11430.4
3949.62,100.0,21733.1,,,,,100.0,100.0,11438.6
3950.62,100.0,21767.2,,,,,100.0,100.0,11428.1
3951.62,0.0,21801.3,,,,,0.0,0.0,11435.3
3952.62,100.0,21835.3,,,,,100.0,100.0,11445.2
3953.62,100.0,21901.3,,,,,100.0,100.0,11447.4
3954.62,100.0,21867.5,,,,,100.0,100.0,11453.9
3955.62,0.0,21867.5,,,,,0.0,0.0,11453.9
3956.62,100.0,21833.3,,,,,100.0,100.0,11454.1
3957.62,100.0,21799.1,,,,,100.0,100.0,11454.1
3958.62,100.0,21698.9,,,,,100.0,100.0,11454.4
3959.62,0.0,21699.0,,,,,0.0,0.0,11445.4
3960.62,100.0,21733.1,,,,,100.0,100.0,11433.0
3961.62,0.0,21767.2,,,,,0.0,0.0,11443.1
3962.62,100.0,21801.3,,,,,100.0,100.0,11434.7
3963.62,100.0,21801.3,,,,,100.0,100.0,11440.0
3964.62,100.0,21901.3,,,,,100.0,100.0,11452.7
3965.62,0.0,21901.3,,,,,0.0,0.0,11452.7
3966.62,100.0,21867.5,,,,,100.0,100.0,11455.0
3967.62,100.0,21833.3,,,,,100.0,100.0,11455.1
3968.62,100.0,21799.1,,,,,100.0,100.0,11455.1
3969.62,0.0,21799.1,,,,,0.0,0.0,11455.1
3970.62,100.0,21699.0,,,,,100.0,100.0,11449.4
3971.62,0.0,21733.1,,,,,0.0,0.0,11442.3
3972.62,100.0,21767.2,,,,,100.0,100.0,11450.2
3973.62,100.0,21767.2,,,,,100.0,100.0,11441.3
3974.62,100.0,21784.3,,,,,100.0,100.0,11447.2
3975.62,0.0,21835.3,,,,,0.0,0.0,11451.5
3976.62,100.0,21901.3,,,,,100.0,100.0,11453.6
3977.62,100.0,21867.5,,,,,100.0,100.0,11456.3
3978.62,100.0,21833.3,,,,,100.0,100.0,11456.5
3979.62,0.0,21833.3,,,,,0.0,0.0,11456.5
3980.62,100.0,21799.1,,,,,100.0,100.0,11456.5
3981.62,100.0,21698.9,,,,,100.0,100.0,11440.1
3982.62,0.0,21733.1,,,,,0.0,0.0,11442.5
3983.62,100.0,21733.1,,,,,100.0,100.0,11439.1
3984.62,100.0,21767.2,,,,,100.0,100.0,11451.5
3985.62,0.0,21801.3,,,,,0.0,0.0,11439.0
3986.62,100.0,21801.3,,,,,100.0,100.0,11451.2
3987.62,100.0,21901.3,,,,,100.0,100.0,11455.1
3988.62,100.0,21867.5,,,,,100.0,100.0,11457.4
3989.62,0.0,21867.5,,,,,0.0,0.0,11457.4
3990.62,100.0,21833.3,,,,,100.0,100.0,11457.6
3991.62,100.0,21799.1,,,,,100.0,100.0,11457.6
3992.62,100.0,21698.9,,,,,100.0,100.0,11457.8
3993.62,0.0,21699.0,,,,,0.0,0.0,11441.2
3994.62,100.0,21733.1,,,,,100.0,100.0,11452.0
3995.62,0.0,21767.2,,,,,0.0,0.0,11452.8
3996.62,100.0,21784.3,,,,,100.0,100.0,11452.8
3997.62,100.0,21801.3,,,,,100.0,100.0,11453.7
3998.62,100.0,21901.3,,,,,100.0,100.0,11456.1
3999.62,0.0,21901.3,,,,,0.0,0.0,11456.1
4000.63,100.0,21867.5,,,,,100.0,100.0,11458.6
4001.63,100.0,21833.3,,,,,100.0,100.0,11458.8
4002.63,100.0,21799.1,,,,,100.0,100.0,11458.8
4003.63,0.0,21799.1,,,,,0.0,0.0,11458.8
4004.63,100.0,21699.0,,,,,100.0,100.0,11453.0
4005.63,0.0,21733.1,,,,,0.0,0.0,11441.3
4006.63,100.0,21767.2,,,,,100.0,100.0,11453.7
4007.63,100.0,21767.2,,,,,100.0,100.0,11440.6
4008.63,100.0,21767.2,,,,,100.0,100.0,11447.7
4009.63,0.0,21835.3,,,,,0.0,0.0,11455.2
4010.63,100.0,21901.3,,,,,100.0,100.0,11457.3
4011.63,100.0,21867.5,,,,,100.0,100.0,11459.7
4012.63,100.0,21833.3,,,,,100.0,100.0,11459.8
4013.63,0.0,21833.3,,,,,0.0,0.0,11459.8
4014.63,100.0,21799.1,,,,,100.0,100.0,11459.9
4015.63,100.0,21698.9,,,,,100.0,100.0,11460.1
4016.63,0.0,21733.1,,,,,0.0,0.0,11444.7
4017.63,100.0,21733.1,,,,,100.0,100.0,11447.9
4018.63,100.0,21733.1,,,,,100.0,100.0,11448.6
4019.63,0.0,21801.3,,,,,0.0,0.0,11448.9
4020.63,100.0,21801.3,,,,,100.0,100.0,11451.3
4021.63,100.0,21901.3,,,,,100.0,100.0,11458.6
4022.63,100.0,21867.5,,,,,100.0,100.0,11461.1
4023.63,0.0,21867.5,,,,,0.0,0.0,11461.1
4024.63,100.0,21833.3,,,,,100.0,100.0,11461.3
4025.63,100.0,21799.1,,,,,100.0,100.0,11461.3
4026.63,100.0,21699.0,,,,,100.0,100.0,11461.3
4027.63,1.27,21699.0,,,,,1.27,1.28,11442.6
4028.63,100.0,21716.1,,,,,100.0,100.0,11454.0
4029.63,0.0,21767.2,,,,,0.0,0.0,11456.4
4030.63,100.0,21767.2,,,,,100.0,100.0,11452.7
4031.63,100.0,21801.3,,,,,100.0,100.0,11457.2
4032.63,0.0,21901.3,,,,,0.0,0.0,11459.6
4033.63,0.0,21901.3,,,,,0.0,0.0,11459.6
4034.63,100.0,21867.5,,,,,100.0,100.0,11462.2
4035.63,100.0,21833.3,,,,,100.0,100.0,11462.4
4036.63,100.0,21799.1,,,,,100.0,100.0,11462.4
4037.63,100.0,21799.1,,,,,100.0,100.0,11462.4
4038.63,0.0,21733.1,,,,,0.0,0.0,11443.7
4039.63,0.0,21733.1,,,,,0.0,0.0,11443.7
4040.63,100.0,21767.2,,,,,100.0,100.0,11442.1
4041.63,0.0,21801.3,,,,,0.0,0.0,11448.0
4042.63,100.0,21835.3,,,,,100.0,100.0,11458.9
4043.63,100.0,21901.3,,,,,100.0,100.0,11461.0
4044.63,100.0,21867.5,,,,,100.0,100.0,11463.2
4045.63,0.0,21867.5,,,,,0.0,0.0,11463.2
4046.63,100.0,21833.3,,,,,100.0,100.0,11463.4
4047.63,100.0,21799.1,,,,,100.0,100.0,11463.4
4048.63,100.0,21698.9,,,,,100.0,100.0,11463.7
4049.63,0.0,21699.0,,,,,0.0,0.0,11454.8
4050.63,100.0,21733.1,,,,,100.0,100.0,11458.0
4051.63,0.0,21767.2,,,,,0.0,0.0,11451.0
4052.63,100.0,21801.3,,,,,100.0,100.0,11450.7
4053.63,100.0,21801.3,,,,,100.0,100.0,11448.0
4054.63,100.0,21901.3,,,,,100.0,100.0,11462.0
4055.63,0.0,21901.3,,,,,0.0,0.0,11462.0
4056.63,100.0,21867.5,,,,,100.0,100.0,11464.4
4057.63,100.0,21833.3,,,,,100.0,100.0,11464.6
4058.63,100.0,21799.1,,,,,100.0,100.0,11464.6
4059.63,0.0,21799.1,,,,,0.0,0.0,11464.6
4060.63,100.0,21699.0,,,,,100.0,100.0,11444.6
4061.63,0.0,21733.1,,,,,0.0,0.0,11452.3
4062.63,100.0,21767.2,,,,,100.0,100.0,11459.9
4063.63,100.0,21767.2,,,,,100.0,100.0,11451.7
4064.63,100.0,21801.3,,,,,100.0,100.0,11460.9
4065.63,0.0,21835.3,,,,,0.0,0.0,11461.1
4066.63,100.0,21901.3,,,,,100.0,100.0,11463.2
4067.63,100.0,21867.5,,,,,100.0,100.0,11465.5
4068.63,100.0,21833.3,,,,,100.0,100.0,11465.7
4069.64,0.0,21833.3,,,,,0.0,0.0,11465.7
4070.64,100.0,21799.1,,,,,100.0,100.0,11465.7
4071.64,100.0,21698.9,,,,,100.0,100.0,11451.0
4072.64,0.0,21733.1,,,,,0.0,0.0,11442.7
4073.64,100.0,21733.1,,,,,100.0,100.0,11449.0
4074.64,100.0,21767.2,,,,,100.0,100.0,11441.9
4075.64,0.0,21801.3,,,,,0.0,0.0,11448.9
4076.64,100.0,21818.3,,,,,100.0,100.0,11458.1
4077.64,100.0,21901.3,,,,,100.0,100.0,11464.6
4078.64,100.0,21867.5,,,,,100.0,100.0,11467.1
4079.64,0.0,21867.5,,,,,0.0,0.0,11467.1
4080.64,100.0,21833.3,,,,,100.0,100.0,11467.3
4081.64,100.0,21799.1,,,,,100.0,100.0,11467.3
4082.64,100.0,21698.9,,,,,100.0,100.0,11467.6
4083.64,0.0,21699.0,,,,,0.0,0.0,11451.3
4084.64,100.0,21733.1,,,,,100.0,100.0,11462.2
4085.64,0.0,21767.2,,,,,0.0,0.0,11451.4
4086.64,100.0,21801.3,,,,,100.0,100.0,11454.3
4087.64,100.0,21801.3,,,,,100.0,100.0,11450.9
4088.64,100.0,21901.3,,,,,100.0,100.0,11466.2
4089.64,0.0,21901.3,,,,,0.0,0.0,11466.2
4090.64,100.0,21867.5,,,,,100.0,100.0,11468.9
4091.64,100.0,21833.3,,,,,100.0,100.0,11469.1
4092.64,100.0,21799.1,,,,,100.0,100.0,11469.1
4093.64,0.0,21799.1,,,,,0.0,0.0,11469.1
4094.64,100.0,21699.0,,,,,100.0,100.0,11463.6
4095.64,0.0,21733.1,,,,,0.0,0.0,11452.4
4096.64,100.0,21767.2,,,,,100.0,100.0,11464.2
4097.64,100.0,21767.2,,,,,100.0,100.0,11451.8
4098.64,100.0,21784.3,,,,,100.0,100.0,11462.5
4099.64,0.0,21835.3,,,,,0.0,0.0,11465.4
4100.64,100.0,21901.3,,,,,100.0,100.0,11467.4
4101.64,100.0,21867.5,,,,,100.0,100.0,11469.7
4102.64,100.0,21833.3,,,,,100.0,100.0,11469.9
4103.64,0.0,21833.3,,,,,0.0,0.0,11469.9
4104.64,100.0,21799.1,,,,,100.0,100.0,11469.9
4105.64,100.0,21698.9,,,,,100.0,100.0,11452.3
4106.64,0.0,21733.1,,,,,0.0,0.0,11454.2
4107.64,100.0,21733.1,,,,,100.0,100.0,11458.0
4108.64,100.0,21733.1,,,,,100.0,100.0,11461.4
4109.64,0.0,21801.3,,,,,0.0,0.0,11458.6
4110.64,100.0,21801.3,,,,,100.0,100.0,11455.5
4111.64,100.0,21901.3,,,,,100.0,100.0,11468.3
4112.64,100.0,21867.5,,,,,100.0,100.0,11470.8
4113.64,0.0,21867.5,,,,,0.0,0.0,11470.8
4114.64,100.0,21833.3,,,,,100.0,100.0,11471.0
4115.64,100.0,21799.1,,,,,100.0,100.0,11471.0
4116.64,100.0,21698.9,,,,,100.0,100.0,11471.2
4117.64,0.0,21699.0,,,,,0.0,0.0,11453.0
4118.64,100.0,21733.1,,,,,100.0,100.0,11465.5
4119.64,0.0,21767.2,,,,,0.0,0.0,11466.3
4120.64,100.0,21784.3,,,,,100.0,100.0,11465.2
4121.64,100.0,21801.3,,,,,100.0,100.0,11467.5
4122.64,100.0,21901.3,,,,,100.0,100.0,11469.8
4123.64,0.0,21901.3,,,,,0.0,0.0,11469.8
4124.64,100.0,21867.5,,,,,100.0,100.0,11472.4
4125.64,100.0,21833.3,,,,,100.0,100.0,11472.6
4126.64,100.0,21799.1,,,,,100.0,100.0,11472.6
4127.64,0.0,21799.1,,,,,0.0,0.0,11472.6
4128.64,100.0,21699.0,,,,,100.0,100.0,11466.8
4129.64,0.0,21733.1,,,,,0.0,0.0,11454.2
4130.64,100.0,21750.2,,,,,100.0,100.0,11464.8
4131.64,100.0,21767.2,,,,,100.0,100.0,11452.9
4132.64,0.0,21801.3,,,,,0.0,0.0,11459.6
4133.64,100.0,21835.3,,,,,100.0,100.0,11468.9
4134.64,100.0,21901.3,,,,,100.0,100.0,11471.0
4135.64,100.0,21867.5,,,,,100.0,100.0,11477.4
4136.64,0.0,21867.5,,,,,0.0,0.0,11477.4
4137.64,100.0,21833.3,,,,,100.0,100.0,11477.6
4138.64,100.0,21799.1,,,,,100.0,100.0,11477.6
4139.64,100.0,21698.9,,,,,100.0,100.0,11477.9
4140.65,0.0,21716.1,,,,,0.0,0.0,11469.2
4141.65,100.0,21733.1,,,,,100.0,100.0,11472.2
4142.65,0.0,21767.2,,,,,0.0,0.0,11464.7
4143.65,100.0,21801.3,,,,,100.0,100.0,11473.7
4144.65,100.0,21801.3,,,,,100.0,100.0,11467.9
4145.65,100.0,21901.3,,,,,100.0,100.0,11476.0
4146.65,0.0,21901.3,,,,,0.0,0.0,11476.0
4147.65,100.0,21867.5,,,,,100.0,100.0,11478.3
4148.65,100.0,21833.3,,,,,100.0,100.0,11478.4
4149.65,100.0,21799.1,,,,,100.0,100.0,11478.4
4150.65,0.0,21799.1,,,,,0.0,0.0,11478.4
4151.65,100.0,21699.0,,,,,100.0,100.0,11457.9
4152.65,0.0,21733.1,,,,,0.0,0.0,11466.5
4153.65,100.0,21767.2,,,,,100.0,100.0,11473.7
4154.65,100.0,21767.2,,,,,100.0,100.0,11463.8
4155.65,100.0,21801.3,,,,,100.0,100.0,11474.5
4156.65,0.0,21835.3,,,,,0.0,0.0,11474.9
4157.65,100.0,21901.3,,,,,100.0,100.0,11477.0
4158.65,100.0,21867.5,,,,,100.0,100.0,11479.3
4159.65,100.0,21833.3,,,,,100.0,100.0,11479.5
4160.65,0.0,21833.3,,,,,0.0,0.0,11479.5
4161.65,100.0,21799.1,,,,,100.0,100.0,11479.5
4162.65,100.0,21698.9,,,,,100.0,100.0,11463.6
4163.65,0.0,21733.1,,,,,0.0,0.0,11465.2
4164.65,100.0,21733.1,,,,,100.0,100.0,11461.3
4165.65,100.0,21767.2,,,,,100.0,100.0,11464.9
4166.65,0.0,21801.3,,,,,0.0,0.0,11469.1
4167.65,100.0,21818.3,,,,,100.0,100.0,11472.3
4168.65,100.0,21901.3,,,,,100.0,100.0,11478.4
4169.65,100.0,21867.5,,,,,100.0,100.0,11481.2
4170.65,0.0,21867.5,,,,,0.0,0.0,11481.2
4171.65,100.0,21833.3,,,,,100.0,100.0,11481.4
4172.65,100.0,21799.1,,,,,100.0,100.0,11481.4
4173.65,100.0,21698.9,,,,,100.0,100.0,11481.6
4174.65,0.0,21699.0,,,,,0.0,0.0,11465.4
4175.65,100.0,21733.1,,,,,100.0,100.0,11476.3
4176.65,0.0,21767.2,,,,,0.0,0.0,11464.9
4177.65,100.0,21784.3,,,,,100.0,100.0,11474.1
4178.65,100.0,21801.3,,,,,100.0,100.0,11477.4
4179.65,100.0,21901.3,,,,,100.0,100.0,11479.6
4180.65,0.0,21901.3,,,,,0.0,0.0,11479.6
4181.65,100.0,21867.5,,,,,100.0,100.0,11482.2
4182.65,100.0,21833.3,,,,,100.0,100.0,11482.4
4183.65,100.0,21799.1,,,,,100.0,100.0,11482.4
4184.65,0.0,21799.1,,,,,0.0,0.0,11482.4
4185.65,100.0,21699.0,,,,,100.0,100.0,11457.1
4186.65,0.0,21733.1,,,,,0.0,0.0,11464.5
4187.65,100.0,21767.2,,,,,100.0,100.0,11477.5
4188.65,100.0,21767.2,,,,,100.0,100.0,11464.7
4189.65,100.0,21784.3,,,,,100.0,100.0,11476.0
4190.65,0.0,21835.3,,,,,0.0,0.0,11478.8
4191.65,100.0,21901.3,,,,,100.0,100.0,11480.8
4192.65,100.0,21867.5,,,,,100.0,100.0,11483.1
4193.65,100.0,21833.3,,,,,100.0,100.0,11483.2
4194.65,0.0,21833.3,,,,,0.0,0.0,11483.2
4195.65,100.0,21799.1,,,,,100.0,100.0,11483.2
4196.65,100.0,21698.9,,,,,100.0,100.0,11464.8
4197.65,0.0,21733.1,,,,,0.0,0.0,11477.8
4198.65,100.0,21733.1,,,,,100.0,100.0,11470.9
4199.65,100.0,21750.2,,,,,100.0,100.0,11475.0
4200.65,0.0,21801.3,,,,,0.0,0.0,11471.4
4201.65,100.0,21801.3,,,,,100.0,100.0,11469.4
4202.65,100.0,21901.3,,,,,100.0,100.0,11481.8
4203.65,100.0,21867.5,,,,,100.0,100.0,11484.3
4204.65,0.0,21867.5,,,,,0.0,0.0,11484.3
4205.65,100.0,21833.3,,,,,100.0,100.0,11484.5
4206.65,100.0,21799.1,,,,,100.0,100.0,11484.5
4207.65,100.0,21698.9,,,,,100.0,100.0,11484.6
4208.65,0.0,21699.0,,,,,0.0,0.0,11465.5
4209.65,100.0,21733.1,,,,,100.0,100.0,11479.1
4210.65,0.0,21767.2,,,,,0.0,0.0,11466.5
4211.65,100.0,21784.3,,,,,100.0,100.0,11476.1
4212.65,100.0,21801.3,,,,,100.0,100.0,11480.4
4213.65,100.0,21901.3,,,,,100.0,100.0,11482.8
4214.66,0.0,21901.3,,,,,0.0,0.0,11482.8
4215.66,100.0,21867.5,,,,,100.0,100.0,11485.3
4216.66,100.0,21833.3,,,,,100.0,100.0,11485.5
4217.66,0.0,21833.3,,,,,0.0,0.0,11485.5
4218.66,100.0,21799.1,,,,,100.0,100.0,11485.5
4219.66,100.0,21699.0,,,,,100.0,100.0,11479.5
4220.66,0.0,21733.1,,,,,0.0,0.0,11465.5
4221.66,100.0,21750.2,,,,,100.0,100.0,11475.8
4222.66,100.0,21767.2,,,,,100.0,100.0,11465.0
4223.66,0.0,21801.3,,,,,0.0,0.0,11473.1
4224.66,100.0,21835.3,,,,,100.0,100.0,11481.6
4225.66,100.0,21901.3,,,,,100.0,100.0,11483.9
4226.66,100.0,21867.5,,,,,100.0,100.0,11486.7
4227.66,0.0,21867.5,,,,,0.0,0.0,11486.7
4228.66,100.0,21833.3,,,,,100.0,100.0,11486.8
4229.66,100.0,21799.1,,,,,100.0,100.0,11486.8
4230.66,100.0,21698.9,,,,,100.0,100.0,11487.1
4231.66,0.0,21716.0,,,,,0.0,0.0,11479.8
4232.66,100.0,21733.1,,,,,100.0,100.0,11482.1
4233.66,0.0,21767.2,,,,,0.0,0.0,11475.9
4234.66,100.0,21801.3,,,,,100.0,100.0,11475.6
4235.66,100.0,21801.3,,,,,100.0,100.0,11472.7
4236.66,100.0,21901.3,,,,,100.0,100.0,11485.9
4237.66,0.0,21901.3,,,,,0.0,0.0,11485.9
4238.66,100.0,21867.5,,,,,100.0,100.0,11488.4
4239.66,100.0,21833.3,,,,,100.0,100.0,11488.5
4240.66,100.0,21799.1,,,,,100.0,100.0,11488.5
4241.66,0.0,21799.1,,,,,0.0,0.0,11488.5
4242.66,100.0,21699.0,,,,,100.0,100.0,11467.8
4243.66,0.0,21733.1,,,,,0.0,0.0,11475.5
4244.66,100.0,21767.2,,,,,100.0,100.0,11483.5
4245.66,100.0,21767.2,,,,,100.0,100.0,11473.2
4246.66,100.0,21801.3,,,,,100.0,100.0,11484.4
4247.66,0.0,21835.3,,,,,0.0,0.0,11484.5
4248.66,100.0,21901.3,,,,,100.0,100.0,11486.7
4249.66,100.0,21867.5,,,,,100.0,100.0,11489.2
4250.66,100.0,21833.3,,,,,100.0,100.0,11489.4
4251.66,0.0,21833.3,,,,,0.0,0.0,11489.4
4252.66,100.0,21799.1,,,,,100.0,100.0,11489.4
4253.66,100.0,21698.9,,,,,100.0,100.0,11475.4
4254.66,0.0,21733.1,,,,,0.0,0.0,11476.4
4255.66,100.0,21733.1,,,,,100.0,100.0,11472.8
4256.66,100.0,21767.2,,,,,100.0,100.0,11475.6
4257.66,0.0,21801.3,,,,,0.0,0.0,11479.8
4258.66,100.0,21818.3,,,,,100.0,100.0,11482.6
4259.66,100.0,21901.3,,,,,100.0,100.0,11488.0
4260.66,100.0,21867.5,,,,,100.0,100.0,11490.3
4261.66,0.0,21867.5,,,,,0.0,0.0,11490.3
4262.66,100.0,21833.3,,,,,100.0,100.0,11490.5
4263.66,100.0,21799.1,,,,,100.0,100.0,11490.5
4264.66,100.0,21698.9,,,,,100.0,100.0,11490.8
4265.66,0.0,21699.0,,,,,0.0,0.0,11475.6
4266.66,100.0,21733.1,,,,,100.0,100.0,11485.7
4267.66,0.0,21767.2,,,,,0.0,0.0,11473.8
4268.66,100.0,21801.3,,,,,100.0,100.0,11486.4
4269.66,100.0,21801.3,,,,,100.0,100.0,11486.7
4270.66,100.0,21901.3,,,,,100.0,100.0,11488.9
4271.66,0.0,21901.3,,,,,0.0,0.0,11488.9
4272.66,100.0,21867.5,,,,,100.0,100.0,11491.1
4273.66,100.0,21833.3,,,,,100.0,100.0,11491.3
4274.66,100.0,21799.1,,,,,100.0,100.0,11491.3
4275.66,0.0,21799.1,,,,,0.0,0.0,11491.3
4276.66,100.0,21699.0,,,,,100.0,100.0,11466.0
4277.66,0.0,21733.1,,,,,0.0,0.0,11474.3
4278.66,100.0,21767.2,,,,,100.0,100.0,11486.5
4279.66,100.0,21767.2,,,,,100.0,100.0,11474.0
4280.66,100.0,21784.3,,,,,100.0,100.0,11485.5
4281.66,0.0,21835.3,,,,,0.0,0.0,11487.9
4282.66,100.0,21901.3,,,,,100.0,100.0,11490.0
4283.66,100.0,21867.5,,,,,100.0,100.0,11496.4
4284.66,100.0,21833.3,,,,,100.0,100.0,11496.6
4285.66,0.0,21833.3,,,,,0.0,0.0,11496.6
4286.66,100.0,21799.1,,,,,100.0,100.0,11496.6
4287.67,100.0,21698.9,,,,,100.0,100.0,11478.1
4288.67,0.0,21733.1,,,,,0.0,0.0,11491.0
4289.67,100.0,21733.1,,,,,100.0,100.0,11485.2
4290.67,100.0,21750.2,,,,,100.0,100.0,11479.8
4291.67,0.0,21801.3,,,,,0.0,0.0,11486.0
4292.67,100.0,21818.3,,,,,100.0,100.0,11489.5
4293.67,100.0,21901.3,,,,,100.0,100.0,11495.3
4294.67,100.0,21867.5,,,,,100.0,100.0,11498.0
4295.67,0.0,21867.5,,,,,0.0,0.0,11498.0
4296.67,100.0,21833.3,,,,,100.0,100.0,11498.2
4297.67,100.0,21799.1,,,,,100.0,100.0,11498.2
4298.67,100.0,21698.9,,,,,100.0,100.0,11498.4
4299.67,0.0,21699.0,,,,,0.0,0.0,11478.8
4300.67,100.0,21733.1,,,,,100.0,100.0,11492.7
4301.67,0.0,21767.2,,,,,0.0,0.0,11479.6
4302.67,100.0,21784.3,,,,,100.0,100.0,11489.6
4303.67,100.0,21801.3,,,,,100.0,100.0,11494.3
4304.67,100.0,21901.3,,,,,100.0,100.0,11496.8
4305.67,0.0,21901.3,,,,,0.0,0.0,11496.8
4306.67,100.0,21867.5,,,,,100.0,100.0,11499.3
4307.67,100.0,21833.3,,,,,100.0,100.0,11499.5
4308.67,0.0,21833.3,,,,,0.0,0.0,11499.5
4309.67,100.0,21799.1,,,,,100.0,100.0,11499.5
4310.67,100.0,21699.0,,,,,100.0,100.0,11493.6
4311.67,0.0,21733.1,,,,,0.0,0.0,11477.6
4312.67,100.0,21733.1,,,,,100.0,100.0,11486.6
4313.67,100.0,21767.2,,,,,100.0,100.0,11478.3
4314.67,0.0,21801.3,,,,,0.0,0.0,11487.2
4315.67,100.0,21835.3,,,,,100.0,100.0,11495.7
4316.67,100.0,21901.3,,,,,100.0,100.0,11497.7
4317.67,100.0,21867.5,,,,,100.0,100.0,11500.1
4318.67,0.0,21867.5,,,,,0.0,0.0,11500.1
4319.67,100.0,21833.3,,,,,100.0,100.0,11500.3
4320.67,100.0,21799.1,,,,,100.0,100.0,11500.3
4321.67,100.0,21698.9,,,,,100.0,100.0,11479.2
4322.67,0.0,21716.1,,,,,0.0,0.0,11490.6
4323.67,100.0,21733.1,,,,,100.0,100.0,11495.2
4324.67,0.0,21767.2,,,,,0.0,0.0,11486.3
4325.67,100.0,21801.3,,,,,100.0,100.0,11496.4
4326.67,100.0,21801.3,,,,,100.0,100.0,11482.9
4327.67,100.0,21901.3,,,,,100.0,100.0,11498.9
4328.67,0.0,21901.3,,,,,0.0,0.0,11498.9
4329.67,100.0,21867.5,,,,,100.0,100.0,11501.4
4330.67,100.0,21833.3,,,,,100.0,100.0,11501.5
4331.67,100.0,21799.1,,,,,100.0,100.0,11501.5
4332.67,0.0,21799.1,,,,,0.0,0.0,11501.5
4333.67,100.0,21699.0,,,,,100.0,100.0,11480.0
4334.67,0.0,21733.1,,,,,0.0,0.0,11485.7
4335.67,100.0,21767.2,,,,,100.0,100.0,11496.9
4336.67,100.0,21767.2,,,,,100.0,100.0,11483.9
4337.67,100.0,21801.3,,,,,100.0,100.0,11498.1
4338.67,0.0,21835.3,,,,,0.0,0.0,11498.4
4339.67,100.0,21901.3,,,,,100.0,100.0,11500.5
4340.67,100.0,21867.5,,,,,100.0,100.0,11503.2
4341.67,100.0,21833.3,,,,,100.0,100.0,11503.4
4342.67,0.0,21833.3,,,,,0.0,0.0,11503.4
4343.67,100.0,21799.1,,,,,100.0,100.0,11503.4
4344.67,100.0,21698.9,,,,,100.0,100.0,11487.2
4345.67,0.0,21733.1,,,,,0.0,0.0,11497.6
4346.67,100.0,21733.1,,,,,100.0,100.0,11486.1
4347.67,100.0,21750.2,,,,,100.0,100.0,11488.2
4348.67,0.0,21801.3,,,,,0.0,0.0,11492.5
4349.67,100.0,21801.3,,,,,100.0,100.0,11494.3
4350.67,100.0,21901.3,,,,,100.0,100.0,11501.6
4351.67,100.0,21867.5,,,,,100.0,100.0,11504.5
4352.67,0.0,21867.5,,,,,0.0,0.0,11504.5
4353.67,100.0,21833.3,,,,,100.0,100.0,11504.7
4354.67,100.0,21799.1,,,,,100.0,100.0,11504.7
4355.67,100.0,21698.9,,,,,100.0,100.0,11504.8
4356.67,0.0,21699.0,,,,,0.0,0.0,11491.9
4357.68,0.0,21750.2,,,,,0.0,0.0,11493.4
4358.68,100.0,21767.2,,,,,100.0,100.0,11492.6
4359.68,100.0,21767.2,,,,,100.0,100.0,11492.6
4360.68,100.0,21784.3,,,,,100.0,100.0,11489.5
4361.68,0.0,21835.3,,,,,0.0,0.0,11500.1
4362.68,100.0,21901.3,,,,,100.0,100.0,11502.1
4363.68,100.0,21867.5,,,,,100.0,100.0,11504.9
4364.68,100.0,21833.3,,,,,100.0,100.0,11505.1
4365.68,0.0,21833.3,,,,,0.0,0.0,11505.1
4366.68,100.0,21799.1,,,,,100.0,100.0,11505.1
4367.68,100.0,21698.9,,,,,100.0,100.0,11487.8
4368.68,0.0,21733.1,,,,,0.0,0.0,11499.5
4369.68,100.0,21733.1,,,,,100.0,100.0,11489.1
4370.68,100.0,21767.2,,,,,100.0,100.0,11500.2
4371.68,0.0,21801.3,,,,,0.0,0.0,11489.6
4372.68,100.0,21801.3,,,,,100.0,100.0,11496.5
4373.68,100.0,21901.3,,,,,100.0,100.0,11503.6
4374.68,100.0,21867.5,,,,,100.0,100.0,11510.1
4375.68,0.0,21867.5,,,,,0.0,0.0,11510.1
4376.68,100.0,21833.3,,,,,100.0,100.0,11510.3
4377.68,100.0,21799.1,,,,,100.0,100.0,11510.3
4378.68,100.0,21698.9,,,,,100.0,100.0,11510.4
4379.68,0.0,21699.0,,,,,0.0,0.0,11492.2
4380.68,100.0,21733.1,,,,,100.0,100.0,11505.3
4381.68,0.0,21767.2,,,,,0.0,0.0,11492.9
4382.68,100.0,21784.3,,,,,100.0,100.0,11503.8
4383.68,100.0,21801.3,,,,,100.0,100.0,11492.2
4384.68,100.0,21901.3,,,,,100.0,100.0,11508.9
4385.68,0.0,21901.3,,,,,0.0,0.0,11508.9
4386.68,100.0,21867.5,,,,,100.0,100.0,11511.3
4387.68,100.0,21833.3,,,,,100.0,100.0,11511.5
4388.68,100.0,21799.1,,,,,100.0,100.0,11511.5
4389.68,0.0,21799.1,,,,,0.0,0.0,11511.5
4390.68,100.0,21699.0,,,,,100.0,100.0,11505.6
4391.68,0.0,21733.1,,,,,0.0,0.0,11493.7
4392.68,100.0,21750.2,,,,,100.0,100.0,11502.8
4393.68,100.0,21767.2,,,,,100.0,100.0,11506.8
4394.68,0.0,21818.3,,,,,0.0,0.0,11502.3
4395.68,100.0,21835.3,,,,,100.0,100.0,11507.9
4396.68,100.0,21901.3,,,,,100.0,100.0,11510.0
4397.68,100.0,21867.5,,,,,100.0,100.0,11512.5
4398.68,0.0,21867.5,,,,,0.0,0.0,11512.5
4399.68,100.0,21833.3,,,,,100.0,100.0,11512.7
4400.68,100.0,21799.1,,,,,100.0,100.0,11512.7
4401.68,100.0,21698.9,,,,,100.0,100.0,11492.6
4402.68,0.0,21716.1,,,,,0.0,0.0,11505.2
4403.68,100.0,21733.1,,,,,100.0,100.0,11494.4
4404.68,0.0,21767.2,,,,,0.0,0.0,11501.4
4405.68,100.0,21801.3,,,,,100.0,100.0,11508.6
4406.68,100.0,21801.3,,,,,100.0,100.0,11498.4
4407.68,100.0,21901.3,,,,,100.0,100.0,11511.1
4408.68,0.0,21901.3,,,,,0.0,0.0,11511.1
4409.68,100.0,21867.5,,,,,100.0,100.0,11513.3
4410.68,100.0,21833.3,,,,,100.0,100.0,11513.5
4411.68,100.0,21799.1,,,,,100.0,100.0,11513.5
4412.68,0.0,21799.1,,,,,0.0,0.0,11513.5
4413.68,100.0,21699.0,,,,,100.0,100.0,11507.9
4414.68,0.0,21733.1,,,,,0.0,0.0,11500.5
4415.68,100.0,21767.2,,,,,100.0,100.0,11501.1
4416.68,100.0,21767.2,,,,,100.0,100.0,11499.3
4417.68,100.0,21784.3,,,,,100.0,100.0,11499.2
4418.68,0.0,21835.3,,,,,0.0,0.0,11510.0
4419.68,100.0,21901.3,,,,,100.0,100.0,11512.1
4420.68,100.0,21867.5,,,,,100.0,100.0,11514.6
4421.68,100.0,21833.3,,,,,100.0,100.0,11514.7
4422.68,0.0,21833.3,,,,,0.0,0.0,11514.7
4423.68,100.0,21799.1,,,,,100.0,100.0,11514.7
4424.69,100.0,21698.9,,,,,100.0,100.0,11499.5
4425.69,0.0,21733.1,,,,,0.0,0.0,11509.3
4426.69,100.0,21733.1,,,,,100.0,100.0,11499.6
4427.69,100.0,21750.2,,,,,100.0,100.0,11509.1
4428.69,0.0,21801.3,,,,,0.0,0.0,11500.8
4429.69,100.0,21818.3,,,,,100.0,100.0,11505.9
4430.69,100.0,21901.3,,,,,100.0,100.0,11513.3
4431.69,100.0,21867.5,,,,,100.0,100.0,11515.6
4432.69,0.0,21867.5,,,,,0.0,0.0,11515.6
4433.69,100.0,21833.3,,,,,100.0,100.0,11515.8
4434.69,100.0,21799.1,,,,,100.0,100.0,11515.8
4435.69,100.0,21698.9,,,,,100.0,100.0,11515.9
4436.69,0.0,21699.0,,,,,0.0,0.0,11505.1
4437.69,100.0,21733.1,,,,,100.0,100.0,11501.5
4438.69,0.0,21767.2,,,,,0.0,0.0,11505.6
4439.69,100.0,21784.3,,,,,100.0,100.0,11509.0
4440.69,100.0,21801.3,,,,,100.0,100.0,11498.7
4441.69,100.0,21901.3,,,,,100.0,100.0,11514.3
4442.69,0.0,21901.3,,,,,0.0,0.0,11514.3
4443.69,100.0,21867.5,,,,,100.0,100.0,11516.8
4444.69,100.0,21833.3,,,,,100.0,100.0,11517.0
4445.69,100.0,21799.1,,,,,100.0,100.0,11517.0
4446.69,0.0,21799.1,,,,,0.0,0.0,11517.0
4447.69,100.0,21699.0,,,,,100.0,100.0,11511.1
4448.69,0.0,21733.1,,,,,0.0,0.0,11500.5
4449.69,100.0,21767.2,,,,,100.0,100.0,11512.0
4450.69,100.0,21767.2,,,,,100.0,100.0,11512.3
4451.69,100.0,21767.2,,,,,100.0,100.0,11510.2
4452.69,0.0,21835.3,,,,,0.0,0.0,11513.5
4453.69,100.0,21901.3,,,,,100.0,100.0,11515.5
4454.69,100.0,21867.5,,,,,100.0,100.0,11518.1
4455.69,100.0,21833.3,,,,,100.0,100.0,11518.3
4456.69,0.0,21833.3,,,,,0.0,0.0,11518.3
4457.69,100.0,21799.1,,,,,100.0,100.0,11518.3
4458.69,100.0,21698.9,,,,,100.0,100.0,11498.8
4459.69,0.0,21733.1,,,,,0.0,0.0,11512.7
4460.69,100.0,21733.1,,,,,100.0,100.0,11500.9
4461.69,100.0,21750.2,,,,,100.0,100.0,11511.0
4462.69,0.0,21801.3,,,,,0.0,0.0,11502.2
4463.69,100.0,21818.3,,,,,100.0,100.0,11509.5
4464.69,100.0,21901.3,,,,,100.0,100.0,11516.7
4465.69,100.0,21867.3,,,,,100.0,100.0,11518.0
4466.69,0.0,21867.5,,,,,0.0,0.0,11518.9
4467.69,100.0,21833.3,,,,,100.0,100.0,11519.1
4468.69,100.0,21799.1,,,,,100.0,100.0,11519.1
4469.69,0.0,21799.1,,,,,0.0,0.0,11519.1
4470.69,100.0,21699.0,,,,,100.0,100.0,11513.3
4471.69,0.0,21733.1,,,,,0.0,0.0,11510.3
4472.69,100.0,21767.2,,,,,100.0,100.0,11514.2
4473.69,100.0,21767.2,,,,,100.0,100.0,11506.9
4474.69,100.0,21801.3,,,,,100.0,100.0,11506.4
4475.69,0.0,21835.3,,,,,0.0,0.0,11515.5
4476.69,100.0,21901.3,,,,,100.0,100.0,11517.5
4477.69,100.0,21867.5,,,,,100.0,100.0,11520.2
4478.69,100.0,21833.3,,,,,100.0,100.0,11520.4
4479.69,0.0,21833.3,,,,,0.0,0.0,11520.4
4480.69,100.0,21799.1,,,,,100.0,100.0,11520.4
4481.69,100.0,21698.9,,,,,100.0,100.0,11510.1
4482.69,0.0,21733.1,,,,,0.0,0.0,11501.9
4483.69,100.0,21733.1,,,,,100.0,100.0,11510.5
4484.69,100.0,21767.2,,,,,100.0,100.0,11516.1
4485.69,0.0,21801.3,,,,,0.0,0.0,11511.4
4486.69,100.0,21835.3,,,,,100.0,100.0,11516.8
4487.69,100.0,21901.3,,,,,100.0,100.0,11519.0
4488.69,100.0,21867.5,,,,,100.0,100.0,11521.6
4489.69,0.0,21867.5,,,,,0.0,0.0,11521.6
4490.69,100.0,21833.3,,,,,100.0,100.0,11521.8
4491.69,100.0,21799.1,,,,,100.0,100.0,11521.8
4492.69,100.0,21698.9,,,,,100.0,100.0,11522.1
4493.7,0.0,21699.0,,,,,0.0,0.0,11510.1
4494.7,100.0,21733.1,,,,,100.0,100.0,11501.3
4495.7,0.0,21767.2,,,,,0.0,0.0,11509.5
4496.7,100.0,21801.3,,,,,100.0,100.0,11500.6
4497.7,100.0,21801.3,,,,,100.0,100.0,11506.7
4498.7,100.0,21901.3,,,,,100.0,100.0,11520.4
4499.7,0.0,21901.3,,,,,0.0,0.0,11520.4
4500.7,100.0,21867.5,,,,,100.0,100.0,11522.8
4501.7,100.0,21833.3,,,,,100.0,100.0,11523.0
4502.7,100.0,21799.1,,,,,100.0,100.0,11523.0
4503.7,0.0,21799.1,,,,,0.0,0.0,11523.0
4504.7,100.0,21699.0,,,,,100.0,100.0,11517.3
4505.7,0.0,21733.1,,,,,0.0,0.0,11507.6
4506.7,100.0,21767.2,,,,,100.0,100.0,11518.1
4507.7,100.0,21767.2,,,,,100.0,100.0,11508.0
4508.7,100.0,21801.3,,,,,100.0,100.0,11518.9
4509.7,0.0,21835.3,,,,,0.0,0.0,11519.4
4510.7,100.0,21901.3,,,,,100.0,100.0,11521.5
4511.7,100.0,21867.5,,,,,100.0,100.0,11524.2
4512.7,100.0,21833.3,,,,,100.0,100.0,11524.3
4513.7,0.0,21833.3,,,,,0.0,0.0,11524.3
4514.7,100.0,21799.1,,,,,100.0,100.0,11524.3
4515.7,100.0,21698.9,,,,,100.0,100.0,11506.6
4516.7,0.0,21733.1,,,,,0.0,0.0,11518.6
4517.7,100.0,21733.1,,,,,100.0,100.0,11506.8
4518.7,100.0,21767.2,,,,,100.0,100.0,11519.4
4519.7,0.0,21801.3,,,,,0.0,0.0,11507.8
4520.7,100.0,21818.3,,,,,100.0,100.0,11515.8
4521.7,100.0,21901.3,,,,,100.0,100.0,11522.7
4522.7,100.0,21867.5,,,,,100.0,100.0,11525.3
4523.7,0.0,21867.5,,,,,0.0,0.0,11525.3
4524.7,100.0,21833.3,,,,,100.0,100.0,11525.5
4525.7,100.0,21799.1,,,,,100.0,100.0,11525.5
4526.7,100.0,21698.9,,,,,100.0,100.0,11525.6
4527.7,0.0,21699.0,,,,,0.0,0.0,11509.1
4528.7,100.0,21733.1,,,,,100.0,100.0,11510.7
4529.7,0.0,21767.2,,,,,0.0,0.0,11515.0
4530.7,100.0,21784.3,,,,,100.0,100.0,11518.6
4531.7,100.0,21801.3,,,,,100.0,100.0,11514.8
4532.7,100.0,21901.3,,,,,100.0,100.0,11524.1
4533.7,0.0,21901.3,,,,,0.0,0.0,11524.1
4534.7,100.0,21867.5,,,,,100.0,100.0,11526.4
4535.7,100.0,21833.3,,,,,100.0,100.0,11526.5
4536.7,100.0,21799.1,,,,,100.0,100.0,11526.5
4537.7,0.0,21799.1,,,,,0.0,0.0,11526.5
4538.7,100.0,21699.0,,,,,100.0,100.0,11521.0
4539.7,0.0,21733.1,,,,,0.0,0.0,11508.9
4540.7,100.0,21750.1,,,,,100.0,100.0,11519.5
4541.7,100.0,21767.2,,,,,100.0,100.0,11522.1
4542.7,100.0,21767.2,,,,,100.0,100.0,11516.4
4543.7,0.0,21835.3,,,,,0.0,0.0,11523.0
4544.7,100.0,21901.3,,,,,100.0,100.0,11525.2
4545.7,100.0,21867.5,,,,,100.0,100.0,11527.7
4546.7,0.0,21867.5,,,,,0.0,0.0,11527.7
4547.7,100.0,21833.3,,,,,100.0,100.0,11527.9
4548.7,100.0,21799.1,,,,,100.0,100.0,11527.9
4549.7,100.0,21698.9,,,,,100.0,100.0,11528.1
4550.7,0.0,21716.1,,,,,0.0,0.0,11520.4
4551.7,100.0,21733.1,,,,,100.0,100.0,11515.6
4552.7,0.0,21767.2,,,,,0.0,0.0,11513.5
4553.7,100.0,21801.3,,,,,100.0,100.0,11515.5
4554.7,100.0,21801.3,,,,,100.0,100.0,11518.6
4555.7,100.0,21901.3,,,,,100.0,100.0,11526.4
4556.7,0.0,21901.3,,,,,0.0,0.0,11526.4
4557.7,100.0,21867.5,,,,,100.0,100.0,11528.7
4558.7,100.0,21833.3,,,,,100.0,100.0,11528.9
4559.7,100.0,21799.1,,,,,100.0,100.0,11528.9
4560.7,0.0,21799.1,,,,,0.0,0.0,11528.9
4561.7,100.0,21699.0,,,,,100.0,100.0,11523.3
4562.7,0.0,21733.1,,,,,0.0,0.0,11516.0
4563.71,100.0,21767.2,,,,,100.0,100.0,11524.0
4564.71,100.0,21767.2,,,,,100.0,100.0,11514.4
4565.71,100.0,21801.3,,,,,100.0,100.0,11524.9
4566.71,0.0,21835.3,,,,,0.0,0.0,11525.2
4567.71,100.0,21901.3,,,,,100.0,100.0,11527.2
4568.71,100.0,21867.5,,,,,100.0,100.0,11529.7
4569.71,100.0,21833.3,,,,,100.0,100.0,11529.9
4570.71,0.0,21833.3,,,,,0.0,0.0,11529.9
4571.71,100.0,21799.1,,,,,100.0,100.0,11529.9
4572.71,100.0,21698.9,,,,,100.0,100.0,11515.8
4573.71,0.0,21733.1,,,,,0.0,0.0,11510.0
4574.71,100.0,21733.1,,,,,100.0,100.0,11514.7
4575.71,100.0,21767.2,,,,,100.0,100.0,11525.2
4576.71,0.0,21801.3,,,,,0.0,0.0,11515.2
4577.71,100.0,21818.3,,,,,100.0,100.0,11525.8
4578.71,100.0,21901.3,,,,,100.0,100.0,11528.3
4579.71,100.0,21867.5,,,,,100.0,100.0,11530.5
4580.71,0.0,21867.5,,,,,0.0,0.0,11530.5
4581.71,100.0,21833.3,,,,,100.0,100.0,11530.7
4582.71,100.0,21799.1,,,,,100.0,100.0,11530.7
4583.71,100.0,21698.9,,,,,100.0,100.0,11530.9
4584.71,0.0,21699.0,,,,,0.0,0.0,11516.4
4585.71,100.0,21733.1,,,,,100.0,100.0,11525.6
4586.71,0.0,21767.2,,,,,0.0,0.0,11514.3
4587.71,100.0,21801.3,,,,,100.0,100.0,11517.6
4588.71,100.0,21801.3,,,,,100.0,100.0,11514.7
4589.71,100.0,21901.3,,,,,100.0,100.0,11529.3
4590.71,0.0,21901.3,,,,,0.0,0.0,11529.3
4591.71,100.0,21867.5,,,,,100.0,100.0,11531.9
4592.71,100.0,21833.3,,,,,100.0,100.0,11532.1
4593.71,100.0,21799.1,,,,,100.0,100.0,11532.1
4594.71,0.0,21799.1,,,,,0.0,0.0,11532.1
4595.71,100.0,21699.0,,,,,100.0,100.0,11526.3
4596.71,0.0,21733.1,,,,,0.0,0.0,11515.5
4597.71,100.0,21767.2,,,,,100.0,100.0,11527.0
4598.71,100.0,21767.2,,,,,100.0,100.0,11514.6
4599.71,100.0,21784.3,,,,,100.0,100.0,11524.1
4600.71,0.0,21835.3,,,,,0.0,0.0,11528.5
4601.71,100.0,21901.3,,,,,100.0,100.0,11530.5
4602.71,100.0,21867.5,,,,,100.0,100.0,11532.8
4603.71,100.0,21833.3,,,,,100.0,100.0,11533.0
4604.71,0.0,21833.3,,,,,0.0,0.0,11533.0
4605.71,100.0,21799.1,,,,,100.0,100.0,11533.0
4606.71,100.0,21698.9,,,,,100.0,100.0,11513.7
4607.71,0.0,21733.1,,,,,0.0,0.0,11508.4
4608.71,100.0,21733.1,,,,,100.0,100.0,11514.2
4609.71,100.0,21750.2,,,,,100.0,100.0,11527.3
4610.71,0.0,21801.3,,,,,0.0,0.0,11515.6
4611.71,100.0,21801.3,,,,,100.0,100.0,11522.2
4612.71,100.0,21901.3,,,,,100.0,100.0,11531.5
4613.71,100.0,21867.5,,,,,100.0,100.0,11534.1
4614.71,0.0,21867.5,,,,,0.0,0.0,11534.1
4615.71,100.0,21833.3,,,,,100.0,100.0,11534.3
4616.71,100.0,21799.1,,,,,100.0,100.0,11534.3
4617.71,100.0,21698.9,,,,,100.0,100.0,11534.5
4618.71,0.0,21699.0,,,,,0.0,0.0,11516.7
4619.71,100.0,21733.1,,,,,100.0,100.0,11528.8
4620.71,0.0,21767.2,,,,,0.0,0.0,11529.4
4621.71,100.0,21784.3,,,,,100.0,100.0,11525.2
4622.71,100.0,21801.3,,,,,100.0,100.0,11523.6
4623.71,100.0,21901.3,,,,,100.0,100.0,11532.8
4624.71,0.0,21901.3,,,,,0.0,0.0,11532.8
4625.71,100.0,21867.5,,,,,100.0,100.0,11535.2
4626.71,100.0,21833.3,,,,,100.0,100.0,11535.4
4627.71,0.0,21833.3,,,,,0.0,0.0,11535.4
4628.71,100.0,21799.1,,,,,100.0,100.0,11535.4
4629.71,100.0,21699.0,,,,,100.0,100.0,11529.3
4630.71,0.0,21733.1,,,,,0.0,0.0,11517.5
4631.71,100.0,21750.2,,,,,100.0,100.0,11528.1
4632.72,100.0,21767.2,,,,,100.0,100.0,11517.2
4633.72,0.0,21801.3,,,,,0.0,0.0,11525.9
4634.72,100.0,21835.3,,,,,100.0,100.0,11531.7
4635.72,100.0,21901.3,,,,,100.0,100.0,11533.8
4636.72,100.0,21867.5,,,,,100.0,100.0,11536.2
4637.72,0.0,21867.5,,,,,0.0,0.0,11536.2
4638.72,100.0,21833.3,,,,,100.0,100.0,11536.4
4639.72,100.0,21799.1,,,,,100.0,100.0,11536.4
4640.72,100.0,21698.9,,,,,100.0,100.0,11536.6
4641.72,0.0,21699.0,,,,,0.0,0.0,11528.2
4642.72,100.0,21733.1,,,,,100.0,100.0,11516.2
4643.72,0.0,21767.2,,,,,0.0,0.0,11525.8
4644.72,100.0,21801.3,,,,,100.0,100.0,11515.2
4645.72,100.0,21801.3,,,,,100.0,100.0,11521.1
4646.72,100.0,21901.3,,,,,100.0,100.0,11534.8
4647.72,0.0,21901.3,,,,,0.0,0.0,11534.8
4648.72,100.0,21867.5,,,,,100.0,100.0,11537.3
4649.72,100.0,21833.3,,,,,100.0,100.0,11537.5
4650.72,100.0,21799.1,,,,,100.0,100.0,11537.5
4651.72,0.0,21799.1,,,,,0.0,0.0,11537.5
4652.72,100.0,21699.0,,,,,100.0,100.0,11517.4
4653.72,0.0,21733.1,,,,,0.0,0.0,11526.0
4654.72,100.0,21767.2,,,,,100.0,100.0,11532.7
4655.72,100.0,21767.2,,,,,100.0,100.0,11524.7
4656.72,100.0,21801.3,,,,,100.0,100.0,11526.0
4657.72,0.0,21835.3,,,,,0.0,0.0,11533.7
4658.72,100.0,21901.3,,,,,100.0,100.0,11535.8
4659.72,100.0,21867.5,,,,,100.0,100.0,11538.2
4660.72,100.0,21833.3,,,,,100.0,100.0,11538.4
4661.72,0.0,21833.3,,,,,0.0,0.0,11538.4
4662.72,100.0,21799.1,,,,,100.0,100.0,11538.4
4663.72,100.0,21698.9,,,,,100.0,100.0,11522.8
4664.72,0.0,21733.1,,,,,0.0,0.0,11515.3
4665.72,100.0,21733.1,,,,,100.0,100.0,11521.2
4666.72,100.0,21767.2,,,,,100.0,100.0,11533.5
4667.72,0.0,21801.3,,,,,0.0,0.0,11521.3
4668.72,100.0,21818.3,,,,,100.0,100.0,11531.0
4669.72,100.0,21901.3,,,,,100.0,100.0,11536.8
4670.72,100.0,21867.5,,,,,100.0,100.0,11539.6
4671.72,0.0,21867.5,,,,,0.0,0.0,11539.6
4672.72,100.0,21833.3,,,,,100.0,100.0,11539.8
4673.72,100.0,21799.1,,,,,100.0,100.0,11539.8
4674.72,100.0,21698.9,,,,,100.0,100.0,11539.9
4675.72,0.0,21699.0,,,,,0.0,0.0,11523.8
4676.72,100.0,21733.1,,,,,100.0,100.0,11534.5
4677.72,0.0,21767.2,,,,,0.0,0.0,11524.5
4678.72,100.0,21784.3,,,,,100.0,100.0,11523.5
4679.72,100.0,21801.3,,,,,100.0,100.0,11530.3
4680.72,100.0,21901.3,,,,,100.0,100.0,11538.3
4681.72,0.0,21901.3,,,,,0.0,0.0,11538.3
4682.72,100.0,21867.5,,,,,100.0,100.0,11540.7
4683.72,100.0,21833.3,,,,,100.0,100.0,11540.9
4684.72,100.0,21799.1,,,,,100.0,100.0,11540.9
4685.72,0.0,21799.1,,,,,0.0,0.0,11540.9
4686.72,100.0,21699.0,,,,,100.0,100.0,11535.1
4687.72,0.0,21733.1,,,,,0.0,0.0,11523.4
4688.72,100.0,21767.2,,,,,100.0,100.0,11535.9
4689.72,100.0,21767.2,,,,,100.0,100.0,11523.6
4690.72,100.0,21767.2,,,,,100.0,100.0,11533.5
4691.72,0.0,21835.3,,,,,0.0,0.0,11537.2
4692.72,100.0,21901.3,,,,,100.0,100.0,11539.3
4693.72,100.0,21867.5,,,,,100.0,100.0,11542.1
4694.72,100.0,21833.3,,,,,100.0,100.0,11542.3
4695.72,0.0,21833.3,,,,,0.0,0.0,11542.3
4696.72,100.0,21799.1,,,,,100.0,100.0,11542.3
4697.72,100.0,21698.9,,,,,100.0,100.0,11542.5
4698.72,0.0,21733.1,,,,,0.0,0.0,11536.5
4699.72,100.0,21733.1,,,,,100.0,100.0,11529.7
4700.72,100.0,21733.1,,,,,100.0,100.0,11535.7
4701.73,0.0,21801.3,,,,,0.0,0.0,11531.2
4702.73,100.0,21801.3,,,,,100.0,100.0,11529.2
4703.73,100.0,21901.3,,,,,100.0,100.0,11540.7
4704.73,100.0,21867.3,,,,,100.0,100.0,11542.0
4705.73,0.0,21867.5,,,,,0.0,0.0,11543.1
4706.73,100.0,21833.3,,,,,100.0,100.0,11543.3
4707.73,100.0,21799.1,,,,,100.0,100.0,11543.3
4708.73,0.0,21799.1,,,,,0.0,0.0,11543.3
4709.73,100.0,21699.0,,,,,100.0,100.0,11524.5
4710.73,50.0,21733.0,,,,,0.0,100.0,11534.3
4711.73,50.0,21767.2,,,,,100.0,0.0,11538.5
4712.73,100.0,21767.2,,,,,100.0,100.0,11527.6
4713.73,100.0,21784.3,,,,,100.0,100.0,11538.7
4714.73,0.0,21835.3,,,,,0.0,0.0,11539.6
4715.73,100.0,21901.3,,,,,100.0,100.0,11541.6
4716.73,100.0,21867.5,,,,,100.0,100.0,11544.6
4717.73,100.0,21833.3,,,,,100.0,100.0,11544.8
4718.73,0.0,21833.3,,,,,0.0,0.0,11544.8
4719.73,100.0,21799.1,,,,,100.0,100.0,11544.8
4720.73,100.0,21698.9,,,,,100.0,100.0,11533.7
4721.73,0.0,21733.1,,,,,0.0,0.0,11523.6
4722.73,100.0,21733.1,,,,,100.0,100.0,11529.4
4723.73,100.0,21767.2,,,,,100.0,100.0,11521.3
4724.73,0.0,21801.3,,,,,0.0,0.0,11527.8
4725.73,100.0,21801.3,,,,,100.0,100.0,11537.8
4726.73,100.0,21901.3,,,,,100.0,100.0,11543.4
4727.73,100.0,21867.5,,,,,100.0,100.0,11545.6
4728.73,0.0,21867.5,,,,,0.0,0.0,11545.6
4729.73,100.0,21833.3,,,,,100.0,100.0,11545.8
4730.73,100.0,21799.1,,,,,100.0,100.0,11545.8
4731.73,100.0,21698.9,,,,,100.0,100.0,11546.0
4732.73,0.0,21699.0,,,,,0.0,0.0,11532.9
4733.73,100.0,21733.1,,,,,100.0,100.0,11540.4
4734.73,0.0,21767.2,,,,,0.0,0.0,11530.5
4735.73,100.0,21801.3,,,,,100.0,100.0,11541.5
4736.73,100.0,21801.3,,,,,100.0,100.0,11541.8
4737.73,100.0,21901.3,,,,,100.0,100.0,11544.1
4738.73,0.0,21901.3,,,,,0.0,0.0,11544.1
4739.73,100.0,21867.5,,,,,100.0,100.0,11546.6
4740.73,100.0,21833.3,,,,,100.0,100.0,11546.8
4741.73,100.0,21799.1,,,,,100.0,100.0,11546.8
4742.73,0.0,21799.1,,,,,0.0,0.0,11546.8
4743.73,100.0,21699.0,,,,,100.0,100.0,11522.0
4744.73,0.0,21733.1,,,,,0.0,0.0,11528.9
4745.73,100.0,21767.2,,,,,100.0,100.0,11541.7
4746.73,100.0,21767.2,,,,,100.0,100.0,11529.7
4747.73,100.0,21784.3,,,,,100.0,100.0,11537.6
4748.73,0.0,21835.3,,,,,0.0,0.0,11543.0
4749.73,100.0,21901.3,,,,,100.0,100.0,11545.2
4750.73,100.0,21867.5,,,,,100.0,100.0,11547.7
4751.73,100.0,21833.3,,,,,100.0,100.0,11547.9
4752.73,0.0,21833.3,,,,,0.0,0.0,11547.9
4753.73,100.0,21799.1,,,,,100.0,100.0,11547.9
4754.73,100.0,21698.9,,,,,100.0,100.0,11530.4
4755.73,0.0,21733.1,,,,,0.0,0.0,11542.2
4756.73,100.0,21733.1,,,,,100.0,100.0,11536.0
4757.73,100.0,21750.2,,,,,100.0,100.0,11529.7
4758.73,0.0,21801.3,,,,,0.0,0.0,11537.3
4759.73,100.0,21818.3,,,,,100.0,100.0,11538.0
4760.73,100.0,21901.3,,,,,100.0,100.0,11546.3
4761.73,100.0,21867.5,,,,,100.0,100.0,11549.0
4762.73,0.0,21867.5,,,,,0.0,0.0,11549.0
4763.73,100.0,21833.3,,,,,100.0,100.0,11549.2
4764.74,100.0,21799.1,,,,,100.0,100.0,11549.2
4765.74,100.0,21698.9,,,,,100.0,100.0,11549.4
4766.74,0.0,21699.0,,,,,0.0,0.0,11530.6
4767.74,100.0,21716.1,,,,,100.0,100.0,11543.2
4768.74,0.0,21767.2,,,,,0.0,0.0,11530.9
4769.74,100.0,21767.2,,,,,100.0,100.0,11534.8
4770.74,100.0,21801.3,,,,,100.0,100.0,11545.3
4771.74,100.0,21901.3,,,,,100.0,100.0,11547.8
4772.74,0.0,21901.3,,,,,0.0,0.0,11547.8
4773.74,100.0,21867.5,,,,,100.0,100.0,11550.2
4774.74,100.0,21833.3,,,,,100.0,100.0,11550.3
4775.74,100.0,21799.1,,,,,100.0,100.0,11550.3
4776.74,0.0,21799.1,,,,,0.0,0.0,11550.3
4777.74,100.0,21682.0,,,,,100.0,100.0,11543.8
4778.74,0.0,21733.1,,,,,0.0,0.0,11529.9
4779.74,100.0,21733.1,,,,,100.0,100.0,11537.9
4780.74,100.0,21767.2,,,,,100.0,100.0,11536.6
4781.74,0.0,21801.3,,,,,0.0,0.0,11540.6
4782.74,100.0,21818.3,,,,,100.0,100.0,11544.9
4783.74,100.0,21901.3,,,,,100.0,100.0,11548.7
4784.74,100.0,21867.5,,,,,100.0,100.0,11551.3
4785.74,0.0,21867.5,,,,,0.0,0.0,11551.3
4786.74,100.0,21833.3,,,,,100.0,100.0,11551.4
4787.74,100.0,21799.1,,,,,100.0,100.0,11551.4
4788.74,100.0,21698.9,,,,,100.0,100.0,11531.2
4789.74,0.0,21699.0,,,,,0.0,0.0,11540.3
4790.74,100.0,21733.1,,,,,100.0,100.0,11546.5
4791.74,0.0,21767.2,,,,,0.0,0.0,11536.5
4792.74,100.0,21784.3,,,,,100.0,100.0,11545.7
4793.74,100.0,21801.3,,,,,100.0,100.0,11534.7
4794.74,100.0,21901.3,,,,,100.0,100.0,11549.8
4795.74,0.0,21901.3,,,,,0.0,0.0,11549.8
4796.74,100.0,21867.5,,,,,100.0,100.0,11552.5
4797.74,100.0,21833.3,,,,,100.0,100.0,11552.7
4798.74,100.0,21799.1,,,,,100.0,100.0,11552.7
4799.74,0.0,21799.1,,,,,0.0,0.0,11552.7
4800.74,100.0,21699.0,,,,,100.0,100.0,11530.5
4801.74,0.0,21733.1,,,,,0.0,0.0,11535.9
4802.74,100.0,21767.2,,,,,100.0,100.0,11548.1
4803.74,100.0,21767.2,,,,,100.0,100.0,11535.1
4804.74,100.0,21784.3,,,,,100.0,100.0,11545.4
4805.74,0.0,21835.3,,,,,0.0,0.0,11549.2
4806.74,100.0,21901.3,,,,,100.0,100.0,11551.3
4807.74,100.0,21867.5,,,,,100.0,100.0,11557.7
4808.74,100.0,21833.3,,,,,100.0,100.0,11557.9
4809.74,0.0,21833.3,,,,,0.0,0.0,11557.9
4810.74,100.0,21799.1,,,,,100.0,100.0,11557.9
4811.74,100.0,21698.9,,,,,100.0,100.0,11541.5
4812.74,0.0,21733.1,,,,,0.0,0.0,11552.2
4813.74,100.0,21733.1,,,,,100.0,100.0,11541.3
4814.74,100.0,21750.2,,,,,100.0,100.0,11551.4
4815.74,0.0,21801.3,,,,,0.0,0.0,11547.6
4816.74,100.0,21818.3,,,,,100.0,100.0,11548.3
4817.74,100.0,21901.3,,,,,100.0,100.0,11556.3
4818.74,100.0,21867.5,,,,,100.0,100.0,11558.9
4819.74,0.0,21867.5,,,,,0.0,0.0,11558.9
4820.74,100.0,21833.3,,,,,100.0,100.0,11559.1
4821.74,100.0,21799.1,,,,,100.0,100.0,11559.1
4822.74,100.0,21698.9,,,,,100.0,100.0,11559.2
4823.74,0.0,21699.0,,,,,0.0,0.0,11540.1
4824.74,100.0,21733.1,,,,,100.0,100.0,11553.5
4825.74,0.0,21767.2,,,,,0.0,0.0,11541.2
4826.75,100.0,21767.2,,,,,100.0,100.0,11549.5
4827.75,100.0,21801.3,,,,,100.0,100.0,11555.5
4828.75,100.0,21901.3,,,,,100.0,100.0,11557.9
4829.75,0.0,21901.3,,,,,0.0,0.0,11557.9
4830.75,100.0,21867.5,,,,,100.0,100.0,11560.6
4831.75,100.0,21833.3,,,,,100.0,100.0,11560.8
4832.75,100.0,21799.1,,,,,100.0,100.0,11560.8
4833.75,0.0,21799.1,,,,,0.0,0.0,11560.8
4834.75,100.0,21699.0,,,,,100.0,100.0,11555.0
4835.75,0.0,21733.1,,,,,0.0,0.0,11548.9
4836.75,100.0,21750.2,,,,,100.0,100.0,11550.5
4837.75,100.0,21767.2,,,,,100.0,100.0,11548.7
4838.75,100.0,21767.2,,,,,100.0,100.0,11549.3
4839.75,0.0,21835.3,,,,,0.0,0.0,11556.7
4840.75,100.0,21901.3,,,,,100.0,100.0,11558.9
4841.75,100.0,21867.5,,,,,100.0,100.0,11561.4
4842.75,100.0,21867.4,,,,,100.0,100.0,11561.5
4843.75,0.0,21833.3,,,,,0.0,0.0,11561.5
4844.75,100.0,21799.1,,,,,100.0,100.0,11561.5
4845.75,100.0,21698.9,,,,,100.0,100.0,11541.8
4846.75,0.0,21716.1,,,,,0.0,0.0,11552.8
4847.75,100.0,21733.1,,,,,100.0,100.0,11556.3
4848.75,0.0,21767.2,,,,,0.0,0.0,11550.0
4849.75,100.0,21801.3,,,,,100.0,100.0,11557.5
4850.75,100.0,21801.3,,,,,100.0,100.0,11546.2
4851.75,100.0,21901.3,,,,,100.0,100.0,11560.1
4852.75,0.0,21901.3,,,,,0.0,0.0,11560.1
4853.75,100.0,21867.5,,,,,100.0,100.0,11562.6
4854.75,100.0,21833.3,,,,,100.0,100.0,11562.8
4855.75,100.0,21799.1,,,,,100.0,100.0,11562.8
4856.75,0.0,21799.1,,,,,0.0,0.0,11562.8
4857.75,100.0,21699.0,,,,,100.0,100.0,11542.5
4858.75,0.0,21733.1,,,,,0.0,0.0,11550.0
4859.75,100.0,21767.2,,,,,100.0,100.0,11540.4
4860.75,100.0,21767.2,,,,,100.0,100.0,11546.2
4861.75,100.0,21801.3,,,,,100.0,100.0,11559.1
4862.75,0.0,21835.3,,,,,0.0,0.0,11559.5
4863.75,100.0,21901.3,,,,,100.0,100.0,11561.6
4864.75,100.0,21867.5,,,,,100.0,100.0,11563.7
4865.75,100.0,21833.3,,,,,100.0,100.0,11563.9
4866.75,0.0,21833.3,,,,,0.0,0.0,11563.9
4867.75,100.0,21799.1,,,,,100.0,100.0,11563.9
4868.75,100.0,21698.9,,,,,100.0,100.0,11549.7
4869.75,0.0,21733.1,,,,,0.0,0.0,11558.4
4870.75,100.0,21733.1,,,,,100.0,100.0,11549.7
4871.75,100.0,21767.2,,,,,100.0,100.0,11550.2
4872.75,0.0,21801.3,,,,,0.0,0.0,11554.8
4873.75,100.0,21818.3,,,,,100.0,100.0,11558.2
4874.75,100.0,21901.3,,,,,100.0,100.0,11562.2
4875.75,100.0,21867.5,,,,,100.0,100.0,11564.9
4876.75,0.0,21867.5,,,,,0.0,0.0,11564.9
4877.75,100.0,21833.3,,,,,100.0,100.0,11565.0
4878.75,100.0,21799.1,,,,,100.0,100.0,11565.0
4879.75,100.0,21698.9,,,,,100.0,100.0,11540.0
4880.75,0.0,21699.0,,,,,0.0,0.0,11548.1
4881.75,100.0,21733.1,,,,,100.0,100.0,11559.5
4882.75,0.0,21767.2,,,,,0.0,0.0,11548.4
4883.75,100.0,21784.3,,,,,100.0,100.0,11559.5
4884.75,100.0,21801.3,,,,,100.0,100.0,11547.8
4885.75,100.0,21901.3,,,,,100.0,100.0,11563.5
4886.75,0.0,21901.3,,,,,0.0,0.0,11563.5
4887.75,100.0,21867.5,,,,,100.0,100.0,11570.1
4888.75,100.0,21833.3,,,,,100.0,100.0,11570.3
4889.75,100.0,21799.1,,,,,100.0,100.0,11570.3
4890.75,0.0,21799.1,,,,,0.0,0.0,11570.3
4891.75,100.0,21699.0,,,,,100.0,100.0,11564.5
4892.75,0.0,21733.1,,,,,0.0,0.0,11558.3
4893.75,100.0,21767.2,,,,,100.0,100.0,11545.1
4894.75,100.0,21767.2,,,,,100.0,100.0,11551.2
4895.76,100.0,21767.2,,,,,100.0,100.0,11562.5
4896.76,0.0,21835.3,,,,,0.0,0.0,11566.6
4897.76,100.0,21901.3,,,,,100.0,100.0,11568.7
4898.76,100.0,21867.5,,,,,100.0,100.0,11571.4
4899.76,100.0,21833.3,,,,,100.0,100.0,11571.6
4900.76,0.0,21833.3,,,,,0.0,0.0,11571.6
4901.76,100.0,21799.1,,,,,100.0,100.0,11571.6
4902.76,100.0,21698.9,,,,,100.0,100.0,11553.1
4903.76,0.0,21733.1,,,,,0.0,0.0,11565.7
4904.76,100.0,21733.1,,,,,100.0,100.0,11553.7
4905.76,100.0,21767.2,,,,,100.0,100.0,11566.3
4906.76,0.0,21801.3,,,,,0.0,0.0,11567.4
4907.76,100.0,21801.3,,,,,100.0,100.0,11562.5
4908.76,100.0,21901.3,,,,,100.0,100.0,11569.8
4909.76,100.0,21867.5,,,,,100.0,100.0,11572.8
4910.76,0.0,21867.5,,,,,0.0,0.0,11572.8
4911.76,100.0,21833.3,,,,,100.0,100.0,11573.0
4912.76,100.0,21799.1,,,,,100.0,100.0,11573.0
4913.76,100.0,21698.9,,,,,100.0,100.0,11573.1
4914.76,0.0,21699.0,,,,,0.0,0.0,11553.5
4915.76,100.0,21733.1,,,,,100.0,100.0,11568.2
4916.76,0.0,21767.2,,,,,0.0,0.0,11555.5
4917.76,100.0,21784.3,,,,,100.0,100.0,11565.4
4918.76,100.0,21801.3,,,,,100.0,100.0,11553.5
4919.76,100.0,21901.3,,,,,100.0,100.0,11571.8
4920.76,0.0,21901.3,,,,,0.0,0.0,11571.8
4921.76,100.0,21867.5,,,,,100.0,100.0,11574.1
4922.76,100.0,21833.3,,,,,100.0,100.0,11574.3
4923.76,0.0,21833.3,,,,,0.0,0.0,11574.3
4924.76,100.0,21799.1,,,,,100.0,100.0,11574.3
4925.76,100.0,21699.0,,,,,100.0,100.0,11568.3
4926.76,0.0,21733.1,,,,,0.0,0.0,11568.7
4927.76,100.0,21733.1,,,,,100.0,100.0,11563.4
4928.76,100.0,21767.2,,,,,100.0,100.0,11569.6
4929.76,0.0,21801.3,,,,,0.0,0.0,11560.4
4930.76,100.0,21835.3,,,,,100.0,100.0,11570.4
4931.76,100.0,21901.3,,,,,100.0,100.0,11572.6
4932.76,100.0,21867.5,,,,,100.0,100.0,11575.2
4933.76,0.0,21867.5,,,,,0.0,0.0,11575.2
4934.76,100.0,21833.3,,,,,100.0,100.0,11575.3
4935.76,100.0,21799.1,,,,,100.0,100.0,11575.3
4936.76,100.0,21698.9,,,,,100.0,100.0,11554.5
4937.76,0.0,21699.0,,,,,0.0,0.0,11564.3
4938.76,100.0,21733.1,,,,,100.0,100.0,11570.0
4939.76,0.0,21767.2,,,,,0.0,0.0,11560.8
4940.76,100.0,21801.3,,,,,100.0,100.0,11571.1
4941.76,100.0,21801.3,,,,,100.0,100.0,11560.2
4942.76,100.0,21901.3,,,,,100.0,100.0,11573.5
4943.76,0.0,21901.3,,,,,0.0,0.0,11573.5
4944.76,100.0,21867.5,,,,,100.0,100.0,11576.1
4945.76,100.0,21833.3,,,,,100.0,100.0,11576.3
4946.76,100.0,21799.1,,,,,100.0,100.0,11576.3
4947.76,0.0,21799.1,,,,,0.0,0.0,11576.3
4948.76,100.0,21699.0,,,,,100.0,100.0,11562.8
4949.76,0.0,21733.1,,,,,0.0,0.0,11563.2
4950.76,100.0,21767.2,,,,,100.0,100.0,11554.0
4951.76,100.0,21767.2,,,,,100.0,100.0,11560.0
4952.76,100.0,21801.3,,,,,100.0,100.0,11572.3
4953.76,0.0,21835.3,,,,,0.0,0.0,11572.7
4954.76,100.0,21901.3,,,,,100.0,100.0,11574.8
4955.76,100.0,21867.5,,,,,100.0,100.0,11577.4
4956.76,100.0,21833.3,,,,,100.0,100.0,11577.6
4957.76,0.0,21833.3,,,,,0.0,0.0,11577.6
4958.76,100.0,21799.1,,,,,100.0,100.0,11577.6
4959.76,100.0,21698.9,,,,,100.0,100.0,11560.9
4960.77,0.0,21733.1,,,,,0.0,0.0,11572.3
4961.77,100.0,21733.1,,,,,100.0,100.0,11562.2
4962.77,100.0,21767.2,,,,,100.0,100.0,11573.3
4963.77,0.0,21801.3,,,,,0.0,0.0,11562.6
4964.77,100.0,21835.3,,,,,100.0,100.0,11573.8
4965.77,100.0,21901.3,,,,,100.0,100.0,11576.0
4966.77,100.0,21867.5,,,,,100.0,100.0,11578.5
4967.77,0.0,21867.5,,,,,0.0,0.0,11578.5
4968.77,100.0,21833.3,,,,,100.0,100.0,11578.7
4969.77,100.0,21799.1,,,,,100.0,100.0,11578.7
4970.77,100.0,21698.9,,,,,100.0,100.0,11552.7
4971.77,0.0,21699.0,,,,,0.0,0.0,11560.4
4972.77,100.0,21733.1,,,,,100.0,100.0,11573.4
4973.77,0.0,21767.2,,,,,0.0,0.0,11561.6
4974.77,100.0,21784.3,,,,,100.0,100.0,11569.5
4975.77,100.0,21801.3,,,,,100.0,100.0,11559.7
4976.77,100.0,21901.3,,,,,100.0,100.0,11577.2
4977.77,0.0,21901.3,,,,,0.0,0.0,11577.2
4978.77,100.0,21867.5,,,,,100.0,100.0,11579.8
4979.77,100.0,21833.3,,,,,100.0,100.0,11580.0
4980.77,100.0,21799.1,,,,,100.0,100.0,11580.0
4981.77,0.0,21799.1,,,,,0.0,0.0,11580.0
4982.77,100.0,21699.0,,,,,100.0,100.0,11574.2
4983.77,0.0,21733.1,,,,,0.0,0.0,11574.5
4984.77,100.0,21750.2,,,,,100.0,100.0,11571.0
4985.77,100.0,21767.2,,,,,100.0,100.0,11568.4
4986.77,100.0,21784.3,,,,,100.0,100.0,11570.2
4987.77,0.0,21818.3,,,,,0.0,0.0,11575.0
4988.77,100.0,21901.3,,,,,100.0,100.0,11578.5
4989.77,100.0,21867.5,,,,,100.0,100.0,11580.9
4990.77,100.0,21833.3,,,,,100.0,100.0,11581.1
4991.77,0.0,21833.3,,,,,0.0,0.0,11581.1
4992.77,100.0,21799.1,,,,,100.0,100.0,11581.1
4993.77,100.0,21698.9,,,,,100.0,100.0,11561.1
4994.77,0.0,21733.1,,,,,0.0,0.0,11575.2
4995.77,100.0,21733.1,,,,,100.0,100.0,11562.2
4996.77,0.0,21784.3,,,,,0.0,0.0,11571.6
4997.77,100.0,21801.3,,,,,100.0,100.0,11577.3
4998.77,100.0,21818.3,,,,,100.0,100.0,11570.6
4999.77,100.0,21901.3,,,,,100.0,100.0,11579.7
5000.77,0.0,21901.3,,,,,0.0,0.0,11579.7
5001.77,100.0,21867.5,,,,,100.0,100.0,11582.3
5002.77,100.0,21833.3,,,,,100.0,100.0,11582.5
5003.77,100.0,21799.1,,,,,100.0,100.0,11582.5
5004.77,0.0,21799.1,,,,,0.0,0.0,11582.5
5005.77,100.0,21699.0,,,,,100.0,100.0,11568.7
5006.77,0.0,21733.1,,,,,0.0,0.0,11573.0
5007.77,100.0,21767.2,,,,,100.0,100.0,11561.5
5008.77,100.0,21767.2,,,,,100.0,100.0,11569.8
5009.77,100.0,21784.3,,,,,100.0,100.0,11564.9
5010.77,0.0,21835.3,,,,,0.0,0.0,11577.5
5011.77,100.0,21901.3,,,,,100.0,100.0,11579.6
5012.77,100.0,21867.5,,,,,100.0,100.0,11581.9
5013.77,100.0,21833.3,,,,,100.0,100.0,11582.1
5014.77,0.0,21833.3,,,,,0.0,0.0,11582.1
5015.77,100.0,21799.1,,,,,100.0,100.0,11582.1
5016.77,100.0,21698.9,,,,,100.0,100.0,11567.5
5017.77,0.0,21733.1,,,,,0.0,0.0,11576.8
5018.77,100.0,21733.1,,,,,100.0,100.0,11568.3
5019.77,100.0,21767.2,,,,,100.0,100.0,11577.7
5020.77,0.0,21801.3,,,,,0.0,0.0,11567.8
5021.77,100.0,21818.3,,,,,100.0,100.0,11572.0
5022.77,100.0,21901.3,,,,,100.0,100.0,11580.2
5023.77,100.0,21867.5,,,,,100.0,100.0,11582.7
5024.77,0.0,21867.5,,,,,0.0,0.0,11582.7
5025.77,100.0,21833.3,,,,,100.0,100.0,11582.9
5026.77,100.0,21799.1,,,,,100.0,100.0,11582.9
5027.78,100.0,21698.9,,,,,100.0,100.0,11572.8
5028.78,0.0,21699.0,,,,,0.0,0.0,11567.4
5029.78,100.0,21733.1,,,,,100.0,100.0,11559.8
5030.78,0.0,21767.2,,,,,0.0,0.0,11566.7
5031.78,100.0,21784.3,,,,,100.0,100.0,11576.3
5032.78,100.0,21801.3,,,,,100.0,100.0,11567.5
5033.78,100.0,21901.3,,,,,100.0,100.0,11581.6
5034.78,0.0,21901.3,,,,,0.0,0.0,11581.6
5035.78,100.0,21867.5,,,,,100.0,100.0,11584.1
5036.78,100.0,21833.3,,,,,100.0,100.0,11584.3
5037.78,100.0,21799.1,,,,,100.0,100.0,11584.3
5038.78,0.0,21799.1,,,,,0.0,0.0,11584.3
5039.78,100.0,21699.0,,,,,100.0,100.0,11578.5
5040.78,0.0,21733.1,,,,,0.0,0.0,11568.9
5041.78,100.0,21767.2,,,,,100.0,100.0,11579.2
5042.78,100.0,21767.2,,,,,100.0,100.0,11579.4
5043.78,100.0,21767.2,,,,,100.0,100.0,11573.6
5044.78,0.0,21835.3,,,,,0.0,0.0,11580.6
5045.78,100.0,21901.3,,,,,100.0,100.0,11582.8
5046.78,100.0,21867.5,,,,,100.0,100.0,11585.1
5047.78,100.0,21833.3,,,,,100.0,100.0,11585.3
5048.78,0.0,21833.3,,,,,0.0,0.0,11585.3
5049.78,100.0,21799.1,,,,,100.0,100.0,11585.3
5050.78,100.0,21698.9,,,,,100.0,100.0,11567.4
5051.78,0.0,21733.1,,,,,0.0,0.0,11579.6
5052.78,100.0,21733.1,,,,,100.0,100.0,11568.4
5053.78,100.0,21750.2,,,,,100.0,100.0,11578.2
5054.78,0.0,21801.3,,,,,0.0,0.0,11569.1
5055.78,100.0,21801.3,,,,,100.0,100.0,11575.0
5056.78,100.0,21901.3,,,,,100.0,100.0,11583.7
5057.78,100.0,21867.5,,,,,100.0,100.0,11586.3
5058.78,0.0,21867.5,,,,,0.0,0.0,11586.3
5059.78,100.0,21833.3,,,,,100.0,100.0,11586.4
5060.78,100.0,21799.1,,,,,100.0,100.0,11586.4
5061.78,100.0,21698.9,,,,,100.0,100.0,11586.6
5062.78,0.0,21699.0,,,,,0.0,0.0,11567.9
5063.78,100.0,21716.1,,,,,100.0,100.0,11579.6
5064.78,0.0,21767.2,,,,,0.0,0.0,11568.3
5065.78,100.0,21784.3,,,,,100.0,100.0,11577.7
5066.78,100.0,21801.3,,,,,100.0,100.0,11568.1
5067.78,100.0,21901.3,,,,,100.0,100.0,11584.9
5068.78,0.0,21901.3,,,,,0.0,0.0,11584.9
5069.78,100.0,21867.5,,,,,100.0,100.0,11587.3
5070.78,100.0,21833.3,,,,,100.0,100.0,11587.4
5071.78,0.0,21833.3,,,,,0.0,0.0,11587.4
5072.78,100.0,21799.1,,,,,100.0,100.0,11587.4
5073.78,100.0,21682.0,,,,,100.0,100.0,11581.2
5074.78,0.0,21733.1,,,,,0.0,0.0,11570.2
5075.78,100.0,21750.2,,,,,100.0,100.0,11579.6
5076.78,100.0,21767.2,,,,,100.0,100.0,11583.2
5077.78,0.0,21801.3,,,,,0.0,0.0,11577.4
5078.78,100.0,21835.3,,,,,100.0,100.0,11583.9
5079.78,100.0,21901.3,,,,,100.0,100.0,11586.0
5080.78,100.0,21867.5,,,,,100.0,100.0,11588.3
5081.78,0.0,21867.5,,,,,0.0,0.0,11588.3
5082.78,100.0,21833.3,,,,,100.0,100.0,11588.5
5083.78,100.0,21799.1,,,,,100.0,100.0,11588.5
5084.78,100.0,21698.9,,,,,100.0,100.0,11568.4
5085.78,0.0,21699.0,,,,,0.0,0.0,11575.5
5086.78,100.0,21733.1,,,,,100.0,100.0,11567.7
5087.78,0.0,21767.2,,,,,0.0,0.0,11573.5
5088.78,100.0,21801.3,,,,,100.0,100.0,11584.3
5089.78,100.0,21801.3,,,,,100.0,100.0,11572.8
5090.78,100.0,21901.3,,,,,100.0,100.0,11586.9
5091.78,0.0,21901.3,,,,,0.0,0.0,11586.9
5092.78,100.0,21867.5,,,,,100.0,100.0,11589.5
5093.78,100.0,21833.3,,,,,100.0,100.0,11589.7
5094.79,100.0,21799.1,,,,,100.0,100.0,11589.7
5095.79,0.0,21799.1,,,,,0.0,0.0,11589.7
5096.79,100.0,21699.0,,,,,100.0,100.0,11584.2
5097.79,0.0,21733.1,,,,,0.0,0.0,11577.0
5098.79,100.0,21767.2,,,,,100.0,100.0,11584.9
5099.79,100.0,21767.2,,,,,100.0,100.0,11575.6
5100.79,100.0,21801.3,,,,,100.0,100.0,11577.5
5101.79,0.0,21835.3,,,,,0.0,0.0,11586.2
5102.79,100.0,21901.3,,,,,100.0,100.0,11588.2
5103.79,100.0,21867.5,,,,,100.0,100.0,11590.7
5104.79,100.0,21833.3,,,,,100.0,100.0,11590.9
5105.79,0.0,21833.3,,,,,0.0,0.0,11590.9
5106.79,100.0,21799.1,,,,,100.0,100.0,11590.9
5107.79,100.0,21698.9,,,,,100.0,100.0,11575.6
5108.79,0.0,21733.1,,,,,0.0,0.0,11585.4
5109.79,100.0,21733.1,,,,,100.0,100.0,11575.1
5110.79,100.0,21767.2,,,,,100.0,100.0,11586.2
5111.79,0.0,21801.3,,,,,0.0,0.0,11575.9
5112.79,100.0,21818.3,,,,,100.0,100.0,11585.8
5113.79,100.0,21901.3,,,,,100.0,100.0,11589.5
5114.79,100.0,21867.5,,,,,100.0,100.0,11592.0
5115.79,0.0,21867.5,,,,,0.0,0.0,11592.0
5116.79,100.0,21833.3,,,,,100.0,100.0,11592.2
5117.79,100.0,21799.1,,,,,100.0,100.0,11592.2
5118.79,100.0,21698.9,,,,,100.0,100.0,11592.4
5119.79,0.0,21699.0,,,,,0.0,0.0,11575.4
5120.79,100.0,21733.1,,,,,100.0,100.0,11569.1
5121.79,0.0,21767.2,,,,,0.0,0.0,11575.6
5122.79,100.0,21784.3,,,,,100.0,100.0,11587.1
5123.79,100.0,21801.3,,,,,100.0,100.0,11574.2
5124.79,100.0,21901.3,,,,,100.0,100.0,11590.8
5125.79,0.0,21901.3,,,,,0.0,0.0,11590.8
5126.79,100.0,21867.5,,,,,100.0,100.0,11593.4
5127.79,100.0,21833.3,,,,,100.0,100.0,11593.6
5128.79,100.0,21799.1,,,,,100.0,100.0,11593.6
5129.79,0.0,21799.1,,,,,0.0,0.0,11593.6
5130.79,100.0,21699.0,,,,,100.0,100.0,11588.0
5131.79,0.0,21733.1,,,,,0.0,0.0,11577.2
5132.79,100.0,21750.2,,,,,100.0,100.0,11586.4
5133.79,100.0,21767.2,,,,,100.0,100.0,11589.5
5134.79,100.0,21784.3,,,,,100.0,100.0,11575.6
5135.79,0.0,21835.3,,,,,0.0,0.0,11590.0
5136.79,100.0,21901.3,,,,,100.0,100.0,11592.2
5137.79,100.0,21867.5,,,,,100.0,100.0,11594.5
5138.79,100.0,21833.3,,,,,100.0,100.0,11594.7
5139.79,0.0,21833.3,,,,,0.0,0.0,11594.7
5140.79,100.0,21799.1,,,,,100.0,100.0,11594.7
5141.79,100.0,21698.9,,,,,100.0,100.0,11575.7
5142.79,0.0,21733.1,,,,,0.0,0.0,11589.1
5143.79,100.0,21733.1,,,,,100.0,100.0,11577.0
5144.79,100.0,21750.2,,,,,100.0,100.0,11588.2
5145.79,0.0,21801.3,,,,,0.0,0.0,11577.7
5146.79,100.0,21818.3,,,,,100.0,100.0,11585.5
5147.79,100.0,21901.3,,,,,100.0,100.0,11593.2
5148.79,100.0,21867.3,,,,,100.0,100.0,11595.0
5149.79,0.0,21867.5,,,,,0.0,0.0,11595.8
5150.79,100.0,21833.3,,,,,100.0,100.0,11596.0
5151.79,100.0,21799.1,,,,,100.0,100.0,11596.0
5152.79,0.0,21799.1,,,,,0.0,0.0,11596.0
5153.79,100.0,21699.0,,,,,100.0,100.0,11590.6
5154.79,100.0,21716.1,,,,,100.0,100.0,11581.7
5155.79,0.0,21767.2,,,,,0.0,0.0,11584.9
5156.79,100.0,21767.2,,,,,100.0,100.0,11583.9
5157.79,100.0,21801.3,,,,,100.0,100.0,11584.0
5158.79,0.0,21835.3,,,,,0.0,0.0,11592.5
5159.79,100.0,21901.3,,,,,100.0,100.0,11594.6
5160.79,100.0,21867.5,,,,,100.0,100.0,11597.0
5161.8,100.0,21833.3,,,,,100.0,100.0,11597.2
5162.8,0.0,21833.3,,,,,0.0,0.0,11597.2
5163.8,100.0,21799.1,,,,,100.0,100.0,11597.2
5164.8,100.0,21681.9,,,,,100.0,100.0,11588.8
5165.8,0.0,21733.1,,,,,0.0,0.0,11578.5
5166.8,100.0,21733.1,,,,,100.0,100.0,11584.6
5167.8,100.0,21767.2,,,,,100.0,100.0,11592.6
5168.8,0.0,21801.3,,,,,0.0,0.0,11585.7
5169.8,100.0,21835.3,,,,,100.0,100.0,11593.7
5170.8,100.0,21901.3,,,,,100.0,100.0,11595.8
5171.8,100.0,21867.5,,,,,100.0,100.0,11602.1
5172.8,0.0,21867.5,,,,,0.0,0.0,11602.1
5173.8,100.0,21833.3,,,,,100.0,100.0,11602.3
5174.8,100.0,21799.1,,,,,100.0,100.0,11602.3
5175.8,100.0,21698.9,,,,,100.0,100.0,11602.5
5176.8,0.0,21699.0,,,,,0.0,0.0,11590.1
5177.8,100.0,21733.1,,,,,100.0,100.0,11581.2
5178.8,0.0,21767.2,,,,,0.0,0.0,11588.6
5179.8,100.0,21801.3,,,,,100.0,100.0,11580.9
5180.8,100.0,21801.3,,,,,100.0,100.0,11587.2
5181.8,100.0,21901.3,,,,,100.0,100.0,11601.0
5182.8,0.0,21901.3,,,,,0.0,0.0,11601.0
5183.8,100.0,21867.5,,,,,100.0,100.0,11603.4
5184.8,100.0,21833.3,,,,,100.0,100.0,11603.6
5185.8,100.0,21799.1,,,,,100.0,100.0,11603.6
5186.8,0.0,21799.1,,,,,0.0,0.0,11603.6
5187.8,100.0,21699.0,,,,,100.0,100.0,11597.9
5188.8,0.0,21733.1,,,,,0.0,0.0,11589.4
5189.8,100.0,21767.2,,,,,100.0,100.0,11598.7
5190.8,100.0,21767.2,,,,,100.0,100.0,11588.3
5191.8,100.0,21801.3,,,,,100.0,100.0,11599.6
5192.8,0.0,21835.3,,,,,0.0,0.0,11600.1
5193.8,100.0,21901.3,,,,,100.0,100.0,11602.2
5194.8,100.0,21867.5,,,,,100.0,100.0,11604.4
5195.8,100.0,21833.3,,,,,100.0,100.0,11604.6
5196.8,0.0,21833.3,,,,,0.0,0.0,11604.6
5197.8,100.0,21799.1,,,,,100.0,100.0,11604.6
5198.8,100.0,21698.9,,,,,100.0,100.0,11587.4
5199.8,0.0,21733.1,,,,,0.0,0.0,11599.1
5200.8,100.0,21733.1,,,,,100.0,100.0,11587.4
5201.8,100.0,21750.2,,,,,100.0,100.0,11599.6
5202.8,0.0,21801.3,,,,,0.0,0.0,11587.8
5203.8,100.0,21801.3,,,,,100.0,100.0,11594.2
5204.8,100.0,21901.3,,,,,100.0,100.0,11603.3
5205.8,100.0,21867.5,,,,,100.0,100.0,11605.5
5206.8,0.0,21867.5,,,,,0.0,0.0,11605.5
5207.8,100.0,21833.3,,,,,100.0,100.0,11605.7
5208.8,100.0,21799.1,,,,,100.0,100.0,11605.8
5209.8,100.0,21698.9,,,,,100.0,100.0,11605.9
5210.8,0.0,21699.0,,,,,0.0,0.0,11589.4
5211.8,100.0,21733.1,,,,,100.0,100.0,11590.9
5212.8,0.0,21767.2,,,,,0.0,0.0,11587.8
5213.8,100.0,21784.3,,,,,100.0,100.0,11599.8
5214.8,100.0,21801.3,,,,,100.0,100.0,11595.0
5215.8,100.0,21901.3,,,,,100.0,100.0,11604.4
5216.8,0.0,21901.3,,,,,0.0,0.0,11604.4
5217.8,100.0,21867.5,,,,,100.0,100.0,11606.8
5218.8,100.0,21833.3,,,,,100.0,100.0,11607.0
5219.8,100.0,21799.1,,,,,100.0,100.0,11607.0
5220.8,0.0,21799.1,,,,,0.0,0.0,11607.0
5221.8,100.0,21699.0,,,,,100.0,100.0,11601.4
5222.8,0.0,21733.1,,,,,0.0,0.0,11589.6
5223.8,100.0,21750.2,,,,,100.0,100.0,11601.6
5224.8,100.0,21767.2,,,,,100.0,100.0,11602.4
5225.8,100.0,21784.3,,,,,100.0,100.0,11599.8
5226.8,0.0,21835.3,,,,,0.0,0.0,11603.6
5227.81,100.0,21901.3,,,,,100.0,100.0,11605.6
5228.81,100.0,21867.5,,,,,100.0,100.0,11607.9
5229.81,100.0,21833.3,,,,,100.0,100.0,11608.1
5230.81,0.0,21833.3,,,,,0.0,0.0,11608.1
5231.81,100.0,21799.1,,,,,100.0,100.0,11608.1
5232.81,100.0,21698.9,,,,,100.0,100.0,11608.3
5233.81,0.0,21716.1,,,,,0.0,0.0,11601.0
5234.81,100.0,21733.1,,,,,100.0,100.0,11588.4
5235.81,100.0,21733.1,,,,,100.0,100.0,11597.0
5236.81,0.0,21801.3,,,,,0.0,0.0,11598.0
5237.81,100.0,21801.3,,,,,100.0,100.0,11601.7
5238.81,100.0,21901.3,,,,,100.0,100.0,11606.8
5239.81,0.0,21901.3,,,,,0.0,0.0,11606.8
5240.81,100.0,21867.5,,,,,100.0,100.0,11609.0
5241.81,100.0,21833.3,,,,,100.0,100.0,11609.2
5242.81,100.0,21799.1,,,,,100.0,100.0,11609.2
5243.81,0.0,21799.1,,,,,0.0,0.0,11609.2
5244.81,100.0,21699.0,,,,,100.0,100.0,11603.6
5245.81,0.0,21733.1,,,,,0.0,0.0,11600.3
5246.81,100.0,21767.2,,,,,100.0,100.0,11604.5
5247.81,100.0,21767.2,,,,,100.0,100.0,11596.6
5248.81,100.0,21801.3,,,,,100.0,100.0,11598.2
5249.81,0.0,21835.3,,,,,0.0,0.0,11605.8
5250.81,100.0,21901.3,,,,,100.0,100.0,11607.9
5251.81,100.0,21867.5,,,,,100.0,100.0,11610.2
5252.81,100.0,21833.3,,,,,100.0,100.0,11610.4
5253.81,0.0,21833.3,,,,,0.0,0.0,11610.4
5254.81,100.0,21799.1,,,,,100.0,100.0,11610.4
5255.81,100.0,21698.9,,,,,100.0,100.0,11596.8
5256.81,0.0,21733.1,,,,,0.0,0.0,11588.9
5257.81,100.0,21733.1,,,,,100.0,100.0,11594.8
5258.81,100.0,21767.2,,,,,100.0,100.0,11605.7
5259.81,0.0,21801.3,,,,,0.0,0.0,11594.4
5260.81,100.0,21818.3,,,,,100.0,100.0,11604.8
5261.81,100.0,21901.3,,,,,100.0,100.0,11609.0
5262.81,100.0,21867.5,,,,,100.0,100.0,11611.4
5263.81,0.0,21867.5,,,,,0.0,0.0,11611.4
5264.81,100.0,21833.3,,,,,100.0,100.0,11611.6
5265.81,100.0,21799.1,,,,,100.0,100.0,11611.6
5266.81,100.0,21698.9,,,,,100.0,100.0,11611.7
5267.81,0.0,21699.0,,,,,0.0,0.0,11596.2
5268.81,100.0,21733.1,,,,,100.0,100.0,11606.0
5269.81,0.0,21767.2,,,,,0.0,0.0,11606.9
5270.81,100.0,21784.3,,,,,100.0,100.0,11595.6
5271.81,100.0,21801.3,,,,,100.0,100.0,11601.7
5272.81,100.0,21901.3,,,,,100.0,100.0,11610.1
5273.81,0.0,21901.3,,,,,0.0,0.0,11610.1
5274.81,100.0,21867.5,,,,,100.0,100.0,11612.7
5275.81,100.0,21833.3,,,,,100.0,100.0,11612.9
5276.81,100.0,21799.1,,,,,100.0,100.0,11612.9
5277.81,0.0,21799.1,,,,,0.0,0.0,11612.9
5278.81,100.0,21699.0,,,,,100.0,100.0,11607.2
5279.81,0.0,21733.1,,,,,0.0,0.0,11595.9
5280.81,100.0,21767.2,,,,,100.0,100.0,11607.9
5281.81,100.0,21767.2,,,,,100.0,100.0,11595.3
5282.81,100.0,21767.2,,,,,100.0,100.0,11604.5
5283.81,0.0,21835.3,,,,,0.0,0.0,11609.4
5284.81,100.0,21901.3,,,,,100.0,100.0,11611.5
5285.81,100.0,21867.5,,,,,100.0,100.0,11613.9
5286.81,100.0,21833.3,,,,,100.0,100.0,11614.1
5287.81,0.0,21833.3,,,,,0.0,0.0,11614.1
5288.81,100.0,21799.1,,,,,100.0,100.0,11614.1
5289.81,100.0,21698.9,,,,,100.0,100.0,11614.3
5290.81,0.0,21733.1,,,,,0.0,0.0,11589.2
5291.81,100.0,21733.1,,,,,100.0,100.0,11594.9
5292.81,100.0,21750.2,,,,,100.0,100.0,11607.3
5293.81,0.0,21801.3,,,,,0.0,0.0,11596.8
5294.81,100.0,21801.3,,,,,100.0,100.0,11601.9
5295.81,100.0,21901.3,,,,,100.0,100.0,11612.6
5296.81,100.0,21867.5,,,,,100.0,100.0,11615.1
5297.82,0.0,21867.5,,,,,0.0,0.0,11615.1
5298.82,100.0,21833.3,,,,,100.0,100.0,11615.3
5299.82,100.0,21799.1,,,,,100.0,100.0,11615.3
5300.82,100.0,21698.9,,,,,100.0,100.0,11615.3
5301.82,0.0,21699.0,,,,,0.0,0.0,11596.9
5302.82,100.0,21716.1,,,,,100.0,100.0,11607.4
5303.82,0.0,21767.2,,,,,0.0,0.0,11610.6
5304.82,100.0,21767.2,,,,,100.0,100.0,11604.3
5305.82,100.0,21801.3,,,,,100.0,100.0,11611.4
5306.82,0.0,21835.3,,,,,0.0,0.0,11611.8
5307.82,100.0,21901.3,,,,,100.0,100.0,11613.9
5308.82,100.0,21867.5,,,,,100.0,100.0,11616.2
5309.82,100.0,21833.3,,,,,100.0,100.0,11616.4
5310.82,0.0,21833.3,,,,,0.0,0.0,11616.4
5311.82,100.0,21799.1,,,,,100.0,100.0,11616.4
5312.82,100.0,21681.9,,,,,100.0,100.0,11608.0
5313.82,0.0,21733.1,,,,,0.0,0.0,11596.1
5314.82,100.0,21750.2,,,,,100.0,100.0,11605.8
5315.82,100.0,21767.2,,,,,100.0,100.0,11596.4
5316.82,0.0,21801.3,,,,,0.0,0.0,11604.6
5317.82,100.0,21835.3,,,,,100.0,100.0,11612.7
5318.82,100.0,21901.3,,,,,100.0,100.0,11615.0
5319.82,100.0,21867.5,,,,,100.0,100.0,11617.5
5320.82,0.0,21867.5,,,,,0.0,0.0,11617.5
5321.82,100.0,21833.3,,,,,100.0,100.0,11617.7
5322.82,100.0,21799.1,,,,,100.0,100.0,11617.7
5323.82,100.0,21698.9,,,,,100.0,100.0,11617.9
5324.82,0.0,21699.0,,,,,0.0,0.0,11608.0
5325.82,100.0,21733.1,,,,,100.0,100.0,11612.2
5326.82,0.0,21767.2,,,,,0.0,0.0,11602.7
5327.82,100.0,21801.3,,,,,100.0,100.0,11613.8
5328.82,100.0,21801.3,,,,,100.0,100.0,11607.8
5329.82,100.0,21901.3,,,,,100.0,100.0,11616.4
5330.82,0.0,21901.3,,,,,0.0,0.0,11616.4
5331.82,100.0,21867.5,,,,,100.0,100.0,11618.6
5332.82,100.0,21833.3,,,,,100.0,100.0,11618.6
5333.82,100.0,21799.1,,,,,100.0,100.0,11618.6
5334.82,0.0,21799.1,,,,,0.0,0.0,11618.6
5335.82,100.0,21699.0,,,,,100.0,100.0,11596.6
5336.82,0.0,21733.1,,,,,0.0,0.0,11603.7
5337.82,100.0,21767.2,,,,,100.0,100.0,11613.9
5338.82,100.0,21767.2,,,,,100.0,100.0,11603.0
5339.82,100.0,21801.3,,,,,100.0,100.0,11614.7
5340.82,0.0,21835.3,,,,,0.0,0.0,11615.2
5341.82,100.0,21901.3,,,,,100.0,100.0,11617.4
5342.82,100.0,21867.5,,,,,100.0,100.0,11623.5
5343.82,100.0,21833.3,,,,,100.0,100.0,11623.7
5344.82,0.0,21833.3,,,,,0.0,0.0,11623.7
5345.82,100.0,21799.1,,,,,100.0,100.0,11623.7
5346.82,100.0,21698.9,,,,,100.0,100.0,11606.7
5347.82,0.0,21733.1,,,,,0.0,0.0,11600.4
5348.82,100.0,21733.1,,,,,100.0,100.0,11606.9
5349.82,100.0,21767.2,,,,,100.0,100.0,11619.0
5350.82,0.0,21801.3,,,,,0.0,0.0,11606.6
5351.82,100.0,21818.3,,,,,100.0,100.0,11618.4
5352.82,100.0,21901.3,,,,,100.0,100.0,11622.5
5353.82,100.0,21867.5,,,,,100.0,100.0,11624.8
5354.82,0.0,21867.5,,,,,0.0,0.0,11624.8
5355.82,100.0,21833.3,,,,,100.0,100.0,11625.0
5356.82,100.0,21799.1,,,,,100.0,100.0,11625.1
5357.82,100.0,21698.9,,,,,100.0,100.0,11625.2
5358.82,0.0,21699.0,,,,,0.0,0.0,11608.2
5359.82,100.0,21733.1,,,,,100.0,100.0,11619.9
5360.82,0.0,21767.2,,,,,0.0,0.0,11609.1
5361.82,100.0,21784.2,,,,,100.0,100.0,11619.4
5362.82,100.0,21801.3,,,,,100.0,100.0,11621.0
5363.82,100.0,21901.3,,,,,100.0,100.0,11623.6
5364.82,0.0,21901.3,,,,,0.0,0.0,11623.6
5365.83,100.0,21867.5,,,,,100.0,100.0,11625.9
5366.83,100.0,21833.3,,,,,100.0,100.0,11626.1
5367.83,100.0,21799.1,,,,,100.0,100.0,11626.1
5368.83,0.0,21799.1,,,,,0.0,0.0,11626.1
5369.83,100.0,21699.0,,,,,100.0,100.0,11620.4
5370.83,0.0,21733.1,,,,,0.0,0.0,11607.6
5371.83,100.0,21750.2,,,,,100.0,100.0,11617.6
5372.83,100.0,21767.2,,,,,100.0,100.0,11605.8
5373.83,100.0,21767.2,,,,,100.0,100.0,11614.2
5374.83,0.0,21835.3,,,,,0.0,0.0,11622.1
5375.83,100.0,21901.3,,,,,100.0,100.0,11624.5
5376.83,100.0,21867.5,,,,,100.0,100.0,11627.1
5377.83,100.0,21833.3,,,,,100.0,100.0,11627.3
5378.83,0.0,21833.3,,,,,0.0,0.0,11627.3
5379.83,100.0,21799.1,,,,,100.0,100.0,11627.3
5380.83,100.0,21698.9,,,,,100.0,100.0,11627.6
5381.83,0.0,21733.1,,,,,0.0,0.0,11621.6
5382.83,100.0,21733.1,,,,,100.0,100.0,11614.9
5383.83,100.0,21733.1,,,,,100.0,100.0,11618.8
5384.83,0.0,21801.3,,,,,0.0,0.0,11608.2
5385.83,100.0,21801.3,,,,,100.0,100.0,11614.7
5386.83,100.0,21901.3,,,,,100.0,100.0,11625.9
5387.83,100.0,21867.3,,,,,100.0,100.0,11627.2
5388.83,0.0,21867.5,,,,,0.0,0.0,11628.2
5389.83,100.0,21833.3,,,,,100.0,100.0,11628.4
5390.83,100.0,21799.1,,,,,100.0,100.0,11628.4
5391.83,0.0,21799.1,,,,,0.0,0.0,11628.4
5392.83,100.0,21699.0,,,,,100.0,100.0,11609.1
5393.83,0.0,21733.1,,,,,0.0,0.0,11620.1
5394.83,100.0,21767.2,,,,,100.0,100.0,11623.7
5395.83,100.0,21767.2,,,,,100.0,100.0,11618.2
5396.83,100.0,21801.3,,,,,100.0,100.0,11624.5
5397.83,0.0,21835.3,,,,,0.0,0.0,11624.9
5398.83,100.0,21901.3,,,,,100.0,100.0,11627.0
5399.83,100.0,21867.5,,,,,100.0,100.0,11629.5
5400.83,100.0,21833.3,,,,,100.0,100.0,11629.7
5401.83,0.0,21833.3,,,,,0.0,0.0,11629.7
5402.83,100.0,21799.1,,,,,100.0,100.0,11629.7
5403.83,100.0,21698.9,,,,,100.0,100.0,11620.1
5404.83,0.0,21733.1,,,,,0.0,0.0,11609.1
5405.83,100.0,21733.1,,,,,100.0,100.0,11617.0
5406.83,100.0,21767.2,,,,,100.0,100.0,11618.3
5407.83,0.0,21801.3,,,,,0.0,0.0,11623.9
5408.83,100.0,21818.3,,,,,100.0,100.0,11625.2
5409.83,100.0,21901.3,,,,,100.0,100.0,11628.3
5410.83,100.0,21867.5,,,,,100.0,100.0,11630.6
5411.83,0.0,21867.5,,,,,0.0,0.0,11630.6
5412.83,100.0,21833.3,,,,,100.0,100.0,11630.8
5413.83,100.0,21799.1,,,,,100.0,100.0,11630.8
5414.83,100.0,21698.9,,,,,100.0,100.0,11631.1
5415.83,0.0,21699.0,,,,,0.0,0.0,11618.5
5416.83,100.0,21733.1,,,,,100.0,100.0,11625.7
5417.83,0.0,21767.2,,,,,0.0,0.0,11617.3
5418.83,100.0,21801.3,,,,,100.0,100.0,11627.1
5419.83,100.0,21801.3,,,,,100.0,100.0,11621.7
5420.83,100.0,21901.3,,,,,100.0,100.0,11629.7
5421.83,0.0,21901.3,,,,,0.0,0.0,11629.7
5422.83,100.0,21867.5,,,,,100.0,100.0,11631.9
5423.83,100.0,21833.3,,,,,100.0,100.0,11632.0
5424.83,100.0,21799.1,,,,,100.0,100.0,11632.0
5425.83,0.0,21799.1,,,,,0.0,0.0,11632.0
5426.83,100.0,21699.0,,,,,100.0,100.0,11608.7
5427.83,0.0,21733.1,,,,,0.0,0.0,11616.9
5428.83,100.0,21767.2,,,,,100.0,100.0,11627.1
5429.83,100.0,21767.2,,,,,100.0,100.0,11616.9
5430.83,100.0,21784.3,,,,,100.0,100.0,11626.8
5431.83,0.0,21835.3,,,,,0.0,0.0,11628.3
5432.83,100.0,21901.3,,,,,100.0,100.0,11630.3
5433.84,100.0,21867.5,,,,,100.0,100.0,11632.7
5434.84,100.0,21833.3,,,,,100.0,100.0,11632.9
5435.84,0.0,21833.3,,,,,0.0,0.0,11632.9
5436.84,100.0,21799.1,,,,,100.0,100.0,11632.9
5437.84,100.0,21698.9,,,,,100.0,100.0,11616.2
5438.84,0.0,21733.1,,,,,0.0,0.0,11609.0
5439.84,100.0,21733.1,,,,,100.0,100.0,11616.4
5440.84,100.0,21767.2,,,,,100.0,100.0,11608.7
5441.84,0.0,21801.3,,,,,0.0,0.0,11616.4
5442.84,100.0,21835.3,,,,,100.0,100.0,11629.1
5443.84,100.0,21901.3,,,,,100.0,100.0,11631.6
5444.84,100.0,21867.5,,,,,100.0,100.0,11633.9
5445.84,0.0,21867.5,,,,,0.0,0.0,11633.9
5446.84,100.0,21833.3,,,,,100.0,100.0,11634.1
5447.84,100.0,21799.1,,,,,100.0,100.0,11634.1
5448.84,100.0,21698.9,,,,,100.0,100.0,11634.2
5449.84,0.0,21699.0,,,,,0.0,0.0,11616.0
5450.84,100.0,21716.1,,,,,100.0,100.0,11627.1
5451.84,0.0,21767.2,,,,,0.0,0.0,11616.3
5452.84,100.0,21784.3,,,,,100.0,100.0,11624.2
5453.84,100.0,21801.3,,,,,100.0,100.0,11630.4
5454.84,100.0,21901.3,,,,,100.0,100.0,11632.7
5455.84,0.0,21901.3,,,,,0.0,0.0,11632.7
5456.84,100.0,21867.5,,,,,100.0,100.0,11635.0
5457.84,100.0,21833.3,,,,,100.0,100.0,11635.1
5458.84,100.0,21799.1,,,,,100.0,100.0,11635.1
5459.84,0.0,21799.1,,,,,0.0,0.0,11635.1
5460.84,100.0,21699.0,,,,,100.0,100.0,11629.6
5461.84,0.0,21733.1,,,,,0.0,0.0,11616.3
5462.84,100.0,21750.2,,,,,100.0,100.0,11626.7
5463.84,100.0,21767.2,,,,,100.0,100.0,11615.4
5464.84,100.0,21767.2,,,,,100.0,100.0,11624.4
5465.84,0.0,21835.3,,,,,0.0,0.0,11631.4
5466.84,100.0,21901.3,,,,,100.0,100.0,11633.6
5467.84,100.0,21867.5,,,,,100.0,100.0,11635.8
5468.84,100.0,21833.3,,,,,100.0,100.0,11636.0
5469.84,0.0,21833.3,,,,,0.0,0.0,11636.0
5470.84,100.0,21799.1,,,,,100.0,100.0,11636.0
5471.84,100.0,21698.9,,,,,100.0,100.0,11616.5
5472.84,0.0,21716.1,,,,,0.0,0.0,11629.2
5473.84,100.0,21733.1,,,,,100.0,100.0,11630.8
5474.84,0.0,21767.2,,,,,0.0,0.0,11625.7
5475.84,100.0,21801.3,,,,,100.0,100.0,11632.4
5476.84,100.0,21801.3,,,,,100.0,100.0,11622.9
5477.84,100.0,21901.3,,,,,100.0,100.0,11634.7
5478.84,0.0,21901.3,,,,,0.0,0.0,11634.7
5479.84,100.0,21867.5,,,,,100.0,100.0,11637.0
5480.84,100.0,21833.3,,,,,100.0,100.0,11637.2
5481.84,100.0,21799.1,,,,,100.0,100.0,11637.2
5482.84,0.0,21799.1,,,,,0.0,0.0,11637.2
5483.84,100.0,21699.0,,,,,100.0,100.0,11617.3
5484.84,0.0,21733.1,,,,,0.0,0.0,11626.2
5485.84,100.0,21767.2,,,,,100.0,100.0,11632.5
5486.84,100.0,21767.2,,,,,100.0,100.0,11624.7
5487.84,100.0,21784.3,,,,,100.0,100.0,11631.4
5488.84,0.0,21835.3,,,,,0.0,0.0,11633.7
5489.84,100.0,21901.3,,,,,100.0,100.0,11635.7
5490.84,100.0,21867.5,,,,,100.0,100.0,11638.0
5491.84,100.0,21833.3,,,,,100.0,100.0,11638.2
5492.84,0.0,21833.3,,,,,0.0,0.0,11638.2
5493.84,100.0,21799.1,,,,,100.0,100.0,11638.2
5494.84,100.0,21698.9,,,,,100.0,100.0,11625.3
5495.84,0.0,21733.1,,,,,0.0,0.0,11625.2
5496.84,100.0,21733.1,,,,,100.0,100.0,11624.4
5497.84,100.0,21767.2,,,,,100.0,100.0,11625.1
5498.84,0.0,21801.3,,,,,0.0,0.0,11629.0
5499.84,100.0,21818.3,,,,,100.0,100.0,11633.4
5500.84,100.0,21901.3,,,,,100.0,100.0,11637.1
5501.84,100.0,21867.5,,,,,100.0,100.0,11639.5
5502.85,0.0,21867.5,,,,,0.0,0.0,11639.5
5503.85,100.0,21833.3,,,,,100.0,100.0,11639.7
5504.85,100.0,21799.1,,,,,100.0,100.0,11639.7
5505.85,100.0,21698.9,,,,,100.0,100.0,11639.9
5506.85,0.0,21699.0,,,,,0.0,0.0,11623.1
5507.85,100.0,21733.1,,,,,100.0,100.0,11634.2
5508.85,0.0,21767.2,,,,,0.0,0.0,11623.5
5509.85,100.0,21784.3,,,,,100.0,100.0,11635.0
5510.85,100.0,21801.3,,,,,100.0,100.0,11635.9
5511.85,100.0,21901.3,,,,,100.0,100.0,11638.3
5512.85,0.0,21901.3,,,,,0.0,0.0,11638.3
5513.85,100.0,21867.5,,,,,100.0,100.0,11640.5
5514.85,100.0,21833.3,,,,,100.0,100.0,11640.6
5515.85,100.0,21799.1,,,,,100.0,100.0,11640.6
5516.85,0.0,21799.1,,,,,0.0,0.0,11640.6
5517.85,100.0,21699.0,,,,,100.0,100.0,11615.8
5518.85,0.0,21733.1,,,,,0.0,0.0,11623.2
5519.85,100.0,21767.2,,,,,100.0,100.0,11636.0
5520.85,100.0,21767.2,,,,,100.0,100.0,11621.9
5521.85,100.0,21767.2,,,,,100.0,100.0,11631.8
5522.85,0.0,21835.3,,,,,0.0,0.0,11636.9
5523.85,100.0,21901.3,,,,,100.0,100.0,11639.0
5524.85,100.0,21867.5,,,,,100.0,100.0,11641.4
5525.85,100.0,21833.3,,,,,100.0,100.0,11641.6
5526.85,0.0,21833.3,,,,,0.0,0.0,11641.6
5527.85,100.0,21799.1,,,,,100.0,100.0,11641.6
5528.85,100.0,21698.9,,,,,100.0,100.0,11623.9
5529.85,0.0,21733.1,,,,,0.0,0.0,11636.1
5530.85,100.0,21733.1,,,,,100.0,100.0,11636.1
5531.85,100.0,21750.2,,,,,100.0,100.0,11636.1
5532.85,0.0,21801.3,,,,,0.0,0.0,11637.8
5533.85,100.0,21818.3,,,,,100.0,100.0,11633.2
5534.85,100.0,21901.3,,,,,100.0,100.0,11640.2
5535.85,100.0,21867.5,,,,,100.0,100.0,11642.5
5536.85,0.0,21867.5,,,,,0.0,0.0,11642.5
5537.85,100.0,21833.3,,,,,100.0,100.0,11642.6
5538.85,100.0,21799.1,,,,,100.0,100.0,11642.7
5539.85,100.0,21698.9,,,,,100.0,100.0,11642.8
5540.85,0.0,21699.0,,,,,0.0,0.0,11625.1
5541.85,100.0,21733.1,,,,,100.0,100.0,11637.2
5542.85,0.0,21767.2,,,,,0.0,0.0,11625.5
5543.85,100.0,21784.3,,,,,100.0,100.0,11636.2
5544.85,100.0,21801.3,,,,,100.0,100.0,11638.8
5545.85,100.0,21901.3,,,,,100.0,100.0,11641.2
5546.85,0.0,21901.3,,,,,0.0,0.0,11641.2
5547.85,100.0,21867.5,,,,,100.0,100.0,11643.8
5548.85,100.0,21833.3,,,,,100.0,100.0,11643.9
5549.85,100.0,21799.1,,,,,100.0,100.0,11643.9
5550.85,0.0,21799.1,,,,,0.0,0.0,11643.9
5551.85,100.0,21699.0,,,,,100.0,100.0,11627.7
5552.85,0.0,21733.1,,,,,0.0,0.0,11624.1
5553.85,100.0,21750.1,,,,,100.0,100.0,11634.6
5554.85,100.0,21767.2,,,,,100.0,100.0,11623.2
5555.85,100.0,21767.2,,,,,100.0,100.0,11632.6
5556.85,0.0,21835.3,,,,,0.0,0.0,11640.4
5557.85,100.0,21901.3,,,,,100.0,100.0,11642.5
5558.85,100.0,21867.5,,,,,100.0,100.0,11645.0
5559.85,0.0,21867.5,,,,,0.0,0.0,11645.0
5560.85,100.0,21833.3,,,,,100.0,100.0,11645.2
5561.85,100.0,21799.1,,,,,100.0,100.0,11645.2
5562.85,100.0,21698.9,,,,,100.0,100.0,11625.0
5563.85,0.0,21716.1,,,,,0.0,0.0,11638.8
5564.85,100.0,21733.1,,,,,100.0,100.0,11640.1
5565.85,0.0,21784.3,,,,,0.0,0.0,11635.6
5566.85,100.0,21801.3,,,,,100.0,100.0,11633.6
5567.85,100.0,21801.3,,,,,100.0,100.0,11633.3
5568.85,100.0,21901.3,,,,,100.0,100.0,11643.6
5569.85,0.0,21901.3,,,,,0.0,0.0,11643.6
5570.85,100.0,21867.5,,,,,100.0,100.0,11646.1
5571.85,100.0,21833.3,,,,,100.0,100.0,11646.3
5572.85,100.0,21799.1,,,,,100.0,100.0,11646.3
5573.86,0.0,21799.1,,,,,0.0,0.0,11646.3
5574.86,100.0,21699.0,,,,,100.0,100.0,11626.0
5575.86,0.0,21733.1,,,,,0.0,0.0,11635.7
5576.86,100.0,21767.2,,,,,100.0,100.0,11625.4
5577.86,100.0,21784.3,,,,,100.0,100.0,11635.7
5578.86,100.0,21801.3,,,,,100.0,100.0,11635.2
5579.86,0.0,21835.3,,,,,0.0,0.0,11642.8
5580.86,100.0,21901.3,,,,,100.0,100.0,11644.8
5581.86,100.0,21867.5,,,,,100.0,100.0,11647.3
5582.86,100.0,21833.3,,,,,100.0,100.0,11647.5
5583.86,0.0,21833.3,,,,,0.0,0.0,11647.5
5584.86,100.0,21799.1,,,,,100.0,100.0,11647.5
5585.86,100.0,21698.9,,,,,100.0,100.0,11636.0
5586.86,0.0,21733.1,,,,,0.0,0.0,11634.5
5587.86,100.0,21733.1,,,,,100.0,100.0,11635.1
5588.86,100.0,21767.2,,,,,100.0,100.0,11625.8
5589.86,0.0,21801.3,,,,,0.0,0.0,11634.3
5590.86,100.0,21835.3,,,,,100.0,100.0,11644.0
5591.86,100.0,21901.3,,,,,100.0,100.0,11646.2
5592.86,100.0,21867.5,,,,,100.0,100.0,11648.5
5593.86,0.0,21867.5,,,,,0.0,0.0,11648.5
5594.86,100.0,21833.3,,,,,100.0,100.0,11648.7
5595.86,100.0,21799.1,,,,,100.0,100.0,11648.7
5596.86,100.0,21698.9,,,,,100.0,100.0,11624.1
5597.86,0.0,21699.0,,,,,0.0,0.0,11633.5
5598.86,100.0,21733.1,,,,,100.0,100.0,11643.5
5599.86,0.0,21767.2,,,,,0.0,0.0,11632.5
5600.86,100.0,21801.3,,,,,100.0,100.0,11644.9
5601.86,100.0,21801.3,,,,,100.0,100.0,11632.2
5602.86,100.0,21901.3,,,,,100.0,100.0,11647.4
5603.86,0.0,21901.3,,,,,0.0,0.0,11647.4
5604.86,100.0,21867.5,,,,,100.0,100.0,11649.5
5605.86,100.0,21833.3,,,,,100.0,100.0,11649.7
5606.86,100.0,21799.1,,,,,100.0,100.0,11649.7
5607.86,0.0,21799.1,,,,,0.0,0.0,11649.7
5608.86,100.0,21699.0,,,,,100.0,100.0,11624.5
5609.86,0.0,21733.1,,,,,0.0,0.0,11632.7
5610.86,100.0,21767.2,,,,,100.0,100.0,11644.8
5611.86,100.0,21767.2,,,,,100.0,100.0,11631.1
5612.86,100.0,21784.3,,,,,100.0,100.0,11645.2
5613.86,0.0,21835.3,,,,,0.0,0.0,11645.9
5614.86,100.0,21901.3,,,,,100.0,100.0,11648.0
5615.86,100.0,21867.5,,,,,100.0,100.0,11650.3
5616.86,100.0,21833.3,,,,,100.0,100.0,11650.5
5617.86,0.0,21833.3,,,,,0.0,0.0,11650.5
5618.86,100.0,21799.1,,,,,100.0,100.0,11650.5
5619.86,100.0,21698.9,,,,,100.0,100.0,11632.9
5620.86,0.0,21733.1,,,,,0.0,0.0,11645.2
5621.86,100.0,21733.1,,,,,100.0,100.0,11633.5
5622.86,100.0,21767.2,,,,,100.0,100.0,11646.1
5623.86,0.0,21801.3,,,,,0.0,0.0,11639.9
5624.86,100.0,21818.3,,,,,100.0,100.0,11646.0
5625.86,100.0,21901.3,,,,,100.0,100.0,11649.2
5626.86,100.0,21867.5,,,,,100.0,100.0,11651.8
5627.86,0.0,21867.5,,,,,0.0,0.0,11651.8
5628.86,100.0,21833.3,,,,,100.0,100.0,11652.0
5629.86,100.0,21799.1,,,,,100.0,100.0,11652.0
5630.86,100.0,21698.9,,,,,100.0,100.0,11652.2
5631.86,0.0,21699.0,,,,,0.0,0.0,11633.3
5632.86,100.0,21733.1,,,,,100.0,100.0,11646.8
5633.86,0.0,21767.2,,,,,0.0,0.0,11634.5
5634.87,100.0,21784.3,,,,,100.0,100.0,11646.3
5635.87,100.0,21801.3,,,,,100.0,100.0,11648.3
5636.87,100.0,21901.3,,,,,100.0,100.0,11650.6
5637.87,0.0,21901.3,,,,,0.0,0.0,11650.6
5638.87,100.0,21867.5,,,,,100.0,100.0,11653.0
5639.87,100.0,21833.3,,,,,100.0,100.0,11653.2
5640.87,100.0,21799.1,,,,,100.0,100.0,11653.2
5641.87,0.0,21799.1,,,,,0.0,0.0,11653.2
5642.87,100.0,21699.0,,,,,100.0,100.0,11647.5
5643.87,0.0,21733.1,,,,,0.0,0.0,11633.0
5644.87,100.0,21750.2,,,,,100.0,100.0,11645.4
5645.87,100.0,21767.2,,,,,100.0,100.0,11641.5
5646.87,100.0,21767.2,,,,,100.0,100.0,11641.5
5647.87,0.0,21835.3,,,,,0.0,0.0,11649.6
5648.87,100.0,21901.3,,,,,100.0,100.0,11651.8
5649.87,100.0,21867.5,,,,,100.0,100.0,11654.5
5650.87,0.0,21867.5,,,,,0.0,0.0,11654.5
5651.87,100.0,21833.3,,,,,100.0,100.0,11654.7
5652.87,100.0,21799.1,,,,,100.0,100.0,11654.7
5653.87,100.0,21698.9,,,,,100.0,100.0,11634.4
5654.87,0.0,21716.1,,,,,0.0,0.0,11647.0
5655.87,100.0,21733.1,,,,,100.0,100.0,11649.3
5656.87,0.0,21767.2,,,,,0.0,0.0,11643.6
5657.87,100.0,21801.3,,,,,100.0,100.0,11650.6
5658.87,100.0,21801.3,,,,,100.0,100.0,11642.1
5659.87,100.0,21901.3,,,,,100.0,100.0,11653.1
5660.87,0.0,21901.3,,,,,0.0,0.0,11653.1
5661.87,100.0,21867.5,,,,,100.0,100.0,11655.5
5662.87,100.0,21833.3,,,,,100.0,100.0,11655.7
5663.87,100.0,21799.1,,,,,100.0,100.0,11655.7
5664.87,0.0,21799.1,,,,,0.0,0.0,11655.7
5665.87,100.0,21699.0,,,,,100.0,100.0,11635.2
5666.87,0.0,21733.1,,,,,0.0,0.0,11645.5
5667.87,100.0,21767.2,,,,,100.0,100.0,11634.8
5668.87,100.0,21767.2,,,,,100.0,100.0,11640.4
5669.87,100.0,21801.3,,,,,100.0,100.0,11651.7
5670.87,0.0,21835.3,,,,,0.0,0.0,11652.1
5671.87,100.0,21901.3,,,,,100.0,100.0,11654.1
5672.87,100.0,21867.5,,,,,100.0,100.0,11656.6
5673.87,100.0,21833.3,,,,,100.0,100.0,11656.8
5674.87,0.0,21833.3,,,,,0.0,0.0,11656.8
5675.87,100.0,21799.1,,,,,100.0,100.0,11656.8
5676.87,100.0,21698.9,,,,,100.0,100.0,11645.5
5677.87,0.0,21733.1,,,,,0.0,0.0,11651.4
5678.87,100.0,21733.1,,,,,100.0,100.0,11641.7
5679.87,100.0,21767.2,,,,,100.0,100.0,11643.1
5680.87,0.0,21801.3,,,,,0.0,0.0,11647.4
5681.87,100.0,21818.3,,,,,100.0,100.0,11652.6
5682.87,100.0,21901.3,,,,,100.0,100.0,11655.6
5683.87,100.0,21867.5,,,,,100.0,100.0,11661.7
5684.87,0.0,21867.5,,,,,0.0,0.0,11661.7
5685.87,100.0,21833.3,,,,,100.0,100.0,11661.9
5686.87,100.0,21799.1,,,,,100.0,100.0,11661.9
5687.87,100.0,21698.9,,,,,100.0,100.0,11637.1
5688.87,0.0,21699.0,,,,,0.0,0.0,11643.9
5689.87,0.0,21750.2,,,,,0.0,0.0,11653.4
5690.87,100.0,21767.2,,,,,100.0,100.0,11644.7
5691.87,100.0,21767.2,,,,,100.0,100.0,11647.0
5692.87,100.0,21801.3,,,,,100.0,100.0,11638.8
5693.87,0.0,21835.3,,,,,0.0,0.0,11657.0
5694.87,100.0,21901.3,,,,,100.0,100.0,11659.0
5695.87,100.0,21867.5,,,,,100.0,100.0,11661.3
5696.87,100.0,21833.3,,,,,100.0,100.0,11661.5
5697.87,0.0,21833.3,,,,,0.0,0.0,11661.5
5698.87,100.0,21799.1,,,,,100.0,100.0,11661.5
5699.87,100.0,21698.9,,,,,100.0,100.0,11650.9
5700.87,0.0,21733.1,,,,,0.0,0.0,11656.0
5701.87,100.0,21733.1,,,,,100.0,100.0,11650.2
5702.87,100.0,21767.2,,,,,100.0,100.0,11657.0
5703.87,0.0,21801.3,,,,,0.0,0.0,11649.0
5704.88,100.0,21835.3,,,,,100.0,100.0,11657.9
5705.88,100.0,21901.3,,,,,100.0,100.0,11660.1
5706.88,100.0,21867.5,,,,,100.0,100.0,11662.3
5707.88,0.0,21867.5,,,,,0.0,0.0,11662.3
5708.88,100.0,21833.3,,,,,100.0,100.0,11662.5
5709.88,100.0,21799.1,,,,,100.0,100.0,11662.5
5710.88,100.0,21698.9,,,,,100.0,100.0,11640.3
5711.88,0.0,21699.0,,,,,0.0,0.0,11649.0
5712.88,100.0,21733.1,,,,,100.0,100.0,11640.3
5713.88,0.0,21767.2,,,,,0.0,0.0,11646.6
5714.88,100.0,21801.3,,,,,100.0,100.0,11658.4
5715.88,100.0,21801.3,,,,,100.0,100.0,11647.6
5716.88,100.0,21901.3,,,,,100.0,100.0,11661.1
5717.88,0.0,21901.3,,,,,0.0,0.0,11661.1
5718.88,100.0,21867.5,,,,,100.0,100.0,11663.6
5719.88,100.0,21833.3,,,,,100.0,100.0,11663.8
5720.88,100.0,21799.1,,,,,100.0,100.0,11663.8
5721.88,0.0,21799.1,,,,,0.0,0.0,11663.8
5722.88,100.0,21699.0,,,,,100.0,100.0,11658.2
5723.88,0.0,21733.1,,,,,0.0,0.0,11649.7
5724.88,100.0,21767.2,,,,,100.0,100.0,11650.4
5725.88,100.0,21767.2,,,,,100.0,100.0,11653.7
5726.88,100.0,21784.3,,,,,100.0,100.0,11650.0
5727.88,0.0,21835.3,,,,,0.0,0.0,11660.3
5728.88,100.0,21901.3,,,,,100.0,100.0,11662.5
5729.88,100.0,21867.5,,,,,100.0,100.0,11664.6
5730.88,100.0,21833.3,,,,,100.0,100.0,11664.8
5731.88,0.0,21833.3,,,,,0.0,0.0,11664.8
5732.88,100.0,21799.1,,,,,100.0,100.0,11664.8
5733.88,100.0,21698.9,,,,,100.0,100.0,11648.6
5734.88,0.0,21733.1,,,,,0.0,0.0,11659.2
5735.88,100.0,21733.1,,,,,100.0,100.0,11650.6
5736.88,100.0,21767.2,,,,,100.0,100.0,11660.5
5737.88,0.0,21801.3,,,,,0.0,0.0,11651.4
5738.88,100.0,21835.3,,,,,100.0,100.0,11661.2
5739.88,100.0,21901.3,,,,,100.0,100.0,11663.5
5740.88,100.0,21867.5,,,,,100.0,100.0,11666.1
5741.88,0.0,21867.5,,,,,0.0,0.0,11666.1
5742.88,100.0,21833.3,,,,,100.0,100.0,11666.2
5743.88,100.0,21799.1,,,,,100.0,100.0,11666.3
5744.88,100.0,21698.9,,,,,100.0,100.0,11666.4
5745.88,0.0,21699.0,,,,,0.0,0.0,11649.2
5746.88,100.0,21733.1,,,,,100.0,100.0,11661.0
5747.88,0.0,21767.2,,,,,0.0,0.0,11649.1
5748.88,100.0,21784.3,,,,,100.0,100.0,11659.0
5749.88,100.0,21801.3,,,,,100.0,100.0,11647.8
5750.88,100.0,21901.3,,,,,100.0,100.0,11665.0
5751.88,0.0,21901.3,,,,,0.0,0.0,11665.0
5752.88,100.0,21867.5,,,,,100.0,100.0,11667.3
5753.88,100.0,21833.3,,,,,100.0,100.0,11667.4
5754.88,100.0,21799.1,,,,,100.0,100.0,11667.4
5755.88,0.0,21799.1,,,,,0.0,0.0,11667.4
5756.88,100.0,21699.0,,,,,100.0,100.0,11662.0
5757.88,0.0,21733.1,,,,,0.0,0.0,11652.0
5758.88,100.0,21767.2,,,,,100.0,100.0,11662.7
5759.88,100.0,21767.2,,,,,100.0,100.0,11663.1
5760.88,100.0,21784.3,,,,,100.0,100.0,11659.9
5761.88,0.0,21835.3,,,,,0.0,0.0,11664.2
5762.88,100.0,21901.3,,,,,100.0,100.0,11666.3
5763.88,100.0,21867.5,,,,,100.0,100.0,11668.5
5764.88,100.0,21833.3,,,,,100.0,100.0,11668.7
5765.88,0.0,21833.3,,,,,0.0,0.0,11668.7
5766.88,100.0,21799.1,,,,,100.0,100.0,11668.7
5767.88,100.0,21698.9,,,,,100.0,100.0,11649.7
5768.88,0.0,21733.1,,,,,0.0,0.0,11662.9
5769.88,100.0,21733.1,,,,,100.0,100.0,11651.8
5770.88,100.0,21750.2,,,,,100.0,100.0,11660.0
5771.88,0.0,21801.3,,,,,0.0,0.0,11658.9
5772.88,100.0,21818.3,,,,,100.0,100.0,11658.8
5773.88,100.0,21901.3,,,,,100.0,100.0,11667.3
5774.89,0.0,21901.3,,,,,0.0,0.0,11667.3
5775.89,100.0,21867.5,,,,,100.0,100.0,11669.8
5776.89,100.0,21833.3,,,,,100.0,100.0,11670.0
5777.89,100.0,21799.1,,,,,100.0,100.0,11670.0
5778.89,0.0,21799.1,,,,,0.0,0.0,11670.0
5779.89,100.0,21699.0,,,,,100.0,100.0,11658.0
5780.89,0.0,21750.2,,,,,0.0,0.0,11662.4
5781.89,100.0,21767.2,,,,,100.0,100.0,11659.1
5782.89,100.0,21767.2,,,,,100.0,100.0,11659.7
5783.89,100.0,21801.3,,,,,100.0,100.0,11659.7
5784.89,0.0,21835.3,,,,,0.0,0.0,11666.6
5785.89,100.0,21901.3,,,,,100.0,100.0,11668.6
5786.89,100.0,21867.5,,,,,100.0,100.0,11671.0
5787.89,100.0,21833.3,,,,,100.0,100.0,11671.1
5788.89,0.0,21833.3,,,,,0.0,0.0,11671.1
5789.89,100.0,21799.1,,,,,100.0,100.0,11671.1
5790.89,100.0,21698.9,,,,,100.0,100.0,11661.0
5791.89,0.0,21733.1,,,,,0.0,0.0,11665.6
5792.89,100.0,21750.2,,,,,100.0,100.0,11660.6
5793.89,100.0,21767.2,,,,,100.0,100.0,11659.9
5794.89,0.0,21818.3,,,,,0.0,0.0,11661.0
5795.89,100.0,21818.3,,,,,100.0,100.0,11665.7
5796.89,100.0,21901.3,,,,,100.0,100.0,11669.8
5797.89,100.0,21867.5,,,,,100.0,100.0,11672.2
5798.89,0.0,21867.5,,,,,0.0,0.0,11672.2
5799.89,100.0,21833.3,,,,,100.0,100.0,11672.4
5800.89,100.0,21799.1,,,,,100.0,100.0,11672.4
5801.89,100.0,21698.9,,,,,100.0,100.0,11649.5
5802.89,0.0,21699.0,,,,,0.0,0.0,11660.8
5803.89,100.0,21733.1,,,,,100.0,100.0,11650.9
5804.89,0.0,21767.2,,,,,0.0,0.0,11657.5
5805.89,100.0,21801.3,,,,,100.0,100.0,11668.6
5806.89,100.0,21801.3,,,,,100.0,100.0,11658.0
5807.89,100.0,21901.3,,,,,100.0,100.0,11671.1
5808.89,0.0,21901.3,,,,,0.0,0.0,11671.1
5809.89,100.0,21867.5,,,,,100.0,100.0,11673.4
5810.89,100.0,21833.3,,,,,100.0,100.0,11673.6
5811.89,100.0,21799.1,,,,,100.0,100.0,11673.6
5812.89,0.0,21799.1,,,,,0.0,0.0,11673.6
5813.89,100.0,21699.0,,,,,100.0,100.0,11668.1
5814.89,0.0,21733.1,,,,,0.0,0.0,11658.9
5815.89,100.0,21767.2,,,,,100.0,100.0,11668.9
5816.89,100.0,21767.2,,,,,100.0,100.0,11669.1
5817.89,100.0,21784.3,,,,,100.0,100.0,11669.5
5818.89,0.0,21835.3,,,,,0.0,0.0,11670.2
5819.89,100.0,21901.3,,,,,100.0,100.0,11672.3
5820.89,100.0,21867.5,,,,,100.0,100.0,11674.5
5821.89,100.0,21833.3,,,,,100.0,100.0,11674.7
5822.89,0.0,21833.3,,,,,0.0,0.0,11674.7
5823.89,100.0,21799.1,,,,,100.0,100.0,11674.7
5824.89,100.0,21698.9,,,,,100.0,100.0,11657.5
5825.89,0.0,21733.1,,,,,0.0,0.0,11669.5
5826.89,100.0,21733.1,,,,,100.0,100.0,11658.7
5827.89,100.0,21750.2,,,,,100.0,100.0,11668.9
5828.89,0.0,21801.3,,,,,0.0,0.0,11657.0
5829.89,100.0,21801.3,,,,,100.0,100.0,11665.5
5830.89,100.0,21901.3,,,,,100.0,100.0,11673.5
5831.89,100.0,21867.5,,,,,100.0,100.0,11675.7
5832.89,0.0,21867.5,,,,,0.0,0.0,11675.7
5833.89,100.0,21833.3,,,,,100.0,100.0,11675.9
5834.89,100.0,21799.1,,,,,100.0,100.0,11675.9
5835.89,100.0,21698.9,,,,,100.0,100.0,11676.1
5836.89,0.0,21699.0,,,,,0.0,0.0,11670.5
5837.89,100.0,21733.1,,,,,100.0,100.0,11670.4
5838.89,0.0,21767.2,,,,,0.0,0.0,11658.7
5839.89,100.0,21784.3,,,,,100.0,100.0,11668.7
5840.89,100.0,21801.3,,,,,100.0,100.0,11659.0
5841.89,100.0,21901.3,,,,,100.0,100.0,11674.6
5842.89,0.0,21901.3,,,,,0.0,0.0,11674.6
5843.89,100.0,21867.5,,,,,100.0,100.0,11677.0
5844.9,100.0,21833.3,,,,,100.0,100.0,11677.2
5845.9,0.0,21833.3,,,,,0.0,0.0,11677.2
5846.9,100.0,21799.1,,,,,100.0,100.0,11677.2
5847.9,100.0,21699.0,,,,,100.0,100.0,11671.4
5848.9,0.0,21733.1,,,,,0.0,0.0,11660.0
5849.9,100.0,21750.2,,,,,100.0,100.0,11668.2
5850.9,100.0,21767.2,,,,,100.0,100.0,11673.1
5851.9,0.0,21818.3,,,,,0.0,0.0,11659.1
5852.9,100.0,21835.3,,,,,100.0,100.0,11673.7
5853.9,100.0,21901.3,,,,,100.0,100.0,11676.0
5854.9,100.0,21867.5,,,,,100.0,100.0,11678.1
5855.9,0.0,21867.5,,,,,0.0,0.0,11678.1
5856.9,100.0,21833.3,,,,,100.0,100.0,11678.3
5857.9,100.0,21799.1,,,,,100.0,100.0,11678.3
5858.9,100.0,21698.9,,,,,100.0,100.0,11657.9
5859.9,0.0,21699.0,,,,,0.0,0.0,11669.6
5860.9,100.0,21733.1,,,,,100.0,100.0,11659.5
5861.9,0.0,21767.2,,,,,0.0,0.0,11667.5
5862.9,100.0,21801.3,,,,,100.0,100.0,11658.8
5863.9,100.0,21801.3,,,,,100.0,100.0,11665.2
5864.9,100.0,21901.3,,,,,100.0,100.0,11676.9
5865.9,0.0,21901.3,,,,,0.0,0.0,11676.9
5866.9,100.0,21867.5,,,,,100.0,100.0,11679.2
5867.9,100.0,21833.3,,,,,100.0,100.0,11679.4
5868.9,100.0,21799.1,,,,,100.0,100.0,11679.4
5869.9,0.0,21799.1,,,,,0.0,0.0,11679.4
5870.9,100.0,21699.0,,,,,100.0,100.0,11674.0
5871.9,0.0,21733.1,,,,,0.0,0.0,11668.3
5872.9,100.0,21767.2,,,,,100.0,100.0,11674.9
5873.9,100.0,21767.2,,,,,100.0,100.0,11665.4
5874.9,100.0,21801.3,,,,,100.0,100.0,11675.6
5875.9,0.0,21835.3,,,,,0.0,0.0,11676.0
5876.9,100.0,21901.3,,,,,100.0,100.0,11678.0
5877.9,100.0,21867.5,,,,,100.0,100.0,11684.1
5878.9,100.0,21833.3,,,,,100.0,100.0,11684.2
5879.9,0.0,21833.3,,,,,0.0,0.0,11684.2
5880.9,100.0,21799.1,,,,,100.0,100.0,11684.2
5881.9,100.0,21698.9,,,,,100.0,100.0,11669.7
5882.9,0.0,21733.1,,,,,0.0,0.0,11663.2
5883.9,100.0,21733.1,,,,,100.0,100.0,11669.3
5884.9,100.0,21767.2,,,,,100.0,100.0,11679.7
5885.9,0.0,21801.3,,,,,0.0,0.0,11669.5
5886.9,100.0,21835.3,,,,,100.0,100.0,11680.5
5887.9,100.0,21901.3,,,,,100.0,100.0,11682.9
5888.9,100.0,21867.5,,,,,100.0,100.0,11685.3
5889.9,0.0,21867.5,,,,,0.0,0.0,11685.3
5890.9,100.0,21833.3,,,,,100.0,100.0,11685.5
5891.9,100.0,21799.1,,,,,100.0,100.0,11685.5
5892.9,100.0,21698.9,,,,,100.0,100.0,11685.7
5893.9,0.0,21699.0,,,,,0.0,0.0,11669.5
5894.9,100.0,21733.1,,,,,100.0,100.0,11672.1
5895.9,0.0,21767.2,,,,,0.0,0.0,11670.9
5896.9,100.0,21801.3,,,,,100.0,100.0,11681.6
5897.9,100.0,21801.3,,,,,100.0,100.0,11670.9
5898.9,100.0,21901.3,,,,,100.0,100.0,11684.2
5899.9,0.0,21901.3,,,,,0.0,0.0,11684.2
5900.9,100.0,21867.5,,,,,100.0,100.0,11686.4
5901.9,100.0,21833.3,,,,,100.0,100.0,11686.6
5902.9,100.0,21799.1,,,,,100.0,100.0,11686.6
5903.9,0.0,21799.1,,,,,0.0,0.0,11686.6
5904.9,100.0,21699.0,,,,,100.0,100.0,11681.0
5905.9,0.0,21733.1,,,,,0.0,0.0,11671.1
5906.9,100.0,21767.2,,,,,100.0,100.0,11681.7
5907.9,100.0,21767.2,,,,,100.0,100.0,11669.8
5908.9,100.0,21784.3,,,,,100.0,100.0,11678.3
5909.9,0.0,21835.3,,,,,0.0,0.0,11683.1
5910.9,100.0,21901.3,,,,,100.0,100.0,11685.3
5911.9,100.0,21867.5,,,,,100.0,100.0,11687.4
5912.9,100.0,21833.3,,,,,100.0,100.0,11687.5
5913.9,0.0,21833.3,,,,,0.0,0.0,11687.5
5914.9,100.0,21799.1,,,,,100.0,100.0,11687.5
5915.9,100.0,21698.9,,,,,100.0,100.0,11668.8
5916.91,0.0,21733.1,,,,,0.0,0.0,11682.2
5917.91,100.0,21733.1,,,,,100.0,100.0,11670.5
5918.91,100.0,21750.2,,,,,100.0,100.0,11682.6
5919.91,0.0,21801.3,,,,,0.0,0.0,11670.7
5920.91,100.0,21801.3,,,,,100.0,100.0,11678.2
5921.91,100.0,21901.3,,,,,100.0,100.0,11686.3
5922.91,100.0,21867.5,,,,,100.0,100.0,11688.6
5923.91,0.0,21867.5,,,,,0.0,0.0,11688.6
5924.91,100.0,21833.3,,,,,100.0,100.0,11688.8
5925.91,100.0,21799.1,,,,,100.0,100.0,11688.8
5926.91,100.0,21698.9,,,,,100.0,100.0,11689.0
5927.91,0.0,21699.0,,,,,0.0,0.0,11683.4
5928.91,100.0,21733.1,,,,,100.0,100.0,11683.7
5929.91,0.0,21767.2,,,,,0.0,0.0,11673.9
5930.91,100.0,21767.2,,,,,100.0,100.0,11679.2
5931.91,100.0,21801.3,,,,,100.0,100.0,11669.7
5932.91,100.0,21901.3,,,,,100.0,100.0,11687.6
5933.91,0.0,21901.3,,,,,0.0,0.0,11687.6
5934.91,100.0,21867.5,,,,,100.0,100.0,11689.9
5935.91,100.0,21833.3,,,,,100.0,100.0,11690.1
5936.91,0.0,21833.3,,,,,0.0,0.0,11690.1
5937.91,100.0,21799.1,,,,,100.0,100.0,11690.1
5938.91,100.0,21699.0,,,,,100.0,100.0,11684.0
5939.91,0.0,21733.1,,,,,0.0,0.0,11672.0
5940.91,100.0,21750.2,,,,,100.0,100.0,11682.4
5941.91,100.0,21767.2,,,,,100.0,100.0,11685.8
5942.91,0.0,21801.3,,,,,0.0,0.0,11679.3
5943.91,100.0,21835.3,,,,,100.0,100.0,11686.3
5944.91,100.0,21901.3,,,,,100.0,100.0,11688.6
5945.91,100.0,21867.5,,,,,100.0,100.0,11690.9
5946.91,0.0,21867.5,,,,,0.0,0.0,11690.9
5947.91,100.0,21833.3,,,,,100.0,100.0,11691.1
5948.91,100.0,21799.1,,,,,100.0,100.0,11691.1
5949.91,100.0,21698.9,,,,,100.0,100.0,11691.2
5950.91,0.0,21716.1,,,,,0.0,0.0,11684.8
5951.91,100.0,21733.1,,,,,100.0,100.0,11672.2
5952.91,0.0,21767.2,,,,,0.0,0.0,11678.7
5953.91,100.0,21801.3,,,,,100.0,100.0,11669.6
5954.91,100.0,21801.3,,,,,100.0,100.0,11675.9
5955.91,100.0,21901.3,,,,,100.0,100.0,11689.7
5956.91,0.0,21901.3,,,,,0.0,0.0,11689.7
5957.91,100.0,21867.5,,,,,100.0,100.0,11692.0
5958.91,100.0,21833.3,,,,,100.0,100.0,11692.2
5959.91,100.0,21799.1,,,,,100.0,100.0,11692.2
5960.91,0.0,21799.1,,,,,0.0,0.0,11692.2
5961.91,100.0,21699.0,,,,,100.0,100.0,11686.7
5962.91,0.0,21733.1,,,,,0.0,0.0,11681.6
5963.91,100.0,21767.2,,,,,100.0,100.0,11687.5
5964.91,100.0,21767.2,,,,,100.0,100.0,11679.0
5965.91,100.0,21801.3,,,,,100.0,100.0,11679.6
5966.91,0.0,21835.3,,,,,0.0,0.0,11688.6
5967.91,100.0,21901.3,,,,,100.0,100.0,11690.7
5968.91,100.0,21867.5,,,,,100.0,100.0,11693.0
5969.91,100.0,21833.3,,,,,100.0,100.0,11693.1
5970.91,0.0,21833.3,,,,,0.0,0.0,11693.1
5971.91,100.0,21799.1,,,,,100.0,100.0,11693.1
5972.91,100.0,21698.9,,,,,100.0,100.0,11679.2
5973.91,0.0,21733.1,,,,,0.0,0.0,11673.8
5974.91,100.0,21733.1,,,,,100.0,100.0,11678.4
5975.91,100.0,21767.2,,,,,100.0,100.0,11688.4
5976.91,0.0,21801.3,,,,,0.0,0.0,11678.1
5977.91,100.0,21818.3,,,,,100.0,100.0,11689.1
5978.91,100.0,21901.3,,,,,100.0,100.0,11691.7
5979.91,100.0,21867.5,,,,,100.0,100.0,11693.9
5980.91,0.0,21867.5,,,,,0.0,0.0,11693.9
5981.91,100.0,21833.3,,,,,100.0,100.0,11694.1
5982.91,100.0,21799.1,,,,,100.0,100.0,11694.1
5983.91,100.0,21698.9,,,,,100.0,100.0,11694.3
5984.91,0.0,21699.0,,,,,0.0,0.0,11677.6
5985.92,100.0,21733.1,,,,,100.0,100.0,11673.2
5986.92,0.0,21767.2,,,,,0.0,0.0,11678.0
5987.92,100.0,21801.3,,,,,100.0,100.0,11681.4
5988.92,100.0,21801.3,,,,,100.0,100.0,11685.3
5989.92,100.0,21901.3,,,,,100.0,100.0,11692.9
5990.92,0.0,21901.3,,,,,0.0,0.0,11692.9
5991.92,100.0,21867.5,,,,,100.0,100.0,11695.2
5992.92,100.0,21833.3,,,,,100.0,100.0,11695.4
5993.92,100.0,21799.1,,,,,100.0,100.0,11695.4
5994.92,0.0,21799.1,,,,,0.0,0.0,11695.4
5995.92,100.0,21699.0,,,,,100.0,100.0,11689.7
5996.92,0.0,21733.1,,,,,0.0,0.0,11680.1
5997.92,100.0,21767.2,,,,,100.0,100.0,11690.7
5998.92,100.0,21767.2,,,,,100.0,100.0,11679.7
5999.92,100.0,21784.3,,,,,100.0,100.0,11690.2
6000.92,0.0,21835.3,,,,,0.0,0.0,11691.9
6001.92,100.0,21901.3,,,,,100.0,100.0,11694.1
6002.92,100.0,21867.5,,,,,100.0,100.0,11696.2
6003.92,100.0,21833.3,,,,,100.0,100.0,11696.4
6004.92,0.0,21833.3,,,,,0.0,0.0,11696.4
6005.92,100.0,21799.1,,,,,100.0,100.0,11696.4
6006.92,100.0,21698.9,,,,,100.0,100.0,11677.9
6007.92,0.0,21733.1,,,,,0.0,0.0,11690.9
6008.92,100.0,21733.1,,,,,100.0,100.0,11678.2
6009.92,100.0,21750.2,,,,,100.0,100.0,11690.3
6010.92,0.0,21801.3,,,,,0.0,0.0,11679.2
6011.92,100.0,21801.3,,,,,100.0,100.0,11686.6
6012.92,100.0,21901.3,,,,,100.0,100.0,11695.1
6013.92,100.0,21867.5,,,,,100.0,100.0,11697.5
6014.92,0.0,21867.5,,,,,0.0,0.0,11697.5
6015.92,100.0,21833.3,,,,,100.0,100.0,11697.7
6016.92,100.0,21799.1,,,,,100.0,100.0,11697.7
6017.92,100.0,21698.9,,,,,100.0,100.0,11697.9
6018.92,0.0,21699.0,,,,,0.0,0.0,11680.8
6019.92,100.0,21733.1,,,,,100.0,100.0,11692.7
6020.92,0.0,21767.2,,,,,0.0,0.0,11679.7
6021.92,100.0,21784.3,,,,,100.0,100.0,11691.6
6022.92,100.0,21801.3,,,,,100.0,100.0,11687.0
6023.92,100.0,21901.3,,,,,100.0,100.0,11696.6
6024.92,0.0,21901.3,,,,,0.0,0.0,11696.6
6025.92,100.0,21867.5,,,,,100.0,100.0,11698.8
6026.92,100.0,21833.3,,,,,100.0,100.0,11699.0
6027.92,100.0,21799.1,,,,,100.0,100.0,11699.0
6028.92,0.0,21799.1,,,,,0.0,0.0,11699.0
6029.92,100.0,21699.0,,,,,100.0,100.0,11693.2
6030.92,0.0,21733.1,,,,,0.0,0.0,11680.8
6031.92,100.0,21733.1,,,,,100.0,100.0,11690.2
6032.92,100.0,21767.2,,,,,100.0,100.0,11694.4
6033.92,100.0,21767.2,,,,,100.0,100.0,11688.4
6034.92,0.0,21835.3,,,,,0.0,0.0,11695.6
6035.92,100.0,21901.3,,,,,100.0,100.0,11697.6
6036.92,100.0,21867.5,,,,,100.0,100.0,11699.9
6037.92,0.0,21867.5,,,,,0.0,0.0,11699.9
6038.92,100.0,21833.3,,,,,100.0,100.0,11700.1
6039.92,100.0,21799.1,,,,,100.0,100.0,11700.1
6040.92,100.0,21698.9,,,,,100.0,100.0,11700.3
6041.92,0.0,21699.0,,,,,0.0,0.0,11690.5
6042.92,100.0,21733.1,,,,,100.0,100.0,11679.5
6043.92,0.0,21767.2,,,,,0.0,0.0,11688.6
6044.92,100.0,21801.3,,,,,100.0,100.0,11680.5
6045.92,100.0,21801.3,,,,,100.0,100.0,11688.4
6046.92,100.0,21901.3,,,,,100.0,100.0,11699.0
6047.92,0.0,21901.3,,,,,0.0,0.0,11699.0
6048.92,100.0,21867.5,,,,,100.0,100.0,11701.5
6049.92,100.0,21833.3,,,,,100.0,100.0,11701.7
6050.92,100.0,21799.1,,,,,100.0,100.0,11701.7
6051.92,0.0,21799.1,,,,,0.0,0.0,11701.7
6052.92,100.0,21699.0,,,,,100.0,100.0,11696.0
6053.92,0.0,21733.1,,,,,0.0,0.0,11689.5
6054.92,100.0,21767.2,,,,,100.0,100.0,11697.0
6055.93,100.0,21767.2,,,,,100.0,100.0,11686.9
6056.93,100.0,21801.3,,,,,100.0,100.0,11697.9
6057.93,0.0,21835.3,,,,,0.0,0.0,11698.3
6058.93,100.0,21901.3,,,,,100.0,100.0,11700.5
6059.93,100.0,21867.5,,,,,100.0,100.0,11702.7
6060.93,100.0,21833.3,,,,,100.0,100.0,11702.8
6061.93,0.0,21833.3,,,,,0.0,0.0,11702.8
6062.93,100.0,21799.1,,,,,100.0,100.0,11702.8
6063.93,100.0,21698.9,,,,,100.0,100.0,11688.6
6064.93,0.0,21733.1,,,,,0.0,0.0,11681.4
6065.93,100.0,21733.1,,,,,100.0,100.0,11687.5
6066.93,100.0,21767.2,,,,,100.0,100.0,11698.4
6067.93,0.0,21801.3,,,,,0.0,0.0,11687.7
6068.93,100.0,21818.3,,,,,100.0,100.0,11693.9
6069.93,100.0,21901.3,,,,,100.0,100.0,11701.4
6070.93,100.0,21867.5,,,,,100.0,100.0,11703.6
6071.93,0.0,21867.5,,,,,0.0,0.0,11703.6
6072.93,100.0,21833.3,,,,,100.0,100.0,11703.8
6073.93,100.0,21799.1,,,,,100.0,100.0,11703.9
6074.93,100.0,21698.9,,,,,100.0,100.0,11704.1
6075.93,0.0,21699.0,,,,,0.0,0.0,11689.0
6076.93,100.0,21733.1,,,,,100.0,100.0,11690.2
6077.93,0.0,21767.2,,,,,0.0,0.0,11694.5
6078.93,100.0,21801.3,,,,,100.0,100.0,11691.3
6079.93,100.0,21801.3,,,,,100.0,100.0,11687.1
6080.93,100.0,21901.3,,,,,100.0,100.0,11702.5
6081.93,0.0,21901.3,,,,,0.0,0.0,11702.5
6082.93,100.0,21867.5,,,,,100.0,100.0,11704.9
6083.93,100.0,21833.3,,,,,100.0,100.0,11705.1
6084.93,100.0,21799.1,,,,,100.0,100.0,11705.1
6085.93,0.0,21799.1,,,,,0.0,0.0,11705.1
6086.93,100.0,21699.0,,,,,100.0,100.0,11699.6
6087.93,0.0,21733.1,,,,,0.0,0.0,11688.8
6088.93,100.0,21767.2,,,,,100.0,100.0,11700.4
6089.93,100.0,21767.2,,,,,100.0,100.0,11688.5
6090.93,100.0,21784.3,,,,,100.0,100.0,11700.4
6091.93,0.0,21835.3,,,,,0.0,0.0,11701.9
6092.93,100.0,21901.3,,,,,100.0,100.0,11704.0
6093.93,100.0,21867.5,,,,,100.0,100.0,11706.4
6094.93,100.0,21833.3,,,,,100.0,100.0,11706.6
6095.93,0.0,21833.3,,,,,0.0,0.0,11706.6
6096.93,100.0,21799.1,,,,,100.0,100.0,11706.6
6097.93,100.0,21698.9,,,,,100.0,100.0,11687.6
6098.93,0.0,21733.1,,,,,0.0,0.0,11681.7
6099.93,100.0,21733.1,,,,,100.0,100.0,11688.3
6100.93,100.0,21750.2,,,,,100.0,100.0,11700.5
6101.93,0.0,21801.3,,,,,0.0,0.0,11688.9
6102.93,100.0,21801.3,,,,,100.0,100.0,11696.1
6103.93,100.0,21901.3,,,,,100.0,100.0,11705.3
6104.93,100.0,21867.5,,,,,100.0,100.0,11707.5
6105.93,0.0,21867.5,,,,,0.0,0.0,11707.5
6106.93,100.0,21833.3,,,,,100.0,100.0,11707.6
6107.93,100.0,21799.1,,,,,100.0,100.0,11707.7
6108.93,100.0,21698.9,,,,,100.0,100.0,11707.8
6109.93,0.0,21699.0,,,,,0.0,0.0,11689.9
6110.93,100.0,21733.1,,,,,100.0,100.0,11702.7
6111.93,0.0,21767.2,,,,,0.0,0.0,11695.6
6112.93,100.0,21801.3,,,,,100.0,100.0,11703.4
6113.93,100.0,21801.3,,,,,100.0,100.0,11689.0
6114.93,100.0,21901.3,,,,,100.0,100.0,11706.2
6115.93,0.0,21901.3,,,,,0.0,0.0,11706.2
6116.93,100.0,21867.5,,,,,100.0,100.0,11708.6
6117.93,100.0,21833.3,,,,,100.0,100.0,11708.8
6118.93,100.0,21799.1,,,,,100.0,100.0,11708.8
6119.93,0.0,21799.1,,,,,0.0,0.0,11708.8
6120.93,100.0,21699.0,,,,,100.0,100.0,11703.0
6121.93,0.0,21733.1,,,,,0.0,0.0,11690.2
6122.93,100.0,21733.1,,,,,100.0,100.0,11698.1
6123.93,100.0,21767.2,,,,,100.0,100.0,11688.1
6124.93,0.0,21801.3,,,,,0.0,0.0,11695.2
6125.94,100.0,21835.3,,,,,100.0,100.0,11705.0
6126.94,100.0,21901.3,,,,,100.0,100.0,11707.3
6127.94,100.0,21867.5,,,,,100.0,100.0,11709.5
6128.94,0.0,21867.5,,,,,0.0,0.0,11709.5
6129.94,100.0,21833.3,,,,,100.0,100.0,11709.7
6130.94,100.0,21799.1,,,,,100.0,100.0,11709.7
6131.94,100.0,21698.9,,,,,100.0,100.0,11709.8
6132.94,0.0,21716.0,,,,,0.0,0.0,11701.8
6133.94,100.0,21733.1,,,,,100.0,100.0,11696.9
6134.94,0.0,21767.2,,,,,0.0,0.0,11696.9
6135.94,100.0,21801.3,,,,,100.0,100.0,11687.8
6136.94,100.0,21801.3,,,,,100.0,100.0,11694.4
6137.94,100.0,21901.3,,,,,100.0,100.0,11708.3
6138.94,0.0,21901.3,,,,,0.0,0.0,11708.3
6139.94,100.0,21867.5,,,,,100.0,100.0,11710.5
6140.94,100.0,21833.3,,,,,100.0,100.0,11710.6
6141.94,100.0,21799.1,,,,,100.0,100.0,11710.7
6142.94,0.0,21799.1,,,,,0.0,0.0,11710.7
6143.94,100.0,21699.0,,,,,100.0,100.0,11691.2
6144.94,0.0,21733.1,,,,,0.0,0.0,11699.9
6145.94,100.0,21767.2,,,,,100.0,100.0,11706.1
6146.94,100.0,21767.2,,,,,100.0,100.0,11696.7
6147.94,100.0,21801.3,,,,,100.0,100.0,11706.7
6148.94,0.0,21835.3,,,,,0.0,0.0,11707.1
6149.94,100.0,21901.3,,,,,100.0,100.0,11709.2
6150.94,100.0,21867.5,,,,,100.0,100.0,11711.6
6151.94,100.0,21833.3,,,,,100.0,100.0,11711.7
6152.94,0.0,21833.3,,,,,0.0,0.0,11711.7
6153.94,100.0,21799.1,,,,,100.0,100.0,11711.7
6154.94,100.0,21698.9,,,,,100.0,100.0,11697.5
6155.94,0.0,21733.1,,,,,0.0,0.0,11690.8
6156.94,100.0,21733.1,,,,,100.0,100.0,11696.9
6157.94,100.0,21767.2,,,,,100.0,100.0,11707.4
6158.94,0.0,21801.3,,,,,0.0,0.0,11696.3
6159.94,100.0,21835.3,,,,,100.0,100.0,11708.0
6160.94,100.0,21901.3,,,,,100.0,100.0,11710.2
6161.94,100.0,21867.5,,,,,100.0,100.0,11712.4
6162.94,0.0,21867.5,,,,,0.0,0.0,11712.4
6163.94,100.0,21833.3,,,,,100.0,100.0,11712.6
6164.94,100.0,21799.1,,,,,100.0,100.0,11712.6
6165.94,100.0,21698.9,,,,,100.0,100.0,11712.8
6166.94,0.0,21699.0,,,,,0.0,0.0,11698.3
6167.94,100.0,21733.1,,,,,100.0,100.0,11698.7
6168.94,0.0,21767.2,,,,,0.0,0.0,11697.1
6169.94,100.0,21801.3,,,,,100.0,100.0,11689.7
6170.94,100.0,21801.3,,,,,100.0,100.0,11695.6
6171.94,100.0,21901.3,,,,,100.0,100.0,11711.2
6172.94,0.0,21901.3,,,,,0.0,0.0,11711.2
6173.94,100.0,21867.5,,,,,100.0,100.0,11713.9
6174.94,100.0,21833.3,,,,,100.0,100.0,11714.1
6175.94,100.0,21799.1,,,,,100.0,100.0,11714.1
6176.94,0.0,21799.1,,,,,0.0,0.0,11714.1
6177.94,100.0,21699.0,,,,,100.0,100.0,11708.4
6178.94,0.0,21733.1,,,,,0.0,0.0,11697.5
6179.94,100.0,21767.2,,,,,100.0,100.0,11709.3
6180.94,100.0,21767.2,,,,,100.0,100.0,11697.7
6181.94,100.0,21784.3,,,,,100.0,100.0,11709.1
6182.94,0.0,21835.3,,,,,0.0,0.0,11710.9
6183.94,100.0,21901.3,,,,,100.0,100.0,11712.9
6184.94,100.0,21867.5,,,,,100.0,100.0,11715.2
6185.94,100.0,21833.3,,,,,100.0,100.0,11715.4
6186.94,0.0,21833.3,,,,,0.0,0.0,11715.4
6187.94,100.0,21799.1,,,,,100.0,100.0,11715.4
6188.94,100.0,21698.9,,,,,100.0,100.0,11696.3
6189.94,0.0,21733.1,,,,,0.0,0.0,11690.5
6190.94,100.0,21733.1,,,,,100.0,100.0,11696.7
6191.94,100.0,21750.2,,,,,100.0,100.0,11708.5
6192.94,0.0,21801.3,,,,,0.0,0.0,11698.0
6193.94,100.0,21818.3,,,,,100.0,100.0,11706.6
6194.94,100.0,21901.3,,,,,100.0,100.0,11713.6
6195.95,100.0,21867.5,,,,,100.0,100.0,11716.0
6196.95,0.0,21867.5,,,,,0.0,0.0,11716.0
6197.95,100.0,21833.3,,,,,100.0,100.0,11716.2
6198.95,100.0,21799.1,,,,,100.0,100.0,11716.2
6199.95,100.0,21698.9,,,,,100.0,100.0,11716.3
6200.95,0.0,21699.0,,,,,0.0,0.0,11698.5
6201.95,100.0,21733.1,,,,,100.0,100.0,11711.0
6202.95,0.0,21767.2,,,,,0.0,0.0,11711.5
6203.95,100.0,21784.3,,,,,100.0,100.0,11699.6
6204.95,100.0,21801.3,,,,,100.0,100.0,11706.0
6205.95,100.0,21901.3,,,,,100.0,100.0,11714.6
6206.95,0.0,21901.3,,,,,0.0,0.0,11714.6
6207.95,100.0,21867.5,,,,,100.0,100.0,11717.0
6208.95,100.0,21833.3,,,,,100.0,100.0,11717.2
6209.95,100.0,21799.1,,,,,100.0,100.0,11717.2
6210.95,0.0,21799.1,,,,,0.0,0.0,11717.2
6211.95,100.0,21699.0,,,,,100.0,100.0,11711.6
6212.95,0.0,21733.1,,,,,0.0,0.0,11698.9
6213.95,100.0,21750.2,,,,,100.0,100.0,11708.0
6214.95,100.0,21767.2,,,,,100.0,100.0,11697.0
6215.95,100.0,21784.3,,,,,100.0,100.0,11707.1
6216.95,0.0,21835.3,,,,,0.0,0.0,11713.6
6217.95,100.0,21901.3,,,,,100.0,100.0,11715.9
6218.95,100.0,21867.5,,,,,100.0,100.0,11718.0
6219.95,0.0,21867.5,,,,,0.0,0.0,11718.0
6220.95,100.0,21833.3,,,,,100.0,100.0,11718.2
6221.95,100.0,21799.1,,,,,100.0,100.0,11718.2
6222.95,100.0,21698.9,,,,,100.0,100.0,11718.5
6223.95,0.0,21716.1,,,,,0.0,0.0,11711.4
6224.95,100.0,21733.1,,,,,100.0,100.0,11705.4
6225.95,0.0,21767.2,,,,,0.0,0.0,11707.3
6226.95,100.0,21801.3,,,,,100.0,100.0,11697.7
6227.95,100.0,21801.3,,,,,100.0,100.0,11702.8
6228.95,100.0,21901.3,,,,,100.0,100.0,11716.9
6229.95,0.0,21901.3,,,,,0.0,0.0,11716.9
6230.95,100.0,21867.5,,,,,100.0,100.0,11719.2
6231.95,100.0,21833.3,,,,,100.0,100.0,11719.4
6232.95,100.0,21799.1,,,,,100.0,100.0,11719.4
6233.95,0.0,21799.1,,,,,0.0,0.0,11719.4
6234.95,100.0,21699.0,,,,,100.0,100.0,11699.1
6235.95,0.0,21733.1,,,,,0.0,0.0,11708.3
6236.95,100.0,21767.2,,,,,100.0,100.0,11714.8
6237.95,100.0,21767.2,,,,,100.0,100.0,11705.5
6238.95,100.0,21801.3,,,,,100.0,100.0,11715.7
6239.95,0.0,21835.3,,,,,0.0,0.0,11716.0
6240.95,100.0,21901.3,,,,,100.0,100.0,11718.1
6241.95,100.0,21867.5,,,,,100.0,100.0,11720.6
6242.95,100.0,21833.3,,,,,100.0,100.0,11720.8
6243.95,0.0,21833.3,,,,,0.0,0.0,11720.8
6244.95,100.0,21799.1,,,,,100.0,100.0,11720.8
6245.95,100.0,21698.9,,,,,100.0,100.0,11706.3
6246.95,0.0,21733.1,,,,,0.0,0.0,11698.8
6247.95,100.0,21733.1,,,,,100.0,100.0,11703.7
6248.95,100.0,21767.2,,,,,100.0,100.0,11696.7
6249.95,0.0,21801.3,,,,,0.0,0.0,11703.8
6250.95,100.0,21818.3,,,,,100.0,100.0,11716.9
6251.95,100.0,21901.3,,,,,100.0,100.0,11719.7
6252.95,100.0,21867.5,,,,,100.0,100.0,11722.1
6253.95,0.0,21867.5,,,,,0.0,0.0,11722.1
6254.95,100.0,21833.3,,,,,100.0,100.0,11722.3
6255.95,100.0,21799.1,,,,,100.0,100.0,11722.3
6256.95,100.0,21698.9,,,,,100.0,100.0,11722.5
6257.95,0.0,21699.0,,,,,0.0,0.0,11706.5
6258.95,100.0,21733.1,,,,,100.0,100.0,11716.8
6259.95,0.0,21767.2,,,,,0.0,0.0,11705.4
6260.95,100.0,21784.3,,,,,100.0,100.0,11717.6
6261.95,100.0,21801.3,,,,,100.0,100.0,11711.9
6262.95,100.0,21901.3,,,,,100.0,100.0,11721.0
6263.95,0.0,21901.3,,,,,0.0,0.0,11721.0
6264.95,100.0,21867.5,,,,,100.0,100.0,11723.2
6265.96,100.0,21833.3,,,,,100.0,100.0,11723.4
6266.96,100.0,21799.1,,,,,100.0,100.0,11723.4
6267.96,0.0,21799.1,,,,,0.0,0.0,11723.4
6268.96,100.0,21699.0,,,,,100.0,100.0,11717.7
6269.96,0.0,21733.1,,,,,0.0,0.0,11706.4
6270.96,100.0,21767.2,,,,,100.0,100.0,11718.2
6271.96,100.0,21767.2,,,,,100.0,100.0,11706.2
6272.96,100.0,21784.3,,,,,100.0,100.0,11715.3
6273.96,0.0,21835.3,,,,,0.0,0.0,11719.6
6274.96,100.0,21901.3,,,,,100.0,100.0,11721.7
6275.96,100.0,21867.5,,,,,100.0,100.0,11723.9
6276.96,100.0,21833.3,,,,,100.0,100.0,11724.1
6277.96,0.0,21833.3,,,,,0.0,0.0,11724.1
6278.96,100.0,21799.1,,,,,100.0,100.0,11724.1
6279.96,100.0,21698.9,,,,,100.0,100.0,11706.2
6280.96,0.0,21733.1,,,,,0.0,0.0,11718.7
6281.96,100.0,21733.1,,,,,100.0,100.0,11705.2
6282.96,100.0,21733.1,,,,,100.0,100.0,11716.9
6283.96,0.0,21801.3,,,,,0.0,0.0,11705.6
6284.96,100.0,21818.3,,,,,100.0,100.0,11716.4
6285.96,100.0,21901.3,,,,,100.0,100.0,11722.8
6286.96,100.0,21867.5,,,,,100.0,100.0,11724.8
6287.96,0.0,21867.5,,,,,0.0,0.0,11724.8
6288.96,100.0,21833.3,,,,,100.0,100.0,11725.0
6289.96,100.0,21799.1,,,,,100.0,100.0,11725.0
6290.96,100.0,21698.9,,,,,100.0,100.0,11725.2
6291.96,0.0,21699.0,,,,,0.0,0.0,11706.2
6292.96,100.0,21716.1,,,,,100.0,100.0,11717.9
6293.96,0.0,21767.2,,,,,0.0,0.0,11720.8
6294.96,100.0,21767.2,,,,,100.0,100.0,11711.9
6295.96,100.0,21801.3,,,,,100.0,100.0,11721.4
6296.96,100.0,21901.3,,,,,100.0,100.0,11723.8
6297.96,0.0,21901.3,,,,,0.0,0.0,11723.8
6298.96,100.0,21867.5,,,,,100.0,100.0,11725.9
6299.96,100.0,21833.3,,,,,100.0,100.0,11726.1
6300.96,0.0,21833.3,,,,,0.0,0.0,11726.1
6301.96,100.0,21799.1,,,,,100.0,100.0,11726.1
6302.96,100.0,21682.0,,,,,100.0,100.0,11719.3
6303.96,0.0,21733.1,,,,,0.0,0.0,11706.1
6304.96,100.0,21750.2,,,,,100.0,100.0,11715.7
6305.96,100.0,21767.2,,,,,100.0,100.0,11715.2
6306.96,0.0,21818.3,,,,,0.0,0.0,11722.7
6307.96,100.0,21818.3,,,,,100.0,100.0,11720.4
6308.96,100.0,21901.3,,,,,100.0,100.0,11725.0
6309.96,100.0,21867.5,,,,,100.0,100.0,11727.2
6310.96,0.0,21867.5,,,,,0.0,0.0,11727.2
6311.96,100.0,21833.3,,,,,100.0,100.0,11727.4
6312.96,100.0,21799.1,,,,,100.0,100.0,11727.4
6313.96,100.0,21698.9,,,,,100.0,100.0,11727.7
6314.96,0.0,21699.0,,,,,0.0,0.0,11716.0
6315.96,100.0,21733.1,,,,,100.0,100.0,11722.3
6316.96,0.0,21767.2,,,,,0.0,0.0,11712.9
6317.96,100.0,21801.3,,,,,100.0,100.0,11723.3
6318.96,100.0,21801.3,,,,,100.0,100.0,11718.3
6319.96,100.0,21901.3,,,,,100.0,100.0,11726.2
6320.96,0.0,21901.3,,,,,0.0,0.0,11726.2
6321.96,100.0,21867.5,,,,,100.0,100.0,11728.4
6322.96,100.0,21833.3,,,,,100.0,100.0,11728.6
6323.96,100.0,21799.1,,,,,100.0,100.0,11728.6
6324.96,0.0,21799.1,,,,,0.0,0.0,11728.6
6325.96,100.0,21699.0,,,,,100.0,100.0,11706.2
6326.96,0.0,21733.1,,,,,0.0,0.0,11714.1
6327.96,100.0,21767.2,,,,,100.0,100.0,11723.5
6328.96,100.0,21767.2,,,,,100.0,100.0,11712.7
6329.96,100.0,21801.3,,,,,100.0,100.0,11724.4
6330.96,0.0,21835.3,,,,,0.0,0.0,11724.7
6331.96,100.0,21901.3,,,,,100.0,100.0,11726.9
6332.96,100.0,21867.5,,,,,100.0,100.0,11729.2
6333.96,100.0,21833.3,,,,,100.0,100.0,11729.2
6334.96,0.0,21833.3,,,,,0.0,0.0,11729.2
6335.97,100.0,21799.1,,,,,100.0,100.0,11729.2
6336.97,100.0,21698.9,,,,,100.0,100.0,11713.5
6337.97,0.0,21733.1,,,,,0.0,0.0,11716.8
6338.97,100.0,21733.1,,,,,100.0,100.0,11719.9
6339.97,100.0,21767.2,,,,,100.0,100.0,11716.1
6340.97,0.0,21801.3,,,,,0.0,0.0,11712.5
6341.97,100.0,21818.3,,,,,100.0,100.0,11722.4
6342.97,100.0,21901.3,,,,,100.0,100.0,11728.2
6343.97,100.0,21867.5,,,,,100.0,100.0,11730.4
6344.97,0.0,21867.5,,,,,0.0,0.0,11730.4
6345.97,100.0,21833.3,,,,,100.0,100.0,11730.6
6346.97,100.0,21799.1,,,,,100.0,100.0,11730.6
6347.97,100.0,21698.9,,,,,100.0,100.0,11730.7
6348.97,0.0,21699.0,,,,,0.0,0.0,11712.9
6349.97,100.0,21733.1,,,,,100.0,100.0,11724.5
6350.97,0.0,21767.2,,,,,0.0,0.0,11712.6
6351.97,100.0,21784.3,,,,,100.0,100.0,11723.9
6352.97,100.0,21801.3,,,,,100.0,100.0,11725.8
6353.97,100.0,21901.3,,,,,100.0,100.0,11728.3
6354.97,0.0,21901.3,,,,,0.0,0.0,11728.3
6355.97,100.0,21867.5,,,,,100.0,100.0,11730.7
6356.97,100.0,21833.3,,,,,100.0,100.0,11730.9
6357.97,100.0,21799.1,,,,,100.0,100.0,11730.9
6358.97,0.0,21799.1,,,,,0.0,0.0,11730.9
6359.97,100.0,21699.0,,,,,100.0,100.0,11711.5
6360.97,0.0,21733.1,,,,,0.0,0.0,11718.7
6361.97,100.0,21750.2,,,,,100.0,100.0,11719.8
6362.97,100.0,21767.2,,,,,100.0,100.0,11721.0
6363.97,0.0,21818.3,,,,,0.0,0.0,11726.7
6364.97,100.0,21818.3,,,,,100.0,100.0,11722.3
6365.97,100.0,21901.3,,,,,100.0,100.0,11729.1
6366.97,100.0,21867.5,,,,,100.0,100.0,11731.6
6367.97,0.0,21867.5,,,,,0.0,0.0,11731.6
6368.97,100.0,21833.3,,,,,100.0,100.0,11731.8
6369.97,100.0,21799.1,,,,,100.0,100.0,11731.8
6370.97,100.0,21698.9,,,,,100.0,100.0,11707.2
6371.97,0.0,21699.0,,,,,0.0,0.0,11715.3
6372.97,100.0,21733.1,,,,,100.0,100.0,11726.6
6373.97,0.0,21767.2,,,,,0.0,0.0,11716.7
6374.97,100.0,21784.3,,,,,100.0,100.0,11726.2
6375.97,100.0,21801.3,,,,,100.0,100.0,11716.9
6376.97,100.0,21901.3,,,,,100.0,100.0,11730.4
6377.97,0.0,21901.3,,,,,0.0,0.0,11730.4
6378.97,100.0,21867.5,,,,,100.0,100.0,11733.1
6379.97,100.0,21833.3,,,,,100.0,100.0,11733.3
6380.97,100.0,21799.1,,,,,100.0,100.0,11733.3
6381.97,0.0,21799.1,,,,,0.0,0.0,11733.3
6382.97,100.0,21699.0,,,,,100.0,100.0,11727.7
6383.97,0.0,21733.1,,,,,0.0,0.0,11722.1
6384.97,100.0,21767.2,,,,,100.0,100.0,11728.6
6385.97,100.0,21767.2,,,,,100.0,100.0,11722.5
6386.97,100.0,21784.3,,,,,100.0,100.0,11725.5
6387.97,0.0,21835.3,,,,,0.0,0.0,11729.9
6388.97,100.0,21901.3,,,,,100.0,100.0,11732.1
6389.97,100.0,21867.5,,,,,100.0,100.0,11734.4
6390.97,100.0,21833.3,,,,,100.0,100.0,11734.6
6391.97,0.0,21833.3,,,,,0.0,0.0,11734.6
6392.97,100.0,21799.1,,,,,100.0,100.0,11734.6
6393.97,100.0,21698.9,,,,,100.0,100.0,11716.5
6394.97,0.0,21733.1,,,,,0.0,0.0,11729.1
6395.97,100.0,21733.1,,,,,100.0,100.0,11718.7
6396.97,100.0,21750.2,,,,,100.0,100.0,11717.9
6397.97,0.0,21801.3,,,,,0.0,0.0,11726.3
6398.97,100.0,21818.3,,,,,100.0,100.0,11726.0
6399.97,100.0,21901.3,,,,,100.0,100.0,11733.1
6400.97,100.0,21867.2,,,,,100.0,100.0,11734.2
6401.97,0.0,21867.5,,,,,0.0,0.0,11735.6
6402.97,100.0,21833.3,,,,,100.0,100.0,11735.7
6403.97,100.0,21799.1,,,,,100.0,100.0,11735.7
6404.97,0.0,21799.1,,,,,0.0,0.0,11735.7
6405.97,100.0,21699.0,,,,,100.0,100.0,11716.7
6406.98,0.0,21750.2,,,,,0.0,0.0,11728.3
6407.98,100.0,21767.2,,,,,100.0,100.0,11718.7
6408.98,100.0,21767.2,,,,,100.0,100.0,11723.8
6409.98,100.0,21801.3,,,,,100.0,100.0,11715.5
6410.98,0.0,21835.3,,,,,0.0,0.0,11732.7
6411.98,100.0,21901.3,,,,,100.0,100.0,11734.8
6412.98,100.0,21867.5,,,,,100.0,100.0,11736.7
6413.98,100.0,21833.3,,,,,100.0,100.0,11736.9
6414.98,0.0,21833.3,,,,,0.0,0.0,11736.9
6415.98,100.0,21799.1,,,,,100.0,100.0,11736.9
6416.98,100.0,21698.9,,,,,100.0,100.0,11727.5
6417.98,0.0,21733.1,,,,,0.0,0.0,11731.4
6418.98,100.0,21733.1,,,,,100.0,100.0,11726.2
6419.98,100.0,21767.2,,,,,100.0,100.0,11725.2
6420.98,0.0,21801.3,,,,,0.0,0.0,11725.5
6421.98,100.0,21835.3,,,,,100.0,100.0,11733.5
6422.98,100.0,21901.3,,,,,100.0,100.0,11735.6
6423.98,100.0,21867.5,,,,,100.0,100.0,11738.1
6424.98,0.0,21867.5,,,,,0.0,0.0,11738.1
6425.98,100.0,21833.3,,,,,100.0,100.0,11738.3
6426.98,100.0,21799.1,,,,,100.0,100.0,11738.3
6427.98,100.0,21698.9,,,,,100.0,100.0,11718.3
6428.98,0.0,21699.0,,,,,0.0,0.0,11727.6
6429.98,100.0,21733.1,,,,,100.0,100.0,11718.6
6430.98,0.0,21767.2,,,,,0.0,0.0,11727.5
6431.98,100.0,21801.3,,,,,100.0,100.0,11734.4
6432.98,100.0,21801.3,,,,,100.0,100.0,11725.1
6433.98,100.0,21901.3,,,,,100.0,100.0,11736.9
6434.98,0.0,21901.3,,,,,0.0,0.0,11736.9
6435.98,100.0,21867.5,,,,,100.0,100.0,11739.6
6436.98,100.0,21833.3,,,,,100.0,100.0,11739.7
6437.98,100.0,21799.1,,,,,100.0,100.0,11739.7
6438.98,0.0,21799.1,,,,,0.0,0.0,11739.7
6439.98,100.0,21699.0,,,,,100.0,100.0,11734.2
6440.98,0.0,21733.1,,,,,0.0,0.0,11726.1
6441.98,100.0,21767.2,,,,,100.0,100.0,11718.2
6442.98,100.0,21767.2,,,,,100.0,100.0,11725.6
6443.98,100.0,21801.3,,,,,100.0,100.0,11735.9
6444.98,0.0,21835.3,,,,,0.0,0.0,11736.2
6445.98,100.0,21901.3,,,,,100.0,100.0,11738.4
6446.98,100.0,21867.5,,,,,100.0,100.0,11740.7
6447.98,100.0,21833.3,,,,,100.0,100.0,11740.9
6448.98,0.0,21833.3,,,,,0.0,0.0,11740.9
6449.98,100.0,21799.1,,,,,100.0,100.0,11740.9
6450.98,100.0,21698.9,,,,,100.0,100.0,11725.1
6451.98,0.0,21733.1,,,,,0.0,0.0,11735.4
6452.98,100.0,21733.1,,,,,100.0,100.0,11726.2
6453.98,100.0,21767.2,,,,,100.0,100.0,11736.6
6454.98,0.0,21801.3,,,,,0.0,0.0,11726.3
6455.98,100.0,21818.3,,,,,100.0,100.0,11735.3
6456.98,100.0,21901.3,,,,,100.0,100.0,11739.5
6457.98,100.0,21867.5,,,,,100.0,100.0,11741.8
6458.98,0.0,21867.5,,,,,0.0,0.0,11741.8
6459.98,100.0,21833.3,,,,,100.0,100.0,11742.0
6460.98,100.0,21799.1,,,,,100.0,100.0,11742.0
6461.98,100.0,21698.9,,,,,100.0,100.0,11717.1
6462.98,0.0,21699.0,,,,,0.0,0.0,11725.5
6463.98,100.0,21733.1,,,,,100.0,100.0,11737.3
6464.98,0.0,21767.2,,,,,0.0,0.0,11725.2
6465.98,100.0,21784.3,,,,,100.0,100.0,11737.5
6466.98,100.0,21801.3,,,,,100.0,100.0,11725.5
6467.98,100.0,21901.3,,,,,100.0,100.0,11740.6
6468.98,0.0,21901.3,,,,,0.0,0.0,11740.6
6469.98,100.0,21867.5,,,,,100.0,100.0,11743.0
6470.98,100.0,21833.3,,,,,100.0,100.0,11743.2
6471.98,100.0,21799.1,,,,,100.0,100.0,11743.2
6472.98,0.0,21799.1,,,,,0.0,0.0,11743.2
6473.98,100.0,21699.0,,,,,100.0,100.0,11737.5
6474.98,0.0,21733.1,,,,,0.0,0.0,11732.1
6475.98,100.0,21750.2,,,,,100.0,100.0,11728.0
6476.99,100.0,21767.2,,,,,100.0,100.0,11733.2
6477.99,100.0,21784.3,,,,,100.0,100.0,11735.0
6478.99,0.0,21835.3,,,,,0.0,0.0,11739.8
6479.99,100.0,21901.3,,,,,100.0,100.0,11741.8
6480.99,100.0,21867.5,,,,,100.0,100.0,11744.1
6481.99,100.0,21833.3,,,,,100.0,100.0,11744.2
6482.99,0.0,21833.3,,,,,0.0,0.0,11744.2
6483.99,100.0,21799.1,,,,,100.0,100.0,11744.3
6484.99,100.0,21698.9,,,,,100.0,100.0,11726.6
6485.99,0.0,21733.1,,,,,0.0,0.0,11738.7
6486.99,100.0,21733.1,,,,,100.0,100.0,11727.5
6487.99,100.0,21750.2,,,,,100.0,100.0,11737.9
6488.99,0.0,21801.3,,,,,0.0,0.0,11740.3
6489.99,100.0,21801.3,,,,,100.0,100.0,11734.6
6490.99,100.0,21901.3,,,,,100.0,100.0,11742.7
6491.99,100.0,21867.3,,,,,100.0,100.0,11744.2
6492.99,0.0,21867.5,,,,,0.0,0.0,11745.3
6493.99,100.0,21833.3,,,,,100.0,100.0,11745.5
6494.99,100.0,21799.1,,,,,100.0,100.0,11745.5
6495.99,0.0,21799.1,,,,,0.0,0.0,11745.5
6496.99,100.0,21699.0,,,,,100.0,100.0,11726.4
6497.99,0.0,21733.1,,,,,0.0,0.0,11738.0
6498.99,100.0,21767.2,,,,,100.0,100.0,11727.6
6499.99,100.0,21767.2,,,,,100.0,100.0,11735.0
6500.99,100.0,21801.3,,,,,100.0,100.0,11726.8
6501.99,0.0,21835.3,,,,,0.0,0.0,11742.1
6502.99,100.0,21901.3,,,,,100.0,100.0,11744.2
6503.99,100.0,21867.5,,,,,100.0,100.0,11746.7
6504.99,100.0,21833.3,,,,,100.0,100.0,11746.9
6505.99,0.0,21833.3,,,,,0.0,0.0,11746.9
6506.99,100.0,21799.1,,,,,100.0,100.0,11746.9
6507.99,100.0,21698.9,,,,,100.0,100.0,11737.5
6508.99,0.0,21733.1,,,,,0.0,0.0,11741.5
6509.99,100.0,21733.1,,,,,100.0,100.0,11735.9
6510.99,100.0,21767.2,,,,,100.0,100.0,11742.2
6511.99,0.0,21801.3,,,,,0.0,0.0,11733.8
6512.99,100.0,21835.3,,,,,100.0,100.0,11743.2
6513.99,100.0,21901.3,,,,,100.0,100.0,11745.5
6514.99,100.0,21867.5,,,,,100.0,100.0,11747.7
6515.99,0.0,21867.5,,,,,0.0,0.0,11747.7
6516.99,100.0,21833.3,,,,,100.0,100.0,11747.9
6517.99,100.0,21799.1,,,,,100.0,100.0,11747.9
6518.99,100.0,21698.9,,,,,100.0,100.0,11727.9
6519.99,0.0,21699.0,,,,,0.0,0.0,11735.7
6520.99,100.0,21733.1,,,,,100.0,100.0,11726.1
6521.99,0.0,21767.2,,,,,0.0,0.0,11733.5
6522.99,100.0,21801.3,,,,,100.0,100.0,11744.2
6523.99,100.0,21801.3,,,,,100.0,100.0,11735.1
6524.99,100.0,21901.3,,,,,100.0,100.0,11746.6
6525.99,0.0,21901.3,,,,,0.0,0.0,11746.6
6526.99,100.0,21867.5,,,,,100.0,100.0,11749.1
6527.99,100.0,21833.3,,,,,100.0,100.0,11749.3
6528.99,100.0,21799.1,,,,,100.0,100.0,11749.3
6529.99,0.0,21799.1,,,,,0.0,0.0,11749.3
6530.99,100.0,21699.0,,,,,100.0,100.0,11743.7
6531.99,0.0,21733.1,,,,,0.0,0.0,11735.2
6532.99,100.0,21767.2,,,,,100.0,100.0,11736.4
6533.99,100.0,21767.2,,,,,100.0,100.0,11739.5
6534.99,100.0,21784.3,,,,,100.0,100.0,11736.5
6535.99,0.0,21835.3,,,,,0.0,0.0,11745.7
6536.99,100.0,21901.3,,,,,100.0,100.0,11747.9
6537.99,100.0,21867.5,,,,,100.0,100.0,11750.2
6538.99,100.0,21833.3,,,,,100.0,100.0,11750.4
6539.99,0.0,21833.3,,,,,0.0,0.0,11750.4
6540.99,100.0,21799.1,,,,,100.0,100.0,11750.4
6541.99,100.0,21698.9,,,,,100.0,100.0,11733.7
6542.99,0.0,21733.1,,,,,0.0,0.0,11745.0
6543.99,100.0,21733.1,,,,,100.0,100.0,11735.1
6545.0,100.0,21767.2,,,,,100.0,100.0,11745.7
6546.0,0.0,21801.3,,,,,0.0,0.0,11735.0
6547.0,100.0,21818.3,,,,,100.0,100.0,11744.9
6548.0,100.0,21901.3,,,,,100.0,100.0,11749.0
6549.0,100.0,21867.5,,,,,100.0,100.0,11751.4
6550.0,0.0,21867.5,,,,,0.0,0.0,11751.4
6551.0,100.0,21833.3,,,,,100.0,100.0,11751.6
6552.0,100.0,21799.1,,,,,100.0,100.0,11751.6
6553.0,100.0,21698.9,,,,,100.0,100.0,11751.8
6554.0,0.0,21699.0,,,,,0.0,0.0,11734.8
6555.0,100.0,21733.1,,,,,100.0,100.0,11746.4
6556.0,0.0,21767.2,,,,,0.0,0.0,11735.0
6557.0,100.0,21784.3,,,,,100.0,100.0,11745.7
6558.0,100.0,21801.3,,,,,100.0,100.0,11734.3
6559.0,100.0,21901.3,,,,,100.0,100.0,11750.1
6560.0,0.0,21901.3,,,,,0.0,0.0,11750.1
6561.0,100.0,21867.5,,,,,100.0,100.0,11752.8
6562.0,100.0,21833.3,,,,,100.0,100.0,11752.9
6563.0,100.0,21799.1,,,,,100.0,100.0,11752.9
6564.0,0.0,21799.1,,,,,0.0,0.0,11752.9
6565.0,100.0,21699.0,,,,,100.0,100.0,11747.3
6566.0,0.0,21733.1,,,,,0.0,0.0,11736.7
6567.0,100.0,21767.2,,,,,100.0,100.0,11747.9
6568.0,100.0,21767.2,,,,,100.0,100.0,11748.3
6569.0,100.0,21767.2,,,,,100.0,100.0,11744.5
6570.0,0.0,21835.3,,,,,0.0,0.0,11749.3
6571.0,100.0,21901.3,,,,,100.0,100.0,11751.6
6572.0,100.0,21867.5,,,,,100.0,100.0,11754.3
6573.0,100.0,21833.3,,,,,100.0,100.0,11754.5
6574.0,0.0,21833.3,,,,,0.0,0.0,11754.5
6575.0,100.0,21799.1,,,,,100.0,100.0,11754.5
6576.0,100.0,21698.9,,,,,100.0,100.0,11735.6
6577.0,0.0,21733.1,,,,,0.0,0.0,11748.9
6578.0,100.0,21733.1,,,,,100.0,100.0,11736.6
6579.0,100.0,21733.1,,,,,100.0,100.0,11744.0
6580.0,0.0,21801.3,,,,,0.0,0.0,11750.7
6581.0,100.0,21801.3,,,,,100.0,100.0,11742.4
6582.0,100.0,21901.3,,,,,100.0,100.0,11753.0
6583.0,0.0,21901.3,,,,,0.0,0.0,11753.0
6584.0,100.0,21867.5,,,,,100.0,100.0,11755.3
6585.0,100.0,21833.3,,,,,100.0,100.0,11755.5
6586.0,100.0,21799.1,,,,,100.0,100.0,11755.5
6587.0,0.0,21799.1,,,,,0.0,0.0,11755.5
6588.0,100.0,21699.0,,,,,100.0,100.0,11742.8
6589.0,0.0,21750.2,,,,,0.0,0.0,11747.6
6590.0,100.0,21767.2,,,,,100.0,100.0,11743.8
6591.0,100.0,21767.2,,,,,100.0,100.0,11742.5
6592.0,100.0,21801.3,,,,,100.0,100.0,11733.9
6593.0,0.0,21835.3,,,,,0.0,0.0,11752.0
6594.0,100.0,21901.3,,,,,100.0,100.0,11754.1
6595.0,100.0,21867.5,,,,,100.0,100.0,11756.4
6596.0,100.0,21833.3,,,,,100.0,100.0,11756.5
6597.0,0.0,21833.3,,,,,0.0,0.0,11756.5
6598.0,100.0,21799.1,,,,,100.0,100.0,11756.5
6599.0,100.0,21698.9,,,,,100.0,100.0,11746.7
6600.0,0.0,21733.1,,,,,0.0,0.0,11751.2
6601.0,100.0,21733.1,,,,,100.0,100.0,11743.9
6602.0,100.0,21767.2,,,,,100.0,100.0,11752.1
6603.01,0.0,21801.3,,,,,0.0,0.0,11744.2
6604.01,100.0,21835.3,,,,,100.0,100.0,11753.0
6605.01,100.0,21901.3,,,,,100.0,100.0,11755.4
6606.01,100.0,21867.5,,,,,100.0,100.0,11757.6
6607.01,0.0,21867.5,,,,,0.0,0.0,11757.6
6608.01,100.0,21833.3,,,,,100.0,100.0,11757.8
6609.01,100.0,21799.1,,,,,100.0,100.0,11757.8
6610.01,100.0,21698.9,,,,,100.0,100.0,11735.5
6611.01,0.0,21699.0,,,,,0.0,0.0,11746.5
6612.01,100.0,21733.1,,,,,100.0,100.0,11738.6
6613.01,0.0,21767.2,,,,,0.0,0.0,11745.8
6614.01,100.0,21801.3,,,,,100.0,100.0,11754.1
6615.01,100.0,21801.3,,,,,100.0,100.0,11744.1
6616.01,100.0,21901.3,,,,,100.0,100.0,11756.7
6617.01,0.0,21901.3,,,,,0.0,0.0,11756.7
6618.01,100.0,21867.5,,,,,100.0,100.0,11758.7
6619.01,100.0,21833.3,,,,,100.0,100.0,11758.9
6620.01,100.0,21799.1,,,,,100.0,100.0,11758.9
6621.01,0.0,21799.1,,,,,0.0,0.0,11758.9
6622.01,100.0,21699.0,,,,,100.0,100.0,11753.2
6623.01,0.0,21733.1,,,,,0.0,0.0,11745.0
6624.01,100.0,21767.2,,,,,100.0,100.0,11754.1
6625.01,100.0,21767.2,,,,,100.0,100.0,11748.8
6626.01,100.0,21801.3,,,,,100.0,100.0,11754.8
6627.01,0.0,21835.3,,,,,0.0,0.0,11755.3
6628.01,100.0,21901.3,,,,,100.0,100.0,11757.4
6629.01,100.0,21867.5,,,,,100.0,100.0,11759.6
6630.01,100.0,21833.3,,,,,100.0,100.0,11759.8
6631.01,0.0,21833.3,,,,,0.0,0.0,11759.8
6632.01,100.0,21799.1,,,,,100.0,100.0,11759.8
6633.01,100.0,21698.9,,,,,100.0,100.0,11743.0
6634.01,0.0,21733.1,,,,,0.0,0.0,11754.4
6635.01,100.0,21733.1,,,,,100.0,100.0,11743.9
6636.01,100.0,21767.2,,,,,100.0,100.0,11755.1
6637.01,0.0,21801.3,,,,,0.0,0.0,11744.4
6638.01,100.0,21818.3,,,,,100.0,100.0,11752.3
6639.01,100.0,21901.3,,,,,100.0,100.0,11758.5
6640.01,100.0,21867.5,,,,,100.0,100.0,11760.8
6641.01,0.0,21867.5,,,,,0.0,0.0,11760.8
6642.01,100.0,21833.3,,,,,100.0,100.0,11761.0
6643.01,100.0,21799.1,,,,,100.0,100.0,11761.0
6644.01,100.0,21698.9,,,,,100.0,100.0,11761.1
6645.01,0.0,21699.0,,,,,0.0,0.0,11743.3
6646.01,100.0,21733.1,,,,,100.0,100.0,11736.8
6647.01,0.0,21767.2,,,,,0.0,0.0,11744.1
6648.01,100.0,21801.3,,,,,100.0,100.0,11757.0
6649.01,100.0,21801.3,,,,,100.0,100.0,11745.1
6650.01,100.0,21901.3,,,,,100.0,100.0,11759.5
6651.01,0.0,21901.3,,,,,0.0,0.0,11759.5
6652.01,100.0,21867.5,,,,,100.0,100.0,11761.8
6653.01,100.0,21833.3,,,,,100.0,100.0,11762.0
6654.01,100.0,21799.1,,,,,100.0,100.0,11762.0
6655.01,0.0,21799.1,,,,,0.0,0.0,11762.0
6656.01,100.0,21699.0,,,,,100.0,100.0,11756.4
6657.01,0.0,21733.1,,,,,0.0,0.0,11745.0
6658.01,100.0,21750.2,,,,,100.0,100.0,11755.2
6659.01,100.0,21767.2,,,,,100.0,100.0,11755.4
6660.01,100.0,21784.3,,,,,100.0,100.0,11754.1
6661.01,0.0,21835.3,,,,,0.0,0.0,11758.6
6662.01,100.0,21901.3,,,,,100.0,100.0,11760.6
6663.01,100.0,21867.5,,,,,100.0,100.0,11763.2
6664.01,100.0,21833.3,,,,,100.0,100.0,11763.3
6665.01,0.0,21833.3,,,,,0.0,0.0,11763.3
6666.01,100.0,21799.1,,,,,100.0,100.0,11763.3
6667.01,100.0,21698.9,,,,,100.0,100.0,11743.2
6668.01,0.0,21716.1,,,,,0.0,0.0,11756.0
6669.01,100.0,21733.1,,,,,100.0,100.0,11745.0
6670.01,0.0,21767.2,,,,,0.0,0.0,11753.2
6671.02,100.0,21801.3,,,,,100.0,100.0,11744.1
6672.02,100.0,21818.3,,,,,100.0,100.0,11753.2
6673.02,100.0,21901.3,,,,,100.0,100.0,11762.0
6674.02,0.0,21901.3,,,,,0.0,0.0,11762.0
6675.02,100.0,21867.5,,,,,100.0,100.0,11764.1
6676.02,100.0,21833.3,,,,,100.0,100.0,11764.3
6677.02,100.0,21799.1,,,,,100.0,100.0,11764.3
6678.02,0.0,21799.1,,,,,0.0,0.0,11764.3
6679.02,100.0,21699.0,,,,,100.0,100.0,11758.9
6680.02,0.0,21733.1,,,,,0.0,0.0,11753.5
6681.02,100.0,21767.2,,,,,100.0,100.0,11752.7
6682.02,100.0,21767.2,,,,,100.0,100.0,11752.7
6683.02,100.0,21801.3,,,,,100.0,100.0,11744.3
6684.02,0.0,21835.3,,,,,0.0,0.0,11760.9
6685.02,100.0,21901.3,,,,,100.0,100.0,11763.0
6686.02,100.0,21867.5,,,,,100.0,100.0,11764.9
6687.02,100.0,21833.3,,,,,100.0,100.0,11765.1
6688.02,0.0,21833.3,,,,,0.0,0.0,11765.1
6689.02,100.0,21799.1,,,,,100.0,100.0,11765.1
6690.02,100.0,21698.9,,,,,100.0,100.0,11751.9
6691.02,0.0,21733.1,,,,,0.0,0.0,11759.6
6692.02,100.0,21733.1,,,,,100.0,100.0,11752.2
6693.02,100.0,21767.2,,,,,100.0,100.0,11760.9
6694.02,0.0,21801.3,,,,,0.0,0.0,11752.7
6695.02,100.0,21818.3,,,,,100.0,100.0,11760.1
6696.02,100.0,21901.3,,,,,100.0,100.0,11763.6
6697.02,100.0,21867.5,,,,,100.0,100.0,11765.9
6698.02,0.0,21867.5,,,,,0.0,0.0,11765.9
6699.02,100.0,21833.3,,,,,100.0,100.0,11766.1
6700.02,100.0,21799.1,,,,,100.0,100.0,11766.1
6701.02,100.0,21698.9,,,,,100.0,100.0,11766.3
6702.02,0.0,21699.0,,,,,0.0,0.0,11750.2
6703.02,100.0,21733.1,,,,,100.0,100.0,11752.1
6704.02,0.0,21767.2,,,,,0.0,0.0,11756.8
6705.02,100.0,21784.3,,,,,100.0,100.0,11761.7
6706.02,100.0,21801.3,,,,,100.0,100.0,11749.1
6707.02,100.0,21901.3,,,,,100.0,100.0,11764.9
6708.02,0.0,21901.3,,,,,0.0,0.0,11764.9
6709.02,100.0,21867.5,,,,,100.0,100.0,11766.8
6710.02,100.0,21833.3,,,,,100.0,100.0,11767.0
6711.02,100.0,21799.1,,,,,100.0,100.0,11767.0
6712.02,0.0,21799.1,,,,,0.0,0.0,11767.0
6713.02,100.0,21699.0,,,,,100.0,100.0,11761.2
6714.02,0.0,21733.1,,,,,0.0,0.0,11751.7
6715.02,100.0,21767.2,,,,,100.0,100.0,11762.3
6716.02,100.0,21767.2,,,,,100.0,100.0,11762.4
6717.02,100.0,21801.3,,,,,100.0,100.0,11763.2
6718.02,0.0,21835.3,,,,,0.0,0.0,11763.4
6719.02,100.0,21901.3,,,,,100.0,100.0,11765.5
6720.02,100.0,21867.5,,,,,100.0,100.0,11767.9
6721.02,100.0,21833.3,,,,,100.0,100.0,11768.1
6722.02,0.0,21833.3,,,,,0.0,0.0,11768.1
6723.02,100.0,21799.1,,,,,100.0,100.0,11768.1
6724.02,100.0,21698.9,,,,,100.0,100.0,11749.9
6725.02,0.0,21733.1,,,,,0.0,0.0,11762.7
6726.02,100.0,21733.1,,,,,100.0,100.0,11751.5
6727.02,100.0,21767.2,,,,,100.0,100.0,11763.9
6728.02,0.0,21801.3,,,,,0.0,0.0,11753.0
6729.02,100.0,21818.3,,,,,100.0,100.0,11760.9
6730.02,100.0,21901.3,,,,,100.0,100.0,11766.8
6731.02,100.0,21867.5,,,,,100.0,100.0,11769.1
6732.02,0.0,21867.5,,,,,0.0,0.0,11769.1
6733.02,100.0,21833.3,,,,,100.0,100.0,11769.3
6734.02,100.0,21799.1,,,,,100.0,100.0,11769.3
6735.02,100.0,21698.9,,,,,100.0,100.0,11769.5
6736.02,0.0,21699.0,,,,,0.0,0.0,11763.6
6737.02,100.0,21733.1,,,,,100.0,100.0,11763.5
6738.02,0.0,21767.2,,,,,0.0,0.0,11757.8
6739.03,100.0,21767.2,,,,,100.0,100.0,11759.9
6740.03,100.0,21801.3,,,,,100.0,100.0,11758.8
6741.03,100.0,21901.3,,,,,100.0,100.0,11767.9
6742.03,0.0,21901.3,,,,,0.0,0.0,11767.9
6743.03,100.0,21867.5,,,,,100.0,100.0,11770.1
6744.03,100.0,21833.3,,,,,100.0,100.0,11770.3
6745.03,100.0,21799.1,,,,,100.0,100.0,11770.3
6746.03,0.0,21799.1,,,,,0.0,0.0,11770.3
6747.03,100.0,21699.0,,,,,100.0,100.0,11764.6
6748.03,0.0,21733.1,,,,,0.0,0.0,11752.0
6749.03,100.0,21750.2,,,,,100.0,100.0,11763.0
6750.03,100.0,21767.2,,,,,100.0,100.0,11765.5
6751.03,100.0,21767.2,,,,,100.0,100.0,11761.4
6752.03,0.0,21835.3,,,,,0.0,0.0,11766.6
6753.03,100.0,21901.3,,,,,100.0,100.0,11768.6
6754.03,100.0,21867.5,,,,,100.0,100.0,11771.1
6755.03,0.0,21867.5,,,,,0.0,0.0,11771.1
6756.03,100.0,21833.3,,,,,100.0,100.0,11771.3
6757.03,100.0,21799.1,,,,,100.0,100.0,11771.3
6758.03,100.0,21698.9,,,,,100.0,100.0,11749.9
6759.03,0.0,21716.1,,,,,0.0,0.0,11763.9
6760.03,100.0,21733.1,,,,,100.0,100.0,11752.5
6761.03,0.0,21767.2,,,,,0.0,0.0,11760.5
6762.03,100.0,21801.3,,,,,100.0,100.0,11752.2
6763.03,100.0,21801.3,,,,,100.0,100.0,11760.3
6764.03,100.0,21901.3,,,,,100.0,100.0,11770.2
6765.03,0.0,21901.3,,,,,0.0,0.0,11770.2
6766.03,100.0,21867.5,,,,,100.0,100.0,11772.5
6767.03,100.0,21833.3,,,,,100.0,100.0,11772.7
6768.03,100.0,21799.1,,,,,100.0,100.0,11772.7
6769.03,0.0,21799.1,,,,,0.0,0.0,11772.7
6770.03,100.0,21699.0,,,,,100.0,100.0,11767.0
6771.03,0.0,21733.1,,,,,0.0,0.0,11763.0
6772.03,100.0,21767.2,,,,,100.0,100.0,11768.0
6773.03,100.0,21767.2,,,,,100.0,100.0,11758.0
6774.03,100.0,21801.3,,,,,100.0,100.0,11759.5
6775.03,0.0,21835.3,,,,,0.0,0.0,11768.8
6776.03,100.0,21901.3,,,,,100.0,100.0,11770.9
6777.03,100.0,21867.5,,,,,100.0,100.0,11773.3
6778.03,100.0,21833.3,,,,,100.0,100.0,11773.4
6779.03,0.0,21833.3,,,,,0.0,0.0,11773.4
6780.03,100.0,21799.1,,,,,100.0,100.0,11773.5
6781.03,100.0,21698.9,,,,,100.0,100.0,11760.7
6782.03,0.0,21733.1,,,,,0.0,0.0,11754.3
6783.03,100.0,21733.1,,,,,100.0,100.0,11761.3
6784.03,100.0,21767.2,,,,,100.0,100.0,11769.2
6785.03,0.0,21801.3,,,,,0.0,0.0,11759.9
6786.03,100.0,21835.3,,,,,100.0,100.0,11769.8
6787.03,100.0,21901.3,,,,,100.0,100.0,11772.0
6788.03,100.0,21867.5,,,,,100.0,100.0,11774.3
6789.03,0.0,21867.5,,,,,0.0,0.0,11774.3
6790.03,100.0,21833.3,,,,,100.0,100.0,11774.4
6791.03,100.0,21799.1,,,,,100.0,100.0,11774.4
6792.03,100.0,21698.9,,,,,100.0,100.0,11774.6
6793.03,0.0,21699.0,,,,,0.0,0.0,11760.4
6794.03,100.0,21733.1,,,,,100.0,100.0,11761.8
6795.03,0.0,21767.2,,,,,0.0,0.0,11765.0
6796.03,100.0,21784.3,,,,,100.0,100.0,11759.0
6797.03,100.0,21801.3,,,,,100.0,100.0,11764.6
6798.03,100.0,21901.3,,,,,100.0,100.0,11773.4
6799.03,0.0,21901.3,,,,,0.0,0.0,11773.4
6800.03,100.0,21867.5,,,,,100.0,100.0,11775.6
6801.03,100.0,21833.3,,,,,100.0,100.0,11775.8
6802.03,100.0,21799.1,,,,,100.0,100.0,11775.8
6803.03,0.0,21799.1,,,,,0.0,0.0,11775.8
6804.03,100.0,21699.0,,,,,100.0,100.0,11770.1
6805.03,0.0,21733.1,,,,,0.0,0.0,11760.0
6806.03,100.0,21767.2,,,,,100.0,100.0,11770.9
6807.04,100.0,21767.2,,,,,100.0,100.0,11759.0
6808.04,100.0,21784.3,,,,,100.0,100.0,11769.7
6809.04,0.0,21835.3,,,,,0.0,0.0,11772.5
6810.04,100.0,21901.3,,,,,100.0,100.0,11774.5
6811.04,100.0,21867.5,,,,,100.0,100.0,11777.1
6812.04,100.0,21833.3,,,,,100.0,100.0,11777.3
6813.04,0.0,21833.3,,,,,0.0,0.0,11777.3
6814.04,100.0,21799.1,,,,,100.0,100.0,11777.3
6815.04,100.0,21698.9,,,,,100.0,100.0,11758.6
6816.04,0.0,21733.1,,,,,0.0,0.0,11771.5
6817.04,100.0,21733.1,,,,,100.0,100.0,11758.3
6818.04,100.0,21767.2,,,,,100.0,100.0,11772.0
6819.04,0.0,21801.3,,,,,0.0,0.0,11759.9
6820.04,100.0,21801.3,,,,,100.0,100.0,11767.1
6821.04,100.0,21901.3,,,,,100.0,100.0,11775.6
6822.04,100.0,21867.5,,,,,100.0,100.0,11777.8
6823.04,0.0,21867.5,,,,,0.0,0.0,11777.8
6824.04,100.0,21833.3,,,,,100.0,100.0,11778.0
6825.04,100.0,21799.1,,,,,100.0,100.0,11778.0
6826.04,100.0,21698.9,,,,,100.0,100.0,11778.2
6827.04,0.0,21699.0,,,,,0.0,0.0,11760.0
6828.04,100.0,21733.1,,,,,100.0,100.0,11772.9
6829.04,0.0,21767.2,,,,,0.0,0.0,11766.9
6830.04,100.0,21784.3,,,,,100.0,100.0,11770.2
6831.04,100.0,21801.3,,,,,100.0,100.0,11766.9
6832.04,100.0,21901.3,,,,,100.0,100.0,11776.6
6833.04,0.0,21901.3,,,,,0.0,0.0,11776.6
6834.04,100.0,21867.5,,,,,100.0,100.0,11778.8
6835.04,100.0,21833.3,,,,,100.0,100.0,11779.0
6836.04,100.0,21799.1,,,,,100.0,100.0,11779.0
6837.04,0.0,21799.1,,,,,0.0,0.0,11779.0
6838.04,100.0,21699.0,,,,,100.0,100.0,11773.5
6839.04,0.0,21733.1,,,,,0.0,0.0,11760.9
6840.04,100.0,21750.2,,,,,100.0,100.0,11770.1
6841.04,100.0,21767.2,,,,,100.0,100.0,11775.1
6842.04,0.0,21801.3,,,,,0.0,0.0,11767.9
6843.04,100.0,21835.3,,,,,100.0,100.0,11775.8
6844.04,100.0,21901.3,,,,,100.0,100.0,11778.0
6845.04,100.0,21867.5,,,,,100.0,100.0,11780.3
6846.04,0.0,21867.5,,,,,0.0,0.0,11780.3
6847.04,100.0,21833.3,,,,,100.0,100.0,11780.5
6848.04,100.0,21799.1,,,,,100.0,100.0,11780.5
6849.04,100.0,21698.9,,,,,100.0,100.0,11780.7
6850.04,0.0,21716.1,,,,,0.0,0.0,11771.9
6851.04,100.0,21733.1,,,,,100.0,100.0,11768.0
6852.04,0.0,21767.2,,,,,0.0,0.0,11769.0
6853.04,100.0,21801.3,,,,,100.0,100.0,11769.4
6854.04,100.0,21801.3,,,,,100.0,100.0,11773.5
6855.04,100.0,21901.3,,,,,100.0,100.0,11778.8
6856.04,0.0,21901.3,,,,,0.0,0.0,11778.8
6857.04,100.0,21867.5,,,,,100.0,100.0,11781.2
6858.04,100.0,21833.3,,,,,100.0,100.0,11781.4
6859.04,100.0,21799.1,,,,,100.0,100.0,11781.4
6860.04,0.0,21799.1,,,,,0.0,0.0,11781.4
6861.04,100.0,21699.0,,,,,100.0,100.0,11775.8
6862.04,0.0,21733.1,,,,,0.0,0.0,11768.1
6863.04,100.0,21767.2,,,,,100.0,100.0,11776.8
6864.04,100.0,21767.2,,,,,100.0,100.0,11766.6
6865.04,100.0,21784.3,,,,,100.0,100.0,11776.3
6866.04,0.0,21835.3,,,,,0.0,0.0,11777.9
6867.04,100.0,21901.3,,,,,100.0,100.0,11780.1
6868.04,100.0,21867.5,,,,,100.0,100.0,11782.2
6869.04,100.0,21833.3,,,,,100.0,100.0,11782.4
6870.04,0.0,21833.3,,,,,0.0,0.0,11782.4
6871.04,100.0,21799.1,,,,,100.0,100.0,11782.4
6872.04,100.0,21698.9,,,,,100.0,100.0,11767.8
6873.04,0.0,21733.1,,,,,0.0,0.0,11760.3
6874.04,100.0,21733.1,,,,,100.0,100.0,11766.0
6875.04,100.0,21767.2,,,,,100.0,100.0,11777.9
6876.05,0.0,21801.3,,,,,0.0,0.0,11765.7
6877.05,100.0,21818.3,,,,,100.0,100.0,11777.2
6878.05,100.0,21901.3,,,,,100.0,100.0,11781.1
6879.05,100.0,21867.5,,,,,100.0,100.0,11783.4
6880.05,0.0,21867.5,,,,,0.0,0.0,11783.4
6881.05,100.0,21833.3,,,,,100.0,100.0,11783.5
6882.05,100.0,21799.1,,,,,100.0,100.0,11783.5
6883.05,100.0,21698.9,,,,,100.0,100.0,11783.7
6884.05,0.0,21699.0,,,,,0.0,0.0,11768.2
6885.05,100.0,21733.1,,,,,100.0,100.0,11769.3
6886.05,0.0,21767.2,,,,,0.0,0.0,11773.5
6887.05,100.0,21784.3,,,,,100.0,100.0,11769.0
6888.05,100.0,21801.3,,,,,100.0,100.0,11774.0
6889.05,100.0,21901.3,,,,,100.0,100.0,11782.2
6890.05,0.0,21901.3,,,,,0.0,0.0,11782.2
6891.05,100.0,21867.5,,,,,100.0,100.0,11784.4
6892.05,100.0,21833.3,,,,,100.0,100.0,11784.5
6893.05,100.0,21799.1,,,,,100.0,100.0,11784.5
6894.05,0.0,21799.1,,,,,0.0,0.0,11784.5
6895.05,100.0,21699.0,,,,,100.0,100.0,11778.8
6896.05,0.0,21733.1,,,,,0.0,0.0,11767.8
6897.05,100.0,21750.2,,,,,100.0,100.0,11779.1
6898.05,100.0,21767.2,,,,,100.0,100.0,11767.5
6899.05,100.0,21784.3,,,,,100.0,100.0,11775.9
6900.05,0.0,21835.3,,,,,0.0,0.0,11780.9
6901.05,100.0,21901.3,,,,,100.0,100.0,11783.1
6902.05,100.0,21867.5,,,,,100.0,100.0,11785.6
6903.05,100.0,21833.3,,,,,100.0,100.0,11785.8
6904.05,0.0,21833.3,,,,,0.0,0.0,11785.8
6905.05,100.0,21799.1,,,,,100.0,100.0,11785.8
6906.05,100.0,21698.9,,,,,100.0,100.0,11767.1
6907.05,0.0,21733.1,,,,,0.0,0.0,11761.1
6908.05,100.0,21733.1,,,,,100.0,100.0,11767.8
6909.05,100.0,21767.2,,,,,100.0,100.0,11781.0
6910.05,0.0,21801.3,,,,,0.0,0.0,11768.5
6911.05,100.0,21818.3,,,,,100.0,100.0,11777.4
6912.05,100.0,21901.3,,,,,100.0,100.0,11784.7
6913.05,100.0,21867.5,,,,,100.0,100.0,11787.0
6914.05,0.0,21867.5,,,,,0.0,0.0,11787.0
6915.05,100.0,21833.3,,,,,100.0,100.0,11787.2
6916.05,100.0,21799.1,,,,,100.0,100.0,11787.2
6917.05,100.0,21698.9,,,,,100.0,100.0,11787.4
6918.05,0.0,21699.0,,,,,0.0,0.0,11768.8
6919.05,100.0,21716.1,,,,,100.0,100.0,11780.7
6920.05,0.0,21767.2,,,,,0.0,0.0,11782.8
6921.05,100.0,21767.2,,,,,100.0,100.0,11778.1
6922.05,100.0,21801.3,,,,,100.0,100.0,11783.5
6923.05,100.0,21901.3,,,,,100.0,100.0,11786.0
6924.05,0.0,21901.3,,,,,0.0,0.0,11786.0
6925.05,100.0,21867.5,,,,,100.0,100.0,11788.3
6926.05,100.0,21833.3,,,,,100.0,100.0,11788.5
6927.05,0.0,21833.3,,,,,0.0,0.0,11788.5
6928.05,100.0,21799.1,,,,,100.0,100.0,11788.5
6929.05,100.0,21699.0,,,,,100.0,100.0,11782.3
6930.05,0.0,21733.1,,,,,0.0,0.0,11768.8
6931.05,100.0,21733.1,,,,,100.0,100.0,11775.7
6932.05,100.0,21767.2,,,,,100.0,100.0,11766.3
6933.05,0.0,21801.3,,,,,0.0,0.0,11773.1
6934.05,100.0,21835.3,,,,,100.0,100.0,11784.6
6935.05,100.0,21901.3,,,,,100.0,100.0,11786.9
6936.05,100.0,21867.5,,,,,100.0,100.0,11789.6
6937.05,0.0,21867.5,,,,,0.0,0.0,11789.6
6938.05,100.0,21833.3,,,,,100.0,100.0,11789.8
6939.05,100.0,21799.1,,,,,100.0,100.0,11789.8
6940.05,100.0,21698.9,,,,,100.0,100.0,11790.1
6941.05,0.0,21699.0,,,,,0.0,0.0,11781.5
6942.05,100.0,21733.1,,,,,100.0,100.0,11769.0
6943.05,0.0,21767.2,,,,,0.0,0.0,11775.2
6944.05,100.0,21801.3,,,,,100.0,100.0,11767.3
6945.05,100.0,21801.3,,,,,100.0,100.0,11774.1
6946.06,100.0,21901.3,,,,,100.0,100.0,11788.4
6947.06,0.0,21901.3,,,,,0.0,0.0,11788.4
6948.06,100.0,21867.5,,,,,100.0,100.0,11790.8
6949.06,100.0,21833.3,,,,,100.0,100.0,11791.0
6950.06,100.0,21799.1,,,,,100.0,100.0,11791.0
6951.06,0.0,21799.1,,,,,0.0,0.0,11791.0
6952.06,100.0,21699.0,,,,,100.0,100.0,11785.4
6953.06,0.0,21733.1,,,,,0.0,0.0,11779.3
6954.06,100.0,21767.2,,,,,100.0,100.0,11786.3
6955.06,100.0,21767.2,,,,,100.0,100.0,11778.8
6956.06,100.0,21784.3,,,,,100.0,100.0,11778.9
6957.06,0.0,21835.3,,,,,0.0,0.0,11787.9
6958.06,100.0,21901.3,,,,,100.0,100.0,11789.9
6959.06,100.0,21867.5,,,,,100.0,100.0,11792.0
6960.06,100.0,21833.3,,,,,100.0,100.0,11792.2
6961.06,0.0,21833.3,,,,,0.0,0.0,11792.2
6962.06,100.0,21799.1,,,,,100.0,100.0,11792.2
6963.06,100.0,21698.9,,,,,100.0,100.0,11777.0
6964.06,0.0,21733.1,,,,,0.0,0.0,11769.9
6965.06,100.0,21733.1,,,,,100.0,100.0,11777.3
6966.06,100.0,21767.2,,,,,100.0,100.0,11787.5
6967.06,0.0,21801.3,,,,,0.0,0.0,11776.7
6968.06,100.0,21818.3,,,,,100.0,100.0,11787.2
6969.06,100.0,21901.3,,,,,100.0,100.0,11790.6
6970.06,100.0,21867.5,,,,,100.0,100.0,11792.7
6971.06,0.0,21867.5,,,,,0.0,0.0,11792.7
6972.06,100.0,21833.3,,,,,100.0,100.0,11792.8
6973.06,100.0,21799.1,,,,,100.0,100.0,11792.8
6974.06,100.0,21698.9,,,,,100.0,100.0,11793.0
6975.06,0.0,21699.0,,,,,0.0,0.0,11778.0
6976.06,100.0,21733.1,,,,,100.0,100.0,11788.1
6977.06,0.0,21767.2,,,,,0.0,0.0,11782.7
6978.06,100.0,21801.3,,,,,100.0,100.0,11779.5
6979.06,100.0,21801.3,,,,,100.0,100.0,11782.3
6980.06,100.0,21901.3,,,,,100.0,100.0,11791.5
6981.06,0.0,21901.3,,,,,0.0,0.0,11791.5
6982.06,100.0,21867.5,,,,,100.0,100.0,11793.7
6983.06,100.0,21833.3,,,,,100.0,100.0,11793.9
6984.06,100.0,21799.1,,,,,100.0,100.0,11793.9
6985.06,0.0,21799.1,,,,,0.0,0.0,11793.9
6986.06,100.0,21699.0,,,,,100.0,100.0,11788.3
6987.06,0.0,21733.1,,,,,0.0,0.0,11777.3
6988.06,100.0,21767.2,,,,,100.0,100.0,11789.2
6989.06,100.0,21767.2,,,,,100.0,100.0,11777.6
6990.06,100.0,21784.3,,,,,100.0,100.0,11786.0
6991.06,0.0,21835.3,,,,,0.0,0.0,11790.5
6992.06,100.0,21901.3,,,,,100.0,100.0,11792.6
6993.06,100.0,21867.5,,,,,100.0,100.0,11794.7
6994.06,100.0,21833.3,,,,,100.0,100.0,11794.9
6995.06,0.0,21833.3,,,,,0.0,0.0,11794.9
6996.06,100.0,21799.1,,,,,100.0,100.0,11794.9
6997.06,100.0,21698.9,,,,,100.0,100.0,11784.9
6998.06,0.0,21733.1,,,,,0.0,0.0,11770.2
6999.06,100.0,21733.1,,,,,100.0,100.0,11783.4
7000.06,100.0,21750.2,,,,,100.0,100.0,11786.7
7001.06,0.0,21801.3,,,,,0.0,0.0,11785.4
7002.06,100.0,21818.3,,,,,100.0,100.0,11785.4
7003.06,100.0,21901.3,,,,,100.0,100.0,11793.6
7004.06,100.0,21867.5,,,,,100.0,100.0,11795.9
7005.06,0.0,21867.5,,,,,0.0,0.0,11795.9
7006.06,100.0,21833.3,,,,,100.0,100.0,11796.1
7007.06,100.0,21799.1,,,,,100.0,100.0,11796.1
7008.06,100.0,21698.9,,,,,100.0,100.0,11796.3
7009.06,0.0,21699.0,,,,,0.0,0.0,11778.3
7010.06,100.0,21733.1,,,,,100.0,100.0,11791.3
7011.06,0.0,21767.2,,,,,0.0,0.0,11785.7
7012.06,100.0,21784.3,,,,,100.0,100.0,11779.4
7013.07,100.0,21801.3,,,,,100.0,100.0,11786.0
7014.07,100.0,21901.3,,,,,100.0,100.0,11794.9
7015.07,0.0,21901.3,,,,,0.0,0.0,11794.9
7016.07,100.0,21867.5,,,,,100.0,100.0,11797.1
7017.07,100.0,21833.3,,,,,100.0,100.0,11797.3
7018.07,100.0,21799.1,,,,,100.0,100.0,11797.3
7019.07,0.0,21799.1,,,,,0.0,0.0,11797.3
7020.07,100.0,21699.0,,,,,100.0,100.0,11791.5
7021.07,0.0,21733.1,,,,,0.0,0.0,11778.6
7022.07,100.0,21750.2,,,,,100.0,100.0,11791.7
7023.07,100.0,21750.2,,,,,100.0,100.0,11783.5
7024.07,0.0,21818.3,,,,,0.0,0.0,11793.3
7025.07,100.0,21818.3,,,,,100.0,100.0,11788.0
7026.07,100.0,21901.3,,,,,100.0,100.0,11795.3
7027.07,100.0,21867.5,,,,,100.0,100.0,11797.6
7028.07,0.0,21867.5,,,,,0.0,0.0,11797.6
7029.07,100.0,21833.3,,,,,100.0,100.0,11797.8
7030.07,100.0,21799.1,,,,,100.0,100.0,11797.8
7031.07,100.0,21698.9,,,,,100.0,100.0,11798.0
7032.07,0.0,21716.1,,,,,0.0,0.0,11790.8
7033.07,100.0,21733.1,,,,,100.0,100.0,11785.8
7034.07,0.0,21767.2,,,,,0.0,0.0,11786.0
7035.07,100.0,21801.3,,,,,100.0,100.0,11779.1
7036.07,100.0,21801.3,,,,,100.0,100.0,11786.1
7037.07,100.0,21901.3,,,,,100.0,100.0,11796.4
7038.07,0.0,21901.3,,,,,0.0,0.0,11796.4
7039.07,100.0,21867.5,,,,,100.0,100.0,11798.6
7040.07,100.0,21833.3,,,,,100.0,100.0,11798.8
7041.07,100.0,21799.1,,,,,100.0,100.0,11798.8
7042.07,0.0,21799.1,,,,,0.0,0.0,11798.8
7043.07,100.0,21699.0,,,,,100.0,100.0,11779.5
7044.07,0.0,21733.1,,,,,0.0,0.0,11786.6
7045.07,100.0,21767.2,,,,,100.0,100.0,11794.4
7046.07,100.0,21767.2,,,,,100.0,100.0,11785.3
7047.07,100.0,21801.3,,,,,100.0,100.0,11795.0
7048.07,0.0,21835.3,,,,,0.0,0.0,11795.3
7049.07,100.0,21901.3,,,,,100.0,100.0,11797.4
7050.07,100.0,21867.5,,,,,100.0,100.0,11799.7
7051.07,100.0,21833.3,,,,,100.0,100.0,11799.8
7052.07,0.0,21833.3,,,,,0.0,0.0,11799.8
7053.07,100.0,21799.1,,,,,100.0,100.0,11799.8
7054.07,100.0,21698.9,,,,,100.0,100.0,11785.7
7055.07,0.0,21733.1,,,,,0.0,0.0,11778.0
7056.07,100.0,21733.1,,,,,100.0,100.0,11785.1
7057.07,100.0,21767.2,,,,,100.0,100.0,11777.2
7058.07,0.0,21801.3,,,,,0.0,0.0,11784.8
7059.07,100.0,21818.3,,,,,100.0,100.0,11795.8
7060.07,100.0,21901.3,,,,,100.0,100.0,11798.7
7061.07,100.0,21867.5,,,,,100.0,100.0,11800.6
7062.07,0.0,21867.5,,,,,0.0,0.0,11800.6
7063.07,100.0,21833.3,,,,,100.0,100.0,11800.8
7064.07,100.0,21799.1,,,,,100.0,100.0,11800.8
7065.07,100.0,21698.9,,,,,100.0,100.0,11800.9
7066.07,0.0,21699.0,,,,,0.0,0.0,11786.9
7067.07,100.0,21733.1,,,,,100.0,100.0,11795.7
7068.07,0.0,21767.2,,,,,0.0,0.0,11786.2
7069.07,100.0,21801.3,,,,,100.0,100.0,11788.5
7070.07,100.0,21801.3,,,,,100.0,100.0,11792.3
7071.07,100.0,21901.3,,,,,100.0,100.0,11799.6
7072.07,0.0,21901.3,,,,,0.0,0.0,11799.6
7073.07,100.0,21867.5,,,,,100.0,100.0,11801.7
7074.07,100.0,21833.3,,,,,100.0,100.0,11801.9
7075.07,100.0,21799.1,,,,,100.0,100.0,11801.9
7076.07,0.0,21799.1,,,,,0.0,0.0,11801.9
7077.07,100.0,21699.0,,,,,100.0,100.0,11796.2
7078.07,0.0,21733.1,,,,,0.0,0.0,11786.1
7079.07,100.0,21767.2,,,,,100.0,100.0,11797.2
7080.07,100.0,21767.2,,,,,100.0,100.0,11786.1
7081.07,100.0,21784.2,,,,,100.0,100.0,11796.3
7082.07,0.0,21835.3,,,,,0.0,0.0,11798.6
7083.08,100.0,21901.3,,,,,100.0,100.0,11800.6
7084.08,100.0,21867.5,,,,,100.0,100.0,11802.9
7085.08,100.0,21833.3,,,,,100.0,100.0,11803.1
7086.08,0.0,21833.3,,,,,0.0,0.0,11803.1
7087.08,100.0,21799.1,,,,,100.0,100.0,11803.1
7088.08,100.0,21698.9,,,,,100.0,100.0,11786.2
7089.08,0.0,21733.1,,,,,0.0,0.0,11797.8
7090.08,100.0,21733.1,,,,,100.0,100.0,11797.7
7091.08,100.0,21750.2,,,,,100.0,100.0,11795.8
7092.08,0.0,21801.3,,,,,0.0,0.0,11792.7
7093.08,100.0,21801.3,,,,,100.0,100.0,11792.2
7094.08,100.0,21901.3,,,,,100.0,100.0,11801.8
7095.08,100.0,21867.5,,,,,100.0,100.0,11804.2
7096.08,0.0,21867.5,,,,,0.0,0.0,11804.2
7097.08,100.0,21833.3,,,,,100.0,100.0,11804.4
7098.08,100.0,21799.1,,,,,100.0,100.0,11804.4
7099.08,100.0,21698.9,,,,,100.0,100.0,11804.6
7100.08,0.0,21699.0,,,,,0.0,0.0,11787.4
7101.08,100.0,21733.1,,,,,100.0,100.0,11799.3
7102.08,0.0,21767.2,,,,,0.0,0.0,11799.9
7103.08,100.0,21784.3,,,,,100.0,100.0,11799.3
7104.08,100.0,21801.3,,,,,100.0,100.0,11800.7
7105.08,100.0,21901.3,,,,,100.0,100.0,11803.1
7106.08,0.0,21901.3,,,,,0.0,0.0,11803.1
7107.08,100.0,21867.5,,,,,100.0,100.0,11805.4
7108.08,100.0,21833.3,,,,,100.0,100.0,11805.6
7109.08,100.0,21799.1,,,,,100.0,100.0,11805.6
7110.08,0.0,21799.1,,,,,0.0,0.0,11805.6
7111.08,100.0,21699.0,,,,,100.0,100.0,11800.0
7112.08,0.0,21733.1,,,,,0.0,0.0,11788.0
7113.08,100.0,21733.1,,,,,100.0,100.0,11795.1
7114.08,100.0,21767.2,,,,,100.0,100.0,11785.8
7115.08,0.0,21801.3,,,,,0.0,0.0,11791.7
7116.08,100.0,21835.3,,,,,100.0,100.0,11802.0
7117.08,100.0,21901.3,,,,,100.0,100.0,11804.5
7118.08,100.0,21867.5,,,,,100.0,100.0,11806.5
7119.08,0.0,21867.5,,,,,0.0,0.0,11806.5
7120.08,100.0,21833.3,,,,,100.0,100.0,11806.7
7121.08,100.0,21799.1,,,,,100.0,100.0,11806.7
7122.08,100.0,21698.9,,,,,100.0,100.0,11806.9
7123.08,0.0,21716.0,,,,,0.0,0.0,11798.3
7124.08,100.0,21733.1,,,,,100.0,100.0,11801.6
7125.08,0.0,21767.2,,,,,0.0,0.0,11794.5
7126.08,100.0,21801.3,,,,,100.0,100.0,11794.3
7127.08,100.0,21801.3,,,,,100.0,100.0,11797.7
7128.08,100.0,21901.3,,,,,100.0,100.0,11805.4
7129.08,0.0,21901.3,,,,,0.0,0.0,11805.4
7130.08,100.0,21867.5,,,,,100.0,100.0,11807.7
7131.08,100.0,21833.3,,,,,100.0,100.0,11807.9
7132.08,100.0,21799.1,,,,,100.0,100.0,11807.9
7133.08,0.0,21799.1,,,,,0.0,0.0,11807.9
7134.08,100.0,21699.0,,,,,100.0,100.0,11789.0
7135.08,0.0,21733.1,,,,,0.0,0.0,11795.7
7136.08,100.0,21767.2,,,,,100.0,100.0,11803.1
7137.08,100.0,21767.2,,,,,100.0,100.0,11794.4
7138.08,100.0,21801.3,,,,,100.0,100.0,11804.0
7139.08,0.0,21835.3,,,,,0.0,0.0,11804.4
7140.08,100.0,21901.3,,,,,100.0,100.0,11806.5
7141.08,100.0,21867.5,,,,,100.0,100.0,11808.5
7142.08,100.0,21833.3,,,,,100.0,100.0,11808.7
7143.08,0.0,21833.3,,,,,0.0,0.0,11808.7
7144.08,100.0,21799.1,,,,,100.0,100.0,11808.7
7145.08,100.0,21698.9,,,,,100.0,100.0,11794.3
7146.08,0.0,21733.1,,,,,0.0,0.0,11786.4
7147.08,100.0,21733.1,,,,,100.0,100.0,11793.0
7148.08,100.0,21767.2,,,,,100.0,100.0,11785.8
7149.08,0.0,21801.3,,,,,0.0,0.0,11793.2
7150.08,100.0,21835.3,,,,,100.0,100.0,11805.1
7151.08,100.0,21901.3,,,,,100.0,100.0,11807.5
7152.09,100.0,21867.5,,,,,100.0,100.0,11809.8
7153.09,0.0,21867.5,,,,,0.0,0.0,11809.8
7154.09,100.0,21833.3,,,,,100.0,100.0,11809.9
7155.09,100.0,21799.1,,,,,100.0,100.0,11809.9
7156.09,100.0,21698.9,,,,,100.0,100.0,11810.1
7157.09,0.0,21699.0,,,,,0.0,0.0,11795.2
7158.09,100.0,21733.1,,,,,100.0,100.0,11804.8
7159.09,0.0,21767.2,,,,,0.0,0.0,11795.1
7160.09,100.0,21801.3,,,,,100.0,100.0,11805.8
7161.09,100.0,21801.3,,,,,100.0,100.0,11806.0
7162.09,100.0,21901.3,,,,,100.0,100.0,11808.6
7163.09,0.0,21901.3,,,,,0.0,0.0,11808.6
7164.09,100.0,21867.5,,,,,100.0,100.0,11810.8
7165.09,100.0,21833.3,,,,,100.0,100.0,11810.9
7166.09,100.0,21799.1,,,,,100.0,100.0,11811.0
7167.09,0.0,21799.1,,,,,0.0,0.0,11811.0
7168.09,100.0,21699.0,,,,,100.0,100.0,11787.6
7169.09,0.0,21733.1,,,,,0.0,0.0,11795.5
7170.09,100.0,21767.2,,,,,100.0,100.0,11806.3
7171.09,100.0,21767.2,,,,,100.0,100.0,11795.4
7172.09,100.0,21784.3,,,,,100.0,100.0,11806.9
7173.09,0.0,21835.3,,,,,0.0,0.0,11807.7
7174.09,100.0,21901.3,,,,,100.0,100.0,11809.8
7175.09,100.0,21867.5,,,,,100.0,100.0,11812.0
7176.09,100.0,21833.3,,,,,100.0,100.0,11812.2
7177.09,0.0,21833.3,,,,,0.0,0.0,11812.2
7178.09,100.0,21799.1,,,,,100.0,100.0,11812.2
7179.09,100.0,21698.9,,,,,100.0,100.0,11795.7
7180.09,0.0,21733.1,,,,,0.0,0.0,11806.6
7181.09,100.0,21733.1,,,,,100.0,100.0,11800.5
7182.09,100.0,21733.1,,,,,100.0,100.0,11804.3
7183.09,0.0,21801.3,,,,,0.0,0.0,11801.7
7184.09,100.0,21818.3,,,,,100.0,100.0,11803.2
7185.09,100.0,21901.3,,,,,100.0,100.0,11810.9
7186.09,100.0,21867.5,,,,,100.0,100.0,11813.2
7187.09,0.0,21867.5,,,,,0.0,0.0,11813.2
7188.09,100.0,21833.3,,,,,100.0,100.0,11813.4
7189.09,100.0,21799.1,,,,,100.0,100.0,11813.4
7190.09,100.0,21698.9,,,,,100.0,100.0,11813.6
7191.09,0.0,21699.0,,,,,0.0,0.0,11796.1
7192.09,100.0,21733.1,,,,,100.0,100.0,11808.3
7193.09,0.0,21767.2,,,,,0.0,0.0,11797.6
7194.09,100.0,21801.3,,,,,100.0,100.0,11809.3
7195.09,100.0,21801.3,,,,,100.0,100.0,11809.7
7196.09,100.0,21901.3,,,,,100.0,100.0,11812.2
7197.09,0.0,21901.3,,,,,0.0,0.0,11812.2
7198.09,100.0,21867.5,,,,,100.0,100.0,11814.4
7199.09,100.0,21833.3,,,,,100.0,100.0,11814.6
7200.09,100.0,21799.1,,,,,100.0,100.0,11814.6
7201.09,0.0,21799.1,,,,,0.0,0.0,11814.6
7202.09,100.0,21699.0,,,,,100.0,100.0,11808.9
7203.09,0.0,21733.1,,,,,0.0,0.0,11796.2
7204.09,100.0,21750.2,,,,,100.0,100.0,11806.1
7205.09,100.0,21767.2,,,,,100.0,100.0,11794.9
7206.09,100.0,21767.2,,,,,100.0,100.0,11803.3
7207.09,0.0,21835.3,,,,,0.0,0.0,11811.1
7208.09,100.0,21901.3,,,,,100.0,100.0,11813.3
7209.09,100.0,21867.5,,,,,100.0,100.0,11815.4
7210.09,0.0,21867.5,,,,,0.0,0.0,11815.4
7211.09,100.0,21833.3,,,,,100.0,100.0,11815.6
7212.09,100.0,21799.1,,,,,100.0,100.0,11815.6
7213.09,100.0,21698.9,,,,,100.0,100.0,11815.8
7214.09,0.0,21699.0,,,,,0.0,0.0,11805.3
7215.09,100.0,21733.1,,,,,100.0,100.0,11810.2
7216.09,0.0,21767.2,,,,,0.0,0.0,11801.9
7217.09,100.0,21801.3,,,,,100.0,100.0,11811.7
7218.09,100.0,21801.3,,,,,100.0,100.0,11801.1
7219.09,100.0,21901.3,,,,,100.0,100.0,11814.4
7220.1,0.0,21901.3,,,,,0.0,0.0,11814.4
7221.1,100.0,21867.5,,,,,100.0,100.0,11816.4
7222.1,100.0,21833.3,,,,,100.0,100.0,11816.6
7223.1,100.0,21799.1,,,,,100.0,100.0,11816.6
7224.1,0.0,21799.1,,,,,0.0,0.0,11816.6
7225.1,100.0,21699.0,,,,,100.0,100.0,11796.9
7226.1,0.0,21733.1,,,,,0.0,0.0,11805.2
7227.1,100.0,21767.2,,,,,100.0,100.0,11811.9
7228.1,100.0,21767.2,,,,,100.0,100.0,11803.6
7229.1,100.0,21801.3,,,,,100.0,100.0,11812.7
7230.1,0.0,21835.3,,,,,0.0,0.0,11813.0
7231.1,100.0,21901.3,,,,,100.0,100.0,11815.2
7232.1,100.0,21867.5,,,,,100.0,100.0,11817.3
7233.1,100.0,21833.3,,,,,100.0,100.0,11817.4
7234.1,0.0,21833.3,,,,,0.0,0.0,11817.4
7235.1,100.0,21799.1,,,,,100.0,100.0,11817.4
7236.1,100.0,21698.9,,,,,100.0,100.0,11803.4
7237.1,0.0,21733.1,,,,,0.0,0.0,11805.2
7238.1,100.0,21733.1,,,,,100.0,100.0,11803.8
7239.1,100.0,21767.2,,,,,100.0,100.0,11806.5
7240.1,0.0,21801.3,,,,,0.0,0.0,11809.4
7241.1,100.0,21818.3,,,,,100.0,100.0,11810.8
7242.1,100.0,21901.3,,,,,100.0,100.0,11816.4
7243.1,100.0,21867.5,,,,,100.0,100.0,11818.4
7244.1,0.0,21867.5,,,,,0.0,0.0,11818.4
7245.1,100.0,21833.3,,,,,100.0,100.0,11818.6
7246.1,100.0,21799.1,,,,,100.0,100.0,11818.6
7247.1,100.0,21698.9,,,,,100.0,100.0,11818.7
7248.1,0.0,21699.0,,,,,0.0,0.0,11803.9
7249.1,100.0,21733.1,,,,,100.0,100.0,11813.5
7250.1,0.0,21767.2,,,,,0.0,0.0,11803.7
7251.1,100.0,21801.3,,,,,100.0,100.0,11814.6
7252.1,100.0,21801.3,,,,,100.0,100.0,11814.8
7253.1,100.0,21901.3,,,,,100.0,100.0,11817.4
7254.1,0.0,21901.3,,,,,0.0,0.0,11817.4
7255.1,100.0,21867.5,,,,,100.0,100.0,11819.6
7256.1,100.0,21833.3,,,,,100.0,100.0,11819.8
7257.1,100.0,21799.1,,,,,100.0,100.0,11819.8
7258.1,0.0,21799.1,,,,,0.0,0.0,11819.8
7259.1,100.0,21699.0,,,,,100.0,100.0,11795.8
7260.1,0.0,21733.1,,,,,0.0,0.0,11803.0
7261.1,100.0,21767.2,,,,,100.0,100.0,11815.3
7262.1,100.0,21767.2,,,,,100.0,100.0,11803.0
7263.1,100.0,21784.3,,,,,100.0,100.0,11814.9
7264.1,0.0,21835.3,,,,,0.0,0.0,11816.6
7265.1,100.0,21901.3,,,,,100.0,100.0,11818.6
7266.1,100.0,21867.5,,,,,100.0,100.0,11820.7
7267.1,100.0,21833.3,,,,,100.0,100.0,11820.8
7268.1,0.0,21833.3,,,,,0.0,0.0,11820.8
7269.1,100.0,21799.1,,,,,100.0,100.0,11820.8
7270.1,100.0,21698.9,,,,,100.0,100.0,11803.7
7271.1,0.0,21733.1,,,,,0.0,0.0,11815.4
7272.1,100.0,21733.1,,,,,100.0,100.0,11809.9
7273.1,100.0,21750.2,,,,,100.0,100.0,11804.6
7274.1,0.0,21801.3,,,,,0.0,0.0,11810.8
7275.1,100.0,21818.3,,,,,100.0,100.0,11812.9
7276.1,100.0,21901.3,,,,,100.0,100.0,11819.6
7277.1,100.0,21867.5,,,,,100.0,100.0,11821.7
7278.1,0.0,21867.5,,,,,0.0,0.0,11821.7
7279.1,100.0,21833.3,,,,,100.0,100.0,11821.9
7280.1,100.0,21799.1,,,,,100.0,100.0,11821.9
7281.1,100.0,21698.9,,,,,100.0,100.0,11822.0
7282.1,0.0,21699.0,,,,,0.0,0.0,11804.0
7283.1,100.0,21716.1,,,,,100.0,100.0,11815.0
7284.1,0.0,21767.2,,,,,0.0,0.0,11802.4
7285.1,100.0,21767.2,,,,,100.0,100.0,11811.0
7286.1,100.0,21801.3,,,,,100.0,100.0,11818.1
7287.1,100.0,21901.3,,,,,100.0,100.0,11820.6
7288.1,0.0,21901.3,,,,,0.0,0.0,11820.6
7289.11,100.0,21867.5,,,,,100.0,100.0,11822.9
7290.11,100.0,21833.3,,,,,100.0,100.0,11823.1
7291.11,100.0,21799.1,,,,,100.0,100.0,11823.1
7292.11,0.0,21799.1,,,,,0.0,0.0,11823.1
7293.11,100.0,21699.0,,,,,100.0,100.0,11817.5
7294.11,0.0,21733.1,,,,,0.0,0.0,11804.0
7295.11,100.0,21733.1,,,,,100.0,100.0,11814.8
7296.11,100.0,21767.2,,,,,100.0,100.0,11804.5
7297.11,0.0,21801.3,,,,,0.0,0.0,11810.6
7298.11,100.0,21835.3,,,,,100.0,100.0,11819.8
7299.11,100.0,21901.3,,,,,100.0,100.0,11821.9
7300.11,100.0,21867.5,,,,,100.0,100.0,11824.1
7301.11,0.0,21867.5,,,,,0.0,0.0,11824.1
7302.11,100.0,21833.3,,,,,100.0,100.0,11824.3
7303.11,100.0,21799.1,,,,,100.0,100.0,11824.3
7304.11,100.0,21698.9,,,,,100.0,100.0,11804.3
7305.11,0.0,21716.1,,,,,0.0,0.0,11816.5
7306.11,100.0,21733.1,,,,,100.0,100.0,11819.6
7307.11,0.0,21784.3,,,,,0.0,0.0,11814.8
7308.11,100.0,21801.3,,,,,100.0,100.0,11813.6
7309.11,100.0,21801.3,,,,,100.0,100.0,11810.6
7310.11,100.0,21901.3,,,,,100.0,100.0,11823.2
7311.11,0.0,21901.3,,,,,0.0,0.0,11823.2
7312.11,100.0,21867.5,,,,,100.0,100.0,11825.3
7313.11,100.0,21833.3,,,,,100.0,100.0,11825.5
7314.11,100.0,21799.1,,,,,100.0,100.0,11825.5
7315.11,0.0,21799.1,,,,,0.0,0.0,11825.5
7316.11,100.0,21699.0,,,,,100.0,100.0,11805.4
7317.11,0.0,21733.1,,,,,0.0,0.0,11812.5
7318.11,100.0,21767.2,,,,,100.0,100.0,11803.6
7319.11,100.0,21767.2,,,,,100.0,100.0,11810.8
7320.11,100.0,21801.3,,,,,100.0,100.0,11821.9
7321.11,0.0,21835.3,,,,,0.0,0.0,11822.1
7322.11,100.0,21901.3,,,,,100.0,100.0,11824.2
7323.11,100.0,21867.5,,,,,100.0,100.0,11826.4
7324.11,100.0,21833.3,,,,,100.0,100.0,11826.6
7325.11,0.0,21833.3,,,,,0.0,0.0,11826.6
7326.11,100.0,21799.1,,,,,100.0,100.0,11826.6
7327.11,100.0,21698.9,,,,,100.0,100.0,11813.2
7328.11,0.0,21733.1,,,,,0.0,0.0,11813.6
7329.11,100.0,21733.1,,,,,100.0,100.0,11811.5
7330.11,100.0,21767.2,,,,,100.0,100.0,11813.3
7331.11,0.0,21801.3,,,,,0.0,0.0,11817.7
7332.11,100.0,21818.3,,,,,100.0,100.0,11821.3
7333.11,100.0,21901.3,,,,,100.0,100.0,11825.2
7334.11,100.0,21867.5,,,,,100.0,100.0,11827.4
7335.11,0.0,21867.5,,,,,0.0,0.0,11827.4
7336.11,100.0,21833.3,,,,,100.0,100.0,11827.5
7337.11,100.0,21799.1,,,,,100.0,100.0,11827.5
7338.11,100.0,21698.9,,,,,100.0,100.0,11827.6
7339.11,0.0,21699.0,,,,,0.0,0.0,11811.4
7340.11,100.0,21733.1,,,,,100.0,100.0,11822.2
7341.11,0.0,21767.2,,,,,0.0,0.0,11811.6
7342.11,100.0,21801.3,,,,,100.0,100.0,11823.6
7343.11,100.0,21801.3,,,,,100.0,100.0,11811.1
7344.11,100.0,21901.3,,,,,100.0,100.0,11826.2
7345.11,0.0,21901.3,,,,,0.0,0.0,11826.2
7346.11,100.0,21867.5,,,,,100.0,100.0,11828.5
7347.11,100.0,21833.3,,,,,100.0,100.0,11828.7
7348.11,100.0,21799.1,,,,,100.0,100.0,11828.7
7349.11,0.0,21799.1,,,,,0.0,0.0,11828.7
7350.11,100.0,21699.0,,,,,100.0,100.0,11804.1
7351.11,0.0,21733.1,,,,,0.0,0.0,11811.4
7352.11,100.0,21767.2,,,,,100.0,100.0,11824.0
7353.11,100.0,21767.2,,,,,100.0,100.0,11811.9
7354.11,100.0,21801.3,,,,,100.0,100.0,11824.9
7355.11,0.0,21835.3,,,,,0.0,0.0,11825.3
7356.11,100.0,21901.3,,,,,100.0,100.0,11827.4
7357.11,100.0,21867.5,,,,,100.0,100.0,11829.4
7358.12,100.0,21833.3,,,,,100.0,100.0,11829.6
7359.12,0.0,21833.3,,,,,0.0,0.0,11829.6
7360.12,100.0,21799.1,,,,,100.0,100.0,11829.6
7361.12,100.0,21698.9,,,,,100.0,100.0,11812.3
7362.12,0.0,21733.1,,,,,0.0,0.0,11824.1
7363.12,100.0,21733.1,,,,,100.0,100.0,11818.5
7364.12,100.0,21750.2,,,,,100.0,100.0,11813.6
7365.12,0.0,21801.3,,,,,0.0,0.0,11819.3
7366.12,100.0,21818.3,,,,,100.0,100.0,11820.9
7367.12,100.0,21901.3,,,,,100.0,100.0,11828.3
7368.12,100.0,21867.5,,,,,100.0,100.0,11830.7
7369.12,0.0,21867.5,,,,,0.0,0.0,11830.7
7370.12,100.0,21833.3,,,,,100.0,100.0,11830.9
7371.12,100.0,21799.1,,,,,100.0,100.0,11830.9
7372.12,100.0,21698.9,,,,,100.0,100.0,11831.0
7373.12,0.0,21699.0,,,,,0.0,0.0,11813.2
7374.12,100.0,21716.1,,,,,100.0,100.0,11823.4
7375.12,0.0,21767.2,,,,,0.0,0.0,11812.0
7376.12,100.0,21784.3,,,,,100.0,100.0,11820.9
7377.12,100.0,21801.3,,,,,100.0,100.0,11825.3
7378.12,100.0,21901.3,,,,,100.0,100.0,11829.6
7379.12,0.0,21901.3,,,,,0.0,0.0,11829.6
7380.12,100.0,21867.5,,,,,100.0,100.0,11832.1
7381.12,100.0,21833.3,,,,,100.0,100.0,11832.3
7382.12,100.0,21799.1,,,,,100.0,100.0,11832.3
7383.12,0.0,21799.1,,,,,0.0,0.0,11832.3
7384.12,100.0,21699.0,,,,,100.0,100.0,11826.6
7385.12,0.0,21733.1,,,,,0.0,0.0,11813.6
7386.12,100.0,21750.2,,,,,100.0,100.0,11825.7
7387.12,100.0,21767.2,,,,,100.0,100.0,11812.9
7388.12,100.0,21767.2,,,,,100.0,100.0,11820.5
7389.12,0.0,21835.3,,,,,0.0,0.0,11829.2
7390.12,100.0,21901.3,,,,,100.0,100.0,11831.3
7391.12,100.0,21867.5,,,,,100.0,100.0,11833.3
7392.12,0.0,21867.5,,,,,0.0,0.0,11833.3
7393.12,100.0,21833.3,,,,,100.0,100.0,11833.5
7394.12,100.0,21799.1,,,,,100.0,100.0,11833.5
7395.12,100.0,21698.9,,,,,100.0,100.0,11813.2
7396.12,0.0,21733.1,,,,,0.0,0.0,11828.0
7397.12,100.0,21733.1,,,,,100.0,100.0,11828.6
7398.12,0.0,21767.2,,,,,0.0,0.0,11825.4
7399.12,100.0,21801.3,,,,,100.0,100.0,11822.3
7400.12,100.0,21801.3,,,,,100.0,100.0,11822.2
7401.12,100.0,21901.3,,,,,100.0,100.0,11832.3
7402.12,0.0,21901.3,,,,,0.0,0.0,11832.3
7403.12,100.0,21867.5,,,,,100.0,100.0,11834.8
7404.12,100.0,21833.3,,,,,100.0,100.0,11835.0
7405.12,100.0,21799.1,,,,,100.0,100.0,11835.0
7406.12,0.0,21799.1,,,,,0.0,0.0,11835.0
7407.12,100.0,21699.0,,,,,100.0,100.0,11814.6
7408.12,0.0,21733.1,,,,,0.0,0.0,11824.9
7409.12,100.0,21767.2,,,,,100.0,100.0,11813.3
7410.12,100.0,21767.2,,,,,100.0,100.0,11819.0
7411.12,100.0,21801.3,,,,,100.0,100.0,11831.0
7412.12,0.0,21835.3,,,,,0.0,0.0,11831.5
7413.12,100.0,21901.3,,,,,100.0,100.0,11833.5
7414.12,100.0,21867.5,,,,,100.0,100.0,11835.8
7415.12,100.0,21833.3,,,,,100.0,100.0,11836.0
7416.12,0.0,21833.3,,,,,0.0,0.0,11836.0
7417.12,100.0,21799.1,,,,,100.0,100.0,11836.0
7418.12,100.0,21698.9,,,,,100.0,100.0,11824.1
7419.12,0.0,21733.1,,,,,0.0,0.0,11822.7
7420.12,100.0,21733.1,,,,,100.0,100.0,11820.4
7421.12,100.0,21767.2,,,,,100.0,100.0,11821.9
7422.12,0.0,21801.3,,,,,0.0,0.0,11826.8
7423.12,100.0,21818.3,,,,,100.0,100.0,11830.9
7424.12,100.0,21901.3,,,,,100.0,100.0,11834.5
7425.12,100.0,21867.5,,,,,100.0,100.0,11836.7
7426.12,0.0,21867.5,,,,,0.0,0.0,11836.7
7427.12,100.0,21833.3,,,,,100.0,100.0,11836.9
7428.12,100.0,21799.1,,,,,100.0,100.0,11836.9
7429.12,100.0,21698.9,,,,,100.0,100.0,11812.4
7430.13,0.0,21699.0,,,,,0.0,0.0,11821.3
7431.13,100.0,21733.1,,,,,100.0,100.0,11831.6
7432.13,0.0,21767.2,,,,,0.0,0.0,11821.9
7433.13,100.0,21801.3,,,,,100.0,100.0,11832.8
7434.13,100.0,21801.3,,,,,100.0,100.0,11821.0
7435.13,100.0,21901.3,,,,,100.0,100.0,11835.4
7436.13,0.0,21901.3,,,,,0.0,0.0,11835.4
7437.13,100.0,21867.5,,,,,100.0,100.0,11841.7
7438.13,100.0,21833.3,,,,,100.0,100.0,11841.9
7439.13,100.0,21799.1,,,,,100.0,100.0,11841.9
7440.13,0.0,21799.1,,,,,0.0,0.0,11841.9
7441.13,100.0,21699.0,,,,,100.0,100.0,11817.5
7442.13,0.0,21733.1,,,,,0.0,0.0,11825.9
7443.13,100.0,21767.2,,,,,100.0,100.0,11837.2
7444.13,100.0,21767.2,,,,,100.0,100.0,11824.5
7445.13,100.0,21801.3,,,,,100.0,100.0,11838.0
7446.13,0.0,21835.3,,,,,0.0,0.0,11838.4
7447.13,100.0,21901.3,,,,,100.0,100.0,11840.4
7448.13,100.0,21867.5,,,,,100.0,100.0,11842.8
7449.13,100.0,21833.3,,,,,100.0,100.0,11843.0
7450.13,0.0,21833.3,,,,,0.0,0.0,11843.0
7451.13,100.0,21799.1,,,,,100.0,100.0,11843.0
7452.13,100.0,21698.9,,,,,100.0,100.0,11826.1
7453.13,0.0,21733.1,,,,,0.0,0.0,11837.7
7454.13,100.0,21733.1,,,,,100.0,100.0,11827.3
7455.13,100.0,21767.2,,,,,100.0,100.0,11838.7
7456.13,0.0,21801.3,,,,,0.0,0.0,11833.0
7457.13,100.0,21818.3,,,,,100.0,100.0,11837.3
7458.13,100.0,21901.3,,,,,100.0,100.0,11841.8
7459.13,100.0,21867.5,,,,,100.0,100.0,11844.1
7460.13,0.0,21867.5,,,,,0.0,0.0,11844.1
7461.13,100.0,21833.3,,,,,100.0,100.0,11844.3
7462.13,100.0,21799.1,,,,,100.0,100.0,11844.3
7463.13,100.0,21698.9,,,,,100.0,100.0,11844.5
7464.13,0.0,21699.0,,,,,0.0,0.0,11825.6
7465.13,100.0,21733.1,,,,,100.0,100.0,11839.0
7466.13,0.0,21767.2,,,,,0.0,0.0,11826.2
7467.13,100.0,21767.2,,,,,100.0,100.0,11834.1
7468.13,100.0,21801.3,,,,,100.0,100.0,11840.6
7469.13,100.0,21901.3,,,,,100.0,100.0,11843.0
7470.13,0.0,21901.3,,,,,0.0,0.0,11843.0
7471.13,100.0,21867.5,,,,,100.0,100.0,11845.3
7472.13,100.0,21833.3,,,,,100.0,100.0,11845.5
7473.13,100.0,21799.1,,,,,100.0,100.0,11845.5
7474.13,0.0,21799.1,,,,,0.0,0.0,11845.5
7475.13,100.0,21699.0,,,,,100.0,100.0,11839.8
7476.13,0.0,21733.1,,,,,0.0,0.0,11827.1
7477.13,100.0,21750.2,,,,,100.0,100.0,11839.3
7478.13,100.0,21767.2,,,,,100.0,100.0,11826.3
7479.13,100.0,21784.3,,,,,100.0,100.0,11836.1
7480.13,0.0,21835.3,,,,,0.0,0.0,11842.1
7481.13,100.0,21901.3,,,,,100.0,100.0,11844.3
7482.13,100.0,21867.5,,,,,100.0,100.0,11846.6
7483.13,0.0,21867.5,,,,,0.0,0.0,11846.6
7484.13,100.0,21833.3,,,,,100.0,100.0,11846.8
7485.13,100.0,21799.1,,,,,100.0,100.0,11846.8
7486.13,100.0,21698.9,,,,,100.0,100.0,11826.4
7487.13,0.0,21733.1,,,,,0.0,0.0,11841.0
7488.13,100.0,21733.1,,,,,100.0,100.0,11841.3
7489.13,0.0,21767.2,,,,,0.0,0.0,11835.4
7490.13,100.0,21801.3,,,,,100.0,100.0,11842.9
7491.13,100.0,21801.3,,,,,100.0,100.0,11833.2
7492.13,100.0,21901.3,,,,,100.0,100.0,11845.4
7493.13,0.0,21901.3,,,,,0.0,0.0,11845.4
7494.13,100.0,21867.5,,,,,100.0,100.0,11847.6
7495.13,100.0,21833.3,,,,,100.0,100.0,11847.8
7496.13,100.0,21799.1,,,,,100.0,100.0,11847.9
7497.13,0.0,21799.1,,,,,0.0,0.0,11847.9
7498.14,100.0,21699.0,,,,,100.0,100.0,11827.3
7499.14,0.0,21733.1,,,,,0.0,0.0,11837.2
7500.14,100.0,21767.2,,,,,100.0,100.0,11826.6
7501.14,100.0,21767.2,,,,,100.0,100.0,11832.9
7502.14,100.0,21801.3,,,,,100.0,100.0,11844.0
7503.14,0.0,21835.3,,,,,0.0,0.0,11844.4
7504.14,100.0,21901.3,,,,,100.0,100.0,11846.6
7505.14,100.0,21867.5,,,,,100.0,100.0,11848.6
7506.14,100.0,21833.3,,,,,100.0,100.0,11848.8
7507.14,0.0,21833.3,,,,,0.0,0.0,11848.8
7508.14,100.0,21799.1,,,,,100.0,100.0,11848.8
7509.14,100.0,21698.9,,,,,100.0,100.0,11836.6
7510.14,0.0,21733.1,,,,,0.0,0.0,11843.6
7511.14,100.0,21733.1,,,,,100.0,100.0,11837.8
7512.14,100.0,21767.2,,,,,100.0,100.0,11837.7
7513.14,0.0,21801.3,,,,,0.0,0.0,11837.8
7514.14,100.0,21835.3,,,,,100.0,100.0,11845.9
7515.14,100.0,21901.3,,,,,100.0,100.0,11848.0
7516.14,100.0,21867.5,,,,,100.0,100.0,11850.0
7517.14,0.0,21867.5,,,,,0.0,0.0,11850.0
7518.14,100.0,21833.3,,,,,100.0,100.0,11850.2
7519.14,100.0,21799.1,,,,,100.0,100.0,11850.2
7520.14,100.0,21698.9,,,,,100.0,100.0,11825.1
7521.14,0.0,21699.0,,,,,0.0,0.0,11836.2
7522.14,100.0,21733.1,,,,,100.0,100.0,11845.6
7523.14,0.0,21767.2,,,,,0.0,0.0,11835.1
7524.14,100.0,21801.3,,,,,100.0,100.0,11846.4
7525.14,100.0,21801.3,,,,,100.0,100.0,11835.2
7526.14,100.0,21901.3,,,,,100.0,100.0,11848.9
7527.14,0.0,21901.3,,,,,0.0,0.0,11848.9
7528.14,100.0,21867.5,,,,,100.0,100.0,11851.2
7529.14,100.0,21833.3,,,,,100.0,100.0,11851.3
7530.14,100.0,21799.1,,,,,100.0,100.0,11851.3
7531.14,0.0,21799.1,,,,,0.0,0.0,11851.3
7532.14,100.0,21699.0,,,,,100.0,100.0,11835.9
7533.14,0.0,21733.1,,,,,0.0,0.0,11833.6
7534.14,100.0,21767.2,,,,,100.0,100.0,11826.4
7535.14,100.0,21767.2,,,,,100.0,100.0,11832.9
7536.14,100.0,21784.3,,,,,100.0,100.0,11843.7
7537.14,0.0,21835.3,,,,,0.0,0.0,11847.5
7538.14,100.0,21901.3,,,,,100.0,100.0,11849.6
7539.14,100.0,21867.5,,,,,100.0,100.0,11851.7
7540.14,100.0,21833.3,,,,,100.0,100.0,11851.9
7541.14,0.0,21833.3,,,,,0.0,0.0,11851.9
7542.14,100.0,21799.1,,,,,100.0,100.0,11851.9
7543.14,100.0,21698.9,,,,,100.0,100.0,11834.3
7544.14,0.0,21733.1,,,,,0.0,0.0,11846.5
7545.14,100.0,21733.1,,,,,100.0,100.0,11834.9
7546.14,100.0,21767.2,,,,,100.0,100.0,11847.3
7547.14,0.0,21801.3,,,,,0.0,0.0,11841.7
7548.14,100.0,21818.3,,,,,100.0,100.0,11845.1
7549.14,100.0,21901.3,,,,,100.0,100.0,11850.9
7550.14,100.0,21867.5,,,,,100.0,100.0,11853.5
7551.14,0.0,21867.5,,,,,0.0,0.0,11853.5
7552.14,100.0,21833.3,,,,,100.0,100.0,11853.7
7553.14,100.0,21799.1,,,,,100.0,100.0,11853.7
7554.14,100.0,21698.9,,,,,100.0,100.0,11853.8
7555.14,0.0,21699.0,,,,,0.0,0.0,11834.2
7556.14,100.0,21733.1,,,,,100.0,100.0,11847.9
7557.14,0.0,21767.2,,,,,0.0,0.0,11835.1
7558.14,100.0,21784.3,,,,,100.0,100.0,11845.2
7559.14,100.0,21801.3,,,,,100.0,100.0,11833.4
7560.14,100.0,21901.3,,,,,100.0,100.0,11852.0
7561.14,0.0,21901.3,,,,,0.0,0.0,11852.0
7562.14,100.0,21867.5,,,,,100.0,100.0,11854.2
7563.14,100.0,21833.3,,,,,100.0,100.0,11854.4
7564.14,100.0,21799.1,,,,,100.0,100.0,11854.4
7565.14,0.0,21799.1,,,,,0.0,0.0,11854.4
7566.14,100.0,21699.0,,,,,100.0,100.0,11848.5
7567.15,0.0,21733.1,,,,,0.0,0.0,11842.4
7568.15,100.0,21750.2,,,,,100.0,100.0,11845.8
7569.15,100.0,21767.2,,,,,100.0,100.0,11842.8
7570.15,100.0,21784.3,,,,,100.0,100.0,11844.6
7571.15,0.0,21835.3,,,,,0.0,0.0,11850.6
7572.15,100.0,21901.3,,,,,100.0,100.0,11852.9
7573.15,100.0,21867.5,,,,,100.0,100.0,11855.3
7574.15,100.0,21833.3,,,,,100.0,100.0,11855.5
7575.15,0.0,21833.3,,,,,0.0,0.0,11855.5
7576.15,100.0,21799.1,,,,,100.0,100.0,11855.5
7577.15,100.0,21698.9,,,,,100.0,100.0,11834.9
7578.15,0.0,21716.1,,,,,0.0,0.0,11849.1
7579.15,100.0,21733.1,,,,,100.0,100.0,11850.8
7580.15,0.0,21767.2,,,,,0.0,0.0,11844.8
7581.15,100.0,21801.3,,,,,100.0,100.0,11852.1
7582.15,100.0,21801.3,,,,,100.0,100.0,11842.4
7583.15,100.0,21901.3,,,,,100.0,100.0,11854.4
7584.15,0.0,21901.3,,,,,0.0,0.0,11854.4
7585.15,100.0,21867.5,,,,,100.0,100.0,11856.4
7586.15,100.0,21833.3,,,,,100.0,100.0,11856.6
7587.15,100.0,21799.1,,,,,100.0,100.0,11856.6
7588.15,0.0,21799.1,,,,,0.0,0.0,11856.6
7589.15,100.0,21699.0,,,,,100.0,100.0,11835.1
7590.15,0.0,21733.1,,,,,0.0,0.0,11844.0
7591.15,100.0,21767.2,,,,,100.0,100.0,11833.6
7592.15,100.0,21767.2,,,,,100.0,100.0,11840.5
7593.15,100.0,21801.3,,,,,100.0,100.0,11852.7
7594.15,0.0,21835.3,,,,,0.0,0.0,11853.1
7595.15,100.0,21901.3,,,,,100.0,100.0,11855.2
7596.15,100.0,21867.5,,,,,100.0,100.0,11857.6
7597.15,100.0,21833.3,,,,,100.0,100.0,11857.8
7598.15,0.0,21833.3,,,,,0.0,0.0,11857.8
7599.15,100.0,21799.1,,,,,100.0,100.0,11857.8
7600.15,100.0,21698.9,,,,,100.0,100.0,11844.8
7601.15,0.0,21733.1,,,,,0.0,0.0,11852.5
7602.15,100.0,21733.1,,,,,100.0,100.0,11841.4
7603.15,100.0,21767.2,,,,,100.0,100.0,11853.2
7604.15,0.0,21801.3,,,,,0.0,0.0,11848.8
7605.15,100.0,21818.3,,,,,100.0,100.0,11854.0
7606.15,100.0,21901.3,,,,,100.0,100.0,11856.8
7607.15,100.0,21867.5,,,,,100.0,100.0,11859.0
7608.15,0.0,21867.5,,,,,0.0,0.0,11859.0
7609.15,100.0,21833.3,,,,,100.0,100.0,11859.2
7610.15,100.0,21799.1,,,,,100.0,100.0,11859.2
7611.15,100.0,21698.9,,,,,100.0,100.0,11834.1
7612.15,0.0,21699.0,,,,,0.0,0.0,11843.5
7613.15,100.0,21733.1,,,,,100.0,100.0,11854.3
7614.15,0.0,21767.2,,,,,0.0,0.0,11842.6
7615.15,100.0,21801.3,,,,,100.0,100.0,11855.1
7616.15,100.0,21801.3,,,,,100.0,100.0,11842.7
7617.15,100.0,21901.3,,,,,100.0,100.0,11857.8
7618.15,0.0,21901.3,,,,,0.0,0.0,11857.8
7619.15,100.0,21867.5,,,,,100.0,100.0,11859.9
7620.15,100.0,21833.3,,,,,100.0,100.0,11860.1
7621.15,100.0,21799.1,,,,,100.0,100.0,11860.1
7622.15,0.0,21799.1,,,,,0.0,0.0,11860.1
7623.15,100.0,21699.0,,,,,100.0,100.0,11845.1
7624.15,0.0,21733.1,,,,,0.0,0.0,11843.3
7625.15,100.0,21767.2,,,,,100.0,100.0,11836.1
7626.15,100.0,21767.2,,,,,100.0,100.0,11842.4
7627.15,100.0,21784.3,,,,,100.0,100.0,11854.3
7628.15,0.0,21835.3,,,,,0.0,0.0,11856.7
7629.15,100.0,21901.3,,,,,100.0,100.0,11858.8
7630.15,100.0,21867.5,,,,,100.0,100.0,11861.0
7631.15,100.0,21833.3,,,,,100.0,100.0,11861.2
7632.15,0.0,21833.3,,,,,0.0,0.0,11861.2
7633.15,100.0,21799.1,,,,,100.0,100.0,11861.2
7634.15,100.0,21698.9,,,,,100.0,100.0,11842.9
7635.16,0.0,21733.1,,,,,0.0,0.0,11855.8
7636.16,100.0,21733.1,,,,,100.0,100.0,11843.7
7637.16,100.0,21767.2,,,,,100.0,100.0,11856.4
7638.16,0.0,21801.3,,,,,0.0,0.0,11857.4
7639.16,100.0,21818.3,,,,,100.0,100.0,11854.4
7640.16,100.0,21901.3,,,,,100.0,100.0,11860.1
7641.16,100.0,21867.5,,,,,100.0,100.0,11862.4
7642.16,0.0,21867.5,,,,,0.0,0.0,11862.4
7643.16,100.0,21833.3,,,,,100.0,100.0,11862.6
7644.16,100.0,21799.1,,,,,100.0,100.0,11862.6
7645.16,100.0,21698.9,,,,,100.0,100.0,11835.0
7646.16,0.0,21699.0,,,,,0.0,0.0,11842.9
7647.16,100.0,21733.1,,,,,100.0,100.0,11857.6
7648.16,0.0,21767.2,,,,,0.0,0.0,11843.6
7649.16,100.0,21784.3,,,,,100.0,100.0,11853.8
7650.16,100.0,21801.3,,,,,100.0,100.0,11842.5
7651.16,100.0,21901.3,,,,,100.0,100.0,11861.2
7652.16,0.0,21901.3,,,,,0.0,0.0,11861.2
7653.16,100.0,21867.5,,,,,100.0,100.0,11863.2
7654.16,100.0,21833.3,,,,,100.0,100.0,11863.4
7655.16,100.0,21799.1,,,,,100.0,100.0,11863.4
7656.16,0.0,21799.1,,,,,0.0,0.0,11863.4
7657.16,100.0,21699.0,,,,,100.0,100.0,11857.8
7658.16,0.0,21733.1,,,,,0.0,0.0,11851.7
7659.16,100.0,21750.2,,,,,100.0,100.0,11846.9
7660.16,100.0,21767.2,,,,,100.0,100.0,11842.7
7661.16,100.0,21767.2,,,,,100.0,100.0,11852.1
7662.16,0.0,21835.3,,,,,0.0,0.0,11860.1
7663.16,100.0,21901.3,,,,,100.0,100.0,11862.1
7664.16,100.0,21867.5,,,,,100.0,100.0,11864.5
7665.16,0.0,21867.5,,,,,0.0,0.0,11864.5
7666.16,100.0,21833.3,,,,,100.0,100.0,11864.7
7667.16,100.0,21799.1,,,,,100.0,100.0,11864.7
7668.16,100.0,21698.9,,,,,100.0,100.0,11843.8
7669.16,0.0,21716.1,,,,,0.0,0.0,11858.4
7670.16,100.0,21733.1,,,,,100.0,100.0,11844.9
7671.16,0.0,21767.2,,,,,0.0,0.0,11855.3
7672.16,100.0,21801.3,,,,,100.0,100.0,11861.1
7673.16,100.0,21801.3,,,,,100.0,100.0,11851.9
7674.16,100.0,21901.3,,,,,100.0,100.0,11863.5
7675.16,0.0,21901.3,,,,,0.0,0.0,11863.5
7676.16,100.0,21867.5,,,,,100.0,100.0,11865.8
7677.16,100.0,21833.3,,,,,100.0,100.0,11866.0
7678.16,100.0,21799.1,,,,,100.0,100.0,11866.0
7679.16,0.0,21799.1,,,,,0.0,0.0,11866.0
7680.16,100.0,21699.0,,,,,100.0,100.0,11852.4
7681.16,0.0,21750.2,,,,,0.0,0.0,11855.8
7682.16,100.0,21767.2,,,,,100.0,100.0,11845.0
7683.16,100.0,21784.3,,,,,100.0,100.0,11860.4
7684.16,100.0,21784.3,,,,,100.0,100.0,11849.7
7685.16,0.0,21835.3,,,,,0.0,0.0,11861.1
7686.16,100.0,21901.3,,,,,100.0,100.0,11863.2
7687.16,100.0,21867.5,,,,,100.0,100.0,11865.7
7688.16,100.0,21833.3,,,,,100.0,100.0,11865.9
7689.16,0.0,21833.3,,,,,0.0,0.0,11865.9
7690.16,100.0,21799.1,,,,,100.0,100.0,11865.9
7691.16,100.0,21698.9,,,,,100.0,100.0,11852.9
7692.16,0.0,21733.1,,,,,0.0,0.0,11860.6
7693.16,100.0,21733.1,,,,,100.0,100.0,11851.9
7694.16,100.0,21767.2,,,,,100.0,100.0,11861.4
7695.16,0.0,21801.3,,,,,0.0,0.0,11846.5
7696.16,100.0,21801.3,,,,,100.0,100.0,11852.1
7697.16,100.0,21901.3,,,,,100.0,100.0,11863.3
7698.16,100.0,21867.5,,,,,100.0,100.0,11865.4
7699.16,0.0,21867.5,,,,,0.0,0.0,11865.4
7700.16,100.0,21833.3,,,,,100.0,100.0,11865.6
7701.16,100.0,21799.1,,,,,100.0,100.0,11865.6
7702.16,100.0,21698.9,,,,,100.0,100.0,11842.0
7703.16,0.0,21699.0,,,,,0.0,0.0,11850.9
7704.16,100.0,21733.1,,,,,100.0,100.0,11861.5
7705.16,0.0,21767.2,,,,,0.0,0.0,11850.9
7706.17,100.0,21801.3,,,,,100.0,100.0,11862.4
7707.17,100.0,21801.3,,,,,100.0,100.0,11851.9
7708.17,100.0,21901.3,,,,,100.0,100.0,11864.9
7709.17,0.0,21901.3,,,,,0.0,0.0,11864.9
7710.17,100.0,21867.5,,,,,100.0,100.0,11867.3
7711.17,100.0,21833.3,,,,,100.0,100.0,11867.5
7712.17,100.0,21799.1,,,,,100.0,100.0,11867.5
7713.17,0.0,21799.1,,,,,0.0,0.0,11867.5
7714.17,100.0,21699.0,,,,,100.0,100.0,11861.9
7715.17,0.0,21733.1,,,,,0.0,0.0,11852.1
7716.17,100.0,21767.2,,,,,100.0,100.0,11853.8
7717.17,100.0,21767.2,,,,,100.0,100.0,11857.6
7718.17,100.0,21784.3,,,,,100.0,100.0,11862.1
7719.17,0.0,21835.3,,,,,0.0,0.0,11864.2
7720.17,100.0,21901.3,,,,,100.0,100.0,11866.2
7721.17,100.0,21867.5,,,,,100.0,100.0,11868.6
7722.17,100.0,21833.3,,,,,100.0,100.0,11868.8
7723.17,0.0,21833.3,,,,,0.0,0.0,11868.8
7724.17,100.0,21799.1,,,,,100.0,100.0,11868.8
7725.17,100.0,21698.9,,,,,100.0,100.0,11851.2
7726.17,0.0,21733.1,,,,,0.0,0.0,11863.2
7727.17,100.0,21733.1,,,,,100.0,100.0,11852.0
7728.17,100.0,21750.2,,,,,100.0,100.0,11862.1
7729.17,0.0,21801.3,,,,,0.0,0.0,11865.0
7730.17,100.0,21801.3,,,,,100.0,100.0,11857.4
7731.17,100.0,21901.3,,,,,100.0,100.0,11867.5
7732.17,100.0,21867.5,,,,,100.0,100.0,11869.8
7733.17,0.0,21867.5,,,,,0.0,0.0,11869.8
7734.17,100.0,21833.3,,,,,100.0,100.0,11870.0
7735.17,100.0,21799.1,,,,,100.0,100.0,11870.0
7736.17,100.0,21698.9,,,,,100.0,100.0,11870.1
7737.17,0.0,21699.0,,,,,0.0,0.0,11852.0
7738.17,100.0,21716.1,,,,,100.0,100.0,11864.2
7739.17,0.0,21767.2,,,,,0.0,0.0,11852.7
7740.17,100.0,21784.3,,,,,100.0,100.0,11861.5
7741.17,100.0,21801.3,,,,,100.0,100.0,11851.6
7742.17,100.0,21901.3,,,,,100.0,100.0,11868.6
7743.17,0.0,21901.3,,,,,0.0,0.0,11868.6
7744.17,100.0,21867.5,,,,,100.0,100.0,11871.1
7745.17,100.0,21833.3,,,,,100.0,100.0,11871.3
7746.17,100.0,21799.1,,,,,100.0,100.0,11871.3
7747.17,0.0,21799.1,,,,,0.0,0.0,11871.3
7748.17,100.0,21699.0,,,,,100.0,100.0,11865.5
7749.17,0.0,21733.1,,,,,0.0,0.0,11865.9
7750.17,100.0,21750.2,,,,,100.0,100.0,11864.7
7751.17,100.0,21767.2,,,,,100.0,100.0,11860.2
7752.17,100.0,21784.3,,,,,100.0,100.0,11862.5
7753.17,0.0,21835.3,,,,,0.0,0.0,11867.8
7754.17,100.0,21901.3,,,,,100.0,100.0,11870.0
7755.17,100.0,21867.5,,,,,100.0,100.0,11872.6
7756.17,0.0,21867.5,,,,,0.0,0.0,11872.6
7757.17,100.0,21833.3,,,,,100.0,100.0,11872.8
7758.17,100.0,21799.1,,,,,100.0,100.0,11872.8
7759.17,100.0,21698.9,,,,,100.0,100.0,11854.1
7760.17,0.0,21716.1,,,,,0.0,0.0,11865.8
7761.17,100.0,21733.1,,,,,100.0,100.0,11854.5
7762.17,0.0,21784.3,,,,,0.0,0.0,11864.2
7763.17,100.0,21801.3,,,,,100.0,100.0,11869.1
7764.17,100.0,21801.3,,,,,100.0,100.0,11861.9
7765.17,100.0,21901.3,,,,,100.0,100.0,11871.5
7766.17,0.0,21901.3,,,,,0.0,0.0,11871.5
7767.17,100.0,21867.5,,,,,100.0,100.0,11873.8
7768.17,100.0,21833.3,,,,,100.0,100.0,11874.0
7769.17,100.0,21799.1,,,,,100.0,100.0,11874.0
7770.17,0.0,21799.1,,,,,0.0,0.0,11874.0
7771.17,100.0,21699.0,,,,,100.0,100.0,11860.9
7772.17,0.0,21750.2,,,,,0.0,0.0,11864.9
7773.17,100.0,21767.2,,,,,100.0,100.0,11863.5
7774.17,100.0,21767.2,,,,,100.0,100.0,11861.5
7775.18,100.0,21801.3,,,,,100.0,100.0,11854.0
7776.18,0.0,21835.3,,,,,0.0,0.0,11870.7
7777.18,100.0,21901.3,,,,,100.0,100.0,11872.7
7778.18,100.0,21867.5,,,,,100.0,100.0,11874.8
7779.18,100.0,21833.3,,,,,100.0,100.0,11875.0
7780.18,0.0,21833.3,,,,,0.0,0.0,11875.0
7781.18,100.0,21799.1,,,,,100.0,100.0,11875.0
7782.18,100.0,21698.9,,,,,100.0,100.0,11860.5
7783.18,0.0,21733.1,,,,,0.0,0.0,11869.7
7784.18,100.0,21733.1,,,,,100.0,100.0,11863.5
7785.18,100.0,21767.2,,,,,100.0,100.0,11863.6
7786.18,0.0,21801.3,,,,,0.0,0.0,11863.6
7787.18,100.0,21818.3,,,,,100.0,100.0,11868.1
7788.18,100.0,21901.3,,,,,100.0,100.0,11873.8
7789.18,100.0,21867.5,,,,,100.0,100.0,11875.7
7790.18,0.0,21867.5,,,,,0.0,0.0,11875.7
7791.18,100.0,21833.3,,,,,100.0,100.0,11875.8
7792.18,100.0,21799.1,,,,,100.0,100.0,11875.8
7793.18,100.0,21698.9,,,,,100.0,100.0,11851.6
7794.18,0.0,21699.0,,,,,0.0,0.0,11860.2
7795.18,100.0,21733.1,,,,,100.0,100.0,11852.5
7796.18,0.0,21767.2,,,,,0.0,0.0,11859.2
7797.18,100.0,21801.3,,,,,100.0,100.0,11872.1
7798.18,100.0,21801.3,,,,,100.0,100.0,11860.1
7799.18,100.0,21901.3,,,,,100.0,100.0,11874.6
7800.18,0.0,21901.3,,,,,0.0,0.0,11874.6
7801.18,100.0,21867.5,,,,,100.0,100.0,11876.9
7802.18,100.0,21833.3,,,,,100.0,100.0,11877.1
7803.18,100.0,21799.1,,,,,100.0,100.0,11877.1
7804.18,0.0,21799.1,,,,,0.0,0.0,11877.1
7805.18,100.0,21699.0,,,,,100.0,100.0,11871.4
7806.18,0.0,21733.1,,,,,0.0,0.0,11860.9
7807.18,100.0,21767.2,,,,,100.0,100.0,11866.5
7808.18,100.0,21767.2,,,,,100.0,100.0,11867.4
7809.18,100.0,21784.3,,,,,100.0,100.0,11870.5
7810.18,0.0,21835.3,,,,,0.0,0.0,11873.8
7811.18,100.0,21901.3,,,,,100.0,100.0,11875.8
7812.18,100.0,21867.5,,,,,100.0,100.0,11878.0
7813.18,100.0,21833.3,,,,,100.0,100.0,11878.2
7814.18,0.0,21833.3,,,,,0.0,0.0,11878.2
7815.18,100.0,21799.1,,,,,100.0,100.0,11878.2
7816.18,100.0,21698.9,,,,,100.0,100.0,11859.6
7817.18,0.0,21733.1,,,,,0.0,0.0,11872.7
7818.18,100.0,21733.1,,,,,100.0,100.0,11861.2
7819.18,100.0,21750.2,,,,,100.0,100.0,11871.1
7820.18,0.0,21801.3,,,,,0.0,0.0,11859.6
7821.18,100.0,21801.3,,,,,100.0,100.0,11866.5
7822.18,100.0,21901.3,,,,,100.0,100.0,11876.8
7823.18,100.0,21867.5,,,,,100.0,100.0,11879.1
7824.18,0.0,21867.5,,,,,0.0,0.0,11879.1
7825.18,100.0,21833.3,,,,,100.0,100.0,11879.3
7826.18,100.0,21799.1,,,,,100.0,100.0,11879.3
7827.18,100.0,21698.9,,,,,100.0,100.0,11879.5
7828.18,0.0,21699.0,,,,,0.0,0.0,11860.8
7829.18,100.0,21733.1,,,,,100.0,100.0,11874.2
7830.18,0.0,21767.2,,,,,0.0,0.0,11861.0
7831.18,100.0,21767.2,,,,,100.0,100.0,11868.8
7832.18,100.0,21801.3,,,,,100.0,100.0,11860.1
7833.18,100.0,21850.3,,,,,100.0,100.0,11876.3
7834.18,0.0,21901.3,,,,,0.0,0.0,11878.0
7835.18,100.0,21867.5,,,,,100.0,100.0,11880.1
7836.18,100.0,21833.3,,,,,100.0,100.0,11880.3
7837.18,0.0,21833.3,,,,,0.0,0.0,11880.3
7838.18,100.0,21799.1,,,,,100.0,100.0,11880.3
7839.18,100.0,21699.0,,,,,100.0,100.0,11874.5
7840.18,0.0,21733.1,,,,,0.0,0.0,11875.0
7841.18,100.0,21750.2,,,,,100.0,100.0,11872.7
7842.18,100.0,21767.2,,,,,100.0,100.0,11876.2
7843.18,0.0,21801.3,,,,,0.0,0.0,11871.9
7844.19,100.0,21835.3,,,,,100.0,100.0,11877.0
7845.19,100.0,21901.3,,,,,100.0,100.0,11879.1
7846.19,100.0,21867.5,,,,,100.0,100.0,11881.4
7847.19,0.0,21867.5,,,,,0.0,0.0,11881.4
7848.19,100.0,21833.3,,,,,100.0,100.0,11881.6
7849.19,100.0,21799.1,,,,,100.0,100.0,11881.6
7850.19,100.0,21698.9,,,,,100.0,100.0,11860.8
7851.19,0.0,21716.1,,,,,0.0,0.0,11872.6
7852.19,100.0,21733.1,,,,,100.0,100.0,11861.0
7853.19,0.0,21767.2,,,,,0.0,0.0,11867.2
7854.19,100.0,21801.3,,,,,100.0,100.0,11878.0
7855.19,100.0,21801.3,,,,,100.0,100.0,11866.4
7856.19,100.0,21901.3,,,,,100.0,100.0,11880.3
7857.19,0.0,21901.3,,,,,0.0,0.0,11880.3
7858.19,100.0,21867.5,,,,,100.0,100.0,11882.5
7859.19,100.0,21833.3,,,,,100.0,100.0,11882.7
7860.19,100.0,21799.1,,,,,100.0,100.0,11882.7
7861.19,0.0,21799.1,,,,,0.0,0.0,11882.7
7862.19,100.0,21699.0,,,,,100.0,100.0,11877.2
7863.19,0.0,21733.1,,,,,0.0,0.0,11869.0
7864.19,100.0,21767.2,,,,,100.0,100.0,11878.2
7865.19,100.0,21767.2,,,,,100.0,100.0,11867.7
7866.19,100.0,21801.3,,,,,100.0,100.0,11860.9
7867.19,0.0,21835.3,,,,,0.0,0.0,11879.4
7868.19,100.0,21901.3,,,,,100.0,100.0,11881.4
7869.19,100.0,21867.5,,,,,100.0,100.0,11883.6
7870.19,100.0,21833.3,,,,,100.0,100.0,11883.8
7871.19,0.0,21833.3,,,,,0.0,0.0,11883.8
7872.19,100.0,21799.1,,,,,100.0,100.0,11883.8
7873.19,100.0,21698.9,,,,,100.0,100.0,11868.0
7874.19,0.0,21733.1,,,,,0.0,0.0,11878.4
7875.19,100.0,21733.1,,,,,100.0,100.0,11868.5
7876.19,100.0,21767.2,,,,,100.0,100.0,11879.7
7877.19,0.0,21801.3,,,,,0.0,0.0,11869.5
7878.19,100.0,21818.3,,,,,100.0,100.0,11878.8
7879.19,100.0,21901.3,,,,,100.0,100.0,11882.6
7880.19,100.0,21867.5,,,,,100.0,100.0,11884.7
7881.19,0.0,21867.5,,,,,0.0,0.0,11884.7
7882.19,100.0,21833.3,,,,,100.0,100.0,11884.9
7883.19,100.0,21799.1,,,,,100.0,100.0,11884.9
7884.19,100.0,21698.9,,,,,100.0,100.0,11885.0
7885.19,0.0,21699.0,,,,,0.0,0.0,11867.5
7886.19,100.0,21733.1,,,,,100.0,100.0,11871.6
7887.19,0.0,21767.2,,,,,0.0,0.0,11868.2
7888.19,100.0,21784.3,,,,,100.0,100.0,11877.9
7889.19,100.0,21801.3,,,,,100.0,100.0,11876.0
7890.19,100.0,21901.3,,,,,100.0,100.0,11883.7
7891.19,0.0,21901.3,,,,,0.0,0.0,11883.7
7892.19,100.0,21867.5,,,,,100.0,100.0,11886.0
7893.19,100.0,21833.3,,,,,100.0,100.0,11886.2
7894.19,100.0,21799.1,,,,,100.0,100.0,11886.2
7895.19,0.0,21799.1,,,,,0.0,0.0,11886.2
7896.19,100.0,21699.0,,,,,100.0,100.0,11880.6
7897.19,0.0,21733.1,,,,,0.0,0.0,11869.6
7898.19,100.0,21750.2,,,,,100.0,100.0,11879.9
7899.19,100.0,21767.2,,,,,100.0,100.0,11882.2
7900.19,100.0,21784.3,,,,,100.0,100.0,11877.3
7901.19,0.0,21835.3,,,,,0.0,0.0,11882.8
7902.19,100.0,21901.3,,,,,100.0,100.0,11885.0
7903.19,100.0,21867.5,,,,,100.0,100.0,11887.5
7904.19,100.0,21833.3,,,,,100.0,100.0,11887.7
7905.19,0.0,21833.3,,,,,0.0,0.0,11887.7
7906.19,100.0,21799.1,,,,,100.0,100.0,11887.7
7907.19,100.0,21698.9,,,,,100.0,100.0,11868.0
7908.19,0.0,21733.1,,,,,0.0,0.0,11882.3
7909.19,100.0,21733.1,,,,,100.0,100.0,11869.3
7910.19,100.0,21733.1,,,,,100.0,100.0,11876.2
7911.19,0.0,21801.3,,,,,0.0,0.0,11866.6
7912.2,100.0,21801.3,,,,,100.0,100.0,11873.0
7913.2,100.0,21901.3,,,,,100.0,100.0,11886.3
7914.2,0.0,21901.3,,,,,0.0,0.0,11886.3
7915.2,100.0,21867.5,,,,,100.0,100.0,11888.6
7916.2,100.0,21833.3,,,,,100.0,100.0,11888.7
7917.2,100.0,21799.1,,,,,100.0,100.0,11888.7
7918.2,0.0,21799.1,,,,,0.0,0.0,11888.7
7919.2,100.0,21699.0,,,,,100.0,100.0,11883.2
7920.2,0.0,21733.1,,,,,0.0,0.0,11881.5
7921.2,100.0,21767.2,,,,,100.0,100.0,11884.2
7922.2,100.0,21767.2,,,,,100.0,100.0,11874.5
7923.2,100.0,21801.3,,,,,100.0,100.0,11882.1
7924.2,0.0,21835.3,,,,,0.0,0.0,11885.4
7925.2,100.0,21901.3,,,,,100.0,100.0,11887.5
7926.2,100.0,21867.5,,,,,100.0,100.0,11889.7
7927.2,100.0,21833.3,,,,,100.0,100.0,11889.9
7928.2,0.0,21833.3,,,,,0.0,0.0,11889.9
7929.2,100.0,21799.1,,,,,100.0,100.0,11889.9
7930.2,100.0,21698.9,,,,,100.0,100.0,11879.2
7931.2,0.0,21733.1,,,,,0.0,0.0,11869.4
7932.2,100.0,21733.1,,,,,100.0,100.0,11873.8
7933.2,100.0,21767.2,,,,,100.0,100.0,11885.1
7934.2,0.0,21801.3,,,,,0.0,0.0,11874.1
7935.2,100.0,21818.3,,,,,100.0,100.0,11883.1
7936.2,100.0,21901.3,,,,,100.0,100.0,11888.5
7937.2,100.0,21867.5,,,,,100.0,100.0,11890.7
7938.2,0.0,21867.5,,,,,0.0,0.0,11890.7
7939.2,100.0,21833.3,,,,,100.0,100.0,11890.8
7940.2,100.0,21799.1,,,,,100.0,100.0,11890.8
7941.2,100.0,21698.9,,,,,100.0,100.0,11891.1
7942.2,0.0,21699.0,,,,,0.0,0.0,11876.7
7943.2,100.0,21733.1,,,,,100.0,100.0,11867.9
7944.2,0.0,21767.2,,,,,0.0,0.0,11875.0
7945.2,100.0,21801.3,,,,,100.0,100.0,11868.8
7946.2,100.0,21801.3,,,,,100.0,100.0,11875.0
7947.2,100.0,21901.3,,,,,100.0,100.0,11889.5
7948.2,0.0,21901.3,,,,,0.0,0.0,11889.5
7949.2,100.0,21867.5,,,,,100.0,100.0,11892.0
7950.2,100.0,21833.3,,,,,100.0,100.0,11892.1
7951.2,100.0,21799.1,,,,,100.0,100.0,11892.1
7952.2,0.0,21799.1,,,,,0.0,0.0,11892.1
7953.2,100.0,21699.0,,,,,100.0,100.0,11886.5
7954.2,0.0,21733.1,,,,,0.0,0.0,11877.6
7955.2,100.0,21767.2,,,,,100.0,100.0,11887.5
7956.2,100.0,21767.2,,,,,100.0,100.0,11876.6
7957.2,100.0,21801.3,,,,,100.0,100.0,11888.4
7958.2,0.0,21835.3,,,,,0.0,0.0,11888.8
7959.2,100.0,21901.3,,,,,100.0,100.0,11890.8
7960.2,100.0,21867.5,,,,,100.0,100.0,11893.1
7961.2,100.0,21833.3,,,,,100.0,100.0,11893.3
7962.2,0.0,21833.3,,,,,0.0,0.0,11893.3
7963.2,100.0,21799.1,,,,,100.0,100.0,11893.3
7964.2,100.0,21698.9,,,,,100.0,100.0,11876.1
7965.2,0.0,21733.1,,,,,0.0,0.0,11887.9
7966.2,100.0,21733.1,,,,,100.0,100.0,11876.7
7967.2,100.0,21750.2,,,,,100.0,100.0,11888.5
7968.2,0.0,21801.3,,,,,0.0,0.0,11878.4
7969.2,100.0,21818.3,,,,,100.0,100.0,11885.8
7970.2,100.0,21901.3,,,,,100.0,100.0,11892.0
7971.2,100.0,21867.5,,,,,100.0,100.0,11894.4
7972.2,0.0,21867.5,,,,,0.0,0.0,11894.4
7973.2,100.0,21833.3,,,,,100.0,100.0,11894.6
7974.2,100.0,21799.1,,,,,100.0,100.0,11894.6
7975.2,100.0,21698.9,,,,,100.0,100.0,11894.7
7976.2,0.0,21699.0,,,,,0.0,0.0,11877.8
7977.2,100.0,21733.1,,,,,100.0,100.0,11871.0
7978.2,0.0,21767.2,,,,,0.0,0.0,11877.8
7979.2,100.0,21784.3,,,,,100.0,100.0,11888.5
7980.2,100.0,21801.3,,,,,100.0,100.0,11876.4
7981.21,100.0,21901.3,,,,,100.0,100.0,11893.2
7982.21,0.0,21901.3,,,,,0.0,0.0,11893.2
7983.21,100.0,21867.5,,,,,100.0,100.0,11895.3
7984.21,100.0,21833.3,,,,,100.0,100.0,11895.4
7985.21,100.0,21799.1,,,,,100.0,100.0,11895.4
7986.21,0.0,21799.1,,,,,0.0,0.0,11895.4
7987.21,100.0,21699.0,,,,,100.0,100.0,11889.9
7988.21,0.0,21733.1,,,,,0.0,0.0,11878.1
7989.21,100.0,21750.2,,,,,100.0,100.0,11886.9
7990.21,100.0,21767.2,,,,,100.0,100.0,11891.5
7991.21,100.0,21784.3,,,,,100.0,100.0,11886.1
7992.21,0.0,21835.3,,,,,0.0,0.0,11892.0
7993.21,100.0,21901.3,,,,,100.0,100.0,11894.2
7994.21,100.0,21867.5,,,,,100.0,100.0,11896.2
7995.21,100.0,21833.3,,,,,100.0,100.0,11896.3
7996.21,0.0,21833.3,,,,,0.0,0.0,11896.3
7997.21,100.0,21799.1,,,,,100.0,100.0,11896.3
7998.21,100.0,21698.9,,,,,100.0,100.0,11875.3
7999.21,0.0,21716.1,,,,,0.0,0.0,11889.2
8000.21,100.0,21733.1,,,,,100.0,100.0,11877.3
8001.21,0.0,21767.2,,,,,0.0,0.0,11885.3
8002.21,100.0,21801.3,,,,,100.0,100.0,11876.5
8003.21,100.0,21801.3,,,,,100.0,100.0,11881.8
8004.21,100.0,21901.3,,,,,100.0,100.0,11895.0
8005.21,0.0,21901.3,,,,,0.0,0.0,11895.0
8006.21,100.0,21867.5,,,,,100.0,100.0,11897.3
8007.21,100.0,21833.3,,,,,100.0,100.0,11897.5
8008.21,100.0,21799.1,,,,,100.0,100.0,11897.5
8009.21,0.0,21799.1,,,,,0.0,0.0,11897.5
8010.21,100.0,21699.0,,,,,100.0,100.0,11892.0
8011.21,0.0,21750.1,,,,,0.0,0.0,11886.8
8012.21,100.0,21767.2,,,,,100.0,100.0,11885.7
8013.21,100.0,21767.2,,,,,100.0,100.0,11884.9
8014.21,100.0,21801.3,,,,,100.0,100.0,11886.8
8015.21,0.0,21835.3,,,,,0.0,0.0,11894.4
8016.21,100.0,21901.3,,,,,100.0,100.0,11896.4
8017.21,100.0,21867.5,,,,,100.0,100.0,11898.9
8018.21,100.0,21833.3,,,,,100.0,100.0,11899.1
8019.21,0.0,21833.3,,,,,0.0,0.0,11899.1
8020.21,100.0,21799.1,,,,,100.0,100.0,11899.1
8021.21,100.0,21698.9,,,,,100.0,100.0,11886.8
8022.21,0.0,21733.1,,,,,0.0,0.0,11880.1
8023.21,100.0,21733.1,,,,,100.0,100.0,11885.1
8024.21,100.0,21767.2,,,,,100.0,100.0,11894.5
8025.21,0.0,21801.3,,,,,0.0,0.0,11884.2
8026.21,100.0,21835.3,,,,,100.0,100.0,11895.5
8027.21,100.0,21901.3,,,,,100.0,100.0,11897.9
8028.21,100.0,21867.5,,,,,100.0,100.0,11899.9
8029.21,0.0,21867.5,,,,,0.0,0.0,11899.9
8030.21,100.0,21833.3,,,,,100.0,100.0,11900.0
8031.21,100.0,21799.1,,,,,100.0,100.0,11900.0
8032.21,100.0,21698.9,,,,,100.0,100.0,11900.2
8033.21,0.0,21699.0,,,,,0.0,0.0,11886.2
8034.21,100.0,21733.1,,,,,100.0,100.0,11886.1
8035.21,0.0,21767.2,,,,,0.0,0.0,11884.2
8036.21,100.0,21801.3,,,,,100.0,100.0,11887.7
8037.21,100.0,21801.3,,,,,100.0,100.0,11882.9
8038.21,100.0,21901.3,,,,,100.0,100.0,11898.9
8039.21,0.0,21901.3,,,,,0.0,0.0,11898.9
8040.21,100.0,21867.5,,,,,100.0,100.0,11901.0
8041.21,100.0,21833.3,,,,,100.0,100.0,11901.2
8042.21,100.0,21799.1,,,,,100.0,100.0,11901.2
8043.21,0.0,21799.1,,,,,0.0,0.0,11901.2
8044.21,100.0,21699.0,,,,,100.0,100.0,11895.6
8045.21,0.0,21733.1,,,,,0.0,0.0,11885.9
8046.21,100.0,21767.2,,,,,100.0,100.0,11896.8
8047.21,100.0,21767.2,,,,,100.0,100.0,11886.1
8048.21,100.0,21784.3,,,,,100.0,100.0,11886.9
8049.21,0.0,21835.3,,,,,0.0,0.0,11897.9
8050.22,100.0,21901.3,,,,,100.0,100.0,11899.9
8051.22,100.0,21867.5,,,,,100.0,100.0,11902.2
8052.22,100.0,21833.3,,,,,100.0,100.0,11902.4
8053.22,0.0,21833.3,,,,,0.0,0.0,11902.4
8054.22,100.0,21799.1,,,,,100.0,100.0,11902.4
8055.22,100.0,21698.9,,,,,100.0,100.0,11884.2
8056.22,0.0,21733.1,,,,,0.0,0.0,11879.0
8057.22,100.0,21733.1,,,,,100.0,100.0,11885.1
8058.22,100.0,21767.2,,,,,100.0,100.0,11897.8
8059.22,0.0,21801.3,,,,,0.0,0.0,11885.3
8060.22,100.0,21801.3,,,,,100.0,100.0,11891.8
8061.22,100.0,21901.3,,,,,100.0,100.0,11901.1
8062.22,100.0,21867.5,,,,,100.0,100.0,11903.4
8063.22,0.0,21867.5,,,,,0.0,0.0,11903.4
8064.22,100.0,21833.3,,,,,100.0,100.0,11903.5
8065.22,100.0,21799.1,,,,,100.0,100.0,11903.5
8066.22,100.0,21698.9,,,,,100.0,100.0,11903.7
8067.22,0.0,21699.0,,,,,0.0,0.0,11886.3
8068.22,100.0,21716.1,,,,,100.0,100.0,11897.4
8069.22,0.0,21767.2,,,,,0.0,0.0,11893.1
8070.22,100.0,21784.3,,,,,100.0,100.0,11894.3
8071.22,100.0,21801.3,,,,,100.0,100.0,11893.1
8072.22,100.0,21901.3,,,,,100.0,100.0,11902.3
8073.22,0.0,21901.3,,,,,0.0,0.0,11902.3
8074.22,100.0,21867.5,,,,,100.0,100.0,11904.2
8075.22,100.0,21833.3,,,,,100.0,100.0,11904.4
8076.22,100.0,21799.1,,,,,100.0,100.0,11904.4
8077.22,0.0,21799.1,,,,,0.0,0.0,11904.4
8078.22,100.0,21699.0,,,,,100.0,100.0,11898.8
8079.22,0.0,21733.1,,,,,0.0,0.0,11886.6
8080.22,100.0,21750.2,,,,,100.0,100.0,11896.8
8081.22,100.0,21767.2,,,,,100.0,100.0,11885.9
8082.22,100.0,21784.3,,,,,100.0,100.0,11894.9
8083.22,0.0,21835.3,,,,,0.0,0.0,11901.0
8084.22,100.0,21901.3,,,,,100.0,100.0,11903.1
8085.22,100.0,21867.5,,,,,100.0,100.0,11905.1
8086.22,0.0,21867.5,,,,,0.0,0.0,11905.1
8087.22,100.0,21833.3,,,,,100.0,100.0,11905.3
8088.22,100.0,21799.1,,,,,100.0,100.0,11905.3
8089.22,100.0,21698.9,,,,,100.0,100.0,11905.5
8090.22,0.0,21716.1,,,,,0.0,0.0,11897.5
8091.22,100.0,21733.1,,,,,100.0,100.0,11894.0
8092.22,0.0,21784.3,,,,,0.0,0.0,11896.2
8093.22,100.0,21801.3,,,,,100.0,100.0,11895.8
8094.22,100.0,21818.3,,,,,100.0,100.0,11901.7
8095.22,100.0,21901.3,,,,,100.0,100.0,11904.1
8096.22,0.0,21901.3,,,,,0.0,0.0,11904.1
8097.22,100.0,21867.5,,,,,100.0,100.0,11906.7
8098.22,100.0,21833.3,,,,,100.0,100.0,11906.9
8099.22,100.0,21799.1,,,,,100.0,100.0,11906.9
8100.22,0.0,21799.1,,,,,0.0,0.0,11906.9
8101.22,100.0,21699.0,,,,,100.0,100.0,11901.3
8102.22,0.0,21733.1,,,,,0.0,0.0,11894.9
8103.22,100.0,21767.2,,,,,100.0,100.0,11902.3
8104.22,100.0,21767.2,,,,,100.0,100.0,11893.8
8105.22,100.0,21801.3,,,,,100.0,100.0,11903.5
8106.22,0.0,21835.3,,,,,0.0,0.0,11903.8
8107.22,100.0,21901.3,,,,,100.0,100.0,11905.7
8108.22,100.0,21867.5,,,,,100.0,100.0,11907.8
8109.22,100.0,21833.3,,,,,100.0,100.0,11908.0
8110.22,0.0,21833.3,,,,,0.0,0.0,11908.0
8111.22,100.0,21799.1,,,,,100.0,100.0,11908.0
8112.22,100.0,21698.9,,,,,100.0,100.0,11893.6
8113.22,0.0,21733.1,,,,,0.0,0.0,11885.5
8114.22,100.0,21733.1,,,,,100.0,100.0,11891.9
8115.22,100.0,21767.2,,,,,100.0,100.0,11903.6
8116.22,0.0,21801.3,,,,,0.0,0.0,11892.0
8117.22,100.0,21818.3,,,,,100.0,100.0,11903.0
8118.22,100.0,21901.3,,,,,100.0,100.0,11906.8
8119.23,100.0,21867.5,,,,,100.0,100.0,11909.0
8120.23,0.0,21867.5,,,,,0.0,0.0,11909.0
8121.23,100.0,21833.3,,,,,100.0,100.0,11909.2
8122.23,100.0,21799.1,,,,,100.0,100.0,11909.2
8123.23,100.0,21698.9,,,,,100.0,100.0,11909.4
8124.23,0.0,21699.0,,,,,0.0,0.0,11894.4
8125.23,100.0,21733.1,,,,,100.0,100.0,11897.1
8126.23,0.0,21767.2,,,,,0.0,0.0,11899.3
8127.23,100.0,21801.3,,,,,100.0,100.0,11896.4
8128.23,100.0,21801.3,,,,,100.0,100.0,11899.8
8129.23,100.0,21901.3,,,,,100.0,100.0,11907.6
8130.23,0.0,21901.3,,,,,0.0,0.0,11907.6
8131.23,100.0,21867.5,,,,,100.0,100.0,11909.8
8132.23,100.0,21833.3,,,,,100.0,100.0,11910.0
8133.23,100.0,21799.1,,,,,100.0,100.0,11910.0
8134.23,0.0,21799.1,,,,,0.0,0.0,11910.0
8135.23,100.0,21699.0,,,,,100.0,100.0,11904.4
8136.23,0.0,21733.1,,,,,0.0,0.0,11892.9
8137.23,100.0,21767.2,,,,,100.0,100.0,11905.5
8138.23,100.0,21767.2,,,,,100.0,100.0,11892.7
8139.23,100.0,21784.3,,,,,100.0,100.0,11904.4
8140.23,0.0,21835.3,,,,,0.0,0.0,11906.7
8141.23,100.0,21901.3,,,,,100.0,100.0,11908.7
8142.23,100.0,21867.5,,,,,100.0,100.0,11911.0
8143.23,100.0,21833.3,,,,,100.0,100.0,11911.2
8144.23,0.0,21833.3,,,,,0.0,0.0,11911.2
8145.23,100.0,21799.1,,,,,100.0,100.0,11911.2
8146.23,100.0,21698.9,,,,,100.0,100.0,11911.5
8147.23,0.0,21733.1,,,,,0.0,0.0,11886.7
8148.23,100.0,21733.1,,,,,100.0,100.0,11893.1
8149.23,100.0,21767.2,,,,,100.0,100.0,11906.5
8150.23,0.0,21801.3,,,,,0.0,0.0,11894.5
8151.23,100.0,21818.3,,,,,100.0,100.0,11904.1
8152.23,100.0,21901.3,,,,,100.0,100.0,11910.1
8153.23,100.0,21867.5,,,,,100.0,100.0,11912.2
8154.23,0.0,21867.5,,,,,0.0,0.0,11912.2
8155.23,100.0,21833.3,,,,,100.0,100.0,11912.3
8156.23,100.0,21799.1,,,,,100.0,100.0,11912.3
8157.23,100.0,21698.9,,,,,100.0,100.0,11912.4
8158.23,0.0,21699.0,,,,,0.0,0.0,11894.8
8159.23,100.0,21716.1,,,,,100.0,100.0,11906.7
8160.23,0.0,21767.2,,,,,0.0,0.0,11907.9
8161.23,100.0,21784.3,,,,,100.0,100.0,11899.4
8162.23,100.0,21801.3,,,,,100.0,100.0,11901.9
8163.23,100.0,21901.3,,,,,100.0,100.0,11911.1
8164.23,0.0,21901.3,,,,,0.0,0.0,11911.1
8165.23,100.0,21867.5,,,,,100.0,100.0,11913.4
8166.23,100.0,21833.3,,,,,100.0,100.0,11913.6
8167.23,0.0,21833.3,,,,,0.0,0.0,11913.6
8168.23,100.0,21799.1,,,,,100.0,100.0,11913.6
8169.23,100.0,21699.0,,,,,100.0,100.0,11908.1
8170.23,0.0,21733.1,,,,,0.0,0.0,11895.8
8171.23,100.0,21750.2,,,,,100.0,100.0,11905.0
8172.23,100.0,21767.2,,,,,100.0,100.0,11894.2
8173.23,0.0,21818.3,,,,,0.0,0.0,11904.1
8174.23,100.0,21835.3,,,,,100.0,100.0,11910.6
8175.23,100.0,21901.3,,,,,100.0,100.0,11912.7
8176.23,100.0,21867.5,,,,,100.0,100.0,11914.9
8177.23,0.0,21867.5,,,,,0.0,0.0,11914.9
8178.23,100.0,21833.3,,,,,100.0,100.0,11915.1
8179.23,100.0,21799.1,,,,,100.0,100.0,11915.1
8180.23,100.0,21698.9,,,,,100.0,100.0,11915.3
8181.23,0.0,21699.0,,,,,0.0,0.0,11906.3
8182.23,100.0,21733.1,,,,,100.0,100.0,11901.7
8183.23,0.0,21767.2,,,,,0.0,0.0,11900.3
8184.23,100.0,21801.3,,,,,100.0,100.0,11902.1
8185.23,100.0,21801.3,,,,,100.0,100.0,11905.8
8186.23,100.0,21901.3,,,,,100.0,100.0,11913.9
8187.24,0.0,21901.3,,,,,0.0,0.0,11913.9
8188.24,100.0,21867.5,,,,,100.0,100.0,11916.1
8189.24,100.0,21833.3,,,,,100.0,100.0,11916.3
8190.24,100.0,21799.1,,,,,100.0,100.0,11916.4
8191.24,0.0,21799.1,,,,,0.0,0.0,11916.4
8192.24,100.0,21699.0,,,,,100.0,100.0,11895.5
8193.24,0.0,21733.1,,,,,0.0,0.0,11901.4
8194.24,100.0,21767.2,,,,,100.0,100.0,11911.7
8195.24,100.0,21767.2,,,,,100.0,100.0,11900.4
8196.24,100.0,21784.3,,,,,100.0,100.0,11910.3
8197.24,0.0,21835.3,,,,,0.0,0.0,11912.7
8198.24,100.0,21901.3,,,,,100.0,100.0,11914.8
8199.24,100.0,21867.5,,,,,100.0,100.0,11917.0
8200.24,100.0,21833.3,,,,,100.0,100.0,11917.2
8201.24,0.0,21833.3,,,,,0.0,0.0,11917.2
8202.24,100.0,21799.1,,,,,100.0,100.0,11917.2
8203.24,100.0,21698.9,,,,,100.0,100.0,11900.2
8204.24,0.0,21733.1,,,,,0.0,0.0,11903.7
8205.24,100.0,21733.1,,,,,100.0,100.0,11906.5
8206.24,100.0,21750.2,,,,,100.0,100.0,11902.4
8207.24,0.0,21801.3,,,,,0.0,0.0,11907.0
8208.24,100.0,21818.3,,,,,100.0,100.0,11908.2
8209.24,100.0,21901.3,,,,,100.0,100.0,11915.7
8210.24,100.0,21867.5,,,,,100.0,100.0,11918.0
8211.24,0.0,21867.5,,,,,0.0,0.0,11918.0
8212.24,100.0,21833.3,,,,,100.0,100.0,11918.2
8213.24,100.0,21799.1,,,,,100.0,100.0,11918.2
8214.24,100.0,21698.9,,,,,100.0,100.0,11918.4
8215.24,0.0,21699.0,,,,,0.0,0.0,11901.4
8216.24,100.0,21733.1,,,,,100.0,100.0,11913.2
8217.24,0.0,21767.2,,,,,0.0,0.0,11902.7
8218.24,100.0,21801.3,,,,,100.0,100.0,11914.3
8219.24,100.0,21801.3,,,,,100.0,100.0,11908.2
8220.24,100.0,21901.3,,,,,100.0,100.0,11916.9
8221.24,0.0,21901.3,,,,,0.0,0.0,11916.9
8222.24,100.0,21867.5,,,,,100.0,100.0,11919.2
8223.24,100.0,21833.3,,,,,100.0,100.0,11919.4
8224.24,100.0,21799.1,,,,,100.0,100.0,11919.4
8225.24,0.0,21799.1,,,,,0.0,0.0,11919.4
8226.24,100.0,21699.0,,,,,100.0,100.0,11913.6
8227.24,0.0,21733.1,,,,,0.0,0.0,11899.9
8228.24,100.0,21733.1,,,,,100.0,100.0,11907.5
8229.24,100.0,21767.2,,,,,100.0,100.0,11905.8
8230.24,100.0,21767.2,,,,,100.0,100.0,11903.1
8231.24,0.0,21835.3,,,,,0.0,0.0,11915.8
8232.24,100.0,21901.3,,,,,100.0,100.0,11918.1
8233.24,100.0,21867.5,,,,,100.0,100.0,11920.2
8234.24,100.0,21833.3,,,,,100.0,100.0,11920.4
8235.24,0.0,21833.3,,,,,0.0,0.0,11920.4
8236.24,100.0,21799.1,,,,,100.0,100.0,11920.4
8237.24,100.0,21698.9,,,,,100.0,100.0,11901.3
8238.24,0.0,21733.1,,,,,0.0,0.0,11914.8
8239.24,100.0,21733.1,,,,,100.0,100.0,11915.0
8240.24,100.0,21733.1,,,,,100.0,100.0,11911.5
8241.24,0.0,21801.3,,,,,0.0,0.0,11908.9
8242.24,100.0,21801.3,,,,,100.0,100.0,11908.6
8243.24,100.0,21901.3,,,,,100.0,100.0,11919.1
8244.24,0.0,21901.3,,,,,0.0,0.0,11919.1
8245.24,100.0,21867.5,,,,,100.0,100.0,11921.4
8246.24,100.0,21833.3,,,,,100.0,100.0,11921.5
8247.24,100.0,21799.1,,,,,100.0,100.0,11921.5
8248.24,0.0,21799.1,,,,,0.0,0.0,11921.5
8249.24,100.0,21699.0,,,,,100.0,100.0,11901.9
8250.24,0.0,21750.2,,,,,0.0,0.0,11915.2
8251.25,100.0,21767.2,,,,,100.0,100.0,11917.1
8252.25,100.0,21767.2,,,,,100.0,100.0,11910.5
8253.25,100.0,21801.3,,,,,100.0,100.0,11917.9
8254.25,0.0,21835.3,,,,,0.0,0.0,11918.4
8255.25,100.0,21901.3,,,,,100.0,100.0,11920.3
8256.25,100.0,21867.5,,,,,100.0,100.0,11922.6
8257.25,100.0,21833.3,,,,,100.0,100.0,11922.8
8258.25,0.0,21833.3,,,,,0.0,0.0,11922.8
8259.25,100.0,21799.1,,,,,100.0,100.0,11922.8
8260.25,100.0,21698.9,,,,,100.0,100.0,11910.9
8261.25,0.0,21733.1,,,,,0.0,0.0,11913.9
8262.25,100.0,21733.1,,,,,100.0,100.0,11906.6
8263.25,100.0,21767.2,,,,,100.0,100.0,11908.9
8264.25,0.0,21801.3,,,,,0.0,0.0,11912.9
8265.25,100.0,21818.3,,,,,100.0,100.0,11914.9
8266.25,100.0,21901.3,,,,,100.0,100.0,11921.3
8267.25,100.0,21867.5,,,,,100.0,100.0,11923.4
8268.25,0.0,21867.5,,,,,0.0,0.0,11923.4
8269.25,100.0,21833.3,,,,,100.0,100.0,11923.6
8270.25,100.0,21799.1,,,,,100.0,100.0,11923.6
8271.25,100.0,21698.9,,,,,100.0,100.0,11923.8
8272.25,0.0,21699.0,,,,,0.0,0.0,11908.3
8273.25,100.0,21733.1,,,,,100.0,100.0,11918.7
8274.25,0.0,21767.2,,,,,0.0,0.0,11908.9
8275.25,100.0,21784.3,,,,,100.0,100.0,11919.2
8276.25,100.0,21801.3,,,,,100.0,100.0,11920.0
8277.25,100.0,21901.3,,,,,100.0,100.0,11922.2
8278.25,0.0,21901.3,,,,,0.0,0.0,11922.2
8279.25,100.0,21867.5,,,,,100.0,100.0,11924.5
8280.25,100.0,21833.3,,,,,100.0,100.0,11924.7
8281.25,100.0,21799.1,,,,,100.0,100.0,11924.7
8282.25,0.0,21799.1,,,,,0.0,0.0,11924.7
8283.25,100.0,21699.0,,,,,100.0,100.0,11900.3
8284.25,0.0,21733.1,,,,,0.0,0.0,11907.6
8285.25,100.0,21767.2,,,,,100.0,100.0,11920.2
8286.25,100.0,21767.2,,,,,100.0,100.0,11907.4
8287.25,100.0,21767.2,,,,,100.0,100.0,11917.9
8288.25,0.0,21835.3,,,,,0.0,0.0,11921.7
8289.25,100.0,21901.3,,,,,100.0,100.0,11923.7
8290.25,100.0,21867.5,,,,,100.0,100.0,11925.9
8291.25,100.0,21833.3,,,,,100.0,100.0,11926.1
8292.25,0.0,21833.3,,,,,0.0,0.0,11926.1
8293.25,100.0,21799.1,,,,,100.0,100.0,11926.1
8294.25,100.0,21698.9,,,,,100.0,100.0,11908.2
8295.25,0.0,21733.1,,,,,0.0,0.0,11920.8
8296.25,100.0,21733.1,,,,,100.0,100.0,11913.7
8297.25,100.0,21750.2,,,,,100.0,100.0,11919.2
8298.25,0.0,21801.3,,,,,0.0,0.0,11914.3
8299.25,100.0,21801.3,,,,,100.0,100.0,11912.6
8300.25,100.0,21901.3,,,,,100.0,100.0,11924.6
8301.25,100.0,21867.5,,,,,100.0,100.0,11927.0
8302.25,0.0,21867.5,,,,,0.0,0.0,11927.0
8303.25,100.0,21833.3,,,,,100.0,100.0,11927.2
8304.25,100.0,21799.1,,,,,100.0,100.0,11927.2
8305.25,100.0,21698.9,,,,,100.0,100.0,11927.3
8306.25,0.0,21699.0,,,,,0.0,0.0,11908.8
8307.25,100.0,21716.1,,,,,100.0,100.0,11919.4
8308.25,0.0,21767.2,,,,,0.0,0.0,11907.3
8309.25,100.0,21784.3,,,,,100.0,100.0,11916.8
8310.25,100.0,21801.3,,,,,100.0,100.0,11923.5
8311.25,100.0,21901.3,,,,,100.0,100.0,11925.8
8312.26,0.0,21901.3,,,,,0.0,0.0,11925.8
8313.26,100.0,21867.5,,,,,100.0,100.0,11928.0
8314.26,100.0,21833.3,,,,,100.0,100.0,11928.2
8315.26,0.0,21833.3,,,,,0.0,0.0,11928.2
8316.26,100.0,21799.1,,,,,100.0,100.0,11928.2
8317.26,100.0,21682.0,,,,,100.0,100.0,11922.0
8318.26,0.0,21733.1,,,,,0.0,0.0,11907.6
8319.26,100.0,21733.1,,,,,100.0,100.0,11917.8
8320.26,100.0,21767.2,,,,,100.0,100.0,11907.2
8321.26,0.0,21801.3,,,,,0.0,0.0,11913.7
8322.26,100.0,21835.3,,,,,100.0,100.0,11924.8
8323.26,100.0,21901.3,,,,,100.0,100.0,11927.0
8324.26,100.0,21867.5,,,,,100.0,100.0,11928.9
8325.26,0.0,21867.5,,,,,0.0,0.0,11928.9
8326.26,100.0,21833.3,,,,,100.0,100.0,11929.1
8327.26,100.0,21799.1,,,,,100.0,100.0,11929.1
8328.26,100.0,21698.9,,,,,100.0,100.0,11908.3
8329.26,0.0,21699.0,,,,,0.0,0.0,11917.8
8330.26,100.0,21733.1,,,,,100.0,100.0,11924.2
8331.26,0.0,21767.2,,,,,0.0,0.0,11915.7
8332.26,100.0,21784.3,,,,,100.0,100.0,11923.6
8333.26,100.0,21801.3,,,,,100.0,100.0,11913.4
8334.26,100.0,21901.3,,,,,100.0,100.0,11927.8
8335.26,0.0,21901.3,,,,,0.0,0.0,11927.8
8336.26,100.0,21867.5,,,,,100.0,100.0,11930.2
8337.26,100.0,21833.3,,,,,100.0,100.0,11930.3
8338.26,100.0,21799.1,,,,,100.0,100.0,11930.3
8339.26,0.0,21799.1,,,,,0.0,0.0,11930.3
8340.26,100.0,21699.0,,,,,100.0,100.0,11907.8
8341.26,0.0,21733.1,,,,,0.0,0.0,11916.2
8342.26,100.0,21767.2,,,,,100.0,100.0,11907.4
8343.26,100.0,21767.2,,,,,100.0,100.0,11913.2
8344.26,100.0,21784.3,,,,,100.0,100.0,11923.7
8345.26,0.0,21835.3,,,,,0.0,0.0,11927.0
8346.26,100.0,21901.3,,,,,100.0,100.0,11929.0
8347.26,100.0,21867.5,,,,,100.0,100.0,11931.5
8348.26,100.0,21833.3,,,,,100.0,100.0,11931.6
8349.26,0.0,21833.3,,,,,0.0,0.0,11931.6
8350.26,100.0,21799.1,,,,,100.0,100.0,11931.7
8351.26,100.0,21698.9,,,,,100.0,100.0,11912.8
8352.26,0.0,21716.1,,,,,0.0,0.0,11921.2
8353.26,100.0,21733.1,,,,,100.0,100.0,11910.9
8354.26,0.0,21784.3,,,,,0.0,0.0,11920.3
8355.26,100.0,21784.3,,,,,100.0,100.0,11923.9
8356.26,100.0,21801.3,,,,,100.0,100.0,11924.0
8357.26,100.0,21901.3,,,,,100.0,100.0,11929.9
8358.26,0.0,21901.3,,,,,0.0,0.0,11929.9
8359.26,100.0,21867.5,,,,,100.0,100.0,11932.0
8360.26,100.0,21833.3,,,,,100.0,100.0,11932.2
8361.26,100.0,21799.1,,,,,100.0,100.0,11932.2
8362.26,0.0,21799.1,,,,,0.0,0.0,11932.2
8363.26,100.0,21699.0,,,,,100.0,100.0,11926.6
8364.26,0.0,21733.1,,,,,0.0,0.0,11917.4
8365.26,100.0,21767.2,,,,,100.0,100.0,11918.6
8366.26,100.0,21767.2,,,,,100.0,100.0,11922.0
8367.26,100.0,21784.3,,,,,100.0,100.0,11915.7
8368.26,0.0,21835.3,,,,,0.0,0.0,11928.9
8369.26,100.0,21901.3,,,,,100.0,100.0,11931.0
8370.26,100.0,21867.5,,,,,100.0,100.0,11933.1
8371.26,100.0,21833.3,,,,,100.0,100.0,11933.3
8372.26,0.0,21833.3,,,,,0.0,0.0,11933.3
8373.26,100.0,21799.1,,,,,100.0,100.0,11933.3
8374.26,100.0,21698.9,,,,,100.0,100.0,11916.6
8375.27,0.0,21733.1,,,,,0.0,0.0,11928.1
8376.27,100.0,21733.1,,,,,100.0,100.0,11917.4
8377.27,100.0,21750.2,,,,,100.0,100.0,11928.0
8378.27,0.0,21801.3,,,,,0.0,0.0,11914.0
8379.27,100.0,21801.3,,,,,100.0,100.0,11919.7
8380.27,100.0,21901.3,,,,,100.0,100.0,11931.4
8381.27,100.0,21867.5,,,,,100.0,100.0,11933.3
8382.27,0.0,21867.5,,,,,0.0,0.0,11933.3
8383.27,100.0,21833.3,,,,,100.0,100.0,11933.5
8384.27,100.0,21799.1,,,,,100.0,100.0,11933.5
8385.27,100.0,21698.9,,,,,100.0,100.0,11933.7
8386.27,0.0,21699.0,,,,,0.0,0.0,11916.3
8387.27,100.0,21716.1,,,,,100.0,100.0,11927.8
8388.27,0.0,21767.2,,,,,0.0,0.0,11924.0
8389.27,100.0,21784.3,,,,,100.0,100.0,11924.8
8390.27,100.0,21801.3,,,,,100.0,100.0,11925.2
8391.27,100.0,21901.3,,,,,100.0,100.0,11932.5
8392.27,0.0,21901.3,,,,,0.0,0.0,11932.5
8393.27,100.0,21867.5,,,,,100.0,100.0,11934.7
8394.27,100.0,21833.3,,,,,100.0,100.0,11934.9
8395.27,100.0,21799.1,,,,,100.0,100.0,11934.9
8396.27,0.0,21799.1,,,,,0.0,0.0,11934.9
8397.27,100.0,21699.0,,,,,100.0,100.0,11929.4
8398.27,0.0,21733.1,,,,,0.0,0.0,11918.2
8399.27,100.0,21733.1,,,,,100.0,100.0,11926.5
8400.27,100.0,21767.2,,,,,100.0,100.0,11930.9
8401.27,100.0,21767.2,,,,,100.0,100.0,11923.7
8402.27,0.0,21835.3,,,,,0.0,0.0,11931.7
8403.27,100.0,21901.3,,,,,100.0,100.0,11933.8
8404.27,100.0,21867.5,,,,,100.0,100.0,11936.0
8405.27,100.0,21833.3,,,,,100.0,100.0,11936.2
8406.27,0.0,21833.3,,,,,0.0,0.0,11936.2
8407.27,100.0,21799.1,,,,,100.0,100.0,11936.2
8408.27,100.0,21698.9,,,,,100.0,100.0,11916.7
8409.27,0.0,21699.0,,,,,0.0,0.0,11928.0
8410.27,100.0,21733.1,,,,,100.0,100.0,11916.9
8411.27,0.0,21767.2,,,,,0.0,0.0,11922.7
8412.27,100.0,21801.3,,,,,100.0,100.0,11932.3
8413.27,100.0,21801.3,,,,,100.0,100.0,11921.5
8414.27,100.0,21901.3,,,,,100.0,100.0,11934.9
8415.27,0.0,21901.3,,,,,0.0,0.0,11934.9
8416.27,100.0,21867.5,,,,,100.0,100.0,11937.2
8417.27,100.0,21833.3,,,,,100.0,100.0,11937.4
8418.27,100.0,21799.1,,,,,100.0,100.0,11937.4
8419.27,0.0,21799.1,,,,,0.0,0.0,11937.4
8420.27,100.0,21699.0,,,,,100.0,100.0,11931.7
8421.27,0.0,21733.1,,,,,0.0,0.0,11926.0
8422.27,100.0,21767.2,,,,,100.0,100.0,11926.2
8423.27,100.0,21767.2,,,,,100.0,100.0,11922.7
8424.27,100.0,21801.3,,,,,100.0,100.0,11927.5
8425.27,0.0,21835.3,,,,,0.0,0.0,11934.2
8426.27,100.0,21901.3,,,,,100.0,100.0,11936.3
8427.27,100.0,21867.5,,,,,100.0,100.0,11938.7
8428.27,100.0,21833.3,,,,,100.0,100.0,11938.9
8429.27,0.0,21833.3,,,,,0.0,0.0,11938.9
8430.27,100.0,21799.1,,,,,100.0,100.0,11938.9
8431.27,100.0,21698.9,,,,,100.0,100.0,11924.9
8432.27,0.0,21733.1,,,,,0.0,0.0,11933.4
8433.27,100.0,21733.1,,,,,100.0,100.0,11922.2
8434.27,100.0,21767.2,,,,,100.0,100.0,11934.1
8435.27,0.0,21801.3,,,,,0.0,0.0,11922.4
8436.27,100.0,21801.3,,,,,100.0,100.0,11928.4
8437.28,100.0,21901.3,,,,,100.0,100.0,11937.6
8438.28,100.0,21867.5,,,,,100.0,100.0,11939.8
8439.28,0.0,21867.5,,,,,0.0,0.0,11939.8
8440.28,100.0,21833.3,,,,,100.0,100.0,11940.0
8441.28,100.0,21799.1,,,,,100.0,100.0,11940.0
8442.28,100.0,21698.9,,,,,100.0,100.0,11940.2
8443.28,0.0,21699.0,,,,,0.0,0.0,11924.7
8444.28,100.0,21733.1,,,,,100.0,100.0,11917.0
8445.28,0.0,21767.2,,,,,0.0,0.0,11924.1
8446.28,100.0,21801.3,,,,,100.0,100.0,11936.1
8447.28,100.0,21801.3,,,,,100.0,100.0,11923.1
8448.28,100.0,21901.3,,,,,100.0,100.0,11938.9
8449.28,0.0,21901.3,,,,,0.0,0.0,11938.9
8450.28,100.0,21867.5,,,,,100.0,100.0,11941.3
8451.28,100.0,21833.3,,,,,100.0,100.0,11941.5
8452.28,100.0,21799.1,,,,,100.0,100.0,11941.5
8453.28,0.0,21799.1,,,,,0.0,0.0,11941.5
8454.28,100.0,21699.0,,,,,100.0,100.0,11935.7
8455.28,0.0,21733.1,,,,,0.0,0.0,11925.8
8456.28,100.0,21750.2,,,,,100.0,100.0,11935.1
8457.28,100.0,21767.2,,,,,100.0,100.0,11937.0
8458.28,100.0,21784.3,,,,,100.0,100.0,11923.3
8459.28,0.0,21835.3,,,,,0.0,0.0,11938.0
8460.28,100.0,21901.3,,,,,100.0,100.0,11940.1
8461.28,100.0,21867.5,,,,,100.0,100.0,11942.1
8462.28,100.0,21833.3,,,,,100.0,100.0,11942.3
8463.28,0.0,21833.3,,,,,0.0,0.0,11942.3
8464.28,100.0,21799.1,,,,,100.0,100.0,11942.3
8465.28,100.0,21698.9,,,,,100.0,100.0,11924.1
8466.28,0.0,21733.1,,,,,0.0,0.0,11936.9
8467.28,100.0,21733.1,,,,,100.0,100.0,11925.6
8468.28,100.0,21750.2,,,,,100.0,100.0,11937.0
8469.28,0.0,21801.3,,,,,0.0,0.0,11926.0
8470.28,100.0,21801.3,,,,,100.0,100.0,11934.9
8471.28,100.0,21901.3,,,,,100.0,100.0,11941.1
8472.28,100.0,21867.5,,,,,100.0,100.0,11943.3
8473.28,0.0,21867.5,,,,,0.0,0.0,11943.3
8474.28,100.0,21833.3,,,,,100.0,100.0,11943.4
8475.28,100.0,21799.1,,,,,100.0,100.0,11943.5
8476.28,100.0,21698.9,,,,,100.0,100.0,11943.5
8477.28,0.0,21699.0,,,,,0.0,0.0,11937.8
8478.28,100.0,21733.1,,,,,100.0,100.0,11937.7
8479.28,0.0,21767.2,,,,,0.0,0.0,11938.8
8480.28,100.0,21767.2,,,,,100.0,100.0,11933.7
8481.28,100.0,21801.3,,,,,100.0,100.0,11923.3
8482.28,100.0,21901.3,,,,,100.0,100.0,11942.0
8483.28,0.0,21901.3,,,,,0.0,0.0,11942.0
8484.28,100.0,21867.5,,,,,100.0,100.0,11943.8
8485.28,100.0,21833.3,,,,,100.0,100.0,11944.0
8486.28,0.0,21833.3,,,,,0.0,0.0,11944.0
8487.28,100.0,21799.1,,,,,100.0,100.0,11944.0
8488.28,100.0,21699.0,,,,,100.0,100.0,11938.0
8489.28,0.0,21733.1,,,,,0.0,0.0,11926.5
8490.28,100.0,21750.2,,,,,100.0,100.0,11935.6
8491.28,100.0,21767.2,,,,,100.0,100.0,11939.8
8492.28,0.0,21801.3,,,,,0.0,0.0,11934.1
8493.28,100.0,21835.3,,,,,100.0,100.0,11940.6
8494.28,100.0,21901.3,,,,,100.0,100.0,11942.8
8495.28,100.0,21867.5,,,,,100.0,100.0,11944.8
8496.28,0.0,21867.5,,,,,0.0,0.0,11944.8
8497.28,100.0,21833.3,,,,,100.0,100.0,11945.0
8498.28,100.0,21799.1,,,,,100.0,100.0,11945.0
8499.28,100.0,21698.9,,,,,100.0,100.0,11934.7
8500.28,0.0,21699.0,,,,,0.0,0.0,11935.3
8501.28,100.0,21733.1,,,,,100.0,100.0,11924.4
8502.28,0.0,21767.2,,,,,0.0,0.0,11932.9
8503.29,100.0,21801.3,,,,,100.0,100.0,11925.0
8504.29,100.0,21801.3,,,,,100.0,100.0,11931.3
8505.29,100.0,21901.3,,,,,100.0,100.0,11943.5
8506.29,0.0,21901.3,,,,,0.0,0.0,11943.5
8507.29,100.0,21867.5,,,,,100.0,100.0,11946.1
8508.29,100.0,21833.3,,,,,100.0,100.0,11946.3
8509.29,100.0,21799.1,,,,,100.0,100.0,11946.3
8510.29,0.0,21799.1,,,,,0.0,0.0,11946.3
8511.29,100.0,21699.0,,,,,100.0,100.0,11940.7
8512.29,0.0,21733.1,,,,,0.0,0.0,11932.5
8513.29,100.0,21767.2,,,,,100.0,100.0,11941.7
8514.29,100.0,21767.2,,,,,100.0,100.0,11931.1
8515.29,100.0,21801.3,,,,,100.0,100.0,11942.6
8516.29,0.0,21835.3,,,,,0.0,0.0,11942.9
8517.29,100.0,21901.3,,,,,100.0,100.0,11945.0
8518.29,100.0,21867.5,,,,,100.0,100.0,11947.0
8519.29,100.0,21833.3,,,,,100.0,100.0,11947.1
8520.29,0.0,21833.3,,,,,0.0,0.0,11947.1
8521.29,100.0,21799.1,,,,,100.0,100.0,11947.1
8522.29,100.0,21698.9,,,,,100.0,100.0,11931.3
8523.29,0.0,21733.1,,,,,0.0,0.0,11924.7
8524.29,100.0,21733.1,,,,,100.0,100.0,11931.5
8525.29,100.0,21767.2,,,,,100.0,100.0,11942.4
8526.29,0.0,21801.3,,,,,0.0,0.0,11932.0
8527.29,100.0,21818.3,,,,,100.0,100.0,11940.6
8528.29,100.0,21901.3,,,,,100.0,100.0,11945.9
8529.29,100.0,21867.5,,,,,100.0,100.0,11948.0
8530.29,0.0,21867.5,,,,,0.0,0.0,11948.0
8531.29,100.0,21833.3,,,,,100.0,100.0,11948.2
8532.29,100.0,21799.1,,,,,100.0,100.0,11948.2
8533.29,100.0,21698.9,,,,,100.0,100.0,11948.3
8534.29,0.0,21699.0,,,,,0.0,0.0,11932.2
8535.29,100.0,21733.1,,,,,100.0,100.0,11934.2
8536.29,0.0,21767.2,,,,,0.0,0.0,11932.2
8537.29,100.0,21801.3,,,,,100.0,100.0,11944.4
8538.29,100.0,21801.3,,,,,100.0,100.0,11932.2
8539.29,100.0,21901.3,,,,,100.0,100.0,11946.9
8540.29,0.0,21901.3,,,,,0.0,0.0,11946.9
8541.29,100.0,21867.5,,,,,100.0,100.0,11949.3
8542.29,100.0,21833.3,,,,,100.0,100.0,11949.5
8543.29,100.0,21799.1,,,,,100.0,100.0,11949.5
8544.29,0.0,21799.1,,,,,0.0,0.0,11949.5
8545.29,100.0,21699.0,,,,,100.0,100.0,11944.0
8546.29,0.0,21733.1,,,,,0.0,0.0,11932.5
8547.29,100.0,21750.2,,,,,100.0,100.0,11940.8
8548.29,100.0,21767.2,,,,,100.0,100.0,11930.8
8549.29,100.0,21767.2,,,,,100.0,100.0,11937.8
8550.29,0.0,21835.3,,,,,0.0,0.0,11946.3
8551.29,100.0,21901.3,,,,,100.0,100.0,11948.4
8552.29,100.0,21867.5,,,,,100.0,100.0,11950.3
8553.29,100.0,21833.3,,,,,100.0,100.0,11950.5
8554.29,0.0,21833.3,,,,,0.0,0.0,11950.5
8555.29,100.0,21799.1,,,,,100.0,100.0,11950.5
8556.29,100.0,21698.9,,,,,100.0,100.0,11931.8
8557.3,0.0,21733.1,,,,,0.0,0.0,11945.1
8558.3,100.0,21733.1,,,,,100.0,100.0,11931.8
8559.3,100.0,21733.1,,,,,100.0,100.0,11941.5
8560.3,0.0,21801.3,,,,,0.0,0.0,11931.2
8561.3,100.0,21801.3,,,,,100.0,100.0,11937.1
8562.3,100.0,21901.3,,,,,100.0,100.0,11949.3
8563.3,100.0,21867.5,,,,,100.0,100.0,11951.3
8564.3,0.0,21867.5,,,,,0.0,0.0,11951.3
8565.3,100.0,21833.3,,,,,100.0,100.0,11951.5
8566.3,100.0,21799.1,,,,,100.0,100.0,11951.5
8567.3,100.0,21754.9,,,,,100.0,100.0,11951.6
8568.3,1.27,21699.0,,,,,1.27,1.28,11946.1
8569.3,100.0,21716.1,,,,,100.0,100.0,11945.4
8570.3,0.0,21767.2,,,,,0.0,0.0,11947.2
8571.3,100.0,21767.2,,,,,100.0,100.0,11940.6
8572.3,100.0,21801.3,,,,,100.0,100.0,11941.0
8573.3,0.0,21835.3,,,,,0.0,0.0,11948.5
8574.3,100.0,21901.3,,,,,100.0,100.0,11950.6
8575.3,100.0,21867.5,,,,,100.0,100.0,11952.8
8576.3,100.0,21833.3,,,,,100.0,100.0,11953.0
8577.3,0.0,21833.3,,,,,0.0,0.0,11953.0
8578.3,100.0,21799.1,,,,,100.0,100.0,11953.0
8579.3,100.0,21664.9,,,,,100.0,100.0,11944.2
8580.3,0.0,21733.1,,,,,0.0,0.0,11934.8
8581.3,100.0,21750.2,,,,,100.0,100.0,11943.9
8582.3,100.0,21767.2,,,,,100.0,100.0,11948.9
8583.3,0.0,21818.3,,,,,0.0,0.0,11943.6
8584.3,100.0,21835.3,,,,,100.0,100.0,11949.5
8585.3,100.0,21901.3,,,,,100.0,100.0,11951.6
8586.3,100.0,21867.5,,,,,100.0,100.0,11953.5
8587.3,0.0,21867.5,,,,,0.0,0.0,11953.5
8588.3,100.0,21833.3,,,,,100.0,100.0,11953.6
8589.3,100.0,21799.1,,,,,100.0,100.0,11953.6
8590.3,100.0,21698.9,,,,,100.0,100.0,11953.8
8591.3,0.0,21699.0,,,,,0.0,0.0,11941.3
8592.3,100.0,21733.1,,,,,100.0,100.0,11932.8
8593.3,0.0,21767.2,,,,,0.0,0.0,11938.2
8594.3,100.0,21801.3,,,,,100.0,100.0,11930.7
8595.3,100.0,21801.3,,,,,100.0,100.0,11936.7
8596.3,100.0,21901.3,,,,,100.0,100.0,11952.3
8597.3,0.0,21901.3,,,,,0.0,0.0,11952.3
8598.3,100.0,21867.5,,,,,100.0,100.0,11954.6
8599.3,100.0,21833.3,,,,,100.0,100.0,11954.8
8600.3,100.0,21799.1,,,,,100.0,100.0,11954.8
8601.3,0.0,21799.1,,,,,0.0,0.0,11954.8
8602.3,100.0,21699.0,,,,,100.0,100.0,11949.3
8603.3,0.0,21733.1,,,,,0.0,0.0,11939.9
8604.3,100.0,21767.2,,,,,100.0,100.0,11950.2
8605.3,100.0,21767.2,,,,,100.0,100.0,11939.3
8606.3,100.0,21801.3,,,,,100.0,100.0,11950.9
8607.3,0.0,21835.3,,,,,0.0,0.0,11951.4
8608.3,100.0,21901.3,,,,,100.0,100.0,11953.4
8609.3,100.0,21867.5,,,,,100.0,100.0,11955.3
8610.3,100.0,21833.3,,,,,100.0,100.0,11955.4
8611.3,0.0,21833.3,,,,,0.0,0.0,11955.4
8612.3,100.0,21799.1,,,,,100.0,100.0,11955.4
8613.3,100.0,21698.9,,,,,100.0,100.0,11938.4
8614.3,0.0,21733.1,,,,,0.0,0.0,11932.3
8615.3,100.0,21733.1,,,,,100.0,100.0,11939.2
8616.3,100.0,21767.2,,,,,100.0,100.0,11950.9
8617.3,0.0,21801.3,,,,,0.0,0.0,11939.9
8618.3,100.0,21818.3,,,,,100.0,100.0,11947.8
8619.3,100.0,21901.3,,,,,100.0,100.0,11954.0
8620.3,100.0,21867.5,,,,,100.0,100.0,11956.1
8621.3,0.0,21867.5,,,,,0.0,0.0,11956.1
8622.3,100.0,21833.3,,,,,100.0,100.0,11956.3
8623.3,100.0,21799.1,,,,,100.0,100.0,11956.3
8624.31,100.0,21698.9,,,,,100.0,100.0,11956.3
8625.31,0.0,21699.0,,,,,0.0,0.0,11940.1
8626.31,100.0,21733.1,,,,,100.0,100.0,11951.1
8627.31,0.0,21767.2,,,,,0.0,0.0,11952.0
8628.31,100.0,21784.3,,,,,100.0,100.0,11950.8
8629.31,100.0,21801.3,,,,,100.0,100.0,11945.6
8630.31,100.0,21901.3,,,,,100.0,100.0,11955.1
8631.31,0.0,21901.3,,,,,0.0,0.0,11955.1
8632.31,100.0,21867.5,,,,,100.0,100.0,11957.2
8633.31,100.0,21833.3,,,,,100.0,100.0,11957.4
8634.31,100.0,21799.1,,,,,100.0,100.0,11957.4
8635.31,0.0,21799.1,,,,,0.0,0.0,11957.4
8636.31,100.0,21699.0,,,,,100.0,100.0,11951.5
8637.31,0.0,21733.1,,,,,0.0,0.0,11940.0
8638.31,100.0,21767.2,,,,,100.0,100.0,11952.4
8639.31,100.0,21767.2,,,,,100.0,100.0,11940.5
8640.31,100.0,21801.3,,,,,100.0,100.0,11953.2
8641.31,0.0,21835.3,,,,,0.0,0.0,11953.9
8642.31,100.0,21901.3,,,,,100.0,100.0,11955.9
8643.31,100.0,21867.5,,,,,100.0,100.0,11958.0
8644.31,100.0,21833.3,,,,,100.0,100.0,11958.2
8645.31,0.0,21833.3,,,,,0.0,0.0,11958.2
8646.31,100.0,21799.1,,,,,100.0,100.0,11958.2
8647.31,100.0,21698.9,,,,,100.0,100.0,11958.3
8648.31,0.0,21733.1,,,,,0.0,0.0,11952.5
8649.31,100.0,21733.1,,,,,100.0,100.0,11937.4
8650.31,100.0,21733.1,,,,,100.0,100.0,11944.4
8651.31,0.0,21801.3,,,,,0.0,0.0,11945.4
8652.31,100.0,21801.3,,,,,100.0,100.0,11948.8
8653.31,100.0,21901.3,,,,,100.0,100.0,11956.7
8654.31,0.0,21901.3,,,,,0.0,0.0,11956.7
8655.31,100.0,21867.5,,,,,100.0,100.0,11959.1
8656.31,100.0,21833.3,,,,,100.0,100.0,11959.3
8657.31,100.0,21799.1,,,,,100.0,100.0,11959.3
8658.31,0.0,21799.1,,,,,0.0,0.0,11959.3
8659.31,100.0,21699.0,,,,,100.0,100.0,11939.9
8660.31,0.0,21733.1,,,,,0.0,0.0,11951.4
8661.31,100.0,21767.2,,,,,100.0,100.0,11954.7
8662.31,100.0,21767.2,,,,,100.0,100.0,11945.1
8663.31,100.0,21801.3,,,,,100.0,100.0,11955.6
8664.31,0.0,21835.3,,,,,0.0,0.0,11955.8
8665.31,100.0,21901.3,,,,,100.0,100.0,11957.8
8666.31,100.0,21867.5,,,,,100.0,100.0,11959.6
8667.31,100.0,21833.3,,,,,100.0,100.0,11959.8
8668.31,0.0,21833.3,,,,,0.0,0.0,11959.8
8669.31,100.0,21799.1,,,,,100.0,100.0,11959.8
8670.31,100.0,21698.9,,,,,100.0,100.0,11949.0
8671.31,0.0,21733.1,,,,,0.0,0.0,11938.9
8672.31,100.0,21733.1,,,,,100.0,100.0,11947.0
8673.31,100.0,21767.2,,,,,100.0,100.0,11955.7
8674.31,0.0,21801.3,,,,,0.0,0.0,11946.8
8675.31,100.0,21835.3,,,,,100.0,100.0,11956.1
8676.31,100.0,21901.3,,,,,100.0,100.0,11958.3
8677.31,100.0,21867.5,,,,,100.0,100.0,11960.3
8678.31,0.0,21867.5,,,,,0.0,0.0,11960.3
8679.31,100.0,21833.3,,,,,100.0,100.0,11960.5
8680.31,100.0,21799.1,,,,,100.0,100.0,11960.5
8681.31,100.0,21698.9,,,,,100.0,100.0,11960.6
8682.31,0.0,21699.0,,,,,0.0,0.0,11948.5
8683.31,100.0,21733.1,,,,,100.0,100.0,11947.7
8684.31,0.0,21767.2,,,,,0.0,0.0,11945.4
8685.31,100.0,21801.3,,,,,100.0,100.0,11938.0
8686.31,100.0,21801.3,,,,,100.0,100.0,11944.1
8687.31,100.0,21901.3,,,,,100.0,100.0,11959.3
8688.31,0.0,21901.3,,,,,0.0,0.0,11959.3
8689.31,100.0,21867.5,,,,,100.0,100.0,11961.3
8690.32,100.0,21833.3,,,,,100.0,100.0,11961.5
8691.32,100.0,21799.1,,,,,100.0,100.0,11961.5
8692.32,0.0,21799.1,,,,,0.0,0.0,11961.5
8693.32,100.0,21699.0,,,,,100.0,100.0,11955.9
8694.32,0.0,21733.1,,,,,0.0,0.0,11944.8
8695.32,100.0,21767.2,,,,,100.0,100.0,11956.8
8696.32,100.0,21767.2,,,,,100.0,100.0,11944.9
8697.32,100.0,21784.3,,,,,100.0,100.0,11957.4
8698.32,0.0,21835.3,,,,,0.0,0.0,11958.0
8699.32,100.0,21901.3,,,,,100.0,100.0,11959.9
8700.32,100.0,21867.5,,,,,100.0,100.0,11962.2
8701.32,100.0,21833.3,,,,,100.0,100.0,11962.3
8702.32,0.0,21833.3,,,,,0.0,0.0,11962.3
8703.32,100.0,21799.1,,,,,100.0,100.0,11962.3
8704.32,100.0,21698.9,,,,,100.0,100.0,11944.5
8705.32,0.0,21733.1,,,,,0.0,0.0,11938.6
8706.32,100.0,21733.1,,,,,100.0,100.0,11944.5
8707.32,100.0,21767.2,,,,,100.0,100.0,11957.7
8708.32,0.0,21801.3,,,,,0.0,0.0,11945.0
8709.32,100.0,21818.3,,,,,100.0,100.0,11956.3
8710.32,100.0,21901.3,,,,,100.0,100.0,11961.0
8711.32,100.0,21867.5,,,,,100.0,100.0,11963.1
8712.32,0.0,21867.5,,,,,0.0,0.0,11963.1
8713.32,100.0,21833.3,,,,,100.0,100.0,11963.3
8714.32,100.0,21799.1,,,,,100.0,100.0,11963.3
8715.32,100.0,21698.9,,,,,100.0,100.0,11963.3
8716.32,0.0,21699.0,,,,,0.0,0.0,11945.8
8717.32,100.0,21733.1,,,,,100.0,100.0,11958.2
8718.32,0.0,21767.2,,,,,0.0,0.0,11958.7
8719.32,100.0,21767.2,,,,,100.0,100.0,11955.8
8720.32,100.0,21801.3,,,,,100.0,100.0,11959.6
8721.32,100.0,21901.3,,,,,100.0,100.0,11962.0
8722.32,0.0,21901.3,,,,,0.0,0.0,11962.0
8723.32,100.0,21867.5,,,,,100.0,100.0,11963.7
8724.32,100.0,21833.3,,,,,100.0,100.0,11963.9
8725.32,100.0,21799.1,,,,,100.0,100.0,11963.9
8726.32,0.0,21799.1,,,,,0.0,0.0,11963.9
8727.32,100.0,21699.0,,,,,100.0,100.0,11958.1
8728.32,0.0,21733.1,,,,,0.0,0.0,11945.7
8729.32,100.0,21750.2,,,,,100.0,100.0,11956.9
8730.32,100.0,21767.2,,,,,100.0,100.0,11945.3
8731.32,100.0,21767.2,,,,,100.0,100.0,11951.4
8732.32,0.0,21835.3,,,,,0.0,0.0,11960.4
8733.32,100.0,21901.3,,,,,100.0,100.0,11962.3
8734.32,100.0,21867.5,,,,,100.0,100.0,11964.6
8735.32,100.0,21833.3,,,,,100.0,100.0,11964.8
8736.32,0.0,21833.3,,,,,0.0,0.0,11964.8
8737.32,100.0,21799.1,,,,,100.0,100.0,11964.8
8738.32,100.0,21698.9,,,,,100.0,100.0,11964.9
8739.32,0.0,21733.1,,,,,0.0,0.0,11949.2
8740.32,100.0,21733.1,,,,,100.0,100.0,11944.7
8741.32,0.0,21767.2,,,,,0.0,0.0,11954.5
8742.32,100.0,21801.3,,,,,100.0,100.0,11943.4
8743.32,100.0,21801.3,,,,,100.0,100.0,11951.1
8744.32,100.0,21901.3,,,,,100.0,100.0,11963.3
8745.32,0.0,21901.3,,,,,0.0,0.0,11963.3
8746.32,100.0,21867.5,,,,,100.0,100.0,11965.4
8747.32,100.0,21833.3,,,,,100.0,100.0,11965.6
8748.32,100.0,21799.1,,,,,100.0,100.0,11965.6
8749.32,0.0,21799.1,,,,,0.0,0.0,11965.6
8750.32,100.0,21699.0,,,,,100.0,100.0,11945.8
8751.32,0.0,21733.1,,,,,0.0,0.0,11955.1
8752.32,100.0,21767.2,,,,,100.0,100.0,11961.1
8753.32,100.0,21767.2,,,,,100.0,100.0,11951.7
8754.32,100.0,21801.3,,,,,100.0,100.0,11961.5
8755.32,0.0,21835.3,,,,,0.0,0.0,11961.9
8756.33,100.0,21901.3,,,,,100.0,100.0,11963.8
8757.33,100.0,21867.5,,,,,100.0,100.0,11966.1
8758.33,100.0,21833.3,,,,,100.0,100.0,11966.3
8759.33,0.0,21833.3,,,,,0.0,0.0,11966.3
8760.33,100.0,21799.1,,,,,100.0,100.0,11966.3
8761.33,100.0,21698.9,,,,,100.0,100.0,11953.0
8762.33,0.0,21733.1,,,,,0.0,0.0,11946.0
8763.33,100.0,21733.1,,,,,100.0,100.0,11953.1
8764.33,100.0,21767.2,,,,,100.0,100.0,11943.6
8765.33,0.0,21801.3,,,,,0.0,0.0,11950.5
8766.33,100.0,21835.3,,,,,100.0,100.0,11962.7
8767.33,100.0,21901.3,,,,,100.0,100.0,11964.9
8768.33,100.0,21867.5,,,,,100.0,100.0,11967.0
8769.33,0.0,21867.5,,,,,0.0,0.0,11967.0
8770.33,100.0,21833.3,,,,,100.0,100.0,11967.2
8771.33,100.0,21799.1,,,,,100.0,100.0,11967.2
8772.33,100.0,21698.9,,,,,100.0,100.0,11967.3
8773.33,0.0,21699.0,,,,,0.0,0.0,11953.3
8774.33,100.0,21733.1,,,,,100.0,100.0,11962.0
8775.33,0.0,21767.2,,,,,0.0,0.0,11952.4
8776.33,100.0,21801.3,,,,,100.0,100.0,11954.2
8777.33,100.0,21801.3,,,,,100.0,100.0,11957.2
8778.33,100.0,21901.3,,,,,100.0,100.0,11965.6
8779.33,0.0,21901.3,,,,,0.0,0.0,11965.6
8780.33,100.0,21867.5,,,,,100.0,100.0,11967.9
8781.33,100.0,21833.3,,,,,100.0,100.0,11968.1
8782.33,100.0,21799.1,,,,,100.0,100.0,11968.1
8783.33,0.0,21799.1,,,,,0.0,0.0,11968.1
8784.33,100.0,21699.0,,,,,100.0,100.0,11962.3
8785.33,0.0,21733.1,,,,,0.0,0.0,11950.8
8786.33,100.0,21767.2,,,,,100.0,100.0,11963.4
8787.33,100.0,21767.2,,,,,100.0,100.0,11951.3
8788.33,100.0,21801.3,,,,,100.0,100.0,11963.9
8789.33,0.0,21835.3,,,,,0.0,0.0,11964.6
8790.33,100.0,21901.3,,,,,100.0,100.0,11966.6
8791.33,100.0,21867.5,,,,,100.0,100.0,11968.7
8792.33,100.0,21833.3,,,,,100.0,100.0,11968.8
8793.33,0.0,21833.3,,,,,0.0,0.0,11968.8
8794.33,100.0,21799.1,,,,,100.0,100.0,11968.8
8795.33,100.0,21698.9,,,,,100.0,100.0,11950.2
8796.33,0.0,21733.1,,,,,0.0,0.0,11953.7
8797.33,100.0,21733.1,,,,,100.0,100.0,11950.4
8798.33,100.0,21767.2,,,,,100.0,100.0,11964.0
8799.33,0.0,21801.3,,,,,0.0,0.0,11950.2
8800.33,100.0,21818.3,,,,,100.0,100.0,11960.9
8801.33,100.0,21901.3,,,,,100.0,100.0,11967.3
8802.33,100.0,21867.5,,,,,100.0,100.0,11969.3
8803.33,0.0,21867.5,,,,,0.0,0.0,11969.3
8804.33,100.0,21833.3,,,,,100.0,100.0,11969.4
8805.33,100.0,21799.1,,,,,100.0,100.0,11969.4
8806.33,100.0,21698.9,,,,,100.0,100.0,11969.5
8807.33,0.0,21699.0,,,,,0.0,0.0,11950.8
8808.33,100.0,21716.1,,,,,100.0,100.0,11962.7
8809.33,0.0,21767.2,,,,,0.0,0.0,11950.7
8810.33,100.0,21767.2,,,,,100.0,100.0,11956.5
8811.33,100.0,21801.3,,,,,100.0,100.0,11965.6
8812.33,100.0,21901.3,,,,,100.0,100.0,11968.2
8813.33,0.0,21901.3,,,,,0.0,0.0,11968.2
8814.33,100.0,21867.5,,,,,100.0,100.0,11970.4
8815.33,100.0,21833.3,,,,,100.0,100.0,11970.6
8816.33,0.0,21833.3,,,,,0.0,0.0,11970.6
8817.33,100.0,21799.1,,,,,100.0,100.0,11970.6
8818.33,100.0,21699.0,,,,,100.0,100.0,11964.4
8819.33,0.0,21733.1,,,,,0.0,0.0,11950.5
8820.33,100.0,21750.2,,,,,100.0,100.0,11961.9
8821.33,100.0,21767.2,,,,,100.0,100.0,11951.0
8822.33,0.0,21801.3,,,,,0.0,0.0,11956.5
8823.34,100.0,21835.3,,,,,100.0,100.0,11966.9
8824.34,100.0,21901.3,,,,,100.0,100.0,11969.1
8825.34,100.0,21867.5,,,,,100.0,100.0,11971.1
8826.34,0.0,21867.5,,,,,0.0,0.0,11971.1
8827.34,100.0,21833.3,,,,,100.0,100.0,11971.3
8828.34,100.0,21799.1,,,,,100.0,100.0,11971.3
8829.34,100.0,21698.9,,,,,100.0,100.0,11971.4
8830.34,0.0,21699.0,,,,,0.0,0.0,11964.0
8831.34,100.0,21733.1,,,,,100.0,100.0,11966.2
8832.34,0.0,21767.2,,,,,0.0,0.0,11960.8
8833.34,100.0,21801.3,,,,,100.0,100.0,11960.2
8834.34,100.0,21801.3,,,,,100.0,100.0,11957.0
8835.34,100.0,21901.3,,,,,100.0,100.0,11970.0
8836.34,0.0,21901.3,,,,,0.0,0.0,11970.0
8837.34,100.0,21867.5,,,,,100.0,100.0,11972.2
8838.34,100.0,21833.3,,,,,100.0,100.0,11972.4
8839.34,100.0,21799.1,,,,,100.0,100.0,11972.4
8840.34,0.0,21799.1,,,,,0.0,0.0,11972.4
8841.34,100.0,21699.0,,,,,100.0,100.0,11951.4
8842.34,0.0,21733.1,,,,,0.0,0.0,11957.9
8843.34,100.0,21767.2,,,,,100.0,100.0,11967.7
8844.34,100.0,21767.2,,,,,100.0,100.0,11955.1
8845.34,100.0,21801.3,,,,,100.0,100.0,11968.3
8846.34,0.0,21835.3,,,,,0.0,0.0,11969.0
8847.34,100.0,21901.3,,,,,100.0,100.0,11971.0
8848.34,100.0,21867.5,,,,,100.0,100.0,11973.2
8849.34,100.0,21833.3,,,,,100.0,100.0,11973.4
8850.34,0.0,21833.3,,,,,0.0,0.0,11973.4
8851.34,100.0,21799.1,,,,,100.0,100.0,11973.4
8852.34,100.0,21698.9,,,,,100.0,100.0,11958.6
8853.34,0.0,21733.1,,,,,0.0,0.0,11959.1
8854.34,100.0,21733.1,,,,,100.0,100.0,11962.2
8855.34,100.0,21767.2,,,,,100.0,100.0,11958.7
8856.34,0.0,21801.3,,,,,0.0,0.0,11954.1
8857.34,100.0,21801.3,,,,,100.0,100.0,11965.1
8858.34,100.0,21901.3,,,,,100.0,100.0,11971.9
8859.34,100.0,21867.5,,,,,100.0,100.0,11974.2
8860.34,0.0,21867.5,,,,,0.0,0.0,11974.2
8861.34,100.0,21833.3,,,,,100.0,100.0,11974.4
8862.34,100.0,21799.1,,,,,100.0,100.0,11974.4
8863.34,100.0,21698.9,,,,,100.0,100.0,11974.4
8864.34,0.0,21699.0,,,,,0.0,0.0,11957.5
8865.34,100.0,21733.1,,,,,100.0,100.0,11968.9
8866.34,0.0,21767.2,,,,,0.0,0.0,11957.8
8867.34,100.0,21801.3,,,,,100.0,100.0,11970.4
8868.34,100.0,21801.3,,,,,100.0,100.0,11964.2
8869.34,100.0,21901.3,,,,,100.0,100.0,11972.7
8870.34,0.0,21901.3,,,,,0.0,0.0,11972.7
8871.34,100.0,21867.5,,,,,100.0,100.0,11975.3
8872.34,100.0,21833.3,,,,,100.0,100.0,11975.4
8873.34,100.0,21799.1,,,,,100.0,100.0,11975.4
8874.34,0.0,21799.1,,,,,0.0,0.0,11975.4
8875.34,100.0,21699.0,,,,,100.0,100.0,11949.6
8876.34,0.0,21733.1,,,,,0.0,0.0,11957.5
8877.34,100.0,21767.2,,,,,100.0,100.0,11970.8
8878.34,100.0,21767.2,,,,,100.0,100.0,11957.6
8879.34,100.0,21784.3,,,,,100.0,100.0,11969.9
8880.34,0.0,21835.3,,,,,0.0,0.0,11971.9
8881.34,100.0,21901.3,,,,,100.0,100.0,11974.0
8882.34,100.0,21867.5,,,,,100.0,100.0,11975.9
8883.34,100.0,21833.3,,,,,100.0,100.0,11976.1
8884.34,0.0,21833.3,,,,,0.0,0.0,11976.1
8885.34,100.0,21799.1,,,,,100.0,100.0,11976.1
8886.34,100.0,21698.9,,,,,100.0,100.0,11956.8
8887.34,0.0,21733.1,,,,,0.0,0.0,11970.6
8888.34,100.0,21733.1,,,,,100.0,100.0,11963.9
8889.34,100.0,21750.2,,,,,100.0,100.0,11967.9
8890.34,0.0,21801.3,,,,,0.0,0.0,11964.9
8891.34,100.0,21801.3,,,,,100.0,100.0,11965.3
8892.35,100.0,21901.3,,,,,100.0,100.0,11974.9
8893.35,100.0,21867.3,,,,,100.0,100.0,11977.4
8894.35,0.0,21867.5,,,,,0.0,0.0,11977.4
8895.35,100.0,21833.3,,,,,100.0,100.0,11977.6
8896.35,100.0,21799.1,,,,,100.0,100.0,11977.6
8897.35,0.0,21799.1,,,,,0.0,0.0,11977.6
8898.35,100.0,21699.0,,,,,100.0,100.0,11957.9
8899.35,100.0,21733.1,,,,,100.0,100.0,11971.1
8900.35,0.0,21767.2,,,,,0.0,0.0,11958.6
8901.35,100.0,21784.3,,,,,100.0,100.0,11967.4
8902.35,100.0,21801.3,,,,,100.0,100.0,11973.7
8903.35,0.0,21835.3,,,,,0.0,0.0,11974.1
8904.35,100.0,21901.3,,,,,100.0,100.0,11976.2
8905.35,100.0,21867.5,,,,,100.0,100.0,11978.4
8906.35,100.0,21833.3,,,,,100.0,100.0,11978.6
8907.35,0.0,21833.3,,,,,0.0,0.0,11978.6
8908.35,100.0,21799.1,,,,,100.0,100.0,11978.6
8909.35,100.0,21681.9,,,,,100.0,100.0,11969.3
8910.35,0.0,21733.1,,,,,0.0,0.0,11965.9
8911.35,100.0,21733.1,,,,,100.0,100.0,11965.7
8912.35,100.0,21767.2,,,,,100.0,100.0,11965.1
8913.35,0.0,21801.3,,,,,0.0,0.0,11963.4
8914.35,100.0,21835.3,,,,,100.0,100.0,11975.3
8915.35,100.0,21901.3,,,,,100.0,100.0,11977.3
8916.35,100.0,21867.5,,,,,100.0,100.0,11979.3
8917.35,0.0,21867.5,,,,,0.0,0.0,11979.3
8918.35,100.0,21833.3,,,,,100.0,100.0,11979.5
8919.35,100.0,21799.1,,,,,100.0,100.0,11979.5
8920.35,100.0,21698.9,,,,,100.0,100.0,11956.4
8921.35,0.0,21699.0,,,,,0.0,0.0,11967.5
8922.35,100.0,21733.1,,,,,100.0,100.0,11974.2
8923.35,0.0,21767.2,,,,,0.0,0.0,11964.4
8924.35,100.0,21801.3,,,,,100.0,100.0,11975.3
8925.35,100.0,21801.3,,,,,100.0,100.0,11963.0
8926.35,100.0,21901.3,,,,,100.0,100.0,11977.8
8927.35,0.0,21901.3,,,,,0.0,0.0,11977.8
8928.35,100.0,21867.5,,,,,100.0,100.0,11980.3
8929.35,100.0,21833.3,,,,,100.0,100.0,11980.4
8930.35,100.0,21799.1,,,,,100.0,100.0,11980.4
8931.35,0.0,21799.1,,,,,0.0,0.0,11980.4
8932.35,100.0,21699.0,,,,,100.0,100.0,11955.4
8933.35,0.0,21733.1,,,,,0.0,0.0,11963.0
8934.35,100.0,21767.2,,,,,100.0,100.0,11975.6
8935.35,100.0,21767.2,,,,,100.0,100.0,11961.6
8936.35,100.0,21767.2,,,,,100.0,100.0,11972.3
8937.35,0.0,21835.3,,,,,0.0,0.0,11976.9
8938.35,100.0,21901.3,,,,,100.0,100.0,11978.9
8939.35,100.0,21867.5,,,,,100.0,100.0,11981.5
8940.35,100.0,21833.3,,,,,100.0,100.0,11981.7
8941.35,0.0,21833.3,,,,,0.0,0.0,11981.7
8942.35,100.0,21799.1,,,,,100.0,100.0,11981.7
8943.35,100.0,21698.9,,,,,100.0,100.0,11964.0
8944.35,0.0,21733.1,,,,,0.0,0.0,11976.1
8945.35,100.0,21733.1,,,,,100.0,100.0,11963.8
8946.35,100.0,21767.2,,,,,100.0,100.0,11976.7
8947.35,0.0,21801.3,,,,,0.0,0.0,11969.9
8948.35,100.0,21801.3,,,,,100.0,100.0,11973.9
8949.35,100.0,21901.3,,,,,100.0,100.0,11980.1
8950.35,100.0,21867.5,,,,,100.0,100.0,11982.4
8951.35,0.0,21867.5,,,,,0.0,0.0,11982.4
8952.35,100.0,21833.3,,,,,100.0,100.0,11982.6
8953.35,100.0,21799.1,,,,,100.0,100.0,11982.6
8954.35,100.0,21698.9,,,,,100.0,100.0,11982.7
8955.35,0.0,21699.0,,,,,0.0,0.0,11963.6
8956.35,100.0,21733.1,,,,,100.0,100.0,11977.5
8957.36,0.0,21767.2,,,,,0.0,0.0,11964.7
8958.36,100.0,21784.3,,,,,100.0,100.0,11974.4
8959.36,100.0,21801.3,,,,,100.0,100.0,11978.7
8960.36,100.0,21901.3,,,,,100.0,100.0,11981.2
8961.36,0.0,21901.3,,,,,0.0,0.0,11981.2
8962.36,100.0,21867.5,,,,,100.0,100.0,11983.4
8963.36,100.0,21833.3,,,,,100.0,100.0,11983.6
8964.36,100.0,21799.1,,,,,100.0,100.0,11983.6
8965.36,0.0,21799.1,,,,,0.0,0.0,11983.6
8966.36,100.0,21699.0,,,,,100.0,100.0,11977.8
8967.36,0.0,21733.1,,,,,0.0,0.0,11963.7
8968.36,100.0,21750.2,,,,,100.0,100.0,11977.2
8969.36,100.0,21767.2,,,,,100.0,100.0,11962.8
8970.36,100.0,21767.2,,,,,100.0,100.0,11972.3
8971.36,0.0,21835.3,,,,,0.0,0.0,11980.1
8972.36,100.0,21901.3,,,,,100.0,100.0,11982.1
8973.36,100.0,21867.5,,,,,100.0,100.0,11984.1
8974.36,100.0,21833.3,,,,,100.0,100.0,11984.3
8975.36,0.0,21833.3,,,,,0.0,0.0,11984.3
8976.36,100.0,21799.1,,,,,100.0,100.0,11984.3
8977.36,100.0,21698.9,,,,,100.0,100.0,11963.7
8978.36,0.0,21733.1,,,,,0.0,0.0,11978.5
8979.36,100.0,21733.1,,,,,100.0,100.0,11978.9
8980.36,100.0,21733.1,,,,,100.0,100.0,11973.4
8981.36,0.0,21801.3,,,,,0.0,0.0,11980.4
8982.36,100.0,21801.3,,,,,100.0,100.0,11968.8
8983.36,100.0,21901.3,,,,,100.0,100.0,11982.8
8984.36,0.0,21901.3,,,,,0.0,0.0,11982.8
8985.36,100.0,21867.5,,,,,100.0,100.0,11984.9
8986.36,100.0,21833.3,,,,,100.0,100.0,11985.1
8987.36,100.0,21799.1,,,,,100.0,100.0,11985.1
8988.36,0.0,21799.1,,,,,0.0,0.0,11985.1
8989.36,100.0,21699.0,,,,,100.0,100.0,11964.3
8990.36,0.0,21750.2,,,,,0.0,0.0,11978.3
8991.36,100.0,21767.2,,,,,100.0,100.0,11965.7
8992.36,100.0,21767.2,,,,,100.0,100.0,11973.7
8993.36,100.0,21801.3,,,,,100.0,100.0,11981.3
8994.36,0.0,21835.3,,,,,0.0,0.0,11981.5
8995.36,100.0,21901.3,,,,,100.0,100.0,11983.5
8996.36,100.0,21867.5,,,,,100.0,100.0,11985.6
8997.36,100.0,21833.3,,,,,100.0,100.0,11985.8
8998.36,0.0,21833.3,,,,,0.0,0.0,11985.8
8999.36,100.0,21799.1,,,,,100.0,100.0,11985.8
9000.36,100.0,21698.9,,,,,100.0,100.0,11975.0
9001.36,0.0,21733.1,,,,,0.0,0.0,11980.4
9002.36,100.0,21733.1,,,,,100.0,100.0,11971.4
9003.36,100.0,21767.2,,,,,100.0,100.0,11981.2
9004.36,0.0,21801.3,,,,,0.0,0.0,11975.9
9005.36,100.0,21818.3,,,,,100.0,100.0,11980.7
9006.36,100.0,21901.3,,,,,100.0,100.0,11984.4
9007.36,100.0,21867.5,,,,,100.0,100.0,11986.6
9008.36,0.0,21867.5,,,,,0.0,0.0,11986.6
9009.36,100.0,21833.3,,,,,100.0,100.0,11986.7
9010.36,100.0,21799.1,,,,,100.0,100.0,11986.7
9011.36,100.0,21698.9,,,,,100.0,100.0,11961.8
9012.36,0.0,21699.0,,,,,0.0,0.0,11972.8
9013.36,100.0,21716.1,,,,,100.0,100.0,11975.8
9014.36,0.0,21767.2,,,,,0.0,0.0,11977.9
9015.36,100.0,21784.3,,,,,100.0,100.0,11976.1
9016.36,100.0,21801.3,,,,,100.0,100.0,11966.6
9017.36,100.0,21901.3,,,,,100.0,100.0,11984.3
9018.36,0.0,21901.3,,,,,0.0,0.0,11984.3
9019.36,100.0,21867.5,,,,,100.0,100.0,11986.5
9020.36,100.0,21833.3,,,,,100.0,100.0,11986.7
9021.37,100.0,21799.1,,,,,100.0,100.0,11986.7
9022.37,0.0,21799.1,,,,,0.0,0.0,11986.7
9023.37,100.0,21699.0,,,,,100.0,100.0,11962.7
9024.37,0.0,21733.1,,,,,0.0,0.0,11971.4
9025.37,100.0,21767.2,,,,,100.0,100.0,11963.6
9026.37,100.0,21767.2,,,,,100.0,100.0,11969.5
9027.37,100.0,21801.3,,,,,100.0,100.0,11982.8
9028.37,0.0,21835.3,,,,,0.0,0.0,11983.3
9029.37,100.0,21901.3,,,,,100.0,100.0,11985.3
9030.37,100.0,21867.5,,,,,100.0,100.0,11987.3
9031.37,100.0,21833.3,,,,,100.0,100.0,11987.5
9032.37,0.0,21833.3,,,,,0.0,0.0,11987.5
9033.37,100.0,21799.1,,,,,100.0,100.0,11987.5
9034.37,100.0,21698.9,,,,,100.0,100.0,11970.8
9035.37,0.0,21733.1,,,,,0.0,0.0,11981.9
9036.37,100.0,21733.1,,,,,100.0,100.0,11971.2
9037.37,100.0,21750.2,,,,,100.0,100.0,11975.1
9038.37,0.0,21801.3,,,,,0.0,0.0,11977.5
9039.37,100.0,21818.3,,,,,100.0,100.0,11980.0
9040.37,100.0,21901.3,,,,,100.0,100.0,11986.2
9041.37,100.0,21867.5,,,,,100.0,100.0,11988.2
9042.37,0.0,21867.5,,,,,0.0,0.0,11988.2
9043.37,100.0,21833.3,,,,,100.0,100.0,11988.4
9044.37,100.0,21799.1,,,,,100.0,100.0,11988.4
9045.37,100.0,21698.9,,,,,100.0,100.0,11988.5
9046.37,0.0,21699.0,,,,,0.0,0.0,11976.2
9047.37,0.0,21750.2,,,,,0.0,0.0,11977.5
9048.37,100.0,21767.2,,,,,100.0,100.0,11977.2
9049.37,100.0,21784.3,,,,,100.0,100.0,11983.4
9050.37,100.0,21801.3,,,,,100.0,100.0,11978.2
9051.37,0.0,21835.3,,,,,0.0,0.0,11984.2
9052.37,100.0,21901.3,,,,,100.0,100.0,11986.1
9053.37,100.0,21867.5,,,,,100.0,100.0,11988.2
9054.37,100.0,21833.3,,,,,100.0,100.0,11988.4
9055.37,0.0,21833.3,,,,,0.0,0.0,11988.4
9056.37,100.0,21799.1,,,,,100.0,100.0,11988.4
9057.37,100.0,21698.9,,,,,100.0,100.0,11972.2
9058.37,0.0,21733.1,,,,,0.0,0.0,11983.0
9059.37,100.0,21733.1,,,,,100.0,100.0,11972.9
9060.37,100.0,21767.2,,,,,100.0,100.0,11983.8
9061.37,0.0,21801.3,,,,,0.0,0.0,11973.4
9062.37,100.0,21818.3,,,,,100.0,100.0,11981.7
9063.37,100.0,21901.3,,,,,100.0,100.0,11987.1
9064.37,100.0,21867.5,,,,,100.0,100.0,11989.2
9065.37,0.0,21867.5,,,,,0.0,0.0,11989.2
9066.37,100.0,21833.3,,,,,100.0,100.0,11989.4
9067.37,100.0,21799.1,,,,,100.0,100.0,11989.4
9068.37,100.0,21698.9,,,,,100.0,100.0,11989.4
9069.37,0.0,21699.0,,,,,0.0,0.0,11972.8
9070.37,100.0,21733.1,,,,,100.0,100.0,11984.0
9071.37,0.0,21767.2,,,,,0.0,0.0,11972.5
9072.37,100.0,21767.2,,,,,100.0,100.0,11982.1
9073.37,100.0,21801.3,,,,,100.0,100.0,11972.5
9074.37,100.0,21901.3,,,,,100.0,100.0,11988.2
9075.37,0.0,21901.3,,,,,0.0,0.0,11988.2
9076.37,100.0,21867.5,,,,,100.0,100.0,11990.1
9077.37,100.0,21833.3,,,,,100.0,100.0,11990.3
9078.37,100.0,21799.1,,,,,100.0,100.0,11990.3
9079.37,0.0,21799.1,,,,,0.0,0.0,11990.3
9080.37,100.0,21699.0,,,,,100.0,100.0,11984.6
9081.37,0.0,21733.1,,,,,0.0,0.0,11974.4
9082.37,100.0,21767.2,,,,,100.0,100.0,11976.6
9083.37,100.0,21767.2,,,,,100.0,100.0,11979.6
9084.37,100.0,21784.3,,,,,100.0,100.0,11983.4
9085.37,0.0,21835.3,,,,,0.0,0.0,11987.0
9086.37,100.0,21901.3,,,,,100.0,100.0,11989.0
9087.37,100.0,21867.5,,,,,100.0,100.0,11991.0
9088.38,100.0,21833.3,,,,,100.0,100.0,11991.2
9089.38,0.0,21833.3,,,,,0.0,0.0,11991.2
9090.38,100.0,21799.1,,,,,100.0,100.0,11991.2
9091.38,100.0,21698.9,,,,,100.0,100.0,11972.0
9092.38,0.0,21733.1,,,,,0.0,0.0,11985.4
9093.38,100.0,21733.1,,,,,100.0,100.0,11973.5
9094.38,100.0,21750.2,,,,,100.0,100.0,11982.9
9095.38,0.0,21801.3,,,,,0.0,0.0,11972.7
9096.38,100.0,21801.3,,,,,100.0,100.0,11981.1
9097.38,100.0,21901.3,,,,,100.0,100.0,11989.6
9098.38,0.0,21901.3,,,,,0.0,0.0,11989.6
9099.38,100.0,21867.5,,,,,100.0,100.0,11992.1
9100.38,100.0,21833.3,,,,,100.0,100.0,11992.3
9101.38,100.0,21799.1,,,,,100.0,100.0,11992.3
9102.38,0.0,21799.1,,,,,0.0,0.0,11992.3
9103.38,100.0,21699.0,,,,,100.0,100.0,11986.7
9104.38,0.0,21733.1,,,,,0.0,0.0,11983.6
9105.38,100.0,21767.2,,,,,100.0,100.0,11973.2
9106.38,100.0,21767.2,,,,,100.0,100.0,11979.5
9107.38,100.0,21801.3,,,,,100.0,100.0,11971.4
9108.38,0.0,21835.3,,,,,0.0,0.0,11989.1
9109.38,100.0,21901.3,,,,,100.0,100.0,11991.1
9110.38,100.0,21867.5,,,,,100.0,100.0,11992.8
9111.38,100.0,21833.3,,,,,100.0,100.0,11993.0
9112.38,0.0,21833.3,,,,,0.0,0.0,11993.0
9113.38,100.0,21799.1,,,,,100.0,100.0,11993.0
9114.38,100.0,21681.9,,,,,100.0,100.0,11983.4
9115.38,0.0,21733.1,,,,,0.0,0.0,11987.6
9116.38,100.0,21733.1,,,,,100.0,100.0,11981.9
9117.38,100.0,21767.2,,,,,100.0,100.0,11988.4
9118.38,0.0,21801.3,,,,,0.0,0.0,11980.9
9119.38,100.0,21835.3,,,,,100.0,100.0,11989.6
9120.38,100.0,21901.3,,,,,100.0,100.0,11991.6
9121.38,100.0,21867.5,,,,,100.0,100.0,11993.6
9122.38,0.0,21867.5,,,,,0.0,0.0,11993.6
9123.38,100.0,21833.3,,,,,100.0,100.0,11993.8
9124.38,100.0,21799.1,,,,,100.0,100.0,11993.8
9125.38,100.0,21698.9,,,,,100.0,100.0,11973.6
9126.38,0.0,21699.0,,,,,0.0,0.0,11982.2
9127.38,100.0,21733.1,,,,,100.0,100.0,11972.9
9128.38,0.0,21767.2,,,,,0.0,0.0,11979.3
9129.38,100.0,21801.3,,,,,100.0,100.0,11989.9
9130.38,100.0,21801.3,,,,,100.0,100.0,11980.8
9131.38,100.0,21901.3,,,,,100.0,100.0,11992.4
9132.38,0.0,21901.3,,,,,0.0,0.0,11992.4
9133.38,100.0,21867.3,,,,,100.0,100.0,11993.4
9134.38,100.0,21833.2,,,,,100.0,100.0,11993.6
9135.38,100.0,21799.1,,,,,100.0,100.0,11993.6
9136.38,0.0,21799.1,,,,,0.0,0.0,11993.6
9137.38,100.0,21664.2,,,,,100.0,100.0,11987.9
9138.38,18.45,6347.1,,,,,0.19,36.71,8617.3
9139.38,0.0,5447.1,,,,,0.0,0.0,8653.2
9140.38,0.0,5447.1,,,,,0.0,0.0,8736.5
9141.38,0.0,5447.1,,,,,0.0,0.0,8847.6
9142.38,0.0,5447.1,,,,,0.0,0.0,8921.0
9143.38,0.0,5447.1,,,,,0.0,0.0,8995.5
9144.38,0.0,5447.1,,,,,0.0,0.0,9079.7
9145.38,0.0,0.0,,,,,0.0,0.0,0.0
