[sft_lora] profile=trn1 (trn1.2xlarge) -- re-exec under torchrun (--nproc_per_node=2, one rank per logical NeuronCore)
[sft_lora] /opt/aws_neuronx_venv_pytorch_2_9/bin/python -m torch.distributed.run --nproc_per_node=2 /opt/np/repo/shared/train/sft_lora.py --tag data_dolly_nopack --out /opt/np/repo/trn1/results/frontier/data_dolly_nopack.json --no-packing --max-steps 100

*****************************************
Setting OMP_NUM_THREADS environment variable for each process to be 1 in default, to avoid your system being overloaded, please further tune the variable for optimal performance in your application as needed. 
*****************************************
/opt/aws_neuronx_venv_pytorch_2_9/lib/python3.12/site-packages/neuronx_distributed/modules/moe/blockwise.py:100: DeprecationWarning: torch_neuronx.nki_jit is deprecated, use nki.jit instead.
  component, error = import_nki(config)
/opt/aws_neuronx_venv_pytorch_2_9/lib/python3.12/site-packages/neuronx_distributed/modules/moe/blockwise.py:100: DeprecationWarning: torch_neuronx.nki_jit is deprecated, use nki.jit instead.
  component, error = import_nki(config)
/opt/aws_neuronx_venv_pytorch_2_9/lib/python3.12/site-packages/neuronx_distributed/modules/moe/blockwise.py:102: UserWarning: Warning: Failed to import blockwise_mm_baseline_shard_hidden: No module named 'neuronxcc.nki._private.blockwise_mm'
  warnings.warn(f"Warning: {error}")
/opt/aws_neuronx_venv_pytorch_2_9/lib/python3.12/site-packages/neuronx_distributed/modules/moe/blockwise.py:102: UserWarning: Warning: Failed to import blockwise_mm_baseline_shard_hidden: No module named 'neuronxcc.nki._private.blockwise_mm'
  warnings.warn(f"Warning: {error}")
/opt/aws_neuronx_venv_pytorch_2_9/lib/python3.12/site-packages/neuronx_distributed/modules/moe/blockwise.py:102: UserWarning: Warning: Failed to import blockwise_mm_bwd: No module named 'neuronxcc.nki._private.blockwise_mm_bwd'
  warnings.warn(f"Warning: {error}")
/opt/aws_neuronx_venv_pytorch_2_9/lib/python3.12/site-packages/neuronx_distributed/modules/moe/blockwise.py:102: UserWarning: Warning: Failed to import blockwise_mm_bwd: No module named 'neuronxcc.nki._private.blockwise_mm_bwd'
  warnings.warn(f"Warning: {error}")
/opt/aws_neuronx_venv_pytorch_2_9/lib/python3.12/site-packages/neuronx_distributed/modules/moe/blockwise.py:102: UserWarning: Warning: Failed to import blockwise_mm_bwd_baseline_shard_hidden: No module named 'neuronxcc.nki._private.blockwise_mm_bwd'
  warnings.warn(f"Warning: {error}")
/opt/aws_neuronx_venv_pytorch_2_9/lib/python3.12/site-packages/neuronx_distributed/modules/moe/blockwise.py:102: UserWarning: Warning: Failed to import blockwise_mm_bwd_baseline_shard_hidden: No module named 'neuronxcc.nki._private.blockwise_mm_bwd'
  warnings.warn(f"Warning: {error}")
2026-Aug-06 05:58:02.269524 15564:15564  WARN   NRT:nrt_config_parse_init_config            Implicit Async using NEURON_RT_ASYNC_EXEC_MAX_INFLIGHT_REQUESTS will not be supported in a future release of the Neuron Runtime. Migrate to using the new Neuron Runtime Async APIs to address the risk of this future breaking change. https://awsdocs-neuron.readthedocs-hosted.com/en/latest/neuron-runtime/api/nrt-async-api-overview.html
2026-Aug-06 05:58:02.269555 15563:15563  WARN   NRT:nrt_config_parse_init_config            Implicit Async using NEURON_RT_ASYNC_EXEC_MAX_INFLIGHT_REQUESTS will not be supported in a future release of the Neuron Runtime. Migrate to using the new Neuron Runtime Async APIs to address the risk of this future breaking change. https://awsdocs-neuron.readthedocs-hosted.com/en/latest/neuron-runtime/api/nrt-async-api-overview.html
2026-Aug-06 05:58:08.0085 15564:15586 [1] int nccl_net_ofi_create_plugin(nccl_net_ofi_plugin_t**):273 CCOM WARN NET/OFI Failed to initialize rdma protocol
2026-Aug-06 05:58:08.0085 15563:15587 [0] int nccl_net_ofi_create_plugin(nccl_net_ofi_plugin_t**):273 CCOM WARN NET/OFI Failed to initialize rdma protocol
2026-Aug-06 05:58:08.0087 15564:15586 [1] int nccl_net_ofi_create_plugin(nccl_net_ofi_plugin_t**):416 CCOM WARN NET/OFI aws-ofi-nccl initialization failed
2026-Aug-06 05:58:08.0089 15563:15587 [0] int nccl_net_ofi_create_plugin(nccl_net_ofi_plugin_t**):416 CCOM WARN NET/OFI aws-ofi-nccl initialization failed
2026-Aug-06 05:58:08.0091 15564:15586 [1] ncclResult_t nccl_net_ofi_init(ncclDebugLogger_t):78 CCOM WARN NET/OFI Initializing plugin failed
2026-Aug-06 05:58:08.0093 15563:15587 [0] ncclResult_t nccl_net_ofi_init(ncclDebugLogger_t):78 CCOM WARN NET/OFI Initializing plugin failed
2026-Aug-06 05:58:08.0095 15564:15586 [1] net_plugin.cc:104 CCOM WARN OFI plugin initNet() failed is EFA enabled?
2026-Aug-06 05:58:08.0097 15563:15587 [0] net_plugin.cc:104 CCOM WARN OFI plugin initNet() failed is EFA enabled?
[2026-08-06 05:58:08.164: I neuronx_distributed/parallel_layers/parallel_state.py:638] > initializing tensor model parallel with size 2
[2026-08-06 05:58:08.164: I neuronx_distributed/parallel_layers/parallel_state.py:639] > initializing pipeline model parallel with size 1
[2026-08-06 05:58:08.165: I neuronx_distributed/parallel_layers/parallel_state.py:640] > initializing context model parallel with size 1
[2026-08-06 05:58:08.165: I neuronx_distributed/parallel_layers/parallel_state.py:641] > initializing data parallel with size 1
[2026-08-06 05:58:08.165: I neuronx_distributed/parallel_layers/parallel_state.py:642] > initializing world size to 2
2026-08-06 05:58:08.000178:  15563  [INFO]: Using a cached neff at /opt/np/cache/neuron-compile-cache/neuronxcc-2.26.6360.0+6f180f47/MODULE_10918481393192567537+e30acd3a/model.neff
2026-08-06 05:58:08.000178:  15564  [INFO]: Using a cached neff at /opt/np/cache/neuron-compile-cache/neuronxcc-2.26.6360.0+6f180f47/MODULE_10918481393192567537+e30acd3a/model.neff
[2026-08-06 05:58:08.203: I neuronx_distributed/parallel_layers/parallel_state.py:387] [rank_0_pp-1_tp-1_dp-1_cp-1] Chosen Logic for replica groups ret_logic=<PG_Group_Logic.LOGIC1: (<function ascending_ring_PG_group at 0x735541716b60>, 'Ascending Ring PG Group')>
[2026-08-06 05:58:08.203: I neuronx_distributed/parallel_layers/parallel_state.py:666] [rank_0_pp-1_tp-1_dp-1_cp-1] tp_groups: replica_groups.tp_groups=[[0, 1]]
[2026-08-06 05:58:08.204: I neuronx_distributed/parallel_layers/parallel_state.py:667] [rank_0_pp-1_tp-1_dp-1_cp-1] dp_groups: replica_groups.dp_groups=[[0], [1]]
[2026-08-06 05:58:08.204: I neuronx_distributed/parallel_layers/parallel_state.py:668] [rank_0_pp-1_tp-1_dp-1_cp-1] pp_groups: replica_groups.pp_groups=[[0], [1]]
[2026-08-06 05:58:08.204: I neuronx_distributed/parallel_layers/parallel_state.py:669] [rank_0_pp-1_tp-1_dp-1_cp-1] cp_groups: replica_groups.cp_groups=[[0], [1]]
[2026-08-06 05:58:08.204: I neuronx_distributed/parallel_layers/parallel_state.py:670] [rank_0_pp-1_tp-1_dp-1_cp-1] ep_model_groups: replica_groups.ep_model_groups=[[0], [1]]
[2026-08-06 05:58:08.204: I neuronx_distributed/parallel_layers/parallel_state.py:671] [rank_0_pp-1_tp-1_dp-1_cp-1] ep_data_groups: replica_groups.ep_data_groups=[[0], [1]]
PyTorch: setting up devices
PyTorch: setting up devices
/opt/aws_neuronx_venv_pytorch_2_9/lib/python3.12/site-packages/optimum/neuron/models/inference/llama/modeling_llama.py:33: DeprecationWarning: torch_neuronx.nki_jit is deprecated, use nki.jit instead.
  from ..backend.modules.attention.attention_base import NeuronAttentionBase
/opt/aws_neuronx_venv_pytorch_2_9/lib/python3.12/site-packages/optimum/neuron/models/inference/llama/modeling_llama.py:33: DeprecationWarning: torch_neuronx.nki_jit is deprecated, use nki.jit instead.
  from ..backend.modules.attention.attention_base import NeuronAttentionBase
loading weights file model.safetensors from cache at /opt/np/models/hf/hub/models--meta-llama--Llama-3.1-8B-Instruct/snapshots/0e9e39f249a16976918f6564b8830bc894c89659/model.safetensors.index.json
loading weights file model.safetensors from cache at /opt/np/models/hf/hub/models--meta-llama--Llama-3.1-8B-Instruct/snapshots/0e9e39f249a16976918f6564b8830bc894c89659/model.safetensors.index.json
Loading checkpoint shards:   0%|          | 0/4 [00:00<?, ?it/s]Loading checkpoint shards:   0%|          | 0/4 [00:00<?, ?it/s]Loading checkpoint shards:  25%|██▌       | 1/4 [00:15<00:45, 15.16s/it]Loading checkpoint shards:  25%|██▌       | 1/4 [00:15<00:45, 15.32s/it]Loading checkpoint shards:  50%|█████     | 2/4 [00:36<00:37, 18.82s/it]Loading checkpoint shards:  50%|█████     | 2/4 [00:36<00:37, 18.85s/it]Loading checkpoint shards:  75%|███████▌  | 3/4 [01:03<00:22, 22.49s/it]Loading checkpoint shards:  75%|███████▌  | 3/4 [01:05<00:23, 23.54s/it]Loading checkpoint shards: 100%|██████████| 4/4 [01:06<00:00, 14.86s/it]Loading checkpoint shards: 100%|██████████| 4/4 [01:06<00:00, 16.64s/it]
All model checkpoint weights were used when initializing LlamaForCausalLM.

All the weights of LlamaForCausalLM were initialized from the model checkpoint at meta-llama/Llama-3.1-8B-Instruct.
If your task is similar to the task the model of the checkpoint was trained on, you can already use LlamaForCausalLM for predictions without further training.
Loading checkpoint shards: 100%|██████████| 4/4 [01:08<00:00, 15.23s/it]Loading checkpoint shards: 100%|██████████| 4/4 [01:08<00:00, 17.06s/it]
All model checkpoint weights were used when initializing LlamaForCausalLM.

All the weights of LlamaForCausalLM were initialized from the model checkpoint at meta-llama/Llama-3.1-8B-Instruct.
If your task is similar to the task the model of the checkpoint was trained on, you can already use LlamaForCausalLM for predictions without further training.
/opt/np/repo/shared/train/sft_lora.py:1524: DeprecationWarning: Use torch_xla.device instead
  device=xm.xla_device())
/opt/np/repo/shared/train/sft_lora.py:1524: DeprecationWarning: Use torch_xla.device instead
  device=xm.xla_device())
/opt/np/repo/shared/train/sft_lora.py:1526: DeprecationWarning: Use torch_xla.sync instead
  xm.mark_step()
/opt/np/repo/shared/train/sft_lora.py:1526: DeprecationWarning: Use torch_xla.sync instead
  xm.mark_step()
2026-08-06 05:59:57.000902:  15564  [INFO]: Using a cached neff at /opt/np/cache/neuron-compile-cache/neuronxcc-2.26.6360.0+6f180f47/MODULE_5826833238478477259+e30acd3a/model.neff
2026-08-06 05:59:57.000902:  15563  [INFO]: Using a cached neff at /opt/np/cache/neuron-compile-cache/neuronxcc-2.26.6360.0+6f180f47/MODULE_5826833238478477259+e30acd3a/model.neff
2026-08-06 05:59:58.000021:  15563  [INFO]: Using a cached neff at /opt/np/cache/neuron-compile-cache/neuronxcc-2.26.6360.0+6f180f47/MODULE_17281575579459249431+e30acd3a/model.neff
2026-08-06 05:59:58.000022:  15564  [INFO]: Using a cached neff at /opt/np/cache/neuron-compile-cache/neuronxcc-2.26.6360.0+6f180f47/MODULE_17281575579459249431+e30acd3a/model.neff
2026-08-06 05:59:58.000047:  15564  [INFO]: Using a cached neff at /opt/np/cache/neuron-compile-cache/neuronxcc-2.26.6360.0+6f180f47/MODULE_16314927993349291726+e30acd3a/model.neff
2026-08-06 05:59:58.000047:  15563  [INFO]: Using a cached neff at /opt/np/cache/neuron-compile-cache/neuronxcc-2.26.6360.0+6f180f47/MODULE_16314927993349291726+e30acd3a/model.neff
PyTorch: setting up devices
Truncating train dataset:   0%|          | 0/15011 [00:00<?, ? examples/s]Truncating train dataset:  33%|███▎      | 5000/15011 [00:00<00:00, 38111.12 examples/s]Truncating train dataset:  87%|████████▋ | 13000/15011 [00:00<00:00, 53784.93 examples/s]Truncating train dataset: 100%|██████████| 15011/15011 [00:00<00:00, 38331.30 examples/s]
`even_batches` in `AcceleratorConfig` is not supported in NeuronTrainer and will be ignored. Make sure that your dataset size is divisible by the train batch size x gradient accumulation steps x data parallel size.
`use_seedable_sampler` in `AcceleratorConfig` is not supported in NeuronTrainer and will be ignored.
max_steps is given, it will override any value given in num_train_epochs
No label_names provided for model class `NeuronPeftModelForCausalLM`. Since `NeuronPeftModel` hides base models input arguments, if label_names is not given, label_names can't be set automatically within `NeuronTrainer`. Note that empty label_names list will be used instead.
  grad ckpt shim     : module globals ['modeling_utils', 'modeling_llama', 'modeling_granite']; 0 bound funcs wrapped

==============================================================================
  LoRA SFT on Trainium            tag=data_dolly_nopack
==============================================================================
  model              : meta-llama/Llama-3.1-8B-Instruct
  params total       : 8,082,956,288  (rank-local shard 4,041,478,144; via xla_all_reduce)
  params trainable   : 52,428,800  (0.649% of total)
  grad checkpointing : True
  parallelism        : world=2 tp=2 dp=1 pp=1
  lora               : r=16 alpha=32 dropout=0.05
  lora targets       : q_proj,k_proj,v_proj,o_proj,gate_proj,up_proj,down_proj
  seq_len            : 2048  (packing=False, attn=flash_attention_2)
  batch              : micro=1 grad_accum=8 -> 16,384 tok/optimizer step
  schedule           : epochs=3 max_steps=100 lr=0.0001
  seed               : 42
  dataset            : databricks/databricks-dolly-15k
  neuron cache       : /opt/np/cache/neuron-compile-cache
  adapter out        : /opt/np/models/adapters/data_dolly_nopack
  versions           : torch=2.9.1 optimum-neuron=0.4.3 neuronx-cc=2.26.6360.0+6f180f47
==============================================================================

The following columns in the Training set don't have a corresponding argument in `NeuronPeftModelForCausalLM.forward` and have been ignored: category, context, instruction, text, response. If category, context, instruction, text, response are not expected by `NeuronPeftModelForCausalLM.forward`,  you can safely ignore this message.
Pipeline parallelsim: forcing the dataloader to drop the last incomplete batch because it can cause failure if the last batch size is not divisible by the number of microbatches for the pipeline.
WARNING:root:Not saving master weights may have accuracy issues when resuming training!
2026-08-06 06:00:06.000889:  15564  [INFO]: Using a cached neff at /opt/np/cache/neuron-compile-cache/neuronxcc-2.26.6360.0+6f180f47/MODULE_4020207309534495528+e30acd3a/model.neff
/opt/aws_neuronx_venv_pytorch_2_9/lib/python3.12/site-packages/neuronx_distributed/parallel_layers/layers.py:531: FutureWarning: `torch.cuda.amp.autocast(args...)` is deprecated. Please use `torch.amp.autocast('cuda', args...)` instead.
  with torch.cuda.amp.autocast(enabled=False):
Neuron NKI - Kernel call: flash_fwd(q = Tensor(shape: (1, 16, 128, 2048), dtype: bfloat16), k = Tensor(shape: (1, 16, 128, 2048), dtype: bfloat16), v = Tensor(shape: (1, 16, 128, 2048), dtype: bfloat16), seed = None, logit_bias = None, softmax_scale = 0.08838834764831845, use_causal_mask = True, sliding_window = -1, mixed_precision = True, dropout_p = 0.0, config = FlashConfig(seq_tile_size=2048, attn_core_tile_size=256, training=True, should_transpose_v=True, lse_dtype=''))
/opt/aws_neuronx_venv_pytorch_2_9/lib/python3.12/site-packages/optimum/neuron/models/training/llama/modeling_llama.py:496: DeprecationWarning: Block dimension is deprecated. The leading dimension of SBUF tensor must be partition dimension
  attn_output = nki_flash_attn_func(
/opt/aws_neuronx_venv_pytorch_2_9/lib/python3.12/site-packages/optimum/neuron/models/training/llama/modeling_llama.py:496: DeprecationWarning: Block dimension is deprecated. The leading dimension of SBUF tensor must be partition dimension
  attn_output = nki_flash_attn_func(
/opt/aws_neuronx_venv_pytorch_2_9/lib/python3.12/site-packages/neuronx_distributed/parallel_layers/layers.py:531: FutureWarning: `torch.cuda.amp.autocast(args...)` is deprecated. Please use `torch.amp.autocast('cuda', args...)` instead.
  with torch.cuda.amp.autocast(enabled=False):
/opt/aws_neuronx_venv_pytorch_2_9/lib/python3.12/site-packages/torch/utils/checkpoint.py:85: UserWarning: None of the inputs have requires_grad=True. Gradients will be None
  warnings.warn(
Neuron NKI - Kernel call: flash_attn_bwd(q_ref = Tensor(shape: (1, 16, 128, 2048), dtype: bfloat16), k_ref = Tensor(shape: (1, 16, 128, 2048), dtype: bfloat16), v_ref = Tensor(shape: (1, 16, 128, 2048), dtype: bfloat16), o_ref = Tensor(shape: (1, 16, 128, 2048), dtype: bfloat16), dy_ref = Tensor(shape: (1, 16, 128, 2048), dtype: bfloat16), lse_ref = Tensor(shape: (1, 16, 128, 16), dtype: float32), seed_ref = None, logit_bias_ref = None, use_causal_mask = True, mixed_precision = True, dropout_p = 0.0, softmax_scale = 0.08838834764831845, sliding_window = -1, sinks = None)
WARNING:root:Not saving master weights may have accuracy issues when resuming training!
***** Running training *****
  Num examples = 15,011
  Num Epochs = 1
  Data Parallel Size: 1
  Tensor Parallel Size: 2
  Pipeline Parallel Size: 1
  Instantaneous batch size per data parallel rank = 1
  Gradient Accumulation steps = 8
  Total train batch size (w. parallel, distributed & accumulation) = 8
  Total optimization steps = 100
  Num trainable parameters = 39,845,888
2026-08-06 06:00:12.000074:  15563  [INFO]: Using a cached neff at /opt/np/cache/neuron-compile-cache/neuronxcc-2.26.6360.0+6f180f47/MODULE_4020207309534495528+e30acd3a/model.neff
/opt/aws_neuronx_venv_pytorch_2_9/lib/python3.12/site-packages/neuronx_distributed/parallel_layers/layers.py:531: FutureWarning: `torch.cuda.amp.autocast(args...)` is deprecated. Please use `torch.amp.autocast('cuda', args...)` instead.
  with torch.cuda.amp.autocast(enabled=False):
Neuron NKI - Kernel call: flash_fwd(q = Tensor(shape: (1, 16, 128, 2048), dtype: bfloat16), k = Tensor(shape: (1, 16, 128, 2048), dtype: bfloat16), v = Tensor(shape: (1, 16, 128, 2048), dtype: bfloat16), seed = None, logit_bias = None, softmax_scale = 0.08838834764831845, use_causal_mask = True, sliding_window = -1, mixed_precision = True, dropout_p = 0.0, config = FlashConfig(seq_tile_size=2048, attn_core_tile_size=256, training=True, should_transpose_v=True, lse_dtype=''))
/opt/aws_neuronx_venv_pytorch_2_9/lib/python3.12/site-packages/optimum/neuron/models/training/llama/modeling_llama.py:496: DeprecationWarning: Block dimension is deprecated. The leading dimension of SBUF tensor must be partition dimension
  attn_output = nki_flash_attn_func(
/opt/aws_neuronx_venv_pytorch_2_9/lib/python3.12/site-packages/optimum/neuron/models/training/llama/modeling_llama.py:496: DeprecationWarning: Block dimension is deprecated. The leading dimension of SBUF tensor must be partition dimension
  attn_output = nki_flash_attn_func(
/opt/aws_neuronx_venv_pytorch_2_9/lib/python3.12/site-packages/neuronx_distributed/parallel_layers/layers.py:531: FutureWarning: `torch.cuda.amp.autocast(args...)` is deprecated. Please use `torch.amp.autocast('cuda', args...)` instead.
  with torch.cuda.amp.autocast(enabled=False):
/opt/aws_neuronx_venv_pytorch_2_9/lib/python3.12/site-packages/torch/utils/checkpoint.py:85: UserWarning: None of the inputs have requires_grad=True. Gradients will be None
  warnings.warn(
Neuron NKI - Kernel call: flash_attn_bwd(q_ref = Tensor(shape: (1, 16, 128, 2048), dtype: bfloat16), k_ref = Tensor(shape: (1, 16, 128, 2048), dtype: bfloat16), v_ref = Tensor(shape: (1, 16, 128, 2048), dtype: bfloat16), o_ref = Tensor(shape: (1, 16, 128, 2048), dtype: bfloat16), dy_ref = Tensor(shape: (1, 16, 128, 2048), dtype: bfloat16), lse_ref = Tensor(shape: (1, 16, 128, 16), dtype: float32), seed_ref = None, logit_bias_ref = None, use_causal_mask = True, mixed_precision = True, dropout_p = 0.0, softmax_scale = 0.08838834764831845, sliding_window = -1, sinks = None)
2026-08-06 06:00:14.000760:  15564  [INFO]: Using a cached neff at /opt/np/cache/neuron-compile-cache/neuronxcc-2.26.6360.0+6f180f47/MODULE_13030019381609271639+e30acd3a/model.neff
2026-08-06 06:00:19.000406:  15563  [INFO]: Using a cached neff at /opt/np/cache/neuron-compile-cache/neuronxcc-2.26.6360.0+6f180f47/MODULE_11119583426405650379+e30acd3a/model.neff
2026-08-06 06:00:31.000549:  15564  [INFO]: Using a cached neff at /opt/np/cache/neuron-compile-cache/neuronxcc-2.26.6360.0+6f180f47/MODULE_17541184177181796220+e30acd3a/model.neff
2026-08-06 06:00:36.000186:  15563  [INFO]: Using a cached neff at /opt/np/cache/neuron-compile-cache/neuronxcc-2.26.6360.0+6f180f47/MODULE_924279859421455862+e30acd3a/model.neff
2026-08-06 06:00:49.000778:  15564  [INFO]: Using a cached neff at /opt/np/cache/neuron-compile-cache/neuronxcc-2.26.6360.0+6f180f47/MODULE_8651772410009939807+e30acd3a/model.neff
2026-08-06 06:00:49.000793:  15563  [INFO]: Using a cached neff at /opt/np/cache/neuron-compile-cache/neuronxcc-2.26.6360.0+6f180f47/MODULE_8651772410009939807+e30acd3a/model.neff
2026-08-06 06:00:50.000769:  15564  [INFO]: Using a cached neff at /opt/np/cache/neuron-compile-cache/neuronxcc-2.26.6360.0+6f180f47/MODULE_17694192085093063913+e30acd3a/model.neff
2026-08-06 06:00:50.000843:  15563  [INFO]: Using a cached neff at /opt/np/cache/neuron-compile-cache/neuronxcc-2.26.6360.0+6f180f47/MODULE_17694192085093063913+e30acd3a/model.neff
  step     1  loss  19.8958  |    36549.3 ms  | warmup
{'loss': 19.8958, 'learning_rate': 0.0001, 'grad_norm': 45.053646087646484, 'train/tokens_per_sec': 424.4606698427282, 'train/step_time': 38.599571560000186, 'train/mfu': 79.14, 'train/efficiency': 14.95, 'train/forward_time_percent': 4.68, 'train/backward_time_percent': 9.82, 'train/optimizer_time_percent': 0.45, 'train/overhead_time_percent': 85.05, 'epoch': 0.0005329425088268603}
{'loss': 19.8958, 'learning_rate': 0.0001, 'grad_norm': 45.053646087646484, 'train/tokens_per_sec': 375.39987867911356, 'train/step_time': 43.64412705099676, 'train/mfu': 77.33, 'train/efficiency': 13.59, 'train/forward_time_percent': 4.74, 'train/backward_time_percent': 8.38, 'train/optimizer_time_percent': 0.47, 'train/overhead_time_percent': 86.41, 'epoch': 0.0005329425088268603}
2026-08-06 06:01:01.000098:  15563  [INFO]: Using a cached neff at /opt/np/cache/neuron-compile-cache/neuronxcc-2.26.6360.0+6f180f47/MODULE_13826111191422246321+e30acd3a/model.neff
2026-08-06 06:01:01.000178:  15564  [INFO]: Using a cached neff at /opt/np/cache/neuron-compile-cache/neuronxcc-2.26.6360.0+6f180f47/MODULE_13826111191422246321+e30acd3a/model.neff
{'loss': 16.8078, 'learning_rate': 0.0001, 'grad_norm': 46.52997589111328, 'train/tokens_per_sec': 1406.6945337761636, 'train/step_time': 11.647162626002682, 'train/mfu': 86.22, 'train/efficiency': 45.26, 'train/forward_time_percent': 14.48, 'train/backward_time_percent': 29.61, 'train/optimizer_time_percent': 1.18, 'train/overhead_time_percent': 54.74, 'epoch': 0.0010658850176537206}  step     2  loss  16.8078  |     5747.1 ms  | warmup

{'loss': 16.8078, 'learning_rate': 0.0001, 'grad_norm': 46.52997589111328, 'train/tokens_per_sec': 1428.777455545332, 'train/step_time': 11.467146220995346, 'train/mfu': 83.93, 'train/efficiency': 47.37, 'train/forward_time_percent': 15.07, 'train/backward_time_percent': 30.93, 'train/optimizer_time_percent': 1.37, 'train/overhead_time_percent': 52.63, 'epoch': 0.0010658850176537206}
{'loss': 12.6907, 'learning_rate': 0.0001, 'grad_norm': 25.056364059448242, 'train/tokens_per_sec': 1801.3431159263134, 'train/step_time': 9.09543543100881, 'train/mfu': 86.64, 'train/efficiency': 57.15, 'train/forward_time_percent': 18.32, 'train/backward_time_percent': 37.87, 'train/optimizer_time_percent': 0.96, 'train/overhead_time_percent': 42.85, 'epoch': 0.0015988275264805809}
  step     3  loss  12.6907  |     5747.0 ms  | warmup
{'loss': 12.6907, 'learning_rate': 0.0001, 'grad_norm': 25.056364059448242, 'train/tokens_per_sec': 1783.811686879761, 'train/step_time': 9.18482602199947, 'train/mfu': 83.21, 'train/efficiency': 59.06, 'train/forward_time_percent': 18.12, 'train/backward_time_percent': 39.81, 'train/optimizer_time_percent': 1.13, 'train/overhead_time_percent': 40.94, 'epoch': 0.0015988275264805809}
  step     4  loss  12.0655  |     5769.3 ms  | warmup
{'loss': 12.0655, 'learning_rate': 0.0001, 'grad_norm': 27.742624282836914, 'train/tokens_per_sec': 1631.7011186112338, 'train/step_time': 10.041054585992242, 'train/mfu': 82.53, 'train/efficiency': 54.3, 'train/forward_time_percent': 17.65, 'train/backward_time_percent': 35.79, 'train/optimizer_time_percent': 0.87, 'train/overhead_time_percent': 45.7, 'epoch': 0.0021317700353074413}
{'loss': 12.0655, 'learning_rate': 0.0001, 'grad_norm': 27.742624282836914, 'train/tokens_per_sec': 1630.4593581945069, 'train/step_time': 10.048701868989156, 'train/mfu': 86.34, 'train/efficiency': 51.99, 'train/forward_time_percent': 16.43, 'train/backward_time_percent': 34.6, 'train/optimizer_time_percent': 0.96, 'train/overhead_time_percent': 48.01, 'epoch': 0.0021317700353074413}
  step     5  loss  10.0186  |     5723.4 ms  | warmup
{'loss': 10.0186, 'learning_rate': 0.0001, 'grad_norm': 19.186033248901367, 'train/tokens_per_sec': 1632.9491274715788, 'train/step_time': 10.033380540990038, 'train/mfu': 83.29, 'train/efficiency': 53.85, 'train/forward_time_percent': 17.29, 'train/backward_time_percent': 35.7, 'train/optimizer_time_percent': 0.86, 'train/overhead_time_percent': 46.15, 'epoch': 0.0026647125441343015}
{'loss': 10.0186, 'learning_rate': 0.0001, 'grad_norm': 19.186033248901367, 'train/tokens_per_sec': 1632.3567747725842, 'train/step_time': 10.037021473006462, 'train/mfu': 86.85, 'train/efficiency': 51.73, 'train/forward_time_percent': 16.87, 'train/backward_time_percent': 33.92, 'train/optimizer_time_percent': 0.93, 'train/overhead_time_percent': 48.27, 'epoch': 0.0026647125441343015}
{'loss': 9.2409, 'learning_rate': 0.0001, 'grad_norm': 10.716514587402344, 'train/tokens_per_sec': 1632.3095397025497, 'train/step_time': 10.037311920008506, 'train/mfu': 85.19, 'train/efficiency': 52.79, 'train/forward_time_percent': 16.93, 'train/backward_time_percent': 34.84, 'train/optimizer_time_percent': 1.01, 'train/overhead_time_percent': 47.21, 'epoch': 0.0031976550529611617}
  step     6  loss   9.2409  |     5701.7 ms  | warmup
{'loss': 9.2409, 'learning_rate': 0.0001, 'grad_norm': 10.716514587402344, 'train/tokens_per_sec': 1633.0623963063363, 'train/step_time': 10.0326846280077, 'train/mfu': 83.82, 'train/efficiency': 53.6, 'train/forward_time_percent': 16.59, 'train/backward_time_percent': 36.06, 'train/optimizer_time_percent': 0.95, 'train/overhead_time_percent': 46.4, 'epoch': 0.0031976550529611617}
  step     7  loss   9.0592  |     5576.6 ms  | warmup
{'loss': 9.0592, 'learning_rate': 0.0001, 'grad_norm': 8.878807067871094, 'train/tokens_per_sec': 1629.9228945750738, 'train/step_time': 10.052009241990163, 'train/mfu': 85.89, 'train/efficiency': 52.36, 'train/forward_time_percent': 16.72, 'train/backward_time_percent': 34.56, 'train/optimizer_time_percent': 1.07, 'train/overhead_time_percent': 47.64, 'epoch': 0.003730597561788022}
{'loss': 9.0592, 'learning_rate': 0.0001, 'grad_norm': 8.878807067871094, 'train/tokens_per_sec': 1630.1807200973071, 'train/step_time': 10.050419440012774, 'train/mfu': 85.46, 'train/efficiency': 52.58, 'train/forward_time_percent': 16.95, 'train/backward_time_percent': 34.6, 'train/optimizer_time_percent': 1.03, 'train/overhead_time_percent': 47.42, 'epoch': 0.003730597561788022}
  step     8  loss   8.2360  |     5610.6 ms  | warmup
{'loss': 8.236, 'learning_rate': 0.0001, 'grad_norm': 7.507420063018799, 'train/tokens_per_sec': 1632.0721809871627, 'train/step_time': 10.038771685998654, 'train/mfu': 85.09, 'train/efficiency': 52.7, 'train/forward_time_percent': 17.01, 'train/backward_time_percent': 34.82, 'train/optimizer_time_percent': 0.87, 'train/overhead_time_percent': 47.3, 'epoch': 0.0042635400706148826}
{'loss': 8.236, 'learning_rate': 0.0001, 'grad_norm': 7.507420063018799, 'train/tokens_per_sec': 1631.311926352391, 'train/step_time': 10.043450142999063, 'train/mfu': 86.61, 'train/efficiency': 51.96, 'train/forward_time_percent': 16.28, 'train/backward_time_percent': 34.62, 'train/optimizer_time_percent': 1.06, 'train/overhead_time_percent': 48.04, 'epoch': 0.0042635400706148826}
  step     9  loss   8.9143  |     5656.4 ms  | warmup
{'loss': 8.9143, 'learning_rate': 0.0001, 'grad_norm': 6.844180583953857, 'train/tokens_per_sec': 1631.2266831071015, 'train/step_time': 10.043974985004752, 'train/mfu': 84.4, 'train/efficiency': 53.22, 'train/forward_time_percent': 16.71, 'train/backward_time_percent': 35.51, 'train/optimizer_time_percent': 0.99, 'train/overhead_time_percent': 46.78, 'epoch': 0.004796482579441742}
{'loss': 8.9143, 'learning_rate': 0.0001, 'grad_norm': 6.844180583953857, 'train/tokens_per_sec': 1630.6840352752415, 'train/step_time': 10.047317350006779, 'train/mfu': 85.47, 'train/efficiency': 52.55, 'train/forward_time_percent': 16.74, 'train/backward_time_percent': 34.82, 'train/optimizer_time_percent': 0.99, 'train/overhead_time_percent': 47.45, 'epoch': 0.004796482579441742}
  step    10  loss   8.1256  |     5687.9 ms  | warmup
{'loss': 8.1256, 'learning_rate': 0.0001, 'grad_norm': 5.741727352142334, 'train/tokens_per_sec': 1631.6682153500622, 'train/step_time': 10.041257067990955, 'train/mfu': 83.98, 'train/efficiency': 53.55, 'train/forward_time_percent': 17.15, 'train/backward_time_percent': 35.36, 'train/optimizer_time_percent': 1.04, 'train/overhead_time_percent': 46.45, 'epoch': 0.005329425088268603}
{'loss': 8.1256, 'learning_rate': 0.0001, 'grad_norm': 5.741727352142334, 'train/tokens_per_sec': 1630.8163471641121, 'train/step_time': 10.04650218799361, 'train/mfu': 87.75, 'train/efficiency': 51.24, 'train/forward_time_percent': 16.73, 'train/backward_time_percent': 33.49, 'train/optimizer_time_percent': 1.02, 'train/overhead_time_percent': 48.76, 'epoch': 0.005329425088268603}
{'loss': 6.8407, 'learning_rate': 0.0001, 'grad_norm': 4.303515434265137, 'train/tokens_per_sec': 1631.2236059593117, 'train/step_time': 10.043993932005833, 'train/mfu': 84.38, 'train/efficiency': 53.28, 'train/forward_time_percent': 17.0, 'train/backward_time_percent': 35.24, 'train/optimizer_time_percent': 1.03, 'train/overhead_time_percent': 46.72, 'epoch': 0.005862367597095464}
{'loss': 6.8407, 'learning_rate': 0.0001, 'grad_norm': 4.303515434265137, 'train/tokens_per_sec': 1629.9591218891583, 'train/step_time': 10.051785827003187, 'train/mfu': 87.06, 'train/efficiency': 51.59, 'train/forward_time_percent': 16.43, 'train/backward_time_percent': 34.16, 'train/optimizer_time_percent': 0.99, 'train/overhead_time_percent': 48.41, 'epoch': 0.005862367597095464}
{'loss': 7.0952, 'learning_rate': 0.0001, 'grad_norm': 4.231307506561279, 'train/tokens_per_sec': 1629.4311851514515, 'train/step_time': 10.055042611988029, 'train/mfu': 86.95, 'train/efficiency': 51.66, 'train/forward_time_percent': 16.27, 'train/backward_time_percent': 34.38, 'train/optimizer_time_percent': 1.01, 'train/overhead_time_percent': 48.34, 'epoch': 0.006395310105922323}
{'loss': 7.0952, 'learning_rate': 0.0001, 'grad_norm': 4.231307506561279, 'train/tokens_per_sec': 1630.280529981961, 'train/step_time': 10.049804127993411, 'train/mfu': 85.12, 'train/efficiency': 52.79, 'train/forward_time_percent': 17.25, 'train/backward_time_percent': 34.51, 'train/optimizer_time_percent': 1.04, 'train/overhead_time_percent': 47.21, 'epoch': 0.006395310105922323}
{'loss': 7.1598, 'learning_rate': 0.0001, 'grad_norm': 5.9309539794921875, 'train/tokens_per_sec': 1632.5153562960447, 'train/step_time': 10.036046483000973, 'train/mfu': 84.59, 'train/efficiency': 53.18, 'train/forward_time_percent': 17.28, 'train/backward_time_percent': 34.88, 'train/optimizer_time_percent': 1.02, 'train/overhead_time_percent': 46.82, 'epoch': 0.006928252614749184}
{'loss': 7.1598, 'learning_rate': 0.0001, 'grad_norm': 5.9309539794921875, 'train/tokens_per_sec': 1631.3941598429356, 'train/step_time': 10.0429438840074, 'train/mfu': 88.14, 'train/efficiency': 51.03, 'train/forward_time_percent': 16.14, 'train/backward_time_percent': 33.88, 'train/optimizer_time_percent': 1.01, 'train/overhead_time_percent': 48.97, 'epoch': 0.006928252614749184}
{'loss': 7.4001, 'learning_rate': 0.0001, 'grad_norm': 10.480664253234863, 'train/tokens_per_sec': 1630.769512362551, 'train/step_time': 10.046790717999102, 'train/mfu': 86.09, 'train/efficiency': 52.22, 'train/forward_time_percent': 16.2, 'train/backward_time_percent': 34.99, 'train/optimizer_time_percent': 1.03, 'train/overhead_time_percent': 47.78, 'epoch': 0.007461195123576044}
{'loss': 7.4001, 'learning_rate': 0.0001, 'grad_norm': 10.480664253234863, 'train/tokens_per_sec': 1631.302785097185, 'train/step_time': 10.043506423011422, 'train/mfu': 83.76, 'train/efficiency': 53.56, 'train/forward_time_percent': 16.65, 'train/backward_time_percent': 35.98, 'train/optimizer_time_percent': 0.92, 'train/overhead_time_percent': 46.44, 'epoch': 0.007461195123576044}
{'loss': 6.1659, 'learning_rate': 0.0001, 'grad_norm': 6.502788543701172, 'train/tokens_per_sec': 1630.5181612985373, 'train/step_time': 10.048339472006774, 'train/mfu': 85.6, 'train/efficiency': 52.42, 'train/forward_time_percent': 16.5, 'train/backward_time_percent': 34.97, 'train/optimizer_time_percent': 0.95, 'train/overhead_time_percent': 47.58, 'epoch': 0.007994137632402904}
{'loss': 6.1659, 'learning_rate': 0.0001, 'grad_norm': 6.502788543701172, 'train/tokens_per_sec': 1630.8925217497156, 'train/step_time': 10.04603294300614, 'train/mfu': 84.53, 'train/efficiency': 53.14, 'train/forward_time_percent': 17.14, 'train/backward_time_percent': 35.0, 'train/optimizer_time_percent': 1.0, 'train/overhead_time_percent': 46.86, 'epoch': 0.007994137632402904}
{'loss': 5.8476, 'learning_rate': 0.0001, 'grad_norm': 2.201746940612793, 'train/tokens_per_sec': 1632.613846247129, 'train/step_time': 10.035441043000901, 'train/mfu': 85.55, 'train/efficiency': 52.57, 'train/forward_time_percent': 16.77, 'train/backward_time_percent': 34.8, 'train/optimizer_time_percent': 1.0, 'train/overhead_time_percent': 47.43, 'epoch': 0.008527080141229765}
{'loss': 5.8476, 'learning_rate': 0.0001, 'grad_norm': 2.201746940612793, 'train/tokens_per_sec': 1632.981284409725, 'train/step_time': 10.033182961997227, 'train/mfu': 84.76, 'train/efficiency': 53.01, 'train/forward_time_percent': 17.22, 'train/backward_time_percent': 34.85, 'train/optimizer_time_percent': 0.95, 'train/overhead_time_percent': 46.99, 'epoch': 0.008527080141229765}
{'loss': 5.5347, 'learning_rate': 0.0001, 'grad_norm': 0.9647358059883118, 'train/tokens_per_sec': 1633.6351777484824, 'train/step_time': 10.029166990992962, 'train/mfu': 83.8, 'train/efficiency': 53.56, 'train/forward_time_percent': 17.75, 'train/backward_time_percent': 34.93, 'train/optimizer_time_percent': 0.88, 'train/overhead_time_percent': 46.44, 'epoch': 0.009060022650056626}
{'loss': 5.5347, 'learning_rate': 0.0001, 'grad_norm': 0.9647358059883118, 'train/tokens_per_sec': 1632.549924518814, 'train/step_time': 10.035833975998685, 'train/mfu': 87.79, 'train/efficiency': 51.27, 'train/forward_time_percent': 16.59, 'train/backward_time_percent': 33.66, 'train/optimizer_time_percent': 1.02, 'train/overhead_time_percent': 48.73, 'epoch': 0.009060022650056626}
{'loss': 5.848, 'learning_rate': 0.0001, 'grad_norm': 0.8671408295631409, 'train/tokens_per_sec': 1630.796241129018, 'train/step_time': 10.046626051000203, 'train/mfu': 83.6, 'train/efficiency': 53.63, 'train/forward_time_percent': 17.21, 'train/backward_time_percent': 35.5, 'train/optimizer_time_percent': 0.92, 'train/overhead_time_percent': 46.37, 'epoch': 0.009592965158883485}
{'loss': 5.848, 'learning_rate': 0.0001, 'grad_norm': 0.8671408295631409, 'train/tokens_per_sec': 1629.774205050755, 'train/step_time': 10.052926319011021, 'train/mfu': 86.98, 'train/efficiency': 51.64, 'train/forward_time_percent': 16.41, 'train/backward_time_percent': 34.23, 'train/optimizer_time_percent': 1.0, 'train/overhead_time_percent': 48.36, 'epoch': 0.009592965158883485}
{'loss': 5.8912, 'learning_rate': 0.0001, 'grad_norm': 0.7524082064628601, 'train/tokens_per_sec': 1632.201769277046, 'train/step_time': 10.037974659993779, 'train/mfu': 83.66, 'train/efficiency': 53.75, 'train/forward_time_percent': 16.82, 'train/backward_time_percent': 35.9, 'train/optimizer_time_percent': 1.03, 'train/overhead_time_percent': 46.25, 'epoch': 0.010125907667710345}
{'loss': 5.8912, 'learning_rate': 0.0001, 'grad_norm': 0.7524082064628601, 'train/tokens_per_sec': 1631.2809437970968, 'train/step_time': 10.043640896008583, 'train/mfu': 85.42, 'train/efficiency': 52.49, 'train/forward_time_percent': 16.87, 'train/backward_time_percent': 34.74, 'train/optimizer_time_percent': 0.88, 'train/overhead_time_percent': 47.51, 'epoch': 0.010125907667710345}
  step    20  loss   5.7397  |     5576.5 ms
{'loss': 5.7397, 'learning_rate': 0.0001, 'grad_norm': 0.5242922306060791, 'train/tokens_per_sec': 1632.8973164785764, 'train/step_time': 10.03369889500027, 'train/mfu': 85.85, 'train/efficiency': 52.4, 'train/forward_time_percent': 17.15, 'train/backward_time_percent': 34.26, 'train/optimizer_time_percent': 1.0, 'train/overhead_time_percent': 47.6, 'epoch': 0.010658850176537206}
{'loss': 5.7397, 'learning_rate': 0.0001, 'grad_norm': 0.5242922306060791, 'train/tokens_per_sec': 1632.2917758078322, 'train/step_time': 10.037421154003823, 'train/mfu': 86.86, 'train/efficiency': 51.74, 'train/forward_time_percent': 16.86, 'train/backward_time_percent': 33.92, 'train/optimizer_time_percent': 0.95, 'train/overhead_time_percent': 48.26, 'epoch': 0.010658850176537206}
{'loss': 5.58, 'learning_rate': 0.0001, 'grad_norm': 0.7084689736366272, 'train/tokens_per_sec': 1631.4906061196887, 'train/step_time': 10.042350191011792, 'train/mfu': 84.24, 'train/efficiency': 53.36, 'train/forward_time_percent': 17.32, 'train/backward_time_percent': 35.02, 'train/optimizer_time_percent': 1.02, 'train/overhead_time_percent': 46.64, 'epoch': 0.011191792685364067}
{'loss': 5.58, 'learning_rate': 0.0001, 'grad_norm': 0.7084689736366272, 'train/tokens_per_sec': 1631.2848460941166, 'train/step_time': 10.043616869996185, 'train/mfu': 85.07, 'train/efficiency': 52.73, 'train/forward_time_percent': 16.69, 'train/backward_time_percent': 35.13, 'train/optimizer_time_percent': 0.91, 'train/overhead_time_percent': 47.27, 'epoch': 0.011191792685364067}
{'loss': 5.5689, 'learning_rate': 0.0001, 'grad_norm': 0.46594199538230896, 'train/tokens_per_sec': 1633.2331565026277, 'train/step_time': 10.031635676001315, 'train/mfu': 85.48, 'train/efficiency': 52.57, 'train/forward_time_percent': 17.33, 'train/backward_time_percent': 34.3, 'train/optimizer_time_percent': 0.94, 'train/overhead_time_percent': 47.43, 'epoch': 0.011724735194190927}
{'loss': 5.5689, 'learning_rate': 0.0001, 'grad_norm': 0.46594199538230896, 'train/tokens_per_sec': 1633.2115749243828, 'train/step_time': 10.0317682360037, 'train/mfu': 86.12, 'train/efficiency': 52.28, 'train/forward_time_percent': 16.64, 'train/backward_time_percent': 34.61, 'train/optimizer_time_percent': 1.04, 'train/overhead_time_percent': 47.72, 'epoch': 0.011724735194190927}
{'loss': 5.5481, 'learning_rate': 0.0001, 'grad_norm': 0.36396801471710205, 'train/tokens_per_sec': 1630.3939576434543, 'train/step_time': 10.049104956007795, 'train/mfu': 85.16, 'train/efficiency': 52.76, 'train/forward_time_percent': 16.78, 'train/backward_time_percent': 34.95, 'train/optimizer_time_percent': 1.03, 'train/overhead_time_percent': 47.24, 'epoch': 0.012257677703017786}
{'loss': 5.5481, 'learning_rate': 0.0001, 'grad_norm': 0.36396801471710205, 'train/tokens_per_sec': 1629.9487168796313, 'train/step_time': 10.05184999400808, 'train/mfu': 86.81, 'train/efficiency': 51.74, 'train/forward_time_percent': 16.68, 'train/backward_time_percent': 34.06, 'train/optimizer_time_percent': 0.99, 'train/overhead_time_percent': 48.26, 'epoch': 0.012257677703017786}
{'loss': 5.5815, 'learning_rate': 0.0001, 'grad_norm': 0.32047900557518005, 'train/tokens_per_sec': 1633.0758609393333, 'train/step_time': 10.032601908998913, 'train/mfu': 83.65, 'train/efficiency': 53.64, 'train/forward_time_percent': 17.44, 'train/backward_time_percent': 35.32, 'train/optimizer_time_percent': 0.88, 'train/overhead_time_percent': 46.36, 'epoch': 0.012790620211844647}{'loss': 5.5815, 'learning_rate': 0.0001, 'grad_norm': 0.32047900557518005, 'train/tokens_per_sec': 1632.0151568617655, 'train/step_time': 10.03912245000538, 'train/mfu': 86.88, 'train/efficiency': 51.78, 'train/forward_time_percent': 16.9, 'train/backward_time_percent': 33.86, 'train/optimizer_time_percent': 1.02, 'train/overhead_time_percent': 48.22, 'epoch': 0.012790620211844647}

{'loss': 5.5863, 'learning_rate': 0.0001, 'grad_norm': 0.26701077818870544, 'train/tokens_per_sec': 1633.7422909125905, 'train/step_time': 10.028509447991382, 'train/mfu': 85.09, 'train/efficiency': 52.76, 'train/forward_time_percent': 16.59, 'train/backward_time_percent': 35.29, 'train/optimizer_time_percent': 0.88, 'train/overhead_time_percent': 47.24, 'epoch': 0.013323562720671507}
{'loss': 5.5863, 'learning_rate': 0.0001, 'grad_norm': 0.26701077818870544, 'train/tokens_per_sec': 1633.4478614174109, 'train/step_time': 10.030317090000608, 'train/mfu': 86.09, 'train/efficiency': 52.33, 'train/forward_time_percent': 16.68, 'train/backward_time_percent': 34.6, 'train/optimizer_time_percent': 1.05, 'train/overhead_time_percent': 47.67, 'epoch': 0.013323562720671507}
{'loss': 5.5201, 'learning_rate': 0.0001, 'grad_norm': 0.2776663899421692, 'train/tokens_per_sec': 1634.0551154250343, 'train/step_time': 10.02658958399843, 'train/mfu': 84.5, 'train/efficiency': 53.22, 'train/forward_time_percent': 17.18, 'train/backward_time_percent': 35.08, 'train/optimizer_time_percent': 0.96, 'train/overhead_time_percent': 46.78, 'epoch': 0.013856505229498368}
{'loss': 5.5201, 'learning_rate': 0.0001, 'grad_norm': 0.2776663899421692, 'train/tokens_per_sec': 1633.047433586627, 'train/step_time': 10.032776552005089, 'train/mfu': 86.89, 'train/efficiency': 51.65, 'train/forward_time_percent': 16.33, 'train/backward_time_percent': 34.46, 'train/optimizer_time_percent': 0.86, 'train/overhead_time_percent': 48.35, 'epoch': 0.013856505229498368}
{'loss': 5.0891, 'learning_rate': 0.0001, 'grad_norm': 0.23987703025341034, 'train/tokens_per_sec': 1632.0010261384127, 'train/step_time': 10.039209374008351, 'train/mfu': 83.22, 'train/efficiency': 54.04, 'train/forward_time_percent': 17.04, 'train/backward_time_percent': 35.96, 'train/optimizer_time_percent': 1.04, 'train/overhead_time_percent': 45.96, 'epoch': 0.014389447738325229}
{'loss': 5.0891, 'learning_rate': 0.0001, 'grad_norm': 0.23987703025341034, 'train/tokens_per_sec': 1630.8937299009065, 'train/step_time': 10.04602550099662, 'train/mfu': 88.07, 'train/efficiency': 51.03, 'train/forward_time_percent': 16.28, 'train/backward_time_percent': 33.76, 'train/optimizer_time_percent': 0.99, 'train/overhead_time_percent': 48.97, 'epoch': 0.014389447738325229}
{'loss': 5.4737, 'learning_rate': 0.0001, 'grad_norm': 0.19873306155204773, 'train/tokens_per_sec': 1632.753183362573, 'train/step_time': 10.034584631008329, 'train/mfu': 86.86, 'train/efficiency': 51.84, 'train/forward_time_percent': 16.93, 'train/backward_time_percent': 33.87, 'train/optimizer_time_percent': 1.05, 'train/overhead_time_percent': 48.16, 'epoch': 0.014922390247152088}
{'loss': 5.4737, 'learning_rate': 0.0001, 'grad_norm': 0.19873306155204773, 'train/tokens_per_sec': 1632.5645085245992, 'train/step_time': 10.035744324006373, 'train/mfu': 86.98, 'train/efficiency': 51.71, 'train/forward_time_percent': 16.24, 'train/backward_time_percent': 34.49, 'train/optimizer_time_percent': 0.98, 'train/overhead_time_percent': 48.29, 'epoch': 0.014922390247152088}
{'loss': 5.466, 'learning_rate': 0.0001, 'grad_norm': 0.7544286251068115, 'train/tokens_per_sec': 1632.069782492651, 'train/step_time': 10.038786439006799, 'train/mfu': 87.64, 'train/efficiency': 51.33, 'train/forward_time_percent': 16.84, 'train/backward_time_percent': 33.48, 'train/optimizer_time_percent': 1.01, 'train/overhead_time_percent': 48.67, 'epoch': 0.015455332755978948}
{'loss': 5.466, 'learning_rate': 0.0001, 'grad_norm': 0.7544286251068115, 'train/tokens_per_sec': 1632.6757509777922, 'train/step_time': 10.03506053800811, 'train/mfu': 84.34, 'train/efficiency': 53.23, 'train/forward_time_percent': 16.78, 'train/backward_time_percent': 35.54, 'train/optimizer_time_percent': 0.91, 'train/overhead_time_percent': 46.77, 'epoch': 0.015455332755978948}
  step    30  loss   5.5555  |     5599.3 ms
{'loss': 5.5555, 'learning_rate': 0.0001, 'grad_norm': 0.16485826671123505, 'train/tokens_per_sec': 1631.4141435205559, 'train/step_time': 10.042820864997339, 'train/mfu': 85.34, 'train/efficiency': 52.55, 'train/forward_time_percent': 17.12, 'train/backward_time_percent': 34.54, 'train/optimizer_time_percent': 0.89, 'train/overhead_time_percent': 47.45, 'epoch': 0.01598827526480581}
{'loss': 5.5555, 'learning_rate': 0.0001, 'grad_norm': 0.16485826671123505, 'train/tokens_per_sec': 1630.8499632962144, 'train/step_time': 10.046295103005832, 'train/mfu': 85.68, 'train/efficiency': 52.43, 'train/forward_time_percent': 16.43, 'train/backward_time_percent': 35.01, 'train/optimizer_time_percent': 0.99, 'train/overhead_time_percent': 47.57, 'epoch': 0.01598827526480581}
{'loss': 5.3828, 'learning_rate': 0.0001, 'grad_norm': 0.16069616377353668, 'train/tokens_per_sec': 1632.4403847536555, 'train/step_time': 10.036507398996036, 'train/mfu': 84.74, 'train/efficiency': 53.1, 'train/forward_time_percent': 17.27, 'train/backward_time_percent': 34.79, 'train/optimizer_time_percent': 1.04, 'train/overhead_time_percent': 46.9, 'epoch': 0.01652121777363267}
{'loss': 5.3828, 'learning_rate': 0.0001, 'grad_norm': 0.16069616377353668, 'train/tokens_per_sec': 1631.8419283661221, 'train/step_time': 10.040188154991483, 'train/mfu': 85.72, 'train/efficiency': 52.48, 'train/forward_time_percent': 16.49, 'train/backward_time_percent': 34.96, 'train/optimizer_time_percent': 1.03, 'train/overhead_time_percent': 47.52, 'epoch': 0.01652121777363267}
{'loss': 5.5793, 'learning_rate': 0.0001, 'grad_norm': 0.14063115417957306, 'train/tokens_per_sec': 1630.2813097732594, 'train/step_time': 10.049799321001046, 'train/mfu': 87.56, 'train/efficiency': 51.18, 'train/forward_time_percent': 16.71, 'train/backward_time_percent': 33.6, 'train/optimizer_time_percent': 0.86, 'train/overhead_time_percent': 48.82, 'epoch': 0.01705416028245953}
{'loss': 5.5793, 'learning_rate': 0.0001, 'grad_norm': 0.14063115417957306, 'train/tokens_per_sec': 1631.1847001350952, 'train/step_time': 10.044233494001674, 'train/mfu': 84.12, 'train/efficiency': 53.28, 'train/forward_time_percent': 17.21, 'train/backward_time_percent': 35.19, 'train/optimizer_time_percent': 0.88, 'train/overhead_time_percent': 46.72, 'epoch': 0.01705416028245953}
{'loss': 5.4959, 'learning_rate': 0.0001, 'grad_norm': 0.151560977101326, 'train/tokens_per_sec': 1631.8051214461486, 'train/step_time': 10.040414621005766, 'train/mfu': 86.04, 'train/efficiency': 52.14, 'train/forward_time_percent': 17.14, 'train/backward_time_percent': 34.11, 'train/optimizer_time_percent': 0.89, 'train/overhead_time_percent': 47.86, 'epoch': 0.01758710279128639}
{'loss': 5.4959, 'learning_rate': 0.0001, 'grad_norm': 0.151560977101326, 'train/tokens_per_sec': 1631.8859208444846, 'train/step_time': 10.03991749099805, 'train/mfu': 85.87, 'train/efficiency': 52.3, 'train/forward_time_percent': 16.63, 'train/backward_time_percent': 34.73, 'train/optimizer_time_percent': 0.94, 'train/overhead_time_percent': 47.7, 'epoch': 0.01758710279128639}
{'loss': 5.6375, 'learning_rate': 0.0001, 'grad_norm': 0.16593612730503082, 'train/tokens_per_sec': 1631.5117929408545, 'train/step_time': 10.042219780996675, 'train/mfu': 83.39, 'train/efficiency': 53.75, 'train/forward_time_percent': 17.02, 'train/backward_time_percent': 35.85, 'train/optimizer_time_percent': 0.88, 'train/overhead_time_percent': 46.25, 'epoch': 0.01812004530011325}
{'loss': 5.6375, 'learning_rate': 0.0001, 'grad_norm': 0.16593612730503082, 'train/tokens_per_sec': 1630.652020521145, 'train/step_time': 10.047514609992504, 'train/mfu': 86.99, 'train/efficiency': 51.53, 'train/forward_time_percent': 16.45, 'train/backward_time_percent': 34.21, 'train/optimizer_time_percent': 0.87, 'train/overhead_time_percent': 48.47, 'epoch': 0.01812004530011325}
{'loss': 5.5329, 'learning_rate': 0.0001, 'grad_norm': 0.1304406076669693, 'train/tokens_per_sec': 1629.364086584485, 'train/step_time': 10.055456686997786, 'train/mfu': 84.53, 'train/efficiency': 52.98, 'train/forward_time_percent': 17.1, 'train/backward_time_percent': 35.0, 'train/optimizer_time_percent': 0.89, 'train/overhead_time_percent': 47.02, 'epoch': 0.018652987808940112}
{'loss': 5.5329, 'learning_rate': 0.0001, 'grad_norm': 0.1304406076669693, 'train/tokens_per_sec': 1629.415224402841, 'train/step_time': 10.055141104996437, 'train/mfu': 85.0, 'train/efficiency': 52.83, 'train/forward_time_percent': 16.97, 'train/backward_time_percent': 34.82, 'train/optimizer_time_percent': 1.03, 'train/overhead_time_percent': 47.17, 'epoch': 0.018652987808940112}
{'loss': 5.5091, 'learning_rate': 0.0001, 'grad_norm': 0.16243313252925873, 'train/tokens_per_sec': 1630.1170400044718, 'train/step_time': 10.050812057001167, 'train/mfu': 87.26, 'train/efficiency': 51.45, 'train/forward_time_percent': 16.44, 'train/backward_time_percent': 34.05, 'train/optimizer_time_percent': 0.96, 'train/overhead_time_percent': 48.55, 'epoch': 0.01918593031776697}{'loss': 5.5091, 'learning_rate': 0.0001, 'grad_norm': 0.16243313252925873, 'train/tokens_per_sec': 1630.2748748448744, 'train/step_time': 10.04983898899809, 'train/mfu': 84.12, 'train/efficiency': 53.24, 'train/forward_time_percent': 16.6, 'train/backward_time_percent': 35.77, 'train/optimizer_time_percent': 0.86, 'train/overhead_time_percent': 46.76, 'epoch': 0.01918593031776697}

{'loss': 5.5004, 'learning_rate': 0.0001, 'grad_norm': 0.17244639992713928, 'train/tokens_per_sec': 1631.259554760598, 'train/step_time': 10.043772587989224, 'train/mfu': 84.24, 'train/efficiency': 53.2, 'train/forward_time_percent': 17.43, 'train/backward_time_percent': 34.9, 'train/optimizer_time_percent': 0.86, 'train/overhead_time_percent': 46.8, 'epoch': 0.01971887282659383}
{'loss': 5.5004, 'learning_rate': 0.0001, 'grad_norm': 0.17244639992713928, 'train/tokens_per_sec': 1630.2814481478504, 'train/step_time': 10.04979846799688, 'train/mfu': 87.02, 'train/efficiency': 51.66, 'train/forward_time_percent': 16.12, 'train/backward_time_percent': 34.5, 'train/optimizer_time_percent': 1.03, 'train/overhead_time_percent': 48.34, 'epoch': 0.01971887282659383}
{'loss': 5.5671, 'learning_rate': 0.0001, 'grad_norm': 0.11533838510513306, 'train/tokens_per_sec': 1631.6227153483794, 'train/step_time': 10.041537081997376, 'train/mfu': 87.59, 'train/efficiency': 51.21, 'train/forward_time_percent': 16.5, 'train/backward_time_percent': 33.84, 'train/optimizer_time_percent': 0.87, 'train/overhead_time_percent': 48.79, 'epoch': 0.02025181533542069}
{'loss': 5.5671, 'learning_rate': 0.0001, 'grad_norm': 0.11533838510513306, 'train/tokens_per_sec': 1632.6470261616216, 'train/step_time': 10.035237095013144, 'train/mfu': 83.8, 'train/efficiency': 53.53, 'train/forward_time_percent': 16.63, 'train/backward_time_percent': 36.02, 'train/optimizer_time_percent': 0.88, 'train/overhead_time_percent': 46.47, 'epoch': 0.02025181533542069}
{'loss': 5.4164, 'learning_rate': 0.0001, 'grad_norm': 0.1425294578075409, 'train/tokens_per_sec': 1631.6057581833816, 'train/step_time': 10.041641442992841, 'train/mfu': 83.13, 'train/efficiency': 53.95, 'train/forward_time_percent': 16.97, 'train/backward_time_percent': 36.07, 'train/optimizer_time_percent': 0.91, 'train/overhead_time_percent': 46.05, 'epoch': 0.02078475784424755}
{'loss': 5.4164, 'learning_rate': 0.0001, 'grad_norm': 0.1425294578075409, 'train/tokens_per_sec': 1630.8301151881633, 'train/step_time': 10.04641737199563, 'train/mfu': 85.88, 'train/efficiency': 52.34, 'train/forward_time_percent': 16.65, 'train/backward_time_percent': 34.67, 'train/optimizer_time_percent': 1.02, 'train/overhead_time_percent': 47.66, 'epoch': 0.02078475784424755}
  step    40  loss   5.1688  |     5695.2 ms
{'loss': 5.1688, 'learning_rate': 0.0001, 'grad_norm': 0.18914401531219482, 'train/tokens_per_sec': 1630.5975794934482, 'train/step_time': 10.047850068003754, 'train/mfu': 83.92, 'train/efficiency': 53.54, 'train/forward_time_percent': 16.87, 'train/backward_time_percent': 35.64, 'train/optimizer_time_percent': 1.03, 'train/overhead_time_percent': 46.46, 'epoch': 0.021317700353074412}
{'loss': 5.1688, 'learning_rate': 0.0001, 'grad_norm': 0.18914401531219482, 'train/tokens_per_sec': 1630.006969903958, 'train/step_time': 10.051490762009053, 'train/mfu': 85.25, 'train/efficiency': 52.55, 'train/forward_time_percent': 16.38, 'train/backward_time_percent': 35.29, 'train/optimizer_time_percent': 0.88, 'train/overhead_time_percent': 47.45, 'epoch': 0.021317700353074412}
{'loss': 5.4313, 'learning_rate': 0.0001, 'grad_norm': 0.13554543256759644, 'train/tokens_per_sec': 1631.0032942084563, 'train/step_time': 10.045350649001193, 'train/mfu': 88.28, 'train/efficiency': 50.94, 'train/forward_time_percent': 16.06, 'train/backward_time_percent': 33.87, 'train/optimizer_time_percent': 1.01, 'train/overhead_time_percent': 49.06, 'epoch': 0.021850642861901273}
{'loss': 5.4313, 'learning_rate': 0.0001, 'grad_norm': 0.13554543256759644, 'train/tokens_per_sec': 1631.7709643973753, 'train/step_time': 10.040624792003655, 'train/mfu': 81.8, 'train/efficiency': 54.87, 'train/forward_time_percent': 17.26, 'train/backward_time_percent': 36.65, 'train/optimizer_time_percent': 0.96, 'train/overhead_time_percent': 45.13, 'epoch': 0.021850642861901273}
{'loss': 5.3047, 'learning_rate': 0.0001, 'grad_norm': 0.1316104531288147, 'train/tokens_per_sec': 1631.721256715087, 'train/step_time': 10.040930662988103, 'train/mfu': 86.58, 'train/efficiency': 51.95, 'train/forward_time_percent': 16.08, 'train/backward_time_percent': 34.85, 'train/optimizer_time_percent': 1.02, 'train/overhead_time_percent': 48.05, 'epoch': 0.022383585370728133}{'loss': 5.3047, 'learning_rate': 0.0001, 'grad_norm': 0.1316104531288147, 'train/tokens_per_sec': 1632.4593800833027, 'train/step_time': 10.036390613997355, 'train/mfu': 83.65, 'train/efficiency': 53.76, 'train/forward_time_percent': 16.76, 'train/backward_time_percent': 35.98, 'train/optimizer_time_percent': 1.02, 'train/overhead_time_percent': 46.24, 'epoch': 0.022383585370728133}

{'loss': 5.5276, 'learning_rate': 0.0001, 'grad_norm': 0.12837882339954376, 'train/tokens_per_sec': 1630.584373640475, 'train/step_time': 10.047931444001733, 'train/mfu': 83.84, 'train/efficiency': 53.51, 'train/forward_time_percent': 17.69, 'train/backward_time_percent': 34.87, 'train/optimizer_time_percent': 0.94, 'train/overhead_time_percent': 46.49, 'epoch': 0.022916527879554994}{'loss': 5.5276, 'learning_rate': 0.0001, 'grad_norm': 0.12837882339954376, 'train/tokens_per_sec': 1630.5416225838958, 'train/step_time': 10.048194890012383, 'train/mfu': 84.12, 'train/efficiency': 53.42, 'train/forward_time_percent': 16.89, 'train/backward_time_percent': 35.49, 'train/optimizer_time_percent': 1.04, 'train/overhead_time_percent': 46.58, 'epoch': 0.022916527879554994}

{'loss': 5.0368, 'learning_rate': 0.0001, 'grad_norm': 0.2538701295852661, 'train/tokens_per_sec': 1632.3255625709728, 'train/step_time': 10.037213393996353, 'train/mfu': 85.73, 'train/efficiency': 52.5, 'train/forward_time_percent': 16.98, 'train/backward_time_percent': 34.47, 'train/optimizer_time_percent': 1.05, 'train/overhead_time_percent': 47.5, 'epoch': 0.023449470388381854}
{'loss': 5.0368, 'learning_rate': 0.0001, 'grad_norm': 0.2538701295852661, 'train/tokens_per_sec': 1632.258026707554, 'train/step_time': 10.037628691003192, 'train/mfu': 84.93, 'train/efficiency': 52.94, 'train/forward_time_percent': 16.83, 'train/backward_time_percent': 35.11, 'train/optimizer_time_percent': 1.0, 'train/overhead_time_percent': 47.06, 'epoch': 0.023449470388381854}
{'loss': 5.589, 'learning_rate': 0.0001, 'grad_norm': 0.09392507374286652, 'train/tokens_per_sec': 1631.3130233738123, 'train/step_time': 10.043443389004096, 'train/mfu': 83.86, 'train/efficiency': 53.49, 'train/forward_time_percent': 17.37, 'train/backward_time_percent': 35.19, 'train/optimizer_time_percent': 0.93, 'train/overhead_time_percent': 46.51, 'epoch': 0.023982412897208715}
{'loss': 5.589, 'learning_rate': 0.0001, 'grad_norm': 0.09392507374286652, 'train/tokens_per_sec': 1630.6044187875257, 'train/step_time': 10.047807923998334, 'train/mfu': 85.24, 'train/efficiency': 52.56, 'train/forward_time_percent': 16.85, 'train/backward_time_percent': 34.85, 'train/optimizer_time_percent': 0.87, 'train/overhead_time_percent': 47.44, 'epoch': 0.023982412897208715}
{'loss': 5.3818, 'learning_rate': 0.0001, 'grad_norm': 0.1400228887796402, 'train/tokens_per_sec': 1633.2622464609553, 'train/step_time': 10.031457003002288, 'train/mfu': 84.46, 'train/efficiency': 53.3, 'train/forward_time_percent': 17.08, 'train/backward_time_percent': 35.18, 'train/optimizer_time_percent': 1.05, 'train/overhead_time_percent': 46.7, 'epoch': 0.024515355406035572}
{'loss': 5.3818, 'learning_rate': 0.0001, 'grad_norm': 0.1400228887796402, 'train/tokens_per_sec': 1632.3189178044001, 'train/step_time': 10.03725425300945, 'train/mfu': 86.09, 'train/efficiency': 52.13, 'train/forward_time_percent': 16.15, 'train/backward_time_percent': 35.09, 'train/optimizer_time_percent': 0.89, 'train/overhead_time_percent': 47.87, 'epoch': 0.024515355406035572}
{'loss': 5.5151, 'learning_rate': 0.0001, 'grad_norm': 0.11132268607616425, 'train/tokens_per_sec': 1633.6817048930056, 'train/step_time': 10.028881360995001, 'train/mfu': 84.01, 'train/efficiency': 53.56, 'train/forward_time_percent': 16.43, 'train/backward_time_percent': 36.12, 'train/optimizer_time_percent': 1.01, 'train/overhead_time_percent': 46.44, 'epoch': 0.025048297914862433}
{'loss': 5.5151, 'learning_rate': 0.0001, 'grad_norm': 0.11132268607616425, 'train/tokens_per_sec': 1632.8786172278935, 'train/step_time': 10.033813797999755, 'train/mfu': 86.27, 'train/efficiency': 52.17, 'train/forward_time_percent': 17.12, 'train/backward_time_percent': 34.02, 'train/optimizer_time_percent': 1.02, 'train/overhead_time_percent': 47.83, 'epoch': 0.025048297914862433}
{'loss': 5.3815, 'learning_rate': 0.0001, 'grad_norm': 0.10799720883369446, 'train/tokens_per_sec': 1629.8168693426403, 'train/step_time': 10.052663160007796, 'train/mfu': 88.94, 'train/efficiency': 50.54, 'train/forward_time_percent': 15.88, 'train/backward_time_percent': 33.65, 'train/optimizer_time_percent': 1.02, 'train/overhead_time_percent': 49.46, 'epoch': 0.025581240423689294}{'loss': 5.3815, 'learning_rate': 0.0001, 'grad_norm': 0.10799720883369446, 'train/tokens_per_sec': 1630.8821744668928, 'train/step_time': 10.046096680991468, 'train/mfu': 83.86, 'train/efficiency': 53.43, 'train/forward_time_percent': 17.16, 'train/backward_time_percent': 35.4, 'train/optimizer_time_percent': 0.87, 'train/overhead_time_percent': 46.57, 'epoch': 0.025581240423689294}

{'loss': 5.3629, 'learning_rate': 0.0001, 'grad_norm': 0.12412166595458984, 'train/tokens_per_sec': 1632.311823601199, 'train/step_time': 10.037297875998775, 'train/mfu': 83.43, 'train/efficiency': 53.92, 'train/forward_time_percent': 17.17, 'train/backward_time_percent': 35.7, 'train/optimizer_time_percent': 1.05, 'train/overhead_time_percent': 46.08, 'epoch': 0.026114182932516154}
{'loss': 5.3629, 'learning_rate': 0.0001, 'grad_norm': 0.12412166595458984, 'train/tokens_per_sec': 1631.7018250105814, 'train/step_time': 10.04105023900047, 'train/mfu': 84.83, 'train/efficiency': 52.88, 'train/forward_time_percent': 17.0, 'train/backward_time_percent': 34.98, 'train/optimizer_time_percent': 0.9, 'train/overhead_time_percent': 47.12, 'epoch': 0.026114182932516154}
{'loss': 5.354, 'learning_rate': 0.0001, 'grad_norm': 0.0923856794834137, 'train/tokens_per_sec': 1629.154978041582, 'train/step_time': 10.05674734499189, 'train/mfu': 87.59, 'train/efficiency': 51.28, 'train/forward_time_percent': 16.92, 'train/backward_time_percent': 33.35, 'train/optimizer_time_percent': 1.02, 'train/overhead_time_percent': 48.72, 'epoch': 0.026647125441343015}
  step    50  loss   5.3540  |     5808.0 ms
{'loss': 5.354, 'learning_rate': 0.0001, 'grad_norm': 0.0923856794834137, 'train/tokens_per_sec': 1629.9898097133594, 'train/step_time': 10.05159658199409, 'train/mfu': 82.21, 'train/efficiency': 54.46, 'train/forward_time_percent': 17.41, 'train/backward_time_percent': 36.16, 'train/optimizer_time_percent': 0.88, 'train/overhead_time_percent': 45.54, 'epoch': 0.026647125441343015}
{'loss': 5.5351, 'learning_rate': 0.0001, 'grad_norm': 0.10934509336948395, 'train/tokens_per_sec': 1630.0329473171469, 'train/step_time': 10.05133057400235, 'train/mfu': 86.16, 'train/efficiency': 52.15, 'train/forward_time_percent': 16.61, 'train/backward_time_percent': 34.51, 'train/optimizer_time_percent': 1.02, 'train/overhead_time_percent': 47.85, 'epoch': 0.027180067950169876}
{'loss': 5.5351, 'learning_rate': 0.0001, 'grad_norm': 0.10934509336948395, 'train/tokens_per_sec': 1630.9855994841869, 'train/step_time': 10.045459632005077, 'train/mfu': 83.3, 'train/efficiency': 53.94, 'train/forward_time_percent': 17.16, 'train/backward_time_percent': 35.75, 'train/optimizer_time_percent': 1.03, 'train/overhead_time_percent': 46.06, 'epoch': 0.027180067950169876}
{'loss': 5.402, 'learning_rate': 0.0001, 'grad_norm': 0.1210017278790474, 'train/tokens_per_sec': 1590.6636121983618, 'train/step_time': 10.30010360101005, 'train/mfu': 84.98, 'train/efficiency': 51.58, 'train/forward_time_percent': 15.73, 'train/backward_time_percent': 34.85, 'train/optimizer_time_percent': 1.0, 'train/overhead_time_percent': 48.42, 'epoch': 0.027713010458996736}
{'loss': 5.402, 'learning_rate': 0.0001, 'grad_norm': 0.1210017278790474, 'train/tokens_per_sec': 1591.7857322746331, 'train/step_time': 10.292842602997553, 'train/mfu': 79.12, 'train/efficiency': 55.22, 'train/forward_time_percent': 16.67, 'train/backward_time_percent': 37.7, 'train/optimizer_time_percent': 0.84, 'train/overhead_time_percent': 44.78, 'epoch': 0.027713010458996736}
{'loss': 5.4525, 'learning_rate': 0.0001, 'grad_norm': 0.10710078477859497, 'train/tokens_per_sec': 1630.8403285378192, 'train/step_time': 10.046354455000255, 'train/mfu': 84.36, 'train/efficiency': 53.13, 'train/forward_time_percent': 16.61, 'train/backward_time_percent': 35.63, 'train/optimizer_time_percent': 0.88, 'train/overhead_time_percent': 46.87, 'epoch': 0.028245952967823597}
{'loss': 5.4525, 'learning_rate': 0.0001, 'grad_norm': 0.10710078477859497, 'train/tokens_per_sec': 1629.7977994388787, 'train/step_time': 10.05278078399715, 'train/mfu': 89.27, 'train/efficiency': 50.36, 'train/forward_time_percent': 15.66, 'train/backward_time_percent': 33.68, 'train/optimizer_time_percent': 1.02, 'train/overhead_time_percent': 49.64, 'epoch': 0.028245952967823597}
{'loss': 5.3075, 'learning_rate': 0.0001, 'grad_norm': 0.13558125495910645, 'train/tokens_per_sec': 1632.055784296998, 'train/step_time': 10.038872542005265, 'train/mfu': 87.09, 'train/efficiency': 51.62, 'train/forward_time_percent': 16.15, 'train/backward_time_percent': 34.49, 'train/optimizer_time_percent': 0.97, 'train/overhead_time_percent': 48.38, 'epoch': 0.028778895476650457}
{'loss': 5.3075, 'learning_rate': 0.0001, 'grad_norm': 0.13558125495910645, 'train/tokens_per_sec': 1632.0007299513163, 'train/step_time': 10.039211195995449, 'train/mfu': 86.05, 'train/efficiency': 52.22, 'train/forward_time_percent': 16.39, 'train/backward_time_percent': 34.86, 'train/optimizer_time_percent': 0.97, 'train/overhead_time_percent': 47.78, 'epoch': 0.028778895476650457}
{'loss': 5.5492, 'learning_rate': 0.0001, 'grad_norm': 0.1045958399772644, 'train/tokens_per_sec': 1633.4663566228066, 'train/step_time': 10.030203520000214, 'train/mfu': 84.59, 'train/efficiency': 53.06, 'train/forward_time_percent': 16.94, 'train/backward_time_percent': 35.25, 'train/optimizer_time_percent': 0.88, 'train/overhead_time_percent': 46.94, 'epoch': 0.029311837985477318}
{'loss': 5.5492, 'learning_rate': 0.0001, 'grad_norm': 0.1045958399772644, 'train/tokens_per_sec': 1632.6074140395685, 'train/step_time': 10.035480581005686, 'train/mfu': 86.8, 'train/efficiency': 51.86, 'train/forward_time_percent': 16.98, 'train/backward_time_percent': 33.85, 'train/optimizer_time_percent': 1.03, 'train/overhead_time_percent': 48.14, 'epoch': 0.029311837985477318}
{'loss': 5.3952, 'learning_rate': 0.0001, 'grad_norm': 0.10319741070270538, 'train/tokens_per_sec': 1632.074250917732, 'train/step_time': 10.038758954004152, 'train/mfu': 84.92, 'train/efficiency': 52.96, 'train/forward_time_percent': 16.55, 'train/backward_time_percent': 35.38, 'train/optimizer_time_percent': 1.02, 'train/overhead_time_percent': 47.04, 'epoch': 0.029844780494304175}
{'loss': 5.3952, 'learning_rate': 0.0001, 'grad_norm': 0.10319741070270538, 'train/tokens_per_sec': 1632.2933655896186, 'train/step_time': 10.037411377998069, 'train/mfu': 84.1, 'train/efficiency': 53.49, 'train/forward_time_percent': 16.73, 'train/backward_time_percent': 35.72, 'train/optimizer_time_percent': 1.04, 'train/overhead_time_percent': 46.51, 'epoch': 0.029844780494304175}
{'loss': 5.4486, 'learning_rate': 0.0001, 'grad_norm': 0.08766157180070877, 'train/tokens_per_sec': 1629.6554210559987, 'train/step_time': 10.053659067008994, 'train/mfu': 83.23, 'train/efficiency': 53.8, 'train/forward_time_percent': 16.48, 'train/backward_time_percent': 36.43, 'train/optimizer_time_percent': 0.88, 'train/overhead_time_percent': 46.2, 'epoch': 0.030377723003131036}
{'loss': 5.4486, 'learning_rate': 0.0001, 'grad_norm': 0.08766157180070877, 'train/tokens_per_sec': 1628.7793897634929, 'train/step_time': 10.059066379995784, 'train/mfu': 85.97, 'train/efficiency': 52.06, 'train/forward_time_percent': 16.7, 'train/backward_time_percent': 34.5, 'train/optimizer_time_percent': 0.86, 'train/overhead_time_percent': 47.94, 'epoch': 0.030377723003131036}
{'loss': 5.5132, 'learning_rate': 0.0001, 'grad_norm': 0.10122061520814896, 'train/tokens_per_sec': 1632.58793145703, 'train/step_time': 10.035600339993834, 'train/mfu': 83.75, 'train/efficiency': 53.71, 'train/forward_time_percent': 16.77, 'train/backward_time_percent': 35.91, 'train/optimizer_time_percent': 1.03, 'train/overhead_time_percent': 46.29, 'epoch': 0.030910665511957897}
{'loss': 5.5132, 'learning_rate': 0.0001, 'grad_norm': 0.10122061520814896, 'train/tokens_per_sec': 1632.3708342409773, 'train/step_time': 10.03693502501119, 'train/mfu': 84.67, 'train/efficiency': 53.1, 'train/forward_time_percent': 16.98, 'train/backward_time_percent': 35.12, 'train/optimizer_time_percent': 1.0, 'train/overhead_time_percent': 46.9, 'epoch': 0.030910665511957897}
{'loss': 5.3831, 'learning_rate': 0.0001, 'grad_norm': 0.09362876415252686, 'train/tokens_per_sec': 1629.0080228263776, 'train/step_time': 10.057654578995425, 'train/mfu': 84.91, 'train/efficiency': 52.78, 'train/forward_time_percent': 16.75, 'train/backward_time_percent': 35.1, 'train/optimizer_time_percent': 0.94, 'train/overhead_time_percent': 47.22, 'epoch': 0.03144360802078476}
{'loss': 5.3831, 'learning_rate': 0.0001, 'grad_norm': 0.09362876415252686, 'train/tokens_per_sec': 1629.6917154289335, 'train/step_time': 10.053435164998518, 'train/mfu': 83.88, 'train/efficiency': 53.41, 'train/forward_time_percent': 17.52, 'train/backward_time_percent': 34.99, 'train/optimizer_time_percent': 0.91, 'train/overhead_time_percent': 46.59, 'epoch': 0.03144360802078476}
  step    60  loss   5.3220  |     5706.5 ms
{'loss': 5.322, 'learning_rate': 0.0001, 'grad_norm': 0.12366433441638947, 'train/tokens_per_sec': 1633.0829917379517, 'train/step_time': 10.032558102000621, 'train/mfu': 83.53, 'train/efficiency': 53.71, 'train/forward_time_percent': 16.87, 'train/backward_time_percent': 35.97, 'train/optimizer_time_percent': 0.87, 'train/overhead_time_percent': 46.29, 'epoch': 0.03197655052961162}
{'loss': 5.322, 'learning_rate': 0.0001, 'grad_norm': 0.12366433441638947, 'train/tokens_per_sec': 1632.296596874269, 'train/step_time': 10.037391507998109, 'train/mfu': 86.77, 'train/efficiency': 51.81, 'train/forward_time_percent': 16.74, 'train/backward_time_percent': 34.09, 'train/optimizer_time_percent': 0.98, 'train/overhead_time_percent': 48.19, 'epoch': 0.03197655052961162}
{'loss': 5.1237, 'learning_rate': 0.0001, 'grad_norm': 0.14979448914527893, 'train/tokens_per_sec': 1629.7637281558184, 'train/step_time': 10.052990943993791, 'train/mfu': 84.98, 'train/efficiency': 52.87, 'train/forward_time_percent': 17.09, 'train/backward_time_percent': 34.73, 'train/optimizer_time_percent': 1.05, 'train/overhead_time_percent': 47.13, 'epoch': 0.032509493038438475}
{'loss': 5.1237, 'learning_rate': 0.0001, 'grad_norm': 0.14979448914527893, 'train/tokens_per_sec': 1629.2280388538925, 'train/step_time': 10.056296362003195, 'train/mfu': 85.4, 'train/efficiency': 52.46, 'train/forward_time_percent': 16.71, 'train/backward_time_percent': 34.85, 'train/optimizer_time_percent': 0.91, 'train/overhead_time_percent': 47.54, 'epoch': 0.032509493038438475}
{'loss': 5.3249, 'learning_rate': 0.0001, 'grad_norm': 0.11187123507261276, 'train/tokens_per_sec': 1631.2516133531997, 'train/step_time': 10.043821483995998, 'train/mfu': 85.36, 'train/efficiency': 52.69, 'train/forward_time_percent': 16.63, 'train/backward_time_percent': 35.01, 'train/optimizer_time_percent': 1.05, 'train/overhead_time_percent': 47.31, 'epoch': 0.03304243554726534}
{'loss': 5.3249, 'learning_rate': 0.0001, 'grad_norm': 0.11187123507261276, 'train/tokens_per_sec': 1630.763048743053, 'train/step_time': 10.046830539009534, 'train/mfu': 86.64, 'train/efficiency': 51.88, 'train/forward_time_percent': 16.89, 'train/backward_time_percent': 33.97, 'train/optimizer_time_percent': 1.01, 'train/overhead_time_percent': 48.12, 'epoch': 0.03304243554726534}
{'loss': 5.4749, 'learning_rate': 0.0001, 'grad_norm': 0.10471165925264359, 'train/tokens_per_sec': 1633.0683766540176, 'train/step_time': 10.03264788800152, 'train/mfu': 84.37, 'train/efficiency': 53.19, 'train/forward_time_percent': 17.35, 'train/backward_time_percent': 34.96, 'train/optimizer_time_percent': 0.88, 'train/overhead_time_percent': 46.81, 'epoch': 0.033575378056092196}{'loss': 5.4749, 'learning_rate': 0.0001, 'grad_norm': 0.10471165925264359, 'train/tokens_per_sec': 1632.4258496416794, 'train/step_time': 10.036596764010028, 'train/mfu': 87.24, 'train/efficiency': 51.59, 'train/forward_time_percent': 16.51, 'train/backward_time_percent': 34.05, 'train/optimizer_time_percent': 1.02, 'train/overhead_time_percent': 48.41, 'epoch': 0.033575378056092196}

{'loss': 5.3446, 'learning_rate': 0.0001, 'grad_norm': 0.09754490852355957, 'train/tokens_per_sec': 1629.1605358270467, 'train/step_time': 10.056713036989095, 'train/mfu': 87.62, 'train/efficiency': 51.12, 'train/forward_time_percent': 16.95, 'train/backward_time_percent': 33.3, 'train/optimizer_time_percent': 0.87, 'train/overhead_time_percent': 48.88, 'epoch': 0.03410832056491906}
{'loss': 5.3446, 'learning_rate': 0.0001, 'grad_norm': 0.09754490852355957, 'train/tokens_per_sec': 1630.208132730187, 'train/step_time': 10.05025043799833, 'train/mfu': 83.31, 'train/efficiency': 53.92, 'train/forward_time_percent': 17.0, 'train/backward_time_percent': 35.88, 'train/optimizer_time_percent': 1.03, 'train/overhead_time_percent': 46.08, 'epoch': 0.03410832056491906}
{'loss': 5.0338, 'learning_rate': 0.0001, 'grad_norm': 0.13828888535499573, 'train/tokens_per_sec': 1632.1035764879382, 'train/step_time': 10.038578577994485, 'train/mfu': 85.63, 'train/efficiency': 52.39, 'train/forward_time_percent': 17.02, 'train/backward_time_percent': 34.49, 'train/optimizer_time_percent': 0.88, 'train/overhead_time_percent': 47.61, 'epoch': 0.03464126307374592}
{'loss': 5.0338, 'learning_rate': 0.0001, 'grad_norm': 0.13828888535499573, 'train/tokens_per_sec': 1632.8773647982587, 'train/step_time': 10.033821494012955, 'train/mfu': 83.62, 'train/efficiency': 53.64, 'train/forward_time_percent': 16.79, 'train/backward_time_percent': 35.98, 'train/optimizer_time_percent': 0.87, 'train/overhead_time_percent': 46.36, 'epoch': 0.03464126307374592}
{'loss': 5.4753, 'learning_rate': 0.0001, 'grad_norm': 0.07779009640216827, 'train/tokens_per_sec': 1632.1597463416597, 'train/step_time': 10.03823310599546, 'train/mfu': 84.49, 'train/efficiency': 53.22, 'train/forward_time_percent': 16.6, 'train/backward_time_percent': 35.6, 'train/optimizer_time_percent': 1.02, 'train/overhead_time_percent': 46.78, 'epoch': 0.03517420558257278}
{'loss': 5.4753, 'learning_rate': 0.0001, 'grad_norm': 0.07779009640216827, 'train/tokens_per_sec': 1631.6427172974609, 'train/step_time': 10.0414139850036, 'train/mfu': 86.08, 'train/efficiency': 52.11, 'train/forward_time_percent': 16.67, 'train/backward_time_percent': 34.56, 'train/optimizer_time_percent': 0.89, 'train/overhead_time_percent': 47.89, 'epoch': 0.03517420558257278}
{'loss': 5.4295, 'learning_rate': 0.0001, 'grad_norm': 0.07535895705223083, 'train/tokens_per_sec': 1631.3661842679367, 'train/step_time': 10.043116105996887, 'train/mfu': 85.11, 'train/efficiency': 52.83, 'train/forward_time_percent': 16.65, 'train/backward_time_percent': 35.15, 'train/optimizer_time_percent': 1.03, 'train/overhead_time_percent': 47.17, 'epoch': 0.03570714809139964}
{'loss': 5.4295, 'learning_rate': 0.0001, 'grad_norm': 0.07535895705223083, 'train/tokens_per_sec': 1630.7407912797007, 'train/step_time': 10.046967665010015, 'train/mfu': 85.96, 'train/efficiency': 52.24, 'train/forward_time_percent': 16.63, 'train/backward_time_percent': 34.64, 'train/optimizer_time_percent': 0.97, 'train/overhead_time_percent': 47.76, 'epoch': 0.03570714809139964}
{'loss': 5.3751, 'learning_rate': 0.0001, 'grad_norm': 0.13349021971225739, 'train/tokens_per_sec': 1631.564755083671, 'train/step_time': 10.041893800997059, 'train/mfu': 86.54, 'train/efficiency': 51.96, 'train/forward_time_percent': 16.96, 'train/backward_time_percent': 33.99, 'train/optimizer_time_percent': 1.01, 'train/overhead_time_percent': 48.04, 'epoch': 0.0362400906002265}
{'loss': 5.3751, 'learning_rate': 0.0001, 'grad_norm': 0.13349021971225739, 'train/tokens_per_sec': 1632.3606542447412, 'train/step_time': 10.036997618997702, 'train/mfu': 84.95, 'train/efficiency': 52.96, 'train/forward_time_percent': 16.72, 'train/backward_time_percent': 35.21, 'train/optimizer_time_percent': 1.03, 'train/overhead_time_percent': 47.04, 'epoch': 0.0362400906002265}
{'loss': 5.3242, 'learning_rate': 0.0001, 'grad_norm': 0.09048566967248917, 'train/tokens_per_sec': 1631.0552086642833, 'train/step_time': 10.04503091800143, 'train/mfu': 83.23, 'train/efficiency': 53.82, 'train/forward_time_percent': 16.46, 'train/backward_time_percent': 36.5, 'train/optimizer_time_percent': 0.86, 'train/overhead_time_percent': 46.18, 'epoch': 0.03677303310905336}
{'loss': 5.3242, 'learning_rate': 0.0001, 'grad_norm': 0.09048566967248917, 'train/tokens_per_sec': 1630.2027134543503, 'train/step_time': 10.050283848002437, 'train/mfu': 86.83, 'train/efficiency': 51.76, 'train/forward_time_percent': 16.94, 'train/backward_time_percent': 33.79, 'train/optimizer_time_percent': 1.03, 'train/overhead_time_percent': 48.24, 'epoch': 0.03677303310905336}
  step    70  loss   5.3385  |     5649.0 ms{'loss': 5.3385, 'learning_rate': 0.0001, 'grad_norm': 0.08972278982400894, 'train/tokens_per_sec': 1631.4222942779002, 'train/step_time': 10.042770690008183, 'train/mfu': 83.2, 'train/efficiency': 53.85, 'train/forward_time_percent': 16.93, 'train/backward_time_percent': 36.06, 'train/optimizer_time_percent': 0.86, 'train/overhead_time_percent': 46.15, 'epoch': 0.037305975617880224}

{'loss': 5.3385, 'learning_rate': 0.0001, 'grad_norm': 0.08972278982400894, 'train/tokens_per_sec': 1631.2828661969945, 'train/step_time': 10.043629059990053, 'train/mfu': 84.58, 'train/efficiency': 53.16, 'train/forward_time_percent': 16.96, 'train/backward_time_percent': 35.16, 'train/optimizer_time_percent': 1.05, 'train/overhead_time_percent': 46.84, 'epoch': 0.037305975617880224}
{'loss': 4.7015, 'learning_rate': 0.0001, 'grad_norm': 0.20318253338336945, 'train/tokens_per_sec': 1630.431573833651, 'train/step_time': 10.048873110004934, 'train/mfu': 84.42, 'train/efficiency': 53.21, 'train/forward_time_percent': 16.53, 'train/backward_time_percent': 35.66, 'train/optimizer_time_percent': 1.01, 'train/overhead_time_percent': 46.79, 'epoch': 0.03783891812670708}
{'loss': 4.7015, 'learning_rate': 0.0001, 'grad_norm': 0.20318253338336945, 'train/tokens_per_sec': 1630.7592083534626, 'train/step_time': 10.046854198997607, 'train/mfu': 84.32, 'train/efficiency': 53.16, 'train/forward_time_percent': 16.98, 'train/backward_time_percent': 35.28, 'train/optimizer_time_percent': 0.9, 'train/overhead_time_percent': 46.84, 'epoch': 0.03783891812670708}
{'loss': 4.7412, 'learning_rate': 0.0001, 'grad_norm': 0.1661122888326645, 'train/tokens_per_sec': 1630.2746063718384, 'train/step_time': 10.04984064400196, 'train/mfu': 84.08, 'train/efficiency': 53.27, 'train/forward_time_percent': 17.14, 'train/backward_time_percent': 35.26, 'train/optimizer_time_percent': 0.88, 'train/overhead_time_percent': 46.73, 'epoch': 0.03837186063553394}
{'loss': 4.7412, 'learning_rate': 0.0001, 'grad_norm': 0.1661122888326645, 'train/tokens_per_sec': 1629.5478555818013, 'train/step_time': 10.054322702999343, 'train/mfu': 88.52, 'train/efficiency': 50.63, 'train/forward_time_percent': 16.9, 'train/backward_time_percent': 32.85, 'train/optimizer_time_percent': 0.88, 'train/overhead_time_percent': 49.37, 'epoch': 0.03837186063553394}
{'loss': 5.5181, 'learning_rate': 0.0001, 'grad_norm': 0.099799744784832, 'train/tokens_per_sec': 1632.6932998449563, 'train/step_time': 10.034952677000547, 'train/mfu': 85.77, 'train/efficiency': 52.48, 'train/forward_time_percent': 16.02, 'train/backward_time_percent': 35.42, 'train/optimizer_time_percent': 1.04, 'train/overhead_time_percent': 47.52, 'epoch': 0.0389048031443608}
{'loss': 5.5181, 'learning_rate': 0.0001, 'grad_norm': 0.099799744784832, 'train/tokens_per_sec': 1632.9922752096472, 'train/step_time': 10.03311543399468, 'train/mfu': 85.6, 'train/efficiency': 52.54, 'train/forward_time_percent': 17.2, 'train/backward_time_percent': 34.35, 'train/optimizer_time_percent': 0.99, 'train/overhead_time_percent': 47.46, 'epoch': 0.0389048031443608}
{'loss': 5.5033, 'learning_rate': 0.0001, 'grad_norm': 0.08473590761423111, 'train/tokens_per_sec': 1633.0878886129071, 'train/step_time': 10.032528019000893, 'train/mfu': 84.92, 'train/efficiency': 52.96, 'train/forward_time_percent': 16.81, 'train/backward_time_percent': 35.16, 'train/optimizer_time_percent': 0.99, 'train/overhead_time_percent': 47.04, 'epoch': 0.03943774565318766}{'loss': 5.5033, 'learning_rate': 0.0001, 'grad_norm': 0.08473590761423111, 'train/tokens_per_sec': 1632.3340842903597, 'train/step_time': 10.037160993990256, 'train/mfu': 86.12, 'train/efficiency': 52.18, 'train/forward_time_percent': 16.34, 'train/backward_time_percent': 34.88, 'train/optimizer_time_percent': 0.96, 'train/overhead_time_percent': 47.82, 'epoch': 0.03943774565318766}

{'loss': 5.5028, 'learning_rate': 0.0001, 'grad_norm': 0.0903872400522232, 'train/tokens_per_sec': 1631.1452016484532, 'train/step_time': 10.044476716997451, 'train/mfu': 84.97, 'train/efficiency': 52.95, 'train/forward_time_percent': 17.42, 'train/backward_time_percent': 34.46, 'train/optimizer_time_percent': 1.07, 'train/overhead_time_percent': 47.05, 'epoch': 0.039970688162014524}
{'loss': 5.5028, 'learning_rate': 0.0001, 'grad_norm': 0.0903872400522232, 'train/tokens_per_sec': 1631.3078053032095, 'train/step_time': 10.043475515005412, 'train/mfu': 84.38, 'train/efficiency': 53.19, 'train/forward_time_percent': 16.98, 'train/backward_time_percent': 35.27, 'train/optimizer_time_percent': 0.94, 'train/overhead_time_percent': 46.81, 'epoch': 0.039970688162014524}
{'loss': 5.3266, 'learning_rate': 0.0001, 'grad_norm': 0.08133034408092499, 'train/tokens_per_sec': 1629.9444402396773, 'train/step_time': 10.051876368001103, 'train/mfu': 83.36, 'train/efficiency': 53.73, 'train/forward_time_percent': 17.02, 'train/backward_time_percent': 35.82, 'train/optimizer_time_percent': 0.89, 'train/overhead_time_percent': 46.27, 'epoch': 0.04050363067084138}{'loss': 5.3266, 'learning_rate': 0.0001, 'grad_norm': 0.08133034408092499, 'train/tokens_per_sec': 1630.0954064115635, 'train/step_time': 10.050945445007528, 'train/mfu': 85.67, 'train/efficiency': 52.47, 'train/forward_time_percent': 16.08, 'train/backward_time_percent': 35.34, 'train/optimizer_time_percent': 1.05, 'train/overhead_time_percent': 47.53, 'epoch': 0.04050363067084138}

{'loss': 5.4099, 'learning_rate': 0.0001, 'grad_norm': 0.08786837756633759, 'train/tokens_per_sec': 1631.0542719264863, 'train/step_time': 10.045036687006359, 'train/mfu': 85.5, 'train/efficiency': 52.59, 'train/forward_time_percent': 16.41, 'train/backward_time_percent': 35.15, 'train/optimizer_time_percent': 1.04, 'train/overhead_time_percent': 47.41, 'epoch': 0.041036573179668245}
{'loss': 5.4099, 'learning_rate': 0.0001, 'grad_norm': 0.08786837756633759, 'train/tokens_per_sec': 1630.6936823106307, 'train/step_time': 10.047257910991902, 'train/mfu': 86.07, 'train/efficiency': 52.23, 'train/forward_time_percent': 16.97, 'train/backward_time_percent': 34.23, 'train/optimizer_time_percent': 1.03, 'train/overhead_time_percent': 47.77, 'epoch': 0.041036573179668245}
{'loss': 5.5436, 'learning_rate': 0.0001, 'grad_norm': 0.07812021672725677, 'train/tokens_per_sec': 1630.3395883583817, 'train/step_time': 10.04944007800077, 'train/mfu': 88.91, 'train/efficiency': 50.57, 'train/forward_time_percent': 16.86, 'train/backward_time_percent': 32.7, 'train/optimizer_time_percent': 1.01, 'train/overhead_time_percent': 49.43, 'epoch': 0.0415695156884951}{'loss': 5.5436, 'learning_rate': 0.0001, 'grad_norm': 0.07812021672725677, 'train/tokens_per_sec': 1631.0137042420474, 'train/step_time': 10.045286534004845, 'train/mfu': 84.23, 'train/efficiency': 53.2, 'train/forward_time_percent': 17.02, 'train/backward_time_percent': 35.31, 'train/optimizer_time_percent': 0.87, 'train/overhead_time_percent': 46.8, 'epoch': 0.0415695156884951}

{'loss': 5.5023, 'learning_rate': 0.0001, 'grad_norm': 0.07545638084411621, 'train/tokens_per_sec': 1631.4744500190268, 'train/step_time': 10.042449638000107, 'train/mfu': 86.22, 'train/efficiency': 52.02, 'train/forward_time_percent': 16.96, 'train/backward_time_percent': 34.17, 'train/optimizer_time_percent': 0.89, 'train/overhead_time_percent': 47.98, 'epoch': 0.04210245819732197}
{'loss': 5.5023, 'learning_rate': 0.0001, 'grad_norm': 0.07545638084411621, 'train/tokens_per_sec': 1631.2883928681551, 'train/step_time': 10.043595032999292, 'train/mfu': 86.27, 'train/efficiency': 52.05, 'train/forward_time_percent': 16.87, 'train/backward_time_percent': 34.23, 'train/optimizer_time_percent': 0.95, 'train/overhead_time_percent': 47.95, 'epoch': 0.04210245819732197}
  step    80  loss   5.1110  |     5597.5 ms
{'loss': 5.111, 'learning_rate': 0.0001, 'grad_norm': 0.17274892330169678, 'train/tokens_per_sec': 1633.072672959811, 'train/step_time': 10.032621493999613, 'train/mfu': 85.75, 'train/efficiency': 52.52, 'train/forward_time_percent': 17.27, 'train/backward_time_percent': 34.19, 'train/optimizer_time_percent': 1.06, 'train/overhead_time_percent': 47.48, 'epoch': 0.042635400706148824}
{'loss': 5.111, 'learning_rate': 0.0001, 'grad_norm': 0.17274892330169678, 'train/tokens_per_sec': 1632.8114513554467, 'train/step_time': 10.03422653999587, 'train/mfu': 85.71, 'train/efficiency': 52.51, 'train/forward_time_percent': 17.0, 'train/backward_time_percent': 34.48, 'train/optimizer_time_percent': 1.03, 'train/overhead_time_percent': 47.49, 'epoch': 0.042635400706148824}
{'loss': 5.5458, 'learning_rate': 0.0001, 'grad_norm': 0.0647876188158989, 'train/tokens_per_sec': 1628.818439692795, 'train/step_time': 10.058825220010476, 'train/mfu': 86.03, 'train/efficiency': 52.06, 'train/forward_time_percent': 16.59, 'train/backward_time_percent': 34.57, 'train/optimizer_time_percent': 0.9, 'train/overhead_time_percent': 47.94, 'epoch': 0.04316834321497569}{'loss': 5.5458, 'learning_rate': 0.0001, 'grad_norm': 0.0647876188158989, 'train/tokens_per_sec': 1629.6485997735451, 'train/step_time': 10.05370114899415, 'train/mfu': 84.4, 'train/efficiency': 53.21, 'train/forward_time_percent': 17.1, 'train/backward_time_percent': 35.08, 'train/optimizer_time_percent': 1.03, 'train/overhead_time_percent': 46.79, 'epoch': 0.04316834321497569}

{'loss': 5.3624, 'learning_rate': 0.0001, 'grad_norm': 0.08326924592256546, 'train/tokens_per_sec': 1633.1472051036624, 'train/step_time': 10.03216363399406, 'train/mfu': 81.76, 'train/efficiency': 54.87, 'train/forward_time_percent': 16.84, 'train/backward_time_percent': 37.14, 'train/optimizer_time_percent': 0.89, 'train/overhead_time_percent': 45.13, 'epoch': 0.043701285723802545}
{'loss': 5.3624, 'learning_rate': 0.0001, 'grad_norm': 0.08326924592256546, 'train/tokens_per_sec': 1632.124641356318, 'train/step_time': 10.038449015992228, 'train/mfu': 87.44, 'train/efficiency': 51.44, 'train/forward_time_percent': 15.73, 'train/backward_time_percent': 34.72, 'train/optimizer_time_percent': 0.99, 'train/overhead_time_percent': 48.56, 'epoch': 0.043701285723802545}
{'loss': 5.5848, 'learning_rate': 0.0001, 'grad_norm': 0.06672220677137375, 'train/tokens_per_sec': 1632.2399915619815, 'train/step_time': 10.037739599996712, 'train/mfu': 84.2, 'train/efficiency': 53.42, 'train/forward_time_percent': 17.42, 'train/backward_time_percent': 34.97, 'train/optimizer_time_percent': 1.03, 'train/overhead_time_percent': 46.58, 'epoch': 0.0442342282326294}{'loss': 5.5848, 'learning_rate': 0.0001, 'grad_norm': 0.06672220677137375, 'train/tokens_per_sec': 1631.7853276035637, 'train/step_time': 10.040536412998335, 'train/mfu': 84.67, 'train/efficiency': 53.16, 'train/forward_time_percent': 17.45, 'train/backward_time_percent': 34.63, 'train/optimizer_time_percent': 1.07, 'train/overhead_time_percent': 46.84, 'epoch': 0.0442342282326294}

{'loss': 4.8453, 'learning_rate': 0.0001, 'grad_norm': 0.08001828193664551, 'train/tokens_per_sec': 1632.5028700487092, 'train/step_time': 10.036123244004557, 'train/mfu': 83.55, 'train/efficiency': 53.66, 'train/forward_time_percent': 16.93, 'train/backward_time_percent': 35.87, 'train/optimizer_time_percent': 0.86, 'train/overhead_time_percent': 46.34, 'epoch': 0.044767170741456266}
{'loss': 4.8453, 'learning_rate': 0.0001, 'grad_norm': 0.08001828193664551, 'train/tokens_per_sec': 1632.0930169449173, 'train/step_time': 10.0386435269902, 'train/mfu': 87.08, 'train/efficiency': 51.67, 'train/forward_time_percent': 16.31, 'train/backward_time_percent': 34.34, 'train/optimizer_time_percent': 1.02, 'train/overhead_time_percent': 48.33, 'epoch': 0.044767170741456266}
{'loss': 5.5124, 'learning_rate': 0.0001, 'grad_norm': 0.06276851892471313, 'train/tokens_per_sec': 1633.175393036, 'train/step_time': 10.031990482995752, 'train/mfu': 87.9, 'train/efficiency': 51.08, 'train/forward_time_percent': 16.09, 'train/backward_time_percent': 34.12, 'train/optimizer_time_percent': 0.87, 'train/overhead_time_percent': 48.92, 'epoch': 0.045300113250283124}
{'loss': 5.5124, 'learning_rate': 0.0001, 'grad_norm': 0.06276851892471313, 'train/tokens_per_sec': 1634.2022405567488, 'train/step_time': 10.025686902998132, 'train/mfu': 84.1, 'train/efficiency': 53.47, 'train/forward_time_percent': 16.74, 'train/backward_time_percent': 35.77, 'train/optimizer_time_percent': 0.96, 'train/overhead_time_percent': 46.53, 'epoch': 0.045300113250283124}
{'loss': 5.4172, 'learning_rate': 0.0001, 'grad_norm': 0.09061500430107117, 'train/tokens_per_sec': 1632.2715039347745, 'train/step_time': 10.037545813000179, 'train/mfu': 84.28, 'train/efficiency': 53.22, 'train/forward_time_percent': 17.24, 'train/backward_time_percent': 35.1, 'train/optimizer_time_percent': 0.87, 'train/overhead_time_percent': 46.78, 'epoch': 0.04583305575910999}
{'loss': 5.4172, 'learning_rate': 0.0001, 'grad_norm': 0.09061500430107117, 'train/tokens_per_sec': 1631.2802814539587, 'train/step_time': 10.04364497399365, 'train/mfu': 86.66, 'train/efficiency': 51.89, 'train/forward_time_percent': 16.46, 'train/backward_time_percent': 34.41, 'train/optimizer_time_percent': 1.03, 'train/overhead_time_percent': 48.11, 'epoch': 0.04583305575910999}
{'loss': 5.5698, 'learning_rate': 0.0001, 'grad_norm': 0.10616859793663025, 'train/tokens_per_sec': 1633.632289740273, 'train/step_time': 10.02918472100282, 'train/mfu': 86.92, 'train/efficiency': 51.68, 'train/forward_time_percent': 16.53, 'train/backward_time_percent': 34.26, 'train/optimizer_time_percent': 0.89, 'train/overhead_time_percent': 48.32, 'epoch': 0.046365998267936845}{'loss': 5.5698, 'learning_rate': 0.0001, 'grad_norm': 0.10616859793663025, 'train/tokens_per_sec': 1634.2016395696662, 'train/step_time': 10.025690590002341, 'train/mfu': 83.79, 'train/efficiency': 53.58, 'train/forward_time_percent': 16.99, 'train/backward_time_percent': 35.72, 'train/optimizer_time_percent': 0.88, 'train/overhead_time_percent': 46.42, 'epoch': 0.046365998267936845}

{'loss': 4.8964, 'learning_rate': 0.0001, 'grad_norm': 0.19344888627529144, 'train/tokens_per_sec': 1632.4751090419238, 'train/step_time': 10.0362939129991, 'train/mfu': 82.91, 'train/efficiency': 54.24, 'train/forward_time_percent': 16.62, 'train/backward_time_percent': 36.59, 'train/optimizer_time_percent': 1.03, 'train/overhead_time_percent': 45.76, 'epoch': 0.04689894077676371}
{'loss': 4.8964, 'learning_rate': 0.0001, 'grad_norm': 0.19344888627529144, 'train/tokens_per_sec': 1631.023869559696, 'train/step_time': 10.045223926994368, 'train/mfu': 86.49, 'train/efficiency': 51.96, 'train/forward_time_percent': 16.42, 'train/backward_time_percent': 34.54, 'train/optimizer_time_percent': 1.01, 'train/overhead_time_percent': 48.04, 'epoch': 0.04689894077676371}
{'loss': 5.4549, 'learning_rate': 0.0001, 'grad_norm': 0.08073152601718903, 'train/tokens_per_sec': 1630.8630216689332, 'train/step_time': 10.04621466199751, 'train/mfu': 84.87, 'train/efficiency': 52.97, 'train/forward_time_percent': 17.19, 'train/backward_time_percent': 34.74, 'train/optimizer_time_percent': 1.04, 'train/overhead_time_percent': 47.03, 'epoch': 0.047431883285590566}
{'loss': 5.4549, 'learning_rate': 0.0001, 'grad_norm': 0.08073152601718903, 'train/tokens_per_sec': 1630.631321472684, 'train/step_time': 10.047642151999753, 'train/mfu': 86.11, 'train/efficiency': 52.15, 'train/forward_time_percent': 16.2, 'train/backward_time_percent': 34.97, 'train/optimizer_time_percent': 0.98, 'train/overhead_time_percent': 47.85, 'epoch': 0.047431883285590566}
  step    90  loss   5.5039  |     5647.4 ms
{'loss': 5.5039, 'learning_rate': 0.0001, 'grad_norm': 0.09425665438175201, 'train/tokens_per_sec': 1632.1101445468623, 'train/step_time': 10.038538180000614, 'train/mfu': 84.29, 'train/efficiency': 53.21, 'train/forward_time_percent': 16.76, 'train/backward_time_percent': 35.56, 'train/optimizer_time_percent': 0.88, 'train/overhead_time_percent': 46.79, 'epoch': 0.04796482579441743}
{'loss': 5.5039, 'learning_rate': 0.0001, 'grad_norm': 0.09425665438175201, 'train/tokens_per_sec': 1631.6804993565843, 'train/step_time': 10.041181473003235, 'train/mfu': 85.23, 'train/efficiency': 52.71, 'train/forward_time_percent': 16.78, 'train/backward_time_percent': 34.96, 'train/optimizer_time_percent': 0.97, 'train/overhead_time_percent': 47.29, 'epoch': 0.04796482579441743}
{'loss': 5.3029, 'learning_rate': 0.0001, 'grad_norm': 0.1704324185848236, 'train/tokens_per_sec': 1630.6262885509661, 'train/step_time': 10.047673164008302, 'train/mfu': 84.44, 'train/efficiency': 53.07, 'train/forward_time_percent': 16.94, 'train/backward_time_percent': 35.25, 'train/optimizer_time_percent': 0.88, 'train/overhead_time_percent': 46.93, 'epoch': 0.04849776830324429}
{'loss': 5.3029, 'learning_rate': 0.0001, 'grad_norm': 0.1704324185848236, 'train/tokens_per_sec': 1629.9803548943785, 'train/step_time': 10.051654887007317, 'train/mfu': 88.64, 'train/efficiency': 50.68, 'train/forward_time_percent': 15.92, 'train/backward_time_percent': 33.78, 'train/optimizer_time_percent': 0.98, 'train/overhead_time_percent': 49.32, 'epoch': 0.04849776830324429}
{'loss': 5.5858, 'learning_rate': 0.0001, 'grad_norm': 0.06413383036851883, 'train/tokens_per_sec': 1631.494713148842, 'train/step_time': 10.0423249109881, 'train/mfu': 83.45, 'train/efficiency': 53.71, 'train/forward_time_percent': 17.13, 'train/backward_time_percent': 35.7, 'train/optimizer_time_percent': 0.87, 'train/overhead_time_percent': 46.29, 'epoch': 0.049030710812071145}
{'loss': 5.5858, 'learning_rate': 0.0001, 'grad_norm': 0.06413383036851883, 'train/tokens_per_sec': 1630.6273984470015, 'train/step_time': 10.047666325001046, 'train/mfu': 87.84, 'train/efficiency': 51.17, 'train/forward_time_percent': 16.61, 'train/backward_time_percent': 33.55, 'train/optimizer_time_percent': 1.0, 'train/overhead_time_percent': 48.83, 'epoch': 0.049030710812071145}
{'loss': 5.4636, 'learning_rate': 0.0001, 'grad_norm': 0.0748349279165268, 'train/tokens_per_sec': 1632.145688393959, 'train/step_time': 10.038319567000144, 'train/mfu': 82.9, 'train/efficiency': 54.2, 'train/forward_time_percent': 17.4, 'train/backward_time_percent': 35.8, 'train/optimizer_time_percent': 0.99, 'train/overhead_time_percent': 45.8, 'epoch': 0.04956365332089801}
{'loss': 5.4636, 'learning_rate': 0.0001, 'grad_norm': 0.0748349279165268, 'train/tokens_per_sec': 1631.716517211871, 'train/step_time': 10.040959827994811, 'train/mfu': 85.61, 'train/efficiency': 52.49, 'train/forward_time_percent': 16.54, 'train/backward_time_percent': 34.97, 'train/optimizer_time_percent': 0.98, 'train/overhead_time_percent': 47.51, 'epoch': 0.04956365332089801}
{'loss': 5.5095, 'learning_rate': 0.0001, 'grad_norm': 0.06937197595834732, 'train/tokens_per_sec': 1630.6460021909077, 'train/step_time': 10.047551693001878, 'train/mfu': 83.18, 'train/efficiency': 54.01, 'train/forward_time_percent': 17.52, 'train/backward_time_percent': 35.46, 'train/optimizer_time_percent': 1.04, 'train/overhead_time_percent': 45.99, 'epoch': 0.050096595829724866}
{'loss': 5.5095, 'learning_rate': 0.0001, 'grad_norm': 0.06937197595834732, 'train/tokens_per_sec': 1629.6823062163344, 'train/step_time': 10.053493209998123, 'train/mfu': 87.28, 'train/efficiency': 51.5, 'train/forward_time_percent': 16.18, 'train/backward_time_percent': 34.28, 'train/optimizer_time_percent': 1.04, 'train/overhead_time_percent': 48.5, 'epoch': 0.050096595829724866}
{'loss': 5.4947, 'learning_rate': 0.0001, 'grad_norm': 0.061446383595466614, 'train/tokens_per_sec': 1632.0640445417835, 'train/step_time': 10.038821733003715, 'train/mfu': 83.94, 'train/efficiency': 53.58, 'train/forward_time_percent': 16.42, 'train/backward_time_percent': 36.13, 'train/optimizer_time_percent': 1.04, 'train/overhead_time_percent': 46.42, 'epoch': 0.05062953833855173}
{'loss': 5.4947, 'learning_rate': 0.0001, 'grad_norm': 0.061446383595466614, 'train/tokens_per_sec': 1631.6002035253985, 'train/step_time': 10.04167562899238, 'train/mfu': 86.13, 'train/efficiency': 52.22, 'train/forward_time_percent': 16.32, 'train/backward_time_percent': 34.88, 'train/optimizer_time_percent': 1.03, 'train/overhead_time_percent': 47.78, 'epoch': 0.05062953833855173}
{'loss': 5.5094, 'learning_rate': 0.0001, 'grad_norm': 0.05636008828878403, 'train/tokens_per_sec': 1631.7974900217469, 'train/step_time': 10.040461576994858, 'train/mfu': 84.97, 'train/efficiency': 52.89, 'train/forward_time_percent': 16.34, 'train/backward_time_percent': 35.57, 'train/optimizer_time_percent': 0.99, 'train/overhead_time_percent': 47.11, 'epoch': 0.05116248084737859}
{'loss': 5.5094, 'learning_rate': 0.0001, 'grad_norm': 0.05636008828878403, 'train/tokens_per_sec': 1631.3115032347591, 'train/step_time': 10.043452747995616, 'train/mfu': 86.52, 'train/efficiency': 51.98, 'train/forward_time_percent': 16.72, 'train/backward_time_percent': 34.23, 'train/optimizer_time_percent': 1.02, 'train/overhead_time_percent': 48.02, 'epoch': 0.05116248084737859}
{'loss': 5.4528, 'learning_rate': 0.0001, 'grad_norm': 0.07420255243778229, 'train/tokens_per_sec': 1631.6984017285627, 'train/step_time': 10.041071304993238, 'train/mfu': 83.97, 'train/efficiency': 53.52, 'train/forward_time_percent': 17.17, 'train/backward_time_percent': 35.34, 'train/optimizer_time_percent': 1.01, 'train/overhead_time_percent': 46.48, 'epoch': 0.05169542335620545}
{'loss': 5.4528, 'learning_rate': 0.0001, 'grad_norm': 0.07420255243778229, 'train/tokens_per_sec': 1631.1505914641082, 'train/step_time': 10.04444352700375, 'train/mfu': 85.38, 'train/efficiency': 52.6, 'train/forward_time_percent': 16.57, 'train/backward_time_percent': 35.06, 'train/optimizer_time_percent': 0.97, 'train/overhead_time_percent': 47.4, 'epoch': 0.05169542335620545}
{'loss': 5.4887, 'learning_rate': 0.0001, 'grad_norm': 0.06559669226408005, 'train/tokens_per_sec': 1630.7874530199726, 'train/step_time': 10.046680191007908, 'train/mfu': 85.66, 'train/efficiency': 52.42, 'train/forward_time_percent': 16.84, 'train/backward_time_percent': 34.6, 'train/optimizer_time_percent': 0.97, 'train/overhead_time_percent': 47.58, 'epoch': 0.05222836586503231}
{'loss': 5.4887, 'learning_rate': 0.0001, 'grad_norm': 0.06559669226408005, 'train/tokens_per_sec': 1630.4374406604313, 'train/step_time': 10.04883695099852, 'train/mfu': 85.52, 'train/efficiency': 52.51, 'train/forward_time_percent': 16.56, 'train/backward_time_percent': 34.96, 'train/optimizer_time_percent': 0.99, 'train/overhead_time_percent': 47.49, 'epoch': 0.05222836586503231}
{'loss': 5.4973, 'learning_rate': 0.0001, 'grad_norm': 0.07697733491659164, 'train/tokens_per_sec': 1630.8894987868607, 'train/step_time': 10.046051564000663, 'train/mfu': 82.72, 'train/efficiency': 54.28, 'train/forward_time_percent': 17.39, 'train/backward_time_percent': 35.89, 'train/optimizer_time_percent': 1.0, 'train/overhead_time_percent': 45.72, 'epoch': 0.05276130837385917}
{'loss': 5.4973, 'learning_rate': 0.0001, 'grad_norm': 0.07697733491659164, 'train/tokens_per_sec': 1630.6153628462387, 'train/step_time': 10.047740487003466, 'train/mfu': 84.38, 'train/efficiency': 53.25, 'train/forward_time_percent': 17.07, 'train/backward_time_percent': 35.16, 'train/optimizer_time_percent': 1.02, 'train/overhead_time_percent': 46.75, 'epoch': 0.05276130837385917}
{'loss': 5.4633, 'learning_rate': 0.0001, 'grad_norm': 0.07946759462356567, 'train/tokens_per_sec': 1631.6042004501664, 'train/step_time': 10.04165102999832, 'train/mfu': 86.62, 'train/efficiency': 51.77, 'train/forward_time_percent': 16.87, 'train/backward_time_percent': 34.03, 'train/optimizer_time_percent': 0.86, 'train/overhead_time_percent': 48.23, 'epoch': 0.05329425088268603}
  step   100  loss   5.4633  |     5623.6 ms
{'loss': 5.4633, 'learning_rate': 0.0001, 'grad_norm': 0.07946759462356567, 'train/tokens_per_sec': 1632.4599144031945, 'train/step_time': 10.036387328989804, 'train/mfu': 85.0, 'train/efficiency': 52.78, 'train/forward_time_percent': 17.05, 'train/backward_time_percent': 34.85, 'train/optimizer_time_percent': 0.88, 'train/overhead_time_percent': 47.22, 'epoch': 0.05329425088268603}
================================================================================
TRAINING SUMMARY METRICS
================================================================================
summary/tokens_per_sec_avg: 1618.77
summary/total_steps: 100
summary/total_tokens_processed: 1638400
summary/mfu_avg: 84.37%
summary/efficiency_avg: 52.90%
summary/forward_time_percent_avg: 16.8800s
summary/backward_time_percent_avg: 35.0600s
summary/optimizer_time_percent_avg: 0.9600s
summary/overhead_time_percent_avg: 47.1000s
================================================================================
Summary metrics saved to: /opt/np/models/adapters/data_dolly_nopack/training_summary_metrics.json
================================================================================


Training completed. Do not forget to share your model on huggingface.co/models =)


Saving model checkpoint to /opt/np/models/adapters/data_dolly_nopack
Model parallelism is enabled, saving the model sharded state dict instead of the full state dict.
[2026-08-06 06:19:42.119: I neuronx_distributed/trainer/checkpoint.py:144] synced saving of checkpoint adapter_shards began
[2026-08-06 06:19:42.284: I neuronx_distributed/trainer/checkpoint.py:192] synced saving of checkpoint adapter_shards completed
[2026-08-06 06:19:42.285: I neuronx_distributed/trainer/checkpoint.py:256] no checkpoints to remove.

  median step 5664.3 ms | 2,892 tok/s | 140.6 TFLOP/s | MFU 74.0%

SUMMARY tag=data_dolly_nopack model=meta-llama/Llama-3.1-8B-Instruct tp=2 dp=1 steps=100 median_step_ms=5664.3 first_step_ms=36549.3 compile_s=30.9 tokens_per_s=2892 tflops=140.58 mfu_pct=73.99 final_loss=5.4633 peak_host_mem_mib=17037 train_wall_s=1179.3
wrote /opt/np/repo/trn1/results/frontier/data_dolly_nopack.json
adapter -> /opt/np/models/adapters/data_dolly_nopack  (TP-sharded; merge_adapter.py consolidates)
