t_s,gpu_util_pct,mem_used_mib,power_w,temp_c,sclk_mhz,mclk_mhz,util_nc0,util_nc1,host_mem_used_mib
0.0,,,,,,,,,
1.0,0.0,0.0,,,,,0.0,0.0,0.0
2.0,0.0,0.0,,,,,0.0,0.0,0.0
3.0,0.0,0.0,,,,,0.0,0.0,0.0
4.0,0.0,0.0,,,,,0.0,0.0,0.0
5.0,0.0,0.0,,,,,0.0,0.0,0.0
6.0,0.0,0.0,,,,,0.0,0.0,0.0
7.0,0.0,0.0,,,,,0.0,0.0,0.0
8.0,0.0,0.0,,,,,0.0,0.0,0.0
9.0,0.0,0.0,,,,,0.0,0.0,0.0
10.0,0.0,0.0,,,,,0.0,0.0,0.0
11.0,0.0,0.0,,,,,0.0,0.0,0.0
12.0,0.0,0.0,,,,,0.0,0.0,0.0
13.0,0.0,0.0,,,,,0.0,0.0,0.0
14.0,0.0,0.0,,,,,0.0,0.0,0.0
15.0,0.0,0.0,,,,,0.0,0.0,0.0
16.0,0.0,0.0,,,,,0.0,0.0,0.0
17.0,0.0,0.0,,,,,0.0,0.0,0.0
18.0,0.0,0.0,,,,,0.0,0.0,0.0
19.0,0.0,0.0,,,,,0.0,0.0,0.0
20.0,0.0,0.0,,,,,0.0,0.0,0.0
21.0,0.0,0.0,,,,,0.0,0.0,0.0
22.0,0.0,0.0,,,,,0.0,0.0,0.0
23.0,0.0,0.0,,,,,0.0,0.0,0.0
24.0,0.0,0.0,,,,,0.0,0.0,0.0
25.0,0.0,0.0,,,,,0.0,0.0,2220.1
26.0,0.0,0.0,,,,,0.0,0.0,2220.1
27.0,0.0,0.0,,,,,0.0,0.0,2220.1
28.0,0.0,0.0,,,,,0.0,0.0,2220.1
29.0,0.0,0.0,,,,,0.0,0.0,2220.1
30.0,0.0,0.0,,,,,0.0,0.0,2220.1
31.0,0.22,356.0,,,,,0.21,0.23,3130.8
32.0,0.0,356.0,,,,,0.0,0.0,4039.4
33.0,0.0,356.0,,,,,0.0,0.0,4726.9
34.0,0.0,356.0,,,,,0.0,0.0,6116.5
35.01,0.0,356.0,,,,,0.0,0.0,6847.2
36.01,0.0,356.0,,,,,0.0,0.0,8053.1
37.01,0.0,356.0,,,,,0.0,0.0,8987.9
38.01,0.0,356.0,,,,,0.0,0.0,10197.1
39.01,0.0,356.0,,,,,0.0,0.0,11081.4
40.01,0.0,356.0,,,,,0.0,0.0,12328.4
41.01,0.0,356.0,,,,,0.0,0.0,13207.7
42.01,0.0,356.0,,,,,0.0,0.0,14220.1
43.01,0.0,356.0,,,,,0.0,0.0,15335.9
44.01,0.0,356.0,,,,,0.0,0.0,16307.7
45.01,0.0,356.0,,,,,0.0,0.0,18273.6
46.01,0.0,356.0,,,,,0.0,0.0,18299.9
47.01,0.0,356.0,,,,,0.0,0.0,18585.3
48.01,0.0,356.0,,,,,0.0,0.0,17599.3
49.01,0.0,356.0,,,,,0.0,0.0,17981.0
50.01,0.0,356.0,,,,,0.0,0.0,18339.5
51.01,0.0,356.0,,,,,0.0,0.0,18712.3
52.01,0.0,356.0,,,,,0.0,0.0,17659.9
53.01,0.0,356.0,,,,,0.0,0.0,18043.1
54.01,0.0,356.0,,,,,0.0,0.0,18362.7
55.01,0.0,356.0,,,,,0.0,0.0,18821.7
56.01,0.0,356.0,,,,,0.0,0.0,17730.0
57.01,0.0,356.0,,,,,0.0,0.0,18111.8
58.01,0.0,356.0,,,,,0.0,0.0,18405.8
59.01,0.0,356.0,,,,,0.0,0.0,18153.2
60.01,0.0,356.0,,,,,0.0,0.0,17808.2
61.01,0.0,356.0,,,,,0.0,0.0,18190.0
62.01,0.0,356.0,,,,,0.0,0.0,18523.4
63.01,0.0,356.0,,,,,0.0,0.0,18253.6
64.01,0.0,356.0,,,,,0.0,0.0,17876.2
65.01,0.0,356.0,,,,,0.0,0.0,18253.0
66.01,0.0,356.0,,,,,0.0,0.0,18605.6
67.01,0.0,356.0,,,,,0.0,0.0,18363.6
68.01,0.0,356.0,,,,,0.0,0.0,17957.2
69.01,0.0,356.0,,,,,0.0,0.0,18281.2
70.01,0.0,356.0,,,,,0.0,0.0,18721.7
71.01,0.0,356.0,,,,,0.0,0.0,17883.5
72.01,0.0,356.0,,,,,0.0,0.0,18768.8
73.01,0.0,356.0,,,,,0.0,0.0,19270.2
74.01,0.0,356.0,,,,,0.0,0.0,19771.2
75.02,0.0,356.0,,,,,0.0,0.0,20270.6
76.02,0.0,356.0,,,,,0.0,0.0,20772.7
77.02,0.0,356.0,,,,,0.0,0.0,20676.4
78.02,0.0,356.0,,,,,0.0,0.0,20529.5
79.02,0.0,356.0,,,,,0.0,0.0,20566.8
80.02,0.0,356.0,,,,,0.0,0.0,20455.5
81.02,0.0,356.0,,,,,0.0,0.0,20736.9
82.02,0.0,356.0,,,,,0.0,0.0,20720.9
83.02,0.0,356.0,,,,,0.0,0.0,20683.6
84.02,0.0,356.0,,,,,0.0,0.0,20780.7
85.02,0.0,356.0,,,,,0.0,0.0,21036.2
86.02,0.0,356.0,,,,,0.0,0.0,21221.7
87.02,0.0,356.0,,,,,0.0,0.0,21792.4
88.02,0.0,356.0,,,,,0.0,0.0,21933.4
89.02,0.0,356.0,,,,,0.0,0.0,22101.3
90.02,0.0,356.0,,,,,0.0,0.0,22129.7
91.03,0.0,356.0,,,,,0.0,0.0,22082.3
92.03,0.0,356.0,,,,,0.0,0.0,22064.4
93.03,0.0,356.0,,,,,0.0,0.0,22128.3
94.03,0.0,356.0,,,,,0.0,0.0,22218.4
95.03,0.0,356.0,,,,,0.0,0.0,22220.5
96.03,0.0,356.0,,,,,0.0,0.0,22203.8
97.03,0.0,356.0,,,,,0.0,0.0,22195.3
98.03,0.0,356.0,,,,,0.0,0.0,22191.9
99.03,0.0,356.0,,,,,0.0,0.0,22192.3
100.03,0.0,356.0,,,,,0.0,0.0,22193.2
101.03,0.0,356.0,,,,,0.0,0.0,22094.9
102.03,0.0,356.0,,,,,0.0,0.0,22194.1
103.03,0.0,356.0,,,,,0.0,0.0,22187.2
104.03,0.0,356.0,,,,,0.0,0.0,22186.0
105.03,0.0,356.0,,,,,0.0,0.0,22269.7
106.03,0.0,356.0,,,,,0.0,0.0,22388.1
107.03,0.0,356.0,,,,,0.0,0.0,22608.6
108.03,0.0,356.0,,,,,0.0,0.0,22723.2
109.03,0.0,356.0,,,,,0.0,0.0,23239.2
110.03,0.0,356.0,,,,,0.0,0.0,23560.3
111.03,0.0,356.0,,,,,0.0,0.0,23891.2
112.03,0.0,356.0,,,,,0.0,0.0,24146.4
113.03,0.0,356.0,,,,,0.0,0.0,24405.3
114.03,0.0,356.0,,,,,0.0,0.0,19736.4
115.03,0.0,356.0,,,,,0.0,0.0,20602.9
116.03,0.0,356.0,,,,,0.0,0.0,21707.3
117.03,0.0,356.0,,,,,0.0,0.0,22862.3
118.03,0.0,356.0,,,,,0.0,0.0,25267.5
119.03,0.0,356.0,,,,,0.0,0.0,21859.2
120.03,0.0,356.0,,,,,0.0,0.0,22531.4
121.03,0.0,356.0,,,,,0.0,0.0,23461.3
122.03,0.0,356.0,,,,,0.0,0.0,24479.0
123.03,0.0,356.0,,,,,0.0,0.0,25409.2
124.03,0.0,356.0,,,,,0.0,0.0,26404.4
125.03,0.0,356.0,,,,,0.0,0.0,27031.6
126.03,0.0,356.0,,,,,0.0,0.0,27404.8
127.03,0.0,356.0,,,,,0.0,0.0,27767.9
128.03,0.0,356.0,,,,,0.0,0.0,28170.0
129.03,0.0,356.0,,,,,0.0,0.0,28604.0
130.03,0.0,356.0,,,,,0.0,0.0,28963.3
131.03,0.0,356.0,,,,,0.0,0.0,28740.2
132.03,0.0,356.0,,,,,0.0,0.0,29173.7
133.03,0.0,356.0,,,,,0.0,0.0,29604.9
134.03,0.0,356.0,,,,,0.0,0.0,30007.1
135.03,0.0,356.0,,,,,0.0,0.0,30777.8
136.03,0.0,356.0,,,,,0.0,0.0,31864.7
137.03,0.0,356.0,,,,,0.0,0.0,32197.0
138.03,0.0,356.0,,,,,0.0,0.0,24491.8
139.03,0.0,356.0,,,,,0.0,0.0,23017.8
140.03,0.0,356.0,,,,,0.0,0.0,23702.4
141.03,0.0,356.0,,,,,0.0,0.0,24285.7
142.03,0.0,356.0,,,,,0.0,0.0,25013.9
143.03,0.0,356.0,,,,,0.0,0.0,25548.5
144.03,0.0,356.0,,,,,0.0,0.0,26201.5
145.03,0.0,356.0,,,,,0.0,0.0,26670.4
146.03,0.0,356.0,,,,,0.0,0.0,26950.0
147.04,0.0,356.0,,,,,0.0,0.0,27514.3
148.04,0.0,356.0,,,,,0.0,0.0,27536.7
149.04,0.0,356.0,,,,,0.0,0.0,27361.7
150.04,0.0,356.0,,,,,0.0,0.0,27577.5
151.04,0.0,356.0,,,,,0.0,0.0,27542.3
152.04,0.0,356.0,,,,,0.0,0.0,27422.4
153.04,0.0,356.0,,,,,0.0,0.0,27447.3
154.04,0.0,356.0,,,,,0.0,0.0,17678.3
155.04,0.04,356.7,,,,,0.05,0.04,15070.4
156.04,0.0,356.7,,,,,0.0,0.0,15147.4
157.04,0.0,356.7,,,,,0.0,0.0,15160.2
158.04,14.37,356.7,,,,,0.01,28.73,15376.8
159.04,10.53,356.7,,,,,21.04,0.01,15831.7
160.04,0.0,356.7,,,,,0.0,0.0,16596.9
161.04,0.0,1220.5,,,,,0.0,0.0,15862.0
162.04,0.0,2810.0,,,,,0.0,0.0,14359.0
163.04,0.0,5800.5,,,,,0.0,0.0,12190.3
164.04,0.0,9419.5,,,,,0.0,0.0,9483.6
165.04,0.0,12801.8,,,,,0.0,0.0,6653.3
166.04,0.0,15373.1,,,,,0.0,0.0,4724.7
167.04,0.0,15974.5,,,,,0.0,0.0,3056.6
168.04,0.0,15974.5,,,,,0.0,0.0,1910.2
169.04,0.0,15974.5,,,,,0.0,0.0,2030.3
170.04,0.0,15974.5,,,,,0.0,0.0,2030.3
171.04,0.0,15974.5,,,,,0.0,0.0,2097.7
172.04,0.0,15974.5,,,,,0.0,0.0,2110.2
173.04,0.0,15974.5,,,,,0.0,0.0,2397.0
174.04,0.0,15974.5,,,,,0.0,0.0,3420.7
175.04,0.0,15974.5,,,,,0.0,0.0,4780.1
176.04,0.0,15974.5,,,,,0.0,0.0,6392.3
177.04,0.0,15974.5,,,,,0.0,0.0,7223.7
178.04,0.0,17882.7,,,,,0.0,0.0,7530.1
179.04,0.0,19805.7,,,,,0.0,0.0,7561.7
180.04,0.0,19941.3,,,,,0.0,0.0,7562.0
181.04,0.0,20115.9,,,,,0.0,0.0,7654.5
182.04,0.0,20324.8,,,,,0.0,0.0,7003.5
183.04,0.0,20461.7,,,,,0.0,0.0,5743.6
184.04,0.0,20670.9,,,,,0.0,0.0,4489.9
185.04,100.0,20636.8,,,,,100.0,100.0,4762.4
186.04,0.0,20636.8,,,,,0.0,0.0,4762.5
187.04,0.0,20636.8,,,,,0.0,0.0,4762.5
188.04,0.0,20636.8,,,,,0.0,0.0,4894.6
189.04,0.0,20636.8,,,,,0.0,0.0,5081.1
190.04,0.0,20636.8,,,,,0.0,0.0,5547.9
191.04,0.0,20636.8,,,,,0.0,0.0,6939.0
192.04,0.0,20636.8,,,,,0.0,0.0,8319.7
193.04,0.0,20636.8,,,,,0.0,0.0,9334.9
194.04,0.0,20697.0,,,,,0.0,0.0,9695.1
195.04,0.0,20756.0,,,,,0.0,0.0,9738.0
196.04,0.0,20881.6,,,,,0.0,0.0,9738.1
197.04,0.0,21055.4,,,,,0.0,0.0,9962.7
198.04,0.0,21233.5,,,,,0.0,0.0,8143.6
199.04,0.0,21298.8,,,,,0.0,0.0,8561.6
200.04,0.0,21357.4,,,,,0.0,0.0,6796.3
201.04,100.0,21378.1,,,,,100.0,100.0,6796.0
202.04,100.0,21378.1,,,,,100.0,100.0,6799.2
203.04,100.0,21381.9,,,,,100.0,100.0,6809.3
204.04,0.0,21381.9,,,,,0.0,0.0,7001.6
205.05,100.0,21616.3,,,,,100.0,100.0,7597.2
206.05,100.0,21824.9,,,,,100.0,100.0,7707.9
207.05,100.0,21783.2,,,,,100.0,100.0,7707.9
208.05,0.0,21783.2,,,,,0.0,0.0,7707.9
209.05,100.0,21683.3,,,,,100.0,100.0,7558.7
210.05,0.0,21724.9,,,,,0.0,0.0,7546.6
211.05,100.0,21745.6,,,,,100.0,100.0,7558.5
212.05,100.0,21766.4,,,,,100.0,100.0,7546.9
213.05,100.0,21766.4,,,,,100.0,100.0,7555.1
214.05,0.0,21842.0,,,,,0.0,0.0,7562.9
215.05,100.0,21808.0,,,,,100.0,100.0,7809.9
216.05,100.0,21768.3,,,,,100.0,100.0,8364.4
217.05,100.0,21861.6,,,,,100.0,100.0,8636.2
218.05,0.0,21861.6,,,,,0.0,0.0,8636.2
219.05,100.0,21819.9,,,,,100.0,100.0,8636.2
220.05,100.0,21719.8,,,,,100.0,100.0,8200.8
221.05,0.0,21761.5,,,,,0.0,0.0,8215.2
222.05,100.0,21761.5,,,,,100.0,100.0,8202.5
223.05,100.0,21761.5,,,,,100.0,100.0,8212.7
224.05,0.0,21844.6,,,,,0.0,0.0,8203.1
225.05,100.0,21844.6,,,,,100.0,100.0,8207.6
226.05,100.0,21944.6,,,,,100.0,100.0,8220.0
227.05,100.0,21903.3,,,,,100.0,100.0,8224.2
228.05,0.0,21903.3,,,,,0.0,0.0,8224.2
229.05,100.0,21861.7,,,,,100.0,100.0,8224.4
230.05,100.0,21820.0,,,,,100.0,100.0,8224.4
231.05,100.0,21719.8,,,,,100.0,100.0,8224.4
232.05,0.0,21719.9,,,,,0.0,0.0,8210.4
233.05,100.0,21761.5,,,,,100.0,100.0,8207.4
234.05,0.0,21803.0,,,,,0.0,0.0,8203.3
235.05,100.0,21803.0,,,,,100.0,100.0,8210.4
236.05,100.0,21844.6,,,,,100.0,100.0,8201.3
237.05,100.0,21944.6,,,,,100.0,100.0,8222.2
238.05,0.0,21944.6,,,,,0.0,0.0,8222.2
239.05,100.0,21903.3,,,,,100.0,100.0,8225.6
240.05,100.0,21861.7,,,,,100.0,100.0,8225.8
241.05,100.0,21820.0,,,,,100.0,100.0,8225.8
242.05,0.0,21820.0,,,,,0.0,0.0,8225.8
243.05,100.0,21719.9,,,,,100.0,100.0,8219.2
244.05,0.0,21761.5,,,,,0.0,0.0,8206.4
245.05,100.0,21761.5,,,,,100.0,100.0,8214.9
246.05,100.0,21803.0,,,,,100.0,100.0,8220.1
247.05,100.0,21803.0,,,,,100.0,100.0,8211.4
248.05,0.0,21878.6,,,,,0.0,0.0,8220.6
249.05,100.0,21944.6,,,,,100.0,100.0,8223.5
250.05,100.0,21903.3,,,,,100.0,100.0,8226.6
251.05,100.0,21861.7,,,,,100.0,100.0,8226.8
252.05,0.0,21861.7,,,,,0.0,0.0,8226.8
253.05,100.0,21820.0,,,,,100.0,100.0,8226.8
254.05,100.0,21719.8,,,,,100.0,100.0,8205.9
255.05,0.0,21761.5,,,,,0.0,0.0,8220.2
256.05,100.0,21761.5,,,,,100.0,100.0,8207.2
257.05,100.0,21761.5,,,,,100.0,100.0,8217.0
258.05,0.0,21844.6,,,,,0.0,0.0,8206.4
259.05,100.0,21844.6,,,,,100.0,100.0,8212.5
260.05,100.0,21944.6,,,,,100.0,100.0,8224.6
261.05,100.0,21903.3,,,,,100.0,100.0,8227.8
262.05,0.0,21903.3,,,,,0.0,0.0,8227.8
263.05,100.0,21861.7,,,,,100.0,100.0,8228.0
264.05,100.0,21820.0,,,,,100.0,100.0,8228.0
265.05,100.0,21719.8,,,,,100.0,100.0,8228.2
266.05,0.0,21719.9,,,,,0.0,0.0,8206.8
267.05,100.0,21719.9,,,,,100.0,100.0,8219.5
268.06,0.0,21803.0,,,,,0.0,0.0,8207.1
269.06,100.0,21803.0,,,,,100.0,100.0,8213.1
270.06,100.0,21844.6,,,,,100.0,100.0,8214.1
271.06,100.0,21944.6,,,,,100.0,100.0,8225.8
272.06,0.0,21944.6,,,,,0.0,0.0,8225.8
273.06,100.0,21903.3,,,,,100.0,100.0,8228.9
274.06,100.0,21861.7,,,,,100.0,100.0,8229.1
275.06,100.0,21820.0,,,,,100.0,100.0,8229.1
276.06,0.0,21820.0,,,,,0.0,0.0,8229.1
277.06,100.0,21719.9,,,,,100.0,100.0,8222.7
278.06,0.0,21761.5,,,,,0.0,0.0,8222.8
279.06,100.0,21782.3,,,,,100.0,100.0,8222.4
280.06,100.0,21803.0,,,,,100.0,100.0,8223.7
281.06,100.0,21803.0,,,,,100.0,100.0,8216.4
282.06,0.0,21878.6,,,,,0.0,0.0,8224.4
283.06,100.0,21944.6,,,,,100.0,100.0,8227.0
284.06,100.0,21903.3,,,,,100.0,100.0,8230.2
285.06,100.0,21861.7,,,,,100.0,100.0,8230.4
286.06,0.0,21861.7,,,,,0.0,0.0,8230.4
287.06,100.0,21820.0,,,,,100.0,100.0,8230.4
288.06,100.0,21719.8,,,,,100.0,100.0,8209.7
289.06,0.0,21761.5,,,,,0.0,0.0,8223.7
290.06,100.0,21761.5,,,,,100.0,100.0,8209.7
291.06,100.0,21761.5,,,,,100.0,100.0,8219.4
292.06,0.0,21844.6,,,,,0.0,0.0,8225.6
293.06,100.0,21844.6,,,,,100.0,100.0,8215.1
294.06,100.0,21944.6,,,,,100.0,100.0,8228.1
295.06,100.0,21903.3,,,,,100.0,100.0,8230.7
296.06,0.0,21903.3,,,,,0.0,0.0,8230.7
297.06,100.0,21861.7,,,,,100.0,100.0,8230.9
298.06,100.0,21820.0,,,,,100.0,100.0,8230.9
299.06,100.0,21719.8,,,,,100.0,100.0,8231.0
300.06,0.0,21719.9,,,,,0.0,0.0,8209.9
301.06,100.0,21740.7,,,,,100.0,100.0,8223.6
302.06,0.0,21803.0,,,,,0.0,0.0,8210.6
303.06,100.0,21803.0,,,,,100.0,100.0,8216.8
304.06,100.0,21844.6,,,,,100.0,100.0,8207.5
305.06,100.0,21944.6,,,,,100.0,100.0,8228.7
306.06,0.0,21944.6,,,,,0.0,0.0,8228.7
307.06,100.0,21903.3,,,,,100.0,100.0,8231.6
308.06,100.0,21861.7,,,,,100.0,100.0,8231.8
309.06,100.0,21820.0,,,,,100.0,100.0,8231.8
310.06,0.0,21820.0,,,,,0.0,0.0,8231.8
311.06,100.0,21719.9,,,,,100.0,100.0,8225.2
312.06,0.0,21761.5,,,,,0.0,0.0,8225.5
313.06,100.0,21782.3,,,,,100.0,100.0,8221.8
314.06,100.0,21803.0,,,,,100.0,100.0,8226.4
315.06,100.0,21803.0,,,,,100.0,100.0,8216.5
316.06,0.0,21878.6,,,,,0.0,0.0,8226.8
317.06,100.0,21944.6,,,,,100.0,100.0,8229.5
318.06,100.0,21903.3,,,,,100.0,100.0,8232.7
319.06,100.0,21861.7,,,,,100.0,100.0,8232.9
320.06,0.0,21861.7,,,,,0.0,0.0,8232.9
321.06,100.0,21820.0,,,,,100.0,100.0,8232.9
322.06,100.0,21719.8,,,,,100.0,100.0,8212.2
323.06,0.0,21761.5,,,,,0.0,0.0,8226.3
324.06,100.0,21761.5,,,,,100.0,100.0,8212.7
325.06,100.0,21761.5,,,,,100.0,100.0,8220.5
326.06,0.0,21844.6,,,,,0.0,0.0,8228.1
327.06,100.0,21844.6,,,,,100.0,100.0,8218.0
328.06,100.0,21944.6,,,,,100.0,100.0,8230.7
329.06,100.0,21903.0,,,,,100.0,100.0,8232.0
330.06,0.0,21903.3,,,,,0.0,0.0,8233.6
331.06,100.0,21861.7,,,,,100.0,100.0,8233.8
332.06,100.0,21820.0,,,,,100.0,100.0,8233.8
333.06,0.0,21820.0,,,,,0.0,0.0,8233.8
334.07,100.0,21719.9,,,,,100.0,100.0,8212.8
335.07,100.0,21740.7,,,,,100.0,100.0,8225.7
336.07,0.0,21803.0,,,,,0.0,0.0,8214.1
337.07,100.0,21803.0,,,,,100.0,100.0,8220.3
338.07,100.0,21844.6,,,,,100.0,100.0,8211.2
339.07,100.0,21840.9,,,,,100.0,100.0,8229.8
340.07,0.0,21944.6,,,,,0.0,0.0,8231.8
341.07,100.0,21903.3,,,,,100.0,100.0,8234.7
342.07,100.0,21861.7,,,,,100.0,100.0,8234.9
343.07,0.0,21861.7,,,,,0.0,0.0,8234.9
344.07,100.0,21820.0,,,,,100.0,100.0,8234.9
345.07,100.0,21719.9,,,,,100.0,100.0,8228.2
346.07,0.0,21761.5,,,,,0.0,0.0,8228.5
347.07,100.0,21761.5,,,,,100.0,100.0,8223.3
348.07,100.0,21803.0,,,,,100.0,100.0,8229.0
349.07,100.0,21803.0,,,,,100.0,100.0,8220.8
350.07,0.0,21878.6,,,,,0.0,0.0,8229.8
351.07,100.0,21944.6,,,,,100.0,100.0,8232.7
352.07,100.0,21903.3,,,,,100.0,100.0,8235.4
353.07,0.0,21903.3,,,,,0.0,0.0,8235.4
354.07,100.0,21861.7,,,,,100.0,100.0,8235.6
355.07,100.0,21820.0,,,,,100.0,100.0,8235.6
356.07,100.0,21719.8,,,,,100.0,100.0,8214.9
357.07,0.0,21740.7,,,,,0.0,0.0,8226.6
358.07,100.0,21761.5,,,,,100.0,100.0,8229.2
359.07,0.0,21799.2,,,,,0.0,0.0,8222.5
360.07,100.0,21844.6,,,,,100.0,100.0,8230.8
361.07,100.0,21844.6,,,,,100.0,100.0,8219.4
362.07,100.0,21944.6,,,,,100.0,100.0,8233.3
363.07,0.0,21944.6,,,,,0.0,0.0,8233.3
364.07,100.0,21903.3,,,,,100.0,100.0,8236.0
365.07,100.0,21861.7,,,,,100.0,100.0,8236.2
366.07,100.0,21820.0,,,,,100.0,100.0,8236.2
367.07,0.0,21820.0,,,,,0.0,0.0,8236.2
368.07,100.0,21719.9,,,,,100.0,100.0,8214.4
369.07,0.0,21761.5,,,,,0.0,0.0,8223.4
370.07,100.0,21803.0,,,,,100.0,100.0,8214.2
371.07,100.0,21803.0,,,,,100.0,100.0,8219.4
372.07,100.0,21844.6,,,,,100.0,100.0,8231.7
373.07,0.0,21878.6,,,,,0.0,0.0,8231.5
374.07,100.0,21944.6,,,,,100.0,100.0,8234.1
375.07,100.0,21903.3,,,,,100.0,100.0,8236.7
376.07,100.0,21861.7,,,,,100.0,100.0,8236.9
377.07,0.0,21861.7,,,,,0.0,0.0,8236.9
378.07,100.0,21820.0,,,,,100.0,100.0,8236.9
379.07,100.0,21685.8,,,,,100.0,100.0,8228.9
380.07,0.0,21761.5,,,,,0.0,0.0,8223.4
381.07,100.0,21782.3,,,,,100.0,100.0,8227.1
382.07,100.0,21803.0,,,,,100.0,100.0,8224.7
383.07,0.0,21844.6,,,,,0.0,0.0,8225.0
384.07,100.0,21878.6,,,,,100.0,100.0,8232.2
385.07,100.0,21944.6,,,,,100.0,100.0,8235.0
386.07,100.0,21903.3,,,,,100.0,100.0,8237.4
387.07,0.0,21903.3,,,,,0.0,0.0,8237.4
388.07,100.0,21861.7,,,,,100.0,100.0,8237.6
389.07,100.0,21820.0,,,,,100.0,100.0,8237.6
390.07,100.0,21719.8,,,,,100.0,100.0,8216.3
391.07,0.0,21740.7,,,,,0.0,0.0,8228.2
392.07,100.0,21761.5,,,,,100.0,100.0,8231.9
393.07,0.0,21803.0,,,,,0.0,0.0,8222.6
394.07,100.0,21844.6,,,,,100.0,100.0,8233.1
395.07,100.0,21844.6,,,,,100.0,100.0,8221.1
396.07,100.0,21944.6,,,,,100.0,100.0,8235.7
397.07,0.0,21944.6,,,,,0.0,0.0,8235.7
398.07,100.0,21903.3,,,,,100.0,100.0,8238.2
399.08,100.0,21861.7,,,,,100.0,100.0,8238.4
400.08,100.0,21820.0,,,,,100.0,100.0,8238.4
401.08,0.0,21820.0,,,,,0.0,0.0,8238.4
402.08,100.0,21719.9,,,,,100.0,100.0,8217.9
403.08,0.0,21782.3,,,,,0.0,0.0,8230.9
404.08,100.0,21803.0,,,,,100.0,100.0,8219.2
405.08,100.0,21803.0,,,,,100.0,100.0,8225.2
406.08,100.0,21844.6,,,,,100.0,100.0,8234.0
407.08,0.0,21878.6,,,,,0.0,0.0,8233.9
408.08,100.0,21944.6,,,,,100.0,100.0,8236.5
409.08,100.0,21903.3,,,,,100.0,100.0,8239.1
410.08,100.0,21861.7,,,,,100.0,100.0,8239.3
411.08,0.0,21861.7,,,,,0.0,0.0,8239.3
412.08,100.0,21820.0,,,,,100.0,100.0,8239.3
413.08,100.0,21719.8,,,,,100.0,100.0,8229.6
414.08,0.0,21761.5,,,,,0.0,0.0,8233.4
415.08,100.0,21761.5,,,,,100.0,100.0,8223.8
416.08,100.0,21803.0,,,,,100.0,100.0,8225.0
417.08,0.0,21844.6,,,,,0.0,0.0,8228.8
418.08,100.0,21861.6,,,,,100.0,100.0,8234.2
419.08,100.0,21944.6,,,,,100.0,100.0,8237.5
420.08,100.0,21903.3,,,,,100.0,100.0,8240.0
421.08,0.0,21903.3,,,,,0.0,0.0,8240.0
422.08,100.0,21861.7,,,,,100.0,100.0,8240.2
423.08,100.0,21820.0,,,,,100.0,100.0,8240.2
424.08,100.0,21719.8,,,,,100.0,100.0,8218.6
425.08,0.0,21719.9,,,,,0.0,0.0,8227.0
426.08,100.0,21761.5,,,,,100.0,100.0,8234.2
427.08,0.0,21803.0,,,,,0.0,0.0,8223.9
428.08,100.0,21844.6,,,,,100.0,100.0,8235.6
429.08,100.0,21844.6,,,,,100.0,100.0,8221.4
430.08,100.0,21944.6,,,,,100.0,100.0,8238.4
431.08,0.0,21944.6,,,,,0.0,0.0,8238.4
432.08,100.0,21903.3,,,,,100.0,100.0,8240.4
433.08,100.0,21861.7,,,,,100.0,100.0,8240.6
434.08,100.0,21820.0,,,,,100.0,100.0,8240.6
435.08,0.0,21820.0,,,,,0.0,0.0,8240.6
436.08,100.0,21719.9,,,,,100.0,100.0,8219.0
437.08,0.0,21761.5,,,,,0.0,0.0,8226.2
438.08,100.0,21803.0,,,,,100.0,100.0,8216.9
439.08,100.0,21803.0,,,,,100.0,100.0,8222.7
440.08,100.0,21844.6,,,,,100.0,100.0,8236.1
441.08,0.0,21878.6,,,,,0.0,0.0,8236.3
442.08,100.0,21944.6,,,,,100.0,100.0,8238.9
443.08,100.0,21903.3,,,,,100.0,100.0,8241.1
444.08,100.0,21861.7,,,,,100.0,100.0,8241.2
445.08,0.0,21861.7,,,,,0.0,0.0,8241.2
446.08,100.0,21820.0,,,,,100.0,100.0,8241.2
447.08,100.0,21719.8,,,,,100.0,100.0,8227.8
448.08,0.0,21761.5,,,,,0.0,0.0,8225.4
449.08,100.0,21761.5,,,,,100.0,100.0,8224.9
450.08,100.0,21803.0,,,,,100.0,100.0,8226.5
451.08,0.0,21844.6,,,,,0.0,0.0,8223.6
452.08,100.0,21878.6,,,,,100.0,100.0,8236.6
453.08,100.0,21944.6,,,,,100.0,100.0,8239.6
454.08,100.0,21903.3,,,,,100.0,100.0,8241.5
455.08,0.0,21903.3,,,,,0.0,0.0,8241.5
456.08,100.0,21861.7,,,,,100.0,100.0,8241.7
457.08,100.0,21820.0,,,,,100.0,100.0,8241.7
458.08,100.0,21719.8,,,,,100.0,100.0,8241.9
459.08,0.0,21719.9,,,,,0.0,0.0,8227.6
460.08,100.0,21761.5,,,,,100.0,100.0,8235.8
461.08,0.0,21803.0,,,,,0.0,0.0,8224.9
462.08,100.0,21844.6,,,,,100.0,100.0,8237.3
463.08,100.0,21844.6,,,,,100.0,100.0,8224.3
464.08,100.0,21944.6,,,,,100.0,100.0,8239.9
465.09,0.0,21944.6,,,,,0.0,0.0,8239.9
466.09,100.0,21903.3,,,,,100.0,100.0,8242.4
467.09,100.0,21861.7,,,,,100.0,100.0,8242.6
468.09,100.0,21820.0,,,,,100.0,100.0,8242.6
469.09,0.0,21820.0,,,,,0.0,0.0,8242.6
470.09,100.0,21719.9,,,,,100.0,100.0,8220.7
471.09,0.0,21761.5,,,,,0.0,0.0,8227.6
472.09,100.0,21803.0,,,,,100.0,100.0,8237.6
473.09,100.0,21803.0,,,,,100.0,100.0,8224.9
474.09,100.0,21844.6,,,,,100.0,100.0,8238.4
475.09,0.0,21878.6,,,,,0.0,0.0,8238.4
476.09,100.0,21944.6,,,,,100.0,100.0,8241.0
477.09,100.0,21903.3,,,,,100.0,100.0,8242.9
478.09,100.0,21861.7,,,,,100.0,100.0,8243.1
479.09,0.0,21861.7,,,,,0.0,0.0,8243.1
480.09,100.0,21820.0,,,,,100.0,100.0,8243.1
481.09,100.0,21719.8,,,,,100.0,100.0,8228.5
482.09,0.0,21761.5,,,,,0.0,0.0,8219.3
483.09,100.0,21761.5,,,,,100.0,100.0,8226.9
484.09,100.0,21803.0,,,,,100.0,100.0,8219.1
485.09,0.0,21844.6,,,,,0.0,0.0,8225.8
486.09,100.0,21861.6,,,,,100.0,100.0,8235.6
487.09,100.0,21944.6,,,,,100.0,100.0,8241.5
488.09,100.0,21903.3,,,,,100.0,100.0,8243.7
489.09,0.0,21903.3,,,,,0.0,0.0,8243.7
490.09,100.0,21861.7,,,,,100.0,100.0,8243.9
491.09,100.0,21820.0,,,,,100.0,100.0,8243.9
492.09,100.0,21719.8,,,,,100.0,100.0,8244.2
493.09,0.0,21719.9,,,,,0.0,0.0,8228.1
494.09,100.0,21761.5,,,,,100.0,100.0,8238.4
495.09,0.0,21803.0,,,,,0.0,0.0,8228.2
496.09,100.0,21844.6,,,,,100.0,100.0,8239.9
497.09,100.0,21844.6,,,,,100.0,100.0,8233.1
498.09,100.0,21944.6,,,,,100.0,100.0,8242.4
499.09,0.0,21944.6,,,,,0.0,0.0,8242.4
500.09,100.0,21903.3,,,,,100.0,100.0,8244.4
501.09,100.0,21861.7,,,,,100.0,100.0,8244.6
502.09,100.0,21820.0,,,,,100.0,100.0,8244.6
503.09,0.0,21820.0,,,,,0.0,0.0,8244.6
504.09,100.0,21719.9,,,,,100.0,100.0,8219.8
505.09,0.0,21761.5,,,,,0.0,0.0,8228.3
506.09,100.0,21803.0,,,,,100.0,100.0,8239.6
507.09,100.0,21803.0,,,,,100.0,100.0,8226.7
508.09,100.0,21823.8,,,,,100.0,100.0,8237.0
509.09,0.0,21878.6,,,,,0.0,0.0,8240.5
510.09,100.0,21944.6,,,,,100.0,100.0,8243.1
511.09,100.0,21903.3,,,,,100.0,100.0,8244.9
512.09,100.0,21861.7,,,,,100.0,100.0,8245.1
513.09,0.0,21861.7,,,,,0.0,0.0,8245.1
514.09,100.0,21820.0,,,,,100.0,100.0,8245.1
515.09,100.0,21719.8,,,,,100.0,100.0,8228.7
516.09,0.0,21761.5,,,,,0.0,0.0,8220.8
517.09,100.0,21761.5,,,,,100.0,100.0,8227.5
518.09,100.0,21803.0,,,,,100.0,100.0,8220.3
519.09,0.0,21844.6,,,,,0.0,0.0,8226.9
520.09,100.0,21861.6,,,,,100.0,100.0,8238.8
521.09,100.0,21944.6,,,,,100.0,100.0,8243.6
522.09,100.0,21903.3,,,,,100.0,100.0,8245.8
523.09,0.0,21903.3,,,,,0.0,0.0,8245.8
524.09,100.0,21861.7,,,,,100.0,100.0,8246.0
525.09,100.0,21820.0,,,,,100.0,100.0,8246.0
526.09,100.0,21719.8,,,,,100.0,100.0,8246.1
527.09,0.0,21719.9,,,,,0.0,0.0,8229.4
528.09,100.0,21761.5,,,,,100.0,100.0,8240.5
529.09,0.0,21803.0,,,,,0.0,0.0,8229.0
530.1,100.0,21823.8,,,,,100.0,100.0,8228.7
531.1,100.0,21844.6,,,,,100.0,100.0,8235.5
532.1,100.0,21944.6,,,,,100.0,100.0,8244.3
533.1,0.0,21944.6,,,,,0.0,0.0,8244.3
534.1,100.0,21903.3,,,,,100.0,100.0,8246.4
535.1,100.0,21861.7,,,,,100.0,100.0,8246.6
536.1,100.0,21820.0,,,,,100.0,100.0,8246.6
537.1,0.0,21820.0,,,,,0.0,0.0,8246.6
538.1,100.0,21719.9,,,,,100.0,100.0,8240.8
539.1,0.0,21761.5,,,,,0.0,0.0,8228.4
540.1,100.0,21803.0,,,,,100.0,100.0,8241.6
541.1,100.0,21803.0,,,,,100.0,100.0,8228.7
542.1,100.0,21823.8,,,,,100.0,100.0,8237.2
543.1,0.0,21878.6,,,,,0.0,0.0,8242.4
544.1,100.0,21944.6,,,,,100.0,100.0,8245.0
545.1,100.0,21903.3,,,,,100.0,100.0,8247.0
546.1,100.0,21861.7,,,,,100.0,100.0,8247.2
547.1,0.0,21861.7,,,,,0.0,0.0,8247.2
548.1,100.0,21820.0,,,,,100.0,100.0,8247.2
549.1,100.0,21719.8,,,,,100.0,100.0,8226.6
550.1,0.0,21759.4,,,,,0.0,0.0,8241.0
551.1,100.0,21761.5,,,,,100.0,100.0,8241.3
552.1,100.0,21761.5,,,,,100.0,100.0,8236.8
553.1,0.0,21844.6,,,,,0.0,0.0,8234.9
554.1,100.0,21844.6,,,,,100.0,100.0,8235.3
555.1,100.0,21944.6,,,,,100.0,100.0,8245.5
556.1,100.0,21903.5,,,,,100.0,100.0,8247.4
557.1,0.0,21903.3,,,,,0.0,0.0,8247.4
558.1,100.0,21861.7,,,,,100.0,100.0,8247.6
559.1,100.0,21820.0,,,,,100.0,100.0,8247.7
560.1,100.0,21719.8,,,,,100.0,100.0,8247.7
561.1,0.0,21719.9,,,,,0.0,0.0,8226.8
562.1,100.0,21740.7,,,,,100.0,100.0,8239.4
563.1,0.0,21803.0,,,,,0.0,0.0,8242.5
564.1,100.0,21803.0,,,,,100.0,100.0,8234.3
565.1,100.0,21844.6,,,,,100.0,100.0,8243.5
566.1,100.0,21944.6,,,,,100.0,100.0,8246.0
567.1,0.0,21944.6,,,,,0.0,0.0,8246.0
568.1,100.0,21903.3,,,,,100.0,100.0,8248.0
569.1,100.0,21861.7,,,,,100.0,100.0,8248.1
570.1,100.0,21820.0,,,,,100.0,100.0,8248.1
571.1,0.0,21820.0,,,,,0.0,0.0,8248.1
572.1,100.0,21719.9,,,,,100.0,100.0,8242.0
573.1,0.0,21761.5,,,,,0.0,0.0,8226.6
574.1,100.0,21761.5,,,,,100.0,100.0,8234.5
575.1,100.0,21803.0,,,,,100.0,100.0,8225.3
576.1,0.0,21844.6,,,,,0.0,0.0,8231.3
577.1,100.0,21878.6,,,,,100.0,100.0,8243.6
578.1,100.0,21944.6,,,,,100.0,100.0,8246.5
579.1,100.0,21903.3,,,,,100.0,100.0,8248.2
580.1,0.0,21903.3,,,,,0.0,0.0,8248.2
581.1,100.0,21861.7,,,,,100.0,100.0,8248.4
582.1,100.0,21820.0,,,,,100.0,100.0,8248.4
583.1,100.0,21719.8,,,,,100.0,100.0,8248.7
584.1,0.0,21740.7,,,,,0.0,0.0,8240.1
585.1,100.0,21761.5,,,,,100.0,100.0,8242.8
586.1,0.0,21803.0,,,,,0.0,0.0,8235.6
587.1,100.0,21844.6,,,,,100.0,100.0,8235.0
588.1,100.0,21844.6,,,,,100.0,100.0,8232.2
589.1,100.0,21944.6,,,,,100.0,100.0,8246.7
590.1,0.0,21944.6,,,,,0.0,0.0,8246.7
591.1,100.0,21903.3,,,,,100.0,100.0,8248.9
592.1,100.0,21861.7,,,,,100.0,100.0,8249.1
593.1,100.0,21820.0,,,,,100.0,100.0,8249.1
594.1,0.0,21820.0,,,,,0.0,0.0,8249.1
595.11,100.0,21719.9,,,,,100.0,100.0,8227.7
596.11,0.0,21761.5,,,,,0.0,0.0,8237.9
597.11,100.0,21803.0,,,,,100.0,100.0,8243.8
598.11,100.0,21803.0,,,,,100.0,100.0,8232.3
599.11,100.0,21844.6,,,,,100.0,100.0,8244.6
600.11,0.0,21878.6,,,,,0.0,0.0,8244.6
601.11,100.0,21944.6,,,,,100.0,100.0,8247.2
602.11,100.0,21903.3,,,,,100.0,100.0,8249.0
603.11,100.0,21861.7,,,,,100.0,100.0,8249.2
604.11,0.0,21861.7,,,,,0.0,0.0,8249.2
605.11,100.0,21820.0,,,,,100.0,100.0,8249.2
606.11,100.0,21702.8,,,,,100.0,100.0,8239.0
607.11,0.0,21761.5,,,,,0.0,0.0,8228.0
608.11,100.0,21761.5,,,,,100.0,100.0,8235.2
609.11,100.0,21803.0,,,,,100.0,100.0,8225.7
610.11,0.0,21844.6,,,,,0.0,0.0,8231.3
611.11,100.0,21861.6,,,,,100.0,100.0,8241.3
612.11,100.0,21944.6,,,,,100.0,100.0,8247.7
613.11,100.0,21903.3,,,,,100.0,100.0,8249.6
614.11,0.0,21903.3,,,,,0.0,0.0,8249.6
615.11,100.0,21861.7,,,,,100.0,100.0,8249.8
616.11,100.0,21820.0,,,,,100.0,100.0,8249.8
617.11,100.0,21719.8,,,,,100.0,100.0,8250.1
618.11,0.0,21719.9,,,,,0.0,0.0,8239.4
619.11,100.0,21761.5,,,,,100.0,100.0,8236.1
620.11,0.0,21803.0,,,,,0.0,0.0,8234.9
621.11,100.0,21844.6,,,,,100.0,100.0,8236.2
622.11,100.0,21844.6,,,,,100.0,100.0,8239.5
623.11,100.0,21944.6,,,,,100.0,100.0,8248.2
624.11,0.0,21944.6,,,,,0.0,0.0,8248.2
625.11,100.0,21903.3,,,,,100.0,100.0,8250.1
626.11,100.0,21861.7,,,,,100.0,100.0,8250.3
627.11,100.0,21820.0,,,,,100.0,100.0,8250.3
628.11,0.0,21820.0,,,,,0.0,0.0,8250.3
629.11,100.0,21719.9,,,,,100.0,100.0,8228.6
630.11,0.0,21761.5,,,,,0.0,0.0,8235.6
631.11,100.0,21803.0,,,,,100.0,100.0,8245.4
632.11,100.0,21803.0,,,,,100.0,100.0,8232.9
633.11,100.0,21844.6,,,,,100.0,100.0,8246.2
634.11,0.0,21878.6,,,,,0.0,0.0,8246.2
635.11,100.0,21944.6,,,,,100.0,100.0,8248.8
636.11,100.0,21903.3,,,,,100.0,100.0,8250.6
637.11,100.0,21861.7,,,,,100.0,100.0,8250.8
638.11,0.0,21861.7,,,,,0.0,0.0,8250.8
639.11,100.0,21820.0,,,,,100.0,100.0,8250.8
640.11,100.0,21719.8,,,,,100.0,100.0,8237.0
641.11,0.0,21761.5,,,,,0.0,0.0,8227.7
642.11,100.0,21761.5,,,,,100.0,100.0,8235.1
643.11,100.0,21803.0,,,,,100.0,100.0,8246.0
644.11,0.0,21844.6,,,,,0.0,0.0,8232.9
645.11,100.0,21878.6,,,,,100.0,100.0,8246.3
646.11,100.0,21944.6,,,,,100.0,100.0,8249.4
647.11,100.0,21903.3,,,,,100.0,100.0,8251.1
648.11,0.0,21903.3,,,,,0.0,0.0,8251.1
649.11,100.0,21861.7,,,,,100.0,100.0,8251.3
650.11,100.0,21820.0,,,,,100.0,100.0,8251.3
651.11,100.0,21719.8,,,,,100.0,100.0,8251.5
652.11,0.0,21719.9,,,,,0.0,0.0,8235.5
653.11,100.0,21761.5,,,,,100.0,100.0,8245.6
654.11,0.0,21803.0,,,,,0.0,0.0,8234.0
655.11,100.0,21823.8,,,,,100.0,100.0,8245.0
656.11,100.0,21844.6,,,,,100.0,100.0,8247.4
657.11,100.0,21944.6,,,,,100.0,100.0,8249.7
658.11,0.0,21944.6,,,,,0.0,0.0,8249.7
659.11,100.0,21903.3,,,,,100.0,100.0,8251.6
660.11,100.0,21861.7,,,,,100.0,100.0,8251.8
661.12,100.0,21820.0,,,,,100.0,100.0,8251.8
662.12,0.0,21820.0,,,,,0.0,0.0,8251.8
663.12,100.0,21719.9,,,,,100.0,100.0,8246.0
664.12,0.0,21761.5,,,,,0.0,0.0,8234.5
665.12,100.0,21803.0,,,,,100.0,100.0,8246.5
666.12,100.0,21803.0,,,,,100.0,100.0,8234.2
667.12,100.0,21844.6,,,,,100.0,100.0,8247.2
668.12,0.0,21878.6,,,,,0.0,0.0,8247.3
669.12,100.0,21944.6,,,,,100.0,100.0,8249.8
670.12,100.0,21903.3,,,,,100.0,100.0,8251.9
671.12,100.0,21861.7,,,,,100.0,100.0,8252.1
672.12,0.0,21861.7,,,,,0.0,0.0,8252.1
673.12,100.0,21820.0,,,,,100.0,100.0,8252.1
674.12,100.0,21719.8,,,,,100.0,100.0,8235.8
675.12,0.0,21761.5,,,,,0.0,0.0,8227.4
676.12,100.0,21761.5,,,,,100.0,100.0,8234.2
677.12,100.0,21803.0,,,,,100.0,100.0,8247.1
678.12,0.0,21844.6,,,,,0.0,0.0,8233.6
679.12,100.0,21861.6,,,,,100.0,100.0,8243.1
680.12,100.0,21944.6,,,,,100.0,100.0,8250.4
681.12,100.0,21903.3,,,,,100.0,100.0,8252.4
682.12,0.0,21903.3,,,,,0.0,0.0,8252.4
683.12,100.0,21861.7,,,,,100.0,100.0,8252.6
684.12,100.0,21820.0,,,,,100.0,100.0,8252.6
685.12,100.0,21719.8,,,,,100.0,100.0,8252.8
686.12,0.0,21719.9,,,,,0.0,0.0,8238.0
687.12,100.0,21761.5,,,,,100.0,100.0,8247.1
688.12,0.0,21803.0,,,,,0.0,0.0,8241.5
689.12,100.0,21823.8,,,,,100.0,100.0,8247.6
690.12,100.0,21844.6,,,,,100.0,100.0,8243.6
691.12,100.0,21944.6,,,,,100.0,100.0,8251.1
692.12,0.0,21944.6,,,,,0.0,0.0,8251.1
693.12,100.0,21903.3,,,,,100.0,100.0,8252.7
694.12,100.0,21861.7,,,,,100.0,100.0,8252.9
695.12,100.0,21820.0,,,,,100.0,100.0,8252.9
696.12,0.0,21820.0,,,,,0.0,0.0,8252.9
697.12,100.0,21719.9,,,,,100.0,100.0,8247.3
698.12,0.0,21761.5,,,,,0.0,0.0,8238.2
699.12,100.0,21803.0,,,,,100.0,100.0,8248.2
700.12,100.0,21803.0,,,,,100.0,100.0,8235.5
701.12,100.0,21844.6,,,,,100.0,100.0,8249.0
702.12,0.0,21878.6,,,,,0.0,0.0,8249.0
703.12,100.0,21944.6,,,,,100.0,100.0,8251.6
704.12,100.0,21903.3,,,,,100.0,100.0,8253.5
705.12,100.0,21861.7,,,,,100.0,100.0,8253.7
706.12,0.0,21861.7,,,,,0.0,0.0,8253.7
707.12,100.0,21820.0,,,,,100.0,100.0,8253.7
708.12,100.0,21719.8,,,,,100.0,100.0,8235.5
709.12,0.0,21761.5,,,,,0.0,0.0,8228.6
710.12,100.0,21761.5,,,,,100.0,100.0,8234.7
711.12,100.0,21803.0,,,,,100.0,100.0,8248.7
712.12,0.0,21844.6,,,,,0.0,0.0,8235.3
713.12,100.0,21844.6,,,,,100.0,100.0,8243.3
714.12,100.0,21944.6,,,,,100.0,100.0,8252.1
715.12,100.0,21903.3,,,,,100.0,100.0,8254.2
716.12,0.0,21903.3,,,,,0.0,0.0,8254.2
717.12,100.0,21861.7,,,,,100.0,100.0,8254.4
718.12,100.0,21820.0,,,,,100.0,100.0,8254.4
719.12,100.0,21719.8,,,,,100.0,100.0,8254.6
720.12,0.0,21719.9,,,,,0.0,0.0,8235.6
721.12,100.0,21761.5,,,,,100.0,100.0,8248.6
722.12,0.0,21803.0,,,,,0.0,0.0,8249.4
723.12,100.0,21803.0,,,,,100.0,100.0,8247.2
724.12,100.0,21844.6,,,,,100.0,100.0,8250.2
725.12,100.0,21944.6,,,,,100.0,100.0,8252.7
726.12,0.0,21944.6,,,,,0.0,0.0,8252.7
727.13,100.0,21903.3,,,,,100.0,100.0,8254.5
728.13,100.0,21861.7,,,,,100.0,100.0,8254.6
729.13,100.0,21820.0,,,,,100.0,100.0,8254.6
730.13,0.0,21820.0,,,,,0.0,0.0,8254.6
731.13,100.0,21719.9,,,,,100.0,100.0,8248.9
732.13,0.0,21761.5,,,,,0.0,0.0,8237.4
733.13,100.0,21803.0,,,,,100.0,100.0,8249.6
734.13,100.0,21803.0,,,,,100.0,100.0,8235.5
735.13,100.0,21823.1,,,,,100.0,100.0,8248.3
736.13,0.0,21878.6,,,,,0.0,0.0,8250.4
737.13,100.0,21944.6,,,,,100.0,100.0,8253.2
738.13,100.0,21903.3,,,,,100.0,100.0,8255.0
739.13,100.0,21861.7,,,,,100.0,100.0,8255.2
740.13,0.0,21861.7,,,,,0.0,0.0,8255.2
741.13,100.0,21820.0,,,,,100.0,100.0,8255.2
742.13,100.0,21719.8,,,,,100.0,100.0,8236.0
743.13,0.0,21761.5,,,,,0.0,0.0,8249.3
744.13,100.0,21761.5,,,,,100.0,100.0,8235.2
745.13,100.0,21782.3,,,,,100.0,100.0,8249.6
746.13,0.0,21844.6,,,,,0.0,0.0,8235.8
747.13,100.0,21844.6,,,,,100.0,100.0,8242.6
748.13,100.0,21944.6,,,,,100.0,100.0,8253.8
749.13,100.0,21903.3,,,,,100.0,100.0,8255.3
750.13,0.0,21903.3,,,,,0.0,0.0,8255.3
751.13,100.0,21861.7,,,,,100.0,100.0,8255.5
752.13,100.0,21820.0,,,,,100.0,100.0,8255.5
753.13,100.0,21719.8,,,,,100.0,100.0,8255.7
754.13,0.0,21719.9,,,,,0.0,0.0,8235.8
755.13,100.0,21761.5,,,,,100.0,100.0,8249.6
756.13,0.0,21803.0,,,,,0.0,0.0,8242.8
757.13,100.0,21823.8,,,,,100.0,100.0,8247.9
758.13,100.0,21844.6,,,,,100.0,100.0,8243.3
759.13,100.0,21944.6,,,,,100.0,100.0,8253.9
760.13,0.0,21944.6,,,,,0.0,0.0,8253.9
761.13,100.0,21903.3,,,,,100.0,100.0,8255.8
762.13,100.0,21861.7,,,,,100.0,100.0,8256.0
763.13,100.0,21820.0,,,,,100.0,100.0,8256.0
764.13,0.0,21820.0,,,,,0.0,0.0,8256.0
765.13,100.0,21719.9,,,,,100.0,100.0,8250.0
766.13,0.0,21761.5,,,,,0.0,0.0,8237.8
767.13,100.0,21803.0,,,,,100.0,100.0,8250.9
768.13,100.0,21803.0,,,,,100.0,100.0,8251.2
769.13,100.0,21803.0,,,,,100.0,100.0,8244.4
770.13,0.0,21878.6,,,,,0.0,0.0,8252.0
771.13,100.0,21944.6,,,,,100.0,100.0,8254.6
772.13,100.0,21903.3,,,,,100.0,100.0,8256.3
773.13,100.0,21861.7,,,,,100.0,100.0,8256.5
774.13,0.0,21861.7,,,,,0.0,0.0,8256.5
775.13,100.0,21820.0,,,,,100.0,100.0,8256.5
776.13,100.0,21719.8,,,,,100.0,100.0,8256.7
777.13,0.0,21719.9,,,,,0.0,0.0,8240.5
778.13,100.0,21761.5,,,,,100.0,100.0,8241.9
779.13,0.0,21803.0,,,,,0.0,0.0,8240.2
780.13,100.0,21844.6,,,,,100.0,100.0,8241.7
781.13,100.0,21844.6,,,,,100.0,100.0,8238.0
782.13,100.0,21944.6,,,,,100.0,100.0,8253.0
783.13,0.0,21944.6,,,,,0.0,0.0,8253.0
784.13,100.0,21903.3,,,,,100.0,100.0,8254.7
785.13,100.0,21861.7,,,,,100.0,100.0,8254.9
786.13,100.0,21820.0,,,,,100.0,100.0,8254.9
787.13,0.0,21820.0,,,,,0.0,0.0,8254.9
788.13,100.0,21719.9,,,,,100.0,100.0,8249.3
789.13,0.0,21761.5,,,,,0.0,0.0,8238.6
790.13,100.0,21803.0,,,,,100.0,100.0,8250.3
791.14,100.0,21803.0,,,,,100.0,100.0,8237.6
792.14,100.0,21821.5,,,,,100.0,100.0,8249.2
793.14,0.0,21878.6,,,,,0.0,0.0,8251.2
794.14,100.0,21944.6,,,,,100.0,100.0,8253.8
795.14,100.0,21903.3,,,,,100.0,100.0,8255.3
796.14,100.0,21861.7,,,,,100.0,100.0,8255.5
797.14,0.0,21861.7,,,,,0.0,0.0,8255.5
798.14,100.0,21820.0,,,,,100.0,100.0,8255.5
799.14,100.0,21719.8,,,,,100.0,100.0,8239.6
800.14,0.0,21761.5,,,,,0.0,0.0,8231.9
801.14,100.0,21761.5,,,,,100.0,100.0,8237.5
802.14,100.0,21803.0,,,,,100.0,100.0,8250.7
803.14,0.0,21844.6,,,,,0.0,0.0,8238.1
804.14,100.0,21844.6,,,,,100.0,100.0,8244.2
805.14,100.0,21944.6,,,,,100.0,100.0,8254.2
806.14,100.0,21903.3,,,,,100.0,100.0,8255.7
807.14,0.0,21903.3,,,,,0.0,0.0,8255.7
808.14,100.0,21861.7,,,,,100.0,100.0,8255.9
809.14,100.0,21820.0,,,,,100.0,100.0,8255.9
810.14,100.0,21719.8,,,,,100.0,100.0,8256.1
811.14,0.0,21719.9,,,,,0.0,0.0,8240.2
812.14,100.0,21761.5,,,,,100.0,100.0,8250.4
813.14,0.0,21803.0,,,,,0.0,0.0,8244.9
814.14,100.0,21823.8,,,,,100.0,100.0,8239.5
815.14,100.0,21844.6,,,,,100.0,100.0,8245.3
816.14,100.0,21944.6,,,,,100.0,100.0,8254.5
817.14,0.0,21944.6,,,,,0.0,0.0,8254.5
818.14,100.0,21903.3,,,,,100.0,100.0,8256.0
819.14,100.0,21861.7,,,,,100.0,100.0,8256.2
820.14,100.0,21820.0,,,,,100.0,100.0,8256.2
821.14,0.0,21820.0,,,,,0.0,0.0,8256.2
822.14,100.0,21719.9,,,,,100.0,100.0,8250.6
823.14,0.0,21761.5,,,,,0.0,0.0,8240.2
824.14,100.0,21803.0,,,,,100.0,100.0,8251.4
825.14,100.0,21803.0,,,,,100.0,100.0,8238.7
826.14,100.0,21844.6,,,,,100.0,100.0,8252.0
827.14,0.0,21878.6,,,,,0.0,0.0,8252.2
828.14,100.0,21944.6,,,,,100.0,100.0,8254.8
829.14,100.0,21903.3,,,,,100.0,100.0,8256.4
830.14,100.0,21861.7,,,,,100.0,100.0,8256.6
831.14,0.0,21861.7,,,,,0.0,0.0,8256.6
832.14,100.0,21820.0,,,,,100.0,100.0,8256.6
833.14,100.0,21719.8,,,,,100.0,100.0,8239.8
834.14,0.0,21761.5,,,,,0.0,0.0,8233.0
835.14,100.0,21761.5,,,,,100.0,100.0,8239.0
836.14,100.0,21799.3,,,,,100.0,100.0,8251.0
837.14,0.0,21844.6,,,,,0.0,0.0,8239.0
838.14,100.0,21861.6,,,,,100.0,100.0,8246.6
839.14,100.0,21944.6,,,,,100.0,100.0,8255.0
840.14,100.0,21903.3,,,,,100.0,100.0,8256.6
841.14,0.0,21903.3,,,,,0.0,0.0,8256.6
842.14,100.0,21861.7,,,,,100.0,100.0,8256.8
843.14,100.0,21820.0,,,,,100.0,100.0,8256.8
844.14,100.0,21719.8,,,,,100.0,100.0,8257.1
845.14,0.0,21719.9,,,,,0.0,0.0,8239.1
846.14,100.0,21761.5,,,,,100.0,100.0,8238.1
847.14,0.0,21803.0,,,,,0.0,0.0,8239.8
848.14,100.0,21823.8,,,,,100.0,100.0,8251.7
849.14,100.0,21844.6,,,,,100.0,100.0,8246.8
850.14,100.0,21944.6,,,,,100.0,100.0,8255.4
851.14,0.0,21944.6,,,,,0.0,0.0,8255.4
852.14,100.0,21903.3,,,,,100.0,100.0,8257.0
853.14,100.0,21861.7,,,,,100.0,100.0,8257.2
854.14,100.0,21820.0,,,,,100.0,100.0,8257.2
855.14,0.0,21820.0,,,,,0.0,0.0,8257.2
856.14,100.0,21719.9,,,,,100.0,100.0,8251.4
857.15,0.0,21761.5,,,,,0.0,0.0,8241.6
858.15,100.0,21803.0,,,,,100.0,100.0,8252.4
859.15,100.0,21803.0,,,,,100.0,100.0,8241.3
860.15,100.0,21844.6,,,,,100.0,100.0,8253.2
861.15,0.0,21878.6,,,,,0.0,0.0,8253.1
862.15,100.0,21944.6,,,,,100.0,100.0,8255.8
863.15,100.0,21903.3,,,,,100.0,100.0,8257.6
864.15,100.0,21861.7,,,,,100.0,100.0,8257.8
865.15,0.0,21861.7,,,,,0.0,0.0,8257.8
866.15,100.0,21820.0,,,,,100.0,100.0,8257.8
867.15,100.0,21719.8,,,,,100.0,100.0,8239.6
868.15,0.0,21761.5,,,,,0.0,0.0,8252.1
869.15,100.0,21761.5,,,,,100.0,100.0,8239.0
870.15,100.0,21801.9,,,,,100.0,100.0,8252.7
871.15,0.0,21844.6,,,,,0.0,0.0,8239.7
872.15,100.0,21844.6,,,,,100.0,100.0,8248.2
873.15,100.0,21944.6,,,,,100.0,100.0,8256.2
874.15,100.0,21903.3,,,,,100.0,100.0,8257.8
875.15,0.0,21903.3,,,,,0.0,0.0,8257.8
876.15,100.0,21861.7,,,,,100.0,100.0,8258.0
877.15,100.0,21820.0,,,,,100.0,100.0,8258.0
878.15,100.0,21719.8,,,,,100.0,100.0,8258.2
879.15,0.0,21719.9,,,,,0.0,0.0,8239.5
880.15,100.0,21761.5,,,,,100.0,100.0,8252.2
881.15,0.0,21803.0,,,,,0.0,0.0,8239.2
882.15,100.0,21823.8,,,,,100.0,100.0,8250.1
883.15,100.0,21844.6,,,,,100.0,100.0,8246.6
884.15,100.0,21944.6,,,,,100.0,100.0,8256.7
885.15,0.0,21944.6,,,,,0.0,0.0,8256.7
886.15,100.0,21903.3,,,,,100.0,100.0,8258.2
887.15,100.0,21861.7,,,,,100.0,100.0,8258.4
888.15,100.0,21820.0,,,,,100.0,100.0,8258.4
889.15,0.0,21820.0,,,,,0.0,0.0,8258.4
890.15,100.0,21719.9,,,,,100.0,100.0,8252.5
891.15,0.0,21761.5,,,,,0.0,0.0,8241.8
892.15,100.0,21803.0,,,,,100.0,100.0,8253.5
893.15,100.0,21803.0,,,,,100.0,100.0,8241.2
894.15,100.0,21844.6,,,,,100.0,100.0,8244.7
895.15,0.0,21878.6,,,,,0.0,0.0,8254.2
896.15,100.0,21944.6,,,,,100.0,100.0,8256.8
897.15,100.0,21903.3,,,,,100.0,100.0,8258.4
898.15,100.0,21861.7,,,,,100.0,100.0,8258.6
899.15,0.0,21861.7,,,,,0.0,0.0,8258.6
900.15,100.0,21820.0,,,,,100.0,100.0,8258.6
901.15,100.0,21719.8,,,,,100.0,100.0,8239.8
902.15,0.0,21761.5,,,,,0.0,0.0,8253.1
903.15,100.0,21761.5,,,,,100.0,100.0,8240.6
904.15,100.0,21761.5,,,,,100.0,100.0,8249.8
905.15,0.0,21844.6,,,,,0.0,0.0,8238.9
906.15,100.0,21844.6,,,,,100.0,100.0,8244.1
907.15,100.0,21944.6,,,,,100.0,100.0,8257.2
908.15,100.0,21903.3,,,,,100.0,100.0,8259.0
909.15,0.0,21903.3,,,,,0.0,0.0,8259.0
910.15,100.0,21861.7,,,,,100.0,100.0,8259.2
911.15,100.0,21820.0,,,,,100.0,100.0,8259.2
912.15,100.0,21719.8,,,,,100.0,100.0,8259.3
913.15,0.0,21719.9,,,,,0.0,0.0,8239.0
914.15,100.0,21761.5,,,,,100.0,100.0,8243.3
915.15,0.0,21803.0,,,,,0.0,0.0,8239.6
916.15,100.0,21803.0,,,,,100.0,100.0,8248.3
917.15,100.0,21844.6,,,,,100.0,100.0,8236.9
918.15,100.0,21944.6,,,,,100.0,100.0,8257.6
919.15,0.0,21944.6,,,,,0.0,0.0,8257.6
920.15,100.0,21903.3,,,,,100.0,100.0,8259.1
921.15,100.0,21861.7,,,,,100.0,100.0,8259.3
922.16,100.0,21820.0,,,,,100.0,100.0,8259.3
923.16,0.0,21820.0,,,,,0.0,0.0,8259.3
924.16,100.0,21719.9,,,,,100.0,100.0,8253.5
925.16,0.0,21761.5,,,,,0.0,0.0,8241.8
926.16,100.0,21782.3,,,,,100.0,100.0,8251.4
927.16,100.0,21803.0,,,,,100.0,100.0,8254.6
928.16,100.0,21803.0,,,,,100.0,100.0,8248.7
929.16,0.0,21878.6,,,,,0.0,0.0,8255.3
930.16,100.0,21944.6,,,,,100.0,100.0,8258.0
931.16,100.0,21903.3,,,,,100.0,100.0,8259.6
932.16,100.0,21861.7,,,,,100.0,100.0,8259.8
933.16,0.0,21861.7,,,,,0.0,0.0,8259.8
934.16,100.0,21820.0,,,,,100.0,100.0,8259.8
935.16,100.0,21719.8,,,,,100.0,100.0,8240.2
936.16,0.0,21761.5,,,,,0.0,0.0,8254.1
937.16,100.0,21761.5,,,,,100.0,100.0,8241.6
938.16,100.0,21782.3,,,,,100.0,100.0,8253.1
939.16,0.0,21844.6,,,,,0.0,0.0,8241.7
940.16,100.0,21844.6,,,,,100.0,100.0,8249.6
941.16,100.0,21944.6,,,,,100.0,100.0,8258.5
942.16,100.0,21903.3,,,,,100.0,100.0,8259.9
943.16,0.0,21903.3,,,,,0.0,0.0,8259.9
944.16,100.0,21861.7,,,,,100.0,100.0,8260.1
945.16,100.0,21820.0,,,,,100.0,100.0,8260.1
946.16,100.0,21719.8,,,,,100.0,100.0,8260.2
947.16,0.0,21719.9,,,,,0.0,0.0,8240.9
948.16,100.0,21761.5,,,,,100.0,100.0,8254.4
949.16,0.0,21803.0,,,,,0.0,0.0,8240.2
950.16,100.0,21803.0,,,,,100.0,100.0,8247.9
951.16,100.0,21844.6,,,,,100.0,100.0,8238.0
952.16,100.0,21944.6,,,,,100.0,100.0,8258.7
953.16,0.0,21944.6,,,,,0.0,0.0,8258.7
954.16,100.0,21903.3,,,,,100.0,100.0,8260.1
955.16,100.0,21861.7,,,,,100.0,100.0,8260.3
956.16,100.0,21820.0,,,,,100.0,100.0,8260.3
957.16,0.0,21820.0,,,,,0.0,0.0,8260.3
958.16,100.0,21719.9,,,,,100.0,100.0,8254.5
959.16,0.0,21761.5,,,,,0.0,0.0,8254.7
960.16,100.0,21782.3,,,,,100.0,100.0,8252.1
961.16,100.0,21803.0,,,,,100.0,100.0,8247.9
962.16,100.0,21803.0,,,,,100.0,100.0,8248.6
963.16,0.0,21878.6,,,,,0.0,0.0,8256.0
964.16,100.0,21944.6,,,,,100.0,100.0,8258.9
965.16,100.0,21903.3,,,,,100.0,100.0,8260.5
966.16,100.0,21861.7,,,,,100.0,100.0,8260.7
967.16,0.0,21861.7,,,,,0.0,0.0,8260.7
968.16,100.0,21820.0,,,,,100.0,100.0,8260.7
969.16,100.0,21719.8,,,,,100.0,100.0,8240.6
970.16,0.0,21761.5,,,,,0.0,0.0,8254.9
971.16,100.0,21761.5,,,,,100.0,100.0,8241.6
972.16,100.0,21778.5,,,,,100.0,100.0,8253.4
973.16,0.0,21844.6,,,,,0.0,0.0,8256.6
974.16,100.0,21844.6,,,,,100.0,100.0,8245.2
975.16,100.0,21944.6,,,,,100.0,100.0,8259.2
976.16,100.0,21903.3,,,,,100.0,100.0,8260.8
977.16,0.0,21903.3,,,,,0.0,0.0,8260.8
978.16,100.0,21861.7,,,,,100.0,100.0,8261.0
979.16,100.0,21820.0,,,,,100.0,100.0,8261.0
980.16,100.0,21719.8,,,,,100.0,100.0,8261.1
981.16,0.0,21719.9,,,,,0.0,0.0,8241.4
982.16,100.0,21761.5,,,,,100.0,100.0,8255.2
983.16,0.0,21803.0,,,,,0.0,0.0,8242.1
984.16,100.0,21803.0,,,,,100.0,100.0,8249.7
985.17,100.0,21844.6,,,,,100.0,100.0,8239.1
986.17,100.0,21944.6,,,,,100.0,100.0,8259.5
987.17,0.0,21944.6,,,,,0.0,0.0,8259.5
988.17,100.0,21903.3,,,,,100.0,100.0,8261.6
989.17,100.0,21861.7,,,,,100.0,100.0,8261.8
990.17,100.0,21820.0,,,,,100.0,100.0,8261.8
991.17,0.0,21820.0,,,,,0.0,0.0,8261.8
992.17,100.0,21719.9,,,,,100.0,100.0,8255.8
993.17,0.0,21761.5,,,,,0.0,0.0,8256.2
994.17,100.0,21778.5,,,,,100.0,100.0,8254.2
995.17,100.0,21803.0,,,,,100.0,100.0,8257.1
996.17,100.0,21803.0,,,,,100.0,100.0,8248.3
997.17,0.0,21878.6,,,,,0.0,0.0,8257.7
998.17,100.0,21944.6,,,,,100.0,100.0,8260.3
999.17,100.0,21903.3,,,,,100.0,100.0,8261.7
1000.17,100.0,21861.7,,,,,100.0,100.0,8261.9
1001.17,0.0,21861.7,,,,,0.0,0.0,8261.9
1002.17,100.0,21820.0,,,,,100.0,100.0,8261.9
1003.17,100.0,21719.8,,,,,100.0,100.0,8242.4
1004.17,0.0,21761.5,,,,,0.0,0.0,8256.2
1005.17,100.0,21761.5,,,,,100.0,100.0,8242.6
1006.17,100.0,21761.5,,,,,100.0,100.0,8248.8
1007.17,0.0,21844.6,,,,,0.0,0.0,8258.0
1008.17,100.0,21844.6,,,,,100.0,100.0,8247.1
1009.17,100.0,21944.6,,,,,100.0,100.0,8260.7
1010.17,100.0,21903.3,,,,,100.0,100.0,8262.1
1011.17,0.0,21903.3,,,,,0.0,0.0,8262.1
1012.17,100.0,21861.7,,,,,100.0,100.0,8262.3
1013.17,100.0,21820.0,,,,,100.0,100.0,8262.3
1014.17,100.0,21719.8,,,,,100.0,100.0,8234.3
1015.17,0.0,21719.9,,,,,0.0,0.0,8242.2
1016.17,100.0,21740.7,,,,,100.0,100.0,8256.0
1017.17,0.0,21803.0,,,,,0.0,0.0,8242.7
1018.17,100.0,21803.0,,,,,100.0,100.0,8248.2
1019.17,100.0,21844.6,,,,,100.0,100.0,8239.0
1020.17,100.0,21944.6,,,,,100.0,100.0,8260.9
1021.17,0.0,21944.6,,,,,0.0,0.0,8260.9
1022.17,100.0,21903.3,,,,,100.0,100.0,8262.3
1023.17,100.0,21861.7,,,,,100.0,100.0,8262.5
1024.17,100.0,21820.0,,,,,100.0,100.0,8262.5
1025.17,0.0,21820.0,,,,,0.0,0.0,8262.5
1026.17,100.0,21719.9,,,,,100.0,100.0,8256.6
1027.17,0.0,21761.5,,,,,0.0,0.0,8257.0
1028.17,100.0,21761.5,,,,,100.0,100.0,8250.6
1029.17,100.0,21803.0,,,,,100.0,100.0,8257.8
1030.17,100.0,21803.0,,,,,100.0,100.0,8247.1
1031.17,0.0,21878.6,,,,,0.0,0.0,8258.3
1032.17,100.0,21944.6,,,,,100.0,100.0,8261.1
1033.17,100.0,21903.3,,,,,100.0,100.0,8262.5
1034.17,100.0,21861.7,,,,,100.0,100.0,8262.7
1035.17,0.0,21861.7,,,,,0.0,0.0,8262.7
1036.17,100.0,21820.0,,,,,100.0,100.0,8262.7
1037.17,100.0,21719.8,,,,,100.0,100.0,8242.5
1038.17,0.0,21761.5,,,,,0.0,0.0,8257.2
1039.17,100.0,21761.5,,,,,100.0,100.0,8243.7
1040.17,100.0,21761.5,,,,,100.0,100.0,8252.8
1041.17,0.0,21844.6,,,,,0.0,0.0,8258.9
1042.17,100.0,21844.6,,,,,100.0,100.0,8248.9
1043.17,100.0,21944.6,,,,,100.0,100.0,8261.4
1044.17,100.0,21903.0,,,,,100.0,100.0,8261.6
1045.17,0.0,21903.3,,,,,0.0,0.0,8262.8
1046.17,100.0,21861.7,,,,,100.0,100.0,8263.0
1047.17,100.0,21820.0,,,,,100.0,100.0,8263.0
1048.17,0.0,21820.0,,,,,0.0,0.0,8263.0
1049.17,100.0,21719.9,,,,,100.0,100.0,8242.0
1050.18,100.0,21719.9,,,,,100.0,100.0,8254.4
1051.18,0.0,21803.0,,,,,0.0,0.0,8242.2
1052.18,100.0,21803.0,,,,,100.0,100.0,8248.1
1053.18,100.0,21844.6,,,,,100.0,100.0,8259.1
1054.18,0.0,21878.6,,,,,0.0,0.0,8259.2
1055.18,100.0,21944.6,,,,,100.0,100.0,8261.7
1056.18,100.0,21903.3,,,,,100.0,100.0,8263.4
1057.18,100.0,21861.7,,,,,100.0,100.0,8263.6
1058.18,0.0,21861.7,,,,,0.0,0.0,8263.6
1059.18,100.0,21820.0,,,,,100.0,100.0,8263.6
1060.18,100.0,21719.9,,,,,100.0,100.0,8257.5
1061.18,0.0,21761.5,,,,,0.0,0.0,8258.0
1062.18,100.0,21761.5,,,,,100.0,100.0,8250.6
1063.18,100.0,21803.0,,,,,100.0,100.0,8250.3
1064.18,0.0,21844.6,,,,,0.0,0.0,8248.4
1065.18,100.0,21878.6,,,,,100.0,100.0,8259.2
1066.18,100.0,21944.6,,,,,100.0,100.0,8262.2
1067.18,100.0,21903.3,,,,,100.0,100.0,8263.6
1068.18,0.0,21903.3,,,,,0.0,0.0,8263.6
1069.18,100.0,21861.7,,,,,100.0,100.0,8263.8
1070.18,100.0,21820.0,,,,,100.0,100.0,8263.8
1071.18,100.0,21719.8,,,,,100.0,100.0,8242.6
1072.18,0.0,21736.9,,,,,0.0,0.0,8257.1
1073.18,100.0,21761.5,,,,,100.0,100.0,8258.7
1074.18,0.0,21803.0,,,,,0.0,0.0,8249.1
1075.18,100.0,21844.6,,,,,100.0,100.0,8259.9
1076.18,100.0,21844.6,,,,,100.0,100.0,8248.4
1077.18,100.0,21944.6,,,,,100.0,100.0,8262.3
1078.18,0.0,21944.6,,,,,0.0,0.0,8262.3
1079.18,100.0,21903.3,,,,,100.0,100.0,8263.8
1080.18,100.0,21861.7,,,,,100.0,100.0,8264.0
1081.18,100.0,21820.0,,,,,100.0,100.0,8264.0
1082.18,0.0,21820.0,,,,,0.0,0.0,8264.0
1083.18,100.0,21719.9,,,,,100.0,100.0,8243.6
1084.18,0.0,21761.5,,,,,0.0,0.0,8252.3
1085.18,100.0,21803.0,,,,,100.0,100.0,8241.2
1086.18,100.0,21803.0,,,,,100.0,100.0,8247.1
1087.18,100.0,21844.6,,,,,100.0,100.0,8260.0
1088.18,0.0,21878.6,,,,,0.0,0.0,8260.1
1089.18,100.0,21944.6,,,,,100.0,100.0,8262.7
1090.18,100.0,21903.3,,,,,100.0,100.0,8264.1
1091.18,100.0,21861.7,,,,,100.0,100.0,8264.3
1092.18,0.0,21861.7,,,,,0.0,0.0,8264.3
1093.18,100.0,21820.0,,,,,100.0,100.0,8264.3
1094.18,100.0,21702.8,,,,,100.0,100.0,8254.7
1095.18,0.0,21761.5,,,,,0.0,0.0,8251.2
1096.18,100.0,21761.5,,,,,100.0,100.0,8249.6
1097.18,100.0,21803.0,,,,,100.0,100.0,8259.6
1098.18,0.0,21844.6,,,,,0.0,0.0,8260.4
1099.18,100.0,21861.6,,,,,100.0,100.0,8259.5
1100.18,100.0,21944.6,,,,,100.0,100.0,8262.9
1101.18,100.0,21903.3,,,,,100.0,100.0,8264.3
1102.18,0.0,21903.3,,,,,0.0,0.0,8264.3
1103.18,100.0,21861.7,,,,,100.0,100.0,8264.5
1104.18,100.0,21820.0,,,,,100.0,100.0,8264.5
1105.18,100.0,21719.8,,,,,100.0,100.0,8243.1
1106.18,0.0,21719.9,,,,,0.0,0.0,8252.8
1107.18,100.0,21761.5,,,,,100.0,100.0,8258.9
1108.18,0.0,21803.0,,,,,0.0,0.0,8250.7
1109.18,100.0,21844.6,,,,,100.0,100.0,8260.4
1110.18,100.0,21844.6,,,,,100.0,100.0,8248.5
1111.18,100.0,21944.6,,,,,100.0,100.0,8263.2
1112.18,0.0,21944.6,,,,,0.0,0.0,8263.2
1113.18,100.0,21903.3,,,,,100.0,100.0,8264.8
1114.18,100.0,21861.7,,,,,100.0,100.0,8265.0
1115.19,100.0,21820.0,,,,,100.0,100.0,8265.0
1116.19,0.0,21820.0,,,,,0.0,0.0,8265.0
1117.19,100.0,21719.9,,,,,100.0,100.0,8243.9
1118.19,0.0,21761.5,,,,,0.0,0.0,8251.9
1119.19,100.0,21803.0,,,,,100.0,100.0,8242.5
1120.19,100.0,21803.0,,,,,100.0,100.0,8248.6
1121.19,100.0,21844.6,,,,,100.0,100.0,8260.9
1122.19,0.0,21878.6,,,,,0.0,0.0,8260.8
1123.19,100.0,21944.6,,,,,100.0,100.0,8263.4
1124.19,100.0,21903.3,,,,,100.0,100.0,8265.0
1125.19,100.0,21861.7,,,,,100.0,100.0,8265.2
1126.19,0.0,21861.7,,,,,0.0,0.0,8265.2
1127.19,100.0,21820.0,,,,,100.0,100.0,8265.2
1128.19,100.0,21719.8,,,,,100.0,100.0,8253.3
1129.19,0.0,21761.5,,,,,0.0,0.0,8259.6
1130.19,100.0,21761.5,,,,,100.0,100.0,8248.5
1131.19,100.0,21803.0,,,,,100.0,100.0,8260.4
1132.19,0.0,21844.6,,,,,0.0,0.0,8254.6
1133.19,100.0,21861.6,,,,,100.0,100.0,8259.4
1134.19,100.0,21944.6,,,,,100.0,100.0,8263.9
1135.19,100.0,21903.3,,,,,100.0,100.0,8265.4
1136.19,0.0,21903.3,,,,,0.0,0.0,8265.4
1137.19,100.0,21861.7,,,,,100.0,100.0,8265.6
1138.19,100.0,21820.0,,,,,100.0,100.0,8265.6
1139.19,100.0,21719.8,,,,,100.0,100.0,8265.8
1140.19,0.0,21719.9,,,,,0.0,0.0,8252.2
1141.19,100.0,21761.5,,,,,100.0,100.0,8260.4
1142.19,0.0,21803.0,,,,,0.0,0.0,8250.1
1143.19,100.0,21844.6,,,,,100.0,100.0,8261.5
1144.19,100.0,21844.6,,,,,100.0,100.0,8248.4
1145.19,100.0,21944.6,,,,,100.0,100.0,8264.2
1146.19,0.0,21944.6,,,,,0.0,0.0,8264.2
1147.19,100.0,21903.3,,,,,100.0,100.0,8265.8
1148.19,100.0,21861.7,,,,,100.0,100.0,8266.0
1149.19,100.0,21820.0,,,,,100.0,100.0,8266.0
1150.19,0.0,21820.0,,,,,0.0,0.0,8266.0
1151.19,100.0,21719.9,,,,,100.0,100.0,8242.0
1152.19,0.0,21761.5,,,,,0.0,0.0,8248.7
1153.19,100.0,21803.0,,,,,100.0,100.0,8261.3
1154.19,100.0,21803.0,,,,,100.0,100.0,8247.3
1155.19,100.0,21823.8,,,,,100.0,100.0,8260.1
1156.19,0.0,21878.6,,,,,0.0,0.0,8261.9
1157.19,100.0,21944.6,,,,,100.0,100.0,8264.5
1158.19,100.0,21903.3,,,,,100.0,100.0,8265.9
1159.19,100.0,21861.7,,,,,100.0,100.0,8266.0
1160.19,0.0,21861.7,,,,,0.0,0.0,8266.0
1161.19,100.0,21820.0,,,,,100.0,100.0,8266.1
1162.19,100.0,21719.8,,,,,100.0,100.0,8251.6
1163.19,0.0,21761.5,,,,,0.0,0.0,8243.8
1164.19,100.0,21761.5,,,,,100.0,100.0,8248.7
1165.19,100.0,21803.0,,,,,100.0,100.0,8251.2
1166.19,0.0,21844.6,,,,,0.0,0.0,8254.9
1167.19,100.0,21844.6,,,,,100.0,100.0,8258.4
1168.19,100.0,21944.6,,,,,100.0,100.0,8265.0
1169.19,100.0,21903.3,,,,,100.0,100.0,8266.5
1170.19,0.0,21903.3,,,,,0.0,0.0,8266.5
1171.19,100.0,21861.7,,,,,100.0,100.0,8266.7
1172.19,100.0,21820.0,,,,,100.0,100.0,8266.7
1173.19,100.0,21719.8,,,,,100.0,100.0,8266.8
1174.19,0.0,21719.9,,,,,0.0,0.0,8250.8
1175.19,100.0,21761.5,,,,,100.0,100.0,8261.4
1176.19,0.0,21803.0,,,,,0.0,0.0,8250.0
1177.19,100.0,21823.8,,,,,100.0,100.0,8260.3
1178.19,100.0,21844.6,,,,,100.0,100.0,8262.8
1179.19,100.0,21944.6,,,,,100.0,100.0,8265.2
1180.2,0.0,21944.6,,,,,0.0,0.0,8265.2
1181.2,100.0,21903.3,,,,,100.0,100.0,8266.6
1182.2,100.0,21861.7,,,,,100.0,100.0,8266.8
1183.2,100.0,21820.0,,,,,100.0,100.0,8266.8
1184.2,0.0,21820.0,,,,,0.0,0.0,8266.8
1185.2,100.0,21719.9,,,,,100.0,100.0,8242.3
1186.2,0.0,21761.5,,,,,0.0,0.0,8249.1
1187.2,100.0,21803.0,,,,,100.0,100.0,8261.9
1188.2,100.0,21803.0,,,,,100.0,100.0,8248.7
1189.2,100.0,21823.8,,,,,100.0,100.0,8258.4
1190.2,0.0,21878.6,,,,,0.0,0.0,8262.6
1191.2,100.0,21944.6,,,,,100.0,100.0,8265.1
1192.2,100.0,21903.3,,,,,100.0,100.0,8266.6
1193.2,100.0,21861.7,,,,,100.0,100.0,8266.7
1194.2,0.0,21861.7,,,,,0.0,0.0,8266.7
1195.2,100.0,21820.0,,,,,100.0,100.0,8266.7
1196.2,100.0,21719.8,,,,,100.0,100.0,8249.4
1197.2,0.0,21761.5,,,,,0.0,0.0,8242.4
1198.2,100.0,21761.5,,,,,100.0,100.0,8248.9
1199.2,100.0,21803.0,,,,,100.0,100.0,8241.9
1200.2,0.0,21844.6,,,,,0.0,0.0,8248.8
1201.2,100.0,21861.6,,,,,100.0,100.0,8260.2
1202.2,100.0,21944.6,,,,,100.0,100.0,8265.6
1203.2,100.0,21903.3,,,,,100.0,100.0,8267.1
1204.2,0.0,21903.3,,,,,0.0,0.0,8267.1
1205.2,100.0,21861.7,,,,,100.0,100.0,8267.3
1206.2,100.0,21820.0,,,,,100.0,100.0,8267.3
1207.2,100.0,21719.8,,,,,100.0,100.0,8267.4
1208.2,0.0,21719.9,,,,,0.0,0.0,8252.1
1209.2,100.0,21761.5,,,,,100.0,100.0,8262.1
1210.2,0.0,21803.0,,,,,0.0,0.0,8250.7
1211.2,100.0,21840.8,,,,,100.0,100.0,8253.0
1212.2,100.0,21844.6,,,,,100.0,100.0,8256.6
1213.2,100.0,21944.6,,,,,100.0,100.0,8265.9
1214.2,0.0,21944.6,,,,,0.0,0.0,8265.9
1215.2,100.0,21903.3,,,,,100.0,100.0,8267.2
1216.2,100.0,21861.7,,,,,100.0,100.0,8267.4
1217.2,100.0,21820.0,,,,,100.0,100.0,8267.4
1218.2,0.0,21820.0,,,,,0.0,0.0,8267.4
1219.2,100.0,21719.9,,,,,100.0,100.0,8261.7
1220.2,0.0,21761.5,,,,,0.0,0.0,8249.5
1221.2,100.0,21803.0,,,,,100.0,100.0,8262.6
1222.2,100.0,21803.0,,,,,100.0,100.0,8248.5
1223.2,100.0,21803.0,,,,,100.0,100.0,8259.6
1224.2,0.0,21878.6,,,,,0.0,0.0,8263.4
1225.2,100.0,21944.6,,,,,100.0,100.0,8266.0
1226.2,100.0,21903.3,,,,,100.0,100.0,8267.7
1227.2,100.0,21861.7,,,,,100.0,100.0,8267.8
1228.2,0.0,21861.7,,,,,0.0,0.0,8267.8
1229.2,100.0,21820.0,,,,,100.0,100.0,8267.8
1230.2,100.0,21719.8,,,,,100.0,100.0,8249.3
1231.2,0.0,21761.5,,,,,0.0,0.0,8242.9
1232.2,100.0,21761.5,,,,,100.0,100.0,8249.4
1233.2,100.0,21803.0,,,,,100.0,100.0,8262.8
1234.2,0.0,21844.6,,,,,0.0,0.0,8246.8
1235.2,100.0,21844.6,,,,,100.0,100.0,8255.6
1236.2,100.0,21944.6,,,,,100.0,100.0,8266.5
1237.2,100.0,21903.3,,,,,100.0,100.0,8267.9
1238.2,0.0,21903.3,,,,,0.0,0.0,8267.9
1239.2,100.0,21861.7,,,,,100.0,100.0,8268.1
1240.2,100.0,21820.0,,,,,100.0,100.0,8268.1
1241.2,100.0,21719.8,,,,,100.0,100.0,8268.2
1242.2,0.0,21719.9,,,,,0.0,0.0,8250.5
1243.2,100.0,21761.5,,,,,100.0,100.0,8262.4
1244.2,0.0,21803.0,,,,,0.0,0.0,8263.2
1245.21,100.0,21803.0,,,,,100.0,100.0,8259.7
1246.21,100.0,21844.6,,,,,100.0,100.0,8264.1
1247.21,100.0,21944.6,,,,,100.0,100.0,8266.6
1248.21,0.0,21944.6,,,,,0.0,0.0,8266.6
1249.21,100.0,21903.3,,,,,100.0,100.0,8268.1
1250.21,100.0,21861.7,,,,,100.0,100.0,8268.3
1251.21,100.0,21820.0,,,,,100.0,100.0,8268.3
1252.21,0.0,21820.0,,,,,0.0,0.0,8268.3
1253.21,100.0,21719.9,,,,,100.0,100.0,8262.6
1254.21,0.0,21761.5,,,,,0.0,0.0,8249.8
1255.21,100.0,21803.0,,,,,100.0,100.0,8263.4
1256.21,100.0,21803.0,,,,,100.0,100.0,8249.4
1257.21,100.0,21823.8,,,,,100.0,100.0,8259.7
1258.21,0.0,21878.6,,,,,0.0,0.0,8264.3
1259.21,100.0,21944.6,,,,,100.0,100.0,8266.9
1260.21,100.0,21903.3,,,,,100.0,100.0,8268.3
1261.21,100.0,21861.7,,,,,100.0,100.0,8268.5
1262.21,0.0,21861.7,,,,,0.0,0.0,8268.5
1263.21,100.0,21820.0,,,,,100.0,100.0,8268.5
1264.21,100.0,21719.8,,,,,100.0,100.0,8249.4
1265.21,0.0,21761.5,,,,,0.0,0.0,8243.7
1266.21,100.0,21761.5,,,,,100.0,100.0,8249.6
1267.21,100.0,21803.0,,,,,100.0,100.0,8263.6
1268.21,0.0,21844.6,,,,,0.0,0.0,8250.8
1269.21,100.0,21861.6,,,,,100.0,100.0,8259.3
1270.21,100.0,21944.6,,,,,100.0,100.0,8266.8
1271.21,100.0,21903.3,,,,,100.0,100.0,8268.3
1272.21,0.0,21903.3,,,,,0.0,0.0,8268.3
1273.21,100.0,21861.7,,,,,100.0,100.0,8268.5
1274.21,100.0,21820.0,,,,,100.0,100.0,8268.5
1275.21,100.0,21719.8,,,,,100.0,100.0,8268.6
1276.21,0.0,21719.9,,,,,0.0,0.0,8251.1
1277.21,100.0,21761.5,,,,,100.0,100.0,8262.9
1278.21,0.0,21803.0,,,,,0.0,0.0,8263.8
1279.21,100.0,21823.8,,,,,100.0,100.0,8262.5
1280.21,100.0,21844.6,,,,,100.0,100.0,8264.9
1281.21,100.0,21944.6,,,,,100.0,100.0,8267.4
1282.21,0.0,21944.6,,,,,0.0,0.0,8267.4
1283.21,100.0,21903.3,,,,,100.0,100.0,8268.8
1284.21,100.0,21861.7,,,,,100.0,100.0,8268.9
1285.21,100.0,21820.0,,,,,100.0,100.0,8269.0
1286.21,0.0,21820.0,,,,,0.0,0.0,8269.0
1287.21,100.0,21719.9,,,,,100.0,100.0,8263.0
1288.21,0.0,21761.5,,,,,0.0,0.0,8250.8
1289.21,100.0,21803.0,,,,,100.0,100.0,8263.8
1290.21,100.0,21803.0,,,,,100.0,100.0,8250.2
1291.21,100.0,21803.0,,,,,100.0,100.0,8261.5
1292.21,0.0,21878.6,,,,,0.0,0.0,8264.7
1293.21,100.0,21944.6,,,,,100.0,100.0,8267.4
1294.21,100.0,21903.3,,,,,100.0,100.0,8269.0
1295.21,100.0,21861.7,,,,,100.0,100.0,8269.2
1296.21,0.0,21861.7,,,,,0.0,0.0,8269.2
1297.21,100.0,21820.0,,,,,100.0,100.0,8269.2
1298.21,100.0,21719.8,,,,,100.0,100.0,8249.0
1299.21,0.0,21761.5,,,,,0.0,0.0,8243.3
1300.21,100.0,21761.5,,,,,100.0,100.0,8249.1
1301.21,100.0,21782.3,,,,,100.0,100.0,8262.5
1302.21,0.0,21844.6,,,,,0.0,0.0,8250.1
1303.21,100.0,21844.6,,,,,100.0,100.0,8256.6
1304.21,100.0,21944.6,,,,,100.0,100.0,8267.8
1305.21,100.0,21903.3,,,,,100.0,100.0,8269.2
1306.21,0.0,21903.3,,,,,0.0,0.0,8269.2
1307.21,100.0,21861.7,,,,,100.0,100.0,8269.4
1308.21,100.0,21820.0,,,,,100.0,100.0,8269.4
1309.21,100.0,21719.8,,,,,100.0,100.0,8269.6
1310.22,0.0,21719.9,,,,,0.0,0.0,8250.8
1311.22,100.0,21761.5,,,,,100.0,100.0,8263.8
1312.22,0.0,21803.0,,,,,0.0,0.0,8264.7
1313.22,100.0,21823.8,,,,,100.0,100.0,8261.8
1314.22,100.0,21844.6,,,,,100.0,100.0,8256.6
1315.22,100.0,21944.6,,,,,100.0,100.0,8267.9
1316.22,0.0,21944.6,,,,,0.0,0.0,8267.9
1317.22,100.0,21903.3,,,,,100.0,100.0,8269.6
1318.22,100.0,21861.7,,,,,100.0,100.0,8269.7
1319.22,100.0,21820.0,,,,,100.0,100.0,8269.7
1320.22,0.0,21820.0,,,,,0.0,0.0,8269.7
1321.22,100.0,21719.9,,,,,100.0,100.0,8263.9
1322.22,0.0,21761.5,,,,,0.0,0.0,8251.1
1323.22,100.0,21782.3,,,,,100.0,100.0,8263.9
1324.22,100.0,21803.0,,,,,100.0,100.0,8250.7
1325.22,100.0,21803.0,,,,,100.0,100.0,8259.1
1326.22,0.0,21878.6,,,,,0.0,0.0,8265.6
1327.22,100.0,21944.6,,,,,100.0,100.0,8268.2
1328.22,100.0,21903.3,,,,,100.0,100.0,8269.7
1329.22,100.0,21861.7,,,,,100.0,100.0,8269.9
1330.22,0.0,21861.7,,,,,0.0,0.0,8269.9
1331.22,100.0,21820.0,,,,,100.0,100.0,8269.9
1332.22,100.0,21719.8,,,,,100.0,100.0,8249.3
1333.22,0.0,21761.5,,,,,0.0,0.0,8264.3
1334.22,100.0,21761.5,,,,,100.0,100.0,8248.9
1335.22,100.0,21761.5,,,,,100.0,100.0,8260.2
1336.22,0.0,21844.6,,,,,0.0,0.0,8248.6
1337.22,100.0,21844.6,,,,,100.0,100.0,8254.0
1338.22,100.0,21944.6,,,,,100.0,100.0,8268.5
1339.22,100.0,21903.3,,,,,100.0,100.0,8269.9
1340.22,0.0,21903.3,,,,,0.0,0.0,8269.9
1341.22,100.0,21861.7,,,,,100.0,100.0,8270.0
1342.22,100.0,21820.0,,,,,100.0,100.0,8270.0
1343.22,100.0,21719.8,,,,,100.0,100.0,8270.1
1344.22,0.0,21719.9,,,,,0.0,0.0,8264.6
1345.22,100.0,21761.5,,,,,100.0,100.0,8264.9
1346.22,0.0,21803.0,,,,,0.0,0.0,8257.7
1347.22,100.0,21820.0,,,,,100.0,100.0,8261.8
1348.22,100.0,21844.6,,,,,100.0,100.0,8249.3
1349.22,100.0,21944.6,,,,,100.0,100.0,8268.9
1350.22,0.0,21944.6,,,,,0.0,0.0,8268.9
1351.22,100.0,21903.3,,,,,100.0,100.0,8270.3
1352.22,100.0,21861.7,,,,,100.0,100.0,8270.5
1353.22,100.0,21820.0,,,,,100.0,100.0,8270.5
1354.22,0.0,21820.0,,,,,0.0,0.0,8270.5
1355.22,100.0,21719.9,,,,,100.0,100.0,8264.5
1356.22,0.0,21761.5,,,,,0.0,0.0,8251.4
1357.22,100.0,21782.3,,,,,100.0,100.0,8262.1
1358.22,100.0,21803.0,,,,,100.0,100.0,8265.7
1359.22,100.0,21803.0,,,,,100.0,100.0,8256.7
1360.22,0.0,21878.6,,,,,0.0,0.0,8266.1
1361.22,100.0,21944.6,,,,,100.0,100.0,8268.8
1362.22,100.0,21903.3,,,,,100.0,100.0,8270.3
1363.22,100.0,21861.7,,,,,100.0,100.0,8270.5
1364.22,0.0,21861.7,,,,,0.0,0.0,8270.5
1365.22,100.0,21820.0,,,,,100.0,100.0,8270.5
1366.22,100.0,21719.8,,,,,100.0,100.0,8248.9
1367.22,0.0,21740.7,,,,,0.0,0.0,8262.4
1368.22,100.0,21761.5,,,,,100.0,100.0,8248.9
1369.22,100.0,21782.3,,,,,100.0,100.0,8260.0
1370.22,0.0,21844.6,,,,,0.0,0.0,8259.8
1371.22,100.0,21861.6,,,,,100.0,100.0,8266.5
1372.22,100.0,21944.6,,,,,100.0,100.0,8269.1
1373.22,100.0,21903.1,,,,,100.0,100.0,8270.5
1374.22,0.0,21903.3,,,,,0.0,0.0,8270.6
1375.23,100.0,21861.7,,,,,100.0,100.0,8270.7
1376.23,100.0,21820.0,,,,,100.0,100.0,8270.7
1377.23,100.0,21719.9,,,,,100.0,100.0,8270.8
1378.23,1.23,21719.9,,,,,1.23,1.23,8265.0
1379.23,100.0,21719.9,,,,,100.0,100.0,8262.1
1380.23,0.0,21803.0,,,,,0.0,0.0,8266.0
1381.23,100.0,21803.0,,,,,100.0,100.0,8256.1
1382.23,100.0,21844.6,,,,,100.0,100.0,8267.1
1383.23,100.0,21937.3,,,,,100.0,100.0,8268.1
1384.23,0.0,21944.6,,,,,0.0,0.0,8269.5
1385.23,100.0,21903.3,,,,,100.0,100.0,8271.1
1386.23,100.0,21861.7,,,,,100.0,100.0,8271.3
1387.23,100.0,21854.1,,,,,100.0,100.0,8271.3
1388.23,0.0,21820.0,,,,,0.0,0.0,8271.3
1389.23,100.0,21719.9,,,,,100.0,100.0,8265.3
1390.23,0.0,21761.5,,,,,0.0,0.0,8250.9
1391.23,100.0,21761.5,,,,,100.0,100.0,8259.2
1392.23,100.0,21803.0,,,,,100.0,100.0,8266.6
1393.23,0.0,21844.6,,,,,0.0,0.0,8255.6
1394.23,100.0,21878.6,,,,,100.0,100.0,8267.0
1395.23,100.0,21944.6,,,,,100.0,100.0,8270.0
1396.23,100.0,21903.3,,,,,100.0,100.0,8271.5
1397.23,0.0,21903.3,,,,,0.0,0.0,8271.5
1398.23,100.0,21861.7,,,,,100.0,100.0,8271.7
1399.23,100.0,21820.0,,,,,100.0,100.0,8271.7
1400.23,100.0,21719.8,,,,,100.0,100.0,8249.1
1401.23,0.0,21757.7,,,,,0.0,0.0,8265.0
1402.23,100.0,21761.5,,,,,100.0,100.0,8250.5
1403.23,0.0,21803.0,,,,,0.0,0.0,8259.5
1404.23,100.0,21844.6,,,,,100.0,100.0,8248.8
1405.23,100.0,21844.6,,,,,100.0,100.0,8254.8
1406.23,100.0,21944.6,,,,,100.0,100.0,8270.0
1407.23,0.0,21944.6,,,,,0.0,0.0,8270.0
1408.23,100.0,21903.3,,,,,100.0,100.0,8271.6
1409.23,100.0,21861.7,,,,,100.0,100.0,8271.7
1410.23,100.0,21820.0,,,,,100.0,100.0,8271.7
1411.23,0.0,21820.0,,,,,0.0,0.0,8271.7
1412.23,100.0,21719.9,,,,,100.0,100.0,8266.2
1413.23,0.0,21761.5,,,,,0.0,0.0,8260.3
1414.23,100.0,21803.0,,,,,100.0,100.0,8258.1
1415.23,100.0,21803.0,,,,,100.0,100.0,8255.4
1416.23,100.0,21844.6,,,,,100.0,100.0,8257.8
1417.23,0.0,21878.6,,,,,0.0,0.0,8267.8
1418.23,100.0,21944.6,,,,,100.0,100.0,8270.4
1419.23,100.0,21903.3,,,,,100.0,100.0,8271.9
1420.23,100.0,21861.7,,,,,100.0,100.0,8272.0
1421.23,0.0,21861.7,,,,,0.0,0.0,8272.0
1422.23,100.0,21820.0,,,,,100.0,100.0,8272.0
1423.23,100.0,21719.8,,,,,100.0,100.0,8261.3
1424.23,0.0,21761.5,,,,,0.0,0.0,8266.6
1425.23,100.0,21761.5,,,,,100.0,100.0,8251.6
1426.23,100.0,21761.5,,,,,100.0,100.0,8258.2
1427.23,0.0,21844.6,,,,,0.0,0.0,8249.4
1428.23,100.0,21844.6,,,,,100.0,100.0,8255.3
1429.23,100.0,21944.6,,,,,100.0,100.0,8269.5
1430.23,100.0,21903.3,,,,,100.0,100.0,8270.9
1431.23,0.0,21903.3,,,,,0.0,0.0,8270.9
1432.23,100.0,21861.7,,,,,100.0,100.0,8271.1
1433.23,100.0,21820.0,,,,,100.0,100.0,8271.1
1434.23,100.0,21719.8,,,,,100.0,100.0,8249.6
1435.23,0.0,21719.9,,,,,0.0,0.0,8260.9
1436.23,100.0,21761.5,,,,,100.0,100.0,8249.9
1437.23,0.0,21803.0,,,,,0.0,0.0,8255.7
1438.23,100.0,21844.6,,,,,100.0,100.0,8267.2
1439.23,100.0,21844.6,,,,,100.0,100.0,8255.0
1440.24,100.0,21944.6,,,,,100.0,100.0,8269.8
1441.24,0.0,21944.6,,,,,0.0,0.0,8269.8
1442.24,100.0,21903.3,,,,,100.0,100.0,8271.4
1443.24,100.0,21861.7,,,,,100.0,100.0,8271.5
1444.24,100.0,21820.0,,,,,100.0,100.0,8271.5
1445.24,0.0,21820.0,,,,,0.0,0.0,8271.5
1446.24,100.0,21719.9,,,,,100.0,100.0,8265.8
1447.24,0.0,21761.5,,,,,0.0,0.0,8260.3
1448.24,100.0,21803.0,,,,,100.0,100.0,8259.8
1449.24,100.0,21803.0,,,,,100.0,100.0,8264.0
1450.24,100.0,21844.6,,,,,100.0,100.0,8258.8
1451.24,0.0,21878.6,,,,,0.0,0.0,8267.5
1452.24,100.0,21944.6,,,,,100.0,100.0,8270.1
1453.24,100.0,21903.3,,,,,100.0,100.0,8271.7
1454.24,100.0,21861.7,,,,,100.0,100.0,8271.8
1455.24,0.0,21861.7,,,,,0.0,0.0,8271.8
1456.24,100.0,21820.0,,,,,100.0,100.0,8271.8
1457.24,100.0,21719.8,,,,,100.0,100.0,8259.3
1458.24,0.0,21761.5,,,,,0.0,0.0,8266.2
1459.24,100.0,21761.5,,,,,100.0,100.0,8256.1
1460.24,100.0,21803.0,,,,,100.0,100.0,8267.0
1461.24,0.0,21844.6,,,,,0.0,0.0,8255.9
1462.24,100.0,21861.6,,,,,100.0,100.0,8265.1
1463.24,100.0,21944.6,,,,,100.0,100.0,8270.3
1464.24,100.0,21903.3,,,,,100.0,100.0,8271.9
1465.24,0.0,21903.3,,,,,0.0,0.0,8271.9
1466.24,100.0,21861.7,,,,,100.0,100.0,8272.0
1467.24,100.0,21820.0,,,,,100.0,100.0,8272.0
1468.24,100.0,21719.8,,,,,100.0,100.0,8250.7
1469.24,0.0,21719.9,,,,,0.0,0.0,8257.9
1470.24,100.0,21761.5,,,,,100.0,100.0,8247.6
1471.24,0.0,21803.0,,,,,0.0,0.0,8254.2
1472.24,100.0,21823.8,,,,,100.0,100.0,8265.2
1473.24,100.0,21844.6,,,,,100.0,100.0,8252.0
1474.24,100.0,21944.6,,,,,100.0,100.0,8270.5
1475.24,0.0,21944.6,,,,,0.0,0.0,8270.5
1476.24,100.0,21903.3,,,,,100.0,100.0,8272.1
1477.24,100.0,21861.7,,,,,100.0,100.0,8272.2
1478.24,100.0,21820.0,,,,,100.0,100.0,8272.2
1479.24,0.0,21820.0,,,,,0.0,0.0,8272.2
1480.24,100.0,21719.9,,,,,100.0,100.0,8266.6
1481.24,0.0,21761.5,,,,,0.0,0.0,8257.8
1482.24,100.0,21803.0,,,,,100.0,100.0,8258.6
1483.24,100.0,21803.0,,,,,100.0,100.0,8261.6
1484.24,100.0,21844.6,,,,,100.0,100.0,8258.6
1485.24,0.0,21878.6,,,,,0.0,0.0,8268.4
1486.24,100.0,21944.6,,,,,100.0,100.0,8270.9
1487.24,100.0,21903.3,,,,,100.0,100.0,8272.5
1488.24,100.0,21861.7,,,,,100.0,100.0,8272.6
1489.24,0.0,21861.7,,,,,0.0,0.0,8272.6
1490.24,100.0,21820.0,,,,,100.0,100.0,8272.6
1491.24,100.0,21719.8,,,,,100.0,100.0,8257.6
1492.24,0.0,21761.5,,,,,0.0,0.0,8267.3
1493.24,100.0,21761.5,,,,,100.0,100.0,8256.8
1494.24,100.0,21782.3,,,,,100.0,100.0,8265.3
1495.24,0.0,21844.6,,,,,0.0,0.0,8256.9
1496.24,100.0,21861.6,,,,,100.0,100.0,8263.7
1497.24,100.0,21944.6,,,,,100.0,100.0,8271.3
1498.24,100.0,21903.3,,,,,100.0,100.0,8272.8
1499.24,0.0,21903.3,,,,,0.0,0.0,8272.8
1500.24,100.0,21861.7,,,,,100.0,100.0,8273.0
1501.24,100.0,21820.0,,,,,100.0,100.0,8273.0
1502.24,100.0,21719.8,,,,,100.0,100.0,8248.8
1503.24,0.0,21719.9,,,,,0.0,0.0,8258.1
1504.25,100.0,21761.5,,,,,100.0,100.0,8267.4
1505.25,0.0,21803.0,,,,,0.0,0.0,8256.2
1506.25,100.0,21844.6,,,,,100.0,100.0,8269.1
1507.25,100.0,21844.6,,,,,100.0,100.0,8256.2
1508.25,100.0,21944.6,,,,,100.0,100.0,8271.8
1509.25,0.0,21944.6,,,,,0.0,0.0,8271.8
1510.25,100.0,21903.3,,,,,100.0,100.0,8273.2
1511.25,100.0,21861.7,,,,,100.0,100.0,8273.4
1512.25,100.0,21820.0,,,,,100.0,100.0,8273.4
1513.25,0.0,21820.0,,,,,0.0,0.0,8273.4
1514.25,100.0,21719.9,,,,,100.0,100.0,8267.6
1515.25,0.0,21761.5,,,,,0.0,0.0,8257.6
1516.25,100.0,21803.0,,,,,100.0,100.0,8250.2
1517.25,100.0,21803.0,,,,,100.0,100.0,8256.2
1518.25,100.0,21844.6,,,,,100.0,100.0,8269.3
1519.25,0.0,21878.6,,,,,0.0,0.0,8269.4
1520.25,100.0,21944.6,,,,,100.0,100.0,8272.0
1521.25,100.0,21903.3,,,,,100.0,100.0,8273.5
1522.25,100.0,21861.7,,,,,100.0,100.0,8273.6
1523.25,0.0,21861.7,,,,,0.0,0.0,8273.6
1524.25,100.0,21820.0,,,,,100.0,100.0,8273.6
1525.25,100.0,21719.8,,,,,100.0,100.0,8257.5
1526.25,0.0,21761.5,,,,,0.0,0.0,8268.0
1527.25,100.0,21761.5,,,,,100.0,100.0,8256.6
1528.25,100.0,21803.0,,,,,100.0,100.0,8268.7
1529.25,0.0,21844.6,,,,,0.0,0.0,8269.7
1530.25,100.0,21844.6,,,,,100.0,100.0,8266.2
1531.25,100.0,21944.6,,,,,100.0,100.0,8272.2
1532.25,100.0,21903.3,,,,,100.0,100.0,8273.7
1533.25,0.0,21903.3,,,,,0.0,0.0,8273.7
1534.25,100.0,21861.7,,,,,100.0,100.0,8273.9
1535.25,100.0,21820.0,,,,,100.0,100.0,8273.9
1536.25,100.0,21719.8,,,,,100.0,100.0,8248.9
1537.25,0.0,21719.9,,,,,0.0,0.0,8256.8
1538.25,100.0,21761.5,,,,,100.0,100.0,8268.2
1539.25,0.0,21803.0,,,,,0.0,0.0,8256.7
1540.25,100.0,21844.6,,,,,100.0,100.0,8269.8
1541.25,100.0,21844.6,,,,,100.0,100.0,8256.7
1542.25,100.0,21944.6,,,,,100.0,100.0,8272.6
1543.25,0.0,21944.6,,,,,0.0,0.0,8272.6
1544.25,100.0,21903.3,,,,,100.0,100.0,8274.1
1545.25,100.0,21861.7,,,,,100.0,100.0,8274.3
1546.25,100.0,21820.0,,,,,100.0,100.0,8274.3
1547.25,0.0,21820.0,,,,,0.0,0.0,8274.3
1548.25,100.0,21719.9,,,,,100.0,100.0,8258.6
1549.25,0.0,21761.5,,,,,0.0,0.0,8263.2
1550.25,100.0,21803.0,,,,,100.0,100.0,8259.6
1551.25,100.0,21803.0,,,,,100.0,100.0,8262.9
1552.25,100.0,21823.8,,,,,100.0,100.0,8268.7
1553.25,0.0,21878.6,,,,,0.0,0.0,8270.3
1554.25,100.0,21944.6,,,,,100.0,100.0,8272.9
1555.25,100.0,21903.3,,,,,100.0,100.0,8274.4
1556.25,100.0,21861.7,,,,,100.0,100.0,8274.6
1557.25,0.0,21861.7,,,,,0.0,0.0,8274.6
1558.25,100.0,21820.0,,,,,100.0,100.0,8274.6
1559.25,100.0,21719.8,,,,,100.0,100.0,8258.3
1560.25,0.0,21761.5,,,,,0.0,0.0,8269.0
1561.25,100.0,21761.5,,,,,100.0,100.0,8256.5
1562.25,100.0,21782.3,,,,,100.0,100.0,8267.1
1563.25,0.0,21844.6,,,,,0.0,0.0,8270.7
1564.25,100.0,21844.6,,,,,100.0,100.0,8262.1
1565.25,100.0,21944.6,,,,,100.0,100.0,8273.2
1566.25,100.0,21903.3,,,,,100.0,100.0,8274.6
1567.25,0.0,21903.3,,,,,0.0,0.0,8274.6
1568.25,100.0,21861.7,,,,,100.0,100.0,8274.8
1569.26,100.0,21820.0,,,,,100.0,100.0,8274.8
1570.26,100.0,21719.8,,,,,100.0,100.0,8248.7
1571.26,0.0,21719.9,,,,,0.0,0.0,8256.6
1572.26,100.0,21761.5,,,,,100.0,100.0,8269.2
1573.26,0.0,21803.0,,,,,0.0,0.0,8257.4
1574.26,100.0,21823.8,,,,,100.0,100.0,8268.2
1575.26,100.0,21844.6,,,,,100.0,100.0,8256.4
1576.26,100.0,21944.6,,,,,100.0,100.0,8273.3
1577.26,0.0,21944.6,,,,,0.0,0.0,8273.3
1578.26,100.0,21903.3,,,,,100.0,100.0,8274.8
1579.26,100.0,21861.7,,,,,100.0,100.0,8275.0
1580.26,100.0,21820.0,,,,,100.0,100.0,8275.0
1581.26,0.0,21820.0,,,,,0.0,0.0,8275.0
1582.26,100.0,21719.9,,,,,100.0,100.0,8259.3
1583.26,0.0,21761.5,,,,,0.0,0.0,8257.3
1584.26,100.0,21803.0,,,,,100.0,100.0,8253.2
1585.26,100.0,21803.0,,,,,100.0,100.0,8263.8
1586.26,100.0,21823.8,,,,,100.0,100.0,8266.6
1587.26,0.0,21878.6,,,,,0.0,0.0,8271.0
1588.26,100.0,21944.6,,,,,100.0,100.0,8273.6
1589.26,100.0,21903.3,,,,,100.0,100.0,8275.0
1590.26,100.0,21861.7,,,,,100.0,100.0,8275.2
1591.26,0.0,21861.7,,,,,0.0,0.0,8275.2
1592.26,100.0,21820.0,,,,,100.0,100.0,8275.2
1593.26,100.0,21719.8,,,,,100.0,100.0,8257.1
1594.26,0.0,21761.5,,,,,0.0,0.0,8269.9
1595.26,100.0,21761.5,,,,,100.0,100.0,8257.1
1596.26,100.0,21782.3,,,,,100.0,100.0,8267.1
1597.26,0.0,21844.6,,,,,0.0,0.0,8271.5
1598.26,100.0,21844.6,,,,,100.0,100.0,8263.8
1599.26,100.0,21944.6,,,,,100.0,100.0,8274.0
1600.26,100.0,21903.3,,,,,100.0,100.0,8275.4
1601.26,0.0,21903.3,,,,,0.0,0.0,8275.4
1602.26,100.0,21861.7,,,,,100.0,100.0,8275.5
1603.26,100.0,21820.0,,,,,100.0,100.0,8275.5
1604.26,100.0,21719.8,,,,,100.0,100.0,8275.7
1605.26,0.0,21719.9,,,,,0.0,0.0,8256.6
1606.26,100.0,21761.5,,,,,100.0,100.0,8269.7
1607.26,0.0,21803.0,,,,,0.0,0.0,8257.1
1608.26,100.0,21820.0,,,,,100.0,100.0,8265.6
1609.26,100.0,21844.6,,,,,100.0,100.0,8253.4
1610.26,100.0,21944.6,,,,,100.0,100.0,8274.2
1611.26,0.0,21944.6,,,,,0.0,0.0,8274.2
1612.26,100.0,21903.3,,,,,100.0,100.0,8275.6
1613.26,100.0,21861.7,,,,,100.0,100.0,8275.8
1614.26,100.0,21820.0,,,,,100.0,100.0,8275.8
1615.26,0.0,21820.0,,,,,0.0,0.0,8275.8
1616.26,100.0,21719.9,,,,,100.0,100.0,8249.3
1617.26,0.0,21761.5,,,,,0.0,0.0,8256.9
1618.26,100.0,21782.3,,,,,100.0,100.0,8269.9
1619.26,100.0,21803.0,,,,,100.0,100.0,8255.5
1620.26,100.0,21803.0,,,,,100.0,100.0,8265.2
1621.26,0.0,21878.6,,,,,0.0,0.0,8271.7
1622.26,100.0,21944.6,,,,,100.0,100.0,8274.3
1623.26,100.0,21903.3,,,,,100.0,100.0,8275.7
1624.26,100.0,21861.7,,,,,100.0,100.0,8275.9
1625.26,0.0,21861.7,,,,,0.0,0.0,8275.9
1626.26,100.0,21820.0,,,,,100.0,100.0,8275.9
1627.26,100.0,21719.8,,,,,100.0,100.0,8257.3
1628.26,0.0,21761.5,,,,,0.0,0.0,8270.4
1629.26,100.0,21761.5,,,,,100.0,100.0,8270.6
1630.26,100.0,21782.3,,,,,100.0,100.0,8268.8
1631.26,0.0,21844.6,,,,,0.0,0.0,8265.4
1632.26,100.0,21861.6,,,,,100.0,100.0,8266.4
1633.27,100.0,21944.6,,,,,100.0,100.0,8274.5
1634.27,100.0,21903.3,,,,,100.0,100.0,8276.0
1635.27,0.0,21903.3,,,,,0.0,0.0,8276.0
1636.27,100.0,21861.7,,,,,100.0,100.0,8276.1
1637.27,100.0,21820.0,,,,,100.0,100.0,8276.1
1638.27,100.0,21719.8,,,,,100.0,100.0,8276.2
1639.27,0.0,21719.9,,,,,0.0,0.0,8257.5
1640.27,100.0,21761.5,,,,,100.0,100.0,8270.4
1641.27,0.0,21803.0,,,,,0.0,0.0,8256.5
1642.27,100.0,21803.0,,,,,100.0,100.0,8261.1
1643.27,100.0,21844.6,,,,,100.0,100.0,8272.3
1644.27,100.0,21944.6,,,,,100.0,100.0,8274.7
1645.27,0.0,21944.6,,,,,0.0,0.0,8274.7
1646.27,100.0,21903.3,,,,,100.0,100.0,8276.1
1647.27,100.0,21861.7,,,,,100.0,100.0,8276.3
1648.27,100.0,21820.0,,,,,100.0,100.0,8276.3
1649.27,0.0,21820.0,,,,,0.0,0.0,8276.3
1650.27,100.0,21719.9,,,,,100.0,100.0,8249.7
1651.27,0.0,21761.5,,,,,0.0,0.0,8257.0
1652.27,100.0,21782.3,,,,,100.0,100.0,8269.3
1653.27,100.0,21803.0,,,,,100.0,100.0,8256.7
1654.27,100.0,21803.0,,,,,100.0,100.0,8262.9
1655.27,0.0,21878.6,,,,,0.0,0.0,8272.3
1656.27,100.0,21944.6,,,,,100.0,100.0,8275.0
1657.27,100.0,21903.3,,,,,100.0,100.0,8276.4
1658.27,100.0,21861.7,,,,,100.0,100.0,8276.6
1659.27,0.0,21861.7,,,,,0.0,0.0,8276.6
1660.27,100.0,21820.0,,,,,100.0,100.0,8276.6
1661.27,100.0,21719.8,,,,,100.0,100.0,8257.3
1662.27,0.0,21761.5,,,,,0.0,0.0,8271.0
1663.27,100.0,21761.5,,,,,100.0,100.0,8271.3
1664.27,100.0,21761.5,,,,,100.0,100.0,8268.1
1665.27,0.0,21844.6,,,,,0.0,0.0,8272.7
1666.27,100.0,21844.6,,,,,100.0,100.0,8262.5
1667.27,100.0,21944.6,,,,,100.0,100.0,8275.1
1668.27,100.0,21903.3,,,,,100.0,100.0,8276.6
1669.27,0.0,21903.3,,,,,0.0,0.0,8276.6
1670.27,100.0,21861.7,,,,,100.0,100.0,8276.8
1671.27,100.0,21820.0,,,,,100.0,100.0,8276.8
1672.27,100.0,21719.8,,,,,100.0,100.0,8276.9
1673.27,0.0,21719.9,,,,,0.0,0.0,8257.9
1674.27,100.0,21761.5,,,,,100.0,100.0,8271.1
1675.27,0.0,21803.0,,,,,0.0,0.0,8257.9
1676.27,100.0,21803.0,,,,,100.0,100.0,8263.8
1677.27,100.0,21844.6,,,,,100.0,100.0,8272.9
1678.27,100.0,21944.6,,,,,100.0,100.0,8275.5
1679.27,0.0,21944.6,,,,,0.0,0.0,8275.5
1680.27,100.0,21903.3,,,,,100.0,100.0,8276.9
1681.27,100.0,21861.7,,,,,100.0,100.0,8277.1
1682.27,100.0,21820.0,,,,,100.0,100.0,8277.1
1683.27,0.0,21820.0,,,,,0.0,0.0,8277.1
1684.27,100.0,21719.9,,,,,100.0,100.0,8271.2
1685.27,0.0,21761.5,,,,,0.0,0.0,8257.3
1686.27,100.0,21761.5,,,,,100.0,100.0,8268.4
1687.27,100.0,21803.0,,,,,100.0,100.0,8255.6
1688.27,100.0,21803.0,,,,,100.0,100.0,8260.8
1689.27,0.0,21878.6,,,,,0.0,0.0,8272.9
1690.27,100.0,21944.6,,,,,100.0,100.0,8275.8
1691.27,100.0,21903.3,,,,,100.0,100.0,8277.2
1692.27,100.0,21861.7,,,,,100.0,100.0,8277.3
1693.27,0.0,21861.7,,,,,0.0,0.0,8277.3
1694.27,100.0,21820.0,,,,,100.0,100.0,8277.3
1695.27,100.0,21719.8,,,,,100.0,100.0,8257.4
1696.27,0.0,21759.6,,,,,0.0,0.0,8271.7
1697.27,100.0,21761.5,,,,,100.0,100.0,8265.3
1698.28,100.0,21782.3,,,,,100.0,100.0,8270.1
1699.28,0.0,21844.6,,,,,0.0,0.0,8265.9
1700.28,100.0,21844.6,,,,,100.0,100.0,8264.4
1701.28,100.0,21944.6,,,,,100.0,100.0,8276.0
1702.28,100.0,21903.3,,,,,100.0,100.0,8277.4
1703.28,0.0,21903.3,,,,,0.0,0.0,8277.4
1704.28,100.0,21861.7,,,,,100.0,100.0,8277.6
1705.28,100.0,21820.0,,,,,100.0,100.0,8277.6
1706.28,100.0,21719.8,,,,,100.0,100.0,8277.6
1707.28,0.0,21719.9,,,,,0.0,0.0,8257.7
1708.28,100.0,21740.7,,,,,100.0,100.0,8269.2
1709.28,0.0,21803.0,,,,,0.0,0.0,8272.9
1710.28,100.0,21803.0,,,,,100.0,100.0,8262.6
1711.28,100.0,21844.6,,,,,100.0,100.0,8273.7
1712.28,100.0,21944.6,,,,,100.0,100.0,8276.2
1713.28,0.0,21944.6,,,,,0.0,0.0,8276.2
1714.28,100.0,21903.3,,,,,100.0,100.0,8277.6
1715.28,100.0,21861.7,,,,,100.0,100.0,8277.8
1716.28,100.0,21820.0,,,,,100.0,100.0,8277.8
1717.28,0.0,21820.0,,,,,0.0,0.0,8277.8
1718.28,100.0,21719.9,,,,,100.0,100.0,8271.9
1719.28,0.0,21761.5,,,,,0.0,0.0,8256.5
1720.28,100.0,21761.5,,,,,100.0,100.0,8263.2
1721.28,100.0,21803.0,,,,,100.0,100.0,8253.9
1722.28,100.0,21803.0,,,,,100.0,100.0,8261.0
1723.28,0.0,21878.6,,,,,0.0,0.0,8273.5
1724.28,100.0,21944.6,,,,,100.0,100.0,8276.4
1725.28,100.0,21903.3,,,,,100.0,100.0,8277.9
1726.28,0.0,21903.3,,,,,0.0,0.0,8277.9
1727.28,100.0,21861.7,,,,,100.0,100.0,8278.0
1728.28,100.0,21820.0,,,,,100.0,100.0,8278.0
1729.28,100.0,21719.8,,,,,100.0,100.0,8278.2
1730.28,0.0,21740.7,,,,,0.0,0.0,8270.9
1731.28,100.0,21761.5,,,,,100.0,100.0,8272.5
1732.28,0.0,21803.0,,,,,0.0,0.0,8265.6
1733.28,100.0,21844.6,,,,,100.0,100.0,8264.8
1734.28,100.0,21844.6,,,,,100.0,100.0,8268.2
1735.28,100.0,21944.6,,,,,100.0,100.0,8276.7
1736.28,0.0,21944.6,,,,,0.0,0.0,8276.7
1737.28,100.0,21903.3,,,,,100.0,100.0,8278.1
1738.28,100.0,21861.7,,,,,100.0,100.0,8278.3
1739.28,100.0,21820.0,,,,,100.0,100.0,8278.3
1740.28,0.0,21820.0,,,,,0.0,0.0,8278.3
1741.28,100.0,21719.9,,,,,100.0,100.0,8257.7
1742.28,0.0,21782.3,,,,,0.0,0.0,8269.1
1743.28,100.0,21803.0,,,,,100.0,100.0,8273.5
1744.28,100.0,21803.0,,,,,100.0,100.0,8262.9
1745.28,100.0,21823.8,,,,,100.0,100.0,8273.4
1746.28,0.0,21878.6,,,,,0.0,0.0,8274.2
1747.28,100.0,21944.6,,,,,100.0,100.0,8276.8
1748.28,100.0,21903.3,,,,,100.0,100.0,8278.2
1749.28,100.0,21861.7,,,,,100.0,100.0,8278.4
1750.28,0.0,21861.7,,,,,0.0,0.0,8278.4
1751.28,100.0,21820.0,,,,,100.0,100.0,8278.4
1752.28,100.0,21685.8,,,,,100.0,100.0,8269.2
1753.28,0.0,21761.5,,,,,0.0,0.0,8258.1
1754.28,100.0,21761.5,,,,,100.0,100.0,8266.6
1755.28,100.0,21803.0,,,,,100.0,100.0,8256.6
1756.28,0.0,21844.6,,,,,0.0,0.0,8265.3
1757.28,100.0,21861.6,,,,,100.0,100.0,8270.9
1758.28,100.0,21944.6,,,,,100.0,100.0,8277.1
1759.28,100.0,21903.3,,,,,100.0,100.0,8278.6
1760.28,0.0,21903.3,,,,,0.0,0.0,8278.6
1761.28,100.0,21861.7,,,,,100.0,100.0,8278.8
1762.29,100.0,21820.0,,,,,100.0,100.0,8278.8
1763.29,100.0,21719.8,,,,,100.0,100.0,8278.9
1764.29,0.0,21740.7,,,,,0.0,0.0,8269.9
1765.29,100.0,21761.5,,,,,100.0,100.0,8264.7
1766.29,0.0,21803.0,,,,,0.0,0.0,8263.4
1767.29,100.0,21844.6,,,,,100.0,100.0,8265.3
1768.29,100.0,21844.6,,,,,100.0,100.0,8268.8
1769.29,100.0,21944.6,,,,,100.0,100.0,8277.2
1770.29,0.0,21944.6,,,,,0.0,0.0,8277.2
1771.29,100.0,21903.3,,,,,100.0,100.0,8278.7
1772.29,100.0,21861.7,,,,,100.0,100.0,8278.8
1773.29,100.0,21820.0,,,,,100.0,100.0,8278.8
1774.29,0.0,21820.0,,,,,0.0,0.0,8278.8
1775.29,100.0,21719.9,,,,,100.0,100.0,8257.8
1776.29,0.0,21761.5,,,,,0.0,0.0,8265.6
1777.29,100.0,21803.0,,,,,100.0,100.0,8274.1
1778.29,100.0,21803.0,,,,,100.0,100.0,8264.8
1779.29,100.0,21823.8,,,,,100.0,100.0,8265.8
1780.29,0.0,21878.6,,,,,0.0,0.0,8274.9
1781.29,100.0,21944.6,,,,,100.0,100.0,8277.5
1782.29,100.0,21903.3,,,,,100.0,100.0,8279.0
1783.29,100.0,21861.7,,,,,100.0,100.0,8279.2
1784.29,0.0,21861.7,,,,,0.0,0.0,8279.2
1785.29,100.0,21820.0,,,,,100.0,100.0,8279.2
1786.29,100.0,21719.8,,,,,100.0,100.0,8268.2
1787.29,0.0,21761.5,,,,,0.0,0.0,8256.6
1788.29,100.0,21761.5,,,,,100.0,100.0,8263.2
1789.29,100.0,21803.0,,,,,100.0,100.0,8274.2
1790.29,0.0,21844.6,,,,,0.0,0.0,8260.6
1791.29,100.0,21844.6,,,,,100.0,100.0,8272.7
1792.29,100.0,21944.6,,,,,100.0,100.0,8277.6
1793.29,100.0,21903.3,,,,,100.0,100.0,8279.2
1794.29,0.0,21903.3,,,,,0.0,0.0,8279.2
1795.29,100.0,21861.7,,,,,100.0,100.0,8279.3
1796.29,100.0,21820.0,,,,,100.0,100.0,8279.3
1797.29,100.0,21719.8,,,,,100.0,100.0,8279.5
1798.29,0.0,21719.9,,,,,0.0,0.0,8268.0
1799.29,100.0,21761.5,,,,,100.0,100.0,8273.8
1800.29,0.0,21803.0,,,,,0.0,0.0,8262.4
1801.29,100.0,21844.6,,,,,100.0,100.0,8265.0
1802.29,100.0,21844.6,,,,,100.0,100.0,8268.2
1803.29,100.0,21944.6,,,,,100.0,100.0,8277.8
1804.29,0.0,21944.6,,,,,0.0,0.0,8277.8
1805.29,100.0,21903.3,,,,,100.0,100.0,8279.2
1806.29,100.0,21861.7,,,,,100.0,100.0,8279.4
1807.29,100.0,21820.0,,,,,100.0,100.0,8279.4
1808.29,0.0,21820.0,,,,,0.0,0.0,8279.4
1809.29,100.0,21719.9,,,,,100.0,100.0,8273.6
1810.29,0.0,21761.5,,,,,0.0,0.0,8265.0
1811.29,100.0,21803.0,,,,,100.0,100.0,8274.7
1812.29,100.0,21803.0,,,,,100.0,100.0,8262.6
1813.29,100.0,21840.8,,,,,100.0,100.0,8275.1
1814.29,0.0,21878.6,,,,,0.0,0.0,8275.5
1815.29,100.0,21944.6,,,,,100.0,100.0,8278.1
1816.29,100.0,21903.3,,,,,100.0,100.0,8279.6
1817.29,100.0,21861.7,,,,,100.0,100.0,8279.7
1818.29,0.0,21861.7,,,,,0.0,0.0,8279.7
1819.3,100.0,21820.0,,,,,100.0,100.0,8279.8
1820.3,100.0,21719.8,,,,,100.0,100.0,8266.8
1821.3,0.0,21761.5,,,,,0.0,0.0,8257.1
1822.3,100.0,21761.5,,,,,100.0,100.0,8263.4
1823.3,100.0,21803.0,,,,,100.0,100.0,8274.9
1824.3,0.0,21844.6,,,,,0.0,0.0,8262.5
1825.3,100.0,21861.6,,,,,100.0,100.0,8272.2
1826.3,100.0,21944.6,,,,,100.0,100.0,8278.3
1827.3,100.0,21903.3,,,,,100.0,100.0,8279.9
1828.3,0.0,21903.3,,,,,0.0,0.0,8279.9
1829.3,100.0,21861.7,,,,,100.0,100.0,8280.0
1830.3,100.0,21820.0,,,,,100.0,100.0,8280.0
1831.3,100.0,21719.8,,,,,100.0,100.0,8280.2
1832.3,0.0,21719.9,,,,,0.0,0.0,8266.5
1833.3,100.0,21761.5,,,,,100.0,100.0,8255.5
1834.3,0.0,21803.0,,,,,0.0,0.0,8262.0
1835.3,100.0,21844.6,,,,,100.0,100.0,8265.4
1836.3,100.0,21844.6,,,,,100.0,100.0,8268.4
1837.3,100.0,21944.6,,,,,100.0,100.0,8278.4
1838.3,0.0,21944.6,,,,,0.0,0.0,8278.4
1839.3,100.0,21903.3,,,,,100.0,100.0,8279.9
1840.3,100.0,21861.7,,,,,100.0,100.0,8280.0
1841.3,100.0,21820.0,,,,,100.0,100.0,8280.0
1842.3,0.0,21820.0,,,,,0.0,0.0,8280.0
1843.3,100.0,21719.9,,,,,100.0,100.0,8274.7
1844.3,0.0,21761.5,,,,,0.0,0.0,8266.0
1845.3,100.0,21803.0,,,,,100.0,100.0,8275.6
1846.3,100.0,21803.0,,,,,100.0,100.0,8263.5
1847.3,100.0,21844.6,,,,,100.0,100.0,8276.3
1848.3,0.0,21878.6,,,,,0.0,0.0,8276.3
1849.3,100.0,21944.6,,,,,100.0,100.0,8278.9
1850.3,100.0,21903.3,,,,,100.0,100.0,8280.2
1851.3,100.0,21861.7,,,,,100.0,100.0,8280.4
1852.3,0.0,21861.7,,,,,0.0,0.0,8280.4
1853.3,100.0,21820.0,,,,,100.0,100.0,8280.4
1854.3,100.0,21719.8,,,,,100.0,100.0,8265.4
1855.3,0.0,21761.5,,,,,0.0,0.0,8257.7
1856.3,100.0,21761.5,,,,,100.0,100.0,8263.7
1857.3,100.0,21803.0,,,,,100.0,100.0,8275.8
1858.3,0.0,21844.6,,,,,0.0,0.0,8263.2
1859.3,100.0,21878.6,,,,,100.0,100.0,8276.1
1860.3,100.0,21944.6,,,,,100.0,100.0,8279.0
1861.3,100.0,21903.3,,,,,100.0,100.0,8280.4
1862.3,0.0,21903.3,,,,,0.0,0.0,8280.4
1863.3,100.0,21861.7,,,,,100.0,100.0,8280.6
1864.3,100.0,21820.0,,,,,100.0,100.0,8280.6
1865.3,100.0,21719.8,,,,,100.0,100.0,8280.9
1866.3,0.0,21719.9,,,,,0.0,0.0,8266.7
1867.3,100.0,21761.5,,,,,100.0,100.0,8256.2
1868.3,0.0,21803.0,,,,,0.0,0.0,8263.2
1869.3,100.0,21844.6,,,,,100.0,100.0,8256.3
1870.3,100.0,21844.6,,,,,100.0,100.0,8262.1
1871.3,100.0,21944.6,,,,,100.0,100.0,8279.2
1872.3,0.0,21944.6,,,,,0.0,0.0,8279.2
1873.3,100.0,21903.3,,,,,100.0,100.0,8280.7
1874.3,100.0,21861.7,,,,,100.0,100.0,8280.9
1875.3,100.0,21820.0,,,,,100.0,100.0,8280.9
1876.3,0.0,21820.0,,,,,0.0,0.0,8280.9
1877.3,100.0,21719.9,,,,,100.0,100.0,8275.3
1878.3,0.0,21761.5,,,,,0.0,0.0,8265.1
1879.3,100.0,21803.0,,,,,100.0,100.0,8276.2
1880.3,100.0,21803.0,,,,,100.0,100.0,8263.0
1881.3,100.0,21844.6,,,,,100.0,100.0,8276.9
1882.3,0.0,21878.6,,,,,0.0,0.0,8277.0
1883.31,100.0,21944.6,,,,,100.0,100.0,8279.6
1884.31,100.0,21903.3,,,,,100.0,100.0,8280.9
1885.31,100.0,21861.7,,,,,100.0,100.0,8281.1
1886.31,0.0,21861.7,,,,,0.0,0.0,8281.1
1887.31,100.0,21820.0,,,,,100.0,100.0,8281.1
1888.31,100.0,21719.8,,,,,100.0,100.0,8264.5
1889.31,0.0,21761.5,,,,,0.0,0.0,8275.6
1890.31,100.0,21761.5,,,,,100.0,100.0,8263.0
1891.31,100.0,21803.0,,,,,100.0,100.0,8276.4
1892.31,0.0,21844.6,,,,,0.0,0.0,8262.5
1893.31,100.0,21861.6,,,,,100.0,100.0,8272.4
1894.31,100.0,21944.6,,,,,100.0,100.0,8279.7
1895.31,100.0,21903.3,,,,,100.0,100.0,8281.2
1896.31,0.0,21903.3,,,,,0.0,0.0,8281.2
1897.31,100.0,21861.7,,,,,100.0,100.0,8281.3
1898.31,100.0,21820.0,,,,,100.0,100.0,8281.3
1899.31,100.0,21719.8,,,,,100.0,100.0,8281.5
1900.31,0.0,21719.9,,,,,0.0,0.0,8264.7
1901.31,100.0,21761.5,,,,,100.0,100.0,8256.2
1902.31,0.0,21803.0,,,,,0.0,0.0,8263.6
1903.31,100.0,21844.6,,,,,100.0,100.0,8277.4
1904.31,100.0,21844.6,,,,,100.0,100.0,8262.9
1905.31,100.0,21944.6,,,,,100.0,100.0,8280.1
1906.31,0.0,21944.6,,,,,0.0,0.0,8280.1
1907.31,100.0,21903.3,,,,,100.0,100.0,8281.4
1908.31,100.0,21861.7,,,,,100.0,100.0,8281.5
1909.31,100.0,21820.0,,,,,100.0,100.0,8281.5
1910.31,0.0,21820.0,,,,,0.0,0.0,8281.5
1911.31,100.0,21719.9,,,,,100.0,100.0,8275.8
1912.31,0.0,21761.5,,,,,0.0,0.0,8264.1
1913.31,100.0,21803.0,,,,,100.0,100.0,8276.8
1914.31,100.0,21803.0,,,,,100.0,100.0,8276.8
1915.31,100.0,21823.8,,,,,100.0,100.0,8274.2
1916.31,0.0,21878.6,,,,,0.0,0.0,8277.5
1917.31,100.0,21944.6,,,,,100.0,100.0,8280.1
1918.31,100.0,21903.3,,,,,100.0,100.0,8281.6
1919.31,100.0,21861.7,,,,,100.0,100.0,8281.8
1920.31,0.0,21861.7,,,,,0.0,0.0,8281.8
1921.31,100.0,21820.0,,,,,100.0,100.0,8281.8
1922.31,100.0,21719.8,,,,,100.0,100.0,8264.0
1923.31,0.0,21761.5,,,,,0.0,0.0,8276.4
1924.31,100.0,21761.5,,,,,100.0,100.0,8263.9
1925.31,100.0,21803.0,,,,,100.0,100.0,8277.0
1926.31,0.0,21844.6,,,,,0.0,0.0,8264.0
1927.31,100.0,21844.6,,,,,100.0,100.0,8272.3
1928.31,100.0,21944.6,,,,,100.0,100.0,8280.4
1929.31,100.0,21903.3,,,,,100.0,100.0,8281.8
1930.31,0.0,21903.3,,,,,0.0,0.0,8281.8
1931.31,100.0,21861.7,,,,,100.0,100.0,8282.0
1932.31,100.0,21820.0,,,,,100.0,100.0,8282.0
1933.31,100.0,21719.8,,,,,100.0,100.0,8282.1
1934.31,0.0,21719.9,,,,,0.0,0.0,8263.4
1935.31,100.0,21761.5,,,,,100.0,100.0,8255.6
1936.31,0.0,21803.0,,,,,0.0,0.0,8262.4
1937.31,100.0,21823.8,,,,,100.0,100.0,8273.3
1938.31,100.0,21844.6,,,,,100.0,100.0,8261.8
1939.31,100.0,21944.6,,,,,100.0,100.0,8280.5
1940.31,0.0,21944.6,,,,,0.0,0.0,8280.5
1941.31,100.0,21903.3,,,,,100.0,100.0,8282.0
1942.31,100.0,21861.7,,,,,100.0,100.0,8282.2
1943.31,100.0,21820.0,,,,,100.0,100.0,8282.2
1944.31,0.0,21820.0,,,,,0.0,0.0,8282.2
1945.31,100.0,21719.9,,,,,100.0,100.0,8276.6
1946.31,0.0,21761.5,,,,,0.0,0.0,8264.6
1947.31,100.0,21803.0,,,,,100.0,100.0,8277.4
1948.31,100.0,21803.0,,,,,100.0,100.0,8277.6
1949.32,100.0,21803.0,,,,,100.0,100.0,8268.2
1950.32,0.0,21878.6,,,,,0.0,0.0,8278.1
1951.32,100.0,21944.6,,,,,100.0,100.0,8280.9
1952.32,100.0,21903.3,,,,,100.0,100.0,8282.3
1953.32,100.0,21861.7,,,,,100.0,100.0,8282.5
1954.32,0.0,21861.7,,,,,0.0,0.0,8282.5
1955.32,100.0,21820.0,,,,,100.0,100.0,8282.5
1956.32,100.0,21719.8,,,,,100.0,100.0,8262.9
1957.32,0.0,21761.5,,,,,0.0,0.0,8276.8
1958.32,100.0,21761.5,,,,,100.0,100.0,8264.0
1959.32,100.0,21782.3,,,,,100.0,100.0,8276.0
1960.32,0.0,21844.6,,,,,0.0,0.0,8262.9
1961.32,100.0,21844.6,,,,,100.0,100.0,8269.1
1962.32,100.0,21944.6,,,,,100.0,100.0,8280.9
1963.32,100.0,21903.3,,,,,100.0,100.0,8282.6
1964.32,0.0,21903.3,,,,,0.0,0.0,8282.6
1965.32,100.0,21861.7,,,,,100.0,100.0,8282.7
1966.32,100.0,21820.0,,,,,100.0,100.0,8282.7
1967.32,100.0,21719.8,,,,,100.0,100.0,8255.5
1968.32,0.0,21719.9,,,,,0.0,0.0,8263.3
1969.32,100.0,21761.5,,,,,100.0,100.0,8277.0
1970.32,0.0,21803.0,,,,,0.0,0.0,8262.9
1971.32,100.0,21803.0,,,,,100.0,100.0,8274.5
1972.32,100.0,21844.6,,,,,100.0,100.0,8261.5
1973.32,100.0,21944.6,,,,,100.0,100.0,8281.4
1974.32,0.0,21944.6,,,,,0.0,0.0,8281.4
1975.32,100.0,21903.3,,,,,100.0,100.0,8282.9
1976.32,100.0,21861.7,,,,,100.0,100.0,8283.1
1977.32,100.0,21820.0,,,,,100.0,100.0,8283.1
1978.32,0.0,21820.0,,,,,0.0,0.0,8283.1
1979.32,100.0,21719.9,,,,,100.0,100.0,8277.2
1980.32,0.0,21761.5,,,,,0.0,0.0,8263.8
1981.32,100.0,21803.0,,,,,100.0,100.0,8278.1
1982.32,100.0,21803.0,,,,,100.0,100.0,8271.0
1983.32,100.0,21823.8,,,,,100.0,100.0,8276.7
1984.32,0.0,21878.6,,,,,0.0,0.0,8278.9
1985.32,100.0,21944.6,,,,,100.0,100.0,8281.5
1986.32,100.0,21903.3,,,,,100.0,100.0,8283.1
1987.32,100.0,21861.7,,,,,100.0,100.0,8283.2
1988.32,0.0,21861.7,,,,,0.0,0.0,8283.2
1989.32,100.0,21820.0,,,,,100.0,100.0,8283.2
1990.32,100.0,21719.8,,,,,100.0,100.0,8263.1
1991.32,0.0,21761.5,,,,,0.0,0.0,8277.3
1992.32,100.0,21761.5,,,,,100.0,100.0,8263.7
1993.32,100.0,21782.3,,,,,100.0,100.0,8276.1
1994.32,0.0,21844.6,,,,,0.0,0.0,8279.4
1995.32,100.0,21844.6,,,,,100.0,100.0,8269.9
1996.32,100.0,21944.6,,,,,100.0,100.0,8281.8
1997.32,100.0,21903.3,,,,,100.0,100.0,8283.3
1998.32,0.0,21903.3,,,,,0.0,0.0,8283.3
1999.32,100.0,21861.7,,,,,100.0,100.0,8283.5
2000.32,100.0,21820.0,,,,,100.0,100.0,8283.5
2001.32,100.0,21719.8,,,,,100.0,100.0,8255.5
2002.32,0.0,21719.9,,,,,0.0,0.0,8262.9
2003.32,100.0,21761.5,,,,,100.0,100.0,8277.8
2004.32,0.0,21803.0,,,,,0.0,0.0,8262.2
2005.32,100.0,21803.0,,,,,100.0,100.0,8271.4
2006.32,100.0,21844.6,,,,,100.0,100.0,8261.2
2007.32,100.0,21944.6,,,,,100.0,100.0,8282.0
2008.32,0.0,21944.6,,,,,0.0,0.0,8282.0
2009.32,100.0,21903.3,,,,,100.0,100.0,8283.6
2010.32,100.0,21861.7,,,,,100.0,100.0,8283.8
2011.32,100.0,21820.0,,,,,100.0,100.0,8283.8
2012.32,0.0,21820.0,,,,,0.0,0.0,8283.8
2013.32,100.0,21719.9,,,,,100.0,100.0,8277.9
2014.32,0.0,21761.5,,,,,0.0,0.0,8278.1
2015.33,100.0,21782.3,,,,,100.0,100.0,8277.7
2016.33,100.0,21803.0,,,,,100.0,100.0,8279.0
2017.33,100.0,21803.0,,,,,100.0,100.0,8270.8
2018.33,0.0,21878.6,,,,,0.0,0.0,8279.6
2019.33,100.0,21944.6,,,,,100.0,100.0,8282.2
2020.33,100.0,21903.3,,,,,100.0,100.0,8283.8
2021.33,100.0,21861.7,,,,,100.0,100.0,8283.9
2022.33,0.0,21861.7,,,,,0.0,0.0,8283.9
2023.33,100.0,21820.0,,,,,100.0,100.0,8283.9
2024.33,100.0,21719.8,,,,,100.0,100.0,8264.0
2025.33,0.0,21761.5,,,,,0.0,0.0,8278.3
2026.33,100.0,21761.5,,,,,100.0,100.0,8264.0
2027.33,100.0,21761.5,,,,,100.0,100.0,8275.2
2028.33,0.0,21844.6,,,,,0.0,0.0,8279.8
2029.33,100.0,21844.6,,,,,100.0,100.0,8269.9
2030.33,100.0,21944.6,,,,,100.0,100.0,8282.3
2031.33,100.0,21903.3,,,,,100.0,100.0,8283.9
2032.33,0.0,21903.3,,,,,0.0,0.0,8283.9
2033.33,100.0,21861.7,,,,,100.0,100.0,8284.0
2034.33,100.0,21820.0,,,,,100.0,100.0,8284.0
2035.33,100.0,21719.8,,,,,100.0,100.0,8255.6
2036.33,0.0,21719.9,,,,,0.0,0.0,8263.4
2037.33,100.0,21761.5,,,,,100.0,100.0,8278.3
2038.33,0.0,21803.0,,,,,0.0,0.0,8264.0
2039.33,100.0,21803.0,,,,,100.0,100.0,8273.1
2040.33,100.0,21844.6,,,,,100.0,100.0,8261.4
2041.33,100.0,21944.6,,,,,100.0,100.0,8282.7
2042.33,0.0,21944.6,,,,,0.0,0.0,8282.7
2043.33,100.0,21903.3,,,,,100.0,100.0,8284.3
2044.33,100.0,21861.7,,,,,100.0,100.0,8284.4
2045.33,100.0,21820.0,,,,,100.0,100.0,8284.4
2046.33,0.0,21820.0,,,,,0.0,0.0,8284.4
2047.33,100.0,21719.9,,,,,100.0,100.0,8278.5
2048.33,0.0,21761.5,,,,,0.0,0.0,8264.0
2049.33,100.0,21761.5,,,,,100.0,100.0,8276.7
2050.33,100.0,21803.0,,,,,100.0,100.0,8279.8
2051.33,100.0,21803.0,,,,,100.0,100.0,8268.7
2052.33,0.0,21878.6,,,,,0.0,0.0,8280.1
2053.33,100.0,21944.6,,,,,100.0,100.0,8282.7
2054.33,100.0,21903.3,,,,,100.0,100.0,8284.3
2055.33,100.0,21861.7,,,,,100.0,100.0,8284.4
2056.33,0.0,21861.7,,,,,0.0,0.0,8284.4
2057.33,100.0,21820.0,,,,,100.0,100.0,8284.4
2058.33,100.0,21719.8,,,,,100.0,100.0,8264.5
2059.33,0.0,21761.5,,,,,0.0,0.0,8278.8
2060.33,100.0,21761.5,,,,,100.0,100.0,8264.6
2061.33,100.0,21761.5,,,,,100.0,100.0,8273.9
2062.33,0.0,21844.6,,,,,0.0,0.0,8280.8
2063.33,100.0,21844.6,,,,,100.0,100.0,8268.2
2064.33,100.0,21944.6,,,,,100.0,100.0,8283.3
2065.33,100.0,21903.3,,,,,100.0,100.0,8284.9
2066.33,0.0,21903.3,,,,,0.0,0.0,8284.9
2067.33,100.0,21861.7,,,,,100.0,100.0,8285.1
2068.33,100.0,21820.0,,,,,100.0,100.0,8285.1
2069.33,100.0,21719.8,,,,,100.0,100.0,8285.2
2070.33,0.0,21719.9,,,,,0.0,0.0,8263.9
2071.33,100.0,21740.7,,,,,100.0,100.0,8278.4
2072.33,0.0,21803.0,,,,,0.0,0.0,8264.8
2073.33,100.0,21803.0,,,,,100.0,100.0,8271.2
2074.33,100.0,21844.6,,,,,100.0,100.0,8281.2
2075.33,100.0,21944.6,,,,,100.0,100.0,8283.6
2076.33,0.0,21944.6,,,,,0.0,0.0,8283.6
2077.33,100.0,21903.3,,,,,100.0,100.0,8285.2
2078.33,100.0,21861.7,,,,,100.0,100.0,8285.4
2079.33,100.0,21820.0,,,,,100.0,100.0,8285.4
2080.33,0.0,21820.0,,,,,0.0,0.0,8285.4
2081.34,100.0,21719.9,,,,,100.0,100.0,8279.5
2082.34,0.0,21761.5,,,,,0.0,0.0,8272.0
2083.34,100.0,21761.5,,,,,100.0,100.0,8265.0
2084.34,100.0,21782.3,,,,,100.0,100.0,8276.2
2085.34,100.0,21803.0,,,,,100.0,100.0,8266.1
2086.34,0.0,21844.6,,,,,0.0,0.0,8271.5
2087.34,100.0,21944.6,,,,,100.0,100.0,8282.4
2088.34,100.0,21903.3,,,,,100.0,100.0,8283.9
2089.34,100.0,21861.7,,,,,100.0,100.0,8284.0
2090.34,0.0,21861.7,,,,,0.0,0.0,8284.0
2091.34,100.0,21820.0,,,,,100.0,100.0,8284.0
2092.34,100.0,21719.8,,,,,100.0,100.0,8264.5
2093.34,0.0,21760.0,,,,,0.0,0.0,8278.1
2094.34,100.0,21761.5,,,,,100.0,100.0,8278.4
2095.34,100.0,21761.5,,,,,100.0,100.0,8271.2
2096.34,0.0,21844.6,,,,,0.0,0.0,8280.0
2097.34,100.0,21844.6,,,,,100.0,100.0,8270.2
2098.34,100.0,21944.6,,,,,100.0,100.0,8282.5
2099.34,100.0,21903.3,,,,,100.0,100.0,8284.1
2100.34,0.0,21903.3,,,,,0.0,0.0,8284.1
2101.34,100.0,21861.7,,,,,100.0,100.0,8284.2
2102.34,100.0,21820.0,,,,,100.0,100.0,8284.2
2103.34,100.0,21719.8,,,,,100.0,100.0,8284.3
2104.34,0.0,21719.9,,,,,0.0,0.0,8265.0
2105.34,100.0,21761.5,,,,,100.0,100.0,8278.4
2106.34,0.0,21803.0,,,,,0.0,0.0,8266.1
2107.34,100.0,21803.0,,,,,100.0,100.0,8274.8
2108.34,100.0,21844.6,,,,,100.0,100.0,8280.4
2109.34,100.0,21944.6,,,,,100.0,100.0,8282.8
2110.34,0.0,21944.6,,,,,0.0,0.0,8282.8
2111.34,100.0,21903.3,,,,,100.0,100.0,8284.3
2112.34,100.0,21861.7,,,,,100.0,100.0,8284.5
2113.34,100.0,21820.0,,,,,100.0,100.0,8284.5
2114.34,0.0,21820.0,,,,,0.0,0.0,8284.5
2115.34,100.0,21719.9,,,,,100.0,100.0,8278.7
2116.34,0.0,21761.5,,,,,0.0,0.0,8265.1
2117.34,100.0,21782.3,,,,,100.0,100.0,8276.1
2118.34,100.0,21803.0,,,,,100.0,100.0,8264.3
2119.34,100.0,21803.0,,,,,100.0,100.0,8273.0
2120.34,0.0,21878.6,,,,,0.0,0.0,8280.2
2121.34,100.0,21944.6,,,,,100.0,100.0,8283.0
2122.34,100.0,21903.3,,,,,100.0,100.0,8284.6
2123.34,100.0,21861.7,,,,,100.0,100.0,8284.8
2124.34,0.0,21861.7,,,,,0.0,0.0,8284.8
2125.34,100.0,21820.0,,,,,100.0,100.0,8284.8
2126.34,100.0,21719.8,,,,,100.0,100.0,8265.5
2127.34,0.0,21761.5,,,,,0.0,0.0,8279.2
2128.34,100.0,21761.5,,,,,100.0,100.0,8279.7
2129.34,100.0,21761.5,,,,,100.0,100.0,8273.6
2130.34,0.0,21844.6,,,,,0.0,0.0,8280.9
2131.34,100.0,21844.6,,,,,100.0,100.0,8270.7
2132.34,100.0,21944.6,,,,,100.0,100.0,8283.4
2133.34,100.0,21903.1,,,,,100.0,100.0,8284.6
2134.34,0.0,21903.3,,,,,0.0,0.0,8284.9
2135.34,100.0,21861.7,,,,,100.0,100.0,8285.1
2136.34,100.0,21820.0,,,,,100.0,100.0,8285.1
2137.34,0.0,21820.0,,,,,0.0,0.0,8285.1
2138.34,100.0,21719.9,,,,,100.0,100.0,8265.9
2139.34,100.0,21740.7,,,,,100.0,100.0,8275.3
2140.34,0.0,21803.0,,,,,0.0,0.0,8264.2
2141.34,100.0,21803.0,,,,,100.0,100.0,8269.2
2142.34,100.0,21844.6,,,,,100.0,100.0,8281.1
2143.34,100.0,21841.3,,,,,100.0,100.0,8281.7
2144.34,0.0,21944.6,,,,,0.0,0.0,8283.7
2145.34,100.0,21903.3,,,,,100.0,100.0,8285.3
2146.35,100.0,21861.7,,,,,100.0,100.0,8285.4
2147.35,0.0,21861.7,,,,,0.0,0.0,8285.4
2148.35,100.0,21820.0,,,,,100.0,100.0,8285.4
2149.35,100.0,21719.9,,,,,100.0,100.0,8279.2
2150.35,0.0,21761.5,,,,,0.0,0.0,8265.4
2151.35,100.0,21761.5,,,,,100.0,100.0,8273.8
2152.35,100.0,21803.0,,,,,100.0,100.0,8263.2
2153.35,0.0,21844.6,,,,,0.0,0.0,8270.3
2154.35,100.0,21878.6,,,,,100.0,100.0,8281.5
2155.35,100.0,21944.6,,,,,100.0,100.0,8284.3
2156.35,100.0,21903.3,,,,,100.0,100.0,8285.7
2157.35,0.0,21903.3,,,,,0.0,0.0,8285.7
2158.35,100.0,21861.7,,,,,100.0,100.0,8285.9
2159.35,100.0,21820.0,,,,,100.0,100.0,8285.9
2160.35,100.0,21719.8,,,,,100.0,100.0,8266.1
2161.35,0.0,21740.7,,,,,0.0,0.0,8277.2
2162.35,100.0,21761.5,,,,,100.0,100.0,8280.2
2163.35,0.0,21803.0,,,,,0.0,0.0,8271.2
2164.35,100.0,21844.6,,,,,100.0,100.0,8281.7
2165.35,100.0,21844.6,,,,,100.0,100.0,8269.6
2166.35,100.0,21944.6,,,,,100.0,100.0,8284.3
2167.35,0.0,21944.6,,,,,0.0,0.0,8284.3
2168.35,100.0,21903.3,,,,,100.0,100.0,8285.8
2169.35,100.0,21861.7,,,,,100.0,100.0,8286.0
2170.35,100.0,21820.0,,,,,100.0,100.0,8286.0
2171.35,0.0,21820.0,,,,,0.0,0.0,8286.0
2172.35,100.0,21719.9,,,,,100.0,100.0,8266.3
2173.35,0.0,21761.5,,,,,0.0,0.0,8275.2
2174.35,100.0,21803.0,,,,,100.0,100.0,8281.3
2175.35,100.0,21803.0,,,,,100.0,100.0,8270.5
2176.35,100.0,21844.6,,,,,100.0,100.0,8282.2
2177.35,0.0,21878.6,,,,,0.0,0.0,8282.1
2178.35,100.0,21944.6,,,,,100.0,100.0,8284.8
2179.35,100.0,21903.3,,,,,100.0,100.0,8286.3
2180.35,100.0,21861.7,,,,,100.0,100.0,8286.4
2181.35,0.0,21861.7,,,,,0.0,0.0,8286.4
2182.35,100.0,21820.0,,,,,100.0,100.0,8286.4
2183.35,100.0,21702.8,,,,,100.0,100.0,8276.3
2184.35,0.0,21761.5,,,,,0.0,0.0,8267.5
2185.35,100.0,21761.5,,,,,100.0,100.0,8276.1
2186.35,100.0,21803.0,,,,,100.0,100.0,8267.4
2187.35,0.0,21844.6,,,,,0.0,0.0,8272.2
2188.35,100.0,21878.6,,,,,100.0,100.0,8282.2
2189.35,100.0,21944.6,,,,,100.0,100.0,8285.0
2190.35,100.0,21903.3,,,,,100.0,100.0,8286.5
2191.35,0.0,21903.3,,,,,0.0,0.0,8286.5
2192.35,100.0,21861.7,,,,,100.0,100.0,8286.6
2193.35,100.0,21820.0,,,,,100.0,100.0,8286.7
2194.35,100.0,21719.8,,,,,100.0,100.0,8286.8
2195.35,0.0,21719.9,,,,,0.0,0.0,8277.1
2196.35,100.0,21761.5,,,,,100.0,100.0,8281.2
2197.35,0.0,21803.0,,,,,0.0,0.0,8272.5
2198.35,100.0,21844.6,,,,,100.0,100.0,8282.8
2199.35,100.0,21844.6,,,,,100.0,100.0,8282.9
2200.35,100.0,21944.6,,,,,100.0,100.0,8285.2
2201.35,0.0,21944.6,,,,,0.0,0.0,8285.2
2202.35,100.0,21903.3,,,,,100.0,100.0,8286.7
2203.35,100.0,21861.7,,,,,100.0,100.0,8286.9
2204.35,100.0,21820.0,,,,,100.0,100.0,8286.9
2205.35,0.0,21820.0,,,,,0.0,0.0,8286.9
2206.35,100.0,21719.9,,,,,100.0,100.0,8267.3
2207.35,0.0,21761.5,,,,,0.0,0.0,8274.0
2208.35,100.0,21803.0,,,,,100.0,100.0,8282.2
2209.36,100.0,21803.0,,,,,100.0,100.0,8271.3
2210.36,100.0,21844.6,,,,,100.0,100.0,8282.9
2211.36,0.0,21878.6,,,,,0.0,0.0,8282.9
2212.36,100.0,21944.6,,,,,100.0,100.0,8285.4
2213.36,100.0,21903.3,,,,,100.0,100.0,8287.1
2214.36,100.0,21861.7,,,,,100.0,100.0,8287.2
2215.36,0.0,21861.7,,,,,0.0,0.0,8287.2
2216.36,100.0,21820.0,,,,,100.0,100.0,8287.3
2217.36,100.0,21719.8,,,,,100.0,100.0,8276.2
2218.36,0.0,21761.5,,,,,0.0,0.0,8268.0
2219.36,100.0,21761.5,,,,,100.0,100.0,8272.7
2220.36,100.0,21803.0,,,,,100.0,100.0,8264.9
2221.36,0.0,21844.6,,,,,0.0,0.0,8271.1
2222.36,100.0,21861.6,,,,,100.0,100.0,8281.5
2223.36,100.0,21944.6,,,,,100.0,100.0,8285.9
2224.36,100.0,21903.3,,,,,100.0,100.0,8287.3
2225.36,0.0,21903.3,,,,,0.0,0.0,8287.3
2226.36,100.0,21861.7,,,,,100.0,100.0,8287.5
2227.36,100.0,21820.0,,,,,100.0,100.0,8287.5
2228.36,100.0,21719.8,,,,,100.0,100.0,8287.7
2229.36,0.0,21719.9,,,,,0.0,0.0,8277.0
2230.36,100.0,21761.5,,,,,100.0,100.0,8282.3
2231.36,0.0,21803.0,,,,,0.0,0.0,8271.9
2232.36,100.0,21844.6,,,,,100.0,100.0,8283.5
2233.36,100.0,21844.6,,,,,100.0,100.0,8270.4
2234.36,100.0,21944.6,,,,,100.0,100.0,8286.1
2235.36,0.0,21944.6,,,,,0.0,0.0,8286.1
2236.36,100.0,21903.3,,,,,100.0,100.0,8287.5
2237.36,100.0,21861.7,,,,,100.0,100.0,8287.7
2238.36,100.0,21820.0,,,,,100.0,100.0,8287.7
2239.36,0.0,21820.0,,,,,0.0,0.0,8287.7
2240.36,100.0,21719.9,,,,,100.0,100.0,8267.9
2241.36,0.0,21761.5,,,,,0.0,0.0,8275.4
2242.36,100.0,21803.0,,,,,100.0,100.0,8283.1
2243.36,100.0,21803.0,,,,,100.0,100.0,8273.8
2244.36,100.0,21844.6,,,,,100.0,100.0,8283.9
2245.36,0.0,21878.6,,,,,0.0,0.0,8283.8
2246.36,100.0,21944.6,,,,,100.0,100.0,8286.3
2247.36,100.0,21903.3,,,,,100.0,100.0,8287.8
2248.36,100.0,21861.7,,,,,100.0,100.0,8288.0
2249.36,0.0,21861.7,,,,,0.0,0.0,8288.0
2250.36,100.0,21820.0,,,,,100.0,100.0,8288.0
2251.36,100.0,21719.8,,,,,100.0,100.0,8274.9
2252.36,0.0,21761.5,,,,,0.0,0.0,8267.0
2253.36,100.0,21761.5,,,,,100.0,100.0,8272.0
2254.36,100.0,21803.0,,,,,100.0,100.0,8283.1
2255.36,0.0,21844.6,,,,,0.0,0.0,8271.3
2256.36,100.0,21861.6,,,,,100.0,100.0,8281.0
2257.36,100.0,21944.6,,,,,100.0,100.0,8286.6
2258.36,100.0,21903.3,,,,,100.0,100.0,8288.0
2259.36,0.0,21903.3,,,,,0.0,0.0,8288.0
2260.36,100.0,21861.7,,,,,100.0,100.0,8288.2
2261.36,100.0,21820.0,,,,,100.0,100.0,8288.2
2262.36,100.0,21719.8,,,,,100.0,100.0,8288.4
2263.36,0.0,21719.9,,,,,0.0,0.0,8275.0
2264.36,100.0,21761.5,,,,,100.0,100.0,8275.0
2265.36,0.0,21803.0,,,,,0.0,0.0,8272.4
2266.36,100.0,21844.6,,,,,100.0,100.0,8274.7
2267.36,100.0,21844.6,,,,,100.0,100.0,8278.2
2268.36,100.0,21944.6,,,,,100.0,100.0,8286.9
2269.36,0.0,21944.6,,,,,0.0,0.0,8286.9
2270.36,100.0,21903.3,,,,,100.0,100.0,8288.3
2271.36,100.0,21861.7,,,,,100.0,100.0,8288.5
2272.36,100.0,21820.0,,,,,100.0,100.0,8288.5
2273.36,0.0,21820.0,,,,,0.0,0.0,8288.5
2274.36,100.0,21719.9,,,,,100.0,100.0,8282.7
2275.37,0.0,21761.5,,,,,0.0,0.0,8273.2
2276.37,100.0,21803.0,,,,,100.0,100.0,8283.7
2277.37,100.0,21803.0,,,,,100.0,100.0,8273.3
2278.37,100.0,21823.8,,,,,100.0,100.0,8277.0
2279.37,0.0,21878.6,,,,,0.0,0.0,8284.6
2280.37,100.0,21944.6,,,,,100.0,100.0,8287.1
2281.37,100.0,21903.3,,,,,100.0,100.0,8288.6
2282.37,100.0,21861.7,,,,,100.0,100.0,8288.8
2283.37,0.0,21861.7,,,,,0.0,0.0,8288.8
2284.37,100.0,21820.0,,,,,100.0,100.0,8288.8
2285.37,100.0,21719.8,,,,,100.0,100.0,8274.3
2286.37,0.0,21761.5,,,,,0.0,0.0,8268.6
2287.37,100.0,21761.5,,,,,100.0,100.0,8272.0
2288.37,100.0,21803.0,,,,,100.0,100.0,8284.0
2289.37,0.0,21844.6,,,,,0.0,0.0,8271.1
2290.37,100.0,21861.6,,,,,100.0,100.0,8284.0
2291.37,100.0,21944.6,,,,,100.0,100.0,8287.3
2292.37,100.0,21903.3,,,,,100.0,100.0,8288.8
2293.37,0.0,21903.3,,,,,0.0,0.0,8288.8
2294.37,100.0,21861.7,,,,,100.0,100.0,8289.0
2295.37,100.0,21820.0,,,,,100.0,100.0,8289.0
2296.37,100.0,21719.8,,,,,100.0,100.0,8289.2
2297.37,0.0,21719.9,,,,,0.0,0.0,8274.2
2298.37,100.0,21761.5,,,,,100.0,100.0,8274.0
2299.37,0.0,21803.0,,,,,0.0,0.0,8272.4
2300.37,100.0,21844.6,,,,,100.0,100.0,8275.9
2301.37,100.0,21844.6,,,,,100.0,100.0,8279.5
2302.37,100.0,21944.6,,,,,100.0,100.0,8287.6
2303.37,0.0,21944.6,,,,,0.0,0.0,8287.6
2304.37,100.0,21903.3,,,,,100.0,100.0,8289.1
2305.37,100.0,21861.7,,,,,100.0,100.0,8289.3
2306.37,100.0,21820.0,,,,,100.0,100.0,8289.3
2307.37,0.0,21820.0,,,,,0.0,0.0,8289.3
2308.37,100.0,21719.9,,,,,100.0,100.0,8283.5
2309.37,0.0,21761.5,,,,,0.0,0.0,8274.5
2310.37,100.0,21803.0,,,,,100.0,100.0,8284.4
2311.37,100.0,21803.0,,,,,100.0,100.0,8272.5
2312.37,100.0,21844.6,,,,,100.0,100.0,8285.1
2313.37,0.0,21878.6,,,,,0.0,0.0,8285.1
2314.37,100.0,21944.6,,,,,100.0,100.0,8287.7
2315.37,100.0,21903.3,,,,,100.0,100.0,8289.3
2316.37,100.0,21861.7,,,,,100.0,100.0,8289.4
2317.37,0.0,21861.7,,,,,0.0,0.0,8289.4
2318.37,100.0,21820.0,,,,,100.0,100.0,8289.4
2319.37,100.0,21719.8,,,,,100.0,100.0,8274.0
2320.37,0.0,21761.5,,,,,0.0,0.0,8266.6
2321.37,100.0,21761.5,,,,,100.0,100.0,8273.1
2322.37,100.0,21803.0,,,,,100.0,100.0,8285.0
2323.37,0.0,21844.6,,,,,0.0,0.0,8273.5
2324.37,100.0,21861.6,,,,,100.0,100.0,8282.8
2325.37,100.0,21944.6,,,,,100.0,100.0,8287.9
2326.37,100.0,21903.3,,,,,100.0,100.0,8289.6
2327.37,0.0,21903.3,,,,,0.0,0.0,8289.6
2328.37,100.0,21861.7,,,,,100.0,100.0,8289.7
2329.37,100.0,21820.0,,,,,100.0,100.0,8289.7
2330.37,100.0,21719.8,,,,,100.0,100.0,8289.9
2331.37,0.0,21719.9,,,,,0.0,0.0,8272.8
2332.37,100.0,21761.5,,,,,100.0,100.0,8274.6
2333.37,0.0,21803.0,,,,,0.0,0.0,8271.3
2334.37,100.0,21823.8,,,,,100.0,100.0,8284.8
2335.37,100.0,21844.6,,,,,100.0,100.0,8270.3
2336.37,100.0,21944.6,,,,,100.0,100.0,8288.5
2337.37,0.0,21944.6,,,,,0.0,0.0,8288.5
2338.37,100.0,21903.3,,,,,100.0,100.0,8289.9
2339.38,100.0,21861.7,,,,,100.0,100.0,8290.1
2340.38,100.0,21820.0,,,,,100.0,100.0,8290.1
2341.38,0.0,21820.0,,,,,0.0,0.0,8290.1
2342.38,100.0,21719.9,,,,,100.0,100.0,8284.3
2343.38,0.0,21761.5,,,,,0.0,0.0,8273.1
2344.38,100.0,21803.0,,,,,100.0,100.0,8285.3
2345.38,100.0,21803.0,,,,,100.0,100.0,8271.6
2346.38,100.0,21803.0,,,,,100.0,100.0,8280.6
2347.38,0.0,21878.6,,,,,0.0,0.0,8286.1
2348.38,100.0,21944.6,,,,,100.0,100.0,8288.7
2349.38,100.0,21903.3,,,,,100.0,100.0,8290.2
2350.38,100.0,21861.7,,,,,100.0,100.0,8290.3
2351.38,0.0,21861.7,,,,,0.0,0.0,8290.3
2352.38,100.0,21820.0,,,,,100.0,100.0,8290.3
2353.38,100.0,21719.8,,,,,100.0,100.0,8273.3
2354.38,0.0,21761.5,,,,,0.0,0.0,8284.8
2355.38,100.0,21761.5,,,,,100.0,100.0,8272.2
2356.38,100.0,21782.3,,,,,100.0,100.0,8283.7
2357.38,0.0,21844.6,,,,,0.0,0.0,8270.9
2358.38,100.0,21861.6,,,,,100.0,100.0,8280.1
2359.38,100.0,21944.6,,,,,100.0,100.0,8288.9
2360.38,100.0,21903.3,,,,,100.0,100.0,8290.4
2361.38,0.0,21903.3,,,,,0.0,0.0,8290.4
2362.38,100.0,21861.7,,,,,100.0,100.0,8290.5
2363.38,100.0,21820.0,,,,,100.0,100.0,8290.6
2364.38,100.0,21719.8,,,,,100.0,100.0,8290.6
2365.38,0.0,21719.9,,,,,0.0,0.0,8272.1
2366.38,100.0,21761.5,,,,,100.0,100.0,8264.9
2367.38,0.0,21803.0,,,,,0.0,0.0,8271.2
2368.38,100.0,21823.8,,,,,100.0,100.0,8282.0
2369.38,100.0,21844.6,,,,,100.0,100.0,8278.8
2370.38,100.0,21944.6,,,,,100.0,100.0,8289.0
2371.38,0.0,21944.6,,,,,0.0,0.0,8289.0
2372.38,100.0,21903.3,,,,,100.0,100.0,8290.6
2373.38,100.0,21861.7,,,,,100.0,100.0,8290.8
2374.38,100.0,21820.0,,,,,100.0,100.0,8290.8
2375.38,0.0,21820.0,,,,,0.0,0.0,8290.8
2376.38,100.0,21719.9,,,,,100.0,100.0,8285.1
2377.38,0.0,21761.5,,,,,0.0,0.0,8273.5
2378.38,100.0,21803.0,,,,,100.0,100.0,8285.9
2379.38,100.0,21803.0,,,,,100.0,100.0,8286.1
2380.38,100.0,21823.8,,,,,100.0,100.0,8282.3
2381.38,0.0,21878.6,,,,,0.0,0.0,8286.9
2382.38,100.0,21944.6,,,,,100.0,100.0,8289.5
2383.38,100.0,21903.3,,,,,100.0,100.0,8290.9
2384.38,100.0,21861.7,,,,,100.0,100.0,8291.1
2385.38,0.0,21861.7,,,,,0.0,0.0,8291.1
2386.38,100.0,21820.0,,,,,100.0,100.0,8291.1
2387.38,100.0,21719.8,,,,,100.0,100.0,8272.1
2388.38,0.0,21761.5,,,,,0.0,0.0,8285.5
2389.38,100.0,21761.5,,,,,100.0,100.0,8272.0
2390.38,100.0,21782.3,,,,,100.0,100.0,8285.7
2391.38,0.0,21844.6,,,,,0.0,0.0,8272.3
2392.38,100.0,21844.6,,,,,100.0,100.0,8279.3
2393.38,100.0,21944.6,,,,,100.0,100.0,8289.7
2394.38,100.0,21903.3,,,,,100.0,100.0,8291.3
2395.38,0.0,21903.3,,,,,0.0,0.0,8291.3
2396.38,100.0,21861.7,,,,,100.0,100.0,8291.4
2397.38,100.0,21820.0,,,,,100.0,100.0,8291.5
2398.38,100.0,21719.8,,,,,100.0,100.0,8291.5
2399.38,0.0,21719.9,,,,,0.0,0.0,8271.5
2400.38,100.0,21761.5,,,,,100.0,100.0,8285.7
2401.38,0.0,21803.0,,,,,0.0,0.0,8278.8
2402.38,100.0,21803.0,,,,,100.0,100.0,8279.3
2403.38,100.0,21844.6,,,,,100.0,100.0,8270.7
2404.38,100.0,21944.6,,,,,100.0,100.0,8289.8
2405.39,0.0,21944.6,,,,,0.0,0.0,8289.8
2406.39,100.0,21903.3,,,,,100.0,100.0,8291.4
2407.39,100.0,21861.7,,,,,100.0,100.0,8291.6
2408.39,100.0,21820.0,,,,,100.0,100.0,8291.6
2409.39,0.0,21820.0,,,,,0.0,0.0,8291.6
2410.39,100.0,21719.9,,,,,100.0,100.0,8285.7
2411.39,0.0,21761.5,,,,,0.0,0.0,8274.1
2412.39,100.0,21803.0,,,,,100.0,100.0,8286.6
2413.39,100.0,21803.0,,,,,100.0,100.0,8286.7
2414.39,100.0,21823.8,,,,,100.0,100.0,8285.6
2415.39,0.0,21878.6,,,,,0.0,0.0,8287.5
2416.39,100.0,21944.6,,,,,100.0,100.0,8290.1
2417.39,100.0,21903.3,,,,,100.0,100.0,8291.7
2418.39,100.0,21861.7,,,,,100.0,100.0,8291.8
2419.39,0.0,21861.7,,,,,0.0,0.0,8291.8
2420.39,100.0,21820.0,,,,,100.0,100.0,8291.8
2421.39,100.0,21719.8,,,,,100.0,100.0,8272.2
2422.39,0.0,21761.5,,,,,0.0,0.0,8286.2
2423.39,100.0,21761.5,,,,,100.0,100.0,8273.8
2424.39,100.0,21761.5,,,,,100.0,100.0,8283.7
2425.39,0.0,21844.6,,,,,0.0,0.0,8272.5
2426.39,100.0,21844.6,,,,,100.0,100.0,8278.5
2427.39,100.0,21944.6,,,,,100.0,100.0,8290.4
2428.39,100.0,21903.3,,,,,100.0,100.0,8291.9
2429.39,0.0,21903.3,,,,,0.0,0.0,8291.9
2430.39,100.0,21861.7,,,,,100.0,100.0,8292.1
2431.39,100.0,21820.0,,,,,100.0,100.0,8292.1
2432.39,100.0,21719.8,,,,,100.0,100.0,8292.1
2433.39,0.0,21719.9,,,,,0.0,0.0,8272.0
2434.39,100.0,21761.5,,,,,100.0,100.0,8286.3
2435.39,0.0,21803.0,,,,,0.0,0.0,8272.1
2436.39,100.0,21803.0,,,,,100.0,100.0,8281.2
2437.39,100.0,21844.6,,,,,100.0,100.0,8269.3
2438.39,100.0,21944.6,,,,,100.0,100.0,8290.5
2439.39,0.0,21944.6,,,,,0.0,0.0,8290.5
2440.39,100.0,21903.3,,,,,100.0,100.0,8292.1
2441.39,100.0,21861.7,,,,,100.0,100.0,8292.2
2442.39,100.0,21820.0,,,,,100.0,100.0,8292.2
2443.39,0.0,21820.0,,,,,0.0,0.0,8292.2
2444.39,100.0,21719.9,,,,,100.0,100.0,8286.3
2445.39,0.0,21761.5,,,,,0.0,0.0,8286.9
2446.39,100.0,21782.3,,,,,100.0,100.0,8284.7
2447.39,100.0,21803.0,,,,,100.0,100.0,8287.4
2448.39,100.0,21803.0,,,,,100.0,100.0,8278.6
2449.39,0.0,21878.6,,,,,0.0,0.0,8288.0
2450.39,100.0,21944.6,,,,,100.0,100.0,8290.7
2451.39,100.0,21903.3,,,,,100.0,100.0,8292.2
2452.39,100.0,21861.7,,,,,100.0,100.0,8292.3
2453.39,0.0,21861.7,,,,,0.0,0.0,8292.3
2454.39,100.0,21820.0,,,,,100.0,100.0,8292.3
2455.39,100.0,21719.8,,,,,100.0,100.0,8273.2
2456.39,0.0,21761.5,,,,,0.0,0.0,8286.9
2457.39,100.0,21761.5,,,,,100.0,100.0,8272.7
2458.39,100.0,21761.5,,,,,100.0,100.0,8282.4
2459.39,0.0,21844.6,,,,,0.0,0.0,8288.5
2460.39,100.0,21844.6,,,,,100.0,100.0,8275.0
2461.39,100.0,21944.6,,,,,100.0,100.0,8290.8
2462.39,100.0,21903.3,,,,,100.0,100.0,8292.4
2463.39,0.0,21903.3,,,,,0.0,0.0,8292.4
2464.39,100.0,21861.7,,,,,100.0,100.0,8292.6
2465.39,100.0,21820.0,,,,,100.0,100.0,8292.6
2466.39,100.0,21719.8,,,,,100.0,100.0,8292.7
2467.39,0.0,21719.9,,,,,0.0,0.0,8271.8
2468.4,100.0,21757.9,,,,,100.0,100.0,8286.8
2469.4,0.0,21803.0,,,,,0.0,0.0,8272.6
2470.4,100.0,21803.0,,,,,100.0,100.0,8279.7
2471.4,100.0,21844.6,,,,,100.0,100.0,8271.1
2472.4,100.0,21944.6,,,,,100.0,100.0,8290.9
2473.4,0.0,21944.6,,,,,0.0,0.0,8290.9
2474.4,100.0,21903.3,,,,,100.0,100.0,8292.4
2475.4,100.0,21861.7,,,,,100.0,100.0,8292.6
2476.4,100.0,21820.0,,,,,100.0,100.0,8292.6
2477.4,0.0,21820.0,,,,,0.0,0.0,8292.6
2478.4,100.0,21719.9,,,,,100.0,100.0,8287.0
2479.4,0.0,21761.5,,,,,0.0,0.0,8287.5
2480.4,100.0,21782.3,,,,,100.0,100.0,8283.7
2481.4,100.0,21803.0,,,,,100.0,100.0,8280.3
2482.4,100.0,21803.0,,,,,100.0,100.0,8278.5
2483.4,0.0,21878.6,,,,,0.0,0.0,8288.6
2484.4,100.0,21944.6,,,,,100.0,100.0,8291.4
2485.4,100.0,21903.3,,,,,100.0,100.0,8292.8
2486.4,100.0,21861.7,,,,,100.0,100.0,8292.9
2487.4,0.0,21861.7,,,,,0.0,0.0,8292.9
2488.4,100.0,21820.0,,,,,100.0,100.0,8292.9
2489.4,100.0,21719.8,,,,,100.0,100.0,8272.9
2490.4,0.0,21761.5,,,,,0.0,0.0,8287.3
2491.4,100.0,21761.5,,,,,100.0,100.0,8272.8
2492.4,100.0,21761.5,,,,,100.0,100.0,8280.8
2493.4,0.0,21844.6,,,,,0.0,0.0,8289.2
2494.4,100.0,21844.6,,,,,100.0,100.0,8277.0
2495.4,100.0,21944.6,,,,,100.0,100.0,8291.7
2496.4,100.0,21903.3,,,,,100.0,100.0,8293.3
2497.4,0.0,21903.3,,,,,0.0,0.0,8293.3
2498.4,100.0,21861.7,,,,,100.0,100.0,8293.5
2499.4,100.0,21820.0,,,,,100.0,100.0,8293.5
2500.4,100.0,21719.8,,,,,100.0,100.0,8293.5
2501.4,0.0,21719.9,,,,,0.0,0.0,8272.0
2502.4,100.0,21740.7,,,,,100.0,100.0,8285.9
2503.4,0.0,21803.0,,,,,0.0,0.0,8273.1
2504.4,100.0,21803.0,,,,,100.0,100.0,8277.0
2505.4,100.0,21844.6,,,,,100.0,100.0,8269.4
2506.4,100.0,21944.6,,,,,100.0,100.0,8291.9
2507.4,0.0,21944.6,,,,,0.0,0.0,8291.9
2508.4,100.0,21903.3,,,,,100.0,100.0,8293.4
2509.4,100.0,21861.7,,,,,100.0,100.0,8293.6
2510.4,100.0,21820.0,,,,,100.0,100.0,8293.6
2511.4,0.0,21820.0,,,,,0.0,0.0,8293.6
2512.4,100.0,21719.9,,,,,100.0,100.0,8287.7
2513.4,0.0,21761.5,,,,,0.0,0.0,8288.1
2514.4,100.0,21761.5,,,,,100.0,100.0,8282.3
2515.4,100.0,21803.0,,,,,100.0,100.0,8288.9
2516.4,100.0,21803.0,,,,,100.0,100.0,8279.4
2517.4,0.0,21878.6,,,,,0.0,0.0,8289.4
2518.4,100.0,21944.6,,,,,100.0,100.0,8292.0
2519.4,100.0,21903.3,,,,,100.0,100.0,8293.5
2520.4,100.0,21861.7,,,,,100.0,100.0,8293.7
2521.4,0.0,21861.7,,,,,0.0,0.0,8293.7
2522.4,100.0,21820.0,,,,,100.0,100.0,8293.7
2523.4,100.0,21719.8,,,,,100.0,100.0,8272.8
2524.4,0.0,21740.7,,,,,0.0,0.0,8286.0
2525.4,100.0,21761.5,,,,,100.0,100.0,8271.8
2526.4,100.0,21761.5,,,,,100.0,100.0,8279.5
2527.4,0.0,21844.6,,,,,0.0,0.0,8289.9
2528.4,100.0,21844.6,,,,,100.0,100.0,8277.9
2529.4,100.0,21944.6,,,,,100.0,100.0,8292.3
2530.4,0.0,21944.6,,,,,0.0,0.0,8292.3
2531.41,100.0,21903.3,,,,,100.0,100.0,8294.1
2532.41,100.0,21861.7,,,,,100.0,100.0,8294.2
2533.41,100.0,21820.0,,,,,100.0,100.0,8294.2
2534.41,0.0,21820.0,,,,,0.0,0.0,8294.2
2535.41,100.0,21719.9,,,,,100.0,100.0,8272.4
2536.41,0.0,21761.5,,,,,0.0,0.0,8282.1
2537.41,100.0,21803.0,,,,,100.0,100.0,8270.3
2538.41,100.0,21803.0,,,,,100.0,100.0,8275.7
2539.41,100.0,21823.8,,,,,100.0,100.0,8289.3
2540.41,0.0,21878.6,,,,,0.0,0.0,8290.0
2541.41,100.0,21944.6,,,,,100.0,100.0,8292.6
2542.41,100.0,21903.3,,,,,100.0,100.0,8294.0
2543.41,100.0,21861.7,,,,,100.0,100.0,8294.2
2544.41,0.0,21861.7,,,,,0.0,0.0,8294.2
2545.41,100.0,21820.0,,,,,100.0,100.0,8294.2
2546.41,100.0,21719.8,,,,,100.0,100.0,8287.3
2547.41,0.0,21761.5,,,,,0.0,0.0,8281.0
2548.41,100.0,21761.5,,,,,100.0,100.0,8282.3
2549.41,100.0,21803.0,,,,,100.0,100.0,8282.0
2550.41,0.0,21844.6,,,,,0.0,0.0,8277.8
2551.41,100.0,21878.6,,,,,100.0,100.0,8290.1
2552.41,100.0,21944.6,,,,,100.0,100.0,8292.7
2553.41,100.0,21903.3,,,,,100.0,100.0,8294.2
2554.41,0.0,21903.3,,,,,0.0,0.0,8294.2
2555.41,100.0,21861.7,,,,,100.0,100.0,8294.3
2556.41,100.0,21820.0,,,,,100.0,100.0,8294.3
2557.41,100.0,21719.8,,,,,100.0,100.0,8273.1
2558.41,0.0,21719.9,,,,,0.0,0.0,8284.9
2559.41,100.0,21761.5,,,,,100.0,100.0,8289.1
2560.41,0.0,21803.0,,,,,0.0,0.0,8281.0
2561.41,100.0,21844.6,,,,,100.0,100.0,8290.5
2562.41,100.0,21844.6,,,,,100.0,100.0,8277.7
2563.41,100.0,21944.6,,,,,100.0,100.0,8293.0
2564.41,0.0,21944.6,,,,,0.0,0.0,8293.0
2565.41,100.0,21903.3,,,,,100.0,100.0,8294.5
2566.41,100.0,21861.7,,,,,100.0,100.0,8294.6
2567.41,100.0,21820.0,,,,,100.0,100.0,8294.6
2568.41,0.0,21820.0,,,,,0.0,0.0,8294.6
2569.41,100.0,21719.9,,,,,100.0,100.0,8273.3
2570.41,0.0,21761.5,,,,,0.0,0.0,8280.6
2571.41,100.0,21803.0,,,,,100.0,100.0,8271.1
2572.41,100.0,21803.0,,,,,100.0,100.0,8277.0
2573.41,100.0,21844.6,,,,,100.0,100.0,8290.7
2574.41,0.0,21878.6,,,,,0.0,0.0,8290.5
2575.41,100.0,21944.6,,,,,100.0,100.0,8293.0
2576.41,100.0,21903.3,,,,,100.0,100.0,8294.4
2577.41,100.0,21861.7,,,,,100.0,100.0,8294.6
2578.41,0.0,21861.7,,,,,0.0,0.0,8294.6
2579.41,100.0,21820.0,,,,,100.0,100.0,8294.6
2580.41,100.0,21719.8,,,,,100.0,100.0,8285.5
2581.41,0.0,21761.5,,,,,0.0,0.0,8281.3
2582.41,100.0,21761.5,,,,,100.0,100.0,8282.7
2583.41,100.0,21803.0,,,,,100.0,100.0,8280.7
2584.41,0.0,21844.6,,,,,0.0,0.0,8278.7
2585.41,100.0,21878.6,,,,,100.0,100.0,8290.5
2586.41,100.0,21944.6,,,,,100.0,100.0,8293.3
2587.41,100.0,21903.3,,,,,100.0,100.0,8294.7
2588.41,0.0,21903.3,,,,,0.0,0.0,8294.7
2589.41,100.0,21861.7,,,,,100.0,100.0,8294.9
2590.41,100.0,21820.0,,,,,100.0,100.0,8294.9
2591.41,100.0,21719.8,,,,,100.0,100.0,8273.1
2592.41,0.0,21719.9,,,,,0.0,0.0,8285.2
2593.41,100.0,21761.5,,,,,100.0,100.0,8290.1
2594.41,0.0,21803.0,,,,,0.0,0.0,8281.3
2595.41,100.0,21844.6,,,,,100.0,100.0,8291.2
2596.42,100.0,21844.6,,,,,100.0,100.0,8278.8
2597.42,100.0,21944.6,,,,,100.0,100.0,8293.6
2598.42,0.0,21944.6,,,,,0.0,0.0,8293.6
2599.42,100.0,21903.3,,,,,100.0,100.0,8295.1
2600.42,100.0,21861.7,,,,,100.0,100.0,8295.2
2601.42,100.0,21820.0,,,,,100.0,100.0,8295.3
2602.42,0.0,21820.0,,,,,0.0,0.0,8295.3
2603.42,100.0,21719.9,,,,,100.0,100.0,8273.1
2604.42,0.0,21761.5,,,,,0.0,0.0,8280.6
2605.42,100.0,21803.0,,,,,100.0,100.0,8270.7
2606.42,100.0,21803.0,,,,,100.0,100.0,8277.0
2607.42,100.0,21844.6,,,,,100.0,100.0,8291.2
2608.42,0.0,21878.6,,,,,0.0,0.0,8291.1
2609.42,100.0,21944.6,,,,,100.0,100.0,8293.6
2610.42,100.0,21903.3,,,,,100.0,100.0,8295.3
2611.42,100.0,21861.7,,,,,100.0,100.0,8295.5
2612.42,0.0,21861.7,,,,,0.0,0.0,8295.5
2613.42,100.0,21820.0,,,,,100.0,100.0,8295.5
2614.42,100.0,21719.8,,,,,100.0,100.0,8284.6
2615.42,0.0,21761.5,,,,,0.0,0.0,8281.9
2616.42,100.0,21761.5,,,,,100.0,100.0,8278.9
2617.42,100.0,21803.0,,,,,100.0,100.0,8281.0
2618.42,0.0,21844.6,,,,,0.0,0.0,8276.9
2619.42,100.0,21861.6,,,,,100.0,100.0,8290.0
2620.42,100.0,21944.6,,,,,100.0,100.0,8294.2
2621.42,100.0,21902.9,,,,,100.0,100.0,8295.5
2622.42,0.0,21902.9,,,,,0.0,0.0,8295.5
2623.42,100.0,21861.3,,,,,100.0,100.0,8295.7
2624.42,100.0,21819.6,,,,,100.0,100.0,8295.7
2625.42,100.0,21719.4,,,,,100.0,100.0,8296.0
2626.42,0.0,21719.5,,,,,0.0,0.0,8283.2
2627.42,100.0,21761.1,,,,,100.0,100.0,8290.4
2628.42,0.0,21902.7,,,,,0.0,0.0,8294.7
2629.42,100.0,21861.2,,,,,100.0,100.0,8294.9
2630.42,100.0,21819.6,,,,,100.0,100.0,8294.9
2631.42,100.0,21719.8,,,,,100.0,100.0,8272.9
2632.42,0.0,21719.9,,,,,0.0,0.0,8283.2
2633.42,100.0,21761.5,,,,,100.0,100.0,8271.4
2634.42,0.0,21803.0,,,,,0.0,0.0,8278.6
2635.42,100.0,21844.6,,,,,100.0,100.0,8291.8
2636.42,100.0,21844.6,,,,,100.0,100.0,8277.9
2637.42,100.0,21944.6,,,,,100.0,100.0,8294.5
2638.42,0.0,21944.6,,,,,0.0,0.0,8294.5
2639.42,100.0,21903.3,,,,,100.0,100.0,8295.9
2640.42,100.0,21861.7,,,,,100.0,100.0,8296.1
2641.42,100.0,21820.0,,,,,100.0,100.0,8296.1
2642.42,0.0,21820.0,,,,,0.0,0.0,8296.1
2643.42,100.0,21719.9,,,,,100.0,100.0,8290.7
2644.42,0.0,21761.5,,,,,0.0,0.0,8281.4
2645.42,100.0,21803.0,,,,,100.0,100.0,8282.0
2646.42,100.0,21803.0,,,,,100.0,100.0,8285.2
2647.42,100.0,21823.8,,,,,100.0,100.0,8291.3
2648.42,0.0,21878.6,,,,,0.0,0.0,8292.2
2649.42,100.0,21944.6,,,,,100.0,100.0,8294.7
2650.42,100.0,21903.3,,,,,100.0,100.0,8296.2
2651.42,100.0,21861.7,,,,,100.0,100.0,8296.3
2652.42,0.0,21861.7,,,,,0.0,0.0,8296.3
2653.42,100.0,21820.0,,,,,100.0,100.0,8296.3
2654.42,100.0,21719.8,,,,,100.0,100.0,8280.7
2655.42,0.0,21761.5,,,,,0.0,0.0,8290.9
2656.42,100.0,21761.5,,,,,100.0,100.0,8281.8
2657.42,100.0,21803.0,,,,,100.0,100.0,8291.4
2658.42,0.0,21844.6,,,,,0.0,0.0,8279.6
2659.42,100.0,21861.6,,,,,100.0,100.0,8286.7
2660.43,100.0,21944.6,,,,,100.0,100.0,8294.8
2661.43,100.0,21903.3,,,,,100.0,100.0,8296.4
2662.43,0.0,21903.3,,,,,0.0,0.0,8296.4
2663.43,100.0,21861.7,,,,,100.0,100.0,8296.6
2664.43,100.0,21820.0,,,,,100.0,100.0,8296.6
2665.43,100.0,21719.8,,,,,100.0,100.0,8271.0
2666.43,0.0,21719.9,,,,,0.0,0.0,8281.3
2667.43,100.0,21761.5,,,,,100.0,100.0,8291.2
2668.43,0.0,21803.0,,,,,0.0,0.0,8278.6
2669.43,100.0,21844.6,,,,,100.0,100.0,8292.6
2670.43,100.0,21844.6,,,,,100.0,100.0,8278.9
2671.43,100.0,21944.6,,,,,100.0,100.0,8295.1
2672.43,0.0,21944.6,,,,,0.0,0.0,8295.1
2673.43,100.0,21903.3,,,,,100.0,100.0,8296.5
2674.43,100.0,21861.7,,,,,100.0,100.0,8296.7
2675.43,100.0,21820.0,,,,,100.0,100.0,8296.7
2676.43,0.0,21820.0,,,,,0.0,0.0,8296.7
2677.43,100.0,21719.9,,,,,100.0,100.0,8271.8
2678.43,0.0,21761.5,,,,,0.0,0.0,8279.8
2679.43,100.0,21803.0,,,,,100.0,100.0,8271.8
2680.43,100.0,21803.0,,,,,100.0,100.0,8278.0
2681.43,100.0,21823.8,,,,,100.0,100.0,8292.1
2682.43,0.0,21878.6,,,,,0.0,0.0,8292.8
2683.43,100.0,21944.6,,,,,100.0,100.0,8295.4
2684.43,100.0,21903.3,,,,,100.0,100.0,8296.9
2685.43,100.0,21861.7,,,,,100.0,100.0,8297.1
2686.43,0.0,21861.7,,,,,0.0,0.0,8297.1
2687.43,100.0,21820.0,,,,,100.0,100.0,8297.1
2688.43,100.0,21719.8,,,,,100.0,100.0,8281.2
2689.43,0.0,21761.5,,,,,0.0,0.0,8291.7
2690.43,100.0,21761.5,,,,,100.0,100.0,8279.8
2691.43,100.0,21803.0,,,,,100.0,100.0,8292.3
2692.43,0.0,21844.6,,,,,0.0,0.0,8293.3
2693.43,100.0,21861.6,,,,,100.0,100.0,8291.2
2694.43,100.0,21944.6,,,,,100.0,100.0,8295.7
2695.43,100.0,21903.3,,,,,100.0,100.0,8297.3
2696.43,0.0,21903.3,,,,,0.0,0.0,8297.3
2697.43,100.0,21861.7,,,,,100.0,100.0,8297.4
2698.43,100.0,21820.0,,,,,100.0,100.0,8297.4
2699.43,100.0,21719.8,,,,,100.0,100.0,8271.6
2700.43,0.0,21719.9,,,,,0.0,0.0,8282.3
2701.43,100.0,21761.5,,,,,100.0,100.0,8292.5
2702.43,0.0,21803.0,,,,,0.0,0.0,8281.3
2703.43,100.0,21844.6,,,,,100.0,100.0,8293.4
2704.43,100.0,21844.6,,,,,100.0,100.0,8279.6
2705.43,100.0,21944.6,,,,,100.0,100.0,8295.9
2706.43,0.0,21944.6,,,,,0.0,0.0,8295.9
2707.43,100.0,21903.3,,,,,100.0,100.0,8297.5
2708.43,100.0,21861.7,,,,,100.0,100.0,8297.6
2709.43,100.0,21820.0,,,,,100.0,100.0,8297.7
2710.43,0.0,21820.0,,,,,0.0,0.0,8297.7
2711.43,100.0,21719.9,,,,,100.0,100.0,8272.1
2712.43,0.0,21761.5,,,,,0.0,0.0,8282.5
2713.43,100.0,21803.0,,,,,100.0,100.0,8273.2
2714.43,100.0,21803.0,,,,,100.0,100.0,8278.6
2715.43,100.0,21844.6,,,,,100.0,100.0,8293.7
2716.43,0.0,21878.6,,,,,0.0,0.0,8293.8
2717.43,100.0,21944.6,,,,,100.0,100.0,8296.2
2718.43,100.0,21903.3,,,,,100.0,100.0,8297.8
2719.43,100.0,21861.7,,,,,100.0,100.0,8297.9
2720.43,0.0,21861.7,,,,,0.0,0.0,8297.9
2721.43,100.0,21820.0,,,,,100.0,100.0,8297.9
2722.43,100.0,21719.8,,,,,100.0,100.0,8280.6
2723.43,0.0,21761.5,,,,,0.0,0.0,8292.4
2724.43,100.0,21761.5,,,,,100.0,100.0,8280.6
2725.44,100.0,21803.0,,,,,100.0,100.0,8293.2
2726.44,0.0,21844.6,,,,,0.0,0.0,8291.9
2727.44,100.0,21844.6,,,,,100.0,100.0,8288.7
2728.44,100.0,21944.6,,,,,100.0,100.0,8296.3
2729.44,100.0,21903.3,,,,,100.0,100.0,8297.8
2730.44,0.0,21903.3,,,,,0.0,0.0,8297.8
2731.44,100.0,21861.7,,,,,100.0,100.0,8298.0
2732.44,100.0,21820.0,,,,,100.0,100.0,8298.0
2733.44,100.0,21719.8,,,,,100.0,100.0,8298.1
2734.44,0.0,21719.9,,,,,0.0,0.0,8281.0
2735.44,100.0,21761.5,,,,,100.0,100.0,8292.5
2736.44,0.0,21803.0,,,,,0.0,0.0,8279.7
2737.44,100.0,21844.6,,,,,100.0,100.0,8294.1
2738.44,100.0,21844.6,,,,,100.0,100.0,8278.9
2739.44,100.0,21944.6,,,,,100.0,100.0,8296.9
2740.44,0.0,21944.6,,,,,0.0,0.0,8296.9
2741.44,100.0,21903.3,,,,,100.0,100.0,8298.3
2742.44,100.0,21861.7,,,,,100.0,100.0,8298.5
2743.44,100.0,21820.0,,,,,100.0,100.0,8298.5
2744.44,0.0,21820.0,,,,,0.0,0.0,8298.5
2745.44,100.0,21719.8,,,,,100.0,100.0,8282.7
2746.44,0.0,21761.5,,,,,0.0,0.0,8291.5
2747.44,100.0,21761.5,,,,,100.0,100.0,8282.7
2748.44,100.0,21803.0,,,,,100.0,100.0,8292.2
2749.44,0.0,21844.6,,,,,0.0,0.0,8281.4
2750.44,100.0,21878.6,,,,,100.0,100.0,8292.6
2751.44,100.0,21944.6,,,,,100.0,100.0,8295.6
2752.44,100.0,21903.3,,,,,100.0,100.0,8297.1
2753.44,0.0,21903.3,,,,,0.0,0.0,8297.1
2754.44,100.0,21861.7,,,,,100.0,100.0,8297.2
2755.44,100.0,21820.0,,,,,100.0,100.0,8297.2
2756.44,100.0,21719.8,,,,,100.0,100.0,8275.8
2757.44,0.0,21719.9,,,,,0.0,0.0,8284.3
2758.44,100.0,21761.5,,,,,100.0,100.0,8274.1
2759.44,0.0,21803.0,,,,,0.0,0.0,8280.9
2760.44,100.0,21844.6,,,,,100.0,100.0,8293.2
2761.44,100.0,21844.6,,,,,100.0,100.0,8280.6
2762.44,100.0,21944.6,,,,,100.0,100.0,8296.0
2763.44,0.0,21944.6,,,,,0.0,0.0,8296.0
2764.44,100.0,21903.3,,,,,100.0,100.0,8297.4
2765.44,100.0,21861.7,,,,,100.0,100.0,8297.6
2766.44,100.0,21820.0,,,,,100.0,100.0,8297.6
2767.44,0.0,21820.0,,,,,0.0,0.0,8297.6
2768.44,100.0,21719.9,,,,,100.0,100.0,8282.7
2769.44,0.0,21761.5,,,,,0.0,0.0,8282.7
2770.44,100.0,21803.0,,,,,100.0,100.0,8283.5
2771.44,100.0,21803.0,,,,,100.0,100.0,8280.9
2772.44,100.0,21844.6,,,,,100.0,100.0,8293.7
2773.44,0.0,21878.6,,,,,0.0,0.0,8293.7
2774.44,100.0,21944.6,,,,,100.0,100.0,8296.4
2775.44,100.0,21903.3,,,,,100.0,100.0,8297.7
2776.44,100.0,21861.7,,,,,100.0,100.0,8297.9
2777.44,0.0,21861.7,,,,,0.0,0.0,8297.9
2778.44,100.0,21820.0,,,,,100.0,100.0,8297.9
2779.44,100.0,21719.8,,,,,100.0,100.0,8282.1
2780.44,0.0,21761.5,,,,,0.0,0.0,8292.5
2781.44,100.0,21761.5,,,,,100.0,100.0,8282.7
2782.44,100.0,21803.0,,,,,100.0,100.0,8293.3
2783.44,0.0,21844.6,,,,,0.0,0.0,8282.3
2784.44,100.0,21861.6,,,,,100.0,100.0,8292.7
2785.44,100.0,21944.6,,,,,100.0,100.0,8296.5
2786.44,100.0,21903.3,,,,,100.0,100.0,8297.9
2787.44,0.0,21903.3,,,,,0.0,0.0,8297.9
2788.44,100.0,21861.7,,,,,100.0,100.0,8298.1
2789.44,100.0,21820.0,,,,,100.0,100.0,8298.1
2790.44,100.0,21719.8,,,,,100.0,100.0,8274.0
2791.45,0.0,21719.9,,,,,0.0,0.0,8283.4
2792.45,100.0,21761.5,,,,,100.0,100.0,8293.1
2793.45,0.0,21803.0,,,,,0.0,0.0,8282.1
2794.45,100.0,21844.6,,,,,100.0,100.0,8294.2
2795.45,100.0,21844.6,,,,,100.0,100.0,8282.3
2796.45,100.0,21944.6,,,,,100.0,100.0,8296.8
2797.45,0.0,21944.6,,,,,0.0,0.0,8296.8
2798.45,100.0,21903.3,,,,,100.0,100.0,8298.2
2799.45,100.0,21861.7,,,,,100.0,100.0,8298.4
2800.45,100.0,21820.0,,,,,100.0,100.0,8298.4
2801.45,0.0,21820.0,,,,,0.0,0.0,8298.4
2802.45,100.0,21719.9,,,,,100.0,100.0,8283.3
2803.45,0.0,21761.5,,,,,0.0,0.0,8282.2
2804.45,100.0,21803.0,,,,,100.0,100.0,8284.4
2805.45,100.0,21803.0,,,,,100.0,100.0,8287.3
2806.45,100.0,21823.8,,,,,100.0,100.0,8291.3
2807.45,0.0,21878.6,,,,,0.0,0.0,8294.5
2808.45,100.0,21944.6,,,,,100.0,100.0,8297.0
2809.45,100.0,21903.3,,,,,100.0,100.0,8298.4
2810.45,100.0,21861.7,,,,,100.0,100.0,8298.6
2811.45,0.0,21861.7,,,,,0.0,0.0,8298.6
2812.45,100.0,21820.0,,,,,100.0,100.0,8298.6
2813.45,100.0,21719.8,,,,,100.0,100.0,8282.6
2814.45,0.0,21761.5,,,,,0.0,0.0,8293.4
2815.45,100.0,21761.5,,,,,100.0,100.0,8282.7
2816.45,100.0,21803.0,,,,,100.0,100.0,8294.0
2817.45,0.0,21844.6,,,,,0.0,0.0,8289.3
2818.45,100.0,21861.6,,,,,100.0,100.0,8289.7
2819.45,100.0,21944.6,,,,,100.0,100.0,8297.3
2820.45,100.0,21903.3,,,,,100.0,100.0,8298.8
2821.45,0.0,21903.3,,,,,0.0,0.0,8298.8
2822.45,100.0,21861.7,,,,,100.0,100.0,8298.9
2823.45,100.0,21820.0,,,,,100.0,100.0,8298.9
2824.45,100.0,21719.8,,,,,100.0,100.0,8274.1
2825.45,0.0,21719.9,,,,,0.0,0.0,8281.6
2826.45,100.0,21761.5,,,,,100.0,100.0,8293.8
2827.45,0.0,21803.0,,,,,0.0,0.0,8283.2
2828.45,100.0,21844.6,,,,,100.0,100.0,8295.0
2829.45,100.0,21844.6,,,,,100.0,100.0,8281.7
2830.45,100.0,21944.6,,,,,100.0,100.0,8297.5
2831.45,0.0,21944.6,,,,,0.0,0.0,8297.5
2832.45,100.0,21903.3,,,,,100.0,100.0,8299.0
2833.45,100.0,21861.7,,,,,100.0,100.0,8299.1
2834.45,100.0,21820.0,,,,,100.0,100.0,8299.1
2835.45,0.0,21820.0,,,,,0.0,0.0,8299.1
2836.45,100.0,21719.9,,,,,100.0,100.0,8293.5
2837.45,0.0,21761.5,,,,,0.0,0.0,8282.2
2838.45,100.0,21803.0,,,,,100.0,100.0,8275.3
2839.45,100.0,21803.0,,,,,100.0,100.0,8280.5
2840.45,100.0,21820.0,,,,,100.0,100.0,8292.0
2841.45,0.0,21878.6,,,,,0.0,0.0,8295.4
2842.45,100.0,21944.6,,,,,100.0,100.0,8298.0
2843.45,100.0,21903.3,,,,,100.0,100.0,8299.4
2844.45,100.0,21861.7,,,,,100.0,100.0,8299.4
2845.45,0.0,21861.7,,,,,0.0,0.0,8299.4
2846.45,100.0,21820.0,,,,,100.0,100.0,8299.4
2847.45,100.0,21719.8,,,,,100.0,100.0,8281.5
2848.45,0.0,21761.5,,,,,0.0,0.0,8294.0
2849.45,100.0,21761.5,,,,,100.0,100.0,8282.6
2850.45,100.0,21782.3,,,,,100.0,100.0,8292.7
2851.45,0.0,21844.6,,,,,0.0,0.0,8295.7
2852.45,100.0,21844.6,,,,,100.0,100.0,8288.3
2853.45,100.0,21944.6,,,,,100.0,100.0,8298.1
2854.45,100.0,21903.3,,,,,100.0,100.0,8299.6
2855.45,0.0,21903.3,,,,,0.0,0.0,8299.6
2856.46,100.0,21861.7,,,,,100.0,100.0,8299.7
2857.46,100.0,21820.0,,,,,100.0,100.0,8299.7
2858.46,100.0,21719.8,,,,,100.0,100.0,8299.8
2859.46,0.0,21719.9,,,,,0.0,0.0,8281.2
2860.46,100.0,21761.5,,,,,100.0,100.0,8294.0
2861.46,0.0,21803.0,,,,,0.0,0.0,8281.1
2862.46,100.0,21823.8,,,,,100.0,100.0,8291.0
2863.46,100.0,21844.6,,,,,100.0,100.0,8280.1
2864.46,100.0,21944.6,,,,,100.0,100.0,8298.4
2865.46,0.0,21944.6,,,,,0.0,0.0,8298.4
2866.46,100.0,21903.3,,,,,100.0,100.0,8299.7
2867.46,100.0,21861.7,,,,,100.0,100.0,8299.9
2868.46,100.0,21820.0,,,,,100.0,100.0,8299.9
2869.46,0.0,21820.0,,,,,0.0,0.0,8299.9
2870.46,100.0,21719.9,,,,,100.0,100.0,8274.0
2871.46,0.0,21761.5,,,,,0.0,0.0,8281.2
2872.46,100.0,21782.3,,,,,100.0,100.0,8292.9
2873.46,100.0,21803.0,,,,,100.0,100.0,8280.5
2874.46,100.0,21803.0,,,,,100.0,100.0,8290.5
2875.46,0.0,21878.6,,,,,0.0,0.0,8295.8
2876.46,100.0,21944.6,,,,,100.0,100.0,8298.4
2877.46,100.0,21903.3,,,,,100.0,100.0,8299.9
2878.46,100.0,21861.7,,,,,100.0,100.0,8300.1
2879.46,0.0,21861.7,,,,,0.0,0.0,8300.1
2880.46,100.0,21820.0,,,,,100.0,100.0,8300.1
2881.46,100.0,21719.8,,,,,100.0,100.0,8281.7
2882.46,0.0,21761.5,,,,,0.0,0.0,8294.6
2883.46,100.0,21761.5,,,,,100.0,100.0,8294.8
2884.46,100.0,21782.3,,,,,100.0,100.0,8291.0
2885.46,0.0,21844.6,,,,,0.0,0.0,8296.3
2886.46,100.0,21844.6,,,,,100.0,100.0,8285.9
2887.46,100.0,21944.6,,,,,100.0,100.0,8298.8
2888.46,100.0,21903.3,,,,,100.0,100.0,8300.2
2889.46,0.0,21903.3,,,,,0.0,0.0,8300.2
2890.46,100.0,21861.7,,,,,100.0,100.0,8300.4
2891.46,100.0,21820.0,,,,,100.0,100.0,8300.4
2892.46,100.0,21719.8,,,,,100.0,100.0,8300.4
2893.46,0.0,21719.9,,,,,0.0,0.0,8280.9
2894.46,100.0,21761.5,,,,,100.0,100.0,8294.6
2895.46,0.0,21803.0,,,,,0.0,0.0,8281.4
2896.46,100.0,21803.0,,,,,100.0,100.0,8286.4
2897.46,100.0,21844.6,,,,,100.0,100.0,8296.6
2898.46,100.0,21944.6,,,,,100.0,100.0,8299.0
2899.46,0.0,21944.6,,,,,0.0,0.0,8299.0
2900.46,100.0,21903.3,,,,,100.0,100.0,8300.4
2901.46,100.0,21861.7,,,,,100.0,100.0,8300.6
2902.46,100.0,21820.0,,,,,100.0,100.0,8300.6
2903.46,0.0,21820.0,,,,,0.0,0.0,8300.6
2904.46,100.0,21719.9,,,,,100.0,100.0,8274.2
2905.46,0.0,21761.5,,,,,0.0,0.0,8281.5
2906.46,100.0,21782.3,,,,,100.0,100.0,8292.7
2907.46,100.0,21803.0,,,,,100.0,100.0,8280.0
2908.46,100.0,21803.0,,,,,100.0,100.0,8287.4
2909.46,0.0,21878.6,,,,,0.0,0.0,8296.7
2910.46,100.0,21944.6,,,,,100.0,100.0,8299.2
2911.46,100.0,21903.3,,,,,100.0,100.0,8300.6
2912.46,100.0,21861.7,,,,,100.0,100.0,8300.8
2913.46,0.0,21861.7,,,,,0.0,0.0,8300.8
2914.46,100.0,21820.0,,,,,100.0,100.0,8300.8
2915.46,100.0,21719.8,,,,,100.0,100.0,8281.5
2916.46,0.0,21761.5,,,,,0.0,0.0,8295.3
2917.46,100.0,21761.5,,,,,100.0,100.0,8295.4
2918.46,100.0,21761.5,,,,,100.0,100.0,8288.4
2919.46,0.0,21844.6,,,,,0.0,0.0,8297.0
2920.47,100.0,21844.6,,,,,100.0,100.0,8285.9
2921.47,100.0,21944.6,,,,,100.0,100.0,8299.5
2922.47,100.0,21903.3,,,,,100.0,100.0,8300.9
2923.47,0.0,21903.3,,,,,0.0,0.0,8300.9
2924.47,100.0,21861.7,,,,,100.0,100.0,8301.0
2925.47,100.0,21820.0,,,,,100.0,100.0,8301.0
2926.47,100.0,21719.8,,,,,100.0,100.0,8301.1
2927.47,0.0,21719.9,,,,,0.0,0.0,8282.1
2928.47,100.0,21740.7,,,,,100.0,100.0,8295.0
2929.47,0.0,21803.0,,,,,0.0,0.0,8282.1
2930.47,100.0,21803.0,,,,,100.0,100.0,8287.7
2931.47,100.0,21844.6,,,,,100.0,100.0,8297.2
2932.47,100.0,21944.6,,,,,100.0,100.0,8299.8
2933.47,0.0,21944.6,,,,,0.0,0.0,8299.8
2934.47,100.0,21903.3,,,,,100.0,100.0,8301.2
2935.47,100.0,21861.7,,,,,100.0,100.0,8301.3
2936.47,100.0,21820.0,,,,,100.0,100.0,8301.3
2937.47,0.0,21820.0,,,,,0.0,0.0,8301.3
2938.47,100.0,21719.9,,,,,100.0,100.0,8295.3
2939.47,0.0,21761.5,,,,,0.0,0.0,8280.7
2940.47,100.0,21761.5,,,,,100.0,100.0,8291.8
2941.47,100.0,21803.0,,,,,100.0,100.0,8280.1
2942.47,100.0,21803.0,,,,,100.0,100.0,8286.7
2943.47,0.0,21878.6,,,,,0.0,0.0,8297.3
2944.47,100.0,21944.6,,,,,100.0,100.0,8299.9
2945.47,100.0,21903.3,,,,,100.0,100.0,8301.4
2946.47,100.0,21861.7,,,,,100.0,100.0,8301.5
2947.47,0.0,21861.7,,,,,0.0,0.0,8301.5
2948.47,100.0,21820.0,,,,,100.0,100.0,8301.5
2949.47,100.0,21719.8,,,,,100.0,100.0,8282.2
2950.47,0.0,21761.5,,,,,0.0,0.0,8295.9
2951.47,100.0,21761.5,,,,,100.0,100.0,8296.3
2952.47,100.0,21761.5,,,,,100.0,100.0,8289.6
2953.47,0.0,21844.6,,,,,0.0,0.0,8297.8
2954.47,100.0,21844.6,,,,,100.0,100.0,8286.4
2955.47,100.0,21944.6,,,,,100.0,100.0,8300.3
2956.47,100.0,21903.3,,,,,100.0,100.0,8301.6
2957.47,0.0,21903.3,,,,,0.0,0.0,8301.6
2958.47,100.0,21861.7,,,,,100.0,100.0,8301.8
2959.47,100.0,21820.0,,,,,100.0,100.0,8301.8
2960.47,100.0,21719.8,,,,,100.0,100.0,8301.9
2961.47,0.0,21719.9,,,,,0.0,0.0,8282.3
2962.47,100.0,21740.7,,,,,100.0,100.0,8294.3
2963.47,0.0,21803.0,,,,,0.0,0.0,8297.1
2964.47,100.0,21803.0,,,,,100.0,100.0,8287.0
2965.47,100.0,21844.6,,,,,100.0,100.0,8297.9
2966.47,100.0,21944.6,,,,,100.0,100.0,8300.3
2967.47,0.0,21944.6,,,,,0.0,0.0,8300.3
2968.47,100.0,21903.3,,,,,100.0,100.0,8301.9
2969.47,100.0,21861.7,,,,,100.0,100.0,8302.0
2970.47,100.0,21820.0,,,,,100.0,100.0,8302.0
2971.47,0.0,21820.0,,,,,0.0,0.0,8302.0
2972.47,100.0,21719.9,,,,,100.0,100.0,8296.3
2973.47,0.0,21761.5,,,,,0.0,0.0,8282.0
2974.47,100.0,21778.5,,,,,100.0,100.0,8294.0
2975.47,100.0,21803.0,,,,,100.0,100.0,8281.0
2976.47,100.0,21803.0,,,,,100.0,100.0,8287.7
2977.47,0.0,21878.6,,,,,0.0,0.0,8298.0
2978.47,100.0,21944.6,,,,,100.0,100.0,8300.7
2979.47,100.0,21903.3,,,,,100.0,100.0,8302.1
2980.47,100.0,21861.7,,,,,100.0,100.0,8302.3
2981.47,0.0,21861.7,,,,,0.0,0.0,8302.3
2982.47,100.0,21820.0,,,,,100.0,100.0,8302.3
2983.47,100.0,21719.8,,,,,100.0,100.0,8302.5
2984.47,0.0,21761.5,,,,,0.0,0.0,8296.7
2985.48,100.0,21761.5,,,,,100.0,100.0,8297.0
2986.48,100.0,21761.5,,,,,100.0,100.0,8289.7
2987.48,0.0,21844.6,,,,,0.0,0.0,8289.4
2988.48,100.0,21844.6,,,,,100.0,100.0,8292.8
2989.48,100.0,21944.6,,,,,100.0,100.0,8301.0
2990.48,100.0,21903.1,,,,,100.0,100.0,8302.3
2991.48,0.0,21903.3,,,,,0.0,0.0,8302.4
2992.48,100.0,21861.7,,,,,100.0,100.0,8302.6
2993.48,100.0,21820.0,,,,,100.0,100.0,8302.6
2994.48,100.0,21719.9,,,,,100.0,100.0,8302.6
2995.48,0.66,21719.9,,,,,0.01,1.3,8282.3
2996.48,100.0,21719.9,,,,,100.0,100.0,8293.0
2997.48,0.0,21803.0,,,,,0.0,0.0,8298.0
2998.48,100.0,21803.0,,,,,100.0,100.0,8289.9
2999.48,100.0,21844.6,,,,,100.0,100.0,8298.5
3000.48,100.0,21944.6,,,,,100.0,100.0,8300.7
3001.48,0.0,21944.6,,,,,0.0,0.0,8301.2
3002.48,100.0,21903.3,,,,,100.0,100.0,8302.6
3003.48,100.0,21861.7,,,,,100.0,100.0,8302.8
3004.48,100.0,21820.0,,,,,100.0,100.0,8302.8
3005.48,0.0,21820.0,,,,,0.0,0.0,8302.8
3006.48,100.0,21719.9,,,,,100.0,100.0,8296.8
3007.48,0.0,21761.5,,,,,0.0,0.0,8282.3
3008.48,100.0,21761.5,,,,,100.0,100.0,8289.1
3009.48,100.0,21803.0,,,,,100.0,100.0,8280.1
3010.48,50.0,21837.0,,,,,100.0,0.0,8285.7
3011.48,50.0,21878.6,,,,,0.0,100.0,8298.5
3012.48,100.0,21944.6,,,,,100.0,100.0,8301.4
3013.48,100.0,21903.3,,,,,100.0,100.0,8302.8
3014.48,0.0,21903.3,,,,,0.0,0.0,8302.8
3015.48,100.0,21861.7,,,,,100.0,100.0,8303.0
3016.48,100.0,21820.0,,,,,100.0,100.0,8303.0
3017.48,100.0,21719.8,,,,,100.0,100.0,8303.2
3018.48,0.0,21740.7,,,,,0.0,0.0,8294.8
3019.48,100.0,21761.5,,,,,100.0,100.0,8289.9
3020.48,0.0,21803.0,,,,,0.0,0.0,8289.2
3021.48,100.0,21844.6,,,,,100.0,100.0,8289.6
3022.48,100.0,21844.6,,,,,100.0,100.0,8292.6
3023.48,100.0,21944.6,,,,,100.0,100.0,8301.3
3024.48,0.0,21944.6,,,,,0.0,0.0,8301.3
3025.48,100.0,21903.3,,,,,100.0,100.0,8302.7
3026.48,100.0,21861.7,,,,,100.0,100.0,8302.9
3027.48,100.0,21820.0,,,,,100.0,100.0,8302.9
3028.48,0.0,21820.0,,,,,0.0,0.0,8302.9
3029.48,100.0,21719.9,,,,,100.0,100.0,8282.7
3030.48,0.0,21761.5,,,,,0.0,0.0,8292.4
3031.48,100.0,21803.0,,,,,100.0,100.0,8298.6
3032.48,100.0,21803.0,,,,,100.0,100.0,8286.6
3033.48,100.0,21844.6,,,,,100.0,100.0,8299.3
3034.48,0.0,21878.6,,,,,0.0,0.0,8299.4
3035.48,100.0,21944.6,,,,,100.0,100.0,8301.9
3036.48,100.0,21903.3,,,,,100.0,100.0,8303.3
3037.48,100.0,21861.7,,,,,100.0,100.0,8303.5
3038.48,0.0,21861.7,,,,,0.0,0.0,8303.5
3039.48,100.0,21820.0,,,,,100.0,100.0,8303.5
3040.48,100.0,21685.8,,,,,100.0,100.0,8293.9
3041.48,0.0,21761.5,,,,,0.0,0.0,8282.8
3042.49,100.0,21761.5,,,,,100.0,100.0,8289.3
3043.49,100.0,21803.0,,,,,100.0,100.0,8279.6
3044.49,0.0,21844.6,,,,,0.0,0.0,8286.2
3045.49,100.0,21878.6,,,,,100.0,100.0,8299.3
3046.49,100.0,21944.6,,,,,100.0,100.0,8302.3
3047.49,100.0,21903.3,,,,,100.0,100.0,8303.7
3048.49,0.0,21903.3,,,,,0.0,0.0,8303.7
3049.49,100.0,21861.7,,,,,100.0,100.0,8303.9
3050.49,100.0,21820.0,,,,,100.0,100.0,8303.9
3051.49,100.0,21719.8,,,,,100.0,100.0,8304.0
3052.49,0.0,21740.7,,,,,0.0,0.0,8294.6
3053.49,100.0,21761.5,,,,,100.0,100.0,8290.3
3054.49,0.0,21803.0,,,,,0.0,0.0,8289.4
3055.49,100.0,21844.6,,,,,100.0,100.0,8290.1
3056.49,100.0,21844.6,,,,,100.0,100.0,8286.7
3057.49,100.0,21944.6,,,,,100.0,100.0,8302.5
3058.49,0.0,21944.6,,,,,0.0,0.0,8302.5
3059.49,100.0,21903.3,,,,,100.0,100.0,8304.0
3060.49,100.0,21861.7,,,,,100.0,100.0,8304.1
3061.49,100.0,21820.0,,,,,100.0,100.0,8304.1
3062.49,0.0,21820.0,,,,,0.0,0.0,8304.1
3063.49,100.0,21719.9,,,,,100.0,100.0,8298.5
3064.49,0.0,21761.5,,,,,0.0,0.0,8293.8
3065.49,100.0,21803.0,,,,,100.0,100.0,8299.4
3066.49,100.0,21803.0,,,,,100.0,100.0,8289.7
3067.49,100.0,21844.6,,,,,100.0,100.0,8300.2
3068.49,0.0,21878.6,,,,,0.0,0.0,8300.2
3069.49,100.0,21944.6,,,,,100.0,100.0,8302.8
3070.49,100.0,21903.3,,,,,100.0,100.0,8304.1
3071.49,100.0,21861.7,,,,,100.0,100.0,8304.3
3072.49,0.0,21861.7,,,,,0.0,0.0,8304.3
3073.49,100.0,21820.0,,,,,100.0,100.0,8304.3
3074.49,100.0,21719.8,,,,,100.0,100.0,8293.2
3075.49,0.0,21761.5,,,,,0.0,0.0,8283.6
3076.49,100.0,21761.5,,,,,100.0,100.0,8288.7
3077.49,100.0,21803.0,,,,,100.0,100.0,8299.7
3078.49,0.0,21844.6,,,,,0.0,0.0,8287.1
3079.49,100.0,21878.6,,,,,100.0,100.0,8300.1
3080.49,100.0,21944.6,,,,,100.0,100.0,8303.0
3081.49,100.0,21903.3,,,,,100.0,100.0,8304.4
3082.49,0.0,21903.3,,,,,0.0,0.0,8304.4
3083.49,100.0,21861.7,,,,,100.0,100.0,8304.5
3084.49,100.0,21820.0,,,,,100.0,100.0,8304.6
3085.49,100.0,21719.8,,,,,100.0,100.0,8304.7
3086.49,0.0,21719.9,,,,,0.0,0.0,8292.4
3087.49,100.0,21761.5,,,,,100.0,100.0,8290.9
3088.49,0.0,21803.0,,,,,0.0,0.0,8287.5
3089.49,100.0,21844.6,,,,,100.0,100.0,8290.1
3090.49,100.0,21844.6,,,,,100.0,100.0,8284.6
3091.49,100.0,21944.6,,,,,100.0,100.0,8303.1
3092.49,0.0,21944.6,,,,,0.0,0.0,8303.1
3093.49,100.0,21903.3,,,,,100.0,100.0,8304.6
3094.49,100.0,21861.7,,,,,100.0,100.0,8304.8
3095.49,100.0,21820.0,,,,,100.0,100.0,8304.8
3096.49,0.0,21820.0,,,,,0.0,0.0,8304.8
3097.49,100.0,21719.9,,,,,100.0,100.0,8299.3
3098.49,0.0,21761.5,,,,,0.0,0.0,8292.4
3099.49,100.0,21803.0,,,,,100.0,100.0,8300.1
3100.49,100.0,21803.0,,,,,100.0,100.0,8287.7
3101.49,100.0,21823.8,,,,,100.0,100.0,8300.0
3102.49,0.0,21878.6,,,,,0.0,0.0,8301.0
3103.49,100.0,21944.6,,,,,100.0,100.0,8303.7
3104.49,100.0,21903.3,,,,,100.0,100.0,8305.0
3105.49,100.0,21861.7,,,,,100.0,100.0,8305.1
3106.5,0.0,21861.7,,,,,0.0,0.0,8305.1
3107.5,100.0,21820.0,,,,,100.0,100.0,8305.1
3108.5,100.0,21719.8,,,,,100.0,100.0,8293.1
3109.5,0.0,21761.5,,,,,0.0,0.0,8284.8
3110.5,100.0,21761.5,,,,,100.0,100.0,8291.8
3111.5,100.0,21803.0,,,,,100.0,100.0,8300.7
3112.5,0.0,21844.6,,,,,0.0,0.0,8288.9
3113.5,100.0,21878.6,,,,,100.0,100.0,8300.9
3114.5,100.0,21944.6,,,,,100.0,100.0,8303.9
3115.5,100.0,21903.3,,,,,100.0,100.0,8305.2
3116.5,0.0,21903.3,,,,,0.0,0.0,8305.2
3117.5,100.0,21861.7,,,,,100.0,100.0,8305.3
3118.5,100.0,21820.0,,,,,100.0,100.0,8305.3
3119.5,100.0,21719.8,,,,,100.0,100.0,8305.5
3120.5,0.0,21719.9,,,,,0.0,0.0,8291.9
3121.5,100.0,21761.5,,,,,100.0,100.0,8280.9
3122.5,0.0,21803.0,,,,,0.0,0.0,8288.1
3123.5,100.0,21844.6,,,,,100.0,100.0,8281.4
3124.5,100.0,21844.6,,,,,100.0,100.0,8286.8
3125.5,100.0,21944.6,,,,,100.0,100.0,8304.2
3126.5,0.0,21944.6,,,,,0.0,0.0,8304.2
3127.5,100.0,21903.3,,,,,100.0,100.0,8305.6
3128.5,100.0,21861.7,,,,,100.0,100.0,8305.7
3129.5,100.0,21820.0,,,,,100.0,100.0,8305.7
3130.5,0.0,21820.0,,,,,0.0,0.0,8305.7
3131.5,100.0,21719.9,,,,,100.0,100.0,8300.1
3132.5,0.0,21761.5,,,,,0.0,0.0,8290.0
3133.5,100.0,21803.0,,,,,100.0,100.0,8300.9
3134.5,100.0,21803.0,,,,,100.0,100.0,8287.9
3135.5,100.0,21823.8,,,,,100.0,100.0,8298.6
3136.5,0.0,21878.6,,,,,0.0,0.0,8301.5
3137.5,100.0,21944.6,,,,,100.0,100.0,8304.1
3138.5,100.0,21903.3,,,,,100.0,100.0,8305.5
3139.5,100.0,21861.7,,,,,100.0,100.0,8305.7
3140.5,0.0,21861.7,,,,,0.0,0.0,8305.7
3141.5,100.0,21820.0,,,,,100.0,100.0,8305.7
3142.5,100.0,21719.8,,,,,100.0,100.0,8290.8
3143.5,0.0,21761.5,,,,,0.0,0.0,8300.3
3144.5,100.0,21761.5,,,,,100.0,100.0,8290.4
3145.5,100.0,21803.0,,,,,100.0,100.0,8301.2
3146.5,0.0,21844.6,,,,,0.0,0.0,8289.6
3147.5,100.0,21878.6,,,,,100.0,100.0,8301.6
3148.5,100.0,21944.6,,,,,100.0,100.0,8304.6
3149.5,100.0,21903.3,,,,,100.0,100.0,8305.9
3150.5,0.0,21903.3,,,,,0.0,0.0,8305.9
3151.5,100.0,21861.7,,,,,100.0,100.0,8306.0
3152.5,100.0,21820.0,,,,,100.0,100.0,8306.0
3153.5,100.0,21719.8,,,,,100.0,100.0,8285.3
3154.5,0.0,21719.9,,,,,0.0,0.0,8290.7
3155.5,100.0,21761.5,,,,,100.0,100.0,8281.5
3156.5,0.0,21803.0,,,,,0.0,0.0,8289.0
3157.5,100.0,21844.6,,,,,100.0,100.0,8302.1
3158.5,100.0,21844.6,,,,,100.0,100.0,8288.1
3159.5,100.0,21944.6,,,,,100.0,100.0,8304.7
3160.5,0.0,21944.6,,,,,0.0,0.0,8304.7
3161.5,100.0,21903.3,,,,,100.0,100.0,8306.1
3162.5,100.0,21861.7,,,,,100.0,100.0,8306.3
3163.5,100.0,21820.0,,,,,100.0,100.0,8306.3
3164.5,0.0,21820.0,,,,,0.0,0.0,8306.3
3165.5,100.0,21719.9,,,,,100.0,100.0,8300.8
3166.5,0.0,21761.5,,,,,0.0,0.0,8290.1
3167.5,100.0,21803.0,,,,,100.0,100.0,8301.7
3168.5,100.0,21803.0,,,,,100.0,100.0,8294.5
3169.5,100.0,21823.8,,,,,100.0,100.0,8299.5
3170.5,0.0,21878.6,,,,,0.0,0.0,8302.5
3171.51,100.0,21944.6,,,,,100.0,100.0,8305.0
3172.51,100.0,21903.3,,,,,100.0,100.0,8306.4
3173.51,100.0,21861.7,,,,,100.0,100.0,8306.5
3174.51,0.0,21861.7,,,,,0.0,0.0,8306.5
3175.51,100.0,21820.0,,,,,100.0,100.0,8306.5
3176.51,100.0,21719.8,,,,,100.0,100.0,8288.9
3177.51,0.0,21761.5,,,,,0.0,0.0,8301.2
3178.51,100.0,21761.5,,,,,100.0,100.0,8288.3
3179.51,100.0,21803.0,,,,,100.0,100.0,8301.9
3180.51,0.0,21844.6,,,,,0.0,0.0,8288.0
3181.51,100.0,21861.6,,,,,100.0,100.0,8299.5
3182.51,100.0,21944.6,,,,,100.0,100.0,8305.3
3183.51,100.0,21903.3,,,,,100.0,100.0,8306.6
3184.51,0.0,21903.3,,,,,0.0,0.0,8306.6
3185.51,100.0,21861.7,,,,,100.0,100.0,8306.7
3186.51,100.0,21820.0,,,,,100.0,100.0,8306.7
3187.51,100.0,21719.8,,,,,100.0,100.0,8288.1
3188.51,0.0,21719.9,,,,,0.0,0.0,8288.8
3189.51,100.0,21761.5,,,,,100.0,100.0,8281.1
3190.51,0.0,21803.0,,,,,0.0,0.0,8287.7
3191.51,100.0,21844.6,,,,,100.0,100.0,8302.8
3192.51,100.0,21844.6,,,,,100.0,100.0,8287.9
3193.51,100.0,21944.6,,,,,100.0,100.0,8305.6
3194.51,0.0,21944.6,,,,,0.0,0.0,8305.6
3195.51,100.0,21903.3,,,,,100.0,100.0,8306.8
3196.51,100.0,21861.7,,,,,100.0,100.0,8307.0
3197.51,100.0,21820.0,,,,,100.0,100.0,8307.0
3198.51,0.0,21820.0,,,,,0.0,0.0,8307.0
3199.51,100.0,21719.9,,,,,100.0,100.0,8301.5
3200.51,0.0,21761.5,,,,,0.0,0.0,8290.0
3201.51,100.0,21782.3,,,,,100.0,100.0,8301.4
3202.51,100.0,21803.0,,,,,100.0,100.0,8295.6
3203.51,100.0,21823.8,,,,,100.0,100.0,8285.9
3204.51,0.0,21878.6,,,,,0.0,0.0,8302.9
3205.51,100.0,21944.6,,,,,100.0,100.0,8305.7
3206.51,100.0,21903.3,,,,,100.0,100.0,8307.0
3207.51,100.0,21861.7,,,,,100.0,100.0,8307.2
3208.51,0.0,21861.7,,,,,0.0,0.0,8307.2
3209.51,100.0,21820.0,,,,,100.0,100.0,8307.2
3210.51,100.0,21719.8,,,,,100.0,100.0,8288.2
3211.51,0.0,21761.5,,,,,0.0,0.0,8301.9
3212.51,100.0,21761.5,,,,,100.0,100.0,8289.3
3213.51,100.0,21803.0,,,,,100.0,100.0,8302.6
3214.51,0.0,21844.6,,,,,0.0,0.0,8289.5
3215.51,100.0,21861.6,,,,,100.0,100.0,8299.2
3216.51,100.0,21944.6,,,,,100.0,100.0,8305.9
3217.51,100.0,21903.3,,,,,100.0,100.0,8307.2
3218.51,0.0,21903.3,,,,,0.0,0.0,8307.2
3219.51,100.0,21861.7,,,,,100.0,100.0,8307.4
3220.51,100.0,21820.0,,,,,100.0,100.0,8307.4
3221.51,100.0,21719.8,,,,,100.0,100.0,8280.1
3222.51,0.0,21719.9,,,,,0.0,0.0,8287.5
3223.51,100.0,21761.5,,,,,100.0,100.0,8301.9
3224.51,0.0,21803.0,,,,,0.0,0.0,8287.5
3225.51,100.0,21803.0,,,,,100.0,100.0,8298.7
3226.51,100.0,21844.6,,,,,100.0,100.0,8285.4
3227.51,100.0,21944.6,,,,,100.0,100.0,8306.0
3228.51,0.0,21944.6,,,,,0.0,0.0,8306.0
3229.51,100.0,21903.3,,,,,100.0,100.0,8307.4
3230.51,100.0,21861.7,,,,,100.0,100.0,8307.6
3231.51,100.0,21820.0,,,,,100.0,100.0,8307.6
3232.51,0.0,21820.0,,,,,0.0,0.0,8307.6
3233.51,100.0,21719.9,,,,,100.0,100.0,8301.8
3234.51,0.0,21761.5,,,,,0.0,0.0,8289.1
3235.52,100.0,21782.3,,,,,100.0,100.0,8301.2
3236.52,100.0,21803.0,,,,,100.0,100.0,8302.9
3237.52,100.0,21803.0,,,,,100.0,100.0,8296.0
3238.52,0.0,21878.6,,,,,0.0,0.0,8303.6
3239.52,100.0,21944.6,,,,,100.0,100.0,8306.1
3240.52,100.0,21903.3,,,,,100.0,100.0,8307.6
3241.52,100.0,21861.7,,,,,100.0,100.0,8307.7
3242.52,0.0,21861.7,,,,,0.0,0.0,8307.7
3243.52,100.0,21820.0,,,,,100.0,100.0,8307.7
3244.52,100.0,21719.8,,,,,100.0,100.0,8287.8
3245.52,0.0,21761.5,,,,,0.0,0.0,8302.4
3246.52,100.0,21761.5,,,,,100.0,100.0,8288.3
3247.52,100.0,21782.3,,,,,100.0,100.0,8300.8
3248.52,0.0,21844.6,,,,,0.0,0.0,8304.1
3249.52,100.0,21844.6,,,,,100.0,100.0,8294.8
3250.52,100.0,21944.6,,,,,100.0,100.0,8306.5
3251.52,100.0,21903.3,,,,,100.0,100.0,8307.9
3252.52,0.0,21903.3,,,,,0.0,0.0,8307.9
3253.52,100.0,21861.7,,,,,100.0,100.0,8308.1
3254.52,100.0,21820.0,,,,,100.0,100.0,8308.1
3255.52,100.0,21719.8,,,,,100.0,100.0,8280.1
3256.52,0.0,21719.9,,,,,0.0,0.0,8287.5
3257.52,100.0,21761.5,,,,,100.0,100.0,8302.9
3258.52,0.0,21803.0,,,,,0.0,0.0,8288.5
3259.52,100.0,21823.8,,,,,100.0,100.0,8301.1
3260.52,100.0,21844.6,,,,,100.0,100.0,8286.9
3261.52,100.0,21944.6,,,,,100.0,100.0,8306.7
3262.52,0.0,21944.6,,,,,0.0,0.0,8306.7
3263.52,100.0,21903.3,,,,,100.0,100.0,8308.1
3264.52,100.0,21861.7,,,,,100.0,100.0,8308.3
3265.52,100.0,21820.0,,,,,100.0,100.0,8308.3
3266.52,0.0,21820.0,,,,,0.0,0.0,8308.3
3267.52,100.0,21719.9,,,,,100.0,100.0,8302.7
3268.52,0.0,21761.5,,,,,0.0,0.0,8303.0
3269.52,100.0,21802.3,,,,,100.0,100.0,8303.5
3270.52,100.0,21803.0,,,,,100.0,100.0,8303.7
3271.52,100.0,21803.0,,,,,100.0,100.0,8295.9
3272.52,0.0,21878.6,,,,,0.0,0.0,8304.4
3273.52,100.0,21944.6,,,,,100.0,100.0,8307.0
3274.52,100.0,21903.3,,,,,100.0,100.0,8308.3
3275.52,100.0,21861.7,,,,,100.0,100.0,8308.5
3276.52,0.0,21861.7,,,,,0.0,0.0,8308.5
3277.52,100.0,21820.0,,,,,100.0,100.0,8308.5
3278.52,100.0,21719.8,,,,,100.0,100.0,8288.7
3279.52,0.0,21761.5,,,,,0.0,0.0,8302.9
3280.52,100.0,21761.5,,,,,100.0,100.0,8289.2
3281.52,100.0,21778.5,,,,,100.0,100.0,8302.2
3282.52,0.0,21844.6,,,,,0.0,0.0,8304.6
3283.52,100.0,21844.6,,,,,100.0,100.0,8292.8
3284.52,100.0,21944.6,,,,,100.0,100.0,8307.2
3285.52,100.0,21903.3,,,,,100.0,100.0,8308.6
3286.52,0.0,21903.3,,,,,0.0,0.0,8308.6
3287.52,100.0,21861.7,,,,,100.0,100.0,8308.7
3288.52,100.0,21820.0,,,,,100.0,100.0,8308.7
3289.52,100.0,21719.8,,,,,100.0,100.0,8280.2
3290.52,0.0,21719.9,,,,,0.0,0.0,8287.7
3291.52,100.0,21761.5,,,,,100.0,100.0,8303.1
3292.52,0.0,21803.0,,,,,0.0,0.0,8289.0
3293.52,100.0,21803.0,,,,,100.0,100.0,8297.2
3294.52,100.0,21844.6,,,,,100.0,100.0,8285.7
3295.52,100.0,21944.6,,,,,100.0,100.0,8307.5
3296.52,0.0,21944.6,,,,,0.0,0.0,8307.5
3297.52,100.0,21903.3,,,,,100.0,100.0,8308.8
3298.52,100.0,21861.7,,,,,100.0,100.0,8308.9
3299.53,100.0,21820.0,,,,,100.0,100.0,8308.9
3300.53,0.0,21820.0,,,,,0.0,0.0,8308.9
3301.53,100.0,21719.9,,,,,100.0,100.0,8303.2
3302.53,0.0,21761.5,,,,,0.0,0.0,8289.0
3303.53,100.0,21803.0,,,,,100.0,100.0,8304.1
3304.53,100.0,21803.0,,,,,100.0,100.0,8296.9
3305.53,100.0,21803.0,,,,,100.0,100.0,8297.9
3306.53,0.0,21878.6,,,,,0.0,0.0,8305.1
3307.53,100.0,21944.6,,,,,100.0,100.0,8307.6
3308.53,100.0,21903.3,,,,,100.0,100.0,8309.1
3309.53,100.0,21861.7,,,,,100.0,100.0,8309.2
3310.53,0.0,21861.7,,,,,0.0,0.0,8309.2
3311.53,100.0,21820.0,,,,,100.0,100.0,8309.3
3312.53,100.0,21719.8,,,,,100.0,100.0,8289.2
3313.53,0.0,21761.5,,,,,0.0,0.0,8303.7
3314.53,100.0,21761.5,,,,,100.0,100.0,8289.4
3315.53,100.0,21761.5,,,,,100.0,100.0,8300.8
3316.53,0.0,21844.6,,,,,0.0,0.0,8305.4
3317.53,100.0,21844.6,,,,,100.0,100.0,8294.2
3318.53,100.0,21944.6,,,,,100.0,100.0,8307.8
3319.53,100.0,21903.3,,,,,100.0,100.0,8309.2
3320.53,0.0,21903.3,,,,,0.0,0.0,8309.2
3321.53,100.0,21861.7,,,,,100.0,100.0,8309.4
3322.53,100.0,21820.0,,,,,100.0,100.0,8309.4
3323.53,100.0,21719.8,,,,,100.0,100.0,8309.5
3324.53,0.0,21719.9,,,,,0.0,0.0,8288.4
3325.53,100.0,21740.7,,,,,100.0,100.0,8303.4
3326.53,0.0,21803.0,,,,,0.0,0.0,8289.0
3327.53,100.0,21803.0,,,,,100.0,100.0,8295.6
3328.53,100.0,21844.6,,,,,100.0,100.0,8305.6
3329.53,100.0,21944.6,,,,,100.0,100.0,8308.1
3330.53,0.0,21944.6,,,,,0.0,0.0,8308.1
3331.53,100.0,21903.3,,,,,100.0,100.0,8309.5
3332.53,100.0,21861.7,,,,,100.0,100.0,8309.7
3333.53,100.0,21820.0,,,,,100.0,100.0,8309.7
3334.53,0.0,21820.0,,,,,0.0,0.0,8309.7
3335.53,100.0,21719.9,,,,,100.0,100.0,8303.9
3336.53,0.0,21761.5,,,,,0.0,0.0,8296.2
3337.53,100.0,21761.5,,,,,100.0,100.0,8300.4
3338.53,100.0,21803.0,,,,,100.0,100.0,8287.1
3339.53,100.0,21803.0,,,,,100.0,100.0,8296.5
3340.53,0.0,21878.6,,,,,0.0,0.0,8305.9
3341.53,100.0,21944.6,,,,,100.0,100.0,8308.5
3342.53,100.0,21903.3,,,,,100.0,100.0,8309.8
3343.53,100.0,21861.7,,,,,100.0,100.0,8310.0
3344.53,0.0,21861.7,,,,,0.0,0.0,8310.0
3345.53,100.0,21820.0,,,,,100.0,100.0,8310.0
3346.53,100.0,21719.8,,,,,100.0,100.0,8288.7
3347.53,0.0,21761.5,,,,,0.0,0.0,8304.3
3348.53,100.0,21761.5,,,,,100.0,100.0,8304.5
3349.53,100.0,21761.5,,,,,100.0,100.0,8297.5
3350.53,0.0,21844.6,,,,,0.0,0.0,8306.0
3351.53,100.0,21844.6,,,,,100.0,100.0,8294.0
3352.53,100.0,21944.6,,,,,100.0,100.0,8308.5
3353.53,100.0,21903.3,,,,,100.0,100.0,8310.0
3354.53,0.0,21903.3,,,,,0.0,0.0,8310.0
3355.53,100.0,21861.7,,,,,100.0,100.0,8310.2
3356.53,100.0,21820.0,,,,,100.0,100.0,8310.2
3357.53,100.0,21719.8,,,,,100.0,100.0,8310.2
3358.53,0.0,21719.9,,,,,0.0,0.0,8289.4
3359.53,100.0,21760.7,,,,,100.0,100.0,8304.7
3360.53,0.0,21803.0,,,,,0.0,0.0,8289.4
3361.53,100.0,21803.0,,,,,100.0,100.0,8295.3
3362.53,100.0,21844.6,,,,,100.0,100.0,8306.4
3363.54,100.0,21944.6,,,,,100.0,100.0,8308.9
3364.54,0.0,21944.6,,,,,0.0,0.0,8308.9
3365.54,100.0,21903.3,,,,,100.0,100.0,8310.2
3366.54,100.0,21861.7,,,,,100.0,100.0,8310.4
3367.54,100.0,21820.0,,,,,100.0,100.0,8310.4
3368.54,0.0,21820.0,,,,,0.0,0.0,8310.4
3369.54,100.0,21719.9,,,,,100.0,100.0,8304.6
3370.54,0.0,21761.5,,,,,0.0,0.0,8287.7
3371.54,100.0,21761.5,,,,,100.0,100.0,8299.8
3372.54,100.0,21803.0,,,,,100.0,100.0,8287.4
3373.54,100.0,21803.0,,,,,100.0,100.0,8293.3
3374.54,0.0,21878.6,,,,,0.0,0.0,8306.3
3375.54,100.0,21944.6,,,,,100.0,100.0,8309.1
3376.54,100.0,21903.3,,,,,100.0,100.0,8310.6
3377.54,100.0,21861.7,,,,,100.0,100.0,8310.7
3378.54,0.0,21861.7,,,,,0.0,0.0,8310.7
3379.54,100.0,21820.0,,,,,100.0,100.0,8310.7
3380.54,100.0,21719.8,,,,,100.0,100.0,8289.0
3381.54,0.0,21740.7,,,,,0.0,0.0,8302.2
3382.54,100.0,21761.5,,,,,100.0,100.0,8305.3
3383.54,100.0,21761.5,,,,,100.0,100.0,8296.9
3384.54,0.0,21844.6,,,,,0.0,0.0,8306.9
3385.54,100.0,21844.6,,,,,100.0,100.0,8293.8
3386.54,100.0,21944.6,,,,,100.0,100.0,8309.4
3387.54,100.0,21903.1,,,,,100.0,100.0,8310.6
3388.54,0.0,21903.3,,,,,0.0,0.0,8310.9
3389.54,100.0,21861.7,,,,,100.0,100.0,8311.1
3390.54,100.0,21820.0,,,,,100.0,100.0,8311.1
3391.54,0.0,21820.0,,,,,0.0,0.0,8311.1
3392.54,100.0,21719.9,,,,,100.0,100.0,8290.0
3393.54,100.0,21740.7,,,,,100.0,100.0,8301.4
3394.54,0.0,21803.0,,,,,0.0,0.0,8289.2
3395.54,100.0,21803.0,,,,,100.0,100.0,8297.4
3396.54,100.0,21844.6,,,,,100.0,100.0,8307.3
3397.54,0.0,21878.6,,,,,0.0,0.0,8305.3
3398.54,100.0,21944.6,,,,,100.0,100.0,8308.2
3399.54,100.0,21903.3,,,,,100.0,100.0,8309.5
3400.54,100.0,21861.7,,,,,100.0,100.0,8309.6
3401.54,0.0,21861.7,,,,,0.0,0.0,8309.6
3402.54,100.0,21820.0,,,,,100.0,100.0,8309.7
3403.54,100.0,21719.9,,,,,100.0,100.0,8303.1
3404.54,0.0,21761.5,,,,,0.0,0.0,8288.9
3405.54,100.0,21761.5,,,,,100.0,100.0,8300.2
3406.54,100.0,21803.0,,,,,100.0,100.0,8289.0
3407.54,0.0,21844.6,,,,,0.0,0.0,8295.3
3408.54,100.0,21878.6,,,,,100.0,100.0,8305.7
3409.54,100.0,21944.6,,,,,100.0,100.0,8308.3
3410.54,100.0,21903.3,,,,,100.0,100.0,8309.7
3411.54,0.0,21903.3,,,,,0.0,0.0,8309.7
3412.54,100.0,21861.7,,,,,100.0,100.0,8309.8
3413.54,100.0,21820.0,,,,,100.0,100.0,8309.8
3414.54,100.0,21719.8,,,,,100.0,100.0,8290.0
3415.54,0.0,21719.9,,,,,0.0,0.0,8300.7
3416.54,100.0,21761.5,,,,,100.0,100.0,8304.5
3417.54,0.0,21803.0,,,,,0.0,0.0,8297.6
3418.54,100.0,21844.6,,,,,100.0,100.0,8306.1
3419.54,100.0,21844.6,,,,,100.0,100.0,8295.6
3420.54,100.0,21944.6,,,,,100.0,100.0,8308.6
3421.54,0.0,21944.6,,,,,0.0,0.0,8308.6
3422.54,100.0,21903.3,,,,,100.0,100.0,8310.0
3423.54,100.0,21861.7,,,,,100.0,100.0,8310.2
3424.54,100.0,21820.0,,,,,100.0,100.0,8310.2
3425.54,0.0,21820.0,,,,,0.0,0.0,8310.2
3426.54,100.0,21719.9,,,,,100.0,100.0,8290.9
3427.55,0.0,21761.5,,,,,0.0,0.0,8299.0
3428.55,100.0,21803.0,,,,,100.0,100.0,8305.6
3429.55,100.0,21803.0,,,,,100.0,100.0,8293.6
3430.55,100.0,21840.8,,,,,100.0,100.0,8305.7
3431.55,0.0,21878.6,,,,,0.0,0.0,8306.3
3432.55,100.0,21944.6,,,,,100.0,100.0,8308.8
3433.55,100.0,21903.3,,,,,100.0,100.0,8310.2
3434.55,100.0,21861.7,,,,,100.0,100.0,8310.4
3435.55,0.0,21861.7,,,,,0.0,0.0,8310.4
3436.55,100.0,21820.0,,,,,100.0,100.0,8310.4
3437.55,100.0,21702.8,,,,,100.0,100.0,8300.5
3438.55,0.0,21761.5,,,,,0.0,0.0,8291.4
3439.55,100.0,21761.5,,,,,100.0,100.0,8296.6
3440.55,100.0,21803.0,,,,,100.0,100.0,8286.8
3441.55,0.0,21844.6,,,,,0.0,0.0,8294.1
3442.55,100.0,21878.6,,,,,100.0,100.0,8306.2
3443.55,100.0,21944.6,,,,,100.0,100.0,8309.0
3444.55,100.0,21903.3,,,,,100.0,100.0,8310.4
3445.55,0.0,21903.3,,,,,0.0,0.0,8310.4
3446.55,100.0,21861.7,,,,,100.0,100.0,8310.6
3447.55,100.0,21820.0,,,,,100.0,100.0,8310.6
3448.55,100.0,21719.8,,,,,100.0,100.0,8310.8
3449.55,0.0,21719.9,,,,,0.0,0.0,8300.7
3450.55,100.0,21761.5,,,,,100.0,100.0,8305.3
3451.55,0.0,21803.0,,,,,0.0,0.0,8297.0
3452.55,100.0,21844.6,,,,,100.0,100.0,8298.5
3453.55,100.0,21844.6,,,,,100.0,100.0,8301.5
3454.55,100.0,21944.6,,,,,100.0,100.0,8309.3
3455.55,0.0,21944.6,,,,,0.0,0.0,8309.3
3456.55,100.0,21903.3,,,,,100.0,100.0,8310.7
3457.55,100.0,21861.7,,,,,100.0,100.0,8310.9
3458.55,100.0,21820.0,,,,,100.0,100.0,8310.9
3459.55,0.0,21820.0,,,,,0.0,0.0,8310.9
3460.55,100.0,21719.9,,,,,100.0,100.0,8290.8
3461.55,0.0,21761.5,,,,,0.0,0.0,8297.9
3462.55,100.0,21803.0,,,,,100.0,100.0,8306.4
3463.55,100.0,21803.0,,,,,100.0,100.0,8295.2
3464.55,100.0,21844.6,,,,,100.0,100.0,8307.2
3465.55,0.0,21878.6,,,,,0.0,0.0,8307.2
3466.55,100.0,21944.6,,,,,100.0,100.0,8309.8
3467.55,100.0,21903.3,,,,,100.0,100.0,8311.1
3468.55,100.0,21861.7,,,,,100.0,100.0,8311.2
3469.55,0.0,21861.7,,,,,0.0,0.0,8311.2
3470.55,100.0,21820.0,,,,,100.0,100.0,8311.2
3471.55,100.0,21719.8,,,,,100.0,100.0,8300.2
3472.55,0.0,21761.5,,,,,0.0,0.0,8291.4
3473.55,100.0,21761.5,,,,,100.0,100.0,8296.3
3474.55,100.0,21803.0,,,,,100.0,100.0,8299.3
3475.55,0.0,21844.6,,,,,0.0,0.0,8302.5
3476.55,100.0,21861.6,,,,,100.0,100.0,8304.8
3477.55,100.0,21944.6,,,,,100.0,100.0,8309.9
3478.55,100.0,21903.3,,,,,100.0,100.0,8311.3
3479.55,0.0,21903.3,,,,,0.0,0.0,8311.3
3480.55,100.0,21861.7,,,,,100.0,100.0,8311.4
3481.55,100.0,21820.0,,,,,100.0,100.0,8311.5
3482.55,100.0,21719.8,,,,,100.0,100.0,8311.6
3483.55,0.0,21719.9,,,,,0.0,0.0,8301.6
3484.55,100.0,21761.5,,,,,100.0,100.0,8298.7
3485.55,0.0,21803.0,,,,,0.0,0.0,8298.3
3486.55,100.0,21844.6,,,,,100.0,100.0,8289.4
3487.55,100.0,21844.6,,,,,100.0,100.0,8295.8
3488.55,100.0,21944.6,,,,,100.0,100.0,8310.2
3489.55,0.0,21944.6,,,,,0.0,0.0,8310.2
3490.55,100.0,21903.3,,,,,100.0,100.0,8311.6
3491.56,100.0,21861.7,,,,,100.0,100.0,8311.8
3492.56,100.0,21820.0,,,,,100.0,100.0,8311.8
3493.56,0.0,21820.0,,,,,0.0,0.0,8311.8
3494.56,100.0,21719.9,,,,,100.0,100.0,8291.7
3495.56,0.0,21761.5,,,,,0.0,0.0,8297.7
3496.56,100.0,21803.0,,,,,100.0,100.0,8307.2
3497.56,100.0,21803.0,,,,,100.0,100.0,8295.8
3498.56,100.0,21823.8,,,,,100.0,100.0,8307.2
3499.56,0.0,21878.6,,,,,0.0,0.0,8307.9
3500.56,100.0,21944.6,,,,,100.0,100.0,8310.4
3501.56,100.0,21903.3,,,,,100.0,100.0,8311.9
3502.56,100.0,21861.7,,,,,100.0,100.0,8312.1
3503.56,0.0,21861.7,,,,,0.0,0.0,8312.1
3504.56,100.0,21820.0,,,,,100.0,100.0,8312.1
3505.56,100.0,21719.8,,,,,100.0,100.0,8297.8
3506.56,0.0,21761.5,,,,,0.0,0.0,8290.1
3507.56,100.0,21761.5,,,,,100.0,100.0,8295.5
3508.56,100.0,21803.0,,,,,100.0,100.0,8307.5
3509.56,0.0,21844.6,,,,,0.0,0.0,8294.0
3510.56,100.0,21861.6,,,,,100.0,100.0,8303.2
3511.56,100.0,21944.6,,,,,100.0,100.0,8310.8
3512.56,100.0,21903.3,,,,,100.0,100.0,8312.2
3513.56,0.0,21903.3,,,,,0.0,0.0,8312.2
3514.56,100.0,21861.7,,,,,100.0,100.0,8312.4
3515.56,100.0,21820.0,,,,,100.0,100.0,8312.4
3516.56,100.0,21719.8,,,,,100.0,100.0,8312.6
3517.56,0.0,21719.9,,,,,0.0,0.0,8298.9
3518.56,100.0,21761.5,,,,,100.0,100.0,8299.3
3519.56,0.0,21803.0,,,,,0.0,0.0,8296.6
3520.56,100.0,21844.3,,,,,100.0,100.0,8298.4
3521.56,100.0,21844.6,,,,,100.0,100.0,8301.8
3522.56,100.0,21944.6,,,,,100.0,100.0,8310.9
3523.56,0.0,21944.6,,,,,0.0,0.0,8310.9
3524.56,100.0,21903.3,,,,,100.0,100.0,8312.3
3525.56,100.0,21861.7,,,,,100.0,100.0,8312.5
3526.56,100.0,21820.0,,,,,100.0,100.0,8312.5
3527.56,0.0,21820.0,,,,,0.0,0.0,8312.5
3528.56,100.0,21719.9,,,,,100.0,100.0,8307.0
3529.56,0.0,21761.5,,,,,0.0,0.0,8298.7
3530.56,100.0,21803.0,,,,,100.0,100.0,8307.9
3531.56,100.0,21803.0,,,,,100.0,100.0,8298.9
3532.56,100.0,21844.6,,,,,100.0,100.0,8301.1
3533.56,0.0,21878.6,,,,,0.0,0.0,8308.5
3534.56,100.0,21944.6,,,,,100.0,100.0,8311.1
3535.56,100.0,21903.3,,,,,100.0,100.0,8312.5
3536.56,100.0,21861.7,,,,,100.0,100.0,8312.7
3537.56,0.0,21861.7,,,,,0.0,0.0,8312.7
3538.56,100.0,21820.0,,,,,100.0,100.0,8312.7
3539.56,100.0,21719.8,,,,,100.0,100.0,8297.3
3540.56,0.0,21761.5,,,,,0.0,0.0,8289.2
3541.56,100.0,21761.5,,,,,100.0,100.0,8296.0
3542.56,100.0,21803.0,,,,,100.0,100.0,8307.9
3543.56,0.0,21844.6,,,,,0.0,0.0,8294.8
3544.56,100.0,21861.6,,,,,100.0,100.0,8303.3
3545.56,100.0,21944.6,,,,,100.0,100.0,8311.3
3546.56,100.0,21903.3,,,,,100.0,100.0,8312.7
3547.56,0.0,21903.3,,,,,0.0,0.0,8312.7
3548.56,100.0,21861.7,,,,,100.0,100.0,8312.9
3549.56,100.0,21820.0,,,,,100.0,100.0,8312.9
3550.56,100.0,21719.8,,,,,100.0,100.0,8313.1
3551.56,0.0,21719.9,,,,,0.0,0.0,8297.5
3552.56,100.0,21761.5,,,,,100.0,100.0,8307.6
3553.56,0.0,21803.0,,,,,0.0,0.0,8301.9
3554.57,100.0,21844.6,,,,,100.0,100.0,8298.9
3555.57,100.0,21844.6,,,,,100.0,100.0,8302.2
3556.57,100.0,21944.6,,,,,100.0,100.0,8311.7
3557.57,0.0,21944.6,,,,,0.0,0.0,8311.7
3558.57,100.0,21903.3,,,,,100.0,100.0,8313.0
3559.57,100.0,21861.7,,,,,100.0,100.0,8313.1
3560.57,100.0,21820.0,,,,,100.0,100.0,8313.1
3561.57,0.0,21820.0,,,,,0.0,0.0,8313.1
3562.57,100.0,21719.9,,,,,100.0,100.0,8307.5
3563.57,0.0,21761.5,,,,,0.0,0.0,8297.1
3564.57,100.0,21803.0,,,,,100.0,100.0,8308.4
3565.57,100.0,21803.0,,,,,100.0,100.0,8295.8
3566.57,100.0,21823.8,,,,,100.0,100.0,8306.8
3567.57,0.0,21878.6,,,,,0.0,0.0,8309.2
3568.57,100.0,21944.6,,,,,100.0,100.0,8311.7
3569.57,100.0,21903.3,,,,,100.0,100.0,8313.2
3570.57,100.0,21861.7,,,,,100.0,100.0,8313.4
3571.57,0.0,21861.7,,,,,0.0,0.0,8313.4
3572.57,100.0,21820.0,,,,,100.0,100.0,8313.4
3573.57,100.0,21719.8,,,,,100.0,100.0,8296.6
3574.57,0.0,21761.5,,,,,0.0,0.0,8289.5
3575.57,100.0,21761.5,,,,,100.0,100.0,8294.5
3576.57,100.0,21782.3,,,,,100.0,100.0,8306.1
3577.57,0.0,21844.6,,,,,0.0,0.0,8294.4
3578.57,100.0,21844.6,,,,,100.0,100.0,8300.6
3579.57,100.0,21944.6,,,,,100.0,100.0,8312.0
3580.57,100.0,21903.3,,,,,100.0,100.0,8313.4
3581.57,0.0,21903.3,,,,,0.0,0.0,8313.4
3582.57,100.0,21861.7,,,,,100.0,100.0,8313.6
3583.57,100.0,21820.0,,,,,100.0,100.0,8313.6
3584.57,100.0,21719.8,,,,,100.0,100.0,8313.8
3585.57,0.0,21719.9,,,,,0.0,0.0,8296.8
3586.57,100.0,21761.5,,,,,100.0,100.0,8299.0
3587.57,0.0,21803.0,,,,,0.0,0.0,8302.9
3588.57,100.0,21823.8,,,,,100.0,100.0,8307.7
3589.57,100.0,21844.6,,,,,100.0,100.0,8302.1
3590.57,100.0,21944.6,,,,,100.0,100.0,8312.3
3591.57,0.0,21944.6,,,,,0.0,0.0,8312.3
3592.57,100.0,21903.3,,,,,100.0,100.0,8313.7
3593.57,100.0,21861.7,,,,,100.0,100.0,8313.9
3594.57,100.0,21820.0,,,,,100.0,100.0,8313.9
3595.57,0.0,21820.0,,,,,0.0,0.0,8313.9
3596.57,100.0,21719.9,,,,,100.0,100.0,8308.3
3597.57,0.0,21761.5,,,,,0.0,0.0,8297.6
3598.57,100.0,21803.0,,,,,100.0,100.0,8309.3
3599.57,100.0,21803.0,,,,,100.0,100.0,8296.0
3600.57,100.0,21823.8,,,,,100.0,100.0,8306.9
3601.57,0.0,21878.6,,,,,0.0,0.0,8310.0
3602.57,100.0,21944.6,,,,,100.0,100.0,8312.5
3603.57,100.0,21903.3,,,,,100.0,100.0,8314.0
3604.57,100.0,21861.7,,,,,100.0,100.0,8314.2
3605.57,0.0,21861.7,,,,,0.0,0.0,8314.2
3606.57,100.0,21820.0,,,,,100.0,100.0,8314.2
3607.57,100.0,21719.8,,,,,100.0,100.0,8295.9
3608.57,0.0,21761.5,,,,,0.0,0.0,8308.9
3609.57,100.0,21761.5,,,,,100.0,100.0,8295.7
3610.57,100.0,21782.3,,,,,100.0,100.0,8307.9
3611.57,0.0,21844.6,,,,,0.0,0.0,8295.7
3612.57,100.0,21844.6,,,,,100.0,100.0,8301.2
3613.57,100.0,21944.6,,,,,100.0,100.0,8313.0
3614.57,100.0,21903.3,,,,,100.0,100.0,8314.3
3615.57,0.0,21903.3,,,,,0.0,0.0,8314.3
3616.57,100.0,21861.7,,,,,100.0,100.0,8314.5
3617.58,100.0,21820.0,,,,,100.0,100.0,8314.5
3618.58,100.0,21719.8,,,,,100.0,100.0,8314.6
3619.58,0.0,21719.9,,,,,0.0,0.0,8303.2
3620.58,100.0,21761.5,,,,,100.0,100.0,8300.6
3621.58,0.0,21803.0,,,,,0.0,0.0,8296.2
3622.58,100.0,21823.8,,,,,100.0,100.0,8308.1
3623.58,100.0,21844.6,,,,,100.0,100.0,8295.4
3624.58,100.0,21944.6,,,,,100.0,100.0,8313.2
3625.58,0.0,21944.6,,,,,0.0,0.0,8313.2
3626.58,100.0,21903.3,,,,,100.0,100.0,8314.5
3627.58,100.0,21861.7,,,,,100.0,100.0,8314.7
3628.58,100.0,21820.0,,,,,100.0,100.0,8314.7
3629.58,0.0,21820.0,,,,,0.0,0.0,8314.7
3630.58,100.0,21719.9,,,,,100.0,100.0,8309.0
3631.58,0.0,21761.5,,,,,0.0,0.0,8297.3
3632.58,100.0,21803.0,,,,,100.0,100.0,8309.9
3633.58,100.0,21803.0,,,,,100.0,100.0,8310.2
3634.58,100.0,21803.0,,,,,100.0,100.0,8301.4
3635.58,0.0,21878.6,,,,,0.0,0.0,8310.7
3636.58,100.0,21944.6,,,,,100.0,100.0,8313.4
3637.58,100.0,21903.3,,,,,100.0,100.0,8314.7
3638.58,100.0,21861.7,,,,,100.0,100.0,8314.9
3639.58,0.0,21861.7,,,,,0.0,0.0,8314.9
3640.58,100.0,21820.0,,,,,100.0,100.0,8314.9
3641.58,100.0,21719.8,,,,,100.0,100.0,8296.4
3642.58,0.0,21761.5,,,,,0.0,0.0,8309.4
3643.58,100.0,21761.5,,,,,100.0,100.0,8296.6
3644.58,100.0,21782.3,,,,,100.0,100.0,8308.3
3645.58,0.0,21844.6,,,,,0.0,0.0,8296.4
3646.58,100.0,21844.6,,,,,100.0,100.0,8300.6
3647.58,100.0,21944.6,,,,,100.0,100.0,8313.5
3648.58,100.0,21903.3,,,,,100.0,100.0,8314.9
3649.58,0.0,21903.3,,,,,0.0,0.0,8314.9
3650.58,100.0,21861.7,,,,,100.0,100.0,8315.1
3651.58,100.0,21820.0,,,,,100.0,100.0,8315.1
3652.58,100.0,21719.8,,,,,100.0,100.0,8315.2
3653.58,0.0,21719.9,,,,,0.0,0.0,8296.9
3654.58,100.0,21761.5,,,,,100.0,100.0,8289.6
3655.58,0.0,21803.0,,,,,0.0,0.0,8296.0
3656.58,100.0,21803.0,,,,,100.0,100.0,8307.4
3657.58,100.0,21844.6,,,,,100.0,100.0,8296.5
3658.58,100.0,21944.6,,,,,100.0,100.0,8313.8
3659.58,0.0,21944.6,,,,,0.0,0.0,8313.8
3660.58,100.0,21903.3,,,,,100.0,100.0,8315.2
3661.58,100.0,21861.7,,,,,100.0,100.0,8315.4
3662.58,100.0,21820.0,,,,,100.0,100.0,8315.4
3663.58,0.0,21820.0,,,,,0.0,0.0,8315.4
3664.58,100.0,21719.9,,,,,100.0,100.0,8309.8
3665.58,0.0,21761.5,,,,,0.0,0.0,8298.0
3666.58,100.0,21782.3,,,,,100.0,100.0,8309.7
3667.58,100.0,21803.0,,,,,100.0,100.0,8310.8
3668.58,100.0,21803.0,,,,,100.0,100.0,8304.6
3669.58,0.0,21878.6,,,,,0.0,0.0,8311.4
3670.58,100.0,21944.6,,,,,100.0,100.0,8314.0
3671.58,100.0,21903.3,,,,,100.0,100.0,8315.4
3672.58,100.0,21861.7,,,,,100.0,100.0,8315.6
3673.58,0.0,21861.7,,,,,0.0,0.0,8315.6
3674.58,100.0,21820.0,,,,,100.0,100.0,8315.6
3675.58,100.0,21719.8,,,,,100.0,100.0,8296.3
3676.58,0.0,21761.5,,,,,0.0,0.0,8310.1
3677.58,100.0,21761.5,,,,,100.0,100.0,8297.6
3678.58,100.0,21782.3,,,,,100.0,100.0,8308.4
3679.58,0.0,21844.6,,,,,0.0,0.0,8296.4
3680.59,100.0,21844.6,,,,,100.0,100.0,8303.9
3681.59,100.0,21944.6,,,,,100.0,100.0,8314.2
3682.59,100.0,21903.3,,,,,100.0,100.0,8315.6
3683.59,0.0,21903.3,,,,,0.0,0.0,8315.6
3684.59,100.0,21861.7,,,,,100.0,100.0,8315.8
3685.59,100.0,21820.0,,,,,100.0,100.0,8315.8
3686.59,100.0,21719.8,,,,,100.0,100.0,8315.9
3687.59,0.0,21719.9,,,,,0.0,0.0,8296.7
3688.59,100.0,21761.5,,,,,100.0,100.0,8310.3
3689.59,0.0,21803.0,,,,,0.0,0.0,8294.7
3690.59,100.0,21803.0,,,,,100.0,100.0,8302.5
3691.59,100.0,21844.6,,,,,100.0,100.0,8304.3
3692.59,100.0,21944.6,,,,,100.0,100.0,8314.6
3693.59,0.0,21944.6,,,,,0.0,0.0,8314.6
3694.59,100.0,21903.3,,,,,100.0,100.0,8315.9
3695.59,100.0,21861.7,,,,,100.0,100.0,8316.1
3696.59,100.0,21820.0,,,,,100.0,100.0,8316.1
3697.59,0.0,21820.0,,,,,0.0,0.0,8316.1
3698.59,100.0,21719.9,,,,,100.0,100.0,8310.4
3699.59,0.0,21761.5,,,,,0.0,0.0,8297.9
3700.59,100.0,21782.3,,,,,100.0,100.0,8308.2
3701.59,100.0,21803.0,,,,,100.0,100.0,8311.6
3702.59,100.0,21803.0,,,,,100.0,100.0,8302.7
3703.59,0.0,21878.6,,,,,0.0,0.0,8312.3
3704.59,100.0,21944.6,,,,,100.0,100.0,8314.9
3705.59,100.0,21903.3,,,,,100.0,100.0,8316.2
3706.59,100.0,21861.7,,,,,100.0,100.0,8316.3
3707.59,0.0,21861.7,,,,,0.0,0.0,8316.3
3708.59,100.0,21820.0,,,,,100.0,100.0,8316.3
3709.59,100.0,21719.8,,,,,100.0,100.0,8296.3
3710.59,0.0,21761.5,,,,,0.0,0.0,8310.9
3711.59,100.0,21761.5,,,,,100.0,100.0,8297.4
3712.59,100.0,21782.3,,,,,100.0,100.0,8307.8
3713.59,0.0,21844.6,,,,,0.0,0.0,8312.6
3714.59,100.0,21844.6,,,,,100.0,100.0,8303.5
3715.59,100.0,21944.6,,,,,100.0,100.0,8315.0
3716.59,100.0,21903.3,,,,,100.0,100.0,8316.4
3717.59,0.0,21903.3,,,,,0.0,0.0,8316.4
3718.59,100.0,21861.7,,,,,100.0,100.0,8316.6
3719.59,100.0,21820.0,,,,,100.0,100.0,8316.6
3720.59,100.0,21719.8,,,,,100.0,100.0,8311.0
3721.59,0.0,21719.9,,,,,0.0,0.0,8297.4
3722.59,100.0,21761.5,,,,,100.0,100.0,8311.6
3723.59,0.0,21803.0,,,,,0.0,0.0,8297.5
3724.59,100.0,21803.0,,,,,100.0,100.0,8305.4
3725.59,100.0,21844.6,,,,,100.0,100.0,8295.7
3726.59,100.0,21944.6,,,,,100.0,100.0,8315.3
3727.59,0.0,21944.6,,,,,0.0,0.0,8315.3
3728.59,100.0,21903.3,,,,,100.0,100.0,8316.6
3729.59,100.0,21861.7,,,,,100.0,100.0,8316.8
3730.59,100.0,21820.0,,,,,100.0,100.0,8316.8
3731.59,0.0,21820.0,,,,,0.0,0.0,8316.8
3732.59,100.0,21719.9,,,,,100.0,100.0,8311.1
3733.59,0.0,21761.5,,,,,0.0,0.0,8304.1
3734.59,100.0,21782.3,,,,,100.0,100.0,8299.5
3735.59,100.0,21803.0,,,,,100.0,100.0,8304.3
3736.59,100.0,21803.0,,,,,100.0,100.0,8304.3
3737.59,0.0,21878.6,,,,,0.0,0.0,8312.9
3738.59,100.0,21944.6,,,,,100.0,100.0,8315.6
3739.59,100.0,21903.3,,,,,100.0,100.0,8316.9
3740.59,100.0,21861.7,,,,,100.0,100.0,8317.1
3741.59,0.0,21861.7,,,,,0.0,0.0,8317.1
3742.59,100.0,21820.0,,,,,100.0,100.0,8317.1
3743.59,100.0,21719.8,,,,,100.0,100.0,8297.9
3744.59,0.0,21740.7,,,,,0.0,0.0,8310.7
3745.6,100.0,21761.5,,,,,100.0,100.0,8297.8
3746.6,100.0,21782.3,,,,,100.0,100.0,8307.2
3747.6,0.0,21844.6,,,,,0.0,0.0,8313.3
3748.6,100.0,21844.6,,,,,100.0,100.0,8303.9
3749.6,100.0,21944.6,,,,,100.0,100.0,8315.9
3750.6,100.0,21903.3,,,,,100.0,100.0,8317.2
3751.6,0.0,21903.3,,,,,0.0,0.0,8317.2
3752.6,100.0,21861.7,,,,,100.0,100.0,8317.3
3753.6,100.0,21820.0,,,,,100.0,100.0,8317.3
3754.6,100.0,21719.8,,,,,100.0,100.0,8289.4
3755.6,0.0,21719.9,,,,,0.0,0.0,8296.6
3756.6,100.0,21740.7,,,,,100.0,100.0,8310.3
3757.6,0.0,21803.0,,,,,0.0,0.0,8298.7
3758.6,100.0,21803.0,,,,,100.0,100.0,8305.2
3759.6,100.0,21844.6,,,,,100.0,100.0,8296.5
3760.6,100.0,21944.6,,,,,100.0,100.0,8315.9
3761.6,0.0,21944.6,,,,,0.0,0.0,8315.9
3762.6,100.0,21903.3,,,,,100.0,100.0,8317.3
3763.6,100.0,21861.7,,,,,100.0,100.0,8317.5
3764.6,100.0,21820.0,,,,,100.0,100.0,8317.5
3765.6,0.0,21820.0,,,,,0.0,0.0,8317.5
3766.6,100.0,21719.9,,,,,100.0,100.0,8311.8
3767.6,0.0,21761.5,,,,,0.0,0.0,8312.2
3768.6,100.0,21782.3,,,,,100.0,100.0,8310.7
3769.6,100.0,21803.0,,,,,100.0,100.0,8304.8
3770.6,100.0,21803.0,,,,,100.0,100.0,8303.6
3771.6,0.0,21878.6,,,,,0.0,0.0,8313.5
3772.6,100.0,21944.6,,,,,100.0,100.0,8316.3
3773.6,100.0,21903.3,,,,,100.0,100.0,8317.6
3774.6,100.0,21861.7,,,,,100.0,100.0,8317.8
3775.6,0.0,21861.7,,,,,0.0,0.0,8317.8
3776.6,100.0,21820.0,,,,,100.0,100.0,8317.8
3777.6,100.0,21719.8,,,,,100.0,100.0,8298.0
3778.6,0.0,21761.5,,,,,0.0,0.0,8312.3
3779.6,100.0,21761.5,,,,,100.0,100.0,8297.9
3780.6,100.0,21761.5,,,,,100.0,100.0,8305.4
3781.6,0.0,21844.6,,,,,0.0,0.0,8314.1
3782.6,100.0,21844.6,,,,,100.0,100.0,8302.1
3783.6,100.0,21944.6,,,,,100.0,100.0,8316.6
3784.6,100.0,21903.3,,,,,100.0,100.0,8317.9
3785.6,0.0,21903.3,,,,,0.0,0.0,8317.9
3786.6,100.0,21861.7,,,,,100.0,100.0,8318.1
3787.6,100.0,21820.0,,,,,100.0,100.0,8318.1
3788.6,100.0,21719.8,,,,,100.0,100.0,8318.1
3789.6,0.0,21719.9,,,,,0.0,0.0,8298.4
3790.6,100.0,21740.7,,,,,100.0,100.0,8310.7
3791.6,0.0,21803.0,,,,,0.0,0.0,8298.7
3792.6,100.0,21823.8,,,,,100.0,100.0,8307.5
3793.6,100.0,21844.6,,,,,100.0,100.0,8314.4
3794.6,100.0,21944.6,,,,,100.0,100.0,8316.9
3795.6,0.0,21944.6,,,,,0.0,0.0,8316.9
3796.6,100.0,21903.3,,,,,100.0,100.0,8318.2
3797.6,100.0,21861.7,,,,,100.0,100.0,8318.4
3798.6,100.0,21820.0,,,,,100.0,100.0,8318.4
3799.6,0.0,21820.0,,,,,0.0,0.0,8318.4
3800.6,100.0,21719.9,,,,,100.0,100.0,8312.6
3801.6,0.0,21761.5,,,,,0.0,0.0,8305.7
3802.6,100.0,21761.5,,,,,100.0,100.0,8310.1
3803.6,100.0,21803.0,,,,,100.0,100.0,8297.5
3804.6,100.0,21803.0,,,,,100.0,100.0,8303.9
3805.6,0.0,21878.6,,,,,0.0,0.0,8314.5
3806.6,100.0,21944.6,,,,,100.0,100.0,8317.2
3807.6,100.0,21903.3,,,,,100.0,100.0,8318.4
3808.6,100.0,21861.7,,,,,100.0,100.0,8318.6
3809.61,0.0,21861.7,,,,,0.0,0.0,8318.6
3810.61,100.0,21820.0,,,,,100.0,100.0,8318.7
3811.61,100.0,21719.8,,,,,100.0,100.0,8298.1
3812.61,0.0,21740.7,,,,,0.0,0.0,8310.8
3813.61,100.0,21761.5,,,,,100.0,100.0,8313.3
3814.61,0.0,21803.0,,,,,0.0,0.0,8303.3
3815.61,100.0,21844.6,,,,,100.0,100.0,8314.8
3816.61,100.0,21844.6,,,,,100.0,100.0,8302.5
3817.61,100.0,21944.6,,,,,100.0,100.0,8317.3
3818.61,0.0,21944.6,,,,,0.0,0.0,8317.3
3819.61,100.0,21903.3,,,,,100.0,100.0,8318.6
3820.61,100.0,21861.7,,,,,100.0,100.0,8318.8
3821.61,100.0,21820.0,,,,,100.0,100.0,8318.8
3822.61,0.0,21820.0,,,,,0.0,0.0,8318.8
3823.61,100.0,21719.9,,,,,100.0,100.0,8298.0
3824.61,0.0,21761.5,,,,,0.0,0.0,8306.7
3825.61,100.0,21803.0,,,,,100.0,100.0,8295.9
3826.61,100.0,21803.0,,,,,100.0,100.0,8302.1
3827.61,100.0,21844.6,,,,,100.0,100.0,8315.1
3828.61,0.0,21878.6,,,,,0.0,0.0,8314.9
3829.61,100.0,21944.6,,,,,100.0,100.0,8317.6
3830.61,100.0,21903.3,,,,,100.0,100.0,8318.9
3831.61,100.0,21861.7,,,,,100.0,100.0,8319.1
3832.61,0.0,21861.7,,,,,0.0,0.0,8319.1
3833.61,100.0,21820.0,,,,,100.0,100.0,8319.1
3834.61,100.0,21702.8,,,,,100.0,100.0,8311.8
3835.61,0.0,21761.5,,,,,0.0,0.0,8297.8
3836.61,100.0,21761.5,,,,,100.0,100.0,8306.5
3837.61,100.0,21803.0,,,,,100.0,100.0,8306.9
3838.61,0.0,21844.6,,,,,0.0,0.0,8310.2
3839.61,100.0,21878.6,,,,,100.0,100.0,8315.0
3840.61,100.0,21944.6,,,,,100.0,100.0,8317.7
3841.61,100.0,21903.3,,,,,100.0,100.0,8319.2
3842.61,0.0,21903.3,,,,,0.0,0.0,8319.2
3843.61,100.0,21861.7,,,,,100.0,100.0,8319.4
3844.61,100.0,21820.0,,,,,100.0,100.0,8319.4
3845.61,100.0,21719.8,,,,,100.0,100.0,8297.6
3846.61,0.0,21719.9,,,,,0.0,0.0,8311.5
3847.61,100.0,21761.5,,,,,100.0,100.0,8314.0
3848.61,0.0,21803.0,,,,,0.0,0.0,8305.6
3849.61,100.0,21844.6,,,,,100.0,100.0,8315.5
3850.61,100.0,21844.6,,,,,100.0,100.0,8304.3
3851.61,100.0,21944.6,,,,,100.0,100.0,8318.0
3852.61,0.0,21944.6,,,,,0.0,0.0,8318.0
3853.61,100.0,21903.3,,,,,100.0,100.0,8319.5
3854.61,100.0,21861.7,,,,,100.0,100.0,8319.7
3855.61,100.0,21820.0,,,,,100.0,100.0,8319.7
3856.61,0.0,21820.0,,,,,0.0,0.0,8319.7
3857.61,100.0,21719.9,,,,,100.0,100.0,8298.6
3858.61,0.0,21761.5,,,,,0.0,0.0,8309.5
3859.61,100.0,21803.0,,,,,100.0,100.0,8298.2
3860.61,100.0,21803.0,,,,,100.0,100.0,8304.6
3861.61,100.0,21844.6,,,,,100.0,100.0,8315.7
3862.61,0.0,21878.6,,,,,0.0,0.0,8315.6
3863.61,100.0,21944.6,,,,,100.0,100.0,8318.2
3864.61,100.0,21903.3,,,,,100.0,100.0,8319.7
3865.61,100.0,21861.7,,,,,100.0,100.0,8319.9
3866.61,0.0,21861.7,,,,,0.0,0.0,8319.9
3867.61,100.0,21820.0,,,,,100.0,100.0,8319.9
3868.61,100.0,21719.8,,,,,100.0,100.0,8308.8
3869.61,0.0,21761.5,,,,,0.0,0.0,8306.9
3870.61,100.0,21761.5,,,,,100.0,100.0,8306.6
3871.61,100.0,21803.0,,,,,100.0,100.0,8307.6
3872.61,0.0,21844.6,,,,,0.0,0.0,8312.8
3873.62,100.0,21861.6,,,,,100.0,100.0,8314.3
3874.62,100.0,21944.6,,,,,100.0,100.0,8318.4
3875.62,100.0,21903.3,,,,,100.0,100.0,8319.9
3876.62,0.0,21903.3,,,,,0.0,0.0,8319.9
3877.62,100.0,21861.7,,,,,100.0,100.0,8320.0
3878.62,100.0,21820.0,,,,,100.0,100.0,8320.0
3879.62,100.0,21719.8,,,,,100.0,100.0,8320.1
3880.62,0.0,21719.9,,,,,0.0,0.0,8308.8
3881.62,100.0,21761.5,,,,,100.0,100.0,8314.7
3882.62,0.0,21803.0,,,,,0.0,0.0,8305.0
3883.62,100.0,21844.6,,,,,100.0,100.0,8316.2
3884.62,100.0,21844.6,,,,,100.0,100.0,8304.8
3885.62,100.0,21944.6,,,,,100.0,100.0,8318.8
3886.62,0.0,21944.6,,,,,0.0,0.0,8318.8
3887.62,100.0,21903.3,,,,,100.0,100.0,8320.2
3888.62,100.0,21861.7,,,,,100.0,100.0,8320.4
3889.62,100.0,21820.0,,,,,100.0,100.0,8320.4
3890.62,0.0,21820.0,,,,,0.0,0.0,8320.4
3891.62,100.0,21719.9,,,,,100.0,100.0,8299.0
3892.62,0.0,21761.5,,,,,0.0,0.0,8307.6
3893.62,100.0,21803.0,,,,,100.0,100.0,8315.9
3894.62,100.0,21803.0,,,,,100.0,100.0,8303.3
3895.62,100.0,21844.6,,,,,100.0,100.0,8316.6
3896.62,0.0,21878.6,,,,,0.0,0.0,8316.5
3897.62,100.0,21944.6,,,,,100.0,100.0,8319.0
3898.62,100.0,21903.3,,,,,100.0,100.0,8320.5
3899.62,100.0,21861.7,,,,,100.0,100.0,8320.6
3900.62,0.0,21861.7,,,,,0.0,0.0,8320.6
3901.62,100.0,21820.0,,,,,100.0,100.0,8320.7
3902.62,100.0,21719.8,,,,,100.0,100.0,8307.1
3903.62,0.0,21761.5,,,,,0.0,0.0,8307.4
3904.62,100.0,21761.5,,,,,100.0,100.0,8302.8
3905.62,100.0,21803.0,,,,,100.0,100.0,8306.5
3906.62,0.0,21844.6,,,,,0.0,0.0,8310.0
3907.62,100.0,21861.6,,,,,100.0,100.0,8314.1
3908.62,100.0,21944.6,,,,,100.0,100.0,8319.2
3909.62,100.0,21903.3,,,,,100.0,100.0,8320.6
3910.62,0.0,21903.3,,,,,0.0,0.0,8320.6
3911.62,100.0,21861.7,,,,,100.0,100.0,8320.8
3912.62,100.0,21820.0,,,,,100.0,100.0,8320.8
3913.62,100.0,21719.8,,,,,100.0,100.0,8321.0
3914.62,0.0,21719.9,,,,,0.0,0.0,8309.2
3915.62,100.0,21761.5,,,,,100.0,100.0,8315.8
3916.62,0.0,21803.0,,,,,0.0,0.0,8306.0
3917.62,100.0,21844.6,,,,,100.0,100.0,8307.6
3918.62,100.0,21844.6,,,,,100.0,100.0,8310.9
3919.62,100.0,21944.6,,,,,100.0,100.0,8319.5
3920.62,0.0,21944.6,,,,,0.0,0.0,8319.5
3921.62,100.0,21903.3,,,,,100.0,100.0,8320.9
3922.62,100.0,21861.7,,,,,100.0,100.0,8321.0
3923.62,100.0,21820.0,,,,,100.0,100.0,8321.0
3924.62,0.0,21820.0,,,,,0.0,0.0,8321.0
3925.62,100.0,21719.9,,,,,100.0,100.0,8299.8
3926.62,0.0,21761.5,,,,,0.0,0.0,8307.1
3927.62,100.0,21803.0,,,,,100.0,100.0,8316.5
3928.62,100.0,21803.0,,,,,100.0,100.0,8303.4
3929.62,100.0,21823.8,,,,,100.0,100.0,8315.4
3930.62,0.0,21878.6,,,,,0.0,0.0,8317.2
3931.62,100.0,21944.6,,,,,100.0,100.0,8319.7
3932.62,100.0,21903.3,,,,,100.0,100.0,8321.2
3933.62,100.0,21861.7,,,,,100.0,100.0,8321.3
3934.62,0.0,21861.7,,,,,0.0,0.0,8321.3
3935.62,100.0,21820.0,,,,,100.0,100.0,8321.3
3936.62,100.0,21719.8,,,,,100.0,100.0,8306.4
3937.63,0.0,21761.5,,,,,0.0,0.0,8298.7
3938.63,100.0,21761.5,,,,,100.0,100.0,8306.2
3939.63,100.0,21803.0,,,,,100.0,100.0,8297.2
3940.63,0.0,21844.6,,,,,0.0,0.0,8304.4
3941.63,100.0,21878.6,,,,,100.0,100.0,8317.3
3942.63,100.0,21944.6,,,,,100.0,100.0,8320.0
3943.63,100.0,21903.3,,,,,100.0,100.0,8321.3
3944.63,0.0,21903.3,,,,,0.0,0.0,8321.3
3945.63,100.0,21861.7,,,,,100.0,100.0,8321.5
3946.63,100.0,21820.0,,,,,100.0,100.0,8321.5
3947.63,100.0,21719.8,,,,,100.0,100.0,8321.7
3948.63,0.0,21719.9,,,,,0.0,0.0,8307.7
3949.63,100.0,21761.5,,,,,100.0,100.0,8316.2
3950.63,0.0,21803.0,,,,,0.0,0.0,8305.0
3951.63,100.0,21844.6,,,,,100.0,100.0,8307.8
3952.63,100.0,21844.6,,,,,100.0,100.0,8311.2
3953.63,100.0,21944.6,,,,,100.0,100.0,8320.3
3954.63,0.0,21944.6,,,,,0.0,0.0,8320.3
3955.63,100.0,21903.3,,,,,100.0,100.0,8321.6
3956.63,100.0,21861.7,,,,,100.0,100.0,8321.7
3957.63,100.0,21820.0,,,,,100.0,100.0,8321.8
3958.63,0.0,21820.0,,,,,0.0,0.0,8321.8
3959.63,100.0,21719.9,,,,,100.0,100.0,8297.2
3960.63,0.0,21761.5,,,,,0.0,0.0,8304.4
3961.63,100.0,21803.0,,,,,100.0,100.0,8317.1
3962.63,100.0,21803.0,,,,,100.0,100.0,8303.6
3963.63,100.0,21823.8,,,,,100.0,100.0,8314.5
3964.63,0.0,21878.6,,,,,0.0,0.0,8317.8
3965.63,100.0,21944.6,,,,,100.0,100.0,8320.4
3966.63,100.0,21903.3,,,,,100.0,100.0,8321.8
3967.63,100.0,21861.7,,,,,100.0,100.0,8322.0
3968.63,0.0,21861.7,,,,,0.0,0.0,8322.0
3969.63,100.0,21820.0,,,,,100.0,100.0,8322.0
3970.63,100.0,21719.8,,,,,100.0,100.0,8304.5
3971.63,0.0,21761.5,,,,,0.0,0.0,8297.7
3972.63,100.0,21761.5,,,,,100.0,100.0,8303.8
3973.63,100.0,21803.0,,,,,100.0,100.0,8317.0
3974.63,0.0,21844.6,,,,,0.0,0.0,8303.6
3975.63,100.0,21861.6,,,,,100.0,100.0,8315.0
3976.63,100.0,21944.6,,,,,100.0,100.0,8320.6
3977.63,100.0,21903.3,,,,,100.0,100.0,8321.9
3978.63,0.0,21903.3,,,,,0.0,0.0,8321.9
3979.63,100.0,21861.7,,,,,100.0,100.0,8322.1
3980.63,100.0,21820.0,,,,,100.0,100.0,8322.1
3981.63,100.0,21719.8,,,,,100.0,100.0,8322.3
3982.63,0.0,21719.9,,,,,0.0,0.0,8306.5
3983.63,100.0,21761.5,,,,,100.0,100.0,8316.6
3984.63,0.0,21803.0,,,,,0.0,0.0,8305.8
3985.63,100.0,21844.6,,,,,100.0,100.0,8318.2
3986.63,100.0,21844.6,,,,,100.0,100.0,8318.4
3987.63,100.0,21944.6,,,,,100.0,100.0,8320.8
3988.63,0.0,21944.6,,,,,0.0,0.0,8320.8
3989.63,100.0,21903.3,,,,,100.0,100.0,8322.2
3990.63,100.0,21861.7,,,,,100.0,100.0,8322.4
3991.63,100.0,21820.0,,,,,100.0,100.0,8322.4
3992.63,0.0,21820.0,,,,,0.0,0.0,8322.4
3993.63,100.0,21719.9,,,,,100.0,100.0,8316.8
3994.63,0.0,21761.5,,,,,0.0,0.0,8304.8
3995.63,100.0,21803.0,,,,,100.0,100.0,8317.8
3996.63,100.0,21803.0,,,,,100.0,100.0,8304.6
3997.63,100.0,21823.8,,,,,100.0,100.0,8317.3
3998.63,0.0,21878.6,,,,,0.0,0.0,8318.5
3999.63,100.0,21944.6,,,,,100.0,100.0,8321.1
4000.64,100.0,21903.3,,,,,100.0,100.0,8322.5
4001.64,100.0,21861.7,,,,,100.0,100.0,8322.7
4002.64,0.0,21861.7,,,,,0.0,0.0,8322.7
4003.64,100.0,21820.0,,,,,100.0,100.0,8322.7
4004.64,100.0,21719.8,,,,,100.0,100.0,8304.2
4005.64,0.0,21761.5,,,,,0.0,0.0,8297.1
4006.64,100.0,21761.5,,,,,100.0,100.0,8302.7
4007.64,100.0,21782.3,,,,,100.0,100.0,8316.2
4008.64,0.0,21844.6,,,,,0.0,0.0,8303.7
4009.64,100.0,21844.6,,,,,100.0,100.0,8308.3
4010.64,100.0,21944.6,,,,,100.0,100.0,8321.3
4011.64,100.0,21903.3,,,,,100.0,100.0,8322.7
4012.64,0.0,21903.3,,,,,0.0,0.0,8322.7
4013.64,100.0,21861.7,,,,,100.0,100.0,8322.8
4014.64,100.0,21820.0,,,,,100.0,100.0,8322.8
4015.64,100.0,21719.8,,,,,100.0,100.0,8323.0
4016.64,0.0,21719.9,,,,,0.0,0.0,8305.5
4017.64,100.0,21761.5,,,,,100.0,100.0,8317.4
4018.64,0.0,21803.0,,,,,0.0,0.0,8311.5
4019.64,100.0,21823.8,,,,,100.0,100.0,8307.3
4020.64,100.0,21844.6,,,,,100.0,100.0,8311.4
4021.64,100.0,21944.6,,,,,100.0,100.0,8321.6
4022.64,0.0,21944.6,,,,,0.0,0.0,8321.6
4023.64,100.0,21903.3,,,,,100.0,100.0,8322.9
4024.64,100.0,21861.7,,,,,100.0,100.0,8323.1
4025.64,100.0,21820.0,,,,,100.0,100.0,8323.1
4026.64,0.0,21820.0,,,,,0.0,0.0,8323.1
4027.64,100.0,21719.9,,,,,100.0,100.0,8317.3
4028.64,0.0,21761.5,,,,,0.0,0.0,8305.5
4029.64,100.0,21803.0,,,,,100.0,100.0,8318.3
4030.64,100.0,21803.0,,,,,100.0,100.0,8304.8
4031.64,100.0,21803.0,,,,,100.0,100.0,8314.0
4032.64,0.0,21878.6,,,,,0.0,0.0,8319.0
4033.64,100.0,21944.6,,,,,100.0,100.0,8321.6
4034.64,100.0,21903.3,,,,,100.0,100.0,8323.0
4035.64,100.0,21861.7,,,,,100.0,100.0,8323.2
4036.64,0.0,21861.7,,,,,0.0,0.0,8323.2
4037.64,100.0,21820.0,,,,,100.0,100.0,8323.2
4038.64,100.0,21719.8,,,,,100.0,100.0,8304.1
4039.64,0.0,21761.5,,,,,0.0,0.0,8297.8
4040.64,100.0,21761.5,,,,,100.0,100.0,8304.1
4041.64,100.0,21782.3,,,,,100.0,100.0,8318.1
4042.64,0.0,21844.6,,,,,0.0,0.0,8304.6
4043.64,100.0,21844.6,,,,,100.0,100.0,8312.7
4044.64,100.0,21944.6,,,,,100.0,100.0,8322.0
4045.64,100.0,21903.3,,,,,100.0,100.0,8323.3
4046.64,0.0,21903.3,,,,,0.0,0.0,8323.3
4047.64,100.0,21861.7,,,,,100.0,100.0,8323.5
4048.64,100.0,21820.0,,,,,100.0,100.0,8323.5
4049.64,100.0,21719.8,,,,,100.0,100.0,8323.6
4050.64,0.0,21719.9,,,,,0.0,0.0,8305.5
4051.64,100.0,21719.9,,,,,100.0,100.0,8305.4
4052.64,0.0,21803.0,,,,,0.0,0.0,8317.0
4053.64,100.0,21803.0,,,,,100.0,100.0,8305.1
4054.64,100.0,21823.8,,,,,100.0,100.0,8315.8
4055.64,100.0,21944.6,,,,,100.0,100.0,8320.2
4056.64,0.0,21944.6,,,,,0.0,0.0,8320.2
4057.64,100.0,21903.3,,,,,100.0,100.0,8321.6
4058.64,100.0,21861.7,,,,,100.0,100.0,8321.8
4059.64,100.0,21820.0,,,,,100.0,100.0,8321.8
4060.64,0.0,21820.0,,,,,0.0,0.0,8321.8
4061.64,100.0,21719.9,,,,,100.0,100.0,8316.1
4062.64,0.0,21761.5,,,,,0.0,0.0,8304.8
4063.64,100.0,21782.3,,,,,100.0,100.0,8314.5
4064.65,100.0,21803.0,,,,,100.0,100.0,8302.7
4065.65,100.0,21823.8,,,,,100.0,100.0,8313.8
4066.65,0.0,21878.6,,,,,0.0,0.0,8318.1
4067.65,100.0,21944.6,,,,,100.0,100.0,8320.7
4068.65,100.0,21903.3,,,,,100.0,100.0,8322.1
4069.65,100.0,21861.7,,,,,100.0,100.0,8322.3
4070.65,0.0,21861.7,,,,,0.0,0.0,8322.3
4071.65,100.0,21820.0,,,,,100.0,100.0,8322.3
4072.65,100.0,21719.8,,,,,100.0,100.0,8303.5
4073.65,0.0,21761.5,,,,,0.0,0.0,8316.8
4074.65,100.0,21761.5,,,,,100.0,100.0,8303.8
4075.65,100.0,21803.0,,,,,100.0,100.0,8317.4
4076.65,0.0,21844.6,,,,,0.0,0.0,8305.1
4077.65,100.0,21844.6,,,,,100.0,100.0,8309.2
4078.65,100.0,21944.6,,,,,100.0,100.0,8320.9
4079.65,100.0,21903.3,,,,,100.0,100.0,8322.4
4080.65,0.0,21903.3,,,,,0.0,0.0,8322.4
4081.65,100.0,21861.7,,,,,100.0,100.0,8322.6
4082.65,100.0,21820.0,,,,,100.0,100.0,8322.6
4083.65,100.0,21719.8,,,,,100.0,100.0,8322.7
4084.65,0.0,21719.9,,,,,0.0,0.0,8316.4
4085.65,100.0,21761.5,,,,,100.0,100.0,8306.7
4086.65,0.0,21803.0,,,,,0.0,0.0,8303.6
4087.65,100.0,21803.0,,,,,100.0,100.0,8313.9
4088.65,100.0,21844.6,,,,,100.0,100.0,8311.0
4089.65,100.0,21944.6,,,,,100.0,100.0,8320.7
4090.65,0.0,21944.6,,,,,0.0,0.0,8320.7
4091.65,100.0,21903.3,,,,,100.0,100.0,8322.6
4092.65,100.0,21861.7,,,,,100.0,100.0,8322.8
4093.65,100.0,21820.0,,,,,100.0,100.0,8322.8
4094.65,0.0,21820.0,,,,,0.0,0.0,8322.8
4095.65,100.0,21719.9,,,,,100.0,100.0,8316.8
4096.65,0.0,21761.5,,,,,0.0,0.0,8304.6
4097.65,100.0,21761.5,,,,,100.0,100.0,8313.7
4098.65,100.0,21803.0,,,,,100.0,100.0,8318.0
4099.65,100.0,21803.0,,,,,100.0,100.0,8310.9
4100.65,0.0,21878.6,,,,,0.0,0.0,8318.7
4101.65,100.0,21944.6,,,,,100.0,100.0,8321.4
4102.65,100.0,21903.3,,,,,100.0,100.0,8323.1
4103.65,100.0,21861.7,,,,,100.0,100.0,8323.3
4104.65,0.0,21861.7,,,,,0.0,0.0,8323.3
4105.65,100.0,21820.0,,,,,100.0,100.0,8323.3
4106.65,100.0,21719.8,,,,,100.0,100.0,8303.3
4107.65,0.0,21740.7,,,,,0.0,0.0,8315.9
4108.65,100.0,21761.5,,,,,100.0,100.0,8304.3
4109.65,100.0,21761.5,,,,,100.0,100.0,8312.6
4110.65,0.0,21844.6,,,,,0.0,0.0,8302.2
4111.65,100.0,21844.6,,,,,100.0,100.0,8307.6
4112.65,100.0,21944.6,,,,,100.0,100.0,8321.5
4113.65,100.0,21903.3,,,,,100.0,100.0,8323.3
4114.65,0.0,21903.3,,,,,0.0,0.0,8323.3
4115.65,100.0,21861.7,,,,,100.0,100.0,8323.5
4116.65,100.0,21820.0,,,,,100.0,100.0,8323.5
4117.65,100.0,21719.8,,,,,100.0,100.0,8323.6
4118.65,0.0,21719.9,,,,,0.0,0.0,8317.7
4119.65,100.0,21761.5,,,,,100.0,100.0,8307.2
4120.65,0.0,21803.0,,,,,0.0,0.0,8311.2
4121.65,100.0,21803.0,,,,,100.0,100.0,8313.5
4122.65,100.0,21844.6,,,,,100.0,100.0,8312.3
4123.65,100.0,21944.6,,,,,100.0,100.0,8321.9
4124.65,0.0,21944.6,,,,,0.0,0.0,8321.9
4125.65,100.0,21903.3,,,,,100.0,100.0,8323.6
4126.65,100.0,21861.7,,,,,100.0,100.0,8323.8
4127.66,100.0,21820.0,,,,,100.0,100.0,8323.8
4128.66,0.0,21820.0,,,,,0.0,0.0,8323.8
4129.66,100.0,21719.9,,,,,100.0,100.0,8318.0
4130.66,0.0,21761.5,,,,,0.0,0.0,8304.9
4131.66,100.0,21782.3,,,,,100.0,100.0,8314.0
4132.66,100.0,21803.0,,,,,100.0,100.0,8318.9
4133.66,100.0,21823.8,,,,,100.0,100.0,8315.0
4134.66,0.0,21878.6,,,,,0.0,0.0,8319.6
4135.66,100.0,21944.6,,,,,100.0,100.0,8322.1
4136.66,100.0,21903.3,,,,,100.0,100.0,8323.8
4137.66,100.0,21861.7,,,,,100.0,100.0,8324.0
4138.66,0.0,21861.7,,,,,0.0,0.0,8324.0
4139.66,100.0,21820.0,,,,,100.0,100.0,8324.0
4140.66,100.0,21719.8,,,,,100.0,100.0,8303.1
4141.66,0.0,21761.5,,,,,0.0,0.0,8318.1
4142.66,100.0,21761.5,,,,,100.0,100.0,8304.2
4143.66,100.0,21761.5,,,,,100.0,100.0,8312.0
4144.66,0.0,21844.6,,,,,0.0,0.0,8303.4
4145.66,100.0,21844.6,,,,,100.0,100.0,8309.7
4146.66,100.0,21944.6,,,,,100.0,100.0,8322.4
4147.66,100.0,21903.5,,,,,100.0,100.0,8324.1
4148.66,0.0,21903.3,,,,,0.0,0.0,8324.1
4149.66,100.0,21861.7,,,,,100.0,100.0,8324.3
4150.66,100.0,21820.0,,,,,100.0,100.0,8324.3
4151.66,100.0,21719.8,,,,,100.0,100.0,8324.4
4152.66,0.0,21719.9,,,,,0.0,0.0,8310.6
4153.66,100.0,21740.7,,,,,100.0,100.0,8317.0
4154.66,0.0,21803.0,,,,,0.0,0.0,8303.1
4155.66,100.0,21803.0,,,,,100.0,100.0,8307.9
4156.66,100.0,21844.6,,,,,100.0,100.0,8300.8
4157.66,100.0,21944.6,,,,,100.0,100.0,8322.7
4158.66,0.0,21944.6,,,,,0.0,0.0,8322.7
4159.66,100.0,21903.3,,,,,100.0,100.0,8324.4
4160.66,100.0,21861.7,,,,,100.0,100.0,8324.6
4161.66,100.0,21820.0,,,,,100.0,100.0,8324.6
4162.66,0.0,21820.0,,,,,0.0,0.0,8324.6
4163.66,100.0,21719.9,,,,,100.0,100.0,8318.5
4164.66,0.0,21761.5,,,,,0.0,0.0,8318.9
4165.66,100.0,21761.5,,,,,100.0,100.0,8311.2
4166.66,100.0,21803.0,,,,,100.0,100.0,8319.6
4167.66,100.0,21803.0,,,,,100.0,100.0,8309.8
4168.66,0.0,21878.6,,,,,0.0,0.0,8320.1
4169.66,100.0,21944.6,,,,,100.0,100.0,8322.9
4170.66,100.0,21903.3,,,,,100.0,100.0,8324.7
4171.66,100.0,21861.7,,,,,100.0,100.0,8324.9
4172.66,0.0,21861.7,,,,,0.0,0.0,8324.9
4173.66,100.0,21820.0,,,,,100.0,100.0,8324.9
4174.66,100.0,21719.8,,,,,100.0,100.0,8303.9
4175.66,0.0,21761.5,,,,,0.0,0.0,8318.8
4176.66,100.0,21761.5,,,,,100.0,100.0,8304.1
4177.66,100.0,21761.5,,,,,100.0,100.0,8311.6
4178.66,0.0,21844.6,,,,,0.0,0.0,8320.6
4179.66,100.0,21844.6,,,,,100.0,100.0,8309.2
4180.66,100.0,21944.6,,,,,100.0,100.0,8323.0
4181.66,100.0,21903.1,,,,,100.0,100.0,8324.6
4182.66,0.0,21903.3,,,,,0.0,0.0,8324.9
4183.66,100.0,21861.7,,,,,100.0,100.0,8325.1
4184.66,100.0,21820.0,,,,,100.0,100.0,8325.1
4185.66,0.0,21820.0,,,,,0.0,0.0,8325.1
4186.66,100.0,21719.9,,,,,100.0,100.0,8303.8
4187.66,0.0,21761.5,,,,,0.0,0.0,8314.3
4188.66,100.0,21803.0,,,,,100.0,100.0,8313.4
4189.66,100.0,21803.0,,,,,100.0,100.0,8311.3
4190.67,100.0,21844.6,,,,,100.0,100.0,8313.6
4191.67,0.0,21878.6,,,,,0.0,0.0,8320.8
4192.67,100.0,21944.6,,,,,100.0,100.0,8323.4
4193.67,100.0,21903.3,,,,,100.0,100.0,8325.2
4194.67,100.0,21861.7,,,,,100.0,100.0,8325.3
4195.67,0.0,21861.7,,,,,0.0,0.0,8325.3
4196.67,100.0,21820.0,,,,,100.0,100.0,8325.3
4197.67,100.0,21720.3,,,,,100.0,100.0,8319.1
4198.67,0.0,21761.5,,,,,0.0,0.0,8319.5
4199.67,100.0,21761.5,,,,,100.0,100.0,8312.3
4200.67,100.0,21803.0,,,,,100.0,100.0,8320.3
4201.67,0.0,21844.6,,,,,0.0,0.0,8309.6
4202.67,100.0,21878.6,,,,,100.0,100.0,8320.8
4203.67,100.0,21944.6,,,,,100.0,100.0,8323.5
4204.67,100.0,21903.3,,,,,100.0,100.0,8325.4
4205.67,0.0,21903.3,,,,,0.0,0.0,8325.4
4206.67,100.0,21861.7,,,,,100.0,100.0,8325.6
4207.67,100.0,21820.0,,,,,100.0,100.0,8325.6
4208.67,100.0,21719.8,,,,,100.0,100.0,8304.8
4209.67,0.0,21740.7,,,,,0.0,0.0,8316.1
4210.67,100.0,21761.5,,,,,100.0,100.0,8305.1
4211.67,0.0,21803.0,,,,,0.0,0.0,8311.0
4212.67,100.0,21844.6,,,,,100.0,100.0,8321.3
4213.67,100.0,21844.6,,,,,100.0,100.0,8309.5
4214.67,100.0,21944.6,,,,,100.0,100.0,8323.8
4215.67,0.0,21944.6,,,,,0.0,0.0,8323.8
4216.67,100.0,21903.3,,,,,100.0,100.0,8325.6
4217.67,100.0,21861.7,,,,,100.0,100.0,8325.8
4218.67,100.0,21820.0,,,,,100.0,100.0,8325.8
4219.67,0.0,21820.0,,,,,0.0,0.0,8325.8
4220.67,100.0,21719.9,,,,,100.0,100.0,8304.0
4221.67,0.0,21761.5,,,,,0.0,0.0,8314.2
4222.67,100.0,21803.0,,,,,100.0,100.0,8303.9
4223.67,100.0,21803.0,,,,,100.0,100.0,8311.7
4224.67,100.0,21844.6,,,,,100.0,100.0,8302.4
4225.67,0.0,21878.6,,,,,0.0,0.0,8321.6
4226.67,100.0,21944.6,,,,,100.0,100.0,8324.1
4227.67,100.0,21903.3,,,,,100.0,100.0,8325.9
4228.67,100.0,21861.7,,,,,100.0,100.0,8326.1
4229.67,0.0,21861.7,,,,,0.0,0.0,8326.1
4230.67,100.0,21820.0,,,,,100.0,100.0,8326.1
4231.67,100.0,21685.8,,,,,100.0,100.0,8318.6
4232.67,0.0,21761.5,,,,,0.0,0.0,8320.3
4233.67,100.0,21761.5,,,,,100.0,100.0,8313.8
4234.67,100.0,21803.0,,,,,100.0,100.0,8321.2
4235.67,0.0,21844.6,,,,,0.0,0.0,8311.5
4236.67,100.0,21878.6,,,,,100.0,100.0,8321.6
4237.67,100.0,21944.6,,,,,100.0,100.0,8324.4
4238.67,100.0,21903.3,,,,,100.0,100.0,8326.1
4239.67,0.0,21903.3,,,,,0.0,0.0,8326.1
4240.67,100.0,21861.7,,,,,100.0,100.0,8326.3
4241.67,100.0,21820.0,,,,,100.0,100.0,8326.3
4242.67,100.0,21719.8,,,,,100.0,100.0,8305.1
4243.67,0.0,21740.7,,,,,0.0,0.0,8317.4
4244.67,100.0,21761.5,,,,,100.0,100.0,8304.0
4245.67,0.0,21803.0,,,,,0.0,0.0,8311.1
4246.67,100.0,21844.6,,,,,100.0,100.0,8322.2
4247.67,100.0,21844.6,,,,,100.0,100.0,8310.2
4248.67,100.0,21944.6,,,,,100.0,100.0,8324.7
4249.67,0.0,21944.6,,,,,0.0,0.0,8324.7
4250.67,100.0,21903.3,,,,,100.0,100.0,8326.5
4251.67,100.0,21861.7,,,,,100.0,100.0,8326.7
4252.67,100.0,21820.0,,,,,100.0,100.0,8326.7
4253.67,0.0,21820.0,,,,,0.0,0.0,8326.7
4254.68,100.0,21719.9,,,,,100.0,100.0,8304.6
4255.68,0.0,21761.5,,,,,0.0,0.0,8313.8
4256.68,100.0,21803.0,,,,,100.0,100.0,8304.6
4257.68,100.0,21803.0,,,,,100.0,100.0,8310.3
4258.68,100.0,21844.6,,,,,100.0,100.0,8322.6
4259.68,0.0,21878.6,,,,,0.0,0.0,8322.5
4260.68,100.0,21944.6,,,,,100.0,100.0,8325.0
4261.68,100.0,21903.3,,,,,100.0,100.0,8326.7
4262.68,100.0,21861.7,,,,,100.0,100.0,8326.9
4263.68,0.0,21861.7,,,,,0.0,0.0,8326.9
4264.68,100.0,21820.0,,,,,100.0,100.0,8326.9
4265.68,100.0,21719.8,,,,,100.0,100.0,8316.6
4266.68,0.0,21761.5,,,,,0.0,0.0,8321.2
4267.68,100.0,21761.5,,,,,100.0,100.0,8312.4
4268.68,100.0,21803.0,,,,,100.0,100.0,8321.9
4269.68,0.0,21844.6,,,,,0.0,0.0,8310.6
4270.68,100.0,21861.6,,,,,100.0,100.0,8322.1
4271.68,100.0,21944.6,,,,,100.0,100.0,8325.2
4272.68,100.0,21903.3,,,,,100.0,100.0,8327.0
4273.68,0.0,21903.3,,,,,0.0,0.0,8327.0
4274.68,100.0,21861.7,,,,,100.0,100.0,8327.2
4275.68,100.0,21820.0,,,,,100.0,100.0,8327.2
4276.68,100.0,21719.8,,,,,100.0,100.0,8305.4
4277.68,0.0,21719.9,,,,,0.0,0.0,8316.0
4278.68,100.0,21761.5,,,,,100.0,100.0,8321.8
4279.68,0.0,21803.0,,,,,0.0,0.0,8310.9
4280.68,100.0,21844.6,,,,,100.0,100.0,8323.1
4281.68,100.0,21844.6,,,,,100.0,100.0,8310.2
4282.68,100.0,21944.6,,,,,100.0,100.0,8325.5
4283.68,0.0,21944.6,,,,,0.0,0.0,8325.5
4284.68,100.0,21903.3,,,,,100.0,100.0,8327.2
4285.68,100.0,21861.7,,,,,100.0,100.0,8327.4
4286.68,100.0,21820.0,,,,,100.0,100.0,8327.4
4287.68,0.0,21820.0,,,,,0.0,0.0,8327.4
4288.68,100.0,21719.9,,,,,100.0,100.0,8306.0
4289.68,0.0,21761.5,,,,,0.0,0.0,8315.4
4290.68,100.0,21803.0,,,,,100.0,100.0,8304.0
4291.68,100.0,21803.0,,,,,100.0,100.0,8310.0
4292.68,100.0,21844.6,,,,,100.0,100.0,8323.4
4293.68,0.0,21878.6,,,,,0.0,0.0,8323.4
4294.68,100.0,21944.6,,,,,100.0,100.0,8325.9
4295.68,100.0,21903.3,,,,,100.0,100.0,8327.6
4296.68,100.0,21861.7,,,,,100.0,100.0,8327.8
4297.68,0.0,21861.7,,,,,0.0,0.0,8327.8
4298.68,100.0,21820.0,,,,,100.0,100.0,8327.8
4299.68,100.0,21719.8,,,,,100.0,100.0,8316.4
4300.68,0.0,21761.5,,,,,0.0,0.0,8322.0
4301.68,100.0,21761.5,,,,,100.0,100.0,8312.6
4302.68,100.0,21803.0,,,,,100.0,100.0,8314.9
4303.68,0.0,21844.6,,,,,0.0,0.0,8321.1
4304.68,100.0,21861.6,,,,,100.0,100.0,8322.7
4305.68,100.0,21944.6,,,,,100.0,100.0,8326.2
4306.68,100.0,21903.3,,,,,100.0,100.0,8327.9
4307.68,0.0,21903.3,,,,,0.0,0.0,8327.9
4308.68,100.0,21861.7,,,,,100.0,100.0,8328.1
4309.68,100.0,21820.0,,,,,100.0,100.0,8328.1
4310.68,100.0,21719.8,,,,,100.0,100.0,8305.8
4311.68,0.0,21719.9,,,,,0.0,0.0,8316.1
4312.68,100.0,21761.5,,,,,100.0,100.0,8322.6
4313.68,0.0,21803.0,,,,,0.0,0.0,8312.8
4314.68,100.0,21844.6,,,,,100.0,100.0,8323.7
4315.68,100.0,21844.6,,,,,100.0,100.0,8310.1
4316.68,100.0,21944.6,,,,,100.0,100.0,8326.5
4317.68,0.0,21944.6,,,,,0.0,0.0,8326.5
4318.69,100.0,21903.3,,,,,100.0,100.0,8328.1
4319.69,100.0,21861.7,,,,,100.0,100.0,8328.3
4320.69,100.0,21820.0,,,,,100.0,100.0,8328.3
4321.69,0.0,21820.0,,,,,0.0,0.0,8328.3
4322.69,100.0,21719.9,,,,,100.0,100.0,8304.8
4323.69,0.0,21761.5,,,,,0.0,0.0,8315.0
4324.69,100.0,21803.0,,,,,100.0,100.0,8305.7
4325.69,100.0,21803.0,,,,,100.0,100.0,8311.6
4326.69,100.0,21823.8,,,,,100.0,100.0,8320.8
4327.69,0.0,21878.6,,,,,0.0,0.0,8324.2
4328.69,100.0,21944.6,,,,,100.0,100.0,8326.8
4329.69,100.0,21903.3,,,,,100.0,100.0,8328.4
4330.69,100.0,21861.7,,,,,100.0,100.0,8328.6
4331.69,0.0,21861.7,,,,,0.0,0.0,8328.6
4332.69,100.0,21820.0,,,,,100.0,100.0,8328.6
4333.69,100.0,21719.8,,,,,100.0,100.0,8314.5
4334.69,0.0,21761.5,,,,,0.0,0.0,8322.9
4335.69,100.0,21761.5,,,,,100.0,100.0,8312.6
4336.69,100.0,21803.0,,,,,100.0,100.0,8313.9
4337.69,0.0,21844.6,,,,,0.0,0.0,8318.1
4338.69,100.0,21861.6,,,,,100.0,100.0,8321.5
4339.69,100.0,21944.6,,,,,100.0,100.0,8326.9
4340.69,100.0,21903.3,,,,,100.0,100.0,8328.7
4341.69,0.0,21903.3,,,,,0.0,0.0,8328.7
4342.69,100.0,21861.7,,,,,100.0,100.0,8328.8
4343.69,100.0,21820.0,,,,,100.0,100.0,8328.9
4344.69,100.0,21719.8,,,,,100.0,100.0,8329.0
4345.69,0.0,21719.9,,,,,0.0,0.0,8312.2
4346.69,100.0,21761.5,,,,,100.0,100.0,8323.0
4347.69,0.0,21803.0,,,,,0.0,0.0,8310.9
4348.69,100.0,21823.8,,,,,100.0,100.0,8322.2
4349.69,100.0,21844.6,,,,,100.0,100.0,8310.0
4350.69,100.0,21944.6,,,,,100.0,100.0,8327.1
4351.69,0.0,21944.6,,,,,0.0,0.0,8327.1
4352.69,100.0,21903.3,,,,,100.0,100.0,8328.9
4353.69,100.0,21861.7,,,,,100.0,100.0,8329.0
4354.69,100.0,21820.0,,,,,100.0,100.0,8329.0
4355.69,0.0,21820.0,,,,,0.0,0.0,8329.0
4356.69,100.0,21719.9,,,,,100.0,100.0,8304.0
4357.69,0.0,21761.5,,,,,0.0,0.0,8311.4
4358.69,100.0,21803.0,,,,,100.0,100.0,8324.0
4359.69,100.0,21803.0,,,,,100.0,100.0,8309.8
4360.69,100.0,21823.8,,,,,100.0,100.0,8319.9
4361.69,0.0,21878.6,,,,,0.0,0.0,8324.8
4362.69,100.0,21944.6,,,,,100.0,100.0,8327.4
4363.69,100.0,21903.3,,,,,100.0,100.0,8329.1
4364.69,100.0,21861.7,,,,,100.0,100.0,8329.2
4365.69,0.0,21861.7,,,,,0.0,0.0,8329.2
4366.69,100.0,21820.0,,,,,100.0,100.0,8329.2
4367.69,100.0,21719.8,,,,,100.0,100.0,8313.3
4368.69,0.0,21761.5,,,,,0.0,0.0,8323.4
4369.69,100.0,21761.5,,,,,100.0,100.0,8323.5
4370.69,100.0,21803.0,,,,,100.0,100.0,8313.8
4371.69,0.0,21844.6,,,,,0.0,0.0,8317.6
4372.69,100.0,21844.6,,,,,100.0,100.0,8318.0
4373.69,100.0,21944.6,,,,,100.0,100.0,8327.6
4374.69,100.0,21903.3,,,,,100.0,100.0,8329.3
4375.69,0.0,21903.3,,,,,0.0,0.0,8329.3
4376.69,100.0,21861.7,,,,,100.0,100.0,8329.5
4377.69,100.0,21820.0,,,,,100.0,100.0,8329.5
4378.69,100.0,21719.8,,,,,100.0,100.0,8329.6
4379.69,0.0,21719.9,,,,,0.0,0.0,8313.7
4380.69,100.0,21761.5,,,,,100.0,100.0,8323.7
4381.69,0.0,21803.0,,,,,0.0,0.0,8312.5
4382.69,100.0,21844.6,,,,,100.0,100.0,8325.3
4383.7,100.0,21844.6,,,,,100.0,100.0,8325.4
4384.7,100.0,21944.6,,,,,100.0,100.0,8328.0
4385.7,0.0,21944.6,,,,,0.0,0.0,8328.0
4386.7,100.0,21903.3,,,,,100.0,100.0,8329.7
4387.7,100.0,21861.7,,,,,100.0,100.0,8329.9
4388.7,100.0,21820.0,,,,,100.0,100.0,8329.9
4389.7,0.0,21820.0,,,,,0.0,0.0,8329.9
4390.7,100.0,21719.9,,,,,100.0,100.0,8304.1
4391.7,0.0,21761.5,,,,,0.0,0.0,8310.8
4392.7,100.0,21803.0,,,,,100.0,100.0,8324.7
4393.7,100.0,21803.0,,,,,100.0,100.0,8311.5
4394.7,100.0,21823.8,,,,,100.0,100.0,8322.6
4395.7,0.0,21878.6,,,,,0.0,0.0,8325.6
4396.7,100.0,21944.6,,,,,100.0,100.0,8328.2
4397.7,100.0,21903.3,,,,,100.0,100.0,8330.0
4398.7,100.0,21861.7,,,,,100.0,100.0,8330.2
4399.7,0.0,21861.7,,,,,0.0,0.0,8330.2
4400.7,100.0,21820.0,,,,,100.0,100.0,8330.2
4401.7,100.0,21719.8,,,,,100.0,100.0,8313.1
4402.7,0.0,21761.5,,,,,0.0,0.0,8304.8
4403.7,100.0,21761.5,,,,,100.0,100.0,8311.6
4404.7,100.0,21803.0,,,,,100.0,100.0,8304.3
4405.7,0.0,21844.6,,,,,0.0,0.0,8311.2
4406.7,100.0,21861.6,,,,,100.0,100.0,8323.7
4407.7,100.0,21944.6,,,,,100.0,100.0,8328.5
4408.7,100.0,21903.3,,,,,100.0,100.0,8330.2
4409.7,0.0,21903.3,,,,,0.0,0.0,8330.2
4410.7,100.0,21861.7,,,,,100.0,100.0,8330.4
4411.7,100.0,21820.0,,,,,100.0,100.0,8330.4
4412.7,100.0,21719.8,,,,,100.0,100.0,8330.5
4413.7,0.0,21719.9,,,,,0.0,0.0,8313.1
4414.7,100.0,21761.5,,,,,100.0,100.0,8324.5
4415.7,0.0,21803.0,,,,,0.0,0.0,8312.6
4416.7,100.0,21844.6,,,,,100.0,100.0,8326.1
4417.7,100.0,21844.6,,,,,100.0,100.0,8326.3
4418.7,100.0,21944.6,,,,,100.0,100.0,8328.7
4419.7,0.0,21944.6,,,,,0.0,0.0,8328.7
4420.7,100.0,21903.3,,,,,100.0,100.0,8330.4
4421.7,100.0,21861.7,,,,,100.0,100.0,8330.6
4422.7,100.0,21820.0,,,,,100.0,100.0,8330.6
4423.7,0.0,21820.0,,,,,0.0,0.0,8330.6
4424.7,100.0,21719.9,,,,,100.0,100.0,8324.7
4425.7,0.0,21761.5,,,,,0.0,0.0,8311.7
4426.7,100.0,21782.3,,,,,100.0,100.0,8324.6
4427.7,100.0,21803.0,,,,,100.0,100.0,8311.1
4428.7,100.0,21803.0,,,,,100.0,100.0,8319.7
4429.7,0.0,21878.6,,,,,0.0,0.0,8326.5
4430.7,100.0,21944.6,,,,,100.0,100.0,8329.1
4431.7,100.0,21903.3,,,,,100.0,100.0,8330.7
4432.7,100.0,21861.7,,,,,100.0,100.0,8330.9
4433.7,0.0,21861.7,,,,,0.0,0.0,8330.9
4434.7,100.0,21820.0,,,,,100.0,100.0,8330.9
4435.7,100.0,21719.8,,,,,100.0,100.0,8311.7
4436.7,0.0,21761.5,,,,,0.0,0.0,8305.5
4437.7,100.0,21761.5,,,,,100.0,100.0,8311.6
4438.7,100.0,21803.0,,,,,100.0,100.0,8325.7
4439.7,0.0,21844.6,,,,,0.0,0.0,8312.0
4440.7,100.0,21844.6,,,,,100.0,100.0,8322.9
4441.7,100.0,21944.6,,,,,100.0,100.0,8329.2
4442.7,100.0,21903.3,,,,,100.0,100.0,8330.9
4443.7,0.0,21903.3,,,,,0.0,0.0,8330.9
4444.7,100.0,21861.7,,,,,100.0,100.0,8331.1
4445.7,100.0,21820.0,,,,,100.0,100.0,8331.1
4446.7,100.0,21719.8,,,,,100.0,100.0,8331.2
4447.71,0.0,21719.9,,,,,0.0,0.0,8313.0
4448.71,100.0,21761.5,,,,,100.0,100.0,8325.0
4449.71,0.0,21803.0,,,,,0.0,0.0,8325.9
4450.71,100.0,21803.0,,,,,100.0,100.0,8323.2
4451.71,100.0,21844.6,,,,,100.0,100.0,8326.9
4452.71,100.0,21944.6,,,,,100.0,100.0,8329.5
4453.71,0.0,21944.6,,,,,0.0,0.0,8329.5
4454.71,100.0,21903.3,,,,,100.0,100.0,8331.1
4455.71,100.0,21861.7,,,,,100.0,100.0,8331.3
4456.71,100.0,21820.0,,,,,100.0,100.0,8331.3
4457.71,0.0,21820.0,,,,,0.0,0.0,8331.3
4458.71,100.0,21719.9,,,,,100.0,100.0,8325.4
4459.71,0.0,21761.5,,,,,0.0,0.0,8312.1
4460.71,100.0,21803.0,,,,,100.0,100.0,8326.2
4461.71,100.0,21803.0,,,,,100.0,100.0,8311.8
4462.71,100.0,21823.8,,,,,100.0,100.0,8321.2
4463.71,0.0,21878.6,,,,,0.0,0.0,8327.0
4464.71,100.0,21944.6,,,,,100.0,100.0,8329.7
4465.71,100.0,21903.3,,,,,100.0,100.0,8331.4
4466.71,100.0,21861.7,,,,,100.0,100.0,8331.5
4467.71,0.0,21861.7,,,,,0.0,0.0,8331.5
4468.71,100.0,21820.0,,,,,100.0,100.0,8331.5
4469.71,100.0,21719.8,,,,,100.0,100.0,8311.5
4470.71,0.0,21761.5,,,,,0.0,0.0,8305.1
4471.71,100.0,21761.5,,,,,100.0,100.0,8311.1
4472.71,100.0,21782.3,,,,,100.0,100.0,8324.1
4473.71,0.0,21844.6,,,,,0.0,0.0,8310.9
4474.71,100.0,21844.6,,,,,100.0,100.0,8318.7
4475.71,100.0,21944.6,,,,,100.0,100.0,8329.9
4476.71,100.0,21903.3,,,,,100.0,100.0,8331.6
4477.71,0.0,21903.3,,,,,0.0,0.0,8331.6
4478.71,100.0,21861.7,,,,,100.0,100.0,8331.8
4479.71,100.0,21820.0,,,,,100.0,100.0,8331.8
4480.71,100.0,21719.8,,,,,100.0,100.0,8331.9
4481.71,0.0,21719.9,,,,,0.0,0.0,8313.3
4482.71,100.0,21761.5,,,,,100.0,100.0,8326.7
4483.71,0.0,21803.0,,,,,0.0,0.0,8320.5
4484.71,100.0,21823.8,,,,,100.0,100.0,8314.7
4485.71,100.0,21844.6,,,,,100.0,100.0,8320.3
4486.71,100.0,21944.6,,,,,100.0,100.0,8330.1
4487.71,0.0,21944.6,,,,,0.0,0.0,8330.1
4488.71,100.0,21903.3,,,,,100.0,100.0,8331.8
4489.71,100.0,21861.7,,,,,100.0,100.0,8332.0
4490.71,100.0,21820.0,,,,,100.0,100.0,8332.1
4491.71,0.0,21820.0,,,,,0.0,0.0,8332.1
4492.71,100.0,21719.9,,,,,100.0,100.0,8326.1
4493.71,0.0,21761.5,,,,,0.0,0.0,8313.0
4494.71,100.0,21800.9,,,,,100.0,100.0,8326.7
4495.71,100.0,21803.0,,,,,100.0,100.0,8312.3
4496.71,100.0,21803.0,,,,,100.0,100.0,8320.1
4497.71,0.0,21878.6,,,,,0.0,0.0,8327.8
4498.71,100.0,21944.6,,,,,100.0,100.0,8330.3
4499.71,100.0,21903.3,,,,,100.0,100.0,8332.0
4500.71,100.0,21861.7,,,,,100.0,100.0,8332.2
4501.71,0.0,21861.7,,,,,0.0,0.0,8332.2
4502.71,100.0,21820.0,,,,,100.0,100.0,8332.2
4503.71,100.0,21719.8,,,,,100.0,100.0,8311.4
4504.71,0.0,21761.5,,,,,0.0,0.0,8326.3
4505.71,100.0,21761.5,,,,,100.0,100.0,8312.3
4506.71,100.0,21803.0,,,,,100.0,100.0,8326.9
4507.71,0.0,21844.6,,,,,0.0,0.0,8313.2
4508.71,100.0,21844.6,,,,,100.0,100.0,8320.8
4509.71,100.0,21944.6,,,,,100.0,100.0,8330.6
4510.71,100.0,21903.3,,,,,100.0,100.0,8332.2
4511.72,0.0,21903.3,,,,,0.0,0.0,8332.2
4512.72,100.0,21861.7,,,,,100.0,100.0,8332.4
4513.72,100.0,21820.0,,,,,100.0,100.0,8332.4
4514.72,100.0,21719.8,,,,,100.0,100.0,8332.5
4515.72,0.0,21719.9,,,,,0.0,0.0,8313.3
4516.72,100.0,21761.5,,,,,100.0,100.0,8326.3
4517.72,0.0,21803.0,,,,,0.0,0.0,8327.3
4518.72,100.0,21803.0,,,,,100.0,100.0,8322.7
4519.72,100.0,21844.6,,,,,100.0,100.0,8328.3
4520.72,100.0,21944.6,,,,,100.0,100.0,8330.8
4521.72,0.0,21944.6,,,,,0.0,0.0,8330.8
4522.72,100.0,21903.3,,,,,100.0,100.0,8332.4
4523.72,100.0,21861.7,,,,,100.0,100.0,8332.6
4524.72,100.0,21820.0,,,,,100.0,100.0,8332.6
4525.72,0.0,21820.0,,,,,0.0,0.0,8332.6
4526.72,100.0,21719.9,,,,,100.0,100.0,8326.7
4527.72,0.0,21761.5,,,,,0.0,0.0,8313.1
4528.72,100.0,21782.3,,,,,100.0,100.0,8325.3
4529.72,100.0,21803.0,,,,,100.0,100.0,8310.9
4530.72,100.0,21803.0,,,,,100.0,100.0,8317.3
4531.72,0.0,21878.6,,,,,0.0,0.0,8328.2
4532.72,100.0,21944.6,,,,,100.0,100.0,8331.0
4533.72,100.0,21903.3,,,,,100.0,100.0,8332.7
4534.72,100.0,21861.7,,,,,100.0,100.0,8332.9
4535.72,0.0,21861.7,,,,,0.0,0.0,8332.9
4536.72,100.0,21820.0,,,,,100.0,100.0,8332.9
4537.72,100.0,21719.8,,,,,100.0,100.0,8311.2
4538.72,0.0,21761.5,,,,,0.0,0.0,8326.9
4539.72,100.0,21761.5,,,,,100.0,100.0,8310.8
4540.72,100.0,21761.5,,,,,100.0,100.0,8319.9
4541.72,0.0,21844.6,,,,,0.0,0.0,8309.2
4542.72,100.0,21844.6,,,,,100.0,100.0,8314.7
4543.72,100.0,21944.6,,,,,100.0,100.0,8331.1
4544.72,100.0,21903.3,,,,,100.0,100.0,8332.8
4545.72,0.0,21903.3,,,,,0.0,0.0,8332.8
4546.72,100.0,21861.7,,,,,100.0,100.0,8333.0
4547.72,100.0,21820.0,,,,,100.0,100.0,8333.0
4548.72,100.0,21719.8,,,,,100.0,100.0,8333.1
4549.72,0.0,21719.9,,,,,0.0,0.0,8327.3
4550.72,100.0,21740.7,,,,,100.0,100.0,8326.6
4551.72,0.0,21803.0,,,,,0.0,0.0,8320.6
4552.72,100.0,21820.5,,,,,100.0,100.0,8321.9
4553.72,100.0,21844.6,,,,,100.0,100.0,8321.2
4554.72,100.0,21944.6,,,,,100.0,100.0,8331.5
4555.72,0.0,21944.6,,,,,0.0,0.0,8331.5
4556.72,100.0,21903.3,,,,,100.0,100.0,8333.1
4557.72,100.0,21861.7,,,,,100.0,100.0,8333.3
4558.72,100.0,21820.0,,,,,100.0,100.0,8333.3
4559.72,0.0,21820.0,,,,,0.0,0.0,8333.3
4560.72,100.0,21719.9,,,,,100.0,100.0,8327.3
4561.72,0.0,21761.5,,,,,0.0,0.0,8313.2
4562.72,100.0,21779.7,,,,,100.0,100.0,8325.0
4563.72,100.0,21803.0,,,,,100.0,100.0,8328.2
4564.72,100.0,21803.0,,,,,100.0,100.0,8315.5
4565.72,0.0,21878.6,,,,,0.0,0.0,8328.5
4566.72,100.0,21944.6,,,,,100.0,100.0,8331.6
4567.72,100.0,21903.3,,,,,100.0,100.0,8333.3
4568.72,100.0,21861.7,,,,,100.0,100.0,8333.5
4569.72,0.0,21861.7,,,,,0.0,0.0,8333.5
4570.72,100.0,21820.0,,,,,100.0,100.0,8333.5
4571.72,100.0,21719.8,,,,,100.0,100.0,8311.6
4572.72,0.0,21761.5,,,,,0.0,0.0,8327.4
4573.72,100.0,21761.5,,,,,100.0,100.0,8311.9
4574.72,100.0,21761.5,,,,,100.0,100.0,8317.8
4575.73,0.0,21844.6,,,,,0.0,0.0,8309.0
4576.73,100.0,21844.6,,,,,100.0,100.0,8314.9
4577.73,100.0,21944.6,,,,,100.0,100.0,8331.8
4578.73,100.0,21903.3,,,,,100.0,100.0,8333.5
4579.73,0.0,21903.3,,,,,0.0,0.0,8333.5
4580.73,100.0,21861.7,,,,,100.0,100.0,8333.7
4581.73,100.0,21820.0,,,,,100.0,100.0,8333.7
4582.73,100.0,21719.8,,,,,100.0,100.0,8333.8
4583.73,0.0,21719.9,,,,,0.0,0.0,8327.8
4584.73,100.0,21740.7,,,,,100.0,100.0,8327.1
4585.73,0.0,21803.0,,,,,0.0,0.0,8328.6
4586.73,100.0,21803.0,,,,,100.0,100.0,8319.7
4587.73,100.0,21844.6,,,,,100.0,100.0,8319.5
4588.73,100.0,21944.6,,,,,100.0,100.0,8331.9
4589.73,0.0,21944.6,,,,,0.0,0.0,8331.9
4590.73,100.0,21903.3,,,,,100.0,100.0,8333.7
4591.73,100.0,21861.7,,,,,100.0,100.0,8333.9
4592.73,100.0,21820.0,,,,,100.0,100.0,8333.9
4593.73,0.0,21820.0,,,,,0.0,0.0,8333.9
4594.73,100.0,21719.9,,,,,100.0,100.0,8327.8
4595.73,0.0,21761.5,,,,,0.0,0.0,8313.6
4596.73,100.0,21782.3,,,,,100.0,100.0,8326.6
4597.73,100.0,21803.0,,,,,100.0,100.0,8329.0
4598.73,100.0,21803.0,,,,,100.0,100.0,8322.6
4599.73,0.0,21878.6,,,,,0.0,0.0,8329.7
4600.73,100.0,21944.6,,,,,100.0,100.0,8332.3
4601.73,100.0,21903.3,,,,,100.0,100.0,8334.0
4602.73,0.0,21903.3,,,,,0.0,0.0,8334.0
4603.73,100.0,21861.7,,,,,100.0,100.0,8334.1
4604.73,100.0,21820.0,,,,,100.0,100.0,8334.1
4605.73,100.0,21719.8,,,,,100.0,100.0,8311.3
4606.73,0.0,21719.9,,,,,0.0,0.0,8324.2
4607.73,100.0,21761.5,,,,,100.0,100.0,8312.5
4608.73,0.0,21803.0,,,,,0.0,0.0,8318.4
4609.73,100.0,21844.6,,,,,100.0,100.0,8309.7
4610.73,100.0,21844.6,,,,,100.0,100.0,8315.5
4611.73,100.0,21944.6,,,,,100.0,100.0,8332.4
4612.73,0.0,21944.6,,,,,0.0,0.0,8332.4
4613.73,100.0,21903.3,,,,,100.0,100.0,8334.2
4614.73,100.0,21861.7,,,,,100.0,100.0,8334.4
4615.73,100.0,21820.0,,,,,100.0,100.0,8334.4
4616.73,0.0,21820.0,,,,,0.0,0.0,8334.4
4617.73,100.0,21719.9,,,,,100.0,100.0,8328.4
4618.73,0.0,21782.2,,,,,0.0,0.0,8324.6
4619.73,100.0,21803.0,,,,,100.0,100.0,8321.0
4620.73,100.0,21803.0,,,,,100.0,100.0,8319.7
4621.73,100.0,21844.6,,,,,100.0,100.0,8320.7
4622.73,0.0,21878.6,,,,,0.0,0.0,8330.2
4623.73,100.0,21944.6,,,,,100.0,100.0,8332.8
4624.73,100.0,21903.3,,,,,100.0,100.0,8334.5
4625.73,100.0,21861.7,,,,,100.0,100.0,8334.7
4626.73,0.0,21861.7,,,,,0.0,0.0,8334.7
4627.73,100.0,21820.0,,,,,100.0,100.0,8334.7
4628.73,100.0,21685.8,,,,,100.0,100.0,8325.9
4629.73,0.0,21761.5,,,,,0.0,0.0,8328.9
4630.73,100.0,21761.5,,,,,100.0,100.0,8319.6
4631.73,100.0,21803.0,,,,,100.0,100.0,8329.6
4632.73,0.0,21844.6,,,,,0.0,0.0,8317.8
4633.73,100.0,21861.6,,,,,100.0,100.0,8327.9
4634.73,100.0,21944.6,,,,,100.0,100.0,8332.9
4635.73,100.0,21903.3,,,,,100.0,100.0,8334.6
4636.73,0.0,21903.3,,,,,0.0,0.0,8334.6
4637.73,100.0,21861.7,,,,,100.0,100.0,8334.8
4638.73,100.0,21820.0,,,,,100.0,100.0,8334.8
4639.74,100.0,21719.8,,,,,100.0,100.0,8312.4
4640.74,0.0,21719.9,,,,,0.0,0.0,8325.8
4641.74,100.0,21761.5,,,,,100.0,100.0,8313.4
4642.74,0.0,21803.0,,,,,0.0,0.0,8320.2
4643.74,100.0,21844.6,,,,,100.0,100.0,8330.6
4644.74,100.0,21844.6,,,,,100.0,100.0,8317.3
4645.74,100.0,21944.6,,,,,100.0,100.0,8333.1
4646.74,0.0,21944.6,,,,,0.0,0.0,8333.1
4647.74,100.0,21903.3,,,,,100.0,100.0,8334.8
4648.74,100.0,21861.7,,,,,100.0,100.0,8335.0
4649.74,100.0,21820.0,,,,,100.0,100.0,8335.0
4650.74,0.0,21820.0,,,,,0.0,0.0,8335.0
4651.74,100.0,21719.9,,,,,100.0,100.0,8320.2
4652.74,0.0,21761.5,,,,,0.0,0.0,8323.7
4653.74,100.0,21803.0,,,,,100.0,100.0,8311.1
4654.74,100.0,21803.0,,,,,100.0,100.0,8317.2
4655.74,100.0,21844.6,,,,,100.0,100.0,8320.5
4656.74,0.0,21878.6,,,,,0.0,0.0,8330.9
4657.74,100.0,21944.6,,,,,100.0,100.0,8333.4
4658.74,100.0,21903.3,,,,,100.0,100.0,8335.1
4659.74,100.0,21861.7,,,,,100.0,100.0,8335.3
4660.74,0.0,21861.7,,,,,0.0,0.0,8335.3
4661.74,100.0,21820.0,,,,,100.0,100.0,8335.3
4662.74,100.0,21719.8,,,,,100.0,100.0,8324.4
4663.74,0.0,21761.5,,,,,0.0,0.0,8329.7
4664.74,100.0,21761.5,,,,,100.0,100.0,8319.0
4665.74,100.0,21803.0,,,,,100.0,100.0,8330.4
4666.74,0.0,21844.6,,,,,0.0,0.0,8317.1
4667.74,100.0,21861.6,,,,,100.0,100.0,8327.5
4668.74,100.0,21944.6,,,,,100.0,100.0,8333.8
4669.74,100.0,21903.3,,,,,100.0,100.0,8335.4
4670.74,0.0,21903.3,,,,,0.0,0.0,8335.4
4671.74,100.0,21861.7,,,,,100.0,100.0,8335.6
4672.74,100.0,21820.0,,,,,100.0,100.0,8335.6
4673.74,100.0,21719.8,,,,,100.0,100.0,8312.6
4674.74,0.0,21719.9,,,,,0.0,0.0,8325.0
4675.74,100.0,21761.5,,,,,100.0,100.0,8311.8
4676.74,0.0,21803.0,,,,,0.0,0.0,8320.2
4677.74,100.0,21844.6,,,,,100.0,100.0,8331.0
4678.74,100.0,21844.6,,,,,100.0,100.0,8318.6
4679.74,100.0,21944.6,,,,,100.0,100.0,8333.7
4680.74,0.0,21944.6,,,,,0.0,0.0,8333.7
4681.74,100.0,21903.3,,,,,100.0,100.0,8335.4
4682.74,100.0,21861.7,,,,,100.0,100.0,8335.6
4683.74,100.0,21820.0,,,,,100.0,100.0,8335.6
4684.74,0.0,21820.0,,,,,0.0,0.0,8335.6
4685.74,100.0,21719.9,,,,,100.0,100.0,8320.8
4686.74,0.0,21761.5,,,,,0.0,0.0,8321.7
4687.74,100.0,21803.0,,,,,100.0,100.0,8321.1
4688.74,100.0,21803.0,,,,,100.0,100.0,8324.6
4689.74,100.0,21823.8,,,,,100.0,100.0,8319.3
4690.74,0.0,21878.6,,,,,0.0,0.0,8331.8
4691.74,100.0,21944.6,,,,,100.0,100.0,8334.3
4692.74,100.0,21903.3,,,,,100.0,100.0,8335.9
4693.74,100.0,21861.7,,,,,100.0,100.0,8336.1
4694.74,0.0,21861.7,,,,,0.0,0.0,8336.1
4695.74,100.0,21820.0,,,,,100.0,100.0,8336.1
4696.74,100.0,21719.8,,,,,100.0,100.0,8322.4
4697.74,0.0,21761.5,,,,,0.0,0.0,8330.3
4698.74,100.0,21761.5,,,,,100.0,100.0,8319.0
4699.74,100.0,21803.0,,,,,100.0,100.0,8330.9
4700.74,0.0,21844.6,,,,,0.0,0.0,8318.2
4701.74,100.0,21861.6,,,,,100.0,100.0,8329.8
4702.74,100.0,21944.6,,,,,100.0,100.0,8334.4
4703.75,100.0,21903.3,,,,,100.0,100.0,8336.2
4704.75,0.0,21903.3,,,,,0.0,0.0,8336.2
4705.75,100.0,21861.7,,,,,100.0,100.0,8336.4
4706.75,100.0,21820.0,,,,,100.0,100.0,8336.4
4707.75,100.0,21719.8,,,,,100.0,100.0,8312.8
4708.75,0.0,21719.9,,,,,0.0,0.0,8321.1
4709.75,100.0,21761.5,,,,,100.0,100.0,8331.0
4710.75,0.0,21803.0,,,,,0.0,0.0,8323.0
4711.75,100.0,21803.0,,,,,100.0,100.0,8320.6
4712.75,100.0,21844.6,,,,,100.0,100.0,8321.4
4713.75,100.0,21944.6,,,,,100.0,100.0,8333.4
4714.75,0.0,21944.6,,,,,0.0,0.0,8333.4
4715.75,100.0,21903.3,,,,,100.0,100.0,8335.1
4716.75,100.0,21861.7,,,,,100.0,100.0,8335.2
4717.75,100.0,21820.0,,,,,100.0,100.0,8335.3
4718.75,0.0,21820.0,,,,,0.0,0.0,8335.3
4719.75,100.0,21719.9,,,,,100.0,100.0,8312.9
4720.75,0.0,21761.5,,,,,0.0,0.0,8319.2
4721.75,100.0,21803.0,,,,,100.0,100.0,8321.5
4722.75,100.0,21803.0,,,,,100.0,100.0,8324.8
4723.75,100.0,21823.8,,,,,100.0,100.0,8328.9
4724.75,0.0,21878.6,,,,,0.0,0.0,8331.4
4725.75,100.0,21944.6,,,,,100.0,100.0,8334.0
4726.75,100.0,21903.3,,,,,100.0,100.0,8335.7
4727.75,100.0,21861.7,,,,,100.0,100.0,8335.9
4728.75,0.0,21861.7,,,,,0.0,0.0,8335.9
4729.75,100.0,21820.0,,,,,100.0,100.0,8335.9
4730.75,100.0,21719.8,,,,,100.0,100.0,8320.6
4731.75,0.0,21761.5,,,,,0.0,0.0,8330.0
4732.75,100.0,21761.5,,,,,100.0,100.0,8318.8
4733.75,100.0,21803.0,,,,,100.0,100.0,8330.6
4734.75,0.0,21844.6,,,,,0.0,0.0,8331.7
4735.75,100.0,21844.6,,,,,100.0,100.0,8325.8
4736.75,100.0,21944.6,,,,,100.0,100.0,8334.2
4737.75,100.0,21903.3,,,,,100.0,100.0,8335.8
4738.75,0.0,21903.3,,,,,0.0,0.0,8335.8
4739.75,100.0,21861.7,,,,,100.0,100.0,8336.0
4740.75,100.0,21820.0,,,,,100.0,100.0,8336.0
4741.75,100.0,21719.8,,,,,100.0,100.0,8311.4
4742.75,0.0,21719.9,,,,,0.0,0.0,8319.7
4743.75,100.0,21761.5,,,,,100.0,100.0,8330.1
4744.75,100.0,21823.8,,,,,100.0,100.0,8329.8
4745.75,100.0,21844.6,,,,,100.0,100.0,8316.0
4746.75,100.0,21944.6,,,,,100.0,100.0,8334.4
4747.75,100.0,21944.6,,,,,100.0,100.0,8334.4
4748.75,100.0,21903.3,,,,,100.0,100.0,8336.1
4749.75,100.0,21861.7,,,,,100.0,100.0,8336.3
4750.75,100.0,21820.0,,,,,100.0,100.0,8336.3
4751.75,0.0,21820.0,,,,,0.0,0.0,8336.3
4752.75,100.0,21719.9,,,,,100.0,100.0,8311.9
4753.75,0.0,21761.5,,,,,0.0,0.0,8319.6
4754.75,100.0,21803.0,,,,,100.0,100.0,8311.9
4755.75,100.0,21803.0,,,,,100.0,100.0,8318.2
4756.75,100.0,21823.8,,,,,100.0,100.0,8329.4
4757.75,0.0,21878.6,,,,,0.0,0.0,8332.0
4758.75,100.0,21944.6,,,,,100.0,100.0,8334.6
4759.75,100.0,21903.3,,,,,100.0,100.0,8336.3
4760.75,100.0,21861.7,,,,,100.0,100.0,8336.5
4761.75,0.0,21861.7,,,,,0.0,0.0,8336.5
4762.75,100.0,21820.0,,,,,100.0,100.0,8336.5
4763.75,100.0,21719.8,,,,,100.0,100.0,8320.5
4764.75,0.0,21761.5,,,,,0.0,0.0,8330.9
4765.76,100.0,21761.5,,,,,100.0,100.0,8319.5
4766.76,100.0,21803.0,,,,,100.0,100.0,8331.5
4767.76,0.0,21844.6,,,,,0.0,0.0,8332.5
4768.76,100.0,21844.6,,,,,100.0,100.0,8326.2
4769.76,100.0,21944.6,,,,,100.0,100.0,8334.9
4770.76,100.0,21903.3,,,,,100.0,100.0,8336.6
4771.76,0.0,21903.3,,,,,0.0,0.0,8336.6
4772.76,100.0,21861.7,,,,,100.0,100.0,8336.8
4773.76,100.0,21820.0,,,,,100.0,100.0,8336.8
4774.76,100.0,21719.8,,,,,100.0,100.0,8312.1
4775.76,0.0,21719.9,,,,,0.0,0.0,8319.9
4776.76,100.0,21761.5,,,,,100.0,100.0,8331.0
4777.76,0.0,21803.0,,,,,0.0,0.0,8319.6
4778.76,100.0,21823.8,,,,,100.0,100.0,8328.9
4779.76,100.0,21844.6,,,,,100.0,100.0,8319.1
4780.76,100.0,21944.6,,,,,100.0,100.0,8335.2
4781.76,0.0,21944.6,,,,,0.0,0.0,8335.2
4782.76,100.0,21903.3,,,,,100.0,100.0,8336.9
4783.76,100.0,21861.7,,,,,100.0,100.0,8337.1
4784.76,100.0,21820.0,,,,,100.0,100.0,8337.1
4785.76,0.0,21820.0,,,,,0.0,0.0,8337.1
4786.76,100.0,21719.9,,,,,100.0,100.0,8312.4
4787.76,0.0,21761.5,,,,,0.0,0.0,8320.4
4788.76,100.0,21803.0,,,,,100.0,100.0,8332.0
4789.76,100.0,21803.0,,,,,100.0,100.0,8318.6
4790.76,100.0,21823.8,,,,,100.0,100.0,8331.9
4791.76,0.0,21878.6,,,,,0.0,0.0,8332.8
4792.76,100.0,21944.6,,,,,100.0,100.0,8335.4
4793.76,100.0,21903.3,,,,,100.0,100.0,8337.1
4794.76,100.0,21861.7,,,,,100.0,100.0,8337.3
4795.76,0.0,21861.7,,,,,0.0,0.0,8337.3
4796.76,100.0,21820.0,,,,,100.0,100.0,8337.3
4797.76,100.0,21719.8,,,,,100.0,100.0,8320.7
4798.76,0.0,21761.5,,,,,0.0,0.0,8331.5
4799.76,100.0,21761.5,,,,,100.0,100.0,8319.4
4800.76,100.0,21782.3,,,,,100.0,100.0,8328.9
4801.76,0.0,21844.6,,,,,0.0,0.0,8326.3
4802.76,100.0,21844.6,,,,,100.0,100.0,8325.4
4803.76,100.0,21944.6,,,,,100.0,100.0,8335.7
4804.76,100.0,21903.3,,,,,100.0,100.0,8337.4
4805.76,0.0,21903.3,,,,,0.0,0.0,8337.4
4806.76,100.0,21861.7,,,,,100.0,100.0,8337.5
4807.76,100.0,21820.0,,,,,100.0,100.0,8337.6
4808.76,100.0,21719.8,,,,,100.0,100.0,8337.7
4809.76,0.0,21719.9,,,,,0.0,0.0,8320.0
4810.76,100.0,21761.5,,,,,100.0,100.0,8332.2
4811.76,0.0,21803.0,,,,,0.0,0.0,8320.7
4812.76,100.0,21844.6,,,,,100.0,100.0,8333.2
4813.76,100.0,21844.6,,,,,100.0,100.0,8320.1
4814.76,100.0,21944.6,,,,,100.0,100.0,8335.9
4815.76,0.0,21944.6,,,,,0.0,0.0,8335.9
4816.76,100.0,21903.3,,,,,100.0,100.0,8337.6
4817.76,100.0,21861.7,,,,,100.0,100.0,8337.8
4818.76,100.0,21820.0,,,,,100.0,100.0,8337.8
4819.76,0.0,21820.0,,,,,0.0,0.0,8337.8
4820.76,100.0,21719.9,,,,,100.0,100.0,8312.8
4821.76,0.0,21761.5,,,,,0.0,0.0,8319.8
4822.76,100.0,21803.0,,,,,100.0,100.0,8332.7
4823.76,100.0,21803.0,,,,,100.0,100.0,8318.3
4824.76,100.0,21803.0,,,,,100.0,100.0,8325.9
4825.76,0.0,21878.6,,,,,0.0,0.0,8333.7
4826.76,100.0,21944.6,,,,,100.0,100.0,8336.2
4827.76,100.0,21903.3,,,,,100.0,100.0,8337.9
4828.76,100.0,21861.7,,,,,100.0,100.0,8338.1
4829.76,0.0,21861.7,,,,,0.0,0.0,8338.1
4830.76,100.0,21820.0,,,,,100.0,100.0,8338.1
4831.76,100.0,21719.8,,,,,100.0,100.0,8320.5
4832.76,0.0,21761.5,,,,,0.0,0.0,8332.4
4833.76,100.0,21761.5,,,,,100.0,100.0,8332.5
4834.77,100.0,21801.6,,,,,100.0,100.0,8332.9
4835.77,0.0,21844.6,,,,,0.0,0.0,8327.4
4836.77,100.0,21861.6,,,,,100.0,100.0,8329.0
4837.77,100.0,21944.6,,,,,100.0,100.0,8336.5
4838.77,100.0,21903.3,,,,,100.0,100.0,8338.1
4839.77,0.0,21903.3,,,,,0.0,0.0,8338.1
4840.77,100.0,21861.7,,,,,100.0,100.0,8338.3
4841.77,100.0,21820.0,,,,,100.0,100.0,8338.3
4842.77,100.0,21719.8,,,,,100.0,100.0,8338.5
4843.77,0.0,21719.9,,,,,0.0,0.0,8321.2
4844.77,100.0,21761.5,,,,,100.0,100.0,8332.5
4845.77,0.0,21803.0,,,,,0.0,0.0,8320.9
4846.77,100.0,21823.8,,,,,100.0,100.0,8329.2
4847.77,100.0,21844.6,,,,,100.0,100.0,8334.1
4848.77,100.0,21944.6,,,,,100.0,100.0,8336.7
4849.77,0.0,21944.6,,,,,0.0,0.0,8336.7
4850.77,100.0,21903.3,,,,,100.0,100.0,8338.4
4851.77,100.0,21861.7,,,,,100.0,100.0,8338.6
4852.77,100.0,21820.0,,,,,100.0,100.0,8338.6
4853.77,0.0,21820.0,,,,,0.0,0.0,8338.6
4854.77,100.0,21719.9,,,,,100.0,100.0,8312.7
4855.77,0.0,21761.5,,,,,0.0,0.0,8319.7
4856.77,100.0,21803.0,,,,,100.0,100.0,8333.3
4857.77,100.0,21803.0,,,,,100.0,100.0,8319.8
4858.77,100.0,21803.0,,,,,100.0,100.0,8326.4
4859.77,0.0,21878.6,,,,,0.0,0.0,8334.4
4860.77,100.0,21944.6,,,,,100.0,100.0,8336.9
4861.77,100.0,21903.3,,,,,100.0,100.0,8338.6
4862.77,100.0,21861.7,,,,,100.0,100.0,8338.8
4863.77,0.0,21861.7,,,,,0.0,0.0,8338.8
4864.77,100.0,21820.0,,,,,100.0,100.0,8338.8
4865.77,100.0,21719.8,,,,,100.0,100.0,8320.6
4866.77,0.0,21761.5,,,,,0.0,0.0,8332.8
4867.77,100.0,21761.5,,,,,100.0,100.0,8333.1
4868.77,100.0,21761.5,,,,,100.0,100.0,8330.5
4869.77,0.0,21844.6,,,,,0.0,0.0,8334.6
4870.77,100.0,21844.6,,,,,100.0,100.0,8324.5
4871.77,100.0,21944.6,,,,,100.0,100.0,8337.1
4872.77,100.0,21903.3,,,,,100.0,100.0,8338.8
4873.77,0.0,21903.3,,,,,0.0,0.0,8338.8
4874.77,100.0,21861.7,,,,,100.0,100.0,8339.0
4875.77,100.0,21820.0,,,,,100.0,100.0,8339.0
4876.77,100.0,21719.8,,,,,100.0,100.0,8339.2
4877.77,0.0,21719.9,,,,,0.0,0.0,8320.7
4878.77,100.0,21761.5,,,,,100.0,100.0,8333.1
4879.77,0.0,21803.0,,,,,0.0,0.0,8320.3
4880.77,100.0,21803.0,,,,,100.0,100.0,8328.6
4881.77,100.0,21844.6,,,,,100.0,100.0,8334.9
4882.77,100.0,21944.6,,,,,100.0,100.0,8337.4
4883.77,0.0,21944.6,,,,,0.0,0.0,8337.4
4884.77,100.0,21903.3,,,,,100.0,100.0,8339.1
4885.77,100.0,21861.7,,,,,100.0,100.0,8339.3
4886.77,100.0,21820.0,,,,,100.0,100.0,8339.3
4887.77,0.0,21820.0,,,,,0.0,0.0,8339.3
4888.77,100.0,21719.9,,,,,100.0,100.0,8333.4
4889.77,0.0,21761.5,,,,,0.0,0.0,8319.8
4890.77,100.0,21782.3,,,,,100.0,100.0,8332.3
4891.77,100.0,21803.0,,,,,100.0,100.0,8319.8
4892.77,100.0,21803.0,,,,,100.0,100.0,8327.5
4893.77,0.0,21878.6,,,,,0.0,0.0,8335.3
4894.77,100.0,21944.6,,,,,100.0,100.0,8337.8
4895.77,100.0,21903.3,,,,,100.0,100.0,8339.5
4896.77,100.0,21861.7,,,,,100.0,100.0,8339.7
4897.77,0.0,21861.7,,,,,0.0,0.0,8339.7
4898.77,100.0,21820.0,,,,,100.0,100.0,8339.7
4899.77,100.0,21719.8,,,,,100.0,100.0,8321.3
4900.77,0.0,21761.5,,,,,0.0,0.0,8324.0
4901.77,100.0,21761.5,,,,,100.0,100.0,8327.2
4902.77,100.0,21761.5,,,,,100.0,100.0,8327.2
4903.77,0.0,21844.6,,,,,0.0,0.0,8327.5
4904.78,100.0,21844.6,,,,,100.0,100.0,8324.6
4905.78,100.0,21944.6,,,,,100.0,100.0,8338.0
4906.78,100.0,21903.3,,,,,100.0,100.0,8339.6
4907.78,0.0,21903.3,,,,,0.0,0.0,8339.6
4908.78,100.0,21861.7,,,,,100.0,100.0,8339.8
4909.78,100.0,21820.0,,,,,100.0,100.0,8339.8
4910.78,100.0,21719.8,,,,,100.0,100.0,8340.0
4911.78,0.0,21719.9,,,,,0.0,0.0,8321.4
4912.78,100.0,21737.1,,,,,100.0,100.0,8333.5
4913.78,0.0,21803.0,,,,,0.0,0.0,8335.0
4914.78,100.0,21803.0,,,,,100.0,100.0,8325.3
4915.78,100.0,21844.6,,,,,100.0,100.0,8335.9
4916.78,100.0,21944.6,,,,,100.0,100.0,8338.3
4917.78,0.0,21944.6,,,,,0.0,0.0,8338.3
4918.78,100.0,21903.3,,,,,100.0,100.0,8339.9
4919.78,100.0,21861.7,,,,,100.0,100.0,8340.0
4920.78,100.0,21820.0,,,,,100.0,100.0,8340.0
4921.78,0.0,21820.0,,,,,0.0,0.0,8340.0
4922.78,100.0,21719.9,,,,,100.0,100.0,8334.1
4923.78,0.0,21761.5,,,,,0.0,0.0,8320.3
4924.78,100.0,21761.5,,,,,100.0,100.0,8331.4
4925.78,100.0,21803.0,,,,,100.0,100.0,8319.1
4926.78,100.0,21803.0,,,,,100.0,100.0,8326.8
4927.78,0.0,21878.6,,,,,0.0,0.0,8335.8
4928.78,100.0,21944.6,,,,,100.0,100.0,8338.4
4929.78,100.0,21903.3,,,,,100.0,100.0,8340.1
4930.78,100.0,21861.7,,,,,100.0,100.0,8340.3
4931.78,0.0,21861.7,,,,,0.0,0.0,8340.3
4932.78,100.0,21820.0,,,,,100.0,100.0,8340.3
4933.78,100.0,21719.8,,,,,100.0,100.0,8340.5
4934.78,0.0,21761.5,,,,,0.0,0.0,8318.9
4935.78,100.0,21761.5,,,,,100.0,100.0,8318.8
4936.78,100.0,21761.5,,,,,100.0,100.0,8329.9
4937.78,0.0,21844.6,,,,,0.0,0.0,8328.8
4938.78,100.0,21844.6,,,,,100.0,100.0,8331.2
4939.78,100.0,21944.6,,,,,100.0,100.0,8338.5
4940.78,100.0,21903.3,,,,,100.0,100.0,8340.3
4941.78,0.0,21903.3,,,,,0.0,0.0,8340.3
4942.78,100.0,21861.7,,,,,100.0,100.0,8340.5
4943.78,100.0,21820.0,,,,,100.0,100.0,8340.5
4944.78,100.0,21719.8,,,,,100.0,100.0,8340.6
4945.78,0.0,21719.9,,,,,0.0,0.0,8321.0
4946.78,100.0,21740.7,,,,,100.0,100.0,8334.4
4947.78,0.0,21803.0,,,,,0.0,0.0,8335.4
4948.78,100.0,21803.0,,,,,100.0,100.0,8327.0
4949.78,100.0,21844.6,,,,,100.0,100.0,8336.2
4950.78,100.0,21944.6,,,,,100.0,100.0,8338.8
4951.78,0.0,21944.6,,,,,0.0,0.0,8338.8
4952.78,100.0,21903.3,,,,,100.0,100.0,8340.6
4953.78,100.0,21861.7,,,,,100.0,100.0,8340.8
4954.78,100.0,21820.0,,,,,100.0,100.0,8340.8
4955.78,0.0,21820.0,,,,,0.0,0.0,8340.8
4956.78,100.0,21719.9,,,,,100.0,100.0,8334.7
4957.78,0.0,21761.5,,,,,0.0,0.0,8321.5
4958.78,100.0,21761.5,,,,,100.0,100.0,8327.5
4959.78,100.0,21803.0,,,,,100.0,100.0,8317.8
4960.78,100.0,21803.0,,,,,100.0,100.0,8324.7
4961.78,0.0,21878.6,,,,,0.0,0.0,8336.1
4962.78,100.0,21944.6,,,,,100.0,100.0,8339.0
4963.78,100.0,21903.3,,,,,100.0,100.0,8340.7
4964.78,100.0,21861.7,,,,,100.0,100.0,8340.9
4965.78,0.0,21861.7,,,,,0.0,0.0,8340.9
4966.78,100.0,21820.0,,,,,100.0,100.0,8340.9
4967.78,100.0,21719.8,,,,,100.0,100.0,8341.2
4968.78,0.0,21761.2,,,,,0.0,0.0,8334.8
4969.78,100.0,21761.5,,,,,100.0,100.0,8327.9
4970.78,100.0,21761.5,,,,,100.0,100.0,8327.4
4971.78,0.0,21844.6,,,,,0.0,0.0,8327.5
4972.79,100.0,21844.6,,,,,100.0,100.0,8330.4
4973.79,100.0,21944.6,,,,,100.0,100.0,8339.2
4974.79,100.0,21903.0,,,,,100.0,100.0,8339.4
4975.79,0.0,21903.3,,,,,0.0,0.0,8341.0
4976.79,100.0,21861.7,,,,,100.0,100.0,8341.2
4977.79,100.0,21820.0,,,,,100.0,100.0,8341.2
4978.79,0.0,21820.0,,,,,0.0,0.0,8341.2
4979.79,100.0,21719.9,,,,,100.0,100.0,8321.3
4980.79,100.0,21719.9,,,,,100.0,100.0,8332.9
4981.79,0.0,21803.0,,,,,0.0,0.0,8336.2
4982.79,100.0,21803.0,,,,,100.0,100.0,8326.9
4983.79,100.0,21844.6,,,,,100.0,100.0,8337.1
4984.79,0.0,21878.6,,,,,0.0,0.0,8337.0
4985.79,100.0,21944.6,,,,,100.0,100.0,8339.6
4986.79,100.0,21903.3,,,,,100.0,100.0,8341.3
4987.79,100.0,21861.7,,,,,100.0,100.0,8341.5
4988.79,0.0,21861.7,,,,,0.0,0.0,8341.5
4989.79,100.0,21820.0,,,,,100.0,100.0,8341.5
4990.79,100.0,21685.8,,,,,100.0,100.0,8333.9
4991.79,0.0,21761.5,,,,,0.0,0.0,8319.5
4992.79,100.0,21761.5,,,,,100.0,100.0,8325.9
4993.79,100.0,21803.0,,,,,100.0,100.0,8336.4
4994.79,0.0,21844.6,,,,,0.0,0.0,8324.9
4995.79,100.0,21878.6,,,,,100.0,100.0,8337.1
4996.79,100.0,21944.6,,,,,100.0,100.0,8339.8
4997.79,100.0,21903.3,,,,,100.0,100.0,8341.5
4998.79,0.0,21903.3,,,,,0.0,0.0,8341.5
4999.79,100.0,21861.7,,,,,100.0,100.0,8341.7
5000.79,100.0,21820.0,,,,,100.0,100.0,8341.7
5001.79,100.0,21719.8,,,,,100.0,100.0,8341.9
5002.79,0.0,21740.7,,,,,0.0,0.0,8333.5
5003.79,100.0,21761.5,,,,,100.0,100.0,8320.0
5004.79,0.0,21803.0,,,,,0.0,0.0,8328.3
5005.79,100.0,21844.6,,,,,100.0,100.0,8319.3
5006.79,100.0,21844.6,,,,,100.0,100.0,8324.7
5007.79,100.0,21944.6,,,,,100.0,100.0,8340.0
5008.79,0.0,21944.6,,,,,0.0,0.0,8340.0
5009.79,100.0,21903.3,,,,,100.0,100.0,8341.7
5010.79,100.0,21861.7,,,,,100.0,100.0,8341.9
5011.79,100.0,21820.0,,,,,100.0,100.0,8341.9
5012.79,0.0,21820.0,,,,,0.0,0.0,8341.9
5013.79,100.0,21719.9,,,,,100.0,100.0,8336.1
5014.79,0.0,21761.5,,,,,0.0,0.0,8331.2
5015.79,100.0,21803.0,,,,,100.0,100.0,8336.9
5016.79,100.0,21803.0,,,,,100.0,100.0,8325.8
5017.79,100.0,21844.6,,,,,100.0,100.0,8337.7
5018.79,0.0,21878.6,,,,,0.0,0.0,8337.6
5019.79,100.0,21944.6,,,,,100.0,100.0,8340.2
5020.79,100.0,21903.3,,,,,100.0,100.0,8341.9
5021.79,100.0,21861.7,,,,,100.0,100.0,8342.1
5022.79,0.0,21861.7,,,,,0.0,0.0,8342.1
5023.79,100.0,21820.0,,,,,100.0,100.0,8342.1
5024.79,100.0,21719.8,,,,,100.0,100.0,8332.1
5025.79,0.0,21761.5,,,,,0.0,0.0,8322.0
5026.79,100.0,21761.5,,,,,100.0,100.0,8328.4
5027.79,100.0,21803.0,,,,,100.0,100.0,8337.1
5028.79,0.0,21844.6,,,,,0.0,0.0,8325.5
5029.79,100.0,21878.6,,,,,100.0,100.0,8337.6
5030.79,100.0,21944.6,,,,,100.0,100.0,8340.4
5031.79,100.0,21903.3,,,,,100.0,100.0,8342.1
5032.79,0.0,21903.3,,,,,0.0,0.0,8342.1
5033.79,100.0,21861.7,,,,,100.0,100.0,8342.3
5034.79,100.0,21820.0,,,,,100.0,100.0,8342.3
5035.79,100.0,21719.8,,,,,100.0,100.0,8342.6
5036.79,0.0,21719.9,,,,,0.0,0.0,8329.9
5037.79,100.0,21761.5,,,,,100.0,100.0,8319.9
5038.79,0.0,21803.0,,,,,0.0,0.0,8327.8
5039.79,100.0,21844.6,,,,,100.0,100.0,8319.8
5040.8,100.0,21844.6,,,,,100.0,100.0,8326.1
5041.8,100.0,21944.6,,,,,100.0,100.0,8340.7
5042.8,0.0,21944.6,,,,,0.0,0.0,8340.7
5043.8,100.0,21903.3,,,,,100.0,100.0,8342.4
5044.8,100.0,21861.7,,,,,100.0,100.0,8342.6
5045.8,100.0,21820.0,,,,,100.0,100.0,8342.6
5046.8,0.0,21820.0,,,,,0.0,0.0,8342.6
5047.8,100.0,21719.9,,,,,100.0,100.0,8336.8
5048.8,0.0,21761.5,,,,,0.0,0.0,8328.8
5049.8,100.0,21803.0,,,,,100.0,100.0,8337.5
5050.8,100.0,21803.0,,,,,100.0,100.0,8325.6
5051.8,100.0,21843.4,,,,,100.0,100.0,8338.3
5052.8,0.0,21878.6,,,,,0.0,0.0,8338.4
5053.8,100.0,21944.6,,,,,100.0,100.0,8341.0
5054.8,100.0,21902.9,,,,,100.0,100.0,8342.6
5055.8,100.0,21861.3,,,,,100.0,100.0,8342.8
5056.8,0.0,21861.3,,,,,0.0,0.0,8342.8
5057.8,100.0,21819.6,,,,,100.0,100.0,8342.8
5058.8,100.0,21719.4,,,,,100.0,100.0,8329.6
5059.8,0.0,21761.1,,,,,0.0,0.0,8321.8
5060.8,100.0,21761.1,,,,,100.0,100.0,8325.5
5061.8,100.0,21861.2,,,,,100.0,100.0,8342.2
5062.8,0.0,21861.2,,,,,0.0,0.0,8342.2
5063.8,100.0,21819.6,,,,,100.0,100.0,8342.2
5064.8,100.0,21719.8,,,,,100.0,100.0,8328.3
5065.8,0.0,21761.5,,,,,0.0,0.0,8319.7
5066.8,100.0,21761.5,,,,,100.0,100.0,8326.3
5067.8,100.0,21803.0,,,,,100.0,100.0,8328.8
5068.8,0.0,21844.6,,,,,0.0,0.0,8332.0
5069.8,100.0,21861.6,,,,,100.0,100.0,8336.1
5070.8,100.0,21944.6,,,,,100.0,100.0,8341.4
5071.8,100.0,21903.3,,,,,100.0,100.0,8343.1
5072.8,0.0,21903.3,,,,,0.0,0.0,8343.1
5073.8,100.0,21861.7,,,,,100.0,100.0,8343.3
5074.8,100.0,21820.0,,,,,100.0,100.0,8343.3
5075.8,100.0,21719.8,,,,,100.0,100.0,8343.5
5076.8,0.0,21719.9,,,,,0.0,0.0,8328.7
5077.8,100.0,21761.5,,,,,100.0,100.0,8337.3
5078.8,0.0,21803.0,,,,,0.0,0.0,8326.7
5079.8,100.0,21844.6,,,,,100.0,100.0,8338.8
5080.8,100.0,21844.6,,,,,100.0,100.0,8332.9
5081.8,100.0,21944.6,,,,,100.0,100.0,8341.5
5082.8,0.0,21944.6,,,,,0.0,0.0,8341.5
5083.8,100.0,21903.3,,,,,100.0,100.0,8343.3
5084.8,100.0,21861.7,,,,,100.0,100.0,8343.4
5085.8,100.0,21820.0,,,,,100.0,100.0,8343.4
5086.8,0.0,21820.0,,,,,0.0,0.0,8343.4
5087.8,100.0,21719.9,,,,,100.0,100.0,8321.2
5088.8,0.0,21761.5,,,,,0.0,0.0,8326.2
5089.8,100.0,21803.0,,,,,100.0,100.0,8338.3
5090.8,100.0,21803.0,,,,,100.0,100.0,8325.1
5091.8,100.0,21821.2,,,,,100.0,100.0,8336.2
5092.8,0.0,21878.6,,,,,0.0,0.0,8339.1
5093.8,100.0,21944.6,,,,,100.0,100.0,8341.8
5094.8,100.0,21903.3,,,,,100.0,100.0,8343.5
5095.8,100.0,21861.7,,,,,100.0,100.0,8343.7
5096.8,0.0,21861.7,,,,,0.0,0.0,8343.7
5097.8,100.0,21820.0,,,,,100.0,100.0,8343.7
5098.8,100.0,21719.8,,,,,100.0,100.0,8327.7
5099.8,0.0,21761.5,,,,,0.0,0.0,8320.8
5100.8,100.0,21761.5,,,,,100.0,100.0,8326.4
5101.8,100.0,21803.0,,,,,100.0,100.0,8338.5
5102.8,0.0,21844.6,,,,,0.0,0.0,8324.6
5103.8,100.0,21844.6,,,,,100.0,100.0,8334.0
5104.8,100.0,21944.6,,,,,100.0,100.0,8342.0
5105.8,100.0,21903.3,,,,,100.0,100.0,8343.8
5106.8,0.0,21903.3,,,,,0.0,0.0,8343.8
5107.81,100.0,21861.7,,,,,100.0,100.0,8344.0
5108.81,100.0,21820.0,,,,,100.0,100.0,8344.0
5109.81,100.0,21719.8,,,,,100.0,100.0,8344.1
5110.81,0.0,21719.9,,,,,0.0,0.0,8329.2
5111.81,100.0,21761.5,,,,,100.0,100.0,8338.2
5112.81,0.0,21803.0,,,,,0.0,0.0,8326.4
5113.81,100.0,21823.8,,,,,100.0,100.0,8337.6
5114.81,100.0,21844.6,,,,,100.0,100.0,8339.8
5115.81,100.0,21944.6,,,,,100.0,100.0,8342.1
5116.81,0.0,21944.6,,,,,0.0,0.0,8342.1
5117.81,100.0,21903.3,,,,,100.0,100.0,8343.9
5118.81,100.0,21861.7,,,,,100.0,100.0,8344.0
5119.81,100.0,21820.0,,,,,100.0,100.0,8344.1
5120.81,0.0,21820.0,,,,,0.0,0.0,8344.1
5121.81,100.0,21719.9,,,,,100.0,100.0,8338.2
5122.81,0.0,21761.5,,,,,0.0,0.0,8327.9
5123.81,100.0,21803.0,,,,,100.0,100.0,8338.9
5124.81,100.0,21803.0,,,,,100.0,100.0,8326.1
5125.81,100.0,21823.8,,,,,100.0,100.0,8335.9
5126.81,0.0,21878.6,,,,,0.0,0.0,8339.9
5127.81,100.0,21944.6,,,,,100.0,100.0,8342.4
5128.81,100.0,21903.3,,,,,100.0,100.0,8344.2
5129.81,100.0,21861.7,,,,,100.0,100.0,8344.4
5130.81,0.0,21861.7,,,,,0.0,0.0,8344.4
5131.81,100.0,21820.0,,,,,100.0,100.0,8344.4
5132.81,100.0,21719.8,,,,,100.0,100.0,8326.3
5133.81,0.0,21761.5,,,,,0.0,0.0,8319.3
5134.81,100.0,21761.5,,,,,100.0,100.0,8324.7
5135.81,100.0,21782.3,,,,,100.0,100.0,8336.0
5136.81,0.0,21844.6,,,,,0.0,0.0,8333.5
5137.81,100.0,21861.6,,,,,100.0,100.0,8334.2
5138.81,100.0,21944.6,,,,,100.0,100.0,8342.6
5139.81,100.0,21903.3,,,,,100.0,100.0,8344.3
5140.81,0.0,21903.3,,,,,0.0,0.0,8344.3
5141.81,100.0,21861.7,,,,,100.0,100.0,8344.5
5142.81,100.0,21820.0,,,,,100.0,100.0,8344.5
5143.81,100.0,21719.8,,,,,100.0,100.0,8344.7
5144.81,0.0,21719.9,,,,,0.0,0.0,8328.0
5145.81,100.0,21761.5,,,,,100.0,100.0,8338.7
5146.81,0.0,21803.0,,,,,0.0,0.0,8339.5
5147.81,100.0,21823.8,,,,,100.0,100.0,8326.1
5148.81,100.0,21844.6,,,,,100.0,100.0,8333.0
5149.81,100.0,21944.6,,,,,100.0,100.0,8342.9
5150.81,0.0,21944.6,,,,,0.0,0.0,8342.9
5151.81,100.0,21903.3,,,,,100.0,100.0,8344.6
5152.81,100.0,21861.7,,,,,100.0,100.0,8344.8
5153.81,100.0,21820.0,,,,,100.0,100.0,8344.8
5154.81,0.0,21820.0,,,,,0.0,0.0,8344.8
5155.81,100.0,21719.9,,,,,100.0,100.0,8338.8
5156.81,0.0,21761.5,,,,,0.0,0.0,8327.0
5157.81,100.0,21803.0,,,,,100.0,100.0,8339.6
5158.81,100.0,21803.0,,,,,100.0,100.0,8325.1
5159.81,100.0,21803.0,,,,,100.0,100.0,8332.2
5160.81,0.0,21878.6,,,,,0.0,0.0,8340.3
5161.81,100.0,21944.6,,,,,100.0,100.0,8343.1
5162.81,100.0,21903.3,,,,,100.0,100.0,8344.8
5163.81,100.0,21861.7,,,,,100.0,100.0,8345.0
5164.81,0.0,21861.7,,,,,0.0,0.0,8345.0
5165.81,100.0,21820.0,,,,,100.0,100.0,8345.0
5166.81,100.0,21719.8,,,,,100.0,100.0,8326.0
5167.81,0.0,21761.5,,,,,0.0,0.0,8320.3
5168.81,100.0,21761.5,,,,,100.0,100.0,8326.8
5169.81,100.0,21782.3,,,,,100.0,100.0,8338.8
5170.81,0.0,21844.6,,,,,0.0,0.0,8326.9
5171.81,100.0,21861.6,,,,,100.0,100.0,8334.3
5172.81,100.0,21944.6,,,,,100.0,100.0,8343.3
5173.81,100.0,21903.3,,,,,100.0,100.0,8345.0
5174.81,0.0,21903.3,,,,,0.0,0.0,8345.0
5175.81,100.0,21861.7,,,,,100.0,100.0,8345.2
5176.82,100.0,21820.0,,,,,100.0,100.0,8345.2
5177.82,100.0,21719.8,,,,,100.0,100.0,8345.3
5178.82,0.0,21719.9,,,,,0.0,0.0,8327.7
5179.82,100.0,21761.5,,,,,100.0,100.0,8339.5
5180.82,0.0,21803.0,,,,,0.0,0.0,8333.3
5181.82,100.0,21823.8,,,,,100.0,100.0,8337.9
5182.82,100.0,21844.6,,,,,100.0,100.0,8333.1
5183.82,100.0,21944.6,,,,,100.0,100.0,8343.5
5184.82,0.0,21944.6,,,,,0.0,0.0,8343.5
5185.82,100.0,21903.3,,,,,100.0,100.0,8345.2
5186.82,100.0,21861.7,,,,,100.0,100.0,8345.4
5187.82,100.0,21820.0,,,,,100.0,100.0,8345.4
5188.82,0.0,21820.0,,,,,0.0,0.0,8345.4
5189.82,100.0,21719.9,,,,,100.0,100.0,8339.6
5190.82,0.0,21761.5,,,,,0.0,0.0,8327.5
5191.82,100.0,21803.0,,,,,100.0,100.0,8340.2
5192.82,100.0,21803.0,,,,,100.0,100.0,8326.8
5193.82,100.0,21803.0,,,,,100.0,100.0,8335.9
5194.82,0.0,21878.6,,,,,0.0,0.0,8341.1
5195.82,100.0,21944.6,,,,,100.0,100.0,8343.6
5196.82,100.0,21903.3,,,,,100.0,100.0,8345.4
5197.82,100.0,21861.7,,,,,100.0,100.0,8345.6
5198.82,0.0,21861.7,,,,,0.0,0.0,8345.6
5199.82,100.0,21820.0,,,,,100.0,100.0,8345.6
5200.82,100.0,21719.8,,,,,100.0,100.0,8326.2
5201.82,0.0,21761.5,,,,,0.0,0.0,8339.7
5202.82,100.0,21761.5,,,,,100.0,100.0,8326.1
5203.82,100.0,21799.3,,,,,100.0,100.0,8340.0
5204.82,0.0,21844.6,,,,,0.0,0.0,8326.7
5205.82,100.0,21844.6,,,,,100.0,100.0,8333.4
5206.82,100.0,21944.6,,,,,100.0,100.0,8344.0
5207.82,100.0,21903.3,,,,,100.0,100.0,8345.6
5208.82,0.0,21903.3,,,,,0.0,0.0,8345.6
5209.82,100.0,21861.7,,,,,100.0,100.0,8345.8
5210.82,100.0,21820.0,,,,,100.0,100.0,8345.8
5211.82,100.0,21719.8,,,,,100.0,100.0,8345.9
5212.82,0.0,21719.9,,,,,0.0,0.0,8327.6
5213.82,100.0,21761.5,,,,,100.0,100.0,8340.0
5214.82,0.0,21803.0,,,,,0.0,0.0,8332.7
5215.82,100.0,21803.0,,,,,100.0,100.0,8336.1
5216.82,100.0,21844.6,,,,,100.0,100.0,8333.2
5217.82,100.0,21944.6,,,,,100.0,100.0,8344.0
5218.82,0.0,21944.6,,,,,0.0,0.0,8344.0
5219.82,100.0,21903.3,,,,,100.0,100.0,8345.9
5220.82,100.0,21861.7,,,,,100.0,100.0,8346.0
5221.82,100.0,21820.0,,,,,100.0,100.0,8346.0
5222.82,0.0,21820.0,,,,,0.0,0.0,8346.0
5223.82,100.0,21719.9,,,,,100.0,100.0,8340.1
5224.82,0.0,21761.5,,,,,0.0,0.0,8327.2
5225.82,100.0,21782.3,,,,,100.0,100.0,8337.6
5226.82,100.0,21803.0,,,,,100.0,100.0,8341.0
5227.82,100.0,21803.0,,,,,100.0,100.0,8331.6
5228.82,0.0,21878.6,,,,,0.0,0.0,8341.6
5229.82,100.0,21944.6,,,,,100.0,100.0,8344.3
5230.82,100.0,21903.3,,,,,100.0,100.0,8346.1
5231.82,100.0,21861.7,,,,,100.0,100.0,8346.3
5232.82,0.0,21861.7,,,,,0.0,0.0,8346.3
5233.82,100.0,21820.0,,,,,100.0,100.0,8346.3
5234.82,100.0,21719.8,,,,,100.0,100.0,8325.9
5235.82,0.0,21761.5,,,,,0.0,0.0,8340.3
5236.82,100.0,21761.5,,,,,100.0,100.0,8326.2
5237.82,100.0,21780.6,,,,,100.0,100.0,8337.4
5238.82,0.0,21844.6,,,,,0.0,0.0,8324.8
5239.82,100.0,21844.6,,,,,100.0,100.0,8331.0
5240.82,100.0,21944.6,,,,,100.0,100.0,8344.5
5241.82,100.0,21903.3,,,,,100.0,100.0,8346.3
5242.82,0.0,21903.3,,,,,0.0,0.0,8346.3
5243.82,100.0,21861.7,,,,,100.0,100.0,8346.5
5244.83,100.0,21820.0,,,,,100.0,100.0,8346.5
5245.83,100.0,21719.8,,,,,100.0,100.0,8346.6
5246.83,0.0,21719.9,,,,,0.0,0.0,8340.6
5247.83,100.0,21761.5,,,,,100.0,100.0,8340.5
5248.83,0.0,21803.0,,,,,0.0,0.0,8341.5
5249.83,100.0,21803.0,,,,,100.0,100.0,8334.4
5250.83,100.0,21844.6,,,,,100.0,100.0,8334.5
5251.83,100.0,21944.6,,,,,100.0,100.0,8344.8
5252.83,0.0,21944.6,,,,,0.0,0.0,8344.8
5253.83,100.0,21903.3,,,,,100.0,100.0,8346.5
5254.83,100.0,21861.7,,,,,100.0,100.0,8346.7
5255.83,100.0,21820.0,,,,,100.0,100.0,8346.7
5256.83,0.0,21820.0,,,,,0.0,0.0,8346.7
5257.83,100.0,21719.9,,,,,100.0,100.0,8340.6
5258.83,0.0,21761.5,,,,,0.0,0.0,8327.6
5259.83,100.0,21782.3,,,,,100.0,100.0,8337.8
5260.83,100.0,21803.0,,,,,100.0,100.0,8341.7
5261.83,100.0,21803.0,,,,,100.0,100.0,8334.3
5262.83,0.0,21878.6,,,,,0.0,0.0,8342.2
5263.83,100.0,21944.6,,,,,100.0,100.0,8344.9
5264.83,100.0,21903.3,,,,,100.0,100.0,8346.7
5265.83,100.0,21861.7,,,,,100.0,100.0,8346.9
5266.83,0.0,21861.7,,,,,0.0,0.0,8346.9
5267.83,100.0,21820.0,,,,,100.0,100.0,8346.9
5268.83,100.0,21719.8,,,,,100.0,100.0,8326.0
5269.83,0.0,21761.5,,,,,0.0,0.0,8341.0
5270.83,100.0,21761.5,,,,,100.0,100.0,8327.1
5271.83,100.0,21761.5,,,,,100.0,100.0,8336.2
5272.83,0.0,21844.6,,,,,0.0,0.0,8326.6
5273.83,100.0,21844.6,,,,,100.0,100.0,8331.5
5274.83,100.0,21944.6,,,,,100.0,100.0,8345.3
5275.83,100.0,21903.3,,,,,100.0,100.0,8347.0
5276.83,0.0,21903.3,,,,,0.0,0.0,8347.0
5277.83,100.0,21861.7,,,,,100.0,100.0,8347.2
5278.83,100.0,21820.0,,,,,100.0,100.0,8347.2
5279.83,100.0,21719.8,,,,,100.0,100.0,8347.3
5280.83,0.0,21719.9,,,,,0.0,0.0,8333.6
5281.83,100.0,21740.7,,,,,100.0,100.0,8340.4
5282.83,0.0,21803.0,,,,,0.0,0.0,8334.0
5283.83,100.0,21803.0,,,,,100.0,100.0,8333.1
5284.83,100.0,21844.6,,,,,100.0,100.0,8333.4
5285.83,100.0,21944.6,,,,,100.0,100.0,8345.4
5286.83,0.0,21944.6,,,,,0.0,0.0,8345.4
5287.83,100.0,21903.3,,,,,100.0,100.0,8347.2
5288.83,100.0,21861.7,,,,,100.0,100.0,8347.4
5289.83,100.0,21820.0,,,,,100.0,100.0,8347.4
5290.83,0.0,21820.0,,,,,0.0,0.0,8347.4
5291.83,100.0,21719.9,,,,,100.0,100.0,8341.3
5292.83,0.0,21761.5,,,,,0.0,0.0,8327.9
5293.83,100.0,21782.3,,,,,100.0,100.0,8340.0
5294.83,100.0,21803.0,,,,,100.0,100.0,8342.4
5295.83,100.0,21803.0,,,,,100.0,100.0,8337.2
5296.83,0.0,21878.6,,,,,0.0,0.0,8343.1
5297.83,100.0,21944.6,,,,,100.0,100.0,8345.7
5298.83,100.0,21903.3,,,,,100.0,100.0,8347.4
5299.83,100.0,21861.7,,,,,100.0,100.0,8347.6
5300.83,0.0,21861.7,,,,,0.0,0.0,8347.6
5301.83,100.0,21820.0,,,,,100.0,100.0,8347.6
5302.83,100.0,21719.8,,,,,100.0,100.0,8326.0
5303.83,0.0,21740.7,,,,,0.0,0.0,8340.1
5304.83,100.0,21761.5,,,,,100.0,100.0,8326.1
5305.83,100.0,21761.5,,,,,100.0,100.0,8331.1
5306.83,0.0,21844.6,,,,,0.0,0.0,8343.2
5307.83,100.0,21844.6,,,,,100.0,100.0,8330.7
5308.83,100.0,21944.6,,,,,100.0,100.0,8345.8
5309.83,100.0,21903.1,,,,,100.0,100.0,8347.4
5310.83,0.0,21903.3,,,,,0.0,0.0,8347.5
5311.83,100.0,21861.7,,,,,100.0,100.0,8347.7
5312.83,100.0,21820.0,,,,,100.0,100.0,8347.7
5313.83,100.0,21719.9,,,,,100.0,100.0,8347.8
5314.84,1.23,21719.9,,,,,1.23,1.23,8334.1
5315.84,100.0,21719.9,,,,,100.0,100.0,8340.3
5316.84,0.0,21803.0,,,,,0.0,0.0,8326.6
5317.84,100.0,21803.0,,,,,100.0,100.0,8333.9
5318.84,100.0,21844.6,,,,,100.0,100.0,8335.4
5319.84,0.0,21878.6,,,,,0.0,0.0,8343.6
5320.84,100.0,21944.6,,,,,100.0,100.0,8346.1
5321.84,100.0,21903.3,,,,,100.0,100.0,8347.8
5322.84,100.0,21861.7,,,,,100.0,100.0,8348.0
5323.84,0.0,21861.7,,,,,0.0,0.0,8348.0
5324.84,100.0,21820.0,,,,,100.0,100.0,8348.0
5325.84,100.0,21719.9,,,,,100.0,100.0,8341.9
5326.84,0.0,21761.5,,,,,0.0,0.0,8342.2
5327.84,100.0,21761.5,,,,,100.0,100.0,8337.8
5328.84,100.0,21803.0,,,,,100.0,100.0,8342.9
5329.84,0.0,21844.6,,,,,0.0,0.0,8335.1
5330.84,100.0,21878.6,,,,,100.0,100.0,8343.7
5331.84,100.0,21944.6,,,,,100.0,100.0,8346.3
5332.84,100.0,21903.3,,,,,100.0,100.0,8348.1
5333.84,0.0,21903.3,,,,,0.0,0.0,8348.1
5334.84,100.0,21861.7,,,,,100.0,100.0,8348.3
5335.84,100.0,21820.0,,,,,100.0,100.0,8348.3
5336.84,100.0,21719.8,,,,,100.0,100.0,8327.1
5337.84,0.0,21740.7,,,,,0.0,0.0,8339.1
5338.84,100.0,21761.5,,,,,100.0,100.0,8325.9
5339.84,0.0,21803.0,,,,,0.0,0.0,8332.5
5340.84,100.0,21844.6,,,,,100.0,100.0,8344.1
5341.84,100.0,21844.6,,,,,100.0,100.0,8329.7
5342.84,100.0,21944.6,,,,,100.0,100.0,8346.6
5343.84,0.0,21944.6,,,,,0.0,0.0,8346.6
5344.84,100.0,21903.3,,,,,100.0,100.0,8348.2
5345.84,100.0,21861.7,,,,,100.0,100.0,8348.4
5346.84,100.0,21820.0,,,,,100.0,100.0,8348.4
5347.84,0.0,21820.0,,,,,0.0,0.0,8348.4
5348.84,100.0,21719.9,,,,,100.0,100.0,8326.2
5349.84,0.0,21761.5,,,,,0.0,0.0,8337.2
5350.84,100.0,21803.0,,,,,100.0,100.0,8335.4
5351.84,100.0,21803.0,,,,,100.0,100.0,8332.1
5352.84,100.0,21844.6,,,,,100.0,100.0,8324.0
5353.84,0.0,21878.6,,,,,0.0,0.0,8344.3
5354.84,100.0,21944.6,,,,,100.0,100.0,8346.8
5355.84,100.0,21903.3,,,,,100.0,100.0,8348.6
5356.84,100.0,21861.7,,,,,100.0,100.0,8348.8
5357.84,0.0,21861.7,,,,,0.0,0.0,8348.8
5358.84,100.0,21820.0,,,,,100.0,100.0,8348.8
5359.84,100.0,21719.8,,,,,100.0,100.0,8338.4
5360.84,0.0,21761.5,,,,,0.0,0.0,8342.7
5361.84,100.0,21761.5,,,,,100.0,100.0,8334.6
5362.84,100.0,21803.0,,,,,100.0,100.0,8343.5
5363.84,0.0,21844.6,,,,,0.0,0.0,8331.7
5364.84,100.0,21861.6,,,,,100.0,100.0,8342.1
5365.84,100.0,21944.6,,,,,100.0,100.0,8347.1
5366.84,100.0,21903.3,,,,,100.0,100.0,8348.8
5367.84,0.0,21903.3,,,,,0.0,0.0,8348.8
5368.84,100.0,21861.7,,,,,100.0,100.0,8349.0
5369.84,100.0,21820.0,,,,,100.0,100.0,8349.0
5370.84,100.0,21719.8,,,,,100.0,100.0,8326.9
5371.84,0.0,21719.9,,,,,0.0,0.0,8338.6
5372.84,100.0,21761.5,,,,,100.0,100.0,8327.5
5373.84,0.0,21803.0,,,,,0.0,0.0,8333.0
5374.84,100.0,21844.6,,,,,100.0,100.0,8344.6
5375.84,100.0,21844.6,,,,,100.0,100.0,8343.4
5376.84,100.0,21944.6,,,,,100.0,100.0,8345.7
5377.84,0.0,21944.6,,,,,0.0,0.0,8345.7
5378.84,100.0,21903.3,,,,,100.0,100.0,8347.5
5379.84,100.0,21861.7,,,,,100.0,100.0,8347.7
5380.84,100.0,21820.0,,,,,100.0,100.0,8347.7
5381.85,0.0,21820.0,,,,,0.0,0.0,8347.7
5382.85,100.0,21719.9,,,,,100.0,100.0,8326.2
5383.85,0.0,21761.5,,,,,0.0,0.0,8334.1
5384.85,100.0,21803.0,,,,,100.0,100.0,8324.7
5385.85,100.0,21803.0,,,,,100.0,100.0,8330.5
5386.85,100.0,21823.8,,,,,100.0,100.0,8342.3
5387.85,0.0,21878.6,,,,,0.0,0.0,8343.7
5388.85,100.0,21944.6,,,,,100.0,100.0,8346.3
5389.85,100.0,21903.3,,,,,100.0,100.0,8348.0
5390.85,100.0,21861.7,,,,,100.0,100.0,8348.2
5391.85,0.0,21861.7,,,,,0.0,0.0,8348.2
5392.85,100.0,21820.0,,,,,100.0,100.0,8348.2
5393.85,100.0,21719.8,,,,,100.0,100.0,8335.9
5394.85,0.0,21761.5,,,,,0.0,0.0,8342.4
5395.85,100.0,21761.5,,,,,100.0,100.0,8335.2
5396.85,100.0,21803.0,,,,,100.0,100.0,8335.7
5397.85,0.0,21844.6,,,,,0.0,0.0,8333.9
5398.85,100.0,21878.6,,,,,100.0,100.0,8343.8
5399.85,100.0,21944.6,,,,,100.0,100.0,8346.7
5400.85,100.0,21903.3,,,,,100.0,100.0,8348.3
5401.85,0.0,21903.3,,,,,0.0,0.0,8348.3
5402.85,100.0,21861.7,,,,,100.0,100.0,8348.5
5403.85,100.0,21820.0,,,,,100.0,100.0,8348.5
5404.85,100.0,21719.8,,,,,100.0,100.0,8327.3
5405.85,0.0,21719.9,,,,,0.0,0.0,8337.0
5406.85,100.0,21761.5,,,,,100.0,100.0,8342.7
5407.85,0.0,21803.0,,,,,0.0,0.0,8332.8
5408.85,100.0,21844.6,,,,,100.0,100.0,8344.2
5409.85,100.0,21844.6,,,,,100.0,100.0,8332.3
5410.85,100.0,21944.6,,,,,100.0,100.0,8346.8
5411.85,0.0,21944.6,,,,,0.0,0.0,8346.8
5412.85,100.0,21903.3,,,,,100.0,100.0,8348.5
5413.85,100.0,21861.7,,,,,100.0,100.0,8348.7
5414.85,100.0,21820.0,,,,,100.0,100.0,8348.7
5415.85,0.0,21820.0,,,,,0.0,0.0,8348.7
5416.85,100.0,21719.9,,,,,100.0,100.0,8326.7
5417.85,0.0,21761.5,,,,,0.0,0.0,8333.9
5418.85,100.0,21803.0,,,,,100.0,100.0,8324.8
5419.85,100.0,21803.0,,,,,100.0,100.0,8330.7
5420.85,100.0,21823.8,,,,,100.0,100.0,8343.6
5421.85,0.0,21878.6,,,,,0.0,0.0,8344.6
5422.85,100.0,21944.6,,,,,100.0,100.0,8347.2
5423.85,100.0,21903.3,,,,,100.0,100.0,8348.8
5424.85,100.0,21861.7,,,,,100.0,100.0,8349.0
5425.85,0.0,21861.7,,,,,0.0,0.0,8349.0
5426.85,100.0,21820.0,,,,,100.0,100.0,8349.1
5427.85,100.0,21719.8,,,,,100.0,100.0,8334.7
5428.85,0.0,21761.5,,,,,0.0,0.0,8343.5
5429.85,100.0,21761.5,,,,,100.0,100.0,8333.8
5430.85,100.0,21803.0,,,,,100.0,100.0,8339.4
5431.85,0.0,21844.6,,,,,0.0,0.0,8338.9
5432.85,100.0,21878.6,,,,,100.0,100.0,8344.5
5433.85,100.0,21944.6,,,,,100.0,100.0,8347.4
5434.85,100.0,21903.3,,,,,100.0,100.0,8349.0
5435.85,0.0,21903.3,,,,,0.0,0.0,8349.0
5436.85,100.0,21861.7,,,,,100.0,100.0,8349.2
5437.85,100.0,21820.0,,,,,100.0,100.0,8349.2
5438.85,100.0,21719.8,,,,,100.0,100.0,8325.2
5439.85,0.0,21719.9,,,,,0.0,0.0,8335.5
5440.85,100.0,21761.5,,,,,100.0,100.0,8344.0
5441.85,0.0,21803.0,,,,,0.0,0.0,8333.6
5442.85,100.0,21844.6,,,,,100.0,100.0,8345.1
5443.85,100.0,21844.6,,,,,100.0,100.0,8332.7
5444.85,100.0,21944.6,,,,,100.0,100.0,8347.6
5445.85,0.0,21944.6,,,,,0.0,0.0,8347.6
5446.85,100.0,21903.3,,,,,100.0,100.0,8349.3
5447.85,100.0,21861.7,,,,,100.0,100.0,8349.5
5448.85,100.0,21820.0,,,,,100.0,100.0,8349.5
5449.86,0.0,21820.0,,,,,0.0,0.0,8349.5
5450.86,100.0,21719.9,,,,,100.0,100.0,8325.3
5451.86,0.0,21761.5,,,,,0.0,0.0,8333.5
5452.86,100.0,21803.0,,,,,100.0,100.0,8325.9
5453.86,100.0,21803.0,,,,,100.0,100.0,8331.5
5454.86,100.0,21823.8,,,,,100.0,100.0,8344.4
5455.86,0.0,21878.6,,,,,0.0,0.0,8345.3
5456.86,100.0,21944.6,,,,,100.0,100.0,8347.8
5457.86,100.0,21903.3,,,,,100.0,100.0,8349.7
5458.86,100.0,21861.7,,,,,100.0,100.0,8349.9
5459.86,0.0,21861.7,,,,,0.0,0.0,8349.9
5460.86,100.0,21820.0,,,,,100.0,100.0,8349.9
5461.86,100.0,21719.8,,,,,100.0,100.0,8334.5
5462.86,0.0,21761.5,,,,,0.0,0.0,8343.9
5463.86,100.0,21761.5,,,,,100.0,100.0,8332.5
5464.86,100.0,21782.3,,,,,100.0,100.0,8333.2
5465.86,0.0,21844.6,,,,,0.0,0.0,8340.2
5466.86,100.0,21861.6,,,,,100.0,100.0,8340.8
5467.86,100.0,21944.6,,,,,100.0,100.0,8348.3
5468.86,100.0,21903.3,,,,,100.0,100.0,8350.0
5469.86,0.0,21903.3,,,,,0.0,0.0,8350.0
5470.86,100.0,21861.7,,,,,100.0,100.0,8350.2
5471.86,100.0,21820.0,,,,,100.0,100.0,8350.2
5472.86,100.0,21719.8,,,,,100.0,100.0,8324.8
5473.86,0.0,21719.9,,,,,0.0,0.0,8332.8
5474.86,100.0,21761.5,,,,,100.0,100.0,8344.3
5475.86,0.0,21803.0,,,,,0.0,0.0,8333.1
5476.86,100.0,21844.6,,,,,100.0,100.0,8345.8
5477.86,100.0,21844.6,,,,,100.0,100.0,8332.0
5478.86,100.0,21944.6,,,,,100.0,100.0,8348.5
5479.86,0.0,21944.6,,,,,0.0,0.0,8348.5
5480.86,100.0,21903.3,,,,,100.0,100.0,8350.1
5481.86,100.0,21861.7,,,,,100.0,100.0,8350.3
5482.86,100.0,21820.0,,,,,100.0,100.0,8350.3
5483.86,0.0,21820.0,,,,,0.0,0.0,8350.3
5484.86,100.0,21719.9,,,,,100.0,100.0,8325.0
5485.86,0.0,21761.5,,,,,0.0,0.0,8332.2
5486.86,100.0,21803.0,,,,,100.0,100.0,8345.3
5487.86,100.0,21803.0,,,,,100.0,100.0,8331.1
5488.86,100.0,21821.0,,,,,100.0,100.0,8342.0
5489.86,0.0,21878.6,,,,,0.0,0.0,8346.1
5490.86,100.0,21944.6,,,,,100.0,100.0,8348.7
5491.86,100.0,21903.3,,,,,100.0,100.0,8350.4
5492.86,100.0,21861.7,,,,,100.0,100.0,8350.6
5493.86,0.0,21861.7,,,,,0.0,0.0,8350.6
5494.86,100.0,21820.0,,,,,100.0,100.0,8350.6
5495.86,100.0,21719.8,,,,,100.0,100.0,8333.3
5496.86,0.0,21761.5,,,,,0.0,0.0,8344.9
5497.86,100.0,21761.5,,,,,100.0,100.0,8332.5
5498.86,100.0,21803.0,,,,,100.0,100.0,8345.4
5499.86,0.0,21844.6,,,,,0.0,0.0,8346.5
5500.86,100.0,21844.6,,,,,100.0,100.0,8339.1
5501.86,100.0,21944.6,,,,,100.0,100.0,8349.0
5502.86,100.0,21903.3,,,,,100.0,100.0,8350.7
5503.86,0.0,21903.3,,,,,0.0,0.0,8350.7
5504.86,100.0,21861.7,,,,,100.0,100.0,8350.9
5505.86,100.0,21820.0,,,,,100.0,100.0,8350.9
5506.86,100.0,21719.8,,,,,100.0,100.0,8351.0
5507.86,0.0,21719.9,,,,,0.0,0.0,8332.8
5508.86,100.0,21761.5,,,,,100.0,100.0,8345.5
5509.86,0.0,21803.0,,,,,0.0,0.0,8333.5
5510.86,100.0,21844.6,,,,,100.0,100.0,8346.5
5511.86,100.0,21844.6,,,,,100.0,100.0,8346.7
5512.86,100.0,21944.6,,,,,100.0,100.0,8349.2
5513.86,0.0,21944.6,,,,,0.0,0.0,8349.2
5514.86,100.0,21903.3,,,,,100.0,100.0,8351.0
5515.86,100.0,21861.7,,,,,100.0,100.0,8351.2
5516.87,100.0,21820.0,,,,,100.0,100.0,8351.2
5517.87,0.0,21820.0,,,,,0.0,0.0,8351.2
5518.87,100.0,21719.9,,,,,100.0,100.0,8325.5
5519.87,0.0,21761.5,,,,,0.0,0.0,8332.2
5520.87,100.0,21782.3,,,,,100.0,100.0,8344.1
5521.87,100.0,21803.0,,,,,100.0,100.0,8331.9
5522.87,100.0,21803.0,,,,,100.0,100.0,8339.4
5523.87,0.0,21878.6,,,,,0.0,0.0,8347.1
5524.87,100.0,21944.6,,,,,100.0,100.0,8349.6
5525.87,100.0,21903.3,,,,,100.0,100.0,8351.2
5526.87,100.0,21861.7,,,,,100.0,100.0,8351.4
5527.87,0.0,21861.7,,,,,0.0,0.0,8351.4
5528.87,100.0,21820.0,,,,,100.0,100.0,8351.4
5529.87,100.0,21719.8,,,,,100.0,100.0,8333.3
5530.87,0.0,21761.5,,,,,0.0,0.0,8345.5
5531.87,100.0,21761.5,,,,,100.0,100.0,8339.0
5532.87,100.0,21782.3,,,,,100.0,100.0,8343.4
5533.87,0.0,21844.6,,,,,0.0,0.0,8347.3
5534.87,100.0,21844.6,,,,,100.0,100.0,8340.0
5535.87,100.0,21944.6,,,,,100.0,100.0,8349.8
5536.87,100.0,21903.3,,,,,100.0,100.0,8351.5
5537.87,0.0,21903.3,,,,,0.0,0.0,8351.5
5538.87,100.0,21861.7,,,,,100.0,100.0,8351.7
5539.87,100.0,21820.0,,,,,100.0,100.0,8351.7
5540.87,100.0,21719.8,,,,,100.0,100.0,8351.8
5541.87,0.0,21719.9,,,,,0.0,0.0,8333.2
5542.87,100.0,21761.5,,,,,100.0,100.0,8345.9
5543.87,0.0,21803.0,,,,,0.0,0.0,8332.5
5544.87,100.0,21803.0,,,,,100.0,100.0,8338.3
5545.87,100.0,21844.6,,,,,100.0,100.0,8347.6
5546.87,100.0,21944.6,,,,,100.0,100.0,8350.1
5547.87,0.0,21944.6,,,,,0.0,0.0,8350.1
5548.87,100.0,21903.3,,,,,100.0,100.0,8351.9
5549.87,100.0,21861.7,,,,,100.0,100.0,8352.0
5550.87,100.0,21820.0,,,,,100.0,100.0,8352.0
5551.87,0.0,21820.0,,,,,0.0,0.0,8352.0
5552.87,100.0,21719.9,,,,,100.0,100.0,8325.4
5553.87,0.0,21761.5,,,,,0.0,0.0,8333.2
5554.87,100.0,21782.3,,,,,100.0,100.0,8346.0
5555.87,100.0,21803.0,,,,,100.0,100.0,8332.8
5556.87,100.0,21803.0,,,,,100.0,100.0,8340.2
5557.87,0.0,21878.6,,,,,0.0,0.0,8347.8
5558.87,100.0,21944.6,,,,,100.0,100.0,8350.4
5559.87,100.0,21903.3,,,,,100.0,100.0,8352.1
5560.87,100.0,21861.7,,,,,100.0,100.0,8352.2
5561.87,0.0,21861.7,,,,,0.0,0.0,8352.2
5562.87,100.0,21820.0,,,,,100.0,100.0,8352.2
5563.87,100.0,21719.8,,,,,100.0,100.0,8333.5
5564.87,0.0,21761.5,,,,,0.0,0.0,8346.6
5565.87,100.0,21761.5,,,,,100.0,100.0,8346.5
5566.87,100.0,21782.3,,,,,100.0,100.0,8344.8
5567.87,0.0,21844.6,,,,,0.0,0.0,8340.7
5568.87,100.0,21844.6,,,,,100.0,100.0,8340.0
5569.87,100.0,21944.6,,,,,100.0,100.0,8350.6
5570.87,100.0,21903.3,,,,,100.0,100.0,8352.4
5571.87,0.0,21903.3,,,,,0.0,0.0,8352.4
5572.87,100.0,21861.7,,,,,100.0,100.0,8352.5
5573.87,100.0,21820.0,,,,,100.0,100.0,8352.5
5574.87,100.0,21719.8,,,,,100.0,100.0,8352.6
5575.87,0.0,21719.9,,,,,0.0,0.0,8333.1
5576.87,100.0,21757.7,,,,,100.0,100.0,8346.1
5577.87,0.0,21803.0,,,,,0.0,0.0,8333.4
5578.87,100.0,21803.0,,,,,100.0,100.0,8341.3
5579.87,100.0,21844.6,,,,,100.0,100.0,8348.3
5580.87,100.0,21944.6,,,,,100.0,100.0,8350.9
5581.87,0.0,21944.6,,,,,0.0,0.0,8350.9
5582.87,100.0,21903.3,,,,,100.0,100.0,8352.6
5583.88,100.0,21861.7,,,,,100.0,100.0,8352.8
5584.88,100.0,21820.0,,,,,100.0,100.0,8352.8
5585.88,0.0,21820.0,,,,,0.0,0.0,8352.8
5586.88,100.0,21719.9,,,,,100.0,100.0,8346.9
5587.88,0.0,21761.5,,,,,0.0,0.0,8332.7
5588.88,100.0,21782.3,,,,,100.0,100.0,8345.9
5589.88,100.0,21803.0,,,,,100.0,100.0,8332.7
5590.88,100.0,21803.0,,,,,100.0,100.0,8338.2
5591.88,0.0,21878.6,,,,,0.0,0.0,8348.8
5592.88,100.0,21944.6,,,,,100.0,100.0,8351.3
5593.88,100.0,21903.3,,,,,100.0,100.0,8352.8
5594.88,100.0,21861.7,,,,,100.0,100.0,8353.0
5595.88,0.0,21861.7,,,,,0.0,0.0,8353.0
5596.88,100.0,21820.0,,,,,100.0,100.0,8353.0
5597.88,100.0,21719.8,,,,,100.0,100.0,8353.2
5598.88,0.0,21761.5,,,,,0.0,0.0,8336.9
5599.88,100.0,21761.5,,,,,100.0,100.0,8333.1
5600.88,100.0,21782.3,,,,,100.0,100.0,8347.6
5601.88,0.0,21844.6,,,,,0.0,0.0,8333.5
5602.88,100.0,21844.6,,,,,100.0,100.0,8341.4
5603.88,100.0,21944.6,,,,,100.0,100.0,8351.4
5604.88,100.0,21903.3,,,,,100.0,100.0,8353.1
5605.88,0.0,21903.3,,,,,0.0,0.0,8353.1
5606.88,100.0,21861.7,,,,,100.0,100.0,8353.2
5607.88,100.0,21820.0,,,,,100.0,100.0,8353.2
5608.88,100.0,21719.8,,,,,100.0,100.0,8353.3
5609.88,0.0,21719.9,,,,,0.0,0.0,8333.9
5610.88,100.0,21761.5,,,,,100.0,100.0,8347.3
5611.88,0.0,21803.0,,,,,0.0,0.0,8348.4
5612.88,100.0,21803.0,,,,,100.0,100.0,8340.6
5613.88,100.0,21844.6,,,,,100.0,100.0,8349.2
5614.88,100.0,21944.6,,,,,100.0,100.0,8351.7
5615.88,0.0,21944.6,,,,,0.0,0.0,8351.7
5616.88,100.0,21903.3,,,,,100.0,100.0,8353.4
5617.88,100.0,21861.7,,,,,100.0,100.0,8353.6
5618.88,100.0,21820.0,,,,,100.0,100.0,8353.6
5619.88,0.0,21820.0,,,,,0.0,0.0,8353.6
5620.88,100.0,21719.9,,,,,100.0,100.0,8347.8
5621.88,0.0,21761.5,,,,,0.0,0.0,8334.2
5622.88,100.0,21761.5,,,,,100.0,100.0,8342.9
5623.88,100.0,21803.0,,,,,100.0,100.0,8332.4
5624.88,100.0,21803.0,,,,,100.0,100.0,8339.7
5625.88,0.0,21878.6,,,,,0.0,0.0,8349.4
5626.88,100.0,21944.6,,,,,100.0,100.0,8352.1
5627.88,100.0,21903.3,,,,,100.0,100.0,8353.6
5628.88,100.0,21861.7,,,,,100.0,100.0,8353.8
5629.88,0.0,21861.7,,,,,0.0,0.0,8353.8
5630.88,100.0,21820.0,,,,,100.0,100.0,8353.8
5631.88,100.0,21719.8,,,,,100.0,100.0,8354.0
5632.88,0.0,21740.7,,,,,0.0,0.0,8335.7
5633.88,100.0,21761.5,,,,,100.0,100.0,8341.0
5634.88,100.0,21761.5,,,,,100.0,100.0,8341.6
5635.88,0.0,21844.6,,,,,0.0,0.0,8342.2
5636.88,100.0,21844.6,,,,,100.0,100.0,8345.8
5637.88,100.0,21944.6,,,,,100.0,100.0,8352.3
5638.88,100.0,21903.3,,,,,100.0,100.0,8353.9
5639.88,0.0,21903.3,,,,,0.0,0.0,8353.9
5640.88,100.0,21861.7,,,,,100.0,100.0,8354.1
5641.88,100.0,21820.0,,,,,100.0,100.0,8354.1
5642.88,100.0,21719.8,,,,,100.0,100.0,8354.1
5643.88,0.0,21719.9,,,,,0.0,0.0,8334.2
5644.88,100.0,21740.7,,,,,100.0,100.0,8345.2
5645.88,0.0,21803.0,,,,,0.0,0.0,8349.1
5646.88,100.0,21803.0,,,,,100.0,100.0,8342.2
5647.88,100.0,21844.6,,,,,100.0,100.0,8349.7
5648.88,100.0,21944.6,,,,,100.0,100.0,8352.4
5649.88,0.0,21944.6,,,,,0.0,0.0,8352.4
5650.88,100.0,21903.3,,,,,100.0,100.0,8354.1
5651.89,100.0,21861.7,,,,,100.0,100.0,8354.2
5652.89,100.0,21820.0,,,,,100.0,100.0,8354.2
5653.89,0.0,21820.0,,,,,0.0,0.0,8354.2
5654.89,100.0,21719.9,,,,,100.0,100.0,8348.4
5655.89,0.0,21761.5,,,,,0.0,0.0,8334.3
5656.89,100.0,21761.5,,,,,100.0,100.0,8343.8
5657.89,100.0,21803.0,,,,,100.0,100.0,8332.8
5658.89,100.0,21803.0,,,,,100.0,100.0,8339.2
5659.89,0.0,21878.6,,,,,0.0,0.0,8350.0
5660.89,100.0,21944.6,,,,,100.0,100.0,8352.7
5661.89,100.0,21903.3,,,,,100.0,100.0,8354.3
5662.89,100.0,21861.7,,,,,100.0,100.0,8354.4
5663.89,0.0,21861.7,,,,,0.0,0.0,8354.4
5664.89,100.0,21820.0,,,,,100.0,100.0,8354.4
5665.89,100.0,21719.8,,,,,100.0,100.0,8354.6
5666.89,0.0,21740.7,,,,,0.0,0.0,8346.4
5667.89,100.0,21761.5,,,,,100.0,100.0,8331.8
5668.89,100.0,21761.5,,,,,100.0,100.0,8339.0
5669.89,0.0,21844.6,,,,,0.0,0.0,8350.2
5670.89,100.0,21844.6,,,,,100.0,100.0,8343.0
5671.89,100.0,21944.6,,,,,100.0,100.0,8352.7
5672.89,0.0,21944.6,,,,,0.0,0.0,8352.7
5673.89,100.0,21903.3,,,,,100.0,100.0,8354.5
5674.89,100.0,21861.7,,,,,100.0,100.0,8354.7
5675.89,100.0,21820.0,,,,,100.0,100.0,8354.7
5676.89,0.0,21820.0,,,,,0.0,0.0,8354.7
5677.89,100.0,21719.9,,,,,100.0,100.0,8348.8
5678.89,0.0,21782.3,,,,,0.0,0.0,8344.7
5679.89,100.0,21803.0,,,,,100.0,100.0,8349.7
5680.89,100.0,21803.0,,,,,100.0,100.0,8339.3
5681.89,100.0,21844.6,,,,,100.0,100.0,8350.4
5682.89,0.0,21878.6,,,,,0.0,0.0,8350.3
5683.89,100.0,21944.6,,,,,100.0,100.0,8353.0
5684.89,100.0,21903.3,,,,,100.0,100.0,8354.7
5685.89,100.0,21861.7,,,,,100.0,100.0,8354.9
5686.89,0.0,21861.7,,,,,0.0,0.0,8354.9
5687.89,100.0,21820.0,,,,,100.0,100.0,8354.9
5688.89,100.0,21685.8,,,,,100.0,100.0,8345.1
5689.89,0.0,21761.5,,,,,0.0,0.0,8334.6
5690.89,100.0,21761.5,,,,,100.0,100.0,8342.5
5691.89,100.0,21803.0,,,,,100.0,100.0,8350.1
5692.89,0.0,21844.6,,,,,0.0,0.0,8342.4
5693.89,100.0,21878.6,,,,,100.0,100.0,8350.9
5694.89,100.0,21944.6,,,,,100.0,100.0,8353.3
5695.89,100.0,21903.3,,,,,100.0,100.0,8355.0
5696.89,0.0,21903.3,,,,,0.0,0.0,8355.0
5697.89,100.0,21861.7,,,,,100.0,100.0,8355.1
5698.89,100.0,21820.0,,,,,100.0,100.0,8355.2
5699.89,100.0,21719.8,,,,,100.0,100.0,8355.3
5700.89,0.0,21719.9,,,,,0.0,0.0,8343.4
5701.89,100.0,21761.5,,,,,100.0,100.0,8332.8
5702.89,0.0,21803.0,,,,,0.0,0.0,8337.9
5703.89,100.0,21844.6,,,,,100.0,100.0,8350.9
5704.89,100.0,21844.6,,,,,100.0,100.0,8343.6
5705.89,100.0,21944.6,,,,,100.0,100.0,8353.6
5706.89,0.0,21944.6,,,,,0.0,0.0,8353.6
5707.89,100.0,21903.3,,,,,100.0,100.0,8355.2
5708.89,100.0,21861.7,,,,,100.0,100.0,8355.4
5709.89,100.0,21820.0,,,,,100.0,100.0,8355.4
5710.89,0.0,21820.0,,,,,0.0,0.0,8355.4
5711.9,100.0,21719.9,,,,,100.0,100.0,8349.6
5712.9,0.0,21761.5,,,,,0.0,0.0,8343.4
5713.9,100.0,21803.0,,,,,100.0,100.0,8350.4
5714.9,100.0,21803.0,,,,,100.0,100.0,8340.8
5715.9,100.0,21844.6,,,,,100.0,100.0,8351.2
5716.9,0.0,21878.6,,,,,0.0,0.0,8351.1
5717.9,100.0,21944.6,,,,,100.0,100.0,8353.7
5718.9,100.0,21903.3,,,,,100.0,100.0,8355.3
5719.9,100.0,21861.7,,,,,100.0,100.0,8355.5
5720.9,0.0,21861.7,,,,,0.0,0.0,8355.5
5721.9,100.0,21820.0,,,,,100.0,100.0,8355.5
5722.9,100.0,21719.8,,,,,100.0,100.0,8344.1
5723.9,0.0,21761.5,,,,,0.0,0.0,8334.8
5724.9,100.0,21761.5,,,,,100.0,100.0,8340.5
5725.9,100.0,21803.0,,,,,100.0,100.0,8350.7
5726.9,0.0,21844.6,,,,,0.0,0.0,8339.5
5727.9,100.0,21878.6,,,,,100.0,100.0,8351.1
5728.9,100.0,21944.6,,,,,100.0,100.0,8354.0
5729.9,100.0,21903.3,,,,,100.0,100.0,8355.6
5730.9,0.0,21903.3,,,,,0.0,0.0,8355.6
5731.9,100.0,21861.7,,,,,100.0,100.0,8355.8
5732.9,100.0,21820.0,,,,,100.0,100.0,8355.8
5733.9,100.0,21719.8,,,,,100.0,100.0,8355.9
5734.9,0.0,21719.9,,,,,0.0,0.0,8342.4
5735.9,100.0,21761.5,,,,,100.0,100.0,8342.2
5736.9,0.0,21803.0,,,,,0.0,0.0,8344.8
5737.9,100.0,21823.8,,,,,100.0,100.0,8340.4
5738.9,100.0,21844.6,,,,,100.0,100.0,8343.9
5739.9,100.0,21944.6,,,,,100.0,100.0,8353.8
5740.9,0.0,21944.6,,,,,0.0,0.0,8353.8
5741.9,100.0,21903.3,,,,,100.0,100.0,8355.6
5742.9,100.0,21861.7,,,,,100.0,100.0,8355.8
5743.9,100.0,21820.0,,,,,100.0,100.0,8355.8
5744.9,0.0,21820.0,,,,,0.0,0.0,8355.8
5745.9,100.0,21719.9,,,,,100.0,100.0,8350.1
5746.9,0.0,21761.5,,,,,0.0,0.0,8341.0
5747.9,100.0,21803.0,,,,,100.0,100.0,8350.9
5748.9,100.0,21803.0,,,,,100.0,100.0,8339.1
5749.9,100.0,21840.8,,,,,100.0,100.0,8351.3
5750.9,0.0,21878.6,,,,,0.0,0.0,8351.7
5751.9,100.0,21944.6,,,,,100.0,100.0,8354.3
5752.9,100.0,21903.3,,,,,100.0,100.0,8356.0
5753.9,100.0,21861.7,,,,,100.0,100.0,8356.2
5754.9,0.0,21861.7,,,,,0.0,0.0,8356.2
5755.9,100.0,21820.0,,,,,100.0,100.0,8356.2
5756.9,100.0,21719.8,,,,,100.0,100.0,8342.7
5757.9,0.0,21761.5,,,,,0.0,0.0,8333.5
5758.9,100.0,21761.5,,,,,100.0,100.0,8339.7
5759.9,100.0,21803.0,,,,,100.0,100.0,8351.2
5760.9,0.0,21844.6,,,,,0.0,0.0,8338.3
5761.9,100.0,21861.6,,,,,100.0,100.0,8347.6
5762.9,100.0,21944.6,,,,,100.0,100.0,8354.6
5763.9,100.0,21903.3,,,,,100.0,100.0,8356.3
5764.9,0.0,21903.3,,,,,0.0,0.0,8356.3
5765.9,100.0,21861.7,,,,,100.0,100.0,8356.5
5766.9,100.0,21820.0,,,,,100.0,100.0,8356.5
5767.9,100.0,21719.8,,,,,100.0,100.0,8356.7
5768.9,0.0,21719.9,,,,,0.0,0.0,8342.6
5769.9,100.0,21761.5,,,,,100.0,100.0,8331.5
5770.9,0.0,21803.0,,,,,0.0,0.0,8338.5
5771.9,100.0,21844.6,,,,,100.0,100.0,8352.0
5772.9,100.0,21844.6,,,,,100.0,100.0,8337.5
5773.9,100.0,21944.6,,,,,100.0,100.0,8354.6
5774.9,0.0,21944.6,,,,,0.0,0.0,8354.6
5775.9,100.0,21903.3,,,,,100.0,100.0,8356.3
5776.9,100.0,21861.7,,,,,100.0,100.0,8356.5
5777.91,100.0,21820.0,,,,,100.0,100.0,8356.5
5778.91,0.0,21820.0,,,,,0.0,0.0,8356.5
5779.91,100.0,21719.9,,,,,100.0,100.0,8350.6
5780.91,0.0,21761.5,,,,,0.0,0.0,8340.3
5781.91,100.0,21803.0,,,,,100.0,100.0,8351.3
5782.91,100.0,21803.0,,,,,100.0,100.0,8338.6
5783.91,100.0,21823.8,,,,,100.0,100.0,8351.7
5784.91,0.0,21878.6,,,,,0.0,0.0,8352.3
5785.91,100.0,21944.6,,,,,100.0,100.0,8354.9
5786.91,100.0,21903.3,,,,,100.0,100.0,8356.7
5787.91,100.0,21861.7,,,,,100.0,100.0,8356.9
5788.91,0.0,21861.7,,,,,0.0,0.0,8356.9
5789.91,100.0,21820.0,,,,,100.0,100.0,8356.9
5790.91,100.0,21719.8,,,,,100.0,100.0,8341.8
5791.91,0.0,21761.5,,,,,0.0,0.0,8351.2
5792.91,100.0,21761.5,,,,,100.0,100.0,8339.6
5793.91,100.0,21803.0,,,,,100.0,100.0,8351.9
5794.91,0.0,21844.6,,,,,0.0,0.0,8338.9
5795.91,100.0,21861.6,,,,,100.0,100.0,8347.9
5796.91,100.0,21944.6,,,,,100.0,100.0,8355.3
5797.91,100.0,21903.3,,,,,100.0,100.0,8356.9
5798.91,0.0,21903.3,,,,,0.0,0.0,8356.9
5799.91,100.0,21861.7,,,,,100.0,100.0,8357.1
5800.91,100.0,21820.0,,,,,100.0,100.0,8357.1
5801.91,100.0,21719.8,,,,,100.0,100.0,8331.5
5802.91,0.0,21719.9,,,,,0.0,0.0,8342.0
5803.91,100.0,21761.5,,,,,100.0,100.0,8331.8
5804.91,0.0,21803.0,,,,,0.0,0.0,8338.1
5805.91,100.0,21844.6,,,,,100.0,100.0,8352.7
5806.91,100.0,21844.6,,,,,100.0,100.0,8338.2
5807.91,100.0,21944.6,,,,,100.0,100.0,8355.4
5808.91,0.0,21944.6,,,,,0.0,0.0,8355.4
5809.91,100.0,21903.3,,,,,100.0,100.0,8357.1
5810.91,100.0,21861.7,,,,,100.0,100.0,8357.3
5811.91,100.0,21820.0,,,,,100.0,100.0,8357.3
5812.91,0.0,21820.0,,,,,0.0,0.0,8357.3
5813.91,100.0,21719.9,,,,,100.0,100.0,8351.3
5814.91,0.0,21761.5,,,,,0.0,0.0,8341.4
5815.91,100.0,21803.0,,,,,100.0,100.0,8352.2
5816.91,100.0,21803.0,,,,,100.0,100.0,8345.8
5817.91,100.0,21823.8,,,,,100.0,100.0,8342.0
5818.91,0.0,21878.6,,,,,0.0,0.0,8352.9
5819.91,100.0,21944.6,,,,,100.0,100.0,8355.4
5820.91,100.0,21903.3,,,,,100.0,100.0,8357.2
5821.91,100.0,21861.7,,,,,100.0,100.0,8357.3
5822.91,0.0,21861.7,,,,,0.0,0.0,8357.3
5823.91,100.0,21820.0,,,,,100.0,100.0,8357.4
5824.91,100.0,21719.8,,,,,100.0,100.0,8340.1
5825.91,0.0,21761.5,,,,,0.0,0.0,8351.7
5826.91,100.0,21761.5,,,,,100.0,100.0,8339.4
5827.91,100.0,21803.0,,,,,100.0,100.0,8352.4
5828.91,0.0,21844.6,,,,,0.0,0.0,8338.5
5829.91,100.0,21844.6,,,,,100.0,100.0,8344.7
5830.91,100.0,21944.6,,,,,100.0,100.0,8355.8
5831.91,100.0,21903.3,,,,,100.0,100.0,8357.5
5832.91,0.0,21903.3,,,,,0.0,0.0,8357.5
5833.91,100.0,21861.7,,,,,100.0,100.0,8357.7
5834.91,100.0,21820.0,,,,,100.0,100.0,8357.7
5835.91,100.0,21719.8,,,,,100.0,100.0,8331.5
5836.91,0.0,21719.9,,,,,0.0,0.0,8339.0
5837.91,100.0,21761.5,,,,,100.0,100.0,8331.4
5838.91,0.0,21803.0,,,,,0.0,0.0,8338.2
5839.91,100.0,21823.8,,,,,100.0,100.0,8351.0
5840.91,100.0,21844.6,,,,,100.0,100.0,8338.4
5841.91,100.0,21944.6,,,,,100.0,100.0,8356.0
5842.91,0.0,21944.6,,,,,0.0,0.0,8356.0
5843.91,100.0,21903.3,,,,,100.0,100.0,8357.7
5844.92,100.0,21861.7,,,,,100.0,100.0,8357.9
5845.92,100.0,21820.0,,,,,100.0,100.0,8357.9
5846.92,0.0,21820.0,,,,,0.0,0.0,8357.9
5847.92,100.0,21719.9,,,,,100.0,100.0,8352.2
5848.92,0.0,21761.5,,,,,0.0,0.0,8338.8
5849.92,100.0,21803.0,,,,,100.0,100.0,8342.6
5850.92,100.0,21803.0,,,,,100.0,100.0,8346.1
5851.92,100.0,21823.8,,,,,100.0,100.0,8348.8
5852.92,0.0,21878.6,,,,,0.0,0.0,8353.7
5853.92,100.0,21944.6,,,,,100.0,100.0,8356.3
5854.92,100.0,21903.3,,,,,100.0,100.0,8357.9
5855.92,100.0,21861.7,,,,,100.0,100.0,8358.1
5856.92,0.0,21861.7,,,,,0.0,0.0,8358.1
5857.92,100.0,21820.0,,,,,100.0,100.0,8358.1
5858.92,100.0,21719.8,,,,,100.0,100.0,8338.6
5859.92,0.0,21761.5,,,,,0.0,0.0,8352.3
5860.92,100.0,21761.5,,,,,100.0,100.0,8338.6
5861.92,100.0,21782.3,,,,,100.0,100.0,8351.1
5862.92,0.0,21844.6,,,,,0.0,0.0,8338.0
5863.92,100.0,21844.6,,,,,100.0,100.0,8345.1
5864.92,100.0,21944.6,,,,,100.0,100.0,8356.4
5865.92,100.0,21903.3,,,,,100.0,100.0,8358.1
5866.92,0.0,21903.3,,,,,0.0,0.0,8358.1
5867.92,100.0,21861.7,,,,,100.0,100.0,8358.3
5868.92,100.0,21820.0,,,,,100.0,100.0,8358.3
5869.92,100.0,21719.8,,,,,100.0,100.0,8331.1
5870.92,0.0,21719.9,,,,,0.0,0.0,8338.3
5871.92,100.0,21761.5,,,,,100.0,100.0,8352.5
5872.92,0.0,21803.0,,,,,0.0,0.0,8338.9
5873.92,100.0,21844.6,,,,,100.0,100.0,8354.1
5874.92,100.0,21844.6,,,,,100.0,100.0,8339.5
5875.92,100.0,21944.6,,,,,100.0,100.0,8356.6
5876.92,0.0,21944.6,,,,,0.0,0.0,8356.6
5877.92,100.0,21903.3,,,,,100.0,100.0,8358.3
5878.92,100.0,21861.7,,,,,100.0,100.0,8358.5
5879.92,100.0,21820.0,,,,,100.0,100.0,8358.5
5880.92,0.0,21820.0,,,,,0.0,0.0,8358.5
5881.92,100.0,21719.9,,,,,100.0,100.0,8352.4
5882.92,0.0,21761.5,,,,,0.0,0.0,8345.1
5883.92,100.0,21803.0,,,,,100.0,100.0,8342.7
5884.92,100.0,21803.0,,,,,100.0,100.0,8345.8
5885.92,100.0,21823.8,,,,,100.0,100.0,8351.0
5886.92,0.0,21878.6,,,,,0.0,0.0,8354.2
5887.92,100.0,21944.6,,,,,100.0,100.0,8356.8
5888.92,100.0,21903.3,,,,,100.0,100.0,8358.6
5889.92,100.0,21861.7,,,,,100.0,100.0,8358.8
5890.92,0.0,21861.7,,,,,0.0,0.0,8358.8
5891.92,100.0,21820.0,,,,,100.0,100.0,8358.8
5892.92,100.0,21719.8,,,,,100.0,100.0,8339.4
5893.92,0.0,21761.5,,,,,0.0,0.0,8352.9
5894.92,100.0,21761.5,,,,,100.0,100.0,8340.1
5895.92,100.0,21803.0,,,,,100.0,100.0,8353.5
5896.92,0.0,21844.6,,,,,0.0,0.0,8354.5
5897.92,100.0,21861.6,,,,,100.0,100.0,8348.6
5898.92,100.0,21944.6,,,,,100.0,100.0,8356.9
5899.92,100.0,21903.3,,,,,100.0,100.0,8358.7
5900.92,0.0,21903.3,,,,,0.0,0.0,8358.7
5901.92,100.0,21861.7,,,,,100.0,100.0,8358.9
5902.92,100.0,21820.0,,,,,100.0,100.0,8358.9
5903.92,100.0,21719.8,,,,,100.0,100.0,8331.5
5904.92,0.0,21719.9,,,,,0.0,0.0,8338.9
5905.92,100.0,21740.7,,,,,100.0,100.0,8351.9
5906.92,0.0,21803.0,,,,,0.0,0.0,8339.1
5907.92,100.0,21803.0,,,,,100.0,100.0,8347.9
5908.92,100.0,21844.6,,,,,100.0,100.0,8347.3
5909.92,100.0,21944.6,,,,,100.0,100.0,8357.4
5910.92,0.0,21944.6,,,,,0.0,0.0,8357.4
5911.92,100.0,21903.3,,,,,100.0,100.0,8359.1
5912.92,100.0,21861.7,,,,,100.0,100.0,8359.3
5913.93,100.0,21820.0,,,,,100.0,100.0,8359.3
5914.93,0.0,21820.0,,,,,0.0,0.0,8359.3
5915.93,100.0,21719.9,,,,,100.0,100.0,8353.5
5916.93,0.0,21761.5,,,,,0.0,0.0,8338.7
5917.93,100.0,21782.3,,,,,100.0,100.0,8342.5
5918.93,100.0,21803.0,,,,,100.0,100.0,8346.8
5919.93,100.0,21823.8,,,,,100.0,100.0,8349.5
5920.93,0.0,21878.6,,,,,0.0,0.0,8355.1
5921.93,100.0,21944.6,,,,,100.0,100.0,8357.8
5922.93,100.0,21903.3,,,,,100.0,100.0,8359.4
5923.93,100.0,21861.7,,,,,100.0,100.0,8359.6
5924.93,0.0,21861.7,,,,,0.0,0.0,8359.6
5925.93,100.0,21820.0,,,,,100.0,100.0,8359.6
5926.93,100.0,21719.8,,,,,100.0,100.0,8339.6
5927.93,0.0,21761.5,,,,,0.0,0.0,8353.8
5928.93,100.0,21761.5,,,,,100.0,100.0,8339.2
5929.93,100.0,21761.5,,,,,100.0,100.0,8347.6
5930.93,0.0,21844.6,,,,,0.0,0.0,8355.5
5931.93,100.0,21844.6,,,,,100.0,100.0,8343.2
5932.93,100.0,21944.6,,,,,100.0,100.0,8357.9
5933.93,100.0,21903.3,,,,,100.0,100.0,8359.6
5934.93,0.0,21903.3,,,,,0.0,0.0,8359.6
5935.93,100.0,21861.7,,,,,100.0,100.0,8359.7
5936.93,100.0,21820.0,,,,,100.0,100.0,8359.8
5937.93,100.0,21719.8,,,,,100.0,100.0,8359.8
5938.93,0.0,21719.9,,,,,0.0,0.0,8338.8
5939.93,100.0,21740.7,,,,,100.0,100.0,8353.8
5940.93,0.0,21803.0,,,,,0.0,0.0,8340.1
5941.93,100.0,21803.0,,,,,100.0,100.0,8349.4
5942.93,100.0,21844.6,,,,,100.0,100.0,8338.4
5943.93,100.0,21944.6,,,,,100.0,100.0,8358.1
5944.93,0.0,21944.6,,,,,0.0,0.0,8358.1
5945.93,100.0,21903.3,,,,,100.0,100.0,8359.8
5946.93,100.0,21861.7,,,,,100.0,100.0,8360.0
5947.93,100.0,21820.0,,,,,100.0,100.0,8360.0
5948.93,0.0,21820.0,,,,,0.0,0.0,8360.0
5949.93,100.0,21719.9,,,,,100.0,100.0,8354.1
5950.93,0.0,21761.5,,,,,0.0,0.0,8346.1
5951.93,100.0,21761.5,,,,,100.0,100.0,8350.1
5952.93,100.0,21803.0,,,,,100.0,100.0,8346.7
5953.93,100.0,21803.0,,,,,100.0,100.0,8346.2
5954.93,0.0,21878.6,,,,,0.0,0.0,8355.5
5955.93,100.0,21944.6,,,,,100.0,100.0,8358.2
5956.93,100.0,21903.3,,,,,100.0,100.0,8360.0
5957.93,100.0,21861.7,,,,,100.0,100.0,8360.2
5958.93,0.0,21861.7,,,,,0.0,0.0,8360.2
5959.93,100.0,21820.0,,,,,100.0,100.0,8360.2
5960.93,100.0,21719.8,,,,,100.0,100.0,8339.6
5961.93,0.0,21761.5,,,,,0.0,0.0,8354.4
5962.93,100.0,21761.5,,,,,100.0,100.0,8354.9
5963.93,100.0,21782.3,,,,,100.0,100.0,8350.8
5964.93,0.0,21844.6,,,,,0.0,0.0,8356.2
5965.93,100.0,21844.6,,,,,100.0,100.0,8348.8
5966.93,100.0,21944.6,,,,,100.0,100.0,8358.6
5967.93,100.0,21903.3,,,,,100.0,100.0,8360.2
5968.93,0.0,21903.3,,,,,0.0,0.0,8360.2
5969.93,100.0,21861.7,,,,,100.0,100.0,8360.4
5970.93,100.0,21820.0,,,,,100.0,100.0,8360.4
5971.93,100.0,21719.8,,,,,100.0,100.0,8360.4
5972.93,0.0,21719.9,,,,,0.0,0.0,8339.2
5973.93,100.0,21740.7,,,,,100.0,100.0,8352.6
5974.93,0.0,21803.0,,,,,0.0,0.0,8340.1
5975.93,100.0,21803.0,,,,,100.0,100.0,8346.7
5976.93,100.0,21844.6,,,,,100.0,100.0,8356.3
5977.93,100.0,21944.6,,,,,100.0,100.0,8358.8
5978.93,0.0,21944.6,,,,,0.0,0.0,8358.8
5979.94,100.0,21903.3,,,,,100.0,100.0,8360.5
5980.94,100.0,21861.7,,,,,100.0,100.0,8360.7
5981.94,100.0,21820.0,,,,,100.0,100.0,8360.8
5982.94,0.0,21820.0,,,,,0.0,0.0,8360.8
5983.94,100.0,21719.9,,,,,100.0,100.0,8354.8
5984.94,0.0,21761.5,,,,,0.0,0.0,8338.8
5985.94,100.0,21761.5,,,,,100.0,100.0,8349.4
5986.94,100.0,21803.0,,,,,100.0,100.0,8346.1
5987.94,100.0,21803.0,,,,,100.0,100.0,8345.1
5988.94,0.0,21878.6,,,,,0.0,0.0,8356.6
5989.94,100.0,21944.6,,,,,100.0,100.0,8359.2
5990.94,100.0,21903.3,,,,,100.0,100.0,8360.8
5991.94,100.0,21861.7,,,,,100.0,100.0,8361.0
5992.94,0.0,21861.7,,,,,0.0,0.0,8361.0
5993.94,100.0,21820.0,,,,,100.0,100.0,8361.0
5994.94,100.0,21719.8,,,,,100.0,100.0,8340.3
5995.94,0.0,21761.5,,,,,0.0,0.0,8355.2
5996.94,100.0,21761.5,,,,,100.0,100.0,8355.2
5997.94,100.0,21761.5,,,,,100.0,100.0,8350.1
5998.94,0.0,21844.6,,,,,0.0,0.0,8356.8
5999.94,100.0,21844.6,,,,,100.0,100.0,8346.1
6000.94,100.0,21944.6,,,,,100.0,100.0,8359.4
6001.94,100.0,21903.3,,,,,100.0,100.0,8361.1
6002.94,0.0,21903.3,,,,,0.0,0.0,8361.1
6003.94,100.0,21861.7,,,,,100.0,100.0,8361.3
6004.94,100.0,21820.0,,,,,100.0,100.0,8361.3
6005.94,100.0,21719.8,,,,,100.0,100.0,8361.3
6006.94,0.0,21719.9,,,,,0.0,0.0,8340.3
6007.94,100.0,21740.7,,,,,100.0,100.0,8351.0
6008.94,0.0,21803.0,,,,,0.0,0.0,8338.6
6009.94,100.0,21803.0,,,,,100.0,100.0,8344.6
6010.94,100.0,21844.6,,,,,100.0,100.0,8357.1
6011.94,100.0,21944.6,,,,,100.0,100.0,8359.7
6012.94,0.0,21944.6,,,,,0.0,0.0,8359.7
6013.94,100.0,21903.3,,,,,100.0,100.0,8361.2
6014.94,100.0,21861.7,,,,,100.0,100.0,8361.4
6015.94,100.0,21820.0,,,,,100.0,100.0,8361.4
6016.94,0.0,21820.0,,,,,0.0,0.0,8361.4
6017.94,100.0,21719.9,,,,,100.0,100.0,8336.8
6018.94,0.0,21761.5,,,,,0.0,0.0,8339.5
6019.94,100.0,21779.7,,,,,100.0,100.0,8351.1
6020.94,100.0,21803.0,,,,,100.0,100.0,8348.6
6021.94,100.0,21803.0,,,,,100.0,100.0,8345.1
6022.94,0.0,21878.6,,,,,0.0,0.0,8357.0
6023.94,100.0,21944.6,,,,,100.0,100.0,8359.9
6024.94,100.0,21903.3,,,,,100.0,100.0,8361.6
6025.94,100.0,21861.7,,,,,100.0,100.0,8361.8
6026.94,0.0,21861.7,,,,,0.0,0.0,8361.8
6027.94,100.0,21820.0,,,,,100.0,100.0,8361.8
6028.94,100.0,21719.8,,,,,100.0,100.0,8340.2
6029.94,0.0,21740.7,,,,,0.0,0.0,8355.1
6030.94,100.0,21761.5,,,,,100.0,100.0,8356.1
6031.94,100.0,21761.5,,,,,100.0,100.0,8347.2
6032.94,0.0,21844.6,,,,,0.0,0.0,8357.8
6033.94,100.0,21844.6,,,,,100.0,100.0,8344.7
6034.94,100.0,21944.6,,,,,100.0,100.0,8360.3
6035.94,0.0,21944.6,,,,,0.0,0.0,8360.3
6036.94,100.0,21903.3,,,,,100.0,100.0,8361.9
6037.94,100.0,21861.7,,,,,100.0,100.0,8362.1
6038.94,100.0,21820.0,,,,,100.0,100.0,8362.1
6039.94,0.0,21820.0,,,,,0.0,0.0,8362.1
6040.94,100.0,21719.9,,,,,100.0,100.0,8340.5
6041.94,0.0,21761.5,,,,,0.0,0.0,8348.5
6042.94,100.0,21803.0,,,,,100.0,100.0,8355.0
6043.94,100.0,21803.0,,,,,100.0,100.0,8339.7
6044.94,100.0,21803.0,,,,,100.0,100.0,8348.9
6045.95,0.0,21878.6,,,,,0.0,0.0,8356.5
6046.95,100.0,21944.6,,,,,100.0,100.0,8359.0
6047.95,100.0,21903.3,,,,,100.0,100.0,8360.8
6048.95,100.0,21861.7,,,,,100.0,100.0,8361.0
6049.95,0.0,21861.7,,,,,0.0,0.0,8361.0
6050.95,100.0,21820.0,,,,,100.0,100.0,8361.0
6051.95,100.0,21702.8,,,,,100.0,100.0,8353.5
6052.95,0.0,21761.5,,,,,0.0,0.0,8341.2
6053.95,100.0,21761.5,,,,,100.0,100.0,8348.9
6054.95,100.0,21803.0,,,,,100.0,100.0,8340.0
6055.95,0.0,21844.6,,,,,0.0,0.0,8347.4
6056.95,100.0,21878.6,,,,,100.0,100.0,8356.7
6057.95,100.0,21944.6,,,,,100.0,100.0,8359.4
6058.95,100.0,21903.3,,,,,100.0,100.0,8361.2
6059.95,0.0,21903.3,,,,,0.0,0.0,8361.2
6060.95,100.0,21861.7,,,,,100.0,100.0,8361.4
6061.95,100.0,21820.0,,,,,100.0,100.0,8361.4
6062.95,100.0,21719.8,,,,,100.0,100.0,8361.5
6063.95,0.0,21719.9,,,,,0.0,0.0,8353.1
6064.95,100.0,21761.5,,,,,100.0,100.0,8355.7
6065.95,0.0,21803.0,,,,,0.0,0.0,8347.5
6066.95,100.0,21844.6,,,,,100.0,100.0,8357.1
6067.95,100.0,21844.6,,,,,100.0,100.0,8344.5
6068.95,100.0,21944.6,,,,,100.0,100.0,8359.8
6069.95,0.0,21944.6,,,,,0.0,0.0,8359.8
6070.95,100.0,21903.3,,,,,100.0,100.0,8361.5
6071.95,100.0,21861.7,,,,,100.0,100.0,8361.7
6072.95,100.0,21820.0,,,,,100.0,100.0,8361.7
6073.95,0.0,21820.0,,,,,0.0,0.0,8361.7
6074.95,100.0,21719.9,,,,,100.0,100.0,8341.6
6075.95,0.0,21761.5,,,,,0.0,0.0,8350.4
6076.95,100.0,21803.0,,,,,100.0,100.0,8356.8
6077.95,100.0,21803.0,,,,,100.0,100.0,8346.9
6078.95,100.0,21823.8,,,,,100.0,100.0,8354.1
6079.95,0.0,21878.6,,,,,0.0,0.0,8357.4
6080.95,100.0,21944.6,,,,,100.0,100.0,8360.0
6081.95,100.0,21903.3,,,,,100.0,100.0,8361.7
6082.95,100.0,21861.7,,,,,100.0,100.0,8361.9
6083.95,0.0,21861.7,,,,,0.0,0.0,8361.9
6084.95,100.0,21820.0,,,,,100.0,100.0,8361.9
6085.95,100.0,21719.8,,,,,100.0,100.0,8351.2
6086.95,0.0,21761.5,,,,,0.0,0.0,8342.1
6087.95,100.0,21761.5,,,,,100.0,100.0,8347.6
6088.95,100.0,21803.0,,,,,100.0,100.0,8338.6
6089.95,0.0,21844.6,,,,,0.0,0.0,8345.7
6090.95,100.0,21878.6,,,,,100.0,100.0,8357.4
6091.95,100.0,21944.6,,,,,100.0,100.0,8360.3
6092.95,100.0,21903.3,,,,,100.0,100.0,8362.0
6093.95,0.0,21903.3,,,,,0.0,0.0,8362.0
6094.95,100.0,21861.7,,,,,100.0,100.0,8362.2
6095.95,100.0,21820.0,,,,,100.0,100.0,8362.2
6096.95,100.0,21719.8,,,,,100.0,100.0,8362.4
6097.95,0.0,21719.9,,,,,0.0,0.0,8352.6
6098.95,100.0,21761.5,,,,,100.0,100.0,8356.4
6099.95,0.0,21803.0,,,,,0.0,0.0,8347.5
6100.95,100.0,21844.6,,,,,100.0,100.0,8349.0
6101.95,100.0,21844.6,,,,,100.0,100.0,8352.0
6102.95,100.0,21944.6,,,,,100.0,100.0,8360.5
6103.95,0.0,21944.6,,,,,0.0,0.0,8360.5
6104.95,100.0,21903.3,,,,,100.0,100.0,8362.3
6105.95,100.0,21861.7,,,,,100.0,100.0,8362.5
6106.95,100.0,21820.0,,,,,100.0,100.0,8362.5
6107.95,0.0,21820.0,,,,,0.0,0.0,8362.5
6108.95,100.0,21719.9,,,,,100.0,100.0,8341.6
6109.95,0.0,21761.5,,,,,0.0,0.0,8349.1
6110.95,100.0,21803.0,,,,,100.0,100.0,8357.6
6111.96,100.0,21803.0,,,,,100.0,100.0,8348.5
6112.96,100.0,21823.8,,,,,100.0,100.0,8355.8
6113.96,0.0,21878.6,,,,,0.0,0.0,8358.3
6114.96,100.0,21944.6,,,,,100.0,100.0,8360.9
6115.96,100.0,21903.3,,,,,100.0,100.0,8362.7
6116.96,100.0,21861.7,,,,,100.0,100.0,8362.8
6117.96,0.0,21861.7,,,,,0.0,0.0,8362.8
6118.96,100.0,21820.0,,,,,100.0,100.0,8362.8
6119.96,100.0,21719.8,,,,,100.0,100.0,8349.5
6120.96,0.0,21761.5,,,,,0.0,0.0,8341.4
6121.96,100.0,21761.5,,,,,100.0,100.0,8346.9
6122.96,100.0,21803.0,,,,,100.0,100.0,8339.0
6123.96,0.0,21844.6,,,,,0.0,0.0,8346.0
6124.96,100.0,21861.6,,,,,100.0,100.0,8358.0
6125.96,100.0,21944.6,,,,,100.0,100.0,8361.3
6126.96,100.0,21903.3,,,,,100.0,100.0,8363.0
6127.96,0.0,21903.3,,,,,0.0,0.0,8363.0
6128.96,100.0,21861.7,,,,,100.0,100.0,8363.2
6129.96,100.0,21820.0,,,,,100.0,100.0,8363.2
6130.96,100.0,21719.8,,,,,100.0,100.0,8363.4
6131.96,0.0,21719.9,,,,,0.0,0.0,8349.3
6132.96,100.0,21761.5,,,,,100.0,100.0,8357.4
6133.96,0.0,21803.0,,,,,0.0,0.0,8346.6
6134.96,100.0,21844.6,,,,,100.0,100.0,8358.9
6135.96,100.0,21844.6,,,,,100.0,100.0,8359.0
6136.96,100.0,21944.6,,,,,100.0,100.0,8361.4
6137.96,0.0,21944.6,,,,,0.0,0.0,8361.4
6138.96,100.0,21903.3,,,,,100.0,100.0,8363.2
6139.96,100.0,21861.7,,,,,100.0,100.0,8363.4
6140.96,100.0,21820.0,,,,,100.0,100.0,8363.4
6141.96,0.0,21820.0,,,,,0.0,0.0,8363.4
6142.96,100.0,21719.9,,,,,100.0,100.0,8357.6
6143.96,0.0,21761.5,,,,,0.0,0.0,8350.4
6144.96,100.0,21803.0,,,,,100.0,100.0,8358.5
6145.96,100.0,21803.0,,,,,100.0,100.0,8347.9
6146.96,100.0,21844.6,,,,,100.0,100.0,8359.2
6147.96,0.0,21878.6,,,,,0.0,0.0,8359.0
6148.96,100.0,21944.6,,,,,100.0,100.0,8361.7
6149.96,100.0,21903.3,,,,,100.0,100.0,8363.4
6150.96,100.0,21861.7,,,,,100.0,100.0,8363.5
6151.96,0.0,21861.7,,,,,0.0,0.0,8363.5
6152.96,100.0,21820.0,,,,,100.0,100.0,8363.6
6153.96,100.0,21719.8,,,,,100.0,100.0,8348.6
6154.96,0.0,21761.5,,,,,0.0,0.0,8340.8
6155.96,100.0,21761.5,,,,,100.0,100.0,8347.2
6156.96,100.0,21803.0,,,,,100.0,100.0,8358.7
6157.96,0.0,21844.6,,,,,0.0,0.0,8346.2
6158.96,100.0,21861.6,,,,,100.0,100.0,8356.9
6159.96,100.0,21944.6,,,,,100.0,100.0,8361.9
6160.96,100.0,21903.3,,,,,100.0,100.0,8363.7
6161.96,0.0,21903.3,,,,,0.0,0.0,8363.7
6162.96,100.0,21861.7,,,,,100.0,100.0,8363.9
6163.96,100.0,21820.0,,,,,100.0,100.0,8363.9
6164.96,100.0,21719.8,,,,,100.0,100.0,8364.0
6165.96,0.0,21719.9,,,,,0.0,0.0,8348.6
6166.96,100.0,21761.5,,,,,100.0,100.0,8358.4
6167.96,0.0,21803.0,,,,,0.0,0.0,8346.3
6168.96,100.0,21844.6,,,,,100.0,100.0,8359.6
6169.96,100.0,21844.6,,,,,100.0,100.0,8359.7
6170.96,100.0,21944.6,,,,,100.0,100.0,8362.1
6171.96,0.0,21944.6,,,,,0.0,0.0,8362.1
6172.96,100.0,21903.3,,,,,100.0,100.0,8363.8
6173.96,100.0,21861.7,,,,,100.0,100.0,8364.0
6174.96,100.0,21820.0,,,,,100.0,100.0,8364.0
6175.96,0.0,21820.0,,,,,0.0,0.0,8364.0
6176.96,100.0,21719.9,,,,,100.0,100.0,8358.2
6177.96,0.0,21761.5,,,,,0.0,0.0,8347.6
6178.97,100.0,21803.0,,,,,100.0,100.0,8359.0
6179.97,100.0,21803.0,,,,,100.0,100.0,8346.8
6180.97,100.0,21823.8,,,,,100.0,100.0,8356.9
6181.97,0.0,21878.6,,,,,0.0,0.0,8359.9
6182.97,100.0,21944.6,,,,,100.0,100.0,8362.4
6183.97,100.0,21903.3,,,,,100.0,100.0,8364.1
6184.97,100.0,21861.7,,,,,100.0,100.0,8364.3
6185.97,0.0,21861.7,,,,,0.0,0.0,8364.3
6186.97,100.0,21820.0,,,,,100.0,100.0,8364.3
6187.97,100.0,21719.8,,,,,100.0,100.0,8347.3
6188.97,0.0,21761.5,,,,,0.0,0.0,8340.3
6189.97,100.0,21761.5,,,,,100.0,100.0,8347.1
6190.97,100.0,21803.0,,,,,100.0,100.0,8359.3
6191.97,0.0,21844.6,,,,,0.0,0.0,8347.5
6192.97,100.0,21861.6,,,,,100.0,100.0,8355.4
6193.97,100.0,21944.6,,,,,100.0,100.0,8362.7
6194.97,100.0,21903.3,,,,,100.0,100.0,8364.3
6195.97,0.0,21903.3,,,,,0.0,0.0,8364.3
6196.97,100.0,21861.7,,,,,100.0,100.0,8364.5
6197.97,100.0,21820.0,,,,,100.0,100.0,8364.5
6198.97,100.0,21719.8,,,,,100.0,100.0,8364.7
6199.97,0.0,21719.9,,,,,0.0,0.0,8348.1
6200.97,100.0,21761.5,,,,,100.0,100.0,8359.0
6201.97,0.0,21803.0,,,,,0.0,0.0,8359.8
6202.97,100.0,21803.0,,,,,100.0,100.0,8355.2
6203.97,100.0,21844.6,,,,,100.0,100.0,8360.6
6204.97,100.0,21944.6,,,,,100.0,100.0,8363.0
6205.97,0.0,21944.6,,,,,0.0,0.0,8363.0
6206.97,100.0,21903.3,,,,,100.0,100.0,8364.6
6207.97,100.0,21861.7,,,,,100.0,100.0,8364.8
6208.97,100.0,21820.0,,,,,100.0,100.0,8364.8
6209.97,0.0,21820.0,,,,,0.0,0.0,8364.8
6210.97,100.0,21719.9,,,,,100.0,100.0,8358.9
6211.97,0.0,21761.5,,,,,0.0,0.0,8348.5
6212.97,100.0,21803.0,,,,,100.0,100.0,8359.8
6213.97,100.0,21803.0,,,,,100.0,100.0,8348.0
6214.97,100.0,21823.8,,,,,100.0,100.0,8357.7
6215.97,0.0,21878.6,,,,,0.0,0.0,8360.4
6216.97,100.0,21944.6,,,,,100.0,100.0,8363.0
6217.97,100.0,21903.3,,,,,100.0,100.0,8364.8
6218.97,100.0,21861.7,,,,,100.0,100.0,8365.0
6219.97,0.0,21861.7,,,,,0.0,0.0,8365.0
6220.97,100.0,21820.0,,,,,100.0,100.0,8365.0
6221.97,100.0,21719.8,,,,,100.0,100.0,8347.2
6222.97,0.0,21761.5,,,,,0.0,0.0,8359.3
6223.97,100.0,21761.5,,,,,100.0,100.0,8347.2
6224.97,100.0,21803.0,,,,,100.0,100.0,8360.1
6225.97,0.0,21844.6,,,,,0.0,0.0,8348.2
6226.97,100.0,21861.6,,,,,100.0,100.0,8358.7
6227.97,100.0,21944.6,,,,,100.0,100.0,8363.4
6228.97,100.0,21903.3,,,,,100.0,100.0,8365.1
6229.97,0.0,21903.3,,,,,0.0,0.0,8365.1
6230.97,100.0,21861.7,,,,,100.0,100.0,8365.3
6231.97,100.0,21820.0,,,,,100.0,100.0,8365.3
6232.97,100.0,21719.8,,,,,100.0,100.0,8365.4
6233.97,0.0,21719.9,,,,,0.0,0.0,8347.8
6234.97,100.0,21761.5,,,,,100.0,100.0,8340.2
6235.97,0.0,21803.0,,,,,0.0,0.0,8347.2
6236.97,100.0,21823.8,,,,,100.0,100.0,8359.6
6237.97,100.0,21844.6,,,,,100.0,100.0,8346.9
6238.97,100.0,21944.6,,,,,100.0,100.0,8363.8
6239.97,0.0,21944.6,,,,,0.0,0.0,8363.8
6240.97,100.0,21903.3,,,,,100.0,100.0,8365.3
6241.97,100.0,21861.7,,,,,100.0,100.0,8365.5
6242.97,100.0,21820.0,,,,,100.0,100.0,8365.5
6243.97,0.0,21820.0,,,,,0.0,0.0,8365.5
6244.98,100.0,21719.9,,,,,100.0,100.0,8359.5
6245.98,0.0,21761.5,,,,,0.0,0.0,8349.2
6246.98,100.0,21803.0,,,,,100.0,100.0,8360.5
6247.98,100.0,21803.0,,,,,100.0,100.0,8354.5
6248.98,100.0,21823.8,,,,,100.0,100.0,8346.4
6249.98,0.0,21878.6,,,,,0.0,0.0,8361.2
6250.98,100.0,21944.6,,,,,100.0,100.0,8363.7
6251.98,100.0,21903.3,,,,,100.0,100.0,8365.4
6252.98,100.0,21861.7,,,,,100.0,100.0,8365.6
6253.98,0.0,21861.7,,,,,0.0,0.0,8365.6
6254.98,100.0,21820.0,,,,,100.0,100.0,8365.6
6255.98,100.0,21719.8,,,,,100.0,100.0,8347.6
6256.98,0.0,21761.5,,,,,0.0,0.0,8360.0
6257.98,100.0,21761.5,,,,,100.0,100.0,8346.6
6258.98,100.0,21761.5,,,,,100.0,100.0,8357.8
6259.98,0.0,21844.6,,,,,0.0,0.0,8345.8
6260.98,100.0,21844.6,,,,,100.0,100.0,8351.5
6261.98,100.0,21944.6,,,,,100.0,100.0,8364.1
6262.98,100.0,21903.3,,,,,100.0,100.0,8365.8
6263.98,0.0,21903.3,,,,,0.0,0.0,8365.8
6264.98,100.0,21861.7,,,,,100.0,100.0,8365.9
6265.98,100.0,21820.0,,,,,100.0,100.0,8366.0
6266.98,100.0,21719.8,,,,,100.0,100.0,8366.0
6267.98,0.0,21719.9,,,,,0.0,0.0,8347.5
6268.98,100.0,21761.5,,,,,100.0,100.0,8340.2
6269.98,0.0,21803.0,,,,,0.0,0.0,8347.0
6270.98,100.0,21823.8,,,,,100.0,100.0,8358.5
6271.98,100.0,21844.6,,,,,100.0,100.0,8346.3
6272.98,100.0,21944.6,,,,,100.0,100.0,8364.2
6273.98,0.0,21944.6,,,,,0.0,0.0,8364.2
6274.98,100.0,21903.3,,,,,100.0,100.0,8365.9
6275.98,100.0,21861.7,,,,,100.0,100.0,8366.1
6276.98,100.0,21820.0,,,,,100.0,100.0,8366.1
6277.98,0.0,21820.0,,,,,0.0,0.0,8366.1
6278.98,100.0,21719.9,,,,,100.0,100.0,8360.4
6279.98,0.0,21761.5,,,,,0.0,0.0,8349.0
6280.98,100.0,21782.3,,,,,100.0,100.0,8359.2
6281.98,100.0,21803.0,,,,,100.0,100.0,8361.4
6282.98,100.0,21823.8,,,,,100.0,100.0,8357.2
6283.98,0.0,21878.6,,,,,0.0,0.0,8362.0
6284.98,100.0,21944.6,,,,,100.0,100.0,8364.5
6285.98,100.0,21903.3,,,,,100.0,100.0,8366.2
6286.98,100.0,21861.7,,,,,100.0,100.0,8366.4
6287.98,0.0,21861.7,,,,,0.0,0.0,8366.4
6288.98,100.0,21820.0,,,,,100.0,100.0,8366.4
6289.98,100.0,21719.8,,,,,100.0,100.0,8347.4
6290.98,0.0,21761.5,,,,,0.0,0.0,8360.7
6291.98,100.0,21761.5,,,,,100.0,100.0,8347.7
6292.98,100.0,21782.3,,,,,100.0,100.0,8356.7
6293.98,0.0,21844.6,,,,,0.0,0.0,8346.0
6294.98,100.0,21861.6,,,,,100.0,100.0,8355.3
6295.98,100.0,21944.6,,,,,100.0,100.0,8364.8
6296.98,100.0,21903.3,,,,,100.0,100.0,8366.4
6297.98,0.0,21903.3,,,,,0.0,0.0,8366.4
6298.98,100.0,21861.7,,,,,100.0,100.0,8366.5
6299.98,100.0,21820.0,,,,,100.0,100.0,8366.5
6300.98,100.0,21719.8,,,,,100.0,100.0,8366.7
6301.98,0.0,21719.9,,,,,0.0,0.0,8347.5
6302.98,100.0,21761.5,,,,,100.0,100.0,8351.1
6303.98,0.0,21803.0,,,,,0.0,0.0,8355.4
6304.98,100.0,21823.8,,,,,100.0,100.0,8357.5
6305.98,100.0,21844.6,,,,,100.0,100.0,8355.9
6306.98,100.0,21944.6,,,,,100.0,100.0,8365.0
6307.98,0.0,21944.6,,,,,0.0,0.0,8365.0
6308.98,100.0,21903.3,,,,,100.0,100.0,8366.6
6309.98,100.0,21861.7,,,,,100.0,100.0,8366.8
6310.99,100.0,21820.0,,,,,100.0,100.0,8366.8
6311.99,0.0,21820.0,,,,,0.0,0.0,8366.8
6312.99,100.0,21719.9,,,,,100.0,100.0,8361.1
6313.99,0.0,21761.5,,,,,0.0,0.0,8347.8
6314.99,100.0,21761.5,,,,,100.0,100.0,8356.5
6315.99,100.0,21803.0,,,,,100.0,100.0,8362.1
6316.99,100.0,21803.0,,,,,100.0,100.0,8352.6
6317.99,0.0,21878.6,,,,,0.0,0.0,8362.6
6318.99,100.0,21944.6,,,,,100.0,100.0,8365.2
6319.99,100.0,21903.3,,,,,100.0,100.0,8366.8
6320.99,100.0,21861.7,,,,,100.0,100.0,8367.0
6321.99,0.0,21861.7,,,,,0.0,0.0,8367.0
6322.99,100.0,21820.0,,,,,100.0,100.0,8367.0
6323.99,100.0,21719.8,,,,,100.0,100.0,8347.2
6324.99,0.0,21761.5,,,,,0.0,0.0,8361.3
6325.99,100.0,21761.5,,,,,100.0,100.0,8347.7
6326.99,100.0,21761.5,,,,,100.0,100.0,8356.0
6327.99,0.0,21844.6,,,,,0.0,0.0,8344.9
6328.99,100.0,21844.6,,,,,100.0,100.0,8351.1
6329.99,100.0,21944.6,,,,,100.0,100.0,8365.5
6330.99,100.0,21903.3,,,,,100.0,100.0,8367.1
6331.99,0.0,21903.3,,,,,0.0,0.0,8367.1
6332.99,100.0,21861.7,,,,,100.0,100.0,8367.2
6333.99,100.0,21820.0,,,,,100.0,100.0,8367.2
6334.99,100.0,21719.8,,,,,100.0,100.0,8367.3
6335.99,0.0,21719.9,,,,,0.0,0.0,8347.1
6336.99,100.0,21761.5,,,,,100.0,100.0,8361.5
6337.99,0.0,21803.0,,,,,0.0,0.0,8347.6
6338.99,100.0,21803.0,,,,,100.0,100.0,8356.2
6339.99,100.0,21844.6,,,,,100.0,100.0,8344.9
6340.99,100.0,21944.6,,,,,100.0,100.0,8365.7
6341.99,0.0,21944.6,,,,,0.0,0.0,8365.7
6342.99,100.0,21903.3,,,,,100.0,100.0,8367.3
6343.99,100.0,21861.7,,,,,100.0,100.0,8367.5
6344.99,100.0,21820.0,,,,,100.0,100.0,8367.5
6345.99,0.0,21820.0,,,,,0.0,0.0,8367.5
6346.99,100.0,21719.9,,,,,100.0,100.0,8361.6
6347.99,0.0,21761.5,,,,,0.0,0.0,8361.8
6348.99,100.0,21782.3,,,,,100.0,100.0,8359.6
6349.99,100.0,21803.0,,,,,100.0,100.0,8362.6
6350.99,100.0,21803.0,,,,,100.0,100.0,8354.3
6351.99,0.0,21878.6,,,,,0.0,0.0,8363.3
6352.99,100.0,21944.6,,,,,100.0,100.0,8365.9
6353.99,100.0,21903.3,,,,,100.0,100.0,8367.5
6354.99,100.0,21861.7,,,,,100.0,100.0,8367.7
6355.99,0.0,21861.7,,,,,0.0,0.0,8367.7
6356.99,100.0,21820.0,,,,,100.0,100.0,8367.7
6357.99,100.0,21719.8,,,,,100.0,100.0,8347.9
6358.99,0.0,21761.5,,,,,0.0,0.0,8361.9
6359.99,100.0,21761.5,,,,,100.0,100.0,8348.0
6360.99,100.0,21761.5,,,,,100.0,100.0,8356.5
6361.99,0.0,21844.6,,,,,0.0,0.0,8363.7
6362.99,100.0,21844.6,,,,,100.0,100.0,8350.9
6363.99,100.0,21944.6,,,,,100.0,100.0,8366.1
6364.99,100.0,21903.3,,,,,100.0,100.0,8367.7
6365.99,0.0,21903.3,,,,,0.0,0.0,8367.7
6366.99,100.0,21861.7,,,,,100.0,100.0,8367.9
6367.99,100.0,21820.0,,,,,100.0,100.0,8367.9
6368.99,100.0,21719.8,,,,,100.0,100.0,8368.0
6369.99,0.0,21719.9,,,,,0.0,0.0,8346.9
6370.99,100.0,21719.9,,,,,100.0,100.0,8358.2
6371.99,0.0,21803.0,,,,,0.0,0.0,8346.6
6372.99,100.0,21803.0,,,,,100.0,100.0,8352.2
6373.99,100.0,21844.6,,,,,100.0,100.0,8344.0
6374.99,100.0,21944.6,,,,,100.0,100.0,8366.2
6375.99,0.0,21944.6,,,,,0.0,0.0,8366.2
6376.99,100.0,21903.3,,,,,100.0,100.0,8367.9
6378.0,100.0,21861.7,,,,,100.0,100.0,8368.1
6379.0,100.0,21820.0,,,,,100.0,100.0,8368.1
6380.0,0.0,21820.0,,,,,0.0,0.0,8368.1
6381.0,100.0,21719.9,,,,,100.0,100.0,8362.2
6382.0,0.0,21761.5,,,,,0.0,0.0,8362.1
6383.0,100.0,21761.5,,,,,100.0,100.0,8355.9
6384.0,100.0,21803.0,,,,,100.0,100.0,8363.2
6385.0,100.0,21803.0,,,,,100.0,100.0,8352.5
6386.0,0.0,21878.6,,,,,0.0,0.0,8363.7
6387.0,100.0,21944.6,,,,,100.0,100.0,8366.4
6388.0,100.0,21903.3,,,,,100.0,100.0,8368.1
6389.0,100.0,21861.7,,,,,100.0,100.0,8368.3
6390.0,0.0,21861.7,,,,,0.0,0.0,8368.3
6391.0,100.0,21820.0,,,,,100.0,100.0,8368.3
6392.0,100.0,21719.8,,,,,100.0,100.0,8348.0
6393.0,0.0,21757.7,,,,,0.0,0.0,8361.8
6394.0,100.0,21761.5,,,,,100.0,100.0,8348.3
6395.0,100.0,21761.5,,,,,100.0,100.0,8354.7
6396.0,0.0,21844.6,,,,,0.0,0.0,8364.3
6397.0,100.0,21844.6,,,,,100.0,100.0,8352.2
6398.0,100.0,21944.6,,,,,100.0,100.0,8366.7
6399.0,0.0,21944.6,,,,,0.0,0.0,8366.7
6400.0,100.0,21903.3,,,,,100.0,100.0,8368.4
6401.0,100.0,21861.7,,,,,100.0,100.0,8368.6
6402.0,100.0,21820.0,,,,,100.0,100.0,8368.6
6403.0,0.0,21820.0,,,,,0.0,0.0,8368.6
6404.0,100.0,21719.9,,,,,100.0,100.0,8347.0
6405.0,100.0,21740.7,,,,,100.0,100.0,8361.2
6406.0,0.0,21803.0,,,,,0.0,0.0,8348.5
6407.0,100.0,21803.0,,,,,100.0,100.0,8353.7
6408.0,100.0,21844.6,,,,,100.0,100.0,8345.4
6409.0,0.0,21878.6,,,,,0.0,0.0,8364.3
6410.0,100.0,21944.6,,,,,100.0,100.0,8366.8
6411.0,100.0,21903.3,,,,,100.0,100.0,8368.6
6412.0,100.0,21861.7,,,,,100.0,100.0,8368.8
6413.0,0.0,21861.7,,,,,0.0,0.0,8368.8
6414.0,100.0,21820.0,,,,,100.0,100.0,8368.8
6415.0,100.0,21719.9,,,,,100.0,100.0,8362.7
6416.0,0.0,21761.5,,,,,0.0,0.0,8363.2
6417.0,100.0,21761.5,,,,,100.0,100.0,8357.4
6418.0,100.0,21803.0,,,,,100.0,100.0,8364.0
6419.0,0.0,21844.6,,,,,0.0,0.0,8353.6
6420.0,100.0,21878.6,,,,,100.0,100.0,8364.3
6421.0,100.0,21944.6,,,,,100.0,100.0,8367.1
6422.0,100.0,21903.3,,,,,100.0,100.0,8368.8
6423.0,0.0,21903.3,,,,,0.0,0.0,8368.8
6424.0,100.0,21861.7,,,,,100.0,100.0,8369.0
6425.0,100.0,21820.0,,,,,100.0,100.0,8369.0
6426.0,100.0,21719.8,,,,,100.0,100.0,8348.3
6427.0,0.0,21740.7,,,,,0.0,0.0,8361.7
6428.0,100.0,21761.5,,,,,100.0,100.0,8363.4
6429.0,0.0,21803.0,,,,,0.0,0.0,8354.6
6430.0,100.0,21844.6,,,,,100.0,100.0,8364.9
6431.0,100.0,21844.6,,,,,100.0,100.0,8352.3
6432.0,100.0,21944.6,,,,,100.0,100.0,8367.3
6433.0,0.0,21944.6,,,,,0.0,0.0,8367.3
6434.0,100.0,21903.3,,,,,100.0,100.0,8369.0
6435.0,100.0,21861.7,,,,,100.0,100.0,8369.1
6436.0,100.0,21820.0,,,,,100.0,100.0,8369.1
6437.0,0.0,21820.0,,,,,0.0,0.0,8369.1
6438.0,100.0,21719.9,,,,,100.0,100.0,8347.5
6439.0,0.0,21761.5,,,,,0.0,0.0,8358.3
6440.0,100.0,21803.0,,,,,100.0,100.0,8347.9
6441.0,100.0,21803.0,,,,,100.0,100.0,8356.4
6442.0,100.0,21844.6,,,,,100.0,100.0,8365.3
6443.01,0.0,21878.6,,,,,0.0,0.0,8365.0
6444.01,100.0,21944.6,,,,,100.0,100.0,8367.6
6445.01,100.0,21903.3,,,,,100.0,100.0,8369.2
6446.01,100.0,21861.7,,,,,100.0,100.0,8369.4
6447.01,0.0,21861.7,,,,,0.0,0.0,8369.4
6448.01,100.0,21820.0,,,,,100.0,100.0,8369.4
6449.01,100.0,21685.8,,,,,100.0,100.0,8360.6
6450.01,0.0,21761.5,,,,,0.0,0.0,8355.6
6451.01,100.0,21761.5,,,,,100.0,100.0,8354.9
6452.01,100.0,21803.0,,,,,100.0,100.0,8355.2
6453.01,0.0,21844.6,,,,,0.0,0.0,8359.5
6454.01,100.0,21861.6,,,,,100.0,100.0,8363.6
6455.01,100.0,21944.6,,,,,100.0,100.0,8368.0
6456.01,100.0,21903.3,,,,,100.0,100.0,8369.5
6457.01,0.0,21903.3,,,,,0.0,0.0,8369.5
6458.01,100.0,21861.7,,,,,100.0,100.0,8369.6
6459.01,100.0,21820.0,,,,,100.0,100.0,8369.7
6460.01,100.0,21719.8,,,,,100.0,100.0,8348.3
6461.01,0.0,21719.9,,,,,0.0,0.0,8358.4
6462.01,100.0,21761.5,,,,,100.0,100.0,8364.0
6463.01,0.0,21803.0,,,,,0.0,0.0,8354.4
6464.01,100.0,21844.6,,,,,100.0,100.0,8365.4
6465.01,100.0,21844.6,,,,,100.0,100.0,8352.4
6466.01,100.0,21944.6,,,,,100.0,100.0,8367.9
6467.01,0.0,21944.6,,,,,0.0,0.0,8367.9
6468.01,100.0,21903.3,,,,,100.0,100.0,8369.7
6469.01,100.0,21861.7,,,,,100.0,100.0,8369.9
6470.01,100.0,21820.0,,,,,100.0,100.0,8369.9
6471.01,0.0,21820.0,,,,,0.0,0.0,8369.9
6472.01,100.0,21719.9,,,,,100.0,100.0,8349.1
6473.01,0.0,21761.5,,,,,0.0,0.0,8356.4
6474.01,100.0,21803.0,,,,,100.0,100.0,8347.7
6475.01,100.0,21803.0,,,,,100.0,100.0,8354.3
6476.01,100.0,21823.8,,,,,100.0,100.0,8364.8
6477.01,0.0,21878.6,,,,,0.0,0.0,8365.5
6478.01,100.0,21944.6,,,,,100.0,100.0,8368.1
6479.01,100.0,21903.3,,,,,100.0,100.0,8369.8
6480.01,100.0,21861.7,,,,,100.0,100.0,8369.9
6481.01,0.0,21861.7,,,,,0.0,0.0,8369.9
6482.01,100.0,21820.0,,,,,100.0,100.0,8369.9
6483.01,100.0,21719.8,,,,,100.0,100.0,8360.1
6484.01,0.0,21761.5,,,,,0.0,0.0,8364.5
6485.01,100.0,21761.5,,,,,100.0,100.0,8354.3
6486.01,100.0,21803.0,,,,,100.0,100.0,8355.5
6487.01,0.0,21844.6,,,,,0.0,0.0,8352.1
6488.01,100.0,21878.6,,,,,100.0,100.0,8365.6
6489.01,100.0,21944.6,,,,,100.0,100.0,8368.4
6490.01,100.0,21903.3,,,,,100.0,100.0,8370.3
6491.01,0.0,21903.3,,,,,0.0,0.0,8370.3
6492.01,100.0,21861.7,,,,,100.0,100.0,8370.5
6493.01,100.0,21820.0,,,,,100.0,100.0,8370.5
6494.01,100.0,21719.8,,,,,100.0,100.0,8348.4
6495.01,0.0,21719.9,,,,,0.0,0.0,8359.0
6496.01,100.0,21761.5,,,,,100.0,100.0,8365.1
6497.01,0.0,21803.0,,,,,0.0,0.0,8354.9
6498.01,100.0,21844.6,,,,,100.0,100.0,8366.2
6499.01,100.0,21844.6,,,,,100.0,100.0,8353.0
6500.01,100.0,21944.6,,,,,100.0,100.0,8368.6
6501.01,0.0,21944.6,,,,,0.0,0.0,8368.6
6502.01,100.0,21903.3,,,,,100.0,100.0,8370.4
6503.01,100.0,21861.7,,,,,100.0,100.0,8370.6
6504.01,100.0,21820.0,,,,,100.0,100.0,8370.6
6505.01,0.0,21820.0,,,,,0.0,0.0,8370.6
6506.01,100.0,21719.9,,,,,100.0,100.0,8349.1
6507.01,0.0,21761.5,,,,,0.0,0.0,8355.3
6508.01,100.0,21803.0,,,,,100.0,100.0,8365.7
6509.01,100.0,21803.0,,,,,100.0,100.0,8352.1
6510.02,100.0,21844.6,,,,,100.0,100.0,8366.6
6511.02,0.0,21878.6,,,,,0.0,0.0,8366.5
6512.02,100.0,21944.6,,,,,100.0,100.0,8369.1
6513.02,100.0,21903.3,,,,,100.0,100.0,8370.7
6514.02,100.0,21861.7,,,,,100.0,100.0,8370.8
6515.02,0.0,21861.7,,,,,0.0,0.0,8370.8
6516.02,100.0,21820.0,,,,,100.0,100.0,8370.8
6517.02,100.0,21719.8,,,,,100.0,100.0,8357.5
6518.02,0.0,21761.5,,,,,0.0,0.0,8349.1
6519.02,100.0,21761.5,,,,,100.0,100.0,8355.8
6520.02,100.0,21803.0,,,,,100.0,100.0,8346.0
6521.02,0.0,21844.6,,,,,0.0,0.0,8359.6
6522.02,100.0,21844.6,,,,,100.0,100.0,8362.7
6523.02,100.0,21944.6,,,,,100.0,100.0,8369.1
6524.02,100.0,21903.3,,,,,100.0,100.0,8370.9
6525.02,0.0,21903.3,,,,,0.0,0.0,8370.9
6526.02,100.0,21861.7,,,,,100.0,100.0,8371.1
6527.02,100.0,21820.0,,,,,100.0,100.0,8371.1
6528.02,100.0,21719.8,,,,,100.0,100.0,8371.2
6529.02,0.0,21719.9,,,,,0.0,0.0,8356.6
6530.02,100.0,21761.5,,,,,100.0,100.0,8365.5
6531.02,0.0,21803.0,,,,,0.0,0.0,8355.4
6532.02,100.0,21844.6,,,,,100.0,100.0,8367.0
6533.02,100.0,21844.6,,,,,100.0,100.0,8361.5
6534.02,100.0,21944.6,,,,,100.0,100.0,8369.4
6535.02,0.0,21944.6,,,,,0.0,0.0,8369.4
6536.02,100.0,21903.3,,,,,100.0,100.0,8371.1
6537.02,100.0,21861.7,,,,,100.0,100.0,8371.3
6538.02,100.0,21820.0,,,,,100.0,100.0,8371.3
6539.02,0.0,21820.0,,,,,0.0,0.0,8371.3
6540.02,100.0,21719.9,,,,,100.0,100.0,8348.6
6541.02,0.0,21761.5,,,,,0.0,0.0,8355.2
6542.02,100.0,21803.0,,,,,100.0,100.0,8366.2
6543.02,100.0,21803.0,,,,,100.0,100.0,8353.2
6544.02,100.0,21823.8,,,,,100.0,100.0,8364.5
6545.02,0.0,21878.6,,,,,0.0,0.0,8367.0
6546.02,100.0,21944.6,,,,,100.0,100.0,8369.5
6547.02,100.0,21903.3,,,,,100.0,100.0,8371.3
6548.02,100.0,21861.7,,,,,100.0,100.0,8371.5
6549.02,0.0,21861.7,,,,,0.0,0.0,8371.5
6550.02,100.0,21820.0,,,,,100.0,100.0,8371.5
6551.02,100.0,21719.8,,,,,100.0,100.0,8355.7
6552.02,0.0,21761.5,,,,,0.0,0.0,8348.7
6553.02,100.0,21761.5,,,,,100.0,100.0,8355.2
6554.02,100.0,21803.0,,,,,100.0,100.0,8347.3
6555.02,0.0,21844.6,,,,,0.0,0.0,8354.5
6556.02,100.0,21861.6,,,,,100.0,100.0,8365.5
6557.02,100.0,21944.6,,,,,100.0,100.0,8369.8
6558.02,100.0,21903.3,,,,,100.0,100.0,8371.6
6559.02,0.0,21903.3,,,,,0.0,0.0,8371.6
6560.02,100.0,21861.7,,,,,100.0,100.0,8371.8
6561.02,100.0,21820.0,,,,,100.0,100.0,8371.8
6562.02,100.0,21719.8,,,,,100.0,100.0,8371.9
6563.02,0.0,21719.9,,,,,0.0,0.0,8356.6
6564.02,100.0,21761.5,,,,,100.0,100.0,8366.1
6565.02,0.0,21803.0,,,,,0.0,0.0,8355.5
6566.02,100.0,21844.6,,,,,100.0,100.0,8367.6
6567.02,100.0,21844.6,,,,,100.0,100.0,8367.7
6568.02,100.0,21944.6,,,,,100.0,100.0,8370.1
6569.02,0.0,21944.6,,,,,0.0,0.0,8370.1
6570.03,100.0,21903.3,,,,,100.0,100.0,8371.9
6571.03,100.0,21861.7,,,,,100.0,100.0,8372.1
6572.03,100.0,21820.0,,,,,100.0,100.0,8372.1
6573.03,0.0,21820.0,,,,,0.0,0.0,8372.1
6574.03,100.0,21719.9,,,,,100.0,100.0,8347.2
6575.03,0.0,21761.5,,,,,0.0,0.0,8353.9
6576.03,100.0,21803.0,,,,,100.0,100.0,8367.1
6577.03,100.0,21803.0,,,,,100.0,100.0,8354.1
6578.03,100.0,21823.8,,,,,100.0,100.0,8363.5
6579.03,0.0,21878.6,,,,,0.0,0.0,8367.8
6580.03,100.0,21944.6,,,,,100.0,100.0,8370.3
6581.03,100.0,21903.3,,,,,100.0,100.0,8372.1
6582.03,100.0,21861.7,,,,,100.0,100.0,8372.3
6583.03,0.0,21861.7,,,,,0.0,0.0,8372.3
6584.03,100.0,21820.0,,,,,100.0,100.0,8372.3
6585.03,100.0,21719.8,,,,,100.0,100.0,8355.1
6586.03,0.0,21761.5,,,,,0.0,0.0,8347.2
6587.03,100.0,21761.5,,,,,100.0,100.0,8353.8
6588.03,100.0,21803.0,,,,,100.0,100.0,8346.6
6589.03,0.0,21844.6,,,,,0.0,0.0,8361.3
6590.03,100.0,21861.6,,,,,100.0,100.0,8362.6
6591.03,100.0,21944.6,,,,,100.0,100.0,8370.6
6592.03,100.0,21903.3,,,,,100.0,100.0,8372.3
6593.03,0.0,21903.3,,,,,0.0,0.0,8372.3
6594.03,100.0,21861.7,,,,,100.0,100.0,8372.5
6595.03,100.0,21820.0,,,,,100.0,100.0,8372.5
6596.03,100.0,21719.8,,,,,100.0,100.0,8372.6
6597.03,0.0,21719.9,,,,,0.0,0.0,8357.3
6598.03,100.0,21761.5,,,,,100.0,100.0,8367.3
6599.03,0.0,21803.0,,,,,0.0,0.0,8356.0
6600.03,100.0,21844.6,,,,,100.0,100.0,8368.4
6601.03,100.0,21844.6,,,,,100.0,100.0,8361.2
6602.03,100.0,21944.6,,,,,100.0,100.0,8370.9
6603.03,0.0,21944.6,,,,,0.0,0.0,8370.9
6604.03,100.0,21903.3,,,,,100.0,100.0,8372.5
6605.03,100.0,21861.7,,,,,100.0,100.0,8372.7
6606.03,100.0,21820.0,,,,,100.0,100.0,8372.7
6607.03,0.0,21820.0,,,,,0.0,0.0,8372.7
6608.03,100.0,21719.9,,,,,100.0,100.0,8366.8
6609.03,0.0,21761.5,,,,,0.0,0.0,8354.8
6610.03,100.0,21803.0,,,,,100.0,100.0,8367.5
6611.03,100.0,21803.0,,,,,100.0,100.0,8354.9
6612.03,100.0,21823.8,,,,,100.0,100.0,8366.6
6613.03,0.0,21878.6,,,,,0.0,0.0,8368.5
6614.03,100.0,21944.6,,,,,100.0,100.0,8371.1
6615.03,100.0,21903.3,,,,,100.0,100.0,8372.7
6616.03,100.0,21861.7,,,,,100.0,100.0,8372.9
6617.03,0.0,21861.7,,,,,0.0,0.0,8372.9
6618.03,100.0,21820.0,,,,,100.0,100.0,8372.9
6619.03,100.0,21719.8,,,,,100.0,100.0,8354.7
6620.03,0.0,21761.5,,,,,0.0,0.0,8347.8
6621.03,100.0,21761.5,,,,,100.0,100.0,8353.6
6622.03,100.0,21803.0,,,,,100.0,100.0,8367.9
6623.03,0.0,21844.6,,,,,0.0,0.0,8353.2
6624.03,100.0,21844.6,,,,,100.0,100.0,8360.5
6625.03,100.0,21944.6,,,,,100.0,100.0,8371.3
6626.03,100.0,21903.3,,,,,100.0,100.0,8372.9
6627.03,0.0,21903.3,,,,,0.0,0.0,8372.9
6628.03,100.0,21861.7,,,,,100.0,100.0,8373.1
6629.03,100.0,21820.0,,,,,100.0,100.0,8373.1
6630.03,100.0,21719.8,,,,,100.0,100.0,8373.3
6631.03,0.0,21719.9,,,,,0.0,0.0,8356.7
6632.03,100.0,21761.5,,,,,100.0,100.0,8368.1
6633.03,0.0,21803.0,,,,,0.0,0.0,8359.8
6634.03,100.0,21844.6,,,,,100.0,100.0,8358.5
6635.04,100.0,21844.6,,,,,100.0,100.0,8361.7
6636.04,100.0,21944.6,,,,,100.0,100.0,8371.4
6637.04,0.0,21944.6,,,,,0.0,0.0,8371.4
6638.04,100.0,21903.3,,,,,100.0,100.0,8373.2
6639.04,100.0,21861.7,,,,,100.0,100.0,8373.4
6640.04,100.0,21820.0,,,,,100.0,100.0,8373.4
6641.04,0.0,21820.0,,,,,0.0,0.0,8373.4
6642.04,100.0,21719.9,,,,,100.0,100.0,8367.5
6643.04,0.0,21761.5,,,,,0.0,0.0,8356.3
6644.04,100.0,21803.0,,,,,100.0,100.0,8368.3
6645.04,100.0,21803.0,,,,,100.0,100.0,8354.7
6646.04,100.0,21823.8,,,,,100.0,100.0,8363.9
6647.04,0.0,21878.6,,,,,0.0,0.0,8369.0
6648.04,100.0,21944.6,,,,,100.0,100.0,8371.6
6649.04,100.0,21903.3,,,,,100.0,100.0,8373.4
6650.04,100.0,21861.7,,,,,100.0,100.0,8373.5
6651.04,0.0,21861.7,,,,,0.0,0.0,8373.5
6652.04,100.0,21820.0,,,,,100.0,100.0,8373.5
6653.04,100.0,21719.8,,,,,100.0,100.0,8355.0
6654.04,0.0,21761.5,,,,,0.0,0.0,8348.3
6655.04,100.0,21761.5,,,,,100.0,100.0,8354.4
6656.04,100.0,21782.3,,,,,100.0,100.0,8366.5
6657.04,0.0,21844.6,,,,,0.0,0.0,8352.7
6658.04,100.0,21844.6,,,,,100.0,100.0,8360.3
6659.04,100.0,21944.6,,,,,100.0,100.0,8372.0
6660.04,100.0,21903.3,,,,,100.0,100.0,8373.6
6661.04,0.0,21903.3,,,,,0.0,0.0,8373.6
6662.04,100.0,21861.7,,,,,100.0,100.0,8373.8
6663.04,100.0,21820.0,,,,,100.0,100.0,8373.8
6664.04,100.0,21719.8,,,,,100.0,100.0,8373.9
6665.04,0.0,21719.9,,,,,0.0,0.0,8355.7
6666.04,100.0,21761.5,,,,,100.0,100.0,8368.5
6667.04,0.0,21803.0,,,,,0.0,0.0,8362.3
6668.04,100.0,21823.8,,,,,100.0,100.0,8354.1
6669.04,100.0,21844.6,,,,,100.0,100.0,8361.6
6670.04,100.0,21944.6,,,,,100.0,100.0,8372.2
6671.04,0.0,21944.6,,,,,0.0,0.0,8372.2
6672.04,100.0,21903.3,,,,,100.0,100.0,8373.8
6673.04,100.0,21861.7,,,,,100.0,100.0,8374.0
6674.04,100.0,21820.0,,,,,100.0,100.0,8374.0
6675.04,0.0,21820.0,,,,,0.0,0.0,8374.0
6676.04,100.0,21719.9,,,,,100.0,100.0,8368.2
6677.04,0.0,21761.5,,,,,0.0,0.0,8355.7
6678.04,100.0,21782.3,,,,,100.0,100.0,8366.9
6679.04,100.0,21803.0,,,,,100.0,100.0,8353.5
6680.04,100.0,21823.8,,,,,100.0,100.0,8363.9
6681.04,0.0,21878.6,,,,,0.0,0.0,8369.8
6682.04,100.0,21944.6,,,,,100.0,100.0,8372.5
6683.04,100.0,21903.3,,,,,100.0,100.0,8374.1
6684.04,100.0,21861.7,,,,,100.0,100.0,8374.3
6685.04,0.0,21861.7,,,,,0.0,0.0,8374.3
6686.04,100.0,21820.0,,,,,100.0,100.0,8374.3
6687.04,100.0,21719.8,,,,,100.0,100.0,8354.4
6688.04,0.0,21761.5,,,,,0.0,0.0,8368.6
6689.04,100.0,21761.5,,,,,100.0,100.0,8355.1
6690.04,100.0,21803.0,,,,,100.0,100.0,8369.4
6691.04,0.0,21844.6,,,,,0.0,0.0,8356.1
6692.04,100.0,21844.6,,,,,100.0,100.0,8364.3
6693.04,100.0,21944.6,,,,,100.0,100.0,8372.8
6694.04,100.0,21903.3,,,,,100.0,100.0,8374.3
6695.04,0.0,21903.3,,,,,0.0,0.0,8374.3
6696.04,100.0,21861.7,,,,,100.0,100.0,8374.5
6697.04,100.0,21820.0,,,,,100.0,100.0,8374.5
6698.04,100.0,21719.8,,,,,100.0,100.0,8374.6
6699.04,0.0,21719.9,,,,,0.0,0.0,8354.1
6700.05,100.0,21761.5,,,,,100.0,100.0,8348.3
6701.05,0.0,21803.0,,,,,0.0,0.0,8354.9
6702.05,100.0,21844.6,,,,,100.0,100.0,8370.2
6703.05,100.0,21844.6,,,,,100.0,100.0,8353.8
6704.05,100.0,21944.6,,,,,100.0,100.0,8372.8
6705.05,0.0,21944.6,,,,,0.0,0.0,8372.8
6706.05,100.0,21903.3,,,,,100.0,100.0,8374.6
6707.05,100.0,21861.7,,,,,100.0,100.0,8374.8
6708.05,100.0,21820.0,,,,,100.0,100.0,8374.8
6709.05,0.0,21820.0,,,,,0.0,0.0,8374.8
6710.05,100.0,21719.9,,,,,100.0,100.0,8369.1
6711.05,0.0,21761.5,,,,,0.0,0.0,8356.8
6712.05,100.0,21803.0,,,,,100.0,100.0,8369.8
6713.05,100.0,21803.0,,,,,100.0,100.0,8370.0
6714.05,100.0,21803.0,,,,,100.0,100.0,8362.8
6715.05,0.0,21844.6,,,,,0.0,0.0,8363.3
6716.05,100.0,21944.6,,,,,100.0,100.0,8372.5
6717.05,100.0,21903.3,,,,,100.0,100.0,8374.1
6718.05,100.0,21861.7,,,,,100.0,100.0,8374.3
6719.05,0.0,21861.7,,,,,0.0,0.0,8374.3
6720.05,100.0,21820.0,,,,,100.0,100.0,8374.3
6721.05,100.0,21719.8,,,,,100.0,100.0,8354.3
6722.05,0.0,21761.5,,,,,0.0,0.0,8368.2
6723.05,100.0,21761.5,,,,,100.0,100.0,8354.6
6724.05,100.0,21778.5,,,,,100.0,100.0,8363.7
6725.05,0.0,21844.6,,,,,0.0,0.0,8353.6
6726.05,100.0,21844.6,,,,,100.0,100.0,8358.5
6727.05,100.0,21944.6,,,,,100.0,100.0,8372.4
6728.05,100.0,21903.3,,,,,100.0,100.0,8374.1
6729.05,0.0,21903.3,,,,,0.0,0.0,8374.1
6730.05,100.0,21861.7,,,,,100.0,100.0,8374.3
6731.05,100.0,21820.0,,,,,100.0,100.0,8374.3
6732.05,100.0,21719.8,,,,,100.0,100.0,8374.4
6733.05,0.0,21719.9,,,,,0.0,0.0,8362.2
6734.05,100.0,21761.5,,,,,100.0,100.0,8358.8
6735.05,0.0,21803.0,,,,,0.0,0.0,8362.7
6736.05,100.0,21803.0,,,,,100.0,100.0,8365.7
6737.05,100.0,21844.6,,,,,100.0,100.0,8354.7
6738.05,100.0,21944.6,,,,,100.0,100.0,8372.8
6739.05,0.0,21944.6,,,,,0.0,0.0,8372.8
6740.05,100.0,21903.3,,,,,100.0,100.0,8374.4
6741.05,100.0,21861.7,,,,,100.0,100.0,8374.6
6742.05,100.0,21820.0,,,,,100.0,100.0,8374.6
6743.05,0.0,21820.0,,,,,0.0,0.0,8374.6
6744.05,100.0,21719.9,,,,,100.0,100.0,8368.6
6745.05,0.0,21761.5,,,,,0.0,0.0,8356.6
6746.05,100.0,21782.3,,,,,100.0,100.0,8367.0
6747.05,100.0,21803.0,,,,,100.0,100.0,8369.6
6748.05,100.0,21803.0,,,,,100.0,100.0,8360.7
6749.05,0.0,21878.6,,,,,0.0,0.0,8370.2
6750.05,100.0,21944.6,,,,,100.0,100.0,8372.9
6751.05,100.0,21903.3,,,,,100.0,100.0,8374.6
6752.05,100.0,21861.7,,,,,100.0,100.0,8374.8
6753.05,0.0,21861.7,,,,,0.0,0.0,8374.8
6754.05,100.0,21820.0,,,,,100.0,100.0,8374.8
6755.05,100.0,21719.8,,,,,100.0,100.0,8355.6
6756.05,0.0,21761.5,,,,,0.0,0.0,8369.1
6757.05,100.0,21761.5,,,,,100.0,100.0,8356.5
6758.05,100.0,21782.3,,,,,100.0,100.0,8365.6
6759.05,0.0,21844.6,,,,,0.0,0.0,8354.4
6760.05,100.0,21844.6,,,,,100.0,100.0,8360.5
6761.05,100.0,21944.6,,,,,100.0,100.0,8373.3
6762.05,100.0,21903.3,,,,,100.0,100.0,8374.9
6763.05,0.0,21903.3,,,,,0.0,0.0,8374.9
6764.05,100.0,21861.7,,,,,100.0,100.0,8375.1
6765.05,100.0,21820.0,,,,,100.0,100.0,8375.1
6766.06,100.0,21719.8,,,,,100.0,100.0,8375.2
6767.06,0.0,21719.9,,,,,0.0,0.0,8356.0
6768.06,100.0,21761.5,,,,,100.0,100.0,8369.3
6769.06,0.0,21803.0,,,,,0.0,0.0,8355.8
6770.06,100.0,21803.0,,,,,100.0,100.0,8364.4
6771.06,100.0,21844.6,,,,,100.0,100.0,8354.6
6772.06,100.0,21944.6,,,,,100.0,100.0,8373.4
6773.06,0.0,21944.6,,,,,0.0,0.0,8373.4
6774.06,100.0,21903.3,,,,,100.0,100.0,8375.1
6775.06,100.0,21861.7,,,,,100.0,100.0,8375.3
6776.06,100.0,21820.0,,,,,100.0,100.0,8375.3
6777.06,0.0,21820.0,,,,,0.0,0.0,8375.3
6778.06,100.0,21719.9,,,,,100.0,100.0,8369.5
6779.06,0.0,21761.5,,,,,0.0,0.0,8357.5
6780.06,100.0,21803.0,,,,,100.0,100.0,8370.4
6781.06,100.0,21803.0,,,,,100.0,100.0,8370.4
6782.06,100.0,21803.0,,,,,100.0,100.0,8365.8
6783.06,0.0,21878.6,,,,,0.0,0.0,8371.3
6784.06,100.0,21944.6,,,,,100.0,100.0,8373.8
6785.06,100.0,21903.3,,,,,100.0,100.0,8375.5
6786.06,100.0,21861.7,,,,,100.0,100.0,8375.7
6787.06,0.0,21861.7,,,,,0.0,0.0,8375.7
6788.06,100.0,21820.0,,,,,100.0,100.0,8375.7
6789.06,100.0,21719.8,,,,,100.0,100.0,8356.4
6790.06,0.0,21761.5,,,,,0.0,0.0,8369.9
6791.06,100.0,21761.5,,,,,100.0,100.0,8356.9
6792.06,100.0,21782.3,,,,,100.0,100.0,8368.7
6793.06,0.0,21844.6,,,,,0.0,0.0,8371.5
6794.06,100.0,21844.6,,,,,100.0,100.0,8364.6
6795.06,100.0,21944.6,,,,,100.0,100.0,8374.0
6796.06,100.0,21903.3,,,,,100.0,100.0,8375.7
6797.06,0.0,21903.3,,,,,0.0,0.0,8375.7
6798.06,100.0,21861.7,,,,,100.0,100.0,8375.9
6799.06,100.0,21820.0,,,,,100.0,100.0,8375.9
6800.06,100.0,21719.8,,,,,100.0,100.0,8376.0
6801.06,0.0,21719.9,,,,,0.0,0.0,8357.1
6802.06,100.0,21740.7,,,,,100.0,100.0,8369.6
6803.06,0.0,21803.0,,,,,0.0,0.0,8356.7
6804.06,100.0,21823.8,,,,,100.0,100.0,8365.5
6805.06,100.0,21844.6,,,,,100.0,100.0,8355.4
6806.06,100.0,21944.6,,,,,100.0,100.0,8374.3
6807.06,0.0,21944.6,,,,,0.0,0.0,8374.3
6808.06,100.0,21903.3,,,,,100.0,100.0,8376.0
6809.06,100.0,21861.7,,,,,100.0,100.0,8376.2
6810.06,100.0,21820.0,,,,,100.0,100.0,8376.2
6811.06,0.0,21820.0,,,,,0.0,0.0,8376.2
6812.06,100.0,21719.9,,,,,100.0,100.0,8370.3
6813.06,0.0,21761.5,,,,,0.0,0.0,8370.4
6814.06,100.0,21761.5,,,,,100.0,100.0,8366.2
6815.06,100.0,21803.0,,,,,100.0,100.0,8371.3
6816.06,100.0,21803.0,,,,,100.0,100.0,8361.9
6817.06,0.0,21878.6,,,,,0.0,0.0,8371.6
6818.06,100.0,21944.6,,,,,100.0,100.0,8374.5
6819.06,100.0,21903.3,,,,,100.0,100.0,8376.2
6820.06,100.0,21861.7,,,,,100.0,100.0,8376.4
6821.06,0.0,21861.7,,,,,0.0,0.0,8376.4
6822.06,100.0,21820.0,,,,,100.0,100.0,8376.4
6823.06,100.0,21719.8,,,,,100.0,100.0,8357.3
6824.06,0.0,21761.5,,,,,0.0,0.0,8370.6
6825.06,100.0,21761.5,,,,,100.0,100.0,8358.3
6826.06,100.0,21782.3,,,,,100.0,100.0,8368.9
6827.06,0.0,21844.6,,,,,0.0,0.0,8372.3
6828.06,100.0,21844.6,,,,,100.0,100.0,8362.4
6829.06,100.0,21944.6,,,,,100.0,100.0,8374.8
6830.06,100.0,21903.3,,,,,100.0,100.0,8376.4
6831.06,0.0,21903.3,,,,,0.0,0.0,8376.4
6832.06,100.0,21861.7,,,,,100.0,100.0,8376.6
6833.07,100.0,21820.0,,,,,100.0,100.0,8376.6
6834.07,100.0,21719.8,,,,,100.0,100.0,8376.7
6835.07,0.0,21719.9,,,,,0.0,0.0,8356.7
6836.07,100.0,21761.5,,,,,100.0,100.0,8371.1
6837.07,0.0,21803.0,,,,,0.0,0.0,8358.3
6838.07,100.0,21803.0,,,,,100.0,100.0,8366.3
6839.07,100.0,21844.6,,,,,100.0,100.0,8356.6
6840.07,100.0,21944.6,,,,,100.0,100.0,8374.9
6841.07,0.0,21944.6,,,,,0.0,0.0,8374.9
6842.07,100.0,21903.3,,,,,100.0,100.0,8376.7
6843.07,100.0,21861.7,,,,,100.0,100.0,8376.8
6844.07,100.0,21820.0,,,,,100.0,100.0,8376.8
6845.07,0.0,21820.0,,,,,0.0,0.0,8376.8
6846.07,100.0,21719.9,,,,,100.0,100.0,8370.9
6847.07,0.0,21761.5,,,,,0.0,0.0,8371.2
6848.07,100.0,21761.5,,,,,100.0,100.0,8366.4
6849.07,100.0,21803.0,,,,,100.0,100.0,8372.0
6850.07,100.0,21803.0,,,,,100.0,100.0,8362.6
6851.07,0.0,21878.6,,,,,0.0,0.0,8372.6
6852.07,100.0,21944.6,,,,,100.0,100.0,8375.3
6853.07,100.0,21903.3,,,,,100.0,100.0,8376.9
6854.07,100.0,21861.7,,,,,100.0,100.0,8377.1
6855.07,0.0,21861.7,,,,,0.0,0.0,8377.1
6856.07,100.0,21820.0,,,,,100.0,100.0,8377.1
6857.07,100.0,21719.8,,,,,100.0,100.0,8356.9
6858.07,0.0,21740.7,,,,,0.0,0.0,8368.1
6859.07,100.0,21761.5,,,,,100.0,100.0,8355.6
6860.07,100.0,21761.5,,,,,100.0,100.0,8363.9
6861.07,0.0,21844.6,,,,,0.0,0.0,8372.9
6862.07,100.0,21844.6,,,,,100.0,100.0,8361.7
6863.07,100.0,21944.6,,,,,100.0,100.0,8375.5
6864.07,100.0,21903.1,,,,,100.0,100.0,8376.9
6865.07,0.0,21903.3,,,,,0.0,0.0,8377.1
6866.07,100.0,21861.7,,,,,100.0,100.0,8377.3
6867.07,100.0,21820.0,,,,,100.0,100.0,8377.3
6868.07,0.0,21820.0,,,,,0.0,0.0,8377.3
6869.07,100.0,21719.9,,,,,100.0,100.0,8356.6
6870.07,100.0,21719.9,,,,,100.0,100.0,8369.3
6871.07,0.0,21803.0,,,,,0.0,0.0,8357.8
6872.07,100.0,21803.0,,,,,100.0,100.0,8363.6
6873.07,100.0,21844.6,,,,,100.0,100.0,8373.1
6874.07,0.0,21878.6,,,,,0.0,0.0,8373.0
6875.07,100.0,21944.6,,,,,100.0,100.0,8375.6
6876.07,100.0,21903.3,,,,,100.0,100.0,8377.4
6877.07,100.0,21861.7,,,,,100.0,100.0,8377.5
6878.07,0.0,21861.7,,,,,0.0,0.0,8377.5
6879.07,100.0,21820.0,,,,,100.0,100.0,8377.5
6880.07,100.0,21702.9,,,,,100.0,100.0,8370.8
6881.07,0.0,21761.5,,,,,0.0,0.0,8371.8
6882.07,100.0,21761.5,,,,,100.0,100.0,8366.2
6883.07,100.0,21803.0,,,,,100.0,100.0,8364.2
6884.07,0.0,21844.6,,,,,0.0,0.0,8362.7
6885.07,100.0,21861.6,,,,,100.0,100.0,8371.5
6886.07,100.0,21944.6,,,,,100.0,100.0,8375.8
6887.07,100.0,21903.3,,,,,100.0,100.0,8377.5
6888.07,0.0,21903.3,,,,,0.0,0.0,8377.5
6889.07,100.0,21861.7,,,,,100.0,100.0,8377.7
6890.07,100.0,21820.0,,,,,100.0,100.0,8377.7
6891.07,100.0,21719.8,,,,,100.0,100.0,8356.9
6892.07,0.0,21740.7,,,,,0.0,0.0,8367.7
6893.07,100.0,21761.5,,,,,100.0,100.0,8372.1
6894.07,0.0,21803.0,,,,,0.0,0.0,8362.7
6895.07,100.0,21844.6,,,,,100.0,100.0,8373.6
6896.07,100.0,21844.6,,,,,100.0,100.0,8360.7
6897.07,100.0,21944.6,,,,,100.0,100.0,8376.1
6898.08,0.0,21944.6,,,,,0.0,0.0,8376.1
6899.08,100.0,21903.3,,,,,100.0,100.0,8377.8
6900.08,100.0,21861.7,,,,,100.0,100.0,8378.0
6901.08,100.0,21820.0,,,,,100.0,100.0,8378.0
6902.08,0.0,21820.0,,,,,0.0,0.0,8378.0
6903.08,100.0,21719.9,,,,,100.0,100.0,8357.3
6904.08,0.0,21761.5,,,,,0.0,0.0,8365.7
6905.08,100.0,21803.0,,,,,100.0,100.0,8356.2
6906.08,100.0,21803.0,,,,,100.0,100.0,8360.6
6907.08,100.0,21823.8,,,,,100.0,100.0,8371.7
6908.08,0.0,21878.6,,,,,0.0,0.0,8373.8
6909.08,100.0,21944.6,,,,,100.0,100.0,8376.4
6910.08,100.0,21903.3,,,,,100.0,100.0,8378.1
6911.08,100.0,21861.7,,,,,100.0,100.0,8378.2
6912.08,0.0,21861.7,,,,,0.0,0.0,8378.2
6913.08,100.0,21820.0,,,,,100.0,100.0,8378.3
6914.08,100.0,21719.8,,,,,100.0,100.0,8368.4
6915.08,0.0,21761.5,,,,,0.0,0.0,8372.9
6916.08,100.0,21761.5,,,,,100.0,100.0,8363.7
6917.08,100.0,21803.0,,,,,100.0,100.0,8364.5
6918.08,0.0,21844.6,,,,,0.0,0.0,8368.2
6919.08,100.0,21878.6,,,,,100.0,100.0,8374.1
6920.08,100.0,21944.6,,,,,100.0,100.0,8377.0
6921.08,100.0,21903.3,,,,,100.0,100.0,8378.5
6922.08,0.0,21903.3,,,,,0.0,0.0,8378.5
6923.08,100.0,21861.7,,,,,100.0,100.0,8378.6
6924.08,100.0,21820.0,,,,,100.0,100.0,8378.6
6925.08,100.0,21719.8,,,,,100.0,100.0,8357.6
6926.08,0.0,21719.9,,,,,0.0,0.0,8367.7
6927.08,100.0,21761.5,,,,,100.0,100.0,8373.1
6928.08,0.0,21803.0,,,,,0.0,0.0,8363.5
6929.08,100.0,21844.6,,,,,100.0,100.0,8374.7
6930.08,100.0,21844.6,,,,,100.0,100.0,8362.1
6931.08,100.0,21944.6,,,,,100.0,100.0,8377.1
6932.08,0.0,21944.6,,,,,0.0,0.0,8377.1
6933.08,100.0,21903.3,,,,,100.0,100.0,8378.8
6934.08,100.0,21861.7,,,,,100.0,100.0,8378.9
6935.08,100.0,21820.0,,,,,100.0,100.0,8378.9
6936.08,0.0,21820.0,,,,,0.0,0.0,8378.9
6937.08,100.0,21719.9,,,,,100.0,100.0,8358.0
6938.08,0.0,21761.5,,,,,0.0,0.0,8367.6
6939.08,100.0,21803.0,,,,,100.0,100.0,8355.8
6940.08,100.0,21803.0,,,,,100.0,100.0,8362.5
6941.08,100.0,21844.6,,,,,100.0,100.0,8374.8
6942.08,0.0,21878.6,,,,,0.0,0.0,8374.8
6943.08,100.0,21944.6,,,,,100.0,100.0,8377.3
6944.08,100.0,21903.3,,,,,100.0,100.0,8379.0
6945.08,100.0,21861.7,,,,,100.0,100.0,8379.2
6946.08,0.0,21861.7,,,,,0.0,0.0,8379.2
6947.08,100.0,21820.0,,,,,100.0,100.0,8379.2
6948.08,100.0,21719.8,,,,,100.0,100.0,8368.3
6949.08,0.0,21761.5,,,,,0.0,0.0,8365.6
6950.08,100.0,21761.5,,,,,100.0,100.0,8364.2
6951.08,100.0,21803.0,,,,,100.0,100.0,8365.2
6952.08,0.0,21844.6,,,,,0.0,0.0,8369.6
6953.08,100.0,21861.6,,,,,100.0,100.0,8373.3
6954.08,100.0,21944.6,,,,,100.0,100.0,8377.7
6955.08,100.0,21903.3,,,,,100.0,100.0,8379.3
6956.08,0.0,21903.3,,,,,0.0,0.0,8379.3
6957.08,100.0,21861.7,,,,,100.0,100.0,8379.4
6958.08,100.0,21820.0,,,,,100.0,100.0,8379.4
6959.08,100.0,21719.8,,,,,100.0,100.0,8357.3
6960.08,0.0,21719.9,,,,,0.0,0.0,8363.9
6961.08,100.0,21761.5,,,,,100.0,100.0,8373.7
6962.08,0.0,21803.0,,,,,0.0,0.0,8362.3
6963.09,100.0,21823.8,,,,,100.0,100.0,8374.3
6964.09,100.0,21844.6,,,,,100.0,100.0,8360.9
6965.09,100.0,21944.6,,,,,100.0,100.0,8377.7
6966.09,0.0,21944.6,,,,,0.0,0.0,8377.7
6967.09,100.0,21903.3,,,,,100.0,100.0,8379.2
6968.09,100.0,21861.7,,,,,100.0,100.0,8379.4
6969.09,100.0,21820.0,,,,,100.0,100.0,8379.4
6970.09,0.0,21820.0,,,,,0.0,0.0,8379.4
6971.09,100.0,21719.9,,,,,100.0,100.0,8356.4
6972.09,0.0,21761.5,,,,,0.0,0.0,8364.1
6973.09,100.0,21803.0,,,,,100.0,100.0,8374.3
6974.09,100.0,21803.0,,,,,100.0,100.0,8361.3
6975.09,100.0,21823.8,,,,,100.0,100.0,8372.8
6976.09,0.0,21878.6,,,,,0.0,0.0,8375.1
6977.09,100.0,21944.6,,,,,100.0,100.0,8377.6
6978.09,100.0,21903.3,,,,,100.0,100.0,8379.3
6979.09,100.0,21861.7,,,,,100.0,100.0,8379.4
6980.09,0.0,21861.7,,,,,0.0,0.0,8379.4
6981.09,100.0,21820.0,,,,,100.0,100.0,8379.4
6982.09,100.0,21719.8,,,,,100.0,100.0,8365.8
6983.09,0.0,21761.5,,,,,0.0,0.0,8365.7
6984.09,100.0,21761.5,,,,,100.0,100.0,8361.9
6985.09,100.0,21803.0,,,,,100.0,100.0,8374.2
6986.09,0.0,21844.6,,,,,0.0,0.0,8368.2
6987.09,100.0,21861.6,,,,,100.0,100.0,8370.1
6988.09,100.0,21944.6,,,,,100.0,100.0,8377.6
6989.09,100.0,21903.3,,,,,100.0,100.0,8379.2
6990.09,0.0,21903.3,,,,,0.0,0.0,8379.2
6991.09,100.0,21861.7,,,,,100.0,100.0,8379.4
6992.09,100.0,21820.0,,,,,100.0,100.0,8379.4
6993.09,100.0,21719.8,,,,,100.0,100.0,8379.6
6994.09,0.0,21719.9,,,,,0.0,0.0,8364.9
6995.09,100.0,21761.5,,,,,100.0,100.0,8373.6
6996.09,0.0,21803.0,,,,,0.0,0.0,8362.7
6997.09,100.0,21823.8,,,,,100.0,100.0,8374.1
6998.09,100.0,21844.6,,,,,100.0,100.0,8375.2
6999.09,100.0,21944.6,,,,,100.0,100.0,8377.7
7000.09,0.0,21944.6,,,,,0.0,0.0,8377.7
7001.09,100.0,21903.3,,,,,100.0,100.0,8379.3
7002.09,100.0,21861.7,,,,,100.0,100.0,8379.5
7003.09,100.0,21820.0,,,,,100.0,100.0,8379.5
7004.09,0.0,21820.0,,,,,0.0,0.0,8379.5
7005.09,100.0,21719.9,,,,,100.0,100.0,8355.9
7006.09,0.0,21761.5,,,,,0.0,0.0,8363.9
7007.09,100.0,21803.0,,,,,100.0,100.0,8374.5
7008.09,100.0,21803.0,,,,,100.0,100.0,8362.2
7009.09,100.0,21844.6,,,,,100.0,100.0,8375.2
7010.09,0.0,21878.6,,,,,0.0,0.0,8375.3
7011.09,100.0,21944.6,,,,,100.0,100.0,8377.8
7012.09,100.0,21903.3,,,,,100.0,100.0,8379.3
7013.09,100.0,21861.7,,,,,100.0,100.0,8379.5
7014.09,0.0,21861.7,,,,,0.0,0.0,8379.5
7015.09,100.0,21820.0,,,,,100.0,100.0,8379.5
7016.09,100.0,21719.8,,,,,100.0,100.0,8361.9
7017.09,0.0,21761.5,,,,,0.0,0.0,8354.9
7018.09,100.0,21761.5,,,,,100.0,100.0,8361.6
7019.09,100.0,21803.0,,,,,100.0,100.0,8364.9
7020.09,0.0,21844.6,,,,,0.0,0.0,8361.2
7021.09,100.0,21861.6,,,,,100.0,100.0,8373.2
7022.09,100.0,21944.6,,,,,100.0,100.0,8377.6
7023.09,100.0,21903.3,,,,,100.0,100.0,8379.2
7024.09,0.0,21903.3,,,,,0.0,0.0,8379.2
7025.09,100.0,21861.7,,,,,100.0,100.0,8379.4
7026.09,100.0,21820.0,,,,,100.0,100.0,8379.4
7027.09,100.0,21719.8,,,,,100.0,100.0,8379.5
7028.09,0.0,21719.9,,,,,0.0,0.0,8363.1
7029.1,100.0,21761.5,,,,,100.0,100.0,8373.7
7030.1,0.0,21803.0,,,,,0.0,0.0,8362.2
7031.1,100.0,21823.8,,,,,100.0,100.0,8373.2
7032.1,100.0,21844.6,,,,,100.0,100.0,8368.4
7033.1,100.0,21944.6,,,,,100.0,100.0,8377.7
7034.1,0.0,21944.6,,,,,0.0,0.0,8377.7
7035.1,100.0,21903.3,,,,,100.0,100.0,8379.3
7036.1,100.0,21861.7,,,,,100.0,100.0,8379.5
7037.1,100.0,21820.0,,,,,100.0,100.0,8379.5
7038.1,0.0,21820.0,,,,,0.0,0.0,8379.5
7039.1,100.0,21719.9,,,,,100.0,100.0,8354.4
7040.1,0.0,21761.5,,,,,0.0,0.0,8361.3
7041.1,100.0,21803.0,,,,,100.0,100.0,8374.3
7042.1,100.0,21803.0,,,,,100.0,100.0,8360.2
7043.1,100.0,21803.0,,,,,100.0,100.0,8371.6
7044.1,0.0,21878.6,,,,,0.0,0.0,8375.1
7045.1,100.0,21944.6,,,,,100.0,100.0,8377.5
7046.1,100.0,21903.3,,,,,100.0,100.0,8379.2
7047.1,100.0,21861.7,,,,,100.0,100.0,8379.4
7048.1,0.0,21861.7,,,,,0.0,0.0,8379.4
7049.1,100.0,21820.0,,,,,100.0,100.0,8379.4
7050.1,100.0,21719.8,,,,,100.0,100.0,8360.1
7051.1,0.0,21761.5,,,,,0.0,0.0,8364.3
7052.1,100.0,21761.5,,,,,100.0,100.0,8367.5
7053.1,100.0,21782.3,,,,,100.0,100.0,8372.2
7054.1,0.0,21844.6,,,,,0.0,0.0,8367.6
7055.1,100.0,21844.6,,,,,100.0,100.0,8368.4
7056.1,100.0,21944.6,,,,,100.0,100.0,8377.7
7057.1,100.0,21903.3,,,,,100.0,100.0,8379.3
7058.1,0.0,21903.3,,,,,0.0,0.0,8379.3
7059.1,100.0,21861.7,,,,,100.0,100.0,8379.4
7060.1,100.0,21820.0,,,,,100.0,100.0,8379.4
7061.1,100.0,21719.8,,,,,100.0,100.0,8379.4
7062.1,0.0,21719.9,,,,,0.0,0.0,8362.1
7063.1,100.0,21761.5,,,,,100.0,100.0,8373.8
7064.1,0.0,21803.0,,,,,0.0,0.0,8361.1
7065.1,100.0,21823.8,,,,,100.0,100.0,8372.8
7066.1,100.0,21844.6,,,,,100.0,100.0,8375.2
7067.1,100.0,21944.6,,,,,100.0,100.0,8377.7
7068.1,0.0,21944.6,,,,,0.0,0.0,8377.7
7069.1,100.0,21903.3,,,,,100.0,100.0,8379.3
7070.1,100.0,21861.7,,,,,100.0,100.0,8379.5
7071.1,100.0,21820.0,,,,,100.0,100.0,8379.5
7072.1,0.0,21820.0,,,,,0.0,0.0,8379.5
7073.1,100.0,21719.9,,,,,100.0,100.0,8373.7
7074.1,0.0,21761.5,,,,,0.0,0.0,8361.7
7075.1,100.0,21803.0,,,,,100.0,100.0,8374.6
7076.1,100.0,21803.0,,,,,100.0,100.0,8360.8
7077.1,100.0,21803.0,,,,,100.0,100.0,8371.1
7078.1,0.0,21878.6,,,,,0.0,0.0,8375.1
7079.1,100.0,21944.6,,,,,100.0,100.0,8377.6
7080.1,100.0,21903.3,,,,,100.0,100.0,8379.2
7081.1,100.0,21861.7,,,,,100.0,100.0,8379.3
7082.1,0.0,21861.7,,,,,0.0,0.0,8379.3
7083.1,100.0,21820.0,,,,,100.0,100.0,8379.3
7084.1,100.0,21719.8,,,,,100.0,100.0,8360.6
7085.1,0.0,21761.5,,,,,0.0,0.0,8354.1
7086.1,100.0,21761.5,,,,,100.0,100.0,8360.0
7087.1,100.0,21803.0,,,,,100.0,100.0,8374.4
7088.1,0.0,21844.6,,,,,0.0,0.0,8360.2
7089.1,100.0,21844.6,,,,,100.0,100.0,8368.8
7090.1,100.0,21944.6,,,,,100.0,100.0,8377.6
7091.1,100.0,21903.3,,,,,100.0,100.0,8379.2
7092.1,0.0,21903.3,,,,,0.0,0.0,8379.2
7093.1,100.0,21861.7,,,,,100.0,100.0,8379.4
7094.1,100.0,21820.0,,,,,100.0,100.0,8379.4
7095.11,100.0,21719.8,,,,,100.0,100.0,8379.4
7096.11,0.0,21719.9,,,,,0.0,0.0,8361.7
7097.11,100.0,21761.5,,,,,100.0,100.0,8373.7
7098.11,0.0,21803.0,,,,,0.0,0.0,8374.5
7099.11,100.0,21823.8,,,,,100.0,100.0,8371.0
7100.11,100.0,21844.6,,,,,100.0,100.0,8375.1
7101.11,100.0,21944.6,,,,,100.0,100.0,8377.4
7102.11,0.0,21944.6,,,,,0.0,0.0,8377.4
7103.11,100.0,21903.3,,,,,100.0,100.0,8379.2
7104.11,100.0,21861.7,,,,,100.0,100.0,8379.4
7105.11,100.0,21820.0,,,,,100.0,100.0,8379.4
7106.11,0.0,21820.0,,,,,0.0,0.0,8379.4
7107.11,100.0,21719.9,,,,,100.0,100.0,8373.5
7108.11,0.0,21761.5,,,,,0.0,0.0,8362.0
7109.11,100.0,21803.0,,,,,100.0,100.0,8374.3
7110.11,100.0,21803.0,,,,,100.0,100.0,8361.4
7111.11,100.0,21803.0,,,,,100.0,100.0,8372.3
7112.11,0.0,21878.6,,,,,0.0,0.0,8375.2
7113.11,100.0,21944.6,,,,,100.0,100.0,8377.8
7114.11,100.0,21903.3,,,,,100.0,100.0,8379.2
7115.11,100.0,21861.7,,,,,100.0,100.0,8379.3
7116.11,0.0,21861.7,,,,,0.0,0.0,8379.3
7117.11,100.0,21820.0,,,,,100.0,100.0,8379.3
7118.11,100.0,21719.8,,,,,100.0,100.0,8359.3
7119.11,0.0,21761.5,,,,,0.0,0.0,8353.1
7120.11,100.0,21761.5,,,,,100.0,100.0,8359.2
7121.11,100.0,21782.3,,,,,100.0,100.0,8369.2
7122.11,0.0,21844.6,,,,,0.0,0.0,8359.6
7123.11,100.0,21861.6,,,,,100.0,100.0,8369.3
7124.11,100.0,21944.6,,,,,100.0,100.0,8377.7
7125.11,100.0,21903.3,,,,,100.0,100.0,8379.3
7126.11,0.0,21903.3,,,,,0.0,0.0,8379.3
7127.11,100.0,21861.7,,,,,100.0,100.0,8379.5
7128.11,100.0,21820.0,,,,,100.0,100.0,8379.5
7129.11,100.0,21719.8,,,,,100.0,100.0,8379.5
7130.11,0.0,21719.9,,,,,0.0,0.0,8360.5
7131.11,100.0,21761.5,,,,,100.0,100.0,8373.6
7132.11,0.0,21803.0,,,,,0.0,0.0,8374.4
7133.11,100.0,21803.0,,,,,100.0,100.0,8368.8
7134.11,100.0,21844.6,,,,,100.0,100.0,8375.3
7135.11,100.0,21944.6,,,,,100.0,100.0,8377.6
7136.11,0.0,21944.6,,,,,0.0,0.0,8377.6
7137.11,100.0,21903.3,,,,,100.0,100.0,8379.2
7138.11,100.0,21861.7,,,,,100.0,100.0,8379.4
7139.11,100.0,21820.0,,,,,100.0,100.0,8379.4
7140.11,0.0,21820.0,,,,,0.0,0.0,8379.4
7141.11,100.0,21719.9,,,,,100.0,100.0,8373.5
7142.11,0.0,21761.5,,,,,0.0,0.0,8360.2
7143.11,100.0,21782.3,,,,,100.0,100.0,8369.9
7144.11,100.0,21803.0,,,,,100.0,100.0,8358.7
7145.11,100.0,21803.0,,,,,100.0,100.0,8367.2
7146.11,0.0,21878.6,,,,,0.0,0.0,8374.8
7147.11,100.0,21944.6,,,,,100.0,100.0,8377.4
7148.11,100.0,21903.3,,,,,100.0,100.0,8379.1
7149.11,100.0,21861.7,,,,,100.0,100.0,8379.2
7150.11,0.0,21861.7,,,,,0.0,0.0,8379.2
7151.11,100.0,21820.0,,,,,100.0,100.0,8379.2
7152.11,100.0,21719.8,,,,,100.0,100.0,8358.7
7153.11,0.0,21761.5,,,,,0.0,0.0,8373.5
7154.11,100.0,21761.5,,,,,100.0,100.0,8359.5
7155.11,100.0,21803.0,,,,,100.0,100.0,8374.3
7156.11,0.0,21844.6,,,,,0.0,0.0,8361.0
7157.11,100.0,21844.6,,,,,100.0,100.0,8369.5
7158.11,100.0,21944.6,,,,,100.0,100.0,8377.6
7159.12,100.0,21903.3,,,,,100.0,100.0,8379.2
7160.12,0.0,21903.3,,,,,0.0,0.0,8379.2
7161.12,100.0,21861.7,,,,,100.0,100.0,8379.3
7162.12,100.0,21820.0,,,,,100.0,100.0,8379.3
7163.12,100.0,21719.8,,,,,100.0,100.0,8379.4
7164.12,0.0,21719.9,,,,,0.0,0.0,8373.7
7165.12,100.0,21761.5,,,,,100.0,100.0,8374.1
7166.12,0.0,21803.0,,,,,0.0,0.0,8359.2
7167.12,100.0,21823.8,,,,,100.0,100.0,8372.8
7168.12,100.0,21844.6,,,,,100.0,100.0,8366.7
7169.12,100.0,21944.6,,,,,100.0,100.0,8377.7
7170.12,0.0,21944.6,,,,,0.0,0.0,8377.7
7171.12,100.0,21903.3,,,,,100.0,100.0,8379.4
7172.12,100.0,21861.7,,,,,100.0,100.0,8379.5
7173.12,100.0,21820.0,,,,,100.0,100.0,8379.5
7174.12,0.0,21820.0,,,,,0.0,0.0,8379.5
7175.12,100.0,21719.9,,,,,100.0,100.0,8373.5
7176.12,0.0,21761.5,,,,,0.0,0.0,8358.7
7177.12,100.0,21761.5,,,,,100.0,100.0,8366.1
7178.12,100.0,21803.0,,,,,100.0,100.0,8374.4
7179.12,100.0,21803.0,,,,,100.0,100.0,8364.9
7180.12,0.0,21878.6,,,,,0.0,0.0,8375.0
7181.12,100.0,21944.6,,,,,100.0,100.0,8377.7
7182.12,100.0,21903.3,,,,,100.0,100.0,8379.3
7183.12,100.0,21861.7,,,,,100.0,100.0,8379.4
7184.12,0.0,21861.7,,,,,0.0,0.0,8379.4
7185.12,100.0,21820.0,,,,,100.0,100.0,8379.4
7186.12,100.0,21719.8,,,,,100.0,100.0,8357.9
7187.12,0.0,21740.7,,,,,0.0,0.0,8372.4
7188.12,100.0,21761.5,,,,,100.0,100.0,8359.7
7189.12,100.0,21761.5,,,,,100.0,100.0,8367.9
7190.12,0.0,21844.6,,,,,0.0,0.0,8357.8
7191.12,100.0,21844.6,,,,,100.0,100.0,8363.6
7192.12,100.0,21944.6,,,,,100.0,100.0,8377.7
7193.12,100.0,21903.3,,,,,100.0,100.0,8379.3
7194.12,0.0,21903.3,,,,,0.0,0.0,8379.3
7195.12,100.0,21861.7,,,,,100.0,100.0,8379.5
7196.12,100.0,21820.0,,,,,100.0,100.0,8379.5
7197.12,100.0,21719.8,,,,,100.0,100.0,8379.5
7198.12,0.0,21719.9,,,,,0.0,0.0,8373.7
7199.12,100.0,21738.6,,,,,100.0,100.0,8371.9
7200.12,0.0,21803.0,,,,,0.0,0.0,8374.5
7201.12,100.0,21803.0,,,,,100.0,100.0,8363.9
7202.12,100.0,21844.6,,,,,100.0,100.0,8375.3
7203.12,100.0,21944.6,,,,,100.0,100.0,8377.5
7204.12,0.0,21944.6,,,,,0.0,0.0,8377.5
7205.12,100.0,21903.3,,,,,100.0,100.0,8379.1
7206.12,100.0,21861.7,,,,,100.0,100.0,8379.3
7207.12,100.0,21820.0,,,,,100.0,100.0,8379.3
7208.12,0.0,21820.0,,,,,0.0,0.0,8379.3
7209.12,100.0,21719.9,,,,,100.0,100.0,8373.5
7210.12,0.0,21761.5,,,,,0.0,0.0,8359.4
7211.12,100.0,21761.5,,,,,100.0,100.0,8366.4
7212.12,100.0,21803.0,,,,,100.0,100.0,8374.4
7213.12,100.0,21803.0,,,,,100.0,100.0,8364.1
7214.12,0.0,21878.6,,,,,0.0,0.0,8374.9
7215.12,100.0,21944.6,,,,,100.0,100.0,8377.5
7216.12,100.0,21903.3,,,,,100.0,100.0,8379.1
7217.12,100.0,21861.7,,,,,100.0,100.0,8379.3
7218.12,0.0,21861.7,,,,,0.0,0.0,8379.3
7219.12,100.0,21820.0,,,,,100.0,100.0,8379.3
7220.12,100.0,21719.8,,,,,100.0,100.0,8357.3
7221.12,0.0,21761.5,,,,,0.0,0.0,8373.6
7222.12,100.0,21761.5,,,,,100.0,100.0,8358.6
7223.12,100.0,21761.5,,,,,100.0,100.0,8364.4
7224.13,0.0,21844.6,,,,,0.0,0.0,8354.9
7225.13,100.0,21844.6,,,,,100.0,100.0,8361.5
7226.13,100.0,21944.6,,,,,100.0,100.0,8377.7
7227.13,100.0,21903.1,,,,,100.0,100.0,8379.2
7228.13,0.0,21903.3,,,,,0.0,0.0,8379.3
7229.13,100.0,21861.7,,,,,100.0,100.0,8379.4
7230.13,100.0,21820.0,,,,,100.0,100.0,8379.4
7231.13,0.0,21820.0,,,,,0.0,0.0,8379.4
7232.13,100.0,21719.9,,,,,100.0,100.0,8373.6
7233.13,100.0,21740.7,,,,,100.0,100.0,8370.1
7234.13,0.0,21803.0,,,,,0.0,0.0,8366.4
7235.13,100.0,21803.0,,,,,100.0,100.0,8363.5
7236.13,100.0,21840.8,,,,,100.0,100.0,8365.5
7237.13,0.0,21878.6,,,,,0.0,0.0,8375.1
7238.13,100.0,21944.6,,,,,100.0,100.0,8377.6
7239.13,100.0,21903.3,,,,,100.0,100.0,8379.2
7240.13,100.0,21861.7,,,,,100.0,100.0,8379.3
7241.13,0.0,21861.7,,,,,0.0,0.0,8379.3
7242.13,100.0,21820.0,,,,,100.0,100.0,8379.3
7243.13,100.0,21719.9,,,,,100.0,100.0,8373.4
7244.13,0.0,21761.5,,,,,0.0,0.0,8358.6
7245.13,100.0,21761.5,,,,,100.0,100.0,8364.7
7246.13,100.0,21803.0,,,,,100.0,100.0,8374.6
7247.13,0.0,21844.6,,,,,0.0,0.0,8362.6
7248.13,100.0,21861.6,,,,,100.0,100.0,8373.2
7249.13,100.0,21944.6,,,,,100.0,100.0,8377.8
7250.13,100.0,21903.3,,,,,100.0,100.0,8379.3
7251.13,0.0,21903.3,,,,,0.0,0.0,8379.3
7252.13,100.0,21861.7,,,,,100.0,100.0,8379.5
7253.13,100.0,21820.0,,,,,100.0,100.0,8379.5
7254.13,100.0,21719.8,,,,,100.0,100.0,8356.8
7255.13,0.0,21761.5,,,,,0.0,0.0,8373.3
7256.13,100.0,21761.5,,,,,100.0,100.0,8358.1
7257.13,0.0,21803.0,,,,,0.0,0.0,8363.4
7258.13,100.0,21844.6,,,,,100.0,100.0,8375.3
7259.13,100.0,21844.6,,,,,100.0,100.0,8362.2
7260.13,100.0,21944.6,,,,,100.0,100.0,8377.7
7261.13,0.0,21944.6,,,,,0.0,0.0,8377.7
7262.13,100.0,21903.3,,,,,100.0,100.0,8379.4
7263.13,100.0,21861.7,,,,,100.0,100.0,8379.6
7264.13,100.0,21820.0,,,,,100.0,100.0,8379.6
7265.13,0.0,21820.0,,,,,0.0,0.0,8379.6
7266.13,100.0,21719.9,,,,,100.0,100.0,8373.8
7267.13,0.0,21778.5,,,,,0.0,0.0,8369.0
7268.13,100.0,21803.0,,,,,100.0,100.0,8357.8
7269.13,100.0,21803.0,,,,,100.0,100.0,8362.7
7270.13,100.0,21844.6,,,,,100.0,100.0,8364.9
7271.13,0.0,21878.6,,,,,0.0,0.0,8375.3
7272.13,100.0,21944.6,,,,,100.0,100.0,8377.8
7273.13,100.0,21903.3,,,,,100.0,100.0,8379.4
7274.13,100.0,21861.7,,,,,100.0,100.0,8379.6
7275.13,0.0,21861.7,,,,,0.0,0.0,8379.6
7276.13,100.0,21820.0,,,,,100.0,100.0,8379.6
7277.13,100.0,21702.8,,,,,100.0,100.0,8369.7
7278.13,0.0,21761.5,,,,,0.0,0.0,8374.0
7279.13,100.0,21761.5,,,,,100.0,100.0,8365.1
7280.13,100.0,21803.0,,,,,100.0,100.0,8374.6
7281.13,0.0,21844.6,,,,,0.0,0.0,8364.0
7282.13,100.0,21878.6,,,,,100.0,100.0,8375.0
7283.13,100.0,21944.6,,,,,100.0,100.0,8377.8
7284.13,100.0,21903.3,,,,,100.0,100.0,8379.5
7285.13,0.0,21903.3,,,,,0.0,0.0,8379.5
7286.13,100.0,21861.7,,,,,100.0,100.0,8379.6
7287.13,100.0,21820.0,,,,,100.0,100.0,8379.6
7288.14,100.0,21719.8,,,,,100.0,100.0,8357.4
7289.14,0.0,21719.9,,,,,0.0,0.0,8367.8
7290.14,100.0,21761.5,,,,,100.0,100.0,8356.1
7291.14,0.0,21803.0,,,,,0.0,0.0,8361.8
7292.14,100.0,21844.6,,,,,100.0,100.0,8375.4
7293.14,100.0,21844.6,,,,,100.0,100.0,8360.3
7294.14,100.0,21944.6,,,,,100.0,100.0,8377.9
7295.14,0.0,21944.6,,,,,0.0,0.0,8377.9
7296.14,100.0,21903.3,,,,,100.0,100.0,8379.5
7297.14,100.0,21861.7,,,,,100.0,100.0,8379.6
7298.14,100.0,21820.0,,,,,100.0,100.0,8379.6
7299.14,0.0,21820.0,,,,,0.0,0.0,8379.6
7300.14,100.0,21719.9,,,,,100.0,100.0,8364.6
7301.14,0.0,21761.5,,,,,0.0,0.0,8366.0
7302.14,100.0,21803.0,,,,,100.0,100.0,8357.3
7303.14,100.0,21803.0,,,,,100.0,100.0,8363.7
7304.14,100.0,21844.6,,,,,100.0,100.0,8355.3
7305.14,0.0,21878.6,,,,,0.0,0.0,8375.6
7306.14,100.0,21944.6,,,,,100.0,100.0,8378.1
7307.14,100.0,21903.3,,,,,100.0,100.0,8379.5
7308.14,100.0,21861.7,,,,,100.0,100.0,8379.7
7309.14,0.0,21861.7,,,,,0.0,0.0,8379.7
7310.14,100.0,21820.0,,,,,100.0,100.0,8379.7
7311.14,100.0,21719.8,,,,,100.0,100.0,8367.8
7312.14,0.0,21761.5,,,,,0.0,0.0,8373.9
7313.14,100.0,21761.5,,,,,100.0,100.0,8364.0
7314.14,100.0,21803.0,,,,,100.0,100.0,8374.6
7315.14,0.0,21844.6,,,,,0.0,0.0,8363.0
7316.14,100.0,21878.6,,,,,100.0,100.0,8375.2
7317.14,100.0,21944.6,,,,,100.0,100.0,8377.9
7318.14,100.0,21903.3,,,,,100.0,100.0,8379.5
7319.14,0.0,21903.3,,,,,0.0,0.0,8379.5
7320.14,100.0,21861.7,,,,,100.0,100.0,8379.7
7321.14,100.0,21820.0,,,,,100.0,100.0,8379.7
7322.14,100.0,21719.8,,,,,100.0,100.0,8357.0
7323.14,0.0,21719.9,,,,,0.0,0.0,8367.5
7324.14,100.0,21761.5,,,,,100.0,100.0,8356.6
7325.14,0.0,21803.0,,,,,0.0,0.0,8363.1
7326.14,100.0,21844.6,,,,,100.0,100.0,8375.5
7327.14,100.0,21844.6,,,,,100.0,100.0,8361.7
7328.14,100.0,21944.6,,,,,100.0,100.0,8377.8
7329.14,0.0,21944.6,,,,,0.0,0.0,8377.8
7330.14,100.0,21903.3,,,,,100.0,100.0,8379.4
7331.14,100.0,21861.7,,,,,100.0,100.0,8379.6
7332.14,100.0,21820.0,,,,,100.0,100.0,8379.6
7333.14,0.0,21820.0,,,,,0.0,0.0,8379.6
7334.14,100.0,21719.9,,,,,100.0,100.0,8365.0
7335.14,0.0,21761.5,,,,,0.0,0.0,8365.2
7336.14,100.0,21803.0,,,,,100.0,100.0,8355.2
7337.14,100.0,21803.0,,,,,100.0,100.0,8361.6
7338.14,100.0,21844.6,,,,,100.0,100.0,8375.5
7339.14,0.0,21878.6,,,,,0.0,0.0,8375.4
7340.14,100.0,21944.6,,,,,100.0,100.0,8377.8
7341.14,100.0,21903.3,,,,,100.0,100.0,8379.4
7342.14,100.0,21861.7,,,,,100.0,100.0,8379.6
7343.14,0.0,21861.7,,,,,0.0,0.0,8379.6
7344.14,100.0,21820.0,,,,,100.0,100.0,8379.6
7345.14,100.0,21719.8,,,,,100.0,100.0,8365.9
7346.14,0.0,21761.5,,,,,0.0,0.0,8374.1
7347.14,100.0,21761.5,,,,,100.0,100.0,8364.9
7348.14,100.0,21803.0,,,,,100.0,100.0,8374.7
7349.14,0.0,21844.6,,,,,0.0,0.0,8362.7
7350.14,100.0,21878.6,,,,,100.0,100.0,8375.3
7351.14,100.0,21944.6,,,,,100.0,100.0,8378.0
7352.14,100.0,21903.3,,,,,100.0,100.0,8379.6
7353.15,0.0,21903.3,,,,,0.0,0.0,8379.6
7354.15,100.0,21861.7,,,,,100.0,100.0,8379.8
7355.15,100.0,21820.0,,,,,100.0,100.0,8379.8
7356.15,100.0,21719.8,,,,,100.0,100.0,8356.5
7357.15,0.0,21719.9,,,,,0.0,0.0,8366.0
7358.15,100.0,21761.5,,,,,100.0,100.0,8374.4
7359.15,0.0,21803.0,,,,,0.0,0.0,8361.0
7360.15,100.0,21823.8,,,,,100.0,100.0,8374.6
7361.15,100.0,21844.6,,,,,100.0,100.0,8360.3
7362.15,100.0,21944.6,,,,,100.0,100.0,8377.9
7363.15,0.0,21944.6,,,,,0.0,0.0,8377.9
7364.15,100.0,21903.3,,,,,100.0,100.0,8379.4
7365.15,100.0,21861.7,,,,,100.0,100.0,8379.6
7366.15,100.0,21820.0,,,,,100.0,100.0,8379.6
7367.15,0.0,21820.0,,,,,0.0,0.0,8379.6
7368.15,100.0,21719.9,,,,,100.0,100.0,8355.3
7369.15,0.0,21761.5,,,,,0.0,0.0,8363.0
7370.15,100.0,21803.0,,,,,100.0,100.0,8365.1
7371.15,100.0,21803.0,,,,,100.0,100.0,8359.9
7372.15,100.0,21823.8,,,,,100.0,100.0,8371.6
7373.15,0.0,21878.6,,,,,0.0,0.0,8375.4
7374.15,100.0,21944.6,,,,,100.0,100.0,8377.9
7375.15,100.0,21903.3,,,,,100.0,100.0,8379.5
7376.15,100.0,21861.7,,,,,100.0,100.0,8379.7
7377.15,0.0,21861.7,,,,,0.0,0.0,8379.7
7378.15,100.0,21820.0,,,,,100.0,100.0,8379.7
7379.15,100.0,21719.8,,,,,100.0,100.0,8363.7
7380.15,0.0,21719.9,,,,,0.0,0.0,8368.2
7381.15,100.0,21761.5,,,,,100.0,100.0,8355.5
7382.15,0.0,21803.0,,,,,0.0,0.0,8361.8
7383.15,100.0,21844.6,,,,,100.0,100.0,8373.9
7384.15,100.0,21844.6,,,,,100.0,100.0,8360.6
7385.15,100.0,21944.6,,,,,100.0,100.0,8376.3
7386.15,0.0,21944.6,,,,,0.0,0.0,8376.3
7387.15,100.0,21903.3,,,,,100.0,100.0,8377.9
7388.15,100.0,21861.7,,,,,100.0,100.0,8378.0
7389.15,100.0,21820.0,,,,,100.0,100.0,8378.0
7390.15,0.0,21820.0,,,,,0.0,0.0,8378.0
7391.15,100.0,21719.9,,,,,100.0,100.0,8364.1
7392.15,0.0,21761.5,,,,,0.0,0.0,8368.4
7393.15,100.0,21803.0,,,,,100.0,100.0,8357.9
7394.15,100.0,21803.0,,,,,100.0,100.0,8364.6
7395.15,100.0,21844.6,,,,,100.0,100.0,8355.9
7396.15,0.0,21878.6,,,,,0.0,0.0,8374.0
7397.15,100.0,21944.6,,,,,100.0,100.0,8376.5
7398.15,100.0,21903.3,,,,,100.0,100.0,8378.1
7399.15,100.0,21861.7,,,,,100.0,100.0,8378.2
7400.15,0.0,21861.7,,,,,0.0,0.0,8378.2
7401.15,100.0,21820.0,,,,,100.0,100.0,8378.2
7402.15,100.0,21719.8,,,,,100.0,100.0,8367.8
7403.15,0.0,21761.5,,,,,0.0,0.0,8372.7
7404.15,100.0,21761.5,,,,,100.0,100.0,8367.1
7405.15,100.0,21803.0,,,,,100.0,100.0,8365.6
7406.15,0.0,21844.6,,,,,0.0,0.0,8365.9
7407.15,100.0,21861.6,,,,,100.0,100.0,8370.9
7408.15,100.0,21944.6,,,,,100.0,100.0,8376.6
7409.15,100.0,21903.3,,,,,100.0,100.0,8378.2
7410.15,0.0,21903.3,,,,,0.0,0.0,8378.2
7411.15,100.0,21861.7,,,,,100.0,100.0,8378.3
7412.15,100.0,21820.0,,,,,100.0,100.0,8378.3
7413.15,100.0,21719.8,,,,,100.0,100.0,8357.7
7414.15,0.0,21719.9,,,,,0.0,0.0,8366.7
7415.15,100.0,21761.5,,,,,100.0,100.0,8356.6
7416.15,0.0,21803.0,,,,,0.0,0.0,8362.0
7417.15,100.0,21844.6,,,,,100.0,100.0,8374.2
7418.16,100.0,21844.6,,,,,100.0,100.0,8361.3
7419.16,100.0,21944.6,,,,,100.0,100.0,8376.6
7420.16,0.0,21944.6,,,,,0.0,0.0,8376.6
7421.16,100.0,21903.3,,,,,100.0,100.0,8378.3
7422.16,100.0,21861.7,,,,,100.0,100.0,8378.4
7423.16,100.0,21820.0,,,,,100.0,100.0,8378.4
7424.16,0.0,21820.0,,,,,0.0,0.0,8378.4
7425.16,100.0,21719.9,,,,,100.0,100.0,8364.7
7426.16,0.0,21761.5,,,,,0.0,0.0,8365.8
7427.16,100.0,21803.0,,,,,100.0,100.0,8366.1
7428.16,100.0,21803.0,,,,,100.0,100.0,8368.1
7429.16,100.0,21823.8,,,,,100.0,100.0,8360.2
7430.16,0.0,21878.6,,,,,0.0,0.0,8374.1
7431.16,100.0,21944.6,,,,,100.0,100.0,8376.6
7432.16,100.0,21903.3,,,,,100.0,100.0,8378.3
7433.16,100.0,21861.7,,,,,100.0,100.0,8378.4
7434.16,0.0,21861.7,,,,,0.0,0.0,8378.4
7435.16,100.0,21820.0,,,,,100.0,100.0,8378.4
7436.16,100.0,21719.8,,,,,100.0,100.0,8366.3
7437.16,0.0,21761.5,,,,,0.0,0.0,8372.8
7438.16,100.0,21761.5,,,,,100.0,100.0,8363.4
7439.16,100.0,21803.0,,,,,100.0,100.0,8373.4
7440.16,0.0,21844.6,,,,,0.0,0.0,8362.1
7441.16,100.0,21861.6,,,,,100.0,100.0,8372.0
7442.16,100.0,21944.6,,,,,100.0,100.0,8376.8
7443.16,100.0,21903.3,,,,,100.0,100.0,8378.4
7444.16,0.0,21903.3,,,,,0.0,0.0,8378.4
7445.16,100.0,21861.7,,,,,100.0,100.0,8378.6
7446.16,100.0,21820.0,,,,,100.0,100.0,8378.6
7447.16,100.0,21719.8,,,,,100.0,100.0,8357.8
7448.16,0.0,21719.9,,,,,0.0,0.0,8366.9
7449.16,100.0,21761.5,,,,,100.0,100.0,8373.2
7450.16,0.0,21803.0,,,,,0.0,0.0,8364.3
7451.16,100.0,21844.6,,,,,100.0,100.0,8374.5
7452.16,100.0,21844.6,,,,,100.0,100.0,8362.8
7453.16,100.0,21944.6,,,,,100.0,100.0,8377.0
7454.16,0.0,21944.6,,,,,0.0,0.0,8377.0
7455.16,100.0,21903.3,,,,,100.0,100.0,8378.4
7456.16,100.0,21861.7,,,,,100.0,100.0,8378.6
7457.16,100.0,21820.0,,,,,100.0,100.0,8378.6
7458.16,0.0,21820.0,,,,,0.0,0.0,8378.6
7459.16,100.0,21719.9,,,,,100.0,100.0,8364.9
7460.16,0.0,21761.5,,,,,0.0,0.0,8363.3
7461.16,100.0,21803.0,,,,,100.0,100.0,8354.8
7462.16,100.0,21803.0,,,,,100.0,100.0,8361.0
7463.16,100.0,21823.8,,,,,100.0,100.0,8372.4
7464.16,0.0,21878.6,,,,,0.0,0.0,8374.6
7465.16,100.0,21944.6,,,,,100.0,100.0,8377.0
7466.16,100.0,21903.3,,,,,100.0,100.0,8378.6
7467.16,100.0,21861.7,,,,,100.0,100.0,8378.8
7468.16,0.0,21861.7,,,,,0.0,0.0,8378.8
7469.16,100.0,21820.0,,,,,100.0,100.0,8378.8
7470.16,100.0,21719.8,,,,,100.0,100.0,8364.2
7471.16,0.0,21761.5,,,,,0.0,0.0,8373.2
7472.16,100.0,21761.5,,,,,100.0,100.0,8364.1
7473.16,100.0,21803.0,,,,,100.0,100.0,8373.7
7474.16,0.0,21844.6,,,,,0.0,0.0,8362.9
7475.16,100.0,21861.6,,,,,100.0,100.0,8371.5
7476.16,100.0,21944.6,,,,,100.0,100.0,8376.8
7477.16,100.0,21903.3,,,,,100.0,100.0,8378.4
7478.16,0.0,21903.3,,,,,0.0,0.0,8378.4
7479.16,100.0,21861.7,,,,,100.0,100.0,8378.6
7480.16,100.0,21820.0,,,,,100.0,100.0,8378.6
7481.16,100.0,21719.8,,,,,100.0,100.0,8355.0
7482.16,0.0,21719.9,,,,,0.0,0.0,8365.1
7483.16,100.0,21761.5,,,,,100.0,100.0,8373.6
7484.17,0.0,21803.0,,,,,0.0,0.0,8362.0
7485.17,100.0,21844.6,,,,,100.0,100.0,8374.8
7486.17,100.0,21844.6,,,,,100.0,100.0,8362.1
7487.17,100.0,21944.6,,,,,100.0,100.0,8377.2
7488.17,0.0,21944.6,,,,,0.0,0.0,8377.2
7489.17,100.0,21902.9,,,,,100.0,100.0,8378.6
7490.17,100.0,21861.3,,,,,100.0,100.0,8378.8
7491.17,100.0,21819.6,,,,,100.0,100.0,8378.8
7492.17,0.0,21819.6,,,,,0.0,0.0,8378.8
7493.17,100.0,21719.5,,,,,100.0,100.0,8355.4
7494.17,0.0,21761.1,,,,,0.0,0.0,8364.2
7495.17,100.0,21852.7,,,,,100.0,100.0,8375.7
7496.17,100.0,21861.2,,,,,100.0,100.0,8378.2
7497.17,100.0,21819.6,,,,,100.0,100.0,8378.2
7498.17,0.0,21819.6,,,,,0.0,0.0,8378.2
7499.17,100.0,21685.1,,,,,100.0,100.0,8379.6
7500.17,19.26,6368.0,,,,,0.11,38.4,8496.8
7501.17,0.0,5468.0,,,,,0.0,0.0,8512.6
7502.17,0.0,5468.0,,,,,0.0,0.0,8616.7
7503.17,0.0,5468.0,,,,,0.0,0.0,8723.0
7504.17,0.0,5468.0,,,,,0.0,0.0,8796.7
7505.17,0.0,5468.0,,,,,0.0,0.0,8874.1
7506.17,0.0,5468.0,,,,,0.0,0.0,1.3
7507.17,0.0,0.0,,,,,0.0,0.0,0.0
