[sft_lora] profile=trn1 (trn1.2xlarge) -- re-exec under torchrun (--nproc_per_node=2, one rank per logical NeuronCore)
[sft_lora] /opt/aws_neuronx_venv_pytorch_2_9/bin/python -m torch.distributed.run --nproc_per_node=2 /opt/np/repo/shared/train/sft_lora.py --model meta-llama/Llama-3.1-8B-Instruct --tag rerun_seed42 --out /opt/np/repo/trn1/results/rerun/rerun_seed42.json

*****************************************
Setting OMP_NUM_THREADS environment variable for each process to be 1 in default, to avoid your system being overloaded, please further tune the variable for optimal performance in your application as needed. 
*****************************************
/opt/aws_neuronx_venv_pytorch_2_9/lib/python3.12/site-packages/neuronx_distributed/modules/moe/blockwise.py:100: DeprecationWarning: torch_neuronx.nki_jit is deprecated, use nki.jit instead.
  component, error = import_nki(config)
/opt/aws_neuronx_venv_pytorch_2_9/lib/python3.12/site-packages/neuronx_distributed/modules/moe/blockwise.py:100: DeprecationWarning: torch_neuronx.nki_jit is deprecated, use nki.jit instead.
  component, error = import_nki(config)
/opt/aws_neuronx_venv_pytorch_2_9/lib/python3.12/site-packages/neuronx_distributed/modules/moe/blockwise.py:102: UserWarning: Warning: Failed to import blockwise_mm_baseline_shard_hidden: No module named 'neuronxcc.nki._private.blockwise_mm'
  warnings.warn(f"Warning: {error}")
/opt/aws_neuronx_venv_pytorch_2_9/lib/python3.12/site-packages/neuronx_distributed/modules/moe/blockwise.py:102: UserWarning: Warning: Failed to import blockwise_mm_baseline_shard_hidden: No module named 'neuronxcc.nki._private.blockwise_mm'
  warnings.warn(f"Warning: {error}")
/opt/aws_neuronx_venv_pytorch_2_9/lib/python3.12/site-packages/neuronx_distributed/modules/moe/blockwise.py:102: UserWarning: Warning: Failed to import blockwise_mm_bwd: No module named 'neuronxcc.nki._private.blockwise_mm_bwd'
  warnings.warn(f"Warning: {error}")
/opt/aws_neuronx_venv_pytorch_2_9/lib/python3.12/site-packages/neuronx_distributed/modules/moe/blockwise.py:102: UserWarning: Warning: Failed to import blockwise_mm_bwd: No module named 'neuronxcc.nki._private.blockwise_mm_bwd'
  warnings.warn(f"Warning: {error}")
/opt/aws_neuronx_venv_pytorch_2_9/lib/python3.12/site-packages/neuronx_distributed/modules/moe/blockwise.py:102: UserWarning: Warning: Failed to import blockwise_mm_bwd_baseline_shard_hidden: No module named 'neuronxcc.nki._private.blockwise_mm_bwd'
  warnings.warn(f"Warning: {error}")
/opt/aws_neuronx_venv_pytorch_2_9/lib/python3.12/site-packages/neuronx_distributed/modules/moe/blockwise.py:102: UserWarning: Warning: Failed to import blockwise_mm_bwd_baseline_shard_hidden: No module named 'neuronxcc.nki._private.blockwise_mm_bwd'
  warnings.warn(f"Warning: {error}")
2026-Aug-05 08:44:25.996067  1884:1884   WARN   NRT:nrt_config_parse_init_config            Implicit Async using NEURON_RT_ASYNC_EXEC_MAX_INFLIGHT_REQUESTS will not be supported in a future release of the Neuron Runtime. Migrate to using the new Neuron Runtime Async APIs to address the risk of this future breaking change. https://awsdocs-neuron.readthedocs-hosted.com/en/latest/neuron-runtime/api/nrt-async-api-overview.html
2026-Aug-05 08:44:25.996065  1885:1885   WARN   NRT:nrt_config_parse_init_config            Implicit Async using NEURON_RT_ASYNC_EXEC_MAX_INFLIGHT_REQUESTS will not be supported in a future release of the Neuron Runtime. Migrate to using the new Neuron Runtime Async APIs to address the risk of this future breaking change. https://awsdocs-neuron.readthedocs-hosted.com/en/latest/neuron-runtime/api/nrt-async-api-overview.html
2026-Aug-05 08:44:31.0216 1885:1915 [1] int nccl_net_ofi_create_plugin(nccl_net_ofi_plugin_t**):273 CCOM WARN NET/OFI Failed to 2026-Aug-05 08:44:31.0216 1884:1910 [0] int nccl_net_ofi_create_plugin(nccl_net_ofi_plugin_t**):273 CCOM WARN NET/OFI Failed to initialize rdma protocol
initialize rdma protocol
2026-Aug-05 08:44:31.0216 1884:1910 [0] int nccl_net_ofi_create_plugin(nccl_net_ofi_plugin_t**):416 CCOM WARN NET/OFI aws-ofi-nccl initialization failed
2026-Aug-05 08:44:31.0218 1885:1915 [1] int nccl_net_ofi_create_plugin(nccl_net_ofi_plugin_t**):416 CCOM WARN NET/OFI aws-ofi-nccl initialization failed
2026-Aug-05 08:44:31.0220 1884:1910 [0] ncclResult_t nccl_net_ofi_init(ncclDebugLogger_t):78 CCOM WARN NET/OFI Initializing plugin failed
2026-Aug-05 08:44:31.0220 1884:1910 [0] net_plugin.cc:104 CCOM WARN OFI plugin initNet() failed is EFA enabled?
2026-Aug-05 08:44:31.0222 1885:1915 [1] ncclResult_t nccl_net_ofi_init(ncclDebugLogger_t):78 CCOM WARN NET/OFI Initializing plugin failed
2026-Aug-05 08:44:31.0251 1885:1915 [1] net_plugin.cc:104 CCOM WARN OFI plugin initNet() failed is EFA enabled?
[2026-08-05 08:44:31.296: I neuronx_distributed/parallel_layers/parallel_state.py:638] > initializing tensor model parallel with size 2
[2026-08-05 08:44:31.296: I neuronx_distributed/parallel_layers/parallel_state.py:639] > initializing pipeline model parallel with size 1
[2026-08-05 08:44:31.296: I neuronx_distributed/parallel_layers/parallel_state.py:640] > initializing context model parallel with size 1
[2026-08-05 08:44:31.296: I neuronx_distributed/parallel_layers/parallel_state.py:641] > initializing data parallel with size 1
[2026-08-05 08:44:31.296: I neuronx_distributed/parallel_layers/parallel_state.py:642] > initializing world size to 2
2026-08-05 08:44:31.000492:  1884  [INFO]: Using a cached neff at /opt/np/cache/neuron-compile-cache/neuronxcc-2.26.6360.0+6f180f47/MODULE_10918481393192567537+f7f529f3/model.neff
2026-08-05 08:44:31.000492:  1885  [INFO]: Using a cached neff at /opt/np/cache/neuron-compile-cache/neuronxcc-2.26.6360.0+6f180f47/MODULE_10918481393192567537+f7f529f3/model.neff
[2026-08-05 08:44:31.560: I neuronx_distributed/parallel_layers/parallel_state.py:387] [rank_0_pp-1_tp-1_dp-1_cp-1] Chosen Logic for replica groups ret_logic=<PG_Group_Logic.LOGIC1: (<function ascending_ring_PG_group at 0x7d1e08c06b60>, 'Ascending Ring PG Group')>
[2026-08-05 08:44:31.566: I neuronx_distributed/parallel_layers/parallel_state.py:666] [rank_0_pp-1_tp-1_dp-1_cp-1] tp_groups: replica_groups.tp_groups=[[0, 1]]
[2026-08-05 08:44:31.566: I neuronx_distributed/parallel_layers/parallel_state.py:667] [rank_0_pp-1_tp-1_dp-1_cp-1] dp_groups: replica_groups.dp_groups=[[0], [1]]
[2026-08-05 08:44:31.566: I neuronx_distributed/parallel_layers/parallel_state.py:668] [rank_0_pp-1_tp-1_dp-1_cp-1] pp_groups: replica_groups.pp_groups=[[0], [1]]
[2026-08-05 08:44:31.566: I neuronx_distributed/parallel_layers/parallel_state.py:669] [rank_0_pp-1_tp-1_dp-1_cp-1] cp_groups: replica_groups.cp_groups=[[0], [1]]
[2026-08-05 08:44:31.566: I neuronx_distributed/parallel_layers/parallel_state.py:670] [rank_0_pp-1_tp-1_dp-1_cp-1] ep_model_groups: replica_groups.ep_model_groups=[[0], [1]]
[2026-08-05 08:44:31.566: I neuronx_distributed/parallel_layers/parallel_state.py:671] [rank_0_pp-1_tp-1_dp-1_cp-1] ep_data_groups: replica_groups.ep_data_groups=[[0], [1]]
PyTorch: setting up devices
PyTorch: setting up devices
/opt/aws_neuronx_venv_pytorch_2_9/lib/python3.12/site-packages/optimum/neuron/models/inference/llama/modeling_llama.py:33: DeprecationWarning: torch_neuronx.nki_jit is deprecated, use nki.jit instead.
  from ..backend.modules.attention.attention_base import NeuronAttentionBase
/opt/aws_neuronx_venv_pytorch_2_9/lib/python3.12/site-packages/optimum/neuron/models/inference/llama/modeling_llama.py:33: DeprecationWarning: torch_neuronx.nki_jit is deprecated, use nki.jit instead.
  from ..backend.modules.attention.attention_base import NeuronAttentionBase
loading weights file model.safetensors from cache at /opt/np/models/hf/hub/models--meta-llama--Llama-3.1-8B-Instruct/snapshots/0e9e39f249a16976918f6564b8830bc894c89659/model.safetensors.index.json
loading weights file model.safetensors from cache at /opt/np/models/hf/hub/models--meta-llama--Llama-3.1-8B-Instruct/snapshots/0e9e39f249a16976918f6564b8830bc894c89659/model.safetensors.index.json
Loading checkpoint shards:   0%|          | 0/4 [00:00<?, ?it/s]Loading checkpoint shards:   0%|          | 0/4 [00:00<?, ?it/s]Loading checkpoint shards:  25%|██▌       | 1/4 [00:18<00:56, 18.82s/it]Loading checkpoint shards:  25%|██▌       | 1/4 [00:18<00:56, 18.79s/it]Loading checkpoint shards:  50%|█████     | 2/4 [00:37<00:38, 19.02s/it]Loading checkpoint shards:  50%|█████     | 2/4 [00:38<00:38, 19.05s/it]Loading checkpoint shards:  75%|███████▌  | 3/4 [01:01<00:21, 21.27s/it]Loading checkpoint shards:  75%|███████▌  | 3/4 [01:01<00:21, 21.29s/it]Loading checkpoint shards: 100%|██████████| 4/4 [01:06<00:00, 14.52s/it]Loading checkpoint shards: 100%|██████████| 4/4 [01:06<00:00, 16.53s/it]
All model checkpoint weights were used when initializing LlamaForCausalLM.

All the weights of LlamaForCausalLM were initialized from the model checkpoint at meta-llama/Llama-3.1-8B-Instruct.
If your task is similar to the task the model of the checkpoint was trained on, you can already use LlamaForCausalLM for predictions without further training.
Loading checkpoint shards: 100%|██████████| 4/4 [01:06<00:00, 14.53s/it]Loading checkpoint shards: 100%|██████████| 4/4 [01:06<00:00, 16.54s/it]
All model checkpoint weights were used when initializing LlamaForCausalLM.

All the weights of LlamaForCausalLM were initialized from the model checkpoint at meta-llama/Llama-3.1-8B-Instruct.
If your task is similar to the task the model of the checkpoint was trained on, you can already use LlamaForCausalLM for predictions without further training.
/opt/np/repo/shared/train/sft_lora.py:1225: DeprecationWarning: Use torch_xla.device instead
  device=xm.xla_device())
/opt/np/repo/shared/train/sft_lora.py:1225: DeprecationWarning: Use torch_xla.device instead
  device=xm.xla_device())
/opt/np/repo/shared/train/sft_lora.py:1227: DeprecationWarning: Use torch_xla.sync instead
  xm.mark_step()
/opt/np/repo/shared/train/sft_lora.py:1227: DeprecationWarning: Use torch_xla.sync instead
  xm.mark_step()
2026-08-05 08:46:18.000954:  1884  [INFO]: Using a cached neff at /opt/np/cache/neuron-compile-cache/neuronxcc-2.26.6360.0+6f180f47/MODULE_5826833238478477259+f7f529f3/model.neff
2026-08-05 08:46:18.000954:  1885  [INFO]: Using a cached neff at /opt/np/cache/neuron-compile-cache/neuronxcc-2.26.6360.0+6f180f47/MODULE_5826833238478477259+f7f529f3/model.neff
2026-08-05 08:46:19.000052:  1884  [INFO]: Using a cached neff at /opt/np/cache/neuron-compile-cache/neuronxcc-2.26.6360.0+6f180f47/MODULE_17281575579459249431+f7f529f3/model.neff
2026-08-05 08:46:19.000052:  1885  [INFO]: Using a cached neff at /opt/np/cache/neuron-compile-cache/neuronxcc-2.26.6360.0+6f180f47/MODULE_17281575579459249431+f7f529f3/model.neff
2026-08-05 08:46:19.000076:  1884  [INFO]: Using a cached neff at /opt/np/cache/neuron-compile-cache/neuronxcc-2.26.6360.0+6f180f47/MODULE_16314927993349291726+f7f529f3/model.neff
2026-08-05 08:46:19.000076:  1885  [INFO]: Using a cached neff at /opt/np/cache/neuron-compile-cache/neuronxcc-2.26.6360.0+6f180f47/MODULE_16314927993349291726+f7f529f3/model.neff
PyTorch: setting up devices
`even_batches` in `AcceleratorConfig` is not supported in NeuronTrainer and will be ignored. Make sure that your dataset size is divisible by the train batch size x gradient accumulation steps x data parallel size.
`use_seedable_sampler` in `AcceleratorConfig` is not supported in NeuronTrainer and will be ignored.
No label_names provided for model class `NeuronPeftModelForCausalLM`. Since `NeuronPeftModel` hides base models input arguments, if label_names is not given, label_names can't be set automatically within `NeuronTrainer`. Note that empty label_names list will be used instead.
  grad ckpt shim     : module globals ['modeling_utils', 'modeling_llama', 'modeling_granite']; 0 bound funcs wrapped

==============================================================================
  LoRA SFT on Trainium            tag=rerun_seed42
==============================================================================
  model              : meta-llama/Llama-3.1-8B-Instruct
  params total       : 8,082,956,288  (rank-local shard 4,041,478,144; via xla_all_reduce)
  params trainable   : 52,428,800  (0.649% of total)
  grad checkpointing : True
  parallelism        : world=2 tp=2 dp=1 pp=1
  lora               : r=16 alpha=32 dropout=0.05
  lora targets       : q_proj,k_proj,v_proj,o_proj,gate_proj,up_proj,down_proj
  seq_len            : 2048  (packing=True, attn=flash_attention_2)
  batch              : micro=1 grad_accum=8 -> 16,384 tok/optimizer step
  schedule           : epochs=3 max_steps=-1 lr=0.0001
  seed               : 42
  dataset            : databricks/databricks-dolly-15k
  neuron cache       : /opt/np/cache/neuron-compile-cache
  adapter out        : /opt/np/models/adapters/rerun_seed42
  versions           : torch=2.9.1 optimum-neuron=0.4.3 neuronx-cc=2.26.6360.0+6f180f47
==============================================================================

Pipeline parallelsim: forcing the dataloader to drop the last incomplete batch because it can cause failure if the last batch size is not divisible by the number of microbatches for the pipeline.
WARNING:root:Not saving master weights may have accuracy issues when resuming training!
WARNING:root:Not saving master weights may have accuracy issues when resuming training!
***** Running training *****
  Num examples = 1,716
  Num Epochs = 3
  Data Parallel Size: 1
  Tensor Parallel Size: 2
  Pipeline Parallel Size: 1
  Instantaneous batch size per data parallel rank = 1
  Gradient Accumulation steps = 8
  Total train batch size (w. parallel, distributed & accumulation) = 8
  Total optimization steps = 645
  Num trainable parameters = 39,845,888
2026-08-05 08:46:34.000383:  1884  [INFO]: Using a cached neff at /opt/np/cache/neuron-compile-cache/neuronxcc-2.26.6360.0+6f180f47/MODULE_4020207309534495528+f7f529f3/model.neff
2026-08-05 08:46:34.000394:  1885  [INFO]: Using a cached neff at /opt/np/cache/neuron-compile-cache/neuronxcc-2.26.6360.0+6f180f47/MODULE_4020207309534495528+f7f529f3/model.neff
/opt/aws_neuronx_venv_pytorch_2_9/lib/python3.12/site-packages/neuronx_distributed/parallel_layers/layers.py:531: FutureWarning: `torch.cuda.amp.autocast(args...)` is deprecated. Please use `torch.amp.autocast('cuda', args...)` instead.
  with torch.cuda.amp.autocast(enabled=False):
/opt/aws_neuronx_venv_pytorch_2_9/lib/python3.12/site-packages/neuronx_distributed/parallel_layers/layers.py:531: FutureWarning: `torch.cuda.amp.autocast(args...)` is deprecated. Please use `torch.amp.autocast('cuda', args...)` instead.
  with torch.cuda.amp.autocast(enabled=False):
Neuron NKI - Kernel call: flash_fwd(q = Tensor(shape: (1, 16, 128, 2048), dtype: bfloat16), k = Tensor(shape: (1, 16, 128, 2048), dtype: bfloat16), v = Tensor(shape: (1, 16, 128, 2048), dtype: bfloat16), seed = None, logit_bias = None, softmax_scale = 0.08838834764831845, use_causal_mask = True, sliding_window = -1, mixed_precision = True, dropout_p = 0.0, config = FlashConfig(seq_tile_size=2048, attn_core_tile_size=256, training=True, should_transpose_v=True, lse_dtype=''))Neuron NKI - Kernel call: flash_fwd(q = Tensor(shape: (1, 16, 128, 2048), dtype: bfloat16), k = Tensor(shape: (1, 16, 128, 2048), dtype: bfloat16), v = Tensor(shape: (1, 16, 128, 2048), dtype: bfloat16), seed = None, logit_bias = None, softmax_scale = 0.08838834764831845, use_causal_mask = True, sliding_window = -1, mixed_precision = True, dropout_p = 0.0, config = FlashConfig(seq_tile_size=2048, attn_core_tile_size=256, training=True, should_transpose_v=True, lse_dtype=''))

/opt/aws_neuronx_venv_pytorch_2_9/lib/python3.12/site-packages/optimum/neuron/models/training/llama/modeling_llama.py:496: DeprecationWarning: Block dimension is deprecated. The leading dimension of SBUF tensor must be partition dimension
  attn_output = nki_flash_attn_func(
/opt/aws_neuronx_venv_pytorch_2_9/lib/python3.12/site-packages/optimum/neuron/models/training/llama/modeling_llama.py:496: DeprecationWarning: Block dimension is deprecated. The leading dimension of SBUF tensor must be partition dimension
  attn_output = nki_flash_attn_func(
/opt/aws_neuronx_venv_pytorch_2_9/lib/python3.12/site-packages/optimum/neuron/models/training/llama/modeling_llama.py:496: DeprecationWarning: Block dimension is deprecated. The leading dimension of SBUF tensor must be partition dimension
  attn_output = nki_flash_attn_func(
/opt/aws_neuronx_venv_pytorch_2_9/lib/python3.12/site-packages/optimum/neuron/models/training/llama/modeling_llama.py:496: DeprecationWarning: Block dimension is deprecated. The leading dimension of SBUF tensor must be partition dimension
  attn_output = nki_flash_attn_func(
/opt/aws_neuronx_venv_pytorch_2_9/lib/python3.12/site-packages/neuronx_distributed/parallel_layers/layers.py:531: FutureWarning: `torch.cuda.amp.autocast(args...)` is deprecated. Please use `torch.amp.autocast('cuda', args...)` instead.
  with torch.cuda.amp.autocast(enabled=False):
/opt/aws_neuronx_venv_pytorch_2_9/lib/python3.12/site-packages/neuronx_distributed/parallel_layers/layers.py:531: FutureWarning: `torch.cuda.amp.autocast(args...)` is deprecated. Please use `torch.amp.autocast('cuda', args...)` instead.
  with torch.cuda.amp.autocast(enabled=False):
/opt/aws_neuronx_venv_pytorch_2_9/lib/python3.12/site-packages/torch/utils/checkpoint.py:85: UserWarning: None of the inputs have requires_grad=True. Gradients will be None
  warnings.warn(
/opt/aws_neuronx_venv_pytorch_2_9/lib/python3.12/site-packages/torch/utils/checkpoint.py:85: UserWarning: None of the inputs have requires_grad=True. Gradients will be None
  warnings.warn(
Neuron NKI - Kernel call: flash_attn_bwd(q_ref = Tensor(shape: (1, 16, 128, 2048), dtype: bfloat16), k_ref = Tensor(shape: (1, 16, 128, 2048), dtype: bfloat16), v_ref = Tensor(shape: (1, 16, 128, 2048), dtype: bfloat16), o_ref = Tensor(shape: (1, 16, 128, 2048), dtype: bfloat16), dy_ref = Tensor(shape: (1, 16, 128, 2048), dtype: bfloat16), lse_ref = Tensor(shape: (1, 16, 128, 16), dtype: float32), seed_ref = None, logit_bias_ref = None, use_causal_mask = True, mixed_precision = True, dropout_p = 0.0, softmax_scale = 0.08838834764831845, sliding_window = -1, sinks = None)Neuron NKI - Kernel call: flash_attn_bwd(q_ref = Tensor(shape: (1, 16, 128, 2048), dtype: bfloat16), k_ref = Tensor(shape: (1, 16, 128, 2048), dtype: bfloat16), v_ref = Tensor(shape: (1, 16, 128, 2048), dtype: bfloat16), o_ref = Tensor(shape: (1, 16, 128, 2048), dtype: bfloat16), dy_ref = Tensor(shape: (1, 16, 128, 2048), dtype: bfloat16), lse_ref = Tensor(shape: (1, 16, 128, 16), dtype: float32), seed_ref = None, logit_bias_ref = None, use_causal_mask = True, mixed_precision = True, dropout_p = 0.0, softmax_scale = 0.08838834764831845, sliding_window = -1, sinks = None)

2026-08-05 08:46:42.000172:  1884  [INFO]: Using a cached neff at /opt/np/cache/neuron-compile-cache/neuronxcc-2.26.6360.0+6f180f47/MODULE_11119583426405650379+f7f529f3/model.neff
2026-08-05 08:46:42.000190:  1885  [INFO]: Using a cached neff at /opt/np/cache/neuron-compile-cache/neuronxcc-2.26.6360.0+6f180f47/MODULE_13030019381609271639+f7f529f3/model.neff
2026-08-05 08:46:59.000097:  1884  [INFO]: Using a cached neff at /opt/np/cache/neuron-compile-cache/neuronxcc-2.26.6360.0+6f180f47/MODULE_924279859421455862+f7f529f3/model.neff
2026-08-05 08:46:59.000426:  1885  [INFO]: Using a cached neff at /opt/np/cache/neuron-compile-cache/neuronxcc-2.26.6360.0+6f180f47/MODULE_17541184177181796220+f7f529f3/model.neff
2026-08-05 08:47:13.000111:  1884  [INFO]: Using a cached neff at /opt/np/cache/neuron-compile-cache/neuronxcc-2.26.6360.0+6f180f47/MODULE_8651772410009939807+f7f529f3/model.neff
2026-08-05 08:47:13.000483:  1885  [INFO]: Using a cached neff at /opt/np/cache/neuron-compile-cache/neuronxcc-2.26.6360.0+6f180f47/MODULE_8651772410009939807+f7f529f3/model.neff
2026-08-05 08:47:14.000166:  1884  [INFO]: Using a cached neff at /opt/np/cache/neuron-compile-cache/neuronxcc-2.26.6360.0+6f180f47/MODULE_17694192085093063913+f7f529f3/model.neff
2026-08-05 08:47:14.000479:  1885  [INFO]: Using a cached neff at /opt/np/cache/neuron-compile-cache/neuronxcc-2.26.6360.0+6f180f47/MODULE_17694192085093063913+f7f529f3/model.neff
  step     1  loss   2.1806  |    37325.3 ms  | warmup
{'loss': 2.1806, 'learning_rate': 0.0001, 'grad_norm': 1.1437164545059204, 'train/tokens_per_sec': 414.26795480617795, 'train/step_time': 39.54928159400001, 'train/mfu': 73.26, 'train/efficiency': 15.78, 'train/forward_time_percent': 5.44, 'train/backward_time_percent': 9.84, 'train/optimizer_time_percent': 0.49, 'train/overhead_time_percent': 84.22, 'epoch': 0.004662004662004662}
{'loss': 2.1806, 'learning_rate': 0.0001, 'grad_norm': 1.1437164545059204, 'train/tokens_per_sec': 410.8678106638722, 'train/step_time': 39.87657240300001, 'train/mfu': 72.39, 'train/efficiency': 15.89, 'train/forward_time_percent': 5.44, 'train/backward_time_percent': 9.9, 'train/optimizer_time_percent': 0.55, 'train/overhead_time_percent': 84.11, 'epoch': 0.004662004662004662}
2026-08-05 08:47:24.000547:  1885  [INFO]: Using a cached neff at /opt/np/cache/neuron-compile-cache/neuronxcc-2.26.6360.0+6f180f47/MODULE_13826111191422246321+f7f529f3/model.neff
2026-08-05 08:47:24.000569:  1884  [INFO]: Using a cached neff at /opt/np/cache/neuron-compile-cache/neuronxcc-2.26.6360.0+6f180f47/MODULE_13826111191422246321+f7f529f3/model.neff
  step     2  loss   1.9560  |     5707.3 ms  | warmup{'loss': 1.956, 'learning_rate': 0.0001, 'grad_norm': 1.0885530710220337, 'train/tokens_per_sec': 1455.8240089755955, 'train/step_time': 11.254107570000002, 'train/mfu': 83.26, 'train/efficiency': 48.55, 'train/forward_time_percent': 15.31, 'train/backward_time_percent': 31.94, 'train/optimizer_time_percent': 1.3, 'train/overhead_time_percent': 51.45, 'epoch': 0.009324009324009324}

{'loss': 1.956, 'learning_rate': 0.0001, 'grad_norm': 1.0885530710220337, 'train/tokens_per_sec': 1417.2318257806637, 'train/step_time': 11.560564546999984, 'train/mfu': 84.39, 'train/efficiency': 46.71, 'train/forward_time_percent': 15.36, 'train/backward_time_percent': 30.02, 'train/optimizer_time_percent': 1.32, 'train/overhead_time_percent': 53.29, 'epoch': 0.009324009324009324}
  step     3  loss   1.6076  |     5723.8 ms  | warmup
{'loss': 1.6076, 'learning_rate': 0.0001, 'grad_norm': 0.7322445511817932, 'train/tokens_per_sec': 1798.017112335288, 'train/step_time': 9.11226032700003, 'train/mfu': 83.73, 'train/efficiency': 59.19, 'train/forward_time_percent': 18.97, 'train/backward_time_percent': 39.06, 'train/optimizer_time_percent': 1.15, 'train/overhead_time_percent': 40.81, 'epoch': 0.013986013986013986}
{'loss': 1.6076, 'learning_rate': 0.0001, 'grad_norm': 0.7322445511817932, 'train/tokens_per_sec': 1798.3605595883635, 'train/step_time': 9.110520086000008, 'train/mfu': 85.74, 'train/efficiency': 57.7, 'train/forward_time_percent': 18.54, 'train/backward_time_percent': 38.15, 'train/optimizer_time_percent': 1.01, 'train/overhead_time_percent': 42.3, 'epoch': 0.013986013986013986}
  step     4  loss   1.8755  |     5746.5 ms  | warmup
{'loss': 1.8755, 'learning_rate': 0.0001, 'grad_norm': 0.7718866467475891, 'train/tokens_per_sec': 1639.7890973202318, 'train/step_time': 9.991528804999973, 'train/mfu': 83.05, 'train/efficiency': 54.36, 'train/forward_time_percent': 17.69, 'train/backward_time_percent': 35.67, 'train/optimizer_time_percent': 1.0, 'train/overhead_time_percent': 45.64, 'epoch': 0.018648018648018648}
{'loss': 1.8755, 'learning_rate': 0.0001, 'grad_norm': 0.7718866467475891, 'train/tokens_per_sec': 1639.6623824629396, 'train/step_time': 9.992300961000012, 'train/mfu': 84.18, 'train/efficiency': 53.65, 'train/forward_time_percent': 17.19, 'train/backward_time_percent': 35.45, 'train/optimizer_time_percent': 1.01, 'train/overhead_time_percent': 46.35, 'epoch': 0.018648018648018648}
  step     5  loss   1.6803  |     5589.9 ms  | warmup{'loss': 1.6803, 'learning_rate': 0.0001, 'grad_norm': 0.5741130709648132, 'train/tokens_per_sec': 1641.914656736144, 'train/step_time': 9.978594157000032, 'train/mfu': 84.47, 'train/efficiency': 53.59, 'train/forward_time_percent': 17.52, 'train/backward_time_percent': 35.01, 'train/optimizer_time_percent': 1.06, 'train/overhead_time_percent': 46.41, 'epoch': 0.023310023310023312}

{'loss': 1.6803, 'learning_rate': 0.0001, 'grad_norm': 0.5741130709648132, 'train/tokens_per_sec': 1641.4985001197194, 'train/step_time': 9.981123953999997, 'train/mfu': 85.64, 'train/efficiency': 52.88, 'train/forward_time_percent': 17.12, 'train/backward_time_percent': 34.67, 'train/optimizer_time_percent': 1.08, 'train/overhead_time_percent': 47.12, 'epoch': 0.023310023310023312}
{'loss': 1.8051, 'learning_rate': 0.0001, 'grad_norm': 0.4023647904396057, 'train/tokens_per_sec': 1638.100009830897, 'train/step_time': 10.001831330000016, 'train/mfu': 83.8, 'train/efficiency': 53.72, 'train/forward_time_percent': 17.07, 'train/backward_time_percent': 35.76, 'train/optimizer_time_percent': 0.89, 'train/overhead_time_percent': 46.28, 'epoch': 0.027972027972027972}  step     6  loss   1.8051  |     5620.9 ms  | warmup

{'loss': 1.8051, 'learning_rate': 0.0001, 'grad_norm': 0.4023647904396057, 'train/tokens_per_sec': 1637.566868696016, 'train/step_time': 10.005087617000015, 'train/mfu': 85.05, 'train/efficiency': 52.93, 'train/forward_time_percent': 17.2, 'train/backward_time_percent': 34.83, 'train/optimizer_time_percent': 0.9, 'train/overhead_time_percent': 47.07, 'epoch': 0.027972027972027972}
  step     7  loss   1.5020  |     5816.5 ms  | warmup
{'loss': 1.502, 'learning_rate': 0.0001, 'grad_norm': 0.4136129319667816, 'train/tokens_per_sec': 1638.5151718868347, 'train/step_time': 9.99929709600002, 'train/mfu': 82.2, 'train/efficiency': 54.91, 'train/forward_time_percent': 17.73, 'train/backward_time_percent': 36.14, 'train/optimizer_time_percent': 1.04, 'train/overhead_time_percent': 45.09, 'epoch': 0.03263403263403263}
{'loss': 1.502, 'learning_rate': 0.0001, 'grad_norm': 0.4136129319667816, 'train/tokens_per_sec': 1637.6450754253683, 'train/step_time': 10.004609818000006, 'train/mfu': 84.42, 'train/efficiency': 53.36, 'train/forward_time_percent': 17.18, 'train/backward_time_percent': 35.24, 'train/optimizer_time_percent': 0.94, 'train/overhead_time_percent': 46.64, 'epoch': 0.03263403263403263}
  step     8  loss   1.4717  |     5602.3 ms  | warmup
{'loss': 1.4717, 'learning_rate': 0.0001, 'grad_norm': 0.3922009766101837, 'train/tokens_per_sec': 1640.7246434835129, 'train/step_time': 9.985831604999987, 'train/mfu': 85.66, 'train/efficiency': 52.87, 'train/forward_time_percent': 17.31, 'train/backward_time_percent': 34.45, 'train/optimizer_time_percent': 1.11, 'train/overhead_time_percent': 47.13, 'epoch': 0.037296037296037296}
{'loss': 1.4717, 'learning_rate': 0.0001, 'grad_norm': 0.3922009766101837, 'train/tokens_per_sec': 1641.1736265918107, 'train/step_time': 9.983099736999975, 'train/mfu': 83.95, 'train/efficiency': 53.71, 'train/forward_time_percent': 16.61, 'train/backward_time_percent': 36.22, 'train/optimizer_time_percent': 0.88, 'train/overhead_time_percent': 46.29, 'epoch': 0.037296037296037296}
{'loss': 1.4516, 'learning_rate': 0.0001, 'grad_norm': 0.5661234259605408, 'train/tokens_per_sec': 1641.0322963780782, 'train/step_time': 9.983959508999988, 'train/mfu': 82.43, 'train/efficiency': 54.82, 'train/forward_time_percent': 17.7, 'train/backward_time_percent': 36.11, 'train/optimizer_time_percent': 1.02, 'train/overhead_time_percent': 45.18, 'epoch': 0.04195804195804196}
  step     9  loss   1.4516  |     5742.3 ms  | warmup
{'loss': 1.4516, 'learning_rate': 0.0001, 'grad_norm': 0.5661234259605408, 'train/tokens_per_sec': 1640.5312855561776, 'train/step_time': 9.987008564999996, 'train/mfu': 83.08, 'train/efficiency': 54.44, 'train/forward_time_percent': 17.2, 'train/backward_time_percent': 36.17, 'train/optimizer_time_percent': 1.08, 'train/overhead_time_percent': 45.56, 'epoch': 0.04195804195804196}
{'loss': 1.5838, 'learning_rate': 0.0001, 'grad_norm': 0.4532376229763031, 'train/tokens_per_sec': 1637.1548698857644, 'train/step_time': 10.007605451000018, 'train/mfu': 84.42, 'train/efficiency': 53.3, 'train/forward_time_percent': 16.69, 'train/backward_time_percent': 35.72, 'train/optimizer_time_percent': 0.88, 'train/overhead_time_percent': 46.7, 'epoch': 0.046620046620046623}
  step    10  loss   1.5838  |     5730.0 ms  | warmup
{'loss': 1.5838, 'learning_rate': 0.0001, 'grad_norm': 0.4532376229763031, 'train/tokens_per_sec': 1637.7365429362662, 'train/step_time': 10.004051060999984, 'train/mfu': 83.43, 'train/efficiency': 54.09, 'train/forward_time_percent': 17.1, 'train/backward_time_percent': 35.95, 'train/optimizer_time_percent': 1.05, 'train/overhead_time_percent': 45.91, 'epoch': 0.046620046620046623}
{'loss': 1.5802, 'learning_rate': 0.0001, 'grad_norm': 0.3376173973083496, 'train/tokens_per_sec': 1639.4014313152447, 'train/step_time': 9.993891481999981, 'train/mfu': 82.01, 'train/efficiency': 55.06, 'train/forward_time_percent': 16.65, 'train/backward_time_percent': 37.37, 'train/optimizer_time_percent': 1.03, 'train/overhead_time_percent': 44.94, 'epoch': 0.05128205128205128}
{'loss': 1.5802, 'learning_rate': 0.0001, 'grad_norm': 0.3376173973083496, 'train/tokens_per_sec': 1638.2213622812444, 'train/step_time': 10.00109043699996, 'train/mfu': 86.27, 'train/efficiency': 52.35, 'train/forward_time_percent': 17.05, 'train/backward_time_percent': 34.27, 'train/optimizer_time_percent': 1.04, 'train/overhead_time_percent': 47.65, 'epoch': 0.05128205128205128}
{'loss': 1.5729, 'learning_rate': 0.0001, 'grad_norm': 0.4609253704547882, 'train/tokens_per_sec': 1637.1124354624897, 'train/step_time': 10.007864850999965, 'train/mfu': 84.6, 'train/efficiency': 53.34, 'train/forward_time_percent': 17.01, 'train/backward_time_percent': 35.28, 'train/optimizer_time_percent': 1.05, 'train/overhead_time_percent': 46.66, 'epoch': 0.055944055944055944}
{'loss': 1.5729, 'learning_rate': 0.0001, 'grad_norm': 0.4609253704547882, 'train/tokens_per_sec': 1638.452627426085, 'train/step_time': 9.99967879799999, 'train/mfu': 81.58, 'train/efficiency': 55.32, 'train/forward_time_percent': 17.53, 'train/backward_time_percent': 36.75, 'train/optimizer_time_percent': 1.04, 'train/overhead_time_percent': 44.68, 'epoch': 0.055944055944055944}
{'loss': 1.6466, 'learning_rate': 0.0001, 'grad_norm': 0.4065028131008148, 'train/tokens_per_sec': 1640.2163202777933, 'train/step_time': 9.988926336999953, 'train/mfu': 85.58, 'train/efficiency': 52.86, 'train/forward_time_percent': 16.84, 'train/backward_time_percent': 34.96, 'train/optimizer_time_percent': 1.06, 'train/overhead_time_percent': 47.14, 'epoch': 0.06060606060606061}
{'loss': 1.6466, 'learning_rate': 0.0001, 'grad_norm': 0.4065028131008148, 'train/tokens_per_sec': 1640.8624172885136, 'train/step_time': 9.984993152000015, 'train/mfu': 84.12, 'train/efficiency': 53.77, 'train/forward_time_percent': 17.05, 'train/backward_time_percent': 35.67, 'train/optimizer_time_percent': 1.06, 'train/overhead_time_percent': 46.23, 'epoch': 0.06060606060606061}
{'loss': 1.6174, 'learning_rate': 0.0001, 'grad_norm': 0.4195448160171509, 'train/tokens_per_sec': 1640.9557634950174, 'train/step_time': 9.984425153000018, 'train/mfu': 84.5, 'train/efficiency': 53.48, 'train/forward_time_percent': 17.3, 'train/backward_time_percent': 35.18, 'train/optimizer_time_percent': 1.0, 'train/overhead_time_percent': 46.52, 'epoch': 0.06526806526806526}
{'loss': 1.6174, 'learning_rate': 0.0001, 'grad_norm': 0.4195448160171509, 'train/tokens_per_sec': 1640.8662523332828, 'train/step_time': 9.984969815, 'train/mfu': 84.52, 'train/efficiency': 53.47, 'train/forward_time_percent': 16.99, 'train/backward_time_percent': 35.47, 'train/optimizer_time_percent': 1.01, 'train/overhead_time_percent': 46.53, 'epoch': 0.06526806526806526}
{'loss': 1.5458, 'learning_rate': 0.0001, 'grad_norm': 0.3884772062301636, 'train/tokens_per_sec': 1637.8502824134487, 'train/step_time': 10.003356336000024, 'train/mfu': 85.27, 'train/efficiency': 52.98, 'train/forward_time_percent': 17.46, 'train/backward_time_percent': 34.45, 'train/optimizer_time_percent': 1.07, 'train/overhead_time_percent': 47.02, 'epoch': 0.06993006993006994}
{'loss': 1.5458, 'learning_rate': 0.0001, 'grad_norm': 0.3884772062301636, 'train/tokens_per_sec': 1638.2645743334003, 'train/step_time': 10.000826641000003, 'train/mfu': 84.07, 'train/efficiency': 53.71, 'train/forward_time_percent': 16.67, 'train/backward_time_percent': 35.99, 'train/optimizer_time_percent': 1.04, 'train/overhead_time_percent': 46.29, 'epoch': 0.06993006993006994}
{'loss': 1.538, 'learning_rate': 0.0001, 'grad_norm': 0.30746328830718994, 'train/tokens_per_sec': 1638.214732985276, 'train/step_time': 10.001130907999993, 'train/mfu': 84.35, 'train/efficiency': 53.55, 'train/forward_time_percent': 16.86, 'train/backward_time_percent': 35.62, 'train/optimizer_time_percent': 1.06, 'train/overhead_time_percent': 46.45, 'epoch': 0.07459207459207459}
{'loss': 1.538, 'learning_rate': 0.0001, 'grad_norm': 0.30746328830718994, 'train/tokens_per_sec': 1637.9553210100416, 'train/step_time': 10.002714841999989, 'train/mfu': 84.21, 'train/efficiency': 53.64, 'train/forward_time_percent': 17.16, 'train/backward_time_percent': 35.41, 'train/optimizer_time_percent': 1.07, 'train/overhead_time_percent': 46.36, 'epoch': 0.07459207459207459}
{'loss': 1.3411, 'learning_rate': 0.0001, 'grad_norm': 0.32616013288497925, 'train/tokens_per_sec': 1638.9456899175675, 'train/step_time': 9.996670481999956, 'train/mfu': 83.25, 'train/efficiency': 54.22, 'train/forward_time_percent': 17.1, 'train/backward_time_percent': 36.1, 'train/optimizer_time_percent': 1.02, 'train/overhead_time_percent': 45.78, 'epoch': 0.07925407925407925}
{'loss': 1.3411, 'learning_rate': 0.0001, 'grad_norm': 0.32616013288497925, 'train/tokens_per_sec': 1639.2950765865828, 'train/step_time': 9.994539868999993, 'train/mfu': 82.21, 'train/efficiency': 54.77, 'train/forward_time_percent': 17.21, 'train/backward_time_percent': 36.67, 'train/optimizer_time_percent': 0.88, 'train/overhead_time_percent': 45.23, 'epoch': 0.07925407925407925}
{'loss': 1.5815, 'learning_rate': 0.0001, 'grad_norm': 0.32330772280693054, 'train/tokens_per_sec': 1638.0372887479366, 'train/step_time': 10.002214304000006, 'train/mfu': 84.74, 'train/efficiency': 53.3, 'train/forward_time_percent': 17.11, 'train/backward_time_percent': 35.13, 'train/optimizer_time_percent': 1.06, 'train/overhead_time_percent': 46.7, 'epoch': 0.08391608391608392}
{'loss': 1.5815, 'learning_rate': 0.0001, 'grad_norm': 0.32330772280693054, 'train/tokens_per_sec': 1637.7878586083966, 'train/step_time': 10.00373761100002, 'train/mfu': 84.88, 'train/efficiency': 53.23, 'train/forward_time_percent': 17.16, 'train/backward_time_percent': 34.99, 'train/optimizer_time_percent': 1.08, 'train/overhead_time_percent': 46.77, 'epoch': 0.08391608391608392}
{'loss': 1.3951, 'learning_rate': 0.0001, 'grad_norm': 0.4385325610637665, 'train/tokens_per_sec': 1637.9006499530412, 'train/step_time': 10.003048720000038, 'train/mfu': 85.42, 'train/efficiency': 52.79, 'train/forward_time_percent': 16.9, 'train/backward_time_percent': 34.92, 'train/optimizer_time_percent': 0.97, 'train/overhead_time_percent': 47.21, 'epoch': 0.08857808857808858}{'loss': 1.3951, 'learning_rate': 0.0001, 'grad_norm': 0.4385325610637665, 'train/tokens_per_sec': 1638.3741721780339, 'train/step_time': 10.000157643000023, 'train/mfu': 83.93, 'train/efficiency': 53.81, 'train/forward_time_percent': 17.4, 'train/backward_time_percent': 35.35, 'train/optimizer_time_percent': 1.06, 'train/overhead_time_percent': 46.19, 'epoch': 0.08857808857808858}

{'loss': 1.5887, 'learning_rate': 0.0001, 'grad_norm': 0.3914320170879364, 'train/tokens_per_sec': 1637.8008875219423, 'train/step_time': 10.003658029999997, 'train/mfu': 84.37, 'train/efficiency': 53.51, 'train/forward_time_percent': 17.13, 'train/backward_time_percent': 35.33, 'train/optimizer_time_percent': 1.05, 'train/overhead_time_percent': 46.49, 'epoch': 0.09324009324009325}
  step    20  loss   1.5887  |     5780.4 ms
{'loss': 1.5887, 'learning_rate': 0.0001, 'grad_norm': 0.3914320170879364, 'train/tokens_per_sec': 1638.5752046537484, 'train/step_time': 9.998930750000056, 'train/mfu': 82.38, 'train/efficiency': 54.64, 'train/forward_time_percent': 17.31, 'train/backward_time_percent': 36.44, 'train/optimizer_time_percent': 0.88, 'train/overhead_time_percent': 45.36, 'epoch': 0.09324009324009325}
{'loss': 1.4121, 'learning_rate': 0.0001, 'grad_norm': 0.28591644763946533, 'train/tokens_per_sec': 1637.8980751433107, 'train/step_time': 10.003064445000007, 'train/mfu': 86.97, 'train/efficiency': 51.78, 'train/forward_time_percent': 16.25, 'train/backward_time_percent': 34.64, 'train/optimizer_time_percent': 0.89, 'train/overhead_time_percent': 48.22, 'epoch': 0.0979020979020979}
{'loss': 1.4121, 'learning_rate': 0.0001, 'grad_norm': 0.28591644763946533, 'train/tokens_per_sec': 1638.34388573891, 'train/step_time': 10.000342505999981, 'train/mfu': 82.44, 'train/efficiency': 54.6, 'train/forward_time_percent': 17.32, 'train/backward_time_percent': 36.39, 'train/optimizer_time_percent': 0.89, 'train/overhead_time_percent': 45.4, 'epoch': 0.0979020979020979}
{'loss': 1.3424, 'learning_rate': 0.0001, 'grad_norm': 0.3401181697845459, 'train/tokens_per_sec': 1637.8922509453637, 'train/step_time': 10.00310001500003, 'train/mfu': 81.56, 'train/efficiency': 55.16, 'train/forward_time_percent': 17.44, 'train/backward_time_percent': 36.83, 'train/optimizer_time_percent': 0.89, 'train/overhead_time_percent': 44.84, 'epoch': 0.10256410256410256}
{'loss': 1.3424, 'learning_rate': 0.0001, 'grad_norm': 0.3401181697845459, 'train/tokens_per_sec': 1637.4679769708016, 'train/step_time': 10.005691854999952, 'train/mfu': 82.27, 'train/efficiency': 54.8, 'train/forward_time_percent': 17.4, 'train/backward_time_percent': 36.39, 'train/optimizer_time_percent': 1.01, 'train/overhead_time_percent': 45.2, 'epoch': 0.10256410256410256}
{'loss': 1.5418, 'learning_rate': 0.0001, 'grad_norm': 0.31599730253219604, 'train/tokens_per_sec': 1638.2514975803192, 'train/step_time': 10.000906469000029, 'train/mfu': 83.3, 'train/efficiency': 54.08, 'train/forward_time_percent': 16.72, 'train/backward_time_percent': 36.43, 'train/optimizer_time_percent': 0.93, 'train/overhead_time_percent': 45.92, 'epoch': 0.10722610722610723}{'loss': 1.5418, 'learning_rate': 0.0001, 'grad_norm': 0.31599730253219604, 'train/tokens_per_sec': 1637.8809363680537, 'train/step_time': 10.003169117000027, 'train/mfu': 84.04, 'train/efficiency': 53.73, 'train/forward_time_percent': 16.9, 'train/backward_time_percent': 35.77, 'train/optimizer_time_percent': 1.06, 'train/overhead_time_percent': 46.27, 'epoch': 0.10722610722610723}

{'loss': 1.4877, 'learning_rate': 0.0001, 'grad_norm': 0.3068352937698364, 'train/tokens_per_sec': 1639.7919329548504, 'train/step_time': 9.991511527, 'train/mfu': 82.25, 'train/efficiency': 54.92, 'train/forward_time_percent': 17.52, 'train/backward_time_percent': 36.35, 'train/optimizer_time_percent': 1.04, 'train/overhead_time_percent': 45.08, 'epoch': 0.11188811188811189}
{'loss': 1.4877, 'learning_rate': 0.0001, 'grad_norm': 0.3068352937698364, 'train/tokens_per_sec': 1639.2779216841407, 'train/step_time': 9.994644461000007, 'train/mfu': 83.56, 'train/efficiency': 53.94, 'train/forward_time_percent': 17.14, 'train/backward_time_percent': 35.88, 'train/optimizer_time_percent': 0.93, 'train/overhead_time_percent': 46.06, 'epoch': 0.11188811188811189}
{'loss': 1.4142, 'learning_rate': 0.0001, 'grad_norm': 0.41888555884361267, 'train/tokens_per_sec': 1638.4452435354237, 'train/step_time': 9.999723862999986, 'train/mfu': 83.73, 'train/efficiency': 53.88, 'train/forward_time_percent': 17.28, 'train/backward_time_percent': 35.6, 'train/optimizer_time_percent': 0.99, 'train/overhead_time_percent': 46.12, 'epoch': 0.11655011655011654}
{'loss': 1.4142, 'learning_rate': 0.0001, 'grad_norm': 0.41888555884361267, 'train/tokens_per_sec': 1637.9479597772365, 'train/step_time': 10.00275979600002, 'train/mfu': 85.5, 'train/efficiency': 52.81, 'train/forward_time_percent': 17.28, 'train/backward_time_percent': 34.49, 'train/optimizer_time_percent': 1.04, 'train/overhead_time_percent': 47.19, 'epoch': 0.11655011655011654}
{'loss': 1.2632, 'learning_rate': 0.0001, 'grad_norm': 0.4623579680919647, 'train/tokens_per_sec': 1636.754852196274, 'train/step_time': 10.010051277999992, 'train/mfu': 83.33, 'train/efficiency': 53.96, 'train/forward_time_percent': 16.57, 'train/backward_time_percent': 36.51, 'train/optimizer_time_percent': 0.88, 'train/overhead_time_percent': 46.04, 'epoch': 0.12121212121212122}
{'loss': 1.2632, 'learning_rate': 0.0001, 'grad_norm': 0.4623579680919647, 'train/tokens_per_sec': 1635.7887532807263, 'train/step_time': 10.015963227000043, 'train/mfu': 87.2, 'train/efficiency': 51.74, 'train/forward_time_percent': 17.51, 'train/backward_time_percent': 33.19, 'train/optimizer_time_percent': 1.05, 'train/overhead_time_percent': 48.26, 'epoch': 0.12121212121212122}
{'loss': 1.4014, 'learning_rate': 0.0001, 'grad_norm': 0.3975139558315277, 'train/tokens_per_sec': 1638.3291860060995, 'train/step_time': 10.00043223299997, 'train/mfu': 83.62, 'train/efficiency': 53.97, 'train/forward_time_percent': 17.12, 'train/backward_time_percent': 35.83, 'train/optimizer_time_percent': 1.02, 'train/overhead_time_percent': 46.03, 'epoch': 0.1258741258741259}
{'loss': 1.4014, 'learning_rate': 0.0001, 'grad_norm': 0.3975139558315277, 'train/tokens_per_sec': 1637.8955383291402, 'train/step_time': 10.003079938000042, 'train/mfu': 84.71, 'train/efficiency': 53.29, 'train/forward_time_percent': 17.63, 'train/backward_time_percent': 34.62, 'train/optimizer_time_percent': 1.04, 'train/overhead_time_percent': 46.71, 'epoch': 0.1258741258741259}
{'loss': 1.3589, 'learning_rate': 0.0001, 'grad_norm': 0.42379477620124817, 'train/tokens_per_sec': 1638.4895095349748, 'train/step_time': 9.99945370699993, 'train/mfu': 84.14, 'train/efficiency': 53.57, 'train/forward_time_percent': 17.34, 'train/backward_time_percent': 35.29, 'train/optimizer_time_percent': 0.95, 'train/overhead_time_percent': 46.43, 'epoch': 0.13053613053613053}
{'loss': 1.3589, 'learning_rate': 0.0001, 'grad_norm': 0.42379477620124817, 'train/tokens_per_sec': 1638.4124226068288, 'train/step_time': 9.999924179000004, 'train/mfu': 85.16, 'train/efficiency': 52.91, 'train/forward_time_percent': 17.05, 'train/backward_time_percent': 34.94, 'train/optimizer_time_percent': 0.91, 'train/overhead_time_percent': 47.09, 'epoch': 0.13053613053613053}
{'loss': 1.4219, 'learning_rate': 0.0001, 'grad_norm': 0.33675551414489746, 'train/tokens_per_sec': 1636.0517518522342, 'train/step_time': 10.014353141000015, 'train/mfu': 85.93, 'train/efficiency': 52.43, 'train/forward_time_percent': 16.74, 'train/backward_time_percent': 34.71, 'train/optimizer_time_percent': 0.98, 'train/overhead_time_percent': 47.57, 'epoch': 0.1351981351981352}
{'loss': 1.4219, 'learning_rate': 0.0001, 'grad_norm': 0.33675551414489746, 'train/tokens_per_sec': 1637.1422211220747, 'train/step_time': 10.007682770999963, 'train/mfu': 83.8, 'train/efficiency': 53.68, 'train/forward_time_percent': 17.3, 'train/backward_time_percent': 35.5, 'train/optimizer_time_percent': 0.88, 'train/overhead_time_percent': 46.32, 'epoch': 0.1351981351981352}
  step    30  loss   1.2745  |     5785.9 ms
{'loss': 1.2745, 'learning_rate': 0.0001, 'grad_norm': 0.4578511118888855, 'train/tokens_per_sec': 1640.3255207173743, 'train/step_time': 9.988261350000016, 'train/mfu': 82.51, 'train/efficiency': 54.6, 'train/forward_time_percent': 17.09, 'train/backward_time_percent': 36.64, 'train/optimizer_time_percent': 0.87, 'train/overhead_time_percent': 45.4, 'epoch': 0.13986013986013987}
{'loss': 1.2745, 'learning_rate': 0.0001, 'grad_norm': 0.4578511118888855, 'train/tokens_per_sec': 1639.5150476279027, 'train/step_time': 9.993198918000076, 'train/mfu': 84.88, 'train/efficiency': 53.24, 'train/forward_time_percent': 16.97, 'train/backward_time_percent': 35.22, 'train/optimizer_time_percent': 1.04, 'train/overhead_time_percent': 46.76, 'epoch': 0.13986013986013987}
{'loss': 1.6905, 'learning_rate': 0.0001, 'grad_norm': 0.3747924268245697, 'train/tokens_per_sec': 1636.9409537680788, 'train/step_time': 10.008913248999988, 'train/mfu': 85.46, 'train/efficiency': 52.72, 'train/forward_time_percent': 16.9, 'train/backward_time_percent': 34.86, 'train/optimizer_time_percent': 0.96, 'train/overhead_time_percent': 47.28, 'epoch': 0.1445221445221445}
{'loss': 1.6905, 'learning_rate': 0.0001, 'grad_norm': 0.3747924268245697, 'train/tokens_per_sec': 1637.9651469523124, 'train/step_time': 10.002654837000023, 'train/mfu': 82.97, 'train/efficiency': 54.39, 'train/forward_time_percent': 17.36, 'train/backward_time_percent': 35.99, 'train/optimizer_time_percent': 1.04, 'train/overhead_time_percent': 45.61, 'epoch': 0.1445221445221445}
{'loss': 1.2503, 'learning_rate': 0.0001, 'grad_norm': 0.37017419934272766, 'train/tokens_per_sec': 1636.2849544307478, 'train/step_time': 10.012925900000027, 'train/mfu': 85.46, 'train/efficiency': 52.67, 'train/forward_time_percent': 17.16, 'train/backward_time_percent': 34.58, 'train/optimizer_time_percent': 0.93, 'train/overhead_time_percent': 47.33, 'epoch': 0.14918414918414918}
{'loss': 1.2503, 'learning_rate': 0.0001, 'grad_norm': 0.37017419934272766, 'train/tokens_per_sec': 1637.1039213602166, 'train/step_time': 10.007916898999952, 'train/mfu': 82.93, 'train/efficiency': 54.23, 'train/forward_time_percent': 16.96, 'train/backward_time_percent': 36.39, 'train/optimizer_time_percent': 0.88, 'train/overhead_time_percent': 45.77, 'epoch': 0.14918414918414918}
{'loss': 1.2391, 'learning_rate': 0.0001, 'grad_norm': 0.33212462067604065, 'train/tokens_per_sec': 1639.2153539131111, 'train/step_time': 9.995025950000013, 'train/mfu': 84.42, 'train/efficiency': 53.54, 'train/forward_time_percent': 17.14, 'train/backward_time_percent': 35.33, 'train/optimizer_time_percent': 1.07, 'train/overhead_time_percent': 46.46, 'epoch': 0.15384615384615385}
{'loss': 1.2391, 'learning_rate': 0.0001, 'grad_norm': 0.33212462067604065, 'train/tokens_per_sec': 1639.4249483127694, 'train/step_time': 9.993748122999932, 'train/mfu': 84.29, 'train/efficiency': 53.46, 'train/forward_time_percent': 17.42, 'train/backward_time_percent': 35.14, 'train/optimizer_time_percent': 0.9, 'train/overhead_time_percent': 46.54, 'epoch': 0.15384615384615385}
{'loss': 1.3305, 'learning_rate': 0.0001, 'grad_norm': 0.3506239056587219, 'train/tokens_per_sec': 1637.1171132835398, 'train/step_time': 10.00783625500003, 'train/mfu': 83.75, 'train/efficiency': 53.84, 'train/forward_time_percent': 16.92, 'train/backward_time_percent': 35.91, 'train/optimizer_time_percent': 1.01, 'train/overhead_time_percent': 46.16, 'epoch': 0.1585081585081585}
{'loss': 1.3305, 'learning_rate': 0.0001, 'grad_norm': 0.3506239056587219, 'train/tokens_per_sec': 1637.6510697403162, 'train/step_time': 10.004573198000003, 'train/mfu': 82.54, 'train/efficiency': 54.67, 'train/forward_time_percent': 17.6, 'train/backward_time_percent': 36.02, 'train/optimizer_time_percent': 1.05, 'train/overhead_time_percent': 45.33, 'epoch': 0.1585081585081585}
{'loss': 1.2515, 'learning_rate': 0.0001, 'grad_norm': 0.3964807391166687, 'train/tokens_per_sec': 1639.9647641799231, 'train/step_time': 9.990458549999971, 'train/mfu': 82.9, 'train/efficiency': 54.52, 'train/forward_time_percent': 17.68, 'train/backward_time_percent': 35.78, 'train/optimizer_time_percent': 1.06, 'train/overhead_time_percent': 45.48, 'epoch': 0.16317016317016317}
{'loss': 1.2515, 'learning_rate': 0.0001, 'grad_norm': 0.3964807391166687, 'train/tokens_per_sec': 1640.0650332192656, 'train/step_time': 9.989847761000078, 'train/mfu': 82.92, 'train/efficiency': 54.44, 'train/forward_time_percent': 17.86, 'train/backward_time_percent': 35.59, 'train/optimizer_time_percent': 0.99, 'train/overhead_time_percent': 45.56, 'epoch': 0.16317016317016317}
{'loss': 1.2435, 'learning_rate': 0.0001, 'grad_norm': 0.33673280477523804, 'train/tokens_per_sec': 1638.4335000667215, 'train/step_time': 9.999795535999965, 'train/mfu': 86.07, 'train/efficiency': 52.45, 'train/forward_time_percent': 16.52, 'train/backward_time_percent': 34.92, 'train/optimizer_time_percent': 1.01, 'train/overhead_time_percent': 47.55, 'epoch': 0.16783216783216784}
{'loss': 1.2435, 'learning_rate': 0.0001, 'grad_norm': 0.33673280477523804, 'train/tokens_per_sec': 1639.0964017408437, 'train/step_time': 9.995751306999978, 'train/mfu': 82.05, 'train/efficiency': 55.05, 'train/forward_time_percent': 17.44, 'train/backward_time_percent': 36.54, 'train/optimizer_time_percent': 1.06, 'train/overhead_time_percent': 44.95, 'epoch': 0.16783216783216784}
{'loss': 1.4395, 'learning_rate': 0.0001, 'grad_norm': 0.3007510304450989, 'train/tokens_per_sec': 1621.0566668152514, 'train/step_time': 10.106987828000001, 'train/mfu': 84.75, 'train/efficiency': 52.69, 'train/forward_time_percent': 16.59, 'train/backward_time_percent': 35.1, 'train/optimizer_time_percent': 1.0, 'train/overhead_time_percent': 47.31, 'epoch': 0.17249417249417248}
{'loss': 1.4395, 'learning_rate': 0.0001, 'grad_norm': 0.3007510304450989, 'train/tokens_per_sec': 1621.399451477974, 'train/step_time': 10.104851080999993, 'train/mfu': 84.81, 'train/efficiency': 52.7, 'train/forward_time_percent': 16.82, 'train/backward_time_percent': 34.84, 'train/optimizer_time_percent': 1.03, 'train/overhead_time_percent': 47.3, 'epoch': 0.17249417249417248}
{'loss': 1.603, 'learning_rate': 0.0001, 'grad_norm': 1.665560007095337, 'train/tokens_per_sec': 1638.5948720253314, 'train/step_time': 9.998810736999985, 'train/mfu': 83.68, 'train/efficiency': 53.94, 'train/forward_time_percent': 17.27, 'train/backward_time_percent': 35.65, 'train/optimizer_time_percent': 1.02, 'train/overhead_time_percent': 46.06, 'epoch': 0.17715617715617715}
{'loss': 1.603, 'learning_rate': 0.0001, 'grad_norm': 1.665560007095337, 'train/tokens_per_sec': 1638.3523675262727, 'train/step_time': 10.000290734000032, 'train/mfu': 84.19, 'train/efficiency': 53.51, 'train/forward_time_percent': 16.67, 'train/backward_time_percent': 35.92, 'train/optimizer_time_percent': 0.92, 'train/overhead_time_percent': 46.49, 'epoch': 0.17715617715617715}
{'loss': 1.1845, 'learning_rate': 0.0001, 'grad_norm': 0.3345402777194977, 'train/tokens_per_sec': 1639.1409535065904, 'train/step_time': 9.995479623000051, 'train/mfu': 83.37, 'train/efficiency': 54.01, 'train/forward_time_percent': 17.23, 'train/backward_time_percent': 35.9, 'train/optimizer_time_percent': 0.88, 'train/overhead_time_percent': 45.99, 'epoch': 0.18181818181818182}
{'loss': 1.1845, 'learning_rate': 0.0001, 'grad_norm': 0.3345402777194977, 'train/tokens_per_sec': 1637.918922902163, 'train/step_time': 10.002937123999914, 'train/mfu': 86.24, 'train/efficiency': 52.37, 'train/forward_time_percent': 16.89, 'train/backward_time_percent': 34.44, 'train/optimizer_time_percent': 1.04, 'train/overhead_time_percent': 47.63, 'epoch': 0.18181818181818182}
  step    40  loss   1.0849  |     5734.2 ms
{'loss': 1.0849, 'learning_rate': 0.0001, 'grad_norm': 0.46941637992858887, 'train/tokens_per_sec': 1636.7028654819653, 'train/step_time': 10.010369227999945, 'train/mfu': 83.3, 'train/efficiency': 53.99, 'train/forward_time_percent': 17.22, 'train/backward_time_percent': 35.88, 'train/optimizer_time_percent': 0.89, 'train/overhead_time_percent': 46.01, 'epoch': 0.1864801864801865}
{'loss': 1.0849, 'learning_rate': 0.0001, 'grad_norm': 0.46941637992858887, 'train/tokens_per_sec': 1636.355231121263, 'train/step_time': 10.012495874000024, 'train/mfu': 85.38, 'train/efficiency': 52.79, 'train/forward_time_percent': 16.82, 'train/backward_time_percent': 34.98, 'train/optimizer_time_percent': 0.99, 'train/overhead_time_percent': 47.21, 'epoch': 0.1864801864801865}
{'loss': 1.5832, 'learning_rate': 0.0001, 'grad_norm': 0.32922619581222534, 'train/tokens_per_sec': 1636.6240802257034, 'train/step_time': 10.010851116000026, 'train/mfu': 84.89, 'train/efficiency': 53.09, 'train/forward_time_percent': 16.99, 'train/backward_time_percent': 35.11, 'train/optimizer_time_percent': 0.98, 'train/overhead_time_percent': 46.91, 'epoch': 0.19114219114219114}
{'loss': 1.5832, 'learning_rate': 0.0001, 'grad_norm': 0.32922619581222534, 'train/tokens_per_sec': 1637.3471900139307, 'train/step_time': 10.006429973999957, 'train/mfu': 83.71, 'train/efficiency': 53.91, 'train/forward_time_percent': 17.03, 'train/backward_time_percent': 35.83, 'train/optimizer_time_percent': 1.05, 'train/overhead_time_percent': 46.09, 'epoch': 0.19114219114219114}
{'loss': 1.1935, 'learning_rate': 0.0001, 'grad_norm': 0.39165613055229187, 'train/tokens_per_sec': 1639.0041818501568, 'train/step_time': 9.996313725999926, 'train/mfu': 84.81, 'train/efficiency': 53.29, 'train/forward_time_percent': 17.02, 'train/backward_time_percent': 35.21, 'train/optimizer_time_percent': 1.06, 'train/overhead_time_percent': 46.71, 'epoch': 0.1958041958041958}
{'loss': 1.1935, 'learning_rate': 0.0001, 'grad_norm': 0.39165613055229187, 'train/tokens_per_sec': 1639.5023810712066, 'train/step_time': 9.993276123999976, 'train/mfu': 83.92, 'train/efficiency': 53.82, 'train/forward_time_percent': 17.37, 'train/backward_time_percent': 35.42, 'train/optimizer_time_percent': 1.03, 'train/overhead_time_percent': 46.18, 'epoch': 0.1958041958041958}
{'loss': 1.1644, 'learning_rate': 0.0001, 'grad_norm': 0.3404078483581543, 'train/tokens_per_sec': 1637.4624479509453, 'train/step_time': 10.005725640000037, 'train/mfu': 83.46, 'train/efficiency': 53.98, 'train/forward_time_percent': 17.83, 'train/backward_time_percent': 35.19, 'train/optimizer_time_percent': 0.96, 'train/overhead_time_percent': 46.02, 'epoch': 0.20046620046620048}
{'loss': 1.1644, 'learning_rate': 0.0001, 'grad_norm': 0.3404078483581543, 'train/tokens_per_sec': 1637.4669934129574, 'train/step_time': 10.005697865000002, 'train/mfu': 83.21, 'train/efficiency': 54.24, 'train/forward_time_percent': 17.16, 'train/backward_time_percent': 36.02, 'train/optimizer_time_percent': 1.06, 'train/overhead_time_percent': 45.76, 'epoch': 0.20046620046620048}
{'loss': 1.2166, 'learning_rate': 0.0001, 'grad_norm': 0.2501943111419678, 'train/tokens_per_sec': 1638.4180040839228, 'train/step_time': 9.999890112999992, 'train/mfu': 84.47, 'train/efficiency': 53.47, 'train/forward_time_percent': 17.25, 'train/backward_time_percent': 35.17, 'train/optimizer_time_percent': 1.06, 'train/overhead_time_percent': 46.53, 'epoch': 0.20512820512820512}
{'loss': 1.2166, 'learning_rate': 0.0001, 'grad_norm': 0.2501943111419678, 'train/tokens_per_sec': 1638.23303767792, 'train/step_time': 10.001019160999931, 'train/mfu': 85.1, 'train/efficiency': 53.09, 'train/forward_time_percent': 16.68, 'train/backward_time_percent': 35.35, 'train/optimizer_time_percent': 1.07, 'train/overhead_time_percent': 46.91, 'epoch': 0.20512820512820512}
{'loss': 1.3478, 'learning_rate': 0.0001, 'grad_norm': 0.37423282861709595, 'train/tokens_per_sec': 1635.7541632244431, 'train/step_time': 10.016175027000031, 'train/mfu': 82.42, 'train/efficiency': 54.68, 'train/forward_time_percent': 16.94, 'train/backward_time_percent': 36.69, 'train/optimizer_time_percent': 1.05, 'train/overhead_time_percent': 45.32, 'epoch': 0.2097902097902098}
{'loss': 1.3478, 'learning_rate': 0.0001, 'grad_norm': 0.37423282861709595, 'train/tokens_per_sec': 1635.6080050319108, 'train/step_time': 10.017070074000003, 'train/mfu': 83.74, 'train/efficiency': 53.71, 'train/forward_time_percent': 18.01, 'train/backward_time_percent': 34.77, 'train/optimizer_time_percent': 0.93, 'train/overhead_time_percent': 46.29, 'epoch': 0.2097902097902098}
{'loss': 1.2842, 'learning_rate': 0.0001, 'grad_norm': 0.43786194920539856, 'train/tokens_per_sec': 1638.364029717728, 'train/step_time': 10.000219549999997, 'train/mfu': 82.98, 'train/efficiency': 54.35, 'train/forward_time_percent': 17.59, 'train/backward_time_percent': 35.77, 'train/optimizer_time_percent': 0.99, 'train/overhead_time_percent': 45.65, 'epoch': 0.21445221445221446}
{'loss': 1.2842, 'learning_rate': 0.0001, 'grad_norm': 0.43786194920539856, 'train/tokens_per_sec': 1637.9122531531718, 'train/step_time': 10.002977856999905, 'train/mfu': 84.16, 'train/efficiency': 53.66, 'train/forward_time_percent': 17.27, 'train/backward_time_percent': 35.33, 'train/optimizer_time_percent': 1.07, 'train/overhead_time_percent': 46.34, 'epoch': 0.21445221445221446}
{'loss': 1.1669, 'learning_rate': 0.0001, 'grad_norm': 0.4072655439376831, 'train/tokens_per_sec': 1639.0699298405239, 'train/step_time': 9.995912743999952, 'train/mfu': 83.29, 'train/efficiency': 54.11, 'train/forward_time_percent': 17.51, 'train/backward_time_percent': 35.67, 'train/optimizer_time_percent': 0.92, 'train/overhead_time_percent': 45.89, 'epoch': 0.2191142191142191}{'loss': 1.1669, 'learning_rate': 0.0001, 'grad_norm': 0.4072655439376831, 'train/tokens_per_sec': 1638.45107133911, 'train/step_time': 9.999688295000055, 'train/mfu': 85.14, 'train/efficiency': 53.04, 'train/forward_time_percent': 16.79, 'train/backward_time_percent': 35.21, 'train/optimizer_time_percent': 1.03, 'train/overhead_time_percent': 46.96, 'epoch': 0.2191142191142191}

{'loss': 1.312, 'learning_rate': 0.0001, 'grad_norm': 0.34138602018356323, 'train/tokens_per_sec': 1637.5957056772963, 'train/step_time': 10.00491143399995, 'train/mfu': 85.21, 'train/efficiency': 53.03, 'train/forward_time_percent': 16.79, 'train/backward_time_percent': 35.14, 'train/optimizer_time_percent': 1.09, 'train/overhead_time_percent': 46.97, 'epoch': 0.22377622377622378}
{'loss': 1.312, 'learning_rate': 0.0001, 'grad_norm': 0.34138602018356323, 'train/tokens_per_sec': 1638.2677523101233, 'train/step_time': 10.000807241000075, 'train/mfu': 84.89, 'train/efficiency': 53.23, 'train/forward_time_percent': 16.61, 'train/backward_time_percent': 35.54, 'train/optimizer_time_percent': 1.07, 'train/overhead_time_percent': 46.77, 'epoch': 0.22377622377622378}
{'loss': 1.4262, 'learning_rate': 0.0001, 'grad_norm': 0.34095683693885803, 'train/tokens_per_sec': 1638.1278016405242, 'train/step_time': 10.001661643000034, 'train/mfu': 85.57, 'train/efficiency': 52.7, 'train/forward_time_percent': 16.96, 'train/backward_time_percent': 34.77, 'train/optimizer_time_percent': 0.97, 'train/overhead_time_percent': 47.3, 'epoch': 0.22843822843822845}
{'loss': 1.4262, 'learning_rate': 0.0001, 'grad_norm': 0.34095683693885803, 'train/tokens_per_sec': 1637.9283857109458, 'train/step_time': 10.002879334, 'train/mfu': 84.93, 'train/efficiency': 52.99, 'train/forward_time_percent': 17.06, 'train/backward_time_percent': 35.06, 'train/optimizer_time_percent': 0.88, 'train/overhead_time_percent': 47.01, 'epoch': 0.22843822843822845}
  step    50  loss   1.6826  |     5643.6 ms
{'loss': 1.6826, 'learning_rate': 0.0001, 'grad_norm': 0.4076326787471771, 'train/tokens_per_sec': 1638.8639064866643, 'train/step_time': 9.997169341000017, 'train/mfu': 84.95, 'train/efficiency': 53.08, 'train/forward_time_percent': 16.86, 'train/backward_time_percent': 35.28, 'train/optimizer_time_percent': 0.94, 'train/overhead_time_percent': 46.92, 'epoch': 0.2331002331002331}
{'loss': 1.6826, 'learning_rate': 0.0001, 'grad_norm': 0.4076326787471771, 'train/tokens_per_sec': 1640.082556758788, 'train/step_time': 9.989741023999954, 'train/mfu': 80.54, 'train/efficiency': 56.06, 'train/forward_time_percent': 17.43, 'train/backward_time_percent': 37.6, 'train/optimizer_time_percent': 1.03, 'train/overhead_time_percent': 43.94, 'epoch': 0.2331002331002331}
{'loss': 1.2566, 'learning_rate': 0.0001, 'grad_norm': 0.33209940791130066, 'train/tokens_per_sec': 1636.9201443078455, 'train/step_time': 10.009040487999982, 'train/mfu': 85.05, 'train/efficiency': 53.06, 'train/forward_time_percent': 17.01, 'train/backward_time_percent': 35.0, 'train/optimizer_time_percent': 1.05, 'train/overhead_time_percent': 46.94, 'epoch': 0.23776223776223776}
{'loss': 1.2566, 'learning_rate': 0.0001, 'grad_norm': 0.33209940791130066, 'train/tokens_per_sec': 1636.3706890900626, 'train/step_time': 10.01240129100006, 'train/mfu': 85.43, 'train/efficiency': 52.83, 'train/forward_time_percent': 16.5, 'train/backward_time_percent': 35.26, 'train/optimizer_time_percent': 1.07, 'train/overhead_time_percent': 47.17, 'epoch': 0.23776223776223776}
{'loss': 1.4533, 'learning_rate': 0.0001, 'grad_norm': 0.3476291000843048, 'train/tokens_per_sec': 1596.9807125511284, 'train/step_time': 10.25935997299996, 'train/mfu': 79.22, 'train/efficiency': 55.33, 'train/forward_time_percent': 16.43, 'train/backward_time_percent': 38.05, 'train/optimizer_time_percent': 0.85, 'train/overhead_time_percent': 44.67, 'epoch': 0.24242424242424243}
{'loss': 1.4533, 'learning_rate': 0.0001, 'grad_norm': 0.3476291000843048, 'train/tokens_per_sec': 1596.506036094104, 'train/step_time': 10.262410307000096, 'train/mfu': 83.54, 'train/efficiency': 52.53, 'train/forward_time_percent': 16.15, 'train/backward_time_percent': 35.5, 'train/optimizer_time_percent': 0.88, 'train/overhead_time_percent': 47.47, 'epoch': 0.24242424242424243}
{'loss': 1.4913, 'learning_rate': 0.0001, 'grad_norm': 0.2788679003715515, 'train/tokens_per_sec': 1638.3563405887446, 'train/step_time': 10.000266482999905, 'train/mfu': 84.47, 'train/efficiency': 53.45, 'train/forward_time_percent': 16.86, 'train/backward_time_percent': 35.56, 'train/optimizer_time_percent': 1.03, 'train/overhead_time_percent': 46.55, 'epoch': 0.24708624708624707}
{'loss': 1.4913, 'learning_rate': 0.0001, 'grad_norm': 0.2788679003715515, 'train/tokens_per_sec': 1638.36242825362, 'train/step_time': 10.000229324999964, 'train/mfu': 83.82, 'train/efficiency': 53.78, 'train/forward_time_percent': 17.3, 'train/backward_time_percent': 35.52, 'train/optimizer_time_percent': 0.96, 'train/overhead_time_percent': 46.22, 'epoch': 0.24708624708624707}
{'loss': 1.3077, 'learning_rate': 0.0001, 'grad_norm': 0.24068355560302734, 'train/tokens_per_sec': 1638.9196891415208, 'train/step_time': 9.99682907500005, 'train/mfu': 83.39, 'train/efficiency': 54.17, 'train/forward_time_percent': 17.74, 'train/backward_time_percent': 35.37, 'train/optimizer_time_percent': 1.05, 'train/overhead_time_percent': 45.83, 'epoch': 0.2517482517482518}
{'loss': 1.3077, 'learning_rate': 0.0001, 'grad_norm': 0.24068355560302734, 'train/tokens_per_sec': 1638.2598249192959, 'train/step_time': 10.000855634000004, 'train/mfu': 84.51, 'train/efficiency': 53.4, 'train/forward_time_percent': 16.9, 'train/backward_time_percent': 35.49, 'train/optimizer_time_percent': 1.01, 'train/overhead_time_percent': 46.6, 'epoch': 0.2517482517482518}
{'loss': 1.1779, 'learning_rate': 0.0001, 'grad_norm': 0.35351666808128357, 'train/tokens_per_sec': 1637.1617472831854, 'train/step_time': 10.007563410999978, 'train/mfu': 85.21, 'train/efficiency': 52.98, 'train/forward_time_percent': 16.97, 'train/backward_time_percent': 34.95, 'train/optimizer_time_percent': 1.06, 'train/overhead_time_percent': 47.02, 'epoch': 0.2564102564102564}
{'loss': 1.1779, 'learning_rate': 0.0001, 'grad_norm': 0.35351666808128357, 'train/tokens_per_sec': 1638.1542141265734, 'train/step_time': 10.001500383000007, 'train/mfu': 84.08, 'train/efficiency': 53.54, 'train/forward_time_percent': 16.92, 'train/backward_time_percent': 35.73, 'train/optimizer_time_percent': 0.89, 'train/overhead_time_percent': 46.46, 'epoch': 0.2564102564102564}
{'loss': 1.331, 'learning_rate': 0.0001, 'grad_norm': 0.33397501707077026, 'train/tokens_per_sec': 1639.5858209353803, 'train/step_time': 9.992767558000082, 'train/mfu': 83.67, 'train/efficiency': 54.0, 'train/forward_time_percent': 17.44, 'train/backward_time_percent': 35.51, 'train/optimizer_time_percent': 1.05, 'train/overhead_time_percent': 46.0, 'epoch': 0.26107226107226106}
{'loss': 1.331, 'learning_rate': 0.0001, 'grad_norm': 0.33397501707077026, 'train/tokens_per_sec': 1639.3507296523255, 'train/step_time': 9.994200572000068, 'train/mfu': 83.99, 'train/efficiency': 53.67, 'train/forward_time_percent': 17.24, 'train/backward_time_percent': 35.5, 'train/optimizer_time_percent': 0.93, 'train/overhead_time_percent': 46.33, 'epoch': 0.26107226107226106}
{'loss': 1.4412, 'learning_rate': 0.0001, 'grad_norm': 0.3357134163379669, 'train/tokens_per_sec': 1638.3367294015156, 'train/step_time': 10.000386187999993, 'train/mfu': 84.63, 'train/efficiency': 53.26, 'train/forward_time_percent': 16.73, 'train/backward_time_percent': 35.59, 'train/optimizer_time_percent': 0.95, 'train/overhead_time_percent': 46.74, 'epoch': 0.26573426573426573}
{'loss': 1.4412, 'learning_rate': 0.0001, 'grad_norm': 0.3357134163379669, 'train/tokens_per_sec': 1638.2243487662108, 'train/step_time': 10.001072205000014, 'train/mfu': 85.22, 'train/efficiency': 53.01, 'train/forward_time_percent': 17.34, 'train/backward_time_percent': 34.61, 'train/optimizer_time_percent': 1.06, 'train/overhead_time_percent': 46.99, 'epoch': 0.26573426573426573}
{'loss': 1.1307, 'learning_rate': 0.0001, 'grad_norm': 0.3326265215873718, 'train/tokens_per_sec': 1637.26051465354, 'train/step_time': 10.006959706999965, 'train/mfu': 83.45, 'train/efficiency': 54.09, 'train/forward_time_percent': 16.55, 'train/backward_time_percent': 36.47, 'train/optimizer_time_percent': 1.06, 'train/overhead_time_percent': 45.91, 'epoch': 0.2703962703962704}
{'loss': 1.1307, 'learning_rate': 0.0001, 'grad_norm': 0.3326265215873718, 'train/tokens_per_sec': 1637.7219418454902, 'train/step_time': 10.004140251999956, 'train/mfu': 83.04, 'train/efficiency': 54.35, 'train/forward_time_percent': 17.01, 'train/backward_time_percent': 36.29, 'train/optimizer_time_percent': 1.05, 'train/overhead_time_percent': 45.65, 'epoch': 0.2703962703962704}
{'loss': 1.1611, 'learning_rate': 0.0001, 'grad_norm': 0.27143943309783936, 'train/tokens_per_sec': 1637.5672084821056, 'train/step_time': 10.005085540999971, 'train/mfu': 82.68, 'train/efficiency': 54.56, 'train/forward_time_percent': 16.97, 'train/backward_time_percent': 36.56, 'train/optimizer_time_percent': 1.04, 'train/overhead_time_percent': 45.44, 'epoch': 0.27505827505827507}
{'loss': 1.1611, 'learning_rate': 0.0001, 'grad_norm': 0.27143943309783936, 'train/tokens_per_sec': 1636.3960785260504, 'train/step_time': 10.012245944000028, 'train/mfu': 85.37, 'train/efficiency': 52.86, 'train/forward_time_percent': 16.86, 'train/backward_time_percent': 34.94, 'train/optimizer_time_percent': 1.05, 'train/overhead_time_percent': 47.14, 'epoch': 0.27505827505827507}
  step    60  loss   1.5426  |     5725.0 ms
{'loss': 1.5426, 'learning_rate': 0.0001, 'grad_norm': 0.47233402729034424, 'train/tokens_per_sec': 1637.4503505170267, 'train/step_time': 10.005799561999993, 'train/mfu': 83.61, 'train/efficiency': 53.92, 'train/forward_time_percent': 17.25, 'train/backward_time_percent': 35.67, 'train/optimizer_time_percent': 0.99, 'train/overhead_time_percent': 46.08, 'epoch': 0.27972027972027974}
{'loss': 1.5426, 'learning_rate': 0.0001, 'grad_norm': 0.47233402729034424, 'train/tokens_per_sec': 1637.4547890477531, 'train/step_time': 10.005772439999987, 'train/mfu': 84.0, 'train/efficiency': 53.74, 'train/forward_time_percent': 17.4, 'train/backward_time_percent': 35.28, 'train/optimizer_time_percent': 1.06, 'train/overhead_time_percent': 46.26, 'epoch': 0.27972027972027974}
{'loss': 1.0884, 'learning_rate': 0.0001, 'grad_norm': 0.2385239601135254, 'train/tokens_per_sec': 1636.3584548100366, 'train/step_time': 10.012476149000008, 'train/mfu': 84.3, 'train/efficiency': 53.5, 'train/forward_time_percent': 17.27, 'train/backward_time_percent': 35.18, 'train/optimizer_time_percent': 1.04, 'train/overhead_time_percent': 46.5, 'epoch': 0.28438228438228436}
{'loss': 1.0884, 'learning_rate': 0.0001, 'grad_norm': 0.2385239601135254, 'train/tokens_per_sec': 1637.1554440906257, 'train/step_time': 10.007601940999962, 'train/mfu': 82.54, 'train/efficiency': 54.61, 'train/forward_time_percent': 17.07, 'train/backward_time_percent': 36.53, 'train/optimizer_time_percent': 1.01, 'train/overhead_time_percent': 45.39, 'epoch': 0.28438228438228436}
{'loss': 1.5385, 'learning_rate': 0.0001, 'grad_norm': 0.30169257521629333, 'train/tokens_per_sec': 1636.1234043089896, 'train/step_time': 10.013914571999976, 'train/mfu': 82.75, 'train/efficiency': 54.42, 'train/forward_time_percent': 16.2, 'train/backward_time_percent': 37.23, 'train/optimizer_time_percent': 0.99, 'train/overhead_time_percent': 45.58, 'epoch': 0.289044289044289}
{'loss': 1.5385, 'learning_rate': 0.0001, 'grad_norm': 0.30169257521629333, 'train/tokens_per_sec': 1635.7729287200461, 'train/step_time': 10.016060121999999, 'train/mfu': 85.65, 'train/efficiency': 52.53, 'train/forward_time_percent': 16.75, 'train/backward_time_percent': 34.87, 'train/optimizer_time_percent': 0.91, 'train/overhead_time_percent': 47.47, 'epoch': 0.289044289044289}
{'loss': 1.4021, 'learning_rate': 0.0001, 'grad_norm': 0.2659846842288971, 'train/tokens_per_sec': 1636.7099307068127, 'train/step_time': 10.010326016000022, 'train/mfu': 84.08, 'train/efficiency': 53.48, 'train/forward_time_percent': 17.46, 'train/backward_time_percent': 35.15, 'train/optimizer_time_percent': 0.88, 'train/overhead_time_percent': 46.52, 'epoch': 0.2937062937062937}{'loss': 1.4021, 'learning_rate': 0.0001, 'grad_norm': 0.2659846842288971, 'train/tokens_per_sec': 1636.8729721713094, 'train/step_time': 10.009328933000006, 'train/mfu': 84.74, 'train/efficiency': 53.24, 'train/forward_time_percent': 17.11, 'train/backward_time_percent': 35.1, 'train/optimizer_time_percent': 1.03, 'train/overhead_time_percent': 46.76, 'epoch': 0.2937062937062937}

{'loss': 1.4359, 'learning_rate': 0.0001, 'grad_norm': 0.2709673345088959, 'train/tokens_per_sec': 1637.7883718632236, 'train/step_time': 10.003734475999977, 'train/mfu': 81.97, 'train/efficiency': 54.96, 'train/forward_time_percent': 17.18, 'train/backward_time_percent': 36.81, 'train/optimizer_time_percent': 0.96, 'train/overhead_time_percent': 45.04, 'epoch': 0.29836829836829837}{'loss': 1.4359, 'learning_rate': 0.0001, 'grad_norm': 0.2709673345088959, 'train/tokens_per_sec': 1637.451447628189, 'train/step_time': 10.005792858000063, 'train/mfu': 85.01, 'train/efficiency': 53.1, 'train/forward_time_percent': 17.22, 'train/backward_time_percent': 34.83, 'train/optimizer_time_percent': 1.05, 'train/overhead_time_percent': 46.9, 'epoch': 0.29836829836829837}

{'loss': 1.1053, 'learning_rate': 0.0001, 'grad_norm': 0.2972449064254761, 'train/tokens_per_sec': 1638.1063727088945, 'train/step_time': 10.001792480000063, 'train/mfu': 83.59, 'train/efficiency': 54.01, 'train/forward_time_percent': 17.02, 'train/backward_time_percent': 35.94, 'train/optimizer_time_percent': 1.05, 'train/overhead_time_percent': 45.99, 'epoch': 0.30303030303030304}{'loss': 1.1053, 'learning_rate': 0.0001, 'grad_norm': 0.2972449064254761, 'train/tokens_per_sec': 1637.7003213612243, 'train/step_time': 10.004272323999999, 'train/mfu': 84.71, 'train/efficiency': 53.2, 'train/forward_time_percent': 16.98, 'train/backward_time_percent': 35.27, 'train/optimizer_time_percent': 0.95, 'train/overhead_time_percent': 46.8, 'epoch': 0.30303030303030304}

{'loss': 1.3284, 'learning_rate': 0.0001, 'grad_norm': 0.2889006733894348, 'train/tokens_per_sec': 1636.8015312148839, 'train/step_time': 10.009765807000008, 'train/mfu': 82.67, 'train/efficiency': 54.43, 'train/forward_time_percent': 17.33, 'train/backward_time_percent': 36.17, 'train/optimizer_time_percent': 0.92, 'train/overhead_time_percent': 45.57, 'epoch': 0.3076923076923077}{'loss': 1.3284, 'learning_rate': 0.0001, 'grad_norm': 0.2889006733894348, 'train/tokens_per_sec': 1636.566647832383, 'train/step_time': 10.011202429000036, 'train/mfu': 84.93, 'train/efficiency': 53.11, 'train/forward_time_percent': 17.0, 'train/backward_time_percent': 35.07, 'train/optimizer_time_percent': 1.04, 'train/overhead_time_percent': 46.89, 'epoch': 0.3076923076923077}

{'loss': 1.2741, 'learning_rate': 0.0001, 'grad_norm': 0.28186383843421936, 'train/tokens_per_sec': 1637.3995215477664, 'train/step_time': 10.006110166999974, 'train/mfu': 83.4, 'train/efficiency': 54.0, 'train/forward_time_percent': 16.62, 'train/backward_time_percent': 36.44, 'train/optimizer_time_percent': 0.95, 'train/overhead_time_percent': 46.0, 'epoch': 0.3123543123543124}
{'loss': 1.2741, 'learning_rate': 0.0001, 'grad_norm': 0.28186383843421936, 'train/tokens_per_sec': 1637.0563094198142, 'train/step_time': 10.008207967999965, 'train/mfu': 83.8, 'train/efficiency': 53.87, 'train/forward_time_percent': 17.17, 'train/backward_time_percent': 35.62, 'train/optimizer_time_percent': 1.07, 'train/overhead_time_percent': 46.13, 'epoch': 0.3123543123543124}
{'loss': 1.1419, 'learning_rate': 0.0001, 'grad_norm': 0.24881611764431, 'train/tokens_per_sec': 1637.9513510385657, 'train/step_time': 10.00273908600002, 'train/mfu': 83.73, 'train/efficiency': 53.75, 'train/forward_time_percent': 16.87, 'train/backward_time_percent': 36.0, 'train/optimizer_time_percent': 0.88, 'train/overhead_time_percent': 46.25, 'epoch': 0.317016317016317}
{'loss': 1.1419, 'learning_rate': 0.0001, 'grad_norm': 0.24881611764431, 'train/tokens_per_sec': 1636.5553164158355, 'train/step_time': 10.011271746000034, 'train/mfu': 86.08, 'train/efficiency': 52.42, 'train/forward_time_percent': 17.02, 'train/backward_time_percent': 34.36, 'train/optimizer_time_percent': 1.05, 'train/overhead_time_percent': 47.58, 'epoch': 0.317016317016317}
{'loss': 1.2428, 'learning_rate': 0.0001, 'grad_norm': 0.2564729154109955, 'train/tokens_per_sec': 1639.8324410283983, 'train/step_time': 9.991264710999985, 'train/mfu': 85.47, 'train/efficiency': 52.95, 'train/forward_time_percent': 16.83, 'train/backward_time_percent': 35.02, 'train/optimizer_time_percent': 1.1, 'train/overhead_time_percent': 47.05, 'epoch': 0.32167832167832167}
{'loss': 1.2428, 'learning_rate': 0.0001, 'grad_norm': 0.2564729154109955, 'train/tokens_per_sec': 1640.068004266622, 'train/step_time': 9.989829664000013, 'train/mfu': 83.11, 'train/efficiency': 54.22, 'train/forward_time_percent': 17.27, 'train/backward_time_percent': 36.06, 'train/optimizer_time_percent': 0.89, 'train/overhead_time_percent': 45.78, 'epoch': 0.32167832167832167}
  step    70  loss   1.3320  |     5594.9 ms
{'loss': 1.332, 'learning_rate': 0.0001, 'grad_norm': 0.2949883043766022, 'train/tokens_per_sec': 1634.8559581096122, 'train/step_time': 10.021678006999991, 'train/mfu': 85.5, 'train/efficiency': 52.73, 'train/forward_time_percent': 17.19, 'train/backward_time_percent': 34.48, 'train/optimizer_time_percent': 1.06, 'train/overhead_time_percent': 47.27, 'epoch': 0.32634032634032634}
{'loss': 1.332, 'learning_rate': 0.0001, 'grad_norm': 0.2949883043766022, 'train/tokens_per_sec': 1636.0318839308038, 'train/step_time': 10.014474754999924, 'train/mfu': 82.11, 'train/efficiency': 54.89, 'train/forward_time_percent': 17.15, 'train/backward_time_percent': 36.7, 'train/optimizer_time_percent': 1.04, 'train/overhead_time_percent': 45.11, 'epoch': 0.32634032634032634}
{'loss': 1.306, 'learning_rate': 0.0001, 'grad_norm': 0.3104456067085266, 'train/tokens_per_sec': 1637.954881666042, 'train/step_time': 10.002717524999866, 'train/mfu': 86.06, 'train/efficiency': 52.5, 'train/forward_time_percent': 16.98, 'train/backward_time_percent': 34.46, 'train/optimizer_time_percent': 1.06, 'train/overhead_time_percent': 47.5, 'epoch': 0.331002331002331}
{'loss': 1.306, 'learning_rate': 0.0001, 'grad_norm': 0.3104456067085266, 'train/tokens_per_sec': 1638.985535285709, 'train/step_time': 9.996427453000024, 'train/mfu': 81.57, 'train/efficiency': 55.28, 'train/forward_time_percent': 17.24, 'train/backward_time_percent': 37.06, 'train/optimizer_time_percent': 0.99, 'train/overhead_time_percent': 44.72, 'epoch': 0.331002331002331}
{'loss': 1.1792, 'learning_rate': 0.0001, 'grad_norm': 0.24037659168243408, 'train/tokens_per_sec': 1638.0103012968382, 'train/step_time': 10.002379097999892, 'train/mfu': 84.53, 'train/efficiency': 53.27, 'train/forward_time_percent': 17.22, 'train/backward_time_percent': 35.15, 'train/optimizer_time_percent': 0.9, 'train/overhead_time_percent': 46.73, 'epoch': 0.3356643356643357}
{'loss': 1.1792, 'learning_rate': 0.0001, 'grad_norm': 0.24037659168243408, 'train/tokens_per_sec': 1638.5223804173354, 'train/step_time': 9.99925310499998, 'train/mfu': 83.78, 'train/efficiency': 53.9, 'train/forward_time_percent': 16.88, 'train/backward_time_percent': 35.97, 'train/optimizer_time_percent': 1.05, 'train/overhead_time_percent': 46.1, 'epoch': 0.3356643356643357}
{'loss': 1.2084, 'learning_rate': 0.0001, 'grad_norm': 0.3101356029510498, 'train/tokens_per_sec': 1637.3100613574934, 'train/step_time': 10.006656885999973, 'train/mfu': 83.21, 'train/efficiency': 54.18, 'train/forward_time_percent': 17.65, 'train/backward_time_percent': 35.53, 'train/optimizer_time_percent': 1.01, 'train/overhead_time_percent': 45.82, 'epoch': 0.34032634032634035}
{'loss': 1.2084, 'learning_rate': 0.0001, 'grad_norm': 0.3101356029510498, 'train/tokens_per_sec': 1636.0403403259907, 'train/step_time': 10.014422991999936, 'train/mfu': 85.11, 'train/efficiency': 53.01, 'train/forward_time_percent': 17.51, 'train/backward_time_percent': 34.44, 'train/optimizer_time_percent': 1.06, 'train/overhead_time_percent': 46.99, 'epoch': 0.34032634032634035}
{'loss': 1.1674, 'learning_rate': 0.0001, 'grad_norm': 0.4309692084789276, 'train/tokens_per_sec': 1638.4591765577527, 'train/step_time': 9.999638828000116, 'train/mfu': 85.65, 'train/efficiency': 52.74, 'train/forward_time_percent': 16.61, 'train/backward_time_percent': 35.08, 'train/optimizer_time_percent': 1.05, 'train/overhead_time_percent': 47.26, 'epoch': 0.34498834498834496}
{'loss': 1.1674, 'learning_rate': 0.0001, 'grad_norm': 0.4309692084789276, 'train/tokens_per_sec': 1639.124138654575, 'train/step_time': 9.995582160999902, 'train/mfu': 83.49, 'train/efficiency': 53.95, 'train/forward_time_percent': 17.38, 'train/backward_time_percent': 35.68, 'train/optimizer_time_percent': 0.89, 'train/overhead_time_percent': 46.05, 'epoch': 0.34498834498834496}
{'loss': 1.0602, 'learning_rate': 0.0001, 'grad_norm': 0.2788292169570923, 'train/tokens_per_sec': 1637.8012981323184, 'train/step_time': 10.003655521999917, 'train/mfu': 84.69, 'train/efficiency': 53.18, 'train/forward_time_percent': 16.61, 'train/backward_time_percent': 35.66, 'train/optimizer_time_percent': 0.92, 'train/overhead_time_percent': 46.82, 'epoch': 0.34965034965034963}
{'loss': 1.0602, 'learning_rate': 0.0001, 'grad_norm': 0.2788292169570923, 'train/tokens_per_sec': 1637.0536837763643, 'train/step_time': 10.008224019999943, 'train/mfu': 85.73, 'train/efficiency': 52.61, 'train/forward_time_percent': 17.02, 'train/backward_time_percent': 34.58, 'train/optimizer_time_percent': 1.0, 'train/overhead_time_percent': 47.39, 'epoch': 0.34965034965034963}
{'loss': 1.4518, 'learning_rate': 0.0001, 'grad_norm': 0.24950569868087769, 'train/tokens_per_sec': 1639.0265516633099, 'train/step_time': 9.996177294000063, 'train/mfu': 83.54, 'train/efficiency': 53.99, 'train/forward_time_percent': 17.17, 'train/backward_time_percent': 35.85, 'train/optimizer_time_percent': 0.97, 'train/overhead_time_percent': 46.01, 'epoch': 0.3543123543123543}
{'loss': 1.4518, 'learning_rate': 0.0001, 'grad_norm': 0.24950569868087769, 'train/tokens_per_sec': 1638.7113345057844, 'train/step_time': 9.998100126000054, 'train/mfu': 85.21, 'train/efficiency': 53.03, 'train/forward_time_percent': 17.41, 'train/backward_time_percent': 34.56, 'train/optimizer_time_percent': 1.06, 'train/overhead_time_percent': 46.97, 'epoch': 0.3543123543123543}
{'loss': 1.4697, 'learning_rate': 0.0001, 'grad_norm': 0.30061662197113037, 'train/tokens_per_sec': 1638.3219251133319, 'train/step_time': 10.000476553999988, 'train/mfu': 83.09, 'train/efficiency': 54.34, 'train/forward_time_percent': 16.97, 'train/backward_time_percent': 36.31, 'train/optimizer_time_percent': 1.05, 'train/overhead_time_percent': 45.66, 'epoch': 0.358974358974359}{'loss': 1.4697, 'learning_rate': 0.0001, 'grad_norm': 0.30061662197113037, 'train/tokens_per_sec': 1637.6181609682867, 'train/step_time': 10.004774245000135, 'train/mfu': 84.56, 'train/efficiency': 53.46, 'train/forward_time_percent': 17.19, 'train/backward_time_percent': 35.15, 'train/optimizer_time_percent': 1.13, 'train/overhead_time_percent': 46.54, 'epoch': 0.358974358974359}

{'loss': 1.1779, 'learning_rate': 0.0001, 'grad_norm': 0.28565725684165955, 'train/tokens_per_sec': 1635.0080058510378, 'train/step_time': 10.020746039999949, 'train/mfu': 84.29, 'train/efficiency': 53.35, 'train/forward_time_percent': 17.41, 'train/backward_time_percent': 35.01, 'train/optimizer_time_percent': 0.93, 'train/overhead_time_percent': 46.65, 'epoch': 0.36363636363636365}
{'loss': 1.1779, 'learning_rate': 0.0001, 'grad_norm': 0.28565725684165955, 'train/tokens_per_sec': 1635.6244287612647, 'train/step_time': 10.016969489999838, 'train/mfu': 83.25, 'train/efficiency': 53.98, 'train/forward_time_percent': 17.51, 'train/backward_time_percent': 35.58, 'train/optimizer_time_percent': 0.89, 'train/overhead_time_percent': 46.02, 'epoch': 0.36363636363636365}
{'loss': 1.2636, 'learning_rate': 0.0001, 'grad_norm': 0.34812942147254944, 'train/tokens_per_sec': 1638.588402928266, 'train/step_time': 9.99885021199998, 'train/mfu': 86.3, 'train/efficiency': 52.37, 'train/forward_time_percent': 16.94, 'train/backward_time_percent': 34.37, 'train/optimizer_time_percent': 1.06, 'train/overhead_time_percent': 47.63, 'epoch': 0.3682983682983683}
{'loss': 1.2636, 'learning_rate': 0.0001, 'grad_norm': 0.34812942147254944, 'train/tokens_per_sec': 1639.5405081532158, 'train/step_time': 9.993043732999922, 'train/mfu': 82.77, 'train/efficiency': 54.42, 'train/forward_time_percent': 16.82, 'train/backward_time_percent': 36.71, 'train/optimizer_time_percent': 0.89, 'train/overhead_time_percent': 45.58, 'epoch': 0.3682983682983683}
  step    80  loss   1.6365  |     5746.3 ms
{'loss': 1.6365, 'learning_rate': 0.0001, 'grad_norm': 1.167935848236084, 'train/tokens_per_sec': 1636.152502550784, 'train/step_time': 10.013736479000045, 'train/mfu': 83.38, 'train/efficiency': 54.1, 'train/forward_time_percent': 17.31, 'train/backward_time_percent': 35.72, 'train/optimizer_time_percent': 1.08, 'train/overhead_time_percent': 45.9, 'epoch': 0.372960372960373}
{'loss': 1.6365, 'learning_rate': 0.0001, 'grad_norm': 1.167935848236084, 'train/tokens_per_sec': 1636.2992409829797, 'train/step_time': 10.012838476999832, 'train/mfu': 83.12, 'train/efficiency': 54.12, 'train/forward_time_percent': 16.98, 'train/backward_time_percent': 36.21, 'train/optimizer_time_percent': 0.92, 'train/overhead_time_percent': 45.88, 'epoch': 0.372960372960373}
{'loss': 1.2262, 'learning_rate': 0.0001, 'grad_norm': 0.2556026875972748, 'train/tokens_per_sec': 1637.5621778293387, 'train/step_time': 10.00511627700007, 'train/mfu': 83.97, 'train/efficiency': 53.62, 'train/forward_time_percent': 16.85, 'train/backward_time_percent': 35.85, 'train/optimizer_time_percent': 0.92, 'train/overhead_time_percent': 46.38, 'epoch': 0.3776223776223776}
{'loss': 1.2262, 'learning_rate': 0.0001, 'grad_norm': 0.2556026875972748, 'train/tokens_per_sec': 1636.9341721015323, 'train/step_time': 10.008954714999845, 'train/mfu': 84.28, 'train/efficiency': 53.53, 'train/forward_time_percent': 16.88, 'train/backward_time_percent': 35.61, 'train/optimizer_time_percent': 1.04, 'train/overhead_time_percent': 46.47, 'epoch': 0.3776223776223776}
{'loss': 1.2301, 'learning_rate': 0.0001, 'grad_norm': 0.31312134861946106, 'train/tokens_per_sec': 1636.3799275979318, 'train/step_time': 10.01234476400009, 'train/mfu': 84.12, 'train/efficiency': 53.63, 'train/forward_time_percent': 16.48, 'train/backward_time_percent': 36.09, 'train/optimizer_time_percent': 1.06, 'train/overhead_time_percent': 46.37, 'epoch': 0.3822843822843823}{'loss': 1.2301, 'learning_rate': 0.0001, 'grad_norm': 0.31312134861946106, 'train/tokens_per_sec': 1636.6604575930608, 'train/step_time': 10.010628608999923, 'train/mfu': 83.97, 'train/efficiency': 53.68, 'train/forward_time_percent': 17.17, 'train/backward_time_percent': 35.5, 'train/optimizer_time_percent': 1.01, 'train/overhead_time_percent': 46.32, 'epoch': 0.3822843822843823}

{'loss': 1.1929, 'learning_rate': 0.0001, 'grad_norm': 0.2756251394748688, 'train/tokens_per_sec': 1636.3189302390508, 'train/step_time': 10.012717995999992, 'train/mfu': 83.36, 'train/efficiency': 54.1, 'train/forward_time_percent': 17.52, 'train/backward_time_percent': 35.53, 'train/optimizer_time_percent': 1.05, 'train/overhead_time_percent': 45.9, 'epoch': 0.38694638694638694}
{'loss': 1.1929, 'learning_rate': 0.0001, 'grad_norm': 0.2756251394748688, 'train/tokens_per_sec': 1635.9856062255735, 'train/step_time': 10.014758038000082, 'train/mfu': 84.65, 'train/efficiency': 53.29, 'train/forward_time_percent': 17.05, 'train/backward_time_percent': 35.18, 'train/optimizer_time_percent': 1.06, 'train/overhead_time_percent': 46.71, 'epoch': 0.38694638694638694}
{'loss': 1.2696, 'learning_rate': 0.0001, 'grad_norm': 0.2987631857395172, 'train/tokens_per_sec': 1638.8351064598023, 'train/step_time': 9.997345025999948, 'train/mfu': 83.42, 'train/efficiency': 54.17, 'train/forward_time_percent': 17.32, 'train/backward_time_percent': 35.77, 'train/optimizer_time_percent': 1.08, 'train/overhead_time_percent': 45.83, 'epoch': 0.3916083916083916}
{'loss': 1.2696, 'learning_rate': 0.0001, 'grad_norm': 0.2987631857395172, 'train/tokens_per_sec': 1639.5073509724891, 'train/step_time': 9.993245831000195, 'train/mfu': 82.84, 'train/efficiency': 54.52, 'train/forward_time_percent': 17.4, 'train/backward_time_percent': 36.08, 'train/optimizer_time_percent': 1.03, 'train/overhead_time_percent': 45.48, 'epoch': 0.3916083916083916}
{'loss': 1.0718, 'learning_rate': 0.0001, 'grad_norm': 0.22733867168426514, 'train/tokens_per_sec': 1639.711393621013, 'train/step_time': 9.992002289999846, 'train/mfu': 83.74, 'train/efficiency': 53.96, 'train/forward_time_percent': 17.04, 'train/backward_time_percent': 35.88, 'train/optimizer_time_percent': 1.05, 'train/overhead_time_percent': 46.04, 'epoch': 0.3962703962703963}
{'loss': 1.0718, 'learning_rate': 0.0001, 'grad_norm': 0.22733867168426514, 'train/tokens_per_sec': 1639.615539309645, 'train/step_time': 9.992586437, 'train/mfu': 84.34, 'train/efficiency': 53.61, 'train/forward_time_percent': 17.33, 'train/backward_time_percent': 35.2, 'train/optimizer_time_percent': 1.07, 'train/overhead_time_percent': 46.39, 'epoch': 0.3962703962703963}
{'loss': 1.4997, 'learning_rate': 0.0001, 'grad_norm': 0.2818211019039154, 'train/tokens_per_sec': 1637.8826775407192, 'train/step_time': 10.00315848299988, 'train/mfu': 84.41, 'train/efficiency': 53.47, 'train/forward_time_percent': 17.54, 'train/backward_time_percent': 34.9, 'train/optimizer_time_percent': 1.03, 'train/overhead_time_percent': 46.53, 'epoch': 0.40093240093240096}
{'loss': 1.4997, 'learning_rate': 0.0001, 'grad_norm': 0.2818211019039154, 'train/tokens_per_sec': 1638.034324070897, 'train/step_time': 10.002232406999838, 'train/mfu': 83.9, 'train/efficiency': 53.82, 'train/forward_time_percent': 17.31, 'train/backward_time_percent': 35.45, 'train/optimizer_time_percent': 1.06, 'train/overhead_time_percent': 46.18, 'epoch': 0.40093240093240096}
{'loss': 1.1078, 'learning_rate': 0.0001, 'grad_norm': 0.3047220706939697, 'train/tokens_per_sec': 1638.4580005940034, 'train/step_time': 9.999646004999931, 'train/mfu': 83.8, 'train/efficiency': 53.76, 'train/forward_time_percent': 17.83, 'train/backward_time_percent': 35.0, 'train/optimizer_time_percent': 0.92, 'train/overhead_time_percent': 46.24, 'epoch': 0.40559440559440557}
{'loss': 1.1078, 'learning_rate': 0.0001, 'grad_norm': 0.3047220706939697, 'train/tokens_per_sec': 1638.8420396190552, 'train/step_time': 9.99730273199998, 'train/mfu': 83.3, 'train/efficiency': 54.06, 'train/forward_time_percent': 17.2, 'train/backward_time_percent': 35.97, 'train/optimizer_time_percent': 0.9, 'train/overhead_time_percent': 45.94, 'epoch': 0.40559440559440557}
{'loss': 1.4501, 'learning_rate': 0.0001, 'grad_norm': 0.25858795642852783, 'train/tokens_per_sec': 1638.8194371524025, 'train/step_time': 9.99744061399997, 'train/mfu': 83.27, 'train/efficiency': 54.08, 'train/forward_time_percent': 16.69, 'train/backward_time_percent': 36.49, 'train/optimizer_time_percent': 0.9, 'train/overhead_time_percent': 45.92, 'epoch': 0.41025641025641024}
{'loss': 1.4501, 'learning_rate': 0.0001, 'grad_norm': 0.25858795642852783, 'train/tokens_per_sec': 1638.023246790718, 'train/step_time': 10.002300048000052, 'train/mfu': 83.84, 'train/efficiency': 53.87, 'train/forward_time_percent': 17.23, 'train/backward_time_percent': 35.56, 'train/optimizer_time_percent': 1.08, 'train/overhead_time_percent': 46.13, 'epoch': 0.41025641025641024}
{'loss': 1.1893, 'learning_rate': 0.0001, 'grad_norm': 0.26201146841049194, 'train/tokens_per_sec': 1637.7403717323584, 'train/step_time': 10.00402767300011, 'train/mfu': 84.23, 'train/efficiency': 53.53, 'train/forward_time_percent': 16.56, 'train/backward_time_percent': 35.98, 'train/optimizer_time_percent': 0.98, 'train/overhead_time_percent': 46.47, 'epoch': 0.4149184149184149}
{'loss': 1.1893, 'learning_rate': 0.0001, 'grad_norm': 0.26201146841049194, 'train/tokens_per_sec': 1637.5125122674253, 'train/step_time': 10.005419731000075, 'train/mfu': 85.24, 'train/efficiency': 52.99, 'train/forward_time_percent': 17.23, 'train/backward_time_percent': 34.68, 'train/optimizer_time_percent': 1.08, 'train/overhead_time_percent': 47.01, 'epoch': 0.4149184149184149}
  step    90  loss   1.6390  |     5760.6 ms
{'loss': 1.639, 'learning_rate': 0.0001, 'grad_norm': 0.3424135446548462, 'train/tokens_per_sec': 1637.871731006687, 'train/step_time': 10.003225337999993, 'train/mfu': 83.32, 'train/efficiency': 54.16, 'train/forward_time_percent': 17.19, 'train/backward_time_percent': 35.93, 'train/optimizer_time_percent': 1.04, 'train/overhead_time_percent': 45.84, 'epoch': 0.4195804195804196}
{'loss': 1.639, 'learning_rate': 0.0001, 'grad_norm': 0.3424135446548462, 'train/tokens_per_sec': 1637.4818339697856, 'train/step_time': 10.005607182999938, 'train/mfu': 84.77, 'train/efficiency': 53.09, 'train/forward_time_percent': 17.25, 'train/backward_time_percent': 34.95, 'train/optimizer_time_percent': 0.88, 'train/overhead_time_percent': 46.91, 'epoch': 0.4195804195804196}
{'loss': 1.3755, 'learning_rate': 0.0001, 'grad_norm': 0.28226238489151, 'train/tokens_per_sec': 1637.7276309211006, 'train/step_time': 10.00410550000015, 'train/mfu': 85.0, 'train/efficiency': 52.99, 'train/forward_time_percent': 17.02, 'train/backward_time_percent': 35.05, 'train/optimizer_time_percent': 0.92, 'train/overhead_time_percent': 47.01, 'epoch': 0.42424242424242425}{'loss': 1.3755, 'learning_rate': 0.0001, 'grad_norm': 0.28226238489151, 'train/tokens_per_sec': 1638.5643665217435, 'train/step_time': 9.998996886999976, 'train/mfu': 83.6, 'train/efficiency': 53.93, 'train/forward_time_percent': 16.9, 'train/backward_time_percent': 36.07, 'train/optimizer_time_percent': 0.96, 'train/overhead_time_percent': 46.07, 'epoch': 0.42424242424242425}

{'loss': 1.2882, 'learning_rate': 0.0001, 'grad_norm': 0.24441403150558472, 'train/tokens_per_sec': 1636.522844309517, 'train/step_time': 10.011470391000103, 'train/mfu': 81.97, 'train/efficiency': 54.83, 'train/forward_time_percent': 17.2, 'train/backward_time_percent': 36.76, 'train/optimizer_time_percent': 0.87, 'train/overhead_time_percent': 45.17, 'epoch': 0.4289044289044289}
{'loss': 1.2882, 'learning_rate': 0.0001, 'grad_norm': 0.24441403150558472, 'train/tokens_per_sec': 1635.5397742578446, 'train/step_time': 10.017487961999905, 'train/mfu': 86.53, 'train/efficiency': 52.16, 'train/forward_time_percent': 16.6, 'train/backward_time_percent': 34.48, 'train/optimizer_time_percent': 1.08, 'train/overhead_time_percent': 47.84, 'epoch': 0.4289044289044289}
{'loss': 1.2647, 'learning_rate': 0.0001, 'grad_norm': 0.23827394843101501, 'train/tokens_per_sec': 1639.4565556467137, 'train/step_time': 9.993555451999782, 'train/mfu': 83.71, 'train/efficiency': 53.9, 'train/forward_time_percent': 17.1, 'train/backward_time_percent': 35.83, 'train/optimizer_time_percent': 0.97, 'train/overhead_time_percent': 46.1, 'epoch': 0.43356643356643354}
{'loss': 1.2647, 'learning_rate': 0.0001, 'grad_norm': 0.23827394843101501, 'train/tokens_per_sec': 1639.6863537847773, 'train/step_time': 9.992154878999827, 'train/mfu': 83.58, 'train/efficiency': 54.08, 'train/forward_time_percent': 17.04, 'train/backward_time_percent': 35.98, 'train/optimizer_time_percent': 1.06, 'train/overhead_time_percent': 45.92, 'epoch': 0.43356643356643354}
{'loss': 1.2485, 'learning_rate': 0.0001, 'grad_norm': 0.3004181981086731, 'train/tokens_per_sec': 1638.0628073919752, 'train/step_time': 10.002058484000145, 'train/mfu': 84.05, 'train/efficiency': 53.73, 'train/forward_time_percent': 17.17, 'train/backward_time_percent': 35.49, 'train/optimizer_time_percent': 1.07, 'train/overhead_time_percent': 46.27, 'epoch': 0.4382284382284382}
{'loss': 1.2485, 'learning_rate': 0.0001, 'grad_norm': 0.3004181981086731, 'train/tokens_per_sec': 1637.8983205890545, 'train/step_time': 10.003062946, 'train/mfu': 83.7, 'train/efficiency': 53.76, 'train/forward_time_percent': 16.74, 'train/backward_time_percent': 36.14, 'train/optimizer_time_percent': 0.88, 'train/overhead_time_percent': 46.24, 'epoch': 0.4382284382284382}
{'loss': 1.3595, 'learning_rate': 0.0001, 'grad_norm': 0.2564513087272644, 'train/tokens_per_sec': 1637.311628858582, 'train/step_time': 10.006647305999877, 'train/mfu': 83.96, 'train/efficiency': 53.74, 'train/forward_time_percent': 17.08, 'train/backward_time_percent': 35.62, 'train/optimizer_time_percent': 1.04, 'train/overhead_time_percent': 46.26, 'epoch': 0.4428904428904429}
{'loss': 1.3595, 'learning_rate': 0.0001, 'grad_norm': 0.2564513087272644, 'train/tokens_per_sec': 1637.528466902983, 'train/step_time': 10.005322246999867, 'train/mfu': 83.1, 'train/efficiency': 54.14, 'train/forward_time_percent': 17.09, 'train/backward_time_percent': 36.16, 'train/optimizer_time_percent': 0.89, 'train/overhead_time_percent': 45.86, 'epoch': 0.4428904428904429}
{'loss': 1.2581, 'learning_rate': 0.0001, 'grad_norm': 0.27094146609306335, 'train/tokens_per_sec': 1638.8419348687912, 'train/step_time': 9.997303371000044, 'train/mfu': 85.55, 'train/efficiency': 52.69, 'train/forward_time_percent': 17.14, 'train/backward_time_percent': 34.63, 'train/optimizer_time_percent': 0.92, 'train/overhead_time_percent': 47.31, 'epoch': 0.44755244755244755}
{'loss': 1.2581, 'learning_rate': 0.0001, 'grad_norm': 0.27094146609306335, 'train/tokens_per_sec': 1639.3087849225453, 'train/step_time': 9.994456291999995, 'train/mfu': 85.43, 'train/efficiency': 52.91, 'train/forward_time_percent': 16.65, 'train/backward_time_percent': 35.2, 'train/optimizer_time_percent': 1.06, 'train/overhead_time_percent': 47.09, 'epoch': 0.44755244755244755}
{'loss': 1.6337, 'learning_rate': 0.0001, 'grad_norm': 0.268111914396286, 'train/tokens_per_sec': 1635.834347920876, 'train/step_time': 10.015684058000033, 'train/mfu': 85.11, 'train/efficiency': 52.96, 'train/forward_time_percent': 16.82, 'train/backward_time_percent': 35.12, 'train/optimizer_time_percent': 1.02, 'train/overhead_time_percent': 47.04, 'epoch': 0.4522144522144522}
{'loss': 1.6337, 'learning_rate': 0.0001, 'grad_norm': 0.268111914396286, 'train/tokens_per_sec': 1636.7917164485245, 'train/step_time': 10.009825829000192, 'train/mfu': 83.08, 'train/efficiency': 54.21, 'train/forward_time_percent': 17.44, 'train/backward_time_percent': 35.8, 'train/optimizer_time_percent': 0.97, 'train/overhead_time_percent': 45.79, 'epoch': 0.4522144522144522}
{'loss': 1.2797, 'learning_rate': 0.0001, 'grad_norm': 0.30972203612327576, 'train/tokens_per_sec': 1640.277408376639, 'train/step_time': 9.988554324000006, 'train/mfu': 83.21, 'train/efficiency': 54.18, 'train/forward_time_percent': 17.53, 'train/backward_time_percent': 35.75, 'train/optimizer_time_percent': 0.9, 'train/overhead_time_percent': 45.82, 'epoch': 0.4568764568764569}
{'loss': 1.2797, 'learning_rate': 0.0001, 'grad_norm': 0.30972203612327576, 'train/tokens_per_sec': 1640.375125328895, 'train/step_time': 9.987959306999983, 'train/mfu': 83.41, 'train/efficiency': 54.21, 'train/forward_time_percent': 17.32, 'train/backward_time_percent': 35.82, 'train/optimizer_time_percent': 1.07, 'train/overhead_time_percent': 45.79, 'epoch': 0.4568764568764569}
{'loss': 1.558, 'learning_rate': 0.0001, 'grad_norm': 0.28392359614372253, 'train/tokens_per_sec': 1638.5032776470182, 'train/step_time': 9.999369683000168, 'train/mfu': 84.42, 'train/efficiency': 53.35, 'train/forward_time_percent': 17.2, 'train/backward_time_percent': 35.25, 'train/optimizer_time_percent': 0.9, 'train/overhead_time_percent': 46.65, 'epoch': 0.46153846153846156}
{'loss': 1.558, 'learning_rate': 0.0001, 'grad_norm': 0.28392359614372253, 'train/tokens_per_sec': 1638.131472083245, 'train/step_time': 10.001639233000105, 'train/mfu': 85.43, 'train/efficiency': 52.87, 'train/forward_time_percent': 17.16, 'train/backward_time_percent': 34.66, 'train/optimizer_time_percent': 1.05, 'train/overhead_time_percent': 47.13, 'epoch': 0.46153846153846156}
  step   100  loss   1.2466  |     5709.3 ms
{'loss': 1.2466, 'learning_rate': 0.0001, 'grad_norm': 0.25069382786750793, 'train/tokens_per_sec': 1638.8268203180435, 'train/step_time': 9.997395573999938, 'train/mfu': 83.65, 'train/efficiency': 53.83, 'train/forward_time_percent': 17.34, 'train/backward_time_percent': 35.61, 'train/optimizer_time_percent': 0.88, 'train/overhead_time_percent': 46.17, 'epoch': 0.4662004662004662}
{'loss': 1.2466, 'learning_rate': 0.0001, 'grad_norm': 0.25069382786750793, 'train/tokens_per_sec': 1638.0170420988659, 'train/step_time': 10.002337936000004, 'train/mfu': 86.88, 'train/efficiency': 51.99, 'train/forward_time_percent': 17.13, 'train/backward_time_percent': 33.82, 'train/optimizer_time_percent': 1.04, 'train/overhead_time_percent': 48.01, 'epoch': 0.4662004662004662}
{'loss': 1.3383, 'learning_rate': 0.0001, 'grad_norm': 0.28786417841911316, 'train/tokens_per_sec': 1637.6327454768036, 'train/step_time': 10.004685144000177, 'train/mfu': 83.24, 'train/efficiency': 54.15, 'train/forward_time_percent': 17.49, 'train/backward_time_percent': 35.67, 'train/optimizer_time_percent': 0.98, 'train/overhead_time_percent': 45.85, 'epoch': 0.47086247086247085}
{'loss': 1.3383, 'learning_rate': 0.0001, 'grad_norm': 0.28786417841911316, 'train/tokens_per_sec': 1636.9219055168312, 'train/step_time': 10.009029718999955, 'train/mfu': 84.85, 'train/efficiency': 53.16, 'train/forward_time_percent': 16.72, 'train/backward_time_percent': 35.41, 'train/optimizer_time_percent': 1.02, 'train/overhead_time_percent': 46.84, 'epoch': 0.47086247086247085}
{'loss': 1.1929, 'learning_rate': 0.0001, 'grad_norm': 0.24968266487121582, 'train/tokens_per_sec': 1638.985499543061, 'train/step_time': 9.996427670999992, 'train/mfu': 86.24, 'train/efficiency': 52.27, 'train/forward_time_percent': 16.71, 'train/backward_time_percent': 34.65, 'train/optimizer_time_percent': 0.91, 'train/overhead_time_percent': 47.73, 'epoch': 0.4755244755244755}
{'loss': 1.1929, 'learning_rate': 0.0001, 'grad_norm': 0.24968266487121582, 'train/tokens_per_sec': 1639.7629320867961, 'train/step_time': 9.991688236999835, 'train/mfu': 82.24, 'train/efficiency': 54.76, 'train/forward_time_percent': 17.2, 'train/backward_time_percent': 36.68, 'train/optimizer_time_percent': 0.88, 'train/overhead_time_percent': 45.24, 'epoch': 0.4755244755244755}
{'loss': 1.4225, 'learning_rate': 0.0001, 'grad_norm': 0.2312091737985611, 'train/tokens_per_sec': 1636.8206031556465, 'train/step_time': 10.00964917500005, 'train/mfu': 84.29, 'train/efficiency': 53.49, 'train/forward_time_percent': 16.88, 'train/backward_time_percent': 35.59, 'train/optimizer_time_percent': 1.01, 'train/overhead_time_percent': 46.51, 'epoch': 0.4801864801864802}
{'loss': 1.4225, 'learning_rate': 0.0001, 'grad_norm': 0.2312091737985611, 'train/tokens_per_sec': 1637.6756963263433, 'train/step_time': 10.004422753999961, 'train/mfu': 82.13, 'train/efficiency': 54.93, 'train/forward_time_percent': 17.12, 'train/backward_time_percent': 36.76, 'train/optimizer_time_percent': 1.04, 'train/overhead_time_percent': 45.07, 'epoch': 0.4801864801864802}
{'loss': 1.1824, 'learning_rate': 0.0001, 'grad_norm': 0.22954712808132172, 'train/tokens_per_sec': 1637.7349350043992, 'train/step_time': 10.004060882999966, 'train/mfu': 83.23, 'train/efficiency': 54.11, 'train/forward_time_percent': 16.74, 'train/backward_time_percent': 36.44, 'train/optimizer_time_percent': 0.93, 'train/overhead_time_percent': 45.89, 'epoch': 0.48484848484848486}
{'loss': 1.1824, 'learning_rate': 0.0001, 'grad_norm': 0.22954712808132172, 'train/tokens_per_sec': 1638.493357419125, 'train/step_time': 9.99943022399998, 'train/mfu': 82.85, 'train/efficiency': 54.5, 'train/forward_time_percent': 17.4, 'train/backward_time_percent': 36.04, 'train/optimizer_time_percent': 1.06, 'train/overhead_time_percent': 45.5, 'epoch': 0.48484848484848486}
{'loss': 1.1954, 'learning_rate': 0.0001, 'grad_norm': 0.2362750619649887, 'train/tokens_per_sec': 1637.3386649610445, 'train/step_time': 10.006482074000132, 'train/mfu': 83.18, 'train/efficiency': 54.19, 'train/forward_time_percent': 16.64, 'train/backward_time_percent': 36.56, 'train/optimizer_time_percent': 1.0, 'train/overhead_time_percent': 45.81, 'epoch': 0.48951048951048953}{'loss': 1.1954, 'learning_rate': 0.0001, 'grad_norm': 0.2362750619649887, 'train/tokens_per_sec': 1637.683934818338, 'train/step_time': 10.004372426000145, 'train/mfu': 82.9, 'train/efficiency': 54.28, 'train/forward_time_percent': 17.01, 'train/backward_time_percent': 36.38, 'train/optimizer_time_percent': 0.89, 'train/overhead_time_percent': 45.72, 'epoch': 0.48951048951048953}

{'loss': 1.3078, 'learning_rate': 0.0001, 'grad_norm': 0.2740188539028168, 'train/tokens_per_sec': 1637.8676844856118, 'train/step_time': 10.003250052000112, 'train/mfu': 84.47, 'train/efficiency': 53.41, 'train/forward_time_percent': 16.98, 'train/backward_time_percent': 35.42, 'train/optimizer_time_percent': 1.01, 'train/overhead_time_percent': 46.59, 'epoch': 0.49417249417249415}
{'loss': 1.3078, 'learning_rate': 0.0001, 'grad_norm': 0.2740188539028168, 'train/tokens_per_sec': 1638.6522249555032, 'train/step_time': 9.99846077799998, 'train/mfu': 83.18, 'train/efficiency': 54.28, 'train/forward_time_percent': 17.2, 'train/backward_time_percent': 36.04, 'train/optimizer_time_percent': 1.04, 'train/overhead_time_percent': 45.72, 'epoch': 0.49417249417249415}
{'loss': 1.4525, 'learning_rate': 0.0001, 'grad_norm': 0.27094507217407227, 'train/tokens_per_sec': 1638.9926205597067, 'train/step_time': 9.99638423899978, 'train/mfu': 84.91, 'train/efficiency': 53.26, 'train/forward_time_percent': 17.48, 'train/backward_time_percent': 34.68, 'train/optimizer_time_percent': 1.09, 'train/overhead_time_percent': 46.74, 'epoch': 0.4988344988344988}
{'loss': 1.4525, 'learning_rate': 0.0001, 'grad_norm': 0.27094507217407227, 'train/tokens_per_sec': 1639.1981632872526, 'train/step_time': 9.99513077000006, 'train/mfu': 84.43, 'train/efficiency': 53.35, 'train/forward_time_percent': 16.88, 'train/backward_time_percent': 35.58, 'train/optimizer_time_percent': 0.89, 'train/overhead_time_percent': 46.65, 'epoch': 0.4988344988344988}
{'loss': 1.2758, 'learning_rate': 0.0001, 'grad_norm': 0.2830045223236084, 'train/tokens_per_sec': 1637.3630579753776, 'train/step_time': 10.00633300000004, 'train/mfu': 82.52, 'train/efficiency': 54.51, 'train/forward_time_percent': 17.33, 'train/backward_time_percent': 36.29, 'train/optimizer_time_percent': 0.88, 'train/overhead_time_percent': 45.49, 'epoch': 0.5034965034965035}
{'loss': 1.2758, 'learning_rate': 0.0001, 'grad_norm': 0.2830045223236084, 'train/tokens_per_sec': 1636.5158297388082, 'train/step_time': 10.011513302999901, 'train/mfu': 86.05, 'train/efficiency': 52.27, 'train/forward_time_percent': 16.97, 'train/backward_time_percent': 34.43, 'train/optimizer_time_percent': 0.88, 'train/overhead_time_percent': 47.73, 'epoch': 0.5034965034965035}
{'loss': 1.2678, 'learning_rate': 0.0001, 'grad_norm': 0.26302123069763184, 'train/tokens_per_sec': 1638.206651806643, 'train/step_time': 10.001180243000135, 'train/mfu': 81.33, 'train/efficiency': 55.38, 'train/forward_time_percent': 17.06, 'train/backward_time_percent': 37.36, 'train/optimizer_time_percent': 0.96, 'train/overhead_time_percent': 44.62, 'epoch': 0.5081585081585082}
{'loss': 1.2678, 'learning_rate': 0.0001, 'grad_norm': 0.26302123069763184, 'train/tokens_per_sec': 1637.995296079582, 'train/step_time': 10.002470727000173, 'train/mfu': 79.59, 'train/efficiency': 56.64, 'train/forward_time_percent': 16.85, 'train/backward_time_percent': 38.76, 'train/optimizer_time_percent': 1.03, 'train/overhead_time_percent': 43.36, 'epoch': 0.5081585081585082}
  step   110  loss   0.8649  |     5496.7 ms
{'loss': 0.8649, 'learning_rate': 0.0001, 'grad_norm': 0.24477072060108185, 'train/tokens_per_sec': 1637.4694194153035, 'train/step_time': 10.005683041000111, 'train/mfu': 87.28, 'train/efficiency': 51.64, 'train/forward_time_percent': 16.6, 'train/backward_time_percent': 34.1, 'train/optimizer_time_percent': 0.94, 'train/overhead_time_percent': 48.36, 'epoch': 0.5128205128205128}
{'loss': 0.8649, 'learning_rate': 0.0001, 'grad_norm': 0.24477072060108185, 'train/tokens_per_sec': 1638.043757915936, 'train/step_time': 10.0021748019999, 'train/mfu': 83.4, 'train/efficiency': 54.12, 'train/forward_time_percent': 17.06, 'train/backward_time_percent': 36.01, 'train/optimizer_time_percent': 1.04, 'train/overhead_time_percent': 45.88, 'epoch': 0.5128205128205128}
{'loss': 1.6096, 'learning_rate': 0.0001, 'grad_norm': 0.2613285779953003, 'train/tokens_per_sec': 1638.1385783102567, 'train/step_time': 10.001595845999873, 'train/mfu': 83.47, 'train/efficiency': 54.01, 'train/forward_time_percent': 17.12, 'train/backward_time_percent': 35.91, 'train/optimizer_time_percent': 0.98, 'train/overhead_time_percent': 45.99, 'epoch': 0.5174825174825175}
{'loss': 1.6096, 'learning_rate': 0.0001, 'grad_norm': 0.2613285779953003, 'train/tokens_per_sec': 1638.4253715084283, 'train/step_time': 9.99984514699986, 'train/mfu': 82.9, 'train/efficiency': 54.47, 'train/forward_time_percent': 17.44, 'train/backward_time_percent': 35.97, 'train/optimizer_time_percent': 1.06, 'train/overhead_time_percent': 45.53, 'epoch': 0.5174825174825175}
{'loss': 1.2205, 'learning_rate': 0.0001, 'grad_norm': 0.27680233120918274, 'train/tokens_per_sec': 1637.8745382371771, 'train/step_time': 10.003208192999864, 'train/mfu': 83.15, 'train/efficiency': 54.27, 'train/forward_time_percent': 17.22, 'train/backward_time_percent': 36.02, 'train/optimizer_time_percent': 1.04, 'train/overhead_time_percent': 45.73, 'epoch': 0.5221445221445221}
{'loss': 1.2205, 'learning_rate': 0.0001, 'grad_norm': 0.27680233120918274, 'train/tokens_per_sec': 1636.195833306875, 'train/step_time': 10.013471289000108, 'train/mfu': 85.49, 'train/efficiency': 52.72, 'train/forward_time_percent': 16.92, 'train/backward_time_percent': 34.8, 'train/optimizer_time_percent': 1.0, 'train/overhead_time_percent': 47.28, 'epoch': 0.5221445221445221}
{'loss': 1.1916, 'learning_rate': 0.0001, 'grad_norm': 0.23093613982200623, 'train/tokens_per_sec': 1638.0996686772176, 'train/step_time': 10.001833412999986, 'train/mfu': 83.7, 'train/efficiency': 53.82, 'train/forward_time_percent': 16.94, 'train/backward_time_percent': 35.95, 'train/optimizer_time_percent': 0.92, 'train/overhead_time_percent': 46.18, 'epoch': 0.5268065268065268}{'loss': 1.1916, 'learning_rate': 0.0001, 'grad_norm': 0.23093613982200623, 'train/tokens_per_sec': 1638.6380947705948, 'train/step_time': 9.998546996000186, 'train/mfu': 83.62, 'train/efficiency': 54.02, 'train/forward_time_percent': 17.54, 'train/backward_time_percent': 35.41, 'train/optimizer_time_percent': 1.06, 'train/overhead_time_percent': 45.98, 'epoch': 0.5268065268065268}

{'loss': 1.1715, 'learning_rate': 0.0001, 'grad_norm': 0.27366775274276733, 'train/tokens_per_sec': 1637.5039892571488, 'train/step_time': 10.005471808000038, 'train/mfu': 85.08, 'train/efficiency': 52.97, 'train/forward_time_percent': 17.37, 'train/backward_time_percent': 34.65, 'train/optimizer_time_percent': 0.95, 'train/overhead_time_percent': 47.03, 'epoch': 0.5314685314685315}
{'loss': 1.1715, 'learning_rate': 0.0001, 'grad_norm': 0.27366775274276733, 'train/tokens_per_sec': 1637.9503013998954, 'train/step_time': 10.002745496000216, 'train/mfu': 83.47, 'train/efficiency': 54.08, 'train/forward_time_percent': 16.46, 'train/backward_time_percent': 36.57, 'train/optimizer_time_percent': 1.05, 'train/overhead_time_percent': 45.92, 'epoch': 0.5314685314685315}
{'loss': 1.3718, 'learning_rate': 0.0001, 'grad_norm': 0.2838650941848755, 'train/tokens_per_sec': 1639.0487205682682, 'train/step_time': 9.996042090999936, 'train/mfu': 83.85, 'train/efficiency': 53.88, 'train/forward_time_percent': 17.26, 'train/backward_time_percent': 35.56, 'train/optimizer_time_percent': 1.05, 'train/overhead_time_percent': 46.12, 'epoch': 0.5361305361305362}
{'loss': 1.3718, 'learning_rate': 0.0001, 'grad_norm': 0.2838650941848755, 'train/tokens_per_sec': 1638.5763680035056, 'train/step_time': 9.998923651000041, 'train/mfu': 85.02, 'train/efficiency': 53.08, 'train/forward_time_percent': 16.53, 'train/backward_time_percent': 35.56, 'train/optimizer_time_percent': 0.99, 'train/overhead_time_percent': 46.92, 'epoch': 0.5361305361305362}
{'loss': 1.2484, 'learning_rate': 0.0001, 'grad_norm': 0.24552446603775024, 'train/tokens_per_sec': 1637.6533050974094, 'train/step_time': 10.004559541999924, 'train/mfu': 83.7, 'train/efficiency': 53.77, 'train/forward_time_percent': 17.44, 'train/backward_time_percent': 35.43, 'train/optimizer_time_percent': 0.89, 'train/overhead_time_percent': 46.23, 'epoch': 0.5407925407925408}{'loss': 1.2484, 'learning_rate': 0.0001, 'grad_norm': 0.24552446603775024, 'train/tokens_per_sec': 1637.4379596779015, 'train/step_time': 10.005875278000076, 'train/mfu': 83.8, 'train/efficiency': 53.88, 'train/forward_time_percent': 17.06, 'train/backward_time_percent': 35.75, 'train/optimizer_time_percent': 1.07, 'train/overhead_time_percent': 46.12, 'epoch': 0.5407925407925408}

{'loss': 1.261, 'learning_rate': 0.0001, 'grad_norm': 0.2371109426021576, 'train/tokens_per_sec': 1637.5256975196849, 'train/step_time': 10.005339167999864, 'train/mfu': 84.53, 'train/efficiency': 53.42, 'train/forward_time_percent': 17.43, 'train/backward_time_percent': 34.92, 'train/optimizer_time_percent': 1.07, 'train/overhead_time_percent': 46.58, 'epoch': 0.5454545454545454}
{'loss': 1.261, 'learning_rate': 0.0001, 'grad_norm': 0.2371109426021576, 'train/tokens_per_sec': 1638.3781327308925, 'train/step_time': 10.000133469000048, 'train/mfu': 83.35, 'train/efficiency': 54.15, 'train/forward_time_percent': 16.8, 'train/backward_time_percent': 36.32, 'train/optimizer_time_percent': 1.03, 'train/overhead_time_percent': 45.85, 'epoch': 0.5454545454545454}
{'loss': 1.2372, 'learning_rate': 0.0001, 'grad_norm': 0.22738376259803772, 'train/tokens_per_sec': 1639.306062821146, 'train/step_time': 9.994472888000018, 'train/mfu': 82.41, 'train/efficiency': 54.66, 'train/forward_time_percent': 17.45, 'train/backward_time_percent': 36.3, 'train/optimizer_time_percent': 0.9, 'train/overhead_time_percent': 45.34, 'epoch': 0.5501165501165501}
{'loss': 1.2372, 'learning_rate': 0.0001, 'grad_norm': 0.22738376259803772, 'train/tokens_per_sec': 1638.0098982784643, 'train/step_time': 10.002381559000014, 'train/mfu': 85.19, 'train/efficiency': 53.01, 'train/forward_time_percent': 16.72, 'train/backward_time_percent': 35.24, 'train/optimizer_time_percent': 1.05, 'train/overhead_time_percent': 46.99, 'epoch': 0.5501165501165501}
{'loss': 1.2881, 'learning_rate': 0.0001, 'grad_norm': 0.3533360958099365, 'train/tokens_per_sec': 1637.9942278798849, 'train/step_time': 10.002477250000084, 'train/mfu': 84.26, 'train/efficiency': 53.5, 'train/forward_time_percent': 16.32, 'train/backward_time_percent': 36.22, 'train/optimizer_time_percent': 0.97, 'train/overhead_time_percent': 46.5, 'epoch': 0.5547785547785548}
{'loss': 1.2881, 'learning_rate': 0.0001, 'grad_norm': 0.3533360958099365, 'train/tokens_per_sec': 1638.086300576308, 'train/step_time': 10.001915036000128, 'train/mfu': 83.62, 'train/efficiency': 53.98, 'train/forward_time_percent': 17.57, 'train/backward_time_percent': 35.38, 'train/optimizer_time_percent': 1.03, 'train/overhead_time_percent': 46.02, 'epoch': 0.5547785547785548}
  step   120  loss   1.3384  |     5743.9 ms
{'loss': 1.3384, 'learning_rate': 0.0001, 'grad_norm': 0.2785285413265228, 'train/tokens_per_sec': 1638.6265433968952, 'train/step_time': 9.998617479999893, 'train/mfu': 83.03, 'train/efficiency': 54.22, 'train/forward_time_percent': 17.05, 'train/backward_time_percent': 36.29, 'train/optimizer_time_percent': 0.89, 'train/overhead_time_percent': 45.78, 'epoch': 0.5594405594405595}
{'loss': 1.3384, 'learning_rate': 0.0001, 'grad_norm': 0.2785285413265228, 'train/tokens_per_sec': 1637.6048881308072, 'train/step_time': 10.004855334000013, 'train/mfu': 85.24, 'train/efficiency': 52.88, 'train/forward_time_percent': 17.05, 'train/backward_time_percent': 34.87, 'train/optimizer_time_percent': 0.96, 'train/overhead_time_percent': 47.12, 'epoch': 0.5594405594405595}
{'loss': 1.3143, 'learning_rate': 0.0001, 'grad_norm': 0.2953754961490631, 'train/tokens_per_sec': 1639.2987550503956, 'train/step_time': 9.99451744199996, 'train/mfu': 83.96, 'train/efficiency': 53.65, 'train/forward_time_percent': 17.15, 'train/backward_time_percent': 35.62, 'train/optimizer_time_percent': 0.89, 'train/overhead_time_percent': 46.35, 'epoch': 0.5641025641025641}
{'loss': 1.3143, 'learning_rate': 0.0001, 'grad_norm': 0.2953754961490631, 'train/tokens_per_sec': 1639.0499059065826, 'train/step_time': 9.996034861999988, 'train/mfu': 85.49, 'train/efficiency': 52.85, 'train/forward_time_percent': 16.99, 'train/backward_time_percent': 34.83, 'train/optimizer_time_percent': 1.04, 'train/overhead_time_percent': 47.15, 'epoch': 0.5641025641025641}
{'loss': 1.4056, 'learning_rate': 0.0001, 'grad_norm': 0.28819629549980164, 'train/tokens_per_sec': 1637.729611433297, 'train/step_time': 10.00409340200008, 'train/mfu': 81.59, 'train/efficiency': 55.28, 'train/forward_time_percent': 17.24, 'train/backward_time_percent': 37.01, 'train/optimizer_time_percent': 1.03, 'train/overhead_time_percent': 44.72, 'epoch': 0.5687645687645687}
{'loss': 1.4056, 'learning_rate': 0.0001, 'grad_norm': 0.28819629549980164, 'train/tokens_per_sec': 1636.8728223734895, 'train/step_time': 10.009329849000096, 'train/mfu': 84.4, 'train/efficiency': 53.47, 'train/forward_time_percent': 17.28, 'train/backward_time_percent': 35.13, 'train/optimizer_time_percent': 1.05, 'train/overhead_time_percent': 46.53, 'epoch': 0.5687645687645687}
{'loss': 1.1488, 'learning_rate': 0.0001, 'grad_norm': 0.2748498320579529, 'train/tokens_per_sec': 1638.9542927028344, 'train/step_time': 9.99661801000002, 'train/mfu': 82.44, 'train/efficiency': 54.62, 'train/forward_time_percent': 17.37, 'train/backward_time_percent': 36.35, 'train/optimizer_time_percent': 0.89, 'train/overhead_time_percent': 45.38, 'epoch': 0.5734265734265734}{'loss': 1.1488, 'learning_rate': 0.0001, 'grad_norm': 0.2748498320579529, 'train/tokens_per_sec': 1637.9513677411041, 'train/step_time': 10.002738983999961, 'train/mfu': 85.4, 'train/efficiency': 52.88, 'train/forward_time_percent': 16.91, 'train/backward_time_percent': 34.92, 'train/optimizer_time_percent': 1.05, 'train/overhead_time_percent': 47.12, 'epoch': 0.5734265734265734}

{'loss': 1.1989, 'learning_rate': 0.0001, 'grad_norm': 0.34081023931503296, 'train/tokens_per_sec': 1636.5876011574878, 'train/step_time': 10.01107425500004, 'train/mfu': 83.81, 'train/efficiency': 53.77, 'train/forward_time_percent': 17.53, 'train/backward_time_percent': 35.24, 'train/optimizer_time_percent': 1.0, 'train/overhead_time_percent': 46.23, 'epoch': 0.578088578088578}
{'loss': 1.1989, 'learning_rate': 0.0001, 'grad_norm': 0.34081023931503296, 'train/tokens_per_sec': 1637.052162241743, 'train/step_time': 10.008233322000024, 'train/mfu': 83.23, 'train/efficiency': 54.21, 'train/forward_time_percent': 17.35, 'train/backward_time_percent': 35.8, 'train/optimizer_time_percent': 1.06, 'train/overhead_time_percent': 45.79, 'epoch': 0.578088578088578}
{'loss': 1.3275, 'learning_rate': 0.0001, 'grad_norm': 0.3089793622493744, 'train/tokens_per_sec': 1636.6242036569085, 'train/step_time': 10.010850360999939, 'train/mfu': 85.42, 'train/efficiency': 52.66, 'train/forward_time_percent': 17.23, 'train/backward_time_percent': 34.55, 'train/optimizer_time_percent': 0.89, 'train/overhead_time_percent': 47.34, 'epoch': 0.5827505827505828}
{'loss': 1.3275, 'learning_rate': 0.0001, 'grad_norm': 0.3089793622493744, 'train/tokens_per_sec': 1636.7644389103086, 'train/step_time': 10.00999264799998, 'train/mfu': 82.98, 'train/efficiency': 54.24, 'train/forward_time_percent': 16.94, 'train/backward_time_percent': 36.36, 'train/optimizer_time_percent': 0.93, 'train/overhead_time_percent': 45.76, 'epoch': 0.5827505827505828}
{'loss': 1.4006, 'learning_rate': 0.0001, 'grad_norm': 0.31009459495544434, 'train/tokens_per_sec': 1639.9782589891963, 'train/step_time': 9.99037634199999, 'train/mfu': 85.09, 'train/efficiency': 53.02, 'train/forward_time_percent': 17.24, 'train/backward_time_percent': 34.84, 'train/optimizer_time_percent': 0.94, 'train/overhead_time_percent': 46.98, 'epoch': 0.5874125874125874}
{'loss': 1.4006, 'learning_rate': 0.0001, 'grad_norm': 0.31009459495544434, 'train/tokens_per_sec': 1639.8196303898062, 'train/step_time': 9.9913427649999, 'train/mfu': 85.13, 'train/efficiency': 53.14, 'train/forward_time_percent': 16.87, 'train/backward_time_percent': 35.19, 'train/optimizer_time_percent': 1.09, 'train/overhead_time_percent': 46.86, 'epoch': 0.5874125874125874}
{'loss': 1.2728, 'learning_rate': 0.0001, 'grad_norm': 0.2759045958518982, 'train/tokens_per_sec': 1636.9877430089819, 'train/step_time': 10.008627169000192, 'train/mfu': 83.84, 'train/efficiency': 53.82, 'train/forward_time_percent': 17.31, 'train/backward_time_percent': 35.45, 'train/optimizer_time_percent': 1.06, 'train/overhead_time_percent': 46.18, 'epoch': 0.5920745920745921}
{'loss': 1.2728, 'learning_rate': 0.0001, 'grad_norm': 0.2759045958518982, 'train/tokens_per_sec': 1637.044767414443, 'train/step_time': 10.008278531000087, 'train/mfu': 83.73, 'train/efficiency': 53.88, 'train/forward_time_percent': 17.14, 'train/backward_time_percent': 35.7, 'train/optimizer_time_percent': 1.04, 'train/overhead_time_percent': 46.12, 'epoch': 0.5920745920745921}
{'loss': 1.9225, 'learning_rate': 0.0001, 'grad_norm': 0.9904741048812866, 'train/tokens_per_sec': 1636.795713831566, 'train/step_time': 10.009801383000195, 'train/mfu': 85.18, 'train/efficiency': 52.99, 'train/forward_time_percent': 16.71, 'train/backward_time_percent': 35.22, 'train/optimizer_time_percent': 1.06, 'train/overhead_time_percent': 47.01, 'epoch': 0.5967365967365967}
{'loss': 1.9225, 'learning_rate': 0.0001, 'grad_norm': 0.9904741048812866, 'train/tokens_per_sec': 1636.4884033313347, 'train/step_time': 10.011681088999921, 'train/mfu': 85.43, 'train/efficiency': 52.83, 'train/forward_time_percent': 17.02, 'train/backward_time_percent': 34.75, 'train/optimizer_time_percent': 1.07, 'train/overhead_time_percent': 47.17, 'epoch': 0.5967365967365967}
{'loss': 1.1417, 'learning_rate': 0.0001, 'grad_norm': 0.2492157369852066, 'train/tokens_per_sec': 1637.7405046633558, 'train/step_time': 10.004026861000057, 'train/mfu': 86.1, 'train/efficiency': 52.35, 'train/forward_time_percent': 17.09, 'train/backward_time_percent': 34.3, 'train/optimizer_time_percent': 0.96, 'train/overhead_time_percent': 47.65, 'epoch': 0.6013986013986014}
{'loss': 1.1417, 'learning_rate': 0.0001, 'grad_norm': 0.2492157369852066, 'train/tokens_per_sec': 1637.8501494646298, 'train/step_time': 10.003357148000077, 'train/mfu': 85.53, 'train/efficiency': 52.75, 'train/forward_time_percent': 17.12, 'train/backward_time_percent': 34.62, 'train/optimizer_time_percent': 1.01, 'train/overhead_time_percent': 47.25, 'epoch': 0.6013986013986014}
{'loss': 1.3646, 'learning_rate': 0.0001, 'grad_norm': 0.2920803129673004, 'train/tokens_per_sec': 1636.1543583456853, 'train/step_time': 10.013725121000107, 'train/mfu': 82.78, 'train/efficiency': 54.43, 'train/forward_time_percent': 18.09, 'train/backward_time_percent': 35.33, 'train/optimizer_time_percent': 1.02, 'train/overhead_time_percent': 45.57, 'epoch': 0.6060606060606061}
  step   130  loss   1.3646  |     5867.6 ms
{'loss': 1.3646, 'learning_rate': 0.0001, 'grad_norm': 0.2920803129673004, 'train/tokens_per_sec': 1636.3150469659886, 'train/step_time': 10.012741757999947, 'train/mfu': 81.57, 'train/efficiency': 55.28, 'train/forward_time_percent': 17.22, 'train/backward_time_percent': 36.99, 'train/optimizer_time_percent': 1.07, 'train/overhead_time_percent': 44.72, 'epoch': 0.6060606060606061}
{'loss': 1.3295, 'learning_rate': 0.0001, 'grad_norm': 0.3038714528083801, 'train/tokens_per_sec': 1637.388142921832, 'train/step_time': 10.006179702000054, 'train/mfu': 82.61, 'train/efficiency': 54.6, 'train/forward_time_percent': 17.42, 'train/backward_time_percent': 36.14, 'train/optimizer_time_percent': 1.04, 'train/overhead_time_percent': 45.4, 'epoch': 0.6107226107226107}
{'loss': 1.3295, 'learning_rate': 0.0001, 'grad_norm': 0.3038714528083801, 'train/tokens_per_sec': 1636.3908211858284, 'train/step_time': 10.012278110999887, 'train/mfu': 86.2, 'train/efficiency': 52.3, 'train/forward_time_percent': 17.0, 'train/backward_time_percent': 34.31, 'train/optimizer_time_percent': 1.0, 'train/overhead_time_percent': 47.7, 'epoch': 0.6107226107226107}
{'loss': 1.0615, 'learning_rate': 0.0001, 'grad_norm': 0.25027427077293396, 'train/tokens_per_sec': 1636.9314904263179, 'train/step_time': 10.008971111999927, 'train/mfu': 83.71, 'train/efficiency': 53.89, 'train/forward_time_percent': 17.44, 'train/backward_time_percent': 35.41, 'train/optimizer_time_percent': 1.05, 'train/overhead_time_percent': 46.11, 'epoch': 0.6153846153846154}
{'loss': 1.0615, 'learning_rate': 0.0001, 'grad_norm': 0.25027427077293396, 'train/tokens_per_sec': 1637.3299446274507, 'train/step_time': 10.006535367999959, 'train/mfu': 83.73, 'train/efficiency': 53.92, 'train/forward_time_percent': 17.31, 'train/backward_time_percent': 35.53, 'train/optimizer_time_percent': 1.07, 'train/overhead_time_percent': 46.08, 'epoch': 0.6153846153846154}
{'loss': 1.3018, 'learning_rate': 0.0001, 'grad_norm': 0.2696745991706848, 'train/tokens_per_sec': 1637.9775791775544, 'train/step_time': 10.002578916999937, 'train/mfu': 82.64, 'train/efficiency': 54.49, 'train/forward_time_percent': 17.08, 'train/backward_time_percent': 36.49, 'train/optimizer_time_percent': 0.92, 'train/overhead_time_percent': 45.51, 'epoch': 0.62004662004662}{'loss': 1.3018, 'learning_rate': 0.0001, 'grad_norm': 0.2696745991706848, 'train/tokens_per_sec': 1636.7354369508166, 'train/step_time': 10.010170019000043, 'train/mfu': 87.04, 'train/efficiency': 51.71, 'train/forward_time_percent': 16.98, 'train/backward_time_percent': 33.84, 'train/optimizer_time_percent': 0.9, 'train/overhead_time_percent': 48.29, 'epoch': 0.62004662004662}

{'loss': 1.4485, 'learning_rate': 0.0001, 'grad_norm': 0.254840224981308, 'train/tokens_per_sec': 1637.5846330192912, 'train/step_time': 10.004979082999853, 'train/mfu': 82.93, 'train/efficiency': 54.33, 'train/forward_time_percent': 17.2, 'train/backward_time_percent': 36.17, 'train/optimizer_time_percent': 0.96, 'train/overhead_time_percent': 45.67, 'epoch': 0.6247086247086248}
{'loss': 1.4485, 'learning_rate': 0.0001, 'grad_norm': 0.254840224981308, 'train/tokens_per_sec': 1636.698088167528, 'train/step_time': 10.010398446999943, 'train/mfu': 85.4, 'train/efficiency': 52.74, 'train/forward_time_percent': 17.73, 'train/backward_time_percent': 34.07, 'train/optimizer_time_percent': 0.95, 'train/overhead_time_percent': 47.26, 'epoch': 0.6247086247086248}
{'loss': 1.1628, 'learning_rate': 0.0001, 'grad_norm': 0.2419382631778717, 'train/tokens_per_sec': 1636.729518827084, 'train/step_time': 10.010206213999936, 'train/mfu': 85.61, 'train/efficiency': 52.72, 'train/forward_time_percent': 17.13, 'train/backward_time_percent': 34.54, 'train/optimizer_time_percent': 1.06, 'train/overhead_time_percent': 47.28, 'epoch': 0.6293706293706294}
{'loss': 1.1628, 'learning_rate': 0.0001, 'grad_norm': 0.2419382631778717, 'train/tokens_per_sec': 1636.8846869024896, 'train/step_time': 10.009257298999955, 'train/mfu': 85.84, 'train/efficiency': 52.57, 'train/forward_time_percent': 16.7, 'train/backward_time_percent': 34.84, 'train/optimizer_time_percent': 1.04, 'train/overhead_time_percent': 47.43, 'epoch': 0.6293706293706294}
{'loss': 1.1411, 'learning_rate': 0.0001, 'grad_norm': 0.27819734811782837, 'train/tokens_per_sec': 1637.3259960129371, 'train/step_time': 10.006559499999867, 'train/mfu': 84.95, 'train/efficiency': 53.07, 'train/forward_time_percent': 16.87, 'train/backward_time_percent': 35.22, 'train/optimizer_time_percent': 0.98, 'train/overhead_time_percent': 46.93, 'epoch': 0.634032634032634}
{'loss': 1.1411, 'learning_rate': 0.0001, 'grad_norm': 0.27819734811782837, 'train/tokens_per_sec': 1637.4078562645702, 'train/step_time': 10.00605923399985, 'train/mfu': 84.37, 'train/efficiency': 53.5, 'train/forward_time_percent': 17.14, 'train/backward_time_percent': 35.31, 'train/optimizer_time_percent': 1.05, 'train/overhead_time_percent': 46.5, 'epoch': 0.634032634032634}
{'loss': 1.2825, 'learning_rate': 0.0001, 'grad_norm': 0.25697043538093567, 'train/tokens_per_sec': 1640.3833827910428, 'train/step_time': 9.987909028999866, 'train/mfu': 83.85, 'train/efficiency': 53.76, 'train/forward_time_percent': 16.81, 'train/backward_time_percent': 36.05, 'train/optimizer_time_percent': 0.89, 'train/overhead_time_percent': 46.24, 'epoch': 0.6386946386946387}
{'loss': 1.2825, 'learning_rate': 0.0001, 'grad_norm': 0.25697043538093567, 'train/tokens_per_sec': 1640.2694710493472, 'train/step_time': 9.98860265899998, 'train/mfu': 84.14, 'train/efficiency': 53.76, 'train/forward_time_percent': 17.42, 'train/backward_time_percent': 35.26, 'train/optimizer_time_percent': 1.08, 'train/overhead_time_percent': 46.24, 'epoch': 0.6386946386946387}
{'loss': 1.3041, 'learning_rate': 0.0001, 'grad_norm': 0.2627214193344116, 'train/tokens_per_sec': 1636.316237015152, 'train/step_time': 10.012734475999878, 'train/mfu': 83.81, 'train/efficiency': 53.71, 'train/forward_time_percent': 16.6, 'train/backward_time_percent': 36.16, 'train/optimizer_time_percent': 0.94, 'train/overhead_time_percent': 46.29, 'epoch': 0.6433566433566433}{'loss': 1.3041, 'learning_rate': 0.0001, 'grad_norm': 0.2627214193344116, 'train/tokens_per_sec': 1636.6509899735836, 'train/step_time': 10.010686518000057, 'train/mfu': 82.5, 'train/efficiency': 54.66, 'train/forward_time_percent': 18.15, 'train/backward_time_percent': 35.46, 'train/optimizer_time_percent': 1.05, 'train/overhead_time_percent': 45.34, 'epoch': 0.6433566433566433}

{'loss': 1.2296, 'learning_rate': 0.0001, 'grad_norm': 0.3144996166229248, 'train/tokens_per_sec': 1636.0689139595745, 'train/step_time': 10.014248091999889, 'train/mfu': 83.74, 'train/efficiency': 53.77, 'train/forward_time_percent': 17.09, 'train/backward_time_percent': 35.71, 'train/optimizer_time_percent': 0.97, 'train/overhead_time_percent': 46.23, 'epoch': 0.6480186480186481}{'loss': 1.2296, 'learning_rate': 0.0001, 'grad_norm': 0.3144996166229248, 'train/tokens_per_sec': 1636.5239748327558, 'train/step_time': 10.011463475000028, 'train/mfu': 82.96, 'train/efficiency': 54.2, 'train/forward_time_percent': 17.36, 'train/backward_time_percent': 35.95, 'train/optimizer_time_percent': 0.89, 'train/overhead_time_percent': 45.8, 'epoch': 0.6480186480186481}

{'loss': 1.4143, 'learning_rate': 0.0001, 'grad_norm': 0.2970257103443146, 'train/tokens_per_sec': 1636.3487236395815, 'train/step_time': 10.012535692000029, 'train/mfu': 85.88, 'train/efficiency': 52.39, 'train/forward_time_percent': 16.61, 'train/backward_time_percent': 34.87, 'train/optimizer_time_percent': 0.9, 'train/overhead_time_percent': 47.61, 'epoch': 0.6526806526806527}
  step   140  loss   1.4143  |     5732.3 ms
{'loss': 1.4143, 'learning_rate': 0.0001, 'grad_norm': 0.2970257103443146, 'train/tokens_per_sec': 1636.9520105269671, 'train/step_time': 10.008845644000075, 'train/mfu': 83.52, 'train/efficiency': 54.01, 'train/forward_time_percent': 17.18, 'train/backward_time_percent': 35.78, 'train/optimizer_time_percent': 1.05, 'train/overhead_time_percent': 45.99, 'epoch': 0.6526806526806527}
{'loss': 1.0626, 'learning_rate': 0.0001, 'grad_norm': 0.30029240250587463, 'train/tokens_per_sec': 1637.4259498287336, 'train/step_time': 10.005948666999984, 'train/mfu': 84.87, 'train/efficiency': 53.03, 'train/forward_time_percent': 16.66, 'train/backward_time_percent': 35.48, 'train/optimizer_time_percent': 0.89, 'train/overhead_time_percent': 46.97, 'epoch': 0.6573426573426573}
{'loss': 1.0626, 'learning_rate': 0.0001, 'grad_norm': 0.30029240250587463, 'train/tokens_per_sec': 1638.2564967583203, 'train/step_time': 10.000875951000125, 'train/mfu': 82.9, 'train/efficiency': 54.39, 'train/forward_time_percent': 18.04, 'train/backward_time_percent': 35.37, 'train/optimizer_time_percent': 0.98, 'train/overhead_time_percent': 45.61, 'epoch': 0.6573426573426573}
{'loss': 1.8793, 'learning_rate': 0.0001, 'grad_norm': 1.2460949420928955, 'train/tokens_per_sec': 1637.5302133819423, 'train/step_time': 10.00531157599994, 'train/mfu': 84.88, 'train/efficiency': 53.04, 'train/forward_time_percent': 16.83, 'train/backward_time_percent': 35.31, 'train/optimizer_time_percent': 0.9, 'train/overhead_time_percent': 46.96, 'epoch': 0.662004662004662}
{'loss': 1.8793, 'learning_rate': 0.0001, 'grad_norm': 1.2460949420928955, 'train/tokens_per_sec': 1638.0231421451351, 'train/step_time': 10.002300686999888, 'train/mfu': 83.22, 'train/efficiency': 54.08, 'train/forward_time_percent': 17.04, 'train/backward_time_percent': 36.15, 'train/optimizer_time_percent': 0.89, 'train/overhead_time_percent': 45.92, 'epoch': 0.662004662004662}
{'loss': 1.2471, 'learning_rate': 0.0001, 'grad_norm': 0.28969815373420715, 'train/tokens_per_sec': 1637.403028523366, 'train/step_time': 10.006088736000038, 'train/mfu': 85.41, 'train/efficiency': 52.76, 'train/forward_time_percent': 16.88, 'train/backward_time_percent': 34.93, 'train/optimizer_time_percent': 0.95, 'train/overhead_time_percent': 47.24, 'epoch': 0.6666666666666666}
{'loss': 1.2471, 'learning_rate': 0.0001, 'grad_norm': 0.28969815373420715, 'train/tokens_per_sec': 1638.4467242406229, 'train/step_time': 9.999714825999945, 'train/mfu': 83.13, 'train/efficiency': 54.27, 'train/forward_time_percent': 17.34, 'train/backward_time_percent': 35.93, 'train/optimizer_time_percent': 1.01, 'train/overhead_time_percent': 45.73, 'epoch': 0.6666666666666666}
{'loss': 1.2755, 'learning_rate': 0.0001, 'grad_norm': 0.25345414876937866, 'train/tokens_per_sec': 1638.9926028521475, 'train/step_time': 9.996384347000003, 'train/mfu': 83.87, 'train/efficiency': 53.81, 'train/forward_time_percent': 17.55, 'train/backward_time_percent': 35.26, 'train/optimizer_time_percent': 1.0, 'train/overhead_time_percent': 46.19, 'epoch': 0.6713286713286714}
{'loss': 1.2755, 'learning_rate': 0.0001, 'grad_norm': 0.25345414876937866, 'train/tokens_per_sec': 1638.8469660107094, 'train/step_time': 9.997272680000151, 'train/mfu': 83.58, 'train/efficiency': 54.05, 'train/forward_time_percent': 16.98, 'train/backward_time_percent': 36.01, 'train/optimizer_time_percent': 1.06, 'train/overhead_time_percent': 45.95, 'epoch': 0.6713286713286714}
{'loss': 1.2856, 'learning_rate': 0.0001, 'grad_norm': 0.3181767463684082, 'train/tokens_per_sec': 1637.9068779969014, 'train/step_time': 10.003010683999946, 'train/mfu': 84.86, 'train/efficiency': 53.18, 'train/forward_time_percent': 16.36, 'train/backward_time_percent': 35.8, 'train/optimizer_time_percent': 1.03, 'train/overhead_time_percent': 46.82, 'epoch': 0.675990675990676}
{'loss': 1.2856, 'learning_rate': 0.0001, 'grad_norm': 0.3181767463684082, 'train/tokens_per_sec': 1639.749413414579, 'train/step_time': 9.991770611999982, 'train/mfu': 83.87, 'train/efficiency': 53.82, 'train/forward_time_percent': 17.31, 'train/backward_time_percent': 35.52, 'train/optimizer_time_percent': 0.98, 'train/overhead_time_percent': 46.18, 'epoch': 0.675990675990676}
{'loss': 1.171, 'learning_rate': 0.0001, 'grad_norm': 0.30418136715888977, 'train/tokens_per_sec': 1637.1956752594376, 'train/step_time': 10.007356022000067, 'train/mfu': 82.32, 'train/efficiency': 54.62, 'train/forward_time_percent': 17.24, 'train/backward_time_percent': 36.51, 'train/optimizer_time_percent': 0.88, 'train/overhead_time_percent': 45.38, 'epoch': 0.6806526806526807}
{'loss': 1.171, 'learning_rate': 0.0001, 'grad_norm': 0.30418136715888977, 'train/tokens_per_sec': 1636.484382603664, 'train/step_time': 10.01170568700013, 'train/mfu': 83.82, 'train/efficiency': 53.72, 'train/forward_time_percent': 16.89, 'train/backward_time_percent': 35.87, 'train/optimizer_time_percent': 0.95, 'train/overhead_time_percent': 46.28, 'epoch': 0.6806526806526807}
{'loss': 1.3221, 'learning_rate': 0.0001, 'grad_norm': 0.3443711996078491, 'train/tokens_per_sec': 1638.09897801751, 'train/step_time': 10.001837629999955, 'train/mfu': 82.86, 'train/efficiency': 54.31, 'train/forward_time_percent': 17.0, 'train/backward_time_percent': 36.43, 'train/optimizer_time_percent': 0.88, 'train/overhead_time_percent': 45.69, 'epoch': 0.6853146853146853}
{'loss': 1.3221, 'learning_rate': 0.0001, 'grad_norm': 0.3443711996078491, 'train/tokens_per_sec': 1637.6864894748742, 'train/step_time': 10.004356820000112, 'train/mfu': 85.09, 'train/efficiency': 52.9, 'train/forward_time_percent': 16.99, 'train/backward_time_percent': 35.03, 'train/optimizer_time_percent': 0.88, 'train/overhead_time_percent': 47.1, 'epoch': 0.6853146853146853}
{'loss': 1.2451, 'learning_rate': 0.0001, 'grad_norm': 0.3012627363204956, 'train/tokens_per_sec': 1638.624627415909, 'train/step_time': 9.998629171000175, 'train/mfu': 86.35, 'train/efficiency': 52.35, 'train/forward_time_percent': 16.89, 'train/backward_time_percent': 34.4, 'train/optimizer_time_percent': 1.07, 'train/overhead_time_percent': 47.65, 'epoch': 0.6899766899766899}
{'loss': 1.2451, 'learning_rate': 0.0001, 'grad_norm': 0.3012627363204956, 'train/tokens_per_sec': 1638.7354981546587, 'train/step_time': 9.997952701000031, 'train/mfu': 83.56, 'train/efficiency': 53.89, 'train/forward_time_percent': 16.86, 'train/backward_time_percent': 36.14, 'train/optimizer_time_percent': 0.89, 'train/overhead_time_percent': 46.11, 'epoch': 0.6899766899766899}
{'loss': 1.3671, 'learning_rate': 0.0001, 'grad_norm': 0.28453493118286133, 'train/tokens_per_sec': 1638.1784989364562, 'train/step_time': 10.001352117999886, 'train/mfu': 83.27, 'train/efficiency': 54.08, 'train/forward_time_percent': 17.11, 'train/backward_time_percent': 36.05, 'train/optimizer_time_percent': 0.92, 'train/overhead_time_percent': 45.92, 'epoch': 0.6946386946386947}{'loss': 1.3671, 'learning_rate': 0.0001, 'grad_norm': 0.28453493118286133, 'train/tokens_per_sec': 1638.1385193466328, 'train/step_time': 10.001596206000158, 'train/mfu': 83.06, 'train/efficiency': 54.23, 'train/forward_time_percent': 17.25, 'train/backward_time_percent': 36.04, 'train/optimizer_time_percent': 0.94, 'train/overhead_time_percent': 45.77, 'epoch': 0.6946386946386947}

{'loss': 1.2437, 'learning_rate': 0.0001, 'grad_norm': 0.2866671681404114, 'train/tokens_per_sec': 1638.43775927276, 'train/step_time': 9.999769540999978, 'train/mfu': 82.27, 'train/efficiency': 54.83, 'train/forward_time_percent': 17.28, 'train/backward_time_percent': 36.54, 'train/optimizer_time_percent': 1.01, 'train/overhead_time_percent': 45.17, 'epoch': 0.6993006993006993}
  step   150  loss   1.2437  |     5509.9 ms
{'loss': 1.2437, 'learning_rate': 0.0001, 'grad_norm': 0.2866671681404114, 'train/tokens_per_sec': 1637.405834801977, 'train/step_time': 10.006071586999951, 'train/mfu': 86.97, 'train/efficiency': 51.94, 'train/forward_time_percent': 16.8, 'train/backward_time_percent': 34.08, 'train/optimizer_time_percent': 1.06, 'train/overhead_time_percent': 48.06, 'epoch': 0.6993006993006993}
{'loss': 1.1245, 'learning_rate': 0.0001, 'grad_norm': 0.22157546877861023, 'train/tokens_per_sec': 1635.6962573880032, 'train/step_time': 10.016529612999875, 'train/mfu': 85.81, 'train/efficiency': 52.6, 'train/forward_time_percent': 17.2, 'train/backward_time_percent': 34.31, 'train/optimizer_time_percent': 1.09, 'train/overhead_time_percent': 47.4, 'epoch': 0.703962703962704}{'loss': 1.1245, 'learning_rate': 0.0001, 'grad_norm': 0.22157546877861023, 'train/tokens_per_sec': 1635.9559137660046, 'train/step_time': 10.014939804999813, 'train/mfu': 85.39, 'train/efficiency': 52.75, 'train/forward_time_percent': 17.29, 'train/backward_time_percent': 34.49, 'train/optimizer_time_percent': 0.98, 'train/overhead_time_percent': 47.25, 'epoch': 0.703962703962704}

{'loss': 1.2707, 'learning_rate': 0.0001, 'grad_norm': 0.24652841687202454, 'train/tokens_per_sec': 1638.7506295428284, 'train/step_time': 9.997860384999967, 'train/mfu': 83.05, 'train/efficiency': 54.21, 'train/forward_time_percent': 17.71, 'train/backward_time_percent': 35.61, 'train/optimizer_time_percent': 0.88, 'train/overhead_time_percent': 45.79, 'epoch': 0.7086247086247086}
{'loss': 1.2707, 'learning_rate': 0.0001, 'grad_norm': 0.24652841687202454, 'train/tokens_per_sec': 1638.0292071909066, 'train/step_time': 10.00226365200001, 'train/mfu': 86.32, 'train/efficiency': 52.32, 'train/forward_time_percent': 16.95, 'train/backward_time_percent': 34.33, 'train/optimizer_time_percent': 1.04, 'train/overhead_time_percent': 47.68, 'epoch': 0.7086247086247086}
{'loss': 1.1224, 'learning_rate': 0.0001, 'grad_norm': 0.27814748883247375, 'train/tokens_per_sec': 1638.8707626766, 'train/step_time': 9.99712751800007, 'train/mfu': 84.13, 'train/efficiency': 53.7, 'train/forward_time_percent': 16.82, 'train/backward_time_percent': 35.83, 'train/optimizer_time_percent': 1.06, 'train/overhead_time_percent': 46.3, 'epoch': 0.7132867132867133}
{'loss': 1.1224, 'learning_rate': 0.0001, 'grad_norm': 0.27814748883247375, 'train/tokens_per_sec': 1638.6592827641937, 'train/step_time': 9.99841771399997, 'train/mfu': 84.96, 'train/efficiency': 53.19, 'train/forward_time_percent': 16.75, 'train/backward_time_percent': 35.38, 'train/optimizer_time_percent': 1.07, 'train/overhead_time_percent': 46.81, 'epoch': 0.7132867132867133}
{'loss': 1.421, 'learning_rate': 0.0001, 'grad_norm': 0.27663129568099976, 'train/tokens_per_sec': 1637.9983722995225, 'train/step_time': 10.00245194199988, 'train/mfu': 85.78, 'train/efficiency': 52.64, 'train/forward_time_percent': 17.53, 'train/backward_time_percent': 34.07, 'train/optimizer_time_percent': 1.04, 'train/overhead_time_percent': 47.36, 'epoch': 0.717948717948718}
{'loss': 1.421, 'learning_rate': 0.0001, 'grad_norm': 0.27663129568099976, 'train/tokens_per_sec': 1638.5882949328673, 'train/step_time': 9.998850871000059, 'train/mfu': 83.23, 'train/efficiency': 54.09, 'train/forward_time_percent': 16.63, 'train/backward_time_percent': 36.57, 'train/optimizer_time_percent': 0.88, 'train/overhead_time_percent': 45.91, 'epoch': 0.717948717948718}
{'loss': 1.4118, 'learning_rate': 0.0001, 'grad_norm': 0.25138118863105774, 'train/tokens_per_sec': 1638.0234829394237, 'train/step_time': 10.00229860599984, 'train/mfu': 86.09, 'train/efficiency': 52.33, 'train/forward_time_percent': 16.99, 'train/backward_time_percent': 34.43, 'train/optimizer_time_percent': 0.91, 'train/overhead_time_percent': 47.67, 'epoch': 0.7226107226107226}
{'loss': 1.4118, 'learning_rate': 0.0001, 'grad_norm': 0.25138118863105774, 'train/tokens_per_sec': 1639.2755887291414, 'train/step_time': 9.994658684999877, 'train/mfu': 82.23, 'train/efficiency': 54.93, 'train/forward_time_percent': 16.99, 'train/backward_time_percent': 36.89, 'train/optimizer_time_percent': 1.05, 'train/overhead_time_percent': 45.07, 'epoch': 0.7226107226107226}
{'loss': 1.3687, 'learning_rate': 0.0001, 'grad_norm': 0.31614500284194946, 'train/tokens_per_sec': 1637.9726562099231, 'train/step_time': 10.002608980000105, 'train/mfu': 83.39, 'train/efficiency': 53.99, 'train/forward_time_percent': 16.89, 'train/backward_time_percent': 36.19, 'train/optimizer_time_percent': 0.91, 'train/overhead_time_percent': 46.01, 'epoch': 0.7272727272727273}
{'loss': 1.3687, 'learning_rate': 0.0001, 'grad_norm': 0.31614500284194946, 'train/tokens_per_sec': 1637.0088739514456, 'train/step_time': 10.008497974999955, 'train/mfu': 83.4, 'train/efficiency': 54.1, 'train/forward_time_percent': 17.1, 'train/backward_time_percent': 35.94, 'train/optimizer_time_percent': 1.06, 'train/overhead_time_percent': 45.9, 'epoch': 0.7272727272727273}
{'loss': 1.2015, 'learning_rate': 0.0001, 'grad_norm': 0.26277968287467957, 'train/tokens_per_sec': 1637.9993342244652, 'train/step_time': 10.002446067999927, 'train/mfu': 82.8, 'train/efficiency': 54.53, 'train/forward_time_percent': 17.02, 'train/backward_time_percent': 36.45, 'train/optimizer_time_percent': 1.06, 'train/overhead_time_percent': 45.47, 'epoch': 0.7319347319347319}
{'loss': 1.2015, 'learning_rate': 0.0001, 'grad_norm': 0.26277968287467957, 'train/tokens_per_sec': 1638.2288439118379, 'train/step_time': 10.001044762999982, 'train/mfu': 82.87, 'train/efficiency': 54.41, 'train/forward_time_percent': 17.58, 'train/backward_time_percent': 35.84, 'train/optimizer_time_percent': 0.99, 'train/overhead_time_percent': 45.59, 'epoch': 0.7319347319347319}
{'loss': 1.1505, 'learning_rate': 0.0001, 'grad_norm': 0.2392524778842926, 'train/tokens_per_sec': 1638.5980686548783, 'train/step_time': 9.998791231000041, 'train/mfu': 84.96, 'train/efficiency': 53.09, 'train/forward_time_percent': 16.86, 'train/backward_time_percent': 35.26, 'train/optimizer_time_percent': 0.97, 'train/overhead_time_percent': 46.91, 'epoch': 0.7365967365967366}
{'loss': 1.1505, 'learning_rate': 0.0001, 'grad_norm': 0.2392524778842926, 'train/tokens_per_sec': 1639.0596059377099, 'train/step_time': 9.995975704999864, 'train/mfu': 84.3, 'train/efficiency': 53.53, 'train/forward_time_percent': 17.11, 'train/backward_time_percent': 35.43, 'train/optimizer_time_percent': 0.99, 'train/overhead_time_percent': 46.47, 'epoch': 0.7365967365967366}
{'loss': 1.281, 'learning_rate': 0.0001, 'grad_norm': 0.2324477881193161, 'train/tokens_per_sec': 1636.5146305723194, 'train/step_time': 10.011520638999855, 'train/mfu': 83.83, 'train/efficiency': 53.68, 'train/forward_time_percent': 17.4, 'train/backward_time_percent': 35.36, 'train/optimizer_time_percent': 0.92, 'train/overhead_time_percent': 46.32, 'epoch': 0.7412587412587412}
{'loss': 1.281, 'learning_rate': 0.0001, 'grad_norm': 0.2324477881193161, 'train/tokens_per_sec': 1636.2532083016729, 'train/step_time': 10.013120167999887, 'train/mfu': 83.5, 'train/efficiency': 53.84, 'train/forward_time_percent': 17.21, 'train/backward_time_percent': 35.75, 'train/optimizer_time_percent': 0.88, 'train/overhead_time_percent': 46.16, 'epoch': 0.7412587412587412}
  step   160  loss   1.1308  |     5633.7 ms
{'loss': 1.1308, 'learning_rate': 0.0001, 'grad_norm': 0.27312415838241577, 'train/tokens_per_sec': 1637.1044124301814, 'train/step_time': 10.00791389699998, 'train/mfu': 84.66, 'train/efficiency': 53.19, 'train/forward_time_percent': 17.32, 'train/backward_time_percent': 34.94, 'train/optimizer_time_percent': 0.93, 'train/overhead_time_percent': 46.81, 'epoch': 0.745920745920746}
{'loss': 1.1308, 'learning_rate': 0.0001, 'grad_norm': 0.27312415838241577, 'train/tokens_per_sec': 1637.3324243841323, 'train/step_time': 10.00652021299993, 'train/mfu': 84.53, 'train/efficiency': 53.39, 'train/forward_time_percent': 17.32, 'train/backward_time_percent': 35.02, 'train/optimizer_time_percent': 1.05, 'train/overhead_time_percent': 46.61, 'epoch': 0.745920745920746}
{'loss': 1.3997, 'learning_rate': 0.0001, 'grad_norm': 0.30876633524894714, 'train/tokens_per_sec': 1639.7481924371357, 'train/step_time': 9.991778051999972, 'train/mfu': 83.34, 'train/efficiency': 54.21, 'train/forward_time_percent': 17.06, 'train/backward_time_percent': 36.11, 'train/optimizer_time_percent': 1.04, 'train/overhead_time_percent': 45.79, 'epoch': 0.7505827505827506}{'loss': 1.3997, 'learning_rate': 0.0001, 'grad_norm': 0.30876633524894714, 'train/tokens_per_sec': 1638.9927646792107, 'train/step_time': 9.996383360000209, 'train/mfu': 85.46, 'train/efficiency': 52.89, 'train/forward_time_percent': 17.65, 'train/backward_time_percent': 34.18, 'train/optimizer_time_percent': 1.06, 'train/overhead_time_percent': 47.11, 'epoch': 0.7505827505827506}

{'loss': 1.1467, 'learning_rate': 0.0001, 'grad_norm': 0.24147886037826538, 'train/tokens_per_sec': 1637.9206852785612, 'train/step_time': 10.002926360999936, 'train/mfu': 83.57, 'train/efficiency': 54.01, 'train/forward_time_percent': 17.55, 'train/backward_time_percent': 35.42, 'train/optimizer_time_percent': 1.05, 'train/overhead_time_percent': 45.99, 'epoch': 0.7552447552447552}
{'loss': 1.1467, 'learning_rate': 0.0001, 'grad_norm': 0.24147886037826538, 'train/tokens_per_sec': 1637.4891494443243, 'train/step_time': 10.005562483000176, 'train/mfu': 84.43, 'train/efficiency': 53.39, 'train/forward_time_percent': 16.76, 'train/backward_time_percent': 35.65, 'train/optimizer_time_percent': 0.97, 'train/overhead_time_percent': 46.61, 'epoch': 0.7552447552447552}
{'loss': 1.2287, 'learning_rate': 0.0001, 'grad_norm': 0.24452219903469086, 'train/tokens_per_sec': 1636.4382363695029, 'train/step_time': 10.011988008999651, 'train/mfu': 86.54, 'train/efficiency': 52.14, 'train/forward_time_percent': 17.13, 'train/backward_time_percent': 33.97, 'train/optimizer_time_percent': 1.04, 'train/overhead_time_percent': 47.86, 'epoch': 0.7599067599067599}
{'loss': 1.2287, 'learning_rate': 0.0001, 'grad_norm': 0.24452219903469086, 'train/tokens_per_sec': 1637.7934932962253, 'train/step_time': 10.003703194000082, 'train/mfu': 84.09, 'train/efficiency': 53.68, 'train/forward_time_percent': 17.6, 'train/backward_time_percent': 35.03, 'train/optimizer_time_percent': 1.05, 'train/overhead_time_percent': 46.32, 'epoch': 0.7599067599067599}
{'loss': 1.1976, 'learning_rate': 0.0001, 'grad_norm': 0.32327643036842346, 'train/tokens_per_sec': 1639.2662651761634, 'train/step_time': 9.994715530999656, 'train/mfu': 84.35, 'train/efficiency': 53.47, 'train/forward_time_percent': 17.45, 'train/backward_time_percent': 35.07, 'train/optimizer_time_percent': 0.95, 'train/overhead_time_percent': 46.53, 'epoch': 0.7645687645687645}
{'loss': 1.1976, 'learning_rate': 0.0001, 'grad_norm': 0.32327643036842346, 'train/tokens_per_sec': 1639.5002038264686, 'train/step_time': 9.993289395000374, 'train/mfu': 83.38, 'train/efficiency': 54.11, 'train/forward_time_percent': 16.91, 'train/backward_time_percent': 36.23, 'train/optimizer_time_percent': 0.98, 'train/overhead_time_percent': 45.89, 'epoch': 0.7645687645687645}
{'loss': 1.3498, 'learning_rate': 0.0001, 'grad_norm': 0.26700249314308167, 'train/tokens_per_sec': 1634.4930899637143, 'train/step_time': 10.023902885000098, 'train/mfu': 82.87, 'train/efficiency': 54.27, 'train/forward_time_percent': 17.41, 'train/backward_time_percent': 35.9, 'train/optimizer_time_percent': 0.96, 'train/overhead_time_percent': 45.73, 'epoch': 0.7692307692307693}
{'loss': 1.3498, 'learning_rate': 0.0001, 'grad_norm': 0.26700249314308167, 'train/tokens_per_sec': 1633.9630201501886, 'train/step_time': 10.027154713999607, 'train/mfu': 83.62, 'train/efficiency': 53.85, 'train/forward_time_percent': 17.26, 'train/backward_time_percent': 35.55, 'train/optimizer_time_percent': 1.04, 'train/overhead_time_percent': 46.15, 'epoch': 0.7692307692307693}
{'loss': 1.1264, 'learning_rate': 0.0001, 'grad_norm': 0.2681218683719635, 'train/tokens_per_sec': 1638.5625545813043, 'train/step_time': 9.999007944000368, 'train/mfu': 83.87, 'train/efficiency': 53.7, 'train/forward_time_percent': 17.49, 'train/backward_time_percent': 35.31, 'train/optimizer_time_percent': 0.9, 'train/overhead_time_percent': 46.3, 'epoch': 0.7738927738927739}{'loss': 1.1264, 'learning_rate': 0.0001, 'grad_norm': 0.2681218683719635, 'train/tokens_per_sec': 1638.362429564266, 'train/step_time': 10.000229317000048, 'train/mfu': 84.67, 'train/efficiency': 53.36, 'train/forward_time_percent': 17.0, 'train/backward_time_percent': 35.29, 'train/optimizer_time_percent': 1.06, 'train/overhead_time_percent': 46.64, 'epoch': 0.7738927738927739}

{'loss': 1.3931, 'learning_rate': 0.0001, 'grad_norm': 0.3060978651046753, 'train/tokens_per_sec': 1629.6638158775593, 'train/step_time': 10.053607278000072, 'train/mfu': 78.99, 'train/efficiency': 56.79, 'train/forward_time_percent': 16.87, 'train/backward_time_percent': 38.89, 'train/optimizer_time_percent': 1.04, 'train/overhead_time_percent': 43.21, 'epoch': 0.7785547785547785}
{'loss': 1.3931, 'learning_rate': 0.0001, 'grad_norm': 0.3060978651046753, 'train/tokens_per_sec': 1632.2356799603403, 'train/step_time': 10.037766115000068, 'train/mfu': 79.15, 'train/efficiency': 56.81, 'train/forward_time_percent': 17.5, 'train/backward_time_percent': 38.23, 'train/optimizer_time_percent': 1.08, 'train/overhead_time_percent': 43.19, 'epoch': 0.7785547785547785}
{'loss': 1.2659, 'learning_rate': 0.0001, 'grad_norm': 0.32231664657592773, 'train/tokens_per_sec': 1638.2865222819348, 'train/step_time': 10.000692660999903, 'train/mfu': 82.61, 'train/efficiency': 54.48, 'train/forward_time_percent': 17.36, 'train/backward_time_percent': 36.24, 'train/optimizer_time_percent': 0.89, 'train/overhead_time_percent': 45.52, 'epoch': 0.7832167832167832}
{'loss': 1.2659, 'learning_rate': 0.0001, 'grad_norm': 0.32231664657592773, 'train/tokens_per_sec': 1637.4342530670358, 'train/step_time': 10.005897928000195, 'train/mfu': 86.92, 'train/efficiency': 51.85, 'train/forward_time_percent': 17.25, 'train/backward_time_percent': 33.66, 'train/optimizer_time_percent': 0.94, 'train/overhead_time_percent': 48.15, 'epoch': 0.7832167832167832}
{'loss': 1.4652, 'learning_rate': 0.0001, 'grad_norm': 0.2779588997364044, 'train/tokens_per_sec': 1639.2061376460542, 'train/step_time': 9.995082146000186, 'train/mfu': 82.82, 'train/efficiency': 54.36, 'train/forward_time_percent': 16.86, 'train/backward_time_percent': 36.63, 'train/optimizer_time_percent': 0.88, 'train/overhead_time_percent': 45.64, 'epoch': 0.7878787878787878}{'loss': 1.4652, 'learning_rate': 0.0001, 'grad_norm': 0.2779588997364044, 'train/tokens_per_sec': 1638.1837312431069, 'train/step_time': 10.00132017399983, 'train/mfu': 84.49, 'train/efficiency': 53.44, 'train/forward_time_percent': 16.86, 'train/backward_time_percent': 35.54, 'train/optimizer_time_percent': 1.05, 'train/overhead_time_percent': 46.56, 'epoch': 0.7878787878787878}

  step   170  loss   1.1223  |     5789.0 ms{'loss': 1.1223, 'learning_rate': 0.0001, 'grad_norm': 0.2396366447210312, 'train/tokens_per_sec': 1637.7846705418908, 'train/step_time': 10.003757083999972, 'train/mfu': 85.04, 'train/efficiency': 53.05, 'train/forward_time_percent': 16.63, 'train/backward_time_percent': 35.41, 'train/optimizer_time_percent': 1.0, 'train/overhead_time_percent': 46.95, 'epoch': 0.7925407925407926}

{'loss': 1.1223, 'learning_rate': 0.0001, 'grad_norm': 0.2396366447210312, 'train/tokens_per_sec': 1638.8374009496556, 'train/step_time': 9.99733102900018, 'train/mfu': 82.45, 'train/efficiency': 54.67, 'train/forward_time_percent': 16.88, 'train/backward_time_percent': 36.84, 'train/optimizer_time_percent': 0.96, 'train/overhead_time_percent': 45.33, 'epoch': 0.7925407925407926}
{'loss': 1.3129, 'learning_rate': 0.0001, 'grad_norm': 0.2763415575027466, 'train/tokens_per_sec': 1638.340469588372, 'train/step_time': 10.000363357999959, 'train/mfu': 82.78, 'train/efficiency': 54.36, 'train/forward_time_percent': 16.91, 'train/backward_time_percent': 36.57, 'train/optimizer_time_percent': 0.88, 'train/overhead_time_percent': 45.64, 'epoch': 0.7972027972027972}
{'loss': 1.3129, 'learning_rate': 0.0001, 'grad_norm': 0.2763415575027466, 'train/tokens_per_sec': 1637.3829775507397, 'train/step_time': 10.006211268000243, 'train/mfu': 85.37, 'train/efficiency': 52.72, 'train/forward_time_percent': 17.07, 'train/backward_time_percent': 34.76, 'train/optimizer_time_percent': 0.89, 'train/overhead_time_percent': 47.28, 'epoch': 0.7972027972027972}
{'loss': 1.4161, 'learning_rate': 0.0001, 'grad_norm': 0.36065673828125, 'train/tokens_per_sec': 1639.3817765645667, 'train/step_time': 9.994011299999784, 'train/mfu': 84.79, 'train/efficiency': 53.31, 'train/forward_time_percent': 16.97, 'train/backward_time_percent': 35.28, 'train/optimizer_time_percent': 1.06, 'train/overhead_time_percent': 46.69, 'epoch': 0.8018648018648019}
{'loss': 1.4161, 'learning_rate': 0.0001, 'grad_norm': 0.36065673828125, 'train/tokens_per_sec': 1639.6763453830208, 'train/step_time': 9.99221587000011, 'train/mfu': 84.32, 'train/efficiency': 53.58, 'train/forward_time_percent': 16.7, 'train/backward_time_percent': 35.85, 'train/optimizer_time_percent': 1.04, 'train/overhead_time_percent': 46.42, 'epoch': 0.8018648018648019}
{'loss': 1.3631, 'learning_rate': 0.0001, 'grad_norm': 0.2521111071109772, 'train/tokens_per_sec': 1635.7784001177026, 'train/step_time': 10.016026620000048, 'train/mfu': 83.84, 'train/efficiency': 53.73, 'train/forward_time_percent': 16.85, 'train/backward_time_percent': 35.86, 'train/optimizer_time_percent': 1.02, 'train/overhead_time_percent': 46.27, 'epoch': 0.8065268065268065}
{'loss': 1.3631, 'learning_rate': 0.0001, 'grad_norm': 0.2521111071109772, 'train/tokens_per_sec': 1636.3102263203953, 'train/step_time': 10.012771256000178, 'train/mfu': 82.6, 'train/efficiency': 54.52, 'train/forward_time_percent': 17.45, 'train/backward_time_percent': 36.07, 'train/optimizer_time_percent': 1.0, 'train/overhead_time_percent': 45.48, 'epoch': 0.8065268065268065}
{'loss': 1.2559, 'learning_rate': 0.0001, 'grad_norm': 0.2594650089740753, 'train/tokens_per_sec': 1637.9140251760339, 'train/step_time': 10.002967034999983, 'train/mfu': 83.65, 'train/efficiency': 53.81, 'train/forward_time_percent': 16.54, 'train/backward_time_percent': 36.37, 'train/optimizer_time_percent': 0.9, 'train/overhead_time_percent': 46.19, 'epoch': 0.8111888111888111}
{'loss': 1.2559, 'learning_rate': 0.0001, 'grad_norm': 0.2594650089740753, 'train/tokens_per_sec': 1637.6697514303937, 'train/step_time': 10.004459070999928, 'train/mfu': 84.87, 'train/efficiency': 53.15, 'train/forward_time_percent': 17.14, 'train/backward_time_percent': 35.01, 'train/optimizer_time_percent': 1.0, 'train/overhead_time_percent': 46.85, 'epoch': 0.8111888111888111}
{'loss': 1.2973, 'learning_rate': 0.0001, 'grad_norm': 0.22959059476852417, 'train/tokens_per_sec': 1638.109068717011, 'train/step_time': 10.001776018999863, 'train/mfu': 81.59, 'train/efficiency': 55.13, 'train/forward_time_percent': 17.37, 'train/backward_time_percent': 36.88, 'train/optimizer_time_percent': 0.87, 'train/overhead_time_percent': 44.87, 'epoch': 0.8158508158508159}
{'loss': 1.2973, 'learning_rate': 0.0001, 'grad_norm': 0.22959059476852417, 'train/tokens_per_sec': 1637.0433132867222, 'train/step_time': 10.008287421000205, 'train/mfu': 83.79, 'train/efficiency': 53.71, 'train/forward_time_percent': 17.03, 'train/backward_time_percent': 35.77, 'train/optimizer_time_percent': 0.91, 'train/overhead_time_percent': 46.29, 'epoch': 0.8158508158508159}
{'loss': 1.2965, 'learning_rate': 0.0001, 'grad_norm': 0.2515319585800171, 'train/tokens_per_sec': 1637.5690116748492, 'train/step_time': 10.005074524000065, 'train/mfu': 82.68, 'train/efficiency': 54.41, 'train/forward_time_percent': 17.15, 'train/backward_time_percent': 36.37, 'train/optimizer_time_percent': 0.89, 'train/overhead_time_percent': 45.59, 'epoch': 0.8205128205128205}
{'loss': 1.2965, 'learning_rate': 0.0001, 'grad_norm': 0.2515319585800171, 'train/tokens_per_sec': 1636.3782801623395, 'train/step_time': 10.012354844000129, 'train/mfu': 84.03, 'train/efficiency': 53.68, 'train/forward_time_percent': 16.83, 'train/backward_time_percent': 35.8, 'train/optimizer_time_percent': 1.06, 'train/overhead_time_percent': 46.32, 'epoch': 0.8205128205128205}
{'loss': 1.3515, 'learning_rate': 0.0001, 'grad_norm': 0.26186418533325195, 'train/tokens_per_sec': 1638.8076643865465, 'train/step_time': 9.997512432999883, 'train/mfu': 84.82, 'train/efficiency': 53.27, 'train/forward_time_percent': 17.35, 'train/backward_time_percent': 34.86, 'train/optimizer_time_percent': 1.06, 'train/overhead_time_percent': 46.73, 'epoch': 0.8251748251748252}
{'loss': 1.3515, 'learning_rate': 0.0001, 'grad_norm': 0.26186418533325195, 'train/tokens_per_sec': 1639.4888955689557, 'train/step_time': 9.993358322999939, 'train/mfu': 82.97, 'train/efficiency': 54.28, 'train/forward_time_percent': 16.87, 'train/backward_time_percent': 36.53, 'train/optimizer_time_percent': 0.88, 'train/overhead_time_percent': 45.72, 'epoch': 0.8251748251748252}
{'loss': 1.2071, 'learning_rate': 0.0001, 'grad_norm': 0.3464912176132202, 'train/tokens_per_sec': 1639.0299937947864, 'train/step_time': 9.996156301000156, 'train/mfu': 82.86, 'train/efficiency': 54.35, 'train/forward_time_percent': 16.86, 'train/backward_time_percent': 36.6, 'train/optimizer_time_percent': 0.89, 'train/overhead_time_percent': 45.65, 'epoch': 0.8298368298368298}
{'loss': 1.2071, 'learning_rate': 0.0001, 'grad_norm': 0.3464912176132202, 'train/tokens_per_sec': 1638.6823256282862, 'train/step_time': 9.998277117999805, 'train/mfu': 83.4, 'train/efficiency': 54.0, 'train/forward_time_percent': 16.99, 'train/backward_time_percent': 36.11, 'train/optimizer_time_percent': 0.9, 'train/overhead_time_percent': 46.0, 'epoch': 0.8298368298368298}
{'loss': 1.2726, 'learning_rate': 0.0001, 'grad_norm': 0.2925593852996826, 'train/tokens_per_sec': 1637.1788940775596, 'train/step_time': 10.00745859799963, 'train/mfu': 84.33, 'train/efficiency': 53.35, 'train/forward_time_percent': 17.04, 'train/backward_time_percent': 35.43, 'train/optimizer_time_percent': 0.89, 'train/overhead_time_percent': 46.65, 'epoch': 0.8344988344988346}
{'loss': 1.2726, 'learning_rate': 0.0001, 'grad_norm': 0.2925593852996826, 'train/tokens_per_sec': 1636.5901754452643, 'train/step_time': 10.011058507999678, 'train/mfu': 86.02, 'train/efficiency': 52.52, 'train/forward_time_percent': 17.09, 'train/backward_time_percent': 34.32, 'train/optimizer_time_percent': 1.11, 'train/overhead_time_percent': 47.48, 'epoch': 0.8344988344988346}
  step   180  loss   1.3645  |     5826.8 ms
{'loss': 1.3645, 'learning_rate': 0.0001, 'grad_norm': 0.28362563252449036, 'train/tokens_per_sec': 1637.832726644349, 'train/step_time': 10.00346356099999, 'train/mfu': 84.7, 'train/efficiency': 53.3, 'train/forward_time_percent': 17.31, 'train/backward_time_percent': 34.96, 'train/optimizer_time_percent': 1.04, 'train/overhead_time_percent': 46.7, 'epoch': 0.8391608391608392}{'loss': 1.3645, 'learning_rate': 0.0001, 'grad_norm': 0.28362563252449036, 'train/tokens_per_sec': 1638.6823857783277, 'train/step_time': 9.998276750999594, 'train/mfu': 81.92, 'train/efficiency': 55.08, 'train/forward_time_percent': 17.2, 'train/backward_time_percent': 36.86, 'train/optimizer_time_percent': 1.02, 'train/overhead_time_percent': 44.92, 'epoch': 0.8391608391608392}

{'loss': 1.2007, 'learning_rate': 0.0001, 'grad_norm': 0.2863815724849701, 'train/tokens_per_sec': 1637.6681419927845, 'train/step_time': 10.004468902999633, 'train/mfu': 83.48, 'train/efficiency': 54.06, 'train/forward_time_percent': 17.43, 'train/backward_time_percent': 35.59, 'train/optimizer_time_percent': 1.05, 'train/overhead_time_percent': 45.94, 'epoch': 0.8438228438228438}
{'loss': 1.2007, 'learning_rate': 0.0001, 'grad_norm': 0.2863815724849701, 'train/tokens_per_sec': 1637.6981858963265, 'train/step_time': 10.004285368999717, 'train/mfu': 84.12, 'train/efficiency': 53.68, 'train/forward_time_percent': 16.9, 'train/backward_time_percent': 35.72, 'train/optimizer_time_percent': 1.07, 'train/overhead_time_percent': 46.32, 'epoch': 0.8438228438228438}
{'loss': 1.42, 'learning_rate': 0.0001, 'grad_norm': 0.2365194410085678, 'train/tokens_per_sec': 1637.3409243368774, 'train/step_time': 10.006468265999956, 'train/mfu': 82.47, 'train/efficiency': 54.71, 'train/forward_time_percent': 17.25, 'train/backward_time_percent': 36.41, 'train/optimizer_time_percent': 1.06, 'train/overhead_time_percent': 45.29, 'epoch': 0.8484848484848485}
{'loss': 1.42, 'learning_rate': 0.0001, 'grad_norm': 0.2365194410085678, 'train/tokens_per_sec': 1636.471505718109, 'train/step_time': 10.011784465999881, 'train/mfu': 83.37, 'train/efficiency': 54.0, 'train/forward_time_percent': 17.35, 'train/backward_time_percent': 35.69, 'train/optimizer_time_percent': 0.96, 'train/overhead_time_percent': 46.0, 'epoch': 0.8484848484848485}
{'loss': 1.3015, 'learning_rate': 0.0001, 'grad_norm': 0.27465176582336426, 'train/tokens_per_sec': 1638.342320356463, 'train/step_time': 10.00035206099983, 'train/mfu': 85.3, 'train/efficiency': 52.89, 'train/forward_time_percent': 16.89, 'train/backward_time_percent': 35.01, 'train/optimizer_time_percent': 0.98, 'train/overhead_time_percent': 47.11, 'epoch': 0.8531468531468531}{'loss': 1.3015, 'learning_rate': 0.0001, 'grad_norm': 0.27465176582336426, 'train/tokens_per_sec': 1638.626481939922, 'train/step_time': 9.998617854999793, 'train/mfu': 82.89, 'train/efficiency': 54.47, 'train/forward_time_percent': 17.14, 'train/backward_time_percent': 36.29, 'train/optimizer_time_percent': 1.04, 'train/overhead_time_percent': 45.53, 'epoch': 0.8531468531468531}

{'loss': 1.1657, 'learning_rate': 0.0001, 'grad_norm': 0.259364515542984, 'train/tokens_per_sec': 1636.7266574757875, 'train/step_time': 10.010223713999949, 'train/mfu': 82.75, 'train/efficiency': 54.51, 'train/forward_time_percent': 17.13, 'train/backward_time_percent': 36.32, 'train/optimizer_time_percent': 1.05, 'train/overhead_time_percent': 45.49, 'epoch': 0.8578088578088578}
{'loss': 1.1657, 'learning_rate': 0.0001, 'grad_norm': 0.259364515542984, 'train/tokens_per_sec': 1636.3438808961528, 'train/step_time': 10.012565323999752, 'train/mfu': 83.67, 'train/efficiency': 53.85, 'train/forward_time_percent': 17.51, 'train/backward_time_percent': 35.34, 'train/optimizer_time_percent': 1.0, 'train/overhead_time_percent': 46.15, 'epoch': 0.8578088578088578}
{'loss': 1.2692, 'learning_rate': 0.0001, 'grad_norm': 0.2649225890636444, 'train/tokens_per_sec': 1636.6854747461398, 'train/step_time': 10.010475593999672, 'train/mfu': 84.33, 'train/efficiency': 53.44, 'train/forward_time_percent': 16.97, 'train/backward_time_percent': 35.48, 'train/optimizer_time_percent': 0.99, 'train/overhead_time_percent': 46.56, 'epoch': 0.8624708624708625}
{'loss': 1.2692, 'learning_rate': 0.0001, 'grad_norm': 0.2649225890636444, 'train/tokens_per_sec': 1637.256870200277, 'train/step_time': 10.00698198200007, 'train/mfu': 83.69, 'train/efficiency': 53.89, 'train/forward_time_percent': 17.72, 'train/backward_time_percent': 35.15, 'train/optimizer_time_percent': 1.02, 'train/overhead_time_percent': 46.11, 'epoch': 0.8624708624708625}
{'loss': 1.1487, 'learning_rate': 0.0001, 'grad_norm': 0.31959977746009827, 'train/tokens_per_sec': 1640.7840455998057, 'train/step_time': 9.985470082999655, 'train/mfu': 82.72, 'train/efficiency': 54.65, 'train/forward_time_percent': 16.86, 'train/backward_time_percent': 36.75, 'train/optimizer_time_percent': 1.05, 'train/overhead_time_percent': 45.35, 'epoch': 0.8671328671328671}
{'loss': 1.1487, 'learning_rate': 0.0001, 'grad_norm': 0.31959977746009827, 'train/tokens_per_sec': 1639.951061121719, 'train/step_time': 9.990542028000164, 'train/mfu': 87.06, 'train/efficiency': 51.81, 'train/forward_time_percent': 16.46, 'train/backward_time_percent': 34.44, 'train/optimizer_time_percent': 0.91, 'train/overhead_time_percent': 48.19, 'epoch': 0.8671328671328671}
{'loss': 0.9646, 'learning_rate': 0.0001, 'grad_norm': 0.25848835706710815, 'train/tokens_per_sec': 1637.2442162609898, 'train/step_time': 10.007059324000238, 'train/mfu': 85.21, 'train/efficiency': 53.0, 'train/forward_time_percent': 16.68, 'train/backward_time_percent': 35.25, 'train/optimizer_time_percent': 1.08, 'train/overhead_time_percent': 47.0, 'epoch': 0.8717948717948718}
{'loss': 0.9646, 'learning_rate': 0.0001, 'grad_norm': 0.25848835706710815, 'train/tokens_per_sec': 1637.489734357864, 'train/step_time': 10.005558908999774, 'train/mfu': 84.38, 'train/efficiency': 53.42, 'train/forward_time_percent': 17.4, 'train/backward_time_percent': 35.04, 'train/optimizer_time_percent': 0.98, 'train/overhead_time_percent': 46.58, 'epoch': 0.8717948717948718}
{'loss': 1.2157, 'learning_rate': 0.0001, 'grad_norm': 0.3394661545753479, 'train/tokens_per_sec': 1637.730853962397, 'train/step_time': 10.004085812000085, 'train/mfu': 81.96, 'train/efficiency': 54.89, 'train/forward_time_percent': 17.43, 'train/backward_time_percent': 36.56, 'train/optimizer_time_percent': 0.89, 'train/overhead_time_percent': 45.11, 'epoch': 0.8764568764568764}{'loss': 1.2157, 'learning_rate': 0.0001, 'grad_norm': 0.3394661545753479, 'train/tokens_per_sec': 1636.4329186098346, 'train/step_time': 10.01202054400028, 'train/mfu': 85.72, 'train/efficiency': 52.47, 'train/forward_time_percent': 16.91, 'train/backward_time_percent': 34.68, 'train/optimizer_time_percent': 0.88, 'train/overhead_time_percent': 47.53, 'epoch': 0.8764568764568764}

{'loss': 1.2654, 'learning_rate': 0.0001, 'grad_norm': 0.2646228075027466, 'train/tokens_per_sec': 1636.851513588007, 'train/step_time': 10.009460151999974, 'train/mfu': 84.2, 'train/efficiency': 53.59, 'train/forward_time_percent': 17.28, 'train/backward_time_percent': 35.25, 'train/optimizer_time_percent': 1.06, 'train/overhead_time_percent': 46.41, 'epoch': 0.8811188811188811}
{'loss': 1.2654, 'learning_rate': 0.0001, 'grad_norm': 0.2646228075027466, 'train/tokens_per_sec': 1637.1767252899342, 'train/step_time': 10.007471854999949, 'train/mfu': 83.86, 'train/efficiency': 53.82, 'train/forward_time_percent': 17.33, 'train/backward_time_percent': 35.43, 'train/optimizer_time_percent': 1.07, 'train/overhead_time_percent': 46.18, 'epoch': 0.8811188811188811}
  step   190  loss   1.2354  |     5815.9 ms
{'loss': 1.2354, 'learning_rate': 0.0001, 'grad_norm': 0.2764629125595093, 'train/tokens_per_sec': 1636.9984826032628, 'train/step_time': 10.00856150699974, 'train/mfu': 81.8, 'train/efficiency': 54.96, 'train/forward_time_percent': 17.57, 'train/backward_time_percent': 36.51, 'train/optimizer_time_percent': 0.88, 'train/overhead_time_percent': 45.04, 'epoch': 0.8857808857808858}
{'loss': 1.2354, 'learning_rate': 0.0001, 'grad_norm': 0.2764629125595093, 'train/tokens_per_sec': 1636.2612654803045, 'train/step_time': 10.01307086199995, 'train/mfu': 85.21, 'train/efficiency': 52.96, 'train/forward_time_percent': 17.09, 'train/backward_time_percent': 34.8, 'train/optimizer_time_percent': 1.07, 'train/overhead_time_percent': 47.04, 'epoch': 0.8857808857808858}
{'loss': 1.3191, 'learning_rate': 0.0001, 'grad_norm': 0.24663780629634857, 'train/tokens_per_sec': 1637.560198213126, 'train/step_time': 10.005128371999945, 'train/mfu': 83.83, 'train/efficiency': 53.76, 'train/forward_time_percent': 17.26, 'train/backward_time_percent': 35.54, 'train/optimizer_time_percent': 0.97, 'train/overhead_time_percent': 46.24, 'epoch': 0.8904428904428905}
{'loss': 1.3191, 'learning_rate': 0.0001, 'grad_norm': 0.24663780629634857, 'train/tokens_per_sec': 1637.7234710099106, 'train/step_time': 10.00413091099972, 'train/mfu': 83.44, 'train/efficiency': 54.01, 'train/forward_time_percent': 16.96, 'train/backward_time_percent': 36.08, 'train/optimizer_time_percent': 0.98, 'train/overhead_time_percent': 45.99, 'epoch': 0.8904428904428905}
{'loss': 1.3762, 'learning_rate': 0.0001, 'grad_norm': 0.2354646474123001, 'train/tokens_per_sec': 1638.0711483713635, 'train/step_time': 10.002007554000102, 'train/mfu': 83.58, 'train/efficiency': 53.99, 'train/forward_time_percent': 17.11, 'train/backward_time_percent': 35.86, 'train/optimizer_time_percent': 1.02, 'train/overhead_time_percent': 46.01, 'epoch': 0.8951048951048951}
{'loss': 1.3762, 'learning_rate': 0.0001, 'grad_norm': 0.2354646474123001, 'train/tokens_per_sec': 1637.895443360472, 'train/step_time': 10.003080517999933, 'train/mfu': 84.16, 'train/efficiency': 53.56, 'train/forward_time_percent': 17.22, 'train/backward_time_percent': 35.38, 'train/optimizer_time_percent': 0.97, 'train/overhead_time_percent': 46.44, 'epoch': 0.8951048951048951}
{'loss': 1.4018, 'learning_rate': 0.0001, 'grad_norm': 0.29109370708465576, 'train/tokens_per_sec': 1638.143329805743, 'train/step_time': 10.001566836000165, 'train/mfu': 84.81, 'train/efficiency': 53.27, 'train/forward_time_percent': 17.44, 'train/backward_time_percent': 34.76, 'train/optimizer_time_percent': 1.07, 'train/overhead_time_percent': 46.73, 'epoch': 0.8997668997668997}
{'loss': 1.4018, 'learning_rate': 0.0001, 'grad_norm': 0.29109370708465576, 'train/tokens_per_sec': 1638.2831985993594, 'train/step_time': 10.00071294999998, 'train/mfu': 84.71, 'train/efficiency': 53.15, 'train/forward_time_percent': 16.69, 'train/backward_time_percent': 35.57, 'train/optimizer_time_percent': 0.89, 'train/overhead_time_percent': 46.85, 'epoch': 0.8997668997668997}
{'loss': 1.3476, 'learning_rate': 0.0001, 'grad_norm': 0.2519805133342743, 'train/tokens_per_sec': 1637.5940700328329, 'train/step_time': 10.004921427000227, 'train/mfu': 84.66, 'train/efficiency': 53.18, 'train/forward_time_percent': 17.08, 'train/backward_time_percent': 35.19, 'train/optimizer_time_percent': 0.9, 'train/overhead_time_percent': 46.82, 'epoch': 0.9044289044289044}
{'loss': 1.3476, 'learning_rate': 0.0001, 'grad_norm': 0.2519805133342743, 'train/tokens_per_sec': 1638.0224502398173, 'train/step_time': 10.002304912, 'train/mfu': 83.54, 'train/efficiency': 53.87, 'train/forward_time_percent': 17.16, 'train/backward_time_percent': 35.83, 'train/optimizer_time_percent': 0.88, 'train/overhead_time_percent': 46.13, 'epoch': 0.9044289044289044}
{'loss': 1.3736, 'learning_rate': 0.0001, 'grad_norm': 0.25739285349845886, 'train/tokens_per_sec': 1637.803738223059, 'train/step_time': 10.003640617999736, 'train/mfu': 84.86, 'train/efficiency': 53.12, 'train/forward_time_percent': 16.78, 'train/backward_time_percent': 35.38, 'train/optimizer_time_percent': 0.96, 'train/overhead_time_percent': 46.88, 'epoch': 0.9090909090909091}
{'loss': 1.3736, 'learning_rate': 0.0001, 'grad_norm': 0.25739285349845886, 'train/tokens_per_sec': 1638.196647210014, 'train/step_time': 10.001241320999725, 'train/mfu': 83.64, 'train/efficiency': 53.98, 'train/forward_time_percent': 17.05, 'train/backward_time_percent': 35.88, 'train/optimizer_time_percent': 1.05, 'train/overhead_time_percent': 46.02, 'epoch': 0.9090909090909091}
{'loss': 1.3351, 'learning_rate': 0.0001, 'grad_norm': 0.2310044765472412, 'train/tokens_per_sec': 1639.4553267386937, 'train/step_time': 9.993562943000143, 'train/mfu': 83.05, 'train/efficiency': 54.33, 'train/forward_time_percent': 16.94, 'train/backward_time_percent': 36.41, 'train/optimizer_time_percent': 0.98, 'train/overhead_time_percent': 45.67, 'epoch': 0.9137529137529138}
{'loss': 1.3351, 'learning_rate': 0.0001, 'grad_norm': 0.2310044765472412, 'train/tokens_per_sec': 1638.8311591063587, 'train/step_time': 9.997369105999951, 'train/mfu': 84.48, 'train/efficiency': 53.51, 'train/forward_time_percent': 17.48, 'train/backward_time_percent': 34.95, 'train/optimizer_time_percent': 1.08, 'train/overhead_time_percent': 46.49, 'epoch': 0.9137529137529138}
{'loss': 1.3458, 'learning_rate': 0.0001, 'grad_norm': 0.2573469281196594, 'train/tokens_per_sec': 1638.0432790562238, 'train/step_time': 10.0021777259999, 'train/mfu': 83.5, 'train/efficiency': 54.02, 'train/forward_time_percent': 17.06, 'train/backward_time_percent': 35.96, 'train/optimizer_time_percent': 1.0, 'train/overhead_time_percent': 45.98, 'epoch': 0.9184149184149184}
{'loss': 1.3458, 'learning_rate': 0.0001, 'grad_norm': 0.2573469281196594, 'train/tokens_per_sec': 1638.2094960579727, 'train/step_time': 10.001162878999821, 'train/mfu': 83.11, 'train/efficiency': 54.23, 'train/forward_time_percent': 16.94, 'train/backward_time_percent': 36.32, 'train/optimizer_time_percent': 0.97, 'train/overhead_time_percent': 45.77, 'epoch': 0.9184149184149184}
{'loss': 1.2224, 'learning_rate': 0.0001, 'grad_norm': 0.2188064455986023, 'train/tokens_per_sec': 1635.841992652865, 'train/step_time': 10.015637252000033, 'train/mfu': 86.17, 'train/efficiency': 52.35, 'train/forward_time_percent': 16.75, 'train/backward_time_percent': 34.55, 'train/optimizer_time_percent': 1.05, 'train/overhead_time_percent': 47.65, 'epoch': 0.9230769230769231}
{'loss': 1.2224, 'learning_rate': 0.0001, 'grad_norm': 0.2188064455986023, 'train/tokens_per_sec': 1636.5541109795888, 'train/step_time': 10.011279119999926, 'train/mfu': 83.8, 'train/efficiency': 53.8, 'train/forward_time_percent': 17.38, 'train/backward_time_percent': 35.39, 'train/optimizer_time_percent': 1.03, 'train/overhead_time_percent': 46.2, 'epoch': 0.9230769230769231}
{'loss': 1.2002, 'learning_rate': 0.0001, 'grad_norm': 0.24943479895591736, 'train/tokens_per_sec': 1638.5341887405616, 'train/step_time': 9.99918104399967, 'train/mfu': 85.08, 'train/efficiency': 53.11, 'train/forward_time_percent': 17.58, 'train/backward_time_percent': 34.47, 'train/optimizer_time_percent': 1.07, 'train/overhead_time_percent': 46.89, 'epoch': 0.9277389277389277}
{'loss': 1.2002, 'learning_rate': 0.0001, 'grad_norm': 0.24943479895591736, 'train/tokens_per_sec': 1638.6006599234502, 'train/step_time': 9.99877541900014, 'train/mfu': 84.94, 'train/efficiency': 53.13, 'train/forward_time_percent': 16.73, 'train/backward_time_percent': 35.4, 'train/optimizer_time_percent': 1.0, 'train/overhead_time_percent': 46.87, 'epoch': 0.9277389277389277}
  step   200  loss   1.1262  |     5724.7 ms
{'loss': 1.1262, 'learning_rate': 0.0001, 'grad_norm': 0.26702889800071716, 'train/tokens_per_sec': 1638.632597342638, 'train/step_time': 9.998580540000148, 'train/mfu': 83.56, 'train/efficiency': 54.04, 'train/forward_time_percent': 16.9, 'train/backward_time_percent': 36.1, 'train/optimizer_time_percent': 1.04, 'train/overhead_time_percent': 45.96, 'epoch': 0.9324009324009324}
{'loss': 1.1262, 'learning_rate': 0.0001, 'grad_norm': 0.26702889800071716, 'train/tokens_per_sec': 1638.017986195506, 'train/step_time': 10.002332171000035, 'train/mfu': 86.4, 'train/efficiency': 52.18, 'train/forward_time_percent': 17.23, 'train/backward_time_percent': 34.0, 'train/optimizer_time_percent': 0.94, 'train/overhead_time_percent': 47.82, 'epoch': 0.9324009324009324}
{'loss': 1.1728, 'learning_rate': 0.0001, 'grad_norm': 0.25124692916870117, 'train/tokens_per_sec': 1637.8360560308226, 'train/step_time': 10.003443225999945, 'train/mfu': 83.18, 'train/efficiency': 54.08, 'train/forward_time_percent': 17.19, 'train/backward_time_percent': 36.01, 'train/optimizer_time_percent': 0.88, 'train/overhead_time_percent': 45.92, 'epoch': 0.9370629370629371}
{'loss': 1.1728, 'learning_rate': 0.0001, 'grad_norm': 0.25124692916870117, 'train/tokens_per_sec': 1636.8457969105316, 'train/step_time': 10.009495109999989, 'train/mfu': 85.7, 'train/efficiency': 52.48, 'train/forward_time_percent': 17.29, 'train/backward_time_percent': 34.32, 'train/optimizer_time_percent': 0.88, 'train/overhead_time_percent': 47.52, 'epoch': 0.9370629370629371}
{'loss': 1.2043, 'learning_rate': 0.0001, 'grad_norm': 0.2794605791568756, 'train/tokens_per_sec': 1638.421962882616, 'train/step_time': 9.99986595099972, 'train/mfu': 83.56, 'train/efficiency': 53.91, 'train/forward_time_percent': 17.07, 'train/backward_time_percent': 35.92, 'train/optimizer_time_percent': 0.92, 'train/overhead_time_percent': 46.09, 'epoch': 0.9417249417249417}
{'loss': 1.2043, 'learning_rate': 0.0001, 'grad_norm': 0.2794605791568756, 'train/tokens_per_sec': 1638.173351345069, 'train/step_time': 10.001383544999953, 'train/mfu': 84.75, 'train/efficiency': 53.22, 'train/forward_time_percent': 17.22, 'train/backward_time_percent': 35.01, 'train/optimizer_time_percent': 0.99, 'train/overhead_time_percent': 46.78, 'epoch': 0.9417249417249417}
{'loss': 1.2272, 'learning_rate': 0.0001, 'grad_norm': 0.3158353567123413, 'train/tokens_per_sec': 1638.0921145261095, 'train/step_time': 10.00187953700015, 'train/mfu': 85.4, 'train/efficiency': 52.85, 'train/forward_time_percent': 16.38, 'train/backward_time_percent': 35.46, 'train/optimizer_time_percent': 1.01, 'train/overhead_time_percent': 47.15, 'epoch': 0.9463869463869464}{'loss': 1.2272, 'learning_rate': 0.0001, 'grad_norm': 0.3158353567123413, 'train/tokens_per_sec': 1639.203031467974, 'train/step_time': 9.995101085999977, 'train/mfu': 82.93, 'train/efficiency': 54.3, 'train/forward_time_percent': 17.15, 'train/backward_time_percent': 36.26, 'train/optimizer_time_percent': 0.89, 'train/overhead_time_percent': 45.7, 'epoch': 0.9463869463869464}

{'loss': 1.2507, 'learning_rate': 0.0001, 'grad_norm': 0.2956453859806061, 'train/tokens_per_sec': 1637.921880611754, 'train/step_time': 10.00291906099983, 'train/mfu': 84.7, 'train/efficiency': 53.27, 'train/forward_time_percent': 17.47, 'train/backward_time_percent': 34.79, 'train/optimizer_time_percent': 1.02, 'train/overhead_time_percent': 46.73, 'epoch': 0.951048951048951}
{'loss': 1.2507, 'learning_rate': 0.0001, 'grad_norm': 0.2956453859806061, 'train/tokens_per_sec': 1637.954227481116, 'train/step_time': 10.002721519999795, 'train/mfu': 83.4, 'train/efficiency': 54.13, 'train/forward_time_percent': 17.28, 'train/backward_time_percent': 35.8, 'train/optimizer_time_percent': 1.05, 'train/overhead_time_percent': 45.87, 'epoch': 0.951048951048951}
{'loss': 1.2217, 'learning_rate': 0.0001, 'grad_norm': 0.3316456377506256, 'train/tokens_per_sec': 1637.5532236843708, 'train/step_time': 10.00517098499995, 'train/mfu': 85.04, 'train/efficiency': 53.1, 'train/forward_time_percent': 17.32, 'train/backward_time_percent': 34.72, 'train/optimizer_time_percent': 1.06, 'train/overhead_time_percent': 46.9, 'epoch': 0.9557109557109557}
{'loss': 1.2217, 'learning_rate': 0.0001, 'grad_norm': 0.3316456377506256, 'train/tokens_per_sec': 1638.8032688421301, 'train/step_time': 9.997539248000066, 'train/mfu': 82.9, 'train/efficiency': 54.45, 'train/forward_time_percent': 17.24, 'train/backward_time_percent': 36.19, 'train/optimizer_time_percent': 1.03, 'train/overhead_time_percent': 45.55, 'epoch': 0.9557109557109557}
{'loss': 1.2631, 'learning_rate': 0.0001, 'grad_norm': 0.23928013443946838, 'train/tokens_per_sec': 1638.3807336255798, 'train/step_time': 10.00011759400013, 'train/mfu': 82.88, 'train/efficiency': 54.31, 'train/forward_time_percent': 17.41, 'train/backward_time_percent': 36.01, 'train/optimizer_time_percent': 0.88, 'train/overhead_time_percent': 45.69, 'epoch': 0.9603729603729604}
{'loss': 1.2631, 'learning_rate': 0.0001, 'grad_norm': 0.23928013443946838, 'train/tokens_per_sec': 1637.458348792267, 'train/step_time': 10.005750688000262, 'train/mfu': 85.21, 'train/efficiency': 52.88, 'train/forward_time_percent': 17.07, 'train/backward_time_percent': 34.86, 'train/optimizer_time_percent': 0.95, 'train/overhead_time_percent': 47.12, 'epoch': 0.9603729603729604}
{'loss': 0.9827, 'learning_rate': 0.0001, 'grad_norm': 0.22626592218875885, 'train/tokens_per_sec': 1639.457204634227, 'train/step_time': 9.993551495999782, 'train/mfu': 84.07, 'train/efficiency': 53.66, 'train/forward_time_percent': 17.54, 'train/backward_time_percent': 35.16, 'train/optimizer_time_percent': 0.97, 'train/overhead_time_percent': 46.34, 'epoch': 0.965034965034965}
{'loss': 0.9827, 'learning_rate': 0.0001, 'grad_norm': 0.22626592218875885, 'train/tokens_per_sec': 1639.7712158812158, 'train/step_time': 9.99163776100022, 'train/mfu': 83.36, 'train/efficiency': 54.18, 'train/forward_time_percent': 17.41, 'train/backward_time_percent': 35.75, 'train/optimizer_time_percent': 1.02, 'train/overhead_time_percent': 45.82, 'epoch': 0.965034965034965}
{'loss': 1.2427, 'learning_rate': 0.0001, 'grad_norm': 0.24389442801475525, 'train/tokens_per_sec': 1637.858575056244, 'train/step_time': 10.003305688000182, 'train/mfu': 82.47, 'train/efficiency': 54.55, 'train/forward_time_percent': 17.27, 'train/backward_time_percent': 36.39, 'train/optimizer_time_percent': 0.88, 'train/overhead_time_percent': 45.45, 'epoch': 0.9696969696969697}{'loss': 1.2427, 'learning_rate': 0.0001, 'grad_norm': 0.24389442801475525, 'train/tokens_per_sec': 1636.8150538147509, 'train/step_time': 10.009683110999958, 'train/mfu': 84.54, 'train/efficiency': 53.24, 'train/forward_time_percent': 17.21, 'train/backward_time_percent': 35.11, 'train/optimizer_time_percent': 0.92, 'train/overhead_time_percent': 46.76, 'epoch': 0.9696969696969697}

{'loss': 1.1256, 'learning_rate': 0.0001, 'grad_norm': 0.2406853586435318, 'train/tokens_per_sec': 1638.5936421145739, 'train/step_time': 9.998818241999743, 'train/mfu': 84.35, 'train/efficiency': 53.42, 'train/forward_time_percent': 17.18, 'train/backward_time_percent': 35.32, 'train/optimizer_time_percent': 0.91, 'train/overhead_time_percent': 46.58, 'epoch': 0.9743589743589743}
{'loss': 1.1256, 'learning_rate': 0.0001, 'grad_norm': 0.2406853586435318, 'train/tokens_per_sec': 1638.9996793333953, 'train/step_time': 9.99634118699987, 'train/mfu': 82.25, 'train/efficiency': 54.89, 'train/forward_time_percent': 17.15, 'train/backward_time_percent': 36.71, 'train/optimizer_time_percent': 1.04, 'train/overhead_time_percent': 45.11, 'epoch': 0.9743589743589743}
{'loss': 1.5612, 'learning_rate': 0.0001, 'grad_norm': 0.2900175452232361, 'train/tokens_per_sec': 1638.2376791512725, 'train/step_time': 10.000990826000361, 'train/mfu': 83.33, 'train/efficiency': 54.0, 'train/forward_time_percent': 17.01, 'train/backward_time_percent': 36.12, 'train/optimizer_time_percent': 0.87, 'train/overhead_time_percent': 46.0, 'epoch': 0.9790209790209791}
  step   210  loss   1.5612  |     5511.9 ms
{'loss': 1.5612, 'learning_rate': 0.0001, 'grad_norm': 0.2900175452232361, 'train/tokens_per_sec': 1637.330094018076, 'train/step_time': 10.006534454999837, 'train/mfu': 87.18, 'train/efficiency': 51.87, 'train/forward_time_percent': 16.57, 'train/backward_time_percent': 34.18, 'train/optimizer_time_percent': 1.12, 'train/overhead_time_percent': 48.13, 'epoch': 0.9790209790209791}
{'loss': 1.1553, 'learning_rate': 0.0001, 'grad_norm': 0.2726549804210663, 'train/tokens_per_sec': 1636.009918263421, 'train/step_time': 10.014609212999858, 'train/mfu': 83.3, 'train/efficiency': 53.96, 'train/forward_time_percent': 17.05, 'train/backward_time_percent': 36.03, 'train/optimizer_time_percent': 0.89, 'train/overhead_time_percent': 46.04, 'epoch': 0.9836829836829837}{'loss': 1.1553, 'learning_rate': 0.0001, 'grad_norm': 0.2726549804210663, 'train/tokens_per_sec': 1635.2683642744964, 'train/step_time': 10.019150592000187, 'train/mfu': 85.33, 'train/efficiency': 52.68, 'train/forward_time_percent': 17.35, 'train/backward_time_percent': 34.44, 'train/optimizer_time_percent': 0.89, 'train/overhead_time_percent': 47.32, 'epoch': 0.9836829836829837}

{'loss': 1.2575, 'learning_rate': 0.0001, 'grad_norm': 0.22840958833694458, 'train/tokens_per_sec': 1639.4152729925693, 'train/step_time': 9.993807103000108, 'train/mfu': 81.98, 'train/efficiency': 55.03, 'train/forward_time_percent': 17.32, 'train/backward_time_percent': 36.72, 'train/optimizer_time_percent': 0.99, 'train/overhead_time_percent': 44.97, 'epoch': 0.9883449883449883}{'loss': 1.2575, 'learning_rate': 0.0001, 'grad_norm': 0.22840958833694458, 'train/tokens_per_sec': 1638.8126394204203, 'train/step_time': 9.99748208300025, 'train/mfu': 84.85, 'train/efficiency': 53.2, 'train/forward_time_percent': 17.25, 'train/backward_time_percent': 34.95, 'train/optimizer_time_percent': 1.01, 'train/overhead_time_percent': 46.8, 'epoch': 0.9883449883449883}

{'loss': 1.3432, 'learning_rate': 0.0001, 'grad_norm': 0.2888238728046417, 'train/tokens_per_sec': 1636.4627379007004, 'train/step_time': 10.01183810700013, 'train/mfu': 83.32, 'train/efficiency': 54.05, 'train/forward_time_percent': 17.61, 'train/backward_time_percent': 35.46, 'train/optimizer_time_percent': 0.97, 'train/overhead_time_percent': 45.95, 'epoch': 0.993006993006993}
{'loss': 1.3432, 'learning_rate': 0.0001, 'grad_norm': 0.2888238728046417, 'train/tokens_per_sec': 1636.2156119072251, 'train/step_time': 10.013350245999845, 'train/mfu': 83.2, 'train/efficiency': 54.13, 'train/forward_time_percent': 16.54, 'train/backward_time_percent': 36.61, 'train/optimizer_time_percent': 0.98, 'train/overhead_time_percent': 45.87, 'epoch': 0.993006993006993}
{'loss': 1.2678, 'learning_rate': 0.0001, 'grad_norm': 0.2504125237464905, 'train/tokens_per_sec': 1637.4043559775537, 'train/step_time': 10.006080623999878, 'train/mfu': 85.76, 'train/efficiency': 52.55, 'train/forward_time_percent': 16.61, 'train/backward_time_percent': 34.98, 'train/optimizer_time_percent': 0.96, 'train/overhead_time_percent': 47.45, 'epoch': 0.9976689976689976}{'loss': 1.2678, 'learning_rate': 0.0001, 'grad_norm': 0.2504125237464905, 'train/tokens_per_sec': 1638.484536626609, 'train/step_time': 9.999484055999801, 'train/mfu': 83.17, 'train/efficiency': 54.25, 'train/forward_time_percent': 17.44, 'train/backward_time_percent': 35.79, 'train/optimizer_time_percent': 1.02, 'train/overhead_time_percent': 45.75, 'epoch': 0.9976689976689976}

{'loss': 1.4854, 'learning_rate': 0.0001, 'grad_norm': 0.32817012071609497, 'train/tokens_per_sec': 1205.7585746641068, 'train/step_time': 6.794063233000088, 'train/mfu': 88.65, 'train/efficiency': 38.3, 'train/forward_time_percent': 11.84, 'train/backward_time_percent': 24.91, 'train/optimizer_time_percent': 1.54, 'train/overhead_time_percent': 61.7, 'epoch': 1.0}{'loss': 1.4854, 'learning_rate': 0.0001, 'grad_norm': 0.32817012071609497, 'train/tokens_per_sec': 1186.276239587069, 'train/step_time': 6.9056428230001075, 'train/mfu': 84.87, 'train/efficiency': 39.33, 'train/forward_time_percent': 12.71, 'train/backward_time_percent': 25.07, 'train/optimizer_time_percent': 1.56, 'train/overhead_time_percent': 60.67, 'epoch': 1.0}

{'loss': 1.2729, 'learning_rate': 0.0001, 'grad_norm': 0.2926350235939026, 'train/tokens_per_sec': 2731.0029423418164, 'train/step_time': 5.999261203999595, 'train/mfu': 84.84, 'train/efficiency': 88.45, 'train/forward_time_percent': 28.28, 'train/backward_time_percent': 58.71, 'train/optimizer_time_percent': 1.46, 'train/overhead_time_percent': 11.55, 'epoch': 1.0046620046620047}
{'loss': 1.2729, 'learning_rate': 0.0001, 'grad_norm': 0.2926350235939026, 'train/tokens_per_sec': 2729.0172295499874, 'train/step_time': 6.003626442000041, 'train/mfu': 87.38, 'train/efficiency': 85.89, 'train/forward_time_percent': 27.35, 'train/backward_time_percent': 57.05, 'train/optimizer_time_percent': 1.49, 'train/overhead_time_percent': 14.11, 'epoch': 1.0046620046620047}
{'loss': 1.1691, 'learning_rate': 0.0001, 'grad_norm': 0.27832794189453125, 'train/tokens_per_sec': 1638.7317261691123, 'train/step_time': 9.99797571399995, 'train/mfu': 83.04, 'train/efficiency': 54.33, 'train/forward_time_percent': 16.81, 'train/backward_time_percent': 36.53, 'train/optimizer_time_percent': 1.0, 'train/overhead_time_percent': 45.67, 'epoch': 1.0093240093240092}
{'loss': 1.1691, 'learning_rate': 0.0001, 'grad_norm': 0.27832794189453125, 'train/tokens_per_sec': 1638.2812206796134, 'train/step_time': 10.000725024000076, 'train/mfu': 84.39, 'train/efficiency': 53.47, 'train/forward_time_percent': 17.35, 'train/backward_time_percent': 35.11, 'train/optimizer_time_percent': 1.01, 'train/overhead_time_percent': 46.53, 'epoch': 1.0093240093240092}
{'loss': 1.1592, 'learning_rate': 0.0001, 'grad_norm': 0.27359458804130554, 'train/tokens_per_sec': 1638.3335021729897, 'train/step_time': 10.000405886999943, 'train/mfu': 82.61, 'train/efficiency': 54.46, 'train/forward_time_percent': 16.97, 'train/backward_time_percent': 36.62, 'train/optimizer_time_percent': 0.87, 'train/overhead_time_percent': 45.54, 'epoch': 1.013986013986014}
{'loss': 1.1592, 'learning_rate': 0.0001, 'grad_norm': 0.27359458804130554, 'train/tokens_per_sec': 1637.3594215744906, 'train/step_time': 10.0063552229999, 'train/mfu': 85.22, 'train/efficiency': 52.87, 'train/forward_time_percent': 17.6, 'train/backward_time_percent': 34.32, 'train/optimizer_time_percent': 0.95, 'train/overhead_time_percent': 47.13, 'epoch': 1.013986013986014}
{'loss': 1.2605, 'learning_rate': 0.0001, 'grad_norm': 0.254807710647583, 'train/tokens_per_sec': 1639.0559529787688, 'train/step_time': 9.995997983000052, 'train/mfu': 83.49, 'train/efficiency': 54.1, 'train/forward_time_percent': 17.34, 'train/backward_time_percent': 35.71, 'train/optimizer_time_percent': 1.05, 'train/overhead_time_percent': 45.9, 'epoch': 1.0186480186480187}
{'loss': 1.2605, 'learning_rate': 0.0001, 'grad_norm': 0.254807710647583, 'train/tokens_per_sec': 1638.1545980523883, 'train/step_time': 10.001498039000126, 'train/mfu': 86.79, 'train/efficiency': 51.9, 'train/forward_time_percent': 17.27, 'train/backward_time_percent': 33.73, 'train/optimizer_time_percent': 0.89, 'train/overhead_time_percent': 48.1, 'epoch': 1.0186480186480187}
  step   220  loss   1.2189  |     5616.3 ms
{'loss': 1.2189, 'learning_rate': 0.0001, 'grad_norm': 0.2053859829902649, 'train/tokens_per_sec': 1639.2991434493697, 'train/step_time': 9.994515073999992, 'train/mfu': 85.08, 'train/efficiency': 53.04, 'train/forward_time_percent': 16.8, 'train/backward_time_percent': 35.27, 'train/optimizer_time_percent': 0.97, 'train/overhead_time_percent': 46.96, 'epoch': 1.0233100233100234}
{'loss': 1.2189, 'learning_rate': 0.0001, 'grad_norm': 0.2053859829902649, 'train/tokens_per_sec': 1639.8384149306778, 'train/step_time': 9.991228312999738, 'train/mfu': 83.91, 'train/efficiency': 53.84, 'train/forward_time_percent': 17.45, 'train/backward_time_percent': 35.37, 'train/optimizer_time_percent': 1.03, 'train/overhead_time_percent': 46.16, 'epoch': 1.0233100233100234}
{'loss': 1.0707, 'learning_rate': 0.0001, 'grad_norm': 0.2730594277381897, 'train/tokens_per_sec': 1638.8986832719058, 'train/step_time': 9.996957204999944, 'train/mfu': 84.3, 'train/efficiency': 53.51, 'train/forward_time_percent': 16.47, 'train/backward_time_percent': 36.07, 'train/optimizer_time_percent': 0.97, 'train/overhead_time_percent': 46.49, 'epoch': 1.027972027972028}
{'loss': 1.0707, 'learning_rate': 0.0001, 'grad_norm': 0.2730594277381897, 'train/tokens_per_sec': 1638.8000433815491, 'train/step_time': 9.997558925000249, 'train/mfu': 84.99, 'train/efficiency': 53.17, 'train/forward_time_percent': 17.89, 'train/backward_time_percent': 34.22, 'train/optimizer_time_percent': 1.07, 'train/overhead_time_percent': 46.83, 'epoch': 1.027972027972028}
{'loss': 1.2216, 'learning_rate': 0.0001, 'grad_norm': 0.3094647228717804, 'train/tokens_per_sec': 1638.1272930864816, 'train/step_time': 10.001664748000167, 'train/mfu': 82.71, 'train/efficiency': 54.55, 'train/forward_time_percent': 17.6, 'train/backward_time_percent': 35.92, 'train/optimizer_time_percent': 1.02, 'train/overhead_time_percent': 45.45, 'epoch': 1.0326340326340326}
{'loss': 1.2216, 'learning_rate': 0.0001, 'grad_norm': 0.3094647228717804, 'train/tokens_per_sec': 1637.4883341012335, 'train/step_time': 10.005567464999785, 'train/mfu': 85.4, 'train/efficiency': 52.86, 'train/forward_time_percent': 17.27, 'train/backward_time_percent': 34.54, 'train/optimizer_time_percent': 1.04, 'train/overhead_time_percent': 47.14, 'epoch': 1.0326340326340326}
{'loss': 1.4945, 'learning_rate': 0.0001, 'grad_norm': 0.2578853964805603, 'train/tokens_per_sec': 1638.291490548213, 'train/step_time': 10.000662333000037, 'train/mfu': 84.02, 'train/efficiency': 53.61, 'train/forward_time_percent': 17.25, 'train/backward_time_percent': 35.44, 'train/optimizer_time_percent': 0.91, 'train/overhead_time_percent': 46.39, 'epoch': 1.0372960372960374}
{'loss': 1.4945, 'learning_rate': 0.0001, 'grad_norm': 0.2578853964805603, 'train/tokens_per_sec': 1637.4599808925416, 'train/step_time': 10.005740715000229, 'train/mfu': 86.37, 'train/efficiency': 52.16, 'train/forward_time_percent': 16.54, 'train/backward_time_percent': 34.69, 'train/optimizer_time_percent': 0.93, 'train/overhead_time_percent': 47.84, 'epoch': 1.0372960372960374}
{'loss': 1.0478, 'learning_rate': 0.0001, 'grad_norm': 0.24535998702049255, 'train/tokens_per_sec': 1637.8498293724454, 'train/step_time': 10.003359103000093, 'train/mfu': 85.32, 'train/efficiency': 52.87, 'train/forward_time_percent': 17.33, 'train/backward_time_percent': 34.55, 'train/optimizer_time_percent': 1.0, 'train/overhead_time_percent': 47.13, 'epoch': 1.0419580419580419}
{'loss': 1.0478, 'learning_rate': 0.0001, 'grad_norm': 0.24535998702049255, 'train/tokens_per_sec': 1639.044502784711, 'train/step_time': 9.996067814000071, 'train/mfu': 83.3, 'train/efficiency': 54.08, 'train/forward_time_percent': 17.05, 'train/backward_time_percent': 36.12, 'train/optimizer_time_percent': 0.91, 'train/overhead_time_percent': 45.92, 'epoch': 1.0419580419580419}
{'loss': 1.1805, 'learning_rate': 0.0001, 'grad_norm': 0.27151694893836975, 'train/tokens_per_sec': 1637.624079627491, 'train/step_time': 10.004738086000089, 'train/mfu': 84.56, 'train/efficiency': 53.32, 'train/forward_time_percent': 17.11, 'train/backward_time_percent': 35.23, 'train/optimizer_time_percent': 0.98, 'train/overhead_time_percent': 46.68, 'epoch': 1.0466200466200466}
{'loss': 1.1805, 'learning_rate': 0.0001, 'grad_norm': 0.27151694893836975, 'train/tokens_per_sec': 1637.8327525131708, 'train/step_time': 10.003463402999841, 'train/mfu': 82.57, 'train/efficiency': 54.48, 'train/forward_time_percent': 17.37, 'train/backward_time_percent': 36.23, 'train/optimizer_time_percent': 0.88, 'train/overhead_time_percent': 45.52, 'epoch': 1.0466200466200466}
{'loss': 1.1311, 'learning_rate': 0.0001, 'grad_norm': 0.2576243281364441, 'train/tokens_per_sec': 1598.266433133567, 'train/step_time': 10.251106862000142, 'train/mfu': 78.97, 'train/efficiency': 55.56, 'train/forward_time_percent': 19.23, 'train/backward_time_percent': 35.47, 'train/optimizer_time_percent': 0.86, 'train/overhead_time_percent': 44.44, 'epoch': 1.0512820512820513}
{'loss': 1.1311, 'learning_rate': 0.0001, 'grad_norm': 0.2576243281364441, 'train/tokens_per_sec': 1597.6687691046156, 'train/step_time': 10.254941648000113, 'train/mfu': 81.96, 'train/efficiency': 53.55, 'train/forward_time_percent': 19.06, 'train/backward_time_percent': 33.62, 'train/optimizer_time_percent': 0.88, 'train/overhead_time_percent': 46.45, 'epoch': 1.0512820512820513}
{'loss': 1.2429, 'learning_rate': 0.0001, 'grad_norm': 0.27049973607063293, 'train/tokens_per_sec': 1638.328349675661, 'train/step_time': 10.000437337999756, 'train/mfu': 85.33, 'train/efficiency': 52.91, 'train/forward_time_percent': 16.7, 'train/backward_time_percent': 35.19, 'train/optimizer_time_percent': 1.02, 'train/overhead_time_percent': 47.09, 'epoch': 1.055944055944056}
{'loss': 1.2429, 'learning_rate': 0.0001, 'grad_norm': 0.27049973607063293, 'train/tokens_per_sec': 1638.3248431585023, 'train/step_time': 10.000458741999864, 'train/mfu': 85.18, 'train/efficiency': 52.87, 'train/forward_time_percent': 16.98, 'train/backward_time_percent': 35.0, 'train/optimizer_time_percent': 0.89, 'train/overhead_time_percent': 47.13, 'epoch': 1.055944055944056}
{'loss': 1.363, 'learning_rate': 0.0001, 'grad_norm': 0.2844780385494232, 'train/tokens_per_sec': 1636.9319565337546, 'train/step_time': 10.008968262000053, 'train/mfu': 85.08, 'train/efficiency': 52.96, 'train/forward_time_percent': 17.32, 'train/backward_time_percent': 34.68, 'train/optimizer_time_percent': 0.97, 'train/overhead_time_percent': 47.04, 'epoch': 1.0606060606060606}
{'loss': 1.363, 'learning_rate': 0.0001, 'grad_norm': 0.2844780385494232, 'train/tokens_per_sec': 1636.7763088993286, 'train/step_time': 10.009920054999839, 'train/mfu': 84.85, 'train/efficiency': 53.16, 'train/forward_time_percent': 16.42, 'train/backward_time_percent': 35.71, 'train/optimizer_time_percent': 1.03, 'train/overhead_time_percent': 46.84, 'epoch': 1.0606060606060606}
{'loss': 1.152, 'learning_rate': 0.0001, 'grad_norm': 0.2516684830188751, 'train/tokens_per_sec': 1636.142866634584, 'train/step_time': 10.013795454000046, 'train/mfu': 85.12, 'train/efficiency': 52.82, 'train/forward_time_percent': 17.25, 'train/backward_time_percent': 34.7, 'train/optimizer_time_percent': 0.88, 'train/overhead_time_percent': 47.18, 'epoch': 1.0652680652680653}
{'loss': 1.152, 'learning_rate': 0.0001, 'grad_norm': 0.2516684830188751, 'train/tokens_per_sec': 1637.0222118782083, 'train/step_time': 10.008416429000135, 'train/mfu': 83.05, 'train/efficiency': 54.26, 'train/forward_time_percent': 16.63, 'train/backward_time_percent': 36.64, 'train/optimizer_time_percent': 0.99, 'train/overhead_time_percent': 45.74, 'epoch': 1.0652680652680653}
  step   230  loss   1.1191  |     5575.5 ms
{'loss': 1.1191, 'learning_rate': 0.0001, 'grad_norm': 0.29068198800086975, 'train/tokens_per_sec': 1636.8763194071091, 'train/step_time': 10.009308465000231, 'train/mfu': 85.58, 'train/efficiency': 52.59, 'train/forward_time_percent': 17.02, 'train/backward_time_percent': 34.67, 'train/optimizer_time_percent': 0.9, 'train/overhead_time_percent': 47.41, 'epoch': 1.06993006993007}
{'loss': 1.1191, 'learning_rate': 0.0001, 'grad_norm': 0.29068198800086975, 'train/tokens_per_sec': 1638.2941262251259, 'train/step_time': 10.000646243999654, 'train/mfu': 81.91, 'train/efficiency': 55.05, 'train/forward_time_percent': 17.37, 'train/backward_time_percent': 36.68, 'train/optimizer_time_percent': 1.0, 'train/overhead_time_percent': 44.95, 'epoch': 1.06993006993007}
{'loss': 1.1204, 'learning_rate': 0.0001, 'grad_norm': 0.3116830587387085, 'train/tokens_per_sec': 1636.6174453770557, 'train/step_time': 10.010891699999775, 'train/mfu': 83.53, 'train/efficiency': 53.88, 'train/forward_time_percent': 17.51, 'train/backward_time_percent': 35.44, 'train/optimizer_time_percent': 0.93, 'train/overhead_time_percent': 46.12, 'epoch': 1.0745920745920745}
{'loss': 1.1204, 'learning_rate': 0.0001, 'grad_norm': 0.3116830587387085, 'train/tokens_per_sec': 1637.016501532337, 'train/step_time': 10.008451340999727, 'train/mfu': 82.92, 'train/efficiency': 54.24, 'train/forward_time_percent': 16.85, 'train/backward_time_percent': 36.5, 'train/optimizer_time_percent': 0.89, 'train/overhead_time_percent': 45.76, 'epoch': 1.0745920745920745}
{'loss': 1.1973, 'learning_rate': 0.0001, 'grad_norm': 0.2946905791759491, 'train/tokens_per_sec': 1639.0951153241438, 'train/step_time': 9.995759152000119, 'train/mfu': 83.87, 'train/efficiency': 53.72, 'train/forward_time_percent': 17.35, 'train/backward_time_percent': 35.46, 'train/optimizer_time_percent': 0.9, 'train/overhead_time_percent': 46.28, 'epoch': 1.0792540792540792}
{'loss': 1.1973, 'learning_rate': 0.0001, 'grad_norm': 0.2946905791759491, 'train/tokens_per_sec': 1638.5864729430605, 'train/step_time': 9.998861989000034, 'train/mfu': 84.21, 'train/efficiency': 53.66, 'train/forward_time_percent': 17.57, 'train/backward_time_percent': 35.02, 'train/optimizer_time_percent': 1.08, 'train/overhead_time_percent': 46.34, 'epoch': 1.0792540792540792}
{'loss': 1.1871, 'learning_rate': 0.0001, 'grad_norm': 0.34453797340393066, 'train/tokens_per_sec': 1637.9307793489172, 'train/step_time': 10.002864716000204, 'train/mfu': 84.82, 'train/efficiency': 53.13, 'train/forward_time_percent': 16.87, 'train/backward_time_percent': 35.31, 'train/optimizer_time_percent': 0.95, 'train/overhead_time_percent': 46.87, 'epoch': 1.083916083916084}
{'loss': 1.1871, 'learning_rate': 0.0001, 'grad_norm': 0.34453797340393066, 'train/tokens_per_sec': 1638.505193835776, 'train/step_time': 9.999357989000146, 'train/mfu': 83.49, 'train/efficiency': 53.92, 'train/forward_time_percent': 17.31, 'train/backward_time_percent': 35.72, 'train/optimizer_time_percent': 0.89, 'train/overhead_time_percent': 46.08, 'epoch': 1.083916083916084}
{'loss': 1.1616, 'learning_rate': 0.0001, 'grad_norm': 0.3152109682559967, 'train/tokens_per_sec': 1637.7212834265388, 'train/step_time': 10.004144274000282, 'train/mfu': 85.81, 'train/efficiency': 52.62, 'train/forward_time_percent': 17.11, 'train/backward_time_percent': 34.47, 'train/optimizer_time_percent': 1.04, 'train/overhead_time_percent': 47.38, 'epoch': 1.0885780885780885}
{'loss': 1.1616, 'learning_rate': 0.0001, 'grad_norm': 0.3152109682559967, 'train/tokens_per_sec': 1638.634034137052, 'train/step_time': 9.998571773000094, 'train/mfu': 83.02, 'train/efficiency': 54.38, 'train/forward_time_percent': 17.18, 'train/backward_time_percent': 36.16, 'train/optimizer_time_percent': 1.03, 'train/overhead_time_percent': 45.62, 'epoch': 1.0885780885780885}
{'loss': 1.0494, 'learning_rate': 0.0001, 'grad_norm': 0.2479194849729538, 'train/tokens_per_sec': 1635.849015984657, 'train/step_time': 10.015594251000039, 'train/mfu': 85.28, 'train/efficiency': 52.89, 'train/forward_time_percent': 17.09, 'train/backward_time_percent': 34.75, 'train/optimizer_time_percent': 1.05, 'train/overhead_time_percent': 47.11, 'epoch': 1.0932400932400932}
{'loss': 1.0494, 'learning_rate': 0.0001, 'grad_norm': 0.2479194849729538, 'train/tokens_per_sec': 1636.7317976144027, 'train/step_time': 10.010192276999987, 'train/mfu': 82.94, 'train/efficiency': 54.26, 'train/forward_time_percent': 17.56, 'train/backward_time_percent': 35.77, 'train/optimizer_time_percent': 0.93, 'train/overhead_time_percent': 45.74, 'epoch': 1.0932400932400932}
{'loss': 1.1268, 'learning_rate': 0.0001, 'grad_norm': 0.28198787569999695, 'train/tokens_per_sec': 1639.2184676821144, 'train/step_time': 9.995006963999913, 'train/mfu': 83.91, 'train/efficiency': 53.7, 'train/forward_time_percent': 17.37, 'train/backward_time_percent': 35.42, 'train/optimizer_time_percent': 0.9, 'train/overhead_time_percent': 46.3, 'epoch': 1.097902097902098}
{'loss': 1.1268, 'learning_rate': 0.0001, 'grad_norm': 0.28198787569999695, 'train/tokens_per_sec': 1639.1248411660058, 'train/step_time': 9.99557787699996, 'train/mfu': 83.71, 'train/efficiency': 53.82, 'train/forward_time_percent': 16.74, 'train/backward_time_percent': 36.18, 'train/optimizer_time_percent': 0.9, 'train/overhead_time_percent': 46.18, 'epoch': 1.097902097902098}
{'loss': 1.2583, 'learning_rate': 0.0001, 'grad_norm': 0.33039534091949463, 'train/tokens_per_sec': 1640.5326363209845, 'train/step_time': 9.987000342000101, 'train/mfu': 83.3, 'train/efficiency': 54.27, 'train/forward_time_percent': 17.1, 'train/backward_time_percent': 36.12, 'train/optimizer_time_percent': 1.04, 'train/overhead_time_percent': 45.73, 'epoch': 1.1025641025641026}
{'loss': 1.2583, 'learning_rate': 0.0001, 'grad_norm': 0.33039534091949463, 'train/tokens_per_sec': 1640.025380445816, 'train/step_time': 9.99008929699994, 'train/mfu': 85.05, 'train/efficiency': 53.05, 'train/forward_time_percent': 17.29, 'train/backward_time_percent': 34.82, 'train/optimizer_time_percent': 0.94, 'train/overhead_time_percent': 46.95, 'epoch': 1.1025641025641026}
{'loss': 1.1217, 'learning_rate': 0.0001, 'grad_norm': 0.31549257040023804, 'train/tokens_per_sec': 1637.4740631089737, 'train/step_time': 10.005654665999828, 'train/mfu': 83.32, 'train/efficiency': 54.16, 'train/forward_time_percent': 17.12, 'train/backward_time_percent': 35.99, 'train/optimizer_time_percent': 1.05, 'train/overhead_time_percent': 45.84, 'epoch': 1.1072261072261071}
{'loss': 1.1217, 'learning_rate': 0.0001, 'grad_norm': 0.31549257040023804, 'train/tokens_per_sec': 1637.3296113212273, 'train/step_time': 10.006537405000017, 'train/mfu': 83.49, 'train/efficiency': 53.91, 'train/forward_time_percent': 16.77, 'train/backward_time_percent': 36.24, 'train/optimizer_time_percent': 0.91, 'train/overhead_time_percent': 46.09, 'epoch': 1.1072261072261071}
{'loss': 1.1706, 'learning_rate': 0.0001, 'grad_norm': 0.2503609359264374, 'train/tokens_per_sec': 1637.2507887850843, 'train/step_time': 10.007019152000339, 'train/mfu': 84.67, 'train/efficiency': 53.18, 'train/forward_time_percent': 16.96, 'train/backward_time_percent': 35.3, 'train/optimizer_time_percent': 0.92, 'train/overhead_time_percent': 46.82, 'epoch': 1.1118881118881119}{'loss': 1.1706, 'learning_rate': 0.0001, 'grad_norm': 0.2503609359264374, 'train/tokens_per_sec': 1637.2404758423463, 'train/step_time': 10.007082185999934, 'train/mfu': 85.23, 'train/efficiency': 53.0, 'train/forward_time_percent': 16.84, 'train/backward_time_percent': 35.07, 'train/optimizer_time_percent': 1.08, 'train/overhead_time_percent': 47.0, 'epoch': 1.1118881118881119}

  step   240  loss   1.0960  |     5803.9 ms
{'loss': 1.096, 'learning_rate': 0.0001, 'grad_norm': 0.31290772557258606, 'train/tokens_per_sec': 1639.8516150159687, 'train/step_time': 9.991147887999887, 'train/mfu': 82.37, 'train/efficiency': 54.86, 'train/forward_time_percent': 17.4, 'train/backward_time_percent': 36.4, 'train/optimizer_time_percent': 1.06, 'train/overhead_time_percent': 45.14, 'epoch': 1.1165501165501166}
{'loss': 1.096, 'learning_rate': 0.0001, 'grad_norm': 0.31290772557258606, 'train/tokens_per_sec': 1639.3073128281994, 'train/step_time': 9.994465266999669, 'train/mfu': 82.78, 'train/efficiency': 54.6, 'train/forward_time_percent': 17.61, 'train/backward_time_percent': 35.91, 'train/optimizer_time_percent': 1.08, 'train/overhead_time_percent': 45.4, 'epoch': 1.1165501165501166}
{'loss': 1.0436, 'learning_rate': 0.0001, 'grad_norm': 0.3302723169326782, 'train/tokens_per_sec': 1638.8026544676504, 'train/step_time': 9.997542996000448, 'train/mfu': 80.61, 'train/efficiency': 55.9, 'train/forward_time_percent': 17.73, 'train/backward_time_percent': 37.22, 'train/optimizer_time_percent': 0.96, 'train/overhead_time_percent': 44.1, 'epoch': 1.121212121212121}
{'loss': 1.0436, 'learning_rate': 0.0001, 'grad_norm': 0.3302723169326782, 'train/tokens_per_sec': 1637.8968371089165, 'train/step_time': 10.003072005999911, 'train/mfu': 84.69, 'train/efficiency': 53.19, 'train/forward_time_percent': 16.95, 'train/backward_time_percent': 35.31, 'train/optimizer_time_percent': 0.92, 'train/overhead_time_percent': 46.81, 'epoch': 1.121212121212121}
{'loss': 1.0037, 'learning_rate': 0.0001, 'grad_norm': 0.24701841175556183, 'train/tokens_per_sec': 1638.4484559661216, 'train/step_time': 9.999704257000303, 'train/mfu': 84.9, 'train/efficiency': 53.11, 'train/forward_time_percent': 17.1, 'train/backward_time_percent': 35.05, 'train/optimizer_time_percent': 0.96, 'train/overhead_time_percent': 46.89, 'epoch': 1.1258741258741258}{'loss': 1.0037, 'learning_rate': 0.0001, 'grad_norm': 0.24701841175556183, 'train/tokens_per_sec': 1638.924034159673, 'train/step_time': 9.996802571999979, 'train/mfu': 83.06, 'train/efficiency': 54.2, 'train/forward_time_percent': 17.37, 'train/backward_time_percent': 35.96, 'train/optimizer_time_percent': 0.88, 'train/overhead_time_percent': 45.8, 'epoch': 1.1258741258741258}

{'loss': 1.2702, 'learning_rate': 0.0001, 'grad_norm': 0.3444783091545105, 'train/tokens_per_sec': 1637.7731902981538, 'train/step_time': 10.003827207000086, 'train/mfu': 84.91, 'train/efficiency': 53.2, 'train/forward_time_percent': 16.84, 'train/backward_time_percent': 35.28, 'train/optimizer_time_percent': 1.07, 'train/overhead_time_percent': 46.8, 'epoch': 1.1305361305361306}
{'loss': 1.2702, 'learning_rate': 0.0001, 'grad_norm': 0.3444783091545105, 'train/tokens_per_sec': 1637.7287437922046, 'train/step_time': 10.004098702000192, 'train/mfu': 84.48, 'train/efficiency': 53.27, 'train/forward_time_percent': 17.2, 'train/backward_time_percent': 35.19, 'train/optimizer_time_percent': 0.88, 'train/overhead_time_percent': 46.73, 'epoch': 1.1305361305361306}
{'loss': 0.9701, 'learning_rate': 0.0001, 'grad_norm': 0.2839091122150421, 'train/tokens_per_sec': 1638.9403933932765, 'train/step_time': 9.996702787999766, 'train/mfu': 85.95, 'train/efficiency': 52.61, 'train/forward_time_percent': 17.2, 'train/backward_time_percent': 34.34, 'train/optimizer_time_percent': 1.08, 'train/overhead_time_percent': 47.39, 'epoch': 1.1351981351981353}
{'loss': 0.9701, 'learning_rate': 0.0001, 'grad_norm': 0.2839091122150421, 'train/tokens_per_sec': 1638.894558886013, 'train/step_time': 9.996982362999915, 'train/mfu': 85.72, 'train/efficiency': 52.56, 'train/forward_time_percent': 16.5, 'train/backward_time_percent': 35.17, 'train/optimizer_time_percent': 0.89, 'train/overhead_time_percent': 47.44, 'epoch': 1.1351981351981353}
{'loss': 1.2142, 'learning_rate': 0.0001, 'grad_norm': 0.24276916682720184, 'train/tokens_per_sec': 1638.6452142437886, 'train/step_time': 9.998503554999843, 'train/mfu': 83.33, 'train/efficiency': 54.17, 'train/forward_time_percent': 17.11, 'train/backward_time_percent': 36.03, 'train/optimizer_time_percent': 1.02, 'train/overhead_time_percent': 45.83, 'epoch': 1.1398601398601398}
{'loss': 1.2142, 'learning_rate': 0.0001, 'grad_norm': 0.24276916682720184, 'train/tokens_per_sec': 1638.108827793932, 'train/step_time': 10.001777490000222, 'train/mfu': 85.01, 'train/efficiency': 52.98, 'train/forward_time_percent': 17.26, 'train/backward_time_percent': 34.81, 'train/optimizer_time_percent': 0.9, 'train/overhead_time_percent': 47.02, 'epoch': 1.1398601398601398}
{'loss': 1.1208, 'learning_rate': 0.0001, 'grad_norm': 0.4516693949699402, 'train/tokens_per_sec': 1636.5661588832097, 'train/step_time': 10.011205419999897, 'train/mfu': 84.87, 'train/efficiency': 53.1, 'train/forward_time_percent': 17.02, 'train/backward_time_percent': 35.09, 'train/optimizer_time_percent': 0.99, 'train/overhead_time_percent': 46.9, 'epoch': 1.1445221445221445}
{'loss': 1.1208, 'learning_rate': 0.0001, 'grad_norm': 0.4516693949699402, 'train/tokens_per_sec': 1637.487665232344, 'train/step_time': 10.00557155200022, 'train/mfu': 83.01, 'train/efficiency': 54.36, 'train/forward_time_percent': 17.23, 'train/backward_time_percent': 36.08, 'train/optimizer_time_percent': 1.05, 'train/overhead_time_percent': 45.64, 'epoch': 1.1445221445221445}
{'loss': 1.2071, 'learning_rate': 0.0001, 'grad_norm': 0.3781338334083557, 'train/tokens_per_sec': 1638.1854165495718, 'train/step_time': 10.001309884999955, 'train/mfu': 83.95, 'train/efficiency': 53.68, 'train/forward_time_percent': 17.14, 'train/backward_time_percent': 35.59, 'train/optimizer_time_percent': 0.95, 'train/overhead_time_percent': 46.32, 'epoch': 1.1491841491841492}
{'loss': 1.2071, 'learning_rate': 0.0001, 'grad_norm': 0.3781338334083557, 'train/tokens_per_sec': 1638.4700516401476, 'train/step_time': 9.999572456999886, 'train/mfu': 83.14, 'train/efficiency': 54.15, 'train/forward_time_percent': 16.79, 'train/backward_time_percent': 36.47, 'train/optimizer_time_percent': 0.89, 'train/overhead_time_percent': 45.85, 'epoch': 1.1491841491841492}
{'loss': 1.2548, 'learning_rate': 0.0001, 'grad_norm': 0.31468939781188965, 'train/tokens_per_sec': 1636.9176921303606, 'train/step_time': 10.009055481999894, 'train/mfu': 83.54, 'train/efficiency': 53.92, 'train/forward_time_percent': 17.05, 'train/backward_time_percent': 35.91, 'train/optimizer_time_percent': 0.96, 'train/overhead_time_percent': 46.08, 'epoch': 1.1538461538461537}
{'loss': 1.2548, 'learning_rate': 0.0001, 'grad_norm': 0.31468939781188965, 'train/tokens_per_sec': 1636.9456284830628, 'train/step_time': 10.008884666000085, 'train/mfu': 83.08, 'train/efficiency': 54.3, 'train/forward_time_percent': 17.01, 'train/backward_time_percent': 36.23, 'train/optimizer_time_percent': 1.05, 'train/overhead_time_percent': 45.7, 'epoch': 1.1538461538461537}
{'loss': 1.314, 'learning_rate': 0.0001, 'grad_norm': 0.30077072978019714, 'train/tokens_per_sec': 1638.656702290923, 'train/step_time': 9.998433458999898, 'train/mfu': 85.2, 'train/efficiency': 52.97, 'train/forward_time_percent': 17.08, 'train/backward_time_percent': 34.89, 'train/optimizer_time_percent': 1.0, 'train/overhead_time_percent': 47.03, 'epoch': 1.1585081585081585}
{'loss': 1.314, 'learning_rate': 0.0001, 'grad_norm': 0.30077072978019714, 'train/tokens_per_sec': 1639.1448884134938, 'train/step_time': 9.995455627999945, 'train/mfu': 83.45, 'train/efficiency': 54.13, 'train/forward_time_percent': 17.3, 'train/backward_time_percent': 35.79, 'train/optimizer_time_percent': 1.05, 'train/overhead_time_percent': 45.87, 'epoch': 1.1585081585081585}
{'loss': 1.3443, 'learning_rate': 0.0001, 'grad_norm': 0.3517382740974426, 'train/tokens_per_sec': 1638.2413815377038, 'train/step_time': 10.000968223999735, 'train/mfu': 84.87, 'train/efficiency': 53.22, 'train/forward_time_percent': 16.51, 'train/backward_time_percent': 35.66, 'train/optimizer_time_percent': 1.06, 'train/overhead_time_percent': 46.78, 'epoch': 1.1631701631701632}
  step   250  loss   1.3443  |     5656.0 ms
{'loss': 1.3443, 'learning_rate': 0.0001, 'grad_norm': 0.3517382740974426, 'train/tokens_per_sec': 1638.5219714116693, 'train/step_time': 9.999255601000186, 'train/mfu': 84.49, 'train/efficiency': 53.29, 'train/forward_time_percent': 17.26, 'train/backward_time_percent': 35.15, 'train/optimizer_time_percent': 0.89, 'train/overhead_time_percent': 46.71, 'epoch': 1.1631701631701632}
{'loss': 1.1658, 'learning_rate': 0.0001, 'grad_norm': 0.3316858410835266, 'train/tokens_per_sec': 1639.5579373013318, 'train/step_time': 9.992937503000121, 'train/mfu': 84.1, 'train/efficiency': 53.73, 'train/forward_time_percent': 16.78, 'train/backward_time_percent': 35.91, 'train/optimizer_time_percent': 1.04, 'train/overhead_time_percent': 46.27, 'epoch': 1.167832167832168}
{'loss': 1.1658, 'learning_rate': 0.0001, 'grad_norm': 0.3316858410835266, 'train/tokens_per_sec': 1638.9463057108874, 'train/step_time': 9.996666725999603, 'train/mfu': 85.04, 'train/efficiency': 53.06, 'train/forward_time_percent': 16.72, 'train/backward_time_percent': 35.37, 'train/optimizer_time_percent': 0.98, 'train/overhead_time_percent': 46.94, 'epoch': 1.167832167832168}
{'loss': 1.1693, 'learning_rate': 0.0001, 'grad_norm': 0.47114917635917664, 'train/tokens_per_sec': 1637.2318813863512, 'train/step_time': 10.007134716999644, 'train/mfu': 84.14, 'train/efficiency': 53.46, 'train/forward_time_percent': 17.08, 'train/backward_time_percent': 35.51, 'train/optimizer_time_percent': 0.88, 'train/overhead_time_percent': 46.54, 'epoch': 1.1724941724941724}
{'loss': 1.1693, 'learning_rate': 0.0001, 'grad_norm': 0.47114917635917664, 'train/tokens_per_sec': 1638.4273935229492, 'train/step_time': 9.999832806000086, 'train/mfu': 81.96, 'train/efficiency': 54.9, 'train/forward_time_percent': 17.45, 'train/backward_time_percent': 36.57, 'train/optimizer_time_percent': 0.88, 'train/overhead_time_percent': 45.1, 'epoch': 1.1724941724941724}
{'loss': 1.3502, 'learning_rate': 0.0001, 'grad_norm': 0.32574954628944397, 'train/tokens_per_sec': 1638.011316622285, 'train/step_time': 10.002372897999976, 'train/mfu': 81.56, 'train/efficiency': 55.2, 'train/forward_time_percent': 17.25, 'train/backward_time_percent': 37.02, 'train/optimizer_time_percent': 0.92, 'train/overhead_time_percent': 44.8, 'epoch': 1.1771561771561772}
{'loss': 1.3502, 'learning_rate': 0.0001, 'grad_norm': 0.32574954628944397, 'train/tokens_per_sec': 1637.0081621304128, 'train/step_time': 10.00850232699986, 'train/mfu': 86.27, 'train/efficiency': 52.28, 'train/forward_time_percent': 16.92, 'train/backward_time_percent': 34.36, 'train/optimizer_time_percent': 1.0, 'train/overhead_time_percent': 47.72, 'epoch': 1.1771561771561772}
{'loss': 1.5393, 'learning_rate': 0.0001, 'grad_norm': 0.37336423993110657, 'train/tokens_per_sec': 1638.4070454779744, 'train/step_time': 9.999956998000016, 'train/mfu': 83.04, 'train/efficiency': 54.21, 'train/forward_time_percent': 16.67, 'train/backward_time_percent': 36.65, 'train/optimizer_time_percent': 0.89, 'train/overhead_time_percent': 45.79, 'epoch': 1.1818181818181819}{'loss': 1.5393, 'learning_rate': 0.0001, 'grad_norm': 0.37336423993110657, 'train/tokens_per_sec': 1637.4732042486964, 'train/step_time': 10.005659913999807, 'train/mfu': 84.43, 'train/efficiency': 53.47, 'train/forward_time_percent': 17.51, 'train/backward_time_percent': 34.9, 'train/optimizer_time_percent': 1.06, 'train/overhead_time_percent': 46.53, 'epoch': 1.1818181818181819}

{'loss': 1.1639, 'learning_rate': 0.0001, 'grad_norm': 0.2772773802280426, 'train/tokens_per_sec': 1636.069669565236, 'train/step_time': 10.014243466999687, 'train/mfu': 83.62, 'train/efficiency': 53.93, 'train/forward_time_percent': 17.2, 'train/backward_time_percent': 35.68, 'train/optimizer_time_percent': 1.06, 'train/overhead_time_percent': 46.07, 'epoch': 1.1864801864801864}
{'loss': 1.1639, 'learning_rate': 0.0001, 'grad_norm': 0.2772773802280426, 'train/tokens_per_sec': 1636.6928828411196, 'train/step_time': 10.010430283999995, 'train/mfu': 83.17, 'train/efficiency': 54.07, 'train/forward_time_percent': 17.23, 'train/backward_time_percent': 35.95, 'train/optimizer_time_percent': 0.89, 'train/overhead_time_percent': 45.93, 'epoch': 1.1864801864801864}
{'loss': 0.9009, 'learning_rate': 0.0001, 'grad_norm': 0.274017870426178, 'train/tokens_per_sec': 1638.234878866248, 'train/step_time': 10.00100792100011, 'train/mfu': 85.14, 'train/efficiency': 53.0, 'train/forward_time_percent': 16.72, 'train/backward_time_percent': 35.28, 'train/optimizer_time_percent': 1.0, 'train/overhead_time_percent': 47.0, 'epoch': 1.191142191142191}
{'loss': 0.9009, 'learning_rate': 0.0001, 'grad_norm': 0.274017870426178, 'train/tokens_per_sec': 1638.5154732310011, 'train/step_time': 9.999295257000085, 'train/mfu': 84.23, 'train/efficiency': 53.51, 'train/forward_time_percent': 17.61, 'train/backward_time_percent': 34.96, 'train/optimizer_time_percent': 0.93, 'train/overhead_time_percent': 46.49, 'epoch': 1.191142191142191}
{'loss': 1.0381, 'learning_rate': 0.0001, 'grad_norm': 0.29023051261901855, 'train/tokens_per_sec': 1638.5112067386572, 'train/step_time': 9.99932129400031, 'train/mfu': 83.12, 'train/efficiency': 54.31, 'train/forward_time_percent': 17.39, 'train/backward_time_percent': 35.88, 'train/optimizer_time_percent': 1.04, 'train/overhead_time_percent': 45.69, 'epoch': 1.1958041958041958}
{'loss': 1.0381, 'learning_rate': 0.0001, 'grad_norm': 0.29023051261901855, 'train/tokens_per_sec': 1637.7572903207954, 'train/step_time': 10.003924328000267, 'train/mfu': 85.91, 'train/efficiency': 52.53, 'train/forward_time_percent': 16.37, 'train/backward_time_percent': 35.15, 'train/optimizer_time_percent': 1.01, 'train/overhead_time_percent': 47.47, 'epoch': 1.1958041958041958}
{'loss': 1.0666, 'learning_rate': 0.0001, 'grad_norm': 0.3193347156047821, 'train/tokens_per_sec': 1636.8467066246178, 'train/step_time': 10.009489546999703, 'train/mfu': 84.39, 'train/efficiency': 53.48, 'train/forward_time_percent': 17.02, 'train/backward_time_percent': 35.4, 'train/optimizer_time_percent': 1.06, 'train/overhead_time_percent': 46.52, 'epoch': 1.2004662004662006}
{'loss': 1.0666, 'learning_rate': 0.0001, 'grad_norm': 0.3193347156047821, 'train/tokens_per_sec': 1636.505644562292, 'train/step_time': 10.011575611999888, 'train/mfu': 84.74, 'train/efficiency': 53.15, 'train/forward_time_percent': 17.08, 'train/backward_time_percent': 35.11, 'train/optimizer_time_percent': 0.96, 'train/overhead_time_percent': 46.85, 'epoch': 1.2004662004662006}
{'loss': 1.1632, 'learning_rate': 0.0001, 'grad_norm': 0.5471287965774536, 'train/tokens_per_sec': 1638.8268847407453, 'train/step_time': 9.997395180999774, 'train/mfu': 83.12, 'train/efficiency': 54.33, 'train/forward_time_percent': 17.43, 'train/backward_time_percent': 35.85, 'train/optimizer_time_percent': 1.05, 'train/overhead_time_percent': 45.67, 'epoch': 1.205128205128205}
{'loss': 1.1632, 'learning_rate': 0.0001, 'grad_norm': 0.5471287965774536, 'train/tokens_per_sec': 1638.457325689561, 'train/step_time': 9.9996501239998, 'train/mfu': 83.86, 'train/efficiency': 53.81, 'train/forward_time_percent': 16.35, 'train/backward_time_percent': 36.45, 'train/optimizer_time_percent': 1.01, 'train/overhead_time_percent': 46.19, 'epoch': 1.205128205128205}
{'loss': 1.0988, 'learning_rate': 0.0001, 'grad_norm': 0.25844451785087585, 'train/tokens_per_sec': 1638.1913429133535, 'train/step_time': 10.001273704000141, 'train/mfu': 83.55, 'train/efficiency': 54.03, 'train/forward_time_percent': 17.25, 'train/backward_time_percent': 35.74, 'train/optimizer_time_percent': 1.04, 'train/overhead_time_percent': 45.97, 'epoch': 1.2097902097902098}  step   260  loss   1.0988  |     5707.7 ms

{'loss': 1.0988, 'learning_rate': 0.0001, 'grad_norm': 0.25844451785087585, 'train/tokens_per_sec': 1637.7988552656416, 'train/step_time': 10.003670442999919, 'train/mfu': 83.97, 'train/efficiency': 53.79, 'train/forward_time_percent': 17.26, 'train/backward_time_percent': 35.46, 'train/optimizer_time_percent': 1.08, 'train/overhead_time_percent': 46.21, 'epoch': 1.2097902097902098}
{'loss': 1.1557, 'learning_rate': 0.0001, 'grad_norm': 0.26699453592300415, 'train/tokens_per_sec': 1638.0998380256888, 'train/step_time': 10.001832379000007, 'train/mfu': 85.95, 'train/efficiency': 52.54, 'train/forward_time_percent': 17.2, 'train/backward_time_percent': 34.3, 'train/optimizer_time_percent': 1.04, 'train/overhead_time_percent': 47.46, 'epoch': 1.2144522144522145}
{'loss': 1.1557, 'learning_rate': 0.0001, 'grad_norm': 0.26699453592300415, 'train/tokens_per_sec': 1638.4363344556673, 'train/step_time': 9.9997782370001, 'train/mfu': 81.87, 'train/efficiency': 55.1, 'train/forward_time_percent': 17.44, 'train/backward_time_percent': 36.65, 'train/optimizer_time_percent': 1.01, 'train/overhead_time_percent': 44.9, 'epoch': 1.2144522144522145}
{'loss': 1.1938, 'learning_rate': 0.0001, 'grad_norm': 0.2561100125312805, 'train/tokens_per_sec': 1637.4512034619077, 'train/step_time': 10.005794350000087, 'train/mfu': 81.81, 'train/efficiency': 54.97, 'train/forward_time_percent': 17.14, 'train/backward_time_percent': 36.95, 'train/optimizer_time_percent': 0.88, 'train/overhead_time_percent': 45.03, 'epoch': 1.219114219114219}
{'loss': 1.1938, 'learning_rate': 0.0001, 'grad_norm': 0.2561100125312805, 'train/tokens_per_sec': 1636.2492750102317, 'train/step_time': 10.013144237999768, 'train/mfu': 85.67, 'train/efficiency': 52.5, 'train/forward_time_percent': 17.15, 'train/backward_time_percent': 34.47, 'train/optimizer_time_percent': 0.89, 'train/overhead_time_percent': 47.5, 'epoch': 1.219114219114219}
{'loss': 1.4672, 'learning_rate': 0.0001, 'grad_norm': 0.2694959342479706, 'train/tokens_per_sec': 1637.071077103659, 'train/step_time': 10.008117685999878, 'train/mfu': 83.99, 'train/efficiency': 53.55, 'train/forward_time_percent': 16.69, 'train/backward_time_percent': 35.98, 'train/optimizer_time_percent': 0.88, 'train/overhead_time_percent': 46.45, 'epoch': 1.2237762237762237}
{'loss': 1.4672, 'learning_rate': 0.0001, 'grad_norm': 0.2694959342479706, 'train/tokens_per_sec': 1636.7719266977517, 'train/step_time': 10.009946854999725, 'train/mfu': 84.27, 'train/efficiency': 53.5, 'train/forward_time_percent': 17.41, 'train/backward_time_percent': 35.08, 'train/optimizer_time_percent': 1.01, 'train/overhead_time_percent': 46.5, 'epoch': 1.2237762237762237}
{'loss': 1.5285, 'learning_rate': 0.0001, 'grad_norm': 0.31389790773391724, 'train/tokens_per_sec': 1638.3727895770605, 'train/step_time': 10.00016608199985, 'train/mfu': 84.44, 'train/efficiency': 53.48, 'train/forward_time_percent': 16.54, 'train/backward_time_percent': 35.89, 'train/optimizer_time_percent': 1.04, 'train/overhead_time_percent': 46.52, 'epoch': 1.2284382284382285}{'loss': 1.5285, 'learning_rate': 0.0001, 'grad_norm': 0.31389790773391724, 'train/tokens_per_sec': 1638.8281354923781, 'train/step_time': 9.997387550999974, 'train/mfu': 83.72, 'train/efficiency': 53.96, 'train/forward_time_percent': 17.49, 'train/backward_time_percent': 35.41, 'train/optimizer_time_percent': 1.06, 'train/overhead_time_percent': 46.04, 'epoch': 1.2284382284382285}

{'loss': 1.4098, 'learning_rate': 0.0001, 'grad_norm': 0.3271116614341736, 'train/tokens_per_sec': 1636.2220809105677, 'train/step_time': 10.013310656999693, 'train/mfu': 82.73, 'train/efficiency': 54.33, 'train/forward_time_percent': 16.61, 'train/backward_time_percent': 36.84, 'train/optimizer_time_percent': 0.88, 'train/overhead_time_percent': 45.67, 'epoch': 1.2331002331002332}
{'loss': 1.4098, 'learning_rate': 0.0001, 'grad_norm': 0.3271116614341736, 'train/tokens_per_sec': 1635.1424520380206, 'train/step_time': 10.019922105000205, 'train/mfu': 85.55, 'train/efficiency': 52.57, 'train/forward_time_percent': 16.58, 'train/backward_time_percent': 35.07, 'train/optimizer_time_percent': 0.92, 'train/overhead_time_percent': 47.43, 'epoch': 1.2331002331002332}
{'loss': 0.98, 'learning_rate': 0.0001, 'grad_norm': 0.29456329345703125, 'train/tokens_per_sec': 1638.2988016277075, 'train/step_time': 10.000617703999978, 'train/mfu': 83.29, 'train/efficiency': 54.18, 'train/forward_time_percent': 17.17, 'train/backward_time_percent': 35.99, 'train/optimizer_time_percent': 1.03, 'train/overhead_time_percent': 45.82, 'epoch': 1.2377622377622377}{'loss': 0.98, 'learning_rate': 0.0001, 'grad_norm': 0.29456329345703125, 'train/tokens_per_sec': 1637.9460075568447, 'train/step_time': 10.002771717999622, 'train/mfu': 83.9, 'train/efficiency': 53.82, 'train/forward_time_percent': 17.18, 'train/backward_time_percent': 35.58, 'train/optimizer_time_percent': 1.07, 'train/overhead_time_percent': 46.18, 'epoch': 1.2377622377622377}

{'loss': 1.4044, 'learning_rate': 0.0001, 'grad_norm': 0.2714218497276306, 'train/tokens_per_sec': 1637.074715331823, 'train/step_time': 10.008095443999991, 'train/mfu': 83.85, 'train/efficiency': 53.66, 'train/forward_time_percent': 17.55, 'train/backward_time_percent': 35.22, 'train/optimizer_time_percent': 0.89, 'train/overhead_time_percent': 46.34, 'epoch': 1.2424242424242424}
{'loss': 1.4044, 'learning_rate': 0.0001, 'grad_norm': 0.2714218497276306, 'train/tokens_per_sec': 1636.7213867293608, 'train/step_time': 10.0102559500001, 'train/mfu': 84.61, 'train/efficiency': 53.34, 'train/forward_time_percent': 17.55, 'train/backward_time_percent': 34.73, 'train/optimizer_time_percent': 1.07, 'train/overhead_time_percent': 46.66, 'epoch': 1.2424242424242424}
{'loss': 1.257, 'learning_rate': 0.0001, 'grad_norm': 0.3875565230846405, 'train/tokens_per_sec': 1638.093508773136, 'train/step_time': 10.001871023999684, 'train/mfu': 84.7, 'train/efficiency': 53.19, 'train/forward_time_percent': 17.29, 'train/backward_time_percent': 34.98, 'train/optimizer_time_percent': 0.93, 'train/overhead_time_percent': 46.81, 'epoch': 1.2470862470862472}
{'loss': 1.257, 'learning_rate': 0.0001, 'grad_norm': 0.3875565230846405, 'train/tokens_per_sec': 1638.5993528165766, 'train/step_time': 9.998783394999919, 'train/mfu': 84.15, 'train/efficiency': 53.68, 'train/forward_time_percent': 17.0, 'train/backward_time_percent': 35.62, 'train/optimizer_time_percent': 1.06, 'train/overhead_time_percent': 46.32, 'epoch': 1.2470862470862472}
{'loss': 1.3215, 'learning_rate': 0.0001, 'grad_norm': 0.40733030438423157, 'train/tokens_per_sec': 1638.308434613896, 'train/step_time': 10.000558902000193, 'train/mfu': 84.78, 'train/efficiency': 53.27, 'train/forward_time_percent': 16.82, 'train/backward_time_percent': 35.39, 'train/optimizer_time_percent': 1.06, 'train/overhead_time_percent': 46.73, 'epoch': 1.2517482517482517}
{'loss': 1.3215, 'learning_rate': 0.0001, 'grad_norm': 0.40733030438423157, 'train/tokens_per_sec': 1638.094814090449, 'train/step_time': 10.001863053999841, 'train/mfu': 84.96, 'train/efficiency': 53.17, 'train/forward_time_percent': 17.13, 'train/backward_time_percent': 34.96, 'train/optimizer_time_percent': 1.08, 'train/overhead_time_percent': 46.83, 'epoch': 1.2517482517482517}
  step   270  loss   1.1131  |     5615.3 ms
{'loss': 1.1131, 'learning_rate': 0.0001, 'grad_norm': 0.38700544834136963, 'train/tokens_per_sec': 1638.015626529111, 'train/step_time': 10.002346579999994, 'train/mfu': 85.32, 'train/efficiency': 52.95, 'train/forward_time_percent': 17.16, 'train/backward_time_percent': 34.72, 'train/optimizer_time_percent': 1.07, 'train/overhead_time_percent': 47.05, 'epoch': 1.2564102564102564}
{'loss': 1.1131, 'learning_rate': 0.0001, 'grad_norm': 0.38700544834136963, 'train/tokens_per_sec': 1637.805765416138, 'train/step_time': 10.003628235999713, 'train/mfu': 84.36, 'train/efficiency': 53.36, 'train/forward_time_percent': 17.33, 'train/backward_time_percent': 35.14, 'train/optimizer_time_percent': 0.9, 'train/overhead_time_percent': 46.64, 'epoch': 1.2564102564102564}
{'loss': 1.1276, 'learning_rate': 0.0001, 'grad_norm': 0.27841535210609436, 'train/tokens_per_sec': 1636.106564717412, 'train/step_time': 10.01401764000002, 'train/mfu': 85.27, 'train/efficiency': 52.91, 'train/forward_time_percent': 17.27, 'train/backward_time_percent': 34.58, 'train/optimizer_time_percent': 1.06, 'train/overhead_time_percent': 47.09, 'epoch': 1.2610722610722611}{'loss': 1.1276, 'learning_rate': 0.0001, 'grad_norm': 0.27841535210609436, 'train/tokens_per_sec': 1637.3345901480857, 'train/step_time': 10.006506976999844, 'train/mfu': 82.94, 'train/efficiency': 54.22, 'train/forward_time_percent': 16.99, 'train/backward_time_percent': 36.36, 'train/optimizer_time_percent': 0.87, 'train/overhead_time_percent': 45.78, 'epoch': 1.2610722610722611}

{'loss': 1.187, 'learning_rate': 0.0001, 'grad_norm': 0.33907291293144226, 'train/tokens_per_sec': 1638.3943234552423, 'train/step_time': 10.000034646999666, 'train/mfu': 82.32, 'train/efficiency': 54.66, 'train/forward_time_percent': 17.0, 'train/backward_time_percent': 36.78, 'train/optimizer_time_percent': 0.88, 'train/overhead_time_percent': 45.34, 'epoch': 1.2657342657342658}
{'loss': 1.187, 'learning_rate': 0.0001, 'grad_norm': 0.33907291293144226, 'train/tokens_per_sec': 1637.003080119003, 'train/step_time': 10.008533398000054, 'train/mfu': 84.13, 'train/efficiency': 53.66, 'train/forward_time_percent': 17.15, 'train/backward_time_percent': 35.43, 'train/optimizer_time_percent': 1.07, 'train/overhead_time_percent': 46.34, 'epoch': 1.2657342657342658}
{'loss': 1.1236, 'learning_rate': 0.0001, 'grad_norm': 0.34379372000694275, 'train/tokens_per_sec': 1637.493030272883, 'train/step_time': 10.00553876999993, 'train/mfu': 84.01, 'train/efficiency': 53.69, 'train/forward_time_percent': 17.17, 'train/backward_time_percent': 35.51, 'train/optimizer_time_percent': 1.02, 'train/overhead_time_percent': 46.31, 'epoch': 1.2703962703962703}
{'loss': 1.1236, 'learning_rate': 0.0001, 'grad_norm': 0.34379372000694275, 'train/tokens_per_sec': 1638.1773364791072, 'train/step_time': 10.00135921500032, 'train/mfu': 83.31, 'train/efficiency': 54.18, 'train/forward_time_percent': 17.07, 'train/backward_time_percent': 36.07, 'train/optimizer_time_percent': 1.04, 'train/overhead_time_percent': 45.82, 'epoch': 1.2703962703962703}
{'loss': 1.1493, 'learning_rate': 0.0001, 'grad_norm': 0.30035603046417236, 'train/tokens_per_sec': 1637.6993411256103, 'train/step_time': 10.004278312000224, 'train/mfu': 84.42, 'train/efficiency': 53.45, 'train/forward_time_percent': 16.23, 'train/backward_time_percent': 36.19, 'train/optimizer_time_percent': 1.02, 'train/overhead_time_percent': 46.55, 'epoch': 1.275058275058275}
{'loss': 1.1493, 'learning_rate': 0.0001, 'grad_norm': 0.30035603046417236, 'train/tokens_per_sec': 1638.0129676751465, 'train/step_time': 10.002362816000186, 'train/mfu': 84.27, 'train/efficiency': 53.47, 'train/forward_time_percent': 17.2, 'train/backward_time_percent': 35.33, 'train/optimizer_time_percent': 0.94, 'train/overhead_time_percent': 46.53, 'epoch': 1.275058275058275}
{'loss': 1.0823, 'learning_rate': 0.0001, 'grad_norm': 0.32445603609085083, 'train/tokens_per_sec': 1638.2184149562422, 'train/step_time': 10.001108429999931, 'train/mfu': 85.2, 'train/efficiency': 53.01, 'train/forward_time_percent': 17.09, 'train/backward_time_percent': 34.87, 'train/optimizer_time_percent': 1.05, 'train/overhead_time_percent': 46.99, 'epoch': 1.2797202797202798}{'loss': 1.0823, 'learning_rate': 0.0001, 'grad_norm': 0.32445603609085083, 'train/tokens_per_sec': 1638.5320232430977, 'train/step_time': 9.999194258999978, 'train/mfu': 83.98, 'train/efficiency': 53.65, 'train/forward_time_percent': 16.6, 'train/backward_time_percent': 36.13, 'train/optimizer_time_percent': 0.92, 'train/overhead_time_percent': 46.35, 'epoch': 1.2797202797202798}

{'loss': 1.0893, 'learning_rate': 0.0001, 'grad_norm': 0.38292405009269714, 'train/tokens_per_sec': 1637.1168454973242, 'train/step_time': 10.007837892000225, 'train/mfu': 83.55, 'train/efficiency': 54.01, 'train/forward_time_percent': 17.07, 'train/backward_time_percent': 35.89, 'train/optimizer_time_percent': 1.05, 'train/overhead_time_percent': 45.99, 'epoch': 1.2843822843822843}
{'loss': 1.0893, 'learning_rate': 0.0001, 'grad_norm': 0.38292405009269714, 'train/tokens_per_sec': 1636.9166001499336, 'train/step_time': 10.009062159000223, 'train/mfu': 85.14, 'train/efficiency': 53.05, 'train/forward_time_percent': 17.06, 'train/backward_time_percent': 34.9, 'train/optimizer_time_percent': 1.09, 'train/overhead_time_percent': 46.95, 'epoch': 1.2843822843822843}
{'loss': 1.1538, 'learning_rate': 0.0001, 'grad_norm': 0.29044681787490845, 'train/tokens_per_sec': 1636.847230573229, 'train/step_time': 10.009486342999935, 'train/mfu': 86.11, 'train/efficiency': 52.27, 'train/forward_time_percent': 16.71, 'train/backward_time_percent': 34.67, 'train/optimizer_time_percent': 0.89, 'train/overhead_time_percent': 47.73, 'epoch': 1.289044289044289}
{'loss': 1.1538, 'learning_rate': 0.0001, 'grad_norm': 0.29044681787490845, 'train/tokens_per_sec': 1637.612052480275, 'train/step_time': 10.004811563999738, 'train/mfu': 83.45, 'train/efficiency': 54.07, 'train/forward_time_percent': 17.69, 'train/backward_time_percent': 35.34, 'train/optimizer_time_percent': 1.03, 'train/overhead_time_percent': 45.93, 'epoch': 1.289044289044289}
{'loss': 1.0402, 'learning_rate': 0.0001, 'grad_norm': 0.36785122752189636, 'train/tokens_per_sec': 1638.5263769178366, 'train/step_time': 9.999228715999834, 'train/mfu': 82.76, 'train/efficiency': 54.55, 'train/forward_time_percent': 17.18, 'train/backward_time_percent': 36.32, 'train/optimizer_time_percent': 1.05, 'train/overhead_time_percent': 45.45, 'epoch': 1.2937062937062938}
{'loss': 1.0402, 'learning_rate': 0.0001, 'grad_norm': 0.36785122752189636, 'train/tokens_per_sec': 1637.5582002704414, 'train/step_time': 10.005140578999999, 'train/mfu': 85.54, 'train/efficiency': 52.78, 'train/forward_time_percent': 17.57, 'train/backward_time_percent': 34.17, 'train/optimizer_time_percent': 1.05, 'train/overhead_time_percent': 47.22, 'epoch': 1.2937062937062938}
{'loss': 1.0345, 'learning_rate': 0.0001, 'grad_norm': 0.3523678183555603, 'train/tokens_per_sec': 1636.1702386519594, 'train/step_time': 10.013627929999984, 'train/mfu': 86.34, 'train/efficiency': 52.19, 'train/forward_time_percent': 16.73, 'train/backward_time_percent': 34.48, 'train/optimizer_time_percent': 0.98, 'train/overhead_time_percent': 47.81, 'epoch': 1.2983682983682985}
{'loss': 1.0345, 'learning_rate': 0.0001, 'grad_norm': 0.3523678183555603, 'train/tokens_per_sec': 1637.3815254403462, 'train/step_time': 10.006220142000075, 'train/mfu': 83.48, 'train/efficiency': 54.0, 'train/forward_time_percent': 17.74, 'train/backward_time_percent': 35.26, 'train/optimizer_time_percent': 0.99, 'train/overhead_time_percent': 46.0, 'epoch': 1.2983682983682985}
  step   280  loss   1.1581  |     5495.2 ms
{'loss': 1.1581, 'learning_rate': 0.0001, 'grad_norm': 0.2772448658943176, 'train/tokens_per_sec': 1638.4665777786365, 'train/step_time': 9.999593657999867, 'train/mfu': 87.1, 'train/efficiency': 51.81, 'train/forward_time_percent': 16.98, 'train/backward_time_percent': 33.86, 'train/optimizer_time_percent': 0.97, 'train/overhead_time_percent': 48.19, 'epoch': 1.303030303030303}
{'loss': 1.1581, 'learning_rate': 0.0001, 'grad_norm': 0.2772448658943176, 'train/tokens_per_sec': 1639.456658671016, 'train/step_time': 9.993554823999602, 'train/mfu': 81.71, 'train/efficiency': 55.09, 'train/forward_time_percent': 17.37, 'train/backward_time_percent': 36.85, 'train/optimizer_time_percent': 0.87, 'train/overhead_time_percent': 44.91, 'epoch': 1.303030303030303}
{'loss': 1.1762, 'learning_rate': 0.0001, 'grad_norm': 0.33375251293182373, 'train/tokens_per_sec': 1637.324434211264, 'train/step_time': 10.006569044999651, 'train/mfu': 84.67, 'train/efficiency': 53.32, 'train/forward_time_percent': 17.33, 'train/backward_time_percent': 34.92, 'train/optimizer_time_percent': 1.06, 'train/overhead_time_percent': 46.68, 'epoch': 1.3076923076923077}
{'loss': 1.1762, 'learning_rate': 0.0001, 'grad_norm': 0.33375251293182373, 'train/tokens_per_sec': 1638.1256938867855, 'train/step_time': 10.001674512000136, 'train/mfu': 82.65, 'train/efficiency': 54.52, 'train/forward_time_percent': 17.26, 'train/backward_time_percent': 36.3, 'train/optimizer_time_percent': 0.96, 'train/overhead_time_percent': 45.48, 'epoch': 1.3076923076923077}
{'loss': 1.2215, 'learning_rate': 0.0001, 'grad_norm': 0.3772028088569641, 'train/tokens_per_sec': 1637.4930911539313, 'train/step_time': 10.005538397999771, 'train/mfu': 82.44, 'train/efficiency': 54.7, 'train/forward_time_percent': 17.63, 'train/backward_time_percent': 36.05, 'train/optimizer_time_percent': 1.02, 'train/overhead_time_percent': 45.3, 'epoch': 1.3123543123543124}
{'loss': 1.2215, 'learning_rate': 0.0001, 'grad_norm': 0.3772028088569641, 'train/tokens_per_sec': 1636.2751885099087, 'train/step_time': 10.01298566100013, 'train/mfu': 85.08, 'train/efficiency': 53.01, 'train/forward_time_percent': 16.67, 'train/backward_time_percent': 35.3, 'train/optimizer_time_percent': 1.04, 'train/overhead_time_percent': 46.99, 'epoch': 1.3123543123543124}
{'loss': 1.3641, 'learning_rate': 0.0001, 'grad_norm': 0.33393457531929016, 'train/tokens_per_sec': 1636.9238844078193, 'train/step_time': 10.009017619000133, 'train/mfu': 79.66, 'train/efficiency': 56.57, 'train/forward_time_percent': 16.73, 'train/backward_time_percent': 38.8, 'train/optimizer_time_percent': 1.04, 'train/overhead_time_percent': 43.43, 'epoch': 1.317016317016317}{'loss': 1.3641, 'learning_rate': 0.0001, 'grad_norm': 0.33393457531929016, 'train/tokens_per_sec': 1637.6777747665876, 'train/step_time': 10.004410056999859, 'train/mfu': 80.68, 'train/efficiency': 55.88, 'train/forward_time_percent': 17.24, 'train/backward_time_percent': 37.61, 'train/optimizer_time_percent': 1.03, 'train/overhead_time_percent': 44.12, 'epoch': 1.317016317016317}

{'loss': 1.1755, 'learning_rate': 0.0001, 'grad_norm': 0.38854852318763733, 'train/tokens_per_sec': 1638.0108397466652, 'train/step_time': 10.002375810000103, 'train/mfu': 84.46, 'train/efficiency': 53.44, 'train/forward_time_percent': 16.59, 'train/backward_time_percent': 35.83, 'train/optimizer_time_percent': 1.02, 'train/overhead_time_percent': 46.56, 'epoch': 1.3216783216783217}
{'loss': 1.1755, 'learning_rate': 0.0001, 'grad_norm': 0.38854852318763733, 'train/tokens_per_sec': 1638.0495394647792, 'train/step_time': 10.00213949900035, 'train/mfu': 83.56, 'train/efficiency': 53.85, 'train/forward_time_percent': 17.22, 'train/backward_time_percent': 35.76, 'train/optimizer_time_percent': 0.88, 'train/overhead_time_percent': 46.15, 'epoch': 1.3216783216783217}
{'loss': 1.4259, 'learning_rate': 0.0001, 'grad_norm': 0.36311283707618713, 'train/tokens_per_sec': 1637.1511241495982, 'train/step_time': 10.007628348000253, 'train/mfu': 82.92, 'train/efficiency': 54.32, 'train/forward_time_percent': 17.7, 'train/backward_time_percent': 35.66, 'train/optimizer_time_percent': 0.97, 'train/overhead_time_percent': 45.68, 'epoch': 1.3263403263403264}
{'loss': 1.4259, 'learning_rate': 0.0001, 'grad_norm': 0.36311283707618713, 'train/tokens_per_sec': 1637.8255177954184, 'train/step_time': 10.003507591000016, 'train/mfu': 82.36, 'train/efficiency': 54.79, 'train/forward_time_percent': 17.61, 'train/backward_time_percent': 36.13, 'train/optimizer_time_percent': 1.05, 'train/overhead_time_percent': 45.21, 'epoch': 1.3263403263403264}
{'loss': 1.3116, 'learning_rate': 0.0001, 'grad_norm': 0.3008599877357483, 'train/tokens_per_sec': 1638.890475341483, 'train/step_time': 9.997007271999792, 'train/mfu': 83.29, 'train/efficiency': 54.1, 'train/forward_time_percent': 17.05, 'train/backward_time_percent': 36.13, 'train/optimizer_time_percent': 0.92, 'train/overhead_time_percent': 45.9, 'epoch': 1.3310023310023311}
{'loss': 1.3116, 'learning_rate': 0.0001, 'grad_norm': 0.3008599877357483, 'train/tokens_per_sec': 1637.8559527330428, 'train/step_time': 10.003321703999973, 'train/mfu': 85.06, 'train/efficiency': 52.99, 'train/forward_time_percent': 17.05, 'train/backward_time_percent': 34.99, 'train/optimizer_time_percent': 0.96, 'train/overhead_time_percent': 47.01, 'epoch': 1.3310023310023311}
{'loss': 1.2532, 'learning_rate': 0.0001, 'grad_norm': 0.34110134840011597, 'train/tokens_per_sec': 1635.5796702042824, 'train/step_time': 10.01724361000015, 'train/mfu': 83.18, 'train/efficiency': 54.04, 'train/forward_time_percent': 16.79, 'train/backward_time_percent': 36.35, 'train/optimizer_time_percent': 0.89, 'train/overhead_time_percent': 45.96, 'epoch': 1.3356643356643356}
{'loss': 1.2532, 'learning_rate': 0.0001, 'grad_norm': 0.34110134840011597, 'train/tokens_per_sec': 1635.4150721373742, 'train/step_time': 10.01825180600008, 'train/mfu': 83.57, 'train/efficiency': 53.85, 'train/forward_time_percent': 17.01, 'train/backward_time_percent': 35.88, 'train/optimizer_time_percent': 0.96, 'train/overhead_time_percent': 46.15, 'epoch': 1.3356643356643356}
{'loss': 1.1407, 'learning_rate': 0.0001, 'grad_norm': 0.30626732110977173, 'train/tokens_per_sec': 1638.8620284747917, 'train/step_time': 9.9971807969996, 'train/mfu': 82.03, 'train/efficiency': 54.88, 'train/forward_time_percent': 17.08, 'train/backward_time_percent': 36.91, 'train/optimizer_time_percent': 0.88, 'train/overhead_time_percent': 45.12, 'epoch': 1.3403263403263403}
{'loss': 1.1407, 'learning_rate': 0.0001, 'grad_norm': 0.30626732110977173, 'train/tokens_per_sec': 1637.8931521623483, 'train/step_time': 10.0030945110002, 'train/mfu': 85.57, 'train/efficiency': 52.75, 'train/forward_time_percent': 16.87, 'train/backward_time_percent': 34.85, 'train/optimizer_time_percent': 1.03, 'train/overhead_time_percent': 47.25, 'epoch': 1.3403263403263403}
{'loss': 1.1913, 'learning_rate': 0.0001, 'grad_norm': 0.3226291537284851, 'train/tokens_per_sec': 1639.1764175473006, 'train/step_time': 9.995263367999996, 'train/mfu': 81.82, 'train/efficiency': 55.07, 'train/forward_time_percent': 17.49, 'train/backward_time_percent': 36.65, 'train/optimizer_time_percent': 0.93, 'train/overhead_time_percent': 44.93, 'epoch': 1.3449883449883449}
{'loss': 1.1913, 'learning_rate': 0.0001, 'grad_norm': 0.3226291537284851, 'train/tokens_per_sec': 1637.9707309500247, 'train/step_time': 10.002620737000143, 'train/mfu': 86.91, 'train/efficiency': 51.98, 'train/forward_time_percent': 17.05, 'train/backward_time_percent': 33.89, 'train/optimizer_time_percent': 1.05, 'train/overhead_time_percent': 48.02, 'epoch': 1.3449883449883449}
  step   290  loss   1.2451  |     5747.7 ms{'loss': 1.2451, 'learning_rate': 0.0001, 'grad_norm': 0.2918556332588196, 'train/tokens_per_sec': 1637.4073334297102, 'train/step_time': 10.00606242899994, 'train/mfu': 83.44, 'train/efficiency': 54.12, 'train/forward_time_percent': 17.0, 'train/backward_time_percent': 36.04, 'train/optimizer_time_percent': 1.08, 'train/overhead_time_percent': 45.88, 'epoch': 1.3496503496503496}

{'loss': 1.2451, 'learning_rate': 0.0001, 'grad_norm': 0.2918556332588196, 'train/tokens_per_sec': 1637.4351595077724, 'train/step_time': 10.00589238900011, 'train/mfu': 83.37, 'train/efficiency': 54.11, 'train/forward_time_percent': 17.15, 'train/backward_time_percent': 35.92, 'train/optimizer_time_percent': 1.03, 'train/overhead_time_percent': 45.89, 'epoch': 1.3496503496503496}
{'loss': 1.1925, 'learning_rate': 0.0001, 'grad_norm': 0.3253597617149353, 'train/tokens_per_sec': 1638.6440621045633, 'train/step_time': 9.998510585000076, 'train/mfu': 83.65, 'train/efficiency': 53.9, 'train/forward_time_percent': 17.39, 'train/backward_time_percent': 35.55, 'train/optimizer_time_percent': 0.96, 'train/overhead_time_percent': 46.1, 'epoch': 1.3543123543123543}
{'loss': 1.1925, 'learning_rate': 0.0001, 'grad_norm': 0.3253597617149353, 'train/tokens_per_sec': 1638.1442917371978, 'train/step_time': 10.001560962999974, 'train/mfu': 84.64, 'train/efficiency': 53.34, 'train/forward_time_percent': 16.47, 'train/backward_time_percent': 35.83, 'train/optimizer_time_percent': 1.03, 'train/overhead_time_percent': 46.66, 'epoch': 1.3543123543123543}
{'loss': 0.9902, 'learning_rate': 0.0001, 'grad_norm': 0.30965083837509155, 'train/tokens_per_sec': 1639.3446436623756, 'train/step_time': 9.994237675000022, 'train/mfu': 84.27, 'train/efficiency': 53.46, 'train/forward_time_percent': 17.64, 'train/backward_time_percent': 34.93, 'train/optimizer_time_percent': 0.89, 'train/overhead_time_percent': 46.54, 'epoch': 1.358974358974359}
{'loss': 0.9902, 'learning_rate': 0.0001, 'grad_norm': 0.30965083837509155, 'train/tokens_per_sec': 1638.6618870099587, 'train/step_time': 9.998401824000211, 'train/mfu': 85.15, 'train/efficiency': 52.99, 'train/forward_time_percent': 17.11, 'train/backward_time_percent': 34.9, 'train/optimizer_time_percent': 0.98, 'train/overhead_time_percent': 47.01, 'epoch': 1.358974358974359}
{'loss': 1.2097, 'learning_rate': 0.0001, 'grad_norm': 0.296296089887619, 'train/tokens_per_sec': 1638.458575549463, 'train/step_time': 9.999642495999979, 'train/mfu': 81.94, 'train/efficiency': 55.08, 'train/forward_time_percent': 17.75, 'train/backward_time_percent': 36.28, 'train/optimizer_time_percent': 1.04, 'train/overhead_time_percent': 44.92, 'epoch': 1.3636363636363638}
{'loss': 1.2097, 'learning_rate': 0.0001, 'grad_norm': 0.296296089887619, 'train/tokens_per_sec': 1638.131139924673, 'train/step_time': 10.001641261000259, 'train/mfu': 83.48, 'train/efficiency': 53.9, 'train/forward_time_percent': 17.28, 'train/backward_time_percent': 35.75, 'train/optimizer_time_percent': 0.88, 'train/overhead_time_percent': 46.1, 'epoch': 1.3636363636363638}
{'loss': 1.042, 'learning_rate': 0.0001, 'grad_norm': 0.3192547559738159, 'train/tokens_per_sec': 1636.7941586009965, 'train/step_time': 10.009810894000111, 'train/mfu': 84.79, 'train/efficiency': 53.2, 'train/forward_time_percent': 17.03, 'train/backward_time_percent': 35.13, 'train/optimizer_time_percent': 1.04, 'train/overhead_time_percent': 46.8, 'epoch': 1.3682983682983683}
{'loss': 1.042, 'learning_rate': 0.0001, 'grad_norm': 0.3192547559738159, 'train/tokens_per_sec': 1636.9522715536832, 'train/step_time': 10.0088440479999, 'train/mfu': 83.18, 'train/efficiency': 54.07, 'train/forward_time_percent': 17.51, 'train/backward_time_percent': 35.68, 'train/optimizer_time_percent': 0.89, 'train/overhead_time_percent': 45.93, 'epoch': 1.3682983682983683}
{'loss': 1.2206, 'learning_rate': 0.0001, 'grad_norm': 0.3280644714832306, 'train/tokens_per_sec': 1638.555672947959, 'train/step_time': 9.999049938000098, 'train/mfu': 84.01, 'train/efficiency': 53.58, 'train/forward_time_percent': 16.71, 'train/backward_time_percent': 36.0, 'train/optimizer_time_percent': 0.87, 'train/overhead_time_percent': 46.42, 'epoch': 1.372960372960373}
{'loss': 1.2206, 'learning_rate': 0.0001, 'grad_norm': 0.3280644714832306, 'train/tokens_per_sec': 1637.9758834908164, 'train/step_time': 10.002589272000023, 'train/mfu': 85.01, 'train/efficiency': 53.05, 'train/forward_time_percent': 16.82, 'train/backward_time_percent': 35.25, 'train/optimizer_time_percent': 0.98, 'train/overhead_time_percent': 46.95, 'epoch': 1.372960372960373}
{'loss': 1.218, 'learning_rate': 0.0001, 'grad_norm': 0.3237161934375763, 'train/tokens_per_sec': 1638.8620960149076, 'train/step_time': 9.997180384999865, 'train/mfu': 83.8, 'train/efficiency': 53.8, 'train/forward_time_percent': 16.89, 'train/backward_time_percent': 35.96, 'train/optimizer_time_percent': 0.95, 'train/overhead_time_percent': 46.2, 'epoch': 1.3776223776223775}
{'loss': 1.218, 'learning_rate': 0.0001, 'grad_norm': 0.3237161934375763, 'train/tokens_per_sec': 1637.5488903506678, 'train/step_time': 10.00519746100008, 'train/mfu': 86.3, 'train/efficiency': 52.23, 'train/forward_time_percent': 16.9, 'train/backward_time_percent': 34.38, 'train/optimizer_time_percent': 0.95, 'train/overhead_time_percent': 47.77, 'epoch': 1.3776223776223775}
{'loss': 1.2947, 'learning_rate': 0.0001, 'grad_norm': 0.3370445668697357, 'train/tokens_per_sec': 1638.3793451154195, 'train/step_time': 10.000126069000089, 'train/mfu': 84.38, 'train/efficiency': 53.52, 'train/forward_time_percent': 17.27, 'train/backward_time_percent': 35.2, 'train/optimizer_time_percent': 1.05, 'train/overhead_time_percent': 46.48, 'epoch': 1.3822843822843822}
{'loss': 1.2947, 'learning_rate': 0.0001, 'grad_norm': 0.3370445668697357, 'train/tokens_per_sec': 1638.5052354565626, 'train/step_time': 9.999357734999649, 'train/mfu': 83.52, 'train/efficiency': 54.06, 'train/forward_time_percent': 16.7, 'train/backward_time_percent': 36.32, 'train/optimizer_time_percent': 1.04, 'train/overhead_time_percent': 45.94, 'epoch': 1.3822843822843822}
{'loss': 1.5469, 'learning_rate': 0.0001, 'grad_norm': 0.45117655396461487, 'train/tokens_per_sec': 1637.1173849958072, 'train/step_time': 10.007834594000087, 'train/mfu': 85.34, 'train/efficiency': 52.74, 'train/forward_time_percent': 16.64, 'train/backward_time_percent': 35.2, 'train/optimizer_time_percent': 0.9, 'train/overhead_time_percent': 47.26, 'epoch': 1.386946386946387}
{'loss': 1.5469, 'learning_rate': 0.0001, 'grad_norm': 0.45117655396461487, 'train/tokens_per_sec': 1637.8688841622873, 'train/step_time': 10.003242724999836, 'train/mfu': 83.09, 'train/efficiency': 54.18, 'train/forward_time_percent': 17.19, 'train/backward_time_percent': 36.08, 'train/optimizer_time_percent': 0.91, 'train/overhead_time_percent': 45.82, 'epoch': 1.386946386946387}
{'loss': 1.0447, 'learning_rate': 0.0001, 'grad_norm': 0.33848297595977783, 'train/tokens_per_sec': 1638.218482934726, 'train/step_time': 10.001108015000227, 'train/mfu': 86.3, 'train/efficiency': 52.19, 'train/forward_time_percent': 16.7, 'train/backward_time_percent': 34.6, 'train/optimizer_time_percent': 0.89, 'train/overhead_time_percent': 47.81, 'epoch': 1.3916083916083917}
{'loss': 1.0447, 'learning_rate': 0.0001, 'grad_norm': 0.33848297595977783, 'train/tokens_per_sec': 1638.9625035678057, 'train/step_time': 9.99656792900032, 'train/mfu': 84.0, 'train/efficiency': 53.62, 'train/forward_time_percent': 16.69, 'train/backward_time_percent': 36.03, 'train/optimizer_time_percent': 0.89, 'train/overhead_time_percent': 46.38, 'epoch': 1.3916083916083917}
  step   300  loss   1.2501  |     5702.9 ms
{'loss': 1.2501, 'learning_rate': 0.0001, 'grad_norm': 0.3224191665649414, 'train/tokens_per_sec': 1638.2588874239752, 'train/step_time': 10.000861356999849, 'train/mfu': 83.9, 'train/efficiency': 53.68, 'train/forward_time_percent': 17.4, 'train/backward_time_percent': 35.36, 'train/optimizer_time_percent': 0.91, 'train/overhead_time_percent': 46.32, 'epoch': 1.3962703962703964}
{'loss': 1.2501, 'learning_rate': 0.0001, 'grad_norm': 0.3224191665649414, 'train/tokens_per_sec': 1638.052734949694, 'train/step_time': 10.002119986999787, 'train/mfu': 83.37, 'train/efficiency': 54.1, 'train/forward_time_percent': 16.9, 'train/backward_time_percent': 36.2, 'train/optimizer_time_percent': 1.0, 'train/overhead_time_percent': 45.9, 'epoch': 1.3962703962703964}
{'loss': 1.136, 'learning_rate': 0.0001, 'grad_norm': 0.31182149052619934, 'train/tokens_per_sec': 1636.9894709976156, 'train/step_time': 10.008616604000053, 'train/mfu': 86.49, 'train/efficiency': 52.18, 'train/forward_time_percent': 17.24, 'train/backward_time_percent': 33.91, 'train/optimizer_time_percent': 1.03, 'train/overhead_time_percent': 47.82, 'epoch': 1.400932400932401}
{'loss': 1.136, 'learning_rate': 0.0001, 'grad_norm': 0.31182149052619934, 'train/tokens_per_sec': 1637.8574169825524, 'train/step_time': 10.003312760999961, 'train/mfu': 81.71, 'train/efficiency': 55.05, 'train/forward_time_percent': 17.35, 'train/backward_time_percent': 36.82, 'train/optimizer_time_percent': 0.88, 'train/overhead_time_percent': 44.95, 'epoch': 1.400932400932401}
{'loss': 1.2678, 'learning_rate': 0.0001, 'grad_norm': 0.26793980598449707, 'train/tokens_per_sec': 1638.339940587559, 'train/step_time': 10.000366587000372, 'train/mfu': 84.23, 'train/efficiency': 53.61, 'train/forward_time_percent': 17.27, 'train/backward_time_percent': 35.3, 'train/optimizer_time_percent': 1.04, 'train/overhead_time_percent': 46.39, 'epoch': 1.4055944055944056}
{'loss': 1.2678, 'learning_rate': 0.0001, 'grad_norm': 0.26793980598449707, 'train/tokens_per_sec': 1637.7298902246432, 'train/step_time': 10.004091698999673, 'train/mfu': 86.42, 'train/efficiency': 52.13, 'train/forward_time_percent': 16.81, 'train/backward_time_percent': 34.4, 'train/optimizer_time_percent': 0.91, 'train/overhead_time_percent': 47.87, 'epoch': 1.4055944055944056}
{'loss': 1.0889, 'learning_rate': 0.0001, 'grad_norm': 0.27444180846214294, 'train/tokens_per_sec': 1637.5832586248976, 'train/step_time': 10.004987480000182, 'train/mfu': 85.81, 'train/efficiency': 52.54, 'train/forward_time_percent': 17.14, 'train/backward_time_percent': 34.43, 'train/optimizer_time_percent': 0.97, 'train/overhead_time_percent': 47.46, 'epoch': 1.4102564102564101}{'loss': 1.0889, 'learning_rate': 0.0001, 'grad_norm': 0.27444180846214294, 'train/tokens_per_sec': 1637.7709464281254, 'train/step_time': 10.003840912999749, 'train/mfu': 85.03, 'train/efficiency': 53.02, 'train/forward_time_percent': 16.41, 'train/backward_time_percent': 35.64, 'train/optimizer_time_percent': 0.97, 'train/overhead_time_percent': 46.98, 'epoch': 1.4102564102564101}

{'loss': 1.1911, 'learning_rate': 0.0001, 'grad_norm': 0.3148340880870819, 'train/tokens_per_sec': 1637.4790478876546, 'train/step_time': 10.005624206999983, 'train/mfu': 84.66, 'train/efficiency': 53.33, 'train/forward_time_percent': 17.19, 'train/backward_time_percent': 35.08, 'train/optimizer_time_percent': 1.06, 'train/overhead_time_percent': 46.67, 'epoch': 1.4149184149184149}{'loss': 1.1911, 'learning_rate': 0.0001, 'grad_norm': 0.3148340880870819, 'train/tokens_per_sec': 1638.1180237006567, 'train/step_time': 10.0017213430001, 'train/mfu': 82.9, 'train/efficiency': 54.42, 'train/forward_time_percent': 16.82, 'train/backward_time_percent': 36.58, 'train/optimizer_time_percent': 1.02, 'train/overhead_time_percent': 45.58, 'epoch': 1.4149184149184149}

{'loss': 1.2665, 'learning_rate': 0.0001, 'grad_norm': 0.2715793550014496, 'train/tokens_per_sec': 1638.470214674894, 'train/step_time': 9.999571461999949, 'train/mfu': 84.54, 'train/efficiency': 53.44, 'train/forward_time_percent': 17.01, 'train/backward_time_percent': 35.36, 'train/optimizer_time_percent': 1.07, 'train/overhead_time_percent': 46.56, 'epoch': 1.4195804195804196}
{'loss': 1.2665, 'learning_rate': 0.0001, 'grad_norm': 0.2715793550014496, 'train/tokens_per_sec': 1638.2465534727694, 'train/step_time': 10.000936650999847, 'train/mfu': 83.62, 'train/efficiency': 53.83, 'train/forward_time_percent': 17.41, 'train/backward_time_percent': 35.53, 'train/optimizer_time_percent': 0.88, 'train/overhead_time_percent': 46.17, 'epoch': 1.4195804195804196}
{'loss': 1.3919, 'learning_rate': 0.0001, 'grad_norm': 0.2925495207309723, 'train/tokens_per_sec': 1637.390612709192, 'train/step_time': 10.00616460900028, 'train/mfu': 82.52, 'train/efficiency': 54.5, 'train/forward_time_percent': 17.5, 'train/backward_time_percent': 36.12, 'train/optimizer_time_percent': 0.88, 'train/overhead_time_percent': 45.5, 'epoch': 1.4242424242424243}
{'loss': 1.3919, 'learning_rate': 0.0001, 'grad_norm': 0.2925495207309723, 'train/tokens_per_sec': 1636.7828207634193, 'train/step_time': 10.009880230999897, 'train/mfu': 86.03, 'train/efficiency': 52.36, 'train/forward_time_percent': 16.95, 'train/backward_time_percent': 34.46, 'train/optimizer_time_percent': 0.95, 'train/overhead_time_percent': 47.64, 'epoch': 1.4242424242424243}
{'loss': 0.9632, 'learning_rate': 0.0001, 'grad_norm': 0.3213612735271454, 'train/tokens_per_sec': 1640.1722218313068, 'train/step_time': 9.989194904000215, 'train/mfu': 85.25, 'train/efficiency': 53.04, 'train/forward_time_percent': 16.34, 'train/backward_time_percent': 35.66, 'train/optimizer_time_percent': 1.05, 'train/overhead_time_percent': 46.96, 'epoch': 1.428904428904429}{'loss': 0.9632, 'learning_rate': 0.0001, 'grad_norm': 0.3213612735271454, 'train/tokens_per_sec': 1640.631339340569, 'train/step_time': 9.986399507999977, 'train/mfu': 83.93, 'train/efficiency': 53.88, 'train/forward_time_percent': 17.76, 'train/backward_time_percent': 35.07, 'train/optimizer_time_percent': 1.05, 'train/overhead_time_percent': 46.12, 'epoch': 1.428904428904429}

{'loss': 1.0253, 'learning_rate': 0.0001, 'grad_norm': 0.28887486457824707, 'train/tokens_per_sec': 1638.4047315489797, 'train/step_time': 9.999971121000272, 'train/mfu': 82.96, 'train/efficiency': 54.33, 'train/forward_time_percent': 16.87, 'train/backward_time_percent': 36.5, 'train/optimizer_time_percent': 0.96, 'train/overhead_time_percent': 45.67, 'epoch': 1.4335664335664335}
{'loss': 1.0253, 'learning_rate': 0.0001, 'grad_norm': 0.28887486457824707, 'train/tokens_per_sec': 1638.0383483240819, 'train/step_time': 10.002207834000274, 'train/mfu': 83.09, 'train/efficiency': 54.34, 'train/forward_time_percent': 17.18, 'train/backward_time_percent': 36.1, 'train/optimizer_time_percent': 1.06, 'train/overhead_time_percent': 45.66, 'epoch': 1.4335664335664335}
{'loss': 1.0463, 'learning_rate': 0.0001, 'grad_norm': 0.3007422983646393, 'train/tokens_per_sec': 1638.1416614561153, 'train/step_time': 10.001577021999765, 'train/mfu': 83.08, 'train/efficiency': 54.34, 'train/forward_time_percent': 17.35, 'train/backward_time_percent': 35.93, 'train/optimizer_time_percent': 1.05, 'train/overhead_time_percent': 45.66, 'epoch': 1.4382284382284383}
{'loss': 1.0463, 'learning_rate': 0.0001, 'grad_norm': 0.3007422983646393, 'train/tokens_per_sec': 1637.7137203235382, 'train/step_time': 10.004190474000097, 'train/mfu': 84.55, 'train/efficiency': 53.39, 'train/forward_time_percent': 17.32, 'train/backward_time_percent': 35.02, 'train/optimizer_time_percent': 1.05, 'train/overhead_time_percent': 46.61, 'epoch': 1.4382284382284383}
  step   310  loss   1.1094  |     5692.8 ms
{'loss': 1.1094, 'learning_rate': 0.0001, 'grad_norm': 0.3425830006599426, 'train/tokens_per_sec': 1640.5842040845241, 'train/step_time': 9.986686424999789, 'train/mfu': 83.98, 'train/efficiency': 53.73, 'train/forward_time_percent': 17.16, 'train/backward_time_percent': 35.63, 'train/optimizer_time_percent': 0.94, 'train/overhead_time_percent': 46.27, 'epoch': 1.4428904428904428}
{'loss': 1.1094, 'learning_rate': 0.0001, 'grad_norm': 0.3425830006599426, 'train/tokens_per_sec': 1641.0326195234159, 'train/step_time': 9.983957543000088, 'train/mfu': 82.47, 'train/efficiency': 54.66, 'train/forward_time_percent': 17.78, 'train/backward_time_percent': 36.0, 'train/optimizer_time_percent': 0.89, 'train/overhead_time_percent': 45.34, 'epoch': 1.4428904428904428}
{'loss': 1.2015, 'learning_rate': 0.0001, 'grad_norm': 0.3169761300086975, 'train/tokens_per_sec': 1638.3723855610917, 'train/step_time': 10.000168548000147, 'train/mfu': 85.04, 'train/efficiency': 53.03, 'train/forward_time_percent': 17.04, 'train/backward_time_percent': 35.02, 'train/optimizer_time_percent': 0.97, 'train/overhead_time_percent': 46.97, 'epoch': 1.4475524475524475}
{'loss': 1.2015, 'learning_rate': 0.0001, 'grad_norm': 0.3169761300086975, 'train/tokens_per_sec': 1638.617135942383, 'train/step_time': 9.998674882999694, 'train/mfu': 84.27, 'train/efficiency': 53.6, 'train/forward_time_percent': 17.14, 'train/backward_time_percent': 35.4, 'train/optimizer_time_percent': 1.05, 'train/overhead_time_percent': 46.4, 'epoch': 1.4475524475524475}
{'loss': 1.0443, 'learning_rate': 0.0001, 'grad_norm': 0.3884408473968506, 'train/tokens_per_sec': 1637.8504263322013, 'train/step_time': 10.003355456999998, 'train/mfu': 82.96, 'train/efficiency': 54.3, 'train/forward_time_percent': 17.57, 'train/backward_time_percent': 35.78, 'train/optimizer_time_percent': 0.95, 'train/overhead_time_percent': 45.7, 'epoch': 1.4522144522144522}
{'loss': 1.0443, 'learning_rate': 0.0001, 'grad_norm': 0.3884408473968506, 'train/tokens_per_sec': 1636.775120143074, 'train/step_time': 10.009927324999808, 'train/mfu': 85.41, 'train/efficiency': 52.68, 'train/forward_time_percent': 16.99, 'train/backward_time_percent': 34.8, 'train/optimizer_time_percent': 0.89, 'train/overhead_time_percent': 47.32, 'epoch': 1.4522144522144522}
{'loss': 1.0954, 'learning_rate': 0.0001, 'grad_norm': 0.3702574372291565, 'train/tokens_per_sec': 1639.2034029295448, 'train/step_time': 9.995098820999829, 'train/mfu': 82.54, 'train/efficiency': 54.71, 'train/forward_time_percent': 16.95, 'train/backward_time_percent': 36.72, 'train/optimizer_time_percent': 1.04, 'train/overhead_time_percent': 45.29, 'epoch': 1.456876456876457}
{'loss': 1.0954, 'learning_rate': 0.0001, 'grad_norm': 0.3702574372291565, 'train/tokens_per_sec': 1638.1566041660858, 'train/step_time': 10.00148579100005, 'train/mfu': 85.89, 'train/efficiency': 52.44, 'train/forward_time_percent': 17.02, 'train/backward_time_percent': 34.52, 'train/optimizer_time_percent': 0.9, 'train/overhead_time_percent': 47.56, 'epoch': 1.456876456876457}
{'loss': 1.1628, 'learning_rate': 0.0001, 'grad_norm': 0.31302231550216675, 'train/tokens_per_sec': 1637.7451369616304, 'train/step_time': 10.003998565000074, 'train/mfu': 85.46, 'train/efficiency': 52.71, 'train/forward_time_percent': 16.69, 'train/backward_time_percent': 35.1, 'train/optimizer_time_percent': 0.92, 'train/overhead_time_percent': 47.29, 'epoch': 1.4615384615384617}
{'loss': 1.1628, 'learning_rate': 0.0001, 'grad_norm': 0.31302231550216675, 'train/tokens_per_sec': 1637.536110455995, 'train/step_time': 10.005275545000131, 'train/mfu': 85.13, 'train/efficiency': 53.04, 'train/forward_time_percent': 17.52, 'train/backward_time_percent': 34.46, 'train/optimizer_time_percent': 1.06, 'train/overhead_time_percent': 46.96, 'epoch': 1.4615384615384617}
{'loss': 1.1099, 'learning_rate': 0.0001, 'grad_norm': 0.32017186284065247, 'train/tokens_per_sec': 1638.524099357469, 'train/step_time': 9.999242615000185, 'train/mfu': 84.39, 'train/efficiency': 53.49, 'train/forward_time_percent': 17.41, 'train/backward_time_percent': 35.06, 'train/optimizer_time_percent': 1.01, 'train/overhead_time_percent': 46.51, 'epoch': 1.4662004662004662}
{'loss': 1.1099, 'learning_rate': 0.0001, 'grad_norm': 0.32017186284065247, 'train/tokens_per_sec': 1638.0731367568285, 'train/step_time': 10.001995412999804, 'train/mfu': 85.78, 'train/efficiency': 52.62, 'train/forward_time_percent': 16.99, 'train/backward_time_percent': 34.62, 'train/optimizer_time_percent': 1.01, 'train/overhead_time_percent': 47.38, 'epoch': 1.4662004662004662}
{'loss': 1.2109, 'learning_rate': 0.0001, 'grad_norm': 0.267444372177124, 'train/tokens_per_sec': 1640.0154884007238, 'train/step_time': 9.990149554000254, 'train/mfu': 85.04, 'train/efficiency': 53.06, 'train/forward_time_percent': 17.01, 'train/backward_time_percent': 35.11, 'train/optimizer_time_percent': 0.94, 'train/overhead_time_percent': 46.94, 'epoch': 1.470862470862471}{'loss': 1.2109, 'learning_rate': 0.0001, 'grad_norm': 0.267444372177124, 'train/tokens_per_sec': 1640.7878079783184, 'train/step_time': 9.985447185999874, 'train/mfu': 83.86, 'train/efficiency': 53.77, 'train/forward_time_percent': 17.02, 'train/backward_time_percent': 35.85, 'train/optimizer_time_percent': 0.9, 'train/overhead_time_percent': 46.23, 'epoch': 1.470862470862471}

{'loss': 1.0382, 'learning_rate': 0.0001, 'grad_norm': 0.25787726044654846, 'train/tokens_per_sec': 1638.0891855179207, 'train/step_time': 10.001897421000194, 'train/mfu': 84.25, 'train/efficiency': 53.59, 'train/forward_time_percent': 16.64, 'train/backward_time_percent': 35.9, 'train/optimizer_time_percent': 1.04, 'train/overhead_time_percent': 46.41, 'epoch': 1.4755244755244754}
{'loss': 1.0382, 'learning_rate': 0.0001, 'grad_norm': 0.25787726044654846, 'train/tokens_per_sec': 1637.2866655335092, 'train/step_time': 10.00679987500007, 'train/mfu': 85.71, 'train/efficiency': 52.58, 'train/forward_time_percent': 17.65, 'train/backward_time_percent': 33.97, 'train/optimizer_time_percent': 0.96, 'train/overhead_time_percent': 47.42, 'epoch': 1.4755244755244754}
{'loss': 1.1299, 'learning_rate': 0.0001, 'grad_norm': 0.34796953201293945, 'train/tokens_per_sec': 1638.2283865662116, 'train/step_time': 10.001047555000241, 'train/mfu': 85.46, 'train/efficiency': 52.84, 'train/forward_time_percent': 16.61, 'train/backward_time_percent': 35.19, 'train/optimizer_time_percent': 1.04, 'train/overhead_time_percent': 47.16, 'epoch': 1.4801864801864801}
{'loss': 1.1299, 'learning_rate': 0.0001, 'grad_norm': 0.34796953201293945, 'train/tokens_per_sec': 1638.6934836120263, 'train/step_time': 9.998209038999903, 'train/mfu': 82.45, 'train/efficiency': 54.65, 'train/forward_time_percent': 17.14, 'train/backward_time_percent': 36.57, 'train/optimizer_time_percent': 0.95, 'train/overhead_time_percent': 45.35, 'epoch': 1.4801864801864801}
{'loss': 1.5592, 'learning_rate': 0.0001, 'grad_norm': 0.3464917242527008, 'train/tokens_per_sec': 1638.724849998734, 'train/step_time': 9.998017665999669, 'train/mfu': 83.81, 'train/efficiency': 53.74, 'train/forward_time_percent': 16.49, 'train/backward_time_percent': 36.35, 'train/optimizer_time_percent': 0.9, 'train/overhead_time_percent': 46.26, 'epoch': 1.4848484848484849}
{'loss': 1.5592, 'learning_rate': 0.0001, 'grad_norm': 0.3464917242527008, 'train/tokens_per_sec': 1639.0891153525681, 'train/step_time': 9.995795742000155, 'train/mfu': 83.0, 'train/efficiency': 54.42, 'train/forward_time_percent': 17.73, 'train/backward_time_percent': 35.63, 'train/optimizer_time_percent': 1.06, 'train/overhead_time_percent': 45.58, 'epoch': 1.4848484848484849}
  step   320  loss   1.3173  |     5676.0 ms{'loss': 1.3173, 'learning_rate': 0.0001, 'grad_norm': 0.3121786415576935, 'train/tokens_per_sec': 1638.0356405938132, 'train/step_time': 10.002224368000043, 'train/mfu': 83.08, 'train/efficiency': 54.35, 'train/forward_time_percent': 17.73, 'train/backward_time_percent': 35.55, 'train/optimizer_time_percent': 1.06, 'train/overhead_time_percent': 45.65, 'epoch': 1.4895104895104896}

{'loss': 1.3173, 'learning_rate': 0.0001, 'grad_norm': 0.3121786415576935, 'train/tokens_per_sec': 1638.1411004812292, 'train/step_time': 10.001580446999924, 'train/mfu': 84.46, 'train/efficiency': 53.46, 'train/forward_time_percent': 16.58, 'train/backward_time_percent': 35.84, 'train/optimizer_time_percent': 1.04, 'train/overhead_time_percent': 46.54, 'epoch': 1.4895104895104896}
{'loss': 1.1851, 'learning_rate': 0.0001, 'grad_norm': 0.32335466146469116, 'train/tokens_per_sec': 1636.8644097008282, 'train/step_time': 10.009381291999944, 'train/mfu': 83.3, 'train/efficiency': 53.98, 'train/forward_time_percent': 16.69, 'train/backward_time_percent': 36.41, 'train/optimizer_time_percent': 0.87, 'train/overhead_time_percent': 46.02, 'epoch': 1.494172494172494}{'loss': 1.1851, 'learning_rate': 0.0001, 'grad_norm': 0.32335466146469116, 'train/tokens_per_sec': 1636.3459677241558, 'train/step_time': 10.01255255499973, 'train/mfu': 86.18, 'train/efficiency': 52.31, 'train/forward_time_percent': 17.16, 'train/backward_time_percent': 34.15, 'train/optimizer_time_percent': 1.0, 'train/overhead_time_percent': 47.69, 'epoch': 1.494172494172494}

{'loss': 1.2201, 'learning_rate': 0.0001, 'grad_norm': 0.29923737049102783, 'train/tokens_per_sec': 1635.5188134692305, 'train/step_time': 10.017616346000068, 'train/mfu': 82.7, 'train/efficiency': 54.33, 'train/forward_time_percent': 17.0, 'train/backward_time_percent': 36.44, 'train/optimizer_time_percent': 0.88, 'train/overhead_time_percent': 45.67, 'epoch': 1.4988344988344988}
{'loss': 1.2201, 'learning_rate': 0.0001, 'grad_norm': 0.29923737049102783, 'train/tokens_per_sec': 1634.9747382237879, 'train/step_time': 10.020949936999841, 'train/mfu': 84.41, 'train/efficiency': 53.28, 'train/forward_time_percent': 16.91, 'train/backward_time_percent': 35.44, 'train/optimizer_time_percent': 0.93, 'train/overhead_time_percent': 46.72, 'epoch': 1.4988344988344988}
{'loss': 1.1479, 'learning_rate': 0.0001, 'grad_norm': 0.30324283242225647, 'train/tokens_per_sec': 1635.5531406656285, 'train/step_time': 10.017406094999842, 'train/mfu': 85.05, 'train/efficiency': 53.01, 'train/forward_time_percent': 17.07, 'train/backward_time_percent': 34.9, 'train/optimizer_time_percent': 1.04, 'train/overhead_time_percent': 46.99, 'epoch': 1.5034965034965035}{'loss': 1.1479, 'learning_rate': 0.0001, 'grad_norm': 0.30324283242225647, 'train/tokens_per_sec': 1636.9039828696982, 'train/step_time': 10.009139309000147, 'train/mfu': 81.83, 'train/efficiency': 54.95, 'train/forward_time_percent': 17.36, 'train/backward_time_percent': 36.7, 'train/optimizer_time_percent': 0.88, 'train/overhead_time_percent': 45.05, 'epoch': 1.5034965034965035}

{'loss': 0.932, 'learning_rate': 0.0001, 'grad_norm': 0.3306489586830139, 'train/tokens_per_sec': 1637.3648103196274, 'train/step_time': 10.006322290999833, 'train/mfu': 84.79, 'train/efficiency': 53.12, 'train/forward_time_percent': 17.4, 'train/backward_time_percent': 34.79, 'train/optimizer_time_percent': 0.94, 'train/overhead_time_percent': 46.88, 'epoch': 1.508158508158508}
{'loss': 0.932, 'learning_rate': 0.0001, 'grad_norm': 0.3306489586830139, 'train/tokens_per_sec': 1637.9352879483297, 'train/step_time': 10.002837182000349, 'train/mfu': 84.78, 'train/efficiency': 53.28, 'train/forward_time_percent': 17.37, 'train/backward_time_percent': 34.84, 'train/optimizer_time_percent': 1.07, 'train/overhead_time_percent': 46.72, 'epoch': 1.508158508158508}
{'loss': 1.2137, 'learning_rate': 0.0001, 'grad_norm': 0.30979016423225403, 'train/tokens_per_sec': 1636.4141551300374, 'train/step_time': 10.012135344000399, 'train/mfu': 86.08, 'train/efficiency': 52.27, 'train/forward_time_percent': 17.33, 'train/backward_time_percent': 34.05, 'train/optimizer_time_percent': 0.9, 'train/overhead_time_percent': 47.73, 'epoch': 1.5128205128205128}
{'loss': 1.2137, 'learning_rate': 0.0001, 'grad_norm': 0.30979016423225403, 'train/tokens_per_sec': 1636.9922429835485, 'train/step_time': 10.008599656000115, 'train/mfu': 84.57, 'train/efficiency': 53.36, 'train/forward_time_percent': 17.46, 'train/backward_time_percent': 34.85, 'train/optimizer_time_percent': 1.05, 'train/overhead_time_percent': 46.64, 'epoch': 1.5128205128205128}
{'loss': 0.9525, 'learning_rate': 0.0001, 'grad_norm': 0.25981029868125916, 'train/tokens_per_sec': 1637.2471468293293, 'train/step_time': 10.007041412000035, 'train/mfu': 84.06, 'train/efficiency': 53.6, 'train/forward_time_percent': 17.13, 'train/backward_time_percent': 35.51, 'train/optimizer_time_percent': 0.96, 'train/overhead_time_percent': 46.4, 'epoch': 1.5174825174825175}
{'loss': 0.9525, 'learning_rate': 0.0001, 'grad_norm': 0.25981029868125916, 'train/tokens_per_sec': 1637.4011820041999, 'train/step_time': 10.006100019999849, 'train/mfu': 81.53, 'train/efficiency': 55.15, 'train/forward_time_percent': 17.43, 'train/backward_time_percent': 36.85, 'train/optimizer_time_percent': 0.88, 'train/overhead_time_percent': 44.85, 'epoch': 1.5174825174825175}
{'loss': 1.006, 'learning_rate': 0.0001, 'grad_norm': 0.28295740485191345, 'train/tokens_per_sec': 1636.8774476386916, 'train/step_time': 10.009301565999976, 'train/mfu': 85.08, 'train/efficiency': 53.03, 'train/forward_time_percent': 17.15, 'train/backward_time_percent': 34.84, 'train/optimizer_time_percent': 1.03, 'train/overhead_time_percent': 46.97, 'epoch': 1.5221445221445222}
{'loss': 1.006, 'learning_rate': 0.0001, 'grad_norm': 0.28295740485191345, 'train/tokens_per_sec': 1637.6580593437632, 'train/step_time': 10.004530497999895, 'train/mfu': 82.84, 'train/efficiency': 54.3, 'train/forward_time_percent': 17.41, 'train/backward_time_percent': 36.01, 'train/optimizer_time_percent': 0.88, 'train/overhead_time_percent': 45.7, 'epoch': 1.5221445221445222}
{'loss': 1.3834, 'learning_rate': 0.0001, 'grad_norm': 0.32895228266716003, 'train/tokens_per_sec': 1637.3058387732158, 'train/step_time': 10.00668269300013, 'train/mfu': 83.95, 'train/efficiency': 53.78, 'train/forward_time_percent': 16.94, 'train/backward_time_percent': 35.77, 'train/optimizer_time_percent': 1.07, 'train/overhead_time_percent': 46.22, 'epoch': 1.526806526806527}
{'loss': 1.3834, 'learning_rate': 0.0001, 'grad_norm': 0.32895228266716003, 'train/tokens_per_sec': 1637.804353485912, 'train/step_time': 10.003636859999915, 'train/mfu': 83.38, 'train/efficiency': 54.14, 'train/forward_time_percent': 16.99, 'train/backward_time_percent': 36.09, 'train/optimizer_time_percent': 1.05, 'train/overhead_time_percent': 45.86, 'epoch': 1.526806526806527}
{'loss': 1.2257, 'learning_rate': 0.0001, 'grad_norm': 0.33727332949638367, 'train/tokens_per_sec': 1638.0066481007227, 'train/step_time': 10.00240140599999, 'train/mfu': 84.88, 'train/efficiency': 53.19, 'train/forward_time_percent': 16.62, 'train/backward_time_percent': 35.53, 'train/optimizer_time_percent': 1.04, 'train/overhead_time_percent': 46.81, 'epoch': 1.5314685314685315}
{'loss': 1.2257, 'learning_rate': 0.0001, 'grad_norm': 0.33727332949638367, 'train/tokens_per_sec': 1638.3365762229423, 'train/step_time': 10.00038712300011, 'train/mfu': 84.37, 'train/efficiency': 53.39, 'train/forward_time_percent': 16.8, 'train/backward_time_percent': 35.68, 'train/optimizer_time_percent': 0.92, 'train/overhead_time_percent': 46.61, 'epoch': 1.5314685314685315}
{'loss': 0.9897, 'learning_rate': 0.0001, 'grad_norm': 0.25354912877082825, 'train/tokens_per_sec': 1638.7745750323506, 'train/step_time': 9.997714298000119, 'train/mfu': 84.5, 'train/efficiency': 53.29, 'train/forward_time_percent': 17.4, 'train/backward_time_percent': 35.01, 'train/optimizer_time_percent': 0.88, 'train/overhead_time_percent': 46.71, 'epoch': 1.5361305361305362}
  step   330  loss   0.9897  |     5568.9 ms
{'loss': 0.9897, 'learning_rate': 0.0001, 'grad_norm': 0.25354912877082825, 'train/tokens_per_sec': 1638.7121987629155, 'train/step_time': 9.998094853000111, 'train/mfu': 85.98, 'train/efficiency': 52.56, 'train/forward_time_percent': 16.69, 'train/backward_time_percent': 34.82, 'train/optimizer_time_percent': 1.06, 'train/overhead_time_percent': 47.44, 'epoch': 1.5361305361305362}
{'loss': 0.933, 'learning_rate': 0.0001, 'grad_norm': 0.28292492032051086, 'train/tokens_per_sec': 1637.4015519950267, 'train/step_time': 10.006097758999658, 'train/mfu': 82.91, 'train/efficiency': 54.39, 'train/forward_time_percent': 17.55, 'train/backward_time_percent': 35.82, 'train/optimizer_time_percent': 1.01, 'train/overhead_time_percent': 45.61, 'epoch': 1.5407925407925407}
{'loss': 0.933, 'learning_rate': 0.0001, 'grad_norm': 0.28292492032051086, 'train/tokens_per_sec': 1636.9695570700824, 'train/step_time': 10.00873836000028, 'train/mfu': 83.54, 'train/efficiency': 53.91, 'train/forward_time_percent': 17.03, 'train/backward_time_percent': 35.93, 'train/optimizer_time_percent': 0.95, 'train/overhead_time_percent': 46.09, 'epoch': 1.5407925407925407}
{'loss': 1.0711, 'learning_rate': 0.0001, 'grad_norm': 0.31546303629875183, 'train/tokens_per_sec': 1637.4643528687875, 'train/step_time': 10.005713999999898, 'train/mfu': 86.38, 'train/efficiency': 52.27, 'train/forward_time_percent': 16.44, 'train/backward_time_percent': 34.79, 'train/optimizer_time_percent': 1.04, 'train/overhead_time_percent': 47.73, 'epoch': 1.5454545454545454}
{'loss': 1.0711, 'learning_rate': 0.0001, 'grad_norm': 0.31546303629875183, 'train/tokens_per_sec': 1638.1448946442515, 'train/step_time': 10.001557281999794, 'train/mfu': 82.81, 'train/efficiency': 54.35, 'train/forward_time_percent': 17.26, 'train/backward_time_percent': 36.2, 'train/optimizer_time_percent': 0.89, 'train/overhead_time_percent': 45.65, 'epoch': 1.5454545454545454}
{'loss': 1.2067, 'learning_rate': 0.0001, 'grad_norm': 0.3656802773475647, 'train/tokens_per_sec': 1640.474187510563, 'train/step_time': 9.987356171000101, 'train/mfu': 84.37, 'train/efficiency': 53.58, 'train/forward_time_percent': 16.94, 'train/backward_time_percent': 35.61, 'train/optimizer_time_percent': 1.04, 'train/overhead_time_percent': 46.42, 'epoch': 1.5501165501165501}{'loss': 1.2067, 'learning_rate': 0.0001, 'grad_norm': 0.3656802773475647, 'train/tokens_per_sec': 1639.9921478369074, 'train/step_time': 9.990291735000028, 'train/mfu': 84.81, 'train/efficiency': 53.21, 'train/forward_time_percent': 16.98, 'train/backward_time_percent': 35.28, 'train/optimizer_time_percent': 0.96, 'train/overhead_time_percent': 46.79, 'epoch': 1.5501165501165501}

{'loss': 1.0211, 'learning_rate': 0.0001, 'grad_norm': 0.28714072704315186, 'train/tokens_per_sec': 1638.6777784972555, 'train/step_time': 9.998304861999713, 'train/mfu': 87.03, 'train/efficiency': 51.88, 'train/forward_time_percent': 16.55, 'train/backward_time_percent': 34.33, 'train/optimizer_time_percent': 1.0, 'train/overhead_time_percent': 48.12, 'epoch': 1.5547785547785549}
{'loss': 1.0211, 'learning_rate': 0.0001, 'grad_norm': 0.28714072704315186, 'train/tokens_per_sec': 1639.7368961844475, 'train/step_time': 9.991846886000076, 'train/mfu': 80.43, 'train/efficiency': 56.01, 'train/forward_time_percent': 17.57, 'train/backward_time_percent': 37.52, 'train/optimizer_time_percent': 0.92, 'train/overhead_time_percent': 43.99, 'epoch': 1.5547785547785549}
{'loss': 1.403, 'learning_rate': 0.0001, 'grad_norm': 0.2720843553543091, 'train/tokens_per_sec': 1638.052009118924, 'train/step_time': 10.002124418999756, 'train/mfu': 84.37, 'train/efficiency': 53.5, 'train/forward_time_percent': 16.76, 'train/backward_time_percent': 35.71, 'train/optimizer_time_percent': 1.03, 'train/overhead_time_percent': 46.5, 'epoch': 1.5594405594405596}
{'loss': 1.403, 'learning_rate': 0.0001, 'grad_norm': 0.2720843553543091, 'train/tokens_per_sec': 1639.0100616715674, 'train/step_time': 9.996277865000138, 'train/mfu': 82.72, 'train/efficiency': 54.6, 'train/forward_time_percent': 16.95, 'train/backward_time_percent': 36.6, 'train/optimizer_time_percent': 1.06, 'train/overhead_time_percent': 45.4, 'epoch': 1.5594405594405596}
{'loss': 1.2929, 'learning_rate': 0.0001, 'grad_norm': 0.3280429542064667, 'train/tokens_per_sec': 1637.222075364633, 'train/step_time': 10.007194654000159, 'train/mfu': 83.64, 'train/efficiency': 53.78, 'train/forward_time_percent': 16.99, 'train/backward_time_percent': 35.91, 'train/optimizer_time_percent': 0.88, 'train/overhead_time_percent': 46.22, 'epoch': 1.564102564102564}{'loss': 1.2929, 'learning_rate': 0.0001, 'grad_norm': 0.3280429542064667, 'train/tokens_per_sec': 1635.786574945913, 'train/step_time': 10.015976565000074, 'train/mfu': 86.12, 'train/efficiency': 52.38, 'train/forward_time_percent': 16.68, 'train/backward_time_percent': 34.65, 'train/optimizer_time_percent': 1.05, 'train/overhead_time_percent': 47.62, 'epoch': 1.564102564102564}

{'loss': 1.0647, 'learning_rate': 0.0001, 'grad_norm': 0.349298357963562, 'train/tokens_per_sec': 1637.7783727021679, 'train/step_time': 10.003795552000156, 'train/mfu': 84.48, 'train/efficiency': 53.45, 'train/forward_time_percent': 16.7, 'train/backward_time_percent': 35.69, 'train/optimizer_time_percent': 1.06, 'train/overhead_time_percent': 46.55, 'epoch': 1.5687645687645686}
{'loss': 1.0647, 'learning_rate': 0.0001, 'grad_norm': 0.349298357963562, 'train/tokens_per_sec': 1637.8145685871873, 'train/step_time': 10.003574467000362, 'train/mfu': 83.9, 'train/efficiency': 53.7, 'train/forward_time_percent': 17.34, 'train/backward_time_percent': 35.41, 'train/optimizer_time_percent': 0.94, 'train/overhead_time_percent': 46.3, 'epoch': 1.5687645687645686}
{'loss': 1.3433, 'learning_rate': 0.0001, 'grad_norm': 0.35925182700157166, 'train/tokens_per_sec': 1637.553275404284, 'train/step_time': 10.005170669000108, 'train/mfu': 85.15, 'train/efficiency': 52.96, 'train/forward_time_percent': 16.49, 'train/backward_time_percent': 35.48, 'train/optimizer_time_percent': 0.99, 'train/overhead_time_percent': 47.04, 'epoch': 1.5734265734265733}
{'loss': 1.3433, 'learning_rate': 0.0001, 'grad_norm': 0.35925182700157166, 'train/tokens_per_sec': 1637.8958664624197, 'train/step_time': 10.003077933999975, 'train/mfu': 83.77, 'train/efficiency': 53.87, 'train/forward_time_percent': 17.32, 'train/backward_time_percent': 35.52, 'train/optimizer_time_percent': 1.04, 'train/overhead_time_percent': 46.13, 'epoch': 1.5734265734265733}
{'loss': 1.1385, 'learning_rate': 0.0001, 'grad_norm': 0.31386810541152954, 'train/tokens_per_sec': 1637.0939110890488, 'train/step_time': 10.00797809400001, 'train/mfu': 85.3, 'train/efficiency': 52.9, 'train/forward_time_percent': 17.1, 'train/backward_time_percent': 34.76, 'train/optimizer_time_percent': 1.04, 'train/overhead_time_percent': 47.1, 'epoch': 1.578088578088578}{'loss': 1.1385, 'learning_rate': 0.0001, 'grad_norm': 0.31386810541152954, 'train/tokens_per_sec': 1637.4058675301749, 'train/step_time': 10.006071387000247, 'train/mfu': 83.89, 'train/efficiency': 53.63, 'train/forward_time_percent': 16.64, 'train/backward_time_percent': 36.1, 'train/optimizer_time_percent': 0.89, 'train/overhead_time_percent': 46.37, 'epoch': 1.578088578088578}

  step   340  loss   0.9671  |     5630.7 ms
{'loss': 0.9671, 'learning_rate': 0.0001, 'grad_norm': 0.2919403314590454, 'train/tokens_per_sec': 1638.59279469804, 'train/step_time': 9.998823413000082, 'train/mfu': 85.69, 'train/efficiency': 52.7, 'train/forward_time_percent': 17.62, 'train/backward_time_percent': 34.05, 'train/optimizer_time_percent': 1.03, 'train/overhead_time_percent': 47.3, 'epoch': 1.5827505827505828}
{'loss': 0.9671, 'learning_rate': 0.0001, 'grad_norm': 0.2919403314590454, 'train/tokens_per_sec': 1639.0047848984143, 'train/step_time': 9.996310047999941, 'train/mfu': 85.01, 'train/efficiency': 53.15, 'train/forward_time_percent': 16.57, 'train/backward_time_percent': 35.53, 'train/optimizer_time_percent': 1.05, 'train/overhead_time_percent': 46.85, 'epoch': 1.5827505827505828}
{'loss': 1.0688, 'learning_rate': 0.0001, 'grad_norm': 0.32425546646118164, 'train/tokens_per_sec': 1637.6107273081914, 'train/step_time': 10.004819660000067, 'train/mfu': 81.02, 'train/efficiency': 55.52, 'train/forward_time_percent': 19.96, 'train/backward_time_percent': 34.67, 'train/optimizer_time_percent': 0.89, 'train/overhead_time_percent': 44.48, 'epoch': 1.5874125874125875}
{'loss': 1.0688, 'learning_rate': 0.0001, 'grad_norm': 0.32425546646118164, 'train/tokens_per_sec': 1630.0054601441886, 'train/step_time': 10.05150007200018, 'train/mfu': 78.88, 'train/efficiency': 56.8, 'train/forward_time_percent': 18.99, 'train/backward_time_percent': 36.86, 'train/optimizer_time_percent': 0.95, 'train/overhead_time_percent': 43.2, 'epoch': 1.5874125874125875}
{'loss': 1.0323, 'learning_rate': 0.0001, 'grad_norm': 0.3204764425754547, 'train/tokens_per_sec': 1637.9664856345635, 'train/step_time': 10.002646661999734, 'train/mfu': 84.42, 'train/efficiency': 53.38, 'train/forward_time_percent': 17.26, 'train/backward_time_percent': 35.17, 'train/optimizer_time_percent': 0.95, 'train/overhead_time_percent': 46.62, 'epoch': 1.5920745920745922}
{'loss': 1.0323, 'learning_rate': 0.0001, 'grad_norm': 0.3204764425754547, 'train/tokens_per_sec': 1637.5503853122327, 'train/step_time': 10.005188326999814, 'train/mfu': 85.36, 'train/efficiency': 52.78, 'train/forward_time_percent': 17.12, 'train/backward_time_percent': 34.72, 'train/optimizer_time_percent': 0.94, 'train/overhead_time_percent': 47.22, 'epoch': 1.5920745920745922}
{'loss': 1.159, 'learning_rate': 0.0001, 'grad_norm': 0.3075508177280426, 'train/tokens_per_sec': 1640.7483980958002, 'train/step_time': 9.985687031000452, 'train/mfu': 83.08, 'train/efficiency': 54.26, 'train/forward_time_percent': 17.04, 'train/backward_time_percent': 36.33, 'train/optimizer_time_percent': 0.88, 'train/overhead_time_percent': 45.74, 'epoch': 1.5967365967365967}
{'loss': 1.159, 'learning_rate': 0.0001, 'grad_norm': 0.3075508177280426, 'train/tokens_per_sec': 1639.7989674323892, 'train/step_time': 9.991468664999957, 'train/mfu': 87.63, 'train/efficiency': 51.46, 'train/forward_time_percent': 16.51, 'train/backward_time_percent': 34.06, 'train/optimizer_time_percent': 0.89, 'train/overhead_time_percent': 48.54, 'epoch': 1.5967365967365967}
{'loss': 1.2619, 'learning_rate': 0.0001, 'grad_norm': 0.3215927481651306, 'train/tokens_per_sec': 1639.0655981504487, 'train/step_time': 9.995939161000024, 'train/mfu': 82.27, 'train/efficiency': 54.83, 'train/forward_time_percent': 17.18, 'train/backward_time_percent': 36.67, 'train/optimizer_time_percent': 0.98, 'train/overhead_time_percent': 45.17, 'epoch': 1.6013986013986012}{'loss': 1.2619, 'learning_rate': 0.0001, 'grad_norm': 0.3215927481651306, 'train/tokens_per_sec': 1637.8554700534746, 'train/step_time': 10.003324652000629, 'train/mfu': 87.06, 'train/efficiency': 51.89, 'train/forward_time_percent': 17.13, 'train/backward_time_percent': 33.71, 'train/optimizer_time_percent': 1.05, 'train/overhead_time_percent': 48.11, 'epoch': 1.6013986013986012}

{'loss': 1.1957, 'learning_rate': 0.0001, 'grad_norm': 0.31910887360572815, 'train/tokens_per_sec': 1640.5430980478436, 'train/step_time': 9.986936654999226, 'train/mfu': 81.14, 'train/efficiency': 55.61, 'train/forward_time_percent': 17.37, 'train/backward_time_percent': 37.27, 'train/optimizer_time_percent': 0.97, 'train/overhead_time_percent': 44.39, 'epoch': 1.606060606060606}
{'loss': 1.1957, 'learning_rate': 0.0001, 'grad_norm': 0.31910887360572815, 'train/tokens_per_sec': 1639.5838561126088, 'train/step_time': 9.99277953300043, 'train/mfu': 82.69, 'train/efficiency': 54.62, 'train/forward_time_percent': 17.24, 'train/backward_time_percent': 36.35, 'train/optimizer_time_percent': 1.03, 'train/overhead_time_percent': 45.38, 'epoch': 1.606060606060606}
{'loss': 1.2299, 'learning_rate': 0.0001, 'grad_norm': 0.3189220130443573, 'train/tokens_per_sec': 1638.6528687175253, 'train/step_time': 9.998456849999457, 'train/mfu': 84.17, 'train/efficiency': 53.5, 'train/forward_time_percent': 16.33, 'train/backward_time_percent': 36.28, 'train/optimizer_time_percent': 0.88, 'train/overhead_time_percent': 46.5, 'epoch': 1.6107226107226107}{'loss': 1.2299, 'learning_rate': 0.0001, 'grad_norm': 0.3189220130443573, 'train/tokens_per_sec': 1637.9346748795313, 'train/step_time': 10.002840926000317, 'train/mfu': 85.23, 'train/efficiency': 53.01, 'train/forward_time_percent': 17.24, 'train/backward_time_percent': 34.7, 'train/optimizer_time_percent': 1.07, 'train/overhead_time_percent': 46.99, 'epoch': 1.6107226107226107}

{'loss': 1.165, 'learning_rate': 0.0001, 'grad_norm': 0.29387879371643066, 'train/tokens_per_sec': 1636.3650762820628, 'train/step_time': 10.012435634000212, 'train/mfu': 86.13, 'train/efficiency': 52.23, 'train/forward_time_percent': 16.71, 'train/backward_time_percent': 34.64, 'train/optimizer_time_percent': 0.89, 'train/overhead_time_percent': 47.77, 'epoch': 1.6153846153846154}
{'loss': 1.165, 'learning_rate': 0.0001, 'grad_norm': 0.29387879371643066, 'train/tokens_per_sec': 1637.3397589773333, 'train/step_time': 10.006475387999672, 'train/mfu': 82.71, 'train/efficiency': 54.37, 'train/forward_time_percent': 17.53, 'train/backward_time_percent': 35.97, 'train/optimizer_time_percent': 0.87, 'train/overhead_time_percent': 45.63, 'epoch': 1.6153846153846154}
{'loss': 1.0314, 'learning_rate': 0.0001, 'grad_norm': 0.25439420342445374, 'train/tokens_per_sec': 1639.243924573052, 'train/step_time': 9.994851745000233, 'train/mfu': 84.07, 'train/efficiency': 53.81, 'train/forward_time_percent': 17.0, 'train/backward_time_percent': 35.69, 'train/optimizer_time_percent': 1.12, 'train/overhead_time_percent': 46.19, 'epoch': 1.6200466200466201}{'loss': 1.0314, 'learning_rate': 0.0001, 'grad_norm': 0.25439420342445374, 'train/tokens_per_sec': 1639.7425500351146, 'train/step_time': 9.991812434000167, 'train/mfu': 83.15, 'train/efficiency': 54.18, 'train/forward_time_percent': 16.85, 'train/backward_time_percent': 36.44, 'train/optimizer_time_percent': 0.89, 'train/overhead_time_percent': 45.82, 'epoch': 1.6200466200466201}

{'loss': 1.1271, 'learning_rate': 0.0001, 'grad_norm': 0.40555837750434875, 'train/tokens_per_sec': 1639.9297003496717, 'train/step_time': 9.990672158999587, 'train/mfu': 82.69, 'train/efficiency': 54.58, 'train/forward_time_percent': 16.88, 'train/backward_time_percent': 36.72, 'train/optimizer_time_percent': 0.98, 'train/overhead_time_percent': 45.42, 'epoch': 1.6247086247086249}{'loss': 1.1271, 'learning_rate': 0.0001, 'grad_norm': 0.40555837750434875, 'train/tokens_per_sec': 1639.2061066498447, 'train/step_time': 9.995082335000006, 'train/mfu': 83.49, 'train/efficiency': 54.13, 'train/forward_time_percent': 17.05, 'train/backward_time_percent': 36.01, 'train/optimizer_time_percent': 1.07, 'train/overhead_time_percent': 45.87, 'epoch': 1.6247086247086249}

  step   350  loss   1.1673  |     5840.9 ms
{'loss': 1.1673, 'learning_rate': 0.0001, 'grad_norm': 0.2989410161972046, 'train/tokens_per_sec': 1635.906667207113, 'train/step_time': 10.015241290000631, 'train/mfu': 85.66, 'train/efficiency': 52.5, 'train/forward_time_percent': 17.04, 'train/backward_time_percent': 34.57, 'train/optimizer_time_percent': 0.89, 'train/overhead_time_percent': 47.5, 'epoch': 1.6293706293706294}
{'loss': 1.1673, 'learning_rate': 0.0001, 'grad_norm': 0.2989410161972046, 'train/tokens_per_sec': 1636.552182677613, 'train/step_time': 10.01129091599978, 'train/mfu': 81.71, 'train/efficiency': 55.08, 'train/forward_time_percent': 17.65, 'train/backward_time_percent': 36.48, 'train/optimizer_time_percent': 0.96, 'train/overhead_time_percent': 44.92, 'epoch': 1.6293706293706294}
{'loss': 1.2557, 'learning_rate': 0.0001, 'grad_norm': 0.2729802131652832, 'train/tokens_per_sec': 1639.0048485152004, 'train/step_time': 9.996309660000406, 'train/mfu': 83.28, 'train/efficiency': 54.14, 'train/forward_time_percent': 17.72, 'train/backward_time_percent': 35.46, 'train/optimizer_time_percent': 0.95, 'train/overhead_time_percent': 45.86, 'epoch': 1.6340326340326339}{'loss': 1.2557, 'learning_rate': 0.0001, 'grad_norm': 0.2729802131652832, 'train/tokens_per_sec': 1638.920296390105, 'train/step_time': 9.996825371000341, 'train/mfu': 84.8, 'train/efficiency': 53.25, 'train/forward_time_percent': 16.66, 'train/backward_time_percent': 35.57, 'train/optimizer_time_percent': 1.02, 'train/overhead_time_percent': 46.75, 'epoch': 1.6340326340326339}

{'loss': 1.4112, 'learning_rate': 0.0001, 'grad_norm': 0.34865906834602356, 'train/tokens_per_sec': 1639.0421373722866, 'train/step_time': 9.99608224000076, 'train/mfu': 83.56, 'train/efficiency': 53.94, 'train/forward_time_percent': 16.69, 'train/backward_time_percent': 36.31, 'train/optimizer_time_percent': 0.93, 'train/overhead_time_percent': 46.06, 'epoch': 1.6386946386946386}
{'loss': 1.4112, 'learning_rate': 0.0001, 'grad_norm': 0.34865906834602356, 'train/tokens_per_sec': 1638.91121410268, 'train/step_time': 9.996880769999734, 'train/mfu': 83.42, 'train/efficiency': 54.17, 'train/forward_time_percent': 17.34, 'train/backward_time_percent': 35.75, 'train/optimizer_time_percent': 1.08, 'train/overhead_time_percent': 45.83, 'epoch': 1.6386946386946386}
{'loss': 1.3006, 'learning_rate': 0.0001, 'grad_norm': 0.32352641224861145, 'train/tokens_per_sec': 1637.827480043398, 'train/step_time': 10.003495605999888, 'train/mfu': 84.06, 'train/efficiency': 53.55, 'train/forward_time_percent': 16.15, 'train/backward_time_percent': 36.49, 'train/optimizer_time_percent': 0.91, 'train/overhead_time_percent': 46.45, 'epoch': 1.6433566433566433}
{'loss': 1.3006, 'learning_rate': 0.0001, 'grad_norm': 0.32352641224861145, 'train/tokens_per_sec': 1638.3537037288231, 'train/step_time': 10.000282577999315, 'train/mfu': 83.73, 'train/efficiency': 53.94, 'train/forward_time_percent': 17.61, 'train/backward_time_percent': 35.26, 'train/optimizer_time_percent': 1.06, 'train/overhead_time_percent': 46.06, 'epoch': 1.6433566433566433}
{'loss': 1.0119, 'learning_rate': 0.0001, 'grad_norm': 0.44768357276916504, 'train/tokens_per_sec': 1638.0074577372595, 'train/step_time': 10.002396461999524, 'train/mfu': 83.79, 'train/efficiency': 53.78, 'train/forward_time_percent': 17.46, 'train/backward_time_percent': 35.37, 'train/optimizer_time_percent': 0.95, 'train/overhead_time_percent': 46.22, 'epoch': 1.648018648018648}
{'loss': 1.0119, 'learning_rate': 0.0001, 'grad_norm': 0.44768357276916504, 'train/tokens_per_sec': 1637.8689688127358, 'train/step_time': 10.003242207999392, 'train/mfu': 83.77, 'train/efficiency': 53.75, 'train/forward_time_percent': 17.0, 'train/backward_time_percent': 35.84, 'train/optimizer_time_percent': 0.91, 'train/overhead_time_percent': 46.25, 'epoch': 1.648018648018648}
{'loss': 1.2996, 'learning_rate': 0.0001, 'grad_norm': 0.32501739263534546, 'train/tokens_per_sec': 1638.444615993831, 'train/step_time': 9.99972769299984, 'train/mfu': 83.32, 'train/efficiency': 54.13, 'train/forward_time_percent': 16.83, 'train/backward_time_percent': 36.32, 'train/optimizer_time_percent': 0.98, 'train/overhead_time_percent': 45.87, 'epoch': 1.6526806526806528}
{'loss': 1.2996, 'learning_rate': 0.0001, 'grad_norm': 0.32501739263534546, 'train/tokens_per_sec': 1638.0980393959537, 'train/step_time': 10.001843361000283, 'train/mfu': 82.91, 'train/efficiency': 54.42, 'train/forward_time_percent': 17.13, 'train/backward_time_percent': 36.27, 'train/optimizer_time_percent': 1.02, 'train/overhead_time_percent': 45.58, 'epoch': 1.6526806526806528}
{'loss': 1.1995, 'learning_rate': 0.0001, 'grad_norm': 0.38419675827026367, 'train/tokens_per_sec': 1638.6438601936154, 'train/step_time': 9.99851181699978, 'train/mfu': 83.36, 'train/efficiency': 54.2, 'train/forward_time_percent': 17.51, 'train/backward_time_percent': 35.62, 'train/optimizer_time_percent': 1.07, 'train/overhead_time_percent': 45.8, 'epoch': 1.6573426573426573}
{'loss': 1.1995, 'learning_rate': 0.0001, 'grad_norm': 0.38419675827026367, 'train/tokens_per_sec': 1638.2240154233705, 'train/step_time': 10.00107423999998, 'train/mfu': 84.58, 'train/efficiency': 53.27, 'train/forward_time_percent': 17.44, 'train/backward_time_percent': 34.91, 'train/optimizer_time_percent': 0.92, 'train/overhead_time_percent': 46.73, 'epoch': 1.6573426573426573}
{'loss': 1.1507, 'learning_rate': 0.0001, 'grad_norm': 0.29843801259994507, 'train/tokens_per_sec': 1639.0844501959266, 'train/step_time': 9.995824192000327, 'train/mfu': 84.18, 'train/efficiency': 53.51, 'train/forward_time_percent': 17.33, 'train/backward_time_percent': 35.3, 'train/optimizer_time_percent': 0.88, 'train/overhead_time_percent': 46.49, 'epoch': 1.662004662004662}{'loss': 1.1507, 'learning_rate': 0.0001, 'grad_norm': 0.29843801259994507, 'train/tokens_per_sec': 1638.9533839236185, 'train/step_time': 9.996623553000063, 'train/mfu': 85.21, 'train/efficiency': 52.98, 'train/forward_time_percent': 16.95, 'train/backward_time_percent': 35.02, 'train/optimizer_time_percent': 1.0, 'train/overhead_time_percent': 47.02, 'epoch': 1.662004662004662}

{'loss': 1.0912, 'learning_rate': 0.0001, 'grad_norm': 0.31776586174964905, 'train/tokens_per_sec': 1637.8314986960631, 'train/step_time': 10.0034710609998, 'train/mfu': 83.13, 'train/efficiency': 54.31, 'train/forward_time_percent': 17.11, 'train/backward_time_percent': 36.13, 'train/optimizer_time_percent': 1.07, 'train/overhead_time_percent': 45.69, 'epoch': 1.6666666666666665}
{'loss': 1.0912, 'learning_rate': 0.0001, 'grad_norm': 0.31776586174964905, 'train/tokens_per_sec': 1637.8683453146625, 'train/step_time': 10.003246015999139, 'train/mfu': 83.68, 'train/efficiency': 53.86, 'train/forward_time_percent': 17.26, 'train/backward_time_percent': 35.64, 'train/optimizer_time_percent': 0.96, 'train/overhead_time_percent': 46.14, 'epoch': 1.6666666666666665}
{'loss': 1.2386, 'learning_rate': 0.0001, 'grad_norm': 0.2896062433719635, 'train/tokens_per_sec': 1638.7278851967358, 'train/step_time': 9.997999147999508, 'train/mfu': 85.53, 'train/efficiency': 52.85, 'train/forward_time_percent': 17.09, 'train/backward_time_percent': 34.69, 'train/optimizer_time_percent': 1.07, 'train/overhead_time_percent': 47.15, 'epoch': 1.6713286713286712}
{'loss': 1.2386, 'learning_rate': 0.0001, 'grad_norm': 0.2896062433719635, 'train/tokens_per_sec': 1639.4013706202888, 'train/step_time': 9.99389185200016, 'train/mfu': 84.78, 'train/efficiency': 53.25, 'train/forward_time_percent': 16.84, 'train/backward_time_percent': 35.42, 'train/optimizer_time_percent': 0.99, 'train/overhead_time_percent': 46.75, 'epoch': 1.6713286713286712}
  step   360  loss   1.1679  |     5619.0 ms
{'loss': 1.1679, 'learning_rate': 0.0001, 'grad_norm': 0.31054192781448364, 'train/tokens_per_sec': 1638.2372111533045, 'train/step_time': 10.00099368300016, 'train/mfu': 85.08, 'train/efficiency': 53.09, 'train/forward_time_percent': 17.35, 'train/backward_time_percent': 34.69, 'train/optimizer_time_percent': 1.05, 'train/overhead_time_percent': 46.91, 'epoch': 1.675990675990676}
{'loss': 1.1679, 'learning_rate': 0.0001, 'grad_norm': 0.31054192781448364, 'train/tokens_per_sec': 1638.6167588465862, 'train/step_time': 9.998677184000371, 'train/mfu': 83.6, 'train/efficiency': 53.86, 'train/forward_time_percent': 17.33, 'train/backward_time_percent': 35.64, 'train/optimizer_time_percent': 0.9, 'train/overhead_time_percent': 46.14, 'epoch': 1.675990675990676}
{'loss': 1.2226, 'learning_rate': 0.0001, 'grad_norm': 0.3011273443698883, 'train/tokens_per_sec': 1637.5431206823325, 'train/step_time': 10.005232713000623, 'train/mfu': 82.77, 'train/efficiency': 54.35, 'train/forward_time_percent': 16.97, 'train/backward_time_percent': 36.5, 'train/optimizer_time_percent': 0.88, 'train/overhead_time_percent': 45.65, 'epoch': 1.6806526806526807}{'loss': 1.2226, 'learning_rate': 0.0001, 'grad_norm': 0.3011273443698883, 'train/tokens_per_sec': 1636.3167382351196, 'train/step_time': 10.01273140900048, 'train/mfu': 85.26, 'train/efficiency': 52.79, 'train/forward_time_percent': 16.01, 'train/backward_time_percent': 35.86, 'train/optimizer_time_percent': 0.92, 'train/overhead_time_percent': 47.21, 'epoch': 1.6806526806526807}

{'loss': 1.3582, 'learning_rate': 0.0001, 'grad_norm': 0.3530116677284241, 'train/tokens_per_sec': 1635.738893437466, 'train/step_time': 10.016268529000627, 'train/mfu': 84.16, 'train/efficiency': 53.42, 'train/forward_time_percent': 16.79, 'train/backward_time_percent': 35.74, 'train/optimizer_time_percent': 0.9, 'train/overhead_time_percent': 46.58, 'epoch': 1.6853146853146854}
{'loss': 1.3582, 'learning_rate': 0.0001, 'grad_norm': 0.3530116677284241, 'train/tokens_per_sec': 1636.1076598653208, 'train/step_time': 10.014010936999512, 'train/mfu': 84.19, 'train/efficiency': 53.46, 'train/forward_time_percent': 16.81, 'train/backward_time_percent': 35.71, 'train/optimizer_time_percent': 0.94, 'train/overhead_time_percent': 46.54, 'epoch': 1.6853146853146854}
{'loss': 1.0414, 'learning_rate': 0.0001, 'grad_norm': 0.6386021971702576, 'train/tokens_per_sec': 1637.2999029434102, 'train/step_time': 10.006718970999827, 'train/mfu': 83.14, 'train/efficiency': 54.1, 'train/forward_time_percent': 17.47, 'train/backward_time_percent': 35.75, 'train/optimizer_time_percent': 0.88, 'train/overhead_time_percent': 45.9, 'epoch': 1.68997668997669}
{'loss': 1.0414, 'learning_rate': 0.0001, 'grad_norm': 0.6386021971702576, 'train/tokens_per_sec': 1636.7528925177876, 'train/step_time': 10.01006326299921, 'train/mfu': 86.82, 'train/efficiency': 51.88, 'train/forward_time_percent': 16.63, 'train/backward_time_percent': 34.32, 'train/optimizer_time_percent': 0.93, 'train/overhead_time_percent': 48.12, 'epoch': 1.68997668997669}
{'loss': 1.0435, 'learning_rate': 0.0001, 'grad_norm': 0.330080509185791, 'train/tokens_per_sec': 1636.5283275905579, 'train/step_time': 10.011436847000368, 'train/mfu': 84.03, 'train/efficiency': 53.65, 'train/forward_time_percent': 17.48, 'train/backward_time_percent': 35.15, 'train/optimizer_time_percent': 1.01, 'train/overhead_time_percent': 46.35, 'epoch': 1.6946386946386947}
{'loss': 1.0435, 'learning_rate': 0.0001, 'grad_norm': 0.330080509185791, 'train/tokens_per_sec': 1636.8730333332885, 'train/step_time': 10.009328559000096, 'train/mfu': 83.25, 'train/efficiency': 54.02, 'train/forward_time_percent': 17.28, 'train/backward_time_percent': 35.85, 'train/optimizer_time_percent': 0.89, 'train/overhead_time_percent': 45.98, 'epoch': 1.6946386946386947}
{'loss': 1.1731, 'learning_rate': 0.0001, 'grad_norm': 0.46327289938926697, 'train/tokens_per_sec': 1638.4639661247738, 'train/step_time': 9.999609597000017, 'train/mfu': 84.06, 'train/efficiency': 53.74, 'train/forward_time_percent': 17.07, 'train/backward_time_percent': 35.61, 'train/optimizer_time_percent': 1.06, 'train/overhead_time_percent': 46.26, 'epoch': 1.6993006993006992}
{'loss': 1.1731, 'learning_rate': 0.0001, 'grad_norm': 0.46327289938926697, 'train/tokens_per_sec': 1638.305636871982, 'train/step_time': 10.000575979999667, 'train/mfu': 83.9, 'train/efficiency': 53.66, 'train/forward_time_percent': 17.58, 'train/backward_time_percent': 35.19, 'train/optimizer_time_percent': 0.89, 'train/overhead_time_percent': 46.34, 'epoch': 1.6993006993006992}
{'loss': 1.1294, 'learning_rate': 0.0001, 'grad_norm': 0.31229668855667114, 'train/tokens_per_sec': 1639.562360029189, 'train/step_time': 9.992910547000065, 'train/mfu': 82.87, 'train/efficiency': 54.46, 'train/forward_time_percent': 17.63, 'train/backward_time_percent': 35.83, 'train/optimizer_time_percent': 0.99, 'train/overhead_time_percent': 45.54, 'epoch': 1.7039627039627039}
{'loss': 1.1294, 'learning_rate': 0.0001, 'grad_norm': 0.31229668855667114, 'train/tokens_per_sec': 1639.0011285767769, 'train/step_time': 9.996332347999669, 'train/mfu': 84.1, 'train/efficiency': 53.74, 'train/forward_time_percent': 17.37, 'train/backward_time_percent': 35.29, 'train/optimizer_time_percent': 1.08, 'train/overhead_time_percent': 46.26, 'epoch': 1.7039627039627039}
{'loss': 1.0063, 'learning_rate': 0.0001, 'grad_norm': 0.30454885959625244, 'train/tokens_per_sec': 1636.4023129480472, 'train/step_time': 10.012207798999953, 'train/mfu': 84.11, 'train/efficiency': 53.52, 'train/forward_time_percent': 17.31, 'train/backward_time_percent': 35.27, 'train/optimizer_time_percent': 0.94, 'train/overhead_time_percent': 46.48, 'epoch': 1.7086247086247086}
{'loss': 1.0063, 'learning_rate': 0.0001, 'grad_norm': 0.30454885959625244, 'train/tokens_per_sec': 1636.3002894870733, 'train/step_time': 10.012832061000154, 'train/mfu': 84.12, 'train/efficiency': 53.5, 'train/forward_time_percent': 16.64, 'train/backward_time_percent': 35.93, 'train/optimizer_time_percent': 0.93, 'train/overhead_time_percent': 46.5, 'epoch': 1.7086247086247086}
{'loss': 1.0194, 'learning_rate': 0.0001, 'grad_norm': 0.3264855146408081, 'train/tokens_per_sec': 1639.8555306854425, 'train/step_time': 9.991124031000254, 'train/mfu': 83.0, 'train/efficiency': 54.28, 'train/forward_time_percent': 17.46, 'train/backward_time_percent': 35.93, 'train/optimizer_time_percent': 0.89, 'train/overhead_time_percent': 45.72, 'epoch': 1.7132867132867133}{'loss': 1.0194, 'learning_rate': 0.0001, 'grad_norm': 0.3264855146408081, 'train/tokens_per_sec': 1639.563730364292, 'train/step_time': 9.99290219500017, 'train/mfu': 83.92, 'train/efficiency': 53.86, 'train/forward_time_percent': 17.45, 'train/backward_time_percent': 35.35, 'train/optimizer_time_percent': 1.06, 'train/overhead_time_percent': 46.14, 'epoch': 1.7132867132867133}

{'loss': 1.0771, 'learning_rate': 0.0001, 'grad_norm': 0.3159058690071106, 'train/tokens_per_sec': 1634.1985445051391, 'train/step_time': 10.025709578000715, 'train/mfu': 84.17, 'train/efficiency': 53.41, 'train/forward_time_percent': 17.49, 'train/backward_time_percent': 34.98, 'train/optimizer_time_percent': 0.93, 'train/overhead_time_percent': 46.59, 'epoch': 1.717948717948718}{'loss': 1.0771, 'learning_rate': 0.0001, 'grad_norm': 0.3159058690071106, 'train/tokens_per_sec': 1634.7180814720086, 'train/step_time': 10.02252326300004, 'train/mfu': 81.31, 'train/efficiency': 55.36, 'train/forward_time_percent': 17.29, 'train/backward_time_percent': 37.04, 'train/optimizer_time_percent': 1.03, 'train/overhead_time_percent': 44.64, 'epoch': 1.717948717948718}

{'loss': 1.2192, 'learning_rate': 0.0001, 'grad_norm': 0.3592577278614044, 'train/tokens_per_sec': 1638.4012379759963, 'train/step_time': 9.999992443999872, 'train/mfu': 83.79, 'train/efficiency': 53.78, 'train/forward_time_percent': 17.28, 'train/backward_time_percent': 35.56, 'train/optimizer_time_percent': 0.94, 'train/overhead_time_percent': 46.22, 'epoch': 1.7226107226107226}
  step   370  loss   1.2192  |     5638.6 ms
{'loss': 1.2192, 'learning_rate': 0.0001, 'grad_norm': 0.3592577278614044, 'train/tokens_per_sec': 1638.2160221154113, 'train/step_time': 10.001123038000514, 'train/mfu': 84.49, 'train/efficiency': 53.31, 'train/forward_time_percent': 16.59, 'train/backward_time_percent': 35.81, 'train/optimizer_time_percent': 0.91, 'train/overhead_time_percent': 46.69, 'epoch': 1.7226107226107226}
{'loss': 0.9799, 'learning_rate': 0.0001, 'grad_norm': 0.36667314171791077, 'train/tokens_per_sec': 1638.834734673357, 'train/step_time': 9.997347294000065, 'train/mfu': 82.01, 'train/efficiency': 54.88, 'train/forward_time_percent': 17.13, 'train/backward_time_percent': 36.87, 'train/optimizer_time_percent': 0.88, 'train/overhead_time_percent': 45.12, 'epoch': 1.7272727272727273}
{'loss': 0.9799, 'learning_rate': 0.0001, 'grad_norm': 0.36667314171791077, 'train/tokens_per_sec': 1637.7713614436907, 'train/step_time': 10.003838378000182, 'train/mfu': 85.0, 'train/efficiency': 53.11, 'train/forward_time_percent': 17.31, 'train/backward_time_percent': 34.76, 'train/optimizer_time_percent': 1.04, 'train/overhead_time_percent': 46.89, 'epoch': 1.7272727272727273}
{'loss': 1.3347, 'learning_rate': 0.0001, 'grad_norm': 0.3708134889602661, 'train/tokens_per_sec': 1637.3503677050142, 'train/step_time': 10.006410554000468, 'train/mfu': 83.89, 'train/efficiency': 53.74, 'train/forward_time_percent': 16.94, 'train/backward_time_percent': 35.8, 'train/optimizer_time_percent': 1.0, 'train/overhead_time_percent': 46.26, 'epoch': 1.7319347319347318}
{'loss': 1.3347, 'learning_rate': 0.0001, 'grad_norm': 0.3708134889602661, 'train/tokens_per_sec': 1637.3959571497103, 'train/step_time': 10.006131949000519, 'train/mfu': 83.91, 'train/efficiency': 53.8, 'train/forward_time_percent': 17.35, 'train/backward_time_percent': 35.39, 'train/optimizer_time_percent': 1.07, 'train/overhead_time_percent': 46.2, 'epoch': 1.7319347319347318}
{'loss': 1.0406, 'learning_rate': 0.0001, 'grad_norm': 0.27366867661476135, 'train/tokens_per_sec': 1637.2647746350297, 'train/step_time': 10.006933669999853, 'train/mfu': 84.28, 'train/efficiency': 53.52, 'train/forward_time_percent': 16.88, 'train/backward_time_percent': 35.62, 'train/optimizer_time_percent': 1.02, 'train/overhead_time_percent': 46.48, 'epoch': 1.7365967365967365}
{'loss': 1.0406, 'learning_rate': 0.0001, 'grad_norm': 0.27366867661476135, 'train/tokens_per_sec': 1637.4390533359099, 'train/step_time': 10.00586859499981, 'train/mfu': 83.03, 'train/efficiency': 54.18, 'train/forward_time_percent': 17.27, 'train/backward_time_percent': 36.03, 'train/optimizer_time_percent': 0.89, 'train/overhead_time_percent': 45.82, 'epoch': 1.7365967365967365}
{'loss': 1.4848, 'learning_rate': 0.0001, 'grad_norm': 0.29010796546936035, 'train/tokens_per_sec': 1638.253652016203, 'train/step_time': 10.000893317000191, 'train/mfu': 83.91, 'train/efficiency': 53.69, 'train/forward_time_percent': 17.39, 'train/backward_time_percent': 35.37, 'train/optimizer_time_percent': 0.93, 'train/overhead_time_percent': 46.31, 'epoch': 1.7412587412587412}{'loss': 1.4848, 'learning_rate': 0.0001, 'grad_norm': 0.29010796546936035, 'train/tokens_per_sec': 1637.1874469142556, 'train/step_time': 10.007406317999994, 'train/mfu': 86.4, 'train/efficiency': 52.23, 'train/forward_time_percent': 16.6, 'train/backward_time_percent': 34.61, 'train/optimizer_time_percent': 1.02, 'train/overhead_time_percent': 47.77, 'epoch': 1.7412587412587412}

{'loss': 1.0417, 'learning_rate': 0.0001, 'grad_norm': 0.38014861941337585, 'train/tokens_per_sec': 1638.9208639646538, 'train/step_time': 9.996821909000573, 'train/mfu': 83.5, 'train/efficiency': 53.93, 'train/forward_time_percent': 17.16, 'train/backward_time_percent': 35.88, 'train/optimizer_time_percent': 0.89, 'train/overhead_time_percent': 46.07, 'epoch': 1.745920745920746}
{'loss': 1.0417, 'learning_rate': 0.0001, 'grad_norm': 0.38014861941337585, 'train/tokens_per_sec': 1638.414153276903, 'train/step_time': 9.999913615999503, 'train/mfu': 85.13, 'train/efficiency': 53.04, 'train/forward_time_percent': 17.38, 'train/backward_time_percent': 34.63, 'train/optimizer_time_percent': 1.04, 'train/overhead_time_percent': 46.96, 'epoch': 1.745920745920746}
{'loss': 1.2371, 'learning_rate': 0.0001, 'grad_norm': 0.28449133038520813, 'train/tokens_per_sec': 1635.7704651169363, 'train/step_time': 10.01607520699963, 'train/mfu': 86.13, 'train/efficiency': 52.33, 'train/forward_time_percent': 16.55, 'train/backward_time_percent': 34.77, 'train/optimizer_time_percent': 1.01, 'train/overhead_time_percent': 47.67, 'epoch': 1.7505827505827507}
{'loss': 1.2371, 'learning_rate': 0.0001, 'grad_norm': 0.28449133038520813, 'train/tokens_per_sec': 1636.2513947693037, 'train/step_time': 10.013131265999618, 'train/mfu': 84.1, 'train/efficiency': 53.62, 'train/forward_time_percent': 16.74, 'train/backward_time_percent': 35.84, 'train/optimizer_time_percent': 1.04, 'train/overhead_time_percent': 46.38, 'epoch': 1.7505827505827507}
{'loss': 1.142, 'learning_rate': 0.0001, 'grad_norm': 0.3438180685043335, 'train/tokens_per_sec': 1637.039152271276, 'train/step_time': 10.008312859999933, 'train/mfu': 83.32, 'train/efficiency': 54.12, 'train/forward_time_percent': 16.67, 'train/backward_time_percent': 36.43, 'train/optimizer_time_percent': 1.02, 'train/overhead_time_percent': 45.88, 'epoch': 1.7552447552447552}
{'loss': 1.142, 'learning_rate': 0.0001, 'grad_norm': 0.3438180685043335, 'train/tokens_per_sec': 1636.2500691838088, 'train/step_time': 10.013139378000233, 'train/mfu': 84.15, 'train/efficiency': 53.58, 'train/forward_time_percent': 17.68, 'train/backward_time_percent': 34.86, 'train/optimizer_time_percent': 1.04, 'train/overhead_time_percent': 46.42, 'epoch': 1.7552447552447552}
{'loss': 1.1904, 'learning_rate': 0.0001, 'grad_norm': 0.32786911725997925, 'train/tokens_per_sec': 1638.1997469542819, 'train/step_time': 10.001222397000674, 'train/mfu': 83.92, 'train/efficiency': 53.8, 'train/forward_time_percent': 16.78, 'train/backward_time_percent': 35.98, 'train/optimizer_time_percent': 1.04, 'train/overhead_time_percent': 46.2, 'epoch': 1.75990675990676}
{'loss': 1.1904, 'learning_rate': 0.0001, 'grad_norm': 0.32786911725997925, 'train/tokens_per_sec': 1638.5097831048126, 'train/step_time': 9.999329981999836, 'train/mfu': 83.22, 'train/efficiency': 54.26, 'train/forward_time_percent': 16.95, 'train/backward_time_percent': 36.26, 'train/optimizer_time_percent': 1.05, 'train/overhead_time_percent': 45.74, 'epoch': 1.75990675990676}
{'loss': 1.2124, 'learning_rate': 0.0001, 'grad_norm': 0.3263871669769287, 'train/tokens_per_sec': 1638.693917124095, 'train/step_time': 9.99820639400059, 'train/mfu': 84.52, 'train/efficiency': 53.29, 'train/forward_time_percent': 17.64, 'train/backward_time_percent': 34.75, 'train/optimizer_time_percent': 0.89, 'train/overhead_time_percent': 46.71, 'epoch': 1.7645687645687644}
{'loss': 1.2124, 'learning_rate': 0.0001, 'grad_norm': 0.3263871669769287, 'train/tokens_per_sec': 1638.517071389344, 'train/step_time': 9.999285504, 'train/mfu': 84.99, 'train/efficiency': 53.17, 'train/forward_time_percent': 16.94, 'train/backward_time_percent': 35.16, 'train/optimizer_time_percent': 1.08, 'train/overhead_time_percent': 46.83, 'epoch': 1.7645687645687644}
{'loss': 1.1184, 'learning_rate': 0.0001, 'grad_norm': 0.3265339732170105, 'train/tokens_per_sec': 1638.0776820067492, 'train/step_time': 10.001967660000446, 'train/mfu': 82.73, 'train/efficiency': 54.44, 'train/forward_time_percent': 17.48, 'train/backward_time_percent': 36.03, 'train/optimizer_time_percent': 0.93, 'train/overhead_time_percent': 45.56, 'epoch': 1.7692307692307692}
  step   380  loss   1.1184  |     5711.5 ms
{'loss': 1.1184, 'learning_rate': 0.0001, 'grad_norm': 0.3265339732170105, 'train/tokens_per_sec': 1637.2400812195249, 'train/step_time': 10.007084597999892, 'train/mfu': 83.54, 'train/efficiency': 53.97, 'train/forward_time_percent': 17.18, 'train/backward_time_percent': 35.78, 'train/optimizer_time_percent': 1.01, 'train/overhead_time_percent': 46.03, 'epoch': 1.7692307692307692}
{'loss': 1.1294, 'learning_rate': 0.0001, 'grad_norm': 0.3472687304019928, 'train/tokens_per_sec': 1637.6653652618065, 'train/step_time': 10.004485866000323, 'train/mfu': 82.42, 'train/efficiency': 54.7, 'train/forward_time_percent': 17.05, 'train/backward_time_percent': 36.65, 'train/optimizer_time_percent': 1.0, 'train/overhead_time_percent': 45.3, 'epoch': 1.7738927738927739}
{'loss': 1.1294, 'learning_rate': 0.0001, 'grad_norm': 0.3472687304019928, 'train/tokens_per_sec': 1636.8896469971671, 'train/step_time': 10.009226968999428, 'train/mfu': 85.31, 'train/efficiency': 52.78, 'train/forward_time_percent': 17.37, 'train/backward_time_percent': 34.48, 'train/optimizer_time_percent': 0.93, 'train/overhead_time_percent': 47.22, 'epoch': 1.7738927738927739}
{'loss': 1.0995, 'learning_rate': 0.0001, 'grad_norm': 0.2666134834289551, 'train/tokens_per_sec': 1637.3794706610483, 'train/step_time': 10.006232699000066, 'train/mfu': 86.14, 'train/efficiency': 52.42, 'train/forward_time_percent': 17.07, 'train/backward_time_percent': 34.3, 'train/optimizer_time_percent': 1.05, 'train/overhead_time_percent': 47.58, 'epoch': 1.7785547785547786}
{'loss': 1.0995, 'learning_rate': 0.0001, 'grad_norm': 0.2666134834289551, 'train/tokens_per_sec': 1638.0824107116111, 'train/step_time': 10.001938787000654, 'train/mfu': 84.45, 'train/efficiency': 53.37, 'train/forward_time_percent': 17.79, 'train/backward_time_percent': 34.63, 'train/optimizer_time_percent': 0.96, 'train/overhead_time_percent': 46.63, 'epoch': 1.7785547785547786}
{'loss': 1.1816, 'learning_rate': 0.0001, 'grad_norm': 0.33735695481300354, 'train/tokens_per_sec': 1638.255997133926, 'train/step_time': 10.000879001000612, 'train/mfu': 83.06, 'train/efficiency': 54.17, 'train/forward_time_percent': 17.22, 'train/backward_time_percent': 36.08, 'train/optimizer_time_percent': 0.87, 'train/overhead_time_percent': 45.83, 'epoch': 1.7832167832167833}
{'loss': 1.1816, 'learning_rate': 0.0001, 'grad_norm': 0.33735695481300354, 'train/tokens_per_sec': 1636.8254246829836, 'train/step_time': 10.009619690000363, 'train/mfu': 85.13, 'train/efficiency': 52.85, 'train/forward_time_percent': 17.28, 'train/backward_time_percent': 34.68, 'train/optimizer_time_percent': 0.88, 'train/overhead_time_percent': 47.15, 'epoch': 1.7832167832167833}
{'loss': 1.1169, 'learning_rate': 0.0001, 'grad_norm': 0.3570789694786072, 'train/tokens_per_sec': 1638.5310497133717, 'train/step_time': 9.999200199999905, 'train/mfu': 81.73, 'train/efficiency': 55.22, 'train/forward_time_percent': 17.44, 'train/backward_time_percent': 36.73, 'train/optimizer_time_percent': 1.04, 'train/overhead_time_percent': 44.78, 'epoch': 1.7878787878787878}{'loss': 1.1169, 'learning_rate': 0.0001, 'grad_norm': 0.3570789694786072, 'train/tokens_per_sec': 1637.7334588595618, 'train/step_time': 10.004069900000104, 'train/mfu': 84.6, 'train/efficiency': 53.24, 'train/forward_time_percent': 16.6, 'train/backward_time_percent': 35.72, 'train/optimizer_time_percent': 0.92, 'train/overhead_time_percent': 46.76, 'epoch': 1.7878787878787878}

{'loss': 1.1988, 'learning_rate': 0.0001, 'grad_norm': 0.3572048544883728, 'train/tokens_per_sec': 1637.6218070301413, 'train/step_time': 10.004751970000143, 'train/mfu': 82.5, 'train/efficiency': 54.53, 'train/forward_time_percent': 16.77, 'train/backward_time_percent': 36.87, 'train/optimizer_time_percent': 0.89, 'train/overhead_time_percent': 45.47, 'epoch': 1.7925407925407926}
{'loss': 1.1988, 'learning_rate': 0.0001, 'grad_norm': 0.3572048544883728, 'train/tokens_per_sec': 1637.3099839643626, 'train/step_time': 10.006657358999291, 'train/mfu': 83.68, 'train/efficiency': 53.88, 'train/forward_time_percent': 17.36, 'train/backward_time_percent': 35.52, 'train/optimizer_time_percent': 1.0, 'train/overhead_time_percent': 46.12, 'epoch': 1.7925407925407926}
{'loss': 1.1599, 'learning_rate': 0.0001, 'grad_norm': 0.2621089220046997, 'train/tokens_per_sec': 1637.1880417553766, 'train/step_time': 10.007402681999338, 'train/mfu': 83.72, 'train/efficiency': 53.91, 'train/forward_time_percent': 16.7, 'train/backward_time_percent': 36.15, 'train/optimizer_time_percent': 1.06, 'train/overhead_time_percent': 46.09, 'epoch': 1.797202797202797}
{'loss': 1.1599, 'learning_rate': 0.0001, 'grad_norm': 0.2621089220046997, 'train/tokens_per_sec': 1637.0124881866564, 'train/step_time': 10.008475877999444, 'train/mfu': 82.84, 'train/efficiency': 54.44, 'train/forward_time_percent': 17.51, 'train/backward_time_percent': 35.89, 'train/optimizer_time_percent': 1.04, 'train/overhead_time_percent': 45.56, 'epoch': 1.797202797202797}
{'loss': 1.6432, 'learning_rate': 0.0001, 'grad_norm': 0.2512570917606354, 'train/tokens_per_sec': 1638.1021556793605, 'train/step_time': 10.001818228000047, 'train/mfu': 84.93, 'train/efficiency': 53.02, 'train/forward_time_percent': 17.47, 'train/backward_time_percent': 34.65, 'train/optimizer_time_percent': 0.9, 'train/overhead_time_percent': 46.98, 'epoch': 1.8018648018648018}
{'loss': 1.6432, 'learning_rate': 0.0001, 'grad_norm': 0.2512570917606354, 'train/tokens_per_sec': 1638.8235814868804, 'train/step_time': 9.997415331999946, 'train/mfu': 81.78, 'train/efficiency': 55.06, 'train/forward_time_percent': 17.37, 'train/backward_time_percent': 36.78, 'train/optimizer_time_percent': 0.9, 'train/overhead_time_percent': 44.94, 'epoch': 1.8018648018648018}
{'loss': 1.1036, 'learning_rate': 0.0001, 'grad_norm': 0.33792275190353394, 'train/tokens_per_sec': 1637.6914711272016, 'train/step_time': 10.004326387999754, 'train/mfu': 83.77, 'train/efficiency': 53.9, 'train/forward_time_percent': 16.9, 'train/backward_time_percent': 35.93, 'train/optimizer_time_percent': 1.06, 'train/overhead_time_percent': 46.1, 'epoch': 1.8065268065268065}
{'loss': 1.1036, 'learning_rate': 0.0001, 'grad_norm': 0.33792275190353394, 'train/tokens_per_sec': 1636.988644539418, 'train/step_time': 10.008621656999821, 'train/mfu': 84.51, 'train/efficiency': 53.3, 'train/forward_time_percent': 17.27, 'train/backward_time_percent': 35.08, 'train/optimizer_time_percent': 0.95, 'train/overhead_time_percent': 46.7, 'epoch': 1.8065268065268065}
{'loss': 1.3567, 'learning_rate': 0.0001, 'grad_norm': 0.312727153301239, 'train/tokens_per_sec': 1639.0868818132712, 'train/step_time': 9.995809363000262, 'train/mfu': 83.39, 'train/efficiency': 54.04, 'train/forward_time_percent': 17.27, 'train/backward_time_percent': 35.85, 'train/optimizer_time_percent': 0.92, 'train/overhead_time_percent': 45.96, 'epoch': 1.8111888111888113}{'loss': 1.3567, 'learning_rate': 0.0001, 'grad_norm': 0.312727153301239, 'train/tokens_per_sec': 1639.1625971221163, 'train/step_time': 9.995347642000525, 'train/mfu': 82.92, 'train/efficiency': 54.45, 'train/forward_time_percent': 16.8, 'train/backward_time_percent': 36.62, 'train/optimizer_time_percent': 1.04, 'train/overhead_time_percent': 45.55, 'epoch': 1.8111888111888113}

{'loss': 1.1168, 'learning_rate': 0.0001, 'grad_norm': 0.2876078486442566, 'train/tokens_per_sec': 1639.1666974383386, 'train/step_time': 9.995322638999824, 'train/mfu': 85.44, 'train/efficiency': 52.73, 'train/forward_time_percent': 17.07, 'train/backward_time_percent': 34.77, 'train/optimizer_time_percent': 0.89, 'train/overhead_time_percent': 47.27, 'epoch': 1.815850815850816}
  step   390  loss   1.1168  |     5797.2 ms
{'loss': 1.1168, 'learning_rate': 0.0001, 'grad_norm': 0.2876078486442566, 'train/tokens_per_sec': 1640.0064353396012, 'train/step_time': 9.990204701000039, 'train/mfu': 82.21, 'train/efficiency': 54.8, 'train/forward_time_percent': 17.48, 'train/backward_time_percent': 36.43, 'train/optimizer_time_percent': 0.89, 'train/overhead_time_percent': 45.2, 'epoch': 1.815850815850816}
{'loss': 1.1166, 'learning_rate': 0.0001, 'grad_norm': 0.3195776343345642, 'train/tokens_per_sec': 1638.093010067035, 'train/step_time': 10.001874069000223, 'train/mfu': 82.88, 'train/efficiency': 54.47, 'train/forward_time_percent': 17.43, 'train/backward_time_percent': 35.98, 'train/optimizer_time_percent': 1.06, 'train/overhead_time_percent': 45.53, 'epoch': 1.8205128205128205}{'loss': 1.1166, 'learning_rate': 0.0001, 'grad_norm': 0.3195776343345642, 'train/tokens_per_sec': 1637.7201132691641, 'train/step_time': 10.004151422000177, 'train/mfu': 83.95, 'train/efficiency': 53.74, 'train/forward_time_percent': 17.3, 'train/backward_time_percent': 35.42, 'train/optimizer_time_percent': 1.03, 'train/overhead_time_percent': 46.26, 'epoch': 1.8205128205128205}

{'loss': 1.3161, 'learning_rate': 0.0001, 'grad_norm': 0.2998279929161072, 'train/tokens_per_sec': 1637.7482145338981, 'train/step_time': 10.003979766000157, 'train/mfu': 84.26, 'train/efficiency': 53.43, 'train/forward_time_percent': 17.09, 'train/backward_time_percent': 35.43, 'train/optimizer_time_percent': 0.9, 'train/overhead_time_percent': 46.57, 'epoch': 1.8251748251748252}{'loss': 1.3161, 'learning_rate': 0.0001, 'grad_norm': 0.2998279929161072, 'train/tokens_per_sec': 1637.7292322904318, 'train/step_time': 10.004095717999917, 'train/mfu': 85.02, 'train/efficiency': 53.12, 'train/forward_time_percent': 17.66, 'train/backward_time_percent': 34.4, 'train/optimizer_time_percent': 1.07, 'train/overhead_time_percent': 46.88, 'epoch': 1.8251748251748252}

{'loss': 1.1662, 'learning_rate': 0.0001, 'grad_norm': 0.26824623346328735, 'train/tokens_per_sec': 1637.6063453841507, 'train/step_time': 10.00484643100026, 'train/mfu': 84.0, 'train/efficiency': 53.74, 'train/forward_time_percent': 17.2, 'train/backward_time_percent': 35.48, 'train/optimizer_time_percent': 1.05, 'train/overhead_time_percent': 46.26, 'epoch': 1.8298368298368297}{'loss': 1.1662, 'learning_rate': 0.0001, 'grad_norm': 0.26824623346328735, 'train/tokens_per_sec': 1637.244283831508, 'train/step_time': 10.007058911000058, 'train/mfu': 84.09, 'train/efficiency': 53.6, 'train/forward_time_percent': 16.98, 'train/backward_time_percent': 35.64, 'train/optimizer_time_percent': 0.98, 'train/overhead_time_percent': 46.4, 'epoch': 1.8298368298368297}

{'loss': 1.4316, 'learning_rate': 0.0001, 'grad_norm': 0.2924964725971222, 'train/tokens_per_sec': 1637.1672494062464, 'train/step_time': 10.00752977800039, 'train/mfu': 83.39, 'train/efficiency': 54.06, 'train/forward_time_percent': 17.2, 'train/backward_time_percent': 35.85, 'train/optimizer_time_percent': 1.01, 'train/overhead_time_percent': 45.94, 'epoch': 1.8344988344988344}
{'loss': 1.4316, 'learning_rate': 0.0001, 'grad_norm': 0.2924964725971222, 'train/tokens_per_sec': 1636.3971011673764, 'train/step_time': 10.012239687000147, 'train/mfu': 84.95, 'train/efficiency': 53.0, 'train/forward_time_percent': 17.32, 'train/backward_time_percent': 34.74, 'train/optimizer_time_percent': 0.94, 'train/overhead_time_percent': 47.0, 'epoch': 1.8344988344988344}
{'loss': 0.9592, 'learning_rate': 0.0001, 'grad_norm': 0.3775014281272888, 'train/tokens_per_sec': 1640.052839675596, 'train/step_time': 9.989922034000301, 'train/mfu': 85.41, 'train/efficiency': 52.9, 'train/forward_time_percent': 16.99, 'train/backward_time_percent': 34.9, 'train/optimizer_time_percent': 1.01, 'train/overhead_time_percent': 47.1, 'epoch': 1.8391608391608392}
{'loss': 0.9592, 'learning_rate': 0.0001, 'grad_norm': 0.3775014281272888, 'train/tokens_per_sec': 1640.4543886040244, 'train/step_time': 9.98747671000001, 'train/mfu': 83.54, 'train/efficiency': 53.97, 'train/forward_time_percent': 17.57, 'train/backward_time_percent': 35.5, 'train/optimizer_time_percent': 0.9, 'train/overhead_time_percent': 46.03, 'epoch': 1.8391608391608392}
{'loss': 1.2451, 'learning_rate': 0.0001, 'grad_norm': 0.3229491710662842, 'train/tokens_per_sec': 1638.2773746109165, 'train/step_time': 10.000748501999624, 'train/mfu': 83.37, 'train/efficiency': 53.99, 'train/forward_time_percent': 17.05, 'train/backward_time_percent': 36.06, 'train/optimizer_time_percent': 0.88, 'train/overhead_time_percent': 46.01, 'epoch': 1.843822843822844}
{'loss': 1.2451, 'learning_rate': 0.0001, 'grad_norm': 0.3229491710662842, 'train/tokens_per_sec': 1637.0904023294447, 'train/step_time': 10.007999544000086, 'train/mfu': 85.74, 'train/efficiency': 52.64, 'train/forward_time_percent': 17.01, 'train/backward_time_percent': 34.58, 'train/optimizer_time_percent': 1.04, 'train/overhead_time_percent': 47.36, 'epoch': 1.843822843822844}
{'loss': 1.2848, 'learning_rate': 0.0001, 'grad_norm': 0.2842631936073303, 'train/tokens_per_sec': 1637.5460318622231, 'train/step_time': 10.005214926000008, 'train/mfu': 85.9, 'train/efficiency': 52.57, 'train/forward_time_percent': 16.93, 'train/backward_time_percent': 34.59, 'train/optimizer_time_percent': 1.05, 'train/overhead_time_percent': 47.43, 'epoch': 1.8484848484848486}
{'loss': 1.2848, 'learning_rate': 0.0001, 'grad_norm': 0.2842631936073303, 'train/tokens_per_sec': 1638.7932481053656, 'train/step_time': 9.997600380000222, 'train/mfu': 83.06, 'train/efficiency': 54.19, 'train/forward_time_percent': 17.2, 'train/backward_time_percent': 36.12, 'train/optimizer_time_percent': 0.87, 'train/overhead_time_percent': 45.81, 'epoch': 1.8484848484848486}
{'loss': 1.1923, 'learning_rate': 0.0001, 'grad_norm': 0.354610413312912, 'train/tokens_per_sec': 1638.4073467823985, 'train/step_time': 9.99995515899991, 'train/mfu': 83.19, 'train/efficiency': 54.28, 'train/forward_time_percent': 17.42, 'train/backward_time_percent': 35.8, 'train/optimizer_time_percent': 1.06, 'train/overhead_time_percent': 45.72, 'epoch': 1.8531468531468531}
{'loss': 1.1923, 'learning_rate': 0.0001, 'grad_norm': 0.354610413312912, 'train/tokens_per_sec': 1637.7494953993523, 'train/step_time': 10.003971942000135, 'train/mfu': 83.84, 'train/efficiency': 53.84, 'train/forward_time_percent': 17.15, 'train/backward_time_percent': 35.64, 'train/optimizer_time_percent': 1.05, 'train/overhead_time_percent': 46.16, 'epoch': 1.8531468531468531}
{'loss': 1.0287, 'learning_rate': 0.0001, 'grad_norm': 0.2972298562526703, 'train/tokens_per_sec': 1637.418859601713, 'train/step_time': 10.005991994000397, 'train/mfu': 80.49, 'train/efficiency': 56.02, 'train/forward_time_percent': 20.14, 'train/backward_time_percent': 34.83, 'train/optimizer_time_percent': 1.04, 'train/overhead_time_percent': 43.98, 'epoch': 1.8578088578088578}
{'loss': 1.0287, 'learning_rate': 0.0001, 'grad_norm': 0.2972298562526703, 'train/tokens_per_sec': 1636.9361333591391, 'train/step_time': 10.008942722999564, 'train/mfu': 80.51, 'train/efficiency': 55.94, 'train/forward_time_percent': 19.45, 'train/backward_time_percent': 35.49, 'train/optimizer_time_percent': 0.99, 'train/overhead_time_percent': 44.06, 'epoch': 1.8578088578088578}
  step   400  loss   1.1201  |     5702.4 ms{'loss': 1.1201, 'learning_rate': 0.0001, 'grad_norm': 0.34539544582366943, 'train/tokens_per_sec': 1637.8783113534023, 'train/step_time': 10.003185149000274, 'train/mfu': 84.46, 'train/efficiency': 53.38, 'train/forward_time_percent': 16.92, 'train/backward_time_percent': 35.49, 'train/optimizer_time_percent': 0.97, 'train/overhead_time_percent': 46.62, 'epoch': 1.8624708624708624}

{'loss': 1.1201, 'learning_rate': 0.0001, 'grad_norm': 0.34539544582366943, 'train/tokens_per_sec': 1638.3626679406545, 'train/step_time': 10.00022786199952, 'train/mfu': 83.93, 'train/efficiency': 53.8, 'train/forward_time_percent': 16.85, 'train/backward_time_percent': 35.91, 'train/optimizer_time_percent': 1.05, 'train/overhead_time_percent': 46.2, 'epoch': 1.8624708624708624}
{'loss': 0.9725, 'learning_rate': 0.0001, 'grad_norm': 0.3129373788833618, 'train/tokens_per_sec': 1636.6604881660912, 'train/step_time': 10.010628422000082, 'train/mfu': 83.59, 'train/efficiency': 53.78, 'train/forward_time_percent': 17.17, 'train/backward_time_percent': 35.74, 'train/optimizer_time_percent': 0.87, 'train/overhead_time_percent': 46.22, 'epoch': 1.867132867132867}
{'loss': 0.9725, 'learning_rate': 0.0001, 'grad_norm': 0.3129373788833618, 'train/tokens_per_sec': 1635.6340672260364, 'train/step_time': 10.016910461999942, 'train/mfu': 86.18, 'train/efficiency': 52.16, 'train/forward_time_percent': 17.23, 'train/backward_time_percent': 34.06, 'train/optimizer_time_percent': 0.87, 'train/overhead_time_percent': 47.84, 'epoch': 1.867132867132867}
{'loss': 1.1267, 'learning_rate': 0.0001, 'grad_norm': 0.27823567390441895, 'train/tokens_per_sec': 1639.163942354315, 'train/step_time': 9.995339438999508, 'train/mfu': 82.36, 'train/efficiency': 54.84, 'train/forward_time_percent': 17.28, 'train/backward_time_percent': 36.51, 'train/optimizer_time_percent': 1.05, 'train/overhead_time_percent': 45.16, 'epoch': 1.8717948717948718}
{'loss': 1.1267, 'learning_rate': 0.0001, 'grad_norm': 0.27823567390441895, 'train/tokens_per_sec': 1638.6977666240475, 'train/step_time': 9.998182907000228, 'train/mfu': 83.58, 'train/efficiency': 54.05, 'train/forward_time_percent': 17.09, 'train/backward_time_percent': 35.89, 'train/optimizer_time_percent': 1.07, 'train/overhead_time_percent': 45.95, 'epoch': 1.8717948717948718}
{'loss': 1.2584, 'learning_rate': 0.0001, 'grad_norm': 0.3500508666038513, 'train/tokens_per_sec': 1638.8965046793683, 'train/step_time': 9.99697049400038, 'train/mfu': 85.77, 'train/efficiency': 52.63, 'train/forward_time_percent': 17.03, 'train/backward_time_percent': 34.61, 'train/optimizer_time_percent': 1.0, 'train/overhead_time_percent': 47.37, 'epoch': 1.8764568764568765}
{'loss': 1.2584, 'learning_rate': 0.0001, 'grad_norm': 0.3500508666038513, 'train/tokens_per_sec': 1639.545767539662, 'train/step_time': 9.99301167700014, 'train/mfu': 83.99, 'train/efficiency': 53.77, 'train/forward_time_percent': 17.0, 'train/backward_time_percent': 35.75, 'train/optimizer_time_percent': 1.02, 'train/overhead_time_percent': 46.23, 'epoch': 1.8764568764568765}
{'loss': 1.2425, 'learning_rate': 0.0001, 'grad_norm': 0.2902893126010895, 'train/tokens_per_sec': 1638.3334253382639, 'train/step_time': 10.000406355999985, 'train/mfu': 84.83, 'train/efficiency': 53.21, 'train/forward_time_percent': 16.84, 'train/backward_time_percent': 35.35, 'train/optimizer_time_percent': 1.02, 'train/overhead_time_percent': 46.79, 'epoch': 1.8811188811188813}{'loss': 1.2425, 'learning_rate': 0.0001, 'grad_norm': 0.2902893126010895, 'train/tokens_per_sec': 1638.1690388064133, 'train/step_time': 10.001409874000274, 'train/mfu': 83.95, 'train/efficiency': 53.63, 'train/forward_time_percent': 17.26, 'train/backward_time_percent': 35.48, 'train/optimizer_time_percent': 0.89, 'train/overhead_time_percent': 46.37, 'epoch': 1.8811188811188813}

{'loss': 1.3925, 'learning_rate': 0.0001, 'grad_norm': 0.3165072798728943, 'train/tokens_per_sec': 1637.9353398561996, 'train/step_time': 10.002836865000063, 'train/mfu': 83.94, 'train/efficiency': 53.69, 'train/forward_time_percent': 17.41, 'train/backward_time_percent': 35.33, 'train/optimizer_time_percent': 0.96, 'train/overhead_time_percent': 46.31, 'epoch': 1.8857808857808858}
{'loss': 1.3925, 'learning_rate': 0.0001, 'grad_norm': 0.3165072798728943, 'train/tokens_per_sec': 1637.9069723119183, 'train/step_time': 10.003010108000126, 'train/mfu': 83.3, 'train/efficiency': 54.19, 'train/forward_time_percent': 17.5, 'train/backward_time_percent': 35.64, 'train/optimizer_time_percent': 1.05, 'train/overhead_time_percent': 45.81, 'epoch': 1.8857808857808858}
{'loss': 1.259, 'learning_rate': 0.0001, 'grad_norm': 0.28813931345939636, 'train/tokens_per_sec': 1637.9580034209025, 'train/step_time': 10.002698460999454, 'train/mfu': 83.79, 'train/efficiency': 53.84, 'train/forward_time_percent': 17.28, 'train/backward_time_percent': 35.55, 'train/optimizer_time_percent': 1.01, 'train/overhead_time_percent': 46.16, 'epoch': 1.8904428904428905}
{'loss': 1.259, 'learning_rate': 0.0001, 'grad_norm': 0.28813931345939636, 'train/tokens_per_sec': 1638.5991563245493, 'train/step_time': 9.998784594000426, 'train/mfu': 82.99, 'train/efficiency': 54.4, 'train/forward_time_percent': 16.98, 'train/backward_time_percent': 36.38, 'train/optimizer_time_percent': 1.04, 'train/overhead_time_percent': 45.6, 'epoch': 1.8904428904428905}
{'loss': 1.2514, 'learning_rate': 0.0001, 'grad_norm': 0.3009676933288574, 'train/tokens_per_sec': 1637.2962231367317, 'train/step_time': 10.006741460999365, 'train/mfu': 82.99, 'train/efficiency': 54.36, 'train/forward_time_percent': 17.13, 'train/backward_time_percent': 36.18, 'train/optimizer_time_percent': 1.04, 'train/overhead_time_percent': 45.64, 'epoch': 1.895104895104895}
{'loss': 1.2514, 'learning_rate': 0.0001, 'grad_norm': 0.3009676933288574, 'train/tokens_per_sec': 1637.2476196608611, 'train/step_time': 10.007038522000585, 'train/mfu': 83.57, 'train/efficiency': 54.05, 'train/forward_time_percent': 17.07, 'train/backward_time_percent': 35.87, 'train/optimizer_time_percent': 1.11, 'train/overhead_time_percent': 45.95, 'epoch': 1.895104895104895}
{'loss': 1.3283, 'learning_rate': 0.0001, 'grad_norm': 0.28162825107574463, 'train/tokens_per_sec': 1638.3413857155833, 'train/step_time': 10.00035776599998, 'train/mfu': 84.76, 'train/efficiency': 53.13, 'train/forward_time_percent': 17.0, 'train/backward_time_percent': 35.23, 'train/optimizer_time_percent': 0.89, 'train/overhead_time_percent': 46.87, 'epoch': 1.8997668997668997}
{'loss': 1.3283, 'learning_rate': 0.0001, 'grad_norm': 0.28162825107574463, 'train/tokens_per_sec': 1638.6487581881297, 'train/step_time': 9.998481931000242, 'train/mfu': 83.25, 'train/efficiency': 54.19, 'train/forward_time_percent': 17.6, 'train/backward_time_percent': 35.59, 'train/optimizer_time_percent': 1.0, 'train/overhead_time_percent': 45.81, 'epoch': 1.8997668997668997}
{'loss': 1.0419, 'learning_rate': 0.0001, 'grad_norm': 0.3557480275630951, 'train/tokens_per_sec': 1637.9490026992437, 'train/step_time': 10.002753426999334, 'train/mfu': 84.18, 'train/efficiency': 53.49, 'train/forward_time_percent': 16.96, 'train/backward_time_percent': 35.62, 'train/optimizer_time_percent': 0.9, 'train/overhead_time_percent': 46.51, 'epoch': 1.9044289044289044}{'loss': 1.0419, 'learning_rate': 0.0001, 'grad_norm': 0.3557480275630951, 'train/tokens_per_sec': 1638.2793674284624, 'train/step_time': 10.00073633700049, 'train/mfu': 82.93, 'train/efficiency': 54.38, 'train/forward_time_percent': 16.83, 'train/backward_time_percent': 36.56, 'train/optimizer_time_percent': 0.99, 'train/overhead_time_percent': 45.62, 'epoch': 1.9044289044289044}

  step   410  loss   1.2194  |     5537.8 ms
{'loss': 1.2194, 'learning_rate': 0.0001, 'grad_norm': 0.30366766452789307, 'train/tokens_per_sec': 1637.8956580224294, 'train/step_time': 10.003079207000155, 'train/mfu': 86.54, 'train/efficiency': 52.2, 'train/forward_time_percent': 17.15, 'train/backward_time_percent': 34.0, 'train/optimizer_time_percent': 1.05, 'train/overhead_time_percent': 47.8, 'epoch': 1.9090909090909092}
{'loss': 1.2194, 'learning_rate': 0.0001, 'grad_norm': 0.30366766452789307, 'train/tokens_per_sec': 1638.2717318424013, 'train/step_time': 10.000782948000051, 'train/mfu': 83.37, 'train/efficiency': 53.98, 'train/forward_time_percent': 17.32, 'train/backward_time_percent': 35.78, 'train/optimizer_time_percent': 0.87, 'train/overhead_time_percent': 46.02, 'epoch': 1.9090909090909092}
{'loss': 1.6686, 'learning_rate': 0.0001, 'grad_norm': 0.2861703932285309, 'train/tokens_per_sec': 1635.931917775692, 'train/step_time': 10.015086704999703, 'train/mfu': 83.24, 'train/efficiency': 54.08, 'train/forward_time_percent': 17.08, 'train/backward_time_percent': 36.04, 'train/optimizer_time_percent': 0.97, 'train/overhead_time_percent': 45.92, 'epoch': 1.913752913752914}{'loss': 1.6686, 'learning_rate': 0.0001, 'grad_norm': 0.2861703932285309, 'train/tokens_per_sec': 1636.498070452371, 'train/step_time': 10.011621947999629, 'train/mfu': 82.97, 'train/efficiency': 54.36, 'train/forward_time_percent': 16.92, 'train/backward_time_percent': 36.38, 'train/optimizer_time_percent': 1.06, 'train/overhead_time_percent': 45.64, 'epoch': 1.913752913752914}

{'loss': 1.3003, 'learning_rate': 0.0001, 'grad_norm': 0.4597790539264679, 'train/tokens_per_sec': 1639.041069282742, 'train/step_time': 9.996088753999175, 'train/mfu': 84.57, 'train/efficiency': 53.42, 'train/forward_time_percent': 17.15, 'train/backward_time_percent': 35.23, 'train/optimizer_time_percent': 1.04, 'train/overhead_time_percent': 46.58, 'epoch': 1.9184149184149184}
{'loss': 1.3003, 'learning_rate': 0.0001, 'grad_norm': 0.4597790539264679, 'train/tokens_per_sec': 1638.065642955048, 'train/step_time': 10.002041170000666, 'train/mfu': 87.19, 'train/efficiency': 51.81, 'train/forward_time_percent': 16.69, 'train/backward_time_percent': 34.08, 'train/optimizer_time_percent': 1.04, 'train/overhead_time_percent': 48.19, 'epoch': 1.9184149184149184}
{'loss': 1.3881, 'learning_rate': 0.0001, 'grad_norm': 0.3337031304836273, 'train/tokens_per_sec': 1638.6966381764457, 'train/step_time': 9.998189791999721, 'train/mfu': 81.3, 'train/efficiency': 55.51, 'train/forward_time_percent': 17.63, 'train/backward_time_percent': 36.84, 'train/optimizer_time_percent': 1.04, 'train/overhead_time_percent': 44.49, 'epoch': 1.9230769230769231}
{'loss': 1.3881, 'learning_rate': 0.0001, 'grad_norm': 0.3337031304836273, 'train/tokens_per_sec': 1637.084184909887, 'train/step_time': 10.008037552999667, 'train/mfu': 85.1, 'train/efficiency': 53.02, 'train/forward_time_percent': 16.52, 'train/backward_time_percent': 35.47, 'train/optimizer_time_percent': 1.03, 'train/overhead_time_percent': 46.98, 'epoch': 1.9230769230769231}
{'loss': 1.0301, 'learning_rate': 0.0001, 'grad_norm': 0.33550843596458435, 'train/tokens_per_sec': 1639.2979456130633, 'train/step_time': 9.994522377000067, 'train/mfu': 83.02, 'train/efficiency': 54.4, 'train/forward_time_percent': 17.24, 'train/backward_time_percent': 36.12, 'train/optimizer_time_percent': 1.04, 'train/overhead_time_percent': 45.6, 'epoch': 1.9277389277389276}
{'loss': 1.0301, 'learning_rate': 0.0001, 'grad_norm': 0.33550843596458435, 'train/tokens_per_sec': 1638.7870097128657, 'train/step_time': 9.99763843799974, 'train/mfu': 85.04, 'train/efficiency': 52.96, 'train/forward_time_percent': 17.21, 'train/backward_time_percent': 34.86, 'train/optimizer_time_percent': 0.88, 'train/overhead_time_percent': 47.04, 'epoch': 1.9277389277389276}
{'loss': 1.2044, 'learning_rate': 0.0001, 'grad_norm': 0.37511736154556274, 'train/tokens_per_sec': 1637.0979865035395, 'train/step_time': 10.007953180000186, 'train/mfu': 84.9, 'train/efficiency': 52.99, 'train/forward_time_percent': 17.34, 'train/backward_time_percent': 34.77, 'train/optimizer_time_percent': 0.88, 'train/overhead_time_percent': 47.01, 'epoch': 1.9324009324009324}{'loss': 1.2044, 'learning_rate': 0.0001, 'grad_norm': 0.37511736154556274, 'train/tokens_per_sec': 1638.0939504843755, 'train/step_time': 10.001868327000011, 'train/mfu': 82.31, 'train/efficiency': 54.67, 'train/forward_time_percent': 17.4, 'train/backward_time_percent': 36.38, 'train/optimizer_time_percent': 0.89, 'train/overhead_time_percent': 45.33, 'epoch': 1.9324009324009324}

{'loss': 1.1442, 'learning_rate': 0.0001, 'grad_norm': 0.3056187629699707, 'train/tokens_per_sec': 1637.0223065820583, 'train/step_time': 10.008415850000347, 'train/mfu': 86.36, 'train/efficiency': 52.19, 'train/forward_time_percent': 16.64, 'train/backward_time_percent': 34.59, 'train/optimizer_time_percent': 0.97, 'train/overhead_time_percent': 47.81, 'epoch': 1.937062937062937}
{'loss': 1.1442, 'learning_rate': 0.0001, 'grad_norm': 0.3056187629699707, 'train/tokens_per_sec': 1637.1439078853468, 'train/step_time': 10.007672459999412, 'train/mfu': 85.59, 'train/efficiency': 52.59, 'train/forward_time_percent': 17.07, 'train/backward_time_percent': 34.62, 'train/optimizer_time_percent': 0.89, 'train/overhead_time_percent': 47.41, 'epoch': 1.937062937062937}
{'loss': 1.1811, 'learning_rate': 0.0001, 'grad_norm': 0.36860430240631104, 'train/tokens_per_sec': 1637.9014398358504, 'train/step_time': 10.003043896000236, 'train/mfu': 83.97, 'train/efficiency': 53.78, 'train/forward_time_percent': 16.4, 'train/backward_time_percent': 36.31, 'train/optimizer_time_percent': 1.07, 'train/overhead_time_percent': 46.22, 'epoch': 1.9417249417249418}
{'loss': 1.1811, 'learning_rate': 0.0001, 'grad_norm': 0.36860430240631104, 'train/tokens_per_sec': 1637.3558941680844, 'train/step_time': 10.00637678000021, 'train/mfu': 84.29, 'train/efficiency': 53.56, 'train/forward_time_percent': 17.09, 'train/backward_time_percent': 35.41, 'train/optimizer_time_percent': 1.07, 'train/overhead_time_percent': 46.44, 'epoch': 1.9417249417249418}
{'loss': 1.3819, 'learning_rate': 0.0001, 'grad_norm': 0.33293354511260986, 'train/tokens_per_sec': 1637.7734869492392, 'train/step_time': 10.003825394999694, 'train/mfu': 83.72, 'train/efficiency': 53.92, 'train/forward_time_percent': 16.91, 'train/backward_time_percent': 35.96, 'train/optimizer_time_percent': 1.06, 'train/overhead_time_percent': 46.08, 'epoch': 1.9463869463869465}{'loss': 1.3819, 'learning_rate': 0.0001, 'grad_norm': 0.33293354511260986, 'train/tokens_per_sec': 1637.4587508847899, 'train/step_time': 10.005748230999416, 'train/mfu': 83.97, 'train/efficiency': 53.77, 'train/forward_time_percent': 16.94, 'train/backward_time_percent': 35.76, 'train/optimizer_time_percent': 1.07, 'train/overhead_time_percent': 46.23, 'epoch': 1.9463869463869465}

{'loss': 1.1423, 'learning_rate': 0.0001, 'grad_norm': 0.2906946837902069, 'train/tokens_per_sec': 1640.660130903275, 'train/step_time': 9.986224258999755, 'train/mfu': 82.11, 'train/efficiency': 54.89, 'train/forward_time_percent': 17.14, 'train/backward_time_percent': 36.86, 'train/optimizer_time_percent': 0.89, 'train/overhead_time_percent': 45.11, 'epoch': 1.951048951048951}
{'loss': 1.1423, 'learning_rate': 0.0001, 'grad_norm': 0.2906946837902069, 'train/tokens_per_sec': 1639.7799118547978, 'train/step_time': 9.99158477400033, 'train/mfu': 87.72, 'train/efficiency': 51.51, 'train/forward_time_percent': 16.21, 'train/backward_time_percent': 34.3, 'train/optimizer_time_percent': 0.99, 'train/overhead_time_percent': 48.49, 'epoch': 1.951048951048951}
  step   420  loss   1.2025  |     5541.1 ms
{'loss': 1.2025, 'learning_rate': 0.0001, 'grad_norm': 0.32233014702796936, 'train/tokens_per_sec': 1638.161361499035, 'train/step_time': 10.001456745999349, 'train/mfu': 86.31, 'train/efficiency': 52.19, 'train/forward_time_percent': 16.69, 'train/backward_time_percent': 34.59, 'train/optimizer_time_percent': 0.9, 'train/overhead_time_percent': 47.81, 'epoch': 1.9557109557109555}
{'loss': 1.2025, 'learning_rate': 0.0001, 'grad_norm': 0.32233014702796936, 'train/tokens_per_sec': 1638.8832584897768, 'train/step_time': 9.997051293999903, 'train/mfu': 80.96, 'train/efficiency': 55.59, 'train/forward_time_percent': 17.6, 'train/backward_time_percent': 37.1, 'train/optimizer_time_percent': 0.88, 'train/overhead_time_percent': 44.41, 'epoch': 1.9557109557109555}
{'loss': 1.196, 'learning_rate': 0.0001, 'grad_norm': 0.3267093598842621, 'train/tokens_per_sec': 1635.0451780056594, 'train/step_time': 10.020518222000646, 'train/mfu': 83.48, 'train/efficiency': 53.98, 'train/forward_time_percent': 17.37, 'train/backward_time_percent': 35.56, 'train/optimizer_time_percent': 1.05, 'train/overhead_time_percent': 46.02, 'epoch': 1.9603729603729603}{'loss': 1.196, 'learning_rate': 0.0001, 'grad_norm': 0.3267093598842621, 'train/tokens_per_sec': 1635.6397849134103, 'train/step_time': 10.016875446000086, 'train/mfu': 81.75, 'train/efficiency': 54.96, 'train/forward_time_percent': 17.13, 'train/backward_time_percent': 36.94, 'train/optimizer_time_percent': 0.89, 'train/overhead_time_percent': 45.04, 'epoch': 1.9603729603729603}

{'loss': 1.1515, 'learning_rate': 0.0001, 'grad_norm': 0.3087863624095917, 'train/tokens_per_sec': 1637.7561942731256, 'train/step_time': 10.003931023000405, 'train/mfu': 86.75, 'train/efficiency': 52.07, 'train/forward_time_percent': 16.99, 'train/backward_time_percent': 34.03, 'train/optimizer_time_percent': 1.05, 'train/overhead_time_percent': 47.93, 'epoch': 1.965034965034965}
{'loss': 1.1515, 'learning_rate': 0.0001, 'grad_norm': 0.3087863624095917, 'train/tokens_per_sec': 1638.5780600173894, 'train/step_time': 9.998913326000547, 'train/mfu': 82.28, 'train/efficiency': 54.69, 'train/forward_time_percent': 17.86, 'train/backward_time_percent': 35.96, 'train/optimizer_time_percent': 0.87, 'train/overhead_time_percent': 45.31, 'epoch': 1.965034965034965}
{'loss': 1.2399, 'learning_rate': 0.0001, 'grad_norm': 0.36448800563812256, 'train/tokens_per_sec': 1637.6969530749966, 'train/step_time': 10.00429290000011, 'train/mfu': 86.69, 'train/efficiency': 52.1, 'train/forward_time_percent': 16.8, 'train/backward_time_percent': 34.25, 'train/optimizer_time_percent': 1.05, 'train/overhead_time_percent': 47.9, 'epoch': 1.9696969696969697}
{'loss': 1.2399, 'learning_rate': 0.0001, 'grad_norm': 0.36448800563812256, 'train/tokens_per_sec': 1638.6081882837052, 'train/step_time': 9.998729480999828, 'train/mfu': 83.11, 'train/efficiency': 54.33, 'train/forward_time_percent': 17.51, 'train/backward_time_percent': 35.77, 'train/optimizer_time_percent': 1.05, 'train/overhead_time_percent': 45.67, 'epoch': 1.9696969696969697}
{'loss': 1.2013, 'learning_rate': 0.0001, 'grad_norm': 0.24497206509113312, 'train/tokens_per_sec': 1638.7268299730981, 'train/step_time': 9.998005586000545, 'train/mfu': 82.83, 'train/efficiency': 54.36, 'train/forward_time_percent': 17.41, 'train/backward_time_percent': 36.05, 'train/optimizer_time_percent': 0.89, 'train/overhead_time_percent': 45.64, 'epoch': 1.9743589743589745}
{'loss': 1.2013, 'learning_rate': 0.0001, 'grad_norm': 0.24497206509113312, 'train/tokens_per_sec': 1638.5908058701777, 'train/step_time': 9.998835549000432, 'train/mfu': 84.32, 'train/efficiency': 53.5, 'train/forward_time_percent': 16.75, 'train/backward_time_percent': 35.77, 'train/optimizer_time_percent': 0.99, 'train/overhead_time_percent': 46.5, 'epoch': 1.9743589743589745}
{'loss': 1.1338, 'learning_rate': 0.0001, 'grad_norm': 0.2659260332584381, 'train/tokens_per_sec': 1637.1355133651487, 'train/step_time': 10.00772377499925, 'train/mfu': 86.07, 'train/efficiency': 52.28, 'train/forward_time_percent': 16.55, 'train/backward_time_percent': 34.85, 'train/optimizer_time_percent': 0.88, 'train/overhead_time_percent': 47.72, 'epoch': 1.9790209790209792}{'loss': 1.1338, 'learning_rate': 0.0001, 'grad_norm': 0.2659260332584381, 'train/tokens_per_sec': 1637.988704476023, 'train/step_time': 10.002510979000363, 'train/mfu': 83.72, 'train/efficiency': 53.84, 'train/forward_time_percent': 17.16, 'train/backward_time_percent': 35.72, 'train/optimizer_time_percent': 0.97, 'train/overhead_time_percent': 46.16, 'epoch': 1.9790209790209792}

{'loss': 1.3787, 'learning_rate': 0.0001, 'grad_norm': 0.3126044273376465, 'train/tokens_per_sec': 1637.4888723716072, 'train/step_time': 10.005564176000007, 'train/mfu': 83.57, 'train/efficiency': 53.93, 'train/forward_time_percent': 17.28, 'train/backward_time_percent': 35.67, 'train/optimizer_time_percent': 0.99, 'train/overhead_time_percent': 46.07, 'epoch': 1.9836829836829837}{'loss': 1.3787, 'learning_rate': 0.0001, 'grad_norm': 0.3126044273376465, 'train/tokens_per_sec': 1637.4271999158743, 'train/step_time': 10.005941027999143, 'train/mfu': 84.12, 'train/efficiency': 53.67, 'train/forward_time_percent': 17.29, 'train/backward_time_percent': 35.32, 'train/optimizer_time_percent': 1.07, 'train/overhead_time_percent': 46.33, 'epoch': 1.9836829836829837}

{'loss': 1.0708, 'learning_rate': 0.0001, 'grad_norm': 0.270071804523468, 'train/tokens_per_sec': 1638.9598432785594, 'train/step_time': 9.996584155000164, 'train/mfu': 83.09, 'train/efficiency': 54.36, 'train/forward_time_percent': 16.59, 'train/backward_time_percent': 36.72, 'train/optimizer_time_percent': 1.05, 'train/overhead_time_percent': 45.64, 'epoch': 1.9883449883449882}
{'loss': 1.0708, 'learning_rate': 0.0001, 'grad_norm': 0.270071804523468, 'train/tokens_per_sec': 1637.9907373673668, 'train/step_time': 10.002498564999769, 'train/mfu': 86.88, 'train/efficiency': 51.9, 'train/forward_time_percent': 16.98, 'train/backward_time_percent': 33.97, 'train/optimizer_time_percent': 0.95, 'train/overhead_time_percent': 48.1, 'epoch': 1.9883449883449882}
{'loss': 1.5109, 'learning_rate': 0.0001, 'grad_norm': 0.28069257736206055, 'train/tokens_per_sec': 1636.1023916343606, 'train/step_time': 10.014043182000023, 'train/mfu': 85.92, 'train/efficiency': 52.51, 'train/forward_time_percent': 17.22, 'train/backward_time_percent': 34.23, 'train/optimizer_time_percent': 1.05, 'train/overhead_time_percent': 47.49, 'epoch': 1.993006993006993}
{'loss': 1.5109, 'learning_rate': 0.0001, 'grad_norm': 0.28069257736206055, 'train/tokens_per_sec': 1636.889795653126, 'train/step_time': 10.009226060000401, 'train/mfu': 82.9, 'train/efficiency': 54.23, 'train/forward_time_percent': 17.18, 'train/backward_time_percent': 36.18, 'train/optimizer_time_percent': 0.87, 'train/overhead_time_percent': 45.77, 'epoch': 1.993006993006993}
{'loss': 1.2013, 'learning_rate': 0.0001, 'grad_norm': 0.29823699593544006, 'train/tokens_per_sec': 1635.9252380639505, 'train/step_time': 10.015127598000618, 'train/mfu': 83.04, 'train/efficiency': 54.15, 'train/forward_time_percent': 16.96, 'train/backward_time_percent': 36.28, 'train/optimizer_time_percent': 0.92, 'train/overhead_time_percent': 45.85, 'epoch': 1.9976689976689976}
{'loss': 1.2013, 'learning_rate': 0.0001, 'grad_norm': 0.29823699593544006, 'train/tokens_per_sec': 1636.5747613910473, 'train/step_time': 10.01115279700025, 'train/mfu': 82.53, 'train/efficiency': 54.59, 'train/forward_time_percent': 16.68, 'train/backward_time_percent': 36.91, 'train/optimizer_time_percent': 1.0, 'train/overhead_time_percent': 45.41, 'epoch': 1.9976689976689976}
  step   430  loss   1.4419  |     2841.6 ms
{'loss': 1.4419, 'learning_rate': 0.0001, 'grad_norm': 0.4997967779636383, 'train/tokens_per_sec': 1191.5116965056554, 'train/step_time': 6.875299692000226, 'train/mfu': 86.35, 'train/efficiency': 38.86, 'train/forward_time_percent': 12.81, 'train/backward_time_percent': 24.47, 'train/optimizer_time_percent': 1.57, 'train/overhead_time_percent': 61.14, 'epoch': 2.0}
{'loss': 1.4419, 'learning_rate': 0.0001, 'grad_norm': 0.4997967779636383, 'train/tokens_per_sec': 1188.1941343523154, 'train/step_time': 6.894496247000461, 'train/mfu': 85.75, 'train/efficiency': 38.95, 'train/forward_time_percent': 11.45, 'train/backward_time_percent': 25.99, 'train/optimizer_time_percent': 1.51, 'train/overhead_time_percent': 61.05, 'epoch': 2.0}
{'loss': 0.8568, 'learning_rate': 0.0001, 'grad_norm': 0.28184422850608826, 'train/tokens_per_sec': 2725.629744691347, 'train/step_time': 6.011087908000263, 'train/mfu': 83.56, 'train/efficiency': 89.91, 'train/forward_time_percent': 28.75, 'train/backward_time_percent': 59.41, 'train/optimizer_time_percent': 1.76, 'train/overhead_time_percent': 10.09, 'epoch': 2.0046620046620047}
{'loss': 0.8568, 'learning_rate': 0.0001, 'grad_norm': 0.28184422850608826, 'train/tokens_per_sec': 2726.6069379810556, 'train/step_time': 6.008933583999351, 'train/mfu': 82.78, 'train/efficiency': 90.74, 'train/forward_time_percent': 28.97, 'train/backward_time_percent': 60.05, 'train/optimizer_time_percent': 1.73, 'train/overhead_time_percent': 9.26, 'epoch': 2.0046620046620047}
{'loss': 0.8989, 'learning_rate': 0.0001, 'grad_norm': 0.2350308895111084, 'train/tokens_per_sec': 1636.97281065717, 'train/step_time': 10.008718466999198, 'train/mfu': 82.63, 'train/efficiency': 54.58, 'train/forward_time_percent': 17.51, 'train/backward_time_percent': 36.03, 'train/optimizer_time_percent': 1.04, 'train/overhead_time_percent': 45.42, 'epoch': 2.0093240093240095}
{'loss': 0.8989, 'learning_rate': 0.0001, 'grad_norm': 0.2350308895111084, 'train/tokens_per_sec': 1635.7373697734984, 'train/step_time': 10.016277858999274, 'train/mfu': 84.99, 'train/efficiency': 52.9, 'train/forward_time_percent': 17.19, 'train/backward_time_percent': 34.82, 'train/optimizer_time_percent': 0.89, 'train/overhead_time_percent': 47.1, 'epoch': 2.0093240093240095}
{'loss': 1.2011, 'learning_rate': 0.0001, 'grad_norm': 0.28149744868278503, 'train/tokens_per_sec': 1636.6023880142948, 'train/step_time': 10.010983804000716, 'train/mfu': 84.21, 'train/efficiency': 53.54, 'train/forward_time_percent': 16.72, 'train/backward_time_percent': 35.8, 'train/optimizer_time_percent': 1.02, 'train/overhead_time_percent': 46.46, 'epoch': 2.013986013986014}
{'loss': 1.2011, 'learning_rate': 0.0001, 'grad_norm': 0.28149744868278503, 'train/tokens_per_sec': 1636.7428992925295, 'train/step_time': 10.01012437999998, 'train/mfu': 83.49, 'train/efficiency': 53.88, 'train/forward_time_percent': 17.82, 'train/backward_time_percent': 35.16, 'train/optimizer_time_percent': 0.9, 'train/overhead_time_percent': 46.12, 'epoch': 2.013986013986014}
{'loss': 0.9411, 'learning_rate': 0.0001, 'grad_norm': 0.28945741057395935, 'train/tokens_per_sec': 1636.8204986636324, 'train/step_time': 10.009649814000113, 'train/mfu': 85.02, 'train/efficiency': 53.07, 'train/forward_time_percent': 17.01, 'train/backward_time_percent': 35.01, 'train/optimizer_time_percent': 1.05, 'train/overhead_time_percent': 46.93, 'epoch': 2.0186480186480185}
{'loss': 0.9411, 'learning_rate': 0.0001, 'grad_norm': 0.28945741057395935, 'train/tokens_per_sec': 1637.5081740756495, 'train/step_time': 10.005446238000332, 'train/mfu': 84.01, 'train/efficiency': 53.73, 'train/forward_time_percent': 17.45, 'train/backward_time_percent': 35.23, 'train/optimizer_time_percent': 1.06, 'train/overhead_time_percent': 46.27, 'epoch': 2.0186480186480185}
{'loss': 0.9776, 'learning_rate': 0.0001, 'grad_norm': 0.32706278562545776, 'train/tokens_per_sec': 1638.909951256295, 'train/step_time': 9.996888473000581, 'train/mfu': 83.13, 'train/efficiency': 54.32, 'train/forward_time_percent': 16.58, 'train/backward_time_percent': 36.7, 'train/optimizer_time_percent': 1.04, 'train/overhead_time_percent': 45.68, 'epoch': 2.023310023310023}
{'loss': 0.9776, 'learning_rate': 0.0001, 'grad_norm': 0.32706278562545776, 'train/tokens_per_sec': 1638.440241239179, 'train/step_time': 9.99975439300033, 'train/mfu': 84.45, 'train/efficiency': 53.5, 'train/forward_time_percent': 17.23, 'train/backward_time_percent': 35.21, 'train/optimizer_time_percent': 1.07, 'train/overhead_time_percent': 46.5, 'epoch': 2.023310023310023}
{'loss': 1.1801, 'learning_rate': 0.0001, 'grad_norm': 0.2940947711467743, 'train/tokens_per_sec': 1637.9800846408853, 'train/step_time': 10.002563617000305, 'train/mfu': 82.1, 'train/efficiency': 54.88, 'train/forward_time_percent': 17.52, 'train/backward_time_percent': 36.4, 'train/optimizer_time_percent': 0.97, 'train/overhead_time_percent': 45.12, 'epoch': 2.027972027972028}
{'loss': 1.1801, 'learning_rate': 0.0001, 'grad_norm': 0.2940947711467743, 'train/tokens_per_sec': 1637.2676607740127, 'train/step_time': 10.006916029999957, 'train/mfu': 83.51, 'train/efficiency': 53.88, 'train/forward_time_percent': 17.63, 'train/backward_time_percent': 35.36, 'train/optimizer_time_percent': 0.89, 'train/overhead_time_percent': 46.12, 'epoch': 2.027972027972028}
{'loss': 1.2384, 'learning_rate': 0.0001, 'grad_norm': 0.317364901304245, 'train/tokens_per_sec': 1637.431300227533, 'train/step_time': 10.005915972000366, 'train/mfu': 83.77, 'train/efficiency': 53.74, 'train/forward_time_percent': 17.34, 'train/backward_time_percent': 35.48, 'train/optimizer_time_percent': 0.92, 'train/overhead_time_percent': 46.26, 'epoch': 2.0326340326340326}
{'loss': 1.2384, 'learning_rate': 0.0001, 'grad_norm': 0.317364901304245, 'train/tokens_per_sec': 1637.6406136013866, 'train/step_time': 10.004637076000108, 'train/mfu': 83.47, 'train/efficiency': 54.08, 'train/forward_time_percent': 16.91, 'train/backward_time_percent': 36.11, 'train/optimizer_time_percent': 1.06, 'train/overhead_time_percent': 45.92, 'epoch': 2.0326340326340326}
{'loss': 1.2776, 'learning_rate': 0.0001, 'grad_norm': 0.34976765513420105, 'train/tokens_per_sec': 1638.4035189629676, 'train/step_time': 9.999978522000674, 'train/mfu': 82.38, 'train/efficiency': 54.62, 'train/forward_time_percent': 17.42, 'train/backward_time_percent': 36.32, 'train/optimizer_time_percent': 0.88, 'train/overhead_time_percent': 45.38, 'epoch': 2.0372960372960374}
{'loss': 1.2776, 'learning_rate': 0.0001, 'grad_norm': 0.34976765513420105, 'train/tokens_per_sec': 1637.1127182967716, 'train/step_time': 10.007863122000344, 'train/mfu': 85.47, 'train/efficiency': 52.69, 'train/forward_time_percent': 16.14, 'train/backward_time_percent': 35.62, 'train/optimizer_time_percent': 0.93, 'train/overhead_time_percent': 47.31, 'epoch': 2.0372960372960374}
{'loss': 1.1666, 'learning_rate': 0.0001, 'grad_norm': 0.5319497585296631, 'train/tokens_per_sec': 1637.9224876124174, 'train/step_time': 10.002915353999924, 'train/mfu': 84.76, 'train/efficiency': 53.15, 'train/forward_time_percent': 16.6, 'train/backward_time_percent': 35.62, 'train/optimizer_time_percent': 0.92, 'train/overhead_time_percent': 46.85, 'epoch': 2.041958041958042}
{'loss': 1.1666, 'learning_rate': 0.0001, 'grad_norm': 0.5319497585296631, 'train/tokens_per_sec': 1637.7347313528937, 'train/step_time': 10.004062126999997, 'train/mfu': 86.17, 'train/efficiency': 52.31, 'train/forward_time_percent': 17.39, 'train/backward_time_percent': 33.96, 'train/optimizer_time_percent': 0.95, 'train/overhead_time_percent': 47.69, 'epoch': 2.041958041958042}
  step   440  loss   1.0202  |     5762.9 ms
{'loss': 1.0202, 'learning_rate': 0.0001, 'grad_norm': 0.30284103751182556, 'train/tokens_per_sec': 1637.6681284060567, 'train/step_time': 10.004468986000575, 'train/mfu': 83.0, 'train/efficiency': 54.33, 'train/forward_time_percent': 16.93, 'train/backward_time_percent': 36.4, 'train/optimizer_time_percent': 1.0, 'train/overhead_time_percent': 45.67, 'epoch': 2.046620046620047}
{'loss': 1.0202, 'learning_rate': 0.0001, 'grad_norm': 0.30284103751182556, 'train/tokens_per_sec': 1637.333465049687, 'train/step_time': 10.006513852999888, 'train/mfu': 86.78, 'train/efficiency': 52.02, 'train/forward_time_percent': 16.94, 'train/backward_time_percent': 34.05, 'train/optimizer_time_percent': 1.04, 'train/overhead_time_percent': 47.98, 'epoch': 2.046620046620047}
{'loss': 1.0825, 'learning_rate': 0.0001, 'grad_norm': 0.4575389325618744, 'train/tokens_per_sec': 1637.7978262874003, 'train/step_time': 10.003676727999846, 'train/mfu': 82.43, 'train/efficiency': 54.58, 'train/forward_time_percent': 16.91, 'train/backward_time_percent': 36.79, 'train/optimizer_time_percent': 0.89, 'train/overhead_time_percent': 45.42, 'epoch': 2.051282051282051}{'loss': 1.0825, 'learning_rate': 0.0001, 'grad_norm': 0.4575389325618744, 'train/tokens_per_sec': 1636.746434849675, 'train/step_time': 10.010102757000823, 'train/mfu': 86.08, 'train/efficiency': 52.44, 'train/forward_time_percent': 17.5, 'train/backward_time_percent': 33.89, 'train/optimizer_time_percent': 1.05, 'train/overhead_time_percent': 47.56, 'epoch': 2.051282051282051}

{'loss': 0.928, 'learning_rate': 0.0001, 'grad_norm': 0.38845714926719666, 'train/tokens_per_sec': 1639.3010372251058, 'train/step_time': 9.994503527999768, 'train/mfu': 86.38, 'train/efficiency': 52.25, 'train/forward_time_percent': 17.3, 'train/backward_time_percent': 33.99, 'train/optimizer_time_percent': 0.96, 'train/overhead_time_percent': 47.75, 'epoch': 2.055944055944056}
{'loss': 0.928, 'learning_rate': 0.0001, 'grad_norm': 0.38845714926719666, 'train/tokens_per_sec': 1639.8337338548124, 'train/step_time': 9.991256833999614, 'train/mfu': 83.87, 'train/efficiency': 53.83, 'train/forward_time_percent': 17.3, 'train/backward_time_percent': 35.54, 'train/optimizer_time_percent': 0.99, 'train/overhead_time_percent': 46.17, 'epoch': 2.055944055944056}
{'loss': 0.9818, 'learning_rate': 0.0001, 'grad_norm': 0.3961479663848877, 'train/tokens_per_sec': 1640.2587551636334, 'train/step_time': 9.988667914999496, 'train/mfu': 83.97, 'train/efficiency': 53.83, 'train/forward_time_percent': 17.14, 'train/backward_time_percent': 35.65, 'train/optimizer_time_percent': 1.04, 'train/overhead_time_percent': 46.17, 'epoch': 2.0606060606060606}
{'loss': 0.9818, 'learning_rate': 0.0001, 'grad_norm': 0.3961479663848877, 'train/tokens_per_sec': 1639.9890363810628, 'train/step_time': 9.99031068899967, 'train/mfu': 84.42, 'train/efficiency': 53.47, 'train/forward_time_percent': 16.73, 'train/backward_time_percent': 35.77, 'train/optimizer_time_percent': 0.97, 'train/overhead_time_percent': 46.53, 'epoch': 2.0606060606060606}
{'loss': 1.1155, 'learning_rate': 0.0001, 'grad_norm': 0.34639057517051697, 'train/tokens_per_sec': 1637.4847023808827, 'train/step_time': 10.005589655999756, 'train/mfu': 84.85, 'train/efficiency': 53.17, 'train/forward_time_percent': 17.22, 'train/backward_time_percent': 34.93, 'train/optimizer_time_percent': 1.02, 'train/overhead_time_percent': 46.83, 'epoch': 2.0652680652680653}
{'loss': 1.1155, 'learning_rate': 0.0001, 'grad_norm': 0.34639057517051697, 'train/tokens_per_sec': 1637.862271799723, 'train/step_time': 10.003283109999757, 'train/mfu': 83.46, 'train/efficiency': 54.09, 'train/forward_time_percent': 16.94, 'train/backward_time_percent': 36.09, 'train/optimizer_time_percent': 1.06, 'train/overhead_time_percent': 45.91, 'epoch': 2.0652680652680653}
{'loss': 1.0783, 'learning_rate': 0.0001, 'grad_norm': 0.3241216540336609, 'train/tokens_per_sec': 1637.8457410450671, 'train/step_time': 10.003384072999324, 'train/mfu': 81.77, 'train/efficiency': 55.16, 'train/forward_time_percent': 17.44, 'train/backward_time_percent': 36.69, 'train/optimizer_time_percent': 1.03, 'train/overhead_time_percent': 44.84, 'epoch': 2.06993006993007}{'loss': 1.0783, 'learning_rate': 0.0001, 'grad_norm': 0.3241216540336609, 'train/tokens_per_sec': 1637.1035505224652, 'train/step_time': 10.007919165999738, 'train/mfu': 85.5, 'train/efficiency': 52.8, 'train/forward_time_percent': 17.03, 'train/backward_time_percent': 34.71, 'train/optimizer_time_percent': 1.06, 'train/overhead_time_percent': 47.2, 'epoch': 2.06993006993007}

{'loss': 1.1247, 'learning_rate': 0.0001, 'grad_norm': 0.3176727592945099, 'train/tokens_per_sec': 1638.771229371726, 'train/step_time': 9.997734708999815, 'train/mfu': 82.64, 'train/efficiency': 54.48, 'train/forward_time_percent': 16.86, 'train/backward_time_percent': 36.73, 'train/optimizer_time_percent': 0.89, 'train/overhead_time_percent': 45.52, 'epoch': 2.0745920745920747}{'loss': 1.1247, 'learning_rate': 0.0001, 'grad_norm': 0.3176727592945099, 'train/tokens_per_sec': 1638.8083367929626, 'train/step_time': 9.997508331000063, 'train/mfu': 82.74, 'train/efficiency': 54.6, 'train/forward_time_percent': 17.32, 'train/backward_time_percent': 36.2, 'train/optimizer_time_percent': 1.08, 'train/overhead_time_percent': 45.4, 'epoch': 2.0745920745920747}

{'loss': 0.9072, 'learning_rate': 0.0001, 'grad_norm': 0.286573588848114, 'train/tokens_per_sec': 1637.243097503928, 'train/step_time': 10.007066162000228, 'train/mfu': 81.38, 'train/efficiency': 55.4, 'train/forward_time_percent': 17.98, 'train/backward_time_percent': 36.39, 'train/optimizer_time_percent': 1.03, 'train/overhead_time_percent': 44.6, 'epoch': 2.0792540792540795}
{'loss': 0.9072, 'learning_rate': 0.0001, 'grad_norm': 0.286573588848114, 'train/tokens_per_sec': 1636.2935798028625, 'train/step_time': 10.012873118999778, 'train/mfu': 84.68, 'train/efficiency': 53.19, 'train/forward_time_percent': 16.99, 'train/backward_time_percent': 35.23, 'train/optimizer_time_percent': 0.97, 'train/overhead_time_percent': 46.81, 'epoch': 2.0792540792540795}
{'loss': 1.5959, 'learning_rate': 0.0001, 'grad_norm': 0.3756084442138672, 'train/tokens_per_sec': 1637.9519976886988, 'train/step_time': 10.002735136999945, 'train/mfu': 85.36, 'train/efficiency': 52.93, 'train/forward_time_percent': 17.16, 'train/backward_time_percent': 34.7, 'train/optimizer_time_percent': 1.07, 'train/overhead_time_percent': 47.07, 'epoch': 2.0839160839160837}
{'loss': 1.5959, 'learning_rate': 0.0001, 'grad_norm': 0.3756084442138672, 'train/tokens_per_sec': 1638.2672818376484, 'train/step_time': 10.000810113000625, 'train/mfu': 85.53, 'train/efficiency': 52.84, 'train/forward_time_percent': 16.95, 'train/backward_time_percent': 34.81, 'train/optimizer_time_percent': 1.08, 'train/overhead_time_percent': 47.16, 'epoch': 2.0839160839160837}
{'loss': 0.9831, 'learning_rate': 0.0001, 'grad_norm': 0.30323800444602966, 'train/tokens_per_sec': 1637.5002862750662, 'train/step_time': 10.005494434000866, 'train/mfu': 84.42, 'train/efficiency': 53.45, 'train/forward_time_percent': 16.92, 'train/backward_time_percent': 35.5, 'train/optimizer_time_percent': 1.03, 'train/overhead_time_percent': 46.55, 'epoch': 2.0885780885780885}{'loss': 0.9831, 'learning_rate': 0.0001, 'grad_norm': 0.30323800444602966, 'train/tokens_per_sec': 1637.3643235116035, 'train/step_time': 10.006325265999294, 'train/mfu': 84.37, 'train/efficiency': 53.35, 'train/forward_time_percent': 16.44, 'train/backward_time_percent': 36.0, 'train/optimizer_time_percent': 0.9, 'train/overhead_time_percent': 46.65, 'epoch': 2.0885780885780885}

  step   450  loss   1.0765  |     5744.4 ms
{'loss': 1.0765, 'learning_rate': 0.0001, 'grad_norm': 0.32794374227523804, 'train/tokens_per_sec': 1638.0107916005745, 'train/step_time': 10.002376104000177, 'train/mfu': 83.29, 'train/efficiency': 54.09, 'train/forward_time_percent': 17.43, 'train/backward_time_percent': 35.71, 'train/optimizer_time_percent': 0.94, 'train/overhead_time_percent': 45.91, 'epoch': 2.093240093240093}
{'loss': 1.0765, 'learning_rate': 0.0001, 'grad_norm': 0.32794374227523804, 'train/tokens_per_sec': 1637.6601123669045, 'train/step_time': 10.0045179560002, 'train/mfu': 83.5, 'train/efficiency': 54.07, 'train/forward_time_percent': 17.2, 'train/backward_time_percent': 35.8, 'train/optimizer_time_percent': 1.07, 'train/overhead_time_percent': 45.93, 'epoch': 2.093240093240093}
{'loss': 1.0644, 'learning_rate': 0.0001, 'grad_norm': 0.3820935785770416, 'train/tokens_per_sec': 1636.8787788197883, 'train/step_time': 10.009293426000113, 'train/mfu': 84.12, 'train/efficiency': 53.66, 'train/forward_time_percent': 17.15, 'train/backward_time_percent': 35.44, 'train/optimizer_time_percent': 1.07, 'train/overhead_time_percent': 46.34, 'epoch': 2.097902097902098}
{'loss': 1.0644, 'learning_rate': 0.0001, 'grad_norm': 0.3820935785770416, 'train/tokens_per_sec': 1637.7740054338774, 'train/step_time': 10.00382222799999, 'train/mfu': 83.17, 'train/efficiency': 54.27, 'train/forward_time_percent': 16.95, 'train/backward_time_percent': 36.27, 'train/optimizer_time_percent': 1.05, 'train/overhead_time_percent': 45.73, 'epoch': 2.097902097902098}
{'loss': 1.1248, 'learning_rate': 0.0001, 'grad_norm': 0.3404194414615631, 'train/tokens_per_sec': 1639.0928991502672, 'train/step_time': 9.995772666999983, 'train/mfu': 85.36, 'train/efficiency': 52.86, 'train/forward_time_percent': 17.32, 'train/backward_time_percent': 34.57, 'train/optimizer_time_percent': 0.97, 'train/overhead_time_percent': 47.14, 'epoch': 2.1025641025641026}
{'loss': 1.1248, 'learning_rate': 0.0001, 'grad_norm': 0.3404194414615631, 'train/tokens_per_sec': 1639.624441363707, 'train/step_time': 9.992532184000083, 'train/mfu': 84.14, 'train/efficiency': 53.54, 'train/forward_time_percent': 17.31, 'train/backward_time_percent': 35.36, 'train/optimizer_time_percent': 0.88, 'train/overhead_time_percent': 46.46, 'epoch': 2.1025641025641026}
{'loss': 1.0486, 'learning_rate': 0.0001, 'grad_norm': 0.3582468330860138, 'train/tokens_per_sec': 1637.168802564755, 'train/step_time': 10.007520284000748, 'train/mfu': 83.89, 'train/efficiency': 53.82, 'train/forward_time_percent': 17.4, 'train/backward_time_percent': 35.34, 'train/optimizer_time_percent': 1.08, 'train/overhead_time_percent': 46.18, 'epoch': 2.1072261072261074}{'loss': 1.0486, 'learning_rate': 0.0001, 'grad_norm': 0.3582468330860138, 'train/tokens_per_sec': 1637.0384510557058, 'train/step_time': 10.008317147000525, 'train/mfu': 83.51, 'train/efficiency': 53.88, 'train/forward_time_percent': 16.32, 'train/backward_time_percent': 36.66, 'train/optimizer_time_percent': 0.9, 'train/overhead_time_percent': 46.12, 'epoch': 2.1072261072261074}

{'loss': 1.0139, 'learning_rate': 0.0001, 'grad_norm': 0.29657572507858276, 'train/tokens_per_sec': 1639.0109355897582, 'train/step_time': 9.996272534999662, 'train/mfu': 83.63, 'train/efficiency': 53.96, 'train/forward_time_percent': 17.18, 'train/backward_time_percent': 35.78, 'train/optimizer_time_percent': 1.0, 'train/overhead_time_percent': 46.04, 'epoch': 2.111888111888112}
{'loss': 1.0139, 'learning_rate': 0.0001, 'grad_norm': 0.29657572507858276, 'train/tokens_per_sec': 1639.0853558409904, 'train/step_time': 9.995818669000073, 'train/mfu': 83.96, 'train/efficiency': 53.72, 'train/forward_time_percent': 17.4, 'train/backward_time_percent': 35.36, 'train/optimizer_time_percent': 0.96, 'train/overhead_time_percent': 46.28, 'epoch': 2.111888111888112}
{'loss': 1.1113, 'learning_rate': 0.0001, 'grad_norm': 0.32733142375946045, 'train/tokens_per_sec': 1638.3569130154515, 'train/step_time': 10.000262988999566, 'train/mfu': 84.07, 'train/efficiency': 53.74, 'train/forward_time_percent': 17.04, 'train/backward_time_percent': 35.63, 'train/optimizer_time_percent': 1.07, 'train/overhead_time_percent': 46.26, 'epoch': 2.1165501165501164}
{'loss': 1.1113, 'learning_rate': 0.0001, 'grad_norm': 0.32733142375946045, 'train/tokens_per_sec': 1638.0414846449287, 'train/step_time': 10.002188682999986, 'train/mfu': 84.16, 'train/efficiency': 53.63, 'train/forward_time_percent': 17.49, 'train/backward_time_percent': 35.11, 'train/optimizer_time_percent': 1.03, 'train/overhead_time_percent': 46.37, 'epoch': 2.1165501165501164}
{'loss': 0.9431, 'learning_rate': 0.0001, 'grad_norm': 0.29427385330200195, 'train/tokens_per_sec': 1636.6220598804725, 'train/step_time': 10.010863473999962, 'train/mfu': 84.73, 'train/efficiency': 53.26, 'train/forward_time_percent': 16.89, 'train/backward_time_percent': 35.31, 'train/optimizer_time_percent': 1.06, 'train/overhead_time_percent': 46.74, 'epoch': 2.121212121212121}
{'loss': 0.9431, 'learning_rate': 0.0001, 'grad_norm': 0.29427385330200195, 'train/tokens_per_sec': 1636.719874641541, 'train/step_time': 10.010265198000525, 'train/mfu': 83.92, 'train/efficiency': 53.59, 'train/forward_time_percent': 17.23, 'train/backward_time_percent': 35.48, 'train/optimizer_time_percent': 0.88, 'train/overhead_time_percent': 46.41, 'epoch': 2.121212121212121}
{'loss': 1.1137, 'learning_rate': 0.0001, 'grad_norm': 0.3524480164051056, 'train/tokens_per_sec': 1640.11235356236, 'train/step_time': 9.989559534999898, 'train/mfu': 82.78, 'train/efficiency': 54.49, 'train/forward_time_percent': 17.49, 'train/backward_time_percent': 36.04, 'train/optimizer_time_percent': 0.97, 'train/overhead_time_percent': 45.51, 'epoch': 2.125874125874126}
{'loss': 1.1137, 'learning_rate': 0.0001, 'grad_norm': 0.3524480164051056, 'train/tokens_per_sec': 1639.672396437387, 'train/step_time': 9.992239935000725, 'train/mfu': 84.96, 'train/efficiency': 53.19, 'train/forward_time_percent': 17.17, 'train/backward_time_percent': 34.97, 'train/optimizer_time_percent': 1.05, 'train/overhead_time_percent': 46.81, 'epoch': 2.125874125874126}
{'loss': 1.2134, 'learning_rate': 0.0001, 'grad_norm': 0.3213876783847809, 'train/tokens_per_sec': 1637.9030733107436, 'train/step_time': 10.003033920000235, 'train/mfu': 79.74, 'train/efficiency': 56.53, 'train/forward_time_percent': 19.65, 'train/backward_time_percent': 35.86, 'train/optimizer_time_percent': 1.02, 'train/overhead_time_percent': 43.47, 'epoch': 2.1305361305361306}
{'loss': 1.2134, 'learning_rate': 0.0001, 'grad_norm': 0.3213876783847809, 'train/tokens_per_sec': 1636.1202799037078, 'train/step_time': 10.01393369499965, 'train/mfu': 79.54, 'train/efficiency': 56.63, 'train/forward_time_percent': 19.63, 'train/backward_time_percent': 35.96, 'train/optimizer_time_percent': 1.04, 'train/overhead_time_percent': 43.37, 'epoch': 2.1305361305361306}
{'loss': 0.9634, 'learning_rate': 0.0001, 'grad_norm': 0.2961640954017639, 'train/tokens_per_sec': 1638.5275295469582, 'train/step_time': 9.999221682000098, 'train/mfu': 82.68, 'train/efficiency': 54.59, 'train/forward_time_percent': 17.01, 'train/backward_time_percent': 36.54, 'train/optimizer_time_percent': 1.04, 'train/overhead_time_percent': 45.41, 'epoch': 2.1351981351981353}
{'loss': 0.9634, 'learning_rate': 0.0001, 'grad_norm': 0.2961640954017639, 'train/tokens_per_sec': 1637.9878460583338, 'train/step_time': 10.002516221000405, 'train/mfu': 84.36, 'train/efficiency': 53.38, 'train/forward_time_percent': 17.09, 'train/backward_time_percent': 35.38, 'train/optimizer_time_percent': 0.91, 'train/overhead_time_percent': 46.62, 'epoch': 2.1351981351981353}
{'loss': 1.0558, 'learning_rate': 0.0001, 'grad_norm': 0.33188188076019287, 'train/tokens_per_sec': 1638.7063864749036, 'train/step_time': 9.998130315000708, 'train/mfu': 84.2, 'train/efficiency': 53.52, 'train/forward_time_percent': 16.87, 'train/backward_time_percent': 35.72, 'train/optimizer_time_percent': 0.93, 'train/overhead_time_percent': 46.48, 'epoch': 2.13986013986014}
  step   460  loss   1.0558  |     5771.3 ms
{'loss': 1.0558, 'learning_rate': 0.0001, 'grad_norm': 0.33188188076019287, 'train/tokens_per_sec': 1638.3190827651754, 'train/step_time': 10.000493903999995, 'train/mfu': 82.93, 'train/efficiency': 54.45, 'train/forward_time_percent': 17.01, 'train/backward_time_percent': 36.37, 'train/optimizer_time_percent': 1.07, 'train/overhead_time_percent': 45.55, 'epoch': 2.13986013986014}
{'loss': 1.134, 'learning_rate': 0.0001, 'grad_norm': 0.3462889790534973, 'train/tokens_per_sec': 1638.6246757619747, 'train/step_time': 9.998628876000112, 'train/mfu': 83.1, 'train/efficiency': 54.33, 'train/forward_time_percent': 16.86, 'train/backward_time_percent': 36.42, 'train/optimizer_time_percent': 1.04, 'train/overhead_time_percent': 45.67, 'epoch': 2.1445221445221447}
{'loss': 1.134, 'learning_rate': 0.0001, 'grad_norm': 0.3462889790534973, 'train/tokens_per_sec': 1637.6992054185012, 'train/step_time': 10.004279140999643, 'train/mfu': 84.73, 'train/efficiency': 53.29, 'train/forward_time_percent': 16.44, 'train/backward_time_percent': 35.8, 'train/optimizer_time_percent': 1.06, 'train/overhead_time_percent': 46.71, 'epoch': 2.1445221445221447}
{'loss': 0.8981, 'learning_rate': 0.0001, 'grad_norm': 0.3373056948184967, 'train/tokens_per_sec': 1636.6498882126764, 'train/step_time': 10.01069325699973, 'train/mfu': 84.69, 'train/efficiency': 53.18, 'train/forward_time_percent': 16.4, 'train/backward_time_percent': 35.82, 'train/optimizer_time_percent': 0.96, 'train/overhead_time_percent': 46.82, 'epoch': 2.149184149184149}
{'loss': 0.8981, 'learning_rate': 0.0001, 'grad_norm': 0.3373056948184967, 'train/tokens_per_sec': 1637.3200286211504, 'train/step_time': 10.00659596999958, 'train/mfu': 84.07, 'train/efficiency': 53.68, 'train/forward_time_percent': 17.51, 'train/backward_time_percent': 35.12, 'train/optimizer_time_percent': 1.04, 'train/overhead_time_percent': 46.32, 'epoch': 2.149184149184149}
{'loss': 0.9477, 'learning_rate': 0.0001, 'grad_norm': 0.3428936004638672, 'train/tokens_per_sec': 1637.797994427368, 'train/step_time': 10.003675701000247, 'train/mfu': 85.54, 'train/efficiency': 52.79, 'train/forward_time_percent': 16.77, 'train/backward_time_percent': 34.97, 'train/optimizer_time_percent': 1.05, 'train/overhead_time_percent': 47.21, 'epoch': 2.1538461538461537}
{'loss': 0.9477, 'learning_rate': 0.0001, 'grad_norm': 0.3428936004638672, 'train/tokens_per_sec': 1638.2169536648319, 'train/step_time': 10.001117351000175, 'train/mfu': 83.44, 'train/efficiency': 53.95, 'train/forward_time_percent': 17.04, 'train/backward_time_percent': 36.02, 'train/optimizer_time_percent': 0.89, 'train/overhead_time_percent': 46.05, 'epoch': 2.1538461538461537}
{'loss': 0.7602, 'learning_rate': 0.0001, 'grad_norm': 0.3395589292049408, 'train/tokens_per_sec': 1638.2834423585116, 'train/step_time': 10.000711462000254, 'train/mfu': 84.23, 'train/efficiency': 53.5, 'train/forward_time_percent': 16.94, 'train/backward_time_percent': 35.62, 'train/optimizer_time_percent': 0.93, 'train/overhead_time_percent': 46.5, 'epoch': 2.1585081585081585}
{'loss': 0.7602, 'learning_rate': 0.0001, 'grad_norm': 0.3395589292049408, 'train/tokens_per_sec': 1638.1534061466493, 'train/step_time': 10.001505316000475, 'train/mfu': 84.43, 'train/efficiency': 53.48, 'train/forward_time_percent': 17.11, 'train/backward_time_percent': 35.33, 'train/optimizer_time_percent': 1.05, 'train/overhead_time_percent': 46.52, 'epoch': 2.1585081585081585}
{'loss': 1.0612, 'learning_rate': 0.0001, 'grad_norm': 0.34388792514801025, 'train/tokens_per_sec': 1638.9126936828357, 'train/step_time': 9.996871745000135, 'train/mfu': 85.18, 'train/efficiency': 53.06, 'train/forward_time_percent': 17.11, 'train/backward_time_percent': 34.88, 'train/optimizer_time_percent': 1.06, 'train/overhead_time_percent': 46.94, 'epoch': 2.163170163170163}
{'loss': 1.0612, 'learning_rate': 0.0001, 'grad_norm': 0.34388792514801025, 'train/tokens_per_sec': 1639.228939715396, 'train/step_time': 9.994943112000328, 'train/mfu': 84.12, 'train/efficiency': 53.55, 'train/forward_time_percent': 16.57, 'train/backward_time_percent': 36.09, 'train/optimizer_time_percent': 0.88, 'train/overhead_time_percent': 46.45, 'epoch': 2.163170163170163}
{'loss': 1.1236, 'learning_rate': 0.0001, 'grad_norm': 0.3215687572956085, 'train/tokens_per_sec': 1636.6503329059515, 'train/step_time': 10.0106905370003, 'train/mfu': 82.6, 'train/efficiency': 54.47, 'train/forward_time_percent': 16.96, 'train/backward_time_percent': 36.58, 'train/optimizer_time_percent': 0.92, 'train/overhead_time_percent': 45.53, 'epoch': 2.167832167832168}{'loss': 1.1236, 'learning_rate': 0.0001, 'grad_norm': 0.3215687572956085, 'train/tokens_per_sec': 1636.4446425707652, 'train/step_time': 10.011948815000324, 'train/mfu': 83.16, 'train/efficiency': 54.13, 'train/forward_time_percent': 16.62, 'train/backward_time_percent': 36.56, 'train/optimizer_time_percent': 0.95, 'train/overhead_time_percent': 45.87, 'epoch': 2.167832167832168}

{'loss': 1.0639, 'learning_rate': 0.0001, 'grad_norm': 0.5004763603210449, 'train/tokens_per_sec': 1636.963914638929, 'train/step_time': 10.008772858999691, 'train/mfu': 83.33, 'train/efficiency': 54.0, 'train/forward_time_percent': 16.67, 'train/backward_time_percent': 36.41, 'train/optimizer_time_percent': 0.91, 'train/overhead_time_percent': 46.0, 'epoch': 2.1724941724941726}
{'loss': 1.0639, 'learning_rate': 0.0001, 'grad_norm': 0.5004763603210449, 'train/tokens_per_sec': 1636.983420845364, 'train/step_time': 10.008653595000396, 'train/mfu': 83.29, 'train/efficiency': 54.16, 'train/forward_time_percent': 17.61, 'train/backward_time_percent': 35.5, 'train/optimizer_time_percent': 1.05, 'train/overhead_time_percent': 45.84, 'epoch': 2.1724941724941726}
{'loss': 1.1167, 'learning_rate': 0.0001, 'grad_norm': 0.3971535861492157, 'train/tokens_per_sec': 1638.8544974539604, 'train/step_time': 9.997226737000346, 'train/mfu': 82.84, 'train/efficiency': 54.51, 'train/forward_time_percent': 17.05, 'train/backward_time_percent': 36.41, 'train/optimizer_time_percent': 1.05, 'train/overhead_time_percent': 45.49, 'epoch': 2.177156177156177}
{'loss': 1.1167, 'learning_rate': 0.0001, 'grad_norm': 0.3971535861492157, 'train/tokens_per_sec': 1637.7039127854691, 'train/step_time': 10.004250384999978, 'train/mfu': 84.65, 'train/efficiency': 53.16, 'train/forward_time_percent': 17.25, 'train/backward_time_percent': 35.04, 'train/optimizer_time_percent': 0.88, 'train/overhead_time_percent': 46.84, 'epoch': 2.177156177156177}
{'loss': 1.102, 'learning_rate': 0.0001, 'grad_norm': 0.4197344183921814, 'train/tokens_per_sec': 1637.3528948128715, 'train/step_time': 10.006395110000085, 'train/mfu': 84.08, 'train/efficiency': 53.54, 'train/forward_time_percent': 17.21, 'train/backward_time_percent': 35.41, 'train/optimizer_time_percent': 0.92, 'train/overhead_time_percent': 46.46, 'epoch': 2.1818181818181817}
{'loss': 1.102, 'learning_rate': 0.0001, 'grad_norm': 0.4197344183921814, 'train/tokens_per_sec': 1637.106696187448, 'train/step_time': 10.007899936000285, 'train/mfu': 84.86, 'train/efficiency': 53.17, 'train/forward_time_percent': 17.14, 'train/backward_time_percent': 34.99, 'train/optimizer_time_percent': 1.04, 'train/overhead_time_percent': 46.83, 'epoch': 2.1818181818181817}
  step   470  loss   0.9809  |     5706.9 ms
{'loss': 0.9809, 'learning_rate': 0.0001, 'grad_norm': 0.37280988693237305, 'train/tokens_per_sec': 1638.541519356294, 'train/step_time': 9.999136309000278, 'train/mfu': 83.9, 'train/efficiency': 53.82, 'train/forward_time_percent': 17.17, 'train/backward_time_percent': 35.61, 'train/optimizer_time_percent': 1.05, 'train/overhead_time_percent': 46.18, 'epoch': 2.1864801864801864}
{'loss': 0.9809, 'learning_rate': 0.0001, 'grad_norm': 0.37280988693237305, 'train/tokens_per_sec': 1638.56078967628, 'train/step_time': 9.999018714000158, 'train/mfu': 84.41, 'train/efficiency': 53.51, 'train/forward_time_percent': 16.77, 'train/backward_time_percent': 35.68, 'train/optimizer_time_percent': 1.05, 'train/overhead_time_percent': 46.49, 'epoch': 2.1864801864801864}
{'loss': 1.1748, 'learning_rate': 0.0001, 'grad_norm': 0.3563152253627777, 'train/tokens_per_sec': 1637.769368060781, 'train/step_time': 10.003850554000564, 'train/mfu': 83.82, 'train/efficiency': 53.89, 'train/forward_time_percent': 17.24, 'train/backward_time_percent': 35.56, 'train/optimizer_time_percent': 1.09, 'train/overhead_time_percent': 46.11, 'epoch': 2.191142191142191}{'loss': 1.1748, 'learning_rate': 0.0001, 'grad_norm': 0.3563152253627777, 'train/tokens_per_sec': 1638.1946947242448, 'train/step_time': 10.001253241000086, 'train/mfu': 83.18, 'train/efficiency': 54.11, 'train/forward_time_percent': 17.15, 'train/backward_time_percent': 36.07, 'train/optimizer_time_percent': 0.89, 'train/overhead_time_percent': 45.89, 'epoch': 2.191142191142191}

{'loss': 1.2777, 'learning_rate': 0.0001, 'grad_norm': 0.39044880867004395, 'train/tokens_per_sec': 1637.3419350690995, 'train/step_time': 10.006462089000706, 'train/mfu': 84.94, 'train/efficiency': 53.11, 'train/forward_time_percent': 17.57, 'train/backward_time_percent': 34.52, 'train/optimizer_time_percent': 1.02, 'train/overhead_time_percent': 46.89, 'epoch': 2.195804195804196}
{'loss': 1.2777, 'learning_rate': 0.0001, 'grad_norm': 0.39044880867004395, 'train/tokens_per_sec': 1637.2616309801515, 'train/step_time': 10.006952884000384, 'train/mfu': 83.93, 'train/efficiency': 53.81, 'train/forward_time_percent': 17.02, 'train/backward_time_percent': 35.69, 'train/optimizer_time_percent': 1.1, 'train/overhead_time_percent': 46.19, 'epoch': 2.195804195804196}
{'loss': 0.8653, 'learning_rate': 0.0001, 'grad_norm': 0.419110506772995, 'train/tokens_per_sec': 1638.6993846421203, 'train/step_time': 9.998173035000036, 'train/mfu': 83.38, 'train/efficiency': 54.16, 'train/forward_time_percent': 17.37, 'train/backward_time_percent': 35.74, 'train/optimizer_time_percent': 1.05, 'train/overhead_time_percent': 45.84, 'epoch': 2.2004662004662006}{'loss': 0.8653, 'learning_rate': 0.0001, 'grad_norm': 0.419110506772995, 'train/tokens_per_sec': 1638.069015706023, 'train/step_time': 10.002020576000177, 'train/mfu': 86.57, 'train/efficiency': 52.17, 'train/forward_time_percent': 16.71, 'train/backward_time_percent': 34.43, 'train/optimizer_time_percent': 1.03, 'train/overhead_time_percent': 47.83, 'epoch': 2.2004662004662006}

{'loss': 0.9731, 'learning_rate': 0.0001, 'grad_norm': 0.34158098697662354, 'train/tokens_per_sec': 1638.623987773414, 'train/step_time': 9.998633073999372, 'train/mfu': 82.44, 'train/efficiency': 54.59, 'train/forward_time_percent': 17.34, 'train/backward_time_percent': 36.37, 'train/optimizer_time_percent': 0.87, 'train/overhead_time_percent': 45.41, 'epoch': 2.2051282051282053}
{'loss': 0.9731, 'learning_rate': 0.0001, 'grad_norm': 0.34158098697662354, 'train/tokens_per_sec': 1637.557939705239, 'train/step_time': 10.005142170999534, 'train/mfu': 84.81, 'train/efficiency': 53.1, 'train/forward_time_percent': 16.55, 'train/backward_time_percent': 35.63, 'train/optimizer_time_percent': 0.91, 'train/overhead_time_percent': 46.9, 'epoch': 2.2051282051282053}
{'loss': 0.9882, 'learning_rate': 0.0001, 'grad_norm': 0.5263425707817078, 'train/tokens_per_sec': 1638.9778329439475, 'train/step_time': 9.996474431000024, 'train/mfu': 83.94, 'train/efficiency': 53.74, 'train/forward_time_percent': 17.35, 'train/backward_time_percent': 35.41, 'train/optimizer_time_percent': 0.97, 'train/overhead_time_percent': 46.26, 'epoch': 2.20979020979021}
{'loss': 0.9882, 'learning_rate': 0.0001, 'grad_norm': 0.5263425707817078, 'train/tokens_per_sec': 1638.5305561484963, 'train/step_time': 9.999203211999884, 'train/mfu': 85.77, 'train/efficiency': 52.51, 'train/forward_time_percent': 16.7, 'train/backward_time_percent': 34.93, 'train/optimizer_time_percent': 0.88, 'train/overhead_time_percent': 47.49, 'epoch': 2.20979020979021}
{'loss': 1.0585, 'learning_rate': 0.0001, 'grad_norm': 0.3451189696788788, 'train/tokens_per_sec': 1638.575406383988, 'train/step_time': 9.99892951899983, 'train/mfu': 85.95, 'train/efficiency': 52.59, 'train/forward_time_percent': 16.6, 'train/backward_time_percent': 34.92, 'train/optimizer_time_percent': 1.07, 'train/overhead_time_percent': 47.41, 'epoch': 2.2144522144522143}
{'loss': 1.0585, 'learning_rate': 0.0001, 'grad_norm': 0.3451189696788788, 'train/tokens_per_sec': 1638.430887043707, 'train/step_time': 9.99981148400002, 'train/mfu': 85.88, 'train/efficiency': 52.45, 'train/forward_time_percent': 16.48, 'train/backward_time_percent': 35.08, 'train/optimizer_time_percent': 0.89, 'train/overhead_time_percent': 47.55, 'epoch': 2.2144522144522143}
{'loss': 1.1028, 'learning_rate': 0.0001, 'grad_norm': 0.38465040922164917, 'train/tokens_per_sec': 1636.4778708256024, 'train/step_time': 10.011745525000151, 'train/mfu': 86.46, 'train/efficiency': 52.18, 'train/forward_time_percent': 16.44, 'train/backward_time_percent': 34.71, 'train/optimizer_time_percent': 1.03, 'train/overhead_time_percent': 47.82, 'epoch': 2.219114219114219}
{'loss': 1.1028, 'learning_rate': 0.0001, 'grad_norm': 0.38465040922164917, 'train/tokens_per_sec': 1637.5422638773541, 'train/step_time': 10.005237948000286, 'train/mfu': 83.8, 'train/efficiency': 53.84, 'train/forward_time_percent': 17.15, 'train/backward_time_percent': 35.66, 'train/optimizer_time_percent': 1.04, 'train/overhead_time_percent': 46.16, 'epoch': 2.219114219114219}
{'loss': 1.1931, 'learning_rate': 0.0001, 'grad_norm': 0.3520633578300476, 'train/tokens_per_sec': 1639.838128035366, 'train/step_time': 9.991230060999442, 'train/mfu': 84.01, 'train/efficiency': 53.81, 'train/forward_time_percent': 16.74, 'train/backward_time_percent': 36.01, 'train/optimizer_time_percent': 1.06, 'train/overhead_time_percent': 46.19, 'epoch': 2.2237762237762237}
{'loss': 1.1931, 'learning_rate': 0.0001, 'grad_norm': 0.3520633578300476, 'train/tokens_per_sec': 1639.4170028290514, 'train/step_time': 9.993796558000213, 'train/mfu': 84.28, 'train/efficiency': 53.63, 'train/forward_time_percent': 17.49, 'train/backward_time_percent': 35.08, 'train/optimizer_time_percent': 1.06, 'train/overhead_time_percent': 46.37, 'epoch': 2.2237762237762237}
{'loss': 1.0621, 'learning_rate': 0.0001, 'grad_norm': 0.347694456577301, 'train/tokens_per_sec': 1638.685813024809, 'train/step_time': 9.998255839999729, 'train/mfu': 82.75, 'train/efficiency': 54.4, 'train/forward_time_percent': 17.31, 'train/backward_time_percent': 36.21, 'train/optimizer_time_percent': 0.88, 'train/overhead_time_percent': 45.6, 'epoch': 2.2284382284382285}
{'loss': 1.0621, 'learning_rate': 0.0001, 'grad_norm': 0.347694456577301, 'train/tokens_per_sec': 1638.0323970283064, 'train/step_time': 10.002244174000225, 'train/mfu': 86.17, 'train/efficiency': 52.25, 'train/forward_time_percent': 16.52, 'train/backward_time_percent': 34.85, 'train/optimizer_time_percent': 0.88, 'train/overhead_time_percent': 47.75, 'epoch': 2.2284382284382285}
  step   480  loss   1.3237  |     5689.4 ms
{'loss': 1.3237, 'learning_rate': 0.0001, 'grad_norm': 0.33183085918426514, 'train/tokens_per_sec': 1639.0317082252295, 'train/step_time': 9.996145845000683, 'train/mfu': 83.99, 'train/efficiency': 53.78, 'train/forward_time_percent': 17.12, 'train/backward_time_percent': 35.62, 'train/optimizer_time_percent': 1.04, 'train/overhead_time_percent': 46.22, 'epoch': 2.233100233100233}
{'loss': 1.3237, 'learning_rate': 0.0001, 'grad_norm': 0.33183085918426514, 'train/tokens_per_sec': 1638.518593518094, 'train/step_time': 9.999276214999554, 'train/mfu': 84.49, 'train/efficiency': 53.45, 'train/forward_time_percent': 16.8, 'train/backward_time_percent': 35.61, 'train/optimizer_time_percent': 1.04, 'train/overhead_time_percent': 46.55, 'epoch': 2.233100233100233}
{'loss': 1.1222, 'learning_rate': 0.0001, 'grad_norm': 0.3401933014392853, 'train/tokens_per_sec': 1636.300485754989, 'train/step_time': 10.012830859999667, 'train/mfu': 82.84, 'train/efficiency': 54.43, 'train/forward_time_percent': 17.09, 'train/backward_time_percent': 36.29, 'train/optimizer_time_percent': 1.05, 'train/overhead_time_percent': 45.57, 'epoch': 2.237762237762238}
{'loss': 1.1222, 'learning_rate': 0.0001, 'grad_norm': 0.3401933014392853, 'train/tokens_per_sec': 1635.7161548816628, 'train/step_time': 10.016407768000136, 'train/mfu': 84.04, 'train/efficiency': 53.67, 'train/forward_time_percent': 17.33, 'train/backward_time_percent': 35.26, 'train/optimizer_time_percent': 1.08, 'train/overhead_time_percent': 46.33, 'epoch': 2.237762237762238}
{'loss': 0.8956, 'learning_rate': 0.0001, 'grad_norm': 0.30905571579933167, 'train/tokens_per_sec': 1637.5803406019947, 'train/step_time': 10.005005308000364, 'train/mfu': 82.86, 'train/efficiency': 54.44, 'train/forward_time_percent': 16.79, 'train/backward_time_percent': 36.62, 'train/optimizer_time_percent': 1.03, 'train/overhead_time_percent': 45.56, 'epoch': 2.242424242424242}
{'loss': 0.8956, 'learning_rate': 0.0001, 'grad_norm': 0.30905571579933167, 'train/tokens_per_sec': 1636.4489878783277, 'train/step_time': 10.011922229999982, 'train/mfu': 84.1, 'train/efficiency': 53.48, 'train/forward_time_percent': 17.26, 'train/backward_time_percent': 35.33, 'train/optimizer_time_percent': 0.9, 'train/overhead_time_percent': 46.52, 'epoch': 2.242424242424242}
{'loss': 0.87, 'learning_rate': 0.0001, 'grad_norm': 0.35743236541748047, 'train/tokens_per_sec': 1637.1415626785079, 'train/step_time': 10.007686795999689, 'train/mfu': 83.26, 'train/efficiency': 54.02, 'train/forward_time_percent': 17.55, 'train/backward_time_percent': 35.58, 'train/optimizer_time_percent': 0.88, 'train/overhead_time_percent': 45.98, 'epoch': 2.247086247086247}
{'loss': 0.87, 'learning_rate': 0.0001, 'grad_norm': 0.35743236541748047, 'train/tokens_per_sec': 1636.017339031072, 'train/step_time': 10.014563787999577, 'train/mfu': 85.91, 'train/efficiency': 52.38, 'train/forward_time_percent': 17.35, 'train/backward_time_percent': 34.11, 'train/optimizer_time_percent': 0.91, 'train/overhead_time_percent': 47.62, 'epoch': 2.247086247086247}
{'loss': 1.032, 'learning_rate': 0.0001, 'grad_norm': 0.36968517303466797, 'train/tokens_per_sec': 1637.6085151465666, 'train/step_time': 10.004833174999476, 'train/mfu': 84.99, 'train/efficiency': 52.99, 'train/forward_time_percent': 17.24, 'train/backward_time_percent': 34.84, 'train/optimizer_time_percent': 0.91, 'train/overhead_time_percent': 47.01, 'epoch': 2.2517482517482517}{'loss': 1.032, 'learning_rate': 0.0001, 'grad_norm': 0.36968517303466797, 'train/tokens_per_sec': 1637.474948318558, 'train/step_time': 10.005649257000186, 'train/mfu': 84.55, 'train/efficiency': 53.34, 'train/forward_time_percent': 17.1, 'train/backward_time_percent': 35.24, 'train/optimizer_time_percent': 1.01, 'train/overhead_time_percent': 46.66, 'epoch': 2.2517482517482517}

{'loss': 1.3509, 'learning_rate': 0.0001, 'grad_norm': 0.3185543119907379, 'train/tokens_per_sec': 1635.501656696998, 'train/step_time': 10.017721432999679, 'train/mfu': 83.24, 'train/efficiency': 54.15, 'train/forward_time_percent': 17.33, 'train/backward_time_percent': 35.77, 'train/optimizer_time_percent': 1.05, 'train/overhead_time_percent': 45.85, 'epoch': 2.2564102564102564}
{'loss': 1.3509, 'learning_rate': 0.0001, 'grad_norm': 0.3185543119907379, 'train/tokens_per_sec': 1635.2133813569603, 'train/step_time': 10.019487479000418, 'train/mfu': 84.32, 'train/efficiency': 53.45, 'train/forward_time_percent': 17.36, 'train/backward_time_percent': 35.05, 'train/optimizer_time_percent': 1.04, 'train/overhead_time_percent': 46.55, 'epoch': 2.2564102564102564}
{'loss': 1.1602, 'learning_rate': 0.0001, 'grad_norm': 0.40916186571121216, 'train/tokens_per_sec': 1635.4012820908688, 'train/step_time': 10.018336281999837, 'train/mfu': 84.86, 'train/efficiency': 53.05, 'train/forward_time_percent': 16.97, 'train/backward_time_percent': 35.1, 'train/optimizer_time_percent': 0.98, 'train/overhead_time_percent': 46.95, 'epoch': 2.261072261072261}
{'loss': 1.1602, 'learning_rate': 0.0001, 'grad_norm': 0.40916186571121216, 'train/tokens_per_sec': 1636.572906604172, 'train/step_time': 10.011164142999405, 'train/mfu': 82.66, 'train/efficiency': 54.49, 'train/forward_time_percent': 17.6, 'train/backward_time_percent': 35.9, 'train/optimizer_time_percent': 0.98, 'train/overhead_time_percent': 45.51, 'epoch': 2.261072261072261}
{'loss': 0.9853, 'learning_rate': 0.0001, 'grad_norm': 0.3415760099887848, 'train/tokens_per_sec': 1637.1185120874145, 'train/step_time': 10.007827704000192, 'train/mfu': 84.43, 'train/efficiency': 53.41, 'train/forward_time_percent': 17.72, 'train/backward_time_percent': 34.68, 'train/optimizer_time_percent': 1.01, 'train/overhead_time_percent': 46.59, 'epoch': 2.265734265734266}
{'loss': 0.9853, 'learning_rate': 0.0001, 'grad_norm': 0.3415760099887848, 'train/tokens_per_sec': 1637.7130511069558, 'train/step_time': 10.004194561999611, 'train/mfu': 83.65, 'train/efficiency': 53.96, 'train/forward_time_percent': 17.3, 'train/backward_time_percent': 35.61, 'train/optimizer_time_percent': 1.05, 'train/overhead_time_percent': 46.04, 'epoch': 2.265734265734266}
{'loss': 1.1018, 'learning_rate': 0.0001, 'grad_norm': 0.3826088011264801, 'train/tokens_per_sec': 1638.4136258669905, 'train/step_time': 9.999916834999567, 'train/mfu': 84.3, 'train/efficiency': 53.44, 'train/forward_time_percent': 17.87, 'train/backward_time_percent': 34.65, 'train/optimizer_time_percent': 0.92, 'train/overhead_time_percent': 46.56, 'epoch': 2.2703962703962706}
{'loss': 1.1018, 'learning_rate': 0.0001, 'grad_norm': 0.3826088011264801, 'train/tokens_per_sec': 1639.587650070641, 'train/step_time': 9.992756409999856, 'train/mfu': 82.09, 'train/efficiency': 54.85, 'train/forward_time_percent': 17.19, 'train/backward_time_percent': 36.79, 'train/optimizer_time_percent': 0.88, 'train/overhead_time_percent': 45.15, 'epoch': 2.2703962703962706}
{'loss': 1.1792, 'learning_rate': 0.0001, 'grad_norm': 0.36712419986724854, 'train/tokens_per_sec': 1639.3324370443681, 'train/step_time': 9.99431209300019, 'train/mfu': 82.76, 'train/efficiency': 54.6, 'train/forward_time_percent': 16.73, 'train/backward_time_percent': 36.8, 'train/optimizer_time_percent': 1.06, 'train/overhead_time_percent': 45.4, 'epoch': 2.2750582750582753}
{'loss': 1.1792, 'learning_rate': 0.0001, 'grad_norm': 0.36712419986724854, 'train/tokens_per_sec': 1639.7312446702338, 'train/step_time': 9.991881324000133, 'train/mfu': 81.6, 'train/efficiency': 55.21, 'train/forward_time_percent': 17.4, 'train/backward_time_percent': 36.91, 'train/optimizer_time_percent': 0.9, 'train/overhead_time_percent': 44.79, 'epoch': 2.2750582750582753}
  step   490  loss   0.9070  |     5675.6 ms
{'loss': 0.907, 'learning_rate': 0.0001, 'grad_norm': 0.33136096596717834, 'train/tokens_per_sec': 1636.6777385820553, 'train/step_time': 10.010522911000407, 'train/mfu': 85.23, 'train/efficiency': 52.79, 'train/forward_time_percent': 16.32, 'train/backward_time_percent': 35.57, 'train/optimizer_time_percent': 0.9, 'train/overhead_time_percent': 47.21, 'epoch': 2.2797202797202796}
{'loss': 0.907, 'learning_rate': 0.0001, 'grad_norm': 0.33136096596717834, 'train/tokens_per_sec': 1637.3724191271772, 'train/step_time': 10.006275791999542, 'train/mfu': 84.25, 'train/efficiency': 53.4, 'train/forward_time_percent': 17.16, 'train/backward_time_percent': 35.36, 'train/optimizer_time_percent': 0.88, 'train/overhead_time_percent': 46.6, 'epoch': 2.2797202797202796}
{'loss': 1.0245, 'learning_rate': 0.0001, 'grad_norm': 0.33976078033447266, 'train/tokens_per_sec': 1637.5371813316153, 'train/step_time': 10.005269002000205, 'train/mfu': 84.07, 'train/efficiency': 53.7, 'train/forward_time_percent': 17.7, 'train/backward_time_percent': 34.94, 'train/optimizer_time_percent': 1.06, 'train/overhead_time_percent': 46.3, 'epoch': 2.2843822843822843}{'loss': 1.0245, 'learning_rate': 0.0001, 'grad_norm': 0.33976078033447266, 'train/tokens_per_sec': 1636.9975362466791, 'train/step_time': 10.008567292999942, 'train/mfu': 84.83, 'train/efficiency': 53.07, 'train/forward_time_percent': 17.07, 'train/backward_time_percent': 35.08, 'train/optimizer_time_percent': 0.92, 'train/overhead_time_percent': 46.93, 'epoch': 2.2843822843822843}

{'loss': 0.9941, 'learning_rate': 0.0001, 'grad_norm': 0.3378286063671112, 'train/tokens_per_sec': 1638.4454337641357, 'train/step_time': 9.999722702000327, 'train/mfu': 82.4, 'train/efficiency': 54.74, 'train/forward_time_percent': 17.51, 'train/backward_time_percent': 36.22, 'train/optimizer_time_percent': 1.01, 'train/overhead_time_percent': 45.26, 'epoch': 2.289044289044289}
{'loss': 0.9941, 'learning_rate': 0.0001, 'grad_norm': 0.3378286063671112, 'train/tokens_per_sec': 1637.4790005910168, 'train/step_time': 10.005624496000564, 'train/mfu': 86.39, 'train/efficiency': 52.28, 'train/forward_time_percent': 17.21, 'train/backward_time_percent': 34.01, 'train/optimizer_time_percent': 1.05, 'train/overhead_time_percent': 47.72, 'epoch': 2.289044289044289}
{'loss': 1.0238, 'learning_rate': 0.0001, 'grad_norm': 0.38313543796539307, 'train/tokens_per_sec': 1638.5090722720156, 'train/step_time': 9.999334319999434, 'train/mfu': 84.42, 'train/efficiency': 53.37, 'train/forward_time_percent': 17.49, 'train/backward_time_percent': 34.96, 'train/optimizer_time_percent': 0.91, 'train/overhead_time_percent': 46.63, 'epoch': 2.2937062937062938}{'loss': 1.0238, 'learning_rate': 0.0001, 'grad_norm': 0.38313543796539307, 'train/tokens_per_sec': 1639.038689614885, 'train/step_time': 9.996103267000763, 'train/mfu': 84.58, 'train/efficiency': 53.46, 'train/forward_time_percent': 16.76, 'train/backward_time_percent': 35.61, 'train/optimizer_time_percent': 1.09, 'train/overhead_time_percent': 46.54, 'epoch': 2.2937062937062938}

{'loss': 1.0663, 'learning_rate': 0.0001, 'grad_norm': 0.43500998616218567, 'train/tokens_per_sec': 1638.8545992551049, 'train/step_time': 9.997226116000093, 'train/mfu': 82.83, 'train/efficiency': 54.51, 'train/forward_time_percent': 17.15, 'train/backward_time_percent': 36.32, 'train/optimizer_time_percent': 1.04, 'train/overhead_time_percent': 45.49, 'epoch': 2.2983682983682985}{'loss': 1.0663, 'learning_rate': 0.0001, 'grad_norm': 0.43500998616218567, 'train/tokens_per_sec': 1638.19571388199, 'train/step_time': 10.001247018999493, 'train/mfu': 84.34, 'train/efficiency': 53.55, 'train/forward_time_percent': 16.76, 'train/backward_time_percent': 35.73, 'train/optimizer_time_percent': 1.06, 'train/overhead_time_percent': 46.45, 'epoch': 2.2983682983682985}

{'loss': 1.1491, 'learning_rate': 0.0001, 'grad_norm': 0.35732609033584595, 'train/tokens_per_sec': 1637.6771455208743, 'train/step_time': 10.00441390100059, 'train/mfu': 83.12, 'train/efficiency': 54.14, 'train/forward_time_percent': 17.27, 'train/backward_time_percent': 35.97, 'train/optimizer_time_percent': 0.89, 'train/overhead_time_percent': 45.86, 'epoch': 2.303030303030303}
{'loss': 1.1491, 'learning_rate': 0.0001, 'grad_norm': 0.35732609033584595, 'train/tokens_per_sec': 1636.6323911918412, 'train/step_time': 10.010800279999785, 'train/mfu': 86.02, 'train/efficiency': 52.46, 'train/forward_time_percent': 16.88, 'train/backward_time_percent': 34.54, 'train/optimizer_time_percent': 1.05, 'train/overhead_time_percent': 47.54, 'epoch': 2.303030303030303}
{'loss': 1.0443, 'learning_rate': 0.0001, 'grad_norm': 0.38536062836647034, 'train/tokens_per_sec': 1637.2301376705518, 'train/step_time': 10.007145374999709, 'train/mfu': 85.74, 'train/efficiency': 52.51, 'train/forward_time_percent': 16.6, 'train/backward_time_percent': 35.0, 'train/optimizer_time_percent': 0.91, 'train/overhead_time_percent': 47.49, 'epoch': 2.3076923076923075}
{'loss': 1.0443, 'learning_rate': 0.0001, 'grad_norm': 0.38536062836647034, 'train/tokens_per_sec': 1638.209033153909, 'train/step_time': 10.001165704999949, 'train/mfu': 81.82, 'train/efficiency': 55.14, 'train/forward_time_percent': 17.2, 'train/backward_time_percent': 36.91, 'train/optimizer_time_percent': 1.03, 'train/overhead_time_percent': 44.86, 'epoch': 2.3076923076923075}
{'loss': 1.0743, 'learning_rate': 0.0001, 'grad_norm': 0.33413031697273254, 'train/tokens_per_sec': 1638.3686401497198, 'train/step_time': 10.000191408999854, 'train/mfu': 85.47, 'train/efficiency': 52.74, 'train/forward_time_percent': 17.29, 'train/backward_time_percent': 34.52, 'train/optimizer_time_percent': 0.94, 'train/overhead_time_percent': 47.26, 'epoch': 2.312354312354312}{'loss': 1.0743, 'learning_rate': 0.0001, 'grad_norm': 0.33413031697273254, 'train/tokens_per_sec': 1638.23484168216, 'train/step_time': 10.001008147999528, 'train/mfu': 85.46, 'train/efficiency': 52.7, 'train/forward_time_percent': 16.52, 'train/backward_time_percent': 35.28, 'train/optimizer_time_percent': 0.89, 'train/overhead_time_percent': 47.3, 'epoch': 2.312354312354312}

{'loss': 0.9447, 'learning_rate': 0.0001, 'grad_norm': 0.3809739053249359, 'train/tokens_per_sec': 1638.4181848034978, 'train/step_time': 9.999889009999606, 'train/mfu': 85.32, 'train/efficiency': 52.85, 'train/forward_time_percent': 17.16, 'train/backward_time_percent': 34.74, 'train/optimizer_time_percent': 0.95, 'train/overhead_time_percent': 47.15, 'epoch': 2.317016317016317}
{'loss': 0.9447, 'learning_rate': 0.0001, 'grad_norm': 0.3809739053249359, 'train/tokens_per_sec': 1638.7411624760487, 'train/step_time': 9.997918142999879, 'train/mfu': 84.03, 'train/efficiency': 53.65, 'train/forward_time_percent': 17.11, 'train/backward_time_percent': 35.59, 'train/optimizer_time_percent': 0.96, 'train/overhead_time_percent': 46.35, 'epoch': 2.317016317016317}
{'loss': 0.998, 'learning_rate': 0.0001, 'grad_norm': 0.39825552701950073, 'train/tokens_per_sec': 1637.2506878375993, 'train/step_time': 10.00701976900018, 'train/mfu': 85.18, 'train/efficiency': 52.88, 'train/forward_time_percent': 17.34, 'train/backward_time_percent': 34.61, 'train/optimizer_time_percent': 0.93, 'train/overhead_time_percent': 47.12, 'epoch': 2.3216783216783217}
{'loss': 0.998, 'learning_rate': 0.0001, 'grad_norm': 0.39825552701950073, 'train/tokens_per_sec': 1637.4478803858399, 'train/step_time': 10.00581465599953, 'train/mfu': 85.07, 'train/efficiency': 52.98, 'train/forward_time_percent': 16.6, 'train/backward_time_percent': 35.42, 'train/optimizer_time_percent': 0.96, 'train/overhead_time_percent': 47.02, 'epoch': 2.3216783216783217}
  step   500  loss   1.3201  |     5719.6 ms{'loss': 1.3201, 'learning_rate': 0.0001, 'grad_norm': 0.35383546352386475, 'train/tokens_per_sec': 1637.3729399760339, 'train/step_time': 10.006272609000007, 'train/mfu': 84.47, 'train/efficiency': 53.38, 'train/forward_time_percent': 17.17, 'train/backward_time_percent': 35.21, 'train/optimizer_time_percent': 1.0, 'train/overhead_time_percent': 46.62, 'epoch': 2.3263403263403264}

{'loss': 1.3201, 'learning_rate': 0.0001, 'grad_norm': 0.35383546352386475, 'train/tokens_per_sec': 1637.5361356607114, 'train/step_time': 10.005275391000396, 'train/mfu': 83.7, 'train/efficiency': 53.76, 'train/forward_time_percent': 17.12, 'train/backward_time_percent': 35.75, 'train/optimizer_time_percent': 0.9, 'train/overhead_time_percent': 46.24, 'epoch': 2.3263403263403264}
{'loss': 0.8833, 'learning_rate': 0.0001, 'grad_norm': 0.33309057354927063, 'train/tokens_per_sec': 1636.4477786759032, 'train/step_time': 10.011929627999962, 'train/mfu': 84.89, 'train/efficiency': 53.18, 'train/forward_time_percent': 16.96, 'train/backward_time_percent': 35.14, 'train/optimizer_time_percent': 1.08, 'train/overhead_time_percent': 46.82, 'epoch': 2.331002331002331}
{'loss': 0.8833, 'learning_rate': 0.0001, 'grad_norm': 0.33309057354927063, 'train/tokens_per_sec': 1637.181478569162, 'train/step_time': 10.007442799999808, 'train/mfu': 83.94, 'train/efficiency': 53.76, 'train/forward_time_percent': 17.49, 'train/backward_time_percent': 35.21, 'train/optimizer_time_percent': 1.05, 'train/overhead_time_percent': 46.24, 'epoch': 2.331002331002331}
{'loss': 1.2647, 'learning_rate': 0.0001, 'grad_norm': 0.41436290740966797, 'train/tokens_per_sec': 1637.1328630930414, 'train/step_time': 10.007739976000266, 'train/mfu': 84.08, 'train/efficiency': 53.65, 'train/forward_time_percent': 16.87, 'train/backward_time_percent': 35.75, 'train/optimizer_time_percent': 1.03, 'train/overhead_time_percent': 46.35, 'epoch': 2.335664335664336}
{'loss': 1.2647, 'learning_rate': 0.0001, 'grad_norm': 0.41436290740966797, 'train/tokens_per_sec': 1637.808430146274, 'train/step_time': 10.003611959999944, 'train/mfu': 83.26, 'train/efficiency': 54.2, 'train/forward_time_percent': 17.46, 'train/backward_time_percent': 35.7, 'train/optimizer_time_percent': 1.05, 'train/overhead_time_percent': 45.8, 'epoch': 2.335664335664336}
{'loss': 0.94, 'learning_rate': 0.0001, 'grad_norm': 0.41356173157691956, 'train/tokens_per_sec': 1636.9287053988319, 'train/step_time': 10.008988141000373, 'train/mfu': 85.48, 'train/efficiency': 52.75, 'train/forward_time_percent': 16.97, 'train/backward_time_percent': 34.79, 'train/optimizer_time_percent': 1.0, 'train/overhead_time_percent': 47.25, 'epoch': 2.3403263403263406}{'loss': 0.94, 'learning_rate': 0.0001, 'grad_norm': 0.41356173157691956, 'train/tokens_per_sec': 1637.6157924689778, 'train/step_time': 10.004788715000359, 'train/mfu': 84.88, 'train/efficiency': 53.19, 'train/forward_time_percent': 16.98, 'train/backward_time_percent': 35.16, 'train/optimizer_time_percent': 1.05, 'train/overhead_time_percent': 46.81, 'epoch': 2.3403263403263406}

{'loss': 1.1587, 'learning_rate': 0.0001, 'grad_norm': 0.42145290970802307, 'train/tokens_per_sec': 1639.9016817484423, 'train/step_time': 9.990842855000665, 'train/mfu': 83.66, 'train/efficiency': 53.94, 'train/forward_time_percent': 17.52, 'train/backward_time_percent': 35.46, 'train/optimizer_time_percent': 0.97, 'train/overhead_time_percent': 46.06, 'epoch': 2.344988344988345}{'loss': 1.1587, 'learning_rate': 0.0001, 'grad_norm': 0.42145290970802307, 'train/tokens_per_sec': 1639.5732103830258, 'train/step_time': 9.99284441600048, 'train/mfu': 84.91, 'train/efficiency': 53.12, 'train/forward_time_percent': 16.6, 'train/backward_time_percent': 35.58, 'train/optimizer_time_percent': 0.94, 'train/overhead_time_percent': 46.88, 'epoch': 2.344988344988345}

{'loss': 1.2078, 'learning_rate': 0.0001, 'grad_norm': 0.43378710746765137, 'train/tokens_per_sec': 1637.4540786389573, 'train/step_time': 10.00577678100035, 'train/mfu': 82.32, 'train/efficiency': 54.64, 'train/forward_time_percent': 17.47, 'train/backward_time_percent': 36.28, 'train/optimizer_time_percent': 0.88, 'train/overhead_time_percent': 45.36, 'epoch': 2.3496503496503496}{'loss': 1.2078, 'learning_rate': 0.0001, 'grad_norm': 0.43378710746765137, 'train/tokens_per_sec': 1636.1369023084883, 'train/step_time': 10.013831958000083, 'train/mfu': 87.62, 'train/efficiency': 51.52, 'train/forward_time_percent': 16.75, 'train/backward_time_percent': 33.71, 'train/optimizer_time_percent': 1.06, 'train/overhead_time_percent': 48.48, 'epoch': 2.3496503496503496}

{'loss': 1.2264, 'learning_rate': 0.0001, 'grad_norm': 0.4642704725265503, 'train/tokens_per_sec': 1638.6779420649511, 'train/step_time': 9.998303864000263, 'train/mfu': 85.12, 'train/efficiency': 53.1, 'train/forward_time_percent': 17.4, 'train/backward_time_percent': 34.63, 'train/optimizer_time_percent': 1.07, 'train/overhead_time_percent': 46.9, 'epoch': 2.3543123543123543}
{'loss': 1.2264, 'learning_rate': 0.0001, 'grad_norm': 0.4642704725265503, 'train/tokens_per_sec': 1639.326295093557, 'train/step_time': 9.994349538000279, 'train/mfu': 83.73, 'train/efficiency': 53.97, 'train/forward_time_percent': 16.95, 'train/backward_time_percent': 35.96, 'train/optimizer_time_percent': 1.06, 'train/overhead_time_percent': 46.03, 'epoch': 2.3543123543123543}
{'loss': 1.0724, 'learning_rate': 0.0001, 'grad_norm': 0.4430716633796692, 'train/tokens_per_sec': 1637.9182605588635, 'train/step_time': 10.002941168999314, 'train/mfu': 85.55, 'train/efficiency': 52.67, 'train/forward_time_percent': 16.83, 'train/backward_time_percent': 34.91, 'train/optimizer_time_percent': 0.93, 'train/overhead_time_percent': 47.33, 'epoch': 2.358974358974359}{'loss': 1.0724, 'learning_rate': 0.0001, 'grad_norm': 0.4430716633796692, 'train/tokens_per_sec': 1638.9214359661198, 'train/step_time': 9.996818420000636, 'train/mfu': 82.07, 'train/efficiency': 55.0, 'train/forward_time_percent': 17.4, 'train/backward_time_percent': 36.57, 'train/optimizer_time_percent': 1.04, 'train/overhead_time_percent': 45.0, 'epoch': 2.358974358974359}

{'loss': 0.8967, 'learning_rate': 0.0001, 'grad_norm': 0.385919988155365, 'train/tokens_per_sec': 1638.4299554148888, 'train/step_time': 9.999817169999915, 'train/mfu': 83.58, 'train/efficiency': 54.03, 'train/forward_time_percent': 17.14, 'train/backward_time_percent': 35.84, 'train/optimizer_time_percent': 1.06, 'train/overhead_time_percent': 45.97, 'epoch': 2.3636363636363638}
{'loss': 0.8967, 'learning_rate': 0.0001, 'grad_norm': 0.385919988155365, 'train/tokens_per_sec': 1638.6893954969062, 'train/step_time': 9.998233981999874, 'train/mfu': 82.21, 'train/efficiency': 54.92, 'train/forward_time_percent': 17.43, 'train/backward_time_percent': 36.43, 'train/optimizer_time_percent': 1.06, 'train/overhead_time_percent': 45.08, 'epoch': 2.3636363636363638}
{'loss': 1.0513, 'learning_rate': 0.0001, 'grad_norm': 0.33264803886413574, 'train/tokens_per_sec': 1637.4167814915174, 'train/step_time': 10.00600469299934, 'train/mfu': 85.09, 'train/efficiency': 53.06, 'train/forward_time_percent': 15.9, 'train/backward_time_percent': 36.11, 'train/optimizer_time_percent': 1.06, 'train/overhead_time_percent': 46.94, 'epoch': 2.3682983682983685}
{'loss': 1.0513, 'learning_rate': 0.0001, 'grad_norm': 0.33264803886413574, 'train/tokens_per_sec': 1638.0473231695662, 'train/step_time': 10.002153032000024, 'train/mfu': 83.72, 'train/efficiency': 53.93, 'train/forward_time_percent': 17.41, 'train/backward_time_percent': 35.47, 'train/optimizer_time_percent': 1.05, 'train/overhead_time_percent': 46.07, 'epoch': 2.3682983682983685}
  step   510  loss   1.0169  |     5576.9 ms
{'loss': 1.0169, 'learning_rate': 0.0001, 'grad_norm': 0.4451770782470703, 'train/tokens_per_sec': 1636.898106538029, 'train/step_time': 10.009175240999866, 'train/mfu': 85.91, 'train/efficiency': 52.49, 'train/forward_time_percent': 16.62, 'train/backward_time_percent': 34.87, 'train/optimizer_time_percent': 1.0, 'train/overhead_time_percent': 47.51, 'epoch': 2.3729603729603728}
{'loss': 1.0169, 'learning_rate': 0.0001, 'grad_norm': 0.4451770782470703, 'train/tokens_per_sec': 1637.5000722078546, 'train/step_time': 10.005495741999766, 'train/mfu': 83.11, 'train/efficiency': 54.16, 'train/forward_time_percent': 17.51, 'train/backward_time_percent': 35.74, 'train/optimizer_time_percent': 0.92, 'train/overhead_time_percent': 45.84, 'epoch': 2.3729603729603728}
{'loss': 0.972, 'learning_rate': 0.0001, 'grad_norm': 0.35659682750701904, 'train/tokens_per_sec': 1638.8170130493747, 'train/step_time': 9.997455402000014, 'train/mfu': 81.76, 'train/efficiency': 55.16, 'train/forward_time_percent': 17.3, 'train/backward_time_percent': 36.87, 'train/optimizer_time_percent': 0.99, 'train/overhead_time_percent': 44.84, 'epoch': 2.3776223776223775}{'loss': 0.972, 'learning_rate': 0.0001, 'grad_norm': 0.35659682750701904, 'train/tokens_per_sec': 1637.8959362152495, 'train/step_time': 10.003077508000388, 'train/mfu': 83.59, 'train/efficiency': 53.99, 'train/forward_time_percent': 17.17, 'train/backward_time_percent': 35.78, 'train/optimizer_time_percent': 1.04, 'train/overhead_time_percent': 46.01, 'epoch': 2.3776223776223775}

{'loss': 0.9213, 'learning_rate': 0.0001, 'grad_norm': 0.31499212980270386, 'train/tokens_per_sec': 1637.5046668133143, 'train/step_time': 10.005467668000165, 'train/mfu': 84.0, 'train/efficiency': 53.56, 'train/forward_time_percent': 16.66, 'train/backward_time_percent': 36.02, 'train/optimizer_time_percent': 0.88, 'train/overhead_time_percent': 46.44, 'epoch': 2.382284382284382}{'loss': 0.9213, 'learning_rate': 0.0001, 'grad_norm': 0.31499212980270386, 'train/tokens_per_sec': 1638.0617712035632, 'train/step_time': 10.00206481100031, 'train/mfu': 81.85, 'train/efficiency': 55.01, 'train/forward_time_percent': 17.38, 'train/backward_time_percent': 36.7, 'train/optimizer_time_percent': 0.92, 'train/overhead_time_percent': 44.99, 'epoch': 2.382284382284382}

{'loss': 1.0171, 'learning_rate': 0.0001, 'grad_norm': 0.3866582214832306, 'train/tokens_per_sec': 1636.8952653668032, 'train/step_time': 10.009192613999403, 'train/mfu': 83.21, 'train/efficiency': 54.13, 'train/forward_time_percent': 17.47, 'train/backward_time_percent': 35.69, 'train/optimizer_time_percent': 0.97, 'train/overhead_time_percent': 45.87, 'epoch': 2.386946386946387}
{'loss': 1.0171, 'learning_rate': 0.0001, 'grad_norm': 0.3866582214832306, 'train/tokens_per_sec': 1636.9540464064241, 'train/step_time': 10.008833196000523, 'train/mfu': 83.09, 'train/efficiency': 54.32, 'train/forward_time_percent': 17.86, 'train/backward_time_percent': 35.38, 'train/optimizer_time_percent': 1.07, 'train/overhead_time_percent': 45.68, 'epoch': 2.386946386946387}
{'loss': 1.0908, 'learning_rate': 0.0001, 'grad_norm': 0.3739403486251831, 'train/tokens_per_sec': 1637.7222795678285, 'train/step_time': 10.004138188999605, 'train/mfu': 85.04, 'train/efficiency': 53.12, 'train/forward_time_percent': 17.56, 'train/backward_time_percent': 34.49, 'train/optimizer_time_percent': 1.07, 'train/overhead_time_percent': 46.88, 'epoch': 2.3916083916083917}
{'loss': 1.0908, 'learning_rate': 0.0001, 'grad_norm': 0.3739403486251831, 'train/tokens_per_sec': 1637.8426509901728, 'train/step_time': 10.003402946000278, 'train/mfu': 85.09, 'train/efficiency': 52.96, 'train/forward_time_percent': 17.02, 'train/backward_time_percent': 34.99, 'train/optimizer_time_percent': 0.94, 'train/overhead_time_percent': 47.04, 'epoch': 2.3916083916083917}
{'loss': 1.1492, 'learning_rate': 0.0001, 'grad_norm': 0.3743390738964081, 'train/tokens_per_sec': 1636.973424150863, 'train/step_time': 10.008714716000213, 'train/mfu': 82.29, 'train/efficiency': 54.8, 'train/forward_time_percent': 17.76, 'train/backward_time_percent': 36.0, 'train/optimizer_time_percent': 1.04, 'train/overhead_time_percent': 45.2, 'epoch': 2.3962703962703964}
{'loss': 1.1492, 'learning_rate': 0.0001, 'grad_norm': 0.3743390738964081, 'train/tokens_per_sec': 1636.422319479189, 'train/step_time': 10.01208539199979, 'train/mfu': 83.97, 'train/efficiency': 53.72, 'train/forward_time_percent': 16.78, 'train/backward_time_percent': 35.89, 'train/optimizer_time_percent': 1.05, 'train/overhead_time_percent': 46.28, 'epoch': 2.3962703962703964}
{'loss': 1.1024, 'learning_rate': 0.0001, 'grad_norm': 0.3727235496044159, 'train/tokens_per_sec': 1636.4829773642095, 'train/step_time': 10.011714283999936, 'train/mfu': 85.43, 'train/efficiency': 52.82, 'train/forward_time_percent': 16.35, 'train/backward_time_percent': 35.41, 'train/optimizer_time_percent': 1.05, 'train/overhead_time_percent': 47.18, 'epoch': 2.400932400932401}{'loss': 1.1024, 'learning_rate': 0.0001, 'grad_norm': 0.3727235496044159, 'train/tokens_per_sec': 1637.119974364267, 'train/step_time': 10.007818765000593, 'train/mfu': 83.43, 'train/efficiency': 54.07, 'train/forward_time_percent': 16.91, 'train/backward_time_percent': 36.12, 'train/optimizer_time_percent': 1.04, 'train/overhead_time_percent': 45.93, 'epoch': 2.400932400932401}

{'loss': 1.1088, 'learning_rate': 0.0001, 'grad_norm': 0.37899187207221985, 'train/tokens_per_sec': 1638.7917543160563, 'train/step_time': 9.9976094929998, 'train/mfu': 79.54, 'train/efficiency': 56.56, 'train/forward_time_percent': 19.31, 'train/backward_time_percent': 36.37, 'train/optimizer_time_percent': 0.88, 'train/overhead_time_percent': 43.44, 'epoch': 2.4055944055944054}
{'loss': 1.1088, 'learning_rate': 0.0001, 'grad_norm': 0.37899187207221985, 'train/tokens_per_sec': 1637.8576491538558, 'train/step_time': 10.00331134299995, 'train/mfu': 82.91, 'train/efficiency': 54.27, 'train/forward_time_percent': 19.61, 'train/backward_time_percent': 33.78, 'train/optimizer_time_percent': 0.88, 'train/overhead_time_percent': 45.73, 'epoch': 2.4055944055944054}
{'loss': 1.2239, 'learning_rate': 0.0001, 'grad_norm': 0.38204753398895264, 'train/tokens_per_sec': 1638.6304661650988, 'train/step_time': 9.99859354399996, 'train/mfu': 85.08, 'train/efficiency': 53.0, 'train/forward_time_percent': 16.59, 'train/backward_time_percent': 35.47, 'train/optimizer_time_percent': 0.94, 'train/overhead_time_percent': 47.0, 'epoch': 2.41025641025641}
{'loss': 1.2239, 'learning_rate': 0.0001, 'grad_norm': 0.38204753398895264, 'train/tokens_per_sec': 1638.9627496605076, 'train/step_time': 9.996566428000733, 'train/mfu': 83.45, 'train/efficiency': 53.95, 'train/forward_time_percent': 17.22, 'train/backward_time_percent': 35.86, 'train/optimizer_time_percent': 0.87, 'train/overhead_time_percent': 46.05, 'epoch': 2.41025641025641}
{'loss': 1.0239, 'learning_rate': 0.0001, 'grad_norm': 0.4422437846660614, 'train/tokens_per_sec': 1638.2733295253036, 'train/step_time': 10.000773194999965, 'train/mfu': 87.83, 'train/efficiency': 51.3, 'train/forward_time_percent': 16.39, 'train/backward_time_percent': 34.02, 'train/optimizer_time_percent': 0.89, 'train/overhead_time_percent': 48.7, 'epoch': 2.414918414918415}
{'loss': 1.0239, 'learning_rate': 0.0001, 'grad_norm': 0.4422437846660614, 'train/tokens_per_sec': 1639.5031605233276, 'train/step_time': 9.993271372999516, 'train/mfu': 81.68, 'train/efficiency': 55.28, 'train/forward_time_percent': 17.37, 'train/backward_time_percent': 36.88, 'train/optimizer_time_percent': 1.04, 'train/overhead_time_percent': 44.72, 'epoch': 2.414918414918415}
  step   520  loss   1.1487  |     5701.9 ms
{'loss': 1.1487, 'learning_rate': 0.0001, 'grad_norm': 0.3634743392467499, 'train/tokens_per_sec': 1638.002526893177, 'train/step_time': 10.002426572000331, 'train/mfu': 83.83, 'train/efficiency': 53.8, 'train/forward_time_percent': 17.07, 'train/backward_time_percent': 35.74, 'train/optimizer_time_percent': 0.99, 'train/overhead_time_percent': 46.2, 'epoch': 2.4195804195804196}
{'loss': 1.1487, 'learning_rate': 0.0001, 'grad_norm': 0.3634743392467499, 'train/tokens_per_sec': 1637.371636299817, 'train/step_time': 10.006280575999881, 'train/mfu': 84.43, 'train/efficiency': 53.46, 'train/forward_time_percent': 16.68, 'train/backward_time_percent': 35.72, 'train/optimizer_time_percent': 1.05, 'train/overhead_time_percent': 46.54, 'epoch': 2.4195804195804196}
{'loss': 1.2367, 'learning_rate': 0.0001, 'grad_norm': 0.3400740325450897, 'train/tokens_per_sec': 1637.9732640670975, 'train/step_time': 10.00260526799957, 'train/mfu': 83.16, 'train/efficiency': 54.29, 'train/forward_time_percent': 17.11, 'train/backward_time_percent': 36.12, 'train/optimizer_time_percent': 1.06, 'train/overhead_time_percent': 45.71, 'epoch': 2.4242424242424243}
{'loss': 1.2367, 'learning_rate': 0.0001, 'grad_norm': 0.3400740325450897, 'train/tokens_per_sec': 1637.1927805398927, 'train/step_time': 10.007373716000075, 'train/mfu': 84.61, 'train/efficiency': 53.3, 'train/forward_time_percent': 16.23, 'train/backward_time_percent': 36.06, 'train/optimizer_time_percent': 1.02, 'train/overhead_time_percent': 46.7, 'epoch': 2.4242424242424243}
{'loss': 1.0037, 'learning_rate': 0.0001, 'grad_norm': 0.35410642623901367, 'train/tokens_per_sec': 1637.1892473076734, 'train/step_time': 10.007395312999506, 'train/mfu': 82.65, 'train/efficiency': 54.6, 'train/forward_time_percent': 17.5, 'train/backward_time_percent': 36.04, 'train/optimizer_time_percent': 1.06, 'train/overhead_time_percent': 45.4, 'epoch': 2.428904428904429}
{'loss': 1.0037, 'learning_rate': 0.0001, 'grad_norm': 0.35410642623901367, 'train/tokens_per_sec': 1637.6809704379948, 'train/step_time': 10.004390535000312, 'train/mfu': 82.42, 'train/efficiency': 54.67, 'train/forward_time_percent': 17.71, 'train/backward_time_percent': 35.98, 'train/optimizer_time_percent': 0.98, 'train/overhead_time_percent': 45.33, 'epoch': 2.428904428904429}
{'loss': 1.1755, 'learning_rate': 0.0001, 'grad_norm': 0.42421507835388184, 'train/tokens_per_sec': 1638.926447922762, 'train/step_time': 9.996787849000611, 'train/mfu': 86.28, 'train/efficiency': 52.23, 'train/forward_time_percent': 17.24, 'train/backward_time_percent': 34.09, 'train/optimizer_time_percent': 0.89, 'train/overhead_time_percent': 47.77, 'epoch': 2.4335664335664333}{'loss': 1.1755, 'learning_rate': 0.0001, 'grad_norm': 0.42421507835388184, 'train/tokens_per_sec': 1639.3239173860256, 'train/step_time': 9.994364034000682, 'train/mfu': 84.39, 'train/efficiency': 53.38, 'train/forward_time_percent': 17.0, 'train/backward_time_percent': 35.5, 'train/optimizer_time_percent': 0.88, 'train/overhead_time_percent': 46.62, 'epoch': 2.4335664335664333}

{'loss': 1.117, 'learning_rate': 0.0001, 'grad_norm': 0.3558407127857208, 'train/tokens_per_sec': 1636.173891831098, 'train/step_time': 10.013605571999506, 'train/mfu': 82.72, 'train/efficiency': 54.42, 'train/forward_time_percent': 17.31, 'train/backward_time_percent': 36.15, 'train/optimizer_time_percent': 0.97, 'train/overhead_time_percent': 45.58, 'epoch': 2.438228438228438}{'loss': 1.117, 'learning_rate': 0.0001, 'grad_norm': 0.3558407127857208, 'train/tokens_per_sec': 1636.735006109367, 'train/step_time': 10.010172653999689, 'train/mfu': 82.61, 'train/efficiency': 54.59, 'train/forward_time_percent': 17.02, 'train/backward_time_percent': 36.53, 'train/optimizer_time_percent': 1.05, 'train/overhead_time_percent': 45.41, 'epoch': 2.438228438228438}

{'loss': 0.9823, 'learning_rate': 0.0001, 'grad_norm': 0.3310173749923706, 'train/tokens_per_sec': 1637.022997315618, 'train/step_time': 10.008411626999987, 'train/mfu': 85.4, 'train/efficiency': 52.75, 'train/forward_time_percent': 17.17, 'train/backward_time_percent': 34.63, 'train/optimizer_time_percent': 0.94, 'train/overhead_time_percent': 47.25, 'epoch': 2.4428904428904428}
{'loss': 0.9823, 'learning_rate': 0.0001, 'grad_norm': 0.3310173749923706, 'train/tokens_per_sec': 1637.7181977703883, 'train/step_time': 10.004163122999671, 'train/mfu': 83.18, 'train/efficiency': 54.1, 'train/forward_time_percent': 16.99, 'train/backward_time_percent': 36.22, 'train/optimizer_time_percent': 0.89, 'train/overhead_time_percent': 45.9, 'epoch': 2.4428904428904428}
{'loss': 1.0694, 'learning_rate': 0.0001, 'grad_norm': 0.35085994005203247, 'train/tokens_per_sec': 1637.8766317545721, 'train/step_time': 10.003195407000021, 'train/mfu': 82.21, 'train/efficiency': 54.88, 'train/forward_time_percent': 17.32, 'train/backward_time_percent': 36.52, 'train/optimizer_time_percent': 1.04, 'train/overhead_time_percent': 45.12, 'epoch': 2.4475524475524475}
{'loss': 1.0694, 'learning_rate': 0.0001, 'grad_norm': 0.35085994005203247, 'train/tokens_per_sec': 1636.9144004934128, 'train/step_time': 10.00907560900032, 'train/mfu': 84.29, 'train/efficiency': 53.53, 'train/forward_time_percent': 17.53, 'train/backward_time_percent': 34.95, 'train/optimizer_time_percent': 1.05, 'train/overhead_time_percent': 46.47, 'epoch': 2.4475524475524475}
{'loss': 1.1298, 'learning_rate': 0.0001, 'grad_norm': 0.4118877649307251, 'train/tokens_per_sec': 1637.21739089046, 'train/step_time': 10.00722328699976, 'train/mfu': 83.96, 'train/efficiency': 53.68, 'train/forward_time_percent': 17.27, 'train/backward_time_percent': 35.43, 'train/optimizer_time_percent': 0.98, 'train/overhead_time_percent': 46.32, 'epoch': 2.4522144522144522}
{'loss': 1.1298, 'learning_rate': 0.0001, 'grad_norm': 0.4118877649307251, 'train/tokens_per_sec': 1637.3452282620121, 'train/step_time': 10.006441963000725, 'train/mfu': 83.89, 'train/efficiency': 53.78, 'train/forward_time_percent': 16.63, 'train/backward_time_percent': 36.12, 'train/optimizer_time_percent': 1.04, 'train/overhead_time_percent': 46.22, 'epoch': 2.4522144522144522}
{'loss': 1.018, 'learning_rate': 0.0001, 'grad_norm': 0.3966430127620697, 'train/tokens_per_sec': 1637.3526577120028, 'train/step_time': 10.006396559000677, 'train/mfu': 86.59, 'train/efficiency': 52.14, 'train/forward_time_percent': 16.26, 'train/backward_time_percent': 34.84, 'train/optimizer_time_percent': 1.04, 'train/overhead_time_percent': 47.86, 'epoch': 2.456876456876457}
{'loss': 1.018, 'learning_rate': 0.0001, 'grad_norm': 0.3966430127620697, 'train/tokens_per_sec': 1637.9227815338127, 'train/step_time': 10.002913559000262, 'train/mfu': 83.74, 'train/efficiency': 53.81, 'train/forward_time_percent': 17.16, 'train/backward_time_percent': 35.7, 'train/optimizer_time_percent': 0.95, 'train/overhead_time_percent': 46.19, 'epoch': 2.456876456876457}
{'loss': 1.1496, 'learning_rate': 0.0001, 'grad_norm': 0.35378533601760864, 'train/tokens_per_sec': 1637.6453095007892, 'train/step_time': 10.004608387999724, 'train/mfu': 84.24, 'train/efficiency': 53.44, 'train/forward_time_percent': 16.79, 'train/backward_time_percent': 35.74, 'train/optimizer_time_percent': 0.91, 'train/overhead_time_percent': 46.56, 'epoch': 2.4615384615384617}
{'loss': 1.1496, 'learning_rate': 0.0001, 'grad_norm': 0.35378533601760864, 'train/tokens_per_sec': 1637.863231108745, 'train/step_time': 10.003277251000327, 'train/mfu': 84.1, 'train/efficiency': 53.69, 'train/forward_time_percent': 17.36, 'train/backward_time_percent': 35.27, 'train/optimizer_time_percent': 1.06, 'train/overhead_time_percent': 46.31, 'epoch': 2.4615384615384617}
  step   530  loss   1.0394  |     5660.8 ms
{'loss': 1.0394, 'learning_rate': 0.0001, 'grad_norm': 0.38729530572891235, 'train/tokens_per_sec': 1638.984582039574, 'train/step_time': 9.996433266999702, 'train/mfu': 84.55, 'train/efficiency': 53.46, 'train/forward_time_percent': 16.87, 'train/backward_time_percent': 35.51, 'train/optimizer_time_percent': 1.07, 'train/overhead_time_percent': 46.54, 'epoch': 2.4662004662004664}
{'loss': 1.0394, 'learning_rate': 0.0001, 'grad_norm': 0.38729530572891235, 'train/tokens_per_sec': 1639.0275382433256, 'train/step_time': 9.99617127700003, 'train/mfu': 84.29, 'train/efficiency': 53.49, 'train/forward_time_percent': 17.2, 'train/backward_time_percent': 35.35, 'train/optimizer_time_percent': 0.95, 'train/overhead_time_percent': 46.51, 'epoch': 2.4662004662004664}
{'loss': 1.0814, 'learning_rate': 0.0001, 'grad_norm': 0.3417458236217499, 'train/tokens_per_sec': 1637.254658339976, 'train/step_time': 10.006995501000347, 'train/mfu': 84.35, 'train/efficiency': 53.5, 'train/forward_time_percent': 16.94, 'train/backward_time_percent': 35.51, 'train/optimizer_time_percent': 1.05, 'train/overhead_time_percent': 46.5, 'epoch': 2.4708624708624707}
{'loss': 1.0814, 'learning_rate': 0.0001, 'grad_norm': 0.3417458236217499, 'train/tokens_per_sec': 1636.9717328324405, 'train/step_time': 10.008725056999538, 'train/mfu': 84.4, 'train/efficiency': 53.47, 'train/forward_time_percent': 16.95, 'train/backward_time_percent': 35.47, 'train/optimizer_time_percent': 1.06, 'train/overhead_time_percent': 46.53, 'epoch': 2.4708624708624707}
{'loss': 1.0476, 'learning_rate': 0.0001, 'grad_norm': 0.35304275155067444, 'train/tokens_per_sec': 1636.5127765753966, 'train/step_time': 10.01153198100019, 'train/mfu': 85.49, 'train/efficiency': 52.73, 'train/forward_time_percent': 17.38, 'train/backward_time_percent': 34.35, 'train/optimizer_time_percent': 1.0, 'train/overhead_time_percent': 47.27, 'epoch': 2.4755244755244754}
{'loss': 1.0476, 'learning_rate': 0.0001, 'grad_norm': 0.35304275155067444, 'train/tokens_per_sec': 1637.03737788802, 'train/step_time': 10.008323708000717, 'train/mfu': 82.71, 'train/efficiency': 54.52, 'train/forward_time_percent': 16.87, 'train/backward_time_percent': 36.62, 'train/optimizer_time_percent': 1.04, 'train/overhead_time_percent': 45.48, 'epoch': 2.4755244755244754}
{'loss': 1.0287, 'learning_rate': 0.0001, 'grad_norm': 0.41675707697868347, 'train/tokens_per_sec': 1638.106247907492, 'train/step_time': 10.00179324200053, 'train/mfu': 84.04, 'train/efficiency': 53.64, 'train/forward_time_percent': 16.78, 'train/backward_time_percent': 35.9, 'train/optimizer_time_percent': 0.96, 'train/overhead_time_percent': 46.36, 'epoch': 2.48018648018648}{'loss': 1.0287, 'learning_rate': 0.0001, 'grad_norm': 0.41675707697868347, 'train/tokens_per_sec': 1637.8540141577787, 'train/step_time': 10.00333354400027, 'train/mfu': 85.16, 'train/efficiency': 52.95, 'train/forward_time_percent': 17.1, 'train/backward_time_percent': 34.87, 'train/optimizer_time_percent': 0.98, 'train/overhead_time_percent': 47.05, 'epoch': 2.48018648018648}

{'loss': 1.1081, 'learning_rate': 0.0001, 'grad_norm': 0.4629908800125122, 'train/tokens_per_sec': 1638.636672718988, 'train/step_time': 9.998555672999828, 'train/mfu': 84.38, 'train/efficiency': 53.55, 'train/forward_time_percent': 17.16, 'train/backward_time_percent': 35.32, 'train/optimizer_time_percent': 1.07, 'train/overhead_time_percent': 46.45, 'epoch': 2.484848484848485}
{'loss': 1.1081, 'learning_rate': 0.0001, 'grad_norm': 0.4629908800125122, 'train/tokens_per_sec': 1639.1665142576824, 'train/step_time': 9.995323756000289, 'train/mfu': 84.11, 'train/efficiency': 53.58, 'train/forward_time_percent': 17.05, 'train/backward_time_percent': 35.62, 'train/optimizer_time_percent': 0.91, 'train/overhead_time_percent': 46.42, 'epoch': 2.484848484848485}
{'loss': 1.0338, 'learning_rate': 0.0001, 'grad_norm': 0.40586984157562256, 'train/tokens_per_sec': 1636.8126698139426, 'train/step_time': 10.009697690000394, 'train/mfu': 84.64, 'train/efficiency': 53.26, 'train/forward_time_percent': 17.57, 'train/backward_time_percent': 34.69, 'train/optimizer_time_percent': 1.0, 'train/overhead_time_percent': 46.74, 'epoch': 2.4895104895104896}
{'loss': 1.0338, 'learning_rate': 0.0001, 'grad_norm': 0.40586984157562256, 'train/tokens_per_sec': 1637.8742900149393, 'train/step_time': 10.003209709000657, 'train/mfu': 82.36, 'train/efficiency': 54.62, 'train/forward_time_percent': 17.54, 'train/backward_time_percent': 36.2, 'train/optimizer_time_percent': 0.87, 'train/overhead_time_percent': 45.38, 'epoch': 2.4895104895104896}
{'loss': 1.1372, 'learning_rate': 0.0001, 'grad_norm': 0.3923376798629761, 'train/tokens_per_sec': 1638.1262812205653, 'train/step_time': 10.00167092599986, 'train/mfu': 83.79, 'train/efficiency': 53.86, 'train/forward_time_percent': 17.17, 'train/backward_time_percent': 35.66, 'train/optimizer_time_percent': 1.03, 'train/overhead_time_percent': 46.14, 'epoch': 2.4941724941724943}
{'loss': 1.1372, 'learning_rate': 0.0001, 'grad_norm': 0.3923376798629761, 'train/tokens_per_sec': 1638.781940254643, 'train/step_time': 9.997669365000547, 'train/mfu': 83.43, 'train/efficiency': 54.07, 'train/forward_time_percent': 17.34, 'train/backward_time_percent': 35.74, 'train/optimizer_time_percent': 0.99, 'train/overhead_time_percent': 45.93, 'epoch': 2.4941724941724943}
{'loss': 1.0889, 'learning_rate': 0.0001, 'grad_norm': 0.3955046534538269, 'train/tokens_per_sec': 1637.1255828642986, 'train/step_time': 10.007784479999827, 'train/mfu': 83.53, 'train/efficiency': 53.86, 'train/forward_time_percent': 17.14, 'train/backward_time_percent': 35.83, 'train/optimizer_time_percent': 0.9, 'train/overhead_time_percent': 46.14, 'epoch': 2.4988344988344986}
{'loss': 1.0889, 'learning_rate': 0.0001, 'grad_norm': 0.3955046534538269, 'train/tokens_per_sec': 1637.169508799917, 'train/step_time': 10.007515966999563, 'train/mfu': 83.16, 'train/efficiency': 54.27, 'train/forward_time_percent': 17.05, 'train/backward_time_percent': 36.15, 'train/optimizer_time_percent': 1.06, 'train/overhead_time_percent': 45.73, 'epoch': 2.4988344988344986}
{'loss': 1.2608, 'learning_rate': 0.0001, 'grad_norm': 0.4237860441207886, 'train/tokens_per_sec': 1638.036464997987, 'train/step_time': 10.002219334000074, 'train/mfu': 83.55, 'train/efficiency': 53.86, 'train/forward_time_percent': 17.24, 'train/backward_time_percent': 35.74, 'train/optimizer_time_percent': 0.88, 'train/overhead_time_percent': 46.14, 'epoch': 2.5034965034965033}
{'loss': 1.2608, 'learning_rate': 0.0001, 'grad_norm': 0.4237860441207886, 'train/tokens_per_sec': 1637.5152208870516, 'train/step_time': 10.005403181000474, 'train/mfu': 85.5, 'train/efficiency': 52.8, 'train/forward_time_percent': 16.48, 'train/backward_time_percent': 35.28, 'train/optimizer_time_percent': 1.05, 'train/overhead_time_percent': 47.2, 'epoch': 2.5034965034965033}
{'loss': 1.0477, 'learning_rate': 0.0001, 'grad_norm': 0.40634873509407043, 'train/tokens_per_sec': 1639.083400908282, 'train/step_time': 9.995830591000413, 'train/mfu': 83.28, 'train/efficiency': 54.09, 'train/forward_time_percent': 16.91, 'train/backward_time_percent': 36.28, 'train/optimizer_time_percent': 0.9, 'train/overhead_time_percent': 45.91, 'epoch': 2.508158508158508}{'loss': 1.0477, 'learning_rate': 0.0001, 'grad_norm': 0.40634873509407043, 'train/tokens_per_sec': 1638.3767247287917, 'train/step_time': 10.000142062999657, 'train/mfu': 84.73, 'train/efficiency': 53.2, 'train/forward_time_percent': 17.22, 'train/backward_time_percent': 35.04, 'train/optimizer_time_percent': 0.94, 'train/overhead_time_percent': 46.8, 'epoch': 2.508158508158508}

  step   540  loss   0.8365  |     5612.0 ms
{'loss': 0.8365, 'learning_rate': 0.0001, 'grad_norm': 0.4603630304336548, 'train/tokens_per_sec': 1638.4342796497174, 'train/step_time': 9.999790777999806, 'train/mfu': 84.97, 'train/efficiency': 53.01, 'train/forward_time_percent': 16.55, 'train/backward_time_percent': 35.57, 'train/optimizer_time_percent': 0.9, 'train/overhead_time_percent': 46.99, 'epoch': 2.5128205128205128}
{'loss': 0.8365, 'learning_rate': 0.0001, 'grad_norm': 0.4603630304336548, 'train/tokens_per_sec': 1638.7702106452339, 'train/step_time': 9.997740924000027, 'train/mfu': 83.37, 'train/efficiency': 54.03, 'train/forward_time_percent': 17.55, 'train/backward_time_percent': 35.57, 'train/optimizer_time_percent': 0.91, 'train/overhead_time_percent': 45.97, 'epoch': 2.5128205128205128}
{'loss': 1.403, 'learning_rate': 0.0001, 'grad_norm': 0.33949851989746094, 'train/tokens_per_sec': 1636.3981277324774, 'train/step_time': 10.012233406000632, 'train/mfu': 84.66, 'train/efficiency': 53.12, 'train/forward_time_percent': 17.27, 'train/backward_time_percent': 34.96, 'train/optimizer_time_percent': 0.89, 'train/overhead_time_percent': 46.88, 'epoch': 2.5174825174825175}{'loss': 1.403, 'learning_rate': 0.0001, 'grad_norm': 0.33949851989746094, 'train/tokens_per_sec': 1636.2306410741696, 'train/step_time': 10.013258271000268, 'train/mfu': 85.66, 'train/efficiency': 52.72, 'train/forward_time_percent': 17.71, 'train/backward_time_percent': 33.91, 'train/optimizer_time_percent': 1.1, 'train/overhead_time_percent': 47.28, 'epoch': 2.5174825174825175}

{'loss': 0.9086, 'learning_rate': 0.0001, 'grad_norm': 0.35419726371765137, 'train/tokens_per_sec': 1638.2583345593705, 'train/step_time': 10.000864732000082, 'train/mfu': 84.47, 'train/efficiency': 53.49, 'train/forward_time_percent': 17.12, 'train/backward_time_percent': 35.29, 'train/optimizer_time_percent': 1.08, 'train/overhead_time_percent': 46.51, 'epoch': 2.5221445221445222}
{'loss': 0.9086, 'learning_rate': 0.0001, 'grad_norm': 0.35419726371765137, 'train/tokens_per_sec': 1638.6997303070418, 'train/step_time': 9.998170926000057, 'train/mfu': 83.24, 'train/efficiency': 54.26, 'train/forward_time_percent': 17.78, 'train/backward_time_percent': 35.42, 'train/optimizer_time_percent': 1.06, 'train/overhead_time_percent': 45.74, 'epoch': 2.5221445221445222}
{'loss': 0.924, 'learning_rate': 0.0001, 'grad_norm': 0.360909640789032, 'train/tokens_per_sec': 1637.263074042904, 'train/step_time': 10.006944063999981, 'train/mfu': 83.73, 'train/efficiency': 53.71, 'train/forward_time_percent': 17.11, 'train/backward_time_percent': 35.73, 'train/optimizer_time_percent': 0.87, 'train/overhead_time_percent': 46.29, 'epoch': 2.526806526806527}
{'loss': 0.924, 'learning_rate': 0.0001, 'grad_norm': 0.360909640789032, 'train/tokens_per_sec': 1636.144403798667, 'train/step_time': 10.01378604599995, 'train/mfu': 85.88, 'train/efficiency': 52.54, 'train/forward_time_percent': 16.94, 'train/backward_time_percent': 34.55, 'train/optimizer_time_percent': 1.05, 'train/overhead_time_percent': 47.46, 'epoch': 2.526806526806527}
{'loss': 1.2476, 'learning_rate': 0.0001, 'grad_norm': 0.3780621588230133, 'train/tokens_per_sec': 1638.7215784618745, 'train/step_time': 9.998037626000041, 'train/mfu': 83.81, 'train/efficiency': 53.75, 'train/forward_time_percent': 16.6, 'train/backward_time_percent': 36.24, 'train/optimizer_time_percent': 0.91, 'train/overhead_time_percent': 46.25, 'epoch': 2.5314685314685317}
{'loss': 1.2476, 'learning_rate': 0.0001, 'grad_norm': 0.3780621588230133, 'train/tokens_per_sec': 1638.2258708424667, 'train/step_time': 10.001062913000169, 'train/mfu': 85.99, 'train/efficiency': 52.53, 'train/forward_time_percent': 17.29, 'train/backward_time_percent': 34.2, 'train/optimizer_time_percent': 1.04, 'train/overhead_time_percent': 47.47, 'epoch': 2.5314685314685317}
{'loss': 1.0773, 'learning_rate': 0.0001, 'grad_norm': 0.35639289021492004, 'train/tokens_per_sec': 1638.1775038781868, 'train/step_time': 10.00135819299976, 'train/mfu': 85.08, 'train/efficiency': 52.99, 'train/forward_time_percent': 17.44, 'train/backward_time_percent': 34.6, 'train/optimizer_time_percent': 0.95, 'train/overhead_time_percent': 47.01, 'epoch': 2.5361305361305364}
{'loss': 1.0773, 'learning_rate': 0.0001, 'grad_norm': 0.35639289021492004, 'train/tokens_per_sec': 1638.6607738536557, 'train/step_time': 9.998408616000233, 'train/mfu': 84.34, 'train/efficiency': 53.44, 'train/forward_time_percent': 17.38, 'train/backward_time_percent': 35.13, 'train/optimizer_time_percent': 0.93, 'train/overhead_time_percent': 46.56, 'epoch': 2.5361305361305364}
{'loss': 1.005, 'learning_rate': 0.0001, 'grad_norm': 0.3416106104850769, 'train/tokens_per_sec': 1636.9670828283467, 'train/step_time': 10.008753488000366, 'train/mfu': 83.33, 'train/efficiency': 54.07, 'train/forward_time_percent': 16.93, 'train/backward_time_percent': 36.16, 'train/optimizer_time_percent': 0.98, 'train/overhead_time_percent': 45.93, 'epoch': 2.5407925407925407}
{'loss': 1.005, 'learning_rate': 0.0001, 'grad_norm': 0.3416106104850769, 'train/tokens_per_sec': 1637.208382273447, 'train/step_time': 10.007278350999513, 'train/mfu': 83.02, 'train/efficiency': 54.32, 'train/forward_time_percent': 17.55, 'train/backward_time_percent': 35.74, 'train/optimizer_time_percent': 1.03, 'train/overhead_time_percent': 45.68, 'epoch': 2.5407925407925407}
{'loss': 0.8821, 'learning_rate': 0.0001, 'grad_norm': 0.36868342757225037, 'train/tokens_per_sec': 1639.8461824801282, 'train/step_time': 9.991180987000007, 'train/mfu': 83.69, 'train/efficiency': 53.93, 'train/forward_time_percent': 17.09, 'train/backward_time_percent': 35.86, 'train/optimizer_time_percent': 0.98, 'train/overhead_time_percent': 46.07, 'epoch': 2.5454545454545454}
{'loss': 0.8821, 'learning_rate': 0.0001, 'grad_norm': 0.36868342757225037, 'train/tokens_per_sec': 1639.3688159858716, 'train/step_time': 9.994090311000036, 'train/mfu': 85.55, 'train/efficiency': 52.67, 'train/forward_time_percent': 16.56, 'train/backward_time_percent': 35.22, 'train/optimizer_time_percent': 0.89, 'train/overhead_time_percent': 47.33, 'epoch': 2.5454545454545454}
{'loss': 1.1093, 'learning_rate': 0.0001, 'grad_norm': 0.3733479976654053, 'train/tokens_per_sec': 1638.793301379039, 'train/step_time': 9.997600054999566, 'train/mfu': 84.85, 'train/efficiency': 53.17, 'train/forward_time_percent': 16.84, 'train/backward_time_percent': 35.36, 'train/optimizer_time_percent': 0.97, 'train/overhead_time_percent': 46.83, 'epoch': 2.55011655011655}{'loss': 1.1093, 'learning_rate': 0.0001, 'grad_norm': 0.3733479976654053, 'train/tokens_per_sec': 1638.8021776229846, 'train/step_time': 9.997545905000152, 'train/mfu': 84.92, 'train/efficiency': 53.06, 'train/forward_time_percent': 16.22, 'train/backward_time_percent': 35.94, 'train/optimizer_time_percent': 0.9, 'train/overhead_time_percent': 46.94, 'epoch': 2.55011655011655}

{'loss': 1.4242, 'learning_rate': 0.0001, 'grad_norm': 0.3856503665447235, 'train/tokens_per_sec': 1638.2450619903211, 'train/step_time': 10.000945755999965, 'train/mfu': 84.03, 'train/efficiency': 53.74, 'train/forward_time_percent': 17.18, 'train/backward_time_percent': 35.51, 'train/optimizer_time_percent': 1.05, 'train/overhead_time_percent': 46.26, 'epoch': 2.554778554778555}
{'loss': 1.4242, 'learning_rate': 0.0001, 'grad_norm': 0.3856503665447235, 'train/tokens_per_sec': 1637.9017876203732, 'train/step_time': 10.00304177199996, 'train/mfu': 84.68, 'train/efficiency': 53.34, 'train/forward_time_percent': 16.92, 'train/backward_time_percent': 35.35, 'train/optimizer_time_percent': 1.07, 'train/overhead_time_percent': 46.66, 'epoch': 2.554778554778555}
{'loss': 0.9405, 'learning_rate': 0.0001, 'grad_norm': 0.36051565408706665, 'train/tokens_per_sec': 1639.002585856703, 'train/step_time': 9.996323459999985, 'train/mfu': 82.65, 'train/efficiency': 54.63, 'train/forward_time_percent': 17.14, 'train/backward_time_percent': 36.45, 'train/optimizer_time_percent': 1.04, 'train/overhead_time_percent': 45.37, 'epoch': 2.5594405594405596}
  step   550  loss   0.9405  |     5539.7 ms
{'loss': 0.9405, 'learning_rate': 0.0001, 'grad_norm': 0.36051565408706665, 'train/tokens_per_sec': 1637.7591425546034, 'train/step_time': 10.003913014000318, 'train/mfu': 86.44, 'train/efficiency': 52.24, 'train/forward_time_percent': 16.86, 'train/backward_time_percent': 34.34, 'train/optimizer_time_percent': 1.04, 'train/overhead_time_percent': 47.76, 'epoch': 2.5594405594405596}
{'loss': 1.1032, 'learning_rate': 0.0001, 'grad_norm': 0.3893618881702423, 'train/tokens_per_sec': 1637.8435921024384, 'train/step_time': 10.00339719800013, 'train/mfu': 81.85, 'train/efficiency': 54.96, 'train/forward_time_percent': 17.39, 'train/backward_time_percent': 36.69, 'train/optimizer_time_percent': 0.88, 'train/overhead_time_percent': 45.04, 'epoch': 2.564102564102564}{'loss': 1.1032, 'learning_rate': 0.0001, 'grad_norm': 0.3893618881702423, 'train/tokens_per_sec': 1636.9891429003505, 'train/step_time': 10.008618609999758, 'train/mfu': 86.92, 'train/efficiency': 51.89, 'train/forward_time_percent': 16.64, 'train/backward_time_percent': 34.26, 'train/optimizer_time_percent': 0.99, 'train/overhead_time_percent': 48.11, 'epoch': 2.564102564102564}

{'loss': 1.1348, 'learning_rate': 0.0001, 'grad_norm': 0.3185504972934723, 'train/tokens_per_sec': 1638.6776463973508, 'train/step_time': 9.998305668000285, 'train/mfu': 84.38, 'train/efficiency': 53.43, 'train/forward_time_percent': 16.64, 'train/backward_time_percent': 35.84, 'train/optimizer_time_percent': 0.95, 'train/overhead_time_percent': 46.57, 'epoch': 2.5687645687645686}
{'loss': 1.1348, 'learning_rate': 0.0001, 'grad_norm': 0.3185504972934723, 'train/tokens_per_sec': 1639.0861506383997, 'train/step_time': 9.995813821999946, 'train/mfu': 83.44, 'train/efficiency': 54.14, 'train/forward_time_percent': 17.36, 'train/backward_time_percent': 35.73, 'train/optimizer_time_percent': 1.05, 'train/overhead_time_percent': 45.86, 'epoch': 2.5687645687645686}
{'loss': 1.0689, 'learning_rate': 0.0001, 'grad_norm': 0.3838861584663391, 'train/tokens_per_sec': 1637.8125060083266, 'train/step_time': 10.00358706499992, 'train/mfu': 84.43, 'train/efficiency': 53.5, 'train/forward_time_percent': 16.69, 'train/backward_time_percent': 35.74, 'train/optimizer_time_percent': 1.07, 'train/overhead_time_percent': 46.5, 'epoch': 2.5734265734265733}
{'loss': 1.0689, 'learning_rate': 0.0001, 'grad_norm': 0.3838861584663391, 'train/tokens_per_sec': 1638.285297912222, 'train/step_time': 10.000700135000443, 'train/mfu': 84.16, 'train/efficiency': 53.65, 'train/forward_time_percent': 17.18, 'train/backward_time_percent': 35.43, 'train/optimizer_time_percent': 1.04, 'train/overhead_time_percent': 46.35, 'epoch': 2.5734265734265733}
{'loss': 0.9966, 'learning_rate': 0.0001, 'grad_norm': 0.4085703492164612, 'train/tokens_per_sec': 1637.410564374305, 'train/step_time': 10.006042685000466, 'train/mfu': 84.51, 'train/efficiency': 53.38, 'train/forward_time_percent': 17.19, 'train/backward_time_percent': 35.17, 'train/optimizer_time_percent': 1.03, 'train/overhead_time_percent': 46.62, 'epoch': 2.578088578088578}{'loss': 0.9966, 'learning_rate': 0.0001, 'grad_norm': 0.4085703492164612, 'train/tokens_per_sec': 1636.9329580932422, 'train/step_time': 10.008962138000243, 'train/mfu': 85.25, 'train/efficiency': 52.89, 'train/forward_time_percent': 17.01, 'train/backward_time_percent': 34.88, 'train/optimizer_time_percent': 1.0, 'train/overhead_time_percent': 47.11, 'epoch': 2.578088578088578}

{'loss': 0.9751, 'learning_rate': 0.0001, 'grad_norm': 0.3526489734649658, 'train/tokens_per_sec': 1637.710372281394, 'train/step_time': 10.00421092599936, 'train/mfu': 84.3, 'train/efficiency': 53.41, 'train/forward_time_percent': 17.33, 'train/backward_time_percent': 35.17, 'train/optimizer_time_percent': 0.91, 'train/overhead_time_percent': 46.59, 'epoch': 2.582750582750583}
{'loss': 0.9751, 'learning_rate': 0.0001, 'grad_norm': 0.3526489734649658, 'train/tokens_per_sec': 1638.3689778110336, 'train/step_time': 10.000189348000276, 'train/mfu': 83.73, 'train/efficiency': 53.78, 'train/forward_time_percent': 16.75, 'train/backward_time_percent': 36.13, 'train/optimizer_time_percent': 0.91, 'train/overhead_time_percent': 46.22, 'epoch': 2.582750582750583}
{'loss': 1.1885, 'learning_rate': 0.0001, 'grad_norm': 0.4044206738471985, 'train/tokens_per_sec': 1638.110423029969, 'train/step_time': 10.001767749999999, 'train/mfu': 82.28, 'train/efficiency': 54.85, 'train/forward_time_percent': 17.78, 'train/backward_time_percent': 36.02, 'train/optimizer_time_percent': 1.05, 'train/overhead_time_percent': 45.15, 'epoch': 2.5874125874125875}
{'loss': 1.1885, 'learning_rate': 0.0001, 'grad_norm': 0.4044206738471985, 'train/tokens_per_sec': 1636.9980988919906, 'train/step_time': 10.008563852999941, 'train/mfu': 84.51, 'train/efficiency': 53.38, 'train/forward_time_percent': 16.67, 'train/backward_time_percent': 35.68, 'train/optimizer_time_percent': 1.03, 'train/overhead_time_percent': 46.62, 'epoch': 2.5874125874125875}
{'loss': 0.9644, 'learning_rate': 0.0001, 'grad_norm': 0.30092722177505493, 'train/tokens_per_sec': 1636.5176865214662, 'train/step_time': 10.011501943999974, 'train/mfu': 83.4, 'train/efficiency': 53.99, 'train/forward_time_percent': 17.64, 'train/backward_time_percent': 35.38, 'train/optimizer_time_percent': 0.96, 'train/overhead_time_percent': 46.01, 'epoch': 2.5920745920745922}{'loss': 0.9644, 'learning_rate': 0.0001, 'grad_norm': 0.30092722177505493, 'train/tokens_per_sec': 1636.502591600269, 'train/step_time': 10.01159428900064, 'train/mfu': 82.38, 'train/efficiency': 54.62, 'train/forward_time_percent': 17.22, 'train/backward_time_percent': 36.47, 'train/optimizer_time_percent': 0.93, 'train/overhead_time_percent': 45.38, 'epoch': 2.5920745920745922}

{'loss': 1.1316, 'learning_rate': 0.0001, 'grad_norm': 0.3290707767009735, 'train/tokens_per_sec': 1636.6958599953205, 'train/step_time': 10.010412075000204, 'train/mfu': 83.39, 'train/efficiency': 54.07, 'train/forward_time_percent': 17.05, 'train/backward_time_percent': 35.99, 'train/optimizer_time_percent': 1.03, 'train/overhead_time_percent': 45.93, 'epoch': 2.596736596736597}
{'loss': 1.1316, 'learning_rate': 0.0001, 'grad_norm': 0.3290707767009735, 'train/tokens_per_sec': 1637.2768964871368, 'train/step_time': 10.006859582000288, 'train/mfu': 82.92, 'train/efficiency': 54.41, 'train/forward_time_percent': 16.64, 'train/backward_time_percent': 36.73, 'train/optimizer_time_percent': 1.05, 'train/overhead_time_percent': 45.59, 'epoch': 2.596736596736597}
{'loss': 1.0122, 'learning_rate': 0.0001, 'grad_norm': 0.4123314619064331, 'train/tokens_per_sec': 1636.782671472607, 'train/step_time': 10.009881144000246, 'train/mfu': 84.68, 'train/efficiency': 53.15, 'train/forward_time_percent': 17.18, 'train/backward_time_percent': 35.05, 'train/optimizer_time_percent': 0.91, 'train/overhead_time_percent': 46.85, 'epoch': 2.6013986013986012}
{'loss': 1.0122, 'learning_rate': 0.0001, 'grad_norm': 0.4123314619064331, 'train/tokens_per_sec': 1637.559014864759, 'train/step_time': 10.005135602000337, 'train/mfu': 82.17, 'train/efficiency': 54.73, 'train/forward_time_percent': 17.21, 'train/backward_time_percent': 36.65, 'train/optimizer_time_percent': 0.88, 'train/overhead_time_percent': 45.27, 'epoch': 2.6013986013986012}
{'loss': 1.0427, 'learning_rate': 0.0001, 'grad_norm': 0.3654312491416931, 'train/tokens_per_sec': 1638.3329440156278, 'train/step_time': 10.000409293999837, 'train/mfu': 85.28, 'train/efficiency': 53.1, 'train/forward_time_percent': 16.96, 'train/backward_time_percent': 34.96, 'train/optimizer_time_percent': 1.18, 'train/overhead_time_percent': 46.9, 'epoch': 2.606060606060606}
  step   560  loss   1.0427  |     5701.3 ms
{'loss': 1.0427, 'learning_rate': 0.0001, 'grad_norm': 0.3654312491416931, 'train/tokens_per_sec': 1638.7685411823197, 'train/step_time': 9.997751109000092, 'train/mfu': 83.84, 'train/efficiency': 53.81, 'train/forward_time_percent': 16.84, 'train/backward_time_percent': 35.98, 'train/optimizer_time_percent': 0.99, 'train/overhead_time_percent': 46.19, 'epoch': 2.606060606060606}
{'loss': 1.0374, 'learning_rate': 0.0001, 'grad_norm': 0.36347824335098267, 'train/tokens_per_sec': 1637.3572887984355, 'train/step_time': 10.006368256999849, 'train/mfu': 84.55, 'train/efficiency': 53.25, 'train/forward_time_percent': 16.63, 'train/backward_time_percent': 35.7, 'train/optimizer_time_percent': 0.92, 'train/overhead_time_percent': 46.75, 'epoch': 2.6107226107226107}{'loss': 1.0374, 'learning_rate': 0.0001, 'grad_norm': 0.36347824335098267, 'train/tokens_per_sec': 1638.7110168632837, 'train/step_time': 9.998102063999795, 'train/mfu': 83.14, 'train/efficiency': 54.31, 'train/forward_time_percent': 17.13, 'train/backward_time_percent': 36.13, 'train/optimizer_time_percent': 1.05, 'train/overhead_time_percent': 45.69, 'epoch': 2.6107226107226107}

{'loss': 1.058, 'learning_rate': 0.0001, 'grad_norm': 0.43068674206733704, 'train/tokens_per_sec': 1637.2033737842396, 'train/step_time': 10.007308965000448, 'train/mfu': 84.74, 'train/efficiency': 53.27, 'train/forward_time_percent': 17.33, 'train/backward_time_percent': 34.88, 'train/optimizer_time_percent': 1.05, 'train/overhead_time_percent': 46.73, 'epoch': 2.6153846153846154}
{'loss': 1.058, 'learning_rate': 0.0001, 'grad_norm': 0.43068674206733704, 'train/tokens_per_sec': 1637.789466480461, 'train/step_time': 10.003727790000084, 'train/mfu': 83.36, 'train/efficiency': 54.12, 'train/forward_time_percent': 17.44, 'train/backward_time_percent': 35.66, 'train/optimizer_time_percent': 1.02, 'train/overhead_time_percent': 45.88, 'epoch': 2.6153846153846154}
{'loss': 1.1108, 'learning_rate': 0.0001, 'grad_norm': 0.41908642649650574, 'train/tokens_per_sec': 1638.9466959101646, 'train/step_time': 9.996664346000216, 'train/mfu': 83.77, 'train/efficiency': 53.77, 'train/forward_time_percent': 17.0, 'train/backward_time_percent': 35.87, 'train/optimizer_time_percent': 0.9, 'train/overhead_time_percent': 46.23, 'epoch': 2.62004662004662}
{'loss': 1.1108, 'learning_rate': 0.0001, 'grad_norm': 0.41908642649650574, 'train/tokens_per_sec': 1638.316288099428, 'train/step_time': 10.000510963000124, 'train/mfu': 84.35, 'train/efficiency': 53.53, 'train/forward_time_percent': 17.08, 'train/backward_time_percent': 35.41, 'train/optimizer_time_percent': 1.04, 'train/overhead_time_percent': 46.47, 'epoch': 2.62004662004662}
{'loss': 1.2386, 'learning_rate': 0.0001, 'grad_norm': 0.37385740876197815, 'train/tokens_per_sec': 1638.1591365476265, 'train/step_time': 10.001470330000302, 'train/mfu': 83.29, 'train/efficiency': 54.19, 'train/forward_time_percent': 17.39, 'train/backward_time_percent': 35.76, 'train/optimizer_time_percent': 1.04, 'train/overhead_time_percent': 45.81, 'epoch': 2.624708624708625}
{'loss': 1.2386, 'learning_rate': 0.0001, 'grad_norm': 0.37385740876197815, 'train/tokens_per_sec': 1637.33612922492, 'train/step_time': 10.006497571000182, 'train/mfu': 84.75, 'train/efficiency': 53.17, 'train/forward_time_percent': 16.62, 'train/backward_time_percent': 35.59, 'train/optimizer_time_percent': 0.96, 'train/overhead_time_percent': 46.83, 'epoch': 2.624708624708625}
{'loss': 1.042, 'learning_rate': 0.0001, 'grad_norm': 0.4491412043571472, 'train/tokens_per_sec': 1635.7614528183421, 'train/step_time': 10.016130390999933, 'train/mfu': 84.96, 'train/efficiency': 53.1, 'train/forward_time_percent': 17.03, 'train/backward_time_percent': 35.0, 'train/optimizer_time_percent': 1.07, 'train/overhead_time_percent': 46.9, 'epoch': 2.629370629370629}
{'loss': 1.042, 'learning_rate': 0.0001, 'grad_norm': 0.4491412043571472, 'train/tokens_per_sec': 1635.667491019079, 'train/step_time': 10.016705773000467, 'train/mfu': 84.31, 'train/efficiency': 53.32, 'train/forward_time_percent': 16.77, 'train/backward_time_percent': 35.65, 'train/optimizer_time_percent': 0.89, 'train/overhead_time_percent': 46.68, 'epoch': 2.629370629370629}
{'loss': 1.5184, 'learning_rate': 0.0001, 'grad_norm': 0.3379853665828705, 'train/tokens_per_sec': 1639.0133838771894, 'train/step_time': 9.996257602999322, 'train/mfu': 84.27, 'train/efficiency': 53.46, 'train/forward_time_percent': 16.88, 'train/backward_time_percent': 35.68, 'train/optimizer_time_percent': 0.9, 'train/overhead_time_percent': 46.54, 'epoch': 2.634032634032634}
{'loss': 1.5184, 'learning_rate': 0.0001, 'grad_norm': 0.3379853665828705, 'train/tokens_per_sec': 1639.1257398041926, 'train/step_time': 9.995572397000615, 'train/mfu': 84.64, 'train/efficiency': 53.29, 'train/forward_time_percent': 17.02, 'train/backward_time_percent': 35.31, 'train/optimizer_time_percent': 0.95, 'train/overhead_time_percent': 46.71, 'epoch': 2.634032634032634}
{'loss': 0.9414, 'learning_rate': 0.0001, 'grad_norm': 0.31949663162231445, 'train/tokens_per_sec': 1637.9548702034638, 'train/step_time': 10.002717594999922, 'train/mfu': 84.13, 'train/efficiency': 53.57, 'train/forward_time_percent': 17.07, 'train/backward_time_percent': 35.54, 'train/optimizer_time_percent': 0.96, 'train/overhead_time_percent': 46.43, 'epoch': 2.6386946386946386}
{'loss': 0.9414, 'learning_rate': 0.0001, 'grad_norm': 0.31949663162231445, 'train/tokens_per_sec': 1637.7581637220194, 'train/step_time': 10.003918993000298, 'train/mfu': 84.68, 'train/efficiency': 53.34, 'train/forward_time_percent': 17.38, 'train/backward_time_percent': 34.89, 'train/optimizer_time_percent': 1.07, 'train/overhead_time_percent': 46.66, 'epoch': 2.6386946386946386}
{'loss': 1.1506, 'learning_rate': 0.0001, 'grad_norm': 0.33549800515174866, 'train/tokens_per_sec': 1637.081285186505, 'train/step_time': 10.008055280000008, 'train/mfu': 83.48, 'train/efficiency': 53.88, 'train/forward_time_percent': 17.68, 'train/backward_time_percent': 35.32, 'train/optimizer_time_percent': 0.89, 'train/overhead_time_percent': 46.12, 'epoch': 2.6433566433566433}
{'loss': 1.1506, 'learning_rate': 0.0001, 'grad_norm': 0.33549800515174866, 'train/tokens_per_sec': 1636.0527725929194, 'train/step_time': 10.014346893000038, 'train/mfu': 87.51, 'train/efficiency': 51.56, 'train/forward_time_percent': 17.16, 'train/backward_time_percent': 33.37, 'train/optimizer_time_percent': 1.04, 'train/overhead_time_percent': 48.44, 'epoch': 2.6433566433566433}
{'loss': 1.0442, 'learning_rate': 0.0001, 'grad_norm': 0.39758726954460144, 'train/tokens_per_sec': 1638.6230242952167, 'train/step_time': 9.9986389529995, 'train/mfu': 83.26, 'train/efficiency': 54.08, 'train/forward_time_percent': 17.82, 'train/backward_time_percent': 35.37, 'train/optimizer_time_percent': 0.89, 'train/overhead_time_percent': 45.92, 'epoch': 2.648018648018648}
{'loss': 1.0442, 'learning_rate': 0.0001, 'grad_norm': 0.39758726954460144, 'train/tokens_per_sec': 1638.0531142422474, 'train/step_time': 10.002117671000633, 'train/mfu': 84.91, 'train/efficiency': 53.16, 'train/forward_time_percent': 16.77, 'train/backward_time_percent': 35.36, 'train/optimizer_time_percent': 1.03, 'train/overhead_time_percent': 46.84, 'epoch': 2.648018648018648}
  step   570  loss   1.1140  |     5720.3 ms
{'loss': 1.114, 'learning_rate': 0.0001, 'grad_norm': 0.35004037618637085, 'train/tokens_per_sec': 1635.6238164413874, 'train/step_time': 10.01697323999997, 'train/mfu': 83.54, 'train/efficiency': 53.98, 'train/forward_time_percent': 17.72, 'train/backward_time_percent': 35.19, 'train/optimizer_time_percent': 1.06, 'train/overhead_time_percent': 46.02, 'epoch': 2.652680652680653}
{'loss': 1.114, 'learning_rate': 0.0001, 'grad_norm': 0.35004037618637085, 'train/tokens_per_sec': 1635.70527288741, 'train/step_time': 10.016474404999826, 'train/mfu': 82.65, 'train/efficiency': 54.47, 'train/forward_time_percent': 16.99, 'train/backward_time_percent': 36.49, 'train/optimizer_time_percent': 0.99, 'train/overhead_time_percent': 45.53, 'epoch': 2.652680652680653}
{'loss': 1.1423, 'learning_rate': 0.0001, 'grad_norm': 0.3051708936691284, 'train/tokens_per_sec': 1639.987289906253, 'train/step_time': 9.990321328000391, 'train/mfu': 83.7, 'train/efficiency': 54.0, 'train/forward_time_percent': 17.03, 'train/backward_time_percent': 35.92, 'train/optimizer_time_percent': 1.06, 'train/overhead_time_percent': 46.0, 'epoch': 2.6573426573426575}
{'loss': 1.1423, 'learning_rate': 0.0001, 'grad_norm': 0.3051708936691284, 'train/tokens_per_sec': 1639.7204934768147, 'train/step_time': 9.991946838000331, 'train/mfu': 84.51, 'train/efficiency': 53.36, 'train/forward_time_percent': 17.36, 'train/backward_time_percent': 35.07, 'train/optimizer_time_percent': 0.92, 'train/overhead_time_percent': 46.64, 'epoch': 2.6573426573426575}
{'loss': 0.9081, 'learning_rate': 0.0001, 'grad_norm': 0.3168044090270996, 'train/tokens_per_sec': 1639.1613778385195, 'train/step_time': 9.995355076999658, 'train/mfu': 82.91, 'train/efficiency': 54.47, 'train/forward_time_percent': 17.03, 'train/backward_time_percent': 36.4, 'train/optimizer_time_percent': 1.05, 'train/overhead_time_percent': 45.53, 'epoch': 2.6620046620046622}{'loss': 0.9081, 'learning_rate': 0.0001, 'grad_norm': 0.3168044090270996, 'train/tokens_per_sec': 1638.6249871434027, 'train/step_time': 9.998626976000196, 'train/mfu': 85.2, 'train/efficiency': 53.02, 'train/forward_time_percent': 16.97, 'train/backward_time_percent': 35.0, 'train/optimizer_time_percent': 1.05, 'train/overhead_time_percent': 46.98, 'epoch': 2.6620046620046622}

{'loss': 0.7622, 'learning_rate': 0.0001, 'grad_norm': 0.30785009264945984, 'train/tokens_per_sec': 1637.4135657409297, 'train/step_time': 10.006024344000252, 'train/mfu': 84.93, 'train/efficiency': 52.99, 'train/forward_time_percent': 16.6, 'train/backward_time_percent': 35.51, 'train/optimizer_time_percent': 0.89, 'train/overhead_time_percent': 47.01, 'epoch': 2.6666666666666665}
{'loss': 0.7622, 'learning_rate': 0.0001, 'grad_norm': 0.30785009264945984, 'train/tokens_per_sec': 1638.080770491716, 'train/step_time': 10.001948802000697, 'train/mfu': 82.6, 'train/efficiency': 54.63, 'train/forward_time_percent': 17.53, 'train/backward_time_percent': 36.07, 'train/optimizer_time_percent': 1.04, 'train/overhead_time_percent': 45.37, 'epoch': 2.6666666666666665}
{'loss': 1.2003, 'learning_rate': 0.0001, 'grad_norm': 0.34964072704315186, 'train/tokens_per_sec': 1637.727700823306, 'train/step_time': 10.004105073000574, 'train/mfu': 83.32, 'train/efficiency': 54.18, 'train/forward_time_percent': 17.28, 'train/backward_time_percent': 35.84, 'train/optimizer_time_percent': 1.06, 'train/overhead_time_percent': 45.82, 'epoch': 2.6713286713286712}
{'loss': 1.2003, 'learning_rate': 0.0001, 'grad_norm': 0.34964072704315186, 'train/tokens_per_sec': 1637.5739988321088, 'train/step_time': 10.005044053999882, 'train/mfu': 83.28, 'train/efficiency': 54.22, 'train/forward_time_percent': 17.82, 'train/backward_time_percent': 35.32, 'train/optimizer_time_percent': 1.07, 'train/overhead_time_percent': 45.78, 'epoch': 2.6713286713286712}
{'loss': 1.0342, 'learning_rate': 0.0001, 'grad_norm': 0.42849040031433105, 'train/tokens_per_sec': 1638.0524842170587, 'train/step_time': 10.002121517999512, 'train/mfu': 83.5, 'train/efficiency': 54.05, 'train/forward_time_percent': 17.49, 'train/backward_time_percent': 35.53, 'train/optimizer_time_percent': 1.04, 'train/overhead_time_percent': 45.95, 'epoch': 2.675990675990676}
{'loss': 1.0342, 'learning_rate': 0.0001, 'grad_norm': 0.42849040031433105, 'train/tokens_per_sec': 1638.0458566152, 'train/step_time': 10.002161987000363, 'train/mfu': 83.78, 'train/efficiency': 53.81, 'train/forward_time_percent': 17.23, 'train/backward_time_percent': 35.61, 'train/optimizer_time_percent': 0.97, 'train/overhead_time_percent': 46.19, 'epoch': 2.675990675990676}
{'loss': 1.0429, 'learning_rate': 0.0001, 'grad_norm': 0.37524962425231934, 'train/tokens_per_sec': 1637.55555730433, 'train/step_time': 10.005156727000212, 'train/mfu': 79.78, 'train/efficiency': 56.42, 'train/forward_time_percent': 16.77, 'train/backward_time_percent': 38.71, 'train/optimizer_time_percent': 0.95, 'train/overhead_time_percent': 43.58, 'epoch': 2.6806526806526807}
{'loss': 1.0429, 'learning_rate': 0.0001, 'grad_norm': 0.37524962425231934, 'train/tokens_per_sec': 1637.0328195991515, 'train/step_time': 10.008351576000678, 'train/mfu': 81.24, 'train/efficiency': 55.42, 'train/forward_time_percent': 17.35, 'train/backward_time_percent': 37.1, 'train/optimizer_time_percent': 0.97, 'train/overhead_time_percent': 44.58, 'epoch': 2.6806526806526807}
{'loss': 1.2128, 'learning_rate': 0.0001, 'grad_norm': 0.3828257918357849, 'train/tokens_per_sec': 1638.6524570245288, 'train/step_time': 9.998459361999267, 'train/mfu': 81.72, 'train/efficiency': 55.25, 'train/forward_time_percent': 17.36, 'train/backward_time_percent': 36.83, 'train/optimizer_time_percent': 1.06, 'train/overhead_time_percent': 44.75, 'epoch': 2.6853146853146854}
{'loss': 1.2128, 'learning_rate': 0.0001, 'grad_norm': 0.3828257918357849, 'train/tokens_per_sec': 1638.0788778966494, 'train/step_time': 10.00196035800036, 'train/mfu': 84.78, 'train/efficiency': 53.24, 'train/forward_time_percent': 17.35, 'train/backward_time_percent': 34.86, 'train/optimizer_time_percent': 1.02, 'train/overhead_time_percent': 46.76, 'epoch': 2.6853146853146854}
{'loss': 1.3025, 'learning_rate': 0.0001, 'grad_norm': 0.3671993613243103, 'train/tokens_per_sec': 1639.4874311897752, 'train/step_time': 9.993367249000585, 'train/mfu': 83.88, 'train/efficiency': 53.87, 'train/forward_time_percent': 17.45, 'train/backward_time_percent': 35.37, 'train/optimizer_time_percent': 1.05, 'train/overhead_time_percent': 46.13, 'epoch': 2.6899766899766897}
{'loss': 1.3025, 'learning_rate': 0.0001, 'grad_norm': 0.3671993613243103, 'train/tokens_per_sec': 1640.0898102808974, 'train/step_time': 9.989696843000274, 'train/mfu': 82.19, 'train/efficiency': 54.82, 'train/forward_time_percent': 17.35, 'train/backward_time_percent': 36.58, 'train/optimizer_time_percent': 0.89, 'train/overhead_time_percent': 45.18, 'epoch': 2.6899766899766897}
{'loss': 1.1738, 'learning_rate': 0.0001, 'grad_norm': 0.3713787794113159, 'train/tokens_per_sec': 1637.6302988571172, 'train/step_time': 10.004700090999904, 'train/mfu': 84.38, 'train/efficiency': 53.5, 'train/forward_time_percent': 16.67, 'train/backward_time_percent': 35.78, 'train/optimizer_time_percent': 1.05, 'train/overhead_time_percent': 46.5, 'epoch': 2.6946386946386944}
{'loss': 1.1738, 'learning_rate': 0.0001, 'grad_norm': 0.3713787794113159, 'train/tokens_per_sec': 1638.0448568050451, 'train/step_time': 10.00216809199992, 'train/mfu': 81.65, 'train/efficiency': 55.22, 'train/forward_time_percent': 17.51, 'train/backward_time_percent': 36.7, 'train/optimizer_time_percent': 1.01, 'train/overhead_time_percent': 44.78, 'epoch': 2.6946386946386944}
{'loss': 1.0067, 'learning_rate': 0.0001, 'grad_norm': 0.4031672477722168, 'train/tokens_per_sec': 1639.8618077444842, 'train/step_time': 9.991085786999975, 'train/mfu': 84.65, 'train/efficiency': 53.38, 'train/forward_time_percent': 16.63, 'train/backward_time_percent': 35.73, 'train/optimizer_time_percent': 1.02, 'train/overhead_time_percent': 46.62, 'epoch': 2.699300699300699}
  step   580  loss   1.0067  |     5685.8 ms
{'loss': 1.0067, 'learning_rate': 0.0001, 'grad_norm': 0.4031672477722168, 'train/tokens_per_sec': 1639.6775383572874, 'train/step_time': 9.992208599999685, 'train/mfu': 84.15, 'train/efficiency': 53.7, 'train/forward_time_percent': 17.42, 'train/backward_time_percent': 35.24, 'train/optimizer_time_percent': 1.04, 'train/overhead_time_percent': 46.3, 'epoch': 2.699300699300699}
{'loss': 0.98, 'learning_rate': 0.0001, 'grad_norm': 0.48800280690193176, 'train/tokens_per_sec': 1638.2332999323262, 'train/step_time': 10.001017560000037, 'train/mfu': 84.23, 'train/efficiency': 53.61, 'train/forward_time_percent': 17.41, 'train/backward_time_percent': 35.15, 'train/optimizer_time_percent': 1.05, 'train/overhead_time_percent': 46.39, 'epoch': 2.703962703962704}
{'loss': 0.98, 'learning_rate': 0.0001, 'grad_norm': 0.48800280690193176, 'train/tokens_per_sec': 1637.8010170246382, 'train/step_time': 10.00365723899995, 'train/mfu': 85.3, 'train/efficiency': 52.92, 'train/forward_time_percent': 16.93, 'train/backward_time_percent': 34.96, 'train/optimizer_time_percent': 1.03, 'train/overhead_time_percent': 47.08, 'epoch': 2.703962703962704}
{'loss': 1.0338, 'learning_rate': 0.0001, 'grad_norm': 0.4593896269798279, 'train/tokens_per_sec': 1637.7994623387676, 'train/step_time': 10.003666735000479, 'train/mfu': 84.11, 'train/efficiency': 53.65, 'train/forward_time_percent': 17.36, 'train/backward_time_percent': 35.27, 'train/optimizer_time_percent': 1.02, 'train/overhead_time_percent': 46.35, 'epoch': 2.7086247086247086}
{'loss': 1.0338, 'learning_rate': 0.0001, 'grad_norm': 0.4593896269798279, 'train/tokens_per_sec': 1637.203635872758, 'train/step_time': 10.007307363000109, 'train/mfu': 85.06, 'train/efficiency': 52.96, 'train/forward_time_percent': 16.66, 'train/backward_time_percent': 35.36, 'train/optimizer_time_percent': 0.94, 'train/overhead_time_percent': 47.04, 'epoch': 2.7086247086247086}
{'loss': 1.1269, 'learning_rate': 0.0001, 'grad_norm': 0.45997750759124756, 'train/tokens_per_sec': 1638.0321618596188, 'train/step_time': 10.0022456100005, 'train/mfu': 85.27, 'train/efficiency': 52.86, 'train/forward_time_percent': 16.82, 'train/backward_time_percent': 35.09, 'train/optimizer_time_percent': 0.94, 'train/overhead_time_percent': 47.14, 'epoch': 2.7132867132867133}
{'loss': 1.1269, 'learning_rate': 0.0001, 'grad_norm': 0.45997750759124756, 'train/tokens_per_sec': 1638.3614152780458, 'train/step_time': 10.000235507999605, 'train/mfu': 84.6, 'train/efficiency': 53.38, 'train/forward_time_percent': 17.54, 'train/backward_time_percent': 34.8, 'train/optimizer_time_percent': 1.05, 'train/overhead_time_percent': 46.62, 'epoch': 2.7132867132867133}
{'loss': 1.016, 'learning_rate': 0.0001, 'grad_norm': 0.4063735008239746, 'train/tokens_per_sec': 1637.6714435368133, 'train/step_time': 10.004448734000107, 'train/mfu': 83.19, 'train/efficiency': 54.26, 'train/forward_time_percent': 17.6, 'train/backward_time_percent': 35.6, 'train/optimizer_time_percent': 1.06, 'train/overhead_time_percent': 45.74, 'epoch': 2.717948717948718}
{'loss': 1.016, 'learning_rate': 0.0001, 'grad_norm': 0.4063735008239746, 'train/tokens_per_sec': 1637.0767366311873, 'train/step_time': 10.00808308700016, 'train/mfu': 83.93, 'train/efficiency': 53.76, 'train/forward_time_percent': 16.58, 'train/backward_time_percent': 36.13, 'train/optimizer_time_percent': 1.05, 'train/overhead_time_percent': 46.24, 'epoch': 2.717948717948718}
{'loss': 0.9338, 'learning_rate': 0.0001, 'grad_norm': 0.3519733250141144, 'train/tokens_per_sec': 1638.8571955973025, 'train/step_time': 9.997210278000239, 'train/mfu': 84.7, 'train/efficiency': 53.3, 'train/forward_time_percent': 16.96, 'train/backward_time_percent': 35.33, 'train/optimizer_time_percent': 1.01, 'train/overhead_time_percent': 46.7, 'epoch': 2.722610722610723}
{'loss': 0.9338, 'learning_rate': 0.0001, 'grad_norm': 0.3519733250141144, 'train/tokens_per_sec': 1638.7033670910619, 'train/step_time': 9.99814873700052, 'train/mfu': 84.82, 'train/efficiency': 53.23, 'train/forward_time_percent': 16.89, 'train/backward_time_percent': 35.32, 'train/optimizer_time_percent': 1.02, 'train/overhead_time_percent': 46.77, 'epoch': 2.722610722610723}
{'loss': 1.1326, 'learning_rate': 0.0001, 'grad_norm': 0.3952045738697052, 'train/tokens_per_sec': 1639.1160906452067, 'train/step_time': 9.995631238999522, 'train/mfu': 84.88, 'train/efficiency': 53.23, 'train/forward_time_percent': 17.82, 'train/backward_time_percent': 34.37, 'train/optimizer_time_percent': 1.05, 'train/overhead_time_percent': 46.77, 'epoch': 2.7272727272727275}
{'loss': 1.1326, 'learning_rate': 0.0001, 'grad_norm': 0.3952045738697052, 'train/tokens_per_sec': 1639.9365045611823, 'train/step_time': 9.990630707000491, 'train/mfu': 82.98, 'train/efficiency': 54.45, 'train/forward_time_percent': 16.94, 'train/backward_time_percent': 36.47, 'train/optimizer_time_percent': 1.04, 'train/overhead_time_percent': 45.55, 'epoch': 2.7272727272727275}
{'loss': 1.0542, 'learning_rate': 0.0001, 'grad_norm': 0.39254462718963623, 'train/tokens_per_sec': 1637.2371840524315, 'train/step_time': 10.007102305999979, 'train/mfu': 81.85, 'train/efficiency': 55.1, 'train/forward_time_percent': 17.51, 'train/backward_time_percent': 36.55, 'train/optimizer_time_percent': 1.04, 'train/overhead_time_percent': 44.9, 'epoch': 2.731934731934732}
{'loss': 1.0542, 'learning_rate': 0.0001, 'grad_norm': 0.39254462718963623, 'train/tokens_per_sec': 1636.984122831493, 'train/step_time': 10.008649303000311, 'train/mfu': 87.29, 'train/efficiency': 51.73, 'train/forward_time_percent': 16.83, 'train/backward_time_percent': 33.85, 'train/optimizer_time_percent': 1.05, 'train/overhead_time_percent': 48.27, 'epoch': 2.731934731934732}
{'loss': 1.0618, 'learning_rate': 0.0001, 'grad_norm': 0.36513254046440125, 'train/tokens_per_sec': 1637.7774865094902, 'train/step_time': 10.003800965000664, 'train/mfu': 83.82, 'train/efficiency': 53.83, 'train/forward_time_percent': 16.63, 'train/backward_time_percent': 36.18, 'train/optimizer_time_percent': 1.03, 'train/overhead_time_percent': 46.17, 'epoch': 2.7365967365967365}
{'loss': 1.0618, 'learning_rate': 0.0001, 'grad_norm': 0.36513254046440125, 'train/tokens_per_sec': 1637.397858803882, 'train/step_time': 10.00612032799927, 'train/mfu': 84.02, 'train/efficiency': 53.57, 'train/forward_time_percent': 17.14, 'train/backward_time_percent': 35.52, 'train/optimizer_time_percent': 0.91, 'train/overhead_time_percent': 46.43, 'epoch': 2.7365967365967365}
{'loss': 0.8949, 'learning_rate': 0.0001, 'grad_norm': 0.3478512167930603, 'train/tokens_per_sec': 1636.83409483686, 'train/step_time': 10.009566670000822, 'train/mfu': 83.16, 'train/efficiency': 54.13, 'train/forward_time_percent': 17.53, 'train/backward_time_percent': 35.67, 'train/optimizer_time_percent': 0.93, 'train/overhead_time_percent': 45.87, 'epoch': 2.7412587412587412}{'loss': 0.8949, 'learning_rate': 0.0001, 'grad_norm': 0.3478512167930603, 'train/tokens_per_sec': 1636.2404948672981, 'train/step_time': 10.01319796899952, 'train/mfu': 84.45, 'train/efficiency': 53.25, 'train/forward_time_percent': 16.65, 'train/backward_time_percent': 35.71, 'train/optimizer_time_percent': 0.89, 'train/overhead_time_percent': 46.75, 'epoch': 2.7412587412587412}

  step   590  loss   1.0242  |     5721.1 ms
{'loss': 1.0242, 'learning_rate': 0.0001, 'grad_norm': 0.3914181888103485, 'train/tokens_per_sec': 1638.1141354870003, 'train/step_time': 10.00174508300006, 'train/mfu': 84.29, 'train/efficiency': 53.46, 'train/forward_time_percent': 17.26, 'train/backward_time_percent': 35.27, 'train/optimizer_time_percent': 0.94, 'train/overhead_time_percent': 46.54, 'epoch': 2.745920745920746}
{'loss': 1.0242, 'learning_rate': 0.0001, 'grad_norm': 0.3914181888103485, 'train/tokens_per_sec': 1638.6232817578618, 'train/step_time': 9.998637382000197, 'train/mfu': 83.46, 'train/efficiency': 54.11, 'train/forward_time_percent': 16.74, 'train/backward_time_percent': 36.32, 'train/optimizer_time_percent': 1.05, 'train/overhead_time_percent': 45.89, 'epoch': 2.745920745920746}
{'loss': 0.9475, 'learning_rate': 0.0001, 'grad_norm': 0.3854600191116333, 'train/tokens_per_sec': 1640.8858657854873, 'train/step_time': 9.984850464999909, 'train/mfu': 84.07, 'train/efficiency': 53.62, 'train/forward_time_percent': 17.0, 'train/backward_time_percent': 35.75, 'train/optimizer_time_percent': 0.88, 'train/overhead_time_percent': 46.38, 'epoch': 2.7505827505827507}
{'loss': 0.9475, 'learning_rate': 0.0001, 'grad_norm': 0.3854600191116333, 'train/tokens_per_sec': 1639.985823815985, 'train/step_time': 9.990330259000075, 'train/mfu': 86.86, 'train/efficiency': 51.95, 'train/forward_time_percent': 16.85, 'train/backward_time_percent': 34.17, 'train/optimizer_time_percent': 0.93, 'train/overhead_time_percent': 48.05, 'epoch': 2.7505827505827507}
{'loss': 1.0383, 'learning_rate': 0.0001, 'grad_norm': 0.39997586607933044, 'train/tokens_per_sec': 1637.19018750552, 'train/step_time': 10.007389565999802, 'train/mfu': 84.87, 'train/efficiency': 53.21, 'train/forward_time_percent': 16.69, 'train/backward_time_percent': 35.44, 'train/optimizer_time_percent': 1.07, 'train/overhead_time_percent': 46.79, 'epoch': 2.755244755244755}
{'loss': 1.0383, 'learning_rate': 0.0001, 'grad_norm': 0.39997586607933044, 'train/tokens_per_sec': 1637.7383520680755, 'train/step_time': 10.004040009999699, 'train/mfu': 83.61, 'train/efficiency': 53.98, 'train/forward_time_percent': 16.52, 'train/backward_time_percent': 36.42, 'train/optimizer_time_percent': 1.04, 'train/overhead_time_percent': 46.02, 'epoch': 2.755244755244755}
{'loss': 0.9769, 'learning_rate': 0.0001, 'grad_norm': 0.3540770709514618, 'train/tokens_per_sec': 1638.9902597239993, 'train/step_time': 9.996398637999846, 'train/mfu': 83.35, 'train/efficiency': 54.03, 'train/forward_time_percent': 17.35, 'train/backward_time_percent': 35.78, 'train/optimizer_time_percent': 0.9, 'train/overhead_time_percent': 45.97, 'epoch': 2.7599067599067597}
{'loss': 0.9769, 'learning_rate': 0.0001, 'grad_norm': 0.3540770709514618, 'train/tokens_per_sec': 1637.9289365516547, 'train/step_time': 10.002875969999877, 'train/mfu': 85.54, 'train/efficiency': 52.63, 'train/forward_time_percent': 17.07, 'train/backward_time_percent': 34.67, 'train/optimizer_time_percent': 0.89, 'train/overhead_time_percent': 47.37, 'epoch': 2.7599067599067597}
{'loss': 1.0189, 'learning_rate': 0.0001, 'grad_norm': 0.359281450510025, 'train/tokens_per_sec': 1637.1933277774845, 'train/step_time': 10.007370371000434, 'train/mfu': 84.31, 'train/efficiency': 53.47, 'train/forward_time_percent': 16.72, 'train/backward_time_percent': 35.76, 'train/optimizer_time_percent': 1.0, 'train/overhead_time_percent': 46.53, 'epoch': 2.7645687645687644}{'loss': 1.0189, 'learning_rate': 0.0001, 'grad_norm': 0.359281450510025, 'train/tokens_per_sec': 1637.5921032701967, 'train/step_time': 10.004933442999572, 'train/mfu': 83.17, 'train/efficiency': 54.28, 'train/forward_time_percent': 17.29, 'train/backward_time_percent': 35.93, 'train/optimizer_time_percent': 1.07, 'train/overhead_time_percent': 45.72, 'epoch': 2.7645687645687644}

{'loss': 0.9499, 'learning_rate': 0.0001, 'grad_norm': 0.4089752435684204, 'train/tokens_per_sec': 1637.7689034408706, 'train/step_time': 10.003853392000565, 'train/mfu': 83.02, 'train/efficiency': 54.37, 'train/forward_time_percent': 17.49, 'train/backward_time_percent': 35.82, 'train/optimizer_time_percent': 1.05, 'train/overhead_time_percent': 45.63, 'epoch': 2.769230769230769}{'loss': 0.9499, 'learning_rate': 0.0001, 'grad_norm': 0.4089752435684204, 'train/tokens_per_sec': 1637.552467035091, 'train/step_time': 10.005175608000172, 'train/mfu': 83.04, 'train/efficiency': 54.2, 'train/forward_time_percent': 16.74, 'train/backward_time_percent': 36.55, 'train/optimizer_time_percent': 0.91, 'train/overhead_time_percent': 45.8, 'epoch': 2.769230769230769}

{'loss': 1.3082, 'learning_rate': 0.0001, 'grad_norm': 0.3639002740383148, 'train/tokens_per_sec': 1636.5766581955631, 'train/step_time': 10.01114119399972, 'train/mfu': 85.45, 'train/efficiency': 52.82, 'train/forward_time_percent': 17.42, 'train/backward_time_percent': 34.34, 'train/optimizer_time_percent': 1.06, 'train/overhead_time_percent': 47.18, 'epoch': 2.773892773892774}
{'loss': 1.3082, 'learning_rate': 0.0001, 'grad_norm': 0.3639002740383148, 'train/tokens_per_sec': 1637.80557435356, 'train/step_time': 10.00362940299965, 'train/mfu': 81.69, 'train/efficiency': 55.06, 'train/forward_time_percent': 16.91, 'train/backward_time_percent': 37.27, 'train/optimizer_time_percent': 0.88, 'train/overhead_time_percent': 44.94, 'epoch': 2.773892773892774}
{'loss': 1.0097, 'learning_rate': 0.0001, 'grad_norm': 0.3253050744533539, 'train/tokens_per_sec': 1638.9326404883957, 'train/step_time': 9.996750076999888, 'train/mfu': 84.33, 'train/efficiency': 53.52, 'train/forward_time_percent': 17.64, 'train/backward_time_percent': 34.88, 'train/optimizer_time_percent': 0.99, 'train/overhead_time_percent': 46.48, 'epoch': 2.7785547785547786}
{'loss': 1.0097, 'learning_rate': 0.0001, 'grad_norm': 0.3253050744533539, 'train/tokens_per_sec': 1638.4126726305178, 'train/step_time': 9.999922652999885, 'train/mfu': 85.28, 'train/efficiency': 52.88, 'train/forward_time_percent': 16.9, 'train/backward_time_percent': 35.02, 'train/optimizer_time_percent': 0.96, 'train/overhead_time_percent': 47.12, 'epoch': 2.7785547785547786}
{'loss': 1.3134, 'learning_rate': 0.0001, 'grad_norm': 0.3324345648288727, 'train/tokens_per_sec': 1635.6550267232733, 'train/step_time': 10.016782104000413, 'train/mfu': 82.47, 'train/efficiency': 54.65, 'train/forward_time_percent': 17.57, 'train/backward_time_percent': 36.03, 'train/optimizer_time_percent': 1.05, 'train/overhead_time_percent': 45.35, 'epoch': 2.7832167832167833}{'loss': 1.3134, 'learning_rate': 0.0001, 'grad_norm': 0.3324345648288727, 'train/tokens_per_sec': 1634.689398427802, 'train/step_time': 10.022699123000166, 'train/mfu': 84.61, 'train/efficiency': 53.1, 'train/forward_time_percent': 16.9, 'train/backward_time_percent': 35.31, 'train/optimizer_time_percent': 0.89, 'train/overhead_time_percent': 46.9, 'epoch': 2.7832167832167833}

{'loss': 1.0807, 'learning_rate': 0.0001, 'grad_norm': 0.33519265055656433, 'train/tokens_per_sec': 1638.319482495331, 'train/step_time': 10.000491464000334, 'train/mfu': 82.21, 'train/efficiency': 54.88, 'train/forward_time_percent': 16.98, 'train/backward_time_percent': 36.88, 'train/optimizer_time_percent': 1.03, 'train/overhead_time_percent': 45.12, 'epoch': 2.787878787878788}
{'loss': 1.0807, 'learning_rate': 0.0001, 'grad_norm': 0.33519265055656433, 'train/tokens_per_sec': 1637.5279536473415, 'train/step_time': 10.005325383000127, 'train/mfu': 83.77, 'train/efficiency': 53.89, 'train/forward_time_percent': 17.95, 'train/backward_time_percent': 34.88, 'train/optimizer_time_percent': 1.06, 'train/overhead_time_percent': 46.11, 'epoch': 2.787878787878788}
  step   600  loss   1.0654  |     5650.7 ms
{'loss': 1.0654, 'learning_rate': 0.0001, 'grad_norm': 0.3630911409854889, 'train/tokens_per_sec': 1637.424111276347, 'train/step_time': 10.00595990200054, 'train/mfu': 84.58, 'train/efficiency': 53.31, 'train/forward_time_percent': 17.51, 'train/backward_time_percent': 34.8, 'train/optimizer_time_percent': 0.99, 'train/overhead_time_percent': 46.69, 'epoch': 2.792540792540793}
{'loss': 1.0654, 'learning_rate': 0.0001, 'grad_norm': 0.3630911409854889, 'train/tokens_per_sec': 1637.8049456645851, 'train/step_time': 10.003633242999967, 'train/mfu': 83.87, 'train/efficiency': 53.72, 'train/forward_time_percent': 16.63, 'train/backward_time_percent': 36.14, 'train/optimizer_time_percent': 0.95, 'train/overhead_time_percent': 46.28, 'epoch': 2.792540792540793}
{'loss': 1.1497, 'learning_rate': 0.0001, 'grad_norm': 0.3771633803844452, 'train/tokens_per_sec': 1638.4023676551822, 'train/step_time': 9.999985549000485, 'train/mfu': 84.89, 'train/efficiency': 53.13, 'train/forward_time_percent': 16.88, 'train/backward_time_percent': 35.28, 'train/optimizer_time_percent': 0.97, 'train/overhead_time_percent': 46.87, 'epoch': 2.797202797202797}
{'loss': 1.1497, 'learning_rate': 0.0001, 'grad_norm': 0.3771633803844452, 'train/tokens_per_sec': 1638.563965197242, 'train/step_time': 9.998999335999542, 'train/mfu': 84.29, 'train/efficiency': 53.46, 'train/forward_time_percent': 16.59, 'train/backward_time_percent': 35.94, 'train/optimizer_time_percent': 0.93, 'train/overhead_time_percent': 46.54, 'epoch': 2.797202797202797}
{'loss': 1.0812, 'learning_rate': 0.0001, 'grad_norm': 0.33379992842674255, 'train/tokens_per_sec': 1638.8482471200332, 'train/step_time': 9.997264865000034, 'train/mfu': 83.12, 'train/efficiency': 54.19, 'train/forward_time_percent': 17.12, 'train/backward_time_percent': 36.16, 'train/optimizer_time_percent': 0.91, 'train/overhead_time_percent': 45.81, 'epoch': 2.801864801864802}
{'loss': 1.0812, 'learning_rate': 0.0001, 'grad_norm': 0.33379992842674255, 'train/tokens_per_sec': 1638.1339922668772, 'train/step_time': 10.001623846000257, 'train/mfu': 86.94, 'train/efficiency': 51.96, 'train/forward_time_percent': 16.28, 'train/backward_time_percent': 34.64, 'train/optimizer_time_percent': 1.04, 'train/overhead_time_percent': 48.04, 'epoch': 2.801864801864802}
{'loss': 0.9947, 'learning_rate': 0.0001, 'grad_norm': 0.3699932396411896, 'train/tokens_per_sec': 1636.5778760892572, 'train/step_time': 10.01113374399938, 'train/mfu': 84.57, 'train/efficiency': 53.33, 'train/forward_time_percent': 16.6, 'train/backward_time_percent': 35.7, 'train/optimizer_time_percent': 1.03, 'train/overhead_time_percent': 46.67, 'epoch': 2.8065268065268065}{'loss': 0.9947, 'learning_rate': 0.0001, 'grad_norm': 0.3699932396411896, 'train/tokens_per_sec': 1637.0338852368632, 'train/step_time': 10.008345061, 'train/mfu': 83.31, 'train/efficiency': 53.99, 'train/forward_time_percent': 17.14, 'train/backward_time_percent': 35.96, 'train/optimizer_time_percent': 0.89, 'train/overhead_time_percent': 46.01, 'epoch': 2.8065268065268065}

{'loss': 1.123, 'learning_rate': 0.0001, 'grad_norm': 0.36576133966445923, 'train/tokens_per_sec': 1636.7960779892178, 'train/step_time': 10.009799155999644, 'train/mfu': 86.51, 'train/efficiency': 52.02, 'train/forward_time_percent': 16.73, 'train/backward_time_percent': 34.4, 'train/optimizer_time_percent': 0.89, 'train/overhead_time_percent': 47.98, 'epoch': 2.8111888111888113}
{'loss': 1.123, 'learning_rate': 0.0001, 'grad_norm': 0.36576133966445923, 'train/tokens_per_sec': 1638.2643156729005, 'train/step_time': 10.000828219999676, 'train/mfu': 82.79, 'train/efficiency': 54.35, 'train/forward_time_percent': 16.88, 'train/backward_time_percent': 36.59, 'train/optimizer_time_percent': 0.87, 'train/overhead_time_percent': 45.65, 'epoch': 2.8111888111888113}
{'loss': 1.1965, 'learning_rate': 0.0001, 'grad_norm': 0.3850667178630829, 'train/tokens_per_sec': 1640.3491361672104, 'train/step_time': 9.988117552999938, 'train/mfu': 83.38, 'train/efficiency': 54.23, 'train/forward_time_percent': 17.51, 'train/backward_time_percent': 35.66, 'train/optimizer_time_percent': 1.06, 'train/overhead_time_percent': 45.77, 'epoch': 2.815850815850816}
{'loss': 1.1965, 'learning_rate': 0.0001, 'grad_norm': 0.3850667178630829, 'train/tokens_per_sec': 1640.1098414073983, 'train/step_time': 9.989574836000429, 'train/mfu': 84.14, 'train/efficiency': 53.58, 'train/forward_time_percent': 17.07, 'train/backward_time_percent': 35.61, 'train/optimizer_time_percent': 0.91, 'train/overhead_time_percent': 46.42, 'epoch': 2.815850815850816}
{'loss': 0.9072, 'learning_rate': 0.0001, 'grad_norm': 0.3259485065937042, 'train/tokens_per_sec': 1637.3584973817822, 'train/step_time': 10.006360870999742, 'train/mfu': 84.29, 'train/efficiency': 53.55, 'train/forward_time_percent': 17.44, 'train/backward_time_percent': 35.05, 'train/optimizer_time_percent': 1.06, 'train/overhead_time_percent': 46.45, 'epoch': 2.8205128205128203}
{'loss': 0.9072, 'learning_rate': 0.0001, 'grad_norm': 0.3259485065937042, 'train/tokens_per_sec': 1637.4087194745432, 'train/step_time': 10.006053959000383, 'train/mfu': 83.67, 'train/efficiency': 53.94, 'train/forward_time_percent': 17.12, 'train/backward_time_percent': 35.77, 'train/optimizer_time_percent': 1.05, 'train/overhead_time_percent': 46.06, 'epoch': 2.8205128205128203}
{'loss': 1.0098, 'learning_rate': 0.0001, 'grad_norm': 0.39625850319862366, 'train/tokens_per_sec': 1638.6132951792451, 'train/step_time': 9.998698319000141, 'train/mfu': 82.16, 'train/efficiency': 54.77, 'train/forward_time_percent': 17.23, 'train/backward_time_percent': 36.67, 'train/optimizer_time_percent': 0.87, 'train/overhead_time_percent': 45.23, 'epoch': 2.825174825174825}
{'loss': 1.0098, 'learning_rate': 0.0001, 'grad_norm': 0.39625850319862366, 'train/tokens_per_sec': 1638.0233476698038, 'train/step_time': 10.002299431999745, 'train/mfu': 86.19, 'train/efficiency': 52.24, 'train/forward_time_percent': 16.71, 'train/backward_time_percent': 34.66, 'train/optimizer_time_percent': 0.88, 'train/overhead_time_percent': 47.76, 'epoch': 2.825174825174825}
{'loss': 1.2819, 'learning_rate': 0.0001, 'grad_norm': 0.4104370176792145, 'train/tokens_per_sec': 1638.589231822107, 'train/step_time': 9.998845153999355, 'train/mfu': 82.76, 'train/efficiency': 54.38, 'train/forward_time_percent': 16.88, 'train/backward_time_percent': 36.63, 'train/optimizer_time_percent': 0.88, 'train/overhead_time_percent': 45.62, 'epoch': 2.8298368298368297}
{'loss': 1.2819, 'learning_rate': 0.0001, 'grad_norm': 0.4104370176792145, 'train/tokens_per_sec': 1637.9505560312487, 'train/step_time': 10.002743941000517, 'train/mfu': 84.76, 'train/efficiency': 53.25, 'train/forward_time_percent': 16.86, 'train/backward_time_percent': 35.36, 'train/optimizer_time_percent': 1.03, 'train/overhead_time_percent': 46.75, 'epoch': 2.8298368298368297}
{'loss': 0.982, 'learning_rate': 0.0001, 'grad_norm': 0.3848682641983032, 'train/tokens_per_sec': 1640.178859918906, 'train/step_time': 9.989154476000294, 'train/mfu': 82.47, 'train/efficiency': 54.63, 'train/forward_time_percent': 16.95, 'train/backward_time_percent': 36.8, 'train/optimizer_time_percent': 0.89, 'train/overhead_time_percent': 45.37, 'epoch': 2.8344988344988344}
{'loss': 0.982, 'learning_rate': 0.0001, 'grad_norm': 0.3848682641983032, 'train/tokens_per_sec': 1639.1106585541154, 'train/step_time': 9.995664364999357, 'train/mfu': 84.39, 'train/efficiency': 53.55, 'train/forward_time_percent': 17.65, 'train/backward_time_percent': 34.84, 'train/optimizer_time_percent': 1.05, 'train/overhead_time_percent': 46.45, 'epoch': 2.8344988344988344}
  step   610  loss   1.1873  |     5566.2 ms{'loss': 1.1873, 'learning_rate': 0.0001, 'grad_norm': 0.3489973247051239, 'train/tokens_per_sec': 1639.0198396059461, 'train/step_time': 9.996218229999613, 'train/mfu': 82.73, 'train/efficiency': 54.42, 'train/forward_time_percent': 16.92, 'train/backward_time_percent': 36.62, 'train/optimizer_time_percent': 0.88, 'train/overhead_time_percent': 45.58, 'epoch': 2.839160839160839}

{'loss': 1.1873, 'learning_rate': 0.0001, 'grad_norm': 0.3489973247051239, 'train/tokens_per_sec': 1637.971329635516, 'train/step_time': 10.002617080999698, 'train/mfu': 85.87, 'train/efficiency': 52.49, 'train/forward_time_percent': 16.84, 'train/backward_time_percent': 34.71, 'train/optimizer_time_percent': 0.94, 'train/overhead_time_percent': 47.51, 'epoch': 2.839160839160839}
{'loss': 1.3135, 'learning_rate': 0.0001, 'grad_norm': 0.3544518053531647, 'train/tokens_per_sec': 1637.027080555312, 'train/step_time': 10.008386663000238, 'train/mfu': 85.37, 'train/efficiency': 52.83, 'train/forward_time_percent': 17.55, 'train/backward_time_percent': 34.27, 'train/optimizer_time_percent': 1.01, 'train/overhead_time_percent': 47.17, 'epoch': 2.843822843822844}
{'loss': 1.3135, 'learning_rate': 0.0001, 'grad_norm': 0.3544518053531647, 'train/tokens_per_sec': 1637.4688809940294, 'train/step_time': 10.005686331000106, 'train/mfu': 83.94, 'train/efficiency': 53.61, 'train/forward_time_percent': 16.67, 'train/backward_time_percent': 36.05, 'train/optimizer_time_percent': 0.89, 'train/overhead_time_percent': 46.39, 'epoch': 2.843822843822844}
{'loss': 1.1654, 'learning_rate': 0.0001, 'grad_norm': 0.3818703591823578, 'train/tokens_per_sec': 1637.467929511161, 'train/step_time': 10.005692145000467, 'train/mfu': 84.32, 'train/efficiency': 53.56, 'train/forward_time_percent': 17.53, 'train/backward_time_percent': 34.94, 'train/optimizer_time_percent': 1.08, 'train/overhead_time_percent': 46.44, 'epoch': 2.8484848484848486}
{'loss': 1.1654, 'learning_rate': 0.0001, 'grad_norm': 0.3818703591823578, 'train/tokens_per_sec': 1637.8018295684883, 'train/step_time': 10.003652276000139, 'train/mfu': 84.19, 'train/efficiency': 53.55, 'train/forward_time_percent': 17.14, 'train/backward_time_percent': 35.43, 'train/optimizer_time_percent': 0.97, 'train/overhead_time_percent': 46.45, 'epoch': 2.8484848484848486}
{'loss': 1.0875, 'learning_rate': 0.0001, 'grad_norm': 0.3375272750854492, 'train/tokens_per_sec': 1640.104564446033, 'train/step_time': 9.989606977000221, 'train/mfu': 84.46, 'train/efficiency': 53.56, 'train/forward_time_percent': 17.24, 'train/backward_time_percent': 35.24, 'train/optimizer_time_percent': 1.08, 'train/overhead_time_percent': 46.44, 'epoch': 2.8531468531468533}
{'loss': 1.0875, 'learning_rate': 0.0001, 'grad_norm': 0.3375272750854492, 'train/tokens_per_sec': 1640.5774721995544, 'train/step_time': 9.986727403999794, 'train/mfu': 83.83, 'train/efficiency': 53.77, 'train/forward_time_percent': 16.9, 'train/backward_time_percent': 35.99, 'train/optimizer_time_percent': 0.88, 'train/overhead_time_percent': 46.23, 'epoch': 2.8531468531468533}
{'loss': 1.0279, 'learning_rate': 0.0001, 'grad_norm': 0.39766404032707214, 'train/tokens_per_sec': 1636.2352498016999, 'train/step_time': 10.013230067000222, 'train/mfu': 83.37, 'train/efficiency': 54.04, 'train/forward_time_percent': 17.48, 'train/backward_time_percent': 35.55, 'train/optimizer_time_percent': 1.0, 'train/overhead_time_percent': 45.96, 'epoch': 2.857808857808858}
{'loss': 1.0279, 'learning_rate': 0.0001, 'grad_norm': 0.39766404032707214, 'train/tokens_per_sec': 1636.0138290036637, 'train/step_time': 10.014585273999728, 'train/mfu': 84.4, 'train/efficiency': 53.43, 'train/forward_time_percent': 16.86, 'train/backward_time_percent': 35.52, 'train/optimizer_time_percent': 1.05, 'train/overhead_time_percent': 46.57, 'epoch': 2.857808857808858}
{'loss': 1.0409, 'learning_rate': 0.0001, 'grad_norm': 0.4284128248691559, 'train/tokens_per_sec': 1636.7555783495288, 'train/step_time': 10.010046837000118, 'train/mfu': 86.21, 'train/efficiency': 52.19, 'train/forward_time_percent': 17.32, 'train/backward_time_percent': 33.98, 'train/optimizer_time_percent': 0.88, 'train/overhead_time_percent': 47.81, 'epoch': 2.8624708624708624}{'loss': 1.0409, 'learning_rate': 0.0001, 'grad_norm': 0.4284128248691559, 'train/tokens_per_sec': 1637.837394010841, 'train/step_time': 10.003435053999965, 'train/mfu': 83.68, 'train/efficiency': 53.78, 'train/forward_time_percent': 16.93, 'train/backward_time_percent': 35.96, 'train/optimizer_time_percent': 0.89, 'train/overhead_time_percent': 46.22, 'epoch': 2.8624708624708624}

{'loss': 1.1098, 'learning_rate': 0.0001, 'grad_norm': 0.39284375309944153, 'train/tokens_per_sec': 1637.7198834287574, 'train/step_time': 10.004152825999881, 'train/mfu': 84.01, 'train/efficiency': 53.73, 'train/forward_time_percent': 17.13, 'train/backward_time_percent': 35.55, 'train/optimizer_time_percent': 1.05, 'train/overhead_time_percent': 46.27, 'epoch': 2.867132867132867}
{'loss': 1.1098, 'learning_rate': 0.0001, 'grad_norm': 0.39284375309944153, 'train/tokens_per_sec': 1637.524402274355, 'train/step_time': 10.005347082000299, 'train/mfu': 84.3, 'train/efficiency': 53.48, 'train/forward_time_percent': 16.89, 'train/backward_time_percent': 35.6, 'train/optimizer_time_percent': 0.99, 'train/overhead_time_percent': 46.52, 'epoch': 2.867132867132867}
{'loss': 1.0333, 'learning_rate': 0.0001, 'grad_norm': 0.3726488947868347, 'train/tokens_per_sec': 1636.754663013905, 'train/step_time': 10.010052435000034, 'train/mfu': 82.21, 'train/efficiency': 54.8, 'train/forward_time_percent': 17.18, 'train/backward_time_percent': 36.62, 'train/optimizer_time_percent': 0.99, 'train/overhead_time_percent': 45.2, 'epoch': 2.871794871794872}
{'loss': 1.0333, 'learning_rate': 0.0001, 'grad_norm': 0.3726488947868347, 'train/tokens_per_sec': 1635.992162277486, 'train/step_time': 10.014717904999998, 'train/mfu': 84.19, 'train/efficiency': 53.5, 'train/forward_time_percent': 17.2, 'train/backward_time_percent': 35.31, 'train/optimizer_time_percent': 0.99, 'train/overhead_time_percent': 46.5, 'epoch': 2.871794871794872}
{'loss': 0.9945, 'learning_rate': 0.0001, 'grad_norm': 0.35911762714385986, 'train/tokens_per_sec': 1638.352335906898, 'train/step_time': 10.000290927000606, 'train/mfu': 83.58, 'train/efficiency': 53.98, 'train/forward_time_percent': 17.13, 'train/backward_time_percent': 35.84, 'train/optimizer_time_percent': 1.01, 'train/overhead_time_percent': 46.02, 'epoch': 2.8764568764568765}
{'loss': 0.9945, 'learning_rate': 0.0001, 'grad_norm': 0.35911762714385986, 'train/tokens_per_sec': 1637.838735595167, 'train/step_time': 10.003426859999308, 'train/mfu': 84.57, 'train/efficiency': 53.38, 'train/forward_time_percent': 17.27, 'train/backward_time_percent': 35.07, 'train/optimizer_time_percent': 1.04, 'train/overhead_time_percent': 46.62, 'epoch': 2.8764568764568765}
{'loss': 0.8668, 'learning_rate': 0.0001, 'grad_norm': 0.36336809396743774, 'train/tokens_per_sec': 1636.8912877760818, 'train/step_time': 10.009216936000485, 'train/mfu': 84.25, 'train/efficiency': 53.51, 'train/forward_time_percent': 16.84, 'train/backward_time_percent': 35.67, 'train/optimizer_time_percent': 1.0, 'train/overhead_time_percent': 46.49, 'epoch': 2.8811188811188813}
{'loss': 0.8668, 'learning_rate': 0.0001, 'grad_norm': 0.36336809396743774, 'train/tokens_per_sec': 1637.3011114418932, 'train/step_time': 10.00671158500063, 'train/mfu': 82.93, 'train/efficiency': 54.41, 'train/forward_time_percent': 17.38, 'train/backward_time_percent': 35.98, 'train/optimizer_time_percent': 1.06, 'train/overhead_time_percent': 45.59, 'epoch': 2.8811188811188813}
  step   620  loss   1.2048  |     5820.0 ms
{'loss': 1.2048, 'learning_rate': 0.0001, 'grad_norm': 0.3519074320793152, 'train/tokens_per_sec': 1638.3237930410548, 'train/step_time': 10.000465152000288, 'train/mfu': 81.9, 'train/efficiency': 55.01, 'train/forward_time_percent': 17.08, 'train/backward_time_percent': 36.98, 'train/optimizer_time_percent': 0.95, 'train/overhead_time_percent': 44.99, 'epoch': 2.8857808857808855}
{'loss': 1.2048, 'learning_rate': 0.0001, 'grad_norm': 0.3519074320793152, 'train/tokens_per_sec': 1637.3819207858196, 'train/step_time': 10.006217726000614, 'train/mfu': 84.23, 'train/efficiency': 53.43, 'train/forward_time_percent': 17.22, 'train/backward_time_percent': 35.32, 'train/optimizer_time_percent': 0.89, 'train/overhead_time_percent': 46.57, 'epoch': 2.8857808857808855}
{'loss': 1.242, 'learning_rate': 0.0001, 'grad_norm': 0.3477165400981903, 'train/tokens_per_sec': 1636.473285085951, 'train/step_time': 10.011773580000408, 'train/mfu': 84.41, 'train/efficiency': 53.27, 'train/forward_time_percent': 17.18, 'train/backward_time_percent': 35.22, 'train/optimizer_time_percent': 0.88, 'train/overhead_time_percent': 46.73, 'epoch': 2.8904428904428903}
{'loss': 1.242, 'learning_rate': 0.0001, 'grad_norm': 0.3477165400981903, 'train/tokens_per_sec': 1637.2041899889216, 'train/step_time': 10.007303976000003, 'train/mfu': 82.89, 'train/efficiency': 54.43, 'train/forward_time_percent': 16.76, 'train/backward_time_percent': 36.62, 'train/optimizer_time_percent': 1.05, 'train/overhead_time_percent': 45.57, 'epoch': 2.8904428904428903}
{'loss': 1.0041, 'learning_rate': 0.0001, 'grad_norm': 0.3432682752609253, 'train/tokens_per_sec': 1637.2800154946467, 'train/step_time': 10.006840518999525, 'train/mfu': 84.9, 'train/efficiency': 53.07, 'train/forward_time_percent': 17.09, 'train/backward_time_percent': 35.03, 'train/optimizer_time_percent': 0.95, 'train/overhead_time_percent': 46.93, 'epoch': 2.895104895104895}
{'loss': 1.0041, 'learning_rate': 0.0001, 'grad_norm': 0.3432682752609253, 'train/tokens_per_sec': 1637.9467224861858, 'train/step_time': 10.002767351999864, 'train/mfu': 83.4, 'train/efficiency': 53.96, 'train/forward_time_percent': 17.21, 'train/backward_time_percent': 35.86, 'train/optimizer_time_percent': 0.89, 'train/overhead_time_percent': 46.04, 'epoch': 2.895104895104895}
{'loss': 1.1217, 'learning_rate': 0.0001, 'grad_norm': 0.3221973776817322, 'train/tokens_per_sec': 1639.6420842988582, 'train/step_time': 9.992424661999394, 'train/mfu': 82.06, 'train/efficiency': 54.9, 'train/forward_time_percent': 17.64, 'train/backward_time_percent': 36.36, 'train/optimizer_time_percent': 0.9, 'train/overhead_time_percent': 45.1, 'epoch': 2.8997668997668997}
{'loss': 1.1217, 'learning_rate': 0.0001, 'grad_norm': 0.3221973776817322, 'train/tokens_per_sec': 1638.961142271244, 'train/step_time': 9.996576231999825, 'train/mfu': 83.52, 'train/efficiency': 54.05, 'train/forward_time_percent': 17.26, 'train/backward_time_percent': 35.77, 'train/optimizer_time_percent': 1.02, 'train/overhead_time_percent': 45.95, 'epoch': 2.8997668997668997}
{'loss': 1.0048, 'learning_rate': 0.0001, 'grad_norm': 0.39028263092041016, 'train/tokens_per_sec': 1638.4255071720304, 'train/step_time': 9.999844319000658, 'train/mfu': 84.23, 'train/efficiency': 53.6, 'train/forward_time_percent': 17.11, 'train/backward_time_percent': 35.45, 'train/optimizer_time_percent': 1.04, 'train/overhead_time_percent': 46.4, 'epoch': 2.9044289044289044}{'loss': 1.0048, 'learning_rate': 0.0001, 'grad_norm': 0.39028263092041016, 'train/tokens_per_sec': 1638.6207638379208, 'train/step_time': 9.998652745999607, 'train/mfu': 84.21, 'train/efficiency': 53.65, 'train/forward_time_percent': 17.06, 'train/backward_time_percent': 35.53, 'train/optimizer_time_percent': 1.06, 'train/overhead_time_percent': 46.35, 'epoch': 2.9044289044289044}

{'loss': 1.2011, 'learning_rate': 0.0001, 'grad_norm': 0.38304829597473145, 'train/tokens_per_sec': 1637.2112117707404, 'train/step_time': 10.007261056000061, 'train/mfu': 84.81, 'train/efficiency': 53.2, 'train/forward_time_percent': 17.7, 'train/backward_time_percent': 34.46, 'train/optimizer_time_percent': 1.03, 'train/overhead_time_percent': 46.8, 'epoch': 2.909090909090909}
{'loss': 1.2011, 'learning_rate': 0.0001, 'grad_norm': 0.38304829597473145, 'train/tokens_per_sec': 1638.1681433461483, 'train/step_time': 10.001415341000211, 'train/mfu': 82.23, 'train/efficiency': 54.71, 'train/forward_time_percent': 17.43, 'train/backward_time_percent': 36.41, 'train/optimizer_time_percent': 0.87, 'train/overhead_time_percent': 45.29, 'epoch': 2.909090909090909}
{'loss': 1.4485, 'learning_rate': 0.0001, 'grad_norm': 0.34439733624458313, 'train/tokens_per_sec': 1637.5104825268718, 'train/step_time': 10.005432133000795, 'train/mfu': 84.76, 'train/efficiency': 53.26, 'train/forward_time_percent': 16.99, 'train/backward_time_percent': 35.22, 'train/optimizer_time_percent': 1.05, 'train/overhead_time_percent': 46.74, 'epoch': 2.913752913752914}
{'loss': 1.4485, 'learning_rate': 0.0001, 'grad_norm': 0.34439733624458313, 'train/tokens_per_sec': 1637.8479530290865, 'train/step_time': 10.003370562999407, 'train/mfu': 83.01, 'train/efficiency': 54.3, 'train/forward_time_percent': 17.23, 'train/backward_time_percent': 36.09, 'train/optimizer_time_percent': 0.99, 'train/overhead_time_percent': 45.7, 'epoch': 2.913752913752914}
{'loss': 1.2842, 'learning_rate': 0.0001, 'grad_norm': 0.30692940950393677, 'train/tokens_per_sec': 1637.521383480482, 'train/step_time': 10.005365526999412, 'train/mfu': 84.29, 'train/efficiency': 53.55, 'train/forward_time_percent': 16.92, 'train/backward_time_percent': 35.58, 'train/optimizer_time_percent': 1.05, 'train/overhead_time_percent': 46.45, 'epoch': 2.9184149184149186}{'loss': 1.2842, 'learning_rate': 0.0001, 'grad_norm': 0.30692940950393677, 'train/tokens_per_sec': 1637.4310112282672, 'train/step_time': 10.00591773799988, 'train/mfu': 85.22, 'train/efficiency': 52.98, 'train/forward_time_percent': 16.83, 'train/backward_time_percent': 35.09, 'train/optimizer_time_percent': 1.06, 'train/overhead_time_percent': 47.02, 'epoch': 2.9184149184149186}

{'loss': 0.8778, 'learning_rate': 0.0001, 'grad_norm': 0.3149299919605255, 'train/tokens_per_sec': 1637.9221923810367, 'train/step_time': 10.002917157000411, 'train/mfu': 84.97, 'train/efficiency': 52.98, 'train/forward_time_percent': 17.29, 'train/backward_time_percent': 34.8, 'train/optimizer_time_percent': 0.89, 'train/overhead_time_percent': 47.02, 'epoch': 2.9230769230769234}
{'loss': 0.8778, 'learning_rate': 0.0001, 'grad_norm': 0.3149299919605255, 'train/tokens_per_sec': 1638.8222097658067, 'train/step_time': 9.997423700000581, 'train/mfu': 81.2, 'train/efficiency': 55.57, 'train/forward_time_percent': 17.43, 'train/backward_time_percent': 37.11, 'train/optimizer_time_percent': 1.03, 'train/overhead_time_percent': 44.43, 'epoch': 2.9230769230769234}
{'loss': 1.0139, 'learning_rate': 0.0001, 'grad_norm': 0.32394710183143616, 'train/tokens_per_sec': 1637.3469318067007, 'train/step_time': 10.006431551999412, 'train/mfu': 85.25, 'train/efficiency': 52.96, 'train/forward_time_percent': 16.58, 'train/backward_time_percent': 35.32, 'train/optimizer_time_percent': 1.06, 'train/overhead_time_percent': 47.04, 'epoch': 2.9277389277389276}
{'loss': 1.0139, 'learning_rate': 0.0001, 'grad_norm': 0.32394710183143616, 'train/tokens_per_sec': 1638.1012191832835, 'train/step_time': 10.001823946000513, 'train/mfu': 83.2, 'train/efficiency': 54.09, 'train/forward_time_percent': 17.01, 'train/backward_time_percent': 36.2, 'train/optimizer_time_percent': 0.88, 'train/overhead_time_percent': 45.91, 'epoch': 2.9277389277389276}
  step   630  loss   0.8967  |     5747.3 ms
{'loss': 0.8967, 'learning_rate': 0.0001, 'grad_norm': 0.43311843276023865, 'train/tokens_per_sec': 1638.0540632937655, 'train/step_time': 10.002111875999617, 'train/mfu': 82.98, 'train/efficiency': 54.24, 'train/forward_time_percent': 17.33, 'train/backward_time_percent': 36.02, 'train/optimizer_time_percent': 0.89, 'train/overhead_time_percent': 45.76, 'epoch': 2.9324009324009324}{'loss': 0.8967, 'learning_rate': 0.0001, 'grad_norm': 0.43311843276023865, 'train/tokens_per_sec': 1636.9229924343547, 'train/step_time': 10.009023073000208, 'train/mfu': 86.07, 'train/efficiency': 52.32, 'train/forward_time_percent': 17.19, 'train/backward_time_percent': 34.21, 'train/optimizer_time_percent': 0.93, 'train/overhead_time_percent': 47.68, 'epoch': 2.9324009324009324}

{'loss': 1.1372, 'learning_rate': 0.0001, 'grad_norm': 0.350344181060791, 'train/tokens_per_sec': 1637.9594477113162, 'train/step_time': 10.00268964099996, 'train/mfu': 82.82, 'train/efficiency': 54.51, 'train/forward_time_percent': 17.61, 'train/backward_time_percent': 35.84, 'train/optimizer_time_percent': 1.06, 'train/overhead_time_percent': 45.49, 'epoch': 2.937062937062937}
{'loss': 1.1372, 'learning_rate': 0.0001, 'grad_norm': 0.350344181060791, 'train/tokens_per_sec': 1638.0320583592868, 'train/step_time': 10.002246242000183, 'train/mfu': 84.18, 'train/efficiency': 53.6, 'train/forward_time_percent': 16.88, 'train/backward_time_percent': 35.7, 'train/optimizer_time_percent': 1.02, 'train/overhead_time_percent': 46.4, 'epoch': 2.937062937062937}
{'loss': 1.1981, 'learning_rate': 0.0001, 'grad_norm': 0.36371225118637085, 'train/tokens_per_sec': 1638.559114904497, 'train/step_time': 9.999028934000307, 'train/mfu': 85.56, 'train/efficiency': 52.74, 'train/forward_time_percent': 16.47, 'train/backward_time_percent': 35.29, 'train/optimizer_time_percent': 0.98, 'train/overhead_time_percent': 47.26, 'epoch': 2.941724941724942}
{'loss': 1.1981, 'learning_rate': 0.0001, 'grad_norm': 0.36371225118637085, 'train/tokens_per_sec': 1639.4351562439128, 'train/step_time': 9.993685896999523, 'train/mfu': 82.64, 'train/efficiency': 54.49, 'train/forward_time_percent': 17.51, 'train/backward_time_percent': 36.1, 'train/optimizer_time_percent': 0.88, 'train/overhead_time_percent': 45.51, 'epoch': 2.941724941724942}
{'loss': 1.1913, 'learning_rate': 0.0001, 'grad_norm': 0.34396958351135254, 'train/tokens_per_sec': 1636.7091722206517, 'train/step_time': 10.010330654999962, 'train/mfu': 83.35, 'train/efficiency': 54.14, 'train/forward_time_percent': 17.4, 'train/backward_time_percent': 35.67, 'train/optimizer_time_percent': 1.07, 'train/overhead_time_percent': 45.86, 'epoch': 2.9463869463869465}{'loss': 1.1913, 'learning_rate': 0.0001, 'grad_norm': 0.34396958351135254, 'train/tokens_per_sec': 1636.7303646444198, 'train/step_time': 10.010201041000073, 'train/mfu': 83.16, 'train/efficiency': 54.14, 'train/forward_time_percent': 17.24, 'train/backward_time_percent': 35.95, 'train/optimizer_time_percent': 0.95, 'train/overhead_time_percent': 45.86, 'epoch': 2.9463869463869465}

{'loss': 1.022, 'learning_rate': 0.0001, 'grad_norm': 0.3347865641117096, 'train/tokens_per_sec': 1638.906955549489, 'train/step_time': 9.996906746000604, 'train/mfu': 84.18, 'train/efficiency': 53.65, 'train/forward_time_percent': 17.51, 'train/backward_time_percent': 35.11, 'train/optimizer_time_percent': 1.04, 'train/overhead_time_percent': 46.35, 'epoch': 2.951048951048951}
{'loss': 1.022, 'learning_rate': 0.0001, 'grad_norm': 0.3347865641117096, 'train/tokens_per_sec': 1638.9638602759992, 'train/step_time': 9.99655965400052, 'train/mfu': 85.27, 'train/efficiency': 52.83, 'train/forward_time_percent': 16.44, 'train/backward_time_percent': 35.5, 'train/optimizer_time_percent': 0.89, 'train/overhead_time_percent': 47.17, 'epoch': 2.951048951048951}
{'loss': 1.0482, 'learning_rate': 0.0001, 'grad_norm': 0.354689359664917, 'train/tokens_per_sec': 1598.8714905826935, 'train/step_time': 10.247227558000304, 'train/mfu': 79.44, 'train/efficiency': 55.42, 'train/forward_time_percent': 16.68, 'train/backward_time_percent': 37.71, 'train/optimizer_time_percent': 1.02, 'train/overhead_time_percent': 44.58, 'epoch': 2.9557109557109555}
{'loss': 1.0482, 'learning_rate': 0.0001, 'grad_norm': 0.354689359664917, 'train/tokens_per_sec': 1599.0302738682094, 'train/step_time': 10.246210010999675, 'train/mfu': 79.97, 'train/efficiency': 54.94, 'train/forward_time_percent': 16.66, 'train/backward_time_percent': 37.38, 'train/optimizer_time_percent': 0.9, 'train/overhead_time_percent': 45.06, 'epoch': 2.9557109557109555}
{'loss': 1.3225, 'learning_rate': 0.0001, 'grad_norm': 0.37141990661621094, 'train/tokens_per_sec': 1636.7420344952209, 'train/step_time': 10.01012966899998, 'train/mfu': 86.55, 'train/efficiency': 52.16, 'train/forward_time_percent': 16.77, 'train/backward_time_percent': 34.34, 'train/optimizer_time_percent': 1.06, 'train/overhead_time_percent': 47.84, 'epoch': 2.9603729603729603}
{'loss': 1.3225, 'learning_rate': 0.0001, 'grad_norm': 0.37141990661621094, 'train/tokens_per_sec': 1637.6155246833164, 'train/step_time': 10.004790351000338, 'train/mfu': 85.14, 'train/efficiency': 53.02, 'train/forward_time_percent': 17.01, 'train/backward_time_percent': 34.97, 'train/optimizer_time_percent': 1.04, 'train/overhead_time_percent': 46.98, 'epoch': 2.9603729603729603}
{'loss': 1.0213, 'learning_rate': 0.0001, 'grad_norm': 0.3833477795124054, 'train/tokens_per_sec': 1637.9917164779736, 'train/step_time': 10.00249258599979, 'train/mfu': 83.62, 'train/efficiency': 53.99, 'train/forward_time_percent': 16.76, 'train/backward_time_percent': 36.18, 'train/optimizer_time_percent': 1.06, 'train/overhead_time_percent': 46.01, 'epoch': 2.965034965034965}
{'loss': 1.0213, 'learning_rate': 0.0001, 'grad_norm': 0.3833477795124054, 'train/tokens_per_sec': 1637.018264911383, 'train/step_time': 10.008440560000054, 'train/mfu': 84.54, 'train/efficiency': 53.26, 'train/forward_time_percent': 16.69, 'train/backward_time_percent': 35.64, 'train/optimizer_time_percent': 0.93, 'train/overhead_time_percent': 46.74, 'epoch': 2.965034965034965}
{'loss': 0.9687, 'learning_rate': 0.0001, 'grad_norm': 0.3880169689655304, 'train/tokens_per_sec': 1638.66323322316, 'train/step_time': 9.998393609999766, 'train/mfu': 84.88, 'train/efficiency': 53.23, 'train/forward_time_percent': 17.2, 'train/backward_time_percent': 34.97, 'train/optimizer_time_percent': 1.06, 'train/overhead_time_percent': 46.77, 'epoch': 2.9696969696969697}
{'loss': 0.9687, 'learning_rate': 0.0001, 'grad_norm': 0.3880169689655304, 'train/tokens_per_sec': 1639.4887807284138, 'train/step_time': 9.993359023000266, 'train/mfu': 82.97, 'train/efficiency': 54.43, 'train/forward_time_percent': 17.27, 'train/backward_time_percent': 36.13, 'train/optimizer_time_percent': 1.03, 'train/overhead_time_percent': 45.57, 'epoch': 2.9696969696969697}
{'loss': 1.0787, 'learning_rate': 0.0001, 'grad_norm': 0.3405435085296631, 'train/tokens_per_sec': 1637.386839875837, 'train/step_time': 10.006187665000652, 'train/mfu': 85.99, 'train/efficiency': 52.35, 'train/forward_time_percent': 17.0, 'train/backward_time_percent': 34.46, 'train/optimizer_time_percent': 0.89, 'train/overhead_time_percent': 47.65, 'epoch': 2.9743589743589745}
{'loss': 1.0787, 'learning_rate': 0.0001, 'grad_norm': 0.3405435085296631, 'train/tokens_per_sec': 1638.6857627082413, 'train/step_time': 9.998256147000575, 'train/mfu': 83.2, 'train/efficiency': 54.16, 'train/forward_time_percent': 17.42, 'train/backward_time_percent': 35.81, 'train/optimizer_time_percent': 0.93, 'train/overhead_time_percent': 45.84, 'epoch': 2.9743589743589745}
  step   640  loss   1.0515  |     5519.5 ms
{'loss': 1.0515, 'learning_rate': 0.0001, 'grad_norm': 0.3631066381931305, 'train/tokens_per_sec': 1638.8963507404276, 'train/step_time': 9.996971432999999, 'train/mfu': 85.54, 'train/efficiency': 52.7, 'train/forward_time_percent': 17.37, 'train/backward_time_percent': 34.41, 'train/optimizer_time_percent': 0.92, 'train/overhead_time_percent': 47.3, 'epoch': 2.979020979020979}
{'loss': 1.0515, 'learning_rate': 0.0001, 'grad_norm': 0.3631066381931305, 'train/tokens_per_sec': 1638.7901915198793, 'train/step_time': 9.997619026999928, 'train/mfu': 86.78, 'train/efficiency': 51.95, 'train/forward_time_percent': 17.29, 'train/backward_time_percent': 33.74, 'train/optimizer_time_percent': 0.92, 'train/overhead_time_percent': 48.05, 'epoch': 2.979020979020979}
{'loss': 0.9772, 'learning_rate': 0.0001, 'grad_norm': 0.32403987646102905, 'train/tokens_per_sec': 1637.0656850573987, 'train/step_time': 10.008150650000061, 'train/mfu': 85.28, 'train/efficiency': 52.82, 'train/forward_time_percent': 17.37, 'train/backward_time_percent': 34.5, 'train/optimizer_time_percent': 0.95, 'train/overhead_time_percent': 47.18, 'epoch': 2.983682983682984}
{'loss': 0.9772, 'learning_rate': 0.0001, 'grad_norm': 0.32403987646102905, 'train/tokens_per_sec': 1637.2958329046346, 'train/step_time': 10.006743846000063, 'train/mfu': 83.99, 'train/efficiency': 53.57, 'train/forward_time_percent': 16.59, 'train/backward_time_percent': 36.09, 'train/optimizer_time_percent': 0.89, 'train/overhead_time_percent': 46.43, 'epoch': 2.983682983682984}
{'loss': 1.1368, 'learning_rate': 0.0001, 'grad_norm': 0.39120325446128845, 'train/tokens_per_sec': 1639.121491287196, 'train/step_time': 9.995598305000385, 'train/mfu': 85.02, 'train/efficiency': 53.16, 'train/forward_time_percent': 17.25, 'train/backward_time_percent': 34.86, 'train/optimizer_time_percent': 1.06, 'train/overhead_time_percent': 46.84, 'epoch': 2.988344988344988}
{'loss': 1.1368, 'learning_rate': 0.0001, 'grad_norm': 0.39120325446128845, 'train/tokens_per_sec': 1638.9470603696152, 'train/step_time': 9.996662123000533, 'train/mfu': 84.74, 'train/efficiency': 53.17, 'train/forward_time_percent': 16.82, 'train/backward_time_percent': 35.45, 'train/optimizer_time_percent': 0.9, 'train/overhead_time_percent': 46.83, 'epoch': 2.988344988344988}
{'loss': 1.0775, 'learning_rate': 0.0001, 'grad_norm': 0.5003775954246521, 'train/tokens_per_sec': 1636.7911313795148, 'train/step_time': 10.009829407000325, 'train/mfu': 84.9, 'train/efficiency': 53.02, 'train/forward_time_percent': 17.54, 'train/backward_time_percent': 34.56, 'train/optimizer_time_percent': 0.92, 'train/overhead_time_percent': 46.98, 'epoch': 2.993006993006993}
{'loss': 1.0775, 'learning_rate': 0.0001, 'grad_norm': 0.5003775954246521, 'train/tokens_per_sec': 1638.1155936468492, 'train/step_time': 10.00173618000008, 'train/mfu': 82.97, 'train/efficiency': 54.37, 'train/forward_time_percent': 17.71, 'train/backward_time_percent': 35.64, 'train/optimizer_time_percent': 1.02, 'train/overhead_time_percent': 45.63, 'epoch': 2.993006993006993}
{'loss': 1.0655, 'learning_rate': 0.0001, 'grad_norm': 0.3756490647792816, 'train/tokens_per_sec': 1637.5961706899009, 'train/step_time': 10.004908593000437, 'train/mfu': 82.79, 'train/efficiency': 54.35, 'train/forward_time_percent': 17.2, 'train/backward_time_percent': 36.26, 'train/optimizer_time_percent': 0.89, 'train/overhead_time_percent': 45.65, 'epoch': 2.9976689976689976}
{'loss': 1.0655, 'learning_rate': 0.0001, 'grad_norm': 0.3756490647792816, 'train/tokens_per_sec': 1637.185686115353, 'train/step_time': 10.007417081000312, 'train/mfu': 83.79, 'train/efficiency': 53.85, 'train/forward_time_percent': 17.11, 'train/backward_time_percent': 35.69, 'train/optimizer_time_percent': 1.05, 'train/overhead_time_percent': 46.15, 'epoch': 2.9976689976689976}
{'loss': 1.2063, 'learning_rate': 0.0001, 'grad_norm': 0.7645886540412903, 'train/tokens_per_sec': 1194.4678228617156, 'train/step_time': 6.858284369999637, 'train/mfu': 86.52, 'train/efficiency': 38.82, 'train/forward_time_percent': 12.29, 'train/backward_time_percent': 25.02, 'train/optimizer_time_percent': 1.52, 'train/overhead_time_percent': 61.18, 'epoch': 3.0}
{'loss': 1.2063, 'learning_rate': 0.0001, 'grad_norm': 0.7645886540412903, 'train/tokens_per_sec': 1185.57149521799, 'train/step_time': 6.9097477739996975, 'train/mfu': 84.48, 'train/efficiency': 39.36, 'train/forward_time_percent': 11.95, 'train/backward_time_percent': 25.98, 'train/optimizer_time_percent': 1.44, 'train/overhead_time_percent': 60.64, 'epoch': 3.0}
================================================================================
TRAINING SUMMARY METRICS
================================================================================
summary/tokens_per_sec_avg: 1637.07
summary/total_steps: 645
summary/total_tokens_processed: 10543104
summary/mfu_avg: 84.09%
summary/efficiency_avg: 53.71%
summary/forward_time_percent_avg: 17.1100s
summary/backward_time_percent_avg: 35.6100s
summary/optimizer_time_percent_avg: 0.9900s
summary/overhead_time_percent_avg: 46.2900s
================================================================================
Summary metrics saved to: /opt/np/models/adapters/rerun_seed42/training_summary_metrics.json
================================================================================


Training completed. Do not forget to share your model on huggingface.co/models =)


Saving model checkpoint to /opt/np/models/adapters/rerun_seed42
Model parallelism is enabled, saving the model sharded state dict instead of the full state dict.
[2026-08-05 10:48:48.795: I neuronx_distributed/trainer/checkpoint.py:144] synced saving of checkpoint adapter_shards began
[2026-08-05 10:48:48.968: I neuronx_distributed/trainer/checkpoint.py:192] synced saving of checkpoint adapter_shards completed
[2026-08-05 10:48:48.970: I neuronx_distributed/trainer/checkpoint.py:256] no checkpoints to remove.

  median step 5696.2 ms | 2,876 tok/s | 139.8 TFLOP/s | MFU 73.6%

SUMMARY tag=rerun_seed42 model=meta-llama/Llama-3.1-8B-Instruct tp=2 dp=1 steps=645 median_step_ms=5696.2 first_step_ms=37325.3 compile_s=31.6 tokens_per_s=2876 tflops=139.80 mfu_pct=73.58 final_loss=1.2063 peak_host_mem_mib=16796 train_wall_s=7345.3
wrote /opt/np/repo/trn1/results/rerun/rerun_seed42.json
adapter -> /opt/np/models/adapters/rerun_seed42  (TP-sharded; merge_adapter.py consolidates)
