[sft_lora] profile=trn1 (trn1.2xlarge) -- re-exec under torchrun (--nproc_per_node=2, one rank per logical NeuronCore)
[sft_lora] /opt/aws_neuronx_venv_pytorch_2_9/bin/python -m torch.distributed.run --nproc_per_node=2 /opt/np/repo/shared/train/sft_lora.py --model meta-llama/Llama-3.1-8B-Instruct --tag rerun_seed44 --out /opt/np/repo/trn1/results/rerun/rerun_seed44.json --seed 44

*****************************************
Setting OMP_NUM_THREADS environment variable for each process to be 1 in default, to avoid your system being overloaded, please further tune the variable for optimal performance in your application as needed. 
*****************************************
/opt/aws_neuronx_venv_pytorch_2_9/lib/python3.12/site-packages/neuronx_distributed/modules/moe/blockwise.py:100: DeprecationWarning: torch_neuronx.nki_jit is deprecated, use nki.jit instead.
  component, error = import_nki(config)
/opt/aws_neuronx_venv_pytorch_2_9/lib/python3.12/site-packages/neuronx_distributed/modules/moe/blockwise.py:100: DeprecationWarning: torch_neuronx.nki_jit is deprecated, use nki.jit instead.
  component, error = import_nki(config)
/opt/aws_neuronx_venv_pytorch_2_9/lib/python3.12/site-packages/neuronx_distributed/modules/moe/blockwise.py:102: UserWarning: Warning: Failed to import blockwise_mm_baseline_shard_hidden: No module named 'neuronxcc.nki._private.blockwise_mm'
  warnings.warn(f"Warning: {error}")
/opt/aws_neuronx_venv_pytorch_2_9/lib/python3.12/site-packages/neuronx_distributed/modules/moe/blockwise.py:102: UserWarning: Warning: Failed to import blockwise_mm_bwd: No module named 'neuronxcc.nki._private.blockwise_mm_bwd'
  warnings.warn(f"Warning: {error}")
/opt/aws_neuronx_venv_pytorch_2_9/lib/python3.12/site-packages/neuronx_distributed/modules/moe/blockwise.py:102: UserWarning: Warning: Failed to import blockwise_mm_bwd_baseline_shard_hidden: No module named 'neuronxcc.nki._private.blockwise_mm_bwd'
  warnings.warn(f"Warning: {error}")
/opt/aws_neuronx_venv_pytorch_2_9/lib/python3.12/site-packages/neuronx_distributed/modules/moe/blockwise.py:102: UserWarning: Warning: Failed to import blockwise_mm_baseline_shard_hidden: No module named 'neuronxcc.nki._private.blockwise_mm'
  warnings.warn(f"Warning: {error}")
/opt/aws_neuronx_venv_pytorch_2_9/lib/python3.12/site-packages/neuronx_distributed/modules/moe/blockwise.py:102: UserWarning: Warning: Failed to import blockwise_mm_bwd: No module named 'neuronxcc.nki._private.blockwise_mm_bwd'
  warnings.warn(f"Warning: {error}")
/opt/aws_neuronx_venv_pytorch_2_9/lib/python3.12/site-packages/neuronx_distributed/modules/moe/blockwise.py:102: UserWarning: Warning: Failed to import blockwise_mm_bwd_baseline_shard_hidden: No module named 'neuronxcc.nki._private.blockwise_mm_bwd'
  warnings.warn(f"Warning: {error}")
2026-Aug-05 12:54:31.870612  3146:3146   WARN   NRT:nrt_config_parse_init_config            Implicit Async using NEURON_RT_ASYNC_EXEC_MAX_INFLIGHT_REQUESTS will not be supported in a future release of the Neuron Runtime. Migrate to using the new Neuron Runtime Async APIs to address the risk of this future breaking change. https://awsdocs-neuron.readthedocs-hosted.com/en/latest/neuron-runtime/api/nrt-async-api-overview.html
2026-Aug-05 12:54:31.870655  3147:3147   WARN   NRT:nrt_config_parse_init_config            Implicit Async using NEURON_RT_ASYNC_EXEC_MAX_INFLIGHT_REQUESTS will not be supported in a future release of the Neuron Runtime. Migrate to using the new Neuron Runtime Async APIs to address the risk of this future breaking change. https://awsdocs-neuron.readthedocs-hosted.com/en/latest/neuron-runtime/api/nrt-async-api-overview.html
2026-Aug-05 12:54:39.0482 3147:3169 [1] int nccl_net_ofi_create_plugin(nccl_net_ofi_plugin_t**):273 CCOM WARN NET/OFI Failed to 2026-Aug-05 12:54:39.0482 3146:3168 [0] int nccl_net_ofi_create_plugin(nccl_net_ofi_plugin_t**):273 CCOM WARN NET/OFI Failed to initialize rdma protocol
initialize rdma protocol
2026-Aug-05 12:54:39.0482 3146:3168 [0] int nccl_net_ofi_create_plugin(nccl_net_ofi_plugin_t**):416 CCOM WARN NET/OFI aws-ofi-nccl initialization failed
2026-Aug-05 12:54:39.0484 3147:3169 [1] int nccl_net_ofi_create_plugin(nccl_net_ofi_plugin_t**):416 CCOM WARN NET/OFI aws-ofi-nccl initialization failed
2026-Aug-05 12:54:39.0486 3146:3168 [0] ncclResult_t nccl_net_ofi_init(ncclDebugLogger_t):78 CCOM WARN NET/OFI Initializing plugin failed
2026-Aug-05 12:54:39.0488 3147:3169 [1] ncclResult_t nccl_net_ofi_init(ncclDebugLogger_t):78 CCOM WARN NET/OFI Initializing plugin failed
2026-Aug-05 12:54:39.0490 3146:3168 [0] net_plugin.cc:104 CCOM WARN OFI plugin initNet() failed is EFA enabled?
2026-Aug-05 12:54:39.0491 3147:3169 [1] net_plugin.cc:104 CCOM WARN OFI plugin initNet() failed is EFA enabled?
[2026-08-05 12:54:39.684: I neuronx_distributed/parallel_layers/parallel_state.py:638] > initializing tensor model parallel with size 2
[2026-08-05 12:54:39.684: I neuronx_distributed/parallel_layers/parallel_state.py:639] > initializing pipeline model parallel with size 1
[2026-08-05 12:54:39.684: I neuronx_distributed/parallel_layers/parallel_state.py:640] > initializing context model parallel with size 1
[2026-08-05 12:54:39.684: I neuronx_distributed/parallel_layers/parallel_state.py:641] > initializing data parallel with size 1
[2026-08-05 12:54:39.684: I neuronx_distributed/parallel_layers/parallel_state.py:642] > initializing world size to 2
2026-08-05 12:54:39.000700:  3146  [INFO]: Using a cached neff at /opt/np/cache/neuron-compile-cache/neuronxcc-2.26.6360.0+6f180f47/MODULE_10918481393192567537+f7f529f3/model.neff
2026-08-05 12:54:39.000700:  3147  [INFO]: Using a cached neff at /opt/np/cache/neuron-compile-cache/neuronxcc-2.26.6360.0+6f180f47/MODULE_10918481393192567537+f7f529f3/model.neff
[2026-08-05 12:54:39.726: I neuronx_distributed/parallel_layers/parallel_state.py:387] [rank_0_pp-1_tp-1_dp-1_cp-1] Chosen Logic for replica groups ret_logic=<PG_Group_Logic.LOGIC1: (<function ascending_ring_PG_group at 0x72be9aec2b60>, 'Ascending Ring PG Group')>
[2026-08-05 12:54:39.726: I neuronx_distributed/parallel_layers/parallel_state.py:666] [rank_0_pp-1_tp-1_dp-1_cp-1] tp_groups: replica_groups.tp_groups=[[0, 1]]
[2026-08-05 12:54:39.726: I neuronx_distributed/parallel_layers/parallel_state.py:667] [rank_0_pp-1_tp-1_dp-1_cp-1] dp_groups: replica_groups.dp_groups=[[0], [1]]
[2026-08-05 12:54:39.726: I neuronx_distributed/parallel_layers/parallel_state.py:668] [rank_0_pp-1_tp-1_dp-1_cp-1] pp_groups: replica_groups.pp_groups=[[0], [1]]
[2026-08-05 12:54:39.726: I neuronx_distributed/parallel_layers/parallel_state.py:669] [rank_0_pp-1_tp-1_dp-1_cp-1] cp_groups: replica_groups.cp_groups=[[0], [1]]
[2026-08-05 12:54:39.726: I neuronx_distributed/parallel_layers/parallel_state.py:670] [rank_0_pp-1_tp-1_dp-1_cp-1] ep_model_groups: replica_groups.ep_model_groups=[[0], [1]]
[2026-08-05 12:54:39.726: I neuronx_distributed/parallel_layers/parallel_state.py:671] [rank_0_pp-1_tp-1_dp-1_cp-1] ep_data_groups: replica_groups.ep_data_groups=[[0], [1]]
PyTorch: setting up devices
PyTorch: setting up devices
/opt/aws_neuronx_venv_pytorch_2_9/lib/python3.12/site-packages/optimum/neuron/models/inference/llama/modeling_llama.py:33: DeprecationWarning: torch_neuronx.nki_jit is deprecated, use nki.jit instead.
  from ..backend.modules.attention.attention_base import NeuronAttentionBase
/opt/aws_neuronx_venv_pytorch_2_9/lib/python3.12/site-packages/optimum/neuron/models/inference/llama/modeling_llama.py:33: DeprecationWarning: torch_neuronx.nki_jit is deprecated, use nki.jit instead.
  from ..backend.modules.attention.attention_base import NeuronAttentionBase
loading weights file model.safetensors from cache at /opt/np/models/hf/hub/models--meta-llama--Llama-3.1-8B-Instruct/snapshots/0e9e39f249a16976918f6564b8830bc894c89659/model.safetensors.index.json
loading weights file model.safetensors from cache at /opt/np/models/hf/hub/models--meta-llama--Llama-3.1-8B-Instruct/snapshots/0e9e39f249a16976918f6564b8830bc894c89659/model.safetensors.index.json
Loading checkpoint shards:   0%|          | 0/4 [00:00<?, ?it/s]Loading checkpoint shards:   0%|          | 0/4 [00:00<?, ?it/s]Loading checkpoint shards:  25%|██▌       | 1/4 [00:18<00:55, 18.65s/it]Loading checkpoint shards:  25%|██▌       | 1/4 [00:18<00:56, 18.69s/it]Loading checkpoint shards:  50%|█████     | 2/4 [00:25<00:23, 11.66s/it]Loading checkpoint shards:  50%|█████     | 2/4 [00:27<00:25, 12.71s/it]Loading checkpoint shards:  75%|███████▌  | 3/4 [00:52<00:18, 18.34s/it]Loading checkpoint shards:  75%|███████▌  | 3/4 [00:52<00:18, 18.60s/it]Loading checkpoint shards: 100%|██████████| 4/4 [01:01<00:00, 15.09s/it]Loading checkpoint shards: 100%|██████████| 4/4 [01:01<00:00, 15.50s/it]
All model checkpoint weights were used when initializing LlamaForCausalLM.

All the weights of LlamaForCausalLM were initialized from the model checkpoint at meta-llama/Llama-3.1-8B-Instruct.
If your task is similar to the task the model of the checkpoint was trained on, you can already use LlamaForCausalLM for predictions without further training.
Loading checkpoint shards: 100%|██████████| 4/4 [01:02<00:00, 15.08s/it]Loading checkpoint shards: 100%|██████████| 4/4 [01:02<00:00, 15.58s/it]
All model checkpoint weights were used when initializing LlamaForCausalLM.

All the weights of LlamaForCausalLM were initialized from the model checkpoint at meta-llama/Llama-3.1-8B-Instruct.
If your task is similar to the task the model of the checkpoint was trained on, you can already use LlamaForCausalLM for predictions without further training.
/opt/np/repo/shared/train/sft_lora.py:1225: DeprecationWarning: Use torch_xla.device instead
  device=xm.xla_device())
/opt/np/repo/shared/train/sft_lora.py:1225: DeprecationWarning: Use torch_xla.device instead
  device=xm.xla_device())
/opt/np/repo/shared/train/sft_lora.py:1227: DeprecationWarning: Use torch_xla.sync instead
  xm.mark_step()
/opt/np/repo/shared/train/sft_lora.py:1227: DeprecationWarning: Use torch_xla.sync instead
  xm.mark_step()
2026-08-05 12:56:23.000147:  3146  [INFO]: Using a cached neff at /opt/np/cache/neuron-compile-cache/neuronxcc-2.26.6360.0+6f180f47/MODULE_5826833238478477259+f7f529f3/model.neff
2026-08-05 12:56:23.000147:  3147  [INFO]: Using a cached neff at /opt/np/cache/neuron-compile-cache/neuronxcc-2.26.6360.0+6f180f47/MODULE_5826833238478477259+f7f529f3/model.neff
2026-08-05 12:56:23.000196:  3146  [INFO]: Using a cached neff at /opt/np/cache/neuron-compile-cache/neuronxcc-2.26.6360.0+6f180f47/MODULE_17281575579459249431+f7f529f3/model.neff
2026-08-05 12:56:23.000196:  3147  [INFO]: Using a cached neff at /opt/np/cache/neuron-compile-cache/neuronxcc-2.26.6360.0+6f180f47/MODULE_17281575579459249431+f7f529f3/model.neff
2026-08-05 12:56:23.000212:  3147  [INFO]: Using a cached neff at /opt/np/cache/neuron-compile-cache/neuronxcc-2.26.6360.0+6f180f47/MODULE_16314927993349291726+f7f529f3/model.neff
2026-08-05 12:56:23.000212:  3146  [INFO]: Using a cached neff at /opt/np/cache/neuron-compile-cache/neuronxcc-2.26.6360.0+6f180f47/MODULE_16314927993349291726+f7f529f3/model.neff
PyTorch: setting up devices
`even_batches` in `AcceleratorConfig` is not supported in NeuronTrainer and will be ignored. Make sure that your dataset size is divisible by the train batch size x gradient accumulation steps x data parallel size.
`use_seedable_sampler` in `AcceleratorConfig` is not supported in NeuronTrainer and will be ignored.
No label_names provided for model class `NeuronPeftModelForCausalLM`. Since `NeuronPeftModel` hides base models input arguments, if label_names is not given, label_names can't be set automatically within `NeuronTrainer`. Note that empty label_names list will be used instead.
  grad ckpt shim     : module globals ['modeling_utils', 'modeling_llama', 'modeling_granite']; 0 bound funcs wrapped

==============================================================================
  LoRA SFT on Trainium            tag=rerun_seed44
==============================================================================
  model              : meta-llama/Llama-3.1-8B-Instruct
  params total       : 8,082,956,288  (rank-local shard 4,041,478,144; via xla_all_reduce)
  params trainable   : 52,428,800  (0.649% of total)
  grad checkpointing : True
  parallelism        : world=2 tp=2 dp=1 pp=1
  lora               : r=16 alpha=32 dropout=0.05
  lora targets       : q_proj,k_proj,v_proj,o_proj,gate_proj,up_proj,down_proj
  seq_len            : 2048  (packing=True, attn=flash_attention_2)
  batch              : micro=1 grad_accum=8 -> 16,384 tok/optimizer step
  schedule           : epochs=3 max_steps=-1 lr=0.0001
  seed               : 44
  dataset            : databricks/databricks-dolly-15k
  neuron cache       : /opt/np/cache/neuron-compile-cache
  adapter out        : /opt/np/models/adapters/rerun_seed44
  versions           : torch=2.9.1 optimum-neuron=0.4.3 neuronx-cc=2.26.6360.0+6f180f47
==============================================================================

Pipeline parallelsim: forcing the dataloader to drop the last incomplete batch because it can cause failure if the last batch size is not divisible by the number of microbatches for the pipeline.
WARNING:root:Not saving master weights may have accuracy issues when resuming training!
WARNING:root:Not saving master weights may have accuracy issues when resuming training!
2026-08-05 12:56:34.000079:  3147  [INFO]: Using a cached neff at /opt/np/cache/neuron-compile-cache/neuronxcc-2.26.6360.0+6f180f47/MODULE_4020207309534495528+f7f529f3/model.neff
***** Running training *****
  Num examples = 1,716
  Num Epochs = 3
  Data Parallel Size: 1
  Tensor Parallel Size: 2
  Pipeline Parallel Size: 1
  Instantaneous batch size per data parallel rank = 1
  Gradient Accumulation steps = 8
  Total train batch size (w. parallel, distributed & accumulation) = 8
  Total optimization steps = 645
  Num trainable parameters = 39,845,888
/opt/aws_neuronx_venv_pytorch_2_9/lib/python3.12/site-packages/neuronx_distributed/parallel_layers/layers.py:531: FutureWarning: `torch.cuda.amp.autocast(args...)` is deprecated. Please use `torch.amp.autocast('cuda', args...)` instead.
  with torch.cuda.amp.autocast(enabled=False):
Neuron NKI - Kernel call: flash_fwd(q = Tensor(shape: (1, 16, 128, 2048), dtype: bfloat16), k = Tensor(shape: (1, 16, 128, 2048), dtype: bfloat16), v = Tensor(shape: (1, 16, 128, 2048), dtype: bfloat16), seed = None, logit_bias = None, softmax_scale = 0.08838834764831845, use_causal_mask = True, sliding_window = -1, mixed_precision = True, dropout_p = 0.0, config = FlashConfig(seq_tile_size=2048, attn_core_tile_size=256, training=True, should_transpose_v=True, lse_dtype=''))
/opt/aws_neuronx_venv_pytorch_2_9/lib/python3.12/site-packages/optimum/neuron/models/training/llama/modeling_llama.py:496: DeprecationWarning: Block dimension is deprecated. The leading dimension of SBUF tensor must be partition dimension
  attn_output = nki_flash_attn_func(
/opt/aws_neuronx_venv_pytorch_2_9/lib/python3.12/site-packages/optimum/neuron/models/training/llama/modeling_llama.py:496: DeprecationWarning: Block dimension is deprecated. The leading dimension of SBUF tensor must be partition dimension
  attn_output = nki_flash_attn_func(
2026-08-05 12:56:34.000255:  3146  [INFO]: Using a cached neff at /opt/np/cache/neuron-compile-cache/neuronxcc-2.26.6360.0+6f180f47/MODULE_4020207309534495528+f7f529f3/model.neff
/opt/aws_neuronx_venv_pytorch_2_9/lib/python3.12/site-packages/neuronx_distributed/parallel_layers/layers.py:531: FutureWarning: `torch.cuda.amp.autocast(args...)` is deprecated. Please use `torch.amp.autocast('cuda', args...)` instead.
  with torch.cuda.amp.autocast(enabled=False):
Neuron NKI - Kernel call: flash_fwd(q = Tensor(shape: (1, 16, 128, 2048), dtype: bfloat16), k = Tensor(shape: (1, 16, 128, 2048), dtype: bfloat16), v = Tensor(shape: (1, 16, 128, 2048), dtype: bfloat16), seed = None, logit_bias = None, softmax_scale = 0.08838834764831845, use_causal_mask = True, sliding_window = -1, mixed_precision = True, dropout_p = 0.0, config = FlashConfig(seq_tile_size=2048, attn_core_tile_size=256, training=True, should_transpose_v=True, lse_dtype=''))
/opt/aws_neuronx_venv_pytorch_2_9/lib/python3.12/site-packages/optimum/neuron/models/training/llama/modeling_llama.py:496: DeprecationWarning: Block dimension is deprecated. The leading dimension of SBUF tensor must be partition dimension
  attn_output = nki_flash_attn_func(
/opt/aws_neuronx_venv_pytorch_2_9/lib/python3.12/site-packages/optimum/neuron/models/training/llama/modeling_llama.py:496: DeprecationWarning: Block dimension is deprecated. The leading dimension of SBUF tensor must be partition dimension
  attn_output = nki_flash_attn_func(
/opt/aws_neuronx_venv_pytorch_2_9/lib/python3.12/site-packages/neuronx_distributed/parallel_layers/layers.py:531: FutureWarning: `torch.cuda.amp.autocast(args...)` is deprecated. Please use `torch.amp.autocast('cuda', args...)` instead.
  with torch.cuda.amp.autocast(enabled=False):
/opt/aws_neuronx_venv_pytorch_2_9/lib/python3.12/site-packages/torch/utils/checkpoint.py:85: UserWarning: None of the inputs have requires_grad=True. Gradients will be None
  warnings.warn(
/opt/aws_neuronx_venv_pytorch_2_9/lib/python3.12/site-packages/neuronx_distributed/parallel_layers/layers.py:531: FutureWarning: `torch.cuda.amp.autocast(args...)` is deprecated. Please use `torch.amp.autocast('cuda', args...)` instead.
  with torch.cuda.amp.autocast(enabled=False):
/opt/aws_neuronx_venv_pytorch_2_9/lib/python3.12/site-packages/torch/utils/checkpoint.py:85: UserWarning: None of the inputs have requires_grad=True. Gradients will be None
  warnings.warn(
Neuron NKI - Kernel call: flash_attn_bwd(q_ref = Tensor(shape: (1, 16, 128, 2048), dtype: bfloat16), k_ref = Tensor(shape: (1, 16, 128, 2048), dtype: bfloat16), v_ref = Tensor(shape: (1, 16, 128, 2048), dtype: bfloat16), o_ref = Tensor(shape: (1, 16, 128, 2048), dtype: bfloat16), dy_ref = Tensor(shape: (1, 16, 128, 2048), dtype: bfloat16), lse_ref = Tensor(shape: (1, 16, 128, 16), dtype: float32), seed_ref = None, logit_bias_ref = None, use_causal_mask = True, mixed_precision = True, dropout_p = 0.0, softmax_scale = 0.08838834764831845, sliding_window = -1, sinks = None)
Neuron NKI - Kernel call: flash_attn_bwd(q_ref = Tensor(shape: (1, 16, 128, 2048), dtype: bfloat16), k_ref = Tensor(shape: (1, 16, 128, 2048), dtype: bfloat16), v_ref = Tensor(shape: (1, 16, 128, 2048), dtype: bfloat16), o_ref = Tensor(shape: (1, 16, 128, 2048), dtype: bfloat16), dy_ref = Tensor(shape: (1, 16, 128, 2048), dtype: bfloat16), lse_ref = Tensor(shape: (1, 16, 128, 16), dtype: float32), seed_ref = None, logit_bias_ref = None, use_causal_mask = True, mixed_precision = True, dropout_p = 0.0, softmax_scale = 0.08838834764831845, sliding_window = -1, sinks = None)
2026-08-05 12:56:41.000502:  3146  [INFO]: Using a cached neff at /opt/np/cache/neuron-compile-cache/neuronxcc-2.26.6360.0+6f180f47/MODULE_11119583426405650379+f7f529f3/model.neff
2026-08-05 12:56:41.000563:  3147  [INFO]: Using a cached neff at /opt/np/cache/neuron-compile-cache/neuronxcc-2.26.6360.0+6f180f47/MODULE_13030019381609271639+f7f529f3/model.neff
2026-08-05 12:56:58.000202:  3146  [INFO]: Using a cached neff at /opt/np/cache/neuron-compile-cache/neuronxcc-2.26.6360.0+6f180f47/MODULE_924279859421455862+f7f529f3/model.neff
2026-08-05 12:56:58.000243:  3147  [INFO]: Using a cached neff at /opt/np/cache/neuron-compile-cache/neuronxcc-2.26.6360.0+6f180f47/MODULE_17541184177181796220+f7f529f3/model.neff
2026-08-05 12:57:12.000022:  3146  [INFO]: Using a cached neff at /opt/np/cache/neuron-compile-cache/neuronxcc-2.26.6360.0+6f180f47/MODULE_8651772410009939807+f7f529f3/model.neff
2026-08-05 12:57:12.000351:  3147  [INFO]: Using a cached neff at /opt/np/cache/neuron-compile-cache/neuronxcc-2.26.6360.0+6f180f47/MODULE_8651772410009939807+f7f529f3/model.neff
2026-08-05 12:57:13.000087:  3146  [INFO]: Using a cached neff at /opt/np/cache/neuron-compile-cache/neuronxcc-2.26.6360.0+6f180f47/MODULE_17694192085093063913+f7f529f3/model.neff
2026-08-05 12:57:13.000353:  3147  [INFO]: Using a cached neff at /opt/np/cache/neuron-compile-cache/neuronxcc-2.26.6360.0+6f180f47/MODULE_17694192085093063913+f7f529f3/model.neff
  step     1  loss   2.1806  |    36590.8 ms  | warmup{'loss': 2.1806, 'learning_rate': 0.0001, 'grad_norm': 1.1437164545059204, 'train/tokens_per_sec': 419.38338566502114, 'train/step_time': 39.06687904200044, 'train/mfu': 74.24, 'train/efficiency': 15.81, 'train/forward_time_percent': 5.1, 'train/backward_time_percent': 10.17, 'train/optimizer_time_percent': 0.55, 'train/overhead_time_percent': 84.19, 'epoch': 0.004662004662004662}

{'loss': 2.1806, 'learning_rate': 0.0001, 'grad_norm': 1.1437164545059204, 'train/tokens_per_sec': 424.06420520202585, 'train/step_time': 38.63565893800114, 'train/mfu': 78.18, 'train/efficiency': 15.14, 'train/forward_time_percent': 4.66, 'train/backward_time_percent': 9.99, 'train/optimizer_time_percent': 0.48, 'train/overhead_time_percent': 84.86, 'epoch': 0.004662004662004662}
2026-08-05 12:57:23.000311:  3147  [INFO]: Using a cached neff at /opt/np/cache/neuron-compile-cache/neuronxcc-2.26.6360.0+6f180f47/MODULE_13826111191422246321+f7f529f3/model.neff
2026-08-05 12:57:23.000353:  3146  [INFO]: Using a cached neff at /opt/np/cache/neuron-compile-cache/neuronxcc-2.26.6360.0+6f180f47/MODULE_13826111191422246321+f7f529f3/model.neff
{'loss': 1.956, 'learning_rate': 0.0001, 'grad_norm': 1.0885530710220337, 'train/tokens_per_sec': 1464.5810075325983, 'train/step_time': 11.186817195999538, 'train/mfu': 85.79, 'train/efficiency': 47.42, 'train/forward_time_percent': 15.44, 'train/backward_time_percent': 30.69, 'train/optimizer_time_percent': 1.29, 'train/overhead_time_percent': 52.58, 'epoch': 0.009324009324009324}
  step     2  loss   1.9560  |     5611.7 ms  | warmup
{'loss': 1.956, 'learning_rate': 0.0001, 'grad_norm': 1.0885530710220337, 'train/tokens_per_sec': 1432.1650676136142, 'train/step_time': 11.440022082999349, 'train/mfu': 85.66, 'train/efficiency': 46.45, 'train/forward_time_percent': 15.11, 'train/backward_time_percent': 30.07, 'train/optimizer_time_percent': 1.27, 'train/overhead_time_percent': 53.55, 'epoch': 0.009324009324009324}
  step     3  loss   1.6076  |     5739.5 ms  | warmup
{'loss': 1.6076, 'learning_rate': 0.0001, 'grad_norm': 0.7322445511817932, 'train/tokens_per_sec': 1812.3536747577919, 'train/step_time': 9.040178100000048, 'train/mfu': 83.32, 'train/efficiency': 59.91, 'train/forward_time_percent': 18.49, 'train/backward_time_percent': 40.29, 'train/optimizer_time_percent': 1.13, 'train/overhead_time_percent': 40.09, 'epoch': 0.013986013986013986}
{'loss': 1.6076, 'learning_rate': 0.0001, 'grad_norm': 0.7322445511817932, 'train/tokens_per_sec': 1813.226112574888, 'train/step_time': 9.035828398000376, 'train/mfu': 83.73, 'train/efficiency': 59.68, 'train/forward_time_percent': 18.66, 'train/backward_time_percent': 39.87, 'train/optimizer_time_percent': 1.16, 'train/overhead_time_percent': 40.32, 'epoch': 0.013986013986013986}
  step     4  loss   1.8755  |     5679.0 ms  | warmup
{'loss': 1.8755, 'learning_rate': 0.0001, 'grad_norm': 0.7718866467475891, 'train/tokens_per_sec': 1638.8280125483407, 'train/step_time': 9.997388300998864, 'train/mfu': 84.53, 'train/efficiency': 53.46, 'train/forward_time_percent': 16.84, 'train/backward_time_percent': 35.55, 'train/optimizer_time_percent': 1.07, 'train/overhead_time_percent': 46.54, 'epoch': 0.018648018648018648}
{'loss': 1.8755, 'learning_rate': 0.0001, 'grad_norm': 0.7718866467475891, 'train/tokens_per_sec': 1638.9316468089828, 'train/step_time': 9.99675613799991, 'train/mfu': 84.23, 'train/efficiency': 53.51, 'train/forward_time_percent': 17.15, 'train/backward_time_percent': 35.43, 'train/optimizer_time_percent': 0.93, 'train/overhead_time_percent': 46.49, 'epoch': 0.018648018648018648}
{'loss': 1.6803, 'learning_rate': 0.0001, 'grad_norm': 0.5741130709648132, 'train/tokens_per_sec': 1639.5855334721255, 'train/step_time': 9.992769309999858, 'train/mfu': 84.32, 'train/efficiency': 53.43, 'train/forward_time_percent': 17.15, 'train/backward_time_percent': 35.4, 'train/optimizer_time_percent': 0.88, 'train/overhead_time_percent': 46.57, 'epoch': 0.023310023310023312}
  step     5  loss   1.6803  |     5499.3 ms  | warmup
{'loss': 1.6803, 'learning_rate': 0.0001, 'grad_norm': 0.5741130709648132, 'train/tokens_per_sec': 1638.9566791753905, 'train/step_time': 9.996603453999342, 'train/mfu': 86.55, 'train/efficiency': 52.06, 'train/forward_time_percent': 16.68, 'train/backward_time_percent': 34.5, 'train/optimizer_time_percent': 0.88, 'train/overhead_time_percent': 47.94, 'epoch': 0.023310023310023312}
{'loss': 1.8051, 'learning_rate': 0.0001, 'grad_norm': 0.4023647904396057, 'train/tokens_per_sec': 1638.775616056863, 'train/step_time': 9.997707946999071, 'train/mfu': 84.41, 'train/efficiency': 53.5, 'train/forward_time_percent': 17.3, 'train/backward_time_percent': 35.16, 'train/optimizer_time_percent': 1.04, 'train/overhead_time_percent': 46.5, 'epoch': 0.027972027972027972}
  step     6  loss   1.8051  |     5604.3 ms  | warmup
{'loss': 1.8051, 'learning_rate': 0.0001, 'grad_norm': 0.4023647904396057, 'train/tokens_per_sec': 1638.5555108795706, 'train/step_time': 9.999050926999189, 'train/mfu': 85.55, 'train/efficiency': 52.78, 'train/forward_time_percent': 16.97, 'train/backward_time_percent': 34.79, 'train/optimizer_time_percent': 1.02, 'train/overhead_time_percent': 47.22, 'epoch': 0.027972027972027972}
  step     7  loss   1.5020  |     5702.4 ms  | warmup
{'loss': 1.502, 'learning_rate': 0.0001, 'grad_norm': 0.4136129319667816, 'train/tokens_per_sec': 1640.1355418982519, 'train/step_time': 9.989418302000558, 'train/mfu': 83.78, 'train/efficiency': 53.93, 'train/forward_time_percent': 17.34, 'train/backward_time_percent': 35.56, 'train/optimizer_time_percent': 1.03, 'train/overhead_time_percent': 46.07, 'epoch': 0.03263403263403263}
{'loss': 1.502, 'learning_rate': 0.0001, 'grad_norm': 0.4136129319667816, 'train/tokens_per_sec': 1639.7187364152715, 'train/step_time': 9.991957544998513, 'train/mfu': 85.56, 'train/efficiency': 52.73, 'train/forward_time_percent': 16.8, 'train/backward_time_percent': 34.99, 'train/optimizer_time_percent': 0.93, 'train/overhead_time_percent': 47.27, 'epoch': 0.03263403263403263}
  step     8  loss   1.4717  |     5570.7 ms  | warmup{'loss': 1.4717, 'learning_rate': 0.0001, 'grad_norm': 0.3922009766101837, 'train/tokens_per_sec': 1640.190578176168, 'train/step_time': 9.989083108999694, 'train/mfu': 85.37, 'train/efficiency': 52.97, 'train/forward_time_percent': 16.92, 'train/backward_time_percent': 35.0, 'train/optimizer_time_percent': 1.05, 'train/overhead_time_percent': 47.03, 'epoch': 0.037296037296037296}

{'loss': 1.4717, 'learning_rate': 0.0001, 'grad_norm': 0.3922009766101837, 'train/tokens_per_sec': 1639.894963178079, 'train/step_time': 9.990883787000712, 'train/mfu': 85.9, 'train/efficiency': 52.62, 'train/forward_time_percent': 17.35, 'train/backward_time_percent': 34.24, 'train/optimizer_time_percent': 1.03, 'train/overhead_time_percent': 47.38, 'epoch': 0.037296037296037296}
  step     9  loss   1.4516  |     5589.0 ms  | warmup
{'loss': 1.4516, 'learning_rate': 0.0001, 'grad_norm': 0.5661234259605408, 'train/tokens_per_sec': 1639.8724943164598, 'train/step_time': 9.991020678000496, 'train/mfu': 85.47, 'train/efficiency': 52.74, 'train/forward_time_percent': 17.16, 'train/backward_time_percent': 34.69, 'train/optimizer_time_percent': 0.89, 'train/overhead_time_percent': 47.26, 'epoch': 0.04195804195804196}
{'loss': 1.4516, 'learning_rate': 0.0001, 'grad_norm': 0.5661234259605408, 'train/tokens_per_sec': 1640.4509326033403, 'train/step_time': 9.987497750998955, 'train/mfu': 83.71, 'train/efficiency': 53.83, 'train/forward_time_percent': 16.95, 'train/backward_time_percent': 36.01, 'train/optimizer_time_percent': 0.88, 'train/overhead_time_percent': 46.17, 'epoch': 0.04195804195804196}
  step    10  loss   1.5838  |     5722.9 ms  | warmup{'loss': 1.5838, 'learning_rate': 0.0001, 'grad_norm': 0.4532376229763031, 'train/tokens_per_sec': 1637.6158441927691, 'train/step_time': 10.004788399000972, 'train/mfu': 83.57, 'train/efficiency': 54.03, 'train/forward_time_percent': 17.16, 'train/backward_time_percent': 35.8, 'train/optimizer_time_percent': 1.07, 'train/overhead_time_percent': 45.97, 'epoch': 0.046620046620046623}

{'loss': 1.5838, 'learning_rate': 0.0001, 'grad_norm': 0.4532376229763031, 'train/tokens_per_sec': 1637.9474059763565, 'train/step_time': 10.00276317799944, 'train/mfu': 83.33, 'train/efficiency': 54.02, 'train/forward_time_percent': 16.55, 'train/backward_time_percent': 36.57, 'train/optimizer_time_percent': 0.9, 'train/overhead_time_percent': 45.98, 'epoch': 0.046620046620046623}
{'loss': 1.5802, 'learning_rate': 0.0001, 'grad_norm': 0.3376173973083496, 'train/tokens_per_sec': 1639.313318497781, 'train/step_time': 9.994428652000352, 'train/mfu': 85.68, 'train/efficiency': 52.61, 'train/forward_time_percent': 16.62, 'train/backward_time_percent': 35.08, 'train/optimizer_time_percent': 0.9, 'train/overhead_time_percent': 47.39, 'epoch': 0.05128205128205128}
{'loss': 1.5802, 'learning_rate': 0.0001, 'grad_norm': 0.3376173973083496, 'train/tokens_per_sec': 1639.525995138687, 'train/step_time': 9.99313219099895, 'train/mfu': 85.18, 'train/efficiency': 53.07, 'train/forward_time_percent': 17.52, 'train/backward_time_percent': 34.49, 'train/optimizer_time_percent': 1.06, 'train/overhead_time_percent': 46.93, 'epoch': 0.05128205128205128}
{'loss': 1.5729, 'learning_rate': 0.0001, 'grad_norm': 0.4609253704547882, 'train/tokens_per_sec': 1639.9412958749676, 'train/step_time': 9.990601518000403, 'train/mfu': 85.24, 'train/efficiency': 52.96, 'train/forward_time_percent': 16.76, 'train/backward_time_percent': 35.23, 'train/optimizer_time_percent': 0.97, 'train/overhead_time_percent': 47.04, 'epoch': 0.055944055944055944}
{'loss': 1.5729, 'learning_rate': 0.0001, 'grad_norm': 0.4609253704547882, 'train/tokens_per_sec': 1640.2208000888445, 'train/step_time': 9.98889905500073, 'train/mfu': 84.79, 'train/efficiency': 53.29, 'train/forward_time_percent': 17.66, 'train/backward_time_percent': 34.62, 'train/optimizer_time_percent': 1.01, 'train/overhead_time_percent': 46.71, 'epoch': 0.055944055944055944}
{'loss': 1.6466, 'learning_rate': 0.0001, 'grad_norm': 0.4065028131008148, 'train/tokens_per_sec': 1640.44849168118, 'train/step_time': 9.987512611998682, 'train/mfu': 86.66, 'train/efficiency': 52.11, 'train/forward_time_percent': 16.55, 'train/backward_time_percent': 34.6, 'train/optimizer_time_percent': 0.95, 'train/overhead_time_percent': 47.89, 'epoch': 0.06060606060606061}
{'loss': 1.6466, 'learning_rate': 0.0001, 'grad_norm': 0.4065028131008148, 'train/tokens_per_sec': 1641.4339970543854, 'train/step_time': 9.981516179999744, 'train/mfu': 84.07, 'train/efficiency': 53.65, 'train/forward_time_percent': 17.61, 'train/backward_time_percent': 35.15, 'train/optimizer_time_percent': 0.88, 'train/overhead_time_percent': 46.35, 'epoch': 0.06060606060606061}
{'loss': 1.6174, 'learning_rate': 0.0001, 'grad_norm': 0.4195448160171509, 'train/tokens_per_sec': 1638.9195130656192, 'train/step_time': 9.996830149000743, 'train/mfu': 85.96, 'train/efficiency': 52.53, 'train/forward_time_percent': 16.63, 'train/backward_time_percent': 34.89, 'train/optimizer_time_percent': 1.01, 'train/overhead_time_percent': 47.47, 'epoch': 0.06526806526806526}
{'loss': 1.6174, 'learning_rate': 0.0001, 'grad_norm': 0.4195448160171509, 'train/tokens_per_sec': 1638.6649709785133, 'train/step_time': 9.998383007001394, 'train/mfu': 86.51, 'train/efficiency': 52.26, 'train/forward_time_percent': 16.96, 'train/backward_time_percent': 34.23, 'train/optimizer_time_percent': 1.06, 'train/overhead_time_percent': 47.74, 'epoch': 0.06526806526806526}
{'loss': 1.5458, 'learning_rate': 0.0001, 'grad_norm': 0.3884772062301636, 'train/tokens_per_sec': 1637.5741623432746, 'train/step_time': 10.005043054999987, 'train/mfu': 84.09, 'train/efficiency': 53.51, 'train/forward_time_percent': 17.12, 'train/backward_time_percent': 35.5, 'train/optimizer_time_percent': 0.88, 'train/overhead_time_percent': 46.49, 'epoch': 0.06993006993006994}
{'loss': 1.5458, 'learning_rate': 0.0001, 'grad_norm': 0.3884772062301636, 'train/tokens_per_sec': 1636.7395455716305, 'train/step_time': 10.010144890999072, 'train/mfu': 86.03, 'train/efficiency': 52.38, 'train/forward_time_percent': 17.06, 'train/backward_time_percent': 34.35, 'train/optimizer_time_percent': 0.97, 'train/overhead_time_percent': 47.62, 'epoch': 0.06993006993006994}
{'loss': 1.538, 'learning_rate': 0.0001, 'grad_norm': 0.30746328830718994, 'train/tokens_per_sec': 1639.6256278632663, 'train/step_time': 9.992524952998792, 'train/mfu': 87.24, 'train/efficiency': 51.66, 'train/forward_time_percent': 16.47, 'train/backward_time_percent': 34.32, 'train/optimizer_time_percent': 0.87, 'train/overhead_time_percent': 48.34, 'epoch': 0.07459207459207459}
{'loss': 1.538, 'learning_rate': 0.0001, 'grad_norm': 0.30746328830718994, 'train/tokens_per_sec': 1640.4143538595624, 'train/step_time': 9.98772045700025, 'train/mfu': 84.7, 'train/efficiency': 53.38, 'train/forward_time_percent': 16.85, 'train/backward_time_percent': 35.5, 'train/optimizer_time_percent': 1.03, 'train/overhead_time_percent': 46.62, 'epoch': 0.07459207459207459}
{'loss': 1.3411, 'learning_rate': 0.0001, 'grad_norm': 0.32616013288497925, 'train/tokens_per_sec': 1638.530119445347, 'train/step_time': 9.99920587700035, 'train/mfu': 86.17, 'train/efficiency': 52.42, 'train/forward_time_percent': 16.82, 'train/backward_time_percent': 34.57, 'train/optimizer_time_percent': 1.03, 'train/overhead_time_percent': 47.58, 'epoch': 0.07925407925407925}
{'loss': 1.3411, 'learning_rate': 0.0001, 'grad_norm': 0.32616013288497925, 'train/tokens_per_sec': 1638.904413477874, 'train/step_time': 9.99692225200124, 'train/mfu': 84.68, 'train/efficiency': 53.25, 'train/forward_time_percent': 17.37, 'train/backward_time_percent': 34.93, 'train/optimizer_time_percent': 0.95, 'train/overhead_time_percent': 46.75, 'epoch': 0.07925407925407925}
{'loss': 1.5815, 'learning_rate': 0.0001, 'grad_norm': 0.32330772280693054, 'train/tokens_per_sec': 1639.4145269247929, 'train/step_time': 9.993811651000215, 'train/mfu': 84.56, 'train/efficiency': 53.35, 'train/forward_time_percent': 16.68, 'train/backward_time_percent': 35.71, 'train/optimizer_time_percent': 0.96, 'train/overhead_time_percent': 46.65, 'epoch': 0.08391608391608392}
{'loss': 1.5815, 'learning_rate': 0.0001, 'grad_norm': 0.32330772280693054, 'train/tokens_per_sec': 1638.9032634335883, 'train/step_time': 9.99692926699936, 'train/mfu': 85.42, 'train/efficiency': 52.9, 'train/forward_time_percent': 16.72, 'train/backward_time_percent': 35.13, 'train/optimizer_time_percent': 1.05, 'train/overhead_time_percent': 47.1, 'epoch': 0.08391608391608392}
{'loss': 1.3951, 'learning_rate': 0.0001, 'grad_norm': 0.4385325610637665, 'train/tokens_per_sec': 1641.0900880010565, 'train/step_time': 9.983607919999486, 'train/mfu': 86.39, 'train/efficiency': 52.41, 'train/forward_time_percent': 16.92, 'train/backward_time_percent': 34.42, 'train/optimizer_time_percent': 1.07, 'train/overhead_time_percent': 47.59, 'epoch': 0.08857808857808858}
{'loss': 1.3951, 'learning_rate': 0.0001, 'grad_norm': 0.4385325610637665, 'train/tokens_per_sec': 1640.8397418042246, 'train/step_time': 9.985131139001169, 'train/mfu': 86.25, 'train/efficiency': 52.28, 'train/forward_time_percent': 16.72, 'train/backward_time_percent': 34.69, 'train/optimizer_time_percent': 0.87, 'train/overhead_time_percent': 47.72, 'epoch': 0.08857808857808858}
{'loss': 1.5887, 'learning_rate': 0.0001, 'grad_norm': 0.3914320170879364, 'train/tokens_per_sec': 1639.3604325879876, 'train/step_time': 9.994141419001608, 'train/mfu': 82.61, 'train/efficiency': 54.51, 'train/forward_time_percent': 17.14, 'train/backward_time_percent': 36.49, 'train/optimizer_time_percent': 0.88, 'train/overhead_time_percent': 45.49, 'epoch': 0.09324009324009325}  step    20  loss   1.5887  |     5468.0 ms

{'loss': 1.5887, 'learning_rate': 0.0001, 'grad_norm': 0.3914320170879364, 'train/tokens_per_sec': 1638.5978800293326, 'train/step_time': 9.998792382000829, 'train/mfu': 87.59, 'train/efficiency': 51.58, 'train/forward_time_percent': 16.56, 'train/backward_time_percent': 33.99, 'train/optimizer_time_percent': 1.03, 'train/overhead_time_percent': 48.42, 'epoch': 0.09324009324009325}
{'loss': 1.4121, 'learning_rate': 0.0001, 'grad_norm': 0.28591644763946533, 'train/tokens_per_sec': 1636.9215022161095, 'train/step_time': 10.009032185000251, 'train/mfu': 87.19, 'train/efficiency': 51.64, 'train/forward_time_percent': 16.69, 'train/backward_time_percent': 34.05, 'train/optimizer_time_percent': 0.91, 'train/overhead_time_percent': 48.36, 'epoch': 0.0979020979020979}
{'loss': 1.4121, 'learning_rate': 0.0001, 'grad_norm': 0.28591644763946533, 'train/tokens_per_sec': 1637.8553087786358, 'train/step_time': 10.003325636998852, 'train/mfu': 82.43, 'train/efficiency': 54.74, 'train/forward_time_percent': 16.91, 'train/backward_time_percent': 36.79, 'train/optimizer_time_percent': 1.04, 'train/overhead_time_percent': 45.26, 'epoch': 0.0979020979020979}
{'loss': 1.3424, 'learning_rate': 0.0001, 'grad_norm': 0.3401181697845459, 'train/tokens_per_sec': 1638.196460642409, 'train/step_time': 10.001242460000867, 'train/mfu': 85.98, 'train/efficiency': 52.46, 'train/forward_time_percent': 17.19, 'train/backward_time_percent': 34.3, 'train/optimizer_time_percent': 0.98, 'train/overhead_time_percent': 47.54, 'epoch': 0.10256410256410256}
{'loss': 1.3424, 'learning_rate': 0.0001, 'grad_norm': 0.3401181697845459, 'train/tokens_per_sec': 1638.5366080740423, 'train/step_time': 9.999166280000281, 'train/mfu': 83.75, 'train/efficiency': 53.92, 'train/forward_time_percent': 16.95, 'train/backward_time_percent': 35.93, 'train/optimizer_time_percent': 1.05, 'train/overhead_time_percent': 46.08, 'epoch': 0.10256410256410256}
{'loss': 1.5418, 'learning_rate': 0.0001, 'grad_norm': 0.31599730253219604, 'train/tokens_per_sec': 1639.6463555339758, 'train/step_time': 9.992398631999095, 'train/mfu': 87.59, 'train/efficiency': 51.49, 'train/forward_time_percent': 16.63, 'train/backward_time_percent': 33.96, 'train/optimizer_time_percent': 0.91, 'train/overhead_time_percent': 48.51, 'epoch': 0.10722610722610723}
{'loss': 1.5418, 'learning_rate': 0.0001, 'grad_norm': 0.31599730253219604, 'train/tokens_per_sec': 1640.6310060031217, 'train/step_time': 9.986401537000347, 'train/mfu': 84.69, 'train/efficiency': 53.39, 'train/forward_time_percent': 17.12, 'train/backward_time_percent': 35.23, 'train/optimizer_time_percent': 1.04, 'train/overhead_time_percent': 46.61, 'epoch': 0.10722610722610723}
{'loss': 1.4877, 'learning_rate': 0.0001, 'grad_norm': 0.3068352937698364, 'train/tokens_per_sec': 1638.8654013912872, 'train/step_time': 9.997160221999366, 'train/mfu': 85.43, 'train/efficiency': 52.88, 'train/forward_time_percent': 17.03, 'train/backward_time_percent': 34.81, 'train/optimizer_time_percent': 1.04, 'train/overhead_time_percent': 47.12, 'epoch': 0.11188811188811189}
{'loss': 1.4877, 'learning_rate': 0.0001, 'grad_norm': 0.3068352937698364, 'train/tokens_per_sec': 1638.6852033273124, 'train/step_time': 9.998259560001316, 'train/mfu': 86.68, 'train/efficiency': 52.06, 'train/forward_time_percent': 16.54, 'train/backward_time_percent': 34.55, 'train/optimizer_time_percent': 0.97, 'train/overhead_time_percent': 47.94, 'epoch': 0.11188811188811189}
{'loss': 1.4142, 'learning_rate': 0.0001, 'grad_norm': 0.41888555884361267, 'train/tokens_per_sec': 1638.8624122405663, 'train/step_time': 9.997178456000256, 'train/mfu': 85.71, 'train/efficiency': 52.64, 'train/forward_time_percent': 16.07, 'train/backward_time_percent': 35.6, 'train/optimizer_time_percent': 0.97, 'train/overhead_time_percent': 47.36, 'epoch': 0.11655011655011654}
{'loss': 1.4142, 'learning_rate': 0.0001, 'grad_norm': 0.41888555884361267, 'train/tokens_per_sec': 1639.8966027655306, 'train/step_time': 9.990873798000393, 'train/mfu': 82.71, 'train/efficiency': 54.62, 'train/forward_time_percent': 16.99, 'train/backward_time_percent': 36.59, 'train/optimizer_time_percent': 1.04, 'train/overhead_time_percent': 45.38, 'epoch': 0.11655011655011654}
{'loss': 1.2632, 'learning_rate': 0.0001, 'grad_norm': 0.4623579680919647, 'train/tokens_per_sec': 1637.4853642100209, 'train/step_time': 10.005585611999777, 'train/mfu': 85.3, 'train/efficiency': 52.84, 'train/forward_time_percent': 16.47, 'train/backward_time_percent': 35.41, 'train/optimizer_time_percent': 0.97, 'train/overhead_time_percent': 47.16, 'epoch': 0.12121212121212122}{'loss': 1.2632, 'learning_rate': 0.0001, 'grad_norm': 0.4623579680919647, 'train/tokens_per_sec': 1637.3886729443493, 'train/step_time': 10.006176463000884, 'train/mfu': 86.29, 'train/efficiency': 52.3, 'train/forward_time_percent': 16.84, 'train/backward_time_percent': 34.43, 'train/optimizer_time_percent': 1.02, 'train/overhead_time_percent': 47.7, 'epoch': 0.12121212121212122}

{'loss': 1.4014, 'learning_rate': 0.0001, 'grad_norm': 0.3975139558315277, 'train/tokens_per_sec': 1639.276770295236, 'train/step_time': 9.994651480999892, 'train/mfu': 86.4, 'train/efficiency': 52.14, 'train/forward_time_percent': 16.85, 'train/backward_time_percent': 34.42, 'train/optimizer_time_percent': 0.87, 'train/overhead_time_percent': 47.86, 'epoch': 0.1258741258741259}
{'loss': 1.4014, 'learning_rate': 0.0001, 'grad_norm': 0.3975139558315277, 'train/tokens_per_sec': 1640.0521849631723, 'train/step_time': 9.989926021999054, 'train/mfu': 84.01, 'train/efficiency': 53.78, 'train/forward_time_percent': 16.79, 'train/backward_time_percent': 35.96, 'train/optimizer_time_percent': 1.03, 'train/overhead_time_percent': 46.22, 'epoch': 0.1258741258741259}
{'loss': 1.3589, 'learning_rate': 0.0001, 'grad_norm': 0.42379477620124817, 'train/tokens_per_sec': 1637.7768501476112, 'train/step_time': 10.00380485200003, 'train/mfu': 88.77, 'train/efficiency': 50.88, 'train/forward_time_percent': 16.28, 'train/backward_time_percent': 33.58, 'train/optimizer_time_percent': 1.02, 'train/overhead_time_percent': 49.12, 'epoch': 0.13053613053613053}
{'loss': 1.3589, 'learning_rate': 0.0001, 'grad_norm': 0.42379477620124817, 'train/tokens_per_sec': 1638.5587258729681, 'train/step_time': 9.999031307999758, 'train/mfu': 83.94, 'train/efficiency': 53.63, 'train/forward_time_percent': 16.97, 'train/backward_time_percent': 35.78, 'train/optimizer_time_percent': 0.87, 'train/overhead_time_percent': 46.37, 'epoch': 0.13053613053613053}
{'loss': 1.4219, 'learning_rate': 0.0001, 'grad_norm': 0.33675551414489746, 'train/tokens_per_sec': 1637.5815981263822, 'train/step_time': 10.004997625001124, 'train/mfu': 87.52, 'train/efficiency': 51.58, 'train/forward_time_percent': 15.76, 'train/backward_time_percent': 34.8, 'train/optimizer_time_percent': 1.02, 'train/overhead_time_percent': 48.42, 'epoch': 0.1351981351981352}
{'loss': 1.4219, 'learning_rate': 0.0001, 'grad_norm': 0.33675551414489746, 'train/tokens_per_sec': 1638.7232943779838, 'train/step_time': 9.998027157000251, 'train/mfu': 83.17, 'train/efficiency': 54.12, 'train/forward_time_percent': 17.04, 'train/backward_time_percent': 36.21, 'train/optimizer_time_percent': 0.88, 'train/overhead_time_percent': 45.88, 'epoch': 0.1351981351981352}
  step    30  loss   1.2745  |     5558.1 ms
{'loss': 1.2745, 'learning_rate': 0.0001, 'grad_norm': 0.4578511118888855, 'train/tokens_per_sec': 1638.49106340086, 'train/step_time': 9.9994442240004, 'train/mfu': 86.14, 'train/efficiency': 52.38, 'train/forward_time_percent': 16.44, 'train/backward_time_percent': 34.96, 'train/optimizer_time_percent': 0.98, 'train/overhead_time_percent': 47.62, 'epoch': 0.13986013986013987}
{'loss': 1.2745, 'learning_rate': 0.0001, 'grad_norm': 0.4578511118888855, 'train/tokens_per_sec': 1638.5450084475895, 'train/step_time': 9.999115017000804, 'train/mfu': 85.31, 'train/efficiency': 52.8, 'train/forward_time_percent': 16.98, 'train/backward_time_percent': 34.92, 'train/optimizer_time_percent': 0.89, 'train/overhead_time_percent': 47.2, 'epoch': 0.13986013986013987}
{'loss': 1.6905, 'learning_rate': 0.0001, 'grad_norm': 0.3747924268245697, 'train/tokens_per_sec': 1637.5865765217472, 'train/step_time': 10.004967209000824, 'train/mfu': 87.11, 'train/efficiency': 51.71, 'train/forward_time_percent': 16.64, 'train/backward_time_percent': 34.16, 'train/optimizer_time_percent': 0.9, 'train/overhead_time_percent': 48.29, 'epoch': 0.1445221445221445}
{'loss': 1.6905, 'learning_rate': 0.0001, 'grad_norm': 0.3747924268245697, 'train/tokens_per_sec': 1638.8593078570323, 'train/step_time': 9.997197392998714, 'train/mfu': 83.56, 'train/efficiency': 54.04, 'train/forward_time_percent': 16.99, 'train/backward_time_percent': 36.02, 'train/optimizer_time_percent': 1.04, 'train/overhead_time_percent': 45.96, 'epoch': 0.1445221445221445}
{'loss': 1.2503, 'learning_rate': 0.0001, 'grad_norm': 0.37017419934272766, 'train/tokens_per_sec': 1638.5950662219002, 'train/step_time': 9.998809552000239, 'train/mfu': 85.81, 'train/efficiency': 52.64, 'train/forward_time_percent': 16.81, 'train/backward_time_percent': 34.8, 'train/optimizer_time_percent': 1.04, 'train/overhead_time_percent': 47.36, 'epoch': 0.14918414918414918}
{'loss': 1.2503, 'learning_rate': 0.0001, 'grad_norm': 0.37017419934272766, 'train/tokens_per_sec': 1638.6273120194749, 'train/step_time': 9.998612789999243, 'train/mfu': 85.44, 'train/efficiency': 52.84, 'train/forward_time_percent': 16.71, 'train/backward_time_percent': 35.12, 'train/optimizer_time_percent': 1.01, 'train/overhead_time_percent': 47.16, 'epoch': 0.14918414918414918}
{'loss': 1.2391, 'learning_rate': 0.0001, 'grad_norm': 0.33212462067604065, 'train/tokens_per_sec': 1640.2073820752628, 'train/step_time': 9.98898077099875, 'train/mfu': 86.06, 'train/efficiency': 52.42, 'train/forward_time_percent': 16.84, 'train/backward_time_percent': 34.66, 'train/optimizer_time_percent': 0.92, 'train/overhead_time_percent': 47.58, 'epoch': 0.15384615384615385}{'loss': 1.2391, 'learning_rate': 0.0001, 'grad_norm': 0.33212462067604065, 'train/tokens_per_sec': 1640.4775095767388, 'train/step_time': 9.987335945999803, 'train/mfu': 85.63, 'train/efficiency': 52.81, 'train/forward_time_percent': 16.62, 'train/backward_time_percent': 35.15, 'train/optimizer_time_percent': 1.04, 'train/overhead_time_percent': 47.19, 'epoch': 0.15384615384615385}

{'loss': 1.3305, 'learning_rate': 0.0001, 'grad_norm': 0.3506239056587219, 'train/tokens_per_sec': 1636.9702443244523, 'train/step_time': 10.008734158000152, 'train/mfu': 85.98, 'train/efficiency': 52.51, 'train/forward_time_percent': 16.25, 'train/backward_time_percent': 35.2, 'train/optimizer_time_percent': 1.06, 'train/overhead_time_percent': 47.49, 'epoch': 0.1585081585081585}
{'loss': 1.3305, 'learning_rate': 0.0001, 'grad_norm': 0.3506239056587219, 'train/tokens_per_sec': 1637.6371131377846, 'train/step_time': 10.004658460999053, 'train/mfu': 85.54, 'train/efficiency': 52.78, 'train/forward_time_percent': 17.05, 'train/backward_time_percent': 34.69, 'train/optimizer_time_percent': 1.05, 'train/overhead_time_percent': 47.22, 'epoch': 0.1585081585081585}
{'loss': 1.2515, 'learning_rate': 0.0001, 'grad_norm': 0.3964807391166687, 'train/tokens_per_sec': 1639.345503994995, 'train/step_time': 9.994232429999101, 'train/mfu': 83.16, 'train/efficiency': 54.15, 'train/forward_time_percent': 17.02, 'train/backward_time_percent': 36.25, 'train/optimizer_time_percent': 0.88, 'train/overhead_time_percent': 45.85, 'epoch': 0.16317016317016317}
{'loss': 1.2515, 'learning_rate': 0.0001, 'grad_norm': 0.3964807391166687, 'train/tokens_per_sec': 1638.7517049580251, 'train/step_time': 9.997853823999321, 'train/mfu': 88.01, 'train/efficiency': 51.35, 'train/forward_time_percent': 16.23, 'train/backward_time_percent': 34.09, 'train/optimizer_time_percent': 1.03, 'train/overhead_time_percent': 48.65, 'epoch': 0.16317016317016317}
{'loss': 1.2435, 'learning_rate': 0.0001, 'grad_norm': 0.33673280477523804, 'train/tokens_per_sec': 1640.0204809487252, 'train/step_time': 9.990119142001276, 'train/mfu': 85.61, 'train/efficiency': 52.79, 'train/forward_time_percent': 16.79, 'train/backward_time_percent': 34.98, 'train/optimizer_time_percent': 1.02, 'train/overhead_time_percent': 47.21, 'epoch': 0.16783216783216784}
{'loss': 1.2435, 'learning_rate': 0.0001, 'grad_norm': 0.33673280477523804, 'train/tokens_per_sec': 1640.7133715630375, 'train/step_time': 9.985900208999738, 'train/mfu': 83.92, 'train/efficiency': 53.84, 'train/forward_time_percent': 17.08, 'train/backward_time_percent': 35.76, 'train/optimizer_time_percent': 1.0, 'train/overhead_time_percent': 46.16, 'epoch': 0.16783216783216784}
{'loss': 1.4395, 'learning_rate': 0.0001, 'grad_norm': 0.3007510304450989, 'train/tokens_per_sec': 1639.080859601371, 'train/step_time': 9.995846088999315, 'train/mfu': 85.97, 'train/efficiency': 52.54, 'train/forward_time_percent': 17.16, 'train/backward_time_percent': 34.36, 'train/optimizer_time_percent': 1.02, 'train/overhead_time_percent': 47.46, 'epoch': 0.17249417249417248}
{'loss': 1.4395, 'learning_rate': 0.0001, 'grad_norm': 0.3007510304450989, 'train/tokens_per_sec': 1639.658098837471, 'train/step_time': 9.992327066000144, 'train/mfu': 84.17, 'train/efficiency': 53.59, 'train/forward_time_percent': 17.07, 'train/backward_time_percent': 35.57, 'train/optimizer_time_percent': 0.95, 'train/overhead_time_percent': 46.41, 'epoch': 0.17249417249417248}
{'loss': 1.603, 'learning_rate': 0.0001, 'grad_norm': 1.665560007095337, 'train/tokens_per_sec': 1640.066162074751, 'train/step_time': 9.989840885000376, 'train/mfu': 86.01, 'train/efficiency': 52.58, 'train/forward_time_percent': 16.83, 'train/backward_time_percent': 34.7, 'train/optimizer_time_percent': 1.04, 'train/overhead_time_percent': 47.42, 'epoch': 0.17715617715617715}
{'loss': 1.603, 'learning_rate': 0.0001, 'grad_norm': 1.665560007095337, 'train/tokens_per_sec': 1640.68076858052, 'train/step_time': 9.986098645000311, 'train/mfu': 85.5, 'train/efficiency': 52.86, 'train/forward_time_percent': 16.73, 'train/backward_time_percent': 35.13, 'train/optimizer_time_percent': 1.0, 'train/overhead_time_percent': 47.14, 'epoch': 0.17715617715617715}
{'loss': 1.1845, 'learning_rate': 0.0001, 'grad_norm': 0.3345402777194977, 'train/tokens_per_sec': 1639.3665078692502, 'train/step_time': 9.994104381999932, 'train/mfu': 87.2, 'train/efficiency': 51.76, 'train/forward_time_percent': 16.89, 'train/backward_time_percent': 33.92, 'train/optimizer_time_percent': 0.96, 'train/overhead_time_percent': 48.24, 'epoch': 0.18181818181818182}{'loss': 1.1845, 'learning_rate': 0.0001, 'grad_norm': 0.3345402777194977, 'train/tokens_per_sec': 1639.9166940097832, 'train/step_time': 9.990751395998814, 'train/mfu': 84.0, 'train/efficiency': 53.64, 'train/forward_time_percent': 16.85, 'train/backward_time_percent': 35.91, 'train/optimizer_time_percent': 0.88, 'train/overhead_time_percent': 46.36, 'epoch': 0.18181818181818182}

  step    40  loss   1.0849  |     5522.4 ms
{'loss': 1.0849, 'learning_rate': 0.0001, 'grad_norm': 0.46941637992858887, 'train/tokens_per_sec': 1636.5253744214697, 'train/step_time': 10.011454912999397, 'train/mfu': 86.49, 'train/efficiency': 52.16, 'train/forward_time_percent': 16.41, 'train/backward_time_percent': 34.72, 'train/optimizer_time_percent': 1.02, 'train/overhead_time_percent': 47.84, 'epoch': 0.1864801864801865}
{'loss': 1.0849, 'learning_rate': 0.0001, 'grad_norm': 0.46941637992858887, 'train/tokens_per_sec': 1637.463708567223, 'train/step_time': 10.005717937001464, 'train/mfu': 82.84, 'train/efficiency': 54.36, 'train/forward_time_percent': 16.96, 'train/backward_time_percent': 36.46, 'train/optimizer_time_percent': 0.94, 'train/overhead_time_percent': 45.64, 'epoch': 0.1864801864801865}
{'loss': 1.5832, 'learning_rate': 0.0001, 'grad_norm': 0.32922619581222534, 'train/tokens_per_sec': 1637.093501487563, 'train/step_time': 10.007980598000358, 'train/mfu': 86.0, 'train/efficiency': 52.48, 'train/forward_time_percent': 16.64, 'train/backward_time_percent': 34.8, 'train/optimizer_time_percent': 1.04, 'train/overhead_time_percent': 47.52, 'epoch': 0.19114219114219114}{'loss': 1.5832, 'learning_rate': 0.0001, 'grad_norm': 0.32922619581222534, 'train/tokens_per_sec': 1637.0435493163084, 'train/step_time': 10.008285978001368, 'train/mfu': 83.97, 'train/efficiency': 53.58, 'train/forward_time_percent': 17.75, 'train/backward_time_percent': 34.93, 'train/optimizer_time_percent': 0.89, 'train/overhead_time_percent': 46.42, 'epoch': 0.19114219114219114}

{'loss': 1.1935, 'learning_rate': 0.0001, 'grad_norm': 0.39165613055229187, 'train/tokens_per_sec': 1618.038604147233, 'train/step_time': 10.125839987998916, 'train/mfu': 87.16, 'train/efficiency': 51.18, 'train/forward_time_percent': 16.38, 'train/backward_time_percent': 33.79, 'train/optimizer_time_percent': 1.02, 'train/overhead_time_percent': 48.82, 'epoch': 0.1958041958041958}
{'loss': 1.1935, 'learning_rate': 0.0001, 'grad_norm': 0.39165613055229187, 'train/tokens_per_sec': 1618.778676658934, 'train/step_time': 10.121210661000077, 'train/mfu': 84.9, 'train/efficiency': 52.55, 'train/forward_time_percent': 16.61, 'train/backward_time_percent': 34.91, 'train/optimizer_time_percent': 1.02, 'train/overhead_time_percent': 47.45, 'epoch': 0.1958041958041958}
{'loss': 1.1644, 'learning_rate': 0.0001, 'grad_norm': 0.3404078483581543, 'train/tokens_per_sec': 1637.6544340729938, 'train/step_time': 10.004552644999421, 'train/mfu': 86.37, 'train/efficiency': 52.27, 'train/forward_time_percent': 16.37, 'train/backward_time_percent': 34.86, 'train/optimizer_time_percent': 1.03, 'train/overhead_time_percent': 47.73, 'epoch': 0.20046620046620048}
{'loss': 1.1644, 'learning_rate': 0.0001, 'grad_norm': 0.3404078483581543, 'train/tokens_per_sec': 1638.2873634841237, 'train/step_time': 10.000687526000547, 'train/mfu': 82.48, 'train/efficiency': 54.71, 'train/forward_time_percent': 17.27, 'train/backward_time_percent': 36.41, 'train/optimizer_time_percent': 1.03, 'train/overhead_time_percent': 45.29, 'epoch': 0.20046620046620048}
{'loss': 1.2166, 'learning_rate': 0.0001, 'grad_norm': 0.2501943111419678, 'train/tokens_per_sec': 1639.7818953645835, 'train/step_time': 9.991572687998996, 'train/mfu': 85.36, 'train/efficiency': 52.94, 'train/forward_time_percent': 16.71, 'train/backward_time_percent': 35.2, 'train/optimizer_time_percent': 1.03, 'train/overhead_time_percent': 47.06, 'epoch': 0.20512820512820512}
{'loss': 1.2166, 'learning_rate': 0.0001, 'grad_norm': 0.2501943111419678, 'train/tokens_per_sec': 1639.656267740091, 'train/step_time': 9.992338224999912, 'train/mfu': 86.44, 'train/efficiency': 52.31, 'train/forward_time_percent': 16.86, 'train/backward_time_percent': 34.4, 'train/optimizer_time_percent': 1.05, 'train/overhead_time_percent': 47.69, 'epoch': 0.20512820512820512}
{'loss': 1.3478, 'learning_rate': 0.0001, 'grad_norm': 0.37423282861709595, 'train/tokens_per_sec': 1638.3384227224644, 'train/step_time': 10.000375852001525, 'train/mfu': 85.9, 'train/efficiency': 52.58, 'train/forward_time_percent': 16.5, 'train/backward_time_percent': 35.05, 'train/optimizer_time_percent': 1.04, 'train/overhead_time_percent': 47.42, 'epoch': 0.2097902097902098}{'loss': 1.3478, 'learning_rate': 0.0001, 'grad_norm': 0.37423282861709595, 'train/tokens_per_sec': 1639.0555246858194, 'train/step_time': 9.996000595001533, 'train/mfu': 84.28, 'train/efficiency': 53.55, 'train/forward_time_percent': 17.03, 'train/backward_time_percent': 35.52, 'train/optimizer_time_percent': 1.0, 'train/overhead_time_percent': 46.45, 'epoch': 0.2097902097902098}

{'loss': 1.2842, 'learning_rate': 0.0001, 'grad_norm': 0.43786194920539856, 'train/tokens_per_sec': 1637.0325497143535, 'train/step_time': 10.008353225999599, 'train/mfu': 87.88, 'train/efficiency': 51.21, 'train/forward_time_percent': 16.52, 'train/backward_time_percent': 33.82, 'train/optimizer_time_percent': 0.87, 'train/overhead_time_percent': 48.79, 'epoch': 0.21445221445221446}
{'loss': 1.2842, 'learning_rate': 0.0001, 'grad_norm': 0.43786194920539856, 'train/tokens_per_sec': 1637.839586816125, 'train/step_time': 10.003421661000175, 'train/mfu': 83.55, 'train/efficiency': 54.02, 'train/forward_time_percent': 17.21, 'train/backward_time_percent': 35.76, 'train/optimizer_time_percent': 1.04, 'train/overhead_time_percent': 45.98, 'epoch': 0.21445221445221446}
{'loss': 1.1669, 'learning_rate': 0.0001, 'grad_norm': 0.4072655439376831, 'train/tokens_per_sec': 1639.1018284900667, 'train/step_time': 9.995718213000146, 'train/mfu': 85.92, 'train/efficiency': 52.57, 'train/forward_time_percent': 16.33, 'train/backward_time_percent': 35.22, 'train/optimizer_time_percent': 1.02, 'train/overhead_time_percent': 47.43, 'epoch': 0.2191142191142191}{'loss': 1.1669, 'learning_rate': 0.0001, 'grad_norm': 0.4072655439376831, 'train/tokens_per_sec': 1639.8885474971905, 'train/step_time': 9.990922873999807, 'train/mfu': 82.94, 'train/efficiency': 54.39, 'train/forward_time_percent': 17.25, 'train/backward_time_percent': 36.18, 'train/optimizer_time_percent': 0.96, 'train/overhead_time_percent': 45.61, 'epoch': 0.2191142191142191}

{'loss': 1.312, 'learning_rate': 0.0001, 'grad_norm': 0.34138602018356323, 'train/tokens_per_sec': 1637.6078964296623, 'train/step_time': 10.004836955000428, 'train/mfu': 82.76, 'train/efficiency': 54.51, 'train/forward_time_percent': 17.46, 'train/backward_time_percent': 36.02, 'train/optimizer_time_percent': 1.04, 'train/overhead_time_percent': 45.49, 'epoch': 0.22377622377622378}{'loss': 1.312, 'learning_rate': 0.0001, 'grad_norm': 0.34138602018356323, 'train/tokens_per_sec': 1636.6148948719288, 'train/step_time': 10.01090730100077, 'train/mfu': 88.97, 'train/efficiency': 50.62, 'train/forward_time_percent': 16.59, 'train/backward_time_percent': 33.12, 'train/optimizer_time_percent': 0.91, 'train/overhead_time_percent': 49.38, 'epoch': 0.22377622377622378}

{'loss': 1.4262, 'learning_rate': 0.0001, 'grad_norm': 0.34095683693885803, 'train/tokens_per_sec': 1637.9774982825134, 'train/step_time': 10.002579410998806, 'train/mfu': 87.54, 'train/efficiency': 51.51, 'train/forward_time_percent': 16.9, 'train/backward_time_percent': 33.66, 'train/optimizer_time_percent': 0.95, 'train/overhead_time_percent': 48.49, 'epoch': 0.22843822843822845}{'loss': 1.4262, 'learning_rate': 0.0001, 'grad_norm': 0.34095683693885803, 'train/tokens_per_sec': 1638.6516341307477, 'train/step_time': 9.998464382999373, 'train/mfu': 84.0, 'train/efficiency': 53.62, 'train/forward_time_percent': 16.64, 'train/backward_time_percent': 36.07, 'train/optimizer_time_percent': 0.9, 'train/overhead_time_percent': 46.38, 'epoch': 0.22843822843822845}

  step    50  loss   1.6826  |     5541.0 ms
{'loss': 1.6826, 'learning_rate': 0.0001, 'grad_norm': 0.4076326787471771, 'train/tokens_per_sec': 1637.4810078326325, 'train/step_time': 10.005612230999759, 'train/mfu': 86.51, 'train/efficiency': 52.18, 'train/forward_time_percent': 17.04, 'train/backward_time_percent': 34.11, 'train/optimizer_time_percent': 1.03, 'train/overhead_time_percent': 47.82, 'epoch': 0.2331002331002331}
{'loss': 1.6826, 'learning_rate': 0.0001, 'grad_norm': 0.4076326787471771, 'train/tokens_per_sec': 1638.0938160217042, 'train/step_time': 10.001869148001788, 'train/mfu': 84.72, 'train/efficiency': 53.3, 'train/forward_time_percent': 17.26, 'train/backward_time_percent': 34.99, 'train/optimizer_time_percent': 1.06, 'train/overhead_time_percent': 46.7, 'epoch': 0.2331002331002331}
{'loss': 1.2566, 'learning_rate': 0.0001, 'grad_norm': 0.33209940791130066, 'train/tokens_per_sec': 1637.2411360015456, 'train/step_time': 10.007078151000314, 'train/mfu': 88.61, 'train/efficiency': 50.92, 'train/forward_time_percent': 16.73, 'train/backward_time_percent': 33.2, 'train/optimizer_time_percent': 0.99, 'train/overhead_time_percent': 49.08, 'epoch': 0.23776223776223776}{'loss': 1.2566, 'learning_rate': 0.0001, 'grad_norm': 0.33209940791130066, 'train/tokens_per_sec': 1638.2461691761803, 'train/step_time': 10.000938997000048, 'train/mfu': 84.08, 'train/efficiency': 53.67, 'train/forward_time_percent': 16.78, 'train/backward_time_percent': 35.88, 'train/optimizer_time_percent': 1.02, 'train/overhead_time_percent': 46.33, 'epoch': 0.23776223776223776}

{'loss': 1.4533, 'learning_rate': 0.0001, 'grad_norm': 0.3476291000843048, 'train/tokens_per_sec': 1597.3802653219298, 'train/step_time': 10.256793799000661, 'train/mfu': 83.58, 'train/efficiency': 52.5, 'train/forward_time_percent': 16.23, 'train/backward_time_percent': 35.42, 'train/optimizer_time_percent': 0.86, 'train/overhead_time_percent': 47.5, 'epoch': 0.24242424242424243}
{'loss': 1.4533, 'learning_rate': 0.0001, 'grad_norm': 0.3476291000843048, 'train/tokens_per_sec': 1598.4518300948475, 'train/step_time': 10.249917883998933, 'train/mfu': 78.33, 'train/efficiency': 56.01, 'train/forward_time_percent': 16.57, 'train/backward_time_percent': 38.58, 'train/optimizer_time_percent': 0.86, 'train/overhead_time_percent': 43.99, 'epoch': 0.24242424242424243}
{'loss': 1.4913, 'learning_rate': 0.0001, 'grad_norm': 0.2788679003715515, 'train/tokens_per_sec': 1639.0109957640752, 'train/step_time': 9.99627216799854, 'train/mfu': 87.3, 'train/efficiency': 51.74, 'train/forward_time_percent': 16.9, 'train/backward_time_percent': 33.83, 'train/optimizer_time_percent': 1.0, 'train/overhead_time_percent': 48.26, 'epoch': 0.24708624708624707}
{'loss': 1.4913, 'learning_rate': 0.0001, 'grad_norm': 0.2788679003715515, 'train/tokens_per_sec': 1639.624795623314, 'train/step_time': 9.992530024999724, 'train/mfu': 83.93, 'train/efficiency': 53.67, 'train/forward_time_percent': 16.52, 'train/backward_time_percent': 36.28, 'train/optimizer_time_percent': 0.88, 'train/overhead_time_percent': 46.33, 'epoch': 0.24708624708624707}
{'loss': 1.3077, 'learning_rate': 0.0001, 'grad_norm': 0.24068355560302734, 'train/tokens_per_sec': 1639.6291391301522, 'train/step_time': 9.992503553999995, 'train/mfu': 83.9, 'train/efficiency': 53.69, 'train/forward_time_percent': 16.7, 'train/backward_time_percent': 36.11, 'train/optimizer_time_percent': 0.87, 'train/overhead_time_percent': 46.31, 'epoch': 0.2517482517482518}
{'loss': 1.3077, 'learning_rate': 0.0001, 'grad_norm': 0.24068355560302734, 'train/tokens_per_sec': 1638.7190222141078, 'train/step_time': 9.998053221999726, 'train/mfu': 86.15, 'train/efficiency': 52.27, 'train/forward_time_percent': 16.87, 'train/backward_time_percent': 34.53, 'train/optimizer_time_percent': 0.86, 'train/overhead_time_percent': 47.73, 'epoch': 0.2517482517482518}
{'loss': 1.1779, 'learning_rate': 0.0001, 'grad_norm': 0.35351666808128357, 'train/tokens_per_sec': 1638.9611853906029, 'train/step_time': 9.996575969000332, 'train/mfu': 86.37, 'train/efficiency': 52.15, 'train/forward_time_percent': 16.66, 'train/backward_time_percent': 34.62, 'train/optimizer_time_percent': 0.87, 'train/overhead_time_percent': 47.85, 'epoch': 0.2564102564102564}
{'loss': 1.1779, 'learning_rate': 0.0001, 'grad_norm': 0.35351666808128357, 'train/tokens_per_sec': 1639.907402228095, 'train/step_time': 9.990808004000428, 'train/mfu': 84.46, 'train/efficiency': 53.35, 'train/forward_time_percent': 16.4, 'train/backward_time_percent': 36.08, 'train/optimizer_time_percent': 0.87, 'train/overhead_time_percent': 46.65, 'epoch': 0.2564102564102564}
{'loss': 1.331, 'learning_rate': 0.0001, 'grad_norm': 0.33397501707077026, 'train/tokens_per_sec': 1638.8094227747163, 'train/step_time': 9.997501706000548, 'train/mfu': 84.59, 'train/efficiency': 53.23, 'train/forward_time_percent': 17.2, 'train/backward_time_percent': 35.16, 'train/optimizer_time_percent': 0.87, 'train/overhead_time_percent': 46.77, 'epoch': 0.26107226107226106}{'loss': 1.331, 'learning_rate': 0.0001, 'grad_norm': 0.33397501707077026, 'train/tokens_per_sec': 1637.8262918883215, 'train/step_time': 10.003502862999085, 'train/mfu': 88.31, 'train/efficiency': 51.16, 'train/forward_time_percent': 17.1, 'train/backward_time_percent': 33.02, 'train/optimizer_time_percent': 1.04, 'train/overhead_time_percent': 48.84, 'epoch': 0.26107226107226106}

{'loss': 1.4412, 'learning_rate': 0.0001, 'grad_norm': 0.3357134163379669, 'train/tokens_per_sec': 1639.2656133876785, 'train/step_time': 9.994719504999011, 'train/mfu': 84.36, 'train/efficiency': 53.55, 'train/forward_time_percent': 17.17, 'train/backward_time_percent': 35.34, 'train/optimizer_time_percent': 1.03, 'train/overhead_time_percent': 46.45, 'epoch': 0.26573426573426573}
{'loss': 1.4412, 'learning_rate': 0.0001, 'grad_norm': 0.3357134163379669, 'train/tokens_per_sec': 1638.5448899704438, 'train/step_time': 9.99911573999998, 'train/mfu': 86.83, 'train/efficiency': 51.96, 'train/forward_time_percent': 16.99, 'train/backward_time_percent': 34.0, 'train/optimizer_time_percent': 0.97, 'train/overhead_time_percent': 48.04, 'epoch': 0.26573426573426573}
{'loss': 1.1307, 'learning_rate': 0.0001, 'grad_norm': 0.3326265215873718, 'train/tokens_per_sec': 1639.278953015286, 'train/step_time': 9.994638172998748, 'train/mfu': 85.22, 'train/efficiency': 52.96, 'train/forward_time_percent': 16.48, 'train/backward_time_percent': 35.5, 'train/optimizer_time_percent': 0.98, 'train/overhead_time_percent': 47.04, 'epoch': 0.2703962703962704}
{'loss': 1.1307, 'learning_rate': 0.0001, 'grad_norm': 0.3326265215873718, 'train/tokens_per_sec': 1639.343482337971, 'train/step_time': 9.994244755000182, 'train/mfu': 84.52, 'train/efficiency': 53.46, 'train/forward_time_percent': 16.95, 'train/backward_time_percent': 35.46, 'train/optimizer_time_percent': 1.05, 'train/overhead_time_percent': 46.54, 'epoch': 0.2703962703962704}
{'loss': 1.1611, 'learning_rate': 0.0001, 'grad_norm': 0.27143943309783936, 'train/tokens_per_sec': 1637.26106700862, 'train/step_time': 10.006956330998946, 'train/mfu': 85.72, 'train/efficiency': 52.68, 'train/forward_time_percent': 17.35, 'train/backward_time_percent': 34.27, 'train/optimizer_time_percent': 1.07, 'train/overhead_time_percent': 47.32, 'epoch': 0.27505827505827507}
{'loss': 1.1611, 'learning_rate': 0.0001, 'grad_norm': 0.27143943309783936, 'train/tokens_per_sec': 1637.8747506012407, 'train/step_time': 10.003206896000847, 'train/mfu': 85.1, 'train/efficiency': 52.9, 'train/forward_time_percent': 16.47, 'train/backward_time_percent': 35.54, 'train/optimizer_time_percent': 0.89, 'train/overhead_time_percent': 47.1, 'epoch': 0.27505827505827507}
{'loss': 1.5426, 'learning_rate': 0.0001, 'grad_norm': 0.47233402729034424, 'train/tokens_per_sec': 1639.341224977265, 'train/step_time': 9.994258517001072, 'train/mfu': 84.91, 'train/efficiency': 53.22, 'train/forward_time_percent': 17.29, 'train/backward_time_percent': 34.88, 'train/optimizer_time_percent': 1.04, 'train/overhead_time_percent': 46.78, 'epoch': 0.27972027972027974}
  step    60  loss   1.5426  |     5550.0 ms
{'loss': 1.5426, 'learning_rate': 0.0001, 'grad_norm': 0.47233402729034424, 'train/tokens_per_sec': 1639.1103751928524, 'train/step_time': 9.995666093000182, 'train/mfu': 86.31, 'train/efficiency': 52.27, 'train/forward_time_percent': 16.49, 'train/backward_time_percent': 34.83, 'train/optimizer_time_percent': 0.95, 'train/overhead_time_percent': 47.73, 'epoch': 0.27972027972027974}
{'loss': 1.0884, 'learning_rate': 0.0001, 'grad_norm': 0.2385239601135254, 'train/tokens_per_sec': 1637.0395646260445, 'train/step_time': 10.008310339000673, 'train/mfu': 83.28, 'train/efficiency': 54.16, 'train/forward_time_percent': 17.17, 'train/backward_time_percent': 35.95, 'train/optimizer_time_percent': 1.03, 'train/overhead_time_percent': 45.84, 'epoch': 0.28438228438228436}
{'loss': 1.0884, 'learning_rate': 0.0001, 'grad_norm': 0.2385239601135254, 'train/tokens_per_sec': 1636.6004898426054, 'train/step_time': 10.010995414999343, 'train/mfu': 87.62, 'train/efficiency': 51.5, 'train/forward_time_percent': 16.15, 'train/backward_time_percent': 34.33, 'train/optimizer_time_percent': 1.02, 'train/overhead_time_percent': 48.5, 'epoch': 0.28438228438228436}
{'loss': 1.5385, 'learning_rate': 0.0001, 'grad_norm': 0.30169257521629333, 'train/tokens_per_sec': 1638.309502404233, 'train/step_time': 10.000552384000912, 'train/mfu': 87.75, 'train/efficiency': 51.36, 'train/forward_time_percent': 16.75, 'train/backward_time_percent': 33.7, 'train/optimizer_time_percent': 0.91, 'train/overhead_time_percent': 48.64, 'epoch': 0.289044289044289}
{'loss': 1.5385, 'learning_rate': 0.0001, 'grad_norm': 0.30169257521629333, 'train/tokens_per_sec': 1639.1788553415345, 'train/step_time': 9.995248502998948, 'train/mfu': 82.71, 'train/efficiency': 54.42, 'train/forward_time_percent': 16.88, 'train/backward_time_percent': 36.68, 'train/optimizer_time_percent': 0.87, 'train/overhead_time_percent': 45.58, 'epoch': 0.289044289044289}
{'loss': 1.4021, 'learning_rate': 0.0001, 'grad_norm': 0.2659846842288971, 'train/tokens_per_sec': 1639.728710379688, 'train/step_time': 9.991896767000071, 'train/mfu': 87.45, 'train/efficiency': 51.71, 'train/forward_time_percent': 16.07, 'train/backward_time_percent': 34.6, 'train/optimizer_time_percent': 1.04, 'train/overhead_time_percent': 48.29, 'epoch': 0.2937062937062937}
{'loss': 1.4021, 'learning_rate': 0.0001, 'grad_norm': 0.2659846842288971, 'train/tokens_per_sec': 1640.049051116428, 'train/step_time': 9.989945110999543, 'train/mfu': 86.27, 'train/efficiency': 52.26, 'train/forward_time_percent': 16.09, 'train/backward_time_percent': 35.28, 'train/optimizer_time_percent': 0.89, 'train/overhead_time_percent': 47.74, 'epoch': 0.2937062937062937}
{'loss': 1.4359, 'learning_rate': 0.0001, 'grad_norm': 0.2709673345088959, 'train/tokens_per_sec': 1640.310078919068, 'train/step_time': 9.988355379000495, 'train/mfu': 82.91, 'train/efficiency': 54.36, 'train/forward_time_percent': 17.02, 'train/backward_time_percent': 36.45, 'train/optimizer_time_percent': 0.9, 'train/overhead_time_percent': 45.64, 'epoch': 0.29836829836829837}
{'loss': 1.4359, 'learning_rate': 0.0001, 'grad_norm': 0.2709673345088959, 'train/tokens_per_sec': 1639.5534333821902, 'train/step_time': 9.992964954000854, 'train/mfu': 85.28, 'train/efficiency': 52.92, 'train/forward_time_percent': 16.7, 'train/backward_time_percent': 35.26, 'train/optimizer_time_percent': 0.96, 'train/overhead_time_percent': 47.08, 'epoch': 0.29836829836829837}
{'loss': 1.1053, 'learning_rate': 0.0001, 'grad_norm': 0.2972449064254761, 'train/tokens_per_sec': 1639.489186935729, 'train/step_time': 9.993356547000076, 'train/mfu': 86.11, 'train/efficiency': 52.46, 'train/forward_time_percent': 16.89, 'train/backward_time_percent': 34.56, 'train/optimizer_time_percent': 1.0, 'train/overhead_time_percent': 47.54, 'epoch': 0.30303030303030304}
{'loss': 1.1053, 'learning_rate': 0.0001, 'grad_norm': 0.2972449064254761, 'train/tokens_per_sec': 1640.2390223780317, 'train/step_time': 9.988788082999235, 'train/mfu': 85.42, 'train/efficiency': 52.79, 'train/forward_time_percent': 16.43, 'train/backward_time_percent': 35.46, 'train/optimizer_time_percent': 0.9, 'train/overhead_time_percent': 47.21, 'epoch': 0.30303030303030304}
{'loss': 1.3284, 'learning_rate': 0.0001, 'grad_norm': 0.2889006733894348, 'train/tokens_per_sec': 1638.5365330228603, 'train/step_time': 9.999166737999985, 'train/mfu': 84.23, 'train/efficiency': 53.5, 'train/forward_time_percent': 16.51, 'train/backward_time_percent': 36.07, 'train/optimizer_time_percent': 0.93, 'train/overhead_time_percent': 46.5, 'epoch': 0.3076923076923077}
{'loss': 1.3284, 'learning_rate': 0.0001, 'grad_norm': 0.2889006733894348, 'train/tokens_per_sec': 1638.5139924017813, 'train/step_time': 9.999304293998648, 'train/mfu': 84.15, 'train/efficiency': 53.67, 'train/forward_time_percent': 16.42, 'train/backward_time_percent': 36.2, 'train/optimizer_time_percent': 1.05, 'train/overhead_time_percent': 46.33, 'epoch': 0.3076923076923077}
{'loss': 1.2741, 'learning_rate': 0.0001, 'grad_norm': 0.28186383843421936, 'train/tokens_per_sec': 1637.8182793757528, 'train/step_time': 10.003551802001311, 'train/mfu': 85.56, 'train/efficiency': 52.7, 'train/forward_time_percent': 16.78, 'train/backward_time_percent': 34.95, 'train/optimizer_time_percent': 0.97, 'train/overhead_time_percent': 47.3, 'epoch': 0.3123543123543124}
{'loss': 1.2741, 'learning_rate': 0.0001, 'grad_norm': 0.28186383843421936, 'train/tokens_per_sec': 1638.1510634519539, 'train/step_time': 10.001519618999737, 'train/mfu': 84.31, 'train/efficiency': 53.54, 'train/forward_time_percent': 16.83, 'train/backward_time_percent': 35.68, 'train/optimizer_time_percent': 1.04, 'train/overhead_time_percent': 46.46, 'epoch': 0.3123543123543124}
{'loss': 1.1419, 'learning_rate': 0.0001, 'grad_norm': 0.24881611764431, 'train/tokens_per_sec': 1637.2098604166283, 'train/step_time': 10.00726931600002, 'train/mfu': 85.85, 'train/efficiency': 52.53, 'train/forward_time_percent': 16.46, 'train/backward_time_percent': 35.08, 'train/optimizer_time_percent': 0.99, 'train/overhead_time_percent': 47.47, 'epoch': 0.317016317016317}
{'loss': 1.1419, 'learning_rate': 0.0001, 'grad_norm': 0.24881611764431, 'train/tokens_per_sec': 1637.9431444068875, 'train/step_time': 10.002789202999338, 'train/mfu': 84.31, 'train/efficiency': 53.47, 'train/forward_time_percent': 16.86, 'train/backward_time_percent': 35.64, 'train/optimizer_time_percent': 0.97, 'train/overhead_time_percent': 46.53, 'epoch': 0.317016317016317}
{'loss': 1.2428, 'learning_rate': 0.0001, 'grad_norm': 0.2564729154109955, 'train/tokens_per_sec': 1637.1008188909832, 'train/step_time': 10.007935865000036, 'train/mfu': 85.22, 'train/efficiency': 52.96, 'train/forward_time_percent': 16.44, 'train/backward_time_percent': 35.48, 'train/optimizer_time_percent': 1.04, 'train/overhead_time_percent': 47.04, 'epoch': 0.32167832167832167}
{'loss': 1.2428, 'learning_rate': 0.0001, 'grad_norm': 0.2564729154109955, 'train/tokens_per_sec': 1637.3839482437545, 'train/step_time': 10.006205336001585, 'train/mfu': 86.07, 'train/efficiency': 52.5, 'train/forward_time_percent': 17.2, 'train/backward_time_percent': 34.21, 'train/optimizer_time_percent': 1.09, 'train/overhead_time_percent': 47.5, 'epoch': 0.32167832167832167}
  step    70  loss   1.3320  |     5475.9 ms
{'loss': 1.332, 'learning_rate': 0.0001, 'grad_norm': 0.2949883043766022, 'train/tokens_per_sec': 1636.4544298017, 'train/step_time': 10.011888936000105, 'train/mfu': 87.57, 'train/efficiency': 51.44, 'train/forward_time_percent': 16.35, 'train/backward_time_percent': 34.15, 'train/optimizer_time_percent': 0.94, 'train/overhead_time_percent': 48.56, 'epoch': 0.32634032634032634}
{'loss': 1.332, 'learning_rate': 0.0001, 'grad_norm': 0.2949883043766022, 'train/tokens_per_sec': 1636.9857266724828, 'train/step_time': 10.008639497000331, 'train/mfu': 85.05, 'train/efficiency': 52.98, 'train/forward_time_percent': 17.14, 'train/backward_time_percent': 34.87, 'train/optimizer_time_percent': 0.97, 'train/overhead_time_percent': 47.02, 'epoch': 0.32634032634032634}
{'loss': 1.306, 'learning_rate': 0.0001, 'grad_norm': 0.3104456067085266, 'train/tokens_per_sec': 1637.4967705363206, 'train/step_time': 10.00551591600015, 'train/mfu': 87.1, 'train/efficiency': 51.79, 'train/forward_time_percent': 17.28, 'train/backward_time_percent': 33.52, 'train/optimizer_time_percent': 0.98, 'train/overhead_time_percent': 48.21, 'epoch': 0.331002331002331}
{'loss': 1.306, 'learning_rate': 0.0001, 'grad_norm': 0.3104456067085266, 'train/tokens_per_sec': 1637.9815104660468, 'train/step_time': 10.002554909999162, 'train/mfu': 85.93, 'train/efficiency': 52.55, 'train/forward_time_percent': 16.46, 'train/backward_time_percent': 35.05, 'train/optimizer_time_percent': 1.04, 'train/overhead_time_percent': 47.45, 'epoch': 0.331002331002331}
{'loss': 1.1792, 'learning_rate': 0.0001, 'grad_norm': 0.24037659168243408, 'train/tokens_per_sec': 1638.8837965299178, 'train/step_time': 9.99704801200096, 'train/mfu': 84.17, 'train/efficiency': 53.65, 'train/forward_time_percent': 16.89, 'train/backward_time_percent': 35.74, 'train/optimizer_time_percent': 1.03, 'train/overhead_time_percent': 46.35, 'epoch': 0.3356643356643357}
{'loss': 1.1792, 'learning_rate': 0.0001, 'grad_norm': 0.24037659168243408, 'train/tokens_per_sec': 1638.707788487758, 'train/step_time': 9.99812176100022, 'train/mfu': 84.79, 'train/efficiency': 53.15, 'train/forward_time_percent': 17.12, 'train/backward_time_percent': 35.11, 'train/optimizer_time_percent': 0.92, 'train/overhead_time_percent': 46.85, 'epoch': 0.3356643356643357}
{'loss': 1.2084, 'learning_rate': 0.0001, 'grad_norm': 0.3101356029510498, 'train/tokens_per_sec': 1638.6514386095128, 'train/step_time': 9.998465575999944, 'train/mfu': 84.77, 'train/efficiency': 53.3, 'train/forward_time_percent': 17.08, 'train/backward_time_percent': 35.17, 'train/optimizer_time_percent': 1.05, 'train/overhead_time_percent': 46.7, 'epoch': 0.34032634032634035}
{'loss': 1.2084, 'learning_rate': 0.0001, 'grad_norm': 0.3101356029510498, 'train/tokens_per_sec': 1638.9896393067359, 'train/step_time': 9.996402422000756, 'train/mfu': 84.46, 'train/efficiency': 53.33, 'train/forward_time_percent': 16.12, 'train/backward_time_percent': 36.33, 'train/optimizer_time_percent': 0.88, 'train/overhead_time_percent': 46.67, 'epoch': 0.34032634032634035}
{'loss': 1.1674, 'learning_rate': 0.0001, 'grad_norm': 0.4309692084789276, 'train/tokens_per_sec': 1640.0282523574447, 'train/step_time': 9.990071803000319, 'train/mfu': 85.51, 'train/efficiency': 52.72, 'train/forward_time_percent': 16.12, 'train/backward_time_percent': 35.71, 'train/optimizer_time_percent': 0.89, 'train/overhead_time_percent': 47.28, 'epoch': 0.34498834498834496}
{'loss': 1.1674, 'learning_rate': 0.0001, 'grad_norm': 0.4309692084789276, 'train/tokens_per_sec': 1639.5413631130136, 'train/step_time': 9.993038521999551, 'train/mfu': 86.69, 'train/efficiency': 52.11, 'train/forward_time_percent': 16.66, 'train/backward_time_percent': 34.45, 'train/optimizer_time_percent': 1.0, 'train/overhead_time_percent': 47.89, 'epoch': 0.34498834498834496}
{'loss': 1.0602, 'learning_rate': 0.0001, 'grad_norm': 0.2788292169570923, 'train/tokens_per_sec': 1640.7137547175585, 'train/step_time': 9.985897877000752, 'train/mfu': 83.38, 'train/efficiency': 54.06, 'train/forward_time_percent': 17.28, 'train/backward_time_percent': 35.89, 'train/optimizer_time_percent': 0.88, 'train/overhead_time_percent': 45.94, 'epoch': 0.34965034965034963}
{'loss': 1.0602, 'learning_rate': 0.0001, 'grad_norm': 0.2788292169570923, 'train/tokens_per_sec': 1639.5265785548163, 'train/step_time': 9.993128635000176, 'train/mfu': 86.96, 'train/efficiency': 51.98, 'train/forward_time_percent': 16.78, 'train/backward_time_percent': 34.18, 'train/optimizer_time_percent': 1.03, 'train/overhead_time_percent': 48.02, 'epoch': 0.34965034965034963}
{'loss': 1.4518, 'learning_rate': 0.0001, 'grad_norm': 0.24950569868087769, 'train/tokens_per_sec': 1637.59991977227, 'train/step_time': 10.004885688000286, 'train/mfu': 88.7, 'train/efficiency': 50.83, 'train/forward_time_percent': 15.97, 'train/backward_time_percent': 33.92, 'train/optimizer_time_percent': 0.93, 'train/overhead_time_percent': 49.17, 'epoch': 0.3543123543123543}
{'loss': 1.4518, 'learning_rate': 0.0001, 'grad_norm': 0.24950569868087769, 'train/tokens_per_sec': 1638.2797083294129, 'train/step_time': 10.000734256000214, 'train/mfu': 81.91, 'train/efficiency': 54.93, 'train/forward_time_percent': 17.5, 'train/backward_time_percent': 36.55, 'train/optimizer_time_percent': 0.88, 'train/overhead_time_percent': 45.07, 'epoch': 0.3543123543123543}
{'loss': 1.4697, 'learning_rate': 0.0001, 'grad_norm': 0.30061662197113037, 'train/tokens_per_sec': 1638.1076754261014, 'train/step_time': 10.001784526000847, 'train/mfu': 86.8, 'train/efficiency': 51.91, 'train/forward_time_percent': 16.79, 'train/backward_time_percent': 34.22, 'train/optimizer_time_percent': 0.91, 'train/overhead_time_percent': 48.09, 'epoch': 0.358974358974359}
{'loss': 1.4697, 'learning_rate': 0.0001, 'grad_norm': 0.30061662197113037, 'train/tokens_per_sec': 1638.8940347735327, 'train/step_time': 9.996985559999302, 'train/mfu': 84.84, 'train/efficiency': 53.25, 'train/forward_time_percent': 17.06, 'train/backward_time_percent': 35.14, 'train/optimizer_time_percent': 1.05, 'train/overhead_time_percent': 46.75, 'epoch': 0.358974358974359}
{'loss': 1.1779, 'learning_rate': 0.0001, 'grad_norm': 0.28565725684165955, 'train/tokens_per_sec': 1639.457792102722, 'train/step_time': 9.993547915000818, 'train/mfu': 83.84, 'train/efficiency': 53.72, 'train/forward_time_percent': 17.11, 'train/backward_time_percent': 35.73, 'train/optimizer_time_percent': 0.88, 'train/overhead_time_percent': 46.28, 'epoch': 0.36363636363636365}
{'loss': 1.1779, 'learning_rate': 0.0001, 'grad_norm': 0.28565725684165955, 'train/tokens_per_sec': 1638.9706241765928, 'train/step_time': 9.996518398998887, 'train/mfu': 87.87, 'train/efficiency': 51.28, 'train/forward_time_percent': 16.93, 'train/backward_time_percent': 33.47, 'train/optimizer_time_percent': 0.88, 'train/overhead_time_percent': 48.72, 'epoch': 0.36363636363636365}
{'loss': 1.2636, 'learning_rate': 0.0001, 'grad_norm': 0.34812942147254944, 'train/tokens_per_sec': 1636.8297841139445, 'train/step_time': 10.009593030999895, 'train/mfu': 86.31, 'train/efficiency': 52.24, 'train/forward_time_percent': 17.11, 'train/backward_time_percent': 34.14, 'train/optimizer_time_percent': 0.98, 'train/overhead_time_percent': 47.76, 'epoch': 0.3682983682983683}
{'loss': 1.2636, 'learning_rate': 0.0001, 'grad_norm': 0.34812942147254944, 'train/tokens_per_sec': 1637.7136956046068, 'train/step_time': 10.004190624998955, 'train/mfu': 83.9, 'train/efficiency': 53.77, 'train/forward_time_percent': 16.42, 'train/backward_time_percent': 36.32, 'train/optimizer_time_percent': 1.02, 'train/overhead_time_percent': 46.23, 'epoch': 0.3682983682983683}
  step    80  loss   1.6365  |     5574.9 ms
{'loss': 1.6365, 'learning_rate': 0.0001, 'grad_norm': 1.167935848236084, 'train/tokens_per_sec': 1638.1095469602924, 'train/step_time': 10.001773098998456, 'train/mfu': 85.8, 'train/efficiency': 52.63, 'train/forward_time_percent': 16.68, 'train/backward_time_percent': 34.92, 'train/optimizer_time_percent': 1.04, 'train/overhead_time_percent': 47.37, 'epoch': 0.372960372960373}
{'loss': 1.6365, 'learning_rate': 0.0001, 'grad_norm': 1.167935848236084, 'train/tokens_per_sec': 1638.5542993813172, 'train/step_time': 9.999058319999676, 'train/mfu': 84.99, 'train/efficiency': 53.15, 'train/forward_time_percent': 16.92, 'train/backward_time_percent': 35.18, 'train/optimizer_time_percent': 1.05, 'train/overhead_time_percent': 46.85, 'epoch': 0.372960372960373}
{'loss': 1.2262, 'learning_rate': 0.0001, 'grad_norm': 0.2556026875972748, 'train/tokens_per_sec': 1638.2563075565774, 'train/step_time': 10.00087710599837, 'train/mfu': 82.64, 'train/efficiency': 54.45, 'train/forward_time_percent': 16.7, 'train/backward_time_percent': 36.88, 'train/optimizer_time_percent': 0.88, 'train/overhead_time_percent': 45.55, 'epoch': 0.3776223776223776}{'loss': 1.2262, 'learning_rate': 0.0001, 'grad_norm': 0.2556026875972748, 'train/tokens_per_sec': 1636.6750270100865, 'train/step_time': 10.010539495999183, 'train/mfu': 89.96, 'train/efficiency': 50.04, 'train/forward_time_percent': 16.51, 'train/backward_time_percent': 32.65, 'train/optimizer_time_percent': 0.87, 'train/overhead_time_percent': 49.96, 'epoch': 0.3776223776223776}

{'loss': 1.2301, 'learning_rate': 0.0001, 'grad_norm': 0.31312134861946106, 'train/tokens_per_sec': 1639.479659984171, 'train/step_time': 9.993414618000315, 'train/mfu': 83.55, 'train/efficiency': 54.07, 'train/forward_time_percent': 16.94, 'train/backward_time_percent': 36.09, 'train/optimizer_time_percent': 1.04, 'train/overhead_time_percent': 45.93, 'epoch': 0.3822843822843823}{'loss': 1.2301, 'learning_rate': 0.0001, 'grad_norm': 0.31312134861946106, 'train/tokens_per_sec': 1638.5427827819526, 'train/step_time': 9.99912859899996, 'train/mfu': 85.41, 'train/efficiency': 52.87, 'train/forward_time_percent': 16.59, 'train/backward_time_percent': 35.26, 'train/optimizer_time_percent': 1.03, 'train/overhead_time_percent': 47.13, 'epoch': 0.3822843822843823}

{'loss': 1.1929, 'learning_rate': 0.0001, 'grad_norm': 0.2756251394748688, 'train/tokens_per_sec': 1637.4598596264732, 'train/step_time': 10.005741455999669, 'train/mfu': 83.93, 'train/efficiency': 53.75, 'train/forward_time_percent': 16.89, 'train/backward_time_percent': 35.84, 'train/optimizer_time_percent': 1.02, 'train/overhead_time_percent': 46.25, 'epoch': 0.38694638694638694}{'loss': 1.1929, 'learning_rate': 0.0001, 'grad_norm': 0.2756251394748688, 'train/tokens_per_sec': 1636.8812526308338, 'train/step_time': 10.00927829900138, 'train/mfu': 85.19, 'train/efficiency': 52.87, 'train/forward_time_percent': 17.25, 'train/backward_time_percent': 34.67, 'train/optimizer_time_percent': 0.95, 'train/overhead_time_percent': 47.13, 'epoch': 0.38694638694638694}

{'loss': 1.2696, 'learning_rate': 0.0001, 'grad_norm': 0.2987631857395172, 'train/tokens_per_sec': 1637.5127777281461, 'train/step_time': 10.005418108999947, 'train/mfu': 84.19, 'train/efficiency': 53.44, 'train/forward_time_percent': 17.1, 'train/backward_time_percent': 35.47, 'train/optimizer_time_percent': 0.88, 'train/overhead_time_percent': 46.56, 'epoch': 0.3916083916083916}{'loss': 1.2696, 'learning_rate': 0.0001, 'grad_norm': 0.2987631857395172, 'train/tokens_per_sec': 1636.4539884837131, 'train/step_time': 10.011891636000655, 'train/mfu': 87.49, 'train/efficiency': 51.49, 'train/forward_time_percent': 16.31, 'train/backward_time_percent': 34.24, 'train/optimizer_time_percent': 0.94, 'train/overhead_time_percent': 48.51, 'epoch': 0.3916083916083916}

{'loss': 1.0718, 'learning_rate': 0.0001, 'grad_norm': 0.22733867168426514, 'train/tokens_per_sec': 1637.7875562221448, 'train/step_time': 10.003739457999473, 'train/mfu': 85.24, 'train/efficiency': 52.84, 'train/forward_time_percent': 16.66, 'train/backward_time_percent': 35.27, 'train/optimizer_time_percent': 0.91, 'train/overhead_time_percent': 47.16, 'epoch': 0.3962703962703963}
{'loss': 1.0718, 'learning_rate': 0.0001, 'grad_norm': 0.22733867168426514, 'train/tokens_per_sec': 1637.3327539281659, 'train/step_time': 10.006518198999402, 'train/mfu': 85.61, 'train/efficiency': 52.76, 'train/forward_time_percent': 17.16, 'train/backward_time_percent': 34.53, 'train/optimizer_time_percent': 1.07, 'train/overhead_time_percent': 47.24, 'epoch': 0.3962703962703963}
{'loss': 1.4997, 'learning_rate': 0.0001, 'grad_norm': 0.2818211019039154, 'train/tokens_per_sec': 1637.9408083719313, 'train/step_time': 10.002803469000355, 'train/mfu': 85.58, 'train/efficiency': 52.76, 'train/forward_time_percent': 17.0, 'train/backward_time_percent': 34.73, 'train/optimizer_time_percent': 1.03, 'train/overhead_time_percent': 47.24, 'epoch': 0.40093240093240096}
{'loss': 1.4997, 'learning_rate': 0.0001, 'grad_norm': 0.2818211019039154, 'train/tokens_per_sec': 1638.1274354163438, 'train/step_time': 10.001663878998443, 'train/mfu': 85.84, 'train/efficiency': 52.64, 'train/forward_time_percent': 16.23, 'train/backward_time_percent': 35.35, 'train/optimizer_time_percent': 1.06, 'train/overhead_time_percent': 47.36, 'epoch': 0.40093240093240096}
{'loss': 1.1078, 'learning_rate': 0.0001, 'grad_norm': 0.3047220706939697, 'train/tokens_per_sec': 1640.2319153217218, 'train/step_time': 9.988831364000362, 'train/mfu': 85.51, 'train/efficiency': 52.8, 'train/forward_time_percent': 17.05, 'train/backward_time_percent': 34.79, 'train/optimizer_time_percent': 0.96, 'train/overhead_time_percent': 47.2, 'epoch': 0.40559440559440557}
{'loss': 1.1078, 'learning_rate': 0.0001, 'grad_norm': 0.3047220706939697, 'train/tokens_per_sec': 1640.359908087724, 'train/step_time': 9.988051962998725, 'train/mfu': 85.13, 'train/efficiency': 53.09, 'train/forward_time_percent': 16.81, 'train/backward_time_percent': 35.26, 'train/optimizer_time_percent': 1.02, 'train/overhead_time_percent': 46.91, 'epoch': 0.40559440559440557}
{'loss': 1.4501, 'learning_rate': 0.0001, 'grad_norm': 0.25858795642852783, 'train/tokens_per_sec': 1637.5537996415896, 'train/step_time': 10.005167466000785, 'train/mfu': 87.84, 'train/efficiency': 51.4, 'train/forward_time_percent': 16.41, 'train/backward_time_percent': 33.96, 'train/optimizer_time_percent': 1.02, 'train/overhead_time_percent': 48.6, 'epoch': 0.41025641025641024}
{'loss': 1.4501, 'learning_rate': 0.0001, 'grad_norm': 0.25858795642852783, 'train/tokens_per_sec': 1638.2935572825236, 'train/step_time': 10.00064971699976, 'train/mfu': 82.88, 'train/efficiency': 54.29, 'train/forward_time_percent': 16.83, 'train/backward_time_percent': 36.59, 'train/optimizer_time_percent': 0.87, 'train/overhead_time_percent': 45.71, 'epoch': 0.41025641025641024}
{'loss': 1.1893, 'learning_rate': 0.0001, 'grad_norm': 0.26201146841049194, 'train/tokens_per_sec': 1638.0340767830764, 'train/step_time': 10.002233916999103, 'train/mfu': 85.6, 'train/efficiency': 52.76, 'train/forward_time_percent': 17.12, 'train/backward_time_percent': 34.59, 'train/optimizer_time_percent': 1.05, 'train/overhead_time_percent': 47.24, 'epoch': 0.4149184149184149}
{'loss': 1.1893, 'learning_rate': 0.0001, 'grad_norm': 0.26201146841049194, 'train/tokens_per_sec': 1638.0191554687087, 'train/step_time': 10.00232503099869, 'train/mfu': 84.52, 'train/efficiency': 53.33, 'train/forward_time_percent': 16.98, 'train/backward_time_percent': 35.4, 'train/optimizer_time_percent': 0.95, 'train/overhead_time_percent': 46.67, 'epoch': 0.4149184149184149}
{'loss': 1.639, 'learning_rate': 0.0001, 'grad_norm': 0.3424135446548462, 'train/tokens_per_sec': 1639.833069141114, 'train/step_time': 9.99126088400044, 'train/mfu': 86.48, 'train/efficiency': 52.25, 'train/forward_time_percent': 16.84, 'train/backward_time_percent': 34.41, 'train/optimizer_time_percent': 1.01, 'train/overhead_time_percent': 47.75, 'epoch': 0.4195804195804196}
  step    90  loss   1.6390  |     5631.7 ms
{'loss': 1.639, 'learning_rate': 0.0001, 'grad_norm': 0.3424135446548462, 'train/tokens_per_sec': 1640.4086201521786, 'train/step_time': 9.987755367001228, 'train/mfu': 84.71, 'train/efficiency': 53.2, 'train/forward_time_percent': 16.71, 'train/backward_time_percent': 35.62, 'train/optimizer_time_percent': 0.87, 'train/overhead_time_percent': 46.8, 'epoch': 0.4195804195804196}
{'loss': 1.3755, 'learning_rate': 0.0001, 'grad_norm': 0.28226238489151, 'train/tokens_per_sec': 1637.5304286028716, 'train/step_time': 10.005310260999977, 'train/mfu': 87.4, 'train/efficiency': 51.65, 'train/forward_time_percent': 16.22, 'train/backward_time_percent': 34.42, 'train/optimizer_time_percent': 1.02, 'train/overhead_time_percent': 48.35, 'epoch': 0.42424242424242425}{'loss': 1.3755, 'learning_rate': 0.0001, 'grad_norm': 0.28226238489151, 'train/tokens_per_sec': 1638.3989859947878, 'train/step_time': 10.000006189000487, 'train/mfu': 83.84, 'train/efficiency': 53.82, 'train/forward_time_percent': 17.47, 'train/backward_time_percent': 35.34, 'train/optimizer_time_percent': 1.01, 'train/overhead_time_percent': 46.18, 'epoch': 0.42424242424242425}

{'loss': 1.2882, 'learning_rate': 0.0001, 'grad_norm': 0.24441403150558472, 'train/tokens_per_sec': 1636.4910557669355, 'train/step_time': 10.011664862000544, 'train/mfu': 85.18, 'train/efficiency': 52.8, 'train/forward_time_percent': 17.42, 'train/backward_time_percent': 34.49, 'train/optimizer_time_percent': 0.88, 'train/overhead_time_percent': 47.2, 'epoch': 0.4289044289044289}
{'loss': 1.2882, 'learning_rate': 0.0001, 'grad_norm': 0.24441403150558472, 'train/tokens_per_sec': 1635.8551663699764, 'train/step_time': 10.015556594998998, 'train/mfu': 87.08, 'train/efficiency': 51.8, 'train/forward_time_percent': 16.15, 'train/backward_time_percent': 34.62, 'train/optimizer_time_percent': 1.04, 'train/overhead_time_percent': 48.2, 'epoch': 0.4289044289044289}
{'loss': 1.2647, 'learning_rate': 0.0001, 'grad_norm': 0.23827394843101501, 'train/tokens_per_sec': 1639.3183681167807, 'train/step_time': 9.994397865999417, 'train/mfu': 85.63, 'train/efficiency': 52.81, 'train/forward_time_percent': 17.16, 'train/backward_time_percent': 34.58, 'train/optimizer_time_percent': 1.07, 'train/overhead_time_percent': 47.19, 'epoch': 0.43356643356643354}
{'loss': 1.2647, 'learning_rate': 0.0001, 'grad_norm': 0.23827394843101501, 'train/tokens_per_sec': 1639.17033235953, 'train/step_time': 9.995300474000032, 'train/mfu': 85.57, 'train/efficiency': 52.67, 'train/forward_time_percent': 17.0, 'train/backward_time_percent': 34.76, 'train/optimizer_time_percent': 0.91, 'train/overhead_time_percent': 47.33, 'epoch': 0.43356643356643354}
{'loss': 1.2485, 'learning_rate': 0.0001, 'grad_norm': 0.3004181981086731, 'train/tokens_per_sec': 1637.4935793477084, 'train/step_time': 10.00553541500085, 'train/mfu': 84.29, 'train/efficiency': 53.55, 'train/forward_time_percent': 17.21, 'train/backward_time_percent': 35.3, 'train/optimizer_time_percent': 1.04, 'train/overhead_time_percent': 46.45, 'epoch': 0.4382284382284382}
{'loss': 1.2485, 'learning_rate': 0.0001, 'grad_norm': 0.3004181981086731, 'train/tokens_per_sec': 1637.222041171134, 'train/step_time': 10.007194863001132, 'train/mfu': 85.84, 'train/efficiency': 52.47, 'train/forward_time_percent': 16.99, 'train/backward_time_percent': 34.55, 'train/optimizer_time_percent': 0.92, 'train/overhead_time_percent': 47.53, 'epoch': 0.4382284382284382}
{'loss': 1.3595, 'learning_rate': 0.0001, 'grad_norm': 0.2564513087272644, 'train/tokens_per_sec': 1639.4190856915357, 'train/step_time': 9.993783861000338, 'train/mfu': 83.89, 'train/efficiency': 53.8, 'train/forward_time_percent': 16.88, 'train/backward_time_percent': 35.93, 'train/optimizer_time_percent': 0.99, 'train/overhead_time_percent': 46.2, 'epoch': 0.4428904428904429}
{'loss': 1.3595, 'learning_rate': 0.0001, 'grad_norm': 0.2564513087272644, 'train/tokens_per_sec': 1638.959881151591, 'train/step_time': 9.996583923999424, 'train/mfu': 86.1, 'train/efficiency': 52.49, 'train/forward_time_percent': 16.84, 'train/backward_time_percent': 34.6, 'train/optimizer_time_percent': 1.05, 'train/overhead_time_percent': 47.51, 'epoch': 0.4428904428904429}
{'loss': 1.2581, 'learning_rate': 0.0001, 'grad_norm': 0.27094146609306335, 'train/tokens_per_sec': 1638.1491808494661, 'train/step_time': 10.001531112999146, 'train/mfu': 86.54, 'train/efficiency': 52.08, 'train/forward_time_percent': 17.17, 'train/backward_time_percent': 33.98, 'train/optimizer_time_percent': 0.92, 'train/overhead_time_percent': 47.92, 'epoch': 0.44755244755244755}
{'loss': 1.2581, 'learning_rate': 0.0001, 'grad_norm': 0.27094146609306335, 'train/tokens_per_sec': 1638.8852432732047, 'train/step_time': 9.997039187001064, 'train/mfu': 82.94, 'train/efficiency': 54.28, 'train/forward_time_percent': 17.39, 'train/backward_time_percent': 36.02, 'train/optimizer_time_percent': 0.88, 'train/overhead_time_percent': 45.72, 'epoch': 0.44755244755244755}
{'loss': 1.6337, 'learning_rate': 0.0001, 'grad_norm': 0.268111914396286, 'train/tokens_per_sec': 1639.7948437658504, 'train/step_time': 9.991493790999812, 'train/mfu': 84.28, 'train/efficiency': 53.53, 'train/forward_time_percent': 16.77, 'train/backward_time_percent': 35.81, 'train/optimizer_time_percent': 0.95, 'train/overhead_time_percent': 46.47, 'epoch': 0.4522144522144522}
{'loss': 1.6337, 'learning_rate': 0.0001, 'grad_norm': 0.268111914396286, 'train/tokens_per_sec': 1638.9400236902861, 'train/step_time': 9.996705043000475, 'train/mfu': 85.63, 'train/efficiency': 52.77, 'train/forward_time_percent': 16.92, 'train/backward_time_percent': 34.81, 'train/optimizer_time_percent': 1.05, 'train/overhead_time_percent': 47.23, 'epoch': 0.4522144522144522}
{'loss': 1.2797, 'learning_rate': 0.0001, 'grad_norm': 0.30972203612327576, 'train/tokens_per_sec': 1635.9715025526152, 'train/step_time': 10.014844375000393, 'train/mfu': 86.01, 'train/efficiency': 52.26, 'train/forward_time_percent': 16.91, 'train/backward_time_percent': 34.48, 'train/optimizer_time_percent': 0.86, 'train/overhead_time_percent': 47.74, 'epoch': 0.4568764568764569}
{'loss': 1.2797, 'learning_rate': 0.0001, 'grad_norm': 0.30972203612327576, 'train/tokens_per_sec': 1637.10565531962, 'train/step_time': 10.007906298998932, 'train/mfu': 83.3, 'train/efficiency': 53.99, 'train/forward_time_percent': 17.12, 'train/backward_time_percent': 35.98, 'train/optimizer_time_percent': 0.88, 'train/overhead_time_percent': 46.01, 'epoch': 0.4568764568764569}
{'loss': 1.558, 'learning_rate': 0.0001, 'grad_norm': 0.28392359614372253, 'train/tokens_per_sec': 1638.534876981598, 'train/step_time': 9.999176843999521, 'train/mfu': 83.74, 'train/efficiency': 53.75, 'train/forward_time_percent': 17.17, 'train/backward_time_percent': 35.7, 'train/optimizer_time_percent': 0.88, 'train/overhead_time_percent': 46.25, 'epoch': 0.46153846153846156}
{'loss': 1.558, 'learning_rate': 0.0001, 'grad_norm': 0.28392359614372253, 'train/tokens_per_sec': 1637.4620671315745, 'train/step_time': 10.005727966999984, 'train/mfu': 89.44, 'train/efficiency': 50.5, 'train/forward_time_percent': 16.96, 'train/backward_time_percent': 32.51, 'train/optimizer_time_percent': 1.02, 'train/overhead_time_percent': 49.5, 'epoch': 0.46153846153846156}
  step   100  loss   1.2466  |     5574.1 ms{'loss': 1.2466, 'learning_rate': 0.0001, 'grad_norm': 0.25069382786750793, 'train/tokens_per_sec': 1637.7504355860983, 'train/step_time': 10.003966198999478, 'train/mfu': 85.22, 'train/efficiency': 52.84, 'train/forward_time_percent': 16.55, 'train/backward_time_percent': 35.38, 'train/optimizer_time_percent': 0.9, 'train/overhead_time_percent': 47.16, 'epoch': 0.4662004662004662}

{'loss': 1.2466, 'learning_rate': 0.0001, 'grad_norm': 0.25069382786750793, 'train/tokens_per_sec': 1637.9705891389472, 'train/step_time': 10.00262160300008, 'train/mfu': 85.67, 'train/efficiency': 52.71, 'train/forward_time_percent': 16.73, 'train/backward_time_percent': 34.93, 'train/optimizer_time_percent': 1.04, 'train/overhead_time_percent': 47.29, 'epoch': 0.4662004662004662}
{'loss': 1.3383, 'learning_rate': 0.0001, 'grad_norm': 0.28786417841911316, 'train/tokens_per_sec': 1635.58739958339, 'train/step_time': 10.017196270999193, 'train/mfu': 86.62, 'train/efficiency': 51.9, 'train/forward_time_percent': 16.23, 'train/backward_time_percent': 34.8, 'train/optimizer_time_percent': 0.88, 'train/overhead_time_percent': 48.1, 'epoch': 0.47086247086247085}
{'loss': 1.3383, 'learning_rate': 0.0001, 'grad_norm': 0.28786417841911316, 'train/tokens_per_sec': 1636.318806853795, 'train/step_time': 10.012718751000648, 'train/mfu': 84.58, 'train/efficiency': 53.18, 'train/forward_time_percent': 17.25, 'train/backward_time_percent': 35.04, 'train/optimizer_time_percent': 0.9, 'train/overhead_time_percent': 46.82, 'epoch': 0.47086247086247085}
{'loss': 1.1929, 'learning_rate': 0.0001, 'grad_norm': 0.24968266487121582, 'train/tokens_per_sec': 1636.3424281766622, 'train/step_time': 10.012574213000335, 'train/mfu': 85.45, 'train/efficiency': 52.64, 'train/forward_time_percent': 17.17, 'train/backward_time_percent': 34.57, 'train/optimizer_time_percent': 0.89, 'train/overhead_time_percent': 47.36, 'epoch': 0.4755244755244755}
{'loss': 1.1929, 'learning_rate': 0.0001, 'grad_norm': 0.24968266487121582, 'train/tokens_per_sec': 1635.3362485606276, 'train/step_time': 10.018734688001132, 'train/mfu': 87.24, 'train/efficiency': 51.68, 'train/forward_time_percent': 15.99, 'train/backward_time_percent': 34.67, 'train/optimizer_time_percent': 1.02, 'train/overhead_time_percent': 48.32, 'epoch': 0.4755244755244755}
{'loss': 1.4225, 'learning_rate': 0.0001, 'grad_norm': 0.2312091737985611, 'train/tokens_per_sec': 1636.892133924456, 'train/step_time': 10.009211761998813, 'train/mfu': 86.9, 'train/efficiency': 51.9, 'train/forward_time_percent': 16.62, 'train/backward_time_percent': 34.28, 'train/optimizer_time_percent': 1.0, 'train/overhead_time_percent': 48.1, 'epoch': 0.4801864801864802}
{'loss': 1.4225, 'learning_rate': 0.0001, 'grad_norm': 0.2312091737985611, 'train/tokens_per_sec': 1638.257105153987, 'train/step_time': 10.000872236998475, 'train/mfu': 83.47, 'train/efficiency': 54.08, 'train/forward_time_percent': 17.3, 'train/backward_time_percent': 35.75, 'train/optimizer_time_percent': 1.04, 'train/overhead_time_percent': 45.92, 'epoch': 0.4801864801864802}
{'loss': 1.1824, 'learning_rate': 0.0001, 'grad_norm': 0.22954712808132172, 'train/tokens_per_sec': 1637.4123814589893, 'train/step_time': 10.00603158100057, 'train/mfu': 84.79, 'train/efficiency': 53.09, 'train/forward_time_percent': 16.43, 'train/backward_time_percent': 35.76, 'train/optimizer_time_percent': 0.91, 'train/overhead_time_percent': 46.91, 'epoch': 0.48484848484848486}
{'loss': 1.1824, 'learning_rate': 0.0001, 'grad_norm': 0.22954712808132172, 'train/tokens_per_sec': 1638.5694043168617, 'train/step_time': 9.99896614500176, 'train/mfu': 82.51, 'train/efficiency': 54.55, 'train/forward_time_percent': 17.17, 'train/backward_time_percent': 36.5, 'train/optimizer_time_percent': 0.88, 'train/overhead_time_percent': 45.45, 'epoch': 0.48484848484848486}
{'loss': 1.1954, 'learning_rate': 0.0001, 'grad_norm': 0.2362750619649887, 'train/tokens_per_sec': 1637.0541484813427, 'train/step_time': 10.00822117899952, 'train/mfu': 86.53, 'train/efficiency': 52.15, 'train/forward_time_percent': 16.94, 'train/backward_time_percent': 34.19, 'train/optimizer_time_percent': 1.02, 'train/overhead_time_percent': 47.85, 'epoch': 0.48951048951048953}
{'loss': 1.1954, 'learning_rate': 0.0001, 'grad_norm': 0.2362750619649887, 'train/tokens_per_sec': 1637.9734183238634, 'train/step_time': 10.002604326000437, 'train/mfu': 83.8, 'train/efficiency': 53.7, 'train/forward_time_percent': 16.8, 'train/backward_time_percent': 36.02, 'train/optimizer_time_percent': 0.87, 'train/overhead_time_percent': 46.3, 'epoch': 0.48951048951048953}
{'loss': 1.3078, 'learning_rate': 0.0001, 'grad_norm': 0.2740188539028168, 'train/tokens_per_sec': 1637.0787652967508, 'train/step_time': 10.008070684998529, 'train/mfu': 84.8, 'train/efficiency': 53.07, 'train/forward_time_percent': 17.27, 'train/backward_time_percent': 34.9, 'train/optimizer_time_percent': 0.9, 'train/overhead_time_percent': 46.93, 'epoch': 0.49417249417249415}
{'loss': 1.3078, 'learning_rate': 0.0001, 'grad_norm': 0.2740188539028168, 'train/tokens_per_sec': 1636.8064551574062, 'train/step_time': 10.009735695002746, 'train/mfu': 85.44, 'train/efficiency': 52.82, 'train/forward_time_percent': 16.7, 'train/backward_time_percent': 35.07, 'train/optimizer_time_percent': 1.05, 'train/overhead_time_percent': 47.18, 'epoch': 0.49417249417249415}
{'loss': 1.4525, 'learning_rate': 0.0001, 'grad_norm': 0.27094507217407227, 'train/tokens_per_sec': 1639.3854432785965, 'train/step_time': 9.993988947000616, 'train/mfu': 85.75, 'train/efficiency': 52.55, 'train/forward_time_percent': 16.83, 'train/backward_time_percent': 34.83, 'train/optimizer_time_percent': 0.88, 'train/overhead_time_percent': 47.45, 'epoch': 0.4988344988344988}
{'loss': 1.4525, 'learning_rate': 0.0001, 'grad_norm': 0.27094507217407227, 'train/tokens_per_sec': 1638.472862069042, 'train/step_time': 9.999555304999376, 'train/mfu': 87.41, 'train/efficiency': 51.69, 'train/forward_time_percent': 17.01, 'train/backward_time_percent': 33.64, 'train/optimizer_time_percent': 1.03, 'train/overhead_time_percent': 48.31, 'epoch': 0.4988344988344988}
{'loss': 1.2758, 'learning_rate': 0.0001, 'grad_norm': 0.2830045223236084, 'train/tokens_per_sec': 1638.8027511803487, 'train/step_time': 9.997542406003049, 'train/mfu': 85.07, 'train/efficiency': 53.05, 'train/forward_time_percent': 15.96, 'train/backward_time_percent': 36.1, 'train/optimizer_time_percent': 0.99, 'train/overhead_time_percent': 46.95, 'epoch': 0.5034965034965035}
{'loss': 1.2758, 'learning_rate': 0.0001, 'grad_norm': 0.2830045223236084, 'train/tokens_per_sec': 1639.0840320548389, 'train/step_time': 9.995826742000645, 'train/mfu': 83.61, 'train/efficiency': 53.94, 'train/forward_time_percent': 16.71, 'train/backward_time_percent': 36.27, 'train/optimizer_time_percent': 0.96, 'train/overhead_time_percent': 46.06, 'epoch': 0.5034965034965035}
{'loss': 1.2678, 'learning_rate': 0.0001, 'grad_norm': 0.26302123069763184, 'train/tokens_per_sec': 1638.8386464720063, 'train/step_time': 9.997323430998222, 'train/mfu': 79.7, 'train/efficiency': 56.45, 'train/forward_time_percent': 16.75, 'train/backward_time_percent': 38.81, 'train/optimizer_time_percent': 0.89, 'train/overhead_time_percent': 43.55, 'epoch': 0.5081585081585082}
{'loss': 1.2678, 'learning_rate': 0.0001, 'grad_norm': 0.26302123069763184, 'train/tokens_per_sec': 1637.968659953897, 'train/step_time': 10.002633383999637, 'train/mfu': 82.41, 'train/efficiency': 54.72, 'train/forward_time_percent': 16.57, 'train/backward_time_percent': 37.13, 'train/optimizer_time_percent': 1.02, 'train/overhead_time_percent': 45.28, 'epoch': 0.5081585081585082}
  step   110  loss   0.8649  |     5612.4 ms
{'loss': 0.8649, 'learning_rate': 0.0001, 'grad_norm': 0.24477072060108185, 'train/tokens_per_sec': 1640.3440962909149, 'train/step_time': 9.988148240998271, 'train/mfu': 85.09, 'train/efficiency': 53.13, 'train/forward_time_percent': 17.33, 'train/backward_time_percent': 34.77, 'train/optimizer_time_percent': 1.03, 'train/overhead_time_percent': 46.87, 'epoch': 0.5128205128205128}
{'loss': 0.8649, 'learning_rate': 0.0001, 'grad_norm': 0.24477072060108185, 'train/tokens_per_sec': 1639.7957301731776, 'train/step_time': 9.991488390001905, 'train/mfu': 86.75, 'train/efficiency': 52.13, 'train/forward_time_percent': 15.93, 'train/backward_time_percent': 35.15, 'train/optimizer_time_percent': 1.05, 'train/overhead_time_percent': 47.87, 'epoch': 0.5128205128205128}
{'loss': 1.6096, 'learning_rate': 0.0001, 'grad_norm': 0.2613285779953003, 'train/tokens_per_sec': 1638.4363077484732, 'train/step_time': 9.99977840000065, 'train/mfu': 85.02, 'train/efficiency': 53.11, 'train/forward_time_percent': 16.53, 'train/backward_time_percent': 35.55, 'train/optimizer_time_percent': 1.03, 'train/overhead_time_percent': 46.89, 'epoch': 0.5174825174825175}{'loss': 1.6096, 'learning_rate': 0.0001, 'grad_norm': 0.2613285779953003, 'train/tokens_per_sec': 1638.1501703045255, 'train/step_time': 10.001525071998913, 'train/mfu': 84.71, 'train/efficiency': 53.28, 'train/forward_time_percent': 16.7, 'train/backward_time_percent': 35.56, 'train/optimizer_time_percent': 1.02, 'train/overhead_time_percent': 46.72, 'epoch': 0.5174825174825175}

{'loss': 1.2205, 'learning_rate': 0.0001, 'grad_norm': 0.27680233120918274, 'train/tokens_per_sec': 1639.7322726335713, 'train/step_time': 9.991875059997255, 'train/mfu': 84.27, 'train/efficiency': 53.62, 'train/forward_time_percent': 16.61, 'train/backward_time_percent': 35.97, 'train/optimizer_time_percent': 1.03, 'train/overhead_time_percent': 46.38, 'epoch': 0.5221445221445221}
{'loss': 1.2205, 'learning_rate': 0.0001, 'grad_norm': 0.27680233120918274, 'train/tokens_per_sec': 1638.704515215981, 'train/step_time': 9.998141732001386, 'train/mfu': 87.43, 'train/efficiency': 51.65, 'train/forward_time_percent': 16.73, 'train/backward_time_percent': 33.92, 'train/optimizer_time_percent': 1.01, 'train/overhead_time_percent': 48.35, 'epoch': 0.5221445221445221}
{'loss': 1.1916, 'learning_rate': 0.0001, 'grad_norm': 0.23093613982200623, 'train/tokens_per_sec': 1638.9396100498034, 'train/step_time': 9.996707565998804, 'train/mfu': 87.14, 'train/efficiency': 51.81, 'train/forward_time_percent': 16.52, 'train/backward_time_percent': 34.31, 'train/optimizer_time_percent': 0.98, 'train/overhead_time_percent': 48.19, 'epoch': 0.5268065268065268}
{'loss': 1.1916, 'learning_rate': 0.0001, 'grad_norm': 0.23093613982200623, 'train/tokens_per_sec': 1639.354061112251, 'train/step_time': 9.994180262001464, 'train/mfu': 86.33, 'train/efficiency': 52.36, 'train/forward_time_percent': 16.95, 'train/backward_time_percent': 34.37, 'train/optimizer_time_percent': 1.05, 'train/overhead_time_percent': 47.64, 'epoch': 0.5268065268065268}
{'loss': 1.1715, 'learning_rate': 0.0001, 'grad_norm': 0.27366775274276733, 'train/tokens_per_sec': 1638.1755663433219, 'train/step_time': 10.001370022000629, 'train/mfu': 85.3, 'train/efficiency': 52.95, 'train/forward_time_percent': 16.53, 'train/backward_time_percent': 35.37, 'train/optimizer_time_percent': 1.05, 'train/overhead_time_percent': 47.05, 'epoch': 0.5314685314685315}{'loss': 1.1715, 'learning_rate': 0.0001, 'grad_norm': 0.27366775274276733, 'train/tokens_per_sec': 1638.0572830343249, 'train/step_time': 10.002092216000165, 'train/mfu': 86.11, 'train/efficiency': 52.46, 'train/forward_time_percent': 17.39, 'train/backward_time_percent': 34.02, 'train/optimizer_time_percent': 1.05, 'train/overhead_time_percent': 47.54, 'epoch': 0.5314685314685315}

{'loss': 1.3718, 'learning_rate': 0.0001, 'grad_norm': 0.2838650941848755, 'train/tokens_per_sec': 1638.5192853512945, 'train/step_time': 9.99927199299782, 'train/mfu': 83.61, 'train/efficiency': 54.01, 'train/forward_time_percent': 17.66, 'train/backward_time_percent': 35.3, 'train/optimizer_time_percent': 1.04, 'train/overhead_time_percent': 45.99, 'epoch': 0.5361305361305362}
{'loss': 1.3718, 'learning_rate': 0.0001, 'grad_norm': 0.2838650941848755, 'train/tokens_per_sec': 1638.329408972804, 'train/step_time': 10.000430872001743, 'train/mfu': 85.4, 'train/efficiency': 52.89, 'train/forward_time_percent': 17.39, 'train/backward_time_percent': 34.46, 'train/optimizer_time_percent': 1.04, 'train/overhead_time_percent': 47.11, 'epoch': 0.5361305361305362}
{'loss': 1.2484, 'learning_rate': 0.0001, 'grad_norm': 0.24552446603775024, 'train/tokens_per_sec': 1637.8367995167673, 'train/step_time': 10.0034386849984, 'train/mfu': 85.48, 'train/efficiency': 52.74, 'train/forward_time_percent': 16.71, 'train/backward_time_percent': 35.07, 'train/optimizer_time_percent': 0.96, 'train/overhead_time_percent': 47.26, 'epoch': 0.5407925407925408}
{'loss': 1.2484, 'learning_rate': 0.0001, 'grad_norm': 0.24552446603775024, 'train/tokens_per_sec': 1637.424602702157, 'train/step_time': 10.005956899000012, 'train/mfu': 85.89, 'train/efficiency': 52.53, 'train/forward_time_percent': 16.83, 'train/backward_time_percent': 34.69, 'train/optimizer_time_percent': 1.01, 'train/overhead_time_percent': 47.47, 'epoch': 0.5407925407925408}
{'loss': 1.261, 'learning_rate': 0.0001, 'grad_norm': 0.2371109426021576, 'train/tokens_per_sec': 1641.0615022632744, 'train/step_time': 9.983781824998005, 'train/mfu': 84.68, 'train/efficiency': 53.24, 'train/forward_time_percent': 16.7, 'train/backward_time_percent': 35.66, 'train/optimizer_time_percent': 0.88, 'train/overhead_time_percent': 46.76, 'epoch': 0.5454545454545454}
{'loss': 1.261, 'learning_rate': 0.0001, 'grad_norm': 0.2371109426021576, 'train/tokens_per_sec': 1640.69876992097, 'train/step_time': 9.985989079999854, 'train/mfu': 84.99, 'train/efficiency': 53.1, 'train/forward_time_percent': 16.81, 'train/backward_time_percent': 35.35, 'train/optimizer_time_percent': 0.93, 'train/overhead_time_percent': 46.9, 'epoch': 0.5454545454545454}
{'loss': 1.2372, 'learning_rate': 0.0001, 'grad_norm': 0.22738376259803772, 'train/tokens_per_sec': 1639.408822842597, 'train/step_time': 9.993846422999923, 'train/mfu': 84.47, 'train/efficiency': 53.35, 'train/forward_time_percent': 16.88, 'train/backward_time_percent': 35.57, 'train/optimizer_time_percent': 0.9, 'train/overhead_time_percent': 46.65, 'epoch': 0.5501165501165501}{'loss': 1.2372, 'learning_rate': 0.0001, 'grad_norm': 0.22738376259803772, 'train/tokens_per_sec': 1639.4695737191516, 'train/step_time': 9.993476098999963, 'train/mfu': 85.46, 'train/efficiency': 52.89, 'train/forward_time_percent': 16.4, 'train/backward_time_percent': 35.44, 'train/optimizer_time_percent': 1.05, 'train/overhead_time_percent': 47.11, 'epoch': 0.5501165501165501}

{'loss': 1.2881, 'learning_rate': 0.0001, 'grad_norm': 0.3533360958099365, 'train/tokens_per_sec': 1637.7428777798764, 'train/step_time': 10.004012364999653, 'train/mfu': 86.98, 'train/efficiency': 51.83, 'train/forward_time_percent': 16.52, 'train/backward_time_percent': 34.37, 'train/optimizer_time_percent': 0.95, 'train/overhead_time_percent': 48.17, 'epoch': 0.5547785547785548}
{'loss': 1.2881, 'learning_rate': 0.0001, 'grad_norm': 0.3533360958099365, 'train/tokens_per_sec': 1638.7518277271524, 'train/step_time': 9.997853074997693, 'train/mfu': 84.5, 'train/efficiency': 53.29, 'train/forward_time_percent': 16.87, 'train/backward_time_percent': 35.54, 'train/optimizer_time_percent': 0.88, 'train/overhead_time_percent': 46.71, 'epoch': 0.5547785547785548}
{'loss': 1.3384, 'learning_rate': 0.0001, 'grad_norm': 0.2785285413265228, 'train/tokens_per_sec': 1640.092969238618, 'train/step_time': 9.989677601999574, 'train/mfu': 85.44, 'train/efficiency': 52.75, 'train/forward_time_percent': 16.63, 'train/backward_time_percent': 35.24, 'train/optimizer_time_percent': 0.87, 'train/overhead_time_percent': 47.25, 'epoch': 0.5594405594405595}
  step   120  loss   1.3384  |     5388.1 ms
{'loss': 1.3384, 'learning_rate': 0.0001, 'grad_norm': 0.2785285413265228, 'train/tokens_per_sec': 1639.262832548775, 'train/step_time': 9.99473646000115, 'train/mfu': 88.66, 'train/efficiency': 50.86, 'train/forward_time_percent': 16.29, 'train/backward_time_percent': 33.68, 'train/optimizer_time_percent': 0.9, 'train/overhead_time_percent': 49.14, 'epoch': 0.5594405594405595}
{'loss': 1.3143, 'learning_rate': 0.0001, 'grad_norm': 0.2953754961490631, 'train/tokens_per_sec': 1636.6817167695103, 'train/step_time': 10.01049857900216, 'train/mfu': 85.88, 'train/efficiency': 52.56, 'train/forward_time_percent': 16.56, 'train/backward_time_percent': 34.95, 'train/optimizer_time_percent': 1.06, 'train/overhead_time_percent': 47.44, 'epoch': 0.5641025641025641}
{'loss': 1.3143, 'learning_rate': 0.0001, 'grad_norm': 0.2953754961490631, 'train/tokens_per_sec': 1637.0561577891146, 'train/step_time': 10.00820889500028, 'train/mfu': 85.24, 'train/efficiency': 52.95, 'train/forward_time_percent': 16.73, 'train/backward_time_percent': 35.17, 'train/optimizer_time_percent': 1.05, 'train/overhead_time_percent': 47.05, 'epoch': 0.5641025641025641}
{'loss': 1.4056, 'learning_rate': 0.0001, 'grad_norm': 0.28819629549980164, 'train/tokens_per_sec': 1636.9118647630137, 'train/step_time': 10.009091113999602, 'train/mfu': 83.31, 'train/efficiency': 54.07, 'train/forward_time_percent': 17.14, 'train/backward_time_percent': 35.96, 'train/optimizer_time_percent': 0.97, 'train/overhead_time_percent': 45.93, 'epoch': 0.5687645687645687}
{'loss': 1.4056, 'learning_rate': 0.0001, 'grad_norm': 0.28819629549980164, 'train/tokens_per_sec': 1636.7824263611092, 'train/step_time': 10.00988264300031, 'train/mfu': 87.52, 'train/efficiency': 51.63, 'train/forward_time_percent': 16.54, 'train/backward_time_percent': 34.0, 'train/optimizer_time_percent': 1.09, 'train/overhead_time_percent': 48.37, 'epoch': 0.5687645687645687}
{'loss': 1.1488, 'learning_rate': 0.0001, 'grad_norm': 0.2748498320579529, 'train/tokens_per_sec': 1637.888364131156, 'train/step_time': 10.003123752998363, 'train/mfu': 86.65, 'train/efficiency': 52.11, 'train/forward_time_percent': 16.74, 'train/backward_time_percent': 34.35, 'train/optimizer_time_percent': 1.02, 'train/overhead_time_percent': 47.89, 'epoch': 0.5734265734265734}
{'loss': 1.1488, 'learning_rate': 0.0001, 'grad_norm': 0.2748498320579529, 'train/tokens_per_sec': 1638.9897698170864, 'train/step_time': 9.996401626001898, 'train/mfu': 84.12, 'train/efficiency': 53.63, 'train/forward_time_percent': 17.01, 'train/backward_time_percent': 35.65, 'train/optimizer_time_percent': 0.98, 'train/overhead_time_percent': 46.37, 'epoch': 0.5734265734265734}
{'loss': 1.1989, 'learning_rate': 0.0001, 'grad_norm': 0.34081023931503296, 'train/tokens_per_sec': 1638.6932046565262, 'train/step_time': 9.998210740999639, 'train/mfu': 86.65, 'train/efficiency': 52.11, 'train/forward_time_percent': 16.29, 'train/backward_time_percent': 34.82, 'train/optimizer_time_percent': 1.01, 'train/overhead_time_percent': 47.89, 'epoch': 0.578088578088578}
{'loss': 1.1989, 'learning_rate': 0.0001, 'grad_norm': 0.34081023931503296, 'train/tokens_per_sec': 1639.5117529196625, 'train/step_time': 9.993218999999954, 'train/mfu': 84.49, 'train/efficiency': 53.32, 'train/forward_time_percent': 17.4, 'train/backward_time_percent': 35.04, 'train/optimizer_time_percent': 0.88, 'train/overhead_time_percent': 46.68, 'epoch': 0.578088578088578}
{'loss': 1.3275, 'learning_rate': 0.0001, 'grad_norm': 0.3089793622493744, 'train/tokens_per_sec': 1637.9824381458798, 'train/step_time': 10.00254924500041, 'train/mfu': 86.3, 'train/efficiency': 52.33, 'train/forward_time_percent': 16.27, 'train/backward_time_percent': 35.02, 'train/optimizer_time_percent': 1.04, 'train/overhead_time_percent': 47.67, 'epoch': 0.5827505827505828}
{'loss': 1.3275, 'learning_rate': 0.0001, 'grad_norm': 0.3089793622493744, 'train/tokens_per_sec': 1638.6942078803552, 'train/step_time': 9.99820462000207, 'train/mfu': 85.45, 'train/efficiency': 52.86, 'train/forward_time_percent': 16.92, 'train/backward_time_percent': 34.9, 'train/optimizer_time_percent': 1.04, 'train/overhead_time_percent': 47.14, 'epoch': 0.5827505827505828}
{'loss': 1.4006, 'learning_rate': 0.0001, 'grad_norm': 0.31009459495544434, 'train/tokens_per_sec': 1637.9505963138008, 'train/step_time': 10.00274369500039, 'train/mfu': 88.02, 'train/efficiency': 51.31, 'train/forward_time_percent': 16.87, 'train/backward_time_percent': 33.41, 'train/optimizer_time_percent': 1.03, 'train/overhead_time_percent': 48.69, 'epoch': 0.5874125874125874}
{'loss': 1.4006, 'learning_rate': 0.0001, 'grad_norm': 0.31009459495544434, 'train/tokens_per_sec': 1638.981244866968, 'train/step_time': 9.996453620999091, 'train/mfu': 82.41, 'train/efficiency': 54.63, 'train/forward_time_percent': 16.96, 'train/backward_time_percent': 36.78, 'train/optimizer_time_percent': 0.88, 'train/overhead_time_percent': 45.37, 'epoch': 0.5874125874125874}
{'loss': 1.2728, 'learning_rate': 0.0001, 'grad_norm': 0.2759045958518982, 'train/tokens_per_sec': 1636.9417868837254, 'train/step_time': 10.008908154999517, 'train/mfu': 87.0, 'train/efficiency': 51.88, 'train/forward_time_percent': 16.61, 'train/backward_time_percent': 34.23, 'train/optimizer_time_percent': 1.03, 'train/overhead_time_percent': 48.12, 'epoch': 0.5920745920745921}
{'loss': 1.2728, 'learning_rate': 0.0001, 'grad_norm': 0.2759045958518982, 'train/tokens_per_sec': 1638.2288545589886, 'train/step_time': 10.001044698001351, 'train/mfu': 83.08, 'train/efficiency': 54.17, 'train/forward_time_percent': 17.3, 'train/backward_time_percent': 35.99, 'train/optimizer_time_percent': 0.88, 'train/overhead_time_percent': 45.83, 'epoch': 0.5920745920745921}
{'loss': 1.9225, 'learning_rate': 0.0001, 'grad_norm': 0.9904741048812866, 'train/tokens_per_sec': 1637.9410905103027, 'train/step_time': 10.002801745999022, 'train/mfu': 87.35, 'train/efficiency': 51.55, 'train/forward_time_percent': 15.92, 'train/backward_time_percent': 34.75, 'train/optimizer_time_percent': 0.87, 'train/overhead_time_percent': 48.45, 'epoch': 0.5967365967365967}
{'loss': 1.9225, 'learning_rate': 0.0001, 'grad_norm': 0.9904741048812866, 'train/tokens_per_sec': 1638.8514532625666, 'train/step_time': 9.997245307000412, 'train/mfu': 83.08, 'train/efficiency': 54.18, 'train/forward_time_percent': 16.81, 'train/backward_time_percent': 36.5, 'train/optimizer_time_percent': 0.87, 'train/overhead_time_percent': 45.82, 'epoch': 0.5967365967365967}
{'loss': 1.1417, 'learning_rate': 0.0001, 'grad_norm': 0.2492157369852066, 'train/tokens_per_sec': 1637.6632868535448, 'train/step_time': 10.004498562997469, 'train/mfu': 85.41, 'train/efficiency': 52.86, 'train/forward_time_percent': 17.19, 'train/backward_time_percent': 34.61, 'train/optimizer_time_percent': 1.06, 'train/overhead_time_percent': 47.14, 'epoch': 0.6013986013986014}
{'loss': 1.1417, 'learning_rate': 0.0001, 'grad_norm': 0.2492157369852066, 'train/tokens_per_sec': 1638.019952343706, 'train/step_time': 10.002320165000128, 'train/mfu': 85.06, 'train/efficiency': 52.93, 'train/forward_time_percent': 16.76, 'train/backward_time_percent': 35.27, 'train/optimizer_time_percent': 0.9, 'train/overhead_time_percent': 47.07, 'epoch': 0.6013986013986014}
  step   130  loss   1.3646  |     5511.0 ms
{'loss': 1.3646, 'learning_rate': 0.0001, 'grad_norm': 0.2920803129673004, 'train/tokens_per_sec': 1637.3459017595926, 'train/step_time': 10.006437847001507, 'train/mfu': 86.01, 'train/efficiency': 52.49, 'train/forward_time_percent': 17.35, 'train/backward_time_percent': 34.09, 'train/optimizer_time_percent': 1.05, 'train/overhead_time_percent': 47.51, 'epoch': 0.6060606060606061}
{'loss': 1.3646, 'learning_rate': 0.0001, 'grad_norm': 0.2920803129673004, 'train/tokens_per_sec': 1637.181690753765, 'train/step_time': 10.007441502999427, 'train/mfu': 86.97, 'train/efficiency': 51.92, 'train/forward_time_percent': 16.81, 'train/backward_time_percent': 34.05, 'train/optimizer_time_percent': 1.05, 'train/overhead_time_percent': 48.08, 'epoch': 0.6060606060606061}
{'loss': 1.3295, 'learning_rate': 0.0001, 'grad_norm': 0.3038714528083801, 'train/tokens_per_sec': 1639.4881180991817, 'train/step_time': 9.993363061999844, 'train/mfu': 85.51, 'train/efficiency': 52.83, 'train/forward_time_percent': 16.53, 'train/backward_time_percent': 35.28, 'train/optimizer_time_percent': 1.02, 'train/overhead_time_percent': 47.17, 'epoch': 0.6107226107226107}
{'loss': 1.3295, 'learning_rate': 0.0001, 'grad_norm': 0.3038714528083801, 'train/tokens_per_sec': 1640.1097166286534, 'train/step_time': 9.989575596002396, 'train/mfu': 83.52, 'train/efficiency': 53.95, 'train/forward_time_percent': 17.21, 'train/backward_time_percent': 35.86, 'train/optimizer_time_percent': 0.88, 'train/overhead_time_percent': 46.05, 'epoch': 0.6107226107226107}
{'loss': 1.0615, 'learning_rate': 0.0001, 'grad_norm': 0.25027427077293396, 'train/tokens_per_sec': 1637.0370705450764, 'train/step_time': 10.008325586997671, 'train/mfu': 84.37, 'train/efficiency': 53.43, 'train/forward_time_percent': 17.49, 'train/backward_time_percent': 34.94, 'train/optimizer_time_percent': 0.99, 'train/overhead_time_percent': 46.57, 'epoch': 0.6153846153846154}{'loss': 1.0615, 'learning_rate': 0.0001, 'grad_norm': 0.25027427077293396, 'train/tokens_per_sec': 1636.8638664441667, 'train/step_time': 10.009384614000737, 'train/mfu': 84.93, 'train/efficiency': 53.09, 'train/forward_time_percent': 16.31, 'train/backward_time_percent': 35.78, 'train/optimizer_time_percent': 1.01, 'train/overhead_time_percent': 46.91, 'epoch': 0.6153846153846154}

{'loss': 1.3018, 'learning_rate': 0.0001, 'grad_norm': 0.2696745991706848, 'train/tokens_per_sec': 1638.2166127901462, 'train/step_time': 10.001119431999541, 'train/mfu': 83.99, 'train/efficiency': 53.74, 'train/forward_time_percent': 16.73, 'train/backward_time_percent': 35.98, 'train/optimizer_time_percent': 1.03, 'train/overhead_time_percent': 46.26, 'epoch': 0.62004662004662}
{'loss': 1.3018, 'learning_rate': 0.0001, 'grad_norm': 0.2696745991706848, 'train/tokens_per_sec': 1636.8602960379746, 'train/step_time': 10.009406446999492, 'train/mfu': 85.87, 'train/efficiency': 52.42, 'train/forward_time_percent': 16.55, 'train/backward_time_percent': 34.96, 'train/optimizer_time_percent': 0.91, 'train/overhead_time_percent': 47.58, 'epoch': 0.62004662004662}
{'loss': 1.4485, 'learning_rate': 0.0001, 'grad_norm': 0.254840224981308, 'train/tokens_per_sec': 1640.022230777336, 'train/step_time': 9.990108483001677, 'train/mfu': 85.16, 'train/efficiency': 52.93, 'train/forward_time_percent': 17.17, 'train/backward_time_percent': 34.88, 'train/optimizer_time_percent': 0.89, 'train/overhead_time_percent': 47.07, 'epoch': 0.6247086247086248}
{'loss': 1.4485, 'learning_rate': 0.0001, 'grad_norm': 0.254840224981308, 'train/tokens_per_sec': 1639.6525776620426, 'train/step_time': 9.99236071300038, 'train/mfu': 86.66, 'train/efficiency': 52.17, 'train/forward_time_percent': 16.41, 'train/backward_time_percent': 34.73, 'train/optimizer_time_percent': 1.04, 'train/overhead_time_percent': 47.83, 'epoch': 0.6247086247086248}
{'loss': 1.1628, 'learning_rate': 0.0001, 'grad_norm': 0.2419382631778717, 'train/tokens_per_sec': 1639.295567496089, 'train/step_time': 9.994536875998165, 'train/mfu': 84.06, 'train/efficiency': 53.66, 'train/forward_time_percent': 16.42, 'train/backward_time_percent': 36.28, 'train/optimizer_time_percent': 0.96, 'train/overhead_time_percent': 46.34, 'epoch': 0.6293706293706294}
{'loss': 1.1628, 'learning_rate': 0.0001, 'grad_norm': 0.2419382631778717, 'train/tokens_per_sec': 1638.4141203440236, 'train/step_time': 9.99991381700238, 'train/mfu': 86.14, 'train/efficiency': 52.41, 'train/forward_time_percent': 16.84, 'train/backward_time_percent': 34.55, 'train/optimizer_time_percent': 1.01, 'train/overhead_time_percent': 47.59, 'epoch': 0.6293706293706294}
{'loss': 1.1411, 'learning_rate': 0.0001, 'grad_norm': 0.27819734811782837, 'train/tokens_per_sec': 1639.271159019517, 'train/step_time': 9.994685693000065, 'train/mfu': 87.17, 'train/efficiency': 51.74, 'train/forward_time_percent': 16.71, 'train/backward_time_percent': 34.11, 'train/optimizer_time_percent': 0.92, 'train/overhead_time_percent': 48.26, 'epoch': 0.634032634032634}
{'loss': 1.1411, 'learning_rate': 0.0001, 'grad_norm': 0.27819734811782837, 'train/tokens_per_sec': 1639.6832730262547, 'train/step_time': 9.992173653001373, 'train/mfu': 82.78, 'train/efficiency': 54.44, 'train/forward_time_percent': 17.74, 'train/backward_time_percent': 35.79, 'train/optimizer_time_percent': 0.91, 'train/overhead_time_percent': 45.56, 'epoch': 0.634032634032634}
{'loss': 1.2825, 'learning_rate': 0.0001, 'grad_norm': 0.25697043538093567, 'train/tokens_per_sec': 1636.4807313074703, 'train/step_time': 10.011728024997865, 'train/mfu': 82.7, 'train/efficiency': 54.37, 'train/forward_time_percent': 17.31, 'train/backward_time_percent': 36.16, 'train/optimizer_time_percent': 0.89, 'train/overhead_time_percent': 45.63, 'epoch': 0.6386946386946387}
{'loss': 1.2825, 'learning_rate': 0.0001, 'grad_norm': 0.25697043538093567, 'train/tokens_per_sec': 1636.2714577465845, 'train/step_time': 10.013008491001528, 'train/mfu': 85.28, 'train/efficiency': 52.78, 'train/forward_time_percent': 16.51, 'train/backward_time_percent': 35.34, 'train/optimizer_time_percent': 0.93, 'train/overhead_time_percent': 47.22, 'epoch': 0.6386946386946387}
{'loss': 1.3041, 'learning_rate': 0.0001, 'grad_norm': 0.2627214193344116, 'train/tokens_per_sec': 1638.7910991347778, 'train/step_time': 9.997613489998912, 'train/mfu': 82.5, 'train/efficiency': 54.6, 'train/forward_time_percent': 17.58, 'train/backward_time_percent': 36.1, 'train/optimizer_time_percent': 0.91, 'train/overhead_time_percent': 45.4, 'epoch': 0.6433566433566433}{'loss': 1.3041, 'learning_rate': 0.0001, 'grad_norm': 0.2627214193344116, 'train/tokens_per_sec': 1638.604409673677, 'train/step_time': 9.99875253799837, 'train/mfu': 86.19, 'train/efficiency': 52.31, 'train/forward_time_percent': 16.48, 'train/backward_time_percent': 34.89, 'train/optimizer_time_percent': 0.94, 'train/overhead_time_percent': 47.69, 'epoch': 0.6433566433566433}

{'loss': 1.2296, 'learning_rate': 0.0001, 'grad_norm': 0.3144996166229248, 'train/tokens_per_sec': 1635.8639997077182, 'train/step_time': 10.015502513000683, 'train/mfu': 84.47, 'train/efficiency': 53.41, 'train/forward_time_percent': 17.45, 'train/backward_time_percent': 34.89, 'train/optimizer_time_percent': 1.07, 'train/overhead_time_percent': 46.59, 'epoch': 0.6480186480186481}
{'loss': 1.2296, 'learning_rate': 0.0001, 'grad_norm': 0.3144996166229248, 'train/tokens_per_sec': 1635.3002251370588, 'train/step_time': 10.01895538700046, 'train/mfu': 82.38, 'train/efficiency': 54.54, 'train/forward_time_percent': 17.2, 'train/backward_time_percent': 36.44, 'train/optimizer_time_percent': 0.9, 'train/overhead_time_percent': 45.46, 'epoch': 0.6480186480186481}
{'loss': 1.4143, 'learning_rate': 0.0001, 'grad_norm': 0.2970257103443146, 'train/tokens_per_sec': 1637.2485183690083, 'train/step_time': 10.007033029000013, 'train/mfu': 82.37, 'train/efficiency': 54.65, 'train/forward_time_percent': 17.38, 'train/backward_time_percent': 36.33, 'train/optimizer_time_percent': 0.94, 'train/overhead_time_percent': 45.35, 'epoch': 0.6526806526806527}
  step   140  loss   1.4143  |     5641.1 ms
{'loss': 1.4143, 'learning_rate': 0.0001, 'grad_norm': 0.2970257103443146, 'train/tokens_per_sec': 1636.7684861954215, 'train/step_time': 10.00996789599958, 'train/mfu': 85.2, 'train/efficiency': 53.03, 'train/forward_time_percent': 17.46, 'train/backward_time_percent': 34.45, 'train/optimizer_time_percent': 1.12, 'train/overhead_time_percent': 46.97, 'epoch': 0.6526806526806527}
{'loss': 1.0626, 'learning_rate': 0.0001, 'grad_norm': 0.30029240250587463, 'train/tokens_per_sec': 1638.9182959472143, 'train/step_time': 9.99683757299863, 'train/mfu': 82.16, 'train/efficiency': 54.82, 'train/forward_time_percent': 17.4, 'train/backward_time_percent': 36.51, 'train/optimizer_time_percent': 0.91, 'train/overhead_time_percent': 45.18, 'epoch': 0.6573426573426573}
{'loss': 1.0626, 'learning_rate': 0.0001, 'grad_norm': 0.30029240250587463, 'train/tokens_per_sec': 1638.8866270674725, 'train/step_time': 9.997030745998927, 'train/mfu': 84.87, 'train/efficiency': 53.19, 'train/forward_time_percent': 17.2, 'train/backward_time_percent': 34.98, 'train/optimizer_time_percent': 1.0, 'train/overhead_time_percent': 46.81, 'epoch': 0.6573426573426573}
{'loss': 1.8793, 'learning_rate': 0.0001, 'grad_norm': 1.2460949420928955, 'train/tokens_per_sec': 1635.4862473042306, 'train/step_time': 10.017815818999225, 'train/mfu': 81.04, 'train/efficiency': 55.44, 'train/forward_time_percent': 17.96, 'train/backward_time_percent': 36.58, 'train/optimizer_time_percent': 0.9, 'train/overhead_time_percent': 44.56, 'epoch': 0.662004662004662}{'loss': 1.8793, 'learning_rate': 0.0001, 'grad_norm': 1.2460949420928955, 'train/tokens_per_sec': 1635.5638803838642, 'train/step_time': 10.017340317001072, 'train/mfu': 87.89, 'train/efficiency': 51.34, 'train/forward_time_percent': 16.11, 'train/backward_time_percent': 34.18, 'train/optimizer_time_percent': 1.06, 'train/overhead_time_percent': 48.66, 'epoch': 0.662004662004662}

{'loss': 1.2471, 'learning_rate': 0.0001, 'grad_norm': 0.28969815373420715, 'train/tokens_per_sec': 1635.513612702602, 'train/step_time': 10.017648200999247, 'train/mfu': 84.92, 'train/efficiency': 53.06, 'train/forward_time_percent': 16.99, 'train/backward_time_percent': 35.05, 'train/optimizer_time_percent': 1.01, 'train/overhead_time_percent': 46.94, 'epoch': 0.6666666666666666}
{'loss': 1.2471, 'learning_rate': 0.0001, 'grad_norm': 0.28969815373420715, 'train/tokens_per_sec': 1635.8729523757574, 'train/step_time': 10.015447701000085, 'train/mfu': 83.4, 'train/efficiency': 54.05, 'train/forward_time_percent': 18.09, 'train/backward_time_percent': 34.91, 'train/optimizer_time_percent': 1.05, 'train/overhead_time_percent': 45.95, 'epoch': 0.6666666666666666}
{'loss': 1.2755, 'learning_rate': 0.0001, 'grad_norm': 0.25345414876937866, 'train/tokens_per_sec': 1635.9677279256578, 'train/step_time': 10.014867481997499, 'train/mfu': 84.68, 'train/efficiency': 53.23, 'train/forward_time_percent': 17.19, 'train/backward_time_percent': 35.02, 'train/optimizer_time_percent': 1.02, 'train/overhead_time_percent': 46.77, 'epoch': 0.6713286713286714}{'loss': 1.2755, 'learning_rate': 0.0001, 'grad_norm': 0.25345414876937866, 'train/tokens_per_sec': 1636.1996952628124, 'train/step_time': 10.013447653996991, 'train/mfu': 83.71, 'train/efficiency': 53.88, 'train/forward_time_percent': 17.83, 'train/backward_time_percent': 34.99, 'train/optimizer_time_percent': 1.06, 'train/overhead_time_percent': 46.12, 'epoch': 0.6713286713286714}

{'loss': 1.2856, 'learning_rate': 0.0001, 'grad_norm': 0.3181767463684082, 'train/tokens_per_sec': 1636.0295711510955, 'train/step_time': 10.01448891200198, 'train/mfu': 81.18, 'train/efficiency': 55.36, 'train/forward_time_percent': 17.91, 'train/backward_time_percent': 36.55, 'train/optimizer_time_percent': 0.9, 'train/overhead_time_percent': 44.64, 'epoch': 0.675990675990676}
{'loss': 1.2856, 'learning_rate': 0.0001, 'grad_norm': 0.3181767463684082, 'train/tokens_per_sec': 1635.5091399554387, 'train/step_time': 10.017675596998743, 'train/mfu': 84.02, 'train/efficiency': 53.53, 'train/forward_time_percent': 16.57, 'train/backward_time_percent': 36.03, 'train/optimizer_time_percent': 0.92, 'train/overhead_time_percent': 46.47, 'epoch': 0.675990675990676}
{'loss': 1.171, 'learning_rate': 0.0001, 'grad_norm': 0.30418136715888977, 'train/tokens_per_sec': 1636.111726612987, 'train/step_time': 10.013986046000355, 'train/mfu': 84.55, 'train/efficiency': 53.35, 'train/forward_time_percent': 17.03, 'train/backward_time_percent': 35.27, 'train/optimizer_time_percent': 1.05, 'train/overhead_time_percent': 46.65, 'epoch': 0.6806526806526807}
{'loss': 1.171, 'learning_rate': 0.0001, 'grad_norm': 0.30418136715888977, 'train/tokens_per_sec': 1635.9681965877253, 'train/step_time': 10.0148646130001, 'train/mfu': 83.61, 'train/efficiency': 53.77, 'train/forward_time_percent': 17.29, 'train/backward_time_percent': 35.59, 'train/optimizer_time_percent': 0.9, 'train/overhead_time_percent': 46.23, 'epoch': 0.6806526806526807}
{'loss': 1.3221, 'learning_rate': 0.0001, 'grad_norm': 0.3443711996078491, 'train/tokens_per_sec': 1638.2416415016378, 'train/step_time': 10.000966636998783, 'train/mfu': 82.38, 'train/efficiency': 54.77, 'train/forward_time_percent': 17.27, 'train/backward_time_percent': 36.48, 'train/optimizer_time_percent': 1.03, 'train/overhead_time_percent': 45.23, 'epoch': 0.6853146853146853}
{'loss': 1.3221, 'learning_rate': 0.0001, 'grad_norm': 0.3443711996078491, 'train/tokens_per_sec': 1637.9799634613748, 'train/step_time': 10.002564357000665, 'train/mfu': 84.56, 'train/efficiency': 53.39, 'train/forward_time_percent': 17.19, 'train/backward_time_percent': 35.15, 'train/optimizer_time_percent': 1.05, 'train/overhead_time_percent': 46.61, 'epoch': 0.6853146853146853}
{'loss': 1.2451, 'learning_rate': 0.0001, 'grad_norm': 0.3012627363204956, 'train/tokens_per_sec': 1638.1231285243446, 'train/step_time': 10.001690174998657, 'train/mfu': 85.47, 'train/efficiency': 52.8, 'train/forward_time_percent': 17.02, 'train/backward_time_percent': 34.78, 'train/optimizer_time_percent': 1.0, 'train/overhead_time_percent': 47.2, 'epoch': 0.6899766899766899}
{'loss': 1.2451, 'learning_rate': 0.0001, 'grad_norm': 0.3012627363204956, 'train/tokens_per_sec': 1639.2680945823618, 'train/step_time': 9.994704377000744, 'train/mfu': 81.96, 'train/efficiency': 55.1, 'train/forward_time_percent': 16.45, 'train/backward_time_percent': 37.6, 'train/optimizer_time_percent': 1.05, 'train/overhead_time_percent': 44.9, 'epoch': 0.6899766899766899}
{'loss': 1.3671, 'learning_rate': 0.0001, 'grad_norm': 0.28453493118286133, 'train/tokens_per_sec': 1638.01882089929, 'train/step_time': 10.002327073998458, 'train/mfu': 83.2, 'train/efficiency': 54.07, 'train/forward_time_percent': 17.06, 'train/backward_time_percent': 36.13, 'train/optimizer_time_percent': 0.87, 'train/overhead_time_percent': 45.93, 'epoch': 0.6946386946386947}
{'loss': 1.3671, 'learning_rate': 0.0001, 'grad_norm': 0.28453493118286133, 'train/tokens_per_sec': 1637.6333792716516, 'train/step_time': 10.004681271999289, 'train/mfu': 85.52, 'train/efficiency': 52.81, 'train/forward_time_percent': 16.74, 'train/backward_time_percent': 35.01, 'train/optimizer_time_percent': 1.07, 'train/overhead_time_percent': 47.19, 'epoch': 0.6946386946386947}
{'loss': 1.2437, 'learning_rate': 0.0001, 'grad_norm': 0.2866671681404114, 'train/tokens_per_sec': 1639.138209988215, 'train/step_time': 9.995496352999908, 'train/mfu': 82.14, 'train/efficiency': 54.97, 'train/forward_time_percent': 16.82, 'train/backward_time_percent': 37.11, 'train/optimizer_time_percent': 1.05, 'train/overhead_time_percent': 45.03, 'epoch': 0.6993006993006993}
  step   150  loss   1.2437  |     5585.1 ms
{'loss': 1.2437, 'learning_rate': 0.0001, 'grad_norm': 0.2866671681404114, 'train/tokens_per_sec': 1638.757867190207, 'train/step_time': 9.997816229002638, 'train/mfu': 85.81, 'train/efficiency': 52.66, 'train/forward_time_percent': 16.92, 'train/backward_time_percent': 34.69, 'train/optimizer_time_percent': 1.05, 'train/overhead_time_percent': 47.34, 'epoch': 0.6993006993006993}
{'loss': 1.1245, 'learning_rate': 0.0001, 'grad_norm': 0.22157546877861023, 'train/tokens_per_sec': 1637.5029879808694, 'train/step_time': 10.005477925999003, 'train/mfu': 84.77, 'train/efficiency': 53.19, 'train/forward_time_percent': 16.89, 'train/backward_time_percent': 35.32, 'train/optimizer_time_percent': 0.99, 'train/overhead_time_percent': 46.81, 'epoch': 0.703962703962704}
{'loss': 1.1245, 'learning_rate': 0.0001, 'grad_norm': 0.22157546877861023, 'train/tokens_per_sec': 1637.8292731671609, 'train/step_time': 10.003484654000204, 'train/mfu': 84.07, 'train/efficiency': 53.69, 'train/forward_time_percent': 17.36, 'train/backward_time_percent': 35.29, 'train/optimizer_time_percent': 1.05, 'train/overhead_time_percent': 46.31, 'epoch': 0.703962703962704}
{'loss': 1.2707, 'learning_rate': 0.0001, 'grad_norm': 0.24652841687202454, 'train/tokens_per_sec': 1637.8551042779504, 'train/step_time': 10.003326886002469, 'train/mfu': 87.58, 'train/efficiency': 51.56, 'train/forward_time_percent': 16.5, 'train/backward_time_percent': 34.04, 'train/optimizer_time_percent': 1.02, 'train/overhead_time_percent': 48.44, 'epoch': 0.7086247086247086}{'loss': 1.2707, 'learning_rate': 0.0001, 'grad_norm': 0.24652841687202454, 'train/tokens_per_sec': 1638.1190928807719, 'train/step_time': 10.001714815000014, 'train/mfu': 83.9, 'train/efficiency': 53.65, 'train/forward_time_percent': 17.37, 'train/backward_time_percent': 35.39, 'train/optimizer_time_percent': 0.89, 'train/overhead_time_percent': 46.35, 'epoch': 0.7086247086247086}

{'loss': 1.1224, 'learning_rate': 0.0001, 'grad_norm': 0.27814748883247375, 'train/tokens_per_sec': 1636.5620885682272, 'train/step_time': 10.011230318999878, 'train/mfu': 80.6, 'train/efficiency': 55.92, 'train/forward_time_percent': 17.9, 'train/backward_time_percent': 36.97, 'train/optimizer_time_percent': 1.05, 'train/overhead_time_percent': 44.08, 'epoch': 0.7132867132867133}
{'loss': 1.1224, 'learning_rate': 0.0001, 'grad_norm': 0.27814748883247375, 'train/tokens_per_sec': 1635.6650806405976, 'train/step_time': 10.016720534000342, 'train/mfu': 82.92, 'train/efficiency': 54.33, 'train/forward_time_percent': 17.33, 'train/backward_time_percent': 35.98, 'train/optimizer_time_percent': 1.02, 'train/overhead_time_percent': 45.67, 'epoch': 0.7132867132867133}
{'loss': 1.421, 'learning_rate': 0.0001, 'grad_norm': 0.27663129568099976, 'train/tokens_per_sec': 1637.3636900882566, 'train/step_time': 10.006329137002467, 'train/mfu': 83.44, 'train/efficiency': 54.08, 'train/forward_time_percent': 17.14, 'train/backward_time_percent': 35.89, 'train/optimizer_time_percent': 1.05, 'train/overhead_time_percent': 45.92, 'epoch': 0.717948717948718}{'loss': 1.421, 'learning_rate': 0.0001, 'grad_norm': 0.27663129568099976, 'train/tokens_per_sec': 1637.1108496948475, 'train/step_time': 10.007874544997321, 'train/mfu': 86.28, 'train/efficiency': 52.21, 'train/forward_time_percent': 16.87, 'train/backward_time_percent': 34.4, 'train/optimizer_time_percent': 0.94, 'train/overhead_time_percent': 47.79, 'epoch': 0.717948717948718}

{'loss': 1.4118, 'learning_rate': 0.0001, 'grad_norm': 0.25138118863105774, 'train/tokens_per_sec': 1638.432423267053, 'train/step_time': 9.99980210799913, 'train/mfu': 84.2, 'train/efficiency': 53.48, 'train/forward_time_percent': 17.24, 'train/backward_time_percent': 35.34, 'train/optimizer_time_percent': 0.9, 'train/overhead_time_percent': 46.52, 'epoch': 0.7226107226107226}
{'loss': 1.4118, 'learning_rate': 0.0001, 'grad_norm': 0.25138118863105774, 'train/tokens_per_sec': 1638.2277537846585, 'train/step_time': 10.001051418003044, 'train/mfu': 84.8, 'train/efficiency': 53.26, 'train/forward_time_percent': 16.78, 'train/backward_time_percent': 35.43, 'train/optimizer_time_percent': 1.05, 'train/overhead_time_percent': 46.74, 'epoch': 0.7226107226107226}
{'loss': 1.3687, 'learning_rate': 0.0001, 'grad_norm': 0.31614500284194946, 'train/tokens_per_sec': 1636.94541145322, 'train/step_time': 10.008885993000149, 'train/mfu': 83.46, 'train/efficiency': 53.89, 'train/forward_time_percent': 17.04, 'train/backward_time_percent': 35.96, 'train/optimizer_time_percent': 0.88, 'train/overhead_time_percent': 46.11, 'epoch': 0.7272727272727273}{'loss': 1.3687, 'learning_rate': 0.0001, 'grad_norm': 0.31614500284194946, 'train/tokens_per_sec': 1636.4936662024775, 'train/step_time': 10.011648891999357, 'train/mfu': 86.41, 'train/efficiency': 52.2, 'train/forward_time_percent': 16.34, 'train/backward_time_percent': 34.84, 'train/optimizer_time_percent': 1.02, 'train/overhead_time_percent': 47.8, 'epoch': 0.7272727272727273}

{'loss': 1.2015, 'learning_rate': 0.0001, 'grad_norm': 0.26277968287467957, 'train/tokens_per_sec': 1637.6160725304687, 'train/step_time': 10.004787004003447, 'train/mfu': 85.6, 'train/efficiency': 52.76, 'train/forward_time_percent': 17.25, 'train/backward_time_percent': 34.45, 'train/optimizer_time_percent': 1.06, 'train/overhead_time_percent': 47.24, 'epoch': 0.7319347319347319}
{'loss': 1.2015, 'learning_rate': 0.0001, 'grad_norm': 0.26277968287467957, 'train/tokens_per_sec': 1637.671656175823, 'train/step_time': 10.004447434999747, 'train/mfu': 85.64, 'train/efficiency': 52.58, 'train/forward_time_percent': 16.97, 'train/backward_time_percent': 34.7, 'train/optimizer_time_percent': 0.91, 'train/overhead_time_percent': 47.42, 'epoch': 0.7319347319347319}
{'loss': 1.1505, 'learning_rate': 0.0001, 'grad_norm': 0.2392524778842926, 'train/tokens_per_sec': 1638.2467456208708, 'train/step_time': 10.000935478001338, 'train/mfu': 87.43, 'train/efficiency': 51.67, 'train/forward_time_percent': 16.47, 'train/backward_time_percent': 34.17, 'train/optimizer_time_percent': 1.03, 'train/overhead_time_percent': 48.33, 'epoch': 0.7365967365967366}
{'loss': 1.1505, 'learning_rate': 0.0001, 'grad_norm': 0.2392524778842926, 'train/tokens_per_sec': 1639.1599732455934, 'train/step_time': 9.995363641999575, 'train/mfu': 83.07, 'train/efficiency': 54.22, 'train/forward_time_percent': 16.95, 'train/backward_time_percent': 36.37, 'train/optimizer_time_percent': 0.9, 'train/overhead_time_percent': 45.78, 'epoch': 0.7365967365967366}
{'loss': 1.281, 'learning_rate': 0.0001, 'grad_norm': 0.2324477881193161, 'train/tokens_per_sec': 1640.0847480274979, 'train/step_time': 9.98972767700252, 'train/mfu': 85.39, 'train/efficiency': 52.94, 'train/forward_time_percent': 17.19, 'train/backward_time_percent': 34.72, 'train/optimizer_time_percent': 1.03, 'train/overhead_time_percent': 47.06, 'epoch': 0.7412587412587412}
{'loss': 1.281, 'learning_rate': 0.0001, 'grad_norm': 0.2324477881193161, 'train/tokens_per_sec': 1640.0652715988624, 'train/step_time': 9.989846308999404, 'train/mfu': 86.77, 'train/efficiency': 52.06, 'train/forward_time_percent': 16.45, 'train/backward_time_percent': 34.63, 'train/optimizer_time_percent': 0.98, 'train/overhead_time_percent': 47.94, 'epoch': 0.7412587412587412}
{'loss': 1.1308, 'learning_rate': 0.0001, 'grad_norm': 0.27312415838241577, 'train/tokens_per_sec': 1636.9952675139043, 'train/step_time': 10.008581164001953, 'train/mfu': 84.62, 'train/efficiency': 53.19, 'train/forward_time_percent': 16.84, 'train/backward_time_percent': 35.44, 'train/optimizer_time_percent': 0.91, 'train/overhead_time_percent': 46.81, 'epoch': 0.745920745920746}
  step   160  loss   1.1308  |     5558.2 ms
{'loss': 1.1308, 'learning_rate': 0.0001, 'grad_norm': 0.27312415838241577, 'train/tokens_per_sec': 1637.3935451107334, 'train/step_time': 10.006146689000161, 'train/mfu': 85.86, 'train/efficiency': 52.48, 'train/forward_time_percent': 16.51, 'train/backward_time_percent': 35.03, 'train/optimizer_time_percent': 0.94, 'train/overhead_time_percent': 47.52, 'epoch': 0.745920745920746}
{'loss': 1.3997, 'learning_rate': 0.0001, 'grad_norm': 0.30876633524894714, 'train/tokens_per_sec': 1639.2877031423493, 'train/step_time': 9.994584824002231, 'train/mfu': 84.79, 'train/efficiency': 53.15, 'train/forward_time_percent': 16.89, 'train/backward_time_percent': 35.36, 'train/optimizer_time_percent': 0.9, 'train/overhead_time_percent': 46.85, 'epoch': 0.7505827505827506}
{'loss': 1.3997, 'learning_rate': 0.0001, 'grad_norm': 0.30876633524894714, 'train/tokens_per_sec': 1638.4886648480265, 'train/step_time': 9.999458861999301, 'train/mfu': 86.65, 'train/efficiency': 52.13, 'train/forward_time_percent': 16.67, 'train/backward_time_percent': 34.44, 'train/optimizer_time_percent': 1.03, 'train/overhead_time_percent': 47.87, 'epoch': 0.7505827505827506}
{'loss': 1.1467, 'learning_rate': 0.0001, 'grad_norm': 0.24147886037826538, 'train/tokens_per_sec': 1633.5764579311665, 'train/step_time': 10.029527494996728, 'train/mfu': 84.25, 'train/efficiency': 53.34, 'train/forward_time_percent': 17.6, 'train/backward_time_percent': 34.79, 'train/optimizer_time_percent': 0.95, 'train/overhead_time_percent': 46.66, 'epoch': 0.7552447552447552}
{'loss': 1.1467, 'learning_rate': 0.0001, 'grad_norm': 0.24147886037826538, 'train/tokens_per_sec': 1634.1780886514794, 'train/step_time': 10.025835075000941, 'train/mfu': 83.59, 'train/efficiency': 53.86, 'train/forward_time_percent': 17.04, 'train/backward_time_percent': 35.79, 'train/optimizer_time_percent': 1.03, 'train/overhead_time_percent': 46.14, 'epoch': 0.7552447552447552}
{'loss': 1.2287, 'learning_rate': 0.0001, 'grad_norm': 0.24452219903469086, 'train/tokens_per_sec': 1635.6027512847038, 'train/step_time': 10.01710224999988, 'train/mfu': 87.57, 'train/efficiency': 51.36, 'train/forward_time_percent': 16.65, 'train/backward_time_percent': 33.82, 'train/optimizer_time_percent': 0.89, 'train/overhead_time_percent': 48.64, 'epoch': 0.7599067599067599}
{'loss': 1.2287, 'learning_rate': 0.0001, 'grad_norm': 0.24452219903469086, 'train/tokens_per_sec': 1636.2258107948949, 'train/step_time': 10.013287830999616, 'train/mfu': 85.26, 'train/efficiency': 52.77, 'train/forward_time_percent': 17.42, 'train/backward_time_percent': 34.43, 'train/optimizer_time_percent': 0.91, 'train/overhead_time_percent': 47.23, 'epoch': 0.7599067599067599}
{'loss': 1.1976, 'learning_rate': 0.0001, 'grad_norm': 0.32327643036842346, 'train/tokens_per_sec': 1636.7638345661799, 'train/step_time': 10.009996344000683, 'train/mfu': 83.59, 'train/efficiency': 53.8, 'train/forward_time_percent': 16.87, 'train/backward_time_percent': 36.05, 'train/optimizer_time_percent': 0.88, 'train/overhead_time_percent': 46.2, 'epoch': 0.7645687645687645}
{'loss': 1.1976, 'learning_rate': 0.0001, 'grad_norm': 0.32327643036842346, 'train/tokens_per_sec': 1636.452529521248, 'train/step_time': 10.011900561999937, 'train/mfu': 87.68, 'train/efficiency': 51.46, 'train/forward_time_percent': 16.52, 'train/backward_time_percent': 33.92, 'train/optimizer_time_percent': 1.03, 'train/overhead_time_percent': 48.54, 'epoch': 0.7645687645687645}
{'loss': 1.3498, 'learning_rate': 0.0001, 'grad_norm': 0.26700249314308167, 'train/tokens_per_sec': 1637.2263251662923, 'train/step_time': 10.007168677999289, 'train/mfu': 83.59, 'train/efficiency': 53.98, 'train/forward_time_percent': 16.83, 'train/backward_time_percent': 36.1, 'train/optimizer_time_percent': 1.05, 'train/overhead_time_percent': 46.02, 'epoch': 0.7692307692307693}
{'loss': 1.3498, 'learning_rate': 0.0001, 'grad_norm': 0.26700249314308167, 'train/tokens_per_sec': 1637.3188827623824, 'train/step_time': 10.006602973000554, 'train/mfu': 86.28, 'train/efficiency': 52.29, 'train/forward_time_percent': 17.18, 'train/backward_time_percent': 34.1, 'train/optimizer_time_percent': 1.01, 'train/overhead_time_percent': 47.71, 'epoch': 0.7692307692307693}
{'loss': 1.1264, 'learning_rate': 0.0001, 'grad_norm': 0.2681218683719635, 'train/tokens_per_sec': 1638.7654378100476, 'train/step_time': 9.997770041998592, 'train/mfu': 84.52, 'train/efficiency': 53.45, 'train/forward_time_percent': 16.97, 'train/backward_time_percent': 35.43, 'train/optimizer_time_percent': 1.05, 'train/overhead_time_percent': 46.55, 'epoch': 0.7738927738927739}
{'loss': 1.1264, 'learning_rate': 0.0001, 'grad_norm': 0.2681218683719635, 'train/tokens_per_sec': 1638.465167166894, 'train/step_time': 9.999602266998409, 'train/mfu': 85.24, 'train/efficiency': 52.91, 'train/forward_time_percent': 16.5, 'train/backward_time_percent': 35.44, 'train/optimizer_time_percent': 0.96, 'train/overhead_time_percent': 47.09, 'epoch': 0.7738927738927739}
{'loss': 1.3931, 'learning_rate': 0.0001, 'grad_norm': 0.3060978651046753, 'train/tokens_per_sec': 1638.069868313139, 'train/step_time': 10.002015369998844, 'train/mfu': 82.59, 'train/efficiency': 54.48, 'train/forward_time_percent': 16.62, 'train/backward_time_percent': 36.98, 'train/optimizer_time_percent': 0.88, 'train/overhead_time_percent': 45.52, 'epoch': 0.7785547785547785}{'loss': 1.3931, 'learning_rate': 0.0001, 'grad_norm': 0.3060978651046753, 'train/tokens_per_sec': 1637.9810709438054, 'train/step_time': 10.0025575940017, 'train/mfu': 81.88, 'train/efficiency': 55.12, 'train/forward_time_percent': 16.98, 'train/backward_time_percent': 37.08, 'train/optimizer_time_percent': 1.05, 'train/overhead_time_percent': 44.88, 'epoch': 0.7785547785547785}

{'loss': 1.2659, 'learning_rate': 0.0001, 'grad_norm': 0.32231664657592773, 'train/tokens_per_sec': 1635.4305825444821, 'train/step_time': 10.018156793001253, 'train/mfu': 84.92, 'train/efficiency': 53.03, 'train/forward_time_percent': 17.23, 'train/backward_time_percent': 34.81, 'train/optimizer_time_percent': 0.98, 'train/overhead_time_percent': 46.97, 'epoch': 0.7832167832167832}{'loss': 1.2659, 'learning_rate': 0.0001, 'grad_norm': 0.32231664657592773, 'train/tokens_per_sec': 1636.0724961081842, 'train/step_time': 10.014226166000299, 'train/mfu': 84.16, 'train/efficiency': 53.43, 'train/forward_time_percent': 17.4, 'train/backward_time_percent': 35.13, 'train/optimizer_time_percent': 0.89, 'train/overhead_time_percent': 46.57, 'epoch': 0.7832167832167832}

{'loss': 1.4652, 'learning_rate': 0.0001, 'grad_norm': 0.2779588997364044, 'train/tokens_per_sec': 1637.0853737878936, 'train/step_time': 10.008030285000132, 'train/mfu': 84.45, 'train/efficiency': 53.43, 'train/forward_time_percent': 17.07, 'train/backward_time_percent': 35.32, 'train/optimizer_time_percent': 1.05, 'train/overhead_time_percent': 46.57, 'epoch': 0.7878787878787878}
{'loss': 1.4652, 'learning_rate': 0.0001, 'grad_norm': 0.2779588997364044, 'train/tokens_per_sec': 1637.4952165915922, 'train/step_time': 10.005525411001145, 'train/mfu': 83.86, 'train/efficiency': 53.66, 'train/forward_time_percent': 17.17, 'train/backward_time_percent': 35.6, 'train/optimizer_time_percent': 0.9, 'train/overhead_time_percent': 46.34, 'epoch': 0.7878787878787878}
  step   170  loss   1.1223  |     5615.0 ms
{'loss': 1.1223, 'learning_rate': 0.0001, 'grad_norm': 0.2396366447210312, 'train/tokens_per_sec': 1637.292016985468, 'train/step_time': 10.006767168000806, 'train/mfu': 85.76, 'train/efficiency': 52.6, 'train/forward_time_percent': 16.92, 'train/backward_time_percent': 34.68, 'train/optimizer_time_percent': 1.01, 'train/overhead_time_percent': 47.4, 'epoch': 0.7925407925407926}{'loss': 1.1223, 'learning_rate': 0.0001, 'grad_norm': 0.2396366447210312, 'train/tokens_per_sec': 1637.594591186912, 'train/step_time': 10.004918242997519, 'train/mfu': 85.41, 'train/efficiency': 52.84, 'train/forward_time_percent': 16.28, 'train/backward_time_percent': 35.53, 'train/optimizer_time_percent': 1.03, 'train/overhead_time_percent': 47.16, 'epoch': 0.7925407925407926}

{'loss': 1.3129, 'learning_rate': 0.0001, 'grad_norm': 0.2763415575027466, 'train/tokens_per_sec': 1638.5865801188786, 'train/step_time': 9.998861334999674, 'train/mfu': 86.25, 'train/efficiency': 52.35, 'train/forward_time_percent': 17.22, 'train/backward_time_percent': 34.12, 'train/optimizer_time_percent': 1.01, 'train/overhead_time_percent': 47.65, 'epoch': 0.7972027972027972}{'loss': 1.3129, 'learning_rate': 0.0001, 'grad_norm': 0.2763415575027466, 'train/tokens_per_sec': 1638.776815424674, 'train/step_time': 9.9977006299996, 'train/mfu': 84.96, 'train/efficiency': 53.07, 'train/forward_time_percent': 16.37, 'train/backward_time_percent': 35.75, 'train/optimizer_time_percent': 0.95, 'train/overhead_time_percent': 46.93, 'epoch': 0.7972027972027972}

{'loss': 1.4161, 'learning_rate': 0.0001, 'grad_norm': 0.36065673828125, 'train/tokens_per_sec': 1639.5250071383405, 'train/step_time': 9.99313821299802, 'train/mfu': 85.77, 'train/efficiency': 52.66, 'train/forward_time_percent': 16.52, 'train/backward_time_percent': 35.14, 'train/optimizer_time_percent': 1.0, 'train/overhead_time_percent': 47.34, 'epoch': 0.8018648018648019}
{'loss': 1.4161, 'learning_rate': 0.0001, 'grad_norm': 0.36065673828125, 'train/tokens_per_sec': 1638.8477233648794, 'train/step_time': 9.997268060000351, 'train/mfu': 86.89, 'train/efficiency': 51.95, 'train/forward_time_percent': 16.77, 'train/backward_time_percent': 34.19, 'train/optimizer_time_percent': 0.99, 'train/overhead_time_percent': 48.05, 'epoch': 0.8018648018648019}
{'loss': 1.3631, 'learning_rate': 0.0001, 'grad_norm': 0.2521111071109772, 'train/tokens_per_sec': 1639.037212430828, 'train/step_time': 9.996112275999621, 'train/mfu': 83.71, 'train/efficiency': 53.91, 'train/forward_time_percent': 16.2, 'train/backward_time_percent': 36.7, 'train/optimizer_time_percent': 1.01, 'train/overhead_time_percent': 46.09, 'epoch': 0.8065268065268065}
{'loss': 1.3631, 'learning_rate': 0.0001, 'grad_norm': 0.2521111071109772, 'train/tokens_per_sec': 1638.0779928529269, 'train/step_time': 10.0019657619996, 'train/mfu': 87.59, 'train/efficiency': 51.58, 'train/forward_time_percent': 16.05, 'train/backward_time_percent': 34.48, 'train/optimizer_time_percent': 1.05, 'train/overhead_time_percent': 48.42, 'epoch': 0.8065268065268065}
{'loss': 1.2559, 'learning_rate': 0.0001, 'grad_norm': 0.2594650089740753, 'train/tokens_per_sec': 1637.6781815502375, 'train/step_time': 10.004407571999764, 'train/mfu': 85.82, 'train/efficiency': 52.44, 'train/forward_time_percent': 16.61, 'train/backward_time_percent': 34.96, 'train/optimizer_time_percent': 0.88, 'train/overhead_time_percent': 47.56, 'epoch': 0.8111888111888111}
{'loss': 1.2559, 'learning_rate': 0.0001, 'grad_norm': 0.2594650089740753, 'train/tokens_per_sec': 1638.1824328273317, 'train/step_time': 10.001328100999672, 'train/mfu': 83.89, 'train/efficiency': 53.64, 'train/forward_time_percent': 17.21, 'train/backward_time_percent': 35.56, 'train/optimizer_time_percent': 0.87, 'train/overhead_time_percent': 46.36, 'epoch': 0.8111888111888111}
{'loss': 1.2973, 'learning_rate': 0.0001, 'grad_norm': 0.22959059476852417, 'train/tokens_per_sec': 1637.6521530432697, 'train/step_time': 10.004566579998937, 'train/mfu': 83.78, 'train/efficiency': 53.83, 'train/forward_time_percent': 16.6, 'train/backward_time_percent': 36.22, 'train/optimizer_time_percent': 1.0, 'train/overhead_time_percent': 46.17, 'epoch': 0.8158508158508159}
{'loss': 1.2973, 'learning_rate': 0.0001, 'grad_norm': 0.22959059476852417, 'train/tokens_per_sec': 1637.2275999797778, 'train/step_time': 10.007160886001657, 'train/mfu': 87.81, 'train/efficiency': 51.42, 'train/forward_time_percent': 16.53, 'train/backward_time_percent': 33.86, 'train/optimizer_time_percent': 1.04, 'train/overhead_time_percent': 48.58, 'epoch': 0.8158508158508159}
{'loss': 1.2965, 'learning_rate': 0.0001, 'grad_norm': 0.2515319585800171, 'train/tokens_per_sec': 1638.3789158655497, 'train/step_time': 10.000128689000121, 'train/mfu': 86.05, 'train/efficiency': 52.48, 'train/forward_time_percent': 16.78, 'train/backward_time_percent': 34.68, 'train/optimizer_time_percent': 1.02, 'train/overhead_time_percent': 47.52, 'epoch': 0.8205128205128205}
{'loss': 1.2965, 'learning_rate': 0.0001, 'grad_norm': 0.2515319585800171, 'train/tokens_per_sec': 1638.9348014702477, 'train/step_time': 9.996736896002403, 'train/mfu': 83.77, 'train/efficiency': 53.73, 'train/forward_time_percent': 17.4, 'train/backward_time_percent': 35.47, 'train/optimizer_time_percent': 0.86, 'train/overhead_time_percent': 46.27, 'epoch': 0.8205128205128205}
{'loss': 1.3515, 'learning_rate': 0.0001, 'grad_norm': 0.26186418533325195, 'train/tokens_per_sec': 1637.9050915804823, 'train/step_time': 10.00302159399871, 'train/mfu': 85.57, 'train/efficiency': 52.72, 'train/forward_time_percent': 16.25, 'train/backward_time_percent': 35.48, 'train/optimizer_time_percent': 1.0, 'train/overhead_time_percent': 47.28, 'epoch': 0.8251748251748252}
{'loss': 1.3515, 'learning_rate': 0.0001, 'grad_norm': 0.26186418533325195, 'train/tokens_per_sec': 1638.1081092837696, 'train/step_time': 10.001781876999303, 'train/mfu': 83.69, 'train/efficiency': 53.79, 'train/forward_time_percent': 17.16, 'train/backward_time_percent': 35.74, 'train/optimizer_time_percent': 0.89, 'train/overhead_time_percent': 46.21, 'epoch': 0.8251748251748252}
{'loss': 1.2071, 'learning_rate': 0.0001, 'grad_norm': 0.3464912176132202, 'train/tokens_per_sec': 1640.0661691340579, 'train/step_time': 9.989840842001286, 'train/mfu': 84.81, 'train/efficiency': 53.3, 'train/forward_time_percent': 17.32, 'train/backward_time_percent': 34.94, 'train/optimizer_time_percent': 1.04, 'train/overhead_time_percent': 46.7, 'epoch': 0.8298368298368298}{'loss': 1.2071, 'learning_rate': 0.0001, 'grad_norm': 0.3464912176132202, 'train/tokens_per_sec': 1639.47557828087, 'train/step_time': 9.993439498000953, 'train/mfu': 86.81, 'train/efficiency': 52.05, 'train/forward_time_percent': 16.68, 'train/backward_time_percent': 34.36, 'train/optimizer_time_percent': 1.01, 'train/overhead_time_percent': 47.95, 'epoch': 0.8298368298368298}

{'loss': 1.2726, 'learning_rate': 0.0001, 'grad_norm': 0.2925593852996826, 'train/tokens_per_sec': 1639.3654741314194, 'train/step_time': 9.994110684001498, 'train/mfu': 84.31, 'train/efficiency': 53.55, 'train/forward_time_percent': 17.34, 'train/backward_time_percent': 35.2, 'train/optimizer_time_percent': 1.01, 'train/overhead_time_percent': 46.45, 'epoch': 0.8344988344988346}
{'loss': 1.2726, 'learning_rate': 0.0001, 'grad_norm': 0.2925593852996826, 'train/tokens_per_sec': 1639.2244051308983, 'train/step_time': 9.994970760999422, 'train/mfu': 84.41, 'train/efficiency': 53.42, 'train/forward_time_percent': 17.28, 'train/backward_time_percent': 35.2, 'train/optimizer_time_percent': 0.94, 'train/overhead_time_percent': 46.58, 'epoch': 0.8344988344988346}
{'loss': 1.3645, 'learning_rate': 0.0001, 'grad_norm': 0.28362563252449036, 'train/tokens_per_sec': 1639.5674604041162, 'train/step_time': 9.992879461002303, 'train/mfu': 85.01, 'train/efficiency': 53.17, 'train/forward_time_percent': 16.92, 'train/backward_time_percent': 35.2, 'train/optimizer_time_percent': 1.05, 'train/overhead_time_percent': 46.83, 'epoch': 0.8391608391608392}
  step   180  loss   1.3645  |     5645.4 ms
{'loss': 1.3645, 'learning_rate': 0.0001, 'grad_norm': 0.28362563252449036, 'train/tokens_per_sec': 1639.8692630045539, 'train/step_time': 9.991040364999208, 'train/mfu': 84.75, 'train/efficiency': 53.33, 'train/forward_time_percent': 17.07, 'train/backward_time_percent': 35.22, 'train/optimizer_time_percent': 1.04, 'train/overhead_time_percent': 46.67, 'epoch': 0.8391608391608392}
{'loss': 1.2007, 'learning_rate': 0.0001, 'grad_norm': 0.2863815724849701, 'train/tokens_per_sec': 1637.6222936642896, 'train/step_time': 10.004748996998387, 'train/mfu': 84.71, 'train/efficiency': 53.27, 'train/forward_time_percent': 16.75, 'train/backward_time_percent': 35.49, 'train/optimizer_time_percent': 1.02, 'train/overhead_time_percent': 46.73, 'epoch': 0.8438228438228438}
{'loss': 1.2007, 'learning_rate': 0.0001, 'grad_norm': 0.2863815724849701, 'train/tokens_per_sec': 1638.0920395154176, 'train/step_time': 10.001879995001218, 'train/mfu': 84.06, 'train/efficiency': 53.56, 'train/forward_time_percent': 17.57, 'train/backward_time_percent': 35.09, 'train/optimizer_time_percent': 0.9, 'train/overhead_time_percent': 46.44, 'epoch': 0.8438228438228438}
{'loss': 1.42, 'learning_rate': 0.0001, 'grad_norm': 0.2365194410085678, 'train/tokens_per_sec': 1636.576239371171, 'train/step_time': 10.01114375600082, 'train/mfu': 86.38, 'train/efficiency': 52.23, 'train/forward_time_percent': 16.79, 'train/backward_time_percent': 34.41, 'train/optimizer_time_percent': 1.03, 'train/overhead_time_percent': 47.77, 'epoch': 0.8484848484848485}
{'loss': 1.42, 'learning_rate': 0.0001, 'grad_norm': 0.2365194410085678, 'train/tokens_per_sec': 1637.166762388432, 'train/step_time': 10.007532755000284, 'train/mfu': 83.64, 'train/efficiency': 53.78, 'train/forward_time_percent': 16.95, 'train/backward_time_percent': 35.95, 'train/optimizer_time_percent': 0.88, 'train/overhead_time_percent': 46.22, 'epoch': 0.8484848484848485}
{'loss': 1.3015, 'learning_rate': 0.0001, 'grad_norm': 0.27465176582336426, 'train/tokens_per_sec': 1637.6449403822155, 'train/step_time': 10.00461064299816, 'train/mfu': 83.31, 'train/efficiency': 54.0, 'train/forward_time_percent': 17.31, 'train/backward_time_percent': 35.81, 'train/optimizer_time_percent': 0.88, 'train/overhead_time_percent': 46.0, 'epoch': 0.8531468531468531}
{'loss': 1.3015, 'learning_rate': 0.0001, 'grad_norm': 0.27465176582336426, 'train/tokens_per_sec': 1636.323752896971, 'train/step_time': 10.012688486000116, 'train/mfu': 85.71, 'train/efficiency': 52.6, 'train/forward_time_percent': 17.14, 'train/backward_time_percent': 34.46, 'train/optimizer_time_percent': 1.0, 'train/overhead_time_percent': 47.4, 'epoch': 0.8531468531468531}
{'loss': 1.1657, 'learning_rate': 0.0001, 'grad_norm': 0.259364515542984, 'train/tokens_per_sec': 1637.9717270671358, 'train/step_time': 10.002614654000354, 'train/mfu': 84.83, 'train/efficiency': 53.07, 'train/forward_time_percent': 16.94, 'train/backward_time_percent': 35.24, 'train/optimizer_time_percent': 0.89, 'train/overhead_time_percent': 46.93, 'epoch': 0.8578088578088578}
{'loss': 1.1657, 'learning_rate': 0.0001, 'grad_norm': 0.259364515542984, 'train/tokens_per_sec': 1638.5313082940925, 'train/step_time': 9.999198622001131, 'train/mfu': 84.27, 'train/efficiency': 53.56, 'train/forward_time_percent': 16.91, 'train/backward_time_percent': 35.63, 'train/optimizer_time_percent': 1.01, 'train/overhead_time_percent': 46.44, 'epoch': 0.8578088578088578}
{'loss': 1.2692, 'learning_rate': 0.0001, 'grad_norm': 0.2649225890636444, 'train/tokens_per_sec': 1638.409862572315, 'train/step_time': 9.999939803998132, 'train/mfu': 85.73, 'train/efficiency': 52.66, 'train/forward_time_percent': 16.89, 'train/backward_time_percent': 34.76, 'train/optimizer_time_percent': 1.01, 'train/overhead_time_percent': 47.34, 'epoch': 0.8624708624708625}
{'loss': 1.2692, 'learning_rate': 0.0001, 'grad_norm': 0.2649225890636444, 'train/tokens_per_sec': 1639.0413173670095, 'train/step_time': 9.99608724099744, 'train/mfu': 84.79, 'train/efficiency': 53.27, 'train/forward_time_percent': 16.55, 'train/backward_time_percent': 35.69, 'train/optimizer_time_percent': 1.03, 'train/overhead_time_percent': 46.73, 'epoch': 0.8624708624708625}
{'loss': 1.1487, 'learning_rate': 0.0001, 'grad_norm': 0.31959977746009827, 'train/tokens_per_sec': 1638.425050536144, 'train/step_time': 9.999847105998924, 'train/mfu': 85.3, 'train/efficiency': 52.9, 'train/forward_time_percent': 16.64, 'train/backward_time_percent': 35.27, 'train/optimizer_time_percent': 0.99, 'train/overhead_time_percent': 47.1, 'epoch': 0.8671328671328671}
{'loss': 1.1487, 'learning_rate': 0.0001, 'grad_norm': 0.31959977746009827, 'train/tokens_per_sec': 1637.5517277360582, 'train/step_time': 10.005180124997423, 'train/mfu': 87.5, 'train/efficiency': 51.61, 'train/forward_time_percent': 16.49, 'train/backward_time_percent': 34.09, 'train/optimizer_time_percent': 1.03, 'train/overhead_time_percent': 48.39, 'epoch': 0.8671328671328671}
{'loss': 0.9646, 'learning_rate': 0.0001, 'grad_norm': 0.25848835706710815, 'train/tokens_per_sec': 1641.0117963033758, 'train/step_time': 9.984084232000896, 'train/mfu': 85.58, 'train/efficiency': 52.8, 'train/forward_time_percent': 16.72, 'train/backward_time_percent': 35.1, 'train/optimizer_time_percent': 0.98, 'train/overhead_time_percent': 47.2, 'epoch': 0.8717948717948718}{'loss': 0.9646, 'learning_rate': 0.0001, 'grad_norm': 0.25848835706710815, 'train/tokens_per_sec': 1641.1489237910096, 'train/step_time': 9.983250003999274, 'train/mfu': 85.05, 'train/efficiency': 53.04, 'train/forward_time_percent': 16.87, 'train/backward_time_percent': 35.27, 'train/optimizer_time_percent': 0.9, 'train/overhead_time_percent': 46.96, 'epoch': 0.8717948717948718}

{'loss': 1.2157, 'learning_rate': 0.0001, 'grad_norm': 0.3394661545753479, 'train/tokens_per_sec': 1639.6164091150067, 'train/step_time': 9.992581136000808, 'train/mfu': 88.17, 'train/efficiency': 51.22, 'train/forward_time_percent': 16.49, 'train/backward_time_percent': 33.77, 'train/optimizer_time_percent': 0.97, 'train/overhead_time_percent': 48.78, 'epoch': 0.8764568764568764}{'loss': 1.2157, 'learning_rate': 0.0001, 'grad_norm': 0.3394661545753479, 'train/tokens_per_sec': 1640.4771398371952, 'train/step_time': 9.98733819699919, 'train/mfu': 84.38, 'train/efficiency': 53.48, 'train/forward_time_percent': 17.2, 'train/backward_time_percent': 35.34, 'train/optimizer_time_percent': 0.94, 'train/overhead_time_percent': 46.52, 'epoch': 0.8764568764568764}

{'loss': 1.2654, 'learning_rate': 0.0001, 'grad_norm': 0.2646228075027466, 'train/tokens_per_sec': 1638.9660711823296, 'train/step_time': 9.996546169000794, 'train/mfu': 86.31, 'train/efficiency': 52.29, 'train/forward_time_percent': 16.71, 'train/backward_time_percent': 34.61, 'train/optimizer_time_percent': 0.97, 'train/overhead_time_percent': 47.71, 'epoch': 0.8811188811188811}
{'loss': 1.2654, 'learning_rate': 0.0001, 'grad_norm': 0.2646228075027466, 'train/tokens_per_sec': 1640.009715784182, 'train/step_time': 9.990184718000819, 'train/mfu': 84.78, 'train/efficiency': 53.3, 'train/forward_time_percent': 17.09, 'train/backward_time_percent': 35.19, 'train/optimizer_time_percent': 1.03, 'train/overhead_time_percent': 46.7, 'epoch': 0.8811188811188811}
{'loss': 1.2354, 'learning_rate': 0.0001, 'grad_norm': 0.2764629125595093, 'train/tokens_per_sec': 1637.1889060423332, 'train/step_time': 10.007397399000183, 'train/mfu': 85.03, 'train/efficiency': 52.94, 'train/forward_time_percent': 16.94, 'train/backward_time_percent': 35.09, 'train/optimizer_time_percent': 0.9, 'train/overhead_time_percent': 47.06, 'epoch': 0.8857808857808858}
  step   190  loss   1.2354  |     5525.8 ms
{'loss': 1.2354, 'learning_rate': 0.0001, 'grad_norm': 0.2764629125595093, 'train/tokens_per_sec': 1636.6944225100415, 'train/step_time': 10.010420867001812, 'train/mfu': 86.52, 'train/efficiency': 52.14, 'train/forward_time_percent': 16.88, 'train/backward_time_percent': 34.24, 'train/optimizer_time_percent': 1.02, 'train/overhead_time_percent': 47.86, 'epoch': 0.8857808857808858}
{'loss': 1.3191, 'learning_rate': 0.0001, 'grad_norm': 0.24663780629634857, 'train/tokens_per_sec': 1637.9611358315012, 'train/step_time': 10.002679331999389, 'train/mfu': 87.3, 'train/efficiency': 51.73, 'train/forward_time_percent': 16.52, 'train/backward_time_percent': 34.18, 'train/optimizer_time_percent': 1.02, 'train/overhead_time_percent': 48.27, 'epoch': 0.8904428904428905}{'loss': 1.3191, 'learning_rate': 0.0001, 'grad_norm': 0.24663780629634857, 'train/tokens_per_sec': 1638.6592490024555, 'train/step_time': 9.998417920000065, 'train/mfu': 82.94, 'train/efficiency': 54.27, 'train/forward_time_percent': 17.04, 'train/backward_time_percent': 36.35, 'train/optimizer_time_percent': 0.88, 'train/overhead_time_percent': 45.73, 'epoch': 0.8904428904428905}

{'loss': 1.3762, 'learning_rate': 0.0001, 'grad_norm': 0.2354646474123001, 'train/tokens_per_sec': 1638.870762349257, 'train/step_time': 9.997127519996866, 'train/mfu': 83.46, 'train/efficiency': 54.09, 'train/forward_time_percent': 16.93, 'train/backward_time_percent': 36.14, 'train/optimizer_time_percent': 1.02, 'train/overhead_time_percent': 45.91, 'epoch': 0.8951048951048951}
{'loss': 1.3762, 'learning_rate': 0.0001, 'grad_norm': 0.2354646474123001, 'train/tokens_per_sec': 1637.751951215629, 'train/step_time': 10.00395694100007, 'train/mfu': 86.16, 'train/efficiency': 52.4, 'train/forward_time_percent': 16.28, 'train/backward_time_percent': 35.09, 'train/optimizer_time_percent': 1.03, 'train/overhead_time_percent': 47.6, 'epoch': 0.8951048951048951}
{'loss': 1.4018, 'learning_rate': 0.0001, 'grad_norm': 0.29109370708465576, 'train/tokens_per_sec': 1636.1777982900178, 'train/step_time': 10.013581663999503, 'train/mfu': 88.31, 'train/efficiency': 51.09, 'train/forward_time_percent': 16.63, 'train/backward_time_percent': 33.44, 'train/optimizer_time_percent': 1.02, 'train/overhead_time_percent': 48.91, 'epoch': 0.8997668997668997}
{'loss': 1.4018, 'learning_rate': 0.0001, 'grad_norm': 0.29109370708465576, 'train/tokens_per_sec': 1636.8543642554332, 'train/step_time': 10.00944272000197, 'train/mfu': 84.53, 'train/efficiency': 53.31, 'train/forward_time_percent': 17.32, 'train/backward_time_percent': 35.01, 'train/optimizer_time_percent': 0.98, 'train/overhead_time_percent': 46.69, 'epoch': 0.8997668997668997}
{'loss': 1.3476, 'learning_rate': 0.0001, 'grad_norm': 0.2519805133342743, 'train/tokens_per_sec': 1638.1526874332935, 'train/step_time': 10.001509704001364, 'train/mfu': 88.61, 'train/efficiency': 50.98, 'train/forward_time_percent': 16.55, 'train/backward_time_percent': 33.41, 'train/optimizer_time_percent': 1.02, 'train/overhead_time_percent': 49.02, 'epoch': 0.9044289044289044}
{'loss': 1.3476, 'learning_rate': 0.0001, 'grad_norm': 0.2519805133342743, 'train/tokens_per_sec': 1639.1515623015125, 'train/step_time': 9.995414930999686, 'train/mfu': 84.67, 'train/efficiency': 53.2, 'train/forward_time_percent': 17.66, 'train/backward_time_percent': 34.66, 'train/optimizer_time_percent': 0.88, 'train/overhead_time_percent': 46.8, 'epoch': 0.9044289044289044}
{'loss': 1.3736, 'learning_rate': 0.0001, 'grad_norm': 0.25739285349845886, 'train/tokens_per_sec': 1638.501446506223, 'train/step_time': 9.999380858000222, 'train/mfu': 84.41, 'train/efficiency': 53.48, 'train/forward_time_percent': 17.28, 'train/backward_time_percent': 35.18, 'train/optimizer_time_percent': 1.03, 'train/overhead_time_percent': 46.52, 'epoch': 0.9090909090909091}
{'loss': 1.3736, 'learning_rate': 0.0001, 'grad_norm': 0.25739285349845886, 'train/tokens_per_sec': 1638.0139821850933, 'train/step_time': 10.002356621000217, 'train/mfu': 85.99, 'train/efficiency': 52.51, 'train/forward_time_percent': 16.9, 'train/backward_time_percent': 34.57, 'train/optimizer_time_percent': 1.04, 'train/overhead_time_percent': 47.49, 'epoch': 0.9090909090909091}
{'loss': 1.3351, 'learning_rate': 0.0001, 'grad_norm': 0.2310044765472412, 'train/tokens_per_sec': 1638.5784933048144, 'train/step_time': 9.998910681999405, 'train/mfu': 84.13, 'train/efficiency': 53.51, 'train/forward_time_percent': 17.21, 'train/backward_time_percent': 35.42, 'train/optimizer_time_percent': 0.87, 'train/overhead_time_percent': 46.49, 'epoch': 0.9137529137529138}
{'loss': 1.3351, 'learning_rate': 0.0001, 'grad_norm': 0.2310044765472412, 'train/tokens_per_sec': 1638.3403070711472, 'train/step_time': 10.000364349998563, 'train/mfu': 85.16, 'train/efficiency': 52.98, 'train/forward_time_percent': 16.65, 'train/backward_time_percent': 35.35, 'train/optimizer_time_percent': 0.99, 'train/overhead_time_percent': 47.02, 'epoch': 0.9137529137529138}
{'loss': 1.3458, 'learning_rate': 0.0001, 'grad_norm': 0.2573469281196594, 'train/tokens_per_sec': 1637.6101472189184, 'train/step_time': 10.004823203998967, 'train/mfu': 83.12, 'train/efficiency': 54.11, 'train/forward_time_percent': 17.36, 'train/backward_time_percent': 35.89, 'train/optimizer_time_percent': 0.87, 'train/overhead_time_percent': 45.89, 'epoch': 0.9184149184149184}{'loss': 1.3458, 'learning_rate': 0.0001, 'grad_norm': 0.2573469281196594, 'train/tokens_per_sec': 1637.0536342145513, 'train/step_time': 10.008224322999013, 'train/mfu': 85.37, 'train/efficiency': 52.74, 'train/forward_time_percent': 16.48, 'train/backward_time_percent': 35.34, 'train/optimizer_time_percent': 0.92, 'train/overhead_time_percent': 47.26, 'epoch': 0.9184149184149184}

{'loss': 1.2224, 'learning_rate': 0.0001, 'grad_norm': 0.2188064455986023, 'train/tokens_per_sec': 1640.100965440609, 'train/step_time': 9.989628897998045, 'train/mfu': 85.68, 'train/efficiency': 52.78, 'train/forward_time_percent': 16.62, 'train/backward_time_percent': 35.12, 'train/optimizer_time_percent': 1.05, 'train/overhead_time_percent': 47.22, 'epoch': 0.9230769230769231}
{'loss': 1.2224, 'learning_rate': 0.0001, 'grad_norm': 0.2188064455986023, 'train/tokens_per_sec': 1640.191777317399, 'train/step_time': 9.989075805999164, 'train/mfu': 85.75, 'train/efficiency': 52.64, 'train/forward_time_percent': 16.97, 'train/backward_time_percent': 34.72, 'train/optimizer_time_percent': 0.95, 'train/overhead_time_percent': 47.36, 'epoch': 0.9230769230769231}
{'loss': 1.2002, 'learning_rate': 0.0001, 'grad_norm': 0.24943479895591736, 'train/tokens_per_sec': 1638.8804350132593, 'train/step_time': 9.997068517001026, 'train/mfu': 87.45, 'train/efficiency': 51.54, 'train/forward_time_percent': 16.8, 'train/backward_time_percent': 33.84, 'train/optimizer_time_percent': 0.9, 'train/overhead_time_percent': 48.46, 'epoch': 0.9277389277389277}
{'loss': 1.2002, 'learning_rate': 0.0001, 'grad_norm': 0.24943479895591736, 'train/tokens_per_sec': 1639.5552086301473, 'train/step_time': 9.992954133998865, 'train/mfu': 84.19, 'train/efficiency': 53.66, 'train/forward_time_percent': 16.59, 'train/backward_time_percent': 36.04, 'train/optimizer_time_percent': 1.03, 'train/overhead_time_percent': 46.34, 'epoch': 0.9277389277389277}
{'loss': 1.1262, 'learning_rate': 0.0001, 'grad_norm': 0.26702889800071716, 'train/tokens_per_sec': 1638.6716253891927, 'train/step_time': 9.998342405000585, 'train/mfu': 82.97, 'train/efficiency': 54.42, 'train/forward_time_percent': 17.08, 'train/backward_time_percent': 36.29, 'train/optimizer_time_percent': 1.05, 'train/overhead_time_percent': 45.58, 'epoch': 0.9324009324009324}  step   200  loss   1.1262  |     5623.0 ms

{'loss': 1.1262, 'learning_rate': 0.0001, 'grad_norm': 0.26702889800071716, 'train/tokens_per_sec': 1637.6263530497893, 'train/step_time': 10.004724196998723, 'train/mfu': 84.93, 'train/efficiency': 53.12, 'train/forward_time_percent': 16.53, 'train/backward_time_percent': 35.58, 'train/optimizer_time_percent': 1.01, 'train/overhead_time_percent': 46.88, 'epoch': 0.9324009324009324}
{'loss': 1.1728, 'learning_rate': 0.0001, 'grad_norm': 0.25124692916870117, 'train/tokens_per_sec': 1639.1257127464025, 'train/step_time': 9.995572562002053, 'train/mfu': 84.91, 'train/efficiency': 53.18, 'train/forward_time_percent': 17.25, 'train/backward_time_percent': 34.9, 'train/optimizer_time_percent': 1.03, 'train/overhead_time_percent': 46.82, 'epoch': 0.9370629370629371}
{'loss': 1.1728, 'learning_rate': 0.0001, 'grad_norm': 0.25124692916870117, 'train/tokens_per_sec': 1640.441063675151, 'train/step_time': 9.987557835996995, 'train/mfu': 82.61, 'train/efficiency': 54.69, 'train/forward_time_percent': 17.04, 'train/backward_time_percent': 36.62, 'train/optimizer_time_percent': 1.03, 'train/overhead_time_percent': 45.31, 'epoch': 0.9370629370629371}
{'loss': 1.2043, 'learning_rate': 0.0001, 'grad_norm': 0.2794605791568756, 'train/tokens_per_sec': 1638.5644584542044, 'train/step_time': 9.998996326001361, 'train/mfu': 85.1, 'train/efficiency': 52.95, 'train/forward_time_percent': 17.16, 'train/backward_time_percent': 34.87, 'train/optimizer_time_percent': 0.91, 'train/overhead_time_percent': 47.05, 'epoch': 0.9417249417249417}
{'loss': 1.2043, 'learning_rate': 0.0001, 'grad_norm': 0.2794605791568756, 'train/tokens_per_sec': 1638.101719041131, 'train/step_time': 10.001820893998229, 'train/mfu': 85.96, 'train/efficiency': 52.54, 'train/forward_time_percent': 17.13, 'train/backward_time_percent': 34.38, 'train/optimizer_time_percent': 1.04, 'train/overhead_time_percent': 47.46, 'epoch': 0.9417249417249417}
{'loss': 1.2272, 'learning_rate': 0.0001, 'grad_norm': 0.3158353567123413, 'train/tokens_per_sec': 1641.7643392742166, 'train/step_time': 9.979507782001747, 'train/mfu': 83.28, 'train/efficiency': 54.14, 'train/forward_time_percent': 16.59, 'train/backward_time_percent': 36.69, 'train/optimizer_time_percent': 0.87, 'train/overhead_time_percent': 45.86, 'epoch': 0.9463869463869464}{'loss': 1.2272, 'learning_rate': 0.0001, 'grad_norm': 0.3158353567123413, 'train/tokens_per_sec': 1640.881616684886, 'train/step_time': 9.98487632099932, 'train/mfu': 86.47, 'train/efficiency': 52.15, 'train/forward_time_percent': 17.13, 'train/backward_time_percent': 34.15, 'train/optimizer_time_percent': 0.87, 'train/overhead_time_percent': 47.85, 'epoch': 0.9463869463869464}

{'loss': 1.2507, 'learning_rate': 0.0001, 'grad_norm': 0.2956453859806061, 'train/tokens_per_sec': 1639.3810159277566, 'train/step_time': 9.994015937001677, 'train/mfu': 85.35, 'train/efficiency': 52.88, 'train/forward_time_percent': 17.1, 'train/backward_time_percent': 34.8, 'train/optimizer_time_percent': 0.97, 'train/overhead_time_percent': 47.12, 'epoch': 0.951048951048951}
{'loss': 1.2507, 'learning_rate': 0.0001, 'grad_norm': 0.2956453859806061, 'train/tokens_per_sec': 1639.3108456952596, 'train/step_time': 9.994443727999169, 'train/mfu': 85.21, 'train/efficiency': 53.02, 'train/forward_time_percent': 16.45, 'train/backward_time_percent': 35.54, 'train/optimizer_time_percent': 1.03, 'train/overhead_time_percent': 46.98, 'epoch': 0.951048951048951}
{'loss': 1.2217, 'learning_rate': 0.0001, 'grad_norm': 0.3316456377506256, 'train/tokens_per_sec': 1638.6500325959457, 'train/step_time': 9.998474154999712, 'train/mfu': 86.44, 'train/efficiency': 52.18, 'train/forward_time_percent': 16.5, 'train/backward_time_percent': 34.73, 'train/optimizer_time_percent': 0.95, 'train/overhead_time_percent': 47.82, 'epoch': 0.9557109557109557}{'loss': 1.2217, 'learning_rate': 0.0001, 'grad_norm': 0.3316456377506256, 'train/tokens_per_sec': 1639.3561986018694, 'train/step_time': 9.994167230997846, 'train/mfu': 86.04, 'train/efficiency': 52.55, 'train/forward_time_percent': 17.04, 'train/backward_time_percent': 34.45, 'train/optimizer_time_percent': 1.06, 'train/overhead_time_percent': 47.45, 'epoch': 0.9557109557109557}

{'loss': 1.2631, 'learning_rate': 0.0001, 'grad_norm': 0.23928013443946838, 'train/tokens_per_sec': 1637.749882082217, 'train/step_time': 10.003969580000557, 'train/mfu': 86.64, 'train/efficiency': 52.06, 'train/forward_time_percent': 16.62, 'train/backward_time_percent': 34.46, 'train/optimizer_time_percent': 0.98, 'train/overhead_time_percent': 47.94, 'epoch': 0.9603729603729604}{'loss': 1.2631, 'learning_rate': 0.0001, 'grad_norm': 0.23928013443946838, 'train/tokens_per_sec': 1637.692792992183, 'train/step_time': 10.004318313000113, 'train/mfu': 85.21, 'train/efficiency': 52.83, 'train/forward_time_percent': 16.67, 'train/backward_time_percent': 35.27, 'train/optimizer_time_percent': 0.89, 'train/overhead_time_percent': 47.17, 'epoch': 0.9603729603729604}

{'loss': 0.9827, 'learning_rate': 0.0001, 'grad_norm': 0.22626592218875885, 'train/tokens_per_sec': 1638.632672074851, 'train/step_time': 9.998580084000423, 'train/mfu': 83.96, 'train/efficiency': 53.62, 'train/forward_time_percent': 16.8, 'train/backward_time_percent': 35.94, 'train/optimizer_time_percent': 0.88, 'train/overhead_time_percent': 46.38, 'epoch': 0.965034965034965}
{'loss': 0.9827, 'learning_rate': 0.0001, 'grad_norm': 0.22626592218875885, 'train/tokens_per_sec': 1637.7156847593867, 'train/step_time': 10.004178473998763, 'train/mfu': 86.29, 'train/efficiency': 52.32, 'train/forward_time_percent': 17.09, 'train/backward_time_percent': 34.2, 'train/optimizer_time_percent': 1.03, 'train/overhead_time_percent': 47.68, 'epoch': 0.965034965034965}
{'loss': 1.2427, 'learning_rate': 0.0001, 'grad_norm': 0.24389442801475525, 'train/tokens_per_sec': 1638.41324034483, 'train/step_time': 9.999919188001513, 'train/mfu': 82.81, 'train/efficiency': 54.51, 'train/forward_time_percent': 17.08, 'train/backward_time_percent': 36.39, 'train/optimizer_time_percent': 1.04, 'train/overhead_time_percent': 45.49, 'epoch': 0.9696969696969697}
{'loss': 1.2427, 'learning_rate': 0.0001, 'grad_norm': 0.24389442801475525, 'train/tokens_per_sec': 1637.5881646847702, 'train/step_time': 10.00495750600021, 'train/mfu': 84.6, 'train/efficiency': 53.23, 'train/forward_time_percent': 16.57, 'train/backward_time_percent': 35.74, 'train/optimizer_time_percent': 0.92, 'train/overhead_time_percent': 46.77, 'epoch': 0.9696969696969697}
{'loss': 1.1256, 'learning_rate': 0.0001, 'grad_norm': 0.2406853586435318, 'train/tokens_per_sec': 1638.4356502297003, 'train/step_time': 9.999782413000503, 'train/mfu': 85.35, 'train/efficiency': 52.93, 'train/forward_time_percent': 17.03, 'train/backward_time_percent': 34.84, 'train/optimizer_time_percent': 1.05, 'train/overhead_time_percent': 47.07, 'epoch': 0.9743589743589743}
{'loss': 1.1256, 'learning_rate': 0.0001, 'grad_norm': 0.2406853586435318, 'train/tokens_per_sec': 1637.9098091367548, 'train/step_time': 10.002992783000082, 'train/mfu': 85.68, 'train/efficiency': 52.64, 'train/forward_time_percent': 16.44, 'train/backward_time_percent': 35.23, 'train/optimizer_time_percent': 0.98, 'train/overhead_time_percent': 47.36, 'epoch': 0.9743589743589743}
  step   210  loss   1.5612  |     5475.5 ms
{'loss': 1.5612, 'learning_rate': 0.0001, 'grad_norm': 0.2900175452232361, 'train/tokens_per_sec': 1638.8210149216773, 'train/step_time': 9.99743098899853, 'train/mfu': 87.39, 'train/efficiency': 51.68, 'train/forward_time_percent': 16.89, 'train/backward_time_percent': 33.78, 'train/optimizer_time_percent': 1.0, 'train/overhead_time_percent': 48.32, 'epoch': 0.9790209790209791}
{'loss': 1.5612, 'learning_rate': 0.0001, 'grad_norm': 0.2900175452232361, 'train/tokens_per_sec': 1639.9099178665272, 'train/step_time': 9.990792677999707, 'train/mfu': 82.98, 'train/efficiency': 54.28, 'train/forward_time_percent': 16.71, 'train/backward_time_percent': 36.7, 'train/optimizer_time_percent': 0.87, 'train/overhead_time_percent': 45.72, 'epoch': 0.9790209790209791}
{'loss': 1.1553, 'learning_rate': 0.0001, 'grad_norm': 0.2726549804210663, 'train/tokens_per_sec': 1637.9443541824614, 'train/step_time': 10.002781815001072, 'train/mfu': 84.08, 'train/efficiency': 53.53, 'train/forward_time_percent': 17.18, 'train/backward_time_percent': 35.47, 'train/optimizer_time_percent': 0.88, 'train/overhead_time_percent': 46.47, 'epoch': 0.9836829836829837}{'loss': 1.1553, 'learning_rate': 0.0001, 'grad_norm': 0.2726549804210663, 'train/tokens_per_sec': 1637.1254968183482, 'train/step_time': 10.007785006000631, 'train/mfu': 86.12, 'train/efficiency': 52.4, 'train/forward_time_percent': 16.81, 'train/backward_time_percent': 34.56, 'train/optimizer_time_percent': 1.03, 'train/overhead_time_percent': 47.6, 'epoch': 0.9836829836829837}

{'loss': 1.2575, 'learning_rate': 0.0001, 'grad_norm': 0.22840958833694458, 'train/tokens_per_sec': 1639.1750158801062, 'train/step_time': 9.995271915002377, 'train/mfu': 82.79, 'train/efficiency': 54.4, 'train/forward_time_percent': 16.97, 'train/backward_time_percent': 36.54, 'train/optimizer_time_percent': 0.89, 'train/overhead_time_percent': 45.6, 'epoch': 0.9883449883449883}{'loss': 1.2575, 'learning_rate': 0.0001, 'grad_norm': 0.22840958833694458, 'train/tokens_per_sec': 1637.959989239189, 'train/step_time': 10.002686333999009, 'train/mfu': 86.71, 'train/efficiency': 51.97, 'train/forward_time_percent': 16.97, 'train/backward_time_percent': 34.08, 'train/optimizer_time_percent': 0.92, 'train/overhead_time_percent': 48.03, 'epoch': 0.9883449883449883}

{'loss': 1.3432, 'learning_rate': 0.0001, 'grad_norm': 0.2888238728046417, 'train/tokens_per_sec': 1639.2404108551632, 'train/step_time': 9.994873169001949, 'train/mfu': 84.32, 'train/efficiency': 53.43, 'train/forward_time_percent': 17.04, 'train/backward_time_percent': 35.5, 'train/optimizer_time_percent': 0.89, 'train/overhead_time_percent': 46.57, 'epoch': 0.993006993006993}
{'loss': 1.3432, 'learning_rate': 0.0001, 'grad_norm': 0.2888238728046417, 'train/tokens_per_sec': 1638.3710358941964, 'train/step_time': 10.00017678599761, 'train/mfu': 85.87, 'train/efficiency': 52.44, 'train/forward_time_percent': 16.66, 'train/backward_time_percent': 34.9, 'train/optimizer_time_percent': 0.88, 'train/overhead_time_percent': 47.56, 'epoch': 0.993006993006993}
{'loss': 1.2678, 'learning_rate': 0.0001, 'grad_norm': 0.2504125237464905, 'train/tokens_per_sec': 1638.861962245903, 'train/step_time': 9.997181201000785, 'train/mfu': 85.78, 'train/efficiency': 52.65, 'train/forward_time_percent': 16.93, 'train/backward_time_percent': 34.7, 'train/optimizer_time_percent': 1.02, 'train/overhead_time_percent': 47.35, 'epoch': 0.9976689976689976}
{'loss': 1.2678, 'learning_rate': 0.0001, 'grad_norm': 0.2504125237464905, 'train/tokens_per_sec': 1639.6290570871686, 'train/step_time': 9.992504054000165, 'train/mfu': 83.24, 'train/efficiency': 54.26, 'train/forward_time_percent': 16.86, 'train/backward_time_percent': 36.37, 'train/optimizer_time_percent': 1.03, 'train/overhead_time_percent': 45.74, 'epoch': 0.9976689976689976}
{'loss': 1.4854, 'learning_rate': 0.0001, 'grad_norm': 0.32817012071609497, 'train/tokens_per_sec': 1198.72029643127, 'train/step_time': 6.833954530000483, 'train/mfu': 87.52, 'train/efficiency': 38.57, 'train/forward_time_percent': 12.65, 'train/backward_time_percent': 24.36, 'train/optimizer_time_percent': 1.56, 'train/overhead_time_percent': 61.43, 'epoch': 1.0}
{'loss': 1.4854, 'learning_rate': 0.0001, 'grad_norm': 0.32817012071609497, 'train/tokens_per_sec': 1210.549061322469, 'train/step_time': 6.767177194000396, 'train/mfu': 88.96, 'train/efficiency': 38.15, 'train/forward_time_percent': 11.94, 'train/backward_time_percent': 24.84, 'train/optimizer_time_percent': 1.38, 'train/overhead_time_percent': 61.85, 'epoch': 1.0}
{'loss': 1.2729, 'learning_rate': 0.0001, 'grad_norm': 0.2926350235939026, 'train/tokens_per_sec': 2735.3447567568514, 'train/step_time': 5.989738573000068, 'train/mfu': 86.66, 'train/efficiency': 87.04, 'train/forward_time_percent': 27.37, 'train/backward_time_percent': 57.93, 'train/optimizer_time_percent': 1.74, 'train/overhead_time_percent': 12.96, 'epoch': 1.0046620046620047}
{'loss': 1.2729, 'learning_rate': 0.0001, 'grad_norm': 0.2926350235939026, 'train/tokens_per_sec': 2736.8939780977094, 'train/step_time': 5.986348075999558, 'train/mfu': 84.9, 'train/efficiency': 88.58, 'train/forward_time_percent': 27.6, 'train/backward_time_percent': 59.52, 'train/optimizer_time_percent': 1.46, 'train/overhead_time_percent': 11.42, 'epoch': 1.0046620046620047}
{'loss': 1.1691, 'learning_rate': 0.0001, 'grad_norm': 0.27832794189453125, 'train/tokens_per_sec': 1639.7967793886326, 'train/step_time': 9.991481996999937, 'train/mfu': 83.26, 'train/efficiency': 54.22, 'train/forward_time_percent': 16.65, 'train/backward_time_percent': 36.58, 'train/optimizer_time_percent': 1.0, 'train/overhead_time_percent': 45.78, 'epoch': 1.0093240093240092}
{'loss': 1.1691, 'learning_rate': 0.0001, 'grad_norm': 0.27832794189453125, 'train/tokens_per_sec': 1639.3474475791672, 'train/step_time': 9.994220580996625, 'train/mfu': 85.79, 'train/efficiency': 52.67, 'train/forward_time_percent': 17.03, 'train/backward_time_percent': 34.61, 'train/optimizer_time_percent': 1.03, 'train/overhead_time_percent': 47.33, 'epoch': 1.0093240093240092}
{'loss': 1.1592, 'learning_rate': 0.0001, 'grad_norm': 0.27359458804130554, 'train/tokens_per_sec': 1639.3347762303006, 'train/step_time': 9.994297831999575, 'train/mfu': 83.5, 'train/efficiency': 53.93, 'train/forward_time_percent': 16.22, 'train/backward_time_percent': 36.83, 'train/optimizer_time_percent': 0.88, 'train/overhead_time_percent': 46.07, 'epoch': 1.013986013986014}
{'loss': 1.1592, 'learning_rate': 0.0001, 'grad_norm': 0.27359458804130554, 'train/tokens_per_sec': 1639.120832726495, 'train/step_time': 9.995602320999751, 'train/mfu': 84.55, 'train/efficiency': 53.44, 'train/forward_time_percent': 17.42, 'train/backward_time_percent': 34.97, 'train/optimizer_time_percent': 1.05, 'train/overhead_time_percent': 46.56, 'epoch': 1.013986013986014}
{'loss': 1.2605, 'learning_rate': 0.0001, 'grad_norm': 0.254807710647583, 'train/tokens_per_sec': 1637.5332852365277, 'train/step_time': 10.005292806999933, 'train/mfu': 83.89, 'train/efficiency': 53.66, 'train/forward_time_percent': 16.87, 'train/backward_time_percent': 35.88, 'train/optimizer_time_percent': 0.91, 'train/overhead_time_percent': 46.34, 'epoch': 1.0186480186480187}{'loss': 1.2605, 'learning_rate': 0.0001, 'grad_norm': 0.254807710647583, 'train/tokens_per_sec': 1637.7242240519804, 'train/step_time': 10.004126310999709, 'train/mfu': 83.78, 'train/efficiency': 53.78, 'train/forward_time_percent': 16.85, 'train/backward_time_percent': 35.98, 'train/optimizer_time_percent': 0.95, 'train/overhead_time_percent': 46.22, 'epoch': 1.0186480186480187}

  step   220  loss   1.2189  |     5529.7 ms
{'loss': 1.2189, 'learning_rate': 0.0001, 'grad_norm': 0.2053859829902649, 'train/tokens_per_sec': 1639.1741394919975, 'train/step_time': 9.995277258996794, 'train/mfu': 86.49, 'train/efficiency': 52.22, 'train/forward_time_percent': 16.64, 'train/backward_time_percent': 34.58, 'train/optimizer_time_percent': 1.0, 'train/overhead_time_percent': 47.78, 'epoch': 1.0233100233100234}
{'loss': 1.2189, 'learning_rate': 0.0001, 'grad_norm': 0.2053859829902649, 'train/tokens_per_sec': 1639.9931211341134, 'train/step_time': 9.9902858059977, 'train/mfu': 84.08, 'train/efficiency': 53.63, 'train/forward_time_percent': 17.28, 'train/backward_time_percent': 35.43, 'train/optimizer_time_percent': 0.92, 'train/overhead_time_percent': 46.37, 'epoch': 1.0233100233100234}
{'loss': 1.0707, 'learning_rate': 0.0001, 'grad_norm': 0.2730594277381897, 'train/tokens_per_sec': 1638.700783856646, 'train/step_time': 9.998164497999824, 'train/mfu': 86.66, 'train/efficiency': 52.13, 'train/forward_time_percent': 16.99, 'train/backward_time_percent': 34.11, 'train/optimizer_time_percent': 1.03, 'train/overhead_time_percent': 47.87, 'epoch': 1.027972027972028}
{'loss': 1.0707, 'learning_rate': 0.0001, 'grad_norm': 0.2730594277381897, 'train/tokens_per_sec': 1639.3624111461936, 'train/step_time': 9.99412935700093, 'train/mfu': 83.95, 'train/efficiency': 53.66, 'train/forward_time_percent': 17.1, 'train/backward_time_percent': 35.67, 'train/optimizer_time_percent': 0.88, 'train/overhead_time_percent': 46.34, 'epoch': 1.027972027972028}
{'loss': 1.2216, 'learning_rate': 0.0001, 'grad_norm': 0.3094647228717804, 'train/tokens_per_sec': 1637.6247019574319, 'train/step_time': 10.004734284000733, 'train/mfu': 83.99, 'train/efficiency': 53.74, 'train/forward_time_percent': 17.37, 'train/backward_time_percent': 35.32, 'train/optimizer_time_percent': 1.05, 'train/overhead_time_percent': 46.26, 'epoch': 1.0326340326340326}
{'loss': 1.2216, 'learning_rate': 0.0001, 'grad_norm': 0.3094647228717804, 'train/tokens_per_sec': 1636.4256859562088, 'train/step_time': 10.012064795002516, 'train/mfu': 85.83, 'train/efficiency': 52.41, 'train/forward_time_percent': 16.51, 'train/backward_time_percent': 35.01, 'train/optimizer_time_percent': 0.89, 'train/overhead_time_percent': 47.59, 'epoch': 1.0326340326340326}
{'loss': 1.4945, 'learning_rate': 0.0001, 'grad_norm': 0.2578853964805603, 'train/tokens_per_sec': 1638.460625009216, 'train/step_time': 9.999629988000379, 'train/mfu': 85.7, 'train/efficiency': 52.69, 'train/forward_time_percent': 16.56, 'train/backward_time_percent': 35.11, 'train/optimizer_time_percent': 1.02, 'train/overhead_time_percent': 47.31, 'epoch': 1.0372960372960374}
{'loss': 1.4945, 'learning_rate': 0.0001, 'grad_norm': 0.2578853964805603, 'train/tokens_per_sec': 1639.1377603342646, 'train/step_time': 9.995499094999104, 'train/mfu': 84.2, 'train/efficiency': 53.51, 'train/forward_time_percent': 17.04, 'train/backward_time_percent': 35.57, 'train/optimizer_time_percent': 0.9, 'train/overhead_time_percent': 46.49, 'epoch': 1.0372960372960374}
{'loss': 1.0478, 'learning_rate': 0.0001, 'grad_norm': 0.24535998702049255, 'train/tokens_per_sec': 1636.3967630105649, 'train/step_time': 10.012241756001458, 'train/mfu': 86.02, 'train/efficiency': 52.45, 'train/forward_time_percent': 16.98, 'train/backward_time_percent': 34.43, 'train/optimizer_time_percent': 1.04, 'train/overhead_time_percent': 47.55, 'epoch': 1.0419580419580419}
{'loss': 1.0478, 'learning_rate': 0.0001, 'grad_norm': 0.24535998702049255, 'train/tokens_per_sec': 1637.3664504150233, 'train/step_time': 10.006312268000329, 'train/mfu': 84.79, 'train/efficiency': 53.12, 'train/forward_time_percent': 17.18, 'train/backward_time_percent': 35.0, 'train/optimizer_time_percent': 0.94, 'train/overhead_time_percent': 46.88, 'epoch': 1.0419580419580419}
{'loss': 1.1805, 'learning_rate': 0.0001, 'grad_norm': 0.27151694893836975, 'train/tokens_per_sec': 1638.1061512763877, 'train/step_time': 10.001793832001567, 'train/mfu': 84.28, 'train/efficiency': 53.42, 'train/forward_time_percent': 16.8, 'train/backward_time_percent': 35.72, 'train/optimizer_time_percent': 0.89, 'train/overhead_time_percent': 46.58, 'epoch': 1.0466200466200466}
{'loss': 1.1805, 'learning_rate': 0.0001, 'grad_norm': 0.27151694893836975, 'train/tokens_per_sec': 1637.4572600184977, 'train/step_time': 10.005757340997661, 'train/mfu': 85.89, 'train/efficiency': 52.55, 'train/forward_time_percent': 16.87, 'train/backward_time_percent': 34.65, 'train/optimizer_time_percent': 1.03, 'train/overhead_time_percent': 47.45, 'epoch': 1.0466200466200466}
{'loss': 1.1311, 'learning_rate': 0.0001, 'grad_norm': 0.2576243281364441, 'train/tokens_per_sec': 1598.307729725519, 'train/step_time': 10.250841996999952, 'train/mfu': 80.67, 'train/efficiency': 54.56, 'train/forward_time_percent': 18.58, 'train/backward_time_percent': 34.96, 'train/optimizer_time_percent': 1.01, 'train/overhead_time_percent': 45.44, 'epoch': 1.0512820512820513}
{'loss': 1.1311, 'learning_rate': 0.0001, 'grad_norm': 0.2576243281364441, 'train/tokens_per_sec': 1598.0239492843034, 'train/step_time': 10.252662363000127, 'train/mfu': 82.33, 'train/efficiency': 53.31, 'train/forward_time_percent': 18.7, 'train/backward_time_percent': 33.76, 'train/optimizer_time_percent': 0.86, 'train/overhead_time_percent': 46.69, 'epoch': 1.0512820512820513}
{'loss': 1.2429, 'learning_rate': 0.0001, 'grad_norm': 0.27049973607063293, 'train/tokens_per_sec': 1637.7226176175816, 'train/step_time': 10.00413612400007, 'train/mfu': 85.13, 'train/efficiency': 53.02, 'train/forward_time_percent': 17.58, 'train/backward_time_percent': 34.4, 'train/optimizer_time_percent': 1.03, 'train/overhead_time_percent': 46.98, 'epoch': 1.055944055944056}
{'loss': 1.2429, 'learning_rate': 0.0001, 'grad_norm': 0.27049973607063293, 'train/tokens_per_sec': 1637.5336960403251, 'train/step_time': 10.005290296998282, 'train/mfu': 84.67, 'train/efficiency': 53.28, 'train/forward_time_percent': 16.63, 'train/backward_time_percent': 35.64, 'train/optimizer_time_percent': 1.02, 'train/overhead_time_percent': 46.72, 'epoch': 1.055944055944056}
{'loss': 1.363, 'learning_rate': 0.0001, 'grad_norm': 0.2844780385494232, 'train/tokens_per_sec': 1638.3503819031232, 'train/step_time': 10.000302854001347, 'train/mfu': 87.6, 'train/efficiency': 51.47, 'train/forward_time_percent': 16.08, 'train/backward_time_percent': 34.46, 'train/optimizer_time_percent': 0.93, 'train/overhead_time_percent': 48.53, 'epoch': 1.0606060606060606}
{'loss': 1.363, 'learning_rate': 0.0001, 'grad_norm': 0.2844780385494232, 'train/tokens_per_sec': 1639.7335127876, 'train/step_time': 9.991867502998502, 'train/mfu': 82.36, 'train/efficiency': 54.69, 'train/forward_time_percent': 17.42, 'train/backward_time_percent': 36.38, 'train/optimizer_time_percent': 0.88, 'train/overhead_time_percent': 45.31, 'epoch': 1.0606060606060606}
{'loss': 1.152, 'learning_rate': 0.0001, 'grad_norm': 0.2516684830188751, 'train/tokens_per_sec': 1637.955418442108, 'train/step_time': 10.002714246998949, 'train/mfu': 85.13, 'train/efficiency': 53.01, 'train/forward_time_percent': 16.6, 'train/backward_time_percent': 35.39, 'train/optimizer_time_percent': 1.01, 'train/overhead_time_percent': 46.99, 'epoch': 1.0652680652680653}
{'loss': 1.152, 'learning_rate': 0.0001, 'grad_norm': 0.2516684830188751, 'train/tokens_per_sec': 1637.5930886149729, 'train/step_time': 10.004927423000481, 'train/mfu': 86.89, 'train/efficiency': 51.92, 'train/forward_time_percent': 16.48, 'train/backward_time_percent': 34.45, 'train/optimizer_time_percent': 0.99, 'train/overhead_time_percent': 48.08, 'epoch': 1.0652680652680653}
{'loss': 1.1191, 'learning_rate': 0.0001, 'grad_norm': 0.29068198800086975, 'train/tokens_per_sec': 1637.6571593678038, 'train/step_time': 10.004535995998594, 'train/mfu': 85.93, 'train/efficiency': 52.5, 'train/forward_time_percent': 16.86, 'train/backward_time_percent': 34.65, 'train/optimizer_time_percent': 1.0, 'train/overhead_time_percent': 47.5, 'epoch': 1.06993006993007}
  step   230  loss   1.1191  |     5632.8 ms
{'loss': 1.1191, 'learning_rate': 0.0001, 'grad_norm': 0.29068198800086975, 'train/tokens_per_sec': 1638.371948778492, 'train/step_time': 10.000171214000147, 'train/mfu': 84.76, 'train/efficiency': 53.12, 'train/forward_time_percent': 17.01, 'train/backward_time_percent': 35.23, 'train/optimizer_time_percent': 0.88, 'train/overhead_time_percent': 46.88, 'epoch': 1.06993006993007}
{'loss': 1.1204, 'learning_rate': 0.0001, 'grad_norm': 0.3116830587387085, 'train/tokens_per_sec': 1638.9610855437716, 'train/step_time': 9.996576577999804, 'train/mfu': 83.48, 'train/efficiency': 53.95, 'train/forward_time_percent': 17.39, 'train/backward_time_percent': 35.66, 'train/optimizer_time_percent': 0.89, 'train/overhead_time_percent': 46.05, 'epoch': 1.0745920745920745}
{'loss': 1.1204, 'learning_rate': 0.0001, 'grad_norm': 0.3116830587387085, 'train/tokens_per_sec': 1638.3851056046303, 'train/step_time': 10.000090909001301, 'train/mfu': 88.77, 'train/efficiency': 50.9, 'train/forward_time_percent': 16.28, 'train/backward_time_percent': 33.6, 'train/optimizer_time_percent': 1.02, 'train/overhead_time_percent': 49.1, 'epoch': 1.0745920745920745}
{'loss': 1.1973, 'learning_rate': 0.0001, 'grad_norm': 0.2946905791759491, 'train/tokens_per_sec': 1636.1199843412126, 'train/step_time': 10.013935504000983, 'train/mfu': 87.31, 'train/efficiency': 51.51, 'train/forward_time_percent': 16.34, 'train/backward_time_percent': 34.3, 'train/optimizer_time_percent': 0.87, 'train/overhead_time_percent': 48.49, 'epoch': 1.0792540792540792}
{'loss': 1.1973, 'learning_rate': 0.0001, 'grad_norm': 0.2946905791759491, 'train/tokens_per_sec': 1637.440237820004, 'train/step_time': 10.005861356999958, 'train/mfu': 83.14, 'train/efficiency': 54.26, 'train/forward_time_percent': 16.45, 'train/backward_time_percent': 36.78, 'train/optimizer_time_percent': 1.03, 'train/overhead_time_percent': 45.74, 'epoch': 1.0792540792540792}
{'loss': 1.1871, 'learning_rate': 0.0001, 'grad_norm': 0.34453797340393066, 'train/tokens_per_sec': 1639.7917850838542, 'train/step_time': 9.991512428001442, 'train/mfu': 84.63, 'train/efficiency': 53.38, 'train/forward_time_percent': 17.07, 'train/backward_time_percent': 35.29, 'train/optimizer_time_percent': 1.02, 'train/overhead_time_percent': 46.62, 'epoch': 1.083916083916084}
{'loss': 1.1871, 'learning_rate': 0.0001, 'grad_norm': 0.34453797340393066, 'train/tokens_per_sec': 1639.1396314347974, 'train/step_time': 9.995487684998807, 'train/mfu': 86.71, 'train/efficiency': 52.12, 'train/forward_time_percent': 17.0, 'train/backward_time_percent': 34.07, 'train/optimizer_time_percent': 1.05, 'train/overhead_time_percent': 47.88, 'epoch': 1.083916083916084}
{'loss': 1.1616, 'learning_rate': 0.0001, 'grad_norm': 0.3152109682559967, 'train/tokens_per_sec': 1641.118079664803, 'train/step_time': 9.983437634997244, 'train/mfu': 83.76, 'train/efficiency': 53.98, 'train/forward_time_percent': 17.26, 'train/backward_time_percent': 35.68, 'train/optimizer_time_percent': 1.03, 'train/overhead_time_percent': 46.02, 'epoch': 1.0885780885780885}
{'loss': 1.1616, 'learning_rate': 0.0001, 'grad_norm': 0.3152109682559967, 'train/tokens_per_sec': 1640.2119616722946, 'train/step_time': 9.988952881001751, 'train/mfu': 86.26, 'train/efficiency': 52.33, 'train/forward_time_percent': 16.36, 'train/backward_time_percent': 35.02, 'train/optimizer_time_percent': 0.94, 'train/overhead_time_percent': 47.67, 'epoch': 1.0885780885780885}
{'loss': 1.0494, 'learning_rate': 0.0001, 'grad_norm': 0.2479194849729538, 'train/tokens_per_sec': 1640.0920414649518, 'train/step_time': 9.989683252999384, 'train/mfu': 85.97, 'train/efficiency': 52.53, 'train/forward_time_percent': 17.01, 'train/backward_time_percent': 34.55, 'train/optimizer_time_percent': 0.97, 'train/overhead_time_percent': 47.47, 'epoch': 1.0932400932400932}
{'loss': 1.0494, 'learning_rate': 0.0001, 'grad_norm': 0.2479194849729538, 'train/tokens_per_sec': 1640.2020435674626, 'train/step_time': 9.989013283000531, 'train/mfu': 85.27, 'train/efficiency': 52.88, 'train/forward_time_percent': 16.61, 'train/backward_time_percent': 35.38, 'train/optimizer_time_percent': 0.9, 'train/overhead_time_percent': 47.12, 'epoch': 1.0932400932400932}
{'loss': 1.1268, 'learning_rate': 0.0001, 'grad_norm': 0.28198787569999695, 'train/tokens_per_sec': 1639.7076347005182, 'train/step_time': 9.992025195999304, 'train/mfu': 85.33, 'train/efficiency': 52.99, 'train/forward_time_percent': 16.8, 'train/backward_time_percent': 35.13, 'train/optimizer_time_percent': 1.06, 'train/overhead_time_percent': 47.01, 'epoch': 1.097902097902098}
{'loss': 1.1268, 'learning_rate': 0.0001, 'grad_norm': 0.28198787569999695, 'train/tokens_per_sec': 1639.3381192712088, 'train/step_time': 9.994277451001835, 'train/mfu': 86.95, 'train/efficiency': 51.99, 'train/forward_time_percent': 17.0, 'train/backward_time_percent': 33.95, 'train/optimizer_time_percent': 1.04, 'train/overhead_time_percent': 48.01, 'epoch': 1.097902097902098}
{'loss': 1.2583, 'learning_rate': 0.0001, 'grad_norm': 0.33039534091949463, 'train/tokens_per_sec': 1639.1447395117173, 'train/step_time': 9.995456535998528, 'train/mfu': 84.76, 'train/efficiency': 53.29, 'train/forward_time_percent': 16.74, 'train/backward_time_percent': 35.52, 'train/optimizer_time_percent': 1.03, 'train/overhead_time_percent': 46.71, 'epoch': 1.1025641025641026}
{'loss': 1.2583, 'learning_rate': 0.0001, 'grad_norm': 0.33039534091949463, 'train/tokens_per_sec': 1638.5666196128695, 'train/step_time': 9.998983138000767, 'train/mfu': 89.17, 'train/efficiency': 50.7, 'train/forward_time_percent': 16.75, 'train/backward_time_percent': 32.91, 'train/optimizer_time_percent': 1.04, 'train/overhead_time_percent': 49.3, 'epoch': 1.1025641025641026}
{'loss': 1.1217, 'learning_rate': 0.0001, 'grad_norm': 0.31549257040023804, 'train/tokens_per_sec': 1638.0429343231071, 'train/step_time': 10.00217983100083, 'train/mfu': 85.05, 'train/efficiency': 53.1, 'train/forward_time_percent': 16.96, 'train/backward_time_percent': 35.09, 'train/optimizer_time_percent': 1.05, 'train/overhead_time_percent': 46.9, 'epoch': 1.1072261072261071}
{'loss': 1.1217, 'learning_rate': 0.0001, 'grad_norm': 0.31549257040023804, 'train/tokens_per_sec': 1637.367034422528, 'train/step_time': 10.006308699001238, 'train/mfu': 87.16, 'train/efficiency': 51.8, 'train/forward_time_percent': 16.52, 'train/backward_time_percent': 34.24, 'train/optimizer_time_percent': 1.04, 'train/overhead_time_percent': 48.2, 'epoch': 1.1072261072261071}
{'loss': 1.1706, 'learning_rate': 0.0001, 'grad_norm': 0.2503609359264374, 'train/tokens_per_sec': 1636.6388935728144, 'train/step_time': 10.010760507000668, 'train/mfu': 86.46, 'train/efficiency': 52.04, 'train/forward_time_percent': 16.27, 'train/backward_time_percent': 34.88, 'train/optimizer_time_percent': 0.88, 'train/overhead_time_percent': 47.96, 'epoch': 1.1118881118881119}
{'loss': 1.1706, 'learning_rate': 0.0001, 'grad_norm': 0.2503609359264374, 'train/tokens_per_sec': 1637.5901978917318, 'train/step_time': 10.004945083997882, 'train/mfu': 83.24, 'train/efficiency': 54.05, 'train/forward_time_percent': 16.9, 'train/backward_time_percent': 36.27, 'train/optimizer_time_percent': 0.88, 'train/overhead_time_percent': 45.95, 'epoch': 1.1118881118881119}
  step   240  loss   1.0960  |     5490.7 ms
{'loss': 1.096, 'learning_rate': 0.0001, 'grad_norm': 0.31290772557258606, 'train/tokens_per_sec': 1636.8232417874742, 'train/step_time': 10.009633039000619, 'train/mfu': 87.3, 'train/efficiency': 51.71, 'train/forward_time_percent': 16.15, 'train/backward_time_percent': 34.52, 'train/optimizer_time_percent': 1.04, 'train/overhead_time_percent': 48.29, 'epoch': 1.1165501165501166}
{'loss': 1.096, 'learning_rate': 0.0001, 'grad_norm': 0.31290772557258606, 'train/tokens_per_sec': 1638.244609549669, 'train/step_time': 10.000948518001678, 'train/mfu': 85.02, 'train/efficiency': 53.02, 'train/forward_time_percent': 17.43, 'train/backward_time_percent': 34.64, 'train/optimizer_time_percent': 0.95, 'train/overhead_time_percent': 46.98, 'epoch': 1.1165501165501166}
{'loss': 1.0436, 'learning_rate': 0.0001, 'grad_norm': 0.3302723169326782, 'train/tokens_per_sec': 1638.4611509746583, 'train/step_time': 9.999626778000675, 'train/mfu': 84.86, 'train/efficiency': 53.05, 'train/forward_time_percent': 16.27, 'train/backward_time_percent': 35.91, 'train/optimizer_time_percent': 0.87, 'train/overhead_time_percent': 46.95, 'epoch': 1.121212121212121}
{'loss': 1.0436, 'learning_rate': 0.0001, 'grad_norm': 0.3302723169326782, 'train/tokens_per_sec': 1637.6334869777158, 'train/step_time': 10.004680613998062, 'train/mfu': 87.5, 'train/efficiency': 51.59, 'train/forward_time_percent': 17.7, 'train/backward_time_percent': 32.88, 'train/optimizer_time_percent': 1.02, 'train/overhead_time_percent': 48.41, 'epoch': 1.121212121212121}
{'loss': 1.0037, 'learning_rate': 0.0001, 'grad_norm': 0.24701841175556183, 'train/tokens_per_sec': 1639.9282842627588, 'train/step_time': 9.990680785998848, 'train/mfu': 85.41, 'train/efficiency': 52.95, 'train/forward_time_percent': 17.69, 'train/backward_time_percent': 34.2, 'train/optimizer_time_percent': 1.07, 'train/overhead_time_percent': 47.05, 'epoch': 1.1258741258741258}
{'loss': 1.0037, 'learning_rate': 0.0001, 'grad_norm': 0.24701841175556183, 'train/tokens_per_sec': 1639.1606723436064, 'train/step_time': 9.995359379001457, 'train/mfu': 85.8, 'train/efficiency': 52.61, 'train/forward_time_percent': 16.56, 'train/backward_time_percent': 35.07, 'train/optimizer_time_percent': 0.98, 'train/overhead_time_percent': 47.39, 'epoch': 1.1258741258741258}
{'loss': 1.2702, 'learning_rate': 0.0001, 'grad_norm': 0.3444783091545105, 'train/tokens_per_sec': 1637.735876811259, 'train/step_time': 10.00405513000078, 'train/mfu': 86.28, 'train/efficiency': 52.29, 'train/forward_time_percent': 17.27, 'train/backward_time_percent': 34.03, 'train/optimizer_time_percent': 0.99, 'train/overhead_time_percent': 47.71, 'epoch': 1.1305361305361306}
{'loss': 1.2702, 'learning_rate': 0.0001, 'grad_norm': 0.3444783091545105, 'train/tokens_per_sec': 1638.7830352169549, 'train/step_time': 9.99766268500025, 'train/mfu': 84.13, 'train/efficiency': 53.66, 'train/forward_time_percent': 16.9, 'train/backward_time_percent': 35.74, 'train/optimizer_time_percent': 1.02, 'train/overhead_time_percent': 46.34, 'epoch': 1.1305361305361306}
{'loss': 0.9701, 'learning_rate': 0.0001, 'grad_norm': 0.2839091122150421, 'train/tokens_per_sec': 1637.4529067364742, 'train/step_time': 10.005783941996924, 'train/mfu': 86.68, 'train/efficiency': 51.98, 'train/forward_time_percent': 17.11, 'train/backward_time_percent': 33.94, 'train/optimizer_time_percent': 0.93, 'train/overhead_time_percent': 48.02, 'epoch': 1.1351981351981353}{'loss': 0.9701, 'learning_rate': 0.0001, 'grad_norm': 0.2839091122150421, 'train/tokens_per_sec': 1638.4750059447583, 'train/step_time': 9.99954222100132, 'train/mfu': 84.34, 'train/efficiency': 53.51, 'train/forward_time_percent': 17.17, 'train/backward_time_percent': 35.33, 'train/optimizer_time_percent': 1.02, 'train/overhead_time_percent': 46.49, 'epoch': 1.1351981351981353}

{'loss': 1.2142, 'learning_rate': 0.0001, 'grad_norm': 0.24276916682720184, 'train/tokens_per_sec': 1639.0425864819495, 'train/step_time': 9.996079501001077, 'train/mfu': 83.98, 'train/efficiency': 53.61, 'train/forward_time_percent': 17.14, 'train/backward_time_percent': 35.6, 'train/optimizer_time_percent': 0.87, 'train/overhead_time_percent': 46.39, 'epoch': 1.1398601398601398}{'loss': 1.2142, 'learning_rate': 0.0001, 'grad_norm': 0.24276916682720184, 'train/tokens_per_sec': 1638.0905859835386, 'train/step_time': 10.001888869999675, 'train/mfu': 86.27, 'train/efficiency': 52.26, 'train/forward_time_percent': 16.48, 'train/backward_time_percent': 34.83, 'train/optimizer_time_percent': 0.95, 'train/overhead_time_percent': 47.74, 'epoch': 1.1398601398601398}

{'loss': 1.1208, 'learning_rate': 0.0001, 'grad_norm': 0.4516693949699402, 'train/tokens_per_sec': 1637.1514385704993, 'train/step_time': 10.007626425998751, 'train/mfu': 86.13, 'train/efficiency': 52.33, 'train/forward_time_percent': 16.72, 'train/backward_time_percent': 34.65, 'train/optimizer_time_percent': 0.96, 'train/overhead_time_percent': 47.67, 'epoch': 1.1445221445221445}
{'loss': 1.1208, 'learning_rate': 0.0001, 'grad_norm': 0.4516693949699402, 'train/tokens_per_sec': 1638.1343106685426, 'train/step_time': 10.001621901999897, 'train/mfu': 83.81, 'train/efficiency': 53.82, 'train/forward_time_percent': 17.0, 'train/backward_time_percent': 35.82, 'train/optimizer_time_percent': 1.0, 'train/overhead_time_percent': 46.18, 'epoch': 1.1445221445221445}
{'loss': 1.2071, 'learning_rate': 0.0001, 'grad_norm': 0.3781338334083557, 'train/tokens_per_sec': 1638.1995553084505, 'train/step_time': 10.001223567000125, 'train/mfu': 84.13, 'train/efficiency': 53.51, 'train/forward_time_percent': 17.21, 'train/backward_time_percent': 35.41, 'train/optimizer_time_percent': 0.89, 'train/overhead_time_percent': 46.49, 'epoch': 1.1491841491841492}
{'loss': 1.2071, 'learning_rate': 0.0001, 'grad_norm': 0.3781338334083557, 'train/tokens_per_sec': 1638.5156795346436, 'train/step_time': 9.999293998000212, 'train/mfu': 84.23, 'train/efficiency': 53.62, 'train/forward_time_percent': 16.53, 'train/backward_time_percent': 36.04, 'train/optimizer_time_percent': 1.05, 'train/overhead_time_percent': 46.38, 'epoch': 1.1491841491841492}
{'loss': 1.2548, 'learning_rate': 0.0001, 'grad_norm': 0.31468939781188965, 'train/tokens_per_sec': 1638.9628434415838, 'train/step_time': 9.996565855999506, 'train/mfu': 84.53, 'train/efficiency': 53.3, 'train/forward_time_percent': 17.17, 'train/backward_time_percent': 35.22, 'train/optimizer_time_percent': 0.91, 'train/overhead_time_percent': 46.7, 'epoch': 1.1538461538461537}
{'loss': 1.2548, 'learning_rate': 0.0001, 'grad_norm': 0.31468939781188965, 'train/tokens_per_sec': 1638.8609145543924, 'train/step_time': 9.997187592001865, 'train/mfu': 85.25, 'train/efficiency': 52.96, 'train/forward_time_percent': 17.02, 'train/backward_time_percent': 34.93, 'train/optimizer_time_percent': 1.01, 'train/overhead_time_percent': 47.04, 'epoch': 1.1538461538461537}
{'loss': 1.314, 'learning_rate': 0.0001, 'grad_norm': 0.30077072978019714, 'train/tokens_per_sec': 1637.7387660846623, 'train/step_time': 10.004037481001433, 'train/mfu': 84.6, 'train/efficiency': 53.2, 'train/forward_time_percent': 17.46, 'train/backward_time_percent': 34.86, 'train/optimizer_time_percent': 0.88, 'train/overhead_time_percent': 46.8, 'epoch': 1.1585081585081585}{'loss': 1.314, 'learning_rate': 0.0001, 'grad_norm': 0.30077072978019714, 'train/tokens_per_sec': 1637.465898408042, 'train/step_time': 10.005704556002456, 'train/mfu': 84.77, 'train/efficiency': 53.25, 'train/forward_time_percent': 17.04, 'train/backward_time_percent': 35.16, 'train/optimizer_time_percent': 1.05, 'train/overhead_time_percent': 46.75, 'epoch': 1.1585081585081585}

  step   250  loss   1.3443  |     5580.7 ms
{'loss': 1.3443, 'learning_rate': 0.0001, 'grad_norm': 0.3517382740974426, 'train/tokens_per_sec': 1638.4217569301834, 'train/step_time': 9.999867208000069, 'train/mfu': 85.51, 'train/efficiency': 52.74, 'train/forward_time_percent': 16.64, 'train/backward_time_percent': 35.13, 'train/optimizer_time_percent': 0.96, 'train/overhead_time_percent': 47.26, 'epoch': 1.1631701631701632}{'loss': 1.3443, 'learning_rate': 0.0001, 'grad_norm': 0.3517382740974426, 'train/tokens_per_sec': 1638.4909586951599, 'train/step_time': 9.999444863002282, 'train/mfu': 85.85, 'train/efficiency': 52.62, 'train/forward_time_percent': 16.71, 'train/backward_time_percent': 34.87, 'train/optimizer_time_percent': 1.05, 'train/overhead_time_percent': 47.38, 'epoch': 1.1631701631701632}

{'loss': 1.1658, 'learning_rate': 0.0001, 'grad_norm': 0.3316858410835266, 'train/tokens_per_sec': 1639.739647451413, 'train/step_time': 9.991830120998202, 'train/mfu': 85.42, 'train/efficiency': 52.93, 'train/forward_time_percent': 16.65, 'train/backward_time_percent': 35.23, 'train/optimizer_time_percent': 1.05, 'train/overhead_time_percent': 47.07, 'epoch': 1.167832167832168}
{'loss': 1.1658, 'learning_rate': 0.0001, 'grad_norm': 0.3316858410835266, 'train/tokens_per_sec': 1640.0952679090353, 'train/step_time': 9.989663600998028, 'train/mfu': 84.94, 'train/efficiency': 53.18, 'train/forward_time_percent': 17.01, 'train/backward_time_percent': 35.17, 'train/optimizer_time_percent': 1.0, 'train/overhead_time_percent': 46.82, 'epoch': 1.167832167832168}
{'loss': 1.1693, 'learning_rate': 0.0001, 'grad_norm': 0.47114917635917664, 'train/tokens_per_sec': 1637.4688510454728, 'train/step_time': 10.005686513999535, 'train/mfu': 83.69, 'train/efficiency': 53.92, 'train/forward_time_percent': 16.43, 'train/backward_time_percent': 36.44, 'train/optimizer_time_percent': 1.04, 'train/overhead_time_percent': 46.08, 'epoch': 1.1724941724941724}
{'loss': 1.1693, 'learning_rate': 0.0001, 'grad_norm': 0.47114917635917664, 'train/tokens_per_sec': 1636.402044251439, 'train/step_time': 10.012209443000756, 'train/mfu': 86.67, 'train/efficiency': 51.98, 'train/forward_time_percent': 16.45, 'train/backward_time_percent': 34.57, 'train/optimizer_time_percent': 0.96, 'train/overhead_time_percent': 48.02, 'epoch': 1.1724941724941724}
{'loss': 1.3502, 'learning_rate': 0.0001, 'grad_norm': 0.32574954628944397, 'train/tokens_per_sec': 1638.8520812796426, 'train/step_time': 9.997241476001363, 'train/mfu': 83.33, 'train/efficiency': 54.05, 'train/forward_time_percent': 16.45, 'train/backward_time_percent': 36.7, 'train/optimizer_time_percent': 0.9, 'train/overhead_time_percent': 45.95, 'epoch': 1.1771561771561772}
{'loss': 1.3502, 'learning_rate': 0.0001, 'grad_norm': 0.32574954628944397, 'train/tokens_per_sec': 1638.2537132813668, 'train/step_time': 10.000892943000508, 'train/mfu': 86.74, 'train/efficiency': 51.96, 'train/forward_time_percent': 16.58, 'train/backward_time_percent': 34.45, 'train/optimizer_time_percent': 0.92, 'train/overhead_time_percent': 48.04, 'epoch': 1.1771561771561772}
{'loss': 1.5393, 'learning_rate': 0.0001, 'grad_norm': 0.37336423993110657, 'train/tokens_per_sec': 1639.3851335762145, 'train/step_time': 9.993990835002478, 'train/mfu': 84.47, 'train/efficiency': 53.31, 'train/forward_time_percent': 16.7, 'train/backward_time_percent': 35.74, 'train/optimizer_time_percent': 0.87, 'train/overhead_time_percent': 46.69, 'epoch': 1.1818181818181819}
{'loss': 1.5393, 'learning_rate': 0.0001, 'grad_norm': 0.37336423993110657, 'train/tokens_per_sec': 1639.2605344074166, 'train/step_time': 9.994750472000305, 'train/mfu': 84.75, 'train/efficiency': 53.34, 'train/forward_time_percent': 17.41, 'train/backward_time_percent': 34.86, 'train/optimizer_time_percent': 1.07, 'train/overhead_time_percent': 46.66, 'epoch': 1.1818181818181819}
{'loss': 1.1639, 'learning_rate': 0.0001, 'grad_norm': 0.2772773802280426, 'train/tokens_per_sec': 1638.2035482688311, 'train/step_time': 10.00119918999917, 'train/mfu': 85.29, 'train/efficiency': 52.86, 'train/forward_time_percent': 17.02, 'train/backward_time_percent': 34.89, 'train/optimizer_time_percent': 0.96, 'train/overhead_time_percent': 47.14, 'epoch': 1.1864801864801864}
{'loss': 1.1639, 'learning_rate': 0.0001, 'grad_norm': 0.2772773802280426, 'train/tokens_per_sec': 1638.570200908487, 'train/step_time': 9.99896128399996, 'train/mfu': 84.05, 'train/efficiency': 53.62, 'train/forward_time_percent': 16.81, 'train/backward_time_percent': 35.87, 'train/optimizer_time_percent': 0.94, 'train/overhead_time_percent': 46.38, 'epoch': 1.1864801864801864}
{'loss': 0.9009, 'learning_rate': 0.0001, 'grad_norm': 0.274017870426178, 'train/tokens_per_sec': 1639.7040277548322, 'train/step_time': 9.992047175997868, 'train/mfu': 85.98, 'train/efficiency': 52.44, 'train/forward_time_percent': 16.73, 'train/backward_time_percent': 34.8, 'train/optimizer_time_percent': 0.91, 'train/overhead_time_percent': 47.56, 'epoch': 1.191142191142191}
{'loss': 0.9009, 'learning_rate': 0.0001, 'grad_norm': 0.274017870426178, 'train/tokens_per_sec': 1640.4120524883544, 'train/step_time': 9.987734468999406, 'train/mfu': 83.44, 'train/efficiency': 54.2, 'train/forward_time_percent': 17.23, 'train/backward_time_percent': 35.9, 'train/optimizer_time_percent': 1.07, 'train/overhead_time_percent': 45.8, 'epoch': 1.191142191142191}
{'loss': 1.0381, 'learning_rate': 0.0001, 'grad_norm': 0.29023051261901855, 'train/tokens_per_sec': 1639.3384199344723, 'train/step_time': 9.994275617998937, 'train/mfu': 82.98, 'train/efficiency': 54.25, 'train/forward_time_percent': 16.82, 'train/backward_time_percent': 36.56, 'train/optimizer_time_percent': 0.87, 'train/overhead_time_percent': 45.75, 'epoch': 1.1958041958041958}
{'loss': 1.0381, 'learning_rate': 0.0001, 'grad_norm': 0.29023051261901855, 'train/tokens_per_sec': 1638.2499061649733, 'train/step_time': 10.000916183998925, 'train/mfu': 86.82, 'train/efficiency': 52.03, 'train/forward_time_percent': 16.81, 'train/backward_time_percent': 34.18, 'train/optimizer_time_percent': 1.04, 'train/overhead_time_percent': 47.97, 'epoch': 1.1958041958041958}
{'loss': 1.0666, 'learning_rate': 0.0001, 'grad_norm': 0.3193347156047821, 'train/tokens_per_sec': 1636.8559096254821, 'train/step_time': 10.009433269999136, 'train/mfu': 83.45, 'train/efficiency': 53.89, 'train/forward_time_percent': 17.1, 'train/backward_time_percent': 35.91, 'train/optimizer_time_percent': 0.88, 'train/overhead_time_percent': 46.11, 'epoch': 1.2004662004662006}
{'loss': 1.0666, 'learning_rate': 0.0001, 'grad_norm': 0.3193347156047821, 'train/tokens_per_sec': 1635.494437661032, 'train/step_time': 10.017765650998626, 'train/mfu': 86.89, 'train/efficiency': 51.89, 'train/forward_time_percent': 16.41, 'train/backward_time_percent': 34.46, 'train/optimizer_time_percent': 1.03, 'train/overhead_time_percent': 48.11, 'epoch': 1.2004662004662006}
{'loss': 1.1632, 'learning_rate': 0.0001, 'grad_norm': 0.5471287965774536, 'train/tokens_per_sec': 1641.3440653911507, 'train/step_time': 9.982063081999513, 'train/mfu': 86.67, 'train/efficiency': 52.13, 'train/forward_time_percent': 16.99, 'train/backward_time_percent': 34.19, 'train/optimizer_time_percent': 0.96, 'train/overhead_time_percent': 47.87, 'epoch': 1.205128205128205}{'loss': 1.1632, 'learning_rate': 0.0001, 'grad_norm': 0.5471287965774536, 'train/tokens_per_sec': 1641.9382261469848, 'train/step_time': 9.978450918002636, 'train/mfu': 84.8, 'train/efficiency': 53.35, 'train/forward_time_percent': 17.21, 'train/backward_time_percent': 35.12, 'train/optimizer_time_percent': 1.02, 'train/overhead_time_percent': 46.65, 'epoch': 1.205128205128205}

  step   260  loss   1.0988  |     5652.8 ms
{'loss': 1.0988, 'learning_rate': 0.0001, 'grad_norm': 0.25844451785087585, 'train/tokens_per_sec': 1636.73256151677, 'train/step_time': 10.010187605003011, 'train/mfu': 85.37, 'train/efficiency': 52.87, 'train/forward_time_percent': 16.67, 'train/backward_time_percent': 35.14, 'train/optimizer_time_percent': 1.05, 'train/overhead_time_percent': 47.13, 'epoch': 1.2097902097902098}{'loss': 1.0988, 'learning_rate': 0.0001, 'grad_norm': 0.25844451785087585, 'train/tokens_per_sec': 1637.0148950138382, 'train/step_time': 10.008461163000902, 'train/mfu': 84.36, 'train/efficiency': 53.31, 'train/forward_time_percent': 17.38, 'train/backward_time_percent': 35.06, 'train/optimizer_time_percent': 0.87, 'train/overhead_time_percent': 46.69, 'epoch': 1.2097902097902098}

{'loss': 1.1557, 'learning_rate': 0.0001, 'grad_norm': 0.26699453592300415, 'train/tokens_per_sec': 1638.5016519871147, 'train/step_time': 9.999379603999841, 'train/mfu': 85.93, 'train/efficiency': 52.45, 'train/forward_time_percent': 16.56, 'train/backward_time_percent': 34.97, 'train/optimizer_time_percent': 0.92, 'train/overhead_time_percent': 47.55, 'epoch': 1.2144522144522145}
{'loss': 1.1557, 'learning_rate': 0.0001, 'grad_norm': 0.26699453592300415, 'train/tokens_per_sec': 1639.1200560975615, 'train/step_time': 9.995607057000598, 'train/mfu': 84.16, 'train/efficiency': 53.66, 'train/forward_time_percent': 17.01, 'train/backward_time_percent': 35.62, 'train/optimizer_time_percent': 1.03, 'train/overhead_time_percent': 46.34, 'epoch': 1.2144522144522145}
{'loss': 1.1938, 'learning_rate': 0.0001, 'grad_norm': 0.2561100125312805, 'train/tokens_per_sec': 1636.8507294602891, 'train/step_time': 10.009464946997468, 'train/mfu': 83.93, 'train/efficiency': 53.58, 'train/forward_time_percent': 16.67, 'train/backward_time_percent': 36.03, 'train/optimizer_time_percent': 0.88, 'train/overhead_time_percent': 46.42, 'epoch': 1.219114219114219}
{'loss': 1.1938, 'learning_rate': 0.0001, 'grad_norm': 0.2561100125312805, 'train/tokens_per_sec': 1636.2418686426947, 'train/step_time': 10.013189561999752, 'train/mfu': 85.03, 'train/efficiency': 52.97, 'train/forward_time_percent': 17.06, 'train/backward_time_percent': 34.94, 'train/optimizer_time_percent': 0.97, 'train/overhead_time_percent': 47.03, 'epoch': 1.219114219114219}
{'loss': 1.4672, 'learning_rate': 0.0001, 'grad_norm': 0.2694959342479706, 'train/tokens_per_sec': 1637.9387024092239, 'train/step_time': 10.002816330001224, 'train/mfu': 87.83, 'train/efficiency': 51.35, 'train/forward_time_percent': 16.41, 'train/backward_time_percent': 33.98, 'train/optimizer_time_percent': 0.95, 'train/overhead_time_percent': 48.65, 'epoch': 1.2237762237762237}
{'loss': 1.4672, 'learning_rate': 0.0001, 'grad_norm': 0.2694959342479706, 'train/tokens_per_sec': 1639.2471107788447, 'train/step_time': 9.99483231799968, 'train/mfu': 82.07, 'train/efficiency': 54.85, 'train/forward_time_percent': 17.39, 'train/backward_time_percent': 36.58, 'train/optimizer_time_percent': 0.88, 'train/overhead_time_percent': 45.15, 'epoch': 1.2237762237762237}
{'loss': 1.5285, 'learning_rate': 0.0001, 'grad_norm': 0.31389790773391724, 'train/tokens_per_sec': 1638.5709098280033, 'train/step_time': 9.998956957999326, 'train/mfu': 85.15, 'train/efficiency': 53.04, 'train/forward_time_percent': 15.98, 'train/backward_time_percent': 36.02, 'train/optimizer_time_percent': 1.04, 'train/overhead_time_percent': 46.96, 'epoch': 1.2284382284382285}
{'loss': 1.5285, 'learning_rate': 0.0001, 'grad_norm': 0.31389790773391724, 'train/tokens_per_sec': 1638.2511147557989, 'train/step_time': 10.000908805999643, 'train/mfu': 85.27, 'train/efficiency': 52.82, 'train/forward_time_percent': 16.81, 'train/backward_time_percent': 35.11, 'train/optimizer_time_percent': 0.9, 'train/overhead_time_percent': 47.18, 'epoch': 1.2284382284382285}
{'loss': 1.4098, 'learning_rate': 0.0001, 'grad_norm': 0.3271116614341736, 'train/tokens_per_sec': 1639.8984045258642, 'train/step_time': 9.990862821003248, 'train/mfu': 84.48, 'train/efficiency': 53.51, 'train/forward_time_percent': 17.26, 'train/backward_time_percent': 35.2, 'train/optimizer_time_percent': 1.05, 'train/overhead_time_percent': 46.49, 'epoch': 1.2331002331002332}
{'loss': 1.4098, 'learning_rate': 0.0001, 'grad_norm': 0.3271116614341736, 'train/tokens_per_sec': 1640.1193100103337, 'train/step_time': 9.989517165002326, 'train/mfu': 83.61, 'train/efficiency': 54.02, 'train/forward_time_percent': 17.04, 'train/backward_time_percent': 35.97, 'train/optimizer_time_percent': 1.01, 'train/overhead_time_percent': 45.98, 'epoch': 1.2331002331002332}
{'loss': 0.98, 'learning_rate': 0.0001, 'grad_norm': 0.29456329345703125, 'train/tokens_per_sec': 1639.0381001511837, 'train/step_time': 9.996106861999579, 'train/mfu': 84.31, 'train/efficiency': 53.48, 'train/forward_time_percent': 17.89, 'train/backward_time_percent': 34.64, 'train/optimizer_time_percent': 0.95, 'train/overhead_time_percent': 46.52, 'epoch': 1.2377622377622377}{'loss': 0.98, 'learning_rate': 0.0001, 'grad_norm': 0.29456329345703125, 'train/tokens_per_sec': 1639.0161369792454, 'train/step_time': 9.996240812000906, 'train/mfu': 85.47, 'train/efficiency': 52.74, 'train/forward_time_percent': 17.41, 'train/backward_time_percent': 34.41, 'train/optimizer_time_percent': 0.92, 'train/overhead_time_percent': 47.26, 'epoch': 1.2377622377622377}

{'loss': 1.4044, 'learning_rate': 0.0001, 'grad_norm': 0.2714218497276306, 'train/tokens_per_sec': 1640.7966703486015, 'train/step_time': 9.985393251998175, 'train/mfu': 83.55, 'train/efficiency': 54.05, 'train/forward_time_percent': 17.16, 'train/backward_time_percent': 35.91, 'train/optimizer_time_percent': 0.98, 'train/overhead_time_percent': 45.95, 'epoch': 1.2424242424242424}
{'loss': 1.4044, 'learning_rate': 0.0001, 'grad_norm': 0.2714218497276306, 'train/tokens_per_sec': 1639.9012336448834, 'train/step_time': 9.990845585001807, 'train/mfu': 86.09, 'train/efficiency': 52.51, 'train/forward_time_percent': 16.38, 'train/backward_time_percent': 35.1, 'train/optimizer_time_percent': 1.03, 'train/overhead_time_percent': 47.49, 'epoch': 1.2424242424242424}
{'loss': 1.257, 'learning_rate': 0.0001, 'grad_norm': 0.3875565230846405, 'train/tokens_per_sec': 1638.8217517612352, 'train/step_time': 9.997426493999228, 'train/mfu': 88.58, 'train/efficiency': 50.94, 'train/forward_time_percent': 16.47, 'train/backward_time_percent': 33.52, 'train/optimizer_time_percent': 0.94, 'train/overhead_time_percent': 49.06, 'epoch': 1.2470862470862472}
{'loss': 1.257, 'learning_rate': 0.0001, 'grad_norm': 0.3875565230846405, 'train/tokens_per_sec': 1639.8657405325391, 'train/step_time': 9.991061826000077, 'train/mfu': 84.68, 'train/efficiency': 53.34, 'train/forward_time_percent': 16.92, 'train/backward_time_percent': 35.41, 'train/optimizer_time_percent': 1.0, 'train/overhead_time_percent': 46.66, 'epoch': 1.2470862470862472}
{'loss': 1.3215, 'learning_rate': 0.0001, 'grad_norm': 0.40733030438423157, 'train/tokens_per_sec': 1638.9548855494145, 'train/step_time': 9.996614394000062, 'train/mfu': 83.66, 'train/efficiency': 53.81, 'train/forward_time_percent': 17.11, 'train/backward_time_percent': 35.83, 'train/optimizer_time_percent': 0.87, 'train/overhead_time_percent': 46.19, 'epoch': 1.2517482517482517}
{'loss': 1.3215, 'learning_rate': 0.0001, 'grad_norm': 0.40733030438423157, 'train/tokens_per_sec': 1637.7833413249055, 'train/step_time': 10.003765203000512, 'train/mfu': 85.77, 'train/efficiency': 52.53, 'train/forward_time_percent': 16.85, 'train/backward_time_percent': 34.74, 'train/optimizer_time_percent': 0.94, 'train/overhead_time_percent': 47.47, 'epoch': 1.2517482517482517}
{'loss': 1.1131, 'learning_rate': 0.0001, 'grad_norm': 0.38700544834136963, 'train/tokens_per_sec': 1637.8464553955507, 'train/step_time': 10.003379710000445, 'train/mfu': 86.8, 'train/efficiency': 51.98, 'train/forward_time_percent': 17.34, 'train/backward_time_percent': 33.65, 'train/optimizer_time_percent': 0.99, 'train/overhead_time_percent': 48.02, 'epoch': 1.2564102564102564}
  step   270  loss   1.1131  |     5634.4 ms
{'loss': 1.1131, 'learning_rate': 0.0001, 'grad_norm': 0.38700544834136963, 'train/tokens_per_sec': 1638.8105597379686, 'train/step_time': 9.99749476999932, 'train/mfu': 84.97, 'train/efficiency': 53.15, 'train/forward_time_percent': 17.02, 'train/backward_time_percent': 35.1, 'train/optimizer_time_percent': 1.03, 'train/overhead_time_percent': 46.85, 'epoch': 1.2564102564102564}
{'loss': 1.1276, 'learning_rate': 0.0001, 'grad_norm': 0.27841535210609436, 'train/tokens_per_sec': 1637.7035955332874, 'train/step_time': 10.0042523230004, 'train/mfu': 83.76, 'train/efficiency': 53.84, 'train/forward_time_percent': 17.31, 'train/backward_time_percent': 35.53, 'train/optimizer_time_percent': 1.0, 'train/overhead_time_percent': 46.16, 'epoch': 1.2610722610722611}
{'loss': 1.1276, 'learning_rate': 0.0001, 'grad_norm': 0.27841535210609436, 'train/tokens_per_sec': 1637.0898880400239, 'train/step_time': 10.008002687998669, 'train/mfu': 85.87, 'train/efficiency': 52.55, 'train/forward_time_percent': 16.51, 'train/backward_time_percent': 35.01, 'train/optimizer_time_percent': 1.03, 'train/overhead_time_percent': 47.45, 'epoch': 1.2610722610722611}
{'loss': 1.187, 'learning_rate': 0.0001, 'grad_norm': 0.33907291293144226, 'train/tokens_per_sec': 1639.260707604226, 'train/step_time': 9.994749416000559, 'train/mfu': 83.91, 'train/efficiency': 53.81, 'train/forward_time_percent': 17.07, 'train/backward_time_percent': 35.73, 'train/optimizer_time_percent': 1.01, 'train/overhead_time_percent': 46.19, 'epoch': 1.2657342657342658}
{'loss': 1.187, 'learning_rate': 0.0001, 'grad_norm': 0.33907291293144226, 'train/tokens_per_sec': 1638.7594279587065, 'train/step_time': 9.997806706996926, 'train/mfu': 85.08, 'train/efficiency': 52.96, 'train/forward_time_percent': 16.61, 'train/backward_time_percent': 35.44, 'train/optimizer_time_percent': 0.91, 'train/overhead_time_percent': 47.04, 'epoch': 1.2657342657342658}
{'loss': 1.1236, 'learning_rate': 0.0001, 'grad_norm': 0.34379372000694275, 'train/tokens_per_sec': 1638.3997450650136, 'train/step_time': 10.000001555999916, 'train/mfu': 83.69, 'train/efficiency': 53.78, 'train/forward_time_percent': 17.39, 'train/backward_time_percent': 35.52, 'train/optimizer_time_percent': 0.87, 'train/overhead_time_percent': 46.22, 'epoch': 1.2703962703962703}
{'loss': 1.1236, 'learning_rate': 0.0001, 'grad_norm': 0.34379372000694275, 'train/tokens_per_sec': 1637.66814821345, 'train/step_time': 10.004468864997762, 'train/mfu': 86.46, 'train/efficiency': 52.21, 'train/forward_time_percent': 16.33, 'train/backward_time_percent': 34.86, 'train/optimizer_time_percent': 1.02, 'train/overhead_time_percent': 47.79, 'epoch': 1.2703962703962703}
{'loss': 1.1493, 'learning_rate': 0.0001, 'grad_norm': 0.30035603046417236, 'train/tokens_per_sec': 1638.9614836201617, 'train/step_time': 9.996574149998196, 'train/mfu': 86.48, 'train/efficiency': 52.09, 'train/forward_time_percent': 16.25, 'train/backward_time_percent': 34.97, 'train/optimizer_time_percent': 0.87, 'train/overhead_time_percent': 47.91, 'epoch': 1.275058275058275}
{'loss': 1.1493, 'learning_rate': 0.0001, 'grad_norm': 0.30035603046417236, 'train/tokens_per_sec': 1639.8839304765424, 'train/step_time': 9.9909510030011, 'train/mfu': 83.68, 'train/efficiency': 53.97, 'train/forward_time_percent': 17.42, 'train/backward_time_percent': 35.54, 'train/optimizer_time_percent': 1.01, 'train/overhead_time_percent': 46.03, 'epoch': 1.275058275058275}
{'loss': 1.0823, 'learning_rate': 0.0001, 'grad_norm': 0.32445603609085083, 'train/tokens_per_sec': 1637.6620002296204, 'train/step_time': 10.004506422999839, 'train/mfu': 89.22, 'train/efficiency': 50.49, 'train/forward_time_percent': 16.29, 'train/backward_time_percent': 33.32, 'train/optimizer_time_percent': 0.88, 'train/overhead_time_percent': 49.51, 'epoch': 1.2797202797202798}
{'loss': 1.0823, 'learning_rate': 0.0001, 'grad_norm': 0.32445603609085083, 'train/tokens_per_sec': 1638.9419405728147, 'train/step_time': 9.996693351000431, 'train/mfu': 82.02, 'train/efficiency': 55.04, 'train/forward_time_percent': 17.77, 'train/backward_time_percent': 36.23, 'train/optimizer_time_percent': 1.03, 'train/overhead_time_percent': 44.96, 'epoch': 1.2797202797202798}
{'loss': 1.0893, 'learning_rate': 0.0001, 'grad_norm': 0.38292405009269714, 'train/tokens_per_sec': 1636.9072741375946, 'train/step_time': 10.009119184000156, 'train/mfu': 85.05, 'train/efficiency': 53.05, 'train/forward_time_percent': 17.7, 'train/backward_time_percent': 34.31, 'train/optimizer_time_percent': 1.04, 'train/overhead_time_percent': 46.95, 'epoch': 1.2843822843822843}
{'loss': 1.0893, 'learning_rate': 0.0001, 'grad_norm': 0.38292405009269714, 'train/tokens_per_sec': 1636.4960600624074, 'train/step_time': 10.011634246999165, 'train/mfu': 86.09, 'train/efficiency': 52.37, 'train/forward_time_percent': 16.54, 'train/backward_time_percent': 34.82, 'train/optimizer_time_percent': 1.0, 'train/overhead_time_percent': 47.63, 'epoch': 1.2843822843822843}
{'loss': 1.1538, 'learning_rate': 0.0001, 'grad_norm': 0.29044681787490845, 'train/tokens_per_sec': 1636.393247269326, 'train/step_time': 10.01226326699907, 'train/mfu': 87.94, 'train/efficiency': 51.31, 'train/forward_time_percent': 16.49, 'train/backward_time_percent': 33.79, 'train/optimizer_time_percent': 1.03, 'train/overhead_time_percent': 48.69, 'epoch': 1.289044289044289}
{'loss': 1.1538, 'learning_rate': 0.0001, 'grad_norm': 0.29044681787490845, 'train/tokens_per_sec': 1636.6698112035422, 'train/step_time': 10.01057139799741, 'train/mfu': 82.86, 'train/efficiency': 54.35, 'train/forward_time_percent': 17.04, 'train/backward_time_percent': 36.34, 'train/optimizer_time_percent': 0.97, 'train/overhead_time_percent': 45.65, 'epoch': 1.289044289044289}
{'loss': 1.0402, 'learning_rate': 0.0001, 'grad_norm': 0.36785122752189636, 'train/tokens_per_sec': 1639.30772731061, 'train/step_time': 9.994462740000017, 'train/mfu': 84.49, 'train/efficiency': 53.36, 'train/forward_time_percent': 16.69, 'train/backward_time_percent': 35.74, 'train/optimizer_time_percent': 0.93, 'train/overhead_time_percent': 46.64, 'epoch': 1.2937062937062938}{'loss': 1.0402, 'learning_rate': 0.0001, 'grad_norm': 0.36785122752189636, 'train/tokens_per_sec': 1639.1686689691, 'train/step_time': 9.995310616999632, 'train/mfu': 83.55, 'train/efficiency': 54.06, 'train/forward_time_percent': 17.34, 'train/backward_time_percent': 35.68, 'train/optimizer_time_percent': 1.04, 'train/overhead_time_percent': 45.94, 'epoch': 1.2937062937062938}

{'loss': 1.0345, 'learning_rate': 0.0001, 'grad_norm': 0.3523678183555603, 'train/tokens_per_sec': 1638.008595552841, 'train/step_time': 10.002389514000242, 'train/mfu': 84.67, 'train/efficiency': 53.21, 'train/forward_time_percent': 17.25, 'train/backward_time_percent': 35.03, 'train/optimizer_time_percent': 0.92, 'train/overhead_time_percent': 46.79, 'epoch': 1.2983682983682985}
{'loss': 1.0345, 'learning_rate': 0.0001, 'grad_norm': 0.3523678183555603, 'train/tokens_per_sec': 1637.9371697318102, 'train/step_time': 10.002825690000464, 'train/mfu': 85.6, 'train/efficiency': 52.76, 'train/forward_time_percent': 16.85, 'train/backward_time_percent': 34.85, 'train/optimizer_time_percent': 1.05, 'train/overhead_time_percent': 47.24, 'epoch': 1.2983682983682985}
  step   280  loss   1.1581  |     5545.1 ms{'loss': 1.1581, 'learning_rate': 0.0001, 'grad_norm': 0.2772448658943176, 'train/tokens_per_sec': 1639.1901650621244, 'train/step_time': 9.995179540001118, 'train/mfu': 85.83, 'train/efficiency': 52.55, 'train/forward_time_percent': 16.6, 'train/backward_time_percent': 35.01, 'train/optimizer_time_percent': 0.94, 'train/overhead_time_percent': 47.45, 'epoch': 1.303030303030303}

{'loss': 1.1581, 'learning_rate': 0.0001, 'grad_norm': 0.2772448658943176, 'train/tokens_per_sec': 1638.7922406622736, 'train/step_time': 9.99760652599798, 'train/mfu': 86.71, 'train/efficiency': 52.13, 'train/forward_time_percent': 16.56, 'train/backward_time_percent': 34.5, 'train/optimizer_time_percent': 1.06, 'train/overhead_time_percent': 47.87, 'epoch': 1.303030303030303}
{'loss': 1.1762, 'learning_rate': 0.0001, 'grad_norm': 0.33375251293182373, 'train/tokens_per_sec': 1637.8460516391237, 'train/step_time': 10.003382176000741, 'train/mfu': 84.94, 'train/efficiency': 53.1, 'train/forward_time_percent': 16.57, 'train/backward_time_percent': 35.54, 'train/optimizer_time_percent': 0.98, 'train/overhead_time_percent': 46.9, 'epoch': 1.3076923076923077}
{'loss': 1.1762, 'learning_rate': 0.0001, 'grad_norm': 0.33375251293182373, 'train/tokens_per_sec': 1637.6235879182561, 'train/step_time': 10.004741090000607, 'train/mfu': 84.96, 'train/efficiency': 53.14, 'train/forward_time_percent': 17.22, 'train/backward_time_percent': 34.88, 'train/optimizer_time_percent': 1.05, 'train/overhead_time_percent': 46.86, 'epoch': 1.3076923076923077}
{'loss': 1.2215, 'learning_rate': 0.0001, 'grad_norm': 0.3772028088569641, 'train/tokens_per_sec': 1639.8728199597717, 'train/step_time': 9.99101869399965, 'train/mfu': 86.58, 'train/efficiency': 52.06, 'train/forward_time_percent': 16.96, 'train/backward_time_percent': 34.22, 'train/optimizer_time_percent': 0.88, 'train/overhead_time_percent': 47.94, 'epoch': 1.3123543123543124}{'loss': 1.2215, 'learning_rate': 0.0001, 'grad_norm': 0.3772028088569641, 'train/tokens_per_sec': 1640.2889649733515, 'train/step_time': 9.988483950000955, 'train/mfu': 83.16, 'train/efficiency': 54.18, 'train/forward_time_percent': 16.61, 'train/backward_time_percent': 36.7, 'train/optimizer_time_percent': 0.87, 'train/overhead_time_percent': 45.82, 'epoch': 1.3123543123543124}

{'loss': 1.3641, 'learning_rate': 0.0001, 'grad_norm': 0.33393457531929016, 'train/tokens_per_sec': 1635.0958166868306, 'train/step_time': 10.020207887999277, 'train/mfu': 79.11, 'train/efficiency': 56.79, 'train/forward_time_percent': 16.59, 'train/backward_time_percent': 39.27, 'train/optimizer_time_percent': 0.93, 'train/overhead_time_percent': 43.21, 'epoch': 1.317016317016317}{'loss': 1.3641, 'learning_rate': 0.0001, 'grad_norm': 0.33393457531929016, 'train/tokens_per_sec': 1639.4203114287925, 'train/step_time': 9.993776388997503, 'train/mfu': 83.81, 'train/efficiency': 53.95, 'train/forward_time_percent': 16.53, 'train/backward_time_percent': 36.33, 'train/optimizer_time_percent': 1.09, 'train/overhead_time_percent': 46.05, 'epoch': 1.317016317016317}

{'loss': 1.1755, 'learning_rate': 0.0001, 'grad_norm': 0.38854852318763733, 'train/tokens_per_sec': 1638.9015566490036, 'train/step_time': 9.996939677999762, 'train/mfu': 88.07, 'train/efficiency': 51.21, 'train/forward_time_percent': 16.38, 'train/backward_time_percent': 33.91, 'train/optimizer_time_percent': 0.92, 'train/overhead_time_percent': 48.79, 'epoch': 1.3216783216783217}
{'loss': 1.1755, 'learning_rate': 0.0001, 'grad_norm': 0.38854852318763733, 'train/tokens_per_sec': 1639.6040552072118, 'train/step_time': 9.99265642699902, 'train/mfu': 83.85, 'train/efficiency': 53.72, 'train/forward_time_percent': 16.86, 'train/backward_time_percent': 35.98, 'train/optimizer_time_percent': 0.88, 'train/overhead_time_percent': 46.28, 'epoch': 1.3216783216783217}
{'loss': 1.4259, 'learning_rate': 0.0001, 'grad_norm': 0.36311283707618713, 'train/tokens_per_sec': 1636.5523262052668, 'train/step_time': 10.011290037997242, 'train/mfu': 86.44, 'train/efficiency': 52.03, 'train/forward_time_percent': 16.67, 'train/backward_time_percent': 34.49, 'train/optimizer_time_percent': 0.86, 'train/overhead_time_percent': 47.97, 'epoch': 1.3263403263403264}
{'loss': 1.4259, 'learning_rate': 0.0001, 'grad_norm': 0.36311283707618713, 'train/tokens_per_sec': 1637.7866192667932, 'train/step_time': 10.00374518100216, 'train/mfu': 84.09, 'train/efficiency': 53.61, 'train/forward_time_percent': 16.51, 'train/backward_time_percent': 36.13, 'train/optimizer_time_percent': 0.98, 'train/overhead_time_percent': 46.39, 'epoch': 1.3263403263403264}
{'loss': 1.3116, 'learning_rate': 0.0001, 'grad_norm': 0.3008599877357483, 'train/tokens_per_sec': 1639.619583478077, 'train/step_time': 9.992561790000764, 'train/mfu': 84.72, 'train/efficiency': 53.34, 'train/forward_time_percent': 17.25, 'train/backward_time_percent': 35.05, 'train/optimizer_time_percent': 1.04, 'train/overhead_time_percent': 46.66, 'epoch': 1.3310023310023311}
{'loss': 1.3116, 'learning_rate': 0.0001, 'grad_norm': 0.3008599877357483, 'train/tokens_per_sec': 1639.0593901505138, 'train/step_time': 9.995977021000726, 'train/mfu': 85.94, 'train/efficiency': 52.42, 'train/forward_time_percent': 16.33, 'train/backward_time_percent': 35.22, 'train/optimizer_time_percent': 0.87, 'train/overhead_time_percent': 47.58, 'epoch': 1.3310023310023311}
{'loss': 1.2532, 'learning_rate': 0.0001, 'grad_norm': 0.34110134840011597, 'train/tokens_per_sec': 1638.3310575546855, 'train/step_time': 10.000420808999479, 'train/mfu': 83.57, 'train/efficiency': 53.98, 'train/forward_time_percent': 16.74, 'train/backward_time_percent': 36.24, 'train/optimizer_time_percent': 1.0, 'train/overhead_time_percent': 46.02, 'epoch': 1.3356643356643356}
{'loss': 1.2532, 'learning_rate': 0.0001, 'grad_norm': 0.34110134840011597, 'train/tokens_per_sec': 1637.5023801451832, 'train/step_time': 10.005481640000653, 'train/mfu': 86.32, 'train/efficiency': 52.18, 'train/forward_time_percent': 17.02, 'train/backward_time_percent': 34.25, 'train/optimizer_time_percent': 0.92, 'train/overhead_time_percent': 47.82, 'epoch': 1.3356643356643356}
{'loss': 1.1407, 'learning_rate': 0.0001, 'grad_norm': 0.30626732110977173, 'train/tokens_per_sec': 1642.19806912567, 'train/step_time': 9.976872039998852, 'train/mfu': 84.42, 'train/efficiency': 53.52, 'train/forward_time_percent': 17.02, 'train/backward_time_percent': 35.55, 'train/optimizer_time_percent': 0.95, 'train/overhead_time_percent': 46.48, 'epoch': 1.3403263403263403}{'loss': 1.1407, 'learning_rate': 0.0001, 'grad_norm': 0.30626732110977173, 'train/tokens_per_sec': 1642.0015779190749, 'train/step_time': 9.978065929000877, 'train/mfu': 85.09, 'train/efficiency': 53.07, 'train/forward_time_percent': 16.93, 'train/backward_time_percent': 35.21, 'train/optimizer_time_percent': 0.92, 'train/overhead_time_percent': 46.93, 'epoch': 1.3403263403263403}

{'loss': 1.1913, 'learning_rate': 0.0001, 'grad_norm': 0.3226291537284851, 'train/tokens_per_sec': 1639.705679760417, 'train/step_time': 9.992037108997465, 'train/mfu': 84.92, 'train/efficiency': 53.23, 'train/forward_time_percent': 17.33, 'train/backward_time_percent': 34.85, 'train/optimizer_time_percent': 1.05, 'train/overhead_time_percent': 46.77, 'epoch': 1.3449883449883449}{'loss': 1.1913, 'learning_rate': 0.0001, 'grad_norm': 0.3226291537284851, 'train/tokens_per_sec': 1639.6066741064694, 'train/step_time': 9.992640466000012, 'train/mfu': 85.66, 'train/efficiency': 52.77, 'train/forward_time_percent': 16.93, 'train/backward_time_percent': 34.8, 'train/optimizer_time_percent': 1.04, 'train/overhead_time_percent': 47.23, 'epoch': 1.3449883449883449}

{'loss': 1.2451, 'learning_rate': 0.0001, 'grad_norm': 0.2918556332588196, 'train/tokens_per_sec': 1639.3463251248793, 'train/step_time': 9.99422742400202, 'train/mfu': 84.14, 'train/efficiency': 53.68, 'train/forward_time_percent': 16.75, 'train/backward_time_percent': 35.9, 'train/optimizer_time_percent': 1.03, 'train/overhead_time_percent': 46.32, 'epoch': 1.3496503496503496}  step   290  loss   1.2451  |     5525.2 ms

{'loss': 1.2451, 'learning_rate': 0.0001, 'grad_norm': 0.2918556332588196, 'train/tokens_per_sec': 1638.3165659437625, 'train/step_time': 10.00050926699987, 'train/mfu': 86.27, 'train/efficiency': 52.19, 'train/forward_time_percent': 16.64, 'train/backward_time_percent': 34.68, 'train/optimizer_time_percent': 0.87, 'train/overhead_time_percent': 47.81, 'epoch': 1.3496503496503496}
{'loss': 1.1925, 'learning_rate': 0.0001, 'grad_norm': 0.3253597617149353, 'train/tokens_per_sec': 1639.9208566991492, 'train/step_time': 9.990726035997795, 'train/mfu': 85.21, 'train/efficiency': 52.88, 'train/forward_time_percent': 16.5, 'train/backward_time_percent': 35.52, 'train/optimizer_time_percent': 0.86, 'train/overhead_time_percent': 47.12, 'epoch': 1.3543123543123543}
{'loss': 1.1925, 'learning_rate': 0.0001, 'grad_norm': 0.3253597617149353, 'train/tokens_per_sec': 1639.8230960401731, 'train/step_time': 9.991321649002202, 'train/mfu': 86.51, 'train/efficiency': 52.29, 'train/forward_time_percent': 16.94, 'train/backward_time_percent': 34.28, 'train/optimizer_time_percent': 1.07, 'train/overhead_time_percent': 47.71, 'epoch': 1.3543123543123543}
{'loss': 0.9902, 'learning_rate': 0.0001, 'grad_norm': 0.30965083837509155, 'train/tokens_per_sec': 1640.9859404739882, 'train/step_time': 9.984241543999815, 'train/mfu': 86.85, 'train/efficiency': 51.96, 'train/forward_time_percent': 16.97, 'train/backward_time_percent': 34.09, 'train/optimizer_time_percent': 0.9, 'train/overhead_time_percent': 48.04, 'epoch': 1.358974358974359}
{'loss': 0.9902, 'learning_rate': 0.0001, 'grad_norm': 0.30965083837509155, 'train/tokens_per_sec': 1641.535121801974, 'train/step_time': 9.980901281000115, 'train/mfu': 84.27, 'train/efficiency': 53.54, 'train/forward_time_percent': 16.74, 'train/backward_time_percent': 35.91, 'train/optimizer_time_percent': 0.9, 'train/overhead_time_percent': 46.46, 'epoch': 1.358974358974359}
{'loss': 1.2097, 'learning_rate': 0.0001, 'grad_norm': 0.296296089887619, 'train/tokens_per_sec': 1637.6759507087804, 'train/step_time': 10.004421199999342, 'train/mfu': 84.13, 'train/efficiency': 53.65, 'train/forward_time_percent': 16.76, 'train/backward_time_percent': 35.85, 'train/optimizer_time_percent': 1.05, 'train/overhead_time_percent': 46.35, 'epoch': 1.3636363636363638}
{'loss': 1.2097, 'learning_rate': 0.0001, 'grad_norm': 0.296296089887619, 'train/tokens_per_sec': 1637.4869998007712, 'train/step_time': 10.005575618000876, 'train/mfu': 84.27, 'train/efficiency': 53.42, 'train/forward_time_percent': 17.02, 'train/backward_time_percent': 35.49, 'train/optimizer_time_percent': 0.91, 'train/overhead_time_percent': 46.58, 'epoch': 1.3636363636363638}
{'loss': 1.042, 'learning_rate': 0.0001, 'grad_norm': 0.3192547559738159, 'train/tokens_per_sec': 1638.8469110943447, 'train/step_time': 9.997273015000246, 'train/mfu': 84.62, 'train/efficiency': 53.27, 'train/forward_time_percent': 16.6, 'train/backward_time_percent': 35.73, 'train/optimizer_time_percent': 0.93, 'train/overhead_time_percent': 46.73, 'epoch': 1.3682983682983683}
{'loss': 1.042, 'learning_rate': 0.0001, 'grad_norm': 0.3192547559738159, 'train/tokens_per_sec': 1639.1853868286685, 'train/step_time': 9.995208675998583, 'train/mfu': 84.33, 'train/efficiency': 53.58, 'train/forward_time_percent': 17.09, 'train/backward_time_percent': 35.44, 'train/optimizer_time_percent': 1.05, 'train/overhead_time_percent': 46.42, 'epoch': 1.3682983682983683}
{'loss': 1.2206, 'learning_rate': 0.0001, 'grad_norm': 0.3280644714832306, 'train/tokens_per_sec': 1640.1255700434945, 'train/step_time': 9.989479037001729, 'train/mfu': 83.82, 'train/efficiency': 53.75, 'train/forward_time_percent': 16.91, 'train/backward_time_percent': 35.97, 'train/optimizer_time_percent': 0.87, 'train/overhead_time_percent': 46.25, 'epoch': 1.372960372960373}
{'loss': 1.2206, 'learning_rate': 0.0001, 'grad_norm': 0.3280644714832306, 'train/tokens_per_sec': 1638.8679218665839, 'train/step_time': 9.997144846998708, 'train/mfu': 86.99, 'train/efficiency': 51.94, 'train/forward_time_percent': 17.11, 'train/backward_time_percent': 33.8, 'train/optimizer_time_percent': 1.03, 'train/overhead_time_percent': 48.06, 'epoch': 1.372960372960373}
{'loss': 1.218, 'learning_rate': 0.0001, 'grad_norm': 0.3237161934375763, 'train/tokens_per_sec': 1638.2629624161787, 'train/step_time': 10.00083648099826, 'train/mfu': 83.46, 'train/efficiency': 54.08, 'train/forward_time_percent': 17.37, 'train/backward_time_percent': 35.67, 'train/optimizer_time_percent': 1.04, 'train/overhead_time_percent': 45.92, 'epoch': 1.3776223776223775}
{'loss': 1.218, 'learning_rate': 0.0001, 'grad_norm': 0.3237161934375763, 'train/tokens_per_sec': 1637.3411705976591, 'train/step_time': 10.006466760998592, 'train/mfu': 87.18, 'train/efficiency': 51.66, 'train/forward_time_percent': 16.27, 'train/backward_time_percent': 34.48, 'train/optimizer_time_percent': 0.91, 'train/overhead_time_percent': 48.34, 'epoch': 1.3776223776223775}
{'loss': 1.2947, 'learning_rate': 0.0001, 'grad_norm': 0.3370445668697357, 'train/tokens_per_sec': 1638.6970244869806, 'train/step_time': 9.998187435001455, 'train/mfu': 86.06, 'train/efficiency': 52.5, 'train/forward_time_percent': 16.84, 'train/backward_time_percent': 34.62, 'train/optimizer_time_percent': 1.05, 'train/overhead_time_percent': 47.5, 'epoch': 1.3822843822843822}
{'loss': 1.2947, 'learning_rate': 0.0001, 'grad_norm': 0.3370445668697357, 'train/tokens_per_sec': 1639.0887675554927, 'train/step_time': 9.995797863000917, 'train/mfu': 85.12, 'train/efficiency': 53.02, 'train/forward_time_percent': 16.73, 'train/backward_time_percent': 35.31, 'train/optimizer_time_percent': 0.98, 'train/overhead_time_percent': 46.98, 'epoch': 1.3822843822843822}
{'loss': 1.5469, 'learning_rate': 0.0001, 'grad_norm': 0.45117655396461487, 'train/tokens_per_sec': 1637.3692528046417, 'train/step_time': 10.006295142000454, 'train/mfu': 85.17, 'train/efficiency': 52.99, 'train/forward_time_percent': 16.48, 'train/backward_time_percent': 35.47, 'train/optimizer_time_percent': 1.04, 'train/overhead_time_percent': 47.01, 'epoch': 1.386946386946387}
{'loss': 1.5469, 'learning_rate': 0.0001, 'grad_norm': 0.45117655396461487, 'train/tokens_per_sec': 1637.9338351860029, 'train/step_time': 10.002846053997928, 'train/mfu': 82.56, 'train/efficiency': 54.5, 'train/forward_time_percent': 17.57, 'train/backward_time_percent': 36.04, 'train/optimizer_time_percent': 0.88, 'train/overhead_time_percent': 45.5, 'epoch': 1.386946386946387}
{'loss': 1.0447, 'learning_rate': 0.0001, 'grad_norm': 0.33848297595977783, 'train/tokens_per_sec': 1637.4772892438734, 'train/step_time': 10.005634952998662, 'train/mfu': 86.26, 'train/efficiency': 52.18, 'train/forward_time_percent': 16.8, 'train/backward_time_percent': 34.49, 'train/optimizer_time_percent': 0.88, 'train/overhead_time_percent': 47.82, 'epoch': 1.3916083916083917}
{'loss': 1.0447, 'learning_rate': 0.0001, 'grad_norm': 0.33848297595977783, 'train/tokens_per_sec': 1637.0159697878112, 'train/step_time': 10.008454591999907, 'train/mfu': 87.7, 'train/efficiency': 51.42, 'train/forward_time_percent': 16.49, 'train/backward_time_percent': 33.96, 'train/optimizer_time_percent': 0.98, 'train/overhead_time_percent': 48.58, 'epoch': 1.3916083916083917}
{'loss': 1.2501, 'learning_rate': 0.0001, 'grad_norm': 0.3224191665649414, 'train/tokens_per_sec': 1638.904979894369, 'train/step_time': 9.996918796998216, 'train/mfu': 83.87, 'train/efficiency': 53.69, 'train/forward_time_percent': 16.96, 'train/backward_time_percent': 35.85, 'train/optimizer_time_percent': 0.88, 'train/overhead_time_percent': 46.31, 'epoch': 1.3962703962703964}  step   300  loss   1.2501  |     5321.3 ms

{'loss': 1.2501, 'learning_rate': 0.0001, 'grad_norm': 0.3224191665649414, 'train/tokens_per_sec': 1638.540555647788, 'train/step_time': 9.999142189997656, 'train/mfu': 89.77, 'train/efficiency': 50.19, 'train/forward_time_percent': 15.94, 'train/backward_time_percent': 33.38, 'train/optimizer_time_percent': 0.86, 'train/overhead_time_percent': 49.81, 'epoch': 1.3962703962703964}
{'loss': 1.136, 'learning_rate': 0.0001, 'grad_norm': 0.31182149052619934, 'train/tokens_per_sec': 1636.48641944533, 'train/step_time': 10.011693225998897, 'train/mfu': 85.65, 'train/efficiency': 52.59, 'train/forward_time_percent': 16.85, 'train/backward_time_percent': 34.78, 'train/optimizer_time_percent': 0.95, 'train/overhead_time_percent': 47.41, 'epoch': 1.400932400932401}
{'loss': 1.136, 'learning_rate': 0.0001, 'grad_norm': 0.31182149052619934, 'train/tokens_per_sec': 1636.341030862156, 'train/step_time': 10.012582762999955, 'train/mfu': 85.01, 'train/efficiency': 52.91, 'train/forward_time_percent': 16.59, 'train/backward_time_percent': 35.43, 'train/optimizer_time_percent': 0.89, 'train/overhead_time_percent': 47.09, 'epoch': 1.400932400932401}
{'loss': 1.2678, 'learning_rate': 0.0001, 'grad_norm': 0.26793980598449707, 'train/tokens_per_sec': 1639.1508720664986, 'train/step_time': 9.995419139999285, 'train/mfu': 82.91, 'train/efficiency': 54.31, 'train/forward_time_percent': 17.26, 'train/backward_time_percent': 36.17, 'train/optimizer_time_percent': 0.88, 'train/overhead_time_percent': 45.69, 'epoch': 1.4055944055944056}
{'loss': 1.2678, 'learning_rate': 0.0001, 'grad_norm': 0.26793980598449707, 'train/tokens_per_sec': 1638.4051087109597, 'train/step_time': 9.99996881900006, 'train/mfu': 85.97, 'train/efficiency': 52.46, 'train/forward_time_percent': 16.43, 'train/backward_time_percent': 35.07, 'train/optimizer_time_percent': 0.95, 'train/overhead_time_percent': 47.54, 'epoch': 1.4055944055944056}
{'loss': 1.0889, 'learning_rate': 0.0001, 'grad_norm': 0.27444180846214294, 'train/tokens_per_sec': 1637.422947107454, 'train/step_time': 10.005967016000795, 'train/mfu': 84.63, 'train/efficiency': 53.18, 'train/forward_time_percent': 16.72, 'train/backward_time_percent': 35.56, 'train/optimizer_time_percent': 0.89, 'train/overhead_time_percent': 46.82, 'epoch': 1.4102564102564101}
{'loss': 1.0889, 'learning_rate': 0.0001, 'grad_norm': 0.27444180846214294, 'train/tokens_per_sec': 1636.7560096924494, 'train/step_time': 10.010044198999822, 'train/mfu': 86.25, 'train/efficiency': 52.28, 'train/forward_time_percent': 16.67, 'train/backward_time_percent': 34.61, 'train/optimizer_time_percent': 1.0, 'train/overhead_time_percent': 47.72, 'epoch': 1.4102564102564101}
{'loss': 1.1911, 'learning_rate': 0.0001, 'grad_norm': 0.3148340880870819, 'train/tokens_per_sec': 1638.356514250306, 'train/step_time': 10.000265422997472, 'train/mfu': 83.5, 'train/efficiency': 53.91, 'train/forward_time_percent': 16.95, 'train/backward_time_percent': 36.07, 'train/optimizer_time_percent': 0.89, 'train/overhead_time_percent': 46.09, 'epoch': 1.4149184149184149}
{'loss': 1.1911, 'learning_rate': 0.0001, 'grad_norm': 0.3148340880870819, 'train/tokens_per_sec': 1637.1485001652952, 'train/step_time': 10.00764438799888, 'train/mfu': 86.15, 'train/efficiency': 52.38, 'train/forward_time_percent': 17.24, 'train/backward_time_percent': 34.11, 'train/optimizer_time_percent': 1.03, 'train/overhead_time_percent': 47.62, 'epoch': 1.4149184149184149}
{'loss': 1.2665, 'learning_rate': 0.0001, 'grad_norm': 0.2715793550014496, 'train/tokens_per_sec': 1636.1846186246603, 'train/step_time': 10.0135399230021, 'train/mfu': 84.96, 'train/efficiency': 52.94, 'train/forward_time_percent': 16.75, 'train/backward_time_percent': 35.29, 'train/optimizer_time_percent': 0.9, 'train/overhead_time_percent': 47.06, 'epoch': 1.4195804195804196}
{'loss': 1.2665, 'learning_rate': 0.0001, 'grad_norm': 0.2715793550014496, 'train/tokens_per_sec': 1636.731835384979, 'train/step_time': 10.010192045996519, 'train/mfu': 83.95, 'train/efficiency': 53.65, 'train/forward_time_percent': 17.23, 'train/backward_time_percent': 35.46, 'train/optimizer_time_percent': 0.96, 'train/overhead_time_percent': 46.35, 'epoch': 1.4195804195804196}
{'loss': 1.3919, 'learning_rate': 0.0001, 'grad_norm': 0.2925495207309723, 'train/tokens_per_sec': 1637.336079810001, 'train/step_time': 10.006497872996988, 'train/mfu': 87.3, 'train/efficiency': 51.71, 'train/forward_time_percent': 16.18, 'train/backward_time_percent': 34.5, 'train/optimizer_time_percent': 1.03, 'train/overhead_time_percent': 48.29, 'epoch': 1.4242424242424243}
{'loss': 1.3919, 'learning_rate': 0.0001, 'grad_norm': 0.2925495207309723, 'train/tokens_per_sec': 1638.1188169052386, 'train/step_time': 10.00171649999902, 'train/mfu': 83.76, 'train/efficiency': 53.73, 'train/forward_time_percent': 16.82, 'train/backward_time_percent': 36.03, 'train/optimizer_time_percent': 0.88, 'train/overhead_time_percent': 46.27, 'epoch': 1.4242424242424243}
{'loss': 0.9632, 'learning_rate': 0.0001, 'grad_norm': 0.3213612735271454, 'train/tokens_per_sec': 1638.8601276807985, 'train/step_time': 9.997192391998396, 'train/mfu': 84.36, 'train/efficiency': 53.49, 'train/forward_time_percent': 17.02, 'train/backward_time_percent': 35.48, 'train/optimizer_time_percent': 0.99, 'train/overhead_time_percent': 46.51, 'epoch': 1.428904428904429}{'loss': 0.9632, 'learning_rate': 0.0001, 'grad_norm': 0.3213612735271454, 'train/tokens_per_sec': 1638.3041616642336, 'train/step_time': 10.000584984998568, 'train/mfu': 86.63, 'train/efficiency': 52.12, 'train/forward_time_percent': 16.98, 'train/backward_time_percent': 34.12, 'train/optimizer_time_percent': 1.02, 'train/overhead_time_percent': 47.88, 'epoch': 1.428904428904429}

{'loss': 1.0253, 'learning_rate': 0.0001, 'grad_norm': 0.28887486457824707, 'train/tokens_per_sec': 1636.51058911914, 'train/step_time': 10.01154536300237, 'train/mfu': 82.38, 'train/efficiency': 54.72, 'train/forward_time_percent': 18.0, 'train/backward_time_percent': 35.68, 'train/optimizer_time_percent': 1.04, 'train/overhead_time_percent': 45.28, 'epoch': 1.4335664335664335}
{'loss': 1.0253, 'learning_rate': 0.0001, 'grad_norm': 0.28887486457824707, 'train/tokens_per_sec': 1635.461373402343, 'train/step_time': 10.01796818100047, 'train/mfu': 86.43, 'train/efficiency': 52.01, 'train/forward_time_percent': 16.61, 'train/backward_time_percent': 34.52, 'train/optimizer_time_percent': 0.88, 'train/overhead_time_percent': 47.99, 'epoch': 1.4335664335664335}
{'loss': 1.0463, 'learning_rate': 0.0001, 'grad_norm': 0.3007422983646393, 'train/tokens_per_sec': 1639.4835989782428, 'train/step_time': 9.993390608000482, 'train/mfu': 84.5, 'train/efficiency': 53.32, 'train/forward_time_percent': 16.78, 'train/backward_time_percent': 35.66, 'train/optimizer_time_percent': 0.88, 'train/overhead_time_percent': 46.68, 'epoch': 1.4382284382284383}
{'loss': 1.0463, 'learning_rate': 0.0001, 'grad_norm': 0.3007422983646393, 'train/tokens_per_sec': 1638.7006012718784, 'train/step_time': 9.998165611999866, 'train/mfu': 86.8, 'train/efficiency': 52.0, 'train/forward_time_percent': 16.89, 'train/backward_time_percent': 34.11, 'train/optimizer_time_percent': 1.0, 'train/overhead_time_percent': 48.0, 'epoch': 1.4382284382284383}
  step   310  loss   1.1094  |     5618.7 ms
{'loss': 1.1094, 'learning_rate': 0.0001, 'grad_norm': 0.3425830006599426, 'train/tokens_per_sec': 1640.239481503981, 'train/step_time': 9.988785286997881, 'train/mfu': 85.89, 'train/efficiency': 52.54, 'train/forward_time_percent': 17.01, 'train/backward_time_percent': 34.59, 'train/optimizer_time_percent': 0.94, 'train/overhead_time_percent': 47.46, 'epoch': 1.4428904428904428}
{'loss': 1.1094, 'learning_rate': 0.0001, 'grad_norm': 0.3425830006599426, 'train/tokens_per_sec': 1640.5275018493778, 'train/step_time': 9.987031599001057, 'train/mfu': 85.05, 'train/efficiency': 53.0, 'train/forward_time_percent': 16.39, 'train/backward_time_percent': 35.73, 'train/optimizer_time_percent': 0.87, 'train/overhead_time_percent': 47.0, 'epoch': 1.4428904428904428}
{'loss': 1.2015, 'learning_rate': 0.0001, 'grad_norm': 0.3169761300086975, 'train/tokens_per_sec': 1639.3400298679073, 'train/step_time': 9.994265803001326, 'train/mfu': 83.79, 'train/efficiency': 53.74, 'train/forward_time_percent': 16.38, 'train/backward_time_percent': 36.5, 'train/optimizer_time_percent': 0.86, 'train/overhead_time_percent': 46.26, 'epoch': 1.4475524475524475}
{'loss': 1.2015, 'learning_rate': 0.0001, 'grad_norm': 0.3169761300086975, 'train/tokens_per_sec': 1638.8925747360672, 'train/step_time': 9.996994465996977, 'train/mfu': 85.49, 'train/efficiency': 52.73, 'train/forward_time_percent': 17.5, 'train/backward_time_percent': 34.31, 'train/optimizer_time_percent': 0.93, 'train/overhead_time_percent': 47.27, 'epoch': 1.4475524475524475}
{'loss': 1.0443, 'learning_rate': 0.0001, 'grad_norm': 0.3884408473968506, 'train/tokens_per_sec': 1638.521415583746, 'train/step_time': 9.999258993000694, 'train/mfu': 83.97, 'train/efficiency': 53.72, 'train/forward_time_percent': 16.85, 'train/backward_time_percent': 35.88, 'train/optimizer_time_percent': 0.99, 'train/overhead_time_percent': 46.28, 'epoch': 1.4522144522144522}
{'loss': 1.0443, 'learning_rate': 0.0001, 'grad_norm': 0.3884408473968506, 'train/tokens_per_sec': 1637.4017396899087, 'train/step_time': 10.006096612003603, 'train/mfu': 86.82, 'train/efficiency': 52.01, 'train/forward_time_percent': 17.33, 'train/backward_time_percent': 33.64, 'train/optimizer_time_percent': 1.05, 'train/overhead_time_percent': 47.99, 'epoch': 1.4522144522144522}
{'loss': 1.0954, 'learning_rate': 0.0001, 'grad_norm': 0.3702574372291565, 'train/tokens_per_sec': 1639.6742718768542, 'train/step_time': 9.992228505998355, 'train/mfu': 82.8, 'train/efficiency': 54.41, 'train/forward_time_percent': 17.17, 'train/backward_time_percent': 36.35, 'train/optimizer_time_percent': 0.89, 'train/overhead_time_percent': 45.59, 'epoch': 1.456876456876457}
{'loss': 1.0954, 'learning_rate': 0.0001, 'grad_norm': 0.3702574372291565, 'train/tokens_per_sec': 1638.9361928901471, 'train/step_time': 9.996728408998024, 'train/mfu': 84.67, 'train/efficiency': 53.19, 'train/forward_time_percent': 17.23, 'train/backward_time_percent': 35.08, 'train/optimizer_time_percent': 0.88, 'train/overhead_time_percent': 46.81, 'epoch': 1.456876456876457}
{'loss': 1.1628, 'learning_rate': 0.0001, 'grad_norm': 0.31302231550216675, 'train/tokens_per_sec': 1639.245951888951, 'train/step_time': 9.994839383998624, 'train/mfu': 84.55, 'train/efficiency': 53.33, 'train/forward_time_percent': 16.66, 'train/backward_time_percent': 35.73, 'train/optimizer_time_percent': 0.93, 'train/overhead_time_percent': 46.67, 'epoch': 1.4615384615384617}
{'loss': 1.1628, 'learning_rate': 0.0001, 'grad_norm': 0.31302231550216675, 'train/tokens_per_sec': 1638.8624484696381, 'train/step_time': 9.99717823500032, 'train/mfu': 85.27, 'train/efficiency': 52.99, 'train/forward_time_percent': 16.74, 'train/backward_time_percent': 35.2, 'train/optimizer_time_percent': 1.04, 'train/overhead_time_percent': 47.01, 'epoch': 1.4615384615384617}
{'loss': 1.1099, 'learning_rate': 0.0001, 'grad_norm': 0.32017186284065247, 'train/tokens_per_sec': 1638.9833689230236, 'train/step_time': 9.996440666000126, 'train/mfu': 85.67, 'train/efficiency': 52.71, 'train/forward_time_percent': 16.5, 'train/backward_time_percent': 35.2, 'train/optimizer_time_percent': 1.01, 'train/overhead_time_percent': 47.29, 'epoch': 1.4662004662004662}
{'loss': 1.1099, 'learning_rate': 0.0001, 'grad_norm': 0.32017186284065247, 'train/tokens_per_sec': 1639.019680233007, 'train/step_time': 9.996219201999338, 'train/mfu': 85.57, 'train/efficiency': 52.8, 'train/forward_time_percent': 17.24, 'train/backward_time_percent': 34.53, 'train/optimizer_time_percent': 1.04, 'train/overhead_time_percent': 47.2, 'epoch': 1.4662004662004662}
{'loss': 1.2109, 'learning_rate': 0.0001, 'grad_norm': 0.267444372177124, 'train/tokens_per_sec': 1638.4691882942327, 'train/step_time': 9.99957772599737, 'train/mfu': 85.01, 'train/efficiency': 53.0, 'train/forward_time_percent': 17.75, 'train/backward_time_percent': 34.33, 'train/optimizer_time_percent': 0.91, 'train/overhead_time_percent': 47.0, 'epoch': 1.470862470862471}
{'loss': 1.2109, 'learning_rate': 0.0001, 'grad_norm': 0.267444372177124, 'train/tokens_per_sec': 1637.7969914819162, 'train/step_time': 10.003681826998218, 'train/mfu': 85.49, 'train/efficiency': 52.81, 'train/forward_time_percent': 16.77, 'train/backward_time_percent': 35.0, 'train/optimizer_time_percent': 1.04, 'train/overhead_time_percent': 47.19, 'epoch': 1.470862470862471}
{'loss': 1.0382, 'learning_rate': 0.0001, 'grad_norm': 0.25787726044654846, 'train/tokens_per_sec': 1636.6146633801543, 'train/step_time': 10.010908716998529, 'train/mfu': 85.63, 'train/efficiency': 52.52, 'train/forward_time_percent': 16.7, 'train/backward_time_percent': 34.94, 'train/optimizer_time_percent': 0.88, 'train/overhead_time_percent': 47.48, 'epoch': 1.4755244755244754}
{'loss': 1.0382, 'learning_rate': 0.0001, 'grad_norm': 0.25787726044654846, 'train/tokens_per_sec': 1636.0205256118684, 'train/step_time': 10.014544281999406, 'train/mfu': 87.12, 'train/efficiency': 51.73, 'train/forward_time_percent': 16.47, 'train/backward_time_percent': 34.28, 'train/optimizer_time_percent': 0.99, 'train/overhead_time_percent': 48.27, 'epoch': 1.4755244755244754}
{'loss': 1.1299, 'learning_rate': 0.0001, 'grad_norm': 0.34796953201293945, 'train/tokens_per_sec': 1641.8312705607477, 'train/step_time': 9.979100954999012, 'train/mfu': 84.58, 'train/efficiency': 53.36, 'train/forward_time_percent': 16.79, 'train/backward_time_percent': 35.67, 'train/optimizer_time_percent': 0.91, 'train/overhead_time_percent': 46.64, 'epoch': 1.4801864801864801}
{'loss': 1.1299, 'learning_rate': 0.0001, 'grad_norm': 0.34796953201293945, 'train/tokens_per_sec': 1641.5467397124294, 'train/step_time': 9.98083064200182, 'train/mfu': 85.68, 'train/efficiency': 52.79, 'train/forward_time_percent': 17.01, 'train/backward_time_percent': 34.76, 'train/optimizer_time_percent': 1.01, 'train/overhead_time_percent': 47.21, 'epoch': 1.4801864801864801}
{'loss': 1.5592, 'learning_rate': 0.0001, 'grad_norm': 0.3464917242527008, 'train/tokens_per_sec': 1638.0908367278382, 'train/step_time': 10.00188733899995, 'train/mfu': 84.86, 'train/efficiency': 53.05, 'train/forward_time_percent': 16.93, 'train/backward_time_percent': 35.23, 'train/optimizer_time_percent': 0.89, 'train/overhead_time_percent': 46.95, 'epoch': 1.4848484848484849}{'loss': 1.5592, 'learning_rate': 0.0001, 'grad_norm': 0.3464917242527008, 'train/tokens_per_sec': 1637.393383926404, 'train/step_time': 10.006147674001113, 'train/mfu': 86.67, 'train/efficiency': 52.08, 'train/forward_time_percent': 16.61, 'train/backward_time_percent': 34.45, 'train/optimizer_time_percent': 1.03, 'train/overhead_time_percent': 47.92, 'epoch': 1.4848484848484849}

{'loss': 1.3173, 'learning_rate': 0.0001, 'grad_norm': 0.3121786415576935, 'train/tokens_per_sec': 1639.4604174250217, 'train/step_time': 9.993531912001345, 'train/mfu': 83.06, 'train/efficiency': 54.29, 'train/forward_time_percent': 17.26, 'train/backward_time_percent': 36.08, 'train/optimizer_time_percent': 0.95, 'train/overhead_time_percent': 45.71, 'epoch': 1.4895104895104896}
  step   320  loss   1.3173  |     5507.2 ms
{'loss': 1.3173, 'learning_rate': 0.0001, 'grad_norm': 0.3121786415576935, 'train/tokens_per_sec': 1638.6864138722503, 'train/step_time': 9.99825217399848, 'train/mfu': 86.94, 'train/efficiency': 51.95, 'train/forward_time_percent': 16.66, 'train/backward_time_percent': 34.27, 'train/optimizer_time_percent': 1.02, 'train/overhead_time_percent': 48.05, 'epoch': 1.4895104895104896}
{'loss': 1.1851, 'learning_rate': 0.0001, 'grad_norm': 0.32335466146469116, 'train/tokens_per_sec': 1639.7094839638073, 'train/step_time': 9.992013926999789, 'train/mfu': 85.97, 'train/efficiency': 52.59, 'train/forward_time_percent': 16.26, 'train/backward_time_percent': 35.29, 'train/optimizer_time_percent': 1.04, 'train/overhead_time_percent': 47.41, 'epoch': 1.494172494172494}{'loss': 1.1851, 'learning_rate': 0.0001, 'grad_norm': 0.32335466146469116, 'train/tokens_per_sec': 1639.0159536680535, 'train/step_time': 9.996241930002725, 'train/mfu': 86.86, 'train/efficiency': 51.88, 'train/forward_time_percent': 16.84, 'train/backward_time_percent': 34.15, 'train/optimizer_time_percent': 0.89, 'train/overhead_time_percent': 48.12, 'epoch': 1.494172494172494}

{'loss': 1.2201, 'learning_rate': 0.0001, 'grad_norm': 0.29923737049102783, 'train/tokens_per_sec': 1638.787325745484, 'train/step_time': 9.99763651000103, 'train/mfu': 85.54, 'train/efficiency': 52.85, 'train/forward_time_percent': 17.15, 'train/backward_time_percent': 34.63, 'train/optimizer_time_percent': 1.08, 'train/overhead_time_percent': 47.15, 'epoch': 1.4988344988344988}
{'loss': 1.2201, 'learning_rate': 0.0001, 'grad_norm': 0.29923737049102783, 'train/tokens_per_sec': 1639.0391288842438, 'train/step_time': 9.996100588003173, 'train/mfu': 85.55, 'train/efficiency': 52.83, 'train/forward_time_percent': 16.53, 'train/backward_time_percent': 35.25, 'train/optimizer_time_percent': 1.06, 'train/overhead_time_percent': 47.17, 'epoch': 1.4988344988344988}
{'loss': 1.1479, 'learning_rate': 0.0001, 'grad_norm': 0.30324283242225647, 'train/tokens_per_sec': 1638.1774884811255, 'train/step_time': 10.001358287001494, 'train/mfu': 87.96, 'train/efficiency': 51.36, 'train/forward_time_percent': 16.17, 'train/backward_time_percent': 34.16, 'train/optimizer_time_percent': 1.04, 'train/overhead_time_percent': 48.64, 'epoch': 1.5034965034965035}
{'loss': 1.1479, 'learning_rate': 0.0001, 'grad_norm': 0.30324283242225647, 'train/tokens_per_sec': 1639.2128848499037, 'train/step_time': 9.99504100500053, 'train/mfu': 84.34, 'train/efficiency': 53.47, 'train/forward_time_percent': 16.77, 'train/backward_time_percent': 35.76, 'train/optimizer_time_percent': 0.94, 'train/overhead_time_percent': 46.53, 'epoch': 1.5034965034965035}
{'loss': 0.932, 'learning_rate': 0.0001, 'grad_norm': 0.3306489586830139, 'train/tokens_per_sec': 1638.6858040104855, 'train/step_time': 9.998255894999602, 'train/mfu': 85.65, 'train/efficiency': 52.67, 'train/forward_time_percent': 17.21, 'train/backward_time_percent': 34.49, 'train/optimizer_time_percent': 0.97, 'train/overhead_time_percent': 47.33, 'epoch': 1.508158508158508}
{'loss': 0.932, 'learning_rate': 0.0001, 'grad_norm': 0.3306489586830139, 'train/tokens_per_sec': 1639.0683761880593, 'train/step_time': 9.995922219000931, 'train/mfu': 85.02, 'train/efficiency': 53.13, 'train/forward_time_percent': 16.43, 'train/backward_time_percent': 35.67, 'train/optimizer_time_percent': 1.03, 'train/overhead_time_percent': 46.87, 'epoch': 1.508158508158508}
{'loss': 1.2137, 'learning_rate': 0.0001, 'grad_norm': 0.30979016423225403, 'train/tokens_per_sec': 1637.8321614603133, 'train/step_time': 10.003467013000773, 'train/mfu': 86.12, 'train/efficiency': 52.43, 'train/forward_time_percent': 16.93, 'train/backward_time_percent': 34.46, 'train/optimizer_time_percent': 1.03, 'train/overhead_time_percent': 47.57, 'epoch': 1.5128205128205128}
{'loss': 1.2137, 'learning_rate': 0.0001, 'grad_norm': 0.30979016423225403, 'train/tokens_per_sec': 1638.2795893989642, 'train/step_time': 10.000734982000722, 'train/mfu': 85.15, 'train/efficiency': 53.02, 'train/forward_time_percent': 16.97, 'train/backward_time_percent': 35.02, 'train/optimizer_time_percent': 1.03, 'train/overhead_time_percent': 46.98, 'epoch': 1.5128205128205128}
{'loss': 0.9525, 'learning_rate': 0.0001, 'grad_norm': 0.25981029868125916, 'train/tokens_per_sec': 1638.0900315952058, 'train/step_time': 10.001892254997074, 'train/mfu': 85.41, 'train/efficiency': 52.89, 'train/forward_time_percent': 17.37, 'train/backward_time_percent': 34.46, 'train/optimizer_time_percent': 1.07, 'train/overhead_time_percent': 47.11, 'epoch': 1.5174825174825175}
{'loss': 0.9525, 'learning_rate': 0.0001, 'grad_norm': 0.25981029868125916, 'train/tokens_per_sec': 1638.6117545200602, 'train/step_time': 9.998707719998492, 'train/mfu': 84.79, 'train/efficiency': 53.1, 'train/forward_time_percent': 16.48, 'train/backward_time_percent': 35.75, 'train/optimizer_time_percent': 0.88, 'train/overhead_time_percent': 46.9, 'epoch': 1.5174825174825175}
{'loss': 1.006, 'learning_rate': 0.0001, 'grad_norm': 0.28295740485191345, 'train/tokens_per_sec': 1638.3210938685613, 'train/step_time': 10.00048162800158, 'train/mfu': 82.7, 'train/efficiency': 54.57, 'train/forward_time_percent': 17.09, 'train/backward_time_percent': 36.45, 'train/optimizer_time_percent': 1.03, 'train/overhead_time_percent': 45.43, 'epoch': 1.5221445221445222}
{'loss': 1.006, 'learning_rate': 0.0001, 'grad_norm': 0.28295740485191345, 'train/tokens_per_sec': 1637.574470543657, 'train/step_time': 10.005041171996709, 'train/mfu': 87.75, 'train/efficiency': 51.46, 'train/forward_time_percent': 16.42, 'train/backward_time_percent': 34.01, 'train/optimizer_time_percent': 1.03, 'train/overhead_time_percent': 48.54, 'epoch': 1.5221445221445222}
{'loss': 1.3834, 'learning_rate': 0.0001, 'grad_norm': 0.32895228266716003, 'train/tokens_per_sec': 1636.8048853529745, 'train/step_time': 10.009745295003086, 'train/mfu': 85.56, 'train/efficiency': 52.74, 'train/forward_time_percent': 16.85, 'train/backward_time_percent': 34.85, 'train/optimizer_time_percent': 1.04, 'train/overhead_time_percent': 47.26, 'epoch': 1.526806526806527}{'loss': 1.3834, 'learning_rate': 0.0001, 'grad_norm': 0.32895228266716003, 'train/tokens_per_sec': 1636.6221081085914, 'train/step_time': 10.010863178998989, 'train/mfu': 85.38, 'train/efficiency': 52.79, 'train/forward_time_percent': 16.51, 'train/backward_time_percent': 35.29, 'train/optimizer_time_percent': 0.99, 'train/overhead_time_percent': 47.21, 'epoch': 1.526806526806527}

{'loss': 1.2257, 'learning_rate': 0.0001, 'grad_norm': 0.33727332949638367, 'train/tokens_per_sec': 1640.7955942193414, 'train/step_time': 9.985399801000312, 'train/mfu': 84.0, 'train/efficiency': 53.66, 'train/forward_time_percent': 16.42, 'train/backward_time_percent': 36.36, 'train/optimizer_time_percent': 0.87, 'train/overhead_time_percent': 46.34, 'epoch': 1.5314685314685315}{'loss': 1.2257, 'learning_rate': 0.0001, 'grad_norm': 0.33727332949638367, 'train/tokens_per_sec': 1639.6449013753113, 'train/step_time': 9.992407493999053, 'train/mfu': 86.57, 'train/efficiency': 52.14, 'train/forward_time_percent': 16.66, 'train/backward_time_percent': 34.52, 'train/optimizer_time_percent': 0.96, 'train/overhead_time_percent': 47.86, 'epoch': 1.5314685314685315}

  step   330  loss   0.9897  |     5492.9 ms
{'loss': 0.9897, 'learning_rate': 0.0001, 'grad_norm': 0.25354912877082825, 'train/tokens_per_sec': 1638.689648883227, 'train/step_time': 9.998232435998943, 'train/mfu': 87.25, 'train/efficiency': 51.68, 'train/forward_time_percent': 16.67, 'train/backward_time_percent': 34.08, 'train/optimizer_time_percent': 0.93, 'train/overhead_time_percent': 48.32, 'epoch': 1.5361305361305362}
{'loss': 0.9897, 'learning_rate': 0.0001, 'grad_norm': 0.25354912877082825, 'train/tokens_per_sec': 1639.7273300862935, 'train/step_time': 9.991905178001616, 'train/mfu': 82.64, 'train/efficiency': 54.5, 'train/forward_time_percent': 17.31, 'train/backward_time_percent': 36.31, 'train/optimizer_time_percent': 0.88, 'train/overhead_time_percent': 45.5, 'epoch': 1.5361305361305362}
{'loss': 0.933, 'learning_rate': 0.0001, 'grad_norm': 0.28292492032051086, 'train/tokens_per_sec': 1637.2036296559927, 'train/step_time': 10.007307400999707, 'train/mfu': 83.77, 'train/efficiency': 53.84, 'train/forward_time_percent': 17.41, 'train/backward_time_percent': 35.41, 'train/optimizer_time_percent': 1.02, 'train/overhead_time_percent': 46.16, 'epoch': 1.5407925407925407}
{'loss': 0.933, 'learning_rate': 0.0001, 'grad_norm': 0.28292492032051086, 'train/tokens_per_sec': 1637.0493455619046, 'train/step_time': 10.008250541999587, 'train/mfu': 84.32, 'train/efficiency': 53.5, 'train/forward_time_percent': 17.05, 'train/backward_time_percent': 35.42, 'train/optimizer_time_percent': 1.03, 'train/overhead_time_percent': 46.5, 'epoch': 1.5407925407925407}
{'loss': 1.0711, 'learning_rate': 0.0001, 'grad_norm': 0.31546303629875183, 'train/tokens_per_sec': 1639.200260845591, 'train/step_time': 9.995117980000941, 'train/mfu': 85.2, 'train/efficiency': 52.87, 'train/forward_time_percent': 17.24, 'train/backward_time_percent': 34.75, 'train/optimizer_time_percent': 0.88, 'train/overhead_time_percent': 47.13, 'epoch': 1.5454545454545454}
{'loss': 1.0711, 'learning_rate': 0.0001, 'grad_norm': 0.31546303629875183, 'train/tokens_per_sec': 1638.702680184086, 'train/step_time': 9.99815292799758, 'train/mfu': 87.23, 'train/efficiency': 51.65, 'train/forward_time_percent': 16.67, 'train/backward_time_percent': 34.09, 'train/optimizer_time_percent': 0.88, 'train/overhead_time_percent': 48.35, 'epoch': 1.5454545454545454}
{'loss': 1.2067, 'learning_rate': 0.0001, 'grad_norm': 0.3656802773475647, 'train/tokens_per_sec': 1637.0391956166957, 'train/step_time': 10.008312595000461, 'train/mfu': 85.45, 'train/efficiency': 52.73, 'train/forward_time_percent': 17.39, 'train/backward_time_percent': 34.38, 'train/optimizer_time_percent': 0.96, 'train/overhead_time_percent': 47.27, 'epoch': 1.5501165501165501}
{'loss': 1.2067, 'learning_rate': 0.0001, 'grad_norm': 0.3656802773475647, 'train/tokens_per_sec': 1638.250441987224, 'train/step_time': 10.00091291300123, 'train/mfu': 82.09, 'train/efficiency': 54.81, 'train/forward_time_percent': 17.28, 'train/backward_time_percent': 36.66, 'train/optimizer_time_percent': 0.88, 'train/overhead_time_percent': 45.19, 'epoch': 1.5501165501165501}
{'loss': 1.0211, 'learning_rate': 0.0001, 'grad_norm': 0.28714072704315186, 'train/tokens_per_sec': 1636.6511501941918, 'train/step_time': 10.010685537999962, 'train/mfu': 82.66, 'train/efficiency': 54.6, 'train/forward_time_percent': 17.66, 'train/backward_time_percent': 35.85, 'train/optimizer_time_percent': 1.1, 'train/overhead_time_percent': 45.4, 'epoch': 1.5547785547785549}
{'loss': 1.0211, 'learning_rate': 0.0001, 'grad_norm': 0.28714072704315186, 'train/tokens_per_sec': 1636.7442498758912, 'train/step_time': 10.01011612000002, 'train/mfu': 86.72, 'train/efficiency': 51.91, 'train/forward_time_percent': 15.93, 'train/backward_time_percent': 35.07, 'train/optimizer_time_percent': 0.91, 'train/overhead_time_percent': 48.09, 'epoch': 1.5547785547785549}
{'loss': 1.403, 'learning_rate': 0.0001, 'grad_norm': 0.2720843553543091, 'train/tokens_per_sec': 1637.325576641263, 'train/step_time': 10.006562063001184, 'train/mfu': 85.79, 'train/efficiency': 52.58, 'train/forward_time_percent': 16.43, 'train/backward_time_percent': 35.15, 'train/optimizer_time_percent': 1.0, 'train/overhead_time_percent': 47.42, 'epoch': 1.5594405594405596}
{'loss': 1.403, 'learning_rate': 0.0001, 'grad_norm': 0.2720843553543091, 'train/tokens_per_sec': 1638.5420676599892, 'train/step_time': 9.999132962999283, 'train/mfu': 82.45, 'train/efficiency': 54.73, 'train/forward_time_percent': 16.37, 'train/backward_time_percent': 37.34, 'train/optimizer_time_percent': 1.03, 'train/overhead_time_percent': 45.27, 'epoch': 1.5594405594405596}
{'loss': 1.2929, 'learning_rate': 0.0001, 'grad_norm': 0.3280429542064667, 'train/tokens_per_sec': 1636.6054982399373, 'train/step_time': 10.01096477900137, 'train/mfu': 83.5, 'train/efficiency': 54.0, 'train/forward_time_percent': 17.07, 'train/backward_time_percent': 35.9, 'train/optimizer_time_percent': 1.03, 'train/overhead_time_percent': 46.0, 'epoch': 1.564102564102564}
{'loss': 1.2929, 'learning_rate': 0.0001, 'grad_norm': 0.3280429542064667, 'train/tokens_per_sec': 1635.8805600643504, 'train/step_time': 10.015401124001073, 'train/mfu': 86.73, 'train/efficiency': 51.84, 'train/forward_time_percent': 16.87, 'train/backward_time_percent': 34.1, 'train/optimizer_time_percent': 0.87, 'train/overhead_time_percent': 48.16, 'epoch': 1.564102564102564}
{'loss': 1.0647, 'learning_rate': 0.0001, 'grad_norm': 0.349298357963562, 'train/tokens_per_sec': 1639.5828800197712, 'train/step_time': 9.992785482001636, 'train/mfu': 85.05, 'train/efficiency': 53.0, 'train/forward_time_percent': 17.18, 'train/backward_time_percent': 34.92, 'train/optimizer_time_percent': 0.9, 'train/overhead_time_percent': 47.0, 'epoch': 1.5687645687645686}
{'loss': 1.0647, 'learning_rate': 0.0001, 'grad_norm': 0.349298357963562, 'train/tokens_per_sec': 1638.949208929585, 'train/step_time': 9.996649018001335, 'train/mfu': 86.49, 'train/efficiency': 52.21, 'train/forward_time_percent': 16.74, 'train/backward_time_percent': 34.47, 'train/optimizer_time_percent': 1.01, 'train/overhead_time_percent': 47.79, 'epoch': 1.5687645687645686}
{'loss': 1.3433, 'learning_rate': 0.0001, 'grad_norm': 0.35925182700157166, 'train/tokens_per_sec': 1637.5721044616232, 'train/step_time': 10.005055628000264, 'train/mfu': 84.91, 'train/efficiency': 53.09, 'train/forward_time_percent': 17.18, 'train/backward_time_percent': 34.94, 'train/optimizer_time_percent': 0.97, 'train/overhead_time_percent': 46.91, 'epoch': 1.5734265734265733}
{'loss': 1.3433, 'learning_rate': 0.0001, 'grad_norm': 0.35925182700157166, 'train/tokens_per_sec': 1636.69656271568, 'train/step_time': 10.010407777001092, 'train/mfu': 86.21, 'train/efficiency': 52.36, 'train/forward_time_percent': 17.0, 'train/backward_time_percent': 34.3, 'train/optimizer_time_percent': 1.05, 'train/overhead_time_percent': 47.64, 'epoch': 1.5734265734265733}
{'loss': 1.1385, 'learning_rate': 0.0001, 'grad_norm': 0.31386810541152954, 'train/tokens_per_sec': 1637.6978938563575, 'train/step_time': 10.004287152998586, 'train/mfu': 84.71, 'train/efficiency': 53.18, 'train/forward_time_percent': 16.94, 'train/backward_time_percent': 35.31, 'train/optimizer_time_percent': 0.93, 'train/overhead_time_percent': 46.82, 'epoch': 1.578088578088578}
{'loss': 1.1385, 'learning_rate': 0.0001, 'grad_norm': 0.31386810541152954, 'train/tokens_per_sec': 1637.4536758941329, 'train/step_time': 10.005779242001154, 'train/mfu': 85.29, 'train/efficiency': 52.93, 'train/forward_time_percent': 17.27, 'train/backward_time_percent': 34.61, 'train/optimizer_time_percent': 1.05, 'train/overhead_time_percent': 47.07, 'epoch': 1.578088578088578}
  step   340  loss   0.9671  |     5687.0 ms
{'loss': 0.9671, 'learning_rate': 0.0001, 'grad_norm': 0.2919403314590454, 'train/tokens_per_sec': 1640.752097873029, 'train/step_time': 9.985664513998927, 'train/mfu': 84.08, 'train/efficiency': 53.76, 'train/forward_time_percent': 17.48, 'train/backward_time_percent': 35.26, 'train/optimizer_time_percent': 1.03, 'train/overhead_time_percent': 46.24, 'epoch': 1.5827505827505828}
{'loss': 0.9671, 'learning_rate': 0.0001, 'grad_norm': 0.2919403314590454, 'train/tokens_per_sec': 1639.014114823106, 'train/step_time': 9.996253145000082, 'train/mfu': 87.84, 'train/efficiency': 51.46, 'train/forward_time_percent': 16.68, 'train/backward_time_percent': 33.74, 'train/optimizer_time_percent': 1.04, 'train/overhead_time_percent': 48.54, 'epoch': 1.5827505827505828}
{'loss': 1.0688, 'learning_rate': 0.0001, 'grad_norm': 0.32425546646118164, 'train/tokens_per_sec': 1633.8058850566977, 'train/step_time': 10.028119099002652, 'train/mfu': 79.27, 'train/efficiency': 56.71, 'train/forward_time_percent': 19.02, 'train/backward_time_percent': 36.68, 'train/optimizer_time_percent': 1.01, 'train/overhead_time_percent': 43.29, 'epoch': 1.5874125874125875}
{'loss': 1.0688, 'learning_rate': 0.0001, 'grad_norm': 0.32425546646118164, 'train/tokens_per_sec': 1639.0577922459827, 'train/step_time': 9.995986765999987, 'train/mfu': 82.62, 'train/efficiency': 54.63, 'train/forward_time_percent': 19.05, 'train/backward_time_percent': 34.56, 'train/optimizer_time_percent': 1.02, 'train/overhead_time_percent': 45.37, 'epoch': 1.5874125874125875}
{'loss': 1.0323, 'learning_rate': 0.0001, 'grad_norm': 0.3204764425754547, 'train/tokens_per_sec': 1635.6375423135491, 'train/step_time': 10.016889179998543, 'train/mfu': 85.6, 'train/efficiency': 52.52, 'train/forward_time_percent': 16.8, 'train/backward_time_percent': 34.84, 'train/optimizer_time_percent': 0.89, 'train/overhead_time_percent': 47.48, 'epoch': 1.5920745920745922}
{'loss': 1.0323, 'learning_rate': 0.0001, 'grad_norm': 0.3204764425754547, 'train/tokens_per_sec': 1635.9591115419046, 'train/step_time': 10.01492022900129, 'train/mfu': 85.03, 'train/efficiency': 53.03, 'train/forward_time_percent': 16.87, 'train/backward_time_percent': 35.13, 'train/optimizer_time_percent': 1.04, 'train/overhead_time_percent': 46.97, 'epoch': 1.5920745920745922}
{'loss': 1.159, 'learning_rate': 0.0001, 'grad_norm': 0.3075508177280426, 'train/tokens_per_sec': 1639.1343707174904, 'train/step_time': 9.995519765001518, 'train/mfu': 85.43, 'train/efficiency': 52.78, 'train/forward_time_percent': 16.99, 'train/backward_time_percent': 34.86, 'train/optimizer_time_percent': 0.93, 'train/overhead_time_percent': 47.22, 'epoch': 1.5967365967365967}
{'loss': 1.159, 'learning_rate': 0.0001, 'grad_norm': 0.3075508177280426, 'train/tokens_per_sec': 1640.2009074643925, 'train/step_time': 9.989020201999665, 'train/mfu': 83.73, 'train/efficiency': 53.83, 'train/forward_time_percent': 16.44, 'train/backward_time_percent': 36.5, 'train/optimizer_time_percent': 0.88, 'train/overhead_time_percent': 46.17, 'epoch': 1.5967365967365967}
{'loss': 1.2619, 'learning_rate': 0.0001, 'grad_norm': 0.3215927481651306, 'train/tokens_per_sec': 1640.1252314942278, 'train/step_time': 9.989481098997203, 'train/mfu': 84.83, 'train/efficiency': 53.3, 'train/forward_time_percent': 17.14, 'train/backward_time_percent': 35.11, 'train/optimizer_time_percent': 1.05, 'train/overhead_time_percent': 46.7, 'epoch': 1.6013986013986012}
{'loss': 1.2619, 'learning_rate': 0.0001, 'grad_norm': 0.3215927481651306, 'train/tokens_per_sec': 1639.213721099409, 'train/step_time': 9.995035906002158, 'train/mfu': 87.48, 'train/efficiency': 51.63, 'train/forward_time_percent': 16.15, 'train/backward_time_percent': 34.49, 'train/optimizer_time_percent': 0.99, 'train/overhead_time_percent': 48.37, 'epoch': 1.6013986013986012}
{'loss': 1.1957, 'learning_rate': 0.0001, 'grad_norm': 0.31910887360572815, 'train/tokens_per_sec': 1637.6378323810754, 'train/step_time': 10.004654066997318, 'train/mfu': 87.08, 'train/efficiency': 51.79, 'train/forward_time_percent': 16.44, 'train/backward_time_percent': 34.38, 'train/optimizer_time_percent': 0.96, 'train/overhead_time_percent': 48.21, 'epoch': 1.606060606060606}
{'loss': 1.1957, 'learning_rate': 0.0001, 'grad_norm': 0.31910887360572815, 'train/tokens_per_sec': 1638.8416293063758, 'train/step_time': 9.997305234999658, 'train/mfu': 84.15, 'train/efficiency': 53.51, 'train/forward_time_percent': 16.89, 'train/backward_time_percent': 35.74, 'train/optimizer_time_percent': 0.88, 'train/overhead_time_percent': 46.49, 'epoch': 1.606060606060606}
{'loss': 1.2299, 'learning_rate': 0.0001, 'grad_norm': 0.3189220130443573, 'train/tokens_per_sec': 1637.575633618334, 'train/step_time': 10.005034065998188, 'train/mfu': 84.35, 'train/efficiency': 53.35, 'train/forward_time_percent': 16.47, 'train/backward_time_percent': 35.99, 'train/optimizer_time_percent': 0.89, 'train/overhead_time_percent': 46.65, 'epoch': 1.6107226107226107}
{'loss': 1.2299, 'learning_rate': 0.0001, 'grad_norm': 0.3189220130443573, 'train/tokens_per_sec': 1636.94378119629, 'train/step_time': 10.008895961000235, 'train/mfu': 84.7, 'train/efficiency': 53.16, 'train/forward_time_percent': 16.65, 'train/backward_time_percent': 35.57, 'train/optimizer_time_percent': 0.94, 'train/overhead_time_percent': 46.84, 'epoch': 1.6107226107226107}
{'loss': 1.165, 'learning_rate': 0.0001, 'grad_norm': 0.29387879371643066, 'train/tokens_per_sec': 1636.0025978669337, 'train/step_time': 10.014654023998446, 'train/mfu': 86.13, 'train/efficiency': 52.35, 'train/forward_time_percent': 16.46, 'train/backward_time_percent': 34.86, 'train/optimizer_time_percent': 1.02, 'train/overhead_time_percent': 47.65, 'epoch': 1.6153846153846154}
{'loss': 1.165, 'learning_rate': 0.0001, 'grad_norm': 0.29387879371643066, 'train/tokens_per_sec': 1636.160286852774, 'train/step_time': 10.01368883699979, 'train/mfu': 84.67, 'train/efficiency': 53.1, 'train/forward_time_percent': 16.93, 'train/backward_time_percent': 35.29, 'train/optimizer_time_percent': 0.89, 'train/overhead_time_percent': 46.9, 'epoch': 1.6153846153846154}
{'loss': 1.0314, 'learning_rate': 0.0001, 'grad_norm': 0.25439420342445374, 'train/tokens_per_sec': 1638.6418628834228, 'train/step_time': 9.998524004000501, 'train/mfu': 86.92, 'train/efficiency': 51.98, 'train/forward_time_percent': 16.59, 'train/backward_time_percent': 34.36, 'train/optimizer_time_percent': 1.04, 'train/overhead_time_percent': 48.02, 'epoch': 1.6200466200466201}
{'loss': 1.0314, 'learning_rate': 0.0001, 'grad_norm': 0.25439420342445374, 'train/tokens_per_sec': 1638.943309543433, 'train/step_time': 9.996685000998696, 'train/mfu': 84.39, 'train/efficiency': 53.53, 'train/forward_time_percent': 17.44, 'train/backward_time_percent': 35.04, 'train/optimizer_time_percent': 1.05, 'train/overhead_time_percent': 46.47, 'epoch': 1.6200466200466201}
{'loss': 1.1271, 'learning_rate': 0.0001, 'grad_norm': 0.40555837750434875, 'train/tokens_per_sec': 1638.6617549126163, 'train/step_time': 9.998402630000783, 'train/mfu': 84.63, 'train/efficiency': 53.2, 'train/forward_time_percent': 17.42, 'train/backward_time_percent': 34.9, 'train/optimizer_time_percent': 0.88, 'train/overhead_time_percent': 46.8, 'epoch': 1.6247086247086249}
{'loss': 1.1271, 'learning_rate': 0.0001, 'grad_norm': 0.40555837750434875, 'train/tokens_per_sec': 1638.3614105265874, 'train/step_time': 10.000235537001572, 'train/mfu': 85.85, 'train/efficiency': 52.48, 'train/forward_time_percent': 16.42, 'train/backward_time_percent': 35.15, 'train/optimizer_time_percent': 0.9, 'train/overhead_time_percent': 47.52, 'epoch': 1.6247086247086249}
{'loss': 1.1673, 'learning_rate': 0.0001, 'grad_norm': 0.2989410161972046, 'train/tokens_per_sec': 1638.6348604548955, 'train/step_time': 9.9985667309993, 'train/mfu': 86.2, 'train/efficiency': 52.42, 'train/forward_time_percent': 17.53, 'train/backward_time_percent': 33.84, 'train/optimizer_time_percent': 1.05, 'train/overhead_time_percent': 47.58, 'epoch': 1.6293706293706294}
  step   350  loss   1.1673  |     5510.2 ms
{'loss': 1.1673, 'learning_rate': 0.0001, 'grad_norm': 0.2989410161972046, 'train/tokens_per_sec': 1638.506903727606, 'train/step_time': 9.999347553999542, 'train/mfu': 86.76, 'train/efficiency': 51.98, 'train/forward_time_percent': 16.71, 'train/backward_time_percent': 34.32, 'train/optimizer_time_percent': 0.94, 'train/overhead_time_percent': 48.02, 'epoch': 1.6293706293706294}
{'loss': 1.2557, 'learning_rate': 0.0001, 'grad_norm': 0.2729802131652832, 'train/tokens_per_sec': 1639.7943397557217, 'train/step_time': 9.99149686200326, 'train/mfu': 82.97, 'train/efficiency': 54.45, 'train/forward_time_percent': 17.06, 'train/backward_time_percent': 36.35, 'train/optimizer_time_percent': 1.04, 'train/overhead_time_percent': 45.55, 'epoch': 1.6340326340326339}
{'loss': 1.2557, 'learning_rate': 0.0001, 'grad_norm': 0.2729802131652832, 'train/tokens_per_sec': 1638.796850225813, 'train/step_time': 9.99757840500024, 'train/mfu': 87.25, 'train/efficiency': 51.63, 'train/forward_time_percent': 16.33, 'train/backward_time_percent': 34.43, 'train/optimizer_time_percent': 0.88, 'train/overhead_time_percent': 48.37, 'epoch': 1.6340326340326339}
{'loss': 1.4112, 'learning_rate': 0.0001, 'grad_norm': 0.34865906834602356, 'train/tokens_per_sec': 1638.0414142242628, 'train/step_time': 10.002189113001805, 'train/mfu': 85.1, 'train/efficiency': 53.07, 'train/forward_time_percent': 16.79, 'train/backward_time_percent': 35.23, 'train/optimizer_time_percent': 1.06, 'train/overhead_time_percent': 46.93, 'epoch': 1.6386946386946386}{'loss': 1.4112, 'learning_rate': 0.0001, 'grad_norm': 0.34865906834602356, 'train/tokens_per_sec': 1637.9654466205952, 'train/step_time': 10.002653006999026, 'train/mfu': 85.77, 'train/efficiency': 52.58, 'train/forward_time_percent': 17.07, 'train/backward_time_percent': 34.54, 'train/optimizer_time_percent': 0.97, 'train/overhead_time_percent': 47.42, 'epoch': 1.6386946386946386}

{'loss': 1.3006, 'learning_rate': 0.0001, 'grad_norm': 0.32352641224861145, 'train/tokens_per_sec': 1637.3325889925077, 'train/step_time': 10.006519206999656, 'train/mfu': 86.03, 'train/efficiency': 52.38, 'train/forward_time_percent': 17.34, 'train/backward_time_percent': 34.08, 'train/optimizer_time_percent': 0.95, 'train/overhead_time_percent': 47.62, 'epoch': 1.6433566433566433}
{'loss': 1.3006, 'learning_rate': 0.0001, 'grad_norm': 0.32352641224861145, 'train/tokens_per_sec': 1636.9166030934616, 'train/step_time': 10.009062141001777, 'train/mfu': 86.44, 'train/efficiency': 52.13, 'train/forward_time_percent': 16.4, 'train/backward_time_percent': 34.77, 'train/optimizer_time_percent': 0.95, 'train/overhead_time_percent': 47.87, 'epoch': 1.6433566433566433}
{'loss': 1.0119, 'learning_rate': 0.0001, 'grad_norm': 0.44768357276916504, 'train/tokens_per_sec': 1639.838389326712, 'train/step_time': 9.991228468999907, 'train/mfu': 84.73, 'train/efficiency': 53.18, 'train/forward_time_percent': 16.53, 'train/backward_time_percent': 35.77, 'train/optimizer_time_percent': 0.88, 'train/overhead_time_percent': 46.82, 'epoch': 1.648018648018648}
{'loss': 1.0119, 'learning_rate': 0.0001, 'grad_norm': 0.44768357276916504, 'train/tokens_per_sec': 1639.7283829885378, 'train/step_time': 9.991898762000346, 'train/mfu': 84.92, 'train/efficiency': 53.21, 'train/forward_time_percent': 16.81, 'train/backward_time_percent': 35.38, 'train/optimizer_time_percent': 1.02, 'train/overhead_time_percent': 46.79, 'epoch': 1.648018648018648}
{'loss': 1.2996, 'learning_rate': 0.0001, 'grad_norm': 0.32501739263534546, 'train/tokens_per_sec': 1636.8774792010327, 'train/step_time': 10.009301373000199, 'train/mfu': 84.27, 'train/efficiency': 53.5, 'train/forward_time_percent': 16.76, 'train/backward_time_percent': 35.73, 'train/optimizer_time_percent': 1.01, 'train/overhead_time_percent': 46.5, 'epoch': 1.6526806526806528}
{'loss': 1.2996, 'learning_rate': 0.0001, 'grad_norm': 0.32501739263534546, 'train/tokens_per_sec': 1635.8807348348034, 'train/step_time': 10.015400053998746, 'train/mfu': 87.23, 'train/efficiency': 51.56, 'train/forward_time_percent': 16.25, 'train/backward_time_percent': 34.43, 'train/optimizer_time_percent': 0.88, 'train/overhead_time_percent': 48.44, 'epoch': 1.6526806526806528}
{'loss': 1.1995, 'learning_rate': 0.0001, 'grad_norm': 0.38419675827026367, 'train/tokens_per_sec': 1638.948049804775, 'train/step_time': 9.996656088002055, 'train/mfu': 85.23, 'train/efficiency': 52.93, 'train/forward_time_percent': 17.55, 'train/backward_time_percent': 34.41, 'train/optimizer_time_percent': 0.97, 'train/overhead_time_percent': 47.07, 'epoch': 1.6573426573426573}
{'loss': 1.1995, 'learning_rate': 0.0001, 'grad_norm': 0.38419675827026367, 'train/tokens_per_sec': 1638.7120622319192, 'train/step_time': 9.998095686001761, 'train/mfu': 85.38, 'train/efficiency': 52.82, 'train/forward_time_percent': 16.68, 'train/backward_time_percent': 35.19, 'train/optimizer_time_percent': 0.95, 'train/overhead_time_percent': 47.18, 'epoch': 1.6573426573426573}
{'loss': 1.1507, 'learning_rate': 0.0001, 'grad_norm': 0.29843801259994507, 'train/tokens_per_sec': 1639.5016116275542, 'train/step_time': 9.993280814000173, 'train/mfu': 87.54, 'train/efficiency': 51.55, 'train/forward_time_percent': 16.43, 'train/backward_time_percent': 34.18, 'train/optimizer_time_percent': 0.94, 'train/overhead_time_percent': 48.45, 'epoch': 1.662004662004662}
{'loss': 1.1507, 'learning_rate': 0.0001, 'grad_norm': 0.29843801259994507, 'train/tokens_per_sec': 1640.3092750521153, 'train/step_time': 9.988360273997387, 'train/mfu': 83.17, 'train/efficiency': 54.32, 'train/forward_time_percent': 17.15, 'train/backward_time_percent': 36.15, 'train/optimizer_time_percent': 1.02, 'train/overhead_time_percent': 45.68, 'epoch': 1.662004662004662}
{'loss': 1.0912, 'learning_rate': 0.0001, 'grad_norm': 0.31776586174964905, 'train/tokens_per_sec': 1636.596994968246, 'train/step_time': 10.011016792999726, 'train/mfu': 85.47, 'train/efficiency': 52.75, 'train/forward_time_percent': 16.0, 'train/backward_time_percent': 35.75, 'train/optimizer_time_percent': 1.01, 'train/overhead_time_percent': 47.25, 'epoch': 1.6666666666666665}
{'loss': 1.0912, 'learning_rate': 0.0001, 'grad_norm': 0.31776586174964905, 'train/tokens_per_sec': 1637.4854733692919, 'train/step_time': 10.00558494500001, 'train/mfu': 83.42, 'train/efficiency': 53.95, 'train/forward_time_percent': 17.21, 'train/backward_time_percent': 35.83, 'train/optimizer_time_percent': 0.9, 'train/overhead_time_percent': 46.05, 'epoch': 1.6666666666666665}
{'loss': 1.2386, 'learning_rate': 0.0001, 'grad_norm': 0.2896062433719635, 'train/tokens_per_sec': 1638.1397472638257, 'train/step_time': 10.001588709001226, 'train/mfu': 85.66, 'train/efficiency': 52.72, 'train/forward_time_percent': 16.64, 'train/backward_time_percent': 35.04, 'train/optimizer_time_percent': 1.04, 'train/overhead_time_percent': 47.28, 'epoch': 1.6713286713286712}
{'loss': 1.2386, 'learning_rate': 0.0001, 'grad_norm': 0.2896062433719635, 'train/tokens_per_sec': 1638.2142296188456, 'train/step_time': 10.001133981000748, 'train/mfu': 85.9, 'train/efficiency': 52.51, 'train/forward_time_percent': 17.29, 'train/backward_time_percent': 34.24, 'train/optimizer_time_percent': 0.98, 'train/overhead_time_percent': 47.49, 'epoch': 1.6713286713286712}
  step   360  loss   1.1679  |     5660.3 ms{'loss': 1.1679, 'learning_rate': 0.0001, 'grad_norm': 0.31054192781448364, 'train/tokens_per_sec': 1639.253372028147, 'train/step_time': 9.994794141999591, 'train/mfu': 84.12, 'train/efficiency': 53.64, 'train/forward_time_percent': 16.79, 'train/backward_time_percent': 35.86, 'train/optimizer_time_percent': 0.98, 'train/overhead_time_percent': 46.36, 'epoch': 1.675990675990676}

{'loss': 1.1679, 'learning_rate': 0.0001, 'grad_norm': 0.31054192781448364, 'train/tokens_per_sec': 1638.6520196009933, 'train/step_time': 9.99846203099878, 'train/mfu': 84.48, 'train/efficiency': 53.37, 'train/forward_time_percent': 17.21, 'train/backward_time_percent': 35.21, 'train/optimizer_time_percent': 0.95, 'train/overhead_time_percent': 46.63, 'epoch': 1.675990675990676}
{'loss': 1.2226, 'learning_rate': 0.0001, 'grad_norm': 0.3011273443698883, 'train/tokens_per_sec': 1636.0428245093926, 'train/step_time': 10.014407786002266, 'train/mfu': 83.44, 'train/efficiency': 53.86, 'train/forward_time_percent': 16.74, 'train/backward_time_percent': 36.25, 'train/optimizer_time_percent': 0.87, 'train/overhead_time_percent': 46.14, 'epoch': 1.6806526806526807}
{'loss': 1.2226, 'learning_rate': 0.0001, 'grad_norm': 0.3011273443698883, 'train/tokens_per_sec': 1635.5005458711353, 'train/step_time': 10.017728236998664, 'train/mfu': 86.44, 'train/efficiency': 52.16, 'train/forward_time_percent': 16.99, 'train/backward_time_percent': 34.14, 'train/optimizer_time_percent': 1.03, 'train/overhead_time_percent': 47.84, 'epoch': 1.6806526806526807}
{'loss': 1.3582, 'learning_rate': 0.0001, 'grad_norm': 0.3530116677284241, 'train/tokens_per_sec': 1637.076120279229, 'train/step_time': 10.00808685499942, 'train/mfu': 85.65, 'train/efficiency': 52.59, 'train/forward_time_percent': 17.16, 'train/backward_time_percent': 34.5, 'train/optimizer_time_percent': 0.93, 'train/overhead_time_percent': 47.41, 'epoch': 1.6853146853146854}
{'loss': 1.3582, 'learning_rate': 0.0001, 'grad_norm': 0.3530116677284241, 'train/tokens_per_sec': 1637.4481333879148, 'train/step_time': 10.005813110001327, 'train/mfu': 85.13, 'train/efficiency': 52.86, 'train/forward_time_percent': 17.12, 'train/backward_time_percent': 34.86, 'train/optimizer_time_percent': 0.89, 'train/overhead_time_percent': 47.14, 'epoch': 1.6853146853146854}
{'loss': 1.0414, 'learning_rate': 0.0001, 'grad_norm': 0.6386021971702576, 'train/tokens_per_sec': 1638.222159189538, 'train/step_time': 10.001085571999283, 'train/mfu': 85.34, 'train/efficiency': 52.87, 'train/forward_time_percent': 16.92, 'train/backward_time_percent': 34.95, 'train/optimizer_time_percent': 0.99, 'train/overhead_time_percent': 47.13, 'epoch': 1.68997668997669}
{'loss': 1.0414, 'learning_rate': 0.0001, 'grad_norm': 0.6386021971702576, 'train/tokens_per_sec': 1638.6494971675297, 'train/step_time': 9.998477421999269, 'train/mfu': 84.52, 'train/efficiency': 53.43, 'train/forward_time_percent': 16.93, 'train/backward_time_percent': 35.46, 'train/optimizer_time_percent': 1.04, 'train/overhead_time_percent': 46.57, 'epoch': 1.68997668997669}
{'loss': 1.0435, 'learning_rate': 0.0001, 'grad_norm': 0.330080509185791, 'train/tokens_per_sec': 1637.3913372992477, 'train/step_time': 10.006160181001178, 'train/mfu': 86.1, 'train/efficiency': 52.44, 'train/forward_time_percent': 17.56, 'train/backward_time_percent': 33.83, 'train/optimizer_time_percent': 1.05, 'train/overhead_time_percent': 47.56, 'epoch': 1.6946386946386947}
{'loss': 1.0435, 'learning_rate': 0.0001, 'grad_norm': 0.330080509185791, 'train/tokens_per_sec': 1637.4669520082543, 'train/step_time': 10.005698118002329, 'train/mfu': 86.76, 'train/efficiency': 52.0, 'train/forward_time_percent': 16.27, 'train/backward_time_percent': 34.74, 'train/optimizer_time_percent': 1.0, 'train/overhead_time_percent': 48.0, 'epoch': 1.6946386946386947}
{'loss': 1.1731, 'learning_rate': 0.0001, 'grad_norm': 0.46327289938926697, 'train/tokens_per_sec': 1636.9940709163188, 'train/step_time': 10.008588479999162, 'train/mfu': 85.84, 'train/efficiency': 52.54, 'train/forward_time_percent': 16.91, 'train/backward_time_percent': 34.63, 'train/optimizer_time_percent': 1.0, 'train/overhead_time_percent': 47.46, 'epoch': 1.6993006993006992}
{'loss': 1.1731, 'learning_rate': 0.0001, 'grad_norm': 0.46327289938926697, 'train/tokens_per_sec': 1637.6539135361766, 'train/step_time': 10.004555824998533, 'train/mfu': 85.38, 'train/efficiency': 52.85, 'train/forward_time_percent': 16.97, 'train/backward_time_percent': 34.86, 'train/optimizer_time_percent': 1.02, 'train/overhead_time_percent': 47.15, 'epoch': 1.6993006993006992}
{'loss': 1.1294, 'learning_rate': 0.0001, 'grad_norm': 0.31229668855667114, 'train/tokens_per_sec': 1638.0844985370597, 'train/step_time': 10.001926038999954, 'train/mfu': 84.97, 'train/efficiency': 53.14, 'train/forward_time_percent': 17.23, 'train/backward_time_percent': 34.87, 'train/optimizer_time_percent': 1.04, 'train/overhead_time_percent': 46.86, 'epoch': 1.7039627039627039}
{'loss': 1.1294, 'learning_rate': 0.0001, 'grad_norm': 0.31229668855667114, 'train/tokens_per_sec': 1637.4018460569912, 'train/step_time': 10.006095961998653, 'train/mfu': 87.13, 'train/efficiency': 51.81, 'train/forward_time_percent': 16.33, 'train/backward_time_percent': 34.45, 'train/optimizer_time_percent': 1.02, 'train/overhead_time_percent': 48.19, 'epoch': 1.7039627039627039}
{'loss': 1.0063, 'learning_rate': 0.0001, 'grad_norm': 0.30454885959625244, 'train/tokens_per_sec': 1639.1140857881771, 'train/step_time': 9.995643465001194, 'train/mfu': 84.46, 'train/efficiency': 53.33, 'train/forward_time_percent': 17.06, 'train/backward_time_percent': 35.39, 'train/optimizer_time_percent': 0.89, 'train/overhead_time_percent': 46.67, 'epoch': 1.7086247086247086}
{'loss': 1.0063, 'learning_rate': 0.0001, 'grad_norm': 0.30454885959625244, 'train/tokens_per_sec': 1639.1731135402817, 'train/step_time': 9.995283514999755, 'train/mfu': 84.88, 'train/efficiency': 53.19, 'train/forward_time_percent': 16.65, 'train/backward_time_percent': 35.53, 'train/optimizer_time_percent': 1.0, 'train/overhead_time_percent': 46.81, 'epoch': 1.7086247086247086}
{'loss': 1.0194, 'learning_rate': 0.0001, 'grad_norm': 0.3264855146408081, 'train/tokens_per_sec': 1638.6896377379871, 'train/step_time': 9.998232504000043, 'train/mfu': 85.34, 'train/efficiency': 52.95, 'train/forward_time_percent': 16.74, 'train/backward_time_percent': 35.15, 'train/optimizer_time_percent': 1.05, 'train/overhead_time_percent': 47.05, 'epoch': 1.7132867132867133}{'loss': 1.0194, 'learning_rate': 0.0001, 'grad_norm': 0.3264855146408081, 'train/tokens_per_sec': 1638.774613716386, 'train/step_time': 9.997714061999432, 'train/mfu': 84.88, 'train/efficiency': 53.15, 'train/forward_time_percent': 16.54, 'train/backward_time_percent': 35.63, 'train/optimizer_time_percent': 0.98, 'train/overhead_time_percent': 46.85, 'epoch': 1.7132867132867133}

{'loss': 1.0771, 'learning_rate': 0.0001, 'grad_norm': 0.3159058690071106, 'train/tokens_per_sec': 1636.4284205657887, 'train/step_time': 10.012048063999828, 'train/mfu': 86.03, 'train/efficiency': 52.27, 'train/forward_time_percent': 16.92, 'train/backward_time_percent': 34.48, 'train/optimizer_time_percent': 0.87, 'train/overhead_time_percent': 47.73, 'epoch': 1.717948717948718}
{'loss': 1.0771, 'learning_rate': 0.0001, 'grad_norm': 0.3159058690071106, 'train/tokens_per_sec': 1637.300717444464, 'train/step_time': 10.006713992999721, 'train/mfu': 82.14, 'train/efficiency': 54.9, 'train/forward_time_percent': 17.15, 'train/backward_time_percent': 36.71, 'train/optimizer_time_percent': 1.04, 'train/overhead_time_percent': 45.1, 'epoch': 1.717948717948718}
  step   370  loss   1.2192  |     5539.4 ms{'loss': 1.2192, 'learning_rate': 0.0001, 'grad_norm': 0.3592577278614044, 'train/tokens_per_sec': 1640.3018442006417, 'train/step_time': 9.988405522999528, 'train/mfu': 84.28, 'train/efficiency': 53.47, 'train/forward_time_percent': 17.29, 'train/backward_time_percent': 35.3, 'train/optimizer_time_percent': 0.88, 'train/overhead_time_percent': 46.53, 'epoch': 1.7226107226107226}

{'loss': 1.2192, 'learning_rate': 0.0001, 'grad_norm': 0.3592577278614044, 'train/tokens_per_sec': 1638.9580942409252, 'train/step_time': 9.996594822998304, 'train/mfu': 86.38, 'train/efficiency': 52.25, 'train/forward_time_percent': 16.66, 'train/backward_time_percent': 34.61, 'train/optimizer_time_percent': 0.98, 'train/overhead_time_percent': 47.75, 'epoch': 1.7226107226107226}
{'loss': 0.9799, 'learning_rate': 0.0001, 'grad_norm': 0.36667314171791077, 'train/tokens_per_sec': 1639.6774997948553, 'train/step_time': 9.992208834999474, 'train/mfu': 85.49, 'train/efficiency': 52.74, 'train/forward_time_percent': 17.3, 'train/backward_time_percent': 34.53, 'train/optimizer_time_percent': 0.91, 'train/overhead_time_percent': 47.26, 'epoch': 1.7272727272727273}
{'loss': 0.9799, 'learning_rate': 0.0001, 'grad_norm': 0.36667314171791077, 'train/tokens_per_sec': 1638.9973315943457, 'train/step_time': 9.996355505998508, 'train/mfu': 86.28, 'train/efficiency': 52.31, 'train/forward_time_percent': 16.0, 'train/backward_time_percent': 35.34, 'train/optimizer_time_percent': 0.97, 'train/overhead_time_percent': 47.69, 'epoch': 1.7272727272727273}
{'loss': 1.3347, 'learning_rate': 0.0001, 'grad_norm': 0.3708134889602661, 'train/tokens_per_sec': 1638.0386052752742, 'train/step_time': 10.002206265002314, 'train/mfu': 84.87, 'train/efficiency': 53.17, 'train/forward_time_percent': 17.08, 'train/backward_time_percent': 35.08, 'train/optimizer_time_percent': 1.02, 'train/overhead_time_percent': 46.83, 'epoch': 1.7319347319347318}
{'loss': 1.3347, 'learning_rate': 0.0001, 'grad_norm': 0.3708134889602661, 'train/tokens_per_sec': 1637.660121369798, 'train/step_time': 10.004517901001236, 'train/mfu': 86.0, 'train/efficiency': 52.52, 'train/forward_time_percent': 17.21, 'train/backward_time_percent': 34.25, 'train/optimizer_time_percent': 1.07, 'train/overhead_time_percent': 47.48, 'epoch': 1.7319347319347318}
{'loss': 1.0406, 'learning_rate': 0.0001, 'grad_norm': 0.27366867661476135, 'train/tokens_per_sec': 1642.0538321765566, 'train/step_time': 9.977748402001453, 'train/mfu': 86.17, 'train/efficiency': 52.53, 'train/forward_time_percent': 16.55, 'train/backward_time_percent': 34.95, 'train/optimizer_time_percent': 1.04, 'train/overhead_time_percent': 47.47, 'epoch': 1.7365967365967365}
{'loss': 1.0406, 'learning_rate': 0.0001, 'grad_norm': 0.27366867661476135, 'train/tokens_per_sec': 1641.3298986099958, 'train/step_time': 9.982149240000581, 'train/mfu': 87.66, 'train/efficiency': 51.66, 'train/forward_time_percent': 16.68, 'train/backward_time_percent': 33.92, 'train/optimizer_time_percent': 1.06, 'train/overhead_time_percent': 48.34, 'epoch': 1.7365967365967365}
{'loss': 1.4848, 'learning_rate': 0.0001, 'grad_norm': 0.29010796546936035, 'train/tokens_per_sec': 1637.2867396520844, 'train/step_time': 10.006799422000768, 'train/mfu': 86.13, 'train/efficiency': 52.39, 'train/forward_time_percent': 17.02, 'train/backward_time_percent': 34.35, 'train/optimizer_time_percent': 1.02, 'train/overhead_time_percent': 47.61, 'epoch': 1.7412587412587412}
{'loss': 1.4848, 'learning_rate': 0.0001, 'grad_norm': 0.29010796546936035, 'train/tokens_per_sec': 1637.595517446018, 'train/step_time': 10.004912584001431, 'train/mfu': 84.3, 'train/efficiency': 53.49, 'train/forward_time_percent': 16.99, 'train/backward_time_percent': 35.51, 'train/optimizer_time_percent': 0.99, 'train/overhead_time_percent': 46.51, 'epoch': 1.7412587412587412}
{'loss': 1.0417, 'learning_rate': 0.0001, 'grad_norm': 0.38014861941337585, 'train/tokens_per_sec': 1639.438162084442, 'train/step_time': 9.993667573999119, 'train/mfu': 84.17, 'train/efficiency': 53.65, 'train/forward_time_percent': 16.81, 'train/backward_time_percent': 35.83, 'train/optimizer_time_percent': 1.02, 'train/overhead_time_percent': 46.35, 'epoch': 1.745920745920746}{'loss': 1.0417, 'learning_rate': 0.0001, 'grad_norm': 0.38014861941337585, 'train/tokens_per_sec': 1638.5046629259082, 'train/step_time': 9.999361229001806, 'train/mfu': 86.38, 'train/efficiency': 52.17, 'train/forward_time_percent': 16.6, 'train/backward_time_percent': 34.66, 'train/optimizer_time_percent': 0.91, 'train/overhead_time_percent': 47.83, 'epoch': 1.745920745920746}

{'loss': 1.2371, 'learning_rate': 0.0001, 'grad_norm': 0.28449133038520813, 'train/tokens_per_sec': 1640.0882166051827, 'train/step_time': 9.989706550000847, 'train/mfu': 84.96, 'train/efficiency': 53.05, 'train/forward_time_percent': 17.4, 'train/backward_time_percent': 34.77, 'train/optimizer_time_percent': 0.88, 'train/overhead_time_percent': 46.95, 'epoch': 1.7505827505827507}{'loss': 1.2371, 'learning_rate': 0.0001, 'grad_norm': 0.28449133038520813, 'train/tokens_per_sec': 1639.6344501162014, 'train/step_time': 9.992471187000774, 'train/mfu': 85.98, 'train/efficiency': 52.58, 'train/forward_time_percent': 16.69, 'train/backward_time_percent': 34.84, 'train/optimizer_time_percent': 1.05, 'train/overhead_time_percent': 47.42, 'epoch': 1.7505827505827507}

{'loss': 1.142, 'learning_rate': 0.0001, 'grad_norm': 0.3438180685043335, 'train/tokens_per_sec': 1636.6665457411643, 'train/step_time': 10.010591370999464, 'train/mfu': 87.66, 'train/efficiency': 51.42, 'train/forward_time_percent': 16.93, 'train/backward_time_percent': 33.53, 'train/optimizer_time_percent': 0.97, 'train/overhead_time_percent': 48.58, 'epoch': 1.7552447552447552}
{'loss': 1.142, 'learning_rate': 0.0001, 'grad_norm': 0.3438180685043335, 'train/tokens_per_sec': 1637.431531623244, 'train/step_time': 10.005914558001678, 'train/mfu': 83.75, 'train/efficiency': 53.78, 'train/forward_time_percent': 17.32, 'train/backward_time_percent': 35.51, 'train/optimizer_time_percent': 0.95, 'train/overhead_time_percent': 46.22, 'epoch': 1.7552447552447552}
{'loss': 1.1904, 'learning_rate': 0.0001, 'grad_norm': 0.32786911725997925, 'train/tokens_per_sec': 1637.8651893535864, 'train/step_time': 10.003265291001298, 'train/mfu': 85.93, 'train/efficiency': 52.51, 'train/forward_time_percent': 16.62, 'train/backward_time_percent': 34.89, 'train/optimizer_time_percent': 1.0, 'train/overhead_time_percent': 47.49, 'epoch': 1.75990675990676}{'loss': 1.1904, 'learning_rate': 0.0001, 'grad_norm': 0.32786911725997925, 'train/tokens_per_sec': 1638.7830173504565, 'train/step_time': 9.997662793997733, 'train/mfu': 83.62, 'train/efficiency': 54.0, 'train/forward_time_percent': 17.46, 'train/backward_time_percent': 35.5, 'train/optimizer_time_percent': 1.04, 'train/overhead_time_percent': 46.0, 'epoch': 1.75990675990676}

{'loss': 1.2124, 'learning_rate': 0.0001, 'grad_norm': 0.3263871669769287, 'train/tokens_per_sec': 1638.671738804368, 'train/step_time': 9.998341712998808, 'train/mfu': 87.77, 'train/efficiency': 51.37, 'train/forward_time_percent': 16.96, 'train/backward_time_percent': 33.5, 'train/optimizer_time_percent': 0.92, 'train/overhead_time_percent': 48.63, 'epoch': 1.7645687645687644}{'loss': 1.2124, 'learning_rate': 0.0001, 'grad_norm': 0.3263871669769287, 'train/tokens_per_sec': 1637.8770492794085, 'train/step_time': 10.003192857002432, 'train/mfu': 89.02, 'train/efficiency': 50.8, 'train/forward_time_percent': 16.14, 'train/backward_time_percent': 33.58, 'train/optimizer_time_percent': 1.08, 'train/overhead_time_percent': 49.2, 'epoch': 1.7645687645687644}

  step   380  loss   1.1184  |     5566.7 ms{'loss': 1.1184, 'learning_rate': 0.0001, 'grad_norm': 0.3265339732170105, 'train/tokens_per_sec': 1636.982066922979, 'train/step_time': 10.008661873001984, 'train/mfu': 83.5, 'train/efficiency': 53.93, 'train/forward_time_percent': 17.01, 'train/backward_time_percent': 35.97, 'train/optimizer_time_percent': 0.95, 'train/overhead_time_percent': 46.07, 'epoch': 1.7692307692307692}

{'loss': 1.1184, 'learning_rate': 0.0001, 'grad_norm': 0.3265339732170105, 'train/tokens_per_sec': 1636.431441215676, 'train/step_time': 10.012029582998366, 'train/mfu': 85.97, 'train/efficiency': 52.46, 'train/forward_time_percent': 16.51, 'train/backward_time_percent': 34.93, 'train/optimizer_time_percent': 1.02, 'train/overhead_time_percent': 47.54, 'epoch': 1.7692307692307692}
{'loss': 1.1294, 'learning_rate': 0.0001, 'grad_norm': 0.3472687304019928, 'train/tokens_per_sec': 1638.160505685028, 'train/step_time': 10.001461970998207, 'train/mfu': 85.2, 'train/efficiency': 52.83, 'train/forward_time_percent': 16.77, 'train/backward_time_percent': 35.19, 'train/optimizer_time_percent': 0.87, 'train/overhead_time_percent': 47.17, 'epoch': 1.7738927738927739}{'loss': 1.1294, 'learning_rate': 0.0001, 'grad_norm': 0.3472687304019928, 'train/tokens_per_sec': 1639.3594070597762, 'train/step_time': 9.994147671000974, 'train/mfu': 82.98, 'train/efficiency': 54.43, 'train/forward_time_percent': 17.05, 'train/backward_time_percent': 36.33, 'train/optimizer_time_percent': 1.05, 'train/overhead_time_percent': 45.57, 'epoch': 1.7738927738927739}

{'loss': 1.0995, 'learning_rate': 0.0001, 'grad_norm': 0.2666134834289551, 'train/tokens_per_sec': 1637.0278908591158, 'train/step_time': 10.008381709001696, 'train/mfu': 85.76, 'train/efficiency': 52.47, 'train/forward_time_percent': 17.14, 'train/backward_time_percent': 34.45, 'train/optimizer_time_percent': 0.89, 'train/overhead_time_percent': 47.53, 'epoch': 1.7785547785547786}
{'loss': 1.0995, 'learning_rate': 0.0001, 'grad_norm': 0.2666134834289551, 'train/tokens_per_sec': 1636.8160679858026, 'train/step_time': 10.009676909001428, 'train/mfu': 86.48, 'train/efficiency': 52.16, 'train/forward_time_percent': 16.97, 'train/backward_time_percent': 34.18, 'train/optimizer_time_percent': 1.01, 'train/overhead_time_percent': 47.84, 'epoch': 1.7785547785547786}
{'loss': 1.1816, 'learning_rate': 0.0001, 'grad_norm': 0.33735695481300354, 'train/tokens_per_sec': 1637.1664435448934, 'train/step_time': 10.007534704000136, 'train/mfu': 86.64, 'train/efficiency': 52.04, 'train/forward_time_percent': 16.68, 'train/backward_time_percent': 34.38, 'train/optimizer_time_percent': 0.97, 'train/overhead_time_percent': 47.96, 'epoch': 1.7832167832167833}
{'loss': 1.1816, 'learning_rate': 0.0001, 'grad_norm': 0.33735695481300354, 'train/tokens_per_sec': 1638.0278192765493, 'train/step_time': 10.002272126999742, 'train/mfu': 83.8, 'train/efficiency': 53.86, 'train/forward_time_percent': 17.09, 'train/backward_time_percent': 35.73, 'train/optimizer_time_percent': 1.03, 'train/overhead_time_percent': 46.14, 'epoch': 1.7832167832167833}
{'loss': 1.1169, 'learning_rate': 0.0001, 'grad_norm': 0.3570789694786072, 'train/tokens_per_sec': 1638.2337130527826, 'train/step_time': 10.001015038000332, 'train/mfu': 88.31, 'train/efficiency': 51.16, 'train/forward_time_percent': 16.73, 'train/backward_time_percent': 33.41, 'train/optimizer_time_percent': 1.03, 'train/overhead_time_percent': 48.84, 'epoch': 1.7878787878787878}
{'loss': 1.1169, 'learning_rate': 0.0001, 'grad_norm': 0.3570789694786072, 'train/tokens_per_sec': 1639.0340762309193, 'train/step_time': 9.996131403000618, 'train/mfu': 82.01, 'train/efficiency': 54.89, 'train/forward_time_percent': 17.04, 'train/backward_time_percent': 36.97, 'train/optimizer_time_percent': 0.88, 'train/overhead_time_percent': 45.11, 'epoch': 1.7878787878787878}
{'loss': 1.1988, 'learning_rate': 0.0001, 'grad_norm': 0.3572048544883728, 'train/tokens_per_sec': 1637.8640034363304, 'train/step_time': 10.003272533998825, 'train/mfu': 86.14, 'train/efficiency': 52.44, 'train/forward_time_percent': 16.93, 'train/backward_time_percent': 34.46, 'train/optimizer_time_percent': 1.06, 'train/overhead_time_percent': 47.56, 'epoch': 1.7925407925407926}
{'loss': 1.1988, 'learning_rate': 0.0001, 'grad_norm': 0.3572048544883728, 'train/tokens_per_sec': 1637.9348608963523, 'train/step_time': 10.002839789998689, 'train/mfu': 85.38, 'train/efficiency': 52.7, 'train/forward_time_percent': 17.09, 'train/backward_time_percent': 34.75, 'train/optimizer_time_percent': 0.86, 'train/overhead_time_percent': 47.3, 'epoch': 1.7925407925407926}
{'loss': 1.1599, 'learning_rate': 0.0001, 'grad_norm': 0.2621089220046997, 'train/tokens_per_sec': 1637.4192512017428, 'train/step_time': 10.005989600998873, 'train/mfu': 83.26, 'train/efficiency': 54.18, 'train/forward_time_percent': 17.18, 'train/backward_time_percent': 35.97, 'train/optimizer_time_percent': 1.04, 'train/overhead_time_percent': 45.82, 'epoch': 1.797202797202797}
{'loss': 1.1599, 'learning_rate': 0.0001, 'grad_norm': 0.2621089220046997, 'train/tokens_per_sec': 1636.8210394388168, 'train/step_time': 10.009646506998251, 'train/mfu': 86.84, 'train/efficiency': 51.96, 'train/forward_time_percent': 16.73, 'train/backward_time_percent': 34.21, 'train/optimizer_time_percent': 1.03, 'train/overhead_time_percent': 48.04, 'epoch': 1.797202797202797}
{'loss': 1.6432, 'learning_rate': 0.0001, 'grad_norm': 0.2512570917606354, 'train/tokens_per_sec': 1637.6292272044461, 'train/step_time': 10.004706638002972, 'train/mfu': 84.85, 'train/efficiency': 53.21, 'train/forward_time_percent': 16.51, 'train/backward_time_percent': 35.65, 'train/optimizer_time_percent': 1.05, 'train/overhead_time_percent': 46.79, 'epoch': 1.8018648018648018}
{'loss': 1.6432, 'learning_rate': 0.0001, 'grad_norm': 0.2512570917606354, 'train/tokens_per_sec': 1637.9386703147065, 'train/step_time': 10.00281652600097, 'train/mfu': 86.5, 'train/efficiency': 52.1, 'train/forward_time_percent': 16.96, 'train/backward_time_percent': 34.21, 'train/optimizer_time_percent': 0.93, 'train/overhead_time_percent': 47.9, 'epoch': 1.8018648018648018}
{'loss': 1.1036, 'learning_rate': 0.0001, 'grad_norm': 0.33792275190353394, 'train/tokens_per_sec': 1638.2008930635166, 'train/step_time': 10.001215399999637, 'train/mfu': 84.67, 'train/efficiency': 53.15, 'train/forward_time_percent': 16.96, 'train/backward_time_percent': 35.32, 'train/optimizer_time_percent': 0.86, 'train/overhead_time_percent': 46.85, 'epoch': 1.8065268065268065}
{'loss': 1.1036, 'learning_rate': 0.0001, 'grad_norm': 0.33792275190353394, 'train/tokens_per_sec': 1638.1634485428476, 'train/step_time': 10.001444003999495, 'train/mfu': 84.82, 'train/efficiency': 53.27, 'train/forward_time_percent': 16.81, 'train/backward_time_percent': 35.38, 'train/optimizer_time_percent': 1.07, 'train/overhead_time_percent': 46.73, 'epoch': 1.8065268065268065}
{'loss': 1.3567, 'learning_rate': 0.0001, 'grad_norm': 0.312727153301239, 'train/tokens_per_sec': 1637.1846013030968, 'train/step_time': 10.007423711998854, 'train/mfu': 84.46, 'train/efficiency': 53.32, 'train/forward_time_percent': 16.42, 'train/backward_time_percent': 35.97, 'train/optimizer_time_percent': 0.94, 'train/overhead_time_percent': 46.68, 'epoch': 1.8111888111888113}
{'loss': 1.3567, 'learning_rate': 0.0001, 'grad_norm': 0.312727153301239, 'train/tokens_per_sec': 1637.743756895326, 'train/step_time': 10.004006995000964, 'train/mfu': 82.54, 'train/efficiency': 54.67, 'train/forward_time_percent': 16.74, 'train/backward_time_percent': 36.89, 'train/optimizer_time_percent': 1.05, 'train/overhead_time_percent': 45.33, 'epoch': 1.8111888111888113}
{'loss': 1.1168, 'learning_rate': 0.0001, 'grad_norm': 0.2876078486442566, 'train/tokens_per_sec': 1639.8582775901612, 'train/step_time': 9.991107295001711, 'train/mfu': 84.44, 'train/efficiency': 53.37, 'train/forward_time_percent': 16.91, 'train/backward_time_percent': 35.57, 'train/optimizer_time_percent': 0.89, 'train/overhead_time_percent': 46.63, 'epoch': 1.815850815850816}
  step   390  loss   1.1168  |     5642.9 ms
{'loss': 1.1168, 'learning_rate': 0.0001, 'grad_norm': 0.2876078486442566, 'train/tokens_per_sec': 1639.8026517689611, 'train/step_time': 9.991446215997712, 'train/mfu': 84.76, 'train/efficiency': 53.23, 'train/forward_time_percent': 16.64, 'train/backward_time_percent': 35.64, 'train/optimizer_time_percent': 0.95, 'train/overhead_time_percent': 46.77, 'epoch': 1.815850815850816}
{'loss': 1.1166, 'learning_rate': 0.0001, 'grad_norm': 0.3195776343345642, 'train/tokens_per_sec': 1638.9243210634108, 'train/step_time': 9.996800821998477, 'train/mfu': 85.86, 'train/efficiency': 52.64, 'train/forward_time_percent': 17.36, 'train/backward_time_percent': 34.22, 'train/optimizer_time_percent': 1.06, 'train/overhead_time_percent': 47.36, 'epoch': 1.8205128205128205}{'loss': 1.1166, 'learning_rate': 0.0001, 'grad_norm': 0.3195776343345642, 'train/tokens_per_sec': 1638.7694051723045, 'train/step_time': 9.997745837998082, 'train/mfu': 86.0, 'train/efficiency': 52.4, 'train/forward_time_percent': 16.04, 'train/backward_time_percent': 35.46, 'train/optimizer_time_percent': 0.91, 'train/overhead_time_percent': 47.6, 'epoch': 1.8205128205128205}

{'loss': 1.3161, 'learning_rate': 0.0001, 'grad_norm': 0.2998279929161072, 'train/tokens_per_sec': 1638.0676324739222, 'train/step_time': 10.002029021998169, 'train/mfu': 87.53, 'train/efficiency': 51.45, 'train/forward_time_percent': 16.07, 'train/backward_time_percent': 34.51, 'train/optimizer_time_percent': 0.87, 'train/overhead_time_percent': 48.55, 'epoch': 1.8251748251748252}
{'loss': 1.3161, 'learning_rate': 0.0001, 'grad_norm': 0.2998279929161072, 'train/tokens_per_sec': 1638.8854685226147, 'train/step_time': 9.997037813001953, 'train/mfu': 84.51, 'train/efficiency': 53.29, 'train/forward_time_percent': 17.07, 'train/backward_time_percent': 35.34, 'train/optimizer_time_percent': 0.88, 'train/overhead_time_percent': 46.71, 'epoch': 1.8251748251748252}
{'loss': 1.1662, 'learning_rate': 0.0001, 'grad_norm': 0.26824623346328735, 'train/tokens_per_sec': 1637.9879357980328, 'train/step_time': 10.002515672997106, 'train/mfu': 86.22, 'train/efficiency': 52.24, 'train/forward_time_percent': 17.1, 'train/backward_time_percent': 34.24, 'train/optimizer_time_percent': 0.9, 'train/overhead_time_percent': 47.76, 'epoch': 1.8298368298368297}
{'loss': 1.1662, 'learning_rate': 0.0001, 'grad_norm': 0.26824623346328735, 'train/tokens_per_sec': 1638.6669745726238, 'train/step_time': 9.998370782002894, 'train/mfu': 84.93, 'train/efficiency': 53.15, 'train/forward_time_percent': 16.63, 'train/backward_time_percent': 35.51, 'train/optimizer_time_percent': 1.02, 'train/overhead_time_percent': 46.85, 'epoch': 1.8298368298368297}
{'loss': 1.4316, 'learning_rate': 0.0001, 'grad_norm': 0.2924964725971222, 'train/tokens_per_sec': 1640.4149096585609, 'train/step_time': 9.987717072999658, 'train/mfu': 83.78, 'train/efficiency': 53.94, 'train/forward_time_percent': 16.92, 'train/backward_time_percent': 35.99, 'train/optimizer_time_percent': 1.02, 'train/overhead_time_percent': 46.06, 'epoch': 1.8344988344988344}
{'loss': 1.4316, 'learning_rate': 0.0001, 'grad_norm': 0.2924964725971222, 'train/tokens_per_sec': 1639.922834475818, 'train/step_time': 9.990713987001072, 'train/mfu': 84.94, 'train/efficiency': 53.21, 'train/forward_time_percent': 16.91, 'train/backward_time_percent': 35.26, 'train/optimizer_time_percent': 1.04, 'train/overhead_time_percent': 46.79, 'epoch': 1.8344988344988344}
{'loss': 0.9592, 'learning_rate': 0.0001, 'grad_norm': 0.3775014281272888, 'train/tokens_per_sec': 1638.0778349728432, 'train/step_time': 10.001966726002138, 'train/mfu': 84.19, 'train/efficiency': 53.61, 'train/forward_time_percent': 17.17, 'train/backward_time_percent': 35.41, 'train/optimizer_time_percent': 1.03, 'train/overhead_time_percent': 46.39, 'epoch': 1.8391608391608392}{'loss': 0.9592, 'learning_rate': 0.0001, 'grad_norm': 0.3775014281272888, 'train/tokens_per_sec': 1637.6916525051317, 'train/step_time': 10.004325279998739, 'train/mfu': 85.53, 'train/efficiency': 52.65, 'train/forward_time_percent': 16.65, 'train/backward_time_percent': 35.1, 'train/optimizer_time_percent': 0.91, 'train/overhead_time_percent': 47.35, 'epoch': 1.8391608391608392}

{'loss': 1.2451, 'learning_rate': 0.0001, 'grad_norm': 0.3229491710662842, 'train/tokens_per_sec': 1640.9574461283207, 'train/step_time': 9.984414914997615, 'train/mfu': 82.96, 'train/efficiency': 54.35, 'train/forward_time_percent': 17.48, 'train/backward_time_percent': 35.98, 'train/optimizer_time_percent': 0.89, 'train/overhead_time_percent': 45.65, 'epoch': 1.843822843822844}
{'loss': 1.2451, 'learning_rate': 0.0001, 'grad_norm': 0.3229491710662842, 'train/tokens_per_sec': 1639.7002695237188, 'train/step_time': 9.992070078002143, 'train/mfu': 86.19, 'train/efficiency': 52.3, 'train/forward_time_percent': 16.67, 'train/backward_time_percent': 34.75, 'train/optimizer_time_percent': 0.88, 'train/overhead_time_percent': 47.7, 'epoch': 1.843822843822844}
{'loss': 1.2848, 'learning_rate': 0.0001, 'grad_norm': 0.2842631936073303, 'train/tokens_per_sec': 1636.9186902383797, 'train/step_time': 10.009049378997588, 'train/mfu': 85.4, 'train/efficiency': 52.82, 'train/forward_time_percent': 16.72, 'train/backward_time_percent': 35.08, 'train/optimizer_time_percent': 1.02, 'train/overhead_time_percent': 47.18, 'epoch': 1.8484848484848486}
{'loss': 1.2848, 'learning_rate': 0.0001, 'grad_norm': 0.2842631936073303, 'train/tokens_per_sec': 1637.2048190351363, 'train/step_time': 10.007300130997464, 'train/mfu': 82.46, 'train/efficiency': 54.54, 'train/forward_time_percent': 16.87, 'train/backward_time_percent': 36.78, 'train/optimizer_time_percent': 0.88, 'train/overhead_time_percent': 45.46, 'epoch': 1.8484848484848486}
{'loss': 1.1923, 'learning_rate': 0.0001, 'grad_norm': 0.354610413312912, 'train/tokens_per_sec': 1636.9695835657053, 'train/step_time': 10.008738198001083, 'train/mfu': 86.45, 'train/efficiency': 52.15, 'train/forward_time_percent': 16.66, 'train/backward_time_percent': 34.51, 'train/optimizer_time_percent': 0.98, 'train/overhead_time_percent': 47.85, 'epoch': 1.8531468531468531}{'loss': 1.1923, 'learning_rate': 0.0001, 'grad_norm': 0.354610413312912, 'train/tokens_per_sec': 1637.5167513020203, 'train/step_time': 10.005393830000685, 'train/mfu': 83.19, 'train/efficiency': 54.07, 'train/forward_time_percent': 16.82, 'train/backward_time_percent': 36.38, 'train/optimizer_time_percent': 0.88, 'train/overhead_time_percent': 45.93, 'epoch': 1.8531468531468531}

{'loss': 1.0287, 'learning_rate': 0.0001, 'grad_norm': 0.2972298562526703, 'train/tokens_per_sec': 1637.5260274686264, 'train/step_time': 10.00533715200072, 'train/mfu': 83.42, 'train/efficiency': 54.07, 'train/forward_time_percent': 19.02, 'train/backward_time_percent': 34.04, 'train/optimizer_time_percent': 1.02, 'train/overhead_time_percent': 45.93, 'epoch': 1.8578088578088578}
{'loss': 1.0287, 'learning_rate': 0.0001, 'grad_norm': 0.2972298562526703, 'train/tokens_per_sec': 1638.48637215423, 'train/step_time': 9.99947285399685, 'train/mfu': 80.48, 'train/efficiency': 55.89, 'train/forward_time_percent': 19.61, 'train/backward_time_percent': 35.41, 'train/optimizer_time_percent': 0.87, 'train/overhead_time_percent': 44.11, 'epoch': 1.8578088578088578}
  step   400  loss   1.1201  |     5690.4 ms
{'loss': 1.1201, 'learning_rate': 0.0001, 'grad_norm': 0.34539544582366943, 'train/tokens_per_sec': 1640.0599287626428, 'train/step_time': 9.989878853000846, 'train/mfu': 83.94, 'train/efficiency': 53.67, 'train/forward_time_percent': 17.4, 'train/backward_time_percent': 35.4, 'train/optimizer_time_percent': 0.87, 'train/overhead_time_percent': 46.33, 'epoch': 1.8624708624708624}
{'loss': 1.1201, 'learning_rate': 0.0001, 'grad_norm': 0.34539544582366943, 'train/tokens_per_sec': 1639.4286619729257, 'train/step_time': 9.99372548500105, 'train/mfu': 87.73, 'train/efficiency': 51.41, 'train/forward_time_percent': 16.5, 'train/backward_time_percent': 34.0, 'train/optimizer_time_percent': 0.9, 'train/overhead_time_percent': 48.59, 'epoch': 1.8624708624708624}
{'loss': 0.9725, 'learning_rate': 0.0001, 'grad_norm': 0.3129373788833618, 'train/tokens_per_sec': 1638.2853082328113, 'train/step_time': 10.000700071999745, 'train/mfu': 85.74, 'train/efficiency': 52.68, 'train/forward_time_percent': 16.79, 'train/backward_time_percent': 34.84, 'train/optimizer_time_percent': 1.04, 'train/overhead_time_percent': 47.32, 'epoch': 1.867132867132867}
{'loss': 0.9725, 'learning_rate': 0.0001, 'grad_norm': 0.3129373788833618, 'train/tokens_per_sec': 1637.9175466368933, 'train/step_time': 10.00294552899868, 'train/mfu': 86.23, 'train/efficiency': 52.37, 'train/forward_time_percent': 17.15, 'train/backward_time_percent': 34.17, 'train/optimizer_time_percent': 1.05, 'train/overhead_time_percent': 47.63, 'epoch': 1.867132867132867}
{'loss': 1.1267, 'learning_rate': 0.0001, 'grad_norm': 0.27823567390441895, 'train/tokens_per_sec': 1639.1098550416111, 'train/step_time': 9.995669265001197, 'train/mfu': 83.73, 'train/efficiency': 53.78, 'train/forward_time_percent': 17.37, 'train/backward_time_percent': 35.53, 'train/optimizer_time_percent': 0.88, 'train/overhead_time_percent': 46.22, 'epoch': 1.8717948717948718}{'loss': 1.1267, 'learning_rate': 0.0001, 'grad_norm': 0.27823567390441895, 'train/tokens_per_sec': 1638.5855988220296, 'train/step_time': 9.998867323000013, 'train/mfu': 88.11, 'train/efficiency': 51.27, 'train/forward_time_percent': 16.25, 'train/backward_time_percent': 34.01, 'train/optimizer_time_percent': 1.02, 'train/overhead_time_percent': 48.73, 'epoch': 1.8717948717948718}

{'loss': 1.2584, 'learning_rate': 0.0001, 'grad_norm': 0.3500508666038513, 'train/tokens_per_sec': 1638.0936707506662, 'train/step_time': 10.00187003499741, 'train/mfu': 87.7, 'train/efficiency': 51.47, 'train/forward_time_percent': 16.98, 'train/backward_time_percent': 33.5, 'train/optimizer_time_percent': 0.99, 'train/overhead_time_percent': 48.53, 'epoch': 1.8764568764568765}
{'loss': 1.2584, 'learning_rate': 0.0001, 'grad_norm': 0.3500508666038513, 'train/tokens_per_sec': 1638.9996034199955, 'train/step_time': 9.996341649999522, 'train/mfu': 85.13, 'train/efficiency': 53.07, 'train/forward_time_percent': 17.25, 'train/backward_time_percent': 34.78, 'train/optimizer_time_percent': 1.04, 'train/overhead_time_percent': 46.93, 'epoch': 1.8764568764568765}
{'loss': 1.2425, 'learning_rate': 0.0001, 'grad_norm': 0.2902893126010895, 'train/tokens_per_sec': 1637.703622543998, 'train/step_time': 10.004252157999872, 'train/mfu': 83.71, 'train/efficiency': 53.91, 'train/forward_time_percent': 17.27, 'train/backward_time_percent': 35.6, 'train/optimizer_time_percent': 1.04, 'train/overhead_time_percent': 46.09, 'epoch': 1.8811188811188813}
{'loss': 1.2425, 'learning_rate': 0.0001, 'grad_norm': 0.2902893126010895, 'train/tokens_per_sec': 1636.8229690277658, 'train/step_time': 10.009634707002988, 'train/mfu': 87.7, 'train/efficiency': 51.45, 'train/forward_time_percent': 16.49, 'train/backward_time_percent': 33.95, 'train/optimizer_time_percent': 1.02, 'train/overhead_time_percent': 48.55, 'epoch': 1.8811188811188813}
{'loss': 1.3925, 'learning_rate': 0.0001, 'grad_norm': 0.3165072798728943, 'train/tokens_per_sec': 1639.672934175704, 'train/step_time': 9.992236657999456, 'train/mfu': 86.4, 'train/efficiency': 52.19, 'train/forward_time_percent': 16.37, 'train/backward_time_percent': 34.92, 'train/optimizer_time_percent': 0.91, 'train/overhead_time_percent': 47.81, 'epoch': 1.8857808857808858}
{'loss': 1.3925, 'learning_rate': 0.0001, 'grad_norm': 0.3165072798728943, 'train/tokens_per_sec': 1640.441969176911, 'train/step_time': 9.987552323000273, 'train/mfu': 84.6, 'train/efficiency': 53.33, 'train/forward_time_percent': 17.2, 'train/backward_time_percent': 35.2, 'train/optimizer_time_percent': 0.93, 'train/overhead_time_percent': 46.67, 'epoch': 1.8857808857808858}
{'loss': 1.259, 'learning_rate': 0.0001, 'grad_norm': 0.28813931345939636, 'train/tokens_per_sec': 1639.98792076417, 'train/step_time': 9.99031748500056, 'train/mfu': 85.84, 'train/efficiency': 52.63, 'train/forward_time_percent': 17.33, 'train/backward_time_percent': 34.3, 'train/optimizer_time_percent': 1.0, 'train/overhead_time_percent': 47.37, 'epoch': 1.8904428904428905}{'loss': 1.259, 'learning_rate': 0.0001, 'grad_norm': 0.28813931345939636, 'train/tokens_per_sec': 1640.4971093018983, 'train/step_time': 9.987216622997948, 'train/mfu': 84.98, 'train/efficiency': 53.19, 'train/forward_time_percent': 16.81, 'train/backward_time_percent': 35.36, 'train/optimizer_time_percent': 1.02, 'train/overhead_time_percent': 46.81, 'epoch': 1.8904428904428905}

{'loss': 1.2514, 'learning_rate': 0.0001, 'grad_norm': 0.3009676933288574, 'train/tokens_per_sec': 1637.9385383337906, 'train/step_time': 10.00281733200245, 'train/mfu': 83.34, 'train/efficiency': 54.16, 'train/forward_time_percent': 17.39, 'train/backward_time_percent': 35.73, 'train/optimizer_time_percent': 1.05, 'train/overhead_time_percent': 45.84, 'epoch': 1.895104895104895}{'loss': 1.2514, 'learning_rate': 0.0001, 'grad_norm': 0.3009676933288574, 'train/tokens_per_sec': 1636.7341006073657, 'train/step_time': 10.01017819199842, 'train/mfu': 89.26, 'train/efficiency': 50.46, 'train/forward_time_percent': 15.64, 'train/backward_time_percent': 33.91, 'train/optimizer_time_percent': 0.91, 'train/overhead_time_percent': 49.54, 'epoch': 1.895104895104895}

{'loss': 1.3283, 'learning_rate': 0.0001, 'grad_norm': 0.28162825107574463, 'train/tokens_per_sec': 1639.8583391400516, 'train/step_time': 9.991106919998856, 'train/mfu': 84.03, 'train/efficiency': 53.62, 'train/forward_time_percent': 17.47, 'train/backward_time_percent': 35.27, 'train/optimizer_time_percent': 0.88, 'train/overhead_time_percent': 46.38, 'epoch': 1.8997668997668997}{'loss': 1.3283, 'learning_rate': 0.0001, 'grad_norm': 0.28162825107574463, 'train/tokens_per_sec': 1639.1665423010677, 'train/step_time': 9.995323584997095, 'train/mfu': 84.74, 'train/efficiency': 53.32, 'train/forward_time_percent': 16.24, 'train/backward_time_percent': 36.04, 'train/optimizer_time_percent': 1.04, 'train/overhead_time_percent': 46.68, 'epoch': 1.8997668997668997}

{'loss': 1.0419, 'learning_rate': 0.0001, 'grad_norm': 0.3557480275630951, 'train/tokens_per_sec': 1636.9000191375237, 'train/step_time': 10.009163546001218, 'train/mfu': 86.74, 'train/efficiency': 52.0, 'train/forward_time_percent': 16.11, 'train/backward_time_percent': 34.89, 'train/optimizer_time_percent': 1.0, 'train/overhead_time_percent': 48.0, 'epoch': 1.9044289044289044}
{'loss': 1.0419, 'learning_rate': 0.0001, 'grad_norm': 0.3557480275630951, 'train/tokens_per_sec': 1637.8943022636035, 'train/step_time': 10.003087486998993, 'train/mfu': 83.43, 'train/efficiency': 53.98, 'train/forward_time_percent': 17.23, 'train/backward_time_percent': 35.82, 'train/optimizer_time_percent': 0.93, 'train/overhead_time_percent': 46.02, 'epoch': 1.9044289044289044}
  step   410  loss   1.2194  |     5446.9 ms
{'loss': 1.2194, 'learning_rate': 0.0001, 'grad_norm': 0.30366766452789307, 'train/tokens_per_sec': 1636.5624634110154, 'train/step_time': 10.011228026000026, 'train/mfu': 87.65, 'train/efficiency': 51.33, 'train/forward_time_percent': 16.52, 'train/backward_time_percent': 33.94, 'train/optimizer_time_percent': 0.88, 'train/overhead_time_percent': 48.67, 'epoch': 1.9090909090909092}
{'loss': 1.2194, 'learning_rate': 0.0001, 'grad_norm': 0.30366766452789307, 'train/tokens_per_sec': 1637.202145470386, 'train/step_time': 10.007316473001993, 'train/mfu': 83.2, 'train/efficiency': 54.18, 'train/forward_time_percent': 16.96, 'train/backward_time_percent': 36.22, 'train/optimizer_time_percent': 1.0, 'train/overhead_time_percent': 45.82, 'epoch': 1.9090909090909092}
{'loss': 1.6686, 'learning_rate': 0.0001, 'grad_norm': 0.2861703932285309, 'train/tokens_per_sec': 1638.3184033877485, 'train/step_time': 10.000498051002069, 'train/mfu': 84.31, 'train/efficiency': 53.55, 'train/forward_time_percent': 16.72, 'train/backward_time_percent': 35.79, 'train/optimizer_time_percent': 1.04, 'train/overhead_time_percent': 46.45, 'epoch': 1.913752913752914}
{'loss': 1.6686, 'learning_rate': 0.0001, 'grad_norm': 0.2861703932285309, 'train/tokens_per_sec': 1637.8288489533254, 'train/step_time': 10.003487245001452, 'train/mfu': 88.45, 'train/efficiency': 51.07, 'train/forward_time_percent': 17.18, 'train/backward_time_percent': 32.85, 'train/optimizer_time_percent': 1.03, 'train/overhead_time_percent': 48.93, 'epoch': 1.913752913752914}
{'loss': 1.3003, 'learning_rate': 0.0001, 'grad_norm': 0.4597790539264679, 'train/tokens_per_sec': 1639.5765084553964, 'train/step_time': 9.992824315002508, 'train/mfu': 83.71, 'train/efficiency': 53.81, 'train/forward_time_percent': 16.41, 'train/backward_time_percent': 36.52, 'train/optimizer_time_percent': 0.88, 'train/overhead_time_percent': 46.19, 'epoch': 1.9184149184149184}
{'loss': 1.3003, 'learning_rate': 0.0001, 'grad_norm': 0.4597790539264679, 'train/tokens_per_sec': 1638.4376144318394, 'train/step_time': 9.999770424998133, 'train/mfu': 87.87, 'train/efficiency': 51.29, 'train/forward_time_percent': 16.71, 'train/backward_time_percent': 33.68, 'train/optimizer_time_percent': 0.9, 'train/overhead_time_percent': 48.71, 'epoch': 1.9184149184149184}
{'loss': 1.3881, 'learning_rate': 0.0001, 'grad_norm': 0.3337031304836273, 'train/tokens_per_sec': 1636.5028773299377, 'train/step_time': 10.011592540999118, 'train/mfu': 87.1, 'train/efficiency': 51.68, 'train/forward_time_percent': 17.5, 'train/backward_time_percent': 33.27, 'train/optimizer_time_percent': 0.91, 'train/overhead_time_percent': 48.32, 'epoch': 1.9230769230769231}
{'loss': 1.3881, 'learning_rate': 0.0001, 'grad_norm': 0.3337031304836273, 'train/tokens_per_sec': 1637.265052940657, 'train/step_time': 10.006931969001016, 'train/mfu': 84.38, 'train/efficiency': 53.47, 'train/forward_time_percent': 17.28, 'train/backward_time_percent': 35.16, 'train/optimizer_time_percent': 1.04, 'train/overhead_time_percent': 46.53, 'epoch': 1.9230769230769231}
{'loss': 1.0301, 'learning_rate': 0.0001, 'grad_norm': 0.33550843596458435, 'train/tokens_per_sec': 1637.8583710461562, 'train/step_time': 10.003306934002467, 'train/mfu': 82.84, 'train/efficiency': 54.3, 'train/forward_time_percent': 16.85, 'train/backward_time_percent': 36.58, 'train/optimizer_time_percent': 0.87, 'train/overhead_time_percent': 45.7, 'epoch': 1.9277389277389276}{'loss': 1.0301, 'learning_rate': 0.0001, 'grad_norm': 0.33550843596458435, 'train/tokens_per_sec': 1637.1568246372651, 'train/step_time': 10.007593502003147, 'train/mfu': 87.3, 'train/efficiency': 51.57, 'train/forward_time_percent': 16.85, 'train/backward_time_percent': 33.83, 'train/optimizer_time_percent': 0.89, 'train/overhead_time_percent': 48.43, 'epoch': 1.9277389277389276}

{'loss': 1.2044, 'learning_rate': 0.0001, 'grad_norm': 0.37511736154556274, 'train/tokens_per_sec': 1637.8662629522698, 'train/step_time': 10.003258733999246, 'train/mfu': 84.37, 'train/efficiency': 53.5, 'train/forward_time_percent': 17.1, 'train/backward_time_percent': 35.36, 'train/optimizer_time_percent': 1.04, 'train/overhead_time_percent': 46.5, 'epoch': 1.9324009324009324}
{'loss': 1.2044, 'learning_rate': 0.0001, 'grad_norm': 0.37511736154556274, 'train/tokens_per_sec': 1636.5840962030782, 'train/step_time': 10.011095694997493, 'train/mfu': 86.78, 'train/efficiency': 52.0, 'train/forward_time_percent': 16.67, 'train/backward_time_percent': 34.3, 'train/optimizer_time_percent': 1.03, 'train/overhead_time_percent': 48.0, 'epoch': 1.9324009324009324}
{'loss': 1.1442, 'learning_rate': 0.0001, 'grad_norm': 0.3056187629699707, 'train/tokens_per_sec': 1637.9429320250133, 'train/step_time': 10.00279049999881, 'train/mfu': 86.27, 'train/efficiency': 52.32, 'train/forward_time_percent': 16.7, 'train/backward_time_percent': 34.61, 'train/optimizer_time_percent': 1.01, 'train/overhead_time_percent': 47.68, 'epoch': 1.937062937062937}
{'loss': 1.1442, 'learning_rate': 0.0001, 'grad_norm': 0.3056187629699707, 'train/tokens_per_sec': 1637.6851396276832, 'train/step_time': 10.0043650660009, 'train/mfu': 87.34, 'train/efficiency': 51.67, 'train/forward_time_percent': 16.67, 'train/backward_time_percent': 34.0, 'train/optimizer_time_percent': 1.01, 'train/overhead_time_percent': 48.33, 'epoch': 1.937062937062937}
{'loss': 1.1811, 'learning_rate': 0.0001, 'grad_norm': 0.36860430240631104, 'train/tokens_per_sec': 1638.681143608, 'train/step_time': 9.998284329998569, 'train/mfu': 86.03, 'train/efficiency': 52.48, 'train/forward_time_percent': 17.03, 'train/backward_time_percent': 34.45, 'train/optimizer_time_percent': 1.01, 'train/overhead_time_percent': 47.52, 'epoch': 1.9417249417249418}
{'loss': 1.1811, 'learning_rate': 0.0001, 'grad_norm': 0.36860430240631104, 'train/tokens_per_sec': 1639.5863789624211, 'train/step_time': 9.992764156999328, 'train/mfu': 83.61, 'train/efficiency': 53.93, 'train/forward_time_percent': 17.18, 'train/backward_time_percent': 35.81, 'train/optimizer_time_percent': 0.94, 'train/overhead_time_percent': 46.07, 'epoch': 1.9417249417249418}
{'loss': 1.3819, 'learning_rate': 0.0001, 'grad_norm': 0.33293354511260986, 'train/tokens_per_sec': 1639.3824038397613, 'train/step_time': 9.99400747600157, 'train/mfu': 83.94, 'train/efficiency': 53.67, 'train/forward_time_percent': 16.68, 'train/backward_time_percent': 36.1, 'train/optimizer_time_percent': 0.88, 'train/overhead_time_percent': 46.33, 'epoch': 1.9463869463869465}
{'loss': 1.3819, 'learning_rate': 0.0001, 'grad_norm': 0.33293354511260986, 'train/tokens_per_sec': 1639.0131530174979, 'train/step_time': 9.996259011000802, 'train/mfu': 84.27, 'train/efficiency': 53.61, 'train/forward_time_percent': 17.1, 'train/backward_time_percent': 35.46, 'train/optimizer_time_percent': 1.05, 'train/overhead_time_percent': 46.39, 'epoch': 1.9463869463869465}
{'loss': 1.1423, 'learning_rate': 0.0001, 'grad_norm': 0.2906946837902069, 'train/tokens_per_sec': 1640.529557309467, 'train/step_time': 9.987019086001965, 'train/mfu': 86.01, 'train/efficiency': 52.43, 'train/forward_time_percent': 16.59, 'train/backward_time_percent': 34.95, 'train/optimizer_time_percent': 0.89, 'train/overhead_time_percent': 47.57, 'epoch': 1.951048951048951}
{'loss': 1.1423, 'learning_rate': 0.0001, 'grad_norm': 0.2906946837902069, 'train/tokens_per_sec': 1640.5532656984342, 'train/step_time': 9.986874759000784, 'train/mfu': 86.44, 'train/efficiency': 52.36, 'train/forward_time_percent': 16.63, 'train/backward_time_percent': 34.66, 'train/optimizer_time_percent': 1.07, 'train/overhead_time_percent': 47.64, 'epoch': 1.951048951048951}
  step   420  loss   1.2025  |     5565.6 ms
{'loss': 1.2025, 'learning_rate': 0.0001, 'grad_norm': 0.32233014702796936, 'train/tokens_per_sec': 1637.0644401023724, 'train/step_time': 10.008158261000062, 'train/mfu': 86.0, 'train/efficiency': 52.47, 'train/forward_time_percent': 16.34, 'train/backward_time_percent': 35.1, 'train/optimizer_time_percent': 1.03, 'train/overhead_time_percent': 47.53, 'epoch': 1.9557109557109555}
{'loss': 1.2025, 'learning_rate': 0.0001, 'grad_norm': 0.32233014702796936, 'train/tokens_per_sec': 1638.594711751316, 'train/step_time': 9.998811715002375, 'train/mfu': 82.13, 'train/efficiency': 54.79, 'train/forward_time_percent': 17.25, 'train/backward_time_percent': 36.67, 'train/optimizer_time_percent': 0.88, 'train/overhead_time_percent': 45.21, 'epoch': 1.9557109557109555}
{'loss': 1.196, 'learning_rate': 0.0001, 'grad_norm': 0.3267093598842621, 'train/tokens_per_sec': 1636.6622247825833, 'train/step_time': 10.010617800002365, 'train/mfu': 86.77, 'train/efficiency': 52.01, 'train/forward_time_percent': 16.44, 'train/backward_time_percent': 34.53, 'train/optimizer_time_percent': 1.04, 'train/overhead_time_percent': 47.99, 'epoch': 1.9603729603729603}
{'loss': 1.196, 'learning_rate': 0.0001, 'grad_norm': 0.3267093598842621, 'train/tokens_per_sec': 1637.9408245830527, 'train/step_time': 10.002803370000038, 'train/mfu': 83.49, 'train/efficiency': 53.93, 'train/forward_time_percent': 17.23, 'train/backward_time_percent': 35.79, 'train/optimizer_time_percent': 0.91, 'train/overhead_time_percent': 46.07, 'epoch': 1.9603729603729603}
{'loss': 1.1515, 'learning_rate': 0.0001, 'grad_norm': 0.3087863624095917, 'train/tokens_per_sec': 1639.6781359933564, 'train/step_time': 9.992204958001821, 'train/mfu': 85.09, 'train/efficiency': 52.95, 'train/forward_time_percent': 16.32, 'train/backward_time_percent': 35.76, 'train/optimizer_time_percent': 0.88, 'train/overhead_time_percent': 47.05, 'epoch': 1.965034965034965}
{'loss': 1.1515, 'learning_rate': 0.0001, 'grad_norm': 0.3087863624095917, 'train/tokens_per_sec': 1640.4082435454516, 'train/step_time': 9.98775766000108, 'train/mfu': 83.34, 'train/efficiency': 54.08, 'train/forward_time_percent': 17.83, 'train/backward_time_percent': 35.37, 'train/optimizer_time_percent': 0.88, 'train/overhead_time_percent': 45.92, 'epoch': 1.965034965034965}
{'loss': 1.2399, 'learning_rate': 0.0001, 'grad_norm': 0.36448800563812256, 'train/tokens_per_sec': 1638.0794832123154, 'train/step_time': 10.00195666199943, 'train/mfu': 82.71, 'train/efficiency': 54.44, 'train/forward_time_percent': 16.82, 'train/backward_time_percent': 36.7, 'train/optimizer_time_percent': 0.91, 'train/overhead_time_percent': 45.56, 'epoch': 1.9696969696969697}
{'loss': 1.2399, 'learning_rate': 0.0001, 'grad_norm': 0.36448800563812256, 'train/tokens_per_sec': 1636.9739547227282, 'train/step_time': 10.008711472000869, 'train/mfu': 86.82, 'train/efficiency': 51.88, 'train/forward_time_percent': 16.56, 'train/backward_time_percent': 34.39, 'train/optimizer_time_percent': 0.93, 'train/overhead_time_percent': 48.12, 'epoch': 1.9696969696969697}
{'loss': 1.2013, 'learning_rate': 0.0001, 'grad_norm': 0.24497206509113312, 'train/tokens_per_sec': 1638.5814386483014, 'train/step_time': 9.998892708998028, 'train/mfu': 83.7, 'train/efficiency': 53.76, 'train/forward_time_percent': 16.78, 'train/backward_time_percent': 36.13, 'train/optimizer_time_percent': 0.86, 'train/overhead_time_percent': 46.24, 'epoch': 1.9743589743589745}
{'loss': 1.2013, 'learning_rate': 0.0001, 'grad_norm': 0.24497206509113312, 'train/tokens_per_sec': 1637.7700808713093, 'train/step_time': 10.003846200001135, 'train/mfu': 85.38, 'train/efficiency': 52.72, 'train/forward_time_percent': 16.63, 'train/backward_time_percent': 35.21, 'train/optimizer_time_percent': 0.88, 'train/overhead_time_percent': 47.28, 'epoch': 1.9743589743589745}
{'loss': 1.1338, 'learning_rate': 0.0001, 'grad_norm': 0.2659260332584381, 'train/tokens_per_sec': 1638.018514497068, 'train/step_time': 10.002328945000045, 'train/mfu': 83.89, 'train/efficiency': 53.81, 'train/forward_time_percent': 17.05, 'train/backward_time_percent': 35.72, 'train/optimizer_time_percent': 1.05, 'train/overhead_time_percent': 46.19, 'epoch': 1.9790209790209792}
{'loss': 1.1338, 'learning_rate': 0.0001, 'grad_norm': 0.2659260332584381, 'train/tokens_per_sec': 1637.6559693319423, 'train/step_time': 10.0045432659972, 'train/mfu': 86.26, 'train/efficiency': 52.28, 'train/forward_time_percent': 16.38, 'train/backward_time_percent': 34.92, 'train/optimizer_time_percent': 0.98, 'train/overhead_time_percent': 47.72, 'epoch': 1.9790209790209792}
{'loss': 1.3787, 'learning_rate': 0.0001, 'grad_norm': 0.3126044273376465, 'train/tokens_per_sec': 1637.864346620334, 'train/step_time': 10.003270437999163, 'train/mfu': 84.8, 'train/efficiency': 53.2, 'train/forward_time_percent': 16.99, 'train/backward_time_percent': 35.21, 'train/optimizer_time_percent': 1.0, 'train/overhead_time_percent': 46.8, 'epoch': 1.9836829836829837}
{'loss': 1.3787, 'learning_rate': 0.0001, 'grad_norm': 0.3126044273376465, 'train/tokens_per_sec': 1638.259855715937, 'train/step_time': 10.00085544600006, 'train/mfu': 84.57, 'train/efficiency': 53.34, 'train/forward_time_percent': 16.96, 'train/backward_time_percent': 35.39, 'train/optimizer_time_percent': 0.99, 'train/overhead_time_percent': 46.66, 'epoch': 1.9836829836829837}
{'loss': 1.0708, 'learning_rate': 0.0001, 'grad_norm': 0.270071804523468, 'train/tokens_per_sec': 1638.1975898756496, 'train/step_time': 10.001235566000105, 'train/mfu': 86.94, 'train/efficiency': 51.95, 'train/forward_time_percent': 16.64, 'train/backward_time_percent': 34.28, 'train/optimizer_time_percent': 1.02, 'train/overhead_time_percent': 48.05, 'epoch': 1.9883449883449882}
{'loss': 1.0708, 'learning_rate': 0.0001, 'grad_norm': 0.270071804523468, 'train/tokens_per_sec': 1638.926781060046, 'train/step_time': 9.996785816998454, 'train/mfu': 84.97, 'train/efficiency': 53.08, 'train/forward_time_percent': 17.32, 'train/backward_time_percent': 34.81, 'train/optimizer_time_percent': 0.95, 'train/overhead_time_percent': 46.92, 'epoch': 1.9883449883449882}
{'loss': 1.5109, 'learning_rate': 0.0001, 'grad_norm': 0.28069257736206055, 'train/tokens_per_sec': 1639.2036192464727, 'train/step_time': 9.995097502000135, 'train/mfu': 86.57, 'train/efficiency': 52.24, 'train/forward_time_percent': 16.45, 'train/backward_time_percent': 34.73, 'train/optimizer_time_percent': 1.07, 'train/overhead_time_percent': 47.76, 'epoch': 1.993006993006993}
{'loss': 1.5109, 'learning_rate': 0.0001, 'grad_norm': 0.28069257736206055, 'train/tokens_per_sec': 1639.451233180634, 'train/step_time': 9.993587896002282, 'train/mfu': 86.15, 'train/efficiency': 52.45, 'train/forward_time_percent': 16.38, 'train/backward_time_percent': 35.05, 'train/optimizer_time_percent': 1.02, 'train/overhead_time_percent': 47.55, 'epoch': 1.993006993006993}
{'loss': 1.2013, 'learning_rate': 0.0001, 'grad_norm': 0.29823699593544006, 'train/tokens_per_sec': 1637.587689201458, 'train/step_time': 10.004960410999047, 'train/mfu': 86.16, 'train/efficiency': 52.39, 'train/forward_time_percent': 16.88, 'train/backward_time_percent': 34.49, 'train/optimizer_time_percent': 1.03, 'train/overhead_time_percent': 47.61, 'epoch': 1.9976689976689976}
{'loss': 1.2013, 'learning_rate': 0.0001, 'grad_norm': 0.29823699593544006, 'train/tokens_per_sec': 1638.3180555906222, 'train/step_time': 10.000500173999171, 'train/mfu': 83.18, 'train/efficiency': 54.23, 'train/forward_time_percent': 17.37, 'train/backward_time_percent': 35.86, 'train/optimizer_time_percent': 1.0, 'train/overhead_time_percent': 45.77, 'epoch': 1.9976689976689976}
{'loss': 1.4419, 'learning_rate': 0.0001, 'grad_norm': 0.4997967779636383, 'train/tokens_per_sec': 1192.855039968284, 'train/step_time': 6.867557017001673, 'train/mfu': 86.75, 'train/efficiency': 38.72, 'train/forward_time_percent': 12.22, 'train/backward_time_percent': 24.94, 'train/optimizer_time_percent': 1.56, 'train/overhead_time_percent': 61.28, 'epoch': 2.0}
  step   430  loss   1.4419  |     2731.7 ms
{'loss': 1.4419, 'learning_rate': 0.0001, 'grad_norm': 0.4997967779636383, 'train/tokens_per_sec': 1210.3671534654552, 'train/step_time': 6.768194242999016, 'train/mfu': 89.23, 'train/efficiency': 38.11, 'train/forward_time_percent': 12.23, 'train/backward_time_percent': 24.42, 'train/optimizer_time_percent': 1.45, 'train/overhead_time_percent': 61.89, 'epoch': 2.0}
{'loss': 0.8568, 'learning_rate': 0.0001, 'grad_norm': 0.28184422850608826, 'train/tokens_per_sec': 2732.118895323818, 'train/step_time': 5.996810763997928, 'train/mfu': 85.97, 'train/efficiency': 87.35, 'train/forward_time_percent': 27.23, 'train/backward_time_percent': 58.65, 'train/optimizer_time_percent': 1.47, 'train/overhead_time_percent': 12.65, 'epoch': 2.0046620046620047}
{'loss': 0.8568, 'learning_rate': 0.0001, 'grad_norm': 0.28184422850608826, 'train/tokens_per_sec': 2734.06165719936, 'train/step_time': 5.992549566999514, 'train/mfu': 83.51, 'train/efficiency': 89.95, 'train/forward_time_percent': 28.22, 'train/backward_time_percent': 60.26, 'train/optimizer_time_percent': 1.47, 'train/overhead_time_percent': 10.05, 'epoch': 2.0046620046620047}
{'loss': 0.8989, 'learning_rate': 0.0001, 'grad_norm': 0.2350308895111084, 'train/tokens_per_sec': 1640.239859181996, 'train/step_time': 9.988782987002196, 'train/mfu': 85.13, 'train/efficiency': 53.11, 'train/forward_time_percent': 16.69, 'train/backward_time_percent': 35.37, 'train/optimizer_time_percent': 1.05, 'train/overhead_time_percent': 46.89, 'epoch': 2.0093240093240095}
{'loss': 0.8989, 'learning_rate': 0.0001, 'grad_norm': 0.2350308895111084, 'train/tokens_per_sec': 1639.6660236855048, 'train/step_time': 9.992278770998382, 'train/mfu': 85.5, 'train/efficiency': 52.74, 'train/forward_time_percent': 16.81, 'train/backward_time_percent': 35.02, 'train/optimizer_time_percent': 0.91, 'train/overhead_time_percent': 47.26, 'epoch': 2.0093240093240095}
{'loss': 1.2011, 'learning_rate': 0.0001, 'grad_norm': 0.28149744868278503, 'train/tokens_per_sec': 1638.2636558350737, 'train/step_time': 10.000832247998915, 'train/mfu': 86.49, 'train/efficiency': 52.14, 'train/forward_time_percent': 16.43, 'train/backward_time_percent': 34.76, 'train/optimizer_time_percent': 0.95, 'train/overhead_time_percent': 47.86, 'epoch': 2.013986013986014}
{'loss': 1.2011, 'learning_rate': 0.0001, 'grad_norm': 0.28149744868278503, 'train/tokens_per_sec': 1638.8318905459723, 'train/step_time': 9.997364643997571, 'train/mfu': 85.02, 'train/efficiency': 52.98, 'train/forward_time_percent': 16.69, 'train/backward_time_percent': 35.4, 'train/optimizer_time_percent': 0.89, 'train/overhead_time_percent': 47.02, 'epoch': 2.013986013986014}
{'loss': 0.9411, 'learning_rate': 0.0001, 'grad_norm': 0.28945741057395935, 'train/tokens_per_sec': 1639.6835021056206, 'train/step_time': 9.992172256999766, 'train/mfu': 84.41, 'train/efficiency': 53.52, 'train/forward_time_percent': 17.23, 'train/backward_time_percent': 35.26, 'train/optimizer_time_percent': 1.02, 'train/overhead_time_percent': 46.48, 'epoch': 2.0186480186480185}
{'loss': 0.9411, 'learning_rate': 0.0001, 'grad_norm': 0.28945741057395935, 'train/tokens_per_sec': 1639.9284492291267, 'train/step_time': 9.990679780999926, 'train/mfu': 84.33, 'train/efficiency': 53.48, 'train/forward_time_percent': 16.8, 'train/backward_time_percent': 35.76, 'train/optimizer_time_percent': 0.93, 'train/overhead_time_percent': 46.52, 'epoch': 2.0186480186480185}
{'loss': 0.9776, 'learning_rate': 0.0001, 'grad_norm': 0.32706278562545776, 'train/tokens_per_sec': 1638.3024110762747, 'train/step_time': 10.000595671001065, 'train/mfu': 86.44, 'train/efficiency': 52.25, 'train/forward_time_percent': 16.46, 'train/backward_time_percent': 34.75, 'train/optimizer_time_percent': 1.03, 'train/overhead_time_percent': 47.75, 'epoch': 2.023310023310023}{'loss': 0.9776, 'learning_rate': 0.0001, 'grad_norm': 0.32706278562545776, 'train/tokens_per_sec': 1638.7421816583696, 'train/step_time': 9.997911924998334, 'train/mfu': 84.82, 'train/efficiency': 53.26, 'train/forward_time_percent': 17.11, 'train/backward_time_percent': 35.1, 'train/optimizer_time_percent': 1.05, 'train/overhead_time_percent': 46.74, 'epoch': 2.023310023310023}

{'loss': 1.1801, 'learning_rate': 0.0001, 'grad_norm': 0.2940947711467743, 'train/tokens_per_sec': 1640.617883394669, 'train/step_time': 9.9864814140019, 'train/mfu': 83.77, 'train/efficiency': 53.82, 'train/forward_time_percent': 17.45, 'train/backward_time_percent': 35.48, 'train/optimizer_time_percent': 0.9, 'train/overhead_time_percent': 46.18, 'epoch': 2.027972027972028}{'loss': 1.1801, 'learning_rate': 0.0001, 'grad_norm': 0.2940947711467743, 'train/tokens_per_sec': 1639.9023430712239, 'train/step_time': 9.990838825997344, 'train/mfu': 85.15, 'train/efficiency': 52.95, 'train/forward_time_percent': 16.67, 'train/backward_time_percent': 35.37, 'train/optimizer_time_percent': 0.91, 'train/overhead_time_percent': 47.05, 'epoch': 2.027972027972028}

{'loss': 1.2384, 'learning_rate': 0.0001, 'grad_norm': 0.317364901304245, 'train/tokens_per_sec': 1638.7811316555837, 'train/step_time': 9.997674297999765, 'train/mfu': 84.35, 'train/efficiency': 53.4, 'train/forward_time_percent': 16.65, 'train/backward_time_percent': 35.85, 'train/optimizer_time_percent': 0.9, 'train/overhead_time_percent': 46.6, 'epoch': 2.0326340326340326}
{'loss': 1.2384, 'learning_rate': 0.0001, 'grad_norm': 0.317364901304245, 'train/tokens_per_sec': 1638.4625678059642, 'train/step_time': 9.999618131001625, 'train/mfu': 86.33, 'train/efficiency': 52.16, 'train/forward_time_percent': 17.26, 'train/backward_time_percent': 34.02, 'train/optimizer_time_percent': 0.87, 'train/overhead_time_percent': 47.84, 'epoch': 2.0326340326340326}
{'loss': 1.2776, 'learning_rate': 0.0001, 'grad_norm': 0.34976765513420105, 'train/tokens_per_sec': 1639.5443434199406, 'train/step_time': 9.993020357000205, 'train/mfu': 88.95, 'train/efficiency': 50.8, 'train/forward_time_percent': 16.58, 'train/backward_time_percent': 33.23, 'train/optimizer_time_percent': 0.99, 'train/overhead_time_percent': 49.2, 'epoch': 2.0372960372960374}
{'loss': 1.2776, 'learning_rate': 0.0001, 'grad_norm': 0.34976765513420105, 'train/tokens_per_sec': 1640.8789003680358, 'train/step_time': 9.984892849999596, 'train/mfu': 84.57, 'train/efficiency': 53.47, 'train/forward_time_percent': 17.25, 'train/backward_time_percent': 35.18, 'train/optimizer_time_percent': 1.03, 'train/overhead_time_percent': 46.53, 'epoch': 2.0372960372960374}
{'loss': 1.1666, 'learning_rate': 0.0001, 'grad_norm': 0.5319497585296631, 'train/tokens_per_sec': 1636.9692638177996, 'train/step_time': 10.008740152999962, 'train/mfu': 85.97, 'train/efficiency': 52.35, 'train/forward_time_percent': 17.07, 'train/backward_time_percent': 34.38, 'train/optimizer_time_percent': 0.89, 'train/overhead_time_percent': 47.65, 'epoch': 2.041958041958042}
{'loss': 1.1666, 'learning_rate': 0.0001, 'grad_norm': 0.5319497585296631, 'train/tokens_per_sec': 1637.9254194628902, 'train/step_time': 10.002897449001466, 'train/mfu': 84.54, 'train/efficiency': 53.4, 'train/forward_time_percent': 16.89, 'train/backward_time_percent': 35.47, 'train/optimizer_time_percent': 1.04, 'train/overhead_time_percent': 46.6, 'epoch': 2.041958041958042}
  step   440  loss   1.0202  |     5499.3 ms
{'loss': 1.0202, 'learning_rate': 0.0001, 'grad_norm': 0.30284103751182556, 'train/tokens_per_sec': 1639.2759674398562, 'train/step_time': 9.99465637600224, 'train/mfu': 86.77, 'train/efficiency': 51.94, 'train/forward_time_percent': 16.97, 'train/backward_time_percent': 34.08, 'train/optimizer_time_percent': 0.88, 'train/overhead_time_percent': 48.06, 'epoch': 2.046620046620047}
{'loss': 1.0202, 'learning_rate': 0.0001, 'grad_norm': 0.30284103751182556, 'train/tokens_per_sec': 1640.202486088242, 'train/step_time': 9.989010588000383, 'train/mfu': 83.46, 'train/efficiency': 53.99, 'train/forward_time_percent': 17.54, 'train/backward_time_percent': 35.57, 'train/optimizer_time_percent': 0.88, 'train/overhead_time_percent': 46.01, 'epoch': 2.046620046620047}
{'loss': 1.0825, 'learning_rate': 0.0001, 'grad_norm': 0.4575389325618744, 'train/tokens_per_sec': 1637.83639707431, 'train/step_time': 10.00344114300242, 'train/mfu': 85.98, 'train/efficiency': 52.5, 'train/forward_time_percent': 16.48, 'train/backward_time_percent': 35.0, 'train/optimizer_time_percent': 1.02, 'train/overhead_time_percent': 47.5, 'epoch': 2.051282051282051}
{'loss': 1.0825, 'learning_rate': 0.0001, 'grad_norm': 0.4575389325618744, 'train/tokens_per_sec': 1638.8307201119433, 'train/step_time': 9.99737178400028, 'train/mfu': 83.06, 'train/efficiency': 54.36, 'train/forward_time_percent': 16.76, 'train/backward_time_percent': 36.57, 'train/optimizer_time_percent': 1.03, 'train/overhead_time_percent': 45.64, 'epoch': 2.051282051282051}
{'loss': 0.928, 'learning_rate': 0.0001, 'grad_norm': 0.38845714926719666, 'train/tokens_per_sec': 1637.1601828504186, 'train/step_time': 10.007572973998322, 'train/mfu': 83.28, 'train/efficiency': 54.01, 'train/forward_time_percent': 16.78, 'train/backward_time_percent': 36.35, 'train/optimizer_time_percent': 0.89, 'train/overhead_time_percent': 45.99, 'epoch': 2.055944055944056}
{'loss': 0.928, 'learning_rate': 0.0001, 'grad_norm': 0.38845714926719666, 'train/tokens_per_sec': 1637.3736578413436, 'train/step_time': 10.006268222001381, 'train/mfu': 85.9, 'train/efficiency': 52.49, 'train/forward_time_percent': 16.86, 'train/backward_time_percent': 34.65, 'train/optimizer_time_percent': 0.98, 'train/overhead_time_percent': 47.51, 'epoch': 2.055944055944056}
{'loss': 0.9818, 'learning_rate': 0.0001, 'grad_norm': 0.3961479663848877, 'train/tokens_per_sec': 1636.894525678943, 'train/step_time': 10.009197137002047, 'train/mfu': 83.59, 'train/efficiency': 53.82, 'train/forward_time_percent': 17.07, 'train/backward_time_percent': 35.85, 'train/optimizer_time_percent': 0.89, 'train/overhead_time_percent': 46.18, 'epoch': 2.0606060606060606}
{'loss': 0.9818, 'learning_rate': 0.0001, 'grad_norm': 0.3961479663848877, 'train/tokens_per_sec': 1636.5148613819133, 'train/step_time': 10.011519227002282, 'train/mfu': 85.91, 'train/efficiency': 52.36, 'train/forward_time_percent': 16.73, 'train/backward_time_percent': 34.75, 'train/optimizer_time_percent': 0.88, 'train/overhead_time_percent': 47.64, 'epoch': 2.0606060606060606}
{'loss': 1.1155, 'learning_rate': 0.0001, 'grad_norm': 0.34639057517051697, 'train/tokens_per_sec': 1636.9083852402146, 'train/step_time': 10.009112389998336, 'train/mfu': 83.99, 'train/efficiency': 53.72, 'train/forward_time_percent': 17.23, 'train/backward_time_percent': 35.44, 'train/optimizer_time_percent': 1.06, 'train/overhead_time_percent': 46.28, 'epoch': 2.0652680652680653}
{'loss': 1.1155, 'learning_rate': 0.0001, 'grad_norm': 0.34639057517051697, 'train/tokens_per_sec': 1637.143460306718, 'train/step_time': 10.007675195996853, 'train/mfu': 84.02, 'train/efficiency': 53.56, 'train/forward_time_percent': 17.75, 'train/backward_time_percent': 34.9, 'train/optimizer_time_percent': 0.91, 'train/overhead_time_percent': 46.44, 'epoch': 2.0652680652680653}
{'loss': 1.0783, 'learning_rate': 0.0001, 'grad_norm': 0.3241216540336609, 'train/tokens_per_sec': 1635.0986609162585, 'train/step_time': 10.020190457998979, 'train/mfu': 84.4, 'train/efficiency': 53.34, 'train/forward_time_percent': 17.26, 'train/backward_time_percent': 35.1, 'train/optimizer_time_percent': 0.99, 'train/overhead_time_percent': 46.66, 'epoch': 2.06993006993007}
{'loss': 1.0783, 'learning_rate': 0.0001, 'grad_norm': 0.3241216540336609, 'train/tokens_per_sec': 1635.3791887256084, 'train/step_time': 10.018471626000974, 'train/mfu': 84.57, 'train/efficiency': 53.35, 'train/forward_time_percent': 17.99, 'train/backward_time_percent': 34.27, 'train/optimizer_time_percent': 1.09, 'train/overhead_time_percent': 46.65, 'epoch': 2.06993006993007}
{'loss': 1.1247, 'learning_rate': 0.0001, 'grad_norm': 0.3176727592945099, 'train/tokens_per_sec': 1637.2908536594605, 'train/step_time': 10.006774277997465, 'train/mfu': 84.72, 'train/efficiency': 53.15, 'train/forward_time_percent': 17.26, 'train/backward_time_percent': 34.97, 'train/optimizer_time_percent': 0.92, 'train/overhead_time_percent': 46.85, 'epoch': 2.0745920745920747}{'loss': 1.1247, 'learning_rate': 0.0001, 'grad_norm': 0.3176727592945099, 'train/tokens_per_sec': 1636.929207648034, 'train/step_time': 10.008985070002382, 'train/mfu': 84.68, 'train/efficiency': 53.31, 'train/forward_time_percent': 17.61, 'train/backward_time_percent': 34.63, 'train/optimizer_time_percent': 1.07, 'train/overhead_time_percent': 46.69, 'epoch': 2.0745920745920747}

{'loss': 0.9072, 'learning_rate': 0.0001, 'grad_norm': 0.286573588848114, 'train/tokens_per_sec': 1635.954299037321, 'train/step_time': 10.014949690001231, 'train/mfu': 86.31, 'train/efficiency': 52.25, 'train/forward_time_percent': 16.97, 'train/backward_time_percent': 34.25, 'train/optimizer_time_percent': 1.03, 'train/overhead_time_percent': 47.75, 'epoch': 2.0792540792540795}
{'loss': 0.9072, 'learning_rate': 0.0001, 'grad_norm': 0.286573588848114, 'train/tokens_per_sec': 1636.426180869369, 'train/step_time': 10.012061766999977, 'train/mfu': 83.86, 'train/efficiency': 53.78, 'train/forward_time_percent': 17.01, 'train/backward_time_percent': 35.73, 'train/optimizer_time_percent': 1.04, 'train/overhead_time_percent': 46.22, 'epoch': 2.0792540792540795}
{'loss': 1.5959, 'learning_rate': 0.0001, 'grad_norm': 0.3756084442138672, 'train/tokens_per_sec': 1638.623062808066, 'train/step_time': 9.998638717999711, 'train/mfu': 85.88, 'train/efficiency': 52.46, 'train/forward_time_percent': 17.42, 'train/backward_time_percent': 34.14, 'train/optimizer_time_percent': 0.9, 'train/overhead_time_percent': 47.54, 'epoch': 2.0839160839160837}{'loss': 1.5959, 'learning_rate': 0.0001, 'grad_norm': 0.3756084442138672, 'train/tokens_per_sec': 1638.6176243153513, 'train/step_time': 9.998671902998467, 'train/mfu': 83.16, 'train/efficiency': 54.32, 'train/forward_time_percent': 17.34, 'train/backward_time_percent': 35.91, 'train/optimizer_time_percent': 1.06, 'train/overhead_time_percent': 45.68, 'epoch': 2.0839160839160837}

{'loss': 0.9831, 'learning_rate': 0.0001, 'grad_norm': 0.30323800444602966, 'train/tokens_per_sec': 1633.6888149192557, 'train/step_time': 10.028837713998655, 'train/mfu': 83.61, 'train/efficiency': 53.72, 'train/forward_time_percent': 17.49, 'train/backward_time_percent': 35.32, 'train/optimizer_time_percent': 0.92, 'train/overhead_time_percent': 46.28, 'epoch': 2.0885780885780885}
{'loss': 0.9831, 'learning_rate': 0.0001, 'grad_norm': 0.30323800444602966, 'train/tokens_per_sec': 1634.1582086745273, 'train/step_time': 10.025957041998481, 'train/mfu': 80.28, 'train/efficiency': 55.92, 'train/forward_time_percent': 17.73, 'train/backward_time_percent': 37.28, 'train/optimizer_time_percent': 0.91, 'train/overhead_time_percent': 44.08, 'epoch': 2.0885780885780885}
  step   450  loss   1.0765  |     5610.3 ms
{'loss': 1.0765, 'learning_rate': 0.0001, 'grad_norm': 0.32794374227523804, 'train/tokens_per_sec': 1635.9274778598158, 'train/step_time': 10.01511388599829, 'train/mfu': 85.6, 'train/efficiency': 52.55, 'train/forward_time_percent': 17.35, 'train/backward_time_percent': 34.3, 'train/optimizer_time_percent': 0.91, 'train/overhead_time_percent': 47.45, 'epoch': 2.093240093240093}
{'loss': 1.0765, 'learning_rate': 0.0001, 'grad_norm': 0.32794374227523804, 'train/tokens_per_sec': 1629.2017470413641, 'train/step_time': 10.056458648999978, 'train/mfu': 79.44, 'train/efficiency': 56.39, 'train/forward_time_percent': 18.0, 'train/backward_time_percent': 37.42, 'train/optimizer_time_percent': 0.97, 'train/overhead_time_percent': 43.61, 'epoch': 2.093240093240093}
{'loss': 1.0644, 'learning_rate': 0.0001, 'grad_norm': 0.3820935785770416, 'train/tokens_per_sec': 1639.920244440849, 'train/step_time': 9.990729765999276, 'train/mfu': 84.22, 'train/efficiency': 53.66, 'train/forward_time_percent': 17.24, 'train/backward_time_percent': 35.38, 'train/optimizer_time_percent': 1.05, 'train/overhead_time_percent': 46.34, 'epoch': 2.097902097902098}
{'loss': 1.0644, 'learning_rate': 0.0001, 'grad_norm': 0.3820935785770416, 'train/tokens_per_sec': 1639.4905546878967, 'train/step_time': 9.993348209998658, 'train/mfu': 86.05, 'train/efficiency': 52.52, 'train/forward_time_percent': 16.82, 'train/backward_time_percent': 34.67, 'train/optimizer_time_percent': 1.04, 'train/overhead_time_percent': 47.48, 'epoch': 2.097902097902098}
{'loss': 1.1248, 'learning_rate': 0.0001, 'grad_norm': 0.3404194414615631, 'train/tokens_per_sec': 1637.953187009108, 'train/step_time': 10.002727873998083, 'train/mfu': 86.24, 'train/efficiency': 52.36, 'train/forward_time_percent': 17.54, 'train/backward_time_percent': 33.78, 'train/optimizer_time_percent': 1.04, 'train/overhead_time_percent': 47.64, 'epoch': 2.1025641025641026}
{'loss': 1.1248, 'learning_rate': 0.0001, 'grad_norm': 0.3404194414615631, 'train/tokens_per_sec': 1637.6535286991327, 'train/step_time': 10.004558175998682, 'train/mfu': 83.77, 'train/efficiency': 53.85, 'train/forward_time_percent': 16.93, 'train/backward_time_percent': 35.9, 'train/optimizer_time_percent': 1.02, 'train/overhead_time_percent': 46.15, 'epoch': 2.1025641025641026}
{'loss': 1.0486, 'learning_rate': 0.0001, 'grad_norm': 0.3582468330860138, 'train/tokens_per_sec': 1637.475100190631, 'train/step_time': 10.005648328999087, 'train/mfu': 84.52, 'train/efficiency': 53.42, 'train/forward_time_percent': 16.63, 'train/backward_time_percent': 35.72, 'train/optimizer_time_percent': 1.07, 'train/overhead_time_percent': 46.58, 'epoch': 2.1072261072261074}
{'loss': 1.0486, 'learning_rate': 0.0001, 'grad_norm': 0.3582468330860138, 'train/tokens_per_sec': 1637.2640805888839, 'train/step_time': 10.006937911999557, 'train/mfu': 86.16, 'train/efficiency': 52.36, 'train/forward_time_percent': 16.82, 'train/backward_time_percent': 34.53, 'train/optimizer_time_percent': 1.01, 'train/overhead_time_percent': 47.64, 'epoch': 2.1072261072261074}
{'loss': 1.0139, 'learning_rate': 0.0001, 'grad_norm': 0.29657572507858276, 'train/tokens_per_sec': 1638.3033147108335, 'train/step_time': 10.000590154999372, 'train/mfu': 85.62, 'train/efficiency': 52.68, 'train/forward_time_percent': 16.91, 'train/backward_time_percent': 34.8, 'train/optimizer_time_percent': 0.97, 'train/overhead_time_percent': 47.32, 'epoch': 2.111888111888112}
{'loss': 1.0139, 'learning_rate': 0.0001, 'grad_norm': 0.29657572507858276, 'train/tokens_per_sec': 1638.5780898431815, 'train/step_time': 9.998913143997925, 'train/mfu': 84.25, 'train/efficiency': 53.47, 'train/forward_time_percent': 16.6, 'train/backward_time_percent': 35.96, 'train/optimizer_time_percent': 0.91, 'train/overhead_time_percent': 46.53, 'epoch': 2.111888111888112}
{'loss': 1.1113, 'learning_rate': 0.0001, 'grad_norm': 0.32733142375946045, 'train/tokens_per_sec': 1638.0983212604917, 'train/step_time': 10.001841640001658, 'train/mfu': 85.71, 'train/efficiency': 52.63, 'train/forward_time_percent': 16.92, 'train/backward_time_percent': 34.73, 'train/optimizer_time_percent': 0.98, 'train/overhead_time_percent': 47.37, 'epoch': 2.1165501165501164}
{'loss': 1.1113, 'learning_rate': 0.0001, 'grad_norm': 0.32733142375946045, 'train/tokens_per_sec': 1638.2158560190944, 'train/step_time': 10.001124051999795, 'train/mfu': 85.11, 'train/efficiency': 53.01, 'train/forward_time_percent': 17.18, 'train/backward_time_percent': 34.83, 'train/optimizer_time_percent': 1.0, 'train/overhead_time_percent': 46.99, 'epoch': 2.1165501165501164}
{'loss': 0.9431, 'learning_rate': 0.0001, 'grad_norm': 0.29427385330200195, 'train/tokens_per_sec': 1637.7486681732598, 'train/step_time': 10.003976995001722, 'train/mfu': 81.92, 'train/efficiency': 55.06, 'train/forward_time_percent': 17.36, 'train/backward_time_percent': 36.67, 'train/optimizer_time_percent': 1.03, 'train/overhead_time_percent': 44.94, 'epoch': 2.121212121212121}
{'loss': 0.9431, 'learning_rate': 0.0001, 'grad_norm': 0.29427385330200195, 'train/tokens_per_sec': 1636.8043686270646, 'train/step_time': 10.009748454998771, 'train/mfu': 87.72, 'train/efficiency': 51.3, 'train/forward_time_percent': 16.31, 'train/backward_time_percent': 34.11, 'train/optimizer_time_percent': 0.87, 'train/overhead_time_percent': 48.7, 'epoch': 2.121212121212121}
{'loss': 1.1137, 'learning_rate': 0.0001, 'grad_norm': 0.3524480164051056, 'train/tokens_per_sec': 1639.1368547952009, 'train/step_time': 9.995504616999824, 'train/mfu': 84.16, 'train/efficiency': 53.67, 'train/forward_time_percent': 17.39, 'train/backward_time_percent': 35.24, 'train/optimizer_time_percent': 1.04, 'train/overhead_time_percent': 46.33, 'epoch': 2.125874125874126}
{'loss': 1.1137, 'learning_rate': 0.0001, 'grad_norm': 0.3524480164051056, 'train/tokens_per_sec': 1639.0115376591102, 'train/step_time': 9.996268863000296, 'train/mfu': 84.58, 'train/efficiency': 53.39, 'train/forward_time_percent': 16.7, 'train/backward_time_percent': 35.65, 'train/optimizer_time_percent': 1.04, 'train/overhead_time_percent': 46.61, 'epoch': 2.125874125874126}
{'loss': 1.2134, 'learning_rate': 0.0001, 'grad_norm': 0.3213876783847809, 'train/tokens_per_sec': 1638.6145057814526, 'train/step_time': 9.99869093199959, 'train/mfu': 82.18, 'train/efficiency': 54.75, 'train/forward_time_percent': 19.46, 'train/backward_time_percent': 34.43, 'train/optimizer_time_percent': 0.86, 'train/overhead_time_percent': 45.25, 'epoch': 2.1305361305361306}
{'loss': 1.2134, 'learning_rate': 0.0001, 'grad_norm': 0.3213876783847809, 'train/tokens_per_sec': 1639.4437505519143, 'train/step_time': 9.993633508001949, 'train/mfu': 80.38, 'train/efficiency': 56.0, 'train/forward_time_percent': 19.56, 'train/backward_time_percent': 35.56, 'train/optimizer_time_percent': 0.88, 'train/overhead_time_percent': 44.0, 'epoch': 2.1305361305361306}
{'loss': 0.9634, 'learning_rate': 0.0001, 'grad_norm': 0.2961640954017639, 'train/tokens_per_sec': 1641.0408354466579, 'train/step_time': 9.983907557998464, 'train/mfu': 83.9, 'train/efficiency': 53.74, 'train/forward_time_percent': 16.66, 'train/backward_time_percent': 36.2, 'train/optimizer_time_percent': 0.88, 'train/overhead_time_percent': 46.26, 'epoch': 2.1351981351981353}
{'loss': 0.9634, 'learning_rate': 0.0001, 'grad_norm': 0.2961640954017639, 'train/tokens_per_sec': 1640.1049047935628, 'train/step_time': 9.989604903999862, 'train/mfu': 87.55, 'train/efficiency': 51.65, 'train/forward_time_percent': 16.49, 'train/backward_time_percent': 34.14, 'train/optimizer_time_percent': 1.02, 'train/overhead_time_percent': 48.35, 'epoch': 2.1351981351981353}
{'loss': 1.0558, 'learning_rate': 0.0001, 'grad_norm': 0.33188188076019287, 'train/tokens_per_sec': 1638.6257923105634, 'train/step_time': 9.998622063001676, 'train/mfu': 83.52, 'train/efficiency': 53.89, 'train/forward_time_percent': 17.31, 'train/backward_time_percent': 35.71, 'train/optimizer_time_percent': 0.88, 'train/overhead_time_percent': 46.11, 'epoch': 2.13986013986014}  step   460  loss   1.0558  |     5397.0 ms

{'loss': 1.0558, 'learning_rate': 0.0001, 'grad_norm': 0.33188188076019287, 'train/tokens_per_sec': 1637.3583204963195, 'train/step_time': 10.00636195199695, 'train/mfu': 88.83, 'train/efficiency': 50.77, 'train/forward_time_percent': 16.26, 'train/backward_time_percent': 33.55, 'train/optimizer_time_percent': 0.96, 'train/overhead_time_percent': 49.23, 'epoch': 2.13986013986014}
{'loss': 1.134, 'learning_rate': 0.0001, 'grad_norm': 0.3462889790534973, 'train/tokens_per_sec': 1638.0285283815836, 'train/step_time': 10.002267797000968, 'train/mfu': 86.68, 'train/efficiency': 52.1, 'train/forward_time_percent': 16.94, 'train/backward_time_percent': 34.13, 'train/optimizer_time_percent': 1.03, 'train/overhead_time_percent': 47.9, 'epoch': 2.1445221445221447}
{'loss': 1.134, 'learning_rate': 0.0001, 'grad_norm': 0.3462889790534973, 'train/tokens_per_sec': 1638.438436127756, 'train/step_time': 9.999765409997053, 'train/mfu': 83.7, 'train/efficiency': 53.78, 'train/forward_time_percent': 17.2, 'train/backward_time_percent': 35.71, 'train/optimizer_time_percent': 0.88, 'train/overhead_time_percent': 46.22, 'epoch': 2.1445221445221447}
{'loss': 0.8981, 'learning_rate': 0.0001, 'grad_norm': 0.3373056948184967, 'train/tokens_per_sec': 1638.718062557945, 'train/step_time': 9.998059076999198, 'train/mfu': 86.21, 'train/efficiency': 52.43, 'train/forward_time_percent': 16.88, 'train/backward_time_percent': 34.49, 'train/optimizer_time_percent': 1.06, 'train/overhead_time_percent': 47.57, 'epoch': 2.149184149184149}
{'loss': 0.8981, 'learning_rate': 0.0001, 'grad_norm': 0.3373056948184967, 'train/tokens_per_sec': 1639.0434986395805, 'train/step_time': 9.996073938000336, 'train/mfu': 86.28, 'train/efficiency': 52.23, 'train/forward_time_percent': 16.1, 'train/backward_time_percent': 35.24, 'train/optimizer_time_percent': 0.89, 'train/overhead_time_percent': 47.77, 'epoch': 2.149184149184149}
{'loss': 0.9477, 'learning_rate': 0.0001, 'grad_norm': 0.3428936004638672, 'train/tokens_per_sec': 1637.9091657943627, 'train/step_time': 10.002996712002641, 'train/mfu': 83.59, 'train/efficiency': 53.82, 'train/forward_time_percent': 16.95, 'train/backward_time_percent': 36.0, 'train/optimizer_time_percent': 0.87, 'train/overhead_time_percent': 46.18, 'epoch': 2.1538461538461537}
{'loss': 0.9477, 'learning_rate': 0.0001, 'grad_norm': 0.3428936004638672, 'train/tokens_per_sec': 1637.212540550015, 'train/step_time': 10.007252933999553, 'train/mfu': 87.14, 'train/efficiency': 51.81, 'train/forward_time_percent': 16.46, 'train/backward_time_percent': 34.31, 'train/optimizer_time_percent': 1.03, 'train/overhead_time_percent': 48.19, 'epoch': 2.1538461538461537}
{'loss': 0.7602, 'learning_rate': 0.0001, 'grad_norm': 0.3395589292049408, 'train/tokens_per_sec': 1638.2487296820032, 'train/step_time': 10.000923366002098, 'train/mfu': 82.32, 'train/efficiency': 54.8, 'train/forward_time_percent': 17.38, 'train/backward_time_percent': 36.4, 'train/optimizer_time_percent': 1.02, 'train/overhead_time_percent': 45.2, 'epoch': 2.1585081585081585}
{'loss': 0.7602, 'learning_rate': 0.0001, 'grad_norm': 0.3395589292049408, 'train/tokens_per_sec': 1637.6767408656078, 'train/step_time': 10.004416373001732, 'train/mfu': 85.19, 'train/efficiency': 53.0, 'train/forward_time_percent': 17.31, 'train/backward_time_percent': 34.64, 'train/optimizer_time_percent': 1.05, 'train/overhead_time_percent': 47.0, 'epoch': 2.1585081585081585}
{'loss': 1.0612, 'learning_rate': 0.0001, 'grad_norm': 0.34388792514801025, 'train/tokens_per_sec': 1638.498106876235, 'train/step_time': 9.9994012390016, 'train/mfu': 86.59, 'train/efficiency': 52.15, 'train/forward_time_percent': 16.39, 'train/backward_time_percent': 34.75, 'train/optimizer_time_percent': 1.01, 'train/overhead_time_percent': 47.85, 'epoch': 2.163170163170163}
{'loss': 1.0612, 'learning_rate': 0.0001, 'grad_norm': 0.34388792514801025, 'train/tokens_per_sec': 1638.920396887885, 'train/step_time': 9.996824758000002, 'train/mfu': 85.12, 'train/efficiency': 52.92, 'train/forward_time_percent': 17.25, 'train/backward_time_percent': 34.79, 'train/optimizer_time_percent': 0.89, 'train/overhead_time_percent': 47.08, 'epoch': 2.163170163170163}
{'loss': 1.1236, 'learning_rate': 0.0001, 'grad_norm': 0.3215687572956085, 'train/tokens_per_sec': 1638.9354746375986, 'train/step_time': 9.996732789997623, 'train/mfu': 83.74, 'train/efficiency': 53.93, 'train/forward_time_percent': 16.98, 'train/backward_time_percent': 35.92, 'train/optimizer_time_percent': 1.04, 'train/overhead_time_percent': 46.07, 'epoch': 2.167832167832168}
{'loss': 1.1236, 'learning_rate': 0.0001, 'grad_norm': 0.3215687572956085, 'train/tokens_per_sec': 1637.8902526833726, 'train/step_time': 10.003112219001196, 'train/mfu': 87.38, 'train/efficiency': 51.68, 'train/forward_time_percent': 16.29, 'train/backward_time_percent': 34.36, 'train/optimizer_time_percent': 1.03, 'train/overhead_time_percent': 48.32, 'epoch': 2.167832167832168}
{'loss': 1.0639, 'learning_rate': 0.0001, 'grad_norm': 0.5004763603210449, 'train/tokens_per_sec': 1638.8462148867832, 'train/step_time': 9.997277261998534, 'train/mfu': 86.36, 'train/efficiency': 52.19, 'train/forward_time_percent': 17.36, 'train/backward_time_percent': 33.92, 'train/optimizer_time_percent': 0.91, 'train/overhead_time_percent': 47.81, 'epoch': 2.1724941724941726}
{'loss': 1.0639, 'learning_rate': 0.0001, 'grad_norm': 0.5004763603210449, 'train/tokens_per_sec': 1639.8895321609727, 'train/step_time': 9.99091687499822, 'train/mfu': 83.86, 'train/efficiency': 53.86, 'train/forward_time_percent': 16.78, 'train/backward_time_percent': 36.07, 'train/optimizer_time_percent': 1.01, 'train/overhead_time_percent': 46.14, 'epoch': 2.1724941724941726}
{'loss': 1.1167, 'learning_rate': 0.0001, 'grad_norm': 0.3971535861492157, 'train/tokens_per_sec': 1639.195932731113, 'train/step_time': 9.995144370997878, 'train/mfu': 83.57, 'train/efficiency': 53.89, 'train/forward_time_percent': 17.27, 'train/backward_time_percent': 35.74, 'train/optimizer_time_percent': 0.89, 'train/overhead_time_percent': 46.11, 'epoch': 2.177156177156177}
{'loss': 1.1167, 'learning_rate': 0.0001, 'grad_norm': 0.3971535861492157, 'train/tokens_per_sec': 1639.0949515091786, 'train/step_time': 9.995760150999558, 'train/mfu': 86.84, 'train/efficiency': 52.04, 'train/forward_time_percent': 16.69, 'train/backward_time_percent': 34.32, 'train/optimizer_time_percent': 1.03, 'train/overhead_time_percent': 47.96, 'epoch': 2.177156177156177}
{'loss': 1.102, 'learning_rate': 0.0001, 'grad_norm': 0.4197344183921814, 'train/tokens_per_sec': 1637.9610470776886, 'train/step_time': 10.002679874000023, 'train/mfu': 81.78, 'train/efficiency': 55.01, 'train/forward_time_percent': 17.16, 'train/backward_time_percent': 36.97, 'train/optimizer_time_percent': 0.88, 'train/overhead_time_percent': 44.99, 'epoch': 2.1818181818181817}
{'loss': 1.102, 'learning_rate': 0.0001, 'grad_norm': 0.4197344183921814, 'train/tokens_per_sec': 1637.1358798005524, 'train/step_time': 10.007721534999291, 'train/mfu': 85.87, 'train/efficiency': 52.42, 'train/forward_time_percent': 16.6, 'train/backward_time_percent': 34.92, 'train/optimizer_time_percent': 0.9, 'train/overhead_time_percent': 47.58, 'epoch': 2.1818181818181817}
{'loss': 0.9809, 'learning_rate': 0.0001, 'grad_norm': 0.37280988693237305, 'train/tokens_per_sec': 1638.663967954448, 'train/step_time': 9.998389126998518, 'train/mfu': 82.66, 'train/efficiency': 54.61, 'train/forward_time_percent': 17.32, 'train/backward_time_percent': 36.25, 'train/optimizer_time_percent': 1.04, 'train/overhead_time_percent': 45.39, 'epoch': 2.1864801864801864}
  step   470  loss   0.9809  |     5517.6 ms
{'loss': 0.9809, 'learning_rate': 0.0001, 'grad_norm': 0.37280988693237305, 'train/tokens_per_sec': 1637.7468752258392, 'train/step_time': 10.003987947002315, 'train/mfu': 86.54, 'train/efficiency': 52.17, 'train/forward_time_percent': 16.12, 'train/backward_time_percent': 35.03, 'train/optimizer_time_percent': 1.03, 'train/overhead_time_percent': 47.83, 'epoch': 2.1864801864801864}
{'loss': 1.1748, 'learning_rate': 0.0001, 'grad_norm': 0.3563152253627777, 'train/tokens_per_sec': 1639.362508745945, 'train/step_time': 9.994128761998581, 'train/mfu': 84.04, 'train/efficiency': 53.69, 'train/forward_time_percent': 16.96, 'train/backward_time_percent': 35.76, 'train/optimizer_time_percent': 0.97, 'train/overhead_time_percent': 46.31, 'epoch': 2.191142191142191}{'loss': 1.1748, 'learning_rate': 0.0001, 'grad_norm': 0.3563152253627777, 'train/tokens_per_sec': 1638.766261146104, 'train/step_time': 9.997765018997598, 'train/mfu': 87.67, 'train/efficiency': 51.54, 'train/forward_time_percent': 16.35, 'train/backward_time_percent': 34.17, 'train/optimizer_time_percent': 1.02, 'train/overhead_time_percent': 48.46, 'epoch': 2.191142191142191}

{'loss': 1.2777, 'learning_rate': 0.0001, 'grad_norm': 0.39044880867004395, 'train/tokens_per_sec': 1635.9182073807576, 'train/step_time': 10.015170639999269, 'train/mfu': 85.28, 'train/efficiency': 52.74, 'train/forward_time_percent': 16.58, 'train/backward_time_percent': 35.27, 'train/optimizer_time_percent': 0.9, 'train/overhead_time_percent': 47.26, 'epoch': 2.195804195804196}
{'loss': 1.2777, 'learning_rate': 0.0001, 'grad_norm': 0.39044880867004395, 'train/tokens_per_sec': 1637.1923803776215, 'train/step_time': 10.007376162000583, 'train/mfu': 83.12, 'train/efficiency': 54.26, 'train/forward_time_percent': 17.06, 'train/backward_time_percent': 36.16, 'train/optimizer_time_percent': 1.03, 'train/overhead_time_percent': 45.74, 'epoch': 2.195804195804196}
{'loss': 0.8653, 'learning_rate': 0.0001, 'grad_norm': 0.419110506772995, 'train/tokens_per_sec': 1639.89077468644, 'train/step_time': 9.990909305000969, 'train/mfu': 85.68, 'train/efficiency': 52.74, 'train/forward_time_percent': 16.68, 'train/backward_time_percent': 35.04, 'train/optimizer_time_percent': 1.02, 'train/overhead_time_percent': 47.26, 'epoch': 2.2004662004662006}
{'loss': 0.8653, 'learning_rate': 0.0001, 'grad_norm': 0.419110506772995, 'train/tokens_per_sec': 1640.2888958373321, 'train/step_time': 9.988484371002414, 'train/mfu': 85.4, 'train/efficiency': 52.8, 'train/forward_time_percent': 16.82, 'train/backward_time_percent': 35.08, 'train/optimizer_time_percent': 0.9, 'train/overhead_time_percent': 47.2, 'epoch': 2.2004662004662006}
{'loss': 0.9731, 'learning_rate': 0.0001, 'grad_norm': 0.34158098697662354, 'train/tokens_per_sec': 1640.3425326673532, 'train/step_time': 9.9881577619999, 'train/mfu': 85.68, 'train/efficiency': 52.62, 'train/forward_time_percent': 17.35, 'train/backward_time_percent': 34.38, 'train/optimizer_time_percent': 0.89, 'train/overhead_time_percent': 47.38, 'epoch': 2.2051282051282053}
{'loss': 0.9731, 'learning_rate': 0.0001, 'grad_norm': 0.34158098697662354, 'train/tokens_per_sec': 1640.5205112205615, 'train/step_time': 9.987074156000745, 'train/mfu': 85.6, 'train/efficiency': 52.7, 'train/forward_time_percent': 16.5, 'train/backward_time_percent': 35.29, 'train/optimizer_time_percent': 0.91, 'train/overhead_time_percent': 47.3, 'epoch': 2.2051282051282053}
{'loss': 0.9882, 'learning_rate': 0.0001, 'grad_norm': 0.5263425707817078, 'train/tokens_per_sec': 1639.4679599216765, 'train/step_time': 9.99348593600007, 'train/mfu': 85.76, 'train/efficiency': 52.54, 'train/forward_time_percent': 16.89, 'train/backward_time_percent': 34.78, 'train/optimizer_time_percent': 0.87, 'train/overhead_time_percent': 47.46, 'epoch': 2.20979020979021}{'loss': 0.9882, 'learning_rate': 0.0001, 'grad_norm': 0.5263425707817078, 'train/tokens_per_sec': 1639.001167762639, 'train/step_time': 9.99633210900356, 'train/mfu': 86.44, 'train/efficiency': 52.22, 'train/forward_time_percent': 16.83, 'train/backward_time_percent': 34.41, 'train/optimizer_time_percent': 0.99, 'train/overhead_time_percent': 47.78, 'epoch': 2.20979020979021}

{'loss': 1.0585, 'learning_rate': 0.0001, 'grad_norm': 0.3451189696788788, 'train/tokens_per_sec': 1639.3494787588618, 'train/step_time': 9.994208198000706, 'train/mfu': 86.52, 'train/efficiency': 52.22, 'train/forward_time_percent': 16.58, 'train/backward_time_percent': 34.62, 'train/optimizer_time_percent': 1.02, 'train/overhead_time_percent': 47.78, 'epoch': 2.2144522144522143}
{'loss': 1.0585, 'learning_rate': 0.0001, 'grad_norm': 0.3451189696788788, 'train/tokens_per_sec': 1639.9621500462047, 'train/step_time': 9.990474474998337, 'train/mfu': 84.81, 'train/efficiency': 53.14, 'train/forward_time_percent': 17.0, 'train/backward_time_percent': 35.26, 'train/optimizer_time_percent': 0.88, 'train/overhead_time_percent': 46.86, 'epoch': 2.2144522144522143}
{'loss': 1.1028, 'learning_rate': 0.0001, 'grad_norm': 0.38465040922164917, 'train/tokens_per_sec': 1638.790320523594, 'train/step_time': 9.997618239998701, 'train/mfu': 85.47, 'train/efficiency': 52.78, 'train/forward_time_percent': 16.69, 'train/backward_time_percent': 35.13, 'train/optimizer_time_percent': 0.96, 'train/overhead_time_percent': 47.22, 'epoch': 2.219114219114219}
{'loss': 1.1028, 'learning_rate': 0.0001, 'grad_norm': 0.38465040922164917, 'train/tokens_per_sec': 1639.0904768614996, 'train/step_time': 9.995787439002015, 'train/mfu': 83.92, 'train/efficiency': 53.67, 'train/forward_time_percent': 16.97, 'train/backward_time_percent': 35.82, 'train/optimizer_time_percent': 0.88, 'train/overhead_time_percent': 46.33, 'epoch': 2.219114219114219}
{'loss': 1.1931, 'learning_rate': 0.0001, 'grad_norm': 0.3520633578300476, 'train/tokens_per_sec': 1637.9084482784885, 'train/step_time': 10.003001093999046, 'train/mfu': 86.77, 'train/efficiency': 52.03, 'train/forward_time_percent': 16.64, 'train/backward_time_percent': 34.37, 'train/optimizer_time_percent': 1.02, 'train/overhead_time_percent': 47.97, 'epoch': 2.2237762237762237}
{'loss': 1.1931, 'learning_rate': 0.0001, 'grad_norm': 0.3520633578300476, 'train/tokens_per_sec': 1638.9514655388593, 'train/step_time': 9.996635253999557, 'train/mfu': 82.15, 'train/efficiency': 54.79, 'train/forward_time_percent': 17.39, 'train/backward_time_percent': 36.52, 'train/optimizer_time_percent': 0.87, 'train/overhead_time_percent': 45.21, 'epoch': 2.2237762237762237}
{'loss': 1.0621, 'learning_rate': 0.0001, 'grad_norm': 0.347694456577301, 'train/tokens_per_sec': 1637.4617926859864, 'train/step_time': 10.005729644002713, 'train/mfu': 84.72, 'train/efficiency': 53.16, 'train/forward_time_percent': 16.26, 'train/backward_time_percent': 35.97, 'train/optimizer_time_percent': 0.93, 'train/overhead_time_percent': 46.84, 'epoch': 2.2284382284382285}
{'loss': 1.0621, 'learning_rate': 0.0001, 'grad_norm': 0.347694456577301, 'train/tokens_per_sec': 1637.457472601593, 'train/step_time': 10.00575604199912, 'train/mfu': 85.69, 'train/efficiency': 52.6, 'train/forward_time_percent': 17.55, 'train/backward_time_percent': 34.09, 'train/optimizer_time_percent': 0.96, 'train/overhead_time_percent': 47.4, 'epoch': 2.2284382284382285}
  step   480  loss   1.3237  |     5517.5 ms
{'loss': 1.3237, 'learning_rate': 0.0001, 'grad_norm': 0.33183085918426514, 'train/tokens_per_sec': 1639.1797830658568, 'train/step_time': 9.99524284600193, 'train/mfu': 84.02, 'train/efficiency': 53.76, 'train/forward_time_percent': 17.32, 'train/backward_time_percent': 35.4, 'train/optimizer_time_percent': 1.03, 'train/overhead_time_percent': 46.24, 'epoch': 2.233100233100233}
{'loss': 1.3237, 'learning_rate': 0.0001, 'grad_norm': 0.33183085918426514, 'train/tokens_per_sec': 1638.4259837981167, 'train/step_time': 9.999841409997316, 'train/mfu': 86.44, 'train/efficiency': 52.13, 'train/forward_time_percent': 16.75, 'train/backward_time_percent': 34.47, 'train/optimizer_time_percent': 0.91, 'train/overhead_time_percent': 47.87, 'epoch': 2.233100233100233}
{'loss': 1.1222, 'learning_rate': 0.0001, 'grad_norm': 0.3401933014392853, 'train/tokens_per_sec': 1640.0352668647465, 'train/step_time': 9.990029074997437, 'train/mfu': 87.52, 'train/efficiency': 51.5, 'train/forward_time_percent': 16.67, 'train/backward_time_percent': 33.97, 'train/optimizer_time_percent': 0.87, 'train/overhead_time_percent': 48.5, 'epoch': 2.237762237762238}
{'loss': 1.1222, 'learning_rate': 0.0001, 'grad_norm': 0.3401933014392853, 'train/tokens_per_sec': 1640.5656173232217, 'train/step_time': 9.98679956900014, 'train/mfu': 84.79, 'train/efficiency': 53.16, 'train/forward_time_percent': 17.33, 'train/backward_time_percent': 34.95, 'train/optimizer_time_percent': 0.88, 'train/overhead_time_percent': 46.84, 'epoch': 2.237762237762238}
{'loss': 0.8956, 'learning_rate': 0.0001, 'grad_norm': 0.30905571579933167, 'train/tokens_per_sec': 1637.8786692799101, 'train/step_time': 10.003182962998835, 'train/mfu': 85.09, 'train/efficiency': 52.9, 'train/forward_time_percent': 16.22, 'train/backward_time_percent': 35.79, 'train/optimizer_time_percent': 0.88, 'train/overhead_time_percent': 47.1, 'epoch': 2.242424242424242}
{'loss': 0.8956, 'learning_rate': 0.0001, 'grad_norm': 0.30905571579933167, 'train/tokens_per_sec': 1638.0985951008245, 'train/step_time': 10.001839967997512, 'train/mfu': 85.41, 'train/efficiency': 52.9, 'train/forward_time_percent': 16.85, 'train/backward_time_percent': 34.98, 'train/optimizer_time_percent': 1.07, 'train/overhead_time_percent': 47.1, 'epoch': 2.242424242424242}
{'loss': 0.87, 'learning_rate': 0.0001, 'grad_norm': 0.35743236541748047, 'train/tokens_per_sec': 1636.9099666902634, 'train/step_time': 10.009102720003284, 'train/mfu': 83.37, 'train/efficiency': 54.01, 'train/forward_time_percent': 16.58, 'train/backward_time_percent': 36.48, 'train/optimizer_time_percent': 0.95, 'train/overhead_time_percent': 45.99, 'epoch': 2.247086247086247}{'loss': 0.87, 'learning_rate': 0.0001, 'grad_norm': 0.35743236541748047, 'train/tokens_per_sec': 1636.175896200841, 'train/step_time': 10.01359330500054, 'train/mfu': 84.18, 'train/efficiency': 53.52, 'train/forward_time_percent': 17.28, 'train/backward_time_percent': 35.24, 'train/optimizer_time_percent': 1.0, 'train/overhead_time_percent': 46.48, 'epoch': 2.247086247086247}

{'loss': 1.032, 'learning_rate': 0.0001, 'grad_norm': 0.36968517303466797, 'train/tokens_per_sec': 1638.7072687559714, 'train/step_time': 9.998124932000792, 'train/mfu': 84.61, 'train/efficiency': 53.36, 'train/forward_time_percent': 17.1, 'train/backward_time_percent': 35.25, 'train/optimizer_time_percent': 1.02, 'train/overhead_time_percent': 46.64, 'epoch': 2.2517482517482517}
{'loss': 1.032, 'learning_rate': 0.0001, 'grad_norm': 0.36968517303466797, 'train/tokens_per_sec': 1639.4881738785086, 'train/step_time': 9.99336272200162, 'train/mfu': 82.17, 'train/efficiency': 54.8, 'train/forward_time_percent': 17.0, 'train/backward_time_percent': 36.93, 'train/optimizer_time_percent': 0.88, 'train/overhead_time_percent': 45.2, 'epoch': 2.2517482517482517}
{'loss': 1.3509, 'learning_rate': 0.0001, 'grad_norm': 0.3185543119907379, 'train/tokens_per_sec': 1636.4887853322216, 'train/step_time': 10.011678752001899, 'train/mfu': 88.27, 'train/efficiency': 51.1, 'train/forward_time_percent': 16.34, 'train/backward_time_percent': 33.75, 'train/optimizer_time_percent': 1.0, 'train/overhead_time_percent': 48.9, 'epoch': 2.2564102564102564}
{'loss': 1.3509, 'learning_rate': 0.0001, 'grad_norm': 0.3185543119907379, 'train/tokens_per_sec': 1637.4490589913717, 'train/step_time': 10.005807453999296, 'train/mfu': 83.12, 'train/efficiency': 54.13, 'train/forward_time_percent': 17.24, 'train/backward_time_percent': 36.0, 'train/optimizer_time_percent': 0.89, 'train/overhead_time_percent': 45.87, 'epoch': 2.2564102564102564}
{'loss': 1.1602, 'learning_rate': 0.0001, 'grad_norm': 0.40916186571121216, 'train/tokens_per_sec': 1637.2546406698762, 'train/step_time': 10.006995609001024, 'train/mfu': 86.73, 'train/efficiency': 51.99, 'train/forward_time_percent': 16.98, 'train/backward_time_percent': 34.04, 'train/optimizer_time_percent': 0.98, 'train/overhead_time_percent': 48.01, 'epoch': 2.261072261072261}
{'loss': 1.1602, 'learning_rate': 0.0001, 'grad_norm': 0.40916186571121216, 'train/tokens_per_sec': 1637.4859726871014, 'train/step_time': 10.005581894001807, 'train/mfu': 85.81, 'train/efficiency': 52.62, 'train/forward_time_percent': 17.37, 'train/backward_time_percent': 34.2, 'train/optimizer_time_percent': 1.05, 'train/overhead_time_percent': 47.38, 'epoch': 2.261072261072261}
{'loss': 0.9853, 'learning_rate': 0.0001, 'grad_norm': 0.3415760099887848, 'train/tokens_per_sec': 1636.7974273524974, 'train/step_time': 10.009790903997782, 'train/mfu': 85.57, 'train/efficiency': 52.73, 'train/forward_time_percent': 16.81, 'train/backward_time_percent': 34.88, 'train/optimizer_time_percent': 1.04, 'train/overhead_time_percent': 47.27, 'epoch': 2.265734265734266}
{'loss': 0.9853, 'learning_rate': 0.0001, 'grad_norm': 0.3415760099887848, 'train/tokens_per_sec': 1637.2733187157373, 'train/step_time': 10.006881449000502, 'train/mfu': 84.68, 'train/efficiency': 53.13, 'train/forward_time_percent': 16.95, 'train/backward_time_percent': 35.3, 'train/optimizer_time_percent': 0.88, 'train/overhead_time_percent': 46.87, 'epoch': 2.265734265734266}
{'loss': 1.1018, 'learning_rate': 0.0001, 'grad_norm': 0.3826088011264801, 'train/tokens_per_sec': 1637.5272868740115, 'train/step_time': 10.00532945699888, 'train/mfu': 87.57, 'train/efficiency': 51.44, 'train/forward_time_percent': 16.73, 'train/backward_time_percent': 33.8, 'train/optimizer_time_percent': 0.9, 'train/overhead_time_percent': 48.56, 'epoch': 2.2703962703962706}
{'loss': 1.1018, 'learning_rate': 0.0001, 'grad_norm': 0.3826088011264801, 'train/tokens_per_sec': 1637.696080721317, 'train/step_time': 10.004298228999687, 'train/mfu': 83.98, 'train/efficiency': 53.59, 'train/forward_time_percent': 17.13, 'train/backward_time_percent': 35.57, 'train/optimizer_time_percent': 0.89, 'train/overhead_time_percent': 46.41, 'epoch': 2.2703962703962706}
{'loss': 1.1792, 'learning_rate': 0.0001, 'grad_norm': 0.36712419986724854, 'train/tokens_per_sec': 1641.1021884821819, 'train/step_time': 9.983534306997171, 'train/mfu': 83.33, 'train/efficiency': 54.26, 'train/forward_time_percent': 16.89, 'train/backward_time_percent': 36.32, 'train/optimizer_time_percent': 1.05, 'train/overhead_time_percent': 45.74, 'epoch': 2.2750582750582753}
{'loss': 1.1792, 'learning_rate': 0.0001, 'grad_norm': 0.36712419986724854, 'train/tokens_per_sec': 1640.6395737535506, 'train/step_time': 9.986349385999347, 'train/mfu': 84.98, 'train/efficiency': 53.22, 'train/forward_time_percent': 17.0, 'train/backward_time_percent': 35.18, 'train/optimizer_time_percent': 1.05, 'train/overhead_time_percent': 46.78, 'epoch': 2.2750582750582753}
  step   490  loss   0.9070  |     5601.3 ms
{'loss': 0.907, 'learning_rate': 0.0001, 'grad_norm': 0.33136096596717834, 'train/tokens_per_sec': 1638.075759448058, 'train/step_time': 10.001979398999538, 'train/mfu': 85.41, 'train/efficiency': 52.86, 'train/forward_time_percent': 16.85, 'train/backward_time_percent': 34.98, 'train/optimizer_time_percent': 1.03, 'train/overhead_time_percent': 47.14, 'epoch': 2.2797202797202796}
{'loss': 0.907, 'learning_rate': 0.0001, 'grad_norm': 0.33136096596717834, 'train/tokens_per_sec': 1639.1034228727733, 'train/step_time': 9.995708490001562, 'train/mfu': 82.53, 'train/efficiency': 54.55, 'train/forward_time_percent': 16.82, 'train/backward_time_percent': 36.86, 'train/optimizer_time_percent': 0.88, 'train/overhead_time_percent': 45.45, 'epoch': 2.2797202797202796}
{'loss': 1.0245, 'learning_rate': 0.0001, 'grad_norm': 0.33976078033447266, 'train/tokens_per_sec': 1642.1464607564599, 'train/step_time': 9.97718558699853, 'train/mfu': 84.36, 'train/efficiency': 53.66, 'train/forward_time_percent': 16.98, 'train/backward_time_percent': 35.63, 'train/optimizer_time_percent': 1.05, 'train/overhead_time_percent': 46.34, 'epoch': 2.2843822843822843}
{'loss': 1.0245, 'learning_rate': 0.0001, 'grad_norm': 0.33976078033447266, 'train/tokens_per_sec': 1641.7279704096522, 'train/step_time': 9.979728856000293, 'train/mfu': 85.38, 'train/efficiency': 52.86, 'train/forward_time_percent': 17.35, 'train/backward_time_percent': 34.62, 'train/optimizer_time_percent': 0.9, 'train/overhead_time_percent': 47.14, 'epoch': 2.2843822843822843}
{'loss': 0.9941, 'learning_rate': 0.0001, 'grad_norm': 0.3378286063671112, 'train/tokens_per_sec': 1637.9074833488983, 'train/step_time': 10.003006987000845, 'train/mfu': 86.83, 'train/efficiency': 51.86, 'train/forward_time_percent': 16.3, 'train/backward_time_percent': 34.67, 'train/optimizer_time_percent': 0.88, 'train/overhead_time_percent': 48.14, 'epoch': 2.289044289044289}
{'loss': 0.9941, 'learning_rate': 0.0001, 'grad_norm': 0.3378286063671112, 'train/tokens_per_sec': 1638.996444246215, 'train/step_time': 9.996360917997663, 'train/mfu': 83.1, 'train/efficiency': 54.18, 'train/forward_time_percent': 17.25, 'train/backward_time_percent': 36.05, 'train/optimizer_time_percent': 0.88, 'train/overhead_time_percent': 45.82, 'epoch': 2.289044289044289}
{'loss': 1.0238, 'learning_rate': 0.0001, 'grad_norm': 0.38313543796539307, 'train/tokens_per_sec': 1639.3747510787953, 'train/step_time': 9.994054129001597, 'train/mfu': 86.21, 'train/efficiency': 52.33, 'train/forward_time_percent': 16.51, 'train/backward_time_percent': 34.88, 'train/optimizer_time_percent': 0.94, 'train/overhead_time_percent': 47.67, 'epoch': 2.2937062937062938}
{'loss': 1.0238, 'learning_rate': 0.0001, 'grad_norm': 0.38313543796539307, 'train/tokens_per_sec': 1639.626734618516, 'train/step_time': 9.992518208000547, 'train/mfu': 85.85, 'train/efficiency': 52.63, 'train/forward_time_percent': 17.1, 'train/backward_time_percent': 34.51, 'train/optimizer_time_percent': 1.02, 'train/overhead_time_percent': 47.37, 'epoch': 2.2937062937062938}
{'loss': 1.0663, 'learning_rate': 0.0001, 'grad_norm': 0.43500998616218567, 'train/tokens_per_sec': 1638.97710121025, 'train/step_time': 9.996478894001484, 'train/mfu': 85.03, 'train/efficiency': 52.99, 'train/forward_time_percent': 17.69, 'train/backward_time_percent': 34.4, 'train/optimizer_time_percent': 0.9, 'train/overhead_time_percent': 47.01, 'epoch': 2.2983682983682985}
{'loss': 1.0663, 'learning_rate': 0.0001, 'grad_norm': 0.43500998616218567, 'train/tokens_per_sec': 1638.4671502823776, 'train/step_time': 9.999590163999528, 'train/mfu': 85.49, 'train/efficiency': 52.8, 'train/forward_time_percent': 16.59, 'train/backward_time_percent': 35.2, 'train/optimizer_time_percent': 1.01, 'train/overhead_time_percent': 47.2, 'epoch': 2.2983682983682985}
{'loss': 1.1491, 'learning_rate': 0.0001, 'grad_norm': 0.35732609033584595, 'train/tokens_per_sec': 1640.1815742466406, 'train/step_time': 9.989137945001858, 'train/mfu': 83.9, 'train/efficiency': 53.7, 'train/forward_time_percent': 16.86, 'train/backward_time_percent': 35.97, 'train/optimizer_time_percent': 0.87, 'train/overhead_time_percent': 46.3, 'epoch': 2.303030303030303}
{'loss': 1.1491, 'learning_rate': 0.0001, 'grad_norm': 0.35732609033584595, 'train/tokens_per_sec': 1639.809598533061, 'train/step_time': 9.99140388899832, 'train/mfu': 84.74, 'train/efficiency': 53.37, 'train/forward_time_percent': 16.65, 'train/backward_time_percent': 35.64, 'train/optimizer_time_percent': 1.07, 'train/overhead_time_percent': 46.63, 'epoch': 2.303030303030303}
{'loss': 1.0443, 'learning_rate': 0.0001, 'grad_norm': 0.38536062836647034, 'train/tokens_per_sec': 1638.5165666901532, 'train/step_time': 9.999288584000169, 'train/mfu': 85.44, 'train/efficiency': 52.7, 'train/forward_time_percent': 16.24, 'train/backward_time_percent': 35.59, 'train/optimizer_time_percent': 0.87, 'train/overhead_time_percent': 47.3, 'epoch': 2.3076923076923075}
{'loss': 1.0443, 'learning_rate': 0.0001, 'grad_norm': 0.38536062836647034, 'train/tokens_per_sec': 1637.8185190670981, 'train/step_time': 10.003550338002242, 'train/mfu': 86.55, 'train/efficiency': 52.19, 'train/forward_time_percent': 17.38, 'train/backward_time_percent': 33.76, 'train/optimizer_time_percent': 1.05, 'train/overhead_time_percent': 47.81, 'epoch': 2.3076923076923075}
{'loss': 1.0743, 'learning_rate': 0.0001, 'grad_norm': 0.33413031697273254, 'train/tokens_per_sec': 1637.1318125399193, 'train/step_time': 10.007746398001473, 'train/mfu': 86.44, 'train/efficiency': 52.08, 'train/forward_time_percent': 16.68, 'train/backward_time_percent': 34.5, 'train/optimizer_time_percent': 0.9, 'train/overhead_time_percent': 47.92, 'epoch': 2.312354312354312}
{'loss': 1.0743, 'learning_rate': 0.0001, 'grad_norm': 0.33413031697273254, 'train/tokens_per_sec': 1638.0737119333455, 'train/step_time': 10.00199190100102, 'train/mfu': 82.94, 'train/efficiency': 54.26, 'train/forward_time_percent': 17.59, 'train/backward_time_percent': 35.78, 'train/optimizer_time_percent': 0.88, 'train/overhead_time_percent': 45.74, 'epoch': 2.312354312354312}
{'loss': 0.9447, 'learning_rate': 0.0001, 'grad_norm': 0.3809739053249359, 'train/tokens_per_sec': 1637.3277052442559, 'train/step_time': 10.006549054000061, 'train/mfu': 84.91, 'train/efficiency': 53.13, 'train/forward_time_percent': 16.75, 'train/backward_time_percent': 35.36, 'train/optimizer_time_percent': 1.02, 'train/overhead_time_percent': 46.87, 'epoch': 2.317016317016317}
{'loss': 0.9447, 'learning_rate': 0.0001, 'grad_norm': 0.3809739053249359, 'train/tokens_per_sec': 1636.6562066414779, 'train/step_time': 10.01065460999962, 'train/mfu': 85.5, 'train/efficiency': 52.8, 'train/forward_time_percent': 16.77, 'train/backward_time_percent': 34.96, 'train/optimizer_time_percent': 1.07, 'train/overhead_time_percent': 47.2, 'epoch': 2.317016317016317}
{'loss': 0.998, 'learning_rate': 0.0001, 'grad_norm': 0.39825552701950073, 'train/tokens_per_sec': 1640.932450722948, 'train/step_time': 9.984567002000404, 'train/mfu': 86.02, 'train/efficiency': 52.52, 'train/forward_time_percent': 16.75, 'train/backward_time_percent': 34.8, 'train/optimizer_time_percent': 0.97, 'train/overhead_time_percent': 47.48, 'epoch': 2.3216783216783217}
{'loss': 0.998, 'learning_rate': 0.0001, 'grad_norm': 0.39825552701950073, 'train/tokens_per_sec': 1641.4306334547769, 'train/step_time': 9.981536634000804, 'train/mfu': 84.97, 'train/efficiency': 53.26, 'train/forward_time_percent': 16.9, 'train/backward_time_percent': 35.3, 'train/optimizer_time_percent': 1.06, 'train/overhead_time_percent': 46.74, 'epoch': 2.3216783216783217}
{'loss': 1.3201, 'learning_rate': 0.0001, 'grad_norm': 0.35383546352386475, 'train/tokens_per_sec': 1638.81131476323, 'train/step_time': 9.997490164001647, 'train/mfu': 82.72, 'train/efficiency': 54.57, 'train/forward_time_percent': 17.67, 'train/backward_time_percent': 35.87, 'train/optimizer_time_percent': 1.03, 'train/overhead_time_percent': 45.43, 'epoch': 2.3263403263403264}
  step   500  loss   1.3201  |     5606.4 ms
{'loss': 1.3201, 'learning_rate': 0.0001, 'grad_norm': 0.35383546352386475, 'train/tokens_per_sec': 1638.5089274180764, 'train/step_time': 9.99933520400009, 'train/mfu': 85.32, 'train/efficiency': 52.92, 'train/forward_time_percent': 16.88, 'train/backward_time_percent': 35.02, 'train/optimizer_time_percent': 1.02, 'train/overhead_time_percent': 47.08, 'epoch': 2.3263403263403264}
{'loss': 0.8833, 'learning_rate': 0.0001, 'grad_norm': 0.33309057354927063, 'train/tokens_per_sec': 1637.4302591104695, 'train/step_time': 10.005922333999479, 'train/mfu': 88.03, 'train/efficiency': 51.22, 'train/forward_time_percent': 16.17, 'train/backward_time_percent': 34.1, 'train/optimizer_time_percent': 0.95, 'train/overhead_time_percent': 48.78, 'epoch': 2.331002331002331}
{'loss': 0.8833, 'learning_rate': 0.0001, 'grad_norm': 0.33309057354927063, 'train/tokens_per_sec': 1638.9125526923997, 'train/step_time': 9.996872604999226, 'train/mfu': 83.51, 'train/efficiency': 53.89, 'train/forward_time_percent': 16.65, 'train/backward_time_percent': 36.39, 'train/optimizer_time_percent': 0.85, 'train/overhead_time_percent': 46.11, 'epoch': 2.331002331002331}
{'loss': 1.2647, 'learning_rate': 0.0001, 'grad_norm': 0.41436290740966797, 'train/tokens_per_sec': 1638.4904864566583, 'train/step_time': 9.999447744998179, 'train/mfu': 82.87, 'train/efficiency': 54.31, 'train/forward_time_percent': 17.21, 'train/backward_time_percent': 36.22, 'train/optimizer_time_percent': 0.87, 'train/overhead_time_percent': 45.69, 'epoch': 2.335664335664336}{'loss': 1.2647, 'learning_rate': 0.0001, 'grad_norm': 0.41436290740966797, 'train/tokens_per_sec': 1637.7653428366787, 'train/step_time': 10.003875141002936, 'train/mfu': 85.67, 'train/efficiency': 52.68, 'train/forward_time_percent': 16.83, 'train/backward_time_percent': 34.83, 'train/optimizer_time_percent': 1.02, 'train/overhead_time_percent': 47.32, 'epoch': 2.335664335664336}

{'loss': 0.94, 'learning_rate': 0.0001, 'grad_norm': 0.41356173157691956, 'train/tokens_per_sec': 1638.8959799097443, 'train/step_time': 9.996973695000634, 'train/mfu': 83.19, 'train/efficiency': 54.17, 'train/forward_time_percent': 17.36, 'train/backward_time_percent': 35.87, 'train/optimizer_time_percent': 0.94, 'train/overhead_time_percent': 45.83, 'epoch': 2.3403263403263406}{'loss': 0.94, 'learning_rate': 0.0001, 'grad_norm': 0.41356173157691956, 'train/tokens_per_sec': 1638.1319015305507, 'train/step_time': 10.00163661100305, 'train/mfu': 87.93, 'train/efficiency': 51.23, 'train/forward_time_percent': 16.14, 'train/backward_time_percent': 34.21, 'train/optimizer_time_percent': 0.89, 'train/overhead_time_percent': 48.77, 'epoch': 2.3403263403263406}

{'loss': 1.1587, 'learning_rate': 0.0001, 'grad_norm': 0.42145290970802307, 'train/tokens_per_sec': 1639.537755257993, 'train/step_time': 9.99306051199892, 'train/mfu': 84.16, 'train/efficiency': 53.53, 'train/forward_time_percent': 16.78, 'train/backward_time_percent': 35.87, 'train/optimizer_time_percent': 0.88, 'train/overhead_time_percent': 46.47, 'epoch': 2.344988344988345}{'loss': 1.1587, 'learning_rate': 0.0001, 'grad_norm': 0.42145290970802307, 'train/tokens_per_sec': 1639.192348535678, 'train/step_time': 9.995166225999128, 'train/mfu': 85.87, 'train/efficiency': 52.47, 'train/forward_time_percent': 17.38, 'train/backward_time_percent': 34.21, 'train/optimizer_time_percent': 0.88, 'train/overhead_time_percent': 47.53, 'epoch': 2.344988344988345}

{'loss': 1.2078, 'learning_rate': 0.0001, 'grad_norm': 0.43378710746765137, 'train/tokens_per_sec': 1639.4770158976692, 'train/step_time': 9.993430735001311, 'train/mfu': 85.8, 'train/efficiency': 52.53, 'train/forward_time_percent': 16.73, 'train/backward_time_percent': 34.91, 'train/optimizer_time_percent': 0.88, 'train/overhead_time_percent': 47.47, 'epoch': 2.3496503496503496}
{'loss': 1.2078, 'learning_rate': 0.0001, 'grad_norm': 0.43378710746765137, 'train/tokens_per_sec': 1640.1251888056252, 'train/step_time': 9.98948135899991, 'train/mfu': 83.96, 'train/efficiency': 53.77, 'train/forward_time_percent': 16.76, 'train/backward_time_percent': 36.03, 'train/optimizer_time_percent': 0.99, 'train/overhead_time_percent': 46.23, 'epoch': 2.3496503496503496}
{'loss': 1.2264, 'learning_rate': 0.0001, 'grad_norm': 0.4642704725265503, 'train/tokens_per_sec': 1640.3268445387407, 'train/step_time': 9.988253289000568, 'train/mfu': 85.7, 'train/efficiency': 52.64, 'train/forward_time_percent': 16.65, 'train/backward_time_percent': 35.07, 'train/optimizer_time_percent': 0.91, 'train/overhead_time_percent': 47.36, 'epoch': 2.3543123543123543}
{'loss': 1.2264, 'learning_rate': 0.0001, 'grad_norm': 0.4642704725265503, 'train/tokens_per_sec': 1640.8070932120272, 'train/step_time': 9.985329822000494, 'train/mfu': 85.22, 'train/efficiency': 53.08, 'train/forward_time_percent': 16.98, 'train/backward_time_percent': 35.05, 'train/optimizer_time_percent': 1.05, 'train/overhead_time_percent': 46.92, 'epoch': 2.3543123543123543}
{'loss': 1.0724, 'learning_rate': 0.0001, 'grad_norm': 0.4430716633796692, 'train/tokens_per_sec': 1637.9577053931948, 'train/step_time': 10.002700280998397, 'train/mfu': 85.68, 'train/efficiency': 52.66, 'train/forward_time_percent': 17.0, 'train/backward_time_percent': 34.66, 'train/optimizer_time_percent': 0.99, 'train/overhead_time_percent': 47.34, 'epoch': 2.358974358974359}{'loss': 1.0724, 'learning_rate': 0.0001, 'grad_norm': 0.4430716633796692, 'train/tokens_per_sec': 1638.4094303572567, 'train/step_time': 9.999942441998428, 'train/mfu': 85.16, 'train/efficiency': 52.87, 'train/forward_time_percent': 16.29, 'train/backward_time_percent': 35.71, 'train/optimizer_time_percent': 0.88, 'train/overhead_time_percent': 47.13, 'epoch': 2.358974358974359}

{'loss': 0.8967, 'learning_rate': 0.0001, 'grad_norm': 0.385919988155365, 'train/tokens_per_sec': 1639.1089619961645, 'train/step_time': 9.995674711000902, 'train/mfu': 84.78, 'train/efficiency': 53.27, 'train/forward_time_percent': 17.3, 'train/backward_time_percent': 34.95, 'train/optimizer_time_percent': 1.02, 'train/overhead_time_percent': 46.73, 'epoch': 2.3636363636363638}
{'loss': 0.8967, 'learning_rate': 0.0001, 'grad_norm': 0.385919988155365, 'train/tokens_per_sec': 1638.8394884047623, 'train/step_time': 9.997318295001605, 'train/mfu': 85.91, 'train/efficiency': 52.61, 'train/forward_time_percent': 16.87, 'train/backward_time_percent': 34.67, 'train/optimizer_time_percent': 1.06, 'train/overhead_time_percent': 47.39, 'epoch': 2.3636363636363638}
{'loss': 1.0513, 'learning_rate': 0.0001, 'grad_norm': 0.33264803886413574, 'train/tokens_per_sec': 1640.9650043776685, 'train/step_time': 9.984368926998286, 'train/mfu': 86.66, 'train/efficiency': 52.06, 'train/forward_time_percent': 17.39, 'train/backward_time_percent': 33.79, 'train/optimizer_time_percent': 0.88, 'train/overhead_time_percent': 47.94, 'epoch': 2.3682983682983685}{'loss': 1.0513, 'learning_rate': 0.0001, 'grad_norm': 0.33264803886413574, 'train/tokens_per_sec': 1640.7014125275045, 'train/step_time': 9.985972996000783, 'train/mfu': 86.66, 'train/efficiency': 52.21, 'train/forward_time_percent': 16.27, 'train/backward_time_percent': 34.89, 'train/optimizer_time_percent': 1.05, 'train/overhead_time_percent': 47.79, 'epoch': 2.3682983682983685}

{'loss': 1.0169, 'learning_rate': 0.0001, 'grad_norm': 0.4451770782470703, 'train/tokens_per_sec': 1639.705119190731, 'train/step_time': 9.99204052499772, 'train/mfu': 84.26, 'train/efficiency': 53.55, 'train/forward_time_percent': 17.15, 'train/backward_time_percent': 35.43, 'train/optimizer_time_percent': 0.97, 'train/overhead_time_percent': 46.45, 'epoch': 2.3729603729603728}
  step   510  loss   1.0169  |     5573.8 ms
{'loss': 1.0169, 'learning_rate': 0.0001, 'grad_norm': 0.4451770782470703, 'train/tokens_per_sec': 1639.1636238802498, 'train/step_time': 9.99534138099989, 'train/mfu': 85.78, 'train/efficiency': 52.65, 'train/forward_time_percent': 16.49, 'train/backward_time_percent': 35.15, 'train/optimizer_time_percent': 1.01, 'train/overhead_time_percent': 47.35, 'epoch': 2.3729603729603728}
{'loss': 0.972, 'learning_rate': 0.0001, 'grad_norm': 0.35659682750701904, 'train/tokens_per_sec': 1639.1758814466264, 'train/step_time': 9.995266637000896, 'train/mfu': 84.26, 'train/efficiency': 53.47, 'train/forward_time_percent': 16.37, 'train/backward_time_percent': 36.21, 'train/optimizer_time_percent': 0.9, 'train/overhead_time_percent': 46.53, 'epoch': 2.3776223776223775}
{'loss': 0.972, 'learning_rate': 0.0001, 'grad_norm': 0.35659682750701904, 'train/tokens_per_sec': 1638.4621565365835, 'train/step_time': 9.999620640999638, 'train/mfu': 86.22, 'train/efficiency': 52.24, 'train/forward_time_percent': 17.17, 'train/backward_time_percent': 34.19, 'train/optimizer_time_percent': 0.88, 'train/overhead_time_percent': 47.76, 'epoch': 2.3776223776223775}
{'loss': 0.9213, 'learning_rate': 0.0001, 'grad_norm': 0.31499212980270386, 'train/tokens_per_sec': 1635.8691497832492, 'train/step_time': 10.015470981998078, 'train/mfu': 84.66, 'train/efficiency': 53.11, 'train/forward_time_percent': 16.29, 'train/backward_time_percent': 35.93, 'train/optimizer_time_percent': 0.89, 'train/overhead_time_percent': 46.89, 'epoch': 2.382284382284382}
{'loss': 0.9213, 'learning_rate': 0.0001, 'grad_norm': 0.31499212980270386, 'train/tokens_per_sec': 1636.7736051758739, 'train/step_time': 10.009936590002326, 'train/mfu': 83.59, 'train/efficiency': 53.96, 'train/forward_time_percent': 16.63, 'train/backward_time_percent': 36.29, 'train/optimizer_time_percent': 1.04, 'train/overhead_time_percent': 46.04, 'epoch': 2.382284382284382}
{'loss': 1.0171, 'learning_rate': 0.0001, 'grad_norm': 0.3866582214832306, 'train/tokens_per_sec': 1637.8901426519674, 'train/step_time': 10.003112890997727, 'train/mfu': 86.54, 'train/efficiency': 52.17, 'train/forward_time_percent': 16.62, 'train/backward_time_percent': 34.52, 'train/optimizer_time_percent': 1.02, 'train/overhead_time_percent': 47.83, 'epoch': 2.386946386946387}
{'loss': 1.0171, 'learning_rate': 0.0001, 'grad_norm': 0.3866582214832306, 'train/tokens_per_sec': 1638.5796679661796, 'train/step_time': 9.99890351400245, 'train/mfu': 84.48, 'train/efficiency': 53.31, 'train/forward_time_percent': 17.4, 'train/backward_time_percent': 35.01, 'train/optimizer_time_percent': 0.9, 'train/overhead_time_percent': 46.69, 'epoch': 2.386946386946387}
{'loss': 1.0908, 'learning_rate': 0.0001, 'grad_norm': 0.3739403486251831, 'train/tokens_per_sec': 1637.833187862323, 'train/step_time': 10.003460743999312, 'train/mfu': 86.16, 'train/efficiency': 52.25, 'train/forward_time_percent': 16.58, 'train/backward_time_percent': 34.79, 'train/optimizer_time_percent': 0.88, 'train/overhead_time_percent': 47.75, 'epoch': 2.3916083916083917}
{'loss': 1.0908, 'learning_rate': 0.0001, 'grad_norm': 0.3739403486251831, 'train/tokens_per_sec': 1638.4708196244044, 'train/step_time': 9.999567769998976, 'train/mfu': 83.97, 'train/efficiency': 53.61, 'train/forward_time_percent': 16.94, 'train/backward_time_percent': 35.79, 'train/optimizer_time_percent': 0.88, 'train/overhead_time_percent': 46.39, 'epoch': 2.3916083916083917}
{'loss': 1.1492, 'learning_rate': 0.0001, 'grad_norm': 0.3743390738964081, 'train/tokens_per_sec': 1639.1500585110566, 'train/step_time': 9.995424101001845, 'train/mfu': 86.03, 'train/efficiency': 52.53, 'train/forward_time_percent': 17.6, 'train/backward_time_percent': 33.89, 'train/optimizer_time_percent': 1.04, 'train/overhead_time_percent': 47.47, 'epoch': 2.3962703962703964}{'loss': 1.1492, 'learning_rate': 0.0001, 'grad_norm': 0.3743390738964081, 'train/tokens_per_sec': 1638.9151179053606, 'train/step_time': 9.996856957997807, 'train/mfu': 86.51, 'train/efficiency': 52.21, 'train/forward_time_percent': 16.61, 'train/backward_time_percent': 34.59, 'train/optimizer_time_percent': 1.01, 'train/overhead_time_percent': 47.79, 'epoch': 2.3962703962703964}

{'loss': 1.1024, 'learning_rate': 0.0001, 'grad_norm': 0.3727235496044159, 'train/tokens_per_sec': 1637.0331771563717, 'train/step_time': 10.00834938999833, 'train/mfu': 84.46, 'train/efficiency': 53.37, 'train/forward_time_percent': 17.37, 'train/backward_time_percent': 35.01, 'train/optimizer_time_percent': 0.99, 'train/overhead_time_percent': 46.63, 'epoch': 2.400932400932401}
{'loss': 1.1024, 'learning_rate': 0.0001, 'grad_norm': 0.3727235496044159, 'train/tokens_per_sec': 1637.826776187631, 'train/step_time': 10.003499905000353, 'train/mfu': 83.74, 'train/efficiency': 53.88, 'train/forward_time_percent': 17.48, 'train/backward_time_percent': 35.37, 'train/optimizer_time_percent': 1.03, 'train/overhead_time_percent': 46.12, 'epoch': 2.400932400932401}
{'loss': 1.1088, 'learning_rate': 0.0001, 'grad_norm': 0.37899187207221985, 'train/tokens_per_sec': 1637.862119201198, 'train/step_time': 10.003284041998995, 'train/mfu': 83.12, 'train/efficiency': 54.28, 'train/forward_time_percent': 19.72, 'train/backward_time_percent': 33.53, 'train/optimizer_time_percent': 1.04, 'train/overhead_time_percent': 45.72, 'epoch': 2.4055944055944054}
{'loss': 1.1088, 'learning_rate': 0.0001, 'grad_norm': 0.37899187207221985, 'train/tokens_per_sec': 1638.8405970503904, 'train/step_time': 9.997311531999003, 'train/mfu': 81.73, 'train/efficiency': 55.06, 'train/forward_time_percent': 19.11, 'train/backward_time_percent': 35.08, 'train/optimizer_time_percent': 0.87, 'train/overhead_time_percent': 44.94, 'epoch': 2.4055944055944054}
{'loss': 1.2239, 'learning_rate': 0.0001, 'grad_norm': 0.38204753398895264, 'train/tokens_per_sec': 1635.3096262099307, 'train/step_time': 10.018897789999755, 'train/mfu': 85.5, 'train/efficiency': 52.73, 'train/forward_time_percent': 16.98, 'train/backward_time_percent': 34.7, 'train/optimizer_time_percent': 1.05, 'train/overhead_time_percent': 47.27, 'epoch': 2.41025641025641}
{'loss': 1.2239, 'learning_rate': 0.0001, 'grad_norm': 0.38204753398895264, 'train/tokens_per_sec': 1635.6220831700123, 'train/step_time': 10.016983855002763, 'train/mfu': 84.95, 'train/efficiency': 52.94, 'train/forward_time_percent': 17.22, 'train/backward_time_percent': 34.82, 'train/optimizer_time_percent': 0.91, 'train/overhead_time_percent': 47.06, 'epoch': 2.41025641025641}
{'loss': 1.0239, 'learning_rate': 0.0001, 'grad_norm': 0.4422437846660614, 'train/tokens_per_sec': 1639.5654933291144, 'train/step_time': 9.992891449997842, 'train/mfu': 83.36, 'train/efficiency': 54.19, 'train/forward_time_percent': 17.3, 'train/backward_time_percent': 35.85, 'train/optimizer_time_percent': 1.04, 'train/overhead_time_percent': 45.81, 'epoch': 2.414918414918415}{'loss': 1.0239, 'learning_rate': 0.0001, 'grad_norm': 0.4422437846660614, 'train/tokens_per_sec': 1639.0400717005452, 'train/step_time': 9.996094837999408, 'train/mfu': 87.06, 'train/efficiency': 51.81, 'train/forward_time_percent': 16.79, 'train/backward_time_percent': 34.09, 'train/optimizer_time_percent': 0.93, 'train/overhead_time_percent': 48.19, 'epoch': 2.414918414918415}

  step   520  loss   1.1487  |     5691.3 ms
{'loss': 1.1487, 'learning_rate': 0.0001, 'grad_norm': 0.3634743392467499, 'train/tokens_per_sec': 1637.9672195772787, 'train/step_time': 10.002642179999384, 'train/mfu': 84.07, 'train/efficiency': 53.68, 'train/forward_time_percent': 16.66, 'train/backward_time_percent': 35.99, 'train/optimizer_time_percent': 1.03, 'train/overhead_time_percent': 46.32, 'epoch': 2.4195804195804196}
{'loss': 1.1487, 'learning_rate': 0.0001, 'grad_norm': 0.3634743392467499, 'train/tokens_per_sec': 1638.455600171366, 'train/step_time': 9.999660655001207, 'train/mfu': 84.13, 'train/efficiency': 53.7, 'train/forward_time_percent': 17.08, 'train/backward_time_percent': 35.56, 'train/optimizer_time_percent': 1.06, 'train/overhead_time_percent': 46.3, 'epoch': 2.4195804195804196}
{'loss': 1.2367, 'learning_rate': 0.0001, 'grad_norm': 0.3400740325450897, 'train/tokens_per_sec': 1637.9896943922586, 'train/step_time': 10.002504934000171, 'train/mfu': 84.5, 'train/efficiency': 53.45, 'train/forward_time_percent': 17.24, 'train/backward_time_percent': 35.14, 'train/optimizer_time_percent': 1.06, 'train/overhead_time_percent': 46.55, 'epoch': 2.4242424242424243}
{'loss': 1.2367, 'learning_rate': 0.0001, 'grad_norm': 0.3400740325450897, 'train/tokens_per_sec': 1637.9346648911476, 'train/step_time': 10.002840986999217, 'train/mfu': 84.63, 'train/efficiency': 53.26, 'train/forward_time_percent': 16.17, 'train/backward_time_percent': 36.13, 'train/optimizer_time_percent': 0.96, 'train/overhead_time_percent': 46.74, 'epoch': 2.4242424242424243}
{'loss': 1.0037, 'learning_rate': 0.0001, 'grad_norm': 0.35410642623901367, 'train/tokens_per_sec': 1640.883575745298, 'train/step_time': 9.984864399997605, 'train/mfu': 83.16, 'train/efficiency': 54.2, 'train/forward_time_percent': 16.46, 'train/backward_time_percent': 36.86, 'train/optimizer_time_percent': 0.88, 'train/overhead_time_percent': 45.8, 'epoch': 2.428904428904429}{'loss': 1.0037, 'learning_rate': 0.0001, 'grad_norm': 0.35410642623901367, 'train/tokens_per_sec': 1640.1461801543442, 'train/step_time': 9.989353509001376, 'train/mfu': 85.49, 'train/efficiency': 52.87, 'train/forward_time_percent': 16.54, 'train/backward_time_percent': 35.3, 'train/optimizer_time_percent': 1.03, 'train/overhead_time_percent': 47.13, 'epoch': 2.428904428904429}

{'loss': 1.1755, 'learning_rate': 0.0001, 'grad_norm': 0.42421507835388184, 'train/tokens_per_sec': 1637.7497777990873, 'train/step_time': 10.003970216999733, 'train/mfu': 85.22, 'train/efficiency': 52.89, 'train/forward_time_percent': 16.59, 'train/backward_time_percent': 35.35, 'train/optimizer_time_percent': 0.95, 'train/overhead_time_percent': 47.11, 'epoch': 2.4335664335664333}{'loss': 1.1755, 'learning_rate': 0.0001, 'grad_norm': 0.42421507835388184, 'train/tokens_per_sec': 1637.1600577016145, 'train/step_time': 10.00757373900342, 'train/mfu': 85.72, 'train/efficiency': 52.68, 'train/forward_time_percent': 16.88, 'train/backward_time_percent': 34.73, 'train/optimizer_time_percent': 1.07, 'train/overhead_time_percent': 47.32, 'epoch': 2.4335664335664333}

{'loss': 1.117, 'learning_rate': 0.0001, 'grad_norm': 0.3558407127857208, 'train/tokens_per_sec': 1638.5437763177702, 'train/step_time': 9.99912253599905, 'train/mfu': 82.98, 'train/efficiency': 54.4, 'train/forward_time_percent': 17.58, 'train/backward_time_percent': 35.78, 'train/optimizer_time_percent': 1.03, 'train/overhead_time_percent': 45.6, 'epoch': 2.438228438228438}
{'loss': 1.117, 'learning_rate': 0.0001, 'grad_norm': 0.3558407127857208, 'train/tokens_per_sec': 1637.8305205950883, 'train/step_time': 10.003477035003016, 'train/mfu': 89.18, 'train/efficiency': 50.66, 'train/forward_time_percent': 16.61, 'train/backward_time_percent': 33.02, 'train/optimizer_time_percent': 1.03, 'train/overhead_time_percent': 49.34, 'epoch': 2.438228438228438}
{'loss': 0.9823, 'learning_rate': 0.0001, 'grad_norm': 0.3310173749923706, 'train/tokens_per_sec': 1640.5183143518057, 'train/step_time': 9.98708753000028, 'train/mfu': 83.74, 'train/efficiency': 53.82, 'train/forward_time_percent': 17.54, 'train/backward_time_percent': 35.4, 'train/optimizer_time_percent': 0.88, 'train/overhead_time_percent': 46.18, 'epoch': 2.4428904428904428}
{'loss': 0.9823, 'learning_rate': 0.0001, 'grad_norm': 0.3310173749923706, 'train/tokens_per_sec': 1639.395267850574, 'train/step_time': 9.993929054999171, 'train/mfu': 89.56, 'train/efficiency': 50.41, 'train/forward_time_percent': 16.36, 'train/backward_time_percent': 33.11, 'train/optimizer_time_percent': 0.94, 'train/overhead_time_percent': 49.59, 'epoch': 2.4428904428904428}
{'loss': 1.0694, 'learning_rate': 0.0001, 'grad_norm': 0.35085994005203247, 'train/tokens_per_sec': 1636.3453180922297, 'train/step_time': 10.012556530000438, 'train/mfu': 86.36, 'train/efficiency': 52.08, 'train/forward_time_percent': 16.08, 'train/backward_time_percent': 35.13, 'train/optimizer_time_percent': 0.88, 'train/overhead_time_percent': 47.92, 'epoch': 2.4475524475524475}
{'loss': 1.0694, 'learning_rate': 0.0001, 'grad_norm': 0.35085994005203247, 'train/tokens_per_sec': 1637.0826049218435, 'train/step_time': 10.008047211998928, 'train/mfu': 84.53, 'train/efficiency': 53.21, 'train/forward_time_percent': 16.76, 'train/backward_time_percent': 35.58, 'train/optimizer_time_percent': 0.87, 'train/overhead_time_percent': 46.79, 'epoch': 2.4475524475524475}
{'loss': 1.1298, 'learning_rate': 0.0001, 'grad_norm': 0.4118877649307251, 'train/tokens_per_sec': 1637.1481312701987, 'train/step_time': 10.007646643000044, 'train/mfu': 83.17, 'train/efficiency': 54.2, 'train/forward_time_percent': 17.49, 'train/backward_time_percent': 35.7, 'train/optimizer_time_percent': 1.0, 'train/overhead_time_percent': 45.8, 'epoch': 2.4522144522144522}
{'loss': 1.1298, 'learning_rate': 0.0001, 'grad_norm': 0.4118877649307251, 'train/tokens_per_sec': 1636.9943178899673, 'train/step_time': 10.008586970001488, 'train/mfu': 84.31, 'train/efficiency': 53.37, 'train/forward_time_percent': 16.67, 'train/backward_time_percent': 35.8, 'train/optimizer_time_percent': 0.9, 'train/overhead_time_percent': 46.63, 'epoch': 2.4522144522144522}
{'loss': 1.018, 'learning_rate': 0.0001, 'grad_norm': 0.3966430127620697, 'train/tokens_per_sec': 1639.252039442136, 'train/step_time': 9.994802266999613, 'train/mfu': 84.22, 'train/efficiency': 53.57, 'train/forward_time_percent': 16.24, 'train/backward_time_percent': 36.36, 'train/optimizer_time_percent': 0.97, 'train/overhead_time_percent': 46.43, 'epoch': 2.456876456876457}
{'loss': 1.018, 'learning_rate': 0.0001, 'grad_norm': 0.3966430127620697, 'train/tokens_per_sec': 1638.913725701764, 'train/step_time': 9.996865450000769, 'train/mfu': 86.77, 'train/efficiency': 52.08, 'train/forward_time_percent': 16.56, 'train/backward_time_percent': 34.49, 'train/optimizer_time_percent': 1.04, 'train/overhead_time_percent': 47.92, 'epoch': 2.456876456876457}
{'loss': 1.1496, 'learning_rate': 0.0001, 'grad_norm': 0.35378533601760864, 'train/tokens_per_sec': 1638.2539242697846, 'train/step_time': 10.000891654999577, 'train/mfu': 83.42, 'train/efficiency': 53.95, 'train/forward_time_percent': 17.18, 'train/backward_time_percent': 35.89, 'train/optimizer_time_percent': 0.88, 'train/overhead_time_percent': 46.05, 'epoch': 2.4615384615384617}{'loss': 1.1496, 'learning_rate': 0.0001, 'grad_norm': 0.35378533601760864, 'train/tokens_per_sec': 1637.487998930343, 'train/step_time': 10.0055695129995, 'train/mfu': 85.93, 'train/efficiency': 52.37, 'train/forward_time_percent': 16.44, 'train/backward_time_percent': 35.06, 'train/optimizer_time_percent': 0.87, 'train/overhead_time_percent': 47.63, 'epoch': 2.4615384615384617}

{'loss': 1.0394, 'learning_rate': 0.0001, 'grad_norm': 0.38729530572891235, 'train/tokens_per_sec': 1639.4826041388378, 'train/step_time': 9.993396671998198, 'train/mfu': 82.57, 'train/efficiency': 54.54, 'train/forward_time_percent': 17.19, 'train/backward_time_percent': 36.47, 'train/optimizer_time_percent': 0.88, 'train/overhead_time_percent': 45.46, 'epoch': 2.4662004662004664}
  step   530  loss   1.0394  |     5497.3 ms
{'loss': 1.0394, 'learning_rate': 0.0001, 'grad_norm': 0.38729530572891235, 'train/tokens_per_sec': 1638.6266641804057, 'train/step_time': 9.99861674299973, 'train/mfu': 86.73, 'train/efficiency': 51.93, 'train/forward_time_percent': 16.45, 'train/backward_time_percent': 34.6, 'train/optimizer_time_percent': 0.87, 'train/overhead_time_percent': 48.07, 'epoch': 2.4662004662004664}
{'loss': 1.0814, 'learning_rate': 0.0001, 'grad_norm': 0.3417458236217499, 'train/tokens_per_sec': 1637.1553971403982, 'train/step_time': 10.007602227997268, 'train/mfu': 84.91, 'train/efficiency': 53.0, 'train/forward_time_percent': 17.13, 'train/backward_time_percent': 34.97, 'train/optimizer_time_percent': 0.9, 'train/overhead_time_percent': 47.0, 'epoch': 2.4708624708624707}
{'loss': 1.0814, 'learning_rate': 0.0001, 'grad_norm': 0.3417458236217499, 'train/tokens_per_sec': 1637.4176728574125, 'train/step_time': 10.00599924600101, 'train/mfu': 85.18, 'train/efficiency': 53.02, 'train/forward_time_percent': 16.75, 'train/backward_time_percent': 35.2, 'train/optimizer_time_percent': 1.07, 'train/overhead_time_percent': 46.98, 'epoch': 2.4708624708624707}
{'loss': 1.0476, 'learning_rate': 0.0001, 'grad_norm': 0.35304275155067444, 'train/tokens_per_sec': 1638.3337708489616, 'train/step_time': 10.000404246999096, 'train/mfu': 86.11, 'train/efficiency': 52.47, 'train/forward_time_percent': 16.92, 'train/backward_time_percent': 34.5, 'train/optimizer_time_percent': 1.05, 'train/overhead_time_percent': 47.53, 'epoch': 2.4755244755244754}
{'loss': 1.0476, 'learning_rate': 0.0001, 'grad_norm': 0.35304275155067444, 'train/tokens_per_sec': 1638.390142298047, 'train/step_time': 10.000060166999901, 'train/mfu': 85.58, 'train/efficiency': 52.62, 'train/forward_time_percent': 16.43, 'train/backward_time_percent': 35.31, 'train/optimizer_time_percent': 0.88, 'train/overhead_time_percent': 47.38, 'epoch': 2.4755244755244754}
{'loss': 1.0287, 'learning_rate': 0.0001, 'grad_norm': 0.41675707697868347, 'train/tokens_per_sec': 1636.897374207326, 'train/step_time': 10.009179718999803, 'train/mfu': 85.86, 'train/efficiency': 52.4, 'train/forward_time_percent': 16.52, 'train/backward_time_percent': 35.0, 'train/optimizer_time_percent': 0.88, 'train/overhead_time_percent': 47.6, 'epoch': 2.48018648018648}
{'loss': 1.0287, 'learning_rate': 0.0001, 'grad_norm': 0.41675707697868347, 'train/tokens_per_sec': 1638.0391781350393, 'train/step_time': 10.002202767002018, 'train/mfu': 84.32, 'train/efficiency': 53.44, 'train/forward_time_percent': 16.83, 'train/backward_time_percent': 35.67, 'train/optimizer_time_percent': 0.94, 'train/overhead_time_percent': 46.56, 'epoch': 2.48018648018648}
{'loss': 1.1081, 'learning_rate': 0.0001, 'grad_norm': 0.4629908800125122, 'train/tokens_per_sec': 1639.0897243666584, 'train/step_time': 9.995792027999414, 'train/mfu': 84.08, 'train/efficiency': 53.55, 'train/forward_time_percent': 16.93, 'train/backward_time_percent': 35.75, 'train/optimizer_time_percent': 0.87, 'train/overhead_time_percent': 46.45, 'epoch': 2.484848484848485}
{'loss': 1.1081, 'learning_rate': 0.0001, 'grad_norm': 0.4629908800125122, 'train/tokens_per_sec': 1638.2730831484523, 'train/step_time': 10.000774698997702, 'train/mfu': 85.51, 'train/efficiency': 52.72, 'train/forward_time_percent': 15.95, 'train/backward_time_percent': 35.83, 'train/optimizer_time_percent': 0.94, 'train/overhead_time_percent': 47.28, 'epoch': 2.484848484848485}
{'loss': 1.0338, 'learning_rate': 0.0001, 'grad_norm': 0.40586984157562256, 'train/tokens_per_sec': 1636.311080855991, 'train/step_time': 10.012766027000907, 'train/mfu': 85.34, 'train/efficiency': 52.87, 'train/forward_time_percent': 16.68, 'train/backward_time_percent': 35.14, 'train/optimizer_time_percent': 1.06, 'train/overhead_time_percent': 47.13, 'epoch': 2.4895104895104896}
{'loss': 1.0338, 'learning_rate': 0.0001, 'grad_norm': 0.40586984157562256, 'train/tokens_per_sec': 1636.0711533312726, 'train/step_time': 10.014234385002055, 'train/mfu': 84.96, 'train/efficiency': 53.08, 'train/forward_time_percent': 17.16, 'train/backward_time_percent': 34.87, 'train/optimizer_time_percent': 1.05, 'train/overhead_time_percent': 46.92, 'epoch': 2.4895104895104896}
{'loss': 1.1372, 'learning_rate': 0.0001, 'grad_norm': 0.3923376798629761, 'train/tokens_per_sec': 1639.709472476341, 'train/step_time': 9.992013997001777, 'train/mfu': 82.47, 'train/efficiency': 54.76, 'train/forward_time_percent': 17.08, 'train/backward_time_percent': 36.65, 'train/optimizer_time_percent': 1.03, 'train/overhead_time_percent': 45.24, 'epoch': 2.4941724941724943}{'loss': 1.1372, 'learning_rate': 0.0001, 'grad_norm': 0.3923376798629761, 'train/tokens_per_sec': 1638.687519031974, 'train/step_time': 9.998245431001124, 'train/mfu': 88.58, 'train/efficiency': 51.01, 'train/forward_time_percent': 16.44, 'train/backward_time_percent': 33.55, 'train/optimizer_time_percent': 1.02, 'train/overhead_time_percent': 48.99, 'epoch': 2.4941724941724943}

{'loss': 1.0889, 'learning_rate': 0.0001, 'grad_norm': 0.3955046534538269, 'train/tokens_per_sec': 1637.869611631982, 'train/step_time': 10.003238281999074, 'train/mfu': 86.52, 'train/efficiency': 52.18, 'train/forward_time_percent': 17.11, 'train/backward_time_percent': 34.05, 'train/optimizer_time_percent': 1.03, 'train/overhead_time_percent': 47.82, 'epoch': 2.4988344988344986}
{'loss': 1.0889, 'learning_rate': 0.0001, 'grad_norm': 0.3955046534538269, 'train/tokens_per_sec': 1638.4867023261195, 'train/step_time': 9.999470839000423, 'train/mfu': 84.48, 'train/efficiency': 53.46, 'train/forward_time_percent': 16.48, 'train/backward_time_percent': 35.93, 'train/optimizer_time_percent': 1.04, 'train/overhead_time_percent': 46.54, 'epoch': 2.4988344988344986}
{'loss': 1.2608, 'learning_rate': 0.0001, 'grad_norm': 0.4237860441207886, 'train/tokens_per_sec': 1641.2038341071932, 'train/step_time': 9.982915991000482, 'train/mfu': 85.22, 'train/efficiency': 52.93, 'train/forward_time_percent': 16.78, 'train/backward_time_percent': 35.26, 'train/optimizer_time_percent': 0.89, 'train/overhead_time_percent': 47.07, 'epoch': 2.5034965034965033}
{'loss': 1.2608, 'learning_rate': 0.0001, 'grad_norm': 0.4237860441207886, 'train/tokens_per_sec': 1641.167134980356, 'train/step_time': 9.983139224998013, 'train/mfu': 85.32, 'train/efficiency': 52.94, 'train/forward_time_percent': 16.69, 'train/backward_time_percent': 35.29, 'train/optimizer_time_percent': 0.96, 'train/overhead_time_percent': 47.06, 'epoch': 2.5034965034965033}
{'loss': 1.0477, 'learning_rate': 0.0001, 'grad_norm': 0.40634873509407043, 'train/tokens_per_sec': 1637.2443877235053, 'train/step_time': 10.007058275998133, 'train/mfu': 86.65, 'train/efficiency': 52.01, 'train/forward_time_percent': 16.47, 'train/backward_time_percent': 34.59, 'train/optimizer_time_percent': 0.95, 'train/overhead_time_percent': 47.99, 'epoch': 2.508158508158508}
{'loss': 1.0477, 'learning_rate': 0.0001, 'grad_norm': 0.40634873509407043, 'train/tokens_per_sec': 1637.9259501613426, 'train/step_time': 10.002894207998906, 'train/mfu': 84.42, 'train/efficiency': 53.32, 'train/forward_time_percent': 17.1, 'train/backward_time_percent': 35.34, 'train/optimizer_time_percent': 0.89, 'train/overhead_time_percent': 46.68, 'epoch': 2.508158508158508}
  step   540  loss   0.8365  |     5495.6 ms
{'loss': 0.8365, 'learning_rate': 0.0001, 'grad_norm': 0.4603630304336548, 'train/tokens_per_sec': 1637.8784084486067, 'train/step_time': 10.003184556000633, 'train/mfu': 86.88, 'train/efficiency': 51.92, 'train/forward_time_percent': 16.6, 'train/backward_time_percent': 34.34, 'train/optimizer_time_percent': 0.97, 'train/overhead_time_percent': 48.08, 'epoch': 2.5128205128205128}
{'loss': 0.8365, 'learning_rate': 0.0001, 'grad_norm': 0.4603630304336548, 'train/tokens_per_sec': 1638.2712987177902, 'train/step_time': 10.000785591997555, 'train/mfu': 85.2, 'train/efficiency': 53.0, 'train/forward_time_percent': 16.44, 'train/backward_time_percent': 35.52, 'train/optimizer_time_percent': 1.04, 'train/overhead_time_percent': 47.0, 'epoch': 2.5128205128205128}
{'loss': 1.403, 'learning_rate': 0.0001, 'grad_norm': 0.33949851989746094, 'train/tokens_per_sec': 1640.3679270936007, 'train/step_time': 9.988003135997133, 'train/mfu': 86.12, 'train/efficiency': 52.35, 'train/forward_time_percent': 16.99, 'train/backward_time_percent': 34.49, 'train/optimizer_time_percent': 0.87, 'train/overhead_time_percent': 47.65, 'epoch': 2.5174825174825175}
{'loss': 1.403, 'learning_rate': 0.0001, 'grad_norm': 0.33949851989746094, 'train/tokens_per_sec': 1641.5051334874865, 'train/step_time': 9.9810836200013, 'train/mfu': 83.82, 'train/efficiency': 53.8, 'train/forward_time_percent': 17.21, 'train/backward_time_percent': 35.71, 'train/optimizer_time_percent': 0.88, 'train/overhead_time_percent': 46.2, 'epoch': 2.5174825174825175}
{'loss': 0.9086, 'learning_rate': 0.0001, 'grad_norm': 0.35419726371765137, 'train/tokens_per_sec': 1640.1187801892008, 'train/step_time': 9.989520391998667, 'train/mfu': 85.95, 'train/efficiency': 52.61, 'train/forward_time_percent': 17.0, 'train/backward_time_percent': 34.57, 'train/optimizer_time_percent': 1.04, 'train/overhead_time_percent': 47.39, 'epoch': 2.5221445221445222}
{'loss': 0.9086, 'learning_rate': 0.0001, 'grad_norm': 0.35419726371765137, 'train/tokens_per_sec': 1640.729884673869, 'train/step_time': 9.985799705998943, 'train/mfu': 83.26, 'train/efficiency': 54.14, 'train/forward_time_percent': 17.21, 'train/backward_time_percent': 36.04, 'train/optimizer_time_percent': 0.88, 'train/overhead_time_percent': 45.86, 'epoch': 2.5221445221445222}
{'loss': 0.924, 'learning_rate': 0.0001, 'grad_norm': 0.360909640789032, 'train/tokens_per_sec': 1638.0481018933613, 'train/step_time': 10.002148277002561, 'train/mfu': 85.06, 'train/efficiency': 53.0, 'train/forward_time_percent': 16.48, 'train/backward_time_percent': 35.56, 'train/optimizer_time_percent': 0.96, 'train/overhead_time_percent': 47.0, 'epoch': 2.526806526806527}
{'loss': 0.924, 'learning_rate': 0.0001, 'grad_norm': 0.360909640789032, 'train/tokens_per_sec': 1637.7782998487858, 'train/step_time': 10.003795996999543, 'train/mfu': 84.58, 'train/efficiency': 53.38, 'train/forward_time_percent': 16.63, 'train/backward_time_percent': 35.7, 'train/optimizer_time_percent': 1.05, 'train/overhead_time_percent': 46.62, 'epoch': 2.526806526806527}
{'loss': 1.2476, 'learning_rate': 0.0001, 'grad_norm': 0.3780621588230133, 'train/tokens_per_sec': 1637.1558277120937, 'train/step_time': 10.007599595999636, 'train/mfu': 84.45, 'train/efficiency': 53.43, 'train/forward_time_percent': 16.82, 'train/backward_time_percent': 35.56, 'train/optimizer_time_percent': 1.04, 'train/overhead_time_percent': 46.57, 'epoch': 2.5314685314685317}
{'loss': 1.2476, 'learning_rate': 0.0001, 'grad_norm': 0.3780621588230133, 'train/tokens_per_sec': 1637.6582795089607, 'train/step_time': 10.004529153000476, 'train/mfu': 84.01, 'train/efficiency': 53.63, 'train/forward_time_percent': 17.16, 'train/backward_time_percent': 35.52, 'train/optimizer_time_percent': 0.95, 'train/overhead_time_percent': 46.37, 'epoch': 2.5314685314685317}
{'loss': 1.0773, 'learning_rate': 0.0001, 'grad_norm': 0.35639289021492004, 'train/tokens_per_sec': 1639.8010653796011, 'train/step_time': 9.991455882001901, 'train/mfu': 85.57, 'train/efficiency': 52.78, 'train/forward_time_percent': 16.84, 'train/backward_time_percent': 34.95, 'train/optimizer_time_percent': 0.99, 'train/overhead_time_percent': 47.22, 'epoch': 2.5361305361305364}
{'loss': 1.0773, 'learning_rate': 0.0001, 'grad_norm': 0.35639289021492004, 'train/tokens_per_sec': 1640.0067218014033, 'train/step_time': 9.990202955999848, 'train/mfu': 84.46, 'train/efficiency': 53.44, 'train/forward_time_percent': 17.27, 'train/backward_time_percent': 35.2, 'train/optimizer_time_percent': 0.97, 'train/overhead_time_percent': 46.56, 'epoch': 2.5361305361305364}
{'loss': 1.005, 'learning_rate': 0.0001, 'grad_norm': 0.3416106104850769, 'train/tokens_per_sec': 1637.195728592557, 'train/step_time': 10.007355696001468, 'train/mfu': 86.73, 'train/efficiency': 51.88, 'train/forward_time_percent': 16.83, 'train/backward_time_percent': 34.19, 'train/optimizer_time_percent': 0.87, 'train/overhead_time_percent': 48.12, 'epoch': 2.5407925407925407}
{'loss': 1.005, 'learning_rate': 0.0001, 'grad_norm': 0.3416106104850769, 'train/tokens_per_sec': 1638.0366272912458, 'train/step_time': 10.002218343001005, 'train/mfu': 82.8, 'train/efficiency': 54.45, 'train/forward_time_percent': 16.87, 'train/backward_time_percent': 36.59, 'train/optimizer_time_percent': 0.99, 'train/overhead_time_percent': 45.55, 'epoch': 2.5407925407925407}
{'loss': 0.8821, 'learning_rate': 0.0001, 'grad_norm': 0.36868342757225037, 'train/tokens_per_sec': 1637.9589350044084, 'train/step_time': 10.002692771999136, 'train/mfu': 88.19, 'train/efficiency': 51.13, 'train/forward_time_percent': 16.24, 'train/backward_time_percent': 33.95, 'train/optimizer_time_percent': 0.94, 'train/overhead_time_percent': 48.87, 'epoch': 2.5454545454545454}
{'loss': 0.8821, 'learning_rate': 0.0001, 'grad_norm': 0.36868342757225037, 'train/tokens_per_sec': 1638.6084463978043, 'train/step_time': 9.99872790599693, 'train/mfu': 82.54, 'train/efficiency': 54.53, 'train/forward_time_percent': 16.81, 'train/backward_time_percent': 36.84, 'train/optimizer_time_percent': 0.87, 'train/overhead_time_percent': 45.47, 'epoch': 2.5454545454545454}
{'loss': 1.1093, 'learning_rate': 0.0001, 'grad_norm': 0.3733479976654053, 'train/tokens_per_sec': 1637.6189319186933, 'train/step_time': 10.004769535000378, 'train/mfu': 83.73, 'train/efficiency': 53.78, 'train/forward_time_percent': 17.15, 'train/backward_time_percent': 35.7, 'train/optimizer_time_percent': 0.93, 'train/overhead_time_percent': 46.22, 'epoch': 2.55011655011655}
{'loss': 1.1093, 'learning_rate': 0.0001, 'grad_norm': 0.3733479976654053, 'train/tokens_per_sec': 1637.438945819289, 'train/step_time': 10.005869251999684, 'train/mfu': 86.31, 'train/efficiency': 52.15, 'train/forward_time_percent': 16.44, 'train/backward_time_percent': 34.83, 'train/optimizer_time_percent': 0.88, 'train/overhead_time_percent': 47.85, 'epoch': 2.55011655011655}
{'loss': 1.4242, 'learning_rate': 0.0001, 'grad_norm': 0.3856503665447235, 'train/tokens_per_sec': 1636.4676591519087, 'train/step_time': 10.011807998998847, 'train/mfu': 88.25, 'train/efficiency': 51.07, 'train/forward_time_percent': 16.67, 'train/backward_time_percent': 33.44, 'train/optimizer_time_percent': 0.95, 'train/overhead_time_percent': 48.93, 'epoch': 2.554778554778555}
{'loss': 1.4242, 'learning_rate': 0.0001, 'grad_norm': 0.3856503665447235, 'train/tokens_per_sec': 1637.328055566408, 'train/step_time': 10.00654691300224, 'train/mfu': 84.17, 'train/efficiency': 53.51, 'train/forward_time_percent': 16.28, 'train/backward_time_percent': 36.29, 'train/optimizer_time_percent': 0.94, 'train/overhead_time_percent': 46.49, 'epoch': 2.554778554778555}
  step   550  loss   0.9405  |     5584.8 ms
{'loss': 0.9405, 'learning_rate': 0.0001, 'grad_norm': 0.36051565408706665, 'train/tokens_per_sec': 1638.0771587443032, 'train/step_time': 10.001970854998945, 'train/mfu': 85.57, 'train/efficiency': 52.79, 'train/forward_time_percent': 16.74, 'train/backward_time_percent': 35.0, 'train/optimizer_time_percent': 1.06, 'train/overhead_time_percent': 47.21, 'epoch': 2.5594405594405596}
{'loss': 0.9405, 'learning_rate': 0.0001, 'grad_norm': 0.36051565408706665, 'train/tokens_per_sec': 1638.4326480641698, 'train/step_time': 9.999800736000907, 'train/mfu': 85.91, 'train/efficiency': 52.59, 'train/forward_time_percent': 16.79, 'train/backward_time_percent': 34.75, 'train/optimizer_time_percent': 1.06, 'train/overhead_time_percent': 47.41, 'epoch': 2.5594405594405596}
{'loss': 1.1032, 'learning_rate': 0.0001, 'grad_norm': 0.3893618881702423, 'train/tokens_per_sec': 1638.1486750662846, 'train/step_time': 10.00153420100105, 'train/mfu': 83.91, 'train/efficiency': 53.8, 'train/forward_time_percent': 17.01, 'train/backward_time_percent': 35.75, 'train/optimizer_time_percent': 1.04, 'train/overhead_time_percent': 46.2, 'epoch': 2.564102564102564}{'loss': 1.1032, 'learning_rate': 0.0001, 'grad_norm': 0.3893618881702423, 'train/tokens_per_sec': 1636.7514106210892, 'train/step_time': 10.010072326000227, 'train/mfu': 85.81, 'train/efficiency': 52.43, 'train/forward_time_percent': 16.91, 'train/backward_time_percent': 34.63, 'train/optimizer_time_percent': 0.89, 'train/overhead_time_percent': 47.57, 'epoch': 2.564102564102564}

{'loss': 1.1348, 'learning_rate': 0.0001, 'grad_norm': 0.3185504972934723, 'train/tokens_per_sec': 1636.7718676689572, 'train/step_time': 10.009947216, 'train/mfu': 87.24, 'train/efficiency': 51.73, 'train/forward_time_percent': 16.6, 'train/backward_time_percent': 34.11, 'train/optimizer_time_percent': 1.03, 'train/overhead_time_percent': 48.27, 'epoch': 2.5687645687645686}
{'loss': 1.1348, 'learning_rate': 0.0001, 'grad_norm': 0.3185504972934723, 'train/tokens_per_sec': 1637.7337725219513, 'train/step_time': 10.004067983998539, 'train/mfu': 83.66, 'train/efficiency': 53.94, 'train/forward_time_percent': 17.34, 'train/backward_time_percent': 35.56, 'train/optimizer_time_percent': 1.04, 'train/overhead_time_percent': 46.06, 'epoch': 2.5687645687645686}
{'loss': 1.0689, 'learning_rate': 0.0001, 'grad_norm': 0.3838861584663391, 'train/tokens_per_sec': 1639.614887243493, 'train/step_time': 9.992590410998673, 'train/mfu': 85.42, 'train/efficiency': 52.84, 'train/forward_time_percent': 16.8, 'train/backward_time_percent': 35.07, 'train/optimizer_time_percent': 0.97, 'train/overhead_time_percent': 47.16, 'epoch': 2.5734265734265733}
{'loss': 1.0689, 'learning_rate': 0.0001, 'grad_norm': 0.3838861584663391, 'train/tokens_per_sec': 1639.3626047052505, 'train/step_time': 9.994128176997037, 'train/mfu': 86.02, 'train/efficiency': 52.58, 'train/forward_time_percent': 17.18, 'train/backward_time_percent': 34.32, 'train/optimizer_time_percent': 1.08, 'train/overhead_time_percent': 47.42, 'epoch': 2.5734265734265733}
{'loss': 0.9966, 'learning_rate': 0.0001, 'grad_norm': 0.4085703492164612, 'train/tokens_per_sec': 1640.7610337978633, 'train/step_time': 9.985610129999259, 'train/mfu': 83.31, 'train/efficiency': 54.08, 'train/forward_time_percent': 16.83, 'train/backward_time_percent': 36.39, 'train/optimizer_time_percent': 0.86, 'train/overhead_time_percent': 45.92, 'epoch': 2.578088578088578}
{'loss': 0.9966, 'learning_rate': 0.0001, 'grad_norm': 0.4085703492164612, 'train/tokens_per_sec': 1639.8702489576403, 'train/step_time': 9.991034358001343, 'train/mfu': 85.88, 'train/efficiency': 52.64, 'train/forward_time_percent': 17.1, 'train/backward_time_percent': 34.5, 'train/optimizer_time_percent': 1.04, 'train/overhead_time_percent': 47.36, 'epoch': 2.578088578088578}
{'loss': 0.9751, 'learning_rate': 0.0001, 'grad_norm': 0.3526489734649658, 'train/tokens_per_sec': 1639.1451273456018, 'train/step_time': 9.995454170999437, 'train/mfu': 83.9, 'train/efficiency': 53.68, 'train/forward_time_percent': 17.02, 'train/backward_time_percent': 35.78, 'train/optimizer_time_percent': 0.88, 'train/overhead_time_percent': 46.32, 'epoch': 2.582750582750583}
{'loss': 0.9751, 'learning_rate': 0.0001, 'grad_norm': 0.3526489734649658, 'train/tokens_per_sec': 1638.2378829284755, 'train/step_time': 10.000989581996691, 'train/mfu': 87.28, 'train/efficiency': 51.74, 'train/forward_time_percent': 16.29, 'train/backward_time_percent': 34.44, 'train/optimizer_time_percent': 1.02, 'train/overhead_time_percent': 48.26, 'epoch': 2.582750582750583}
{'loss': 1.1885, 'learning_rate': 0.0001, 'grad_norm': 0.4044206738471985, 'train/tokens_per_sec': 1639.1905791575284, 'train/step_time': 9.995177015000081, 'train/mfu': 84.72, 'train/efficiency': 53.15, 'train/forward_time_percent': 16.59, 'train/backward_time_percent': 35.69, 'train/optimizer_time_percent': 0.86, 'train/overhead_time_percent': 46.85, 'epoch': 2.5874125874125875}
{'loss': 1.1885, 'learning_rate': 0.0001, 'grad_norm': 0.4044206738471985, 'train/tokens_per_sec': 1639.0712447489693, 'train/step_time': 9.99590472500131, 'train/mfu': 88.66, 'train/efficiency': 50.97, 'train/forward_time_percent': 16.98, 'train/backward_time_percent': 32.98, 'train/optimizer_time_percent': 1.01, 'train/overhead_time_percent': 49.03, 'epoch': 2.5874125874125875}
{'loss': 0.9644, 'learning_rate': 0.0001, 'grad_norm': 0.30092722177505493, 'train/tokens_per_sec': 1639.256067876673, 'train/step_time': 9.99477770500016, 'train/mfu': 82.8, 'train/efficiency': 54.39, 'train/forward_time_percent': 17.32, 'train/backward_time_percent': 36.18, 'train/optimizer_time_percent': 0.89, 'train/overhead_time_percent': 45.61, 'epoch': 2.5920745920745922}
{'loss': 0.9644, 'learning_rate': 0.0001, 'grad_norm': 0.30092722177505493, 'train/tokens_per_sec': 1638.4200098597996, 'train/step_time': 9.999877870999626, 'train/mfu': 88.67, 'train/efficiency': 50.83, 'train/forward_time_percent': 16.31, 'train/backward_time_percent': 33.63, 'train/optimizer_time_percent': 0.9, 'train/overhead_time_percent': 49.17, 'epoch': 2.5920745920745922}
{'loss': 1.1316, 'learning_rate': 0.0001, 'grad_norm': 0.3290707767009735, 'train/tokens_per_sec': 1638.278986393132, 'train/step_time': 10.000738662998629, 'train/mfu': 85.47, 'train/efficiency': 52.85, 'train/forward_time_percent': 17.0, 'train/backward_time_percent': 34.8, 'train/optimizer_time_percent': 1.05, 'train/overhead_time_percent': 47.15, 'epoch': 2.596736596736597}
{'loss': 1.1316, 'learning_rate': 0.0001, 'grad_norm': 0.3290707767009735, 'train/tokens_per_sec': 1638.8754348141156, 'train/step_time': 9.997099017997243, 'train/mfu': 85.19, 'train/efficiency': 52.98, 'train/forward_time_percent': 16.31, 'train/backward_time_percent': 35.68, 'train/optimizer_time_percent': 0.99, 'train/overhead_time_percent': 47.02, 'epoch': 2.596736596736597}
{'loss': 1.0122, 'learning_rate': 0.0001, 'grad_norm': 0.4123314619064331, 'train/tokens_per_sec': 1638.8534956728522, 'train/step_time': 9.99723284799984, 'train/mfu': 84.46, 'train/efficiency': 53.48, 'train/forward_time_percent': 16.78, 'train/backward_time_percent': 35.66, 'train/optimizer_time_percent': 1.04, 'train/overhead_time_percent': 46.52, 'epoch': 2.6013986013986012}
{'loss': 1.0122, 'learning_rate': 0.0001, 'grad_norm': 0.4123314619064331, 'train/tokens_per_sec': 1638.6779584543372, 'train/step_time': 9.99830376400132, 'train/mfu': 86.46, 'train/efficiency': 52.09, 'train/forward_time_percent': 16.74, 'train/backward_time_percent': 34.48, 'train/optimizer_time_percent': 0.87, 'train/overhead_time_percent': 47.91, 'epoch': 2.6013986013986012}
  step   560  loss   1.0427  |     5377.1 ms
{'loss': 1.0427, 'learning_rate': 0.0001, 'grad_norm': 0.3654312491416931, 'train/tokens_per_sec': 1638.0629231790447, 'train/step_time': 10.002057777001028, 'train/mfu': 88.74, 'train/efficiency': 50.75, 'train/forward_time_percent': 16.35, 'train/backward_time_percent': 33.53, 'train/optimizer_time_percent': 0.87, 'train/overhead_time_percent': 49.25, 'epoch': 2.606060606060606}
{'loss': 1.0427, 'learning_rate': 0.0001, 'grad_norm': 0.3654312491416931, 'train/tokens_per_sec': 1639.2084236627447, 'train/step_time': 9.995068207001168, 'train/mfu': 84.47, 'train/efficiency': 53.32, 'train/forward_time_percent': 17.17, 'train/backward_time_percent': 35.27, 'train/optimizer_time_percent': 0.88, 'train/overhead_time_percent': 46.68, 'epoch': 2.606060606060606}
{'loss': 1.0374, 'learning_rate': 0.0001, 'grad_norm': 0.36347824335098267, 'train/tokens_per_sec': 1638.262504232188, 'train/step_time': 10.000839278000058, 'train/mfu': 85.08, 'train/efficiency': 52.92, 'train/forward_time_percent': 17.06, 'train/backward_time_percent': 34.98, 'train/optimizer_time_percent': 0.88, 'train/overhead_time_percent': 47.08, 'epoch': 2.6107226107226107}{'loss': 1.0374, 'learning_rate': 0.0001, 'grad_norm': 0.36347824335098267, 'train/tokens_per_sec': 1637.067813966133, 'train/step_time': 10.008137634999002, 'train/mfu': 87.2, 'train/efficiency': 51.76, 'train/forward_time_percent': 16.36, 'train/backward_time_percent': 34.37, 'train/optimizer_time_percent': 1.02, 'train/overhead_time_percent': 48.24, 'epoch': 2.6107226107226107}

{'loss': 1.058, 'learning_rate': 0.0001, 'grad_norm': 0.43068674206733704, 'train/tokens_per_sec': 1638.6591085467708, 'train/step_time': 9.998418777002371, 'train/mfu': 83.54, 'train/efficiency': 53.88, 'train/forward_time_percent': 16.43, 'train/backward_time_percent': 36.58, 'train/optimizer_time_percent': 0.87, 'train/overhead_time_percent': 46.12, 'epoch': 2.6153846153846154}
{'loss': 1.058, 'learning_rate': 0.0001, 'grad_norm': 0.43068674206733704, 'train/tokens_per_sec': 1638.1504639800642, 'train/step_time': 10.00152327899923, 'train/mfu': 85.43, 'train/efficiency': 52.85, 'train/forward_time_percent': 17.04, 'train/backward_time_percent': 34.78, 'train/optimizer_time_percent': 1.03, 'train/overhead_time_percent': 47.15, 'epoch': 2.6153846153846154}
{'loss': 1.1108, 'learning_rate': 0.0001, 'grad_norm': 0.41908642649650574, 'train/tokens_per_sec': 1638.0583116834553, 'train/step_time': 10.00208593500065, 'train/mfu': 84.36, 'train/efficiency': 53.51, 'train/forward_time_percent': 16.51, 'train/backward_time_percent': 35.96, 'train/optimizer_time_percent': 1.04, 'train/overhead_time_percent': 46.49, 'epoch': 2.62004662004662}{'loss': 1.1108, 'learning_rate': 0.0001, 'grad_norm': 0.41908642649650574, 'train/tokens_per_sec': 1638.0401268428764, 'train/step_time': 10.00219697400098, 'train/mfu': 85.76, 'train/efficiency': 52.67, 'train/forward_time_percent': 16.94, 'train/backward_time_percent': 34.68, 'train/optimizer_time_percent': 1.05, 'train/overhead_time_percent': 47.33, 'epoch': 2.62004662004662}

{'loss': 1.2386, 'learning_rate': 0.0001, 'grad_norm': 0.37385740876197815, 'train/tokens_per_sec': 1637.2340326504561, 'train/step_time': 10.007121568000002, 'train/mfu': 85.73, 'train/efficiency': 52.57, 'train/forward_time_percent': 16.71, 'train/backward_time_percent': 34.89, 'train/optimizer_time_percent': 0.97, 'train/overhead_time_percent': 47.43, 'epoch': 2.624708624708625}
{'loss': 1.2386, 'learning_rate': 0.0001, 'grad_norm': 0.37385740876197815, 'train/tokens_per_sec': 1637.9075005416498, 'train/step_time': 10.0030068820015, 'train/mfu': 84.22, 'train/efficiency': 53.6, 'train/forward_time_percent': 16.82, 'train/backward_time_percent': 35.74, 'train/optimizer_time_percent': 1.04, 'train/overhead_time_percent': 46.4, 'epoch': 2.624708624708625}
{'loss': 1.042, 'learning_rate': 0.0001, 'grad_norm': 0.4491412043571472, 'train/tokens_per_sec': 1637.9178554573964, 'train/step_time': 10.002943642997707, 'train/mfu': 86.3, 'train/efficiency': 52.32, 'train/forward_time_percent': 16.9, 'train/backward_time_percent': 34.39, 'train/optimizer_time_percent': 1.03, 'train/overhead_time_percent': 47.68, 'epoch': 2.629370629370629}
{'loss': 1.042, 'learning_rate': 0.0001, 'grad_norm': 0.4491412043571472, 'train/tokens_per_sec': 1637.990876398148, 'train/step_time': 10.002497715999198, 'train/mfu': 86.77, 'train/efficiency': 51.98, 'train/forward_time_percent': 16.53, 'train/backward_time_percent': 34.49, 'train/optimizer_time_percent': 0.97, 'train/overhead_time_percent': 48.02, 'epoch': 2.629370629370629}
{'loss': 1.5184, 'learning_rate': 0.0001, 'grad_norm': 0.3379853665828705, 'train/tokens_per_sec': 1638.4686770698634, 'train/step_time': 9.999580846000754, 'train/mfu': 84.13, 'train/efficiency': 53.51, 'train/forward_time_percent': 17.34, 'train/backward_time_percent': 35.29, 'train/optimizer_time_percent': 0.88, 'train/overhead_time_percent': 46.49, 'epoch': 2.634032634032634}
{'loss': 1.5184, 'learning_rate': 0.0001, 'grad_norm': 0.3379853665828705, 'train/tokens_per_sec': 1638.0740031249493, 'train/step_time': 10.001990123000724, 'train/mfu': 85.01, 'train/efficiency': 53.11, 'train/forward_time_percent': 16.61, 'train/backward_time_percent': 35.46, 'train/optimizer_time_percent': 1.04, 'train/overhead_time_percent': 46.89, 'epoch': 2.634032634032634}
{'loss': 0.9414, 'learning_rate': 0.0001, 'grad_norm': 0.31949663162231445, 'train/tokens_per_sec': 1637.7925966093082, 'train/step_time': 10.003708670999913, 'train/mfu': 85.14, 'train/efficiency': 52.95, 'train/forward_time_percent': 16.37, 'train/backward_time_percent': 35.61, 'train/optimizer_time_percent': 0.97, 'train/overhead_time_percent': 47.05, 'epoch': 2.6386946386946386}
{'loss': 0.9414, 'learning_rate': 0.0001, 'grad_norm': 0.31949663162231445, 'train/tokens_per_sec': 1638.2993294551525, 'train/step_time': 10.000614481999946, 'train/mfu': 84.19, 'train/efficiency': 53.64, 'train/forward_time_percent': 16.85, 'train/backward_time_percent': 35.74, 'train/optimizer_time_percent': 1.05, 'train/overhead_time_percent': 46.36, 'epoch': 2.6386946386946386}
{'loss': 1.1506, 'learning_rate': 0.0001, 'grad_norm': 0.33549800515174866, 'train/tokens_per_sec': 1637.136370725751, 'train/step_time': 10.00771853400147, 'train/mfu': 84.89, 'train/efficiency': 53.06, 'train/forward_time_percent': 17.1, 'train/backward_time_percent': 35.02, 'train/optimizer_time_percent': 0.94, 'train/overhead_time_percent': 46.94, 'epoch': 2.6433566433566433}
{'loss': 1.1506, 'learning_rate': 0.0001, 'grad_norm': 0.33549800515174866, 'train/tokens_per_sec': 1636.514289587829, 'train/step_time': 10.011522725002578, 'train/mfu': 86.42, 'train/efficiency': 52.15, 'train/forward_time_percent': 16.76, 'train/backward_time_percent': 34.42, 'train/optimizer_time_percent': 0.98, 'train/overhead_time_percent': 47.85, 'epoch': 2.6433566433566433}
{'loss': 1.0442, 'learning_rate': 0.0001, 'grad_norm': 0.39758726954460144, 'train/tokens_per_sec': 1637.7256057225486, 'train/step_time': 10.004117870998016, 'train/mfu': 85.08, 'train/efficiency': 53.06, 'train/forward_time_percent': 16.97, 'train/backward_time_percent': 35.05, 'train/optimizer_time_percent': 1.04, 'train/overhead_time_percent': 46.94, 'epoch': 2.648018648018648}
{'loss': 1.0442, 'learning_rate': 0.0001, 'grad_norm': 0.39758726954460144, 'train/tokens_per_sec': 1637.984662453053, 'train/step_time': 10.002535662002629, 'train/mfu': 85.86, 'train/efficiency': 52.63, 'train/forward_time_percent': 17.3, 'train/backward_time_percent': 34.25, 'train/optimizer_time_percent': 1.07, 'train/overhead_time_percent': 47.37, 'epoch': 2.648018648018648}
  step   570  loss   1.1140  |     5465.9 ms
{'loss': 1.114, 'learning_rate': 0.0001, 'grad_norm': 0.35004037618637085, 'train/tokens_per_sec': 1636.5748915173922, 'train/step_time': 10.011152000999573, 'train/mfu': 87.81, 'train/efficiency': 51.39, 'train/forward_time_percent': 16.66, 'train/backward_time_percent': 33.7, 'train/optimizer_time_percent': 1.03, 'train/overhead_time_percent': 48.61, 'epoch': 2.652680652680653}
{'loss': 1.114, 'learning_rate': 0.0001, 'grad_norm': 0.35004037618637085, 'train/tokens_per_sec': 1637.0516700582357, 'train/step_time': 10.008236330999353, 'train/mfu': 82.01, 'train/efficiency': 54.99, 'train/forward_time_percent': 17.72, 'train/backward_time_percent': 36.22, 'train/optimizer_time_percent': 1.04, 'train/overhead_time_percent': 45.01, 'epoch': 2.652680652680653}
{'loss': 1.1423, 'learning_rate': 0.0001, 'grad_norm': 0.3051708936691284, 'train/tokens_per_sec': 1637.4494157482566, 'train/step_time': 10.005805273998703, 'train/mfu': 87.48, 'train/efficiency': 51.62, 'train/forward_time_percent': 16.35, 'train/backward_time_percent': 34.23, 'train/optimizer_time_percent': 1.04, 'train/overhead_time_percent': 48.38, 'epoch': 2.6573426573426575}{'loss': 1.1423, 'learning_rate': 0.0001, 'grad_norm': 0.3051708936691284, 'train/tokens_per_sec': 1638.5334026717542, 'train/step_time': 9.999185840999417, 'train/mfu': 84.23, 'train/efficiency': 53.53, 'train/forward_time_percent': 16.77, 'train/backward_time_percent': 35.81, 'train/optimizer_time_percent': 0.95, 'train/overhead_time_percent': 46.47, 'epoch': 2.6573426573426575}

{'loss': 0.9081, 'learning_rate': 0.0001, 'grad_norm': 0.3168044090270996, 'train/tokens_per_sec': 1637.2989382403694, 'train/step_time': 10.006724866998411, 'train/mfu': 85.21, 'train/efficiency': 52.95, 'train/forward_time_percent': 16.69, 'train/backward_time_percent': 35.23, 'train/optimizer_time_percent': 1.02, 'train/overhead_time_percent': 47.05, 'epoch': 2.6620046620046622}
{'loss': 0.9081, 'learning_rate': 0.0001, 'grad_norm': 0.3168044090270996, 'train/tokens_per_sec': 1638.0294074766443, 'train/step_time': 10.00226242899953, 'train/mfu': 83.48, 'train/efficiency': 53.91, 'train/forward_time_percent': 17.15, 'train/backward_time_percent': 35.87, 'train/optimizer_time_percent': 0.88, 'train/overhead_time_percent': 46.09, 'epoch': 2.6620046620046622}
{'loss': 0.7622, 'learning_rate': 0.0001, 'grad_norm': 0.30785009264945984, 'train/tokens_per_sec': 1636.9392917920156, 'train/step_time': 10.00892341099825, 'train/mfu': 85.99, 'train/efficiency': 52.51, 'train/forward_time_percent': 17.07, 'train/backward_time_percent': 34.38, 'train/optimizer_time_percent': 1.07, 'train/overhead_time_percent': 47.49, 'epoch': 2.6666666666666665}
{'loss': 0.7622, 'learning_rate': 0.0001, 'grad_norm': 0.30785009264945984, 'train/tokens_per_sec': 1637.552922694087, 'train/step_time': 10.005172823999601, 'train/mfu': 84.92, 'train/efficiency': 53.14, 'train/forward_time_percent': 16.29, 'train/backward_time_percent': 35.82, 'train/optimizer_time_percent': 1.03, 'train/overhead_time_percent': 46.86, 'epoch': 2.6666666666666665}
{'loss': 1.2003, 'learning_rate': 0.0001, 'grad_norm': 0.34964072704315186, 'train/tokens_per_sec': 1638.1974660436372, 'train/step_time': 10.001236321997567, 'train/mfu': 86.25, 'train/efficiency': 52.36, 'train/forward_time_percent': 17.26, 'train/backward_time_percent': 34.07, 'train/optimizer_time_percent': 1.03, 'train/overhead_time_percent': 47.64, 'epoch': 2.6713286713286712}
{'loss': 1.2003, 'learning_rate': 0.0001, 'grad_norm': 0.34964072704315186, 'train/tokens_per_sec': 1638.3858428718067, 'train/step_time': 10.000086408999778, 'train/mfu': 84.54, 'train/efficiency': 53.31, 'train/forward_time_percent': 16.86, 'train/backward_time_percent': 35.51, 'train/optimizer_time_percent': 0.94, 'train/overhead_time_percent': 46.69, 'epoch': 2.6713286713286712}
{'loss': 1.0342, 'learning_rate': 0.0001, 'grad_norm': 0.42849040031433105, 'train/tokens_per_sec': 1638.6498895202253, 'train/step_time': 9.99847502799821, 'train/mfu': 84.86, 'train/efficiency': 53.23, 'train/forward_time_percent': 17.0, 'train/backward_time_percent': 35.18, 'train/optimizer_time_percent': 1.04, 'train/overhead_time_percent': 46.77, 'epoch': 2.675990675990676}
{'loss': 1.0342, 'learning_rate': 0.0001, 'grad_norm': 0.42849040031433105, 'train/tokens_per_sec': 1638.4601324704647, 'train/step_time': 9.999632993996784, 'train/mfu': 84.72, 'train/efficiency': 53.3, 'train/forward_time_percent': 16.96, 'train/backward_time_percent': 35.3, 'train/optimizer_time_percent': 1.04, 'train/overhead_time_percent': 46.7, 'epoch': 2.675990675990676}
{'loss': 1.0429, 'learning_rate': 0.0001, 'grad_norm': 0.37524962425231934, 'train/tokens_per_sec': 1636.7924671623623, 'train/step_time': 10.009821237999859, 'train/mfu': 81.81, 'train/efficiency': 54.99, 'train/forward_time_percent': 16.89, 'train/backward_time_percent': 37.18, 'train/optimizer_time_percent': 0.92, 'train/overhead_time_percent': 45.01, 'epoch': 2.6806526806526807}
{'loss': 1.0429, 'learning_rate': 0.0001, 'grad_norm': 0.37524962425231934, 'train/tokens_per_sec': 1632.0151711685628, 'train/step_time': 10.039122361999034, 'train/mfu': 79.36, 'train/efficiency': 56.62, 'train/forward_time_percent': 16.84, 'train/backward_time_percent': 38.74, 'train/optimizer_time_percent': 1.04, 'train/overhead_time_percent': 43.38, 'epoch': 2.6806526806526807}
{'loss': 1.2128, 'learning_rate': 0.0001, 'grad_norm': 0.3828257918357849, 'train/tokens_per_sec': 1637.880297142269, 'train/step_time': 10.003173020999384, 'train/mfu': 89.29, 'train/efficiency': 50.6, 'train/forward_time_percent': 16.09, 'train/backward_time_percent': 33.48, 'train/optimizer_time_percent': 1.03, 'train/overhead_time_percent': 49.4, 'epoch': 2.6853146853146854}{'loss': 1.2128, 'learning_rate': 0.0001, 'grad_norm': 0.3828257918357849, 'train/tokens_per_sec': 1638.4160284603088, 'train/step_time': 9.999902170999121, 'train/mfu': 83.69, 'train/efficiency': 53.94, 'train/forward_time_percent': 17.16, 'train/backward_time_percent': 35.74, 'train/optimizer_time_percent': 1.04, 'train/overhead_time_percent': 46.06, 'epoch': 2.6853146853146854}

{'loss': 1.3025, 'learning_rate': 0.0001, 'grad_norm': 0.3671993613243103, 'train/tokens_per_sec': 1636.9476000721988, 'train/step_time': 10.00887261099706, 'train/mfu': 86.22, 'train/efficiency': 52.34, 'train/forward_time_percent': 16.64, 'train/backward_time_percent': 34.67, 'train/optimizer_time_percent': 1.04, 'train/overhead_time_percent': 47.66, 'epoch': 2.6899766899766897}
{'loss': 1.3025, 'learning_rate': 0.0001, 'grad_norm': 0.3671993613243103, 'train/tokens_per_sec': 1637.7225331460372, 'train/step_time': 10.00413664000007, 'train/mfu': 84.56, 'train/efficiency': 53.35, 'train/forward_time_percent': 17.51, 'train/backward_time_percent': 34.83, 'train/optimizer_time_percent': 1.01, 'train/overhead_time_percent': 46.65, 'epoch': 2.6899766899766897}
{'loss': 1.1738, 'learning_rate': 0.0001, 'grad_norm': 0.3713787794113159, 'train/tokens_per_sec': 1637.7628064339, 'train/step_time': 10.003890634001436, 'train/mfu': 87.79, 'train/efficiency': 51.42, 'train/forward_time_percent': 16.61, 'train/backward_time_percent': 33.8, 'train/optimizer_time_percent': 1.01, 'train/overhead_time_percent': 48.58, 'epoch': 2.6946386946386944}
{'loss': 1.1738, 'learning_rate': 0.0001, 'grad_norm': 0.3713787794113159, 'train/tokens_per_sec': 1638.3280157991169, 'train/step_time': 10.000439375999122, 'train/mfu': 83.35, 'train/efficiency': 54.16, 'train/forward_time_percent': 17.35, 'train/backward_time_percent': 35.77, 'train/optimizer_time_percent': 1.04, 'train/overhead_time_percent': 45.84, 'epoch': 2.6946386946386944}
  step   580  loss   1.0067  |     5495.9 ms
{'loss': 1.0067, 'learning_rate': 0.0001, 'grad_norm': 0.4031672477722168, 'train/tokens_per_sec': 1637.894563263185, 'train/step_time': 10.003085893000389, 'train/mfu': 86.9, 'train/efficiency': 51.96, 'train/forward_time_percent': 16.07, 'train/backward_time_percent': 34.86, 'train/optimizer_time_percent': 1.02, 'train/overhead_time_percent': 48.04, 'epoch': 2.699300699300699}
{'loss': 1.0067, 'learning_rate': 0.0001, 'grad_norm': 0.4031672477722168, 'train/tokens_per_sec': 1638.690781418539, 'train/step_time': 9.99822552600017, 'train/mfu': 84.45, 'train/efficiency': 53.46, 'train/forward_time_percent': 16.77, 'train/backward_time_percent': 35.67, 'train/optimizer_time_percent': 1.02, 'train/overhead_time_percent': 46.54, 'epoch': 2.699300699300699}
{'loss': 0.98, 'learning_rate': 0.0001, 'grad_norm': 0.48800280690193176, 'train/tokens_per_sec': 1640.2554418657373, 'train/step_time': 9.988688091998483, 'train/mfu': 83.76, 'train/efficiency': 53.79, 'train/forward_time_percent': 17.63, 'train/backward_time_percent': 35.29, 'train/optimizer_time_percent': 0.87, 'train/overhead_time_percent': 46.21, 'epoch': 2.703962703962704}
{'loss': 0.98, 'learning_rate': 0.0001, 'grad_norm': 0.48800280690193176, 'train/tokens_per_sec': 1639.2373291482058, 'train/step_time': 9.994891959002416, 'train/mfu': 86.17, 'train/efficiency': 52.32, 'train/forward_time_percent': 16.5, 'train/backward_time_percent': 34.91, 'train/optimizer_time_percent': 0.91, 'train/overhead_time_percent': 47.68, 'epoch': 2.703962703962704}
{'loss': 1.0338, 'learning_rate': 0.0001, 'grad_norm': 0.4593896269798279, 'train/tokens_per_sec': 1636.145408316108, 'train/step_time': 10.013779897999484, 'train/mfu': 86.6, 'train/efficiency': 51.92, 'train/forward_time_percent': 16.57, 'train/backward_time_percent': 34.49, 'train/optimizer_time_percent': 0.87, 'train/overhead_time_percent': 48.08, 'epoch': 2.7086247086247086}
{'loss': 1.0338, 'learning_rate': 0.0001, 'grad_norm': 0.4593896269798279, 'train/tokens_per_sec': 1636.6849389654653, 'train/step_time': 10.010478871001396, 'train/mfu': 83.01, 'train/efficiency': 54.16, 'train/forward_time_percent': 16.9, 'train/backward_time_percent': 36.39, 'train/optimizer_time_percent': 0.88, 'train/overhead_time_percent': 45.84, 'epoch': 2.7086247086247086}
{'loss': 1.1269, 'learning_rate': 0.0001, 'grad_norm': 0.45997750759124756, 'train/tokens_per_sec': 1637.7625428569352, 'train/step_time': 10.003892243999871, 'train/mfu': 84.21, 'train/efficiency': 53.61, 'train/forward_time_percent': 16.4, 'train/backward_time_percent': 36.16, 'train/optimizer_time_percent': 1.05, 'train/overhead_time_percent': 46.39, 'epoch': 2.7132867132867133}
{'loss': 1.1269, 'learning_rate': 0.0001, 'grad_norm': 0.45997750759124756, 'train/tokens_per_sec': 1638.1418576744272, 'train/step_time': 10.00157582400061, 'train/mfu': 83.79, 'train/efficiency': 53.71, 'train/forward_time_percent': 16.86, 'train/backward_time_percent': 35.97, 'train/optimizer_time_percent': 0.88, 'train/overhead_time_percent': 46.29, 'epoch': 2.7132867132867133}
{'loss': 1.016, 'learning_rate': 0.0001, 'grad_norm': 0.4063735008239746, 'train/tokens_per_sec': 1638.3599501273204, 'train/step_time': 10.000244450999162, 'train/mfu': 87.75, 'train/efficiency': 51.43, 'train/forward_time_percent': 16.54, 'train/backward_time_percent': 33.92, 'train/optimizer_time_percent': 0.98, 'train/overhead_time_percent': 48.57, 'epoch': 2.717948717948718}
{'loss': 1.016, 'learning_rate': 0.0001, 'grad_norm': 0.4063735008239746, 'train/tokens_per_sec': 1639.3417723398366, 'train/step_time': 9.994255180001346, 'train/mfu': 85.29, 'train/efficiency': 52.92, 'train/forward_time_percent': 17.25, 'train/backward_time_percent': 34.69, 'train/optimizer_time_percent': 0.98, 'train/overhead_time_percent': 47.08, 'epoch': 2.717948717948718}
{'loss': 0.9338, 'learning_rate': 0.0001, 'grad_norm': 0.3519733250141144, 'train/tokens_per_sec': 1640.0479239265696, 'train/step_time': 9.989951976996963, 'train/mfu': 85.22, 'train/efficiency': 53.01, 'train/forward_time_percent': 16.63, 'train/backward_time_percent': 35.37, 'train/optimizer_time_percent': 1.01, 'train/overhead_time_percent': 46.99, 'epoch': 2.722610722610723}
{'loss': 0.9338, 'learning_rate': 0.0001, 'grad_norm': 0.3519733250141144, 'train/tokens_per_sec': 1640.2040180822387, 'train/step_time': 9.989001257999917, 'train/mfu': 84.15, 'train/efficiency': 53.73, 'train/forward_time_percent': 17.4, 'train/backward_time_percent': 35.27, 'train/optimizer_time_percent': 1.05, 'train/overhead_time_percent': 46.27, 'epoch': 2.722610722610723}
{'loss': 1.1326, 'learning_rate': 0.0001, 'grad_norm': 0.3952045738697052, 'train/tokens_per_sec': 1638.3102758080317, 'train/step_time': 10.000547662999452, 'train/mfu': 86.21, 'train/efficiency': 52.25, 'train/forward_time_percent': 16.56, 'train/backward_time_percent': 34.8, 'train/optimizer_time_percent': 0.9, 'train/overhead_time_percent': 47.75, 'epoch': 2.7272727272727275}
{'loss': 1.1326, 'learning_rate': 0.0001, 'grad_norm': 0.3952045738697052, 'train/tokens_per_sec': 1638.8128112113798, 'train/step_time': 9.99748103499951, 'train/mfu': 85.15, 'train/efficiency': 52.91, 'train/forward_time_percent': 16.64, 'train/backward_time_percent': 35.38, 'train/optimizer_time_percent': 0.89, 'train/overhead_time_percent': 47.09, 'epoch': 2.7272727272727275}
{'loss': 1.0542, 'learning_rate': 0.0001, 'grad_norm': 0.39254462718963623, 'train/tokens_per_sec': 1637.322526019398, 'train/step_time': 10.006580706998648, 'train/mfu': 86.83, 'train/efficiency': 52.01, 'train/forward_time_percent': 16.52, 'train/backward_time_percent': 34.44, 'train/optimizer_time_percent': 1.06, 'train/overhead_time_percent': 47.99, 'epoch': 2.731934731934732}
{'loss': 1.0542, 'learning_rate': 0.0001, 'grad_norm': 0.39254462718963623, 'train/tokens_per_sec': 1638.264901959334, 'train/step_time': 10.000824640999781, 'train/mfu': 84.78, 'train/efficiency': 53.25, 'train/forward_time_percent': 17.11, 'train/backward_time_percent': 35.1, 'train/optimizer_time_percent': 1.03, 'train/overhead_time_percent': 46.75, 'epoch': 2.731934731934732}
{'loss': 1.0618, 'learning_rate': 0.0001, 'grad_norm': 0.36513254046440125, 'train/tokens_per_sec': 1637.5402487931653, 'train/step_time': 10.005250260001048, 'train/mfu': 84.15, 'train/efficiency': 53.46, 'train/forward_time_percent': 17.07, 'train/backward_time_percent': 35.52, 'train/optimizer_time_percent': 0.87, 'train/overhead_time_percent': 46.54, 'epoch': 2.7365967365967365}
{'loss': 1.0618, 'learning_rate': 0.0001, 'grad_norm': 0.36513254046440125, 'train/tokens_per_sec': 1636.6784571463063, 'train/step_time': 10.010518515999138, 'train/mfu': 87.12, 'train/efficiency': 51.64, 'train/forward_time_percent': 16.26, 'train/backward_time_percent': 34.51, 'train/optimizer_time_percent': 0.87, 'train/overhead_time_percent': 48.36, 'epoch': 2.7365967365967365}
{'loss': 0.8949, 'learning_rate': 0.0001, 'grad_norm': 0.3478512167930603, 'train/tokens_per_sec': 1640.272478800721, 'train/step_time': 9.988584342998365, 'train/mfu': 83.78, 'train/efficiency': 53.77, 'train/forward_time_percent': 16.96, 'train/backward_time_percent': 35.95, 'train/optimizer_time_percent': 0.86, 'train/overhead_time_percent': 46.23, 'epoch': 2.7412587412587412}
{'loss': 0.8949, 'learning_rate': 0.0001, 'grad_norm': 0.3478512167930603, 'train/tokens_per_sec': 1639.7298231824575, 'train/step_time': 9.991889985998569, 'train/mfu': 85.8, 'train/efficiency': 52.7, 'train/forward_time_percent': 16.85, 'train/backward_time_percent': 34.79, 'train/optimizer_time_percent': 1.06, 'train/overhead_time_percent': 47.3, 'epoch': 2.7412587412587412}
{'loss': 1.0242, 'learning_rate': 0.0001, 'grad_norm': 0.3914181888103485, 'train/tokens_per_sec': 1638.5628077643062, 'train/step_time': 9.999006399000791, 'train/mfu': 84.32, 'train/efficiency': 53.48, 'train/forward_time_percent': 16.95, 'train/backward_time_percent': 35.57, 'train/optimizer_time_percent': 0.96, 'train/overhead_time_percent': 46.52, 'epoch': 2.745920745920746}  step   590  loss   1.0242  |     5500.6 ms

{'loss': 1.0242, 'learning_rate': 0.0001, 'grad_norm': 0.3914181888103485, 'train/tokens_per_sec': 1637.8153736131521, 'train/step_time': 10.003569550000975, 'train/mfu': 87.12, 'train/efficiency': 51.83, 'train/forward_time_percent': 16.09, 'train/backward_time_percent': 34.71, 'train/optimizer_time_percent': 1.03, 'train/overhead_time_percent': 48.17, 'epoch': 2.745920745920746}
{'loss': 0.9475, 'learning_rate': 0.0001, 'grad_norm': 0.3854600191116333, 'train/tokens_per_sec': 1640.0054157333118, 'train/step_time': 9.990210912001203, 'train/mfu': 87.91, 'train/efficiency': 51.35, 'train/forward_time_percent': 16.55, 'train/backward_time_percent': 33.86, 'train/optimizer_time_percent': 0.94, 'train/overhead_time_percent': 48.65, 'epoch': 2.7505827505827507}
{'loss': 0.9475, 'learning_rate': 0.0001, 'grad_norm': 0.3854600191116333, 'train/tokens_per_sec': 1640.8421886564133, 'train/step_time': 9.985116249001294, 'train/mfu': 83.81, 'train/efficiency': 53.79, 'train/forward_time_percent': 17.25, 'train/backward_time_percent': 35.66, 'train/optimizer_time_percent': 0.88, 'train/overhead_time_percent': 46.21, 'epoch': 2.7505827505827507}
{'loss': 1.0383, 'learning_rate': 0.0001, 'grad_norm': 0.39997586607933044, 'train/tokens_per_sec': 1639.243031873305, 'train/step_time': 9.994857188001333, 'train/mfu': 85.33, 'train/efficiency': 52.98, 'train/forward_time_percent': 17.28, 'train/backward_time_percent': 34.63, 'train/optimizer_time_percent': 1.06, 'train/overhead_time_percent': 47.02, 'epoch': 2.755244755244755}
{'loss': 1.0383, 'learning_rate': 0.0001, 'grad_norm': 0.39997586607933044, 'train/tokens_per_sec': 1639.6329209911607, 'train/step_time': 9.992480505999993, 'train/mfu': 85.32, 'train/efficiency': 52.88, 'train/forward_time_percent': 16.55, 'train/backward_time_percent': 35.39, 'train/optimizer_time_percent': 0.95, 'train/overhead_time_percent': 47.12, 'epoch': 2.755244755244755}
{'loss': 0.9769, 'learning_rate': 0.0001, 'grad_norm': 0.3540770709514618, 'train/tokens_per_sec': 1638.3449222841648, 'train/step_time': 10.000336179000442, 'train/mfu': 87.26, 'train/efficiency': 51.61, 'train/forward_time_percent': 16.93, 'train/backward_time_percent': 33.8, 'train/optimizer_time_percent': 0.89, 'train/overhead_time_percent': 48.39, 'epoch': 2.7599067599067597}
{'loss': 0.9769, 'learning_rate': 0.0001, 'grad_norm': 0.3540770709514618, 'train/tokens_per_sec': 1638.3329751427982, 'train/step_time': 10.000409103999118, 'train/mfu': 86.45, 'train/efficiency': 52.25, 'train/forward_time_percent': 16.94, 'train/backward_time_percent': 34.26, 'train/optimizer_time_percent': 1.05, 'train/overhead_time_percent': 47.75, 'epoch': 2.7599067599067597}
{'loss': 1.0189, 'learning_rate': 0.0001, 'grad_norm': 0.359281450510025, 'train/tokens_per_sec': 1636.6260577427154, 'train/step_time': 10.010839020000276, 'train/mfu': 87.3, 'train/efficiency': 51.6, 'train/forward_time_percent': 16.97, 'train/backward_time_percent': 33.69, 'train/optimizer_time_percent': 0.94, 'train/overhead_time_percent': 48.4, 'epoch': 2.7645687645687644}
{'loss': 1.0189, 'learning_rate': 0.0001, 'grad_norm': 0.359281450510025, 'train/tokens_per_sec': 1637.710150464814, 'train/step_time': 10.004212281000946, 'train/mfu': 84.47, 'train/efficiency': 53.28, 'train/forward_time_percent': 16.62, 'train/backward_time_percent': 35.77, 'train/optimizer_time_percent': 0.89, 'train/overhead_time_percent': 46.72, 'epoch': 2.7645687645687644}
{'loss': 0.9499, 'learning_rate': 0.0001, 'grad_norm': 0.4089752435684204, 'train/tokens_per_sec': 1638.1813208137853, 'train/step_time': 10.00133488999927, 'train/mfu': 83.96, 'train/efficiency': 53.63, 'train/forward_time_percent': 16.89, 'train/backward_time_percent': 35.84, 'train/optimizer_time_percent': 0.91, 'train/overhead_time_percent': 46.37, 'epoch': 2.769230769230769}
{'loss': 0.9499, 'learning_rate': 0.0001, 'grad_norm': 0.4089752435684204, 'train/tokens_per_sec': 1636.8474235378415, 'train/step_time': 10.009485163001955, 'train/mfu': 86.38, 'train/efficiency': 52.1, 'train/forward_time_percent': 17.02, 'train/backward_time_percent': 34.19, 'train/optimizer_time_percent': 0.89, 'train/overhead_time_percent': 47.9, 'epoch': 2.769230769230769}
{'loss': 1.3082, 'learning_rate': 0.0001, 'grad_norm': 0.3639002740383148, 'train/tokens_per_sec': 1640.4532802380322, 'train/step_time': 9.987483458000497, 'train/mfu': 84.65, 'train/efficiency': 53.36, 'train/forward_time_percent': 16.83, 'train/backward_time_percent': 35.54, 'train/optimizer_time_percent': 0.98, 'train/overhead_time_percent': 46.64, 'epoch': 2.773892773892774}
{'loss': 1.3082, 'learning_rate': 0.0001, 'grad_norm': 0.3639002740383148, 'train/tokens_per_sec': 1639.9460005457622, 'train/step_time': 9.990572857001098, 'train/mfu': 85.7, 'train/efficiency': 52.62, 'train/forward_time_percent': 16.67, 'train/backward_time_percent': 35.04, 'train/optimizer_time_percent': 0.91, 'train/overhead_time_percent': 47.38, 'epoch': 2.773892773892774}
{'loss': 1.0097, 'learning_rate': 0.0001, 'grad_norm': 0.3253050744533539, 'train/tokens_per_sec': 1638.0054647619959, 'train/step_time': 10.00240863200088, 'train/mfu': 86.4, 'train/efficiency': 52.26, 'train/forward_time_percent': 16.76, 'train/backward_time_percent': 34.47, 'train/optimizer_time_percent': 1.02, 'train/overhead_time_percent': 47.74, 'epoch': 2.7785547785547786}
{'loss': 1.0097, 'learning_rate': 0.0001, 'grad_norm': 0.3253050744533539, 'train/tokens_per_sec': 1638.3849063791556, 'train/step_time': 10.000092124999355, 'train/mfu': 84.71, 'train/efficiency': 53.15, 'train/forward_time_percent': 17.06, 'train/backward_time_percent': 35.21, 'train/optimizer_time_percent': 0.88, 'train/overhead_time_percent': 46.85, 'epoch': 2.7785547785547786}
{'loss': 1.3134, 'learning_rate': 0.0001, 'grad_norm': 0.3324345648288727, 'train/tokens_per_sec': 1637.5296788490764, 'train/step_time': 10.00531484199746, 'train/mfu': 86.67, 'train/efficiency': 51.97, 'train/forward_time_percent': 16.56, 'train/backward_time_percent': 34.5, 'train/optimizer_time_percent': 0.91, 'train/overhead_time_percent': 48.03, 'epoch': 2.7832167832167833}
{'loss': 1.3134, 'learning_rate': 0.0001, 'grad_norm': 0.3324345648288727, 'train/tokens_per_sec': 1638.0018890461881, 'train/step_time': 10.002430467000522, 'train/mfu': 85.13, 'train/efficiency': 52.89, 'train/forward_time_percent': 16.97, 'train/backward_time_percent': 35.02, 'train/optimizer_time_percent': 0.89, 'train/overhead_time_percent': 47.11, 'epoch': 2.7832167832167833}
{'loss': 1.0807, 'learning_rate': 0.0001, 'grad_norm': 0.33519265055656433, 'train/tokens_per_sec': 1637.2918481312158, 'train/step_time': 10.006768200000806, 'train/mfu': 84.02, 'train/efficiency': 53.57, 'train/forward_time_percent': 16.97, 'train/backward_time_percent': 35.69, 'train/optimizer_time_percent': 0.91, 'train/overhead_time_percent': 46.43, 'epoch': 2.787878787878788}
{'loss': 1.0807, 'learning_rate': 0.0001, 'grad_norm': 0.33519265055656433, 'train/tokens_per_sec': 1637.3262828478419, 'train/step_time': 10.006557747001352, 'train/mfu': 86.04, 'train/efficiency': 52.49, 'train/forward_time_percent': 16.5, 'train/backward_time_percent': 34.93, 'train/optimizer_time_percent': 1.06, 'train/overhead_time_percent': 47.51, 'epoch': 2.787878787878788}
  step   600  loss   1.0654  |     5435.6 ms
{'loss': 1.0654, 'learning_rate': 0.0001, 'grad_norm': 0.3630911409854889, 'train/tokens_per_sec': 1637.1475395660252, 'train/step_time': 10.007650260002265, 'train/mfu': 88.06, 'train/efficiency': 51.24, 'train/forward_time_percent': 16.91, 'train/backward_time_percent': 33.33, 'train/optimizer_time_percent': 1.0, 'train/overhead_time_percent': 48.76, 'epoch': 2.792540792540793}
{'loss': 1.0654, 'learning_rate': 0.0001, 'grad_norm': 0.3630911409854889, 'train/tokens_per_sec': 1638.6387819514966, 'train/step_time': 9.998542803001328, 'train/mfu': 82.95, 'train/efficiency': 54.35, 'train/forward_time_percent': 16.75, 'train/backward_time_percent': 36.64, 'train/optimizer_time_percent': 0.96, 'train/overhead_time_percent': 45.65, 'epoch': 2.792540792540793}
{'loss': 1.1497, 'learning_rate': 0.0001, 'grad_norm': 0.3771633803844452, 'train/tokens_per_sec': 1638.4691343856252, 'train/step_time': 9.99957805500162, 'train/mfu': 85.05, 'train/efficiency': 53.1, 'train/forward_time_percent': 16.72, 'train/backward_time_percent': 35.34, 'train/optimizer_time_percent': 1.04, 'train/overhead_time_percent': 46.9, 'epoch': 2.797202797202797}
{'loss': 1.1497, 'learning_rate': 0.0001, 'grad_norm': 0.3771633803844452, 'train/tokens_per_sec': 1638.439375302545, 'train/step_time': 9.999759678001283, 'train/mfu': 84.66, 'train/efficiency': 53.26, 'train/forward_time_percent': 16.73, 'train/backward_time_percent': 35.57, 'train/optimizer_time_percent': 0.96, 'train/overhead_time_percent': 46.74, 'epoch': 2.797202797202797}
{'loss': 1.0812, 'learning_rate': 0.0001, 'grad_norm': 0.33379992842674255, 'train/tokens_per_sec': 1638.5329264754337, 'train/step_time': 9.999188746998698, 'train/mfu': 86.82, 'train/efficiency': 52.03, 'train/forward_time_percent': 16.86, 'train/backward_time_percent': 34.14, 'train/optimizer_time_percent': 1.02, 'train/overhead_time_percent': 47.97, 'epoch': 2.801864801864802}
{'loss': 1.0812, 'learning_rate': 0.0001, 'grad_norm': 0.33379992842674255, 'train/tokens_per_sec': 1639.6416196004654, 'train/step_time': 9.992427493998548, 'train/mfu': 83.06, 'train/efficiency': 54.23, 'train/forward_time_percent': 17.53, 'train/backward_time_percent': 35.82, 'train/optimizer_time_percent': 0.88, 'train/overhead_time_percent': 45.77, 'epoch': 2.801864801864802}
{'loss': 0.9947, 'learning_rate': 0.0001, 'grad_norm': 0.3699932396411896, 'train/tokens_per_sec': 1637.726607598202, 'train/step_time': 10.004111751000892, 'train/mfu': 85.37, 'train/efficiency': 52.72, 'train/forward_time_percent': 16.18, 'train/backward_time_percent': 35.67, 'train/optimizer_time_percent': 0.88, 'train/overhead_time_percent': 47.28, 'epoch': 2.8065268065268065}
{'loss': 0.9947, 'learning_rate': 0.0001, 'grad_norm': 0.3699932396411896, 'train/tokens_per_sec': 1637.437927930073, 'train/step_time': 10.005875472001208, 'train/mfu': 85.55, 'train/efficiency': 52.65, 'train/forward_time_percent': 17.18, 'train/backward_time_percent': 34.54, 'train/optimizer_time_percent': 0.92, 'train/overhead_time_percent': 47.35, 'epoch': 2.8065268065268065}
{'loss': 1.123, 'learning_rate': 0.0001, 'grad_norm': 0.36576133966445923, 'train/tokens_per_sec': 1637.6806468105444, 'train/step_time': 10.004392512000777, 'train/mfu': 86.51, 'train/efficiency': 52.2, 'train/forward_time_percent': 16.44, 'train/backward_time_percent': 34.72, 'train/optimizer_time_percent': 1.04, 'train/overhead_time_percent': 47.8, 'epoch': 2.8111888111888113}
{'loss': 1.123, 'learning_rate': 0.0001, 'grad_norm': 0.36576133966445923, 'train/tokens_per_sec': 1638.8909332209041, 'train/step_time': 9.99700447899886, 'train/mfu': 83.99, 'train/efficiency': 53.61, 'train/forward_time_percent': 17.31, 'train/backward_time_percent': 35.42, 'train/optimizer_time_percent': 0.87, 'train/overhead_time_percent': 46.39, 'epoch': 2.8111888111888113}
{'loss': 1.1965, 'learning_rate': 0.0001, 'grad_norm': 0.3850667178630829, 'train/tokens_per_sec': 1639.4522084608348, 'train/step_time': 9.993581950999214, 'train/mfu': 84.74, 'train/efficiency': 53.29, 'train/forward_time_percent': 16.38, 'train/backward_time_percent': 35.9, 'train/optimizer_time_percent': 1.01, 'train/overhead_time_percent': 46.71, 'epoch': 2.815850815850816}
{'loss': 1.1965, 'learning_rate': 0.0001, 'grad_norm': 0.3850667178630829, 'train/tokens_per_sec': 1639.0483750839987, 'train/step_time': 9.996044198000163, 'train/mfu': 85.29, 'train/efficiency': 52.89, 'train/forward_time_percent': 16.59, 'train/backward_time_percent': 35.35, 'train/optimizer_time_percent': 0.96, 'train/overhead_time_percent': 47.11, 'epoch': 2.815850815850816}
{'loss': 0.9072, 'learning_rate': 0.0001, 'grad_norm': 0.3259485065937042, 'train/tokens_per_sec': 1636.228644577329, 'train/step_time': 10.013270488998387, 'train/mfu': 87.04, 'train/efficiency': 51.84, 'train/forward_time_percent': 17.21, 'train/backward_time_percent': 33.59, 'train/optimizer_time_percent': 1.04, 'train/overhead_time_percent': 48.16, 'epoch': 2.8205128205128203}
{'loss': 0.9072, 'learning_rate': 0.0001, 'grad_norm': 0.3259485065937042, 'train/tokens_per_sec': 1637.1343268680207, 'train/step_time': 10.007731027999398, 'train/mfu': 84.23, 'train/efficiency': 53.41, 'train/forward_time_percent': 16.86, 'train/backward_time_percent': 35.67, 'train/optimizer_time_percent': 0.88, 'train/overhead_time_percent': 46.59, 'epoch': 2.8205128205128203}
{'loss': 1.0098, 'learning_rate': 0.0001, 'grad_norm': 0.39625850319862366, 'train/tokens_per_sec': 1638.7281328583979, 'train/step_time': 9.997997636997752, 'train/mfu': 86.09, 'train/efficiency': 52.48, 'train/forward_time_percent': 17.45, 'train/backward_time_percent': 33.99, 'train/optimizer_time_percent': 1.04, 'train/overhead_time_percent': 47.52, 'epoch': 2.825174825174825}
{'loss': 1.0098, 'learning_rate': 0.0001, 'grad_norm': 0.39625850319862366, 'train/tokens_per_sec': 1639.0553026693472, 'train/step_time': 9.996001948999037, 'train/mfu': 84.47, 'train/efficiency': 53.47, 'train/forward_time_percent': 17.19, 'train/backward_time_percent': 35.24, 'train/optimizer_time_percent': 1.04, 'train/overhead_time_percent': 46.53, 'epoch': 2.825174825174825}
{'loss': 1.2819, 'learning_rate': 0.0001, 'grad_norm': 0.4104370176792145, 'train/tokens_per_sec': 1638.4101920583073, 'train/step_time': 9.999937792999845, 'train/mfu': 85.88, 'train/efficiency': 52.43, 'train/forward_time_percent': 16.9, 'train/backward_time_percent': 34.66, 'train/optimizer_time_percent': 0.88, 'train/overhead_time_percent': 47.57, 'epoch': 2.8298368298368297}{'loss': 1.2819, 'learning_rate': 0.0001, 'grad_norm': 0.4104370176792145, 'train/tokens_per_sec': 1639.2550608483737, 'train/step_time': 9.994783844998892, 'train/mfu': 84.16, 'train/efficiency': 53.52, 'train/forward_time_percent': 17.08, 'train/backward_time_percent': 35.55, 'train/optimizer_time_percent': 0.89, 'train/overhead_time_percent': 46.48, 'epoch': 2.8298368298368297}

{'loss': 0.982, 'learning_rate': 0.0001, 'grad_norm': 0.3848682641983032, 'train/tokens_per_sec': 1637.4388947611073, 'train/step_time': 10.005869564000022, 'train/mfu': 85.91, 'train/efficiency': 52.37, 'train/forward_time_percent': 17.12, 'train/backward_time_percent': 34.39, 'train/optimizer_time_percent': 0.87, 'train/overhead_time_percent': 47.63, 'epoch': 2.8344988344988344}
{'loss': 0.982, 'learning_rate': 0.0001, 'grad_norm': 0.3848682641983032, 'train/tokens_per_sec': 1637.847895887389, 'train/step_time': 10.00337091199981, 'train/mfu': 83.64, 'train/efficiency': 53.89, 'train/forward_time_percent': 16.86, 'train/backward_time_percent': 36.05, 'train/optimizer_time_percent': 0.97, 'train/overhead_time_percent': 46.11, 'epoch': 2.8344988344988344}
  step   610  loss   1.1873  |     5550.2 ms
{'loss': 1.1873, 'learning_rate': 0.0001, 'grad_norm': 0.3489973247051239, 'train/tokens_per_sec': 1639.4001311324312, 'train/step_time': 9.993899408000289, 'train/mfu': 85.06, 'train/efficiency': 53.13, 'train/forward_time_percent': 17.34, 'train/backward_time_percent': 34.74, 'train/optimizer_time_percent': 1.05, 'train/overhead_time_percent': 46.87, 'epoch': 2.839160839160839}{'loss': 1.1873, 'learning_rate': 0.0001, 'grad_norm': 0.3489973247051239, 'train/tokens_per_sec': 1638.987911192156, 'train/step_time': 9.99641296199843, 'train/mfu': 86.25, 'train/efficiency': 52.35, 'train/forward_time_percent': 16.87, 'train/backward_time_percent': 34.48, 'train/optimizer_time_percent': 1.0, 'train/overhead_time_percent': 47.65, 'epoch': 2.839160839160839}

{'loss': 1.3135, 'learning_rate': 0.0001, 'grad_norm': 0.3544518053531647, 'train/tokens_per_sec': 1638.2790509366214, 'train/step_time': 10.000738268998248, 'train/mfu': 84.11, 'train/efficiency': 53.68, 'train/forward_time_percent': 16.63, 'train/backward_time_percent': 36.01, 'train/optimizer_time_percent': 1.04, 'train/overhead_time_percent': 46.32, 'epoch': 2.843822843822844}
{'loss': 1.3135, 'learning_rate': 0.0001, 'grad_norm': 0.3544518053531647, 'train/tokens_per_sec': 1637.6409745341314, 'train/step_time': 10.004634870998416, 'train/mfu': 86.47, 'train/efficiency': 52.09, 'train/forward_time_percent': 17.04, 'train/backward_time_percent': 34.14, 'train/optimizer_time_percent': 0.92, 'train/overhead_time_percent': 47.91, 'epoch': 2.843822843822844}
{'loss': 1.1654, 'learning_rate': 0.0001, 'grad_norm': 0.3818703591823578, 'train/tokens_per_sec': 1639.5117056695879, 'train/step_time': 9.993219288000546, 'train/mfu': 84.6, 'train/efficiency': 53.4, 'train/forward_time_percent': 16.73, 'train/backward_time_percent': 35.64, 'train/optimizer_time_percent': 1.03, 'train/overhead_time_percent': 46.6, 'epoch': 2.8484848484848486}
{'loss': 1.1654, 'learning_rate': 0.0001, 'grad_norm': 0.3818703591823578, 'train/tokens_per_sec': 1639.065207730209, 'train/step_time': 9.995941542001674, 'train/mfu': 85.0, 'train/efficiency': 53.15, 'train/forward_time_percent': 17.44, 'train/backward_time_percent': 34.67, 'train/optimizer_time_percent': 1.04, 'train/overhead_time_percent': 46.85, 'epoch': 2.8484848484848486}
{'loss': 1.0875, 'learning_rate': 0.0001, 'grad_norm': 0.3375272750854492, 'train/tokens_per_sec': 1636.8394742380701, 'train/step_time': 10.009533773998555, 'train/mfu': 88.58, 'train/efficiency': 50.9, 'train/forward_time_percent': 16.46, 'train/backward_time_percent': 33.47, 'train/optimizer_time_percent': 0.97, 'train/overhead_time_percent': 49.1, 'epoch': 2.8531468531468533}
{'loss': 1.0875, 'learning_rate': 0.0001, 'grad_norm': 0.3375272750854492, 'train/tokens_per_sec': 1637.476679299396, 'train/step_time': 10.005638680002448, 'train/mfu': 84.18, 'train/efficiency': 53.5, 'train/forward_time_percent': 17.08, 'train/backward_time_percent': 35.48, 'train/optimizer_time_percent': 0.93, 'train/overhead_time_percent': 46.5, 'epoch': 2.8531468531468533}
{'loss': 1.0279, 'learning_rate': 0.0001, 'grad_norm': 0.39766404032707214, 'train/tokens_per_sec': 1638.0702918326024, 'train/step_time': 10.002012783999817, 'train/mfu': 86.06, 'train/efficiency': 52.46, 'train/forward_time_percent': 16.41, 'train/backward_time_percent': 35.02, 'train/optimizer_time_percent': 1.02, 'train/overhead_time_percent': 47.54, 'epoch': 2.857808857808858}
{'loss': 1.0279, 'learning_rate': 0.0001, 'grad_norm': 0.39766404032707214, 'train/tokens_per_sec': 1638.60185149714, 'train/step_time': 9.998768147997907, 'train/mfu': 84.02, 'train/efficiency': 53.74, 'train/forward_time_percent': 17.22, 'train/backward_time_percent': 35.48, 'train/optimizer_time_percent': 1.04, 'train/overhead_time_percent': 46.26, 'epoch': 2.857808857808858}
{'loss': 1.0409, 'learning_rate': 0.0001, 'grad_norm': 0.4284128248691559, 'train/tokens_per_sec': 1638.9438412291433, 'train/step_time': 9.996681757998886, 'train/mfu': 85.79, 'train/efficiency': 52.61, 'train/forward_time_percent': 16.26, 'train/backward_time_percent': 35.36, 'train/optimizer_time_percent': 0.98, 'train/overhead_time_percent': 47.39, 'epoch': 2.8624708624708624}
{'loss': 1.0409, 'learning_rate': 0.0001, 'grad_norm': 0.4284128248691559, 'train/tokens_per_sec': 1638.7382814661178, 'train/step_time': 9.997935719999077, 'train/mfu': 85.59, 'train/efficiency': 52.79, 'train/forward_time_percent': 17.04, 'train/backward_time_percent': 34.7, 'train/optimizer_time_percent': 1.05, 'train/overhead_time_percent': 47.21, 'epoch': 2.8624708624708624}
{'loss': 1.1098, 'learning_rate': 0.0001, 'grad_norm': 0.39284375309944153, 'train/tokens_per_sec': 1639.4299951743512, 'train/step_time': 9.99371735800014, 'train/mfu': 84.14, 'train/efficiency': 53.69, 'train/forward_time_percent': 16.7, 'train/backward_time_percent': 35.96, 'train/optimizer_time_percent': 1.03, 'train/overhead_time_percent': 46.31, 'epoch': 2.867132867132867}
{'loss': 1.1098, 'learning_rate': 0.0001, 'grad_norm': 0.39284375309944153, 'train/tokens_per_sec': 1638.5296104780962, 'train/step_time': 9.999208982997516, 'train/mfu': 86.92, 'train/efficiency': 51.89, 'train/forward_time_percent': 17.06, 'train/backward_time_percent': 33.89, 'train/optimizer_time_percent': 0.95, 'train/overhead_time_percent': 48.11, 'epoch': 2.867132867132867}
{'loss': 1.0333, 'learning_rate': 0.0001, 'grad_norm': 0.3726488947868347, 'train/tokens_per_sec': 1637.0385467426825, 'train/step_time': 10.00831656200171, 'train/mfu': 85.93, 'train/efficiency': 52.45, 'train/forward_time_percent': 16.41, 'train/backward_time_percent': 35.08, 'train/optimizer_time_percent': 0.96, 'train/overhead_time_percent': 47.55, 'epoch': 2.871794871794872}
{'loss': 1.0333, 'learning_rate': 0.0001, 'grad_norm': 0.3726488947868347, 'train/tokens_per_sec': 1636.3204231187087, 'train/step_time': 10.012708861002466, 'train/mfu': 87.34, 'train/efficiency': 51.66, 'train/forward_time_percent': 16.16, 'train/backward_time_percent': 34.47, 'train/optimizer_time_percent': 1.03, 'train/overhead_time_percent': 48.34, 'epoch': 2.871794871794872}
{'loss': 0.9945, 'learning_rate': 0.0001, 'grad_norm': 0.35911762714385986, 'train/tokens_per_sec': 1640.466072855985, 'train/step_time': 9.98740557400015, 'train/mfu': 86.65, 'train/efficiency': 52.19, 'train/forward_time_percent': 16.67, 'train/backward_time_percent': 34.5, 'train/optimizer_time_percent': 1.02, 'train/overhead_time_percent': 47.81, 'epoch': 2.8764568764568765}
{'loss': 0.9945, 'learning_rate': 0.0001, 'grad_norm': 0.35911762714385986, 'train/tokens_per_sec': 1641.2982078225452, 'train/step_time': 9.982341978997283, 'train/mfu': 83.87, 'train/efficiency': 53.84, 'train/forward_time_percent': 16.98, 'train/backward_time_percent': 35.91, 'train/optimizer_time_percent': 0.96, 'train/overhead_time_percent': 46.16, 'epoch': 2.8764568764568765}
{'loss': 0.8668, 'learning_rate': 0.0001, 'grad_norm': 0.36336809396743774, 'train/tokens_per_sec': 1639.154081525448, 'train/step_time': 9.995399568997527, 'train/mfu': 86.6, 'train/efficiency': 52.08, 'train/forward_time_percent': 17.13, 'train/backward_time_percent': 34.03, 'train/optimizer_time_percent': 0.92, 'train/overhead_time_percent': 47.92, 'epoch': 2.8811188811188813}
{'loss': 0.8668, 'learning_rate': 0.0001, 'grad_norm': 0.36336809396743774, 'train/tokens_per_sec': 1639.5587328851852, 'train/step_time': 9.99293265400047, 'train/mfu': 85.52, 'train/efficiency': 52.83, 'train/forward_time_percent': 16.76, 'train/backward_time_percent': 35.05, 'train/optimizer_time_percent': 1.02, 'train/overhead_time_percent': 47.17, 'epoch': 2.8811188811188813}
  step   620  loss   1.2048  |     5565.0 ms
{'loss': 1.2048, 'learning_rate': 0.0001, 'grad_norm': 0.3519074320793152, 'train/tokens_per_sec': 1640.6124804446792, 'train/step_time': 9.986514301999705, 'train/mfu': 86.08, 'train/efficiency': 52.56, 'train/forward_time_percent': 17.3, 'train/backward_time_percent': 34.2, 'train/optimizer_time_percent': 1.05, 'train/overhead_time_percent': 47.44, 'epoch': 2.8857808857808855}
{'loss': 1.2048, 'learning_rate': 0.0001, 'grad_norm': 0.3519074320793152, 'train/tokens_per_sec': 1641.3612719506862, 'train/step_time': 9.981958439002483, 'train/mfu': 84.78, 'train/efficiency': 53.36, 'train/forward_time_percent': 16.62, 'train/backward_time_percent': 35.7, 'train/optimizer_time_percent': 1.05, 'train/overhead_time_percent': 46.64, 'epoch': 2.8857808857808855}
{'loss': 1.242, 'learning_rate': 0.0001, 'grad_norm': 0.3477165400981903, 'train/tokens_per_sec': 1639.2260801148454, 'train/step_time': 9.994960547999653, 'train/mfu': 86.44, 'train/efficiency': 52.12, 'train/forward_time_percent': 16.49, 'train/backward_time_percent': 34.76, 'train/optimizer_time_percent': 0.87, 'train/overhead_time_percent': 47.88, 'epoch': 2.8904428904428903}
{'loss': 1.242, 'learning_rate': 0.0001, 'grad_norm': 0.3477165400981903, 'train/tokens_per_sec': 1640.2380615973038, 'train/step_time': 9.988793934000569, 'train/mfu': 82.62, 'train/efficiency': 54.53, 'train/forward_time_percent': 17.44, 'train/backward_time_percent': 36.21, 'train/optimizer_time_percent': 0.88, 'train/overhead_time_percent': 45.47, 'epoch': 2.8904428904428903}
{'loss': 1.0041, 'learning_rate': 0.0001, 'grad_norm': 0.3432682752609253, 'train/tokens_per_sec': 1638.7413383497612, 'train/step_time': 9.997917069998948, 'train/mfu': 84.43, 'train/efficiency': 53.45, 'train/forward_time_percent': 17.46, 'train/backward_time_percent': 34.99, 'train/optimizer_time_percent': 1.0, 'train/overhead_time_percent': 46.55, 'epoch': 2.895104895104895}
{'loss': 1.0041, 'learning_rate': 0.0001, 'grad_norm': 0.3432682752609253, 'train/tokens_per_sec': 1638.6317058004774, 'train/step_time': 9.998585979999916, 'train/mfu': 84.33, 'train/efficiency': 53.4, 'train/forward_time_percent': 16.48, 'train/backward_time_percent': 36.02, 'train/optimizer_time_percent': 0.89, 'train/overhead_time_percent': 46.6, 'epoch': 2.895104895104895}
{'loss': 1.1217, 'learning_rate': 0.0001, 'grad_norm': 0.3221973776817322, 'train/tokens_per_sec': 1639.2317335599803, 'train/step_time': 9.994926076997217, 'train/mfu': 85.86, 'train/efficiency': 52.65, 'train/forward_time_percent': 16.3, 'train/backward_time_percent': 35.29, 'train/optimizer_time_percent': 1.05, 'train/overhead_time_percent': 47.35, 'epoch': 2.8997668997668997}
{'loss': 1.1217, 'learning_rate': 0.0001, 'grad_norm': 0.3221973776817322, 'train/tokens_per_sec': 1639.3540889973533, 'train/step_time': 9.994180092002352, 'train/mfu': 85.32, 'train/efficiency': 52.88, 'train/forward_time_percent': 16.82, 'train/backward_time_percent': 35.1, 'train/optimizer_time_percent': 0.96, 'train/overhead_time_percent': 47.12, 'epoch': 2.8997668997668997}
{'loss': 1.0048, 'learning_rate': 0.0001, 'grad_norm': 0.39028263092041016, 'train/tokens_per_sec': 1639.3259754084609, 'train/step_time': 9.994351486999221, 'train/mfu': 86.54, 'train/efficiency': 52.08, 'train/forward_time_percent': 17.22, 'train/backward_time_percent': 33.97, 'train/optimizer_time_percent': 0.89, 'train/overhead_time_percent': 47.92, 'epoch': 2.9044289044289044}{'loss': 1.0048, 'learning_rate': 0.0001, 'grad_norm': 0.39028263092041016, 'train/tokens_per_sec': 1638.6988468868797, 'train/step_time': 9.998176315999444, 'train/mfu': 88.29, 'train/efficiency': 51.19, 'train/forward_time_percent': 16.24, 'train/backward_time_percent': 33.92, 'train/optimizer_time_percent': 1.03, 'train/overhead_time_percent': 48.81, 'epoch': 2.9044289044289044}

{'loss': 1.2011, 'learning_rate': 0.0001, 'grad_norm': 0.38304829597473145, 'train/tokens_per_sec': 1636.853478245151, 'train/step_time': 10.009448138000153, 'train/mfu': 87.31, 'train/efficiency': 51.7, 'train/forward_time_percent': 16.69, 'train/backward_time_percent': 33.97, 'train/optimizer_time_percent': 1.04, 'train/overhead_time_percent': 48.3, 'epoch': 2.909090909090909}
{'loss': 1.2011, 'learning_rate': 0.0001, 'grad_norm': 0.38304829597473145, 'train/tokens_per_sec': 1638.0909923171107, 'train/step_time': 10.001886388999992, 'train/mfu': 83.99, 'train/efficiency': 53.73, 'train/forward_time_percent': 16.86, 'train/backward_time_percent': 35.84, 'train/optimizer_time_percent': 1.03, 'train/overhead_time_percent': 46.27, 'epoch': 2.909090909090909}
{'loss': 1.4485, 'learning_rate': 0.0001, 'grad_norm': 0.34439733624458313, 'train/tokens_per_sec': 1638.4017760272204, 'train/step_time': 9.99998916000186, 'train/mfu': 87.04, 'train/efficiency': 51.9, 'train/forward_time_percent': 16.71, 'train/backward_time_percent': 34.16, 'train/optimizer_time_percent': 1.03, 'train/overhead_time_percent': 48.1, 'epoch': 2.913752913752914}
{'loss': 1.4485, 'learning_rate': 0.0001, 'grad_norm': 0.34439733624458313, 'train/tokens_per_sec': 1638.8433502277135, 'train/step_time': 9.99729473700063, 'train/mfu': 84.58, 'train/efficiency': 53.33, 'train/forward_time_percent': 16.56, 'train/backward_time_percent': 35.8, 'train/optimizer_time_percent': 0.97, 'train/overhead_time_percent': 46.67, 'epoch': 2.913752913752914}
{'loss': 1.2842, 'learning_rate': 0.0001, 'grad_norm': 0.30692940950393677, 'train/tokens_per_sec': 1639.7295880179165, 'train/step_time': 9.991891419002059, 'train/mfu': 83.58, 'train/efficiency': 54.09, 'train/forward_time_percent': 16.9, 'train/backward_time_percent': 36.12, 'train/optimizer_time_percent': 1.07, 'train/overhead_time_percent': 45.91, 'epoch': 2.9184149184149186}
{'loss': 1.2842, 'learning_rate': 0.0001, 'grad_norm': 0.30692940950393677, 'train/tokens_per_sec': 1640.0949147592182, 'train/step_time': 9.989665752000292, 'train/mfu': 83.23, 'train/efficiency': 54.3, 'train/forward_time_percent': 17.69, 'train/backward_time_percent': 35.56, 'train/optimizer_time_percent': 1.05, 'train/overhead_time_percent': 45.7, 'epoch': 2.9184149184149186}
{'loss': 0.8778, 'learning_rate': 0.0001, 'grad_norm': 0.3149299919605255, 'train/tokens_per_sec': 1638.35481859768, 'train/step_time': 10.000275772999885, 'train/mfu': 85.7, 'train/efficiency': 52.71, 'train/forward_time_percent': 16.41, 'train/backward_time_percent': 35.25, 'train/optimizer_time_percent': 1.05, 'train/overhead_time_percent': 47.29, 'epoch': 2.9230769230769234}
{'loss': 0.8778, 'learning_rate': 0.0001, 'grad_norm': 0.3149299919605255, 'train/tokens_per_sec': 1638.4259941201806, 'train/step_time': 9.999841346998437, 'train/mfu': 85.82, 'train/efficiency': 52.53, 'train/forward_time_percent': 16.54, 'train/backward_time_percent': 35.05, 'train/optimizer_time_percent': 0.94, 'train/overhead_time_percent': 47.47, 'epoch': 2.9230769230769234}
{'loss': 1.0139, 'learning_rate': 0.0001, 'grad_norm': 0.32394710183143616, 'train/tokens_per_sec': 1639.0113920609206, 'train/step_time': 9.99626975099818, 'train/mfu': 84.9, 'train/efficiency': 53.13, 'train/forward_time_percent': 16.87, 'train/backward_time_percent': 35.3, 'train/optimizer_time_percent': 0.96, 'train/overhead_time_percent': 46.87, 'epoch': 2.9277389277389276}
{'loss': 1.0139, 'learning_rate': 0.0001, 'grad_norm': 0.32394710183143616, 'train/tokens_per_sec': 1639.325297000332, 'train/step_time': 9.994355622999137, 'train/mfu': 84.54, 'train/efficiency': 53.46, 'train/forward_time_percent': 16.93, 'train/backward_time_percent': 35.48, 'train/optimizer_time_percent': 1.05, 'train/overhead_time_percent': 46.54, 'epoch': 2.9277389277389276}
  step   630  loss   0.8967  |     5460.7 ms{'loss': 0.8967, 'learning_rate': 0.0001, 'grad_norm': 0.43311843276023865, 'train/tokens_per_sec': 1637.4687314149833, 'train/step_time': 10.005687244996807, 'train/mfu': 83.21, 'train/efficiency': 54.2, 'train/forward_time_percent': 17.33, 'train/backward_time_percent': 35.85, 'train/optimizer_time_percent': 1.02, 'train/overhead_time_percent': 45.8, 'epoch': 2.9324009324009324}

{'loss': 0.8967, 'learning_rate': 0.0001, 'grad_norm': 0.43311843276023865, 'train/tokens_per_sec': 1637.1446965479215, 'train/step_time': 10.0076676389981, 'train/mfu': 87.31, 'train/efficiency': 51.54, 'train/forward_time_percent': 16.23, 'train/backward_time_percent': 34.44, 'train/optimizer_time_percent': 0.87, 'train/overhead_time_percent': 48.46, 'epoch': 2.9324009324009324}
{'loss': 1.1372, 'learning_rate': 0.0001, 'grad_norm': 0.350344181060791, 'train/tokens_per_sec': 1637.171496469318, 'train/step_time': 10.007503816999815, 'train/mfu': 86.96, 'train/efficiency': 51.91, 'train/forward_time_percent': 16.71, 'train/backward_time_percent': 34.17, 'train/optimizer_time_percent': 1.03, 'train/overhead_time_percent': 48.09, 'epoch': 2.937062937062937}
{'loss': 1.1372, 'learning_rate': 0.0001, 'grad_norm': 0.350344181060791, 'train/tokens_per_sec': 1638.198472919462, 'train/step_time': 10.001230174999364, 'train/mfu': 84.46, 'train/efficiency': 53.46, 'train/forward_time_percent': 17.3, 'train/backward_time_percent': 35.11, 'train/optimizer_time_percent': 1.05, 'train/overhead_time_percent': 46.54, 'epoch': 2.937062937062937}
{'loss': 1.1981, 'learning_rate': 0.0001, 'grad_norm': 0.36371225118637085, 'train/tokens_per_sec': 1638.5973364409617, 'train/step_time': 9.998795699000766, 'train/mfu': 86.47, 'train/efficiency': 52.24, 'train/forward_time_percent': 16.68, 'train/backward_time_percent': 34.53, 'train/optimizer_time_percent': 1.03, 'train/overhead_time_percent': 47.76, 'epoch': 2.941724941724942}
{'loss': 1.1981, 'learning_rate': 0.0001, 'grad_norm': 0.36371225118637085, 'train/tokens_per_sec': 1639.7374781095489, 'train/step_time': 9.991843340001651, 'train/mfu': 84.2, 'train/efficiency': 53.5, 'train/forward_time_percent': 17.16, 'train/backward_time_percent': 35.47, 'train/optimizer_time_percent': 0.87, 'train/overhead_time_percent': 46.5, 'epoch': 2.941724941724942}
{'loss': 1.1913, 'learning_rate': 0.0001, 'grad_norm': 0.34396958351135254, 'train/tokens_per_sec': 1637.6195051393881, 'train/step_time': 10.004766033001943, 'train/mfu': 86.25, 'train/efficiency': 52.28, 'train/forward_time_percent': 16.51, 'train/backward_time_percent': 34.8, 'train/optimizer_time_percent': 0.97, 'train/overhead_time_percent': 47.72, 'epoch': 2.9463869463869465}
{'loss': 1.1913, 'learning_rate': 0.0001, 'grad_norm': 0.34396958351135254, 'train/tokens_per_sec': 1637.6150594956666, 'train/step_time': 10.004793193002115, 'train/mfu': 85.98, 'train/efficiency': 52.47, 'train/forward_time_percent': 16.52, 'train/backward_time_percent': 34.95, 'train/optimizer_time_percent': 1.0, 'train/overhead_time_percent': 47.53, 'epoch': 2.9463869463869465}
{'loss': 1.022, 'learning_rate': 0.0001, 'grad_norm': 0.3347865641117096, 'train/tokens_per_sec': 1637.9778837630206, 'train/step_time': 10.002577056999144, 'train/mfu': 87.93, 'train/efficiency': 51.38, 'train/forward_time_percent': 16.57, 'train/backward_time_percent': 33.77, 'train/optimizer_time_percent': 1.04, 'train/overhead_time_percent': 48.62, 'epoch': 2.951048951048951}
{'loss': 1.022, 'learning_rate': 0.0001, 'grad_norm': 0.3347865641117096, 'train/tokens_per_sec': 1639.031391606231, 'train/step_time': 9.996147776000726, 'train/mfu': 84.58, 'train/efficiency': 53.4, 'train/forward_time_percent': 17.24, 'train/backward_time_percent': 35.13, 'train/optimizer_time_percent': 1.03, 'train/overhead_time_percent': 46.6, 'epoch': 2.951048951048951}
{'loss': 1.0482, 'learning_rate': 0.0001, 'grad_norm': 0.354689359664917, 'train/tokens_per_sec': 1601.128638391643, 'train/step_time': 10.232781806000276, 'train/mfu': 81.56, 'train/efficiency': 54.06, 'train/forward_time_percent': 15.73, 'train/backward_time_percent': 37.32, 'train/optimizer_time_percent': 1.01, 'train/overhead_time_percent': 45.94, 'epoch': 2.9557109557109555}
{'loss': 1.0482, 'learning_rate': 0.0001, 'grad_norm': 0.354689359664917, 'train/tokens_per_sec': 1601.6080405931712, 'train/step_time': 10.229718872997182, 'train/mfu': 80.2, 'train/efficiency': 55.0, 'train/forward_time_percent': 17.27, 'train/backward_time_percent': 36.7, 'train/optimizer_time_percent': 1.03, 'train/overhead_time_percent': 45.0, 'epoch': 2.9557109557109555}
{'loss': 1.3225, 'learning_rate': 0.0001, 'grad_norm': 0.37141990661621094, 'train/tokens_per_sec': 1634.9135618704051, 'train/step_time': 10.021324908000679, 'train/mfu': 86.95, 'train/efficiency': 51.67, 'train/forward_time_percent': 16.55, 'train/backward_time_percent': 34.27, 'train/optimizer_time_percent': 0.86, 'train/overhead_time_percent': 48.33, 'epoch': 2.9603729603729603}
{'loss': 1.3225, 'learning_rate': 0.0001, 'grad_norm': 0.37141990661621094, 'train/tokens_per_sec': 1636.1181725746244, 'train/step_time': 10.013946593000583, 'train/mfu': 82.5, 'train/efficiency': 54.46, 'train/forward_time_percent': 16.96, 'train/backward_time_percent': 36.63, 'train/optimizer_time_percent': 0.87, 'train/overhead_time_percent': 45.54, 'epoch': 2.9603729603729603}
{'loss': 1.0213, 'learning_rate': 0.0001, 'grad_norm': 0.3833477795124054, 'train/tokens_per_sec': 1638.6238928843036, 'train/step_time': 9.998633652998251, 'train/mfu': 83.63, 'train/efficiency': 53.99, 'train/forward_time_percent': 17.1, 'train/backward_time_percent': 35.85, 'train/optimizer_time_percent': 1.04, 'train/overhead_time_percent': 46.01, 'epoch': 2.965034965034965}
{'loss': 1.0213, 'learning_rate': 0.0001, 'grad_norm': 0.3833477795124054, 'train/tokens_per_sec': 1637.6266812387748, 'train/step_time': 10.004722191999463, 'train/mfu': 86.87, 'train/efficiency': 51.93, 'train/forward_time_percent': 16.63, 'train/backward_time_percent': 34.31, 'train/optimizer_time_percent': 0.98, 'train/overhead_time_percent': 48.07, 'epoch': 2.965034965034965}
{'loss': 0.9687, 'learning_rate': 0.0001, 'grad_norm': 0.3880169689655304, 'train/tokens_per_sec': 1637.3735738969158, 'train/step_time': 10.006268735000049, 'train/mfu': 84.18, 'train/efficiency': 53.44, 'train/forward_time_percent': 16.65, 'train/backward_time_percent': 35.91, 'train/optimizer_time_percent': 0.88, 'train/overhead_time_percent': 46.56, 'epoch': 2.9696969696969697}
{'loss': 0.9687, 'learning_rate': 0.0001, 'grad_norm': 0.3880169689655304, 'train/tokens_per_sec': 1637.1397144588025, 'train/step_time': 10.007698093999352, 'train/mfu': 84.56, 'train/efficiency': 53.35, 'train/forward_time_percent': 16.62, 'train/backward_time_percent': 35.7, 'train/optimizer_time_percent': 1.03, 'train/overhead_time_percent': 46.65, 'epoch': 2.9696969696969697}
{'loss': 1.0787, 'learning_rate': 0.0001, 'grad_norm': 0.3405435085296631, 'train/tokens_per_sec': 1637.920038981083, 'train/step_time': 10.002930307997303, 'train/mfu': 85.51, 'train/efficiency': 52.64, 'train/forward_time_percent': 16.81, 'train/backward_time_percent': 34.96, 'train/optimizer_time_percent': 0.88, 'train/overhead_time_percent': 47.36, 'epoch': 2.9743589743589745}
{'loss': 1.0787, 'learning_rate': 0.0001, 'grad_norm': 0.3405435085296631, 'train/tokens_per_sec': 1638.4893422360171, 'train/step_time': 9.999454728000273, 'train/mfu': 83.91, 'train/efficiency': 53.81, 'train/forward_time_percent': 16.75, 'train/backward_time_percent': 36.01, 'train/optimizer_time_percent': 1.04, 'train/overhead_time_percent': 46.19, 'epoch': 2.9743589743589745}
  step   640  loss   1.0515  |     5577.0 ms
{'loss': 1.0515, 'learning_rate': 0.0001, 'grad_norm': 0.3631066381931305, 'train/tokens_per_sec': 1637.8239380134762, 'train/step_time': 10.003517239998473, 'train/mfu': 85.66, 'train/efficiency': 52.65, 'train/forward_time_percent': 16.32, 'train/backward_time_percent': 35.35, 'train/optimizer_time_percent': 0.97, 'train/overhead_time_percent': 47.35, 'epoch': 2.979020979020979}
{'loss': 1.0515, 'learning_rate': 0.0001, 'grad_norm': 0.3631066381931305, 'train/tokens_per_sec': 1638.1686486499013, 'train/step_time': 10.00141225599873, 'train/mfu': 83.75, 'train/efficiency': 53.9, 'train/forward_time_percent': 17.51, 'train/backward_time_percent': 35.35, 'train/optimizer_time_percent': 1.04, 'train/overhead_time_percent': 46.1, 'epoch': 2.979020979020979}
{'loss': 0.9772, 'learning_rate': 0.0001, 'grad_norm': 0.32403987646102905, 'train/tokens_per_sec': 1636.9936216198164, 'train/step_time': 10.00859122700058, 'train/mfu': 87.79, 'train/efficiency': 51.42, 'train/forward_time_percent': 15.85, 'train/backward_time_percent': 34.54, 'train/optimizer_time_percent': 1.03, 'train/overhead_time_percent': 48.58, 'epoch': 2.983682983682984}
{'loss': 0.9772, 'learning_rate': 0.0001, 'grad_norm': 0.32403987646102905, 'train/tokens_per_sec': 1637.9373043324374, 'train/step_time': 10.002824867999152, 'train/mfu': 84.26, 'train/efficiency': 53.42, 'train/forward_time_percent': 17.26, 'train/backward_time_percent': 35.27, 'train/optimizer_time_percent': 0.88, 'train/overhead_time_percent': 46.58, 'epoch': 2.983682983682984}
{'loss': 1.1368, 'learning_rate': 0.0001, 'grad_norm': 0.39120325446128845, 'train/tokens_per_sec': 1637.8126224150828, 'train/step_time': 10.003586353999708, 'train/mfu': 86.55, 'train/efficiency': 52.16, 'train/forward_time_percent': 16.87, 'train/backward_time_percent': 34.27, 'train/optimizer_time_percent': 1.02, 'train/overhead_time_percent': 47.84, 'epoch': 2.988344988344988}
{'loss': 1.1368, 'learning_rate': 0.0001, 'grad_norm': 0.39120325446128845, 'train/tokens_per_sec': 1638.2754564974055, 'train/step_time': 10.000760211001761, 'train/mfu': 84.77, 'train/efficiency': 53.25, 'train/forward_time_percent': 17.01, 'train/backward_time_percent': 35.22, 'train/optimizer_time_percent': 1.02, 'train/overhead_time_percent': 46.75, 'epoch': 2.988344988344988}
{'loss': 1.0775, 'learning_rate': 0.0001, 'grad_norm': 0.5003775954246521, 'train/tokens_per_sec': 1638.8422120718483, 'train/step_time': 9.99730167999951, 'train/mfu': 84.86, 'train/efficiency': 53.22, 'train/forward_time_percent': 16.66, 'train/backward_time_percent': 35.53, 'train/optimizer_time_percent': 1.03, 'train/overhead_time_percent': 46.78, 'epoch': 2.993006993006993}
{'loss': 1.0775, 'learning_rate': 0.0001, 'grad_norm': 0.5003775954246521, 'train/tokens_per_sec': 1638.7223299635634, 'train/step_time': 9.998033040999871, 'train/mfu': 86.1, 'train/efficiency': 52.53, 'train/forward_time_percent': 16.56, 'train/backward_time_percent': 34.87, 'train/optimizer_time_percent': 1.1, 'train/overhead_time_percent': 47.47, 'epoch': 2.993006993006993}
{'loss': 1.0655, 'learning_rate': 0.0001, 'grad_norm': 0.3756490647792816, 'train/tokens_per_sec': 1637.5475209267508, 'train/step_time': 10.005205827997997, 'train/mfu': 87.28, 'train/efficiency': 51.78, 'train/forward_time_percent': 17.15, 'train/backward_time_percent': 33.55, 'train/optimizer_time_percent': 1.08, 'train/overhead_time_percent': 48.22, 'epoch': 2.9976689976689976}{'loss': 1.0655, 'learning_rate': 0.0001, 'grad_norm': 0.3756490647792816, 'train/tokens_per_sec': 1638.187403574574, 'train/step_time': 10.001297753999097, 'train/mfu': 85.56, 'train/efficiency': 52.64, 'train/forward_time_percent': 16.95, 'train/backward_time_percent': 34.8, 'train/optimizer_time_percent': 0.9, 'train/overhead_time_percent': 47.36, 'epoch': 2.9976689976689976}

{'loss': 1.2063, 'learning_rate': 0.0001, 'grad_norm': 0.7645886540412903, 'train/tokens_per_sec': 1194.4688986747708, 'train/step_time': 6.858278193001752, 'train/mfu': 86.28, 'train/efficiency': 38.9, 'train/forward_time_percent': 12.1, 'train/backward_time_percent': 25.31, 'train/optimizer_time_percent': 1.49, 'train/overhead_time_percent': 61.1, 'epoch': 3.0}
{'loss': 1.2063, 'learning_rate': 0.0001, 'grad_norm': 0.7645886540412903, 'train/tokens_per_sec': 1178.9820178635882, 'train/step_time': 6.948367215001781, 'train/mfu': 83.54, 'train/efficiency': 39.67, 'train/forward_time_percent': 12.47, 'train/backward_time_percent': 25.66, 'train/optimizer_time_percent': 1.54, 'train/overhead_time_percent': 60.33, 'epoch': 3.0}
================================================================================
TRAINING SUMMARY METRICS
================================================================================
summary/tokens_per_sec_avg: 1637.41
summary/total_steps: 645
summary/total_tokens_processed: 10543104
summary/mfu_avg: 86.13%
summary/efficiency_avg: 52.47%
summary/forward_time_percent_avg: 16.7200s
summary/backward_time_percent_avg: 34.7700s
summary/optimizer_time_percent_avg: 0.9800s
summary/overhead_time_percent_avg: 47.5300s
================================================================================
Summary metrics saved to: /opt/np/models/adapters/rerun_seed44/training_summary_metrics.json
================================================================================


Training completed. Do not forget to share your model on huggingface.co/models =)


Saving model checkpoint to /opt/np/models/adapters/rerun_seed44
Model parallelism is enabled, saving the model sharded state dict instead of the full state dict.
[2026-08-05 14:58:45.504: I neuronx_distributed/trainer/checkpoint.py:144] synced saving of checkpoint adapter_shards began
[2026-08-05 14:58:45.672: I neuronx_distributed/trainer/checkpoint.py:192] synced saving of checkpoint adapter_shards completed
[2026-08-05 14:58:45.674: I neuronx_distributed/trainer/checkpoint.py:256] no checkpoints to remove.

  median step 5561.5 ms | 2,946 tok/s | 143.2 TFLOP/s | MFU 75.4%

SUMMARY tag=rerun_seed44 model=meta-llama/Llama-3.1-8B-Instruct tp=2 dp=1 steps=645 median_step_ms=5561.5 first_step_ms=36590.8 compile_s=31.0 tokens_per_s=2946 tflops=143.18 mfu_pct=75.36 final_loss=1.2063 peak_host_mem_mib=16195 train_wall_s=7338.1
wrote /opt/np/repo/trn1/results/rerun/rerun_seed44.json
adapter -> /opt/np/models/adapters/rerun_seed44  (TP-sharded; merge_adapter.py consolidates)
