t_s,gpu_util_pct,mem_used_mib,power_w,temp_c,sclk_mhz,mclk_mhz,util_nc0,util_nc1,host_mem_used_mib
0.0,,,,,,,,,
1.0,0.0,0.0,,,,,0.0,0.0,0.0
2.0,0.0,0.0,,,,,0.0,0.0,0.0
3.0,0.0,0.0,,,,,0.0,0.0,0.0
4.0,0.0,0.0,,,,,0.0,0.0,0.0
5.0,0.0,0.0,,,,,0.0,0.0,0.0
6.0,0.0,0.0,,,,,0.0,0.0,0.0
7.0,0.0,0.0,,,,,0.0,0.0,0.0
8.0,0.0,0.0,,,,,0.0,0.0,0.0
9.0,0.0,0.0,,,,,0.0,0.0,0.0
10.0,0.0,0.0,,,,,0.0,0.0,0.0
11.0,0.0,0.0,,,,,0.0,0.0,0.0
12.0,0.0,0.0,,,,,0.0,0.0,0.0
13.0,0.0,0.0,,,,,0.0,0.0,0.0
14.0,0.0,0.0,,,,,0.0,0.0,0.0
15.0,0.0,0.0,,,,,0.0,0.0,0.0
16.0,0.0,0.0,,,,,0.0,0.0,0.0
17.0,0.0,0.0,,,,,0.0,0.0,0.0
18.0,0.0,0.0,,,,,0.0,0.0,0.0
19.0,0.0,0.0,,,,,0.0,0.0,0.0
20.0,0.0,0.0,,,,,0.0,0.0,0.0
21.0,0.0,0.0,,,,,0.0,0.0,0.0
22.0,0.0,0.0,,,,,0.0,0.0,0.0
23.0,0.0,0.0,,,,,0.0,0.0,0.0
24.0,0.0,0.0,,,,,0.0,0.0,2205.2
25.0,0.0,0.0,,,,,0.0,0.0,2205.2
26.0,0.0,0.0,,,,,0.0,0.0,2205.2
27.0,0.0,0.0,,,,,0.0,0.0,2205.2
28.0,0.0,0.0,,,,,0.0,0.0,2205.2
29.0,0.0,0.0,,,,,0.0,0.0,2205.2
30.0,0.0,0.0,,,,,0.0,0.0,2205.2
31.0,0.22,356.0,,,,,0.21,0.22,2341.7
32.0,0.0,356.0,,,,,0.0,0.0,3890.7
33.0,0.0,356.0,,,,,0.0,0.0,4026.4
34.0,0.0,356.0,,,,,0.0,0.0,5013.2
35.0,0.0,356.0,,,,,0.0,0.0,6119.1
36.01,0.0,356.0,,,,,0.0,0.0,7124.3
37.01,0.0,356.0,,,,,0.0,0.0,8232.9
38.01,0.0,356.0,,,,,0.0,0.0,9229.7
39.01,0.0,356.0,,,,,0.0,0.0,10346.1
40.01,0.0,356.0,,,,,0.0,0.0,11356.9
41.01,0.0,356.0,,,,,0.0,0.0,12474.5
42.01,0.0,356.0,,,,,0.0,0.0,13494.1
43.01,0.0,356.0,,,,,0.0,0.0,14604.4
44.01,0.0,356.0,,,,,0.0,0.0,15620.8
45.01,0.0,356.0,,,,,0.0,0.0,16736.6
46.01,0.0,356.0,,,,,0.0,0.0,19059.9
47.01,0.0,356.0,,,,,0.0,0.0,18708.1
48.01,0.0,356.0,,,,,0.0,0.0,17635.3
49.01,0.0,356.0,,,,,0.0,0.0,18008.1
50.01,0.0,356.0,,,,,0.0,0.0,18373.3
51.01,0.0,356.0,,,,,0.0,0.0,18738.6
52.01,0.0,356.0,,,,,0.0,0.0,17640.8
53.01,0.0,356.0,,,,,0.0,0.0,18005.8
54.01,0.0,356.0,,,,,0.0,0.0,18370.6
55.01,0.0,356.0,,,,,0.0,0.0,18715.9
56.01,0.0,356.0,,,,,0.0,0.0,17633.6
57.01,0.0,356.0,,,,,0.0,0.0,18002.9
58.01,0.0,356.0,,,,,0.0,0.0,18369.6
59.01,0.0,356.0,,,,,0.0,0.0,18726.2
60.01,0.0,356.0,,,,,0.0,0.0,17644.8
61.01,0.0,356.0,,,,,0.0,0.0,18012.1
62.01,0.0,356.0,,,,,0.0,0.0,18374.4
63.01,0.0,356.0,,,,,0.0,0.0,18754.1
64.01,0.0,356.0,,,,,0.0,0.0,17656.2
65.01,0.0,356.0,,,,,0.0,0.0,18024.6
66.01,0.0,356.0,,,,,0.0,0.0,18377.3
67.01,0.0,356.0,,,,,0.0,0.0,18765.6
68.01,0.0,356.0,,,,,0.0,0.0,17661.9
69.01,0.0,356.0,,,,,0.0,0.0,18036.5
70.01,0.0,356.0,,,,,0.0,0.0,18377.3
71.01,0.0,356.0,,,,,0.0,0.0,18824.0
72.01,0.0,356.0,,,,,0.0,0.0,17806.6
73.01,0.0,356.0,,,,,0.0,0.0,18748.5
74.01,0.0,356.0,,,,,0.0,0.0,19250.4
75.01,0.0,356.0,,,,,0.0,0.0,19750.3
76.01,0.0,356.0,,,,,0.0,0.0,20251.4
77.01,0.0,356.0,,,,,0.0,0.0,20751.9
78.01,0.0,356.0,,,,,0.0,0.0,21251.2
79.01,0.0,356.0,,,,,0.0,0.0,21792.4
80.01,0.0,356.0,,,,,0.0,0.0,22253.3
81.01,0.0,356.0,,,,,0.0,0.0,22678.2
82.01,0.0,356.0,,,,,0.0,0.0,22918.1
83.01,0.0,356.0,,,,,0.0,0.0,23070.2
84.01,0.0,356.0,,,,,0.0,0.0,25269.1
85.01,0.0,356.0,,,,,0.0,0.0,26364.1
86.01,0.0,356.0,,,,,0.0,0.0,26615.1
87.01,0.0,356.0,,,,,0.0,0.0,26423.1
88.01,0.0,356.0,,,,,0.0,0.0,26313.0
89.01,0.0,356.0,,,,,0.0,0.0,26459.6
90.01,0.0,356.0,,,,,0.0,0.0,26596.4
91.01,0.0,356.0,,,,,0.0,0.0,26733.7
92.01,0.0,356.0,,,,,0.0,0.0,26861.0
93.01,0.0,356.0,,,,,0.0,0.0,27027.3
94.01,0.0,356.0,,,,,0.0,0.0,27210.3
95.02,0.0,356.0,,,,,0.0,0.0,28311.3
96.02,0.0,356.0,,,,,0.0,0.0,30104.8
97.02,0.0,356.0,,,,,0.0,0.0,29112.6
98.02,0.0,356.0,,,,,0.0,0.0,25246.8
99.02,0.0,356.0,,,,,0.0,0.0,26765.1
100.02,0.0,356.0,,,,,0.0,0.0,27114.3
101.02,0.0,356.0,,,,,0.0,0.0,27215.7
102.02,0.0,356.0,,,,,0.0,0.0,27301.2
103.02,0.0,356.0,,,,,0.0,0.0,27398.7
104.02,0.0,356.0,,,,,0.0,0.0,27467.4
105.02,0.0,356.0,,,,,0.0,0.0,27546.0
106.02,0.0,356.0,,,,,0.0,0.0,27618.1
107.04,0.0,356.0,,,,,0.0,0.0,27671.2
108.04,0.0,356.0,,,,,0.0,0.0,27746.9
109.04,0.0,356.0,,,,,0.0,0.0,27907.4
110.04,0.0,356.0,,,,,0.0,0.0,28169.6
111.04,0.0,356.0,,,,,0.0,0.0,29398.5
112.04,0.0,356.0,,,,,0.0,0.0,30267.6
113.04,0.0,356.0,,,,,0.0,0.0,30793.9
114.04,0.0,356.0,,,,,0.0,0.0,31227.4
115.04,0.0,356.0,,,,,0.0,0.0,31735.5
116.04,0.0,356.0,,,,,0.0,0.0,22630.7
117.04,0.0,356.0,,,,,0.0,0.0,23176.6
118.04,0.0,356.0,,,,,0.0,0.0,23882.4
119.04,0.0,356.0,,,,,0.0,0.0,24412.4
120.04,0.0,356.0,,,,,0.0,0.0,25108.1
121.04,0.0,356.0,,,,,0.0,0.0,25640.3
122.04,0.0,356.0,,,,,0.0,0.0,26327.7
123.04,0.0,356.0,,,,,0.0,0.0,26412.9
124.04,0.0,356.0,,,,,0.0,0.0,26386.3
125.04,0.0,356.0,,,,,0.0,0.0,26507.7
126.04,0.0,356.0,,,,,0.0,0.0,26510.1
127.04,0.0,356.0,,,,,0.0,0.0,26484.8
128.04,0.0,356.0,,,,,0.0,0.0,26472.0
129.04,0.0,356.0,,,,,0.0,0.0,26478.0
130.04,0.0,356.0,,,,,0.0,0.0,26479.0
131.04,0.0,356.0,,,,,0.0,0.0,26338.4
132.04,0.0,356.0,,,,,0.0,0.0,26331.1
133.04,0.0,356.0,,,,,0.0,0.0,26328.3
134.04,0.0,356.1,,,,,0.0,0.0,17091.1
135.04,0.04,356.7,,,,,0.04,0.04,16006.0
136.04,0.0,356.7,,,,,0.0,0.0,16060.2
137.05,0.0,356.7,,,,,0.0,0.0,16076.1
138.05,23.97,356.7,,,,,21.43,26.51,16269.4
139.05,0.0,2922.6,,,,,0.0,0.0,14183.8
140.05,0.0,5325.0,,,,,0.0,0.0,12452.8
141.05,0.0,6372.9,,,,,0.0,0.0,11921.2
142.05,0.0,7614.2,,,,,0.0,0.0,11113.6
143.05,0.0,8887.8,,,,,0.0,0.0,10417.2
144.05,0.0,11305.2,,,,,0.0,0.0,8814.8
145.05,0.0,15360.0,,,,,0.0,0.0,5808.8
146.05,0.0,15974.5,,,,,0.0,0.0,4868.0
147.05,0.0,15974.5,,,,,0.0,0.0,2737.8
148.05,0.0,15974.5,,,,,0.0,0.0,2776.3
149.05,0.0,15974.5,,,,,0.0,0.0,2776.3
150.05,0.0,15974.5,,,,,0.0,0.0,2777.4
151.05,0.0,15974.5,,,,,0.0,0.0,2848.0
152.05,0.0,15974.5,,,,,0.0,0.0,2940.0
153.05,0.0,15974.5,,,,,0.0,0.0,3087.7
154.05,0.0,15974.5,,,,,0.0,0.0,4143.6
155.05,0.0,15974.5,,,,,0.0,0.0,6552.3
156.05,0.0,15974.5,,,,,0.0,0.0,7817.1
157.05,0.0,15974.5,,,,,0.0,0.0,8280.1
158.05,0.0,19740.3,,,,,0.0,0.0,8321.2
159.05,0.0,19859.6,,,,,0.0,0.0,8321.3
160.05,0.0,19944.4,,,,,0.0,0.0,8321.7
161.05,0.0,20086.2,,,,,0.0,0.0,8321.7
162.05,0.0,20340.9,,,,,0.0,0.0,7798.4
163.05,0.0,20670.9,,,,,0.0,0.0,4978.7
164.05,100.0,20636.8,,,,,100.0,100.0,5514.8
165.05,0.0,20636.8,,,,,0.0,0.0,5515.0
166.05,0.0,20636.8,,,,,0.0,0.0,5515.0
167.05,0.0,20636.8,,,,,0.0,0.0,5515.0
168.05,0.0,20636.8,,,,,0.0,0.0,5667.6
169.05,0.0,20636.8,,,,,0.0,0.0,5807.7
170.05,0.0,20636.8,,,,,0.0,0.0,6231.4
171.05,0.0,20636.8,,,,,0.0,0.0,8207.3
172.05,0.0,20636.8,,,,,0.0,0.0,9798.4
173.05,0.0,20636.8,,,,,0.0,0.0,10411.4
174.05,0.0,20690.4,,,,,0.0,0.0,10497.0
175.05,0.0,20809.4,,,,,0.0,0.0,10497.1
176.05,0.0,20915.1,,,,,0.0,0.0,10497.2
177.05,0.0,21195.8,,,,,0.0,0.0,10178.9
178.05,0.0,21257.2,,,,,0.0,0.0,11074.2
179.05,0.0,21298.8,,,,,0.0,0.0,7542.3
180.05,100.0,21340.4,,,,,100.0,100.0,7551.0
181.05,100.0,21340.4,,,,,100.0,100.0,7541.3
182.05,100.0,21361.1,,,,,100.0,100.0,7553.4
183.05,0.0,21381.9,,,,,0.0,0.0,7752.5
184.05,100.0,21353.3,,,,,100.0,100.0,8267.2
185.05,100.0,21824.9,,,,,100.0,100.0,8493.8
186.05,100.0,21783.2,,,,,100.0,100.0,8493.8
187.05,0.0,21783.2,,,,,0.0,0.0,8493.8
188.05,100.0,21683.3,,,,,100.0,100.0,8310.2
189.05,0.0,21724.9,,,,,0.0,0.0,8298.4
190.05,100.0,21766.4,,,,,100.0,100.0,8310.9
191.05,100.0,21766.4,,,,,100.0,100.0,8298.1
192.05,100.0,21766.4,,,,,100.0,100.0,8306.5
193.05,0.0,21842.0,,,,,0.0,0.0,8314.3
194.06,100.0,21808.0,,,,,100.0,100.0,8552.1
195.06,100.0,21766.4,,,,,100.0,100.0,9103.0
196.06,100.0,21861.6,,,,,100.0,100.0,9409.4
197.06,0.0,21861.6,,,,,0.0,0.0,9409.4
198.06,100.0,21819.9,,,,,100.0,100.0,9409.4
199.06,100.0,21719.8,,,,,100.0,100.0,8951.3
200.06,0.0,21761.5,,,,,0.0,0.0,8966.3
201.06,100.0,21761.5,,,,,100.0,100.0,8953.1
202.06,100.0,21761.5,,,,,100.0,100.0,8959.1
203.06,0.0,21844.6,,,,,0.0,0.0,8950.4
204.06,100.0,21844.6,,,,,100.0,100.0,8956.6
205.06,100.0,21944.6,,,,,100.0,100.0,8971.7
206.06,100.0,21903.3,,,,,100.0,100.0,8975.7
207.06,0.0,21903.3,,,,,0.0,0.0,8975.7
208.06,100.0,21861.7,,,,,100.0,100.0,8975.9
209.06,100.0,21820.0,,,,,100.0,100.0,8975.9
210.06,100.0,21719.8,,,,,100.0,100.0,8976.0
211.06,0.0,21719.9,,,,,0.0,0.0,8969.1
212.06,100.0,21719.9,,,,,100.0,100.0,8966.5
213.06,0.0,21803.0,,,,,0.0,0.0,8961.9
214.06,100.0,21803.0,,,,,100.0,100.0,8960.9
215.06,100.0,21844.6,,,,,100.0,100.0,8970.7
216.06,100.0,21944.6,,,,,100.0,100.0,8973.6
217.06,0.0,21944.6,,,,,0.0,0.0,8973.6
218.06,100.0,21903.3,,,,,100.0,100.0,8977.0
219.06,100.0,21861.7,,,,,100.0,100.0,8977.2
220.06,100.0,21820.0,,,,,100.0,100.0,8977.2
221.06,0.0,21820.0,,,,,0.0,0.0,8977.2
222.06,100.0,21719.9,,,,,100.0,100.0,8970.5
223.06,0.0,21761.5,,,,,0.0,0.0,8957.9
224.06,100.0,21782.3,,,,,100.0,100.0,8968.2
225.06,100.0,21803.0,,,,,100.0,100.0,8971.7
226.06,100.0,21803.0,,,,,100.0,100.0,8964.9
227.06,0.0,21878.6,,,,,0.0,0.0,8971.9
228.06,100.0,21944.6,,,,,100.0,100.0,8974.8
229.06,100.0,21903.3,,,,,100.0,100.0,8978.0
230.06,100.0,21861.7,,,,,100.0,100.0,8978.2
231.06,0.0,21861.7,,,,,0.0,0.0,8978.2
232.06,100.0,21820.0,,,,,100.0,100.0,8978.2
233.06,100.0,21719.8,,,,,100.0,100.0,8957.0
234.06,0.0,21761.5,,,,,0.0,0.0,8971.6
235.06,100.0,21761.5,,,,,100.0,100.0,8958.1
236.06,100.0,21761.5,,,,,100.0,100.0,8966.4
237.06,0.0,21844.6,,,,,0.0,0.0,8957.6
238.06,100.0,21844.6,,,,,100.0,100.0,8962.4
239.06,100.0,21944.6,,,,,100.0,100.0,8976.0
240.06,100.0,21903.1,,,,,100.0,100.0,8978.8
241.06,0.0,21903.3,,,,,0.0,0.0,8979.4
242.06,100.0,21861.7,,,,,100.0,100.0,8979.6
243.06,100.0,21820.0,,,,,100.0,100.0,8979.6
244.06,100.0,21719.9,,,,,100.0,100.0,8979.7
245.06,1.23,21719.9,,,,,1.23,1.23,8973.1
246.06,100.0,21719.9,,,,,100.0,100.0,8969.6
247.06,0.0,21803.0,,,,,0.0,0.0,8966.2
248.06,100.0,21803.0,,,,,100.0,100.0,8963.5
249.06,100.0,21844.6,,,,,100.0,100.0,8965.5
250.06,100.0,21944.6,,,,,100.0,100.0,8977.4
251.06,0.0,21944.6,,,,,0.0,0.0,8977.4
252.06,100.0,21903.3,,,,,100.0,100.0,8980.7
253.06,100.0,21861.7,,,,,100.0,100.0,8980.9
254.06,100.0,21820.0,,,,,100.0,100.0,8980.9
255.06,0.0,21820.0,,,,,0.0,0.0,8980.9
256.06,100.0,21719.9,,,,,100.0,100.0,8974.1
257.06,0.0,21761.5,,,,,0.0,0.0,8974.2
258.06,100.0,21799.3,,,,,100.0,100.0,8974.0
259.07,100.0,21803.0,,,,,100.0,100.0,8975.0
260.07,100.0,21803.0,,,,,100.0,100.0,8968.7
261.07,0.0,21878.6,,,,,0.0,0.0,8975.5
262.07,100.0,21944.6,,,,,100.0,100.0,8978.2
263.07,100.0,21903.3,,,,,100.0,100.0,8981.5
264.07,100.0,21861.7,,,,,100.0,100.0,8981.7
265.07,0.0,21861.7,,,,,0.0,0.0,8981.7
266.07,100.0,21820.0,,,,,100.0,100.0,8981.7
267.07,100.0,21719.8,,,,,100.0,100.0,8960.1
268.07,0.0,21740.7,,,,,0.0,0.0,8973.3
269.07,100.0,21761.5,,,,,100.0,100.0,8961.2
270.07,100.0,21761.5,,,,,100.0,100.0,8968.2
271.07,0.0,21844.6,,,,,0.0,0.0,8977.0
272.07,100.0,21844.6,,,,,100.0,100.0,8965.4
273.07,100.0,21944.6,,,,,100.0,100.0,8979.6
274.07,100.0,21903.1,,,,,100.0,100.0,8982.0
275.07,0.0,21903.3,,,,,0.0,0.0,8982.3
276.07,100.0,21861.7,,,,,100.0,100.0,8982.5
277.07,100.0,21820.0,,,,,100.0,100.0,8982.5
278.07,100.0,21719.9,,,,,100.0,100.0,8982.6
279.07,1.23,21719.9,,,,,1.23,1.23,8960.6
280.07,100.0,21740.7,,,,,100.0,100.0,8972.3
281.07,0.0,21803.0,,,,,0.0,0.0,8960.3
282.07,100.0,21803.0,,,,,100.0,100.0,8965.3
283.07,100.0,21844.6,,,,,100.0,100.0,8957.6
284.07,100.0,21839.9,,,,,100.0,100.0,8977.9
285.07,0.0,21944.6,,,,,0.0,0.0,8980.1
286.07,100.0,21903.3,,,,,100.0,100.0,8983.2
287.07,100.0,21861.7,,,,,100.0,100.0,8983.4
288.07,0.0,21861.7,,,,,0.0,0.0,8983.4
289.07,100.0,21820.0,,,,,100.0,100.0,8983.4
290.07,100.0,21719.9,,,,,100.0,100.0,8976.3
291.07,0.0,21761.5,,,,,0.0,0.0,8976.6
292.07,100.0,21761.5,,,,,100.0,100.0,8971.6
293.07,100.0,21803.0,,,,,100.0,100.0,8977.4
294.07,100.0,21803.0,,,,,100.0,100.0,8968.6
295.07,0.0,21878.6,,,,,0.0,0.0,8978.2
296.07,100.0,21944.6,,,,,100.0,100.0,8980.9
297.07,100.0,21903.3,,,,,100.0,100.0,8984.3
298.07,0.0,21903.3,,,,,0.0,0.0,8984.3
299.07,100.0,21861.7,,,,,100.0,100.0,8984.5
300.07,100.0,21820.0,,,,,100.0,100.0,8984.5
301.07,100.0,21719.8,,,,,100.0,100.0,8963.6
302.07,0.0,21761.5,,,,,0.0,0.0,8977.7
303.07,100.0,21761.5,,,,,100.0,100.0,8964.7
304.07,100.0,21761.5,,,,,100.0,100.0,8970.3
305.07,0.0,21844.6,,,,,0.0,0.0,8979.5
306.07,100.0,21844.6,,,,,100.0,100.0,8968.8
307.07,100.0,21944.6,,,,,100.0,100.0,8982.2
308.07,0.0,21944.6,,,,,0.0,0.0,8982.2
309.07,100.0,21903.3,,,,,100.0,100.0,8985.3
310.07,100.0,21861.7,,,,,100.0,100.0,8985.5
311.07,100.0,21820.0,,,,,100.0,100.0,8985.5
312.07,0.0,21820.0,,,,,0.0,0.0,8985.5
313.07,100.0,21719.9,,,,,100.0,100.0,8963.7
314.07,100.0,21719.9,,,,,100.0,100.0,8976.5
315.07,0.0,21803.0,,,,,0.0,0.0,8965.1
316.07,100.0,21803.0,,,,,100.0,100.0,8972.1
317.07,100.0,21844.6,,,,,100.0,100.0,8962.9
318.07,100.0,21882.3,,,,,100.0,100.0,8981.5
319.07,0.0,21944.6,,,,,0.0,0.0,8983.3
320.07,100.0,21903.3,,,,,100.0,100.0,8986.3
321.07,100.0,21861.7,,,,,100.0,100.0,8986.5
322.07,0.0,21861.7,,,,,0.0,0.0,8986.5
323.07,100.0,21820.0,,,,,100.0,100.0,8986.5
324.07,100.0,21719.9,,,,,100.0,100.0,8979.8
325.07,0.0,21761.5,,,,,0.0,0.0,8972.3
326.08,100.0,21782.3,,,,,100.0,100.0,8976.7
327.08,100.0,21803.0,,,,,100.0,100.0,8973.2
328.08,100.0,21803.0,,,,,100.0,100.0,8973.7
329.08,0.0,21878.6,,,,,0.0,0.0,8981.5
330.08,100.0,21944.6,,,,,100.0,100.0,8984.1
331.08,100.0,21903.3,,,,,100.0,100.0,8986.9
332.08,0.0,21903.3,,,,,0.0,0.0,8986.9
333.08,100.0,21861.7,,,,,100.0,100.0,8987.0
334.08,100.0,21820.0,,,,,100.0,100.0,8987.1
335.08,100.0,21719.8,,,,,100.0,100.0,8966.1
336.08,0.0,21761.5,,,,,0.0,0.0,8980.4
337.08,100.0,21761.5,,,,,100.0,100.0,8981.2
338.08,0.0,21803.0,,,,,0.0,0.0,8974.9
339.08,100.0,21844.6,,,,,100.0,100.0,8982.4
340.08,100.0,21844.6,,,,,100.0,100.0,8972.2
341.08,100.0,21944.6,,,,,100.0,100.0,8984.9
342.08,0.0,21944.6,,,,,0.0,0.0,8984.9
343.08,100.0,21903.3,,,,,100.0,100.0,8987.5
344.08,100.0,21861.7,,,,,100.0,100.0,8987.7
345.08,100.0,21820.0,,,,,100.0,100.0,8987.7
346.08,0.0,21820.0,,,,,0.0,0.0,8987.7
347.08,100.0,21719.9,,,,,100.0,100.0,8966.1
348.08,0.0,21782.3,,,,,0.0,0.0,8978.9
349.08,100.0,21803.0,,,,,100.0,100.0,8967.7
350.08,100.0,21803.0,,,,,100.0,100.0,8974.6
351.08,100.0,21844.6,,,,,100.0,100.0,8983.0
352.08,0.0,21878.6,,,,,0.0,0.0,8983.0
353.08,100.0,21944.6,,,,,100.0,100.0,8985.6
354.08,100.0,21903.3,,,,,100.0,100.0,8988.3
355.08,100.0,21861.7,,,,,100.0,100.0,8988.5
356.08,0.0,21861.7,,,,,0.0,0.0,8988.5
357.08,100.0,21820.0,,,,,100.0,100.0,8988.5
358.08,100.0,21705.9,,,,,100.0,100.0,8980.1
359.08,0.0,21761.5,,,,,0.0,0.0,8982.1
360.08,100.0,21761.5,,,,,100.0,100.0,8974.6
361.08,100.0,21803.0,,,,,100.0,100.0,8973.9
362.08,0.0,21844.6,,,,,0.0,0.0,8972.3
363.08,100.0,21878.6,,,,,100.0,100.0,8983.5
364.08,100.0,21944.6,,,,,100.0,100.0,8986.4
365.08,100.0,21903.3,,,,,100.0,100.0,8988.9
366.08,0.0,21903.3,,,,,0.0,0.0,8988.9
367.08,100.0,21861.7,,,,,100.0,100.0,8989.1
368.08,100.0,21820.0,,,,,100.0,100.0,8989.1
369.08,100.0,21719.8,,,,,100.0,100.0,8967.9
370.08,0.0,21740.7,,,,,0.0,0.0,8979.5
371.08,100.0,21761.5,,,,,100.0,100.0,8983.0
372.08,0.0,21803.0,,,,,0.0,0.0,8974.4
373.08,100.0,21844.6,,,,,100.0,100.0,8984.2
374.08,100.0,21844.6,,,,,100.0,100.0,8972.8
375.08,100.0,21944.6,,,,,100.0,100.0,8987.0
376.08,0.0,21944.6,,,,,0.0,0.0,8987.0
377.08,100.0,21903.3,,,,,100.0,100.0,8989.7
378.08,100.0,21861.7,,,,,100.0,100.0,8989.9
379.08,100.0,21820.0,,,,,100.0,100.0,8989.9
380.08,0.0,21820.0,,,,,0.0,0.0,8989.9
381.08,100.0,21719.9,,,,,100.0,100.0,8969.2
382.08,0.0,21782.3,,,,,0.0,0.0,8981.9
383.08,100.0,21803.0,,,,,100.0,100.0,8970.4
384.08,100.0,21803.0,,,,,100.0,100.0,8977.6
385.08,100.0,21844.6,,,,,100.0,100.0,8985.2
386.08,0.0,21878.6,,,,,0.0,0.0,8985.2
387.08,100.0,21944.6,,,,,100.0,100.0,8987.8
388.08,100.0,21903.3,,,,,100.0,100.0,8990.6
389.08,100.0,21861.7,,,,,100.0,100.0,8990.8
390.08,0.0,21861.7,,,,,0.0,0.0,8990.8
391.09,100.0,21820.0,,,,,100.0,100.0,8990.8
392.09,100.0,21685.8,,,,,100.0,100.0,8982.1
393.09,0.0,21761.5,,,,,0.0,0.0,8976.9
394.09,100.0,21761.5,,,,,100.0,100.0,8977.9
395.09,100.0,21803.0,,,,,100.0,100.0,8977.9
396.09,0.0,21844.6,,,,,0.0,0.0,8983.6
397.09,100.0,21861.6,,,,,100.0,100.0,8984.1
398.09,100.0,21944.6,,,,,100.0,100.0,8988.7
399.09,100.0,21903.3,,,,,100.0,100.0,8991.4
400.09,0.0,21903.3,,,,,0.0,0.0,8991.4
401.09,100.0,21861.7,,,,,100.0,100.0,8991.6
402.09,100.0,21820.0,,,,,100.0,100.0,8991.6
403.09,100.0,21719.8,,,,,100.0,100.0,8970.2
404.09,0.0,21740.7,,,,,0.0,0.0,8981.7
405.09,100.0,21761.5,,,,,100.0,100.0,8985.8
406.09,0.0,21803.0,,,,,0.0,0.0,8978.6
407.09,100.0,21844.6,,,,,100.0,100.0,8987.0
408.09,100.0,21844.6,,,,,100.0,100.0,8976.5
409.09,100.0,21944.6,,,,,100.0,100.0,8989.7
410.09,0.0,21944.6,,,,,0.0,0.0,8989.7
411.09,100.0,21903.3,,,,,100.0,100.0,8991.9
412.09,100.0,21861.7,,,,,100.0,100.0,8992.0
413.09,100.0,21820.0,,,,,100.0,100.0,8992.0
414.09,0.0,21820.0,,,,,0.0,0.0,8992.0
415.09,100.0,21719.9,,,,,100.0,100.0,8970.6
416.09,0.0,21761.5,,,,,0.0,0.0,8978.3
417.09,100.0,21803.0,,,,,100.0,100.0,8969.9
418.09,100.0,21803.0,,,,,100.0,100.0,8976.5
419.09,100.0,21844.6,,,,,100.0,100.0,8987.4
420.09,0.0,21878.6,,,,,0.0,0.0,8987.3
421.09,100.0,21944.6,,,,,100.0,100.0,8990.0
422.09,100.0,21903.3,,,,,100.0,100.0,8992.6
423.09,100.0,21861.7,,,,,100.0,100.0,8992.8
424.09,0.0,21861.7,,,,,0.0,0.0,8992.8
425.09,100.0,21820.0,,,,,100.0,100.0,8992.8
426.09,100.0,21719.8,,,,,100.0,100.0,8982.0
427.09,0.0,21761.5,,,,,0.0,0.0,8970.8
428.09,100.0,21761.5,,,,,100.0,100.0,8977.9
429.09,100.0,21803.0,,,,,100.0,100.0,8969.8
430.09,0.0,21844.6,,,,,0.0,0.0,8977.2
431.09,100.0,21878.6,,,,,100.0,100.0,8987.8
432.09,100.0,21944.6,,,,,100.0,100.0,8990.6
433.09,100.0,21903.3,,,,,100.0,100.0,8993.0
434.09,0.0,21903.3,,,,,0.0,0.0,8993.0
435.09,100.0,21861.7,,,,,100.0,100.0,8993.2
436.09,100.0,21820.0,,,,,100.0,100.0,8993.2
437.09,100.0,21719.8,,,,,100.0,100.0,8993.4
438.09,0.0,21740.7,,,,,0.0,0.0,8983.9
439.09,100.0,21761.5,,,,,100.0,100.0,8987.4
440.09,0.0,21803.0,,,,,0.0,0.0,8979.8
441.09,100.0,21844.6,,,,,100.0,100.0,8980.9
442.09,100.0,21844.6,,,,,100.0,100.0,8978.0
443.09,100.0,21944.6,,,,,100.0,100.0,8991.2
444.09,0.0,21944.6,,,,,0.0,0.0,8991.2
445.09,100.0,21903.3,,,,,100.0,100.0,8993.9
446.09,100.0,21861.7,,,,,100.0,100.0,8994.0
447.09,100.0,21820.0,,,,,100.0,100.0,8994.0
448.09,0.0,21820.0,,,,,0.0,0.0,8994.0
449.09,100.0,21719.9,,,,,100.0,100.0,8973.4
450.09,0.0,21761.5,,,,,0.0,0.0,8980.5
451.09,100.0,21803.0,,,,,100.0,100.0,8988.9
452.09,100.0,21803.0,,,,,100.0,100.0,8976.5
453.09,100.0,21823.8,,,,,100.0,100.0,8988.7
454.09,0.0,21878.6,,,,,0.0,0.0,8989.7
455.09,100.0,21944.6,,,,,100.0,100.0,8992.2
456.09,100.0,21903.3,,,,,100.0,100.0,8994.4
457.09,100.0,21861.7,,,,,100.0,100.0,8994.6
458.1,0.0,21861.7,,,,,0.0,0.0,8994.6
459.1,100.0,21820.0,,,,,100.0,100.0,8994.6
460.1,100.0,21719.8,,,,,100.0,100.0,8983.1
461.1,0.0,21761.5,,,,,0.0,0.0,8973.1
462.1,100.0,21761.5,,,,,100.0,100.0,8979.2
463.1,100.0,21803.0,,,,,100.0,100.0,8970.1
464.1,0.0,21844.6,,,,,0.0,0.0,8977.5
465.1,100.0,21878.6,,,,,100.0,100.0,8989.8
466.1,100.0,21944.6,,,,,100.0,100.0,8992.6
467.1,100.0,21903.3,,,,,100.0,100.0,8995.2
468.1,0.0,21903.3,,,,,0.0,0.0,8995.2
469.1,100.0,21861.7,,,,,100.0,100.0,8995.4
470.1,100.0,21820.0,,,,,100.0,100.0,8995.4
471.1,100.0,21719.8,,,,,100.0,100.0,8995.6
472.1,0.0,21719.9,,,,,0.0,0.0,8983.2
473.1,100.0,21761.5,,,,,100.0,100.0,8989.5
474.1,0.0,21803.0,,,,,0.0,0.0,8980.9
475.1,100.0,21844.6,,,,,100.0,100.0,8991.0
476.1,100.0,21844.6,,,,,100.0,100.0,8984.8
477.1,100.0,21944.6,,,,,100.0,100.0,8993.8
478.1,0.0,21944.6,,,,,0.0,0.0,8993.8
479.1,100.0,21903.3,,,,,100.0,100.0,8995.9
480.1,100.0,21861.7,,,,,100.0,100.0,8996.1
481.1,100.0,21820.0,,,,,100.0,100.0,8996.1
482.1,0.0,21820.0,,,,,0.0,0.0,8996.1
483.1,100.0,21719.9,,,,,100.0,100.0,8974.5
484.1,0.0,21761.5,,,,,0.0,0.0,8984.0
485.1,100.0,21803.0,,,,,100.0,100.0,8990.7
486.1,100.0,21803.0,,,,,100.0,100.0,8982.9
487.1,100.0,21844.6,,,,,100.0,100.0,8983.9
488.1,0.0,21878.6,,,,,0.0,0.0,8991.5
489.1,100.0,21944.6,,,,,100.0,100.0,8994.2
490.1,100.0,21903.3,,,,,100.0,100.0,8996.5
491.1,100.0,21861.7,,,,,100.0,100.0,8996.7
492.1,0.0,21861.7,,,,,0.0,0.0,8996.7
493.1,100.0,21820.0,,,,,100.0,100.0,8996.7
494.1,100.0,21719.8,,,,,100.0,100.0,8983.5
495.1,0.0,21761.5,,,,,0.0,0.0,8973.9
496.1,100.0,21761.5,,,,,100.0,100.0,8980.8
497.1,100.0,21803.0,,,,,100.0,100.0,8973.1
498.1,0.0,21844.6,,,,,0.0,0.0,8979.7
499.1,100.0,21861.6,,,,,100.0,100.0,8989.6
500.1,100.0,21944.6,,,,,100.0,100.0,8994.7
501.1,100.0,21903.3,,,,,100.0,100.0,8997.1
502.1,0.0,21903.3,,,,,0.0,0.0,8997.1
503.1,100.0,21861.7,,,,,100.0,100.0,8997.3
504.1,100.0,21820.0,,,,,100.0,100.0,8997.4
505.1,100.0,21719.8,,,,,100.0,100.0,8997.6
506.1,0.0,21719.9,,,,,0.0,0.0,8986.2
507.1,100.0,21761.5,,,,,100.0,100.0,8983.8
508.1,0.0,21803.0,,,,,0.0,0.0,8982.9
509.1,100.0,21844.6,,,,,100.0,100.0,8973.9
510.1,100.0,21844.6,,,,,100.0,100.0,8980.0
511.1,100.0,21944.6,,,,,100.0,100.0,8995.7
512.1,0.0,21944.6,,,,,0.0,0.0,8995.7
513.1,100.0,21903.3,,,,,100.0,100.0,8998.0
514.1,100.0,21861.7,,,,,100.0,100.0,8998.2
515.1,100.0,21820.0,,,,,100.0,100.0,8998.2
516.1,0.0,21820.0,,,,,0.0,0.0,8998.2
517.1,100.0,21719.9,,,,,100.0,100.0,8992.2
518.1,0.0,21761.5,,,,,0.0,0.0,8983.5
519.1,100.0,21803.0,,,,,100.0,100.0,8992.9
520.1,100.0,21803.0,,,,,100.0,100.0,8982.8
521.1,100.0,21844.6,,,,,100.0,100.0,8993.7
522.11,0.0,21878.6,,,,,0.0,0.0,8993.8
523.11,100.0,21944.6,,,,,100.0,100.0,8996.4
524.11,100.0,21903.3,,,,,100.0,100.0,8998.6
525.11,100.0,21861.7,,,,,100.0,100.0,8998.8
526.11,0.0,21861.7,,,,,0.0,0.0,8998.8
527.11,100.0,21820.0,,,,,100.0,100.0,8998.8
528.11,100.0,21719.8,,,,,100.0,100.0,8983.5
529.11,0.0,21761.5,,,,,0.0,0.0,8975.2
530.11,100.0,21761.5,,,,,100.0,100.0,8982.4
531.11,100.0,21803.0,,,,,100.0,100.0,8993.3
532.11,0.0,21844.6,,,,,0.0,0.0,8981.3
533.11,100.0,21878.6,,,,,100.0,100.0,8993.7
534.11,100.0,21944.6,,,,,100.0,100.0,8996.7
535.11,100.0,21903.3,,,,,100.0,100.0,8998.9
536.11,0.0,21903.3,,,,,0.0,0.0,8998.9
537.11,100.0,21861.7,,,,,100.0,100.0,8999.1
538.11,100.0,21820.0,,,,,100.0,100.0,8999.1
539.11,100.0,21719.8,,,,,100.0,100.0,8999.4
540.11,0.0,21719.9,,,,,0.0,0.0,8984.7
541.11,100.0,21761.5,,,,,100.0,100.0,8983.7
542.11,0.0,21803.0,,,,,0.0,0.0,8981.7
543.11,100.0,21844.6,,,,,100.0,100.0,8975.0
544.11,100.0,21844.6,,,,,100.0,100.0,8981.0
545.11,100.0,21944.6,,,,,100.0,100.0,8997.3
546.11,0.0,21944.6,,,,,0.0,0.0,8997.3
547.11,100.0,21903.3,,,,,100.0,100.0,8999.6
548.11,100.0,21861.7,,,,,100.0,100.0,8999.8
549.11,100.0,21820.0,,,,,100.0,100.0,8999.8
550.11,0.0,21820.0,,,,,0.0,0.0,8999.8
551.11,100.0,21719.9,,,,,100.0,100.0,8993.5
552.11,0.0,21761.5,,,,,0.0,0.0,8984.6
553.11,100.0,21803.0,,,,,100.0,100.0,8994.3
554.11,100.0,21803.0,,,,,100.0,100.0,8983.6
555.11,100.0,21844.6,,,,,100.0,100.0,8995.2
556.11,0.0,21878.6,,,,,0.0,0.0,8995.1
557.11,100.0,21944.6,,,,,100.0,100.0,8997.7
558.11,100.0,21903.3,,,,,100.0,100.0,8999.7
559.11,100.0,21861.7,,,,,100.0,100.0,8999.9
560.11,0.0,21861.7,,,,,0.0,0.0,8999.9
561.11,100.0,21820.0,,,,,100.0,100.0,8999.9
562.11,100.0,21719.8,,,,,100.0,100.0,8984.2
563.11,0.0,21761.5,,,,,0.0,0.0,8976.8
564.11,100.0,21761.5,,,,,100.0,100.0,8983.5
565.11,100.0,21803.0,,,,,100.0,100.0,8995.1
566.11,0.0,21844.6,,,,,0.0,0.0,8983.8
567.11,100.0,21861.6,,,,,100.0,100.0,8991.1
568.11,100.0,21944.6,,,,,100.0,100.0,8998.2
569.11,100.0,21903.3,,,,,100.0,100.0,9000.4
570.11,0.0,21903.3,,,,,0.0,0.0,9000.4
571.11,100.0,21861.7,,,,,100.0,100.0,9000.6
572.11,100.0,21820.0,,,,,100.0,100.0,9000.6
573.11,100.0,21719.8,,,,,100.0,100.0,9000.8
574.11,0.0,21719.9,,,,,0.0,0.0,8984.6
575.11,100.0,21761.5,,,,,100.0,100.0,8985.3
576.11,0.0,21803.0,,,,,0.0,0.0,8982.2
577.11,100.0,21844.6,,,,,100.0,100.0,8985.8
578.11,100.0,21844.6,,,,,100.0,100.0,8980.8
579.11,100.0,21944.6,,,,,100.0,100.0,8998.7
580.11,0.0,21944.6,,,,,0.0,0.0,8998.7
581.11,100.0,21903.3,,,,,100.0,100.0,9000.7
582.11,100.0,21861.7,,,,,100.0,100.0,9000.9
583.11,100.0,21820.0,,,,,100.0,100.0,9000.9
584.11,0.0,21820.0,,,,,0.0,0.0,9000.9
585.11,100.0,21719.9,,,,,100.0,100.0,8994.9
586.11,0.0,21761.5,,,,,0.0,0.0,8985.9
587.12,100.0,21803.0,,,,,100.0,100.0,8995.6
588.12,100.0,21803.0,,,,,100.0,100.0,8983.5
589.12,100.0,21823.8,,,,,100.0,100.0,8994.7
590.12,0.0,21878.6,,,,,0.0,0.0,8996.4
591.12,100.0,21944.6,,,,,100.0,100.0,8999.0
592.12,100.0,21903.3,,,,,100.0,100.0,9001.1
593.12,100.0,21861.7,,,,,100.0,100.0,9001.2
594.12,0.0,21861.7,,,,,0.0,0.0,9001.2
595.12,100.0,21820.0,,,,,100.0,100.0,9001.3
596.12,100.0,21719.8,,,,,100.0,100.0,8984.3
597.12,0.0,21761.5,,,,,0.0,0.0,8995.4
598.12,100.0,21761.5,,,,,100.0,100.0,8983.6
599.12,100.0,21803.0,,,,,100.0,100.0,8996.0
600.12,0.0,21844.6,,,,,0.0,0.0,8983.9
601.12,100.0,21878.6,,,,,100.0,100.0,8996.3
602.12,100.0,21944.6,,,,,100.0,100.0,8999.3
603.12,100.0,21903.3,,,,,100.0,100.0,9001.5
604.12,0.0,21903.3,,,,,0.0,0.0,9001.5
605.12,100.0,21861.7,,,,,100.0,100.0,9001.7
606.12,100.0,21820.0,,,,,100.0,100.0,9001.7
607.12,100.0,21719.8,,,,,100.0,100.0,9002.0
608.12,0.0,21719.9,,,,,0.0,0.0,8985.9
609.12,100.0,21761.5,,,,,100.0,100.0,8976.5
610.12,0.0,21803.0,,,,,0.0,0.0,8984.1
611.12,100.0,21844.6,,,,,100.0,100.0,8997.4
612.12,100.0,21844.6,,,,,100.0,100.0,8983.5
613.12,100.0,21944.6,,,,,100.0,100.0,9000.1
614.12,0.0,21944.6,,,,,0.0,0.0,9000.1
615.12,100.0,21903.3,,,,,100.0,100.0,9002.1
616.12,100.0,21861.7,,,,,100.0,100.0,9002.2
617.12,100.0,21820.0,,,,,100.0,100.0,9002.2
618.12,0.0,21820.0,,,,,0.0,0.0,9002.2
619.12,100.0,21719.9,,,,,100.0,100.0,8996.2
620.12,0.0,21761.5,,,,,0.0,0.0,8986.1
621.12,100.0,21803.0,,,,,100.0,100.0,8997.1
622.12,100.0,21803.0,,,,,100.0,100.0,8990.7
623.12,100.0,21823.8,,,,,100.0,100.0,8984.5
624.12,0.0,21878.6,,,,,0.0,0.0,8997.9
625.12,100.0,21944.6,,,,,100.0,100.0,9000.5
626.12,100.0,21903.3,,,,,100.0,100.0,9002.4
627.12,100.0,21861.7,,,,,100.0,100.0,9002.6
628.12,0.0,21861.7,,,,,0.0,0.0,9002.6
629.12,100.0,21820.0,,,,,100.0,100.0,9002.6
630.12,100.0,21719.8,,,,,100.0,100.0,8984.9
631.12,0.0,21761.5,,,,,0.0,0.0,8996.5
632.12,100.0,21761.5,,,,,100.0,100.0,8984.7
633.12,100.0,21803.0,,,,,100.0,100.0,8997.1
634.12,0.0,21844.6,,,,,0.0,0.0,8984.8
635.12,100.0,21861.6,,,,,100.0,100.0,8993.9
636.12,100.0,21944.6,,,,,100.0,100.0,9000.7
637.12,100.0,21903.3,,,,,100.0,100.0,9002.9
638.12,0.0,21903.3,,,,,0.0,0.0,9002.9
639.12,100.0,21861.7,,,,,100.0,100.0,9003.1
640.12,100.0,21820.0,,,,,100.0,100.0,9003.1
641.12,100.0,21719.8,,,,,100.0,100.0,9003.2
642.12,0.0,21719.9,,,,,0.0,0.0,8997.1
643.12,100.0,21740.7,,,,,100.0,100.0,8984.6
644.12,0.0,21803.0,,,,,0.0,0.0,8991.0
645.12,100.0,21823.8,,,,,100.0,100.0,8994.1
646.12,100.0,21844.6,,,,,100.0,100.0,8991.2
647.12,100.0,21944.6,,,,,100.0,100.0,9001.2
648.12,0.0,21944.6,,,,,0.0,0.0,9001.2
649.12,100.0,21903.3,,,,,100.0,100.0,9003.3
650.12,100.0,21861.7,,,,,100.0,100.0,9003.5
651.12,100.0,21820.0,,,,,100.0,100.0,9003.5
652.12,0.0,21820.0,,,,,0.0,0.0,9003.5
653.13,100.0,21719.9,,,,,100.0,100.0,8997.4
654.13,0.0,21761.5,,,,,0.0,0.0,8984.2
655.13,100.0,21779.7,,,,,100.0,100.0,8993.5
656.13,100.0,21803.0,,,,,100.0,100.0,8998.5
657.13,100.0,21803.0,,,,,100.0,100.0,8989.4
658.13,0.0,21878.6,,,,,0.0,0.0,8999.1
659.13,100.0,21944.6,,,,,100.0,100.0,9001.9
660.13,100.0,21903.3,,,,,100.0,100.0,9004.1
661.13,100.0,21861.7,,,,,100.0,100.0,9004.3
662.13,0.0,21861.7,,,,,0.0,0.0,9004.3
663.13,100.0,21820.0,,,,,100.0,100.0,9004.3
664.13,100.0,21719.8,,,,,100.0,100.0,8982.4
665.13,0.0,21740.7,,,,,0.0,0.0,8997.4
666.13,100.0,21761.5,,,,,100.0,100.0,8983.9
667.13,100.0,21761.5,,,,,100.0,100.0,8995.4
668.13,0.0,21844.6,,,,,0.0,0.0,8984.9
669.13,100.0,21844.6,,,,,100.0,100.0,8991.3
670.13,100.0,21944.6,,,,,100.0,100.0,9002.5
671.13,100.0,21903.3,,,,,100.0,100.0,9004.3
672.13,0.0,21903.3,,,,,0.0,0.0,9004.3
673.13,100.0,21861.7,,,,,100.0,100.0,9004.5
674.13,100.0,21820.0,,,,,100.0,100.0,9004.5
675.13,100.0,21719.8,,,,,100.0,100.0,9004.5
676.13,0.0,21719.9,,,,,0.0,0.0,8990.2
677.13,100.0,21740.7,,,,,100.0,100.0,8996.0
678.13,0.0,21803.0,,,,,0.0,0.0,8991.3
679.13,100.0,21803.0,,,,,100.0,100.0,8991.6
680.13,100.0,21844.6,,,,,100.0,100.0,8992.4
681.13,100.0,21944.6,,,,,100.0,100.0,9002.6
682.13,0.0,21944.6,,,,,0.0,0.0,9002.6
683.13,100.0,21903.3,,,,,100.0,100.0,9004.7
684.13,100.0,21861.7,,,,,100.0,100.0,9004.9
685.13,100.0,21820.0,,,,,100.0,100.0,9004.9
686.13,0.0,21820.0,,,,,0.0,0.0,9004.9
687.13,100.0,21719.9,,,,,100.0,100.0,8998.7
688.13,0.0,21761.5,,,,,0.0,0.0,8985.2
689.13,100.0,21782.3,,,,,100.0,100.0,8994.8
690.13,100.0,21803.0,,,,,100.0,100.0,8999.9
691.13,100.0,21803.0,,,,,100.0,100.0,8993.2
692.13,0.0,21878.6,,,,,0.0,0.0,9000.5
693.13,100.0,21944.6,,,,,100.0,100.0,9003.3
694.13,100.0,21903.3,,,,,100.0,100.0,9005.6
695.13,100.0,21861.7,,,,,100.0,100.0,9005.8
696.13,0.0,21861.7,,,,,0.0,0.0,9005.8
697.13,100.0,21820.0,,,,,100.0,100.0,9005.8
698.13,100.0,21719.8,,,,,100.0,100.0,8983.6
699.13,0.0,21761.5,,,,,0.0,0.0,8999.6
700.13,100.0,21761.5,,,,,100.0,100.0,8984.2
701.13,100.0,21761.5,,,,,100.0,100.0,8990.4
702.13,0.0,21844.6,,,,,0.0,0.0,8981.9
703.13,100.0,21844.6,,,,,100.0,100.0,8988.5
704.13,100.0,21944.6,,,,,100.0,100.0,9004.1
705.13,100.0,21903.1,,,,,100.0,100.0,9005.6
706.13,0.0,21903.3,,,,,0.0,0.0,9005.9
707.13,100.0,21861.7,,,,,100.0,100.0,9006.1
708.13,100.0,21820.0,,,,,100.0,100.0,9006.1
709.13,0.0,21820.0,,,,,0.0,0.0,9006.1
710.13,100.0,21719.9,,,,,100.0,100.0,8992.2
711.13,100.0,21740.7,,,,,100.0,100.0,8997.7
712.13,0.0,21803.0,,,,,0.0,0.0,8993.8
713.13,100.0,21823.8,,,,,100.0,100.0,8995.4
714.13,100.0,21844.6,,,,,100.0,100.0,8995.0
715.13,0.0,21878.6,,,,,0.0,0.0,9001.9
716.13,100.0,21944.6,,,,,100.0,100.0,9004.5
717.13,100.0,21903.3,,,,,100.0,100.0,9006.4
718.13,100.0,21861.7,,,,,100.0,100.0,9006.6
719.13,0.0,21861.7,,,,,0.0,0.0,9006.6
720.14,100.0,21820.0,,,,,100.0,100.0,9006.6
721.14,100.0,21719.9,,,,,100.0,100.0,9000.0
722.14,0.0,21761.5,,,,,0.0,0.0,9000.7
723.14,100.0,21761.5,,,,,100.0,100.0,8994.4
724.14,100.0,21803.0,,,,,100.0,100.0,9001.6
725.14,0.0,21844.6,,,,,0.0,0.0,8994.3
726.14,100.0,21878.6,,,,,100.0,100.0,9002.2
727.14,100.0,21944.6,,,,,100.0,100.0,9005.0
728.14,100.0,21903.3,,,,,100.0,100.0,9006.8
729.14,0.0,21903.3,,,,,0.0,0.0,9006.8
730.14,100.0,21861.7,,,,,100.0,100.0,9007.0
731.14,100.0,21820.0,,,,,100.0,100.0,9007.0
732.14,100.0,21719.8,,,,,100.0,100.0,8985.0
733.14,0.0,21761.5,,,,,0.0,0.0,9000.7
734.14,100.0,21761.5,,,,,100.0,100.0,8986.4
735.14,0.0,21803.0,,,,,0.0,0.0,8995.3
736.14,100.0,21844.6,,,,,100.0,100.0,9002.7
737.14,100.0,21844.6,,,,,100.0,100.0,8990.6
738.14,100.0,21944.6,,,,,100.0,100.0,9005.3
739.14,0.0,21944.6,,,,,0.0,0.0,9005.3
740.14,100.0,21903.3,,,,,100.0,100.0,9007.3
741.14,100.0,21861.7,,,,,100.0,100.0,9007.4
742.14,100.0,21820.0,,,,,100.0,100.0,9007.5
743.14,0.0,21820.0,,,,,0.0,0.0,9007.5
744.14,100.0,21719.9,,,,,100.0,100.0,8993.4
745.14,0.0,21782.3,,,,,0.0,0.0,8997.9
746.14,100.0,21803.0,,,,,100.0,100.0,8995.5
747.14,100.0,21803.0,,,,,100.0,100.0,8995.5
748.14,100.0,21844.6,,,,,100.0,100.0,8985.2
749.14,0.0,21878.6,,,,,0.0,0.0,9003.2
750.14,100.0,21944.6,,,,,100.0,100.0,9005.8
751.14,100.0,21903.3,,,,,100.0,100.0,9007.7
752.14,100.0,21861.7,,,,,100.0,100.0,9007.9
753.14,0.0,21861.7,,,,,0.0,0.0,9007.9
754.14,100.0,21820.0,,,,,100.0,100.0,9007.9
755.14,100.0,21719.8,,,,,100.0,100.0,8985.4
756.14,0.0,21759.6,,,,,0.0,0.0,9000.5
757.14,100.0,21761.5,,,,,100.0,100.0,8988.2
758.14,100.0,21782.3,,,,,100.0,100.0,8996.7
759.14,0.0,21844.6,,,,,0.0,0.0,8986.7
760.14,100.0,21861.6,,,,,100.0,100.0,9002.1
761.14,100.0,21944.6,,,,,100.0,100.0,9005.0
762.14,100.0,21903.3,,,,,100.0,100.0,9006.7
763.14,0.0,21903.3,,,,,0.0,0.0,9006.7
764.14,100.0,21861.7,,,,,100.0,100.0,9006.9
765.14,100.0,21820.0,,,,,100.0,100.0,9006.9
766.14,100.0,21719.8,,,,,100.0,100.0,9007.0
767.14,0.0,21719.9,,,,,0.0,0.0,9001.0
768.14,100.0,21761.5,,,,,100.0,100.0,8991.0
769.14,0.0,21803.0,,,,,0.0,0.0,8995.2
770.14,100.0,21820.0,,,,,100.0,100.0,8998.1
771.14,100.0,21844.6,,,,,100.0,100.0,8996.5
772.14,100.0,21944.6,,,,,100.0,100.0,9005.5
773.14,0.0,21944.6,,,,,0.0,0.0,9005.5
774.14,100.0,21903.3,,,,,100.0,100.0,9007.1
775.14,100.0,21861.7,,,,,100.0,100.0,9007.3
776.14,100.0,21820.0,,,,,100.0,100.0,9007.3
777.14,0.0,21820.0,,,,,0.0,0.0,9007.3
778.14,100.0,21719.9,,,,,100.0,100.0,9001.3
779.14,0.0,21761.5,,,,,0.0,0.0,8989.5
780.14,100.0,21782.3,,,,,100.0,100.0,9001.1
781.14,100.0,21803.0,,,,,100.0,100.0,9002.4
782.14,100.0,21803.0,,,,,100.0,100.0,8996.3
783.14,0.0,21878.6,,,,,0.0,0.0,9002.9
784.14,100.0,21944.6,,,,,100.0,100.0,9005.7
785.15,100.0,21903.3,,,,,100.0,100.0,9007.3
786.15,100.0,21861.7,,,,,100.0,100.0,9007.5
787.15,0.0,21861.7,,,,,0.0,0.0,9007.5
788.15,100.0,21820.0,,,,,100.0,100.0,9007.5
789.15,100.0,21719.8,,,,,100.0,100.0,8987.7
790.15,0.0,21761.5,,,,,0.0,0.0,9001.6
791.15,100.0,21761.5,,,,,100.0,100.0,8989.4
792.15,100.0,21782.3,,,,,100.0,100.0,8999.2
793.15,0.0,21844.6,,,,,0.0,0.0,8989.6
794.15,100.0,21844.6,,,,,100.0,100.0,8994.6
795.15,100.0,21944.6,,,,,100.0,100.0,9006.1
796.15,100.0,21903.3,,,,,100.0,100.0,9007.7
797.15,0.0,21903.3,,,,,0.0,0.0,9007.7
798.15,100.0,21861.7,,,,,100.0,100.0,9007.9
799.15,100.0,21820.0,,,,,100.0,100.0,9007.9
800.15,100.0,21719.8,,,,,100.0,100.0,9008.0
801.15,0.0,21719.9,,,,,0.0,0.0,8994.7
802.15,100.0,21740.7,,,,,100.0,100.0,9000.9
803.15,0.0,21803.0,,,,,0.0,0.0,8989.4
804.15,100.0,21823.8,,,,,100.0,100.0,8998.9
805.15,100.0,21844.6,,,,,100.0,100.0,8988.6
806.15,100.0,21944.6,,,,,100.0,100.0,9006.4
807.15,0.0,21944.6,,,,,0.0,0.0,9006.4
808.15,100.0,21903.3,,,,,100.0,100.0,9008.1
809.15,100.0,21861.7,,,,,100.0,100.0,9008.3
810.15,100.0,21820.0,,,,,100.0,100.0,9008.3
811.15,0.0,21820.0,,,,,0.0,0.0,9008.3
812.15,100.0,21719.9,,,,,100.0,100.0,9002.3
813.15,0.0,21761.5,,,,,0.0,0.0,8990.0
814.15,100.0,21782.3,,,,,100.0,100.0,9000.5
815.15,100.0,21803.0,,,,,100.0,100.0,9003.4
816.15,100.0,21803.0,,,,,100.0,100.0,8996.1
817.15,0.0,21878.6,,,,,0.0,0.0,9004.0
818.15,100.0,21944.6,,,,,100.0,100.0,9006.8
819.15,100.0,21903.3,,,,,100.0,100.0,9008.4
820.15,100.0,21861.7,,,,,100.0,100.0,9008.6
821.15,0.0,21861.7,,,,,0.0,0.0,9008.6
822.15,100.0,21820.0,,,,,100.0,100.0,9008.6
823.15,100.0,21719.8,,,,,100.0,100.0,8988.3
824.15,0.0,21761.5,,,,,0.0,0.0,9002.7
825.15,100.0,21761.5,,,,,100.0,100.0,8989.5
826.15,100.0,21780.4,,,,,100.0,100.0,8999.0
827.15,0.0,21844.6,,,,,0.0,0.0,9004.8
828.15,100.0,21844.6,,,,,100.0,100.0,8994.1
829.15,100.0,21944.6,,,,,100.0,100.0,9007.3
830.15,100.0,21903.2,,,,,100.0,100.0,9008.9
831.15,0.0,21903.3,,,,,0.0,0.0,9008.9
832.15,100.0,21861.7,,,,,100.0,100.0,9009.1
833.15,100.0,21820.0,,,,,100.0,100.0,9009.1
834.15,100.0,21719.8,,,,,100.0,100.0,9009.1
835.15,0.01,21719.9,,,,,0.01,0.01,8996.5
836.15,100.0,21719.9,,,,,100.0,100.0,9001.8
837.15,0.0,21803.0,,,,,0.0,0.0,8989.4
838.15,100.0,21803.0,,,,,100.0,100.0,8997.3
839.15,100.0,21844.6,,,,,100.0,100.0,8986.9
840.15,100.0,21944.6,,,,,100.0,100.0,9007.6
841.15,0.0,21944.6,,,,,0.0,0.0,9007.6
842.15,100.0,21903.3,,,,,100.0,100.0,9009.3
843.15,100.0,21861.7,,,,,100.0,100.0,9009.5
844.15,100.0,21820.0,,,,,100.0,100.0,9009.5
845.15,0.0,21820.0,,,,,0.0,0.0,9009.5
846.15,100.0,21719.9,,,,,100.0,100.0,9003.5
847.15,0.0,21761.5,,,,,0.0,0.0,9003.9
848.15,100.0,21782.3,,,,,100.0,100.0,9000.0
849.15,100.0,21803.0,,,,,100.0,100.0,9004.8
850.15,100.0,21803.0,,,,,100.0,100.0,8996.8
851.15,0.0,21878.6,,,,,0.0,0.0,9005.4
852.16,100.0,21944.6,,,,,100.0,100.0,9008.0
853.16,100.0,21903.3,,,,,100.0,100.0,9009.7
854.16,100.0,21861.7,,,,,100.0,100.0,9009.8
855.16,0.0,21861.7,,,,,0.0,0.0,9009.8
856.16,100.0,21820.0,,,,,100.0,100.0,9009.9
857.16,100.0,21719.8,,,,,100.0,100.0,8990.2
858.16,0.0,21740.7,,,,,0.0,0.0,9002.0
859.16,100.0,21761.5,,,,,100.0,100.0,8990.4
860.16,0.0,21803.0,,,,,0.0,0.0,8998.5
861.16,100.0,21844.6,,,,,100.0,100.0,9006.0
862.16,100.0,21844.6,,,,,100.0,100.0,8998.1
863.16,100.0,21944.6,,,,,100.0,100.0,9008.6
864.16,0.0,21944.6,,,,,0.0,0.0,9008.6
865.16,100.0,21903.3,,,,,100.0,100.0,9010.1
866.16,100.0,21861.7,,,,,100.0,100.0,9010.3
867.16,100.0,21820.0,,,,,100.0,100.0,9010.3
868.16,0.0,21820.0,,,,,0.0,0.0,9010.3
869.16,100.0,21719.9,,,,,100.0,100.0,8990.4
870.16,0.0,21778.5,,,,,0.0,0.0,9000.4
871.16,100.0,21803.0,,,,,100.0,100.0,8989.7
872.16,100.0,21803.0,,,,,100.0,100.0,9003.3
873.16,100.0,21844.6,,,,,100.0,100.0,8999.3
874.16,0.0,21878.6,,,,,0.0,0.0,9006.2
875.16,100.0,21944.6,,,,,100.0,100.0,9008.8
876.16,100.0,21903.3,,,,,100.0,100.0,9010.4
877.16,100.0,21861.7,,,,,100.0,100.0,9010.6
878.16,0.0,21861.7,,,,,0.0,0.0,9010.6
879.16,100.0,21820.0,,,,,100.0,100.0,9010.6
880.16,100.0,21719.9,,,,,100.0,100.0,9004.3
881.16,0.0,21761.5,,,,,0.0,0.0,9004.8
882.16,100.0,21761.5,,,,,100.0,100.0,9001.9
883.16,100.0,21803.0,,,,,100.0,100.0,8998.1
884.16,0.0,21844.6,,,,,0.0,0.0,8999.1
885.16,100.0,21878.6,,,,,100.0,100.0,9006.3
886.16,100.0,21944.6,,,,,100.0,100.0,9009.0
887.16,100.0,21903.3,,,,,100.0,100.0,9010.8
888.16,0.0,21903.3,,,,,0.0,0.0,9010.8
889.16,100.0,21861.7,,,,,100.0,100.0,9011.0
890.16,100.0,21820.0,,,,,100.0,100.0,9011.0
891.16,100.0,21719.8,,,,,100.0,100.0,8991.2
892.16,0.0,21740.7,,,,,0.0,0.0,9003.0
893.16,100.0,21761.5,,,,,100.0,100.0,8991.4
894.16,0.0,21803.0,,,,,0.0,0.0,8996.3
895.16,100.0,21844.6,,,,,100.0,100.0,9006.9
896.16,100.0,21844.6,,,,,100.0,100.0,8995.3
897.16,100.0,21944.6,,,,,100.0,100.0,9009.5
898.16,0.0,21944.6,,,,,0.0,0.0,9009.5
899.16,100.0,21903.3,,,,,100.0,100.0,9011.2
900.16,100.0,21861.7,,,,,100.0,100.0,9011.3
901.16,100.0,21820.0,,,,,100.0,100.0,9011.3
902.16,0.0,21820.0,,,,,0.0,0.0,9011.3
903.16,100.0,21719.9,,,,,100.0,100.0,8990.7
904.16,100.0,21719.9,,,,,100.0,100.0,9001.8
905.16,0.0,21803.0,,,,,0.0,0.0,8992.1
906.16,100.0,21803.0,,,,,100.0,100.0,8997.8
907.16,100.0,21844.6,,,,,100.0,100.0,9007.4
908.16,0.0,21878.6,,,,,0.0,0.0,9007.3
909.16,100.0,21944.6,,,,,100.0,100.0,9009.9
910.16,100.0,21903.3,,,,,100.0,100.0,9011.5
911.16,100.0,21861.7,,,,,100.0,100.0,9011.7
912.16,0.0,21861.7,,,,,0.0,0.0,9011.7
913.16,100.0,21820.0,,,,,100.0,100.0,9011.7
914.16,100.0,21719.9,,,,,100.0,100.0,9005.1
915.16,0.0,21761.5,,,,,0.0,0.0,8997.9
916.16,100.0,21761.5,,,,,100.0,100.0,8998.5
917.16,100.0,21803.0,,,,,100.0,100.0,9006.8
918.17,0.0,21844.6,,,,,0.0,0.0,8997.0
919.17,100.0,21878.6,,,,,100.0,100.0,9007.0
920.17,100.0,21944.6,,,,,100.0,100.0,9010.1
921.17,100.0,21903.3,,,,,100.0,100.0,9011.6
922.17,0.0,21903.3,,,,,0.0,0.0,9011.6
923.17,100.0,21861.7,,,,,100.0,100.0,9011.8
924.17,100.0,21820.0,,,,,100.0,100.0,9011.8
925.17,100.0,21719.8,,,,,100.0,100.0,8992.0
926.17,0.0,21740.7,,,,,0.0,0.0,9003.9
927.17,100.0,21761.5,,,,,100.0,100.0,9006.2
928.17,0.0,21803.0,,,,,0.0,0.0,8998.6
929.17,100.0,21844.6,,,,,100.0,100.0,9007.8
930.17,100.0,21844.6,,,,,100.0,100.0,8996.9
931.17,100.0,21944.6,,,,,100.0,100.0,9010.4
932.17,0.0,21944.6,,,,,0.0,0.0,9010.4
933.17,100.0,21903.3,,,,,100.0,100.0,9011.9
934.17,100.0,21861.7,,,,,100.0,100.0,9012.1
935.17,100.0,21820.0,,,,,100.0,100.0,9012.1
936.17,0.0,21820.0,,,,,0.0,0.0,9012.1
937.17,100.0,21719.9,,,,,100.0,100.0,8992.1
938.17,0.0,21761.5,,,,,0.0,0.0,9002.8
939.17,100.0,21803.0,,,,,100.0,100.0,8991.1
940.17,100.0,21803.0,,,,,100.0,100.0,8997.6
941.17,100.0,21844.6,,,,,100.0,100.0,9007.8
942.17,0.0,21878.6,,,,,0.0,0.0,9007.9
943.17,100.0,21944.6,,,,,100.0,100.0,9010.5
944.17,100.0,21903.3,,,,,100.0,100.0,9012.3
945.17,100.0,21861.7,,,,,100.0,100.0,9012.5
946.17,0.0,21861.7,,,,,0.0,0.0,9012.5
947.17,100.0,21820.0,,,,,100.0,100.0,9012.5
948.17,100.0,21702.8,,,,,100.0,100.0,9003.6
949.17,0.0,21761.5,,,,,0.0,0.0,9006.9
950.17,100.0,21761.5,,,,,100.0,100.0,8998.2
951.17,100.0,21803.0,,,,,100.0,100.0,8989.5
952.17,0.0,21844.6,,,,,0.0,0.0,8997.8
953.17,100.0,21878.6,,,,,100.0,100.0,9008.4
954.17,100.0,21944.6,,,,,100.0,100.0,9011.3
955.17,100.0,21903.3,,,,,100.0,100.0,9012.7
956.17,0.0,21903.3,,,,,0.0,0.0,9012.7
957.17,100.0,21861.7,,,,,100.0,100.0,9012.9
958.17,100.0,21820.0,,,,,100.0,100.0,9012.9
959.17,100.0,21719.8,,,,,100.0,100.0,8992.0
960.17,0.0,21740.7,,,,,0.0,0.0,9003.7
961.17,100.0,21761.5,,,,,100.0,100.0,9007.6
962.17,0.0,21803.0,,,,,0.0,0.0,9000.4
963.17,100.0,21844.6,,,,,100.0,100.0,9008.8
964.17,100.0,21844.6,,,,,100.0,100.0,8998.7
965.17,100.0,21944.6,,,,,100.0,100.0,9011.4
966.17,0.0,21944.6,,,,,0.0,0.0,9011.4
967.17,100.0,21903.3,,,,,100.0,100.0,9013.4
968.17,100.0,21861.7,,,,,100.0,100.0,9013.6
969.17,100.0,21820.0,,,,,100.0,100.0,9013.6
970.17,0.0,21820.0,,,,,0.0,0.0,9013.6
971.17,100.0,21719.9,,,,,100.0,100.0,8993.1
972.17,0.0,21761.5,,,,,0.0,0.0,9002.7
973.17,100.0,21803.0,,,,,100.0,100.0,8992.7
974.17,100.0,21803.0,,,,,100.0,100.0,8998.4
975.17,100.0,21844.6,,,,,100.0,100.0,9009.6
976.17,0.0,21878.6,,,,,0.0,0.0,9009.6
977.17,100.0,21944.6,,,,,100.0,100.0,9012.3
978.17,100.0,21903.3,,,,,100.0,100.0,9013.7
979.17,100.0,21861.7,,,,,100.0,100.0,9013.8
980.17,0.0,21861.7,,,,,0.0,0.0,9013.8
981.17,100.0,21820.0,,,,,100.0,100.0,9013.8
982.17,100.0,21719.8,,,,,100.0,100.0,9001.9
983.17,0.0,21761.5,,,,,0.0,0.0,8999.4
984.17,100.0,21761.5,,,,,100.0,100.0,8996.8
985.18,100.0,21803.0,,,,,100.0,100.0,8999.7
986.18,0.0,21844.6,,,,,0.0,0.0,8995.9
987.18,100.0,21878.6,,,,,100.0,100.0,9009.4
988.18,100.0,21944.6,,,,,100.0,100.0,9012.4
989.18,100.0,21903.3,,,,,100.0,100.0,9013.9
990.18,0.0,21903.3,,,,,0.0,0.0,9013.9
991.18,100.0,21861.7,,,,,100.0,100.0,9014.1
992.18,100.0,21820.0,,,,,100.0,100.0,9014.1
993.18,100.0,21719.8,,,,,100.0,100.0,8992.8
994.18,0.0,21719.9,,,,,0.0,0.0,9001.5
995.18,100.0,21761.5,,,,,100.0,100.0,9008.4
996.18,0.0,21803.0,,,,,0.0,0.0,8998.4
997.18,100.0,21844.6,,,,,100.0,100.0,9009.9
998.18,100.0,21844.6,,,,,100.0,100.0,8997.6
999.18,100.0,21944.6,,,,,100.0,100.0,9012.6
1000.18,0.0,21944.6,,,,,0.0,0.0,9012.6
1001.18,100.0,21903.3,,,,,100.0,100.0,9014.2
1002.18,100.0,21861.7,,,,,100.0,100.0,9014.4
1003.18,100.0,21820.0,,,,,100.0,100.0,9014.4
1004.18,0.0,21820.0,,,,,0.0,0.0,9014.4
1005.18,100.0,21719.9,,,,,100.0,100.0,8993.1
1006.18,0.0,21761.5,,,,,0.0,0.0,9001.2
1007.18,100.0,21803.0,,,,,100.0,100.0,9009.3
1008.18,100.0,21803.0,,,,,100.0,100.0,8997.7
1009.18,100.0,21844.6,,,,,100.0,100.0,9010.1
1010.18,0.0,21878.6,,,,,0.0,0.0,9010.2
1011.18,100.0,21944.6,,,,,100.0,100.0,9012.8
1012.18,100.0,21903.3,,,,,100.0,100.0,9014.4
1013.18,100.0,21861.7,,,,,100.0,100.0,9014.6
1014.18,0.0,21861.7,,,,,0.0,0.0,9014.6
1015.18,100.0,21820.0,,,,,100.0,100.0,9014.7
1016.18,100.0,21719.8,,,,,100.0,100.0,9000.9
1017.18,0.0,21761.5,,,,,0.0,0.0,9001.4
1018.18,100.0,21761.5,,,,,100.0,100.0,8997.5
1019.18,100.0,21803.0,,,,,100.0,100.0,9000.3
1020.18,0.0,21844.6,,,,,0.0,0.0,9005.8
1021.18,100.0,21861.6,,,,,100.0,100.0,9007.2
1022.18,100.0,21944.6,,,,,100.0,100.0,9013.1
1023.18,100.0,21903.3,,,,,100.0,100.0,9014.6
1024.18,0.0,21903.3,,,,,0.0,0.0,9014.6
1025.18,100.0,21861.7,,,,,100.0,100.0,9014.8
1026.18,100.0,21820.0,,,,,100.0,100.0,9014.8
1027.18,100.0,21719.8,,,,,100.0,100.0,9015.1
1028.18,0.0,21719.9,,,,,0.0,0.0,9000.4
1029.18,100.0,21761.5,,,,,100.0,100.0,9009.6
1030.18,0.0,21803.0,,,,,0.0,0.0,8999.0
1031.18,100.0,21823.8,,,,,100.0,100.0,9001.0
1032.18,100.0,21844.6,,,,,100.0,100.0,9007.9
1033.18,100.0,21944.6,,,,,100.0,100.0,9013.3
1034.18,0.0,21944.6,,,,,0.0,0.0,9013.3
1035.18,100.0,21903.3,,,,,100.0,100.0,9015.0
1036.18,100.0,21861.7,,,,,100.0,100.0,9015.2
1037.18,100.0,21820.0,,,,,100.0,100.0,9015.2
1038.18,0.0,21820.0,,,,,0.0,0.0,9015.2
1039.18,100.0,21719.9,,,,,100.0,100.0,8994.0
1040.18,0.0,21761.5,,,,,0.0,0.0,9000.5
1041.18,100.0,21803.0,,,,,100.0,100.0,9010.3
1042.18,100.0,21803.0,,,,,100.0,100.0,9000.0
1043.18,100.0,21844.6,,,,,100.0,100.0,9011.1
1044.18,0.0,21878.6,,,,,0.0,0.0,9011.1
1045.18,100.0,21944.6,,,,,100.0,100.0,9013.7
1046.18,100.0,21903.3,,,,,100.0,100.0,9015.2
1047.18,100.0,21861.7,,,,,100.0,100.0,9015.4
1048.18,0.0,21861.7,,,,,0.0,0.0,9015.4
1049.18,100.0,21820.0,,,,,100.0,100.0,9015.4
1050.19,100.0,21719.8,,,,,100.0,100.0,9000.0
1051.19,0.0,21761.5,,,,,0.0,0.0,8994.6
1052.19,100.0,21761.5,,,,,100.0,100.0,9001.3
1053.19,100.0,21803.0,,,,,100.0,100.0,8993.7
1054.19,0.0,21844.6,,,,,0.0,0.0,9000.3
1055.19,100.0,21861.6,,,,,100.0,100.0,9009.3
1056.19,100.0,21944.6,,,,,100.0,100.0,9014.0
1057.19,100.0,21903.3,,,,,100.0,100.0,9015.4
1058.19,0.0,21903.3,,,,,0.0,0.0,9015.4
1059.19,100.0,21861.7,,,,,100.0,100.0,9015.6
1060.19,100.0,21820.0,,,,,100.0,100.0,9015.6
1061.19,100.0,21719.8,,,,,100.0,100.0,9015.9
1062.19,0.0,21719.9,,,,,0.0,0.0,9000.8
1063.19,100.0,21761.5,,,,,100.0,100.0,9010.1
1064.19,0.0,21803.0,,,,,0.0,0.0,9000.4
1065.19,100.0,21844.6,,,,,100.0,100.0,9002.3
1066.19,100.0,21844.6,,,,,100.0,100.0,9005.5
1067.19,100.0,21944.6,,,,,100.0,100.0,9014.3
1068.19,0.0,21944.6,,,,,0.0,0.0,9014.3
1069.19,100.0,21903.3,,,,,100.0,100.0,9015.8
1070.19,100.0,21861.7,,,,,100.0,100.0,9015.9
1071.19,100.0,21820.0,,,,,100.0,100.0,9016.0
1072.19,0.0,21820.0,,,,,0.0,0.0,9016.0
1073.19,100.0,21719.9,,,,,100.0,100.0,8993.2
1074.19,0.0,21761.5,,,,,0.0,0.0,9001.1
1075.19,100.0,21803.0,,,,,100.0,100.0,9011.1
1076.19,100.0,21803.0,,,,,100.0,100.0,8999.3
1077.19,100.0,21844.6,,,,,100.0,100.0,9011.9
1078.19,0.0,21878.6,,,,,0.0,0.0,9011.9
1079.19,100.0,21944.6,,,,,100.0,100.0,9014.5
1080.19,100.0,21903.3,,,,,100.0,100.0,9016.0
1081.19,100.0,21861.7,,,,,100.0,100.0,9016.2
1082.19,0.0,21861.7,,,,,0.0,0.0,9016.2
1083.19,100.0,21820.0,,,,,100.0,100.0,9016.2
1084.19,100.0,21719.8,,,,,100.0,100.0,9000.0
1085.19,0.0,21761.5,,,,,0.0,0.0,8992.9
1086.19,100.0,21761.5,,,,,100.0,100.0,9000.5
1087.19,100.0,21803.0,,,,,100.0,100.0,9011.6
1088.19,0.0,21844.6,,,,,0.0,0.0,9001.9
1089.19,100.0,21861.6,,,,,100.0,100.0,9006.8
1090.19,100.0,21944.6,,,,,100.0,100.0,9014.6
1091.19,100.0,21903.3,,,,,100.0,100.0,9016.2
1092.19,0.0,21903.3,,,,,0.0,0.0,9016.2
1093.19,100.0,21861.7,,,,,100.0,100.0,9016.4
1094.19,100.0,21820.0,,,,,100.0,100.0,9016.4
1095.19,100.0,21719.8,,,,,100.0,100.0,9016.6
1096.19,0.0,21719.9,,,,,0.0,0.0,9000.2
1097.19,100.0,21761.5,,,,,100.0,100.0,9010.9
1098.19,0.0,21803.0,,,,,0.0,0.0,9000.0
1099.19,100.0,21823.8,,,,,100.0,100.0,9000.3
1100.19,100.0,21844.6,,,,,100.0,100.0,9005.3
1101.19,100.0,21944.6,,,,,100.0,100.0,9015.1
1102.19,0.0,21944.6,,,,,0.0,0.0,9015.1
1103.19,100.0,21903.3,,,,,100.0,100.0,9016.6
1104.19,100.0,21861.7,,,,,100.0,100.0,9016.8
1105.19,100.0,21820.0,,,,,100.0,100.0,9016.8
1106.19,0.0,21820.0,,,,,0.0,0.0,9016.8
1107.19,100.0,21719.9,,,,,100.0,100.0,9011.1
1108.19,0.0,21761.5,,,,,0.0,0.0,8999.4
1109.19,100.0,21803.0,,,,,100.0,100.0,9011.9
1110.19,100.0,21803.0,,,,,100.0,100.0,8999.9
1111.19,100.0,21823.8,,,,,100.0,100.0,9011.9
1112.19,0.0,21878.6,,,,,0.0,0.0,9012.7
1113.19,100.0,21944.6,,,,,100.0,100.0,9015.4
1114.19,100.0,21903.3,,,,,100.0,100.0,9016.9
1115.2,100.0,21861.7,,,,,100.0,100.0,9017.1
1116.2,0.0,21861.7,,,,,0.0,0.0,9017.1
1117.2,100.0,21820.0,,,,,100.0,100.0,9017.1
1118.2,100.0,21719.8,,,,,100.0,100.0,8999.5
1119.2,0.0,21761.5,,,,,0.0,0.0,8992.2
1120.2,100.0,21761.5,,,,,100.0,100.0,8998.6
1121.2,100.0,21803.0,,,,,100.0,100.0,9012.2
1122.2,0.0,21844.6,,,,,0.0,0.0,8999.7
1123.2,100.0,21861.6,,,,,100.0,100.0,9009.6
1124.2,100.0,21944.6,,,,,100.0,100.0,9015.7
1125.2,100.0,21903.3,,,,,100.0,100.0,9017.2
1126.2,0.0,21903.3,,,,,0.0,0.0,9017.2
1127.2,100.0,21861.7,,,,,100.0,100.0,9017.4
1128.2,100.0,21820.0,,,,,100.0,100.0,9017.4
1129.2,100.0,21719.8,,,,,100.0,100.0,9017.6
1130.2,0.0,21719.9,,,,,0.0,0.0,9001.0
1131.2,100.0,21761.5,,,,,100.0,100.0,9012.4
1132.2,0.0,21803.0,,,,,0.0,0.0,9006.1
1133.2,100.0,21844.6,,,,,100.0,100.0,8996.9
1134.2,100.0,21844.6,,,,,100.0,100.0,8999.2
1135.2,100.0,21944.6,,,,,100.0,100.0,9016.2
1136.2,0.0,21944.6,,,,,0.0,0.0,9016.2
1137.2,100.0,21903.3,,,,,100.0,100.0,9017.6
1138.2,100.0,21861.7,,,,,100.0,100.0,9017.7
1139.2,100.0,21820.0,,,,,100.0,100.0,9017.7
1140.2,0.0,21820.0,,,,,0.0,0.0,9017.7
1141.2,100.0,21719.9,,,,,100.0,100.0,9012.0
1142.2,0.0,21761.5,,,,,0.0,0.0,9000.8
1143.2,100.0,21803.0,,,,,100.0,100.0,9012.7
1144.2,100.0,21803.0,,,,,100.0,100.0,9000.0
1145.2,100.0,21823.8,,,,,100.0,100.0,9013.1
1146.2,0.0,21878.6,,,,,0.0,0.0,9013.5
1147.2,100.0,21944.6,,,,,100.0,100.0,9016.1
1148.2,100.0,21903.3,,,,,100.0,100.0,9017.8
1149.2,100.0,21861.7,,,,,100.0,100.0,9018.0
1150.2,0.0,21861.7,,,,,0.0,0.0,9018.0
1151.2,100.0,21820.0,,,,,100.0,100.0,9018.0
1152.2,100.0,21719.8,,,,,100.0,100.0,8999.6
1153.2,0.0,21761.5,,,,,0.0,0.0,8993.7
1154.2,100.0,21761.5,,,,,100.0,100.0,9000.1
1155.2,100.0,21803.0,,,,,100.0,100.0,9013.2
1156.2,0.0,21844.6,,,,,0.0,0.0,9001.1
1157.2,100.0,21844.6,,,,,100.0,100.0,9010.2
1158.2,100.0,21944.6,,,,,100.0,100.0,9016.7
1159.2,100.0,21903.3,,,,,100.0,100.0,9018.2
1160.2,0.0,21903.3,,,,,0.0,0.0,9018.2
1161.2,100.0,21861.7,,,,,100.0,100.0,9018.3
1162.2,100.0,21820.0,,,,,100.0,100.0,9018.3
1163.2,100.0,21719.8,,,,,100.0,100.0,9018.5
1164.2,0.0,21719.9,,,,,0.0,0.0,9001.2
1165.2,100.0,21761.5,,,,,100.0,100.0,9002.9
1166.2,0.0,21803.0,,,,,0.0,0.0,9006.9
1167.2,100.0,21823.8,,,,,100.0,100.0,9010.8
1168.2,100.0,21844.6,,,,,100.0,100.0,9008.1
1169.2,100.0,21944.6,,,,,100.0,100.0,9017.0
1170.2,0.0,21944.6,,,,,0.0,0.0,9017.0
1171.2,100.0,21903.3,,,,,100.0,100.0,9018.4
1172.2,100.0,21861.7,,,,,100.0,100.0,9018.6
1173.2,100.0,21820.0,,,,,100.0,100.0,9018.6
1174.2,0.0,21820.0,,,,,0.0,0.0,9018.6
1175.2,100.0,21719.9,,,,,100.0,100.0,9012.9
1176.2,0.0,21761.5,,,,,0.0,0.0,9000.9
1177.2,100.0,21799.3,,,,,100.0,100.0,9013.1
1178.2,100.0,21803.0,,,,,100.0,100.0,9000.2
1179.2,100.0,21803.0,,,,,100.0,100.0,9009.4
1180.2,0.0,21878.6,,,,,0.0,0.0,9014.5
1181.2,100.0,21944.6,,,,,100.0,100.0,9017.2
1182.21,100.0,21903.3,,,,,100.0,100.0,9018.6
1183.21,100.0,21861.7,,,,,100.0,100.0,9018.8
1184.21,0.0,21861.7,,,,,0.0,0.0,9018.8
1185.21,100.0,21820.0,,,,,100.0,100.0,9018.8
1186.21,100.0,21719.8,,,,,100.0,100.0,8999.8
1187.21,0.0,21761.5,,,,,0.0,0.0,9013.0
1188.21,100.0,21761.5,,,,,100.0,100.0,8999.8
1189.21,100.0,21803.0,,,,,100.0,100.0,9013.6
1190.21,0.0,21844.6,,,,,0.0,0.0,9001.4
1191.21,100.0,21861.6,,,,,100.0,100.0,9010.4
1192.21,100.0,21944.6,,,,,100.0,100.0,9017.2
1193.21,100.0,21903.3,,,,,100.0,100.0,9018.8
1194.21,0.0,21903.3,,,,,0.0,0.0,9018.8
1195.21,100.0,21861.7,,,,,100.0,100.0,9018.9
1196.21,100.0,21820.0,,,,,100.0,100.0,9018.9
1197.21,100.0,21719.8,,,,,100.0,100.0,9019.1
1198.21,0.0,21719.9,,,,,0.0,0.0,9005.9
1199.21,100.0,21761.5,,,,,100.0,100.0,9003.2
1200.21,0.0,21803.0,,,,,0.0,0.0,8999.9
1201.21,100.0,21823.8,,,,,100.0,100.0,9011.9
1202.21,100.0,21844.6,,,,,100.0,100.0,9008.0
1203.21,100.0,21944.6,,,,,100.0,100.0,9017.5
1204.21,0.0,21944.6,,,,,0.0,0.0,9017.5
1205.21,100.0,21903.3,,,,,100.0,100.0,9019.2
1206.21,100.0,21861.7,,,,,100.0,100.0,9019.3
1207.21,100.0,21820.0,,,,,100.0,100.0,9019.4
1208.21,0.0,21820.0,,,,,0.0,0.0,9019.4
1209.21,100.0,21719.9,,,,,100.0,100.0,9013.5
1210.21,0.0,21761.5,,,,,0.0,0.0,9001.2
1211.21,100.0,21803.0,,,,,100.0,100.0,9014.2
1212.21,100.0,21803.0,,,,,100.0,100.0,9014.3
1213.21,100.0,21823.8,,,,,100.0,100.0,9013.2
1214.21,0.0,21878.6,,,,,0.0,0.0,9015.1
1215.21,100.0,21944.6,,,,,100.0,100.0,9017.8
1216.21,100.0,21903.3,,,,,100.0,100.0,9019.3
1217.21,100.0,21861.7,,,,,100.0,100.0,9019.5
1218.21,0.0,21861.7,,,,,0.0,0.0,9019.5
1219.21,100.0,21820.0,,,,,100.0,100.0,9019.5
1220.21,100.0,21719.8,,,,,100.0,100.0,8999.9
1221.21,0.0,21761.5,,,,,0.0,0.0,9013.8
1222.21,100.0,21761.5,,,,,100.0,100.0,9001.9
1223.21,100.0,21803.0,,,,,100.0,100.0,9015.0
1224.21,0.0,21844.6,,,,,0.0,0.0,9002.2
1225.21,100.0,21844.6,,,,,100.0,100.0,9010.1
1226.21,100.0,21944.6,,,,,100.0,100.0,9018.1
1227.21,100.0,21903.3,,,,,100.0,100.0,9019.6
1228.21,0.0,21903.3,,,,,0.0,0.0,9019.6
1229.21,100.0,21861.7,,,,,100.0,100.0,9019.7
1230.21,100.0,21820.0,,,,,100.0,100.0,9019.7
1231.21,100.0,21719.8,,,,,100.0,100.0,9019.9
1232.21,0.0,21719.9,,,,,0.0,0.0,9000.6
1233.21,100.0,21761.5,,,,,100.0,100.0,8993.9
1234.21,0.0,21803.0,,,,,0.0,0.0,9000.6
1235.21,100.0,21823.8,,,,,100.0,100.0,9012.3
1236.21,100.0,21844.6,,,,,100.0,100.0,9000.8
1237.21,100.0,21944.6,,,,,100.0,100.0,9018.3
1238.21,0.0,21944.6,,,,,0.0,0.0,9018.3
1239.21,100.0,21903.3,,,,,100.0,100.0,9019.8
1240.21,100.0,21861.7,,,,,100.0,100.0,9020.0
1241.21,100.0,21820.0,,,,,100.0,100.0,9020.0
1242.21,0.0,21820.0,,,,,0.0,0.0,9020.0
1243.21,100.0,21719.9,,,,,100.0,100.0,9014.2
1244.21,0.0,21761.5,,,,,0.0,0.0,9001.5
1245.21,100.0,21761.5,,,,,100.0,100.0,9013.0
1246.21,100.0,21803.0,,,,,100.0,100.0,9015.2
1247.21,100.0,21803.0,,,,,100.0,100.0,9009.8
1248.21,0.0,21878.6,,,,,0.0,0.0,9015.9
1249.21,100.0,21944.6,,,,,100.0,100.0,9018.5
1250.22,100.0,21903.3,,,,,100.0,100.0,9020.1
1251.22,100.0,21861.7,,,,,100.0,100.0,9020.2
1252.22,0.0,21861.7,,,,,0.0,0.0,9020.2
1253.22,100.0,21820.0,,,,,100.0,100.0,9020.2
1254.22,100.0,21719.8,,,,,100.0,100.0,9000.1
1255.22,0.0,21761.5,,,,,0.0,0.0,9014.4
1256.22,100.0,21761.5,,,,,100.0,100.0,9001.0
1257.22,100.0,21782.3,,,,,100.0,100.0,9013.1
1258.22,0.0,21844.6,,,,,0.0,0.0,9000.7
1259.22,100.0,21844.6,,,,,100.0,100.0,9007.8
1260.22,100.0,21944.6,,,,,100.0,100.0,9018.8
1261.22,100.0,21903.3,,,,,100.0,100.0,9020.2
1262.22,0.0,21903.3,,,,,0.0,0.0,9020.2
1263.22,100.0,21861.7,,,,,100.0,100.0,9020.4
1264.22,100.0,21820.0,,,,,100.0,100.0,9020.4
1265.22,100.0,21719.8,,,,,100.0,100.0,9020.6
1266.22,0.0,21719.9,,,,,0.0,0.0,8999.9
1267.22,100.0,21761.5,,,,,100.0,100.0,9014.5
1268.22,0.0,21803.0,,,,,0.0,0.0,9000.5
1269.22,100.0,21803.0,,,,,100.0,100.0,9009.6
1270.22,100.0,21844.6,,,,,100.0,100.0,8998.1
1271.22,100.0,21944.6,,,,,100.0,100.0,9019.0
1272.22,0.0,21944.6,,,,,0.0,0.0,9019.0
1273.22,100.0,21903.3,,,,,100.0,100.0,9020.5
1274.22,100.0,21861.7,,,,,100.0,100.0,9020.7
1275.22,100.0,21820.0,,,,,100.0,100.0,9020.7
1276.22,0.0,21820.0,,,,,0.0,0.0,9020.7
1277.22,100.0,21719.9,,,,,100.0,100.0,9015.1
1278.22,0.0,21761.5,,,,,0.0,0.0,9002.0
1279.22,100.0,21782.3,,,,,100.0,100.0,9012.9
1280.22,100.0,21803.0,,,,,100.0,100.0,9016.1
1281.22,100.0,21803.0,,,,,100.0,100.0,9008.0
1282.22,0.0,21878.6,,,,,0.0,0.0,9016.3
1283.22,100.0,21944.6,,,,,100.0,100.0,9019.1
1284.22,100.0,21903.3,,,,,100.0,100.0,9020.5
1285.22,100.0,21861.7,,,,,100.0,100.0,9020.6
1286.22,0.0,21861.7,,,,,0.0,0.0,9020.6
1287.22,100.0,21820.0,,,,,100.0,100.0,9020.6
1288.22,100.0,21719.8,,,,,100.0,100.0,9000.1
1289.22,0.0,21761.5,,,,,0.0,0.0,9015.3
1290.22,100.0,21761.5,,,,,100.0,100.0,9002.2
1291.22,100.0,21782.3,,,,,100.0,100.0,9012.7
1292.22,0.0,21844.6,,,,,0.0,0.0,9010.0
1293.22,100.0,21861.6,,,,,100.0,100.0,9010.2
1294.22,100.0,21944.6,,,,,100.0,100.0,9019.4
1295.22,100.0,21903.3,,,,,100.0,100.0,9020.9
1296.22,0.0,21903.3,,,,,0.0,0.0,9020.9
1297.22,100.0,21861.7,,,,,100.0,100.0,9021.1
1298.22,100.0,21820.0,,,,,100.0,100.0,9021.1
1299.22,100.0,21719.8,,,,,100.0,100.0,9021.2
1300.22,0.0,21719.9,,,,,0.0,0.0,9000.5
1301.22,100.0,21740.7,,,,,100.0,100.0,9014.9
1302.22,0.0,21803.0,,,,,0.0,0.0,9002.1
1303.22,100.0,21803.0,,,,,100.0,100.0,9009.3
1304.22,100.0,21844.6,,,,,100.0,100.0,9000.1
1305.22,100.0,21944.6,,,,,100.0,100.0,9019.7
1306.22,0.0,21944.6,,,,,0.0,0.0,9019.7
1307.22,100.0,21903.3,,,,,100.0,100.0,9021.1
1308.22,100.0,21861.7,,,,,100.0,100.0,9021.3
1309.22,100.0,21820.0,,,,,100.0,100.0,9021.3
1310.22,0.0,21820.0,,,,,0.0,0.0,9021.3
1311.22,100.0,21719.9,,,,,100.0,100.0,9015.4
1312.22,0.0,21761.5,,,,,0.0,0.0,9015.7
1313.22,100.0,21782.3,,,,,100.0,100.0,9013.6
1314.23,100.0,21803.0,,,,,100.0,100.0,9016.6
1315.23,100.0,21803.0,,,,,100.0,100.0,9008.8
1316.23,0.0,21878.6,,,,,0.0,0.0,9017.4
1317.23,100.0,21944.6,,,,,100.0,100.0,9020.0
1318.23,100.0,21903.3,,,,,100.0,100.0,9021.5
1319.23,100.0,21861.7,,,,,100.0,100.0,9021.7
1320.23,0.0,21861.7,,,,,0.0,0.0,9021.7
1321.23,100.0,21820.0,,,,,100.0,100.0,9021.7
1322.23,100.0,21719.8,,,,,100.0,100.0,9001.2
1323.23,0.0,21761.5,,,,,0.0,0.0,9015.6
1324.23,100.0,21761.5,,,,,100.0,100.0,9002.0
1325.23,0.0,21803.0,,,,,0.0,0.0,9012.3
1326.23,100.0,21844.6,,,,,100.0,100.0,9017.7
1327.23,100.0,21844.6,,,,,100.0,100.0,9009.7
1328.23,100.0,21944.6,,,,,100.0,100.0,9020.3
1329.23,0.0,21944.6,,,,,0.0,0.0,9020.3
1330.23,100.0,21903.3,,,,,100.0,100.0,9021.7
1331.23,100.0,21861.7,,,,,100.0,100.0,9021.9
1332.23,100.0,21820.0,,,,,100.0,100.0,9021.9
1333.23,0.0,21820.0,,,,,0.0,0.0,9021.9
1334.23,100.0,21719.9,,,,,100.0,100.0,9000.1
1335.23,0.0,21782.3,,,,,0.0,0.0,9011.8
1336.23,100.0,21803.0,,,,,100.0,100.0,9000.0
1337.23,100.0,21803.0,,,,,100.0,100.0,9008.9
1338.23,100.0,21844.6,,,,,100.0,100.0,9000.0
1339.23,0.0,21878.6,,,,,0.0,0.0,9017.8
1340.23,100.0,21944.6,,,,,100.0,100.0,9020.4
1341.23,100.0,21903.3,,,,,100.0,100.0,9021.9
1342.23,100.0,21861.7,,,,,100.0,100.0,9022.1
1343.23,0.0,21861.7,,,,,0.0,0.0,9022.1
1344.23,100.0,21820.0,,,,,100.0,100.0,9022.1
1345.23,100.0,21685.8,,,,,100.0,100.0,9012.8
1346.23,0.0,21761.5,,,,,0.0,0.0,9016.4
1347.23,100.0,21761.5,,,,,100.0,100.0,9008.8
1348.23,100.0,21803.0,,,,,100.0,100.0,9017.3
1349.23,0.0,21844.6,,,,,0.0,0.0,9005.9
1350.23,100.0,21861.6,,,,,100.0,100.0,9015.3
1351.23,100.0,21944.6,,,,,100.0,100.0,9020.7
1352.23,100.0,21903.3,,,,,100.0,100.0,9022.2
1353.23,0.0,21903.3,,,,,0.0,0.0,9022.2
1354.23,100.0,21861.7,,,,,100.0,100.0,9022.4
1355.23,100.0,21820.0,,,,,100.0,100.0,9022.4
1356.23,100.0,21719.8,,,,,100.0,100.0,9001.4
1357.23,0.0,21740.7,,,,,0.0,0.0,9012.8
1358.23,100.0,21761.5,,,,,100.0,100.0,9001.3
1359.23,0.0,21803.0,,,,,0.0,0.0,9009.7
1360.23,100.0,21844.6,,,,,100.0,100.0,9018.4
1361.23,100.0,21844.6,,,,,100.0,100.0,9007.2
1362.23,100.0,21944.6,,,,,100.0,100.0,9021.1
1363.23,0.0,21944.6,,,,,0.0,0.0,9021.1
1364.23,100.0,21903.3,,,,,100.0,100.0,9022.6
1365.23,100.0,21861.7,,,,,100.0,100.0,9022.8
1366.23,100.0,21820.0,,,,,100.0,100.0,9022.8
1367.23,0.0,21820.0,,,,,0.0,0.0,9022.8
1368.23,100.0,21719.9,,,,,100.0,100.0,9000.5
1369.23,0.0,21761.5,,,,,0.0,0.0,9007.6
1370.23,100.0,21803.0,,,,,100.0,100.0,8998.8
1371.23,100.0,21803.0,,,,,100.0,100.0,9005.2
1372.23,100.0,21844.6,,,,,100.0,100.0,9018.8
1373.23,0.0,21878.6,,,,,0.0,0.0,9018.8
1374.23,100.0,21944.6,,,,,100.0,100.0,9021.4
1375.23,100.0,21903.3,,,,,100.0,100.0,9022.9
1376.23,100.0,21861.7,,,,,100.0,100.0,9023.1
1377.23,0.0,21861.7,,,,,0.0,0.0,9023.1
1378.24,100.0,21820.0,,,,,100.0,100.0,9023.1
1379.24,100.0,21719.8,,,,,100.0,100.0,9012.3
1380.24,0.0,21761.5,,,,,0.0,0.0,9017.4
1381.24,100.0,21761.5,,,,,100.0,100.0,9012.1
1382.24,100.0,21803.0,,,,,100.0,100.0,9000.5
1383.24,0.0,21844.6,,,,,0.0,0.0,9008.1
1384.24,100.0,21878.6,,,,,100.0,100.0,9018.8
1385.24,100.0,21944.6,,,,,100.0,100.0,9021.6
1386.24,100.0,21903.3,,,,,100.0,100.0,9023.2
1387.24,0.0,21903.3,,,,,0.0,0.0,9023.2
1388.24,100.0,21861.7,,,,,100.0,100.0,9023.4
1389.24,100.0,21820.0,,,,,100.0,100.0,9023.4
1390.24,100.0,21719.8,,,,,100.0,100.0,9001.6
1391.24,0.0,21719.9,,,,,0.0,0.0,9011.9
1392.24,100.0,21761.5,,,,,100.0,100.0,9017.9
1393.24,0.0,21803.0,,,,,0.0,0.0,9006.8
1394.24,100.0,21844.6,,,,,100.0,100.0,9019.3
1395.24,100.0,21844.6,,,,,100.0,100.0,9006.2
1396.24,100.0,21944.6,,,,,100.0,100.0,9021.8
1397.24,0.0,21944.6,,,,,0.0,0.0,9021.8
1398.24,100.0,21903.3,,,,,100.0,100.0,9023.3
1399.24,100.0,21861.7,,,,,100.0,100.0,9023.4
1400.24,100.0,21820.0,,,,,100.0,100.0,9023.4
1401.24,0.0,21820.0,,,,,0.0,0.0,9023.4
1402.24,100.0,21719.9,,,,,100.0,100.0,9002.1
1403.24,0.0,21761.5,,,,,0.0,0.0,9010.3
1404.24,100.0,21782.3,,,,,100.0,100.0,9012.6
1405.24,100.0,21803.0,,,,,100.0,100.0,9009.5
1406.24,100.0,21803.0,,,,,100.0,100.0,9009.8
1407.24,0.0,21878.6,,,,,0.0,0.0,9018.1
1408.24,100.0,21944.6,,,,,100.0,100.0,9020.9
1409.24,100.0,21903.3,,,,,100.0,100.0,9022.5
1410.24,100.0,21861.7,,,,,100.0,100.0,9022.7
1411.24,0.0,21861.7,,,,,0.0,0.0,9022.7
1412.24,100.0,21820.0,,,,,100.0,100.0,9022.7
1413.24,100.0,21719.8,,,,,100.0,100.0,9010.3
1414.24,0.0,21761.5,,,,,0.0,0.0,9017.0
1415.24,100.0,21761.5,,,,,100.0,100.0,9008.2
1416.24,100.0,21803.0,,,,,100.0,100.0,9008.7
1417.24,0.0,21844.6,,,,,0.0,0.0,9007.8
1418.24,100.0,21878.6,,,,,100.0,100.0,9018.5
1419.24,100.0,21944.6,,,,,100.0,100.0,9021.4
1420.24,100.0,21903.3,,,,,100.0,100.0,9023.0
1421.24,0.0,21903.3,,,,,0.0,0.0,9023.0
1422.24,100.0,21861.7,,,,,100.0,100.0,9023.2
1423.24,100.0,21820.0,,,,,100.0,100.0,9023.2
1424.24,100.0,21719.8,,,,,100.0,100.0,9002.4
1425.24,0.0,21719.9,,,,,0.0,0.0,9010.9
1426.24,100.0,21761.5,,,,,100.0,100.0,9017.6
1427.24,0.0,21803.0,,,,,0.0,0.0,9008.4
1428.24,100.0,21844.6,,,,,100.0,100.0,9019.1
1429.24,100.0,21844.6,,,,,100.0,100.0,9007.2
1430.24,100.0,21944.6,,,,,100.0,100.0,9021.8
1431.24,0.0,21944.6,,,,,0.0,0.0,9021.8
1432.24,100.0,21903.3,,,,,100.0,100.0,9023.3
1433.24,100.0,21861.7,,,,,100.0,100.0,9023.4
1434.24,100.0,21820.0,,,,,100.0,100.0,9023.4
1435.24,0.0,21820.0,,,,,0.0,0.0,9023.4
1436.24,100.0,21719.9,,,,,100.0,100.0,9003.1
1437.24,0.0,21761.5,,,,,0.0,0.0,9011.0
1438.24,100.0,21803.0,,,,,100.0,100.0,9003.2
1439.24,100.0,21803.0,,,,,100.0,100.0,9009.6
1440.24,100.0,21844.6,,,,,100.0,100.0,9019.2
1441.24,0.0,21878.6,,,,,0.0,0.0,9019.3
1442.24,100.0,21944.6,,,,,100.0,100.0,9022.0
1443.25,100.0,21903.3,,,,,100.0,100.0,9023.5
1444.25,100.0,21861.7,,,,,100.0,100.0,9023.7
1445.25,0.0,21861.7,,,,,0.0,0.0,9023.7
1446.25,100.0,21820.0,,,,,100.0,100.0,9023.7
1447.25,100.0,21719.8,,,,,100.0,100.0,9012.5
1448.25,0.0,21761.5,,,,,0.0,0.0,9010.8
1449.25,100.0,21761.5,,,,,100.0,100.0,9011.2
1450.25,100.0,21803.0,,,,,100.0,100.0,9012.0
1451.25,0.0,21844.6,,,,,0.0,0.0,9009.9
1452.25,100.0,21878.6,,,,,100.0,100.0,9019.6
1453.25,100.0,21944.6,,,,,100.0,100.0,9022.2
1454.25,100.0,21903.3,,,,,100.0,100.0,9023.7
1455.25,0.0,21903.3,,,,,0.0,0.0,9023.7
1456.25,100.0,21861.7,,,,,100.0,100.0,9023.9
1457.25,100.0,21820.0,,,,,100.0,100.0,9023.9
1458.25,100.0,21719.8,,,,,100.0,100.0,9024.3
1459.25,0.0,21719.9,,,,,0.0,0.0,9009.8
1460.25,100.0,21761.5,,,,,100.0,100.0,9018.3
1461.25,0.0,21803.0,,,,,0.0,0.0,9009.5
1462.25,100.0,21844.6,,,,,100.0,100.0,9019.8
1463.25,100.0,21844.6,,,,,100.0,100.0,9008.8
1464.25,100.0,21944.6,,,,,100.0,100.0,9022.4
1465.25,0.0,21944.6,,,,,0.0,0.0,9022.4
1466.25,100.0,21903.3,,,,,100.0,100.0,9024.1
1467.25,100.0,21861.7,,,,,100.0,100.0,9024.3
1468.25,100.0,21820.0,,,,,100.0,100.0,9024.4
1469.25,0.0,21820.0,,,,,0.0,0.0,9024.4
1470.25,100.0,21719.9,,,,,100.0,100.0,9001.9
1471.25,0.0,21761.5,,,,,0.0,0.0,9009.0
1472.25,100.0,21803.0,,,,,100.0,100.0,9019.5
1473.25,100.0,21803.0,,,,,100.0,100.0,9006.7
1474.25,100.0,21823.8,,,,,100.0,100.0,9019.4
1475.25,0.0,21878.6,,,,,0.0,0.0,9020.3
1476.25,100.0,21944.6,,,,,100.0,100.0,9022.9
1477.25,100.0,21903.3,,,,,100.0,100.0,9024.4
1478.25,100.0,21861.7,,,,,100.0,100.0,9024.6
1479.25,0.0,21861.7,,,,,0.0,0.0,9024.6
1480.25,100.0,21820.0,,,,,100.0,100.0,9024.6
1481.25,100.0,21719.8,,,,,100.0,100.0,9011.6
1482.25,0.0,21761.5,,,,,0.0,0.0,9004.8
1483.25,100.0,21761.5,,,,,100.0,100.0,9010.5
1484.25,100.0,21803.0,,,,,100.0,100.0,9001.5
1485.25,0.0,21844.6,,,,,0.0,0.0,9009.0
1486.25,100.0,21878.6,,,,,100.0,100.0,9020.1
1487.25,100.0,21944.6,,,,,100.0,100.0,9023.1
1488.25,100.0,21903.3,,,,,100.0,100.0,9024.7
1489.25,0.0,21903.3,,,,,0.0,0.0,9024.7
1490.25,100.0,21861.7,,,,,100.0,100.0,9024.9
1491.25,100.0,21820.0,,,,,100.0,100.0,9024.9
1492.25,100.0,21719.8,,,,,100.0,100.0,9025.3
1493.25,0.0,21719.9,,,,,0.0,0.0,9011.7
1494.25,100.0,21761.5,,,,,100.0,100.0,9019.4
1495.25,0.0,21803.0,,,,,0.0,0.0,9009.7
1496.25,100.0,21844.6,,,,,100.0,100.0,9020.9
1497.25,100.0,21844.6,,,,,100.0,100.0,9020.9
1498.25,100.0,21944.6,,,,,100.0,100.0,9023.7
1499.25,0.0,21944.6,,,,,0.0,0.0,9023.7
1500.25,100.0,21903.3,,,,,100.0,100.0,9025.1
1501.25,100.0,21861.7,,,,,100.0,100.0,9025.3
1502.25,100.0,21820.0,,,,,100.0,100.0,9025.4
1503.25,0.0,21820.0,,,,,0.0,0.0,9025.4
1504.25,100.0,21719.9,,,,,100.0,100.0,9004.1
1505.25,0.0,21761.5,,,,,0.0,0.0,9009.6
1506.25,100.0,21803.0,,,,,100.0,100.0,9020.3
1507.25,100.0,21803.0,,,,,100.0,100.0,9008.9
1508.26,100.0,21844.6,,,,,100.0,100.0,9021.0
1509.26,0.0,21878.6,,,,,0.0,0.0,9021.0
1510.26,100.0,21944.6,,,,,100.0,100.0,9023.7
1511.26,100.0,21903.3,,,,,100.0,100.0,9025.3
1512.26,100.0,21861.7,,,,,100.0,100.0,9025.5
1513.26,0.0,21861.7,,,,,0.0,0.0,9025.5
1514.26,100.0,21820.0,,,,,100.0,100.0,9025.5
1515.26,100.0,21719.8,,,,,100.0,100.0,9010.5
1516.26,0.0,21761.5,,,,,0.0,0.0,9001.9
1517.26,100.0,21761.5,,,,,100.0,100.0,9009.4
1518.26,100.0,21803.0,,,,,100.0,100.0,9002.5
1519.26,0.0,21844.6,,,,,0.0,0.0,9009.0
1520.26,100.0,21861.6,,,,,100.0,100.0,9020.8
1521.26,100.0,21944.6,,,,,100.0,100.0,9024.0
1522.26,100.0,21903.3,,,,,100.0,100.0,9025.5
1523.26,0.0,21903.3,,,,,0.0,0.0,9025.5
1524.26,100.0,21861.7,,,,,100.0,100.0,9025.6
1525.26,100.0,21820.0,,,,,100.0,100.0,9025.6
1526.26,100.0,21719.8,,,,,100.0,100.0,9025.9
1527.26,0.0,21719.9,,,,,0.0,0.0,9012.5
1528.26,100.0,21761.5,,,,,100.0,100.0,9012.4
1529.26,0.0,21803.0,,,,,0.0,0.0,9012.9
1530.26,100.0,21844.6,,,,,100.0,100.0,9014.4
1531.26,100.0,21844.6,,,,,100.0,100.0,9017.6
1532.26,100.0,21944.6,,,,,100.0,100.0,9024.1
1533.26,0.0,21944.6,,,,,0.0,0.0,9024.1
1534.26,100.0,21903.3,,,,,100.0,100.0,9025.7
1535.26,100.0,21861.7,,,,,100.0,100.0,9025.9
1536.26,100.0,21820.0,,,,,100.0,100.0,9025.9
1537.26,0.0,21820.0,,,,,0.0,0.0,9025.9
1538.26,100.0,21719.9,,,,,100.0,100.0,9020.3
1539.26,0.0,21761.5,,,,,0.0,0.0,9010.3
1540.26,100.0,21803.0,,,,,100.0,100.0,9020.9
1541.26,100.0,21803.0,,,,,100.0,100.0,9010.0
1542.26,100.0,21844.6,,,,,100.0,100.0,9021.7
1543.26,0.0,21878.6,,,,,0.0,0.0,9021.6
1544.26,100.0,21944.6,,,,,100.0,100.0,9024.3
1545.26,100.0,21903.3,,,,,100.0,100.0,9025.8
1546.26,100.0,21861.7,,,,,100.0,100.0,9025.9
1547.26,0.0,21861.7,,,,,0.0,0.0,9025.9
1548.26,100.0,21820.0,,,,,100.0,100.0,9025.9
1549.26,100.0,21719.8,,,,,100.0,100.0,9009.7
1550.26,0.0,21761.5,,,,,0.0,0.0,9003.8
1551.26,100.0,21761.5,,,,,100.0,100.0,9010.2
1552.26,100.0,21803.0,,,,,100.0,100.0,9021.2
1553.26,0.0,21844.6,,,,,0.0,0.0,9009.4
1554.26,100.0,21861.6,,,,,100.0,100.0,9017.8
1555.26,100.0,21944.6,,,,,100.0,100.0,9024.6
1556.26,100.0,21903.3,,,,,100.0,100.0,9026.2
1557.26,0.0,21903.3,,,,,0.0,0.0,9026.2
1558.26,100.0,21861.7,,,,,100.0,100.0,9026.4
1559.26,100.0,21820.0,,,,,100.0,100.0,9026.4
1560.26,100.0,21719.8,,,,,100.0,100.0,9026.6
1561.26,0.0,21719.9,,,,,0.0,0.0,9011.0
1562.26,100.0,21761.5,,,,,100.0,100.0,9020.8
1563.26,0.0,21803.0,,,,,0.0,0.0,9009.7
1564.26,100.0,21844.6,,,,,100.0,100.0,9022.3
1565.26,100.0,21844.6,,,,,100.0,100.0,9015.9
1566.26,100.0,21944.6,,,,,100.0,100.0,9025.1
1567.26,0.0,21944.6,,,,,0.0,0.0,9025.1
1568.26,100.0,21903.3,,,,,100.0,100.0,9026.4
1569.26,100.0,21861.7,,,,,100.0,100.0,9026.6
1570.26,100.0,21820.0,,,,,100.0,100.0,9026.6
1571.26,0.0,21820.0,,,,,0.0,0.0,9026.6
1572.26,100.0,21719.9,,,,,100.0,100.0,9020.9
1573.27,0.0,21761.5,,,,,0.0,0.0,9010.3
1574.27,100.0,21803.0,,,,,100.0,100.0,9021.7
1575.27,100.0,21803.0,,,,,100.0,100.0,9009.6
1576.27,100.0,21841.8,,,,,100.0,100.0,9022.4
1577.27,0.0,21878.6,,,,,0.0,0.0,9022.4
1578.27,100.0,21944.6,,,,,100.0,100.0,9025.0
1579.27,100.0,21903.3,,,,,100.0,100.0,9026.6
1580.27,100.0,21861.7,,,,,100.0,100.0,9026.8
1581.27,0.0,21861.7,,,,,0.0,0.0,9026.8
1582.27,100.0,21820.0,,,,,100.0,100.0,9026.8
1583.27,100.0,21719.8,,,,,100.0,100.0,9009.8
1584.27,0.0,21761.5,,,,,0.0,0.0,9004.4
1585.27,100.0,21761.5,,,,,100.0,100.0,9009.0
1586.27,100.0,21803.0,,,,,100.0,100.0,9021.9
1587.27,0.0,21844.6,,,,,0.0,0.0,9010.2
1588.27,100.0,21878.6,,,,,100.0,100.0,9022.3
1589.27,100.0,21944.6,,,,,100.0,100.0,9025.4
1590.27,100.0,21903.3,,,,,100.0,100.0,9026.9
1591.27,0.0,21903.3,,,,,0.0,0.0,9026.9
1592.27,100.0,21861.7,,,,,100.0,100.0,9027.0
1593.27,100.0,21820.0,,,,,100.0,100.0,9027.0
1594.27,100.0,21719.8,,,,,100.0,100.0,9027.1
1595.27,0.0,21719.9,,,,,0.0,0.0,9010.3
1596.27,100.0,21761.5,,,,,100.0,100.0,9012.3
1597.27,0.0,21803.0,,,,,0.0,0.0,9017.2
1598.27,100.0,21823.8,,,,,100.0,100.0,9009.2
1599.27,100.0,21844.6,,,,,100.0,100.0,9017.5
1600.27,100.0,21944.6,,,,,100.0,100.0,9025.6
1601.27,0.0,21944.6,,,,,0.0,0.0,9025.6
1602.27,100.0,21903.3,,,,,100.0,100.0,9027.1
1603.27,100.0,21861.7,,,,,100.0,100.0,9027.3
1604.27,100.0,21820.0,,,,,100.0,100.0,9027.3
1605.27,0.0,21820.0,,,,,0.0,0.0,9027.3
1606.27,100.0,21719.9,,,,,100.0,100.0,9021.6
1607.27,0.0,21761.5,,,,,0.0,0.0,9010.8
1608.27,100.0,21803.0,,,,,100.0,100.0,9022.3
1609.27,100.0,21803.0,,,,,100.0,100.0,9010.0
1610.27,100.0,21823.8,,,,,100.0,100.0,9018.3
1611.27,0.0,21878.6,,,,,0.0,0.0,9023.3
1612.27,100.0,21944.6,,,,,100.0,100.0,9025.9
1613.27,100.0,21903.3,,,,,100.0,100.0,9027.4
1614.27,100.0,21861.7,,,,,100.0,100.0,9027.5
1615.27,0.0,21861.7,,,,,0.0,0.0,9027.5
1616.27,100.0,21820.0,,,,,100.0,100.0,9027.5
1617.27,100.0,21719.8,,,,,100.0,100.0,9009.3
1618.27,0.0,21761.5,,,,,0.0,0.0,9003.5
1619.27,100.0,21761.5,,,,,100.0,100.0,9010.3
1620.27,100.0,21782.3,,,,,100.0,100.0,9021.6
1621.27,0.0,21844.6,,,,,0.0,0.0,9010.9
1622.27,100.0,21861.6,,,,,100.0,100.0,9017.8
1623.27,100.0,21944.6,,,,,100.0,100.0,9026.1
1624.27,100.0,21903.3,,,,,100.0,100.0,9027.6
1625.27,0.0,21903.3,,,,,0.0,0.0,9027.6
1626.27,100.0,21861.7,,,,,100.0,100.0,9027.7
1627.27,100.0,21820.0,,,,,100.0,100.0,9027.8
1628.27,100.0,21719.8,,,,,100.0,100.0,9027.9
1629.27,0.0,21719.9,,,,,0.0,0.0,9010.3
1630.27,100.0,21761.5,,,,,100.0,100.0,9022.1
1631.27,0.0,21803.0,,,,,0.0,0.0,9009.1
1632.27,100.0,21823.8,,,,,100.0,100.0,9020.8
1633.27,100.0,21844.6,,,,,100.0,100.0,9007.8
1634.27,100.0,21944.6,,,,,100.0,100.0,9026.4
1635.27,0.0,21944.6,,,,,0.0,0.0,9026.4
1636.27,100.0,21903.3,,,,,100.0,100.0,9027.8
1637.27,100.0,21861.7,,,,,100.0,100.0,9028.0
1638.27,100.0,21820.0,,,,,100.0,100.0,9028.0
1639.27,0.0,21820.0,,,,,0.0,0.0,9028.0
1640.28,100.0,21719.9,,,,,100.0,100.0,9022.3
1641.28,0.0,21761.5,,,,,0.0,0.0,9010.3
1642.28,100.0,21803.0,,,,,100.0,100.0,9023.1
1643.28,100.0,21803.0,,,,,100.0,100.0,9010.3
1644.28,100.0,21823.8,,,,,100.0,100.0,9022.2
1645.28,0.0,21878.6,,,,,0.0,0.0,9024.1
1646.28,100.0,21944.6,,,,,100.0,100.0,9026.6
1647.28,100.0,21903.3,,,,,100.0,100.0,9028.1
1648.28,100.0,21861.7,,,,,100.0,100.0,9028.2
1649.28,0.0,21861.7,,,,,0.0,0.0,9028.2
1650.28,100.0,21820.0,,,,,100.0,100.0,9028.3
1651.28,100.0,21719.8,,,,,100.0,100.0,9009.5
1652.28,0.0,21761.5,,,,,0.0,0.0,9022.7
1653.28,100.0,21761.5,,,,,100.0,100.0,9008.5
1654.28,100.0,21761.5,,,,,100.0,100.0,9020.1
1655.28,0.0,21844.6,,,,,0.0,0.0,9009.9
1656.28,100.0,21844.6,,,,,100.0,100.0,9016.0
1657.28,100.0,21944.6,,,,,100.0,100.0,9026.9
1658.28,100.0,21903.3,,,,,100.0,100.0,9028.2
1659.28,0.0,21903.3,,,,,0.0,0.0,9028.2
1660.28,100.0,21861.7,,,,,100.0,100.0,9028.4
1661.28,100.0,21820.0,,,,,100.0,100.0,9028.4
1662.28,100.0,21719.8,,,,,100.0,100.0,9028.6
1663.28,0.0,21719.9,,,,,0.0,0.0,9009.3
1664.28,100.0,21761.5,,,,,100.0,100.0,9022.8
1665.28,0.0,21803.0,,,,,0.0,0.0,9008.6
1666.28,100.0,21803.0,,,,,100.0,100.0,9019.8
1667.28,100.0,21844.6,,,,,100.0,100.0,9009.1
1668.28,100.0,21944.6,,,,,100.0,100.0,9027.1
1669.28,0.0,21944.6,,,,,0.0,0.0,9027.1
1670.28,100.0,21903.3,,,,,100.0,100.0,9028.6
1671.28,100.0,21861.7,,,,,100.0,100.0,9028.8
1672.28,100.0,21820.0,,,,,100.0,100.0,9028.8
1673.28,0.0,21820.0,,,,,0.0,0.0,9028.8
1674.28,100.0,21719.9,,,,,100.0,100.0,9022.9
1675.28,0.0,21761.5,,,,,0.0,0.0,9010.5
1676.28,100.0,21803.0,,,,,100.0,100.0,9023.5
1677.28,100.0,21803.0,,,,,100.0,100.0,9023.7
1678.28,100.0,21823.8,,,,,100.0,100.0,9019.6
1679.28,0.0,21878.6,,,,,0.0,0.0,9024.4
1680.28,100.0,21944.6,,,,,100.0,100.0,9027.0
1681.28,100.0,21903.3,,,,,100.0,100.0,9028.7
1682.28,100.0,21861.7,,,,,100.0,100.0,9028.9
1683.28,0.0,21861.7,,,,,0.0,0.0,9028.9
1684.28,100.0,21820.0,,,,,100.0,100.0,9028.9
1685.28,100.0,21719.8,,,,,100.0,100.0,9009.4
1686.28,0.0,21761.5,,,,,0.0,0.0,9023.2
1687.28,100.0,21761.5,,,,,100.0,100.0,9010.0
1688.28,100.0,21803.0,,,,,100.0,100.0,9023.8
1689.28,0.0,21844.6,,,,,0.0,0.0,9010.8
1690.28,100.0,21844.6,,,,,100.0,100.0,9019.9
1691.28,100.0,21944.6,,,,,100.0,100.0,9027.3
1692.28,100.0,21903.3,,,,,100.0,100.0,9028.9
1693.28,0.0,21903.3,,,,,0.0,0.0,9028.9
1694.28,100.0,21861.7,,,,,100.0,100.0,9029.0
1695.28,100.0,21820.0,,,,,100.0,100.0,9029.0
1696.28,100.0,21719.8,,,,,100.0,100.0,9029.2
1697.28,0.0,21719.9,,,,,0.0,0.0,9009.9
1698.28,100.0,21761.5,,,,,100.0,100.0,9003.2
1699.28,0.0,21803.0,,,,,0.0,0.0,9010.0
1700.28,100.0,21823.8,,,,,100.0,100.0,9022.3
1701.28,100.0,21844.6,,,,,100.0,100.0,9008.9
1702.28,100.0,21944.6,,,,,100.0,100.0,9027.5
1703.28,0.0,21944.6,,,,,0.0,0.0,9027.5
1704.28,100.0,21903.3,,,,,100.0,100.0,9029.1
1705.28,100.0,21861.7,,,,,100.0,100.0,9029.2
1706.29,100.0,21820.0,,,,,100.0,100.0,9029.2
1707.29,0.0,21820.0,,,,,0.0,0.0,9029.2
1708.29,100.0,21719.9,,,,,100.0,100.0,9023.6
1709.29,0.0,21761.5,,,,,0.0,0.0,9011.3
1710.29,100.0,21803.0,,,,,100.0,100.0,9024.4
1711.29,100.0,21803.0,,,,,100.0,100.0,9024.6
1712.29,100.0,21803.0,,,,,100.0,100.0,9018.9
1713.29,0.0,21878.6,,,,,0.0,0.0,9025.2
1714.29,100.0,21944.6,,,,,100.0,100.0,9027.9
1715.29,100.0,21903.3,,,,,100.0,100.0,9029.5
1716.29,100.0,21861.7,,,,,100.0,100.0,9029.7
1717.29,0.0,21861.7,,,,,0.0,0.0,9029.7
1718.29,100.0,21820.0,,,,,100.0,100.0,9029.7
1719.29,100.0,21719.8,,,,,100.0,100.0,9009.6
1720.29,0.0,21761.5,,,,,0.0,0.0,9023.9
1721.29,100.0,21761.5,,,,,100.0,100.0,9010.3
1722.29,100.0,21761.5,,,,,100.0,100.0,9019.7
1723.29,0.0,21844.6,,,,,0.0,0.0,9009.0
1724.29,100.0,21844.6,,,,,100.0,100.0,9014.1
1725.29,100.0,21944.6,,,,,100.0,100.0,9028.1
1726.29,100.0,21903.3,,,,,100.0,100.0,9029.6
1727.29,0.0,21903.3,,,,,0.0,0.0,9029.6
1728.29,100.0,21861.7,,,,,100.0,100.0,9029.8
1729.29,100.0,21820.0,,,,,100.0,100.0,9029.8
1730.29,100.0,21719.8,,,,,100.0,100.0,9029.9
1731.29,0.0,21719.9,,,,,0.0,0.0,9009.4
1732.29,100.0,21740.7,,,,,100.0,100.0,9022.0
1733.29,0.0,21803.0,,,,,0.0,0.0,9017.7
1734.29,100.0,21823.8,,,,,100.0,100.0,9019.7
1735.29,100.0,21844.6,,,,,100.0,100.0,9018.6
1736.29,100.0,21944.6,,,,,100.0,100.0,9028.3
1737.29,0.0,21944.6,,,,,0.0,0.0,9028.3
1738.29,100.0,21903.3,,,,,100.0,100.0,9030.0
1739.29,100.0,21861.7,,,,,100.0,100.0,9030.2
1740.29,100.0,21820.0,,,,,100.0,100.0,9030.2
1741.29,0.0,21820.0,,,,,0.0,0.0,9030.2
1742.29,100.0,21719.9,,,,,100.0,100.0,9024.3
1743.29,0.0,21761.5,,,,,0.0,0.0,9024.5
1744.29,100.0,21761.5,,,,,100.0,100.0,9016.4
1745.29,100.0,21803.0,,,,,100.0,100.0,9025.3
1746.29,100.0,21803.0,,,,,100.0,100.0,9014.5
1747.29,0.0,21878.6,,,,,0.0,0.0,9025.8
1748.29,100.0,21944.6,,,,,100.0,100.0,9028.7
1749.29,100.0,21903.3,,,,,100.0,100.0,9030.2
1750.29,100.0,21861.7,,,,,100.0,100.0,9030.4
1751.29,0.0,21861.7,,,,,0.0,0.0,9030.4
1752.29,100.0,21820.0,,,,,100.0,100.0,9030.4
1753.29,100.0,21719.8,,,,,100.0,100.0,9009.2
1754.29,0.0,21761.5,,,,,0.0,0.0,9024.4
1755.29,100.0,21761.5,,,,,100.0,100.0,9008.2
1756.29,100.0,21761.5,,,,,100.0,100.0,9016.1
1757.29,0.0,21844.6,,,,,0.0,0.0,9026.3
1758.29,100.0,21844.6,,,,,100.0,100.0,9013.3
1759.29,100.0,21944.6,,,,,100.0,100.0,9028.8
1760.29,100.0,21903.1,,,,,100.0,100.0,9030.3
1761.29,0.0,21903.3,,,,,0.0,0.0,9030.4
1762.29,100.0,21861.7,,,,,100.0,100.0,9030.6
1763.29,100.0,21820.0,,,,,100.0,100.0,9030.6
1764.29,100.0,21719.8,,,,,100.0,100.0,9030.7
1765.3,0.0,21719.9,,,,,0.0,0.0,9009.0
1766.3,100.0,21736.9,,,,,100.0,100.0,9022.6
1767.3,0.0,21803.0,,,,,0.0,0.0,9017.8
1768.3,100.0,21803.0,,,,,100.0,100.0,9020.4
1769.3,100.0,21844.6,,,,,100.0,100.0,9016.8
1770.3,100.0,21944.6,,,,,100.0,100.0,9029.0
1771.3,0.0,21944.6,,,,,0.0,0.0,9029.0
1772.3,100.0,21903.3,,,,,100.0,100.0,9030.7
1773.3,100.0,21861.7,,,,,100.0,100.0,9030.9
1774.3,100.0,21820.0,,,,,100.0,100.0,9030.9
1775.3,0.0,21820.0,,,,,0.0,0.0,9030.9
1776.3,100.0,21719.9,,,,,100.0,100.0,9024.7
1777.3,0.0,21761.5,,,,,0.0,0.0,9025.2
1778.3,100.0,21782.3,,,,,100.0,100.0,9019.3
1779.3,100.0,21803.0,,,,,100.0,100.0,9018.4
1780.3,0.0,21844.6,,,,,0.0,0.0,9017.8
1781.3,100.0,21861.6,,,,,100.0,100.0,9021.9
1782.3,100.0,21944.6,,,,,100.0,100.0,9029.2
1783.3,100.0,21903.3,,,,,100.0,100.0,9030.8
1784.3,0.0,21903.3,,,,,0.0,0.0,9030.8
1785.3,100.0,21861.7,,,,,100.0,100.0,9031.0
1786.3,100.0,21820.0,,,,,100.0,100.0,9031.0
1787.3,100.0,21719.8,,,,,100.0,100.0,9009.8
1788.3,0.0,21719.9,,,,,0.0,0.0,9021.7
1789.3,100.0,21761.5,,,,,100.0,100.0,9009.0
1790.3,0.0,21803.0,,,,,0.0,0.0,9016.3
1791.3,100.0,21844.6,,,,,100.0,100.0,9026.9
1792.3,100.0,21844.6,,,,,100.0,100.0,9014.0
1793.3,100.0,21944.6,,,,,100.0,100.0,9029.4
1794.3,0.0,21944.6,,,,,0.0,0.0,9029.4
1795.3,100.0,21903.3,,,,,100.0,100.0,9031.1
1796.3,100.0,21861.7,,,,,100.0,100.0,9031.2
1797.3,100.0,21820.0,,,,,100.0,100.0,9031.2
1798.3,0.0,21820.0,,,,,0.0,0.0,9031.2
1799.3,100.0,21719.9,,,,,100.0,100.0,9017.6
1800.3,0.0,21761.5,,,,,0.0,0.0,9019.3
1801.3,100.0,21803.0,,,,,100.0,100.0,9007.6
1802.3,100.0,21803.0,,,,,100.0,100.0,9014.1
1803.3,100.0,21844.6,,,,,100.0,100.0,9006.8
1804.3,0.0,21878.6,,,,,0.0,0.0,9027.3
1805.3,100.0,21944.6,,,,,100.0,100.0,9030.0
1806.3,100.0,21903.3,,,,,100.0,100.0,9031.5
1807.3,100.0,21861.7,,,,,100.0,100.0,9031.6
1808.3,0.0,21861.7,,,,,0.0,0.0,9031.6
1809.3,100.0,21820.0,,,,,100.0,100.0,9031.6
1810.3,100.0,21719.8,,,,,100.0,100.0,9020.3
1811.3,0.0,21761.5,,,,,0.0,0.0,9026.0
1812.3,100.0,21761.5,,,,,100.0,100.0,9016.2
1813.3,100.0,21803.0,,,,,100.0,100.0,9026.7
1814.3,0.0,21844.6,,,,,0.0,0.0,9014.1
1815.3,100.0,21861.6,,,,,100.0,100.0,9021.8
1816.3,100.0,21944.6,,,,,100.0,100.0,9030.1
1817.3,100.0,21903.3,,,,,100.0,100.0,9031.6
1818.3,0.0,21903.3,,,,,0.0,0.0,9031.6
1819.3,100.0,21861.7,,,,,100.0,100.0,9031.8
1820.3,100.0,21820.0,,,,,100.0,100.0,9031.8
1821.3,100.0,21719.8,,,,,100.0,100.0,9010.0
1822.3,0.0,21719.9,,,,,0.0,0.0,9018.4
1823.31,100.0,21761.5,,,,,100.0,100.0,9026.5
1824.31,0.0,21803.0,,,,,0.0,0.0,9015.4
1825.31,100.0,21844.6,,,,,100.0,100.0,9027.7
1826.31,100.0,21844.6,,,,,100.0,100.0,9013.8
1827.31,100.0,21944.6,,,,,100.0,100.0,9030.3
1828.31,0.0,21944.6,,,,,0.0,0.0,9030.3
1829.31,100.0,21903.3,,,,,100.0,100.0,9031.8
1830.31,100.0,21861.7,,,,,100.0,100.0,9032.0
1831.31,100.0,21820.0,,,,,100.0,100.0,9032.0
1832.31,0.0,21820.0,,,,,0.0,0.0,9032.0
1833.31,100.0,21719.9,,,,,100.0,100.0,9007.6
1834.31,0.0,21761.5,,,,,0.0,0.0,9014.9
1835.31,100.0,21803.0,,,,,100.0,100.0,9017.0
1836.31,100.0,21803.0,,,,,100.0,100.0,9020.2
1837.31,100.0,21823.8,,,,,100.0,100.0,9025.0
1838.31,0.0,21878.6,,,,,0.0,0.0,9027.9
1839.31,100.0,21944.6,,,,,100.0,100.0,9030.5
1840.31,100.0,21903.3,,,,,100.0,100.0,9032.0
1841.31,100.0,21861.7,,,,,100.0,100.0,9032.2
1842.31,0.0,21861.7,,,,,0.0,0.0,9032.2
1843.31,100.0,21820.0,,,,,100.0,100.0,9032.2
1844.31,100.0,21719.8,,,,,100.0,100.0,9019.0
1845.31,0.0,21761.5,,,,,0.0,0.0,9026.7
1846.31,100.0,21761.5,,,,,100.0,100.0,9016.5
1847.31,100.0,21803.0,,,,,100.0,100.0,9027.4
1848.31,0.0,21844.6,,,,,0.0,0.0,9014.6
1849.31,100.0,21861.6,,,,,100.0,100.0,9022.3
1850.31,100.0,21944.6,,,,,100.0,100.0,9030.8
1851.31,100.0,21903.3,,,,,100.0,100.0,9032.2
1852.31,0.0,21903.3,,,,,0.0,0.0,9032.2
1853.31,100.0,21861.7,,,,,100.0,100.0,9032.4
1854.31,100.0,21820.0,,,,,100.0,100.0,9032.4
1855.31,100.0,21719.8,,,,,100.0,100.0,9008.0
1856.31,0.0,21719.9,,,,,0.0,0.0,9017.0
1857.31,100.0,21761.5,,,,,100.0,100.0,9027.2
1858.31,0.0,21803.0,,,,,0.0,0.0,9014.1
1859.31,100.0,21823.8,,,,,100.0,100.0,9027.4
1860.31,100.0,21844.6,,,,,100.0,100.0,9013.9
1861.31,100.0,21944.6,,,,,100.0,100.0,9030.8
1862.31,0.0,21944.6,,,,,0.0,0.0,9030.8
1863.31,100.0,21903.3,,,,,100.0,100.0,9032.3
1864.31,100.0,21861.7,,,,,100.0,100.0,9032.5
1865.31,100.0,21820.0,,,,,100.0,100.0,9032.5
1866.31,0.0,21820.0,,,,,0.0,0.0,9032.5
1867.31,100.0,21719.9,,,,,100.0,100.0,9008.8
1868.31,0.0,21761.5,,,,,0.0,0.0,9016.6
1869.31,100.0,21803.0,,,,,100.0,100.0,9019.0
1870.31,100.0,21803.0,,,,,100.0,100.0,9014.8
1871.31,100.0,21823.8,,,,,100.0,100.0,9024.7
1872.31,0.0,21878.6,,,,,0.0,0.0,9028.6
1873.31,100.0,21944.6,,,,,100.0,100.0,9031.2
1874.31,100.0,21903.3,,,,,100.0,100.0,9032.7
1875.31,100.0,21861.7,,,,,100.0,100.0,9032.9
1876.31,0.0,21861.7,,,,,0.0,0.0,9032.9
1877.31,100.0,21820.0,,,,,100.0,100.0,9032.9
1878.31,100.0,21719.8,,,,,100.0,100.0,9017.8
1879.31,0.0,21761.5,,,,,0.0,0.0,9027.1
1880.31,100.0,21761.5,,,,,100.0,100.0,9015.6
1881.31,100.0,21803.0,,,,,100.0,100.0,9027.8
1882.31,0.0,21844.6,,,,,0.0,0.0,9028.7
1883.31,100.0,21844.6,,,,,100.0,100.0,9025.4
1884.32,100.0,21944.6,,,,,100.0,100.0,9031.3
1885.32,100.0,21903.3,,,,,100.0,100.0,9032.9
1886.32,0.0,21903.3,,,,,0.0,0.0,9032.9
1887.32,100.0,21861.7,,,,,100.0,100.0,9033.0
1888.32,100.0,21820.0,,,,,100.0,100.0,9033.0
1889.32,100.0,21719.8,,,,,100.0,100.0,9007.6
1890.32,0.0,21719.9,,,,,0.0,0.0,9017.4
1891.32,100.0,21761.5,,,,,100.0,100.0,9027.8
1892.32,0.0,21803.0,,,,,0.0,0.0,9016.9
1893.32,100.0,21844.6,,,,,100.0,100.0,9028.9
1894.32,100.0,21844.6,,,,,100.0,100.0,9016.1
1895.32,100.0,21944.6,,,,,100.0,100.0,9031.7
1896.32,0.0,21944.6,,,,,0.0,0.0,9031.7
1897.32,100.0,21903.3,,,,,100.0,100.0,9033.1
1898.32,100.0,21861.7,,,,,100.0,100.0,9033.3
1899.32,100.0,21820.0,,,,,100.0,100.0,9033.3
1900.32,0.0,21820.0,,,,,0.0,0.0,9033.3
1901.32,100.0,21719.9,,,,,100.0,100.0,9007.0
1902.32,0.0,21761.5,,,,,0.0,0.0,9014.5
1903.32,100.0,21782.3,,,,,100.0,100.0,9015.8
1904.32,100.0,21803.0,,,,,100.0,100.0,9020.4
1905.32,100.0,21803.0,,,,,100.0,100.0,9019.2
1906.32,0.0,21878.6,,,,,0.0,0.0,9028.9
1907.32,100.0,21944.6,,,,,100.0,100.0,9031.7
1908.32,100.0,21903.3,,,,,100.0,100.0,9033.4
1909.32,100.0,21861.7,,,,,100.0,100.0,9033.6
1910.32,0.0,21861.7,,,,,0.0,0.0,9033.6
1911.32,100.0,21820.0,,,,,100.0,100.0,9033.6
1912.32,100.0,21719.8,,,,,100.0,100.0,9016.5
1913.32,0.0,21761.5,,,,,0.0,0.0,9027.9
1914.32,100.0,21761.5,,,,,100.0,100.0,9015.0
1915.32,100.0,21803.0,,,,,100.0,100.0,9018.2
1916.32,0.0,21844.6,,,,,0.0,0.0,9022.5
1917.32,100.0,21861.6,,,,,100.0,100.0,9025.1
1918.32,100.0,21944.6,,,,,100.0,100.0,9032.0
1919.32,100.0,21903.3,,,,,100.0,100.0,9033.5
1920.32,0.0,21903.3,,,,,0.0,0.0,9033.5
1921.32,100.0,21861.7,,,,,100.0,100.0,9033.7
1922.32,100.0,21820.0,,,,,100.0,100.0,9033.8
1923.32,100.0,21719.8,,,,,100.0,100.0,9033.9
1924.32,0.0,21719.9,,,,,0.0,0.0,9015.8
1925.32,100.0,21761.5,,,,,100.0,100.0,9027.9
1926.32,0.0,21803.0,,,,,0.0,0.0,9015.4
1927.32,100.0,21840.8,,,,,100.0,100.0,9028.8
1928.32,100.0,21844.6,,,,,100.0,100.0,9014.4
1929.32,100.0,21944.6,,,,,100.0,100.0,9032.1
1930.32,0.0,21944.6,,,,,0.0,0.0,9032.1
1931.32,100.0,21903.3,,,,,100.0,100.0,9033.7
1932.32,100.0,21861.7,,,,,100.0,100.0,9033.9
1933.32,100.0,21820.0,,,,,100.0,100.0,9033.9
1934.32,0.0,21820.0,,,,,0.0,0.0,9033.9
1935.32,100.0,21719.9,,,,,100.0,100.0,9007.8
1936.32,0.0,21761.5,,,,,0.0,0.0,9015.6
1937.32,100.0,21803.0,,,,,100.0,100.0,9029.1
1938.32,100.0,21803.0,,,,,100.0,100.0,9014.2
1939.32,100.0,21823.8,,,,,100.0,100.0,9025.4
1940.32,0.0,21878.6,,,,,0.0,0.0,9030.0
1941.32,100.0,21944.6,,,,,100.0,100.0,9032.6
1942.32,100.0,21903.3,,,,,100.0,100.0,9034.1
1943.32,100.0,21861.7,,,,,100.0,100.0,9034.3
1944.32,0.0,21861.7,,,,,0.0,0.0,9034.3
1945.32,100.0,21820.0,,,,,100.0,100.0,9034.3
1946.33,100.0,21719.8,,,,,100.0,100.0,9015.6
1947.33,0.0,21761.5,,,,,0.0,0.0,9018.7
1948.33,100.0,21761.5,,,,,100.0,100.0,9015.3
1949.33,100.0,21803.0,,,,,100.0,100.0,9026.2
1950.33,0.0,21844.6,,,,,0.0,0.0,9015.0
1951.33,100.0,21844.6,,,,,100.0,100.0,9026.3
1952.33,100.0,21944.6,,,,,100.0,100.0,9032.6
1953.33,100.0,21903.3,,,,,100.0,100.0,9034.3
1954.33,0.0,21903.3,,,,,0.0,0.0,9034.3
1955.33,100.0,21861.7,,,,,100.0,100.0,9034.5
1956.33,100.0,21820.0,,,,,100.0,100.0,9034.5
1957.33,100.0,21719.8,,,,,100.0,100.0,9034.6
1958.33,0.0,21719.9,,,,,0.0,0.0,9016.6
1959.33,100.0,21761.5,,,,,100.0,100.0,9028.9
1960.33,0.0,21803.0,,,,,0.0,0.0,9016.6
1961.33,100.0,21823.8,,,,,100.0,100.0,9027.1
1962.33,100.0,21844.6,,,,,100.0,100.0,9030.6
1963.33,100.0,21944.6,,,,,100.0,100.0,9033.0
1964.33,0.0,21944.6,,,,,0.0,0.0,9033.0
1965.33,100.0,21903.3,,,,,100.0,100.0,9034.5
1966.33,100.0,21861.7,,,,,100.0,100.0,9034.7
1967.33,100.0,21820.0,,,,,100.0,100.0,9034.7
1968.33,0.0,21820.0,,,,,0.0,0.0,9034.7
1969.33,100.0,21719.9,,,,,100.0,100.0,9008.2
1970.33,0.0,21761.5,,,,,0.0,0.0,9015.5
1971.33,100.0,21803.0,,,,,100.0,100.0,9029.8
1972.33,100.0,21803.0,,,,,100.0,100.0,9015.8
1973.33,100.0,21844.6,,,,,100.0,100.0,9030.5
1974.33,0.0,21878.6,,,,,0.0,0.0,9030.7
1975.33,100.0,21944.6,,,,,100.0,100.0,9033.3
1976.33,100.0,21903.3,,,,,100.0,100.0,9034.8
1977.33,100.0,21861.7,,,,,100.0,100.0,9035.0
1978.33,0.0,21861.7,,,,,0.0,0.0,9035.0
1979.33,100.0,21820.0,,,,,100.0,100.0,9035.0
1980.33,100.0,21719.8,,,,,100.0,100.0,9016.0
1981.33,0.0,21761.5,,,,,0.0,0.0,9019.4
1982.33,100.0,21761.5,,,,,100.0,100.0,9022.9
1983.33,100.0,21803.0,,,,,100.0,100.0,9019.3
1984.33,0.0,21844.6,,,,,0.0,0.0,9015.1
1985.33,100.0,21844.6,,,,,100.0,100.0,9026.1
1986.33,100.0,21944.6,,,,,100.0,100.0,9033.6
1987.33,100.0,21903.3,,,,,100.0,100.0,9035.1
1988.33,0.0,21903.3,,,,,0.0,0.0,9035.1
1989.33,100.0,21861.7,,,,,100.0,100.0,9035.2
1990.33,100.0,21820.0,,,,,100.0,100.0,9035.2
1991.33,100.0,21719.8,,,,,100.0,100.0,9035.4
1992.33,0.0,21719.9,,,,,0.0,0.0,9016.8
1993.33,100.0,21761.5,,,,,100.0,100.0,9030.1
1994.33,0.0,21803.0,,,,,0.0,0.0,9017.5
1995.33,100.0,21844.6,,,,,100.0,100.0,9031.1
1996.33,100.0,21844.6,,,,,100.0,100.0,9031.3
1997.33,100.0,21944.6,,,,,100.0,100.0,9033.8
1998.33,0.0,21944.6,,,,,0.0,0.0,9033.8
1999.33,100.0,21903.3,,,,,100.0,100.0,9035.3
2000.33,100.0,21861.7,,,,,100.0,100.0,9035.5
2001.33,100.0,21820.0,,,,,100.0,100.0,9035.5
2002.33,0.0,21820.0,,,,,0.0,0.0,9035.5
2003.33,100.0,21719.9,,,,,100.0,100.0,9029.7
2004.33,0.0,21761.5,,,,,0.0,0.0,9015.5
2005.33,100.0,21803.0,,,,,100.0,100.0,9030.4
2006.33,100.0,21803.0,,,,,100.0,100.0,9015.5
2007.33,100.0,21803.0,,,,,100.0,100.0,9023.8
2008.34,0.0,21878.6,,,,,0.0,0.0,9031.3
2009.34,100.0,21944.6,,,,,100.0,100.0,9033.9
2010.34,100.0,21903.3,,,,,100.0,100.0,9035.5
2011.34,100.0,21861.7,,,,,100.0,100.0,9035.7
2012.34,0.0,21861.7,,,,,0.0,0.0,9035.7
2013.34,100.0,21820.0,,,,,100.0,100.0,9035.7
2014.34,100.0,21719.8,,,,,100.0,100.0,9015.6
2015.34,0.0,21761.5,,,,,0.0,0.0,9029.7
2016.34,100.0,21761.5,,,,,100.0,100.0,9022.5
2017.34,100.0,21782.3,,,,,100.0,100.0,9027.9
2018.34,0.0,21844.6,,,,,0.0,0.0,9023.4
2019.34,100.0,21844.6,,,,,100.0,100.0,9025.8
2020.34,100.0,21944.6,,,,,100.0,100.0,9034.1
2021.34,100.0,21903.3,,,,,100.0,100.0,9035.7
2022.34,0.0,21903.3,,,,,0.0,0.0,9035.7
2023.34,100.0,21861.7,,,,,100.0,100.0,9035.9
2024.34,100.0,21820.0,,,,,100.0,100.0,9035.9
2025.34,100.0,21719.8,,,,,100.0,100.0,9036.1
2026.34,0.0,21719.9,,,,,0.0,0.0,9016.0
2027.34,100.0,21761.5,,,,,100.0,100.0,9030.4
2028.34,0.0,21803.0,,,,,0.0,0.0,9031.0
2029.34,100.0,21823.8,,,,,100.0,100.0,9025.4
2030.34,100.0,21844.6,,,,,100.0,100.0,9024.0
2031.34,100.0,21944.6,,,,,100.0,100.0,9034.6
2032.34,0.0,21944.6,,,,,0.0,0.0,9034.6
2033.34,100.0,21903.3,,,,,100.0,100.0,9036.1
2034.34,100.0,21861.7,,,,,100.0,100.0,9036.3
2035.34,100.0,21820.0,,,,,100.0,100.0,9036.3
2036.34,0.0,21820.0,,,,,0.0,0.0,9036.3
2037.34,100.0,21719.9,,,,,100.0,100.0,9030.4
2038.34,0.0,21761.5,,,,,0.0,0.0,9015.4
2039.34,100.0,21782.3,,,,,100.0,100.0,9026.3
2040.34,100.0,21803.0,,,,,100.0,100.0,9014.3
2041.34,100.0,21803.0,,,,,100.0,100.0,9023.8
2042.34,0.0,21878.6,,,,,0.0,0.0,9031.9
2043.34,100.0,21944.6,,,,,100.0,100.0,9034.7
2044.34,100.0,21903.3,,,,,100.0,100.0,9036.2
2045.34,100.0,21861.7,,,,,100.0,100.0,9036.4
2046.34,0.0,21861.7,,,,,0.0,0.0,9036.4
2047.34,100.0,21820.0,,,,,100.0,100.0,9036.4
2048.34,100.0,21719.8,,,,,100.0,100.0,9036.7
2049.34,0.0,21761.5,,,,,0.0,0.0,9030.6
2050.34,100.0,21761.5,,,,,100.0,100.0,9022.7
2051.34,100.0,21761.5,,,,,100.0,100.0,9024.0
2052.34,0.0,21844.6,,,,,0.0,0.0,9013.7
2053.34,100.0,21844.6,,,,,100.0,100.0,9020.1
2054.34,100.0,21944.6,,,,,100.0,100.0,9035.1
2055.34,100.0,21903.3,,,,,100.0,100.0,9036.6
2056.34,0.0,21903.3,,,,,0.0,0.0,9036.6
2057.34,100.0,21861.7,,,,,100.0,100.0,9036.8
2058.34,100.0,21820.0,,,,,100.0,100.0,9036.8
2059.34,100.0,21719.8,,,,,100.0,100.0,9036.9
2060.34,0.0,21719.9,,,,,0.0,0.0,9016.1
2061.34,100.0,21719.9,,,,,100.0,100.0,9021.6
2062.34,0.0,21803.0,,,,,0.0,0.0,9030.1
2063.34,100.0,21803.0,,,,,100.0,100.0,9016.9
2064.34,100.0,21844.6,,,,,100.0,100.0,9030.8
2065.34,100.0,21944.6,,,,,100.0,100.0,9033.7
2066.34,0.0,21944.6,,,,,0.0,0.0,9033.7
2067.34,100.0,21903.3,,,,,100.0,100.0,9035.3
2068.34,100.0,21861.7,,,,,100.0,100.0,9035.4
2069.34,100.0,21820.0,,,,,100.0,100.0,9035.4
2070.34,0.0,21820.0,,,,,0.0,0.0,9035.4
2071.34,100.0,21719.9,,,,,100.0,100.0,9029.4
2072.35,0.0,21761.5,,,,,0.0,0.0,9016.6
2073.35,100.0,21761.5,,,,,100.0,100.0,9024.8
2074.35,100.0,21803.0,,,,,100.0,100.0,9014.4
2075.35,0.0,21844.6,,,,,0.0,0.0,9020.6
2076.35,100.0,21878.6,,,,,100.0,100.0,9031.2
2077.35,100.0,21944.6,,,,,100.0,100.0,9034.1
2078.35,100.0,21903.3,,,,,100.0,100.0,9035.7
2079.35,0.0,21903.3,,,,,0.0,0.0,9035.7
2080.35,100.0,21861.7,,,,,100.0,100.0,9035.9
2081.35,100.0,21820.0,,,,,100.0,100.0,9035.9
2082.35,100.0,21719.8,,,,,100.0,100.0,9036.1
2083.35,0.0,21761.5,,,,,0.0,0.0,9029.8
2084.35,100.0,21761.5,,,,,100.0,100.0,9022.8
2085.35,0.0,21803.0,,,,,0.0,0.0,9021.8
2086.35,100.0,21844.6,,,,,100.0,100.0,9015.8
2087.35,100.0,21844.6,,,,,100.0,100.0,9025.9
2088.35,100.0,21944.6,,,,,100.0,100.0,9034.2
2089.35,0.0,21944.6,,,,,0.0,0.0,9034.2
2090.35,100.0,21903.3,,,,,100.0,100.0,9035.8
2091.35,100.0,21861.7,,,,,100.0,100.0,9036.0
2092.35,100.0,21820.0,,,,,100.0,100.0,9036.0
2093.35,0.0,21820.0,,,,,0.0,0.0,9036.0
2094.35,100.0,21719.9,,,,,100.0,100.0,9016.3
2095.35,0.0,21761.5,,,,,0.0,0.0,9026.0
2096.35,100.0,21803.0,,,,,100.0,100.0,9031.2
2097.35,100.0,21803.0,,,,,100.0,100.0,9021.9
2098.35,100.0,21844.6,,,,,100.0,100.0,9032.0
2099.35,0.0,21878.6,,,,,0.0,0.0,9032.0
2100.35,100.0,21944.6,,,,,100.0,100.0,9034.6
2101.35,100.0,21903.3,,,,,100.0,100.0,9036.1
2102.35,100.0,21861.7,,,,,100.0,100.0,9036.3
2103.35,0.0,21861.7,,,,,0.0,0.0,9036.3
2104.35,100.0,21820.0,,,,,100.0,100.0,9036.3
2105.35,100.0,21702.8,,,,,100.0,100.0,9026.9
2106.35,0.0,21761.5,,,,,0.0,0.0,9016.8
2107.35,100.0,21761.5,,,,,100.0,100.0,9022.0
2108.35,100.0,21803.0,,,,,100.0,100.0,9031.5
2109.35,0.0,21844.6,,,,,0.0,0.0,9021.4
2110.35,100.0,21878.6,,,,,100.0,100.0,9032.3
2111.35,100.0,21944.6,,,,,100.0,100.0,9034.9
2112.35,100.0,21903.3,,,,,100.0,100.0,9036.4
2113.35,0.0,21903.3,,,,,0.0,0.0,9036.4
2114.35,100.0,21861.7,,,,,100.0,100.0,9036.6
2115.35,100.0,21820.0,,,,,100.0,100.0,9036.6
2116.35,100.0,21719.8,,,,,100.0,100.0,9036.8
2117.35,0.0,21719.9,,,,,0.0,0.0,9028.5
2118.35,100.0,21761.5,,,,,100.0,100.0,9016.8
2119.35,0.0,21803.0,,,,,0.0,0.0,9024.8
2120.35,100.0,21844.6,,,,,100.0,100.0,9016.8
2121.35,100.0,21844.6,,,,,100.0,100.0,9022.6
2122.35,100.0,21944.6,,,,,100.0,100.0,9035.3
2123.35,0.0,21944.6,,,,,0.0,0.0,9035.3
2124.35,100.0,21903.3,,,,,100.0,100.0,9036.7
2125.35,100.0,21861.7,,,,,100.0,100.0,9036.9
2126.35,100.0,21820.0,,,,,100.0,100.0,9036.9
2127.35,0.0,21820.0,,,,,0.0,0.0,9036.9
2128.35,100.0,21719.9,,,,,100.0,100.0,9031.3
2129.35,0.0,21761.5,,,,,0.0,0.0,9025.1
2130.35,100.0,21803.0,,,,,100.0,100.0,9032.1
2131.35,100.0,21803.0,,,,,100.0,100.0,9024.5
2132.35,100.0,21844.6,,,,,100.0,100.0,9025.9
2133.36,0.0,21878.6,,,,,0.0,0.0,9033.0
2134.36,100.0,21944.6,,,,,100.0,100.0,9035.6
2135.36,100.0,21903.3,,,,,100.0,100.0,9037.0
2136.36,100.0,21861.7,,,,,100.0,100.0,9037.2
2137.36,0.0,21861.7,,,,,0.0,0.0,9037.2
2138.36,100.0,21820.0,,,,,100.0,100.0,9037.2
2139.36,100.0,21719.8,,,,,100.0,100.0,9026.2
2140.36,0.0,21761.5,,,,,0.0,0.0,9016.4
2141.36,100.0,21761.5,,,,,100.0,100.0,9023.3
2142.36,100.0,21803.0,,,,,100.0,100.0,9032.4
2143.36,0.0,21844.6,,,,,0.0,0.0,9021.5
2144.36,100.0,21878.6,,,,,100.0,100.0,9033.0
2145.36,100.0,21944.6,,,,,100.0,100.0,9035.8
2146.36,100.0,21903.3,,,,,100.0,100.0,9037.3
2147.36,0.0,21903.3,,,,,0.0,0.0,9037.3
2148.36,100.0,21861.7,,,,,100.0,100.0,9037.5
2149.36,100.0,21820.0,,,,,100.0,100.0,9037.5
2150.36,100.0,21719.8,,,,,100.0,100.0,9037.7
2151.36,0.0,21719.9,,,,,0.0,0.0,9025.1
2152.36,100.0,21761.5,,,,,100.0,100.0,9025.5
2153.36,0.0,21820.0,,,,,0.0,0.0,9026.8
2154.36,100.0,21844.6,,,,,100.0,100.0,9016.7
2155.36,100.0,21844.6,,,,,100.0,100.0,9029.9
2156.36,100.0,21944.6,,,,,100.0,100.0,9036.5
2157.36,0.0,21944.6,,,,,0.0,0.0,9036.5
2158.36,100.0,21903.3,,,,,100.0,100.0,9037.9
2159.36,100.0,21861.7,,,,,100.0,100.0,9038.0
2160.36,100.0,21820.0,,,,,100.0,100.0,9038.0
2161.36,0.0,21820.0,,,,,0.0,0.0,9038.0
2162.36,100.0,21719.9,,,,,100.0,100.0,9032.3
2163.36,0.0,21761.5,,,,,0.0,0.0,9026.4
2164.36,100.0,21803.0,,,,,100.0,100.0,9033.2
2165.36,100.0,21803.0,,,,,100.0,100.0,9022.8
2166.36,100.0,21844.6,,,,,100.0,100.0,9034.0
2167.36,0.0,21878.6,,,,,0.0,0.0,9034.1
2168.36,100.0,21944.6,,,,,100.0,100.0,9036.7
2169.36,100.0,21903.3,,,,,100.0,100.0,9038.1
2170.36,100.0,21861.7,,,,,100.0,100.0,9038.2
2171.36,0.0,21861.7,,,,,0.0,0.0,9038.2
2172.36,100.0,21820.0,,,,,100.0,100.0,9038.2
2173.36,100.0,21719.8,,,,,100.0,100.0,9025.5
2174.36,0.0,21761.5,,,,,0.0,0.0,9018.3
2175.36,100.0,21761.5,,,,,100.0,100.0,9022.6
2176.36,100.0,21803.0,,,,,100.0,100.0,9033.4
2177.36,0.0,21844.6,,,,,0.0,0.0,9022.3
2178.36,100.0,21861.6,,,,,100.0,100.0,9032.1
2179.36,100.0,21944.6,,,,,100.0,100.0,9036.8
2180.36,100.0,21903.3,,,,,100.0,100.0,9038.3
2181.36,0.0,21903.3,,,,,0.0,0.0,9038.3
2182.36,100.0,21861.7,,,,,100.0,100.0,9038.5
2183.36,100.0,21820.0,,,,,100.0,100.0,9038.5
2184.36,100.0,21719.8,,,,,100.0,100.0,9038.7
2185.36,0.0,21719.9,,,,,0.0,0.0,9026.5
2186.36,100.0,21761.5,,,,,100.0,100.0,9016.3
2187.36,0.0,21803.0,,,,,0.0,0.0,9024.1
2188.36,100.0,21844.6,,,,,100.0,100.0,9016.3
2189.36,100.0,21844.6,,,,,100.0,100.0,9022.5
2190.36,100.0,21944.6,,,,,100.0,100.0,9037.1
2191.36,0.0,21944.6,,,,,0.0,0.0,9037.1
2192.36,100.0,21903.3,,,,,100.0,100.0,9038.5
2193.36,100.0,21861.7,,,,,100.0,100.0,9038.7
2194.36,100.0,21820.0,,,,,100.0,100.0,9038.7
2195.37,0.0,21820.0,,,,,0.0,0.0,9038.7
2196.37,100.0,21719.9,,,,,100.0,100.0,9033.0
2197.37,0.0,21761.5,,,,,0.0,0.0,9026.1
2198.37,100.0,21803.0,,,,,100.0,100.0,9033.9
2199.37,100.0,21803.0,,,,,100.0,100.0,9023.1
2200.37,100.0,21844.6,,,,,100.0,100.0,9034.8
2201.37,0.0,21878.6,,,,,0.0,0.0,9034.9
2202.37,100.0,21944.6,,,,,100.0,100.0,9037.5
2203.37,100.0,21903.3,,,,,100.0,100.0,9038.9
2204.37,100.0,21861.7,,,,,100.0,100.0,9039.1
2205.37,0.0,21861.7,,,,,0.0,0.0,9039.1
2206.37,100.0,21820.0,,,,,100.0,100.0,9039.1
2207.37,100.0,21719.8,,,,,100.0,100.0,9026.6
2208.37,0.0,21761.5,,,,,0.0,0.0,9033.6
2209.37,100.0,21761.5,,,,,100.0,100.0,9024.9
2210.37,100.0,21803.0,,,,,100.0,100.0,9034.3
2211.37,0.0,21844.6,,,,,0.0,0.0,9023.3
2212.37,100.0,21878.6,,,,,100.0,100.0,9034.6
2213.37,100.0,21944.6,,,,,100.0,100.0,9037.6
2214.37,100.0,21903.3,,,,,100.0,100.0,9039.1
2215.37,0.0,21903.3,,,,,0.0,0.0,9039.1
2216.37,100.0,21861.7,,,,,100.0,100.0,9039.2
2217.37,100.0,21820.0,,,,,100.0,100.0,9039.2
2218.37,100.0,21719.8,,,,,100.0,100.0,9017.9
2219.37,0.0,21719.9,,,,,0.0,0.0,9025.7
2220.37,100.0,21761.5,,,,,100.0,100.0,9016.7
2221.37,0.0,21803.0,,,,,0.0,0.0,9022.5
2222.37,100.0,21844.6,,,,,100.0,100.0,9035.2
2223.37,100.0,21844.6,,,,,100.0,100.0,9021.7
2224.37,100.0,21944.6,,,,,100.0,100.0,9037.7
2225.37,0.0,21944.6,,,,,0.0,0.0,9037.7
2226.37,100.0,21903.3,,,,,100.0,100.0,9039.3
2227.37,100.0,21861.7,,,,,100.0,100.0,9039.5
2228.37,100.0,21820.0,,,,,100.0,100.0,9039.5
2229.37,0.0,21820.0,,,,,0.0,0.0,9039.5
2230.37,100.0,21719.9,,,,,100.0,100.0,9033.8
2231.37,0.0,21761.5,,,,,0.0,0.0,9027.2
2232.37,100.0,21803.0,,,,,100.0,100.0,9019.5
2233.37,100.0,21803.0,,,,,100.0,100.0,9029.0
2234.37,100.0,21844.6,,,,,100.0,100.0,9026.1
2235.37,0.0,21878.6,,,,,0.0,0.0,9035.6
2236.37,100.0,21944.6,,,,,100.0,100.0,9038.2
2237.37,100.0,21903.3,,,,,100.0,100.0,9039.7
2238.37,100.0,21861.7,,,,,100.0,100.0,9039.8
2239.37,0.0,21861.7,,,,,0.0,0.0,9039.8
2240.37,100.0,21820.0,,,,,100.0,100.0,9039.8
2241.37,100.0,21719.8,,,,,100.0,100.0,9025.1
2242.37,0.0,21761.5,,,,,0.0,0.0,9034.3
2243.37,100.0,21761.5,,,,,100.0,100.0,9023.7
2244.37,100.0,21803.0,,,,,100.0,100.0,9035.0
2245.37,0.0,21844.6,,,,,0.0,0.0,9023.5
2246.37,100.0,21861.6,,,,,100.0,100.0,9031.3
2247.37,100.0,21944.6,,,,,100.0,100.0,9038.4
2248.37,100.0,21903.3,,,,,100.0,100.0,9039.9
2249.37,0.0,21903.3,,,,,0.0,0.0,9039.9
2250.37,100.0,21861.7,,,,,100.0,100.0,9040.0
2251.37,100.0,21820.0,,,,,100.0,100.0,9040.0
2252.37,100.0,21719.8,,,,,100.0,100.0,9015.5
2253.37,0.0,21719.9,,,,,0.0,0.0,9024.0
2254.37,100.0,21761.5,,,,,100.0,100.0,9015.8
2255.37,0.0,21803.0,,,,,0.0,0.0,9022.5
2256.37,100.0,21844.6,,,,,100.0,100.0,9036.1
2257.37,100.0,21844.6,,,,,100.0,100.0,9023.5
2258.37,100.0,21944.6,,,,,100.0,100.0,9038.7
2259.37,0.0,21944.6,,,,,0.0,0.0,9038.7
2260.38,100.0,21903.3,,,,,100.0,100.0,9040.2
2261.38,100.0,21861.7,,,,,100.0,100.0,9040.3
2262.38,100.0,21820.0,,,,,100.0,100.0,9040.4
2263.38,0.0,21820.0,,,,,0.0,0.0,9040.4
2264.38,100.0,21719.9,,,,,100.0,100.0,9034.6
2265.38,0.0,21761.5,,,,,0.0,0.0,9024.5
2266.38,100.0,21803.0,,,,,100.0,100.0,9026.5
2267.38,100.0,21803.0,,,,,100.0,100.0,9030.2
2268.38,100.0,21823.8,,,,,100.0,100.0,9025.4
2269.38,0.0,21878.6,,,,,0.0,0.0,9036.2
2270.38,100.0,21944.6,,,,,100.0,100.0,9038.9
2271.38,100.0,21903.3,,,,,100.0,100.0,9040.3
2272.38,100.0,21861.7,,,,,100.0,100.0,9040.5
2273.38,0.0,21861.7,,,,,0.0,0.0,9040.5
2274.38,100.0,21820.0,,,,,100.0,100.0,9040.5
2275.38,100.0,21719.8,,,,,100.0,100.0,9024.4
2276.38,0.0,21761.5,,,,,0.0,0.0,9034.9
2277.38,100.0,21761.5,,,,,100.0,100.0,9025.6
2278.38,100.0,21803.0,,,,,100.0,100.0,9036.2
2279.38,0.0,21844.6,,,,,0.0,0.0,9025.4
2280.38,100.0,21878.6,,,,,100.0,100.0,9036.5
2281.38,100.0,21944.6,,,,,100.0,100.0,9039.2
2282.38,100.0,21903.3,,,,,100.0,100.0,9040.6
2283.38,0.0,21903.3,,,,,0.0,0.0,9040.6
2284.38,100.0,21861.7,,,,,100.0,100.0,9040.8
2285.38,100.0,21820.0,,,,,100.0,100.0,9040.8
2286.38,100.0,21719.8,,,,,100.0,100.0,9015.5
2287.38,0.0,21719.9,,,,,0.0,0.0,9025.0
2288.38,100.0,21761.5,,,,,100.0,100.0,9035.6
2289.38,0.0,21803.0,,,,,0.0,0.0,9023.8
2290.38,100.0,21844.6,,,,,100.0,100.0,9036.8
2291.38,100.0,21844.6,,,,,100.0,100.0,9024.3
2292.38,100.0,21944.6,,,,,100.0,100.0,9039.3
2293.38,0.0,21944.6,,,,,0.0,0.0,9039.3
2294.38,100.0,21903.3,,,,,100.0,100.0,9040.8
2295.38,100.0,21861.7,,,,,100.0,100.0,9041.0
2296.38,100.0,21820.0,,,,,100.0,100.0,9041.0
2297.38,0.0,21820.0,,,,,0.0,0.0,9041.0
2298.38,100.0,21719.9,,,,,100.0,100.0,9035.2
2299.38,0.0,21761.5,,,,,0.0,0.0,9024.7
2300.38,100.0,21803.0,,,,,100.0,100.0,9027.0
2301.38,100.0,21803.0,,,,,100.0,100.0,9024.9
2302.38,100.0,21844.6,,,,,100.0,100.0,9037.0
2303.38,0.0,21878.6,,,,,0.0,0.0,9036.8
2304.38,100.0,21944.6,,,,,100.0,100.0,9039.5
2305.38,100.0,21903.3,,,,,100.0,100.0,9041.0
2306.38,100.0,21861.7,,,,,100.0,100.0,9041.2
2307.38,0.0,21861.7,,,,,0.0,0.0,9041.2
2308.38,100.0,21820.0,,,,,100.0,100.0,9041.2
2309.38,100.0,21719.8,,,,,100.0,100.0,9024.3
2310.38,0.0,21761.5,,,,,0.0,0.0,9035.6
2311.38,100.0,21761.5,,,,,100.0,100.0,9024.6
2312.38,100.0,21803.0,,,,,100.0,100.0,9036.2
2313.39,0.0,21844.6,,,,,0.0,0.0,9037.1
2314.39,100.0,21861.6,,,,,100.0,100.0,9034.9
2315.39,100.0,21944.6,,,,,100.0,100.0,9039.9
2316.39,100.0,21903.3,,,,,100.0,100.0,9041.4
2317.39,0.0,21903.3,,,,,0.0,0.0,9041.4
2318.39,100.0,21861.7,,,,,100.0,100.0,9041.6
2319.39,100.0,21820.0,,,,,100.0,100.0,9041.6
2320.39,100.0,21719.8,,,,,100.0,100.0,9016.8
2321.39,0.0,21719.9,,,,,0.0,0.0,9024.0
2322.39,100.0,21761.5,,,,,100.0,100.0,9036.3
2323.39,0.0,21803.0,,,,,0.0,0.0,9024.8
2324.39,100.0,21844.6,,,,,100.0,100.0,9037.5
2325.39,100.0,21844.6,,,,,100.0,100.0,9025.0
2326.39,100.0,21944.6,,,,,100.0,100.0,9040.1
2327.39,0.0,21944.6,,,,,0.0,0.0,9040.1
2328.39,100.0,21903.3,,,,,100.0,100.0,9041.6
2329.39,100.0,21861.7,,,,,100.0,100.0,9041.8
2330.39,100.0,21820.0,,,,,100.0,100.0,9041.8
2331.39,0.0,21820.0,,,,,0.0,0.0,9041.8
2332.39,100.0,21719.9,,,,,100.0,100.0,9026.6
2333.39,0.0,21761.5,,,,,0.0,0.0,9024.7
2334.39,100.0,21803.0,,,,,100.0,100.0,9027.3
2335.39,100.0,21803.0,,,,,100.0,100.0,9030.8
2336.39,100.0,21823.8,,,,,100.0,100.0,9034.3
2337.39,0.0,21878.6,,,,,0.0,0.0,9037.9
2338.39,100.0,21944.6,,,,,100.0,100.0,9040.5
2339.39,100.0,21903.3,,,,,100.0,100.0,9041.8
2340.39,100.0,21861.7,,,,,100.0,100.0,9042.0
2341.39,0.0,21861.7,,,,,0.0,0.0,9042.0
2342.39,100.0,21820.0,,,,,100.0,100.0,9042.0
2343.39,100.0,21719.8,,,,,100.0,100.0,9025.4
2344.39,0.0,21761.5,,,,,0.0,0.0,9036.7
2345.39,100.0,21761.5,,,,,100.0,100.0,9025.0
2346.39,100.0,21801.9,,,,,100.0,100.0,9037.2
2347.39,0.0,21844.6,,,,,0.0,0.0,9031.5
2348.39,100.0,21861.6,,,,,100.0,100.0,9033.0
2349.39,100.0,21944.6,,,,,100.0,100.0,9040.8
2350.39,100.0,21903.3,,,,,100.0,100.0,9042.1
2351.39,0.0,21903.3,,,,,0.0,0.0,9042.1
2352.39,100.0,21861.7,,,,,100.0,100.0,9042.3
2353.39,100.0,21820.0,,,,,100.0,100.0,9042.3
2354.39,100.0,21719.8,,,,,100.0,100.0,9016.5
2355.39,0.0,21719.9,,,,,0.0,0.0,9023.7
2356.39,100.0,21761.5,,,,,100.0,100.0,9037.0
2357.39,0.0,21803.0,,,,,0.0,0.0,9025.1
2358.39,100.0,21823.8,,,,,100.0,100.0,9034.7
2359.39,100.0,21844.6,,,,,100.0,100.0,9025.5
2360.39,100.0,21944.6,,,,,100.0,100.0,9040.9
2361.39,0.0,21944.6,,,,,0.0,0.0,9040.9
2362.39,100.0,21903.3,,,,,100.0,100.0,9042.4
2363.39,100.0,21861.7,,,,,100.0,100.0,9042.6
2364.39,100.0,21820.0,,,,,100.0,100.0,9042.6
2365.39,0.0,21820.0,,,,,0.0,0.0,9042.6
2366.39,100.0,21719.9,,,,,100.0,100.0,9024.9
2367.39,0.0,21761.5,,,,,0.0,0.0,9024.8
2368.39,100.0,21803.0,,,,,100.0,100.0,9037.8
2369.39,100.0,21803.0,,,,,100.0,100.0,9024.9
2370.39,100.0,21823.8,,,,,100.0,100.0,9036.2
2371.39,0.0,21878.6,,,,,0.0,0.0,9038.6
2372.39,100.0,21944.6,,,,,100.0,100.0,9041.2
2373.39,100.0,21903.3,,,,,100.0,100.0,9042.5
2374.39,100.0,21861.7,,,,,100.0,100.0,9042.7
2375.39,0.0,21861.7,,,,,0.0,0.0,9042.7
2376.39,100.0,21820.0,,,,,100.0,100.0,9042.7
2377.39,100.0,21719.8,,,,,100.0,100.0,9025.3
2378.39,0.0,21761.5,,,,,0.0,0.0,9037.2
2379.39,100.0,21761.5,,,,,100.0,100.0,9025.5
2380.4,100.0,21803.0,,,,,100.0,100.0,9037.9
2381.4,0.0,21844.6,,,,,0.0,0.0,9038.9
2382.4,100.0,21844.6,,,,,100.0,100.0,9034.5
2383.4,100.0,21944.6,,,,,100.0,100.0,9041.4
2384.4,100.0,21903.3,,,,,100.0,100.0,9042.8
2385.4,0.0,21903.3,,,,,0.0,0.0,9042.8
2386.4,100.0,21861.7,,,,,100.0,100.0,9043.0
2387.4,100.0,21820.0,,,,,100.0,100.0,9043.0
2388.4,100.0,21719.8,,,,,100.0,100.0,9043.1
2389.4,0.0,21719.9,,,,,0.0,0.0,9024.8
2390.4,100.0,21761.5,,,,,100.0,100.0,9037.8
2391.4,0.0,21803.0,,,,,0.0,0.0,9025.6
2392.4,100.0,21844.6,,,,,100.0,100.0,9038.9
2393.4,100.0,21844.6,,,,,100.0,100.0,9039.2
2394.4,100.0,21944.6,,,,,100.0,100.0,9041.6
2395.4,0.0,21944.6,,,,,0.0,0.0,9041.6
2396.4,100.0,21903.3,,,,,100.0,100.0,9043.0
2397.4,100.0,21861.7,,,,,100.0,100.0,9043.2
2398.4,100.0,21820.0,,,,,100.0,100.0,9043.2
2399.4,0.0,21820.0,,,,,0.0,0.0,9043.2
2400.4,100.0,21719.9,,,,,100.0,100.0,9017.0
2401.4,0.0,21761.5,,,,,0.0,0.0,9024.5
2402.4,100.0,21803.0,,,,,100.0,100.0,9038.2
2403.4,100.0,21803.0,,,,,100.0,100.0,9023.4
2404.4,100.0,21803.0,,,,,100.0,100.0,9031.1
2405.4,0.0,21878.6,,,,,0.0,0.0,9039.2
2406.4,100.0,21944.6,,,,,100.0,100.0,9041.9
2407.4,100.0,21903.3,,,,,100.0,100.0,9043.3
2408.4,100.0,21861.7,,,,,100.0,100.0,9043.5
2409.4,0.0,21861.7,,,,,0.0,0.0,9043.5
2410.4,100.0,21820.0,,,,,100.0,100.0,9043.5
2411.4,100.0,21719.8,,,,,100.0,100.0,9025.3
2412.4,0.0,21761.5,,,,,0.0,0.0,9037.7
2413.4,100.0,21761.5,,,,,100.0,100.0,9038.1
2414.4,100.0,21782.3,,,,,100.0,100.0,9037.8
2415.4,0.0,21844.6,,,,,0.0,0.0,9031.8
2416.4,100.0,21844.6,,,,,100.0,100.0,9033.1
2417.4,100.0,21944.6,,,,,100.0,100.0,9041.9
2418.4,100.0,21903.3,,,,,100.0,100.0,9043.4
2419.4,0.0,21903.3,,,,,0.0,0.0,9043.4
2420.4,100.0,21861.7,,,,,100.0,100.0,9043.6
2421.4,100.0,21820.0,,,,,100.0,100.0,9043.6
2422.4,100.0,21719.8,,,,,100.0,100.0,9043.9
2423.4,0.0,21719.9,,,,,0.0,0.0,9025.6
2424.4,100.0,21761.5,,,,,100.0,100.0,9038.4
2425.4,0.0,21803.0,,,,,0.0,0.0,9026.4
2426.4,100.0,21823.8,,,,,100.0,100.0,9036.8
2427.4,100.0,21844.6,,,,,100.0,100.0,9039.8
2428.4,100.0,21944.6,,,,,100.0,100.0,9042.3
2429.4,0.0,21944.6,,,,,0.0,0.0,9042.3
2430.4,100.0,21903.3,,,,,100.0,100.0,9043.8
2431.4,100.0,21861.7,,,,,100.0,100.0,9043.9
2432.4,100.0,21820.0,,,,,100.0,100.0,9043.9
2433.4,0.0,21820.0,,,,,0.0,0.0,9043.9
2434.4,100.0,21719.9,,,,,100.0,100.0,9017.7
2435.4,0.0,21761.5,,,,,0.0,0.0,9024.6
2436.4,100.0,21782.3,,,,,100.0,100.0,9036.8
2437.4,100.0,21803.0,,,,,100.0,100.0,9024.1
2438.4,100.0,21803.0,,,,,100.0,100.0,9029.9
2439.4,0.0,21878.6,,,,,0.0,0.0,9039.7
2440.4,100.0,21944.6,,,,,100.0,100.0,9042.5
2441.4,100.0,21903.3,,,,,100.0,100.0,9043.9
2442.4,100.0,21861.7,,,,,100.0,100.0,9044.1
2443.4,0.0,21861.7,,,,,0.0,0.0,9044.1
2444.4,100.0,21820.0,,,,,100.0,100.0,9044.1
2445.4,100.0,21719.8,,,,,100.0,100.0,9025.3
2446.41,0.0,21761.5,,,,,0.0,0.0,9038.5
2447.41,100.0,21761.5,,,,,100.0,100.0,9032.2
2448.41,100.0,21782.3,,,,,100.0,100.0,9023.4
2449.41,0.0,21844.6,,,,,0.0,0.0,9031.3
2450.41,100.0,21844.6,,,,,100.0,100.0,9030.0
2451.41,100.0,21944.6,,,,,100.0,100.0,9042.8
2452.41,100.0,21903.3,,,,,100.0,100.0,9044.2
2453.41,0.0,21903.3,,,,,0.0,0.0,9044.2
2454.41,100.0,21861.7,,,,,100.0,100.0,9044.3
2455.41,100.0,21820.0,,,,,100.0,100.0,9044.3
2456.41,100.0,21719.8,,,,,100.0,100.0,9044.5
2457.41,0.0,21719.9,,,,,0.0,0.0,9026.1
2458.41,100.0,21761.5,,,,,100.0,100.0,9039.3
2459.41,0.0,21803.0,,,,,0.0,0.0,9026.4
2460.41,100.0,21803.0,,,,,100.0,100.0,9038.4
2461.41,100.0,21844.6,,,,,100.0,100.0,9040.6
2462.41,100.0,21944.6,,,,,100.0,100.0,9043.0
2463.41,0.0,21944.6,,,,,0.0,0.0,9043.0
2464.41,100.0,21903.3,,,,,100.0,100.0,9044.3
2465.41,100.0,21861.7,,,,,100.0,100.0,9044.5
2466.41,100.0,21820.0,,,,,100.0,100.0,9044.5
2467.41,0.0,21820.0,,,,,0.0,0.0,9044.5
2468.41,100.0,21719.9,,,,,100.0,100.0,9039.0
2469.41,0.0,21761.5,,,,,0.0,0.0,9025.3
2470.41,100.0,21782.3,,,,,100.0,100.0,9037.4
2471.41,100.0,21803.0,,,,,100.0,100.0,9025.0
2472.41,100.0,21803.0,,,,,100.0,100.0,9032.9
2473.41,0.0,21878.6,,,,,0.0,0.0,9040.8
2474.41,100.0,21944.6,,,,,100.0,100.0,9043.4
2475.41,100.0,21903.3,,,,,100.0,100.0,9044.7
2476.41,100.0,21861.7,,,,,100.0,100.0,9044.9
2477.41,0.0,21861.7,,,,,0.0,0.0,9044.9
2478.41,100.0,21820.0,,,,,100.0,100.0,9044.9
2479.41,100.0,21719.8,,,,,100.0,100.0,9025.9
2480.41,0.0,21761.5,,,,,0.0,0.0,9039.1
2481.41,100.0,21761.5,,,,,100.0,100.0,9032.1
2482.41,100.0,21782.3,,,,,100.0,100.0,9037.0
2483.41,0.0,21844.6,,,,,0.0,0.0,9024.6
2484.41,100.0,21844.6,,,,,100.0,100.0,9031.9
2485.41,100.0,21944.6,,,,,100.0,100.0,9043.5
2486.41,100.0,21903.3,,,,,100.0,100.0,9044.8
2487.41,0.0,21903.3,,,,,0.0,0.0,9044.8
2488.41,100.0,21861.7,,,,,100.0,100.0,9045.0
2489.41,100.0,21820.0,,,,,100.0,100.0,9045.0
2490.41,100.0,21719.8,,,,,100.0,100.0,9045.1
2491.41,0.0,21719.9,,,,,0.0,0.0,9026.5
2492.41,100.0,21761.5,,,,,100.0,100.0,9039.8
2493.41,0.0,21803.0,,,,,0.0,0.0,9040.4
2494.41,100.0,21823.8,,,,,100.0,100.0,9038.7
2495.41,100.0,21844.6,,,,,100.0,100.0,9032.9
2496.41,100.0,21944.6,,,,,100.0,100.0,9043.7
2497.41,0.0,21944.6,,,,,0.0,0.0,9043.7
2498.41,100.0,21903.3,,,,,100.0,100.0,9045.0
2499.41,100.0,21861.7,,,,,100.0,100.0,9045.2
2500.41,100.0,21820.0,,,,,100.0,100.0,9045.2
2501.41,0.0,21820.0,,,,,0.0,0.0,9045.2
2502.41,100.0,21719.9,,,,,100.0,100.0,9039.6
2503.41,0.0,21761.5,,,,,0.0,0.0,9027.4
2504.41,100.0,21803.0,,,,,100.0,100.0,9040.6
2505.41,100.0,21803.0,,,,,100.0,100.0,9026.5
2506.41,100.0,21803.0,,,,,100.0,100.0,9036.6
2507.41,0.0,21878.6,,,,,0.0,0.0,9041.3
2508.41,100.0,21944.6,,,,,100.0,100.0,9043.9
2509.41,100.0,21903.3,,,,,100.0,100.0,9045.1
2510.41,100.0,21861.7,,,,,100.0,100.0,9045.3
2511.41,0.0,21861.7,,,,,0.0,0.0,9045.3
2512.42,100.0,21820.0,,,,,100.0,100.0,9045.3
2513.42,100.0,21719.8,,,,,100.0,100.0,9045.5
2514.42,0.0,21761.5,,,,,0.0,0.0,9019.0
2515.42,100.0,21761.5,,,,,100.0,100.0,9025.2
2516.42,100.0,21779.4,,,,,100.0,100.0,9040.1
2517.42,0.0,21844.6,,,,,0.0,0.0,9025.4
2518.42,100.0,21844.6,,,,,100.0,100.0,9033.1
2519.42,100.0,21944.6,,,,,100.0,100.0,9044.2
2520.42,100.0,21903.3,,,,,100.0,100.0,9045.4
2521.42,0.0,21903.3,,,,,0.0,0.0,9045.4
2522.42,100.0,21861.7,,,,,100.0,100.0,9045.6
2523.42,100.0,21820.0,,,,,100.0,100.0,9045.6
2524.42,100.0,21719.8,,,,,100.0,100.0,9045.8
2525.42,0.0,21719.9,,,,,0.0,0.0,9027.0
2526.42,100.0,21740.7,,,,,100.0,100.0,9038.7
2527.42,0.0,21803.0,,,,,0.0,0.0,9040.9
2528.42,100.0,21803.0,,,,,100.0,100.0,9032.4
2529.42,100.0,21844.6,,,,,100.0,100.0,9041.8
2530.42,100.0,21944.6,,,,,100.0,100.0,9044.2
2531.42,0.0,21944.6,,,,,0.0,0.0,9044.2
2532.42,100.0,21903.3,,,,,100.0,100.0,9045.5
2533.42,100.0,21861.7,,,,,100.0,100.0,9045.7
2534.42,100.0,21820.0,,,,,100.0,100.0,9045.7
2535.42,0.0,21820.0,,,,,0.0,0.0,9045.7
2536.42,100.0,21719.9,,,,,100.0,100.0,9040.3
2537.42,0.0,21761.5,,,,,0.0,0.0,9026.4
2538.42,100.0,21782.3,,,,,100.0,100.0,9037.4
2539.42,100.0,21803.0,,,,,100.0,100.0,9026.9
2540.42,100.0,21803.0,,,,,100.0,100.0,9034.5
2541.42,0.0,21878.6,,,,,0.0,0.0,9042.0
2542.42,100.0,21944.6,,,,,100.0,100.0,9044.6
2543.42,100.0,21903.3,,,,,100.0,100.0,9046.0
2544.42,100.0,21861.7,,,,,100.0,100.0,9046.1
2545.42,0.0,21861.7,,,,,0.0,0.0,9046.1
2546.42,100.0,21820.0,,,,,100.0,100.0,9046.2
2547.42,100.0,21719.8,,,,,100.0,100.0,9025.3
2548.42,0.0,21761.5,,,,,0.0,0.0,9040.3
2549.42,100.0,21761.5,,,,,100.0,100.0,9025.3
2550.42,100.0,21782.3,,,,,100.0,100.0,9035.7
2551.42,0.0,21844.6,,,,,0.0,0.0,9035.1
2552.42,100.0,21844.6,,,,,100.0,100.0,9041.7
2553.42,100.0,21944.6,,,,,100.0,100.0,9044.8
2554.42,100.0,21903.3,,,,,100.0,100.0,9046.2
2555.42,0.0,21903.3,,,,,0.0,0.0,9046.2
2556.42,100.0,21861.7,,,,,100.0,100.0,9046.4
2557.42,100.0,21820.0,,,,,100.0,100.0,9046.4
2558.42,100.0,21719.8,,,,,100.0,100.0,9046.4
2559.42,0.0,21719.9,,,,,0.0,0.0,9026.8
2560.42,100.0,21740.7,,,,,100.0,100.0,9038.8
2561.42,0.0,21803.0,,,,,0.0,0.0,9041.6
2562.42,100.0,21803.0,,,,,100.0,100.0,9034.9
2563.42,100.0,21844.6,,,,,100.0,100.0,9042.4
2564.42,100.0,21944.6,,,,,100.0,100.0,9045.1
2565.42,0.0,21944.6,,,,,0.0,0.0,9045.1
2566.42,100.0,21903.3,,,,,100.0,100.0,9046.4
2567.42,100.0,21861.7,,,,,100.0,100.0,9046.6
2568.42,100.0,21820.0,,,,,100.0,100.0,9046.6
2569.42,0.0,21820.0,,,,,0.0,0.0,9046.6
2570.42,100.0,21719.9,,,,,100.0,100.0,9040.9
2571.42,0.0,21761.5,,,,,0.0,0.0,9026.0
2572.42,100.0,21761.5,,,,,100.0,100.0,9033.9
2573.42,100.0,21803.0,,,,,100.0,100.0,9041.9
2574.42,100.0,21803.0,,,,,100.0,100.0,9032.0
2575.42,0.0,21878.6,,,,,0.0,0.0,9042.4
2576.42,100.0,21944.6,,,,,100.0,100.0,9045.2
2577.42,100.0,21903.3,,,,,100.0,100.0,9046.6
2578.42,100.0,21861.7,,,,,100.0,100.0,9046.8
2579.43,0.0,21861.7,,,,,0.0,0.0,9046.8
2580.43,100.0,21820.0,,,,,100.0,100.0,9046.8
2581.43,100.0,21719.8,,,,,100.0,100.0,9025.1
2582.43,0.0,21757.7,,,,,0.0,0.0,9040.5
2583.43,100.0,21761.5,,,,,100.0,100.0,9025.4
2584.43,100.0,21761.5,,,,,100.0,100.0,9034.2
2585.43,0.0,21844.6,,,,,0.0,0.0,9023.8
2586.43,100.0,21844.6,,,,,100.0,100.0,9031.3
2587.43,100.0,21944.6,,,,,100.0,100.0,9045.5
2588.43,100.0,21903.1,,,,,100.0,100.0,9046.8
2589.43,0.0,21903.3,,,,,0.0,0.0,9046.9
2590.43,100.0,21861.7,,,,,100.0,100.0,9047.1
2591.43,100.0,21820.0,,,,,100.0,100.0,9047.1
2592.43,100.0,21719.9,,,,,100.0,100.0,9047.1
2593.43,1.23,21719.9,,,,,1.23,1.23,9041.5
2594.43,100.0,21740.7,,,,,100.0,100.0,9038.7
2595.43,0.0,21803.0,,,,,0.0,0.0,9042.3
2596.43,100.0,21803.0,,,,,100.0,100.0,9032.6
2597.43,100.0,21844.6,,,,,100.0,100.0,9043.1
2598.43,100.0,21944.6,,,,,100.0,100.0,9045.7
2599.43,0.0,21944.6,,,,,0.0,0.0,9045.7
2600.43,100.0,21902.9,,,,,100.0,100.0,9047.0
2601.43,100.0,21861.3,,,,,100.0,100.0,9047.2
2602.43,100.0,21819.6,,,,,100.0,100.0,9047.2
2603.43,0.0,21819.6,,,,,0.0,0.0,9047.2
2604.43,100.0,21719.5,,,,,100.0,100.0,9041.3
2605.43,0.0,21761.1,,,,,0.0,0.0,9028.0
2606.43,100.0,21781.9,,,,,100.0,100.0,9040.3
2607.43,100.0,21861.2,,,,,100.0,100.0,9046.6
2608.43,100.0,21819.6,,,,,100.0,100.0,9046.6
2609.43,0.0,21819.6,,,,,0.0,0.0,9046.6
2610.43,100.0,21719.9,,,,,100.0,100.0,9041.4
2611.43,0.0,21761.5,,,,,0.0,0.0,9027.3
2612.43,100.0,21782.3,,,,,100.0,100.0,9040.5
2613.43,100.0,21803.0,,,,,100.0,100.0,9027.7
2614.43,100.0,21803.0,,,,,100.0,100.0,9035.7
2615.43,0.0,21878.6,,,,,0.0,0.0,9043.4
2616.43,100.0,21944.6,,,,,100.0,100.0,9046.2
2617.43,100.0,21903.3,,,,,100.0,100.0,9047.4
2618.43,100.0,21861.7,,,,,100.0,100.0,9047.6
2619.43,0.0,21861.7,,,,,0.0,0.0,9047.6
2620.43,100.0,21820.0,,,,,100.0,100.0,9047.6
2621.43,100.0,21719.8,,,,,100.0,100.0,9047.8
2622.43,0.0,21757.7,,,,,0.0,0.0,9041.3
2623.43,100.0,21761.5,,,,,100.0,100.0,9042.3
2624.43,100.0,21761.5,,,,,100.0,100.0,9035.4
2625.43,0.0,21844.6,,,,,0.0,0.0,9034.2
2626.43,100.0,21844.6,,,,,100.0,100.0,9038.3
2627.43,100.0,21944.6,,,,,100.0,100.0,9046.4
2628.43,100.0,21903.1,,,,,100.0,100.0,9047.5
2629.43,0.0,21903.3,,,,,0.0,0.0,9047.7
2630.43,100.0,21861.7,,,,,100.0,100.0,9047.8
2631.43,100.0,21820.0,,,,,100.0,100.0,9047.8
2632.43,0.0,21820.0,,,,,0.0,0.0,9047.8
2633.43,100.0,21719.9,,,,,100.0,100.0,9027.3
2634.43,100.0,21719.9,,,,,100.0,100.0,9036.8
2635.43,0.0,21803.0,,,,,0.0,0.0,9043.3
2636.43,100.0,21803.0,,,,,100.0,100.0,9031.0
2637.43,100.0,21844.6,,,,,100.0,100.0,9044.0
2638.43,0.0,21878.6,,,,,0.0,0.0,9044.0
2639.43,100.0,21944.6,,,,,100.0,100.0,9046.6
2640.43,100.0,21903.3,,,,,100.0,100.0,9048.0
2641.43,100.0,21861.7,,,,,100.0,100.0,9048.1
2642.43,0.0,21861.7,,,,,0.0,0.0,9048.1
2643.43,100.0,21820.0,,,,,100.0,100.0,9048.1
2644.43,100.0,21702.9,,,,,100.0,100.0,9041.4
2645.44,0.0,21761.5,,,,,0.0,0.0,9027.3
2646.44,100.0,21761.5,,,,,100.0,100.0,9034.0
2647.44,100.0,21803.0,,,,,100.0,100.0,9023.9
2648.44,0.0,21844.6,,,,,0.0,0.0,9030.9
2649.44,100.0,21878.6,,,,,100.0,100.0,9043.8
2650.44,100.0,21944.6,,,,,100.0,100.0,9046.8
2651.44,100.0,21903.3,,,,,100.0,100.0,9048.2
2652.44,0.0,21903.3,,,,,0.0,0.0,9048.2
2653.44,100.0,21861.7,,,,,100.0,100.0,9048.4
2654.44,100.0,21820.0,,,,,100.0,100.0,9048.4
2655.44,100.0,21719.8,,,,,100.0,100.0,9048.6
2656.44,0.0,21740.7,,,,,0.0,0.0,9040.7
2657.44,100.0,21761.5,,,,,100.0,100.0,9035.8
2658.44,0.0,21820.3,,,,,0.0,0.0,9038.7
2659.44,100.0,21844.6,,,,,100.0,100.0,9036.7
2660.44,100.0,21844.6,,,,,100.0,100.0,9039.6
2661.44,100.0,21944.6,,,,,100.0,100.0,9047.0
2662.44,0.0,21944.6,,,,,0.0,0.0,9047.0
2663.44,100.0,21903.3,,,,,100.0,100.0,9048.3
2664.44,100.0,21861.7,,,,,100.0,100.0,9048.4
2665.44,100.0,21820.0,,,,,100.0,100.0,9048.4
2666.44,0.0,21820.0,,,,,0.0,0.0,9048.4
2667.44,100.0,21719.9,,,,,100.0,100.0,9028.2
2668.44,0.0,21761.5,,,,,0.0,0.0,9039.1
2669.44,100.0,21803.0,,,,,100.0,100.0,9043.9
2670.44,100.0,21803.0,,,,,100.0,100.0,9035.0
2671.44,100.0,21844.6,,,,,100.0,100.0,9044.7
2672.44,0.0,21878.6,,,,,0.0,0.0,9044.8
2673.44,100.0,21944.6,,,,,100.0,100.0,9047.4
2674.44,100.0,21903.3,,,,,100.0,100.0,9048.7
2675.44,100.0,21861.7,,,,,100.0,100.0,9048.8
2676.44,0.0,21861.7,,,,,0.0,0.0,9048.8
2677.44,100.0,21820.0,,,,,100.0,100.0,9048.9
2678.44,100.0,21702.9,,,,,100.0,100.0,9041.1
2679.44,0.0,21761.5,,,,,0.0,0.0,9029.5
2680.44,100.0,21782.3,,,,,100.0,100.0,9039.1
2681.44,100.0,21803.0,,,,,100.0,100.0,9044.6
2682.44,0.0,21844.6,,,,,0.0,0.0,9033.8
2683.44,100.0,21878.6,,,,,100.0,100.0,9044.7
2684.44,100.0,21944.6,,,,,100.0,100.0,9047.4
2685.44,100.0,21903.3,,,,,100.0,100.0,9048.9
2686.44,0.0,21903.3,,,,,0.0,0.0,9048.9
2687.44,100.0,21861.7,,,,,100.0,100.0,9049.0
2688.44,100.0,21820.0,,,,,100.0,100.0,9049.0
2689.44,100.0,21719.8,,,,,100.0,100.0,9049.4
2690.44,0.0,21740.7,,,,,0.0,0.0,9041.4
2691.44,100.0,21761.5,,,,,100.0,100.0,9027.1
2692.44,0.0,21803.0,,,,,0.0,0.0,9034.9
2693.44,100.0,21844.6,,,,,100.0,100.0,9037.1
2694.44,100.0,21844.6,,,,,100.0,100.0,9031.7
2695.44,100.0,21944.6,,,,,100.0,100.0,9047.8
2696.44,0.0,21944.6,,,,,0.0,0.0,9047.8
2697.44,100.0,21903.3,,,,,100.0,100.0,9049.2
2698.44,100.0,21861.7,,,,,100.0,100.0,9049.4
2699.44,100.0,21820.0,,,,,100.0,100.0,9049.4
2700.44,0.0,21820.0,,,,,0.0,0.0,9049.4
2701.44,100.0,21719.9,,,,,100.0,100.0,9043.8
2702.44,0.0,21761.5,,,,,0.0,0.0,9036.7
2703.44,100.0,21803.0,,,,,100.0,100.0,9044.7
2704.44,100.0,21803.0,,,,,100.0,100.0,9034.7
2705.44,100.0,21844.6,,,,,100.0,100.0,9045.6
2706.45,0.0,21878.6,,,,,0.0,0.0,9045.5
2707.45,100.0,21944.6,,,,,100.0,100.0,9048.1
2708.45,100.0,21903.3,,,,,100.0,100.0,9049.5
2709.45,100.0,21861.7,,,,,100.0,100.0,9049.7
2710.45,0.0,21861.7,,,,,0.0,0.0,9049.7
2711.45,100.0,21820.0,,,,,100.0,100.0,9049.7
2712.45,100.0,21719.8,,,,,100.0,100.0,9039.7
2713.45,0.0,21761.5,,,,,0.0,0.0,9029.1
2714.45,100.0,21761.5,,,,,100.0,100.0,9035.2
2715.45,100.0,21803.0,,,,,100.0,100.0,9045.1
2716.45,0.0,21844.6,,,,,0.0,0.0,9032.9
2717.45,100.0,21878.6,,,,,100.0,100.0,9045.8
2718.45,100.0,21944.6,,,,,100.0,100.0,9048.4
2719.45,100.0,21903.3,,,,,100.0,100.0,9049.9
2720.45,0.0,21903.3,,,,,0.0,0.0,9049.9
2721.45,100.0,21861.7,,,,,100.0,100.0,9050.0
2722.45,100.0,21820.0,,,,,100.0,100.0,9050.0
2723.45,100.0,21719.8,,,,,100.0,100.0,9050.2
2724.45,0.0,21719.9,,,,,0.0,0.0,9028.9
2725.45,100.0,21740.7,,,,,100.0,100.0,9039.8
2726.45,0.0,21803.0,,,,,0.0,0.0,9043.5
2727.45,100.0,21803.0,,,,,100.0,100.0,9035.3
2728.45,100.0,21844.6,,,,,100.0,100.0,9044.5
2729.45,100.0,21944.6,,,,,100.0,100.0,9046.9
2730.45,0.0,21944.6,,,,,0.0,0.0,9046.9
2731.45,100.0,21903.3,,,,,100.0,100.0,9048.2
2732.45,100.0,21861.7,,,,,100.0,100.0,9048.4
2733.45,100.0,21820.0,,,,,100.0,100.0,9048.4
2734.45,0.0,21820.0,,,,,0.0,0.0,9048.4
2735.45,100.0,21719.9,,,,,100.0,100.0,9042.6
2736.45,0.0,21761.5,,,,,0.0,0.0,9030.0
2737.45,100.0,21761.5,,,,,100.0,100.0,9037.7
2738.45,100.0,21803.0,,,,,100.0,100.0,9027.8
2739.45,100.0,21803.0,,,,,100.0,100.0,9034.3
2740.45,0.0,21878.6,,,,,0.0,0.0,9044.6
2741.45,100.0,21944.6,,,,,100.0,100.0,9047.3
2742.45,100.0,21903.3,,,,,100.0,100.0,9048.8
2743.45,0.0,21903.3,,,,,0.0,0.0,9048.8
2744.45,100.0,21861.7,,,,,100.0,100.0,9049.0
2745.45,100.0,21820.0,,,,,100.0,100.0,9049.0
2746.45,100.0,21719.8,,,,,100.0,100.0,9049.2
2747.45,0.0,21761.5,,,,,0.0,0.0,9043.1
2748.45,100.0,21761.5,,,,,100.0,100.0,9036.5
2749.45,100.0,21761.5,,,,,100.0,100.0,9038.1
2750.45,0.0,21844.6,,,,,0.0,0.0,9038.1
2751.45,100.0,21844.6,,,,,100.0,100.0,9043.1
2752.45,100.0,21944.6,,,,,100.0,100.0,9047.7
2753.45,0.0,21944.6,,,,,0.0,0.0,9047.7
2754.45,100.0,21903.3,,,,,100.0,100.0,9049.1
2755.45,100.0,21861.7,,,,,100.0,100.0,9049.2
2756.45,100.0,21820.0,,,,,100.0,100.0,9049.2
2757.45,0.0,21820.0,,,,,0.0,0.0,9049.2
2758.45,100.0,21719.9,,,,,100.0,100.0,9030.3
2759.45,0.0,21782.3,,,,,0.0,0.0,9041.2
2760.45,100.0,21803.0,,,,,100.0,100.0,9044.6
2761.45,100.0,21803.0,,,,,100.0,100.0,9038.7
2762.45,100.0,21844.6,,,,,100.0,100.0,9045.5
2763.45,0.0,21878.6,,,,,0.0,0.0,9045.3
2764.45,100.0,21944.6,,,,,100.0,100.0,9047.8
2765.45,100.0,21903.3,,,,,100.0,100.0,9049.2
2766.45,100.0,21861.7,,,,,100.0,100.0,9049.4
2767.45,0.0,21861.7,,,,,0.0,0.0,9049.4
2768.45,100.0,21820.0,,,,,100.0,100.0,9049.4
2769.45,100.0,21702.9,,,,,100.0,100.0,9042.9
2770.45,0.0,21761.5,,,,,0.0,0.0,9030.3
2771.46,100.0,21761.5,,,,,100.0,100.0,9037.2
2772.46,100.0,21803.0,,,,,100.0,100.0,9027.4
2773.46,0.0,21844.6,,,,,0.0,0.0,9035.3
2774.46,100.0,21878.6,,,,,100.0,100.0,9045.5
2775.46,100.0,21944.6,,,,,100.0,100.0,9048.3
2776.46,100.0,21903.3,,,,,100.0,100.0,9049.8
2777.46,0.0,21903.3,,,,,0.0,0.0,9049.8
2778.46,100.0,21861.7,,,,,100.0,100.0,9049.9
2779.46,100.0,21820.0,,,,,100.0,100.0,9049.9
2780.46,100.0,21719.8,,,,,100.0,100.0,9050.1
2781.46,0.0,21740.7,,,,,0.0,0.0,9041.9
2782.46,100.0,21761.5,,,,,100.0,100.0,9037.2
2783.46,0.0,21803.0,,,,,0.0,0.0,9039.0
2784.46,100.0,21844.6,,,,,100.0,100.0,9039.4
2785.46,100.0,21861.6,,,,,100.0,100.0,9045.6
2786.46,100.0,21944.6,,,,,100.0,100.0,9048.3
2787.46,0.0,21944.6,,,,,0.0,0.0,9048.3
2788.46,100.0,21903.3,,,,,100.0,100.0,9050.0
2789.46,100.0,21861.7,,,,,100.0,100.0,9050.1
2790.46,100.0,21820.0,,,,,100.0,100.0,9050.1
2791.46,0.0,21820.0,,,,,0.0,0.0,9050.1
2792.46,100.0,21719.9,,,,,100.0,100.0,9031.0
2793.46,0.0,21782.3,,,,,0.0,0.0,9040.2
2794.46,100.0,21803.0,,,,,100.0,100.0,9045.5
2795.46,100.0,21803.0,,,,,100.0,100.0,9036.7
2796.46,100.0,21844.6,,,,,100.0,100.0,9037.4
2797.46,0.0,21878.6,,,,,0.0,0.0,9046.3
2798.46,100.0,21944.6,,,,,100.0,100.0,9048.9
2799.46,100.0,21903.3,,,,,100.0,100.0,9050.3
2800.46,100.0,21861.7,,,,,100.0,100.0,9050.5
2801.46,0.0,21861.7,,,,,0.0,0.0,9050.5
2802.46,100.0,21820.0,,,,,100.0,100.0,9050.5
2803.46,100.0,21719.8,,,,,100.0,100.0,9039.8
2804.46,0.0,21761.5,,,,,0.0,0.0,9031.1
2805.46,100.0,21761.5,,,,,100.0,100.0,9038.3
2806.46,100.0,21803.0,,,,,100.0,100.0,9045.9
2807.46,0.0,21844.6,,,,,0.0,0.0,9035.9
2808.46,100.0,21878.6,,,,,100.0,100.0,9046.3
2809.46,100.0,21944.6,,,,,100.0,100.0,9049.2
2810.46,100.0,21903.3,,,,,100.0,100.0,9050.7
2811.46,0.0,21903.3,,,,,0.0,0.0,9050.7
2812.46,100.0,21861.7,,,,,100.0,100.0,9050.8
2813.46,100.0,21820.0,,,,,100.0,100.0,9050.8
2814.46,100.0,21719.8,,,,,100.0,100.0,9051.0
2815.46,0.0,21719.9,,,,,0.0,0.0,9039.3
2816.46,100.0,21761.5,,,,,100.0,100.0,9033.0
2817.46,0.0,21803.0,,,,,0.0,0.0,9036.7
2818.46,100.0,21844.6,,,,,100.0,100.0,9031.1
2819.46,100.0,21844.6,,,,,100.0,100.0,9033.9
2820.46,100.0,21944.6,,,,,100.0,100.0,9049.4
2821.46,0.0,21944.6,,,,,0.0,0.0,9049.4
2822.46,100.0,21903.3,,,,,100.0,100.0,9050.8
2823.46,100.0,21861.7,,,,,100.0,100.0,9051.0
2824.46,100.0,21820.0,,,,,100.0,100.0,9051.0
2825.46,0.0,21820.0,,,,,0.0,0.0,9051.0
2826.46,100.0,21719.9,,,,,100.0,100.0,9045.4
2827.46,0.0,21761.5,,,,,0.0,0.0,9038.9
2828.46,100.0,21803.0,,,,,100.0,100.0,9046.3
2829.46,100.0,21803.0,,,,,100.0,100.0,9036.5
2830.46,100.0,21844.6,,,,,100.0,100.0,9047.1
2831.46,0.0,21878.6,,,,,0.0,0.0,9047.1
2832.46,100.0,21944.6,,,,,100.0,100.0,9049.7
2833.46,100.0,21903.3,,,,,100.0,100.0,9051.1
2834.46,100.0,21861.7,,,,,100.0,100.0,9051.3
2835.47,0.0,21861.7,,,,,0.0,0.0,9051.3
2836.47,100.0,21820.0,,,,,100.0,100.0,9051.3
2837.47,100.0,21719.8,,,,,100.0,100.0,9039.7
2838.47,0.0,21761.5,,,,,0.0,0.0,9030.4
2839.47,100.0,21761.5,,,,,100.0,100.0,9037.2
2840.47,100.0,21803.0,,,,,100.0,100.0,9046.7
2841.47,0.0,21844.6,,,,,0.0,0.0,9037.4
2842.47,100.0,21878.6,,,,,100.0,100.0,9047.3
2843.47,100.0,21944.6,,,,,100.0,100.0,9050.1
2844.47,100.0,21903.3,,,,,100.0,100.0,9051.4
2845.47,0.0,21903.3,,,,,0.0,0.0,9051.4
2846.47,100.0,21861.7,,,,,100.0,100.0,9051.6
2847.47,100.0,21820.0,,,,,100.0,100.0,9051.6
2848.47,100.0,21719.8,,,,,100.0,100.0,9051.8
2849.47,0.0,21719.9,,,,,0.0,0.0,9041.7
2850.47,100.0,21761.5,,,,,100.0,100.0,9031.8
2851.47,0.0,21823.8,,,,,0.0,0.0,9041.5
2852.47,100.0,21844.6,,,,,100.0,100.0,9031.7
2853.47,100.0,21844.6,,,,,100.0,100.0,9040.5
2854.47,100.0,21944.6,,,,,100.0,100.0,9050.3
2855.47,0.0,21944.6,,,,,0.0,0.0,9050.3
2856.47,100.0,21903.3,,,,,100.0,100.0,9051.6
2857.47,100.0,21861.7,,,,,100.0,100.0,9051.8
2858.47,100.0,21820.0,,,,,100.0,100.0,9051.8
2859.47,0.0,21820.0,,,,,0.0,0.0,9051.8
2860.47,100.0,21719.9,,,,,100.0,100.0,9046.3
2861.47,0.0,21761.5,,,,,0.0,0.0,9040.3
2862.47,100.0,21803.0,,,,,100.0,100.0,9039.3
2863.47,100.0,21803.0,,,,,100.0,100.0,9038.6
2864.47,100.0,21844.6,,,,,100.0,100.0,9039.4
2865.47,0.0,21878.6,,,,,0.0,0.0,9047.8
2866.47,100.0,21944.6,,,,,100.0,100.0,9050.4
2867.47,100.0,21903.3,,,,,100.0,100.0,9051.8
2868.47,100.0,21861.7,,,,,100.0,100.0,9052.0
2869.47,0.0,21861.7,,,,,0.0,0.0,9052.0
2870.47,100.0,21820.0,,,,,100.0,100.0,9052.0
2871.47,100.0,21719.8,,,,,100.0,100.0,9039.2
2872.47,0.0,21761.5,,,,,0.0,0.0,9032.2
2873.47,100.0,21761.5,,,,,100.0,100.0,9036.9
2874.47,100.0,21803.0,,,,,100.0,100.0,9047.0
2875.47,0.0,21844.6,,,,,0.0,0.0,9037.4
2876.47,100.0,21861.6,,,,,100.0,100.0,9045.5
2877.47,100.0,21944.6,,,,,100.0,100.0,9050.7
2878.47,100.0,21903.3,,,,,100.0,100.0,9052.0
2879.47,0.0,21903.3,,,,,0.0,0.0,9052.0
2880.47,100.0,21861.7,,,,,100.0,100.0,9052.2
2881.47,100.0,21820.0,,,,,100.0,100.0,9052.2
2882.47,100.0,21719.8,,,,,100.0,100.0,9052.5
2883.47,0.0,21719.9,,,,,0.0,0.0,9039.3
2884.47,100.0,21761.5,,,,,100.0,100.0,9030.4
2885.47,0.0,21803.0,,,,,0.0,0.0,9037.5
2886.47,100.0,21844.6,,,,,100.0,100.0,9048.3
2887.47,100.0,21844.6,,,,,100.0,100.0,9036.5
2888.47,100.0,21944.6,,,,,100.0,100.0,9051.0
2889.47,0.0,21944.6,,,,,0.0,0.0,9051.0
2890.47,100.0,21903.3,,,,,100.0,100.0,9052.4
2891.47,100.0,21861.7,,,,,100.0,100.0,9052.5
2892.47,100.0,21820.0,,,,,100.0,100.0,9052.5
2893.47,0.0,21820.0,,,,,0.0,0.0,9052.5
2894.47,100.0,21719.9,,,,,100.0,100.0,9047.0
2895.47,0.0,21761.5,,,,,0.0,0.0,9039.6
2896.47,100.0,21803.0,,,,,100.0,100.0,9047.9
2897.47,100.0,21803.0,,,,,100.0,100.0,9036.7
2898.47,100.0,21844.6,,,,,100.0,100.0,9039.4
2899.48,0.0,21878.6,,,,,0.0,0.0,9048.7
2900.48,100.0,21944.6,,,,,100.0,100.0,9051.3
2901.48,100.0,21903.3,,,,,100.0,100.0,9052.6
2902.48,100.0,21861.7,,,,,100.0,100.0,9052.8
2903.48,0.0,21861.7,,,,,0.0,0.0,9052.8
2904.48,100.0,21820.0,,,,,100.0,100.0,9052.8
2905.48,100.0,21719.8,,,,,100.0,100.0,9038.1
2906.48,0.0,21761.5,,,,,0.0,0.0,9047.2
2907.48,100.0,21761.5,,,,,100.0,100.0,9037.1
2908.48,100.0,21803.0,,,,,100.0,100.0,9048.1
2909.48,0.0,21844.6,,,,,0.0,0.0,9037.1
2910.48,100.0,21878.6,,,,,100.0,100.0,9048.5
2911.48,100.0,21944.6,,,,,100.0,100.0,9051.5
2912.48,100.0,21903.3,,,,,100.0,100.0,9052.8
2913.48,0.0,21903.3,,,,,0.0,0.0,9052.8
2914.48,100.0,21861.7,,,,,100.0,100.0,9053.0
2915.48,100.0,21820.0,,,,,100.0,100.0,9053.0
2916.48,100.0,21719.8,,,,,100.0,100.0,9028.5
2917.48,0.0,21719.9,,,,,0.0,0.0,9039.8
2918.48,100.0,21761.5,,,,,100.0,100.0,9029.9
2919.48,0.0,21803.0,,,,,0.0,0.0,9036.8
2920.48,100.0,21844.6,,,,,100.0,100.0,9049.3
2921.48,100.0,21844.6,,,,,100.0,100.0,9036.1
2922.48,100.0,21944.6,,,,,100.0,100.0,9051.8
2923.48,0.0,21944.6,,,,,0.0,0.0,9051.8
2924.48,100.0,21903.3,,,,,100.0,100.0,9053.1
2925.48,100.0,21861.7,,,,,100.0,100.0,9053.3
2926.48,100.0,21820.0,,,,,100.0,100.0,9053.3
2927.48,0.0,21820.0,,,,,0.0,0.0,9053.3
2928.48,100.0,21719.9,,,,,100.0,100.0,9047.7
2929.48,0.0,21761.5,,,,,0.0,0.0,9039.2
2930.48,100.0,21803.0,,,,,100.0,100.0,9039.3
2931.48,100.0,21803.0,,,,,100.0,100.0,9042.8
2932.48,100.0,21844.6,,,,,100.0,100.0,9039.4
2933.48,0.0,21878.6,,,,,0.0,0.0,9049.4
2934.48,100.0,21944.6,,,,,100.0,100.0,9052.0
2935.48,100.0,21903.3,,,,,100.0,100.0,9053.3
2936.48,100.0,21861.7,,,,,100.0,100.0,9053.5
2937.48,0.0,21861.7,,,,,0.0,0.0,9053.5
2938.48,100.0,21820.0,,,,,100.0,100.0,9053.5
2939.48,100.0,21719.8,,,,,100.0,100.0,9038.0
2940.48,0.0,21761.5,,,,,0.0,0.0,9048.1
2941.48,100.0,21761.5,,,,,100.0,100.0,9037.7
2942.48,100.0,21803.0,,,,,100.0,100.0,9048.8
2943.48,0.0,21844.6,,,,,0.0,0.0,9037.9
2944.48,100.0,21861.6,,,,,100.0,100.0,9046.8
2945.48,100.0,21944.6,,,,,100.0,100.0,9052.1
2946.48,100.0,21903.3,,,,,100.0,100.0,9053.4
2947.48,0.0,21903.3,,,,,0.0,0.0,9053.4
2948.48,100.0,21861.7,,,,,100.0,100.0,9053.6
2949.48,100.0,21820.0,,,,,100.0,100.0,9053.7
2950.48,100.0,21719.8,,,,,100.0,100.0,9029.0
2951.48,0.0,21719.9,,,,,0.0,0.0,9038.9
2952.48,100.0,21761.5,,,,,100.0,100.0,9030.2
2953.48,0.0,21803.0,,,,,0.0,0.0,9036.8
2954.48,100.0,21844.6,,,,,100.0,100.0,9049.6
2955.48,100.0,21844.6,,,,,100.0,100.0,9036.7
2956.48,100.0,21944.6,,,,,100.0,100.0,9052.3
2957.48,0.0,21944.6,,,,,0.0,0.0,9052.3
2958.48,100.0,21903.3,,,,,100.0,100.0,9053.8
2959.48,100.0,21861.7,,,,,100.0,100.0,9054.0
2960.48,100.0,21820.0,,,,,100.0,100.0,9054.0
2961.48,0.0,21820.0,,,,,0.0,0.0,9054.0
2962.48,100.0,21719.9,,,,,100.0,100.0,9048.4
2963.48,0.0,21761.5,,,,,0.0,0.0,9037.8
2964.49,100.0,21803.0,,,,,100.0,100.0,9049.3
2965.49,100.0,21803.0,,,,,100.0,100.0,9041.5
2966.49,100.0,21803.0,,,,,100.0,100.0,9047.6
2967.49,0.0,21878.6,,,,,0.0,0.0,9050.1
2968.49,100.0,21944.6,,,,,100.0,100.0,9052.7
2969.49,100.0,21903.3,,,,,100.0,100.0,9054.1
2970.49,100.0,21861.7,,,,,100.0,100.0,9054.3
2971.49,0.0,21861.7,,,,,0.0,0.0,9054.3
2972.49,100.0,21820.0,,,,,100.0,100.0,9054.3
2973.49,100.0,21719.8,,,,,100.0,100.0,9037.4
2974.49,0.0,21761.5,,,,,0.0,0.0,9048.7
2975.49,100.0,21761.5,,,,,100.0,100.0,9037.5
2976.49,100.0,21803.0,,,,,100.0,100.0,9049.6
2977.49,0.0,21844.6,,,,,0.0,0.0,9037.4
2978.49,100.0,21861.6,,,,,100.0,100.0,9048.2
2979.49,100.0,21944.6,,,,,100.0,100.0,9053.0
2980.49,100.0,21903.3,,,,,100.0,100.0,9054.4
2981.49,0.0,21903.3,,,,,0.0,0.0,9054.4
2982.49,100.0,21861.7,,,,,100.0,100.0,9054.6
2983.49,100.0,21820.0,,,,,100.0,100.0,9054.6
2984.49,100.0,21719.8,,,,,100.0,100.0,9028.9
2985.49,0.0,21719.9,,,,,0.0,0.0,9037.6
2986.49,100.0,21761.5,,,,,100.0,100.0,9049.4
2987.49,0.0,21803.0,,,,,0.0,0.0,9036.3
2988.49,100.0,21823.8,,,,,100.0,100.0,9049.6
2989.49,100.0,21844.6,,,,,100.0,100.0,9036.5
2990.49,100.0,21944.6,,,,,100.0,100.0,9053.2
2991.49,0.0,21944.6,,,,,0.0,0.0,9053.2
2992.49,100.0,21903.3,,,,,100.0,100.0,9054.6
2993.49,100.0,21861.7,,,,,100.0,100.0,9054.8
2994.49,100.0,21820.0,,,,,100.0,100.0,9054.8
2995.49,0.0,21820.0,,,,,0.0,0.0,9054.8
2996.49,100.0,21719.9,,,,,100.0,100.0,9039.6
2997.49,0.0,21761.5,,,,,0.0,0.0,9037.4
2998.49,100.0,21803.0,,,,,100.0,100.0,9040.4
2999.49,100.0,21803.0,,,,,100.0,100.0,9036.4
3000.49,100.0,21844.6,,,,,100.0,100.0,9050.8
3001.49,0.0,21878.6,,,,,0.0,0.0,9050.9
3002.49,100.0,21944.6,,,,,100.0,100.0,9053.5
3003.49,100.0,21903.3,,,,,100.0,100.0,9054.9
3004.49,100.0,21861.7,,,,,100.0,100.0,9055.1
3005.49,0.0,21861.7,,,,,0.0,0.0,9055.1
3006.49,100.0,21820.0,,,,,100.0,100.0,9055.1
3007.49,100.0,21719.8,,,,,100.0,100.0,9037.5
3008.49,0.0,21761.5,,,,,0.0,0.0,9049.5
3009.49,100.0,21761.5,,,,,100.0,100.0,9037.8
3010.49,100.0,21803.0,,,,,100.0,100.0,9050.3
3011.49,0.0,21844.6,,,,,0.0,0.0,9051.2
3012.49,100.0,21844.6,,,,,100.0,100.0,9046.9
3013.49,100.0,21944.6,,,,,100.0,100.0,9053.8
3014.49,100.0,21903.3,,,,,100.0,100.0,9055.2
3015.49,0.0,21903.3,,,,,0.0,0.0,9055.2
3016.49,100.0,21861.7,,,,,100.0,100.0,9055.4
3017.49,100.0,21820.0,,,,,100.0,100.0,9055.4
3018.49,100.0,21719.8,,,,,100.0,100.0,9029.5
3019.49,0.0,21719.9,,,,,0.0,0.0,9036.8
3020.49,100.0,21761.5,,,,,100.0,100.0,9049.8
3021.49,0.0,21803.0,,,,,0.0,0.0,9037.6
3022.49,100.0,21823.8,,,,,100.0,100.0,9049.2
3023.49,100.0,21844.6,,,,,100.0,100.0,9037.5
3024.49,100.0,21944.6,,,,,100.0,100.0,9054.1
3025.49,0.0,21944.6,,,,,0.0,0.0,9054.1
3026.49,100.0,21903.3,,,,,100.0,100.0,9055.4
3027.49,100.0,21861.7,,,,,100.0,100.0,9055.6
3028.49,100.0,21820.0,,,,,100.0,100.0,9055.6
3029.5,0.0,21820.0,,,,,0.0,0.0,9055.6
3030.5,100.0,21719.9,,,,,100.0,100.0,9030.2
3031.5,0.0,21761.5,,,,,0.0,0.0,9037.5
3032.5,100.0,21782.3,,,,,100.0,100.0,9040.4
3033.5,100.0,21803.0,,,,,100.0,100.0,9044.4
3034.5,100.0,21823.8,,,,,100.0,100.0,9047.1
3035.5,0.0,21878.6,,,,,0.0,0.0,9051.8
3036.5,100.0,21944.6,,,,,100.0,100.0,9054.4
3037.5,100.0,21903.3,,,,,100.0,100.0,9055.7
3038.5,100.0,21861.7,,,,,100.0,100.0,9055.9
3039.5,0.0,21861.7,,,,,0.0,0.0,9055.9
3040.5,100.0,21820.0,,,,,100.0,100.0,9055.9
3041.5,100.0,21719.8,,,,,100.0,100.0,9038.3
3042.5,0.0,21761.5,,,,,0.0,0.0,9050.4
3043.5,100.0,21761.5,,,,,100.0,100.0,9038.1
3044.5,100.0,21803.0,,,,,100.0,100.0,9051.1
3045.5,0.0,21844.6,,,,,0.0,0.0,9052.1
3046.5,100.0,21844.6,,,,,100.0,100.0,9046.0
3047.5,100.0,21944.6,,,,,100.0,100.0,9054.7
3048.5,100.0,21903.3,,,,,100.0,100.0,9056.0
3049.5,0.0,21903.3,,,,,0.0,0.0,9056.0
3050.5,100.0,21861.7,,,,,100.0,100.0,9056.2
3051.5,100.0,21820.0,,,,,100.0,100.0,9056.2
3052.5,100.0,21719.8,,,,,100.0,100.0,9029.7
3053.5,0.0,21719.9,,,,,0.0,0.0,9037.6
3054.5,100.0,21761.5,,,,,100.0,100.0,9051.0
3055.5,0.0,21803.0,,,,,0.0,0.0,9037.6
3056.5,100.0,21823.8,,,,,100.0,100.0,9049.7
3057.5,100.0,21844.6,,,,,100.0,100.0,9037.5
3058.5,100.0,21944.6,,,,,100.0,100.0,9055.0
3059.5,0.0,21944.6,,,,,0.0,0.0,9055.0
3060.5,100.0,21903.3,,,,,100.0,100.0,9056.2
3061.5,100.0,21861.7,,,,,100.0,100.0,9056.4
3062.5,100.0,21820.0,,,,,100.0,100.0,9056.5
3063.5,0.0,21820.0,,,,,0.0,0.0,9056.5
3064.5,100.0,21719.9,,,,,100.0,100.0,9030.6
3065.5,0.0,21761.5,,,,,0.0,0.0,9038.4
3066.5,100.0,21803.0,,,,,100.0,100.0,9051.8
3067.5,100.0,21803.0,,,,,100.0,100.0,9036.8
3068.5,100.0,21803.0,,,,,100.0,100.0,9046.7
3069.5,0.0,21878.6,,,,,0.0,0.0,9052.7
3070.5,100.0,21944.6,,,,,100.0,100.0,9055.4
3071.5,100.0,21903.3,,,,,100.0,100.0,9056.4
3072.5,100.0,21861.7,,,,,100.0,100.0,9056.6
3073.5,0.0,21861.7,,,,,0.0,0.0,9056.6
3074.5,100.0,21820.0,,,,,100.0,100.0,9056.6
3075.5,100.0,21719.8,,,,,100.0,100.0,9038.4
3076.5,0.0,21761.5,,,,,0.0,0.0,9051.4
3077.5,100.0,21761.5,,,,,100.0,100.0,9038.9
3078.5,100.0,21782.3,,,,,100.0,100.0,9040.3
3079.5,0.0,21844.6,,,,,0.0,0.0,9046.3
3080.5,100.0,21861.6,,,,,100.0,100.0,9047.0
3081.5,100.0,21944.6,,,,,100.0,100.0,9055.5
3082.5,100.0,21903.3,,,,,100.0,100.0,9056.6
3083.5,0.0,21903.3,,,,,0.0,0.0,9056.6
3084.5,100.0,21861.7,,,,,100.0,100.0,9056.8
3085.5,100.0,21820.0,,,,,100.0,100.0,9056.8
3086.5,100.0,21719.8,,,,,100.0,100.0,9057.0
3087.5,0.0,21719.9,,,,,0.0,0.0,9037.8
3088.5,100.0,21761.5,,,,,100.0,100.0,9051.9
3089.5,0.0,21803.0,,,,,0.0,0.0,9038.8
3090.5,100.0,21823.8,,,,,100.0,100.0,9049.3
3091.5,100.0,21844.6,,,,,100.0,100.0,9053.3
3092.5,100.0,21944.6,,,,,100.0,100.0,9055.6
3093.5,0.0,21944.6,,,,,0.0,0.0,9055.6
3094.51,100.0,21903.3,,,,,100.0,100.0,9056.9
3095.51,100.0,21861.7,,,,,100.0,100.0,9057.1
3096.51,100.0,21820.0,,,,,100.0,100.0,9057.1
3097.51,0.0,21820.0,,,,,0.0,0.0,9057.1
3098.51,100.0,21719.9,,,,,100.0,100.0,9030.7
3099.51,0.0,21761.5,,,,,0.0,0.0,9038.0
3100.51,100.0,21803.0,,,,,100.0,100.0,9052.4
3101.51,100.0,21803.0,,,,,100.0,100.0,9038.5
3102.51,100.0,21823.8,,,,,100.0,100.0,9049.9
3103.51,0.0,21878.6,,,,,0.0,0.0,9053.3
3104.51,100.0,21944.6,,,,,100.0,100.0,9055.9
3105.51,100.0,21903.3,,,,,100.0,100.0,9057.0
3106.51,100.0,21861.7,,,,,100.0,100.0,9057.2
3107.51,0.0,21861.7,,,,,0.0,0.0,9057.2
3108.51,100.0,21820.0,,,,,100.0,100.0,9057.2
3109.51,100.0,21719.8,,,,,100.0,100.0,9038.3
3110.51,0.0,21761.5,,,,,0.0,0.0,9051.8
3111.51,100.0,21761.5,,,,,100.0,100.0,9045.2
3112.51,100.0,21803.0,,,,,100.0,100.0,9052.6
3113.51,0.0,21844.6,,,,,0.0,0.0,9045.7
3114.51,100.0,21844.6,,,,,100.0,100.0,9046.0
3115.51,100.0,21944.6,,,,,100.0,100.0,9056.1
3116.51,100.0,21903.3,,,,,100.0,100.0,9057.4
3117.51,0.0,21903.3,,,,,0.0,0.0,9057.4
3118.51,100.0,21861.7,,,,,100.0,100.0,9057.6
3119.51,100.0,21820.0,,,,,100.0,100.0,9057.6
3120.51,100.0,21719.8,,,,,100.0,100.0,9057.7
3121.51,0.0,21719.9,,,,,0.0,0.0,9038.7
3122.51,100.0,21761.5,,,,,100.0,100.0,9051.9
3123.51,0.0,21803.0,,,,,0.0,0.0,9038.9
3124.51,100.0,21823.8,,,,,100.0,100.0,9048.3
3125.51,100.0,21844.6,,,,,100.0,100.0,9053.7
3126.51,100.0,21944.6,,,,,100.0,100.0,9056.3
3127.51,0.0,21944.6,,,,,0.0,0.0,9056.3
3128.51,100.0,21903.3,,,,,100.0,100.0,9057.5
3129.51,100.0,21861.7,,,,,100.0,100.0,9057.7
3130.51,100.0,21820.0,,,,,100.0,100.0,9057.7
3131.51,0.0,21820.0,,,,,0.0,0.0,9057.7
3132.51,100.0,21719.9,,,,,100.0,100.0,9030.4
3133.51,0.0,21761.5,,,,,0.0,0.0,9038.2
3134.51,100.0,21782.3,,,,,100.0,100.0,9051.7
3135.51,100.0,21803.0,,,,,100.0,100.0,9037.4
3136.51,100.0,21803.0,,,,,100.0,100.0,9043.6
3137.51,0.0,21878.6,,,,,0.0,0.0,9053.8
3138.51,100.0,21944.6,,,,,100.0,100.0,9056.4
3139.51,100.0,21903.3,,,,,100.0,100.0,9057.8
3140.51,100.0,21861.7,,,,,100.0,100.0,9058.0
3141.51,0.0,21861.7,,,,,0.0,0.0,9058.0
3142.51,100.0,21820.0,,,,,100.0,100.0,9058.0
3143.51,100.0,21719.8,,,,,100.0,100.0,9038.2
3144.51,0.0,21761.5,,,,,0.0,0.0,9052.4
3145.51,100.0,21761.5,,,,,100.0,100.0,9045.5
3146.51,100.0,21782.3,,,,,100.0,100.0,9049.0
3147.51,0.0,21844.6,,,,,0.0,0.0,9046.7
3148.51,100.0,21861.6,,,,,100.0,100.0,9047.4
3149.51,100.0,21944.6,,,,,100.0,100.0,9056.7
3150.51,100.0,21903.3,,,,,100.0,100.0,9057.9
3151.51,0.0,21903.3,,,,,0.0,0.0,9057.9
3152.51,100.0,21861.7,,,,,100.0,100.0,9058.1
3153.51,100.0,21820.0,,,,,100.0,100.0,9058.1
3154.51,100.0,21719.8,,,,,100.0,100.0,9058.3
3155.51,0.0,21719.9,,,,,0.0,0.0,9038.2
3156.51,100.0,21740.7,,,,,100.0,100.0,9052.4
3157.51,0.0,21803.0,,,,,0.0,0.0,9039.1
3158.52,100.0,21803.0,,,,,100.0,100.0,9048.2
3159.52,100.0,21844.6,,,,,100.0,100.0,9054.3
3160.52,100.0,21944.6,,,,,100.0,100.0,9056.9
3161.52,0.0,21944.6,,,,,0.0,0.0,9056.9
3162.52,100.0,21903.3,,,,,100.0,100.0,9058.1
3163.52,100.0,21861.7,,,,,100.0,100.0,9058.3
3164.52,100.0,21820.0,,,,,100.0,100.0,9058.3
3165.52,0.0,21820.0,,,,,0.0,0.0,9058.3
3166.52,100.0,21719.9,,,,,100.0,100.0,9052.7
3167.52,0.0,21761.5,,,,,0.0,0.0,9038.1
3168.52,100.0,21782.3,,,,,100.0,100.0,9050.0
3169.52,100.0,21803.0,,,,,100.0,100.0,9036.2
3170.52,100.0,21803.0,,,,,100.0,100.0,9042.7
3171.52,0.0,21878.6,,,,,0.0,0.0,9054.3
3172.52,100.0,21944.6,,,,,100.0,100.0,9057.1
3173.52,100.0,21903.3,,,,,100.0,100.0,9058.4
3174.52,100.0,21861.7,,,,,100.0,100.0,9058.6
3175.52,0.0,21861.7,,,,,0.0,0.0,9058.6
3176.52,100.0,21820.0,,,,,100.0,100.0,9058.6
3177.52,100.0,21719.8,,,,,100.0,100.0,9058.8
3178.52,0.0,21761.5,,,,,0.0,0.0,9052.9
3179.52,100.0,21761.5,,,,,100.0,100.0,9053.1
3180.52,100.0,21761.5,,,,,100.0,100.0,9046.6
3181.52,0.0,21844.6,,,,,0.0,0.0,9054.7
3182.52,100.0,21844.6,,,,,100.0,100.0,9043.3
3183.52,100.0,21944.6,,,,,100.0,100.0,9057.2
3184.52,100.0,21903.3,,,,,100.0,100.0,9058.6
3185.52,0.0,21903.3,,,,,0.0,0.0,9058.6
3186.52,100.0,21861.7,,,,,100.0,100.0,9058.8
3187.52,100.0,21820.0,,,,,100.0,100.0,9058.8
3188.52,100.0,21719.8,,,,,100.0,100.0,9058.9
3189.52,0.0,21719.9,,,,,0.0,0.0,9038.7
3190.52,100.0,21761.5,,,,,100.0,100.0,9052.9
3191.52,0.0,21803.0,,,,,0.0,0.0,9054.1
3192.52,100.0,21803.0,,,,,100.0,100.0,9044.2
3193.52,100.0,21844.6,,,,,100.0,100.0,9054.9
3194.52,100.0,21944.6,,,,,100.0,100.0,9057.5
3195.52,0.0,21944.6,,,,,0.0,0.0,9057.5
3196.52,100.0,21903.3,,,,,100.0,100.0,9058.8
3197.52,100.0,21861.7,,,,,100.0,100.0,9059.0
3198.52,100.0,21820.0,,,,,100.0,100.0,9059.0
3199.52,0.0,21820.0,,,,,0.0,0.0,9059.0
3200.52,100.0,21719.9,,,,,100.0,100.0,9053.2
3201.52,0.0,21761.5,,,,,0.0,0.0,9039.2
3202.52,100.0,21782.3,,,,,100.0,100.0,9051.9
3203.52,100.0,21803.0,,,,,100.0,100.0,9038.8
3204.52,100.0,21823.8,,,,,100.0,100.0,9049.9
3205.52,0.0,21878.6,,,,,0.0,0.0,9055.2
3206.52,100.0,21944.6,,,,,100.0,100.0,9057.8
3207.52,100.0,21903.3,,,,,100.0,100.0,9059.1
3208.52,100.0,21861.7,,,,,100.0,100.0,9059.2
3209.52,0.0,21861.7,,,,,0.0,0.0,9059.2
3210.52,100.0,21820.0,,,,,100.0,100.0,9059.2
3211.52,100.0,21719.8,,,,,100.0,100.0,9059.4
3212.52,0.0,21761.5,,,,,0.0,0.0,9031.9
3213.52,100.0,21761.5,,,,,100.0,100.0,9038.6
3214.52,100.0,21761.5,,,,,100.0,100.0,9048.0
3215.52,0.0,21844.6,,,,,0.0,0.0,9037.7
3216.52,100.0,21844.6,,,,,100.0,100.0,9043.7
3217.52,100.0,21944.6,,,,,100.0,100.0,9058.0
3218.52,100.0,21903.1,,,,,100.0,100.0,9059.2
3219.52,0.0,21903.3,,,,,0.0,0.0,9059.3
3220.52,100.0,21861.7,,,,,100.0,100.0,9059.5
3221.52,100.0,21820.0,,,,,100.0,100.0,9059.5
3222.53,100.0,21719.8,,,,,100.0,100.0,9059.5
3223.53,0.01,21719.9,,,,,0.01,0.01,9039.1
3224.53,100.0,21740.7,,,,,100.0,100.0,9053.6
3225.53,0.0,21803.0,,,,,0.0,0.0,9054.8
3226.53,100.0,21803.0,,,,,100.0,100.0,9048.8
3227.53,100.0,21844.6,,,,,100.0,100.0,9055.7
3228.53,100.0,21844.6,,,,,100.0,100.0,9056.3
3229.53,0.0,21944.6,,,,,0.0,0.0,9058.2
3230.53,100.0,21903.3,,,,,100.0,100.0,9059.4
3231.53,100.0,21861.7,,,,,100.0,100.0,9059.6
3232.53,0.0,21861.7,,,,,0.0,0.0,9059.6
3233.53,100.0,21820.0,,,,,100.0,100.0,9059.6
3234.53,100.0,21719.9,,,,,100.0,100.0,9053.8
3235.53,0.0,21761.5,,,,,0.0,0.0,9039.7
3236.53,100.0,21782.3,,,,,100.0,100.0,9049.5
3237.53,100.0,21803.0,,,,,100.0,100.0,9037.8
3238.53,0.0,21844.6,,,,,0.0,0.0,9044.8
3239.53,100.0,21878.6,,,,,100.0,100.0,9055.6
3240.53,100.0,21944.6,,,,,100.0,100.0,9058.4
3241.53,100.0,21903.3,,,,,100.0,100.0,9059.6
3242.53,0.0,21903.3,,,,,0.0,0.0,9059.6
3243.53,100.0,21861.7,,,,,100.0,100.0,9059.8
3244.53,100.0,21820.0,,,,,100.0,100.0,9059.8
3245.53,100.0,21719.8,,,,,100.0,100.0,9060.1
3246.53,0.0,21740.7,,,,,0.0,0.0,9052.2
3247.53,100.0,21761.5,,,,,100.0,100.0,9046.9
3248.53,0.0,21803.0,,,,,0.0,0.0,9046.6
3249.53,100.0,21844.6,,,,,100.0,100.0,9043.5
3250.53,100.0,21844.6,,,,,100.0,100.0,9042.1
3251.53,100.0,21944.6,,,,,100.0,100.0,9058.6
3252.53,0.0,21944.6,,,,,0.0,0.0,9058.6
3253.53,100.0,21903.3,,,,,100.0,100.0,9059.9
3254.53,100.0,21861.7,,,,,100.0,100.0,9060.1
3255.53,100.0,21820.0,,,,,100.0,100.0,9060.1
3256.53,0.0,21820.0,,,,,0.0,0.0,9060.1
3257.53,100.0,21719.9,,,,,100.0,100.0,9054.5
3258.53,0.0,21782.3,,,,,0.0,0.0,9050.1
3259.53,100.0,21803.0,,,,,100.0,100.0,9055.6
3260.53,100.0,21803.0,,,,,100.0,100.0,9045.9
3261.53,100.0,21844.6,,,,,100.0,100.0,9047.8
3262.53,0.0,21878.6,,,,,0.0,0.0,9056.3
3263.53,100.0,21944.6,,,,,100.0,100.0,9058.9
3264.53,100.0,21903.3,,,,,100.0,100.0,9060.1
3265.53,100.0,21861.7,,,,,100.0,100.0,9060.3
3266.53,0.0,21861.7,,,,,0.0,0.0,9060.3
3267.53,100.0,21820.0,,,,,100.0,100.0,9060.3
3268.53,100.0,21685.8,,,,,100.0,100.0,9052.9
3269.53,0.0,21761.5,,,,,0.0,0.0,9039.2
3270.53,100.0,21761.5,,,,,100.0,100.0,9048.3
3271.53,100.0,21803.0,,,,,100.0,100.0,9055.7
3272.53,0.0,21844.6,,,,,0.0,0.0,9044.5
3273.53,100.0,21878.6,,,,,100.0,100.0,9056.2
3274.53,100.0,21944.6,,,,,100.0,100.0,9059.0
3275.53,100.0,21903.3,,,,,100.0,100.0,9060.3
3276.53,0.0,21903.3,,,,,0.0,0.0,9060.3
3277.53,100.0,21861.7,,,,,100.0,100.0,9060.5
3278.53,100.0,21820.0,,,,,100.0,100.0,9060.5
3279.53,100.0,21719.8,,,,,100.0,100.0,9060.8
3280.53,0.0,21740.7,,,,,0.0,0.0,9050.3
3281.53,100.0,21761.5,,,,,100.0,100.0,9047.8
3282.53,0.0,21823.8,,,,,0.0,0.0,9056.3
3283.53,100.0,21823.8,,,,,100.0,100.0,9048.5
3284.53,100.0,21861.6,,,,,100.0,100.0,9056.5
3285.54,100.0,21944.6,,,,,100.0,100.0,9059.2
3286.54,0.0,21944.6,,,,,0.0,0.0,9059.2
3287.54,100.0,21903.3,,,,,100.0,100.0,9060.6
3288.54,100.0,21861.7,,,,,100.0,100.0,9060.8
3289.54,100.0,21820.0,,,,,100.0,100.0,9060.8
3290.54,0.0,21820.0,,,,,0.0,0.0,9060.8
3291.54,100.0,21719.9,,,,,100.0,100.0,9055.1
3292.54,0.0,21761.5,,,,,0.0,0.0,9051.2
3293.54,100.0,21803.0,,,,,100.0,100.0,9056.2
3294.54,100.0,21803.0,,,,,100.0,100.0,9045.8
3295.54,100.0,21844.6,,,,,100.0,100.0,9056.9
3296.54,0.0,21878.6,,,,,0.0,0.0,9056.8
3297.54,100.0,21944.6,,,,,100.0,100.0,9059.4
3298.54,100.0,21903.3,,,,,100.0,100.0,9060.8
3299.54,100.0,21861.7,,,,,100.0,100.0,9061.0
3300.54,0.0,21861.7,,,,,0.0,0.0,9061.0
3301.54,100.0,21820.0,,,,,100.0,100.0,9061.0
3302.54,100.0,21719.8,,,,,100.0,100.0,9050.2
3303.54,0.0,21761.5,,,,,0.0,0.0,9038.8
3304.54,100.0,21782.3,,,,,100.0,100.0,9048.9
3305.54,100.0,21803.0,,,,,100.0,100.0,9056.8
3306.54,0.0,21844.6,,,,,0.0,0.0,9048.7
3307.54,100.0,21861.6,,,,,100.0,100.0,9054.7
3308.54,100.0,21944.6,,,,,100.0,100.0,9059.6
3309.54,100.0,21903.3,,,,,100.0,100.0,9060.9
3310.54,0.0,21903.3,,,,,0.0,0.0,9060.9
3311.54,100.0,21861.7,,,,,100.0,100.0,9061.0
3312.54,100.0,21820.0,,,,,100.0,100.0,9061.1
3313.54,100.0,21719.8,,,,,100.0,100.0,9061.3
3314.54,0.0,21719.9,,,,,0.0,0.0,9050.9
3315.54,100.0,21761.5,,,,,100.0,100.0,9038.0
3316.54,0.0,21803.0,,,,,0.0,0.0,9043.9
3317.54,100.0,21844.6,,,,,100.0,100.0,9047.0
3318.54,100.0,21844.6,,,,,100.0,100.0,9041.7
3319.54,100.0,21944.6,,,,,100.0,100.0,9060.0
3320.54,0.0,21944.6,,,,,0.0,0.0,9060.0
3321.54,100.0,21903.3,,,,,100.0,100.0,9061.3
3322.54,100.0,21861.7,,,,,100.0,100.0,9061.5
3323.54,100.0,21820.0,,,,,100.0,100.0,9061.5
3324.54,0.0,21820.0,,,,,0.0,0.0,9061.5
3325.54,100.0,21719.9,,,,,100.0,100.0,9056.0
3326.54,0.0,21761.5,,,,,0.0,0.0,9050.2
3327.54,100.0,21803.0,,,,,100.0,100.0,9056.8
3328.54,100.0,21803.0,,,,,100.0,100.0,9044.9
3329.54,100.0,21844.6,,,,,100.0,100.0,9057.5
3330.54,0.0,21878.6,,,,,0.0,0.0,9057.4
3331.54,100.0,21944.6,,,,,100.0,100.0,9059.9
3332.54,100.0,21903.3,,,,,100.0,100.0,9061.4
3333.54,100.0,21861.7,,,,,100.0,100.0,9061.6
3334.54,0.0,21861.7,,,,,0.0,0.0,9061.6
3335.54,100.0,21820.0,,,,,100.0,100.0,9061.6
3336.54,100.0,21719.8,,,,,100.0,100.0,9050.2
3337.54,0.0,21761.5,,,,,0.0,0.0,9040.6
3338.54,100.0,21761.5,,,,,100.0,100.0,9046.1
3339.54,100.0,21803.0,,,,,100.0,100.0,9057.0
3340.54,0.0,21844.6,,,,,0.0,0.0,9045.5
3341.54,100.0,21878.6,,,,,100.0,100.0,9057.7
3342.54,100.0,21944.6,,,,,100.0,100.0,9060.3
3343.54,100.0,21903.3,,,,,100.0,100.0,9061.7
3344.54,0.0,21903.3,,,,,0.0,0.0,9061.7
3345.54,100.0,21861.7,,,,,100.0,100.0,9061.9
3346.54,100.0,21820.0,,,,,100.0,100.0,9061.9
3347.54,100.0,21719.8,,,,,100.0,100.0,9038.1
3348.54,0.0,21719.9,,,,,0.0,0.0,9050.7
3349.54,100.0,21761.5,,,,,100.0,100.0,9039.8
3350.54,0.0,21803.0,,,,,0.0,0.0,9045.9
3351.55,100.0,21844.6,,,,,100.0,100.0,9057.9
3352.55,100.0,21844.6,,,,,100.0,100.0,9043.3
3353.55,100.0,21944.6,,,,,100.0,100.0,9060.5
3354.55,0.0,21944.6,,,,,0.0,0.0,9060.5
3355.55,100.0,21903.3,,,,,100.0,100.0,9061.9
3356.55,100.0,21861.7,,,,,100.0,100.0,9062.1
3357.55,100.0,21820.0,,,,,100.0,100.0,9062.1
3358.55,0.0,21820.0,,,,,0.0,0.0,9062.1
3359.55,100.0,21719.9,,,,,100.0,100.0,9056.7
3360.55,0.0,21761.5,,,,,0.0,0.0,9049.6
3361.55,100.0,21803.0,,,,,100.0,100.0,9048.0
3362.55,100.0,21803.0,,,,,100.0,100.0,9044.5
3363.55,100.0,21841.8,,,,,100.0,100.0,9047.8
3364.55,0.0,21878.6,,,,,0.0,0.0,9058.3
3365.55,100.0,21944.6,,,,,100.0,100.0,9060.9
3366.55,100.0,21903.3,,,,,100.0,100.0,9062.4
3367.55,100.0,21861.7,,,,,100.0,100.0,9062.6
3368.55,0.0,21861.7,,,,,0.0,0.0,9062.6
3369.55,100.0,21820.0,,,,,100.0,100.0,9062.6
3370.55,100.0,21719.8,,,,,100.0,100.0,9050.3
3371.55,0.0,21761.5,,,,,0.0,0.0,9057.4
3372.55,100.0,21761.5,,,,,100.0,100.0,9048.7
3373.55,100.0,21803.0,,,,,100.0,100.0,9058.4
3374.55,0.0,21844.6,,,,,0.0,0.0,9047.4
3375.55,100.0,21861.6,,,,,100.0,100.0,9052.9
3376.55,100.0,21944.6,,,,,100.0,100.0,9059.6
3377.55,100.0,21903.3,,,,,100.0,100.0,9060.9
3378.55,0.0,21903.3,,,,,0.0,0.0,9060.9
3379.55,100.0,21861.7,,,,,100.0,100.0,9061.1
3380.55,100.0,21820.0,,,,,100.0,100.0,9061.1
3381.55,100.0,21719.8,,,,,100.0,100.0,9038.5
3382.55,0.0,21719.9,,,,,0.0,0.0,9049.0
3383.55,100.0,21761.5,,,,,100.0,100.0,9039.8
3384.55,0.0,21803.0,,,,,0.0,0.0,9046.9
3385.55,100.0,21844.6,,,,,100.0,100.0,9056.8
3386.55,100.0,21844.6,,,,,100.0,100.0,9047.0
3387.55,100.0,21944.6,,,,,100.0,100.0,9059.5
3388.55,0.0,21944.6,,,,,0.0,0.0,9059.5
3389.55,100.0,21903.3,,,,,100.0,100.0,9060.7
3390.55,100.0,21861.7,,,,,100.0,100.0,9060.8
3391.55,100.0,21820.0,,,,,100.0,100.0,9060.9
3392.55,0.0,21820.0,,,,,0.0,0.0,9060.9
3393.55,100.0,21719.9,,,,,100.0,100.0,9055.3
3394.55,0.0,21761.5,,,,,0.0,0.0,9048.2
3395.55,100.0,21803.0,,,,,100.0,100.0,9041.4
3396.55,100.0,21803.0,,,,,100.0,100.0,9045.8
3397.55,100.0,21844.6,,,,,100.0,100.0,9048.3
3398.55,0.0,21878.6,,,,,0.0,0.0,9057.2
3399.55,100.0,21944.6,,,,,100.0,100.0,9059.8
3400.55,100.0,21903.3,,,,,100.0,100.0,9061.2
3401.55,100.0,21861.7,,,,,100.0,100.0,9061.4
3402.55,0.0,21861.7,,,,,0.0,0.0,9061.4
3403.55,100.0,21820.0,,,,,100.0,100.0,9061.4
3404.55,100.0,21719.8,,,,,100.0,100.0,9047.8
3405.55,0.0,21761.5,,,,,0.0,0.0,9055.9
3406.55,100.0,21761.5,,,,,100.0,100.0,9047.4
3407.55,100.0,21803.0,,,,,100.0,100.0,9056.7
3408.55,0.0,21844.6,,,,,0.0,0.0,9046.1
3409.55,100.0,21878.6,,,,,100.0,100.0,9057.2
3410.55,100.0,21944.6,,,,,100.0,100.0,9059.9
3411.55,100.0,21903.3,,,,,100.0,100.0,9061.3
3412.55,0.0,21903.3,,,,,0.0,0.0,9061.3
3413.55,100.0,21861.7,,,,,100.0,100.0,9061.5
3414.55,100.0,21820.0,,,,,100.0,100.0,9061.5
3415.55,100.0,21719.8,,,,,100.0,100.0,9037.8
3416.56,0.0,21719.9,,,,,0.0,0.0,9047.1
3417.56,100.0,21761.5,,,,,100.0,100.0,9038.4
3418.56,0.0,21803.0,,,,,0.0,0.0,9045.6
3419.56,100.0,21844.6,,,,,100.0,100.0,9057.6
3420.56,100.0,21844.6,,,,,100.0,100.0,9045.8
3421.56,100.0,21944.6,,,,,100.0,100.0,9060.1
3422.56,0.0,21944.6,,,,,0.0,0.0,9060.1
3423.56,100.0,21903.3,,,,,100.0,100.0,9061.6
3424.56,100.0,21861.7,,,,,100.0,100.0,9061.7
3425.56,100.0,21820.0,,,,,100.0,100.0,9061.8
3426.56,0.0,21820.0,,,,,0.0,0.0,9061.8
3427.56,100.0,21719.9,,,,,100.0,100.0,9047.8
3428.56,0.0,21761.5,,,,,0.0,0.0,9045.5
3429.56,100.0,21803.0,,,,,100.0,100.0,9038.6
3430.56,100.0,21803.0,,,,,100.0,100.0,9044.9
3431.56,100.0,21844.6,,,,,100.0,100.0,9057.9
3432.56,0.0,21878.6,,,,,0.0,0.0,9057.9
3433.56,100.0,21944.6,,,,,100.0,100.0,9060.5
3434.56,100.0,21903.3,,,,,100.0,100.0,9062.0
3435.56,100.0,21861.7,,,,,100.0,100.0,9062.2
3436.56,0.0,21861.7,,,,,0.0,0.0,9062.2
3437.56,100.0,21820.0,,,,,100.0,100.0,9062.2
3438.56,100.0,21719.8,,,,,100.0,100.0,9048.2
3439.56,0.0,21761.5,,,,,0.0,0.0,9056.8
3440.56,100.0,21761.5,,,,,100.0,100.0,9048.4
3441.56,100.0,21803.0,,,,,100.0,100.0,9057.6
3442.56,0.0,21844.6,,,,,0.0,0.0,9046.6
3443.56,100.0,21878.6,,,,,100.0,100.0,9058.0
3444.56,100.0,21944.6,,,,,100.0,100.0,9060.8
3445.56,100.0,21903.3,,,,,100.0,100.0,9062.3
3446.56,0.0,21903.3,,,,,0.0,0.0,9062.3
3447.56,100.0,21861.7,,,,,100.0,100.0,9062.4
3448.56,100.0,21820.0,,,,,100.0,100.0,9062.4
3449.56,100.0,21719.8,,,,,100.0,100.0,9039.3
3450.56,0.0,21719.9,,,,,0.0,0.0,9048.8
3451.56,100.0,21761.5,,,,,100.0,100.0,9057.5
3452.56,0.0,21803.0,,,,,0.0,0.0,9047.2
3453.56,100.0,21844.6,,,,,100.0,100.0,9058.6
3454.56,100.0,21844.6,,,,,100.0,100.0,9047.2
3455.56,100.0,21944.6,,,,,100.0,100.0,9061.1
3456.56,0.0,21944.6,,,,,0.0,0.0,9061.1
3457.56,100.0,21903.3,,,,,100.0,100.0,9062.5
3458.56,100.0,21861.7,,,,,100.0,100.0,9062.7
3459.56,100.0,21820.0,,,,,100.0,100.0,9062.7
3460.56,0.0,21820.0,,,,,0.0,0.0,9062.7
3461.56,100.0,21719.9,,,,,100.0,100.0,9040.7
3462.56,0.0,21761.5,,,,,0.0,0.0,9049.8
3463.56,100.0,21803.0,,,,,100.0,100.0,9042.2
3464.56,100.0,21803.0,,,,,100.0,100.0,9047.4
3465.56,100.0,21844.6,,,,,100.0,100.0,9058.9
3466.56,0.0,21878.6,,,,,0.0,0.0,9058.9
3467.56,100.0,21944.6,,,,,100.0,100.0,9061.5
3468.56,100.0,21903.3,,,,,100.0,100.0,9062.8
3469.56,100.0,21861.7,,,,,100.0,100.0,9063.0
3470.56,0.0,21861.7,,,,,0.0,0.0,9063.0
3471.56,100.0,21820.0,,,,,100.0,100.0,9063.0
3472.56,100.0,21719.8,,,,,100.0,100.0,9048.8
3473.56,0.0,21761.5,,,,,0.0,0.0,9057.7
3474.56,100.0,21761.5,,,,,100.0,100.0,9048.6
3475.56,100.0,21803.0,,,,,100.0,100.0,9049.6
3476.56,0.0,21844.6,,,,,0.0,0.0,9054.0
3477.56,100.0,21861.6,,,,,100.0,100.0,9057.5
3478.56,100.0,21944.6,,,,,100.0,100.0,9061.7
3479.57,100.0,21903.3,,,,,100.0,100.0,9063.1
3480.57,0.0,21903.3,,,,,0.0,0.0,9063.1
3481.57,100.0,21861.7,,,,,100.0,100.0,9063.3
3482.57,100.0,21820.0,,,,,100.0,100.0,9063.3
3483.57,100.0,21719.8,,,,,100.0,100.0,9039.4
3484.57,0.0,21719.9,,,,,0.0,0.0,9049.4
3485.57,100.0,21761.5,,,,,100.0,100.0,9058.0
3486.57,0.0,21803.0,,,,,0.0,0.0,9047.8
3487.57,100.0,21844.6,,,,,100.0,100.0,9059.5
3488.57,100.0,21844.6,,,,,100.0,100.0,9046.4
3489.57,100.0,21944.6,,,,,100.0,100.0,9061.9
3490.57,0.0,21944.6,,,,,0.0,0.0,9061.9
3491.57,100.0,21903.3,,,,,100.0,100.0,9063.3
3492.57,100.0,21861.7,,,,,100.0,100.0,9063.5
3493.57,100.0,21820.0,,,,,100.0,100.0,9063.5
3494.57,0.0,21820.0,,,,,0.0,0.0,9063.5
3495.57,100.0,21719.9,,,,,100.0,100.0,9040.9
3496.57,0.0,21761.5,,,,,0.0,0.0,9047.0
3497.57,100.0,21803.0,,,,,100.0,100.0,9039.4
3498.57,100.0,21803.0,,,,,100.0,100.0,9044.9
3499.57,100.0,21823.8,,,,,100.0,100.0,9058.0
3500.57,0.0,21878.6,,,,,0.0,0.0,9059.6
3501.57,100.0,21944.6,,,,,100.0,100.0,9062.2
3502.57,100.0,21903.3,,,,,100.0,100.0,9063.5
3503.57,100.0,21861.7,,,,,100.0,100.0,9063.7
3504.57,0.0,21861.7,,,,,0.0,0.0,9063.7
3505.57,100.0,21820.0,,,,,100.0,100.0,9063.7
3506.57,100.0,21719.8,,,,,100.0,100.0,9049.5
3507.57,0.0,21761.5,,,,,0.0,0.0,9058.4
3508.57,100.0,21761.5,,,,,100.0,100.0,9048.1
3509.57,100.0,21803.0,,,,,100.0,100.0,9050.0
3510.57,0.0,21844.6,,,,,0.0,0.0,9055.3
3511.57,100.0,21861.6,,,,,100.0,100.0,9057.6
3512.57,100.0,21944.6,,,,,100.0,100.0,9062.6
3513.57,100.0,21903.3,,,,,100.0,100.0,9063.9
3514.57,0.0,21903.3,,,,,0.0,0.0,9063.9
3515.57,100.0,21861.7,,,,,100.0,100.0,9064.1
3516.57,100.0,21820.0,,,,,100.0,100.0,9064.1
3517.57,100.0,21719.8,,,,,100.0,100.0,9064.3
3518.57,0.0,21719.9,,,,,0.0,0.0,9049.5
3519.57,100.0,21761.5,,,,,100.0,100.0,9058.6
3520.57,0.0,21803.0,,,,,0.0,0.0,9048.3
3521.57,100.0,21844.6,,,,,100.0,100.0,9060.1
3522.57,100.0,21844.6,,,,,100.0,100.0,9046.6
3523.57,100.0,21944.6,,,,,100.0,100.0,9062.6
3524.57,0.0,21944.6,,,,,0.0,0.0,9062.6
3525.57,100.0,21903.3,,,,,100.0,100.0,9064.0
3526.57,100.0,21861.7,,,,,100.0,100.0,9064.2
3527.57,100.0,21820.0,,,,,100.0,100.0,9064.2
3528.57,0.0,21820.0,,,,,0.0,0.0,9064.2
3529.57,100.0,21719.9,,,,,100.0,100.0,9040.1
3530.57,0.0,21761.5,,,,,0.0,0.0,9049.0
3531.57,100.0,21803.0,,,,,100.0,100.0,9059.8
3532.57,100.0,21803.0,,,,,100.0,100.0,9047.4
3533.57,100.0,21844.6,,,,,100.0,100.0,9060.6
3534.57,0.0,21878.6,,,,,0.0,0.0,9060.5
3535.57,100.0,21944.6,,,,,100.0,100.0,9063.0
3536.57,100.0,21903.3,,,,,100.0,100.0,9064.3
3537.57,100.0,21861.7,,,,,100.0,100.0,9064.5
3538.57,0.0,21861.7,,,,,0.0,0.0,9064.5
3539.57,100.0,21820.0,,,,,100.0,100.0,9064.5
3540.57,100.0,21719.8,,,,,100.0,100.0,9049.0
3541.57,0.0,21761.5,,,,,0.0,0.0,9050.2
3542.57,100.0,21761.5,,,,,100.0,100.0,9047.6
3543.57,100.0,21803.0,,,,,100.0,100.0,9050.0
3544.58,0.0,21844.6,,,,,0.0,0.0,9053.6
3545.58,100.0,21861.6,,,,,100.0,100.0,9056.0
3546.58,100.0,21944.6,,,,,100.0,100.0,9063.3
3547.58,100.0,21903.3,,,,,100.0,100.0,9064.6
3548.58,0.0,21903.3,,,,,0.0,0.0,9064.6
3549.58,100.0,21861.7,,,,,100.0,100.0,9064.8
3550.58,100.0,21820.0,,,,,100.0,100.0,9064.8
3551.58,100.0,21719.8,,,,,100.0,100.0,9065.0
3552.58,0.0,21719.9,,,,,0.0,0.0,9049.5
3553.58,100.0,21761.5,,,,,100.0,100.0,9060.1
3554.58,0.0,21803.0,,,,,0.0,0.0,9051.7
3555.58,100.0,21844.6,,,,,100.0,100.0,9053.5
3556.58,100.0,21844.6,,,,,100.0,100.0,9054.9
3557.58,100.0,21944.6,,,,,100.0,100.0,9063.5
3558.58,0.0,21944.6,,,,,0.0,0.0,9063.5
3559.58,100.0,21903.3,,,,,100.0,100.0,9064.8
3560.58,100.0,21861.7,,,,,100.0,100.0,9065.0
3561.58,100.0,21820.0,,,,,100.0,100.0,9065.0
3562.58,0.0,21820.0,,,,,0.0,0.0,9065.0
3563.58,100.0,21719.9,,,,,100.0,100.0,9041.2
3564.58,0.0,21761.5,,,,,0.0,0.0,9049.4
3565.58,100.0,21803.0,,,,,100.0,100.0,9060.3
3566.58,100.0,21803.0,,,,,100.0,100.0,9051.4
3567.58,100.0,21823.8,,,,,100.0,100.0,9052.4
3568.58,0.0,21878.6,,,,,0.0,0.0,9061.0
3569.58,100.0,21944.6,,,,,100.0,100.0,9063.6
3570.58,100.0,21903.3,,,,,100.0,100.0,9064.9
3571.58,100.0,21861.7,,,,,100.0,100.0,9065.1
3572.58,0.0,21861.7,,,,,0.0,0.0,9065.1
3573.58,100.0,21820.0,,,,,100.0,100.0,9065.1
3574.58,100.0,21719.8,,,,,100.0,100.0,9049.2
3575.58,0.0,21761.5,,,,,0.0,0.0,9050.5
3576.58,100.0,21761.5,,,,,100.0,100.0,9054.6
3577.58,100.0,21803.0,,,,,100.0,100.0,9051.3
3578.58,0.0,21844.6,,,,,0.0,0.0,9048.5
3579.58,100.0,21861.6,,,,,100.0,100.0,9059.3
3580.58,100.0,21944.6,,,,,100.0,100.0,9064.1
3581.58,100.0,21903.3,,,,,100.0,100.0,9065.4
3582.58,0.0,21903.3,,,,,0.0,0.0,9065.4
3583.58,100.0,21861.7,,,,,100.0,100.0,9065.6
3584.58,100.0,21820.0,,,,,100.0,100.0,9065.6
3585.58,100.0,21719.8,,,,,100.0,100.0,9065.8
3586.58,0.0,21719.9,,,,,0.0,0.0,9049.3
3587.58,100.0,21761.5,,,,,100.0,100.0,9060.8
3588.58,0.0,21803.0,,,,,0.0,0.0,9048.7
3589.58,100.0,21823.8,,,,,100.0,100.0,9057.3
3590.58,100.0,21844.6,,,,,100.0,100.0,9062.0
3591.58,100.0,21944.6,,,,,100.0,100.0,9064.3
3592.58,0.0,21944.6,,,,,0.0,0.0,9064.3
3593.58,100.0,21903.3,,,,,100.0,100.0,9065.7
3594.58,100.0,21861.7,,,,,100.0,100.0,9065.9
3595.58,100.0,21820.0,,,,,100.0,100.0,9065.9
3596.58,0.0,21820.0,,,,,0.0,0.0,9065.9
3597.58,100.0,21719.9,,,,,100.0,100.0,9060.1
3598.58,0.0,21761.5,,,,,0.0,0.0,9049.2
3599.58,100.0,21803.0,,,,,100.0,100.0,9061.2
3600.58,100.0,21803.0,,,,,100.0,100.0,9049.1
3601.58,100.0,21823.8,,,,,100.0,100.0,9059.9
3602.58,0.0,21878.6,,,,,0.0,0.0,9061.9
3603.58,100.0,21944.6,,,,,100.0,100.0,9064.5
3604.58,100.0,21903.3,,,,,100.0,100.0,9065.8
3605.58,100.0,21861.7,,,,,100.0,100.0,9066.0
3606.58,0.0,21861.7,,,,,0.0,0.0,9066.0
3607.58,100.0,21820.0,,,,,100.0,100.0,9066.0
3608.59,100.0,21719.8,,,,,100.0,100.0,9048.7
3609.59,0.0,21761.5,,,,,0.0,0.0,9041.3
3610.59,100.0,21761.5,,,,,100.0,100.0,9047.3
3611.59,100.0,21782.3,,,,,100.0,100.0,9059.2
3612.59,0.0,21844.6,,,,,0.0,0.0,9056.0
3613.59,100.0,21861.6,,,,,100.0,100.0,9056.8
3614.59,100.0,21944.6,,,,,100.0,100.0,9064.8
3615.59,100.0,21903.3,,,,,100.0,100.0,9066.2
3616.59,0.0,21903.3,,,,,0.0,0.0,9066.2
3617.59,100.0,21861.7,,,,,100.0,100.0,9066.4
3618.59,100.0,21820.0,,,,,100.0,100.0,9066.4
3619.59,100.0,21719.8,,,,,100.0,100.0,9066.4
3620.59,0.0,21719.9,,,,,0.0,0.0,9048.6
3621.59,100.0,21761.5,,,,,100.0,100.0,9060.9
3622.59,0.0,21803.0,,,,,0.0,0.0,9048.5
3623.59,100.0,21803.0,,,,,100.0,100.0,9057.0
3624.59,100.0,21844.6,,,,,100.0,100.0,9062.7
3625.59,100.0,21944.6,,,,,100.0,100.0,9065.0
3626.59,0.0,21944.6,,,,,0.0,0.0,9065.0
3627.59,100.0,21903.3,,,,,100.0,100.0,9066.3
3628.59,100.0,21861.7,,,,,100.0,100.0,9066.5
3629.59,100.0,21820.0,,,,,100.0,100.0,9066.5
3630.59,0.0,21820.0,,,,,0.0,0.0,9066.5
3631.59,100.0,21719.9,,,,,100.0,100.0,9060.9
3632.59,0.0,21761.5,,,,,0.0,0.0,9048.0
3633.59,100.0,21782.3,,,,,100.0,100.0,9059.1
3634.59,100.0,21803.0,,,,,100.0,100.0,9046.9
3635.59,100.0,21823.8,,,,,100.0,100.0,9056.9
3636.59,0.0,21878.6,,,,,0.0,0.0,9062.7
3637.59,100.0,21944.6,,,,,100.0,100.0,9065.3
3638.59,100.0,21903.3,,,,,100.0,100.0,9066.6
3639.59,100.0,21861.7,,,,,100.0,100.0,9066.8
3640.59,0.0,21861.7,,,,,0.0,0.0,9066.8
3641.59,100.0,21820.0,,,,,100.0,100.0,9066.8
3642.59,100.0,21719.8,,,,,100.0,100.0,9067.0
3643.59,0.0,21761.5,,,,,0.0,0.0,9051.3
3644.59,100.0,21761.5,,,,,100.0,100.0,9054.8
3645.59,100.0,21782.3,,,,,100.0,100.0,9059.6
3646.59,0.0,21844.6,,,,,0.0,0.0,9048.7
3647.59,100.0,21844.6,,,,,100.0,100.0,9056.6
3648.59,100.0,21944.6,,,,,100.0,100.0,9065.5
3649.59,100.0,21903.3,,,,,100.0,100.0,9066.9
3650.59,0.0,21903.3,,,,,0.0,0.0,9066.9
3651.59,100.0,21861.7,,,,,100.0,100.0,9067.0
3652.59,100.0,21820.0,,,,,100.0,100.0,9067.0
3653.59,100.0,21719.8,,,,,100.0,100.0,9067.2
3654.59,0.0,21719.9,,,,,0.0,0.0,9048.6
3655.59,100.0,21740.7,,,,,100.0,100.0,9061.0
3656.59,0.0,21803.0,,,,,0.0,0.0,9062.5
3657.59,100.0,21803.0,,,,,100.0,100.0,9054.6
3658.59,100.0,21844.6,,,,,100.0,100.0,9063.2
3659.59,100.0,21944.6,,,,,100.0,100.0,9065.7
3660.59,0.0,21944.6,,,,,0.0,0.0,9065.7
3661.59,100.0,21903.3,,,,,100.0,100.0,9067.1
3662.59,100.0,21861.7,,,,,100.0,100.0,9067.2
3663.59,100.0,21820.0,,,,,100.0,100.0,9067.2
3664.59,0.0,21820.0,,,,,0.0,0.0,9067.2
3665.59,100.0,21719.9,,,,,100.0,100.0,9061.5
3666.59,0.0,21761.5,,,,,0.0,0.0,9049.1
3667.59,100.0,21782.3,,,,,100.0,100.0,9059.8
3668.59,100.0,21803.0,,,,,100.0,100.0,9047.6
3669.59,100.0,21823.8,,,,,100.0,100.0,9058.1
3670.59,0.0,21878.6,,,,,0.0,0.0,9063.3
3671.59,100.0,21944.6,,,,,100.0,100.0,9065.9
3672.6,100.0,21903.3,,,,,100.0,100.0,9067.2
3673.6,100.0,21861.7,,,,,100.0,100.0,9067.4
3674.6,0.0,21861.7,,,,,0.0,0.0,9067.4
3675.6,100.0,21820.0,,,,,100.0,100.0,9067.4
3676.6,100.0,21719.8,,,,,100.0,100.0,9067.6
3677.6,0.0,21761.5,,,,,0.0,0.0,9052.0
3678.6,100.0,21761.5,,,,,100.0,100.0,9047.6
3679.6,100.0,21761.5,,,,,100.0,100.0,9058.1
3680.6,0.0,21844.6,,,,,0.0,0.0,9047.5
3681.6,100.0,21844.6,,,,,100.0,100.0,9054.2
3682.6,100.0,21944.6,,,,,100.0,100.0,9066.3
3683.6,100.0,21903.3,,,,,100.0,100.0,9067.6
3684.6,0.0,21903.3,,,,,0.0,0.0,9067.6
3685.6,100.0,21861.7,,,,,100.0,100.0,9067.8
3686.6,100.0,21820.0,,,,,100.0,100.0,9067.8
3687.6,100.0,21719.8,,,,,100.0,100.0,9067.9
3688.6,0.0,21719.9,,,,,0.0,0.0,9049.0
3689.6,100.0,21760.5,,,,,100.0,100.0,9062.2
3690.6,0.0,21803.0,,,,,0.0,0.0,9063.1
3691.6,100.0,21803.0,,,,,100.0,100.0,9056.1
3692.6,100.0,21844.6,,,,,100.0,100.0,9063.9
3693.6,100.0,21944.6,,,,,100.0,100.0,9066.4
3694.6,0.0,21944.6,,,,,0.0,0.0,9066.4
3695.6,100.0,21903.3,,,,,100.0,100.0,9067.8
3696.6,100.0,21861.7,,,,,100.0,100.0,9068.0
3697.6,100.0,21820.0,,,,,100.0,100.0,9068.0
3698.6,0.0,21820.0,,,,,0.0,0.0,9068.0
3699.6,100.0,21719.9,,,,,100.0,100.0,9062.3
3700.6,0.0,21761.5,,,,,0.0,0.0,9049.2
3701.6,100.0,21761.5,,,,,100.0,100.0,9059.0
3702.6,100.0,21803.0,,,,,100.0,100.0,9047.9
3703.6,100.0,21803.0,,,,,100.0,100.0,9055.5
3704.6,0.0,21878.6,,,,,0.0,0.0,9063.9
3705.6,100.0,21944.6,,,,,100.0,100.0,9066.7
3706.6,100.0,21903.3,,,,,100.0,100.0,9068.0
3707.6,100.0,21861.7,,,,,100.0,100.0,9068.2
3708.6,0.0,21861.7,,,,,0.0,0.0,9068.2
3709.6,100.0,21820.0,,,,,100.0,100.0,9068.2
3710.6,100.0,21719.8,,,,,100.0,100.0,9048.0
3711.6,0.0,21761.5,,,,,0.0,0.0,9062.6
3712.6,100.0,21761.5,,,,,100.0,100.0,9047.4
3713.6,100.0,21761.5,,,,,100.0,100.0,9055.1
3714.6,0.0,21844.6,,,,,0.0,0.0,9045.7
3715.6,100.0,21844.6,,,,,100.0,100.0,9051.6
3716.6,100.0,21944.6,,,,,100.0,100.0,9066.9
3717.6,100.0,21903.3,,,,,100.0,100.0,9068.2
3718.6,0.0,21903.3,,,,,0.0,0.0,9068.2
3719.6,100.0,21861.7,,,,,100.0,100.0,9068.4
3720.6,100.0,21820.0,,,,,100.0,100.0,9068.4
3721.6,100.0,21719.8,,,,,100.0,100.0,9068.4
3722.6,0.0,21719.9,,,,,0.0,0.0,9062.9
3723.6,100.0,21761.5,,,,,100.0,100.0,9063.3
3724.6,0.0,21803.0,,,,,0.0,0.0,9064.0
3725.6,100.0,21803.0,,,,,100.0,100.0,9056.5
3726.6,100.0,21844.6,,,,,100.0,100.0,9064.8
3727.6,100.0,21944.6,,,,,100.0,100.0,9067.2
3728.6,0.0,21944.6,,,,,0.0,0.0,9067.2
3729.6,100.0,21903.3,,,,,100.0,100.0,9068.5
3730.6,100.0,21861.7,,,,,100.0,100.0,9068.7
3731.6,100.0,21820.0,,,,,100.0,100.0,9068.7
3732.6,0.0,21820.0,,,,,0.0,0.0,9068.7
3733.6,100.0,21719.9,,,,,100.0,100.0,9063.0
3734.6,0.0,21761.5,,,,,0.0,0.0,9050.0
3735.6,100.0,21782.3,,,,,100.0,100.0,9061.5
3736.6,100.0,21803.0,,,,,100.0,100.0,9064.2
3737.6,100.0,21803.0,,,,,100.0,100.0,9056.3
3738.61,0.0,21878.6,,,,,0.0,0.0,9064.9
3739.61,100.0,21944.6,,,,,100.0,100.0,9067.5
3740.61,100.0,21903.3,,,,,100.0,100.0,9068.7
3741.61,100.0,21861.7,,,,,100.0,100.0,9068.9
3742.61,0.0,21861.7,,,,,0.0,0.0,9068.9
3743.61,100.0,21820.0,,,,,100.0,100.0,9068.9
3744.61,100.0,21719.8,,,,,100.0,100.0,9047.7
3745.61,0.0,21761.5,,,,,0.0,0.0,9063.2
3746.61,100.0,21761.5,,,,,100.0,100.0,9049.5
3747.61,100.0,21782.3,,,,,100.0,100.0,9062.2
3748.61,0.0,21844.6,,,,,0.0,0.0,9050.4
3749.61,100.0,21844.6,,,,,100.0,100.0,9054.0
3750.61,100.0,21944.6,,,,,100.0,100.0,9067.6
3751.61,100.0,21903.1,,,,,100.0,100.0,9068.9
3752.61,0.0,21903.3,,,,,0.0,0.0,9069.0
3753.61,100.0,21861.7,,,,,100.0,100.0,9069.2
3754.61,100.0,21820.0,,,,,100.0,100.0,9069.2
3755.61,100.0,21719.9,,,,,100.0,100.0,9069.2
3756.61,1.23,21719.9,,,,,1.23,1.23,9063.6
3757.61,100.0,21760.5,,,,,100.0,100.0,9064.0
3758.61,0.0,21803.0,,,,,0.0,0.0,9057.3
3759.61,100.0,21803.0,,,,,100.0,100.0,9059.2
3760.61,100.0,21844.6,,,,,100.0,100.0,9058.1
3761.61,0.0,21878.6,,,,,0.0,0.0,9065.3
3762.61,100.0,21944.6,,,,,100.0,100.0,9067.9
3763.61,100.0,21903.3,,,,,100.0,100.0,9069.2
3764.61,100.0,21861.7,,,,,100.0,100.0,9069.4
3765.61,0.0,21861.7,,,,,0.0,0.0,9069.4
3766.61,100.0,21820.0,,,,,100.0,100.0,9069.4
3767.61,100.0,21719.9,,,,,100.0,100.0,9063.5
3768.61,0.0,21761.5,,,,,0.0,0.0,9050.5
3769.61,100.0,21761.5,,,,,100.0,100.0,9058.0
3770.61,100.0,21803.0,,,,,100.0,100.0,9064.9
3771.61,100.0,21803.0,,,,,100.0,100.0,9055.7
3772.61,0.0,21878.6,,,,,0.0,0.0,9065.4
3773.61,100.0,21944.6,,,,,100.0,100.0,9068.0
3774.61,100.0,21903.3,,,,,100.0,100.0,9069.4
3775.61,0.0,21903.3,,,,,0.0,0.0,9069.4
3776.61,100.0,21861.7,,,,,100.0,100.0,9069.6
3777.61,100.0,21820.0,,,,,100.0,100.0,9069.6
3778.61,100.0,21719.8,,,,,100.0,100.0,9048.2
3779.61,0.0,21761.5,,,,,0.0,0.0,9063.8
3780.61,100.0,21761.5,,,,,100.0,100.0,9049.4
3781.61,0.0,21803.0,,,,,0.0,0.0,9059.0
3782.61,100.0,21844.6,,,,,100.0,100.0,9049.2
3783.61,100.0,21844.6,,,,,100.0,100.0,9055.7
3784.61,100.0,21944.6,,,,,100.0,100.0,9068.2
3785.61,0.0,21944.6,,,,,0.0,0.0,9068.2
3786.61,100.0,21903.3,,,,,100.0,100.0,9069.6
3787.61,100.0,21861.7,,,,,100.0,100.0,9069.8
3788.61,100.0,21820.0,,,,,100.0,100.0,9069.8
3789.61,0.0,21820.0,,,,,0.0,0.0,9069.8
3790.61,100.0,21719.9,,,,,100.0,100.0,9064.3
3791.61,0.0,21782.3,,,,,0.0,0.0,9060.8
3792.61,100.0,21803.0,,,,,100.0,100.0,9057.8
3793.61,100.0,21803.0,,,,,100.0,100.0,9057.5
3794.61,100.0,21844.6,,,,,100.0,100.0,9058.3
3795.61,0.0,21878.6,,,,,0.0,0.0,9066.0
3796.61,100.0,21944.6,,,,,100.0,100.0,9068.6
3797.61,100.0,21903.3,,,,,100.0,100.0,9069.9
3798.61,100.0,21861.7,,,,,100.0,100.0,9070.1
3799.61,0.0,21861.7,,,,,0.0,0.0,9070.1
3800.61,100.0,21820.0,,,,,100.0,100.0,9070.1
3801.61,100.0,21702.9,,,,,100.0,100.0,9063.5
3802.62,0.0,21761.5,,,,,0.0,0.0,9064.9
3803.62,100.0,21761.5,,,,,100.0,100.0,9059.8
3804.62,100.0,21803.0,,,,,100.0,100.0,9065.6
3805.62,0.0,21844.6,,,,,0.0,0.0,9059.7
3806.62,100.0,21878.6,,,,,100.0,100.0,9066.3
3807.62,100.0,21944.6,,,,,100.0,100.0,9068.9
3808.62,100.0,21903.3,,,,,100.0,100.0,9070.3
3809.62,0.0,21903.3,,,,,0.0,0.0,9070.3
3810.62,100.0,21861.7,,,,,100.0,100.0,9070.5
3811.62,100.0,21820.0,,,,,100.0,100.0,9070.5
3812.62,100.0,21719.8,,,,,100.0,100.0,9048.8
3813.62,0.0,21740.7,,,,,0.0,0.0,9061.9
3814.62,100.0,21761.5,,,,,100.0,100.0,9050.5
3815.62,0.0,21803.0,,,,,0.0,0.0,9059.1
3816.62,100.0,21844.6,,,,,100.0,100.0,9066.8
3817.62,100.0,21844.6,,,,,100.0,100.0,9055.1
3818.62,100.0,21944.6,,,,,100.0,100.0,9069.1
3819.62,0.0,21944.6,,,,,0.0,0.0,9069.1
3820.62,100.0,21903.3,,,,,100.0,100.0,9070.5
3821.62,100.0,21861.7,,,,,100.0,100.0,9070.7
3822.62,100.0,21820.0,,,,,100.0,100.0,9070.7
3823.62,0.0,21820.0,,,,,0.0,0.0,9070.7
3824.62,100.0,21719.9,,,,,100.0,100.0,9055.6
3825.62,0.0,21782.3,,,,,0.0,0.0,9061.4
3826.62,100.0,21803.0,,,,,100.0,100.0,9059.2
3827.62,100.0,21803.0,,,,,100.0,100.0,9058.2
3828.62,100.0,21844.6,,,,,100.0,100.0,9060.1
3829.62,0.0,21878.6,,,,,0.0,0.0,9066.8
3830.62,100.0,21944.6,,,,,100.0,100.0,9069.3
3831.62,100.0,21903.3,,,,,100.0,100.0,9070.7
3832.62,100.0,21861.7,,,,,100.0,100.0,9070.9
3833.62,0.0,21861.7,,,,,0.0,0.0,9070.9
3834.62,100.0,21820.0,,,,,100.0,100.0,9070.9
3835.62,100.0,21685.8,,,,,100.0,100.0,9062.3
3836.62,0.0,21761.5,,,,,0.0,0.0,9065.5
3837.62,100.0,21761.5,,,,,100.0,100.0,9060.2
3838.62,100.0,21803.0,,,,,100.0,100.0,9066.2
3839.62,0.0,21844.6,,,,,0.0,0.0,9056.5
3840.62,100.0,21878.6,,,,,100.0,100.0,9067.0
3841.62,100.0,21944.6,,,,,100.0,100.0,9069.7
3842.62,100.0,21903.3,,,,,100.0,100.0,9071.1
3843.62,0.0,21903.3,,,,,0.0,0.0,9071.1
3844.62,100.0,21861.7,,,,,100.0,100.0,9071.3
3845.62,100.0,21820.0,,,,,100.0,100.0,9071.3
3846.62,100.0,21719.8,,,,,100.0,100.0,9050.1
3847.62,0.0,21719.9,,,,,0.0,0.0,9062.5
3848.62,100.0,21761.5,,,,,100.0,100.0,9051.6
3849.62,0.0,21803.0,,,,,0.0,0.0,9060.5
3850.62,100.0,21844.6,,,,,100.0,100.0,9067.6
3851.62,100.0,21844.6,,,,,100.0,100.0,9056.6
3852.62,100.0,21944.6,,,,,100.0,100.0,9070.0
3853.62,0.0,21944.6,,,,,0.0,0.0,9070.0
3854.62,100.0,21903.3,,,,,100.0,100.0,9071.3
3855.62,100.0,21861.7,,,,,100.0,100.0,9071.5
3856.62,100.0,21820.0,,,,,100.0,100.0,9071.5
3857.62,0.0,21820.0,,,,,0.0,0.0,9071.5
3858.62,100.0,21719.9,,,,,100.0,100.0,9050.1
3859.62,0.0,21761.5,,,,,0.0,0.0,9062.9
3860.62,100.0,21803.0,,,,,100.0,100.0,9051.5
3861.62,100.0,21803.0,,,,,100.0,100.0,9056.0
3862.62,100.0,21844.6,,,,,100.0,100.0,9048.0
3863.62,0.0,21878.6,,,,,0.0,0.0,9067.7
3864.62,100.0,21944.6,,,,,100.0,100.0,9070.3
3865.62,100.0,21903.3,,,,,100.0,100.0,9071.6
3866.63,100.0,21861.7,,,,,100.0,100.0,9071.8
3867.63,0.0,21861.7,,,,,0.0,0.0,9071.8
3868.63,100.0,21820.0,,,,,100.0,100.0,9071.8
3869.63,100.0,21719.8,,,,,100.0,100.0,9061.1
3870.63,0.0,21761.5,,,,,0.0,0.0,9066.1
3871.63,100.0,21761.5,,,,,100.0,100.0,9058.7
3872.63,100.0,21803.0,,,,,100.0,100.0,9059.1
3873.63,0.0,21844.6,,,,,0.0,0.0,9057.0
3874.63,100.0,21861.6,,,,,100.0,100.0,9064.9
3875.63,100.0,21944.6,,,,,100.0,100.0,9070.4
3876.63,100.0,21903.3,,,,,100.0,100.0,9071.8
3877.63,0.0,21903.3,,,,,0.0,0.0,9071.8
3878.63,100.0,21861.7,,,,,100.0,100.0,9072.0
3879.63,100.0,21820.0,,,,,100.0,100.0,9072.0
3880.63,100.0,21719.8,,,,,100.0,100.0,9050.5
3881.63,0.0,21719.9,,,,,0.0,0.0,9060.1
3882.63,100.0,21761.5,,,,,100.0,100.0,9066.6
3883.63,0.0,21803.0,,,,,0.0,0.0,9056.0
3884.63,100.0,21844.6,,,,,100.0,100.0,9068.1
3885.63,100.0,21844.6,,,,,100.0,100.0,9056.0
3886.63,100.0,21944.6,,,,,100.0,100.0,9070.6
3887.63,0.0,21944.6,,,,,0.0,0.0,9070.6
3888.63,100.0,21903.3,,,,,100.0,100.0,9072.0
3889.63,100.0,21861.7,,,,,100.0,100.0,9072.1
3890.63,100.0,21820.0,,,,,100.0,100.0,9072.1
3891.63,0.0,21820.0,,,,,0.0,0.0,9072.1
3892.63,100.0,21719.9,,,,,100.0,100.0,9050.0
3893.63,0.0,21761.5,,,,,0.0,0.0,9059.9
3894.63,100.0,21803.0,,,,,100.0,100.0,9050.6
3895.63,100.0,21803.0,,,,,100.0,100.0,9055.6
3896.63,100.0,21844.6,,,,,100.0,100.0,9068.4
3897.63,0.0,21878.6,,,,,0.0,0.0,9068.3
3898.63,100.0,21944.6,,,,,100.0,100.0,9070.9
3899.63,100.0,21903.3,,,,,100.0,100.0,9072.3
3900.63,100.0,21861.7,,,,,100.0,100.0,9072.4
3901.63,0.0,21861.7,,,,,0.0,0.0,9072.4
3902.63,100.0,21820.0,,,,,100.0,100.0,9072.4
3903.63,100.0,21719.8,,,,,100.0,100.0,9060.5
3904.63,0.0,21761.5,,,,,0.0,0.0,9067.2
3905.63,100.0,21761.5,,,,,100.0,100.0,9057.5
3906.63,100.0,21803.0,,,,,100.0,100.0,9061.9
3907.63,0.0,21844.6,,,,,0.0,0.0,9057.3
3908.63,100.0,21861.6,,,,,100.0,100.0,9064.6
3909.63,100.0,21944.6,,,,,100.0,100.0,9071.2
3910.63,100.0,21903.3,,,,,100.0,100.0,9072.5
3911.63,0.0,21903.3,,,,,0.0,0.0,9072.5
3912.63,100.0,21861.7,,,,,100.0,100.0,9072.7
3913.63,100.0,21820.0,,,,,100.0,100.0,9072.7
3914.63,100.0,21719.8,,,,,100.0,100.0,9050.6
3915.63,0.0,21719.9,,,,,0.0,0.0,9058.2
3916.63,100.0,21761.5,,,,,100.0,100.0,9067.3
3917.63,0.0,21803.0,,,,,0.0,0.0,9055.2
3918.63,100.0,21844.6,,,,,100.0,100.0,9068.8
3919.63,100.0,21844.6,,,,,100.0,100.0,9055.2
3920.63,100.0,21944.6,,,,,100.0,100.0,9071.3
3921.63,0.0,21944.6,,,,,0.0,0.0,9071.3
3922.63,100.0,21903.3,,,,,100.0,100.0,9072.7
3923.63,100.0,21861.7,,,,,100.0,100.0,9072.9
3924.63,100.0,21820.0,,,,,100.0,100.0,9072.9
3925.63,0.0,21820.0,,,,,0.0,0.0,9072.9
3926.63,100.0,21719.9,,,,,100.0,100.0,9051.6
3927.63,0.0,21761.5,,,,,0.0,0.0,9058.0
3928.63,100.0,21803.0,,,,,100.0,100.0,9049.9
3929.63,100.0,21803.0,,,,,100.0,100.0,9056.2
3930.63,100.0,21844.6,,,,,100.0,100.0,9069.3
3931.64,0.0,21878.6,,,,,0.0,0.0,9069.2
3932.64,100.0,21944.6,,,,,100.0,100.0,9071.7
3933.64,100.0,21903.3,,,,,100.0,100.0,9073.1
3934.64,100.0,21861.7,,,,,100.0,100.0,9073.2
3935.64,0.0,21861.7,,,,,0.0,0.0,9073.2
3936.64,100.0,21820.0,,,,,100.0,100.0,9073.3
3937.64,100.0,21719.8,,,,,100.0,100.0,9060.5
3938.64,0.0,21761.5,,,,,0.0,0.0,9067.8
3939.64,100.0,21761.5,,,,,100.0,100.0,9056.6
3940.64,100.0,21801.9,,,,,100.0,100.0,9068.5
3941.64,0.0,21844.6,,,,,0.0,0.0,9063.1
3942.64,100.0,21861.6,,,,,100.0,100.0,9063.6
3943.64,100.0,21944.6,,,,,100.0,100.0,9071.9
3944.64,100.0,21903.3,,,,,100.0,100.0,9073.2
3945.64,0.0,21903.3,,,,,0.0,0.0,9073.2
3946.64,100.0,21861.7,,,,,100.0,100.0,9073.4
3947.64,100.0,21820.0,,,,,100.0,100.0,9073.4
3948.64,100.0,21719.8,,,,,100.0,100.0,9049.1
3949.64,0.0,21719.9,,,,,0.0,0.0,9057.9
3950.64,100.0,21761.5,,,,,100.0,100.0,9068.0
3951.64,0.0,21803.0,,,,,0.0,0.0,9057.3
3952.64,100.0,21844.6,,,,,100.0,100.0,9069.5
3953.64,100.0,21844.6,,,,,100.0,100.0,9057.1
3954.64,100.0,21944.6,,,,,100.0,100.0,9072.3
3955.64,0.0,21944.6,,,,,0.0,0.0,9072.3
3956.64,100.0,21903.3,,,,,100.0,100.0,9073.6
3957.64,100.0,21861.7,,,,,100.0,100.0,9073.8
3958.64,100.0,21820.0,,,,,100.0,100.0,9073.8
3959.64,0.0,21820.0,,,,,0.0,0.0,9073.8
3960.64,100.0,21719.9,,,,,100.0,100.0,9050.7
3961.64,0.0,21761.5,,,,,0.0,0.0,9057.7
3962.64,100.0,21803.0,,,,,100.0,100.0,9049.0
3963.64,100.0,21803.0,,,,,100.0,100.0,9055.1
3964.64,100.0,21823.8,,,,,100.0,100.0,9064.9
3965.64,0.0,21878.6,,,,,0.0,0.0,9069.8
3966.64,100.0,21944.6,,,,,100.0,100.0,9072.4
3967.64,100.0,21903.3,,,,,100.0,100.0,9073.7
3968.64,100.0,21861.7,,,,,100.0,100.0,9073.9
3969.64,0.0,21861.7,,,,,0.0,0.0,9073.9
3970.64,100.0,21820.0,,,,,100.0,100.0,9073.9
3971.64,100.0,21719.8,,,,,100.0,100.0,9058.4
3972.64,0.0,21761.5,,,,,0.0,0.0,9068.7
3973.64,100.0,21761.5,,,,,100.0,100.0,9057.0
3974.64,100.0,21803.0,,,,,100.0,100.0,9069.5
3975.64,0.0,21844.6,,,,,0.0,0.0,9063.6
3976.64,100.0,21861.6,,,,,100.0,100.0,9066.7
3977.64,100.0,21944.6,,,,,100.0,100.0,9072.7
3978.64,100.0,21903.3,,,,,100.0,100.0,9074.0
3979.64,0.0,21903.3,,,,,0.0,0.0,9074.0
3980.64,100.0,21861.7,,,,,100.0,100.0,9074.2
3981.64,100.0,21820.0,,,,,100.0,100.0,9074.2
3982.64,100.0,21719.8,,,,,100.0,100.0,9074.4
3983.64,0.0,21719.9,,,,,0.0,0.0,9057.2
3984.64,100.0,21761.5,,,,,100.0,100.0,9068.9
3985.64,0.0,21803.0,,,,,0.0,0.0,9057.7
3986.64,100.0,21844.6,,,,,100.0,100.0,9070.4
3987.64,100.0,21844.6,,,,,100.0,100.0,9057.2
3988.64,100.0,21944.6,,,,,100.0,100.0,9072.9
3989.64,0.0,21944.6,,,,,0.0,0.0,9072.9
3990.64,100.0,21903.3,,,,,100.0,100.0,9074.2
3991.64,100.0,21861.7,,,,,100.0,100.0,9074.4
3992.64,100.0,21820.0,,,,,100.0,100.0,9074.4
3993.64,0.0,21820.0,,,,,0.0,0.0,9074.4
3994.65,100.0,21719.9,,,,,100.0,100.0,9049.3
3995.65,0.0,21761.5,,,,,0.0,0.0,9057.0
3996.65,100.0,21803.0,,,,,100.0,100.0,9069.7
3997.65,100.0,21803.0,,,,,100.0,100.0,9055.7
3998.65,100.0,21823.8,,,,,100.0,100.0,9069.1
3999.65,0.0,21878.6,,,,,0.0,0.0,9070.5
4000.65,100.0,21944.6,,,,,100.0,100.0,9073.1
4001.65,100.0,21903.3,,,,,100.0,100.0,9074.4
4002.65,100.0,21861.7,,,,,100.0,100.0,9074.6
4003.65,0.0,21861.7,,,,,0.0,0.0,9074.6
4004.65,100.0,21820.0,,,,,100.0,100.0,9074.6
4005.65,100.0,21719.8,,,,,100.0,100.0,9057.5
4006.65,0.0,21761.5,,,,,0.0,0.0,9059.7
4007.65,100.0,21761.5,,,,,100.0,100.0,9056.2
4008.65,100.0,21803.0,,,,,100.0,100.0,9059.6
4009.65,0.0,21844.6,,,,,0.0,0.0,9063.5
4010.65,100.0,21844.6,,,,,100.0,100.0,9066.6
4011.65,100.0,21944.6,,,,,100.0,100.0,9073.3
4012.65,100.0,21903.3,,,,,100.0,100.0,9074.7
4013.65,0.0,21903.3,,,,,0.0,0.0,9074.7
4014.65,100.0,21861.7,,,,,100.0,100.0,9074.9
4015.65,100.0,21820.0,,,,,100.0,100.0,9074.9
4016.65,100.0,21719.8,,,,,100.0,100.0,9075.1
4017.65,0.0,21719.9,,,,,0.0,0.0,9058.0
4018.65,100.0,21761.5,,,,,100.0,100.0,9069.8
4019.65,0.0,21803.0,,,,,0.0,0.0,9058.1
4020.65,100.0,21823.8,,,,,100.0,100.0,9069.6
4021.65,100.0,21844.6,,,,,100.0,100.0,9064.7
4022.65,100.0,21944.6,,,,,100.0,100.0,9073.5
4023.65,0.0,21944.6,,,,,0.0,0.0,9073.5
4024.65,100.0,21903.3,,,,,100.0,100.0,9074.8
4025.65,100.0,21861.7,,,,,100.0,100.0,9075.0
4026.65,100.0,21820.0,,,,,100.0,100.0,9075.1
4027.65,0.0,21820.0,,,,,0.0,0.0,9075.1
4028.65,100.0,21719.9,,,,,100.0,100.0,9049.7
4029.65,0.0,21761.5,,,,,0.0,0.0,9069.6
4030.65,100.0,21761.5,,,,,100.0,100.0,9059.4
4031.65,100.0,21803.0,,,,,100.0,100.0,9061.5
4032.65,100.0,21803.0,,,,,100.0,100.0,9064.2
4033.65,0.0,21861.6,,,,,0.0,0.0,9066.5
4034.65,100.0,21944.6,,,,,100.0,100.0,9072.6
4035.65,100.0,21903.3,,,,,100.0,100.0,9073.9
4036.65,100.0,21861.7,,,,,100.0,100.0,9074.1
4037.65,0.0,21861.7,,,,,0.0,0.0,9074.1
4038.65,100.0,21820.0,,,,,100.0,100.0,9074.1
4039.65,100.0,21719.8,,,,,100.0,100.0,9057.7
4040.65,0.0,21761.5,,,,,0.0,0.0,9059.3
4041.65,100.0,21761.5,,,,,100.0,100.0,9056.3
4042.65,100.0,21803.0,,,,,100.0,100.0,9059.3
4043.65,0.0,21844.6,,,,,0.0,0.0,9056.7
4044.65,100.0,21861.6,,,,,100.0,100.0,9067.8
4045.65,100.0,21944.6,,,,,100.0,100.0,9072.9
4046.65,100.0,21903.3,,,,,100.0,100.0,9074.2
4047.65,0.0,21903.3,,,,,0.0,0.0,9074.2
4048.65,100.0,21861.7,,,,,100.0,100.0,9074.4
4049.65,100.0,21820.0,,,,,100.0,100.0,9074.4
4050.65,100.0,21719.8,,,,,100.0,100.0,9074.6
4051.65,0.0,21719.9,,,,,0.0,0.0,9058.1
4052.65,100.0,21761.5,,,,,100.0,100.0,9069.4
4053.65,0.0,21803.0,,,,,0.0,0.0,9057.6
4054.65,100.0,21823.8,,,,,100.0,100.0,9069.5
4055.65,100.0,21844.6,,,,,100.0,100.0,9070.6
4056.65,100.0,21944.6,,,,,100.0,100.0,9073.1
4057.65,0.0,21944.6,,,,,0.0,0.0,9073.1
4058.66,100.0,21903.3,,,,,100.0,100.0,9074.5
4059.66,100.0,21861.7,,,,,100.0,100.0,9074.7
4060.66,100.0,21820.0,,,,,100.0,100.0,9074.7
4061.66,0.0,21820.0,,,,,0.0,0.0,9074.7
4062.66,100.0,21719.9,,,,,100.0,100.0,9068.9
4063.66,0.0,21761.5,,,,,0.0,0.0,9057.8
4064.66,100.0,21803.0,,,,,100.0,100.0,9069.9
4065.66,100.0,21803.0,,,,,100.0,100.0,9058.8
4066.66,100.0,21823.8,,,,,100.0,100.0,9067.4
4067.66,0.0,21878.6,,,,,0.0,0.0,9070.7
4068.66,100.0,21944.6,,,,,100.0,100.0,9073.3
4069.66,100.0,21903.3,,,,,100.0,100.0,9074.7
4070.66,100.0,21861.7,,,,,100.0,100.0,9074.9
4071.66,0.0,21861.7,,,,,0.0,0.0,9074.9
4072.66,100.0,21820.0,,,,,100.0,100.0,9074.9
4073.66,100.0,21719.8,,,,,100.0,100.0,9057.8
4074.66,0.0,21761.5,,,,,0.0,0.0,9060.4
4075.66,100.0,21761.5,,,,,100.0,100.0,9063.3
4076.66,100.0,21782.3,,,,,100.0,100.0,9068.3
4077.66,0.0,21844.6,,,,,0.0,0.0,9056.8
4078.66,100.0,21861.6,,,,,100.0,100.0,9066.1
4079.66,100.0,21944.6,,,,,100.0,100.0,9073.5
4080.66,100.0,21903.3,,,,,100.0,100.0,9074.9
4081.66,0.0,21903.3,,,,,0.0,0.0,9074.9
4082.66,100.0,21861.7,,,,,100.0,100.0,9075.1
4083.66,100.0,21820.0,,,,,100.0,100.0,9075.1
4084.66,100.0,21719.8,,,,,100.0,100.0,9075.2
4085.66,0.0,21719.9,,,,,0.0,0.0,9058.1
4086.66,100.0,21761.5,,,,,100.0,100.0,9069.6
4087.66,0.0,21803.0,,,,,0.0,0.0,9070.6
4088.66,100.0,21803.0,,,,,100.0,100.0,9065.8
4089.66,100.0,21844.6,,,,,100.0,100.0,9071.3
4090.66,100.0,21944.6,,,,,100.0,100.0,9073.8
4091.66,0.0,21944.6,,,,,0.0,0.0,9073.8
4092.66,100.0,21903.3,,,,,100.0,100.0,9075.2
4093.66,100.0,21861.7,,,,,100.0,100.0,9075.3
4094.66,100.0,21820.0,,,,,100.0,100.0,9075.4
4095.66,0.0,21820.0,,,,,0.0,0.0,9075.4
4096.66,100.0,21719.9,,,,,100.0,100.0,9069.7
4097.66,0.0,21761.5,,,,,0.0,0.0,9057.3
4098.66,100.0,21782.3,,,,,100.0,100.0,9069.6
4099.66,100.0,21803.0,,,,,100.0,100.0,9057.3
4100.66,100.0,21803.0,,,,,100.0,100.0,9066.1
4101.66,0.0,21878.6,,,,,0.0,0.0,9071.4
4102.66,100.0,21944.6,,,,,100.0,100.0,9074.0
4103.66,100.0,21903.3,,,,,100.0,100.0,9075.3
4104.66,100.0,21861.7,,,,,100.0,100.0,9075.5
4105.66,0.0,21861.7,,,,,0.0,0.0,9075.5
4106.66,100.0,21820.0,,,,,100.0,100.0,9075.5
4107.66,100.0,21719.8,,,,,100.0,100.0,9075.8
4108.66,0.0,21761.5,,,,,0.0,0.0,9060.2
4109.66,100.0,21761.5,,,,,100.0,100.0,9063.5
4110.66,100.0,21782.3,,,,,100.0,100.0,9068.0
4111.66,0.0,21844.6,,,,,0.0,0.0,9058.2
4112.66,100.0,21844.6,,,,,100.0,100.0,9065.8
4113.66,100.0,21944.6,,,,,100.0,100.0,9074.2
4114.66,100.0,21903.3,,,,,100.0,100.0,9075.6
4115.66,0.0,21903.3,,,,,0.0,0.0,9075.6
4116.66,100.0,21861.7,,,,,100.0,100.0,9075.8
4117.66,100.0,21820.0,,,,,100.0,100.0,9075.8
4118.66,100.0,21719.8,,,,,100.0,100.0,9075.9
4119.66,0.0,21719.9,,,,,0.0,0.0,9057.3
4120.66,100.0,21761.5,,,,,100.0,100.0,9070.1
4121.66,0.0,21803.0,,,,,0.0,0.0,9071.3
4122.66,100.0,21823.8,,,,,100.0,100.0,9068.5
4123.67,100.0,21844.6,,,,,100.0,100.0,9072.2
4124.67,100.0,21944.6,,,,,100.0,100.0,9074.5
4125.67,0.0,21944.6,,,,,0.0,0.0,9074.5
4126.67,100.0,21903.3,,,,,100.0,100.0,9075.9
4127.67,100.0,21861.7,,,,,100.0,100.0,9076.1
4128.67,100.0,21820.0,,,,,100.0,100.0,9076.1
4129.67,0.0,21820.0,,,,,0.0,0.0,9076.1
4130.67,100.0,21719.9,,,,,100.0,100.0,9070.5
4131.67,0.0,21761.5,,,,,0.0,0.0,9058.4
4132.67,100.0,21803.0,,,,,100.0,100.0,9071.3
4133.67,100.0,21803.0,,,,,100.0,100.0,9058.0
4134.67,100.0,21803.0,,,,,100.0,100.0,9068.0
4135.67,0.0,21878.6,,,,,0.0,0.0,9072.2
4136.67,100.0,21944.6,,,,,100.0,100.0,9074.7
4137.67,100.0,21903.3,,,,,100.0,100.0,9076.1
4138.67,100.0,21861.7,,,,,100.0,100.0,9076.3
4139.67,0.0,21861.7,,,,,0.0,0.0,9076.3
4140.67,100.0,21820.0,,,,,100.0,100.0,9076.3
4141.67,100.0,21719.8,,,,,100.0,100.0,9056.1
4142.67,0.0,21761.5,,,,,0.0,0.0,9070.9
4143.67,100.0,21761.5,,,,,100.0,100.0,9057.4
4144.67,100.0,21782.3,,,,,100.0,100.0,9066.7
4145.67,0.0,21844.6,,,,,0.0,0.0,9066.0
4146.67,100.0,21861.6,,,,,100.0,100.0,9072.4
4147.67,100.0,21944.6,,,,,100.0,100.0,9075.0
4148.67,100.0,21903.3,,,,,100.0,100.0,9076.4
4149.67,0.0,21903.3,,,,,0.0,0.0,9076.4
4150.67,100.0,21861.7,,,,,100.0,100.0,9076.6
4151.67,100.0,21820.0,,,,,100.0,100.0,9076.6
4152.67,100.0,21719.8,,,,,100.0,100.0,9076.8
4153.67,0.0,21719.9,,,,,0.0,0.0,9058.1
4154.67,100.0,21740.7,,,,,100.0,100.0,9069.2
4155.67,0.0,21803.0,,,,,0.0,0.0,9071.9
4156.67,100.0,21803.0,,,,,100.0,100.0,9067.4
4157.67,100.0,21844.6,,,,,100.0,100.0,9063.8
4158.67,100.0,21944.6,,,,,100.0,100.0,9075.2
4159.67,0.0,21944.6,,,,,0.0,0.0,9075.2
4160.67,100.0,21903.3,,,,,100.0,100.0,9076.6
4161.67,100.0,21861.7,,,,,100.0,100.0,9076.8
4162.67,100.0,21820.0,,,,,100.0,100.0,9076.8
4163.67,0.0,21820.0,,,,,0.0,0.0,9076.8
4164.67,100.0,21719.9,,,,,100.0,100.0,9071.1
4165.67,0.0,21761.5,,,,,0.0,0.0,9058.6
4166.67,100.0,21803.0,,,,,100.0,100.0,9072.1
4167.67,100.0,21803.0,,,,,100.0,100.0,9072.2
4168.67,100.0,21803.0,,,,,100.0,100.0,9069.6
4169.67,0.0,21878.6,,,,,0.0,0.0,9072.9
4170.67,100.0,21944.6,,,,,100.0,100.0,9075.5
4171.67,100.0,21903.3,,,,,100.0,100.0,9076.9
4172.67,100.0,21861.7,,,,,100.0,100.0,9077.1
4173.67,0.0,21861.7,,,,,0.0,0.0,9077.1
4174.67,100.0,21820.0,,,,,100.0,100.0,9077.1
4175.67,100.0,21719.8,,,,,100.0,100.0,9056.4
4176.67,0.0,21761.5,,,,,0.0,0.0,9071.6
4177.67,100.0,21761.5,,,,,100.0,100.0,9057.4
4178.67,100.0,21782.3,,,,,100.0,100.0,9069.1
4179.67,0.0,21844.6,,,,,0.0,0.0,9058.6
4180.67,100.0,21844.6,,,,,100.0,100.0,9062.0
4181.67,100.0,21944.6,,,,,100.0,100.0,9075.8
4182.67,100.0,21903.3,,,,,100.0,100.0,9077.1
4183.67,0.0,21903.3,,,,,0.0,0.0,9077.1
4184.67,100.0,21861.7,,,,,100.0,100.0,9077.3
4185.67,100.0,21820.0,,,,,100.0,100.0,9077.3
4186.67,100.0,21719.8,,,,,100.0,100.0,9077.4
4187.67,0.0,21719.9,,,,,0.0,0.0,9071.8
4188.67,100.0,21740.7,,,,,100.0,100.0,9070.6
4189.68,0.0,21803.0,,,,,0.0,0.0,9065.8
4190.68,100.0,21823.8,,,,,100.0,100.0,9068.2
4191.68,100.0,21844.6,,,,,100.0,100.0,9067.1
4192.68,100.0,21944.6,,,,,100.0,100.0,9076.1
4193.68,0.0,21944.6,,,,,0.0,0.0,9076.1
4194.68,100.0,21903.3,,,,,100.0,100.0,9077.4
4195.68,100.0,21861.7,,,,,100.0,100.0,9077.6
4196.68,100.0,21820.0,,,,,100.0,100.0,9077.6
4197.68,0.0,21820.0,,,,,0.0,0.0,9077.6
4198.68,100.0,21719.9,,,,,100.0,100.0,9071.8
4199.68,0.0,21761.5,,,,,0.0,0.0,9058.2
4200.68,100.0,21761.5,,,,,100.0,100.0,9066.4
4201.68,100.0,21803.0,,,,,100.0,100.0,9072.9
4202.68,100.0,21803.0,,,,,100.0,100.0,9063.8
4203.68,0.0,21878.6,,,,,0.0,0.0,9073.8
4204.68,100.0,21944.6,,,,,100.0,100.0,9076.4
4205.68,100.0,21903.3,,,,,100.0,100.0,9077.7
4206.68,100.0,21861.7,,,,,100.0,100.0,9077.9
4207.68,0.0,21861.7,,,,,0.0,0.0,9077.9
4208.68,100.0,21820.0,,,,,100.0,100.0,9077.9
4209.68,100.0,21719.8,,,,,100.0,100.0,9056.6
4210.68,0.0,21740.7,,,,,0.0,0.0,9070.1
4211.68,100.0,21761.5,,,,,100.0,100.0,9058.6
4212.68,100.0,21782.3,,,,,100.0,100.0,9068.0
4213.68,0.0,21844.6,,,,,0.0,0.0,9057.6
4214.68,100.0,21844.6,,,,,100.0,100.0,9065.4
4215.68,100.0,21944.6,,,,,100.0,100.0,9076.6
4216.68,100.0,21903.1,,,,,100.0,100.0,9077.9
4217.68,0.0,21903.3,,,,,0.0,0.0,9078.0
4218.68,100.0,21861.7,,,,,100.0,100.0,9078.2
4219.68,100.0,21820.0,,,,,100.0,100.0,9078.2
4220.68,100.0,21719.9,,,,,100.0,100.0,9078.3
4221.68,1.23,21719.9,,,,,1.23,1.24,9072.5
4222.68,100.0,21740.7,,,,,100.0,100.0,9060.4
4223.68,0.0,21803.0,,,,,0.0,0.0,9066.1
4224.68,100.0,21803.0,,,,,100.0,100.0,9064.3
4225.68,100.0,21844.6,,,,,100.0,100.0,9065.8
4226.68,100.0,21837.0,,,,,100.0,100.0,9074.3
4227.68,0.0,21944.6,,,,,0.0,0.0,9076.8
4228.68,100.0,21903.3,,,,,100.0,100.0,9078.0
4229.68,100.0,21861.7,,,,,100.0,100.0,9078.1
4230.68,0.0,21861.7,,,,,0.0,0.0,9078.1
4231.68,100.0,21820.0,,,,,100.0,100.0,9078.2
4232.68,100.0,21719.9,,,,,100.0,100.0,9072.4
4233.68,0.0,21761.5,,,,,0.0,0.0,9059.8
4234.68,100.0,21782.3,,,,,100.0,100.0,9071.2
4235.68,100.0,21803.0,,,,,100.0,100.0,9073.8
4236.68,0.0,21844.6,,,,,0.0,0.0,9066.2
4237.68,100.0,21878.6,,,,,100.0,100.0,9074.4
4238.68,100.0,21944.6,,,,,100.0,100.0,9076.9
4239.68,100.0,21903.3,,,,,100.0,100.0,9078.4
4240.68,0.0,21903.3,,,,,0.0,0.0,9078.4
4241.68,100.0,21861.7,,,,,100.0,100.0,9078.5
4242.68,100.0,21820.0,,,,,100.0,100.0,9078.5
4243.68,100.0,21719.8,,,,,100.0,100.0,9057.2
4244.68,0.0,21761.5,,,,,0.0,0.0,9073.0
4245.68,100.0,21761.5,,,,,100.0,100.0,9058.9
4246.68,0.0,21803.0,,,,,0.0,0.0,9066.2
4247.68,100.0,21844.6,,,,,100.0,100.0,9056.2
4248.68,100.0,21844.6,,,,,100.0,100.0,9062.0
4249.68,100.0,21944.6,,,,,100.0,100.0,9077.2
4250.68,0.0,21944.6,,,,,0.0,0.0,9077.2
4251.68,100.0,21903.3,,,,,100.0,100.0,9078.6
4252.68,100.0,21861.7,,,,,100.0,100.0,9078.8
4253.68,100.0,21820.0,,,,,100.0,100.0,9078.8
4254.69,0.0,21820.0,,,,,0.0,0.0,9078.8
4255.69,100.0,21719.9,,,,,100.0,100.0,9073.1
4256.69,0.0,21780.4,,,,,0.0,0.0,9069.8
4257.69,100.0,21803.0,,,,,100.0,100.0,9066.0
4258.69,100.0,21803.0,,,,,100.0,100.0,9063.4
4259.69,100.0,21844.6,,,,,100.0,100.0,9065.5
4260.69,0.0,21878.6,,,,,0.0,0.0,9074.7
4261.69,100.0,21944.6,,,,,100.0,100.0,9077.4
4262.69,100.0,21903.3,,,,,100.0,100.0,9078.8
4263.69,100.0,21861.7,,,,,100.0,100.0,9079.0
4264.69,0.0,21861.7,,,,,0.0,0.0,9079.0
4265.69,100.0,21820.0,,,,,100.0,100.0,9079.0
4266.69,100.0,21702.8,,,,,100.0,100.0,9069.3
4267.69,0.0,21761.5,,,,,0.0,0.0,9073.7
4268.69,100.0,21761.5,,,,,100.0,100.0,9066.9
4269.69,100.0,21803.0,,,,,100.0,100.0,9074.4
4270.69,0.0,21844.6,,,,,0.0,0.0,9064.9
4271.69,100.0,21878.6,,,,,100.0,100.0,9075.0
4272.69,100.0,21944.6,,,,,100.0,100.0,9077.8
4273.69,100.0,21903.3,,,,,100.0,100.0,9079.1
4274.69,0.0,21903.3,,,,,0.0,0.0,9079.1
4275.69,100.0,21861.7,,,,,100.0,100.0,9079.3
4276.69,100.0,21820.0,,,,,100.0,100.0,9079.3
4277.69,100.0,21719.8,,,,,100.0,100.0,9058.2
4278.69,0.0,21719.9,,,,,0.0,0.0,9065.7
4279.69,100.0,21761.5,,,,,100.0,100.0,9055.5
4280.69,0.0,21803.0,,,,,0.0,0.0,9062.5
4281.69,100.0,21844.6,,,,,100.0,100.0,9075.5
4282.69,100.0,21844.6,,,,,100.0,100.0,9061.8
4283.69,100.0,21944.6,,,,,100.0,100.0,9078.1
4284.69,0.0,21944.6,,,,,0.0,0.0,9078.1
4285.69,100.0,21903.3,,,,,100.0,100.0,9079.4
4286.69,100.0,21861.7,,,,,100.0,100.0,9079.6
4287.69,100.0,21820.0,,,,,100.0,100.0,9079.6
4288.69,0.0,21820.0,,,,,0.0,0.0,9079.6
4289.69,100.0,21719.9,,,,,100.0,100.0,9074.0
4290.69,0.0,21761.5,,,,,0.0,0.0,9069.5
4291.69,100.0,21803.0,,,,,100.0,100.0,9058.3
4292.69,100.0,21803.0,,,,,100.0,100.0,9064.4
4293.69,100.0,21844.6,,,,,100.0,100.0,9056.7
4294.69,0.0,21878.6,,,,,0.0,0.0,9075.7
4295.69,100.0,21944.6,,,,,100.0,100.0,9078.3
4296.69,100.0,21903.3,,,,,100.0,100.0,9079.6
4297.69,100.0,21861.7,,,,,100.0,100.0,9079.8
4298.69,0.0,21861.7,,,,,0.0,0.0,9079.8
4299.69,100.0,21820.0,,,,,100.0,100.0,9079.8
4300.69,100.0,21719.8,,,,,100.0,100.0,9068.5
4301.69,0.0,21761.5,,,,,0.0,0.0,9074.5
4302.69,100.0,21761.5,,,,,100.0,100.0,9067.7
4303.69,100.0,21803.0,,,,,100.0,100.0,9075.2
4304.69,0.0,21844.6,,,,,0.0,0.0,9064.9
4305.69,100.0,21878.6,,,,,100.0,100.0,9075.6
4306.69,100.0,21944.6,,,,,100.0,100.0,9078.5
4307.69,100.0,21903.3,,,,,100.0,100.0,9079.8
4308.69,0.0,21903.3,,,,,0.0,0.0,9079.8
4309.69,100.0,21861.7,,,,,100.0,100.0,9080.0
4310.69,100.0,21820.0,,,,,100.0,100.0,9080.0
4311.69,100.0,21719.8,,,,,100.0,100.0,9058.1
4312.69,0.0,21719.9,,,,,0.0,0.0,9069.1
4313.69,100.0,21761.5,,,,,100.0,100.0,9060.1
4314.69,0.0,21803.0,,,,,0.0,0.0,9066.8
4315.69,100.0,21844.6,,,,,100.0,100.0,9076.2
4316.69,100.0,21844.6,,,,,100.0,100.0,9065.0
4317.69,100.0,21944.6,,,,,100.0,100.0,9078.7
4318.7,0.0,21944.6,,,,,0.0,0.0,9078.7
4319.7,100.0,21903.3,,,,,100.0,100.0,9080.1
4320.7,100.0,21861.7,,,,,100.0,100.0,9080.2
4321.7,100.0,21820.0,,,,,100.0,100.0,9080.2
4322.7,0.0,21820.0,,,,,0.0,0.0,9080.2
4323.7,100.0,21719.9,,,,,100.0,100.0,9066.4
4324.7,0.0,21761.5,,,,,0.0,0.0,9066.1
4325.7,100.0,21803.0,,,,,100.0,100.0,9066.3
4326.7,100.0,21803.0,,,,,100.0,100.0,9063.0
4327.7,100.0,21844.6,,,,,100.0,100.0,9066.0
4328.7,0.0,21878.6,,,,,0.0,0.0,9076.2
4329.7,100.0,21944.6,,,,,100.0,100.0,9078.8
4330.7,100.0,21903.3,,,,,100.0,100.0,9080.2
4331.7,100.0,21861.7,,,,,100.0,100.0,9080.4
4332.7,0.0,21861.7,,,,,0.0,0.0,9080.4
4333.7,100.0,21820.0,,,,,100.0,100.0,9080.5
4334.7,100.0,21719.8,,,,,100.0,100.0,9066.6
4335.7,0.0,21761.5,,,,,0.0,0.0,9075.1
4336.7,100.0,21761.5,,,,,100.0,100.0,9065.1
4337.7,100.0,21803.0,,,,,100.0,100.0,9075.9
4338.7,0.0,21844.6,,,,,0.0,0.0,9064.6
4339.7,100.0,21878.6,,,,,100.0,100.0,9076.3
4340.7,100.0,21944.6,,,,,100.0,100.0,9079.1
4341.7,100.0,21903.3,,,,,100.0,100.0,9080.5
4342.7,0.0,21903.3,,,,,0.0,0.0,9080.5
4343.7,100.0,21861.7,,,,,100.0,100.0,9080.7
4344.7,100.0,21820.0,,,,,100.0,100.0,9080.7
4345.7,100.0,21719.8,,,,,100.0,100.0,9056.0
4346.7,0.0,21719.9,,,,,0.0,0.0,9064.6
4347.7,100.0,21761.5,,,,,100.0,100.0,9075.7
4348.7,0.0,21803.0,,,,,0.0,0.0,9063.1
4349.7,100.0,21823.8,,,,,100.0,100.0,9075.0
4350.7,100.0,21844.6,,,,,100.0,100.0,9062.2
4351.7,100.0,21944.6,,,,,100.0,100.0,9079.4
4352.7,0.0,21944.6,,,,,0.0,0.0,9079.4
4353.7,100.0,21903.3,,,,,100.0,100.0,9080.7
4354.7,100.0,21861.7,,,,,100.0,100.0,9080.8
4355.7,100.0,21820.0,,,,,100.0,100.0,9080.9
4356.7,0.0,21820.0,,,,,0.0,0.0,9080.9
4357.7,100.0,21719.9,,,,,100.0,100.0,9058.3
4358.7,0.0,21761.5,,,,,0.0,0.0,9066.5
4359.7,100.0,21803.0,,,,,100.0,100.0,9057.0
4360.7,100.0,21803.0,,,,,100.0,100.0,9062.8
4361.7,100.0,21844.6,,,,,100.0,100.0,9077.0
4362.7,0.0,21878.6,,,,,0.0,0.0,9077.0
4363.7,100.0,21944.6,,,,,100.0,100.0,9079.7
4364.7,100.0,21903.3,,,,,100.0,100.0,9081.0
4365.7,100.0,21861.7,,,,,100.0,100.0,9081.2
4366.7,0.0,21861.7,,,,,0.0,0.0,9081.2
4367.7,100.0,21820.0,,,,,100.0,100.0,9081.2
4368.7,100.0,21719.8,,,,,100.0,100.0,9065.9
4369.7,0.0,21761.5,,,,,0.0,0.0,9075.8
4370.7,100.0,21761.5,,,,,100.0,100.0,9066.0
4371.7,100.0,21803.0,,,,,100.0,100.0,9067.2
4372.7,0.0,21844.6,,,,,0.0,0.0,9071.2
4373.7,100.0,21878.6,,,,,100.0,100.0,9077.0
4374.7,100.0,21944.6,,,,,100.0,100.0,9079.8
4375.7,100.0,21903.3,,,,,100.0,100.0,9081.3
4376.7,0.0,21903.3,,,,,0.0,0.0,9081.3
4377.7,100.0,21861.7,,,,,100.0,100.0,9081.5
4378.7,100.0,21820.0,,,,,100.0,100.0,9081.5
4379.7,100.0,21719.8,,,,,100.0,100.0,9056.3
4380.7,0.0,21719.9,,,,,0.0,0.0,9067.9
4381.7,100.0,21761.5,,,,,100.0,100.0,9076.1
4382.71,0.0,21803.0,,,,,0.0,0.0,9064.6
4383.71,100.0,21844.6,,,,,100.0,100.0,9077.6
4384.71,100.0,21844.6,,,,,100.0,100.0,9064.4
4385.71,100.0,21944.6,,,,,100.0,100.0,9080.2
4386.71,0.0,21944.6,,,,,0.0,0.0,9080.2
4387.71,100.0,21903.3,,,,,100.0,100.0,9081.5
4388.71,100.0,21861.7,,,,,100.0,100.0,9081.7
4389.71,100.0,21820.0,,,,,100.0,100.0,9081.7
4390.71,0.0,21820.0,,,,,0.0,0.0,9081.7
4391.71,100.0,21719.9,,,,,100.0,100.0,9057.5
4392.71,0.0,21761.5,,,,,0.0,0.0,9066.4
4393.71,100.0,21803.0,,,,,100.0,100.0,9059.3
4394.71,100.0,21803.0,,,,,100.0,100.0,9065.2
4395.71,100.0,21844.6,,,,,100.0,100.0,9078.0
4396.71,0.0,21878.6,,,,,0.0,0.0,9077.9
4397.71,100.0,21944.6,,,,,100.0,100.0,9080.5
4398.71,100.0,21903.3,,,,,100.0,100.0,9081.9
4399.71,100.0,21861.7,,,,,100.0,100.0,9082.0
4400.71,0.0,21861.7,,,,,0.0,0.0,9082.0
4401.71,100.0,21820.0,,,,,100.0,100.0,9082.0
4402.71,100.0,21719.8,,,,,100.0,100.0,9067.3
4403.71,0.0,21761.5,,,,,0.0,0.0,9076.6
4404.71,100.0,21761.5,,,,,100.0,100.0,9065.9
4405.71,100.0,21803.0,,,,,100.0,100.0,9077.5
4406.71,0.0,21844.6,,,,,0.0,0.0,9078.3
4407.71,100.0,21861.6,,,,,100.0,100.0,9076.2
4408.71,100.0,21944.6,,,,,100.0,100.0,9080.7
4409.71,100.0,21903.3,,,,,100.0,100.0,9081.9
4410.71,0.0,21903.3,,,,,0.0,0.0,9081.9
4411.71,100.0,21861.7,,,,,100.0,100.0,9082.1
4412.71,100.0,21820.0,,,,,100.0,100.0,9082.1
4413.71,100.0,21719.8,,,,,100.0,100.0,9056.9
4414.71,0.0,21719.9,,,,,0.0,0.0,9066.2
4415.71,100.0,21761.5,,,,,100.0,100.0,9077.3
4416.71,0.0,21803.0,,,,,0.0,0.0,9066.5
4417.71,100.0,21844.6,,,,,100.0,100.0,9078.4
4418.71,100.0,21844.6,,,,,100.0,100.0,9065.1
4419.71,100.0,21944.6,,,,,100.0,100.0,9081.0
4420.71,0.0,21944.6,,,,,0.0,0.0,9081.0
4421.71,100.0,21903.3,,,,,100.0,100.0,9082.4
4422.71,100.0,21861.7,,,,,100.0,100.0,9082.6
4423.71,100.0,21820.0,,,,,100.0,100.0,9082.6
4424.71,0.0,21820.0,,,,,0.0,0.0,9082.6
4425.71,100.0,21719.9,,,,,100.0,100.0,9057.5
4426.71,0.0,21761.5,,,,,0.0,0.0,9065.4
4427.71,100.0,21803.0,,,,,100.0,100.0,9077.9
4428.71,100.0,21803.0,,,,,100.0,100.0,9064.4
4429.71,100.0,21844.6,,,,,100.0,100.0,9078.7
4430.71,0.0,21878.6,,,,,0.0,0.0,9078.5
4431.71,100.0,21944.6,,,,,100.0,100.0,9081.1
4432.71,100.0,21903.3,,,,,100.0,100.0,9082.6
4433.71,100.0,21861.7,,,,,100.0,100.0,9082.7
4434.71,0.0,21861.7,,,,,0.0,0.0,9082.7
4435.71,100.0,21820.0,,,,,100.0,100.0,9082.8
4436.71,100.0,21719.8,,,,,100.0,100.0,9066.7
4437.71,0.0,21761.5,,,,,0.0,0.0,9077.3
4438.71,100.0,21761.5,,,,,100.0,100.0,9065.7
4439.71,100.0,21803.0,,,,,100.0,100.0,9068.1
4440.71,0.0,21844.6,,,,,0.0,0.0,9072.7
4441.71,100.0,21861.6,,,,,100.0,100.0,9075.6
4442.71,100.0,21944.6,,,,,100.0,100.0,9081.4
4443.71,100.0,21903.3,,,,,100.0,100.0,9082.8
4444.72,0.0,21903.3,,,,,0.0,0.0,9082.8
4445.72,100.0,21861.7,,,,,100.0,100.0,9082.9
4446.72,100.0,21820.0,,,,,100.0,100.0,9082.9
4447.72,100.0,21719.8,,,,,100.0,100.0,9083.1
4448.72,0.0,21719.9,,,,,0.0,0.0,9067.1
4449.72,100.0,21761.5,,,,,100.0,100.0,9077.8
4450.72,0.0,21803.0,,,,,0.0,0.0,9065.9
4451.72,100.0,21823.8,,,,,100.0,100.0,9076.6
4452.72,100.0,21844.6,,,,,100.0,100.0,9079.3
4453.72,100.0,21944.6,,,,,100.0,100.0,9081.7
4454.72,0.0,21944.6,,,,,0.0,0.0,9081.7
4455.72,100.0,21903.3,,,,,100.0,100.0,9082.9
4456.72,100.0,21861.7,,,,,100.0,100.0,9083.1
4457.72,100.0,21820.0,,,,,100.0,100.0,9083.1
4458.72,0.0,21820.0,,,,,0.0,0.0,9083.1
4459.72,100.0,21719.9,,,,,100.0,100.0,9058.0
4460.72,0.0,21761.5,,,,,0.0,0.0,9067.3
4461.72,100.0,21803.0,,,,,100.0,100.0,9078.6
4462.72,100.0,21803.0,,,,,100.0,100.0,9066.9
4463.72,100.0,21844.6,,,,,100.0,100.0,9079.7
4464.72,0.0,21878.6,,,,,0.0,0.0,9079.3
4465.72,100.0,21944.6,,,,,100.0,100.0,9081.8
4466.72,100.0,21903.3,,,,,100.0,100.0,9083.2
4467.72,100.0,21861.7,,,,,100.0,100.0,9083.4
4468.72,0.0,21861.7,,,,,0.0,0.0,9083.4
4469.72,100.0,21820.0,,,,,100.0,100.0,9083.4
4470.72,100.0,21719.8,,,,,100.0,100.0,9066.4
4471.72,0.0,21761.5,,,,,0.0,0.0,9077.9
4472.72,100.0,21761.5,,,,,100.0,100.0,9071.1
4473.72,100.0,21803.0,,,,,100.0,100.0,9078.8
4474.72,0.0,21844.6,,,,,0.0,0.0,9071.8
4475.72,100.0,21861.6,,,,,100.0,100.0,9075.1
4476.72,100.0,21944.6,,,,,100.0,100.0,9082.1
4477.72,100.0,21903.3,,,,,100.0,100.0,9083.4
4478.72,0.0,21903.3,,,,,0.0,0.0,9083.4
4479.72,100.0,21861.7,,,,,100.0,100.0,9083.6
4480.72,100.0,21820.0,,,,,100.0,100.0,9083.6
4481.72,100.0,21719.8,,,,,100.0,100.0,9083.8
4482.72,0.0,21719.9,,,,,0.0,0.0,9066.7
4483.72,100.0,21761.5,,,,,100.0,100.0,9078.3
4484.72,0.0,21803.0,,,,,0.0,0.0,9065.7
4485.72,100.0,21823.8,,,,,100.0,100.0,9077.6
4486.72,100.0,21844.6,,,,,100.0,100.0,9079.9
4487.72,100.0,21944.6,,,,,100.0,100.0,9082.3
4488.72,0.0,21944.6,,,,,0.0,0.0,9082.3
4489.72,100.0,21903.3,,,,,100.0,100.0,9083.6
4490.72,100.0,21861.7,,,,,100.0,100.0,9083.8
4491.72,100.0,21820.0,,,,,100.0,100.0,9083.8
4492.72,0.0,21820.0,,,,,0.0,0.0,9083.8
4493.72,100.0,21719.9,,,,,100.0,100.0,9058.2
4494.72,0.0,21761.5,,,,,0.0,0.0,9065.8
4495.72,100.0,21803.0,,,,,100.0,100.0,9079.2
4496.72,100.0,21803.0,,,,,100.0,100.0,9065.7
4497.72,100.0,21844.6,,,,,100.0,100.0,9079.8
4498.72,0.0,21878.6,,,,,0.0,0.0,9079.8
4499.72,100.0,21944.6,,,,,100.0,100.0,9082.5
4500.72,100.0,21903.3,,,,,100.0,100.0,9083.8
4501.72,100.0,21861.7,,,,,100.0,100.0,9083.9
4502.72,0.0,21861.7,,,,,0.0,0.0,9083.9
4503.73,100.0,21820.0,,,,,100.0,100.0,9084.0
4504.73,100.0,21719.8,,,,,100.0,100.0,9065.5
4505.73,0.0,21761.5,,,,,0.0,0.0,9068.6
4506.73,100.0,21761.5,,,,,100.0,100.0,9071.6
4507.73,100.0,21782.3,,,,,100.0,100.0,9065.5
4508.73,0.0,21844.6,,,,,0.0,0.0,9073.0
4509.73,100.0,21861.6,,,,,100.0,100.0,9075.1
4510.73,100.0,21944.6,,,,,100.0,100.0,9082.7
4511.73,100.0,21903.3,,,,,100.0,100.0,9084.0
4512.73,0.0,21903.3,,,,,0.0,0.0,9084.0
4513.73,100.0,21861.7,,,,,100.0,100.0,9084.2
4514.73,100.0,21820.0,,,,,100.0,100.0,9084.2
4515.73,100.0,21719.8,,,,,100.0,100.0,9084.4
4516.73,0.0,21719.9,,,,,0.0,0.0,9065.6
4517.73,100.0,21761.5,,,,,100.0,100.0,9078.7
4518.73,0.0,21803.0,,,,,0.0,0.0,9065.9
4519.73,100.0,21823.8,,,,,100.0,100.0,9074.8
4520.73,100.0,21844.6,,,,,100.0,100.0,9073.6
4521.73,100.0,21944.6,,,,,100.0,100.0,9082.9
4522.73,0.0,21944.6,,,,,0.0,0.0,9082.9
4523.73,100.0,21903.3,,,,,100.0,100.0,9084.2
4524.73,100.0,21861.7,,,,,100.0,100.0,9084.4
4525.73,100.0,21820.0,,,,,100.0,100.0,9084.4
4526.73,0.0,21820.0,,,,,0.0,0.0,9084.4
4527.73,100.0,21719.9,,,,,100.0,100.0,9078.9
4528.73,0.0,21761.5,,,,,0.0,0.0,9065.6
4529.73,100.0,21803.0,,,,,100.0,100.0,9079.8
4530.73,100.0,21803.0,,,,,100.0,100.0,9065.7
4531.73,100.0,21823.8,,,,,100.0,100.0,9077.9
4532.73,0.0,21878.6,,,,,0.0,0.0,9080.7
4533.73,100.0,21944.6,,,,,100.0,100.0,9083.3
4534.73,100.0,21903.3,,,,,100.0,100.0,9084.6
4535.73,100.0,21861.7,,,,,100.0,100.0,9084.7
4536.73,0.0,21861.7,,,,,0.0,0.0,9084.7
4537.73,100.0,21820.0,,,,,100.0,100.0,9084.8
4538.73,100.0,21719.8,,,,,100.0,100.0,9065.8
4539.73,0.0,21761.5,,,,,0.0,0.0,9069.4
4540.73,100.0,21761.5,,,,,100.0,100.0,9064.9
4541.73,100.0,21782.3,,,,,100.0,100.0,9077.4
4542.73,0.0,21844.6,,,,,0.0,0.0,9073.2
4543.73,100.0,21861.6,,,,,100.0,100.0,9074.9
4544.73,100.0,21944.6,,,,,100.0,100.0,9083.4
4545.73,100.0,21903.3,,,,,100.0,100.0,9084.7
4546.73,0.0,21903.3,,,,,0.0,0.0,9084.7
4547.73,100.0,21861.7,,,,,100.0,100.0,9084.9
4548.73,100.0,21820.0,,,,,100.0,100.0,9084.9
4549.73,100.0,21719.8,,,,,100.0,100.0,9085.0
4550.73,0.0,21719.9,,,,,0.0,0.0,9066.4
4551.73,100.0,21761.5,,,,,100.0,100.0,9080.1
4552.73,0.0,21803.0,,,,,0.0,0.0,9080.6
4553.73,100.0,21823.8,,,,,100.0,100.0,9079.1
4554.73,100.0,21844.6,,,,,100.0,100.0,9081.3
4555.73,100.0,21944.6,,,,,100.0,100.0,9083.7
4556.73,0.0,21944.6,,,,,0.0,0.0,9083.7
4557.73,100.0,21903.3,,,,,100.0,100.0,9084.9
4558.73,100.0,21861.7,,,,,100.0,100.0,9085.1
4559.73,100.0,21820.0,,,,,100.0,100.0,9085.1
4560.73,0.0,21820.0,,,,,0.0,0.0,9085.1
4561.73,100.0,21719.9,,,,,100.0,100.0,9079.4
4562.73,0.0,21761.5,,,,,0.0,0.0,9066.2
4563.73,100.0,21782.3,,,,,100.0,100.0,9079.0
4564.73,100.0,21803.0,,,,,100.0,100.0,9065.7
4565.74,100.0,21803.0,,,,,100.0,100.0,9074.0
4566.74,0.0,21878.6,,,,,0.0,0.0,9081.2
4567.74,100.0,21944.6,,,,,100.0,100.0,9083.9
4568.74,100.0,21903.3,,,,,100.0,100.0,9085.2
4569.74,100.0,21861.7,,,,,100.0,100.0,9085.4
4570.74,0.0,21861.7,,,,,0.0,0.0,9085.4
4571.74,100.0,21820.0,,,,,100.0,100.0,9085.4
4572.74,100.0,21719.8,,,,,100.0,100.0,9085.6
4573.74,0.0,21761.5,,,,,0.0,0.0,9069.0
4574.74,100.0,21761.5,,,,,100.0,100.0,9072.0
4575.74,100.0,21761.5,,,,,100.0,100.0,9073.9
4576.74,0.0,21844.6,,,,,0.0,0.0,9073.5
4577.74,100.0,21844.6,,,,,100.0,100.0,9076.1
4578.74,100.0,21944.6,,,,,100.0,100.0,9084.1
4579.74,100.0,21903.3,,,,,100.0,100.0,9085.4
4580.74,0.0,21903.3,,,,,0.0,0.0,9085.4
4581.74,100.0,21861.7,,,,,100.0,100.0,9085.6
4582.74,100.0,21820.0,,,,,100.0,100.0,9085.6
4583.74,100.0,21719.8,,,,,100.0,100.0,9085.8
4584.74,0.0,21719.9,,,,,0.0,0.0,9066.6
4585.74,100.0,21761.5,,,,,100.0,100.0,9080.6
4586.74,0.0,21803.0,,,,,0.0,0.0,9081.2
4587.74,100.0,21803.0,,,,,100.0,100.0,9074.4
4588.74,100.0,21944.6,,,,,100.0,100.0,9084.4
4589.74,100.0,21944.6,,,,,100.0,100.0,9084.4
4590.74,100.0,21903.3,,,,,100.0,100.0,9085.6
4591.74,100.0,21861.7,,,,,100.0,100.0,9085.8
4592.74,100.0,21861.7,,,,,100.0,100.0,9085.8
4593.74,0.0,21820.0,,,,,0.0,0.0,9085.8
4594.74,100.0,21719.9,,,,,100.0,100.0,9080.3
4595.74,0.0,21761.5,,,,,0.0,0.0,9067.1
4596.74,100.0,21803.0,,,,,100.0,100.0,9081.2
4597.74,100.0,21803.0,,,,,100.0,100.0,9066.8
4598.74,100.0,21803.0,,,,,100.0,100.0,9076.1
4599.74,0.0,21878.6,,,,,0.0,0.0,9082.0
4600.74,100.0,21944.6,,,,,100.0,100.0,9084.6
4601.74,100.0,21903.3,,,,,100.0,100.0,9085.9
4602.74,100.0,21861.7,,,,,100.0,100.0,9086.0
4603.74,0.0,21861.7,,,,,0.0,0.0,9086.0
4604.74,100.0,21820.0,,,,,100.0,100.0,9086.0
4605.74,100.0,21719.8,,,,,100.0,100.0,9064.0
4606.74,0.0,21761.5,,,,,0.0,0.0,9080.7
4607.74,100.0,21761.5,,,,,100.0,100.0,9065.6
4608.74,100.0,21782.3,,,,,100.0,100.0,9078.5
4609.74,0.0,21844.6,,,,,0.0,0.0,9065.5
4610.74,100.0,21861.6,,,,,100.0,100.0,9075.7
4611.74,100.0,21944.6,,,,,100.0,100.0,9084.9
4612.74,100.0,21903.3,,,,,100.0,100.0,9086.2
4613.74,0.0,21903.3,,,,,0.0,0.0,9086.2
4614.74,100.0,21861.7,,,,,100.0,100.0,9086.4
4615.74,100.0,21820.0,,,,,100.0,100.0,9086.4
4616.74,100.0,21719.8,,,,,100.0,100.0,9086.5
4617.74,0.0,21719.9,,,,,0.0,0.0,9067.0
4618.74,100.0,21761.5,,,,,100.0,100.0,9081.1
4619.74,0.0,21803.0,,,,,0.0,0.0,9081.8
4620.74,100.0,21803.0,,,,,100.0,100.0,9075.8
4621.74,100.0,21844.6,,,,,100.0,100.0,9074.4
4622.74,100.0,21944.6,,,,,100.0,100.0,9085.0
4623.74,0.0,21944.6,,,,,0.0,0.0,9085.0
4624.74,100.0,21903.3,,,,,100.0,100.0,9086.4
4625.74,100.0,21861.7,,,,,100.0,100.0,9086.5
4626.74,100.0,21820.0,,,,,100.0,100.0,9086.5
4627.74,0.0,21820.0,,,,,0.0,0.0,9086.5
4628.75,100.0,21719.9,,,,,100.0,100.0,9081.0
4629.75,0.0,21761.5,,,,,0.0,0.0,9066.9
4630.75,100.0,21782.3,,,,,100.0,100.0,9078.1
4631.75,100.0,21803.0,,,,,100.0,100.0,9082.1
4632.75,100.0,21803.0,,,,,100.0,100.0,9071.9
4633.75,0.0,21878.6,,,,,0.0,0.0,9082.5
4634.75,100.0,21944.6,,,,,100.0,100.0,9085.2
4635.75,100.0,21903.3,,,,,100.0,100.0,9086.6
4636.75,100.0,21861.7,,,,,100.0,100.0,9086.8
4637.75,0.0,21861.7,,,,,0.0,0.0,9086.8
4638.75,100.0,21820.0,,,,,100.0,100.0,9086.8
4639.75,100.0,21719.8,,,,,100.0,100.0,9065.0
4640.75,0.0,21761.5,,,,,0.0,0.0,9081.4
4641.75,100.0,21761.5,,,,,100.0,100.0,9065.8
4642.75,100.0,21782.3,,,,,100.0,100.0,9078.9
4643.75,0.0,21844.6,,,,,0.0,0.0,9066.0
4644.75,100.0,21844.6,,,,,100.0,100.0,9071.4
4645.75,100.0,21944.6,,,,,100.0,100.0,9085.5
4646.75,100.0,21903.7,,,,,100.0,100.0,9086.8
4647.75,0.0,21903.3,,,,,0.0,0.0,9086.8
4648.75,100.0,21861.7,,,,,100.0,100.0,9087.0
4649.75,100.0,21820.0,,,,,100.0,100.0,9087.0
4650.75,100.0,21719.8,,,,,100.0,100.0,9087.1
4651.75,0.0,21719.9,,,,,0.0,0.0,9081.6
4652.75,100.0,21719.9,,,,,100.0,100.0,9079.9
4653.75,0.0,21803.0,,,,,0.0,0.0,9074.6
4654.75,100.0,21803.0,,,,,100.0,100.0,9074.6
4655.75,100.0,21844.6,,,,,100.0,100.0,9075.6
4656.75,100.0,21944.6,,,,,100.0,100.0,9085.8
4657.75,0.0,21944.6,,,,,0.0,0.0,9085.8
4658.75,100.0,21903.3,,,,,100.0,100.0,9087.0
4659.75,100.0,21861.7,,,,,100.0,100.0,9087.1
4660.75,100.0,21820.0,,,,,100.0,100.0,9087.1
4661.75,0.0,21820.0,,,,,0.0,0.0,9087.1
4662.75,100.0,21719.9,,,,,100.0,100.0,9081.5
4663.75,0.0,21761.5,,,,,0.0,0.0,9067.5
4664.75,100.0,21782.3,,,,,100.0,100.0,9076.5
4665.75,100.0,21803.0,,,,,100.0,100.0,9082.8
4666.75,100.0,21803.0,,,,,100.0,100.0,9072.8
4667.75,0.0,21878.6,,,,,0.0,0.0,9083.1
4668.75,100.0,21944.6,,,,,100.0,100.0,9086.0
4669.75,100.0,21903.3,,,,,100.0,100.0,9087.3
4670.75,100.0,21861.7,,,,,100.0,100.0,9087.5
4671.75,0.0,21861.7,,,,,0.0,0.0,9087.5
4672.75,100.0,21820.0,,,,,100.0,100.0,9087.5
4673.75,100.0,21719.8,,,,,100.0,100.0,9065.1
4674.75,0.0,21757.7,,,,,0.0,0.0,9081.3
4675.75,100.0,21761.5,,,,,100.0,100.0,9066.8
4676.75,100.0,21761.5,,,,,100.0,100.0,9076.5
4677.75,0.0,21844.6,,,,,0.0,0.0,9065.8
4678.75,100.0,21844.6,,,,,100.0,100.0,9071.8
4679.75,100.0,21944.6,,,,,100.0,100.0,9086.1
4680.75,100.0,21903.0,,,,,100.0,100.0,9086.9
4681.75,0.0,21903.3,,,,,0.0,0.0,9087.4
4682.75,100.0,21861.7,,,,,100.0,100.0,9087.6
4683.75,100.0,21820.0,,,,,100.0,100.0,9087.6
4684.75,0.0,21820.0,,,,,0.0,0.0,9087.6
4685.75,100.0,21719.9,,,,,100.0,100.0,9082.2
4686.75,100.0,21761.5,,,,,100.0,100.0,9083.0
4687.75,0.0,21803.0,,,,,0.0,0.0,9083.1
4688.75,100.0,21803.0,,,,,100.0,100.0,9068.4
4689.75,100.0,21823.8,,,,,100.0,100.0,9077.2
4690.75,0.0,21878.6,,,,,0.0,0.0,9082.0
4691.75,100.0,21944.6,,,,,100.0,100.0,9084.6
4692.75,100.0,21903.3,,,,,100.0,100.0,9086.0
4693.75,100.0,21861.7,,,,,100.0,100.0,9086.2
4694.75,0.0,21861.7,,,,,0.0,0.0,9086.2
4695.75,100.0,21820.0,,,,,100.0,100.0,9086.2
4696.75,100.0,21719.9,,,,,100.0,100.0,9080.3
4697.76,0.0,21761.5,,,,,0.0,0.0,9067.2
4698.76,100.0,21761.5,,,,,100.0,100.0,9074.8
4699.76,100.0,21803.0,,,,,100.0,100.0,9082.1
4700.76,0.0,21844.6,,,,,0.0,0.0,9075.2
4701.76,100.0,21878.6,,,,,100.0,100.0,9082.6
4702.76,100.0,21944.6,,,,,100.0,100.0,9085.4
4703.76,100.0,21903.3,,,,,100.0,100.0,9086.8
4704.76,0.0,21903.3,,,,,0.0,0.0,9086.8
4705.76,100.0,21861.7,,,,,100.0,100.0,9087.0
4706.76,100.0,21820.0,,,,,100.0,100.0,9087.0
4707.76,100.0,21719.8,,,,,100.0,100.0,9066.5
4708.76,0.0,21761.5,,,,,0.0,0.0,9081.3
4709.76,100.0,21761.5,,,,,100.0,100.0,9068.6
4710.76,0.0,21803.0,,,,,0.0,0.0,9075.1
4711.76,100.0,21844.6,,,,,100.0,100.0,9083.1
4712.76,100.0,21844.6,,,,,100.0,100.0,9073.5
4713.76,100.0,21944.6,,,,,100.0,100.0,9085.5
4714.76,0.0,21944.6,,,,,0.0,0.0,9085.5
4715.76,100.0,21903.3,,,,,100.0,100.0,9087.0
4716.76,100.0,21861.7,,,,,100.0,100.0,9087.1
4717.76,100.0,21820.0,,,,,100.0,100.0,9087.1
4718.76,0.0,21820.0,,,,,0.0,0.0,9087.1
4719.76,100.0,21719.9,,,,,100.0,100.0,9081.6
4720.76,0.0,21782.3,,,,,0.0,0.0,9079.2
4721.76,100.0,21803.0,,,,,100.0,100.0,9075.4
4722.76,100.0,21823.8,,,,,100.0,100.0,9077.7
4723.76,100.0,21844.6,,,,,100.0,100.0,9076.9
4724.76,0.0,21878.6,,,,,0.0,0.0,9083.3
4725.76,100.0,21944.6,,,,,100.0,100.0,9085.9
4726.76,100.0,21903.3,,,,,100.0,100.0,9087.3
4727.76,100.0,21861.7,,,,,100.0,100.0,9087.5
4728.76,0.0,21861.7,,,,,0.0,0.0,9087.5
4729.76,100.0,21820.0,,,,,100.0,100.0,9087.5
4730.76,100.0,21704.5,,,,,100.0,100.0,9080.1
4731.76,0.0,21761.5,,,,,0.0,0.0,9082.0
4732.76,100.0,21778.5,,,,,100.0,100.0,9077.8
4733.76,100.0,21803.0,,,,,100.0,100.0,9082.9
4734.76,0.0,21844.6,,,,,0.0,0.0,9075.4
4735.76,100.0,21878.6,,,,,100.0,100.0,9083.4
4736.76,100.0,21944.6,,,,,100.0,100.0,9086.2
4737.76,100.0,21903.3,,,,,100.0,100.0,9087.6
4738.76,0.0,21903.3,,,,,0.0,0.0,9087.6
4739.76,100.0,21861.7,,,,,100.0,100.0,9087.8
4740.76,100.0,21820.0,,,,,100.0,100.0,9087.8
4741.76,100.0,21719.8,,,,,100.0,100.0,9067.6
4742.76,0.0,21736.9,,,,,0.0,0.0,9079.7
4743.76,100.0,21761.5,,,,,100.0,100.0,9068.5
4744.76,0.0,21803.0,,,,,0.0,0.0,9076.6
4745.76,100.0,21844.6,,,,,100.0,100.0,9083.9
4746.76,100.0,21844.6,,,,,100.0,100.0,9075.0
4747.76,100.0,21944.6,,,,,100.0,100.0,9086.5
4748.76,0.0,21944.6,,,,,0.0,0.0,9086.5
4749.76,100.0,21903.3,,,,,100.0,100.0,9087.7
4750.76,100.0,21861.7,,,,,100.0,100.0,9087.9
4751.76,100.0,21820.0,,,,,100.0,100.0,9087.9
4752.76,0.0,21820.0,,,,,0.0,0.0,9087.9
4753.76,100.0,21719.9,,,,,100.0,100.0,9073.3
4754.76,0.0,21761.5,,,,,0.0,0.0,9077.3
4755.76,100.0,21803.0,,,,,100.0,100.0,9067.7
4756.76,100.0,21803.0,,,,,100.0,100.0,9075.0
4757.76,100.0,21844.6,,,,,100.0,100.0,9066.3
4758.76,0.0,21878.6,,,,,0.0,0.0,9084.0
4759.76,100.0,21944.6,,,,,100.0,100.0,9086.6
4760.76,100.0,21903.3,,,,,100.0,100.0,9088.0
4761.76,100.0,21861.7,,,,,100.0,100.0,9088.2
4762.76,0.0,21861.7,,,,,0.0,0.0,9088.2
4763.76,100.0,21820.0,,,,,100.0,100.0,9088.2
4764.76,100.0,21685.8,,,,,100.0,100.0,9078.8
4765.76,0.0,21761.5,,,,,0.0,0.0,9082.7
4766.77,100.0,21761.5,,,,,100.0,100.0,9077.9
4767.77,100.0,21803.0,,,,,100.0,100.0,9083.6
4768.77,0.0,21844.6,,,,,0.0,0.0,9074.9
4769.77,100.0,21878.6,,,,,100.0,100.0,9084.1
4770.77,100.0,21944.6,,,,,100.0,100.0,9086.8
4771.77,100.0,21903.3,,,,,100.0,100.0,9088.2
4772.77,0.0,21903.3,,,,,0.0,0.0,9088.2
4773.77,100.0,21861.7,,,,,100.0,100.0,9088.4
4774.77,100.0,21820.0,,,,,100.0,100.0,9088.4
4775.77,100.0,21719.8,,,,,100.0,100.0,9068.2
4776.77,0.0,21740.7,,,,,0.0,0.0,9079.9
4777.77,100.0,21761.5,,,,,100.0,100.0,9068.6
4778.77,0.0,21823.8,,,,,0.0,0.0,9078.6
4779.77,100.0,21844.6,,,,,100.0,100.0,9078.1
4780.77,100.0,21861.6,,,,,100.0,100.0,9078.5
4781.77,100.0,21944.6,,,,,100.0,100.0,9087.2
4782.77,0.0,21944.6,,,,,0.0,0.0,9087.2
4783.77,100.0,21903.3,,,,,100.0,100.0,9088.6
4784.77,100.0,21861.7,,,,,100.0,100.0,9088.7
4785.77,100.0,21820.0,,,,,100.0,100.0,9088.7
4786.77,0.0,21820.0,,,,,0.0,0.0,9088.7
4787.77,100.0,21719.9,,,,,100.0,100.0,9067.4
4788.77,0.0,21761.5,,,,,0.0,0.0,9075.1
4789.77,100.0,21803.0,,,,,100.0,100.0,9066.1
4790.77,100.0,21803.0,,,,,100.0,100.0,9072.4
4791.77,100.0,21844.6,,,,,100.0,100.0,9066.0
4792.77,0.0,21878.6,,,,,0.0,0.0,9084.9
4793.77,100.0,21944.6,,,,,100.0,100.0,9087.4
4794.77,100.0,21903.3,,,,,100.0,100.0,9088.8
4795.77,100.0,21861.7,,,,,100.0,100.0,9089.0
4796.77,0.0,21861.7,,,,,0.0,0.0,9089.0
4797.77,100.0,21820.0,,,,,100.0,100.0,9089.0
4798.77,100.0,21719.8,,,,,100.0,100.0,9078.4
4799.77,0.0,21761.5,,,,,0.0,0.0,9083.7
4800.77,100.0,21761.5,,,,,100.0,100.0,9079.6
4801.77,100.0,21803.0,,,,,100.0,100.0,9076.5
4802.77,0.0,21844.6,,,,,0.0,0.0,9075.4
4803.77,100.0,21861.6,,,,,100.0,100.0,9084.5
4804.77,100.0,21944.6,,,,,100.0,100.0,9087.7
4805.77,100.0,21903.3,,,,,100.0,100.0,9089.0
4806.77,0.0,21903.3,,,,,0.0,0.0,9089.0
4807.77,100.0,21861.7,,,,,100.0,100.0,9089.1
4808.77,100.0,21820.0,,,,,100.0,100.0,9089.1
4809.77,100.0,21719.8,,,,,100.0,100.0,9068.4
4810.77,0.0,21719.9,,,,,0.0,0.0,9076.6
4811.77,100.0,21761.5,,,,,100.0,100.0,9084.2
4812.77,0.0,21803.0,,,,,0.0,0.0,9076.0
4813.77,100.0,21844.6,,,,,100.0,100.0,9085.4
4814.77,100.0,21844.6,,,,,100.0,100.0,9075.1
4815.77,100.0,21944.6,,,,,100.0,100.0,9088.0
4816.77,0.0,21944.6,,,,,0.0,0.0,9088.0
4817.77,100.0,21903.3,,,,,100.0,100.0,9089.4
4818.77,100.0,21861.7,,,,,100.0,100.0,9089.5
4819.77,100.0,21820.0,,,,,100.0,100.0,9089.5
4820.77,0.0,21820.0,,,,,0.0,0.0,9089.5
4821.77,100.0,21719.9,,,,,100.0,100.0,9069.8
4822.77,0.0,21761.5,,,,,0.0,0.0,9077.7
4823.77,100.0,21803.0,,,,,100.0,100.0,9069.3
4824.77,100.0,21803.0,,,,,100.0,100.0,9077.6
4825.77,100.0,21844.6,,,,,100.0,100.0,9085.9
4826.77,0.0,21878.6,,,,,0.0,0.0,9085.6
4827.77,100.0,21944.6,,,,,100.0,100.0,9088.2
4828.77,100.0,21903.3,,,,,100.0,100.0,9089.6
4829.77,100.0,21861.7,,,,,100.0,100.0,9089.8
4830.77,0.0,21861.7,,,,,0.0,0.0,9089.8
4831.77,100.0,21820.0,,,,,100.0,100.0,9089.8
4832.77,100.0,21719.8,,,,,100.0,100.0,9077.8
4833.77,0.0,21761.5,,,,,0.0,0.0,9076.8
4834.78,100.0,21761.5,,,,,100.0,100.0,9078.3
4835.78,100.0,21803.0,,,,,100.0,100.0,9078.4
4836.78,0.0,21844.6,,,,,0.0,0.0,9083.3
4837.78,100.0,21861.6,,,,,100.0,100.0,9084.3
4838.78,100.0,21944.6,,,,,100.0,100.0,9088.6
4839.78,100.0,21903.3,,,,,100.0,100.0,9089.9
4840.78,0.0,21903.3,,,,,0.0,0.0,9089.9
4841.78,100.0,21861.7,,,,,100.0,100.0,9090.1
4842.78,100.0,21820.0,,,,,100.0,100.0,9090.1
4843.78,100.0,21719.8,,,,,100.0,100.0,9068.9
4844.78,0.0,21719.9,,,,,0.0,0.0,9076.5
4845.78,100.0,21761.5,,,,,100.0,100.0,9085.1
4846.78,0.0,21803.0,,,,,0.0,0.0,9076.2
4847.78,100.0,21844.6,,,,,100.0,100.0,9086.2
4848.78,100.0,21844.6,,,,,100.0,100.0,9075.0
4849.78,100.0,21944.6,,,,,100.0,100.0,9088.6
4850.78,0.0,21944.6,,,,,0.0,0.0,9088.6
4851.78,100.0,21903.3,,,,,100.0,100.0,9090.0
4852.78,100.0,21861.7,,,,,100.0,100.0,9090.2
4853.78,100.0,21820.0,,,,,100.0,100.0,9090.2
4854.78,0.0,21820.0,,,,,0.0,0.0,9090.2
4855.78,100.0,21719.9,,,,,100.0,100.0,9069.3
4856.78,0.0,21761.5,,,,,0.0,0.0,9074.6
4857.78,100.0,21803.0,,,,,100.0,100.0,9066.9
4858.78,100.0,21803.0,,,,,100.0,100.0,9073.9
4859.78,100.0,21823.8,,,,,100.0,100.0,9083.6
4860.78,0.0,21878.6,,,,,0.0,0.0,9086.4
4861.78,100.0,21944.6,,,,,100.0,100.0,9089.0
4862.78,100.0,21903.3,,,,,100.0,100.0,9090.3
4863.78,100.0,21861.7,,,,,100.0,100.0,9090.5
4864.78,0.0,21861.7,,,,,0.0,0.0,9090.5
4865.78,100.0,21820.0,,,,,100.0,100.0,9090.5
4866.78,100.0,21719.8,,,,,100.0,100.0,9077.2
4867.78,0.0,21761.5,,,,,0.0,0.0,9085.1
4868.78,100.0,21761.5,,,,,100.0,100.0,9075.6
4869.78,100.0,21803.0,,,,,100.0,100.0,9076.7
4870.78,0.0,21844.6,,,,,0.0,0.0,9080.9
4871.78,100.0,21861.6,,,,,100.0,100.0,9085.5
4872.78,100.0,21944.6,,,,,100.0,100.0,9089.3
4873.78,100.0,21903.3,,,,,100.0,100.0,9090.6
4874.78,0.0,21903.3,,,,,0.0,0.0,9090.6
4875.78,100.0,21861.7,,,,,100.0,100.0,9090.8
4876.78,100.0,21820.0,,,,,100.0,100.0,9090.8
4877.78,100.0,21719.8,,,,,100.0,100.0,9066.5
4878.78,0.0,21719.9,,,,,0.0,0.0,9076.2
4879.78,100.0,21761.5,,,,,100.0,100.0,9085.9
4880.78,0.0,21803.0,,,,,0.0,0.0,9077.5
4881.78,100.0,21844.6,,,,,100.0,100.0,9087.1
4882.78,100.0,21844.6,,,,,100.0,100.0,9075.8
4883.78,100.0,21944.6,,,,,100.0,100.0,9089.4
4884.78,0.0,21944.6,,,,,0.0,0.0,9089.4
4885.78,100.0,21903.3,,,,,100.0,100.0,9090.8
4886.78,100.0,21861.7,,,,,100.0,100.0,9091.0
4887.78,100.0,21820.0,,,,,100.0,100.0,9091.0
4888.78,0.0,21820.0,,,,,0.0,0.0,9091.0
4889.78,100.0,21719.9,,,,,100.0,100.0,9067.1
4890.78,0.0,21761.5,,,,,0.0,0.0,9075.9
4891.78,100.0,21803.0,,,,,100.0,100.0,9086.3
4892.78,100.0,21803.0,,,,,100.0,100.0,9073.3
4893.78,100.0,21823.8,,,,,100.0,100.0,9085.1
4894.78,0.0,21878.6,,,,,0.0,0.0,9087.1
4895.78,100.0,21944.6,,,,,100.0,100.0,9089.6
4896.78,100.0,21903.3,,,,,100.0,100.0,9091.0
4897.78,100.0,21861.7,,,,,100.0,100.0,9091.1
4898.78,0.0,21861.7,,,,,0.0,0.0,9091.1
4899.78,100.0,21820.0,,,,,100.0,100.0,9091.2
4900.78,100.0,21719.8,,,,,100.0,100.0,9076.2
4901.78,0.0,21761.5,,,,,0.0,0.0,9076.9
4902.78,100.0,21761.5,,,,,100.0,100.0,9073.4
4903.79,100.0,21803.0,,,,,100.0,100.0,9076.8
4904.79,0.0,21844.6,,,,,0.0,0.0,9081.2
4905.79,100.0,21844.6,,,,,100.0,100.0,9082.0
4906.79,100.0,21944.6,,,,,100.0,100.0,9089.9
4907.79,100.0,21903.3,,,,,100.0,100.0,9091.3
4908.79,0.0,21903.3,,,,,0.0,0.0,9091.3
4909.79,100.0,21861.7,,,,,100.0,100.0,9091.5
4910.79,100.0,21820.0,,,,,100.0,100.0,9091.5
4911.79,100.0,21719.8,,,,,100.0,100.0,9091.7
4912.79,0.0,21719.9,,,,,0.0,0.0,9076.3
4913.79,100.0,21761.5,,,,,100.0,100.0,9086.2
4914.79,0.0,21803.0,,,,,0.0,0.0,9075.9
4915.79,100.0,21844.6,,,,,100.0,100.0,9087.7
4916.79,100.0,21844.6,,,,,100.0,100.0,9087.8
4917.79,100.0,21944.6,,,,,100.0,100.0,9090.2
4918.79,0.0,21944.6,,,,,0.0,0.0,9090.2
4919.79,100.0,21903.3,,,,,100.0,100.0,9091.6
4920.79,100.0,21861.7,,,,,100.0,100.0,9091.7
4921.79,100.0,21820.0,,,,,100.0,100.0,9091.7
4922.79,0.0,21820.0,,,,,0.0,0.0,9091.7
4923.79,100.0,21719.9,,,,,100.0,100.0,9067.5
4924.79,0.0,21761.5,,,,,0.0,0.0,9074.7
4925.79,100.0,21803.0,,,,,100.0,100.0,9087.0
4926.79,100.0,21803.0,,,,,100.0,100.0,9073.3
4927.79,100.0,21823.8,,,,,100.0,100.0,9082.1
4928.79,0.0,21878.6,,,,,0.0,0.0,9087.8
4929.79,100.0,21944.6,,,,,100.0,100.0,9090.4
4930.79,100.0,21903.3,,,,,100.0,100.0,9091.8
4931.79,100.0,21861.7,,,,,100.0,100.0,9092.0
4932.79,0.0,21861.7,,,,,0.0,0.0,9092.0
4933.79,100.0,21820.0,,,,,100.0,100.0,9092.0
4934.79,100.0,21719.8,,,,,100.0,100.0,9076.2
4935.79,0.0,21761.5,,,,,0.0,0.0,9077.6
4936.79,100.0,21761.5,,,,,100.0,100.0,9081.5
4937.79,100.0,21803.0,,,,,100.0,100.0,9078.0
4938.79,0.0,21844.6,,,,,0.0,0.0,9082.1
4939.79,100.0,21861.6,,,,,100.0,100.0,9083.2
4940.79,100.0,21944.6,,,,,100.0,100.0,9090.7
4941.79,100.0,21903.3,,,,,100.0,100.0,9092.0
4942.79,0.0,21903.3,,,,,0.0,0.0,9092.0
4943.79,100.0,21861.7,,,,,100.0,100.0,9092.1
4944.79,100.0,21820.0,,,,,100.0,100.0,9092.1
4945.79,100.0,21719.8,,,,,100.0,100.0,9092.3
4946.79,0.0,21719.9,,,,,0.0,0.0,9076.0
4947.79,100.0,21761.5,,,,,100.0,100.0,9086.9
4948.79,0.0,21803.0,,,,,0.0,0.0,9075.9
4949.79,100.0,21844.6,,,,,100.0,100.0,9088.3
4950.79,100.0,21844.6,,,,,100.0,100.0,9088.5
4951.79,100.0,21944.6,,,,,100.0,100.0,9090.9
4952.79,0.0,21944.6,,,,,0.0,0.0,9090.9
4953.79,100.0,21903.3,,,,,100.0,100.0,9092.3
4954.79,100.0,21861.7,,,,,100.0,100.0,9092.4
4955.79,100.0,21820.0,,,,,100.0,100.0,9092.4
4956.79,0.0,21820.0,,,,,0.0,0.0,9092.4
4957.79,100.0,21719.9,,,,,100.0,100.0,9067.9
4958.79,0.0,21761.5,,,,,0.0,0.0,9075.3
4959.79,100.0,21803.0,,,,,100.0,100.0,9087.8
4960.79,100.0,21803.0,,,,,100.0,100.0,9075.1
4961.79,100.0,21823.8,,,,,100.0,100.0,9083.2
4962.79,0.0,21878.6,,,,,0.0,0.0,9088.6
4963.79,100.0,21944.6,,,,,100.0,100.0,9091.1
4964.79,100.0,21903.3,,,,,100.0,100.0,9092.5
4965.79,100.0,21861.7,,,,,100.0,100.0,9092.7
4966.79,0.0,21861.7,,,,,0.0,0.0,9092.7
4967.79,100.0,21820.0,,,,,100.0,100.0,9092.7
4968.79,100.0,21719.8,,,,,100.0,100.0,9074.5
4969.79,0.0,21761.5,,,,,0.0,0.0,9068.2
4970.79,100.0,21761.5,,,,,100.0,100.0,9074.8
4971.8,100.0,21803.0,,,,,100.0,100.0,9087.9
4972.8,0.0,21844.6,,,,,0.0,0.0,9074.3
4973.8,100.0,21844.6,,,,,100.0,100.0,9082.5
4974.8,100.0,21944.6,,,,,100.0,100.0,9091.4
4975.8,100.0,21903.3,,,,,100.0,100.0,9092.7
4976.8,0.0,21903.3,,,,,0.0,0.0,9092.7
4977.8,100.0,21861.7,,,,,100.0,100.0,9092.9
4978.8,100.0,21820.0,,,,,100.0,100.0,9092.9
4979.8,100.0,21719.8,,,,,100.0,100.0,9093.1
4980.8,0.0,21719.9,,,,,0.0,0.0,9076.3
4981.8,100.0,21761.5,,,,,100.0,100.0,9087.9
4982.8,0.0,21803.0,,,,,0.0,0.0,9076.7
4983.8,100.0,21823.8,,,,,100.0,100.0,9086.9
4984.8,100.0,21844.6,,,,,100.0,100.0,9081.8
4985.8,100.0,21944.6,,,,,100.0,100.0,9091.6
4986.8,0.0,21944.6,,,,,0.0,0.0,9091.6
4987.8,100.0,21903.3,,,,,100.0,100.0,9093.0
4988.8,100.0,21861.7,,,,,100.0,100.0,9093.1
4989.8,100.0,21820.0,,,,,100.0,100.0,9093.1
4990.8,0.0,21820.0,,,,,0.0,0.0,9093.1
4991.8,100.0,21719.9,,,,,100.0,100.0,9087.6
4992.8,0.0,21761.5,,,,,0.0,0.0,9075.9
4993.8,100.0,21803.0,,,,,100.0,100.0,9088.7
4994.8,100.0,21803.0,,,,,100.0,100.0,9075.9
4995.8,100.0,21803.0,,,,,100.0,100.0,9085.7
4996.8,0.0,21878.6,,,,,0.0,0.0,9089.5
4997.8,100.0,21944.6,,,,,100.0,100.0,9092.0
4998.8,100.0,21903.3,,,,,100.0,100.0,9093.3
4999.8,100.0,21861.7,,,,,100.0,100.0,9093.4
5000.8,0.0,21861.7,,,,,0.0,0.0,9093.4
5001.8,100.0,21820.0,,,,,100.0,100.0,9093.5
5002.8,100.0,21719.8,,,,,100.0,100.0,9074.8
5003.8,0.0,21761.5,,,,,0.0,0.0,9069.8
5004.8,100.0,21761.5,,,,,100.0,100.0,9076.9
5005.8,100.0,21803.0,,,,,100.0,100.0,9089.6
5006.8,0.0,21844.6,,,,,0.0,0.0,9076.5
5007.8,100.0,21861.6,,,,,100.0,100.0,9086.7
5008.8,100.0,21944.6,,,,,100.0,100.0,9092.4
5009.8,100.0,21903.3,,,,,100.0,100.0,9093.7
5010.8,0.0,21903.3,,,,,0.0,0.0,9093.7
5011.8,100.0,21861.7,,,,,100.0,100.0,9093.9
5012.8,100.0,21820.0,,,,,100.0,100.0,9093.9
5013.8,100.0,21719.8,,,,,100.0,100.0,9094.1
5014.8,0.0,21719.9,,,,,0.0,0.0,9076.6
5015.8,100.0,21761.5,,,,,100.0,100.0,9085.1
5016.8,0.0,21803.0,,,,,0.0,0.0,9083.0
5017.8,100.0,21844.6,,,,,100.0,100.0,9080.1
5018.8,100.0,21844.6,,,,,100.0,100.0,9083.4
5019.8,100.0,21944.6,,,,,100.0,100.0,9092.5
5020.8,0.0,21944.6,,,,,0.0,0.0,9092.5
5021.8,100.0,21903.3,,,,,100.0,100.0,9093.9
5022.8,100.0,21861.7,,,,,100.0,100.0,9094.1
5023.8,100.0,21820.0,,,,,100.0,100.0,9094.1
5024.8,0.0,21820.0,,,,,0.0,0.0,9094.1
5025.8,100.0,21719.9,,,,,100.0,100.0,9088.4
5026.8,0.0,21761.5,,,,,0.0,0.0,9076.5
5027.8,100.0,21782.3,,,,,100.0,100.0,9087.4
5028.8,100.0,21803.0,,,,,100.0,100.0,9075.3
5029.8,100.0,21823.8,,,,,100.0,100.0,9084.7
5030.8,0.0,21878.6,,,,,0.0,0.0,9090.2
5031.8,100.0,21944.6,,,,,100.0,100.0,9092.7
5032.8,100.0,21902.9,,,,,100.0,100.0,9094.1
5033.8,100.0,21861.3,,,,,100.0,100.0,9094.3
5034.8,0.0,21861.3,,,,,0.0,0.0,9094.3
5035.8,100.0,21819.6,,,,,100.0,100.0,9094.3
5036.8,100.0,21719.4,,,,,100.0,100.0,9075.2
5037.8,0.0,21761.1,,,,,0.0,0.0,9069.2
5038.8,100.0,21761.1,,,,,100.0,100.0,9075.8
5039.8,100.0,21861.2,,,,,100.0,100.0,9093.6
5040.8,0.0,21861.2,,,,,0.0,0.0,9093.6
5041.8,100.0,21819.6,,,,,100.0,100.0,9093.6
5042.81,100.0,21719.8,,,,,100.0,100.0,9076.0
5043.81,0.0,21761.5,,,,,0.0,0.0,9088.9
5044.81,100.0,21761.5,,,,,100.0,100.0,9089.0
5045.81,100.0,21782.3,,,,,100.0,100.0,9087.3
5046.81,0.0,21844.6,,,,,0.0,0.0,9083.5
5047.81,100.0,21844.6,,,,,100.0,100.0,9083.5
5048.81,100.0,21944.6,,,,,100.0,100.0,9093.1
5049.81,100.0,21903.3,,,,,100.0,100.0,9094.5
5050.81,0.0,21903.3,,,,,0.0,0.0,9094.5
5051.81,100.0,21861.7,,,,,100.0,100.0,9094.6
5052.81,100.0,21820.0,,,,,100.0,100.0,9094.7
5053.81,100.0,21719.8,,,,,100.0,100.0,9094.8
5054.81,0.0,21719.9,,,,,0.0,0.0,9077.0
5055.81,100.0,21761.5,,,,,100.0,100.0,9089.4
5056.81,0.0,21803.0,,,,,0.0,0.0,9077.0
5057.81,100.0,21803.0,,,,,100.0,100.0,9086.5
5058.81,100.0,21844.6,,,,,100.0,100.0,9090.8
5059.81,100.0,21944.6,,,,,100.0,100.0,9093.3
5060.81,0.0,21944.6,,,,,0.0,0.0,9093.3
5061.81,100.0,21903.3,,,,,100.0,100.0,9094.7
5062.81,100.0,21861.7,,,,,100.0,100.0,9094.9
5063.81,100.0,21820.0,,,,,100.0,100.0,9094.9
5064.81,0.0,21820.0,,,,,0.0,0.0,9094.9
5065.81,100.0,21719.9,,,,,100.0,100.0,9069.1
5066.81,0.0,21761.5,,,,,0.0,0.0,9076.3
5067.81,100.0,21803.0,,,,,100.0,100.0,9090.1
5068.81,100.0,21803.0,,,,,100.0,100.0,9076.9
5069.81,100.0,21823.8,,,,,100.0,100.0,9089.1
5070.81,0.0,21878.6,,,,,0.0,0.0,9091.0
5071.81,100.0,21944.6,,,,,100.0,100.0,9093.7
5072.81,100.0,21903.3,,,,,100.0,100.0,9095.0
5073.81,100.0,21861.7,,,,,100.0,100.0,9095.2
5074.81,0.0,21861.7,,,,,0.0,0.0,9095.2
5075.81,100.0,21820.0,,,,,100.0,100.0,9095.2
5076.81,100.0,21719.8,,,,,100.0,100.0,9076.6
5077.81,0.0,21761.5,,,,,0.0,0.0,9089.6
5078.81,100.0,21761.5,,,,,100.0,100.0,9089.7
5079.81,100.0,21761.5,,,,,100.0,100.0,9086.4
5080.81,0.0,21844.6,,,,,0.0,0.0,9091.3
5081.81,100.0,21844.6,,,,,100.0,100.0,9081.6
5082.81,100.0,21944.6,,,,,100.0,100.0,9093.8
5083.81,100.0,21903.3,,,,,100.0,100.0,9095.1
5084.81,0.0,21903.3,,,,,0.0,0.0,9095.1
5085.81,100.0,21861.7,,,,,100.0,100.0,9095.3
5086.81,100.0,21820.0,,,,,100.0,100.0,9095.3
5087.81,100.0,21719.8,,,,,100.0,100.0,9095.5
5088.81,0.0,21719.9,,,,,0.0,0.0,9077.0
5089.81,100.0,21761.5,,,,,100.0,100.0,9089.8
5090.81,0.0,21803.0,,,,,0.0,0.0,9078.4
5091.81,100.0,21821.5,,,,,100.0,100.0,9090.3
5092.81,100.0,21844.6,,,,,100.0,100.0,9091.6
5093.81,100.0,21944.6,,,,,100.0,100.0,9094.0
5094.81,0.0,21944.6,,,,,0.0,0.0,9094.0
5095.81,100.0,21903.3,,,,,100.0,100.0,9095.3
5096.81,100.0,21861.7,,,,,100.0,100.0,9095.5
5097.81,100.0,21820.0,,,,,100.0,100.0,9095.5
5098.81,0.0,21820.0,,,,,0.0,0.0,9095.5
5099.81,100.0,21719.9,,,,,100.0,100.0,9089.8
5100.81,0.0,21761.5,,,,,0.0,0.0,9077.3
5101.81,100.0,21803.0,,,,,100.0,100.0,9090.8
5102.81,100.0,21803.0,,,,,100.0,100.0,9076.8
5103.81,100.0,21803.0,,,,,100.0,100.0,9084.6
5104.81,0.0,21878.6,,,,,0.0,0.0,9091.9
5105.81,100.0,21944.6,,,,,100.0,100.0,9094.4
5106.81,100.0,21903.3,,,,,100.0,100.0,9095.7
5107.81,100.0,21861.7,,,,,100.0,100.0,9095.9
5108.82,0.0,21861.7,,,,,0.0,0.0,9095.9
5109.82,100.0,21820.0,,,,,100.0,100.0,9095.9
5110.82,100.0,21719.8,,,,,100.0,100.0,9077.2
5111.82,0.0,21761.5,,,,,0.0,0.0,9070.6
5112.82,100.0,21761.5,,,,,100.0,100.0,9077.2
5113.82,100.0,21782.3,,,,,100.0,100.0,9089.5
5114.82,0.0,21844.6,,,,,0.0,0.0,9076.9
5115.82,100.0,21844.6,,,,,100.0,100.0,9085.3
5116.82,100.0,21944.6,,,,,100.0,100.0,9094.5
5117.82,100.0,21903.3,,,,,100.0,100.0,9095.8
5118.82,0.0,21903.3,,,,,0.0,0.0,9095.8
5119.82,100.0,21861.7,,,,,100.0,100.0,9096.0
5120.82,100.0,21820.0,,,,,100.0,100.0,9096.0
5121.82,100.0,21719.8,,,,,100.0,100.0,9096.1
5122.82,0.0,21719.9,,,,,0.0,0.0,9077.9
5123.82,100.0,21761.5,,,,,100.0,100.0,9090.9
5124.82,0.0,21803.0,,,,,0.0,0.0,9091.5
5125.82,100.0,21823.8,,,,,100.0,100.0,9078.5
5126.82,100.0,21844.6,,,,,100.0,100.0,9085.6
5127.82,100.0,21944.6,,,,,100.0,100.0,9094.7
5128.82,0.0,21944.6,,,,,0.0,0.0,9094.7
5129.82,100.0,21903.3,,,,,100.0,100.0,9096.0
5130.82,100.0,21861.7,,,,,100.0,100.0,9096.2
5131.82,100.0,21820.0,,,,,100.0,100.0,9096.2
5132.82,0.0,21820.0,,,,,0.0,0.0,9096.2
5133.82,100.0,21719.9,,,,,100.0,100.0,9090.5
5134.82,0.0,21761.5,,,,,0.0,0.0,9079.2
5135.82,100.0,21803.0,,,,,100.0,100.0,9091.5
5136.82,100.0,21803.0,,,,,100.0,100.0,9078.4
5137.82,100.0,21823.1,,,,,100.0,100.0,9089.1
5138.82,0.0,21878.6,,,,,0.0,0.0,9092.3
5139.82,100.0,21944.6,,,,,100.0,100.0,9094.9
5140.82,100.0,21903.3,,,,,100.0,100.0,9096.2
5141.82,100.0,21861.7,,,,,100.0,100.0,9096.4
5142.82,0.0,21861.7,,,,,0.0,0.0,9096.4
5143.82,100.0,21820.0,,,,,100.0,100.0,9096.4
5144.82,100.0,21719.8,,,,,100.0,100.0,9086.5
5145.82,0.0,21761.5,,,,,0.0,0.0,9071.0
5146.82,100.0,21761.5,,,,,100.0,100.0,9076.9
5147.82,100.0,21782.3,,,,,100.0,100.0,9087.9
5148.82,0.0,21844.6,,,,,0.0,0.0,9085.9
5149.82,100.0,21844.6,,,,,100.0,100.0,9086.1
5150.82,100.0,21944.6,,,,,100.0,100.0,9095.1
5151.82,100.0,21903.3,,,,,100.0,100.0,9096.5
5152.82,0.0,21903.3,,,,,0.0,0.0,9096.5
5153.82,100.0,21861.7,,,,,100.0,100.0,9096.6
5154.82,100.0,21820.0,,,,,100.0,100.0,9096.6
5155.82,100.0,21719.8,,,,,100.0,100.0,9096.8
5156.82,0.0,21719.9,,,,,0.0,0.0,9078.4
5157.82,100.0,21761.5,,,,,100.0,100.0,9091.6
5158.82,0.0,21803.0,,,,,0.0,0.0,9092.2
5159.82,100.0,21823.8,,,,,100.0,100.0,9087.9
5160.82,100.0,21844.6,,,,,100.0,100.0,9084.1
5161.82,100.0,21944.6,,,,,100.0,100.0,9095.4
5162.82,0.0,21944.6,,,,,0.0,0.0,9095.4
5163.82,100.0,21903.3,,,,,100.0,100.0,9096.7
5164.82,100.0,21861.7,,,,,100.0,100.0,9096.8
5165.82,100.0,21820.0,,,,,100.0,100.0,9096.8
5166.82,0.0,21820.0,,,,,0.0,0.0,9096.8
5167.82,100.0,21719.9,,,,,100.0,100.0,9091.2
5168.82,0.0,21761.5,,,,,0.0,0.0,9078.2
5169.82,100.0,21782.3,,,,,100.0,100.0,9089.1
5170.82,100.0,21803.0,,,,,100.0,100.0,9077.6
5171.82,100.0,21803.0,,,,,100.0,100.0,9085.6
5172.82,0.0,21878.6,,,,,0.0,0.0,9092.9
5173.82,100.0,21944.6,,,,,100.0,100.0,9095.5
5174.82,100.0,21903.3,,,,,100.0,100.0,9096.9
5175.83,100.0,21861.7,,,,,100.0,100.0,9097.1
5176.83,0.0,21861.7,,,,,0.0,0.0,9097.1
5177.83,100.0,21820.0,,,,,100.0,100.0,9097.1
5178.83,100.0,21719.8,,,,,100.0,100.0,9075.8
5179.83,0.0,21761.5,,,,,0.0,0.0,9091.7
5180.83,100.0,21761.5,,,,,100.0,100.0,9076.5
5181.83,100.0,21761.5,,,,,100.0,100.0,9086.2
5182.83,0.0,21844.6,,,,,0.0,0.0,9076.2
5183.83,100.0,21844.6,,,,,100.0,100.0,9082.8
5184.83,100.0,21944.6,,,,,100.0,100.0,9095.8
5185.83,100.0,21903.3,,,,,100.0,100.0,9097.1
5186.83,0.0,21903.3,,,,,0.0,0.0,9097.1
5187.83,100.0,21861.7,,,,,100.0,100.0,9097.3
5188.83,100.0,21820.0,,,,,100.0,100.0,9097.3
5189.83,100.0,21719.8,,,,,100.0,100.0,9097.4
5190.83,0.0,21719.9,,,,,0.0,0.0,9078.1
5191.83,100.0,21740.7,,,,,100.0,100.0,9090.0
5192.83,0.0,21803.0,,,,,0.0,0.0,9092.9
5193.83,100.0,21803.0,,,,,100.0,100.0,9084.9
5194.83,100.0,21844.6,,,,,100.0,100.0,9093.7
5195.83,100.0,21944.6,,,,,100.0,100.0,9096.1
5196.83,0.0,21944.6,,,,,0.0,0.0,9096.1
5197.83,100.0,21903.3,,,,,100.0,100.0,9097.3
5198.83,100.0,21861.7,,,,,100.0,100.0,9097.5
5199.83,100.0,21820.0,,,,,100.0,100.0,9097.5
5200.83,0.0,21820.0,,,,,0.0,0.0,9097.5
5201.83,100.0,21719.9,,,,,100.0,100.0,9091.7
5202.83,0.0,21761.5,,,,,0.0,0.0,9078.4
5203.83,100.0,21761.5,,,,,100.0,100.0,9087.8
5204.83,100.0,21803.0,,,,,100.0,100.0,9093.1
5205.83,100.0,21803.0,,,,,100.0,100.0,9081.7
5206.83,0.0,21878.6,,,,,0.0,0.0,9093.4
5207.83,100.0,21944.6,,,,,100.0,100.0,9096.2
5208.83,100.0,21903.3,,,,,100.0,100.0,9097.5
5209.83,0.0,21903.3,,,,,0.0,0.0,9097.5
5210.83,100.0,21861.7,,,,,100.0,100.0,9097.7
5211.83,100.0,21820.0,,,,,100.0,100.0,9097.7
5212.83,100.0,21719.8,,,,,100.0,100.0,9094.1
5213.83,0.0,21740.7,,,,,0.0,0.0,9089.8
5214.83,100.0,21761.5,,,,,100.0,100.0,9077.4
5215.83,0.0,21803.0,,,,,0.0,0.0,9084.6
5216.83,100.0,21844.6,,,,,100.0,100.0,9074.6
5217.83,100.0,21844.6,,,,,100.0,100.0,9081.1
5218.83,100.0,21944.6,,,,,100.0,100.0,9096.5
5219.83,0.0,21944.6,,,,,0.0,0.0,9096.5
5220.83,100.0,21903.3,,,,,100.0,100.0,9097.8
5221.83,100.0,21861.7,,,,,100.0,100.0,9097.9
5222.83,100.0,21820.0,,,,,100.0,100.0,9097.9
5223.83,0.0,21820.0,,,,,0.0,0.0,9097.9
5224.83,100.0,21719.9,,,,,100.0,100.0,9092.4
5225.83,0.0,21782.3,,,,,0.0,0.0,9089.8
5226.83,100.0,21803.0,,,,,100.0,100.0,9086.0
5227.83,100.0,21803.0,,,,,100.0,100.0,9084.7
5228.83,100.0,21844.6,,,,,100.0,100.0,9094.2
5229.83,0.0,21878.6,,,,,0.0,0.0,9094.2
5230.83,100.0,21944.6,,,,,100.0,100.0,9096.7
5231.83,100.0,21903.3,,,,,100.0,100.0,9098.0
5232.83,100.0,21861.7,,,,,100.0,100.0,9098.2
5233.83,0.0,21861.7,,,,,0.0,0.0,9098.2
5234.83,100.0,21820.0,,,,,100.0,100.0,9098.2
5235.83,100.0,21685.8,,,,,100.0,100.0,9089.0
5236.83,0.0,21761.5,,,,,0.0,0.0,9078.6
5237.84,100.0,21761.5,,,,,100.0,100.0,9085.9
5238.84,100.0,21803.0,,,,,100.0,100.0,9093.6
5239.84,0.0,21844.6,,,,,0.0,0.0,9081.6
5240.84,100.0,21861.6,,,,,100.0,100.0,9092.6
5241.84,100.0,21944.6,,,,,100.0,100.0,9096.9
5242.84,100.0,21903.3,,,,,100.0,100.0,9098.2
5243.84,0.0,21903.3,,,,,0.0,0.0,9098.2
5244.84,100.0,21861.7,,,,,100.0,100.0,9098.4
5245.84,100.0,21820.0,,,,,100.0,100.0,9098.4
5246.84,100.0,21719.8,,,,,100.0,100.0,9093.5
5247.84,0.0,21740.7,,,,,0.0,0.0,9089.1
5248.84,100.0,21761.5,,,,,100.0,100.0,9075.5
5249.84,0.0,21803.0,,,,,0.0,0.0,9088.0
5250.84,100.0,21823.8,,,,,100.0,100.0,9082.1
5251.84,100.0,21844.6,,,,,100.0,100.0,9086.3
5252.84,100.0,21944.6,,,,,100.0,100.0,9097.1
5253.84,0.0,21944.6,,,,,0.0,0.0,9097.1
5254.84,100.0,21903.3,,,,,100.0,100.0,9098.4
5255.84,100.0,21861.7,,,,,100.0,100.0,9098.6
5256.84,100.0,21820.0,,,,,100.0,100.0,9098.6
5257.84,0.0,21820.0,,,,,0.0,0.0,9098.6
5258.84,100.0,21719.9,,,,,100.0,100.0,9092.5
5259.84,0.0,21761.5,,,,,0.0,0.0,9083.2
5260.84,100.0,21782.3,,,,,100.0,100.0,9091.3
5261.84,100.0,21803.0,,,,,100.0,100.0,9078.6
5262.84,100.0,21823.8,,,,,100.0,100.0,9087.3
5263.84,0.0,21878.6,,,,,0.0,0.0,9094.0
5264.84,100.0,21944.6,,,,,100.0,100.0,9096.7
5265.84,100.0,21903.3,,,,,100.0,100.0,9098.6
5266.84,100.0,21861.7,,,,,100.0,100.0,9098.7
5267.84,0.0,21861.7,,,,,0.0,0.0,9098.7
5268.84,100.0,21820.0,,,,,100.0,100.0,9098.7
5269.84,100.0,21719.8,,,,,100.0,100.0,9085.6
5270.84,0.0,21761.5,,,,,0.0,0.0,9077.8
5271.84,100.0,21761.5,,,,,100.0,100.0,9084.6
5272.84,100.0,21803.0,,,,,100.0,100.0,9093.8
5273.84,0.0,21844.6,,,,,0.0,0.0,9082.5
5274.84,100.0,21861.6,,,,,100.0,100.0,9094.1
5275.84,100.0,21944.6,,,,,100.0,100.0,9097.3
5276.84,100.0,21903.3,,,,,100.0,100.0,9098.9
5277.84,0.0,21903.3,,,,,0.0,0.0,9098.9
5278.84,100.0,21861.7,,,,,100.0,100.0,9099.1
5279.84,100.0,21820.0,,,,,100.0,100.0,9099.1
5280.84,100.0,21719.8,,,,,100.0,100.0,9099.3
5281.84,0.0,21719.9,,,,,0.0,0.0,9084.7
5282.84,100.0,21761.5,,,,,100.0,100.0,9074.4
5283.84,0.0,21803.0,,,,,0.0,0.0,9081.4
5284.84,100.0,21844.6,,,,,100.0,100.0,9094.9
5285.84,100.0,21844.6,,,,,100.0,100.0,9080.8
5286.84,100.0,21944.6,,,,,100.0,100.0,9097.5
5287.84,0.0,21944.6,,,,,0.0,0.0,9097.5
5288.84,100.0,21903.3,,,,,100.0,100.0,9099.2
5289.84,100.0,21861.7,,,,,100.0,100.0,9099.3
5290.84,100.0,21820.0,,,,,100.0,100.0,9099.3
5291.84,0.0,21820.0,,,,,0.0,0.0,9099.3
5292.84,100.0,21719.9,,,,,100.0,100.0,9093.7
5293.84,0.0,21761.5,,,,,0.0,0.0,9085.6
5294.84,100.0,21803.0,,,,,100.0,100.0,9094.3
5295.84,100.0,21803.0,,,,,100.0,100.0,9082.7
5296.84,100.0,21844.6,,,,,100.0,100.0,9085.1
5297.84,0.0,21878.6,,,,,0.0,0.0,9095.1
5298.84,100.0,21944.6,,,,,100.0,100.0,9097.6
5299.85,100.0,21903.3,,,,,100.0,100.0,9099.3
5300.85,100.0,21861.7,,,,,100.0,100.0,9099.5
5301.85,0.0,21861.7,,,,,0.0,0.0,9099.5
5302.85,100.0,21820.0,,,,,100.0,100.0,9099.5
5303.85,100.0,21719.8,,,,,100.0,100.0,9084.2
5304.85,0.0,21761.5,,,,,0.0,0.0,9093.9
5305.85,100.0,21761.5,,,,,100.0,100.0,9081.8
5306.85,100.0,21803.0,,,,,100.0,100.0,9094.6
5307.85,0.0,21844.6,,,,,0.0,0.0,9082.4
5308.85,100.0,21861.6,,,,,100.0,100.0,9093.5
5309.85,100.0,21944.6,,,,,100.0,100.0,9097.9
5310.85,100.0,21903.3,,,,,100.0,100.0,9099.6
5311.85,0.0,21903.3,,,,,0.0,0.0,9099.6
5312.85,100.0,21861.7,,,,,100.0,100.0,9099.8
5313.85,100.0,21820.0,,,,,100.0,100.0,9099.8
5314.85,100.0,21719.8,,,,,100.0,100.0,9074.4
5315.85,0.0,21719.9,,,,,0.0,0.0,9083.2
5316.85,100.0,21761.5,,,,,100.0,100.0,9074.6
5317.85,0.0,21803.0,,,,,0.0,0.0,9081.9
5318.85,100.0,21844.6,,,,,100.0,100.0,9095.6
5319.85,100.0,21844.6,,,,,100.0,100.0,9081.3
5320.85,100.0,21944.6,,,,,100.0,100.0,9098.1
5321.85,0.0,21944.6,,,,,0.0,0.0,9098.1
5322.85,100.0,21903.3,,,,,100.0,100.0,9099.8
5323.85,100.0,21861.7,,,,,100.0,100.0,9100.0
5324.85,100.0,21820.0,,,,,100.0,100.0,9100.0
5325.85,0.0,21820.0,,,,,0.0,0.0,9100.0
5326.85,100.0,21719.9,,,,,100.0,100.0,9094.3
5327.85,0.0,21761.5,,,,,0.0,0.0,9084.4
5328.85,100.0,21803.0,,,,,100.0,100.0,9085.5
5329.85,100.0,21803.0,,,,,100.0,100.0,9090.1
5330.85,100.0,21823.8,,,,,100.0,100.0,9080.8
5331.85,0.0,21878.6,,,,,0.0,0.0,9095.8
5332.85,100.0,21944.6,,,,,100.0,100.0,9098.3
5333.85,100.0,21903.3,,,,,100.0,100.0,9100.0
5334.85,100.0,21861.7,,,,,100.0,100.0,9100.2
5335.85,0.0,21861.7,,,,,0.0,0.0,9100.2
5336.85,100.0,21820.0,,,,,100.0,100.0,9100.2
5337.85,100.0,21719.8,,,,,100.0,100.0,9083.7
5338.85,0.0,21761.5,,,,,0.0,0.0,9094.5
5339.85,100.0,21761.5,,,,,100.0,100.0,9082.2
5340.85,100.0,21803.0,,,,,100.0,100.0,9095.2
5341.85,0.0,21844.6,,,,,0.0,0.0,9082.0
5342.85,100.0,21844.6,,,,,100.0,100.0,9091.3
5343.85,100.0,21944.6,,,,,100.0,100.0,9098.5
5344.85,100.0,21903.3,,,,,100.0,100.0,9100.3
5345.85,0.0,21903.3,,,,,0.0,0.0,9100.3
5346.85,100.0,21861.7,,,,,100.0,100.0,9100.5
5347.85,100.0,21820.0,,,,,100.0,100.0,9100.5
5348.85,100.0,21719.8,,,,,100.0,100.0,9074.9
5349.85,0.0,21719.9,,,,,0.0,0.0,9084.4
5350.85,100.0,21761.5,,,,,100.0,100.0,9076.2
5351.85,0.0,21803.0,,,,,0.0,0.0,9082.5
5352.85,100.0,21844.6,,,,,100.0,100.0,9096.3
5353.85,100.0,21844.6,,,,,100.0,100.0,9095.3
5354.85,100.0,21944.6,,,,,100.0,100.0,9097.3
5355.85,0.0,21944.6,,,,,0.0,0.0,9097.3
5356.85,100.0,21903.3,,,,,100.0,100.0,9098.9
5357.85,100.0,21861.7,,,,,100.0,100.0,9099.1
5358.85,100.0,21820.0,,,,,100.0,100.0,9099.1
5359.85,0.0,21820.0,,,,,0.0,0.0,9099.1
5360.85,100.0,21719.9,,,,,100.0,100.0,9093.4
5361.85,0.0,21761.5,,,,,0.0,0.0,9082.9
5362.85,100.0,21803.0,,,,,100.0,100.0,9085.2
5363.85,100.0,21803.0,,,,,100.0,100.0,9089.0
5364.86,100.0,21823.8,,,,,100.0,100.0,9093.4
5365.86,0.0,21878.6,,,,,0.0,0.0,9095.3
5366.86,100.0,21944.6,,,,,100.0,100.0,9098.0
5367.86,100.0,21903.3,,,,,100.0,100.0,9099.6
5368.86,100.0,21861.7,,,,,100.0,100.0,9099.8
5369.86,0.0,21861.7,,,,,0.0,0.0,9099.8
5370.86,100.0,21820.0,,,,,100.0,100.0,9099.8
5371.86,100.0,21719.8,,,,,100.0,100.0,9083.4
5372.86,0.0,21761.5,,,,,0.0,0.0,9094.2
5373.86,100.0,21761.5,,,,,100.0,100.0,9084.1
5374.86,100.0,21782.3,,,,,100.0,100.0,9094.2
5375.86,0.0,21844.6,,,,,0.0,0.0,9084.4
5376.86,100.0,21861.6,,,,,100.0,100.0,9091.3
5377.86,100.0,21944.6,,,,,100.0,100.0,9098.3
5378.86,100.0,21903.3,,,,,100.0,100.0,9099.9
5379.86,0.0,21903.3,,,,,0.0,0.0,9099.9
5380.86,100.0,21861.7,,,,,100.0,100.0,9100.1
5381.86,100.0,21820.0,,,,,100.0,100.0,9100.1
5382.86,100.0,21719.8,,,,,100.0,100.0,9075.2
5383.86,0.0,21719.9,,,,,0.0,0.0,9084.3
5384.86,100.0,21761.5,,,,,100.0,100.0,9094.7
5385.86,0.0,21803.0,,,,,0.0,0.0,9083.4
5386.86,100.0,21823.8,,,,,100.0,100.0,9094.3
5387.86,100.0,21844.6,,,,,100.0,100.0,9081.8
5388.86,100.0,21944.6,,,,,100.0,100.0,9098.7
5389.86,0.0,21944.6,,,,,0.0,0.0,9098.7
5390.86,100.0,21903.3,,,,,100.0,100.0,9100.2
5391.86,100.0,21861.7,,,,,100.0,100.0,9100.4
5392.86,100.0,21820.0,,,,,100.0,100.0,9100.4
5393.86,0.0,21820.0,,,,,0.0,0.0,9100.4
5394.86,100.0,21719.9,,,,,100.0,100.0,9094.6
5395.86,0.0,21761.5,,,,,0.0,0.0,9083.2
5396.86,100.0,21803.0,,,,,100.0,100.0,9076.6
5397.86,100.0,21803.0,,,,,100.0,100.0,9083.0
5398.86,100.0,21844.6,,,,,100.0,100.0,9096.4
5399.86,0.0,21878.6,,,,,0.0,0.0,9096.3
5400.86,100.0,21944.6,,,,,100.0,100.0,9098.9
5401.86,100.0,21903.3,,,,,100.0,100.0,9100.5
5402.86,100.0,21861.7,,,,,100.0,100.0,9100.7
5403.86,0.0,21861.7,,,,,0.0,0.0,9100.7
5404.86,100.0,21820.0,,,,,100.0,100.0,9100.7
5405.86,100.0,21719.8,,,,,100.0,100.0,9083.4
5406.86,0.0,21761.5,,,,,0.0,0.0,9095.0
5407.86,100.0,21761.5,,,,,100.0,100.0,9083.7
5408.86,100.0,21803.0,,,,,100.0,100.0,9095.7
5409.86,0.0,21844.6,,,,,0.0,0.0,9096.7
5410.86,100.0,21861.6,,,,,100.0,100.0,9091.7
5411.86,100.0,21944.6,,,,,100.0,100.0,9099.0
5412.86,100.0,21903.3,,,,,100.0,100.0,9100.7
5413.86,0.0,21903.3,,,,,0.0,0.0,9100.7
5414.86,100.0,21861.7,,,,,100.0,100.0,9100.9
5415.86,100.0,21820.0,,,,,100.0,100.0,9100.9
5416.86,100.0,21719.8,,,,,100.0,100.0,9075.6
5417.86,0.0,21719.9,,,,,0.0,0.0,9084.0
5418.86,100.0,21761.5,,,,,100.0,100.0,9095.3
5419.86,0.0,21803.0,,,,,0.0,0.0,9084.0
5420.86,100.0,21823.8,,,,,100.0,100.0,9092.7
5421.86,100.0,21844.6,,,,,100.0,100.0,9081.7
5422.86,100.0,21944.6,,,,,100.0,100.0,9099.4
5423.86,0.0,21944.6,,,,,0.0,0.0,9099.4
5424.86,100.0,21903.3,,,,,100.0,100.0,9101.0
5425.86,100.0,21861.7,,,,,100.0,100.0,9101.2
5426.86,100.0,21820.0,,,,,100.0,100.0,9101.2
5427.86,0.0,21820.0,,,,,0.0,0.0,9101.2
5428.86,100.0,21719.9,,,,,100.0,100.0,9086.0
5429.86,0.0,21761.5,,,,,0.0,0.0,9090.6
5430.86,100.0,21803.0,,,,,100.0,100.0,9077.0
5431.86,100.0,21803.0,,,,,100.0,100.0,9083.5
5432.87,100.0,21844.6,,,,,100.0,100.0,9097.0
5433.87,0.0,21878.6,,,,,0.0,0.0,9097.0
5434.87,100.0,21944.6,,,,,100.0,100.0,9099.6
5435.87,100.0,21903.3,,,,,100.0,100.0,9101.3
5436.87,100.0,21861.7,,,,,100.0,100.0,9101.5
5437.87,0.0,21861.7,,,,,0.0,0.0,9101.5
5438.87,100.0,21820.0,,,,,100.0,100.0,9101.5
5439.87,100.0,21719.8,,,,,100.0,100.0,9084.7
5440.87,0.0,21761.5,,,,,0.0,0.0,9095.8
5441.87,100.0,21761.5,,,,,100.0,100.0,9083.8
5442.87,100.0,21782.3,,,,,100.0,100.0,9086.9
5443.87,0.0,21844.6,,,,,0.0,0.0,9091.6
5444.87,100.0,21861.6,,,,,100.0,100.0,9093.2
5445.87,100.0,21944.6,,,,,100.0,100.0,9100.0
5446.87,100.0,21903.3,,,,,100.0,100.0,9101.6
5447.87,0.0,21903.3,,,,,0.0,0.0,9101.6
5448.87,100.0,21861.7,,,,,100.0,100.0,9101.8
5449.87,100.0,21820.0,,,,,100.0,100.0,9101.8
5450.87,100.0,21719.8,,,,,100.0,100.0,9075.9
5451.87,0.0,21719.9,,,,,0.0,0.0,9084.0
5452.87,100.0,21761.5,,,,,100.0,100.0,9096.2
5453.87,0.0,21803.0,,,,,0.0,0.0,9084.3
5454.87,100.0,21823.8,,,,,100.0,100.0,9095.4
5455.87,100.0,21844.6,,,,,100.0,100.0,9083.6
5456.87,100.0,21944.6,,,,,100.0,100.0,9100.3
5457.87,0.0,21944.6,,,,,0.0,0.0,9100.3
5458.87,100.0,21903.3,,,,,100.0,100.0,9101.9
5459.87,100.0,21861.7,,,,,100.0,100.0,9102.0
5460.87,100.0,21820.0,,,,,100.0,100.0,9102.0
5461.87,0.0,21820.0,,,,,0.0,0.0,9102.0
5462.87,100.0,21719.9,,,,,100.0,100.0,9076.6
5463.87,0.0,21761.5,,,,,0.0,0.0,9083.9
5464.87,100.0,21803.0,,,,,100.0,100.0,9097.1
5465.87,100.0,21803.0,,,,,100.0,100.0,9083.3
5466.87,100.0,21823.8,,,,,100.0,100.0,9092.6
5467.87,0.0,21878.6,,,,,0.0,0.0,9097.8
5468.87,100.0,21944.6,,,,,100.0,100.0,9100.4
5469.87,100.0,21903.3,,,,,100.0,100.0,9102.1
5470.87,100.0,21861.7,,,,,100.0,100.0,9102.3
5471.87,0.0,21861.7,,,,,0.0,0.0,9102.3
5472.87,100.0,21820.0,,,,,100.0,100.0,9102.3
5473.87,100.0,21719.8,,,,,100.0,100.0,9085.0
5474.87,0.0,21761.5,,,,,0.0,0.0,9096.8
5475.87,100.0,21761.5,,,,,100.0,100.0,9084.4
5476.87,100.0,21782.3,,,,,100.0,100.0,9093.9
5477.87,0.0,21844.6,,,,,0.0,0.0,9098.5
5478.87,100.0,21844.6,,,,,100.0,100.0,9091.1
5479.87,100.0,21944.6,,,,,100.0,100.0,9100.9
5480.87,100.0,21903.3,,,,,100.0,100.0,9102.6
5481.87,0.0,21903.3,,,,,0.0,0.0,9102.6
5482.87,100.0,21861.7,,,,,100.0,100.0,9102.7
5483.87,100.0,21820.0,,,,,100.0,100.0,9102.7
5484.87,100.0,21719.8,,,,,100.0,100.0,9102.9
5485.87,0.0,21719.9,,,,,0.0,0.0,9083.4
5486.87,100.0,21761.5,,,,,100.0,100.0,9097.0
5487.87,0.0,21803.0,,,,,0.0,0.0,9084.5
5488.87,100.0,21823.8,,,,,100.0,100.0,9093.8
5489.87,100.0,21844.6,,,,,100.0,100.0,9098.7
5490.87,100.0,21944.6,,,,,100.0,100.0,9101.1
5491.87,0.0,21944.6,,,,,0.0,0.0,9101.1
5492.87,100.0,21903.3,,,,,100.0,100.0,9102.7
5493.87,100.0,21861.7,,,,,100.0,100.0,9102.8
5494.87,100.0,21820.0,,,,,100.0,100.0,9102.9
5495.87,0.0,21820.0,,,,,0.0,0.0,9102.9
5496.87,100.0,21719.9,,,,,100.0,100.0,9077.3
5497.87,0.0,21761.5,,,,,0.0,0.0,9084.6
5498.87,100.0,21782.3,,,,,100.0,100.0,9096.5
5499.88,100.0,21803.0,,,,,100.0,100.0,9085.0
5500.88,100.0,21823.8,,,,,100.0,100.0,9093.5
5501.88,0.0,21878.6,,,,,0.0,0.0,9098.7
5502.88,100.0,21944.6,,,,,100.0,100.0,9101.3
5503.88,100.0,21903.3,,,,,100.0,100.0,9102.9
5504.88,100.0,21861.7,,,,,100.0,100.0,9103.1
5505.88,0.0,21861.7,,,,,0.0,0.0,9103.1
5506.88,100.0,21820.0,,,,,100.0,100.0,9103.1
5507.88,100.0,21719.8,,,,,100.0,100.0,9085.0
5508.88,0.0,21761.5,,,,,0.0,0.0,9097.6
5509.88,100.0,21761.5,,,,,100.0,100.0,9098.1
5510.88,100.0,21782.3,,,,,100.0,100.0,9095.0
5511.88,0.0,21844.6,,,,,0.0,0.0,9099.3
5512.88,100.0,21844.6,,,,,100.0,100.0,9090.8
5513.88,100.0,21944.6,,,,,100.0,100.0,9101.6
5514.88,100.0,21903.3,,,,,100.0,100.0,9103.2
5515.88,0.0,21903.3,,,,,0.0,0.0,9103.2
5516.88,100.0,21861.7,,,,,100.0,100.0,9103.4
5517.88,100.0,21820.0,,,,,100.0,100.0,9103.4
5518.88,100.0,21719.8,,,,,100.0,100.0,9103.5
5519.88,0.0,21719.9,,,,,0.0,0.0,9085.2
5520.88,100.0,21761.5,,,,,100.0,100.0,9098.1
5521.88,0.0,21803.0,,,,,0.0,0.0,9085.6
5522.88,100.0,21823.8,,,,,100.0,100.0,9095.4
5523.88,100.0,21844.6,,,,,100.0,100.0,9099.4
5524.88,100.0,21944.6,,,,,100.0,100.0,9101.9
5525.88,0.0,21944.6,,,,,0.0,0.0,9101.9
5526.88,100.0,21903.3,,,,,100.0,100.0,9103.5
5527.88,100.0,21861.7,,,,,100.0,100.0,9103.7
5528.88,100.0,21820.0,,,,,100.0,100.0,9103.7
5529.88,0.0,21820.0,,,,,0.0,0.0,9103.7
5530.88,100.0,21719.9,,,,,100.0,100.0,9077.3
5531.88,0.0,21761.5,,,,,0.0,0.0,9084.8
5532.88,100.0,21803.0,,,,,100.0,100.0,9098.7
5533.88,100.0,21803.0,,,,,100.0,100.0,9085.0
5534.88,100.0,21803.0,,,,,100.0,100.0,9094.3
5535.88,0.0,21878.6,,,,,0.0,0.0,9099.6
5536.88,100.0,21944.6,,,,,100.0,100.0,9102.2
5537.88,100.0,21903.3,,,,,100.0,100.0,9103.7
5538.88,100.0,21861.7,,,,,100.0,100.0,9103.9
5539.88,0.0,21861.7,,,,,0.0,0.0,9103.9
5540.88,100.0,21820.0,,,,,100.0,100.0,9103.9
5541.88,100.0,21719.8,,,,,100.0,100.0,9085.2
5542.88,0.0,21761.5,,,,,0.0,0.0,9098.2
5543.88,100.0,21761.5,,,,,100.0,100.0,9091.8
5544.88,100.0,21803.0,,,,,100.0,100.0,9098.9
5545.88,0.0,21844.6,,,,,0.0,0.0,9085.0
5546.88,100.0,21844.6,,,,,100.0,100.0,9095.0
5547.88,100.0,21944.6,,,,,100.0,100.0,9102.4
5548.88,100.0,21903.3,,,,,100.0,100.0,9103.9
5549.88,0.0,21903.3,,,,,0.0,0.0,9103.9
5550.88,100.0,21861.7,,,,,100.0,100.0,9104.1
5551.88,100.0,21820.0,,,,,100.0,100.0,9104.1
5552.88,100.0,21719.8,,,,,100.0,100.0,9104.3
5553.88,0.0,21719.9,,,,,0.0,0.0,9085.6
5554.88,100.0,21740.7,,,,,100.0,100.0,9097.1
5555.88,0.0,21803.0,,,,,0.0,0.0,9084.6
5556.88,100.0,21803.0,,,,,100.0,100.0,9095.0
5557.88,100.0,21844.6,,,,,100.0,100.0,9100.3
5558.88,100.0,21944.6,,,,,100.0,100.0,9102.5
5559.88,0.0,21944.6,,,,,0.0,0.0,9102.5
5560.88,100.0,21903.3,,,,,100.0,100.0,9104.1
5561.88,100.0,21861.7,,,,,100.0,100.0,9104.3
5562.88,100.0,21820.0,,,,,100.0,100.0,9104.3
5563.88,0.0,21820.0,,,,,0.0,0.0,9104.3
5564.88,100.0,21719.9,,,,,100.0,100.0,9098.6
5565.89,0.0,21761.5,,,,,0.0,0.0,9085.0
5566.89,100.0,21803.0,,,,,100.0,100.0,9099.5
5567.89,100.0,21803.0,,,,,100.0,100.0,9085.6
5568.89,100.0,21803.0,,,,,100.0,100.0,9094.1
5569.89,0.0,21878.6,,,,,0.0,0.0,9100.4
5570.89,100.0,21944.6,,,,,100.0,100.0,9102.9
5571.89,100.0,21903.3,,,,,100.0,100.0,9104.5
5572.89,100.0,21861.7,,,,,100.0,100.0,9104.6
5573.89,0.0,21861.7,,,,,0.0,0.0,9104.6
5574.89,100.0,21820.0,,,,,100.0,100.0,9104.7
5575.89,100.0,21719.8,,,,,100.0,100.0,9104.9
5576.89,0.0,21761.5,,,,,0.0,0.0,9089.1
5577.89,100.0,21761.5,,,,,100.0,100.0,9092.0
5578.89,100.0,21761.5,,,,,100.0,100.0,9095.1
5579.89,0.0,21844.6,,,,,0.0,0.0,9093.1
5580.89,100.0,21844.6,,,,,100.0,100.0,9092.5
5581.89,100.0,21944.6,,,,,100.0,100.0,9103.1
5582.89,100.0,21903.3,,,,,100.0,100.0,9104.7
5583.89,0.0,21903.3,,,,,0.0,0.0,9104.7
5584.89,100.0,21861.7,,,,,100.0,100.0,9104.8
5585.89,100.0,21820.0,,,,,100.0,100.0,9104.8
5586.89,100.0,21719.8,,,,,100.0,100.0,9105.0
5587.89,0.0,21719.9,,,,,0.0,0.0,9085.8
5588.89,100.0,21740.7,,,,,100.0,100.0,9099.1
5589.89,0.0,21803.0,,,,,0.0,0.0,9100.2
5590.89,100.0,21803.0,,,,,100.0,100.0,9093.5
5591.89,100.0,21844.6,,,,,100.0,100.0,9101.0
5592.89,100.0,21944.6,,,,,100.0,100.0,9103.4
5593.89,0.0,21944.6,,,,,0.0,0.0,9103.4
5594.89,100.0,21903.3,,,,,100.0,100.0,9104.9
5595.89,100.0,21861.7,,,,,100.0,100.0,9105.0
5596.89,100.0,21820.0,,,,,100.0,100.0,9105.1
5597.89,0.0,21820.0,,,,,0.0,0.0,9105.1
5598.89,100.0,21719.9,,,,,100.0,100.0,9099.6
5599.89,0.0,21761.5,,,,,0.0,0.0,9086.5
5600.89,100.0,21761.5,,,,,100.0,100.0,9097.2
5601.89,100.0,21803.0,,,,,100.0,100.0,9084.1
5602.89,100.0,21803.0,,,,,100.0,100.0,9093.2
5603.89,0.0,21878.6,,,,,0.0,0.0,9100.9
5604.89,100.0,21944.6,,,,,100.0,100.0,9103.5
5605.89,100.0,21903.3,,,,,100.0,100.0,9105.1
5606.89,100.0,21861.7,,,,,100.0,100.0,9105.3
5607.89,0.0,21861.7,,,,,0.0,0.0,9105.3
5608.89,100.0,21820.0,,,,,100.0,100.0,9105.3
5609.89,100.0,21719.8,,,,,100.0,100.0,9105.5
5610.89,0.0,21761.5,,,,,0.0,0.0,9079.2
5611.89,100.0,21761.5,,,,,100.0,100.0,9085.3
5612.89,100.0,21782.3,,,,,100.0,100.0,9097.8
5613.89,0.0,21844.6,,,,,0.0,0.0,9085.5
5614.89,100.0,21861.6,,,,,100.0,100.0,9095.4
5615.89,100.0,21944.6,,,,,100.0,100.0,9103.7
5616.89,100.0,21903.3,,,,,100.0,100.0,9105.4
5617.89,0.0,21903.3,,,,,0.0,0.0,9105.4
5618.89,100.0,21861.7,,,,,100.0,100.0,9105.6
5619.89,100.0,21820.0,,,,,100.0,100.0,9105.6
5620.89,100.0,21719.8,,,,,100.0,100.0,9105.7
5621.89,0.0,21719.9,,,,,0.0,0.0,9086.6
5622.89,100.0,21761.5,,,,,100.0,100.0,9099.9
5623.89,0.0,21803.0,,,,,0.0,0.0,9100.9
5624.89,100.0,21803.0,,,,,100.0,100.0,9094.9
5625.89,100.0,21844.6,,,,,100.0,100.0,9101.6
5626.89,100.0,21944.6,,,,,100.0,100.0,9103.9
5627.89,0.0,21944.6,,,,,0.0,0.0,9103.9
5628.89,100.0,21903.3,,,,,100.0,100.0,9105.6
5629.89,100.0,21861.7,,,,,100.0,100.0,9105.8
5630.89,100.0,21820.0,,,,,100.0,100.0,9105.8
5631.89,0.0,21820.0,,,,,0.0,0.0,9105.8
5632.89,100.0,21719.9,,,,,100.0,100.0,9100.1
5633.9,0.0,21761.5,,,,,0.0,0.0,9086.0
5634.9,100.0,21761.5,,,,,100.0,100.0,9094.5
5635.9,100.0,21803.0,,,,,100.0,100.0,9084.2
5636.9,100.0,21803.0,,,,,100.0,100.0,9090.6
5637.9,0.0,21878.6,,,,,0.0,0.0,9101.7
5638.9,100.0,21944.6,,,,,100.0,100.0,9104.5
5639.9,100.0,21903.3,,,,,100.0,100.0,9105.9
5640.9,100.0,21861.7,,,,,100.0,100.0,9106.0
5641.9,0.0,21861.7,,,,,0.0,0.0,9106.0
5642.9,100.0,21820.0,,,,,100.0,100.0,9106.0
5643.9,100.0,21719.8,,,,,100.0,100.0,9106.3
5644.9,0.0,21740.7,,,,,0.0,0.0,9098.2
5645.9,100.0,21761.5,,,,,100.0,100.0,9100.7
5646.9,100.0,21761.5,,,,,100.0,100.0,9089.4
5647.9,0.0,21844.6,,,,,0.0,0.0,9092.5
5648.9,100.0,21844.6,,,,,100.0,100.0,9096.0
5649.9,100.0,21944.6,,,,,100.0,100.0,9104.6
5650.9,100.0,21903.1,,,,,100.0,100.0,9105.9
5651.9,0.0,21903.3,,,,,0.0,0.0,9106.1
5652.9,100.0,21861.7,,,,,100.0,100.0,9106.2
5653.9,100.0,21820.0,,,,,100.0,100.0,9106.2
5654.9,0.0,21820.0,,,,,0.0,0.0,9106.2
5655.9,100.0,21719.9,,,,,100.0,100.0,9100.8
5656.9,100.0,21757.7,,,,,100.0,100.0,9098.3
5657.9,0.0,21803.0,,,,,0.0,0.0,9094.6
5658.9,100.0,21823.8,,,,,100.0,100.0,9096.1
5659.9,100.0,21844.6,,,,,100.0,100.0,9095.1
5660.9,0.0,21878.6,,,,,0.0,0.0,9102.2
5661.9,100.0,21944.6,,,,,100.0,100.0,9104.7
5662.9,100.0,21903.3,,,,,100.0,100.0,9106.2
5663.9,100.0,21861.7,,,,,100.0,100.0,9106.4
5664.9,0.0,21861.7,,,,,0.0,0.0,9106.4
5665.9,100.0,21820.0,,,,,100.0,100.0,9106.4
5666.9,100.0,21702.9,,,,,100.0,100.0,9099.8
5667.9,0.0,21761.5,,,,,0.0,0.0,9086.5
5668.9,100.0,21761.5,,,,,100.0,100.0,9094.5
5669.9,100.0,21803.0,,,,,100.0,100.0,9101.8
5670.9,0.0,21844.6,,,,,0.0,0.0,9092.7
5671.9,100.0,21878.6,,,,,100.0,100.0,9102.4
5672.9,100.0,21944.6,,,,,100.0,100.0,9104.9
5673.9,100.0,21903.3,,,,,100.0,100.0,9106.5
5674.9,0.0,21903.3,,,,,0.0,0.0,9106.5
5675.9,100.0,21861.7,,,,,100.0,100.0,9106.6
5676.9,100.0,21820.0,,,,,100.0,100.0,9106.6
5677.9,100.0,21719.8,,,,,100.0,100.0,9106.9
5678.9,0.0,21719.9,,,,,0.0,0.0,9096.2
5679.9,100.0,21761.5,,,,,100.0,100.0,9085.7
5680.9,0.0,21803.0,,,,,0.0,0.0,9091.7
5681.9,100.0,21844.6,,,,,100.0,100.0,9083.5
5682.9,100.0,21844.6,,,,,100.0,100.0,9089.9
5683.9,100.0,21944.6,,,,,100.0,100.0,9105.2
5684.9,0.0,21944.6,,,,,0.0,0.0,9105.2
5685.9,100.0,21903.3,,,,,100.0,100.0,9106.7
5686.9,100.0,21861.7,,,,,100.0,100.0,9106.9
5687.9,100.0,21820.0,,,,,100.0,100.0,9106.9
5688.9,0.0,21820.0,,,,,0.0,0.0,9106.9
5689.9,100.0,21719.9,,,,,100.0,100.0,9101.3
5690.9,0.0,21782.3,,,,,0.0,0.0,9097.0
5691.9,100.0,21803.0,,,,,100.0,100.0,9094.8
5692.9,100.0,21823.8,,,,,100.0,100.0,9096.5
5693.91,100.0,21844.6,,,,,100.0,100.0,9095.6
5694.91,0.0,21878.6,,,,,0.0,0.0,9102.8
5695.91,100.0,21944.6,,,,,100.0,100.0,9105.4
5696.91,100.0,21903.3,,,,,100.0,100.0,9106.9
5697.91,100.0,21861.7,,,,,100.0,100.0,9107.0
5698.91,0.0,21861.7,,,,,0.0,0.0,9107.0
5699.91,100.0,21820.0,,,,,100.0,100.0,9107.0
5700.91,100.0,21719.8,,,,,100.0,100.0,9096.7
5701.91,0.0,21761.5,,,,,0.0,0.0,9087.4
5702.91,100.0,21761.5,,,,,100.0,100.0,9095.7
5703.91,100.0,21803.0,,,,,100.0,100.0,9102.6
5704.91,0.0,21844.6,,,,,0.0,0.0,9091.3
5705.91,100.0,21861.6,,,,,100.0,100.0,9101.3
5706.91,100.0,21944.6,,,,,100.0,100.0,9105.8
5707.91,100.0,21903.3,,,,,100.0,100.0,9107.1
5708.91,0.0,21903.3,,,,,0.0,0.0,9107.1
5709.91,100.0,21861.7,,,,,100.0,100.0,9107.3
5710.91,100.0,21820.0,,,,,100.0,100.0,9107.3
5711.91,100.0,21719.8,,,,,100.0,100.0,9107.5
5712.91,0.0,21740.7,,,,,0.0,0.0,9096.5
5713.91,100.0,21761.5,,,,,100.0,100.0,9094.4
5714.91,0.0,21803.0,,,,,0.0,0.0,9091.3
5715.91,100.0,21823.8,,,,,100.0,100.0,9093.0
5716.91,100.0,21844.6,,,,,100.0,100.0,9097.2
5717.91,100.0,21944.6,,,,,100.0,100.0,9106.0
5718.91,0.0,21944.6,,,,,0.0,0.0,9106.0
5719.91,100.0,21903.3,,,,,100.0,100.0,9107.3
5720.91,100.0,21861.7,,,,,100.0,100.0,9107.4
5721.91,100.0,21820.0,,,,,100.0,100.0,9107.4
5722.91,0.0,21820.0,,,,,0.0,0.0,9107.4
5723.91,100.0,21719.9,,,,,100.0,100.0,9102.2
5724.91,0.0,21761.5,,,,,0.0,0.0,9098.1
5725.91,100.0,21803.0,,,,,100.0,100.0,9103.1
5726.91,100.0,21803.0,,,,,100.0,100.0,9092.1
5727.91,100.0,21844.6,,,,,100.0,100.0,9103.9
5728.91,0.0,21878.6,,,,,0.0,0.0,9103.7
5729.91,100.0,21944.6,,,,,100.0,100.0,9106.4
5730.91,100.0,21903.3,,,,,100.0,100.0,9107.5
5731.91,100.0,21861.7,,,,,100.0,100.0,9107.7
5732.91,0.0,21861.7,,,,,0.0,0.0,9107.7
5733.91,100.0,21820.0,,,,,100.0,100.0,9107.7
5734.91,100.0,21719.8,,,,,100.0,100.0,9097.1
5735.91,0.0,21761.5,,,,,0.0,0.0,9087.4
5736.91,100.0,21761.5,,,,,100.0,100.0,9093.1
5737.91,100.0,21803.0,,,,,100.0,100.0,9103.2
5738.91,0.0,21844.6,,,,,0.0,0.0,9092.8
5739.91,100.0,21861.6,,,,,100.0,100.0,9102.0
5740.91,100.0,21944.6,,,,,100.0,100.0,9106.5
5741.91,100.0,21903.3,,,,,100.0,100.0,9107.8
5742.91,0.0,21903.3,,,,,0.0,0.0,9107.8
5743.91,100.0,21861.7,,,,,100.0,100.0,9107.9
5744.91,100.0,21820.0,,,,,100.0,100.0,9107.9
5745.91,100.0,21719.8,,,,,100.0,100.0,9085.0
5746.91,0.0,21719.9,,,,,0.0,0.0,9096.7
5747.91,100.0,21761.5,,,,,100.0,100.0,9085.9
5748.91,0.0,21803.0,,,,,0.0,0.0,9094.6
5749.91,100.0,21844.6,,,,,100.0,100.0,9104.2
5750.91,100.0,21844.6,,,,,100.0,100.0,9091.8
5751.91,100.0,21944.6,,,,,100.0,100.0,9106.6
5752.91,0.0,21944.6,,,,,0.0,0.0,9106.6
5753.91,100.0,21903.3,,,,,100.0,100.0,9108.1
5754.91,100.0,21861.7,,,,,100.0,100.0,9108.2
5755.91,100.0,21820.0,,,,,100.0,100.0,9108.2
5756.91,0.0,21820.0,,,,,0.0,0.0,9108.2
5757.91,100.0,21719.9,,,,,100.0,100.0,9102.8
5758.92,0.0,21761.5,,,,,0.0,0.0,9096.3
5759.92,100.0,21803.0,,,,,100.0,100.0,9095.6
5760.92,100.0,21803.0,,,,,100.0,100.0,9092.6
5761.92,100.0,21844.6,,,,,100.0,100.0,9094.3
5762.92,0.0,21878.6,,,,,0.0,0.0,9104.2
5763.92,100.0,21944.6,,,,,100.0,100.0,9106.7
5764.92,100.0,21903.3,,,,,100.0,100.0,9108.1
5765.92,100.0,21861.7,,,,,100.0,100.0,9108.3
5766.92,0.0,21861.7,,,,,0.0,0.0,9108.3
5767.92,100.0,21820.0,,,,,100.0,100.0,9108.3
5768.92,100.0,21719.8,,,,,100.0,100.0,9096.6
5769.92,0.0,21761.5,,,,,0.0,0.0,9103.0
5770.92,100.0,21761.5,,,,,100.0,100.0,9092.3
5771.92,100.0,21803.0,,,,,100.0,100.0,9103.7
5772.92,0.0,21844.6,,,,,0.0,0.0,9091.8
5773.92,100.0,21861.6,,,,,100.0,100.0,9103.8
5774.92,100.0,21944.6,,,,,100.0,100.0,9107.1
5775.92,100.0,21903.3,,,,,100.0,100.0,9108.4
5776.92,0.0,21903.3,,,,,0.0,0.0,9108.4
5777.92,100.0,21861.7,,,,,100.0,100.0,9108.6
5778.92,100.0,21820.0,,,,,100.0,100.0,9108.6
5779.92,100.0,21719.8,,,,,100.0,100.0,9086.6
5780.92,0.0,21719.9,,,,,0.0,0.0,9097.6
5781.92,100.0,21761.5,,,,,100.0,100.0,9087.9
5782.92,0.0,21803.0,,,,,0.0,0.0,9094.3
5783.92,100.0,21844.6,,,,,100.0,100.0,9104.6
5784.92,100.0,21844.6,,,,,100.0,100.0,9092.7
5785.92,100.0,21944.6,,,,,100.0,100.0,9107.3
5786.92,0.0,21944.6,,,,,0.0,0.0,9107.3
5787.92,100.0,21903.3,,,,,100.0,100.0,9108.7
5788.92,100.0,21861.7,,,,,100.0,100.0,9108.8
5789.92,100.0,21820.0,,,,,100.0,100.0,9108.8
5790.92,0.0,21820.0,,,,,0.0,0.0,9108.8
5791.92,100.0,21719.9,,,,,100.0,100.0,9103.4
5792.92,0.0,21761.5,,,,,0.0,0.0,9096.5
5793.92,100.0,21803.0,,,,,100.0,100.0,9096.3
5794.92,100.0,21803.0,,,,,100.0,100.0,9098.7
5795.92,100.0,21823.8,,,,,100.0,100.0,9093.4
5796.92,0.0,21878.6,,,,,0.0,0.0,9104.8
5797.92,100.0,21944.6,,,,,100.0,100.0,9107.4
5798.92,100.0,21903.3,,,,,100.0,100.0,9108.9
5799.92,100.0,21861.7,,,,,100.0,100.0,9109.1
5800.92,0.0,21861.7,,,,,0.0,0.0,9109.1
5801.92,100.0,21820.0,,,,,100.0,100.0,9109.1
5802.92,100.0,21719.8,,,,,100.0,100.0,9095.5
5803.92,0.0,21761.5,,,,,0.0,0.0,9103.7
5804.92,100.0,21761.5,,,,,100.0,100.0,9094.9
5805.92,100.0,21803.0,,,,,100.0,100.0,9104.5
5806.92,0.0,21844.6,,,,,0.0,0.0,9093.3
5807.92,100.0,21878.6,,,,,100.0,100.0,9104.8
5808.92,100.0,21944.6,,,,,100.0,100.0,9107.6
5809.92,100.0,21903.3,,,,,100.0,100.0,9109.0
5810.92,0.0,21903.3,,,,,0.0,0.0,9109.0
5811.92,100.0,21861.7,,,,,100.0,100.0,9109.2
5812.92,100.0,21820.0,,,,,100.0,100.0,9109.2
5813.92,100.0,21719.8,,,,,100.0,100.0,9084.8
5814.92,0.0,21719.9,,,,,0.0,0.0,9097.1
5815.92,100.0,21761.5,,,,,100.0,100.0,9087.4
5816.92,0.0,21803.0,,,,,0.0,0.0,9093.8
5817.92,100.0,21844.6,,,,,100.0,100.0,9105.4
5818.92,100.0,21844.6,,,,,100.0,100.0,9092.7
5819.92,100.0,21944.6,,,,,100.0,100.0,9107.8
5820.92,0.0,21944.6,,,,,0.0,0.0,9107.8
5821.92,100.0,21903.3,,,,,100.0,100.0,9109.2
5822.92,100.0,21861.7,,,,,100.0,100.0,9109.4
5823.92,100.0,21820.0,,,,,100.0,100.0,9109.4
5824.93,0.0,21820.0,,,,,0.0,0.0,9109.4
5825.93,100.0,21719.9,,,,,100.0,100.0,9094.7
5826.93,0.0,21761.5,,,,,0.0,0.0,9091.8
5827.93,100.0,21803.0,,,,,100.0,100.0,9094.5
5828.93,100.0,21803.0,,,,,100.0,100.0,9097.9
5829.93,100.0,21823.8,,,,,100.0,100.0,9102.8
5830.93,0.0,21878.6,,,,,0.0,0.0,9105.5
5831.93,100.0,21944.6,,,,,100.0,100.0,9108.1
5832.93,100.0,21903.3,,,,,100.0,100.0,9109.4
5833.93,100.0,21861.7,,,,,100.0,100.0,9109.6
5834.93,0.0,21861.7,,,,,0.0,0.0,9109.6
5835.93,100.0,21820.0,,,,,100.0,100.0,9109.6
5836.93,100.0,21719.8,,,,,100.0,100.0,9094.6
5837.93,0.0,21761.5,,,,,0.0,0.0,9104.2
5838.93,100.0,21761.5,,,,,100.0,100.0,9094.3
5839.93,100.0,21803.0,,,,,100.0,100.0,9096.4
5840.93,0.0,21844.6,,,,,0.0,0.0,9093.6
5841.93,100.0,21861.6,,,,,100.0,100.0,9102.7
5842.93,100.0,21944.6,,,,,100.0,100.0,9108.1
5843.93,100.0,21903.3,,,,,100.0,100.0,9109.6
5844.93,0.0,21903.3,,,,,0.0,0.0,9109.6
5845.93,100.0,21861.7,,,,,100.0,100.0,9109.8
5846.93,100.0,21820.0,,,,,100.0,100.0,9109.8
5847.93,100.0,21719.8,,,,,100.0,100.0,9084.4
5848.93,0.0,21719.9,,,,,0.0,0.0,9094.5
5849.93,100.0,21761.5,,,,,100.0,100.0,9105.3
5850.93,0.0,21803.0,,,,,0.0,0.0,9092.8
5851.93,100.0,21823.8,,,,,100.0,100.0,9105.0
5852.93,100.0,21844.6,,,,,100.0,100.0,9091.9
5853.93,100.0,21944.6,,,,,100.0,100.0,9108.5
5854.93,0.0,21944.6,,,,,0.0,0.0,9108.5
5855.93,100.0,21903.3,,,,,100.0,100.0,9109.9
5856.93,100.0,21861.7,,,,,100.0,100.0,9110.1
5857.93,100.0,21820.0,,,,,100.0,100.0,9110.1
5858.93,0.0,21820.0,,,,,0.0,0.0,9110.1
5859.93,100.0,21719.9,,,,,100.0,100.0,9095.4
5860.93,0.0,21761.5,,,,,0.0,0.0,9100.3
5861.93,100.0,21803.0,,,,,100.0,100.0,9096.0
5862.93,100.0,21803.0,,,,,100.0,100.0,9091.9
5863.93,100.0,21823.8,,,,,100.0,100.0,9103.5
5864.93,0.0,21878.6,,,,,0.0,0.0,9106.2
5865.93,100.0,21944.6,,,,,100.0,100.0,9108.8
5866.93,100.0,21903.3,,,,,100.0,100.0,9110.2
5867.93,100.0,21861.7,,,,,100.0,100.0,9110.3
5868.93,0.0,21861.7,,,,,0.0,0.0,9110.3
5869.93,100.0,21820.0,,,,,100.0,100.0,9110.3
5870.93,100.0,21719.8,,,,,100.0,100.0,9093.8
5871.93,0.0,21761.5,,,,,0.0,0.0,9105.0
5872.93,100.0,21761.5,,,,,100.0,100.0,9093.2
5873.93,100.0,21803.0,,,,,100.0,100.0,9105.8
5874.93,0.0,21844.6,,,,,0.0,0.0,9099.6
5875.93,100.0,21861.6,,,,,100.0,100.0,9103.8
5876.93,100.0,21944.6,,,,,100.0,100.0,9109.0
5877.93,100.0,21903.3,,,,,100.0,100.0,9110.4
5878.93,0.0,21903.3,,,,,0.0,0.0,9110.4
5879.93,100.0,21861.7,,,,,100.0,100.0,9110.6
5880.93,100.0,21820.0,,,,,100.0,100.0,9110.6
5881.93,100.0,21719.8,,,,,100.0,100.0,9084.8
5882.93,0.0,21719.9,,,,,0.0,0.0,9094.6
5883.93,100.0,21761.5,,,,,100.0,100.0,9105.2
5884.93,0.0,21803.0,,,,,0.0,0.0,9093.4
5885.93,100.0,21840.8,,,,,100.0,100.0,9106.2
5886.93,100.0,21844.6,,,,,100.0,100.0,9092.5
5887.93,100.0,21944.6,,,,,100.0,100.0,9109.2
5888.94,0.0,21944.6,,,,,0.0,0.0,9109.2
5889.94,100.0,21903.3,,,,,100.0,100.0,9110.6
5890.94,100.0,21861.7,,,,,100.0,100.0,9110.8
5891.94,100.0,21820.0,,,,,100.0,100.0,9110.8
5892.94,0.0,21820.0,,,,,0.0,0.0,9110.8
5893.94,100.0,21719.9,,,,,100.0,100.0,9085.9
5894.94,0.0,21761.5,,,,,0.0,0.0,9094.8
5895.94,100.0,21803.0,,,,,100.0,100.0,9085.9
5896.94,100.0,21803.0,,,,,100.0,100.0,9091.8
5897.94,100.0,21844.6,,,,,100.0,100.0,9106.9
5898.94,0.0,21878.6,,,,,0.0,0.0,9106.8
5899.94,100.0,21944.6,,,,,100.0,100.0,9109.4
5900.94,100.0,21903.3,,,,,100.0,100.0,9110.9
5901.94,100.0,21861.7,,,,,100.0,100.0,9111.1
5902.94,0.0,21861.7,,,,,0.0,0.0,9111.1
5903.94,100.0,21820.0,,,,,100.0,100.0,9111.1
5904.94,100.0,21719.8,,,,,100.0,100.0,9095.2
5905.94,0.0,21761.5,,,,,0.0,0.0,9105.8
5906.94,100.0,21761.5,,,,,100.0,100.0,9094.0
5907.94,100.0,21803.0,,,,,100.0,100.0,9096.6
5908.94,0.0,21844.6,,,,,0.0,0.0,9100.2
5909.94,100.0,21861.6,,,,,100.0,100.0,9106.5
5910.94,100.0,21944.6,,,,,100.0,100.0,9109.9
5911.94,100.0,21903.3,,,,,100.0,100.0,9111.1
5912.94,0.0,21903.3,,,,,0.0,0.0,9111.1
5913.94,100.0,21861.7,,,,,100.0,100.0,9111.3
5914.94,100.0,21820.0,,,,,100.0,100.0,9111.3
5915.94,100.0,21719.8,,,,,100.0,100.0,9111.5
5916.94,0.0,21719.9,,,,,0.0,0.0,9095.2
5917.94,100.0,21761.5,,,,,100.0,100.0,9106.4
5918.94,0.0,21803.0,,,,,0.0,0.0,9094.5
5919.94,100.0,21844.6,,,,,100.0,100.0,9107.6
5920.94,100.0,21844.6,,,,,100.0,100.0,9093.7
5921.94,100.0,21944.6,,,,,100.0,100.0,9110.1
5922.94,0.0,21944.6,,,,,0.0,0.0,9110.1
5923.94,100.0,21903.3,,,,,100.0,100.0,9111.4
5924.94,100.0,21861.7,,,,,100.0,100.0,9111.6
5925.94,100.0,21820.0,,,,,100.0,100.0,9111.6
5926.94,0.0,21820.0,,,,,0.0,0.0,9111.6
5927.94,100.0,21719.9,,,,,100.0,100.0,9086.0
5928.94,0.0,21761.5,,,,,0.0,0.0,9094.4
5929.94,100.0,21803.0,,,,,100.0,100.0,9107.1
5930.94,100.0,21803.0,,,,,100.0,100.0,9093.9
5931.94,100.0,21844.6,,,,,100.0,100.0,9107.9
5932.94,0.0,21878.6,,,,,0.0,0.0,9107.7
5933.94,100.0,21944.6,,,,,100.0,100.0,9110.3
5934.94,100.0,21903.3,,,,,100.0,100.0,9111.6
5935.94,100.0,21861.7,,,,,100.0,100.0,9111.8
5936.94,0.0,21861.7,,,,,0.0,0.0,9111.8
5937.94,100.0,21820.0,,,,,100.0,100.0,9111.8
5938.94,100.0,21719.8,,,,,100.0,100.0,9095.4
5939.94,0.0,21761.5,,,,,0.0,0.0,9097.5
5940.94,100.0,21761.5,,,,,100.0,100.0,9101.8
5941.94,100.0,21803.0,,,,,100.0,100.0,9097.2
5942.94,0.0,21844.6,,,,,0.0,0.0,9101.2
5943.94,100.0,21861.6,,,,,100.0,100.0,9104.8
5944.94,100.0,21944.6,,,,,100.0,100.0,9110.6
5945.94,100.0,21903.3,,,,,100.0,100.0,9111.9
5946.94,0.0,21903.3,,,,,0.0,0.0,9111.9
5947.94,100.0,21861.7,,,,,100.0,100.0,9112.0
5948.94,100.0,21820.0,,,,,100.0,100.0,9112.0
5949.94,100.0,21719.8,,,,,100.0,100.0,9112.2
5950.94,0.0,21719.9,,,,,0.0,0.0,9094.0
5951.94,100.0,21761.5,,,,,100.0,100.0,9107.0
5952.94,0.0,21803.0,,,,,0.0,0.0,9094.2
5953.94,100.0,21823.8,,,,,100.0,100.0,9105.6
5954.95,100.0,21844.6,,,,,100.0,100.0,9108.2
5955.95,100.0,21944.6,,,,,100.0,100.0,9110.6
5956.95,0.0,21944.6,,,,,0.0,0.0,9110.6
5957.95,100.0,21903.3,,,,,100.0,100.0,9112.1
5958.95,100.0,21861.7,,,,,100.0,100.0,9112.3
5959.95,100.0,21820.0,,,,,100.0,100.0,9112.3
5960.95,0.0,21820.0,,,,,0.0,0.0,9112.3
5961.95,100.0,21719.9,,,,,100.0,100.0,9086.7
5962.95,0.0,21761.5,,,,,0.0,0.0,9093.1
5963.95,100.0,21803.0,,,,,100.0,100.0,9107.6
5964.95,100.0,21803.0,,,,,100.0,100.0,9093.1
5965.95,100.0,21803.0,,,,,100.0,100.0,9104.0
5966.95,0.0,21878.6,,,,,0.0,0.0,9108.2
5967.95,100.0,21944.6,,,,,100.0,100.0,9110.8
5968.95,100.0,21903.3,,,,,100.0,100.0,9112.4
5969.95,100.0,21861.7,,,,,100.0,100.0,9112.5
5970.95,0.0,21861.7,,,,,0.0,0.0,9112.5
5971.95,100.0,21820.0,,,,,100.0,100.0,9112.5
5972.95,100.0,21719.8,,,,,100.0,100.0,9094.5
5973.95,0.0,21761.5,,,,,0.0,0.0,9107.0
5974.95,100.0,21761.5,,,,,100.0,100.0,9092.8
5975.95,100.0,21803.0,,,,,100.0,100.0,9091.0
5976.95,0.0,21844.6,,,,,0.0,0.0,9093.5
5977.95,100.0,21861.6,,,,,100.0,100.0,9104.8
5978.95,100.0,21944.6,,,,,100.0,100.0,9111.0
5979.95,100.0,21903.3,,,,,100.0,100.0,9112.6
5980.95,0.0,21903.3,,,,,0.0,0.0,9112.6
5981.95,100.0,21861.7,,,,,100.0,100.0,9112.8
5982.95,100.0,21820.0,,,,,100.0,100.0,9112.8
5983.95,100.0,21719.8,,,,,100.0,100.0,9113.0
5984.95,0.0,21719.9,,,,,0.0,0.0,9095.6
5985.95,100.0,21761.5,,,,,100.0,100.0,9107.6
5986.95,0.0,21803.0,,,,,0.0,0.0,9095.1
5987.95,100.0,21823.8,,,,,100.0,100.0,9106.7
5988.95,100.0,21844.6,,,,,100.0,100.0,9109.0
5989.95,100.0,21944.6,,,,,100.0,100.0,9111.4
5990.95,0.0,21944.6,,,,,0.0,0.0,9111.4
5991.95,100.0,21903.3,,,,,100.0,100.0,9112.9
5992.95,100.0,21861.7,,,,,100.0,100.0,9113.1
5993.95,100.0,21820.0,,,,,100.0,100.0,9113.1
5994.95,0.0,21820.0,,,,,0.0,0.0,9113.1
5995.95,100.0,21719.9,,,,,100.0,100.0,9086.7
5996.95,0.0,21761.5,,,,,0.0,0.0,9093.9
5997.95,100.0,21803.0,,,,,100.0,100.0,9108.4
5998.95,100.0,21803.0,,,,,100.0,100.0,9094.5
5999.95,100.0,21844.6,,,,,100.0,100.0,9109.1
6000.95,0.0,21878.6,,,,,0.0,0.0,9108.9
6001.95,100.0,21944.6,,,,,100.0,100.0,9111.5
6002.95,100.0,21903.3,,,,,100.0,100.0,9113.1
6003.95,100.0,21861.7,,,,,100.0,100.0,9113.3
6004.95,0.0,21861.7,,,,,0.0,0.0,9113.3
6005.95,100.0,21820.0,,,,,100.0,100.0,9113.3
6006.95,100.0,21719.8,,,,,100.0,100.0,9094.6
6007.95,0.0,21761.5,,,,,0.0,0.0,9097.4
6008.95,100.0,21761.5,,,,,100.0,100.0,9100.5
6009.95,100.0,21799.3,,,,,100.0,100.0,9107.8
6010.95,0.0,21844.6,,,,,0.0,0.0,9101.4
6011.95,100.0,21844.6,,,,,100.0,100.0,9099.0
6012.95,100.0,21944.6,,,,,100.0,100.0,9111.9
6013.95,100.0,21903.3,,,,,100.0,100.0,9113.4
6014.95,0.0,21903.3,,,,,0.0,0.0,9113.4
6015.95,100.0,21861.7,,,,,100.0,100.0,9113.5
6016.95,100.0,21820.0,,,,,100.0,100.0,9113.6
6017.95,100.0,21719.8,,,,,100.0,100.0,9113.7
6018.95,0.0,21719.9,,,,,0.0,0.0,9094.6
6019.96,100.0,21719.9,,,,,100.0,100.0,9095.9
6020.96,0.0,21803.0,,,,,0.0,0.0,9088.2
6021.96,100.0,21803.0,,,,,100.0,100.0,9095.5
6022.96,100.0,21844.6,,,,,100.0,100.0,9107.9
6023.96,100.0,21944.6,,,,,100.0,100.0,9110.7
6024.96,0.0,21944.6,,,,,0.0,0.0,9110.7
6025.96,100.0,21903.3,,,,,100.0,100.0,9112.2
6026.96,100.0,21861.7,,,,,100.0,100.0,9112.4
6027.96,100.0,21820.0,,,,,100.0,100.0,9112.4
6028.96,0.0,21820.0,,,,,0.0,0.0,9112.4
6029.96,100.0,21719.9,,,,,100.0,100.0,9106.8
6030.96,0.0,21761.5,,,,,0.0,0.0,9094.8
6031.96,100.0,21803.0,,,,,100.0,100.0,9107.7
6032.96,100.0,21803.0,,,,,100.0,100.0,9094.7
6033.96,100.0,21803.0,,,,,100.0,100.0,9103.9
6034.96,0.0,21878.6,,,,,0.0,0.0,9108.5
6035.96,100.0,21944.6,,,,,100.0,100.0,9111.1
6036.96,100.0,21903.3,,,,,100.0,100.0,9112.6
6037.96,100.0,21861.7,,,,,100.0,100.0,9112.7
6038.96,0.0,21861.7,,,,,0.0,0.0,9112.7
6039.96,100.0,21820.0,,,,,100.0,100.0,9112.8
6040.96,100.0,21719.8,,,,,100.0,100.0,9113.0
6041.96,0.0,21761.5,,,,,0.0,0.0,9098.1
6042.96,100.0,21761.5,,,,,100.0,100.0,9101.6
6043.96,100.0,21782.3,,,,,100.0,100.0,9107.2
6044.96,0.0,21844.6,,,,,0.0,0.0,9095.8
6045.96,100.0,21861.6,,,,,100.0,100.0,9103.3
6046.96,100.0,21944.6,,,,,100.0,100.0,9111.4
6047.96,100.0,21903.3,,,,,100.0,100.0,9112.8
6048.96,0.0,21903.3,,,,,0.0,0.0,9112.8
6049.96,100.0,21861.7,,,,,100.0,100.0,9113.0
6050.96,100.0,21820.0,,,,,100.0,100.0,9113.0
6051.96,100.0,21719.8,,,,,100.0,100.0,9113.2
6052.96,0.0,21719.9,,,,,0.0,0.0,9096.0
6053.96,100.0,21761.5,,,,,100.0,100.0,9107.4
6054.96,0.0,21803.0,,,,,0.0,0.0,9108.4
6055.96,100.0,21803.0,,,,,100.0,100.0,9101.4
6056.96,100.0,21844.6,,,,,100.0,100.0,9109.3
6057.96,100.0,21944.6,,,,,100.0,100.0,9111.9
6058.96,0.0,21944.6,,,,,0.0,0.0,9111.9
6059.96,100.0,21903.3,,,,,100.0,100.0,9113.2
6060.96,100.0,21861.7,,,,,100.0,100.0,9113.3
6061.96,100.0,21820.0,,,,,100.0,100.0,9113.3
6062.96,0.0,21820.0,,,,,0.0,0.0,9113.3
6063.96,100.0,21719.9,,,,,100.0,100.0,9107.9
6064.96,0.0,21761.5,,,,,0.0,0.0,9095.9
6065.96,100.0,21782.3,,,,,100.0,100.0,9107.9
6066.96,100.0,21803.0,,,,,100.0,100.0,9095.4
6067.96,100.0,21803.0,,,,,100.0,100.0,9102.3
6068.96,0.0,21878.6,,,,,0.0,0.0,9109.5
6069.96,100.0,21944.6,,,,,100.0,100.0,9112.2
6070.96,100.0,21903.3,,,,,100.0,100.0,9113.5
6071.96,100.0,21861.7,,,,,100.0,100.0,9113.6
6072.96,0.0,21861.7,,,,,0.0,0.0,9113.6
6073.96,100.0,21820.0,,,,,100.0,100.0,9113.6
6074.96,100.0,21719.8,,,,,100.0,100.0,9094.2
6075.96,0.0,21761.5,,,,,0.0,0.0,9089.0
6076.96,100.0,21761.5,,,,,100.0,100.0,9094.9
6077.96,100.0,21761.5,,,,,100.0,100.0,9103.3
6078.96,0.0,21844.6,,,,,0.0,0.0,9094.1
6079.96,100.0,21844.6,,,,,100.0,100.0,9100.1
6080.96,100.0,21944.6,,,,,100.0,100.0,9112.4
6081.96,100.0,21903.3,,,,,100.0,100.0,9113.7
6082.96,0.0,21903.3,,,,,0.0,0.0,9113.7
6083.96,100.0,21861.7,,,,,100.0,100.0,9113.8
6084.96,100.0,21820.0,,,,,100.0,100.0,9113.8
6085.96,100.0,21719.8,,,,,100.0,100.0,9114.0
6086.97,0.0,21719.9,,,,,0.0,0.0,9096.6
6087.97,100.0,21761.5,,,,,100.0,100.0,9098.9
6088.97,0.0,21803.0,,,,,0.0,0.0,9102.7
6089.97,100.0,21803.0,,,,,100.0,100.0,9107.6
6090.97,100.0,21844.6,,,,,100.0,100.0,9102.6
6091.97,100.0,21944.6,,,,,100.0,100.0,9112.7
6092.97,0.0,21944.6,,,,,0.0,0.0,9112.7
6093.97,100.0,21903.3,,,,,100.0,100.0,9114.1
6094.97,100.0,21861.7,,,,,100.0,100.0,9114.2
6095.97,100.0,21820.0,,,,,100.0,100.0,9114.2
6096.97,0.0,21820.0,,,,,0.0,0.0,9114.2
6097.97,100.0,21719.9,,,,,100.0,100.0,9108.8
6098.97,0.0,21761.5,,,,,0.0,0.0,9096.1
6099.97,100.0,21782.3,,,,,100.0,100.0,9105.9
6100.97,100.0,21803.0,,,,,100.0,100.0,9094.9
6101.97,100.0,21823.8,,,,,100.0,100.0,9094.7
6102.97,0.0,21878.6,,,,,0.0,0.0,9110.4
6103.97,100.0,21944.6,,,,,100.0,100.0,9113.0
6104.97,100.0,21903.3,,,,,100.0,100.0,9114.4
6105.97,100.0,21861.7,,,,,100.0,100.0,9114.6
6106.97,0.0,21861.7,,,,,0.0,0.0,9114.6
6107.97,100.0,21820.0,,,,,100.0,100.0,9114.6
6108.97,100.0,21719.8,,,,,100.0,100.0,9095.0
6109.97,0.0,21761.5,,,,,0.0,0.0,9109.0
6110.97,100.0,21761.5,,,,,100.0,100.0,9095.9
6111.97,100.0,21782.3,,,,,100.0,100.0,9106.9
6112.97,0.0,21844.6,,,,,0.0,0.0,9096.4
6113.97,100.0,21861.6,,,,,100.0,100.0,9104.7
6114.97,100.0,21944.6,,,,,100.0,100.0,9113.3
6115.97,100.0,21903.3,,,,,100.0,100.0,9114.7
6116.97,0.0,21903.3,,,,,0.0,0.0,9114.7
6117.97,100.0,21861.7,,,,,100.0,100.0,9114.8
6118.97,100.0,21820.0,,,,,100.0,100.0,9114.9
6119.97,100.0,21719.8,,,,,100.0,100.0,9115.0
6120.97,0.0,21719.9,,,,,0.0,0.0,9109.4
6121.97,100.0,21740.7,,,,,100.0,100.0,9098.8
6122.97,0.0,21803.0,,,,,0.0,0.0,9103.1
6123.97,100.0,21803.0,,,,,100.0,100.0,9104.9
6124.97,100.0,21844.6,,,,,100.0,100.0,9104.0
6125.97,100.0,21944.6,,,,,100.0,100.0,9113.5
6126.97,0.0,21944.6,,,,,0.0,0.0,9113.5
6127.97,100.0,21903.3,,,,,100.0,100.0,9114.9
6128.97,100.0,21861.7,,,,,100.0,100.0,9115.1
6129.97,100.0,21820.0,,,,,100.0,100.0,9115.1
6130.97,0.0,21820.0,,,,,0.0,0.0,9115.1
6131.97,100.0,21719.9,,,,,100.0,100.0,9109.4
6132.97,0.0,21761.5,,,,,0.0,0.0,9096.1
6133.97,100.0,21761.5,,,,,100.0,100.0,9102.6
6134.97,100.0,21803.0,,,,,100.0,100.0,9110.4
6135.97,100.0,21803.0,,,,,100.0,100.0,9099.5
6136.97,0.0,21878.6,,,,,0.0,0.0,9111.0
6137.97,100.0,21944.6,,,,,100.0,100.0,9113.7
6138.97,100.0,21903.3,,,,,100.0,100.0,9115.1
6139.97,100.0,21861.7,,,,,100.0,100.0,9115.3
6140.97,0.0,21861.7,,,,,0.0,0.0,9115.3
6141.97,100.0,21820.0,,,,,100.0,100.0,9115.3
6142.97,100.0,21719.8,,,,,100.0,100.0,9095.1
6143.97,0.0,21740.7,,,,,0.0,0.0,9109.0
6144.97,100.0,21761.5,,,,,100.0,100.0,9097.1
6145.97,100.0,21782.3,,,,,100.0,100.0,9106.0
6146.97,0.0,21844.6,,,,,0.0,0.0,9095.9
6147.97,100.0,21844.6,,,,,100.0,100.0,9102.6
6148.97,100.0,21944.6,,,,,100.0,100.0,9114.1
6149.97,100.0,21903.3,,,,,100.0,100.0,9115.4
6150.97,0.0,21903.3,,,,,0.0,0.0,9115.4
6151.97,100.0,21861.7,,,,,100.0,100.0,9115.6
6152.97,100.0,21820.0,,,,,100.0,100.0,9115.6
6153.98,100.0,21719.8,,,,,100.0,100.0,9115.6
6154.98,0.0,21719.9,,,,,0.0,0.0,9110.1
6155.98,100.0,21740.7,,,,,100.0,100.0,9108.3
6156.98,0.0,21803.0,,,,,0.0,0.0,9103.5
6157.98,100.0,21803.0,,,,,100.0,100.0,9103.9
6158.98,100.0,21844.6,,,,,100.0,100.0,9104.5
6159.98,100.0,21944.6,,,,,100.0,100.0,9114.3
6160.98,0.0,21944.6,,,,,0.0,0.0,9114.3
6161.98,100.0,21903.3,,,,,100.0,100.0,9115.7
6162.98,100.0,21861.7,,,,,100.0,100.0,9115.9
6163.98,100.0,21820.0,,,,,100.0,100.0,9115.9
6164.98,0.0,21820.0,,,,,0.0,0.0,9115.9
6165.98,100.0,21719.9,,,,,100.0,100.0,9110.3
6166.98,0.0,21761.5,,,,,0.0,0.0,9098.1
6167.98,100.0,21782.3,,,,,100.0,100.0,9106.2
6168.98,100.0,21803.0,,,,,100.0,100.0,9111.6
6169.98,100.0,21803.0,,,,,100.0,100.0,9103.8
6170.98,0.0,21861.6,,,,,0.0,0.0,9111.4
6171.98,100.0,21944.6,,,,,100.0,100.0,9114.5
6172.98,100.0,21903.3,,,,,100.0,100.0,9115.9
6173.98,100.0,21861.7,,,,,100.0,100.0,9116.1
6174.98,0.0,21861.7,,,,,0.0,0.0,9116.1
6175.98,100.0,21820.0,,,,,100.0,100.0,9116.1
6176.98,100.0,21719.8,,,,,100.0,100.0,9096.4
6177.98,0.0,21761.5,,,,,0.0,0.0,9110.5
6178.98,100.0,21761.5,,,,,100.0,100.0,9096.6
6179.98,100.0,21761.5,,,,,100.0,100.0,9103.8
6180.98,0.0,21844.6,,,,,0.0,0.0,9094.3
6181.98,100.0,21844.6,,,,,100.0,100.0,9100.8
6182.98,100.0,21944.6,,,,,100.0,100.0,9114.7
6183.98,100.0,21903.1,,,,,100.0,100.0,9116.0
6184.98,0.0,21903.3,,,,,0.0,0.0,9116.2
6185.98,100.0,21861.7,,,,,100.0,100.0,9116.3
6186.98,100.0,21820.0,,,,,100.0,100.0,9116.4
6187.98,0.0,21820.0,,,,,0.0,0.0,9116.4
6188.98,100.0,21719.9,,,,,100.0,100.0,9108.9
6189.98,100.0,21740.7,,,,,100.0,100.0,9108.9
6190.98,0.0,21803.0,,,,,0.0,0.0,9096.8
6191.98,100.0,21803.0,,,,,100.0,100.0,9104.3
6192.98,100.0,21844.6,,,,,100.0,100.0,9095.8
6193.98,0.0,21878.6,,,,,0.0,0.0,9112.4
6194.98,100.0,21944.6,,,,,100.0,100.0,9114.9
6195.98,100.0,21903.3,,,,,100.0,100.0,9116.4
6196.98,100.0,21861.7,,,,,100.0,100.0,9116.5
6197.98,0.0,21861.7,,,,,0.0,0.0,9116.5
6198.98,100.0,21820.0,,,,,100.0,100.0,9116.5
6199.98,100.0,21702.9,,,,,100.0,100.0,9110.1
6200.98,0.0,21761.5,,,,,0.0,0.0,9111.1
6201.98,100.0,21761.5,,,,,100.0,100.0,9104.7
6202.98,100.0,21803.0,,,,,100.0,100.0,9112.0
6203.98,0.0,21844.6,,,,,0.0,0.0,9102.6
6204.98,100.0,21878.6,,,,,100.0,100.0,9112.7
6205.98,100.0,21944.6,,,,,100.0,100.0,9115.3
6206.98,100.0,21903.3,,,,,100.0,100.0,9116.7
6207.98,0.0,21903.3,,,,,0.0,0.0,9116.7
6208.98,100.0,21861.7,,,,,100.0,100.0,9116.8
6209.98,100.0,21820.0,,,,,100.0,100.0,9116.8
6210.98,100.0,21719.8,,,,,100.0,100.0,9095.9
6211.98,0.0,21740.7,,,,,0.0,0.0,9108.0
6212.98,100.0,21761.5,,,,,100.0,100.0,9097.6
6213.98,0.0,21803.0,,,,,0.0,0.0,9102.6
6214.98,100.0,21844.6,,,,,100.0,100.0,9112.9
6215.98,100.0,21844.6,,,,,100.0,100.0,9100.4
6216.98,100.0,21944.6,,,,,100.0,100.0,9115.3
6217.98,0.0,21944.6,,,,,0.0,0.0,9115.3
6218.98,100.0,21903.3,,,,,100.0,100.0,9116.8
6219.98,100.0,21861.7,,,,,100.0,100.0,9117.0
6220.98,100.0,21820.0,,,,,100.0,100.0,9117.0
6221.99,0.0,21820.0,,,,,0.0,0.0,9117.0
6222.99,100.0,21719.9,,,,,100.0,100.0,9103.8
6223.99,0.0,21761.5,,,,,0.0,0.0,9106.9
6224.99,100.0,21803.0,,,,,100.0,100.0,9096.6
6225.99,100.0,21803.0,,,,,100.0,100.0,9102.1
6226.99,100.0,21844.6,,,,,100.0,100.0,9093.7
6227.99,0.0,21878.6,,,,,0.0,0.0,9113.0
6228.99,100.0,21944.6,,,,,100.0,100.0,9115.6
6229.99,100.0,21903.3,,,,,100.0,100.0,9117.0
6230.99,100.0,21861.7,,,,,100.0,100.0,9117.2
6231.99,0.0,21861.7,,,,,0.0,0.0,9117.2
6232.99,100.0,21820.0,,,,,100.0,100.0,9117.2
6233.99,100.0,21702.8,,,,,100.0,100.0,9107.0
6234.99,0.0,21761.5,,,,,0.0,0.0,9111.8
6235.99,100.0,21761.5,,,,,100.0,100.0,9104.0
6236.99,100.0,21803.0,,,,,100.0,100.0,9104.7
6237.99,0.0,21844.6,,,,,0.0,0.0,9104.9
6238.99,100.0,21861.6,,,,,100.0,100.0,9109.4
6239.99,100.0,21944.6,,,,,100.0,100.0,9115.8
6240.99,100.0,21903.3,,,,,100.0,100.0,9117.2
6241.99,0.0,21903.3,,,,,0.0,0.0,9117.2
6242.99,100.0,21861.7,,,,,100.0,100.0,9117.4
6243.99,100.0,21820.0,,,,,100.0,100.0,9117.4
6244.99,100.0,21719.8,,,,,100.0,100.0,9096.7
6245.99,0.0,21719.9,,,,,0.0,0.0,9107.4
6246.99,100.0,21761.5,,,,,100.0,100.0,9097.7
6247.99,0.0,21803.0,,,,,0.0,0.0,9104.5
6248.99,100.0,21844.6,,,,,100.0,100.0,9113.7
6249.99,100.0,21844.6,,,,,100.0,100.0,9102.6
6250.99,100.0,21944.6,,,,,100.0,100.0,9116.1
6251.99,0.0,21944.6,,,,,0.0,0.0,9116.1
6252.99,100.0,21903.3,,,,,100.0,100.0,9117.5
6253.99,100.0,21861.7,,,,,100.0,100.0,9117.6
6254.99,100.0,21820.0,,,,,100.0,100.0,9117.6
6255.99,0.0,21820.0,,,,,0.0,0.0,9117.6
6256.99,100.0,21719.9,,,,,100.0,100.0,9096.1
6257.99,0.0,21761.5,,,,,0.0,0.0,9105.3
6258.99,100.0,21803.0,,,,,100.0,100.0,9095.1
6259.99,100.0,21803.0,,,,,100.0,100.0,9101.6
6260.99,100.0,21844.6,,,,,100.0,100.0,9094.4
6261.99,0.0,21878.6,,,,,0.0,0.0,9113.7
6262.99,100.0,21944.6,,,,,100.0,100.0,9116.3
6263.99,100.0,21903.3,,,,,100.0,100.0,9117.7
6264.99,100.0,21861.7,,,,,100.0,100.0,9117.8
6265.99,0.0,21861.7,,,,,0.0,0.0,9117.8
6266.99,100.0,21820.0,,,,,100.0,100.0,9117.8
6267.99,100.0,21702.8,,,,,100.0,100.0,9107.3
6268.99,0.0,21761.5,,,,,0.0,0.0,9112.5
6269.99,100.0,21761.5,,,,,100.0,100.0,9105.1
6270.99,100.0,21803.0,,,,,100.0,100.0,9113.3
6271.99,0.0,21844.6,,,,,0.0,0.0,9103.6
6272.99,100.0,21878.6,,,,,100.0,100.0,9113.7
6273.99,100.0,21944.6,,,,,100.0,100.0,9116.4
6274.99,100.0,21903.3,,,,,100.0,100.0,9117.8
6275.99,0.0,21903.3,,,,,0.0,0.0,9117.8
6276.99,100.0,21861.7,,,,,100.0,100.0,9118.0
6277.99,100.0,21820.0,,,,,100.0,100.0,9118.0
6278.99,100.0,21719.8,,,,,100.0,100.0,9097.1
6279.99,0.0,21719.9,,,,,0.0,0.0,9106.9
6280.99,100.0,21761.5,,,,,100.0,100.0,9098.8
6281.99,0.0,21803.0,,,,,0.0,0.0,9104.9
6282.99,100.0,21844.6,,,,,100.0,100.0,9114.2
6283.99,100.0,21844.6,,,,,100.0,100.0,9103.8
6284.99,100.0,21944.6,,,,,100.0,100.0,9116.6
6285.99,0.0,21944.6,,,,,0.0,0.0,9116.6
6286.99,100.0,21903.3,,,,,100.0,100.0,9118.1
6288.0,100.0,21861.7,,,,,100.0,100.0,9118.3
6289.0,100.0,21820.0,,,,,100.0,100.0,9118.3
6290.0,0.0,21820.0,,,,,0.0,0.0,9118.3
6291.0,100.0,21719.9,,,,,100.0,100.0,9097.3
6292.0,0.0,21761.5,,,,,0.0,0.0,9106.9
6293.0,100.0,21803.0,,,,,100.0,100.0,9096.5
6294.0,100.0,21803.0,,,,,100.0,100.0,9102.1
6295.0,100.0,21844.6,,,,,100.0,100.0,9114.4
6296.0,0.0,21878.6,,,,,0.0,0.0,9114.5
6297.0,100.0,21944.6,,,,,100.0,100.0,9117.0
6298.0,100.0,21903.3,,,,,100.0,100.0,9118.4
6299.0,100.0,21861.7,,,,,100.0,100.0,9118.5
6300.0,0.0,21861.7,,,,,0.0,0.0,9118.5
6301.0,100.0,21820.0,,,,,100.0,100.0,9118.6
6302.0,100.0,21719.8,,,,,100.0,100.0,9107.0
6303.0,0.0,21761.5,,,,,0.0,0.0,9113.1
6304.0,100.0,21761.5,,,,,100.0,100.0,9104.9
6305.0,100.0,21803.0,,,,,100.0,100.0,9104.8
6306.0,0.0,21844.6,,,,,0.0,0.0,9102.7
6307.0,100.0,21861.6,,,,,100.0,100.0,9112.1
6308.0,100.0,21944.6,,,,,100.0,100.0,9117.2
6309.0,100.0,21903.3,,,,,100.0,100.0,9118.5
6310.0,0.0,21903.3,,,,,0.0,0.0,9118.5
6311.0,100.0,21861.7,,,,,100.0,100.0,9118.7
6312.0,100.0,21820.0,,,,,100.0,100.0,9118.7
6313.0,100.0,21719.8,,,,,100.0,100.0,9097.6
6314.0,0.0,21719.9,,,,,0.0,0.0,9104.2
6315.0,100.0,21761.5,,,,,100.0,100.0,9113.4
6316.0,0.0,21803.0,,,,,0.0,0.0,9102.3
6317.0,100.0,21844.6,,,,,100.0,100.0,9114.9
6318.0,100.0,21844.6,,,,,100.0,100.0,9102.6
6319.0,100.0,21944.6,,,,,100.0,100.0,9117.3
6320.0,0.0,21944.6,,,,,0.0,0.0,9117.3
6321.0,100.0,21903.3,,,,,100.0,100.0,9118.7
6322.0,100.0,21861.7,,,,,100.0,100.0,9118.8
6323.0,100.0,21820.0,,,,,100.0,100.0,9118.8
6324.0,0.0,21820.0,,,,,0.0,0.0,9118.8
6325.0,100.0,21719.9,,,,,100.0,100.0,9098.6
6326.0,0.0,21761.5,,,,,0.0,0.0,9104.3
6327.0,100.0,21803.0,,,,,100.0,100.0,9096.2
6328.0,100.0,21803.0,,,,,100.0,100.0,9100.9
6329.0,100.0,21823.8,,,,,100.0,100.0,9114.2
6330.0,0.0,21878.6,,,,,0.0,0.0,9115.2
6331.0,100.0,21944.6,,,,,100.0,100.0,9117.8
6332.0,100.0,21903.3,,,,,100.0,100.0,9119.1
6333.0,100.0,21861.7,,,,,100.0,100.0,9119.3
6334.0,0.0,21861.7,,,,,0.0,0.0,9119.3
6335.0,100.0,21820.0,,,,,100.0,100.0,9119.3
6336.0,100.0,21719.8,,,,,100.0,100.0,9106.7
6337.0,0.0,21761.5,,,,,0.0,0.0,9113.7
6338.0,100.0,21761.5,,,,,100.0,100.0,9103.4
6339.0,100.0,21803.0,,,,,100.0,100.0,9114.5
6340.0,0.0,21844.6,,,,,0.0,0.0,9108.9
6341.0,100.0,21861.6,,,,,100.0,100.0,9113.6
6342.0,100.0,21944.6,,,,,100.0,100.0,9117.9
6343.0,100.0,21903.3,,,,,100.0,100.0,9119.2
6344.0,0.0,21903.3,,,,,0.0,0.0,9119.2
6345.0,100.0,21861.7,,,,,100.0,100.0,9119.4
6346.0,100.0,21820.0,,,,,100.0,100.0,9119.4
6347.01,100.0,21719.8,,,,,100.0,100.0,9095.6
6348.01,0.0,21719.9,,,,,0.0,0.0,9106.6
6349.01,100.0,21761.5,,,,,100.0,100.0,9114.3
6350.01,0.0,21803.0,,,,,0.0,0.0,9104.9
6351.01,100.0,21844.6,,,,,100.0,100.0,9115.3
6352.01,100.0,21844.6,,,,,100.0,100.0,9102.9
6353.01,100.0,21944.6,,,,,100.0,100.0,9118.0
6354.01,0.0,21944.6,,,,,0.0,0.0,9118.0
6355.01,100.0,21903.3,,,,,100.0,100.0,9119.5
6356.01,100.0,21861.7,,,,,100.0,100.0,9119.6
6357.01,100.0,21820.0,,,,,100.0,100.0,9119.7
6358.01,0.0,21820.0,,,,,0.0,0.0,9119.7
6359.01,100.0,21719.9,,,,,100.0,100.0,9097.4
6360.01,0.0,21761.5,,,,,0.0,0.0,9106.1
6361.01,100.0,21803.0,,,,,100.0,100.0,9097.6
6362.01,100.0,21803.0,,,,,100.0,100.0,9106.4
6363.01,100.0,21823.8,,,,,100.0,100.0,9111.9
6364.01,0.0,21878.6,,,,,0.0,0.0,9115.7
6365.01,100.0,21944.6,,,,,100.0,100.0,9118.3
6366.01,100.0,21903.3,,,,,100.0,100.0,9119.7
6367.01,100.0,21861.7,,,,,100.0,100.0,9119.8
6368.01,0.0,21861.7,,,,,0.0,0.0,9119.8
6369.01,100.0,21820.0,,,,,100.0,100.0,9119.8
6370.01,100.0,21719.8,,,,,100.0,100.0,9105.8
6371.01,0.0,21761.5,,,,,0.0,0.0,9114.7
6372.01,100.0,21761.5,,,,,100.0,100.0,9103.6
6373.01,100.0,21803.0,,,,,100.0,100.0,9106.0
6374.01,0.0,21844.6,,,,,0.0,0.0,9110.0
6375.01,100.0,21861.6,,,,,100.0,100.0,9113.5
6376.01,100.0,21944.6,,,,,100.0,100.0,9118.6
6377.01,100.0,21903.3,,,,,100.0,100.0,9119.9
6378.01,0.0,21903.3,,,,,0.0,0.0,9119.9
6379.01,100.0,21861.7,,,,,100.0,100.0,9120.1
6380.01,100.0,21820.0,,,,,100.0,100.0,9120.1
6381.01,100.0,21719.8,,,,,100.0,100.0,9120.3
6382.01,0.0,21719.9,,,,,0.0,0.0,9103.8
6383.01,100.0,21761.5,,,,,100.0,100.0,9114.8
6384.01,0.0,21803.0,,,,,0.0,0.0,9105.2
6385.01,100.0,21844.6,,,,,100.0,100.0,9116.3
6386.01,100.0,21844.6,,,,,100.0,100.0,9103.9
6387.01,100.0,21944.6,,,,,100.0,100.0,9118.8
6388.01,0.0,21944.6,,,,,0.0,0.0,9118.8
6389.01,100.0,21903.3,,,,,100.0,100.0,9120.2
6390.01,100.0,21861.7,,,,,100.0,100.0,9120.3
6391.01,100.0,21820.0,,,,,100.0,100.0,9120.3
6392.01,0.0,21820.0,,,,,0.0,0.0,9120.3
6393.01,100.0,21719.9,,,,,100.0,100.0,9096.1
6394.01,0.0,21761.5,,,,,0.0,0.0,9104.8
6395.01,100.0,21803.0,,,,,100.0,100.0,9115.8
6396.01,100.0,21803.0,,,,,100.0,100.0,9102.7
6397.01,100.0,21844.6,,,,,100.0,100.0,9116.4
6398.01,0.0,21878.6,,,,,0.0,0.0,9116.5
6399.01,100.0,21944.6,,,,,100.0,100.0,9119.0
6400.01,100.0,21903.3,,,,,100.0,100.0,9120.4
6401.01,100.0,21861.7,,,,,100.0,100.0,9120.6
6402.01,0.0,21861.7,,,,,0.0,0.0,9120.6
6403.01,100.0,21820.0,,,,,100.0,100.0,9120.6
6404.01,100.0,21719.8,,,,,100.0,100.0,9104.4
6405.01,0.0,21761.5,,,,,0.0,0.0,9106.3
6406.01,100.0,21761.5,,,,,100.0,100.0,9109.0
6407.01,100.0,21803.0,,,,,100.0,100.0,9105.7
6408.01,0.0,21844.6,,,,,0.0,0.0,9109.8
6409.01,100.0,21861.6,,,,,100.0,100.0,9113.1
6410.01,100.0,21944.6,,,,,100.0,100.0,9119.3
6411.01,100.0,21903.3,,,,,100.0,100.0,9120.6
6412.02,0.0,21903.3,,,,,0.0,0.0,9120.6
6413.02,100.0,21861.7,,,,,100.0,100.0,9120.8
6414.02,100.0,21820.0,,,,,100.0,100.0,9120.8
6415.02,100.0,21719.8,,,,,100.0,100.0,9121.0
6416.02,0.0,21719.9,,,,,0.0,0.0,9104.0
6417.02,100.0,21761.5,,,,,100.0,100.0,9115.4
6418.02,0.0,21803.0,,,,,0.0,0.0,9104.4
6419.02,100.0,21844.6,,,,,100.0,100.0,9117.0
6420.02,100.0,21844.6,,,,,100.0,100.0,9110.5
6421.02,100.0,21944.6,,,,,100.0,100.0,9119.5
6422.02,0.0,21944.6,,,,,0.0,0.0,9119.5
6423.02,100.0,21903.3,,,,,100.0,100.0,9120.8
6424.02,100.0,21861.7,,,,,100.0,100.0,9121.0
6425.02,100.0,21820.0,,,,,100.0,100.0,9121.0
6426.02,0.0,21820.0,,,,,0.0,0.0,9121.0
6427.02,100.0,21719.9,,,,,100.0,100.0,9095.9
6428.02,0.0,21761.5,,,,,0.0,0.0,9104.5
6429.02,100.0,21803.0,,,,,100.0,100.0,9116.3
6430.02,100.0,21803.0,,,,,100.0,100.0,9104.1
6431.02,100.0,21844.6,,,,,100.0,100.0,9117.1
6432.02,0.0,21878.6,,,,,0.0,0.0,9117.1
6433.02,100.0,21944.6,,,,,100.0,100.0,9119.8
6434.02,100.0,21903.3,,,,,100.0,100.0,9121.1
6435.02,100.0,21861.7,,,,,100.0,100.0,9121.2
6436.02,0.0,21861.7,,,,,0.0,0.0,9121.2
6437.02,100.0,21820.0,,,,,100.0,100.0,9121.2
6438.02,100.0,21719.8,,,,,100.0,100.0,9104.1
6439.02,0.0,21761.5,,,,,0.0,0.0,9106.3
6440.02,100.0,21761.5,,,,,100.0,100.0,9103.2
6441.02,100.0,21803.0,,,,,100.0,100.0,9116.5
6442.02,0.0,21844.6,,,,,0.0,0.0,9110.3
6443.02,100.0,21861.6,,,,,100.0,100.0,9112.6
6444.02,100.0,21944.6,,,,,100.0,100.0,9120.0
6445.02,100.0,21903.3,,,,,100.0,100.0,9121.4
6446.02,0.0,21903.3,,,,,0.0,0.0,9121.4
6447.02,100.0,21861.7,,,,,100.0,100.0,9121.6
6448.02,100.0,21820.0,,,,,100.0,100.0,9121.6
6449.02,100.0,21719.8,,,,,100.0,100.0,9121.7
6450.02,0.0,21719.9,,,,,0.0,0.0,9104.3
6451.02,100.0,21761.5,,,,,100.0,100.0,9116.0
6452.02,0.0,21803.0,,,,,0.0,0.0,9105.0
6453.02,100.0,21844.6,,,,,100.0,100.0,9117.5
6454.02,100.0,21844.6,,,,,100.0,100.0,9111.5
6455.02,100.0,21944.6,,,,,100.0,100.0,9120.2
6456.02,0.0,21944.6,,,,,0.0,0.0,9120.2
6457.02,100.0,21903.3,,,,,100.0,100.0,9121.6
6458.02,100.0,21861.7,,,,,100.0,100.0,9121.8
6459.02,100.0,21820.0,,,,,100.0,100.0,9121.8
6460.02,0.0,21820.0,,,,,0.0,0.0,9121.8
6461.02,100.0,21719.9,,,,,100.0,100.0,9116.1
6462.02,0.0,21761.5,,,,,0.0,0.0,9104.4
6463.02,100.0,21803.0,,,,,100.0,100.0,9117.0
6464.02,100.0,21803.0,,,,,100.0,100.0,9104.7
6465.02,100.0,21823.8,,,,,100.0,100.0,9117.6
6466.02,0.0,21878.6,,,,,0.0,0.0,9117.9
6467.02,100.0,21944.6,,,,,100.0,100.0,9120.5
6468.02,100.0,21903.3,,,,,100.0,100.0,9121.7
6469.02,100.0,21861.7,,,,,100.0,100.0,9121.9
6470.02,0.0,21861.7,,,,,0.0,0.0,9121.9
6471.02,100.0,21820.0,,,,,100.0,100.0,9121.9
6472.02,100.0,21719.8,,,,,100.0,100.0,9103.2
6473.02,0.0,21761.5,,,,,0.0,0.0,9096.9
6474.02,100.0,21761.5,,,,,100.0,100.0,9103.9
6475.02,100.0,21782.3,,,,,100.0,100.0,9115.2
6476.02,0.0,21844.6,,,,,0.0,0.0,9112.5
6477.02,100.0,21861.6,,,,,100.0,100.0,9112.8
6478.03,100.0,21944.6,,,,,100.0,100.0,9120.7
6479.03,100.0,21903.3,,,,,100.0,100.0,9122.0
6480.03,0.0,21903.3,,,,,0.0,0.0,9122.0
6481.03,100.0,21861.7,,,,,100.0,100.0,9122.2
6482.03,100.0,21820.0,,,,,100.0,100.0,9122.2
6483.03,100.0,21719.8,,,,,100.0,100.0,9122.4
6484.03,0.0,21719.9,,,,,0.0,0.0,9105.2
6485.03,100.0,21761.5,,,,,100.0,100.0,9117.2
6486.03,0.0,21803.0,,,,,0.0,0.0,9111.0
6487.03,100.0,21844.6,,,,,100.0,100.0,9118.3
6488.03,100.0,21844.6,,,,,100.0,100.0,9118.5
6489.03,100.0,21944.6,,,,,100.0,100.0,9120.9
6490.03,0.0,21944.6,,,,,0.0,0.0,9120.9
6491.03,100.0,21903.3,,,,,100.0,100.0,9122.2
6492.03,100.0,21861.7,,,,,100.0,100.0,9122.4
6493.03,100.0,21820.0,,,,,100.0,100.0,9122.4
6494.03,0.0,21820.0,,,,,0.0,0.0,9122.4
6495.03,100.0,21719.9,,,,,100.0,100.0,9116.9
6496.03,0.0,21761.5,,,,,0.0,0.0,9104.4
6497.03,100.0,21803.0,,,,,100.0,100.0,9117.7
6498.03,100.0,21803.0,,,,,100.0,100.0,9104.7
6499.03,100.0,21823.8,,,,,100.0,100.0,9116.1
6500.03,0.0,21878.6,,,,,0.0,0.0,9118.6
6501.03,100.0,21944.6,,,,,100.0,100.0,9121.1
6502.03,100.0,21903.3,,,,,100.0,100.0,9122.5
6503.03,100.0,21861.7,,,,,100.0,100.0,9122.7
6504.03,0.0,21861.7,,,,,0.0,0.0,9122.7
6505.03,100.0,21820.0,,,,,100.0,100.0,9122.7
6506.03,100.0,21719.8,,,,,100.0,100.0,9103.9
6507.03,0.0,21761.5,,,,,0.0,0.0,9097.8
6508.03,100.0,21761.5,,,,,100.0,100.0,9103.8
6509.03,100.0,21782.3,,,,,100.0,100.0,9116.3
6510.03,0.0,21844.6,,,,,0.0,0.0,9106.3
6511.03,100.0,21861.6,,,,,100.0,100.0,9114.1
6512.03,100.0,21944.6,,,,,100.0,100.0,9121.2
6513.03,100.0,21903.3,,,,,100.0,100.0,9122.6
6514.03,0.0,21903.3,,,,,0.0,0.0,9122.6
6515.03,100.0,21861.7,,,,,100.0,100.0,9122.8
6516.03,100.0,21820.0,,,,,100.0,100.0,9122.8
6517.03,100.0,21719.8,,,,,100.0,100.0,9123.0
6518.03,0.0,21719.9,,,,,0.0,0.0,9106.1
6519.03,100.0,21761.5,,,,,100.0,100.0,9107.7
6520.03,0.0,21803.0,,,,,0.0,0.0,9111.8
6521.03,100.0,21823.8,,,,,100.0,100.0,9106.8
6522.03,100.0,21844.6,,,,,100.0,100.0,9112.4
6523.03,100.0,21944.6,,,,,100.0,100.0,9121.5
6524.03,0.0,21944.6,,,,,0.0,0.0,9121.5
6525.03,100.0,21903.3,,,,,100.0,100.0,9122.9
6526.03,100.0,21861.7,,,,,100.0,100.0,9123.1
6527.03,100.0,21820.0,,,,,100.0,100.0,9123.1
6528.03,0.0,21820.0,,,,,0.0,0.0,9123.1
6529.03,100.0,21719.9,,,,,100.0,100.0,9117.4
6530.03,0.0,21761.5,,,,,0.0,0.0,9105.1
6531.03,100.0,21782.3,,,,,100.0,100.0,9117.3
6532.03,100.0,21803.0,,,,,100.0,100.0,9104.3
6533.03,100.0,21803.0,,,,,100.0,100.0,9112.0
6534.03,0.0,21878.6,,,,,0.0,0.0,9119.1
6535.03,100.0,21944.6,,,,,100.0,100.0,9121.7
6536.03,100.0,21903.3,,,,,100.0,100.0,9123.1
6537.03,100.0,21861.7,,,,,100.0,100.0,9123.3
6538.03,0.0,21861.7,,,,,0.0,0.0,9123.3
6539.03,100.0,21820.0,,,,,100.0,100.0,9123.3
6540.03,100.0,21719.8,,,,,100.0,100.0,9103.7
6541.03,0.0,21761.5,,,,,0.0,0.0,9117.9
6542.03,100.0,21761.5,,,,,100.0,100.0,9103.8
6543.04,100.0,21782.3,,,,,100.0,100.0,9114.9
6544.04,0.0,21844.6,,,,,0.0,0.0,9103.0
6545.04,100.0,21844.6,,,,,100.0,100.0,9112.2
6546.04,100.0,21944.6,,,,,100.0,100.0,9122.0
6547.04,100.0,21903.3,,,,,100.0,100.0,9123.3
6548.04,0.0,21903.3,,,,,0.0,0.0,9123.3
6549.04,100.0,21861.7,,,,,100.0,100.0,9123.5
6550.04,100.0,21820.0,,,,,100.0,100.0,9123.5
6551.04,100.0,21719.8,,,,,100.0,100.0,9123.7
6552.04,0.0,21719.9,,,,,0.0,0.0,9105.0
6553.04,100.0,21761.5,,,,,100.0,100.0,9118.0
6554.04,0.0,21803.0,,,,,0.0,0.0,9118.8
6555.04,100.0,21803.0,,,,,100.0,100.0,9114.6
6556.04,100.0,21844.6,,,,,100.0,100.0,9111.7
6557.04,100.0,21944.6,,,,,100.0,100.0,9122.2
6558.04,0.0,21944.6,,,,,0.0,0.0,9122.2
6559.04,100.0,21903.3,,,,,100.0,100.0,9123.6
6560.04,100.0,21861.7,,,,,100.0,100.0,9123.7
6561.04,100.0,21820.0,,,,,100.0,100.0,9123.7
6562.04,0.0,21820.0,,,,,0.0,0.0,9123.7
6563.04,100.0,21719.9,,,,,100.0,100.0,9118.1
6564.04,0.0,21761.5,,,,,0.0,0.0,9106.0
6565.04,100.0,21803.0,,,,,100.0,100.0,9118.9
6566.04,100.0,21803.0,,,,,100.0,100.0,9105.7
6567.04,100.0,21823.8,,,,,100.0,100.0,9117.8
6568.04,0.0,21878.6,,,,,0.0,0.0,9119.7
6569.04,100.0,21944.6,,,,,100.0,100.0,9122.3
6570.04,100.0,21903.3,,,,,100.0,100.0,9123.8
6571.04,100.0,21861.7,,,,,100.0,100.0,9123.9
6572.04,0.0,21861.7,,,,,0.0,0.0,9123.9
6573.04,100.0,21820.0,,,,,100.0,100.0,9123.9
6574.04,100.0,21719.8,,,,,100.0,100.0,9103.7
6575.04,0.0,21761.5,,,,,0.0,0.0,9118.6
6576.04,100.0,21761.5,,,,,100.0,100.0,9103.4
6577.04,100.0,21761.5,,,,,100.0,100.0,9112.6
6578.04,0.0,21844.6,,,,,0.0,0.0,9101.6
6579.04,100.0,21844.6,,,,,100.0,100.0,9109.3
6580.04,100.0,21944.6,,,,,100.0,100.0,9122.7
6581.04,100.0,21903.3,,,,,100.0,100.0,9124.0
6582.04,0.0,21903.3,,,,,0.0,0.0,9124.0
6583.04,100.0,21861.7,,,,,100.0,100.0,9124.2
6584.04,100.0,21820.0,,,,,100.0,100.0,9124.2
6585.04,100.0,21719.8,,,,,100.0,100.0,9124.4
6586.04,0.0,21719.9,,,,,0.0,0.0,9118.7
6587.04,100.0,21757.7,,,,,100.0,100.0,9119.0
6588.04,0.0,21803.0,,,,,0.0,0.0,9111.9
6589.04,100.0,21803.0,,,,,100.0,100.0,9112.7
6590.04,100.0,21844.6,,,,,100.0,100.0,9112.7
6591.04,100.0,21944.6,,,,,100.0,100.0,9123.0
6592.04,0.0,21944.6,,,,,0.0,0.0,9123.0
6593.04,100.0,21903.3,,,,,100.0,100.0,9124.3
6594.04,100.0,21861.7,,,,,100.0,100.0,9124.5
6595.04,100.0,21820.0,,,,,100.0,100.0,9124.5
6596.04,0.0,21820.0,,,,,0.0,0.0,9124.5
6597.04,100.0,21719.9,,,,,100.0,100.0,9118.9
6598.04,0.0,21761.5,,,,,0.0,0.0,9106.2
6599.04,100.0,21803.0,,,,,100.0,100.0,9119.7
6600.04,100.0,21803.0,,,,,100.0,100.0,9120.3
6601.04,100.0,21822.4,,,,,100.0,100.0,9116.1
6602.04,0.0,21878.6,,,,,0.0,0.0,9120.5
6603.04,100.0,21944.6,,,,,100.0,100.0,9123.0
6604.04,100.0,21903.3,,,,,100.0,100.0,9124.4
6605.04,100.0,21861.7,,,,,100.0,100.0,9124.6
6606.04,0.0,21861.7,,,,,0.0,0.0,9124.6
6607.04,100.0,21820.0,,,,,100.0,100.0,9124.6
6608.04,100.0,21719.8,,,,,100.0,100.0,9104.0
6609.05,0.0,21761.5,,,,,0.0,0.0,9119.0
6610.05,100.0,21761.5,,,,,100.0,100.0,9104.7
6611.05,100.0,21761.5,,,,,100.0,100.0,9116.2
6612.05,0.0,21844.6,,,,,0.0,0.0,9105.5
6613.05,100.0,21844.6,,,,,100.0,100.0,9110.3
6614.05,100.0,21944.6,,,,,100.0,100.0,9123.1
6615.05,100.0,21903.3,,,,,100.0,100.0,9124.6
6616.05,0.0,21903.3,,,,,0.0,0.0,9124.6
6617.05,100.0,21861.7,,,,,100.0,100.0,9124.8
6618.05,100.0,21820.0,,,,,100.0,100.0,9124.8
6619.05,100.0,21719.8,,,,,100.0,100.0,9124.9
6620.05,0.0,21719.9,,,,,0.0,0.0,9111.2
6621.05,100.0,21740.7,,,,,100.0,100.0,9106.7
6622.05,0.0,21803.0,,,,,0.0,0.0,9112.9
6623.05,100.0,21823.8,,,,,100.0,100.0,9114.9
6624.05,100.0,21844.6,,,,,100.0,100.0,9114.3
6625.05,100.0,21944.6,,,,,100.0,100.0,9123.7
6626.05,0.0,21944.6,,,,,0.0,0.0,9123.7
6627.05,100.0,21903.3,,,,,100.0,100.0,9124.9
6628.05,100.0,21861.7,,,,,100.0,100.0,9125.1
6629.05,100.0,21820.0,,,,,100.0,100.0,9125.1
6630.05,0.0,21820.0,,,,,0.0,0.0,9125.1
6631.05,100.0,21719.9,,,,,100.0,100.0,9119.3
6632.05,0.0,21761.5,,,,,0.0,0.0,9105.6
6633.05,100.0,21782.3,,,,,100.0,100.0,9114.9
6634.05,100.0,21803.0,,,,,100.0,100.0,9120.9
6635.05,100.0,21823.8,,,,,100.0,100.0,9115.2
6636.05,0.0,21878.6,,,,,0.0,0.0,9121.0
6637.05,100.0,21944.6,,,,,100.0,100.0,9123.8
6638.05,100.0,21903.3,,,,,100.0,100.0,9125.0
6639.05,0.0,21903.3,,,,,0.0,0.0,9125.0
6640.05,100.0,21861.7,,,,,100.0,100.0,9125.2
6641.05,100.0,21820.0,,,,,100.0,100.0,9125.2
6642.05,100.0,21719.8,,,,,100.0,100.0,9103.6
6643.05,0.0,21740.7,,,,,0.0,0.0,9118.8
6644.05,100.0,21761.5,,,,,100.0,100.0,9105.2
6645.05,0.0,21803.0,,,,,0.0,0.0,9112.8
6646.05,100.0,21844.6,,,,,100.0,100.0,9102.7
6647.05,100.0,21844.6,,,,,100.0,100.0,9107.9
6648.05,100.0,21944.6,,,,,100.0,100.0,9124.0
6649.05,0.0,21944.6,,,,,0.0,0.0,9124.0
6650.05,100.0,21903.3,,,,,100.0,100.0,9125.2
6651.05,100.0,21861.7,,,,,100.0,100.0,9125.4
6652.05,100.0,21820.0,,,,,100.0,100.0,9125.4
6653.05,0.0,21820.0,,,,,0.0,0.0,9125.4
6654.05,100.0,21719.9,,,,,100.0,100.0,9120.1
6655.05,0.0,21761.5,,,,,0.0,0.0,9115.8
6656.05,100.0,21803.0,,,,,100.0,100.0,9104.9
6657.05,100.0,21803.0,,,,,100.0,100.0,9110.6
6658.05,100.0,21844.6,,,,,100.0,100.0,9102.3
6659.05,0.0,21878.6,,,,,0.0,0.0,9121.6
6660.05,100.0,21944.6,,,,,100.0,100.0,9124.2
6661.05,100.0,21903.3,,,,,100.0,100.0,9125.5
6662.05,100.0,21861.7,,,,,100.0,100.0,9125.7
6663.05,0.0,21861.7,,,,,0.0,0.0,9125.7
6664.05,100.0,21820.0,,,,,100.0,100.0,9125.7
6665.05,100.0,21702.9,,,,,100.0,100.0,9118.0
6666.05,0.0,21761.5,,,,,0.0,0.0,9120.2
6667.05,100.0,21761.5,,,,,100.0,100.0,9113.8
6668.05,100.0,21803.0,,,,,100.0,100.0,9121.1
6669.05,0.0,21844.6,,,,,0.0,0.0,9111.5
6670.05,100.0,21878.6,,,,,100.0,100.0,9121.6
6671.05,100.0,21944.6,,,,,100.0,100.0,9124.4
6672.05,100.0,21903.3,,,,,100.0,100.0,9125.7
6673.05,0.0,21903.3,,,,,0.0,0.0,9125.7
6674.05,100.0,21861.7,,,,,100.0,100.0,9125.9
6675.05,100.0,21820.0,,,,,100.0,100.0,9125.9
6676.06,100.0,21719.8,,,,,100.0,100.0,9104.7
6677.06,0.0,21740.7,,,,,0.0,0.0,9116.9
6678.06,100.0,21761.5,,,,,100.0,100.0,9103.5
6679.06,0.0,21803.0,,,,,0.0,0.0,9110.2
6680.06,100.0,21844.6,,,,,100.0,100.0,9122.1
6681.06,100.0,21844.6,,,,,100.0,100.0,9108.8
6682.06,100.0,21944.6,,,,,100.0,100.0,9124.6
6683.06,0.0,21944.6,,,,,0.0,0.0,9124.6
6684.06,100.0,21903.3,,,,,100.0,100.0,9126.0
6685.06,100.0,21861.7,,,,,100.0,100.0,9126.1
6686.06,100.0,21820.0,,,,,100.0,100.0,9126.2
6687.06,0.0,21820.0,,,,,0.0,0.0,9126.2
6688.06,100.0,21719.9,,,,,100.0,100.0,9112.3
6689.06,0.0,21761.5,,,,,0.0,0.0,9113.9
6690.06,100.0,21803.0,,,,,100.0,100.0,9102.7
6691.06,100.0,21803.0,,,,,100.0,100.0,9109.6
6692.06,100.0,21844.6,,,,,100.0,100.0,9112.2
6693.06,0.0,21878.6,,,,,0.0,0.0,9120.9
6694.06,100.0,21944.6,,,,,100.0,100.0,9123.6
6695.06,100.0,21903.3,,,,,100.0,100.0,9125.0
6696.06,100.0,21861.7,,,,,100.0,100.0,9125.2
6697.06,0.0,21861.7,,,,,0.0,0.0,9125.2
6698.06,100.0,21820.0,,,,,100.0,100.0,9125.2
6699.06,100.0,21719.8,,,,,100.0,100.0,9114.3
6700.06,0.0,21761.5,,,,,0.0,0.0,9120.1
6701.06,100.0,21782.3,,,,,100.0,100.0,9104.7
6702.06,100.0,21803.0,,,,,100.0,100.0,9114.2
6703.06,0.0,21861.6,,,,,0.0,0.0,9115.1
6704.06,100.0,21878.6,,,,,100.0,100.0,9121.3
6705.06,100.0,21944.6,,,,,100.0,100.0,9124.0
6706.06,100.0,21903.3,,,,,100.0,100.0,9125.4
6707.06,0.0,21903.3,,,,,0.0,0.0,9125.4
6708.06,100.0,21861.7,,,,,100.0,100.0,9125.6
6709.06,100.0,21820.0,,,,,100.0,100.0,9125.6
6710.06,100.0,21719.8,,,,,100.0,100.0,9105.1
6711.06,0.0,21719.9,,,,,0.0,0.0,9114.7
6712.06,100.0,21761.5,,,,,100.0,100.0,9104.8
6713.06,0.0,21803.0,,,,,0.0,0.0,9110.7
6714.06,100.0,21844.6,,,,,100.0,100.0,9121.8
6715.06,100.0,21844.6,,,,,100.0,100.0,9111.0
6716.06,100.0,21944.6,,,,,100.0,100.0,9124.4
6717.06,0.0,21944.6,,,,,0.0,0.0,9124.4
6718.06,100.0,21903.3,,,,,100.0,100.0,9125.7
6719.06,100.0,21861.7,,,,,100.0,100.0,9125.9
6720.06,100.0,21820.0,,,,,100.0,100.0,9125.9
6721.06,0.0,21820.0,,,,,0.0,0.0,9125.9
6722.06,100.0,21719.9,,,,,100.0,100.0,9120.3
6723.06,0.0,21761.5,,,,,0.0,0.0,9111.9
6724.06,100.0,21803.0,,,,,100.0,100.0,9113.9
6725.06,100.0,21803.0,,,,,100.0,100.0,9118.0
6726.06,100.0,21823.8,,,,,100.0,100.0,9114.4
6727.06,0.0,21878.6,,,,,0.0,0.0,9122.1
6728.06,100.0,21944.6,,,,,100.0,100.0,9124.8
6729.06,100.0,21903.3,,,,,100.0,100.0,9126.1
6730.06,100.0,21861.7,,,,,100.0,100.0,9126.2
6731.06,0.0,21861.7,,,,,0.0,0.0,9126.2
6732.06,100.0,21820.0,,,,,100.0,100.0,9126.2
6733.06,100.0,21719.8,,,,,100.0,100.0,9113.7
6734.06,0.0,21761.5,,,,,0.0,0.0,9120.8
6735.06,100.0,21761.5,,,,,100.0,100.0,9112.3
6736.06,100.0,21803.0,,,,,100.0,100.0,9121.6
6737.06,0.0,21844.6,,,,,0.0,0.0,9111.2
6738.06,100.0,21878.6,,,,,100.0,100.0,9122.3
6739.06,100.0,21944.6,,,,,100.0,100.0,9125.1
6740.06,100.0,21903.3,,,,,100.0,100.0,9126.4
6741.07,0.0,21903.3,,,,,0.0,0.0,9126.4
6742.07,100.0,21861.7,,,,,100.0,100.0,9126.6
6743.07,100.0,21820.0,,,,,100.0,100.0,9126.6
6744.07,100.0,21719.8,,,,,100.0,100.0,9105.4
6745.07,0.0,21719.9,,,,,0.0,0.0,9112.8
6746.07,100.0,21761.5,,,,,100.0,100.0,9121.1
6747.07,0.0,21803.0,,,,,0.0,0.0,9111.0
6748.07,100.0,21844.6,,,,,100.0,100.0,9122.6
6749.07,100.0,21844.6,,,,,100.0,100.0,9110.5
6750.07,100.0,21944.6,,,,,100.0,100.0,9125.2
6751.07,0.0,21944.6,,,,,0.0,0.0,9125.2
6752.07,100.0,21903.3,,,,,100.0,100.0,9126.7
6753.07,100.0,21861.7,,,,,100.0,100.0,9126.8
6754.07,100.0,21820.0,,,,,100.0,100.0,9126.8
6755.07,0.0,21820.0,,,,,0.0,0.0,9126.8
6756.07,100.0,21719.9,,,,,100.0,100.0,9105.5
6757.07,0.0,21761.5,,,,,0.0,0.0,9112.7
6758.07,100.0,21803.0,,,,,100.0,100.0,9114.9
6759.07,100.0,21803.0,,,,,100.0,100.0,9110.8
6760.07,100.0,21823.8,,,,,100.0,100.0,9120.9
6761.07,0.0,21878.6,,,,,0.0,0.0,9123.0
6762.07,100.0,21944.6,,,,,100.0,100.0,9125.6
6763.07,100.0,21903.3,,,,,100.0,100.0,9127.0
6764.07,100.0,21861.7,,,,,100.0,100.0,9127.2
6765.07,0.0,21861.7,,,,,0.0,0.0,9127.2
6766.07,100.0,21820.0,,,,,100.0,100.0,9127.2
6767.07,100.0,21719.8,,,,,100.0,100.0,9113.0
6768.07,0.0,21761.5,,,,,0.0,0.0,9121.8
6769.07,100.0,21761.5,,,,,100.0,100.0,9111.5
6770.07,100.0,21803.0,,,,,100.0,100.0,9122.7
6771.07,0.0,21844.6,,,,,0.0,0.0,9123.4
6772.07,100.0,21844.6,,,,,100.0,100.0,9118.8
6773.07,100.0,21944.6,,,,,100.0,100.0,9126.0
6774.07,100.0,21903.3,,,,,100.0,100.0,9127.3
6775.07,0.0,21903.3,,,,,0.0,0.0,9127.3
6776.07,100.0,21861.7,,,,,100.0,100.0,9127.5
6777.07,100.0,21820.0,,,,,100.0,100.0,9127.5
6778.07,100.0,21719.8,,,,,100.0,100.0,9103.2
6779.07,0.0,21719.9,,,,,0.0,0.0,9112.6
6780.07,100.0,21761.5,,,,,100.0,100.0,9122.0
6781.07,0.0,21803.0,,,,,0.0,0.0,9111.8
6782.07,100.0,21844.6,,,,,100.0,100.0,9123.6
6783.07,100.0,21844.6,,,,,100.0,100.0,9112.9
6784.07,100.0,21944.6,,,,,100.0,100.0,9126.3
6785.07,0.0,21944.6,,,,,0.0,0.0,9126.3
6786.07,100.0,21903.3,,,,,100.0,100.0,9127.7
6787.07,100.0,21861.7,,,,,100.0,100.0,9127.8
6788.07,100.0,21820.0,,,,,100.0,100.0,9127.9
6789.07,0.0,21820.0,,,,,0.0,0.0,9127.9
6790.07,100.0,21719.9,,,,,100.0,100.0,9105.5
6791.07,0.0,21761.5,,,,,0.0,0.0,9112.9
6792.07,100.0,21803.0,,,,,100.0,100.0,9104.8
6793.07,100.0,21803.0,,,,,100.0,100.0,9110.9
6794.07,100.0,21844.6,,,,,100.0,100.0,9123.9
6795.07,0.0,21878.6,,,,,0.0,0.0,9124.0
6796.07,100.0,21944.6,,,,,100.0,100.0,9126.6
6797.07,100.0,21903.3,,,,,100.0,100.0,9127.9
6798.07,100.0,21861.7,,,,,100.0,100.0,9128.1
6799.07,0.0,21861.7,,,,,0.0,0.0,9128.1
6800.07,100.0,21820.0,,,,,100.0,100.0,9128.1
6801.07,100.0,21719.8,,,,,100.0,100.0,9113.9
6802.07,0.0,21761.5,,,,,0.0,0.0,9122.6
6803.07,100.0,21761.5,,,,,100.0,100.0,9113.9
6804.07,100.0,21803.0,,,,,100.0,100.0,9114.6
6805.07,0.0,21844.6,,,,,0.0,0.0,9118.3
6806.08,100.0,21878.6,,,,,100.0,100.0,9123.9
6807.08,100.0,21944.6,,,,,100.0,100.0,9126.9
6808.08,100.0,21903.3,,,,,100.0,100.0,9128.2
6809.08,0.0,21903.3,,,,,0.0,0.0,9128.2
6810.08,100.0,21861.7,,,,,100.0,100.0,9128.3
6811.08,100.0,21820.0,,,,,100.0,100.0,9128.3
6812.08,100.0,21719.8,,,,,100.0,100.0,9104.3
6813.08,0.0,21719.9,,,,,0.0,0.0,9113.7
6814.08,100.0,21761.5,,,,,100.0,100.0,9122.9
6815.08,0.0,21803.0,,,,,0.0,0.0,9114.5
6816.08,100.0,21844.6,,,,,100.0,100.0,9124.7
6817.08,100.0,21844.6,,,,,100.0,100.0,9113.3
6818.08,100.0,21944.6,,,,,100.0,100.0,9127.2
6819.08,0.0,21944.6,,,,,0.0,0.0,9127.2
6820.08,100.0,21903.3,,,,,100.0,100.0,9128.5
6821.08,100.0,21861.7,,,,,100.0,100.0,9128.7
6822.08,100.0,21820.0,,,,,100.0,100.0,9128.7
6823.08,0.0,21820.0,,,,,0.0,0.0,9128.7
6824.08,100.0,21719.9,,,,,100.0,100.0,9104.7
6825.08,0.0,21761.5,,,,,0.0,0.0,9113.7
6826.08,100.0,21803.0,,,,,100.0,100.0,9124.0
6827.08,100.0,21803.0,,,,,100.0,100.0,9111.4
6828.08,100.0,21844.6,,,,,100.0,100.0,9124.7
6829.08,0.0,21878.6,,,,,0.0,0.0,9124.8
6830.08,100.0,21944.6,,,,,100.0,100.0,9127.4
6831.08,100.0,21903.3,,,,,100.0,100.0,9128.7
6832.08,100.0,21861.7,,,,,100.0,100.0,9128.9
6833.08,0.0,21861.7,,,,,0.0,0.0,9128.9
6834.08,100.0,21820.0,,,,,100.0,100.0,9128.9
6835.08,100.0,21719.8,,,,,100.0,100.0,9112.8
6836.08,0.0,21761.5,,,,,0.0,0.0,9123.5
6837.08,100.0,21761.5,,,,,100.0,100.0,9112.5
6838.08,100.0,21803.0,,,,,100.0,100.0,9124.2
6839.08,0.0,21844.6,,,,,0.0,0.0,9117.9
6840.08,100.0,21861.6,,,,,100.0,100.0,9121.4
6841.08,100.0,21944.6,,,,,100.0,100.0,9127.7
6842.08,100.0,21903.3,,,,,100.0,100.0,9129.0
6843.08,0.0,21903.3,,,,,0.0,0.0,9129.0
6844.08,100.0,21861.7,,,,,100.0,100.0,9129.2
6845.08,100.0,21820.0,,,,,100.0,100.0,9129.2
6846.08,100.0,21719.8,,,,,100.0,100.0,9129.3
6847.08,0.0,21719.9,,,,,0.0,0.0,9112.8
6848.08,100.0,21761.5,,,,,100.0,100.0,9124.1
6849.08,0.0,21803.0,,,,,0.0,0.0,9113.7
6850.08,100.0,21844.6,,,,,100.0,100.0,9125.2
6851.08,100.0,21844.6,,,,,100.0,100.0,9125.3
6852.08,100.0,21944.6,,,,,100.0,100.0,9127.9
6853.08,0.0,21944.6,,,,,0.0,0.0,9127.9
6854.08,100.0,21903.3,,,,,100.0,100.0,9129.2
6855.08,100.0,21861.7,,,,,100.0,100.0,9129.3
6856.08,100.0,21820.0,,,,,100.0,100.0,9129.4
6857.08,0.0,21820.0,,,,,0.0,0.0,9129.4
6858.08,100.0,21719.9,,,,,100.0,100.0,9105.2
6859.08,0.0,21761.5,,,,,0.0,0.0,9113.1
6860.08,100.0,21803.0,,,,,100.0,100.0,9124.5
6861.08,100.0,21803.0,,,,,100.0,100.0,9112.1
6862.08,100.0,21823.8,,,,,100.0,100.0,9122.2
6863.08,0.0,21878.6,,,,,0.0,0.0,9125.3
6864.08,100.0,21944.6,,,,,100.0,100.0,9128.0
6865.08,100.0,21903.3,,,,,100.0,100.0,9129.4
6866.08,100.0,21861.7,,,,,100.0,100.0,9129.5
6867.08,0.0,21861.7,,,,,0.0,0.0,9129.5
6868.08,100.0,21820.0,,,,,100.0,100.0,9129.5
6869.08,100.0,21719.8,,,,,100.0,100.0,9113.4
6870.08,0.0,21761.5,,,,,0.0,0.0,9115.0
6871.08,100.0,21761.5,,,,,100.0,100.0,9118.5
6872.09,100.0,21803.0,,,,,100.0,100.0,9108.9
6873.09,0.0,21844.6,,,,,0.0,0.0,9112.2
6874.09,100.0,21861.6,,,,,100.0,100.0,9123.7
6875.09,100.0,21944.6,,,,,100.0,100.0,9128.2
6876.09,100.0,21903.3,,,,,100.0,100.0,9129.6
6877.09,0.0,21903.3,,,,,0.0,0.0,9129.6
6878.09,100.0,21861.7,,,,,100.0,100.0,9129.8
6879.09,100.0,21820.0,,,,,100.0,100.0,9129.8
6880.09,100.0,21719.8,,,,,100.0,100.0,9130.0
6881.09,0.0,21719.9,,,,,0.0,0.0,9114.4
6882.09,100.0,21761.5,,,,,100.0,100.0,9124.8
6883.09,0.0,21803.0,,,,,0.0,0.0,9113.9
6884.09,100.0,21844.6,,,,,100.0,100.0,9126.0
6885.09,100.0,21844.6,,,,,100.0,100.0,9119.6
6886.09,100.0,21944.6,,,,,100.0,100.0,9128.5
6887.09,0.0,21944.6,,,,,0.0,0.0,9128.5
6888.09,100.0,21903.3,,,,,100.0,100.0,9129.9
6889.09,100.0,21861.7,,,,,100.0,100.0,9130.0
6890.09,100.0,21820.0,,,,,100.0,100.0,9130.0
6891.09,0.0,21820.0,,,,,0.0,0.0,9130.0
6892.09,100.0,21719.9,,,,,100.0,100.0,9105.0
6893.09,0.0,21761.5,,,,,0.0,0.0,9113.4
6894.09,100.0,21803.0,,,,,100.0,100.0,9125.4
6895.09,100.0,21803.0,,,,,100.0,100.0,9114.0
6896.09,100.0,21823.8,,,,,100.0,100.0,9123.8
6897.09,0.0,21878.6,,,,,0.0,0.0,9126.1
6898.09,100.0,21944.6,,,,,100.0,100.0,9128.8
6899.09,100.0,21903.3,,,,,100.0,100.0,9130.1
6900.09,100.0,21861.7,,,,,100.0,100.0,9130.3
6901.09,0.0,21861.7,,,,,0.0,0.0,9130.3
6902.09,100.0,21820.0,,,,,100.0,100.0,9130.3
6903.09,100.0,21719.8,,,,,100.0,100.0,9113.5
6904.09,0.0,21761.5,,,,,0.0,0.0,9105.9
6905.09,100.0,21761.5,,,,,100.0,100.0,9112.2
6906.09,100.0,21803.0,,,,,100.0,100.0,9115.6
6907.09,0.0,21844.6,,,,,0.0,0.0,9119.8
6908.09,100.0,21861.6,,,,,100.0,100.0,9122.0
6909.09,100.0,21944.6,,,,,100.0,100.0,9128.9
6910.09,100.0,21903.3,,,,,100.0,100.0,9130.2
6911.09,0.0,21903.3,,,,,0.0,0.0,9130.2
6912.09,100.0,21861.7,,,,,100.0,100.0,9130.4
6913.09,100.0,21820.0,,,,,100.0,100.0,9130.4
6914.09,100.0,21719.8,,,,,100.0,100.0,9130.6
6915.09,0.0,21719.9,,,,,0.0,0.0,9114.2
6916.09,100.0,21761.5,,,,,100.0,100.0,9125.5
6917.09,0.0,21803.0,,,,,0.0,0.0,9113.2
6918.09,100.0,21823.8,,,,,100.0,100.0,9124.7
6919.09,100.0,21844.6,,,,,100.0,100.0,9126.8
6920.09,100.0,21944.6,,,,,100.0,100.0,9129.2
6921.09,0.0,21944.6,,,,,0.0,0.0,9129.2
6922.09,100.0,21903.3,,,,,100.0,100.0,9130.5
6923.09,100.0,21861.7,,,,,100.0,100.0,9130.7
6924.09,100.0,21820.0,,,,,100.0,100.0,9130.7
6925.09,0.0,21820.0,,,,,0.0,0.0,9130.7
6926.09,100.0,21719.9,,,,,100.0,100.0,9125.1
6927.09,0.0,21761.5,,,,,0.0,0.0,9113.2
6928.09,100.0,21803.0,,,,,100.0,100.0,9126.1
6929.09,100.0,21803.0,,,,,100.0,100.0,9113.0
6930.09,100.0,21823.8,,,,,100.0,100.0,9125.8
6931.09,0.0,21878.6,,,,,0.0,0.0,9126.9
6932.09,100.0,21944.6,,,,,100.0,100.0,9129.5
6933.09,100.0,21903.3,,,,,100.0,100.0,9130.6
6934.09,100.0,21861.7,,,,,100.0,100.0,9130.8
6935.09,0.0,21861.7,,,,,0.0,0.0,9130.8
6936.1,100.0,21820.0,,,,,100.0,100.0,9130.8
6937.1,100.0,21719.8,,,,,100.0,100.0,9112.3
6938.1,0.0,21761.5,,,,,0.0,0.0,9106.5
6939.1,100.0,21761.5,,,,,100.0,100.0,9113.2
6940.1,100.0,21782.3,,,,,100.0,100.0,9125.6
6941.1,0.0,21844.6,,,,,0.0,0.0,9112.7
6942.1,100.0,21861.6,,,,,100.0,100.0,9123.9
6943.1,100.0,21944.6,,,,,100.0,100.0,9129.5
6944.1,100.0,21903.3,,,,,100.0,100.0,9130.7
6945.1,0.0,21903.3,,,,,0.0,0.0,9130.7
6946.1,100.0,21861.7,,,,,100.0,100.0,9130.9
6947.1,100.0,21820.0,,,,,100.0,100.0,9130.9
6948.1,100.0,21719.8,,,,,100.0,100.0,9130.9
6949.1,0.0,21719.9,,,,,0.0,0.0,9113.7
6950.1,100.0,21761.5,,,,,100.0,100.0,9125.9
6951.1,0.0,21803.0,,,,,0.0,0.0,9118.8
6952.1,100.0,21823.8,,,,,100.0,100.0,9113.8
6953.1,100.0,21844.6,,,,,100.0,100.0,9119.8
6954.1,100.0,21944.6,,,,,100.0,100.0,9129.5
6955.1,0.0,21944.6,,,,,0.0,0.0,9129.5
6956.1,100.0,21903.3,,,,,100.0,100.0,9130.7
6957.1,100.0,21861.7,,,,,100.0,100.0,9130.9
6958.1,100.0,21820.0,,,,,100.0,100.0,9130.9
6959.1,0.0,21820.0,,,,,0.0,0.0,9130.9
6960.1,100.0,21719.9,,,,,100.0,100.0,9125.3
6961.1,0.0,21761.5,,,,,0.0,0.0,9114.0
6962.1,100.0,21800.5,,,,,100.0,100.0,9126.1
6963.1,100.0,21803.0,,,,,100.0,100.0,9112.6
6964.1,100.0,21823.8,,,,,100.0,100.0,9121.7
6965.1,0.0,21878.6,,,,,0.0,0.0,9126.9
6966.1,100.0,21944.6,,,,,100.0,100.0,9129.5
6967.1,100.0,21903.3,,,,,100.0,100.0,9130.7
6968.1,100.0,21861.7,,,,,100.0,100.0,9130.9
6969.1,0.0,21861.7,,,,,0.0,0.0,9130.9
6970.1,100.0,21820.0,,,,,100.0,100.0,9130.9
6971.1,100.0,21719.8,,,,,100.0,100.0,9111.5
6972.1,0.0,21761.5,,,,,0.0,0.0,9106.2
6973.1,100.0,21761.5,,,,,100.0,100.0,9112.3
6974.1,100.0,21782.3,,,,,100.0,100.0,9124.5
6975.1,0.0,21844.6,,,,,0.0,0.0,9113.1
6976.1,100.0,21844.6,,,,,100.0,100.0,9118.8
6977.1,100.0,21944.6,,,,,100.0,100.0,9129.7
6978.1,100.0,21903.3,,,,,100.0,100.0,9130.7
6979.1,0.0,21903.3,,,,,0.0,0.0,9130.7
6980.1,100.0,21861.7,,,,,100.0,100.0,9130.8
6981.1,100.0,21820.0,,,,,100.0,100.0,9130.8
6982.1,100.0,21719.8,,,,,100.0,100.0,9130.9
6983.1,0.0,21719.9,,,,,0.0,0.0,9112.8
6984.1,100.0,21761.5,,,,,100.0,100.0,9126.0
6985.1,0.0,21803.0,,,,,0.0,0.0,9126.4
6986.1,100.0,21823.8,,,,,100.0,100.0,9115.9
6987.1,100.0,21844.6,,,,,100.0,100.0,9119.9
6988.1,100.0,21944.6,,,,,100.0,100.0,9129.6
6989.1,0.0,21944.6,,,,,0.0,0.0,9129.6
6990.1,100.0,21903.3,,,,,100.0,100.0,9130.7
6991.1,100.0,21861.7,,,,,100.0,100.0,9130.9
6992.1,100.0,21820.0,,,,,100.0,100.0,9130.9
6993.1,0.0,21820.0,,,,,0.0,0.0,9130.9
6994.1,100.0,21719.9,,,,,100.0,100.0,9125.5
6995.1,0.0,21761.5,,,,,0.0,0.0,9112.4
6996.1,100.0,21799.5,,,,,100.0,100.0,9126.2
6997.1,100.0,21803.0,,,,,100.0,100.0,9112.3
6998.1,100.0,21803.0,,,,,100.0,100.0,9121.5
6999.1,0.0,21878.6,,,,,0.0,0.0,9127.1
7000.1,100.0,21944.6,,,,,100.0,100.0,9129.6
7001.1,100.0,21903.3,,,,,100.0,100.0,9130.7
7002.1,100.0,21861.7,,,,,100.0,100.0,9130.9
7003.11,0.0,21861.7,,,,,0.0,0.0,9130.9
7004.11,100.0,21820.0,,,,,100.0,100.0,9130.9
7005.11,100.0,21719.8,,,,,100.0,100.0,9110.8
7006.11,0.0,21761.5,,,,,0.0,0.0,9125.5
7007.11,100.0,21761.5,,,,,100.0,100.0,9110.5
7008.11,100.0,21761.5,,,,,100.0,100.0,9120.6
7009.11,0.0,21844.6,,,,,0.0,0.0,9110.4
7010.11,100.0,21844.6,,,,,100.0,100.0,9119.1
7011.11,100.0,21944.6,,,,,100.0,100.0,9129.4
7012.11,100.0,21903.3,,,,,100.0,100.0,9130.7
7013.11,0.0,21903.3,,,,,0.0,0.0,9130.7
7014.11,100.0,21861.7,,,,,100.0,100.0,9130.9
7015.11,100.0,21820.0,,,,,100.0,100.0,9130.9
7016.11,100.0,21719.8,,,,,100.0,100.0,9131.0
7017.11,0.0,21719.9,,,,,0.0,0.0,9112.5
7018.11,100.0,21757.7,,,,,100.0,100.0,9124.9
7019.11,0.0,21803.0,,,,,0.0,0.0,9119.2
7020.11,100.0,21803.0,,,,,100.0,100.0,9121.3
7021.11,100.0,21844.6,,,,,100.0,100.0,9119.1
7022.11,100.0,21944.6,,,,,100.0,100.0,9129.4
7023.11,0.0,21944.6,,,,,0.0,0.0,9129.4
7024.11,100.0,21903.3,,,,,100.0,100.0,9130.7
7025.11,100.0,21861.7,,,,,100.0,100.0,9130.9
7026.11,100.0,21820.0,,,,,100.0,100.0,9130.9
7027.11,0.0,21820.0,,,,,0.0,0.0,9130.9
7028.11,100.0,21719.9,,,,,100.0,100.0,9125.2
7029.11,0.0,21761.5,,,,,0.0,0.0,9112.4
7030.11,100.0,21803.0,,,,,100.0,100.0,9125.9
7031.11,100.0,21803.0,,,,,100.0,100.0,9126.0
7032.11,100.0,21803.0,,,,,100.0,100.0,9121.5
7033.11,0.0,21878.6,,,,,0.0,0.0,9126.9
7034.11,100.0,21944.6,,,,,100.0,100.0,9129.3
7035.11,100.0,21903.3,,,,,100.0,100.0,9130.7
7036.11,100.0,21861.7,,,,,100.0,100.0,9130.9
7037.11,0.0,21861.7,,,,,0.0,0.0,9130.9
7038.11,100.0,21820.0,,,,,100.0,100.0,9130.9
7039.11,100.0,21719.8,,,,,100.0,100.0,9110.6
7040.11,0.0,21761.5,,,,,0.0,0.0,9125.5
7041.11,100.0,21761.5,,,,,100.0,100.0,9111.1
7042.11,100.0,21761.5,,,,,100.0,100.0,9124.0
7043.11,0.0,21844.6,,,,,0.0,0.0,9110.9
7044.11,100.0,21844.6,,,,,100.0,100.0,9117.5
7045.11,100.0,21944.6,,,,,100.0,100.0,9129.3
7046.11,100.0,21903.3,,,,,100.0,100.0,9130.7
7047.11,0.0,21903.3,,,,,0.0,0.0,9130.7
7048.11,100.0,21861.7,,,,,100.0,100.0,9130.9
7049.11,100.0,21820.0,,,,,100.0,100.0,9130.9
7050.11,100.0,21719.8,,,,,100.0,100.0,9131.0
7051.11,0.0,21719.9,,,,,0.0,0.0,9125.4
7052.11,100.0,21740.7,,,,,100.0,100.0,9124.1
7053.11,0.0,21803.0,,,,,0.0,0.0,9119.2
7054.11,100.0,21823.8,,,,,100.0,100.0,9121.2
7055.11,100.0,21844.6,,,,,100.0,100.0,9119.6
7056.11,100.0,21944.6,,,,,100.0,100.0,9129.5
7057.11,0.0,21944.6,,,,,0.0,0.0,9129.5
7058.11,100.0,21903.3,,,,,100.0,100.0,9130.8
7059.11,100.0,21861.7,,,,,100.0,100.0,9130.9
7060.11,100.0,21820.0,,,,,100.0,100.0,9130.9
7061.11,0.0,21820.0,,,,,0.0,0.0,9130.9
7062.11,100.0,21719.9,,,,,100.0,100.0,9125.2
7063.11,0.0,21761.5,,,,,0.0,0.0,9111.6
7064.11,100.0,21761.5,,,,,100.0,100.0,9119.4
7065.11,100.0,21803.0,,,,,100.0,100.0,9126.1
7066.11,100.0,21803.0,,,,,100.0,100.0,9116.9
7067.11,0.0,21878.6,,,,,0.0,0.0,9126.6
7068.12,100.0,21944.6,,,,,100.0,100.0,9129.4
7069.12,100.0,21903.3,,,,,100.0,100.0,9130.8
7070.12,100.0,21861.7,,,,,100.0,100.0,9130.9
7071.12,0.0,21861.7,,,,,0.0,0.0,9130.9
7072.12,100.0,21820.0,,,,,100.0,100.0,9130.9
7073.12,100.0,21719.8,,,,,100.0,100.0,9109.8
7074.12,0.0,21740.7,,,,,0.0,0.0,9122.8
7075.12,100.0,21761.5,,,,,100.0,100.0,9109.6
7076.12,100.0,21761.5,,,,,100.0,100.0,9120.0
7077.12,0.0,21844.6,,,,,0.0,0.0,9111.9
7078.12,100.0,21844.6,,,,,100.0,100.0,9116.2
7079.12,100.0,21944.6,,,,,100.0,100.0,9129.1
7080.12,100.0,21903.1,,,,,100.0,100.0,9130.6
7081.12,0.0,21903.3,,,,,0.0,0.0,9130.6
7082.12,100.0,21861.7,,,,,100.0,100.0,9130.8
7083.12,100.0,21820.0,,,,,100.0,100.0,9130.8
7084.12,100.0,21719.9,,,,,100.0,100.0,9130.8
7085.12,1.23,21719.9,,,,,1.22,1.23,9117.5
7086.12,100.0,21740.7,,,,,100.0,100.0,9123.8
7087.12,0.0,21803.0,,,,,0.0,0.0,9118.6
7088.12,100.0,21803.0,,,,,100.0,100.0,9118.2
7089.12,100.0,21844.6,,,,,100.0,100.0,9119.0
7090.12,100.0,21944.6,,,,,100.0,100.0,9129.4
7091.12,0.0,21944.6,,,,,0.0,0.0,9129.4
7092.12,100.0,21903.3,,,,,100.0,100.0,9130.8
7093.12,100.0,21861.7,,,,,100.0,100.0,9130.9
7094.12,100.0,21820.0,,,,,100.0,100.0,9130.9
7095.12,0.0,21820.0,,,,,0.0,0.0,9130.9
7096.12,100.0,21719.9,,,,,100.0,100.0,9125.1
7097.12,0.0,21761.5,,,,,0.0,0.0,9111.2
7098.12,100.0,21780.8,,,,,100.0,100.0,9123.1
7099.12,100.0,21803.0,,,,,100.0,100.0,9126.1
7100.12,100.0,21803.0,,,,,100.0,100.0,9116.7
7101.12,0.0,21878.6,,,,,0.0,0.0,9126.7
7102.12,100.0,21944.6,,,,,100.0,100.0,9129.3
7103.12,100.0,21903.3,,,,,100.0,100.0,9130.7
7104.12,100.0,21861.7,,,,,100.0,100.0,9130.9
7105.12,0.0,21861.7,,,,,0.0,0.0,9130.9
7106.12,100.0,21820.0,,,,,100.0,100.0,9130.9
7107.12,100.0,21719.8,,,,,100.0,100.0,9110.0
7108.12,0.0,21761.5,,,,,0.0,0.0,9125.3
7109.12,100.0,21761.5,,,,,100.0,100.0,9110.6
7110.12,100.0,21778.7,,,,,100.0,100.0,9120.2
7111.12,0.0,21844.6,,,,,0.0,0.0,9126.9
7112.12,100.0,21861.6,,,,,100.0,100.0,9120.0
7113.12,100.0,21944.6,,,,,100.0,100.0,9129.4
7114.12,0.0,21944.6,,,,,0.0,0.0,9129.4
7115.12,100.0,21903.3,,,,,100.0,100.0,9130.7
7116.12,100.0,21861.7,,,,,100.0,100.0,9130.9
7117.12,100.0,21820.0,,,,,100.0,100.0,9130.9
7118.12,0.0,21820.0,,,,,0.0,0.0,9130.9
7119.12,100.0,21719.9,,,,,100.0,100.0,9117.6
7120.12,0.0,21782.3,,,,,0.0,0.0,9122.2
7121.12,100.0,21803.0,,,,,100.0,100.0,9118.7
7122.12,100.0,21803.0,,,,,100.0,100.0,9117.7
7123.12,100.0,21844.6,,,,,100.0,100.0,9112.7
7124.12,0.0,21878.6,,,,,0.0,0.0,9126.7
7125.12,100.0,21944.6,,,,,100.0,100.0,9129.2
7126.12,100.0,21903.3,,,,,100.0,100.0,9130.6
7127.12,100.0,21861.7,,,,,100.0,100.0,9130.7
7128.12,0.0,21861.7,,,,,0.0,0.0,9130.7
7129.12,100.0,21820.0,,,,,100.0,100.0,9130.7
7130.12,100.0,21722.2,,,,,100.0,100.0,9125.0
7131.12,0.0,21761.5,,,,,0.0,0.0,9125.5
7132.12,100.0,21761.5,,,,,100.0,100.0,9118.1
7133.12,100.0,21803.0,,,,,100.0,100.0,9126.3
7134.13,0.0,21844.6,,,,,0.0,0.0,9116.9
7135.13,100.0,21878.6,,,,,100.0,100.0,9127.0
7136.13,100.0,21944.6,,,,,100.0,100.0,9129.5
7137.13,100.0,21903.3,,,,,100.0,100.0,9130.8
7138.13,0.0,21903.3,,,,,0.0,0.0,9130.8
7139.13,100.0,21861.7,,,,,100.0,100.0,9130.9
7140.13,100.0,21820.0,,,,,100.0,100.0,9130.9
7141.13,100.0,21719.8,,,,,100.0,100.0,9110.1
7142.13,0.0,21740.7,,,,,0.0,0.0,9123.0
7143.13,100.0,21761.5,,,,,100.0,100.0,9109.3
7144.13,0.0,21803.0,,,,,0.0,0.0,9118.0
7145.13,100.0,21844.6,,,,,100.0,100.0,9127.0
7146.13,100.0,21844.6,,,,,100.0,100.0,9116.5
7147.13,100.0,21944.6,,,,,100.0,100.0,9129.5
7148.13,0.0,21944.6,,,,,0.0,0.0,9129.5
7149.13,100.0,21903.3,,,,,100.0,100.0,9130.8
7150.13,100.0,21861.7,,,,,100.0,100.0,9130.9
7151.13,100.0,21820.0,,,,,100.0,100.0,9130.9
7152.13,0.0,21820.0,,,,,0.0,0.0,9130.9
7153.13,100.0,21719.9,,,,,100.0,100.0,9109.2
7154.13,0.0,21782.3,,,,,0.0,0.0,9124.0
7155.13,100.0,21803.0,,,,,100.0,100.0,9111.7
7156.13,100.0,21803.0,,,,,100.0,100.0,9119.8
7157.13,100.0,21844.6,,,,,100.0,100.0,9109.6
7158.13,0.0,21878.6,,,,,0.0,0.0,9126.9
7159.13,100.0,21944.6,,,,,100.0,100.0,9129.5
7160.13,100.0,21903.3,,,,,100.0,100.0,9130.8
7161.13,100.0,21861.7,,,,,100.0,100.0,9130.9
7162.13,0.0,21861.7,,,,,0.0,0.0,9130.9
7163.13,100.0,21820.0,,,,,100.0,100.0,9130.9
7164.13,100.0,21685.8,,,,,100.0,100.0,9122.5
7165.13,0.0,21761.5,,,,,0.0,0.0,9125.7
7166.13,100.0,21761.5,,,,,100.0,100.0,9118.9
7167.13,100.0,21803.0,,,,,100.0,100.0,9126.4
7168.13,0.0,21844.6,,,,,0.0,0.0,9116.1
7169.13,100.0,21878.6,,,,,100.0,100.0,9127.0
7170.13,100.0,21944.6,,,,,100.0,100.0,9129.7
7171.13,100.0,21903.3,,,,,100.0,100.0,9130.8
7172.13,0.0,21903.3,,,,,0.0,0.0,9130.8
7173.13,100.0,21861.7,,,,,100.0,100.0,9130.9
7174.13,100.0,21820.0,,,,,100.0,100.0,9130.9
7175.13,100.0,21719.8,,,,,100.0,100.0,9109.8
7176.13,0.0,21719.9,,,,,0.0,0.0,9122.2
7177.13,100.0,21761.5,,,,,100.0,100.0,9110.7
7178.13,0.0,21803.0,,,,,0.0,0.0,9118.9
7179.13,100.0,21844.6,,,,,100.0,100.0,9127.2
7180.13,100.0,21844.6,,,,,100.0,100.0,9116.9
7181.13,100.0,21944.6,,,,,100.0,100.0,9129.7
7182.13,0.0,21944.6,,,,,0.0,0.0,9129.7
7183.13,100.0,21903.3,,,,,100.0,100.0,9130.8
7184.13,100.0,21861.7,,,,,100.0,100.0,9131.0
7185.13,100.0,21820.0,,,,,100.0,100.0,9131.0
7186.13,0.0,21820.0,,,,,0.0,0.0,9131.0
7187.13,100.0,21719.9,,,,,100.0,100.0,9109.1
7188.13,0.0,21761.5,,,,,0.0,0.0,9119.1
7189.13,100.0,21803.0,,,,,100.0,100.0,9108.4
7190.13,100.0,21803.0,,,,,100.0,100.0,9115.1
7191.13,100.0,21844.6,,,,,100.0,100.0,9107.9
7192.13,0.0,21878.6,,,,,0.0,0.0,9127.2
7193.13,100.0,21944.6,,,,,100.0,100.0,9129.7
7194.13,100.0,21903.3,,,,,100.0,100.0,9130.9
7195.13,100.0,21861.7,,,,,100.0,100.0,9131.1
7196.13,0.0,21861.7,,,,,0.0,0.0,9131.1
7197.13,100.0,21820.0,,,,,100.0,100.0,9131.1
7198.13,100.0,21685.8,,,,,100.0,100.0,9121.7
7199.14,0.0,21761.5,,,,,0.0,0.0,9125.4
7200.14,100.0,21761.5,,,,,100.0,100.0,9119.0
7201.14,100.0,21803.0,,,,,100.0,100.0,9126.2
7202.14,0.0,21844.6,,,,,0.0,0.0,9114.6
7203.14,100.0,21861.6,,,,,100.0,100.0,9124.5
7204.14,100.0,21944.6,,,,,100.0,100.0,9129.4
7205.14,100.0,21903.3,,,,,100.0,100.0,9130.8
7206.14,0.0,21903.3,,,,,0.0,0.0,9130.8
7207.14,100.0,21861.7,,,,,100.0,100.0,9131.0
7208.14,100.0,21820.0,,,,,100.0,100.0,9131.0
7209.14,100.0,21719.8,,,,,100.0,100.0,9110.0
7210.14,0.0,21719.9,,,,,0.0,0.0,9122.6
7211.14,100.0,21761.5,,,,,100.0,100.0,9126.0
7212.14,0.0,21803.0,,,,,0.0,0.0,9116.0
7213.14,100.0,21844.6,,,,,100.0,100.0,9127.1
7214.14,100.0,21844.6,,,,,100.0,100.0,9114.1
7215.14,100.0,21944.6,,,,,100.0,100.0,9129.4
7216.14,0.0,21944.6,,,,,0.0,0.0,9129.4
7217.14,100.0,21903.3,,,,,100.0,100.0,9130.8
7218.14,100.0,21861.7,,,,,100.0,100.0,9130.9
7219.14,100.0,21820.0,,,,,100.0,100.0,9130.9
7220.14,0.0,21820.0,,,,,0.0,0.0,9130.9
7221.14,100.0,21719.9,,,,,100.0,100.0,9110.3
7222.14,0.0,21761.5,,,,,0.0,0.0,9121.5
7223.14,100.0,21803.0,,,,,100.0,100.0,9111.5
7224.14,100.0,21803.0,,,,,100.0,100.0,9117.9
7225.14,100.0,21844.6,,,,,100.0,100.0,9127.1
7226.14,0.0,21878.6,,,,,0.0,0.0,9127.1
7227.14,100.0,21944.6,,,,,100.0,100.0,9129.5
7228.14,100.0,21903.3,,,,,100.0,100.0,9130.9
7229.14,100.0,21861.7,,,,,100.0,100.0,9131.1
7230.14,0.0,21861.7,,,,,0.0,0.0,9131.1
7231.14,100.0,21820.0,,,,,100.0,100.0,9131.1
7232.14,100.0,21702.8,,,,,100.0,100.0,9121.4
7233.14,0.0,21761.5,,,,,0.0,0.0,9117.6
7234.14,100.0,21761.5,,,,,100.0,100.0,9120.3
7235.14,100.0,21803.0,,,,,100.0,100.0,9109.3
7236.14,0.0,21844.6,,,,,0.0,0.0,9119.7
7237.14,100.0,21878.6,,,,,100.0,100.0,9127.0
7238.14,100.0,21944.6,,,,,100.0,100.0,9129.6
7239.14,100.0,21903.3,,,,,100.0,100.0,9130.9
7240.14,0.0,21903.3,,,,,0.0,0.0,9130.9
7241.14,100.0,21861.7,,,,,100.0,100.0,9131.0
7242.14,100.0,21820.0,,,,,100.0,100.0,9131.0
7243.14,100.0,21719.8,,,,,100.0,100.0,9109.5
7244.14,0.0,21740.7,,,,,0.0,0.0,9121.2
7245.14,100.0,21761.5,,,,,100.0,100.0,9126.1
7246.14,0.0,21823.8,,,,,0.0,0.0,9120.6
7247.14,100.0,21844.6,,,,,100.0,100.0,9119.4
7248.14,100.0,21844.6,,,,,100.0,100.0,9116.0
7249.14,100.0,21944.6,,,,,100.0,100.0,9129.7
7250.14,0.0,21944.6,,,,,0.0,0.0,9129.7
7251.14,100.0,21903.3,,,,,100.0,100.0,9130.9
7252.14,100.0,21861.7,,,,,100.0,100.0,9131.1
7253.14,100.0,21820.0,,,,,100.0,100.0,9131.1
7254.14,0.0,21820.0,,,,,0.0,0.0,9131.1
7255.14,100.0,21719.9,,,,,100.0,100.0,9109.3
7256.14,0.0,21761.5,,,,,0.0,0.0,9116.7
7257.14,100.0,21803.0,,,,,100.0,100.0,9108.7
7258.14,100.0,21803.0,,,,,100.0,100.0,9115.6
7259.14,100.0,21844.6,,,,,100.0,100.0,9127.1
7260.14,0.0,21878.6,,,,,0.0,0.0,9127.1
7261.14,100.0,21944.6,,,,,100.0,100.0,9129.7
7262.15,100.0,21903.3,,,,,100.0,100.0,9131.0
7263.15,100.0,21861.7,,,,,100.0,100.0,9131.2
7264.15,0.0,21861.7,,,,,0.0,0.0,9131.2
7265.15,100.0,21820.0,,,,,100.0,100.0,9131.2
7266.15,100.0,21719.8,,,,,100.0,100.0,9120.6
7267.15,0.0,21761.5,,,,,0.0,0.0,9117.4
7268.15,100.0,21761.5,,,,,100.0,100.0,9115.0
7269.15,100.0,21803.0,,,,,100.0,100.0,9126.4
7270.15,0.0,21844.6,,,,,0.0,0.0,9127.2
7271.15,100.0,21844.6,,,,,100.0,100.0,9123.9
7272.15,100.0,21944.6,,,,,100.0,100.0,9129.8
7273.15,100.0,21903.3,,,,,100.0,100.0,9131.0
7274.15,0.0,21903.3,,,,,0.0,0.0,9131.0
7275.15,100.0,21861.7,,,,,100.0,100.0,9131.2
7276.15,100.0,21820.0,,,,,100.0,100.0,9131.2
7277.15,100.0,21719.8,,,,,100.0,100.0,9109.1
7278.15,0.0,21719.9,,,,,0.0,0.0,9121.9
7279.15,100.0,21761.5,,,,,100.0,100.0,9126.1
7280.15,0.0,21803.0,,,,,0.0,0.0,9117.2
7281.15,100.0,21844.6,,,,,100.0,100.0,9127.3
7282.15,100.0,21844.6,,,,,100.0,100.0,9115.4
7283.15,100.0,21944.6,,,,,100.0,100.0,9129.9
7284.15,0.0,21944.6,,,,,0.0,0.0,9129.9
7285.15,100.0,21903.3,,,,,100.0,100.0,9131.1
7286.15,100.0,21861.7,,,,,100.0,100.0,9131.3
7287.15,100.0,21820.0,,,,,100.0,100.0,9131.3
7288.15,0.0,21820.0,,,,,0.0,0.0,9131.3
7289.15,100.0,21719.9,,,,,100.0,100.0,9110.1
7290.15,0.0,21761.5,,,,,0.0,0.0,9118.4
7291.15,100.0,21803.0,,,,,100.0,100.0,9126.5
7292.15,100.0,21803.0,,,,,100.0,100.0,9113.4
7293.15,100.0,21844.6,,,,,100.0,100.0,9127.2
7294.15,0.0,21878.6,,,,,0.0,0.0,9127.2
7295.15,100.0,21944.6,,,,,100.0,100.0,9129.7
7296.15,100.0,21903.3,,,,,100.0,100.0,9131.0
7297.15,100.0,21861.7,,,,,100.0,100.0,9131.2
7298.15,0.0,21861.7,,,,,0.0,0.0,9131.2
7299.15,100.0,21820.0,,,,,100.0,100.0,9131.2
7300.15,100.0,21719.8,,,,,100.0,100.0,9118.4
7301.15,0.0,21761.5,,,,,0.0,0.0,9117.6
7302.15,100.0,21761.5,,,,,100.0,100.0,9117.9
7303.15,100.0,21803.0,,,,,100.0,100.0,9118.6
7304.15,0.0,21844.6,,,,,0.0,0.0,9122.4
7305.15,100.0,21861.6,,,,,100.0,100.0,9124.7
7306.15,100.0,21944.6,,,,,100.0,100.0,9129.7
7307.15,100.0,21903.3,,,,,100.0,100.0,9131.0
7308.15,0.0,21903.3,,,,,0.0,0.0,9131.0
7309.15,100.0,21861.7,,,,,100.0,100.0,9131.2
7310.15,100.0,21820.0,,,,,100.0,100.0,9131.2
7311.15,100.0,21719.8,,,,,100.0,100.0,9131.3
7312.15,0.0,21719.9,,,,,0.0,0.0,9117.1
7313.15,100.0,21761.5,,,,,100.0,100.0,9125.7
7314.15,0.0,21803.0,,,,,0.0,0.0,9115.9
7315.15,100.0,21844.6,,,,,100.0,100.0,9117.6
7316.15,100.0,21844.6,,,,,100.0,100.0,9121.2
7317.15,100.0,21944.6,,,,,100.0,100.0,9129.7
7318.15,0.0,21944.6,,,,,0.0,0.0,9129.7
7319.15,100.0,21903.3,,,,,100.0,100.0,9131.2
7320.15,100.0,21861.7,,,,,100.0,100.0,9131.3
7321.15,100.0,21820.0,,,,,100.0,100.0,9131.3
7322.15,0.0,21820.0,,,,,0.0,0.0,9131.3
7323.15,100.0,21719.9,,,,,100.0,100.0,9109.2
7324.15,0.0,21761.5,,,,,0.0,0.0,9114.9
7325.15,100.0,21803.0,,,,,100.0,100.0,9126.5
7326.15,100.0,21803.0,,,,,100.0,100.0,9112.9
7327.15,100.0,21844.6,,,,,100.0,100.0,9127.1
7328.16,0.0,21878.6,,,,,0.0,0.0,9127.3
7329.16,100.0,21944.6,,,,,100.0,100.0,9129.8
7330.16,100.0,21903.3,,,,,100.0,100.0,9131.2
7331.16,100.0,21861.7,,,,,100.0,100.0,9131.3
7332.16,0.0,21861.7,,,,,0.0,0.0,9131.3
7333.16,100.0,21820.0,,,,,100.0,100.0,9131.3
7334.16,100.0,21719.8,,,,,100.0,100.0,9116.1
7335.16,0.0,21761.5,,,,,0.0,0.0,9109.0
7336.16,100.0,21761.5,,,,,100.0,100.0,9114.0
7337.16,100.0,21803.0,,,,,100.0,100.0,9106.6
7338.16,0.0,21844.6,,,,,0.0,0.0,9113.8
7339.16,100.0,21878.6,,,,,100.0,100.0,9127.0
7340.16,100.0,21944.6,,,,,100.0,100.0,9129.9
7341.16,100.0,21903.3,,,,,100.0,100.0,9131.2
7342.16,0.0,21903.3,,,,,0.0,0.0,9131.2
7343.16,100.0,21861.7,,,,,100.0,100.0,9131.3
7344.16,100.0,21820.0,,,,,100.0,100.0,9131.3
7345.16,100.0,21719.8,,,,,100.0,100.0,9131.4
7346.16,0.0,21719.9,,,,,0.0,0.0,9117.4
7347.16,100.0,21761.5,,,,,100.0,100.0,9117.6
7348.16,0.0,21803.0,,,,,0.0,0.0,9115.2
7349.16,100.0,21844.6,,,,,100.0,100.0,9117.5
7350.16,100.0,21844.6,,,,,100.0,100.0,9122.6
7351.16,100.0,21944.6,,,,,100.0,100.0,9130.0
7352.16,0.0,21944.6,,,,,0.0,0.0,9130.0
7353.16,100.0,21903.3,,,,,100.0,100.0,9131.2
7354.16,100.0,21861.7,,,,,100.0,100.0,9131.4
7355.16,100.0,21820.0,,,,,100.0,100.0,9131.4
7356.16,0.0,21820.0,,,,,0.0,0.0,9131.4
7357.16,100.0,21702.8,,,,,100.0,100.0,9120.0
7358.16,0.0,21761.5,,,,,0.0,0.0,9123.8
7359.16,100.0,21761.5,,,,,100.0,100.0,9114.8
7360.16,100.0,21803.0,,,,,100.0,100.0,9124.8
7361.16,0.0,21844.6,,,,,0.0,0.0,9120.0
7362.16,100.0,21878.6,,,,,100.0,100.0,9125.2
7363.16,100.0,21944.6,,,,,100.0,100.0,9128.1
7364.16,100.0,21903.3,,,,,100.0,100.0,9129.2
7365.16,0.0,21903.3,,,,,0.0,0.0,9129.2
7366.16,100.0,21861.7,,,,,100.0,100.0,9129.4
7367.16,100.0,21820.0,,,,,100.0,100.0,9129.4
7368.16,100.0,21719.8,,,,,100.0,100.0,9109.1
7369.16,0.0,21719.9,,,,,0.0,0.0,9118.7
7370.16,100.0,21761.5,,,,,100.0,100.0,9124.3
7371.16,0.0,21803.0,,,,,0.0,0.0,9116.8
7372.16,100.0,21844.6,,,,,100.0,100.0,9125.4
7373.16,100.0,21844.6,,,,,100.0,100.0,9113.9
7374.16,100.0,21944.6,,,,,100.0,100.0,9128.0
7375.16,0.0,21944.6,,,,,0.0,0.0,9128.0
7376.16,100.0,21903.3,,,,,100.0,100.0,9129.2
7377.16,100.0,21861.7,,,,,100.0,100.0,9129.4
7378.16,100.0,21820.0,,,,,100.0,100.0,9129.4
7379.16,0.0,21820.0,,,,,0.0,0.0,9129.4
7380.16,100.0,21719.9,,,,,100.0,100.0,9109.3
7381.16,0.0,21761.5,,,,,0.0,0.0,9116.2
7382.16,100.0,21803.0,,,,,100.0,100.0,9108.1
7383.16,100.0,21803.0,,,,,100.0,100.0,9114.6
7384.16,100.0,21844.6,,,,,100.0,100.0,9125.6
7385.16,0.0,21878.6,,,,,0.0,0.0,9125.7
7386.16,100.0,21944.6,,,,,100.0,100.0,9128.1
7387.16,100.0,21903.3,,,,,100.0,100.0,9129.4
7388.16,100.0,21861.7,,,,,100.0,100.0,9129.6
7389.16,0.0,21861.7,,,,,0.0,0.0,9129.6
7390.16,100.0,21820.0,,,,,100.0,100.0,9129.6
7391.16,100.0,21719.8,,,,,100.0,100.0,9118.1
7392.16,0.0,21761.5,,,,,0.0,0.0,9117.1
7393.17,100.0,21761.5,,,,,100.0,100.0,9113.9
7394.17,100.0,21803.0,,,,,100.0,100.0,9106.3
7395.17,0.0,21844.6,,,,,0.0,0.0,9113.7
7396.17,100.0,21878.6,,,,,100.0,100.0,9125.4
7397.17,100.0,21944.6,,,,,100.0,100.0,9128.4
7398.17,100.0,21903.3,,,,,100.0,100.0,9129.5
7399.17,0.0,21903.3,,,,,0.0,0.0,9129.5
7400.17,100.0,21861.7,,,,,100.0,100.0,9129.7
7401.17,100.0,21820.0,,,,,100.0,100.0,9129.7
7402.17,100.0,21719.8,,,,,100.0,100.0,9129.7
7403.17,0.0,21719.9,,,,,0.0,0.0,9116.4
7404.17,100.0,21761.5,,,,,100.0,100.0,9124.6
7405.17,0.0,21803.0,,,,,0.0,0.0,9115.9
7406.17,100.0,21844.6,,,,,100.0,100.0,9125.8
7407.17,100.0,21844.6,,,,,100.0,100.0,9114.2
7408.17,100.0,21944.6,,,,,100.0,100.0,9128.3
7409.17,0.0,21944.6,,,,,0.0,0.0,9128.3
7410.17,100.0,21903.3,,,,,100.0,100.0,9129.6
7411.17,100.0,21861.7,,,,,100.0,100.0,9129.7
7412.17,100.0,21820.0,,,,,100.0,100.0,9129.7
7413.17,0.0,21820.0,,,,,0.0,0.0,9129.7
7414.17,100.0,21719.9,,,,,100.0,100.0,9108.0
7415.17,0.0,21761.5,,,,,0.0,0.0,9114.8
7416.17,100.0,21803.0,,,,,100.0,100.0,9125.1
7417.17,100.0,21803.0,,,,,100.0,100.0,9112.9
7418.17,100.0,21844.6,,,,,100.0,100.0,9125.7
7419.17,0.0,21878.6,,,,,0.0,0.0,9125.8
7420.17,100.0,21944.6,,,,,100.0,100.0,9128.3
7421.17,100.0,21903.3,,,,,100.0,100.0,9129.7
7422.17,100.0,21861.7,,,,,100.0,100.0,9129.8
7423.17,0.0,21861.7,,,,,0.0,0.0,9129.8
7424.17,100.0,21820.0,,,,,100.0,100.0,9129.8
7425.17,100.0,21719.8,,,,,100.0,100.0,9115.5
7426.17,0.0,21761.5,,,,,0.0,0.0,9117.4
7427.17,100.0,21761.5,,,,,100.0,100.0,9121.8
7428.17,100.0,21803.0,,,,,100.0,100.0,9118.1
7429.17,0.0,21844.6,,,,,0.0,0.0,9121.8
7430.17,100.0,21861.6,,,,,100.0,100.0,9124.2
7431.17,100.0,21944.6,,,,,100.0,100.0,9128.4
7432.17,100.0,21903.3,,,,,100.0,100.0,9129.7
7433.17,0.0,21903.3,,,,,0.0,0.0,9129.7
7434.17,100.0,21861.7,,,,,100.0,100.0,9129.9
7435.17,100.0,21820.0,,,,,100.0,100.0,9129.9
7436.17,100.0,21719.8,,,,,100.0,100.0,9130.0
7437.17,0.0,21719.9,,,,,0.0,0.0,9116.4
7438.17,100.0,21761.5,,,,,100.0,100.0,9124.5
7439.17,0.0,21803.0,,,,,0.0,0.0,9115.1
7440.17,100.0,21844.6,,,,,100.0,100.0,9126.0
7441.17,100.0,21844.6,,,,,100.0,100.0,9119.9
7442.17,100.0,21944.6,,,,,100.0,100.0,9128.4
7443.17,0.0,21944.6,,,,,0.0,0.0,9128.4
7444.17,100.0,21903.3,,,,,100.0,100.0,9129.7
7445.17,100.0,21861.7,,,,,100.0,100.0,9129.9
7446.17,100.0,21820.0,,,,,100.0,100.0,9129.9
7447.17,0.0,21820.0,,,,,0.0,0.0,9129.9
7448.17,100.0,21719.9,,,,,100.0,100.0,9107.3
7449.17,0.0,21761.5,,,,,0.0,0.0,9114.5
7450.17,100.0,21803.0,,,,,100.0,100.0,9125.3
7451.17,100.0,21803.0,,,,,100.0,100.0,9114.5
7452.17,100.0,21844.6,,,,,100.0,100.0,9126.0
7453.17,0.0,21878.6,,,,,0.0,0.0,9125.9
7454.17,100.0,21944.6,,,,,100.0,100.0,9128.5
7455.17,100.0,21903.3,,,,,100.0,100.0,9129.8
7456.17,100.0,21861.7,,,,,100.0,100.0,9129.9
7457.17,0.0,21861.7,,,,,0.0,0.0,9129.9
7458.17,100.0,21820.0,,,,,100.0,100.0,9129.9
7459.18,100.0,21719.8,,,,,100.0,100.0,9113.2
7460.18,0.0,21761.5,,,,,0.0,0.0,9106.8
7461.18,100.0,21761.5,,,,,100.0,100.0,9114.6
7462.18,100.0,21803.0,,,,,100.0,100.0,9106.9
7463.18,0.0,21844.6,,,,,0.0,0.0,9114.6
7464.18,100.0,21878.6,,,,,100.0,100.0,9125.7
7465.18,100.0,21944.6,,,,,100.0,100.0,9128.5
7466.18,100.0,21902.9,,,,,100.0,100.0,9129.8
7467.18,0.0,21902.9,,,,,0.0,0.0,9129.8
7468.18,100.0,21861.3,,,,,100.0,100.0,9130.0
7469.18,100.0,21819.6,,,,,100.0,100.0,9130.0
7470.18,100.0,21719.4,,,,,100.0,100.0,9130.1
7471.18,0.0,21719.5,,,,,0.0,0.0,9115.0
7472.18,100.0,21761.1,,,,,100.0,100.0,9124.5
7473.18,0.0,21902.7,,,,,0.0,0.0,9129.2
7474.18,100.0,21861.2,,,,,100.0,100.0,9129.4
7475.18,100.0,21819.6,,,,,100.0,100.0,9129.4
7476.18,100.0,21685.1,,,,,100.0,100.0,9130.3
7477.18,19.61,21685.1,,,,,0.05,39.17,9247.8
7478.18,0.0,5468.0,,,,,0.0,0.0,9248.6
7479.18,0.0,5468.0,,,,,0.0,0.0,9304.7
7480.18,0.0,5468.0,,,,,0.0,0.0,9418.2
7481.18,0.0,5468.0,,,,,0.0,0.0,9492.3
7482.18,0.0,5468.0,,,,,0.0,0.0,9567.9
7483.18,0.0,0.0,,,,,0.0,0.0,0.0
7484.18,0.0,0.0,,,,,0.0,0.0,0.0
