t_s,gpu_util_pct,mem_used_mib,power_w,temp_c,sclk_mhz,mclk_mhz,util_nc0,util_nc1,host_mem_used_mib
0.0,,,,,,,,,
1.0,0.0,0.0,,,,,0.0,0.0,0.0
2.0,0.0,0.0,,,,,0.0,0.0,0.0
3.0,0.0,0.0,,,,,0.0,0.0,0.0
4.0,0.0,0.0,,,,,0.0,0.0,0.0
5.0,0.0,0.0,,,,,0.0,0.0,0.0
6.0,0.0,0.0,,,,,0.0,0.0,0.0
7.0,0.0,0.0,,,,,0.0,0.0,0.0
8.0,0.0,0.0,,,,,0.0,0.0,0.0
9.0,0.0,0.0,,,,,0.0,0.0,0.0
10.0,0.0,0.0,,,,,0.0,0.0,0.0
11.0,0.0,0.0,,,,,0.0,0.0,0.0
12.0,0.0,0.0,,,,,0.0,0.0,0.0
13.0,0.0,0.0,,,,,0.0,0.0,0.0
14.0,0.0,0.0,,,,,0.0,0.0,0.0
15.0,0.0,0.0,,,,,0.0,0.0,0.0
16.0,0.0,0.0,,,,,0.0,0.0,0.0
17.0,0.0,0.0,,,,,0.0,0.0,0.0
18.0,0.0,0.0,,,,,0.0,0.0,0.0
19.0,0.0,0.0,,,,,0.0,0.0,0.0
20.0,0.0,0.0,,,,,0.0,0.0,0.0
21.0,0.0,0.0,,,,,0.0,0.0,0.0
22.0,0.0,0.0,,,,,0.0,0.0,0.0
23.0,0.0,0.0,,,,,0.0,0.0,2207.3
24.0,0.0,0.0,,,,,0.0,0.0,2207.3
25.0,0.0,0.0,,,,,0.0,0.0,2207.3
26.0,0.0,0.0,,,,,0.0,0.0,2207.3
27.0,0.0,0.0,,,,,0.0,0.0,2207.3
28.0,0.21,356.0,,,,,0.21,0.21,2347.8
29.0,0.0,356.0,,,,,0.0,0.0,4611.7
30.0,0.0,356.0,,,,,0.0,0.0,4251.0
31.0,0.0,356.0,,,,,0.0,0.0,5357.1
32.0,0.0,356.0,,,,,0.0,0.0,6360.0
33.01,0.0,356.0,,,,,0.0,0.0,7465.4
34.01,0.0,356.0,,,,,0.0,0.0,8467.8
35.01,0.0,356.0,,,,,0.0,0.0,9578.4
36.01,0.0,356.0,,,,,0.0,0.0,10592.5
37.01,0.0,356.0,,,,,0.0,0.0,11688.8
38.01,0.0,356.0,,,,,0.0,0.0,12645.7
39.01,0.0,356.0,,,,,0.0,0.0,13803.6
40.01,0.0,356.0,,,,,0.0,0.0,14735.2
41.01,0.0,356.0,,,,,0.0,0.0,15916.2
42.01,0.0,356.0,,,,,0.0,0.0,16694.7
43.01,0.0,356.0,,,,,0.0,0.0,18378.2
44.01,0.0,356.0,,,,,0.0,0.0,17612.9
45.01,0.0,356.0,,,,,0.0,0.0,17987.1
46.01,0.0,356.0,,,,,0.0,0.0,18360.5
47.01,0.0,356.0,,,,,0.0,0.0,18717.7
48.01,0.0,356.0,,,,,0.0,0.0,17645.0
49.01,0.0,356.0,,,,,0.0,0.0,18018.9
50.01,0.0,356.0,,,,,0.0,0.0,18374.9
51.01,0.0,356.0,,,,,0.0,0.0,18788.9
52.01,0.0,356.0,,,,,0.0,0.0,17684.8
53.01,0.0,356.0,,,,,0.0,0.0,18060.9
54.01,0.0,356.0,,,,,0.0,0.0,18374.9
55.01,0.0,356.0,,,,,0.0,0.0,18885.4
56.01,0.0,356.0,,,,,0.0,0.0,17734.0
57.01,0.0,356.0,,,,,0.0,0.0,18112.3
58.01,0.0,356.0,,,,,0.0,0.0,18374.9
59.01,0.0,356.0,,,,,0.0,0.0,18979.3
60.01,0.0,356.0,,,,,0.0,0.0,17773.1
61.01,0.0,356.0,,,,,0.0,0.0,18147.3
62.01,0.0,356.0,,,,,0.0,0.0,18374.9
63.01,0.0,356.0,,,,,0.0,0.0,18426.1
64.01,0.0,356.0,,,,,0.0,0.0,17815.2
65.01,0.0,356.0,,,,,0.0,0.0,18192.5
66.01,0.0,356.0,,,,,0.0,0.0,18403.3
67.01,0.0,356.0,,,,,0.0,0.0,17832.7
68.01,0.0,356.0,,,,,0.0,0.0,17861.3
69.01,0.0,356.0,,,,,0.0,0.0,18211.0
70.01,0.0,356.0,,,,,0.0,0.0,18888.6
71.01,0.0,356.0,,,,,0.0,0.0,19390.0
72.01,0.0,356.0,,,,,0.0,0.0,19891.6
73.01,0.0,356.0,,,,,0.0,0.0,20502.9
74.01,0.0,356.0,,,,,0.0,0.0,20894.6
75.01,0.0,356.0,,,,,0.0,0.0,21395.6
76.01,0.0,356.0,,,,,0.0,0.0,21897.2
77.01,0.0,356.0,,,,,0.0,0.0,22397.2
78.01,0.0,356.0,,,,,0.0,0.0,22897.6
79.01,0.0,356.0,,,,,0.0,0.0,23397.2
80.01,0.0,356.0,,,,,0.0,0.0,23912.9
81.01,0.0,356.0,,,,,0.0,0.0,24619.7
82.01,0.0,356.0,,,,,0.0,0.0,25321.8
83.01,0.0,356.0,,,,,0.0,0.0,25986.5
84.01,0.0,356.0,,,,,0.0,0.0,26693.5
85.01,0.0,356.0,,,,,0.0,0.0,27399.5
86.01,0.0,356.0,,,,,0.0,0.0,28057.5
87.01,0.0,356.0,,,,,0.0,0.0,28480.8
88.01,0.0,356.0,,,,,0.0,0.0,29166.5
89.02,0.0,356.0,,,,,0.0,0.0,29667.5
90.02,0.0,356.0,,,,,0.0,0.0,30162.5
91.02,0.0,356.0,,,,,0.0,0.0,30663.0
92.02,0.0,356.0,,,,,0.0,0.0,31163.9
93.02,0.0,356.0,,,,,0.0,0.0,31650.2
94.02,0.0,356.0,,,,,0.0,0.0,31900.8
95.02,0.0,356.0,,,,,0.0,0.0,31764.1
96.02,0.0,356.0,,,,,0.0,0.0,31752.7
97.02,0.0,356.0,,,,,0.0,0.0,31941.6
98.02,0.0,356.0,,,,,0.0,0.0,32115.5
99.02,0.0,356.0,,,,,0.0,0.0,32258.0
100.02,0.0,356.0,,,,,0.0,0.0,32466.9
101.02,0.0,356.0,,,,,0.0,0.0,32673.7
102.02,0.0,356.0,,,,,0.0,0.0,32856.0
103.02,0.0,356.0,,,,,0.0,0.0,33146.3
104.02,0.0,356.0,,,,,0.0,0.0,32498.6
105.02,0.0,356.0,,,,,0.0,0.0,32690.7
106.02,0.0,356.0,,,,,0.0,0.0,27004.8
107.02,0.0,356.0,,,,,0.0,0.0,27273.5
108.02,0.0,356.0,,,,,0.0,0.0,27817.9
109.02,0.0,356.0,,,,,0.0,0.0,28292.7
110.02,0.0,356.0,,,,,0.0,0.0,28767.2
111.02,0.0,356.0,,,,,0.0,0.0,29242.0
112.02,0.0,356.0,,,,,0.0,0.0,29887.4
113.02,0.0,356.0,,,,,0.0,0.0,30415.3
114.02,0.0,356.0,,,,,0.0,0.0,30889.9
115.02,0.0,356.0,,,,,0.0,0.0,31364.1
116.02,0.0,356.0,,,,,0.0,0.0,31836.2
117.02,0.0,356.0,,,,,0.0,0.0,32017.8
118.02,0.0,356.0,,,,,0.0,0.0,32118.7
119.02,0.0,356.0,,,,,0.0,0.0,32441.0
120.02,0.0,356.0,,,,,0.0,0.0,32594.8
121.02,0.0,356.0,,,,,0.0,0.0,32680.0
122.02,0.0,356.0,,,,,0.0,0.0,32808.1
123.02,0.0,356.0,,,,,0.0,0.0,32892.1
124.02,0.0,356.0,,,,,0.0,0.0,32976.7
125.02,0.0,356.0,,,,,0.0,0.0,33096.0
126.02,0.0,356.0,,,,,0.0,0.0,33198.4
127.02,0.0,356.0,,,,,0.0,0.0,33267.6
128.02,0.0,356.0,,,,,0.0,0.0,33398.4
129.02,0.0,356.0,,,,,0.0,0.0,33478.9
130.02,0.0,356.0,,,,,0.0,0.0,25310.7
131.02,0.0,356.0,,,,,0.0,0.0,25529.3
132.02,0.0,356.0,,,,,0.0,0.0,26526.7
133.02,0.0,356.0,,,,,0.0,0.0,27027.2
134.02,0.0,356.0,,,,,0.0,0.0,27527.2
135.02,0.06,356.3,,,,,0.05,0.06,13350.9
136.02,0.01,356.7,,,,,0.01,0.02,13641.4
137.02,0.0,356.7,,,,,0.0,0.0,13648.1
138.02,0.0,356.7,,,,,0.0,0.0,13681.2
139.02,24.29,356.7,,,,,21.4,27.18,13874.1
140.02,0.0,356.7,,,,,0.0,0.0,14452.0
141.02,0.0,356.7,,,,,0.0,0.0,15109.4
142.02,0.0,356.7,,,,,0.0,0.0,15761.8
143.02,0.0,1798.2,,,,,0.0,0.0,13728.3
144.02,0.0,2503.5,,,,,0.0,0.0,13524.8
145.02,0.0,3100.5,,,,,0.0,0.0,13348.3
146.02,0.0,3760.9,,,,,0.0,0.0,13181.7
147.02,0.0,4599.2,,,,,0.0,0.0,12745.6
148.03,0.0,5744.1,,,,,0.0,0.0,12215.7
149.03,0.0,10145.3,,,,,0.0,0.0,8796.0
150.03,0.0,14771.7,,,,,0.0,0.0,5720.1
151.03,0.0,15974.5,,,,,0.0,0.0,3980.3
152.03,0.0,15974.5,,,,,0.0,0.0,1390.7
153.03,0.0,15974.5,,,,,0.0,0.0,1944.1
154.03,0.0,15974.5,,,,,0.0,0.0,1944.7
155.03,0.0,15974.5,,,,,0.0,0.0,1945.8
156.03,0.0,15974.5,,,,,0.0,0.0,1945.8
157.03,0.0,15974.5,,,,,0.0,0.0,2102.1
158.03,0.0,15974.5,,,,,0.0,0.0,2160.8
159.03,0.0,15974.5,,,,,0.0,0.0,2730.8
160.03,0.0,15974.5,,,,,0.0,0.0,4662.5
161.03,0.0,15974.5,,,,,0.0,0.0,6355.8
162.03,0.0,15974.5,,,,,0.0,0.0,7212.8
163.03,0.0,17833.6,,,,,0.0,0.0,7487.0
164.03,0.0,19778.5,,,,,0.0,0.0,7487.2
165.03,0.0,19885.6,,,,,0.0,0.0,7487.2
166.03,0.0,19995.2,,,,,0.0,0.0,7487.6
167.03,0.0,20200.4,,,,,0.0,0.0,7577.8
168.03,0.0,20461.7,,,,,0.0,0.0,6958.8
169.03,0.0,20670.9,,,,,0.0,0.0,4308.5
170.03,100.0,20636.8,,,,,100.0,100.0,4680.5
171.03,0.0,20636.8,,,,,0.0,0.0,4680.6
172.03,0.0,20636.8,,,,,0.0,0.0,4680.6
173.03,0.0,20636.8,,,,,0.0,0.0,4680.6
174.03,0.0,20636.8,,,,,0.0,0.0,4833.2
175.03,0.0,20636.8,,,,,0.0,0.0,4946.8
176.03,0.0,20636.8,,,,,0.0,0.0,5385.8
177.03,0.0,20636.8,,,,,0.0,0.0,7437.4
178.03,0.0,20636.8,,,,,0.0,0.0,8996.9
179.03,0.0,20636.8,,,,,0.0,0.0,9581.5
180.03,0.0,20689.7,,,,,0.0,0.0,9646.7
181.03,0.0,20802.4,,,,,0.0,0.0,9646.7
182.03,0.0,20887.8,,,,,0.0,0.0,9646.8
183.03,0.0,21190.6,,,,,0.0,0.0,9784.1
184.03,0.0,21237.3,,,,,0.0,0.0,8419.8
185.03,0.0,21319.6,,,,,0.0,0.0,6712.5
186.03,100.0,21319.6,,,,,100.0,100.0,6708.8
187.03,100.0,21361.1,,,,,100.0,100.0,6712.1
188.03,0.0,21398.9,,,,,0.0,0.0,6717.5
189.03,100.0,21381.9,,,,,100.0,100.0,6919.0
190.03,100.0,21353.3,,,,,100.0,100.0,7416.7
191.03,100.0,21824.9,,,,,100.0,100.0,7634.8
192.03,0.0,21824.9,,,,,0.0,0.0,7634.8
193.03,100.0,21783.2,,,,,100.0,100.0,7634.8
194.03,100.0,21683.2,,,,,100.0,100.0,7465.9
195.03,0.0,21724.9,,,,,0.0,0.0,7459.3
196.03,100.0,21724.9,,,,,100.0,100.0,7464.9
197.03,100.0,21766.4,,,,,100.0,100.0,7459.0
198.03,0.0,21808.0,,,,,0.0,0.0,7465.5
199.03,100.0,21808.0,,,,,100.0,100.0,7475.2
200.03,100.0,21808.0,,,,,100.0,100.0,7721.0
201.03,100.0,21766.4,,,,,100.0,100.0,8089.2
202.03,0.0,21903.2,,,,,0.0,0.0,8506.6
203.03,100.0,21861.6,,,,,100.0,100.0,8506.6
204.03,100.0,21819.9,,,,,100.0,100.0,8506.6
205.03,100.0,21719.8,,,,,100.0,100.0,8516.5
206.03,0.0,21719.9,,,,,0.0,0.0,8124.4
207.03,100.0,21761.5,,,,,100.0,100.0,8133.6
208.03,0.0,21803.0,,,,,0.0,0.0,8123.0
209.04,100.0,21844.6,,,,,100.0,100.0,8125.8
210.04,100.0,21844.6,,,,,100.0,100.0,8129.0
211.04,100.0,21944.6,,,,,100.0,100.0,8138.5
212.04,0.0,21944.6,,,,,0.0,0.0,8138.5
213.04,100.0,21903.3,,,,,100.0,100.0,8142.5
214.04,100.0,21861.7,,,,,100.0,100.0,8142.7
215.04,100.0,21820.0,,,,,100.0,100.0,8142.7
216.04,0.0,21820.0,,,,,0.0,0.0,8142.7
217.04,100.0,21719.9,,,,,100.0,100.0,8135.8
218.04,0.0,21761.5,,,,,0.0,0.0,8124.4
219.04,100.0,21803.0,,,,,100.0,100.0,8136.5
220.04,100.0,21803.0,,,,,100.0,100.0,8123.4
221.04,100.0,21803.0,,,,,100.0,100.0,8131.5
222.04,0.0,21878.6,,,,,0.0,0.0,8137.7
223.04,100.0,21944.6,,,,,100.0,100.0,8140.4
224.04,100.0,21903.3,,,,,100.0,100.0,8143.8
225.04,100.0,21861.7,,,,,100.0,100.0,8144.0
226.04,0.0,21861.7,,,,,0.0,0.0,8144.0
227.04,100.0,21820.0,,,,,100.0,100.0,8144.0
228.04,100.0,21719.8,,,,,100.0,100.0,8126.3
229.04,0.0,21761.5,,,,,0.0,0.0,8119.3
230.04,100.0,21761.5,,,,,100.0,100.0,8125.3
231.04,100.0,21803.0,,,,,100.0,100.0,8138.1
232.04,0.0,21844.6,,,,,0.0,0.0,8126.6
233.04,100.0,21861.6,,,,,100.0,100.0,8136.2
234.04,100.0,21944.6,,,,,100.0,100.0,8141.8
235.04,100.0,21903.3,,,,,100.0,100.0,8145.0
236.04,0.0,21903.3,,,,,0.0,0.0,8145.0
237.04,100.0,21861.7,,,,,100.0,100.0,8145.2
238.04,100.0,21820.0,,,,,100.0,100.0,8145.2
239.04,100.0,21719.8,,,,,100.0,100.0,8145.4
240.04,0.0,21719.9,,,,,0.0,0.0,8128.0
241.04,100.0,21761.5,,,,,100.0,100.0,8138.6
242.04,0.0,21803.0,,,,,0.0,0.0,8133.4
243.04,100.0,21823.8,,,,,100.0,100.0,8138.0
244.04,100.0,21844.6,,,,,100.0,100.0,8132.3
245.04,100.0,21944.6,,,,,100.0,100.0,8142.9
246.04,0.0,21944.6,,,,,0.0,0.0,8142.9
247.04,100.0,21903.3,,,,,100.0,100.0,8146.2
248.04,100.0,21861.7,,,,,100.0,100.0,8146.4
249.04,100.0,21820.0,,,,,100.0,100.0,8146.4
250.04,0.0,21820.0,,,,,0.0,0.0,8146.4
251.04,100.0,21719.9,,,,,100.0,100.0,8140.0
252.04,0.0,21761.5,,,,,0.0,0.0,8128.4
253.04,100.0,21803.0,,,,,100.0,100.0,8140.3
254.04,100.0,21803.0,,,,,100.0,100.0,8127.0
255.04,100.0,21803.0,,,,,100.0,100.0,8133.7
256.04,0.0,21878.6,,,,,0.0,0.0,8141.2
257.04,100.0,21944.6,,,,,100.0,100.0,8144.0
258.04,100.0,21903.3,,,,,100.0,100.0,8147.2
259.04,100.0,21861.7,,,,,100.0,100.0,8147.4
260.04,0.0,21861.7,,,,,0.0,0.0,8147.4
261.04,100.0,21820.0,,,,,100.0,100.0,8147.4
262.04,100.0,21719.8,,,,,100.0,100.0,8128.8
263.04,0.0,21761.5,,,,,0.0,0.0,8140.8
264.04,100.0,21761.5,,,,,100.0,100.0,8128.5
265.04,100.0,21803.0,,,,,100.0,100.0,8141.3
266.04,0.0,21844.6,,,,,0.0,0.0,8129.2
267.04,100.0,21844.6,,,,,100.0,100.0,8136.5
268.04,100.0,21944.6,,,,,100.0,100.0,8145.0
269.04,100.0,21903.3,,,,,100.0,100.0,8148.2
270.04,0.0,21903.3,,,,,0.0,0.0,8148.2
271.04,100.0,21861.7,,,,,100.0,100.0,8148.4
272.04,100.0,21820.0,,,,,100.0,100.0,8148.4
273.04,100.0,21719.8,,,,,100.0,100.0,8148.5
274.05,0.0,21719.9,,,,,0.0,0.0,8130.0
275.05,100.0,21761.5,,,,,100.0,100.0,8132.1
276.05,0.0,21803.0,,,,,0.0,0.0,8135.6
277.05,100.0,21803.0,,,,,100.0,100.0,8135.2
278.05,100.0,21844.6,,,,,100.0,100.0,8143.6
279.05,100.0,21944.6,,,,,100.0,100.0,8146.1
280.05,0.0,21944.6,,,,,0.0,0.0,8146.1
281.05,100.0,21903.3,,,,,100.0,100.0,8148.8
282.05,100.0,21861.7,,,,,100.0,100.0,8149.0
283.05,100.0,21820.0,,,,,100.0,100.0,8149.1
284.05,0.0,21820.0,,,,,0.0,0.0,8149.1
285.05,100.0,21719.9,,,,,100.0,100.0,8142.7
286.05,0.0,21761.5,,,,,0.0,0.0,8131.3
287.05,100.0,21803.0,,,,,100.0,100.0,8143.2
288.05,100.0,21803.0,,,,,100.0,100.0,8143.5
289.05,100.0,21803.0,,,,,100.0,100.0,8136.8
290.05,0.0,21878.6,,,,,0.0,0.0,8144.3
291.05,100.0,21944.6,,,,,100.0,100.0,8146.9
292.05,100.0,21903.3,,,,,100.0,100.0,8149.8
293.05,100.0,21861.7,,,,,100.0,100.0,8150.0
294.05,0.0,21861.7,,,,,0.0,0.0,8150.0
295.05,100.0,21820.0,,,,,100.0,100.0,8150.0
296.05,100.0,21719.8,,,,,100.0,100.0,8131.1
297.05,0.0,21761.5,,,,,0.0,0.0,8143.6
298.05,100.0,21761.5,,,,,100.0,100.0,8129.9
299.05,100.0,21782.3,,,,,100.0,100.0,8140.1
300.05,0.0,21844.6,,,,,0.0,0.0,8129.3
301.05,100.0,21844.6,,,,,100.0,100.0,8138.3
302.05,100.0,21944.6,,,,,100.0,100.0,8147.9
303.05,100.0,21903.3,,,,,100.0,100.0,8150.9
304.05,0.0,21903.3,,,,,0.0,0.0,8150.9
305.05,100.0,21861.7,,,,,100.0,100.0,8151.1
306.05,100.0,21820.0,,,,,100.0,100.0,8151.1
307.05,100.0,21719.8,,,,,100.0,100.0,8151.3
308.05,0.0,21719.9,,,,,0.0,0.0,8138.7
309.05,100.0,21740.7,,,,,100.0,100.0,8133.1
310.05,0.0,21803.0,,,,,0.0,0.0,8138.5
311.05,100.0,21803.0,,,,,100.0,100.0,8138.6
312.05,100.0,21844.6,,,,,100.0,100.0,8138.1
313.05,100.0,21944.6,,,,,100.0,100.0,8149.0
314.05,0.0,21944.6,,,,,0.0,0.0,8149.0
315.05,100.0,21903.3,,,,,100.0,100.0,8151.9
316.05,100.0,21861.7,,,,,100.0,100.0,8152.1
317.05,100.0,21820.0,,,,,100.0,100.0,8152.1
318.05,0.0,21820.0,,,,,0.0,0.0,8152.1
319.05,100.0,21719.9,,,,,100.0,100.0,8145.8
320.05,0.0,21761.5,,,,,0.0,0.0,8133.8
321.05,100.0,21782.3,,,,,100.0,100.0,8144.1
322.05,100.0,21803.0,,,,,100.0,100.0,8146.6
323.05,100.0,21803.0,,,,,100.0,100.0,8141.1
324.05,0.0,21878.6,,,,,0.0,0.0,8147.3
325.05,100.0,21944.6,,,,,100.0,100.0,8149.9
326.05,100.0,21903.3,,,,,100.0,100.0,8152.7
327.05,100.0,21861.7,,,,,100.0,100.0,8152.9
328.05,0.0,21861.7,,,,,0.0,0.0,8152.9
329.05,100.0,21820.0,,,,,100.0,100.0,8152.9
330.05,100.0,21719.8,,,,,100.0,100.0,8133.3
331.05,0.0,21761.5,,,,,0.0,0.0,8146.7
332.05,100.0,21761.5,,,,,100.0,100.0,8133.8
333.05,100.0,21761.5,,,,,100.0,100.0,8142.7
334.05,0.0,21844.6,,,,,0.0,0.0,8131.2
335.05,100.0,21844.6,,,,,100.0,100.0,8138.0
336.05,100.0,21944.6,,,,,100.0,100.0,8151.0
337.05,100.0,21903.3,,,,,100.0,100.0,8153.5
338.05,0.0,21903.3,,,,,0.0,0.0,8153.5
339.05,100.0,21861.7,,,,,100.0,100.0,8153.7
340.06,100.0,21820.0,,,,,100.0,100.0,8153.7
341.06,100.0,21719.8,,,,,100.0,100.0,8153.8
342.06,0.0,21719.9,,,,,0.0,0.0,8132.8
343.06,100.0,21761.5,,,,,100.0,100.0,8147.2
344.06,0.0,21803.0,,,,,0.0,0.0,8133.8
345.06,100.0,21823.8,,,,,100.0,100.0,8144.6
346.06,100.0,21844.6,,,,,100.0,100.0,8133.2
347.06,100.0,21944.6,,,,,100.0,100.0,8151.5
348.06,0.0,21944.6,,,,,0.0,0.0,8151.5
349.06,100.0,21903.3,,,,,100.0,100.0,8154.1
350.06,100.0,21861.7,,,,,100.0,100.0,8154.3
351.06,100.0,21820.0,,,,,100.0,100.0,8154.3
352.06,0.0,21820.0,,,,,0.0,0.0,8154.3
353.06,100.0,21719.9,,,,,100.0,100.0,8147.8
354.06,0.0,21761.5,,,,,0.0,0.0,8135.6
355.06,100.0,21782.3,,,,,100.0,100.0,8145.5
356.06,100.0,21803.0,,,,,100.0,100.0,8149.0
357.06,100.0,21803.0,,,,,100.0,100.0,8141.8
358.06,0.0,21878.6,,,,,0.0,0.0,8149.5
359.06,100.0,21944.6,,,,,100.0,100.0,8152.1
360.06,100.0,21903.3,,,,,100.0,100.0,8154.8
361.06,100.0,21861.7,,,,,100.0,100.0,8155.0
362.06,0.0,21861.7,,,,,0.0,0.0,8155.0
363.06,100.0,21820.0,,,,,100.0,100.0,8155.0
364.06,100.0,21719.8,,,,,100.0,100.0,8135.0
365.06,0.0,21761.5,,,,,0.0,0.0,8148.6
366.06,100.0,21761.5,,,,,100.0,100.0,8135.3
367.06,100.0,21761.5,,,,,100.0,100.0,8141.8
368.06,0.0,21844.6,,,,,0.0,0.0,8131.7
369.06,100.0,21844.6,,,,,100.0,100.0,8137.3
370.06,100.0,21944.6,,,,,100.0,100.0,8152.9
371.06,100.0,21903.3,,,,,100.0,100.0,8155.5
372.06,0.0,21903.3,,,,,0.0,0.0,8155.5
373.06,100.0,21861.7,,,,,100.0,100.0,8155.7
374.06,100.0,21820.0,,,,,100.0,100.0,8155.7
375.06,100.0,21719.8,,,,,100.0,100.0,8155.8
376.06,0.0,21719.9,,,,,0.0,0.0,8135.5
377.06,100.0,21761.5,,,,,100.0,100.0,8149.5
378.06,0.0,21803.0,,,,,0.0,0.0,8135.6
379.06,100.0,21803.0,,,,,100.0,100.0,8143.9
380.06,100.0,21844.6,,,,,100.0,100.0,8134.7
381.06,100.0,21944.6,,,,,100.0,100.0,8153.7
382.06,0.0,21944.6,,,,,0.0,0.0,8153.7
383.06,100.0,21903.3,,,,,100.0,100.0,8156.2
384.06,100.0,21861.7,,,,,100.0,100.0,8156.4
385.06,100.0,21820.0,,,,,100.0,100.0,8156.4
386.06,0.0,21820.0,,,,,0.0,0.0,8156.4
387.06,100.0,21719.9,,,,,100.0,100.0,8150.1
388.06,0.0,21761.5,,,,,0.0,0.0,8150.3
389.06,100.0,21761.5,,,,,100.0,100.0,8145.9
390.06,100.0,21803.0,,,,,100.0,100.0,8151.1
391.06,100.0,21803.0,,,,,100.0,100.0,8143.3
392.06,0.0,21878.6,,,,,0.0,0.0,8151.6
393.06,100.0,21944.6,,,,,100.0,100.0,8154.5
394.06,100.0,21903.3,,,,,100.0,100.0,8157.1
395.06,100.0,21861.7,,,,,100.0,100.0,8157.3
396.06,0.0,21861.7,,,,,0.0,0.0,8157.3
397.06,100.0,21820.0,,,,,100.0,100.0,8157.3
398.06,100.0,21719.8,,,,,100.0,100.0,8137.5
399.06,0.0,21761.5,,,,,0.0,0.0,8150.9
400.06,100.0,21761.5,,,,,100.0,100.0,8137.2
401.06,100.0,21761.5,,,,,100.0,100.0,8143.0
402.06,0.0,21844.6,,,,,0.0,0.0,8152.8
403.06,100.0,21844.6,,,,,100.0,100.0,8140.6
404.06,100.0,21944.6,,,,,100.0,100.0,8155.4
405.07,100.0,21903.3,,,,,100.0,100.0,8158.1
406.07,0.0,21903.3,,,,,0.0,0.0,8158.1
407.07,100.0,21861.7,,,,,100.0,100.0,8158.3
408.07,100.0,21820.0,,,,,100.0,100.0,8158.3
409.07,100.0,21719.8,,,,,100.0,100.0,8158.3
410.07,0.0,21719.9,,,,,0.0,0.0,8137.5
411.07,100.0,21740.7,,,,,100.0,100.0,8150.6
412.07,0.0,21803.0,,,,,0.0,0.0,8140.6
413.07,100.0,21823.8,,,,,100.0,100.0,8147.1
414.07,100.0,21844.6,,,,,100.0,100.0,8146.7
415.07,100.0,21944.6,,,,,100.0,100.0,8156.2
416.07,0.0,21944.6,,,,,0.0,0.0,8156.2
417.07,100.0,21903.3,,,,,100.0,100.0,8158.4
418.07,100.0,21861.7,,,,,100.0,100.0,8158.5
419.07,100.0,21820.0,,,,,100.0,100.0,8158.5
420.07,0.0,21820.0,,,,,0.0,0.0,8158.5
421.07,100.0,21719.9,,,,,100.0,100.0,8152.2
422.07,0.0,21761.5,,,,,0.0,0.0,8152.5
423.07,100.0,21761.5,,,,,100.0,100.0,8144.9
424.07,100.0,21803.0,,,,,100.0,100.0,8153.2
425.07,100.0,21803.0,,,,,100.0,100.0,8141.9
426.07,0.0,21844.6,,,,,0.0,0.0,8149.7
427.07,100.0,21944.6,,,,,100.0,100.0,8156.7
428.07,100.0,21903.3,,,,,100.0,100.0,8159.3
429.07,100.0,21861.7,,,,,100.0,100.0,8159.5
430.07,0.0,21861.7,,,,,0.0,0.0,8159.5
431.07,100.0,21820.0,,,,,100.0,100.0,8159.5
432.07,100.0,21719.8,,,,,100.0,100.0,8138.5
433.07,0.0,21740.7,,,,,0.0,0.0,8150.6
434.07,100.0,21761.5,,,,,100.0,100.0,8138.5
435.07,100.0,21761.5,,,,,100.0,100.0,8145.5
436.07,0.0,21844.6,,,,,0.0,0.0,8154.7
437.07,100.0,21844.6,,,,,100.0,100.0,8142.8
438.07,100.0,21944.6,,,,,100.0,100.0,8157.3
439.07,100.0,21903.1,,,,,100.0,100.0,8159.3
440.07,0.0,21903.3,,,,,0.0,0.0,8159.7
441.07,100.0,21861.7,,,,,100.0,100.0,8159.9
442.07,100.0,21820.0,,,,,100.0,100.0,8159.9
443.07,0.0,21820.0,,,,,0.0,0.0,8159.9
444.07,100.0,21719.9,,,,,100.0,100.0,8138.2
445.07,100.0,21719.9,,,,,100.0,100.0,8148.1
446.07,0.0,21803.0,,,,,0.0,0.0,8137.5
447.07,100.0,21803.0,,,,,100.0,100.0,8143.0
448.07,100.0,21844.6,,,,,100.0,100.0,8134.9
449.07,100.0,21844.6,,,,,100.0,100.0,8155.8
450.07,0.0,21944.6,,,,,0.0,0.0,8157.7
451.07,100.0,21903.3,,,,,100.0,100.0,8160.5
452.07,100.0,21861.7,,,,,100.0,100.0,8160.7
453.07,0.0,21861.7,,,,,0.0,0.0,8160.7
454.07,100.0,21820.0,,,,,100.0,100.0,8160.7
455.07,100.0,21719.9,,,,,100.0,100.0,8154.1
456.07,0.0,21761.5,,,,,0.0,0.0,8154.4
457.07,100.0,21761.5,,,,,100.0,100.0,8149.5
458.07,100.0,21803.0,,,,,100.0,100.0,8147.3
459.07,100.0,21803.5,,,,,100.0,100.0,8146.0
460.07,0.0,21878.6,,,,,0.0,0.0,8155.7
461.07,100.0,21944.6,,,,,100.0,100.0,8158.6
462.07,100.0,21903.3,,,,,100.0,100.0,8161.1
463.07,0.0,21903.3,,,,,0.0,0.0,8161.1
464.07,100.0,21861.7,,,,,100.0,100.0,8161.3
465.07,100.0,21820.0,,,,,100.0,100.0,8161.3
466.07,100.0,21719.8,,,,,100.0,100.0,8139.9
467.07,0.0,21740.7,,,,,0.0,0.0,8154.0
468.07,100.0,21761.5,,,,,100.0,100.0,8155.2
469.07,0.0,21803.0,,,,,0.0,0.0,8149.2
470.07,100.0,21844.6,,,,,100.0,100.0,8156.7
471.07,100.0,21844.6,,,,,100.0,100.0,8146.5
472.07,100.0,21944.6,,,,,100.0,100.0,8159.1
473.08,0.0,21944.6,,,,,0.0,0.0,8159.1
474.08,100.0,21903.3,,,,,100.0,100.0,8161.9
475.08,100.0,21861.7,,,,,100.0,100.0,8162.1
476.08,100.0,21820.0,,,,,100.0,100.0,8162.1
477.08,0.0,21820.0,,,,,0.0,0.0,8162.1
478.08,100.0,21719.9,,,,,100.0,100.0,8140.3
479.08,0.0,21761.5,,,,,0.0,0.0,8151.0
480.08,100.0,21803.0,,,,,100.0,100.0,8139.9
481.08,100.0,21803.0,,,,,100.0,100.0,8144.3
482.08,100.0,21844.6,,,,,100.0,100.0,8157.1
483.08,0.0,21878.6,,,,,0.0,0.0,8157.4
484.08,100.0,21944.6,,,,,100.0,100.0,8160.0
485.08,100.0,21903.3,,,,,100.0,100.0,8162.6
486.08,100.0,21861.7,,,,,100.0,100.0,8162.8
487.08,0.0,21861.7,,,,,0.0,0.0,8162.8
488.08,100.0,21820.0,,,,,100.0,100.0,8162.8
489.08,100.0,21702.8,,,,,100.0,100.0,8152.9
490.08,0.0,21761.5,,,,,0.0,0.0,8156.8
491.08,100.0,21761.5,,,,,100.0,100.0,8147.7
492.08,100.0,21803.0,,,,,100.0,100.0,8152.6
493.08,0.0,21844.6,,,,,0.0,0.0,8146.1
494.08,100.0,21878.6,,,,,100.0,100.0,8158.0
495.08,100.0,21944.6,,,,,100.0,100.0,8161.0
496.08,100.0,21903.3,,,,,100.0,100.0,8163.2
497.08,0.0,21903.3,,,,,0.0,0.0,8163.2
498.08,100.0,21861.7,,,,,100.0,100.0,8163.4
499.08,100.0,21820.0,,,,,100.0,100.0,8163.4
500.08,100.0,21719.8,,,,,100.0,100.0,8141.6
501.08,0.0,21740.7,,,,,0.0,0.0,8154.2
502.08,100.0,21761.5,,,,,100.0,100.0,8157.7
503.08,0.0,21803.0,,,,,0.0,0.0,8148.5
504.08,100.0,21844.6,,,,,100.0,100.0,8158.8
505.08,100.0,21844.6,,,,,100.0,100.0,8147.2
506.08,100.0,21944.6,,,,,100.0,100.0,8161.3
507.08,0.0,21944.6,,,,,0.0,0.0,8161.3
508.08,100.0,21903.3,,,,,100.0,100.0,8163.9
509.08,100.0,21861.7,,,,,100.0,100.0,8164.1
510.08,100.0,21820.0,,,,,100.0,100.0,8164.1
511.08,0.0,21820.0,,,,,0.0,0.0,8164.1
512.08,100.0,21719.9,,,,,100.0,100.0,8142.4
513.08,0.0,21761.5,,,,,0.0,0.0,8150.6
514.08,100.0,21803.0,,,,,100.0,100.0,8141.6
515.08,100.0,21803.0,,,,,100.0,100.0,8146.3
516.08,100.0,21823.8,,,,,100.0,100.0,8156.8
517.08,0.0,21878.6,,,,,0.0,0.0,8159.5
518.08,100.0,21944.6,,,,,100.0,100.0,8162.0
519.08,100.0,21903.3,,,,,100.0,100.0,8164.6
520.08,100.0,21861.7,,,,,100.0,100.0,8164.8
521.08,0.0,21861.7,,,,,0.0,0.0,8164.8
522.08,100.0,21820.0,,,,,100.0,100.0,8164.8
523.08,100.0,21719.8,,,,,100.0,100.0,8153.3
524.08,0.0,21761.5,,,,,0.0,0.0,8158.8
525.08,100.0,21761.5,,,,,100.0,100.0,8149.5
526.08,100.0,21803.0,,,,,100.0,100.0,8149.8
527.08,0.0,21844.6,,,,,0.0,0.0,8153.8
528.08,100.0,21861.6,,,,,100.0,100.0,8157.6
529.08,100.0,21944.6,,,,,100.0,100.0,8163.0
530.08,100.0,21903.3,,,,,100.0,100.0,8165.2
531.08,0.0,21903.3,,,,,0.0,0.0,8165.2
532.08,100.0,21861.7,,,,,100.0,100.0,8165.4
533.08,100.0,21820.0,,,,,100.0,100.0,8165.4
534.08,100.0,21719.8,,,,,100.0,100.0,8142.9
535.08,0.0,21719.9,,,,,0.0,0.0,8149.3
536.08,100.0,21761.5,,,,,100.0,100.0,8159.3
537.08,0.0,21803.0,,,,,0.0,0.0,8149.0
538.09,100.0,21844.6,,,,,100.0,100.0,8160.8
539.09,100.0,21844.6,,,,,100.0,100.0,8147.8
540.09,100.0,21944.6,,,,,100.0,100.0,8163.4
541.09,0.0,21944.6,,,,,0.0,0.0,8163.4
542.09,100.0,21903.3,,,,,100.0,100.0,8165.7
543.09,100.0,21861.7,,,,,100.0,100.0,8165.8
544.09,100.0,21820.0,,,,,100.0,100.0,8165.8
545.09,0.0,21820.0,,,,,0.0,0.0,8165.8
546.09,100.0,21719.9,,,,,100.0,100.0,8142.0
547.09,0.0,21761.5,,,,,0.0,0.0,8149.6
548.09,100.0,21803.0,,,,,100.0,100.0,8160.4
549.09,100.0,21803.0,,,,,100.0,100.0,8147.1
550.09,100.0,21844.6,,,,,100.0,100.0,8161.1
551.09,0.0,21878.6,,,,,0.0,0.0,8161.2
552.09,100.0,21944.6,,,,,100.0,100.0,8163.9
553.09,100.0,21903.3,,,,,100.0,100.0,8166.3
554.09,100.0,21861.7,,,,,100.0,100.0,8166.5
555.09,0.0,21861.7,,,,,0.0,0.0,8166.5
556.09,100.0,21820.0,,,,,100.0,100.0,8166.5
557.09,100.0,21719.8,,,,,100.0,100.0,8152.2
558.09,0.0,21761.5,,,,,0.0,0.0,8151.1
559.09,100.0,21761.5,,,,,100.0,100.0,8148.5
560.09,100.0,21803.0,,,,,100.0,100.0,8161.1
561.09,0.0,21844.6,,,,,0.0,0.0,8161.9
562.09,100.0,21844.6,,,,,100.0,100.0,8155.6
563.09,100.0,21944.6,,,,,100.0,100.0,8164.5
564.09,100.0,21903.3,,,,,100.0,100.0,8166.5
565.09,0.0,21903.3,,,,,0.0,0.0,8166.5
566.09,100.0,21861.7,,,,,100.0,100.0,8166.7
567.09,100.0,21820.0,,,,,100.0,100.0,8166.7
568.09,100.0,21719.8,,,,,100.0,100.0,8166.9
569.09,0.0,21719.9,,,,,0.0,0.0,8150.2
570.09,100.0,21761.5,,,,,100.0,100.0,8160.5
571.09,0.0,21803.0,,,,,0.0,0.0,8148.5
572.09,100.0,21823.8,,,,,100.0,100.0,8159.8
573.09,100.0,21844.6,,,,,100.0,100.0,8162.0
574.09,100.0,21944.6,,,,,100.0,100.0,8164.5
575.09,0.0,21944.6,,,,,0.0,0.0,8164.5
576.09,100.0,21903.3,,,,,100.0,100.0,8167.0
577.09,100.0,21861.7,,,,,100.0,100.0,8167.2
578.09,100.0,21820.0,,,,,100.0,100.0,8167.2
579.09,0.0,21820.0,,,,,0.0,0.0,8167.2
580.09,100.0,21719.9,,,,,100.0,100.0,8142.3
581.09,0.0,21761.5,,,,,0.0,0.0,8150.0
582.09,100.0,21803.0,,,,,100.0,100.0,8161.5
583.09,100.0,21803.0,,,,,100.0,100.0,8147.8
584.09,100.0,21823.8,,,,,100.0,100.0,8157.6
585.09,0.0,21878.6,,,,,0.0,0.0,8162.6
586.09,100.0,21944.6,,,,,100.0,100.0,8165.2
587.09,100.0,21903.3,,,,,100.0,100.0,8167.4
588.09,100.0,21861.7,,,,,100.0,100.0,8167.6
589.09,0.0,21861.7,,,,,0.0,0.0,8167.6
590.09,100.0,21820.0,,,,,100.0,100.0,8167.6
591.09,100.0,21719.8,,,,,100.0,100.0,8151.7
592.09,0.0,21761.5,,,,,0.0,0.0,8142.7
593.09,100.0,21761.5,,,,,100.0,100.0,8149.5
594.09,100.0,21803.0,,,,,100.0,100.0,8142.2
595.09,0.0,21844.6,,,,,0.0,0.0,8148.7
596.09,100.0,21844.6,,,,,100.0,100.0,8159.7
597.09,100.0,21944.6,,,,,100.0,100.0,8165.9
598.09,100.0,21903.3,,,,,100.0,100.0,8167.8
599.09,0.0,21903.3,,,,,0.0,0.0,8167.8
600.09,100.0,21861.7,,,,,100.0,100.0,8167.9
601.09,100.0,21820.0,,,,,100.0,100.0,8168.0
602.09,100.0,21719.8,,,,,100.0,100.0,8168.1
603.1,0.0,21719.9,,,,,0.0,0.0,8148.2
604.1,100.0,21740.7,,,,,100.0,100.0,8160.0
605.1,0.0,21803.0,,,,,0.0,0.0,8147.6
606.1,100.0,21803.0,,,,,100.0,100.0,8153.3
607.1,100.0,21844.6,,,,,100.0,100.0,8163.5
608.1,100.0,21944.6,,,,,100.0,100.0,8166.0
609.1,0.0,21944.6,,,,,0.0,0.0,8166.0
610.1,100.0,21903.3,,,,,100.0,100.0,8168.3
611.1,100.0,21861.7,,,,,100.0,100.0,8168.5
612.1,100.0,21820.0,,,,,100.0,100.0,8168.5
613.1,0.0,21820.0,,,,,0.0,0.0,8168.5
614.1,100.0,21719.9,,,,,100.0,100.0,8141.0
615.1,0.0,21761.5,,,,,0.0,0.0,8148.0
616.1,100.0,21782.3,,,,,100.0,100.0,8160.7
617.1,100.0,21803.0,,,,,100.0,100.0,8147.1
618.1,100.0,21803.0,,,,,100.0,100.0,8156.3
619.1,0.0,21878.6,,,,,0.0,0.0,8164.1
620.1,100.0,21944.6,,,,,100.0,100.0,8166.7
621.1,100.0,21903.3,,,,,100.0,100.0,8168.8
622.1,100.0,21861.7,,,,,100.0,100.0,8169.0
623.1,0.0,21861.7,,,,,0.0,0.0,8169.0
624.1,100.0,21820.0,,,,,100.0,100.0,8169.0
625.1,100.0,21719.8,,,,,100.0,100.0,8149.1
626.1,0.0,21761.5,,,,,0.0,0.0,8162.9
627.1,100.0,21761.5,,,,,100.0,100.0,8162.9
628.1,100.0,21761.5,,,,,100.0,100.0,8158.7
629.1,0.0,21844.6,,,,,0.0,0.0,8164.4
630.1,100.0,21844.6,,,,,100.0,100.0,8154.7
631.1,100.0,21944.6,,,,,100.0,100.0,8167.0
632.1,100.0,21903.3,,,,,100.0,100.0,8169.1
633.1,0.0,21903.3,,,,,0.0,0.0,8169.1
634.1,100.0,21861.7,,,,,100.0,100.0,8169.3
635.1,100.0,21820.0,,,,,100.0,100.0,8169.3
636.1,100.0,21719.8,,,,,100.0,100.0,8169.4
637.1,0.0,21719.9,,,,,0.0,0.0,8149.0
638.1,100.0,21719.9,,,,,100.0,100.0,8161.4
639.1,0.0,21803.0,,,,,0.0,0.0,8149.0
640.1,100.0,21803.0,,,,,100.0,100.0,8154.8
641.1,100.0,21844.6,,,,,100.0,100.0,8164.7
642.1,100.0,21944.6,,,,,100.0,100.0,8167.2
643.1,0.0,21944.6,,,,,0.0,0.0,8167.2
644.1,100.0,21903.3,,,,,100.0,100.0,8169.4
645.1,100.0,21861.7,,,,,100.0,100.0,8169.6
646.1,100.0,21820.0,,,,,100.0,100.0,8169.6
647.1,0.0,21820.0,,,,,0.0,0.0,8169.6
648.1,100.0,21719.9,,,,,100.0,100.0,8163.5
649.1,0.0,21761.5,,,,,0.0,0.0,8149.0
650.1,100.0,21782.3,,,,,100.0,100.0,8160.1
651.1,100.0,21803.0,,,,,100.0,100.0,8147.6
652.1,100.0,21803.0,,,,,100.0,100.0,8155.0
653.1,0.0,21878.6,,,,,0.0,0.0,8164.9
654.1,100.0,21944.6,,,,,100.0,100.0,8167.7
655.1,100.0,21903.3,,,,,100.0,100.0,8169.9
656.1,100.0,21861.7,,,,,100.0,100.0,8170.1
657.1,0.0,21861.7,,,,,0.0,0.0,8170.1
658.1,100.0,21820.0,,,,,100.0,100.0,8170.1
659.1,100.0,21719.8,,,,,100.0,100.0,8170.4
660.1,0.0,21761.5,,,,,0.0,0.0,8163.9
661.1,100.0,21761.5,,,,,100.0,100.0,8164.1
662.1,100.0,21761.5,,,,,100.0,100.0,8157.4
663.1,0.0,21844.6,,,,,0.0,0.0,8165.8
664.1,100.0,21844.6,,,,,100.0,100.0,8154.0
665.1,100.0,21944.6,,,,,100.0,100.0,8168.2
666.11,100.0,21903.1,,,,,100.0,100.0,8170.4
667.11,0.0,21903.3,,,,,0.0,0.0,8170.6
668.11,100.0,21861.7,,,,,100.0,100.0,8170.8
669.11,100.0,21820.0,,,,,100.0,100.0,8170.8
670.11,100.0,21719.9,,,,,100.0,100.0,8170.8
671.11,1.23,21719.9,,,,,1.23,1.23,8150.5
672.11,100.0,21740.7,,,,,100.0,100.0,8163.1
673.11,0.0,21803.0,,,,,0.0,0.0,8165.5
674.11,100.0,21803.0,,,,,100.0,100.0,8155.2
675.11,100.0,21844.6,,,,,100.0,100.0,8166.3
676.11,100.0,21935.7,,,,,100.0,100.0,8167.5
677.11,0.0,21944.6,,,,,0.0,0.0,8169.1
678.11,100.0,21903.3,,,,,100.0,100.0,8171.0
679.11,100.0,21861.7,,,,,100.0,100.0,8171.1
680.11,100.0,21820.0,,,,,100.0,100.0,8171.1
681.11,0.0,21820.0,,,,,0.0,0.0,8171.1
682.11,100.0,21719.9,,,,,100.0,100.0,8164.7
683.11,0.0,21761.5,,,,,0.0,0.0,8149.9
684.11,100.0,21761.5,,,,,100.0,100.0,8155.6
685.11,100.0,21803.0,,,,,100.0,100.0,8146.4
686.11,0.0,21844.6,,,,,0.0,0.0,8153.5
687.11,100.0,21861.6,,,,,100.0,100.0,8164.9
688.11,100.0,21944.6,,,,,100.0,100.0,8169.5
689.11,100.0,21903.3,,,,,100.0,100.0,8171.7
690.11,0.0,21903.3,,,,,0.0,0.0,8171.7
691.11,100.0,21861.7,,,,,100.0,100.0,8171.9
692.11,100.0,21820.0,,,,,100.0,100.0,8171.9
693.11,100.0,21719.8,,,,,100.0,100.0,8172.1
694.11,0.0,21719.9,,,,,0.0,0.0,8162.4
695.11,100.0,21761.5,,,,,100.0,100.0,8165.9
696.11,0.0,21803.0,,,,,0.0,0.0,8155.6
697.11,100.0,21844.6,,,,,100.0,100.0,8167.5
698.11,100.0,21844.6,,,,,100.0,100.0,8167.6
699.11,100.0,21944.6,,,,,100.0,100.0,8170.0
700.11,0.0,21944.6,,,,,0.0,0.0,8170.0
701.11,100.0,21903.3,,,,,100.0,100.0,8172.3
702.11,100.0,21861.7,,,,,100.0,100.0,8172.5
703.11,100.0,21820.0,,,,,100.0,100.0,8172.5
704.11,0.0,21820.0,,,,,0.0,0.0,8172.5
705.11,100.0,21719.9,,,,,100.0,100.0,8150.8
706.11,0.0,21761.5,,,,,0.0,0.0,8159.3
707.11,100.0,21803.0,,,,,100.0,100.0,8167.2
708.11,100.0,21803.0,,,,,100.0,100.0,8157.0
709.11,100.0,21844.6,,,,,100.0,100.0,8168.0
710.11,0.0,21878.6,,,,,0.0,0.0,8168.1
711.11,100.0,21944.6,,,,,100.0,100.0,8170.8
712.11,100.0,21903.3,,,,,100.0,100.0,8172.7
713.11,100.0,21861.7,,,,,100.0,100.0,8172.9
714.11,0.0,21861.7,,,,,0.0,0.0,8172.9
715.11,100.0,21820.0,,,,,100.0,100.0,8172.9
716.11,100.0,21719.8,,,,,100.0,100.0,8161.9
717.11,0.0,21761.5,,,,,0.0,0.0,8151.8
718.11,100.0,21761.5,,,,,100.0,100.0,8158.5
719.11,100.0,21803.0,,,,,100.0,100.0,8149.1
720.11,0.0,21844.6,,,,,0.0,0.0,8155.8
721.11,100.0,21878.6,,,,,100.0,100.0,8167.8
722.11,100.0,21944.6,,,,,100.0,100.0,8170.8
723.11,100.0,21903.3,,,,,100.0,100.0,8173.0
724.11,0.0,21903.3,,,,,0.0,0.0,8173.0
725.11,100.0,21861.7,,,,,100.0,100.0,8173.2
726.11,100.0,21820.0,,,,,100.0,100.0,8173.2
727.11,100.0,21719.8,,,,,100.0,100.0,8173.4
728.11,0.0,21719.9,,,,,0.0,0.0,8162.9
729.11,100.0,21761.5,,,,,100.0,100.0,8167.3
730.11,0.0,21803.0,,,,,0.0,0.0,8157.6
731.11,100.0,21844.6,,,,,100.0,100.0,8149.2
732.11,100.0,21844.6,,,,,100.0,100.0,8155.4
733.12,100.0,21944.6,,,,,100.0,100.0,8171.4
734.12,0.0,21944.6,,,,,0.0,0.0,8171.4
735.12,100.0,21903.3,,,,,100.0,100.0,8173.4
736.12,100.0,21861.7,,,,,100.0,100.0,8173.6
737.12,100.0,21820.0,,,,,100.0,100.0,8173.6
738.12,0.0,21820.0,,,,,0.0,0.0,8173.6
739.12,100.0,21719.9,,,,,100.0,100.0,8151.4
740.12,0.0,21761.5,,,,,0.0,0.0,8159.7
741.12,100.0,21803.0,,,,,100.0,100.0,8168.4
742.12,100.0,21803.0,,,,,100.0,100.0,8155.1
743.12,100.0,21823.8,,,,,100.0,100.0,8163.4
744.12,0.0,21878.6,,,,,0.0,0.0,8169.0
745.12,100.0,21944.6,,,,,100.0,100.0,8171.8
746.12,100.0,21903.3,,,,,100.0,100.0,8174.0
747.12,100.0,21861.7,,,,,100.0,100.0,8174.2
748.12,0.0,21861.7,,,,,0.0,0.0,8174.2
749.12,100.0,21820.0,,,,,100.0,100.0,8174.2
750.12,100.0,21719.8,,,,,100.0,100.0,8161.4
751.12,0.0,21761.5,,,,,0.0,0.0,8152.6
752.12,100.0,21761.5,,,,,100.0,100.0,8161.8
753.12,100.0,21803.0,,,,,100.0,100.0,8169.1
754.12,0.0,21844.6,,,,,0.0,0.0,8156.6
755.12,100.0,21878.6,,,,,100.0,100.0,8169.4
756.12,100.0,21944.6,,,,,100.0,100.0,8172.3
757.12,100.0,21903.3,,,,,100.0,100.0,8174.4
758.12,0.0,21903.3,,,,,0.0,0.0,8174.4
759.12,100.0,21861.7,,,,,100.0,100.0,8174.6
760.12,100.0,21820.0,,,,,100.0,100.0,8174.6
761.12,100.0,21719.8,,,,,100.0,100.0,8174.9
762.12,0.0,21719.9,,,,,0.0,0.0,8153.5
763.12,100.0,21740.7,,,,,100.0,100.0,8165.1
764.12,0.0,21803.0,,,,,0.0,0.0,8153.6
765.12,100.0,21803.0,,,,,100.0,100.0,8162.3
766.12,100.0,21844.6,,,,,100.0,100.0,8169.5
767.12,0.0,21878.6,,,,,0.0,0.0,8169.4
768.12,100.0,21944.6,,,,,100.0,100.0,8172.0
769.12,100.0,21903.3,,,,,100.0,100.0,8173.9
770.12,100.0,21861.7,,,,,100.0,100.0,8174.1
771.12,0.0,21861.7,,,,,0.0,0.0,8174.1
772.12,100.0,21820.0,,,,,100.0,100.0,8174.1
773.12,100.0,21702.9,,,,,100.0,100.0,8166.9
774.12,0.0,21761.5,,,,,0.0,0.0,8160.8
775.12,100.0,21761.5,,,,,100.0,100.0,8160.5
776.12,100.0,21803.0,,,,,100.0,100.0,8152.4
777.12,0.0,21844.6,,,,,0.0,0.0,8157.9
778.12,100.0,21878.6,,,,,100.0,100.0,8169.4
779.12,100.0,21944.6,,,,,100.0,100.0,8172.4
780.12,100.0,21903.3,,,,,100.0,100.0,8174.3
781.12,0.0,21903.3,,,,,0.0,0.0,8174.3
782.12,100.0,21861.7,,,,,100.0,100.0,8174.5
783.12,100.0,21820.0,,,,,100.0,100.0,8174.5
784.12,100.0,21719.8,,,,,100.0,100.0,8174.8
785.12,0.0,21719.9,,,,,0.0,0.0,8166.0
786.12,100.0,21761.5,,,,,100.0,100.0,8168.5
787.12,0.0,21803.0,,,,,0.0,0.0,8160.9
788.12,100.0,21844.6,,,,,100.0,100.0,8170.0
789.12,100.0,21844.6,,,,,100.0,100.0,8158.3
790.12,100.0,21944.6,,,,,100.0,100.0,8172.7
791.12,0.0,21944.6,,,,,0.0,0.0,8172.7
792.12,100.0,21903.3,,,,,100.0,100.0,8174.5
793.12,100.0,21861.7,,,,,100.0,100.0,8174.7
794.12,100.0,21820.0,,,,,100.0,100.0,8174.7
795.12,0.0,21820.0,,,,,0.0,0.0,8174.7
796.12,100.0,21719.9,,,,,100.0,100.0,8154.7
797.12,0.0,21761.5,,,,,0.0,0.0,8163.6
798.12,100.0,21803.0,,,,,100.0,100.0,8169.5
799.12,100.0,21803.0,,,,,100.0,100.0,8159.5
800.13,100.0,21844.6,,,,,100.0,100.0,8170.4
801.13,0.0,21878.6,,,,,0.0,0.0,8170.3
802.13,100.0,21944.6,,,,,100.0,100.0,8173.0
803.13,100.0,21903.3,,,,,100.0,100.0,8174.9
804.13,100.0,21861.7,,,,,100.0,100.0,8175.1
805.13,0.0,21861.7,,,,,0.0,0.0,8175.1
806.13,100.0,21820.0,,,,,100.0,100.0,8175.1
807.13,100.0,21719.8,,,,,100.0,100.0,8164.6
808.13,0.0,21761.5,,,,,0.0,0.0,8155.2
809.13,100.0,21761.5,,,,,100.0,100.0,8160.8
810.13,100.0,21803.0,,,,,100.0,100.0,8152.1
811.13,0.0,21844.6,,,,,0.0,0.0,8159.2
812.13,100.0,21878.6,,,,,100.0,100.0,8170.3
813.13,100.0,21944.6,,,,,100.0,100.0,8173.3
814.13,100.0,21903.3,,,,,100.0,100.0,8175.4
815.13,0.0,21903.3,,,,,0.0,0.0,8175.4
816.13,100.0,21861.7,,,,,100.0,100.0,8175.6
817.13,100.0,21820.0,,,,,100.0,100.0,8175.6
818.13,100.0,21719.8,,,,,100.0,100.0,8175.8
819.13,0.0,21719.9,,,,,0.0,0.0,8166.1
820.13,100.0,21761.5,,,,,100.0,100.0,8169.6
821.13,0.0,21803.0,,,,,0.0,0.0,8161.4
822.13,100.0,21844.6,,,,,100.0,100.0,8162.1
823.13,100.0,21844.6,,,,,100.0,100.0,8165.2
824.13,100.0,21944.6,,,,,100.0,100.0,8173.8
825.13,0.0,21944.6,,,,,0.0,0.0,8173.8
826.13,100.0,21903.3,,,,,100.0,100.0,8175.6
827.13,100.0,21861.7,,,,,100.0,100.0,8175.8
828.13,100.0,21820.0,,,,,100.0,100.0,8175.8
829.13,0.0,21820.0,,,,,0.0,0.0,8175.8
830.13,100.0,21719.9,,,,,100.0,100.0,8155.1
831.13,0.0,21761.5,,,,,0.0,0.0,8160.6
832.13,100.0,21803.0,,,,,100.0,100.0,8170.6
833.13,100.0,21803.0,,,,,100.0,100.0,8158.9
834.13,100.0,21823.8,,,,,100.0,100.0,8169.3
835.13,0.0,21878.6,,,,,0.0,0.0,8171.3
836.13,100.0,21944.6,,,,,100.0,100.0,8173.9
837.13,100.0,21903.3,,,,,100.0,100.0,8175.8
838.13,100.0,21861.7,,,,,100.0,100.0,8176.0
839.13,0.0,21861.7,,,,,0.0,0.0,8176.0
840.13,100.0,21820.0,,,,,100.0,100.0,8176.0
841.13,100.0,21719.8,,,,,100.0,100.0,8163.1
842.13,0.0,21761.5,,,,,0.0,0.0,8155.0
843.13,100.0,21761.5,,,,,100.0,100.0,8162.0
844.13,100.0,21803.0,,,,,100.0,100.0,8152.9
845.13,0.0,21844.6,,,,,0.0,0.0,8159.3
846.13,100.0,21861.6,,,,,100.0,100.0,8168.4
847.13,100.0,21944.6,,,,,100.0,100.0,8174.3
848.13,100.0,21903.3,,,,,100.0,100.0,8176.4
849.13,0.0,21903.3,,,,,0.0,0.0,8176.4
850.13,100.0,21861.7,,,,,100.0,100.0,8176.6
851.13,100.0,21820.0,,,,,100.0,100.0,8176.6
852.13,100.0,21719.8,,,,,100.0,100.0,8176.9
853.13,0.0,21719.9,,,,,0.0,0.0,8163.3
854.13,100.0,21761.5,,,,,100.0,100.0,8170.8
855.13,0.0,21803.0,,,,,0.0,0.0,8160.4
856.13,100.0,21844.6,,,,,100.0,100.0,8172.6
857.13,100.0,21844.6,,,,,100.0,100.0,8172.8
858.13,100.0,21944.6,,,,,100.0,100.0,8175.1
859.13,0.0,21944.6,,,,,0.0,0.0,8175.1
860.13,100.0,21903.3,,,,,100.0,100.0,8176.8
861.13,100.0,21861.7,,,,,100.0,100.0,8177.0
862.13,100.0,21820.0,,,,,100.0,100.0,8177.0
863.13,0.0,21820.0,,,,,0.0,0.0,8177.0
864.13,100.0,21719.9,,,,,100.0,100.0,8171.0
865.14,0.0,21761.5,,,,,0.0,0.0,8160.9
866.14,100.0,21803.0,,,,,100.0,100.0,8171.8
867.14,100.0,21803.0,,,,,100.0,100.0,8159.5
868.14,100.0,21823.8,,,,,100.0,100.0,8169.4
869.14,0.0,21878.6,,,,,0.0,0.0,8172.8
870.14,100.0,21944.6,,,,,100.0,100.0,8175.4
871.14,100.0,21903.3,,,,,100.0,100.0,8177.2
872.14,100.0,21861.7,,,,,100.0,100.0,8177.3
873.14,0.0,21861.7,,,,,0.0,0.0,8177.3
874.14,100.0,21820.0,,,,,100.0,100.0,8177.3
875.14,100.0,21719.8,,,,,100.0,100.0,8161.4
876.14,0.0,21761.5,,,,,0.0,0.0,8153.5
877.14,100.0,21761.5,,,,,100.0,100.0,8160.1
878.14,100.0,21803.0,,,,,100.0,100.0,8172.0
879.14,0.0,21844.6,,,,,0.0,0.0,8159.2
880.14,100.0,21861.6,,,,,100.0,100.0,8168.2
881.14,100.0,21944.6,,,,,100.0,100.0,8175.4
882.14,100.0,21903.3,,,,,100.0,100.0,8177.2
883.14,0.0,21903.3,,,,,0.0,0.0,8177.2
884.14,100.0,21861.7,,,,,100.0,100.0,8177.4
885.14,100.0,21820.0,,,,,100.0,100.0,8177.4
886.14,100.0,21719.8,,,,,100.0,100.0,8177.6
887.14,0.0,21719.9,,,,,0.0,0.0,8162.7
888.14,100.0,21761.5,,,,,100.0,100.0,8163.6
889.14,0.0,21803.0,,,,,0.0,0.0,8167.9
890.14,100.0,21823.8,,,,,100.0,100.0,8161.6
891.14,100.0,21844.6,,,,,100.0,100.0,8166.5
892.14,100.0,21944.6,,,,,100.0,100.0,8175.9
893.14,0.0,21944.6,,,,,0.0,0.0,8175.9
894.14,100.0,21903.3,,,,,100.0,100.0,8178.0
895.14,100.0,21861.7,,,,,100.0,100.0,8178.1
896.14,100.0,21820.0,,,,,100.0,100.0,8178.1
897.14,0.0,21820.0,,,,,0.0,0.0,8178.1
898.14,100.0,21719.9,,,,,100.0,100.0,8172.2
899.14,0.0,21761.5,,,,,0.0,0.0,8161.4
900.14,100.0,21803.0,,,,,100.0,100.0,8173.1
901.14,100.0,21803.0,,,,,100.0,100.0,8159.8
902.14,100.0,21803.0,,,,,100.0,100.0,8168.9
903.14,0.0,21878.6,,,,,0.0,0.0,8173.7
904.14,100.0,21944.6,,,,,100.0,100.0,8176.3
905.14,100.0,21903.3,,,,,100.0,100.0,8178.0
906.14,100.0,21861.7,,,,,100.0,100.0,8178.2
907.14,0.0,21861.7,,,,,0.0,0.0,8178.2
908.14,100.0,21820.0,,,,,100.0,100.0,8178.2
909.14,100.0,21719.8,,,,,100.0,100.0,8160.4
910.14,0.0,21761.5,,,,,0.0,0.0,8154.0
911.14,100.0,21761.5,,,,,100.0,100.0,8159.6
912.14,100.0,21782.3,,,,,100.0,100.0,8170.3
913.14,0.0,21844.6,,,,,0.0,0.0,8160.5
914.14,100.0,21844.6,,,,,100.0,100.0,8167.8
915.14,100.0,21944.6,,,,,100.0,100.0,8176.6
916.14,100.0,21903.3,,,,,100.0,100.0,8178.5
917.14,0.0,21903.3,,,,,0.0,0.0,8178.5
918.14,100.0,21861.7,,,,,100.0,100.0,8178.7
919.14,100.0,21820.0,,,,,100.0,100.0,8178.7
920.14,100.0,21719.8,,,,,100.0,100.0,8178.9
921.14,0.0,21719.9,,,,,0.0,0.0,8162.4
922.14,100.0,21761.5,,,,,100.0,100.0,8172.8
923.14,0.0,21803.0,,,,,0.0,0.0,8173.7
924.14,100.0,21823.8,,,,,100.0,100.0,8172.2
925.14,100.0,21844.6,,,,,100.0,100.0,8174.6
926.14,100.0,21944.6,,,,,100.0,100.0,8177.1
927.14,0.0,21944.6,,,,,0.0,0.0,8177.1
928.14,100.0,21903.3,,,,,100.0,100.0,8178.8
929.14,100.0,21861.7,,,,,100.0,100.0,8179.0
930.15,100.0,21820.0,,,,,100.0,100.0,8179.0
931.15,0.0,21820.0,,,,,0.0,0.0,8179.0
932.15,100.0,21719.9,,,,,100.0,100.0,8173.1
933.15,0.0,21761.5,,,,,0.0,0.0,8162.1
934.15,100.0,21802.3,,,,,100.0,100.0,8173.9
935.15,100.0,21803.0,,,,,100.0,100.0,8160.6
936.15,100.0,21803.0,,,,,100.0,100.0,8166.9
937.15,0.0,21878.6,,,,,0.0,0.0,8174.5
938.15,100.0,21944.6,,,,,100.0,100.0,8177.1
939.15,100.0,21903.3,,,,,100.0,100.0,8178.7
940.15,100.0,21861.7,,,,,100.0,100.0,8178.9
941.15,0.0,21861.7,,,,,0.0,0.0,8178.9
942.15,100.0,21820.0,,,,,100.0,100.0,8178.9
943.15,100.0,21719.8,,,,,100.0,100.0,8160.4
944.15,0.0,21761.5,,,,,0.0,0.0,8173.4
945.15,100.0,21761.5,,,,,100.0,100.0,8161.2
946.15,100.0,21782.3,,,,,100.0,100.0,8171.0
947.15,0.0,21844.6,,,,,0.0,0.0,8161.2
948.15,100.0,21861.6,,,,,100.0,100.0,8170.2
949.15,100.0,21944.6,,,,,100.0,100.0,8177.4
950.15,100.0,21903.3,,,,,100.0,100.0,8179.3
951.15,0.0,21903.3,,,,,0.0,0.0,8179.3
952.15,100.0,21861.7,,,,,100.0,100.0,8179.5
953.15,100.0,21820.0,,,,,100.0,100.0,8179.5
954.15,100.0,21719.8,,,,,100.0,100.0,8179.7
955.15,0.0,21719.9,,,,,0.0,0.0,8162.0
956.15,100.0,21761.5,,,,,100.0,100.0,8173.6
957.15,0.0,21803.0,,,,,0.0,0.0,8167.8
958.15,100.0,21823.8,,,,,100.0,100.0,8172.5
959.15,100.0,21844.6,,,,,100.0,100.0,8168.1
960.15,100.0,21944.6,,,,,100.0,100.0,8177.8
961.15,0.0,21944.6,,,,,0.0,0.0,8177.8
962.15,100.0,21903.3,,,,,100.0,100.0,8179.6
963.15,100.0,21861.7,,,,,100.0,100.0,8179.8
964.15,100.0,21820.0,,,,,100.0,100.0,8179.8
965.15,0.0,21820.0,,,,,0.0,0.0,8179.8
966.15,100.0,21719.9,,,,,100.0,100.0,8173.9
967.15,0.0,21761.5,,,,,0.0,0.0,8162.1
968.15,100.0,21803.0,,,,,100.0,100.0,8174.6
969.15,100.0,21803.0,,,,,100.0,100.0,8161.6
970.15,100.0,21803.0,,,,,100.0,100.0,8168.5
971.15,0.0,21878.6,,,,,0.0,0.0,8175.4
972.15,100.0,21944.6,,,,,100.0,100.0,8178.1
973.15,100.0,21903.3,,,,,100.0,100.0,8180.3
974.15,100.0,21861.7,,,,,100.0,100.0,8180.5
975.15,0.0,21861.7,,,,,0.0,0.0,8180.5
976.15,100.0,21820.0,,,,,100.0,100.0,8180.5
977.15,100.0,21719.8,,,,,100.0,100.0,8161.1
978.15,0.0,21761.5,,,,,0.0,0.0,8174.5
979.15,100.0,21761.5,,,,,100.0,100.0,8160.5
980.15,100.0,21782.3,,,,,100.0,100.0,8169.7
981.15,0.0,21844.6,,,,,0.0,0.0,8169.9
982.15,100.0,21844.6,,,,,100.0,100.0,8174.3
983.15,100.0,21944.6,,,,,100.0,100.0,8178.7
984.15,100.0,21903.3,,,,,100.0,100.0,8180.6
985.15,0.0,21903.3,,,,,0.0,0.0,8180.6
986.15,100.0,21861.7,,,,,100.0,100.0,8180.7
987.15,100.0,21820.0,,,,,100.0,100.0,8180.7
988.15,100.0,21719.8,,,,,100.0,100.0,8180.8
989.15,0.0,21719.9,,,,,0.0,0.0,8174.8
990.15,100.0,21761.5,,,,,100.0,100.0,8174.7
991.15,0.0,21803.0,,,,,0.0,0.0,8175.9
992.15,100.0,21803.0,,,,,100.0,100.0,8167.7
993.15,100.0,21844.6,,,,,100.0,100.0,8176.6
994.15,100.0,21944.6,,,,,100.0,100.0,8179.1
995.16,0.0,21944.6,,,,,0.0,0.0,8179.1
996.16,100.0,21903.3,,,,,100.0,100.0,8180.7
997.16,100.0,21861.7,,,,,100.0,100.0,8180.9
998.16,100.0,21820.0,,,,,100.0,100.0,8180.9
999.16,0.0,21820.0,,,,,0.0,0.0,8180.9
1000.16,100.0,21719.9,,,,,100.0,100.0,8174.7
1001.16,0.0,21761.5,,,,,0.0,0.0,8162.6
1002.16,100.0,21782.3,,,,,100.0,100.0,8172.0
1003.16,100.0,21803.0,,,,,100.0,100.0,8175.9
1004.16,100.0,21803.0,,,,,100.0,100.0,8166.4
1005.16,0.0,21878.6,,,,,0.0,0.0,8176.4
1006.16,100.0,21944.6,,,,,100.0,100.0,8179.2
1007.16,100.0,21903.3,,,,,100.0,100.0,8181.0
1008.16,100.0,21861.7,,,,,100.0,100.0,8181.2
1009.16,0.0,21861.7,,,,,0.0,0.0,8181.2
1010.16,100.0,21820.0,,,,,100.0,100.0,8181.2
1011.16,100.0,21719.8,,,,,100.0,100.0,8160.5
1012.16,0.0,21761.5,,,,,0.0,0.0,8175.1
1013.16,100.0,21761.5,,,,,100.0,100.0,8161.7
1014.16,100.0,21761.5,,,,,100.0,100.0,8170.9
1015.16,0.0,21844.6,,,,,0.0,0.0,8161.1
1016.16,100.0,21844.6,,,,,100.0,100.0,8165.5
1017.16,100.0,21944.6,,,,,100.0,100.0,8179.3
1018.16,100.0,21903.3,,,,,100.0,100.0,8180.9
1019.16,0.0,21903.3,,,,,0.0,0.0,8180.9
1020.16,100.0,21861.7,,,,,100.0,100.0,8181.1
1021.16,100.0,21820.0,,,,,100.0,100.0,8181.2
1022.16,100.0,21719.8,,,,,100.0,100.0,8181.3
1023.16,0.0,21719.9,,,,,0.0,0.0,8175.5
1024.16,100.0,21761.5,,,,,100.0,100.0,8165.1
1025.16,0.0,21803.0,,,,,0.0,0.0,8169.0
1026.16,100.0,21803.0,,,,,100.0,100.0,8169.5
1027.16,100.0,21844.6,,,,,100.0,100.0,8159.5
1028.16,100.0,21944.6,,,,,100.0,100.0,8179.7
1029.16,0.0,21944.6,,,,,0.0,0.0,8179.7
1030.16,100.0,21903.3,,,,,100.0,100.0,8181.4
1031.16,100.0,21861.7,,,,,100.0,100.0,8181.6
1032.16,100.0,21820.0,,,,,100.0,100.0,8181.6
1033.16,0.0,21820.0,,,,,0.0,0.0,8181.6
1034.16,100.0,21719.9,,,,,100.0,100.0,8175.5
1035.16,0.0,21761.5,,,,,0.0,0.0,8162.4
1036.16,100.0,21761.5,,,,,100.0,100.0,8169.2
1037.16,100.0,21803.0,,,,,100.0,100.0,8176.7
1038.16,100.0,21803.0,,,,,100.0,100.0,8167.7
1039.16,0.0,21878.6,,,,,0.0,0.0,8177.2
1040.16,100.0,21944.6,,,,,100.0,100.0,8179.9
1041.16,100.0,21903.3,,,,,100.0,100.0,8181.8
1042.16,100.0,21861.7,,,,,100.0,100.0,8181.9
1043.16,0.0,21861.7,,,,,0.0,0.0,8181.9
1044.16,100.0,21820.0,,,,,100.0,100.0,8181.9
1045.16,100.0,21719.8,,,,,100.0,100.0,8160.9
1046.16,0.0,21740.7,,,,,0.0,0.0,8175.1
1047.16,100.0,21761.5,,,,,100.0,100.0,8161.9
1048.16,100.0,21761.5,,,,,100.0,100.0,8168.9
1049.16,0.0,21844.6,,,,,0.0,0.0,8159.1
1050.16,100.0,21844.6,,,,,100.0,100.0,8165.0
1051.16,100.0,21944.6,,,,,100.0,100.0,8180.4
1052.16,100.0,21903.1,,,,,100.0,100.0,8182.0
1053.16,0.0,21903.3,,,,,0.0,0.0,8182.1
1054.16,100.0,21861.7,,,,,100.0,100.0,8182.3
1055.16,100.0,21820.0,,,,,100.0,100.0,8182.3
1056.16,100.0,21719.9,,,,,100.0,100.0,8182.4
1057.16,1.22,21719.9,,,,,1.22,1.23,8176.5
1058.16,100.0,21740.7,,,,,100.0,100.0,8174.8
1059.16,0.0,21803.0,,,,,0.0,0.0,8168.0
1060.17,100.0,21803.0,,,,,100.0,100.0,8166.5
1061.17,100.0,21844.6,,,,,100.0,100.0,8168.6
1062.17,0.0,21878.6,,,,,0.0,0.0,8177.7
1063.17,100.0,21944.6,,,,,100.0,100.0,8180.3
1064.17,100.0,21903.3,,,,,100.0,100.0,8182.0
1065.17,100.0,21861.7,,,,,100.0,100.0,8182.2
1066.17,0.0,21861.7,,,,,0.0,0.0,8182.2
1067.17,100.0,21820.0,,,,,100.0,100.0,8182.2
1068.17,100.0,21685.8,,,,,100.0,100.0,8174.7
1069.17,0.0,21761.5,,,,,0.0,0.0,8176.8
1070.17,100.0,21761.5,,,,,100.0,100.0,8169.0
1071.17,100.0,21803.0,,,,,100.0,100.0,8177.6
1072.17,0.0,21844.6,,,,,0.0,0.0,8168.9
1073.17,100.0,21861.6,,,,,100.0,100.0,8176.6
1074.17,100.0,21944.6,,,,,100.0,100.0,8180.8
1075.17,100.0,21903.3,,,,,100.0,100.0,8182.6
1076.17,0.0,21903.3,,,,,0.0,0.0,8182.6
1077.17,100.0,21861.7,,,,,100.0,100.0,8182.7
1078.17,100.0,21820.0,,,,,100.0,100.0,8182.7
1079.17,100.0,21719.8,,,,,100.0,100.0,8161.3
1080.17,0.0,21719.9,,,,,0.0,0.0,8171.5
1081.17,100.0,21761.5,,,,,100.0,100.0,8162.2
1082.17,0.0,21803.0,,,,,0.0,0.0,8166.9
1083.17,100.0,21844.6,,,,,100.0,100.0,8178.6
1084.17,100.0,21844.6,,,,,100.0,100.0,8164.5
1085.17,100.0,21944.6,,,,,100.0,100.0,8181.2
1086.17,0.0,21944.6,,,,,0.0,0.0,8181.2
1087.17,100.0,21903.3,,,,,100.0,100.0,8182.9
1088.17,100.0,21861.7,,,,,100.0,100.0,8183.1
1089.17,100.0,21820.0,,,,,100.0,100.0,8183.1
1090.17,0.0,21820.0,,,,,0.0,0.0,8183.1
1091.17,100.0,21719.9,,,,,100.0,100.0,8177.1
1092.17,0.0,21761.5,,,,,0.0,0.0,8170.2
1093.17,100.0,21803.0,,,,,100.0,100.0,8170.2
1094.17,100.0,21803.0,,,,,100.0,100.0,8166.0
1095.17,100.0,21844.6,,,,,100.0,100.0,8161.7
1096.17,0.0,21878.6,,,,,0.0,0.0,8178.6
1097.17,100.0,21944.6,,,,,100.0,100.0,8181.3
1098.17,100.0,21903.3,,,,,100.0,100.0,8183.1
1099.17,100.0,21861.7,,,,,100.0,100.0,8183.3
1100.17,0.0,21861.7,,,,,0.0,0.0,8183.3
1101.17,100.0,21820.0,,,,,100.0,100.0,8183.3
1102.17,100.0,21719.8,,,,,100.0,100.0,8170.9
1103.17,0.0,21761.5,,,,,0.0,0.0,8177.5
1104.17,100.0,21761.5,,,,,100.0,100.0,8167.8
1105.17,100.0,21803.0,,,,,100.0,100.0,8178.3
1106.17,0.0,21844.6,,,,,0.0,0.0,8167.1
1107.17,100.0,21878.6,,,,,100.0,100.0,8178.6
1108.17,100.0,21944.6,,,,,100.0,100.0,8181.6
1109.17,100.0,21903.3,,,,,100.0,100.0,8183.4
1110.17,0.0,21903.3,,,,,0.0,0.0,8183.4
1111.17,100.0,21861.7,,,,,100.0,100.0,8183.6
1112.17,100.0,21820.0,,,,,100.0,100.0,8183.6
1113.17,100.0,21719.8,,,,,100.0,100.0,8161.3
1114.17,0.0,21719.9,,,,,0.0,0.0,8168.8
1115.17,100.0,21761.5,,,,,100.0,100.0,8158.9
1116.17,0.0,21803.0,,,,,0.0,0.0,8165.8
1117.17,100.0,21844.6,,,,,100.0,100.0,8179.1
1118.17,100.0,21844.6,,,,,100.0,100.0,8165.6
1119.17,100.0,21944.6,,,,,100.0,100.0,8181.9
1120.17,0.0,21944.6,,,,,0.0,0.0,8181.9
1121.17,100.0,21903.3,,,,,100.0,100.0,8183.8
1122.17,100.0,21861.7,,,,,100.0,100.0,8183.9
1123.17,100.0,21820.0,,,,,100.0,100.0,8184.0
1124.17,0.0,21820.0,,,,,0.0,0.0,8184.0
1125.18,100.0,21719.9,,,,,100.0,100.0,8178.1
1126.18,0.0,21761.5,,,,,0.0,0.0,8168.3
1127.18,100.0,21803.0,,,,,100.0,100.0,8169.9
1128.18,100.0,21803.0,,,,,100.0,100.0,8173.1
1129.18,100.0,21823.8,,,,,100.0,100.0,8177.0
1130.18,0.0,21878.6,,,,,0.0,0.0,8179.7
1131.18,100.0,21944.6,,,,,100.0,100.0,8182.3
1132.18,100.0,21903.3,,,,,100.0,100.0,8184.1
1133.18,100.0,21861.7,,,,,100.0,100.0,8184.3
1134.18,0.0,21861.7,,,,,0.0,0.0,8184.3
1135.18,100.0,21820.0,,,,,100.0,100.0,8184.4
1136.18,100.0,21719.8,,,,,100.0,100.0,8169.8
1137.18,0.0,21761.5,,,,,0.0,0.0,8178.7
1138.18,100.0,21761.5,,,,,100.0,100.0,8167.8
1139.18,100.0,21803.0,,,,,100.0,100.0,8179.3
1140.18,0.0,21844.6,,,,,0.0,0.0,8167.2
1141.18,100.0,21844.6,,,,,100.0,100.0,8176.6
1142.18,100.0,21944.6,,,,,100.0,100.0,8182.6
1143.18,100.0,21903.3,,,,,100.0,100.0,8184.4
1144.18,0.0,21903.3,,,,,0.0,0.0,8184.4
1145.18,100.0,21861.7,,,,,100.0,100.0,8184.6
1146.18,100.0,21820.0,,,,,100.0,100.0,8184.6
1147.18,100.0,21719.8,,,,,100.0,100.0,8160.9
1148.18,0.0,21719.9,,,,,0.0,0.0,8170.3
1149.18,100.0,21761.5,,,,,100.0,100.0,8179.3
1150.18,0.0,21803.0,,,,,0.0,0.0,8168.1
1151.18,100.0,21844.6,,,,,100.0,100.0,8180.5
1152.18,100.0,21844.6,,,,,100.0,100.0,8167.1
1153.18,100.0,21944.6,,,,,100.0,100.0,8183.0
1154.18,0.0,21944.6,,,,,0.0,0.0,8183.0
1155.18,100.0,21903.3,,,,,100.0,100.0,8184.7
1156.18,100.0,21861.7,,,,,100.0,100.0,8184.8
1157.18,100.0,21820.0,,,,,100.0,100.0,8184.9
1158.18,0.0,21820.0,,,,,0.0,0.0,8184.9
1159.18,100.0,21719.9,,,,,100.0,100.0,8178.9
1160.18,0.0,21761.5,,,,,0.0,0.0,8168.3
1161.18,100.0,21803.0,,,,,100.0,100.0,8170.1
1162.18,100.0,21803.0,,,,,100.0,100.0,8173.4
1163.18,100.0,21803.0,,,,,100.0,100.0,8177.6
1164.18,0.0,21878.6,,,,,0.0,0.0,8180.5
1165.18,100.0,21944.6,,,,,100.0,100.0,8183.1
1166.18,100.0,21903.3,,,,,100.0,100.0,8184.8
1167.18,100.0,21861.7,,,,,100.0,100.0,8185.0
1168.18,0.0,21861.7,,,,,0.0,0.0,8185.0
1169.18,100.0,21820.0,,,,,100.0,100.0,8185.0
1170.18,100.0,21719.8,,,,,100.0,100.0,8169.3
1171.18,0.0,21761.5,,,,,0.0,0.0,8179.1
1172.18,100.0,21761.5,,,,,100.0,100.0,8167.7
1173.18,100.0,21803.0,,,,,100.0,100.0,8179.9
1174.18,0.0,21844.6,,,,,0.0,0.0,8180.8
1175.18,100.0,21844.6,,,,,100.0,100.0,8174.2
1176.18,100.0,21944.6,,,,,100.0,100.0,8183.3
1177.18,100.0,21903.3,,,,,100.0,100.0,8185.1
1178.18,0.0,21903.3,,,,,0.0,0.0,8185.1
1179.18,100.0,21861.7,,,,,100.0,100.0,8185.3
1180.18,100.0,21820.0,,,,,100.0,100.0,8185.3
1181.18,100.0,21719.8,,,,,100.0,100.0,8160.5
1182.18,0.0,21719.9,,,,,0.0,0.0,8170.4
1183.18,100.0,21761.5,,,,,100.0,100.0,8180.4
1184.18,0.0,21803.0,,,,,0.0,0.0,8168.2
1185.19,100.0,21844.6,,,,,100.0,100.0,8180.9
1186.19,100.0,21844.6,,,,,100.0,100.0,8167.8
1187.19,100.0,21944.6,,,,,100.0,100.0,8183.6
1188.19,0.0,21944.6,,,,,0.0,0.0,8183.6
1189.19,100.0,21903.3,,,,,100.0,100.0,8185.3
1190.19,100.0,21861.7,,,,,100.0,100.0,8185.5
1191.19,100.0,21820.0,,,,,100.0,100.0,8185.5
1192.19,0.0,21820.0,,,,,0.0,0.0,8185.5
1193.19,100.0,21719.9,,,,,100.0,100.0,8160.8
1194.19,0.0,21761.5,,,,,0.0,0.0,8168.4
1195.19,100.0,21803.0,,,,,100.0,100.0,8171.0
1196.19,100.0,21803.0,,,,,100.0,100.0,8174.2
1197.19,100.0,21823.8,,,,,100.0,100.0,8178.0
1198.19,0.0,21878.6,,,,,0.0,0.0,8181.4
1199.19,100.0,21944.6,,,,,100.0,100.0,8183.9
1200.19,100.0,21903.3,,,,,100.0,100.0,8185.7
1201.19,100.0,21861.7,,,,,100.0,100.0,8185.9
1202.19,0.0,21861.7,,,,,0.0,0.0,8185.9
1203.19,100.0,21820.0,,,,,100.0,100.0,8185.9
1204.19,100.0,21719.8,,,,,100.0,100.0,8169.2
1205.19,0.0,21761.5,,,,,0.0,0.0,8179.9
1206.19,100.0,21761.5,,,,,100.0,100.0,8169.1
1207.19,100.0,21803.0,,,,,100.0,100.0,8180.7
1208.19,0.0,21844.6,,,,,0.0,0.0,8181.7
1209.19,100.0,21844.6,,,,,100.0,100.0,8176.7
1210.19,100.0,21944.6,,,,,100.0,100.0,8184.2
1211.19,100.0,21903.3,,,,,100.0,100.0,8186.0
1212.19,0.0,21903.3,,,,,0.0,0.0,8186.0
1213.19,100.0,21861.7,,,,,100.0,100.0,8186.2
1214.19,100.0,21820.0,,,,,100.0,100.0,8186.2
1215.19,100.0,21719.8,,,,,100.0,100.0,8160.2
1216.19,0.0,21719.9,,,,,0.0,0.0,8168.5
1217.19,100.0,21761.5,,,,,100.0,100.0,8180.8
1218.19,0.0,21803.0,,,,,0.0,0.0,8168.5
1219.19,100.0,21823.8,,,,,100.0,100.0,8178.6
1220.19,100.0,21844.6,,,,,100.0,100.0,8166.7
1221.19,100.0,21944.6,,,,,100.0,100.0,8184.5
1222.19,0.0,21944.6,,,,,0.0,0.0,8184.5
1223.19,100.0,21903.3,,,,,100.0,100.0,8186.2
1224.19,100.0,21861.7,,,,,100.0,100.0,8186.4
1225.19,100.0,21820.0,,,,,100.0,100.0,8186.4
1226.19,0.0,21820.0,,,,,0.0,0.0,8186.4
1227.19,100.0,21719.9,,,,,100.0,100.0,8160.9
1228.19,0.0,21761.5,,,,,0.0,0.0,8169.5
1229.19,100.0,21803.0,,,,,100.0,100.0,8181.4
1230.19,100.0,21803.0,,,,,100.0,100.0,8166.9
1231.19,100.0,21803.0,,,,,100.0,100.0,8176.6
1232.19,0.0,21878.6,,,,,0.0,0.0,8182.2
1233.19,100.0,21944.6,,,,,100.0,100.0,8184.8
1234.19,100.0,21903.3,,,,,100.0,100.0,8186.5
1235.19,100.0,21861.7,,,,,100.0,100.0,8186.7
1236.19,0.0,21861.7,,,,,0.0,0.0,8186.7
1237.19,100.0,21820.0,,,,,100.0,100.0,8186.7
1238.19,100.0,21719.8,,,,,100.0,100.0,8168.8
1239.19,0.0,21761.5,,,,,0.0,0.0,8181.0
1240.19,100.0,21761.5,,,,,100.0,100.0,8168.8
1241.19,100.0,21803.0,,,,,100.0,100.0,8181.7
1242.19,0.0,21844.6,,,,,0.0,0.0,8182.6
1243.19,100.0,21844.6,,,,,100.0,100.0,8174.6
1244.19,100.0,21944.6,,,,,100.0,100.0,8185.1
1245.19,100.0,21903.3,,,,,100.0,100.0,8186.8
1246.19,0.0,21903.3,,,,,0.0,0.0,8186.8
1247.19,100.0,21861.7,,,,,100.0,100.0,8186.9
1248.19,100.0,21820.0,,,,,100.0,100.0,8186.9
1249.19,100.0,21719.8,,,,,100.0,100.0,8187.1
1250.2,0.0,21719.9,,,,,0.0,0.0,8168.2
1251.2,100.0,21761.5,,,,,100.0,100.0,8180.9
1252.2,0.0,21803.0,,,,,0.0,0.0,8168.2
1253.2,100.0,21803.0,,,,,100.0,100.0,8176.5
1254.2,100.0,21844.6,,,,,100.0,100.0,8164.7
1255.2,100.0,21944.6,,,,,100.0,100.0,8185.1
1256.2,0.0,21944.6,,,,,0.0,0.0,8185.1
1257.2,100.0,21903.3,,,,,100.0,100.0,8186.8
1258.2,100.0,21861.7,,,,,100.0,100.0,8187.0
1259.2,100.0,21820.0,,,,,100.0,100.0,8187.0
1260.2,0.0,21820.0,,,,,0.0,0.0,8187.0
1261.2,100.0,21719.9,,,,,100.0,100.0,8160.9
1262.2,0.0,21761.5,,,,,0.0,0.0,8168.4
1263.2,100.0,21803.0,,,,,100.0,100.0,8181.7
1264.2,100.0,21803.0,,,,,100.0,100.0,8167.7
1265.2,100.0,21823.8,,,,,100.0,100.0,8180.7
1266.2,0.0,21878.6,,,,,0.0,0.0,8182.8
1267.2,100.0,21944.6,,,,,100.0,100.0,8185.4
1268.2,100.0,21903.3,,,,,100.0,100.0,8187.2
1269.2,100.0,21861.7,,,,,100.0,100.0,8187.4
1270.2,0.0,21861.7,,,,,0.0,0.0,8187.4
1271.2,100.0,21820.0,,,,,100.0,100.0,8187.4
1272.2,100.0,21719.8,,,,,100.0,100.0,8168.9
1273.2,0.0,21761.5,,,,,0.0,0.0,8181.5
1274.2,100.0,21761.5,,,,,100.0,100.0,8181.6
1275.2,100.0,21782.3,,,,,100.0,100.0,8180.5
1276.2,0.0,21844.6,,,,,0.0,0.0,8183.1
1277.2,100.0,21844.6,,,,,100.0,100.0,8174.3
1278.2,100.0,21944.6,,,,,100.0,100.0,8185.6
1279.2,100.0,21903.3,,,,,100.0,100.0,8187.5
1280.2,0.0,21903.3,,,,,0.0,0.0,8187.5
1281.2,100.0,21861.7,,,,,100.0,100.0,8187.7
1282.2,100.0,21820.0,,,,,100.0,100.0,8187.7
1283.2,100.0,21719.8,,,,,100.0,100.0,8187.8
1284.2,0.0,21719.9,,,,,0.0,0.0,8169.5
1285.2,100.0,21761.5,,,,,100.0,100.0,8181.5
1286.2,0.0,21803.0,,,,,0.0,0.0,8167.9
1287.2,100.0,21803.0,,,,,100.0,100.0,8172.2
1288.2,100.0,21844.6,,,,,100.0,100.0,8183.4
1289.2,100.0,21944.6,,,,,100.0,100.0,8185.9
1290.2,0.0,21944.6,,,,,0.0,0.0,8185.9
1291.2,100.0,21903.3,,,,,100.0,100.0,8187.7
1292.2,100.0,21861.7,,,,,100.0,100.0,8187.9
1293.2,100.0,21820.0,,,,,100.0,100.0,8187.9
1294.2,0.0,21820.0,,,,,0.0,0.0,8187.9
1295.2,100.0,21719.9,,,,,100.0,100.0,8161.7
1296.2,0.0,21761.5,,,,,0.0,0.0,8168.7
1297.2,100.0,21782.3,,,,,100.0,100.0,8181.8
1298.2,100.0,21803.0,,,,,100.0,100.0,8168.8
1299.2,100.0,21823.8,,,,,100.0,100.0,8179.8
1300.2,0.0,21878.6,,,,,0.0,0.0,8183.6
1301.2,100.0,21944.6,,,,,100.0,100.0,8186.2
1302.2,100.0,21903.3,,,,,100.0,100.0,8187.9
1303.2,100.0,21861.7,,,,,100.0,100.0,8188.1
1304.2,0.0,21861.7,,,,,0.0,0.0,8188.1
1305.2,100.0,21820.0,,,,,100.0,100.0,8188.1
1306.2,100.0,21719.8,,,,,100.0,100.0,8169.1
1307.2,0.0,21761.5,,,,,0.0,0.0,8182.3
1308.2,100.0,21761.5,,,,,100.0,100.0,8168.5
1309.2,100.0,21782.3,,,,,100.0,100.0,8171.6
1310.2,0.0,21844.6,,,,,0.0,0.0,8176.5
1311.2,100.0,21861.6,,,,,100.0,100.0,8178.4
1312.21,100.0,21944.6,,,,,100.0,100.0,8186.4
1313.21,100.0,21903.3,,,,,100.0,100.0,8188.1
1314.21,0.0,21903.3,,,,,0.0,0.0,8188.1
1315.21,100.0,21861.7,,,,,100.0,100.0,8188.2
1316.21,100.0,21820.0,,,,,100.0,100.0,8188.2
1317.21,100.0,21719.8,,,,,100.0,100.0,8188.4
1318.21,0.0,21719.9,,,,,0.0,0.0,8168.6
1319.21,100.0,21740.7,,,,,100.0,100.0,8181.1
1320.21,0.0,21803.0,,,,,0.0,0.0,8167.9
1321.21,100.0,21823.8,,,,,100.0,100.0,8177.1
1322.21,100.0,21844.6,,,,,100.0,100.0,8184.0
1323.21,100.0,21944.6,,,,,100.0,100.0,8186.4
1324.21,0.0,21944.6,,,,,0.0,0.0,8186.4
1325.21,100.0,21903.3,,,,,100.0,100.0,8188.2
1326.21,100.0,21861.7,,,,,100.0,100.0,8188.4
1327.21,100.0,21820.0,,,,,100.0,100.0,8188.4
1328.21,0.0,21820.0,,,,,0.0,0.0,8188.4
1329.21,100.0,21719.9,,,,,100.0,100.0,8182.4
1330.21,0.0,21761.5,,,,,0.0,0.0,8168.5
1331.21,100.0,21782.3,,,,,100.0,100.0,8180.2
1332.21,100.0,21803.0,,,,,100.0,100.0,8167.4
1333.21,100.0,21803.0,,,,,100.0,100.0,8176.1
1334.21,0.0,21878.6,,,,,0.0,0.0,8184.1
1335.21,100.0,21944.6,,,,,100.0,100.0,8186.9
1336.21,100.0,21903.3,,,,,100.0,100.0,8188.5
1337.21,100.0,21861.7,,,,,100.0,100.0,8188.7
1338.21,0.0,21861.7,,,,,0.0,0.0,8188.7
1339.21,100.0,21820.0,,,,,100.0,100.0,8188.7
1340.21,100.0,21719.8,,,,,100.0,100.0,8168.9
1341.21,0.0,21761.5,,,,,0.0,0.0,8182.4
1342.21,100.0,21761.5,,,,,100.0,100.0,8174.8
1343.21,100.0,21761.5,,,,,100.0,100.0,8176.0
1344.21,0.0,21844.6,,,,,0.0,0.0,8176.4
1345.21,100.0,21844.6,,,,,100.0,100.0,8171.7
1346.21,100.0,21944.6,,,,,100.0,100.0,8187.1
1347.21,100.0,21903.3,,,,,100.0,100.0,8188.8
1348.21,0.0,21903.3,,,,,0.0,0.0,8188.8
1349.21,100.0,21861.7,,,,,100.0,100.0,8189.0
1350.21,100.0,21820.0,,,,,100.0,100.0,8189.0
1351.21,100.0,21719.8,,,,,100.0,100.0,8189.1
1352.21,0.0,21719.9,,,,,0.0,0.0,8168.9
1353.21,100.0,21740.7,,,,,100.0,100.0,8179.8
1354.21,0.0,21803.0,,,,,0.0,0.0,8184.2
1355.21,100.0,21803.0,,,,,100.0,100.0,8172.0
1356.21,100.0,21844.6,,,,,100.0,100.0,8184.9
1357.21,100.0,21944.6,,,,,100.0,100.0,8187.5
1358.21,0.0,21944.6,,,,,0.0,0.0,8187.5
1359.21,100.0,21903.3,,,,,100.0,100.0,8189.2
1360.21,100.0,21861.7,,,,,100.0,100.0,8189.4
1361.21,100.0,21820.0,,,,,100.0,100.0,8189.4
1362.21,0.0,21820.0,,,,,0.0,0.0,8189.4
1363.21,100.0,21719.9,,,,,100.0,100.0,8183.1
1364.21,0.0,21761.5,,,,,0.0,0.0,8169.0
1365.21,100.0,21761.5,,,,,100.0,100.0,8177.0
1366.21,100.0,21803.0,,,,,100.0,100.0,8165.6
1367.21,100.0,21803.0,,,,,100.0,100.0,8172.3
1368.21,0.0,21878.6,,,,,0.0,0.0,8184.7
1369.21,100.0,21944.6,,,,,100.0,100.0,8187.7
1370.21,100.0,21903.3,,,,,100.0,100.0,8189.5
1371.21,100.0,21861.7,,,,,100.0,100.0,8189.7
1372.21,0.0,21861.7,,,,,0.0,0.0,8189.7
1373.21,100.0,21820.0,,,,,100.0,100.0,8189.7
1374.21,100.0,21719.8,,,,,100.0,100.0,8189.9
1375.21,0.0,21740.7,,,,,0.0,0.0,8182.7
1376.21,100.0,21761.5,,,,,100.0,100.0,8184.0
1377.22,100.0,21761.5,,,,,100.0,100.0,8177.0
1378.22,0.0,21844.6,,,,,0.0,0.0,8180.9
1379.22,100.0,21844.6,,,,,100.0,100.0,8178.6
1380.22,100.0,21944.6,,,,,100.0,100.0,8188.0
1381.22,100.0,21903.1,,,,,100.0,100.0,8189.5
1382.22,0.0,21903.3,,,,,0.0,0.0,8189.7
1383.22,100.0,21861.7,,,,,100.0,100.0,8189.9
1384.22,100.0,21820.0,,,,,100.0,100.0,8189.9
1385.22,100.0,21731.6,,,,,100.0,100.0,8189.9
1386.22,1.23,21719.9,,,,,1.22,1.23,8170.1
1387.22,100.0,21719.9,,,,,100.0,100.0,8180.8
1388.22,0.0,21803.0,,,,,0.0,0.0,8185.2
1389.22,100.0,21803.0,,,,,100.0,100.0,8174.4
1390.22,100.0,21844.6,,,,,100.0,100.0,8186.0
1391.22,100.0,21944.6,,,,,100.0,100.0,8187.1
1392.22,0.0,21944.6,,,,,0.0,0.0,8188.4
1393.22,100.0,21903.3,,,,,100.0,100.0,8190.0
1394.22,100.0,21861.7,,,,,100.0,100.0,8190.2
1395.22,100.0,21854.1,,,,,100.0,100.0,8190.2
1396.22,0.0,21820.0,,,,,0.0,0.0,8190.2
1397.22,100.0,21719.9,,,,,100.0,100.0,8183.9
1398.22,0.0,21761.5,,,,,0.0,0.0,8169.5
1399.22,100.0,21761.5,,,,,100.0,100.0,8177.1
1400.22,100.0,21803.0,,,,,100.0,100.0,8167.9
1401.22,0.0,21844.6,,,,,0.0,0.0,8175.2
1402.22,100.0,21861.6,,,,,100.0,100.0,8185.0
1403.22,100.0,21944.6,,,,,100.0,100.0,8188.6
1404.22,100.0,21903.3,,,,,100.0,100.0,8190.3
1405.22,0.0,21903.3,,,,,0.0,0.0,8190.3
1406.22,100.0,21861.7,,,,,100.0,100.0,8190.5
1407.22,100.0,21820.0,,,,,100.0,100.0,8190.5
1408.22,100.0,21719.8,,,,,100.0,100.0,8190.8
1409.22,0.0,21719.9,,,,,0.0,0.0,8181.3
1410.22,100.0,21761.5,,,,,100.0,100.0,8167.9
1411.22,0.0,21803.0,,,,,0.0,0.0,8169.5
1412.22,100.0,21803.0,,,,,100.0,100.0,8176.7
1413.22,100.0,21844.6,,,,,100.0,100.0,8185.0
1414.22,100.0,21944.6,,,,,100.0,100.0,8187.5
1415.22,0.0,21944.6,,,,,0.0,0.0,8187.5
1416.22,100.0,21903.3,,,,,100.0,100.0,8189.2
1417.22,100.0,21861.7,,,,,100.0,100.0,8189.4
1418.22,100.0,21820.0,,,,,100.0,100.0,8189.4
1419.22,0.0,21820.0,,,,,0.0,0.0,8189.4
1420.22,100.0,21719.9,,,,,100.0,100.0,8170.2
1421.22,0.0,21782.3,,,,,0.0,0.0,8180.6
1422.22,100.0,21803.0,,,,,100.0,100.0,8184.4
1423.22,100.0,21803.0,,,,,100.0,100.0,8177.2
1424.22,100.0,21844.6,,,,,100.0,100.0,8176.9
1425.22,0.0,21878.6,,,,,0.0,0.0,8185.4
1426.22,100.0,21944.6,,,,,100.0,100.0,8187.9
1427.22,100.0,21903.3,,,,,100.0,100.0,8189.7
1428.22,100.0,21861.7,,,,,100.0,100.0,8189.9
1429.22,0.0,21861.7,,,,,0.0,0.0,8189.9
1430.22,100.0,21820.0,,,,,100.0,100.0,8189.9
1431.22,100.0,21685.8,,,,,100.0,100.0,8179.9
1432.22,0.0,21761.5,,,,,0.0,0.0,8169.9
1433.22,100.0,21761.5,,,,,100.0,100.0,8174.9
1434.22,100.0,21803.0,,,,,100.0,100.0,8184.8
1435.22,0.0,21844.6,,,,,0.0,0.0,8172.9
1436.22,100.0,21861.6,,,,,100.0,100.0,8183.7
1437.22,100.0,21944.6,,,,,100.0,100.0,8188.3
1438.22,100.0,21903.3,,,,,100.0,100.0,8190.0
1439.22,0.0,21903.3,,,,,0.0,0.0,8190.0
1440.22,100.0,21861.7,,,,,100.0,100.0,8190.2
1441.22,100.0,21820.0,,,,,100.0,100.0,8190.2
1442.22,100.0,21719.8,,,,,100.0,100.0,8190.4
1443.23,0.0,21719.9,,,,,0.0,0.0,8180.6
1444.23,100.0,21761.5,,,,,100.0,100.0,8176.8
1445.23,0.0,21803.0,,,,,0.0,0.0,8176.4
1446.23,100.0,21844.6,,,,,100.0,100.0,8177.3
1447.23,100.0,21844.6,,,,,100.0,100.0,8180.2
1448.23,100.0,21944.6,,,,,100.0,100.0,8188.5
1449.23,0.0,21944.6,,,,,0.0,0.0,8188.5
1450.23,100.0,21903.3,,,,,100.0,100.0,8190.2
1451.23,100.0,21861.7,,,,,100.0,100.0,8190.4
1452.23,100.0,21820.0,,,,,100.0,100.0,8190.4
1453.23,0.0,21820.0,,,,,0.0,0.0,8190.4
1454.23,100.0,21719.9,,,,,100.0,100.0,8184.5
1455.23,0.0,21761.5,,,,,0.0,0.0,8179.1
1456.23,100.0,21803.0,,,,,100.0,100.0,8185.5
1457.23,100.0,21803.0,,,,,100.0,100.0,8175.1
1458.23,100.0,21844.6,,,,,100.0,100.0,8186.2
1459.23,0.0,21878.6,,,,,0.0,0.0,8186.1
1460.23,100.0,21944.6,,,,,100.0,100.0,8188.7
1461.23,100.0,21903.3,,,,,100.0,100.0,8190.5
1462.23,100.0,21861.7,,,,,100.0,100.0,8190.7
1463.23,0.0,21861.7,,,,,0.0,0.0,8190.7
1464.23,100.0,21820.0,,,,,100.0,100.0,8190.7
1465.23,100.0,21719.8,,,,,100.0,100.0,8179.7
1466.23,0.0,21761.5,,,,,0.0,0.0,8170.2
1467.23,100.0,21761.5,,,,,100.0,100.0,8176.4
1468.23,100.0,21803.0,,,,,100.0,100.0,8186.0
1469.23,0.0,21844.6,,,,,0.0,0.0,8174.5
1470.23,100.0,21861.6,,,,,100.0,100.0,8185.6
1471.23,100.0,21944.6,,,,,100.0,100.0,8189.2
1472.23,100.0,21903.3,,,,,100.0,100.0,8190.8
1473.23,0.0,21903.3,,,,,0.0,0.0,8190.8
1474.23,100.0,21861.7,,,,,100.0,100.0,8191.0
1475.23,100.0,21820.0,,,,,100.0,100.0,8191.0
1476.23,100.0,21719.8,,,,,100.0,100.0,8191.4
1477.23,0.0,21719.9,,,,,0.0,0.0,8180.0
1478.23,100.0,21761.5,,,,,100.0,100.0,8170.0
1479.23,0.0,21803.0,,,,,0.0,0.0,8175.0
1480.23,100.0,21844.6,,,,,100.0,100.0,8177.6
1481.23,100.0,21844.6,,,,,100.0,100.0,8173.9
1482.23,100.0,21944.6,,,,,100.0,100.0,8189.4
1483.23,0.0,21944.6,,,,,0.0,0.0,8189.4
1484.23,100.0,21903.3,,,,,100.0,100.0,8191.2
1485.23,100.0,21861.7,,,,,100.0,100.0,8191.4
1486.23,100.0,21820.0,,,,,100.0,100.0,8191.4
1487.23,0.0,21820.0,,,,,0.0,0.0,8191.4
1488.23,100.0,21719.9,,,,,100.0,100.0,8185.5
1489.23,0.0,21761.5,,,,,0.0,0.0,8176.6
1490.23,100.0,21803.0,,,,,100.0,100.0,8186.5
1491.23,100.0,21803.0,,,,,100.0,100.0,8174.9
1492.23,100.0,21844.6,,,,,100.0,100.0,8187.2
1493.23,0.0,21878.6,,,,,0.0,0.0,8187.3
1494.23,100.0,21944.6,,,,,100.0,100.0,8189.9
1495.23,100.0,21903.3,,,,,100.0,100.0,8191.5
1496.23,100.0,21861.7,,,,,100.0,100.0,8191.7
1497.23,0.0,21861.7,,,,,0.0,0.0,8191.7
1498.23,100.0,21820.0,,,,,100.0,100.0,8191.7
1499.23,100.0,21719.8,,,,,100.0,100.0,8177.7
1500.23,0.0,21761.5,,,,,0.0,0.0,8168.4
1501.23,100.0,21761.5,,,,,100.0,100.0,8175.3
1502.23,100.0,21803.0,,,,,100.0,100.0,8186.6
1503.23,0.0,21844.6,,,,,0.0,0.0,8174.7
1504.23,100.0,21844.6,,,,,100.0,100.0,8184.1
1505.23,100.0,21944.6,,,,,100.0,100.0,8190.2
1506.23,100.0,21903.3,,,,,100.0,100.0,8192.1
1507.24,0.0,21903.3,,,,,0.0,0.0,8192.1
1508.24,100.0,21861.7,,,,,100.0,100.0,8192.3
1509.24,100.0,21820.0,,,,,100.0,100.0,8192.3
1510.24,100.0,21719.8,,,,,100.0,100.0,8192.5
1511.24,0.0,21719.9,,,,,0.0,0.0,8177.0
1512.24,100.0,21761.5,,,,,100.0,100.0,8167.9
1513.24,0.0,21803.0,,,,,0.0,0.0,8180.9
1514.24,100.0,21844.6,,,,,100.0,100.0,8187.8
1515.24,100.0,21844.6,,,,,100.0,100.0,8181.2
1516.24,100.0,21944.6,,,,,100.0,100.0,8190.6
1517.24,0.0,21944.6,,,,,0.0,0.0,8190.6
1518.24,100.0,21903.3,,,,,100.0,100.0,8192.2
1519.24,100.0,21861.7,,,,,100.0,100.0,8192.4
1520.24,100.0,21820.0,,,,,100.0,100.0,8192.4
1521.24,0.0,21820.0,,,,,0.0,0.0,8192.4
1522.24,100.0,21719.9,,,,,100.0,100.0,8186.5
1523.24,0.0,21761.5,,,,,0.0,0.0,8177.7
1524.24,100.0,21803.0,,,,,100.0,100.0,8187.4
1525.24,100.0,21803.0,,,,,100.0,100.0,8175.4
1526.24,100.0,21823.8,,,,,100.0,100.0,8186.1
1527.24,0.0,21878.6,,,,,0.0,0.0,8188.1
1528.24,100.0,21944.6,,,,,100.0,100.0,8190.7
1529.24,100.0,21903.3,,,,,100.0,100.0,8192.4
1530.24,100.0,21861.7,,,,,100.0,100.0,8192.6
1531.24,0.0,21861.7,,,,,0.0,0.0,8192.6
1532.24,100.0,21820.0,,,,,100.0,100.0,8192.6
1533.24,100.0,21719.8,,,,,100.0,100.0,8177.6
1534.24,0.0,21761.5,,,,,0.0,0.0,8186.8
1535.24,100.0,21761.5,,,,,100.0,100.0,8176.3
1536.24,100.0,21782.3,,,,,100.0,100.0,8185.8
1537.24,0.0,21844.6,,,,,0.0,0.0,8175.6
1538.24,100.0,21861.6,,,,,100.0,100.0,8184.4
1539.24,100.0,21944.6,,,,,100.0,100.0,8190.9
1540.24,100.0,21903.3,,,,,100.0,100.0,8192.6
1541.24,0.0,21903.3,,,,,0.0,0.0,8192.6
1542.24,100.0,21861.7,,,,,100.0,100.0,8192.8
1543.24,100.0,21820.0,,,,,100.0,100.0,8192.8
1544.24,100.0,21719.8,,,,,100.0,100.0,8168.2
1545.24,0.0,21719.9,,,,,0.0,0.0,8177.9
1546.24,100.0,21761.5,,,,,100.0,100.0,8169.2
1547.24,0.0,21803.0,,,,,0.0,0.0,8176.2
1548.24,100.0,21844.6,,,,,100.0,100.0,8188.6
1549.24,100.0,21844.6,,,,,100.0,100.0,8174.9
1550.24,100.0,21944.6,,,,,100.0,100.0,8191.2
1551.24,0.0,21944.6,,,,,0.0,0.0,8191.2
1552.24,100.0,21903.3,,,,,100.0,100.0,8192.9
1553.24,100.0,21861.7,,,,,100.0,100.0,8193.1
1554.24,100.0,21820.0,,,,,100.0,100.0,8193.1
1555.24,0.0,21820.0,,,,,0.0,0.0,8193.1
1556.24,100.0,21719.9,,,,,100.0,100.0,8187.2
1557.24,0.0,21761.5,,,,,0.0,0.0,8177.3
1558.24,100.0,21803.0,,,,,100.0,100.0,8188.1
1559.24,100.0,21803.0,,,,,100.0,100.0,8188.2
1560.24,100.0,21820.3,,,,,100.0,100.0,8183.7
1561.24,0.0,21878.6,,,,,0.0,0.0,8188.9
1562.24,100.0,21944.6,,,,,100.0,100.0,8191.5
1563.24,100.0,21903.3,,,,,100.0,100.0,8193.2
1564.24,100.0,21861.7,,,,,100.0,100.0,8193.4
1565.24,0.0,21861.7,,,,,0.0,0.0,8193.4
1566.24,100.0,21820.0,,,,,100.0,100.0,8193.4
1567.24,100.0,21719.8,,,,,100.0,100.0,8176.8
1568.24,0.0,21761.5,,,,,0.0,0.0,8187.6
1569.24,100.0,21761.5,,,,,100.0,100.0,8176.4
1570.24,100.0,21782.3,,,,,100.0,100.0,8186.0
1571.24,0.0,21844.6,,,,,0.0,0.0,8176.2
1572.25,100.0,21861.6,,,,,100.0,100.0,8183.6
1573.25,100.0,21944.6,,,,,100.0,100.0,8191.8
1574.25,100.0,21903.3,,,,,100.0,100.0,8193.4
1575.25,0.0,21903.3,,,,,0.0,0.0,8193.4
1576.25,100.0,21861.7,,,,,100.0,100.0,8193.6
1577.25,100.0,21820.0,,,,,100.0,100.0,8193.6
1578.25,100.0,21719.8,,,,,100.0,100.0,8168.6
1579.25,0.0,21719.9,,,,,0.0,0.0,8176.3
1580.25,100.0,21761.5,,,,,100.0,100.0,8168.7
1581.25,0.0,21803.0,,,,,0.0,0.0,8175.4
1582.25,100.0,21823.8,,,,,100.0,100.0,8187.2
1583.25,100.0,21844.6,,,,,100.0,100.0,8174.9
1584.25,100.0,21944.6,,,,,100.0,100.0,8192.1
1585.25,0.0,21944.6,,,,,0.0,0.0,8192.1
1586.25,100.0,21903.3,,,,,100.0,100.0,8193.7
1587.25,100.0,21861.7,,,,,100.0,100.0,8193.9
1588.25,100.0,21820.0,,,,,100.0,100.0,8193.9
1589.25,0.0,21820.0,,,,,0.0,0.0,8193.9
1590.25,100.0,21719.9,,,,,100.0,100.0,8187.9
1591.25,0.0,21761.5,,,,,0.0,0.0,8177.1
1592.25,100.0,21803.0,,,,,100.0,100.0,8188.7
1593.25,100.0,21803.0,,,,,100.0,100.0,8188.8
1594.25,100.0,21823.8,,,,,100.0,100.0,8186.4
1595.25,0.0,21878.6,,,,,0.0,0.0,8189.5
1596.25,100.0,21944.6,,,,,100.0,100.0,8192.1
1597.25,100.0,21903.3,,,,,100.0,100.0,8193.9
1598.25,100.0,21861.7,,,,,100.0,100.0,8194.1
1599.25,0.0,21861.7,,,,,0.0,0.0,8194.1
1600.25,100.0,21820.0,,,,,100.0,100.0,8194.1
1601.25,100.0,21719.8,,,,,100.0,100.0,8176.1
1602.25,0.0,21761.5,,,,,0.0,0.0,8188.4
1603.25,100.0,21761.5,,,,,100.0,100.0,8177.4
1604.25,100.0,21803.0,,,,,100.0,100.0,8189.2
1605.25,0.0,21844.6,,,,,0.0,0.0,8176.7
1606.25,100.0,21844.6,,,,,100.0,100.0,8185.4
1607.25,100.0,21944.6,,,,,100.0,100.0,8192.5
1608.25,100.0,21903.3,,,,,100.0,100.0,8194.1
1609.25,0.0,21903.3,,,,,0.0,0.0,8194.1
1610.25,100.0,21861.7,,,,,100.0,100.0,8194.3
1611.25,100.0,21820.0,,,,,100.0,100.0,8194.3
1612.25,100.0,21719.8,,,,,100.0,100.0,8168.3
1613.25,0.0,21719.9,,,,,0.0,0.0,8176.1
1614.25,100.0,21761.5,,,,,100.0,100.0,8189.0
1615.25,0.0,21803.0,,,,,0.0,0.0,8176.0
1616.25,100.0,21803.0,,,,,100.0,100.0,8186.1
1617.25,100.0,21844.6,,,,,100.0,100.0,8175.2
1618.25,100.0,21944.6,,,,,100.0,100.0,8192.7
1619.25,0.0,21944.6,,,,,0.0,0.0,8192.7
1620.25,100.0,21903.3,,,,,100.0,100.0,8194.3
1621.25,100.0,21861.7,,,,,100.0,100.0,8194.5
1622.25,100.0,21820.0,,,,,100.0,100.0,8194.5
1623.25,0.0,21820.0,,,,,0.0,0.0,8194.5
1624.25,100.0,21719.9,,,,,100.0,100.0,8188.7
1625.25,0.0,21761.5,,,,,0.0,0.0,8177.1
1626.25,100.0,21803.0,,,,,100.0,100.0,8189.5
1627.25,100.0,21803.0,,,,,100.0,100.0,8182.5
1628.25,100.0,21803.0,,,,,100.0,100.0,8187.4
1629.25,0.0,21878.6,,,,,0.0,0.0,8190.4
1630.26,100.0,21944.6,,,,,100.0,100.0,8193.0
1631.26,100.0,21903.3,,,,,100.0,100.0,8194.6
1632.26,100.0,21861.7,,,,,100.0,100.0,8194.8
1633.26,0.0,21861.7,,,,,0.0,0.0,8194.8
1634.26,100.0,21820.0,,,,,100.0,100.0,8194.8
1635.26,100.0,21719.8,,,,,100.0,100.0,8175.7
1636.26,0.0,21761.5,,,,,0.0,0.0,8188.9
1637.26,100.0,21761.5,,,,,100.0,100.0,8177.1
1638.26,100.0,21803.0,,,,,100.0,100.0,8190.2
1639.26,0.0,21844.6,,,,,0.0,0.0,8190.7
1640.26,100.0,21844.6,,,,,100.0,100.0,8187.5
1641.26,100.0,21944.6,,,,,100.0,100.0,8193.2
1642.26,100.0,21903.3,,,,,100.0,100.0,8194.8
1643.26,0.0,21903.3,,,,,0.0,0.0,8194.8
1644.26,100.0,21861.7,,,,,100.0,100.0,8195.0
1645.26,100.0,21820.0,,,,,100.0,100.0,8195.0
1646.26,100.0,21719.8,,,,,100.0,100.0,8168.3
1647.26,0.0,21719.9,,,,,0.0,0.0,8175.6
1648.26,100.0,21761.5,,,,,100.0,100.0,8189.1
1649.26,0.0,21803.0,,,,,0.0,0.0,8175.1
1650.26,100.0,21803.0,,,,,100.0,100.0,8178.9
1651.26,100.0,21844.6,,,,,100.0,100.0,8184.0
1652.26,100.0,21944.6,,,,,100.0,100.0,8193.3
1653.26,0.0,21944.6,,,,,0.0,0.0,8193.3
1654.26,100.0,21903.3,,,,,100.0,100.0,8195.1
1655.26,100.0,21861.7,,,,,100.0,100.0,8195.3
1656.26,100.0,21820.0,,,,,100.0,100.0,8195.3
1657.26,0.0,21820.0,,,,,0.0,0.0,8195.3
1658.26,100.0,21719.9,,,,,100.0,100.0,8189.2
1659.26,0.0,21761.5,,,,,0.0,0.0,8182.8
1660.26,100.0,21803.0,,,,,100.0,100.0,8190.0
1661.26,100.0,21803.0,,,,,100.0,100.0,8182.8
1662.26,100.0,21803.0,,,,,100.0,100.0,8184.3
1663.26,0.0,21878.6,,,,,0.0,0.0,8190.7
1664.26,100.0,21944.6,,,,,100.0,100.0,8193.6
1665.26,100.0,21903.3,,,,,100.0,100.0,8195.3
1666.26,100.0,21861.7,,,,,100.0,100.0,8195.4
1667.26,0.0,21861.7,,,,,0.0,0.0,8195.4
1668.26,100.0,21820.0,,,,,100.0,100.0,8195.4
1669.26,100.0,21719.8,,,,,100.0,100.0,8176.3
1670.26,0.0,21761.5,,,,,0.0,0.0,8189.7
1671.26,100.0,21761.5,,,,,100.0,100.0,8176.7
1672.26,100.0,21761.5,,,,,100.0,100.0,8185.4
1673.26,0.0,21844.6,,,,,0.0,0.0,8191.4
1674.26,100.0,21844.6,,,,,100.0,100.0,8179.9
1675.26,100.0,21944.6,,,,,100.0,100.0,8193.9
1676.26,100.0,21903.3,,,,,100.0,100.0,8195.6
1677.26,0.0,21903.3,,,,,0.0,0.0,8195.6
1678.26,100.0,21861.7,,,,,100.0,100.0,8195.8
1679.26,100.0,21820.0,,,,,100.0,100.0,8195.8
1680.26,100.0,21719.8,,,,,100.0,100.0,8167.7
1681.26,0.0,21719.9,,,,,0.0,0.0,8175.2
1682.26,100.0,21761.5,,,,,100.0,100.0,8189.8
1683.26,0.0,21803.0,,,,,0.0,0.0,8175.5
1684.26,100.0,21823.8,,,,,100.0,100.0,8184.9
1685.26,100.0,21844.6,,,,,100.0,100.0,8174.7
1686.26,100.0,21944.6,,,,,100.0,100.0,8193.9
1687.26,0.0,21944.6,,,,,0.0,0.0,8193.9
1688.26,100.0,21903.3,,,,,100.0,100.0,8195.6
1689.26,100.0,21861.7,,,,,100.0,100.0,8195.8
1690.26,100.0,21820.0,,,,,100.0,100.0,8195.8
1691.26,0.0,21820.0,,,,,0.0,0.0,8195.8
1692.26,100.0,21719.9,,,,,100.0,100.0,8189.9
1693.26,0.0,21761.5,,,,,0.0,0.0,8190.1
1694.27,100.0,21778.7,,,,,100.0,100.0,8186.6
1695.27,100.0,21803.0,,,,,100.0,100.0,8182.9
1696.27,100.0,21803.0,,,,,100.0,100.0,8181.7
1697.27,0.0,21878.6,,,,,0.0,0.0,8191.4
1698.27,100.0,21944.6,,,,,100.0,100.0,8194.2
1699.27,100.0,21903.3,,,,,100.0,100.0,8196.0
1700.27,100.0,21861.7,,,,,100.0,100.0,8196.2
1701.27,0.0,21861.7,,,,,0.0,0.0,8196.2
1702.27,100.0,21820.0,,,,,100.0,100.0,8196.2
1703.27,100.0,21719.8,,,,,100.0,100.0,8175.7
1704.27,0.0,21761.5,,,,,0.0,0.0,8190.3
1705.27,100.0,21761.5,,,,,100.0,100.0,8178.4
1706.27,100.0,21782.3,,,,,100.0,100.0,8189.1
1707.27,0.0,21844.6,,,,,0.0,0.0,8191.9
1708.27,100.0,21844.6,,,,,100.0,100.0,8183.7
1709.27,100.0,21944.6,,,,,100.0,100.0,8194.4
1710.27,100.0,21903.1,,,,,100.0,100.0,8196.1
1711.27,0.0,21903.3,,,,,0.0,0.0,8196.2
1712.27,100.0,21861.7,,,,,100.0,100.0,8196.4
1713.27,100.0,21820.0,,,,,100.0,100.0,8196.4
1714.27,100.0,21719.9,,,,,100.0,100.0,8196.4
1715.27,1.23,21719.9,,,,,1.22,1.23,8175.0
1716.27,100.0,21740.7,,,,,100.0,100.0,8188.9
1717.27,0.0,21803.0,,,,,0.0,0.0,8176.8
1718.27,100.0,21803.0,,,,,100.0,100.0,8183.2
1719.27,100.0,21844.6,,,,,100.0,100.0,8192.3
1720.27,100.0,21844.6,,,,,100.0,100.0,8192.8
1721.27,0.0,21944.6,,,,,0.0,0.0,8194.8
1722.27,100.0,21903.3,,,,,100.0,100.0,8196.5
1723.27,100.0,21861.7,,,,,100.0,100.0,8196.7
1724.27,0.0,21861.7,,,,,0.0,0.0,8196.7
1725.27,100.0,21820.0,,,,,100.0,100.0,8196.7
1726.27,100.0,21719.9,,,,,100.0,100.0,8190.5
1727.27,0.0,21761.5,,,,,0.0,0.0,8190.9
1728.27,100.0,21761.5,,,,,100.0,100.0,8182.7
1729.27,100.0,21803.0,,,,,100.0,100.0,8191.7
1730.27,0.0,21844.6,,,,,0.0,0.0,8181.6
1731.27,100.0,21878.6,,,,,100.0,100.0,8192.1
1732.27,100.0,21944.6,,,,,100.0,100.0,8195.0
1733.27,100.0,21903.3,,,,,100.0,100.0,8196.6
1734.27,0.0,21903.3,,,,,0.0,0.0,8196.6
1735.27,100.0,21861.7,,,,,100.0,100.0,8196.8
1736.27,100.0,21820.0,,,,,100.0,100.0,8196.8
1737.27,100.0,21719.8,,,,,100.0,100.0,8175.8
1738.27,0.0,21740.7,,,,,0.0,0.0,8189.4
1739.27,100.0,21761.5,,,,,100.0,100.0,8191.1
1740.27,0.0,21803.0,,,,,0.0,0.0,8182.3
1741.27,100.0,21844.6,,,,,100.0,100.0,8192.6
1742.27,100.0,21844.6,,,,,100.0,100.0,8179.6
1743.27,100.0,21944.6,,,,,100.0,100.0,8195.1
1744.27,0.0,21944.6,,,,,0.0,0.0,8195.1
1745.27,100.0,21903.3,,,,,100.0,100.0,8196.9
1746.27,100.0,21861.7,,,,,100.0,100.0,8197.1
1747.27,100.0,21820.0,,,,,100.0,100.0,8197.1
1748.27,0.0,21820.0,,,,,0.0,0.0,8197.1
1749.27,100.0,21719.9,,,,,100.0,100.0,8176.5
1750.27,0.0,21761.5,,,,,0.0,0.0,8185.5
1751.27,100.0,21803.0,,,,,100.0,100.0,8174.0
1752.27,100.0,21803.0,,,,,100.0,100.0,8179.9
1753.27,100.0,21844.6,,,,,100.0,100.0,8192.6
1754.27,0.0,21878.6,,,,,0.0,0.0,8192.5
1755.27,100.0,21944.6,,,,,100.0,100.0,8195.1
1756.27,100.0,21903.3,,,,,100.0,100.0,8197.0
1757.27,100.0,21861.7,,,,,100.0,100.0,8197.2
1758.27,0.0,21861.7,,,,,0.0,0.0,8197.2
1759.28,100.0,21820.0,,,,,100.0,100.0,8197.2
1760.28,100.0,21719.8,,,,,100.0,100.0,8186.6
1761.28,0.0,21761.5,,,,,0.0,0.0,8191.4
1762.28,100.0,21761.5,,,,,100.0,100.0,8182.1
1763.28,100.0,21803.0,,,,,100.0,100.0,8182.9
1764.28,0.0,21844.6,,,,,0.0,0.0,8186.9
1765.28,100.0,21861.6,,,,,100.0,100.0,8192.4
1766.28,100.0,21944.6,,,,,100.0,100.0,8195.5
1767.28,100.0,21903.3,,,,,100.0,100.0,8197.3
1768.28,0.0,21903.3,,,,,0.0,0.0,8197.3
1769.28,100.0,21861.7,,,,,100.0,100.0,8197.5
1770.28,100.0,21820.0,,,,,100.0,100.0,8197.5
1771.28,100.0,21719.8,,,,,100.0,100.0,8175.4
1772.28,0.0,21719.9,,,,,0.0,0.0,8186.0
1773.28,100.0,21761.5,,,,,100.0,100.0,8191.8
1774.28,0.0,21803.0,,,,,0.0,0.0,8181.4
1775.28,100.0,21844.6,,,,,100.0,100.0,8193.3
1776.28,100.0,21844.6,,,,,100.0,100.0,8180.4
1777.28,100.0,21944.6,,,,,100.0,100.0,8195.9
1778.28,0.0,21944.6,,,,,0.0,0.0,8195.9
1779.28,100.0,21903.3,,,,,100.0,100.0,8197.6
1780.28,100.0,21861.7,,,,,100.0,100.0,8197.8
1781.28,100.0,21820.0,,,,,100.0,100.0,8197.8
1782.28,0.0,21820.0,,,,,0.0,0.0,8197.8
1783.28,100.0,21719.9,,,,,100.0,100.0,8176.1
1784.28,0.0,21761.5,,,,,0.0,0.0,8184.4
1785.28,100.0,21803.0,,,,,100.0,100.0,8175.7
1786.28,100.0,21803.0,,,,,100.0,100.0,8180.4
1787.28,100.0,21844.6,,,,,100.0,100.0,8193.4
1788.28,0.0,21878.6,,,,,0.0,0.0,8193.3
1789.28,100.0,21944.6,,,,,100.0,100.0,8195.9
1790.28,100.0,21903.3,,,,,100.0,100.0,8197.5
1791.28,100.0,21861.7,,,,,100.0,100.0,8197.7
1792.28,0.0,21861.7,,,,,0.0,0.0,8197.7
1793.28,100.0,21820.0,,,,,100.0,100.0,8197.7
1794.28,100.0,21719.8,,,,,100.0,100.0,8185.2
1795.28,0.0,21761.5,,,,,0.0,0.0,8183.1
1796.28,100.0,21761.5,,,,,100.0,100.0,8181.3
1797.28,100.0,21803.0,,,,,100.0,100.0,8183.5
1798.28,0.0,21844.6,,,,,0.0,0.0,8187.7
1799.28,100.0,21861.6,,,,,100.0,100.0,8191.4
1800.28,100.0,21944.6,,,,,100.0,100.0,8196.2
1801.28,100.0,21903.3,,,,,100.0,100.0,8197.9
1802.28,0.0,21903.3,,,,,0.0,0.0,8197.9
1803.28,100.0,21861.7,,,,,100.0,100.0,8198.0
1804.28,100.0,21820.0,,,,,100.0,100.0,8198.1
1805.28,100.0,21719.8,,,,,100.0,100.0,8198.4
1806.28,0.0,21719.9,,,,,0.0,0.0,8184.1
1807.28,100.0,21761.5,,,,,100.0,100.0,8192.5
1808.28,0.0,21803.0,,,,,0.0,0.0,8181.3
1809.28,100.0,21844.6,,,,,100.0,100.0,8194.0
1810.28,100.0,21844.6,,,,,100.0,100.0,8179.9
1811.28,100.0,21944.6,,,,,100.0,100.0,8196.5
1812.28,0.0,21944.6,,,,,0.0,0.0,8196.5
1813.28,100.0,21903.3,,,,,100.0,100.0,8198.1
1814.28,100.0,21861.7,,,,,100.0,100.0,8198.3
1815.28,100.0,21820.0,,,,,100.0,100.0,8198.3
1816.28,0.0,21820.0,,,,,0.0,0.0,8198.3
1817.28,100.0,21719.9,,,,,100.0,100.0,8176.1
1818.28,0.0,21761.5,,,,,0.0,0.0,8183.2
1819.28,100.0,21803.0,,,,,100.0,100.0,8193.2
1820.28,100.0,21803.0,,,,,100.0,100.0,8180.3
1821.28,100.0,21844.6,,,,,100.0,100.0,8193.9
1822.28,0.0,21878.6,,,,,0.0,0.0,8193.9
1823.29,100.0,21944.6,,,,,100.0,100.0,8196.6
1824.29,100.0,21903.3,,,,,100.0,100.0,8198.4
1825.29,100.0,21861.7,,,,,100.0,100.0,8198.6
1826.29,0.0,21861.7,,,,,0.0,0.0,8198.6
1827.29,100.0,21820.0,,,,,100.0,100.0,8198.6
1828.29,100.0,21719.8,,,,,100.0,100.0,8183.5
1829.29,0.0,21761.5,,,,,0.0,0.0,8192.9
1830.29,100.0,21761.5,,,,,100.0,100.0,8187.4
1831.29,100.0,21782.3,,,,,100.0,100.0,8183.2
1832.29,0.0,21844.6,,,,,0.0,0.0,8187.7
1833.29,100.0,21844.6,,,,,100.0,100.0,8187.8
1834.29,100.0,21944.6,,,,,100.0,100.0,8197.0
1835.29,100.0,21903.3,,,,,100.0,100.0,8198.6
1836.29,0.0,21903.3,,,,,0.0,0.0,8198.6
1837.29,100.0,21861.7,,,,,100.0,100.0,8198.8
1838.29,100.0,21820.0,,,,,100.0,100.0,8198.8
1839.29,100.0,21719.8,,,,,100.0,100.0,8199.1
1840.29,0.0,21719.9,,,,,0.0,0.0,8182.0
1841.29,100.0,21761.5,,,,,100.0,100.0,8193.2
1842.29,0.0,21803.0,,,,,0.0,0.0,8181.9
1843.29,100.0,21823.8,,,,,100.0,100.0,8192.1
1844.29,100.0,21844.6,,,,,100.0,100.0,8194.9
1845.29,100.0,21944.6,,,,,100.0,100.0,8197.2
1846.29,0.0,21944.6,,,,,0.0,0.0,8197.2
1847.29,100.0,21903.3,,,,,100.0,100.0,8198.8
1848.29,100.0,21861.7,,,,,100.0,100.0,8198.9
1849.29,100.0,21820.0,,,,,100.0,100.0,8198.9
1850.29,0.0,21820.0,,,,,0.0,0.0,8198.9
1851.29,100.0,21719.9,,,,,100.0,100.0,8174.1
1852.29,0.0,21761.5,,,,,0.0,0.0,8181.3
1853.29,100.0,21803.0,,,,,100.0,100.0,8194.0
1854.29,100.0,21803.0,,,,,100.0,100.0,8180.3
1855.29,100.0,21823.8,,,,,100.0,100.0,8190.7
1856.29,0.0,21878.6,,,,,0.0,0.0,8194.9
1857.29,100.0,21944.6,,,,,100.0,100.0,8197.4
1858.29,100.0,21903.3,,,,,100.0,100.0,8199.1
1859.29,100.0,21861.7,,,,,100.0,100.0,8199.3
1860.29,0.0,21861.7,,,,,0.0,0.0,8199.3
1861.29,100.0,21820.0,,,,,100.0,100.0,8199.3
1862.29,100.0,21719.8,,,,,100.0,100.0,8182.2
1863.29,0.0,21761.5,,,,,0.0,0.0,8183.7
1864.29,100.0,21761.5,,,,,100.0,100.0,8187.1
1865.29,100.0,21782.3,,,,,100.0,100.0,8181.1
1866.29,0.0,21844.6,,,,,0.0,0.0,8187.2
1867.29,100.0,21844.6,,,,,100.0,100.0,8185.1
1868.29,100.0,21944.6,,,,,100.0,100.0,8197.7
1869.29,100.0,21903.3,,,,,100.0,100.0,8199.3
1870.29,0.0,21903.3,,,,,0.0,0.0,8199.3
1871.29,100.0,21861.7,,,,,100.0,100.0,8199.5
1872.29,100.0,21820.0,,,,,100.0,100.0,8199.6
1873.29,100.0,21719.8,,,,,100.0,100.0,8199.7
1874.29,0.0,21719.9,,,,,0.0,0.0,8182.2
1875.29,100.0,21761.5,,,,,100.0,100.0,8194.3
1876.29,0.0,21803.0,,,,,0.0,0.0,8182.1
1877.29,100.0,21823.8,,,,,100.0,100.0,8180.3
1878.29,100.0,21844.6,,,,,100.0,100.0,8188.9
1879.29,100.0,21944.6,,,,,100.0,100.0,8197.9
1880.29,0.0,21944.6,,,,,0.0,0.0,8197.9
1881.29,100.0,21903.3,,,,,100.0,100.0,8199.5
1882.29,100.0,21861.7,,,,,100.0,100.0,8199.7
1883.29,100.0,21820.0,,,,,100.0,100.0,8199.7
1884.29,0.0,21820.0,,,,,0.0,0.0,8199.7
1885.29,100.0,21719.9,,,,,100.0,100.0,8173.5
1886.29,0.0,21761.5,,,,,0.0,0.0,8181.8
1887.29,100.0,21803.0,,,,,100.0,100.0,8194.6
1888.3,100.0,21803.0,,,,,100.0,100.0,8182.1
1889.3,100.0,21823.8,,,,,100.0,100.0,8194.9
1890.3,0.0,21878.6,,,,,0.0,0.0,8195.5
1891.3,100.0,21944.6,,,,,100.0,100.0,8198.1
1892.3,100.0,21903.3,,,,,100.0,100.0,8199.8
1893.3,100.0,21861.7,,,,,100.0,100.0,8199.9
1894.3,0.0,21861.7,,,,,0.0,0.0,8199.9
1895.3,100.0,21820.0,,,,,100.0,100.0,8200.0
1896.3,100.0,21719.8,,,,,100.0,100.0,8181.8
1897.3,0.0,21761.5,,,,,0.0,0.0,8174.0
1898.3,100.0,21761.5,,,,,100.0,100.0,8180.1
1899.3,100.0,21782.3,,,,,100.0,100.0,8192.8
1900.3,0.0,21844.6,,,,,0.0,0.0,8188.6
1901.3,100.0,21861.6,,,,,100.0,100.0,8190.4
1902.3,100.0,21944.6,,,,,100.0,100.0,8198.2
1903.3,100.0,21903.3,,,,,100.0,100.0,8199.9
1904.3,0.0,21903.3,,,,,0.0,0.0,8199.9
1905.3,100.0,21861.7,,,,,100.0,100.0,8200.1
1906.3,100.0,21820.0,,,,,100.0,100.0,8200.1
1907.3,100.0,21719.8,,,,,100.0,100.0,8200.3
1908.3,0.0,21719.9,,,,,0.0,0.0,8181.7
1909.3,100.0,21761.5,,,,,100.0,100.0,8194.3
1910.3,0.0,21803.0,,,,,0.0,0.0,8181.4
1911.3,100.0,21803.0,,,,,100.0,100.0,8191.6
1912.3,100.0,21844.6,,,,,100.0,100.0,8196.0
1913.3,100.0,21944.6,,,,,100.0,100.0,8198.4
1914.3,0.0,21944.6,,,,,0.0,0.0,8198.4
1915.3,100.0,21903.3,,,,,100.0,100.0,8200.2
1916.3,100.0,21861.7,,,,,100.0,100.0,8200.4
1917.3,100.0,21820.0,,,,,100.0,100.0,8200.4
1918.3,0.0,21820.0,,,,,0.0,0.0,8200.4
1919.3,100.0,21719.9,,,,,100.0,100.0,8194.4
1920.3,0.0,21761.5,,,,,0.0,0.0,8181.3
1921.3,100.0,21803.0,,,,,100.0,100.0,8195.1
1922.3,100.0,21803.0,,,,,100.0,100.0,8180.9
1923.3,100.0,21803.0,,,,,100.0,100.0,8191.0
1924.3,0.0,21878.6,,,,,0.0,0.0,8196.1
1925.3,100.0,21944.6,,,,,100.0,100.0,8198.7
1926.3,100.0,21903.3,,,,,100.0,100.0,8200.4
1927.3,100.0,21861.7,,,,,100.0,100.0,8200.6
1928.3,0.0,21861.7,,,,,0.0,0.0,8200.6
1929.3,100.0,21820.0,,,,,100.0,100.0,8200.6
1930.3,100.0,21719.8,,,,,100.0,100.0,8180.1
1931.3,0.0,21761.5,,,,,0.0,0.0,8184.7
1932.3,100.0,21761.5,,,,,100.0,100.0,8185.6
1933.3,100.0,21778.5,,,,,100.0,100.0,8190.5
1934.3,0.0,21844.6,,,,,0.0,0.0,8189.2
1935.3,100.0,21844.6,,,,,100.0,100.0,8189.4
1936.3,100.0,21944.6,,,,,100.0,100.0,8199.1
1937.3,100.0,21903.3,,,,,100.0,100.0,8200.7
1938.3,0.0,21903.3,,,,,0.0,0.0,8200.7
1939.3,100.0,21861.7,,,,,100.0,100.0,8200.9
1940.3,100.0,21820.0,,,,,100.0,100.0,8200.9
1941.3,100.0,21719.8,,,,,100.0,100.0,8201.1
1942.3,0.0,21719.9,,,,,0.0,0.0,8181.9
1943.3,100.0,21761.5,,,,,100.0,100.0,8194.8
1944.3,0.0,21803.0,,,,,0.0,0.0,8195.6
1945.3,100.0,21803.0,,,,,100.0,100.0,8187.5
1946.3,100.0,21844.6,,,,,100.0,100.0,8196.4
1947.3,100.0,21944.6,,,,,100.0,100.0,8198.9
1948.3,0.0,21944.6,,,,,0.0,0.0,8198.9
1949.3,100.0,21903.3,,,,,100.0,100.0,8200.7
1950.3,100.0,21861.7,,,,,100.0,100.0,8200.9
1951.3,100.0,21820.0,,,,,100.0,100.0,8200.9
1952.3,0.0,21820.0,,,,,0.0,0.0,8200.9
1953.31,100.0,21719.9,,,,,100.0,100.0,8195.0
1954.31,0.0,21761.5,,,,,0.0,0.0,8181.9
1955.31,100.0,21778.5,,,,,100.0,100.0,8193.0
1956.31,100.0,21803.0,,,,,100.0,100.0,8179.1
1957.31,100.0,21803.0,,,,,100.0,100.0,8185.1
1958.31,0.0,21878.6,,,,,0.0,0.0,8196.4
1959.31,100.0,21944.6,,,,,100.0,100.0,8199.3
1960.31,100.0,21903.3,,,,,100.0,100.0,8201.0
1961.31,100.0,21861.7,,,,,100.0,100.0,8201.2
1962.31,0.0,21861.7,,,,,0.0,0.0,8201.2
1963.31,100.0,21820.0,,,,,100.0,100.0,8201.2
1964.31,100.0,21719.8,,,,,100.0,100.0,8180.2
1965.31,0.0,21761.5,,,,,0.0,0.0,8174.8
1966.31,100.0,21761.5,,,,,100.0,100.0,8180.9
1967.31,100.0,21782.3,,,,,100.0,100.0,8194.4
1968.31,0.0,21844.6,,,,,0.0,0.0,8181.4
1969.31,100.0,21844.6,,,,,100.0,100.0,8186.2
1970.31,100.0,21944.6,,,,,100.0,100.0,8199.6
1971.31,100.0,21903.3,,,,,100.0,100.0,8201.4
1972.31,0.0,21903.3,,,,,0.0,0.0,8201.4
1973.31,100.0,21861.7,,,,,100.0,100.0,8201.6
1974.31,100.0,21820.0,,,,,100.0,100.0,8201.6
1975.31,100.0,21719.8,,,,,100.0,100.0,8201.8
1976.31,0.0,21719.9,,,,,0.0,0.0,8182.4
1977.31,100.0,21761.5,,,,,100.0,100.0,8195.5
1978.31,0.0,21803.0,,,,,0.0,0.0,8196.6
1979.31,100.0,21803.0,,,,,100.0,100.0,8190.2
1980.31,100.0,21844.6,,,,,100.0,100.0,8197.6
1981.31,100.0,21944.6,,,,,100.0,100.0,8200.0
1982.31,0.0,21944.6,,,,,0.0,0.0,8200.0
1983.31,100.0,21903.3,,,,,100.0,100.0,8201.7
1984.31,100.0,21861.7,,,,,100.0,100.0,8201.8
1985.31,100.0,21820.0,,,,,100.0,100.0,8201.8
1986.31,0.0,21820.0,,,,,0.0,0.0,8201.8
1987.31,100.0,21719.9,,,,,100.0,100.0,8196.0
1988.31,0.0,21761.5,,,,,0.0,0.0,8182.6
1989.31,100.0,21782.3,,,,,100.0,100.0,8194.4
1990.31,100.0,21803.0,,,,,100.0,100.0,8182.0
1991.31,100.0,21803.0,,,,,100.0,100.0,8189.1
1992.31,0.0,21878.6,,,,,0.0,0.0,8197.7
1993.31,100.0,21944.6,,,,,100.0,100.0,8200.3
1994.31,100.0,21903.3,,,,,100.0,100.0,8201.8
1995.31,100.0,21861.7,,,,,100.0,100.0,8202.0
1996.31,0.0,21861.7,,,,,0.0,0.0,8202.0
1997.31,100.0,21820.0,,,,,100.0,100.0,8202.0
1998.31,100.0,21719.8,,,,,100.0,100.0,8180.6
1999.31,0.0,21761.5,,,,,0.0,0.0,8196.2
2000.31,100.0,21761.5,,,,,100.0,100.0,8180.8
2001.31,100.0,21761.5,,,,,100.0,100.0,8191.1
2002.31,0.0,21844.6,,,,,0.0,0.0,8178.9
2003.31,100.0,21844.6,,,,,100.0,100.0,8185.9
2004.31,100.0,21944.6,,,,,100.0,100.0,8200.4
2005.31,100.0,21903.3,,,,,100.0,100.0,8202.0
2006.31,0.0,21903.3,,,,,0.0,0.0,8202.0
2007.31,100.0,21861.7,,,,,100.0,100.0,8202.2
2008.31,100.0,21820.0,,,,,100.0,100.0,8202.2
2009.31,100.0,21719.8,,,,,100.0,100.0,8202.4
2010.31,0.0,21719.9,,,,,0.0,0.0,8196.5
2011.31,100.0,21740.7,,,,,100.0,100.0,8194.8
2012.31,0.0,21803.0,,,,,0.0,0.0,8197.4
2013.31,100.0,21803.0,,,,,100.0,100.0,8189.3
2014.31,100.0,21844.6,,,,,100.0,100.0,8198.1
2015.31,100.0,21944.6,,,,,100.0,100.0,8200.5
2016.32,0.0,21944.6,,,,,0.0,0.0,8200.5
2017.32,100.0,21903.3,,,,,100.0,100.0,8202.2
2018.32,100.0,21861.7,,,,,100.0,100.0,8202.4
2019.32,100.0,21820.0,,,,,100.0,100.0,8202.4
2020.32,0.0,21820.0,,,,,0.0,0.0,8202.4
2021.32,100.0,21719.9,,,,,100.0,100.0,8196.3
2022.32,0.0,21761.5,,,,,0.0,0.0,8182.2
2023.32,100.0,21782.3,,,,,100.0,100.0,8195.0
2024.32,100.0,21803.0,,,,,100.0,100.0,8197.6
2025.32,100.0,21803.0,,,,,100.0,100.0,8190.4
2026.32,0.0,21878.6,,,,,0.0,0.0,8198.0
2027.32,100.0,21944.6,,,,,100.0,100.0,8200.8
2028.32,100.0,21903.3,,,,,100.0,100.0,8202.5
2029.32,100.0,21861.7,,,,,100.0,100.0,8202.7
2030.32,0.0,21861.7,,,,,0.0,0.0,8202.7
2031.32,100.0,21820.0,,,,,100.0,100.0,8202.7
2032.32,100.0,21719.8,,,,,100.0,100.0,8180.6
2033.32,0.0,21740.7,,,,,0.0,0.0,8196.0
2034.32,100.0,21761.5,,,,,100.0,100.0,8181.2
2035.32,100.0,21761.5,,,,,100.0,100.0,8188.4
2036.32,0.0,21844.6,,,,,0.0,0.0,8178.8
2037.32,100.0,21844.6,,,,,100.0,100.0,8184.9
2038.32,100.0,21944.6,,,,,100.0,100.0,8201.1
2039.32,100.0,21903.1,,,,,100.0,100.0,8202.7
2040.32,0.0,21903.3,,,,,0.0,0.0,8202.7
2041.32,100.0,21861.7,,,,,100.0,100.0,8202.9
2042.32,100.0,21820.0,,,,,100.0,100.0,8202.9
2043.32,100.0,21752.8,,,,,100.0,100.0,8203.0
2044.32,1.23,21719.9,,,,,1.23,1.23,8197.1
2045.32,0.0,21761.5,,,,,0.0,0.0,8193.0
2046.32,100.0,21803.0,,,,,100.0,100.0,8198.0
2047.32,100.0,21803.0,,,,,100.0,100.0,8186.2
2048.32,100.0,21844.6,,,,,100.0,100.0,8198.9
2049.32,0.0,21878.6,,,,,0.0,0.0,8198.9
2050.32,100.0,21944.6,,,,,100.0,100.0,8201.5
2051.32,100.0,21903.3,,,,,100.0,100.0,8203.2
2052.32,100.0,21861.7,,,,,100.0,100.0,8203.4
2053.32,0.0,21861.7,,,,,0.0,0.0,8203.4
2054.32,100.0,21820.0,,,,,100.0,100.0,8203.4
2055.32,100.0,21685.8,,,,,100.0,100.0,8193.7
2056.32,0.0,21761.5,,,,,0.0,0.0,8182.6
2057.32,100.0,21761.5,,,,,100.0,100.0,8187.9
2058.32,100.0,21803.0,,,,,100.0,100.0,8198.6
2059.32,0.0,21844.6,,,,,0.0,0.0,8186.8
2060.32,100.0,21878.6,,,,,100.0,100.0,8199.0
2061.32,100.0,21944.6,,,,,100.0,100.0,8201.9
2062.32,100.0,21903.3,,,,,100.0,100.0,8203.4
2063.32,0.0,21903.3,,,,,0.0,0.0,8203.4
2064.32,100.0,21861.7,,,,,100.0,100.0,8203.5
2065.32,100.0,21820.0,,,,,100.0,100.0,8203.5
2066.32,100.0,21719.8,,,,,100.0,100.0,8180.3
2067.32,0.0,21719.9,,,,,0.0,0.0,8191.8
2068.32,100.0,21740.7,,,,,100.0,100.0,8194.4
2069.32,0.0,21803.0,,,,,0.0,0.0,8197.1
2070.32,100.0,21803.0,,,,,100.0,100.0,8186.3
2071.32,100.0,21844.6,,,,,100.0,100.0,8198.0
2072.32,100.0,21944.6,,,,,100.0,100.0,8200.5
2073.32,0.0,21944.6,,,,,0.0,0.0,8200.5
2074.32,100.0,21903.3,,,,,100.0,100.0,8202.0
2075.32,100.0,21861.7,,,,,100.0,100.0,8202.1
2076.32,100.0,21820.0,,,,,100.0,100.0,8202.1
2077.32,0.0,21820.0,,,,,0.0,0.0,8202.1
2078.32,100.0,21719.9,,,,,100.0,100.0,8196.4
2079.32,0.0,21761.5,,,,,0.0,0.0,8190.9
2080.33,100.0,21803.0,,,,,100.0,100.0,8190.0
2081.33,100.0,21803.0,,,,,100.0,100.0,8187.9
2082.33,100.0,21823.8,,,,,100.0,100.0,8189.3
2083.33,0.0,21878.6,,,,,0.0,0.0,8198.1
2084.33,100.0,21944.6,,,,,100.0,100.0,8200.7
2085.33,100.0,21903.3,,,,,100.0,100.0,8202.3
2086.33,100.0,21861.7,,,,,100.0,100.0,8202.5
2087.33,0.0,21861.7,,,,,0.0,0.0,8202.5
2088.33,100.0,21820.0,,,,,100.0,100.0,8202.5
2089.33,100.0,21719.8,,,,,100.0,100.0,8191.3
2090.33,0.0,21761.5,,,,,0.0,0.0,8197.0
2091.33,100.0,21761.5,,,,,100.0,100.0,8186.2
2092.33,100.0,21803.0,,,,,100.0,100.0,8197.8
2093.33,0.0,21844.6,,,,,0.0,0.0,8186.7
2094.33,100.0,21861.6,,,,,100.0,100.0,8194.9
2095.33,100.0,21944.6,,,,,100.0,100.0,8201.1
2096.33,100.0,21903.3,,,,,100.0,100.0,8202.7
2097.33,0.0,21903.3,,,,,0.0,0.0,8202.7
2098.33,100.0,21861.7,,,,,100.0,100.0,8202.9
2099.33,100.0,21820.0,,,,,100.0,100.0,8202.9
2100.33,100.0,21719.8,,,,,100.0,100.0,8180.9
2101.33,0.0,21719.9,,,,,0.0,0.0,8189.0
2102.33,100.0,21761.5,,,,,100.0,100.0,8180.7
2103.33,0.0,21803.0,,,,,0.0,0.0,8186.9
2104.33,100.0,21844.6,,,,,100.0,100.0,8198.6
2105.33,100.0,21844.6,,,,,100.0,100.0,8185.3
2106.33,100.0,21944.6,,,,,100.0,100.0,8201.3
2107.33,0.0,21944.6,,,,,0.0,0.0,8201.3
2108.33,100.0,21903.3,,,,,100.0,100.0,8203.0
2109.33,100.0,21861.7,,,,,100.0,100.0,8203.2
2110.33,100.0,21820.0,,,,,100.0,100.0,8203.2
2111.33,0.0,21820.0,,,,,0.0,0.0,8203.2
2112.33,100.0,21719.9,,,,,100.0,100.0,8197.5
2113.33,0.0,21761.5,,,,,0.0,0.0,8188.2
2114.33,100.0,21803.0,,,,,100.0,100.0,8198.3
2115.33,100.0,21803.0,,,,,100.0,100.0,8193.1
2116.33,100.0,21823.8,,,,,100.0,100.0,8187.5
2117.33,0.0,21878.6,,,,,0.0,0.0,8199.0
2118.33,100.0,21944.6,,,,,100.0,100.0,8201.6
2119.33,100.0,21903.3,,,,,100.0,100.0,8203.2
2120.33,100.0,21861.7,,,,,100.0,100.0,8203.3
2121.33,0.0,21861.7,,,,,0.0,0.0,8203.3
2122.33,100.0,21820.0,,,,,100.0,100.0,8203.3
2123.33,100.0,21719.8,,,,,100.0,100.0,8190.0
2124.33,0.0,21761.5,,,,,0.0,0.0,8197.8
2125.33,100.0,21761.5,,,,,100.0,100.0,8189.8
2126.33,100.0,21803.0,,,,,100.0,100.0,8198.6
2127.33,0.0,21844.6,,,,,0.0,0.0,8188.3
2128.33,100.0,21878.6,,,,,100.0,100.0,8198.9
2129.33,100.0,21944.6,,,,,100.0,100.0,8201.9
2130.33,100.0,21903.3,,,,,100.0,100.0,8203.5
2131.33,0.0,21903.3,,,,,0.0,0.0,8203.5
2132.33,100.0,21861.7,,,,,100.0,100.0,8203.7
2133.33,100.0,21820.0,,,,,100.0,100.0,8203.7
2134.33,100.0,21719.8,,,,,100.0,100.0,8180.8
2135.33,0.0,21719.9,,,,,0.0,0.0,8189.4
2136.33,100.0,21761.5,,,,,100.0,100.0,8180.0
2137.33,0.0,21803.0,,,,,0.0,0.0,8186.7
2138.33,100.0,21844.6,,,,,100.0,100.0,8199.6
2139.33,100.0,21844.6,,,,,100.0,100.0,8186.3
2140.33,100.0,21944.6,,,,,100.0,100.0,8202.5
2141.33,0.0,21944.6,,,,,0.0,0.0,8202.5
2142.33,100.0,21903.3,,,,,100.0,100.0,8204.1
2143.33,100.0,21861.7,,,,,100.0,100.0,8204.3
2144.33,100.0,21820.0,,,,,100.0,100.0,8204.3
2145.34,0.0,21820.0,,,,,0.0,0.0,8204.3
2146.34,100.0,21719.9,,,,,100.0,100.0,8198.3
2147.34,0.0,21761.5,,,,,0.0,0.0,8188.9
2148.34,100.0,21803.0,,,,,100.0,100.0,8199.2
2149.34,100.0,21803.0,,,,,100.0,100.0,8199.3
2150.34,100.0,21823.8,,,,,100.0,100.0,8198.4
2151.34,0.0,21878.6,,,,,0.0,0.0,8199.9
2152.34,100.0,21944.6,,,,,100.0,100.0,8202.5
2153.34,100.0,21903.3,,,,,100.0,100.0,8204.0
2154.34,100.0,21861.7,,,,,100.0,100.0,8204.2
2155.34,0.0,21861.7,,,,,0.0,0.0,8204.2
2156.34,100.0,21820.0,,,,,100.0,100.0,8204.2
2157.34,100.0,21719.8,,,,,100.0,100.0,8188.9
2158.34,0.0,21761.5,,,,,0.0,0.0,8198.7
2159.34,100.0,21761.5,,,,,100.0,100.0,8187.0
2160.34,100.0,21782.3,,,,,100.0,100.0,8196.6
2161.34,0.0,21844.6,,,,,0.0,0.0,8185.4
2162.34,100.0,21844.6,,,,,100.0,100.0,8191.8
2163.34,100.0,21944.6,,,,,100.0,100.0,8202.9
2164.34,100.0,21903.3,,,,,100.0,100.0,8204.6
2165.34,0.0,21903.3,,,,,0.0,0.0,8204.6
2166.34,100.0,21861.7,,,,,100.0,100.0,8204.7
2167.34,100.0,21820.0,,,,,100.0,100.0,8204.7
2168.34,100.0,21719.8,,,,,100.0,100.0,8180.4
2169.34,0.0,21719.9,,,,,0.0,0.0,8189.7
2170.34,100.0,21761.5,,,,,100.0,100.0,8181.3
2171.34,0.0,21803.0,,,,,0.0,0.0,8188.0
2172.34,100.0,21823.8,,,,,100.0,100.0,8199.7
2173.34,100.0,21844.6,,,,,100.0,100.0,8186.4
2174.34,100.0,21944.6,,,,,100.0,100.0,8203.2
2175.34,0.0,21944.6,,,,,0.0,0.0,8203.2
2176.34,100.0,21903.3,,,,,100.0,100.0,8204.7
2177.34,100.0,21861.7,,,,,100.0,100.0,8204.9
2178.34,100.0,21820.0,,,,,100.0,100.0,8204.9
2179.34,0.0,21820.0,,,,,0.0,0.0,8204.9
2180.34,100.0,21719.9,,,,,100.0,100.0,8199.1
2181.34,0.0,21761.5,,,,,0.0,0.0,8188.5
2182.34,100.0,21803.0,,,,,100.0,100.0,8200.0
2183.34,100.0,21803.0,,,,,100.0,100.0,8193.0
2184.34,100.0,21823.8,,,,,100.0,100.0,8197.0
2185.34,0.0,21878.6,,,,,0.0,0.0,8200.9
2186.34,100.0,21944.6,,,,,100.0,100.0,8203.5
2187.34,100.0,21903.3,,,,,100.0,100.0,8205.2
2188.34,100.0,21861.7,,,,,100.0,100.0,8205.4
2189.34,0.0,21861.7,,,,,0.0,0.0,8205.4
2190.34,100.0,21820.0,,,,,100.0,100.0,8205.4
2191.34,100.0,21719.8,,,,,100.0,100.0,8188.4
2192.34,0.0,21761.5,,,,,0.0,0.0,8199.6
2193.34,100.0,21761.5,,,,,100.0,100.0,8187.3
2194.34,100.0,21782.3,,,,,100.0,100.0,8199.8
2195.34,0.0,21844.6,,,,,0.0,0.0,8187.7
2196.34,100.0,21844.6,,,,,100.0,100.0,8191.5
2197.34,100.0,21944.6,,,,,100.0,100.0,8203.8
2198.34,100.0,21903.3,,,,,100.0,100.0,8205.4
2199.34,0.0,21903.3,,,,,0.0,0.0,8205.4
2200.34,100.0,21861.7,,,,,100.0,100.0,8205.6
2201.34,100.0,21820.0,,,,,100.0,100.0,8205.6
2202.34,100.0,21719.8,,,,,100.0,100.0,8181.1
2203.34,0.0,21719.9,,,,,0.0,0.0,8189.5
2204.34,100.0,21761.5,,,,,100.0,100.0,8200.5
2205.34,0.0,21803.0,,,,,0.0,0.0,8188.3
2206.34,100.0,21844.6,,,,,100.0,100.0,8201.4
2207.34,100.0,21844.6,,,,,100.0,100.0,8188.8
2208.34,100.0,21944.6,,,,,100.0,100.0,8204.0
2209.35,0.0,21944.6,,,,,0.0,0.0,8204.0
2210.35,100.0,21903.3,,,,,100.0,100.0,8205.6
2211.35,100.0,21861.7,,,,,100.0,100.0,8205.8
2212.35,100.0,21820.0,,,,,100.0,100.0,8205.8
2213.35,0.0,21820.0,,,,,0.0,0.0,8205.8
2214.35,100.0,21719.9,,,,,100.0,100.0,8190.6
2215.35,0.0,21761.5,,,,,0.0,0.0,8194.9
2216.35,100.0,21803.0,,,,,100.0,100.0,8191.3
2217.35,100.0,21803.0,,,,,100.0,100.0,8194.5
2218.35,100.0,21823.8,,,,,100.0,100.0,8196.8
2219.35,0.0,21878.6,,,,,0.0,0.0,8201.4
2220.35,100.0,21944.6,,,,,100.0,100.0,8204.2
2221.35,100.0,21903.3,,,,,100.0,100.0,8205.8
2222.35,100.0,21861.7,,,,,100.0,100.0,8206.0
2223.35,0.0,21861.7,,,,,0.0,0.0,8206.0
2224.35,100.0,21820.0,,,,,100.0,100.0,8206.0
2225.35,100.0,21719.8,,,,,100.0,100.0,8189.6
2226.35,0.0,21761.5,,,,,0.0,0.0,8200.3
2227.35,100.0,21761.5,,,,,100.0,100.0,8188.2
2228.35,100.0,21782.3,,,,,100.0,100.0,8199.4
2229.35,0.0,21844.6,,,,,0.0,0.0,8202.0
2230.35,100.0,21844.6,,,,,100.0,100.0,8193.4
2231.35,100.0,21944.6,,,,,100.0,100.0,8204.4
2232.35,100.0,21903.3,,,,,100.0,100.0,8206.1
2233.35,0.0,21903.3,,,,,0.0,0.0,8206.1
2234.35,100.0,21861.7,,,,,100.0,100.0,8206.2
2235.35,100.0,21820.0,,,,,100.0,100.0,8206.3
2236.35,100.0,21719.8,,,,,100.0,100.0,8180.5
2237.35,0.0,21719.9,,,,,0.0,0.0,8187.7
2238.35,100.0,21761.5,,,,,100.0,100.0,8200.4
2239.35,0.0,21803.0,,,,,0.0,0.0,8187.8
2240.35,100.0,21803.0,,,,,100.0,100.0,8194.6
2241.35,100.0,21844.6,,,,,100.0,100.0,8184.2
2242.35,100.0,21944.6,,,,,100.0,100.0,8204.8
2243.35,0.0,21944.6,,,,,0.0,0.0,8204.8
2244.35,100.0,21903.3,,,,,100.0,100.0,8206.4
2245.35,100.0,21861.7,,,,,100.0,100.0,8206.5
2246.35,100.0,21820.0,,,,,100.0,100.0,8206.5
2247.35,0.0,21820.0,,,,,0.0,0.0,8206.5
2248.35,100.0,21719.9,,,,,100.0,100.0,8184.5
2249.35,0.0,21761.5,,,,,0.0,0.0,8194.8
2250.35,100.0,21782.3,,,,,100.0,100.0,8199.8
2251.35,100.0,21803.0,,,,,100.0,100.0,8194.1
2252.35,100.0,21803.0,,,,,100.0,100.0,8196.4
2253.35,0.0,21878.6,,,,,0.0,0.0,8202.2
2254.35,100.0,21944.6,,,,,100.0,100.0,8205.0
2255.35,100.0,21903.3,,,,,100.0,100.0,8206.6
2256.35,100.0,21861.7,,,,,100.0,100.0,8206.8
2257.35,0.0,21861.7,,,,,0.0,0.0,8206.8
2258.35,100.0,21820.0,,,,,100.0,100.0,8206.8
2259.35,100.0,21719.8,,,,,100.0,100.0,8189.2
2260.35,0.0,21761.5,,,,,0.0,0.0,8201.1
2261.35,100.0,21761.5,,,,,100.0,100.0,8187.9
2262.35,100.0,21761.5,,,,,100.0,100.0,8195.6
2263.35,0.0,21844.6,,,,,0.0,0.0,8202.9
2264.35,100.0,21844.6,,,,,100.0,100.0,8192.7
2265.35,100.0,21944.6,,,,,100.0,100.0,8205.3
2266.35,100.0,21903.3,,,,,100.0,100.0,8206.9
2267.35,0.0,21903.3,,,,,0.0,0.0,8206.9
2268.35,100.0,21861.7,,,,,100.0,100.0,8207.1
2269.35,100.0,21820.0,,,,,100.0,100.0,8207.1
2270.35,100.0,21719.8,,,,,100.0,100.0,8207.2
2271.35,0.0,21719.9,,,,,0.0,0.0,8188.3
2272.36,100.0,21761.5,,,,,100.0,100.0,8201.4
2273.36,0.0,21803.0,,,,,0.0,0.0,8189.1
2274.36,100.0,21803.0,,,,,100.0,100.0,8196.6
2275.36,100.0,21844.6,,,,,100.0,100.0,8185.9
2276.36,100.0,21944.6,,,,,100.0,100.0,8205.4
2277.36,0.0,21944.6,,,,,0.0,0.0,8205.4
2278.36,100.0,21903.3,,,,,100.0,100.0,8207.0
2279.36,100.0,21861.7,,,,,100.0,100.0,8207.2
2280.36,100.0,21820.0,,,,,100.0,100.0,8207.2
2281.36,0.0,21820.0,,,,,0.0,0.0,8207.2
2282.36,100.0,21719.9,,,,,100.0,100.0,8191.8
2283.36,0.0,21761.5,,,,,0.0,0.0,8188.7
2284.36,100.0,21782.3,,,,,100.0,100.0,8200.9
2285.36,100.0,21803.0,,,,,100.0,100.0,8195.4
2286.36,100.0,21823.8,,,,,100.0,100.0,8198.2
2287.36,0.0,21878.6,,,,,0.0,0.0,8203.1
2288.36,100.0,21944.6,,,,,100.0,100.0,8205.9
2289.36,100.0,21903.3,,,,,100.0,100.0,8207.4
2290.36,100.0,21861.7,,,,,100.0,100.0,8207.6
2291.36,0.0,21861.7,,,,,0.0,0.0,8207.6
2292.36,100.0,21820.0,,,,,100.0,100.0,8207.6
2293.36,100.0,21719.8,,,,,100.0,100.0,8189.1
2294.36,0.0,21761.5,,,,,0.0,0.0,8201.9
2295.36,100.0,21761.5,,,,,100.0,100.0,8202.1
2296.36,100.0,21782.3,,,,,100.0,100.0,8200.9
2297.36,0.0,21844.6,,,,,0.0,0.0,8203.7
2298.36,100.0,21844.6,,,,,100.0,100.0,8195.4
2299.36,100.0,21944.6,,,,,100.0,100.0,8205.8
2300.36,100.0,21903.3,,,,,100.0,100.0,8207.3
2301.36,0.0,21903.3,,,,,0.0,0.0,8207.3
2302.36,100.0,21861.7,,,,,100.0,100.0,8207.5
2303.36,100.0,21820.0,,,,,100.0,100.0,8207.5
2304.36,100.0,21719.8,,,,,100.0,100.0,8207.6
2305.36,0.0,21719.9,,,,,0.0,0.0,8188.6
2306.36,100.0,21740.7,,,,,100.0,100.0,8200.6
2307.36,0.0,21803.0,,,,,0.0,0.0,8187.9
2308.36,100.0,21823.8,,,,,100.0,100.0,8197.0
2309.36,100.0,21844.6,,,,,100.0,100.0,8203.8
2310.36,100.0,21944.6,,,,,100.0,100.0,8206.3
2311.36,0.0,21944.6,,,,,0.0,0.0,8206.3
2312.36,100.0,21903.3,,,,,100.0,100.0,8207.9
2313.36,100.0,21861.7,,,,,100.0,100.0,8208.1
2314.36,100.0,21820.0,,,,,100.0,100.0,8208.1
2315.36,0.0,21820.0,,,,,0.0,0.0,8208.1
2316.36,100.0,21719.9,,,,,100.0,100.0,8187.7
2317.36,0.0,21761.5,,,,,0.0,0.0,8195.6
2318.36,100.0,21761.5,,,,,100.0,100.0,8196.8
2319.36,100.0,21803.0,,,,,100.0,100.0,8186.9
2320.36,100.0,21803.0,,,,,100.0,100.0,8193.6
2321.36,0.0,21878.6,,,,,0.0,0.0,8203.8
2322.36,100.0,21944.6,,,,,100.0,100.0,8206.5
2323.36,100.0,21903.3,,,,,100.0,100.0,8208.1
2324.36,100.0,21861.7,,,,,100.0,100.0,8208.3
2325.36,0.0,21861.7,,,,,0.0,0.0,8208.3
2326.36,100.0,21820.0,,,,,100.0,100.0,8208.3
2327.36,100.0,21719.8,,,,,100.0,100.0,8189.2
2328.36,0.0,21761.5,,,,,0.0,0.0,8202.4
2329.36,100.0,21761.5,,,,,100.0,100.0,8202.8
2330.36,100.0,21761.5,,,,,100.0,100.0,8195.8
2331.36,0.0,21844.6,,,,,0.0,0.0,8204.4
2332.36,100.0,21844.6,,,,,100.0,100.0,8193.2
2333.36,100.0,21944.6,,,,,100.0,100.0,8206.9
2334.36,100.0,21903.3,,,,,100.0,100.0,8208.3
2335.36,0.0,21903.3,,,,,0.0,0.0,8208.3
2336.37,100.0,21861.7,,,,,100.0,100.0,8208.5
2337.37,100.0,21820.0,,,,,100.0,100.0,8208.5
2338.37,100.0,21719.8,,,,,100.0,100.0,8208.6
2339.37,0.0,21719.9,,,,,0.0,0.0,8188.6
2340.37,100.0,21719.9,,,,,100.0,100.0,8197.3
2341.37,0.0,21803.0,,,,,0.0,0.0,8187.7
2342.37,100.0,21803.0,,,,,100.0,100.0,8193.2
2343.37,100.0,21844.6,,,,,100.0,100.0,8204.5
2344.37,100.0,21944.6,,,,,100.0,100.0,8206.7
2345.37,0.0,21944.6,,,,,0.0,0.0,8206.7
2346.37,100.0,21903.3,,,,,100.0,100.0,8208.3
2347.37,100.0,21861.7,,,,,100.0,100.0,8208.5
2348.37,100.0,21820.0,,,,,100.0,100.0,8208.5
2349.37,0.0,21820.0,,,,,0.0,0.0,8208.5
2350.37,100.0,21719.9,,,,,100.0,100.0,8202.6
2351.37,0.0,21761.5,,,,,0.0,0.0,8195.7
2352.37,100.0,21761.5,,,,,100.0,100.0,8196.2
2353.37,100.0,21803.0,,,,,100.0,100.0,8187.0
2354.37,100.0,21803.0,,,,,100.0,100.0,8192.8
2355.37,0.0,21878.6,,,,,0.0,0.0,8204.2
2356.37,100.0,21944.6,,,,,100.0,100.0,8207.1
2357.37,100.0,21903.3,,,,,100.0,100.0,8208.8
2358.37,100.0,21861.7,,,,,100.0,100.0,8209.0
2359.37,0.0,21861.7,,,,,0.0,0.0,8209.0
2360.37,100.0,21820.0,,,,,100.0,100.0,8209.0
2361.37,100.0,21719.8,,,,,100.0,100.0,8188.8
2362.37,0.0,21757.7,,,,,0.0,0.0,8202.8
2363.37,100.0,21761.5,,,,,100.0,100.0,8203.5
2364.37,100.0,21761.5,,,,,100.0,100.0,8196.7
2365.37,0.0,21844.6,,,,,0.0,0.0,8205.0
2366.37,100.0,21844.6,,,,,100.0,100.0,8194.3
2367.37,100.0,21944.6,,,,,100.0,100.0,8207.5
2368.37,0.0,21944.6,,,,,0.0,0.0,8207.5
2369.37,100.0,21903.3,,,,,100.0,100.0,8209.1
2370.37,100.0,21861.7,,,,,100.0,100.0,8209.2
2371.37,100.0,21820.0,,,,,100.0,100.0,8209.3
2372.37,0.0,21820.0,,,,,0.0,0.0,8209.3
2373.37,100.0,21719.9,,,,,100.0,100.0,8189.2
2374.37,0.0,21782.3,,,,,0.0,0.0,8201.4
2375.37,100.0,21803.0,,,,,100.0,100.0,8204.6
2376.37,100.0,21803.0,,,,,100.0,100.0,8192.9
2377.37,100.0,21844.6,,,,,100.0,100.0,8205.3
2378.37,0.0,21878.6,,,,,0.0,0.0,8205.1
2379.37,100.0,21944.6,,,,,100.0,100.0,8207.7
2380.37,100.0,21903.3,,,,,100.0,100.0,8209.3
2381.37,100.0,21861.7,,,,,100.0,100.0,8209.5
2382.37,0.0,21861.7,,,,,0.0,0.0,8209.5
2383.37,100.0,21820.0,,,,,100.0,100.0,8209.5
2384.37,100.0,21702.8,,,,,100.0,100.0,8202.0
2385.37,0.0,21761.5,,,,,0.0,0.0,8189.0
2386.37,100.0,21761.5,,,,,100.0,100.0,8198.0
2387.37,100.0,21803.0,,,,,100.0,100.0,8187.4
2388.37,0.0,21844.6,,,,,0.0,0.0,8193.0
2389.37,100.0,21878.6,,,,,100.0,100.0,8205.0
2390.37,100.0,21944.6,,,,,100.0,100.0,8208.0
2391.37,100.0,21903.3,,,,,100.0,100.0,8209.6
2392.37,0.0,21903.3,,,,,0.0,0.0,8209.6
2393.37,100.0,21861.7,,,,,100.0,100.0,8209.8
2394.37,100.0,21820.0,,,,,100.0,100.0,8209.8
2395.37,100.0,21719.8,,,,,100.0,100.0,8210.0
2396.37,0.0,21719.9,,,,,0.0,0.0,8199.0
2397.37,100.0,21761.5,,,,,100.0,100.0,8204.2
2398.37,0.0,21803.0,,,,,0.0,0.0,8194.2
2399.37,100.0,21844.6,,,,,100.0,100.0,8205.6
2400.38,100.0,21844.6,,,,,100.0,100.0,8205.8
2401.38,100.0,21944.6,,,,,100.0,100.0,8208.2
2402.38,0.0,21944.6,,,,,0.0,0.0,8208.2
2403.38,100.0,21903.3,,,,,100.0,100.0,8209.8
2404.38,100.0,21861.7,,,,,100.0,100.0,8210.0
2405.38,100.0,21820.0,,,,,100.0,100.0,8210.0
2406.38,0.0,21820.0,,,,,0.0,0.0,8210.0
2407.38,100.0,21719.9,,,,,100.0,100.0,8189.3
2408.38,0.0,21761.5,,,,,0.0,0.0,8196.8
2409.38,100.0,21803.0,,,,,100.0,100.0,8205.0
2410.38,100.0,21803.0,,,,,100.0,100.0,8192.8
2411.38,100.0,21844.6,,,,,100.0,100.0,8205.7
2412.38,0.0,21878.6,,,,,0.0,0.0,8205.7
2413.38,100.0,21944.6,,,,,100.0,100.0,8208.4
2414.38,100.0,21903.3,,,,,100.0,100.0,8210.1
2415.38,100.0,21861.7,,,,,100.0,100.0,8210.3
2416.38,0.0,21861.7,,,,,0.0,0.0,8210.3
2417.38,100.0,21820.0,,,,,100.0,100.0,8210.3
2418.38,100.0,21719.8,,,,,100.0,100.0,8199.7
2419.38,0.0,21761.5,,,,,0.0,0.0,8189.7
2420.38,100.0,21761.5,,,,,100.0,100.0,8195.9
2421.38,100.0,21803.0,,,,,100.0,100.0,8187.6
2422.38,0.0,21844.6,,,,,0.0,0.0,8193.9
2423.38,100.0,21878.6,,,,,100.0,100.0,8205.9
2424.38,100.0,21944.6,,,,,100.0,100.0,8208.8
2425.38,100.0,21903.3,,,,,100.0,100.0,8210.3
2426.38,0.0,21903.3,,,,,0.0,0.0,8210.3
2427.38,100.0,21861.7,,,,,100.0,100.0,8210.5
2428.38,100.0,21820.0,,,,,100.0,100.0,8210.5
2429.38,100.0,21719.8,,,,,100.0,100.0,8210.8
2430.38,0.0,21719.9,,,,,0.0,0.0,8200.8
2431.38,100.0,21761.5,,,,,100.0,100.0,8205.2
2432.38,0.0,21803.0,,,,,0.0,0.0,8196.4
2433.38,100.0,21844.6,,,,,100.0,100.0,8197.2
2434.38,100.0,21844.6,,,,,100.0,100.0,8192.7
2435.38,100.0,21944.6,,,,,100.0,100.0,8208.9
2436.38,0.0,21944.6,,,,,0.0,0.0,8208.9
2437.38,100.0,21903.3,,,,,100.0,100.0,8210.5
2438.38,100.0,21861.7,,,,,100.0,100.0,8210.6
2439.38,100.0,21820.0,,,,,100.0,100.0,8210.6
2440.38,0.0,21820.0,,,,,0.0,0.0,8210.6
2441.38,100.0,21719.9,,,,,100.0,100.0,8189.7
2442.38,0.0,21761.5,,,,,0.0,0.0,8198.3
2443.38,100.0,21803.0,,,,,100.0,100.0,8206.0
2444.38,100.0,21803.0,,,,,100.0,100.0,8195.4
2445.38,100.0,21844.6,,,,,100.0,100.0,8206.8
2446.38,0.0,21878.6,,,,,0.0,0.0,8206.7
2447.38,100.0,21944.6,,,,,100.0,100.0,8209.2
2448.38,100.0,21903.3,,,,,100.0,100.0,8210.7
2449.38,100.0,21861.7,,,,,100.0,100.0,8210.9
2450.38,0.0,21861.7,,,,,0.0,0.0,8210.9
2451.38,100.0,21820.0,,,,,100.0,100.0,8210.9
2452.38,100.0,21719.8,,,,,100.0,100.0,8198.7
2453.38,0.0,21761.5,,,,,0.0,0.0,8188.8
2454.38,100.0,21761.5,,,,,100.0,100.0,8195.4
2455.38,100.0,21803.0,,,,,100.0,100.0,8187.1
2456.38,0.0,21844.6,,,,,0.0,0.0,8194.1
2457.38,100.0,21861.6,,,,,100.0,100.0,8204.6
2458.38,100.0,21944.6,,,,,100.0,100.0,8209.5
2459.38,100.0,21903.3,,,,,100.0,100.0,8211.0
2460.38,0.0,21903.3,,,,,0.0,0.0,8211.0
2461.38,100.0,21861.7,,,,,100.0,100.0,8211.2
2462.38,100.0,21820.0,,,,,100.0,100.0,8211.2
2463.39,100.0,21719.8,,,,,100.0,100.0,8211.5
2464.39,0.0,21719.9,,,,,0.0,0.0,8198.6
2465.39,100.0,21761.5,,,,,100.0,100.0,8205.5
2466.39,0.0,21803.0,,,,,0.0,0.0,8195.1
2467.39,100.0,21844.6,,,,,100.0,100.0,8207.0
2468.39,100.0,21844.6,,,,,100.0,100.0,8200.2
2469.39,100.0,21944.6,,,,,100.0,100.0,8209.6
2470.39,0.0,21944.6,,,,,0.0,0.0,8209.6
2471.39,100.0,21903.3,,,,,100.0,100.0,8211.1
2472.39,100.0,21861.7,,,,,100.0,100.0,8211.3
2473.39,100.0,21820.0,,,,,100.0,100.0,8211.3
2474.39,0.0,21820.0,,,,,0.0,0.0,8211.3
2475.39,100.0,21719.9,,,,,100.0,100.0,8205.7
2476.39,0.0,21761.5,,,,,0.0,0.0,8195.4
2477.39,100.0,21803.0,,,,,100.0,100.0,8206.5
2478.39,100.0,21803.0,,,,,100.0,100.0,8194.3
2479.39,100.0,21823.8,,,,,100.0,100.0,8203.7
2480.39,0.0,21878.6,,,,,0.0,0.0,8207.5
2481.39,100.0,21944.6,,,,,100.0,100.0,8210.0
2482.39,100.0,21903.3,,,,,100.0,100.0,8211.5
2483.39,100.0,21861.7,,,,,100.0,100.0,8211.7
2484.39,0.0,21861.7,,,,,0.0,0.0,8211.7
2485.39,100.0,21820.0,,,,,100.0,100.0,8211.7
2486.39,100.0,21719.8,,,,,100.0,100.0,8197.1
2487.39,0.0,21761.5,,,,,0.0,0.0,8187.8
2488.39,100.0,21761.5,,,,,100.0,100.0,8194.2
2489.39,100.0,21803.0,,,,,100.0,100.0,8206.5
2490.39,0.0,21844.6,,,,,0.0,0.0,8193.7
2491.39,100.0,21861.6,,,,,100.0,100.0,8204.6
2492.39,100.0,21944.6,,,,,100.0,100.0,8210.0
2493.39,100.0,21903.3,,,,,100.0,100.0,8211.6
2494.39,0.0,21903.3,,,,,0.0,0.0,8211.6
2495.39,100.0,21861.7,,,,,100.0,100.0,8211.8
2496.39,100.0,21820.0,,,,,100.0,100.0,8211.9
2497.39,100.0,21719.8,,,,,100.0,100.0,8212.0
2498.39,0.0,21719.9,,,,,0.0,0.0,8197.9
2499.39,100.0,21761.5,,,,,100.0,100.0,8198.4
2500.39,0.0,21803.0,,,,,0.0,0.0,8201.4
2501.39,100.0,21844.6,,,,,100.0,100.0,8197.9
2502.39,100.0,21844.6,,,,,100.0,100.0,8201.0
2503.39,100.0,21944.6,,,,,100.0,100.0,8210.2
2504.39,0.0,21944.6,,,,,0.0,0.0,8210.2
2505.39,100.0,21903.3,,,,,100.0,100.0,8211.8
2506.39,100.0,21861.7,,,,,100.0,100.0,8212.0
2507.39,100.0,21820.0,,,,,100.0,100.0,8212.0
2508.39,0.0,21820.0,,,,,0.0,0.0,8212.0
2509.39,100.0,21719.9,,,,,100.0,100.0,8206.3
2510.39,0.0,21761.5,,,,,0.0,0.0,8197.4
2511.39,100.0,21803.0,,,,,100.0,100.0,8207.2
2512.39,100.0,21803.0,,,,,100.0,100.0,8195.3
2513.39,100.0,21823.8,,,,,100.0,100.0,8206.2
2514.39,0.0,21878.6,,,,,0.0,0.0,8207.8
2515.39,100.0,21944.6,,,,,100.0,100.0,8210.4
2516.39,100.0,21903.3,,,,,100.0,100.0,8212.0
2517.39,100.0,21861.7,,,,,100.0,100.0,8212.2
2518.39,0.0,21861.7,,,,,0.0,0.0,8212.2
2519.39,100.0,21820.0,,,,,100.0,100.0,8212.2
2520.39,100.0,21719.8,,,,,100.0,100.0,8195.8
2521.39,0.0,21761.5,,,,,0.0,0.0,8187.5
2522.39,100.0,21761.5,,,,,100.0,100.0,8193.6
2523.39,100.0,21803.0,,,,,100.0,100.0,8207.3
2524.39,0.0,21844.6,,,,,0.0,0.0,8193.7
2525.39,100.0,21844.6,,,,,100.0,100.0,8201.6
2526.39,100.0,21944.6,,,,,100.0,100.0,8210.8
2527.4,100.0,21903.3,,,,,100.0,100.0,8212.2
2528.4,0.0,21903.3,,,,,0.0,0.0,8212.2
2529.4,100.0,21861.7,,,,,100.0,100.0,8212.4
2530.4,100.0,21820.0,,,,,100.0,100.0,8212.4
2531.4,100.0,21719.8,,,,,100.0,100.0,8212.7
2532.4,0.0,21719.9,,,,,0.0,0.0,8196.0
2533.4,100.0,21761.5,,,,,100.0,100.0,8206.9
2534.4,0.0,21803.0,,,,,0.0,0.0,8207.8
2535.4,100.0,21823.8,,,,,100.0,100.0,8204.0
2536.4,100.0,21844.6,,,,,100.0,100.0,8200.8
2537.4,100.0,21944.6,,,,,100.0,100.0,8211.1
2538.4,0.0,21944.6,,,,,0.0,0.0,8211.1
2539.4,100.0,21903.3,,,,,100.0,100.0,8212.5
2540.4,100.0,21861.7,,,,,100.0,100.0,8212.7
2541.4,100.0,21820.0,,,,,100.0,100.0,8212.7
2542.4,0.0,21820.0,,,,,0.0,0.0,8212.7
2543.4,100.0,21719.9,,,,,100.0,100.0,8206.9
2544.4,0.0,21761.5,,,,,0.0,0.0,8195.2
2545.4,100.0,21803.0,,,,,100.0,100.0,8207.7
2546.4,100.0,21803.0,,,,,100.0,100.0,8193.9
2547.4,100.0,21823.8,,,,,100.0,100.0,8203.0
2548.4,0.0,21878.6,,,,,0.0,0.0,8208.6
2549.4,100.0,21944.6,,,,,100.0,100.0,8211.2
2550.4,100.0,21903.3,,,,,100.0,100.0,8212.7
2551.4,100.0,21861.7,,,,,100.0,100.0,8212.9
2552.4,0.0,21861.7,,,,,0.0,0.0,8212.9
2553.4,100.0,21820.0,,,,,100.0,100.0,8212.9
2554.4,100.0,21719.8,,,,,100.0,100.0,8195.4
2555.4,0.0,21761.5,,,,,0.0,0.0,8207.4
2556.4,100.0,21761.5,,,,,100.0,100.0,8195.7
2557.4,100.0,21803.0,,,,,100.0,100.0,8208.4
2558.4,0.0,21844.6,,,,,0.0,0.0,8196.2
2559.4,100.0,21861.6,,,,,100.0,100.0,8203.9
2560.4,100.0,21944.6,,,,,100.0,100.0,8211.3
2561.4,100.0,21903.3,,,,,100.0,100.0,8212.8
2562.4,0.0,21903.3,,,,,0.0,0.0,8212.8
2563.4,100.0,21861.7,,,,,100.0,100.0,8213.0
2564.4,100.0,21820.0,,,,,100.0,100.0,8213.0
2565.4,100.0,21719.8,,,,,100.0,100.0,8213.2
2566.4,0.0,21719.9,,,,,0.0,0.0,8194.9
2567.4,100.0,21761.5,,,,,100.0,100.0,8197.7
2568.4,0.0,21803.0,,,,,0.0,0.0,8194.3
2569.4,100.0,21840.8,,,,,100.0,100.0,8208.3
2570.4,100.0,21844.6,,,,,100.0,100.0,8200.4
2571.4,100.0,21944.6,,,,,100.0,100.0,8211.6
2572.4,0.0,21944.6,,,,,0.0,0.0,8211.6
2573.4,100.0,21903.3,,,,,100.0,100.0,8213.0
2574.4,100.0,21861.7,,,,,100.0,100.0,8213.2
2575.4,100.0,21820.0,,,,,100.0,100.0,8213.2
2576.4,0.0,21820.0,,,,,0.0,0.0,8213.2
2577.4,100.0,21719.9,,,,,100.0,100.0,8207.6
2578.4,0.0,21761.5,,,,,0.0,0.0,8195.5
2579.4,100.0,21782.3,,,,,100.0,100.0,8206.2
2580.4,100.0,21803.0,,,,,100.0,100.0,8208.5
2581.4,100.0,21803.0,,,,,100.0,100.0,8201.3
2582.4,0.0,21878.6,,,,,0.0,0.0,8209.0
2583.4,100.0,21944.6,,,,,100.0,100.0,8211.8
2584.4,100.0,21903.3,,,,,100.0,100.0,8213.4
2585.4,100.0,21861.7,,,,,100.0,100.0,8213.5
2586.4,0.0,21861.7,,,,,0.0,0.0,8213.5
2587.4,100.0,21820.0,,,,,100.0,100.0,8213.5
2588.4,100.0,21719.8,,,,,100.0,100.0,8194.3
2589.4,0.0,21761.5,,,,,0.0,0.0,8207.9
2590.4,100.0,21761.5,,,,,100.0,100.0,8193.7
2591.4,100.0,21761.5,,,,,100.0,100.0,8204.2
2592.41,0.0,21844.6,,,,,0.0,0.0,8191.2
2593.41,100.0,21844.6,,,,,100.0,100.0,8197.6
2594.41,100.0,21944.6,,,,,100.0,100.0,8212.0
2595.41,100.0,21903.3,,,,,100.0,100.0,8213.6
2596.41,0.0,21903.3,,,,,0.0,0.0,8213.6
2597.41,100.0,21861.7,,,,,100.0,100.0,8213.8
2598.41,100.0,21820.0,,,,,100.0,100.0,8213.8
2599.41,100.0,21719.8,,,,,100.0,100.0,8214.0
2600.41,0.0,21719.9,,,,,0.0,0.0,8194.6
2601.41,100.0,21761.5,,,,,100.0,100.0,8198.1
2602.41,0.0,21803.0,,,,,0.0,0.0,8202.3
2603.41,100.0,21823.8,,,,,100.0,100.0,8204.9
2604.41,100.0,21844.6,,,,,100.0,100.0,8202.4
2605.41,100.0,21944.6,,,,,100.0,100.0,8212.1
2606.41,0.0,21944.6,,,,,0.0,0.0,8212.1
2607.41,100.0,21902.9,,,,,100.0,100.0,8213.7
2608.41,100.0,21861.3,,,,,100.0,100.0,8213.9
2609.41,100.0,21819.6,,,,,100.0,100.0,8213.9
2610.41,0.0,21819.6,,,,,0.0,0.0,8213.9
2611.41,100.0,21719.5,,,,,100.0,100.0,8208.1
2612.41,0.0,21761.1,,,,,0.0,0.0,8196.5
2613.41,100.0,21802.7,,,,,100.0,100.0,8208.8
2614.41,100.0,21861.2,,,,,100.0,100.0,8213.3
2615.41,100.0,21819.6,,,,,100.0,100.0,8213.3
2616.41,0.0,21819.6,,,,,0.0,0.0,8213.3
2617.41,100.0,21719.9,,,,,100.0,100.0,8208.2
2618.41,0.0,21761.5,,,,,0.0,0.0,8195.4
2619.41,100.0,21803.0,,,,,100.0,100.0,8209.0
2620.41,100.0,21803.0,,,,,100.0,100.0,8196.0
2621.41,100.0,21823.8,,,,,100.0,100.0,8207.9
2622.41,0.0,21878.6,,,,,0.0,0.0,8210.0
2623.41,100.0,21944.6,,,,,100.0,100.0,8212.7
2624.41,100.0,21903.3,,,,,100.0,100.0,8214.3
2625.41,100.0,21861.7,,,,,100.0,100.0,8214.4
2626.41,0.0,21861.7,,,,,0.0,0.0,8214.4
2627.41,100.0,21820.0,,,,,100.0,100.0,8214.4
2628.41,100.0,21719.8,,,,,100.0,100.0,8214.7
2629.41,0.0,21761.5,,,,,0.0,0.0,8198.5
2630.41,100.0,21761.5,,,,,100.0,100.0,8193.1
2631.41,100.0,21761.5,,,,,100.0,100.0,8202.2
2632.41,0.0,21844.6,,,,,0.0,0.0,8202.4
2633.41,100.0,21844.6,,,,,100.0,100.0,8204.9
2634.41,100.0,21944.6,,,,,100.0,100.0,8212.9
2635.41,100.0,21903.3,,,,,100.0,100.0,8214.5
2636.41,0.0,21903.3,,,,,0.0,0.0,8214.5
2637.41,100.0,21861.7,,,,,100.0,100.0,8214.6
2638.41,100.0,21820.0,,,,,100.0,100.0,8214.6
2639.41,100.0,21719.8,,,,,100.0,100.0,8214.8
2640.41,0.0,21719.9,,,,,0.0,0.0,8195.6
2641.41,100.0,21761.5,,,,,100.0,100.0,8208.7
2642.41,0.0,21803.0,,,,,0.0,0.0,8209.6
2643.41,100.0,21803.0,,,,,100.0,100.0,8203.1
2644.41,100.0,21844.6,,,,,100.0,100.0,8210.5
2645.41,100.0,21944.6,,,,,100.0,100.0,8213.1
2646.41,0.0,21944.6,,,,,0.0,0.0,8213.1
2647.41,100.0,21903.3,,,,,100.0,100.0,8214.7
2648.41,100.0,21861.7,,,,,100.0,100.0,8214.9
2649.41,100.0,21820.0,,,,,100.0,100.0,8214.9
2650.41,0.0,21820.0,,,,,0.0,0.0,8214.9
2651.41,100.0,21719.9,,,,,100.0,100.0,8208.9
2652.41,0.0,21761.5,,,,,0.0,0.0,8195.4
2653.41,100.0,21779.4,,,,,100.0,100.0,8207.2
2654.42,100.0,21803.0,,,,,100.0,100.0,8193.7
2655.42,100.0,21823.8,,,,,100.0,100.0,8204.4
2656.42,0.0,21878.6,,,,,0.0,0.0,8210.4
2657.42,100.0,21944.6,,,,,100.0,100.0,8213.2
2658.42,100.0,21903.3,,,,,100.0,100.0,8214.9
2659.42,100.0,21861.7,,,,,100.0,100.0,8215.1
2660.42,0.0,21861.7,,,,,0.0,0.0,8215.1
2661.42,100.0,21820.0,,,,,100.0,100.0,8215.1
2662.42,100.0,21719.8,,,,,100.0,100.0,8193.5
2663.42,0.0,21761.5,,,,,0.0,0.0,8209.6
2664.42,100.0,21761.5,,,,,100.0,100.0,8195.0
2665.42,100.0,21761.5,,,,,100.0,100.0,8205.5
2666.42,0.0,21844.6,,,,,0.0,0.0,8194.2
2667.42,100.0,21844.6,,,,,100.0,100.0,8200.1
2668.42,100.0,21944.6,,,,,100.0,100.0,8213.8
2669.42,100.0,21903.3,,,,,100.0,100.0,8215.3
2670.42,0.0,21903.3,,,,,0.0,0.0,8215.3
2671.42,100.0,21861.7,,,,,100.0,100.0,8215.5
2672.42,100.0,21820.0,,,,,100.0,100.0,8215.5
2673.42,100.0,21719.8,,,,,100.0,100.0,8215.8
2674.42,0.0,21719.9,,,,,0.0,0.0,8196.1
2675.42,100.0,21740.7,,,,,100.0,100.0,8209.0
2676.42,0.0,21803.0,,,,,0.0,0.0,8210.7
2677.42,100.0,21803.0,,,,,100.0,100.0,8202.8
2678.42,100.0,21844.6,,,,,100.0,100.0,8211.7
2679.42,100.0,21944.6,,,,,100.0,100.0,8214.2
2680.42,0.0,21944.6,,,,,0.0,0.0,8214.2
2681.42,100.0,21903.3,,,,,100.0,100.0,8215.6
2682.42,100.0,21861.7,,,,,100.0,100.0,8215.8
2683.42,100.0,21820.0,,,,,100.0,100.0,8215.8
2684.42,0.0,21820.0,,,,,0.0,0.0,8215.8
2685.42,100.0,21719.9,,,,,100.0,100.0,8209.9
2686.42,0.0,21761.5,,,,,0.0,0.0,8195.8
2687.42,100.0,21761.5,,,,,100.0,100.0,8206.4
2688.42,100.0,21803.0,,,,,100.0,100.0,8211.0
2689.42,100.0,21803.0,,,,,100.0,100.0,8200.3
2690.42,0.0,21878.6,,,,,0.0,0.0,8211.6
2691.42,100.0,21944.6,,,,,100.0,100.0,8214.3
2692.42,100.0,21903.3,,,,,100.0,100.0,8215.8
2693.42,100.0,21861.7,,,,,100.0,100.0,8215.9
2694.42,0.0,21861.7,,,,,0.0,0.0,8215.9
2695.42,100.0,21820.0,,,,,100.0,100.0,8215.9
2696.42,100.0,21719.8,,,,,100.0,100.0,8194.7
2697.42,0.0,21761.5,,,,,0.0,0.0,8210.3
2698.42,100.0,21761.5,,,,,100.0,100.0,8195.1
2699.42,100.0,21761.5,,,,,100.0,100.0,8207.6
2700.42,0.0,21844.6,,,,,0.0,0.0,8195.6
2701.42,100.0,21844.6,,,,,100.0,100.0,8202.2
2702.42,100.0,21944.6,,,,,100.0,100.0,8214.6
2703.42,100.0,21903.1,,,,,100.0,100.0,8216.1
2704.42,0.0,21903.3,,,,,0.0,0.0,8216.1
2705.42,100.0,21861.7,,,,,100.0,100.0,8216.3
2706.42,100.0,21820.0,,,,,100.0,100.0,8216.3
2707.42,100.0,21719.8,,,,,100.0,100.0,8216.4
2708.42,0.0,21719.9,,,,,0.0,0.0,8210.7
2709.42,100.0,21740.7,,,,,100.0,100.0,8207.9
2710.42,0.0,21803.0,,,,,0.0,0.0,8211.6
2711.42,100.0,21803.0,,,,,100.0,100.0,8201.9
2712.42,100.0,21844.6,,,,,100.0,100.0,8203.0
2713.42,100.0,21944.6,,,,,100.0,100.0,8214.8
2714.42,0.0,21944.6,,,,,0.0,0.0,8214.8
2715.42,100.0,21903.3,,,,,100.0,100.0,8216.4
2716.42,100.0,21861.7,,,,,100.0,100.0,8216.6
2717.42,100.0,21820.0,,,,,100.0,100.0,8216.6
2718.42,0.0,21820.0,,,,,0.0,0.0,8216.6
2719.43,100.0,21719.9,,,,,100.0,100.0,8210.8
2720.43,0.0,21761.5,,,,,0.0,0.0,8196.8
2721.43,100.0,21761.5,,,,,100.0,100.0,8202.1
2722.43,100.0,21803.0,,,,,100.0,100.0,8211.9
2723.43,100.0,21803.0,,,,,100.0,100.0,8199.2
2724.43,0.0,21861.6,,,,,0.0,0.0,8211.9
2725.43,100.0,21944.6,,,,,100.0,100.0,8215.2
2726.43,100.0,21903.3,,,,,100.0,100.0,8216.7
2727.43,0.0,21903.3,,,,,0.0,0.0,8216.7
2728.43,100.0,21861.7,,,,,100.0,100.0,8216.9
2729.43,100.0,21820.0,,,,,100.0,100.0,8216.9
2730.43,100.0,21719.8,,,,,100.0,100.0,8217.0
2731.43,0.0,21719.9,,,,,0.0,0.0,8196.4
2732.43,100.0,21761.5,,,,,100.0,100.0,8209.4
2733.43,0.0,21803.0,,,,,0.0,0.0,8210.1
2734.43,100.0,21823.8,,,,,100.0,100.0,8205.6
2735.43,100.0,21844.6,,,,,100.0,100.0,8203.5
2736.43,100.0,21944.6,,,,,100.0,100.0,8213.6
2737.43,0.0,21944.6,,,,,0.0,0.0,8213.6
2738.43,100.0,21903.3,,,,,100.0,100.0,8215.0
2739.43,100.0,21861.7,,,,,100.0,100.0,8215.2
2740.43,100.0,21820.0,,,,,100.0,100.0,8215.2
2741.43,0.0,21820.0,,,,,0.0,0.0,8215.2
2742.43,100.0,21719.9,,,,,100.0,100.0,8209.6
2743.43,0.0,21761.5,,,,,0.0,0.0,8197.6
2744.43,100.0,21778.5,,,,,100.0,100.0,8208.8
2745.43,100.0,21803.0,,,,,100.0,100.0,8196.7
2746.43,100.0,21803.0,,,,,100.0,100.0,8204.6
2747.43,0.0,21878.6,,,,,0.0,0.0,8211.6
2748.43,100.0,21944.6,,,,,100.0,100.0,8214.1
2749.43,100.0,21903.3,,,,,100.0,100.0,8215.5
2750.43,100.0,21861.7,,,,,100.0,100.0,8215.7
2751.43,0.0,21861.7,,,,,0.0,0.0,8215.7
2752.43,100.0,21820.0,,,,,100.0,100.0,8215.7
2753.43,100.0,21719.8,,,,,100.0,100.0,8216.0
2754.43,0.0,21761.5,,,,,0.0,0.0,8189.9
2755.43,100.0,21761.5,,,,,100.0,100.0,8196.2
2756.43,100.0,21782.3,,,,,100.0,100.0,8208.8
2757.43,0.0,21844.6,,,,,0.0,0.0,8197.5
2758.43,100.0,21844.6,,,,,100.0,100.0,8202.2
2759.43,100.0,21944.6,,,,,100.0,100.0,8214.3
2760.43,100.0,21903.3,,,,,100.0,100.0,8215.8
2761.43,0.0,21903.3,,,,,0.0,0.0,8215.8
2762.43,100.0,21861.7,,,,,100.0,100.0,8216.0
2763.43,100.0,21820.0,,,,,100.0,100.0,8216.0
2764.43,100.0,21719.8,,,,,100.0,100.0,8216.1
2765.43,0.0,21719.9,,,,,0.0,0.0,8197.0
2766.43,100.0,21740.7,,,,,100.0,100.0,8208.4
2767.43,0.0,21803.0,,,,,0.0,0.0,8211.3
2768.43,100.0,21803.0,,,,,100.0,100.0,8203.6
2769.43,100.0,21844.6,,,,,100.0,100.0,8212.1
2770.43,100.0,21944.6,,,,,100.0,100.0,8214.7
2771.43,0.0,21944.6,,,,,0.0,0.0,8214.7
2772.43,100.0,21903.3,,,,,100.0,100.0,8216.2
2773.43,100.0,21861.7,,,,,100.0,100.0,8216.4
2774.43,100.0,21820.0,,,,,100.0,100.0,8216.4
2775.43,0.0,21820.0,,,,,0.0,0.0,8216.4
2776.43,100.0,21719.9,,,,,100.0,100.0,8210.3
2777.43,0.0,21761.5,,,,,0.0,0.0,8196.7
2778.43,100.0,21761.5,,,,,100.0,100.0,8202.3
2779.43,100.0,21803.0,,,,,100.0,100.0,8193.4
2780.43,100.0,21803.0,,,,,100.0,100.0,8200.7
2781.43,0.0,21861.6,,,,,0.0,0.0,8210.6
2782.43,100.0,21944.6,,,,,100.0,100.0,8214.9
2783.44,100.0,21903.3,,,,,100.0,100.0,8216.5
2784.44,100.0,21861.7,,,,,100.0,100.0,8216.7
2785.44,0.0,21861.7,,,,,0.0,0.0,8216.7
2786.44,100.0,21820.0,,,,,100.0,100.0,8216.7
2787.44,100.0,21719.8,,,,,100.0,100.0,8216.9
2788.44,0.0,21761.5,,,,,0.0,0.0,8210.6
2789.44,100.0,21761.5,,,,,100.0,100.0,8194.2
2790.44,100.0,21761.5,,,,,100.0,100.0,8202.0
2791.44,0.0,21844.6,,,,,0.0,0.0,8212.5
2792.44,100.0,21844.6,,,,,100.0,100.0,8205.8
2793.44,100.0,21944.6,,,,,100.0,100.0,8215.1
2794.44,100.0,21903.0,,,,,100.0,100.0,8216.5
2795.44,0.0,21903.3,,,,,0.0,0.0,8216.7
2796.44,100.0,21861.7,,,,,100.0,100.0,8216.9
2797.44,100.0,21820.0,,,,,100.0,100.0,8216.9
2798.44,0.0,21820.0,,,,,0.0,0.0,8216.9
2799.44,100.0,21719.9,,,,,100.0,100.0,8196.7
2800.44,100.0,21740.7,,,,,100.0,100.0,8208.2
2801.44,0.0,21803.0,,,,,0.0,0.0,8212.1
2802.44,100.0,21803.0,,,,,100.0,100.0,8201.9
2803.44,100.0,21844.6,,,,,100.0,100.0,8212.8
2804.44,0.0,21878.6,,,,,0.0,0.0,8212.8
2805.44,100.0,21944.6,,,,,100.0,100.0,8215.4
2806.44,100.0,21903.3,,,,,100.0,100.0,8216.9
2807.44,100.0,21861.7,,,,,100.0,100.0,8217.1
2808.44,0.0,21861.7,,,,,0.0,0.0,8217.1
2809.44,100.0,21820.0,,,,,100.0,100.0,8217.1
2810.44,100.0,21719.9,,,,,100.0,100.0,8211.2
2811.44,0.0,21761.5,,,,,0.0,0.0,8197.6
2812.44,100.0,21761.5,,,,,100.0,100.0,8204.5
2813.44,100.0,21803.0,,,,,100.0,100.0,8212.4
2814.44,0.0,21844.6,,,,,0.0,0.0,8201.9
2815.44,100.0,21878.6,,,,,100.0,100.0,8213.0
2816.44,100.0,21944.6,,,,,100.0,100.0,8215.7
2817.44,100.0,21903.3,,,,,100.0,100.0,8217.3
2818.44,0.0,21903.3,,,,,0.0,0.0,8217.3
2819.44,100.0,21861.7,,,,,100.0,100.0,8217.4
2820.44,100.0,21820.0,,,,,100.0,100.0,8217.4
2821.44,100.0,21719.8,,,,,100.0,100.0,8217.7
2822.44,0.0,21740.7,,,,,0.0,0.0,8210.8
2823.44,100.0,21761.5,,,,,100.0,100.0,8197.4
2824.44,0.0,21803.0,,,,,0.0,0.0,8203.7
2825.44,100.0,21844.6,,,,,100.0,100.0,8195.2
2826.44,100.0,21844.6,,,,,100.0,100.0,8200.2
2827.44,100.0,21944.6,,,,,100.0,100.0,8216.1
2828.44,0.0,21944.6,,,,,0.0,0.0,8216.1
2829.44,100.0,21903.3,,,,,100.0,100.0,8217.7
2830.44,100.0,21861.7,,,,,100.0,100.0,8217.8
2831.44,100.0,21820.0,,,,,100.0,100.0,8217.8
2832.44,0.0,21820.0,,,,,0.0,0.0,8217.8
2833.44,100.0,21719.9,,,,,100.0,100.0,8212.1
2834.44,0.0,21761.5,,,,,0.0,0.0,8205.4
2835.44,100.0,21803.0,,,,,100.0,100.0,8213.0
2836.44,100.0,21803.0,,,,,100.0,100.0,8202.5
2837.44,100.0,21844.6,,,,,100.0,100.0,8213.8
2838.44,0.0,21878.6,,,,,0.0,0.0,8213.9
2839.44,100.0,21944.6,,,,,100.0,100.0,8216.4
2840.44,100.0,21903.3,,,,,100.0,100.0,8217.9
2841.44,100.0,21861.7,,,,,100.0,100.0,8218.1
2842.44,0.0,21861.7,,,,,0.0,0.0,8218.1
2843.44,100.0,21820.0,,,,,100.0,100.0,8218.1
2844.44,100.0,21719.8,,,,,100.0,100.0,8207.8
2845.44,0.0,21761.5,,,,,0.0,0.0,8198.1
2846.44,100.0,21761.5,,,,,100.0,100.0,8202.7
2847.44,100.0,21803.0,,,,,100.0,100.0,8213.3
2848.45,0.0,21844.6,,,,,0.0,0.0,8201.7
2849.45,100.0,21878.6,,,,,100.0,100.0,8213.6
2850.45,100.0,21944.6,,,,,100.0,100.0,8216.6
2851.45,100.0,21903.3,,,,,100.0,100.0,8218.1
2852.45,0.0,21903.3,,,,,0.0,0.0,8218.1
2853.45,100.0,21861.7,,,,,100.0,100.0,8218.3
2854.45,100.0,21820.0,,,,,100.0,100.0,8218.3
2855.45,100.0,21719.8,,,,,100.0,100.0,8218.6
2856.45,0.0,21719.9,,,,,0.0,0.0,8207.3
2857.45,100.0,21761.5,,,,,100.0,100.0,8194.9
2858.45,0.0,21803.0,,,,,0.0,0.0,8201.7
2859.45,100.0,21844.6,,,,,100.0,100.0,8194.7
2860.45,100.0,21844.6,,,,,100.0,100.0,8201.2
2861.45,100.0,21944.6,,,,,100.0,100.0,8216.8
2862.45,0.0,21944.6,,,,,0.0,0.0,8216.8
2863.45,100.0,21903.3,,,,,100.0,100.0,8218.4
2864.45,100.0,21861.7,,,,,100.0,100.0,8218.6
2865.45,100.0,21820.0,,,,,100.0,100.0,8218.6
2866.45,0.0,21820.0,,,,,0.0,0.0,8218.6
2867.45,100.0,21719.9,,,,,100.0,100.0,8212.7
2868.45,0.0,21761.5,,,,,0.0,0.0,8204.3
2869.45,100.0,21803.0,,,,,100.0,100.0,8213.8
2870.45,100.0,21803.0,,,,,100.0,100.0,8202.1
2871.45,100.0,21823.8,,,,,100.0,100.0,8213.5
2872.45,0.0,21878.6,,,,,0.0,0.0,8214.7
2873.45,100.0,21944.6,,,,,100.0,100.0,8217.2
2874.45,100.0,21903.3,,,,,100.0,100.0,8218.7
2875.45,100.0,21861.7,,,,,100.0,100.0,8218.9
2876.45,0.0,21861.7,,,,,0.0,0.0,8218.9
2877.45,100.0,21820.0,,,,,100.0,100.0,8218.9
2878.45,100.0,21719.8,,,,,100.0,100.0,8205.9
2879.45,0.0,21761.5,,,,,0.0,0.0,8197.0
2880.45,100.0,21761.5,,,,,100.0,100.0,8203.9
2881.45,100.0,21803.0,,,,,100.0,100.0,8214.0
2882.45,0.0,21844.6,,,,,0.0,0.0,8203.1
2883.45,100.0,21878.6,,,,,100.0,100.0,8214.4
2884.45,100.0,21944.6,,,,,100.0,100.0,8217.3
2885.45,100.0,21903.3,,,,,100.0,100.0,8218.9
2886.45,0.0,21903.3,,,,,0.0,0.0,8218.9
2887.45,100.0,21861.7,,,,,100.0,100.0,8219.1
2888.45,100.0,21820.0,,,,,100.0,100.0,8219.1
2889.45,100.0,21719.8,,,,,100.0,100.0,8194.9
2890.45,0.0,21719.9,,,,,0.0,0.0,8204.5
2891.45,100.0,21761.5,,,,,100.0,100.0,8194.7
2892.45,0.0,21803.0,,,,,0.0,0.0,8201.8
2893.45,100.0,21844.6,,,,,100.0,100.0,8215.1
2894.45,100.0,21844.6,,,,,100.0,100.0,8207.0
2895.45,100.0,21944.6,,,,,100.0,100.0,8217.7
2896.45,0.0,21944.6,,,,,0.0,0.0,8217.7
2897.45,100.0,21903.3,,,,,100.0,100.0,8219.2
2898.45,100.0,21861.7,,,,,100.0,100.0,8219.4
2899.45,100.0,21820.0,,,,,100.0,100.0,8219.4
2900.45,0.0,21820.0,,,,,0.0,0.0,8219.4
2901.45,100.0,21719.9,,,,,100.0,100.0,8213.4
2902.45,0.0,21761.5,,,,,0.0,0.0,8204.5
2903.45,100.0,21803.0,,,,,100.0,100.0,8214.5
2904.45,100.0,21803.0,,,,,100.0,100.0,8201.3
2905.45,100.0,21823.8,,,,,100.0,100.0,8208.9
2906.46,0.0,21878.6,,,,,0.0,0.0,8215.2
2907.46,100.0,21944.6,,,,,100.0,100.0,8217.9
2908.46,100.0,21903.3,,,,,100.0,100.0,8219.5
2909.46,100.0,21861.7,,,,,100.0,100.0,8219.7
2910.46,0.0,21861.7,,,,,0.0,0.0,8219.7
2911.46,100.0,21820.0,,,,,100.0,100.0,8219.7
2912.46,100.0,21719.8,,,,,100.0,100.0,8204.9
2913.46,0.0,21761.5,,,,,0.0,0.0,8214.0
2914.46,100.0,21761.5,,,,,100.0,100.0,8202.1
2915.46,100.0,21803.0,,,,,100.0,100.0,8214.7
2916.46,0.0,21844.6,,,,,0.0,0.0,8202.6
2917.46,100.0,21861.6,,,,,100.0,100.0,8211.7
2918.46,100.0,21944.6,,,,,100.0,100.0,8218.3
2919.46,100.0,21903.3,,,,,100.0,100.0,8219.8
2920.46,0.0,21903.3,,,,,0.0,0.0,8219.8
2921.46,100.0,21861.7,,,,,100.0,100.0,8220.0
2922.46,100.0,21820.0,,,,,100.0,100.0,8220.0
2923.46,100.0,21719.8,,,,,100.0,100.0,8195.2
2924.46,0.0,21719.9,,,,,0.0,0.0,8205.3
2925.46,100.0,21761.5,,,,,100.0,100.0,8195.5
2926.46,0.0,21803.0,,,,,0.0,0.0,8203.3
2927.46,100.0,21844.6,,,,,100.0,100.0,8215.9
2928.46,100.0,21844.6,,,,,100.0,100.0,8201.6
2929.46,100.0,21944.6,,,,,100.0,100.0,8218.4
2930.46,0.0,21944.6,,,,,0.0,0.0,8218.4
2931.46,100.0,21903.3,,,,,100.0,100.0,8219.9
2932.46,100.0,21861.7,,,,,100.0,100.0,8220.1
2933.46,100.0,21820.0,,,,,100.0,100.0,8220.1
2934.46,0.0,21820.0,,,,,0.0,0.0,8220.1
2935.46,100.0,21719.9,,,,,100.0,100.0,8214.5
2936.46,0.0,21761.5,,,,,0.0,0.0,8204.6
2937.46,100.0,21803.0,,,,,100.0,100.0,8215.3
2938.46,100.0,21803.0,,,,,100.0,100.0,8202.0
2939.46,100.0,21844.6,,,,,100.0,100.0,8195.5
2940.46,0.0,21878.6,,,,,0.0,0.0,8216.3
2941.46,100.0,21944.6,,,,,100.0,100.0,8218.8
2942.46,100.0,21903.3,,,,,100.0,100.0,8220.3
2943.46,100.0,21861.7,,,,,100.0,100.0,8220.5
2944.46,0.0,21861.7,,,,,0.0,0.0,8220.5
2945.46,100.0,21820.0,,,,,100.0,100.0,8220.6
2946.46,100.0,21719.8,,,,,100.0,100.0,8204.5
2947.46,0.0,21761.5,,,,,0.0,0.0,8214.9
2948.46,100.0,21761.5,,,,,100.0,100.0,8203.8
2949.46,100.0,21803.0,,,,,100.0,100.0,8215.6
2950.46,0.0,21844.6,,,,,0.0,0.0,8203.5
2951.46,100.0,21861.6,,,,,100.0,100.0,8211.9
2952.46,100.0,21944.6,,,,,100.0,100.0,8218.8
2953.46,100.0,21903.3,,,,,100.0,100.0,8220.4
2954.46,0.0,21903.3,,,,,0.0,0.0,8220.4
2955.46,100.0,21861.7,,,,,100.0,100.0,8220.6
2956.46,100.0,21820.0,,,,,100.0,100.0,8220.6
2957.46,100.0,21719.8,,,,,100.0,100.0,8195.3
2958.46,0.0,21719.9,,,,,0.0,0.0,8203.4
2959.46,100.0,21761.5,,,,,100.0,100.0,8195.6
2960.46,0.0,21803.0,,,,,0.0,0.0,8202.6
2961.46,100.0,21844.6,,,,,100.0,100.0,8216.4
2962.46,100.0,21844.6,,,,,100.0,100.0,8202.5
2963.46,100.0,21944.6,,,,,100.0,100.0,8219.1
2964.46,0.0,21944.6,,,,,0.0,0.0,8219.1
2965.47,100.0,21903.3,,,,,100.0,100.0,8220.7
2966.47,100.0,21861.7,,,,,100.0,100.0,8220.8
2967.47,100.0,21820.0,,,,,100.0,100.0,8220.8
2968.47,0.0,21820.0,,,,,0.0,0.0,8220.8
2969.47,100.0,21719.9,,,,,100.0,100.0,8215.3
2970.47,0.0,21761.5,,,,,0.0,0.0,8203.6
2971.47,100.0,21803.0,,,,,100.0,100.0,8216.0
2972.47,100.0,21803.0,,,,,100.0,100.0,8216.1
2973.47,100.0,21803.0,,,,,100.0,100.0,8213.0
2974.47,0.0,21878.6,,,,,0.0,0.0,8216.9
2975.47,100.0,21944.6,,,,,100.0,100.0,8219.4
2976.47,100.0,21903.3,,,,,100.0,100.0,8221.1
2977.47,100.0,21861.7,,,,,100.0,100.0,8221.3
2978.47,0.0,21861.7,,,,,0.0,0.0,8221.3
2979.47,100.0,21820.0,,,,,100.0,100.0,8221.3
2980.47,100.0,21719.8,,,,,100.0,100.0,8203.3
2981.47,0.0,21761.5,,,,,0.0,0.0,8215.7
2982.47,100.0,21761.5,,,,,100.0,100.0,8202.8
2983.47,100.0,21803.0,,,,,100.0,100.0,8216.2
2984.47,0.0,21844.6,,,,,0.0,0.0,8202.6
2985.47,100.0,21844.6,,,,,100.0,100.0,8207.4
2986.47,100.0,21944.6,,,,,100.0,100.0,8219.8
2987.47,100.0,21903.3,,,,,100.0,100.0,8221.4
2988.47,0.0,21903.3,,,,,0.0,0.0,8221.4
2989.47,100.0,21861.7,,,,,100.0,100.0,8221.6
2990.47,100.0,21820.0,,,,,100.0,100.0,8221.6
2991.47,100.0,21719.8,,,,,100.0,100.0,8195.6
2992.47,0.0,21719.9,,,,,0.0,0.0,8203.2
2993.47,100.0,21761.5,,,,,100.0,100.0,8216.0
2994.47,0.0,21803.0,,,,,0.0,0.0,8202.9
2995.47,100.0,21823.8,,,,,100.0,100.0,8214.3
2996.47,100.0,21844.6,,,,,100.0,100.0,8201.6
2997.47,100.0,21944.6,,,,,100.0,100.0,8220.1
2998.47,0.0,21944.6,,,,,0.0,0.0,8220.1
2999.47,100.0,21903.3,,,,,100.0,100.0,8221.6
3000.47,100.0,21861.7,,,,,100.0,100.0,8221.8
3001.47,100.0,21820.0,,,,,100.0,100.0,8221.8
3002.47,0.0,21820.0,,,,,0.0,0.0,8221.8
3003.47,100.0,21719.9,,,,,100.0,100.0,8216.1
3004.47,0.0,21761.5,,,,,0.0,0.0,8209.7
3005.47,100.0,21803.0,,,,,100.0,100.0,8206.9
3006.47,100.0,21803.0,,,,,100.0,100.0,8203.0
3007.47,100.0,21803.0,,,,,100.0,100.0,8212.9
3008.47,0.0,21878.6,,,,,0.0,0.0,8217.8
3009.47,100.0,21944.6,,,,,100.0,100.0,8220.2
3010.47,100.0,21903.3,,,,,100.0,100.0,8221.8
3011.47,100.0,21861.7,,,,,100.0,100.0,8222.0
3012.47,0.0,21861.7,,,,,0.0,0.0,8222.0
3013.47,100.0,21820.0,,,,,100.0,100.0,8222.0
3014.47,100.0,21719.8,,,,,100.0,100.0,8203.4
3015.47,0.0,21761.5,,,,,0.0,0.0,8216.4
3016.47,100.0,21761.5,,,,,100.0,100.0,8204.3
3017.47,100.0,21803.0,,,,,100.0,100.0,8217.0
3018.47,0.0,21844.6,,,,,0.0,0.0,8218.1
3019.47,100.0,21844.6,,,,,100.0,100.0,8211.3
3020.47,100.0,21944.6,,,,,100.0,100.0,8220.5
3021.47,100.0,21903.3,,,,,100.0,100.0,8222.1
3022.47,0.0,21903.3,,,,,0.0,0.0,8222.1
3023.47,100.0,21861.7,,,,,100.0,100.0,8222.2
3024.47,100.0,21820.0,,,,,100.0,100.0,8222.2
3025.47,100.0,21719.8,,,,,100.0,100.0,8196.1
3026.47,0.0,21719.9,,,,,0.0,0.0,8203.4
3027.47,100.0,21761.5,,,,,100.0,100.0,8216.5
3028.47,0.0,21803.0,,,,,0.0,0.0,8203.4
3029.48,100.0,21803.0,,,,,100.0,100.0,8210.6
3030.48,100.0,21844.6,,,,,100.0,100.0,8199.3
3031.48,100.0,21944.6,,,,,100.0,100.0,8220.7
3032.48,0.0,21944.6,,,,,0.0,0.0,8220.7
3033.48,100.0,21903.3,,,,,100.0,100.0,8222.2
3034.48,100.0,21861.7,,,,,100.0,100.0,8222.4
3035.48,100.0,21820.0,,,,,100.0,100.0,8222.4
3036.48,0.0,21820.0,,,,,0.0,0.0,8222.4
3037.48,100.0,21719.9,,,,,100.0,100.0,8216.8
3038.48,0.0,21761.5,,,,,0.0,0.0,8210.5
3039.48,100.0,21782.3,,,,,100.0,100.0,8204.3
3040.48,100.0,21803.0,,,,,100.0,100.0,8210.8
3041.48,100.0,21823.8,,,,,100.0,100.0,8212.3
3042.48,0.0,21878.6,,,,,0.0,0.0,8218.1
3043.48,100.0,21944.6,,,,,100.0,100.0,8220.8
3044.48,100.0,21903.3,,,,,100.0,100.0,8222.5
3045.48,100.0,21861.7,,,,,100.0,100.0,8222.7
3046.48,0.0,21861.7,,,,,0.0,0.0,8222.7
3047.48,100.0,21820.0,,,,,100.0,100.0,8222.7
3048.48,100.0,21719.8,,,,,100.0,100.0,8204.2
3049.48,0.0,21761.5,,,,,0.0,0.0,8217.0
3050.48,100.0,21761.5,,,,,100.0,100.0,8204.4
3051.48,100.0,21782.3,,,,,100.0,100.0,8214.7
3052.48,0.0,21844.6,,,,,0.0,0.0,8218.7
3053.48,100.0,21844.6,,,,,100.0,100.0,8209.0
3054.48,100.0,21944.6,,,,,100.0,100.0,8221.3
3055.48,100.0,21903.3,,,,,100.0,100.0,8222.8
3056.48,0.0,21903.3,,,,,0.0,0.0,8222.8
3057.48,100.0,21861.7,,,,,100.0,100.0,8223.0
3058.48,100.0,21820.0,,,,,100.0,100.0,8223.0
3059.48,100.0,21719.8,,,,,100.0,100.0,8195.8
3060.48,0.0,21719.9,,,,,0.0,0.0,8202.9
3061.48,100.0,21761.5,,,,,100.0,100.0,8217.0
3062.48,0.0,21803.0,,,,,0.0,0.0,8203.3
3063.48,100.0,21803.0,,,,,100.0,100.0,8208.9
3064.48,100.0,21844.6,,,,,100.0,100.0,8199.8
3065.48,100.0,21944.6,,,,,100.0,100.0,8221.4
3066.48,0.0,21944.6,,,,,0.0,0.0,8221.4
3067.48,100.0,21903.3,,,,,100.0,100.0,8223.0
3068.48,100.0,21861.7,,,,,100.0,100.0,8223.2
3069.48,100.0,21820.0,,,,,100.0,100.0,8223.2
3070.48,0.0,21820.0,,,,,0.0,0.0,8223.2
3071.48,100.0,21719.9,,,,,100.0,100.0,8217.3
3072.48,0.0,21761.5,,,,,0.0,0.0,8202.9
3073.48,100.0,21802.3,,,,,100.0,100.0,8218.2
3074.48,100.0,21803.0,,,,,100.0,100.0,8202.7
3075.48,100.0,21803.0,,,,,100.0,100.0,8211.7
3076.48,0.0,21878.6,,,,,0.0,0.0,8219.1
3077.48,100.0,21944.6,,,,,100.0,100.0,8221.7
3078.48,100.0,21903.3,,,,,100.0,100.0,8223.2
3079.48,100.0,21861.7,,,,,100.0,100.0,8223.4
3080.48,0.0,21861.7,,,,,0.0,0.0,8223.4
3081.48,100.0,21820.0,,,,,100.0,100.0,8223.4
3082.48,100.0,21719.8,,,,,100.0,100.0,8204.1
3083.48,0.0,21761.5,,,,,0.0,0.0,8217.7
3084.48,100.0,21761.5,,,,,100.0,100.0,8203.8
3085.48,100.0,21761.5,,,,,100.0,100.0,8214.0
3086.48,0.0,21844.6,,,,,0.0,0.0,8219.4
3087.48,100.0,21844.6,,,,,100.0,100.0,8210.5
3088.48,100.0,21944.6,,,,,100.0,100.0,8221.8
3089.48,100.0,21903.3,,,,,100.0,100.0,8223.4
3090.48,0.0,21903.3,,,,,0.0,0.0,8223.4
3091.48,100.0,21861.7,,,,,100.0,100.0,8223.6
3092.49,100.0,21820.0,,,,,100.0,100.0,8223.6
3093.49,100.0,21719.8,,,,,100.0,100.0,8223.7
3094.49,0.0,21719.9,,,,,0.0,0.0,8203.2
3095.49,100.0,21761.5,,,,,100.0,100.0,8217.7
3096.49,0.0,21803.0,,,,,0.0,0.0,8204.2
3097.49,100.0,21803.0,,,,,100.0,100.0,8212.0
3098.49,100.0,21844.6,,,,,100.0,100.0,8219.5
3099.49,100.0,21944.6,,,,,100.0,100.0,8221.9
3100.49,0.0,21944.6,,,,,0.0,0.0,8221.9
3101.49,100.0,21903.3,,,,,100.0,100.0,8223.5
3102.49,100.0,21861.7,,,,,100.0,100.0,8223.7
3103.49,100.0,21820.0,,,,,100.0,100.0,8223.7
3104.49,0.0,21820.0,,,,,0.0,0.0,8223.7
3105.49,100.0,21719.9,,,,,100.0,100.0,8217.9
3106.49,0.0,21761.5,,,,,0.0,0.0,8211.2
3107.49,100.0,21761.5,,,,,100.0,100.0,8213.8
3108.49,100.0,21803.0,,,,,100.0,100.0,8203.8
3109.49,100.0,21803.0,,,,,100.0,100.0,8208.1
3110.49,0.0,21878.6,,,,,0.0,0.0,8219.6
3111.49,100.0,21944.6,,,,,100.0,100.0,8222.3
3112.49,100.0,21903.3,,,,,100.0,100.0,8223.8
3113.49,100.0,21861.7,,,,,100.0,100.0,8224.0
3114.49,0.0,21861.7,,,,,0.0,0.0,8224.0
3115.49,100.0,21820.0,,,,,100.0,100.0,8224.0
3116.49,100.0,21719.8,,,,,100.0,100.0,8204.1
3117.49,0.0,21740.7,,,,,0.0,0.0,8216.9
3118.49,100.0,21761.5,,,,,100.0,100.0,8219.0
3119.49,100.0,21761.5,,,,,100.0,100.0,8212.5
3120.49,0.0,21844.6,,,,,0.0,0.0,8220.2
3121.49,100.0,21844.6,,,,,100.0,100.0,8207.9
3122.49,100.0,21944.6,,,,,100.0,100.0,8222.5
3123.49,100.0,21903.3,,,,,100.0,100.0,8224.0
3124.49,0.0,21903.3,,,,,0.0,0.0,8224.0
3125.49,100.0,21861.7,,,,,100.0,100.0,8224.2
3126.49,100.0,21820.0,,,,,100.0,100.0,8224.2
3127.49,100.0,21719.8,,,,,100.0,100.0,8224.4
3128.49,0.0,21719.9,,,,,0.0,0.0,8204.5
3129.49,100.0,21719.9,,,,,100.0,100.0,8217.5
3130.49,0.0,21803.0,,,,,0.0,0.0,8203.2
3131.49,100.0,21803.0,,,,,100.0,100.0,8209.8
3132.49,100.0,21844.6,,,,,100.0,100.0,8220.5
3133.49,100.0,21944.6,,,,,100.0,100.0,8222.9
3134.49,0.0,21944.6,,,,,0.0,0.0,8222.9
3135.49,100.0,21903.3,,,,,100.0,100.0,8224.5
3136.49,100.0,21861.7,,,,,100.0,100.0,8224.7
3137.49,100.0,21820.0,,,,,100.0,100.0,8224.7
3138.49,0.0,21820.0,,,,,0.0,0.0,8224.7
3139.49,100.0,21719.9,,,,,100.0,100.0,8201.5
3140.49,0.0,21761.5,,,,,0.0,0.0,8202.9
3141.49,100.0,21782.3,,,,,100.0,100.0,8214.7
3142.49,100.0,21803.0,,,,,100.0,100.0,8212.3
3143.49,100.0,21803.0,,,,,100.0,100.0,8216.8
3144.49,0.0,21861.6,,,,,0.0,0.0,8218.8
3145.49,100.0,21944.6,,,,,100.0,100.0,8223.1
3146.49,100.0,21903.3,,,,,100.0,100.0,8224.7
3147.49,100.0,21861.7,,,,,100.0,100.0,8224.9
3148.49,0.0,21861.7,,,,,0.0,0.0,8224.9
3149.49,100.0,21820.0,,,,,100.0,100.0,8224.9
3150.49,100.0,21719.8,,,,,100.0,100.0,8204.1
3151.49,0.0,21761.5,,,,,0.0,0.0,8219.2
3152.49,100.0,21761.5,,,,,100.0,100.0,8219.7
3153.49,100.0,21761.5,,,,,100.0,100.0,8212.7
3154.49,0.0,21844.6,,,,,0.0,0.0,8220.9
3155.49,100.0,21844.6,,,,,100.0,100.0,8209.0
3156.5,100.0,21944.6,,,,,100.0,100.0,8223.3
3157.5,100.0,21903.0,,,,,100.0,100.0,8224.0
3158.5,0.0,21903.3,,,,,0.0,0.0,8224.9
3159.5,100.0,21861.7,,,,,100.0,100.0,8225.0
3160.5,100.0,21820.0,,,,,100.0,100.0,8225.0
3161.5,0.0,21820.0,,,,,0.0,0.0,8225.0
3162.5,100.0,21719.9,,,,,100.0,100.0,8204.3
3163.5,0.0,21782.3,,,,,0.0,0.0,8217.9
3164.5,100.0,21803.0,,,,,100.0,100.0,8204.8
3165.5,100.0,21803.0,,,,,100.0,100.0,8209.2
3166.5,100.0,21844.6,,,,,100.0,100.0,8221.0
3167.5,0.0,21878.6,,,,,0.0,0.0,8220.9
3168.5,100.0,21944.6,,,,,100.0,100.0,8223.5
3169.5,100.0,21903.3,,,,,100.0,100.0,8225.1
3170.5,100.0,21861.7,,,,,100.0,100.0,8225.3
3171.5,0.0,21861.7,,,,,0.0,0.0,8225.3
3172.5,100.0,21820.0,,,,,100.0,100.0,8225.3
3173.5,100.0,21685.8,,,,,100.0,100.0,8215.5
3174.5,0.0,21761.5,,,,,0.0,0.0,8211.7
3175.5,100.0,21761.5,,,,,100.0,100.0,8210.8
3176.5,100.0,21803.0,,,,,100.0,100.0,8212.4
3177.5,0.0,21844.6,,,,,0.0,0.0,8210.8
3178.5,100.0,21861.6,,,,,100.0,100.0,8219.4
3179.5,100.0,21944.6,,,,,100.0,100.0,8223.6
3180.5,100.0,21903.3,,,,,100.0,100.0,8225.2
3181.5,0.0,21903.3,,,,,0.0,0.0,8225.2
3182.5,100.0,21861.7,,,,,100.0,100.0,8225.4
3183.5,100.0,21820.0,,,,,100.0,100.0,8225.4
3184.5,100.0,21719.8,,,,,100.0,100.0,8225.6
3185.5,0.0,21719.9,,,,,0.0,0.0,8216.3
3186.5,100.0,21761.5,,,,,100.0,100.0,8220.2
3187.5,0.0,21803.0,,,,,0.0,0.0,8209.8
3188.5,100.0,21844.6,,,,,100.0,100.0,8221.4
3189.5,100.0,21844.6,,,,,100.0,100.0,8207.8
3190.5,100.0,21944.6,,,,,100.0,100.0,8223.9
3191.5,0.0,21944.6,,,,,0.0,0.0,8223.9
3192.5,100.0,21903.3,,,,,100.0,100.0,8225.5
3193.5,100.0,21861.7,,,,,100.0,100.0,8225.7
3194.5,100.0,21820.0,,,,,100.0,100.0,8225.7
3195.5,0.0,21820.0,,,,,0.0,0.0,8225.7
3196.5,100.0,21719.9,,,,,100.0,100.0,8204.2
3197.5,0.0,21761.5,,,,,0.0,0.0,8211.3
3198.5,100.0,21803.0,,,,,100.0,100.0,8220.9
3199.5,100.0,21803.0,,,,,100.0,100.0,8207.5
3200.5,100.0,21844.6,,,,,100.0,100.0,8221.6
3201.5,0.0,21878.6,,,,,0.0,0.0,8221.7
3202.5,100.0,21944.6,,,,,100.0,100.0,8224.2
3203.5,100.0,21903.3,,,,,100.0,100.0,8225.8
3204.5,100.0,21861.7,,,,,100.0,100.0,8226.0
3205.5,0.0,21861.7,,,,,0.0,0.0,8226.0
3206.5,100.0,21820.0,,,,,100.0,100.0,8226.0
3207.5,100.0,21719.8,,,,,100.0,100.0,8214.2
3208.5,0.0,21761.5,,,,,0.0,0.0,8204.2
3209.5,100.0,21761.5,,,,,100.0,100.0,8209.1
3210.5,100.0,21803.0,,,,,100.0,100.0,8201.5
3211.5,0.0,21844.6,,,,,0.0,0.0,8207.9
3212.5,100.0,21878.6,,,,,100.0,100.0,8221.4
3213.5,100.0,21944.6,,,,,100.0,100.0,8224.4
3214.5,100.0,21903.3,,,,,100.0,100.0,8225.9
3215.5,0.0,21903.3,,,,,0.0,0.0,8225.9
3216.5,100.0,21861.7,,,,,100.0,100.0,8226.1
3217.5,100.0,21820.0,,,,,100.0,100.0,8226.1
3218.5,100.0,21719.8,,,,,100.0,100.0,8226.4
3219.5,0.0,21719.9,,,,,0.0,0.0,8213.9
3220.5,100.0,21761.5,,,,,100.0,100.0,8220.9
3221.5,0.0,21803.0,,,,,0.0,0.0,8210.9
3222.51,100.0,21844.6,,,,,100.0,100.0,8222.1
3223.51,100.0,21844.6,,,,,100.0,100.0,8222.1
3224.51,100.0,21944.6,,,,,100.0,100.0,8224.6
3225.51,0.0,21944.6,,,,,0.0,0.0,8224.6
3226.51,100.0,21903.3,,,,,100.0,100.0,8226.2
3227.51,100.0,21861.7,,,,,100.0,100.0,8226.4
3228.51,100.0,21820.0,,,,,100.0,100.0,8226.4
3229.51,0.0,21820.0,,,,,0.0,0.0,8226.4
3230.51,100.0,21719.9,,,,,100.0,100.0,8204.9
3231.51,0.0,21761.5,,,,,0.0,0.0,8212.2
3232.51,100.0,21803.0,,,,,100.0,100.0,8221.5
3233.51,100.0,21803.0,,,,,100.0,100.0,8209.2
3234.51,100.0,21844.6,,,,,100.0,100.0,8222.3
3235.51,0.0,21878.6,,,,,0.0,0.0,8222.2
3236.51,100.0,21944.6,,,,,100.0,100.0,8224.8
3237.51,100.0,21903.3,,,,,100.0,100.0,8226.4
3238.51,100.0,21861.7,,,,,100.0,100.0,8226.6
3239.51,0.0,21861.7,,,,,0.0,0.0,8226.6
3240.51,100.0,21820.0,,,,,100.0,100.0,8226.6
3241.51,100.0,21719.8,,,,,100.0,100.0,8211.8
3242.51,0.0,21761.5,,,,,0.0,0.0,8203.7
3243.51,100.0,21761.5,,,,,100.0,100.0,8209.6
3244.51,100.0,21803.0,,,,,100.0,100.0,8201.2
3245.51,0.0,21844.6,,,,,0.0,0.0,8207.8
3246.51,100.0,21861.6,,,,,100.0,100.0,8218.4
3247.51,100.0,21944.6,,,,,100.0,100.0,8225.2
3248.51,100.0,21903.3,,,,,100.0,100.0,8226.6
3249.51,0.0,21903.3,,,,,0.0,0.0,8226.6
3250.51,100.0,21861.7,,,,,100.0,100.0,8226.8
3251.51,100.0,21820.0,,,,,100.0,100.0,8226.8
3252.51,100.0,21719.8,,,,,100.0,100.0,8227.1
3253.51,0.0,21719.9,,,,,0.0,0.0,8211.3
3254.51,100.0,21761.5,,,,,100.0,100.0,8221.1
3255.51,0.0,21803.0,,,,,0.0,0.0,8209.2
3256.51,100.0,21823.8,,,,,100.0,100.0,8220.1
3257.51,100.0,21844.6,,,,,100.0,100.0,8222.8
3258.51,100.0,21944.6,,,,,100.0,100.0,8225.2
3259.51,0.0,21944.6,,,,,0.0,0.0,8225.2
3260.51,100.0,21903.3,,,,,100.0,100.0,8226.8
3261.51,100.0,21861.7,,,,,100.0,100.0,8227.0
3262.51,100.0,21820.0,,,,,100.0,100.0,8227.0
3263.51,0.0,21820.0,,,,,0.0,0.0,8227.0
3264.51,100.0,21719.9,,,,,100.0,100.0,8221.3
3265.51,0.0,21761.5,,,,,0.0,0.0,8209.1
3266.51,100.0,21803.0,,,,,100.0,100.0,8222.1
3267.51,100.0,21803.0,,,,,100.0,100.0,8208.4
3268.51,100.0,21843.9,,,,,100.0,100.0,8222.7
3269.51,0.0,21878.6,,,,,0.0,0.0,8223.0
3270.51,100.0,21944.6,,,,,100.0,100.0,8225.6
3271.51,100.0,21903.3,,,,,100.0,100.0,8227.1
3272.51,100.0,21861.7,,,,,100.0,100.0,8227.2
3273.51,0.0,21861.7,,,,,0.0,0.0,8227.2
3274.51,100.0,21820.0,,,,,100.0,100.0,8227.2
3275.51,100.0,21719.8,,,,,100.0,100.0,8209.5
3276.51,0.0,21761.5,,,,,0.0,0.0,8203.3
3277.51,100.0,21761.5,,,,,100.0,100.0,8208.9
3278.51,100.0,21803.0,,,,,100.0,100.0,8222.3
3279.51,0.0,21844.6,,,,,0.0,0.0,8208.1
3280.51,100.0,21844.6,,,,,100.0,100.0,8219.7
3281.51,100.0,21944.6,,,,,100.0,100.0,8225.8
3282.51,100.0,21903.3,,,,,100.0,100.0,8227.2
3283.51,0.0,21903.3,,,,,0.0,0.0,8227.2
3284.51,100.0,21861.7,,,,,100.0,100.0,8227.4
3285.52,100.0,21820.0,,,,,100.0,100.0,8227.4
3286.52,100.0,21719.8,,,,,100.0,100.0,8227.6
3287.52,0.0,21719.9,,,,,0.0,0.0,8211.5
3288.52,100.0,21761.5,,,,,100.0,100.0,8222.2
3289.52,0.0,21803.0,,,,,0.0,0.0,8222.7
3290.52,100.0,21844.6,,,,,100.0,100.0,8223.3
3291.52,100.0,21844.6,,,,,100.0,100.0,8215.6
3292.52,100.0,21944.6,,,,,100.0,100.0,8225.9
3293.52,0.0,21944.6,,,,,0.0,0.0,8225.9
3294.52,100.0,21903.3,,,,,100.0,100.0,8227.4
3295.52,100.0,21861.7,,,,,100.0,100.0,8227.6
3296.52,100.0,21820.0,,,,,100.0,100.0,8227.6
3297.52,0.0,21820.0,,,,,0.0,0.0,8227.6
3298.52,100.0,21719.9,,,,,100.0,100.0,8222.0
3299.52,0.0,21761.5,,,,,0.0,0.0,8208.9
3300.52,100.0,21782.3,,,,,100.0,100.0,8221.9
3301.52,100.0,21803.0,,,,,100.0,100.0,8208.7
3302.52,100.0,21823.8,,,,,100.0,100.0,8219.6
3303.52,0.0,21878.6,,,,,0.0,0.0,8223.5
3304.52,100.0,21944.6,,,,,100.0,100.0,8226.1
3305.52,100.0,21903.3,,,,,100.0,100.0,8227.7
3306.52,100.0,21861.7,,,,,100.0,100.0,8227.9
3307.52,0.0,21861.7,,,,,0.0,0.0,8227.9
3308.52,100.0,21820.0,,,,,100.0,100.0,8227.9
3309.52,100.0,21719.8,,,,,100.0,100.0,8208.6
3310.52,0.0,21761.5,,,,,0.0,0.0,8202.1
3311.52,100.0,21761.5,,,,,100.0,100.0,8209.2
3312.52,100.0,21803.0,,,,,100.0,100.0,8223.0
3313.52,0.0,21844.6,,,,,0.0,0.0,8209.0
3314.52,100.0,21861.6,,,,,100.0,100.0,8218.6
3315.52,100.0,21944.6,,,,,100.0,100.0,8226.4
3316.52,100.0,21903.3,,,,,100.0,100.0,8228.0
3317.52,0.0,21903.3,,,,,0.0,0.0,8228.0
3318.52,100.0,21861.7,,,,,100.0,100.0,8228.2
3319.52,100.0,21820.0,,,,,100.0,100.0,8228.2
3320.52,100.0,21719.8,,,,,100.0,100.0,8228.3
3321.52,0.0,21719.9,,,,,0.0,0.0,8209.7
3322.52,100.0,21761.5,,,,,100.0,100.0,8222.5
3323.52,0.0,21803.0,,,,,0.0,0.0,8223.4
3324.52,100.0,21823.8,,,,,100.0,100.0,8220.1
3325.52,100.0,21844.6,,,,,100.0,100.0,8215.8
3326.52,100.0,21944.6,,,,,100.0,100.0,8226.5
3327.52,0.0,21944.6,,,,,0.0,0.0,8226.5
3328.52,100.0,21903.3,,,,,100.0,100.0,8228.1
3329.52,100.0,21861.7,,,,,100.0,100.0,8228.3
3330.52,100.0,21820.0,,,,,100.0,100.0,8228.3
3331.52,0.0,21820.0,,,,,0.0,0.0,8228.3
3332.52,100.0,21719.9,,,,,100.0,100.0,8222.5
3333.52,0.0,21761.5,,,,,0.0,0.0,8210.2
3334.52,100.0,21803.0,,,,,100.0,100.0,8223.4
3335.52,100.0,21803.0,,,,,100.0,100.0,8208.9
3336.52,100.0,21823.8,,,,,100.0,100.0,8220.5
3337.52,0.0,21878.6,,,,,0.0,0.0,8224.2
3338.52,100.0,21944.6,,,,,100.0,100.0,8226.8
3339.52,100.0,21903.3,,,,,100.0,100.0,8228.4
3340.52,100.0,21861.7,,,,,100.0,100.0,8228.6
3341.52,0.0,21861.7,,,,,0.0,0.0,8228.6
3342.52,100.0,21820.0,,,,,100.0,100.0,8228.6
3343.52,100.0,21719.8,,,,,100.0,100.0,8208.2
3344.52,0.0,21761.5,,,,,0.0,0.0,8201.9
3345.52,100.0,21761.5,,,,,100.0,100.0,8207.7
3346.52,100.0,21782.3,,,,,100.0,100.0,8218.8
3347.52,0.0,21844.6,,,,,0.0,0.0,8217.9
3348.52,100.0,21861.6,,,,,100.0,100.0,8224.4
3349.53,100.0,21944.6,,,,,100.0,100.0,8227.1
3350.53,100.0,21903.3,,,,,100.0,100.0,8228.8
3351.53,0.0,21903.3,,,,,0.0,0.0,8228.8
3352.53,100.0,21861.7,,,,,100.0,100.0,8229.0
3353.53,100.0,21820.0,,,,,100.0,100.0,8229.0
3354.53,100.0,21719.8,,,,,100.0,100.0,8229.1
3355.53,0.0,21719.9,,,,,0.0,0.0,8209.7
3356.53,100.0,21761.5,,,,,100.0,100.0,8223.2
3357.53,0.0,21803.0,,,,,0.0,0.0,8224.1
3358.53,100.0,21803.0,,,,,100.0,100.0,8218.8
3359.53,100.0,21844.6,,,,,100.0,100.0,8225.0
3360.53,100.0,21944.6,,,,,100.0,100.0,8227.5
3361.53,0.0,21944.6,,,,,0.0,0.0,8227.5
3362.53,100.0,21903.3,,,,,100.0,100.0,8229.0
3363.53,100.0,21861.7,,,,,100.0,100.0,8229.2
3364.53,100.0,21820.0,,,,,100.0,100.0,8229.2
3365.53,0.0,21820.0,,,,,0.0,0.0,8229.2
3366.53,100.0,21719.9,,,,,100.0,100.0,8223.5
3367.53,0.0,21761.5,,,,,0.0,0.0,8209.5
3368.53,100.0,21803.0,,,,,100.0,100.0,8224.1
3369.53,100.0,21803.0,,,,,100.0,100.0,8207.7
3370.53,100.0,21803.0,,,,,100.0,100.0,8216.6
3371.53,0.0,21878.6,,,,,0.0,0.0,8224.8
3372.53,100.0,21944.6,,,,,100.0,100.0,8227.5
3373.53,100.0,21903.3,,,,,100.0,100.0,8229.2
3374.53,100.0,21861.7,,,,,100.0,100.0,8229.4
3375.53,0.0,21861.7,,,,,0.0,0.0,8229.4
3376.53,100.0,21820.0,,,,,100.0,100.0,8229.4
3377.53,100.0,21719.8,,,,,100.0,100.0,8208.5
3378.53,0.0,21761.5,,,,,0.0,0.0,8223.7
3379.53,100.0,21761.5,,,,,100.0,100.0,8208.9
3380.53,100.0,21761.5,,,,,100.0,100.0,8222.2
3381.53,0.0,21844.6,,,,,0.0,0.0,8208.2
3382.53,100.0,21844.6,,,,,100.0,100.0,8214.3
3383.53,100.0,21944.6,,,,,100.0,100.0,8226.5
3384.53,100.0,21903.3,,,,,100.0,100.0,8228.1
3385.53,0.0,21903.3,,,,,0.0,0.0,8228.1
3386.53,100.0,21861.7,,,,,100.0,100.0,8228.3
3387.53,100.0,21820.0,,,,,100.0,100.0,8228.3
3388.53,100.0,21719.8,,,,,100.0,100.0,8228.4
3389.53,0.0,21719.9,,,,,0.0,0.0,8222.2
3390.53,100.0,21761.5,,,,,100.0,100.0,8222.4
3391.53,0.0,21803.0,,,,,0.0,0.0,8223.3
3392.53,100.0,21803.0,,,,,100.0,100.0,8215.2
3393.53,100.0,21844.6,,,,,100.0,100.0,8224.2
3394.53,100.0,21944.6,,,,,100.0,100.0,8226.8
3395.53,0.0,21944.6,,,,,0.0,0.0,8226.8
3396.53,100.0,21903.3,,,,,100.0,100.0,8228.3
3397.53,100.0,21861.7,,,,,100.0,100.0,8228.5
3398.53,100.0,21820.0,,,,,100.0,100.0,8228.5
3399.53,0.0,21820.0,,,,,0.0,0.0,8228.5
3400.53,100.0,21719.9,,,,,100.0,100.0,8222.5
3401.53,0.0,21761.5,,,,,0.0,0.0,8210.4
3402.53,100.0,21761.5,,,,,100.0,100.0,8218.1
3403.53,100.0,21803.0,,,,,100.0,100.0,8223.6
3404.53,100.0,21803.0,,,,,100.0,100.0,8213.2
3405.53,0.0,21878.6,,,,,0.0,0.0,8223.8
3406.53,100.0,21944.6,,,,,100.0,100.0,8226.8
3407.53,100.0,21903.3,,,,,100.0,100.0,8228.4
3408.53,100.0,21861.7,,,,,100.0,100.0,8228.5
3409.53,0.0,21861.7,,,,,0.0,0.0,8228.5
3410.53,100.0,21820.0,,,,,100.0,100.0,8228.6
3411.53,100.0,21719.8,,,,,100.0,100.0,8209.6
3412.54,0.0,21761.5,,,,,0.0,0.0,8223.0
3413.54,100.0,21761.5,,,,,100.0,100.0,8210.7
3414.54,100.0,21782.3,,,,,100.0,100.0,8219.5
3415.54,0.0,21844.6,,,,,0.0,0.0,8208.6
3416.54,100.0,21844.6,,,,,100.0,100.0,8213.8
3417.54,100.0,21944.6,,,,,100.0,100.0,8227.1
3418.54,100.0,21903.3,,,,,100.0,100.0,8228.6
3419.54,0.0,21903.3,,,,,0.0,0.0,8228.6
3420.54,100.0,21861.7,,,,,100.0,100.0,8228.8
3421.54,100.0,21820.0,,,,,100.0,100.0,8228.8
3422.54,100.0,21719.8,,,,,100.0,100.0,8228.9
3423.54,0.0,21719.9,,,,,0.0,0.0,8223.2
3424.54,100.0,21740.7,,,,,100.0,100.0,8222.7
3425.54,0.0,21803.0,,,,,0.0,0.0,8224.1
3426.54,100.0,21803.0,,,,,100.0,100.0,8215.5
3427.54,100.0,21844.6,,,,,100.0,100.0,8224.9
3428.54,100.0,21944.6,,,,,100.0,100.0,8227.2
3429.54,0.0,21944.6,,,,,0.0,0.0,8227.2
3430.54,100.0,21903.3,,,,,100.0,100.0,8228.8
3431.54,100.0,21861.7,,,,,100.0,100.0,8229.0
3432.54,100.0,21820.0,,,,,100.0,100.0,8229.0
3433.54,0.0,21820.0,,,,,0.0,0.0,8229.0
3434.54,100.0,21719.9,,,,,100.0,100.0,8223.2
3435.54,0.0,21761.5,,,,,0.0,0.0,8210.7
3436.54,100.0,21761.5,,,,,100.0,100.0,8217.5
3437.54,100.0,21803.0,,,,,100.0,100.0,8224.3
3438.54,100.0,21803.0,,,,,100.0,100.0,8215.8
3439.54,0.0,21861.6,,,,,0.0,0.0,8223.4
3440.54,100.0,21944.6,,,,,100.0,100.0,8227.6
3441.54,100.0,21903.3,,,,,100.0,100.0,8229.2
3442.54,100.0,21861.7,,,,,100.0,100.0,8229.4
3443.54,0.0,21861.7,,,,,0.0,0.0,8229.4
3444.54,100.0,21820.0,,,,,100.0,100.0,8229.4
3445.54,100.0,21719.8,,,,,100.0,100.0,8209.4
3446.54,0.0,21740.7,,,,,0.0,0.0,8222.9
3447.54,100.0,21761.5,,,,,100.0,100.0,8209.0
3448.54,100.0,21761.5,,,,,100.0,100.0,8218.6
3449.54,0.0,21844.6,,,,,0.0,0.0,8208.5
3450.54,100.0,21844.6,,,,,100.0,100.0,8215.6
3451.54,100.0,21944.6,,,,,100.0,100.0,8228.0
3452.54,100.0,21903.1,,,,,100.0,100.0,8229.5
3453.54,0.0,21903.3,,,,,0.0,0.0,8229.6
3454.54,100.0,21861.7,,,,,100.0,100.0,8229.7
3455.54,100.0,21820.0,,,,,100.0,100.0,8229.7
3456.54,100.0,21719.9,,,,,100.0,100.0,8229.8
3457.54,1.23,21719.9,,,,,1.23,1.23,8216.8
3458.54,100.0,21719.9,,,,,100.0,100.0,8220.0
3459.54,0.0,21803.0,,,,,0.0,0.0,8217.5
3460.54,100.0,21803.0,,,,,100.0,100.0,8215.0
3461.54,100.0,21844.6,,,,,100.0,100.0,8221.6
3462.54,100.0,21918.6,,,,,100.0,100.0,8226.5
3463.54,0.0,21944.6,,,,,0.0,0.0,8228.2
3464.54,100.0,21903.3,,,,,100.0,100.0,8229.8
3465.54,100.0,21861.7,,,,,100.0,100.0,8229.9
3466.54,0.0,21861.7,,,,,0.0,0.0,8229.9
3467.54,100.0,21820.0,,,,,100.0,100.0,8230.0
3468.54,100.0,21719.9,,,,,100.0,100.0,8223.9
3469.54,0.0,21761.5,,,,,0.0,0.0,8224.4
3470.54,100.0,21761.5,,,,,100.0,100.0,8220.7
3471.54,100.0,21803.0,,,,,100.0,100.0,8225.2
3472.54,100.0,21803.0,,,,,100.0,100.0,8216.0
3473.55,0.0,21878.6,,,,,0.0,0.0,8225.7
3474.55,100.0,21944.6,,,,,100.0,100.0,8228.4
3475.55,100.0,21903.3,,,,,100.0,100.0,8230.1
3476.55,0.0,21903.3,,,,,0.0,0.0,8230.1
3477.55,100.0,21861.7,,,,,100.0,100.0,8230.3
3478.55,100.0,21820.0,,,,,100.0,100.0,8230.3
3479.55,100.0,21719.8,,,,,100.0,100.0,8209.5
3480.55,0.0,21757.7,,,,,0.0,0.0,8223.9
3481.55,100.0,21761.5,,,,,100.0,100.0,8210.5
3482.55,100.0,21761.5,,,,,100.0,100.0,8216.6
3483.55,0.0,21844.6,,,,,0.0,0.0,8226.2
3484.55,100.0,21844.6,,,,,100.0,100.0,8214.7
3485.55,100.0,21944.6,,,,,100.0,100.0,8228.7
3486.55,0.0,21944.6,,,,,0.0,0.0,8228.7
3487.55,100.0,21903.3,,,,,100.0,100.0,8230.3
3488.55,100.0,21861.7,,,,,100.0,100.0,8230.5
3489.55,100.0,21820.0,,,,,100.0,100.0,8230.5
3490.55,0.0,21820.0,,,,,0.0,0.0,8230.5
3491.55,100.0,21719.9,,,,,100.0,100.0,8216.9
3492.55,0.0,21761.5,,,,,0.0,0.0,8217.7
3493.55,100.0,21803.0,,,,,100.0,100.0,8216.6
3494.55,100.0,21803.0,,,,,100.0,100.0,8225.8
3495.55,100.0,21844.6,,,,,100.0,100.0,8226.4
3496.55,0.0,21878.6,,,,,0.0,0.0,8226.5
3497.55,100.0,21944.6,,,,,100.0,100.0,8229.0
3498.55,100.0,21903.3,,,,,100.0,100.0,8230.6
3499.55,100.0,21861.7,,,,,100.0,100.0,8230.7
3500.55,0.0,21861.7,,,,,0.0,0.0,8230.7
3501.55,100.0,21820.0,,,,,100.0,100.0,8230.7
3502.55,100.0,21685.8,,,,,100.0,100.0,8222.0
3503.55,0.0,21761.5,,,,,0.0,0.0,8225.3
3504.55,100.0,21761.5,,,,,100.0,100.0,8216.0
3505.55,100.0,21803.0,,,,,100.0,100.0,8226.0
3506.55,0.0,21844.6,,,,,0.0,0.0,8215.5
3507.55,100.0,21878.6,,,,,100.0,100.0,8226.4
3508.55,100.0,21944.6,,,,,100.0,100.0,8229.3
3509.55,100.0,21903.3,,,,,100.0,100.0,8230.8
3510.55,0.0,21903.3,,,,,0.0,0.0,8230.8
3511.55,100.0,21861.7,,,,,100.0,100.0,8231.0
3512.55,100.0,21820.0,,,,,100.0,100.0,8231.0
3513.55,100.0,21719.8,,,,,100.0,100.0,8210.3
3514.55,0.0,21719.9,,,,,0.0,0.0,8219.3
3515.55,100.0,21761.5,,,,,100.0,100.0,8209.1
3516.55,0.0,21803.0,,,,,0.0,0.0,8215.9
3517.55,100.0,21844.6,,,,,100.0,100.0,8227.0
3518.55,100.0,21844.6,,,,,100.0,100.0,8215.7
3519.55,100.0,21944.6,,,,,100.0,100.0,8229.5
3520.55,0.0,21944.6,,,,,0.0,0.0,8229.5
3521.55,100.0,21903.3,,,,,100.0,100.0,8231.0
3522.55,100.0,21861.7,,,,,100.0,100.0,8231.2
3523.55,100.0,21820.0,,,,,100.0,100.0,8231.2
3524.55,0.0,21820.0,,,,,0.0,0.0,8231.2
3525.55,100.0,21719.9,,,,,100.0,100.0,8209.5
3526.55,0.0,21761.5,,,,,0.0,0.0,8218.2
3527.55,100.0,21803.0,,,,,100.0,100.0,8208.6
3528.55,100.0,21803.0,,,,,100.0,100.0,8215.3
3529.55,100.0,21844.6,,,,,100.0,100.0,8208.5
3530.55,0.0,21878.6,,,,,0.0,0.0,8227.4
3531.56,100.0,21944.6,,,,,100.0,100.0,8229.9
3532.56,100.0,21903.3,,,,,100.0,100.0,8231.3
3533.56,100.0,21861.7,,,,,100.0,100.0,8231.5
3534.56,0.0,21861.7,,,,,0.0,0.0,8231.5
3535.56,100.0,21820.0,,,,,100.0,100.0,8231.5
3536.56,100.0,21719.8,,,,,100.0,100.0,8220.3
3537.56,0.0,21761.5,,,,,0.0,0.0,8226.1
3538.56,100.0,21761.5,,,,,100.0,100.0,8217.5
3539.56,100.0,21803.0,,,,,100.0,100.0,8226.9
3540.56,0.0,21844.6,,,,,0.0,0.0,8216.4
3541.56,100.0,21861.6,,,,,100.0,100.0,8226.9
3542.56,100.0,21944.6,,,,,100.0,100.0,8230.1
3543.56,100.0,21903.3,,,,,100.0,100.0,8231.6
3544.56,0.0,21903.3,,,,,0.0,0.0,8231.6
3545.56,100.0,21861.7,,,,,100.0,100.0,8231.8
3546.56,100.0,21820.0,,,,,100.0,100.0,8231.8
3547.56,100.0,21719.8,,,,,100.0,100.0,8210.6
3548.56,0.0,21719.9,,,,,0.0,0.0,8220.7
3549.56,100.0,21761.5,,,,,100.0,100.0,8226.7
3550.56,0.0,21803.0,,,,,0.0,0.0,8218.2
3551.56,100.0,21844.6,,,,,100.0,100.0,8227.9
3552.56,100.0,21844.6,,,,,100.0,100.0,8215.8
3553.56,100.0,21944.6,,,,,100.0,100.0,8230.3
3554.56,0.0,21944.6,,,,,0.0,0.0,8230.3
3555.56,100.0,21903.3,,,,,100.0,100.0,8231.8
3556.56,100.0,21861.7,,,,,100.0,100.0,8232.0
3557.56,100.0,21820.0,,,,,100.0,100.0,8232.0
3558.56,0.0,21820.0,,,,,0.0,0.0,8232.0
3559.56,100.0,21719.9,,,,,100.0,100.0,8210.3
3560.56,0.0,21761.5,,,,,0.0,0.0,8219.0
3561.56,100.0,21803.0,,,,,100.0,100.0,8209.4
3562.56,100.0,21803.0,,,,,100.0,100.0,8215.5
3563.56,100.0,21844.6,,,,,100.0,100.0,8228.2
3564.56,0.0,21878.6,,,,,0.0,0.0,8228.2
3565.56,100.0,21944.6,,,,,100.0,100.0,8230.7
3566.56,100.0,21903.3,,,,,100.0,100.0,8232.1
3567.56,100.0,21861.7,,,,,100.0,100.0,8232.3
3568.56,0.0,21861.7,,,,,0.0,0.0,8232.3
3569.56,100.0,21820.0,,,,,100.0,100.0,8232.3
3570.56,100.0,21719.8,,,,,100.0,100.0,8218.9
3571.56,0.0,21761.5,,,,,0.0,0.0,8226.8
3572.56,100.0,21761.5,,,,,100.0,100.0,8217.0
3573.56,100.0,21803.0,,,,,100.0,100.0,8227.4
3574.56,0.0,21844.6,,,,,0.0,0.0,8228.4
3575.56,100.0,21844.6,,,,,100.0,100.0,8224.1
3576.56,100.0,21944.6,,,,,100.0,100.0,8230.9
3577.56,100.0,21903.3,,,,,100.0,100.0,8232.4
3578.56,0.0,21903.3,,,,,0.0,0.0,8232.4
3579.56,100.0,21861.7,,,,,100.0,100.0,8232.6
3580.56,100.0,21820.0,,,,,100.0,100.0,8232.6
3581.56,100.0,21719.8,,,,,100.0,100.0,8211.3
3582.56,0.0,21719.9,,,,,0.0,0.0,8217.8
3583.56,100.0,21761.5,,,,,100.0,100.0,8227.1
3584.56,0.0,21803.0,,,,,0.0,0.0,8215.9
3585.56,100.0,21823.8,,,,,100.0,100.0,8226.3
3586.56,100.0,21844.6,,,,,100.0,100.0,8214.7
3587.56,100.0,21944.6,,,,,100.0,100.0,8231.2
3588.56,0.0,21944.6,,,,,0.0,0.0,8231.2
3589.56,100.0,21903.3,,,,,100.0,100.0,8232.6
3590.56,100.0,21861.7,,,,,100.0,100.0,8232.8
3591.56,100.0,21820.0,,,,,100.0,100.0,8232.8
3592.56,0.0,21820.0,,,,,0.0,0.0,8232.8
3593.56,100.0,21719.9,,,,,100.0,100.0,8211.2
3594.56,0.0,21761.5,,,,,0.0,0.0,8217.1
3595.57,100.0,21803.0,,,,,100.0,100.0,8209.4
3596.57,100.0,21803.0,,,,,100.0,100.0,8216.1
3597.57,100.0,21844.6,,,,,100.0,100.0,8228.9
3598.57,0.0,21878.6,,,,,0.0,0.0,8228.8
3599.57,100.0,21944.6,,,,,100.0,100.0,8231.4
3600.57,100.0,21903.3,,,,,100.0,100.0,8232.9
3601.57,100.0,21861.7,,,,,100.0,100.0,8233.1
3602.57,0.0,21861.7,,,,,0.0,0.0,8233.1
3603.57,100.0,21820.0,,,,,100.0,100.0,8233.1
3604.57,100.0,21719.8,,,,,100.0,100.0,8218.8
3605.57,0.0,21761.5,,,,,0.0,0.0,8227.6
3606.57,100.0,21761.5,,,,,100.0,100.0,8217.5
3607.57,100.0,21803.0,,,,,100.0,100.0,8228.4
3608.57,0.0,21844.6,,,,,0.0,0.0,8222.8
3609.57,100.0,21878.6,,,,,100.0,100.0,8228.6
3610.57,100.0,21944.6,,,,,100.0,100.0,8231.5
3611.57,100.0,21903.3,,,,,100.0,100.0,8233.1
3612.57,0.0,21903.3,,,,,0.0,0.0,8233.1
3613.57,100.0,21861.7,,,,,100.0,100.0,8233.3
3614.57,100.0,21820.0,,,,,100.0,100.0,8233.3
3615.57,100.0,21719.8,,,,,100.0,100.0,8208.8
3616.57,0.0,21719.9,,,,,0.0,0.0,8217.1
3617.57,100.0,21761.5,,,,,100.0,100.0,8227.8
3618.57,0.0,21803.0,,,,,0.0,0.0,8216.7
3619.57,100.0,21823.8,,,,,100.0,100.0,8226.5
3620.57,100.0,21844.6,,,,,100.0,100.0,8215.7
3621.57,100.0,21944.6,,,,,100.0,100.0,8231.8
3622.57,0.0,21944.6,,,,,0.0,0.0,8231.8
3623.57,100.0,21903.3,,,,,100.0,100.0,8233.3
3624.57,100.0,21861.7,,,,,100.0,100.0,8233.5
3625.57,100.0,21820.0,,,,,100.0,100.0,8233.5
3626.57,0.0,21820.0,,,,,0.0,0.0,8233.5
3627.57,100.0,21719.9,,,,,100.0,100.0,8209.3
3628.57,0.0,21761.5,,,,,0.0,0.0,8217.3
3629.57,100.0,21803.0,,,,,100.0,100.0,8209.9
3630.57,100.0,21803.0,,,,,100.0,100.0,8215.0
3631.57,100.0,21823.8,,,,,100.0,100.0,8226.3
3632.57,0.0,21878.6,,,,,0.0,0.0,8229.6
3633.57,100.0,21944.6,,,,,100.0,100.0,8232.1
3634.57,100.0,21903.3,,,,,100.0,100.0,8233.6
3635.57,100.0,21861.7,,,,,100.0,100.0,8233.7
3636.57,0.0,21861.7,,,,,0.0,0.0,8233.7
3637.57,100.0,21820.0,,,,,100.0,100.0,8233.7
3638.57,100.0,21719.8,,,,,100.0,100.0,8217.9
3639.57,0.0,21761.5,,,,,0.0,0.0,8228.2
3640.57,100.0,21761.5,,,,,100.0,100.0,8217.1
3641.57,100.0,21782.3,,,,,100.0,100.0,8217.4
3642.57,0.0,21844.6,,,,,0.0,0.0,8223.9
3643.57,100.0,21861.6,,,,,100.0,100.0,8224.8
3644.57,100.0,21944.6,,,,,100.0,100.0,8232.4
3645.57,100.0,21903.3,,,,,100.0,100.0,8233.9
3646.57,0.0,21903.3,,,,,0.0,0.0,8233.9
3647.57,100.0,21861.7,,,,,100.0,100.0,8234.1
3648.57,100.0,21820.0,,,,,100.0,100.0,8234.1
3649.57,100.0,21719.8,,,,,100.0,100.0,8234.2
3650.57,0.0,21719.9,,,,,0.0,0.0,8216.7
3651.57,100.0,21761.5,,,,,100.0,100.0,8228.4
3652.57,0.0,21803.0,,,,,0.0,0.0,8216.3
3653.57,100.0,21823.8,,,,,100.0,100.0,8227.9
3654.57,100.0,21844.6,,,,,100.0,100.0,8216.2
3655.57,100.0,21944.6,,,,,100.0,100.0,8232.5
3656.57,0.0,21944.6,,,,,0.0,0.0,8232.5
3657.58,100.0,21903.3,,,,,100.0,100.0,8234.0
3658.58,100.0,21861.7,,,,,100.0,100.0,8234.2
3659.58,100.0,21820.0,,,,,100.0,100.0,8234.2
3660.58,0.0,21820.0,,,,,0.0,0.0,8234.2
3661.58,100.0,21719.9,,,,,100.0,100.0,8209.6
3662.58,0.0,21761.5,,,,,0.0,0.0,8216.7
3663.58,100.0,21803.0,,,,,100.0,100.0,8229.4
3664.58,100.0,21803.0,,,,,100.0,100.0,8214.7
3665.58,100.0,21803.0,,,,,100.0,100.0,8221.5
3666.58,0.0,21878.6,,,,,0.0,0.0,8230.2
3667.58,100.0,21944.6,,,,,100.0,100.0,8232.7
3668.58,100.0,21903.3,,,,,100.0,100.0,8234.3
3669.58,100.0,21861.7,,,,,100.0,100.0,8234.4
3670.58,0.0,21861.7,,,,,0.0,0.0,8234.4
3671.58,100.0,21820.0,,,,,100.0,100.0,8234.4
3672.58,100.0,21719.8,,,,,100.0,100.0,8217.6
3673.58,0.0,21761.5,,,,,0.0,0.0,8228.9
3674.58,100.0,21761.5,,,,,100.0,100.0,8222.8
3675.58,100.0,21803.0,,,,,100.0,100.0,8229.5
3676.58,0.0,21844.6,,,,,0.0,0.0,8230.5
3677.58,100.0,21844.6,,,,,100.0,100.0,8222.9
3678.58,100.0,21944.6,,,,,100.0,100.0,8232.9
3679.58,100.0,21903.3,,,,,100.0,100.0,8234.4
3680.58,0.0,21903.3,,,,,0.0,0.0,8234.4
3681.58,100.0,21861.7,,,,,100.0,100.0,8234.6
3682.58,100.0,21820.0,,,,,100.0,100.0,8234.6
3683.58,100.0,21719.8,,,,,100.0,100.0,8234.7
3684.58,0.0,21719.9,,,,,0.0,0.0,8217.8
3685.58,100.0,21761.5,,,,,100.0,100.0,8229.1
3686.58,0.0,21803.0,,,,,0.0,0.0,8215.9
3687.58,100.0,21803.0,,,,,100.0,100.0,8221.6
3688.58,100.0,21844.6,,,,,100.0,100.0,8230.9
3689.58,100.0,21944.6,,,,,100.0,100.0,8233.2
3690.58,0.0,21944.6,,,,,0.0,0.0,8233.2
3691.58,100.0,21903.3,,,,,100.0,100.0,8234.7
3692.58,100.0,21861.7,,,,,100.0,100.0,8234.9
3693.58,100.0,21820.0,,,,,100.0,100.0,8234.9
3694.58,0.0,21820.0,,,,,0.0,0.0,8234.9
3695.58,100.0,21719.9,,,,,100.0,100.0,8209.6
3696.58,0.0,21761.5,,,,,0.0,0.0,8217.5
3697.58,100.0,21803.0,,,,,100.0,100.0,8230.0
3698.58,100.0,21803.0,,,,,100.0,100.0,8217.3
3699.58,100.0,21823.8,,,,,100.0,100.0,8228.2
3700.58,0.0,21878.6,,,,,0.0,0.0,8230.8
3701.58,100.0,21944.6,,,,,100.0,100.0,8233.3
3702.58,100.0,21903.3,,,,,100.0,100.0,8235.0
3703.58,100.0,21861.7,,,,,100.0,100.0,8235.1
3704.58,0.0,21861.7,,,,,0.0,0.0,8235.1
3705.58,100.0,21820.0,,,,,100.0,100.0,8235.1
3706.58,100.0,21719.8,,,,,100.0,100.0,8217.8
3707.58,0.0,21761.5,,,,,0.0,0.0,8220.2
3708.58,100.0,21761.5,,,,,100.0,100.0,8216.5
3709.58,100.0,21803.0,,,,,100.0,100.0,8230.4
3710.58,0.0,21844.6,,,,,0.0,0.0,8223.9
3711.58,100.0,21844.6,,,,,100.0,100.0,8224.5
3712.58,100.0,21944.6,,,,,100.0,100.0,8233.7
3713.58,100.0,21903.3,,,,,100.0,100.0,8235.2
3714.58,0.0,21903.3,,,,,0.0,0.0,8235.2
3715.58,100.0,21861.7,,,,,100.0,100.0,8235.4
3716.58,100.0,21820.0,,,,,100.0,100.0,8235.4
3717.58,100.0,21719.8,,,,,100.0,100.0,8235.5
3718.58,0.0,21719.9,,,,,0.0,0.0,8217.6
3719.58,100.0,21761.5,,,,,100.0,100.0,8229.8
3720.58,0.0,21803.0,,,,,0.0,0.0,8217.6
3721.58,100.0,21823.8,,,,,100.0,100.0,8227.0
3722.59,100.0,21844.6,,,,,100.0,100.0,8231.6
3723.59,100.0,21944.6,,,,,100.0,100.0,8233.9
3724.59,0.0,21944.6,,,,,0.0,0.0,8233.9
3725.59,100.0,21903.3,,,,,100.0,100.0,8235.5
3726.59,100.0,21861.7,,,,,100.0,100.0,8235.6
3727.59,100.0,21820.0,,,,,100.0,100.0,8235.6
3728.59,0.0,21820.0,,,,,0.0,0.0,8235.6
3729.59,100.0,21719.9,,,,,100.0,100.0,8230.0
3730.59,0.0,21761.5,,,,,0.0,0.0,8217.1
3731.59,100.0,21782.3,,,,,100.0,100.0,8229.5
3732.59,100.0,21803.0,,,,,100.0,100.0,8216.8
3733.59,100.0,21803.0,,,,,100.0,100.0,8226.8
3734.59,0.0,21878.6,,,,,0.0,0.0,8231.8
3735.59,100.0,21944.6,,,,,100.0,100.0,8234.3
3736.59,100.0,21903.3,,,,,100.0,100.0,8235.8
3737.59,100.0,21861.7,,,,,100.0,100.0,8236.0
3738.59,0.0,21861.7,,,,,0.0,0.0,8236.0
3739.59,100.0,21820.0,,,,,100.0,100.0,8236.0
3740.59,100.0,21719.8,,,,,100.0,100.0,8217.9
3741.59,0.0,21761.5,,,,,0.0,0.0,8220.4
3742.59,100.0,21761.5,,,,,100.0,100.0,8216.9
3743.59,100.0,21782.3,,,,,100.0,100.0,8229.7
3744.59,0.0,21844.6,,,,,0.0,0.0,8216.7
3745.59,100.0,21844.6,,,,,100.0,100.0,8224.5
3746.59,100.0,21944.6,,,,,100.0,100.0,8234.4
3747.59,100.0,21903.3,,,,,100.0,100.0,8236.0
3748.59,0.0,21903.3,,,,,0.0,0.0,8236.0
3749.59,100.0,21861.7,,,,,100.0,100.0,8236.2
3750.59,100.0,21820.0,,,,,100.0,100.0,8236.2
3751.59,100.0,21719.8,,,,,100.0,100.0,8236.3
3752.59,0.0,21719.9,,,,,0.0,0.0,8218.2
3753.59,100.0,21761.5,,,,,100.0,100.0,8230.9
3754.59,0.0,21803.0,,,,,0.0,0.0,8231.4
3755.59,100.0,21823.8,,,,,100.0,100.0,8227.3
3756.59,100.0,21844.6,,,,,100.0,100.0,8232.3
3757.59,100.0,21944.6,,,,,100.0,100.0,8234.7
3758.59,0.0,21944.6,,,,,0.0,0.0,8234.7
3759.59,100.0,21903.3,,,,,100.0,100.0,8236.2
3760.59,100.0,21861.7,,,,,100.0,100.0,8236.4
3761.59,100.0,21820.0,,,,,100.0,100.0,8236.4
3762.59,0.0,21820.0,,,,,0.0,0.0,8236.4
3763.59,100.0,21719.9,,,,,100.0,100.0,8230.6
3764.59,0.0,21761.5,,,,,0.0,0.0,8217.9
3765.59,100.0,21803.0,,,,,100.0,100.0,8231.6
3766.59,100.0,21803.0,,,,,100.0,100.0,8217.6
3767.59,100.0,21803.0,,,,,100.0,100.0,8226.6
3768.59,0.0,21878.6,,,,,0.0,0.0,8232.3
3769.59,100.0,21944.6,,,,,100.0,100.0,8234.9
3770.59,100.0,21903.3,,,,,100.0,100.0,8236.5
3771.59,100.0,21861.7,,,,,100.0,100.0,8236.7
3772.59,0.0,21861.7,,,,,0.0,0.0,8236.7
3773.59,100.0,21820.0,,,,,100.0,100.0,8236.7
3774.59,100.0,21719.8,,,,,100.0,100.0,8236.8
3775.59,0.0,21761.5,,,,,0.0,0.0,8221.1
3776.59,100.0,21761.5,,,,,100.0,100.0,8224.0
3777.59,100.0,21782.3,,,,,100.0,100.0,8228.1
3778.59,0.0,21844.6,,,,,0.0,0.0,8225.7
3779.59,100.0,21844.6,,,,,100.0,100.0,8229.4
3780.59,100.0,21944.6,,,,,100.0,100.0,8235.3
3781.59,100.0,21903.3,,,,,100.0,100.0,8236.7
3782.59,0.0,21903.3,,,,,0.0,0.0,8236.7
3783.59,100.0,21861.7,,,,,100.0,100.0,8236.9
3784.59,100.0,21820.0,,,,,100.0,100.0,8236.9
3785.59,100.0,21719.8,,,,,100.0,100.0,8237.0
3786.59,0.0,21719.9,,,,,0.0,0.0,8218.6
3787.6,100.0,21740.7,,,,,100.0,100.0,8229.3
3788.6,0.0,21803.0,,,,,0.0,0.0,8232.1
3789.6,100.0,21803.0,,,,,100.0,100.0,8223.3
3790.6,100.0,21844.6,,,,,100.0,100.0,8232.8
3791.6,100.0,21944.6,,,,,100.0,100.0,8235.5
3792.6,0.0,21944.6,,,,,0.0,0.0,8235.5
3793.6,100.0,21903.3,,,,,100.0,100.0,8236.9
3794.6,100.0,21861.7,,,,,100.0,100.0,8237.1
3795.6,100.0,21820.0,,,,,100.0,100.0,8237.1
3796.6,0.0,21820.0,,,,,0.0,0.0,8237.1
3797.6,100.0,21719.9,,,,,100.0,100.0,8231.3
3798.6,0.0,21761.5,,,,,0.0,0.0,8218.4
3799.6,100.0,21761.5,,,,,100.0,100.0,8227.4
3800.6,100.0,21803.0,,,,,100.0,100.0,8215.1
3801.6,100.0,21803.0,,,,,100.0,100.0,8222.0
3802.6,0.0,21878.6,,,,,0.0,0.0,8232.9
3803.6,100.0,21944.6,,,,,100.0,100.0,8235.7
3804.6,100.0,21903.3,,,,,100.0,100.0,8237.2
3805.6,100.0,21861.7,,,,,100.0,100.0,8237.4
3806.6,0.0,21861.7,,,,,0.0,0.0,8237.4
3807.6,100.0,21820.0,,,,,100.0,100.0,8237.4
3808.6,100.0,21719.8,,,,,100.0,100.0,8217.0
3809.6,0.0,21761.5,,,,,0.0,0.0,8231.9
3810.6,100.0,21761.5,,,,,100.0,100.0,8217.0
3811.6,100.0,21761.5,,,,,100.0,100.0,8227.7
3812.6,0.0,21844.6,,,,,0.0,0.0,8217.1
3813.6,100.0,21844.6,,,,,100.0,100.0,8224.5
3814.6,100.0,21944.6,,,,,100.0,100.0,8235.9
3815.6,100.0,21903.3,,,,,100.0,100.0,8237.5
3816.6,0.0,21903.3,,,,,0.0,0.0,8237.5
3817.6,100.0,21861.7,,,,,100.0,100.0,8237.6
3818.6,100.0,21820.0,,,,,100.0,100.0,8237.6
3819.6,100.0,21719.8,,,,,100.0,100.0,8237.7
3820.6,0.0,21719.9,,,,,0.0,0.0,8218.7
3821.6,100.0,21760.3,,,,,100.0,100.0,8231.9
3822.6,0.0,21803.0,,,,,0.0,0.0,8233.1
3823.6,100.0,21803.0,,,,,100.0,100.0,8222.6
3824.6,100.0,21844.6,,,,,100.0,100.0,8233.9
3825.6,100.0,21944.6,,,,,100.0,100.0,8236.3
3826.6,0.0,21944.6,,,,,0.0,0.0,8236.4
3827.6,100.0,21903.3,,,,,100.0,100.0,8237.7
3828.6,100.0,21861.7,,,,,100.0,100.0,8237.9
3829.6,100.0,21820.0,,,,,100.0,100.0,8237.9
3830.6,0.0,21820.0,,,,,0.0,0.0,8237.9
3831.6,100.0,21719.9,,,,,100.0,100.0,8231.8
3832.6,0.0,21761.5,,,,,0.0,0.0,8217.9
3833.6,100.0,21782.3,,,,,100.0,100.0,8227.0
3834.6,100.0,21803.0,,,,,100.0,100.0,8233.1
3835.6,100.0,21803.0,,,,,100.0,100.0,8222.9
3836.6,0.0,21861.6,,,,,0.0,0.0,8231.7
3837.6,100.0,21944.6,,,,,100.0,100.0,8236.5
3838.6,100.0,21903.3,,,,,100.0,100.0,8238.0
3839.6,100.0,21861.7,,,,,100.0,100.0,8238.2
3840.6,0.0,21861.7,,,,,0.0,0.0,8238.2
3841.6,100.0,21820.0,,,,,100.0,100.0,8238.2
3842.6,100.0,21719.8,,,,,100.0,100.0,8238.4
3843.6,0.0,21761.5,,,,,0.0,0.0,8232.3
3844.6,100.0,21761.5,,,,,100.0,100.0,8216.9
3845.6,100.0,21761.5,,,,,100.0,100.0,8223.9
3846.6,0.0,21844.6,,,,,0.0,0.0,8215.5
3847.6,100.0,21844.6,,,,,100.0,100.0,8222.0
3848.6,100.0,21944.6,,,,,100.0,100.0,8236.6
3849.6,0.0,21944.6,,,,,0.0,0.0,8236.6
3850.6,100.0,21903.3,,,,,100.0,100.0,8238.2
3851.61,100.0,21861.7,,,,,100.0,100.0,8238.3
3852.61,100.0,21820.0,,,,,100.0,100.0,8238.3
3853.61,0.0,21820.0,,,,,0.0,0.0,8238.3
3854.61,100.0,21719.9,,,,,100.0,100.0,8232.7
3855.61,0.0,21761.5,,,,,0.0,0.0,8229.3
3856.61,100.0,21803.0,,,,,100.0,100.0,8233.6
3857.61,100.0,21803.0,,,,,100.0,100.0,8224.9
3858.61,100.0,21844.6,,,,,100.0,100.0,8225.0
3859.61,0.0,21878.6,,,,,0.0,0.0,8234.1
3860.61,100.0,21944.6,,,,,100.0,100.0,8236.7
3861.61,100.0,21903.3,,,,,100.0,100.0,8238.3
3862.61,100.0,21861.7,,,,,100.0,100.0,8238.5
3863.61,0.0,21861.7,,,,,0.0,0.0,8238.5
3864.61,100.0,21820.0,,,,,100.0,100.0,8238.5
3865.61,100.0,21685.8,,,,,100.0,100.0,8230.6
3866.61,0.0,21761.5,,,,,0.0,0.0,8217.8
3867.61,100.0,21761.5,,,,,100.0,100.0,8222.6
3868.61,100.0,21803.0,,,,,100.0,100.0,8233.6
3869.61,0.0,21844.6,,,,,0.0,0.0,8220.7
3870.61,100.0,21861.6,,,,,100.0,100.0,8229.6
3871.61,100.0,21944.6,,,,,100.0,100.0,8236.9
3872.61,100.0,21903.3,,,,,100.0,100.0,8238.6
3873.61,0.0,21903.3,,,,,0.0,0.0,8238.6
3874.61,100.0,21861.7,,,,,100.0,100.0,8238.8
3875.61,100.0,21820.0,,,,,100.0,100.0,8238.8
3876.61,100.0,21719.8,,,,,100.0,100.0,8239.0
3877.61,0.0,21719.9,,,,,0.0,0.0,8227.5
3878.61,100.0,21761.5,,,,,100.0,100.0,8216.9
3879.61,0.0,21803.0,,,,,0.0,0.0,8222.5
3880.61,100.0,21844.6,,,,,100.0,100.0,8215.4
3881.61,100.0,21844.6,,,,,100.0,100.0,8221.2
3882.61,100.0,21944.6,,,,,100.0,100.0,8237.2
3883.61,0.0,21944.6,,,,,0.0,0.0,8237.2
3884.61,100.0,21903.3,,,,,100.0,100.0,8238.8
3885.61,100.0,21861.7,,,,,100.0,100.0,8239.0
3886.61,100.0,21820.0,,,,,100.0,100.0,8239.0
3887.61,0.0,21820.0,,,,,0.0,0.0,8239.0
3888.61,100.0,21719.9,,,,,100.0,100.0,8233.3
3889.61,0.0,21761.5,,,,,0.0,0.0,8227.3
3890.61,100.0,21803.0,,,,,100.0,100.0,8234.1
3891.61,100.0,21803.0,,,,,100.0,100.0,8222.7
3892.61,100.0,21844.6,,,,,100.0,100.0,8234.9
3893.61,0.0,21878.6,,,,,0.0,0.0,8234.8
3894.61,100.0,21944.6,,,,,100.0,100.0,8237.5
3895.61,100.0,21903.3,,,,,100.0,100.0,8239.0
3896.61,100.0,21861.7,,,,,100.0,100.0,8239.2
3897.61,0.0,21861.7,,,,,0.0,0.0,8239.2
3898.61,100.0,21820.0,,,,,100.0,100.0,8239.2
3899.61,100.0,21719.8,,,,,100.0,100.0,8228.6
3900.61,0.0,21761.5,,,,,0.0,0.0,8217.7
3901.61,100.0,21761.5,,,,,100.0,100.0,8223.9
3902.61,100.0,21803.0,,,,,100.0,100.0,8234.6
3903.61,0.0,21844.6,,,,,0.0,0.0,8223.9
3904.61,100.0,21878.6,,,,,100.0,100.0,8234.9
3905.61,100.0,21944.6,,,,,100.0,100.0,8237.8
3906.61,100.0,21903.3,,,,,100.0,100.0,8239.3
3907.61,0.0,21903.3,,,,,0.0,0.0,8239.3
3908.61,100.0,21861.7,,,,,100.0,100.0,8239.4
3909.61,100.0,21820.0,,,,,100.0,100.0,8239.5
3910.61,100.0,21719.8,,,,,100.0,100.0,8216.7
3911.61,0.0,21719.9,,,,,0.0,0.0,8229.5
3912.61,100.0,21761.5,,,,,100.0,100.0,8218.4
3913.61,0.0,21803.0,,,,,0.0,0.0,8226.3
3914.62,100.0,21844.6,,,,,100.0,100.0,8217.5
3915.62,100.0,21844.6,,,,,100.0,100.0,8222.8
3916.62,100.0,21944.6,,,,,100.0,100.0,8238.0
3917.62,0.0,21944.6,,,,,0.0,0.0,8238.0
3918.62,100.0,21903.3,,,,,100.0,100.0,8239.5
3919.62,100.0,21861.7,,,,,100.0,100.0,8239.7
3920.62,100.0,21820.0,,,,,100.0,100.0,8239.7
3921.62,0.0,21820.0,,,,,0.0,0.0,8239.7
3922.62,100.0,21719.9,,,,,100.0,100.0,8234.0
3923.62,0.0,21761.5,,,,,0.0,0.0,8225.5
3924.62,100.0,21803.0,,,,,100.0,100.0,8234.9
3925.62,100.0,21803.0,,,,,100.0,100.0,8222.7
3926.62,100.0,21823.8,,,,,100.0,100.0,8234.6
3927.62,0.0,21878.6,,,,,0.0,0.0,8235.7
3928.62,100.0,21944.6,,,,,100.0,100.0,8238.3
3929.62,100.0,21903.3,,,,,100.0,100.0,8239.8
3930.62,100.0,21861.7,,,,,100.0,100.0,8240.0
3931.62,0.0,21861.7,,,,,0.0,0.0,8240.0
3932.62,100.0,21820.0,,,,,100.0,100.0,8240.0
3933.62,100.0,21719.8,,,,,100.0,100.0,8226.5
3934.62,0.0,21761.5,,,,,0.0,0.0,8234.4
3935.62,100.0,21761.5,,,,,100.0,100.0,8224.3
3936.62,100.0,21803.0,,,,,100.0,100.0,8235.2
3937.62,0.0,21844.6,,,,,0.0,0.0,8223.5
3938.62,100.0,21861.6,,,,,100.0,100.0,8232.1
3939.62,100.0,21944.6,,,,,100.0,100.0,8238.5
3940.62,100.0,21903.3,,,,,100.0,100.0,8240.0
3941.62,0.0,21903.3,,,,,0.0,0.0,8240.0
3942.62,100.0,21861.7,,,,,100.0,100.0,8240.2
3943.62,100.0,21820.0,,,,,100.0,100.0,8240.2
3944.62,100.0,21719.8,,,,,100.0,100.0,8217.7
3945.62,0.0,21719.9,,,,,0.0,0.0,8226.7
3946.62,100.0,21761.5,,,,,100.0,100.0,8217.2
3947.62,0.0,21803.0,,,,,0.0,0.0,8224.1
3948.62,100.0,21844.6,,,,,100.0,100.0,8236.2
3949.62,100.0,21844.6,,,,,100.0,100.0,8222.3
3950.62,100.0,21944.6,,,,,100.0,100.0,8238.8
3951.62,0.0,21944.6,,,,,0.0,0.0,8238.8
3952.62,100.0,21903.3,,,,,100.0,100.0,8240.2
3953.62,100.0,21861.7,,,,,100.0,100.0,8240.4
3954.62,100.0,21820.0,,,,,100.0,100.0,8240.5
3955.62,0.0,21820.0,,,,,0.0,0.0,8240.5
3956.62,100.0,21719.9,,,,,100.0,100.0,8234.7
3957.62,0.0,21761.5,,,,,0.0,0.0,8224.8
3958.62,100.0,21803.0,,,,,100.0,100.0,8226.2
3959.62,100.0,21803.0,,,,,100.0,100.0,8230.3
3960.62,100.0,21823.8,,,,,100.0,100.0,8221.4
3961.62,0.0,21878.6,,,,,0.0,0.0,8236.1
3962.62,100.0,21944.6,,,,,100.0,100.0,8238.9
3963.62,100.0,21903.3,,,,,100.0,100.0,8240.4
3964.62,100.0,21861.7,,,,,100.0,100.0,8240.6
3965.62,0.0,21861.7,,,,,0.0,0.0,8240.6
3966.62,100.0,21820.0,,,,,100.0,100.0,8240.6
3967.62,100.0,21719.8,,,,,100.0,100.0,8225.8
3968.62,0.0,21761.5,,,,,0.0,0.0,8235.0
3969.62,100.0,21761.5,,,,,100.0,100.0,8224.3
3970.62,100.0,21803.0,,,,,100.0,100.0,8235.7
3971.62,0.0,21844.6,,,,,0.0,0.0,8223.3
3972.62,100.0,21861.6,,,,,100.0,100.0,8231.9
3973.62,100.0,21944.6,,,,,100.0,100.0,8239.0
3974.62,100.0,21903.3,,,,,100.0,100.0,8240.7
3975.62,0.0,21903.3,,,,,0.0,0.0,8240.7
3976.62,100.0,21861.7,,,,,100.0,100.0,8240.9
3977.62,100.0,21820.0,,,,,100.0,100.0,8240.9
3978.62,100.0,21719.8,,,,,100.0,100.0,8216.0
3979.63,0.0,21719.9,,,,,0.0,0.0,8226.0
3980.63,100.0,21761.5,,,,,100.0,100.0,8216.4
3981.63,0.0,21803.0,,,,,0.0,0.0,8223.5
3982.63,100.0,21844.6,,,,,100.0,100.0,8236.8
3983.63,100.0,21844.6,,,,,100.0,100.0,8223.5
3984.63,100.0,21944.6,,,,,100.0,100.0,8239.4
3985.63,0.0,21944.6,,,,,0.0,0.0,8239.4
3986.63,100.0,21903.3,,,,,100.0,100.0,8240.9
3987.63,100.0,21861.7,,,,,100.0,100.0,8241.1
3988.63,100.0,21820.0,,,,,100.0,100.0,8241.1
3989.63,0.0,21820.0,,,,,0.0,0.0,8241.1
3990.63,100.0,21719.9,,,,,100.0,100.0,8235.5
3991.63,0.0,21761.5,,,,,0.0,0.0,8224.5
3992.63,100.0,21803.0,,,,,100.0,100.0,8236.2
3993.63,100.0,21803.0,,,,,100.0,100.0,8222.0
3994.63,100.0,21823.8,,,,,100.0,100.0,8226.2
3995.63,0.0,21878.6,,,,,0.0,0.0,8237.0
3996.63,100.0,21944.6,,,,,100.0,100.0,8239.6
3997.63,100.0,21903.3,,,,,100.0,100.0,8241.1
3998.63,100.0,21861.7,,,,,100.0,100.0,8241.3
3999.63,0.0,21861.7,,,,,0.0,0.0,8241.3
4000.63,100.0,21820.0,,,,,100.0,100.0,8241.3
4001.63,100.0,21719.8,,,,,100.0,100.0,8224.5
4002.63,0.0,21761.5,,,,,0.0,0.0,8235.7
4003.63,100.0,21761.5,,,,,100.0,100.0,8223.7
4004.63,100.0,21803.0,,,,,100.0,100.0,8236.5
4005.63,0.0,21844.6,,,,,0.0,0.0,8223.7
4006.63,100.0,21861.6,,,,,100.0,100.0,8233.4
4007.63,100.0,21944.6,,,,,100.0,100.0,8239.9
4008.63,100.0,21903.3,,,,,100.0,100.0,8241.3
4009.63,0.0,21903.3,,,,,0.0,0.0,8241.3
4010.63,100.0,21861.7,,,,,100.0,100.0,8241.5
4011.63,100.0,21820.0,,,,,100.0,100.0,8241.6
4012.63,100.0,21719.8,,,,,100.0,100.0,8215.8
4013.63,0.0,21719.9,,,,,0.0,0.0,8224.0
4014.63,100.0,21761.5,,,,,100.0,100.0,8235.9
4015.63,0.0,21803.0,,,,,0.0,0.0,8223.4
4016.63,100.0,21842.7,,,,,100.0,100.0,8237.2
4017.63,100.0,21844.6,,,,,100.0,100.0,8223.7
4018.63,100.0,21944.6,,,,,100.0,100.0,8239.9
4019.63,0.0,21944.6,,,,,0.0,0.0,8239.9
4020.63,100.0,21903.3,,,,,100.0,100.0,8241.4
4021.63,100.0,21861.7,,,,,100.0,100.0,8241.6
4022.63,100.0,21820.0,,,,,100.0,100.0,8241.6
4023.63,0.0,21820.0,,,,,0.0,0.0,8241.6
4024.63,100.0,21719.9,,,,,100.0,100.0,8236.0
4025.63,0.0,21761.5,,,,,0.0,0.0,8224.5
4026.63,100.0,21803.0,,,,,100.0,100.0,8227.0
4027.63,100.0,21803.0,,,,,100.0,100.0,8223.0
4028.63,100.0,21844.6,,,,,100.0,100.0,8237.6
4029.63,0.0,21878.6,,,,,0.0,0.0,8237.6
4030.63,100.0,21944.6,,,,,100.0,100.0,8240.1
4031.63,100.0,21903.3,,,,,100.0,100.0,8241.7
4032.63,100.0,21861.7,,,,,100.0,100.0,8241.9
4033.63,0.0,21861.7,,,,,0.0,0.0,8241.9
4034.63,100.0,21820.0,,,,,100.0,100.0,8241.9
4035.64,100.0,21719.8,,,,,100.0,100.0,8223.7
4036.64,0.0,21761.5,,,,,0.0,0.0,8236.4
4037.64,100.0,21761.5,,,,,100.0,100.0,8215.8
4038.64,100.0,21761.5,,,,,100.0,100.0,8222.3
4039.64,0.0,21844.6,,,,,0.0,0.0,8236.5
4040.64,100.0,21844.6,,,,,100.0,100.0,8222.3
4041.64,100.0,21944.6,,,,,100.0,100.0,8239.1
4042.64,100.0,21903.3,,,,,100.0,100.0,8240.7
4043.64,0.0,21903.3,,,,,0.0,0.0,8240.7
4044.64,100.0,21861.7,,,,,100.0,100.0,8240.9
4045.64,100.0,21820.0,,,,,100.0,100.0,8240.9
4046.64,100.0,21719.8,,,,,100.0,100.0,8215.9
4047.64,0.0,21719.9,,,,,0.0,0.0,8223.9
4048.64,100.0,21761.5,,,,,100.0,100.0,8235.8
4049.64,0.0,21803.0,,,,,0.0,0.0,8223.5
4050.64,100.0,21823.8,,,,,100.0,100.0,8235.3
4051.64,100.0,21844.6,,,,,100.0,100.0,8223.4
4052.64,100.0,21944.6,,,,,100.0,100.0,8239.4
4053.64,0.0,21944.6,,,,,0.0,0.0,8239.4
4054.64,100.0,21903.3,,,,,100.0,100.0,8240.9
4055.64,100.0,21861.7,,,,,100.0,100.0,8241.1
4056.64,100.0,21820.0,,,,,100.0,100.0,8241.1
4057.64,0.0,21820.0,,,,,0.0,0.0,8241.1
4058.64,100.0,21719.9,,,,,100.0,100.0,8235.3
4059.64,0.0,21761.5,,,,,0.0,0.0,8223.2
4060.64,100.0,21803.0,,,,,100.0,100.0,8226.8
4061.64,100.0,21803.0,,,,,100.0,100.0,8230.3
4062.64,100.0,21823.8,,,,,100.0,100.0,8233.4
4063.64,0.0,21878.6,,,,,0.0,0.0,8237.2
4064.64,100.0,21944.6,,,,,100.0,100.0,8239.7
4065.64,100.0,21903.3,,,,,100.0,100.0,8241.2
4066.64,100.0,21861.7,,,,,100.0,100.0,8241.4
4067.64,0.0,21861.7,,,,,0.0,0.0,8241.4
4068.64,100.0,21820.0,,,,,100.0,100.0,8241.4
4069.64,100.0,21719.8,,,,,100.0,100.0,8224.6
4070.64,0.0,21761.5,,,,,0.0,0.0,8236.0
4071.64,100.0,21761.5,,,,,100.0,100.0,8224.6
4072.64,100.0,21782.3,,,,,100.0,100.0,8235.1
4073.64,0.0,21844.6,,,,,0.0,0.0,8231.7
4074.64,100.0,21861.6,,,,,100.0,100.0,8232.0
4075.64,100.0,21944.6,,,,,100.0,100.0,8240.1
4076.64,100.0,21903.3,,,,,100.0,100.0,8241.4
4077.64,0.0,21903.3,,,,,0.0,0.0,8241.4
4078.64,100.0,21861.7,,,,,100.0,100.0,8241.6
4079.64,100.0,21820.0,,,,,100.0,100.0,8241.6
4080.64,100.0,21719.8,,,,,100.0,100.0,8216.3
4081.64,0.0,21719.9,,,,,0.0,0.0,8224.2
4082.64,100.0,21761.5,,,,,100.0,100.0,8236.1
4083.64,0.0,21803.0,,,,,0.0,0.0,8223.6
4084.64,100.0,21803.0,,,,,100.0,100.0,8228.6
4085.64,100.0,21844.6,,,,,100.0,100.0,8219.1
4086.64,100.0,21944.6,,,,,100.0,100.0,8240.3
4087.64,0.0,21944.6,,,,,0.0,0.0,8240.3
4088.64,100.0,21903.3,,,,,100.0,100.0,8241.6
4089.64,100.0,21861.7,,,,,100.0,100.0,8241.8
4090.64,100.0,21820.0,,,,,100.0,100.0,8241.8
4091.64,0.0,21820.0,,,,,0.0,0.0,8241.8
4092.64,100.0,21719.9,,,,,100.0,100.0,8222.3
4093.64,0.0,21761.5,,,,,0.0,0.0,8224.4
4094.64,100.0,21803.0,,,,,100.0,100.0,8236.9
4095.64,100.0,21803.0,,,,,100.0,100.0,8223.2
4096.64,100.0,21803.0,,,,,100.0,100.0,8231.1
4097.64,0.0,21878.6,,,,,0.0,0.0,8237.8
4098.64,100.0,21944.6,,,,,100.0,100.0,8240.4
4099.64,100.0,21903.3,,,,,100.0,100.0,8241.9
4100.65,100.0,21861.7,,,,,100.0,100.0,8242.1
4101.65,0.0,21861.7,,,,,0.0,0.0,8242.1
4102.65,100.0,21820.0,,,,,100.0,100.0,8242.1
4103.65,100.0,21719.8,,,,,100.0,100.0,8224.4
4104.65,0.0,21761.5,,,,,0.0,0.0,8236.6
4105.65,100.0,21761.5,,,,,100.0,100.0,8224.4
4106.65,100.0,21782.3,,,,,100.0,100.0,8233.8
4107.65,0.0,21844.6,,,,,0.0,0.0,8238.3
4108.65,100.0,21844.6,,,,,100.0,100.0,8232.1
4109.65,100.0,21944.6,,,,,100.0,100.0,8240.7
4110.65,100.0,21903.3,,,,,100.0,100.0,8242.1
4111.65,0.0,21903.3,,,,,0.0,0.0,8242.1
4112.65,100.0,21861.7,,,,,100.0,100.0,8242.3
4113.65,100.0,21820.0,,,,,100.0,100.0,8242.3
4114.65,100.0,21719.8,,,,,100.0,100.0,8242.5
4115.65,0.0,21719.9,,,,,0.0,0.0,8223.8
4116.65,100.0,21740.7,,,,,100.0,100.0,8236.3
4117.65,0.0,21803.0,,,,,0.0,0.0,8223.8
4118.65,100.0,21803.0,,,,,100.0,100.0,8228.1
4119.65,100.0,21844.6,,,,,100.0,100.0,8238.5
4120.65,100.0,21944.6,,,,,100.0,100.0,8241.0
4121.65,0.0,21944.6,,,,,0.0,0.0,8241.0
4122.65,100.0,21903.3,,,,,100.0,100.0,8242.4
4123.65,100.0,21861.7,,,,,100.0,100.0,8242.6
4124.65,100.0,21820.0,,,,,100.0,100.0,8242.6
4125.65,0.0,21820.0,,,,,0.0,0.0,8242.6
4126.65,100.0,21719.9,,,,,100.0,100.0,8217.1
4127.65,0.0,21761.5,,,,,0.0,0.0,8223.8
4128.65,100.0,21782.3,,,,,100.0,100.0,8235.0
4129.65,100.0,21803.0,,,,,100.0,100.0,8230.7
4130.65,100.0,21803.0,,,,,100.0,100.0,8227.2
4131.65,0.0,21878.6,,,,,0.0,0.0,8238.5
4132.65,100.0,21944.6,,,,,100.0,100.0,8241.3
4133.65,100.0,21903.3,,,,,100.0,100.0,8242.7
4134.65,100.0,21861.7,,,,,100.0,100.0,8242.9
4135.65,0.0,21861.7,,,,,0.0,0.0,8242.9
4136.65,100.0,21820.0,,,,,100.0,100.0,8242.9
4137.65,100.0,21719.8,,,,,100.0,100.0,8224.3
4138.65,0.0,21761.5,,,,,0.0,0.0,8237.3
4139.65,100.0,21761.5,,,,,100.0,100.0,8237.7
4140.65,100.0,21782.3,,,,,100.0,100.0,8232.7
4141.65,0.0,21844.6,,,,,0.0,0.0,8231.0
4142.65,100.0,21844.6,,,,,100.0,100.0,8230.0
4143.65,100.0,21944.6,,,,,100.0,100.0,8241.3
4144.65,100.0,21903.3,,,,,100.0,100.0,8242.9
4145.65,0.0,21903.3,,,,,0.0,0.0,8242.9
4146.65,100.0,21861.7,,,,,100.0,100.0,8243.1
4147.65,100.0,21820.0,,,,,100.0,100.0,8243.1
4148.65,100.0,21719.8,,,,,100.0,100.0,8243.2
4149.65,0.0,21719.9,,,,,0.0,0.0,8224.8
4150.65,100.0,21761.5,,,,,100.0,100.0,8237.5
4151.65,0.0,21803.0,,,,,0.0,0.0,8224.5
4152.65,100.0,21803.0,,,,,100.0,100.0,8231.0
4153.65,100.0,21844.6,,,,,100.0,100.0,8239.2
4154.65,100.0,21944.6,,,,,100.0,100.0,8241.7
4155.65,0.0,21944.6,,,,,0.0,0.0,8241.7
4156.65,100.0,21903.3,,,,,100.0,100.0,8243.2
4157.65,100.0,21861.7,,,,,100.0,100.0,8243.4
4158.65,100.0,21820.0,,,,,100.0,100.0,8243.4
4159.65,0.0,21820.0,,,,,0.0,0.0,8243.4
4160.65,100.0,21719.9,,,,,100.0,100.0,8216.9
4161.65,0.0,21761.5,,,,,0.0,0.0,8223.8
4162.65,100.0,21782.3,,,,,100.0,100.0,8234.9
4163.65,100.0,21803.0,,,,,100.0,100.0,8222.1
4164.65,100.0,21803.0,,,,,100.0,100.0,8227.1
4165.66,0.0,21878.6,,,,,0.0,0.0,8239.0
4166.66,100.0,21944.6,,,,,100.0,100.0,8241.9
4167.66,100.0,21903.3,,,,,100.0,100.0,8243.4
4168.66,100.0,21861.7,,,,,100.0,100.0,8243.6
4169.66,0.0,21861.7,,,,,0.0,0.0,8243.6
4170.66,100.0,21820.0,,,,,100.0,100.0,8243.6
4171.66,100.0,21719.8,,,,,100.0,100.0,8224.7
4172.66,0.0,21761.5,,,,,0.0,0.0,8238.1
4173.66,100.0,21761.5,,,,,100.0,100.0,8238.3
4174.66,100.0,21761.5,,,,,100.0,100.0,8233.5
4175.66,0.0,21844.6,,,,,0.0,0.0,8239.9
4176.66,100.0,21844.6,,,,,100.0,100.0,8229.4
4177.66,100.0,21944.6,,,,,100.0,100.0,8242.3
4178.66,100.0,21903.3,,,,,100.0,100.0,8243.7
4179.66,0.0,21903.3,,,,,0.0,0.0,8243.7
4180.66,100.0,21861.7,,,,,100.0,100.0,8243.9
4181.66,100.0,21820.0,,,,,100.0,100.0,8243.9
4182.66,100.0,21719.8,,,,,100.0,100.0,8244.1
4183.66,0.0,21719.9,,,,,0.0,0.0,8224.8
4184.66,100.0,21740.7,,,,,100.0,100.0,8236.9
4185.66,0.0,21803.0,,,,,0.0,0.0,8225.4
4186.66,100.0,21803.0,,,,,100.0,100.0,8229.1
4187.66,100.0,21844.6,,,,,100.0,100.0,8240.0
4188.66,100.0,21944.6,,,,,100.0,100.0,8242.5
4189.66,0.0,21944.6,,,,,0.0,0.0,8242.5
4190.66,100.0,21903.3,,,,,100.0,100.0,8244.0
4191.66,100.0,21861.7,,,,,100.0,100.0,8244.2
4192.66,100.0,21820.0,,,,,100.0,100.0,8244.2
4193.66,0.0,21820.0,,,,,0.0,0.0,8244.2
4194.66,100.0,21719.9,,,,,100.0,100.0,8238.4
4195.66,0.0,21761.5,,,,,0.0,0.0,8224.3
4196.66,100.0,21761.5,,,,,100.0,100.0,8231.6
4197.66,100.0,21803.0,,,,,100.0,100.0,8221.1
4198.66,100.0,21803.0,,,,,100.0,100.0,8227.9
4199.66,0.0,21878.6,,,,,0.0,0.0,8239.9
4200.66,100.0,21944.6,,,,,100.0,100.0,8242.8
4201.66,100.0,21903.3,,,,,100.0,100.0,8244.3
4202.66,100.0,21861.7,,,,,100.0,100.0,8244.4
4203.66,0.0,21861.7,,,,,0.0,0.0,8244.4
4204.66,100.0,21820.0,,,,,100.0,100.0,8244.5
4205.66,100.0,21719.8,,,,,100.0,100.0,8244.7
4206.66,0.0,21761.5,,,,,0.0,0.0,8238.8
4207.66,100.0,21761.5,,,,,100.0,100.0,8239.0
4208.66,100.0,21761.5,,,,,100.0,100.0,8231.9
4209.66,0.0,21844.6,,,,,0.0,0.0,8240.6
4210.66,100.0,21844.6,,,,,100.0,100.0,8228.9
4211.66,100.0,21944.6,,,,,100.0,100.0,8243.0
4212.66,100.0,21903.3,,,,,100.0,100.0,8244.5
4213.66,0.0,21903.3,,,,,0.0,0.0,8244.5
4214.66,100.0,21861.7,,,,,100.0,100.0,8244.7
4215.66,100.0,21820.0,,,,,100.0,100.0,8244.7
4216.66,100.0,21719.8,,,,,100.0,100.0,8244.8
4217.66,0.0,21719.9,,,,,0.0,0.0,8225.3
4218.66,100.0,21719.9,,,,,100.0,100.0,8234.7
4219.66,0.0,21803.0,,,,,0.0,0.0,8240.1
4220.66,100.0,21803.0,,,,,100.0,100.0,8231.4
4221.66,100.0,21844.6,,,,,100.0,100.0,8240.8
4222.66,100.0,21944.6,,,,,100.0,100.0,8243.3
4223.66,0.0,21944.6,,,,,0.0,0.0,8243.3
4224.66,100.0,21903.3,,,,,100.0,100.0,8244.9
4225.66,100.0,21861.7,,,,,100.0,100.0,8245.1
4226.66,100.0,21820.0,,,,,100.0,100.0,8245.1
4227.66,0.0,21820.0,,,,,0.0,0.0,8245.1
4228.66,100.0,21719.9,,,,,100.0,100.0,8239.0
4229.66,0.0,21761.5,,,,,0.0,0.0,8225.2
4230.67,100.0,21761.5,,,,,100.0,100.0,8231.9
4231.67,100.0,21803.0,,,,,100.0,100.0,8222.0
4232.67,100.0,21803.0,,,,,100.0,100.0,8229.0
4233.67,0.0,21878.6,,,,,0.0,0.0,8240.5
4234.67,100.0,21944.6,,,,,100.0,100.0,8243.5
4235.67,100.0,21903.3,,,,,100.0,100.0,8245.0
4236.67,100.0,21861.7,,,,,100.0,100.0,8245.2
4237.67,0.0,21861.7,,,,,0.0,0.0,8245.2
4238.67,100.0,21820.0,,,,,100.0,100.0,8245.2
4239.67,100.0,21719.8,,,,,100.0,100.0,8245.4
4240.67,0.0,21761.5,,,,,0.0,0.0,8229.3
4241.67,100.0,21761.5,,,,,100.0,100.0,8232.8
4242.67,100.0,21761.5,,,,,100.0,100.0,8235.1
4243.67,0.0,21844.6,,,,,0.0,0.0,8233.9
4244.67,100.0,21844.6,,,,,100.0,100.0,8229.8
4245.67,100.0,21944.6,,,,,100.0,100.0,8243.7
4246.67,100.0,21903.1,,,,,100.0,100.0,8245.2
4247.67,0.0,21903.3,,,,,0.0,0.0,8245.3
4248.67,100.0,21861.7,,,,,100.0,100.0,8245.5
4249.67,100.0,21820.0,,,,,100.0,100.0,8245.5
4250.67,100.0,21719.9,,,,,100.0,100.0,8245.6
4251.67,1.23,21719.9,,,,,1.22,1.23,8225.3
4252.67,100.0,21719.9,,,,,100.0,100.0,8234.1
4253.67,0.0,21803.0,,,,,0.0,0.0,8240.7
4254.67,100.0,21803.0,,,,,100.0,100.0,8230.4
4255.67,100.0,21844.6,,,,,100.0,100.0,8241.6
4256.67,100.0,21844.6,,,,,100.0,100.0,8242.1
4257.67,0.0,21944.6,,,,,0.0,0.0,8244.0
4258.67,100.0,21903.3,,,,,100.0,100.0,8245.6
4259.67,100.0,21861.7,,,,,100.0,100.0,8245.8
4260.67,0.0,21861.7,,,,,0.0,0.0,8245.8
4261.67,100.0,21820.0,,,,,100.0,100.0,8245.8
4262.67,100.0,21719.9,,,,,100.0,100.0,8239.7
4263.67,0.0,21761.5,,,,,0.0,0.0,8226.2
4264.67,100.0,21761.5,,,,,100.0,100.0,8232.3
4265.67,100.0,21803.0,,,,,100.0,100.0,8222.8
4266.67,0.0,21844.6,,,,,0.0,0.0,8230.1
4267.67,100.0,21878.6,,,,,100.0,100.0,8241.5
4268.67,100.0,21944.6,,,,,100.0,100.0,8244.3
4269.67,100.0,21903.3,,,,,100.0,100.0,8245.9
4270.67,0.0,21903.3,,,,,0.0,0.0,8245.9
4271.67,100.0,21861.7,,,,,100.0,100.0,8246.0
4272.67,100.0,21820.0,,,,,100.0,100.0,8246.0
4273.67,100.0,21719.8,,,,,100.0,100.0,8246.2
4274.67,0.0,21740.7,,,,,0.0,0.0,8239.3
4275.67,100.0,21761.5,,,,,100.0,100.0,8233.0
4276.67,0.0,21803.0,,,,,0.0,0.0,8234.2
4277.67,100.0,21844.6,,,,,100.0,100.0,8223.6
4278.67,100.0,21844.6,,,,,100.0,100.0,8228.8
4279.67,100.0,21944.6,,,,,100.0,100.0,8244.6
4280.67,0.0,21944.6,,,,,0.0,0.0,8244.6
4281.67,100.0,21903.3,,,,,100.0,100.0,8246.1
4282.67,100.0,21861.7,,,,,100.0,100.0,8246.3
4283.67,100.0,21820.0,,,,,100.0,100.0,8246.3
4284.67,0.0,21820.0,,,,,0.0,0.0,8246.3
4285.67,100.0,21719.9,,,,,100.0,100.0,8226.1
4286.67,0.0,21761.5,,,,,0.0,0.0,8233.7
4287.67,100.0,21803.0,,,,,100.0,100.0,8241.7
4288.67,100.0,21803.0,,,,,100.0,100.0,8232.8
4289.67,100.0,21842.7,,,,,100.0,100.0,8233.2
4290.67,0.0,21878.6,,,,,0.0,0.0,8242.5
4291.67,100.0,21944.6,,,,,100.0,100.0,8245.0
4292.67,100.0,21903.3,,,,,100.0,100.0,8246.3
4293.67,100.0,21861.7,,,,,100.0,100.0,8246.5
4294.67,0.0,21861.7,,,,,0.0,0.0,8246.5
4295.68,100.0,21820.0,,,,,100.0,100.0,8246.5
4296.68,100.0,21719.8,,,,,100.0,100.0,8235.1
4297.68,0.0,21761.5,,,,,0.0,0.0,8224.5
4298.68,100.0,21761.5,,,,,100.0,100.0,8230.9
4299.68,100.0,21803.0,,,,,100.0,100.0,8241.7
4300.68,0.0,21844.6,,,,,0.0,0.0,8228.9
4301.68,100.0,21861.6,,,,,100.0,100.0,8240.5
4302.68,100.0,21944.6,,,,,100.0,100.0,8245.1
4303.68,100.0,21903.3,,,,,100.0,100.0,8246.6
4304.68,0.0,21903.3,,,,,0.0,0.0,8246.6
4305.68,100.0,21861.7,,,,,100.0,100.0,8246.8
4306.68,100.0,21820.0,,,,,100.0,100.0,8246.8
4307.68,100.0,21719.8,,,,,100.0,100.0,8247.0
4308.68,0.0,21719.9,,,,,0.0,0.0,8233.8
4309.68,100.0,21761.5,,,,,100.0,100.0,8232.7
4310.68,0.0,21803.0,,,,,0.0,0.0,8230.3
4311.68,100.0,21844.6,,,,,100.0,100.0,8223.2
4312.68,100.0,21844.6,,,,,100.0,100.0,8228.3
4313.68,100.0,21944.6,,,,,100.0,100.0,8245.4
4314.68,0.0,21944.6,,,,,0.0,0.0,8245.4
4315.68,100.0,21903.3,,,,,100.0,100.0,8246.9
4316.68,100.0,21861.7,,,,,100.0,100.0,8247.1
4317.68,100.0,21820.0,,,,,100.0,100.0,8247.2
4318.68,0.0,21820.0,,,,,0.0,0.0,8247.2
4319.68,100.0,21719.9,,,,,100.0,100.0,8241.4
4320.68,0.0,21761.5,,,,,0.0,0.0,8230.7
4321.68,100.0,21803.0,,,,,100.0,100.0,8242.6
4322.68,100.0,21803.0,,,,,100.0,100.0,8229.5
4323.68,100.0,21823.8,,,,,100.0,100.0,8240.2
4324.68,0.0,21878.6,,,,,0.0,0.0,8243.3
4325.68,100.0,21944.6,,,,,100.0,100.0,8245.8
4326.68,100.0,21903.3,,,,,100.0,100.0,8247.2
4327.68,100.0,21861.7,,,,,100.0,100.0,8247.3
4328.68,0.0,21861.7,,,,,0.0,0.0,8247.3
4329.68,100.0,21820.0,,,,,100.0,100.0,8247.4
4330.68,100.0,21719.8,,,,,100.0,100.0,8232.7
4331.68,0.0,21761.5,,,,,0.0,0.0,8225.3
4332.68,100.0,21761.5,,,,,100.0,100.0,8230.3
4333.68,100.0,21803.0,,,,,100.0,100.0,8242.6
4334.68,0.0,21844.6,,,,,0.0,0.0,8229.9
4335.68,100.0,21844.6,,,,,100.0,100.0,8242.4
4336.68,100.0,21944.6,,,,,100.0,100.0,8246.0
4337.68,100.0,21903.3,,,,,100.0,100.0,8247.4
4338.68,0.0,21903.3,,,,,0.0,0.0,8247.4
4339.68,100.0,21861.7,,,,,100.0,100.0,8247.6
4340.68,100.0,21820.0,,,,,100.0,100.0,8247.6
4341.68,100.0,21719.8,,,,,100.0,100.0,8247.8
4342.68,0.0,21719.9,,,,,0.0,0.0,8233.4
4343.68,100.0,21761.5,,,,,100.0,100.0,8232.4
4344.68,0.0,21803.0,,,,,0.0,0.0,8230.0
4345.68,100.0,21844.6,,,,,100.0,100.0,8233.2
4346.68,100.0,21844.6,,,,,100.0,100.0,8236.2
4347.68,100.0,21944.6,,,,,100.0,100.0,8246.3
4348.68,0.0,21944.6,,,,,0.0,0.0,8246.3
4349.68,100.0,21903.3,,,,,100.0,100.0,8247.7
4350.68,100.0,21861.7,,,,,100.0,100.0,8247.9
4351.68,100.0,21820.0,,,,,100.0,100.0,8247.9
4352.68,0.0,21820.0,,,,,0.0,0.0,8247.9
4353.68,100.0,21719.9,,,,,100.0,100.0,8242.2
4354.68,0.0,21761.5,,,,,0.0,0.0,8231.1
4355.68,100.0,21803.0,,,,,100.0,100.0,8243.1
4356.68,100.0,21803.0,,,,,100.0,100.0,8229.7
4357.68,100.0,21803.0,,,,,100.0,100.0,8237.0
4358.69,0.0,21878.6,,,,,0.0,0.0,8243.5
4359.69,100.0,21944.6,,,,,100.0,100.0,8246.1
4360.69,100.0,21903.3,,,,,100.0,100.0,8247.5
4361.69,100.0,21861.7,,,,,100.0,100.0,8247.7
4362.69,0.0,21861.7,,,,,0.0,0.0,8247.7
4363.69,100.0,21820.0,,,,,100.0,100.0,8247.7
4364.69,100.0,21719.8,,,,,100.0,100.0,8230.6
4365.69,0.0,21761.5,,,,,0.0,0.0,8223.5
4366.69,100.0,21761.5,,,,,100.0,100.0,8230.8
4367.69,100.0,21803.0,,,,,100.0,100.0,8243.3
4368.69,0.0,21844.6,,,,,0.0,0.0,8230.5
4369.69,100.0,21844.6,,,,,100.0,100.0,8238.2
4370.69,100.0,21944.6,,,,,100.0,100.0,8246.7
4371.69,100.0,21903.3,,,,,100.0,100.0,8248.2
4372.69,0.0,21903.3,,,,,0.0,0.0,8248.2
4373.69,100.0,21861.7,,,,,100.0,100.0,8248.4
4374.69,100.0,21820.0,,,,,100.0,100.0,8248.4
4375.69,100.0,21719.8,,,,,100.0,100.0,8248.6
4376.69,0.0,21719.9,,,,,0.0,0.0,8230.8
4377.69,100.0,21761.5,,,,,100.0,100.0,8242.9
4378.69,0.0,21803.0,,,,,0.0,0.0,8235.8
4379.69,100.0,21823.8,,,,,100.0,100.0,8241.3
4380.69,100.0,21844.6,,,,,100.0,100.0,8236.8
4381.69,100.0,21944.6,,,,,100.0,100.0,8246.9
4382.69,0.0,21944.6,,,,,0.0,0.0,8246.9
4383.69,100.0,21903.3,,,,,100.0,100.0,8248.4
4384.69,100.0,21861.7,,,,,100.0,100.0,8248.6
4385.69,100.0,21820.0,,,,,100.0,100.0,8248.6
4386.69,0.0,21820.0,,,,,0.0,0.0,8248.6
4387.69,100.0,21719.9,,,,,100.0,100.0,8242.9
4388.69,0.0,21761.5,,,,,0.0,0.0,8231.5
4389.69,100.0,21803.0,,,,,100.0,100.0,8243.9
4390.69,100.0,21803.0,,,,,100.0,100.0,8230.2
4391.69,100.0,21803.0,,,,,100.0,100.0,8239.4
4392.69,0.0,21878.6,,,,,0.0,0.0,8244.7
4393.69,100.0,21944.6,,,,,100.0,100.0,8247.2
4394.69,100.0,21903.3,,,,,100.0,100.0,8248.7
4395.69,100.0,21861.7,,,,,100.0,100.0,8248.9
4396.69,0.0,21861.7,,,,,0.0,0.0,8248.9
4397.69,100.0,21820.0,,,,,100.0,100.0,8248.9
4398.69,100.0,21719.8,,,,,100.0,100.0,8229.9
4399.69,0.0,21761.5,,,,,0.0,0.0,8243.2
4400.69,100.0,21761.5,,,,,100.0,100.0,8228.9
4401.69,100.0,21782.3,,,,,100.0,100.0,8240.4
4402.69,0.0,21844.6,,,,,0.0,0.0,8230.0
4403.69,100.0,21844.6,,,,,100.0,100.0,8235.4
4404.69,100.0,21944.6,,,,,100.0,100.0,8247.4
4405.69,100.0,21903.3,,,,,100.0,100.0,8248.9
4406.69,0.0,21903.3,,,,,0.0,0.0,8248.9
4407.69,100.0,21861.7,,,,,100.0,100.0,8249.1
4408.69,100.0,21820.0,,,,,100.0,100.0,8249.1
4409.69,100.0,21719.8,,,,,100.0,100.0,8249.2
4410.69,0.0,21719.9,,,,,0.0,0.0,8230.7
4411.69,100.0,21761.5,,,,,100.0,100.0,8228.2
4412.69,0.0,21803.0,,,,,0.0,0.0,8230.1
4413.69,100.0,21844.6,,,,,100.0,100.0,8245.0
4414.69,100.0,21844.6,,,,,100.0,100.0,8229.8
4415.69,100.0,21944.6,,,,,100.0,100.0,8247.6
4416.69,0.0,21944.6,,,,,0.0,0.0,8247.6
4417.69,100.0,21903.3,,,,,100.0,100.0,8249.0
4418.69,100.0,21861.7,,,,,100.0,100.0,8249.2
4419.69,100.0,21820.0,,,,,100.0,100.0,8249.2
4420.69,0.0,21820.0,,,,,0.0,0.0,8249.2
4421.69,100.0,21719.9,,,,,100.0,100.0,8243.5
4422.7,0.0,21761.5,,,,,0.0,0.0,8231.7
4423.7,100.0,21803.0,,,,,100.0,100.0,8244.3
4424.7,100.0,21803.0,,,,,100.0,100.0,8244.4
4425.7,100.0,21803.0,,,,,100.0,100.0,8240.1
4426.7,0.0,21878.6,,,,,0.0,0.0,8245.3
4427.7,100.0,21944.6,,,,,100.0,100.0,8247.8
4428.7,100.0,21903.3,,,,,100.0,100.0,8249.3
4429.7,100.0,21861.7,,,,,100.0,100.0,8249.5
4430.7,0.0,21861.7,,,,,0.0,0.0,8249.5
4431.7,100.0,21820.0,,,,,100.0,100.0,8249.5
4432.7,100.0,21719.8,,,,,100.0,100.0,8229.5
4433.7,0.0,21761.5,,,,,0.0,0.0,8243.7
4434.7,100.0,21761.5,,,,,100.0,100.0,8231.2
4435.7,100.0,21782.3,,,,,100.0,100.0,8242.9
4436.7,0.0,21844.6,,,,,0.0,0.0,8231.0
4437.7,100.0,21844.6,,,,,100.0,100.0,8239.8
4438.7,100.0,21944.6,,,,,100.0,100.0,8248.0
4439.7,100.0,21903.3,,,,,100.0,100.0,8249.5
4440.7,0.0,21903.3,,,,,0.0,0.0,8249.5
4441.7,100.0,21861.7,,,,,100.0,100.0,8249.7
4442.7,100.0,21820.0,,,,,100.0,100.0,8249.7
4443.7,100.0,21719.8,,,,,100.0,100.0,8249.8
4444.7,0.0,21719.9,,,,,0.0,0.0,8237.1
4445.7,100.0,21761.5,,,,,100.0,100.0,8233.3
4446.7,0.0,21803.0,,,,,0.0,0.0,8237.3
4447.7,100.0,21803.0,,,,,100.0,100.0,8237.4
4448.7,100.0,21844.6,,,,,100.0,100.0,8236.2
4449.7,100.0,21944.6,,,,,100.0,100.0,8248.1
4450.7,0.0,21944.6,,,,,0.0,0.0,8248.1
4451.7,100.0,21903.3,,,,,100.0,100.0,8249.7
4452.7,100.0,21861.7,,,,,100.0,100.0,8249.9
4453.7,100.0,21820.0,,,,,100.0,100.0,8249.9
4454.7,0.0,21820.0,,,,,0.0,0.0,8249.9
4455.7,100.0,21719.9,,,,,100.0,100.0,8244.1
4456.7,0.0,21761.5,,,,,0.0,0.0,8231.7
4457.7,100.0,21782.3,,,,,100.0,100.0,8243.9
4458.7,100.0,21803.0,,,,,100.0,100.0,8245.1
4459.7,100.0,21803.0,,,,,100.0,100.0,8236.5
4460.7,0.0,21878.6,,,,,0.0,0.0,8245.7
4461.7,100.0,21944.6,,,,,100.0,100.0,8248.4
4462.7,100.0,21903.3,,,,,100.0,100.0,8250.0
4463.7,100.0,21861.7,,,,,100.0,100.0,8250.1
4464.7,0.0,21861.7,,,,,0.0,0.0,8250.1
4465.7,100.0,21820.0,,,,,100.0,100.0,8250.2
4466.7,100.0,21719.8,,,,,100.0,100.0,8229.5
4467.7,0.0,21761.5,,,,,0.0,0.0,8244.6
4468.7,100.0,21761.5,,,,,100.0,100.0,8231.3
4469.7,100.0,21782.3,,,,,100.0,100.0,8243.3
4470.7,0.0,21844.6,,,,,0.0,0.0,8231.4
4471.7,100.0,21844.6,,,,,100.0,100.0,8235.5
4472.7,100.0,21944.6,,,,,100.0,100.0,8248.4
4473.7,100.0,21903.3,,,,,100.0,100.0,8250.1
4474.7,0.0,21903.3,,,,,0.0,0.0,8250.1
4475.7,100.0,21861.7,,,,,100.0,100.0,8250.3
4476.7,100.0,21820.0,,,,,100.0,100.0,8250.3
4477.7,100.0,21719.8,,,,,100.0,100.0,8250.4
4478.7,0.0,21719.9,,,,,0.0,0.0,8229.9
4479.7,100.0,21740.7,,,,,100.0,100.0,8242.4
4480.7,0.0,21803.0,,,,,0.0,0.0,8237.2
4481.7,100.0,21803.0,,,,,100.0,100.0,8234.6
4482.7,100.0,21844.6,,,,,100.0,100.0,8236.5
4483.7,100.0,21944.6,,,,,100.0,100.0,8248.9
4484.7,0.0,21944.6,,,,,0.0,0.0,8248.9
4485.7,100.0,21903.3,,,,,100.0,100.0,8250.4
4486.7,100.0,21861.7,,,,,100.0,100.0,8250.6
4487.71,100.0,21820.0,,,,,100.0,100.0,8250.6
4488.71,0.0,21820.0,,,,,0.0,0.0,8250.6
4489.71,100.0,21719.9,,,,,100.0,100.0,8244.8
4490.71,0.0,21761.5,,,,,0.0,0.0,8245.1
4491.71,100.0,21782.3,,,,,100.0,100.0,8242.7
4492.71,100.0,21803.0,,,,,100.0,100.0,8245.9
4493.71,100.0,21803.0,,,,,100.0,100.0,8237.2
4494.71,0.0,21878.6,,,,,0.0,0.0,8246.3
4495.71,100.0,21944.6,,,,,100.0,100.0,8249.1
4496.71,100.0,21903.3,,,,,100.0,100.0,8250.6
4497.71,100.0,21861.7,,,,,100.0,100.0,8250.7
4498.71,0.0,21861.7,,,,,0.0,0.0,8250.7
4499.71,100.0,21820.0,,,,,100.0,100.0,8250.7
4500.71,100.0,21719.8,,,,,100.0,100.0,8229.5
4501.71,0.0,21761.5,,,,,0.0,0.0,8244.8
4502.71,100.0,21761.5,,,,,100.0,100.0,8230.7
4503.71,100.0,21782.3,,,,,100.0,100.0,8241.5
4504.71,0.0,21844.6,,,,,0.0,0.0,8246.8
4505.71,100.0,21844.6,,,,,100.0,100.0,8237.1
4506.71,100.0,21944.6,,,,,100.0,100.0,8249.3
4507.71,100.0,21903.3,,,,,100.0,100.0,8250.8
4508.71,0.0,21903.3,,,,,0.0,0.0,8250.8
4509.71,100.0,21861.7,,,,,100.0,100.0,8250.9
4510.71,100.0,21820.0,,,,,100.0,100.0,8250.9
4511.71,100.0,21719.8,,,,,100.0,100.0,8251.0
4512.71,0.0,21719.9,,,,,0.0,0.0,8229.6
4513.71,100.0,21719.9,,,,,100.0,100.0,8244.2
4514.71,0.0,21803.0,,,,,0.0,0.0,8230.3
4515.71,100.0,21803.0,,,,,100.0,100.0,8234.4
4516.71,100.0,21844.6,,,,,100.0,100.0,8227.2
4517.71,100.0,21944.6,,,,,100.0,100.0,8249.5
4518.71,0.0,21944.6,,,,,0.0,0.0,8249.5
4519.71,100.0,21903.3,,,,,100.0,100.0,8251.0
4520.71,100.0,21861.7,,,,,100.0,100.0,8251.2
4521.71,100.0,21820.0,,,,,100.0,100.0,8251.2
4522.71,0.0,21820.0,,,,,0.0,0.0,8251.2
4523.71,100.0,21719.9,,,,,100.0,100.0,8245.3
4524.71,0.0,21761.5,,,,,0.0,0.0,8245.7
4525.71,100.0,21761.5,,,,,100.0,100.0,8239.4
4526.71,100.0,21803.0,,,,,100.0,100.0,8246.5
4527.71,100.0,21803.0,,,,,100.0,100.0,8236.2
4528.71,0.0,21861.6,,,,,0.0,0.0,8244.8
4529.71,100.0,21944.6,,,,,100.0,100.0,8249.8
4530.71,100.0,21903.3,,,,,100.0,100.0,8251.2
4531.71,100.0,21861.7,,,,,100.0,100.0,8251.4
4532.71,0.0,21861.7,,,,,0.0,0.0,8251.4
4533.71,100.0,21820.0,,,,,100.0,100.0,8251.4
4534.71,100.0,21719.8,,,,,100.0,100.0,8230.7
4535.71,0.0,21740.7,,,,,0.0,0.0,8243.3
4536.71,100.0,21761.5,,,,,100.0,100.0,8230.4
4537.71,100.0,21761.5,,,,,100.0,100.0,8235.3
4538.71,0.0,21844.6,,,,,0.0,0.0,8247.4
4539.71,100.0,21844.6,,,,,100.0,100.0,8234.0
4540.71,100.0,21944.6,,,,,100.0,100.0,8250.0
4541.71,100.0,21903.1,,,,,100.0,100.0,8251.4
4542.71,0.0,21903.3,,,,,0.0,0.0,8251.5
4543.71,100.0,21861.7,,,,,100.0,100.0,8251.7
4544.71,100.0,21820.0,,,,,100.0,100.0,8251.7
4545.71,0.0,21820.0,,,,,0.0,0.0,8251.7
4546.71,100.0,21719.9,,,,,100.0,100.0,8229.5
4547.71,100.0,21740.7,,,,,100.0,100.0,8245.2
4548.71,0.0,21803.0,,,,,0.0,0.0,8229.6
4549.72,100.0,21803.0,,,,,100.0,100.0,8234.1
4550.72,100.0,21844.6,,,,,100.0,100.0,8226.6
4551.72,0.0,21878.6,,,,,0.0,0.0,8247.5
4552.72,100.0,21944.6,,,,,100.0,100.0,8250.2
4553.72,100.0,21903.3,,,,,100.0,100.0,8251.7
4554.72,100.0,21861.7,,,,,100.0,100.0,8251.9
4555.72,0.0,21861.7,,,,,0.0,0.0,8251.9
4556.72,100.0,21820.0,,,,,100.0,100.0,8251.9
4557.72,100.0,21719.9,,,,,100.0,100.0,8246.0
4558.72,0.0,21761.5,,,,,0.0,0.0,8246.3
4559.72,100.0,21761.5,,,,,100.0,100.0,8237.9
4560.72,100.0,21803.0,,,,,100.0,100.0,8247.1
4561.72,0.0,21844.6,,,,,0.0,0.0,8235.5
4562.72,100.0,21861.6,,,,,100.0,100.0,8244.2
4563.72,100.0,21944.6,,,,,100.0,100.0,8250.4
4564.72,100.0,21903.3,,,,,100.0,100.0,8251.8
4565.72,0.0,21903.3,,,,,0.0,0.0,8251.8
4566.72,100.0,21861.7,,,,,100.0,100.0,8252.0
4567.72,100.0,21820.0,,,,,100.0,100.0,8252.0
4568.72,100.0,21719.8,,,,,100.0,100.0,8230.9
4569.72,0.0,21719.9,,,,,0.0,0.0,8241.6
4570.72,100.0,21761.5,,,,,100.0,100.0,8229.7
4571.72,0.0,21803.0,,,,,0.0,0.0,8236.6
4572.72,100.0,21844.6,,,,,100.0,100.0,8248.2
4573.72,100.0,21844.6,,,,,100.0,100.0,8234.8
4574.72,100.0,21944.6,,,,,100.0,100.0,8250.6
4575.72,0.0,21944.6,,,,,0.0,0.0,8250.6
4576.72,100.0,21903.3,,,,,100.0,100.0,8252.1
4577.72,100.0,21861.7,,,,,100.0,100.0,8252.3
4578.72,100.0,21820.0,,,,,100.0,100.0,8252.3
4579.72,0.0,21820.0,,,,,0.0,0.0,8252.3
4580.72,100.0,21719.9,,,,,100.0,100.0,8229.8
4581.72,0.0,21761.5,,,,,0.0,0.0,8238.9
4582.72,100.0,21803.0,,,,,100.0,100.0,8228.3
4583.72,100.0,21803.0,,,,,100.0,100.0,8234.4
4584.72,100.0,21844.6,,,,,100.0,100.0,8248.3
4585.72,0.0,21878.6,,,,,0.0,0.0,8248.4
4586.72,100.0,21944.6,,,,,100.0,100.0,8251.0
4587.72,100.0,21903.3,,,,,100.0,100.0,8252.4
4588.72,100.0,21861.7,,,,,100.0,100.0,8252.6
4589.72,0.0,21861.7,,,,,0.0,0.0,8252.6
4590.72,100.0,21820.0,,,,,100.0,100.0,8252.6
4591.72,100.0,21702.8,,,,,100.0,100.0,8242.6
4592.72,0.0,21761.5,,,,,0.0,0.0,8246.9
4593.72,100.0,21761.5,,,,,100.0,100.0,8237.4
4594.72,100.0,21803.0,,,,,100.0,100.0,8238.1
4595.72,0.0,21844.6,,,,,0.0,0.0,8235.3
4596.72,100.0,21861.6,,,,,100.0,100.0,8244.7
4597.72,100.0,21944.6,,,,,100.0,100.0,8250.9
4598.72,100.0,21903.3,,,,,100.0,100.0,8252.5
4599.72,0.0,21903.3,,,,,0.0,0.0,8252.5
4600.72,100.0,21861.7,,,,,100.0,100.0,8252.6
4601.72,100.0,21820.0,,,,,100.0,100.0,8252.6
4602.72,100.0,21719.8,,,,,100.0,100.0,8231.2
4603.72,0.0,21719.9,,,,,0.0,0.0,8240.9
4604.72,100.0,21761.5,,,,,100.0,100.0,8247.3
4605.72,0.0,21803.0,,,,,0.0,0.0,8235.0
4606.72,100.0,21844.6,,,,,100.0,100.0,8248.8
4607.72,100.0,21844.6,,,,,100.0,100.0,8234.2
4608.72,100.0,21944.6,,,,,100.0,100.0,8251.4
4609.72,0.0,21944.6,,,,,0.0,0.0,8251.4
4610.72,100.0,21903.3,,,,,100.0,100.0,8252.8
4611.72,100.0,21861.7,,,,,100.0,100.0,8253.0
4612.72,100.0,21820.0,,,,,100.0,100.0,8253.0
4613.73,0.0,21820.0,,,,,0.0,0.0,8253.0
4614.73,100.0,21719.9,,,,,100.0,100.0,8231.1
4615.73,0.0,21761.5,,,,,0.0,0.0,8238.2
4616.73,100.0,21803.0,,,,,100.0,100.0,8228.7
4617.73,100.0,21803.0,,,,,100.0,100.0,8235.0
4618.73,100.0,21844.6,,,,,100.0,100.0,8248.9
4619.73,0.0,21878.6,,,,,0.0,0.0,8248.8
4620.73,100.0,21944.6,,,,,100.0,100.0,8251.4
4621.73,100.0,21903.3,,,,,100.0,100.0,8252.8
4622.73,100.0,21861.7,,,,,100.0,100.0,8253.0
4623.73,0.0,21861.7,,,,,0.0,0.0,8253.0
4624.73,100.0,21820.0,,,,,100.0,100.0,8253.1
4625.73,100.0,21719.8,,,,,100.0,100.0,8242.2
4626.73,0.0,21761.5,,,,,0.0,0.0,8247.9
4627.73,100.0,21761.5,,,,,100.0,100.0,8237.3
4628.73,100.0,21803.0,,,,,100.0,100.0,8248.6
4629.73,0.0,21844.6,,,,,0.0,0.0,8249.5
4630.73,100.0,21878.6,,,,,100.0,100.0,8249.0
4631.73,100.0,21944.6,,,,,100.0,100.0,8251.9
4632.73,100.0,21903.3,,,,,100.0,100.0,8253.2
4633.73,0.0,21903.3,,,,,0.0,0.0,8253.2
4634.73,100.0,21861.7,,,,,100.0,100.0,8253.4
4635.73,100.0,21820.0,,,,,100.0,100.0,8253.4
4636.73,100.0,21719.8,,,,,100.0,100.0,8231.4
4637.73,0.0,21719.9,,,,,0.0,0.0,8239.7
4638.73,100.0,21761.5,,,,,100.0,100.0,8248.2
4639.73,0.0,21803.0,,,,,0.0,0.0,8237.8
4640.73,100.0,21844.6,,,,,100.0,100.0,8249.6
4641.73,100.0,21844.6,,,,,100.0,100.0,8235.5
4642.73,100.0,21944.6,,,,,100.0,100.0,8252.0
4643.73,0.0,21944.6,,,,,0.0,0.0,8252.0
4644.73,100.0,21903.3,,,,,100.0,100.0,8253.6
4645.73,100.0,21861.7,,,,,100.0,100.0,8253.8
4646.73,100.0,21820.0,,,,,100.0,100.0,8253.8
4647.73,0.0,21820.0,,,,,0.0,0.0,8253.8
4648.73,100.0,21719.9,,,,,100.0,100.0,8230.4
4649.73,0.0,21761.5,,,,,0.0,0.0,8238.5
4650.73,100.0,21803.0,,,,,100.0,100.0,8229.8
4651.73,100.0,21803.0,,,,,100.0,100.0,8235.4
4652.73,100.0,21823.8,,,,,100.0,100.0,8248.9
4653.73,0.0,21878.6,,,,,0.0,0.0,8249.8
4654.73,100.0,21944.6,,,,,100.0,100.0,8252.4
4655.73,100.0,21903.3,,,,,100.0,100.0,8253.8
4656.73,100.0,21861.7,,,,,100.0,100.0,8254.0
4657.73,0.0,21861.7,,,,,0.0,0.0,8254.0
4658.73,100.0,21820.0,,,,,100.0,100.0,8254.0
4659.73,100.0,21719.8,,,,,100.0,100.0,8239.8
4660.73,0.0,21761.5,,,,,0.0,0.0,8248.6
4661.73,100.0,21761.5,,,,,100.0,100.0,8237.2
4662.73,100.0,21803.0,,,,,100.0,100.0,8249.2
4663.73,0.0,21844.6,,,,,0.0,0.0,8243.3
4664.73,100.0,21861.6,,,,,100.0,100.0,8247.4
4665.73,100.0,21944.6,,,,,100.0,100.0,8252.4
4666.73,100.0,21903.3,,,,,100.0,100.0,8253.9
4667.73,0.0,21903.3,,,,,0.0,0.0,8253.9
4668.73,100.0,21861.7,,,,,100.0,100.0,8254.1
4669.73,100.0,21820.0,,,,,100.0,100.0,8254.1
4670.73,100.0,21719.8,,,,,100.0,100.0,8254.3
4671.73,0.0,21719.9,,,,,0.0,0.0,8238.8
4672.73,100.0,21761.5,,,,,100.0,100.0,8248.7
4673.73,0.0,21803.0,,,,,0.0,0.0,8238.3
4674.73,100.0,21844.6,,,,,100.0,100.0,8250.1
4675.73,100.0,21844.6,,,,,100.0,100.0,8236.6
4676.74,100.0,21944.6,,,,,100.0,100.0,8252.8
4677.74,0.0,21944.6,,,,,0.0,0.0,8252.8
4678.74,100.0,21903.3,,,,,100.0,100.0,8254.3
4679.74,100.0,21861.7,,,,,100.0,100.0,8254.5
4680.74,100.0,21820.0,,,,,100.0,100.0,8254.5
4681.74,0.0,21820.0,,,,,0.0,0.0,8254.5
4682.74,100.0,21719.9,,,,,100.0,100.0,8230.4
4683.74,0.0,21761.5,,,,,0.0,0.0,8239.3
4684.74,100.0,21803.0,,,,,100.0,100.0,8249.6
4685.74,100.0,21803.0,,,,,100.0,100.0,8234.7
4686.74,100.0,21803.0,,,,,100.0,100.0,8245.9
4687.74,0.0,21878.6,,,,,0.0,0.0,8250.5
4688.74,100.0,21944.6,,,,,100.0,100.0,8253.1
4689.74,100.0,21903.3,,,,,100.0,100.0,8254.5
4690.74,100.0,21861.7,,,,,100.0,100.0,8254.7
4691.74,0.0,21861.7,,,,,0.0,0.0,8254.7
4692.74,100.0,21820.0,,,,,100.0,100.0,8254.7
4693.74,100.0,21719.8,,,,,100.0,100.0,8238.6
4694.74,0.0,21761.5,,,,,0.0,0.0,8234.4
4695.74,100.0,21761.5,,,,,100.0,100.0,8236.7
4696.74,100.0,21761.5,,,,,100.0,100.0,8237.7
4697.74,0.0,21844.6,,,,,0.0,0.0,8249.0
4698.74,100.0,21844.6,,,,,100.0,100.0,8236.7
4699.74,100.0,21944.6,,,,,100.0,100.0,8251.4
4700.74,100.0,21903.3,,,,,100.0,100.0,8252.9
4701.74,0.0,21903.3,,,,,0.0,0.0,8252.9
4702.74,100.0,21861.7,,,,,100.0,100.0,8253.1
4703.74,100.0,21820.0,,,,,100.0,100.0,8253.1
4704.74,100.0,21719.8,,,,,100.0,100.0,8253.3
4705.74,0.0,21719.9,,,,,0.0,0.0,8237.2
4706.74,100.0,21761.5,,,,,100.0,100.0,8248.4
4707.74,0.0,21803.0,,,,,0.0,0.0,8237.7
4708.74,100.0,21844.6,,,,,100.0,100.0,8249.6
4709.74,100.0,21844.6,,,,,100.0,100.0,8249.9
4710.74,100.0,21944.6,,,,,100.0,100.0,8252.3
4711.74,0.0,21944.6,,,,,0.0,0.0,8252.3
4712.74,100.0,21903.3,,,,,100.0,100.0,8253.8
4713.74,100.0,21861.7,,,,,100.0,100.0,8254.0
4714.74,100.0,21820.0,,,,,100.0,100.0,8254.0
4715.74,0.0,21820.0,,,,,0.0,0.0,8254.0
4716.74,100.0,21719.9,,,,,100.0,100.0,8229.9
4717.74,0.0,21761.5,,,,,0.0,0.0,8237.4
4718.74,100.0,21803.0,,,,,100.0,100.0,8249.0
4719.74,100.0,21803.0,,,,,100.0,100.0,8237.2
4720.74,100.0,21823.8,,,,,100.0,100.0,8246.8
4721.74,0.0,21878.6,,,,,0.0,0.0,8249.9
4722.74,100.0,21944.6,,,,,100.0,100.0,8252.5
4723.74,100.0,21903.3,,,,,100.0,100.0,8254.0
4724.74,100.0,21861.7,,,,,100.0,100.0,8254.2
4725.74,0.0,21861.7,,,,,0.0,0.0,8254.2
4726.74,100.0,21820.0,,,,,100.0,100.0,8254.2
4727.74,100.0,21719.8,,,,,100.0,100.0,8238.0
4728.74,0.0,21761.5,,,,,0.0,0.0,8230.6
4729.74,100.0,21761.5,,,,,100.0,100.0,8235.6
4730.74,100.0,21799.3,,,,,100.0,100.0,8238.7
4731.74,0.0,21844.6,,,,,0.0,0.0,8247.4
4732.74,100.0,21844.6,,,,,100.0,100.0,8241.3
4733.74,100.0,21944.6,,,,,100.0,100.0,8252.7
4734.74,100.0,21903.3,,,,,100.0,100.0,8254.3
4735.74,0.0,21903.3,,,,,0.0,0.0,8254.3
4736.74,100.0,21861.7,,,,,100.0,100.0,8254.4
4737.74,100.0,21820.0,,,,,100.0,100.0,8254.4
4738.74,100.0,21719.8,,,,,100.0,100.0,8254.7
4739.75,0.0,21719.9,,,,,0.0,0.0,8238.6
4740.75,100.0,21761.5,,,,,100.0,100.0,8249.0
4741.75,0.0,21803.0,,,,,0.0,0.0,8238.5
4742.75,100.0,21823.8,,,,,100.0,100.0,8248.5
4743.75,100.0,21844.6,,,,,100.0,100.0,8250.7
4744.75,100.0,21944.6,,,,,100.0,100.0,8253.1
4745.75,0.0,21944.6,,,,,0.0,0.0,8253.1
4746.75,100.0,21903.3,,,,,100.0,100.0,8254.7
4747.75,100.0,21861.7,,,,,100.0,100.0,8254.8
4748.75,100.0,21820.0,,,,,100.0,100.0,8254.8
4749.75,0.0,21820.0,,,,,0.0,0.0,8254.8
4750.75,100.0,21719.9,,,,,100.0,100.0,8249.0
4751.75,0.0,21761.5,,,,,0.0,0.0,8238.1
4752.75,100.0,21803.0,,,,,100.0,100.0,8250.1
4753.75,100.0,21803.0,,,,,100.0,100.0,8237.9
4754.75,100.0,21803.0,,,,,100.0,100.0,8246.2
4755.75,0.0,21878.6,,,,,0.0,0.0,8250.8
4756.75,100.0,21944.6,,,,,100.0,100.0,8253.3
4757.75,100.0,21903.3,,,,,100.0,100.0,8254.9
4758.75,100.0,21861.7,,,,,100.0,100.0,8255.0
4759.75,0.0,21861.7,,,,,0.0,0.0,8255.0
4760.75,100.0,21820.0,,,,,100.0,100.0,8255.1
4761.75,100.0,21719.8,,,,,100.0,100.0,8237.9
4762.75,0.0,21761.5,,,,,0.0,0.0,8240.2
4763.75,100.0,21761.5,,,,,100.0,100.0,8236.9
4764.75,100.0,21782.3,,,,,100.0,100.0,8248.2
4765.75,0.0,21844.6,,,,,0.0,0.0,8236.4
4766.75,100.0,21844.6,,,,,100.0,100.0,8241.1
4767.75,100.0,21944.6,,,,,100.0,100.0,8253.6
4768.75,100.0,21903.3,,,,,100.0,100.0,8255.1
4769.75,0.0,21903.3,,,,,0.0,0.0,8255.1
4770.75,100.0,21861.7,,,,,100.0,100.0,8255.3
4771.75,100.0,21820.0,,,,,100.0,100.0,8255.3
4772.75,100.0,21719.8,,,,,100.0,100.0,8255.5
4773.75,0.0,21719.9,,,,,0.0,0.0,8238.7
4774.75,100.0,21761.5,,,,,100.0,100.0,8249.7
4775.75,0.0,21803.0,,,,,0.0,0.0,8250.7
4776.75,100.0,21803.0,,,,,100.0,100.0,8244.7
4777.75,100.0,21844.6,,,,,100.0,100.0,8251.5
4778.75,100.0,21944.6,,,,,100.0,100.0,8253.9
4779.75,0.0,21944.6,,,,,0.0,0.0,8253.9
4780.75,100.0,21903.3,,,,,100.0,100.0,8255.4
4781.75,100.0,21861.7,,,,,100.0,100.0,8255.6
4782.75,100.0,21820.0,,,,,100.0,100.0,8255.7
4783.75,0.0,21820.0,,,,,0.0,0.0,8255.7
4784.75,100.0,21719.9,,,,,100.0,100.0,8249.9
4785.75,0.0,21761.5,,,,,0.0,0.0,8238.0
4786.75,100.0,21782.3,,,,,100.0,100.0,8248.8
4787.75,100.0,21803.0,,,,,100.0,100.0,8235.2
4788.75,100.0,21803.0,,,,,100.0,100.0,8242.0
4789.75,0.0,21878.6,,,,,0.0,0.0,8251.3
4790.75,100.0,21944.6,,,,,100.0,100.0,8254.0
4791.75,100.0,21903.3,,,,,100.0,100.0,8255.7
4792.75,100.0,21861.7,,,,,100.0,100.0,8255.9
4793.75,0.0,21861.7,,,,,0.0,0.0,8255.9
4794.75,100.0,21820.0,,,,,100.0,100.0,8255.9
4795.75,100.0,21719.8,,,,,100.0,100.0,8237.6
4796.75,0.0,21761.5,,,,,0.0,0.0,8231.7
4797.75,100.0,21761.5,,,,,100.0,100.0,8236.7
4798.75,100.0,21782.3,,,,,100.0,100.0,8247.4
4799.75,0.0,21844.6,,,,,0.0,0.0,8245.0
4800.75,100.0,21844.6,,,,,100.0,100.0,8241.8
4801.75,100.0,21944.6,,,,,100.0,100.0,8254.3
4802.75,100.0,21903.3,,,,,100.0,100.0,8255.9
4803.76,0.0,21903.3,,,,,0.0,0.0,8255.9
4804.76,100.0,21861.7,,,,,100.0,100.0,8256.0
4805.76,100.0,21820.0,,,,,100.0,100.0,8256.0
4806.76,100.0,21719.8,,,,,100.0,100.0,8256.2
4807.76,0.0,21719.9,,,,,0.0,0.0,8238.7
4808.76,100.0,21761.5,,,,,100.0,100.0,8250.6
4809.76,0.0,21803.0,,,,,0.0,0.0,8251.4
4810.76,100.0,21803.0,,,,,100.0,100.0,8244.2
4811.76,100.0,21844.6,,,,,100.0,100.0,8252.3
4812.76,100.0,21944.6,,,,,100.0,100.0,8254.7
4813.76,0.0,21944.6,,,,,0.0,0.0,8254.7
4814.76,100.0,21903.3,,,,,100.0,100.0,8256.1
4815.76,100.0,21861.7,,,,,100.0,100.0,8256.2
4816.76,100.0,21820.0,,,,,100.0,100.0,8256.2
4817.76,0.0,21820.0,,,,,0.0,0.0,8256.2
4818.76,100.0,21719.9,,,,,100.0,100.0,8250.5
4819.76,0.0,21761.5,,,,,0.0,0.0,8239.4
4820.76,100.0,21803.0,,,,,100.0,100.0,8251.5
4821.76,100.0,21803.0,,,,,100.0,100.0,8238.7
4822.76,100.0,21823.8,,,,,100.0,100.0,8248.1
4823.76,0.0,21878.6,,,,,0.0,0.0,8252.4
4824.76,100.0,21944.6,,,,,100.0,100.0,8254.9
4825.76,100.0,21903.3,,,,,100.0,100.0,8256.4
4826.76,100.0,21861.7,,,,,100.0,100.0,8256.6
4827.76,0.0,21861.7,,,,,0.0,0.0,8256.6
4828.76,100.0,21820.0,,,,,100.0,100.0,8256.6
4829.76,100.0,21719.8,,,,,100.0,100.0,8238.1
4830.76,0.0,21761.5,,,,,0.0,0.0,8231.2
4831.76,100.0,21761.5,,,,,100.0,100.0,8236.6
4832.76,100.0,21761.5,,,,,100.0,100.0,8245.2
4833.76,0.0,21844.6,,,,,0.0,0.0,8244.2
4834.76,100.0,21844.6,,,,,100.0,100.0,8240.9
4835.76,100.0,21944.6,,,,,100.0,100.0,8255.2
4836.76,100.0,21903.3,,,,,100.0,100.0,8256.7
4837.76,0.0,21903.3,,,,,0.0,0.0,8256.7
4838.76,100.0,21861.7,,,,,100.0,100.0,8256.9
4839.76,100.0,21820.0,,,,,100.0,100.0,8256.9
4840.76,100.0,21719.8,,,,,100.0,100.0,8256.9
4841.76,0.0,21719.9,,,,,0.0,0.0,8239.2
4842.76,100.0,21761.5,,,,,100.0,100.0,8251.6
4843.76,0.0,21803.0,,,,,0.0,0.0,8245.8
4844.76,100.0,21823.8,,,,,100.0,100.0,8250.4
4845.76,100.0,21844.6,,,,,100.0,100.0,8245.9
4846.76,100.0,21944.6,,,,,100.0,100.0,8255.1
4847.76,0.0,21944.6,,,,,0.0,0.0,8255.1
4848.76,100.0,21903.3,,,,,100.0,100.0,8256.8
4849.76,100.0,21861.7,,,,,100.0,100.0,8257.0
4850.76,100.0,21820.0,,,,,100.0,100.0,8257.0
4851.76,0.0,21820.0,,,,,0.0,0.0,8257.0
4852.76,100.0,21719.9,,,,,100.0,100.0,8251.2
4853.76,0.0,21761.5,,,,,0.0,0.0,8238.4
4854.76,100.0,21761.5,,,,,100.0,100.0,8245.3
4855.76,100.0,21803.0,,,,,100.0,100.0,8235.9
4856.76,100.0,21803.0,,,,,100.0,100.0,8242.7
4857.76,0.0,21861.6,,,,,0.0,0.0,8251.3
4858.76,100.0,21944.6,,,,,100.0,100.0,8255.5
4859.76,100.0,21903.3,,,,,100.0,100.0,8257.0
4860.76,100.0,21861.7,,,,,100.0,100.0,8257.2
4861.76,0.0,21861.7,,,,,0.0,0.0,8257.2
4862.76,100.0,21820.0,,,,,100.0,100.0,8257.2
4863.76,100.0,21719.8,,,,,100.0,100.0,8237.3
4864.76,0.0,21761.5,,,,,0.0,0.0,8251.6
4865.76,100.0,21761.5,,,,,100.0,100.0,8237.6
4866.77,100.0,21782.3,,,,,100.0,100.0,8248.1
4867.77,0.0,21844.6,,,,,0.0,0.0,8236.7
4868.77,100.0,21844.6,,,,,100.0,100.0,8242.1
4869.77,100.0,21944.6,,,,,100.0,100.0,8255.8
4870.77,100.0,21903.3,,,,,100.0,100.0,8257.3
4871.77,0.0,21903.3,,,,,0.0,0.0,8257.3
4872.77,100.0,21861.7,,,,,100.0,100.0,8257.5
4873.77,100.0,21820.0,,,,,100.0,100.0,8257.5
4874.77,100.0,21719.8,,,,,100.0,100.0,8257.6
4875.77,0.0,21719.9,,,,,0.0,0.0,8251.8
4876.77,100.0,21719.9,,,,,100.0,100.0,8247.4
4877.77,0.0,21803.0,,,,,0.0,0.0,8252.7
4878.77,100.0,21803.0,,,,,100.0,100.0,8243.9
4879.77,100.0,21844.6,,,,,100.0,100.0,8244.6
4880.77,100.0,21944.6,,,,,100.0,100.0,8255.9
4881.77,0.0,21944.6,,,,,0.0,0.0,8255.9
4882.77,100.0,21903.3,,,,,100.0,100.0,8257.5
4883.77,100.0,21861.7,,,,,100.0,100.0,8257.7
4884.77,100.0,21820.0,,,,,100.0,100.0,8257.7
4885.77,0.0,21820.0,,,,,0.0,0.0,8257.7
4886.77,100.0,21719.9,,,,,100.0,100.0,8251.9
4887.77,0.0,21761.5,,,,,0.0,0.0,8239.2
4888.77,100.0,21782.3,,,,,100.0,100.0,8250.1
4889.77,100.0,21803.0,,,,,100.0,100.0,8252.5
4890.77,100.0,21803.0,,,,,100.0,100.0,8245.8
4891.77,0.0,21878.6,,,,,0.0,0.0,8253.7
4892.77,100.0,21944.6,,,,,100.0,100.0,8256.2
4893.77,100.0,21903.3,,,,,100.0,100.0,8257.7
4894.77,100.0,21861.7,,,,,100.0,100.0,8257.9
4895.77,0.0,21861.7,,,,,0.0,0.0,8257.9
4896.77,100.0,21820.0,,,,,100.0,100.0,8257.9
4897.77,100.0,21719.8,,,,,100.0,100.0,8236.9
4898.77,0.0,21761.5,,,,,0.0,0.0,8252.0
4899.77,100.0,21761.5,,,,,100.0,100.0,8238.4
4900.77,100.0,21761.5,,,,,100.0,100.0,8244.1
4901.77,0.0,21844.6,,,,,0.0,0.0,8235.4
4902.77,100.0,21844.6,,,,,100.0,100.0,8241.9
4903.77,100.0,21944.6,,,,,100.0,100.0,8256.4
4904.77,100.0,21903.1,,,,,100.0,100.0,8257.9
4905.77,0.0,21903.3,,,,,0.0,0.0,8257.9
4906.77,100.0,21861.7,,,,,100.0,100.0,8258.1
4907.77,100.0,21820.0,,,,,100.0,100.0,8258.1
4908.77,100.0,21719.9,,,,,100.0,100.0,8258.1
4909.77,1.23,21719.9,,,,,1.22,1.24,8252.4
4910.77,100.0,21719.9,,,,,100.0,100.0,8247.2
4911.77,100.0,21803.0,,,,,100.0,100.0,8243.3
4912.77,100.0,21803.0,,,,,100.0,100.0,8243.3
4913.77,100.0,21843.4,,,,,100.0,100.0,8254.7
4914.77,0.0,21944.6,,,,,0.0,0.0,8256.7
4915.77,100.0,21903.3,,,,,100.0,100.0,8258.2
4916.77,100.0,21861.7,,,,,100.0,100.0,8258.3
4917.77,0.0,21861.7,,,,,0.0,0.0,8258.3
4918.77,100.0,21820.0,,,,,100.0,100.0,8258.4
4919.77,100.0,21719.9,,,,,100.0,100.0,8252.4
4920.77,0.0,21761.5,,,,,0.0,0.0,8239.5
4921.77,100.0,21782.3,,,,,100.0,100.0,8248.2
4922.77,100.0,21803.0,,,,,100.0,100.0,8254.0
4923.77,0.0,21844.6,,,,,0.0,0.0,8246.0
4924.77,100.0,21861.6,,,,,100.0,100.0,8252.1
4925.77,100.0,21944.6,,,,,100.0,100.0,8257.0
4926.77,100.0,21903.3,,,,,100.0,100.0,8258.4
4927.78,0.0,21903.3,,,,,0.0,0.0,8258.4
4928.78,100.0,21861.7,,,,,100.0,100.0,8258.6
4929.78,100.0,21820.0,,,,,100.0,100.0,8258.6
4930.78,100.0,21719.8,,,,,100.0,100.0,8237.5
4931.78,0.0,21740.7,,,,,0.0,0.0,8249.9
4932.78,100.0,21761.5,,,,,100.0,100.0,8237.4
4933.78,0.0,21823.8,,,,,0.0,0.0,8247.8
4934.78,100.0,21823.8,,,,,100.0,100.0,8246.9
4935.78,100.0,21844.6,,,,,100.0,100.0,8250.3
4936.78,100.0,21944.6,,,,,100.0,100.0,8257.1
4937.78,0.0,21944.6,,,,,0.0,0.0,8257.1
4938.78,100.0,21903.3,,,,,100.0,100.0,8258.6
4939.78,100.0,21861.7,,,,,100.0,100.0,8258.8
4940.78,100.0,21820.0,,,,,100.0,100.0,8258.8
4941.78,0.0,21820.0,,,,,0.0,0.0,8258.8
4942.78,100.0,21719.9,,,,,100.0,100.0,8253.2
4943.78,0.0,21761.5,,,,,0.0,0.0,8247.4
4944.78,100.0,21803.0,,,,,100.0,100.0,8245.8
4945.78,100.0,21803.0,,,,,100.0,100.0,8242.8
4946.78,100.0,21823.8,,,,,100.0,100.0,8253.0
4947.78,0.0,21878.6,,,,,0.0,0.0,8254.8
4948.78,100.0,21944.6,,,,,100.0,100.0,8257.3
4949.78,100.0,21903.3,,,,,100.0,100.0,8258.8
4950.78,100.0,21861.7,,,,,100.0,100.0,8258.9
4951.78,0.0,21861.7,,,,,0.0,0.0,8258.9
4952.78,100.0,21820.0,,,,,100.0,100.0,8258.9
4953.78,100.0,21719.8,,,,,100.0,100.0,8249.1
4954.78,0.0,21761.5,,,,,0.0,0.0,8253.5
4955.78,100.0,21761.5,,,,,100.0,100.0,8243.9
4956.78,100.0,21803.0,,,,,100.0,100.0,8254.3
4957.78,0.0,21844.6,,,,,0.0,0.0,8244.6
4958.78,100.0,21861.6,,,,,100.0,100.0,8251.8
4959.78,100.0,21944.6,,,,,100.0,100.0,8257.7
4960.78,100.0,21903.3,,,,,100.0,100.0,8259.2
4961.78,0.0,21903.3,,,,,0.0,0.0,8259.2
4962.78,100.0,21861.7,,,,,100.0,100.0,8259.4
4963.78,100.0,21820.0,,,,,100.0,100.0,8259.4
4964.78,100.0,21719.8,,,,,100.0,100.0,8237.6
4965.78,0.0,21719.9,,,,,0.0,0.0,8246.7
4966.78,100.0,21761.5,,,,,100.0,100.0,8237.0
4967.78,0.0,21803.0,,,,,0.0,0.0,8243.2
4968.78,100.0,21844.6,,,,,100.0,100.0,8255.3
4969.78,100.0,21844.6,,,,,100.0,100.0,8243.1
4970.78,100.0,21944.6,,,,,100.0,100.0,8257.9
4971.78,0.0,21944.6,,,,,0.0,0.0,8257.9
4972.78,100.0,21903.3,,,,,100.0,100.0,8259.4
4973.78,100.0,21861.7,,,,,100.0,100.0,8259.6
4974.78,100.0,21820.0,,,,,100.0,100.0,8259.6
4975.78,0.0,21820.0,,,,,0.0,0.0,8259.6
4976.78,100.0,21719.9,,,,,100.0,100.0,8253.9
4977.78,0.0,21761.5,,,,,0.0,0.0,8246.3
4978.78,100.0,21803.0,,,,,100.0,100.0,8246.4
4979.78,100.0,21803.0,,,,,100.0,100.0,8248.9
4980.78,100.0,21844.6,,,,,100.0,100.0,8245.5
4981.78,0.0,21878.6,,,,,0.0,0.0,8255.6
4982.78,100.0,21944.6,,,,,100.0,100.0,8258.2
4983.78,100.0,21903.3,,,,,100.0,100.0,8259.7
4984.78,100.0,21861.7,,,,,100.0,100.0,8259.9
4985.78,0.0,21861.7,,,,,0.0,0.0,8259.9
4986.78,100.0,21820.0,,,,,100.0,100.0,8259.9
4987.78,100.0,21719.8,,,,,100.0,100.0,8248.6
4988.78,0.0,21761.5,,,,,0.0,0.0,8254.3
4989.78,100.0,21761.5,,,,,100.0,100.0,8245.1
4990.78,100.0,21803.0,,,,,100.0,100.0,8255.1
4991.78,0.0,21844.6,,,,,0.0,0.0,8244.9
4992.78,100.0,21878.6,,,,,100.0,100.0,8255.7
4993.78,100.0,21944.6,,,,,100.0,100.0,8258.4
4994.78,100.0,21903.3,,,,,100.0,100.0,8259.9
4995.79,0.0,21903.3,,,,,0.0,0.0,8259.9
4996.79,100.0,21861.7,,,,,100.0,100.0,8260.1
4997.79,100.0,21820.0,,,,,100.0,100.0,8260.1
4998.79,100.0,21719.8,,,,,100.0,100.0,8238.6
4999.79,0.0,21719.9,,,,,0.0,0.0,8248.1
5000.79,100.0,21761.5,,,,,100.0,100.0,8237.1
5001.79,0.0,21803.0,,,,,0.0,0.0,8242.8
5002.79,100.0,21844.6,,,,,100.0,100.0,8256.2
5003.79,100.0,21844.6,,,,,100.0,100.0,8242.6
5004.79,100.0,21944.6,,,,,100.0,100.0,8258.6
5005.79,0.0,21944.6,,,,,0.0,0.0,8258.6
5006.79,100.0,21903.3,,,,,100.0,100.0,8260.1
5007.79,100.0,21861.7,,,,,100.0,100.0,8260.3
5008.79,100.0,21820.0,,,,,100.0,100.0,8260.3
5009.79,0.0,21820.0,,,,,0.0,0.0,8260.3
5010.79,100.0,21719.9,,,,,100.0,100.0,8254.6
5011.79,0.0,21761.5,,,,,0.0,0.0,8246.6
5012.79,100.0,21803.0,,,,,100.0,100.0,8247.0
5013.79,100.0,21803.0,,,,,100.0,100.0,8250.3
5014.79,100.0,21844.6,,,,,100.0,100.0,8246.8
5015.79,0.0,21878.6,,,,,0.0,0.0,8256.2
5016.79,100.0,21944.6,,,,,100.0,100.0,8258.8
5017.79,100.0,21903.3,,,,,100.0,100.0,8260.4
5018.79,100.0,21861.7,,,,,100.0,100.0,8260.6
5019.79,0.0,21861.7,,,,,0.0,0.0,8260.6
5020.79,100.0,21820.0,,,,,100.0,100.0,8260.6
5021.79,100.0,21719.8,,,,,100.0,100.0,8246.0
5022.79,0.0,21761.5,,,,,0.0,0.0,8255.1
5023.79,100.0,21761.5,,,,,100.0,100.0,8244.8
5024.79,100.0,21803.0,,,,,100.0,100.0,8255.8
5025.79,0.0,21844.6,,,,,0.0,0.0,8244.5
5026.79,100.0,21861.6,,,,,100.0,100.0,8252.6
5027.79,100.0,21944.6,,,,,100.0,100.0,8259.2
5028.79,100.0,21903.3,,,,,100.0,100.0,8260.7
5029.79,0.0,21903.3,,,,,0.0,0.0,8260.7
5030.79,100.0,21861.7,,,,,100.0,100.0,8260.9
5031.79,100.0,21820.0,,,,,100.0,100.0,8260.9
5032.79,100.0,21719.8,,,,,100.0,100.0,8236.4
5033.79,0.0,21719.9,,,,,0.0,0.0,8244.5
5034.79,100.0,21761.5,,,,,100.0,100.0,8255.3
5035.79,0.0,21803.0,,,,,0.0,0.0,8243.1
5036.79,100.0,21823.8,,,,,100.0,100.0,8254.2
5037.79,100.0,21844.6,,,,,100.0,100.0,8242.0
5038.79,100.0,21944.6,,,,,100.0,100.0,8259.5
5039.79,0.0,21944.6,,,,,0.0,0.0,8259.5
5040.79,100.0,21902.9,,,,,100.0,100.0,8260.9
5041.79,100.0,21861.3,,,,,100.0,100.0,8261.1
5042.79,100.0,21819.6,,,,,100.0,100.0,8261.1
5043.79,0.0,21819.6,,,,,0.0,0.0,8261.1
5044.79,100.0,21719.5,,,,,100.0,100.0,8255.3
5045.79,0.0,21761.1,,,,,0.0,0.0,8244.0
5046.79,100.0,21802.7,,,,,100.0,100.0,8256.1
5047.79,100.0,21861.2,,,,,100.0,100.0,8260.4
5048.79,100.0,21819.6,,,,,100.0,100.0,8260.4
5049.79,0.0,21819.6,,,,,0.0,0.0,8260.4
5050.79,100.0,21719.9,,,,,100.0,100.0,8255.3
5051.79,0.0,21761.5,,,,,0.0,0.0,8244.7
5052.79,100.0,21803.0,,,,,100.0,100.0,8256.2
5053.79,100.0,21803.0,,,,,100.0,100.0,8243.0
5054.79,100.0,21803.0,,,,,100.0,100.0,8250.5
5055.79,0.0,21878.6,,,,,0.0,0.0,8257.0
5056.79,100.0,21944.6,,,,,100.0,100.0,8259.7
5057.79,100.0,21903.3,,,,,100.0,100.0,8261.2
5058.79,100.0,21861.7,,,,,100.0,100.0,8261.4
5059.79,0.0,21861.7,,,,,0.0,0.0,8261.4
5060.79,100.0,21820.0,,,,,100.0,100.0,8261.4
5061.79,100.0,21719.8,,,,,100.0,100.0,8243.6
5062.79,0.0,21761.5,,,,,0.0,0.0,8256.0
5063.79,100.0,21761.5,,,,,100.0,100.0,8242.7
5064.79,100.0,21803.0,,,,,100.0,100.0,8256.6
5065.8,0.0,21844.6,,,,,0.0,0.0,8242.5
5066.8,100.0,21844.6,,,,,100.0,100.0,8251.6
5067.8,100.0,21944.6,,,,,100.0,100.0,8260.2
5068.8,100.0,21903.3,,,,,100.0,100.0,8261.5
5069.8,0.0,21903.3,,,,,0.0,0.0,8261.5
5070.8,100.0,21861.7,,,,,100.0,100.0,8261.6
5071.8,100.0,21820.0,,,,,100.0,100.0,8261.6
5072.8,100.0,21719.8,,,,,100.0,100.0,8261.8
5073.8,0.0,21719.9,,,,,0.0,0.0,8244.0
5074.8,100.0,21761.5,,,,,100.0,100.0,8256.0
5075.8,0.0,21803.0,,,,,0.0,0.0,8249.9
5076.8,100.0,21823.8,,,,,100.0,100.0,8255.4
5077.8,100.0,21844.6,,,,,100.0,100.0,8249.6
5078.8,100.0,21944.6,,,,,100.0,100.0,8260.2
5079.8,0.0,21944.6,,,,,0.0,0.0,8260.2
5080.8,100.0,21903.3,,,,,100.0,100.0,8261.7
5081.8,100.0,21861.7,,,,,100.0,100.0,8261.9
5082.8,100.0,21820.0,,,,,100.0,100.0,8261.9
5083.8,0.0,21820.0,,,,,0.0,0.0,8261.9
5084.8,100.0,21719.9,,,,,100.0,100.0,8256.2
5085.8,0.0,21761.5,,,,,0.0,0.0,8245.4
5086.8,100.0,21803.0,,,,,100.0,100.0,8257.1
5087.8,100.0,21803.0,,,,,100.0,100.0,8257.2
5088.8,100.0,21803.0,,,,,100.0,100.0,8254.2
5089.8,0.0,21878.6,,,,,0.0,0.0,8257.9
5090.8,100.0,21944.6,,,,,100.0,100.0,8260.4
5091.8,100.0,21903.3,,,,,100.0,100.0,8262.0
5092.8,100.0,21861.7,,,,,100.0,100.0,8262.1
5093.8,0.0,21861.7,,,,,0.0,0.0,8262.1
5094.8,100.0,21820.0,,,,,100.0,100.0,8262.2
5095.8,100.0,21719.8,,,,,100.0,100.0,8243.3
5096.8,0.0,21761.5,,,,,0.0,0.0,8256.6
5097.8,100.0,21761.5,,,,,100.0,100.0,8242.8
5098.8,100.0,21782.3,,,,,100.0,100.0,8252.6
5099.8,0.0,21844.6,,,,,0.0,0.0,8242.0
5100.8,100.0,21844.6,,,,,100.0,100.0,8248.7
5101.8,100.0,21944.6,,,,,100.0,100.0,8260.8
5102.8,100.0,21903.3,,,,,100.0,100.0,8262.2
5103.8,0.0,21903.3,,,,,0.0,0.0,8262.2
5104.8,100.0,21861.7,,,,,100.0,100.0,8262.4
5105.8,100.0,21820.0,,,,,100.0,100.0,8262.4
5106.8,100.0,21719.8,,,,,100.0,100.0,8262.5
5107.8,0.0,21719.9,,,,,0.0,0.0,8250.3
5108.8,100.0,21761.5,,,,,100.0,100.0,8256.7
5109.8,0.0,21803.0,,,,,0.0,0.0,8250.4
5110.8,100.0,21803.0,,,,,100.0,100.0,8248.5
5111.8,100.0,21844.6,,,,,100.0,100.0,8258.5
5112.8,100.0,21944.6,,,,,100.0,100.0,8260.9
5113.8,0.0,21944.6,,,,,0.0,0.0,8260.9
5114.8,100.0,21903.3,,,,,100.0,100.0,8262.4
5115.8,100.0,21861.7,,,,,100.0,100.0,8262.5
5116.8,100.0,21820.0,,,,,100.0,100.0,8262.5
5117.8,0.0,21820.0,,,,,0.0,0.0,8262.5
5118.8,100.0,21719.9,,,,,100.0,100.0,8256.8
5119.8,0.0,21761.5,,,,,0.0,0.0,8245.2
5120.8,100.0,21803.0,,,,,100.0,100.0,8257.6
5121.8,100.0,21803.0,,,,,100.0,100.0,8257.7
5122.8,100.0,21803.0,,,,,100.0,100.0,8250.5
5123.8,0.0,21878.6,,,,,0.0,0.0,8258.6
5124.8,100.0,21944.6,,,,,100.0,100.0,8261.1
5125.8,100.0,21903.3,,,,,100.0,100.0,8262.7
5126.8,100.0,21861.7,,,,,100.0,100.0,8262.9
5127.8,0.0,21861.7,,,,,0.0,0.0,8262.9
5128.8,100.0,21820.0,,,,,100.0,100.0,8262.9
5129.8,100.0,21719.8,,,,,100.0,100.0,8244.2
5130.8,0.0,21761.5,,,,,0.0,0.0,8257.2
5131.8,100.0,21761.5,,,,,100.0,100.0,8243.3
5132.8,100.0,21782.3,,,,,100.0,100.0,8253.6
5133.8,0.0,21844.6,,,,,0.0,0.0,8242.7
5134.8,100.0,21844.6,,,,,100.0,100.0,8249.6
5135.81,100.0,21944.6,,,,,100.0,100.0,8261.3
5136.81,100.0,21903.3,,,,,100.0,100.0,8262.9
5137.81,0.0,21903.3,,,,,0.0,0.0,8262.9
5138.81,100.0,21861.7,,,,,100.0,100.0,8263.1
5139.81,100.0,21820.0,,,,,100.0,100.0,8263.2
5140.81,100.0,21719.8,,,,,100.0,100.0,8263.3
5141.81,0.0,21719.9,,,,,0.0,0.0,8243.9
5142.81,100.0,21761.5,,,,,100.0,100.0,8237.0
5143.81,0.0,21803.0,,,,,0.0,0.0,8244.2
5144.81,100.0,21823.8,,,,,100.0,100.0,8256.0
5145.81,100.0,21844.6,,,,,100.0,100.0,8244.7
5146.81,100.0,21944.6,,,,,100.0,100.0,8261.4
5147.81,0.0,21944.6,,,,,0.0,0.0,8261.4
5148.81,100.0,21903.3,,,,,100.0,100.0,8262.9
5149.81,100.0,21861.7,,,,,100.0,100.0,8263.0
5150.81,100.0,21820.0,,,,,100.0,100.0,8263.1
5151.81,0.0,21820.0,,,,,0.0,0.0,8263.1
5152.81,100.0,21719.9,,,,,100.0,100.0,8257.4
5153.81,0.0,21761.5,,,,,0.0,0.0,8245.8
5154.81,100.0,21782.3,,,,,100.0,100.0,8254.8
5155.81,100.0,21803.0,,,,,100.0,100.0,8258.7
5156.81,100.0,21823.8,,,,,100.0,100.0,8253.7
5157.81,0.0,21878.6,,,,,0.0,0.0,8259.3
5158.81,100.0,21944.6,,,,,100.0,100.0,8261.9
5159.81,100.0,21903.3,,,,,100.0,100.0,8263.4
5160.81,100.0,21861.7,,,,,100.0,100.0,8263.6
5161.81,0.0,21861.7,,,,,0.0,0.0,8263.6
5162.81,100.0,21820.0,,,,,100.0,100.0,8263.6
5163.81,100.0,21719.8,,,,,100.0,100.0,8244.0
5164.81,0.0,21761.5,,,,,0.0,0.0,8258.1
5165.81,100.0,21761.5,,,,,100.0,100.0,8244.5
5166.81,100.0,21761.5,,,,,100.0,100.0,8254.2
5167.81,0.0,21844.6,,,,,0.0,0.0,8243.2
5168.81,100.0,21844.6,,,,,100.0,100.0,8250.5
5169.81,100.0,21944.6,,,,,100.0,100.0,8262.2
5170.81,100.0,21903.3,,,,,100.0,100.0,8263.6
5171.81,0.0,21903.3,,,,,0.0,0.0,8263.6
5172.81,100.0,21861.7,,,,,100.0,100.0,8263.8
5173.81,100.0,21820.0,,,,,100.0,100.0,8263.8
5174.81,100.0,21719.8,,,,,100.0,100.0,8264.0
5175.81,0.0,21719.9,,,,,0.0,0.0,8243.7
5176.81,100.0,21761.5,,,,,100.0,100.0,8258.2
5177.81,0.0,21803.0,,,,,0.0,0.0,8243.8
5178.81,100.0,21803.0,,,,,100.0,100.0,8253.1
5179.81,100.0,21844.6,,,,,100.0,100.0,8242.9
5180.81,100.0,21944.6,,,,,100.0,100.0,8262.3
5181.81,0.0,21944.6,,,,,0.0,0.0,8262.3
5182.81,100.0,21903.3,,,,,100.0,100.0,8263.9
5183.81,100.0,21861.7,,,,,100.0,100.0,8264.1
5184.81,100.0,21820.0,,,,,100.0,100.0,8264.1
5185.81,0.0,21820.0,,,,,0.0,0.0,8264.1
5186.81,100.0,21719.9,,,,,100.0,100.0,8258.2
5187.81,0.0,21761.5,,,,,0.0,0.0,8258.4
5188.81,100.0,21782.3,,,,,100.0,100.0,8257.0
5189.81,100.0,21803.0,,,,,100.0,100.0,8259.1
5190.81,100.0,21803.0,,,,,100.0,100.0,8250.5
5191.81,0.0,21878.6,,,,,0.0,0.0,8259.8
5192.81,100.0,21944.6,,,,,100.0,100.0,8262.5
5193.81,100.0,21903.3,,,,,100.0,100.0,8264.1
5194.81,100.0,21861.7,,,,,100.0,100.0,8264.2
5195.81,0.0,21861.7,,,,,0.0,0.0,8264.2
5196.81,100.0,21820.0,,,,,100.0,100.0,8264.2
5197.81,100.0,21719.8,,,,,100.0,100.0,8244.8
5198.81,0.0,21761.5,,,,,0.0,0.0,8258.4
5199.81,100.0,21761.5,,,,,100.0,100.0,8244.6
5200.81,100.0,21782.3,,,,,100.0,100.0,8254.1
5201.81,0.0,21844.6,,,,,0.0,0.0,8260.3
5202.81,100.0,21844.6,,,,,100.0,100.0,8247.8
5203.81,100.0,21944.6,,,,,100.0,100.0,8262.7
5204.82,100.0,21903.3,,,,,100.0,100.0,8264.2
5205.82,0.0,21903.3,,,,,0.0,0.0,8264.2
5206.82,100.0,21861.7,,,,,100.0,100.0,8264.4
5207.82,100.0,21820.0,,,,,100.0,100.0,8264.4
5208.82,100.0,21719.8,,,,,100.0,100.0,8264.5
5209.82,0.0,21719.9,,,,,0.0,0.0,8243.5
5210.82,100.0,21719.9,,,,,100.0,100.0,8253.0
5211.82,0.0,21803.0,,,,,0.0,0.0,8251.9
5212.82,100.0,21803.0,,,,,100.0,100.0,8254.6
5213.82,100.0,21823.8,,,,,100.0,100.0,8250.8
5214.82,100.0,21944.6,,,,,100.0,100.0,8263.0
5215.82,0.0,21944.6,,,,,0.0,0.0,8263.0
5216.82,100.0,21903.3,,,,,100.0,100.0,8264.5
5217.82,100.0,21861.7,,,,,100.0,100.0,8264.7
5218.82,100.0,21820.0,,,,,100.0,100.0,8264.7
5219.82,0.0,21820.0,,,,,0.0,0.0,8264.7
5220.82,100.0,21719.9,,,,,100.0,100.0,8258.8
5221.82,0.0,21761.5,,,,,0.0,0.0,8259.2
5222.82,100.0,21761.5,,,,,100.0,100.0,8251.5
5223.82,100.0,21803.0,,,,,100.0,100.0,8260.0
5224.82,100.0,21803.0,,,,,100.0,100.0,8248.3
5225.82,0.0,21878.6,,,,,0.0,0.0,8260.3
5226.82,100.0,21944.6,,,,,100.0,100.0,8263.2
5227.82,100.0,21903.3,,,,,100.0,100.0,8264.7
5228.82,100.0,21861.7,,,,,100.0,100.0,8264.9
5229.82,0.0,21861.7,,,,,0.0,0.0,8264.9
5230.82,100.0,21820.0,,,,,100.0,100.0,8264.9
5231.82,100.0,21719.8,,,,,100.0,100.0,8244.7
5232.82,0.0,21757.7,,,,,0.0,0.0,8258.9
5233.82,100.0,21761.5,,,,,100.0,100.0,8243.8
5234.82,100.0,21761.5,,,,,100.0,100.0,8249.5
5235.82,0.0,21844.6,,,,,0.0,0.0,8261.0
5236.82,100.0,21844.6,,,,,100.0,100.0,8248.2
5237.82,100.0,21944.6,,,,,100.0,100.0,8263.5
5238.82,100.0,21903.1,,,,,100.0,100.0,8264.8
5239.82,0.0,21903.3,,,,,0.0,0.0,8264.9
5240.82,100.0,21861.7,,,,,100.0,100.0,8265.1
5241.82,100.0,21820.0,,,,,100.0,100.0,8265.1
5242.82,0.0,21820.0,,,,,0.0,0.0,8265.1
5243.82,100.0,21719.9,,,,,100.0,100.0,8243.9
5244.82,100.0,21719.9,,,,,100.0,100.0,8256.9
5245.82,0.0,21803.0,,,,,0.0,0.0,8245.0
5246.82,100.0,21803.0,,,,,100.0,100.0,8250.3
5247.82,100.0,21844.6,,,,,100.0,100.0,8242.6
5248.82,0.0,21878.6,,,,,0.0,0.0,8261.2
5249.82,100.0,21944.6,,,,,100.0,100.0,8263.6
5250.82,100.0,21903.3,,,,,100.0,100.0,8265.2
5251.82,100.0,21861.7,,,,,100.0,100.0,8265.4
5252.82,0.0,21861.7,,,,,0.0,0.0,8265.4
5253.82,100.0,21820.0,,,,,100.0,100.0,8265.4
5254.82,100.0,21719.9,,,,,100.0,100.0,8258.9
5255.82,0.0,21761.5,,,,,0.0,0.0,8259.9
5256.82,100.0,21761.5,,,,,100.0,100.0,8253.6
5257.82,100.0,21803.0,,,,,100.0,100.0,8260.7
5258.82,0.0,21844.6,,,,,0.0,0.0,8250.3
5259.82,100.0,21878.6,,,,,100.0,100.0,8261.0
5260.82,100.0,21944.6,,,,,100.0,100.0,8263.9
5261.82,100.0,21903.3,,,,,100.0,100.0,8265.3
5262.82,0.0,21903.3,,,,,0.0,0.0,8265.3
5263.82,100.0,21861.7,,,,,100.0,100.0,8265.5
5264.82,100.0,21820.0,,,,,100.0,100.0,8265.5
5265.82,100.0,21719.8,,,,,100.0,100.0,8244.5
5266.82,0.0,21719.9,,,,,0.0,0.0,8255.5
5267.82,100.0,21761.5,,,,,100.0,100.0,8260.1
5268.82,0.0,21803.0,,,,,0.0,0.0,8249.9
5269.82,100.0,21844.6,,,,,100.0,100.0,8261.7
5270.82,100.0,21844.6,,,,,100.0,100.0,8248.4
5271.83,100.0,21944.6,,,,,100.0,100.0,8264.1
5272.83,0.0,21944.6,,,,,0.0,0.0,8264.1
5273.83,100.0,21903.3,,,,,100.0,100.0,8265.6
5274.83,100.0,21861.7,,,,,100.0,100.0,8265.8
5275.83,100.0,21820.0,,,,,100.0,100.0,8265.8
5276.83,0.0,21820.0,,,,,0.0,0.0,8265.8
5277.83,100.0,21719.9,,,,,100.0,100.0,8244.0
5278.83,0.0,21761.5,,,,,0.0,0.0,8252.0
5279.83,100.0,21803.0,,,,,100.0,100.0,8241.6
5280.83,100.0,21803.0,,,,,100.0,100.0,8248.1
5281.83,100.0,21844.6,,,,,100.0,100.0,8261.5
5282.83,0.0,21878.6,,,,,0.0,0.0,8261.5
5283.83,100.0,21944.6,,,,,100.0,100.0,8264.0
5284.83,100.0,21903.3,,,,,100.0,100.0,8265.7
5285.83,100.0,21861.7,,,,,100.0,100.0,8265.9
5286.83,0.0,21861.7,,,,,0.0,0.0,8265.9
5287.83,100.0,21820.0,,,,,100.0,100.0,8265.9
5288.83,100.0,21702.8,,,,,100.0,100.0,8256.2
5289.83,0.0,21761.5,,,,,0.0,0.0,8260.3
5290.83,100.0,21761.5,,,,,100.0,100.0,8251.6
5291.83,100.0,21803.0,,,,,100.0,100.0,8252.3
5292.83,0.0,21844.6,,,,,0.0,0.0,8256.5
5293.83,100.0,21878.6,,,,,100.0,100.0,8261.7
5294.83,100.0,21944.6,,,,,100.0,100.0,8264.4
5295.83,100.0,21903.3,,,,,100.0,100.0,8265.9
5296.83,0.0,21903.3,,,,,0.0,0.0,8265.9
5297.83,100.0,21861.7,,,,,100.0,100.0,8266.1
5298.83,100.0,21820.0,,,,,100.0,100.0,8266.1
5299.83,100.0,21719.8,,,,,100.0,100.0,8244.6
5300.83,0.0,21719.9,,,,,0.0,0.0,8256.6
5301.83,100.0,21761.5,,,,,100.0,100.0,8260.8
5302.83,0.0,21803.0,,,,,0.0,0.0,8250.8
5303.83,100.0,21844.6,,,,,100.0,100.0,8262.2
5304.83,100.0,21844.6,,,,,100.0,100.0,8249.2
5305.83,100.0,21944.6,,,,,100.0,100.0,8264.7
5306.83,0.0,21944.6,,,,,0.0,0.0,8264.7
5307.83,100.0,21903.3,,,,,100.0,100.0,8266.2
5308.83,100.0,21861.7,,,,,100.0,100.0,8266.4
5309.83,100.0,21820.0,,,,,100.0,100.0,8266.4
5310.83,0.0,21820.0,,,,,0.0,0.0,8266.4
5311.83,100.0,21719.9,,,,,100.0,100.0,8244.7
5312.83,0.0,21761.5,,,,,0.0,0.0,8253.0
5313.83,100.0,21803.0,,,,,100.0,100.0,8242.7
5314.83,100.0,21803.0,,,,,100.0,100.0,8247.9
5315.83,100.0,21844.6,,,,,100.0,100.0,8261.7
5316.83,0.0,21878.6,,,,,0.0,0.0,8262.0
5317.83,100.0,21944.6,,,,,100.0,100.0,8264.4
5318.83,100.0,21903.3,,,,,100.0,100.0,8266.5
5319.83,100.0,21861.7,,,,,100.0,100.0,8266.7
5320.83,0.0,21861.7,,,,,0.0,0.0,8266.7
5321.83,100.0,21820.0,,,,,100.0,100.0,8266.7
5322.83,100.0,21719.8,,,,,100.0,100.0,8255.7
5323.83,0.0,21761.5,,,,,0.0,0.0,8252.3
5324.83,100.0,21761.5,,,,,100.0,100.0,8251.4
5325.83,100.0,21803.0,,,,,100.0,100.0,8252.6
5326.83,0.0,21844.6,,,,,0.0,0.0,8256.3
5327.83,100.0,21878.6,,,,,100.0,100.0,8262.1
5328.83,100.0,21944.6,,,,,100.0,100.0,8265.0
5329.83,100.0,21903.3,,,,,100.0,100.0,8266.7
5330.83,0.0,21903.3,,,,,0.0,0.0,8266.7
5331.83,100.0,21861.7,,,,,100.0,100.0,8266.9
5332.83,100.0,21820.0,,,,,100.0,100.0,8266.9
5333.83,100.0,21719.8,,,,,100.0,100.0,8244.7
5334.83,0.0,21719.9,,,,,0.0,0.0,8253.2
5335.83,100.0,21761.5,,,,,100.0,100.0,8261.2
5336.83,0.0,21803.0,,,,,0.0,0.0,8251.2
5337.83,100.0,21844.6,,,,,100.0,100.0,8262.7
5338.83,100.0,21844.6,,,,,100.0,100.0,8249.8
5339.84,100.0,21944.6,,,,,100.0,100.0,8265.1
5340.84,0.0,21944.6,,,,,0.0,0.0,8265.1
5341.84,100.0,21903.3,,,,,100.0,100.0,8266.9
5342.84,100.0,21861.7,,,,,100.0,100.0,8267.1
5343.84,100.0,21820.0,,,,,100.0,100.0,8267.1
5344.84,0.0,21820.0,,,,,0.0,0.0,8267.1
5345.84,100.0,21719.9,,,,,100.0,100.0,8244.7
5346.84,0.0,21761.5,,,,,0.0,0.0,8251.0
5347.84,100.0,21803.0,,,,,100.0,100.0,8261.8
5348.84,100.0,21803.0,,,,,100.0,100.0,8248.6
5349.84,100.0,21823.8,,,,,100.0,100.0,8260.5
5350.84,0.0,21878.6,,,,,0.0,0.0,8262.8
5351.84,100.0,21944.6,,,,,100.0,100.0,8265.3
5352.84,100.0,21903.3,,,,,100.0,100.0,8267.2
5353.84,100.0,21861.7,,,,,100.0,100.0,8267.4
5354.84,0.0,21861.7,,,,,0.0,0.0,8267.4
5355.84,100.0,21820.0,,,,,100.0,100.0,8267.4
5356.84,100.0,21719.8,,,,,100.0,100.0,8253.9
5357.84,0.0,21761.5,,,,,0.0,0.0,8253.1
5358.84,100.0,21761.5,,,,,100.0,100.0,8250.4
5359.84,100.0,21803.0,,,,,100.0,100.0,8252.2
5360.84,0.0,21844.6,,,,,0.0,0.0,8263.3
5361.84,100.0,21844.6,,,,,100.0,100.0,8249.0
5362.84,100.0,21944.6,,,,,100.0,100.0,8264.2
5363.84,100.0,21903.3,,,,,100.0,100.0,8266.0
5364.84,0.0,21903.3,,,,,0.0,0.0,8266.0
5365.84,100.0,21861.7,,,,,100.0,100.0,8266.2
5366.84,100.0,21820.0,,,,,100.0,100.0,8266.2
5367.84,100.0,21719.8,,,,,100.0,100.0,8266.4
5368.84,0.0,21719.9,,,,,0.0,0.0,8251.7
5369.84,100.0,21761.5,,,,,100.0,100.0,8261.1
5370.84,0.0,21803.0,,,,,0.0,0.0,8251.3
5371.84,100.0,21823.8,,,,,100.0,100.0,8261.1
5372.84,100.0,21844.6,,,,,100.0,100.0,8262.4
5373.84,100.0,21944.6,,,,,100.0,100.0,8264.7
5374.84,0.0,21944.6,,,,,0.0,0.0,8264.7
5375.84,100.0,21903.3,,,,,100.0,100.0,8266.6
5376.84,100.0,21861.7,,,,,100.0,100.0,8266.7
5377.84,100.0,21820.0,,,,,100.0,100.0,8266.8
5378.84,0.0,21820.0,,,,,0.0,0.0,8266.8
5379.84,100.0,21719.9,,,,,100.0,100.0,8246.0
5380.84,0.0,21761.5,,,,,0.0,0.0,8251.9
5381.84,100.0,21803.0,,,,,100.0,100.0,8261.7
5382.84,100.0,21803.0,,,,,100.0,100.0,8249.7
5383.84,100.0,21823.8,,,,,100.0,100.0,8260.6
5384.84,0.0,21878.6,,,,,0.0,0.0,8262.5
5385.84,100.0,21944.6,,,,,100.0,100.0,8265.1
5386.84,100.0,21903.3,,,,,100.0,100.0,8266.9
5387.84,100.0,21861.7,,,,,100.0,100.0,8267.1
5388.84,0.0,21861.7,,,,,0.0,0.0,8267.1
5389.84,100.0,21820.0,,,,,100.0,100.0,8267.1
5390.84,100.0,21719.8,,,,,100.0,100.0,8251.7
5391.84,0.0,21761.5,,,,,0.0,0.0,8254.6
5392.84,100.0,21761.5,,,,,100.0,100.0,8250.9
5393.84,100.0,21803.0,,,,,100.0,100.0,8253.2
5394.84,0.0,21844.6,,,,,0.0,0.0,8256.8
5395.84,100.0,21861.6,,,,,100.0,100.0,8258.2
5396.84,100.0,21944.6,,,,,100.0,100.0,8265.5
5397.84,100.0,21903.3,,,,,100.0,100.0,8267.2
5398.84,0.0,21903.3,,,,,0.0,0.0,8267.2
5399.84,100.0,21861.7,,,,,100.0,100.0,8267.3
5400.84,100.0,21820.0,,,,,100.0,100.0,8267.3
5401.84,100.0,21719.8,,,,,100.0,100.0,8267.5
5402.84,0.0,21719.9,,,,,0.0,0.0,8253.8
5403.84,100.0,21761.5,,,,,100.0,100.0,8261.7
5404.84,0.0,21803.0,,,,,0.0,0.0,8252.4
5405.84,100.0,21844.6,,,,,100.0,100.0,8263.0
5406.84,100.0,21844.6,,,,,100.0,100.0,8263.4
5407.84,100.0,21944.6,,,,,100.0,100.0,8265.8
5408.85,0.0,21944.6,,,,,0.0,0.0,8265.8
5409.85,100.0,21903.3,,,,,100.0,100.0,8267.6
5410.85,100.0,21861.7,,,,,100.0,100.0,8267.8
5411.85,100.0,21820.0,,,,,100.0,100.0,8267.8
5412.85,0.0,21820.0,,,,,0.0,0.0,8267.8
5413.85,100.0,21719.9,,,,,100.0,100.0,8243.5
5414.85,0.0,21761.5,,,,,0.0,0.0,8250.4
5415.85,100.0,21803.0,,,,,100.0,100.0,8262.6
5416.85,100.0,21803.0,,,,,100.0,100.0,8250.7
5417.85,100.0,21823.8,,,,,100.0,100.0,8261.3
5418.85,0.0,21878.6,,,,,0.0,0.0,8263.4
5419.85,100.0,21944.6,,,,,100.0,100.0,8266.0
5420.85,100.0,21903.3,,,,,100.0,100.0,8267.9
5421.85,100.0,21861.7,,,,,100.0,100.0,8268.1
5422.85,0.0,21861.7,,,,,0.0,0.0,8268.1
5423.85,100.0,21820.0,,,,,100.0,100.0,8268.1
5424.85,100.0,21719.8,,,,,100.0,100.0,8251.7
5425.85,0.0,21761.5,,,,,0.0,0.0,8245.0
5426.85,100.0,21761.5,,,,,100.0,100.0,8250.9
5427.85,100.0,21803.0,,,,,100.0,100.0,8243.5
5428.85,0.0,21844.6,,,,,0.0,0.0,8250.2
5429.85,100.0,21844.6,,,,,100.0,100.0,8259.1
5430.85,100.0,21944.6,,,,,100.0,100.0,8266.3
5431.85,100.0,21903.3,,,,,100.0,100.0,8268.0
5432.85,0.0,21903.3,,,,,0.0,0.0,8268.0
5433.85,100.0,21861.7,,,,,100.0,100.0,8268.2
5434.85,100.0,21820.0,,,,,100.0,100.0,8268.2
5435.85,100.0,21719.8,,,,,100.0,100.0,8268.4
5436.85,0.0,21719.9,,,,,0.0,0.0,8252.3
5437.85,100.0,21761.5,,,,,100.0,100.0,8262.5
5438.85,0.0,21803.0,,,,,0.0,0.0,8252.3
5439.85,100.0,21823.8,,,,,100.0,100.0,8262.8
5440.85,100.0,21844.6,,,,,100.0,100.0,8264.1
5441.85,100.0,21944.6,,,,,100.0,100.0,8266.1
5442.85,0.0,21944.6,,,,,0.0,0.0,8266.1
5443.85,100.0,21903.3,,,,,100.0,100.0,8268.1
5444.85,100.0,21861.7,,,,,100.0,100.0,8268.3
5445.85,100.0,21820.0,,,,,100.0,100.0,8268.3
5446.85,0.0,21820.0,,,,,0.0,0.0,8268.3
5447.85,100.0,21719.9,,,,,100.0,100.0,8262.7
5448.85,0.0,21761.5,,,,,0.0,0.0,8250.6
5449.85,100.0,21803.0,,,,,100.0,100.0,8263.1
5450.85,100.0,21803.0,,,,,100.0,100.0,8249.4
5451.85,100.0,21803.0,,,,,100.0,100.0,8254.7
5452.85,0.0,21878.6,,,,,0.0,0.0,8264.2
5453.85,100.0,21944.6,,,,,100.0,100.0,8266.7
5454.85,100.0,21903.3,,,,,100.0,100.0,8268.6
5455.85,100.0,21861.7,,,,,100.0,100.0,8268.8
5456.85,0.0,21861.7,,,,,0.0,0.0,8268.8
5457.85,100.0,21820.0,,,,,100.0,100.0,8268.8
5458.85,100.0,21719.8,,,,,100.0,100.0,8250.7
5459.85,0.0,21761.5,,,,,0.0,0.0,8243.9
5460.85,100.0,21761.5,,,,,100.0,100.0,8250.0
5461.85,100.0,21782.3,,,,,100.0,100.0,8261.6
5462.85,0.0,21844.6,,,,,0.0,0.0,8249.6
5463.85,100.0,21844.6,,,,,100.0,100.0,8254.6
5464.85,100.0,21944.6,,,,,100.0,100.0,8267.0
5465.85,100.0,21903.3,,,,,100.0,100.0,8268.8
5466.85,0.0,21903.3,,,,,0.0,0.0,8268.8
5467.85,100.0,21861.7,,,,,100.0,100.0,8268.9
5468.85,100.0,21820.0,,,,,100.0,100.0,8268.9
5469.85,100.0,21719.8,,,,,100.0,100.0,8269.1
5470.85,0.0,21719.9,,,,,0.0,0.0,8251.8
5471.85,100.0,21761.5,,,,,100.0,100.0,8263.2
5472.85,0.0,21803.0,,,,,0.0,0.0,8263.8
5473.85,100.0,21803.0,,,,,100.0,100.0,8259.1
5474.85,100.0,21844.6,,,,,100.0,100.0,8264.9
5475.86,100.0,21944.6,,,,,100.0,100.0,8267.2
5476.86,0.0,21944.6,,,,,0.0,0.0,8267.2
5477.86,100.0,21903.3,,,,,100.0,100.0,8269.1
5478.86,100.0,21861.7,,,,,100.0,100.0,8269.2
5479.86,100.0,21820.0,,,,,100.0,100.0,8269.3
5480.86,0.0,21820.0,,,,,0.0,0.0,8269.3
5481.86,100.0,21719.9,,,,,100.0,100.0,8263.6
5482.86,0.0,21761.5,,,,,0.0,0.0,8252.5
5483.86,100.0,21803.0,,,,,100.0,100.0,8264.2
5484.86,100.0,21803.0,,,,,100.0,100.0,8251.3
5485.86,100.0,21803.0,,,,,100.0,100.0,8260.3
5486.86,0.0,21878.6,,,,,0.0,0.0,8265.1
5487.86,100.0,21944.6,,,,,100.0,100.0,8267.7
5488.86,100.0,21903.3,,,,,100.0,100.0,8269.4
5489.86,100.0,21861.7,,,,,100.0,100.0,8269.6
5490.86,0.0,21861.7,,,,,0.0,0.0,8269.6
5491.86,100.0,21820.0,,,,,100.0,100.0,8269.6
5492.86,100.0,21719.8,,,,,100.0,100.0,8251.0
5493.86,0.0,21761.5,,,,,0.0,0.0,8244.9
5494.86,100.0,21761.5,,,,,100.0,100.0,8250.9
5495.86,100.0,21782.3,,,,,100.0,100.0,8263.8
5496.86,0.0,21844.6,,,,,0.0,0.0,8251.6
5497.86,100.0,21844.6,,,,,100.0,100.0,8256.5
5498.86,100.0,21944.6,,,,,100.0,100.0,8267.9
5499.86,100.0,21903.3,,,,,100.0,100.0,8269.7
5500.86,0.0,21903.3,,,,,0.0,0.0,8269.7
5501.86,100.0,21861.7,,,,,100.0,100.0,8269.9
5502.86,100.0,21820.0,,,,,100.0,100.0,8269.9
5503.86,100.0,21719.8,,,,,100.0,100.0,8270.0
5504.86,0.0,21719.9,,,,,0.0,0.0,8252.8
5505.86,100.0,21761.5,,,,,100.0,100.0,8264.1
5506.86,0.0,21803.0,,,,,0.0,0.0,8265.0
5507.86,100.0,21803.0,,,,,100.0,100.0,8257.8
5508.86,100.0,21844.6,,,,,100.0,100.0,8265.9
5509.86,100.0,21944.6,,,,,100.0,100.0,8268.3
5510.86,0.0,21944.6,,,,,0.0,0.0,8268.3
5511.86,100.0,21903.3,,,,,100.0,100.0,8269.9
5512.86,100.0,21861.7,,,,,100.0,100.0,8270.1
5513.86,100.0,21820.0,,,,,100.0,100.0,8270.1
5514.86,0.0,21820.0,,,,,0.0,0.0,8270.1
5515.86,100.0,21719.9,,,,,100.0,100.0,8264.5
5516.86,0.0,21761.5,,,,,0.0,0.0,8252.6
5517.86,100.0,21803.0,,,,,100.0,100.0,8264.9
5518.86,100.0,21803.0,,,,,100.0,100.0,8251.7
5519.86,100.0,21803.0,,,,,100.0,100.0,8258.8
5520.86,0.0,21878.6,,,,,0.0,0.0,8265.9
5521.86,100.0,21944.6,,,,,100.0,100.0,8268.3
5522.86,100.0,21903.3,,,,,100.0,100.0,8270.1
5523.86,100.0,21861.7,,,,,100.0,100.0,8270.3
5524.86,0.0,21861.7,,,,,0.0,0.0,8270.3
5525.86,100.0,21820.0,,,,,100.0,100.0,8270.3
5526.86,100.0,21719.8,,,,,100.0,100.0,8251.0
5527.86,0.0,21761.5,,,,,0.0,0.0,8264.5
5528.86,100.0,21761.5,,,,,100.0,100.0,8251.1
5529.86,100.0,21782.3,,,,,100.0,100.0,8261.6
5530.86,0.0,21844.6,,,,,0.0,0.0,8250.9
5531.86,100.0,21861.6,,,,,100.0,100.0,8260.5
5532.86,100.0,21944.6,,,,,100.0,100.0,8268.7
5533.86,100.0,21903.3,,,,,100.0,100.0,8270.5
5534.86,0.0,21903.3,,,,,0.0,0.0,8270.5
5535.86,100.0,21861.7,,,,,100.0,100.0,8270.7
5536.86,100.0,21820.0,,,,,100.0,100.0,8270.7
5537.86,100.0,21719.8,,,,,100.0,100.0,8270.7
5538.86,0.0,21719.9,,,,,0.0,0.0,8252.4
5539.86,100.0,21740.7,,,,,100.0,100.0,8263.1
5540.86,0.0,21803.0,,,,,0.0,0.0,8265.8
5541.86,100.0,21803.0,,,,,100.0,100.0,8258.3
5542.86,100.0,21844.6,,,,,100.0,100.0,8258.1
5543.87,100.0,21944.6,,,,,100.0,100.0,8269.0
5544.87,0.0,21944.6,,,,,0.0,0.0,8269.0
5545.87,100.0,21903.3,,,,,100.0,100.0,8270.6
5546.87,100.0,21861.7,,,,,100.0,100.0,8270.8
5547.87,100.0,21820.0,,,,,100.0,100.0,8270.8
5548.87,0.0,21820.0,,,,,0.0,0.0,8270.8
5549.87,100.0,21719.9,,,,,100.0,100.0,8265.4
5550.87,0.0,21761.5,,,,,0.0,0.0,8253.3
5551.87,100.0,21803.0,,,,,100.0,100.0,8265.9
5552.87,100.0,21803.0,,,,,100.0,100.0,8266.4
5553.87,100.0,21803.0,,,,,100.0,100.0,8259.2
5554.87,0.0,21878.6,,,,,0.0,0.0,8266.8
5555.87,100.0,21944.6,,,,,100.0,100.0,8269.3
5556.87,100.0,21903.3,,,,,100.0,100.0,8270.8
5557.87,100.0,21861.7,,,,,100.0,100.0,8271.0
5558.87,0.0,21861.7,,,,,0.0,0.0,8271.0
5559.87,100.0,21820.0,,,,,100.0,100.0,8271.0
5560.87,100.0,21719.8,,,,,100.0,100.0,8251.1
5561.87,0.0,21761.5,,,,,0.0,0.0,8265.4
5562.87,100.0,21761.5,,,,,100.0,100.0,8251.5
5563.87,100.0,21782.3,,,,,100.0,100.0,8264.5
5564.87,0.0,21844.6,,,,,0.0,0.0,8253.1
5565.87,100.0,21844.6,,,,,100.0,100.0,8260.9
5566.87,100.0,21944.6,,,,,100.0,100.0,8269.6
5567.87,100.0,21903.3,,,,,100.0,100.0,8271.1
5568.87,0.0,21903.3,,,,,0.0,0.0,8271.1
5569.87,100.0,21861.7,,,,,100.0,100.0,8271.3
5570.87,100.0,21820.0,,,,,100.0,100.0,8271.3
5571.87,100.0,21719.8,,,,,100.0,100.0,8271.4
5572.87,0.0,21719.9,,,,,0.0,0.0,8265.9
5573.87,100.0,21761.5,,,,,100.0,100.0,8255.5
5574.87,0.0,21803.0,,,,,0.0,0.0,8259.6
5575.87,100.0,21803.0,,,,,100.0,100.0,8261.0
5576.87,100.0,21844.6,,,,,100.0,100.0,8260.2
5577.87,100.0,21944.6,,,,,100.0,100.0,8269.8
5578.87,0.0,21944.6,,,,,0.0,0.0,8269.8
5579.87,100.0,21903.3,,,,,100.0,100.0,8271.3
5580.87,100.0,21861.7,,,,,100.0,100.0,8271.5
5581.87,100.0,21820.0,,,,,100.0,100.0,8271.5
5582.87,0.0,21820.0,,,,,0.0,0.0,8271.5
5583.87,100.0,21719.9,,,,,100.0,100.0,8266.0
5584.87,0.0,21761.5,,,,,0.0,0.0,8252.5
5585.87,100.0,21761.5,,,,,100.0,100.0,8261.1
5586.87,100.0,21803.0,,,,,100.0,100.0,8266.8
5587.87,100.0,21803.0,,,,,100.0,100.0,8258.0
5588.87,0.0,21878.6,,,,,0.0,0.0,8267.1
5589.87,100.0,21944.6,,,,,100.0,100.0,8269.8
5590.87,100.0,21903.3,,,,,100.0,100.0,8271.5
5591.87,100.0,21861.7,,,,,100.0,100.0,8271.7
5592.87,0.0,21861.7,,,,,0.0,0.0,8271.7
5593.87,100.0,21820.0,,,,,100.0,100.0,8271.7
5594.87,100.0,21719.8,,,,,100.0,100.0,8251.7
5595.87,0.0,21761.5,,,,,0.0,0.0,8265.8
5596.87,100.0,21761.5,,,,,100.0,100.0,8252.4
5597.87,100.0,21761.5,,,,,100.0,100.0,8261.5
5598.87,0.0,21844.6,,,,,0.0,0.0,8251.3
5599.87,100.0,21844.6,,,,,100.0,100.0,8257.6
5600.87,100.0,21944.6,,,,,100.0,100.0,8270.2
5601.87,100.0,21903.7,,,,,100.0,100.0,8271.8
5602.87,0.0,21903.3,,,,,0.0,0.0,8271.8
5603.87,100.0,21861.7,,,,,100.0,100.0,8272.0
5604.87,100.0,21820.0,,,,,100.0,100.0,8272.0
5605.87,100.0,21719.8,,,,,100.0,100.0,8272.1
5606.88,0.0,21719.9,,,,,0.0,0.0,8266.6
5607.88,100.0,21740.7,,,,,100.0,100.0,8264.5
5608.88,0.0,21803.0,,,,,0.0,0.0,8259.6
5609.88,100.0,21803.0,,,,,100.0,100.0,8258.6
5610.88,100.0,21844.6,,,,,100.0,100.0,8258.7
5611.88,100.0,21944.6,,,,,100.0,100.0,8270.4
5612.88,0.0,21944.6,,,,,0.0,0.0,8270.5
5613.88,100.0,21903.3,,,,,100.0,100.0,8272.0
5614.88,100.0,21861.7,,,,,100.0,100.0,8272.2
5615.88,100.0,21820.0,,,,,100.0,100.0,8272.2
5616.88,0.0,21820.0,,,,,0.0,0.0,8272.2
5617.88,100.0,21719.9,,,,,100.0,100.0,8266.5
5618.88,0.0,21761.5,,,,,0.0,0.0,8253.4
5619.88,100.0,21761.5,,,,,100.0,100.0,8260.5
5620.88,100.0,21803.0,,,,,100.0,100.0,8267.8
5621.88,100.0,21803.0,,,,,100.0,100.0,8257.2
5622.88,0.0,21878.6,,,,,0.0,0.0,8267.8
5623.88,100.0,21944.6,,,,,100.0,100.0,8270.7
5624.88,100.0,21903.3,,,,,100.0,100.0,8272.2
5625.88,0.0,21903.3,,,,,0.0,0.0,8272.2
5626.88,100.0,21861.7,,,,,100.0,100.0,8272.4
5627.88,100.0,21820.0,,,,,100.0,100.0,8272.4
5628.88,100.0,21719.8,,,,,100.0,100.0,8251.1
5629.88,0.0,21740.7,,,,,0.0,0.0,8264.4
5630.88,100.0,21761.5,,,,,100.0,100.0,8252.0
5631.88,0.0,21803.0,,,,,0.0,0.0,8258.1
5632.88,100.0,21844.6,,,,,100.0,100.0,8268.6
5633.88,100.0,21844.6,,,,,100.0,100.0,8254.7
5634.88,100.0,21944.6,,,,,100.0,100.0,8270.9
5635.88,0.0,21944.6,,,,,0.0,0.0,8270.9
5636.88,100.0,21903.3,,,,,100.0,100.0,8272.4
5637.88,100.0,21861.7,,,,,100.0,100.0,8272.6
5638.88,100.0,21820.0,,,,,100.0,100.0,8272.6
5639.88,0.0,21820.0,,,,,0.0,0.0,8272.6
5640.88,100.0,21719.9,,,,,100.0,100.0,8267.3
5641.88,0.0,21761.5,,,,,0.0,0.0,8263.6
5642.88,100.0,21803.0,,,,,100.0,100.0,8260.0
5643.88,100.0,21803.0,,,,,100.0,100.0,8257.8
5644.88,100.0,21844.6,,,,,100.0,100.0,8259.3
5645.88,0.0,21878.6,,,,,0.0,0.0,8268.5
5646.88,100.0,21944.6,,,,,100.0,100.0,8271.0
5647.88,100.0,21903.3,,,,,100.0,100.0,8272.6
5648.88,100.0,21861.7,,,,,100.0,100.0,8272.8
5649.88,0.0,21861.7,,,,,0.0,0.0,8272.8
5650.88,100.0,21820.0,,,,,100.0,100.0,8272.8
5651.88,100.0,21685.8,,,,,100.0,100.0,8264.6
5652.88,0.0,21761.5,,,,,0.0,0.0,8267.2
5653.88,100.0,21761.5,,,,,100.0,100.0,8259.6
5654.88,100.0,21803.0,,,,,100.0,100.0,8268.3
5655.88,0.0,21844.6,,,,,0.0,0.0,8257.9
5656.88,100.0,21878.6,,,,,100.0,100.0,8268.5
5657.88,100.0,21944.6,,,,,100.0,100.0,8271.3
5658.88,100.0,21903.3,,,,,100.0,100.0,8272.9
5659.88,0.0,21903.3,,,,,0.0,0.0,8272.9
5660.88,100.0,21861.7,,,,,100.0,100.0,8273.1
5661.88,100.0,21820.0,,,,,100.0,100.0,8273.1
5662.88,100.0,21719.8,,,,,100.0,100.0,8252.4
5663.88,0.0,21719.9,,,,,0.0,0.0,8260.6
5664.88,100.0,21761.5,,,,,100.0,100.0,8249.2
5665.88,0.0,21803.0,,,,,0.0,0.0,8255.9
5666.88,100.0,21844.6,,,,,100.0,100.0,8268.9
5667.88,100.0,21844.6,,,,,100.0,100.0,8255.0
5668.88,100.0,21944.6,,,,,100.0,100.0,8271.5
5669.88,0.0,21944.6,,,,,0.0,0.0,8271.5
5670.88,100.0,21903.3,,,,,100.0,100.0,8273.0
5671.88,100.0,21861.7,,,,,100.0,100.0,8273.2
5672.88,100.0,21820.0,,,,,100.0,100.0,8273.2
5673.89,0.0,21820.0,,,,,0.0,0.0,8273.2
5674.89,100.0,21719.9,,,,,100.0,100.0,8267.8
5675.89,0.0,21761.5,,,,,0.0,0.0,8259.6
5676.89,100.0,21803.0,,,,,100.0,100.0,8259.3
5677.89,100.0,21803.0,,,,,100.0,100.0,8262.4
5678.89,100.0,21823.8,,,,,100.0,100.0,8257.6
5679.89,0.0,21878.6,,,,,0.0,0.0,8269.2
5680.89,100.0,21944.6,,,,,100.0,100.0,8271.7
5681.89,100.0,21903.3,,,,,100.0,100.0,8273.2
5682.89,100.0,21861.7,,,,,100.0,100.0,8273.4
5683.89,0.0,21861.7,,,,,0.0,0.0,8273.4
5684.89,100.0,21820.0,,,,,100.0,100.0,8273.4
5685.89,100.0,21719.8,,,,,100.0,100.0,8260.3
5686.89,0.0,21761.5,,,,,0.0,0.0,8267.9
5687.89,100.0,21761.5,,,,,100.0,100.0,8259.5
5688.89,100.0,21803.0,,,,,100.0,100.0,8268.8
5689.89,0.0,21844.6,,,,,0.0,0.0,8257.3
5690.89,100.0,21861.6,,,,,100.0,100.0,8267.5
5691.89,100.0,21944.6,,,,,100.0,100.0,8272.0
5692.89,100.0,21903.3,,,,,100.0,100.0,8273.5
5693.89,0.0,21903.3,,,,,0.0,0.0,8273.5
5694.89,100.0,21861.7,,,,,100.0,100.0,8273.7
5695.89,100.0,21820.0,,,,,100.0,100.0,8273.7
5696.89,100.0,21719.8,,,,,100.0,100.0,8251.9
5697.89,0.0,21719.9,,,,,0.0,0.0,8258.1
5698.89,100.0,21761.5,,,,,100.0,100.0,8249.5
5699.89,0.0,21803.0,,,,,0.0,0.0,8256.0
5700.89,100.0,21823.8,,,,,100.0,100.0,8267.4
5701.89,100.0,21844.6,,,,,100.0,100.0,8254.9
5702.89,100.0,21944.6,,,,,100.0,100.0,8272.1
5703.89,0.0,21944.6,,,,,0.0,0.0,8272.1
5704.89,100.0,21903.3,,,,,100.0,100.0,8273.7
5705.89,100.0,21861.7,,,,,100.0,100.0,8273.9
5706.89,100.0,21820.0,,,,,100.0,100.0,8273.9
5707.89,0.0,21820.0,,,,,0.0,0.0,8273.9
5708.89,100.0,21719.9,,,,,100.0,100.0,8268.5
5709.89,0.0,21761.5,,,,,0.0,0.0,8257.4
5710.89,100.0,21803.0,,,,,100.0,100.0,8268.9
5711.89,100.0,21803.0,,,,,100.0,100.0,8269.3
5712.89,100.0,21803.0,,,,,100.0,100.0,8262.5
5713.89,0.0,21878.6,,,,,0.0,0.0,8269.9
5714.89,100.0,21944.6,,,,,100.0,100.0,8272.4
5715.89,100.0,21903.3,,,,,100.0,100.0,8273.9
5716.89,100.0,21861.7,,,,,100.0,100.0,8274.1
5717.89,0.0,21861.7,,,,,0.0,0.0,8274.1
5718.89,100.0,21820.0,,,,,100.0,100.0,8274.1
5719.89,100.0,21719.8,,,,,100.0,100.0,8259.1
5720.89,0.0,21761.5,,,,,0.0,0.0,8268.9
5721.89,100.0,21761.5,,,,,100.0,100.0,8258.4
5722.89,100.0,21803.0,,,,,100.0,100.0,8269.4
5723.89,0.0,21844.6,,,,,0.0,0.0,8258.2
5724.89,100.0,21861.6,,,,,100.0,100.0,8268.4
5725.89,100.0,21944.6,,,,,100.0,100.0,8272.6
5726.89,100.0,21903.3,,,,,100.0,100.0,8274.0
5727.89,0.0,21903.3,,,,,0.0,0.0,8274.0
5728.89,100.0,21861.7,,,,,100.0,100.0,8274.2
5729.89,100.0,21820.0,,,,,100.0,100.0,8274.2
5730.89,100.0,21719.8,,,,,100.0,100.0,8249.7
5731.89,0.0,21719.9,,,,,0.0,0.0,8258.0
5732.89,100.0,21761.5,,,,,100.0,100.0,8268.9
5733.89,0.0,21803.0,,,,,0.0,0.0,8256.6
5734.89,100.0,21844.6,,,,,100.0,100.0,8270.5
5735.89,100.0,21844.6,,,,,100.0,100.0,8256.3
5736.89,100.0,21944.6,,,,,100.0,100.0,8273.0
5737.89,0.0,21944.6,,,,,0.0,0.0,8273.0
5738.89,100.0,21903.3,,,,,100.0,100.0,8274.4
5739.9,100.0,21861.7,,,,,100.0,100.0,8274.6
5740.9,100.0,21820.0,,,,,100.0,100.0,8274.6
5741.9,0.0,21820.0,,,,,0.0,0.0,8274.6
5742.9,100.0,21719.9,,,,,100.0,100.0,8259.4
5743.9,0.0,21761.5,,,,,0.0,0.0,8258.1
5744.9,100.0,21803.0,,,,,100.0,100.0,8250.2
5745.9,100.0,21803.0,,,,,100.0,100.0,8264.1
5746.9,100.0,21823.8,,,,,100.0,100.0,8267.4
5747.9,0.0,21878.6,,,,,0.0,0.0,8270.7
5748.9,100.0,21944.6,,,,,100.0,100.0,8273.3
5749.9,100.0,21903.3,,,,,100.0,100.0,8274.7
5750.9,100.0,21861.7,,,,,100.0,100.0,8274.9
5751.9,0.0,21861.7,,,,,0.0,0.0,8274.9
5752.9,100.0,21820.0,,,,,100.0,100.0,8274.9
5753.9,100.0,21719.8,,,,,100.0,100.0,8258.5
5754.9,0.0,21761.5,,,,,0.0,0.0,8269.3
5755.9,100.0,21761.5,,,,,100.0,100.0,8258.9
5756.9,100.0,21803.0,,,,,100.0,100.0,8270.1
5757.9,0.0,21844.6,,,,,0.0,0.0,8270.9
5758.9,100.0,21844.6,,,,,100.0,100.0,8267.4
5759.9,100.0,21944.6,,,,,100.0,100.0,8273.2
5760.9,100.0,21903.3,,,,,100.0,100.0,8274.7
5761.9,0.0,21903.3,,,,,0.0,0.0,8274.7
5762.9,100.0,21861.7,,,,,100.0,100.0,8274.9
5763.9,100.0,21820.0,,,,,100.0,100.0,8274.9
5764.9,100.0,21719.8,,,,,100.0,100.0,8250.1
5765.9,0.0,21719.9,,,,,0.0,0.0,8258.5
5766.9,100.0,21761.5,,,,,100.0,100.0,8269.6
5767.9,0.0,21803.0,,,,,0.0,0.0,8257.5
5768.9,100.0,21823.8,,,,,100.0,100.0,8267.6
5769.9,100.0,21844.6,,,,,100.0,100.0,8255.0
5770.9,100.0,21944.6,,,,,100.0,100.0,8273.7
5771.9,0.0,21944.6,,,,,0.0,0.0,8273.7
5772.9,100.0,21903.3,,,,,100.0,100.0,8275.1
5773.9,100.0,21861.7,,,,,100.0,100.0,8275.3
5774.9,100.0,21820.0,,,,,100.0,100.0,8275.3
5775.9,0.0,21820.0,,,,,0.0,0.0,8275.3
5776.9,100.0,21719.9,,,,,100.0,100.0,8249.9
5777.9,0.0,21761.5,,,,,0.0,0.0,8257.6
5778.9,100.0,21803.0,,,,,100.0,100.0,8260.9
5779.9,100.0,21803.0,,,,,100.0,100.0,8264.0
5780.9,100.0,21823.8,,,,,100.0,100.0,8267.4
5781.9,0.0,21878.6,,,,,0.0,0.0,8271.3
5782.9,100.0,21944.6,,,,,100.0,100.0,8273.9
5783.9,100.0,21903.3,,,,,100.0,100.0,8275.3
5784.9,100.0,21861.7,,,,,100.0,100.0,8275.5
5785.9,0.0,21861.7,,,,,0.0,0.0,8275.5
5786.9,100.0,21820.0,,,,,100.0,100.0,8275.5
5787.9,100.0,21719.8,,,,,100.0,100.0,8258.6
5788.9,0.0,21761.5,,,,,0.0,0.0,8270.0
5789.9,100.0,21761.5,,,,,100.0,100.0,8257.6
5790.9,100.0,21782.3,,,,,100.0,100.0,8268.6
5791.9,0.0,21844.6,,,,,0.0,0.0,8271.7
5792.9,100.0,21861.6,,,,,100.0,100.0,8265.3
5793.9,100.0,21944.6,,,,,100.0,100.0,8274.2
5794.9,100.0,21903.3,,,,,100.0,100.0,8275.5
5795.9,0.0,21903.3,,,,,0.0,0.0,8275.5
5796.9,100.0,21861.7,,,,,100.0,100.0,8275.7
5797.9,100.0,21820.0,,,,,100.0,100.0,8275.8
5798.9,100.0,21719.8,,,,,100.0,100.0,8249.9
5799.9,0.0,21719.9,,,,,0.0,0.0,8257.7
5800.9,100.0,21761.5,,,,,100.0,100.0,8270.4
5801.9,0.0,21803.0,,,,,0.0,0.0,8259.1
5802.9,100.0,21844.6,,,,,100.0,100.0,8271.6
5803.9,100.0,21844.6,,,,,100.0,100.0,8258.2
5804.9,100.0,21944.6,,,,,100.0,100.0,8274.2
5805.9,0.0,21944.6,,,,,0.0,0.0,8274.2
5806.91,100.0,21903.3,,,,,100.0,100.0,8275.6
5807.91,100.0,21861.7,,,,,100.0,100.0,8275.8
5808.91,100.0,21820.0,,,,,100.0,100.0,8275.9
5809.91,0.0,21820.0,,,,,0.0,0.0,8275.9
5810.91,100.0,21719.9,,,,,100.0,100.0,8250.2
5811.91,0.0,21761.5,,,,,0.0,0.0,8258.1
5812.91,100.0,21803.0,,,,,100.0,100.0,8271.1
5813.91,100.0,21803.0,,,,,100.0,100.0,8256.4
5814.91,100.0,21823.8,,,,,100.0,100.0,8269.6
5815.91,0.0,21878.6,,,,,0.0,0.0,8271.8
5816.91,100.0,21944.6,,,,,100.0,100.0,8274.4
5817.91,100.0,21903.3,,,,,100.0,100.0,8275.9
5818.91,100.0,21861.7,,,,,100.0,100.0,8276.1
5819.91,0.0,21861.7,,,,,0.0,0.0,8276.1
5820.91,100.0,21820.0,,,,,100.0,100.0,8276.1
5821.91,100.0,21719.8,,,,,100.0,100.0,8258.2
5822.91,0.0,21761.5,,,,,0.0,0.0,8270.6
5823.91,100.0,21761.5,,,,,100.0,100.0,8258.8
5824.91,100.0,21803.0,,,,,100.0,100.0,8271.3
5825.91,0.0,21844.6,,,,,0.0,0.0,8272.3
5826.91,100.0,21844.6,,,,,100.0,100.0,8267.7
5827.91,100.0,21944.6,,,,,100.0,100.0,8274.7
5828.91,100.0,21903.3,,,,,100.0,100.0,8276.2
5829.91,0.0,21903.3,,,,,0.0,0.0,8276.2
5830.91,100.0,21861.7,,,,,100.0,100.0,8276.4
5831.91,100.0,21820.0,,,,,100.0,100.0,8276.4
5832.91,100.0,21719.8,,,,,100.0,100.0,8276.5
5833.91,0.0,21719.9,,,,,0.0,0.0,8258.2
5834.91,100.0,21761.5,,,,,100.0,100.0,8270.9
5835.91,0.0,21803.0,,,,,0.0,0.0,8257.9
5836.91,100.0,21803.0,,,,,100.0,100.0,8268.4
5837.91,100.0,21844.6,,,,,100.0,100.0,8272.5
5838.91,100.0,21944.6,,,,,100.0,100.0,8274.8
5839.91,0.0,21944.6,,,,,0.0,0.0,8274.8
5840.91,100.0,21903.3,,,,,100.0,100.0,8276.4
5841.91,100.0,21861.7,,,,,100.0,100.0,8276.6
5842.91,100.0,21820.0,,,,,100.0,100.0,8276.6
5843.91,0.0,21820.0,,,,,0.0,0.0,8276.6
5844.91,100.0,21719.9,,,,,100.0,100.0,8250.1
5845.91,0.0,21761.5,,,,,0.0,0.0,8257.2
5846.91,100.0,21782.3,,,,,100.0,100.0,8269.6
5847.91,100.0,21803.0,,,,,100.0,100.0,8256.2
5848.91,100.0,21803.0,,,,,100.0,100.0,8265.1
5849.91,0.0,21878.6,,,,,0.0,0.0,8272.5
5850.91,100.0,21944.6,,,,,100.0,100.0,8275.1
5851.91,100.0,21903.3,,,,,100.0,100.0,8276.6
5852.91,100.0,21861.7,,,,,100.0,100.0,8276.8
5853.91,0.0,21861.7,,,,,0.0,0.0,8276.8
5854.91,100.0,21820.0,,,,,100.0,100.0,8276.8
5855.91,100.0,21719.8,,,,,100.0,100.0,8258.3
5856.91,0.0,21761.5,,,,,0.0,0.0,8271.1
5857.91,100.0,21761.5,,,,,100.0,100.0,8271.5
5858.91,100.0,21782.3,,,,,100.0,100.0,8268.3
5859.91,0.0,21844.6,,,,,0.0,0.0,8272.9
5860.91,100.0,21844.6,,,,,100.0,100.0,8262.8
5861.91,100.0,21944.6,,,,,100.0,100.0,8275.3
5862.91,100.0,21903.3,,,,,100.0,100.0,8276.8
5863.91,0.0,21903.3,,,,,0.0,0.0,8276.8
5864.91,100.0,21861.7,,,,,100.0,100.0,8276.9
5865.91,100.0,21820.0,,,,,100.0,100.0,8277.0
5866.91,100.0,21719.8,,,,,100.0,100.0,8277.1
5867.91,0.0,21719.9,,,,,0.0,0.0,8258.7
5868.91,100.0,21761.5,,,,,100.0,100.0,8271.8
5869.91,0.0,21803.0,,,,,0.0,0.0,8258.8
5870.91,100.0,21823.8,,,,,100.0,100.0,8269.7
5871.91,100.0,21844.6,,,,,100.0,100.0,8273.2
5872.91,100.0,21944.6,,,,,100.0,100.0,8275.7
5873.91,0.0,21944.6,,,,,0.0,0.0,8275.7
5874.92,100.0,21903.3,,,,,100.0,100.0,8277.2
5875.92,100.0,21861.7,,,,,100.0,100.0,8277.3
5876.92,100.0,21820.0,,,,,100.0,100.0,8277.4
5877.92,0.0,21820.0,,,,,0.0,0.0,8277.4
5878.92,100.0,21719.9,,,,,100.0,100.0,8250.2
5879.92,0.0,21761.5,,,,,0.0,0.0,8257.8
5880.92,100.0,21782.3,,,,,100.0,100.0,8271.5
5881.92,100.0,21803.0,,,,,100.0,100.0,8256.7
5882.92,100.0,21803.0,,,,,100.0,100.0,8265.1
5883.92,0.0,21878.6,,,,,0.0,0.0,8273.3
5884.92,100.0,21944.6,,,,,100.0,100.0,8275.8
5885.92,100.0,21903.3,,,,,100.0,100.0,8277.2
5886.92,100.0,21861.7,,,,,100.0,100.0,8277.4
5887.92,0.0,21861.7,,,,,0.0,0.0,8277.4
5888.92,100.0,21820.0,,,,,100.0,100.0,8277.4
5889.92,100.0,21719.8,,,,,100.0,100.0,8258.5
5890.92,0.0,21761.5,,,,,0.0,0.0,8272.0
5891.92,100.0,21761.5,,,,,100.0,100.0,8272.0
5892.92,100.0,21782.3,,,,,100.0,100.0,8269.4
5893.92,0.0,21844.6,,,,,0.0,0.0,8266.6
5894.92,100.0,21861.6,,,,,100.0,100.0,8266.9
5895.92,100.0,21944.6,,,,,100.0,100.0,8276.2
5896.92,100.0,21903.3,,,,,100.0,100.0,8277.6
5897.92,0.0,21903.3,,,,,0.0,0.0,8277.6
5898.92,100.0,21861.7,,,,,100.0,100.0,8277.8
5899.92,100.0,21820.0,,,,,100.0,100.0,8277.8
5900.92,100.0,21719.8,,,,,100.0,100.0,8277.9
5901.92,0.0,21719.9,,,,,0.0,0.0,8258.3
5902.92,100.0,21761.5,,,,,100.0,100.0,8272.0
5903.92,0.0,21803.0,,,,,0.0,0.0,8258.2
5904.92,100.0,21803.0,,,,,100.0,100.0,8263.6
5905.92,100.0,21844.6,,,,,100.0,100.0,8273.8
5906.92,100.0,21944.6,,,,,100.0,100.0,8276.3
5907.92,0.0,21944.6,,,,,0.0,0.0,8276.3
5908.92,100.0,21903.3,,,,,100.0,100.0,8277.8
5909.92,100.0,21861.7,,,,,100.0,100.0,8278.0
5910.92,100.0,21820.0,,,,,100.0,100.0,8278.0
5911.92,0.0,21820.0,,,,,0.0,0.0,8278.0
5912.92,100.0,21719.9,,,,,100.0,100.0,8272.4
5913.92,0.0,21761.5,,,,,0.0,0.0,8257.3
5914.92,100.0,21761.5,,,,,100.0,100.0,8268.1
5915.92,100.0,21803.0,,,,,100.0,100.0,8256.0
5916.92,100.0,21803.0,,,,,100.0,100.0,8264.2
5917.92,0.0,21861.6,,,,,0.0,0.0,8273.5
5918.92,100.0,21944.6,,,,,100.0,100.0,8276.6
5919.92,100.0,21903.3,,,,,100.0,100.0,8278.0
5920.92,100.0,21861.7,,,,,100.0,100.0,8278.2
5921.92,0.0,21861.7,,,,,0.0,0.0,8278.2
5922.92,100.0,21820.0,,,,,100.0,100.0,8278.2
5923.92,100.0,21719.8,,,,,100.0,100.0,8278.4
5924.92,0.0,21761.5,,,,,0.0,0.0,8272.7
5925.92,100.0,21761.5,,,,,100.0,100.0,8265.1
5926.92,100.0,21761.5,,,,,100.0,100.0,8264.7
5927.92,0.0,21844.6,,,,,0.0,0.0,8274.3
5928.92,100.0,21844.6,,,,,100.0,100.0,8261.6
5929.92,100.0,21944.6,,,,,100.0,100.0,8276.8
5930.92,100.0,21903.3,,,,,100.0,100.0,8278.2
5931.92,0.0,21903.3,,,,,0.0,0.0,8278.2
5932.92,100.0,21861.7,,,,,100.0,100.0,8278.4
5933.92,100.0,21820.0,,,,,100.0,100.0,8278.4
5934.92,100.0,21719.8,,,,,100.0,100.0,8278.5
5935.92,0.0,21719.9,,,,,0.0,0.0,8258.7
5936.92,100.0,21757.7,,,,,100.0,100.0,8273.0
5937.92,0.0,21803.0,,,,,0.0,0.0,8273.9
5938.92,100.0,21803.0,,,,,100.0,100.0,8264.8
5939.92,100.0,21844.6,,,,,100.0,100.0,8274.7
5940.92,100.0,21944.6,,,,,100.0,100.0,8277.1
5941.93,0.0,21944.6,,,,,0.0,0.0,8277.1
5942.93,100.0,21903.3,,,,,100.0,100.0,8278.6
5943.93,100.0,21861.7,,,,,100.0,100.0,8278.8
5944.93,100.0,21820.0,,,,,100.0,100.0,8278.8
5945.93,0.0,21820.0,,,,,0.0,0.0,8278.8
5946.93,100.0,21719.9,,,,,100.0,100.0,8273.0
5947.93,0.0,21761.5,,,,,0.0,0.0,8258.9
5948.93,100.0,21782.3,,,,,100.0,100.0,8269.0
5949.93,100.0,21803.0,,,,,100.0,100.0,8256.8
5950.93,100.0,21803.0,,,,,100.0,100.0,8266.0
5951.93,0.0,21878.6,,,,,0.0,0.0,8274.4
5952.93,100.0,21944.6,,,,,100.0,100.0,8277.1
5953.93,100.0,21903.3,,,,,100.0,100.0,8278.6
5954.93,100.0,21861.7,,,,,100.0,100.0,8278.8
5955.93,0.0,21861.7,,,,,0.0,0.0,8278.8
5956.93,100.0,21820.0,,,,,100.0,100.0,8278.8
5957.93,100.0,21719.8,,,,,100.0,100.0,8279.0
5958.93,0.0,21719.9,,,,,0.0,0.0,8270.2
5959.93,100.0,21761.5,,,,,100.0,100.0,8273.4
5960.93,100.0,21761.5,,,,,100.0,100.0,8263.1
5961.93,0.0,21844.6,,,,,0.0,0.0,8274.9
5962.93,100.0,21844.6,,,,,100.0,100.0,8275.1
5963.93,100.0,21944.6,,,,,100.0,100.0,8277.2
5964.93,100.0,21903.1,,,,,100.0,100.0,8278.7
5965.93,0.0,21903.3,,,,,0.0,0.0,8278.8
5966.93,100.0,21861.7,,,,,100.0,100.0,8279.0
5967.93,100.0,21820.0,,,,,100.0,100.0,8279.0
5968.93,0.0,21820.0,,,,,0.0,0.0,8279.0
5969.93,100.0,21719.9,,,,,100.0,100.0,8258.4
5970.93,100.0,21719.9,,,,,100.0,100.0,8267.8
5971.93,0.0,21803.0,,,,,0.0,0.0,8274.5
5972.93,100.0,21803.0,,,,,100.0,100.0,8262.5
5973.93,100.0,21823.8,,,,,100.0,100.0,8272.8
5974.93,0.0,21878.6,,,,,0.0,0.0,8275.1
5975.93,100.0,21944.6,,,,,100.0,100.0,8277.7
5976.93,100.0,21903.3,,,,,100.0,100.0,8279.2
5977.93,100.0,21861.7,,,,,100.0,100.0,8279.4
5978.93,0.0,21861.7,,,,,0.0,0.0,8279.4
5979.93,100.0,21820.0,,,,,100.0,100.0,8279.4
5980.93,100.0,21702.8,,,,,100.0,100.0,8272.2
5981.93,0.0,21761.5,,,,,0.0,0.0,8258.2
5982.93,100.0,21761.5,,,,,100.0,100.0,8263.9
5983.93,100.0,21803.0,,,,,100.0,100.0,8255.3
5984.93,0.0,21844.6,,,,,0.0,0.0,8261.7
5985.93,100.0,21878.6,,,,,100.0,100.0,8275.1
5986.93,100.0,21944.6,,,,,100.0,100.0,8278.1
5987.93,100.0,21903.3,,,,,100.0,100.0,8279.5
5988.93,0.0,21903.3,,,,,0.0,0.0,8279.5
5989.93,100.0,21861.7,,,,,100.0,100.0,8279.7
5990.93,100.0,21820.0,,,,,100.0,100.0,8279.7
5991.93,100.0,21719.8,,,,,100.0,100.0,8279.8
5992.93,0.0,21737.1,,,,,0.0,0.0,8270.7
5993.93,100.0,21761.5,,,,,100.0,100.0,8266.2
5994.93,0.0,21803.0,,,,,0.0,0.0,8266.3
5995.93,100.0,21844.6,,,,,100.0,100.0,8266.2
5996.93,100.0,21844.6,,,,,100.0,100.0,8262.6
5997.93,100.0,21944.6,,,,,100.0,100.0,8278.0
5998.93,0.0,21944.6,,,,,0.0,0.0,8278.0
5999.93,100.0,21903.3,,,,,100.0,100.0,8279.6
6000.93,100.0,21861.7,,,,,100.0,100.0,8279.8
6001.93,100.0,21820.0,,,,,100.0,100.0,8279.8
6002.93,0.0,21820.0,,,,,0.0,0.0,8279.8
6003.93,100.0,21719.9,,,,,100.0,100.0,8258.7
6004.93,0.0,21761.5,,,,,0.0,0.0,8267.7
6005.93,100.0,21803.0,,,,,100.0,100.0,8275.1
6006.93,100.0,21803.0,,,,,100.0,100.0,8263.9
6007.93,100.0,21823.8,,,,,100.0,100.0,8275.3
6008.94,0.0,21878.6,,,,,0.0,0.0,8276.0
6009.94,100.0,21944.6,,,,,100.0,100.0,8278.5
6010.94,100.0,21903.3,,,,,100.0,100.0,8280.0
6011.94,100.0,21861.7,,,,,100.0,100.0,8280.2
6012.94,0.0,21861.7,,,,,0.0,0.0,8280.2
6013.94,100.0,21820.0,,,,,100.0,100.0,8280.2
6014.94,100.0,21719.8,,,,,100.0,100.0,8269.2
6015.94,0.0,21761.5,,,,,0.0,0.0,8258.0
6016.94,100.0,21761.5,,,,,100.0,100.0,8263.5
6017.94,100.0,21803.0,,,,,100.0,100.0,8275.4
6018.94,0.0,21844.6,,,,,0.0,0.0,8262.3
6019.94,100.0,21861.6,,,,,100.0,100.0,8274.3
6020.94,100.0,21944.6,,,,,100.0,100.0,8278.7
6021.94,100.0,21903.3,,,,,100.0,100.0,8280.2
6022.94,0.0,21903.3,,,,,0.0,0.0,8280.2
6023.94,100.0,21861.7,,,,,100.0,100.0,8280.4
6024.94,100.0,21820.0,,,,,100.0,100.0,8280.4
6025.94,100.0,21719.8,,,,,100.0,100.0,8280.6
6026.94,0.0,21719.9,,,,,0.0,0.0,8269.6
6027.94,100.0,21740.7,,,,,100.0,100.0,8270.8
6028.94,0.0,21803.0,,,,,0.0,0.0,8259.2
6029.94,100.0,21820.0,,,,,100.0,100.0,8267.3
6030.94,100.0,21844.6,,,,,100.0,100.0,8274.3
6031.94,100.0,21944.6,,,,,100.0,100.0,8276.7
6032.94,0.0,21944.6,,,,,0.0,0.0,8276.7
6033.94,100.0,21903.3,,,,,100.0,100.0,8278.2
6034.94,100.0,21861.7,,,,,100.0,100.0,8278.4
6035.94,100.0,21820.0,,,,,100.0,100.0,8278.4
6036.94,0.0,21820.0,,,,,0.0,0.0,8278.4
6037.94,100.0,21719.9,,,,,100.0,100.0,8273.0
6038.94,0.0,21761.5,,,,,0.0,0.0,8265.4
6039.94,100.0,21803.0,,,,,100.0,100.0,8273.9
6040.94,100.0,21803.0,,,,,100.0,100.0,8263.1
6041.94,100.0,21844.6,,,,,100.0,100.0,8274.7
6042.94,0.0,21878.6,,,,,0.0,0.0,8274.7
6043.94,100.0,21944.6,,,,,100.0,100.0,8277.2
6044.94,100.0,21903.3,,,,,100.0,100.0,8278.6
6045.94,100.0,21861.7,,,,,100.0,100.0,8278.8
6046.94,0.0,21861.7,,,,,0.0,0.0,8278.8
6047.94,100.0,21820.0,,,,,100.0,100.0,8278.8
6048.94,100.0,21719.8,,,,,100.0,100.0,8266.7
6049.94,0.0,21761.5,,,,,0.0,0.0,8257.9
6050.94,100.0,21761.5,,,,,100.0,100.0,8265.1
6051.94,100.0,21803.0,,,,,100.0,100.0,8274.2
6052.94,0.0,21844.6,,,,,0.0,0.0,8264.4
6053.94,100.0,21861.6,,,,,100.0,100.0,8270.3
6054.94,100.0,21944.6,,,,,100.0,100.0,8277.6
6055.94,100.0,21903.3,,,,,100.0,100.0,8278.9
6056.94,0.0,21903.3,,,,,0.0,0.0,8278.9
6057.94,100.0,21861.7,,,,,100.0,100.0,8279.1
6058.94,100.0,21820.0,,,,,100.0,100.0,8279.1
6059.94,100.0,21719.8,,,,,100.0,100.0,8279.3
6060.94,0.0,21719.9,,,,,0.0,0.0,8266.0
6061.94,100.0,21761.5,,,,,100.0,100.0,8266.8
6062.94,0.0,21803.0,,,,,0.0,0.0,8263.8
6063.94,100.0,21844.6,,,,,100.0,100.0,8256.3
6064.94,100.0,21844.6,,,,,100.0,100.0,8262.0
6065.94,100.0,21944.6,,,,,100.0,100.0,8277.8
6066.94,0.0,21944.6,,,,,0.0,0.0,8277.8
6067.94,100.0,21903.3,,,,,100.0,100.0,8279.2
6068.94,100.0,21861.7,,,,,100.0,100.0,8279.4
6069.94,100.0,21820.0,,,,,100.0,100.0,8279.4
6070.94,0.0,21820.0,,,,,0.0,0.0,8279.4
6071.94,100.0,21719.9,,,,,100.0,100.0,8274.0
6072.94,0.0,21761.5,,,,,0.0,0.0,8265.4
6073.94,100.0,21803.0,,,,,100.0,100.0,8275.0
6074.94,100.0,21803.0,,,,,100.0,100.0,8263.3
6075.94,100.0,21823.8,,,,,100.0,100.0,8275.2
6076.95,0.0,21878.6,,,,,0.0,0.0,8275.8
6077.95,100.0,21944.6,,,,,100.0,100.0,8278.3
6078.95,100.0,21903.3,,,,,100.0,100.0,8279.6
6079.95,100.0,21861.7,,,,,100.0,100.0,8279.8
6080.95,0.0,21861.7,,,,,0.0,0.0,8279.8
6081.95,100.0,21820.0,,,,,100.0,100.0,8279.8
6082.95,100.0,21719.8,,,,,100.0,100.0,8264.8
6083.95,0.0,21761.5,,,,,0.0,0.0,8257.0
6084.95,100.0,21761.5,,,,,100.0,100.0,8263.4
6085.95,100.0,21803.0,,,,,100.0,100.0,8275.1
6086.95,0.0,21844.6,,,,,0.0,0.0,8262.9
6087.95,100.0,21844.6,,,,,100.0,100.0,8266.6
6088.95,100.0,21944.6,,,,,100.0,100.0,8278.4
6089.95,100.0,21903.3,,,,,100.0,100.0,8279.8
6090.95,0.0,21903.3,,,,,0.0,0.0,8279.8
6091.95,100.0,21861.7,,,,,100.0,100.0,8280.0
6092.95,100.0,21820.0,,,,,100.0,100.0,8280.0
6093.95,100.0,21719.8,,,,,100.0,100.0,8280.1
6094.95,0.0,21719.9,,,,,0.0,0.0,8264.8
6095.95,100.0,21761.5,,,,,100.0,100.0,8256.7
6096.95,0.0,21803.0,,,,,0.0,0.0,8264.0
6097.95,100.0,21844.6,,,,,100.0,100.0,8276.2
6098.95,100.0,21844.6,,,,,100.0,100.0,8263.2
6099.95,100.0,21944.6,,,,,100.0,100.0,8278.6
6100.95,0.0,21944.6,,,,,0.0,0.0,8278.6
6101.95,100.0,21903.3,,,,,100.0,100.0,8280.0
6102.95,100.0,21861.7,,,,,100.0,100.0,8280.1
6103.95,100.0,21820.0,,,,,100.0,100.0,8280.1
6104.95,0.0,21820.0,,,,,0.0,0.0,8280.1
6105.95,100.0,21719.9,,,,,100.0,100.0,8274.7
6106.95,0.0,21761.5,,,,,0.0,0.0,8265.2
6107.95,100.0,21803.0,,,,,100.0,100.0,8275.6
6108.95,100.0,21803.0,,,,,100.0,100.0,8263.4
6109.95,100.0,21803.0,,,,,100.0,100.0,8270.6
6110.95,0.0,21878.6,,,,,0.0,0.0,8276.4
6111.95,100.0,21944.6,,,,,100.0,100.0,8279.0
6112.95,100.0,21903.3,,,,,100.0,100.0,8280.4
6113.95,100.0,21861.7,,,,,100.0,100.0,8280.6
6114.95,0.0,21861.7,,,,,0.0,0.0,8280.6
6115.95,100.0,21820.0,,,,,100.0,100.0,8280.6
6116.95,100.0,21719.8,,,,,100.0,100.0,8264.6
6117.95,0.0,21761.5,,,,,0.0,0.0,8275.2
6118.95,100.0,21761.5,,,,,100.0,100.0,8263.4
6119.95,100.0,21803.0,,,,,100.0,100.0,8275.9
6120.95,0.0,21844.6,,,,,0.0,0.0,8264.1
6121.95,100.0,21861.6,,,,,100.0,100.0,8272.3
6122.95,100.0,21944.6,,,,,100.0,100.0,8279.2
6123.95,100.0,21903.3,,,,,100.0,100.0,8280.6
6124.95,0.0,21903.3,,,,,0.0,0.0,8280.6
6125.95,100.0,21861.7,,,,,100.0,100.0,8280.8
6126.95,100.0,21820.0,,,,,100.0,100.0,8280.8
6127.95,100.0,21719.8,,,,,100.0,100.0,8281.0
6128.95,0.0,21719.9,,,,,0.0,0.0,8263.3
6129.95,100.0,21761.5,,,,,100.0,100.0,8256.3
6130.95,0.0,21803.0,,,,,0.0,0.0,8267.3
6131.95,100.0,21823.8,,,,,100.0,100.0,8273.1
6132.95,100.0,21844.6,,,,,100.0,100.0,8269.9
6133.95,100.0,21944.6,,,,,100.0,100.0,8279.5
6134.95,0.0,21944.6,,,,,0.0,0.0,8279.5
6135.95,100.0,21903.3,,,,,100.0,100.0,8281.0
6136.95,100.0,21861.7,,,,,100.0,100.0,8281.1
6137.95,100.0,21820.0,,,,,100.0,100.0,8281.1
6138.95,0.0,21820.0,,,,,0.0,0.0,8281.1
6139.95,100.0,21719.9,,,,,100.0,100.0,8275.7
6140.95,0.0,21761.5,,,,,0.0,0.0,8264.3
6141.95,100.0,21803.0,,,,,100.0,100.0,8276.4
6142.95,100.0,21803.0,,,,,100.0,100.0,8276.5
6143.96,100.0,21803.0,,,,,100.0,100.0,8271.9
6144.96,0.0,21878.6,,,,,0.0,0.0,8277.4
6145.96,100.0,21944.6,,,,,100.0,100.0,8279.9
6146.96,100.0,21903.3,,,,,100.0,100.0,8281.4
6147.96,100.0,21861.7,,,,,100.0,100.0,8281.5
6148.96,0.0,21861.7,,,,,0.0,0.0,8281.5
6149.96,100.0,21820.0,,,,,100.0,100.0,8281.6
6150.96,100.0,21719.8,,,,,100.0,100.0,8264.0
6151.96,0.0,21761.5,,,,,0.0,0.0,8276.2
6152.96,100.0,21761.5,,,,,100.0,100.0,8265.4
6153.96,100.0,21803.0,,,,,100.0,100.0,8276.9
6154.96,0.0,21844.6,,,,,0.0,0.0,8265.8
6155.96,100.0,21861.6,,,,,100.0,100.0,8272.9
6156.96,100.0,21944.6,,,,,100.0,100.0,8280.1
6157.96,100.0,21903.3,,,,,100.0,100.0,8281.5
6158.96,0.0,21903.3,,,,,0.0,0.0,8281.5
6159.96,100.0,21861.7,,,,,100.0,100.0,8281.7
6160.96,100.0,21820.0,,,,,100.0,100.0,8281.7
6161.96,100.0,21719.8,,,,,100.0,100.0,8281.9
6162.96,0.0,21719.9,,,,,0.0,0.0,8264.6
6163.96,100.0,21761.5,,,,,100.0,100.0,8257.3
6164.96,0.0,21803.0,,,,,0.0,0.0,8263.9
6165.96,100.0,21823.8,,,,,100.0,100.0,8274.2
6166.96,100.0,21844.6,,,,,100.0,100.0,8263.4
6167.96,100.0,21944.6,,,,,100.0,100.0,8280.3
6168.96,0.0,21944.6,,,,,0.0,0.0,8280.3
6169.96,100.0,21903.3,,,,,100.0,100.0,8281.7
6170.96,100.0,21861.7,,,,,100.0,100.0,8281.9
6171.96,100.0,21820.0,,,,,100.0,100.0,8281.9
6172.96,0.0,21820.0,,,,,0.0,0.0,8281.9
6173.96,100.0,21719.9,,,,,100.0,100.0,8276.4
6174.96,0.0,21761.5,,,,,0.0,0.0,8265.5
6175.96,100.0,21803.0,,,,,100.0,100.0,8277.3
6176.96,100.0,21803.0,,,,,100.0,100.0,8277.4
6177.96,100.0,21803.0,,,,,100.0,100.0,8274.2
6178.96,0.0,21878.6,,,,,0.0,0.0,8278.0
6179.96,100.0,21944.6,,,,,100.0,100.0,8280.5
6180.96,100.0,21903.3,,,,,100.0,100.0,8281.9
6181.96,100.0,21861.7,,,,,100.0,100.0,8282.1
6182.96,0.0,21861.7,,,,,0.0,0.0,8282.1
6183.96,100.0,21820.0,,,,,100.0,100.0,8282.1
6184.96,100.0,21719.8,,,,,100.0,100.0,8263.6
6185.96,0.0,21761.5,,,,,0.0,0.0,8276.9
6186.96,100.0,21761.5,,,,,100.0,100.0,8264.9
6187.96,100.0,21782.3,,,,,100.0,100.0,8276.0
6188.96,0.0,21844.6,,,,,0.0,0.0,8263.1
6189.96,100.0,21844.6,,,,,100.0,100.0,8269.3
6190.96,100.0,21944.6,,,,,100.0,100.0,8280.8
6191.96,100.0,21903.3,,,,,100.0,100.0,8282.2
6192.96,0.0,21903.3,,,,,0.0,0.0,8282.2
6193.96,100.0,21861.7,,,,,100.0,100.0,8282.3
6194.96,100.0,21820.0,,,,,100.0,100.0,8282.3
6195.96,100.0,21719.8,,,,,100.0,100.0,8282.5
6196.96,0.0,21719.9,,,,,0.0,0.0,8263.5
6197.96,100.0,21761.5,,,,,100.0,100.0,8276.7
6198.96,0.0,21803.0,,,,,0.0,0.0,8263.0
6199.96,100.0,21803.0,,,,,100.0,100.0,8270.8
6200.96,100.0,21844.6,,,,,100.0,100.0,8271.4
6201.96,100.0,21944.6,,,,,100.0,100.0,8281.0
6202.96,0.0,21944.6,,,,,0.0,0.0,8281.0
6203.96,100.0,21903.3,,,,,100.0,100.0,8282.5
6204.96,100.0,21861.7,,,,,100.0,100.0,8282.7
6205.96,100.0,21820.0,,,,,100.0,100.0,8282.7
6206.96,0.0,21820.0,,,,,0.0,0.0,8282.7
6207.96,100.0,21719.9,,,,,100.0,100.0,8277.2
6208.96,0.0,21761.5,,,,,0.0,0.0,8277.2
6209.97,100.0,21803.0,,,,,100.0,100.0,8278.0
6210.97,100.0,21803.0,,,,,100.0,100.0,8270.4
6211.97,100.0,21803.0,,,,,100.0,100.0,8271.1
6212.97,0.0,21878.6,,,,,0.0,0.0,8278.7
6213.97,100.0,21944.6,,,,,100.0,100.0,8281.2
6214.97,100.0,21903.3,,,,,100.0,100.0,8282.7
6215.97,100.0,21861.7,,,,,100.0,100.0,8282.9
6216.97,0.0,21861.7,,,,,0.0,0.0,8282.9
6217.97,100.0,21820.0,,,,,100.0,100.0,8282.9
6218.97,100.0,21719.8,,,,,100.0,100.0,8263.9
6219.97,0.0,21761.5,,,,,0.0,0.0,8277.4
6220.97,100.0,21761.5,,,,,100.0,100.0,8264.8
6221.97,100.0,21782.3,,,,,100.0,100.0,8274.3
6222.97,0.0,21844.6,,,,,0.0,0.0,8279.1
6223.97,100.0,21844.6,,,,,100.0,100.0,8268.2
6224.97,100.0,21944.6,,,,,100.0,100.0,8281.4
6225.97,100.0,21903.3,,,,,100.0,100.0,8282.9
6226.97,0.0,21903.3,,,,,0.0,0.0,8282.9
6227.97,100.0,21861.7,,,,,100.0,100.0,8283.1
6228.97,100.0,21820.0,,,,,100.0,100.0,8283.1
6229.97,100.0,21719.8,,,,,100.0,100.0,8256.6
6230.97,0.0,21719.9,,,,,0.0,0.0,8263.8
6231.97,100.0,21740.7,,,,,100.0,100.0,8275.5
6232.97,0.0,21803.0,,,,,0.0,0.0,8264.2
6233.97,100.0,21803.0,,,,,100.0,100.0,8269.1
6234.97,100.0,21844.6,,,,,100.0,100.0,8260.4
6235.97,100.0,21944.6,,,,,100.0,100.0,8281.7
6236.97,0.0,21944.6,,,,,0.0,0.0,8281.7
6237.97,100.0,21903.3,,,,,100.0,100.0,8283.1
6238.97,100.0,21861.7,,,,,100.0,100.0,8283.3
6239.97,100.0,21820.0,,,,,100.0,100.0,8283.3
6240.97,0.0,21820.0,,,,,0.0,0.0,8283.3
6241.97,100.0,21719.9,,,,,100.0,100.0,8277.7
6242.97,0.0,21761.5,,,,,0.0,0.0,8278.1
6243.97,100.0,21761.5,,,,,100.0,100.0,8275.3
6244.97,100.0,21803.0,,,,,100.0,100.0,8278.9
6245.97,100.0,21803.0,,,,,100.0,100.0,8269.7
6246.97,0.0,21878.6,,,,,0.0,0.0,8279.4
6247.97,100.0,21944.6,,,,,100.0,100.0,8282.2
6248.97,100.0,21903.3,,,,,100.0,100.0,8283.4
6249.97,100.0,21861.7,,,,,100.0,100.0,8283.6
6250.97,0.0,21861.7,,,,,0.0,0.0,8283.6
6251.97,100.0,21820.0,,,,,100.0,100.0,8283.6
6252.97,100.0,21719.8,,,,,100.0,100.0,8264.7
6253.97,0.0,21761.5,,,,,0.0,0.0,8278.1
6254.97,100.0,21761.5,,,,,100.0,100.0,8264.5
6255.97,100.0,21761.5,,,,,100.0,100.0,8269.3
6256.97,0.0,21844.6,,,,,0.0,0.0,8279.8
6257.97,100.0,21844.6,,,,,100.0,100.0,8268.4
6258.97,100.0,21944.6,,,,,100.0,100.0,8282.1
6259.97,100.0,21903.3,,,,,100.0,100.0,8283.6
6260.97,0.0,21903.3,,,,,0.0,0.0,8283.6
6261.97,100.0,21861.7,,,,,100.0,100.0,8283.8
6262.97,100.0,21820.0,,,,,100.0,100.0,8283.8
6263.97,100.0,21719.8,,,,,100.0,100.0,8283.9
6264.97,0.0,21719.9,,,,,0.0,0.0,8263.9
6265.97,100.0,21740.7,,,,,100.0,100.0,8277.9
6266.97,0.0,21803.0,,,,,0.0,0.0,8265.0
6267.97,100.0,21803.0,,,,,100.0,100.0,8271.0
6268.97,100.0,21844.6,,,,,100.0,100.0,8263.5
6269.97,100.0,21944.6,,,,,100.0,100.0,8282.6
6270.97,0.0,21944.6,,,,,0.0,0.0,8282.6
6271.97,100.0,21903.3,,,,,100.0,100.0,8283.9
6272.97,100.0,21861.7,,,,,100.0,100.0,8284.1
6273.97,100.0,21820.0,,,,,100.0,100.0,8284.1
6274.97,0.0,21820.0,,,,,0.0,0.0,8284.1
6275.97,100.0,21719.9,,,,,100.0,100.0,8278.7
6276.97,0.0,21761.5,,,,,0.0,0.0,8271.2
6277.98,100.0,21761.5,,,,,100.0,100.0,8273.7
6278.98,100.0,21803.0,,,,,100.0,100.0,8279.7
6279.98,100.0,21803.0,,,,,100.0,100.0,8270.2
6280.98,0.0,21878.6,,,,,0.0,0.0,8279.9
6281.98,100.0,21944.6,,,,,100.0,100.0,8282.6
6282.98,100.0,21903.3,,,,,100.0,100.0,8283.9
6283.98,100.0,21861.7,,,,,100.0,100.0,8284.1
6284.98,0.0,21861.7,,,,,0.0,0.0,8284.1
6285.98,100.0,21820.0,,,,,100.0,100.0,8284.1
6286.98,100.0,21719.8,,,,,100.0,100.0,8265.3
6287.98,0.0,21757.7,,,,,0.0,0.0,8278.7
6288.98,100.0,21761.5,,,,,100.0,100.0,8265.6
6289.98,100.0,21761.5,,,,,100.0,100.0,8273.6
6290.98,0.0,21844.6,,,,,0.0,0.0,8280.6
6291.98,100.0,21844.6,,,,,100.0,100.0,8269.6
6292.98,100.0,21944.6,,,,,100.0,100.0,8282.9
6293.98,100.0,21903.1,,,,,100.0,100.0,8284.3
6294.98,0.0,21903.3,,,,,0.0,0.0,8284.4
6295.98,100.0,21861.7,,,,,100.0,100.0,8284.6
6296.98,100.0,21820.0,,,,,100.0,100.0,8284.6
6297.98,100.0,21719.9,,,,,100.0,100.0,8284.6
6298.98,1.23,21719.9,,,,,1.22,1.23,8263.9
6299.98,100.0,21737.8,,,,,100.0,100.0,8276.8
6300.98,0.0,21803.0,,,,,0.0,0.0,8265.8
6301.98,100.0,21803.0,,,,,100.0,100.0,8271.2
6302.98,100.0,21844.6,,,,,100.0,100.0,8280.7
6303.98,100.0,21840.2,,,,,100.0,100.0,8281.1
6304.98,0.0,21944.6,,,,,0.0,0.0,8283.0
6305.98,100.0,21903.3,,,,,100.0,100.0,8284.5
6306.98,100.0,21861.7,,,,,100.0,100.0,8284.6
6307.98,0.0,21861.7,,,,,0.0,0.0,8284.6
6308.98,100.0,21820.0,,,,,100.0,100.0,8284.6
6309.98,100.0,21719.9,,,,,100.0,100.0,8279.0
6310.98,0.0,21761.5,,,,,0.0,0.0,8279.3
6311.98,100.0,21761.5,,,,,100.0,100.0,8271.1
6312.98,100.0,21803.0,,,,,100.0,100.0,8280.2
6313.98,0.0,21844.6,,,,,0.0,0.0,8269.7
6314.98,100.0,21878.6,,,,,100.0,100.0,8280.4
6315.98,100.0,21944.6,,,,,100.0,100.0,8283.3
6316.98,100.0,21903.3,,,,,100.0,100.0,8284.7
6317.98,0.0,21903.3,,,,,0.0,0.0,8284.7
6318.98,100.0,21861.7,,,,,100.0,100.0,8284.9
6319.98,100.0,21820.0,,,,,100.0,100.0,8284.9
6320.98,100.0,21719.8,,,,,100.0,100.0,8264.8
6321.98,0.0,21740.7,,,,,0.0,0.0,8277.0
6322.98,100.0,21761.5,,,,,100.0,100.0,8279.7
6323.98,0.0,21803.0,,,,,0.0,0.0,8273.2
6324.98,100.0,21844.6,,,,,100.0,100.0,8281.3
6325.98,100.0,21844.6,,,,,100.0,100.0,8270.2
6326.98,100.0,21944.6,,,,,100.0,100.0,8283.3
6327.98,0.0,21944.6,,,,,0.0,0.0,8283.3
6328.98,100.0,21903.3,,,,,100.0,100.0,8284.6
6329.98,100.0,21861.7,,,,,100.0,100.0,8284.8
6330.98,100.0,21820.0,,,,,100.0,100.0,8284.9
6331.98,0.0,21820.0,,,,,0.0,0.0,8284.9
6332.98,100.0,21719.9,,,,,100.0,100.0,8264.9
6333.98,0.0,21761.5,,,,,0.0,0.0,8273.1
6334.98,100.0,21803.0,,,,,100.0,100.0,8264.0
6335.98,100.0,21803.0,,,,,100.0,100.0,8270.2
6336.98,100.0,21844.6,,,,,100.0,100.0,8281.5
6337.98,0.0,21878.6,,,,,0.0,0.0,8281.4
6338.98,100.0,21944.6,,,,,100.0,100.0,8283.9
6339.98,100.0,21903.3,,,,,100.0,100.0,8285.3
6340.98,100.0,21861.7,,,,,100.0,100.0,8285.5
6341.98,0.0,21861.7,,,,,0.0,0.0,8285.5
6342.98,100.0,21820.0,,,,,100.0,100.0,8285.5
6343.98,100.0,21702.8,,,,,100.0,100.0,8276.7
6344.99,0.0,21761.5,,,,,0.0,0.0,8272.7
6345.99,100.0,21761.5,,,,,100.0,100.0,8272.8
6346.99,100.0,21803.0,,,,,100.0,100.0,8271.6
6347.99,0.0,21844.6,,,,,0.0,0.0,8269.7
6348.99,100.0,21878.6,,,,,100.0,100.0,8281.2
6349.99,100.0,21944.6,,,,,100.0,100.0,8284.0
6350.99,100.0,21903.3,,,,,100.0,100.0,8285.4
6351.99,0.0,21903.3,,,,,0.0,0.0,8285.4
6352.99,100.0,21861.7,,,,,100.0,100.0,8285.6
6353.99,100.0,21820.0,,,,,100.0,100.0,8285.7
6354.99,100.0,21719.8,,,,,100.0,100.0,8265.1
6355.99,0.0,21719.9,,,,,0.0,0.0,8273.3
6356.99,100.0,21761.5,,,,,100.0,100.0,8280.4
6357.99,0.0,21803.0,,,,,0.0,0.0,8270.3
6358.99,100.0,21844.6,,,,,100.0,100.0,8281.8
6359.99,100.0,21844.6,,,,,100.0,100.0,8268.1
6360.99,100.0,21944.6,,,,,100.0,100.0,8284.3
6361.99,0.0,21944.6,,,,,0.0,0.0,8284.3
6362.99,100.0,21903.3,,,,,100.0,100.0,8285.7
6363.99,100.0,21861.7,,,,,100.0,100.0,8285.9
6364.99,100.0,21820.0,,,,,100.0,100.0,8285.9
6365.99,0.0,21820.0,,,,,0.0,0.0,8285.9
6366.99,100.0,21719.9,,,,,100.0,100.0,8265.4
6367.99,0.0,21761.5,,,,,0.0,0.0,8272.9
6368.99,100.0,21803.0,,,,,100.0,100.0,8263.4
6369.99,100.0,21803.0,,,,,100.0,100.0,8269.3
6370.99,100.0,21844.6,,,,,100.0,100.0,8282.2
6371.99,0.0,21878.6,,,,,0.0,0.0,8282.1
6372.99,100.0,21944.6,,,,,100.0,100.0,8284.6
6373.99,100.0,21903.3,,,,,100.0,100.0,8286.0
6374.99,100.0,21861.7,,,,,100.0,100.0,8286.2
6375.99,0.0,21861.7,,,,,0.0,0.0,8286.2
6376.99,100.0,21820.0,,,,,100.0,100.0,8286.2
6377.99,100.0,21719.8,,,,,100.0,100.0,8275.1
6378.99,0.0,21761.5,,,,,0.0,0.0,8265.2
6379.99,100.0,21761.5,,,,,100.0,100.0,8271.9
6380.99,100.0,21803.0,,,,,100.0,100.0,8263.3
6381.99,0.0,21844.6,,,,,0.0,0.0,8270.1
6382.99,100.0,21878.6,,,,,100.0,100.0,8281.9
6383.99,100.0,21944.6,,,,,100.0,100.0,8284.7
6384.99,100.0,21903.3,,,,,100.0,100.0,8286.2
6385.99,0.0,21903.3,,,,,0.0,0.0,8286.2
6386.99,100.0,21861.7,,,,,100.0,100.0,8286.4
6387.99,100.0,21820.0,,,,,100.0,100.0,8286.4
6388.99,100.0,21719.8,,,,,100.0,100.0,8286.6
6389.99,0.0,21719.9,,,,,0.0,0.0,8275.1
6390.99,100.0,21761.5,,,,,100.0,100.0,8281.0
6391.99,0.0,21803.0,,,,,0.0,0.0,8271.5
6392.99,100.0,21844.6,,,,,100.0,100.0,8282.6
6393.99,100.0,21844.6,,,,,100.0,100.0,8270.2
6394.99,100.0,21944.6,,,,,100.0,100.0,8285.1
6395.99,0.0,21944.6,,,,,0.0,0.0,8285.1
6396.99,100.0,21903.3,,,,,100.0,100.0,8286.4
6397.99,100.0,21861.7,,,,,100.0,100.0,8286.6
6398.99,100.0,21820.0,,,,,100.0,100.0,8286.6
6399.99,0.0,21820.0,,,,,0.0,0.0,8286.6
6400.99,100.0,21719.9,,,,,100.0,100.0,8266.4
6401.99,0.0,21761.5,,,,,0.0,0.0,8272.1
6402.99,100.0,21803.0,,,,,100.0,100.0,8282.1
6403.99,100.0,21803.0,,,,,100.0,100.0,8270.0
6404.99,100.0,21823.8,,,,,100.0,100.0,8280.5
6405.99,0.0,21878.6,,,,,0.0,0.0,8282.7
6406.99,100.0,21944.6,,,,,100.0,100.0,8285.3
6407.99,100.0,21903.3,,,,,100.0,100.0,8286.7
6408.99,100.0,21861.7,,,,,100.0,100.0,8286.9
6409.99,0.0,21861.7,,,,,0.0,0.0,8286.9
6411.0,100.0,21820.0,,,,,100.0,100.0,8286.9
6412.0,100.0,21719.8,,,,,100.0,100.0,8273.8
6413.0,0.0,21761.5,,,,,0.0,0.0,8274.1
6414.0,100.0,21761.5,,,,,100.0,100.0,8276.2
6415.0,100.0,21799.3,,,,,100.0,100.0,8272.7
6416.0,0.0,21844.6,,,,,0.0,0.0,8277.7
6417.0,100.0,21861.6,,,,,100.0,100.0,8278.7
6418.0,100.0,21944.6,,,,,100.0,100.0,8285.4
6419.0,100.0,21903.3,,,,,100.0,100.0,8286.9
6420.0,0.0,21903.3,,,,,0.0,0.0,8286.9
6421.0,100.0,21861.7,,,,,100.0,100.0,8287.1
6422.0,100.0,21820.0,,,,,100.0,100.0,8287.1
6423.0,100.0,21719.8,,,,,100.0,100.0,8287.3
6424.0,0.0,21719.9,,,,,0.0,0.0,8274.7
6425.0,100.0,21761.5,,,,,100.0,100.0,8282.3
6426.0,0.0,21803.0,,,,,0.0,0.0,8271.7
6427.0,100.0,21844.6,,,,,100.0,100.0,8283.4
6428.0,100.0,21844.6,,,,,100.0,100.0,8283.5
6429.0,100.0,21944.6,,,,,100.0,100.0,8285.8
6430.0,0.0,21944.6,,,,,0.0,0.0,8285.8
6431.0,100.0,21903.3,,,,,100.0,100.0,8287.2
6432.0,100.0,21861.7,,,,,100.0,100.0,8287.4
6433.0,100.0,21820.0,,,,,100.0,100.0,8287.4
6434.0,0.0,21820.0,,,,,0.0,0.0,8287.4
6435.0,100.0,21719.9,,,,,100.0,100.0,8265.1
6436.0,0.0,21761.5,,,,,0.0,0.0,8271.0
6437.0,100.0,21803.0,,,,,100.0,100.0,8282.8
6438.0,100.0,21803.0,,,,,100.0,100.0,8270.3
6439.0,100.0,21844.6,,,,,100.0,100.0,8283.5
6440.0,0.0,21878.6,,,,,0.0,0.0,8283.6
6441.0,100.0,21944.6,,,,,100.0,100.0,8286.1
6442.0,100.0,21903.3,,,,,100.0,100.0,8287.5
6443.0,100.0,21861.7,,,,,100.0,100.0,8287.7
6444.0,0.0,21861.7,,,,,0.0,0.0,8287.7
6445.0,100.0,21820.0,,,,,100.0,100.0,8287.7
6446.0,100.0,21719.8,,,,,100.0,100.0,8272.4
6447.0,0.0,21761.5,,,,,0.0,0.0,8265.6
6448.0,100.0,21761.5,,,,,100.0,100.0,8271.1
6449.0,100.0,21803.0,,,,,100.0,100.0,8264.3
6450.0,0.0,21844.6,,,,,0.0,0.0,8271.3
6451.0,100.0,21878.6,,,,,100.0,100.0,8283.3
6452.0,100.0,21944.6,,,,,100.0,100.0,8286.1
6453.0,100.0,21903.3,,,,,100.0,100.0,8287.5
6454.0,0.0,21903.3,,,,,0.0,0.0,8287.5
6455.0,100.0,21861.7,,,,,100.0,100.0,8287.7
6456.0,100.0,21820.0,,,,,100.0,100.0,8287.7
6457.0,100.0,21719.8,,,,,100.0,100.0,8287.9
6458.0,0.0,21719.9,,,,,0.0,0.0,8272.9
6459.0,100.0,21761.5,,,,,100.0,100.0,8282.6
6460.0,0.0,21803.0,,,,,0.0,0.0,8271.9
6461.0,100.0,21844.6,,,,,100.0,100.0,8283.9
6462.0,100.0,21844.6,,,,,100.0,100.0,8284.2
6463.0,100.0,21944.6,,,,,100.0,100.0,8286.6
6464.0,0.0,21944.6,,,,,0.0,0.0,8286.6
6465.0,100.0,21903.3,,,,,100.0,100.0,8287.9
6466.0,100.0,21861.7,,,,,100.0,100.0,8288.0
6467.0,100.0,21820.0,,,,,100.0,100.0,8288.0
6468.0,0.0,21820.0,,,,,0.0,0.0,8288.0
6469.0,100.0,21719.9,,,,,100.0,100.0,8282.7
6470.0,0.0,21761.5,,,,,0.0,0.0,8271.1
6471.0,100.0,21803.0,,,,,100.0,100.0,8283.7
6472.0,100.0,21803.0,,,,,100.0,100.0,8270.8
6473.0,100.0,21823.8,,,,,100.0,100.0,8280.7
6474.0,0.0,21878.6,,,,,0.0,0.0,8284.4
6475.0,100.0,21944.6,,,,,100.0,100.0,8286.8
6476.0,100.0,21903.3,,,,,100.0,100.0,8288.1
6477.0,100.0,21861.7,,,,,100.0,100.0,8288.3
6478.01,0.0,21861.7,,,,,0.0,0.0,8288.3
6479.01,100.0,21820.0,,,,,100.0,100.0,8288.3
6480.01,100.0,21719.8,,,,,100.0,100.0,8271.2
6481.01,0.0,21761.5,,,,,0.0,0.0,8263.6
6482.01,100.0,21761.5,,,,,100.0,100.0,8270.0
6483.01,100.0,21782.3,,,,,100.0,100.0,8281.5
6484.01,0.0,21844.6,,,,,0.0,0.0,8276.9
6485.01,100.0,21844.6,,,,,100.0,100.0,8274.5
6486.01,100.0,21944.6,,,,,100.0,100.0,8287.1
6487.01,100.0,21903.3,,,,,100.0,100.0,8288.4
6488.01,0.0,21903.3,,,,,0.0,0.0,8288.4
6489.01,100.0,21861.7,,,,,100.0,100.0,8288.6
6490.01,100.0,21820.0,,,,,100.0,100.0,8288.6
6491.01,100.0,21719.8,,,,,100.0,100.0,8288.8
6492.01,0.0,21719.9,,,,,0.0,0.0,8271.9
6493.01,100.0,21761.5,,,,,100.0,100.0,8283.2
6494.01,0.0,21803.0,,,,,0.0,0.0,8284.1
6495.01,100.0,21820.0,,,,,100.0,100.0,8280.5
6496.01,100.0,21844.6,,,,,100.0,100.0,8284.9
6497.01,100.0,21944.6,,,,,100.0,100.0,8287.2
6498.01,0.0,21944.6,,,,,0.0,0.0,8287.2
6499.01,100.0,21903.3,,,,,100.0,100.0,8288.6
6500.01,100.0,21861.7,,,,,100.0,100.0,8288.8
6501.01,100.0,21820.0,,,,,100.0,100.0,8288.8
6502.01,0.0,21820.0,,,,,0.0,0.0,8288.8
6503.01,100.0,21719.9,,,,,100.0,100.0,8283.5
6504.01,0.0,21761.5,,,,,0.0,0.0,8270.7
6505.01,100.0,21782.3,,,,,100.0,100.0,8282.6
6506.01,100.0,21803.0,,,,,100.0,100.0,8269.8
6507.01,100.0,21803.0,,,,,100.0,100.0,8277.9
6508.01,0.0,21878.6,,,,,0.0,0.0,8285.1
6509.01,100.0,21944.6,,,,,100.0,100.0,8287.6
6510.01,100.0,21903.3,,,,,100.0,100.0,8288.9
6511.01,100.0,21861.7,,,,,100.0,100.0,8289.1
6512.01,0.0,21861.7,,,,,0.0,0.0,8289.1
6513.01,100.0,21820.0,,,,,100.0,100.0,8289.1
6514.01,100.0,21719.8,,,,,100.0,100.0,8270.9
6515.01,0.0,21761.5,,,,,0.0,0.0,8264.8
6516.01,100.0,21761.5,,,,,100.0,100.0,8270.9
6517.01,100.0,21803.0,,,,,100.0,100.0,8284.7
6518.01,0.0,21844.6,,,,,0.0,0.0,8271.7
6519.01,100.0,21844.6,,,,,100.0,100.0,8278.9
6520.01,100.0,21944.6,,,,,100.0,100.0,8287.7
6521.01,100.0,21903.3,,,,,100.0,100.0,8289.0
6522.01,0.0,21903.3,,,,,0.0,0.0,8289.0
6523.01,100.0,21861.7,,,,,100.0,100.0,8289.2
6524.01,100.0,21820.0,,,,,100.0,100.0,8289.2
6525.01,100.0,21719.8,,,,,100.0,100.0,8289.4
6526.01,0.0,21719.9,,,,,0.0,0.0,8272.2
6527.01,100.0,21761.5,,,,,100.0,100.0,8283.9
6528.01,0.0,21803.0,,,,,0.0,0.0,8284.7
6529.01,100.0,21803.0,,,,,100.0,100.0,8279.9
6530.01,100.0,21844.6,,,,,100.0,100.0,8285.5
6531.01,100.0,21944.6,,,,,100.0,100.0,8287.8
6532.01,0.0,21944.6,,,,,0.0,0.0,8287.8
6533.01,100.0,21903.3,,,,,100.0,100.0,8289.4
6534.01,100.0,21861.7,,,,,100.0,100.0,8289.5
6535.01,100.0,21820.0,,,,,100.0,100.0,8289.6
6536.01,0.0,21820.0,,,,,0.0,0.0,8289.6
6537.01,100.0,21719.9,,,,,100.0,100.0,8284.2
6538.01,0.0,21761.5,,,,,0.0,0.0,8272.1
6539.01,100.0,21803.0,,,,,100.0,100.0,8284.8
6540.01,100.0,21803.0,,,,,100.0,100.0,8271.4
6541.01,100.0,21803.0,,,,,100.0,100.0,8281.3
6542.01,0.0,21878.6,,,,,0.0,0.0,8285.7
6543.01,100.0,21944.6,,,,,100.0,100.0,8288.2
6544.02,100.0,21903.3,,,,,100.0,100.0,8289.6
6545.02,100.0,21861.7,,,,,100.0,100.0,8289.7
6546.02,0.0,21861.7,,,,,0.0,0.0,8289.7
6547.02,100.0,21820.0,,,,,100.0,100.0,8289.8
6548.02,100.0,21719.8,,,,,100.0,100.0,8270.8
6549.02,0.0,21761.5,,,,,0.0,0.0,8284.6
6550.02,100.0,21761.5,,,,,100.0,100.0,8270.5
6551.02,100.0,21761.5,,,,,100.0,100.0,8282.6
6552.02,0.0,21844.6,,,,,0.0,0.0,8271.1
6553.02,100.0,21844.6,,,,,100.0,100.0,8275.8
6554.02,100.0,21944.6,,,,,100.0,100.0,8288.5
6555.02,100.0,21903.3,,,,,100.0,100.0,8289.9
6556.02,0.0,21903.3,,,,,0.0,0.0,8289.9
6557.02,100.0,21861.7,,,,,100.0,100.0,8290.0
6558.02,100.0,21820.0,,,,,100.0,100.0,8290.1
6559.02,100.0,21719.8,,,,,100.0,100.0,8290.2
6560.02,0.0,21719.9,,,,,0.0,0.0,8272.2
6561.02,100.0,21761.5,,,,,100.0,100.0,8284.7
6562.02,0.0,21803.0,,,,,0.0,0.0,8278.5
6563.02,100.0,21803.0,,,,,100.0,100.0,8279.9
6564.02,100.0,21844.6,,,,,100.0,100.0,8277.9
6565.02,100.0,21944.6,,,,,100.0,100.0,8288.7
6566.02,0.0,21944.6,,,,,0.0,0.0,8288.7
6567.02,100.0,21903.3,,,,,100.0,100.0,8290.1
6568.02,100.0,21861.7,,,,,100.0,100.0,8290.2
6569.02,100.0,21820.0,,,,,100.0,100.0,8290.2
6570.02,0.0,21820.0,,,,,0.0,0.0,8290.2
6571.02,100.0,21719.9,,,,,100.0,100.0,8284.9
6572.02,0.0,21761.5,,,,,0.0,0.0,8272.4
6573.02,100.0,21782.3,,,,,100.0,100.0,8284.8
6574.02,100.0,21803.0,,,,,100.0,100.0,8271.7
6575.02,100.0,21803.0,,,,,100.0,100.0,8278.8
6576.02,0.0,21878.6,,,,,0.0,0.0,8286.6
6577.02,100.0,21944.6,,,,,100.0,100.0,8289.1
6578.02,100.0,21903.3,,,,,100.0,100.0,8290.4
6579.02,100.0,21861.7,,,,,100.0,100.0,8290.6
6580.02,0.0,21861.7,,,,,0.0,0.0,8290.6
6581.02,100.0,21820.0,,,,,100.0,100.0,8290.6
6582.02,100.0,21719.8,,,,,100.0,100.0,8270.8
6583.02,0.0,21761.5,,,,,0.0,0.0,8285.2
6584.02,100.0,21761.5,,,,,100.0,100.0,8270.2
6585.02,100.0,21761.5,,,,,100.0,100.0,8281.8
6586.02,0.0,21844.6,,,,,0.0,0.0,8270.1
6587.02,100.0,21844.6,,,,,100.0,100.0,8275.9
6588.02,100.0,21944.6,,,,,100.0,100.0,8289.2
6589.02,100.0,21903.3,,,,,100.0,100.0,8290.7
6590.02,0.0,21903.3,,,,,0.0,0.0,8290.7
6591.02,100.0,21861.7,,,,,100.0,100.0,8290.8
6592.02,100.0,21820.0,,,,,100.0,100.0,8290.8
6593.02,100.0,21719.8,,,,,100.0,100.0,8291.0
6594.02,0.0,21719.9,,,,,0.0,0.0,8285.6
6595.02,100.0,21761.5,,,,,100.0,100.0,8283.4
6596.02,0.0,21803.0,,,,,0.0,0.0,8286.2
6597.02,100.0,21803.0,,,,,100.0,100.0,8279.6
6598.02,100.0,21844.6,,,,,100.0,100.0,8284.3
6599.02,100.0,21944.6,,,,,100.0,100.0,8289.5
6600.02,0.0,21944.6,,,,,0.0,0.0,8289.5
6601.02,100.0,21903.3,,,,,100.0,100.0,8290.9
6602.02,100.0,21861.7,,,,,100.0,100.0,8291.1
6603.02,100.0,21820.0,,,,,100.0,100.0,8291.1
6604.02,0.0,21820.0,,,,,0.0,0.0,8291.1
6605.02,100.0,21719.9,,,,,100.0,100.0,8285.5
6606.02,0.0,21761.5,,,,,0.0,0.0,8272.9
6607.02,100.0,21782.3,,,,,100.0,100.0,8284.4
6608.02,100.0,21803.0,,,,,100.0,100.0,8287.1
6609.02,100.0,21823.8,,,,,100.0,100.0,8271.1
6610.02,0.0,21878.6,,,,,0.0,0.0,8287.2
6611.03,100.0,21944.6,,,,,100.0,100.0,8289.7
6612.03,100.0,21903.3,,,,,100.0,100.0,8291.1
6613.03,100.0,21861.7,,,,,100.0,100.0,8291.3
6614.03,0.0,21861.7,,,,,0.0,0.0,8291.3
6615.03,100.0,21820.0,,,,,100.0,100.0,8291.3
6616.03,100.0,21719.8,,,,,100.0,100.0,8270.9
6617.03,0.0,21761.5,,,,,0.0,0.0,8286.0
6618.03,100.0,21761.5,,,,,100.0,100.0,8272.4
6619.03,100.0,21782.3,,,,,100.0,100.0,8281.8
6620.03,0.0,21844.6,,,,,0.0,0.0,8270.6
6621.03,100.0,21844.6,,,,,100.0,100.0,8275.4
6622.03,100.0,21944.6,,,,,100.0,100.0,8290.0
6623.03,100.0,21903.3,,,,,100.0,100.0,8291.4
6624.03,0.0,21903.3,,,,,0.0,0.0,8291.4
6625.03,100.0,21861.7,,,,,100.0,100.0,8291.6
6626.03,100.0,21820.0,,,,,100.0,100.0,8291.6
6627.03,100.0,21719.8,,,,,100.0,100.0,8291.7
6628.03,0.0,21719.9,,,,,0.0,0.0,8286.3
6629.03,100.0,21719.9,,,,,100.0,100.0,8284.4
6630.03,0.0,21803.0,,,,,0.0,0.0,8279.5
6631.03,100.0,21803.0,,,,,100.0,100.0,8276.0
6632.03,100.0,21844.6,,,,,100.0,100.0,8287.9
6633.03,100.0,21944.6,,,,,100.0,100.0,8290.2
6634.03,0.0,21944.6,,,,,0.0,0.0,8290.2
6635.03,100.0,21903.3,,,,,100.0,100.0,8291.6
6636.03,100.0,21861.7,,,,,100.0,100.0,8291.8
6637.03,100.0,21820.0,,,,,100.0,100.0,8291.8
6638.03,0.0,21820.0,,,,,0.0,0.0,8291.8
6639.03,100.0,21719.9,,,,,100.0,100.0,8286.1
6640.03,0.0,21761.5,,,,,0.0,0.0,8272.6
6641.03,100.0,21761.5,,,,,100.0,100.0,8281.1
6642.03,100.0,21803.0,,,,,100.0,100.0,8287.3
6643.03,100.0,21803.0,,,,,100.0,100.0,8277.3
6644.03,0.0,21878.6,,,,,0.0,0.0,8287.7
6645.03,100.0,21944.6,,,,,100.0,100.0,8290.5
6646.03,100.0,21903.3,,,,,100.0,100.0,8291.8
6647.03,100.0,21861.7,,,,,100.0,100.0,8292.0
6648.03,0.0,21861.7,,,,,0.0,0.0,8292.0
6649.03,100.0,21820.0,,,,,100.0,100.0,8292.0
6650.03,100.0,21719.8,,,,,100.0,100.0,8270.8
6651.03,0.0,21740.7,,,,,0.0,0.0,8284.6
6652.03,100.0,21761.5,,,,,100.0,100.0,8271.7
6653.03,100.0,21761.5,,,,,100.0,100.0,8277.7
6654.03,0.0,21844.6,,,,,0.0,0.0,8269.9
6655.03,100.0,21844.6,,,,,100.0,100.0,8275.3
6656.03,100.0,21944.6,,,,,100.0,100.0,8290.8
6657.03,100.0,21903.0,,,,,100.0,100.0,8291.3
6658.03,0.0,21903.3,,,,,0.0,0.0,8292.1
6659.03,100.0,21861.7,,,,,100.0,100.0,8292.3
6660.03,100.0,21820.0,,,,,100.0,100.0,8292.3
6661.03,0.0,21820.0,,,,,0.0,0.0,8292.3
6662.03,100.0,21719.9,,,,,100.0,100.0,8278.6
6663.03,100.0,21740.7,,,,,100.0,100.0,8282.9
6664.03,0.0,21803.0,,,,,0.0,0.0,8280.6
6665.03,100.0,21803.0,,,,,100.0,100.0,8279.4
6666.03,100.0,21844.6,,,,,100.0,100.0,8279.3
6667.03,0.0,21878.6,,,,,0.0,0.0,8288.5
6668.03,100.0,21944.6,,,,,100.0,100.0,8291.1
6669.03,100.0,21903.3,,,,,100.0,100.0,8292.4
6670.03,100.0,21861.7,,,,,100.0,100.0,8292.5
6671.03,0.0,21861.7,,,,,0.0,0.0,8292.5
6672.03,100.0,21820.0,,,,,100.0,100.0,8292.5
6673.03,100.0,21721.8,,,,,100.0,100.0,8287.0
6674.03,0.0,21761.5,,,,,0.0,0.0,8287.6
6675.03,100.0,21761.5,,,,,100.0,100.0,8277.0
6676.04,100.0,21803.0,,,,,100.0,100.0,8288.1
6677.04,0.0,21844.6,,,,,0.0,0.0,8276.3
6678.04,100.0,21878.6,,,,,100.0,100.0,8288.5
6679.04,100.0,21944.6,,,,,100.0,100.0,8291.4
6680.04,100.0,21903.3,,,,,100.0,100.0,8292.6
6681.04,0.0,21903.3,,,,,0.0,0.0,8292.6
6682.04,100.0,21861.7,,,,,100.0,100.0,8292.8
6683.04,100.0,21820.0,,,,,100.0,100.0,8292.8
6684.04,100.0,21719.8,,,,,100.0,100.0,8271.7
6685.04,0.0,21719.9,,,,,0.0,0.0,8281.4
6686.04,100.0,21761.5,,,,,100.0,100.0,8269.7
6687.04,0.0,21803.0,,,,,0.0,0.0,8277.1
6688.04,100.0,21844.6,,,,,100.0,100.0,8289.0
6689.04,100.0,21844.6,,,,,100.0,100.0,8274.9
6690.04,100.0,21944.6,,,,,100.0,100.0,8291.6
6691.04,0.0,21944.6,,,,,0.0,0.0,8291.6
6692.04,100.0,21903.3,,,,,100.0,100.0,8292.9
6693.04,100.0,21861.7,,,,,100.0,100.0,8293.1
6694.04,100.0,21820.0,,,,,100.0,100.0,8293.1
6695.04,0.0,21820.0,,,,,0.0,0.0,8293.1
6696.04,100.0,21719.9,,,,,100.0,100.0,8287.9
6697.04,0.0,21761.5,,,,,0.0,0.0,8281.8
6698.04,100.0,21803.0,,,,,100.0,100.0,8279.3
6699.04,100.0,21803.0,,,,,100.0,100.0,8276.1
6700.04,100.0,21844.6,,,,,100.0,100.0,8279.6
6701.04,0.0,21878.6,,,,,0.0,0.0,8288.4
6702.04,100.0,21944.6,,,,,100.0,100.0,8291.2
6703.04,100.0,21903.3,,,,,100.0,100.0,8292.4
6704.04,100.0,21861.7,,,,,100.0,100.0,8292.6
6705.04,0.0,21861.7,,,,,0.0,0.0,8292.6
6706.04,100.0,21820.0,,,,,100.0,100.0,8292.6
6707.04,100.0,21719.8,,,,,100.0,100.0,8281.1
6708.04,0.0,21761.5,,,,,0.0,0.0,8287.4
6709.04,100.0,21761.5,,,,,100.0,100.0,8278.6
6710.04,100.0,21803.0,,,,,100.0,100.0,8288.3
6711.04,0.0,21844.6,,,,,0.0,0.0,8277.9
6712.04,100.0,21861.6,,,,,100.0,100.0,8284.8
6713.04,100.0,21944.6,,,,,100.0,100.0,8291.7
6714.04,100.0,21903.3,,,,,100.0,100.0,8292.9
6715.04,0.0,21903.3,,,,,0.0,0.0,8292.9
6716.04,100.0,21861.7,,,,,100.0,100.0,8293.1
6717.04,100.0,21820.0,,,,,100.0,100.0,8293.1
6718.04,100.0,21719.8,,,,,100.0,100.0,8273.1
6719.04,0.0,21719.9,,,,,0.0,0.0,8280.9
6720.04,100.0,21761.5,,,,,100.0,100.0,8271.7
6721.04,0.0,21803.0,,,,,0.0,0.0,8277.2
6722.04,100.0,21844.6,,,,,100.0,100.0,8289.5
6723.04,100.0,21844.6,,,,,100.0,100.0,8276.3
6724.04,100.0,21944.6,,,,,100.0,100.0,8292.0
6725.04,0.0,21944.6,,,,,0.0,0.0,8292.0
6726.04,100.0,21903.3,,,,,100.0,100.0,8293.2
6727.04,100.0,21861.7,,,,,100.0,100.0,8293.4
6728.04,100.0,21820.0,,,,,100.0,100.0,8293.4
6729.04,0.0,21820.0,,,,,0.0,0.0,8293.4
6730.04,100.0,21719.9,,,,,100.0,100.0,8280.5
6731.04,0.0,21761.5,,,,,0.0,0.0,8278.4
6732.04,100.0,21803.0,,,,,100.0,100.0,8288.8
6733.04,100.0,21803.0,,,,,100.0,100.0,8288.9
6734.04,100.0,21823.8,,,,,100.0,100.0,8276.9
6735.04,0.0,21878.6,,,,,0.0,0.0,8289.7
6736.04,100.0,21944.6,,,,,100.0,100.0,8292.3
6737.04,100.0,21903.3,,,,,100.0,100.0,8293.5
6738.04,100.0,21861.7,,,,,100.0,100.0,8293.7
6739.04,0.0,21861.7,,,,,0.0,0.0,8293.7
6740.04,100.0,21820.0,,,,,100.0,100.0,8293.7
6741.05,100.0,21719.8,,,,,100.0,100.0,8281.2
6742.05,0.0,21761.5,,,,,0.0,0.0,8288.5
6743.05,100.0,21761.5,,,,,100.0,100.0,8279.2
6744.05,100.0,21803.0,,,,,100.0,100.0,8289.2
6745.05,0.0,21844.6,,,,,0.0,0.0,8278.7
6746.05,100.0,21878.6,,,,,100.0,100.0,8289.6
6747.05,100.0,21944.6,,,,,100.0,100.0,8292.5
6748.05,100.0,21903.3,,,,,100.0,100.0,8293.7
6749.05,0.0,21903.3,,,,,0.0,0.0,8293.7
6750.05,100.0,21861.7,,,,,100.0,100.0,8293.9
6751.05,100.0,21820.0,,,,,100.0,100.0,8293.9
6752.05,100.0,21719.8,,,,,100.0,100.0,8273.4
6753.05,0.0,21719.9,,,,,0.0,0.0,8281.1
6754.05,100.0,21761.5,,,,,100.0,100.0,8288.8
6755.05,0.0,21803.0,,,,,0.0,0.0,8278.8
6756.05,100.0,21844.6,,,,,100.0,100.0,8290.2
6757.05,100.0,21844.6,,,,,100.0,100.0,8278.6
6758.05,100.0,21944.6,,,,,100.0,100.0,8292.7
6759.05,0.0,21944.6,,,,,0.0,0.0,8292.7
6760.05,100.0,21903.3,,,,,100.0,100.0,8294.0
6761.05,100.0,21861.7,,,,,100.0,100.0,8294.2
6762.05,100.0,21820.0,,,,,100.0,100.0,8294.2
6763.05,0.0,21820.0,,,,,0.0,0.0,8294.2
6764.05,100.0,21719.9,,,,,100.0,100.0,8271.9
6765.05,0.0,21761.5,,,,,0.0,0.0,8279.0
6766.05,100.0,21803.0,,,,,100.0,100.0,8271.2
6767.05,100.0,21803.0,,,,,100.0,100.0,8278.0
6768.05,100.0,21844.6,,,,,100.0,100.0,8290.6
6769.05,0.0,21878.6,,,,,0.0,0.0,8290.5
6770.05,100.0,21944.6,,,,,100.0,100.0,8293.0
6771.05,100.0,21903.3,,,,,100.0,100.0,8294.1
6772.05,100.0,21861.7,,,,,100.0,100.0,8294.3
6773.05,0.0,21861.7,,,,,0.0,0.0,8294.3
6774.05,100.0,21820.0,,,,,100.0,100.0,8294.3
6775.05,100.0,21719.8,,,,,100.0,100.0,8280.5
6776.05,0.0,21761.5,,,,,0.0,0.0,8289.4
6777.05,100.0,21761.5,,,,,100.0,100.0,8279.6
6778.05,100.0,21803.0,,,,,100.0,100.0,8290.1
6779.05,0.0,21844.6,,,,,0.0,0.0,8290.9
6780.05,100.0,21878.6,,,,,100.0,100.0,8290.4
6781.05,100.0,21944.6,,,,,100.0,100.0,8293.3
6782.05,100.0,21903.3,,,,,100.0,100.0,8294.5
6783.05,0.0,21903.3,,,,,0.0,0.0,8294.5
6784.05,100.0,21861.7,,,,,100.0,100.0,8294.7
6785.05,100.0,21820.0,,,,,100.0,100.0,8294.7
6786.05,100.0,21719.8,,,,,100.0,100.0,8271.6
6787.05,0.0,21719.9,,,,,0.0,0.0,8280.9
6788.05,100.0,21761.5,,,,,100.0,100.0,8289.4
6789.05,0.0,21803.0,,,,,0.0,0.0,8278.4
6790.05,100.0,21844.6,,,,,100.0,100.0,8290.9
6791.05,100.0,21844.6,,,,,100.0,100.0,8277.8
6792.05,100.0,21944.6,,,,,100.0,100.0,8293.4
6793.05,0.0,21944.6,,,,,0.0,0.0,8293.4
6794.05,100.0,21903.3,,,,,100.0,100.0,8294.7
6795.05,100.0,21861.7,,,,,100.0,100.0,8294.9
6796.05,100.0,21820.0,,,,,100.0,100.0,8294.9
6797.05,0.0,21820.0,,,,,0.0,0.0,8294.9
6798.05,100.0,21719.9,,,,,100.0,100.0,8271.4
6799.05,0.0,21761.5,,,,,0.0,0.0,8278.6
6800.05,100.0,21803.0,,,,,100.0,100.0,8271.9
6801.05,100.0,21803.0,,,,,100.0,100.0,8278.2
6802.05,100.0,21823.8,,,,,100.0,100.0,8290.3
6803.05,0.0,21878.6,,,,,0.0,0.0,8291.1
6804.05,100.0,21944.6,,,,,100.0,100.0,8293.7
6805.05,100.0,21903.3,,,,,100.0,100.0,8294.9
6806.06,100.0,21861.7,,,,,100.0,100.0,8295.1
6807.06,0.0,21861.7,,,,,0.0,0.0,8295.1
6808.06,100.0,21820.0,,,,,100.0,100.0,8295.1
6809.06,100.0,21719.8,,,,,100.0,100.0,8280.8
6810.06,0.0,21761.5,,,,,0.0,0.0,8289.9
6811.06,100.0,21761.5,,,,,100.0,100.0,8279.1
6812.06,100.0,21803.0,,,,,100.0,100.0,8290.6
6813.06,0.0,21844.6,,,,,0.0,0.0,8291.6
6814.06,100.0,21861.6,,,,,100.0,100.0,8286.4
6815.06,100.0,21944.6,,,,,100.0,100.0,8294.0
6816.06,100.0,21903.3,,,,,100.0,100.0,8295.2
6817.06,0.0,21903.3,,,,,0.0,0.0,8295.2
6818.06,100.0,21861.7,,,,,100.0,100.0,8295.3
6819.06,100.0,21820.0,,,,,100.0,100.0,8295.4
6820.06,100.0,21719.8,,,,,100.0,100.0,8271.8
6821.06,0.0,21719.9,,,,,0.0,0.0,8279.4
6822.06,100.0,21761.5,,,,,100.0,100.0,8290.6
6823.06,0.0,21803.0,,,,,0.0,0.0,8279.6
6824.06,100.0,21823.8,,,,,100.0,100.0,8286.9
6825.06,100.0,21844.6,,,,,100.0,100.0,8277.8
6826.06,100.0,21944.6,,,,,100.0,100.0,8294.2
6827.06,0.0,21944.6,,,,,0.0,0.0,8294.2
6828.06,100.0,21903.3,,,,,100.0,100.0,8295.4
6829.06,100.0,21861.7,,,,,100.0,100.0,8295.6
6830.06,100.0,21820.0,,,,,100.0,100.0,8295.6
6831.06,0.0,21820.0,,,,,0.0,0.0,8295.6
6832.06,100.0,21719.9,,,,,100.0,100.0,8271.5
6833.06,0.0,21761.5,,,,,0.0,0.0,8278.7
6834.06,100.0,21803.0,,,,,100.0,100.0,8291.2
6835.06,100.0,21803.0,,,,,100.0,100.0,8277.1
6836.06,100.0,21803.0,,,,,100.0,100.0,8286.5
6837.06,0.0,21878.6,,,,,0.0,0.0,8291.9
6838.06,100.0,21944.6,,,,,100.0,100.0,8294.4
6839.06,100.0,21903.3,,,,,100.0,100.0,8295.6
6840.06,100.0,21861.7,,,,,100.0,100.0,8295.8
6841.06,0.0,21861.7,,,,,0.0,0.0,8295.8
6842.06,100.0,21820.0,,,,,100.0,100.0,8295.8
6843.06,100.0,21719.8,,,,,100.0,100.0,8279.4
6844.06,0.0,21761.5,,,,,0.0,0.0,8290.3
6845.06,100.0,21761.5,,,,,100.0,100.0,8278.9
6846.06,100.0,21803.0,,,,,100.0,100.0,8291.0
6847.06,0.0,21844.6,,,,,0.0,0.0,8292.0
6848.06,100.0,21844.6,,,,,100.0,100.0,8285.0
6849.06,100.0,21944.6,,,,,100.0,100.0,8294.4
6850.06,100.0,21903.3,,,,,100.0,100.0,8295.8
6851.06,0.0,21903.3,,,,,0.0,0.0,8295.8
6852.06,100.0,21861.7,,,,,100.0,100.0,8296.0
6853.06,100.0,21820.0,,,,,100.0,100.0,8296.0
6854.06,100.0,21719.8,,,,,100.0,100.0,8296.2
6855.06,0.0,21719.9,,,,,0.0,0.0,8279.1
6856.06,100.0,21761.5,,,,,100.0,100.0,8290.7
6857.06,0.0,21803.0,,,,,0.0,0.0,8278.3
6858.06,100.0,21803.0,,,,,100.0,100.0,8285.4
6859.06,100.0,21844.6,,,,,100.0,100.0,8292.2
6860.06,100.0,21944.6,,,,,100.0,100.0,8294.7
6861.06,0.0,21944.6,,,,,0.0,0.0,8294.7
6862.06,100.0,21903.3,,,,,100.0,100.0,8296.0
6863.06,100.0,21861.7,,,,,100.0,100.0,8296.2
6864.06,100.0,21820.0,,,,,100.0,100.0,8296.2
6865.06,0.0,21820.0,,,,,0.0,0.0,8296.2
6866.06,100.0,21719.9,,,,,100.0,100.0,8271.7
6867.06,0.0,21761.5,,,,,0.0,0.0,8279.9
6868.06,100.0,21803.0,,,,,100.0,100.0,8291.6
6869.06,100.0,21803.0,,,,,100.0,100.0,8278.5
6870.06,100.0,21823.8,,,,,100.0,100.0,8290.2
6871.07,0.0,21878.6,,,,,0.0,0.0,8292.4
6872.07,100.0,21944.6,,,,,100.0,100.0,8294.9
6873.07,100.0,21903.3,,,,,100.0,100.0,8296.2
6874.07,100.0,21861.7,,,,,100.0,100.0,8296.4
6875.07,0.0,21861.7,,,,,0.0,0.0,8296.4
6876.07,100.0,21820.0,,,,,100.0,100.0,8296.4
6877.07,100.0,21719.8,,,,,100.0,100.0,8279.6
6878.07,0.0,21761.5,,,,,0.0,0.0,8291.2
6879.07,100.0,21761.5,,,,,100.0,100.0,8291.2
6880.07,100.0,21782.3,,,,,100.0,100.0,8290.1
6881.07,0.0,21844.6,,,,,0.0,0.0,8285.5
6882.07,100.0,21844.6,,,,,100.0,100.0,8285.3
6883.07,100.0,21944.6,,,,,100.0,100.0,8295.2
6884.07,100.0,21903.3,,,,,100.0,100.0,8296.5
6885.07,0.0,21903.3,,,,,0.0,0.0,8296.5
6886.07,100.0,21861.7,,,,,100.0,100.0,8296.7
6887.07,100.0,21820.0,,,,,100.0,100.0,8296.7
6888.07,100.0,21719.8,,,,,100.0,100.0,8296.9
6889.07,0.0,21719.9,,,,,0.0,0.0,8279.7
6890.07,100.0,21761.5,,,,,100.0,100.0,8291.4
6891.07,0.0,21803.0,,,,,0.0,0.0,8279.5
6892.07,100.0,21823.8,,,,,100.0,100.0,8290.0
6893.07,100.0,21844.6,,,,,100.0,100.0,8293.0
6894.07,100.0,21944.6,,,,,100.0,100.0,8295.4
6895.07,0.0,21944.6,,,,,0.0,0.0,8295.4
6896.07,100.0,21903.3,,,,,100.0,100.0,8296.7
6897.07,100.0,21861.7,,,,,100.0,100.0,8296.9
6898.07,100.0,21820.0,,,,,100.0,100.0,8296.9
6899.07,0.0,21820.0,,,,,0.0,0.0,8296.9
6900.07,100.0,21719.9,,,,,100.0,100.0,8271.6
6901.07,0.0,21761.5,,,,,0.0,0.0,8278.6
6902.07,100.0,21782.3,,,,,100.0,100.0,8291.4
6903.07,100.0,21803.0,,,,,100.0,100.0,8277.8
6904.07,100.0,21803.0,,,,,100.0,100.0,8282.8
6905.07,0.0,21878.6,,,,,0.0,0.0,8293.1
6906.07,100.0,21944.6,,,,,100.0,100.0,8295.6
6907.07,100.0,21903.3,,,,,100.0,100.0,8296.9
6908.07,100.0,21861.7,,,,,100.0,100.0,8297.1
6909.07,0.0,21861.7,,,,,0.0,0.0,8297.1
6910.07,100.0,21820.0,,,,,100.0,100.0,8297.1
6911.07,100.0,21719.8,,,,,100.0,100.0,8279.5
6912.07,0.0,21761.5,,,,,0.0,0.0,8291.9
6913.07,100.0,21761.5,,,,,100.0,100.0,8292.0
6914.07,100.0,21761.5,,,,,100.0,100.0,8286.8
6915.07,0.0,21844.6,,,,,0.0,0.0,8293.6
6916.07,100.0,21844.6,,,,,100.0,100.0,8283.0
6917.07,100.0,21944.6,,,,,100.0,100.0,8296.0
6918.07,100.0,21903.3,,,,,100.0,100.0,8297.1
6919.07,0.0,21903.3,,,,,0.0,0.0,8297.1
6920.07,100.0,21861.7,,,,,100.0,100.0,8297.3
6921.07,100.0,21820.0,,,,,100.0,100.0,8297.3
6922.07,100.0,21719.8,,,,,100.0,100.0,8297.5
6923.07,0.0,21719.9,,,,,0.0,0.0,8279.3
6924.07,100.0,21761.5,,,,,100.0,100.0,8291.9
6925.07,0.0,21803.0,,,,,0.0,0.0,8278.6
6926.07,100.0,21803.0,,,,,100.0,100.0,8284.6
6927.07,100.0,21844.6,,,,,100.0,100.0,8293.7
6928.07,100.0,21944.6,,,,,100.0,100.0,8296.1
6929.07,0.0,21944.6,,,,,0.0,0.0,8296.1
6930.07,100.0,21903.3,,,,,100.0,100.0,8297.4
6931.07,100.0,21861.7,,,,,100.0,100.0,8297.6
6932.07,100.0,21820.0,,,,,100.0,100.0,8297.6
6933.07,0.0,21820.0,,,,,0.0,0.0,8297.6
6934.07,100.0,21719.9,,,,,100.0,100.0,8292.1
6935.07,0.0,21761.5,,,,,0.0,0.0,8279.1
6936.07,100.0,21782.3,,,,,100.0,100.0,8290.8
6937.08,100.0,21803.0,,,,,100.0,100.0,8278.6
6938.08,100.0,21803.0,,,,,100.0,100.0,8285.4
6939.08,0.0,21878.6,,,,,0.0,0.0,8294.0
6940.08,100.0,21944.6,,,,,100.0,100.0,8296.4
6941.08,100.0,21903.3,,,,,100.0,100.0,8297.6
6942.08,100.0,21861.7,,,,,100.0,100.0,8297.7
6943.08,0.0,21861.7,,,,,0.0,0.0,8297.7
6944.08,100.0,21820.0,,,,,100.0,100.0,8297.7
6945.08,100.0,21719.8,,,,,100.0,100.0,8279.4
6946.08,0.0,21740.7,,,,,0.0,0.0,8281.1
6947.08,100.0,21761.5,,,,,100.0,100.0,8285.8
6948.08,100.0,21761.5,,,,,100.0,100.0,8287.8
6949.08,0.0,21844.6,,,,,0.0,0.0,8286.1
6950.08,100.0,21844.6,,,,,100.0,100.0,8283.5
6951.08,100.0,21944.6,,,,,100.0,100.0,8296.3
6952.08,100.0,21903.3,,,,,100.0,100.0,8297.5
6953.08,0.0,21903.3,,,,,0.0,0.0,8297.5
6954.08,100.0,21861.7,,,,,100.0,100.0,8297.7
6955.08,100.0,21820.0,,,,,100.0,100.0,8297.7
6956.08,100.0,21719.8,,,,,100.0,100.0,8297.8
6957.08,0.0,21719.9,,,,,0.0,0.0,8278.5
6958.08,100.0,21740.7,,,,,100.0,100.0,8288.7
6959.08,0.0,21803.0,,,,,0.0,0.0,8293.3
6960.08,100.0,21803.0,,,,,100.0,100.0,8281.8
6961.08,100.0,21844.6,,,,,100.0,100.0,8293.9
6962.08,100.0,21944.6,,,,,100.0,100.0,8296.2
6963.08,0.0,21944.6,,,,,0.0,0.0,8296.2
6964.08,100.0,21903.3,,,,,100.0,100.0,8297.5
6965.08,100.0,21861.7,,,,,100.0,100.0,8297.7
6966.08,100.0,21820.0,,,,,100.0,100.0,8297.7
6967.08,0.0,21820.0,,,,,0.0,0.0,8297.7
6968.08,100.0,21719.9,,,,,100.0,100.0,8292.4
6969.08,0.0,21761.5,,,,,0.0,0.0,8279.1
6970.08,100.0,21761.5,,,,,100.0,100.0,8289.1
6971.08,100.0,21803.0,,,,,100.0,100.0,8277.4
6972.08,100.0,21803.0,,,,,100.0,100.0,8284.0
6973.08,0.0,21878.6,,,,,0.0,0.0,8293.7
6974.08,100.0,21944.6,,,,,100.0,100.0,8296.4
6975.08,100.0,21903.3,,,,,100.0,100.0,8297.6
6976.08,100.0,21861.7,,,,,100.0,100.0,8297.8
6977.08,0.0,21861.7,,,,,0.0,0.0,8297.8
6978.08,100.0,21820.0,,,,,100.0,100.0,8297.8
6979.08,100.0,21719.8,,,,,100.0,100.0,8297.9
6980.08,0.0,21761.5,,,,,0.0,0.0,8292.3
6981.08,100.0,21761.5,,,,,100.0,100.0,8277.8
6982.08,100.0,21761.5,,,,,100.0,100.0,8286.8
6983.08,0.0,21844.6,,,,,0.0,0.0,8279.7
6984.08,100.0,21844.6,,,,,100.0,100.0,8282.0
6985.08,100.0,21944.6,,,,,100.0,100.0,8296.2
6986.08,100.0,21903.1,,,,,100.0,100.0,8297.5
6987.08,0.0,21903.3,,,,,0.0,0.0,8297.6
6988.08,100.0,21861.7,,,,,100.0,100.0,8297.8
6989.08,100.0,21820.0,,,,,100.0,100.0,8297.8
6990.08,100.0,21719.9,,,,,100.0,100.0,8297.8
6991.08,1.23,21719.9,,,,,1.23,1.23,8278.5
6992.08,100.0,21740.7,,,,,100.0,100.0,8289.1
6993.08,0.0,21803.0,,,,,0.0,0.0,8293.2
6994.08,100.0,21823.8,,,,,100.0,100.0,8287.5
6995.08,100.0,21844.6,,,,,100.0,100.0,8285.6
6996.08,100.0,21944.6,,,,,100.0,100.0,8295.8
6997.08,0.0,21944.6,,,,,0.0,0.0,8296.3
6998.08,100.0,21903.3,,,,,100.0,100.0,8297.6
6999.08,100.0,21861.7,,,,,100.0,100.0,8297.8
7000.08,100.0,21820.0,,,,,100.0,100.0,8297.8
7001.09,0.0,21820.0,,,,,0.0,0.0,8297.8
7002.09,100.0,21719.9,,,,,100.0,100.0,8292.0
7003.09,0.0,21761.5,,,,,0.0,0.0,8277.9
7004.09,100.0,21761.5,,,,,100.0,100.0,8284.0
7005.09,100.0,21803.0,,,,,100.0,100.0,8274.8
7006.09,100.0,21803.0,,,,,100.0,100.0,8281.6
7007.09,0.0,21878.6,,,,,0.0,0.0,8293.5
7008.09,100.0,21944.6,,,,,100.0,100.0,8296.3
7009.09,100.0,21903.3,,,,,100.0,100.0,8297.6
7010.09,0.0,21903.3,,,,,0.0,0.0,8297.6
7011.09,100.0,21861.7,,,,,100.0,100.0,8297.7
7012.09,100.0,21820.0,,,,,100.0,100.0,8297.7
7013.09,100.0,21719.8,,,,,100.0,100.0,8297.9
7014.09,0.0,21719.9,,,,,0.0,0.0,8290.0
7015.09,100.0,21761.5,,,,,100.0,100.0,8284.9
7016.09,0.0,21803.0,,,,,0.0,0.0,8286.2
7017.09,100.0,21844.6,,,,,100.0,100.0,8286.5
7018.09,100.0,21844.6,,,,,100.0,100.0,8290.1
7019.09,100.0,21944.6,,,,,100.0,100.0,8296.2
7020.09,0.0,21944.6,,,,,0.0,0.0,8296.2
7021.09,100.0,21903.3,,,,,100.0,100.0,8297.5
7022.09,100.0,21861.7,,,,,100.0,100.0,8297.7
7023.09,100.0,21820.0,,,,,100.0,100.0,8297.7
7024.09,0.0,21820.0,,,,,0.0,0.0,8297.7
7025.09,100.0,21719.9,,,,,100.0,100.0,8277.6
7026.09,0.0,21761.5,,,,,0.0,0.0,8284.8
7027.09,100.0,21803.0,,,,,100.0,100.0,8293.1
7028.09,100.0,21803.0,,,,,100.0,100.0,8282.2
7029.09,100.0,21844.6,,,,,100.0,100.0,8293.8
7030.09,0.0,21878.6,,,,,0.0,0.0,8293.8
7031.09,100.0,21944.6,,,,,100.0,100.0,8296.3
7032.09,100.0,21903.3,,,,,100.0,100.0,8297.6
7033.09,100.0,21861.7,,,,,100.0,100.0,8297.8
7034.09,0.0,21861.7,,,,,0.0,0.0,8297.8
7035.09,100.0,21820.0,,,,,100.0,100.0,8297.8
7036.09,100.0,21685.8,,,,,100.0,100.0,8288.4
7037.09,0.0,21761.5,,,,,0.0,0.0,8278.0
7038.09,100.0,21761.5,,,,,100.0,100.0,8284.7
7039.09,100.0,21803.0,,,,,100.0,100.0,8293.2
7040.09,0.0,21844.6,,,,,0.0,0.0,8281.4
7041.09,100.0,21878.6,,,,,100.0,100.0,8293.6
7042.09,100.0,21944.6,,,,,100.0,100.0,8296.3
7043.09,100.0,21903.3,,,,,100.0,100.0,8297.5
7044.09,0.0,21903.3,,,,,0.0,0.0,8297.5
7045.09,100.0,21861.7,,,,,100.0,100.0,8297.7
7046.09,100.0,21820.0,,,,,100.0,100.0,8297.7
7047.09,100.0,21719.8,,,,,100.0,100.0,8297.9
7048.09,0.0,21719.9,,,,,0.0,0.0,8287.0
7049.09,100.0,21761.5,,,,,100.0,100.0,8284.4
7050.09,0.0,21803.0,,,,,0.0,0.0,8282.6
7051.09,100.0,21823.8,,,,,100.0,100.0,8284.1
7052.09,100.0,21844.6,,,,,100.0,100.0,8288.8
7053.09,100.0,21944.6,,,,,100.0,100.0,8296.3
7054.09,0.0,21944.6,,,,,0.0,0.0,8296.3
7055.09,100.0,21903.3,,,,,100.0,100.0,8297.4
7056.09,100.0,21861.7,,,,,100.0,100.0,8297.6
7057.09,100.0,21820.0,,,,,100.0,100.0,8297.6
7058.09,0.0,21820.0,,,,,0.0,0.0,8297.6
7059.09,100.0,21719.9,,,,,100.0,100.0,8292.4
7060.09,0.0,21761.5,,,,,0.0,0.0,8285.0
7061.09,100.0,21803.0,,,,,100.0,100.0,8293.1
7062.09,100.0,21803.0,,,,,100.0,100.0,8281.7
7063.09,100.0,21823.8,,,,,100.0,100.0,8291.0
7064.09,0.0,21878.6,,,,,0.0,0.0,8293.7
7065.09,100.0,21944.6,,,,,100.0,100.0,8296.2
7066.1,100.0,21903.3,,,,,100.0,100.0,8297.4
7067.1,100.0,21861.7,,,,,100.0,100.0,8297.5
7068.1,0.0,21861.7,,,,,0.0,0.0,8297.5
7069.1,100.0,21820.0,,,,,100.0,100.0,8297.5
7070.1,100.0,21719.8,,,,,100.0,100.0,8287.9
7071.1,0.0,21761.5,,,,,0.0,0.0,8278.1
7072.1,100.0,21761.5,,,,,100.0,100.0,8283.4
7073.1,100.0,21803.0,,,,,100.0,100.0,8293.2
7074.1,0.0,21844.6,,,,,0.0,0.0,8280.9
7075.1,100.0,21861.6,,,,,100.0,100.0,8290.3
7076.1,100.0,21944.6,,,,,100.0,100.0,8296.3
7077.1,100.0,21903.3,,,,,100.0,100.0,8297.5
7078.1,0.0,21903.3,,,,,0.0,0.0,8297.5
7079.1,100.0,21861.7,,,,,100.0,100.0,8297.7
7080.1,100.0,21820.0,,,,,100.0,100.0,8297.7
7081.1,100.0,21719.8,,,,,100.0,100.0,8297.8
7082.1,0.0,21719.9,,,,,0.0,0.0,8286.6
7083.1,100.0,21761.5,,,,,100.0,100.0,8275.1
7084.1,0.0,21803.0,,,,,0.0,0.0,8282.2
7085.1,100.0,21844.6,,,,,100.0,100.0,8284.7
7086.1,100.0,21844.6,,,,,100.0,100.0,8288.3
7087.1,100.0,21944.6,,,,,100.0,100.0,8296.2
7088.1,0.0,21944.6,,,,,0.0,0.0,8296.2
7089.1,100.0,21903.3,,,,,100.0,100.0,8297.6
7090.1,100.0,21861.7,,,,,100.0,100.0,8297.8
7091.1,100.0,21820.0,,,,,100.0,100.0,8297.8
7092.1,0.0,21820.0,,,,,0.0,0.0,8297.8
7093.1,100.0,21719.9,,,,,100.0,100.0,8292.3
7094.1,0.0,21761.5,,,,,0.0,0.0,8285.3
7095.1,100.0,21803.0,,,,,100.0,100.0,8293.0
7096.1,100.0,21803.0,,,,,100.0,100.0,8281.9
7097.1,100.0,21844.6,,,,,100.0,100.0,8293.9
7098.1,0.0,21878.6,,,,,0.0,0.0,8293.8
7099.1,100.0,21944.6,,,,,100.0,100.0,8296.4
7100.1,100.0,21903.3,,,,,100.0,100.0,8297.7
7101.1,100.0,21861.7,,,,,100.0,100.0,8297.8
7102.1,0.0,21861.7,,,,,0.0,0.0,8297.8
7103.1,100.0,21820.0,,,,,100.0,100.0,8297.8
7104.1,100.0,21719.8,,,,,100.0,100.0,8285.0
7105.1,0.0,21761.5,,,,,0.0,0.0,8277.3
7106.1,100.0,21761.5,,,,,100.0,100.0,8281.4
7107.1,100.0,21803.0,,,,,100.0,100.0,8292.9
7108.1,0.0,21844.6,,,,,0.0,0.0,8281.5
7109.1,100.0,21878.6,,,,,100.0,100.0,8293.4
7110.1,100.0,21944.6,,,,,100.0,100.0,8296.3
7111.1,100.0,21903.3,,,,,100.0,100.0,8297.6
7112.1,0.0,21903.3,,,,,0.0,0.0,8297.6
7113.1,100.0,21861.7,,,,,100.0,100.0,8297.8
7114.1,100.0,21820.0,,,,,100.0,100.0,8297.8
7115.1,100.0,21719.8,,,,,100.0,100.0,8297.9
7116.1,0.0,21719.9,,,,,0.0,0.0,8284.6
7117.1,100.0,21761.5,,,,,100.0,100.0,8274.9
7118.1,0.0,21803.0,,,,,0.0,0.0,8280.5
7119.1,100.0,21844.6,,,,,100.0,100.0,8294.0
7120.1,100.0,21844.6,,,,,100.0,100.0,8278.7
7121.1,100.0,21944.6,,,,,100.0,100.0,8296.4
7122.1,0.0,21944.6,,,,,0.0,0.0,8296.4
7123.1,100.0,21903.3,,,,,100.0,100.0,8297.6
7124.1,100.0,21861.7,,,,,100.0,100.0,8297.8
7125.1,100.0,21820.0,,,,,100.0,100.0,8297.8
7126.1,0.0,21820.0,,,,,0.0,0.0,8297.8
7127.1,100.0,21719.9,,,,,100.0,100.0,8292.3
7128.1,0.0,21761.5,,,,,0.0,0.0,8282.5
7129.1,100.0,21803.0,,,,,100.0,100.0,8293.0
7130.1,100.0,21803.0,,,,,100.0,100.0,8280.5
7131.1,100.0,21844.6,,,,,100.0,100.0,8293.6
7132.11,0.0,21878.6,,,,,0.0,0.0,8293.8
7133.11,100.0,21944.6,,,,,100.0,100.0,8296.3
7134.11,100.0,21903.3,,,,,100.0,100.0,8297.6
7135.11,100.0,21861.7,,,,,100.0,100.0,8297.8
7136.11,0.0,21861.7,,,,,0.0,0.0,8297.8
7137.11,100.0,21820.0,,,,,100.0,100.0,8297.8
7138.11,100.0,21719.8,,,,,100.0,100.0,8282.7
7139.11,0.0,21761.5,,,,,0.0,0.0,8292.4
7140.11,100.0,21761.5,,,,,100.0,100.0,8281.4
7141.11,100.0,21803.0,,,,,100.0,100.0,8292.8
7142.11,0.0,21844.6,,,,,0.0,0.0,8281.4
7143.11,100.0,21861.6,,,,,100.0,100.0,8290.7
7144.11,100.0,21944.6,,,,,100.0,100.0,8296.3
7145.11,100.0,21903.3,,,,,100.0,100.0,8297.6
7146.11,0.0,21903.3,,,,,0.0,0.0,8297.6
7147.11,100.0,21861.7,,,,,100.0,100.0,8297.8
7148.11,100.0,21820.0,,,,,100.0,100.0,8297.8
7149.11,100.0,21719.8,,,,,100.0,100.0,8294.5
7150.11,0.0,21719.9,,,,,0.0,0.0,8281.9
7151.11,100.0,21761.5,,,,,100.0,100.0,8273.4
7152.11,0.0,21803.0,,,,,0.0,0.0,8279.9
7153.11,100.0,21844.6,,,,,100.0,100.0,8294.0
7154.11,100.0,21844.6,,,,,100.0,100.0,8279.5
7155.11,100.0,21944.6,,,,,100.0,100.0,8296.4
7156.11,0.0,21944.6,,,,,0.0,0.0,8296.4
7157.11,100.0,21903.3,,,,,100.0,100.0,8297.7
7158.11,100.0,21861.7,,,,,100.0,100.0,8297.9
7159.11,100.0,21820.0,,,,,100.0,100.0,8297.9
7160.11,0.0,21820.0,,,,,0.0,0.0,8297.9
7161.11,100.0,21719.9,,,,,100.0,100.0,8292.3
7162.11,0.0,21761.5,,,,,0.0,0.0,8281.2
7163.11,100.0,21803.0,,,,,100.0,100.0,8293.1
7164.11,100.0,21803.0,,,,,100.0,100.0,8293.2
7165.11,100.0,21803.0,,,,,100.0,100.0,8288.3
7166.11,0.0,21878.6,,,,,0.0,0.0,8293.8
7167.11,100.0,21944.6,,,,,100.0,100.0,8296.2
7168.11,100.0,21903.3,,,,,100.0,100.0,8297.6
7169.11,100.0,21861.7,,,,,100.0,100.0,8297.8
7170.11,0.0,21861.7,,,,,0.0,0.0,8297.8
7171.11,100.0,21820.0,,,,,100.0,100.0,8297.8
7172.11,100.0,21719.8,,,,,100.0,100.0,8280.4
7173.11,0.0,21761.5,,,,,0.0,0.0,8292.4
7174.11,100.0,21761.5,,,,,100.0,100.0,8280.1
7175.11,100.0,21803.0,,,,,100.0,100.0,8292.8
7176.11,0.0,21844.6,,,,,0.0,0.0,8280.2
7177.11,100.0,21844.6,,,,,100.0,100.0,8288.2
7178.11,100.0,21944.6,,,,,100.0,100.0,8296.4
7179.11,100.0,21903.3,,,,,100.0,100.0,8297.6
7180.11,0.0,21903.3,,,,,0.0,0.0,8297.6
7181.11,100.0,21861.7,,,,,100.0,100.0,8297.8
7182.11,100.0,21820.0,,,,,100.0,100.0,8297.8
7183.11,100.0,21719.8,,,,,100.0,100.0,8272.1
7184.11,0.0,21719.9,,,,,0.0,0.0,8280.7
7185.11,100.0,21761.5,,,,,100.0,100.0,8272.5
7186.11,0.0,21803.0,,,,,0.0,0.0,8278.8
7187.12,100.0,21823.8,,,,,100.0,100.0,8291.5
7188.12,100.0,21844.6,,,,,100.0,100.0,8277.7
7189.12,100.0,21944.6,,,,,100.0,100.0,8296.1
7190.12,0.0,21944.6,,,,,0.0,0.0,8296.1
7191.12,100.0,21903.3,,,,,100.0,100.0,8297.6
7192.12,100.0,21861.7,,,,,100.0,100.0,8297.7
7193.12,100.0,21820.0,,,,,100.0,100.0,8297.7
7194.12,0.0,21820.0,,,,,0.0,0.0,8297.7
7195.12,100.0,21719.9,,,,,100.0,100.0,8292.3
7196.12,0.0,21761.5,,,,,0.0,0.0,8281.1
7197.12,100.0,21803.0,,,,,100.0,100.0,8293.1
7198.12,100.0,21803.0,,,,,100.0,100.0,8293.2
7199.12,100.0,21803.0,,,,,100.0,100.0,8286.5
7200.12,0.0,21878.6,,,,,0.0,0.0,8293.8
7201.12,100.0,21944.6,,,,,100.0,100.0,8296.3
7202.12,100.0,21903.3,,,,,100.0,100.0,8297.6
7203.12,100.0,21861.7,,,,,100.0,100.0,8297.8
7204.12,0.0,21861.7,,,,,0.0,0.0,8297.8
7205.12,100.0,21820.0,,,,,100.0,100.0,8297.8
7206.12,100.0,21719.8,,,,,100.0,100.0,8278.9
7207.12,0.0,21761.5,,,,,0.0,0.0,8292.4
7208.12,100.0,21761.5,,,,,100.0,100.0,8279.5
7209.12,100.0,21782.3,,,,,100.0,100.0,8290.8
7210.12,0.0,21844.6,,,,,0.0,0.0,8277.9
7211.12,100.0,21844.6,,,,,100.0,100.0,8284.4
7212.12,100.0,21944.6,,,,,100.0,100.0,8296.3
7213.12,100.0,21903.3,,,,,100.0,100.0,8297.6
7214.12,0.0,21903.3,,,,,0.0,0.0,8297.6
7215.12,100.0,21861.7,,,,,100.0,100.0,8297.8
7216.12,100.0,21820.0,,,,,100.0,100.0,8297.8
7217.12,100.0,21719.8,,,,,100.0,100.0,8271.6
7218.12,0.0,21719.9,,,,,0.0,0.0,8278.9
7219.12,100.0,21761.5,,,,,100.0,100.0,8292.5
7220.12,0.0,21803.0,,,,,0.0,0.0,8278.1
7221.12,100.0,21823.8,,,,,100.0,100.0,8290.0
7222.12,100.0,21844.6,,,,,100.0,100.0,8277.1
7223.12,100.0,21944.6,,,,,100.0,100.0,8296.4
7224.12,0.0,21944.6,,,,,0.0,0.0,8296.4
7225.12,100.0,21903.3,,,,,100.0,100.0,8297.6
7226.12,100.0,21861.7,,,,,100.0,100.0,8297.8
7227.12,100.0,21820.0,,,,,100.0,100.0,8297.8
7228.12,0.0,21820.0,,,,,0.0,0.0,8297.8
7229.12,100.0,21719.9,,,,,100.0,100.0,8292.1
7230.12,0.0,21761.5,,,,,0.0,0.0,8279.5
7231.12,100.0,21782.3,,,,,100.0,100.0,8290.5
7232.12,100.0,21803.0,,,,,100.0,100.0,8293.1
7233.12,100.0,21803.0,,,,,100.0,100.0,8283.4
7234.12,0.0,21878.6,,,,,0.0,0.0,8293.6
7235.12,100.0,21944.6,,,,,100.0,100.0,8296.2
7236.12,100.0,21903.3,,,,,100.0,100.0,8297.7
7237.12,100.0,21861.7,,,,,100.0,100.0,8297.9
7238.12,0.0,21861.7,,,,,0.0,0.0,8297.9
7239.12,100.0,21820.0,,,,,100.0,100.0,8297.9
7240.12,100.0,21719.8,,,,,100.0,100.0,8278.1
7241.12,0.0,21761.5,,,,,0.0,0.0,8292.5
7242.12,100.0,21761.5,,,,,100.0,100.0,8278.3
7243.12,100.0,21761.5,,,,,100.0,100.0,8287.0
7244.12,0.0,21844.6,,,,,0.0,0.0,8294.0
7245.12,100.0,21844.6,,,,,100.0,100.0,8282.8
7246.12,100.0,21944.6,,,,,100.0,100.0,8296.3
7247.12,100.0,21903.3,,,,,100.0,100.0,8297.7
7248.12,0.0,21903.3,,,,,0.0,0.0,8297.7
7249.12,100.0,21861.7,,,,,100.0,100.0,8297.9
7250.12,100.0,21820.0,,,,,100.0,100.0,8297.9
7251.13,100.0,21719.8,,,,,100.0,100.0,8270.4
7252.13,0.0,21719.9,,,,,0.0,0.0,8278.1
7253.13,100.0,21761.5,,,,,100.0,100.0,8292.0
7254.13,0.0,21803.0,,,,,0.0,0.0,8278.2
7255.13,100.0,21803.0,,,,,100.0,100.0,8284.0
7256.13,100.0,21844.6,,,,,100.0,100.0,8275.8
7257.13,100.0,21944.6,,,,,100.0,100.0,8296.3
7258.13,0.0,21944.6,,,,,0.0,0.0,8296.3
7259.13,100.0,21903.3,,,,,100.0,100.0,8297.8
7260.13,100.0,21861.7,,,,,100.0,100.0,8297.9
7261.13,100.0,21820.0,,,,,100.0,100.0,8297.9
7262.13,0.0,21820.0,,,,,0.0,0.0,8297.9
7263.13,100.0,21719.9,,,,,100.0,100.0,8292.4
7264.13,0.0,21761.5,,,,,0.0,0.0,8292.6
7265.13,100.0,21782.3,,,,,100.0,100.0,8289.0
7266.13,100.0,21803.0,,,,,100.0,100.0,8293.4
7267.13,100.0,21803.0,,,,,100.0,100.0,8284.7
7268.13,0.0,21878.6,,,,,0.0,0.0,8293.9
7269.13,100.0,21944.6,,,,,100.0,100.0,8296.4
7270.13,100.0,21903.3,,,,,100.0,100.0,8297.8
7271.13,100.0,21861.7,,,,,100.0,100.0,8298.0
7272.13,0.0,21861.7,,,,,0.0,0.0,8298.0
7273.13,100.0,21820.0,,,,,100.0,100.0,8298.0
7274.13,100.0,21719.8,,,,,100.0,100.0,8278.6
7275.13,0.0,21761.5,,,,,0.0,0.0,8292.5
7276.13,100.0,21761.5,,,,,100.0,100.0,8279.5
7277.13,100.0,21782.3,,,,,100.0,100.0,8291.4
7278.13,0.0,21844.6,,,,,0.0,0.0,8294.1
7279.13,100.0,21844.6,,,,,100.0,100.0,8284.4
7280.13,100.0,21944.6,,,,,100.0,100.0,8296.5
7281.13,100.0,21903.3,,,,,100.0,100.0,8297.9
7282.13,0.0,21903.3,,,,,0.0,0.0,8297.9
7283.13,100.0,21861.7,,,,,100.0,100.0,8298.0
7284.13,100.0,21820.0,,,,,100.0,100.0,8298.0
7285.13,100.0,21719.8,,,,,100.0,100.0,8270.3
7286.13,0.0,21719.9,,,,,0.0,0.0,8277.6
7287.13,100.0,21740.7,,,,,100.0,100.0,8290.2
7288.13,0.0,21803.0,,,,,0.0,0.0,8276.8
7289.13,100.0,21803.0,,,,,100.0,100.0,8283.2
7290.13,100.0,21844.6,,,,,100.0,100.0,8285.2
7291.13,100.0,21944.6,,,,,100.0,100.0,8296.6
7292.13,0.0,21944.6,,,,,0.0,0.0,8296.6
7293.13,100.0,21903.3,,,,,100.0,100.0,8297.8
7294.13,100.0,21861.7,,,,,100.0,100.0,8298.0
7295.13,100.0,21820.0,,,,,100.0,100.0,8298.0
7296.13,0.0,21820.0,,,,,0.0,0.0,8298.0
7297.13,100.0,21719.9,,,,,100.0,100.0,8292.4
7298.13,0.0,21761.5,,,,,0.0,0.0,8292.6
7299.13,100.0,21782.3,,,,,100.0,100.0,8290.1
7300.13,100.0,21803.0,,,,,100.0,100.0,8285.2
7301.13,100.0,21803.0,,,,,100.0,100.0,8284.7
7302.13,0.0,21878.6,,,,,0.0,0.0,8293.7
7303.13,100.0,21944.6,,,,,100.0,100.0,8296.4
7304.13,100.0,21903.3,,,,,100.0,100.0,8297.8
7305.13,100.0,21861.7,,,,,100.0,100.0,8298.0
7306.13,0.0,21861.7,,,,,0.0,0.0,8298.0
7307.13,100.0,21820.0,,,,,100.0,100.0,8298.0
7308.13,100.0,21719.8,,,,,100.0,100.0,8278.0
7309.13,0.0,21761.5,,,,,0.0,0.0,8292.3
7310.13,100.0,21761.5,,,,,100.0,100.0,8278.1
7311.13,100.0,21761.5,,,,,100.0,100.0,8287.1
7312.13,0.0,21844.6,,,,,0.0,0.0,8294.0
7313.13,100.0,21844.6,,,,,100.0,100.0,8284.1
7314.13,100.0,21944.6,,,,,100.0,100.0,8296.4
7315.14,100.0,21903.3,,,,,100.0,100.0,8297.8
7316.14,0.0,21903.3,,,,,0.0,0.0,8297.8
7317.14,100.0,21861.7,,,,,100.0,100.0,8298.0
7318.14,100.0,21820.0,,,,,100.0,100.0,8298.0
7319.14,100.0,21719.8,,,,,100.0,100.0,8298.1
7320.14,0.0,21719.9,,,,,0.0,0.0,8276.8
7321.14,100.0,21719.9,,,,,100.0,100.0,8289.8
7322.14,0.0,21803.0,,,,,0.0,0.0,8277.5
7323.14,100.0,21803.0,,,,,100.0,100.0,8280.9
7324.14,100.0,21844.6,,,,,100.0,100.0,8294.1
7325.14,100.0,21944.6,,,,,100.0,100.0,8296.6
7326.14,0.0,21944.6,,,,,0.0,0.0,8296.6
7327.14,100.0,21903.3,,,,,100.0,100.0,8297.9
7328.14,100.0,21861.7,,,,,100.0,100.0,8298.1
7329.14,100.0,21820.0,,,,,100.0,100.0,8298.1
7330.14,0.0,21820.0,,,,,0.0,0.0,8298.1
7331.14,100.0,21719.9,,,,,100.0,100.0,8292.6
7332.14,0.0,21761.5,,,,,0.0,0.0,8284.5
7333.14,100.0,21761.5,,,,,100.0,100.0,8285.2
7334.14,100.0,21803.0,,,,,100.0,100.0,8293.5
7335.14,100.0,21803.0,,,,,100.0,100.0,8282.4
7336.14,0.0,21878.6,,,,,0.0,0.0,8294.1
7337.14,100.0,21944.6,,,,,100.0,100.0,8296.7
7338.14,100.0,21903.3,,,,,100.0,100.0,8297.9
7339.14,100.0,21861.7,,,,,100.0,100.0,8298.1
7340.14,0.0,21861.7,,,,,0.0,0.0,8298.1
7341.14,100.0,21820.0,,,,,100.0,100.0,8298.1
7342.14,100.0,21719.8,,,,,100.0,100.0,8277.3
7343.14,0.0,21757.7,,,,,0.0,0.0,8291.9
7344.14,100.0,21761.5,,,,,100.0,100.0,8292.8
7345.14,100.0,21761.5,,,,,100.0,100.0,8282.9
7346.14,0.0,21844.6,,,,,0.0,0.0,8294.1
7347.14,100.0,21844.6,,,,,100.0,100.0,8281.0
7348.14,100.0,21944.6,,,,,100.0,100.0,8296.6
7349.14,100.0,21920.0,,,,,100.0,100.0,8296.7
7350.14,0.0,21903.3,,,,,0.0,0.0,8297.8
7351.14,100.0,21861.7,,,,,100.0,100.0,8298.0
7352.14,100.0,21820.0,,,,,100.0,100.0,8298.0
7353.14,0.0,21820.0,,,,,0.0,0.0,8298.0
7354.14,100.0,21719.9,,,,,100.0,100.0,8277.5
7355.14,100.0,21719.9,,,,,100.0,100.0,8288.9
7356.14,0.0,21803.0,,,,,0.0,0.0,8277.7
7357.14,100.0,21803.0,,,,,100.0,100.0,8283.9
7358.14,100.0,21844.6,,,,,100.0,100.0,8294.3
7359.14,0.0,21878.6,,,,,0.0,0.0,8294.2
7360.14,100.0,21944.6,,,,,100.0,100.0,8296.7
7361.14,100.0,21903.3,,,,,100.0,100.0,8298.0
7362.14,100.0,21861.7,,,,,100.0,100.0,8298.2
7363.14,0.0,21861.7,,,,,0.0,0.0,8298.2
7364.14,100.0,21820.0,,,,,100.0,100.0,8298.2
7365.14,100.0,21719.8,,,,,100.0,100.0,8282.6
7366.14,0.0,21761.5,,,,,0.0,0.0,8290.5
7367.14,100.0,21761.5,,,,,100.0,100.0,8277.4
7368.14,100.0,21761.5,,,,,100.0,100.0,8284.0
7369.14,0.0,21844.6,,,,,0.0,0.0,8292.3
7370.14,100.0,21844.6,,,,,100.0,100.0,8280.9
7371.14,100.0,21944.6,,,,,100.0,100.0,8294.8
7372.14,100.0,21903.3,,,,,100.0,100.0,8296.1
7373.14,0.0,21903.3,,,,,0.0,0.0,8296.1
7374.14,100.0,21861.7,,,,,100.0,100.0,8296.2
7375.14,100.0,21820.0,,,,,100.0,100.0,8296.2
7376.14,100.0,21719.8,,,,,100.0,100.0,8270.0
7377.14,0.0,21719.9,,,,,0.0,0.0,8277.5
7378.15,100.0,21761.5,,,,,100.0,100.0,8290.8
7379.15,0.0,21803.0,,,,,0.0,0.0,8279.1
7380.15,100.0,21803.0,,,,,100.0,100.0,8288.2
7381.15,100.0,21844.6,,,,,100.0,100.0,8279.3
7382.15,100.0,21944.6,,,,,100.0,100.0,8295.1
7383.15,0.0,21944.6,,,,,0.0,0.0,8295.1
7384.15,100.0,21903.3,,,,,100.0,100.0,8296.4
7385.15,100.0,21861.7,,,,,100.0,100.0,8296.6
7386.15,100.0,21820.0,,,,,100.0,100.0,8296.6
7387.15,0.0,21820.0,,,,,0.0,0.0,8296.6
7388.15,100.0,21719.9,,,,,100.0,100.0,8290.7
7389.15,0.0,21761.5,,,,,0.0,0.0,8290.9
7390.15,100.0,21761.5,,,,,100.0,100.0,8286.3
7391.15,100.0,21803.0,,,,,100.0,100.0,8291.7
7392.15,100.0,21803.0,,,,,100.0,100.0,8283.2
7393.15,0.0,21878.6,,,,,0.0,0.0,8292.4
7394.15,100.0,21944.6,,,,,100.0,100.0,8295.0
7395.15,100.0,21903.3,,,,,100.0,100.0,8296.4
7396.15,100.0,21861.7,,,,,100.0,100.0,8296.6
7397.15,0.0,21861.7,,,,,0.0,0.0,8296.6
7398.15,100.0,21820.0,,,,,100.0,100.0,8296.6
7399.15,100.0,21719.8,,,,,100.0,100.0,8278.3
7400.15,0.0,21761.5,,,,,0.0,0.0,8291.1
7401.15,100.0,21761.5,,,,,100.0,100.0,8278.2
7402.15,100.0,21761.5,,,,,100.0,100.0,8285.8
7403.15,0.0,21844.6,,,,,0.0,0.0,8292.8
7404.15,100.0,21844.6,,,,,100.0,100.0,8282.4
7405.15,100.0,21944.6,,,,,100.0,100.0,8295.1
7406.15,100.0,21903.3,,,,,100.0,100.0,8296.4
7407.15,0.0,21903.3,,,,,0.0,0.0,8296.4
7408.15,100.0,21861.7,,,,,100.0,100.0,8296.6
7409.15,100.0,21820.0,,,,,100.0,100.0,8296.6
7410.15,100.0,21719.8,,,,,100.0,100.0,8296.7
7411.15,0.0,21719.9,,,,,0.0,0.0,8277.4
7412.15,100.0,21740.7,,,,,100.0,100.0,8289.8
7413.15,0.0,21803.0,,,,,0.0,0.0,8278.9
7414.15,100.0,21823.8,,,,,100.0,100.0,8287.0
7415.15,100.0,21844.6,,,,,100.0,100.0,8276.2
7416.15,100.0,21944.6,,,,,100.0,100.0,8295.2
7417.15,0.0,21944.6,,,,,0.0,0.0,8295.2
7418.15,100.0,21903.3,,,,,100.0,100.0,8296.5
7419.15,100.0,21861.7,,,,,100.0,100.0,8296.7
7420.15,100.0,21820.0,,,,,100.0,100.0,8296.7
7421.15,0.0,21820.0,,,,,0.0,0.0,8296.7
7422.15,100.0,21719.9,,,,,100.0,100.0,8291.2
7423.15,0.0,21761.5,,,,,0.0,0.0,8291.4
7424.15,100.0,21782.3,,,,,100.0,100.0,8289.2
7425.15,100.0,21803.0,,,,,100.0,100.0,8277.3
7426.15,100.0,21803.0,,,,,100.0,100.0,8285.7
7427.15,0.0,21878.6,,,,,0.0,0.0,8292.9
7428.15,100.0,21944.6,,,,,100.0,100.0,8295.2
7429.15,100.0,21903.3,,,,,100.0,100.0,8296.6
7430.15,100.0,21861.7,,,,,100.0,100.0,8296.7
7431.15,0.0,21861.7,,,,,0.0,0.0,8296.7
7432.15,100.0,21820.0,,,,,100.0,100.0,8296.7
7433.15,100.0,21719.8,,,,,100.0,100.0,8277.6
7434.15,0.0,21761.5,,,,,0.0,0.0,8291.0
7435.15,100.0,21761.5,,,,,100.0,100.0,8291.1
7436.15,100.0,21761.5,,,,,100.0,100.0,8284.5
7437.15,0.0,21844.6,,,,,0.0,0.0,8292.9
7438.15,100.0,21844.6,,,,,100.0,100.0,8283.3
7439.15,100.0,21944.6,,,,,100.0,100.0,8295.4
7440.16,100.0,21903.1,,,,,100.0,100.0,8296.7
7441.16,0.0,21903.3,,,,,0.0,0.0,8296.7
7442.16,100.0,21861.7,,,,,100.0,100.0,8296.9
7443.16,100.0,21820.0,,,,,100.0,100.0,8296.9
7444.16,100.0,21719.9,,,,,100.0,100.0,8296.9
7445.16,1.23,21719.9,,,,,1.23,1.23,8277.6
7446.16,100.0,21719.9,,,,,100.0,100.0,8287.3
7447.16,0.0,21803.0,,,,,0.0,0.0,8278.2
7448.16,100.0,21803.0,,,,,100.0,100.0,8283.9
7449.16,100.0,21844.6,,,,,100.0,100.0,8293.1
7450.16,100.0,21916.6,,,,,100.0,100.0,8293.9
7451.16,0.0,21944.6,,,,,0.0,0.0,8295.6
7452.16,100.0,21903.3,,,,,100.0,100.0,8296.7
7453.16,100.0,21861.7,,,,,100.0,100.0,8296.9
7454.16,0.0,21861.7,,,,,0.0,0.0,8296.9
7455.16,100.0,21820.0,,,,,100.0,100.0,8296.9
7456.16,100.0,21719.9,,,,,100.0,100.0,8291.1
7457.16,0.0,21761.5,,,,,0.0,0.0,8291.6
7458.16,100.0,21761.5,,,,,100.0,100.0,8285.1
7459.16,100.0,21803.0,,,,,100.0,100.0,8284.6
7460.16,0.0,21844.6,,,,,0.0,0.0,8281.8
7461.16,100.0,21878.6,,,,,100.0,100.0,8292.9
7462.16,100.0,21944.6,,,,,100.0,100.0,8295.5
7463.16,100.0,21903.3,,,,,100.0,100.0,8296.7
7464.16,0.0,21903.3,,,,,0.0,0.0,8296.7
7465.16,100.0,21861.7,,,,,100.0,100.0,8296.9
7466.16,100.0,21820.0,,,,,100.0,100.0,8296.9
7467.16,100.0,21719.8,,,,,100.0,100.0,8277.5
7468.16,0.0,21761.2,,,,,0.0,0.0,8291.3
7469.16,100.0,21761.5,,,,,100.0,100.0,8292.1
7470.16,0.0,21803.0,,,,,0.0,0.0,8282.4
7471.16,100.0,21844.6,,,,,100.0,100.0,8293.2
7472.16,100.0,21844.6,,,,,100.0,100.0,8281.0
7473.16,100.0,21944.6,,,,,100.0,100.0,8295.6
7474.16,0.0,21944.6,,,,,0.0,0.0,8295.6
7475.16,100.0,21902.9,,,,,100.0,100.0,8296.7
7476.16,100.0,21861.3,,,,,100.0,100.0,8296.9
7477.16,100.0,21819.6,,,,,100.0,100.0,8296.9
7478.16,0.0,21819.6,,,,,0.0,0.0,8296.9
7479.16,100.0,21719.5,,,,,100.0,100.0,8277.8
7480.16,0.0,21761.1,,,,,0.0,0.0,8285.7
7481.16,100.0,21902.7,,,,,100.0,100.0,8296.0
7482.16,100.0,21861.2,,,,,100.0,100.0,8296.1
7483.16,100.0,21819.6,,,,,100.0,100.0,8296.1
7484.16,0.0,21819.6,,,,,0.0,0.0,8296.1
7485.16,100.0,21685.1,,,,,100.0,100.0,8308.2
7486.16,0.39,5468.0,,,,,0.02,0.76,8420.9
7487.16,0.0,5468.0,,,,,0.0,0.0,8444.1
7488.16,0.0,5468.0,,,,,0.0,0.0,8549.3
7489.16,0.0,5468.0,,,,,0.0,0.0,8657.0
7490.16,0.0,5468.0,,,,,0.0,0.0,8730.2
7491.16,0.0,5468.0,,,,,0.0,0.0,8805.5
7492.16,0.0,5468.0,,,,,0.0,0.0,8907.1
7493.16,0.0,0.0,,,,,0.0,0.0,0.0
