/opt/aws_neuronx_venv_pytorch_2_9_nxd_inference/lib/python3.12/site-packages/neuronx_distributed/modules/moe/blockwise.py:100: DeprecationWarning: torch_neuronx.nki_jit is deprecated, use nki.jit instead.
  component, error = import_nki(config)
/opt/aws_neuronx_venv_pytorch_2_9_nxd_inference/lib/python3.12/site-packages/neuronx_distributed/modules/moe/blockwise.py:102: UserWarning: Warning: Failed to import blockwise_mm_baseline_shard_hidden: No module named 'neuronxcc.nki._private.blockwise_mm'
  warnings.warn(f"Warning: {error}")
/opt/aws_neuronx_venv_pytorch_2_9_nxd_inference/lib/python3.12/site-packages/neuronx_distributed/modules/moe/blockwise.py:102: UserWarning: Warning: Failed to import blockwise_mm_bwd: No module named 'neuronxcc.nki._private.blockwise_mm_bwd'
  warnings.warn(f"Warning: {error}")
/opt/aws_neuronx_venv_pytorch_2_9_nxd_inference/lib/python3.12/site-packages/neuronx_distributed/modules/moe/blockwise.py:102: UserWarning: Warning: Failed to import blockwise_mm_bwd_baseline_shard_hidden: No module named 'neuronxcc.nki._private.blockwise_mm_bwd'
  warnings.warn(f"Warning: {error}")
/opt/aws_neuronx_venv_pytorch_2_9_nxd_inference/lib/python3.12/site-packages/neuronx_distributed_inference/inference_demo.py:27: DeprecationWarning: torch_neuronx.nki_jit is deprecated, use nki.jit instead.
  from neuronx_distributed_inference.models.dbrx.modeling_dbrx import NeuronDbrxForCausalLM
/opt/aws_neuronx_venv_pytorch_2_9_nxd_inference/lib/python3.12/site-packages/neuronx_distributed_inference/inference_demo.py:30: DeprecationWarning: torch_neuronx.nki_jit is deprecated, use nki.jit instead.
  from neuronx_distributed_inference.models.mixtral.modeling_mixtral import NeuronMixtralForCausalLM
/opt/aws_neuronx_venv_pytorch_2_9_nxd_inference/lib/python3.12/site-packages/neuronx_distributed_inference/inference_demo.py:33: DeprecationWarning: torch_neuronx.nki_jit is deprecated, use nki.jit instead.
  from neuronx_distributed_inference.models.qwen3_moe.modeling_qwen3_moe import NeuronQwen3MoeForCausalLM
/opt/aws_neuronx_venv_pytorch_2_9_nxd_inference/lib/python3.12/site-packages/neuronx_distributed_inference/utils/accuracy.py:38: UserWarning: Intel extension for pytorch not found. For faster CPU references install `intel-extension-for-pytorch`.
  warnings.warn(
/opt/aws_neuronx_venv_pytorch_2_9_nxd_inference/lib/python3.12/site-packages/neuronx_distributed_inference/models/config.py:560: UserWarning: modules_to_not_convert is not provided. Assuming all modules will be quantized.
  warnings.warn(
WARNING:root:NeuronConfig init: Unexpected keyword arguments: {'model_type': 'llama', 'task_type': 'causal-lm', 'model_path': '/opt/np/models/hf/hub/models--meta-llama--Llama-3.1-8B-Instruct/snapshots/0e9e39f249a16976918f6564b8830bc894c89659', 'compiled_model_path': '/opt/np/models/neuron-compiled/ppl_int8', 'benchmark': False, 'check_accuracy_mode': <CheckAccuracyMode.SKIP_ACCURACY_CHECK: 'skip-accuracy-check'>, 'divergence_difference_tol': 0.001, 'prompts': ['placeholder'], 'top_k': 1, 'top_p': 1.0, 'temperature': 1.0, 'do_sample': False, 'dynamic': False, 'pad_token_id': 0, 'top_k_kernel_enabled': False, 'on_device_sampling': False, 'k_quant_method': <QuantizationType.PER_TENSOR_SYMMETRIC: 'per_tensor_symmetric'>, 'v_quant_method': <QuantizationType.PER_TENSOR_SYMMETRIC: 'per_tensor_symmetric'>, 'kv_quant_dtype': torch.float8_e4m3fn, 'kv_direct_cast': True, 'early_expert_affinity_modulation': False, 'disable_normalize_top_k_affinities': False, 'fused_shared_experts': False, 'moe_tp_degree': 1, 'moe_ep_degree': 1, 'enable_torch_dist': False, 'is_chunked_prefill': False, 'enable_lora': False, 'enable_dynamic_multi_lora': False, 'max_loras': 1, 'max_lora_rank': 16, 'max_cpu_loras': 1, 'benchmark_report_path': './benchmark_report.json', 'skip_compile': False, 'compile_only': False, 'compile_dry_run': False, 'hlo_debug': False}
Loading configs...
Loading checkpoint shards:   0%|          | 0/4 [00:00<?, ?it/s]Loading checkpoint shards:  25%|██▌       | 1/4 [00:06<00:19,  6.45s/it]Loading checkpoint shards:  50%|█████     | 2/4 [00:14<00:14,  7.40s/it]Loading checkpoint shards:  75%|███████▌  | 3/4 [02:15<00:59, 59.39s/it]Loading checkpoint shards: 100%|██████████| 4/4 [02:51<00:00, 49.85s/it]Loading checkpoint shards: 100%|██████████| 4/4 [02:51<00:00, 42.77s/it]
The module name  (originally ) is not a valid Python identifier. Please rename the original module to avoid import issues.
INFO:Neuron:Saving quantized state dict as torch pt file to: /opt/np/models/quantized/int8
INFO:Neuron:Saving the neuron_config to /opt/np/models/neuron-compiled/ppl_int8/
INFO:Neuron:Generating HLOs for the following models: ['context_encoding_model', 'token_generation_model']
Will be deleting following keys as its Value is None: ['layers.19.self_attn.q_proj.bias', 'layers.0.self_attn.o_proj.bias', 'layers.15.mlp.up_proj.bias', 'layers.23.self_attn.q_proj.bias', 'layers.24.self_attn.q_proj.bias', 'layers.27.self_attn.q_proj.bias', 'layers.25.self_attn.v_proj.bias', 'layers.19.mlp.down_proj.bias', 'layers.14.mlp.up_proj.bias', 'layers.13.mlp.down_proj.bias', 'layers.28.mlp.down_proj.bias', 'layers.29.mlp.down_proj.bias', 'layers.30.self_attn.q_proj.bias', 'layers.14.mlp.gate_proj.bias', 'layers.29.mlp.gate_proj.bias', 'layers.0.mlp.gate_proj.bias', 'layers.17.mlp.up_proj.bias', 'layers.3.self_attn.k_proj.bias', 'layers.30.self_attn.k_proj.bias', 'layers.4.mlp.up_proj.bias', 'layers.18.self_attn.o_proj.bias', 'layers.16.mlp.gate_proj.bias', 'layers.14.self_attn.k_proj.bias', 'layers.27.mlp.gate_proj.bias', 'layers.9.mlp.up_proj.bias', 'layers.0.self_attn.v_proj.bias', 'layers.0.mlp.up_proj.bias', 'layers.11.mlp.gate_proj.bias', 'layers.30.mlp.up_proj.bias', 'layers.5.self_attn.v_proj.bias', 'layers.13.self_attn.o_proj.bias', 'layers.5.self_attn.k_proj.bias', 'layers.22.self_attn.q_proj.bias', 'layers.30.mlp.down_proj.bias', 'layers.13.self_attn.q_proj.bias', 'layers.28.self_attn.o_proj.bias', 'layers.20.self_attn.o_proj.bias', 'layers.8.mlp.up_proj.bias', 'layers.3.self_attn.v_proj.bias', 'layers.22.mlp.up_proj.bias', 'layers.18.self_attn.v_proj.bias', 'layers.23.self_attn.o_proj.bias', 'layers.16.mlp.up_proj.bias', 'layers.5.mlp.down_proj.bias', 'layers.23.mlp.down_proj.bias', 'layers.31.self_attn.o_proj.bias', 'layers.17.self_attn.k_proj.bias', 'layers.6.mlp.down_proj.bias', 'layers.3.self_attn.q_proj.bias', 'layers.22.mlp.down_proj.bias', 'layers.11.mlp.down_proj.bias', 'layers.2.mlp.up_proj.bias', 'layers.9.self_attn.q_proj.bias', 'layers.10.self_attn.k_proj.bias', 'layers.26.self_attn.k_proj.bias', 'layers.10.mlp.gate_proj.bias', 'layers.19.mlp.gate_proj.bias', 'layers.12.self_attn.k_proj.bias', 'layers.25.self_attn.o_proj.bias', 'layers.23.self_attn.v_proj.bias', 'layers.29.self_attn.v_proj.bias', 'layers.13.mlp.gate_proj.bias', 'layers.5.self_attn.q_proj.bias', 'layers.25.mlp.up_proj.bias', 'layers.17.mlp.gate_proj.bias', 'layers.26.self_attn.o_proj.bias', 'layers.17.self_attn.q_proj.bias', 'layers.16.self_attn.k_proj.bias', 'layers.8.self_attn.k_proj.bias', 'layers.11.self_attn.v_proj.bias', 'layers.29.self_attn.o_proj.bias', 'layers.27.mlp.down_proj.bias', 'layers.21.self_attn.v_proj.bias', 'layers.4.self_attn.k_proj.bias', 'layers.31.self_attn.v_proj.bias', 'layers.0.self_attn.q_proj.bias', 'layers.8.self_attn.o_proj.bias', 'layers.13.self_attn.k_proj.bias', 'layers.15.mlp.gate_proj.bias', 'layers.29.self_attn.k_proj.bias', 'layers.21.self_attn.o_proj.bias', 'layers.11.self_attn.k_proj.bias', 'layers.24.self_attn.k_proj.bias', 'layers.19.self_attn.k_proj.bias', 'layers.28.mlp.up_proj.bias', 'layers.7.mlp.gate_proj.bias', 'layers.28.mlp.gate_proj.bias', 'layers.6.mlp.gate_proj.bias', 'layers.3.mlp.gate_proj.bias', 'layers.27.self_attn.o_proj.bias', 'layers.7.mlp.up_proj.bias', 'layers.10.mlp.down_proj.bias', 'layers.14.mlp.down_proj.bias', 'layers.6.mlp.up_proj.bias', 'layers.3.mlp.up_proj.bias', 'layers.14.self_attn.o_proj.bias', 'layers.25.self_attn.k_proj.bias', 'layers.23.mlp.up_proj.bias', 'layers.19.self_attn.v_proj.bias', 'layers.22.self_attn.k_proj.bias', 'layers.28.self_attn.v_proj.bias', 'layers.21.self_attn.q_proj.bias', 'layers.7.mlp.down_proj.bias', 'layers.0.mlp.down_proj.bias', 'layers.21.mlp.gate_proj.bias', 'layers.9.mlp.down_proj.bias', 'layers.24.self_attn.o_proj.bias', 'layers.5.mlp.up_proj.bias', 'layers.11.mlp.up_proj.bias', 'layers.25.self_attn.q_proj.bias', 'layers.21.mlp.down_proj.bias', 'layers.31.self_attn.q_proj.bias', 'layers.9.self_attn.v_proj.bias', 'layers.15.self_attn.v_proj.bias', 'layers.15.self_attn.k_proj.bias', 'layers.2.self_attn.q_proj.bias', 'layers.25.mlp.down_proj.bias', 'layers.2.self_attn.o_proj.bias', 'layers.27.self_attn.k_proj.bias', 'layers.10.self_attn.o_proj.bias', 'layers.3.mlp.down_proj.bias', 'layers.2.self_attn.v_proj.bias', 'layers.19.mlp.up_proj.bias', 'layers.13.self_attn.v_proj.bias', 'layers.21.self_attn.k_proj.bias', 'layers.24.mlp.up_proj.bias', 'layers.24.self_attn.v_proj.bias', 'layers.31.mlp.up_proj.bias', 'layers.10.mlp.up_proj.bias', 'layers.30.self_attn.v_proj.bias', 'layers.18.self_attn.k_proj.bias', 'layers.10.self_attn.v_proj.bias', 'layers.16.self_attn.o_proj.bias', 'layers.23.mlp.gate_proj.bias', 'layers.6.self_attn.v_proj.bias', 'layers.31.mlp.down_proj.bias', 'layers.10.self_attn.q_proj.bias', 'layers.1.mlp.up_proj.bias', 'layers.2.mlp.down_proj.bias', 'layers.16.self_attn.v_proj.bias', 'layers.12.mlp.up_proj.bias', 'layers.26.self_attn.v_proj.bias', 'layers.4.self_attn.q_proj.bias', 'layers.19.self_attn.o_proj.bias', 'layers.20.self_attn.k_proj.bias', 'layers.18.mlp.up_proj.bias', 'layers.24.mlp.down_proj.bias', 'layers.12.mlp.gate_proj.bias', 'layers.5.mlp.gate_proj.bias', 'layers.4.self_attn.o_proj.bias', 'layers.9.mlp.gate_proj.bias', 'layers.17.self_attn.o_proj.bias', 'layers.17.mlp.down_proj.bias', 'layers.1.self_attn.v_proj.bias', 'layers.2.mlp.gate_proj.bias', 'layers.7.self_attn.k_proj.bias', 'layers.22.self_attn.o_proj.bias', 'layers.14.self_attn.q_proj.bias', 'layers.29.mlp.up_proj.bias', 'layers.30.mlp.gate_proj.bias', 'layers.20.mlp.up_proj.bias', 'layers.18.mlp.down_proj.bias', 'layers.28.self_attn.k_proj.bias', 'layers.6.self_attn.o_proj.bias', 'layers.5.self_attn.o_proj.bias', 'layers.4.mlp.gate_proj.bias', 'layers.25.mlp.gate_proj.bias', 'layers.28.self_attn.q_proj.bias', 'layers.1.self_attn.k_proj.bias', 'layers.12.mlp.down_proj.bias', 'layers.1.self_attn.q_proj.bias', 'layers.3.self_attn.o_proj.bias', 'layers.18.mlp.gate_proj.bias', 'layers.20.self_attn.q_proj.bias', 'layers.18.self_attn.q_proj.bias', 'layers.23.self_attn.k_proj.bias', 'layers.12.self_attn.v_proj.bias', 'layers.21.mlp.up_proj.bias', 'layers.7.self_attn.o_proj.bias', 'layers.8.mlp.gate_proj.bias', 'layers.8.mlp.down_proj.bias', 'layers.31.self_attn.k_proj.bias', 'layers.13.mlp.up_proj.bias', 'layers.15.self_attn.q_proj.bias', 'layers.24.mlp.gate_proj.bias', 'layers.4.self_attn.v_proj.bias', 'layers.1.mlp.down_proj.bias', 'layers.22.mlp.gate_proj.bias', 'layers.29.self_attn.q_proj.bias', 'layers.15.self_attn.o_proj.bias', 'layers.0.self_attn.k_proj.bias', 'layers.2.self_attn.k_proj.bias', 'layers.26.mlp.gate_proj.bias', 'layers.8.self_attn.q_proj.bias', 'layers.7.self_attn.v_proj.bias', 'layers.7.self_attn.q_proj.bias', 'layers.20.mlp.gate_proj.bias', 'layers.12.self_attn.q_proj.bias', 'layers.6.self_attn.k_proj.bias', 'layers.26.mlp.up_proj.bias', 'layers.12.self_attn.o_proj.bias', 'layers.26.self_attn.q_proj.bias', 'layers.31.mlp.gate_proj.bias', 'layers.14.self_attn.v_proj.bias', 'layers.11.self_attn.q_proj.bias', 'layers.9.self_attn.o_proj.bias', 'layers.20.self_attn.v_proj.bias', 'layers.26.mlp.down_proj.bias', 'layers.8.self_attn.v_proj.bias', 'layers.17.self_attn.v_proj.bias', 'layers.1.self_attn.o_proj.bias', 'layers.27.self_attn.v_proj.bias', 'layers.27.mlp.up_proj.bias', 'layers.1.mlp.gate_proj.bias', 'layers.9.self_attn.k_proj.bias', 'layers.16.mlp.down_proj.bias', 'layers.22.self_attn.v_proj.bias', 'layers.6.self_attn.q_proj.bias', 'layers.11.self_attn.o_proj.bias', 'layers.15.mlp.down_proj.bias', 'layers.4.mlp.down_proj.bias', 'layers.30.self_attn.o_proj.bias', 'layers.16.self_attn.q_proj.bias', 'layers.20.mlp.down_proj.bias', 'lm_head.bias']

Compiling and saving model...
[2026-08-20 07:04:13.848: I neuronx_distributed/parallel_layers/parallel_state.py:638] > initializing tensor model parallel with size 2
[2026-08-20 07:04:13.869: I neuronx_distributed/parallel_layers/parallel_state.py:639] > initializing pipeline model parallel with size 1
[2026-08-20 07:04:13.869: I neuronx_distributed/parallel_layers/parallel_state.py:640] > initializing context model parallel with size 1
[2026-08-20 07:04:13.869: I neuronx_distributed/parallel_layers/parallel_state.py:641] > initializing data parallel with size 1
[2026-08-20 07:04:13.869: I neuronx_distributed/parallel_layers/parallel_state.py:642] > initializing world size to 2
[2026-08-20 07:04:13.889: I neuronx_distributed/parallel_layers/parallel_state.py:387] [rank_0_pp-1_tp-1_dp-1_cp-1] Chosen Logic for replica groups ret_logic=<PG_Group_Logic.LOGIC1: (<function ascending_ring_PG_group at 0x7ac8d77c9440>, 'Ascending Ring PG Group')>
[2026-08-20 07:04:13.906: I neuronx_distributed/parallel_layers/parallel_state.py:666] [rank_0_pp-1_tp-1_dp-1_cp-1] tp_groups: replica_groups.tp_groups=[[0, 1]]
[2026-08-20 07:04:13.906: I neuronx_distributed/parallel_layers/parallel_state.py:667] [rank_0_pp-1_tp-1_dp-1_cp-1] dp_groups: replica_groups.dp_groups=[[0], [1]]
[2026-08-20 07:04:13.907: I neuronx_distributed/parallel_layers/parallel_state.py:668] [rank_0_pp-1_tp-1_dp-1_cp-1] pp_groups: replica_groups.pp_groups=[[0], [1]]
[2026-08-20 07:04:13.907: I neuronx_distributed/parallel_layers/parallel_state.py:669] [rank_0_pp-1_tp-1_dp-1_cp-1] cp_groups: replica_groups.cp_groups=[[0], [1]]
[2026-08-20 07:04:13.907: I neuronx_distributed/parallel_layers/parallel_state.py:670] [rank_0_pp-1_tp-1_dp-1_cp-1] ep_model_groups: replica_groups.ep_model_groups=[[0], [1]]
[2026-08-20 07:04:13.907: I neuronx_distributed/parallel_layers/parallel_state.py:671] [rank_0_pp-1_tp-1_dp-1_cp-1] ep_data_groups: replica_groups.ep_data_groups=[[0], [1]]
INFO:Neuron:Generating 1 hlos for key: context_encoding_model
INFO:Neuron:Minimal metadata will be added to HLO
INFO:Neuron:Started loading module context_encoding_model
WARNING:Neuron:TP degree (2) and KV heads (8) are not divisible. Overriding attention sharding strategy to GQA.CONVERT_TO_MHA!
WARNING:Neuron:TP degree (2) and KV heads (8) are not divisible. Overriding attention sharding strategy to GQA.CONVERT_TO_MHA!
WARNING:Neuron:TP degree (2) and KV heads (8) are not divisible. Overriding attention sharding strategy to GQA.CONVERT_TO_MHA!
WARNING:Neuron:TP degree (2) and KV heads (8) are not divisible. Overriding attention sharding strategy to GQA.CONVERT_TO_MHA!
WARNING:Neuron:TP degree (2) and KV heads (8) are not divisible. Overriding attention sharding strategy to GQA.CONVERT_TO_MHA!
WARNING:Neuron:TP degree (2) and KV heads (8) are not divisible. Overriding attention sharding strategy to GQA.CONVERT_TO_MHA!
WARNING:Neuron:TP degree (2) and KV heads (8) are not divisible. Overriding attention sharding strategy to GQA.CONVERT_TO_MHA!
WARNING:Neuron:TP degree (2) and KV heads (8) are not divisible. Overriding attention sharding strategy to GQA.CONVERT_TO_MHA!
WARNING:Neuron:TP degree (2) and KV heads (8) are not divisible. Overriding attention sharding strategy to GQA.CONVERT_TO_MHA!
WARNING:Neuron:TP degree (2) and KV heads (8) are not divisible. Overriding attention sharding strategy to GQA.CONVERT_TO_MHA!
WARNING:Neuron:TP degree (2) and KV heads (8) are not divisible. Overriding attention sharding strategy to GQA.CONVERT_TO_MHA!
WARNING:Neuron:TP degree (2) and KV heads (8) are not divisible. Overriding attention sharding strategy to GQA.CONVERT_TO_MHA!
WARNING:Neuron:TP degree (2) and KV heads (8) are not divisible. Overriding attention sharding strategy to GQA.CONVERT_TO_MHA!
WARNING:Neuron:TP degree (2) and KV heads (8) are not divisible. Overriding attention sharding strategy to GQA.CONVERT_TO_MHA!
WARNING:Neuron:TP degree (2) and KV heads (8) are not divisible. Overriding attention sharding strategy to GQA.CONVERT_TO_MHA!
WARNING:Neuron:TP degree (2) and KV heads (8) are not divisible. Overriding attention sharding strategy to GQA.CONVERT_TO_MHA!
WARNING:Neuron:TP degree (2) and KV heads (8) are not divisible. Overriding attention sharding strategy to GQA.CONVERT_TO_MHA!
WARNING:Neuron:TP degree (2) and KV heads (8) are not divisible. Overriding attention sharding strategy to GQA.CONVERT_TO_MHA!
WARNING:Neuron:TP degree (2) and KV heads (8) are not divisible. Overriding attention sharding strategy to GQA.CONVERT_TO_MHA!
WARNING:Neuron:TP degree (2) and KV heads (8) are not divisible. Overriding attention sharding strategy to GQA.CONVERT_TO_MHA!
WARNING:Neuron:TP degree (2) and KV heads (8) are not divisible. Overriding attention sharding strategy to GQA.CONVERT_TO_MHA!
WARNING:Neuron:TP degree (2) and KV heads (8) are not divisible. Overriding attention sharding strategy to GQA.CONVERT_TO_MHA!
WARNING:Neuron:TP degree (2) and KV heads (8) are not divisible. Overriding attention sharding strategy to GQA.CONVERT_TO_MHA!
WARNING:Neuron:TP degree (2) and KV heads (8) are not divisible. Overriding attention sharding strategy to GQA.CONVERT_TO_MHA!
WARNING:Neuron:TP degree (2) and KV heads (8) are not divisible. Overriding attention sharding strategy to GQA.CONVERT_TO_MHA!
WARNING:Neuron:TP degree (2) and KV heads (8) are not divisible. Overriding attention sharding strategy to GQA.CONVERT_TO_MHA!
WARNING:Neuron:TP degree (2) and KV heads (8) are not divisible. Overriding attention sharding strategy to GQA.CONVERT_TO_MHA!
WARNING:Neuron:TP degree (2) and KV heads (8) are not divisible. Overriding attention sharding strategy to GQA.CONVERT_TO_MHA!
WARNING:Neuron:TP degree (2) and KV heads (8) are not divisible. Overriding attention sharding strategy to GQA.CONVERT_TO_MHA!
WARNING:Neuron:TP degree (2) and KV heads (8) are not divisible. Overriding attention sharding strategy to GQA.CONVERT_TO_MHA!
WARNING:Neuron:TP degree (2) and KV heads (8) are not divisible. Overriding attention sharding strategy to GQA.CONVERT_TO_MHA!
WARNING:Neuron:TP degree (2) and KV heads (8) are not divisible. Overriding attention sharding strategy to GQA.CONVERT_TO_MHA!
WARNING:Neuron:TP degree (2) and KV heads (8) are not divisible. Overriding attention sharding strategy to GQA.CONVERT_TO_MHA!
WARNING:Neuron:TP degree (2) and KV heads (8) are not divisible. Overriding attention sharding strategy to GQA.CONVERT_TO_MHA!
WARNING:Neuron:TP degree (2) and KV heads (8) are not divisible. Overriding attention sharding strategy to GQA.CONVERT_TO_MHA!
WARNING:Neuron:TP degree (2) and KV heads (8) are not divisible. Overriding attention sharding strategy to GQA.CONVERT_TO_MHA!
WARNING:Neuron:TP degree (2) and KV heads (8) are not divisible. Overriding attention sharding strategy to GQA.CONVERT_TO_MHA!
WARNING:Neuron:TP degree (2) and KV heads (8) are not divisible. Overriding attention sharding strategy to GQA.CONVERT_TO_MHA!
WARNING:Neuron:TP degree (2) and KV heads (8) are not divisible. Overriding attention sharding strategy to GQA.CONVERT_TO_MHA!
WARNING:Neuron:TP degree (2) and KV heads (8) are not divisible. Overriding attention sharding strategy to GQA.CONVERT_TO_MHA!
WARNING:Neuron:TP degree (2) and KV heads (8) are not divisible. Overriding attention sharding strategy to GQA.CONVERT_TO_MHA!
WARNING:Neuron:TP degree (2) and KV heads (8) are not divisible. Overriding attention sharding strategy to GQA.CONVERT_TO_MHA!
WARNING:Neuron:TP degree (2) and KV heads (8) are not divisible. Overriding attention sharding strategy to GQA.CONVERT_TO_MHA!
WARNING:Neuron:TP degree (2) and KV heads (8) are not divisible. Overriding attention sharding strategy to GQA.CONVERT_TO_MHA!
WARNING:Neuron:TP degree (2) and KV heads (8) are not divisible. Overriding attention sharding strategy to GQA.CONVERT_TO_MHA!
WARNING:Neuron:TP degree (2) and KV heads (8) are not divisible. Overriding attention sharding strategy to GQA.CONVERT_TO_MHA!
WARNING:Neuron:TP degree (2) and KV heads (8) are not divisible. Overriding attention sharding strategy to GQA.CONVERT_TO_MHA!
WARNING:Neuron:TP degree (2) and KV heads (8) are not divisible. Overriding attention sharding strategy to GQA.CONVERT_TO_MHA!
WARNING:Neuron:TP degree (2) and KV heads (8) are not divisible. Overriding attention sharding strategy to GQA.CONVERT_TO_MHA!
WARNING:Neuron:TP degree (2) and KV heads (8) are not divisible. Overriding attention sharding strategy to GQA.CONVERT_TO_MHA!
WARNING:Neuron:TP degree (2) and KV heads (8) are not divisible. Overriding attention sharding strategy to GQA.CONVERT_TO_MHA!
WARNING:Neuron:TP degree (2) and KV heads (8) are not divisible. Overriding attention sharding strategy to GQA.CONVERT_TO_MHA!
WARNING:Neuron:TP degree (2) and KV heads (8) are not divisible. Overriding attention sharding strategy to GQA.CONVERT_TO_MHA!
WARNING:Neuron:TP degree (2) and KV heads (8) are not divisible. Overriding attention sharding strategy to GQA.CONVERT_TO_MHA!
WARNING:Neuron:TP degree (2) and KV heads (8) are not divisible. Overriding attention sharding strategy to GQA.CONVERT_TO_MHA!
WARNING:Neuron:TP degree (2) and KV heads (8) are not divisible. Overriding attention sharding strategy to GQA.CONVERT_TO_MHA!
WARNING:Neuron:TP degree (2) and KV heads (8) are not divisible. Overriding attention sharding strategy to GQA.CONVERT_TO_MHA!
WARNING:Neuron:TP degree (2) and KV heads (8) are not divisible. Overriding attention sharding strategy to GQA.CONVERT_TO_MHA!
WARNING:Neuron:TP degree (2) and KV heads (8) are not divisible. Overriding attention sharding strategy to GQA.CONVERT_TO_MHA!
WARNING:Neuron:TP degree (2) and KV heads (8) are not divisible. Overriding attention sharding strategy to GQA.CONVERT_TO_MHA!
WARNING:Neuron:TP degree (2) and KV heads (8) are not divisible. Overriding attention sharding strategy to GQA.CONVERT_TO_MHA!
WARNING:Neuron:TP degree (2) and KV heads (8) are not divisible. Overriding attention sharding strategy to GQA.CONVERT_TO_MHA!
WARNING:Neuron:TP degree (2) and KV heads (8) are not divisible. Overriding attention sharding strategy to GQA.CONVERT_TO_MHA!
WARNING:Neuron:TP degree (2) and KV heads (8) are not divisible. Overriding attention sharding strategy to GQA.CONVERT_TO_MHA!
WARNING:Neuron:TP degree (2) and KV heads (8) are not divisible. Overriding attention sharding strategy to GQA.CONVERT_TO_MHA!
INFO:Neuron:Finished loading module context_encoding_model in 0.442690372467041 seconds
INFO:Neuron:generating HLO: context_encoding_model, input example shape = torch.Size([1, 1024])
/opt/aws_neuronx_venv_pytorch_2_9_nxd_inference/lib/python3.12/site-packages/neuronx_distributed/parallel_layers/layers.py:531: FutureWarning: `torch.cuda.amp.autocast(args...)` is deprecated. Please use `torch.amp.autocast('cuda', args...)` instead.
  with torch.cuda.amp.autocast(enabled=False):
/opt/aws_neuronx_venv_pytorch_2_9_nxd_inference/lib/python3.12/site-packages/neuronx_distributed/quantization/quantization_layers.py:687: UserWarning: The use of `x.T` on tensors of dimension other than 2 to reverse their shape is deprecated and it will throw an error in a future release. Consider `x.mT` to transpose batches of matrices or `x.permute(*torch.arange(x.ndim - 1, -1, -1))` to reverse the dimensions of a tensor. (Triggered internally at /pytorch/aten/src/ATen/native/TensorShape.cpp:4416.)
  tensor=output_parallel, scale=self.scale.T, upcast_dtype=output_parallel.dtype
/opt/aws_neuronx_venv_pytorch_2_9_nxd_inference/lib/python3.12/site-packages/torch_neuronx/xla_impl/hlo_conversion.py:470: UserWarning: Received an input tensor that was unused or used in a non-static way when traced so the tensor will be ignored. (index=1, shape=torch.Size([1, 1024]), dtype=torch.int32). The non-static usage could happen when the traced function expects the input tensor's shape to change (i.e., using the shape to do index slicing), which is not allowed by inference trace expecting static input shapes.
  warnings.warn(
/opt/aws_neuronx_venv_pytorch_2_9_nxd_inference/lib/python3.12/site-packages/torch_neuronx/xla_impl/hlo_conversion.py:470: UserWarning: Received an input tensor that was unused or used in a non-static way when traced so the tensor will be ignored. (index=3, shape=torch.Size([1]), dtype=torch.int32). The non-static usage could happen when the traced function expects the input tensor's shape to change (i.e., using the shape to do index slicing), which is not allowed by inference trace expecting static input shapes.
  warnings.warn(
/opt/aws_neuronx_venv_pytorch_2_9_nxd_inference/lib/python3.12/site-packages/torch_neuronx/xla_impl/hlo_conversion.py:470: UserWarning: Received an input tensor that was unused or used in a non-static way when traced so the tensor will be ignored. (index=4, shape=torch.Size([1, 3]), dtype=torch.float32). The non-static usage could happen when the traced function expects the input tensor's shape to change (i.e., using the shape to do index slicing), which is not allowed by inference trace expecting static input shapes.
  warnings.warn(
/opt/aws_neuronx_venv_pytorch_2_9_nxd_inference/lib/python3.12/site-packages/torch_neuronx/xla_impl/hlo_conversion.py:470: UserWarning: Received an input tensor that was unused or used in a non-static way when traced so the tensor will be ignored. (index=5, shape=torch.Size([1]), dtype=torch.int32). The non-static usage could happen when the traced function expects the input tensor's shape to change (i.e., using the shape to do index slicing), which is not allowed by inference trace expecting static input shapes.
  warnings.warn(
/opt/aws_neuronx_venv_pytorch_2_9_nxd_inference/lib/python3.12/site-packages/torch_neuronx/xla_impl/hlo_conversion.py:470: UserWarning: Received an input tensor that was unused or used in a non-static way when traced so the tensor will be ignored. (index=6, shape=torch.Size([1]), dtype=torch.int32). The non-static usage could happen when the traced function expects the input tensor's shape to change (i.e., using the shape to do index slicing), which is not allowed by inference trace expecting static input shapes.
  warnings.warn(
INFO:Neuron:Finished generating HLO for context_encoding_model in 11.011291265487671 seconds, input example shape = torch.Size([1, 1024])
INFO:Neuron:Generating 1 hlos for key: token_generation_model
INFO:Neuron:Minimal metadata will be added to HLO
INFO:Neuron:Started loading module token_generation_model
WARNING:Neuron:TP degree (2) and KV heads (8) are not divisible. Overriding attention sharding strategy to GQA.CONVERT_TO_MHA!
WARNING:Neuron:TP degree (2) and KV heads (8) are not divisible. Overriding attention sharding strategy to GQA.CONVERT_TO_MHA!
WARNING:Neuron:TP degree (2) and KV heads (8) are not divisible. Overriding attention sharding strategy to GQA.CONVERT_TO_MHA!
WARNING:Neuron:TP degree (2) and KV heads (8) are not divisible. Overriding attention sharding strategy to GQA.CONVERT_TO_MHA!
WARNING:Neuron:TP degree (2) and KV heads (8) are not divisible. Overriding attention sharding strategy to GQA.CONVERT_TO_MHA!
WARNING:Neuron:TP degree (2) and KV heads (8) are not divisible. Overriding attention sharding strategy to GQA.CONVERT_TO_MHA!
WARNING:Neuron:TP degree (2) and KV heads (8) are not divisible. Overriding attention sharding strategy to GQA.CONVERT_TO_MHA!
WARNING:Neuron:TP degree (2) and KV heads (8) are not divisible. Overriding attention sharding strategy to GQA.CONVERT_TO_MHA!
WARNING:Neuron:TP degree (2) and KV heads (8) are not divisible. Overriding attention sharding strategy to GQA.CONVERT_TO_MHA!
WARNING:Neuron:TP degree (2) and KV heads (8) are not divisible. Overriding attention sharding strategy to GQA.CONVERT_TO_MHA!
WARNING:Neuron:TP degree (2) and KV heads (8) are not divisible. Overriding attention sharding strategy to GQA.CONVERT_TO_MHA!
WARNING:Neuron:TP degree (2) and KV heads (8) are not divisible. Overriding attention sharding strategy to GQA.CONVERT_TO_MHA!
WARNING:Neuron:TP degree (2) and KV heads (8) are not divisible. Overriding attention sharding strategy to GQA.CONVERT_TO_MHA!
WARNING:Neuron:TP degree (2) and KV heads (8) are not divisible. Overriding attention sharding strategy to GQA.CONVERT_TO_MHA!
WARNING:Neuron:TP degree (2) and KV heads (8) are not divisible. Overriding attention sharding strategy to GQA.CONVERT_TO_MHA!
WARNING:Neuron:TP degree (2) and KV heads (8) are not divisible. Overriding attention sharding strategy to GQA.CONVERT_TO_MHA!
WARNING:Neuron:TP degree (2) and KV heads (8) are not divisible. Overriding attention sharding strategy to GQA.CONVERT_TO_MHA!
WARNING:Neuron:TP degree (2) and KV heads (8) are not divisible. Overriding attention sharding strategy to GQA.CONVERT_TO_MHA!
WARNING:Neuron:TP degree (2) and KV heads (8) are not divisible. Overriding attention sharding strategy to GQA.CONVERT_TO_MHA!
WARNING:Neuron:TP degree (2) and KV heads (8) are not divisible. Overriding attention sharding strategy to GQA.CONVERT_TO_MHA!
WARNING:Neuron:TP degree (2) and KV heads (8) are not divisible. Overriding attention sharding strategy to GQA.CONVERT_TO_MHA!
WARNING:Neuron:TP degree (2) and KV heads (8) are not divisible. Overriding attention sharding strategy to GQA.CONVERT_TO_MHA!
WARNING:Neuron:TP degree (2) and KV heads (8) are not divisible. Overriding attention sharding strategy to GQA.CONVERT_TO_MHA!
WARNING:Neuron:TP degree (2) and KV heads (8) are not divisible. Overriding attention sharding strategy to GQA.CONVERT_TO_MHA!
WARNING:Neuron:TP degree (2) and KV heads (8) are not divisible. Overriding attention sharding strategy to GQA.CONVERT_TO_MHA!
WARNING:Neuron:TP degree (2) and KV heads (8) are not divisible. Overriding attention sharding strategy to GQA.CONVERT_TO_MHA!
WARNING:Neuron:TP degree (2) and KV heads (8) are not divisible. Overriding attention sharding strategy to GQA.CONVERT_TO_MHA!
WARNING:Neuron:TP degree (2) and KV heads (8) are not divisible. Overriding attention sharding strategy to GQA.CONVERT_TO_MHA!
WARNING:Neuron:TP degree (2) and KV heads (8) are not divisible. Overriding attention sharding strategy to GQA.CONVERT_TO_MHA!
WARNING:Neuron:TP degree (2) and KV heads (8) are not divisible. Overriding attention sharding strategy to GQA.CONVERT_TO_MHA!
WARNING:Neuron:TP degree (2) and KV heads (8) are not divisible. Overriding attention sharding strategy to GQA.CONVERT_TO_MHA!
WARNING:Neuron:TP degree (2) and KV heads (8) are not divisible. Overriding attention sharding strategy to GQA.CONVERT_TO_MHA!
WARNING:Neuron:TP degree (2) and KV heads (8) are not divisible. Overriding attention sharding strategy to GQA.CONVERT_TO_MHA!
WARNING:Neuron:TP degree (2) and KV heads (8) are not divisible. Overriding attention sharding strategy to GQA.CONVERT_TO_MHA!
WARNING:Neuron:TP degree (2) and KV heads (8) are not divisible. Overriding attention sharding strategy to GQA.CONVERT_TO_MHA!
WARNING:Neuron:TP degree (2) and KV heads (8) are not divisible. Overriding attention sharding strategy to GQA.CONVERT_TO_MHA!
WARNING:Neuron:TP degree (2) and KV heads (8) are not divisible. Overriding attention sharding strategy to GQA.CONVERT_TO_MHA!
WARNING:Neuron:TP degree (2) and KV heads (8) are not divisible. Overriding attention sharding strategy to GQA.CONVERT_TO_MHA!
WARNING:Neuron:TP degree (2) and KV heads (8) are not divisible. Overriding attention sharding strategy to GQA.CONVERT_TO_MHA!
WARNING:Neuron:TP degree (2) and KV heads (8) are not divisible. Overriding attention sharding strategy to GQA.CONVERT_TO_MHA!
WARNING:Neuron:TP degree (2) and KV heads (8) are not divisible. Overriding attention sharding strategy to GQA.CONVERT_TO_MHA!
WARNING:Neuron:TP degree (2) and KV heads (8) are not divisible. Overriding attention sharding strategy to GQA.CONVERT_TO_MHA!
WARNING:Neuron:TP degree (2) and KV heads (8) are not divisible. Overriding attention sharding strategy to GQA.CONVERT_TO_MHA!
WARNING:Neuron:TP degree (2) and KV heads (8) are not divisible. Overriding attention sharding strategy to GQA.CONVERT_TO_MHA!
WARNING:Neuron:TP degree (2) and KV heads (8) are not divisible. Overriding attention sharding strategy to GQA.CONVERT_TO_MHA!
WARNING:Neuron:TP degree (2) and KV heads (8) are not divisible. Overriding attention sharding strategy to GQA.CONVERT_TO_MHA!
WARNING:Neuron:TP degree (2) and KV heads (8) are not divisible. Overriding attention sharding strategy to GQA.CONVERT_TO_MHA!
WARNING:Neuron:TP degree (2) and KV heads (8) are not divisible. Overriding attention sharding strategy to GQA.CONVERT_TO_MHA!
WARNING:Neuron:TP degree (2) and KV heads (8) are not divisible. Overriding attention sharding strategy to GQA.CONVERT_TO_MHA!
WARNING:Neuron:TP degree (2) and KV heads (8) are not divisible. Overriding attention sharding strategy to GQA.CONVERT_TO_MHA!
WARNING:Neuron:TP degree (2) and KV heads (8) are not divisible. Overriding attention sharding strategy to GQA.CONVERT_TO_MHA!
WARNING:Neuron:TP degree (2) and KV heads (8) are not divisible. Overriding attention sharding strategy to GQA.CONVERT_TO_MHA!
WARNING:Neuron:TP degree (2) and KV heads (8) are not divisible. Overriding attention sharding strategy to GQA.CONVERT_TO_MHA!
WARNING:Neuron:TP degree (2) and KV heads (8) are not divisible. Overriding attention sharding strategy to GQA.CONVERT_TO_MHA!
WARNING:Neuron:TP degree (2) and KV heads (8) are not divisible. Overriding attention sharding strategy to GQA.CONVERT_TO_MHA!
WARNING:Neuron:TP degree (2) and KV heads (8) are not divisible. Overriding attention sharding strategy to GQA.CONVERT_TO_MHA!
WARNING:Neuron:TP degree (2) and KV heads (8) are not divisible. Overriding attention sharding strategy to GQA.CONVERT_TO_MHA!
WARNING:Neuron:TP degree (2) and KV heads (8) are not divisible. Overriding attention sharding strategy to GQA.CONVERT_TO_MHA!
WARNING:Neuron:TP degree (2) and KV heads (8) are not divisible. Overriding attention sharding strategy to GQA.CONVERT_TO_MHA!
WARNING:Neuron:TP degree (2) and KV heads (8) are not divisible. Overriding attention sharding strategy to GQA.CONVERT_TO_MHA!
WARNING:Neuron:TP degree (2) and KV heads (8) are not divisible. Overriding attention sharding strategy to GQA.CONVERT_TO_MHA!
WARNING:Neuron:TP degree (2) and KV heads (8) are not divisible. Overriding attention sharding strategy to GQA.CONVERT_TO_MHA!
WARNING:Neuron:TP degree (2) and KV heads (8) are not divisible. Overriding attention sharding strategy to GQA.CONVERT_TO_MHA!
WARNING:Neuron:TP degree (2) and KV heads (8) are not divisible. Overriding attention sharding strategy to GQA.CONVERT_TO_MHA!
WARNING:Neuron:TP degree (2) and KV heads (8) are not divisible. Overriding attention sharding strategy to GQA.CONVERT_TO_MHA!
INFO:Neuron:Finished loading module token_generation_model in 20.65675139427185 seconds
INFO:Neuron:generating HLO: token_generation_model, input example shape = torch.Size([1, 1])
INFO:Neuron:Finished generating HLO for token_generation_model in 1.872833251953125 seconds, input example shape = torch.Size([1, 1])
INFO:Neuron:Generated all HLOs in 37.65396189689636 seconds
INFO:Neuron:Starting compilation for the priority HLO
INFO:Neuron:'token_generation_model' is the priority model with bucket rank 0
/opt/aws_neuronx_venv_pytorch_2_9_nxd_inference/lib/python3.12/site-packages/libneuronxla/neuron_cc_wrapper.py:287: SyntaxWarning: str format compiler_flags is discouraged as its handling involves repeated joining and splitting, which can easily make mistakes if something is quoted or escaped. Use list[str] instead. Refer to documentation of the Python subprocess module for details.
  warnings.warn(SyntaxWarning(
......
Compiler status PASS
2026-08-20 07:06:48.000391:  2089  [INFO]: Compilation Successfully Completed for model.MODULE_6b252c034034249e73f1+97c2cc02.hlo_module.pb
INFO:Neuron:Done compilation for the priority HLO in 117.08057403564453 seconds
2026-08-20 07:06:48.948226: W hilo/hlo_passes/neuron_collective_permute_to_all_gather.cc:30] Platform Version: . Defaulting to 32 cores
INFO:Neuron:Updating the hlo module with optimized layout
INFO:Neuron:Done optimizing weight layout for all HLOs in 0.6762845516204834 seconds
INFO:Neuron:Starting compilation for all HLOs
INFO:Neuron:Neuron compiler flags: --auto-cast=none --model-type=transformer  --tensorizer-options='--enable-ccop-compute-overlap --cc-pipeline-tiling-factor=2 --vectorize-strided-dma ' --lnc=1 -O1  --internal-hlo2tensorizer-options=' --modular-flow-mac-threshold=10  --verify-hlo=true'  --verbose=35 --logfile=/tmp/nxd_model/context_encoding_model/_tp0_bk0/log-neuron-cc.txt
/opt/aws_neuronx_venv_pytorch_2_9_nxd_inference/lib/python3.12/site-packages/libneuronxla/neuron_cc_wrapper.py:249: SyntaxWarning: str format compiler_flags is discouraged as its handling involves repeated joining and splitting, which can easily make mistakes if something is quoted or escaped. Use list[str] instead. Refer to documentation of the Python subprocess module for details.
  warnings.warn(SyntaxWarning(
.
Compiler status PASS
2026-08-20 07:07:03.000714:  2089  [INFO]: Compilation Successfully Completed for model.MODULE_a2a776984f57ea8fe17f+443ac94d.hlo_module.pb
INFO:Neuron:Finished Compilation for all HLOs in 14.615119934082031 seconds
......
Compiler status PASS
INFO:Neuron:Done preparing weight layout transformation
INFO:Neuron:Finished building model in 274.5553767681122 seconds
INFO:Neuron:SKIPPING pre-sharding the checkpoints. The checkpoints will be sharded during load time.
INFO:Neuron:Sharding weights on load...
INFO:Neuron:Sharding weights for ranks: 0...1
Compiling and tracing time: 274.96877657899995 seconds

Loading model to Neuron...
[2026-08-20 07:08:48.390: I neuronx_distributed/parallel_layers/parallel_state.py:638] > initializing tensor model parallel with size 2
[2026-08-20 07:08:48.390: I neuronx_distributed/parallel_layers/parallel_state.py:639] > initializing pipeline model parallel with size 1
[2026-08-20 07:08:48.390: I neuronx_distributed/parallel_layers/parallel_state.py:640] > initializing context model parallel with size 1
[2026-08-20 07:08:48.390: I neuronx_distributed/parallel_layers/parallel_state.py:641] > initializing data parallel with size 1
[2026-08-20 07:08:48.390: I neuronx_distributed/parallel_layers/parallel_state.py:642] > initializing world size to 2
[2026-08-20 07:08:48.390: I neuronx_distributed/parallel_layers/parallel_state.py:387] [rank_0_pp-1_tp-1_dp-1_cp-1] Chosen Logic for replica groups ret_logic=<PG_Group_Logic.LOGIC1: (<function ascending_ring_PG_group at 0x7ac8d77c9440>, 'Ascending Ring PG Group')>
[2026-08-20 07:08:48.390: I neuronx_distributed/parallel_layers/parallel_state.py:666] [rank_0_pp-1_tp-1_dp-1_cp-1] tp_groups: replica_groups.tp_groups=[[0, 1]]
[2026-08-20 07:08:48.390: I neuronx_distributed/parallel_layers/parallel_state.py:667] [rank_0_pp-1_tp-1_dp-1_cp-1] dp_groups: replica_groups.dp_groups=[[0], [1]]
[2026-08-20 07:08:48.390: I neuronx_distributed/parallel_layers/parallel_state.py:668] [rank_0_pp-1_tp-1_dp-1_cp-1] pp_groups: replica_groups.pp_groups=[[0], [1]]
[2026-08-20 07:08:48.390: I neuronx_distributed/parallel_layers/parallel_state.py:669] [rank_0_pp-1_tp-1_dp-1_cp-1] cp_groups: replica_groups.cp_groups=[[0], [1]]
[2026-08-20 07:08:48.391: I neuronx_distributed/parallel_layers/parallel_state.py:670] [rank_0_pp-1_tp-1_dp-1_cp-1] ep_model_groups: replica_groups.ep_model_groups=[[0], [1]]
[2026-08-20 07:08:48.391: I neuronx_distributed/parallel_layers/parallel_state.py:671] [rank_0_pp-1_tp-1_dp-1_cp-1] ep_data_groups: replica_groups.ep_data_groups=[[0], [1]]
WARNING:Neuron:TP degree (2) and KV heads (8) are not divisible. Overriding attention sharding strategy to GQA.CONVERT_TO_MHA!
WARNING:Neuron:TP degree (2) and KV heads (8) are not divisible. Overriding attention sharding strategy to GQA.CONVERT_TO_MHA!
WARNING:Neuron:TP degree (2) and KV heads (8) are not divisible. Overriding attention sharding strategy to GQA.CONVERT_TO_MHA!
WARNING:Neuron:TP degree (2) and KV heads (8) are not divisible. Overriding attention sharding strategy to GQA.CONVERT_TO_MHA!
WARNING:Neuron:TP degree (2) and KV heads (8) are not divisible. Overriding attention sharding strategy to GQA.CONVERT_TO_MHA!
WARNING:Neuron:TP degree (2) and KV heads (8) are not divisible. Overriding attention sharding strategy to GQA.CONVERT_TO_MHA!
WARNING:Neuron:TP degree (2) and KV heads (8) are not divisible. Overriding attention sharding strategy to GQA.CONVERT_TO_MHA!
WARNING:Neuron:TP degree (2) and KV heads (8) are not divisible. Overriding attention sharding strategy to GQA.CONVERT_TO_MHA!
WARNING:Neuron:TP degree (2) and KV heads (8) are not divisible. Overriding attention sharding strategy to GQA.CONVERT_TO_MHA!
WARNING:Neuron:TP degree (2) and KV heads (8) are not divisible. Overriding attention sharding strategy to GQA.CONVERT_TO_MHA!
WARNING:Neuron:TP degree (2) and KV heads (8) are not divisible. Overriding attention sharding strategy to GQA.CONVERT_TO_MHA!
WARNING:Neuron:TP degree (2) and KV heads (8) are not divisible. Overriding attention sharding strategy to GQA.CONVERT_TO_MHA!
WARNING:Neuron:TP degree (2) and KV heads (8) are not divisible. Overriding attention sharding strategy to GQA.CONVERT_TO_MHA!
WARNING:Neuron:TP degree (2) and KV heads (8) are not divisible. Overriding attention sharding strategy to GQA.CONVERT_TO_MHA!
WARNING:Neuron:TP degree (2) and KV heads (8) are not divisible. Overriding attention sharding strategy to GQA.CONVERT_TO_MHA!
WARNING:Neuron:TP degree (2) and KV heads (8) are not divisible. Overriding attention sharding strategy to GQA.CONVERT_TO_MHA!
WARNING:Neuron:TP degree (2) and KV heads (8) are not divisible. Overriding attention sharding strategy to GQA.CONVERT_TO_MHA!
WARNING:Neuron:TP degree (2) and KV heads (8) are not divisible. Overriding attention sharding strategy to GQA.CONVERT_TO_MHA!
WARNING:Neuron:TP degree (2) and KV heads (8) are not divisible. Overriding attention sharding strategy to GQA.CONVERT_TO_MHA!
WARNING:Neuron:TP degree (2) and KV heads (8) are not divisible. Overriding attention sharding strategy to GQA.CONVERT_TO_MHA!
WARNING:Neuron:TP degree (2) and KV heads (8) are not divisible. Overriding attention sharding strategy to GQA.CONVERT_TO_MHA!
WARNING:Neuron:TP degree (2) and KV heads (8) are not divisible. Overriding attention sharding strategy to GQA.CONVERT_TO_MHA!
WARNING:Neuron:TP degree (2) and KV heads (8) are not divisible. Overriding attention sharding strategy to GQA.CONVERT_TO_MHA!
WARNING:Neuron:TP degree (2) and KV heads (8) are not divisible. Overriding attention sharding strategy to GQA.CONVERT_TO_MHA!
WARNING:Neuron:TP degree (2) and KV heads (8) are not divisible. Overriding attention sharding strategy to GQA.CONVERT_TO_MHA!
WARNING:Neuron:TP degree (2) and KV heads (8) are not divisible. Overriding attention sharding strategy to GQA.CONVERT_TO_MHA!
WARNING:Neuron:TP degree (2) and KV heads (8) are not divisible. Overriding attention sharding strategy to GQA.CONVERT_TO_MHA!
WARNING:Neuron:TP degree (2) and KV heads (8) are not divisible. Overriding attention sharding strategy to GQA.CONVERT_TO_MHA!
WARNING:Neuron:TP degree (2) and KV heads (8) are not divisible. Overriding attention sharding strategy to GQA.CONVERT_TO_MHA!
WARNING:Neuron:TP degree (2) and KV heads (8) are not divisible. Overriding attention sharding strategy to GQA.CONVERT_TO_MHA!
WARNING:Neuron:TP degree (2) and KV heads (8) are not divisible. Overriding attention sharding strategy to GQA.CONVERT_TO_MHA!
WARNING:Neuron:TP degree (2) and KV heads (8) are not divisible. Overriding attention sharding strategy to GQA.CONVERT_TO_MHA!
WARNING:Neuron:TP degree (2) and KV heads (8) are not divisible. Overriding attention sharding strategy to GQA.CONVERT_TO_MHA!
WARNING:Neuron:TP degree (2) and KV heads (8) are not divisible. Overriding attention sharding strategy to GQA.CONVERT_TO_MHA!
WARNING:Neuron:TP degree (2) and KV heads (8) are not divisible. Overriding attention sharding strategy to GQA.CONVERT_TO_MHA!
WARNING:Neuron:TP degree (2) and KV heads (8) are not divisible. Overriding attention sharding strategy to GQA.CONVERT_TO_MHA!
WARNING:Neuron:TP degree (2) and KV heads (8) are not divisible. Overriding attention sharding strategy to GQA.CONVERT_TO_MHA!
WARNING:Neuron:TP degree (2) and KV heads (8) are not divisible. Overriding attention sharding strategy to GQA.CONVERT_TO_MHA!
WARNING:Neuron:TP degree (2) and KV heads (8) are not divisible. Overriding attention sharding strategy to GQA.CONVERT_TO_MHA!
WARNING:Neuron:TP degree (2) and KV heads (8) are not divisible. Overriding attention sharding strategy to GQA.CONVERT_TO_MHA!
WARNING:Neuron:TP degree (2) and KV heads (8) are not divisible. Overriding attention sharding strategy to GQA.CONVERT_TO_MHA!
WARNING:Neuron:TP degree (2) and KV heads (8) are not divisible. Overriding attention sharding strategy to GQA.CONVERT_TO_MHA!
WARNING:Neuron:TP degree (2) and KV heads (8) are not divisible. Overriding attention sharding strategy to GQA.CONVERT_TO_MHA!
WARNING:Neuron:TP degree (2) and KV heads (8) are not divisible. Overriding attention sharding strategy to GQA.CONVERT_TO_MHA!
WARNING:Neuron:TP degree (2) and KV heads (8) are not divisible. Overriding attention sharding strategy to GQA.CONVERT_TO_MHA!
WARNING:Neuron:TP degree (2) and KV heads (8) are not divisible. Overriding attention sharding strategy to GQA.CONVERT_TO_MHA!
WARNING:Neuron:TP degree (2) and KV heads (8) are not divisible. Overriding attention sharding strategy to GQA.CONVERT_TO_MHA!
WARNING:Neuron:TP degree (2) and KV heads (8) are not divisible. Overriding attention sharding strategy to GQA.CONVERT_TO_MHA!
WARNING:Neuron:TP degree (2) and KV heads (8) are not divisible. Overriding attention sharding strategy to GQA.CONVERT_TO_MHA!
WARNING:Neuron:TP degree (2) and KV heads (8) are not divisible. Overriding attention sharding strategy to GQA.CONVERT_TO_MHA!
WARNING:Neuron:TP degree (2) and KV heads (8) are not divisible. Overriding attention sharding strategy to GQA.CONVERT_TO_MHA!
WARNING:Neuron:TP degree (2) and KV heads (8) are not divisible. Overriding attention sharding strategy to GQA.CONVERT_TO_MHA!
WARNING:Neuron:TP degree (2) and KV heads (8) are not divisible. Overriding attention sharding strategy to GQA.CONVERT_TO_MHA!
WARNING:Neuron:TP degree (2) and KV heads (8) are not divisible. Overriding attention sharding strategy to GQA.CONVERT_TO_MHA!
WARNING:Neuron:TP degree (2) and KV heads (8) are not divisible. Overriding attention sharding strategy to GQA.CONVERT_TO_MHA!
WARNING:Neuron:TP degree (2) and KV heads (8) are not divisible. Overriding attention sharding strategy to GQA.CONVERT_TO_MHA!
WARNING:Neuron:TP degree (2) and KV heads (8) are not divisible. Overriding attention sharding strategy to GQA.CONVERT_TO_MHA!
WARNING:Neuron:TP degree (2) and KV heads (8) are not divisible. Overriding attention sharding strategy to GQA.CONVERT_TO_MHA!
WARNING:Neuron:TP degree (2) and KV heads (8) are not divisible. Overriding attention sharding strategy to GQA.CONVERT_TO_MHA!
WARNING:Neuron:TP degree (2) and KV heads (8) are not divisible. Overriding attention sharding strategy to GQA.CONVERT_TO_MHA!
WARNING:Neuron:TP degree (2) and KV heads (8) are not divisible. Overriding attention sharding strategy to GQA.CONVERT_TO_MHA!
WARNING:Neuron:TP degree (2) and KV heads (8) are not divisible. Overriding attention sharding strategy to GQA.CONVERT_TO_MHA!
WARNING:Neuron:TP degree (2) and KV heads (8) are not divisible. Overriding attention sharding strategy to GQA.CONVERT_TO_MHA!
WARNING:Neuron:TP degree (2) and KV heads (8) are not divisible. Overriding attention sharding strategy to GQA.CONVERT_TO_MHA!
WARNING:Neuron:TP degree (2) and KV heads (8) are not divisible. Overriding attention sharding strategy to GQA.CONVERT_TO_MHA!
/opt/aws_neuronx_venv_pytorch_2_9_nxd_inference/lib/python3.12/site-packages/neuronx_distributed_inference/models/application_base.py:655: UserWarning: Found torch.float32 weights in checkpoint: embed_tokens.weight. Will convert to torch.bfloat16
  warnings.warn(
/opt/aws_neuronx_venv_pytorch_2_9_nxd_inference/lib/python3.12/site-packages/neuronx_distributed_inference/models/application_base.py:651: UserWarning: Found torch.float32 scales, skip converting to torch.bfloat16
  warnings.warn(
/opt/aws_neuronx_venv_pytorch_2_9_nxd_inference/lib/python3.12/site-packages/neuronx_distributed_inference/models/application_base.py:655: UserWarning: Found torch.float32 weights in checkpoint: layers.0.input_layernorm.weight. Will convert to torch.bfloat16
  warnings.warn(
/opt/aws_neuronx_venv_pytorch_2_9_nxd_inference/lib/python3.12/site-packages/neuronx_distributed_inference/models/application_base.py:655: UserWarning: Found torch.float32 weights in checkpoint: layers.0.post_attention_layernorm.weight. Will convert to torch.bfloat16
  warnings.warn(
/opt/aws_neuronx_venv_pytorch_2_9_nxd_inference/lib/python3.12/site-packages/neuronx_distributed_inference/models/application_base.py:655: UserWarning: Found torch.float32 weights in checkpoint: layers.1.input_layernorm.weight. Will convert to torch.bfloat16
  warnings.warn(
/opt/aws_neuronx_venv_pytorch_2_9_nxd_inference/lib/python3.12/site-packages/neuronx_distributed_inference/models/application_base.py:655: UserWarning: Found torch.float32 weights in checkpoint: layers.1.post_attention_layernorm.weight. Will convert to torch.bfloat16
  warnings.warn(
/opt/aws_neuronx_venv_pytorch_2_9_nxd_inference/lib/python3.12/site-packages/neuronx_distributed_inference/models/application_base.py:655: UserWarning: Found torch.float32 weights in checkpoint: layers.2.input_layernorm.weight. Will convert to torch.bfloat16
  warnings.warn(
/opt/aws_neuronx_venv_pytorch_2_9_nxd_inference/lib/python3.12/site-packages/neuronx_distributed_inference/models/application_base.py:655: UserWarning: Found torch.float32 weights in checkpoint: layers.2.post_attention_layernorm.weight. Will convert to torch.bfloat16
  warnings.warn(
/opt/aws_neuronx_venv_pytorch_2_9_nxd_inference/lib/python3.12/site-packages/neuronx_distributed_inference/models/application_base.py:655: UserWarning: Found torch.float32 weights in checkpoint: layers.3.input_layernorm.weight. Will convert to torch.bfloat16
  warnings.warn(
/opt/aws_neuronx_venv_pytorch_2_9_nxd_inference/lib/python3.12/site-packages/neuronx_distributed_inference/models/application_base.py:655: UserWarning: Found torch.float32 weights in checkpoint: layers.3.post_attention_layernorm.weight. Will convert to torch.bfloat16
  warnings.warn(
/opt/aws_neuronx_venv_pytorch_2_9_nxd_inference/lib/python3.12/site-packages/neuronx_distributed_inference/models/application_base.py:655: UserWarning: Found torch.float32 weights in checkpoint: layers.4.input_layernorm.weight. Will convert to torch.bfloat16
  warnings.warn(
/opt/aws_neuronx_venv_pytorch_2_9_nxd_inference/lib/python3.12/site-packages/neuronx_distributed_inference/models/application_base.py:655: UserWarning: Found torch.float32 weights in checkpoint: layers.4.post_attention_layernorm.weight. Will convert to torch.bfloat16
  warnings.warn(
/opt/aws_neuronx_venv_pytorch_2_9_nxd_inference/lib/python3.12/site-packages/neuronx_distributed_inference/models/application_base.py:655: UserWarning: Found torch.float32 weights in checkpoint: layers.5.input_layernorm.weight. Will convert to torch.bfloat16
  warnings.warn(
/opt/aws_neuronx_venv_pytorch_2_9_nxd_inference/lib/python3.12/site-packages/neuronx_distributed_inference/models/application_base.py:655: UserWarning: Found torch.float32 weights in checkpoint: layers.5.post_attention_layernorm.weight. Will convert to torch.bfloat16
  warnings.warn(
/opt/aws_neuronx_venv_pytorch_2_9_nxd_inference/lib/python3.12/site-packages/neuronx_distributed_inference/models/application_base.py:655: UserWarning: Found torch.float32 weights in checkpoint: layers.6.input_layernorm.weight. Will convert to torch.bfloat16
  warnings.warn(
/opt/aws_neuronx_venv_pytorch_2_9_nxd_inference/lib/python3.12/site-packages/neuronx_distributed_inference/models/application_base.py:655: UserWarning: Found torch.float32 weights in checkpoint: layers.6.post_attention_layernorm.weight. Will convert to torch.bfloat16
  warnings.warn(
/opt/aws_neuronx_venv_pytorch_2_9_nxd_inference/lib/python3.12/site-packages/neuronx_distributed_inference/models/application_base.py:655: UserWarning: Found torch.float32 weights in checkpoint: layers.7.input_layernorm.weight. Will convert to torch.bfloat16
  warnings.warn(
/opt/aws_neuronx_venv_pytorch_2_9_nxd_inference/lib/python3.12/site-packages/neuronx_distributed_inference/models/application_base.py:655: UserWarning: Found torch.float32 weights in checkpoint: layers.7.post_attention_layernorm.weight. Will convert to torch.bfloat16
  warnings.warn(
/opt/aws_neuronx_venv_pytorch_2_9_nxd_inference/lib/python3.12/site-packages/neuronx_distributed_inference/models/application_base.py:655: UserWarning: Found torch.float32 weights in checkpoint: layers.8.input_layernorm.weight. Will convert to torch.bfloat16
  warnings.warn(
/opt/aws_neuronx_venv_pytorch_2_9_nxd_inference/lib/python3.12/site-packages/neuronx_distributed_inference/models/application_base.py:655: UserWarning: Found torch.float32 weights in checkpoint: layers.8.post_attention_layernorm.weight. Will convert to torch.bfloat16
  warnings.warn(
/opt/aws_neuronx_venv_pytorch_2_9_nxd_inference/lib/python3.12/site-packages/neuronx_distributed_inference/models/application_base.py:655: UserWarning: Found torch.float32 weights in checkpoint: layers.9.input_layernorm.weight. Will convert to torch.bfloat16
  warnings.warn(
/opt/aws_neuronx_venv_pytorch_2_9_nxd_inference/lib/python3.12/site-packages/neuronx_distributed_inference/models/application_base.py:655: UserWarning: Found torch.float32 weights in checkpoint: layers.9.post_attention_layernorm.weight. Will convert to torch.bfloat16
  warnings.warn(
/opt/aws_neuronx_venv_pytorch_2_9_nxd_inference/lib/python3.12/site-packages/neuronx_distributed_inference/models/application_base.py:655: UserWarning: Found torch.float32 weights in checkpoint: layers.10.input_layernorm.weight. Will convert to torch.bfloat16
  warnings.warn(
/opt/aws_neuronx_venv_pytorch_2_9_nxd_inference/lib/python3.12/site-packages/neuronx_distributed_inference/models/application_base.py:655: UserWarning: Found torch.float32 weights in checkpoint: layers.10.post_attention_layernorm.weight. Will convert to torch.bfloat16
  warnings.warn(
/opt/aws_neuronx_venv_pytorch_2_9_nxd_inference/lib/python3.12/site-packages/neuronx_distributed_inference/models/application_base.py:655: UserWarning: Found torch.float32 weights in checkpoint: layers.11.input_layernorm.weight. Will convert to torch.bfloat16
  warnings.warn(
/opt/aws_neuronx_venv_pytorch_2_9_nxd_inference/lib/python3.12/site-packages/neuronx_distributed_inference/models/application_base.py:655: UserWarning: Found torch.float32 weights in checkpoint: layers.11.post_attention_layernorm.weight. Will convert to torch.bfloat16
  warnings.warn(
/opt/aws_neuronx_venv_pytorch_2_9_nxd_inference/lib/python3.12/site-packages/neuronx_distributed_inference/models/application_base.py:655: UserWarning: Found torch.float32 weights in checkpoint: layers.12.input_layernorm.weight. Will convert to torch.bfloat16
  warnings.warn(
/opt/aws_neuronx_venv_pytorch_2_9_nxd_inference/lib/python3.12/site-packages/neuronx_distributed_inference/models/application_base.py:655: UserWarning: Found torch.float32 weights in checkpoint: layers.12.post_attention_layernorm.weight. Will convert to torch.bfloat16
  warnings.warn(
/opt/aws_neuronx_venv_pytorch_2_9_nxd_inference/lib/python3.12/site-packages/neuronx_distributed_inference/models/application_base.py:655: UserWarning: Found torch.float32 weights in checkpoint: layers.13.input_layernorm.weight. Will convert to torch.bfloat16
  warnings.warn(
/opt/aws_neuronx_venv_pytorch_2_9_nxd_inference/lib/python3.12/site-packages/neuronx_distributed_inference/models/application_base.py:655: UserWarning: Found torch.float32 weights in checkpoint: layers.13.post_attention_layernorm.weight. Will convert to torch.bfloat16
  warnings.warn(
/opt/aws_neuronx_venv_pytorch_2_9_nxd_inference/lib/python3.12/site-packages/neuronx_distributed_inference/models/application_base.py:655: UserWarning: Found torch.float32 weights in checkpoint: layers.14.input_layernorm.weight. Will convert to torch.bfloat16
  warnings.warn(
/opt/aws_neuronx_venv_pytorch_2_9_nxd_inference/lib/python3.12/site-packages/neuronx_distributed_inference/models/application_base.py:655: UserWarning: Found torch.float32 weights in checkpoint: layers.14.post_attention_layernorm.weight. Will convert to torch.bfloat16
  warnings.warn(
/opt/aws_neuronx_venv_pytorch_2_9_nxd_inference/lib/python3.12/site-packages/neuronx_distributed_inference/models/application_base.py:655: UserWarning: Found torch.float32 weights in checkpoint: layers.15.input_layernorm.weight. Will convert to torch.bfloat16
  warnings.warn(
/opt/aws_neuronx_venv_pytorch_2_9_nxd_inference/lib/python3.12/site-packages/neuronx_distributed_inference/models/application_base.py:655: UserWarning: Found torch.float32 weights in checkpoint: layers.15.post_attention_layernorm.weight. Will convert to torch.bfloat16
  warnings.warn(
/opt/aws_neuronx_venv_pytorch_2_9_nxd_inference/lib/python3.12/site-packages/neuronx_distributed_inference/models/application_base.py:655: UserWarning: Found torch.float32 weights in checkpoint: layers.16.input_layernorm.weight. Will convert to torch.bfloat16
  warnings.warn(
/opt/aws_neuronx_venv_pytorch_2_9_nxd_inference/lib/python3.12/site-packages/neuronx_distributed_inference/models/application_base.py:655: UserWarning: Found torch.float32 weights in checkpoint: layers.16.post_attention_layernorm.weight. Will convert to torch.bfloat16
  warnings.warn(
/opt/aws_neuronx_venv_pytorch_2_9_nxd_inference/lib/python3.12/site-packages/neuronx_distributed_inference/models/application_base.py:655: UserWarning: Found torch.float32 weights in checkpoint: layers.17.input_layernorm.weight. Will convert to torch.bfloat16
  warnings.warn(
/opt/aws_neuronx_venv_pytorch_2_9_nxd_inference/lib/python3.12/site-packages/neuronx_distributed_inference/models/application_base.py:655: UserWarning: Found torch.float32 weights in checkpoint: layers.17.post_attention_layernorm.weight. Will convert to torch.bfloat16
  warnings.warn(
/opt/aws_neuronx_venv_pytorch_2_9_nxd_inference/lib/python3.12/site-packages/neuronx_distributed_inference/models/application_base.py:655: UserWarning: Found torch.float32 weights in checkpoint: layers.18.input_layernorm.weight. Will convert to torch.bfloat16
  warnings.warn(
/opt/aws_neuronx_venv_pytorch_2_9_nxd_inference/lib/python3.12/site-packages/neuronx_distributed_inference/models/application_base.py:655: UserWarning: Found torch.float32 weights in checkpoint: layers.18.post_attention_layernorm.weight. Will convert to torch.bfloat16
  warnings.warn(
/opt/aws_neuronx_venv_pytorch_2_9_nxd_inference/lib/python3.12/site-packages/neuronx_distributed_inference/models/application_base.py:655: UserWarning: Found torch.float32 weights in checkpoint: layers.19.input_layernorm.weight. Will convert to torch.bfloat16
  warnings.warn(
/opt/aws_neuronx_venv_pytorch_2_9_nxd_inference/lib/python3.12/site-packages/neuronx_distributed_inference/models/application_base.py:655: UserWarning: Found torch.float32 weights in checkpoint: layers.19.post_attention_layernorm.weight. Will convert to torch.bfloat16
  warnings.warn(
/opt/aws_neuronx_venv_pytorch_2_9_nxd_inference/lib/python3.12/site-packages/neuronx_distributed_inference/models/application_base.py:655: UserWarning: Found torch.float32 weights in checkpoint: layers.20.input_layernorm.weight. Will convert to torch.bfloat16
  warnings.warn(
/opt/aws_neuronx_venv_pytorch_2_9_nxd_inference/lib/python3.12/site-packages/neuronx_distributed_inference/models/application_base.py:655: UserWarning: Found torch.float32 weights in checkpoint: layers.20.post_attention_layernorm.weight. Will convert to torch.bfloat16
  warnings.warn(
/opt/aws_neuronx_venv_pytorch_2_9_nxd_inference/lib/python3.12/site-packages/neuronx_distributed_inference/models/application_base.py:655: UserWarning: Found torch.float32 weights in checkpoint: layers.21.input_layernorm.weight. Will convert to torch.bfloat16
  warnings.warn(
/opt/aws_neuronx_venv_pytorch_2_9_nxd_inference/lib/python3.12/site-packages/neuronx_distributed_inference/models/application_base.py:655: UserWarning: Found torch.float32 weights in checkpoint: layers.21.post_attention_layernorm.weight. Will convert to torch.bfloat16
  warnings.warn(
/opt/aws_neuronx_venv_pytorch_2_9_nxd_inference/lib/python3.12/site-packages/neuronx_distributed_inference/models/application_base.py:655: UserWarning: Found torch.float32 weights in checkpoint: layers.22.input_layernorm.weight. Will convert to torch.bfloat16
  warnings.warn(
/opt/aws_neuronx_venv_pytorch_2_9_nxd_inference/lib/python3.12/site-packages/neuronx_distributed_inference/models/application_base.py:655: UserWarning: Found torch.float32 weights in checkpoint: layers.22.post_attention_layernorm.weight. Will convert to torch.bfloat16
  warnings.warn(
/opt/aws_neuronx_venv_pytorch_2_9_nxd_inference/lib/python3.12/site-packages/neuronx_distributed_inference/models/application_base.py:655: UserWarning: Found torch.float32 weights in checkpoint: layers.23.input_layernorm.weight. Will convert to torch.bfloat16
  warnings.warn(
/opt/aws_neuronx_venv_pytorch_2_9_nxd_inference/lib/python3.12/site-packages/neuronx_distributed_inference/models/application_base.py:655: UserWarning: Found torch.float32 weights in checkpoint: layers.23.post_attention_layernorm.weight. Will convert to torch.bfloat16
  warnings.warn(
/opt/aws_neuronx_venv_pytorch_2_9_nxd_inference/lib/python3.12/site-packages/neuronx_distributed_inference/models/application_base.py:655: UserWarning: Found torch.float32 weights in checkpoint: layers.24.input_layernorm.weight. Will convert to torch.bfloat16
  warnings.warn(
/opt/aws_neuronx_venv_pytorch_2_9_nxd_inference/lib/python3.12/site-packages/neuronx_distributed_inference/models/application_base.py:655: UserWarning: Found torch.float32 weights in checkpoint: layers.24.post_attention_layernorm.weight. Will convert to torch.bfloat16
  warnings.warn(
/opt/aws_neuronx_venv_pytorch_2_9_nxd_inference/lib/python3.12/site-packages/neuronx_distributed_inference/models/application_base.py:655: UserWarning: Found torch.float32 weights in checkpoint: layers.25.input_layernorm.weight. Will convert to torch.bfloat16
  warnings.warn(
/opt/aws_neuronx_venv_pytorch_2_9_nxd_inference/lib/python3.12/site-packages/neuronx_distributed_inference/models/application_base.py:655: UserWarning: Found torch.float32 weights in checkpoint: layers.25.post_attention_layernorm.weight. Will convert to torch.bfloat16
  warnings.warn(
/opt/aws_neuronx_venv_pytorch_2_9_nxd_inference/lib/python3.12/site-packages/neuronx_distributed_inference/models/application_base.py:655: UserWarning: Found torch.float32 weights in checkpoint: layers.26.input_layernorm.weight. Will convert to torch.bfloat16
  warnings.warn(
/opt/aws_neuronx_venv_pytorch_2_9_nxd_inference/lib/python3.12/site-packages/neuronx_distributed_inference/models/application_base.py:655: UserWarning: Found torch.float32 weights in checkpoint: layers.26.post_attention_layernorm.weight. Will convert to torch.bfloat16
  warnings.warn(
/opt/aws_neuronx_venv_pytorch_2_9_nxd_inference/lib/python3.12/site-packages/neuronx_distributed_inference/models/application_base.py:655: UserWarning: Found torch.float32 weights in checkpoint: layers.27.input_layernorm.weight. Will convert to torch.bfloat16
  warnings.warn(
/opt/aws_neuronx_venv_pytorch_2_9_nxd_inference/lib/python3.12/site-packages/neuronx_distributed_inference/models/application_base.py:655: UserWarning: Found torch.float32 weights in checkpoint: layers.27.post_attention_layernorm.weight. Will convert to torch.bfloat16
  warnings.warn(
/opt/aws_neuronx_venv_pytorch_2_9_nxd_inference/lib/python3.12/site-packages/neuronx_distributed_inference/models/application_base.py:655: UserWarning: Found torch.float32 weights in checkpoint: layers.28.input_layernorm.weight. Will convert to torch.bfloat16
  warnings.warn(
/opt/aws_neuronx_venv_pytorch_2_9_nxd_inference/lib/python3.12/site-packages/neuronx_distributed_inference/models/application_base.py:655: UserWarning: Found torch.float32 weights in checkpoint: layers.28.post_attention_layernorm.weight. Will convert to torch.bfloat16
  warnings.warn(
/opt/aws_neuronx_venv_pytorch_2_9_nxd_inference/lib/python3.12/site-packages/neuronx_distributed_inference/models/application_base.py:655: UserWarning: Found torch.float32 weights in checkpoint: layers.29.input_layernorm.weight. Will convert to torch.bfloat16
  warnings.warn(
/opt/aws_neuronx_venv_pytorch_2_9_nxd_inference/lib/python3.12/site-packages/neuronx_distributed_inference/models/application_base.py:655: UserWarning: Found torch.float32 weights in checkpoint: layers.29.post_attention_layernorm.weight. Will convert to torch.bfloat16
  warnings.warn(
/opt/aws_neuronx_venv_pytorch_2_9_nxd_inference/lib/python3.12/site-packages/neuronx_distributed_inference/models/application_base.py:655: UserWarning: Found torch.float32 weights in checkpoint: layers.30.input_layernorm.weight. Will convert to torch.bfloat16
  warnings.warn(
/opt/aws_neuronx_venv_pytorch_2_9_nxd_inference/lib/python3.12/site-packages/neuronx_distributed_inference/models/application_base.py:655: UserWarning: Found torch.float32 weights in checkpoint: layers.30.post_attention_layernorm.weight. Will convert to torch.bfloat16
  warnings.warn(
/opt/aws_neuronx_venv_pytorch_2_9_nxd_inference/lib/python3.12/site-packages/neuronx_distributed_inference/models/application_base.py:655: UserWarning: Found torch.float32 weights in checkpoint: layers.31.input_layernorm.weight. Will convert to torch.bfloat16
  warnings.warn(
/opt/aws_neuronx_venv_pytorch_2_9_nxd_inference/lib/python3.12/site-packages/neuronx_distributed_inference/models/application_base.py:655: UserWarning: Found torch.float32 weights in checkpoint: layers.31.post_attention_layernorm.weight. Will convert to torch.bfloat16
  warnings.warn(
/opt/aws_neuronx_venv_pytorch_2_9_nxd_inference/lib/python3.12/site-packages/neuronx_distributed_inference/models/application_base.py:655: UserWarning: Found torch.float32 weights in checkpoint: norm.weight. Will convert to torch.bfloat16
  warnings.warn(
/opt/aws_neuronx_venv_pytorch_2_9_nxd_inference/lib/python3.12/site-packages/neuronx_distributed/quantization/quantization_layers.py:414: UserWarning: Cannot find layers.0.self_attn.qkv_proj.q_proj.bias in the state_dict
  warnings.warn(f"Cannot find {(prefix + 'bias')} in the state_dict")
/opt/aws_neuronx_venv_pytorch_2_9_nxd_inference/lib/python3.12/site-packages/neuronx_distributed/quantization/quantization_layers.py:414: UserWarning: Cannot find layers.0.self_attn.qkv_proj.k_proj.bias in the state_dict
  warnings.warn(f"Cannot find {(prefix + 'bias')} in the state_dict")
/opt/aws_neuronx_venv_pytorch_2_9_nxd_inference/lib/python3.12/site-packages/neuronx_distributed/quantization/quantization_layers.py:414: UserWarning: Cannot find layers.0.self_attn.qkv_proj.v_proj.bias in the state_dict
  warnings.warn(f"Cannot find {(prefix + 'bias')} in the state_dict")
/opt/aws_neuronx_venv_pytorch_2_9_nxd_inference/lib/python3.12/site-packages/neuronx_distributed/quantization/quantization_layers.py:414: UserWarning: Cannot find layers.0.self_attn.o_proj.o_proj.bias in the state_dict
  warnings.warn(f"Cannot find {(prefix + 'bias')} in the state_dict")
/opt/aws_neuronx_venv_pytorch_2_9_nxd_inference/lib/python3.12/site-packages/neuronx_distributed/quantization/quantization_layers.py:414: UserWarning: Cannot find layers.1.self_attn.qkv_proj.q_proj.bias in the state_dict
  warnings.warn(f"Cannot find {(prefix + 'bias')} in the state_dict")
/opt/aws_neuronx_venv_pytorch_2_9_nxd_inference/lib/python3.12/site-packages/neuronx_distributed/quantization/quantization_layers.py:414: UserWarning: Cannot find layers.1.self_attn.qkv_proj.k_proj.bias in the state_dict
  warnings.warn(f"Cannot find {(prefix + 'bias')} in the state_dict")
/opt/aws_neuronx_venv_pytorch_2_9_nxd_inference/lib/python3.12/site-packages/neuronx_distributed/quantization/quantization_layers.py:414: UserWarning: Cannot find layers.1.self_attn.qkv_proj.v_proj.bias in the state_dict
  warnings.warn(f"Cannot find {(prefix + 'bias')} in the state_dict")
/opt/aws_neuronx_venv_pytorch_2_9_nxd_inference/lib/python3.12/site-packages/neuronx_distributed/quantization/quantization_layers.py:414: UserWarning: Cannot find layers.1.self_attn.o_proj.o_proj.bias in the state_dict
  warnings.warn(f"Cannot find {(prefix + 'bias')} in the state_dict")
/opt/aws_neuronx_venv_pytorch_2_9_nxd_inference/lib/python3.12/site-packages/neuronx_distributed/quantization/quantization_layers.py:414: UserWarning: Cannot find layers.2.self_attn.qkv_proj.q_proj.bias in the state_dict
  warnings.warn(f"Cannot find {(prefix + 'bias')} in the state_dict")
/opt/aws_neuronx_venv_pytorch_2_9_nxd_inference/lib/python3.12/site-packages/neuronx_distributed/quantization/quantization_layers.py:414: UserWarning: Cannot find layers.2.self_attn.qkv_proj.k_proj.bias in the state_dict
  warnings.warn(f"Cannot find {(prefix + 'bias')} in the state_dict")
/opt/aws_neuronx_venv_pytorch_2_9_nxd_inference/lib/python3.12/site-packages/neuronx_distributed/quantization/quantization_layers.py:414: UserWarning: Cannot find layers.2.self_attn.qkv_proj.v_proj.bias in the state_dict
  warnings.warn(f"Cannot find {(prefix + 'bias')} in the state_dict")
/opt/aws_neuronx_venv_pytorch_2_9_nxd_inference/lib/python3.12/site-packages/neuronx_distributed/quantization/quantization_layers.py:414: UserWarning: Cannot find layers.2.self_attn.o_proj.o_proj.bias in the state_dict
  warnings.warn(f"Cannot find {(prefix + 'bias')} in the state_dict")
/opt/aws_neuronx_venv_pytorch_2_9_nxd_inference/lib/python3.12/site-packages/neuronx_distributed/quantization/quantization_layers.py:414: UserWarning: Cannot find layers.3.self_attn.qkv_proj.q_proj.bias in the state_dict
  warnings.warn(f"Cannot find {(prefix + 'bias')} in the state_dict")
/opt/aws_neuronx_venv_pytorch_2_9_nxd_inference/lib/python3.12/site-packages/neuronx_distributed/quantization/quantization_layers.py:414: UserWarning: Cannot find layers.3.self_attn.qkv_proj.k_proj.bias in the state_dict
  warnings.warn(f"Cannot find {(prefix + 'bias')} in the state_dict")
/opt/aws_neuronx_venv_pytorch_2_9_nxd_inference/lib/python3.12/site-packages/neuronx_distributed/quantization/quantization_layers.py:414: UserWarning: Cannot find layers.3.self_attn.qkv_proj.v_proj.bias in the state_dict
  warnings.warn(f"Cannot find {(prefix + 'bias')} in the state_dict")
/opt/aws_neuronx_venv_pytorch_2_9_nxd_inference/lib/python3.12/site-packages/neuronx_distributed/quantization/quantization_layers.py:414: UserWarning: Cannot find layers.3.self_attn.o_proj.o_proj.bias in the state_dict
  warnings.warn(f"Cannot find {(prefix + 'bias')} in the state_dict")
/opt/aws_neuronx_venv_pytorch_2_9_nxd_inference/lib/python3.12/site-packages/neuronx_distributed/quantization/quantization_layers.py:414: UserWarning: Cannot find layers.4.self_attn.qkv_proj.q_proj.bias in the state_dict
  warnings.warn(f"Cannot find {(prefix + 'bias')} in the state_dict")
/opt/aws_neuronx_venv_pytorch_2_9_nxd_inference/lib/python3.12/site-packages/neuronx_distributed/quantization/quantization_layers.py:414: UserWarning: Cannot find layers.4.self_attn.qkv_proj.k_proj.bias in the state_dict
  warnings.warn(f"Cannot find {(prefix + 'bias')} in the state_dict")
/opt/aws_neuronx_venv_pytorch_2_9_nxd_inference/lib/python3.12/site-packages/neuronx_distributed/quantization/quantization_layers.py:414: UserWarning: Cannot find layers.4.self_attn.qkv_proj.v_proj.bias in the state_dict
  warnings.warn(f"Cannot find {(prefix + 'bias')} in the state_dict")
/opt/aws_neuronx_venv_pytorch_2_9_nxd_inference/lib/python3.12/site-packages/neuronx_distributed/quantization/quantization_layers.py:414: UserWarning: Cannot find layers.4.self_attn.o_proj.o_proj.bias in the state_dict
  warnings.warn(f"Cannot find {(prefix + 'bias')} in the state_dict")
/opt/aws_neuronx_venv_pytorch_2_9_nxd_inference/lib/python3.12/site-packages/neuronx_distributed/quantization/quantization_layers.py:414: UserWarning: Cannot find layers.5.self_attn.qkv_proj.q_proj.bias in the state_dict
  warnings.warn(f"Cannot find {(prefix + 'bias')} in the state_dict")
/opt/aws_neuronx_venv_pytorch_2_9_nxd_inference/lib/python3.12/site-packages/neuronx_distributed/quantization/quantization_layers.py:414: UserWarning: Cannot find layers.5.self_attn.qkv_proj.k_proj.bias in the state_dict
  warnings.warn(f"Cannot find {(prefix + 'bias')} in the state_dict")
/opt/aws_neuronx_venv_pytorch_2_9_nxd_inference/lib/python3.12/site-packages/neuronx_distributed/quantization/quantization_layers.py:414: UserWarning: Cannot find layers.5.self_attn.qkv_proj.v_proj.bias in the state_dict
  warnings.warn(f"Cannot find {(prefix + 'bias')} in the state_dict")
/opt/aws_neuronx_venv_pytorch_2_9_nxd_inference/lib/python3.12/site-packages/neuronx_distributed/quantization/quantization_layers.py:414: UserWarning: Cannot find layers.5.self_attn.o_proj.o_proj.bias in the state_dict
  warnings.warn(f"Cannot find {(prefix + 'bias')} in the state_dict")
/opt/aws_neuronx_venv_pytorch_2_9_nxd_inference/lib/python3.12/site-packages/neuronx_distributed/quantization/quantization_layers.py:414: UserWarning: Cannot find layers.6.self_attn.qkv_proj.q_proj.bias in the state_dict
  warnings.warn(f"Cannot find {(prefix + 'bias')} in the state_dict")
/opt/aws_neuronx_venv_pytorch_2_9_nxd_inference/lib/python3.12/site-packages/neuronx_distributed/quantization/quantization_layers.py:414: UserWarning: Cannot find layers.6.self_attn.qkv_proj.k_proj.bias in the state_dict
  warnings.warn(f"Cannot find {(prefix + 'bias')} in the state_dict")
/opt/aws_neuronx_venv_pytorch_2_9_nxd_inference/lib/python3.12/site-packages/neuronx_distributed/quantization/quantization_layers.py:414: UserWarning: Cannot find layers.6.self_attn.qkv_proj.v_proj.bias in the state_dict
  warnings.warn(f"Cannot find {(prefix + 'bias')} in the state_dict")
/opt/aws_neuronx_venv_pytorch_2_9_nxd_inference/lib/python3.12/site-packages/neuronx_distributed/quantization/quantization_layers.py:414: UserWarning: Cannot find layers.6.self_attn.o_proj.o_proj.bias in the state_dict
  warnings.warn(f"Cannot find {(prefix + 'bias')} in the state_dict")
/opt/aws_neuronx_venv_pytorch_2_9_nxd_inference/lib/python3.12/site-packages/neuronx_distributed/quantization/quantization_layers.py:414: UserWarning: Cannot find layers.7.self_attn.qkv_proj.q_proj.bias in the state_dict
  warnings.warn(f"Cannot find {(prefix + 'bias')} in the state_dict")
/opt/aws_neuronx_venv_pytorch_2_9_nxd_inference/lib/python3.12/site-packages/neuronx_distributed/quantization/quantization_layers.py:414: UserWarning: Cannot find layers.7.self_attn.qkv_proj.k_proj.bias in the state_dict
  warnings.warn(f"Cannot find {(prefix + 'bias')} in the state_dict")
/opt/aws_neuronx_venv_pytorch_2_9_nxd_inference/lib/python3.12/site-packages/neuronx_distributed/quantization/quantization_layers.py:414: UserWarning: Cannot find layers.7.self_attn.qkv_proj.v_proj.bias in the state_dict
  warnings.warn(f"Cannot find {(prefix + 'bias')} in the state_dict")
/opt/aws_neuronx_venv_pytorch_2_9_nxd_inference/lib/python3.12/site-packages/neuronx_distributed/quantization/quantization_layers.py:414: UserWarning: Cannot find layers.7.self_attn.o_proj.o_proj.bias in the state_dict
  warnings.warn(f"Cannot find {(prefix + 'bias')} in the state_dict")
/opt/aws_neuronx_venv_pytorch_2_9_nxd_inference/lib/python3.12/site-packages/neuronx_distributed/quantization/quantization_layers.py:414: UserWarning: Cannot find layers.8.self_attn.qkv_proj.q_proj.bias in the state_dict
  warnings.warn(f"Cannot find {(prefix + 'bias')} in the state_dict")
/opt/aws_neuronx_venv_pytorch_2_9_nxd_inference/lib/python3.12/site-packages/neuronx_distributed/quantization/quantization_layers.py:414: UserWarning: Cannot find layers.8.self_attn.qkv_proj.k_proj.bias in the state_dict
  warnings.warn(f"Cannot find {(prefix + 'bias')} in the state_dict")
/opt/aws_neuronx_venv_pytorch_2_9_nxd_inference/lib/python3.12/site-packages/neuronx_distributed/quantization/quantization_layers.py:414: UserWarning: Cannot find layers.8.self_attn.qkv_proj.v_proj.bias in the state_dict
  warnings.warn(f"Cannot find {(prefix + 'bias')} in the state_dict")
/opt/aws_neuronx_venv_pytorch_2_9_nxd_inference/lib/python3.12/site-packages/neuronx_distributed/quantization/quantization_layers.py:414: UserWarning: Cannot find layers.8.self_attn.o_proj.o_proj.bias in the state_dict
  warnings.warn(f"Cannot find {(prefix + 'bias')} in the state_dict")
/opt/aws_neuronx_venv_pytorch_2_9_nxd_inference/lib/python3.12/site-packages/neuronx_distributed/quantization/quantization_layers.py:414: UserWarning: Cannot find layers.9.self_attn.qkv_proj.q_proj.bias in the state_dict
  warnings.warn(f"Cannot find {(prefix + 'bias')} in the state_dict")
/opt/aws_neuronx_venv_pytorch_2_9_nxd_inference/lib/python3.12/site-packages/neuronx_distributed/quantization/quantization_layers.py:414: UserWarning: Cannot find layers.9.self_attn.qkv_proj.k_proj.bias in the state_dict
  warnings.warn(f"Cannot find {(prefix + 'bias')} in the state_dict")
/opt/aws_neuronx_venv_pytorch_2_9_nxd_inference/lib/python3.12/site-packages/neuronx_distributed/quantization/quantization_layers.py:414: UserWarning: Cannot find layers.9.self_attn.qkv_proj.v_proj.bias in the state_dict
  warnings.warn(f"Cannot find {(prefix + 'bias')} in the state_dict")
/opt/aws_neuronx_venv_pytorch_2_9_nxd_inference/lib/python3.12/site-packages/neuronx_distributed/quantization/quantization_layers.py:414: UserWarning: Cannot find layers.9.self_attn.o_proj.o_proj.bias in the state_dict
  warnings.warn(f"Cannot find {(prefix + 'bias')} in the state_dict")
/opt/aws_neuronx_venv_pytorch_2_9_nxd_inference/lib/python3.12/site-packages/neuronx_distributed/quantization/quantization_layers.py:414: UserWarning: Cannot find layers.10.self_attn.qkv_proj.q_proj.bias in the state_dict
  warnings.warn(f"Cannot find {(prefix + 'bias')} in the state_dict")
/opt/aws_neuronx_venv_pytorch_2_9_nxd_inference/lib/python3.12/site-packages/neuronx_distributed/quantization/quantization_layers.py:414: UserWarning: Cannot find layers.10.self_attn.qkv_proj.k_proj.bias in the state_dict
  warnings.warn(f"Cannot find {(prefix + 'bias')} in the state_dict")
/opt/aws_neuronx_venv_pytorch_2_9_nxd_inference/lib/python3.12/site-packages/neuronx_distributed/quantization/quantization_layers.py:414: UserWarning: Cannot find layers.10.self_attn.qkv_proj.v_proj.bias in the state_dict
  warnings.warn(f"Cannot find {(prefix + 'bias')} in the state_dict")
/opt/aws_neuronx_venv_pytorch_2_9_nxd_inference/lib/python3.12/site-packages/neuronx_distributed/quantization/quantization_layers.py:414: UserWarning: Cannot find layers.10.self_attn.o_proj.o_proj.bias in the state_dict
  warnings.warn(f"Cannot find {(prefix + 'bias')} in the state_dict")
/opt/aws_neuronx_venv_pytorch_2_9_nxd_inference/lib/python3.12/site-packages/neuronx_distributed/quantization/quantization_layers.py:414: UserWarning: Cannot find layers.11.self_attn.qkv_proj.q_proj.bias in the state_dict
  warnings.warn(f"Cannot find {(prefix + 'bias')} in the state_dict")
/opt/aws_neuronx_venv_pytorch_2_9_nxd_inference/lib/python3.12/site-packages/neuronx_distributed/quantization/quantization_layers.py:414: UserWarning: Cannot find layers.11.self_attn.qkv_proj.k_proj.bias in the state_dict
  warnings.warn(f"Cannot find {(prefix + 'bias')} in the state_dict")
/opt/aws_neuronx_venv_pytorch_2_9_nxd_inference/lib/python3.12/site-packages/neuronx_distributed/quantization/quantization_layers.py:414: UserWarning: Cannot find layers.11.self_attn.qkv_proj.v_proj.bias in the state_dict
  warnings.warn(f"Cannot find {(prefix + 'bias')} in the state_dict")
/opt/aws_neuronx_venv_pytorch_2_9_nxd_inference/lib/python3.12/site-packages/neuronx_distributed/quantization/quantization_layers.py:414: UserWarning: Cannot find layers.11.self_attn.o_proj.o_proj.bias in the state_dict
  warnings.warn(f"Cannot find {(prefix + 'bias')} in the state_dict")
/opt/aws_neuronx_venv_pytorch_2_9_nxd_inference/lib/python3.12/site-packages/neuronx_distributed/quantization/quantization_layers.py:414: UserWarning: Cannot find layers.12.self_attn.qkv_proj.q_proj.bias in the state_dict
  warnings.warn(f"Cannot find {(prefix + 'bias')} in the state_dict")
/opt/aws_neuronx_venv_pytorch_2_9_nxd_inference/lib/python3.12/site-packages/neuronx_distributed/quantization/quantization_layers.py:414: UserWarning: Cannot find layers.12.self_attn.qkv_proj.k_proj.bias in the state_dict
  warnings.warn(f"Cannot find {(prefix + 'bias')} in the state_dict")
/opt/aws_neuronx_venv_pytorch_2_9_nxd_inference/lib/python3.12/site-packages/neuronx_distributed/quantization/quantization_layers.py:414: UserWarning: Cannot find layers.12.self_attn.qkv_proj.v_proj.bias in the state_dict
  warnings.warn(f"Cannot find {(prefix + 'bias')} in the state_dict")
/opt/aws_neuronx_venv_pytorch_2_9_nxd_inference/lib/python3.12/site-packages/neuronx_distributed/quantization/quantization_layers.py:414: UserWarning: Cannot find layers.12.self_attn.o_proj.o_proj.bias in the state_dict
  warnings.warn(f"Cannot find {(prefix + 'bias')} in the state_dict")
/opt/aws_neuronx_venv_pytorch_2_9_nxd_inference/lib/python3.12/site-packages/neuronx_distributed/quantization/quantization_layers.py:414: UserWarning: Cannot find layers.13.self_attn.qkv_proj.q_proj.bias in the state_dict
  warnings.warn(f"Cannot find {(prefix + 'bias')} in the state_dict")
/opt/aws_neuronx_venv_pytorch_2_9_nxd_inference/lib/python3.12/site-packages/neuronx_distributed/quantization/quantization_layers.py:414: UserWarning: Cannot find layers.13.self_attn.qkv_proj.k_proj.bias in the state_dict
  warnings.warn(f"Cannot find {(prefix + 'bias')} in the state_dict")
/opt/aws_neuronx_venv_pytorch_2_9_nxd_inference/lib/python3.12/site-packages/neuronx_distributed/quantization/quantization_layers.py:414: UserWarning: Cannot find layers.13.self_attn.qkv_proj.v_proj.bias in the state_dict
  warnings.warn(f"Cannot find {(prefix + 'bias')} in the state_dict")
/opt/aws_neuronx_venv_pytorch_2_9_nxd_inference/lib/python3.12/site-packages/neuronx_distributed/quantization/quantization_layers.py:414: UserWarning: Cannot find layers.13.self_attn.o_proj.o_proj.bias in the state_dict
  warnings.warn(f"Cannot find {(prefix + 'bias')} in the state_dict")
/opt/aws_neuronx_venv_pytorch_2_9_nxd_inference/lib/python3.12/site-packages/neuronx_distributed/quantization/quantization_layers.py:414: UserWarning: Cannot find layers.14.self_attn.qkv_proj.q_proj.bias in the state_dict
  warnings.warn(f"Cannot find {(prefix + 'bias')} in the state_dict")
/opt/aws_neuronx_venv_pytorch_2_9_nxd_inference/lib/python3.12/site-packages/neuronx_distributed/quantization/quantization_layers.py:414: UserWarning: Cannot find layers.14.self_attn.qkv_proj.k_proj.bias in the state_dict
  warnings.warn(f"Cannot find {(prefix + 'bias')} in the state_dict")
/opt/aws_neuronx_venv_pytorch_2_9_nxd_inference/lib/python3.12/site-packages/neuronx_distributed/quantization/quantization_layers.py:414: UserWarning: Cannot find layers.14.self_attn.qkv_proj.v_proj.bias in the state_dict
  warnings.warn(f"Cannot find {(prefix + 'bias')} in the state_dict")
/opt/aws_neuronx_venv_pytorch_2_9_nxd_inference/lib/python3.12/site-packages/neuronx_distributed/quantization/quantization_layers.py:414: UserWarning: Cannot find layers.14.self_attn.o_proj.o_proj.bias in the state_dict
  warnings.warn(f"Cannot find {(prefix + 'bias')} in the state_dict")
/opt/aws_neuronx_venv_pytorch_2_9_nxd_inference/lib/python3.12/site-packages/neuronx_distributed/quantization/quantization_layers.py:414: UserWarning: Cannot find layers.15.self_attn.qkv_proj.q_proj.bias in the state_dict
  warnings.warn(f"Cannot find {(prefix + 'bias')} in the state_dict")
/opt/aws_neuronx_venv_pytorch_2_9_nxd_inference/lib/python3.12/site-packages/neuronx_distributed/quantization/quantization_layers.py:414: UserWarning: Cannot find layers.15.self_attn.qkv_proj.k_proj.bias in the state_dict
  warnings.warn(f"Cannot find {(prefix + 'bias')} in the state_dict")
/opt/aws_neuronx_venv_pytorch_2_9_nxd_inference/lib/python3.12/site-packages/neuronx_distributed/quantization/quantization_layers.py:414: UserWarning: Cannot find layers.15.self_attn.qkv_proj.v_proj.bias in the state_dict
  warnings.warn(f"Cannot find {(prefix + 'bias')} in the state_dict")
/opt/aws_neuronx_venv_pytorch_2_9_nxd_inference/lib/python3.12/site-packages/neuronx_distributed/quantization/quantization_layers.py:414: UserWarning: Cannot find layers.15.self_attn.o_proj.o_proj.bias in the state_dict
  warnings.warn(f"Cannot find {(prefix + 'bias')} in the state_dict")
/opt/aws_neuronx_venv_pytorch_2_9_nxd_inference/lib/python3.12/site-packages/neuronx_distributed/quantization/quantization_layers.py:414: UserWarning: Cannot find layers.16.self_attn.qkv_proj.q_proj.bias in the state_dict
  warnings.warn(f"Cannot find {(prefix + 'bias')} in the state_dict")
/opt/aws_neuronx_venv_pytorch_2_9_nxd_inference/lib/python3.12/site-packages/neuronx_distributed/quantization/quantization_layers.py:414: UserWarning: Cannot find layers.16.self_attn.qkv_proj.k_proj.bias in the state_dict
  warnings.warn(f"Cannot find {(prefix + 'bias')} in the state_dict")
/opt/aws_neuronx_venv_pytorch_2_9_nxd_inference/lib/python3.12/site-packages/neuronx_distributed/quantization/quantization_layers.py:414: UserWarning: Cannot find layers.16.self_attn.qkv_proj.v_proj.bias in the state_dict
  warnings.warn(f"Cannot find {(prefix + 'bias')} in the state_dict")
/opt/aws_neuronx_venv_pytorch_2_9_nxd_inference/lib/python3.12/site-packages/neuronx_distributed/quantization/quantization_layers.py:414: UserWarning: Cannot find layers.16.self_attn.o_proj.o_proj.bias in the state_dict
  warnings.warn(f"Cannot find {(prefix + 'bias')} in the state_dict")
/opt/aws_neuronx_venv_pytorch_2_9_nxd_inference/lib/python3.12/site-packages/neuronx_distributed/quantization/quantization_layers.py:414: UserWarning: Cannot find layers.17.self_attn.qkv_proj.q_proj.bias in the state_dict
  warnings.warn(f"Cannot find {(prefix + 'bias')} in the state_dict")
/opt/aws_neuronx_venv_pytorch_2_9_nxd_inference/lib/python3.12/site-packages/neuronx_distributed/quantization/quantization_layers.py:414: UserWarning: Cannot find layers.17.self_attn.qkv_proj.k_proj.bias in the state_dict
  warnings.warn(f"Cannot find {(prefix + 'bias')} in the state_dict")
/opt/aws_neuronx_venv_pytorch_2_9_nxd_inference/lib/python3.12/site-packages/neuronx_distributed/quantization/quantization_layers.py:414: UserWarning: Cannot find layers.17.self_attn.qkv_proj.v_proj.bias in the state_dict
  warnings.warn(f"Cannot find {(prefix + 'bias')} in the state_dict")
/opt/aws_neuronx_venv_pytorch_2_9_nxd_inference/lib/python3.12/site-packages/neuronx_distributed/quantization/quantization_layers.py:414: UserWarning: Cannot find layers.17.self_attn.o_proj.o_proj.bias in the state_dict
  warnings.warn(f"Cannot find {(prefix + 'bias')} in the state_dict")
/opt/aws_neuronx_venv_pytorch_2_9_nxd_inference/lib/python3.12/site-packages/neuronx_distributed/quantization/quantization_layers.py:414: UserWarning: Cannot find layers.18.self_attn.qkv_proj.q_proj.bias in the state_dict
  warnings.warn(f"Cannot find {(prefix + 'bias')} in the state_dict")
/opt/aws_neuronx_venv_pytorch_2_9_nxd_inference/lib/python3.12/site-packages/neuronx_distributed/quantization/quantization_layers.py:414: UserWarning: Cannot find layers.18.self_attn.qkv_proj.k_proj.bias in the state_dict
  warnings.warn(f"Cannot find {(prefix + 'bias')} in the state_dict")
/opt/aws_neuronx_venv_pytorch_2_9_nxd_inference/lib/python3.12/site-packages/neuronx_distributed/quantization/quantization_layers.py:414: UserWarning: Cannot find layers.18.self_attn.qkv_proj.v_proj.bias in the state_dict
  warnings.warn(f"Cannot find {(prefix + 'bias')} in the state_dict")
/opt/aws_neuronx_venv_pytorch_2_9_nxd_inference/lib/python3.12/site-packages/neuronx_distributed/quantization/quantization_layers.py:414: UserWarning: Cannot find layers.18.self_attn.o_proj.o_proj.bias in the state_dict
  warnings.warn(f"Cannot find {(prefix + 'bias')} in the state_dict")
/opt/aws_neuronx_venv_pytorch_2_9_nxd_inference/lib/python3.12/site-packages/neuronx_distributed/quantization/quantization_layers.py:414: UserWarning: Cannot find layers.19.self_attn.qkv_proj.q_proj.bias in the state_dict
  warnings.warn(f"Cannot find {(prefix + 'bias')} in the state_dict")
/opt/aws_neuronx_venv_pytorch_2_9_nxd_inference/lib/python3.12/site-packages/neuronx_distributed/quantization/quantization_layers.py:414: UserWarning: Cannot find layers.19.self_attn.qkv_proj.k_proj.bias in the state_dict
  warnings.warn(f"Cannot find {(prefix + 'bias')} in the state_dict")
/opt/aws_neuronx_venv_pytorch_2_9_nxd_inference/lib/python3.12/site-packages/neuronx_distributed/quantization/quantization_layers.py:414: UserWarning: Cannot find layers.19.self_attn.qkv_proj.v_proj.bias in the state_dict
  warnings.warn(f"Cannot find {(prefix + 'bias')} in the state_dict")
/opt/aws_neuronx_venv_pytorch_2_9_nxd_inference/lib/python3.12/site-packages/neuronx_distributed/quantization/quantization_layers.py:414: UserWarning: Cannot find layers.19.self_attn.o_proj.o_proj.bias in the state_dict
  warnings.warn(f"Cannot find {(prefix + 'bias')} in the state_dict")
/opt/aws_neuronx_venv_pytorch_2_9_nxd_inference/lib/python3.12/site-packages/neuronx_distributed/quantization/quantization_layers.py:414: UserWarning: Cannot find layers.20.self_attn.qkv_proj.q_proj.bias in the state_dict
  warnings.warn(f"Cannot find {(prefix + 'bias')} in the state_dict")
/opt/aws_neuronx_venv_pytorch_2_9_nxd_inference/lib/python3.12/site-packages/neuronx_distributed/quantization/quantization_layers.py:414: UserWarning: Cannot find layers.20.self_attn.qkv_proj.k_proj.bias in the state_dict
  warnings.warn(f"Cannot find {(prefix + 'bias')} in the state_dict")
/opt/aws_neuronx_venv_pytorch_2_9_nxd_inference/lib/python3.12/site-packages/neuronx_distributed/quantization/quantization_layers.py:414: UserWarning: Cannot find layers.20.self_attn.qkv_proj.v_proj.bias in the state_dict
  warnings.warn(f"Cannot find {(prefix + 'bias')} in the state_dict")
/opt/aws_neuronx_venv_pytorch_2_9_nxd_inference/lib/python3.12/site-packages/neuronx_distributed/quantization/quantization_layers.py:414: UserWarning: Cannot find layers.20.self_attn.o_proj.o_proj.bias in the state_dict
  warnings.warn(f"Cannot find {(prefix + 'bias')} in the state_dict")
/opt/aws_neuronx_venv_pytorch_2_9_nxd_inference/lib/python3.12/site-packages/neuronx_distributed/quantization/quantization_layers.py:414: UserWarning: Cannot find layers.21.self_attn.qkv_proj.q_proj.bias in the state_dict
  warnings.warn(f"Cannot find {(prefix + 'bias')} in the state_dict")
/opt/aws_neuronx_venv_pytorch_2_9_nxd_inference/lib/python3.12/site-packages/neuronx_distributed/quantization/quantization_layers.py:414: UserWarning: Cannot find layers.21.self_attn.qkv_proj.k_proj.bias in the state_dict
  warnings.warn(f"Cannot find {(prefix + 'bias')} in the state_dict")
/opt/aws_neuronx_venv_pytorch_2_9_nxd_inference/lib/python3.12/site-packages/neuronx_distributed/quantization/quantization_layers.py:414: UserWarning: Cannot find layers.21.self_attn.qkv_proj.v_proj.bias in the state_dict
  warnings.warn(f"Cannot find {(prefix + 'bias')} in the state_dict")
/opt/aws_neuronx_venv_pytorch_2_9_nxd_inference/lib/python3.12/site-packages/neuronx_distributed/quantization/quantization_layers.py:414: UserWarning: Cannot find layers.21.self_attn.o_proj.o_proj.bias in the state_dict
  warnings.warn(f"Cannot find {(prefix + 'bias')} in the state_dict")
/opt/aws_neuronx_venv_pytorch_2_9_nxd_inference/lib/python3.12/site-packages/neuronx_distributed/quantization/quantization_layers.py:414: UserWarning: Cannot find layers.22.self_attn.qkv_proj.q_proj.bias in the state_dict
  warnings.warn(f"Cannot find {(prefix + 'bias')} in the state_dict")
/opt/aws_neuronx_venv_pytorch_2_9_nxd_inference/lib/python3.12/site-packages/neuronx_distributed/quantization/quantization_layers.py:414: UserWarning: Cannot find layers.22.self_attn.qkv_proj.k_proj.bias in the state_dict
  warnings.warn(f"Cannot find {(prefix + 'bias')} in the state_dict")
/opt/aws_neuronx_venv_pytorch_2_9_nxd_inference/lib/python3.12/site-packages/neuronx_distributed/quantization/quantization_layers.py:414: UserWarning: Cannot find layers.22.self_attn.qkv_proj.v_proj.bias in the state_dict
  warnings.warn(f"Cannot find {(prefix + 'bias')} in the state_dict")
/opt/aws_neuronx_venv_pytorch_2_9_nxd_inference/lib/python3.12/site-packages/neuronx_distributed/quantization/quantization_layers.py:414: UserWarning: Cannot find layers.22.self_attn.o_proj.o_proj.bias in the state_dict
  warnings.warn(f"Cannot find {(prefix + 'bias')} in the state_dict")
/opt/aws_neuronx_venv_pytorch_2_9_nxd_inference/lib/python3.12/site-packages/neuronx_distributed/quantization/quantization_layers.py:414: UserWarning: Cannot find layers.23.self_attn.qkv_proj.q_proj.bias in the state_dict
  warnings.warn(f"Cannot find {(prefix + 'bias')} in the state_dict")
/opt/aws_neuronx_venv_pytorch_2_9_nxd_inference/lib/python3.12/site-packages/neuronx_distributed/quantization/quantization_layers.py:414: UserWarning: Cannot find layers.23.self_attn.qkv_proj.k_proj.bias in the state_dict
  warnings.warn(f"Cannot find {(prefix + 'bias')} in the state_dict")
/opt/aws_neuronx_venv_pytorch_2_9_nxd_inference/lib/python3.12/site-packages/neuronx_distributed/quantization/quantization_layers.py:414: UserWarning: Cannot find layers.23.self_attn.qkv_proj.v_proj.bias in the state_dict
  warnings.warn(f"Cannot find {(prefix + 'bias')} in the state_dict")
/opt/aws_neuronx_venv_pytorch_2_9_nxd_inference/lib/python3.12/site-packages/neuronx_distributed/quantization/quantization_layers.py:414: UserWarning: Cannot find layers.23.self_attn.o_proj.o_proj.bias in the state_dict
  warnings.warn(f"Cannot find {(prefix + 'bias')} in the state_dict")
/opt/aws_neuronx_venv_pytorch_2_9_nxd_inference/lib/python3.12/site-packages/neuronx_distributed/quantization/quantization_layers.py:414: UserWarning: Cannot find layers.24.self_attn.qkv_proj.q_proj.bias in the state_dict
  warnings.warn(f"Cannot find {(prefix + 'bias')} in the state_dict")
/opt/aws_neuronx_venv_pytorch_2_9_nxd_inference/lib/python3.12/site-packages/neuronx_distributed/quantization/quantization_layers.py:414: UserWarning: Cannot find layers.24.self_attn.qkv_proj.k_proj.bias in the state_dict
  warnings.warn(f"Cannot find {(prefix + 'bias')} in the state_dict")
/opt/aws_neuronx_venv_pytorch_2_9_nxd_inference/lib/python3.12/site-packages/neuronx_distributed/quantization/quantization_layers.py:414: UserWarning: Cannot find layers.24.self_attn.qkv_proj.v_proj.bias in the state_dict
  warnings.warn(f"Cannot find {(prefix + 'bias')} in the state_dict")
/opt/aws_neuronx_venv_pytorch_2_9_nxd_inference/lib/python3.12/site-packages/neuronx_distributed/quantization/quantization_layers.py:414: UserWarning: Cannot find layers.24.self_attn.o_proj.o_proj.bias in the state_dict
  warnings.warn(f"Cannot find {(prefix + 'bias')} in the state_dict")
/opt/aws_neuronx_venv_pytorch_2_9_nxd_inference/lib/python3.12/site-packages/neuronx_distributed/quantization/quantization_layers.py:414: UserWarning: Cannot find layers.25.self_attn.qkv_proj.q_proj.bias in the state_dict
  warnings.warn(f"Cannot find {(prefix + 'bias')} in the state_dict")
/opt/aws_neuronx_venv_pytorch_2_9_nxd_inference/lib/python3.12/site-packages/neuronx_distributed/quantization/quantization_layers.py:414: UserWarning: Cannot find layers.25.self_attn.qkv_proj.k_proj.bias in the state_dict
  warnings.warn(f"Cannot find {(prefix + 'bias')} in the state_dict")
/opt/aws_neuronx_venv_pytorch_2_9_nxd_inference/lib/python3.12/site-packages/neuronx_distributed/quantization/quantization_layers.py:414: UserWarning: Cannot find layers.25.self_attn.qkv_proj.v_proj.bias in the state_dict
  warnings.warn(f"Cannot find {(prefix + 'bias')} in the state_dict")
/opt/aws_neuronx_venv_pytorch_2_9_nxd_inference/lib/python3.12/site-packages/neuronx_distributed/quantization/quantization_layers.py:414: UserWarning: Cannot find layers.25.self_attn.o_proj.o_proj.bias in the state_dict
  warnings.warn(f"Cannot find {(prefix + 'bias')} in the state_dict")
/opt/aws_neuronx_venv_pytorch_2_9_nxd_inference/lib/python3.12/site-packages/neuronx_distributed/quantization/quantization_layers.py:414: UserWarning: Cannot find layers.26.self_attn.qkv_proj.q_proj.bias in the state_dict
  warnings.warn(f"Cannot find {(prefix + 'bias')} in the state_dict")
/opt/aws_neuronx_venv_pytorch_2_9_nxd_inference/lib/python3.12/site-packages/neuronx_distributed/quantization/quantization_layers.py:414: UserWarning: Cannot find layers.26.self_attn.qkv_proj.k_proj.bias in the state_dict
  warnings.warn(f"Cannot find {(prefix + 'bias')} in the state_dict")
/opt/aws_neuronx_venv_pytorch_2_9_nxd_inference/lib/python3.12/site-packages/neuronx_distributed/quantization/quantization_layers.py:414: UserWarning: Cannot find layers.26.self_attn.qkv_proj.v_proj.bias in the state_dict
  warnings.warn(f"Cannot find {(prefix + 'bias')} in the state_dict")
/opt/aws_neuronx_venv_pytorch_2_9_nxd_inference/lib/python3.12/site-packages/neuronx_distributed/quantization/quantization_layers.py:414: UserWarning: Cannot find layers.26.self_attn.o_proj.o_proj.bias in the state_dict
  warnings.warn(f"Cannot find {(prefix + 'bias')} in the state_dict")
/opt/aws_neuronx_venv_pytorch_2_9_nxd_inference/lib/python3.12/site-packages/neuronx_distributed/quantization/quantization_layers.py:414: UserWarning: Cannot find layers.27.self_attn.qkv_proj.q_proj.bias in the state_dict
  warnings.warn(f"Cannot find {(prefix + 'bias')} in the state_dict")
/opt/aws_neuronx_venv_pytorch_2_9_nxd_inference/lib/python3.12/site-packages/neuronx_distributed/quantization/quantization_layers.py:414: UserWarning: Cannot find layers.27.self_attn.qkv_proj.k_proj.bias in the state_dict
  warnings.warn(f"Cannot find {(prefix + 'bias')} in the state_dict")
/opt/aws_neuronx_venv_pytorch_2_9_nxd_inference/lib/python3.12/site-packages/neuronx_distributed/quantization/quantization_layers.py:414: UserWarning: Cannot find layers.27.self_attn.qkv_proj.v_proj.bias in the state_dict
  warnings.warn(f"Cannot find {(prefix + 'bias')} in the state_dict")
/opt/aws_neuronx_venv_pytorch_2_9_nxd_inference/lib/python3.12/site-packages/neuronx_distributed/quantization/quantization_layers.py:414: UserWarning: Cannot find layers.27.self_attn.o_proj.o_proj.bias in the state_dict
  warnings.warn(f"Cannot find {(prefix + 'bias')} in the state_dict")
/opt/aws_neuronx_venv_pytorch_2_9_nxd_inference/lib/python3.12/site-packages/neuronx_distributed/quantization/quantization_layers.py:414: UserWarning: Cannot find layers.28.self_attn.qkv_proj.q_proj.bias in the state_dict
  warnings.warn(f"Cannot find {(prefix + 'bias')} in the state_dict")
/opt/aws_neuronx_venv_pytorch_2_9_nxd_inference/lib/python3.12/site-packages/neuronx_distributed/quantization/quantization_layers.py:414: UserWarning: Cannot find layers.28.self_attn.qkv_proj.k_proj.bias in the state_dict
  warnings.warn(f"Cannot find {(prefix + 'bias')} in the state_dict")
/opt/aws_neuronx_venv_pytorch_2_9_nxd_inference/lib/python3.12/site-packages/neuronx_distributed/quantization/quantization_layers.py:414: UserWarning: Cannot find layers.28.self_attn.qkv_proj.v_proj.bias in the state_dict
  warnings.warn(f"Cannot find {(prefix + 'bias')} in the state_dict")
/opt/aws_neuronx_venv_pytorch_2_9_nxd_inference/lib/python3.12/site-packages/neuronx_distributed/quantization/quantization_layers.py:414: UserWarning: Cannot find layers.28.self_attn.o_proj.o_proj.bias in the state_dict
  warnings.warn(f"Cannot find {(prefix + 'bias')} in the state_dict")
/opt/aws_neuronx_venv_pytorch_2_9_nxd_inference/lib/python3.12/site-packages/neuronx_distributed/quantization/quantization_layers.py:414: UserWarning: Cannot find layers.29.self_attn.qkv_proj.q_proj.bias in the state_dict
  warnings.warn(f"Cannot find {(prefix + 'bias')} in the state_dict")
/opt/aws_neuronx_venv_pytorch_2_9_nxd_inference/lib/python3.12/site-packages/neuronx_distributed/quantization/quantization_layers.py:414: UserWarning: Cannot find layers.29.self_attn.qkv_proj.k_proj.bias in the state_dict
  warnings.warn(f"Cannot find {(prefix + 'bias')} in the state_dict")
/opt/aws_neuronx_venv_pytorch_2_9_nxd_inference/lib/python3.12/site-packages/neuronx_distributed/quantization/quantization_layers.py:414: UserWarning: Cannot find layers.29.self_attn.qkv_proj.v_proj.bias in the state_dict
  warnings.warn(f"Cannot find {(prefix + 'bias')} in the state_dict")
/opt/aws_neuronx_venv_pytorch_2_9_nxd_inference/lib/python3.12/site-packages/neuronx_distributed/quantization/quantization_layers.py:414: UserWarning: Cannot find layers.29.self_attn.o_proj.o_proj.bias in the state_dict
  warnings.warn(f"Cannot find {(prefix + 'bias')} in the state_dict")
/opt/aws_neuronx_venv_pytorch_2_9_nxd_inference/lib/python3.12/site-packages/neuronx_distributed/quantization/quantization_layers.py:414: UserWarning: Cannot find layers.30.self_attn.qkv_proj.q_proj.bias in the state_dict
  warnings.warn(f"Cannot find {(prefix + 'bias')} in the state_dict")
/opt/aws_neuronx_venv_pytorch_2_9_nxd_inference/lib/python3.12/site-packages/neuronx_distributed/quantization/quantization_layers.py:414: UserWarning: Cannot find layers.30.self_attn.qkv_proj.k_proj.bias in the state_dict
  warnings.warn(f"Cannot find {(prefix + 'bias')} in the state_dict")
/opt/aws_neuronx_venv_pytorch_2_9_nxd_inference/lib/python3.12/site-packages/neuronx_distributed/quantization/quantization_layers.py:414: UserWarning: Cannot find layers.30.self_attn.qkv_proj.v_proj.bias in the state_dict
  warnings.warn(f"Cannot find {(prefix + 'bias')} in the state_dict")
/opt/aws_neuronx_venv_pytorch_2_9_nxd_inference/lib/python3.12/site-packages/neuronx_distributed/quantization/quantization_layers.py:414: UserWarning: Cannot find layers.30.self_attn.o_proj.o_proj.bias in the state_dict
  warnings.warn(f"Cannot find {(prefix + 'bias')} in the state_dict")
/opt/aws_neuronx_venv_pytorch_2_9_nxd_inference/lib/python3.12/site-packages/neuronx_distributed/quantization/quantization_layers.py:414: UserWarning: Cannot find layers.31.self_attn.qkv_proj.q_proj.bias in the state_dict
  warnings.warn(f"Cannot find {(prefix + 'bias')} in the state_dict")
/opt/aws_neuronx_venv_pytorch_2_9_nxd_inference/lib/python3.12/site-packages/neuronx_distributed/quantization/quantization_layers.py:414: UserWarning: Cannot find layers.31.self_attn.qkv_proj.k_proj.bias in the state_dict
  warnings.warn(f"Cannot find {(prefix + 'bias')} in the state_dict")
/opt/aws_neuronx_venv_pytorch_2_9_nxd_inference/lib/python3.12/site-packages/neuronx_distributed/quantization/quantization_layers.py:414: UserWarning: Cannot find layers.31.self_attn.qkv_proj.v_proj.bias in the state_dict
  warnings.warn(f"Cannot find {(prefix + 'bias')} in the state_dict")
/opt/aws_neuronx_venv_pytorch_2_9_nxd_inference/lib/python3.12/site-packages/neuronx_distributed/quantization/quantization_layers.py:414: UserWarning: Cannot find layers.31.self_attn.o_proj.o_proj.bias in the state_dict
  warnings.warn(f"Cannot find {(prefix + 'bias')} in the state_dict")
/opt/aws_neuronx_venv_pytorch_2_9_nxd_inference/lib/python3.12/site-packages/neuronx_distributed/trace/trace.py:642: UserWarning: Removing redundant keys from checkpoint: ['layers.0.self_attn.q_proj.scale', 'layers.0.self_attn.k_proj.scale', 'layers.0.self_attn.v_proj.scale', 'layers.0.self_attn.o_proj.scale', 'layers.1.self_attn.q_proj.scale', 'layers.1.self_attn.k_proj.scale', 'layers.1.self_attn.v_proj.scale', 'layers.1.self_attn.o_proj.scale', 'layers.2.self_attn.q_proj.scale', 'layers.2.self_attn.k_proj.scale', 'layers.2.self_attn.v_proj.scale', 'layers.2.self_attn.o_proj.scale', 'layers.3.self_attn.q_proj.scale', 'layers.3.self_attn.k_proj.scale', 'layers.3.self_attn.v_proj.scale', 'layers.3.self_attn.o_proj.scale', 'layers.4.self_attn.q_proj.scale', 'layers.4.self_attn.k_proj.scale', 'layers.4.self_attn.v_proj.scale', 'layers.4.self_attn.o_proj.scale', 'layers.5.self_attn.q_proj.scale', 'layers.5.self_attn.k_proj.scale', 'layers.5.self_attn.v_proj.scale', 'layers.5.self_attn.o_proj.scale', 'layers.6.self_attn.q_proj.scale', 'layers.6.self_attn.k_proj.scale', 'layers.6.self_attn.v_proj.scale', 'layers.6.self_attn.o_proj.scale', 'layers.7.self_attn.q_proj.scale', 'layers.7.self_attn.k_proj.scale', 'layers.7.self_attn.v_proj.scale', 'layers.7.self_attn.o_proj.scale', 'layers.8.self_attn.q_proj.scale', 'layers.8.self_attn.k_proj.scale', 'layers.8.self_attn.v_proj.scale', 'layers.8.self_attn.o_proj.scale', 'layers.9.self_attn.q_proj.scale', 'layers.9.self_attn.k_proj.scale', 'layers.9.self_attn.v_proj.scale', 'layers.9.self_attn.o_proj.scale', 'layers.10.self_attn.q_proj.scale', 'layers.10.self_attn.k_proj.scale', 'layers.10.self_attn.v_proj.scale', 'layers.10.self_attn.o_proj.scale', 'layers.11.self_attn.q_proj.scale', 'layers.11.self_attn.k_proj.scale', 'layers.11.self_attn.v_proj.scale', 'layers.11.self_attn.o_proj.scale', 'layers.12.self_attn.q_proj.scale', 'layers.12.self_attn.k_proj.scale', 'layers.12.self_attn.v_proj.scale', 'layers.12.self_attn.o_proj.scale', 'layers.13.self_attn.q_proj.scale', 'layers.13.self_attn.k_proj.scale', 'layers.13.self_attn.v_proj.scale', 'layers.13.self_attn.o_proj.scale', 'layers.14.self_attn.q_proj.scale', 'layers.14.self_attn.k_proj.scale', 'layers.14.self_attn.v_proj.scale', 'layers.14.self_attn.o_proj.scale', 'layers.15.self_attn.q_proj.scale', 'layers.15.self_attn.k_proj.scale', 'layers.15.self_attn.v_proj.scale', 'layers.15.self_attn.o_proj.scale', 'layers.16.self_attn.q_proj.scale', 'layers.16.self_attn.k_proj.scale', 'layers.16.self_attn.v_proj.scale', 'layers.16.self_attn.o_proj.scale', 'layers.17.self_attn.q_proj.scale', 'layers.17.self_attn.k_proj.scale', 'layers.17.self_attn.v_proj.scale', 'layers.17.self_attn.o_proj.scale', 'layers.18.self_attn.q_proj.scale', 'layers.18.self_attn.k_proj.scale', 'layers.18.self_attn.v_proj.scale', 'layers.18.self_attn.o_proj.scale', 'layers.19.self_attn.q_proj.scale', 'layers.19.self_attn.k_proj.scale', 'layers.19.self_attn.v_proj.scale', 'layers.19.self_attn.o_proj.scale', 'layers.20.self_attn.q_proj.scale', 'layers.20.self_attn.k_proj.scale', 'layers.20.self_attn.v_proj.scale', 'layers.20.self_attn.o_proj.scale', 'layers.21.self_attn.q_proj.scale', 'layers.21.self_attn.k_proj.scale', 'layers.21.self_attn.v_proj.scale', 'layers.21.self_attn.o_proj.scale', 'layers.22.self_attn.q_proj.scale', 'layers.22.self_attn.k_proj.scale', 'layers.22.self_attn.v_proj.scale', 'layers.22.self_attn.o_proj.scale', 'layers.23.self_attn.q_proj.scale', 'layers.23.self_attn.k_proj.scale', 'layers.23.self_attn.v_proj.scale', 'layers.23.self_attn.o_proj.scale', 'layers.24.self_attn.q_proj.scale', 'layers.24.self_attn.k_proj.scale', 'layers.24.self_attn.v_proj.scale', 'layers.24.self_attn.o_proj.scale', 'layers.25.self_attn.q_proj.scale', 'layers.25.self_attn.k_proj.scale', 'layers.25.self_attn.v_proj.scale', 'layers.25.self_attn.o_proj.scale', 'layers.26.self_attn.q_proj.scale', 'layers.26.self_attn.k_proj.scale', 'layers.26.self_attn.v_proj.scale', 'layers.26.self_attn.o_proj.scale', 'layers.27.self_attn.q_proj.scale', 'layers.27.self_attn.k_proj.scale', 'layers.27.self_attn.v_proj.scale', 'layers.27.self_attn.o_proj.scale', 'layers.28.self_attn.q_proj.scale', 'layers.28.self_attn.k_proj.scale', 'layers.28.self_attn.v_proj.scale', 'layers.28.self_attn.o_proj.scale', 'layers.29.self_attn.q_proj.scale', 'layers.29.self_attn.k_proj.scale', 'layers.29.self_attn.v_proj.scale', 'layers.29.self_attn.o_proj.scale', 'layers.30.self_attn.q_proj.scale', 'layers.30.self_attn.k_proj.scale', 'layers.30.self_attn.v_proj.scale', 'layers.30.self_attn.o_proj.scale', 'layers.31.self_attn.q_proj.scale', 'layers.31.self_attn.k_proj.scale', 'layers.31.self_attn.v_proj.scale', 'layers.31.self_attn.o_proj.scale', 'layers.19.self_attn.q_proj.weight', 'layers.0.self_attn.o_proj.weight', 'layers.23.self_attn.q_proj.weight', 'layers.24.self_attn.q_proj.weight', 'layers.27.self_attn.q_proj.weight', 'layers.25.self_attn.v_proj.weight', 'layers.30.self_attn.q_proj.weight', 'layers.3.self_attn.k_proj.weight', 'layers.30.self_attn.k_proj.weight', 'layers.18.self_attn.o_proj.weight', 'layers.14.self_attn.k_proj.weight', 'layers.0.self_attn.v_proj.weight', 'layers.5.self_attn.v_proj.weight', 'layers.13.self_attn.o_proj.weight', 'layers.5.self_attn.k_proj.weight', 'layers.22.self_attn.q_proj.weight', 'layers.13.self_attn.q_proj.weight', 'layers.28.self_attn.o_proj.weight', 'layers.20.self_attn.o_proj.weight', 'layers.3.self_attn.v_proj.weight', 'layers.18.self_attn.v_proj.weight', 'layers.23.self_attn.o_proj.weight', 'layers.31.self_attn.o_proj.weight', 'layers.17.self_attn.k_proj.weight', 'layers.3.self_attn.q_proj.weight', 'layers.9.self_attn.q_proj.weight', 'layers.10.self_attn.k_proj.weight', 'layers.26.self_attn.k_proj.weight', 'layers.12.self_attn.k_proj.weight', 'layers.25.self_attn.o_proj.weight', 'layers.23.self_attn.v_proj.weight', 'layers.29.self_attn.v_proj.weight', 'layers.5.self_attn.q_proj.weight', 'layers.26.self_attn.o_proj.weight', 'layers.17.self_attn.q_proj.weight', 'layers.16.self_attn.k_proj.weight', 'layers.8.self_attn.k_proj.weight', 'layers.11.self_attn.v_proj.weight', 'layers.29.self_attn.o_proj.weight', 'layers.21.self_attn.v_proj.weight', 'layers.4.self_attn.k_proj.weight', 'layers.31.self_attn.v_proj.weight', 'layers.0.self_attn.q_proj.weight', 'layers.8.self_attn.o_proj.weight', 'layers.13.self_attn.k_proj.weight', 'layers.29.self_attn.k_proj.weight', 'layers.21.self_attn.o_proj.weight', 'layers.11.self_attn.k_proj.weight', 'layers.24.self_attn.k_proj.weight', 'layers.19.self_attn.k_proj.weight', 'layers.27.self_attn.o_proj.weight', 'layers.14.self_attn.o_proj.weight', 'layers.25.self_attn.k_proj.weight', 'layers.19.self_attn.v_proj.weight', 'layers.22.self_attn.k_proj.weight', 'layers.28.self_attn.v_proj.weight', 'layers.21.self_attn.q_proj.weight', 'layers.24.self_attn.o_proj.weight', 'layers.25.self_attn.q_proj.weight', 'layers.31.self_attn.q_proj.weight', 'layers.9.self_attn.v_proj.weight', 'layers.15.self_attn.v_proj.weight', 'layers.15.self_attn.k_proj.weight', 'layers.2.self_attn.q_proj.weight', 'layers.2.self_attn.o_proj.weight', 'layers.27.self_attn.k_proj.weight', 'layers.10.self_attn.o_proj.weight', 'layers.2.self_attn.v_proj.weight', 'layers.13.self_attn.v_proj.weight', 'layers.21.self_attn.k_proj.weight', 'layers.24.self_attn.v_proj.weight', 'layers.30.self_attn.v_proj.weight', 'layers.18.self_attn.k_proj.weight', 'layers.10.self_attn.v_proj.weight', 'layers.16.self_attn.o_proj.weight', 'layers.6.self_attn.v_proj.weight', 'layers.10.self_attn.q_proj.weight', 'layers.16.self_attn.v_proj.weight', 'layers.26.self_attn.v_proj.weight', 'layers.4.self_attn.q_proj.weight', 'layers.19.self_attn.o_proj.weight', 'layers.20.self_attn.k_proj.weight', 'layers.4.self_attn.o_proj.weight', 'layers.17.self_attn.o_proj.weight', 'layers.1.self_attn.v_proj.weight', 'layers.7.self_attn.k_proj.weight', 'layers.22.self_attn.o_proj.weight', 'layers.14.self_attn.q_proj.weight', 'layers.28.self_attn.k_proj.weight', 'layers.6.self_attn.o_proj.weight', 'layers.5.self_attn.o_proj.weight', 'layers.28.self_attn.q_proj.weight', 'layers.1.self_attn.k_proj.weight', 'layers.1.self_attn.q_proj.weight', 'layers.3.self_attn.o_proj.weight', 'layers.20.self_attn.q_proj.weight', 'layers.18.self_attn.q_proj.weight', 'layers.23.self_attn.k_proj.weight', 'layers.12.self_attn.v_proj.weight', 'layers.7.self_attn.o_proj.weight', 'layers.31.self_attn.k_proj.weight', 'layers.15.self_attn.q_proj.weight', 'layers.4.self_attn.v_proj.weight', 'layers.29.self_attn.q_proj.weight', 'layers.15.self_attn.o_proj.weight', 'layers.0.self_attn.k_proj.weight', 'layers.2.self_attn.k_proj.weight', 'layers.8.self_attn.q_proj.weight', 'layers.7.self_attn.v_proj.weight', 'layers.7.self_attn.q_proj.weight', 'layers.12.self_attn.q_proj.weight', 'layers.6.self_attn.k_proj.weight', 'layers.12.self_attn.o_proj.weight', 'layers.26.self_attn.q_proj.weight', 'layers.14.self_attn.v_proj.weight', 'layers.11.self_attn.q_proj.weight', 'layers.9.self_attn.o_proj.weight', 'layers.20.self_attn.v_proj.weight', 'layers.8.self_attn.v_proj.weight', 'layers.17.self_attn.v_proj.weight', 'layers.1.self_attn.o_proj.weight', 'layers.27.self_attn.v_proj.weight', 'layers.9.self_attn.k_proj.weight', 'layers.22.self_attn.v_proj.weight', 'layers.6.self_attn.q_proj.weight', 'layers.11.self_attn.o_proj.weight', 'layers.30.self_attn.o_proj.weight', 'layers.16.self_attn.q_proj.weight']
  warnings.warn(f"Removing redundant keys from checkpoint: {keys_to_delete}")
INFO:Neuron:Done Sharding weights in 66.19634767399998
INFO:Neuron:Finished weights loading in 76.29281674200001 seconds
INFO:Neuron:Warming up the model.
2026-Aug-20 07:10:05.0059 2089:2280 [1] int nccl_net_ofi_create_plugin(nccl_net_ofi_plugin_t**):273 CCOM WARN NET/OFI Failed to initialize rdma protocol
2026-Aug-20 07:10:05.0064 2089:2280 [1] int nccl_net_ofi_create_plugin(nccl_net_ofi_plugin_t**):416 CCOM WARN NET/OFI aws-ofi-nccl initialization failed
2026-Aug-20 07:10:05.0070 2089:2280 [1] ncclResult_t nccl_net_ofi_init(ncclDebugLogger_t):78 CCOM WARN NET/OFI Initializing plugin failed
2026-Aug-20 07:10:05.0074 2089:2280 [1] net_plugin.cc:104 CCOM WARN OFI plugin initNet() failed is EFA enabled?
INFO:Neuron:Warmup completed in 0.8140501976013184 seconds.
The following generation flags are not valid and may be ignored: ['top_k']. Set `TRANSFORMERS_VERBOSITY=info` for more details.
Total model loading time: 77.52048389099991 seconds

Skipping accuracy check
Traceback (most recent call last):
  File "/opt/np/ppl_harness.py", line 114, in <module>
    sys.exit(main())
             ^^^^^^
  File "/opt/aws_neuronx_venv_pytorch_2_9_nxd_inference/lib/python3.12/site-packages/neuronx_distributed_inference/inference_demo.py", line 799, in main
    run_inference(model_cls, args)
  File "/opt/aws_neuronx_venv_pytorch_2_9_nxd_inference/lib/python3.12/site-packages/neuronx_distributed_inference/inference_demo.py", line 652, in run_inference
    run_generation(
  File "/opt/np/ppl_harness.py", line 51, in ppl
    from datasets import load_dataset
ModuleNotFoundError: No module named 'datasets'
